player,pos,team,opp,game,played,p_active,status,proxy,pass_cmp_mean,pass_cmp_p25,pass_cmp_p75,pass_cmp_conf,pass_yds_mean,pass_yds_p25,pass_yds_p75,pass_yds_conf,pass_td_mean,pass_td_p25,pass_td_p75,pass_td_conf,rush_td_mean,any_td_pct,exp_td,td_conf,rush_yds_mean,rush_yds_p25,rush_yds_p75,rush_yds_conf,rec_yds_mean,rec_yds_p25,rec_yds_p75,rec_yds_conf,rec_mean,rec_p25,rec_p75,rec_conf,rec_td_mean,rush_att_mean,tgt_mean,car_sh,tgt_sh,any_td_pct_wt
Jalon Daniels,QB,TB,DAL,TB@DAL,False,1.0,,False,22.76695,20.0,26.0,63.0,249.85319791047172,190.86680949935803,297.8652311045637,58.0,1.1136,0.0,2.0,17.0,0.0952,0.09185,0.0952,30,,,,,,,,,,,,,,,,,,0.09185
Payne Durham,TE,TB,DAL,TB@DAL,False,1.0,,False,,,,,,,,,,,,,0.0,0.0083,0.0083,1,0.0,0.0,0.0,61.0,2.455106604177924,0.0,0.0,61.0,0.2362,0.0,0.0,61.0,0.0083,0.0,0.34685,0.003287353969414842,0.009318311268794476,0.0083
Emeka Egbuka,WR,TB,DAL,TB@DAL,False,1.0,,False,,,,,,,,,,,,,0.0049,0.2062,0.22705,52,0.935186160024505,0.0,0.0,93.0,53.7952569949601,27.006965810657793,73.63743188653189,67.0,4.10475,3.0,5.0,78.0,0.22215,0.1834,6.8449,0.007670492595301297,0.20209923074861524,0.2062
Kenny Gainwell,RB,TB,DAL,TB@DAL,False,1.0,,False,,,,,,,,,,,,,0.09655,0.204,0.22475,45,16.144762190906512,5.325920795284951,22.046059695052133,50.0,18.093400893314822,5.841100829306629,26.430746230449877,47.0,2.4022,1.0,3.0,56.0,0.1282,3.71805,3.1525,0.14945060347026437,0.09088058916832992,0.204
Chris Godwin Jr.,WR,TB,DAL,TB@DAL,False,1.0,,False,,,,,,,,,,,,,0.00805,0.12445,0.132,27,1.5656580990635791,0.0,0.0,84.0,37.909820528620386,16.749486615013694,52.91005450329688,56.0,3.3902,2.0,5.0,58.0,0.12395,0.3213,5.16535,0.013149415877659368,0.15223889395602858,0.12445
Ted Hurst III,WR,TB,DAL,TB@DAL,False,1.0,,False,,,,,,,,,,,,,0.0,0.12715,0.1338,35,0.0,0.0,0.0,82.0,35.08314062797582,12.451102381550804,50.27165142980982,49.0,2.5365,1.0,4.0,46.0,0.1338,0.0,4.08095,0.003287353969414842,0.12114458694794951,0.12715
Bucky Irving,RB,TB,DAL,TB@DAL,False,1.0,,False,,,,,,,,,,,,,0.3676,0.42115,0.5292,81,62.49906559760277,40.91580593237271,79.36513884234301,76.0,22.346456480184436,8.461707293836497,31.939567533558446,62.0,2.82105,1.0,4.0,62.0,0.1616,13.1274,3.6266,0.5290940125963268,0.10557880874949259,0.42115
Kameron Johnson,WR,TB,DAL,TB@DAL,False,1.0,,False,,,,,,,,,,,,,0.0,0.01515,0.0152,3,0.0,0.0,0.0,63.0,5.12437536044157,0.0,5.401573380642869,31.0,0.40235,0.0,1.0,3.0,0.0152,0.0,0.63255,0.003287353969414842,0.018780290334762667,0.01515
Tez Johnson,WR,TB,DAL,TB@DAL,False,1.0,,False,,,,,,,,,,,,,0.00875,0.0974,0.1025,24,1.5010608524582443,0.0,0.0,72.0,19.173190091700413,0.0,28.814330497327724,27.0,1.4469,0.0,2.0,31.0,0.09375,0.3085,2.3179,0.012301066466197472,0.06821727053543897,0.0974
Ko Kieft,TE,TB,DAL,TB@DAL,False,0.9479829842591244,Full,False,,,,,,,,,,,,,0.0,0.0054301982285955295,0.005482918599746942,1,0.0,0.0,0.0,57.0,1.5551482609369214,0.0,0.0,57.0,0.1499367355546183,0.0,0.0,57.0,0.005482918599746942,0.0,0.21805145508224377,0.0038352462976506485,0.005904605486318371,0.005147735521862601
Cade Otton,TE,TB,DAL,TB@DAL,False,1.0,,False,,,,,,,,,,,,,0.0,0.18665,0.20495,45,0.0,0.0,0.0,91.0,49.87401186172271,26.286347154178245,66.9913605029542,67.0,4.7763,3.0,6.0,72.0,0.20495,0.0,6.92115,0.003287353969414842,0.184557216811812,0.18665
Bauer Sharp,TE,TB,DAL,TB@DAL,False,1.0,,False,,,,,,,,,,,,,0.0,0.00305,0.00305,1,0.0,0.0,0.0,60.0,1.0765285029813776,0.0,0.0,60.0,0.1031,0.0,0.0,60.0,0.00305,0.0,0.15095,0.003287353969414842,0.0038560688890242425,0.00305
Sean Tucker,RB,TB,DAL,TB@DAL,False,1.0,,False,,,,,,,,,,,,,0.06145,0.06545,0.06745,18,6.359677863661326,0.0,8.753465289836978,20.0,1.7140762013865978,0.0,0.0,62.0,0.2184,0.0,0.0,62.0,0.006,1.36575,0.28835,0.05437529994803188,0.008240622121029903,0.06545
Josh Williams,RB,TB,DAL,TB@DAL,False,1.0,,False,,,,,,,,,,,,,0.0,0.00365,0.00365,1,0.0,0.0,0.0,60.0,0.8359308679773636,0.0,0.0,60.0,0.1104,0.0,0.0,60.0,0.00365,0.0,0.1472,0.0037781466713654385,0.004279524024042941,0.00365
Dak Prescott,QB,DAL,TB,TB@DAL,False,1.0,,False,22.3726,19.0,25.0,92.0,229.95699514633426,173.80699942900657,275.1605797279683,87.0,1.8374,1.0,3.0,67.0,0.11915,0.11255,0.11915,62,,,,,,,,,,,,,,,,,,0.11255
Emari Demercado,RB,DAL,TB,TB@DAL,False,1.0,,False,,,,,,,,,,,,,0.108,0.12445,0.132,9,13.04017175413693,3.4349665786189947,17.59685474271422,30.0,2.8907276696818736,0.0,3.0806895251350563,31.0,0.4179,0.0,1.0,3.0,0.024,3.18005,0.5478,0.12353996795378273,0.015791255399411376,0.12445
Jake Ferguson,TE,DAL,TB,TB@DAL,False,1.0,,False,,,,,,,,,,,,,0.0,0.25145,0.28855,48,0.0,0.0,0.0,84.0,27.80947013083204,11.61434097984998,38.87515007090366,55.0,3.3043,2.0,5.0,57.0,0.28855,0.0,4.45385,0.003240218807938776,0.12569182489849864,0.25145
Ryan Flournoy,WR,DAL,TB,TB@DAL,False,1.0,,False,,,,,,,,,,,,,0.0,0.2801,0.3222,68,0.0,0.0,0.0,97.0,31.95217005634069,13.37531181959248,44.7088519216923,67.0,3.1609,2.0,4.0,78.0,0.3222,0.0,4.76415,0.003240218807938776,0.1344436003442413,0.2801
Tyler Goodson,RB,DAL,TB,TB@DAL,False,0.9508674235277402,Full,False,,,,,,,,,,,,,0.12582711900010504,0.1435248398277492,0.15318769036865876,13,14.354070753319276,4.348863077201924,19.058919953852172,35.0,3.8986542630268035,0.0,5.510485352441265,24.0,0.5739418128347863,0.0,1.0,14.0,0.027360571368553722,3.7177817456149564,0.7326961453628821,0.14611655240725888,0.021125895223643984,0.13647309465924345
CeeDee Lamb,WR,DAL,TB,TB@DAL,False,0.9479829842591244,Full,False,,,,,,,,,,,,,0.01094391244870041,0.42102493949279174,0.5332526570556666,73,1.336822705556478,0.0,0.0,95.0,77.96466246744319,45.74329955504419,102.09199657992671,74.0,6.309218141639482,4.0,8.0,77.0,0.5223087446069662,0.34531200673471535,9.097705987582868,0.013560915751743766,0.2609931179496327,0.399124478587894
Hunter Luepke,RB,DAL,TB,TB@DAL,False,1.0,,False,,,,,,,,,,,,,0.02705,0.04375,0.0444,3,2.8912879328212164,0.0,3.315756417035677,28.0,2.4998030944761687,0.0,1.7913829451329,41.0,0.36405,0.0,1.0,3.0,0.01735,0.75155,0.46235,0.029764246203682,0.013164480316647386,0.04375
Jonathan Mingo,WR,DAL,TB,TB@DAL,False,0.4981574884199691,Questionable; DNP,False,,,,,,,,,,,,,0.0,0.03245192307692308,0.032852564102564104,3,0.0,0.0,0.0,32.0,5.457797383854311,0.0,7.080567307041154,13.0,0.48046875,0.0,1.0,2.0,0.032852564102564104,0.0,0.7314703525641025,0.003240218807938776,0.022145294618225557,0.016166168494398038
George Pickens,WR,DAL,TB,TB@DAL,False,1.0,,False,,,,,,,,,,,,,0.0,0.30845,0.36375,60,0.0,0.0,0.0,97.0,59.66517405146621,31.493063389337195,80.45058269565504,75.0,4.81085,3.0,6.0,81.0,0.36375,0.0,7.22835,0.003240218807938776,0.20243366466953672,0.30845
Luke Schoonmaker,TE,DAL,TB,TB@DAL,False,1.0,,False,,,,,,,,,,,,,0.0,0.0305,0.0308,4,0.0,0.0,0.0,63.0,5.102861116241954,0.0,7.159710732251644,21.0,0.5519,0.0,1.0,9.0,0.0308,0.0,0.7905,0.003240218807938776,0.02232006296428136,0.0305
Brevyn Spann-Ford,TE,DAL,TB,TB@DAL,False,1.0,,False,,,,,,,,,,,,,0.0,0.04135,0.04205,7,0.0,0.0,0.0,66.0,7.490197872671628,0.0,11.612894964919626,20.0,0.81195,0.0,1.0,29.0,0.04205,0.0,1.142,0.003240218807938776,0.0319694367618813,0.04135
KaVontae Turpin,WR,DAL,TB,TB@DAL,False,1.0,,False,,,,,,,,,,,,,0.0304,0.1078,0.113,22,1.1800619868762385,0.0,0.0,65.0,12.221084994814987,0.0,18.76918984127999,19.0,0.9777,0.0,2.0,5.0,0.0826,0.3002,1.46825,0.011983666384916422,0.04116689372648019,0.1078
Javonte Williams,RB,DAL,TB,TB@DAL,False,1.0,,False,,,,,,,,,,,,,0.75295,0.63975,0.9714,85,52.9576703083553,32.52252969108996,68.02332988112578,80.0,16.461520274778795,6.128335162869764,23.49465833905718,68.0,2.8027,1.0,4.0,68.0,0.21845,14.42355,3.6731,0.5633079993770369,0.10518415146505598,0.63975
Jalen Hurts,QB,PHI,JAX,PHI@JAX,False,1.0,,False,18.7421,16.0,21.0,92.0,220.73264691594383,167.0080885390852,264.11297711707545,87.0,1.1968,0.0,2.0,50.0,0.1728,0.15905,0.1728,62,,,,,,,,,,,,,,,,,,0.15905
Saquon Barkley,RB,PHI,JAX,PHI@JAX,False,1.0,,False,,,,,,,,,,,,,0.28735,0.2963,0.34945,64,62.12987954994042,40.28049916408632,78.49042749963826,75.0,11.403581376821329,0.0,17.12384037640527,48.0,1.50345,0.0,2.0,53.0,0.0621,14.9906,2.117,0.43262906816732555,0.06458804284306881,0.2963
Marquise Brown,WR,PHI,JAX,PHI@JAX,False,1.0,,False,,,,,,,,,,,,,0.0102,0.06305,0.0642,1,2.333142989510622,0.0,2.0863377847501496,33.0,14.162683095829975,0.0,21.88686164479293,14.0,1.0782,0.0,2.0,4.0,0.054,0.60385,1.76085,0.01764017293992938,0.05272041830836792,0.06305
Darius Cooper,WR,PHI,JAX,PHI@JAX,False,1.0,,False,,,,,,,,,,,,,0.0,0.14175,0.15125,40,0.0,0.0,0.0,76.0,12.769104268879085,0.0,19.8648386566127,29.0,0.97645,0.0,2.0,16.0,0.15125,0.0,1.6358,0.003269221239832472,0.048662373019196126,0.14175
Britain Covey,WR,PHI,JAX,PHI@JAX,False,1.0,,False,,,,,,,,,,,,,0.0,0.0061,0.00615,1,0.0,0.0,0.0,60.0,1.678713649328428,0.0,0.0,60.0,0.12465,0.0,0.0,60.0,0.00615,0.0,0.2071,0.003269221239832472,0.006044617612485444,0.0061
Zach Ertz,TE,PHI,JAX,PHI@JAX,False,1.0,,False,,,,,,,,,,,,,0.0,0.12145,0.12975,14,0.0,0.0,0.0,68.0,25.095561920926563,8.359352065763897,36.23830426647767,35.0,2.37085,1.0,3.0,43.0,0.12975,0.0,3.60985,0.004576909735765461,0.11998560182124589,0.12145
Dallas Goedert,TE,PHI,JAX,PHI@JAX,False,1.0,,False,,,,,,,,,,,,,0.0,0.15965,0.1727,21,0.0,0.0,0.0,69.0,30.812217104079913,12.056127828182174,43.50684969337476,39.0,2.8582,2.0,4.0,48.0,0.1727,0.0,4.28125,0.004576909735765461,0.14248100154575033,0.15965
E.J. Jenkins,TE,PHI,JAX,PHI@JAX,False,1.0,,False,,,,,,,,,,,,,0.0,0.00285,0.00285,1,0.0,0.0,0.0,60.0,0.6141860522899004,0.0,0.0,60.0,0.0585,0.0,0.0,60.0,0.00285,0.0,0.08935,0.003269221239832472,0.002908121407983334,0.00285
Makai Lemon,WR,PHI,JAX,PHI@JAX,False,1.0,,False,,,,,,,,,,,,,0.0038,0.11605,0.12385,26,0.8303686765403238,0.0,0.0,84.0,28.62455862879727,9.922346893290857,41.3090029059003,51.0,2.46995,1.0,3.0,60.0,0.12005,0.2291,4.06135,0.00667466003132463,0.12135280513193081,0.11605
Johnny Mundt,TE,PHI,JAX,PHI@JAX,False,1.0,,False,,,,,,,,,,,,,0.0,0.02305,0.0234,7,0.0,0.0,0.0,66.0,5.351492334499482,0.0,7.261429393963459,26.0,0.5095,0.0,1.0,8.0,0.0234,0.0,0.7649,0.003269221239832472,0.025509007502868688,0.02305
Will Shipley,RB,PHI,JAX,PHI@JAX,False,1.0,,False,,,,,,,,,,,,,0.0954,0.1177,0.1248,58,13.13560925673616,3.5222195524983007,17.52604135866257,46.0,6.483415247378595,0.0,10.03869815301925,32.0,0.82775,0.0,1.0,42.0,0.0294,3.5605,1.1439,0.10242081262595748,0.03475311081167535,0.1177
DeVonta Smith,WR,PHI,JAX,PHI@JAX,False,1.0,,False,,,,,,,,,,,,,0.0,0.2384,0.2683,55,0.0,0.0,0.0,97.0,61.256179160938565,32.059567576787956,82.82798588830072,75.0,4.5847,3.0,6.0,80.0,0.2683,0.0,7.34605,0.0038140914464712176,0.2196699014943888,0.2384
Dontayvion Wicks,WR,PHI,JAX,PHI@JAX,False,1.0,,False,,,,,,,,,,,,,0.0,0.2107,0.23405,57,0.0,0.0,0.0,92.0,38.20203270091439,14.438335326841372,54.68173526907664,60.0,2.7097,1.0,4.0,59.0,0.23405,0.0,4.50635,0.003269221239832472,0.13463464780074746,0.2107
Trevor Lawrence,QB,JAX,PHI,PHI@JAX,False,1.0,,False,18.0367,15.0,21.0,90.0,202.7644852815967,151.87704226561212,243.55750594464646,86.0,1.47275,1.0,2.0,80.0,0.1022,0.0981,0.1022,62,,,,,,,,,,,,,,,,,,0.0981
Ameer Abdullah,RB,JAX,PHI,PHI@JAX,False,1.0,,False,,,,,,,,,,,,,0.05915,0.11205,0.11795,17,9.078404841177314,0.5982647873713827,12.576473992557531,31.0,4.80432350504686,0.0,7.302576758603831,25.0,0.68,0.0,1.0,27.0,0.0588,2.0427,0.9015,0.06508261724990548,0.031296401557482964,0.11205
LeQuint Allen Jr.,RB,JAX,PHI,PHI@JAX,False,0.9508674235277402,Full,False,,,,,,,,,,,,,0.010433133101485931,0.06064917272631468,0.06217725787754242,9,1.41277875345805,0.0,0.0,61.0,3.7343029257885183,0.0,5.1439956405300755,22.0,0.5154389292865423,0.0,1.0,6.0,0.051744124776056485,0.3293286963852882,0.6880071661924333,0.010772790204745926,0.023793769772415523,0.05766932260935974
Nate Boerkircher,TE,JAX,PHI,PHI@JAX,False,1.0,,False,,,,,,,,,,,,,0.0,0.06455,0.06685,13,0.0,0.0,0.0,66.0,7.174061649913934,0.0,11.165722202392416,20.0,0.725,0.0,1.0,25.0,0.06685,0.0,1.0487,0.0033053015952202052,0.03738291875188893,0.06455
Josh Cameron,WR,JAX,PHI,PHI@JAX,False,1.0,,False,,,,,,,,,,,,,0.0,0.1158,0.12215,22,0.0,0.0,0.0,70.0,14.191200095868568,0.0,21.62482292095444,24.0,1.1399,0.0,2.0,17.0,0.12215,0.0,1.77525,0.0033053015952202052,0.05783646588478995,0.1158
Jakobi Meyers,WR,JAX,PHI,PHI@JAX,False,0.9479829842591244,Full,False,,,,,,,,,,,,,0.006716733657711022,0.2626401523164798,0.2997144066003808,41,0.9504078908325865,0.0,0.0,80.0,42.2525403719495,19.434694488468196,58.43966954285084,53.0,3.611645864184472,2.0,5.0,56.0,0.29299767294266976,0.21176221705098372,5.4582187433890414,0.006748324090241252,0.1803647262275648,0.2489783953792475
Quintin Morris,TE,JAX,PHI,PHI@JAX,False,1.0,,False,,,,,,,,,,,,,0.0,0.0256,0.02595,4,0.0,0.0,0.0,63.0,4.343576148878608,0.0,5.299074379928697,27.0,0.4492,0.0,1.0,3.0,0.02595,0.0,0.65,0.0033053015952202052,0.02305625794337751,0.0256
Chris Rodriguez Jr.,RB,JAX,PHI,PHI@JAX,False,1.0,,False,,,,,,,,,,,,,0.32445,0.2847,0.3301,52,32.34320225989317,16.244474298851,43.02643677655573,52.0,0.6828880583065571,0.0,0.0,77.0,0.09565,0.0,0.0,77.0,0.00565,7.39615,0.12835,0.237229681979755,0.004562918953128341,0.2847
Brenton Strange,TE,JAX,PHI,PHI@JAX,False,1.0,,False,,,,,,,,,,,,,0.0,0.2327,0.26205,43,0.0,0.0,0.0,89.0,38.804930910705345,18.684611681431726,53.457170977251295,62.0,3.8046,2.0,5.0,65.0,0.26205,0.0,5.3874,0.0033053015952202052,0.1920058349909452,0.2327
Brian Thomas Jr.,WR,JAX,PHI,PHI@JAX,False,1.0,,False,,,,,,,,,,,,,0.0,0.1932,0.2134,30,0.0,0.0,0.0,82.0,37.397243500886916,15.060435669230417,52.777459449431696,52.0,2.92395,2.0,4.0,62.0,0.2134,0.0,4.8575,0.0033053015952202052,0.15772406346721526,0.1932
Bhayshul Tuten,RB,JAX,PHI,PHI@JAX,False,1.0,,False,,,,,,,,,,,,,0.5462,0.48115,0.63395,85,65.54754699502992,43.344274493436615,82.6140870734682,82.0,9.193415813533255,0.0,14.199432467662705,54.0,1.27375,0.0,2.0,53.0,0.08775,14.58245,1.6799,0.4677057200951923,0.057852987238084366,0.48115
Parker Washington,WR,JAX,PHI,PHI@JAX,False,1.0,,False,,,,,,,,,,,,,0.00645,0.3154,0.3721,66,0.9875627816735468,0.0,0.0,97.0,55.585223741643794,28.183762689388516,75.582837914213,74.0,4.1828,3.0,5.0,86.0,0.36565,0.23035,6.72115,0.007385920848578482,0.2195184884027325,0.3154
Caleb Williams,QB,CHI,GB,CHI@GB,False,0.98,DNP,False,18.823529411764707,16.0,22.0,69.0,204.65596032995734,154.45746948824467,246.0790956349739,66.0,1.0519989814107462,0.0,2.0,23.0,0.29900687547746374,0.25327221797810034,0.29900687547746374,39,,,,,,,,,,,,,,,,,,0.24820677361853832
Luther Burden III,WR,CHI,GB,CHI@GB,False,1.0,,False,,,,,,,,,,,,,0.018,0.23845,0.2704,82,2.8009082023817213,0.0,2.121070281182366,77.0,48.46287534194596,24.05168771252253,66.5347315934697,74.0,4.1531,3.0,5.0,85.0,0.2524,0.6312,6.1842,0.010494882669346561,0.19078742471437515,0.23845
Kaden Davis,WR,CHI,GB,CHI@GB,False,1.0,,False,,,,,,,,,,,,,0.0,0.00835,0.00835,1,0.0,0.0,0.0,60.0,2.396176931856693,0.0,0.0,60.0,0.20245,0.0,0.0,60.0,0.00835,0.0,0.31565,0.005363341994079816,0.009573433962276123,0.00835
Roschon Johnson,RB,CHI,GB,CHI@GB,False,1.0,,False,,,,,,,,,,,,,0.06705,0.08725,0.0922,21,6.349848846676757,0.0,8.195000635955374,25.0,1.9960106035195742,0.0,0.0,64.0,0.28265,0.0,0.0,64.0,0.02515,1.41505,0.3688,0.02354508875885919,0.011284707157814879,0.08725
Cole Kmet,TE,CHI,GB,CHI@GB,False,1.0,,False,,,,,,,,,,,,,0.0,0.0528,0.0541,12,0.0,0.0,0.0,71.0,14.359274827197426,0.0,21.632226076846266,26.0,1.46695,0.0,2.0,30.0,0.0541,0.0,2.1587,0.003064766853759895,0.07042647932975149,0.0528
Colston Loveland,TE,CHI,GB,CHI@GB,False,1.0,,False,,,,,,,,,,,,,0.0,0.1919,0.2117,65,0.0,0.0,0.0,89.0,33.3539943963194,14.942681014910947,46.46079077583084,60.0,3.43165,2.0,5.0,62.0,0.2117,0.0,4.92465,0.003064766853759895,0.16126204877221192,0.1919
Kyle Monangai,RB,CHI,GB,CHI@GB,False,0.5949864089398973,DNP,False,,,,,,,,,,,,,0.5759450754365146,0.47075775555178845,0.6295134768604849,52,66.57762691494777,37.74456685891592,88.62579835912675,46.0,7.482011902921826,0.0,11.641826604393955,32.0,1.0779793185285642,0.0,2.0,26.0,0.053568401423970166,12.869723681979996,1.4766062044414308,0.28303593843613295,0.04656533559162238,0.2800944664563646
Rome Odunze,WR,CHI,GB,CHI@GB,False,1.0,,False,,,,,,,,,,,,,0.0,0.17305,0.1866,46,0.0,0.0,0.0,92.0,52.0347796037184,24.889403115310824,71.8808067590944,65.0,3.793,2.0,5.0,68.0,0.1866,0.0,6.16855,0.003064766853759895,0.19009910417067508,0.17305
Kalif Raymond,WR,CHI,GB,CHI@GB,False,1.0,,False,,,,,,,,,,,,,0.0,0.17605,0.19305,62,0.0,0.0,0.0,97.0,37.53960997059041,16.794356582364674,52.39770720326512,68.0,3.4708,2.0,5.0,71.0,0.19305,0.0,5.00125,0.003064766853759895,0.15331887716269374,0.17605
Sam Roush,TE,CHI,GB,CHI@GB,False,1.0,,False,,,,,,,,,,,,,0.0,0.04085,0.04165,14,0.0,0.0,0.0,68.0,6.474782588273895,0.0,9.796937479350603,23.0,0.6884,0.0,1.0,24.0,0.04165,0.0,0.98965,0.003064766853759895,0.03251259118366673,0.04085
D'Andre Swift,RB,CHI,GB,CHI@GB,False,0.5949864089398973,DNP,False,,,,,,,,,,,,,0.7297886615229788,0.5674270379067426,0.8170915800067091,52,79.96123841980786,52.28410755302147,101.18540031284334,49.0,15.526523552977766,4.305347446391968,22.84417262753125,38.0,2.1138040925863804,1.0,3.0,43.0,0.08730291848373029,17.0489768534049,2.8082019456558203,0.4219069698864568,0.08955285868227841,0.3376113756195358
Zavion Thomas,WR,CHI,GB,CHI@GB,False,1.0,,False,,,,,,,,,,,,,0.0,0.0104,0.0104,2,0.0,0.0,0.0,62.0,2.8022682542449933,0.0,0.0,62.0,0.2509,0.0,0.0,62.0,0.0104,0.0,0.39145,0.003064766853759895,0.012153866782092057,0.0104
Jahdae Walker,WR,CHI,GB,CHI@GB,False,1.0,,False,,,,,,,,,,,,,0.0,0.0377,0.0384,7,0.0,0.0,0.0,62.0,6.199639397633312,0.0,8.90576401136889,19.0,0.5446,0.0,1.0,7.0,0.0384,0.0,0.83895,0.003064766853759895,0.025826891116866826,0.0377
Jordan Love,QB,GB,CHI,CHI@GB,False,1.0,,False,19.4461,17.0,22.0,92.0,241.40368865037382,180.9469996893058,289.7140489108064,86.0,1.6431,1.0,2.0,82.0,0.04045,0.0397,0.04045,62,,,,,,,,,,,,,,,,,,0.0397
Chris Brooks,RB,GB,CHI,CHI@GB,False,0.5949864089398973,DNP,False,,,,,,,,,,,,,0.1202925353059852,0.15223604572965702,0.1644250168123739,31,15.666211348395592,4.837720235609148,21.618255955142413,26.0,7.719386853869543,0.0,11.888229188145226,18.0,1.003782784129119,0.0,2.0,10.0,0.0441324815063887,3.2241089441829187,1.480665770006725,0.15953856584065562,0.03422908462649621,0.09057837815989861
Matthew Golden,WR,GB,CHI,CHI@GB,False,1.0,,False,,,,,,,,,,,,,0.00365,0.3162,0.3707,72,0.8436418165817595,0.0,0.0,97.0,58.70998303509089,29.956672403132938,80.20096919130393,74.0,4.239,3.0,6.0,79.0,0.36705,0.17565,7.7329,0.00812262644824608,0.18819997542987954,0.3162
Kaleb Johnson,RB,GB,CHI,CHI@GB,False,1.0,,False,,,,,,,,,,,,,0.15295,0.15715,0.1703,30,24.859848451674274,11.367472269171842,33.47538725926683,51.0,2.7415170027390148,0.0,1.6671616057489222,59.0,0.3556,0.0,1.0,17.0,0.01735,5.49,0.5228,0.253271826831261,0.012013840949086021,0.15715
Tucker Kraft,TE,GB,CHI,CHI@GB,False,1.0,,False,,,,,,,,,,,,,0.0175,0.2958,0.3436,70,0.8616932441081443,0.0,0.0,97.0,51.3886581782072,26.215495853625885,69.74283119368678,73.0,4.4666,3.0,6.0,78.0,0.3261,0.17715,7.22575,0.00812262644824608,0.18331362184689942,0.2958
MarShawn Lloyd,RB,GB,CHI,CHI@GB,False,1.0,,False,,,,,,,,,,,,,0.29655,0.3774,0.461,82,41.44148977139625,23.65766368621933,54.18172949911361,73.0,13.614945288978383,2.5450432039777295,20.29626028809698,56.0,1.83335,1.0,3.0,62.0,0.16445,10.0886,2.7006,0.4635748829249969,0.06274155331360505,0.3774
Bo Melton,WR,GB,CHI,CHI@GB,False,1.0,,False,,,,,,,,,,,,,0.0,0.04225,0.04285,7,0.0,0.0,0.0,66.0,9.125700678784153,0.0,14.190638117950586,20.0,0.71845,0.0,1.0,25.0,0.04285,0.0,1.27975,0.0034811256206768917,0.031053572215054115,0.04225
J. Michael Sturdivant,WR,GB,CHI,CHI@GB,False,1.0,,False,,,,,,,,,,,,,0.0,0.03545,0.03605,7,0.0,0.0,0.0,66.0,7.4696801883183115,0.0,10.938422654136769,22.0,0.6138,0.0,1.0,18.0,0.03605,0.0,1.0684,0.00406131322412304,0.025922737281007118,0.03545
Skyy Moore,WR,GB,CHI,CHI@GB,False,1.0,,False,,,,,,,,,,,,,0.0,0.1701,0.18615,45,0.0,0.0,0.0,81.0,17.899652204416277,0.15158028393357068,26.715304565053838,36.0,1.5195,1.0,2.0,61.0,0.18615,0.0,2.74505,0.0034811256206768917,0.06687632327675677,0.1701
Mark Redman,TE,GB,CHI,CHI@GB,False,1.0,,False,,,,,,,,,,,,,0.0,0.01715,0.0173,4,0.0,0.0,0.0,63.0,3.69616012137965,0.0,2.7951011763371705,41.0,0.35995,0.0,1.0,3.0,0.0173,0.0,0.5759,0.0034811256206768917,0.014614222037191142,0.01715
Jonnu Smith,TE,GB,CHI,CHI@GB,False,1.0,,False,,,,,,,,,,,,,0.0,0.0941,0.09905,18,0.0,0.0,0.0,71.0,14.589043623474394,0.0,22.00787810825672,26.0,1.459,0.0,2.0,30.0,0.09905,0.0,2.34465,0.0034811256206768917,0.06024863870336624,0.0941
Christian Watson,WR,GB,CHI,CHI@GB,False,1.0,,False,,,,,,,,,,,,,0.0,0.36565,0.44205,82,0.0,0.0,0.0,97.0,75.02685051218506,39.77561567687245,101.05440657646898,75.0,4.6807,3.0,6.0,81.0,0.44205,0.0,8.29415,0.0034811256206768917,0.20185851657403997,0.36565
Joe Burrow,QB,CIN,MIA,CIN@MIA,False,1.0,,False,25.60905,22.0,29.0,92.0,270.1428836391582,207.42102359676744,320.88980871023244,87.0,1.6319,1.0,2.0,82.0,0.0853,0.0822,0.0853,62,,,,,,,,,,,,,,,,,,0.0822
Erick All,TE,CIN,MIA,CIN@MIA,False,1.0,,False,,,,,,,,,,,,,0.0,0.02705,0.02755,5,0.0,0.0,0.0,65.0,6.156770450715158,0.0,8.80809617721222,22.0,0.6257,0.0,1.0,17.0,0.02755,0.0,0.8104,0.003539925613483851,0.01711712027769189,0.02705
Tahj Brooks,RB,CIN,MIA,CIN@MIA,False,1.0,,False,,,,,,,,,,,,,0.0156,0.02175,0.02195,1,2.282787685332899,0.0,2.0988318496606637,32.0,0.9428141654286183,0.0,0.0,60.0,0.1292,0.0,0.0,60.0,0.00635,0.5484,0.15275,0.022836924406049224,0.0034197594595343265,0.02175
Chase Brown,RB,CIN,MIA,CIN@MIA,False,1.0,,False,,,,,,,,,,,,,0.53005,0.54815,0.7626,85,58.8732198852855,37.725417699580845,74.38574745910303,81.0,32.859091166886806,16.47124381334668,44.60240120937365,74.0,4.8746,3.0,6.0,82.0,0.23255,15.32315,5.71925,0.6405465317026622,0.1314977498564562,0.54815
Ja'Marr Chase,WR,CIN,MIA,CIN@MIA,False,0.8055616699684496,DNP,False,,,,,,,,,,,,,0.0,0.36125751844732434,0.439139331555776,53,0.0,0.0,0.0,81.0,73.41495614696342,42.883066314833926,96.29148311101768,63.0,6.719290630619458,5.0,8.0,70.0,0.439139331555776,0.0,9.172195696657779,0.003539925613483851,0.22537391623472627,0.2910152098490846
Mike Gesicki,TE,CIN,MIA,CIN@MIA,False,1.0,,False,,,,,,,,,,,,,0.0,0.22935,0.2598,43,0.0,0.0,0.0,84.0,35.56542088717767,14.668724532848941,49.70798026880875,54.0,3.41755,2.0,5.0,58.0,0.2598,0.0,4.47515,0.003539925613483851,0.09498194128093662,0.22935
Tee Higgins,WR,CIN,MIA,CIN@MIA,False,0.8055616699684496,DNP,False,,,,,,,,,,,,,0.0,0.297031551434439,0.3445765137843052,44,0.0,0.0,0.0,81.0,82.52065401000765,45.3643464488043,109.95200116578873,62.0,5.76022154458896,4.0,7.0,68.0,0.3445765137843052,0.0,8.227643288319124,0.003539925613483851,0.20042997900290802,0.2392772326068461
Tanner Hudson,TE,CIN,MIA,CIN@MIA,False,1.0,,False,,,,,,,,,,,,,0.0,0.0843,0.08735,13,0.0,0.0,0.0,66.0,12.177507679798987,0.0,18.69755900815184,20.0,1.24785,0.0,2.0,18.0,0.08735,0.0,1.559,0.004129913215731159,0.03291161456846782,0.0843
Dohnte Meyers,WR,CIN,MIA,CIN@MIA,False,1.0,,False,,,,,,,,,,,,,0.0053,0.09855,0.10255,28,0.7837969788847484,0.0,0.0,86.0,24.272955292427202,5.308043234949487,35.56834808896803,48.0,2.00495,1.0,3.0,56.0,0.09725,0.1878,2.8183,0.007910204148649099,0.06480917799194279,0.09855
Samaje Perine,RB,CIN,MIA,CIN@MIA,False,1.0,,False,,,,,,,,,,,,,0.1676,0.2076,0.23065,38,19.70842185051277,7.929849057503364,26.25660072005615,51.0,11.92229876296309,0.0,17.81900465796633,34.0,1.60305,0.0,2.0,42.0,0.06305,4.9033,1.8879,0.20526079895628735,0.043335581664010574,0.2076
Drew Sample,TE,CIN,MIA,CIN@MIA,False,1.0,,False,,,,,,,,,,,,,0.0,0.0806,0.0836,14,0.0,0.0,0.0,68.0,10.812790887544637,0.0,16.62883146873987,22.0,1.1247,0.0,2.0,15.0,0.0836,0.0,1.43265,0.003539925613483851,0.03042267817445308,0.0806
Mitchell Tinsley,WR,CIN,MIA,CIN@MIA,False,1.0,,False,,,,,,,,,,,,,0.0,0.18285,0.20095,25,0.0,0.0,0.0,67.0,22.832969993393693,3.785812993257554,34.31148002914411,27.0,1.80975,1.0,3.0,34.0,0.20095,0.0,2.92115,0.006194869823596739,0.06741354678791864,0.18285
Ke'Shawn Williams,WR,CIN,MIA,CIN@MIA,False,1.0,,False,,,,,,,,,,,,,0.0,0.00595,0.00595,1,0.0,0.0,0.0,60.0,1.5013907557722346,0.0,0.0,60.0,0.124,0.0,0.0,60.0,0.00595,0.0,0.17625,0.006194869823596739,0.00412741017456581,0.00595
Colbie Young,WR,CIN,MIA,CIN@MIA,False,0.9575230478992892,Limited,False,,,,,,,,,,,,,0.0,0.018406191173394686,0.01856306212089521,3,0.0,0.0,0.0,61.0,5.341673983074754,0.0,6.11339404379981,28.0,0.45429826396151435,0.0,1.0,3.0,0.01856306212089521,0.0,0.637314369378791,0.004129913215731159,0.014532040035759766,0.017624352272565875
Malik Willis,QB,MIA,CIN,CIN@MIA,False,1.0,,False,16.50735,14.0,19.0,91.0,216.92044074788885,163.0018868059202,261.2007776913594,86.0,0.9154,0.0,1.0,67.0,0.1477,0.13775,0.1477,62,,,,,,,,,,,,,,,,,,0.13775
Chris Bell,WR,MIA,CIN,CIN@MIA,False,0.9575230478992892,Limited,False,,,,,,,,,,,,,0.0,0.10935867975767705,0.11468560685189054,22,0.0,0.0,0.0,77.0,36.52001948236533,12.16138275409869,52.62523679291337,46.0,2.3560685189053685,1.0,3.0,53.0,0.11468560685189054,0.0,4.252350114894506,0.003156639636909862,0.11786435793031069,0.10471345635581322
Kevin Coleman Jr.,WR,MIA,CIN,CIN@MIA,False,1.0,,False,,,,,,,,,,,,,0.0,0.11535,0.12125,23,0.0,0.0,0.0,76.0,25.630059619150536,5.500254172615625,37.46647363765926,39.0,1.8495,1.0,3.0,44.0,0.12125,0.0,3.38495,0.003156639636909862,0.0937732613290441,0.11535
Caleb Douglas,WR,MIA,CIN,CIN@MIA,False,0.8055616699684496,DNP,False,,,,,,,,,,,,,0.0,0.17396163158875022,0.18954491835847767,16,0.0,0.0,0.0,59.0,52.46512992922059,23.6680740170462,72.56692666301305,37.0,3.438318743403489,2.0,5.0,38.0,0.18954491835847767,0.0,5.969454274539021,0.004419295491673807,0.17234430603336268,0.14013682245306983
Greg Dulcich,TE,MIA,CIN,CIN@MIA,False,1.0,,False,,,,,,,,,,,,,0.0,0.16625,0.1822,32,0.0,0.0,0.0,79.0,31.697614119945268,10.882477026961935,45.559172115910535,46.0,2.53845,1.0,4.0,44.0,0.1822,0.0,3.9699,0.003156639636909862,0.09634596687614097,0.16625
Ollie Gordon II,RB,MIA,CIN,CIN@MIA,False,1.0,,False,,,,,,,,,,,,,0.35355,0.3272,0.3906,62,56.61127581257674,35.28421802532271,72.71112992437078,66.0,8.416276664003142,0.0,12.970646392466186,40.0,0.98895,0.0,2.0,26.0,0.03705,12.1065,1.44855,0.24174311254954098,0.03539247829399241,0.3272
DJ Herman,RB,MIA,CIN,CIN@MIA,False,1.0,,False,,,,,,,,,,,,,0.00755,0.0346,0.035,4,1.1810715356873287,0.0,0.0,64.0,6.080977241196683,0.0,9.18885856510881,19.0,0.6972,0.0,1.0,21.0,0.02745,0.25915,1.0277,0.005307124380015946,0.02491205840437122,0.0346
Will Kacmarek,TE,MIA,CIN,CIN@MIA,False,1.0,,False,,,,,,,,,,,,,0.0,0.0356,0.036,7,0.0,0.0,0.0,66.0,10.380000895730857,0.0,16.05263303243915,20.0,0.8865,0.0,1.0,33.0,0.036,0.0,1.42085,0.003156639636909862,0.03443170706299964,0.0356
Ryan Miller,WR,MIA,CIN,CIN@MIA,False,1.0,,False,,,,,,,,,,,,,0.0,0.0169,0.01695,7,0.0,0.0,0.0,66.0,7.1110134263411044,0.0,8.236592148186851,32.0,0.43755,0.0,1.0,6.0,0.01695,0.0,0.7624,0.003156639636909862,0.020734875645646546,0.0169
Jalen Tolbert,WR,MIA,CIN,CIN@MIA,False,1.0,,False,,,,,,,,,,,,,0.0,0.0347,0.0355,1,0.0,0.0,0.0,61.0,10.551677047780732,0.0,16.241890562574227,15.0,0.72685,0.0,1.0,20.0,0.0355,0.0,1.30225,0.004419295491673807,0.0363517144733051,0.0347
Malik Washington,WR,MIA,CIN,CIN@MIA,False,1.0,,False,,,,,,,,,,,,,0.076,0.2632,0.3013,60,5.71549875131696,0.0,7.578720977140538,60.0,51.75043551426736,25.63362005970418,70.79327329582357,74.0,4.12755,3.0,5.0,85.0,0.2253,1.24775,7.15915,0.025264691310566866,0.1983090704070458,0.2632
Jaylen Wright,RB,MIA,CIN,CIN@MIA,False,1.0,,False,,,,,,,,,,,,,0.2032,0.1968,0.2179,17,25.049475289388347,10.482641138766935,34.27977771388898,37.0,3.374278164530106,0.0,3.3727567015203825,35.0,0.394,0.0,1.0,5.0,0.0147,5.9378,0.5773,0.11830215969367812,0.013904828425627425,0.1968
Kirk Cousins,QB,LV,NE,LV@NE,False,1.0,,False,20.3339,17.0,23.0,91.0,220.45305507427162,167.72673140985077,262.5595227590446,87.0,1.3935,1.0,2.0,78.0,0.0295,0.02915,0.0295,62,,,,,,,,,,,,,,,,,,0.02915
Cody White,WR,LV,NE,LV@NE,False,1.0,,False,,,,,,,,,,,,,0.0,0.13235,0.14055,40,0.0,0.0,0.0,76.0,14.754276999308699,0.0,22.760259881524547,30.0,1.13835,0.0,2.0,23.0,0.14055,0.0,1.90365,0.0034255578784995926,0.054762679400640224,0.13235
Malik Benson,WR,LV,NE,LV@NE,False,1.0,,False,,,,,,,,,,,,,0.0023,0.0316,0.032,7,0.7825543366719975,0.0,0.0,66.0,7.437949865143159,0.0,10.76359505734451,23.0,0.58255,0.0,1.0,15.0,0.0297,0.18225,0.97465,0.006511646057328055,0.028399677261067607,0.0316
Brock Bowers,TE,LV,NE,LV@NE,False,1.0,,False,,,,,,,,,,,,,0.0,0.32975,0.3899,57,0.0,0.0,0.0,92.0,66.68407998442632,38.83575144798413,87.55656196962566,70.0,6.178,4.0,8.0,73.0,0.3899,0.0,9.2848,0.00479578102989943,0.25034393203975536,0.32975
Connor Heyward,RB,LV,NE,LV@NE,False,1.0,,False,,,,,,,,,,,,,0.0216,0.0281,0.02845,4,5.239992148056918,0.0,6.750517662608205,25.0,1.1786090515631942,0.0,0.0,64.0,0.15625,0.0,0.0,64.0,0.00685,1.32455,0.216,0.04752383222992902,0.006114776369486277,0.0281
Ashton Jeanty,RB,LV,NE,LV@NE,False,1.0,,False,,,,,,,,,,,,,0.3498,0.48895,0.647,85,63.25156547452466,41.26884474053898,80.18795152361557,82.0,27.970170828326413,12.979818022237948,38.7830664728319,72.0,3.68905,2.0,5.0,76.0,0.2972,16.7598,5.14515,0.6071335481671585,0.14573538844504513,0.48895
Dylan Laube,RB,LV,NE,LV@NE,False,1.0,,False,,,,,,,,,,,,,0.0027,0.00695,0.00695,1,0.8337951449666922,0.0,0.0,60.0,0.5970291112994002,0.0,0.0,60.0,0.07765,0.0,0.0,60.0,0.00425,0.19555,0.11005,0.007110179280823846,0.003048724462912178,0.00695
Michael Mayer,TE,LV,NE,LV@NE,False,1.0,,False,,,,,,,,,,,,,0.0,0.2084,0.2305,53,0.0,0.0,0.0,97.0,38.49678945466801,18.422489338544302,52.93891791430387,72.0,3.8601,2.0,5.0,75.0,0.2305,0.0,5.81335,0.0034255578784995926,0.156591426382505,0.2084
Jalen Nailor,WR,LV,NE,LV@NE,False,1.0,,False,,,,,,,,,,,,,0.0,0.1135,0.12045,25,0.0,0.0,0.0,78.0,23.75726645902235,4.6095419775700215,35.40530420641838,39.0,1.7965,1.0,3.0,44.0,0.12045,0.0,3.08395,0.0034255578784995926,0.08944908339636284,0.1135
Ian Thomas,TE,LV,NE,LV@NE,False,1.0,,False,,,,,,,,,,,,,0.0,0.0225,0.02265,5,0.0,0.0,0.0,65.0,5.015381248174208,0.0,6.458548954014287,26.0,0.48805,0.0,1.0,5.0,0.02265,0.0,0.7356,0.0034255578784995926,0.0198833975145798,0.0225
Tre Tucker,WR,LV,NE,LV@NE,False,1.0,,False,,,,,,,,,,,,,0.0,0.16935,0.1837,46,0.0,0.0,0.0,97.0,43.384930914856724,18.3939569857146,61.05841309204651,67.0,3.1416,2.0,4.0,78.0,0.1837,0.0,5.21325,0.0034255578784995926,0.15231366414891231,0.16935
Mike Washington Jr.,RB,LV,NE,LV@NE,False,1.0,,False,,,,,,,,,,,,,0.10705,0.11775,0.12465,44,28.950237290501466,14.073460609987658,38.76484607558906,54.0,2.923442884416824,0.0,2.913670146758466,50.0,0.3948,0.0,1.0,20.0,0.0176,6.29405,0.5526,0.2280741146327831,0.015570692276569792,0.11775
Dareke Young,WR,LV,NE,LV@NE,False,1.0,,False,,,,,,,,,,,,,0.0,0.0155,0.01555,5,0.0,0.0,0.0,65.0,4.130630416398161,0.0,0.0,65.0,0.3076,0.0,0.0,65.0,0.01555,0.0,0.51065,0.0034255578784995926,0.01503844061738861,0.0155
Drake Maye,QB,NE,LV,LV@NE,False,0.98,Full,False,17.231560717196412,15.0,20.0,89.0,202.34277093118385,149.7581404878395,243.90412825274504,84.0,1.6688060309698451,1.0,2.0,80.0,0.18841687041564792,0.17395069274653627,0.18841687041564792,60,,,,,,,,,,,,,,,,,,0.17047167889160553
Efton Chism III,WR,NE,LV,LV@NE,False,1.0,,False,,,,,,,,,,,,,0.0,0.09325,0.09745,18,0.0,0.0,0.0,71.0,10.175524034009019,0.0,15.679426797426615,25.0,0.78655,0.0,1.0,33.0,0.09745,0.0,1.3611,0.003499168491966171,0.03645230699516258,0.09325
Romeo Doubs,WR,NE,LV,LV@NE,False,1.0,,False,,,,,,,,,,,,,0.0,0.34795,0.41675,57,0.0,0.0,0.0,92.0,52.70043665370268,24.361162279196215,72.68733757773444,64.0,3.6224,2.0,5.0,67.0,0.41675,0.0,6.3172,0.002999287278828147,0.16788266977106447,0.34795
DeMario Douglas,WR,NE,LV,LV@NE,False,1.0,,False,,,,,,,,,,,,,0.0,0.2215,0.24695,41,0.0,0.0,0.0,87.0,30.079105596213264,9.557109039406408,43.50640457034747,53.0,2.2951,1.0,3.0,61.0,0.24695,0.0,3.99455,0.002999287278828147,0.106385942012053,0.2215
Reggie Gilliam,RB,NE,LV,LV@NE,False,0.9951309141019752,Limited,False,,,,,,,,,,,,,0.0,0.021744588961984633,0.022045899663536383,3,0.0,0.0,0.0,62.0,2.8517680686814284,0.0,2.079828530295022,41.0,0.3634811429719279,0.0,1.0,3.0,0.022045899663536383,0.0,0.5270426354642695,0.0030218523112235116,0.01456980222303602,0.02163871269051149
TreVeyon Henderson,RB,NE,LV,LV@NE,False,1.0,,False,,,,,,,,,,,,,0.36755,0.357,0.43105,43,55.26463081390767,34.5548924682656,71.03714137433067,69.0,8.05415292611104,0.0,12.379907405066882,43.0,1.0686,0.0,2.0,33.0,0.0635,11.8179,1.51955,0.39146713209197664,0.04155424563554903,0.357
Hunter Henry,TE,NE,LV,LV@NE,False,1.0,,False,,,,,,,,,,,,,0.0,0.20395,0.2265,32,0.0,0.0,0.0,84.0,32.34803440957639,12.621014317079474,45.80780514827294,53.0,2.89025,2.0,4.0,63.0,0.2265,0.0,4.5734,0.002999287278828147,0.1384559137814865,0.20395
Mack Hollins,WR,NE,LV,LV@NE,False,0.8055616699684496,DNP,False,,,,,,,,,,,,,0.0,0.31193400322540626,0.3634164495720134,46,0.0,0.0,0.0,74.0,41.033705278976086,16.932952102566034,57.71177783899471,50.0,3.067485423644709,2.0,4.0,58.0,0.3634164495720134,0.0,5.094095025431088,0.002999287278828147,0.1412286434015457,0.251282076558202
Corey Kiner,RB,NE,LV,LV@NE,False,1.0,,False,,,,,,,,,,,,,0.0823,0.0909,0.0946,12,12.44868022270936,2.9996754165322765,17.01135977041012,37.0,1.5185938034269537,0.0,0.0,71.0,0.19075,0.0,0.0,71.0,0.0123,2.92915,0.27835,0.0968969694497785,0.0076054612021585885,0.0909
Lan Larison,RB,NE,LV,LV@NE,False,1.0,,False,,,,,,,,,,,,,0.00435,0.05065,0.05145,2,0.777965709288672,0.0,0.0,62.0,5.845832702791772,0.0,8.838648874890993,16.0,0.7483,0.0,1.0,22.0,0.0471,0.1586,1.0802,0.005221600846862721,0.030049996242021704,0.05065
Cameron Latu,TE,NE,LV,LV@NE,False,1.0,,False,,,,,,,,,,,,,0.0,0.002,0.002,1,0.0,0.0,0.0,60.0,0.3254061665140964,0.0,0.0,60.0,0.0315,0.0,0.0,60.0,0.002,0.0,0.04995,0.002999287278828147,0.0015760740921569342,0.002
Eli Raridon,TE,NE,LV,LV@NE,False,1.0,,False,,,,,,,,,,,,,0.0,0.09515,0.09935,18,0.0,0.0,0.0,66.0,5.519690356718495,0.0,7.513401337358664,26.0,0.51495,0.0,1.0,8.0,0.09935,0.0,0.80715,0.003499168491966171,0.024336736714599332,0.09515
Rhamondre Stevenson,RB,NE,LV,LV@NE,False,0.9951309141019752,Limited,False,,,,,,,,,,,,,0.30813310545893235,0.37549009751683926,0.4628531215441842,55,38.512046035618425,21.162264169548415,50.84441888455642,76.0,22.596051161835636,7.868842081694753,32.37254099835533,67.0,2.6232029757715893,1.0,4.0,65.0,0.15472001608525182,8.398662913441239,3.706796018900171,0.2787494754744057,0.10072983615160054,0.37366180397817206
Kyle Williams,WR,NE,LV,LV@NE,False,1.0,,False,,,,,,,,,,,,,0.0,0.066,0.0685,12,0.0,0.0,0.0,71.0,11.80014344106634,0.0,18.29569590499431,25.0,0.8458,0.0,1.0,36.0,0.0685,0.0,1.58585,0.002999287278828147,0.04207383967008675,0.066
Kyler Murray,QB,MIN,NO,MIN@NO,False,1.0,,False,17.7367,15.0,20.0,83.0,192.35371855029157,144.0962600910207,231.3876509171792,78.0,1.1153,0.0,2.0,38.0,0.1709,0.1576,0.1709,52,,,,,,,,,,,,,,,,,,0.1576
Jordan Addison,WR,MIN,NO,MIN@NO,False,0.8055616699684496,DNP,False,,,,,,,,,,,,,0.0060203574975173785,0.1836519364448858,0.20053376365441908,36,1.127737023912051,0.0,0.0,77.0,44.73986282289678,19.710240729983443,62.61717252436741,54.0,3.2650819265143993,2.0,4.0,62.0,0.19451340615690169,0.2420556107249255,5.6416956305858985,0.005793007510784161,0.16800598234687883,0.1479429606154818
Gavin Bartholomew,TE,MIN,NO,MIN@NO,False,1.0,,False,,,,,,,,,,,,,0.0,0.0094,0.0094,2,0.0,0.0,0.0,62.0,1.8561521404736427,0.0,0.0,62.0,0.1935,0.0,0.0,62.0,0.0094,0.0,0.2879,0.0027914492150410727,0.009011099977123474,0.0094
Max Bredeson,RB,MIN,NO,MIN@NO,False,1.0,,False,,,,,,,,,,,,,0.0,0.00405,0.00405,1,0.0,0.0,0.0,60.0,0.7239979230614778,0.0,0.0,60.0,0.09965,0.0,0.0,60.0,0.00405,0.0,0.1348,0.004693145207801837,0.004033226291906301,0.00405
Demond Claiborne,RB,MIN,NO,MIN@NO,False,1.0,,False,,,,,,,,,,,,,0.04875,0.06235,0.06385,6,9.179230324451417,0.32958952211336623,12.671792182403738,25.0,2.5943272071498886,0.0,1.8849684834744844,44.0,0.3563,0.0,1.0,5.0,0.0151,2.0314,0.4813,0.04805394306687309,0.014295876224277835,0.06235
DeeJay Dallas,RB,MIN,NO,MIN@NO,False,1.0,,False,,,,,,,,,,,,,0.0266,0.0509,0.05215,7,4.994455733950645,0.0,6.734313869174816,26.0,4.97755575565789,0.0,7.589042131439861,20.0,0.6783,0.0,1.0,22.0,0.02555,1.08335,0.91585,0.02608061566352346,0.027334465666994788,0.0509
Tai Felton,WR,MIN,NO,MIN@NO,False,1.0,,False,,,,,,,,,,,,,0.0,0.02215,0.0225,5,0.0,0.0,0.0,65.0,5.682787237458573,0.0,7.168108411785316,27.0,0.45515,0.0,1.0,5.0,0.0225,0.0,0.7453,0.0027914492150410727,0.021043022723246423,0.02215
T.J. Hockenson,TE,MIN,NO,MIN@NO,False,1.0,,False,,,,,,,,,,,,,0.0,0.28105,0.32375,72,0.0,0.0,0.0,97.0,41.2989789101992,20.63105755997592,56.18942238299336,74.0,4.39265,3.0,6.0,80.0,0.32375,0.0,6.26745,0.0027914492150410727,0.19282578375718704,0.28105
Justin Jefferson,WR,MIN,NO,MIN@NO,False,0.9575230478992892,Limited,False,,,,,,,,,,,,,0.0,0.2831996667013853,0.33163212165399436,44,0.0,0.0,0.0,83.0,65.36073497350947,36.11482444906266,87.65057676203848,61.0,5.137589834392251,3.0,7.0,61.0,0.33163212165399436,0.0,8.27200291636288,0.0032566907508812513,0.23973382591278367,0.2711702080239733
Jauan Jennings,WR,MIN,NO,MIN@NO,False,1.0,,False,,,,,,,,,,,,,0.0,0.08545,0.0886,7,0.0,0.0,0.0,66.0,21.524307708150857,4.36365006878952,32.119395323662786,28.0,1.82875,1.0,3.0,34.0,0.0886,0.0,2.9723,0.0032566907508812513,0.08442790028753078,0.08545
Aaron Jones,RB,MIN,NO,MIN@NO,False,0.9951309141019752,Limited,False,,,,,,,,,,,,,0.4979641079776806,0.49932136932589355,0.6665661287890212,85,90.81327668970954,64.21374767182185,111.91092812951956,84.0,19.74457765487617,7.240563733033368,28.158484054916467,68.0,2.691549791383904,1.0,4.0,66.0,0.16860202081134068,19.342783893832003,3.781933343387121,0.4658590711844335,0.1129134423401349,0.4968901306879264
Jeshaun Jones,WR,MIN,NO,MIN@NO,False,1.0,,False,,,,,,,,,,,,,0.0,0.00885,0.0089,1,0.0,0.0,0.0,60.0,2.2893796909812836,0.0,0.0,60.0,0.1853,0.0,0.0,60.0,0.0089,0.0,0.2924,0.004885036126321876,0.008278647270481554,0.00885
Myles Price,WR,MIN,NO,MIN@NO,False,1.0,,False,,,,,,,,,,,,,0.005,0.03325,0.03375,5,1.2069803533781789,0.0,0.0,65.0,6.519534464017638,0.0,9.184093481689443,23.0,0.54885,0.0,1.0,10.0,0.02875,0.25205,0.8752,0.005793007510784161,0.02536021165918079,0.03325
Tyler Shough,QB,NO,MIN,MIN@NO,False,0.98,Limited,False,21.40189776553413,18.0,24.0,90.0,245.1392647014037,187.8843246103835,292.46069047102185,85.0,1.401438628711356,1.0,2.0,77.0,0.17401285583103765,0.16090194878073666,0.17401285583103765,60,,,,,,,,,,,,,,,,,,0.15768390980512192
Kevin Austin Jr.,WR,NO,MIN,MIN@NO,False,1.0,,False,,,,,,,,,,,,,0.0,0.0472,0.0478,2,0.0,0.0,0.0,62.0,12.776484803376544,0.0,19.57367780215278,16.0,0.98255,0.0,2.0,2.0,0.0478,0.0,1.7577,0.002777200439916615,0.038718527505196845,0.0472
Barion Brown,WR,NO,MIN,MIN@NO,False,0.8055616699684496,DNP,False,,,,,,,,,,,,,0.014085380987838174,0.021531397369074213,0.021717547778605115,4,2.863879152025094,0.0,2.762167575463824,25.0,2.2373889219049894,0.0,0.0,48.0,0.16685281707619756,0.0,0.0,48.0,0.00763216679076694,0.6489203276247207,0.29082898982377764,0.01324448513890058,0.0066534002223840125,0.017344868421385704
Oscar Delp,TE,NO,MIN,MIN@NO,False,1.0,,False,,,,,,,,,,,,,0.0,0.01655,0.0166,2,0.0,0.0,0.0,62.0,4.062330375680684,0.0,3.506911971068165,36.0,0.38135,0.0,1.0,2.0,0.0166,0.0,0.6117,0.003240067179902717,0.01245125086906069,0.01655
CJ Donaldson,RB,NO,MIN,MIN@NO,False,1.0,,False,,,,,,,,,,,,,0.08505,0.10415,0.1102,16,10.976008211179845,1.1690665357857588,15.243250518102812,32.0,4.943853584188076,0.0,7.212978482519485,26.0,0.6346,0.0,1.0,23.0,0.02515,2.48385,0.9368,0.05040218814043627,0.018315391317958764,0.10415
Noah Fant,TE,NO,MIN,MIN@NO,False,0.9575230478992892,Limited,False,,,,,,,,,,,,,0.0,0.14445314539284781,0.15426781519185592,36,0.0,0.0,0.0,76.0,22.551806071375744,5.774615895345876,32.88778000421874,41.0,2.163038371182459,1.0,3.0,49.0,0.15426781519185592,0.0,3.4205690420255808,0.003240067179902717,0.06959978956161296,0.1383172160551988
Juwan Johnson,TE,NO,MIN,MIN@NO,False,1.0,,False,,,,,,,,,,,,,0.0,0.31505,0.37665,82,0.0,0.0,0.0,97.0,58.10613355873057,30.724384597631165,77.93732058474241,76.0,5.22325,3.0,7.0,77.0,0.37665,0.0,8.2388,0.002777200439916615,0.16775253921279976,0.31505
Alvin Kamara,RB,NO,MIN,MIN@NO,False,0.5949864089398973,DNP,False,,,,,,,,,,,,,0.27385055055896446,0.36479784819702443,0.4396066235185341,43,38.39985891142748,20.72309604529311,50.23584330872447,43.0,25.391086078583534,11.06677238929425,35.364985175916665,40.0,3.529629318315542,2.0,5.0,41.0,0.16575607295956965,9.888123056232663,5.103975792216525,0.26177945945775255,0.10747443925681736,0.21704976168774937
Bryce Lance,WR,NO,MIN,MIN@NO,False,1.0,,False,,,,,,,,,,,,,0.0,0.075,0.07785,28,0.0,0.0,0.0,81.0,16.72509203514005,0.0,25.40119585957183,35.0,1.26955,0.0,2.0,33.0,0.07785,0.0,2.28635,0.002777200439916615,0.0499532780423149,0.075
Kendre Miller,RB,NO,MIN,MIN@NO,False,1.0,,False,,,,,,,,,,,,,0.26605,0.285,0.33285,39,35.628458904379215,16.772462897452513,48.14109128051263,54.0,8.414594418601782,0.0,12.97041466458066,34.0,1.0767,0.0,2.0,25.0,0.0668,8.9096,1.5963,0.18166884697543167,0.03142063231011228,0.285
Jalen Cropper,WR,NO,MIN,MIN@NO,False,1.0,,False,,,,,,,,,,,,,0.0,0.00985,0.0099,1,0.0,0.0,0.0,60.0,2.589799266396891,0.0,0.0,60.0,0.19635,0.0,0.0,60.0,0.0099,0.0,0.3507,0.0048601007698540755,0.007649147194441482,0.00985
Chris Olave,WR,NO,MIN,MIN@NO,False,0.8055616699684496,DNP,False,,,,,,,,,,,,,0.0,0.3217692974848222,0.38502044356337506,57,0.0,0.0,0.0,80.0,88.57001893469433,52.02214942061647,116.01669708148042,63.0,6.368665592863338,4.0,8.0,65.0,0.38502044356337506,0.0,10.871453351505389,0.002777200439916615,0.2589533296832683,0.2592050126264482
Devaughn Vele,WR,NO,MIN,MIN@NO,False,1.0,,False,,,,,,,,,,,,,0.0,0.24465,0.27755,77,0.0,0.0,0.0,97.0,42.317547348623364,18.161307616740796,59.31044849984603,71.0,3.463,2.0,5.0,74.0,0.27755,0.0,6.01055,0.002777200439916615,0.13359342094210783,0.24465
Treyton Welch,TE,NO,MIN,MIN@NO,False,1.0,,False,,,,,,,,,,,,,0.0,0.01035,0.0104,2,0.0,0.0,0.0,62.0,2.868933416776351,0.0,0.0,62.0,0.2648,0.0,0.0,62.0,0.0104,0.0,0.428,0.003240067179902717,0.008592347804693963,0.01035
Deshaun Watson,QB,CLE,NYJ,CLE@NYJ,False,1.0,,False,19.8592,17.0,23.0,91.0,207.62208365153475,157.85097773523862,247.32153500473456,87.0,1.1143,0.0,2.0,46.0,0.12875,0.12155,0.12875,62,,,,,,,,,,,,,,,,,,0.12155
Isaiah Bond,WR,CLE,NYJ,CLE@NYJ,False,1.0,,False,,,,,,,,,,,,,0.0,0.03805,0.03925,4,0.0,0.0,0.0,63.0,9.632376258074007,0.0,14.922614934032408,17.0,0.81625,0.0,1.0,26.0,0.03925,0.0,1.35605,0.0031591414519928493,0.04102174167680726,0.03805
Denzel Boston,WR,CLE,NYJ,CLE@NYJ,False,1.0,,False,,,,,,,,,,,,,0.0,0.1859,0.2027,55,0.0,0.0,0.0,95.0,46.570896837976164,19.64937088367767,65.0173874478527,66.0,3.1361,2.0,4.0,76.0,0.2027,0.0,4.8399,0.0031591414519928493,0.1451872475658341,0.1859
Michael Burton,RB,CLE,NYJ,CLE@NYJ,False,1.0,,False,,,,,,,,,,,,,0.00415,0.0122,0.0123,1,1.0612178718358316,0.0,0.0,61.0,1.7009032735012937,0.0,0.0,61.0,0.23575,0.0,0.0,61.0,0.00815,0.2376,0.30445,0.008298954024434394,0.009953208567108797,0.0122
KC Concepcion,WR,CLE,NYJ,CLE@NYJ,False,1.0,,False,,,,,,,,,,,,,0.0126,0.24135,0.27375,60,2.854091856663803,0.0,3.0605745122211085,68.0,48.490229351787455,24.9860771090223,65.66181220552953,75.0,4.49835,3.0,6.0,80.0,0.26115,0.6363,6.9536,0.02209734119714102,0.20796591322232244,0.24135
Malachi Corley,WR,CLE,NYJ,CLE@NYJ,False,1.0,,False,,,,,,,,,,,,,0.0,0.01635,0.01645,1,0.0,0.0,0.0,60.0,4.936748112144727,0.0,5.1381274758969155,29.0,0.40065,0.0,1.0,1.0,0.01645,0.0,0.6155,0.0031591414519928493,0.018448907381079037,0.01635
Harold Fannin Jr.,TE,CLE,NYJ,CLE@NYJ,False,1.0,,False,,,,,,,,,,,,,0.0,0.2207,0.24685,57,0.0,0.0,0.0,97.0,43.2610650629362,22.095549387897904,59.20299430436681,71.0,4.485,3.0,6.0,77.0,0.24685,0.0,6.3656,0.0031591414519928493,0.18909122834304024,0.2207
Jerry Jeudy,WR,CLE,NYJ,CLE@NYJ,False,1.0,,False,,,,,,,,,,,,,0.0,0.0988,0.1035,14,0.0,0.0,0.0,73.0,26.42384485010078,8.076917565172472,38.56503901633645,38.0,2.2178,1.0,3.0,46.0,0.1035,0.0,3.63605,0.0031591414519928493,0.10966123213441185,0.0988
Quinshon Judkins,RB,CLE,NYJ,CLE@NYJ,False,1.0,,False,,,,,,,,,,,,,0.3488,0.40185,0.5005,85,54.14005086989045,33.728696742225125,69.27231323420435,80.0,16.544847739386768,5.2704586737715555,24.1075439201181,66.0,2.38,1.0,3.0,75.0,0.1517,14.5935,3.0873,0.5132748925046645,0.09867086556281471,0.40185
Jaleel McLaughlin,RB,CLE,NYJ,CLE@NYJ,False,1.0,,False,,,,,,,,,,,,,0.03555,0.0477,0.04855,3,9.124057259816059,0.045804117239407194,12.999956969150498,20.0,2.50618044447396,0.0,1.1825294375937467,49.0,0.34355,0.0,1.0,3.0,0.013,1.81475,0.44375,0.0639658170434973,0.014508555894653958,0.0477
Carsen Ryan,TE,CLE,NYJ,CLE@NYJ,False,1.0,,False,,,,,,,,,,,,,0.0,0.00465,0.00465,1,0.0,0.0,0.0,60.0,1.1324374930839523,0.0,0.0,60.0,0.11745,0.0,0.0,60.0,0.00465,0.0,0.16755,0.0031591414519928493,0.004900222034082455,0.00465
Raheim Sanders,RB,CLE,NYJ,CLE@NYJ,False,1.0,,False,,,,,,,,,,,,,0.0526,0.11545,0.12215,21,12.580320659377728,2.967385166425479,17.3940239427813,44.0,14.09592273129503,3.304599252237646,20.905592273877158,41.0,1.9564,1.0,3.0,48.0,0.06955,2.73265,2.49925,0.09524747652710921,0.08047370751115547,0.11545
Tylan Wallace,WR,CLE,NYJ,CLE@NYJ,False,0.8055616699684496,DNP,False,,,,,,,,,,,,,0.0,0.007670893906588308,0.007732755954222085,1,0.0,0.0,0.0,48.0,2.2593691883180567,0.0,0.0,48.0,0.18397772966285184,0.0,0.0,48.0,0.007732755954222085,0.0,0.27912155892360035,0.0036856650273249907,0.008302442082672445,0.006179378105542081
Blake Whiteheart,TE,CLE,NYJ,CLE@NYJ,False,1.0,,False,,,,,,,,,,,,,0.0,0.04685,0.0476,11,0.0,0.0,0.0,65.0,5.3978686994303136,0.0,7.593415853048272,23.0,0.5497,0.0,1.0,10.0,0.0476,0.0,0.76975,0.0031591414519928493,0.02288177144498253,0.04685
Geno Smith,QB,NYJ,CLE,CLE@NYJ,False,1.0,,False,19.4323,17.0,22.0,92.0,216.9287887811073,164.7679194844157,260.4195252067126,87.0,1.3518,1.0,2.0,78.0,0.07065,0.06805,0.07065,62,,,,,,,,,,,,,,,,,,0.06805
Braelon Allen,RB,NYJ,CLE,CLE@NYJ,False,1.0,,False,,,,,,,,,,,,,0.2819,0.3726,0.46335,78,54.755731217019466,27.55119416897385,74.68628814932853,66.0,9.95790383722232,0.0,15.184651056742378,46.0,1.30775,0.0,2.0,45.0,0.18145,12.64595,1.7357,0.31097232225564514,0.04619038262928906,0.3726
Andrew Beck,RB,NYJ,CLE,CLE@NYJ,False,1.0,,False,,,,,,,,,,,,,0.00735,0.01445,0.01455,1,2.0251905165058255,0.0,0.5678941092756622,52.0,1.2124812104725324,0.0,0.0,60.0,0.15855,0.0,0.0,60.0,0.0072,0.4485,0.21095,0.011038045941153147,0.0056047981885137006,0.01445
Isaiah Davis,RB,NYJ,CLE,CLE@NYJ,False,1.0,,False,,,,,,,,,,,,,0.0138,0.0357,0.036,1,2.976114176138944,0.0,2.8607305008893147,31.0,3.781838552804463,0.0,4.6413878987961255,23.0,0.45565,0.0,1.0,1.0,0.0222,0.6151,0.61105,0.015156307452448666,0.01626507465792667,0.0357
Breece Hall,RB,NYJ,CLE,CLE@NYJ,False,0.5949864089398973,DNP,False,,,,,,,,,,,,,0.35788146279949556,0.37276166456494325,0.4584279108869273,52,57.24195260893935,36.5644049622829,72.55584087486663,48.0,18.358366583171865,5.0836178314914005,26.83569254828796,38.0,2.1366960907944517,1.0,3.0,43.0,0.1005464480874317,14.234131988230349,2.8555695670449768,0.5104831892187008,0.07850323510831876,0.22178812418995414
Malik McClain,WR,NYJ,CLE,CLE@NYJ,False,1.0,,False,,,,,,,,,,,,,0.0,0.0073,0.0073,1,0.0,0.0,0.0,60.0,1.4116514051686269,0.0,0.0,60.0,0.1059,0.0,0.0,60.0,0.0073,0.0,0.166,0.004342407155705016,0.004790164406357162,0.0073
Adonai Mitchell,WR,NYJ,CLE,CLE@NYJ,False,0.8055616699684496,DNP,False,,,,,,,,,,,,,0.0,0.184303734542969,0.20338035170571056,22,0.0,0.0,0.0,64.0,38.97867944522362,15.04777004841027,55.602340701714304,39.0,2.785869632759585,1.0,4.0,38.0,0.20338035170571056,0.0,4.7685329025041945,0.004342407155705016,0.13963559627909103,0.14846802417985594
Kene Nwangwu,RB,NYJ,CLE,CLE@NYJ,False,1.0,,False,,,,,,,,,,,,,0.0058,0.01025,0.01025,1,1.3799020494917436,0.0,0.0,60.0,0.8235608505425013,0.0,0.0,60.0,0.10415,0.0,0.0,60.0,0.00445,0.30365,0.13915,0.007542050653743224,0.00356818044386148,0.01025
Jamaal Pritchett,WR,NYJ,CLE,CLE@NYJ,False,1.0,,False,,,,,,,,,,,,,0.0,0.0059,0.0059,1,0.0,0.0,0.0,60.0,1.2388053121295037,0.0,0.0,60.0,0.0951,0.0,0.0,60.0,0.0059,0.0,0.15265,0.00542800894463127,0.004350927877746556,0.0059
Jeremy Ruckert,TE,NYJ,CLE,CLE@NYJ,False,1.0,,False,,,,,,,,,,,,,0.0,0.1173,0.1236,25,0.0,0.0,0.0,73.0,10.099662143006997,0.0,15.476493601438454,27.0,1.02795,0.0,2.0,14.0,0.1236,0.0,1.44085,0.003101719396932155,0.041961152678637995,0.1173
Kenyon Sadiq,TE,NYJ,CLE,CLE@NYJ,False,1.0,,False,,,,,,,,,,,,,0.0342,0.19065,0.20775,37,1.1092617799478426,0.0,0.0,89.0,36.15971783449041,15.637725684040113,50.66901991681984,60.0,3.34035,2.0,5.0,62.0,0.17355,0.23385,4.88225,0.005752761616532287,0.14398590720008275,0.19065
Sterling Shepard,WR,NYJ,CLE,CLE@NYJ,False,1.0,,False,,,,,,,,,,,,,0.0,0.09625,0.1002,8,0.0,0.0,0.0,63.0,14.289156184588306,0.0,21.73892194376557,17.0,1.17205,0.0,2.0,11.0,0.1002,0.0,1.8392,0.004342407155705016,0.05193660299887978,0.09625
Mason Taylor,TE,NYJ,CLE,CLE@NYJ,False,0.9479829842591244,Full,False,,,,,,,,,,,,,0.0,0.08778686362437352,0.09126879451332102,4,0.0,0.0,0.0,61.0,17.711121877751474,3.0525133406373075,26.45159880579154,23.0,1.7672381957267211,1.0,3.0,28.0,0.09126879451332102,0.0,2.607227644420997,0.004342407155705016,0.07701767187444296,0.08322045295738238
Isaiah Williams,WR,NYJ,CLE,CLE@NYJ,False,1.0,,False,,,,,,,,,,,,,0.00585,0.14085,0.1512,27,1.2612664222737053,0.0,0.0,79.0,24.709612138788554,6.900033971635072,35.99559371822262,44.0,2.1462,1.0,3.0,51.0,0.14535,0.28185,3.2369,0.006931002603021234,0.09227384790988157,0.14085
Garrett Wilson,WR,NYJ,CLE,CLE@NYJ,False,1.0,,False,,,,,,,,,,,,,0.0,0.27605,0.31875,50,0.0,0.0,0.0,97.0,65.99115662320264,36.54274180976629,87.73443416758955,77.0,5.3818,4.0,7.0,83.0,0.31875,0.0,8.3363,0.003101719396932155,0.23573209362519917,0.27605
Jelani Woods,TE,NYJ,CLE,CLE@NYJ,False,1.0,,False,,,,,,,,,,,,,0.0,0.0177,0.0179,4,0.0,0.0,0.0,63.0,3.6104387831672824,0.0,1.5171543030257744,51.0,0.3363,0.0,1.0,3.0,0.0179,0.0,0.48765,0.003101719396932155,0.014217229347736083,0.0177
Daniel Jones,QB,IND,PIT,IND@PIT,False,1.0,,False,19.806,17.0,23.0,91.0,191.45328408657303,146.3928384975365,228.165791512363,87.0,0.90485,0.0,1.0,67.0,0.09405,0.09055,0.09405,62,,,,,,,,,,,,,,,,,,0.09055
Mo Alie-Cox,TE,IND,PIT,IND@PIT,False,1.0,,False,,,,,,,,,,,,,0.0,0.01405,0.0141,2,0.0,0.0,0.0,62.0,4.011725009438249,0.0,4.32290822413789,29.0,0.40945,0.0,1.0,2.0,0.0141,0.0,0.60465,0.0034489121802405683,0.016457358566172902,0.01405
Keenan Allen,WR,IND,PIT,IND@PIT,False,0.9575230478992892,Limited,False,,,,,,,,,,,,,0.0,0.18475822857440927,0.2018152417714256,50,0.0,0.0,0.0,88.0,41.272983996434235,20.496339652740986,56.2844040427642,63.0,4.127745031558082,3.0,5.0,74.0,0.2018152417714256,0.0,6.541129831516352,0.0040237308769473295,0.17596018235274297,0.1769102621490419
Deion Burks,WR,IND,PIT,IND@PIT,False,1.0,,False,,,,,,,,,,,,,0.0094,0.0237,0.02395,4,1.3252327103887012,0.0,0.0,63.0,5.1815471177589085,0.0,6.421258132216346,26.0,0.44395,0.0,1.0,3.0,0.01455,0.29815,0.70785,0.010634145889075085,0.019044891397022243,0.0237
Josh Downs,WR,IND,PIT,IND@PIT,False,1.0,,False,,,,,,,,,,,,,0.0,0.2078,0.23035,66,0.0,0.0,0.0,97.0,46.99865042223785,24.084661051375807,63.61992129268441,75.0,4.35105,3.0,6.0,79.0,0.23035,0.0,6.9505,0.0034489121802405683,0.18505786014031486,0.2078
Ashton Dulin,WR,IND,PIT,IND@PIT,False,0.8055616699684496,DNP,False,,,,,,,,,,,,,0.0,0.047415130639856015,0.04834605597964377,8,0.0,0.0,0.0,56.0,16.103904955373153,0.0,24.36443692119637,19.0,1.3886302985167256,0.0,2.0,21.0,0.04834605597964377,0.0,2.236703283063365,0.004828477052336796,0.05990410789329066,0.038195811820014615
Anthony Gould,WR,IND,PIT,IND@PIT,False,1.0,,False,,,,,,,,,,,,,0.0,0.00505,0.00505,1,0.0,0.0,0.0,60.0,1.7402021731887456,0.0,0.0,60.0,0.14445,0.0,0.0,60.0,0.00505,0.0,0.22715,0.0040237308769473295,0.00608187588893364,0.00505
Seth McGowan,RB,IND,PIT,IND@PIT,False,1.0,,False,,,,,,,,,,,,,0.1725,0.1749,0.19205,30,20.93597817120593,8.253958339173034,28.37720491375714,43.0,4.554806443136888,0.0,6.896101496648843,27.0,0.6557,0.0,1.0,26.0,0.01955,4.76205,0.8767,0.16897625108702213,0.02289887582914574,0.1749
Andrew Ogletree,TE,IND,PIT,IND@PIT,False,1.0,,False,,,,,,,,,,,,,0.0,0.0114,0.01155,4,0.0,0.0,0.0,63.0,3.5848330711369556,0.0,2.9990585220468793,38.0,0.3743,0.0,1.0,3.0,0.01155,0.0,0.5504,0.0034489121802405683,0.014919734764024957,0.0114
Jonathan Taylor,RB,IND,PIT,IND@PIT,False,0.9951309141019752,Limited,False,,,,,,,,,,,,,0.6932863967814936,0.5659542368619562,0.8004526024641689,85,83.86129902616761,58.815776958281305,103.38896224838953,84.0,21.975928164316578,8.818900437878003,31.229874479880277,69.0,3.0622579834045762,2.0,4.0,80.0,0.10716620568267539,18.86235856172995,4.025094292180035,0.6822637079269377,0.10574547695583532,0.5631985570683243
Laquon Treadwell,WR,IND,PIT,IND@PIT,False,1.0,,False,,,,,,,,,,,,,0.0,0.0703,0.0727,30,0.0,0.0,0.0,78.0,12.413432390745026,0.0,18.949364931902448,32.0,1.01445,0.0,2.0,18.0,0.0727,0.0,1.5812,0.0034489121802405683,0.042122482355063814,0.0703
Tyler Warren,TE,IND,PIT,IND@PIT,False,1.0,,False,,,,,,,,,,,,,0.0087,0.21035,0.23605,60,1.3490657107891886,0.0,0.0,97.0,47.395593651316965,25.921054932753,63.099472392329616,76.0,5.2885,3.0,7.0,77.0,0.22735,0.3067,7.68885,0.01075003675534661,0.20536436169452982,0.21035
Nick Westbrook-Ikhine,WR,IND,PIT,IND@PIT,False,1.0,,False,,,,,,,,,,,,,0.0,0.0148,0.0149,1,0.0,0.0,0.0,60.0,4.828671105678301,0.0,5.016258794668292,29.0,0.4104,0.0,1.0,1.0,0.0149,0.0,0.66365,0.004828477052336796,0.017628819326595314,0.0148
Aaron Rodgers,QB,PIT,IND,IND@PIT,False,1.0,,False,20.4969,18.0,23.0,93.0,250.02153607526944,188.67523277973197,299.44238103440637,87.0,1.7214,1.0,2.0,83.0,0.0267,0.0263,0.0267,62,,,,,,,,,,,,,,,,,,0.0263
Germie Bernard,WR,PIT,IND,IND@PIT,False,1.0,,False,,,,,,,,,,,,,0.0,0.1199,0.127,30,0.0,0.0,0.0,78.0,13.621816503262275,0.0,21.25031438238068,31.0,1.0283,0.0,2.0,19.0,0.127,0.0,1.81255,0.002783512338617426,0.04920819490473396,0.1199
Rico Dowdle,RB,PIT,IND,IND@PIT,False,0.9951309141019752,Limited,False,,,,,,,,,,,,,0.18794539797249823,0.26357522834487607,0.3028706212988056,23,29.38621800240346,14.509100264286422,39.18733333456953,51.0,17.797316462530564,4.930119967802746,25.896975540718522,41.0,2.138763424671284,1.0,3.0,48.0,0.11492522332630734,6.89380708621901,3.1692261367058117,0.29184312776109067,0.08225749445008776,0.26229185791747334
Pat Freiermuth,TE,PIT,IND,IND@PIT,False,1.0,,False,,,,,,,,,,,,,0.0066,0.238,0.2668,50,1.17991189049662,0.0,0.0,90.0,34.82477267182089,14.135113890597157,48.88838011570249,60.0,3.0188,2.0,4.0,71.0,0.2602,0.25375,4.7551,0.010851664044754891,0.13203059049486404,0.238
Eli Heidenreich,RB,PIT,IND,IND@PIT,False,1.0,,False,,,,,,,,,,,,,0.0048,0.01535,0.0154,1,0.917958551490007,0.0,0.0,60.0,1.6832558342498523,0.0,0.0,60.0,0.19895,0.0,0.0,60.0,0.0106,0.1984,0.29865,0.008088545411842035,0.007667384255273657,0.01535
Travis Homer,RB,PIT,IND,IND@PIT,False,1.0,,False,,,,,,,,,,,,,0.073,0.07705,0.07985,20,7.522082587540778,0.0,10.23246534095951,23.0,1.16156298575909,0.0,0.0,63.0,0.14155,0.0,0.0,63.0,0.00685,1.65935,0.2083,0.07057112458935205,0.00536894383615806,0.07705
DK Metcalf,WR,PIT,IND,IND@PIT,False,1.0,,False,,,,,,,,,,,,,0.0,0.2807,0.327,50,0.0,0.0,0.0,97.0,66.2342173768083,34.07589742769963,89.49202423647421,75.0,4.4087,3.0,6.0,80.0,0.327,0.0,8.18055,0.002783512338617426,0.22236427917111726,0.2807
Lew Nichols III,RB,PIT,IND,IND@PIT,False,1.0,,False,,,,,,,,,,,,,0.04295,0.04915,0.05055,6,2.2092364301889496,0.0,1.5546048771962921,39.0,1.1873858094982632,0.0,0.0,61.0,0.1397,0.0,0.0,61.0,0.0076,0.475,0.2077,0.02026106233988231,0.005489665650225519,0.04915
Riley Nowakowski,RB,PIT,IND,IND@PIT,False,1.0,,False,,,,,,,,,,,,,0.0,0.00545,0.00545,1,0.0,0.0,0.0,60.0,0.7541993574307156,0.0,0.0,60.0,0.09125,0.0,0.0,60.0,0.00545,0.0,0.1341,0.003867604358672992,0.003381025856006241,0.00545
Michael Pittman,WR,PIT,IND,IND@PIT,False,0.9575230478992892,Limited,False,,,,,,,,,,,,,0.0,0.16273597238926946,0.17570464885216755,20,0.0,0.0,0.0,76.0,38.52067694794229,15.123570400362949,54.271281971538095,47.0,2.848402447314752,2.0,4.0,56.0,0.17570464885216755,0.0,4.949903257857031,0.00324743106172033,0.1353091789490617,0.15582344428502787
Ben Skowronek,WR,PIT,IND,IND@PIT,False,1.0,,False,,,,,,,,,,,,,0.0,0.0549,0.0561,13,0.0,0.0,0.0,66.0,6.104955633168103,0.0,7.376491839157062,30.0,0.44305,0.0,1.0,6.0,0.0561,0.0,0.7668,0.002783512338617426,0.020885617313412957,0.0549
Robert Tonyan,TE,PIT,IND,IND@PIT,False,1.0,,False,,,,,,,,,,,,,0.0,0.03815,0.03875,7,0.0,0.0,0.0,62.0,2.106730767856045,0.0,0.0,62.0,0.1889,0.0,0.0,62.0,0.03875,0.0,0.3061,0.002783512338617426,0.008346914857342862,0.03815
Jaylen Warren,RB,PIT,IND,IND@PIT,False,1.0,,False,,,,,,,,,,,,,0.30915,0.4656,0.6026,82,62.688334713840995,40.42654463082438,79.71115840231874,81.0,28.642084002731984,11.920855527394748,40.086871102114216,70.0,3.2027,2.0,4.0,81.0,0.29345,11.3679,4.59115,0.47774323509836253,0.11945307577556553,0.4656
Darnell Washington,TE,PIT,IND,IND@PIT,False,1.0,,False,,,,,,,,,,,,,0.0,0.15095,0.16275,34,0.0,0.0,0.0,81.0,21.336217113710408,4.094883572954445,31.713003128773927,42.0,1.78975,1.0,3.0,47.0,0.16275,0.0,2.8635,0.002783512338617426,0.07996535359795272,0.15095
Kaden Wetjen,WR,PIT,IND,IND@PIT,False,1.0,,False,,,,,,,,,,,,,0.0,0.0055,0.0055,1,0.0,0.0,0.0,60.0,1.1391945402153085,0.0,0.0,60.0,0.081,0.0,0.0,60.0,0.0055,0.0,0.1439,0.002783512338617426,0.0036825314401287756,0.0055
Roman Wilson,WR,PIT,IND,IND@PIT,False,1.0,,False,,,,,,,,,,,,,0.0,0.20115,0.2229,53,0.0,0.0,0.0,97.0,34.68399702493112,11.57637187873264,50.14132355199249,65.0,2.40755,1.0,3.0,73.0,0.2229,0.0,4.3749,0.002783512338617426,0.11961607441485711,0.20115
C.J. Stroud,QB,HOU,TEN,HOU@TEN,False,1.0,,False,21.76815,19.0,25.0,92.0,259.00987882908277,197.50076573272364,308.73196168167897,87.0,1.2746,0.0,2.0,53.0,0.0804,0.0777,0.0804,62,,,,,,,,,,,,,,,,,,0.0777
Lewis Bond,WR,HOU,TEN,HOU@TEN,False,1.0,,False,,,,,,,,,,,,,0.0,0.01575,0.0159,1,0.0,0.0,0.0,61.0,4.612673830109661,0.0,3.716124001325559,37.0,0.3663,0.0,1.0,1.0,0.0159,0.0,0.5778,0.005001526990171276,0.015723701729659555,0.01575
Kayshon Boutte,WR,HOU,TEN,HOU@TEN,False,1.0,,False,,,,,,,,,,,,,0.0,0.14685,0.1576,34,0.0,0.0,0.0,81.0,32.864653413352336,10.990672917488528,47.47751804926407,47.0,2.45825,1.0,3.0,56.0,0.1576,0.0,3.7871,0.0035725192786937687,0.10266625751077764,0.14685
Nico Collins,WR,HOU,TEN,HOU@TEN,False,0.9575230478992892,Limited,False,,,,,,,,,,,,,0.008737965676015069,0.2845856006697363,0.33000209292591043,41,1.1424789367311556,0.0,0.0,80.0,75.88028808786342,42.50371698615692,100.6278256773161,58.0,5.434596065299289,4.0,7.0,65.0,0.32126412724989534,0.2652783591460862,8.506331100879029,0.010211450938266354,0.2323569070531275,0.27249727174153593
Xavier Hutchinson,WR,HOU,TEN,HOU@TEN,False,1.0,,False,,,,,,,,,,,,,0.0146,0.17345,0.1885,50,1.7133082745355155,0.0,0.24070181860265621,96.0,40.60927303912466,17.194897604855512,57.225311302593354,70.0,3.19085,2.0,4.0,81.0,0.1739,0.38705,5.2826,0.014913850322166048,0.14151949478557854,0.17345
Brevin Jordan,TE,HOU,TEN,HOU@TEN,False,1.0,,False,,,,,,,,,,,,,0.0,0.01565,0.01575,1,0.0,0.0,0.0,61.0,4.147586250351957,0.0,4.437708568999681,29.0,0.4109,0.0,1.0,1.0,0.01575,0.0,0.59415,0.006251908737714093,0.017667927991959022,0.01565
Marlin Klein,TE,HOU,TEN,HOU@TEN,False,1.0,,False,,,,,,,,,,,,,0.0,0.0084,0.00845,2,0.0,0.0,0.0,62.0,2.0325233527936493,0.0,0.0,62.0,0.2015,0.0,0.0,62.0,0.00845,0.0,0.28975,0.004167939158476063,0.008381972765037212,0.0084
Woody Marks,RB,HOU,TEN,HOU@TEN,False,1.0,,False,,,,,,,,,,,,,0.34675,0.3655,0.4433,67,31.648877040858853,16.23535856410307,41.97864820908453,66.0,9.587961960236921,0.0,14.613443048698247,45.0,1.26785,0.0,2.0,43.0,0.09655,8.32215,1.73255,0.32251633558029147,0.051742170505394966,0.3655
David Montgomery,RB,HOU,TEN,HOU@TEN,False,1.0,,False,,,,,,,,,,,,,0.53375,0.45555,0.59655,85,44.48173272378189,25.80368556894943,57.67688513257947,79.0,8.02567787053009,0.0,12.332934445930643,54.0,1.0403,0.0,2.0,42.0,0.0628,12.41405,1.3573,0.48491564333068404,0.04053766351227808,0.45555
Foster Moreau,TE,HOU,TEN,HOU@TEN,False,1.0,,False,,,,,,,,,,,,,0.0,0.0908,0.09405,27,0.0,0.0,0.0,74.0,11.366354368531184,0.0,17.434995852027022,28.0,1.14635,0.0,2.0,22.0,0.09405,0.0,1.66145,0.0035725192786937687,0.04894025919952424,0.0908
Jaylin Noel,WR,HOU,TEN,HOU@TEN,False,1.0,,False,,,,,,,,,,,,,0.0168,0.08805,0.09165,21,2.3811815896385604,0.0,2.310943166659555,50.0,25.09909627383747,4.483899262444754,37.12891574571908,40.0,1.7629,1.0,3.0,45.0,0.07485,0.56345,2.64865,0.022126538924374297,0.07065530638764188,0.08805
Dalton Schultz,TE,HOU,TEN,HOU@TEN,False,1.0,,False,,,,,,,,,,,,,0.0,0.1936,0.2133,55,0.0,0.0,0.0,97.0,42.51287406449291,21.323347878275317,57.94371283677336,74.0,4.2853,3.0,6.0,79.0,0.2133,0.0,6.02715,0.0035725192786937687,0.17727732686437084,0.1936
Cade Stover,TE,HOU,TEN,HOU@TEN,False,1.0,,False,,,,,,,,,,,,,0.0,0.02605,0.0263,4,0.0,0.0,0.0,63.0,6.415835070499651,0.0,9.616509854765104,18.0,0.64065,0.0,1.0,16.0,0.0263,0.0,0.9355,0.0035725192786937687,0.027404500900949452,0.02605
Jared Wayne,WR,HOU,TEN,HOU@TEN,False,1.0,,False,,,,,,,,,,,,,0.0,0.08775,0.09165,27,0.0,0.0,0.0,79.0,18.038132724960086,0.0,27.244096064899242,34.0,1.386,0.0,2.0,36.0,0.09165,0.0,2.25165,0.0035725192786937687,0.06058127687358076,0.08775
Cam Ward,QB,TEN,HOU,HOU@TEN,False,1.0,,False,20.3366,17.0,23.0,91.0,222.68637375494893,170.61358764852594,264.94419239826226,87.0,0.78355,0.0,1.0,62.0,0.14255,0.1309,0.14255,62,,,,,,,,,,,,,,,,,,0.1309
Elic Ayomanor,WR,TEN,HOU,HOU@TEN,False,1.0,,False,,,,,,,,,,,,,0.0,0.14585,0.15775,45,0.0,0.0,0.0,76.0,33.94585588224265,11.641588370651746,49.18556966925864,43.0,2.4211,1.0,3.0,51.0,0.15775,0.0,4.20245,0.0034032966473759173,0.11952025434403818,0.14585
Daniel Bellinger,TE,TEN,HOU,HOU@TEN,False,1.0,,False,,,,,,,,,,,,,0.0,0.02275,0.023,9,0.0,0.0,0.0,68.0,8.923997929114567,0.0,13.705912906682354,22.0,0.8912,0.0,1.0,34.0,0.023,0.0,1.28515,0.0034032966473759173,0.0386962689363568,0.02275
Julius Chestnut,RB,TEN,HOU,HOU@TEN,False,1.0,,False,,,,,,,,,,,,,0.00845,0.0103,0.0104,1,1.8050962215851771,0.0,0.4613596683039112,52.0,0.6812252304325996,0.0,0.0,60.0,0.08915,0.0,0.0,60.0,0.00195,0.4523,0.1207,0.011639165073220558,0.003375947687650576,0.0103
Chimere Dike,WR,TEN,HOU,HOU@TEN,False,1.0,,False,,,,,,,,,,,,,0.0,0.0391,0.03965,5,0.0,0.0,0.0,65.0,14.553589813082358,0.0,22.183394809241204,19.0,1.386,0.0,2.0,22.0,0.03965,0.0,2.17625,0.0034032966473759173,0.06170382132071537,0.0391
Gunnar Helm,TE,TEN,HOU,HOU@TEN,False,1.0,,False,,,,,,,,,,,,,0.0,0.1105,0.11695,38,0.0,0.0,0.0,79.0,26.03784860900122,10.060145544139115,37.442214117321704,48.0,2.7517,1.0,4.0,46.0,0.11695,0.0,3.8929,0.0034032966473759173,0.11777973363272605,0.1105
Tony Pollard,RB,TEN,HOU,HOU@TEN,False,0.5949864089398973,DNP,False,,,,,,,,,,,,,0.38054736842105263,0.3520842105263158,0.4256842105263158,52,56.336604874891904,36.20445958913253,71.29803710508406,48.0,13.11009969701717,2.7563415795673225,19.490053303686437,37.0,1.9055157894736843,1.0,3.0,41.0,0.045136842105263156,14.168842105263158,2.525726315789474,0.5658595986309986,0.07578772794743012,0.20948532006549142
Calvin Ridley,WR,TEN,HOU,HOU@TEN,False,1.0,,False,,,,,,,,,,,,,0.0,0.05545,0.05665,9,0.0,0.0,0.0,68.0,22.591548111377925,3.8693044445056026,33.91712319455945,28.0,1.73275,1.0,3.0,33.0,0.05665,0.0,2.9758,0.0034032966473759173,0.08509358606863238,0.05545
Wan'Dale Robinson,WR,TEN,HOU,HOU@TEN,False,1.0,,False,,,,,,,,,,,,,0.0058,0.17495,0.19065,62,1.2441866730814255,0.0,0.0,97.0,45.450157445719476,22.964709788566633,61.91513218971772,71.0,4.2214,3.0,6.0,75.0,0.18485,0.3102,6.60125,0.007766497477345042,0.1876951431409486,0.17495
Nicholas Singleton,RB,TEN,HOU,HOU@TEN,False,1.0,,False,,,,,,,,,,,,,0.0677,0.06995,0.07245,16,12.723550679920852,2.421875579373892,17.180914997180665,30.0,1.0698169829622315,0.0,0.0,65.0,0.14015,0.0,0.0,65.0,0.00475,3.45,0.18805,0.08912936792522247,0.005568787615294937,0.06995
Tyjae Spears,RB,TEN,HOU,HOU@TEN,False,1.0,,False,,,,,,,,,,,,,0.1571,0.1821,0.2036,32,31.74779272839283,12.461518581166416,44.38009883948622,49.0,14.113725320290046,3.249772047406223,20.841038901714523,42.0,1.96685,1.0,3.0,49.0,0.0465,7.92795,2.53395,0.2037300701717431,0.07375069902724024,0.1821
Carnell Tate,WR,TEN,HOU,HOU@TEN,False,1.0,,False,,,,,,,,,,,,,0.0,0.1518,0.1638,50,0.0,0.0,0.0,97.0,63.39601898592189,34.600137137090464,85.41390515944767,76.0,5.05745,3.0,7.0,76.0,0.1638,0.0,7.95845,0.0034032966473759173,0.2267606581893331,0.1518
Jameis Winston,QB,NYG,WAS,NYG@WAS,False,1.0,,False,18.00455,15.0,21.0,85.0,198.21247132763324,149.0133187583535,238.93714708734194,81.0,1.2903,1.0,2.0,71.0,0.0188,0.0184,0.0188,56,,,,,,,,,,,,,,,,,,0.0184
Malachi Fields,WR,NYG,WAS,NYG@WAS,False,1.0,,False,,,,,,,,,,,,,0.0,0.1665,0.18075,32,0.0,0.0,0.0,84.0,35.67162299795103,13.012418988823244,51.35413476771012,52.0,2.59965,1.0,4.0,49.0,0.18075,0.0,4.326,0.0026848875854960145,0.1305476429031845,0.1665
Najee Harris,RB,NYG,WAS,NYG@WAS,False,0.5949864089398973,DNP,False,,,,,,,,,,,,,0.10272712062907813,0.10348000669232056,0.1079136690647482,29,25.147160596791355,11.380574651826093,33.88402297150425,28.0,0.9508665400316328,0.0,0.0,44.0,0.1204617701187887,0.0,0.0,44.0,0.005186548435670069,5.972059561653003,0.1632926217165802,0.20354173321119806,0.005045813974046512,0.06156919757894035
Theo Johnson,TE,NYG,WAS,NYG@WAS,False,1.0,,False,,,,,,,,,,,,,0.0,0.1108,0.11715,16,0.0,0.0,0.0,70.0,17.89589525035973,2.2512153118524947,26.802946277904905,28.0,1.65185,1.0,2.0,51.0,0.11715,0.0,2.62305,0.0026848875854960145,0.07875675256653479,0.1108
Charlie Jones,WR,NYG,WAS,NYG@WAS,False,1.0,,False,,,,,,,,,,,,,0.0,0.0107,0.01075,1,0.0,0.0,0.0,60.0,2.3705404199019653,0.0,0.0,60.0,0.1804,0.0,0.0,60.0,0.01075,0.0,0.292,0.004698553274618026,0.008877511322265053,0.0107
Isaiah Likely,TE,NYG,WAS,NYG@WAS,False,0.9575230478992892,Limited,False,,,,,,,,,,,,,0.0,0.3500598615376607,0.42329915152777053,74,0.0,0.0,0.0,96.0,52.28849492042686,28.10879670692094,70.14451812695266,73.0,5.058560199885482,3.0,7.0,73.0,0.42329915152777053,0.0,7.683254385508302,0.0026848875854960145,0.23143569418998988,0.3351903855667441
Chris Manhertz,TE,NYG,WAS,NYG@WAS,False,0.9575230478992892,Limited,False,,,,,,,,,,,,,0.0,0.003908896648772606,0.003908896648772606,1,0.0,0.0,0.0,57.0,0.687186090877461,0.0,0.0,57.0,0.06561734507739615,0.0,0.0,57.0,0.003908896648772606,0.0,0.09881690728097149,0.0026848875854960145,0.0029990637505012126,0.0037428586330560632
Darnell Mooney,WR,NYG,WAS,NYG@WAS,False,1.0,,False,,,,,,,,,,,,,0.0019,0.12015,0.1277,18,0.7522800810657916,0.0,0.0,76.0,29.965387625674392,8.71915312361062,44.04628741981601,41.0,2.17405,1.0,3.0,48.0,0.1258,0.1736,3.73435,0.005396895247613202,0.11314520300117165,0.12015
Malik Nabers,WR,NYG,WAS,NYG@WAS,False,0.8055616699684496,DNP,False,,,,,,,,,,,,,0.0,0.25625077745988306,0.2898992411991541,49,0.0,0.0,0.0,81.0,47.00741435303102,22.201564920123865,64.70579974311539,59.0,3.71103371066053,2.0,5.0,61.0,0.2898992411991541,0.0,6.05006841646971,0.0026848875854960145,0.19204592689433111,0.20642580422129694
Patrick Ricard,RB,NYG,WAS,NYG@WAS,False,1.0,,False,,,,,,,,,,,,,0.0,0.0215,0.0217,4,0.0,0.0,0.0,64.0,3.6582285633855034,0.0,4.663850299538037,26.0,0.476,0.0,1.0,4.0,0.0217,0.0,0.65725,0.0012952193829769384,0.020047456754605522,0.0215
Devin Singletary,RB,NYG,WAS,NYG@WAS,False,1.0,,False,,,,,,,,,,,,,0.0567,0.15695,0.17015,28,16.732015553396167,5.557217258676394,22.707421668684916,40.0,9.756395712819488,0.0,14.814470118677969,25.0,1.2743,0.0,2.0,23.0,0.11345,4.23175,1.75735,0.13032656225796127,0.053710523098078396,0.15695
Cam Skattebo,RB,NYG,WAS,NYG@WAS,False,0.9951309141019752,Limited,False,,,,,,,,,,,,,0.2395760072339998,0.29558926956696474,0.3415050738470813,85,50.92532289618623,30.52140030133517,66.08024892508504,79.0,17.60413127981894,4.979458094639734,25.772857625193996,64.0,2.1830101476941626,1.0,3.0,72.0,0.10192906661308149,13.38264844770421,3.0414447905154223,0.4157126255641552,0.09252972581603958,0.2941500200229088
Tyrone Tracy Jr.,RB,NYG,WAS,NYG@WAS,False,1.0,,False,,,,,,,,,,,,,0.0225,0.058,0.0593,3,7.513314676825349,0.0,10.289591085930438,22.0,6.161815046405255,0.0,9.546709143088975,16.0,0.7725,0.0,1.0,24.0,0.0368,1.78195,1.08255,0.05496836392116209,0.032556244698139655,0.058
Jayden Daniels,QB,WAS,NYG,NYG@WAS,False,0.98,Full,False,18.408150758388235,16.0,21.0,69.0,182.24554991686097,136.23184135780474,218.31930941068833,64.0,1.7624738266687094,1.0,3.0,44.0,0.08630815586537971,0.08263112200602625,0.08630815586537971,38,,,,,,,,,,,,,,,,,,0.08097849956590572
Kaytron Allen,RB,WAS,NYG,NYG@WAS,False,1.0,,False,,,,,,,,,,,,,0.0563,0.0589,0.0604,31,6.9060389168349765,0.0,9.249573155593772,28.0,0.40454258454032327,0.0,0.0,68.0,0.0636,0.0,0.0,68.0,0.0041,1.55295,0.09425,0.05360105611292911,0.0027043561471170453,0.0589
John Bates,TE,WAS,NYG,NYG@WAS,False,1.0,,False,,,,,,,,,,,,,0.0,0.0815,0.08515,13,0.0,0.0,0.0,66.0,6.045456082731054,0.0,9.094950028373866,21.0,0.68615,0.0,1.0,23.0,0.08515,0.0,1.06935,0.0024754432439919424,0.027507412384126222,0.0815
Dyami Brown,WR,WAS,NYG,NYG@WAS,False,1.0,,False,,,,,,,,,,,,,0.0,0.1444,0.1562,28,0.0,0.0,0.0,81.0,17.053647336018987,1.3977474072862395,25.476028639020814,38.0,1.5667,1.0,2.0,62.0,0.1562,0.0,2.73255,0.0024754432439919424,0.07207841759820452,0.1444
Treylon Burks,WR,WAS,NYG,NYG@WAS,False,0.9479829842591244,Full,False,,,,,,,,,,,,,0.0,0.13982805000263726,0.15006065720765863,15,0.0,0.0,0.0,66.0,16.740078960978572,0.0,25.31004582701381,23.0,1.4119415580990557,0.0,2.0,26.0,0.15006065720765863,0.0,2.5702832427870668,0.0028880171179905996,0.06844322508467017,0.13255461212463415
Jacory Croskey-Merritt,RB,WAS,NYG,NYG@WAS,False,0.9951309141019752,Limited,False,,,,,,,,,,,,,0.18829145728643215,0.24045226130653266,0.2726633165829146,82,37.22206974134482,20.66917399703719,48.67233220006592,77.0,5.2451935564422065,0.0,7.955284058328489,54.0,0.7771356783919598,0.0,1.0,61.0,0.08437185929648242,9.78537688442211,1.1061306532663318,0.3376168174555437,0.03242184597118344,0.23928147859185683
Stefon Diggs,WR,WAS,NYG,NYG@WAS,False,0.8055616699684496,DNP,False,,,,,,,,,,,,,0.0,0.35415504740658116,0.4287661895023858,53,0.0,0.0,0.0,80.0,39.62351879159768,19.025542600701957,54.509124010540674,59.0,3.960525500402801,2.0,5.0,62.0,0.4287661895023858,0.0,6.64249860568879,0.0024754432439919424,0.18400602354900697,0.28529373141660097
Austin Ekeler,RB,WAS,NYG,NYG@WAS,False,1.0,,False,,,,,,,,,,,,,0.0386,0.075,0.07805,4,11.818516924317583,2.2622049752645195,16.422208455995737,28.0,4.0942690389245,0.0,6.02909131807685,19.0,0.61795,0.0,1.0,15.0,0.03945,2.46275,0.8852,0.08464890542951037,0.025360374483649403,0.075
Luke McCaffrey,WR,WAS,NYG,NYG@WAS,False,1.0,,False,,,,,,,,,,,,,0.0,0.0595,0.06125,1,0.0,0.0,0.0,60.0,9.439615697886767,0.0,14.585093353398202,14.0,0.85445,0.0,1.0,25.0,0.06125,0.0,1.4482,0.004332025676985899,0.03825980806377789,0.0595
Terry McLaurin,WR,WAS,NYG,NYG@WAS,False,0.8055616699684496,DNP,False,,,,,,,,,,,,,0.0,0.2895242820814985,0.3372821435216771,40,0.0,0.0,0.0,77.0,44.79683364977632,20.42863670678608,62.21313533842513,54.0,3.5993921726725797,2.0,5.0,56.0,0.3372821435216771,0.0,6.363083793338709,0.0028880171179905996,0.17636925054622415,0.2332296641699884
Chig Okonkwo,TE,WAS,NYG,NYG@WAS,False,0.9575230478992892,Limited,False,,,,,,,,,,,,,0.0,0.16284055848977672,0.17769178476180517,10,0.0,0.0,0.0,66.0,24.071413662434267,8.661464878621072,34.318612716635876,36.0,2.736547612822256,1.0,4.0,35.0,0.17769178476180517,0.0,4.280604507660932,0.0034656205415887196,0.11243476927075288,0.15592358788675348
Craig Reynolds,RB,WAS,NYG,NYG@WAS,False,1.0,,False,,,,,,,,,,,,,0.01385,0.0174,0.0176,1,4.006371469297885,0.0,5.088538767020754,23.0,0.4134096119685768,0.0,0.0,61.0,0.06215,0.0,0.0,61.0,0.00375,0.89585,0.08875,0.030879145394776174,0.002569512904324506,0.0174
Ben Sinnott,TE,WAS,NYG,NYG@WAS,False,0.9575230478992892,Limited,False,,,,,,,,,,,,,0.0,0.027366555462885737,0.027887823185988325,3,0.0,0.0,0.0,61.0,3.717421256410792,0.0,4.084503212704985,29.0,0.4212885738115096,0.0,1.0,3.0,0.027887823185988325,0.0,0.6569015846538783,0.0024754432439919424,0.01723481115978686,0.026204107597327296
Rachaad White,RB,WAS,NYG,NYG@WAS,False,0.9951309141019752,Limited,False,,,,,,,,,,,,,0.1117138838657826,0.23688969258589512,0.26602370906168377,62,24.783612893502013,11.027603736359188,33.68970877600954,59.0,9.492246965323625,0.0,14.21433918603816,41.0,1.5100462125778582,0.0,2.0,47.0,0.15430982519590114,5.295911191480812,2.0908177617038377,0.18172018281551977,0.061099697678809836,0.2357362563243377
Antonio Williams,WR,WAS,NYG,NYG@WAS,False,1.0,,False,,,,,,,,,,,,,0.0,0.23825,0.2679,44,0.0,0.0,0.0,90.0,27.62425100743425,9.579744920042824,39.80530137433083,57.0,2.58755,1.0,4.0,56.0,0.2679,0.0,4.39,0.0024754432439919424,0.11611493368533124,0.23825
Colson Yankoff,TE,WAS,NYG,NYG@WAS,False,1.0,,False,,,,,,,,,,,,,0.0,0.02435,0.02455,7,0.0,0.0,0.0,66.0,3.571471040127278,0.0,3.644019987898562,36.0,0.4036,0.0,1.0,6.0,0.02455,0.0,0.6344,0.0024754432439919424,0.016487898761306075,0.02435
Bo Nix,QB,DEN,LAC,DEN@LAC,False,1.0,,False,19.80705,17.0,23.0,91.0,222.49432454843492,168.03445902584244,266.371397735421,87.0,1.43935,1.0,2.0,79.0,0.16335,0.15165,0.16335,62,,,,,,,,,,,,,,,,,,0.15165
Nate Adkins,TE,DEN,LAC,DEN@LAC,False,1.0,,False,,,,,,,,,,,,,0.0061,0.1143,0.12015,25,0.8384070038374036,0.0,0.0,68.0,7.575145559587133,0.0,11.498926132351276,22.0,0.7065,0.0,1.0,26.0,0.11405,0.19415,1.0986,0.006422897744400225,0.030238715716941568,0.1143
Tyler Badie,RB,DEN,LAC,DEN@LAC,False,1.0,,False,,,,,,,,,,,,,0.0353,0.1315,0.1395,23,4.831194196731507,0.0,6.2657248083971036,32.0,9.508192146140802,0.0,14.611984497048098,25.0,1.15835,0.0,2.0,19.0,0.1042,1.16905,1.71125,0.03909802006384808,0.046025053483506904,0.1315
Pat Bryant,WR,DEN,LAC,DEN@LAC,False,1.0,,False,,,,,,,,,,,,,0.0059,0.11455,0.1205,27,0.8508390070793934,0.0,0.0,79.0,22.35308958709462,2.9989561475240136,33.25241450691179,39.0,1.63105,1.0,2.0,61.0,0.1146,0.19475,2.72715,0.006422897744400225,0.07903685310951225,0.11455
J.K. Dobbins,RB,DEN,LAC,DEN@LAC,False,1.0,,False,,,,,,,,,,,,,0.5317,0.4415,0.56295,73,53.117468329764904,33.078649660585846,67.77581073445114,76.0,5.475108545175782,0.0,8.174325884679522,51.0,0.6987,0.0,1.0,53.0,0.03125,13.3004,0.9872,0.4410053888598924,0.02628217469292448,0.4415
Evan Engram,TE,DEN,LAC,DEN@LAC,False,1.0,,False,,,,,,,,,,,,,0.0,0.13645,0.1459,28,0.0,0.0,0.0,81.0,25.680005948615978,8.557336013295044,36.92347879643727,48.0,2.43535,1.0,3.0,56.0,0.1459,0.0,3.87755,0.0029321924485305375,0.10736752306578656,0.13645
Troy Franklin,WR,DEN,LAC,DEN@LAC,False,1.0,,False,,,,,,,,,,,,,0.00845,0.1148,0.1219,13,1.231268519927906,0.0,0.0,66.0,20.549000654656567,1.8533959398005524,30.917048492427462,24.0,1.54495,1.0,2.0,47.0,0.11345,0.28515,2.62525,0.009448175667487287,0.07607370667536914,0.1148
RJ Harvey,RB,DEN,LAC,DEN@LAC,False,1.0,,False,,,,,,,,,,,,,0.1811,0.3275,0.38965,51,25.209250425048726,11.341816324184284,33.73268625105534,69.0,28.410373164276074,12.944136679546771,39.40885426184809,68.0,3.6364,2.0,5.0,71.0,0.20855,6.0671,5.02365,0.20073208573694062,0.1365977071880779,0.3275
Lil'Jordan Humphrey,WR,DEN,LAC,DEN@LAC,False,1.0,,False,,,,,,,,,,,,,0.0,0.0527,0.05415,1,0.0,0.0,0.0,61.0,12.24626648736903,0.0,18.9954562882914,15.0,0.9176,0.0,1.0,28.0,0.05415,0.0,1.61925,0.00513133678492844,0.0467505019066748,0.0527
Kolbe Katsis,WR,DEN,LAC,DEN@LAC,False,1.0,,False,,,,,,,,,,,,,0.0,0.0061,0.0061,1,0.0,0.0,0.0,60.0,1.6093816373211043,0.0,0.0,60.0,0.12175,0.0,0.0,60.0,0.0061,0.0,0.20565,0.00513133678492844,0.005869234307416399,0.0061
Marvin Mims Jr.,WR,DEN,LAC,DEN@LAC,False,1.0,,False,,,,,,,,,,,,,0.0,0.0561,0.0574,4,0.0,0.0,0.0,64.0,13.164334825594013,0.0,20.450344476275134,17.0,1.17625,0.0,2.0,13.0,0.0574,0.0,1.9331,0.004105069427942753,0.05571593851608424,0.0561
Adam Prentice,RB,DEN,LAC,DEN@LAC,False,1.0,,False,,,,,,,,,,,,,0.0,0.01025,0.01025,1,0.0,0.0,0.0,61.0,1.6706933298420212,0.0,0.0,61.0,0.2112,0.0,0.0,61.0,0.01025,0.0,0.29555,0.0037039147476530692,0.008033467134708908,0.01025
Courtland Sutton,WR,DEN,LAC,DEN@LAC,False,1.0,,False,,,,,,,,,,,,,0.0,0.2537,0.28895,66,0.0,0.0,0.0,95.0,38.33528089646564,15.447932282645485,54.450151220879576,65.0,2.9359,2.0,4.0,75.0,0.28895,0.0,5.2495,0.0029321924485305375,0.15152625818913287,0.2537
Adam Trautman,TE,DEN,LAC,DEN@LAC,False,1.0,,False,,,,,,,,,,,,,0.0,0.02835,0.02865,7,0.0,0.0,0.0,66.0,6.501773331021149,0.0,9.599128214164875,22.0,0.61775,0.0,1.0,18.0,0.02865,0.0,0.9107,0.0029321924485305375,0.025166779502502058,0.02835
Jaylen Waddle,WR,DEN,LAC,DEN@LAC,False,1.0,,False,,,,,,,,,,,,,0.0059,0.21315,0.23655,55,0.8761455585859925,0.0,0.0,97.0,45.367224337708656,20.043110118081493,63.47792755702285,71.0,3.4388,2.0,5.0,74.0,0.23065,0.20425,5.84395,0.006841782379904587,0.16910443801837943,0.21315
Justin Herbert,QB,LAC,DEN,DEN@LAC,False,1.0,,False,17.8784,15.0,21.0,90.0,211.90889864903212,159.16681069297908,255.5602594848234,86.0,1.1115,0.0,2.0,46.0,0.1409,0.13175,0.1409,62,,,,,,,,,,,,,,,,,,0.13175
Derius Davis,WR,LAC,DEN,DEN@LAC,False,1.0,,False,,,,,,,,,,,,,0.0,0.017,0.017,5,0.0,0.0,0.0,65.0,4.269219711302824,0.0,1.4854671956867576,54.0,0.3267,0.0,1.0,5.0,0.017,0.0,0.57465,0.0032887126712387916,0.015441017995093948,0.017
Oronde Gadsden II,TE,LAC,DEN,DEN@LAC,False,1.0,,False,,,,,,,,,,,,,0.00415,0.17965,0.1952,43,0.9311309372345972,0.0,0.0,84.0,29.351865846168657,10.324160894147166,42.357876302787176,51.0,2.584,1.0,4.0,49.0,0.19105,0.19875,4.19715,0.006714455037112532,0.11684819885310287,0.17965
Omarion Hampton,RB,LAC,DEN,DEN@LAC,False,1.0,,False,,,,,,,,,,,,,0.4046,0.377,0.4625,85,66.80722613297985,44.257929043990366,84.41115235552297,82.0,11.322019009631713,0.0,17.221494359800257,54.0,1.5226,0.0,2.0,61.0,0.0579,14.5708,2.1518,0.497073526770105,0.05605332974370755,0.377
Tre Harris,WR,LAC,DEN,DEN@LAC,False,1.0,,False,,,,,,,,,,,,,0.0,0.1906,0.2091,53,0.0,0.0,0.0,94.0,38.341297498740765,15.15255947957221,54.30743466007899,63.0,2.8127,1.0,4.0,62.0,0.2091,0.0,4.8854,0.0032887126712387916,0.12922691808948278,0.1906
Patrick Herbert,TE,LAC,DEN,DEN@LAC,False,1.0,,False,,,,,,,,,,,,,0.0,0.0037,0.0037,1,0.0,0.0,0.0,60.0,1.013424243071641,0.0,0.0,60.0,0.0951,0.0,0.0,60.0,0.0037,0.0,0.15,0.0046041977397343085,0.0040823085174451264,0.0037
Alec Ingold,RB,LAC,DEN,DEN@LAC,False,1.0,,False,,,,,,,,,,,,,0.0,0.04785,0.04925,11,0.0,0.0,0.0,65.0,4.35173235644411,0.0,6.133617699440519,23.0,0.55395,0.0,1.0,11.0,0.04925,0.0,0.8187,0.0036952945753489157,0.02139757814074709,0.04785
Quentin Johnston,WR,LAC,DEN,DEN@LAC,False,1.0,,False,,,,,,,,,,,,,0.00605,0.15615,0.16965,33,1.4286034431020673,0.0,0.0,90.0,45.56716760932757,19.333515395046597,64.18853901651491,61.0,3.14365,2.0,4.0,71.0,0.1636,0.295,5.8513,0.010140197402986275,0.15388130756618928,0.15615
Charlie Kolar,TE,LAC,DEN,DEN@LAC,False,1.0,,False,,,,,,,,,,,,,0.0,0.0368,0.0374,4,0.0,0.0,0.0,64.0,8.784728578079271,0.0,13.62521715913886,17.0,0.83765,0.0,1.0,28.0,0.0374,0.0,1.3481,0.0046041977397343085,0.03760014043237683,0.0368
Ladd McConkey,WR,LAC,DEN,DEN@LAC,False,1.0,,False,,,,,,,,,,,,,0.0,0.187,0.2061,41,0.0,0.0,0.0,87.0,44.770855963443466,19.369403791392028,63.012029750231584,58.0,3.24895,2.0,4.0,69.0,0.2061,0.0,5.688,0.0032887126712387916,0.14996745811321108,0.187
Keaton Mitchell,RB,LAC,DEN,DEN@LAC,False,1.0,,False,,,,,,,,,,,,,0.13725,0.1985,0.2194,56,30.57462512185116,15.186983329245171,41.03664205208818,66.0,11.060628058071682,0.0,16.86878486930506,46.0,1.4614,0.0,2.0,50.0,0.08215,6.1567,2.1459,0.20949279853215524,0.05638636291142218,0.1985
Hayden Rucci,TE,LAC,DEN,DEN@LAC,False,1.0,,False,,,,,,,,,,,,,0.0,0.00415,0.00415,1,0.0,0.0,0.0,60.0,0.8452864737525823,0.0,0.0,60.0,0.08235,0.0,0.0,60.0,0.00415,0.0,0.1335,0.0046041977397343085,0.003587966470410755,0.00415
Brenen Thompson,WR,LAC,DEN,DEN@LAC,False,1.0,,False,,,,,,,,,,,,,0.0,0.035,0.03535,4,0.0,0.0,0.0,64.0,9.487396059546933,0.0,14.659344970376605,18.0,0.7178,0.0,1.0,22.0,0.03535,0.0,1.27725,0.0046041977397343085,0.03348966677736562,0.035
Marquez Valdes-Scantling,WR,LAC,DEN,DEN@LAC,False,1.0,,False,,,,,,,,,,,,,0.0,0.03785,0.0384,3,0.0,0.0,0.0,63.0,9.904549545726134,0.0,15.333851678659997,16.0,0.75365,0.0,1.0,23.0,0.0384,0.0,1.37345,0.0046041977397343085,0.036091110957891595,0.03785
Kimani Vidal,RB,LAC,DEN,DEN@LAC,False,1.0,,False,,,,,,,,,,,,,0.0568,0.1187,0.1269,24,13.411997644296266,3.313610547025407,18.76536808619602,37.0,7.994658182117552,0.0,12.316917291941099,26.0,1.02225,0.0,2.0,13.0,0.0701,2.7868,1.5382,0.09531117616028195,0.04046362227468789,0.1187
Jared Goff,QB,DET,ARI,DET@ARI,False,1.0,,False,21.71385,19.0,25.0,92.0,276.0442208535682,208.02144192522042,330.4130696877784,87.0,2.18135,1.0,3.0,72.0,0.05315,0.0516,0.05315,62,,,,,,,,,,,,,,,,,,0.0516
Jahmyr Gibbs,RB,DET,ARI,DET@ARI,False,1.0,,False,,,,,,,,,,,,,0.964,0.7527,1.316,85,88.09746985477886,62.653112447315166,108.88163391016684,84.0,35.819096451672635,17.036432407994475,49.15662532310477,73.0,3.9948,2.0,5.0,77.0,0.352,19.598,5.36925,0.7751850110497327,0.16214117450103904,0.7527
Tom Kennedy,WR,DET,ARI,DET@ARI,False,1.0,,False,,,,,,,,,,,,,0.0,0.0155,0.0156,1,0.0,0.0,0.0,60.0,3.2678718223287784,0.0,0.0,60.0,0.2257,0.0,0.0,60.0,0.0156,0.0,0.3671,0.0038415130614106482,0.010432581648908028,0.0155
Sam LaPorta,TE,DET,ARI,DET@ARI,False,1.0,,False,,,,,,,,,,,,,0.0,0.4409,0.56155,85,0.0,0.0,0.0,97.0,64.60824785219971,35.33641945712322,86.32351149371348,76.0,5.2982,4.0,7.0,83.0,0.56155,0.0,7.62175,0.0038415130614106482,0.19841174899369102,0.4409
Tay Martin,WR,DET,ARI,DET@ARI,False,1.0,,False,,,,,,,,,,,,,0.0,0.01315,0.01325,1,0.0,0.0,0.0,60.0,2.7411798831722094,0.0,0.0,60.0,0.18605,0.0,0.0,60.0,0.01325,0.0,0.30165,0.0038415130614106482,0.008621968304882667,0.01315
Jackson Meeks,WR,DET,ARI,DET@ARI,False,1.0,,False,,,,,,,,,,,,,0.0,0.0279,0.02865,2,0.0,0.0,0.0,62.0,6.106111011029239,0.0,6.985831611904967,27.0,0.42185,0.0,1.0,2.0,0.02865,0.0,0.6809,0.0038415130614106482,0.019737743915269484,0.0279
Jacob Saylors,RB,DET,ARI,DET@ARI,False,1.0,,False,,,,,,,,,,,,,0.00915,0.01535,0.0155,1,1.1659797102799858,0.0,0.0,60.0,0.9443229409067281,0.0,0.0,60.0,0.1078,0.0,0.0,60.0,0.00635,0.2619,0.1499,0.010091520359368623,0.004511173780891067,0.01535
Amon-Ra St. Brown,WR,DET,ARI,DET@ARI,False,1.0,,False,,,,,,,,,,,,,0.0,0.5145,0.70155,85,0.0,0.0,0.0,97.0,79.4878570160829,46.56465911424809,104.53098385214237,78.0,6.2587,4.0,8.0,81.0,0.70155,0.0,9.89195,0.0038415130614106482,0.28363227156916554,0.5145
Isaac TeSlaa,WR,DET,ARI,DET@ARI,False,1.0,,False,,,,,,,,,,,,,0.0,0.16825,0.18395,46,0.0,0.0,0.0,87.0,26.223892154570272,1.81414579030399,39.62031895466576,44.0,1.5591,1.0,2.0,68.0,0.18395,0.0,2.61625,0.0038415130614106482,0.07567463907937996,0.16825
Sione Vaki,RB,DET,ARI,DET@ARI,False,1.0,,False,,,,,,,,,,,,,0.1181,0.1507,0.1615,19,14.04998371325981,4.013700589764262,19.401110164873597,40.0,6.4434146950749875,0.0,9.799455868585602,27.0,0.72755,0.0,1.0,31.0,0.0434,3.20385,0.99765,0.12687938776265129,0.030165145527173934,0.1507
Jameson Williams,WR,DET,ARI,DET@ARI,False,1.0,,False,,,,,,,,,,,,,0.0,0.2483,0.2816,55,0.0,0.0,0.0,97.0,57.3579878706955,25.163731953695546,79.71387104811362,71.0,3.37685,2.0,5.0,73.0,0.2816,0.0,5.51235,0.0038415130614106482,0.1581149233879144,0.2483
Brock Wright,TE,DET,ARI,DET@ARI,False,1.0,,False,,,,,,,,,,,,,0.0,0.0975,0.10195,14,0.0,0.0,0.0,68.0,13.23658284978336,0.0,20.48041464093839,22.0,1.1432,0.0,2.0,16.0,0.10195,0.0,1.7341,0.0038415130614106482,0.04523149968397011,0.0975
Jacoby Brissett,QB,ARI,DET,DET@ARI,False,1.0,,False,24.02085,21.0,27.0,93.0,230.99112365954258,176.81385707058877,275.04828847690567,87.0,1.598,1.0,2.0,81.0,0.13235,0.1256,0.13235,62,,,,,,,,,,,,,,,,,,0.1256
Tyler Allgeier,RB,ARI,DET,DET@ARI,False,1.0,,False,,,,,,,,,,,,,0.256,0.2953,0.34315,82,30.361571774250688,15.22285918171721,40.323395514119966,70.0,9.358186274150787,0.0,14.116334338561813,49.0,1.4059,0.0,2.0,52.0,0.08715,7.1548,1.79605,0.27039062559705973,0.0509188139512105,0.2953
Kendrick Bourne,WR,ARI,DET,DET@ARI,False,1.0,,False,,,,,,,,,,,,,0.0,0.15255,0.16505,36,0.0,0.0,0.0,82.0,30.036255612359255,11.151119449077276,42.78940418534691,51.0,2.72715,1.0,4.0,49.0,0.16505,0.0,4.03035,0.0033244354637554452,0.10411967540266356,0.15255
Jalen Brooks,WR,ARI,DET,DET@ARI,False,1.0,,False,,,,,,,,,,,,,0.0,0.01775,0.01785,2,0.0,0.0,0.0,62.0,4.394387099935601,0.0,3.5338032576607104,37.0,0.37545,0.0,1.0,2.0,0.01785,0.0,0.5719,0.0033244354637554452,0.014732886342860475,0.01775
Devin Duvernay,WR,ARI,DET,DET@ARI,False,1.0,,False,,,,,,,,,,,,,0.0,0.01325,0.0133,1,0.0,0.0,0.0,60.0,3.115163788645897,0.0,0.0,60.0,0.2671,0.0,0.0,60.0,0.0133,0.0,0.40815,0.0033244354637554452,0.010542776554545575,0.01325
Simi Fehoko,WR,ARI,DET,DET@ARI,False,1.0,,False,,,,,,,,,,,,,0.0,0.00795,0.008,1,0.0,0.0,0.0,60.0,1.959149971946005,0.0,0.0,60.0,0.1683,0.0,0.0,60.0,0.008,0.0,0.2621,0.0033244354637554452,0.007046354049481222,0.00795
Marvin Harrison Jr.,WR,ARI,DET,DET@ARI,False,1.0,,False,,,,,,,,,,,,,0.0,0.16265,0.17665,34,0.0,0.0,0.0,81.0,36.69658973234718,13.934523180911171,52.009991851947355,50.0,2.79835,1.0,4.0,49.0,0.17665,0.0,4.5406,0.0033244354637554452,0.11746819027839879,0.16265
Elijah Higgins,TE,ARI,DET,DET@ARI,False,1.0,,False,,,,,,,,,,,,,0.0,0.0665,0.0688,14,0.0,0.0,0.0,68.0,11.047404860538927,0.0,16.90485506663185,22.0,1.1949,0.0,2.0,18.0,0.0688,0.0,1.60735,0.0033244354637554452,0.04052966017172565,0.0665
Bam Knight,RB,ARI,DET,DET@ARI,False,1.0,,False,,,,,,,,,,,,,0.06055,0.081,0.0842,1,10.59712349687727,1.6578646512401471,14.796996917038715,24.0,4.400656952521008,0.0,6.433795994752169,17.0,0.641,0.0,1.0,15.0,0.02365,2.2285,0.8421,0.08497460504531658,0.023708042913553586,0.081
Jeremiyah Love,RB,ARI,DET,DET@ARI,False,1.0,,False,,,,,,,,,,,,,0.44595,0.4573,0.5945,85,60.82840822829854,38.79030488310191,77.34913475931785,81.0,16.121081420923392,5.347676071729007,23.340070956155717,67.0,2.4548,1.0,3.0,76.0,0.14855,13.48255,3.1633,0.5092720640104171,0.08845686991752004,0.4573
Trey McBride,TE,ARI,DET,DET@ARI,False,1.0,,False,,,,,,,,,,,,,0.0,0.4272,0.5407,85,0.0,0.0,0.0,97.0,72.88682271487475,45.79094032060507,93.81580542333731,80.0,8.3465,6.0,10.0,86.0,0.5407,0.0,11.5877,0.0033244354637554452,0.2923659792745885,0.4272
Michael Wilson,WR,ARI,DET,DET@ARI,False,1.0,,False,,,,,,,,,,,,,0.0,0.3569,0.4314,85,0.0,0.0,0.0,97.0,57.665404355807006,32.17922167080377,76.53579917397738,77.0,5.3706,4.0,7.0,83.0,0.4314,0.0,8.46845,0.0033244354637554452,0.21968868570910857,0.3569
Brock Purdy,QB,SF,SEA,SF@SEA,False,1.0,,False,19.2766,16.0,22.0,91.0,201.31326145549073,151.73224399503346,241.3862100174335,87.0,1.57525,1.0,2.0,81.0,0.0843,0.0814,0.0843,62,,,,,,,,,,,,,,,,,,0.0814
Kaelon Black,RB,SF,SEA,SF@SEA,False,1.0,,False,,,,,,,,,,,,,0.13985,0.1462,0.15705,64,31.299117911940954,15.612528189922145,41.69574320309237,58.0,2.4835885433833274,0.0,1.3298906586075043,67.0,0.3391,0.0,1.0,23.0,0.0172,7.0548,0.4629,0.23535440655223241,0.013060571821693389,0.1462
Brandin Cooks,WR,SF,SEA,SF@SEA,False,1.0,,False,,,,,,,,,,,,,0.0,0.0523,0.0534,1,0.0,0.0,0.0,61.0,10.836189440737183,0.0,16.868121450841635,14.0,0.90115,0.0,1.0,28.0,0.0534,0.0,1.4535,0.005374325016067712,0.042895629934630516,0.0523
Jacob Cowing,WR,SF,SEA,SF@SEA,False,1.0,,False,,,,,,,,,,,,,0.00315,0.0293,0.02975,5,0.8484289609706122,0.0,0.0,65.0,5.686735507785497,0.0,7.144334396106033,27.0,0.46535,0.0,1.0,5.0,0.0266,0.18445,0.7577,0.005995845596157175,0.022039752282132303,0.0293
Mike Evans,WR,SF,SEA,SF@SEA,False,1.0,,False,,,,,,,,,,,,,0.0,0.3031,0.35355,64,0.0,0.0,0.0,97.0,49.36251100495925,24.525847879111048,67.36779587519013,72.0,4.0372,2.0,5.0,76.0,0.35355,0.0,6.6272,0.0030710428663244076,0.19581578636827604,0.3031
Luke Farrell,TE,SF,SEA,SF@SEA,False,1.0,,False,,,,,,,,,,,,,0.0,0.0241,0.0243,5,0.0,0.0,0.0,65.0,4.52630545141781,0.0,5.600600249782592,28.0,0.4556,0.0,1.0,5.0,0.0243,0.0,0.6741,0.0030710428663244076,0.020232908814165798,0.0241
Jordan James,RB,SF,SEA,SF@SEA,False,1.0,,False,,,,,,,,,,,,,0.04145,0.04685,0.048,2,10.570764713489483,1.5850181870265048,14.819716194654756,25.0,0.9483452275542513,0.0,0.0,62.0,0.12975,0.0,0.0,62.0,0.00655,2.35225,0.17595,0.07812553672694611,0.0047922598112984304,0.04685
Kyle Juszczyk,RB,SF,SEA,SF@SEA,False,1.0,,False,,,,,,,,,,,,,0.0,0.1137,0.1193,20,0.0,0.0,0.0,68.0,10.05666828828053,0.0,15.479382646666114,22.0,1.29155,0.0,2.0,22.0,0.1193,0.0,1.7142,0.002997415283144682,0.04771474741454408,0.1137
George Kittle,TE,SF,SEA,SF@SEA,False,1.0,,False,,,,,,,,,,,,,0.0,0.306,0.36305,66,0.0,0.0,0.0,95.0,46.572697312349284,23.994417836783896,63.05903737855584,70.0,4.35775,3.0,6.0,75.0,0.36305,0.0,6.1985,0.0030710428663244076,0.18884963429795898,0.306
Christian McCaffrey,RB,SF,SEA,SF@SEA,False,1.0,,False,,,,,,,,,,,,,0.36905,0.50905,0.6825,85,59.55389799798264,38.22328950694645,75.87167767751828,81.0,34.73521025634443,18.00823631740081,47.04936183944075,75.0,4.5437,3.0,6.0,80.0,0.31345,12.95405,6.1581,0.43406771894400925,0.17103836063161115,0.50905
Deebo Samuel Sr.,WR,SF,SEA,SF@SEA,False,1.0,,False,,,,,,,,,,,,,0.01595,0.2845,0.3306,57,3.772118445256912,0.0,4.763516006136933,49.0,38.807678400809806,16.758674036656597,54.24600063785924,58.0,3.2088,2.0,4.0,69.0,0.31465,0.828,4.9951,0.02795070537895178,0.14850278240898987,0.2845
Jordan Watkins,WR,SF,SEA,SF@SEA,False,1.0,,False,,,,,,,,,,,,,0.0,0.04205,0.04325,3,0.0,0.0,0.0,63.0,9.311200284755984,0.0,14.174467139525314,17.0,0.70015,0.0,1.0,20.0,0.04325,0.0,1.1316,0.004299460012854171,0.033760965478700264,0.04205
Brayden Willis,TE,SF,SEA,SF@SEA,False,1.0,,False,,,,,,,,,,,,,0.0,0.00315,0.00315,1,0.0,0.0,0.0,60.0,0.6119408134281276,0.0,0.0,60.0,0.06225,0.0,0.0,60.0,0.00315,0.0,0.0942,0.003582883344045142,0.002838696348869022,0.00315
Sam Darnold,QB,SEA,SF,SF@SEA,False,1.0,,False,19.31,16.0,22.0,81.0,215.49367135458513,162.14181422823964,258.6844117548713,77.0,1.78795,1.0,3.0,57.0,0.0574,0.05585,0.0574,51,,,,,,,,,,,,,,,,,,0.05585
Elijah Arroyo,TE,SEA,SF,SF@SEA,False,1.0,,False,,,,,,,,,,,,,0.0,0.04245,0.0431,2,0.0,0.0,0.0,62.0,6.1409258769487485,0.0,9.299164131625949,16.0,0.6433,0.0,1.0,15.0,0.0431,0.0,0.9916,0.003262229815323455,0.02872645490818688,0.04245
AJ Barner,TE,SEA,SF,SF@SEA,False,1.0,,False,,,,,,,,,,,,,0.0233,0.30755,0.36085,59,1.113678736604024,0.0,0.0,84.0,30.045416685056505,12.68858331078449,41.870882801059025,55.0,3.1631,2.0,4.0,65.0,0.33755,0.25465,4.5846,0.005980754661426334,0.13364013716976386,0.30755
Montorie Foster Jr,WR,SEA,SF,SF@SEA,False,1.0,,False,,,,,,,,,,,,,0.0,0.01155,0.01155,1,0.0,0.0,0.0,60.0,2.106936917017606,0.0,0.0,60.0,0.1816,0.0,0.0,60.0,0.01155,0.0,0.2932,0.005708902176816046,0.00854305500139244,0.01155
George Holani,RB,SEA,SF,SF@SEA,False,1.0,,False,,,,,,,,,,,,,0.1992,0.26005,0.29475,66,30.944241654196436,15.265352123620662,41.373953799650806,60.0,8.774769715465345,0.0,13.427313996149529,39.0,1.2473,0.0,2.0,37.0,0.09555,7.56335,1.6673,0.17829966896321653,0.047136227034003074,0.26005
Tory Horton,WR,SEA,SF,SF@SEA,False,1.0,,False,,,,,,,,,,,,,0.0,0.10845,0.1147,13,0.0,0.0,0.0,66.0,14.987648650958334,0.0,22.80572235426459,21.0,1.2744,0.0,2.0,19.0,0.1147,0.0,2.04775,0.0038059347845440313,0.06098935874830184,0.10845
Cooper Kupp,WR,SEA,SF,SF@SEA,False,1.0,,False,,,,,,,,,,,,,0.0,0.17235,0.18845,27,0.0,0.0,0.0,79.0,29.276128272760992,9.835287276706637,42.491458237327116,46.0,2.4819,1.0,3.0,55.0,0.18845,0.0,3.87455,0.003262229815323455,0.11564225014598997,0.17235
Brady Russell,RB,SEA,SF,SF@SEA,False,1.0,,False,,,,,,,,,,,,,0.0,0.02365,0.0238,4,0.0,0.0,0.0,64.0,3.0414458652327676,0.0,3.411811912958286,30.0,0.42605,0.0,1.0,4.0,0.0238,0.0,0.57465,0.0028565878489370602,0.015908084359317815,0.02365
Eric Saubert,TE,SEA,SF,SF@SEA,False,1.0,,False,,,,,,,,,,,,,0.0,0.0814,0.08445,16,0.0,0.0,0.0,65.0,4.194303530063306,0.0,5.148178102030684,28.0,0.45635,0.0,1.0,5.0,0.08445,0.0,0.672,0.003262229815323455,0.019484648712587753,0.0814
Rashid Shaheed,WR,SEA,SF,SF@SEA,False,1.0,,False,,,,,,,,,,,,,0.0106,0.1838,0.20125,37,2.3164544779206264,0.0,1.5400805749330595,64.0,30.995939758183532,11.778940411428174,44.080519411125124,53.0,2.8005,1.0,4.0,52.0,0.19065,0.5253,4.5843,0.012571117924706042,0.1384342180920213,0.1838
Jaxon Smith-Njigba,WR,SEA,SF,SF@SEA,False,1.0,,False,,,,,,,,,,,,,0.0,0.51335,0.6941,85,0.0,0.0,0.0,97.0,93.44959020029904,56.69204468594408,121.2352519165155,79.0,6.91125,5.0,9.0,83.0,0.6941,0.0,10.3869,0.003262229815323455,0.3117321820838493,0.51335
Emanuel Wilson,RB,SEA,SF,SF@SEA,False,1.0,,False,,,,,,,,,,,,,0.4757,0.44365,0.5666,85,66.33480007368036,43.474691889713064,83.80985175823092,82.0,7.95392609634313,0.0,12.265173783876453,54.0,1.1151,0.0,2.0,46.0,0.0909,16.36655,1.5195,0.3854656705746217,0.04332789584955171,0.44365
Lamar Jackson,QB,BAL,ATL,BAL@ATL,False,0.98,DNP,False,18.13088205337136,15.0,21.0,88.0,217.84733752335947,163.40991284173953,261.17186322413534,85.0,1.0873395803625994,0.0,2.0,44.0,0.12090038704420453,0.11448360154817681,0.12090038704420453,60,,,,,,,,,,,,,,,,,,0.11219392951721327
Rasheen Ali,RB,BAL,ATL,BAL@ATL,False,1.0,,False,,,,,,,,,,,,,0.00935,0.02495,0.0253,1,1.8216272092916554,0.0,0.9007088960821321,45.0,2.9078967290279993,0.0,2.6652087644520774,33.0,0.3918,0.0,1.0,1.0,0.01595,0.4602,0.53085,0.014580223883062873,0.015559063618153094,0.02495
Mark Andrews,TE,BAL,ATL,BAL@ATL,False,0.9479829842591244,Full,False,,,,,,,,,,,,,0.0,0.23173883234006645,0.2605347819207848,56,0.0,0.0,0.0,93.0,40.2440261070003,19.98855437358014,54.9562170808369,68.0,4.2469279046463795,3.0,6.0,73.0,0.2605347819207848,0.0,6.253731343283582,0.0033505810797807047,0.18896138485415612,0.21968446985046108
Rashod Bateman,WR,BAL,ATL,BAL@ATL,False,0.9575230478992892,Limited,False,,,,,,,,,,,,,0.0,0.16215793588741204,0.17571019025280166,36,0.0,0.0,0.0,80.0,32.445996340993524,11.015660845587503,46.73944374455117,49.0,2.4458691686213188,1.0,3.0,57.0,0.17571019025280166,0.0,4.062444618191296,0.0033505810797807047,0.11304039849100514,0.1552699610119723
Josh Cuevas,TE,BAL,ATL,BAL@ATL,False,1.0,,False,,,,,,,,,,,,,0.0,0.00895,0.00895,2,0.0,0.0,0.0,62.0,2.085602819059175,0.0,0.0,62.0,0.20635,0.0,0.0,62.0,0.00895,0.0,0.3043,0.0033505810797807047,0.009294297494993331,0.00895
Zay Flowers,WR,BAL,ATL,BAL@ATL,False,0.9575230478992892,Limited,False,,,,,,,,,,,,,0.004437483685721744,0.30602975724353954,0.35839206473505614,58,0.9159230653340349,0.0,0.0,91.0,88.8160917512657,51.289766016672814,117.63360713797022,70.0,5.736935525972331,4.0,7.0,76.0,0.35395458104933436,0.22359697206995563,8.640146175933177,0.007337968505133763,0.24387230716373148,0.2930305459037136
Derrick Henry,RB,BAL,ATL,BAL@ATL,False,1.0,,False,,,,,,,,,,,,,0.64415,0.5118,0.6914,85,77.44115589154097,53.04043175075175,96.43883622482366,83.0,8.717954256084715,0.0,13.600941577112202,53.0,1.1908,0.0,2.0,49.0,0.04725,19.5122,1.6237,0.6096151480726455,0.047920297792953204,0.5118
Matthew Hibner,TE,BAL,ATL,BAL@ATL,False,1.0,,False,,,,,,,,,,,,,0.0,0.05,0.051,14,0.0,0.0,0.0,68.0,6.834270715164201,0.0,10.207312822620718,23.0,0.67275,0.0,1.0,23.0,0.051,0.0,0.98285,0.0033505810797807047,0.028866262668102594,0.05
Justice Hill,RB,BAL,ATL,BAL@ATL,False,1.0,,False,,,,,,,,,,,,,0.06275,0.11245,0.1185,19,11.954087240375216,2.805499700088326,16.165834207583075,44.0,10.61435145496485,0.0,16.120797794531974,32.0,1.39475,0.0,2.0,34.0,0.05575,3.04475,1.86015,0.09454470175228535,0.05464796245885075,0.11245
Chris Moore,WR,BAL,ATL,BAL@ATL,False,0.9575230478992892,Limited,False,,,,,,,,,,,,,0.0,0.09508418912578846,0.09967158421519054,15,0.0,0.0,0.0,67.0,19.25584206180637,0.0,29.183720485089218,23.0,1.459365062816035,0.0,2.0,27.0,0.09967158421519054,0.0,2.4202158160871603,0.0039090112597441554,0.06779387238461833,0.09104530257875743
Elijah Sarratt,WR,BAL,ATL,BAL@ATL,False,1.0,,False,,,,,,,,,,,,,0.0,0.05155,0.0528,2,0.0,0.0,0.0,62.0,13.426768973379259,0.0,20.891860236287172,15.0,1.0856,0.0,2.0,7.0,0.0528,0.0,1.72965,0.005863516889616232,0.04788492639190103,0.05155
Devontez Walker,WR,BAL,ATL,BAL@ATL,False,1.0,,False,,,,,,,,,,,,,0.0,0.03915,0.0395,9,0.0,0.0,0.0,68.0,11.41615810247963,0.0,17.57818215633816,22.0,0.8317,0.0,1.0,32.0,0.0395,0.0,1.339,0.0039090112597441554,0.03731054551729006,0.03915
LaJohntay Wester,WR,BAL,ATL,BAL@ATL,False,1.0,,False,,,,,,,,,,,,,0.0,0.01745,0.01765,7,0.0,0.0,0.0,66.0,4.438008679364585,0.0,3.522117585156967,43.0,0.367,0.0,1.0,6.0,0.01765,0.0,0.5817,0.0033505810797807047,0.016153341357279926,0.01745
Michael Penix Jr.,QB,ATL,BAL,BAL@ATL,False,1.0,,False,16.18665,13.0,19.0,66.0,183.01224044074698,135.04953047002837,221.0429155620622,63.0,1.0586,0.0,2.0,20.0,0.0614,0.05955,0.0614,36,,,,,,,,,,,,,,,,,,0.05955
Chris Blair,WR,ATL,BAL,BAL@ATL,False,1.0,,False,,,,,,,,,,,,,0.0,0.02215,0.02235,5,0.0,0.0,0.0,65.0,4.646766681597595,0.0,4.742963337465963,34.0,0.38655,0.0,1.0,5.0,0.02235,0.0,0.6345,0.0031502759534442386,0.022943739101831354,0.02215
Zachariah Branch,WR,ATL,BAL,BAL@ATL,False,1.0,,False,,,,,,,,,,,,,0.0,0.0458,0.047,11,0.0,0.0,0.0,70.0,9.152855917590237,0.0,14.26345492247563,23.0,0.8044,0.0,1.0,32.0,0.047,0.0,1.29415,0.0031502759534442386,0.047572260203136776,0.0458
Jahan Dotson,WR,ATL,BAL,BAL@ATL,False,1.0,,False,,,,,,,,,,,,,0.0,0.10735,0.11355,23,0.0,0.0,0.0,81.0,24.183105967141127,5.695036930057852,36.23649886403797,43.0,1.8907,1.0,3.0,49.0,0.11355,0.0,3.23585,0.0031502759534442386,0.11891367777770208,0.10735
Austin Hooper,TE,ATL,BAL,BAL@ATL,False,1.0,,False,,,,,,,,,,,,,0.0,0.08535,0.0891,18,0.0,0.0,0.0,71.0,10.935573601643625,0.0,16.967393116342777,25.0,1.07455,0.0,2.0,15.0,0.0891,0.0,1.58115,0.0031502759534442386,0.05896569395380625,0.08535
Drake London,WR,ATL,BAL,BAL@ATL,False,1.0,,False,,,,,,,,,,,,,0.01035,0.2389,0.26945,44,1.4551459481268594,0.0,0.0,97.0,68.17582984192504,36.210132261010706,91.84899285892273,76.0,4.5692,3.0,6.0,80.0,0.2591,0.3301,7.2851,0.009819206903275791,0.2657058886880604,0.2389
Nick Muse,TE,ATL,BAL,BAL@ATL,False,1.0,,False,,,,,,,,,,,,,0.0,0.00575,0.00575,1,0.0,0.0,0.0,60.0,1.1158609100122794,0.0,0.0,60.0,0.11475,0.0,0.0,60.0,0.00575,0.0,0.1727,0.0031502759534442386,0.006412526636874322,0.00575
Kyle Pitts,TE,ATL,BAL,BAL@ATL,False,1.0,,False,,,,,,,,,,,,,0.0,0.13435,0.145,16,0.0,0.0,0.0,74.0,27.535656694105906,10.526482261219982,38.94636242143086,43.0,2.7273,1.0,4.0,41.0,0.145,0.0,4.0386,0.0031502759534442386,0.14883344518443625,0.13435
Bijan Robinson,RB,ATL,BAL,BAL@ATL,False,1.0,,False,,,,,,,,,,,,,0.8234,0.6628,1.02755,85,96.19389804076391,68.37602768651413,119.25943110829314,84.0,28.059104381080058,12.785548828585664,39.1372086112342,72.0,3.4707,2.0,5.0,74.0,0.20415,17.8107,4.75285,0.5235796372245433,0.18925834294243946,0.6628
Brian Robinson,RB,ATL,BAL,BAL@ATL,False,1.0,,False,,,,,,,,,,,,,0.37905,0.36185,0.4358,70,37.653467005838095,20.12673034680131,50.1953563492873,69.0,3.3704015657856266,0.0,4.469044086549005,54.0,0.4648,0.0,1.0,33.0,0.05675,8.50455,0.6322,0.25096651855602936,0.02478586043366652,0.36185
Charlie Woerner,TE,ATL,BAL,BAL@ATL,False,1.0,,False,,,,,,,,,,,,,0.0,0.0516,0.0526,9,0.0,0.0,0.0,63.0,3.2985593951513175,0.0,2.1599692347807413,44.0,0.3407,0.0,1.0,3.0,0.0526,0.0,0.5141,0.0031502759534442386,0.019074873176285142,0.0516
Olamide Zaccheaus,WR,ATL,BAL,BAL@ATL,False,1.0,,False,,,,,,,,,,,,,0.0,0.1123,0.1193,18,0.0,0.0,0.0,71.0,15.62220061971428,0.8739843173290491,23.45181710624111,28.0,1.50695,1.0,2.0,51.0,0.1193,0.0,2.4613,0.0031502759534442386,0.08995595154860761,0.1123
Josh Allen,QB,BUF,LA,BUF@LA,False,1.0,,False,17.74355,15.0,20.0,92.0,198.83340064560534,147.79979952190052,240.5619598333563,86.0,1.43905,1.0,2.0,79.0,0.3498,0.3005,0.3498,62,,,,,,,,,,,,,,,,,,0.3005
Keon Coleman,WR,BUF,LA,BUF@LA,False,1.0,,False,,,,,,,,,,,,,0.0,0.1859,0.20345,39,0.0,0.0,0.0,86.0,31.11275124665632,10.666521003150347,44.98179242854463,53.0,2.4602,1.0,3.0,61.0,0.20345,0.0,4.17495,0.003392941625850868,0.1301267530969299,0.1859
James Cook,RB,BUF,LA,BUF@LA,False,1.0,,False,,,,,,,,,,,,,0.7851,0.6181,0.91475,85,84.69240592614989,58.8960918857957,105.30166042890443,84.0,12.179301330863535,1.5135478517439032,18.29728989398962,59.0,1.61505,1.0,2.0,81.0,0.12965,15.9337,2.3677,0.5745358041937717,0.07355259779299152,0.6181
Ray Davis,RB,BUF,LA,BUF@LA,False,1.0,,False,,,,,,,,,,,,,0.05425,0.0683,0.0704,3,6.430114747701799,0.0,8.619337799978783,22.0,2.156316244709568,0.0,0.0,63.0,0.29885,0.0,0.0,63.0,0.01615,1.48425,0.4408,0.05343878027049583,0.01374792486684495,0.0683
Greg Dortch,WR,BUF,LA,BUF@LA,False,1.0,,False,,,,,,,,,,,,,0.0,0.02255,0.02265,1,0.0,0.0,0.0,60.0,4.304140641016363,0.0,4.618069704921312,28.0,0.3928,0.0,1.0,1.0,0.02265,0.0,0.65305,0.003392941625850868,0.020426963710725405,0.02255
Frank Gore Jr.,RB,BUF,LA,BUF@LA,False,1.0,,False,,,,,,,,,,,,,0.03835,0.0429,0.04345,1,4.096448472555227,0.0,5.153992096773984,23.0,0.8049625305828747,0.0,0.0,61.0,0.11105,0.0,0.0,61.0,0.0051,0.97875,0.16235,0.035398489107721476,0.005049536016710262,0.0429
Jackson Hawes,TE,BUF,LA,BUF@LA,False,1.0,,False,,,,,,,,,,,,,0.0,0.0218,0.0221,2,0.0,0.0,0.0,62.0,3.628276231820842,0.0,2.8271596762010804,38.0,0.36325,0.0,1.0,2.0,0.0221,0.0,0.593,0.003392941625850868,0.020000343307203145,0.0218
Ty Johnson,RB,BUF,LA,BUF@LA,False,1.0,,False,,,,,,,,,,,,,0.09765,0.19365,0.2132,19,10.950497061041931,2.2051369704662633,14.81827279973926,33.0,13.970496829890116,2.24147484218591,20.962636009650836,27.0,1.7019,1.0,2.0,50.0,0.11555,2.6492,2.5318,0.09494932660053809,0.07891110438646139,0.19365
Dalton Kincaid,TE,BUF,LA,BUF@LA,False,1.0,,False,,,,,,,,,,,,,0.0,0.17725,0.194,39,0.0,0.0,0.0,90.0,36.35100011621168,15.121162519032273,51.21670602267903,61.0,3.09495,2.0,4.0,71.0,0.194,0.0,4.82925,0.003392941625850868,0.16248131867061974,0.17725
Dawson Knox,TE,BUF,LA,BUF@LA,False,1.0,,False,,,,,,,,,,,,,0.0068,0.11015,0.11685,22,0.8245594663686472,0.0,0.0,70.0,10.843461085212617,0.0,16.591804207229085,24.0,1.0867,0.0,2.0,14.0,0.11005,0.19325,1.73855,0.006820155389336594,0.05831967232573491,0.11015
Keleki Latu,TE,BUF,LA,BUF@LA,False,1.0,,False,,,,,,,,,,,,,0.0,0.00425,0.00425,1,0.0,0.0,0.0,60.0,0.6812719225880801,0.0,0.0,60.0,0.06575,0.0,0.0,60.0,0.00425,0.0,0.1075,0.003392941625850868,0.00375454697026336,0.00425
DJ Moore,WR,BUF,LA,BUF@LA,False,1.0,,False,,,,,,,,,,,,,0.0139,0.23505,0.26465,52,1.4479982151068236,0.0,0.0,92.0,38.08426472750164,15.13224695575899,53.8211004542797,62.0,2.8929,2.0,4.0,71.0,0.25075,0.34375,5.15995,0.012189456952130896,0.15987487467626524,0.23505
Josh Palmer,WR,BUF,LA,BUF@LA,False,1.0,,False,,,,,,,,,,,,,0.0,0.08345,0.0864,16,0.0,0.0,0.0,74.0,18.651101100042045,0.0,28.465486553895246,29.0,1.3093,0.0,2.0,29.0,0.0864,0.0,2.40695,0.003392941625850868,0.07456817171400026,0.08345
Khalil Shakir,WR,BUF,LA,BUF@LA,False,1.0,,False,,,,,,,,,,,,,0.0,0.29845,0.3481,68,0.0,0.0,0.0,97.0,40.349443028515125,18.678124570566382,55.92192568442007,69.0,3.60675,2.0,5.0,72.0,0.3481,0.0,6.08925,0.003392941625850868,0.19028190712246992,0.29845
Matthew Stafford,QB,LA,BUF,BUF@LA,False,1.0,,False,21.82765,19.0,25.0,92.0,267.6988927272744,200.9320623668715,320.51751488091156,87.0,2.03875,1.0,3.0,71.0,0.09455,0.09035,0.09455,62,,,,,,,,,,,,,,,,,,0.09035
Davante Adams,WR,LA,BUF,BUF@LA,False,1.0,,False,,,,,,,,,,,,,0.0,0.4342,0.55195,66,0.0,0.0,0.0,97.0,76.61534628455483,41.032568534616175,102.56395909762043,76.0,4.99465,3.0,6.0,82.0,0.55195,0.0,8.80145,0.0031610623920732108,0.19858760247758686,0.4342
Davis Allen,TE,LA,BUF,BUF@LA,False,1.0,,False,,,,,,,,,,,,,0.0,0.0571,0.0587,12,0.0,0.0,0.0,71.0,9.549791164092692,0.0,14.723136729989427,25.0,0.9613,0.0,1.0,40.0,0.0587,0.0,1.4578,0.0031610623920732108,0.03588219245948672,0.0571
Tutu Atwell,WR,LA,BUF,BUF@LA,False,1.0,,False,,,,,,,,,,,,,0.0,0.061,0.0622,4,0.0,0.0,0.0,64.0,11.156078374088619,0.0,17.114082693642754,18.0,0.863,0.0,1.0,29.0,0.0622,0.0,1.41725,0.004425487348902494,0.03211023049436882,0.061
Alex Bachman,WR,LA,BUF,BUF@LA,False,1.0,,False,,,,,,,,,,,,,0.0,0.0121,0.01215,1,0.0,0.0,0.0,60.0,2.316630939824558,0.0,0.0,60.0,0.1799,0.0,0.0,60.0,0.01215,0.0,0.30265,0.005531859186128118,0.006649207669315253,0.0121
Dean Connors,RB,LA,BUF,BUF@LA,False,1.0,,False,,,,,,,,,,,,,0.00495,0.0097,0.0098,1,0.7481510951307085,0.0,0.0,60.0,0.6699926937208945,0.0,0.0,60.0,0.0909,0.0,0.0,60.0,0.00485,0.17755,0.1259,0.006149077883509232,0.003046940170706678,0.0097
Blake Corum,RB,LA,BUF,BUF@LA,False,1.0,,False,,,,,,,,,,,,,0.27925,0.31625,0.37075,40,37.40767147008577,20.469496627138625,49.50331393519274,68.0,5.858332237360903,0.0,8.85321454066072,46.0,0.76675,0.0,1.0,52.0,0.0915,7.8652,1.06985,0.26616492567221123,0.025578523476510427,0.31625
Tyler Higbee,TE,LA,BUF,BUF@LA,False,1.0,,False,,,,,,,,,,,,,0.0,0.21235,0.2369,44,0.0,0.0,0.0,90.0,25.951254165715156,8.515337135358383,37.32646217627736,57.0,2.47815,1.0,4.0,54.0,0.2369,0.0,3.77115,0.0031610623920732108,0.09300987547845861,0.21235
Konata Mumpfield,WR,LA,BUF,BUF@LA,False,1.0,,False,,,,,,,,,,,,,0.0,0.1234,0.13105,30,0.0,0.0,0.0,82.0,16.266641544196055,0.0,24.827548681599367,37.0,1.1664,0.0,2.0,31.0,0.13105,0.0,2.1544,0.0031610623920732108,0.048509016879966,0.1234
Puka Nacua,WR,LA,BUF,BUF@LA,False,1.0,,False,,,,,,,,,,,,,0.04475,0.42065,0.5304,42,1.3473190679833398,0.0,0.0,88.0,89.74904154343689,52.44744538373295,118.07955177675137,66.0,6.56235,5.0,8.0,74.0,0.48565,0.3084,10.4161,0.010326137147439155,0.23532980121091074,0.42065
Colby Parkinson,TE,LA,BUF,BUF@LA,False,1.0,,False,,,,,,,,,,,,,0.0,0.1664,0.17965,20,0.0,0.0,0.0,68.0,15.59852506709146,0.0,23.57338590948392,23.0,1.55465,0.0,2.0,29.0,0.17965,0.0,2.32325,0.0036879061240854124,0.05739634136622299,0.1664
Jordan Whittington,WR,LA,BUF,BUF@LA,False,1.0,,False,,,,,,,,,,,,,0.0,0.0548,0.05605,5,0.0,0.0,0.0,65.0,9.80923953745484,0.0,14.947755007353358,19.0,0.78335,0.0,1.0,27.0,0.05605,0.0,1.25995,0.0036879061240854124,0.0283203498503757,0.0548
Kyren Williams,RB,LA,BUF,BUF@LA,False,1.0,,False,,,,,,,,,,,,,0.71425,0.6416,0.98215,85,71.69128020598156,47.92414703511094,90.35332207529945,82.0,23.517785194295428,9.127660623133513,33.25512862695945,69.0,2.9942,2.0,4.0,80.0,0.2679,14.20565,4.232,0.47929651004145757,0.09969113861169691,0.6416
