player,team,opp,pos,game,market,prob,fair_odds,rush_td_mean,rec_td_mean,confidence,injury_flag,key_drivers,p_active,note
Jalon Daniels,TB,DAL,QB,TB@DAL,anytime_td,0.09185,989.0,0.0952,0.0,C,-,team att 34.0; ypa 7.24; opp d_ypa 1.09; pass rate 60.6%,1.0,
Jalon Daniels,TB,DAL,QB,TB@DAL,first_td,0.018173247308247306,5403.0,0.0952,0.0,C,-,team att 34.0; ypa 7.24; opp d_ypa 1.09; pass rate 60.6%,1.0,
Jalon Daniels,TB,DAL,QB,TB@DAL,last_td,0.018173247308247306,5403.0,0.0952,0.0,C,-,team att 34.0; ypa 7.24; opp d_ypa 1.09; pass rate 60.6%,1.0,
Jalon Daniels,TB,DAL,QB,TB@DAL,2plus_td,0.0033,30203.0,0.0952,0.0,C,-,team att 34.0; ypa 7.24; opp d_ypa 1.09; pass rate 60.6%,1.0,
Emeka Egbuka,TB,DAL,WR,TB@DAL,anytime_td,0.2062,385.0,0.0049,0.22215,B,-,tgt_sh 20.2%; team att 34.0; opp DvP 0.90; RZ tgt 3,1.0,
Emeka Egbuka,TB,DAL,WR,TB@DAL,first_td,0.04299082653457654,2226.0,0.0049,0.22215,B,-,tgt_sh 20.2%; team att 34.0; opp DvP 0.90; RZ tgt 3,1.0,
Emeka Egbuka,TB,DAL,WR,TB@DAL,last_td,0.04299082653457654,2226.0,0.0049,0.22215,B,-,tgt_sh 20.2%; team att 34.0; opp DvP 0.90; RZ tgt 3,1.0,
Emeka Egbuka,TB,DAL,WR,TB@DAL,2plus_td,0.0194,5055.0,0.0049,0.22215,B,-,tgt_sh 20.2%; team att 34.0; opp DvP 0.90; RZ tgt 3,1.0,
Kenny Gainwell,TB,DAL,RB,TB@DAL,anytime_td,0.204,390.0,0.09655,0.1282,B,-,tgt_sh 9.1%; team att 34.0; opp DvP 0.93; RZ tgt 3; car_sh 14.9%; team rush 24.1; opp d_ypc 1.08; inside-10 car 0,1.0,
Kenny Gainwell,TB,DAL,RB,TB@DAL,first_td,0.04268462884337884,2243.0,0.09655,0.1282,B,-,tgt_sh 9.1%; team att 34.0; opp DvP 0.93; RZ tgt 3; car_sh 14.9%; team rush 24.1; opp d_ypc 1.08; inside-10 car 0,1.0,
Kenny Gainwell,TB,DAL,RB,TB@DAL,last_td,0.04268462884337884,2243.0,0.09655,0.1282,B,-,tgt_sh 9.1%; team att 34.0; opp DvP 0.93; RZ tgt 3; car_sh 14.9%; team rush 24.1; opp d_ypc 1.08; inside-10 car 0,1.0,
Kenny Gainwell,TB,DAL,RB,TB@DAL,2plus_td,0.01925,5095.0,0.09655,0.1282,B,-,tgt_sh 9.1%; team att 34.0; opp DvP 0.93; RZ tgt 3; car_sh 14.9%; team rush 24.1; opp d_ypc 1.08; inside-10 car 0,1.0,
Chris Godwin Jr.,TB,DAL,WR,TB@DAL,anytime_td,0.12445,704.0,0.00805,0.12395,B,-,tgt_sh 15.2%; team att 34.0; opp DvP 0.90; RZ tgt 0,1.0,
Chris Godwin Jr.,TB,DAL,WR,TB@DAL,first_td,0.024743180569430565,3942.0,0.00805,0.12395,B,-,tgt_sh 15.2%; team att 34.0; opp DvP 0.90; RZ tgt 0,1.0,
Chris Godwin Jr.,TB,DAL,WR,TB@DAL,last_td,0.024743180569430565,3942.0,0.00805,0.12395,B,-,tgt_sh 15.2%; team att 34.0; opp DvP 0.90; RZ tgt 0,1.0,
Chris Godwin Jr.,TB,DAL,WR,TB@DAL,2plus_td,0.00715,13886.0,0.00805,0.12395,B,-,tgt_sh 15.2%; team att 34.0; opp DvP 0.90; RZ tgt 0,1.0,
Ted Hurst III,TB,DAL,WR,TB@DAL,anytime_td,0.12715,686.0,0.0,0.1338,C,-,tgt_sh 12.1%; team att 34.0; opp DvP 0.90; RZ tgt 2,1.0,
Ted Hurst III,TB,DAL,WR,TB@DAL,first_td,0.025106522227772227,3883.0,0.0,0.1338,C,-,tgt_sh 12.1%; team att 34.0; opp DvP 0.90; RZ tgt 2,1.0,
Ted Hurst III,TB,DAL,WR,TB@DAL,last_td,0.025106522227772227,3883.0,0.0,0.1338,C,-,tgt_sh 12.1%; team att 34.0; opp DvP 0.90; RZ tgt 2,1.0,
Ted Hurst III,TB,DAL,WR,TB@DAL,2plus_td,0.00655,15167.0,0.0,0.1338,C,-,tgt_sh 12.1%; team att 34.0; opp DvP 0.90; RZ tgt 2,1.0,
Bucky Irving,TB,DAL,RB,TB@DAL,anytime_td,0.42115,137.0,0.3676,0.1616,B,-,tgt_sh 10.6%; team att 34.0; opp DvP 0.93; RZ tgt 4; car_sh 52.9%; team rush 24.1; opp d_ypc 1.08; inside-10 car 1,1.0,
Bucky Irving,TB,DAL,RB,TB@DAL,first_td,0.10096895493395493,890.0,0.3676,0.1616,B,-,tgt_sh 10.6%; team att 34.0; opp DvP 0.93; RZ tgt 4; car_sh 52.9%; team rush 24.1; opp d_ypc 1.08; inside-10 car 1,1.0,
Bucky Irving,TB,DAL,RB,TB@DAL,last_td,0.10096895493395493,890.0,0.3676,0.1616,B,-,tgt_sh 10.6%; team att 34.0; opp DvP 0.93; RZ tgt 4; car_sh 52.9%; team rush 24.1; opp d_ypc 1.08; inside-10 car 1,1.0,
Bucky Irving,TB,DAL,RB,TB@DAL,2plus_td,0.0946,957.0,0.3676,0.1616,B,-,tgt_sh 10.6%; team att 34.0; opp DvP 0.93; RZ tgt 4; car_sh 52.9%; team rush 24.1; opp d_ypc 1.08; inside-10 car 1,1.0,
Kameron Johnson,TB,DAL,WR,TB@DAL,anytime_td,0.01515,6501.0,0.0,0.0152,C,-,w_td 0.02; team TD 1.82,1.0,
Kameron Johnson,TB,DAL,WR,TB@DAL,first_td,0.0028652038239538238,34802.0,0.0,0.0152,C,-,w_td 0.02; team TD 1.82,1.0,
Kameron Johnson,TB,DAL,WR,TB@DAL,last_td,0.0028652038239538238,34802.0,0.0,0.0152,C,-,w_td 0.02; team TD 1.82,1.0,
Kameron Johnson,TB,DAL,WR,TB@DAL,2plus_td,5e-05,999900.0,0.0,0.0152,C,-,w_td 0.02; team TD 1.82,1.0,
Tez Johnson,TB,DAL,WR,TB@DAL,anytime_td,0.0974,927.0,0.00875,0.09375,C,-,tgt_sh 6.8%; team att 34.0; opp DvP 0.90; RZ tgt 2,1.0,
Tez Johnson,TB,DAL,WR,TB@DAL,first_td,0.019527115800865802,5021.0,0.00875,0.09375,C,-,tgt_sh 6.8%; team att 34.0; opp DvP 0.90; RZ tgt 2,1.0,
Tez Johnson,TB,DAL,WR,TB@DAL,last_td,0.019527115800865802,5021.0,0.00875,0.09375,C,-,tgt_sh 6.8%; team att 34.0; opp DvP 0.90; RZ tgt 2,1.0,
Tez Johnson,TB,DAL,WR,TB@DAL,2plus_td,0.00495,20102.0,0.00875,0.09375,C,-,tgt_sh 6.8%; team att 34.0; opp DvP 0.90; RZ tgt 2,1.0,
Cade Otton,TB,DAL,TE,TB@DAL,anytime_td,0.18665,436.0,0.0,0.20495,B,-,tgt_sh 18.5%; team att 34.0; opp DvP 1.11; RZ tgt 2,1.0,
Cade Otton,TB,DAL,TE,TB@DAL,first_td,0.03883494588744588,2475.0,0.0,0.20495,B,-,tgt_sh 18.5%; team att 34.0; opp DvP 1.11; RZ tgt 2,1.0,
Cade Otton,TB,DAL,TE,TB@DAL,last_td,0.03883494588744588,2475.0,0.0,0.20495,B,-,tgt_sh 18.5%; team att 34.0; opp DvP 1.11; RZ tgt 2,1.0,
Cade Otton,TB,DAL,TE,TB@DAL,2plus_td,0.01715,5731.0,0.0,0.20495,B,-,tgt_sh 18.5%; team att 34.0; opp DvP 1.11; RZ tgt 2,1.0,
Sean Tucker,TB,DAL,RB,TB@DAL,anytime_td,0.06545,1428.0,0.06145,0.006,C,-,w_td 0.09; team TD 1.82,1.0,
Sean Tucker,TB,DAL,RB,TB@DAL,first_td,0.013113093434343435,7526.0,0.06145,0.006,C,-,w_td 0.09; team TD 1.82,1.0,
Sean Tucker,TB,DAL,RB,TB@DAL,last_td,0.013113093434343435,7526.0,0.06145,0.006,C,-,w_td 0.09; team TD 1.82,1.0,
Sean Tucker,TB,DAL,RB,TB@DAL,2plus_td,0.002,49900.0,0.06145,0.006,C,-,w_td 0.09; team TD 1.82,1.0,
Dak Prescott,DAL,TB,QB,TB@DAL,anytime_td,0.11255,788.0,0.11915,0.0,B,-,team att 34.3; ypa 7.09; opp d_ypa 0.98; pass rate 59.1%,1.0,
Dak Prescott,DAL,TB,QB,TB@DAL,first_td,0.023765868159618158,4108.0,0.11915,0.0,B,-,team att 34.3; ypa 7.09; opp d_ypa 0.98; pass rate 59.1%,1.0,
Dak Prescott,DAL,TB,QB,TB@DAL,last_td,0.023765868159618158,4108.0,0.11915,0.0,B,-,team att 34.3; ypa 7.09; opp d_ypa 0.98; pass rate 59.1%,1.0,
Dak Prescott,DAL,TB,QB,TB@DAL,2plus_td,0.00645,15404.0,0.11915,0.0,B,-,team att 34.3; ypa 7.09; opp d_ypa 0.98; pass rate 59.1%,1.0,
Emari Demercado,DAL,TB,RB,TB@DAL,anytime_td,0.12445,704.0,0.108,0.024,C,-,car_sh 12.4%; team rush 24.9; opp d_ypc 0.88; inside-10 car 0,1.0,
Emari Demercado,DAL,TB,RB,TB@DAL,first_td,0.026110514624264624,3730.0,0.108,0.024,C,-,car_sh 12.4%; team rush 24.9; opp d_ypc 0.88; inside-10 car 0,1.0,
Emari Demercado,DAL,TB,RB,TB@DAL,last_td,0.026110514624264624,3730.0,0.108,0.024,C,-,car_sh 12.4%; team rush 24.9; opp d_ypc 0.88; inside-10 car 0,1.0,
Emari Demercado,DAL,TB,RB,TB@DAL,2plus_td,0.00725,13693.0,0.108,0.024,C,-,car_sh 12.4%; team rush 24.9; opp d_ypc 0.88; inside-10 car 0,1.0,
Jake Ferguson,DAL,TB,TE,TB@DAL,anytime_td,0.25145,298.0,0.0,0.28855,C,-,tgt_sh 12.6%; team att 34.3; opp DvP 1.04; RZ tgt 4,1.0,
Jake Ferguson,DAL,TB,TE,TB@DAL,first_td,0.05669426032301032,1664.0,0.0,0.28855,C,-,tgt_sh 12.6%; team att 34.3; opp DvP 1.04; RZ tgt 4,1.0,
Jake Ferguson,DAL,TB,TE,TB@DAL,last_td,0.05669426032301032,1664.0,0.0,0.28855,C,-,tgt_sh 12.6%; team att 34.3; opp DvP 1.04; RZ tgt 4,1.0,
Jake Ferguson,DAL,TB,TE,TB@DAL,2plus_td,0.0337,2867.0,0.0,0.28855,C,-,tgt_sh 12.6%; team att 34.3; opp DvP 1.04; RZ tgt 4,1.0,
Ryan Flournoy,DAL,TB,WR,TB@DAL,anytime_td,0.2801,257.0,0.0,0.3222,B,-,tgt_sh 13.4%; team att 34.3; opp DvP 1.04; RZ tgt 5,1.0,
Ryan Flournoy,DAL,TB,WR,TB@DAL,first_td,0.06237310717060717,1503.0,0.0,0.3222,B,-,tgt_sh 13.4%; team att 34.3; opp DvP 1.04; RZ tgt 5,1.0,
Ryan Flournoy,DAL,TB,WR,TB@DAL,last_td,0.06237310717060717,1503.0,0.0,0.3222,B,-,tgt_sh 13.4%; team att 34.3; opp DvP 1.04; RZ tgt 5,1.0,
Ryan Flournoy,DAL,TB,WR,TB@DAL,2plus_td,0.03855,2494.0,0.0,0.3222,B,-,tgt_sh 13.4%; team att 34.3; opp DvP 1.04; RZ tgt 5,1.0,
Tyler Goodson,DAL,TB,RB,TB@DAL,anytime_td,0.1435248398277492,597.0,0.12582711900010504,0.027360571368553722,C,no game designation yet (Full),car_sh 14.6%; team rush 24.9; opp d_ypc 0.88; inside-10 car 0,0.9508674235277402,
Tyler Goodson,DAL,TB,RB,TB@DAL,first_td,0.030312673882151874,3199.0,0.12582711900010504,0.027360571368553722,C,no game designation yet (Full),car_sh 14.6%; team rush 24.9; opp d_ypc 0.88; inside-10 car 0,0.9508674235277402,
Tyler Goodson,DAL,TB,RB,TB@DAL,last_td,0.030312673882151874,3199.0,0.12582711900010504,0.027360571368553722,C,no game designation yet (Full),car_sh 14.6%; team rush 24.9; opp d_ypc 0.88; inside-10 car 0,0.9508674235277402,
Tyler Goodson,DAL,TB,RB,TB@DAL,2plus_td,0.009137695620207961,10844.0,0.12582711900010504,0.027360571368553722,C,no game designation yet (Full),car_sh 14.6%; team rush 24.9; opp d_ypc 0.88; inside-10 car 0,0.9508674235277402,
CeeDee Lamb,DAL,TB,WR,TB@DAL,anytime_td,0.42102493949279174,138.0,0.01094391244870041,0.5223087446069662,B,no game designation yet (Full),tgt_sh 26.1%; team att 34.3; opp DvP 1.04; RZ tgt 6,0.9479829842591244,
CeeDee Lamb,DAL,TB,WR,TB@DAL,first_td,0.10354472365942428,866.0,0.01094391244870041,0.5223087446069662,B,no game designation yet (Full),tgt_sh 26.1%; team att 34.3; opp DvP 1.04; RZ tgt 6,0.9479829842591244,
CeeDee Lamb,DAL,TB,WR,TB@DAL,last_td,0.10354472365942428,866.0,0.01094391244870041,0.5223087446069662,B,no game designation yet (Full),tgt_sh 26.1%; team att 34.3; opp DvP 1.04; RZ tgt 6,0.9479829842591244,
CeeDee Lamb,DAL,TB,WR,TB@DAL,2plus_td,0.09665368830895507,935.0,0.01094391244870041,0.5223087446069662,B,no game designation yet (Full),tgt_sh 26.1%; team att 34.3; opp DvP 1.04; RZ tgt 6,0.9479829842591244,
Hunter Luepke,DAL,TB,RB,TB@DAL,anytime_td,0.04375,2186.0,0.02705,0.01735,C,-,w_td 0.03; team TD 3.10,1.0,
Hunter Luepke,DAL,TB,RB,TB@DAL,first_td,0.008548819097569096,11598.0,0.02705,0.01735,C,-,w_td 0.03; team TD 3.10,1.0,
Hunter Luepke,DAL,TB,RB,TB@DAL,last_td,0.008548819097569096,11598.0,0.02705,0.01735,C,-,w_td 0.03; team TD 3.10,1.0,
Hunter Luepke,DAL,TB,RB,TB@DAL,2plus_td,0.00065,153746.0,0.02705,0.01735,C,-,w_td 0.03; team TD 3.10,1.0,
Jonathan Mingo,DAL,TB,WR,TB@DAL,anytime_td,0.03245192307692308,2981.0,0.0,0.032852564102564104,C,Questionable (DNP),w_td 0.02; team TD 3.10,0.4981574884199691,
Jonathan Mingo,DAL,TB,WR,TB@DAL,first_td,0.00626245137963888,15868.0,0.0,0.032852564102564104,C,Questionable (DNP),w_td 0.02; team TD 3.10,0.4981574884199691,
Jonathan Mingo,DAL,TB,WR,TB@DAL,last_td,0.00626245137963888,15868.0,0.0,0.032852564102564104,C,Questionable (DNP),w_td 0.02; team TD 3.10,0.4981574884199691,
Jonathan Mingo,DAL,TB,WR,TB@DAL,2plus_td,0.00040064102564102563,249500.0,0.0,0.032852564102564104,C,Questionable (DNP),w_td 0.02; team TD 3.10,0.4981574884199691,
George Pickens,DAL,TB,WR,TB@DAL,anytime_td,0.30845,224.0,0.0,0.36375,B,-,tgt_sh 20.2%; team att 34.3; opp DvP 1.04; RZ tgt 3,1.0,
George Pickens,DAL,TB,WR,TB@DAL,first_td,0.07014051143301143,1326.0,0.0,0.36375,B,-,tgt_sh 20.2%; team att 34.3; opp DvP 1.04; RZ tgt 3,1.0,
George Pickens,DAL,TB,WR,TB@DAL,last_td,0.07014051143301143,1326.0,0.0,0.36375,B,-,tgt_sh 20.2%; team att 34.3; opp DvP 1.04; RZ tgt 3,1.0,
George Pickens,DAL,TB,WR,TB@DAL,2plus_td,0.0504,1884.0,0.0,0.36375,B,-,tgt_sh 20.2%; team att 34.3; opp DvP 1.04; RZ tgt 3,1.0,
Luke Schoonmaker,DAL,TB,TE,TB@DAL,anytime_td,0.0305,3179.0,0.0,0.0308,C,-,w_td 0.02; team TD 3.10,1.0,
Luke Schoonmaker,DAL,TB,TE,TB@DAL,first_td,0.0061496861471861475,16161.0,0.0,0.0308,C,-,w_td 0.02; team TD 3.10,1.0,
Luke Schoonmaker,DAL,TB,TE,TB@DAL,last_td,0.0061496861471861475,16161.0,0.0,0.0308,C,-,w_td 0.02; team TD 3.10,1.0,
Luke Schoonmaker,DAL,TB,TE,TB@DAL,2plus_td,0.0003,333233.0,0.0,0.0308,C,-,w_td 0.02; team TD 3.10,1.0,
Brevyn Spann-Ford,DAL,TB,TE,TB@DAL,anytime_td,0.04135,2318.0,0.0,0.04205,C,-,tgt_sh 3.2%; team att 34.3; opp DvP 1.04; RZ tgt 0,1.0,
Brevyn Spann-Ford,DAL,TB,TE,TB@DAL,first_td,0.008204527417027416,12088.0,0.0,0.04205,C,-,tgt_sh 3.2%; team att 34.3; opp DvP 1.04; RZ tgt 0,1.0,
Brevyn Spann-Ford,DAL,TB,TE,TB@DAL,last_td,0.008204527417027416,12088.0,0.0,0.04205,C,-,tgt_sh 3.2%; team att 34.3; opp DvP 1.04; RZ tgt 0,1.0,
Brevyn Spann-Ford,DAL,TB,TE,TB@DAL,2plus_td,0.0007,142757.0,0.0,0.04205,C,-,tgt_sh 3.2%; team att 34.3; opp DvP 1.04; RZ tgt 0,1.0,
KaVontae Turpin,DAL,TB,WR,TB@DAL,anytime_td,0.1078,828.0,0.0304,0.0826,C,-,tgt_sh 4.1%; team att 34.3; opp DvP 1.04; RZ tgt 1,1.0,
KaVontae Turpin,DAL,TB,WR,TB@DAL,first_td,0.022032745310245308,4439.0,0.0304,0.0826,C,-,tgt_sh 4.1%; team att 34.3; opp DvP 1.04; RZ tgt 1,1.0,
KaVontae Turpin,DAL,TB,WR,TB@DAL,last_td,0.022032745310245308,4439.0,0.0304,0.0826,C,-,tgt_sh 4.1%; team att 34.3; opp DvP 1.04; RZ tgt 1,1.0,
KaVontae Turpin,DAL,TB,WR,TB@DAL,2plus_td,0.00495,20102.0,0.0304,0.0826,C,-,tgt_sh 4.1%; team att 34.3; opp DvP 1.04; RZ tgt 1,1.0,
Javonte Williams,DAL,TB,RB,TB@DAL,anytime_td,0.63975,-178.0,0.75295,0.21845,B,-,tgt_sh 10.5%; team att 34.3; opp DvP 1.00; RZ tgt 3; car_sh 56.3%; team rush 24.9; opp d_ypc 0.88; inside-10 car 13,1.0,
Javonte Williams,DAL,TB,RB,TB@DAL,first_td,0.19064852924852926,425.0,0.75295,0.21845,B,-,tgt_sh 10.5%; team att 34.3; opp DvP 1.00; RZ tgt 3; car_sh 56.3%; team rush 24.9; opp d_ypc 0.88; inside-10 car 13,1.0,
Javonte Williams,DAL,TB,RB,TB@DAL,last_td,0.19064852924852926,425.0,0.75295,0.21845,B,-,tgt_sh 10.5%; team att 34.3; opp DvP 1.00; RZ tgt 3; car_sh 56.3%; team rush 24.9; opp d_ypc 0.88; inside-10 car 13,1.0,
Javonte Williams,DAL,TB,RB,TB@DAL,2plus_td,0.25365,294.0,0.75295,0.21845,B,-,tgt_sh 10.5%; team att 34.3; opp DvP 1.00; RZ tgt 3; car_sh 56.3%; team rush 24.9; opp d_ypc 0.88; inside-10 car 13,1.0,
Jalen Hurts,PHI,JAX,QB,PHI@JAX,anytime_td,0.15905,529.0,0.1728,0.0,B,-,team att 31.6; ypa 7.32; opp d_ypa 1.10; pass rate 57.2%,1.0,INTL neutral site
Jalen Hurts,PHI,JAX,QB,PHI@JAX,first_td,0.03637493326118326,2649.0,0.1728,0.0,B,-,team att 31.6; ypa 7.32; opp d_ypa 1.10; pass rate 57.2%,1.0,INTL neutral site
Jalen Hurts,PHI,JAX,QB,PHI@JAX,last_td,0.03637493326118326,2649.0,0.1728,0.0,B,-,team att 31.6; ypa 7.32; opp d_ypa 1.10; pass rate 57.2%,1.0,INTL neutral site
Jalen Hurts,PHI,JAX,QB,PHI@JAX,2plus_td,0.01325,7447.0,0.1728,0.0,B,-,team att 31.6; ypa 7.32; opp d_ypa 1.10; pass rate 57.2%,1.0,INTL neutral site
Saquon Barkley,PHI,JAX,RB,PHI@JAX,anytime_td,0.2963,237.0,0.28735,0.0621,B,-,tgt_sh 6.5%; team att 31.6; opp DvP 1.00; RZ tgt 0; car_sh 43.3%; team rush 25.8; opp d_ypc 0.89; inside-10 car 2,1.0,INTL neutral site
Saquon Barkley,PHI,JAX,RB,PHI@JAX,first_td,0.07269774100899101,1276.0,0.28735,0.0621,B,-,tgt_sh 6.5%; team att 31.6; opp DvP 1.00; RZ tgt 0; car_sh 43.3%; team rush 25.8; opp d_ypc 0.89; inside-10 car 2,1.0,INTL neutral site
Saquon Barkley,PHI,JAX,RB,PHI@JAX,last_td,0.07269774100899101,1276.0,0.28735,0.0621,B,-,tgt_sh 6.5%; team att 31.6; opp DvP 1.00; RZ tgt 0; car_sh 43.3%; team rush 25.8; opp d_ypc 0.89; inside-10 car 2,1.0,INTL neutral site
Saquon Barkley,PHI,JAX,RB,PHI@JAX,2plus_td,0.0482,1975.0,0.28735,0.0621,B,-,tgt_sh 6.5%; team att 31.6; opp DvP 1.00; RZ tgt 0; car_sh 43.3%; team rush 25.8; opp d_ypc 0.89; inside-10 car 2,1.0,INTL neutral site
Marquise Brown,PHI,JAX,WR,PHI@JAX,anytime_td,0.06305,1486.0,0.0102,0.054,C,-,tgt_sh 5.3%; team att 31.6; opp DvP 1.05; RZ tgt 0,1.0,INTL neutral site
Marquise Brown,PHI,JAX,WR,PHI@JAX,first_td,0.013571100288600289,7269.0,0.0102,0.054,C,-,tgt_sh 5.3%; team att 31.6; opp DvP 1.05; RZ tgt 0,1.0,INTL neutral site
Marquise Brown,PHI,JAX,WR,PHI@JAX,last_td,0.013571100288600289,7269.0,0.0102,0.054,C,-,tgt_sh 5.3%; team att 31.6; opp DvP 1.05; RZ tgt 0,1.0,INTL neutral site
Marquise Brown,PHI,JAX,WR,PHI@JAX,2plus_td,0.0011,90809.0,0.0102,0.054,C,-,tgt_sh 5.3%; team att 31.6; opp DvP 1.05; RZ tgt 0,1.0,INTL neutral site
Darius Cooper,PHI,JAX,WR,PHI@JAX,anytime_td,0.14175,605.0,0.0,0.15125,C,-,tgt_sh 4.9%; team att 31.6; opp DvP 1.05; RZ tgt 4,1.0,INTL neutral site
Darius Cooper,PHI,JAX,WR,PHI@JAX,first_td,0.031236151348651344,3101.0,0.0,0.15125,C,-,tgt_sh 4.9%; team att 31.6; opp DvP 1.05; RZ tgt 4,1.0,INTL neutral site
Darius Cooper,PHI,JAX,WR,PHI@JAX,last_td,0.031236151348651344,3101.0,0.0,0.15125,C,-,tgt_sh 4.9%; team att 31.6; opp DvP 1.05; RZ tgt 4,1.0,INTL neutral site
Darius Cooper,PHI,JAX,WR,PHI@JAX,2plus_td,0.0092,10770.0,0.0,0.15125,C,-,tgt_sh 4.9%; team att 31.6; opp DvP 1.05; RZ tgt 4,1.0,INTL neutral site
Zach Ertz,PHI,JAX,TE,PHI@JAX,anytime_td,0.12145,723.0,0.0,0.12975,C,-,tgt_sh 12.0%; team att 31.6; opp DvP 0.85; RZ tgt 1,1.0,INTL neutral site
Zach Ertz,PHI,JAX,TE,PHI@JAX,first_td,0.026490548340548342,3675.0,0.0,0.12975,C,-,tgt_sh 12.0%; team att 31.6; opp DvP 0.85; RZ tgt 1,1.0,INTL neutral site
Zach Ertz,PHI,JAX,TE,PHI@JAX,last_td,0.026490548340548342,3675.0,0.0,0.12975,C,-,tgt_sh 12.0%; team att 31.6; opp DvP 0.85; RZ tgt 1,1.0,INTL neutral site
Zach Ertz,PHI,JAX,TE,PHI@JAX,2plus_td,0.0078,12721.0,0.0,0.12975,C,-,tgt_sh 12.0%; team att 31.6; opp DvP 0.85; RZ tgt 1,1.0,INTL neutral site
Dallas Goedert,PHI,JAX,TE,PHI@JAX,anytime_td,0.15965,526.0,0.0,0.1727,C,-,tgt_sh 14.2%; team att 31.6; opp DvP 0.85; RZ tgt 2,1.0,INTL neutral site
Dallas Goedert,PHI,JAX,TE,PHI@JAX,first_td,0.03563314088689089,2706.0,0.0,0.1727,C,-,tgt_sh 14.2%; team att 31.6; opp DvP 0.85; RZ tgt 2,1.0,INTL neutral site
Dallas Goedert,PHI,JAX,TE,PHI@JAX,last_td,0.03563314088689089,2706.0,0.0,0.1727,C,-,tgt_sh 14.2%; team att 31.6; opp DvP 0.85; RZ tgt 2,1.0,INTL neutral site
Dallas Goedert,PHI,JAX,TE,PHI@JAX,2plus_td,0.01255,7868.0,0.0,0.1727,C,-,tgt_sh 14.2%; team att 31.6; opp DvP 0.85; RZ tgt 2,1.0,INTL neutral site
Makai Lemon,PHI,JAX,WR,PHI@JAX,anytime_td,0.11605,762.0,0.0038,0.12005,C,-,tgt_sh 12.1%; team att 31.6; opp DvP 1.05; RZ tgt 0,1.0,INTL neutral site
Makai Lemon,PHI,JAX,WR,PHI@JAX,first_td,0.025150209235209234,3876.0,0.0038,0.12005,C,-,tgt_sh 12.1%; team att 31.6; opp DvP 1.05; RZ tgt 0,1.0,INTL neutral site
Makai Lemon,PHI,JAX,WR,PHI@JAX,last_td,0.025150209235209234,3876.0,0.0038,0.12005,C,-,tgt_sh 12.1%; team att 31.6; opp DvP 1.05; RZ tgt 0,1.0,INTL neutral site
Makai Lemon,PHI,JAX,WR,PHI@JAX,2plus_td,0.00765,12972.0,0.0038,0.12005,C,-,tgt_sh 12.1%; team att 31.6; opp DvP 1.05; RZ tgt 0,1.0,INTL neutral site
Johnny Mundt,PHI,JAX,TE,PHI@JAX,anytime_td,0.02305,4238.0,0.0,0.0234,C,-,w_td 0.02; team TD 1.84,1.0,INTL neutral site
Johnny Mundt,PHI,JAX,TE,PHI@JAX,first_td,0.004662269119769119,21349.0,0.0,0.0234,C,-,w_td 0.02; team TD 1.84,1.0,INTL neutral site
Johnny Mundt,PHI,JAX,TE,PHI@JAX,last_td,0.004662269119769119,21349.0,0.0,0.0234,C,-,w_td 0.02; team TD 1.84,1.0,INTL neutral site
Johnny Mundt,PHI,JAX,TE,PHI@JAX,2plus_td,0.00035,285614.0,0.0,0.0234,C,-,w_td 0.02; team TD 1.84,1.0,INTL neutral site
Will Shipley,PHI,JAX,RB,PHI@JAX,anytime_td,0.1177,750.0,0.0954,0.0294,B,-,tgt_sh 3.5%; team att 31.6; opp DvP 1.00; RZ tgt 0; car_sh 10.2%; team rush 25.8; opp d_ypc 0.89; inside-10 car 2,1.0,INTL neutral site
Will Shipley,PHI,JAX,RB,PHI@JAX,first_td,0.02572219877344877,3788.0,0.0954,0.0294,B,-,tgt_sh 3.5%; team att 31.6; opp DvP 1.00; RZ tgt 0; car_sh 10.2%; team rush 25.8; opp d_ypc 0.89; inside-10 car 2,1.0,INTL neutral site
Will Shipley,PHI,JAX,RB,PHI@JAX,last_td,0.02572219877344877,3788.0,0.0954,0.0294,B,-,tgt_sh 3.5%; team att 31.6; opp DvP 1.00; RZ tgt 0; car_sh 10.2%; team rush 25.8; opp d_ypc 0.89; inside-10 car 2,1.0,INTL neutral site
Will Shipley,PHI,JAX,RB,PHI@JAX,2plus_td,0.0068,14606.0,0.0954,0.0294,B,-,tgt_sh 3.5%; team att 31.6; opp DvP 1.00; RZ tgt 0; car_sh 10.2%; team rush 25.8; opp d_ypc 0.89; inside-10 car 2,1.0,INTL neutral site
DeVonta Smith,PHI,JAX,WR,PHI@JAX,anytime_td,0.2384,319.0,0.0,0.2683,B,-,tgt_sh 22.0%; team att 31.6; opp DvP 1.05; RZ tgt 2,1.0,INTL neutral site
DeVonta Smith,PHI,JAX,WR,PHI@JAX,first_td,0.05583186688311688,1691.0,0.0,0.2683,B,-,tgt_sh 22.0%; team att 31.6; opp DvP 1.05; RZ tgt 2,1.0,INTL neutral site
DeVonta Smith,PHI,JAX,WR,PHI@JAX,last_td,0.05583186688311688,1691.0,0.0,0.2683,B,-,tgt_sh 22.0%; team att 31.6; opp DvP 1.05; RZ tgt 2,1.0,INTL neutral site
DeVonta Smith,PHI,JAX,WR,PHI@JAX,2plus_td,0.0279,3484.0,0.0,0.2683,B,-,tgt_sh 22.0%; team att 31.6; opp DvP 1.05; RZ tgt 2,1.0,INTL neutral site
Dontayvion Wicks,PHI,JAX,WR,PHI@JAX,anytime_td,0.2107,375.0,0.0,0.23405,B,-,tgt_sh 13.5%; team att 31.6; opp DvP 1.05; RZ tgt 4,1.0,INTL neutral site
Dontayvion Wicks,PHI,JAX,WR,PHI@JAX,first_td,0.048337977994227996,1969.0,0.0,0.23405,B,-,tgt_sh 13.5%; team att 31.6; opp DvP 1.05; RZ tgt 4,1.0,INTL neutral site
Dontayvion Wicks,PHI,JAX,WR,PHI@JAX,last_td,0.048337977994227996,1969.0,0.0,0.23405,B,-,tgt_sh 13.5%; team att 31.6; opp DvP 1.05; RZ tgt 4,1.0,INTL neutral site
Dontayvion Wicks,PHI,JAX,WR,PHI@JAX,2plus_td,0.0219,4466.0,0.0,0.23405,B,-,tgt_sh 13.5%; team att 31.6; opp DvP 1.05; RZ tgt 4,1.0,INTL neutral site
Trevor Lawrence,JAX,PHI,QB,PHI@JAX,anytime_td,0.0981,919.0,0.1022,0.0,B,-,team att 29.3; ypa 7.29; opp d_ypa 0.96; pass rate 50.2%,1.0,INTL neutral site
Trevor Lawrence,JAX,PHI,QB,PHI@JAX,first_td,0.021644482323232326,4520.0,0.1022,0.0,B,-,team att 29.3; ypa 7.29; opp d_ypa 0.96; pass rate 50.2%,1.0,INTL neutral site
Trevor Lawrence,JAX,PHI,QB,PHI@JAX,last_td,0.021644482323232326,4520.0,0.1022,0.0,B,-,team att 29.3; ypa 7.29; opp d_ypa 0.96; pass rate 50.2%,1.0,INTL neutral site
Trevor Lawrence,JAX,PHI,QB,PHI@JAX,2plus_td,0.00395,25216.0,0.1022,0.0,B,-,team att 29.3; ypa 7.29; opp d_ypa 0.96; pass rate 50.2%,1.0,INTL neutral site
Ameer Abdullah,JAX,PHI,RB,PHI@JAX,anytime_td,0.11205,792.0,0.05915,0.0588,C,-,w_td 0.09; team TD 2.69,1.0,INTL neutral site
Ameer Abdullah,JAX,PHI,RB,PHI@JAX,first_td,0.025142005772005767,3877.0,0.05915,0.0588,C,-,w_td 0.09; team TD 2.69,1.0,INTL neutral site
Ameer Abdullah,JAX,PHI,RB,PHI@JAX,last_td,0.025142005772005767,3877.0,0.05915,0.0588,C,-,w_td 0.09; team TD 2.69,1.0,INTL neutral site
Ameer Abdullah,JAX,PHI,RB,PHI@JAX,2plus_td,0.00575,17291.0,0.05915,0.0588,C,-,w_td 0.09; team TD 2.69,1.0,INTL neutral site
LeQuint Allen Jr.,JAX,PHI,RB,PHI@JAX,anytime_td,0.06064917272631468,1549.0,0.010433133101485931,0.051744124776056485,C,no game designation yet (Full),w_td 0.04; team TD 2.69,0.9508674235277402,INTL neutral site
LeQuint Allen Jr.,JAX,PHI,RB,PHI@JAX,first_td,0.013047660791100563,7564.0,0.010433133101485931,0.051744124776056485,C,no game designation yet (Full),w_td 0.04; team TD 2.69,0.9508674235277402,INTL neutral site
LeQuint Allen Jr.,JAX,PHI,RB,PHI@JAX,last_td,0.013047660791100563,7564.0,0.010433133101485931,0.051744124776056485,C,no game designation yet (Full),w_td 0.04; team TD 2.69,0.9508674235277402,INTL neutral site
LeQuint Allen Jr.,JAX,PHI,RB,PHI@JAX,2plus_td,0.0015280851512277374,65341.0,0.010433133101485931,0.051744124776056485,C,no game designation yet (Full),w_td 0.04; team TD 2.69,0.9508674235277402,INTL neutral site
Nate Boerkircher,JAX,PHI,TE,PHI@JAX,anytime_td,0.06455,1449.0,0.0,0.06685,C,-,w_td 0.04; team TD 2.69,1.0,INTL neutral site
Nate Boerkircher,JAX,PHI,TE,PHI@JAX,first_td,0.013965357142857144,7061.0,0.0,0.06685,C,-,w_td 0.04; team TD 2.69,1.0,INTL neutral site
Nate Boerkircher,JAX,PHI,TE,PHI@JAX,last_td,0.013965357142857144,7061.0,0.0,0.06685,C,-,w_td 0.04; team TD 2.69,1.0,INTL neutral site
Nate Boerkircher,JAX,PHI,TE,PHI@JAX,2plus_td,0.00225,44344.0,0.0,0.06685,C,-,w_td 0.04; team TD 2.69,1.0,INTL neutral site
Josh Cameron,JAX,PHI,WR,PHI@JAX,anytime_td,0.1158,764.0,0.0,0.12215,C,-,tgt_sh 5.8%; team att 29.3; opp DvP 1.06; RZ tgt 2,1.0,INTL neutral site
Josh Cameron,JAX,PHI,WR,PHI@JAX,first_td,0.02567602633477634,3795.0,0.0,0.12215,C,-,tgt_sh 5.8%; team att 29.3; opp DvP 1.06; RZ tgt 2,1.0,INTL neutral site
Josh Cameron,JAX,PHI,WR,PHI@JAX,last_td,0.02567602633477634,3795.0,0.0,0.12215,C,-,tgt_sh 5.8%; team att 29.3; opp DvP 1.06; RZ tgt 2,1.0,INTL neutral site
Josh Cameron,JAX,PHI,WR,PHI@JAX,2plus_td,0.00615,16160.0,0.0,0.12215,C,-,tgt_sh 5.8%; team att 29.3; opp DvP 1.06; RZ tgt 2,1.0,INTL neutral site
Jakobi Meyers,JAX,PHI,WR,PHI@JAX,anytime_td,0.2626401523164798,281.0,0.006716733657711022,0.29299767294266976,C,no game designation yet (Full),tgt_sh 18.0%; team att 29.3; opp DvP 1.06; RZ tgt 3,0.9479829842591244,INTL neutral site
Jakobi Meyers,JAX,PHI,WR,PHI@JAX,first_td,0.06346466819150338,1476.0,0.006716733657711022,0.29299767294266976,C,no game designation yet (Full),tgt_sh 18.0%; team att 29.3; opp DvP 1.06; RZ tgt 3,0.9479829842591244,INTL neutral site
Jakobi Meyers,JAX,PHI,WR,PHI@JAX,last_td,0.06346466819150338,1476.0,0.006716733657711022,0.29299767294266976,C,no game designation yet (Full),tgt_sh 18.0%; team att 29.3; opp DvP 1.06; RZ tgt 3,0.9479829842591244,INTL neutral site
Jakobi Meyers,JAX,PHI,WR,PHI@JAX,2plus_td,0.03390099428813201,2850.0,0.006716733657711022,0.29299767294266976,C,no game designation yet (Full),tgt_sh 18.0%; team att 29.3; opp DvP 1.06; RZ tgt 3,0.9479829842591244,INTL neutral site
Quintin Morris,JAX,PHI,TE,PHI@JAX,anytime_td,0.0256,3806.0,0.0,0.02595,C,-,w_td 0.02; team TD 2.69,1.0,INTL neutral site
Quintin Morris,JAX,PHI,TE,PHI@JAX,first_td,0.00532890873015873,18666.0,0.0,0.02595,C,-,w_td 0.02; team TD 2.69,1.0,INTL neutral site
Quintin Morris,JAX,PHI,TE,PHI@JAX,last_td,0.00532890873015873,18666.0,0.0,0.02595,C,-,w_td 0.02; team TD 2.69,1.0,INTL neutral site
Quintin Morris,JAX,PHI,TE,PHI@JAX,2plus_td,0.00035,285614.0,0.0,0.02595,C,-,w_td 0.02; team TD 2.69,1.0,INTL neutral site
Chris Rodriguez Jr.,JAX,PHI,RB,PHI@JAX,anytime_td,0.2847,251.0,0.32445,0.00565,B,-,car_sh 23.7%; team rush 30.6; opp d_ypc 0.98; inside-10 car 3,1.0,INTL neutral site
Chris Rodriguez Jr.,JAX,PHI,RB,PHI@JAX,first_td,0.07029476065601066,1323.0,0.32445,0.00565,B,-,car_sh 23.7%; team rush 30.6; opp d_ypc 0.98; inside-10 car 3,1.0,INTL neutral site
Chris Rodriguez Jr.,JAX,PHI,RB,PHI@JAX,last_td,0.07029476065601066,1323.0,0.32445,0.00565,B,-,car_sh 23.7%; team rush 30.6; opp d_ypc 0.98; inside-10 car 3,1.0,INTL neutral site
Chris Rodriguez Jr.,JAX,PHI,RB,PHI@JAX,2plus_td,0.0415,2310.0,0.32445,0.00565,B,-,car_sh 23.7%; team rush 30.6; opp d_ypc 0.98; inside-10 car 3,1.0,INTL neutral site
Brenton Strange,JAX,PHI,TE,PHI@JAX,anytime_td,0.2327,330.0,0.0,0.26205,B,-,tgt_sh 19.2%; team att 29.3; opp DvP 0.89; RZ tgt 2,1.0,INTL neutral site
Brenton Strange,JAX,PHI,TE,PHI@JAX,first_td,0.05558336635586636,1699.0,0.0,0.26205,B,-,tgt_sh 19.2%; team att 29.3; opp DvP 0.89; RZ tgt 2,1.0,INTL neutral site
Brenton Strange,JAX,PHI,TE,PHI@JAX,last_td,0.05558336635586636,1699.0,0.0,0.26205,B,-,tgt_sh 19.2%; team att 29.3; opp DvP 0.89; RZ tgt 2,1.0,INTL neutral site
Brenton Strange,JAX,PHI,TE,PHI@JAX,2plus_td,0.02755,3530.0,0.0,0.26205,B,-,tgt_sh 19.2%; team att 29.3; opp DvP 0.89; RZ tgt 2,1.0,INTL neutral site
Brian Thomas Jr.,JAX,PHI,WR,PHI@JAX,anytime_td,0.1932,418.0,0.0,0.2134,C,-,tgt_sh 15.8%; team att 29.3; opp DvP 1.06; RZ tgt 1,1.0,INTL neutral site
Brian Thomas Jr.,JAX,PHI,WR,PHI@JAX,first_td,0.045198952575202574,2112.0,0.0,0.2134,C,-,tgt_sh 15.8%; team att 29.3; opp DvP 1.06; RZ tgt 1,1.0,INTL neutral site
Brian Thomas Jr.,JAX,PHI,WR,PHI@JAX,last_td,0.045198952575202574,2112.0,0.0,0.2134,C,-,tgt_sh 15.8%; team att 29.3; opp DvP 1.06; RZ tgt 1,1.0,INTL neutral site
Brian Thomas Jr.,JAX,PHI,WR,PHI@JAX,2plus_td,0.01905,5149.0,0.0,0.2134,C,-,tgt_sh 15.8%; team att 29.3; opp DvP 1.06; RZ tgt 1,1.0,INTL neutral site
Bhayshul Tuten,JAX,PHI,RB,PHI@JAX,anytime_td,0.48115,108.0,0.5462,0.08775,B,-,tgt_sh 5.8%; team att 29.3; opp DvP 0.93; RZ tgt 1; car_sh 46.8%; team rush 30.6; opp d_ypc 0.98; inside-10 car 3,1.0,INTL neutral site
Bhayshul Tuten,JAX,PHI,RB,PHI@JAX,first_td,0.13382198704073703,647.0,0.5462,0.08775,B,-,tgt_sh 5.8%; team att 29.3; opp DvP 0.93; RZ tgt 1; car_sh 46.8%; team rush 30.6; opp d_ypc 0.98; inside-10 car 3,1.0,INTL neutral site
Bhayshul Tuten,JAX,PHI,RB,PHI@JAX,last_td,0.13382198704073703,647.0,0.5462,0.08775,B,-,tgt_sh 5.8%; team att 29.3; opp DvP 0.93; RZ tgt 1; car_sh 46.8%; team rush 30.6; opp d_ypc 0.98; inside-10 car 3,1.0,INTL neutral site
Bhayshul Tuten,JAX,PHI,RB,PHI@JAX,2plus_td,0.1295,672.0,0.5462,0.08775,B,-,tgt_sh 5.8%; team att 29.3; opp DvP 0.93; RZ tgt 1; car_sh 46.8%; team rush 30.6; opp d_ypc 0.98; inside-10 car 3,1.0,INTL neutral site
Parker Washington,JAX,PHI,WR,PHI@JAX,anytime_td,0.3154,217.0,0.00645,0.36565,B,-,tgt_sh 22.0%; team att 29.3; opp DvP 1.06; RZ tgt 4,1.0,INTL neutral site
Parker Washington,JAX,PHI,WR,PHI@JAX,first_td,0.07794399947274946,1183.0,0.00645,0.36565,B,-,tgt_sh 22.0%; team att 29.3; opp DvP 1.06; RZ tgt 4,1.0,INTL neutral site
Parker Washington,JAX,PHI,WR,PHI@JAX,last_td,0.07794399947274946,1183.0,0.00645,0.36565,B,-,tgt_sh 22.0%; team att 29.3; opp DvP 1.06; RZ tgt 4,1.0,INTL neutral site
Parker Washington,JAX,PHI,WR,PHI@JAX,2plus_td,0.05125,1851.0,0.00645,0.36565,B,-,tgt_sh 22.0%; team att 29.3; opp DvP 1.06; RZ tgt 4,1.0,INTL neutral site
Caleb Williams,CHI,GB,QB,CHI@GB,anytime_td,0.25327221797810034,295.0,0.29900687547746374,0.0,C,no game designation yet (DNP),team att 30.0; ypa 7.11; opp d_ypa 0.98; pass rate 48.7%,0.98,
Caleb Williams,CHI,GB,QB,CHI@GB,first_td,0.05963996914722659,1577.0,0.29900687547746374,0.0,C,no game designation yet (DNP),team att 30.0; ypa 7.11; opp d_ypa 0.98; pass rate 48.7%,0.98,
Caleb Williams,CHI,GB,QB,CHI@GB,last_td,0.05963996914722659,1577.0,0.29900687547746374,0.0,C,no game designation yet (DNP),team att 30.0; ypa 7.11; opp d_ypa 0.98; pass rate 48.7%,0.98,
Caleb Williams,CHI,GB,QB,CHI@GB,2plus_td,0.0400305576776165,2398.0,0.29900687547746374,0.0,C,no game designation yet (DNP),team att 30.0; ypa 7.11; opp d_ypa 0.98; pass rate 48.7%,0.98,
Luther Burden III,CHI,GB,WR,CHI@GB,anytime_td,0.23845,319.0,0.018,0.2524,B,-,tgt_sh 19.1%; team att 30.0; opp DvP 0.93; RZ tgt 6,1.0,
Luther Burden III,CHI,GB,WR,CHI@GB,first_td,0.05276671869796869,1795.0,0.018,0.2524,B,-,tgt_sh 19.1%; team att 30.0; opp DvP 0.93; RZ tgt 6,1.0,
Luther Burden III,CHI,GB,WR,CHI@GB,last_td,0.05276671869796869,1795.0,0.018,0.2524,B,-,tgt_sh 19.1%; team att 30.0; opp DvP 0.93; RZ tgt 6,1.0,
Luther Burden III,CHI,GB,WR,CHI@GB,2plus_td,0.02925,3319.0,0.018,0.2524,B,-,tgt_sh 19.1%; team att 30.0; opp DvP 0.93; RZ tgt 6,1.0,
Roschon Johnson,CHI,GB,RB,CHI@GB,anytime_td,0.08725,1046.0,0.06705,0.02515,C,-,w_td 0.05; team TD 2.49,1.0,
Roschon Johnson,CHI,GB,RB,CHI@GB,first_td,0.01822349567099567,5387.0,0.06705,0.02515,C,-,w_td 0.05; team TD 2.49,1.0,
Roschon Johnson,CHI,GB,RB,CHI@GB,last_td,0.01822349567099567,5387.0,0.06705,0.02515,C,-,w_td 0.05; team TD 2.49,1.0,
Roschon Johnson,CHI,GB,RB,CHI@GB,2plus_td,0.0048,20733.0,0.06705,0.02515,C,-,w_td 0.05; team TD 2.49,1.0,
Cole Kmet,CHI,GB,TE,CHI@GB,anytime_td,0.0528,1794.0,0.0,0.0541,C,-,tgt_sh 7.0%; team att 30.0; opp DvP 0.82; RZ tgt 0,1.0,
Cole Kmet,CHI,GB,TE,CHI@GB,first_td,0.010631735764235763,9306.0,0.0,0.0541,C,-,tgt_sh 7.0%; team att 30.0; opp DvP 0.82; RZ tgt 0,1.0,
Cole Kmet,CHI,GB,TE,CHI@GB,last_td,0.010631735764235763,9306.0,0.0,0.0541,C,-,tgt_sh 7.0%; team att 30.0; opp DvP 0.82; RZ tgt 0,1.0,
Cole Kmet,CHI,GB,TE,CHI@GB,2plus_td,0.0012,83233.0,0.0,0.0541,C,-,tgt_sh 7.0%; team att 30.0; opp DvP 0.82; RZ tgt 0,1.0,
Colston Loveland,CHI,GB,TE,CHI@GB,anytime_td,0.1919,421.0,0.0,0.2117,B,-,tgt_sh 16.1%; team att 30.0; opp DvP 0.82; RZ tgt 6,1.0,
Colston Loveland,CHI,GB,TE,CHI@GB,first_td,0.04186581515706516,2289.0,0.0,0.2117,B,-,tgt_sh 16.1%; team att 30.0; opp DvP 0.82; RZ tgt 6,1.0,
Colston Loveland,CHI,GB,TE,CHI@GB,last_td,0.04186581515706516,2289.0,0.0,0.2117,B,-,tgt_sh 16.1%; team att 30.0; opp DvP 0.82; RZ tgt 6,1.0,
Colston Loveland,CHI,GB,TE,CHI@GB,2plus_td,0.01855,5291.0,0.0,0.2117,B,-,tgt_sh 16.1%; team att 30.0; opp DvP 0.82; RZ tgt 6,1.0,
Kyle Monangai,CHI,GB,RB,CHI@GB,anytime_td,0.47075775555178845,112.0,0.5759450754365146,0.053568401423970166,B,no game designation yet (DNP),car_sh 28.3%; team rush 33.8; opp d_ypc 1.00; inside-10 car 11,0.5949864089398973,
Kyle Monangai,CHI,GB,RB,CHI@GB,first_td,0.12444567426132098,704.0,0.5759450754365146,0.053568401423970166,B,no game designation yet (DNP),car_sh 28.3%; team rush 33.8; opp d_ypc 1.00; inside-10 car 11,0.5949864089398973,
Kyle Monangai,CHI,GB,RB,CHI@GB,last_td,0.12444567426132098,704.0,0.5759450754365146,0.053568401423970166,B,no game designation yet (DNP),car_sh 28.3%; team rush 33.8; opp d_ypc 1.00; inside-10 car 11,0.5949864089398973,
Kyle Monangai,CHI,GB,RB,CHI@GB,2plus_td,0.13044583827767417,667.0,0.5759450754365146,0.053568401423970166,B,no game designation yet (DNP),car_sh 28.3%; team rush 33.8; opp d_ypc 1.00; inside-10 car 11,0.5949864089398973,
Rome Odunze,CHI,GB,WR,CHI@GB,anytime_td,0.17305,478.0,0.0,0.1866,B,-,tgt_sh 19.0%; team att 30.0; opp DvP 0.93; RZ tgt 2,1.0,
Rome Odunze,CHI,GB,WR,CHI@GB,first_td,0.03716669663669663,2591.0,0.0,0.1866,B,-,tgt_sh 19.0%; team att 30.0; opp DvP 0.93; RZ tgt 2,1.0,
Rome Odunze,CHI,GB,WR,CHI@GB,last_td,0.03716669663669663,2591.0,0.0,0.1866,B,-,tgt_sh 19.0%; team att 30.0; opp DvP 0.93; RZ tgt 2,1.0,
Rome Odunze,CHI,GB,WR,CHI@GB,2plus_td,0.01295,7622.0,0.0,0.1866,B,-,tgt_sh 19.0%; team att 30.0; opp DvP 0.93; RZ tgt 2,1.0,
Kalif Raymond,CHI,GB,WR,CHI@GB,anytime_td,0.17605,468.0,0.0,0.19305,B,-,tgt_sh 15.3%; team att 30.0; opp DvP 0.93; RZ tgt 4,1.0,
Kalif Raymond,CHI,GB,WR,CHI@GB,first_td,0.037664624125874124,2555.0,0.0,0.19305,B,-,tgt_sh 15.3%; team att 30.0; opp DvP 0.93; RZ tgt 4,1.0,
Kalif Raymond,CHI,GB,WR,CHI@GB,last_td,0.037664624125874124,2555.0,0.0,0.19305,B,-,tgt_sh 15.3%; team att 30.0; opp DvP 0.93; RZ tgt 4,1.0,
Kalif Raymond,CHI,GB,WR,CHI@GB,2plus_td,0.01605,6131.0,0.0,0.19305,B,-,tgt_sh 15.3%; team att 30.0; opp DvP 0.93; RZ tgt 4,1.0,
Sam Roush,CHI,GB,TE,CHI@GB,anytime_td,0.04085,2348.0,0.0,0.04165,C,-,w_td 0.03; team TD 2.49,1.0,
Sam Roush,CHI,GB,TE,CHI@GB,first_td,0.007922164502164502,12523.0,0.0,0.04165,C,-,w_td 0.03; team TD 2.49,1.0,
Sam Roush,CHI,GB,TE,CHI@GB,last_td,0.007922164502164502,12523.0,0.0,0.04165,C,-,w_td 0.03; team TD 2.49,1.0,
Sam Roush,CHI,GB,TE,CHI@GB,2plus_td,0.0008,124900.0,0.0,0.04165,C,-,w_td 0.03; team TD 2.49,1.0,
D'Andre Swift,CHI,GB,RB,CHI@GB,anytime_td,0.5674270379067426,-131.0,0.7297886615229788,0.08730291848373029,B,no game designation yet (DNP),tgt_sh 9.0%; team att 30.0; opp DvP 0.93; RZ tgt 1; car_sh 42.2%; team rush 33.8; opp d_ypc 1.00; inside-10 car 13,0.5949864089398973,
D'Andre Swift,CHI,GB,RB,CHI@GB,first_td,0.16196560879762825,517.0,0.7297886615229788,0.08730291848373029,B,no game designation yet (DNP),tgt_sh 9.0%; team att 30.0; opp DvP 0.93; RZ tgt 1; car_sh 42.2%; team rush 33.8; opp d_ypc 1.00; inside-10 car 13,0.5949864089398973,
D'Andre Swift,CHI,GB,RB,CHI@GB,last_td,0.16196560879762825,517.0,0.7297886615229788,0.08730291848373029,B,no game designation yet (DNP),tgt_sh 9.0%; team att 30.0; opp DvP 0.93; RZ tgt 1; car_sh 42.2%; team rush 33.8; opp d_ypc 1.00; inside-10 car 13,0.5949864089398973,
D'Andre Swift,CHI,GB,RB,CHI@GB,2plus_td,0.19632673599463268,409.0,0.7297886615229788,0.08730291848373029,B,no game designation yet (DNP),tgt_sh 9.0%; team att 30.0; opp DvP 0.93; RZ tgt 1; car_sh 42.2%; team rush 33.8; opp d_ypc 1.00; inside-10 car 13,0.5949864089398973,
Jahdae Walker,CHI,GB,WR,CHI@GB,anytime_td,0.0377,2553.0,0.0,0.0384,C,-,w_td 0.03; team TD 2.49,1.0,
Jahdae Walker,CHI,GB,WR,CHI@GB,first_td,0.007639933261183261,12989.0,0.0,0.0384,C,-,w_td 0.03; team TD 2.49,1.0,
Jahdae Walker,CHI,GB,WR,CHI@GB,last_td,0.007639933261183261,12989.0,0.0,0.0384,C,-,w_td 0.03; team TD 2.49,1.0,
Jahdae Walker,CHI,GB,WR,CHI@GB,2plus_td,0.0007,142757.0,0.0,0.0384,C,-,w_td 0.03; team TD 2.49,1.0,
Jordan Love,GB,CHI,QB,CHI@GB,anytime_td,0.0397,2419.0,0.04045,0.0,B,-,team att 35.5; ypa 7.18; opp d_ypa 1.05; pass rate 65.9%,1.0,
Jordan Love,GB,CHI,QB,CHI@GB,first_td,0.008005824314574314,12391.0,0.04045,0.0,B,-,team att 35.5; ypa 7.18; opp d_ypa 1.05; pass rate 65.9%,1.0,
Jordan Love,GB,CHI,QB,CHI@GB,last_td,0.008005824314574314,12391.0,0.04045,0.0,B,-,team att 35.5; ypa 7.18; opp d_ypa 1.05; pass rate 65.9%,1.0,
Jordan Love,GB,CHI,QB,CHI@GB,2plus_td,0.00075,133233.0,0.04045,0.0,B,-,team att 35.5; ypa 7.18; opp d_ypa 1.05; pass rate 65.9%,1.0,
Chris Brooks,GB,CHI,RB,CHI@GB,anytime_td,0.15223604572965702,557.0,0.1202925353059852,0.0441324815063887,B,no game designation yet (DNP),w_td 0.23; team TD 2.31,0.5949864089398973,
Chris Brooks,GB,CHI,RB,CHI@GB,first_td,0.03253635071683155,2973.0,0.1202925353059852,0.0441324815063887,B,no game designation yet (DNP),w_td 0.23; team TD 2.31,0.5949864089398973,
Chris Brooks,GB,CHI,RB,CHI@GB,last_td,0.03253635071683155,2973.0,0.1202925353059852,0.0441324815063887,B,no game designation yet (DNP),w_td 0.23; team TD 2.31,0.5949864089398973,
Chris Brooks,GB,CHI,RB,CHI@GB,2plus_td,0.011852723604572965,8337.0,0.1202925353059852,0.0441324815063887,B,no game designation yet (DNP),w_td 0.23; team TD 2.31,0.5949864089398973,
Matthew Golden,GB,CHI,WR,CHI@GB,anytime_td,0.3162,216.0,0.00365,0.36705,B,-,tgt_sh 18.8%; team att 35.5; opp DvP 1.00; RZ tgt 5,1.0,
Matthew Golden,GB,CHI,WR,CHI@GB,first_td,0.07288246323121322,1272.0,0.00365,0.36705,B,-,tgt_sh 18.8%; team att 35.5; opp DvP 1.00; RZ tgt 5,1.0,
Matthew Golden,GB,CHI,WR,CHI@GB,last_td,0.07288246323121322,1272.0,0.00365,0.36705,B,-,tgt_sh 18.8%; team att 35.5; opp DvP 1.00; RZ tgt 5,1.0,
Matthew Golden,GB,CHI,WR,CHI@GB,2plus_td,0.04915,1935.0,0.00365,0.36705,B,-,tgt_sh 18.8%; team att 35.5; opp DvP 1.00; RZ tgt 5,1.0,
Kaleb Johnson,GB,CHI,RB,CHI@GB,anytime_td,0.15715,536.0,0.15295,0.01735,B,-,car_sh 25.3%; team rush 19.6; opp d_ypc 1.09; inside-10 car 2,1.0,
Kaleb Johnson,GB,CHI,RB,CHI@GB,first_td,0.03393494338994339,2847.0,0.15295,0.01735,B,-,car_sh 25.3%; team rush 19.6; opp d_ypc 1.09; inside-10 car 2,1.0,
Kaleb Johnson,GB,CHI,RB,CHI@GB,last_td,0.03393494338994339,2847.0,0.15295,0.01735,B,-,car_sh 25.3%; team rush 19.6; opp d_ypc 1.09; inside-10 car 2,1.0,
Kaleb Johnson,GB,CHI,RB,CHI@GB,2plus_td,0.01265,7805.0,0.15295,0.01735,B,-,car_sh 25.3%; team rush 19.6; opp d_ypc 1.09; inside-10 car 2,1.0,
Tucker Kraft,GB,CHI,TE,CHI@GB,anytime_td,0.2958,238.0,0.0175,0.3261,B,-,tgt_sh 18.3%; team att 35.5; opp DvP 0.92; RZ tgt 4,1.0,
Tucker Kraft,GB,CHI,TE,CHI@GB,first_td,0.06781227494727494,1375.0,0.0175,0.3261,B,-,tgt_sh 18.3%; team att 35.5; opp DvP 0.92; RZ tgt 4,1.0,
Tucker Kraft,GB,CHI,TE,CHI@GB,last_td,0.06781227494727494,1375.0,0.0175,0.3261,B,-,tgt_sh 18.3%; team att 35.5; opp DvP 0.92; RZ tgt 4,1.0,
Tucker Kraft,GB,CHI,TE,CHI@GB,2plus_td,0.0438,2183.0,0.0175,0.3261,B,-,tgt_sh 18.3%; team att 35.5; opp DvP 0.92; RZ tgt 4,1.0,
MarShawn Lloyd,GB,CHI,RB,CHI@GB,anytime_td,0.3774,165.0,0.29655,0.16445,B,-,tgt_sh 6.3%; team att 35.5; opp DvP 1.12; RZ tgt 3; car_sh 46.4%; team rush 19.6; opp d_ypc 1.09; inside-10 car 5,1.0,
MarShawn Lloyd,GB,CHI,RB,CHI@GB,first_td,0.09263688228438229,979.0,0.29655,0.16445,B,-,tgt_sh 6.3%; team att 35.5; opp DvP 1.12; RZ tgt 3; car_sh 46.4%; team rush 19.6; opp d_ypc 1.09; inside-10 car 5,1.0,
MarShawn Lloyd,GB,CHI,RB,CHI@GB,last_td,0.09263688228438229,979.0,0.29655,0.16445,B,-,tgt_sh 6.3%; team att 35.5; opp DvP 1.12; RZ tgt 3; car_sh 46.4%; team rush 19.6; opp d_ypc 1.09; inside-10 car 5,1.0,
MarShawn Lloyd,GB,CHI,RB,CHI@GB,2plus_td,0.07385,1254.0,0.29655,0.16445,B,-,tgt_sh 6.3%; team att 35.5; opp DvP 1.12; RZ tgt 3; car_sh 46.4%; team rush 19.6; opp d_ypc 1.09; inside-10 car 5,1.0,
Bo Melton,GB,CHI,WR,CHI@GB,anytime_td,0.04225,2267.0,0.0,0.04285,C,-,w_td 0.02; team TD 2.31,1.0,
Bo Melton,GB,CHI,WR,CHI@GB,first_td,0.008601677489177489,11526.0,0.0,0.04285,C,-,w_td 0.02; team TD 2.31,1.0,
Bo Melton,GB,CHI,WR,CHI@GB,last_td,0.008601677489177489,11526.0,0.0,0.04285,C,-,w_td 0.02; team TD 2.31,1.0,
Bo Melton,GB,CHI,WR,CHI@GB,2plus_td,0.00055,181718.0,0.0,0.04285,C,-,w_td 0.02; team TD 2.31,1.0,
J. Michael Sturdivant,GB,CHI,WR,CHI@GB,anytime_td,0.03545,2721.0,0.0,0.03605,C,-,w_td 0.02; team TD 2.31,1.0,
J. Michael Sturdivant,GB,CHI,WR,CHI@GB,first_td,0.007076666666666665,14031.0,0.0,0.03605,C,-,w_td 0.02; team TD 2.31,1.0,
J. Michael Sturdivant,GB,CHI,WR,CHI@GB,last_td,0.007076666666666665,14031.0,0.0,0.03605,C,-,w_td 0.02; team TD 2.31,1.0,
J. Michael Sturdivant,GB,CHI,WR,CHI@GB,2plus_td,0.0006,166567.0,0.0,0.03605,C,-,w_td 0.02; team TD 2.31,1.0,
Skyy Moore,GB,CHI,WR,CHI@GB,anytime_td,0.1701,488.0,0.0,0.18615,C,-,tgt_sh 6.7%; team att 35.5; opp DvP 1.00; RZ tgt 4,1.0,
Skyy Moore,GB,CHI,WR,CHI@GB,first_td,0.03698260087135087,2604.0,0.0,0.18615,C,-,tgt_sh 6.7%; team att 35.5; opp DvP 1.00; RZ tgt 4,1.0,
Skyy Moore,GB,CHI,WR,CHI@GB,last_td,0.03698260087135087,2604.0,0.0,0.18615,C,-,tgt_sh 6.7%; team att 35.5; opp DvP 1.00; RZ tgt 4,1.0,
Skyy Moore,GB,CHI,WR,CHI@GB,2plus_td,0.01525,6457.0,0.0,0.18615,C,-,tgt_sh 6.7%; team att 35.5; opp DvP 1.00; RZ tgt 4,1.0,
Mark Redman,GB,CHI,TE,CHI@GB,anytime_td,0.01715,5731.0,0.0,0.0173,C,-,w_td 0.01; team TD 2.31,1.0,
Mark Redman,GB,CHI,TE,CHI@GB,first_td,0.003459431818181818,28806.0,0.0,0.0173,C,-,w_td 0.01; team TD 2.31,1.0,
Mark Redman,GB,CHI,TE,CHI@GB,last_td,0.003459431818181818,28806.0,0.0,0.0173,C,-,w_td 0.01; team TD 2.31,1.0,
Mark Redman,GB,CHI,TE,CHI@GB,2plus_td,0.00015,666567.0,0.0,0.0173,C,-,w_td 0.01; team TD 2.31,1.0,
Jonnu Smith,GB,CHI,TE,CHI@GB,anytime_td,0.0941,963.0,0.0,0.09905,C,-,tgt_sh 6.0%; team att 35.5; opp DvP 0.92; RZ tgt 1,1.0,
Jonnu Smith,GB,CHI,TE,CHI@GB,first_td,0.019397067099567098,5055.0,0.0,0.09905,C,-,tgt_sh 6.0%; team att 35.5; opp DvP 0.92; RZ tgt 1,1.0,
Jonnu Smith,GB,CHI,TE,CHI@GB,last_td,0.019397067099567098,5055.0,0.0,0.09905,C,-,tgt_sh 6.0%; team att 35.5; opp DvP 0.92; RZ tgt 1,1.0,
Jonnu Smith,GB,CHI,TE,CHI@GB,2plus_td,0.00475,20953.0,0.0,0.09905,C,-,tgt_sh 6.0%; team att 35.5; opp DvP 0.92; RZ tgt 1,1.0,
Christian Watson,GB,CHI,WR,CHI@GB,anytime_td,0.36565,173.0,0.0,0.44205,B,-,tgt_sh 20.2%; team att 35.5; opp DvP 1.00; RZ tgt 7,1.0,
Christian Watson,GB,CHI,WR,CHI@GB,first_td,0.08724318029193029,1046.0,0.0,0.44205,B,-,tgt_sh 20.2%; team att 35.5; opp DvP 1.00; RZ tgt 7,1.0,
Christian Watson,GB,CHI,WR,CHI@GB,last_td,0.08724318029193029,1046.0,0.0,0.44205,B,-,tgt_sh 20.2%; team att 35.5; opp DvP 1.00; RZ tgt 7,1.0,
Christian Watson,GB,CHI,WR,CHI@GB,2plus_td,0.06835,1363.0,0.0,0.44205,B,-,tgt_sh 20.2%; team att 35.5; opp DvP 1.00; RZ tgt 7,1.0,
Joe Burrow,CIN,MIA,QB,CIN@MIA,anytime_td,0.0822,1117.0,0.0853,0.0,B,-,team att 36.7; ypa 7.94; opp d_ypa 1.09; pass rate 62.7%,1.0,
Joe Burrow,CIN,MIA,QB,CIN@MIA,first_td,0.01882315295815296,5213.0,0.0853,0.0,B,-,team att 36.7; ypa 7.94; opp d_ypa 1.09; pass rate 62.7%,1.0,
Joe Burrow,CIN,MIA,QB,CIN@MIA,last_td,0.01882315295815296,5213.0,0.0853,0.0,B,-,team att 36.7; ypa 7.94; opp d_ypa 1.09; pass rate 62.7%,1.0,
Joe Burrow,CIN,MIA,QB,CIN@MIA,2plus_td,0.003,33233.0,0.0853,0.0,B,-,team att 36.7; ypa 7.94; opp d_ypa 1.09; pass rate 62.7%,1.0,
Erick All,CIN,MIA,TE,CIN@MIA,anytime_td,0.02705,3597.0,0.0,0.02755,C,-,w_td 0.02; team TD 2.52,1.0,
Erick All,CIN,MIA,TE,CIN@MIA,first_td,0.005894945887445887,16864.0,0.0,0.02755,C,-,w_td 0.02; team TD 2.52,1.0,
Erick All,CIN,MIA,TE,CIN@MIA,last_td,0.005894945887445887,16864.0,0.0,0.02755,C,-,w_td 0.02; team TD 2.52,1.0,
Erick All,CIN,MIA,TE,CIN@MIA,2plus_td,0.00045,222122.0,0.0,0.02755,C,-,w_td 0.02; team TD 2.52,1.0,
Tahj Brooks,CIN,MIA,RB,CIN@MIA,anytime_td,0.02175,4498.0,0.0156,0.00635,C,-,w_td 0.02; team TD 2.52,1.0,
Tahj Brooks,CIN,MIA,RB,CIN@MIA,first_td,0.004916130952380952,20241.0,0.0156,0.00635,C,-,w_td 0.02; team TD 2.52,1.0,
Tahj Brooks,CIN,MIA,RB,CIN@MIA,last_td,0.004916130952380952,20241.0,0.0156,0.00635,C,-,w_td 0.02; team TD 2.52,1.0,
Tahj Brooks,CIN,MIA,RB,CIN@MIA,2plus_td,0.0002,499900.0,0.0156,0.00635,C,-,w_td 0.02; team TD 2.52,1.0,
Chase Brown,CIN,MIA,RB,CIN@MIA,anytime_td,0.54815,-121.0,0.53005,0.23255,B,-,tgt_sh 13.1%; team att 36.7; opp DvP 0.97; RZ tgt 1; car_sh 64.1%; team rush 22.9; opp d_ypc 0.93; inside-10 car 3,1.0,
Chase Brown,CIN,MIA,RB,CIN@MIA,first_td,0.1698796715784216,489.0,0.53005,0.23255,B,-,tgt_sh 13.1%; team att 36.7; opp DvP 0.97; RZ tgt 1; car_sh 64.1%; team rush 22.9; opp d_ypc 0.93; inside-10 car 3,1.0,
Chase Brown,CIN,MIA,RB,CIN@MIA,last_td,0.1698796715784216,489.0,0.53005,0.23255,B,-,tgt_sh 13.1%; team att 36.7; opp DvP 0.97; RZ tgt 1; car_sh 64.1%; team rush 22.9; opp d_ypc 0.93; inside-10 car 3,1.0,
Chase Brown,CIN,MIA,RB,CIN@MIA,2plus_td,0.1732,477.0,0.53005,0.23255,B,-,tgt_sh 13.1%; team att 36.7; opp DvP 0.97; RZ tgt 1; car_sh 64.1%; team rush 22.9; opp d_ypc 0.93; inside-10 car 3,1.0,
Ja'Marr Chase,CIN,MIA,WR,CIN@MIA,anytime_td,0.36125751844732434,177.0,0.0,0.439139331555776,B,no game designation yet (DNP),tgt_sh 22.5%; team att 36.7; opp DvP 0.96; RZ tgt 4,0.8055616699684496,
Ja'Marr Chase,CIN,MIA,WR,CIN@MIA,first_td,0.09704809996091697,930.0,0.0,0.439139331555776,B,no game designation yet (DNP),tgt_sh 22.5%; team att 36.7; opp DvP 0.96; RZ tgt 4,0.8055616699684496,
Ja'Marr Chase,CIN,MIA,WR,CIN@MIA,last_td,0.09704809996091697,930.0,0.0,0.439139331555776,B,no game designation yet (DNP),tgt_sh 22.5%; team att 36.7; opp DvP 0.96; RZ tgt 4,0.8055616699684496,
Ja'Marr Chase,CIN,MIA,WR,CIN@MIA,2plus_td,0.06957276616853723,1337.0,0.0,0.439139331555776,B,no game designation yet (DNP),tgt_sh 22.5%; team att 36.7; opp DvP 0.96; RZ tgt 4,0.8055616699684496,
Mike Gesicki,CIN,MIA,TE,CIN@MIA,anytime_td,0.22935,336.0,0.0,0.2598,C,-,tgt_sh 9.5%; team att 36.7; opp DvP 1.13; RZ tgt 3,1.0,
Mike Gesicki,CIN,MIA,TE,CIN@MIA,first_td,0.05732206043956044,1645.0,0.0,0.2598,C,-,tgt_sh 9.5%; team att 36.7; opp DvP 1.13; RZ tgt 3,1.0,
Mike Gesicki,CIN,MIA,TE,CIN@MIA,last_td,0.05732206043956044,1645.0,0.0,0.2598,C,-,tgt_sh 9.5%; team att 36.7; opp DvP 1.13; RZ tgt 3,1.0,
Mike Gesicki,CIN,MIA,TE,CIN@MIA,2plus_td,0.02785,3491.0,0.0,0.2598,C,-,tgt_sh 9.5%; team att 36.7; opp DvP 1.13; RZ tgt 3,1.0,
Tee Higgins,CIN,MIA,WR,CIN@MIA,anytime_td,0.297031551434439,237.0,0.0,0.3445765137843052,B,no game designation yet (DNP),tgt_sh 20.0%; team att 36.7; opp DvP 0.96; RZ tgt 2,0.8055616699684496,
Tee Higgins,CIN,MIA,WR,CIN@MIA,first_td,0.07583252535489762,1219.0,0.0,0.3445765137843052,B,no game designation yet (DNP),tgt_sh 20.0%; team att 36.7; opp DvP 0.96; RZ tgt 2,0.8055616699684496,
Tee Higgins,CIN,MIA,WR,CIN@MIA,last_td,0.07583252535489762,1219.0,0.0,0.3445765137843052,B,no game designation yet (DNP),tgt_sh 20.0%; team att 36.7; opp DvP 0.96; RZ tgt 2,0.8055616699684496,
Tee Higgins,CIN,MIA,WR,CIN@MIA,2plus_td,0.04275312713921215,2239.0,0.0,0.3445765137843052,B,no game designation yet (DNP),tgt_sh 20.0%; team att 36.7; opp DvP 0.96; RZ tgt 2,0.8055616699684496,
Tanner Hudson,CIN,MIA,TE,CIN@MIA,anytime_td,0.0843,1086.0,0.0,0.08735,C,-,tgt_sh 3.3%; team att 36.7; opp DvP 1.13; RZ tgt 1,1.0,
Tanner Hudson,CIN,MIA,TE,CIN@MIA,first_td,0.01884369769119769,5207.0,0.0,0.08735,C,-,tgt_sh 3.3%; team att 36.7; opp DvP 1.13; RZ tgt 1,1.0,
Tanner Hudson,CIN,MIA,TE,CIN@MIA,last_td,0.01884369769119769,5207.0,0.0,0.08735,C,-,tgt_sh 3.3%; team att 36.7; opp DvP 1.13; RZ tgt 1,1.0,
Tanner Hudson,CIN,MIA,TE,CIN@MIA,2plus_td,0.0029,34383.0,0.0,0.08735,C,-,tgt_sh 3.3%; team att 36.7; opp DvP 1.13; RZ tgt 1,1.0,
Dohnte Meyers,CIN,MIA,WR,CIN@MIA,anytime_td,0.09855,915.0,0.0053,0.09725,C,-,tgt_sh 6.5%; team att 36.7; opp DvP 0.96; RZ tgt 0,1.0,
Dohnte Meyers,CIN,MIA,WR,CIN@MIA,first_td,0.02295023323898324,4257.0,0.0053,0.09725,C,-,tgt_sh 6.5%; team att 36.7; opp DvP 0.96; RZ tgt 0,1.0,
Dohnte Meyers,CIN,MIA,WR,CIN@MIA,last_td,0.02295023323898324,4257.0,0.0053,0.09725,C,-,tgt_sh 6.5%; team att 36.7; opp DvP 0.96; RZ tgt 0,1.0,
Dohnte Meyers,CIN,MIA,WR,CIN@MIA,2plus_td,0.00385,25874.0,0.0053,0.09725,C,-,tgt_sh 6.5%; team att 36.7; opp DvP 0.96; RZ tgt 0,1.0,
Samaje Perine,CIN,MIA,RB,CIN@MIA,anytime_td,0.2076,382.0,0.1676,0.06305,B,-,tgt_sh 4.3%; team att 36.7; opp DvP 0.97; RZ tgt 0; car_sh 20.5%; team rush 22.9; opp d_ypc 0.93; inside-10 car 1,1.0,
Samaje Perine,CIN,MIA,RB,CIN@MIA,first_td,0.05117913836163836,1854.0,0.1676,0.06305,B,-,tgt_sh 4.3%; team att 36.7; opp DvP 0.97; RZ tgt 0; car_sh 20.5%; team rush 22.9; opp d_ypc 0.93; inside-10 car 1,1.0,
Samaje Perine,CIN,MIA,RB,CIN@MIA,last_td,0.05117913836163836,1854.0,0.1676,0.06305,B,-,tgt_sh 4.3%; team att 36.7; opp DvP 0.97; RZ tgt 0; car_sh 20.5%; team rush 22.9; opp d_ypc 0.93; inside-10 car 1,1.0,
Samaje Perine,CIN,MIA,RB,CIN@MIA,2plus_td,0.02135,4584.0,0.1676,0.06305,B,-,tgt_sh 4.3%; team att 36.7; opp DvP 0.97; RZ tgt 0; car_sh 20.5%; team rush 22.9; opp d_ypc 0.93; inside-10 car 1,1.0,
Drew Sample,CIN,MIA,TE,CIN@MIA,anytime_td,0.0806,1141.0,0.0,0.0836,C,-,tgt_sh 3.0%; team att 36.7; opp DvP 1.13; RZ tgt 1,1.0,
Drew Sample,CIN,MIA,TE,CIN@MIA,first_td,0.01823721681096681,5383.0,0.0,0.0836,C,-,tgt_sh 3.0%; team att 36.7; opp DvP 1.13; RZ tgt 1,1.0,
Drew Sample,CIN,MIA,TE,CIN@MIA,last_td,0.01823721681096681,5383.0,0.0,0.0836,C,-,tgt_sh 3.0%; team att 36.7; opp DvP 1.13; RZ tgt 1,1.0,
Drew Sample,CIN,MIA,TE,CIN@MIA,2plus_td,0.0029,34383.0,0.0,0.0836,C,-,tgt_sh 3.0%; team att 36.7; opp DvP 1.13; RZ tgt 1,1.0,
Mitchell Tinsley,CIN,MIA,WR,CIN@MIA,anytime_td,0.18285,447.0,0.0,0.20095,C,-,tgt_sh 6.7%; team att 36.7; opp DvP 0.96; RZ tgt 3,1.0,
Mitchell Tinsley,CIN,MIA,WR,CIN@MIA,first_td,0.044743650793650794,2135.0,0.0,0.20095,C,-,tgt_sh 6.7%; team att 36.7; opp DvP 0.96; RZ tgt 3,1.0,
Mitchell Tinsley,CIN,MIA,WR,CIN@MIA,last_td,0.044743650793650794,2135.0,0.0,0.20095,C,-,tgt_sh 6.7%; team att 36.7; opp DvP 0.96; RZ tgt 3,1.0,
Mitchell Tinsley,CIN,MIA,WR,CIN@MIA,2plus_td,0.01715,5731.0,0.0,0.20095,C,-,tgt_sh 6.7%; team att 36.7; opp DvP 0.96; RZ tgt 3,1.0,
Colbie Young,CIN,MIA,WR,CIN@MIA,anytime_td,0.018406191173394686,5333.0,0.0,0.01856306212089521,C,no game designation yet (Limited),w_td 0.01; team TD 2.52,0.9575230478992892,
Colbie Young,CIN,MIA,WR,CIN@MIA,first_td,0.00412703392728492,24130.0,0.0,0.01856306212089521,C,no game designation yet (Limited),w_td 0.01; team TD 2.52,0.9575230478992892,
Colbie Young,CIN,MIA,WR,CIN@MIA,last_td,0.00412703392728492,24130.0,0.0,0.01856306212089521,C,no game designation yet (Limited),w_td 0.01; team TD 2.52,0.9575230478992892,
Colbie Young,CIN,MIA,WR,CIN@MIA,2plus_td,0.0001568709475005229,637367.0,0.0,0.01856306212089521,C,no game designation yet (Limited),w_td 0.01; team TD 2.52,0.9575230478992892,
Malik Willis,MIA,CIN,QB,CIN@MIA,anytime_td,0.13775,626.0,0.1477,0.0,B,-,team att 30.1; ypa 7.36; opp d_ypa 1.05; pass rate 56.4%,1.0,
Malik Willis,MIA,CIN,QB,CIN@MIA,first_td,0.03228083694083694,2998.0,0.1477,0.0,B,-,team att 30.1; ypa 7.36; opp d_ypa 1.05; pass rate 56.4%,1.0,
Malik Willis,MIA,CIN,QB,CIN@MIA,last_td,0.03228083694083694,2998.0,0.1477,0.0,B,-,team att 30.1; ypa 7.36; opp d_ypa 1.05; pass rate 56.4%,1.0,
Malik Willis,MIA,CIN,QB,CIN@MIA,2plus_td,0.00915,10829.0,0.1477,0.0,B,-,team att 30.1; ypa 7.36; opp d_ypa 1.05; pass rate 56.4%,1.0,
Chris Bell,MIA,CIN,WR,CIN@MIA,anytime_td,0.10935867975767705,814.0,0.0,0.11468560685189054,C,no game designation yet (Limited),tgt_sh 11.8%; team att 30.1; opp DvP 0.88; RZ tgt 0,0.9575230478992892,
Chris Bell,MIA,CIN,WR,CIN@MIA,first_td,0.02517365868238022,3872.0,0.0,0.11468560685189054,C,no game designation yet (Limited),tgt_sh 11.8%; team att 30.1; opp DvP 0.88; RZ tgt 0,0.9575230478992892,
Chris Bell,MIA,CIN,WR,CIN@MIA,last_td,0.02517365868238022,3872.0,0.0,0.11468560685189054,C,no game designation yet (Limited),tgt_sh 11.8%; team att 30.1; opp DvP 0.88; RZ tgt 0,0.9575230478992892,
Chris Bell,MIA,CIN,WR,CIN@MIA,2plus_td,0.005274702318780029,18858.0,0.0,0.11468560685189054,C,no game designation yet (Limited),tgt_sh 11.8%; team att 30.1; opp DvP 0.88; RZ tgt 0,0.9575230478992892,
Kevin Coleman Jr.,MIA,CIN,WR,CIN@MIA,anytime_td,0.11535,767.0,0.0,0.12125,C,-,tgt_sh 9.4%; team att 30.1; opp DvP 0.88; RZ tgt 1,1.0,
Kevin Coleman Jr.,MIA,CIN,WR,CIN@MIA,first_td,0.0265154347041847,3671.0,0.0,0.12125,C,-,tgt_sh 9.4%; team att 30.1; opp DvP 0.88; RZ tgt 1,1.0,
Kevin Coleman Jr.,MIA,CIN,WR,CIN@MIA,last_td,0.0265154347041847,3671.0,0.0,0.12125,C,-,tgt_sh 9.4%; team att 30.1; opp DvP 0.88; RZ tgt 1,1.0,
Kevin Coleman Jr.,MIA,CIN,WR,CIN@MIA,2plus_td,0.00575,17291.0,0.0,0.12125,C,-,tgt_sh 9.4%; team att 30.1; opp DvP 0.88; RZ tgt 1,1.0,
Caleb Douglas,MIA,CIN,WR,CIN@MIA,anytime_td,0.17396163158875022,475.0,0.0,0.18954491835847767,C,no game designation yet (DNP),tgt_sh 17.2%; team att 30.1; opp DvP 0.88; RZ tgt 1,0.8055616699684496,
Caleb Douglas,MIA,CIN,WR,CIN@MIA,first_td,0.04108960047216705,2334.0,0.0,0.18954491835847767,C,no game designation yet (DNP),tgt_sh 17.2%; team att 30.1; opp DvP 0.88; RZ tgt 1,0.8055616699684496,
Caleb Douglas,MIA,CIN,WR,CIN@MIA,last_td,0.04108960047216705,2334.0,0.0,0.18954491835847767,C,no game designation yet (DNP),tgt_sh 17.2%; team att 30.1; opp DvP 0.88; RZ tgt 1,0.8055616699684496,
Caleb Douglas,MIA,CIN,WR,CIN@MIA,2plus_td,0.014714099459862172,6696.0,0.0,0.18954491835847767,C,no game designation yet (DNP),tgt_sh 17.2%; team att 30.1; opp DvP 0.88; RZ tgt 1,0.8055616699684496,
Greg Dulcich,MIA,CIN,TE,CIN@MIA,anytime_td,0.16625,502.0,0.0,0.1822,B,-,tgt_sh 9.6%; team att 30.1; opp DvP 1.14; RZ tgt 2,1.0,
Greg Dulcich,MIA,CIN,TE,CIN@MIA,first_td,0.03861789502164502,2489.0,0.0,0.1822,B,-,tgt_sh 9.6%; team att 30.1; opp DvP 1.14; RZ tgt 2,1.0,
Greg Dulcich,MIA,CIN,TE,CIN@MIA,last_td,0.03861789502164502,2489.0,0.0,0.1822,B,-,tgt_sh 9.6%; team att 30.1; opp DvP 1.14; RZ tgt 2,1.0,
Greg Dulcich,MIA,CIN,TE,CIN@MIA,2plus_td,0.0151,6523.0,0.0,0.1822,B,-,tgt_sh 9.6%; team att 30.1; opp DvP 1.14; RZ tgt 2,1.0,
Ollie Gordon II,MIA,CIN,RB,CIN@MIA,anytime_td,0.3272,206.0,0.35355,0.03705,B,-,tgt_sh 3.5%; team att 30.1; opp DvP 1.13; RZ tgt 0; car_sh 24.2%; team rush 25.8; opp d_ypc 1.04; inside-10 car 1,1.0,
Ollie Gordon II,MIA,CIN,RB,CIN@MIA,first_td,0.08465720598845598,1081.0,0.35355,0.03705,B,-,tgt_sh 3.5%; team att 30.1; opp DvP 1.13; RZ tgt 0; car_sh 24.2%; team rush 25.8; opp d_ypc 1.04; inside-10 car 1,1.0,
Ollie Gordon II,MIA,CIN,RB,CIN@MIA,last_td,0.08465720598845598,1081.0,0.35355,0.03705,B,-,tgt_sh 3.5%; team att 30.1; opp DvP 1.13; RZ tgt 0; car_sh 24.2%; team rush 25.8; opp d_ypc 1.04; inside-10 car 1,1.0,
Ollie Gordon II,MIA,CIN,RB,CIN@MIA,2plus_td,0.0573,1645.0,0.35355,0.03705,B,-,tgt_sh 3.5%; team att 30.1; opp DvP 1.13; RZ tgt 0; car_sh 24.2%; team rush 25.8; opp d_ypc 1.04; inside-10 car 1,1.0,
DJ Herman,MIA,CIN,RB,CIN@MIA,anytime_td,0.0346,2790.0,0.00755,0.02745,C,-,w_td 0.03; team TD 1.77,1.0,
DJ Herman,MIA,CIN,RB,CIN@MIA,first_td,0.007798156565656565,12724.0,0.00755,0.02745,C,-,w_td 0.03; team TD 1.77,1.0,
DJ Herman,MIA,CIN,RB,CIN@MIA,last_td,0.007798156565656565,12724.0,0.00755,0.02745,C,-,w_td 0.03; team TD 1.77,1.0,
DJ Herman,MIA,CIN,RB,CIN@MIA,2plus_td,0.0004,249900.0,0.00755,0.02745,C,-,w_td 0.03; team TD 1.77,1.0,
Will Kacmarek,MIA,CIN,TE,CIN@MIA,anytime_td,0.0356,2709.0,0.0,0.036,C,-,tgt_sh 3.4%; team att 30.1; opp DvP 1.14; RZ tgt 0,1.0,
Will Kacmarek,MIA,CIN,TE,CIN@MIA,first_td,0.007693234681984682,12898.0,0.0,0.036,C,-,tgt_sh 3.4%; team att 30.1; opp DvP 1.14; RZ tgt 0,1.0,
Will Kacmarek,MIA,CIN,TE,CIN@MIA,last_td,0.007693234681984682,12898.0,0.0,0.036,C,-,tgt_sh 3.4%; team att 30.1; opp DvP 1.14; RZ tgt 0,1.0,
Will Kacmarek,MIA,CIN,TE,CIN@MIA,2plus_td,0.0004,249900.0,0.0,0.036,C,-,tgt_sh 3.4%; team att 30.1; opp DvP 1.14; RZ tgt 0,1.0,
Ryan Miller,MIA,CIN,WR,CIN@MIA,anytime_td,0.0169,5817.0,0.0,0.01695,C,-,w_td 0.02; team TD 1.77,1.0,
Ryan Miller,MIA,CIN,WR,CIN@MIA,first_td,0.003557126623376623,28013.0,0.0,0.01695,C,-,w_td 0.02; team TD 1.77,1.0,
Ryan Miller,MIA,CIN,WR,CIN@MIA,last_td,0.003557126623376623,28013.0,0.0,0.01695,C,-,w_td 0.02; team TD 1.77,1.0,
Ryan Miller,MIA,CIN,WR,CIN@MIA,2plus_td,5e-05,999900.0,0.0,0.01695,C,-,w_td 0.02; team TD 1.77,1.0,
Jalen Tolbert,MIA,CIN,WR,CIN@MIA,anytime_td,0.0347,2782.0,0.0,0.0355,C,-,w_td 0.03; team TD 1.77,1.0,
Jalen Tolbert,MIA,CIN,WR,CIN@MIA,first_td,0.007741314935064935,12818.0,0.0,0.0355,C,-,w_td 0.03; team TD 1.77,1.0,
Jalen Tolbert,MIA,CIN,WR,CIN@MIA,last_td,0.007741314935064935,12818.0,0.0,0.0355,C,-,w_td 0.03; team TD 1.77,1.0,
Jalen Tolbert,MIA,CIN,WR,CIN@MIA,2plus_td,0.0008,124900.0,0.0,0.0355,C,-,w_td 0.03; team TD 1.77,1.0,
Malik Washington,MIA,CIN,WR,CIN@MIA,anytime_td,0.2632,280.0,0.076,0.2253,B,-,tgt_sh 19.8%; team att 30.1; opp DvP 0.88; RZ tgt 1,1.0,
Malik Washington,MIA,CIN,WR,CIN@MIA,first_td,0.06509317876567877,1436.0,0.076,0.2253,B,-,tgt_sh 19.8%; team att 30.1; opp DvP 0.88; RZ tgt 1,1.0,
Malik Washington,MIA,CIN,WR,CIN@MIA,last_td,0.06509317876567877,1436.0,0.076,0.2253,B,-,tgt_sh 19.8%; team att 30.1; opp DvP 0.88; RZ tgt 1,1.0,
Malik Washington,MIA,CIN,WR,CIN@MIA,2plus_td,0.03565,2705.0,0.076,0.2253,B,-,tgt_sh 19.8%; team att 30.1; opp DvP 0.88; RZ tgt 1,1.0,
Jaylen Wright,MIA,CIN,RB,CIN@MIA,anytime_td,0.1968,408.0,0.2032,0.0147,C,-,car_sh 11.8%; team rush 25.8; opp d_ypc 1.04; inside-10 car 1,1.0,
Jaylen Wright,MIA,CIN,RB,CIN@MIA,first_td,0.04783156385281385,1991.0,0.2032,0.0147,C,-,car_sh 11.8%; team rush 25.8; opp d_ypc 1.04; inside-10 car 1,1.0,
Jaylen Wright,MIA,CIN,RB,CIN@MIA,last_td,0.04783156385281385,1991.0,0.2032,0.0147,C,-,car_sh 11.8%; team rush 25.8; opp d_ypc 1.04; inside-10 car 1,1.0,
Jaylen Wright,MIA,CIN,RB,CIN@MIA,2plus_td,0.01955,5015.0,0.2032,0.0147,C,-,car_sh 11.8%; team rush 25.8; opp d_ypc 1.04; inside-10 car 1,1.0,
Kirk Cousins,LV,NE,QB,LV@NE,anytime_td,0.02915,3331.0,0.0295,0.0,B,-,team att 33.6; ypa 6.97; opp d_ypa 0.96; pass rate 56.7%,1.0,
Kirk Cousins,LV,NE,QB,LV@NE,first_td,0.005878181818181818,16912.0,0.0295,0.0,B,-,team att 33.6; ypa 6.97; opp d_ypa 0.96; pass rate 56.7%,1.0,
Kirk Cousins,LV,NE,QB,LV@NE,last_td,0.005878181818181818,16912.0,0.0295,0.0,B,-,team att 33.6; ypa 6.97; opp d_ypa 0.96; pass rate 56.7%,1.0,
Kirk Cousins,LV,NE,QB,LV@NE,2plus_td,0.00035,285614.0,0.0295,0.0,B,-,team att 33.6; ypa 6.97; opp d_ypa 0.96; pass rate 56.7%,1.0,
Cody White,LV,NE,WR,LV@NE,anytime_td,0.13235,656.0,0.0,0.14055,C,-,tgt_sh 5.5%; team att 33.6; opp DvP 0.95; RZ tgt 4,1.0,
Cody White,LV,NE,WR,LV@NE,first_td,0.027895575396825394,3485.0,0.0,0.14055,C,-,tgt_sh 5.5%; team att 33.6; opp DvP 0.95; RZ tgt 4,1.0,
Cody White,LV,NE,WR,LV@NE,last_td,0.027895575396825394,3485.0,0.0,0.14055,C,-,tgt_sh 5.5%; team att 33.6; opp DvP 0.95; RZ tgt 4,1.0,
Cody White,LV,NE,WR,LV@NE,2plus_td,0.008,12400.0,0.0,0.14055,C,-,tgt_sh 5.5%; team att 33.6; opp DvP 0.95; RZ tgt 4,1.0,
Malik Benson,LV,NE,WR,LV@NE,anytime_td,0.0316,3065.0,0.0023,0.0297,C,-,w_td 0.02; team TD 1.98,1.0,
Malik Benson,LV,NE,WR,LV@NE,first_td,0.006135268759018759,16199.0,0.0023,0.0297,C,-,w_td 0.02; team TD 1.98,1.0,
Malik Benson,LV,NE,WR,LV@NE,last_td,0.006135268759018759,16199.0,0.0023,0.0297,C,-,w_td 0.02; team TD 1.98,1.0,
Malik Benson,LV,NE,WR,LV@NE,2plus_td,0.0004,249900.0,0.0023,0.0297,C,-,w_td 0.02; team TD 1.98,1.0,
Brock Bowers,LV,NE,TE,LV@NE,anytime_td,0.32975,203.0,0.0,0.3899,B,-,tgt_sh 25.0%; team att 33.6; opp DvP 1.11; RZ tgt 4,1.0,
Brock Bowers,LV,NE,TE,LV@NE,first_td,0.07733988872238871,1193.0,0.0,0.3899,B,-,tgt_sh 25.0%; team att 33.6; opp DvP 1.11; RZ tgt 4,1.0,
Brock Bowers,LV,NE,TE,LV@NE,last_td,0.07733988872238871,1193.0,0.0,0.3899,B,-,tgt_sh 25.0%; team att 33.6; opp DvP 1.11; RZ tgt 4,1.0,
Brock Bowers,LV,NE,TE,LV@NE,2plus_td,0.0536,1766.0,0.0,0.3899,B,-,tgt_sh 25.0%; team att 33.6; opp DvP 1.11; RZ tgt 4,1.0,
Connor Heyward,LV,NE,RB,LV@NE,anytime_td,0.0281,3459.0,0.0216,0.00685,C,-,w_td 0.04; team TD 1.98,1.0,
Connor Heyward,LV,NE,RB,LV@NE,first_td,0.005624693362193362,17679.0,0.0216,0.00685,C,-,w_td 0.04; team TD 1.98,1.0,
Connor Heyward,LV,NE,RB,LV@NE,last_td,0.005624693362193362,17679.0,0.0216,0.00685,C,-,w_td 0.04; team TD 1.98,1.0,
Connor Heyward,LV,NE,RB,LV@NE,2plus_td,0.00035,285614.0,0.0216,0.00685,C,-,w_td 0.04; team TD 1.98,1.0,
Ashton Jeanty,LV,NE,RB,LV@NE,anytime_td,0.48895,105.0,0.3498,0.2972,B,-,tgt_sh 14.6%; team att 33.6; opp DvP 1.00; RZ tgt 6; car_sh 60.7%; team rush 26.8; opp d_ypc 1.03; inside-10 car 7,1.0,
Ashton Jeanty,LV,NE,RB,LV@NE,first_td,0.1297772098734599,671.0,0.3498,0.2972,B,-,tgt_sh 14.6%; team att 33.6; opp DvP 1.00; RZ tgt 6; car_sh 60.7%; team rush 26.8; opp d_ypc 1.03; inside-10 car 7,1.0,
Ashton Jeanty,LV,NE,RB,LV@NE,last_td,0.1297772098734599,671.0,0.3498,0.2972,B,-,tgt_sh 14.6%; team att 33.6; opp DvP 1.00; RZ tgt 6; car_sh 60.7%; team rush 26.8; opp d_ypc 1.03; inside-10 car 7,1.0,
Ashton Jeanty,LV,NE,RB,LV@NE,2plus_td,0.1326,654.0,0.3498,0.2972,B,-,tgt_sh 14.6%; team att 33.6; opp DvP 1.00; RZ tgt 6; car_sh 60.7%; team rush 26.8; opp d_ypc 1.03; inside-10 car 7,1.0,
Michael Mayer,LV,NE,TE,LV@NE,anytime_td,0.2084,380.0,0.0,0.2305,B,-,tgt_sh 15.7%; team att 33.6; opp DvP 1.11; RZ tgt 2,1.0,
Michael Mayer,LV,NE,TE,LV@NE,first_td,0.045618288794538796,2092.0,0.0,0.2305,B,-,tgt_sh 15.7%; team att 33.6; opp DvP 1.11; RZ tgt 2,1.0,
Michael Mayer,LV,NE,TE,LV@NE,last_td,0.045618288794538796,2092.0,0.0,0.2305,B,-,tgt_sh 15.7%; team att 33.6; opp DvP 1.11; RZ tgt 2,1.0,
Michael Mayer,LV,NE,TE,LV@NE,2plus_td,0.0207,4731.0,0.0,0.2305,B,-,tgt_sh 15.7%; team att 33.6; opp DvP 1.11; RZ tgt 2,1.0,
Jalen Nailor,LV,NE,WR,LV@NE,anytime_td,0.1135,781.0,0.0,0.12045,C,-,tgt_sh 8.9%; team att 33.6; opp DvP 0.95; RZ tgt 1,1.0,
Jalen Nailor,LV,NE,WR,LV@NE,first_td,0.02374789502164502,4111.0,0.0,0.12045,C,-,tgt_sh 8.9%; team att 33.6; opp DvP 0.95; RZ tgt 1,1.0,
Jalen Nailor,LV,NE,WR,LV@NE,last_td,0.02374789502164502,4111.0,0.0,0.12045,C,-,tgt_sh 8.9%; team att 33.6; opp DvP 0.95; RZ tgt 1,1.0,
Jalen Nailor,LV,NE,WR,LV@NE,2plus_td,0.00675,14715.0,0.0,0.12045,C,-,tgt_sh 8.9%; team att 33.6; opp DvP 0.95; RZ tgt 1,1.0,
Ian Thomas,LV,NE,TE,LV@NE,anytime_td,0.0225,4344.0,0.0,0.02265,C,-,w_td 0.02; team TD 1.98,1.0,
Ian Thomas,LV,NE,TE,LV@NE,first_td,0.004489211760461759,22176.0,0.0,0.02265,C,-,w_td 0.02; team TD 1.98,1.0,
Ian Thomas,LV,NE,TE,LV@NE,last_td,0.004489211760461759,22176.0,0.0,0.02265,C,-,w_td 0.02; team TD 1.98,1.0,
Ian Thomas,LV,NE,TE,LV@NE,2plus_td,0.00015,666567.0,0.0,0.02265,C,-,w_td 0.02; team TD 1.98,1.0,
Tre Tucker,LV,NE,WR,LV@NE,anytime_td,0.16935,490.0,0.0,0.1837,B,-,tgt_sh 15.2%; team att 33.6; opp DvP 0.95; RZ tgt 1,1.0,
Tre Tucker,LV,NE,WR,LV@NE,first_td,0.03618022366522366,2664.0,0.0,0.1837,B,-,tgt_sh 15.2%; team att 33.6; opp DvP 0.95; RZ tgt 1,1.0,
Tre Tucker,LV,NE,WR,LV@NE,last_td,0.03618022366522366,2664.0,0.0,0.1837,B,-,tgt_sh 15.2%; team att 33.6; opp DvP 0.95; RZ tgt 1,1.0,
Tre Tucker,LV,NE,WR,LV@NE,2plus_td,0.0137,7199.0,0.0,0.1837,B,-,tgt_sh 15.2%; team att 33.6; opp DvP 0.95; RZ tgt 1,1.0,
Mike Washington Jr.,LV,NE,RB,LV@NE,anytime_td,0.11775,749.0,0.10705,0.0176,B,-,car_sh 22.8%; team rush 26.8; opp d_ypc 1.03; inside-10 car 1,1.0,
Mike Washington Jr.,LV,NE,RB,LV@NE,first_td,0.0251378595016095,3878.0,0.10705,0.0176,B,-,car_sh 22.8%; team rush 26.8; opp d_ypc 1.03; inside-10 car 1,1.0,
Mike Washington Jr.,LV,NE,RB,LV@NE,last_td,0.0251378595016095,3878.0,0.10705,0.0176,B,-,car_sh 22.8%; team rush 26.8; opp d_ypc 1.03; inside-10 car 1,1.0,
Mike Washington Jr.,LV,NE,RB,LV@NE,2plus_td,0.0068,14606.0,0.10705,0.0176,B,-,car_sh 22.8%; team rush 26.8; opp d_ypc 1.03; inside-10 car 1,1.0,
Dareke Young,LV,NE,WR,LV@NE,anytime_td,0.0155,6352.0,0.0,0.01555,C,-,w_td 0.01; team TD 1.98,1.0,
Dareke Young,LV,NE,WR,LV@NE,first_td,0.0029753757353757353,33509.0,0.0,0.01555,C,-,w_td 0.01; team TD 1.98,1.0,
Dareke Young,LV,NE,WR,LV@NE,last_td,0.0029753757353757353,33509.0,0.0,0.01555,C,-,w_td 0.01; team TD 1.98,1.0,
Dareke Young,LV,NE,WR,LV@NE,2plus_td,5e-05,999900.0,0.0,0.01555,C,-,w_td 0.01; team TD 1.98,1.0,
Drake Maye,NE,LV,QB,LV@NE,anytime_td,0.17395069274653627,475.0,0.18841687041564792,0.0,B,no game designation yet (Full),team att 30.0; ypa 7.20; opp d_ypa 1.00; pass rate 52.9%,0.98,
Drake Maye,NE,LV,QB,LV@NE,first_td,0.03818349313459338,2519.0,0.18841687041564792,0.0,B,no game designation yet (Full),team att 30.0; ypa 7.20; opp d_ypa 1.00; pass rate 52.9%,0.98,
Drake Maye,NE,LV,QB,LV@NE,last_td,0.03818349313459338,2519.0,0.18841687041564792,0.0,B,no game designation yet (Full),team att 30.0; ypa 7.20; opp d_ypa 1.00; pass rate 52.9%,0.98,
Drake Maye,NE,LV,QB,LV@NE,2plus_td,0.01365118174409128,7225.0,0.18841687041564792,0.0,B,no game designation yet (Full),team att 30.0; ypa 7.20; opp d_ypa 1.00; pass rate 52.9%,0.98,
Efton Chism III,NE,LV,WR,LV@NE,anytime_td,0.09325,972.0,0.0,0.09745,C,-,w_td 0.05; team TD 2.75,1.0,
Efton Chism III,NE,LV,WR,LV@NE,first_td,0.019814033189033187,4947.0,0.0,0.09745,C,-,w_td 0.05; team TD 2.75,1.0,
Efton Chism III,NE,LV,WR,LV@NE,last_td,0.019814033189033187,4947.0,0.0,0.09745,C,-,w_td 0.05; team TD 2.75,1.0,
Efton Chism III,NE,LV,WR,LV@NE,2plus_td,0.00385,25874.0,0.0,0.09745,C,-,w_td 0.05; team TD 2.75,1.0,
Romeo Doubs,NE,LV,WR,LV@NE,anytime_td,0.34795,187.0,0.0,0.41675,B,-,tgt_sh 16.8%; team att 30.0; opp DvP 1.04; RZ tgt 4,1.0,
Romeo Doubs,NE,LV,WR,LV@NE,first_td,0.08399390137640136,1091.0,0.0,0.41675,B,-,tgt_sh 16.8%; team att 30.0; opp DvP 1.04; RZ tgt 4,1.0,
Romeo Doubs,NE,LV,WR,LV@NE,last_td,0.08399390137640136,1091.0,0.0,0.41675,B,-,tgt_sh 16.8%; team att 30.0; opp DvP 1.04; RZ tgt 4,1.0,
Romeo Doubs,NE,LV,WR,LV@NE,2plus_td,0.06205,1512.0,0.0,0.41675,B,-,tgt_sh 16.8%; team att 30.0; opp DvP 1.04; RZ tgt 4,1.0,
DeMario Douglas,NE,LV,WR,LV@NE,anytime_td,0.2215,351.0,0.0,0.24695,C,-,tgt_sh 10.6%; team att 30.0; opp DvP 1.04; RZ tgt 2,1.0,
DeMario Douglas,NE,LV,WR,LV@NE,first_td,0.049235501998001995,1931.0,0.0,0.24695,C,-,tgt_sh 10.6%; team att 30.0; opp DvP 1.04; RZ tgt 2,1.0,
DeMario Douglas,NE,LV,WR,LV@NE,last_td,0.049235501998001995,1931.0,0.0,0.24695,C,-,tgt_sh 10.6%; team att 30.0; opp DvP 1.04; RZ tgt 2,1.0,
DeMario Douglas,NE,LV,WR,LV@NE,2plus_td,0.024,4067.0,0.0,0.24695,C,-,tgt_sh 10.6%; team att 30.0; opp DvP 1.04; RZ tgt 2,1.0,
Reggie Gilliam,NE,LV,RB,LV@NE,anytime_td,0.021744588961984633,4499.0,0.0,0.022045899663536383,C,no game designation yet (Limited),w_td 0.01; team TD 2.75,0.9951309141019752,
Reggie Gilliam,NE,LV,RB,LV@NE,first_td,0.004381086949007402,22725.0,0.0,0.022045899663536383,C,no game designation yet (Limited),w_td 0.01; team TD 2.75,0.9951309141019752,
Reggie Gilliam,NE,LV,RB,LV@NE,last_td,0.004381086949007402,22725.0,0.0,0.022045899663536383,C,no game designation yet (Limited),w_td 0.01; team TD 2.75,0.9951309141019752,
Reggie Gilliam,NE,LV,RB,LV@NE,2plus_td,0.0002510922512931251,398160.0,0.0,0.022045899663536383,C,no game designation yet (Limited),w_td 0.01; team TD 2.75,0.9951309141019752,
TreVeyon Henderson,NE,LV,RB,LV@NE,anytime_td,0.357,180.0,0.36755,0.0635,B,-,tgt_sh 4.2%; team att 30.0; opp DvP 0.98; RZ tgt 0; car_sh 39.1%; team rush 29.1; opp d_ypc 1.13; inside-10 car 1,1.0,
TreVeyon Henderson,NE,LV,RB,LV@NE,first_td,0.08780524281274281,1039.0,0.36755,0.0635,B,-,tgt_sh 4.2%; team att 30.0; opp DvP 0.98; RZ tgt 0; car_sh 39.1%; team rush 29.1; opp d_ypc 1.13; inside-10 car 1,1.0,
TreVeyon Henderson,NE,LV,RB,LV@NE,last_td,0.08780524281274281,1039.0,0.36755,0.0635,B,-,tgt_sh 4.2%; team att 30.0; opp DvP 0.98; RZ tgt 0; car_sh 39.1%; team rush 29.1; opp d_ypc 1.13; inside-10 car 1,1.0,
TreVeyon Henderson,NE,LV,RB,LV@NE,2plus_td,0.0663,1408.0,0.36755,0.0635,B,-,tgt_sh 4.2%; team att 30.0; opp DvP 0.98; RZ tgt 0; car_sh 39.1%; team rush 29.1; opp d_ypc 1.13; inside-10 car 1,1.0,
Hunter Henry,NE,LV,TE,LV@NE,anytime_td,0.20395,390.0,0.0,0.2265,C,-,tgt_sh 13.8%; team att 30.0; opp DvP 0.80; RZ tgt 1,1.0,
Hunter Henry,NE,LV,TE,LV@NE,first_td,0.04544892912642913,2100.0,0.0,0.2265,C,-,tgt_sh 13.8%; team att 30.0; opp DvP 0.80; RZ tgt 1,1.0,
Hunter Henry,NE,LV,TE,LV@NE,last_td,0.04544892912642913,2100.0,0.0,0.2265,C,-,tgt_sh 13.8%; team att 30.0; opp DvP 0.80; RZ tgt 1,1.0,
Hunter Henry,NE,LV,TE,LV@NE,2plus_td,0.0212,4617.0,0.0,0.2265,C,-,tgt_sh 13.8%; team att 30.0; opp DvP 0.80; RZ tgt 1,1.0,
Mack Hollins,NE,LV,WR,LV@NE,anytime_td,0.31193400322540626,221.0,0.0,0.3634164495720134,B,no game designation yet (DNP),tgt_sh 14.1%; team att 30.0; opp DvP 1.04; RZ tgt 4,0.8055616699684496,
Mack Hollins,NE,LV,WR,LV@NE,first_td,0.07351671970670853,1260.0,0.0,0.3634164495720134,B,no game designation yet (DNP),tgt_sh 14.1%; team att 30.0; opp DvP 1.04; RZ tgt 4,0.8055616699684496,
Mack Hollins,NE,LV,WR,LV@NE,last_td,0.07351671970670853,1260.0,0.0,0.3634164495720134,B,no game designation yet (DNP),tgt_sh 14.1%; team att 30.0; opp DvP 1.04; RZ tgt 4,0.8055616699684496,
Mack Hollins,NE,LV,WR,LV@NE,2plus_td,0.04738866145639499,2010.0,0.0,0.3634164495720134,B,no game designation yet (DNP),tgt_sh 14.1%; team att 30.0; opp DvP 1.04; RZ tgt 4,0.8055616699684496,
Corey Kiner,NE,LV,RB,LV@NE,anytime_td,0.0909,1000.0,0.0823,0.0123,C,-,car_sh 9.7%; team rush 29.1; opp d_ypc 1.13; inside-10 car 0,1.0,
Corey Kiner,NE,LV,RB,LV@NE,first_td,0.01915138528138528,5122.0,0.0823,0.0123,C,-,car_sh 9.7%; team rush 29.1; opp d_ypc 1.13; inside-10 car 0,1.0,
Corey Kiner,NE,LV,RB,LV@NE,last_td,0.01915138528138528,5122.0,0.0823,0.0123,C,-,car_sh 9.7%; team rush 29.1; opp d_ypc 1.13; inside-10 car 0,1.0,
Corey Kiner,NE,LV,RB,LV@NE,2plus_td,0.0036,27678.0,0.0823,0.0123,C,-,car_sh 9.7%; team rush 29.1; opp d_ypc 1.13; inside-10 car 0,1.0,
Lan Larison,NE,LV,RB,LV@NE,anytime_td,0.05065,1874.0,0.00435,0.0471,C,-,w_td 0.03; team TD 2.75,1.0,
Lan Larison,NE,LV,RB,LV@NE,first_td,0.010304503968253968,9604.0,0.00435,0.0471,C,-,w_td 0.03; team TD 2.75,1.0,
Lan Larison,NE,LV,RB,LV@NE,last_td,0.010304503968253968,9604.0,0.00435,0.0471,C,-,w_td 0.03; team TD 2.75,1.0,
Lan Larison,NE,LV,RB,LV@NE,2plus_td,0.0008,124900.0,0.00435,0.0471,C,-,w_td 0.03; team TD 2.75,1.0,
Eli Raridon,NE,LV,TE,LV@NE,anytime_td,0.09515,951.0,0.0,0.09935,C,-,w_td 0.05; team TD 2.75,1.0,
Eli Raridon,NE,LV,TE,LV@NE,first_td,0.020070257797757795,4882.0,0.0,0.09935,C,-,w_td 0.05; team TD 2.75,1.0,
Eli Raridon,NE,LV,TE,LV@NE,last_td,0.020070257797757795,4882.0,0.0,0.09935,C,-,w_td 0.05; team TD 2.75,1.0,
Eli Raridon,NE,LV,TE,LV@NE,2plus_td,0.004,24900.0,0.0,0.09935,C,-,w_td 0.05; team TD 2.75,1.0,
Rhamondre Stevenson,NE,LV,RB,LV@NE,anytime_td,0.37549009751683926,166.0,0.30813310545893235,0.15472001608525182,B,no game designation yet (Limited),tgt_sh 10.1%; team att 30.0; opp DvP 0.98; RZ tgt 0; car_sh 27.9%; team rush 29.1; opp d_ypc 1.13; inside-10 car 2,0.9951309141019752,
Rhamondre Stevenson,NE,LV,RB,LV@NE,first_td,0.09328099935318192,972.0,0.30813310545893235,0.15472001608525182,B,no game designation yet (Limited),tgt_sh 10.1%; team att 30.0; opp DvP 0.98; RZ tgt 0; car_sh 27.9%; team rush 29.1; opp d_ypc 1.13; inside-10 car 2,0.9951309141019752,
Rhamondre Stevenson,NE,LV,RB,LV@NE,last_td,0.09328099935318192,972.0,0.30813310545893235,0.15472001608525182,B,no game designation yet (Limited),tgt_sh 10.1%; team att 30.0; opp DvP 0.98; RZ tgt 0; car_sh 27.9%; team rush 29.1; opp d_ypc 1.13; inside-10 car 2,0.9951309141019752,
Rhamondre Stevenson,NE,LV,RB,LV@NE,2plus_td,0.07640494621493918,1209.0,0.30813310545893235,0.15472001608525182,B,no game designation yet (Limited),tgt_sh 10.1%; team att 30.0; opp DvP 0.98; RZ tgt 0; car_sh 27.9%; team rush 29.1; opp d_ypc 1.13; inside-10 car 2,0.9951309141019752,
Kyle Williams,NE,LV,WR,LV@NE,anytime_td,0.066,1415.0,0.0,0.0685,C,-,tgt_sh 4.2%; team att 30.0; opp DvP 1.04; RZ tgt 0,1.0,
Kyle Williams,NE,LV,WR,LV@NE,first_td,0.013877411616161617,7106.0,0.0,0.0685,C,-,tgt_sh 4.2%; team att 30.0; opp DvP 1.04; RZ tgt 0,1.0,
Kyle Williams,NE,LV,WR,LV@NE,last_td,0.013877411616161617,7106.0,0.0,0.0685,C,-,tgt_sh 4.2%; team att 30.0; opp DvP 1.04; RZ tgt 0,1.0,
Kyle Williams,NE,LV,WR,LV@NE,2plus_td,0.0024,41567.0,0.0,0.0685,C,-,tgt_sh 4.2%; team att 30.0; opp DvP 1.04; RZ tgt 0,1.0,
Kyler Murray,MIN,NO,QB,MIN@NO,anytime_td,0.1576,535.0,0.1709,0.0,B,-,team att 29.4; ypa 6.91; opp d_ypa 1.02; pass rate 52.6%,1.0,
Kyler Murray,MIN,NO,QB,MIN@NO,first_td,0.039242489177489175,2448.0,0.1709,0.0,B,-,team att 29.4; ypa 6.91; opp d_ypa 1.02; pass rate 52.6%,1.0,
Kyler Murray,MIN,NO,QB,MIN@NO,last_td,0.039242489177489175,2448.0,0.1709,0.0,B,-,team att 29.4; ypa 6.91; opp d_ypa 1.02; pass rate 52.6%,1.0,
Kyler Murray,MIN,NO,QB,MIN@NO,2plus_td,0.0129,7652.0,0.1709,0.0,B,-,team att 29.4; ypa 6.91; opp d_ypa 1.02; pass rate 52.6%,1.0,
Jordan Addison,MIN,NO,WR,MIN@NO,anytime_td,0.1836519364448858,445.0,0.0060203574975173785,0.19451340615690169,B,no game designation yet (DNP),tgt_sh 16.8%; team att 29.4; opp DvP 0.98; RZ tgt 1,0.8055616699684496,
Jordan Addison,MIN,NO,WR,MIN@NO,first_td,0.0442789855929131,2158.0,0.0060203574975173785,0.19451340615690169,B,no game designation yet (DNP),tgt_sh 16.8%; team att 29.4; opp DvP 0.98; RZ tgt 1,0.8055616699684496,
Jordan Addison,MIN,NO,WR,MIN@NO,last_td,0.0442789855929131,2158.0,0.0060203574975173785,0.19451340615690169,B,no game designation yet (DNP),tgt_sh 16.8%; team att 29.4; opp DvP 0.98; RZ tgt 1,0.8055616699684496,
Jordan Addison,MIN,NO,WR,MIN@NO,2plus_td,0.016261171797418074,6050.0,0.0060203574975173785,0.19451340615690169,B,no game designation yet (DNP),tgt_sh 16.8%; team att 29.4; opp DvP 0.98; RZ tgt 1,0.8055616699684496,
Demond Claiborne,MIN,NO,RB,MIN@NO,anytime_td,0.06235,1504.0,0.04875,0.0151,C,-,w_td 0.05; team TD 2.01,1.0,
Demond Claiborne,MIN,NO,RB,MIN@NO,first_td,0.014529226190476191,6783.0,0.04875,0.0151,C,-,w_td 0.05; team TD 2.01,1.0,
Demond Claiborne,MIN,NO,RB,MIN@NO,last_td,0.014529226190476191,6783.0,0.04875,0.0151,C,-,w_td 0.05; team TD 2.01,1.0,
Demond Claiborne,MIN,NO,RB,MIN@NO,2plus_td,0.0015,66567.0,0.04875,0.0151,C,-,w_td 0.05; team TD 2.01,1.0,
DeeJay Dallas,MIN,NO,RB,MIN@NO,anytime_td,0.0509,1865.0,0.0266,0.02555,C,-,w_td 0.04; team TD 2.01,1.0,
DeeJay Dallas,MIN,NO,RB,MIN@NO,first_td,0.011686152597402596,8457.0,0.0266,0.02555,C,-,w_td 0.04; team TD 2.01,1.0,
DeeJay Dallas,MIN,NO,RB,MIN@NO,last_td,0.011686152597402596,8457.0,0.0266,0.02555,C,-,w_td 0.04; team TD 2.01,1.0,
DeeJay Dallas,MIN,NO,RB,MIN@NO,2plus_td,0.00125,79900.0,0.0266,0.02555,C,-,w_td 0.04; team TD 2.01,1.0,
Tai Felton,MIN,NO,WR,MIN@NO,anytime_td,0.02215,4415.0,0.0,0.0225,C,-,w_td 0.02; team TD 2.01,1.0,
Tai Felton,MIN,NO,WR,MIN@NO,first_td,0.005004426406926407,19882.0,0.0,0.0225,C,-,w_td 0.02; team TD 2.01,1.0,
Tai Felton,MIN,NO,WR,MIN@NO,last_td,0.005004426406926407,19882.0,0.0,0.0225,C,-,w_td 0.02; team TD 2.01,1.0,
Tai Felton,MIN,NO,WR,MIN@NO,2plus_td,0.00035,285614.0,0.0,0.0225,C,-,w_td 0.02; team TD 2.01,1.0,
T.J. Hockenson,MIN,NO,TE,MIN@NO,anytime_td,0.28105,256.0,0.0,0.32375,B,-,tgt_sh 19.3%; team att 29.4; opp DvP 0.85; RZ tgt 5,1.0,
T.J. Hockenson,MIN,NO,TE,MIN@NO,first_td,0.07287222402597403,1272.0,0.0,0.32375,B,-,tgt_sh 19.3%; team att 29.4; opp DvP 0.85; RZ tgt 5,1.0,
T.J. Hockenson,MIN,NO,TE,MIN@NO,last_td,0.07287222402597403,1272.0,0.0,0.32375,B,-,tgt_sh 19.3%; team att 29.4; opp DvP 0.85; RZ tgt 5,1.0,
T.J. Hockenson,MIN,NO,TE,MIN@NO,2plus_td,0.0392,2451.0,0.0,0.32375,B,-,tgt_sh 19.3%; team att 29.4; opp DvP 0.85; RZ tgt 5,1.0,
Justin Jefferson,MIN,NO,WR,MIN@NO,anytime_td,0.2831996667013853,253.0,0.0,0.33163212165399436,B,no game designation yet (Limited),tgt_sh 24.0%; team att 29.4; opp DvP 0.98; RZ tgt 3,0.9575230478992892,
Justin Jefferson,MIN,NO,WR,MIN@NO,first_td,0.07337502647105813,1263.0,0.0,0.33163212165399436,B,no game designation yet (Limited),tgt_sh 24.0%; team att 29.4; opp DvP 0.98; RZ tgt 3,0.9575230478992892,
Justin Jefferson,MIN,NO,WR,MIN@NO,last_td,0.07337502647105813,1263.0,0.0,0.33163212165399436,B,no game designation yet (Limited),tgt_sh 24.0%; team att 29.4; opp DvP 0.98; RZ tgt 3,0.9575230478992892,
Justin Jefferson,MIN,NO,WR,MIN@NO,2plus_td,0.04400583272575773,2172.0,0.0,0.33163212165399436,B,no game designation yet (Limited),tgt_sh 24.0%; team att 29.4; opp DvP 0.98; RZ tgt 3,0.9575230478992892,
Jauan Jennings,MIN,NO,WR,MIN@NO,anytime_td,0.08545,1070.0,0.0,0.0886,C,-,tgt_sh 8.4%; team att 29.4; opp DvP 0.98; RZ tgt 0,1.0,
Jauan Jennings,MIN,NO,WR,MIN@NO,first_td,0.01945983225108225,5039.0,0.0,0.0886,C,-,tgt_sh 8.4%; team att 29.4; opp DvP 0.98; RZ tgt 0,1.0,
Jauan Jennings,MIN,NO,WR,MIN@NO,last_td,0.01945983225108225,5039.0,0.0,0.0886,C,-,tgt_sh 8.4%; team att 29.4; opp DvP 0.98; RZ tgt 0,1.0,
Jauan Jennings,MIN,NO,WR,MIN@NO,2plus_td,0.00305,32687.0,0.0,0.0886,C,-,tgt_sh 8.4%; team att 29.4; opp DvP 0.98; RZ tgt 0,1.0,
Aaron Jones,MIN,NO,RB,MIN@NO,anytime_td,0.49932136932589355,100.0,0.4979641079776806,0.16860202081134068,B,no game designation yet (Limited),tgt_sh 11.3%; team att 29.4; opp DvP 0.89; RZ tgt 2; car_sh 46.6%; team rush 29.0; opp d_ypc 1.12; inside-10 car 1,0.9951309141019752,
Aaron Jones,MIN,NO,RB,MIN@NO,first_td,0.151534375938689,560.0,0.4979641079776806,0.16860202081134068,B,no game designation yet (Limited),tgt_sh 11.3%; team att 29.4; opp DvP 0.89; RZ tgt 2; car_sh 46.6%; team rush 29.0; opp d_ypc 1.12; inside-10 car 1,0.9951309141019752,
Aaron Jones,MIN,NO,RB,MIN@NO,last_td,0.151534375938689,560.0,0.4979641079776806,0.16860202081134068,B,no game designation yet (Limited),tgt_sh 11.3%; team att 29.4; opp DvP 0.89; RZ tgt 2; car_sh 46.6%; team rush 29.0; opp d_ypc 1.12; inside-10 car 1,0.9951309141019752,
Aaron Jones,MIN,NO,RB,MIN@NO,2plus_td,0.14030060825415974,613.0,0.4979641079776806,0.16860202081134068,B,no game designation yet (Limited),tgt_sh 11.3%; team att 29.4; opp DvP 0.89; RZ tgt 2; car_sh 46.6%; team rush 29.0; opp d_ypc 1.12; inside-10 car 1,0.9951309141019752,
Myles Price,MIN,NO,WR,MIN@NO,anytime_td,0.03325,2908.0,0.005,0.02875,C,-,w_td 0.02; team TD 2.01,1.0,
Myles Price,MIN,NO,WR,MIN@NO,first_td,0.007422602813852814,13372.0,0.005,0.02875,C,-,w_td 0.02; team TD 2.01,1.0,
Myles Price,MIN,NO,WR,MIN@NO,last_td,0.007422602813852814,13372.0,0.005,0.02875,C,-,w_td 0.02; team TD 2.01,1.0,
Myles Price,MIN,NO,WR,MIN@NO,2plus_td,0.0005,199900.0,0.005,0.02875,C,-,w_td 0.02; team TD 2.01,1.0,
Tyler Shough,NO,MIN,QB,MIN@NO,anytime_td,0.16090194878073666,521.0,0.17401285583103765,0.0,B,no game designation yet (Limited),team att 37.6; ypa 6.70; opp d_ypa 0.97; pass rate 64.1%,0.98,
Tyler Shough,NO,MIN,QB,MIN@NO,first_td,0.03965928654098229,2421.0,0.17401285583103765,0.0,B,no game designation yet (Limited),team att 37.6; ypa 6.70; opp d_ypa 0.97; pass rate 64.1%,0.98,
Tyler Shough,NO,MIN,QB,MIN@NO,last_td,0.03965928654098229,2421.0,0.17401285583103765,0.0,B,no game designation yet (Limited),team att 37.6; ypa 6.70; opp d_ypa 0.97; pass rate 64.1%,0.98,
Tyler Shough,NO,MIN,QB,MIN@NO,2plus_td,0.012651770227527804,7804.0,0.17401285583103765,0.0,B,no game designation yet (Limited),team att 37.6; ypa 6.70; opp d_ypa 0.97; pass rate 64.1%,0.98,
Kevin Austin Jr.,NO,MIN,WR,MIN@NO,anytime_td,0.0472,2019.0,0.0,0.0478,C,-,tgt_sh 3.9%; team att 37.6; opp DvP 0.96; RZ tgt 0,1.0,
Kevin Austin Jr.,NO,MIN,WR,MIN@NO,first_td,0.010681273448773447,9262.0,0.0,0.0478,C,-,tgt_sh 3.9%; team att 37.6; opp DvP 0.96; RZ tgt 0,1.0,
Kevin Austin Jr.,NO,MIN,WR,MIN@NO,last_td,0.010681273448773447,9262.0,0.0,0.0478,C,-,tgt_sh 3.9%; team att 37.6; opp DvP 0.96; RZ tgt 0,1.0,
Kevin Austin Jr.,NO,MIN,WR,MIN@NO,2plus_td,0.0006,166567.0,0.0,0.0478,C,-,tgt_sh 3.9%; team att 37.6; opp DvP 0.96; RZ tgt 0,1.0,
Barion Brown,NO,MIN,WR,MIN@NO,anytime_td,0.021531397369074213,4544.0,0.014085380987838174,0.00763216679076694,C,no game designation yet (DNP),w_td 0.01; team TD 2.18,0.8055616699684496,
Barion Brown,NO,MIN,WR,MIN@NO,first_td,0.004899722323400656,20309.0,0.014085380987838174,0.00763216679076694,C,no game designation yet (DNP),w_td 0.01; team TD 2.18,0.8055616699684496,
Barion Brown,NO,MIN,WR,MIN@NO,last_td,0.004899722323400656,20309.0,0.014085380987838174,0.00763216679076694,C,no game designation yet (DNP),w_td 0.01; team TD 2.18,0.8055616699684496,
Barion Brown,NO,MIN,WR,MIN@NO,2plus_td,0.00018615040953090097,537100.0,0.014085380987838174,0.00763216679076694,C,no game designation yet (DNP),w_td 0.01; team TD 2.18,0.8055616699684496,
Oscar Delp,NO,MIN,TE,MIN@NO,anytime_td,0.01655,5942.0,0.0,0.0166,C,-,w_td 0.01; team TD 2.18,1.0,
Oscar Delp,NO,MIN,TE,MIN@NO,first_td,0.003791868686868687,26272.0,0.0,0.0166,C,-,w_td 0.01; team TD 2.18,1.0,
Oscar Delp,NO,MIN,TE,MIN@NO,last_td,0.003791868686868687,26272.0,0.0,0.0166,C,-,w_td 0.01; team TD 2.18,1.0,
Oscar Delp,NO,MIN,TE,MIN@NO,2plus_td,5e-05,999900.0,0.0,0.0166,C,-,w_td 0.01; team TD 2.18,1.0,
CJ Donaldson,NO,MIN,RB,MIN@NO,anytime_td,0.10415,860.0,0.08505,0.02515,C,-,w_td 0.08; team TD 2.18,1.0,
CJ Donaldson,NO,MIN,RB,MIN@NO,first_td,0.025336341991341993,3847.0,0.08505,0.02515,C,-,w_td 0.08; team TD 2.18,1.0,
CJ Donaldson,NO,MIN,RB,MIN@NO,last_td,0.025336341991341993,3847.0,0.08505,0.02515,C,-,w_td 0.08; team TD 2.18,1.0,
CJ Donaldson,NO,MIN,RB,MIN@NO,2plus_td,0.00575,17291.0,0.08505,0.02515,C,-,w_td 0.08; team TD 2.18,1.0,
Noah Fant,NO,MIN,TE,MIN@NO,anytime_td,0.14445314539284781,592.0,0.0,0.15426781519185592,C,no game designation yet (Limited),tgt_sh 7.0%; team att 37.6; opp DvP 1.13; RZ tgt 3,0.9575230478992892,
Noah Fant,NO,MIN,TE,MIN@NO,first_td,0.0340029315792824,2841.0,0.0,0.15426781519185592,C,no game designation yet (Limited),tgt_sh 7.0%; team att 37.6; opp DvP 1.13; RZ tgt 3,0.9575230478992892,
Noah Fant,NO,MIN,TE,MIN@NO,last_td,0.0340029315792824,2841.0,0.0,0.15426781519185592,C,no game designation yet (Limited),tgt_sh 7.0%; team att 37.6; opp DvP 1.13; RZ tgt 3,0.9575230478992892,
Noah Fant,NO,MIN,TE,MIN@NO,2plus_td,0.009292612894805534,10661.0,0.0,0.15426781519185592,C,no game designation yet (Limited),tgt_sh 7.0%; team att 37.6; opp DvP 1.13; RZ tgt 3,0.9575230478992892,
Juwan Johnson,NO,MIN,TE,MIN@NO,anytime_td,0.31505,217.0,0.0,0.37665,B,-,tgt_sh 16.8%; team att 37.6; opp DvP 1.13; RZ tgt 7,1.0,
Juwan Johnson,NO,MIN,TE,MIN@NO,first_td,0.08383538059163059,1093.0,0.0,0.37665,B,-,tgt_sh 16.8%; team att 37.6; opp DvP 1.13; RZ tgt 7,1.0,
Juwan Johnson,NO,MIN,TE,MIN@NO,last_td,0.08383538059163059,1093.0,0.0,0.37665,B,-,tgt_sh 16.8%; team att 37.6; opp DvP 1.13; RZ tgt 7,1.0,
Juwan Johnson,NO,MIN,TE,MIN@NO,2plus_td,0.05485,1723.0,0.0,0.37665,B,-,tgt_sh 16.8%; team att 37.6; opp DvP 1.13; RZ tgt 7,1.0,
Alvin Kamara,NO,MIN,RB,MIN@NO,anytime_td,0.36479784819702443,174.0,0.27385055055896446,0.16575607295956965,B,no game designation yet (DNP),tgt_sh 10.7%; team att 37.6; opp DvP 1.20; RZ tgt 1; car_sh 26.2%; team rush 23.0; opp d_ypc 1.00; inside-10 car 2,0.5949864089398973,
Alvin Kamara,NO,MIN,RB,MIN@NO,first_td,0.09959452654039525,904.0,0.27385055055896446,0.16575607295956965,B,no game designation yet (DNP),tgt_sh 10.7%; team att 37.6; opp DvP 1.20; RZ tgt 1; car_sh 26.2%; team rush 23.0; opp d_ypc 1.00; inside-10 car 2,0.5949864089398973,
Alvin Kamara,NO,MIN,RB,MIN@NO,last_td,0.09959452654039525,904.0,0.27385055055896446,0.16575607295956965,B,no game designation yet (DNP),tgt_sh 10.7%; team att 37.6; opp DvP 1.20; RZ tgt 1; car_sh 26.2%; team rush 23.0; opp d_ypc 1.00; inside-10 car 2,0.5949864089398973,
Alvin Kamara,NO,MIN,RB,MIN@NO,2plus_td,0.06699167857443053,1393.0,0.27385055055896446,0.16575607295956965,B,no game designation yet (DNP),tgt_sh 10.7%; team att 37.6; opp DvP 1.20; RZ tgt 1; car_sh 26.2%; team rush 23.0; opp d_ypc 1.00; inside-10 car 2,0.5949864089398973,
Bryce Lance,NO,MIN,WR,MIN@NO,anytime_td,0.075,1233.0,0.0,0.07785,C,-,tgt_sh 5.0%; team att 37.6; opp DvP 0.96; RZ tgt 1,1.0,
Bryce Lance,NO,MIN,WR,MIN@NO,first_td,0.016854078282828283,5833.0,0.0,0.07785,C,-,tgt_sh 5.0%; team att 37.6; opp DvP 0.96; RZ tgt 1,1.0,
Bryce Lance,NO,MIN,WR,MIN@NO,last_td,0.016854078282828283,5833.0,0.0,0.07785,C,-,tgt_sh 5.0%; team att 37.6; opp DvP 0.96; RZ tgt 1,1.0,
Bryce Lance,NO,MIN,WR,MIN@NO,2plus_td,0.0028,35614.0,0.0,0.07785,C,-,tgt_sh 5.0%; team att 37.6; opp DvP 0.96; RZ tgt 1,1.0,
Kendre Miller,NO,MIN,RB,MIN@NO,anytime_td,0.285,251.0,0.26605,0.0668,B,-,tgt_sh 3.1%; team att 37.6; opp DvP 1.20; RZ tgt 1; car_sh 18.2%; team rush 23.0; opp d_ypc 1.00; inside-10 car 2,1.0,
Kendre Miller,NO,MIN,RB,MIN@NO,first_td,0.07644702741702741,1208.0,0.26605,0.0668,B,-,tgt_sh 3.1%; team att 37.6; opp DvP 1.20; RZ tgt 1; car_sh 18.2%; team rush 23.0; opp d_ypc 1.00; inside-10 car 2,1.0,
Kendre Miller,NO,MIN,RB,MIN@NO,last_td,0.07644702741702741,1208.0,0.26605,0.0668,B,-,tgt_sh 3.1%; team att 37.6; opp DvP 1.20; RZ tgt 1; car_sh 18.2%; team rush 23.0; opp d_ypc 1.00; inside-10 car 2,1.0,
Kendre Miller,NO,MIN,RB,MIN@NO,2plus_td,0.0434,2204.0,0.26605,0.0668,B,-,tgt_sh 3.1%; team att 37.6; opp DvP 1.20; RZ tgt 1; car_sh 18.2%; team rush 23.0; opp d_ypc 1.00; inside-10 car 2,1.0,
Chris Olave,NO,MIN,WR,MIN@NO,anytime_td,0.3217692974848222,211.0,0.0,0.38502044356337506,B,no game designation yet (DNP),tgt_sh 25.9%; team att 37.6; opp DvP 0.96; RZ tgt 5,0.8055616699684496,
Chris Olave,NO,MIN,WR,MIN@NO,first_td,0.08640518232576218,1057.0,0.0,0.38502044356337506,B,no game designation yet (DNP),tgt_sh 25.9%; team att 37.6; opp DvP 0.96; RZ tgt 5,0.8055616699684496,
Chris Olave,NO,MIN,WR,MIN@NO,last_td,0.08640518232576218,1057.0,0.0,0.38502044356337506,B,no game designation yet (DNP),tgt_sh 25.9%; team att 37.6; opp DvP 0.96; RZ tgt 5,0.8055616699684496,
Chris Olave,NO,MIN,WR,MIN@NO,2plus_td,0.05600297360921819,1686.0,0.0,0.38502044356337506,B,no game designation yet (DNP),tgt_sh 25.9%; team att 37.6; opp DvP 0.96; RZ tgt 5,0.8055616699684496,
Devaughn Vele,NO,MIN,WR,MIN@NO,anytime_td,0.24465,309.0,0.0,0.27755,B,-,tgt_sh 13.4%; team att 37.6; opp DvP 0.96; RZ tgt 6,1.0,
Devaughn Vele,NO,MIN,WR,MIN@NO,first_td,0.0621436111111111,1509.0,0.0,0.27755,B,-,tgt_sh 13.4%; team att 37.6; opp DvP 0.96; RZ tgt 6,1.0,
Devaughn Vele,NO,MIN,WR,MIN@NO,last_td,0.0621436111111111,1509.0,0.0,0.27755,B,-,tgt_sh 13.4%; team att 37.6; opp DvP 0.96; RZ tgt 6,1.0,
Devaughn Vele,NO,MIN,WR,MIN@NO,2plus_td,0.03025,3206.0,0.0,0.27755,B,-,tgt_sh 13.4%; team att 37.6; opp DvP 0.96; RZ tgt 6,1.0,
Deshaun Watson,CLE,NYJ,QB,CLE@NYJ,anytime_td,0.12155,723.0,0.12875,0.0,B,-,team att 31.4; ypa 6.95; opp d_ypa 0.95; pass rate 56.1%,1.0,
Deshaun Watson,CLE,NYJ,QB,CLE@NYJ,first_td,0.03128028499278499,3097.0,0.12875,0.0,B,-,team att 31.4; ypa 6.95; opp d_ypa 0.95; pass rate 56.1%,1.0,
Deshaun Watson,CLE,NYJ,QB,CLE@NYJ,last_td,0.03128028499278499,3097.0,0.12875,0.0,B,-,team att 31.4; ypa 6.95; opp d_ypa 0.95; pass rate 56.1%,1.0,
Deshaun Watson,CLE,NYJ,QB,CLE@NYJ,2plus_td,0.0071,13985.0,0.12875,0.0,B,-,team att 31.4; ypa 6.95; opp d_ypa 0.95; pass rate 56.1%,1.0,
Isaiah Bond,CLE,NYJ,WR,CLE@NYJ,anytime_td,0.03805,2528.0,0.0,0.03925,C,-,tgt_sh 4.1%; team att 31.4; opp DvP 1.05; RZ tgt 0,1.0,
Isaiah Bond,CLE,NYJ,WR,CLE@NYJ,first_td,0.009533414502164501,10389.0,0.0,0.03925,C,-,tgt_sh 4.1%; team att 31.4; opp DvP 1.05; RZ tgt 0,1.0,
Isaiah Bond,CLE,NYJ,WR,CLE@NYJ,last_td,0.009533414502164501,10389.0,0.0,0.03925,C,-,tgt_sh 4.1%; team att 31.4; opp DvP 1.05; RZ tgt 0,1.0,
Isaiah Bond,CLE,NYJ,WR,CLE@NYJ,2plus_td,0.0012,83233.0,0.0,0.03925,C,-,tgt_sh 4.1%; team att 31.4; opp DvP 1.05; RZ tgt 0,1.0,
Denzel Boston,CLE,NYJ,WR,CLE@NYJ,anytime_td,0.1859,438.0,0.0,0.2027,B,-,tgt_sh 14.5%; team att 31.4; opp DvP 1.05; RZ tgt 3,1.0,
Denzel Boston,CLE,NYJ,WR,CLE@NYJ,first_td,0.04849140151515151,1962.0,0.0,0.2027,B,-,tgt_sh 14.5%; team att 31.4; opp DvP 1.05; RZ tgt 3,1.0,
Denzel Boston,CLE,NYJ,WR,CLE@NYJ,last_td,0.04849140151515151,1962.0,0.0,0.2027,B,-,tgt_sh 14.5%; team att 31.4; opp DvP 1.05; RZ tgt 3,1.0,
Denzel Boston,CLE,NYJ,WR,CLE@NYJ,2plus_td,0.01615,6092.0,0.0,0.2027,B,-,tgt_sh 14.5%; team att 31.4; opp DvP 1.05; RZ tgt 3,1.0,
KC Concepcion,CLE,NYJ,WR,CLE@NYJ,anytime_td,0.24135,314.0,0.0126,0.26115,B,-,tgt_sh 20.8%; team att 31.4; opp DvP 1.05; RZ tgt 3,1.0,
KC Concepcion,CLE,NYJ,WR,CLE@NYJ,first_td,0.06565395923520922,1423.0,0.0126,0.26115,B,-,tgt_sh 20.8%; team att 31.4; opp DvP 1.05; RZ tgt 3,1.0,
KC Concepcion,CLE,NYJ,WR,CLE@NYJ,last_td,0.06565395923520922,1423.0,0.0126,0.26115,B,-,tgt_sh 20.8%; team att 31.4; opp DvP 1.05; RZ tgt 3,1.0,
KC Concepcion,CLE,NYJ,WR,CLE@NYJ,2plus_td,0.0296,3278.0,0.0126,0.26115,B,-,tgt_sh 20.8%; team att 31.4; opp DvP 1.05; RZ tgt 3,1.0,
Malachi Corley,CLE,NYJ,WR,CLE@NYJ,anytime_td,0.01635,6016.0,0.0,0.01645,C,-,w_td 0.02; team TD 1.79,1.0,
Malachi Corley,CLE,NYJ,WR,CLE@NYJ,first_td,0.003783015873015873,26334.0,0.0,0.01645,C,-,w_td 0.02; team TD 1.79,1.0,
Malachi Corley,CLE,NYJ,WR,CLE@NYJ,last_td,0.003783015873015873,26334.0,0.0,0.01645,C,-,w_td 0.02; team TD 1.79,1.0,
Malachi Corley,CLE,NYJ,WR,CLE@NYJ,2plus_td,0.0001,999900.0,0.0,0.01645,C,-,w_td 0.02; team TD 1.79,1.0,
Harold Fannin Jr.,CLE,NYJ,TE,CLE@NYJ,anytime_td,0.2207,353.0,0.0,0.24685,B,-,tgt_sh 18.9%; team att 31.4; opp DvP 1.08; RZ tgt 3,1.0,
Harold Fannin Jr.,CLE,NYJ,TE,CLE@NYJ,first_td,0.06045819264069264,1554.0,0.0,0.24685,B,-,tgt_sh 18.9%; team att 31.4; opp DvP 1.08; RZ tgt 3,1.0,
Harold Fannin Jr.,CLE,NYJ,TE,CLE@NYJ,last_td,0.06045819264069264,1554.0,0.0,0.24685,B,-,tgt_sh 18.9%; team att 31.4; opp DvP 1.08; RZ tgt 3,1.0,
Harold Fannin Jr.,CLE,NYJ,TE,CLE@NYJ,2plus_td,0.02465,3957.0,0.0,0.24685,B,-,tgt_sh 18.9%; team att 31.4; opp DvP 1.08; RZ tgt 3,1.0,
Jerry Jeudy,CLE,NYJ,WR,CLE@NYJ,anytime_td,0.0988,912.0,0.0,0.1035,C,-,tgt_sh 11.0%; team att 31.4; opp DvP 1.05; RZ tgt 0,1.0,
Jerry Jeudy,CLE,NYJ,WR,CLE@NYJ,first_td,0.024898638167388167,3916.0,0.0,0.1035,C,-,tgt_sh 11.0%; team att 31.4; opp DvP 1.05; RZ tgt 0,1.0,
Jerry Jeudy,CLE,NYJ,WR,CLE@NYJ,last_td,0.024898638167388167,3916.0,0.0,0.1035,C,-,tgt_sh 11.0%; team att 31.4; opp DvP 1.05; RZ tgt 0,1.0,
Jerry Jeudy,CLE,NYJ,WR,CLE@NYJ,2plus_td,0.00455,21878.0,0.0,0.1035,C,-,tgt_sh 11.0%; team att 31.4; opp DvP 1.05; RZ tgt 0,1.0,
Quinshon Judkins,CLE,NYJ,RB,CLE@NYJ,anytime_td,0.40185,149.0,0.3488,0.1517,B,-,tgt_sh 9.9%; team att 31.4; opp DvP 0.91; RZ tgt 3; car_sh 51.3%; team rush 26.8; opp d_ypc 1.01; inside-10 car 4,1.0,
Quinshon Judkins,CLE,NYJ,RB,CLE@NYJ,first_td,0.12130184704184703,724.0,0.3488,0.1517,B,-,tgt_sh 9.9%; team att 31.4; opp DvP 0.91; RZ tgt 3; car_sh 51.3%; team rush 26.8; opp d_ypc 1.01; inside-10 car 4,1.0,
Quinshon Judkins,CLE,NYJ,RB,CLE@NYJ,last_td,0.12130184704184703,724.0,0.3488,0.1517,B,-,tgt_sh 9.9%; team att 31.4; opp DvP 0.91; RZ tgt 3; car_sh 51.3%; team rush 26.8; opp d_ypc 1.01; inside-10 car 4,1.0,
Quinshon Judkins,CLE,NYJ,RB,CLE@NYJ,2plus_td,0.0855,1070.0,0.3488,0.1517,B,-,tgt_sh 9.9%; team att 31.4; opp DvP 0.91; RZ tgt 3; car_sh 51.3%; team rush 26.8; opp d_ypc 1.01; inside-10 car 4,1.0,
Jaleel McLaughlin,CLE,NYJ,RB,CLE@NYJ,anytime_td,0.0477,1996.0,0.03555,0.013,C,-,w_td 0.06; team TD 1.79,1.0,
Jaleel McLaughlin,CLE,NYJ,RB,CLE@NYJ,first_td,0.011925642135642135,8285.0,0.03555,0.013,C,-,w_td 0.06; team TD 1.79,1.0,
Jaleel McLaughlin,CLE,NYJ,RB,CLE@NYJ,last_td,0.011925642135642135,8285.0,0.03555,0.013,C,-,w_td 0.06; team TD 1.79,1.0,
Jaleel McLaughlin,CLE,NYJ,RB,CLE@NYJ,2plus_td,0.00085,117547.0,0.03555,0.013,C,-,w_td 0.06; team TD 1.79,1.0,
Raheim Sanders,CLE,NYJ,RB,CLE@NYJ,anytime_td,0.11545,766.0,0.0526,0.06955,C,-,tgt_sh 8.0%; team att 31.4; opp DvP 0.91; RZ tgt 0; car_sh 9.5%; team rush 26.8; opp d_ypc 1.01; inside-10 car 0,1.0,
Raheim Sanders,CLE,NYJ,RB,CLE@NYJ,first_td,0.029739686147186143,3263.0,0.0526,0.06955,C,-,tgt_sh 8.0%; team att 31.4; opp DvP 0.91; RZ tgt 0; car_sh 9.5%; team rush 26.8; opp d_ypc 1.01; inside-10 car 0,1.0,
Raheim Sanders,CLE,NYJ,RB,CLE@NYJ,last_td,0.029739686147186143,3263.0,0.0526,0.06955,C,-,tgt_sh 8.0%; team att 31.4; opp DvP 0.91; RZ tgt 0; car_sh 9.5%; team rush 26.8; opp d_ypc 1.01; inside-10 car 0,1.0,
Raheim Sanders,CLE,NYJ,RB,CLE@NYJ,2plus_td,0.0066,15052.0,0.0526,0.06955,C,-,tgt_sh 8.0%; team att 31.4; opp DvP 0.91; RZ tgt 0; car_sh 9.5%; team rush 26.8; opp d_ypc 1.01; inside-10 car 0,1.0,
Blake Whiteheart,CLE,NYJ,TE,CLE@NYJ,anytime_td,0.04685,2034.0,0.0,0.0476,C,-,w_td 0.04; team TD 1.79,1.0,
Blake Whiteheart,CLE,NYJ,TE,CLE@NYJ,first_td,0.01179470238095238,8378.0,0.0,0.0476,C,-,w_td 0.04; team TD 1.79,1.0,
Blake Whiteheart,CLE,NYJ,TE,CLE@NYJ,last_td,0.01179470238095238,8378.0,0.0,0.0476,C,-,w_td 0.04; team TD 1.79,1.0,
Blake Whiteheart,CLE,NYJ,TE,CLE@NYJ,2plus_td,0.00075,133233.0,0.0,0.0476,C,-,w_td 0.04; team TD 1.79,1.0,
Geno Smith,NYJ,CLE,QB,CLE@NYJ,anytime_td,0.06805,1370.0,0.07065,0.0,B,-,team att 31.4; ypa 7.37; opp d_ypa 0.99; pass rate 56.3%,1.0,
Geno Smith,NYJ,CLE,QB,CLE@NYJ,first_td,0.016694689754689757,5890.0,0.07065,0.0,B,-,team att 31.4; ypa 7.37; opp d_ypa 0.99; pass rate 56.3%,1.0,
Geno Smith,NYJ,CLE,QB,CLE@NYJ,last_td,0.016694689754689757,5890.0,0.07065,0.0,B,-,team att 31.4; ypa 7.37; opp d_ypa 0.99; pass rate 56.3%,1.0,
Geno Smith,NYJ,CLE,QB,CLE@NYJ,2plus_td,0.00255,39116.0,0.07065,0.0,B,-,team att 31.4; ypa 7.37; opp d_ypa 0.99; pass rate 56.3%,1.0,
Braelon Allen,NYJ,CLE,RB,CLE@NYJ,anytime_td,0.3726,168.0,0.2819,0.18145,B,-,tgt_sh 4.6%; team att 31.4; opp DvP 1.10; RZ tgt 3; car_sh 31.1%; team rush 26.7; opp d_ypc 1.05; inside-10 car 1,1.0,
Braelon Allen,NYJ,CLE,RB,CLE@NYJ,first_td,0.11225394660894661,791.0,0.2819,0.18145,B,-,tgt_sh 4.6%; team att 31.4; opp DvP 1.10; RZ tgt 3; car_sh 31.1%; team rush 26.7; opp d_ypc 1.05; inside-10 car 1,1.0,
Braelon Allen,NYJ,CLE,RB,CLE@NYJ,last_td,0.11225394660894661,791.0,0.2819,0.18145,B,-,tgt_sh 4.6%; team att 31.4; opp DvP 1.10; RZ tgt 3; car_sh 31.1%; team rush 26.7; opp d_ypc 1.05; inside-10 car 1,1.0,
Braelon Allen,NYJ,CLE,RB,CLE@NYJ,2plus_td,0.07865,1171.0,0.2819,0.18145,B,-,tgt_sh 4.6%; team att 31.4; opp DvP 1.10; RZ tgt 3; car_sh 31.1%; team rush 26.7; opp d_ypc 1.05; inside-10 car 1,1.0,
Isaiah Davis,NYJ,CLE,RB,CLE@NYJ,anytime_td,0.0357,2701.0,0.0138,0.0222,C,-,w_td 0.03; team TD 2.06,1.0,
Isaiah Davis,NYJ,CLE,RB,CLE@NYJ,first_td,0.008951551226551226,11071.0,0.0138,0.0222,C,-,w_td 0.03; team TD 2.06,1.0,
Isaiah Davis,NYJ,CLE,RB,CLE@NYJ,last_td,0.008951551226551226,11071.0,0.0138,0.0222,C,-,w_td 0.03; team TD 2.06,1.0,
Isaiah Davis,NYJ,CLE,RB,CLE@NYJ,2plus_td,0.0003,333233.0,0.0138,0.0222,C,-,w_td 0.03; team TD 2.06,1.0,
Breece Hall,NYJ,CLE,RB,CLE@NYJ,anytime_td,0.37276166456494325,168.0,0.35788146279949556,0.1005464480874317,B,no game designation yet (DNP),tgt_sh 7.9%; team att 31.4; opp DvP 1.10; RZ tgt 0; car_sh 51.0%; team rush 26.7; opp d_ypc 1.05; inside-10 car 4,0.5949864089398973,
Breece Hall,NYJ,CLE,RB,CLE@NYJ,first_td,0.11268320932255359,787.0,0.35788146279949556,0.1005464480874317,B,no game designation yet (DNP),tgt_sh 7.9%; team att 31.4; opp DvP 1.10; RZ tgt 0; car_sh 51.0%; team rush 26.7; opp d_ypc 1.05; inside-10 car 4,0.5949864089398973,
Breece Hall,NYJ,CLE,RB,CLE@NYJ,last_td,0.11268320932255359,787.0,0.35788146279949556,0.1005464480874317,B,no game designation yet (DNP),tgt_sh 7.9%; team att 31.4; opp DvP 1.10; RZ tgt 0; car_sh 51.0%; team rush 26.7; opp d_ypc 1.05; inside-10 car 4,0.5949864089398973,
Breece Hall,NYJ,CLE,RB,CLE@NYJ,2plus_td,0.07515762925598991,1231.0,0.35788146279949556,0.1005464480874317,B,no game designation yet (DNP),tgt_sh 7.9%; team att 31.4; opp DvP 1.10; RZ tgt 0; car_sh 51.0%; team rush 26.7; opp d_ypc 1.05; inside-10 car 4,0.5949864089398973,
Adonai Mitchell,NYJ,CLE,WR,CLE@NYJ,anytime_td,0.184303734542969,443.0,0.0,0.20338035170571056,C,no game designation yet (DNP),tgt_sh 14.0%; team att 31.4; opp DvP 0.95; RZ tgt 1,0.8055616699684496,
Adonai Mitchell,NYJ,CLE,WR,CLE@NYJ,first_td,0.04917032348679649,1934.0,0.0,0.20338035170571056,C,no game designation yet (DNP),tgt_sh 14.0%; team att 31.4; opp DvP 0.95; RZ tgt 1,0.8055616699684496,
Adonai Mitchell,NYJ,CLE,WR,CLE@NYJ,last_td,0.04917032348679649,1934.0,0.0,0.20338035170571056,C,no game designation yet (DNP),tgt_sh 14.0%; team att 31.4; opp DvP 0.95; RZ tgt 1,0.8055616699684496,
Adonai Mitchell,NYJ,CLE,WR,CLE@NYJ,2plus_td,0.0177717019822283,5527.0,0.0,0.20338035170571056,C,no game designation yet (DNP),tgt_sh 14.0%; team att 31.4; opp DvP 0.95; RZ tgt 1,0.8055616699684496,
Jeremy Ruckert,NYJ,CLE,TE,CLE@NYJ,anytime_td,0.1173,753.0,0.0,0.1236,C,-,tgt_sh 4.2%; team att 31.4; opp DvP 0.90; RZ tgt 2,1.0,
Jeremy Ruckert,NYJ,CLE,TE,CLE@NYJ,first_td,0.030268643578643582,3204.0,0.0,0.1236,C,-,tgt_sh 4.2%; team att 31.4; opp DvP 0.90; RZ tgt 2,1.0,
Jeremy Ruckert,NYJ,CLE,TE,CLE@NYJ,last_td,0.030268643578643582,3204.0,0.0,0.1236,C,-,tgt_sh 4.2%; team att 31.4; opp DvP 0.90; RZ tgt 2,1.0,
Jeremy Ruckert,NYJ,CLE,TE,CLE@NYJ,2plus_td,0.00625,15900.0,0.0,0.1236,C,-,tgt_sh 4.2%; team att 31.4; opp DvP 0.90; RZ tgt 2,1.0,
Kenyon Sadiq,NYJ,CLE,TE,CLE@NYJ,anytime_td,0.19065,425.0,0.0342,0.17355,B,-,tgt_sh 14.4%; team att 31.4; opp DvP 0.90; RZ tgt 0,1.0,
Kenyon Sadiq,NYJ,CLE,TE,CLE@NYJ,first_td,0.050973465007215,1862.0,0.0342,0.17355,B,-,tgt_sh 14.4%; team att 31.4; opp DvP 0.90; RZ tgt 0,1.0,
Kenyon Sadiq,NYJ,CLE,TE,CLE@NYJ,last_td,0.050973465007215,1862.0,0.0342,0.17355,B,-,tgt_sh 14.4%; team att 31.4; opp DvP 0.90; RZ tgt 0,1.0,
Kenyon Sadiq,NYJ,CLE,TE,CLE@NYJ,2plus_td,0.0164,5998.0,0.0342,0.17355,B,-,tgt_sh 14.4%; team att 31.4; opp DvP 0.90; RZ tgt 0,1.0,
Sterling Shepard,NYJ,CLE,WR,CLE@NYJ,anytime_td,0.09625,939.0,0.0,0.1002,C,-,tgt_sh 5.2%; team att 31.4; opp DvP 0.95; RZ tgt 1,1.0,
Sterling Shepard,NYJ,CLE,WR,CLE@NYJ,first_td,0.024379238816738813,4002.0,0.0,0.1002,C,-,tgt_sh 5.2%; team att 31.4; opp DvP 0.95; RZ tgt 1,1.0,
Sterling Shepard,NYJ,CLE,WR,CLE@NYJ,last_td,0.024379238816738813,4002.0,0.0,0.1002,C,-,tgt_sh 5.2%; team att 31.4; opp DvP 0.95; RZ tgt 1,1.0,
Sterling Shepard,NYJ,CLE,WR,CLE@NYJ,2plus_td,0.00385,25874.0,0.0,0.1002,C,-,tgt_sh 5.2%; team att 31.4; opp DvP 0.95; RZ tgt 1,1.0,
Mason Taylor,NYJ,CLE,TE,CLE@NYJ,anytime_td,0.08778686362437352,1039.0,0.0,0.09126879451332102,C,no game designation yet (Full),tgt_sh 7.7%; team att 31.4; opp DvP 0.90; RZ tgt 0,0.9479829842591244,
Mason Taylor,NYJ,CLE,TE,CLE@NYJ,first_td,0.02191730966064915,4463.0,0.0,0.09126879451332102,C,no game designation yet (Full),tgt_sh 7.7%; team att 31.4; opp DvP 0.90; RZ tgt 0,0.9479829842591244,
Mason Taylor,NYJ,CLE,TE,CLE@NYJ,last_td,0.02191730966064915,4463.0,0.0,0.09126879451332102,C,no game designation yet (Full),tgt_sh 7.7%; team att 31.4; opp DvP 0.90; RZ tgt 0,0.9479829842591244,
Mason Taylor,NYJ,CLE,TE,CLE@NYJ,2plus_td,0.0034291743603270903,29062.0,0.0,0.09126879451332102,C,no game designation yet (Full),tgt_sh 7.7%; team att 31.4; opp DvP 0.90; RZ tgt 0,0.9479829842591244,
Isaiah Williams,NYJ,CLE,WR,CLE@NYJ,anytime_td,0.14085,610.0,0.00585,0.14535,C,-,tgt_sh 9.2%; team att 31.4; opp DvP 0.95; RZ tgt 1,1.0,
Isaiah Williams,NYJ,CLE,WR,CLE@NYJ,first_td,0.036745681818181816,2621.0,0.00585,0.14535,C,-,tgt_sh 9.2%; team att 31.4; opp DvP 0.95; RZ tgt 1,1.0,
Isaiah Williams,NYJ,CLE,WR,CLE@NYJ,last_td,0.036745681818181816,2621.0,0.00585,0.14535,C,-,tgt_sh 9.2%; team att 31.4; opp DvP 0.95; RZ tgt 1,1.0,
Isaiah Williams,NYJ,CLE,WR,CLE@NYJ,2plus_td,0.00975,10156.0,0.00585,0.14535,C,-,tgt_sh 9.2%; team att 31.4; opp DvP 0.95; RZ tgt 1,1.0,
Garrett Wilson,NYJ,CLE,WR,CLE@NYJ,anytime_td,0.27605,262.0,0.0,0.31875,B,-,tgt_sh 23.6%; team att 31.4; opp DvP 0.95; RZ tgt 1,1.0,
Garrett Wilson,NYJ,CLE,WR,CLE@NYJ,first_td,0.07776904942279941,1186.0,0.0,0.31875,B,-,tgt_sh 23.6%; team att 31.4; opp DvP 0.95; RZ tgt 1,1.0,
Garrett Wilson,NYJ,CLE,WR,CLE@NYJ,last_td,0.07776904942279941,1186.0,0.0,0.31875,B,-,tgt_sh 23.6%; team att 31.4; opp DvP 0.95; RZ tgt 1,1.0,
Garrett Wilson,NYJ,CLE,WR,CLE@NYJ,2plus_td,0.0397,2419.0,0.0,0.31875,B,-,tgt_sh 23.6%; team att 31.4; opp DvP 0.95; RZ tgt 1,1.0,
Jelani Woods,NYJ,CLE,TE,CLE@NYJ,anytime_td,0.0177,5550.0,0.0,0.0179,C,-,w_td 0.01; team TD 2.06,1.0,
Jelani Woods,NYJ,CLE,TE,CLE@NYJ,first_td,0.004173017676767677,23863.0,0.0,0.0179,C,-,w_td 0.01; team TD 2.06,1.0,
Jelani Woods,NYJ,CLE,TE,CLE@NYJ,last_td,0.004173017676767677,23863.0,0.0,0.0179,C,-,w_td 0.01; team TD 2.06,1.0,
Jelani Woods,NYJ,CLE,TE,CLE@NYJ,2plus_td,0.0002,499900.0,0.0,0.0179,C,-,w_td 0.01; team TD 2.06,1.0,
Daniel Jones,IND,PIT,QB,IND@PIT,anytime_td,0.09055,1004.0,0.09405,0.0,B,-,team att 32.0; ypa 6.74; opp d_ypa 1.06; pass rate 56.3%,1.0,
Daniel Jones,IND,PIT,QB,IND@PIT,first_td,0.020230387806637804,4843.0,0.09405,0.0,B,-,team att 32.0; ypa 6.74; opp d_ypa 1.06; pass rate 56.3%,1.0,
Daniel Jones,IND,PIT,QB,IND@PIT,last_td,0.020230387806637804,4843.0,0.09405,0.0,B,-,team att 32.0; ypa 6.74; opp d_ypa 1.06; pass rate 56.3%,1.0,
Daniel Jones,IND,PIT,QB,IND@PIT,2plus_td,0.00345,28886.0,0.09405,0.0,B,-,team att 32.0; ypa 6.74; opp d_ypa 1.06; pass rate 56.3%,1.0,
Keenan Allen,IND,PIT,WR,IND@PIT,anytime_td,0.18475822857440927,441.0,0.0,0.2018152417714256,B,no game designation yet (Limited),tgt_sh 17.6%; team att 32.0; opp DvP 1.03; RZ tgt 3,0.9575230478992892,
Keenan Allen,IND,PIT,WR,IND@PIT,first_td,0.04216114101096626,2272.0,0.0,0.2018152417714256,B,no game designation yet (Limited),tgt_sh 17.6%; team att 32.0; opp DvP 1.03; RZ tgt 3,0.9575230478992892,
Keenan Allen,IND,PIT,WR,IND@PIT,last_td,0.04216114101096626,2272.0,0.0,0.2018152417714256,B,no game designation yet (Limited),tgt_sh 17.6%; team att 32.0; opp DvP 1.03; RZ tgt 3,0.9575230478992892,
Keenan Allen,IND,PIT,WR,IND@PIT,2plus_td,0.015700798080433988,6269.0,0.0,0.2018152417714256,B,no game designation yet (Limited),tgt_sh 17.6%; team att 32.0; opp DvP 1.03; RZ tgt 3,0.9575230478992892,
Deion Burks,IND,PIT,WR,IND@PIT,anytime_td,0.0237,4119.0,0.0094,0.01455,C,-,w_td 0.02; team TD 1.93,1.0,
Deion Burks,IND,PIT,WR,IND@PIT,first_td,0.004961847041847042,20054.0,0.0094,0.01455,C,-,w_td 0.02; team TD 1.93,1.0,
Deion Burks,IND,PIT,WR,IND@PIT,last_td,0.004961847041847042,20054.0,0.0094,0.01455,C,-,w_td 0.02; team TD 1.93,1.0,
Deion Burks,IND,PIT,WR,IND@PIT,2plus_td,0.00025,399900.0,0.0094,0.01455,C,-,w_td 0.02; team TD 1.93,1.0,
Josh Downs,IND,PIT,WR,IND@PIT,anytime_td,0.2078,381.0,0.0,0.23035,B,-,tgt_sh 18.5%; team att 32.0; opp DvP 1.03; RZ tgt 4,1.0,
Josh Downs,IND,PIT,WR,IND@PIT,first_td,0.04850378968253968,1962.0,0.0,0.23035,B,-,tgt_sh 18.5%; team att 32.0; opp DvP 1.03; RZ tgt 4,1.0,
Josh Downs,IND,PIT,WR,IND@PIT,last_td,0.04850378968253968,1962.0,0.0,0.23035,B,-,tgt_sh 18.5%; team att 32.0; opp DvP 1.03; RZ tgt 4,1.0,
Josh Downs,IND,PIT,WR,IND@PIT,2plus_td,0.02155,4540.0,0.0,0.23035,B,-,tgt_sh 18.5%; team att 32.0; opp DvP 1.03; RZ tgt 4,1.0,
Ashton Dulin,IND,PIT,WR,IND@PIT,anytime_td,0.047415130639856015,2009.0,0.0,0.04834605597964377,C,no game designation yet (DNP),tgt_sh 6.0%; team att 32.0; opp DvP 1.03; RZ tgt 0,0.8055616699684496,
Ashton Dulin,IND,PIT,WR,IND@PIT,first_td,0.010288527301187886,9620.0,0.0,0.04834605597964377,C,no game designation yet (DNP),tgt_sh 6.0%; team att 32.0; opp DvP 1.03; RZ tgt 0,0.8055616699684496,
Ashton Dulin,IND,PIT,WR,IND@PIT,last_td,0.010288527301187886,9620.0,0.0,0.04834605597964377,C,no game designation yet (DNP),tgt_sh 6.0%; team att 32.0; opp DvP 1.03; RZ tgt 0,0.8055616699684496,
Ashton Dulin,IND,PIT,WR,IND@PIT,2plus_td,0.000930925339787749,107320.0,0.0,0.04834605597964377,C,no game designation yet (DNP),tgt_sh 6.0%; team att 32.0; opp DvP 1.03; RZ tgt 0,0.8055616699684496,
Seth McGowan,IND,PIT,RB,IND@PIT,anytime_td,0.1749,472.0,0.1725,0.01955,B,-,car_sh 16.9%; team rush 26.7; opp d_ypc 1.02; inside-10 car 2,1.0,
Seth McGowan,IND,PIT,RB,IND@PIT,first_td,0.04059104797979798,2364.0,0.1725,0.01955,B,-,car_sh 16.9%; team rush 26.7; opp d_ypc 1.02; inside-10 car 2,1.0,
Seth McGowan,IND,PIT,RB,IND@PIT,last_td,0.04059104797979798,2364.0,0.1725,0.01955,B,-,car_sh 16.9%; team rush 26.7; opp d_ypc 1.02; inside-10 car 2,1.0,
Seth McGowan,IND,PIT,RB,IND@PIT,2plus_td,0.01605,6131.0,0.1725,0.01955,B,-,car_sh 16.9%; team rush 26.7; opp d_ypc 1.02; inside-10 car 2,1.0,
Jonathan Taylor,IND,PIT,RB,IND@PIT,anytime_td,0.5659542368619562,-130.0,0.6932863967814936,0.10716620568267539,B,no game designation yet (Limited),tgt_sh 10.6%; team att 32.0; opp DvP 1.05; RZ tgt 1; car_sh 68.2%; team rush 26.7; opp d_ypc 1.02; inside-10 car 8,0.9951309141019752,
Jonathan Taylor,IND,PIT,RB,IND@PIT,first_td,0.1717150658689507,482.0,0.6932863967814936,0.10716620568267539,B,no game designation yet (Limited),tgt_sh 10.6%; team att 32.0; opp DvP 1.05; RZ tgt 1; car_sh 68.2%; team rush 26.7; opp d_ypc 1.02; inside-10 car 8,0.9951309141019752,
Jonathan Taylor,IND,PIT,RB,IND@PIT,last_td,0.1717150658689507,482.0,0.6932863967814936,0.10716620568267539,B,no game designation yet (Limited),tgt_sh 10.6%; team att 32.0; opp DvP 1.05; RZ tgt 1; car_sh 68.2%; team rush 26.7; opp d_ypc 1.02; inside-10 car 8,0.9951309141019752,
Jonathan Taylor,IND,PIT,RB,IND@PIT,2plus_td,0.1893889866733719,428.0,0.6932863967814936,0.10716620568267539,B,no game designation yet (Limited),tgt_sh 10.6%; team att 32.0; opp DvP 1.05; RZ tgt 1; car_sh 68.2%; team rush 26.7; opp d_ypc 1.02; inside-10 car 8,0.9951309141019752,
Laquon Treadwell,IND,PIT,WR,IND@PIT,anytime_td,0.0703,1322.0,0.0,0.0727,C,-,tgt_sh 4.2%; team att 32.0; opp DvP 1.03; RZ tgt 2,1.0,
Laquon Treadwell,IND,PIT,WR,IND@PIT,first_td,0.015027929292929293,6554.0,0.0,0.0727,C,-,tgt_sh 4.2%; team att 32.0; opp DvP 1.03; RZ tgt 2,1.0,
Laquon Treadwell,IND,PIT,WR,IND@PIT,last_td,0.015027929292929293,6554.0,0.0,0.0727,C,-,tgt_sh 4.2%; team att 32.0; opp DvP 1.03; RZ tgt 2,1.0,
Laquon Treadwell,IND,PIT,WR,IND@PIT,2plus_td,0.00235,42453.0,0.0,0.0727,C,-,tgt_sh 4.2%; team att 32.0; opp DvP 1.03; RZ tgt 2,1.0,
Tyler Warren,IND,PIT,TE,IND@PIT,anytime_td,0.21035,375.0,0.0087,0.22735,B,-,tgt_sh 20.5%; team att 32.0; opp DvP 1.02; RZ tgt 3,1.0,
Tyler Warren,IND,PIT,TE,IND@PIT,first_td,0.04989280663780664,1904.0,0.0087,0.22735,B,-,tgt_sh 20.5%; team att 32.0; opp DvP 1.02; RZ tgt 3,1.0,
Tyler Warren,IND,PIT,TE,IND@PIT,last_td,0.04989280663780664,1904.0,0.0087,0.22735,B,-,tgt_sh 20.5%; team att 32.0; opp DvP 1.02; RZ tgt 3,1.0,
Tyler Warren,IND,PIT,TE,IND@PIT,2plus_td,0.02355,4146.0,0.0087,0.22735,B,-,tgt_sh 20.5%; team att 32.0; opp DvP 1.02; RZ tgt 3,1.0,
Aaron Rodgers,PIT,IND,QB,IND@PIT,anytime_td,0.0263,3702.0,0.0267,0.0,B,-,team att 36.6; ypa 7.21; opp d_ypa 1.08; pass rate 63.2%,1.0,
Aaron Rodgers,PIT,IND,QB,IND@PIT,first_td,0.005743055555555555,17312.0,0.0267,0.0,B,-,team att 36.6; ypa 7.21; opp d_ypa 1.08; pass rate 63.2%,1.0,
Aaron Rodgers,PIT,IND,QB,IND@PIT,last_td,0.005743055555555555,17312.0,0.0267,0.0,B,-,team att 36.6; ypa 7.21; opp d_ypa 1.08; pass rate 63.2%,1.0,
Aaron Rodgers,PIT,IND,QB,IND@PIT,2plus_td,0.0004,249900.0,0.0267,0.0,B,-,team att 36.6; ypa 7.21; opp d_ypa 1.08; pass rate 63.2%,1.0,
Germie Bernard,PIT,IND,WR,IND@PIT,anytime_td,0.1199,734.0,0.0,0.127,C,-,tgt_sh 4.9%; team att 36.6; opp DvP 0.95; RZ tgt 2,1.0,
Germie Bernard,PIT,IND,WR,IND@PIT,first_td,0.02722071067821068,3574.0,0.0,0.127,C,-,tgt_sh 4.9%; team att 36.6; opp DvP 0.95; RZ tgt 2,1.0,
Germie Bernard,PIT,IND,WR,IND@PIT,last_td,0.02722071067821068,3574.0,0.0,0.127,C,-,tgt_sh 4.9%; team att 36.6; opp DvP 0.95; RZ tgt 2,1.0,
Germie Bernard,PIT,IND,WR,IND@PIT,2plus_td,0.00695,14288.0,0.0,0.127,C,-,tgt_sh 4.9%; team att 36.6; opp DvP 0.95; RZ tgt 2,1.0,
Rico Dowdle,PIT,IND,RB,IND@PIT,anytime_td,0.26357522834487607,279.0,0.18794539797249823,0.11492522332630734,B,no game designation yet (Limited),tgt_sh 8.2%; team att 36.6; opp DvP 1.04; RZ tgt 0; car_sh 29.2%; team rush 23.1; opp d_ypc 1.08; inside-10 car 0,0.9951309141019752,
Rico Dowdle,PIT,IND,RB,IND@PIT,first_td,0.06558464913252628,1425.0,0.18794539797249823,0.11492522332630734,B,no game designation yet (Limited),tgt_sh 8.2%; team att 36.6; opp DvP 1.04; RZ tgt 0; car_sh 29.2%; team rush 23.1; opp d_ypc 1.08; inside-10 car 0,0.9951309141019752,
Rico Dowdle,PIT,IND,RB,IND@PIT,last_td,0.06558464913252628,1425.0,0.18794539797249823,0.11492522332630734,B,no game designation yet (Limited),tgt_sh 8.2%; team att 36.6; opp DvP 1.04; RZ tgt 0; car_sh 29.2%; team rush 23.1; opp d_ypc 1.08; inside-10 car 0,0.9951309141019752,
Rico Dowdle,PIT,IND,RB,IND@PIT,2plus_td,0.035932951922111815,2683.0,0.18794539797249823,0.11492522332630734,B,no game designation yet (Limited),tgt_sh 8.2%; team att 36.6; opp DvP 1.04; RZ tgt 0; car_sh 29.2%; team rush 23.1; opp d_ypc 1.08; inside-10 car 0,0.9951309141019752,
Pat Freiermuth,PIT,IND,TE,IND@PIT,anytime_td,0.238,320.0,0.0066,0.2602,B,-,tgt_sh 13.2%; team att 36.6; opp DvP 0.90; RZ tgt 3,1.0,
Pat Freiermuth,PIT,IND,TE,IND@PIT,first_td,0.05663017135642135,1666.0,0.0066,0.2602,B,-,tgt_sh 13.2%; team att 36.6; opp DvP 0.90; RZ tgt 3,1.0,
Pat Freiermuth,PIT,IND,TE,IND@PIT,last_td,0.05663017135642135,1666.0,0.0066,0.2602,B,-,tgt_sh 13.2%; team att 36.6; opp DvP 0.90; RZ tgt 3,1.0,
Pat Freiermuth,PIT,IND,TE,IND@PIT,2plus_td,0.0267,3645.0,0.0066,0.2602,B,-,tgt_sh 13.2%; team att 36.6; opp DvP 0.90; RZ tgt 3,1.0,
Eli Heidenreich,PIT,IND,RB,IND@PIT,anytime_td,0.01535,6415.0,0.0048,0.0106,C,-,w_td 0.01; team TD 2.50,1.0,
Eli Heidenreich,PIT,IND,RB,IND@PIT,first_td,0.003352209595959596,29731.0,0.0048,0.0106,C,-,w_td 0.01; team TD 2.50,1.0,
Eli Heidenreich,PIT,IND,RB,IND@PIT,last_td,0.003352209595959596,29731.0,0.0048,0.0106,C,-,w_td 0.01; team TD 2.50,1.0,
Eli Heidenreich,PIT,IND,RB,IND@PIT,2plus_td,5e-05,999900.0,0.0048,0.0106,C,-,w_td 0.01; team TD 2.50,1.0,
Travis Homer,PIT,IND,RB,IND@PIT,anytime_td,0.07705,1198.0,0.073,0.00685,C,-,w_td 0.11; team TD 2.50,1.0,
Travis Homer,PIT,IND,RB,IND@PIT,first_td,0.017347329753579756,5665.0,0.073,0.00685,C,-,w_td 0.11; team TD 2.50,1.0,
Travis Homer,PIT,IND,RB,IND@PIT,last_td,0.017347329753579756,5665.0,0.073,0.00685,C,-,w_td 0.11; team TD 2.50,1.0,
Travis Homer,PIT,IND,RB,IND@PIT,2plus_td,0.0026,38362.0,0.073,0.00685,C,-,w_td 0.11; team TD 2.50,1.0,
DK Metcalf,PIT,IND,WR,IND@PIT,anytime_td,0.2807,256.0,0.0,0.327,B,-,tgt_sh 22.2%; team att 36.6; opp DvP 0.95; RZ tgt 1,1.0,
DK Metcalf,PIT,IND,WR,IND@PIT,first_td,0.07050117299367299,1318.0,0.0,0.327,B,-,tgt_sh 22.2%; team att 36.6; opp DvP 0.95; RZ tgt 1,1.0,
DK Metcalf,PIT,IND,WR,IND@PIT,last_td,0.07050117299367299,1318.0,0.0,0.327,B,-,tgt_sh 22.2%; team att 36.6; opp DvP 0.95; RZ tgt 1,1.0,
DK Metcalf,PIT,IND,WR,IND@PIT,2plus_td,0.0431,2220.0,0.0,0.327,B,-,tgt_sh 22.2%; team att 36.6; opp DvP 0.95; RZ tgt 1,1.0,
Lew Nichols III,PIT,IND,RB,IND@PIT,anytime_td,0.04915,1935.0,0.04295,0.0076,C,-,w_td 0.06; team TD 2.50,1.0,
Lew Nichols III,PIT,IND,RB,IND@PIT,first_td,0.011053580447330447,8947.0,0.04295,0.0076,C,-,w_td 0.06; team TD 2.50,1.0,
Lew Nichols III,PIT,IND,RB,IND@PIT,last_td,0.011053580447330447,8947.0,0.04295,0.0076,C,-,w_td 0.06; team TD 2.50,1.0,
Lew Nichols III,PIT,IND,RB,IND@PIT,2plus_td,0.00135,73974.0,0.04295,0.0076,C,-,w_td 0.06; team TD 2.50,1.0,
Michael Pittman,PIT,IND,WR,IND@PIT,anytime_td,0.16273597238926946,514.0,0.0,0.17570464885216755,C,no game designation yet (Limited),tgt_sh 13.5%; team att 36.6; opp DvP 0.95; RZ tgt 0,0.9575230478992892,
Michael Pittman,PIT,IND,WR,IND@PIT,first_td,0.03783518203980474,2543.0,0.0,0.17570464885216755,C,no game designation yet (Limited),tgt_sh 13.5%; team att 36.6; opp DvP 0.95; RZ tgt 0,0.9575230478992892,
Michael Pittman,PIT,IND,WR,IND@PIT,last_td,0.03783518203980474,2543.0,0.0,0.17570464885216755,C,no game designation yet (Limited),tgt_sh 13.5%; team att 36.6; opp DvP 0.95; RZ tgt 0,0.9575230478992892,
Michael Pittman,PIT,IND,WR,IND@PIT,2plus_td,0.012445745960361868,7935.0,0.0,0.17570464885216755,C,no game designation yet (Limited),tgt_sh 13.5%; team att 36.6; opp DvP 0.95; RZ tgt 0,0.9575230478992892,
Ben Skowronek,PIT,IND,WR,IND@PIT,anytime_td,0.0549,1721.0,0.0,0.0561,C,-,w_td 0.03; team TD 2.50,1.0,
Ben Skowronek,PIT,IND,WR,IND@PIT,first_td,0.011995358946608945,8237.0,0.0,0.0561,C,-,w_td 0.03; team TD 2.50,1.0,
Ben Skowronek,PIT,IND,WR,IND@PIT,last_td,0.011995358946608945,8237.0,0.0,0.0561,C,-,w_td 0.03; team TD 2.50,1.0,
Ben Skowronek,PIT,IND,WR,IND@PIT,2plus_td,0.00115,86857.0,0.0,0.0561,C,-,w_td 0.03; team TD 2.50,1.0,
Robert Tonyan,PIT,IND,TE,IND@PIT,anytime_td,0.03815,2521.0,0.0,0.03875,C,-,w_td 0.02; team TD 2.50,1.0,
Robert Tonyan,PIT,IND,TE,IND@PIT,first_td,0.00849275974025974,11675.0,0.0,0.03875,C,-,w_td 0.02; team TD 2.50,1.0,
Robert Tonyan,PIT,IND,TE,IND@PIT,last_td,0.00849275974025974,11675.0,0.0,0.03875,C,-,w_td 0.02; team TD 2.50,1.0,
Robert Tonyan,PIT,IND,TE,IND@PIT,2plus_td,0.0006,166567.0,0.0,0.03875,C,-,w_td 0.02; team TD 2.50,1.0,
Jaylen Warren,PIT,IND,RB,IND@PIT,anytime_td,0.4656,115.0,0.30915,0.29345,B,-,tgt_sh 11.9%; team att 36.6; opp DvP 1.04; RZ tgt 4; car_sh 47.8%; team rush 23.1; opp d_ypc 1.08; inside-10 car 0,1.0,
Jaylen Warren,PIT,IND,RB,IND@PIT,first_td,0.12972715298590298,671.0,0.30915,0.29345,B,-,tgt_sh 11.9%; team att 36.6; opp DvP 1.04; RZ tgt 4; car_sh 47.8%; team rush 23.1; opp d_ypc 1.08; inside-10 car 0,1.0,
Jaylen Warren,PIT,IND,RB,IND@PIT,last_td,0.12972715298590298,671.0,0.30915,0.29345,B,-,tgt_sh 11.9%; team att 36.6; opp DvP 1.04; RZ tgt 4; car_sh 47.8%; team rush 23.1; opp d_ypc 1.08; inside-10 car 0,1.0,
Jaylen Warren,PIT,IND,RB,IND@PIT,2plus_td,0.11635,759.0,0.30915,0.29345,B,-,tgt_sh 11.9%; team att 36.6; opp DvP 1.04; RZ tgt 4; car_sh 47.8%; team rush 23.1; opp d_ypc 1.08; inside-10 car 0,1.0,
Darnell Washington,PIT,IND,TE,IND@PIT,anytime_td,0.15095,562.0,0.0,0.16275,C,-,tgt_sh 8.0%; team att 36.6; opp DvP 0.90; RZ tgt 2,1.0,
Darnell Washington,PIT,IND,TE,IND@PIT,first_td,0.03508864357864357,2750.0,0.0,0.16275,C,-,tgt_sh 8.0%; team att 36.6; opp DvP 0.90; RZ tgt 2,1.0,
Darnell Washington,PIT,IND,TE,IND@PIT,last_td,0.03508864357864357,2750.0,0.0,0.16275,C,-,tgt_sh 8.0%; team att 36.6; opp DvP 0.90; RZ tgt 2,1.0,
Darnell Washington,PIT,IND,TE,IND@PIT,2plus_td,0.0111,8909.0,0.0,0.16275,C,-,tgt_sh 8.0%; team att 36.6; opp DvP 0.90; RZ tgt 2,1.0,
Roman Wilson,PIT,IND,WR,IND@PIT,anytime_td,0.20115,397.0,0.0,0.2229,B,-,tgt_sh 12.0%; team att 36.6; opp DvP 0.95; RZ tgt 2,1.0,
Roman Wilson,PIT,IND,WR,IND@PIT,first_td,0.04756232378732378,2003.0,0.0,0.2229,B,-,tgt_sh 12.0%; team att 36.6; opp DvP 0.95; RZ tgt 2,1.0,
Roman Wilson,PIT,IND,WR,IND@PIT,last_td,0.04756232378732378,2003.0,0.0,0.2229,B,-,tgt_sh 12.0%; team att 36.6; opp DvP 0.95; RZ tgt 2,1.0,
Roman Wilson,PIT,IND,WR,IND@PIT,2plus_td,0.02035,4814.0,0.0,0.2229,B,-,tgt_sh 12.0%; team att 36.6; opp DvP 0.95; RZ tgt 2,1.0,
C.J. Stroud,HOU,TEN,QB,HOU@TEN,anytime_td,0.0777,1187.0,0.0804,0.0,B,-,team att 35.4; ypa 7.76; opp d_ypa 1.05; pass rate 60.9%,1.0,
C.J. Stroud,HOU,TEN,QB,HOU@TEN,first_td,0.020107620851370852,4873.0,0.0804,0.0,B,-,team att 35.4; ypa 7.76; opp d_ypa 1.05; pass rate 60.9%,1.0,
C.J. Stroud,HOU,TEN,QB,HOU@TEN,last_td,0.020107620851370852,4873.0,0.0804,0.0,B,-,team att 35.4; ypa 7.76; opp d_ypa 1.05; pass rate 60.9%,1.0,
C.J. Stroud,HOU,TEN,QB,HOU@TEN,2plus_td,0.00265,37636.0,0.0804,0.0,B,-,team att 35.4; ypa 7.76; opp d_ypa 1.05; pass rate 60.9%,1.0,
Lewis Bond,HOU,TEN,WR,HOU@TEN,anytime_td,0.01575,6249.0,0.0,0.0159,C,-,w_td 0.02; team TD 2.35,1.0,
Lewis Bond,HOU,TEN,WR,HOU@TEN,first_td,0.003905099206349206,25508.0,0.0,0.0159,C,-,w_td 0.02; team TD 2.35,1.0,
Lewis Bond,HOU,TEN,WR,HOU@TEN,last_td,0.003905099206349206,25508.0,0.0,0.0159,C,-,w_td 0.02; team TD 2.35,1.0,
Lewis Bond,HOU,TEN,WR,HOU@TEN,2plus_td,0.00015,666567.0,0.0,0.0159,C,-,w_td 0.02; team TD 2.35,1.0,
Kayshon Boutte,HOU,TEN,WR,HOU@TEN,anytime_td,0.14685,581.0,0.0,0.1576,C,-,tgt_sh 10.3%; team att 35.4; opp DvP 1.14; RZ tgt 2,1.0,
Kayshon Boutte,HOU,TEN,WR,HOU@TEN,first_td,0.03840342532467532,2504.0,0.0,0.1576,C,-,tgt_sh 10.3%; team att 35.4; opp DvP 1.14; RZ tgt 2,1.0,
Kayshon Boutte,HOU,TEN,WR,HOU@TEN,last_td,0.03840342532467532,2504.0,0.0,0.1576,C,-,tgt_sh 10.3%; team att 35.4; opp DvP 1.14; RZ tgt 2,1.0,
Kayshon Boutte,HOU,TEN,WR,HOU@TEN,2plus_td,0.0103,9609.0,0.0,0.1576,C,-,tgt_sh 10.3%; team att 35.4; opp DvP 1.14; RZ tgt 2,1.0,
Nico Collins,HOU,TEN,WR,HOU@TEN,anytime_td,0.2845856006697363,251.0,0.008737965676015069,0.32126412724989534,B,no game designation yet (Limited),tgt_sh 23.2%; team att 35.4; opp DvP 1.14; RZ tgt 3,0.9575230478992892,
Nico Collins,HOU,TEN,WR,HOU@TEN,first_td,0.08160477057243487,1125.0,0.008737965676015069,0.32126412724989534,B,no game designation yet (Limited),tgt_sh 23.2%; team att 35.4; opp DvP 1.14; RZ tgt 3,0.9575230478992892,
Nico Collins,HOU,TEN,WR,HOU@TEN,last_td,0.08160477057243487,1125.0,0.008737965676015069,0.32126412724989534,B,no game designation yet (Limited),tgt_sh 23.2%; team att 35.4; opp DvP 1.14; RZ tgt 3,0.9575230478992892,
Nico Collins,HOU,TEN,WR,HOU@TEN,2plus_td,0.04196316450397656,2283.0,0.008737965676015069,0.32126412724989534,B,no game designation yet (Limited),tgt_sh 23.2%; team att 35.4; opp DvP 1.14; RZ tgt 3,0.9575230478992892,
Xavier Hutchinson,HOU,TEN,WR,HOU@TEN,anytime_td,0.17345,477.0,0.0146,0.1739,B,-,tgt_sh 14.2%; team att 35.4; opp DvP 1.14; RZ tgt 1,1.0,
Xavier Hutchinson,HOU,TEN,WR,HOU@TEN,first_td,0.046373701298701296,2056.0,0.0146,0.1739,B,-,tgt_sh 14.2%; team att 35.4; opp DvP 1.14; RZ tgt 1,1.0,
Xavier Hutchinson,HOU,TEN,WR,HOU@TEN,last_td,0.046373701298701296,2056.0,0.0146,0.1739,B,-,tgt_sh 14.2%; team att 35.4; opp DvP 1.14; RZ tgt 1,1.0,
Xavier Hutchinson,HOU,TEN,WR,HOU@TEN,2plus_td,0.0141,6992.0,0.0146,0.1739,B,-,tgt_sh 14.2%; team att 35.4; opp DvP 1.14; RZ tgt 1,1.0,
Brevin Jordan,HOU,TEN,TE,HOU@TEN,anytime_td,0.01565,6290.0,0.0,0.01575,C,-,w_td 0.02; team TD 2.35,1.0,
Brevin Jordan,HOU,TEN,TE,HOU@TEN,first_td,0.0037685515873015873,26435.0,0.0,0.01575,C,-,w_td 0.02; team TD 2.35,1.0,
Brevin Jordan,HOU,TEN,TE,HOU@TEN,last_td,0.0037685515873015873,26435.0,0.0,0.01575,C,-,w_td 0.02; team TD 2.35,1.0,
Brevin Jordan,HOU,TEN,TE,HOU@TEN,2plus_td,0.0001,999900.0,0.0,0.01575,C,-,w_td 0.02; team TD 2.35,1.0,
Woody Marks,HOU,TEN,RB,HOU@TEN,anytime_td,0.3655,174.0,0.34675,0.09655,B,-,tgt_sh 5.2%; team att 35.4; opp DvP 0.92; RZ tgt 2; car_sh 32.3%; team rush 24.5; opp d_ypc 0.93; inside-10 car 3,1.0,
Woody Marks,HOU,TEN,RB,HOU@TEN,first_td,0.1110107792207792,801.0,0.34675,0.09655,B,-,tgt_sh 5.2%; team att 35.4; opp DvP 0.92; RZ tgt 2; car_sh 32.3%; team rush 24.5; opp d_ypc 0.93; inside-10 car 3,1.0,
Woody Marks,HOU,TEN,RB,HOU@TEN,last_td,0.1110107792207792,801.0,0.34675,0.09655,B,-,tgt_sh 5.2%; team att 35.4; opp DvP 0.92; RZ tgt 2; car_sh 32.3%; team rush 24.5; opp d_ypc 0.93; inside-10 car 3,1.0,
Woody Marks,HOU,TEN,RB,HOU@TEN,2plus_td,0.07025,1323.0,0.34675,0.09655,B,-,tgt_sh 5.2%; team att 35.4; opp DvP 0.92; RZ tgt 2; car_sh 32.3%; team rush 24.5; opp d_ypc 0.93; inside-10 car 3,1.0,
David Montgomery,HOU,TEN,RB,HOU@TEN,anytime_td,0.45555,120.0,0.53375,0.0628,B,-,tgt_sh 4.1%; team att 35.4; opp DvP 0.92; RZ tgt 1; car_sh 48.5%; team rush 24.5; opp d_ypc 0.93; inside-10 car 5,1.0,
David Montgomery,HOU,TEN,RB,HOU@TEN,first_td,0.14894845418470418,571.0,0.53375,0.0628,B,-,tgt_sh 4.1%; team att 35.4; opp DvP 0.92; RZ tgt 1; car_sh 48.5%; team rush 24.5; opp d_ypc 0.93; inside-10 car 5,1.0,
David Montgomery,HOU,TEN,RB,HOU@TEN,last_td,0.14894845418470418,571.0,0.53375,0.0628,B,-,tgt_sh 4.1%; team att 35.4; opp DvP 0.92; RZ tgt 1; car_sh 48.5%; team rush 24.5; opp d_ypc 0.93; inside-10 car 5,1.0,
David Montgomery,HOU,TEN,RB,HOU@TEN,2plus_td,0.1189,741.0,0.53375,0.0628,B,-,tgt_sh 4.1%; team att 35.4; opp DvP 0.92; RZ tgt 1; car_sh 48.5%; team rush 24.5; opp d_ypc 0.93; inside-10 car 5,1.0,
Foster Moreau,HOU,TEN,TE,HOU@TEN,anytime_td,0.0908,1001.0,0.0,0.09405,C,-,tgt_sh 4.9%; team att 35.4; opp DvP 0.95; RZ tgt 2,1.0,
Foster Moreau,HOU,TEN,TE,HOU@TEN,first_td,0.0234374044011544,4167.0,0.0,0.09405,C,-,tgt_sh 4.9%; team att 35.4; opp DvP 0.95; RZ tgt 2,1.0,
Foster Moreau,HOU,TEN,TE,HOU@TEN,last_td,0.0234374044011544,4167.0,0.0,0.09405,C,-,tgt_sh 4.9%; team att 35.4; opp DvP 0.95; RZ tgt 2,1.0,
Foster Moreau,HOU,TEN,TE,HOU@TEN,2plus_td,0.0031,32158.0,0.0,0.09405,C,-,tgt_sh 4.9%; team att 35.4; opp DvP 0.95; RZ tgt 2,1.0,
Jaylin Noel,HOU,TEN,WR,HOU@TEN,anytime_td,0.08805,1036.0,0.0168,0.07485,C,-,tgt_sh 7.1%; team att 35.4; opp DvP 1.14; RZ tgt 0,1.0,
Jaylin Noel,HOU,TEN,WR,HOU@TEN,first_td,0.022496984126984126,4345.0,0.0168,0.07485,C,-,tgt_sh 7.1%; team att 35.4; opp DvP 1.14; RZ tgt 0,1.0,
Jaylin Noel,HOU,TEN,WR,HOU@TEN,last_td,0.022496984126984126,4345.0,0.0168,0.07485,C,-,tgt_sh 7.1%; team att 35.4; opp DvP 1.14; RZ tgt 0,1.0,
Jaylin Noel,HOU,TEN,WR,HOU@TEN,2plus_td,0.0036,27678.0,0.0168,0.07485,C,-,tgt_sh 7.1%; team att 35.4; opp DvP 1.14; RZ tgt 0,1.0,
Dalton Schultz,HOU,TEN,TE,HOU@TEN,anytime_td,0.1936,417.0,0.0,0.2133,B,-,tgt_sh 17.7%; team att 35.4; opp DvP 0.95; RZ tgt 2,1.0,
Dalton Schultz,HOU,TEN,TE,HOU@TEN,first_td,0.05272548520923521,1797.0,0.0,0.2133,B,-,tgt_sh 17.7%; team att 35.4; opp DvP 0.95; RZ tgt 2,1.0,
Dalton Schultz,HOU,TEN,TE,HOU@TEN,last_td,0.05272548520923521,1797.0,0.0,0.2133,B,-,tgt_sh 17.7%; team att 35.4; opp DvP 0.95; RZ tgt 2,1.0,
Dalton Schultz,HOU,TEN,TE,HOU@TEN,2plus_td,0.01805,5440.0,0.0,0.2133,B,-,tgt_sh 17.7%; team att 35.4; opp DvP 0.95; RZ tgt 2,1.0,
Cade Stover,HOU,TEN,TE,HOU@TEN,anytime_td,0.02605,3739.0,0.0,0.0263,C,-,w_td 0.02; team TD 2.35,1.0,
Cade Stover,HOU,TEN,TE,HOU@TEN,first_td,0.0066230158730158735,14999.0,0.0,0.0263,C,-,w_td 0.02; team TD 2.35,1.0,
Cade Stover,HOU,TEN,TE,HOU@TEN,last_td,0.0066230158730158735,14999.0,0.0,0.0263,C,-,w_td 0.02; team TD 2.35,1.0,
Cade Stover,HOU,TEN,TE,HOU@TEN,2plus_td,0.00025,399900.0,0.0,0.0263,C,-,w_td 0.02; team TD 2.35,1.0,
Jared Wayne,HOU,TEN,WR,HOU@TEN,anytime_td,0.08775,1040.0,0.0,0.09165,C,-,tgt_sh 6.1%; team att 35.4; opp DvP 1.14; RZ tgt 1,1.0,
Jared Wayne,HOU,TEN,WR,HOU@TEN,first_td,0.02293952380952381,4259.0,0.0,0.09165,C,-,tgt_sh 6.1%; team att 35.4; opp DvP 1.14; RZ tgt 1,1.0,
Jared Wayne,HOU,TEN,WR,HOU@TEN,last_td,0.02293952380952381,4259.0,0.0,0.09165,C,-,tgt_sh 6.1%; team att 35.4; opp DvP 1.14; RZ tgt 1,1.0,
Jared Wayne,HOU,TEN,WR,HOU@TEN,2plus_td,0.00385,25874.0,0.0,0.09165,C,-,tgt_sh 6.1%; team att 35.4; opp DvP 1.14; RZ tgt 1,1.0,
Cam Ward,TEN,HOU,QB,HOU@TEN,anytime_td,0.1309,664.0,0.14255,0.0,B,-,team att 33.6; ypa 6.96; opp d_ypa 1.06; pass rate 59.4%,1.0,
Cam Ward,TEN,HOU,QB,HOU@TEN,first_td,0.035344154040404044,2729.0,0.14255,0.0,B,-,team att 33.6; ypa 6.96; opp d_ypa 1.06; pass rate 59.4%,1.0,
Cam Ward,TEN,HOU,QB,HOU@TEN,last_td,0.035344154040404044,2729.0,0.14255,0.0,B,-,team att 33.6; ypa 6.96; opp d_ypa 1.06; pass rate 59.4%,1.0,
Cam Ward,TEN,HOU,QB,HOU@TEN,2plus_td,0.01085,9117.0,0.14255,0.0,B,-,team att 33.6; ypa 6.96; opp d_ypa 1.06; pass rate 59.4%,1.0,
Elic Ayomanor,TEN,HOU,WR,HOU@TEN,anytime_td,0.14585,586.0,0.0,0.15775,B,-,tgt_sh 12.0%; team att 33.6; opp DvP 1.02; RZ tgt 5,1.0,
Elic Ayomanor,TEN,HOU,WR,HOU@TEN,first_td,0.038023993506493506,2530.0,0.0,0.15775,B,-,tgt_sh 12.0%; team att 33.6; opp DvP 1.02; RZ tgt 5,1.0,
Elic Ayomanor,TEN,HOU,WR,HOU@TEN,last_td,0.038023993506493506,2530.0,0.0,0.15775,B,-,tgt_sh 12.0%; team att 33.6; opp DvP 1.02; RZ tgt 5,1.0,
Elic Ayomanor,TEN,HOU,WR,HOU@TEN,2plus_td,0.01115,8869.0,0.0,0.15775,B,-,tgt_sh 12.0%; team att 33.6; opp DvP 1.02; RZ tgt 5,1.0,
Daniel Bellinger,TEN,HOU,TE,HOU@TEN,anytime_td,0.02275,4296.0,0.0,0.023,C,-,tgt_sh 3.9%; team att 33.6; opp DvP 0.91; RZ tgt 0,1.0,
Daniel Bellinger,TEN,HOU,TE,HOU@TEN,first_td,0.005515974025974026,18029.0,0.0,0.023,C,-,tgt_sh 3.9%; team att 33.6; opp DvP 0.91; RZ tgt 0,1.0,
Daniel Bellinger,TEN,HOU,TE,HOU@TEN,last_td,0.005515974025974026,18029.0,0.0,0.023,C,-,tgt_sh 3.9%; team att 33.6; opp DvP 0.91; RZ tgt 0,1.0,
Daniel Bellinger,TEN,HOU,TE,HOU@TEN,2plus_td,0.00025,399900.0,0.0,0.023,C,-,tgt_sh 3.9%; team att 33.6; opp DvP 0.91; RZ tgt 0,1.0,
Chimere Dike,TEN,HOU,WR,HOU@TEN,anytime_td,0.0391,2458.0,0.0,0.03965,C,-,tgt_sh 6.2%; team att 33.6; opp DvP 1.02; RZ tgt 0,1.0,
Chimere Dike,TEN,HOU,WR,HOU@TEN,first_td,0.009340517676767676,10606.0,0.0,0.03965,C,-,tgt_sh 6.2%; team att 33.6; opp DvP 1.02; RZ tgt 0,1.0,
Chimere Dike,TEN,HOU,WR,HOU@TEN,last_td,0.009340517676767676,10606.0,0.0,0.03965,C,-,tgt_sh 6.2%; team att 33.6; opp DvP 1.02; RZ tgt 0,1.0,
Chimere Dike,TEN,HOU,WR,HOU@TEN,2plus_td,0.00055,181718.0,0.0,0.03965,C,-,tgt_sh 6.2%; team att 33.6; opp DvP 1.02; RZ tgt 0,1.0,
Gunnar Helm,TEN,HOU,TE,HOU@TEN,anytime_td,0.1105,805.0,0.0,0.11695,C,-,tgt_sh 11.8%; team att 33.6; opp DvP 0.91; RZ tgt 3,1.0,
Gunnar Helm,TEN,HOU,TE,HOU@TEN,first_td,0.027821031746031746,3494.0,0.0,0.11695,C,-,tgt_sh 11.8%; team att 33.6; opp DvP 0.91; RZ tgt 3,1.0,
Gunnar Helm,TEN,HOU,TE,HOU@TEN,last_td,0.027821031746031746,3494.0,0.0,0.11695,C,-,tgt_sh 11.8%; team att 33.6; opp DvP 0.91; RZ tgt 3,1.0,
Gunnar Helm,TEN,HOU,TE,HOU@TEN,2plus_td,0.0063,15773.0,0.0,0.11695,C,-,tgt_sh 11.8%; team att 33.6; opp DvP 0.91; RZ tgt 3,1.0,
Tony Pollard,TEN,HOU,RB,HOU@TEN,anytime_td,0.3520842105263158,184.0,0.38054736842105263,0.045136842105263156,B,no game designation yet (DNP),tgt_sh 7.6%; team att 33.6; opp DvP 0.99; RZ tgt 0; car_sh 56.6%; team rush 24.5; opp d_ypc 0.90; inside-10 car 13,0.5949864089398973,
Tony Pollard,TEN,HOU,RB,HOU@TEN,first_td,0.10483026353763195,854.0,0.38054736842105263,0.045136842105263156,B,no game designation yet (DNP),tgt_sh 7.6%; team att 33.6; opp DvP 0.99; RZ tgt 0; car_sh 56.6%; team rush 24.5; opp d_ypc 0.90; inside-10 car 13,0.5949864089398973,
Tony Pollard,TEN,HOU,RB,HOU@TEN,last_td,0.10483026353763195,854.0,0.38054736842105263,0.045136842105263156,B,no game designation yet (DNP),tgt_sh 7.6%; team att 33.6; opp DvP 0.99; RZ tgt 0; car_sh 56.6%; team rush 24.5; opp d_ypc 0.90; inside-10 car 13,0.5949864089398973,
Tony Pollard,TEN,HOU,RB,HOU@TEN,2plus_td,0.06618947368421052,1411.0,0.38054736842105263,0.045136842105263156,B,no game designation yet (DNP),tgt_sh 7.6%; team att 33.6; opp DvP 0.99; RZ tgt 0; car_sh 56.6%; team rush 24.5; opp d_ypc 0.90; inside-10 car 13,0.5949864089398973,
Calvin Ridley,TEN,HOU,WR,HOU@TEN,anytime_td,0.05545,1703.0,0.0,0.05665,C,-,tgt_sh 8.5%; team att 33.6; opp DvP 1.02; RZ tgt 0,1.0,
Calvin Ridley,TEN,HOU,WR,HOU@TEN,first_td,0.013547045454545454,7282.0,0.0,0.05665,C,-,tgt_sh 8.5%; team att 33.6; opp DvP 1.02; RZ tgt 0,1.0,
Calvin Ridley,TEN,HOU,WR,HOU@TEN,last_td,0.013547045454545454,7282.0,0.0,0.05665,C,-,tgt_sh 8.5%; team att 33.6; opp DvP 1.02; RZ tgt 0,1.0,
Calvin Ridley,TEN,HOU,WR,HOU@TEN,2plus_td,0.00115,86857.0,0.0,0.05665,C,-,tgt_sh 8.5%; team att 33.6; opp DvP 1.02; RZ tgt 0,1.0,
Wan'Dale Robinson,TEN,HOU,WR,HOU@TEN,anytime_td,0.17495,472.0,0.0058,0.18485,B,-,tgt_sh 18.8%; team att 33.6; opp DvP 1.02; RZ tgt 4,1.0,
Wan'Dale Robinson,TEN,HOU,WR,HOU@TEN,first_td,0.04617729437229437,2066.0,0.0058,0.18485,B,-,tgt_sh 18.8%; team att 33.6; opp DvP 1.02; RZ tgt 4,1.0,
Wan'Dale Robinson,TEN,HOU,WR,HOU@TEN,last_td,0.04617729437229437,2066.0,0.0058,0.18485,B,-,tgt_sh 18.8%; team att 33.6; opp DvP 1.02; RZ tgt 4,1.0,
Wan'Dale Robinson,TEN,HOU,WR,HOU@TEN,2plus_td,0.01465,6726.0,0.0058,0.18485,B,-,tgt_sh 18.8%; team att 33.6; opp DvP 1.02; RZ tgt 4,1.0,
Nicholas Singleton,TEN,HOU,RB,HOU@TEN,anytime_td,0.06995,1330.0,0.0677,0.00475,C,-,car_sh 8.9%; team rush 24.5; opp d_ypc 0.90; inside-10 car 0,1.0,
Nicholas Singleton,TEN,HOU,RB,HOU@TEN,first_td,0.017850459956709953,5502.0,0.0677,0.00475,C,-,car_sh 8.9%; team rush 24.5; opp d_ypc 0.90; inside-10 car 0,1.0,
Nicholas Singleton,TEN,HOU,RB,HOU@TEN,last_td,0.017850459956709953,5502.0,0.0677,0.00475,C,-,car_sh 8.9%; team rush 24.5; opp d_ypc 0.90; inside-10 car 0,1.0,
Nicholas Singleton,TEN,HOU,RB,HOU@TEN,2plus_td,0.00235,42453.0,0.0677,0.00475,C,-,car_sh 8.9%; team rush 24.5; opp d_ypc 0.90; inside-10 car 0,1.0,
Tyjae Spears,TEN,HOU,RB,HOU@TEN,anytime_td,0.1821,449.0,0.1571,0.0465,B,-,tgt_sh 7.4%; team att 33.6; opp DvP 0.99; RZ tgt 0; car_sh 20.4%; team rush 24.5; opp d_ypc 0.90; inside-10 car 0,1.0,
Tyjae Spears,TEN,HOU,RB,HOU@TEN,first_td,0.048910642135642134,1945.0,0.1571,0.0465,B,-,tgt_sh 7.4%; team att 33.6; opp DvP 0.99; RZ tgt 0; car_sh 20.4%; team rush 24.5; opp d_ypc 0.90; inside-10 car 0,1.0,
Tyjae Spears,TEN,HOU,RB,HOU@TEN,last_td,0.048910642135642134,1945.0,0.1571,0.0465,B,-,tgt_sh 7.4%; team att 33.6; opp DvP 0.99; RZ tgt 0; car_sh 20.4%; team rush 24.5; opp d_ypc 0.90; inside-10 car 0,1.0,
Tyjae Spears,TEN,HOU,RB,HOU@TEN,2plus_td,0.0197,4976.0,0.1571,0.0465,B,-,tgt_sh 7.4%; team att 33.6; opp DvP 0.99; RZ tgt 0; car_sh 20.4%; team rush 24.5; opp d_ypc 0.90; inside-10 car 0,1.0,
Carnell Tate,TEN,HOU,WR,HOU@TEN,anytime_td,0.1518,559.0,0.0,0.1638,B,-,tgt_sh 22.7%; team att 33.6; opp DvP 1.02; RZ tgt 1,1.0,
Carnell Tate,TEN,HOU,WR,HOU@TEN,first_td,0.0395398088023088,2429.0,0.0,0.1638,B,-,tgt_sh 22.7%; team att 33.6; opp DvP 1.02; RZ tgt 1,1.0,
Carnell Tate,TEN,HOU,WR,HOU@TEN,last_td,0.0395398088023088,2429.0,0.0,0.1638,B,-,tgt_sh 22.7%; team att 33.6; opp DvP 1.02; RZ tgt 1,1.0,
Carnell Tate,TEN,HOU,WR,HOU@TEN,2plus_td,0.0114,8672.0,0.0,0.1638,B,-,tgt_sh 22.7%; team att 33.6; opp DvP 1.02; RZ tgt 1,1.0,
Jameis Winston,NYG,WAS,QB,NYG@WAS,anytime_td,0.0184,5335.0,0.0188,0.0,B,-,team att 30.1; ypa 7.03; opp d_ypa 1.03; pass rate 53.2%,1.0,
Jameis Winston,NYG,WAS,QB,NYG@WAS,first_td,0.004335755772005772,22964.0,0.0188,0.0,B,-,team att 30.1; ypa 7.03; opp d_ypa 1.03; pass rate 53.2%,1.0,
Jameis Winston,NYG,WAS,QB,NYG@WAS,last_td,0.004335755772005772,22964.0,0.0188,0.0,B,-,team att 30.1; ypa 7.03; opp d_ypa 1.03; pass rate 53.2%,1.0,
Jameis Winston,NYG,WAS,QB,NYG@WAS,2plus_td,0.0004,249900.0,0.0188,0.0,B,-,team att 30.1; ypa 7.03; opp d_ypa 1.03; pass rate 53.2%,1.0,
Malachi Fields,NYG,WAS,WR,NYG@WAS,anytime_td,0.1665,501.0,0.0,0.18075,C,-,tgt_sh 13.1%; team att 30.1; opp DvP 1.00; RZ tgt 1,1.0,
Malachi Fields,NYG,WAS,WR,NYG@WAS,first_td,0.03965476370851371,2422.0,0.0,0.18075,C,-,tgt_sh 13.1%; team att 30.1; opp DvP 1.00; RZ tgt 1,1.0,
Malachi Fields,NYG,WAS,WR,NYG@WAS,last_td,0.03965476370851371,2422.0,0.0,0.18075,C,-,tgt_sh 13.1%; team att 30.1; opp DvP 1.00; RZ tgt 1,1.0,
Malachi Fields,NYG,WAS,WR,NYG@WAS,2plus_td,0.01365,7226.0,0.0,0.18075,C,-,tgt_sh 13.1%; team att 30.1; opp DvP 1.00; RZ tgt 1,1.0,
Najee Harris,NYG,WAS,RB,NYG@WAS,anytime_td,0.10348000669232056,866.0,0.10272712062907813,0.005186548435670069,B,no game designation yet (DNP),car_sh 20.4%; team rush 28.4; opp d_ypc 0.98; inside-10 car 2,0.5949864089398973,
Najee Harris,NYG,WAS,RB,NYG@WAS,first_td,0.024385357313665833,4001.0,0.10272712062907813,0.005186548435670069,B,no game designation yet (DNP),car_sh 20.4%; team rush 28.4; opp d_ypc 0.98; inside-10 car 2,0.5949864089398973,
Najee Harris,NYG,WAS,RB,NYG@WAS,last_td,0.024385357313665833,4001.0,0.10272712062907813,0.005186548435670069,B,no game designation yet (DNP),car_sh 20.4%; team rush 28.4; opp d_ypc 0.98; inside-10 car 2,0.5949864089398973,
Najee Harris,NYG,WAS,RB,NYG@WAS,2plus_td,0.00443366237242764,22455.0,0.10272712062907813,0.005186548435670069,B,no game designation yet (DNP),car_sh 20.4%; team rush 28.4; opp d_ypc 0.98; inside-10 car 2,0.5949864089398973,
Theo Johnson,NYG,WAS,TE,NYG@WAS,anytime_td,0.1108,803.0,0.0,0.11715,C,-,tgt_sh 7.9%; team att 30.1; opp DvP 1.03; RZ tgt 1,1.0,
Theo Johnson,NYG,WAS,TE,NYG@WAS,first_td,0.025561638916638915,3812.0,0.0,0.11715,C,-,tgt_sh 7.9%; team att 30.1; opp DvP 1.03; RZ tgt 1,1.0,
Theo Johnson,NYG,WAS,TE,NYG@WAS,last_td,0.025561638916638915,3812.0,0.0,0.11715,C,-,tgt_sh 7.9%; team att 30.1; opp DvP 1.03; RZ tgt 1,1.0,
Theo Johnson,NYG,WAS,TE,NYG@WAS,2plus_td,0.0062,16029.0,0.0,0.11715,C,-,tgt_sh 7.9%; team att 30.1; opp DvP 1.03; RZ tgt 1,1.0,
Isaiah Likely,NYG,WAS,TE,NYG@WAS,anytime_td,0.3500598615376607,186.0,0.0,0.42329915152777053,B,no game designation yet (Limited),tgt_sh 23.1%; team att 30.1; opp DvP 1.03; RZ tgt 6,0.9575230478992892,
Isaiah Likely,NYG,WAS,TE,NYG@WAS,first_td,0.0939542106139368,964.0,0.0,0.42329915152777053,B,no game designation yet (Limited),tgt_sh 23.1%; team att 30.1; opp DvP 1.03; RZ tgt 6,0.9575230478992892,
Isaiah Likely,NYG,WAS,TE,NYG@WAS,last_td,0.0939542106139368,964.0,0.0,0.42329915152777053,B,no game designation yet (Limited),tgt_sh 23.1%; team att 30.1; opp DvP 1.03; RZ tgt 6,0.9575230478992892,
Isaiah Likely,NYG,WAS,TE,NYG@WAS,2plus_td,0.066055905470824,1414.0,0.0,0.42329915152777053,B,no game designation yet (Limited),tgt_sh 23.1%; team att 30.1; opp DvP 1.03; RZ tgt 6,0.9575230478992892,
Darnell Mooney,NYG,WAS,WR,NYG@WAS,anytime_td,0.12015,732.0,0.0019,0.1258,C,-,tgt_sh 11.3%; team att 30.1; opp DvP 1.00; RZ tgt 0,1.0,
Darnell Mooney,NYG,WAS,WR,NYG@WAS,first_td,0.028206224747474744,3445.0,0.0019,0.1258,C,-,tgt_sh 11.3%; team att 30.1; opp DvP 1.00; RZ tgt 0,1.0,
Darnell Mooney,NYG,WAS,WR,NYG@WAS,last_td,0.028206224747474744,3445.0,0.0019,0.1258,C,-,tgt_sh 11.3%; team att 30.1; opp DvP 1.00; RZ tgt 0,1.0,
Darnell Mooney,NYG,WAS,WR,NYG@WAS,2plus_td,0.00735,13505.0,0.0019,0.1258,C,-,tgt_sh 11.3%; team att 30.1; opp DvP 1.00; RZ tgt 0,1.0,
Malik Nabers,NYG,WAS,WR,NYG@WAS,anytime_td,0.25625077745988306,290.0,0.0,0.2898992411991541,B,no game designation yet (DNP),tgt_sh 19.2%; team att 30.1; opp DvP 1.00; RZ tgt 3,0.8055616699684496,
Malik Nabers,NYG,WAS,WR,NYG@WAS,first_td,0.06475108024896557,1444.0,0.0,0.2898992411991541,B,no game designation yet (DNP),tgt_sh 19.2%; team att 30.1; opp DvP 1.00; RZ tgt 3,0.8055616699684496,
Malik Nabers,NYG,WAS,WR,NYG@WAS,last_td,0.06475108024896557,1444.0,0.0,0.2898992411991541,B,no game designation yet (DNP),tgt_sh 19.2%; team att 30.1; opp DvP 1.00; RZ tgt 3,0.8055616699684496,
Malik Nabers,NYG,WAS,WR,NYG@WAS,2plus_td,0.03097400174151014,3129.0,0.0,0.2898992411991541,B,no game designation yet (DNP),tgt_sh 19.2%; team att 30.1; opp DvP 1.00; RZ tgt 3,0.8055616699684496,
Patrick Ricard,NYG,WAS,RB,NYG@WAS,anytime_td,0.0215,4551.0,0.0,0.0217,C,-,w_td 0.02; team TD 1.81,1.0,
Patrick Ricard,NYG,WAS,RB,NYG@WAS,first_td,0.0049071049783549784,20279.0,0.0,0.0217,C,-,w_td 0.02; team TD 1.81,1.0,
Patrick Ricard,NYG,WAS,RB,NYG@WAS,last_td,0.0049071049783549784,20279.0,0.0,0.0217,C,-,w_td 0.02; team TD 1.81,1.0,
Patrick Ricard,NYG,WAS,RB,NYG@WAS,2plus_td,0.0002,499900.0,0.0,0.0217,C,-,w_td 0.02; team TD 1.81,1.0,
Devin Singletary,NYG,WAS,RB,NYG@WAS,anytime_td,0.15695,537.0,0.0567,0.11345,C,-,tgt_sh 5.4%; team att 30.1; opp DvP 0.99; RZ tgt 2; car_sh 13.0%; team rush 28.4; opp d_ypc 0.98; inside-10 car 0,1.0,
Devin Singletary,NYG,WAS,RB,NYG@WAS,first_td,0.03787857864357864,2540.0,0.0567,0.11345,C,-,tgt_sh 5.4%; team att 30.1; opp DvP 0.99; RZ tgt 2; car_sh 13.0%; team rush 28.4; opp d_ypc 0.98; inside-10 car 0,1.0,
Devin Singletary,NYG,WAS,RB,NYG@WAS,last_td,0.03787857864357864,2540.0,0.0567,0.11345,C,-,tgt_sh 5.4%; team att 30.1; opp DvP 0.99; RZ tgt 2; car_sh 13.0%; team rush 28.4; opp d_ypc 0.98; inside-10 car 0,1.0,
Devin Singletary,NYG,WAS,RB,NYG@WAS,2plus_td,0.0128,7712.0,0.0567,0.11345,C,-,tgt_sh 5.4%; team att 30.1; opp DvP 0.99; RZ tgt 2; car_sh 13.0%; team rush 28.4; opp d_ypc 0.98; inside-10 car 0,1.0,
Cam Skattebo,NYG,WAS,RB,NYG@WAS,anytime_td,0.29558926956696474,238.0,0.2395760072339998,0.10192906661308149,B,no game designation yet (Limited),tgt_sh 9.3%; team att 30.1; opp DvP 0.99; RZ tgt 0; car_sh 41.6%; team rush 28.4; opp d_ypc 0.98; inside-10 car 5,0.9951309141019752,
Cam Skattebo,NYG,WAS,RB,NYG@WAS,first_td,0.07696118002809453,1199.0,0.2395760072339998,0.10192906661308149,B,no game designation yet (Limited),tgt_sh 9.3%; team att 30.1; opp DvP 0.99; RZ tgt 0; car_sh 41.6%; team rush 28.4; opp d_ypc 0.98; inside-10 car 5,0.9951309141019752,
Cam Skattebo,NYG,WAS,RB,NYG@WAS,last_td,0.07696118002809453,1199.0,0.2395760072339998,0.10192906661308149,B,no game designation yet (Limited),tgt_sh 9.3%; team att 30.1; opp DvP 0.99; RZ tgt 0; car_sh 41.6%; team rush 28.4; opp d_ypc 0.98; inside-10 car 5,0.9951309141019752,
Cam Skattebo,NYG,WAS,RB,NYG@WAS,2plus_td,0.04134431829599116,2319.0,0.2395760072339998,0.10192906661308149,B,no game designation yet (Limited),tgt_sh 9.3%; team att 30.1; opp DvP 0.99; RZ tgt 0; car_sh 41.6%; team rush 28.4; opp d_ypc 0.98; inside-10 car 5,0.9951309141019752,
Tyrone Tracy Jr.,NYG,WAS,RB,NYG@WAS,anytime_td,0.058,1624.0,0.0225,0.0368,C,-,w_td 0.07; team TD 1.81,1.0,
Tyrone Tracy Jr.,NYG,WAS,RB,NYG@WAS,first_td,0.013026282467532468,7577.0,0.0225,0.0368,C,-,w_td 0.07; team TD 1.81,1.0,
Tyrone Tracy Jr.,NYG,WAS,RB,NYG@WAS,last_td,0.013026282467532468,7577.0,0.0225,0.0368,C,-,w_td 0.07; team TD 1.81,1.0,
Tyrone Tracy Jr.,NYG,WAS,RB,NYG@WAS,2plus_td,0.00125,79900.0,0.0225,0.0368,C,-,w_td 0.07; team TD 1.81,1.0,
Jayden Daniels,WAS,NYG,QB,NYG@WAS,anytime_td,0.08263112200602625,1110.0,0.08630815586537971,0.0,C,no game designation yet (Full),team att 32.5; ypa 5.98; opp d_ypa 0.93; pass rate 54.4%,0.98,
Jayden Daniels,WAS,NYG,QB,NYG@WAS,first_td,0.01973722743218683,4967.0,0.08630815586537971,0.0,C,no game designation yet (Full),team att 32.5; ypa 5.98; opp d_ypa 0.93; pass rate 54.4%,0.98,
Jayden Daniels,WAS,NYG,QB,NYG@WAS,last_td,0.01973722743218683,4967.0,0.08630815586537971,0.0,C,no game designation yet (Full),team att 32.5; ypa 5.98; opp d_ypa 0.93; pass rate 54.4%,0.98,
Jayden Daniels,WAS,NYG,QB,NYG@WAS,2plus_td,0.00357489402992697,27873.0,0.08630815586537971,0.0,C,no game designation yet (Full),team att 32.5; ypa 5.98; opp d_ypa 0.93; pass rate 54.4%,0.98,
Kaytron Allen,WAS,NYG,RB,NYG@WAS,anytime_td,0.0589,1598.0,0.0563,0.0041,C,-,w_td 0.10; team TD 2.41,1.0,
Kaytron Allen,WAS,NYG,RB,NYG@WAS,first_td,0.013299588744588744,7419.0,0.0563,0.0041,C,-,w_td 0.10; team TD 2.41,1.0,
Kaytron Allen,WAS,NYG,RB,NYG@WAS,last_td,0.013299588744588744,7419.0,0.0563,0.0041,C,-,w_td 0.10; team TD 2.41,1.0,
Kaytron Allen,WAS,NYG,RB,NYG@WAS,2plus_td,0.0015,66567.0,0.0563,0.0041,C,-,w_td 0.10; team TD 2.41,1.0,
John Bates,WAS,NYG,TE,NYG@WAS,anytime_td,0.0815,1127.0,0.0,0.08515,C,-,w_td 0.04; team TD 2.41,1.0,
John Bates,WAS,NYG,TE,NYG@WAS,first_td,0.01891016774891775,5188.0,0.0,0.08515,C,-,w_td 0.04; team TD 2.41,1.0,
John Bates,WAS,NYG,TE,NYG@WAS,last_td,0.01891016774891775,5188.0,0.0,0.08515,C,-,w_td 0.04; team TD 2.41,1.0,
John Bates,WAS,NYG,TE,NYG@WAS,2plus_td,0.0035,28471.0,0.0,0.08515,C,-,w_td 0.04; team TD 2.41,1.0,
Dyami Brown,WAS,NYG,WR,NYG@WAS,anytime_td,0.1444,593.0,0.0,0.1562,C,-,tgt_sh 7.2%; team att 32.5; opp DvP 1.09; RZ tgt 1,1.0,
Dyami Brown,WAS,NYG,WR,NYG@WAS,first_td,0.034695785187035186,2782.0,0.0,0.1562,C,-,tgt_sh 7.2%; team att 32.5; opp DvP 1.09; RZ tgt 1,1.0,
Dyami Brown,WAS,NYG,WR,NYG@WAS,last_td,0.034695785187035186,2782.0,0.0,0.1562,C,-,tgt_sh 7.2%; team att 32.5; opp DvP 1.09; RZ tgt 1,1.0,
Dyami Brown,WAS,NYG,WR,NYG@WAS,2plus_td,0.0111,8909.0,0.0,0.1562,C,-,tgt_sh 7.2%; team att 32.5; opp DvP 1.09; RZ tgt 1,1.0,
Treylon Burks,WAS,NYG,WR,NYG@WAS,anytime_td,0.13982805000263726,615.0,0.0,0.15006065720765863,C,no game designation yet (Full),tgt_sh 6.8%; team att 32.5; opp DvP 1.09; RZ tgt 1,0.9479829842591244,
Treylon Burks,WAS,NYG,WR,NYG@WAS,first_td,0.03299500225498432,2931.0,0.0,0.15006065720765863,C,no game designation yet (Full),tgt_sh 6.8%; team att 32.5; opp DvP 1.09; RZ tgt 1,0.9479829842591244,
Treylon Burks,WAS,NYG,WR,NYG@WAS,last_td,0.03299500225498432,2931.0,0.0,0.15006065720765863,C,no game designation yet (Full),tgt_sh 6.8%; team att 32.5; opp DvP 1.09; RZ tgt 1,0.9479829842591244,
Treylon Burks,WAS,NYG,WR,NYG@WAS,2plus_td,0.009916134817237196,9985.0,0.0,0.15006065720765863,C,no game designation yet (Full),tgt_sh 6.8%; team att 32.5; opp DvP 1.09; RZ tgt 1,0.9479829842591244,
Jacory Croskey-Merritt,WAS,NYG,RB,NYG@WAS,anytime_td,0.24045226130653266,316.0,0.18829145728643215,0.08437185929648242,B,no game designation yet (Limited),car_sh 33.8%; team rush 28.1; opp d_ypc 1.06; inside-10 car 2,0.9951309141019752,
Jacory Croskey-Merritt,WAS,NYG,RB,NYG@WAS,first_td,0.06223161860473418,1507.0,0.18829145728643215,0.08437185929648242,B,no game designation yet (Limited),car_sh 33.8%; team rush 28.1; opp d_ypc 1.06; inside-10 car 2,0.9951309141019752,
Jacory Croskey-Merritt,WAS,NYG,RB,NYG@WAS,last_td,0.06223161860473418,1507.0,0.18829145728643215,0.08437185929648242,B,no game designation yet (Limited),car_sh 33.8%; team rush 28.1; opp d_ypc 1.06; inside-10 car 2,0.9951309141019752,
Jacory Croskey-Merritt,WAS,NYG,RB,NYG@WAS,2plus_td,0.029547738693467336,3284.0,0.18829145728643215,0.08437185929648242,B,no game designation yet (Limited),car_sh 33.8%; team rush 28.1; opp d_ypc 1.06; inside-10 car 2,0.9951309141019752,
Stefon Diggs,WAS,NYG,WR,NYG@WAS,anytime_td,0.35415504740658116,182.0,0.0,0.4287661895023858,B,no game designation yet (DNP),tgt_sh 18.4%; team att 32.5; opp DvP 1.09; RZ tgt 4,0.8055616699684496,
Stefon Diggs,WAS,NYG,WR,NYG@WAS,first_td,0.09610096822403942,941.0,0.0,0.4287661895023858,B,no game designation yet (DNP),tgt_sh 18.4%; team att 32.5; opp DvP 1.09; RZ tgt 4,0.8055616699684496,
Stefon Diggs,WAS,NYG,WR,NYG@WAS,last_td,0.09610096822403942,941.0,0.0,0.4287661895023858,B,no game designation yet (DNP),tgt_sh 18.4%; team att 32.5; opp DvP 1.09; RZ tgt 4,0.8055616699684496,
Stefon Diggs,WAS,NYG,WR,NYG@WAS,2plus_td,0.06537770341451322,1430.0,0.0,0.4287661895023858,B,no game designation yet (DNP),tgt_sh 18.4%; team att 32.5; opp DvP 1.09; RZ tgt 4,0.8055616699684496,
Austin Ekeler,WAS,NYG,RB,NYG@WAS,anytime_td,0.075,1233.0,0.0386,0.03945,C,-,w_td 0.09; team TD 2.41,1.0,
Austin Ekeler,WAS,NYG,RB,NYG@WAS,first_td,0.01778008297258297,5524.0,0.0386,0.03945,C,-,w_td 0.09; team TD 2.41,1.0,
Austin Ekeler,WAS,NYG,RB,NYG@WAS,last_td,0.01778008297258297,5524.0,0.0386,0.03945,C,-,w_td 0.09; team TD 2.41,1.0,
Austin Ekeler,WAS,NYG,RB,NYG@WAS,2plus_td,0.00295,33798.0,0.0386,0.03945,C,-,w_td 0.09; team TD 2.41,1.0,
Luke McCaffrey,WAS,NYG,WR,NYG@WAS,anytime_td,0.0595,1581.0,0.0,0.06125,C,-,tgt_sh 3.8%; team att 32.5; opp DvP 1.09; RZ tgt 0,1.0,
Luke McCaffrey,WAS,NYG,WR,NYG@WAS,first_td,0.01369135642135642,7204.0,0.0,0.06125,C,-,tgt_sh 3.8%; team att 32.5; opp DvP 1.09; RZ tgt 0,1.0,
Luke McCaffrey,WAS,NYG,WR,NYG@WAS,last_td,0.01369135642135642,7204.0,0.0,0.06125,C,-,tgt_sh 3.8%; team att 32.5; opp DvP 1.09; RZ tgt 0,1.0,
Luke McCaffrey,WAS,NYG,WR,NYG@WAS,2plus_td,0.00175,57043.0,0.0,0.06125,C,-,tgt_sh 3.8%; team att 32.5; opp DvP 1.09; RZ tgt 0,1.0,
Terry McLaurin,WAS,NYG,WR,NYG@WAS,anytime_td,0.2895242820814985,245.0,0.0,0.3372821435216771,B,no game designation yet (DNP),tgt_sh 17.6%; team att 32.5; opp DvP 1.09; RZ tgt 2,0.8055616699684496,
Terry McLaurin,WAS,NYG,WR,NYG@WAS,first_td,0.07526736204246592,1229.0,0.0,0.3372821435216771,B,no game designation yet (DNP),tgt_sh 17.6%; team att 32.5; opp DvP 1.09; RZ tgt 2,0.8055616699684496,
Terry McLaurin,WAS,NYG,WR,NYG@WAS,last_td,0.07526736204246592,1229.0,0.0,0.3372821435216771,B,no game designation yet (DNP),tgt_sh 17.6%; team att 32.5; opp DvP 1.09; RZ tgt 2,0.8055616699684496,
Terry McLaurin,WAS,NYG,WR,NYG@WAS,2plus_td,0.043292191279538546,2210.0,0.0,0.3372821435216771,B,no game designation yet (DNP),tgt_sh 17.6%; team att 32.5; opp DvP 1.09; RZ tgt 2,0.8055616699684496,
Chig Okonkwo,WAS,NYG,TE,NYG@WAS,anytime_td,0.16284055848977672,514.0,0.0,0.17769178476180517,C,no game designation yet (Limited),tgt_sh 11.2%; team att 32.5; opp DvP 1.12; RZ tgt 0,0.9575230478992892,
Chig Okonkwo,WAS,NYG,TE,NYG@WAS,first_td,0.039679713744975476,2420.0,0.0,0.17769178476180517,C,no game designation yet (Limited),tgt_sh 11.2%; team att 32.5; opp DvP 1.12; RZ tgt 0,0.9575230478992892,
Chig Okonkwo,WAS,NYG,TE,NYG@WAS,last_td,0.039679713744975476,2420.0,0.0,0.17769178476180517,C,no game designation yet (Limited),tgt_sh 11.2%; team att 32.5; opp DvP 1.12; RZ tgt 0,0.9575230478992892,
Chig Okonkwo,WAS,NYG,TE,NYG@WAS,2plus_td,0.014223709668984992,6931.0,0.0,0.17769178476180517,C,no game designation yet (Limited),tgt_sh 11.2%; team att 32.5; opp DvP 1.12; RZ tgt 0,0.9575230478992892,
Craig Reynolds,WAS,NYG,RB,NYG@WAS,anytime_td,0.0174,5647.0,0.01385,0.00375,C,-,w_td 0.03; team TD 2.41,1.0,
Craig Reynolds,WAS,NYG,RB,NYG@WAS,first_td,0.0038114105339105337,26137.0,0.01385,0.00375,C,-,w_td 0.03; team TD 2.41,1.0,
Craig Reynolds,WAS,NYG,RB,NYG@WAS,last_td,0.0038114105339105337,26137.0,0.01385,0.00375,C,-,w_td 0.03; team TD 2.41,1.0,
Craig Reynolds,WAS,NYG,RB,NYG@WAS,2plus_td,0.0002,499900.0,0.01385,0.00375,C,-,w_td 0.03; team TD 2.41,1.0,
Ben Sinnott,WAS,NYG,TE,NYG@WAS,anytime_td,0.027366555462885737,3554.0,0.0,0.027887823185988325,C,no game designation yet (Limited),w_td 0.02; team TD 2.41,0.9575230478992892,
Ben Sinnott,WAS,NYG,TE,NYG@WAS,first_td,0.006251201623647412,15897.0,0.0,0.027887823185988325,C,no game designation yet (Limited),w_td 0.02; team TD 2.41,0.9575230478992892,
Ben Sinnott,WAS,NYG,TE,NYG@WAS,last_td,0.006251201623647412,15897.0,0.0,0.027887823185988325,C,no game designation yet (Limited),w_td 0.02; team TD 2.41,0.9575230478992892,
Ben Sinnott,WAS,NYG,TE,NYG@WAS,2plus_td,0.0005212677231025855,191740.0,0.0,0.027887823185988325,C,no game designation yet (Limited),w_td 0.02; team TD 2.41,0.9575230478992892,
Rachaad White,WAS,NYG,RB,NYG@WAS,anytime_td,0.23688969258589512,322.0,0.1117138838657826,0.15430982519590114,B,no game designation yet (Limited),tgt_sh 6.1%; team att 32.5; opp DvP 0.91; RZ tgt 2; car_sh 18.2%; team rush 28.1; opp d_ypc 1.06; inside-10 car 2,0.9951309141019752,
Rachaad White,WAS,NYG,RB,NYG@WAS,first_td,0.05964987519011028,1576.0,0.1117138838657826,0.15430982519590114,B,no game designation yet (Limited),tgt_sh 6.1%; team att 32.5; opp DvP 0.91; RZ tgt 2; car_sh 18.2%; team rush 28.1; opp d_ypc 1.06; inside-10 car 2,0.9951309141019752,
Rachaad White,WAS,NYG,RB,NYG@WAS,last_td,0.05964987519011028,1576.0,0.1117138838657826,0.15430982519590114,B,no game designation yet (Limited),tgt_sh 6.1%; team att 32.5; opp DvP 0.91; RZ tgt 2; car_sh 18.2%; team rush 28.1; opp d_ypc 1.06; inside-10 car 2,0.9951309141019752,
Rachaad White,WAS,NYG,RB,NYG@WAS,2plus_td,0.027375929274663452,3553.0,0.1117138838657826,0.15430982519590114,B,no game designation yet (Limited),tgt_sh 6.1%; team att 32.5; opp DvP 0.91; RZ tgt 2; car_sh 18.2%; team rush 28.1; opp d_ypc 1.06; inside-10 car 2,0.9951309141019752,
Antonio Williams,WAS,NYG,WR,NYG@WAS,anytime_td,0.23825,320.0,0.0,0.2679,B,-,tgt_sh 11.6%; team att 32.5; opp DvP 1.09; RZ tgt 2,1.0,
Antonio Williams,WAS,NYG,WR,NYG@WAS,first_td,0.060496858419358424,1553.0,0.0,0.2679,B,-,tgt_sh 11.6%; team att 32.5; opp DvP 1.09; RZ tgt 2,1.0,
Antonio Williams,WAS,NYG,WR,NYG@WAS,last_td,0.060496858419358424,1553.0,0.0,0.2679,B,-,tgt_sh 11.6%; team att 32.5; opp DvP 1.09; RZ tgt 2,1.0,
Antonio Williams,WAS,NYG,WR,NYG@WAS,2plus_td,0.0274,3550.0,0.0,0.2679,B,-,tgt_sh 11.6%; team att 32.5; opp DvP 1.09; RZ tgt 2,1.0,
Colson Yankoff,WAS,NYG,TE,NYG@WAS,anytime_td,0.02435,4007.0,0.0,0.02455,C,-,w_td 0.02; team TD 2.41,1.0,
Colson Yankoff,WAS,NYG,TE,NYG@WAS,first_td,0.0053876984126984126,18461.0,0.0,0.02455,C,-,w_td 0.02; team TD 2.41,1.0,
Colson Yankoff,WAS,NYG,TE,NYG@WAS,last_td,0.0053876984126984126,18461.0,0.0,0.02455,C,-,w_td 0.02; team TD 2.41,1.0,
Colson Yankoff,WAS,NYG,TE,NYG@WAS,2plus_td,0.0002,499900.0,0.0,0.02455,C,-,w_td 0.02; team TD 2.41,1.0,
Bo Nix,DEN,LAC,QB,DEN@LAC,anytime_td,0.15165,559.0,0.16335,0.0,B,-,team att 34.2; ypa 6.87; opp d_ypa 1.06; pass rate 59.0%,1.0,
Bo Nix,DEN,LAC,QB,DEN@LAC,first_td,0.03603892676767676,2675.0,0.16335,0.0,B,-,team att 34.2; ypa 6.87; opp d_ypa 1.06; pass rate 59.0%,1.0,
Bo Nix,DEN,LAC,QB,DEN@LAC,last_td,0.03603892676767676,2675.0,0.16335,0.0,B,-,team att 34.2; ypa 6.87; opp d_ypa 1.06; pass rate 59.0%,1.0,
Bo Nix,DEN,LAC,QB,DEN@LAC,2plus_td,0.01115,8869.0,0.16335,0.0,B,-,team att 34.2; ypa 6.87; opp d_ypa 1.06; pass rate 59.0%,1.0,
Nate Adkins,DEN,LAC,TE,DEN@LAC,anytime_td,0.1143,775.0,0.0061,0.11405,C,-,w_td 0.08; team TD 2.45,1.0,
Nate Adkins,DEN,LAC,TE,DEN@LAC,first_td,0.026188578643578642,3718.0,0.0061,0.11405,C,-,w_td 0.08; team TD 2.45,1.0,
Nate Adkins,DEN,LAC,TE,DEN@LAC,last_td,0.026188578643578642,3718.0,0.0061,0.11405,C,-,w_td 0.08; team TD 2.45,1.0,
Nate Adkins,DEN,LAC,TE,DEN@LAC,2plus_td,0.00575,17291.0,0.0061,0.11405,C,-,w_td 0.08; team TD 2.45,1.0,
Tyler Badie,DEN,LAC,RB,DEN@LAC,anytime_td,0.1315,660.0,0.0353,0.1042,C,-,tgt_sh 4.6%; team att 34.2; opp DvP 1.09; RZ tgt 2,1.0,
Tyler Badie,DEN,LAC,RB,DEN@LAC,first_td,0.030468288239538236,3182.0,0.0353,0.1042,C,-,tgt_sh 4.6%; team att 34.2; opp DvP 1.09; RZ tgt 2,1.0,
Tyler Badie,DEN,LAC,RB,DEN@LAC,last_td,0.030468288239538236,3182.0,0.0353,0.1042,C,-,tgt_sh 4.6%; team att 34.2; opp DvP 1.09; RZ tgt 2,1.0,
Tyler Badie,DEN,LAC,RB,DEN@LAC,2plus_td,0.0078,12721.0,0.0353,0.1042,C,-,tgt_sh 4.6%; team att 34.2; opp DvP 1.09; RZ tgt 2,1.0,
Pat Bryant,DEN,LAC,WR,DEN@LAC,anytime_td,0.11455,773.0,0.0059,0.1146,C,-,tgt_sh 7.9%; team att 34.2; opp DvP 0.96; RZ tgt 1,1.0,
Pat Bryant,DEN,LAC,WR,DEN@LAC,first_td,0.025644720418470417,3799.0,0.0059,0.1146,C,-,tgt_sh 7.9%; team att 34.2; opp DvP 0.96; RZ tgt 1,1.0,
Pat Bryant,DEN,LAC,WR,DEN@LAC,last_td,0.025644720418470417,3799.0,0.0059,0.1146,C,-,tgt_sh 7.9%; team att 34.2; opp DvP 0.96; RZ tgt 1,1.0,
Pat Bryant,DEN,LAC,WR,DEN@LAC,2plus_td,0.0057,17444.0,0.0059,0.1146,C,-,tgt_sh 7.9%; team att 34.2; opp DvP 0.96; RZ tgt 1,1.0,
J.K. Dobbins,DEN,LAC,RB,DEN@LAC,anytime_td,0.4415,127.0,0.5317,0.03125,B,-,car_sh 44.1%; team rush 25.0; opp d_ypc 0.94; inside-10 car 5,1.0,
J.K. Dobbins,DEN,LAC,RB,DEN@LAC,first_td,0.12395319444444444,707.0,0.5317,0.03125,B,-,car_sh 44.1%; team rush 25.0; opp d_ypc 0.94; inside-10 car 5,1.0,
J.K. Dobbins,DEN,LAC,RB,DEN@LAC,last_td,0.12395319444444444,707.0,0.5317,0.03125,B,-,car_sh 44.1%; team rush 25.0; opp d_ypc 0.94; inside-10 car 5,1.0,
J.K. Dobbins,DEN,LAC,RB,DEN@LAC,2plus_td,0.1027,874.0,0.5317,0.03125,B,-,car_sh 44.1%; team rush 25.0; opp d_ypc 0.94; inside-10 car 5,1.0,
Evan Engram,DEN,LAC,TE,DEN@LAC,anytime_td,0.13645,633.0,0.0,0.1459,C,-,tgt_sh 10.7%; team att 34.2; opp DvP 1.05; RZ tgt 1,1.0,
Evan Engram,DEN,LAC,TE,DEN@LAC,first_td,0.031461910173160176,3078.0,0.0,0.1459,C,-,tgt_sh 10.7%; team att 34.2; opp DvP 1.05; RZ tgt 1,1.0,
Evan Engram,DEN,LAC,TE,DEN@LAC,last_td,0.031461910173160176,3078.0,0.0,0.1459,C,-,tgt_sh 10.7%; team att 34.2; opp DvP 1.05; RZ tgt 1,1.0,
Evan Engram,DEN,LAC,TE,DEN@LAC,2plus_td,0.00925,10711.0,0.0,0.1459,C,-,tgt_sh 10.7%; team att 34.2; opp DvP 1.05; RZ tgt 1,1.0,
Troy Franklin,DEN,LAC,WR,DEN@LAC,anytime_td,0.1148,771.0,0.00845,0.11345,C,-,tgt_sh 7.6%; team att 34.2; opp DvP 0.96; RZ tgt 1,1.0,
Troy Franklin,DEN,LAC,WR,DEN@LAC,first_td,0.02596957251082251,3751.0,0.00845,0.11345,C,-,tgt_sh 7.6%; team att 34.2; opp DvP 0.96; RZ tgt 1,1.0,
Troy Franklin,DEN,LAC,WR,DEN@LAC,last_td,0.02596957251082251,3751.0,0.00845,0.11345,C,-,tgt_sh 7.6%; team att 34.2; opp DvP 0.96; RZ tgt 1,1.0,
Troy Franklin,DEN,LAC,WR,DEN@LAC,2plus_td,0.00675,14715.0,0.00845,0.11345,C,-,tgt_sh 7.6%; team att 34.2; opp DvP 0.96; RZ tgt 1,1.0,
RJ Harvey,DEN,LAC,RB,DEN@LAC,anytime_td,0.3275,205.0,0.1811,0.20855,B,-,tgt_sh 13.7%; team att 34.2; opp DvP 1.09; RZ tgt 2; car_sh 20.1%; team rush 25.0; opp d_ypc 0.94; inside-10 car 0,1.0,
RJ Harvey,DEN,LAC,RB,DEN@LAC,first_td,0.08367084776334775,1095.0,0.1811,0.20855,B,-,tgt_sh 13.7%; team att 34.2; opp DvP 1.09; RZ tgt 2; car_sh 20.1%; team rush 25.0; opp d_ypc 0.94; inside-10 car 0,1.0,
RJ Harvey,DEN,LAC,RB,DEN@LAC,last_td,0.08367084776334775,1095.0,0.1811,0.20855,B,-,tgt_sh 13.7%; team att 34.2; opp DvP 1.09; RZ tgt 2; car_sh 20.1%; team rush 25.0; opp d_ypc 0.94; inside-10 car 0,1.0,
RJ Harvey,DEN,LAC,RB,DEN@LAC,2plus_td,0.0562,1679.0,0.1811,0.20855,B,-,tgt_sh 13.7%; team att 34.2; opp DvP 1.09; RZ tgt 2; car_sh 20.1%; team rush 25.0; opp d_ypc 0.94; inside-10 car 0,1.0,
Lil'Jordan Humphrey,DEN,LAC,WR,DEN@LAC,anytime_td,0.0527,1798.0,0.0,0.05415,C,-,tgt_sh 4.7%; team att 34.2; opp DvP 0.96; RZ tgt 0,1.0,
Lil'Jordan Humphrey,DEN,LAC,WR,DEN@LAC,first_td,0.011684992784992784,8458.0,0.0,0.05415,C,-,tgt_sh 4.7%; team att 34.2; opp DvP 0.96; RZ tgt 0,1.0,
Lil'Jordan Humphrey,DEN,LAC,WR,DEN@LAC,last_td,0.011684992784992784,8458.0,0.0,0.05415,C,-,tgt_sh 4.7%; team att 34.2; opp DvP 0.96; RZ tgt 0,1.0,
Lil'Jordan Humphrey,DEN,LAC,WR,DEN@LAC,2plus_td,0.00145,68866.0,0.0,0.05415,C,-,tgt_sh 4.7%; team att 34.2; opp DvP 0.96; RZ tgt 0,1.0,
Marvin Mims Jr.,DEN,LAC,WR,DEN@LAC,anytime_td,0.0561,1683.0,0.0,0.0574,C,-,tgt_sh 5.6%; team att 34.2; opp DvP 0.96; RZ tgt 0,1.0,
Marvin Mims Jr.,DEN,LAC,WR,DEN@LAC,first_td,0.012400101010101009,7964.0,0.0,0.0574,C,-,tgt_sh 5.6%; team att 34.2; opp DvP 0.96; RZ tgt 0,1.0,
Marvin Mims Jr.,DEN,LAC,WR,DEN@LAC,last_td,0.012400101010101009,7964.0,0.0,0.0574,C,-,tgt_sh 5.6%; team att 34.2; opp DvP 0.96; RZ tgt 0,1.0,
Marvin Mims Jr.,DEN,LAC,WR,DEN@LAC,2plus_td,0.00125,79900.0,0.0,0.0574,C,-,tgt_sh 5.6%; team att 34.2; opp DvP 0.96; RZ tgt 0,1.0,
Courtland Sutton,DEN,LAC,WR,DEN@LAC,anytime_td,0.2537,294.0,0.0,0.28895,B,-,tgt_sh 15.2%; team att 34.2; opp DvP 0.96; RZ tgt 5,1.0,
Courtland Sutton,DEN,LAC,WR,DEN@LAC,first_td,0.062333232323232325,1504.0,0.0,0.28895,B,-,tgt_sh 15.2%; team att 34.2; opp DvP 0.96; RZ tgt 5,1.0,
Courtland Sutton,DEN,LAC,WR,DEN@LAC,last_td,0.062333232323232325,1504.0,0.0,0.28895,B,-,tgt_sh 15.2%; team att 34.2; opp DvP 0.96; RZ tgt 5,1.0,
Courtland Sutton,DEN,LAC,WR,DEN@LAC,2plus_td,0.03295,2935.0,0.0,0.28895,B,-,tgt_sh 15.2%; team att 34.2; opp DvP 0.96; RZ tgt 5,1.0,
Adam Trautman,DEN,LAC,TE,DEN@LAC,anytime_td,0.02835,3427.0,0.0,0.02865,C,-,w_td 0.02; team TD 2.45,1.0,
Adam Trautman,DEN,LAC,TE,DEN@LAC,first_td,0.006276556637806637,15832.0,0.0,0.02865,C,-,w_td 0.02; team TD 2.45,1.0,
Adam Trautman,DEN,LAC,TE,DEN@LAC,last_td,0.006276556637806637,15832.0,0.0,0.02865,C,-,w_td 0.02; team TD 2.45,1.0,
Adam Trautman,DEN,LAC,TE,DEN@LAC,2plus_td,0.0003,333233.0,0.0,0.02865,C,-,w_td 0.02; team TD 2.45,1.0,
Jaylen Waddle,DEN,LAC,WR,DEN@LAC,anytime_td,0.21315,369.0,0.0059,0.23065,B,-,tgt_sh 16.9%; team att 34.2; opp DvP 0.96; RZ tgt 2,1.0,
Jaylen Waddle,DEN,LAC,WR,DEN@LAC,first_td,0.05152127344877345,1841.0,0.0059,0.23065,B,-,tgt_sh 16.9%; team att 34.2; opp DvP 0.96; RZ tgt 2,1.0,
Jaylen Waddle,DEN,LAC,WR,DEN@LAC,last_td,0.05152127344877345,1841.0,0.0059,0.23065,B,-,tgt_sh 16.9%; team att 34.2; opp DvP 0.96; RZ tgt 2,1.0,
Jaylen Waddle,DEN,LAC,WR,DEN@LAC,2plus_td,0.022,4445.0,0.0059,0.23065,B,-,tgt_sh 16.9%; team att 34.2; opp DvP 0.96; RZ tgt 2,1.0,
Justin Herbert,LAC,DEN,QB,DEN@LAC,anytime_td,0.13175,659.0,0.1409,0.0,B,-,team att 32.3; ypa 6.87; opp d_ypa 0.99; pass rate 55.4%,1.0,
Justin Herbert,LAC,DEN,QB,DEN@LAC,first_td,0.030262918470418468,3204.0,0.1409,0.0,B,-,team att 32.3; ypa 6.87; opp d_ypa 0.99; pass rate 55.4%,1.0,
Justin Herbert,LAC,DEN,QB,DEN@LAC,last_td,0.030262918470418468,3204.0,0.1409,0.0,B,-,team att 32.3; ypa 6.87; opp d_ypa 0.99; pass rate 55.4%,1.0,
Justin Herbert,LAC,DEN,QB,DEN@LAC,2plus_td,0.00875,11329.0,0.1409,0.0,B,-,team att 32.3; ypa 6.87; opp d_ypa 0.99; pass rate 55.4%,1.0,
Derius Davis,LAC,DEN,WR,DEN@LAC,anytime_td,0.017,5782.0,0.0,0.017,C,-,w_td 0.01; team TD 1.92,1.0,
Derius Davis,LAC,DEN,WR,DEN@LAC,first_td,0.0036659343434343435,27178.0,0.0,0.017,C,-,w_td 0.01; team TD 1.92,1.0,
Derius Davis,LAC,DEN,WR,DEN@LAC,last_td,0.0036659343434343435,27178.0,0.0,0.017,C,-,w_td 0.01; team TD 1.92,1.0,
Derius Davis,LAC,DEN,WR,DEN@LAC,2plus_td,0.0,,0.0,0.017,C,-,w_td 0.01; team TD 1.92,1.0,
Oronde Gadsden II,LAC,DEN,TE,DEN@LAC,anytime_td,0.17965,457.0,0.00415,0.19105,C,-,tgt_sh 11.7%; team att 32.3; opp DvP 0.91; RZ tgt 3,1.0,
Oronde Gadsden II,LAC,DEN,TE,DEN@LAC,first_td,0.042243917748917746,2267.0,0.00415,0.19105,C,-,tgt_sh 11.7%; team att 32.3; opp DvP 0.91; RZ tgt 3,1.0,
Oronde Gadsden II,LAC,DEN,TE,DEN@LAC,last_td,0.042243917748917746,2267.0,0.00415,0.19105,C,-,tgt_sh 11.7%; team att 32.3; opp DvP 0.91; RZ tgt 3,1.0,
Oronde Gadsden II,LAC,DEN,TE,DEN@LAC,2plus_td,0.01465,6726.0,0.00415,0.19105,C,-,tgt_sh 11.7%; team att 32.3; opp DvP 0.91; RZ tgt 3,1.0,
Omarion Hampton,LAC,DEN,RB,DEN@LAC,anytime_td,0.377,165.0,0.4046,0.0579,B,-,tgt_sh 5.6%; team att 32.3; opp DvP 1.03; RZ tgt 0; car_sh 49.7%; team rush 28.1; opp d_ypc 1.08; inside-10 car 7,1.0,
Omarion Hampton,LAC,DEN,RB,DEN@LAC,first_td,0.1003455735930736,897.0,0.4046,0.0579,B,-,tgt_sh 5.6%; team att 32.3; opp DvP 1.03; RZ tgt 0; car_sh 49.7%; team rush 28.1; opp d_ypc 1.08; inside-10 car 7,1.0,
Omarion Hampton,LAC,DEN,RB,DEN@LAC,last_td,0.1003455735930736,897.0,0.4046,0.0579,B,-,tgt_sh 5.6%; team att 32.3; opp DvP 1.03; RZ tgt 0; car_sh 49.7%; team rush 28.1; opp d_ypc 1.08; inside-10 car 7,1.0,
Omarion Hampton,LAC,DEN,RB,DEN@LAC,2plus_td,0.0754,1226.0,0.4046,0.0579,B,-,tgt_sh 5.6%; team att 32.3; opp DvP 1.03; RZ tgt 0; car_sh 49.7%; team rush 28.1; opp d_ypc 1.08; inside-10 car 7,1.0,
Tre Harris,LAC,DEN,WR,DEN@LAC,anytime_td,0.1906,425.0,0.0,0.2091,B,-,tgt_sh 12.9%; team att 32.3; opp DvP 1.01; RZ tgt 3,1.0,
Tre Harris,LAC,DEN,WR,DEN@LAC,first_td,0.04492815656565656,2126.0,0.0,0.2091,B,-,tgt_sh 12.9%; team att 32.3; opp DvP 1.01; RZ tgt 3,1.0,
Tre Harris,LAC,DEN,WR,DEN@LAC,last_td,0.04492815656565656,2126.0,0.0,0.2091,B,-,tgt_sh 12.9%; team att 32.3; opp DvP 1.01; RZ tgt 3,1.0,
Tre Harris,LAC,DEN,WR,DEN@LAC,2plus_td,0.0175,5614.0,0.0,0.2091,B,-,tgt_sh 12.9%; team att 32.3; opp DvP 1.01; RZ tgt 3,1.0,
Alec Ingold,LAC,DEN,RB,DEN@LAC,anytime_td,0.04785,1990.0,0.0,0.04925,C,-,w_td 0.04; team TD 1.92,1.0,
Alec Ingold,LAC,DEN,RB,DEN@LAC,first_td,0.01028381673881674,9624.0,0.0,0.04925,C,-,w_td 0.04; team TD 1.92,1.0,
Alec Ingold,LAC,DEN,RB,DEN@LAC,last_td,0.01028381673881674,9624.0,0.0,0.04925,C,-,w_td 0.04; team TD 1.92,1.0,
Alec Ingold,LAC,DEN,RB,DEN@LAC,2plus_td,0.00125,79900.0,0.0,0.04925,C,-,w_td 0.04; team TD 1.92,1.0,
Quentin Johnston,LAC,DEN,WR,DEN@LAC,anytime_td,0.15615,540.0,0.00605,0.1636,B,-,tgt_sh 15.4%; team att 32.3; opp DvP 1.01; RZ tgt 0,1.0,
Quentin Johnston,LAC,DEN,WR,DEN@LAC,first_td,0.03555456349206349,2713.0,0.00605,0.1636,B,-,tgt_sh 15.4%; team att 32.3; opp DvP 1.01; RZ tgt 0,1.0,
Quentin Johnston,LAC,DEN,WR,DEN@LAC,last_td,0.03555456349206349,2713.0,0.00605,0.1636,B,-,tgt_sh 15.4%; team att 32.3; opp DvP 1.01; RZ tgt 0,1.0,
Quentin Johnston,LAC,DEN,WR,DEN@LAC,2plus_td,0.0129,7652.0,0.00605,0.1636,B,-,tgt_sh 15.4%; team att 32.3; opp DvP 1.01; RZ tgt 0,1.0,
Charlie Kolar,LAC,DEN,TE,DEN@LAC,anytime_td,0.0368,2617.0,0.0,0.0374,C,-,tgt_sh 3.8%; team att 32.3; opp DvP 0.91; RZ tgt 0,1.0,
Charlie Kolar,LAC,DEN,TE,DEN@LAC,first_td,0.008190678210678213,12109.0,0.0,0.0374,C,-,tgt_sh 3.8%; team att 32.3; opp DvP 0.91; RZ tgt 0,1.0,
Charlie Kolar,LAC,DEN,TE,DEN@LAC,last_td,0.008190678210678213,12109.0,0.0,0.0374,C,-,tgt_sh 3.8%; team att 32.3; opp DvP 0.91; RZ tgt 0,1.0,
Charlie Kolar,LAC,DEN,TE,DEN@LAC,2plus_td,0.0006,166567.0,0.0,0.0374,C,-,tgt_sh 3.8%; team att 32.3; opp DvP 0.91; RZ tgt 0,1.0,
Ladd McConkey,LAC,DEN,WR,DEN@LAC,anytime_td,0.187,435.0,0.0,0.2061,B,-,tgt_sh 15.0%; team att 32.3; opp DvP 1.01; RZ tgt 2,1.0,
Ladd McConkey,LAC,DEN,WR,DEN@LAC,first_td,0.0438365873015873,2181.0,0.0,0.2061,B,-,tgt_sh 15.0%; team att 32.3; opp DvP 1.01; RZ tgt 2,1.0,
Ladd McConkey,LAC,DEN,WR,DEN@LAC,last_td,0.0438365873015873,2181.0,0.0,0.2061,B,-,tgt_sh 15.0%; team att 32.3; opp DvP 1.01; RZ tgt 2,1.0,
Ladd McConkey,LAC,DEN,WR,DEN@LAC,2plus_td,0.0183,5364.0,0.0,0.2061,B,-,tgt_sh 15.0%; team att 32.3; opp DvP 1.01; RZ tgt 2,1.0,
Keaton Mitchell,LAC,DEN,RB,DEN@LAC,anytime_td,0.1985,404.0,0.13725,0.08215,B,-,tgt_sh 5.6%; team att 32.3; opp DvP 1.03; RZ tgt 1; car_sh 20.9%; team rush 28.1; opp d_ypc 1.08; inside-10 car 1,1.0,
Keaton Mitchell,LAC,DEN,RB,DEN@LAC,first_td,0.047271747835497833,2015.0,0.13725,0.08215,B,-,tgt_sh 5.6%; team att 32.3; opp DvP 1.03; RZ tgt 1; car_sh 20.9%; team rush 28.1; opp d_ypc 1.08; inside-10 car 1,1.0,
Keaton Mitchell,LAC,DEN,RB,DEN@LAC,last_td,0.047271747835497833,2015.0,0.13725,0.08215,B,-,tgt_sh 5.6%; team att 32.3; opp DvP 1.03; RZ tgt 1; car_sh 20.9%; team rush 28.1; opp d_ypc 1.08; inside-10 car 1,1.0,
Keaton Mitchell,LAC,DEN,RB,DEN@LAC,2plus_td,0.01965,4989.0,0.13725,0.08215,B,-,tgt_sh 5.6%; team att 32.3; opp DvP 1.03; RZ tgt 1; car_sh 20.9%; team rush 28.1; opp d_ypc 1.08; inside-10 car 1,1.0,
Brenen Thompson,LAC,DEN,WR,DEN@LAC,anytime_td,0.035,2757.0,0.0,0.03535,C,-,w_td 0.03; team TD 1.92,1.0,
Brenen Thompson,LAC,DEN,WR,DEN@LAC,first_td,0.007679924242424243,12921.0,0.0,0.03535,C,-,w_td 0.03; team TD 1.92,1.0,
Brenen Thompson,LAC,DEN,WR,DEN@LAC,last_td,0.007679924242424243,12921.0,0.0,0.03535,C,-,w_td 0.03; team TD 1.92,1.0,
Brenen Thompson,LAC,DEN,WR,DEN@LAC,2plus_td,0.00035,285614.0,0.0,0.03535,C,-,w_td 0.03; team TD 1.92,1.0,
Marquez Valdes-Scantling,LAC,DEN,WR,DEN@LAC,anytime_td,0.03785,2542.0,0.0,0.0384,C,-,w_td 0.03; team TD 1.92,1.0,
Marquez Valdes-Scantling,LAC,DEN,WR,DEN@LAC,first_td,0.008029908008658009,12353.0,0.0,0.0384,C,-,w_td 0.03; team TD 1.92,1.0,
Marquez Valdes-Scantling,LAC,DEN,WR,DEN@LAC,last_td,0.008029908008658009,12353.0,0.0,0.0384,C,-,w_td 0.03; team TD 1.92,1.0,
Marquez Valdes-Scantling,LAC,DEN,WR,DEN@LAC,2plus_td,0.00055,181718.0,0.0,0.0384,C,-,w_td 0.03; team TD 1.92,1.0,
Kimani Vidal,LAC,DEN,RB,DEN@LAC,anytime_td,0.1187,742.0,0.0568,0.0701,C,-,tgt_sh 4.0%; team att 32.3; opp DvP 1.03; RZ tgt 1; car_sh 9.5%; team rush 28.1; opp d_ypc 1.08; inside-10 car 0,1.0,
Kimani Vidal,LAC,DEN,RB,DEN@LAC,first_td,0.02719441919191919,3577.0,0.0568,0.0701,C,-,tgt_sh 4.0%; team att 32.3; opp DvP 1.03; RZ tgt 1; car_sh 9.5%; team rush 28.1; opp d_ypc 1.08; inside-10 car 0,1.0,
Kimani Vidal,LAC,DEN,RB,DEN@LAC,last_td,0.02719441919191919,3577.0,0.0568,0.0701,C,-,tgt_sh 4.0%; team att 32.3; opp DvP 1.03; RZ tgt 1; car_sh 9.5%; team rush 28.1; opp d_ypc 1.08; inside-10 car 0,1.0,
Kimani Vidal,LAC,DEN,RB,DEN@LAC,2plus_td,0.00795,12479.0,0.0568,0.0701,C,-,tgt_sh 4.0%; team att 32.3; opp DvP 1.03; RZ tgt 1; car_sh 9.5%; team rush 28.1; opp d_ypc 1.08; inside-10 car 0,1.0,
Jared Goff,DET,ARI,QB,DET@ARI,anytime_td,0.0516,1838.0,0.05315,0.0,B,-,team att 35.3; ypa 8.26; opp d_ypa 1.14; pass rate 60.4%,1.0,
Jared Goff,DET,ARI,QB,DET@ARI,first_td,0.00855358460983461,11591.0,0.05315,0.0,B,-,team att 35.3; ypa 8.26; opp d_ypa 1.14; pass rate 60.4%,1.0,
Jared Goff,DET,ARI,QB,DET@ARI,last_td,0.00855358460983461,11591.0,0.05315,0.0,B,-,team att 35.3; ypa 8.26; opp d_ypa 1.14; pass rate 60.4%,1.0,
Jared Goff,DET,ARI,QB,DET@ARI,2plus_td,0.00155,64416.0,0.05315,0.0,B,-,team att 35.3; ypa 8.26; opp d_ypa 1.14; pass rate 60.4%,1.0,
Jahmyr Gibbs,DET,ARI,RB,DET@ARI,anytime_td,0.7527,-304.0,0.964,0.352,B,-,tgt_sh 16.2%; team att 35.3; opp DvP 1.01; RZ tgt 6; car_sh 77.5%; team rush 24.5; opp d_ypc 1.00; inside-10 car 10,1.0,
Jahmyr Gibbs,DET,ARI,RB,DET@ARI,first_td,0.2131249377011877,369.0,0.964,0.352,B,-,tgt_sh 16.2%; team att 35.3; opp DvP 1.01; RZ tgt 6; car_sh 77.5%; team rush 24.5; opp d_ypc 1.00; inside-10 car 10,1.0,
Jahmyr Gibbs,DET,ARI,RB,DET@ARI,last_td,0.2131249377011877,369.0,0.964,0.352,B,-,tgt_sh 16.2%; team att 35.3; opp DvP 1.01; RZ tgt 6; car_sh 77.5%; team rush 24.5; opp d_ypc 1.00; inside-10 car 10,1.0,
Jahmyr Gibbs,DET,ARI,RB,DET@ARI,2plus_td,0.3891,157.0,0.964,0.352,B,-,tgt_sh 16.2%; team att 35.3; opp DvP 1.01; RZ tgt 6; car_sh 77.5%; team rush 24.5; opp d_ypc 1.00; inside-10 car 10,1.0,
Tom Kennedy,DET,ARI,WR,DET@ARI,anytime_td,0.0155,6352.0,0.0,0.0156,C,-,w_td 0.01; team TD 3.44,1.0,
Tom Kennedy,DET,ARI,WR,DET@ARI,first_td,0.00247083152958153,40372.0,0.0,0.0156,C,-,w_td 0.01; team TD 3.44,1.0,
Tom Kennedy,DET,ARI,WR,DET@ARI,last_td,0.00247083152958153,40372.0,0.0,0.0156,C,-,w_td 0.01; team TD 3.44,1.0,
Tom Kennedy,DET,ARI,WR,DET@ARI,2plus_td,0.0001,999900.0,0.0,0.0156,C,-,w_td 0.01; team TD 3.44,1.0,
Sam LaPorta,DET,ARI,TE,DET@ARI,anytime_td,0.4409,127.0,0.0,0.56155,B,-,tgt_sh 19.8%; team att 35.3; opp DvP 1.39; RZ tgt 9,1.0,
Sam LaPorta,DET,ARI,TE,DET@ARI,first_td,0.08953146173271173,1017.0,0.0,0.56155,B,-,tgt_sh 19.8%; team att 35.3; opp DvP 1.39; RZ tgt 9,1.0,
Sam LaPorta,DET,ARI,TE,DET@ARI,last_td,0.08953146173271173,1017.0,0.0,0.56155,B,-,tgt_sh 19.8%; team att 35.3; opp DvP 1.39; RZ tgt 9,1.0,
Sam LaPorta,DET,ARI,TE,DET@ARI,2plus_td,0.10445,857.0,0.0,0.56155,B,-,tgt_sh 19.8%; team att 35.3; opp DvP 1.39; RZ tgt 9,1.0,
Jackson Meeks,DET,ARI,WR,DET@ARI,anytime_td,0.0279,3484.0,0.0,0.02865,C,-,w_td 0.02; team TD 3.44,1.0,
Jackson Meeks,DET,ARI,WR,DET@ARI,first_td,0.004591188672438672,21681.0,0.0,0.02865,C,-,w_td 0.02; team TD 3.44,1.0,
Jackson Meeks,DET,ARI,WR,DET@ARI,last_td,0.004591188672438672,21681.0,0.0,0.02865,C,-,w_td 0.02; team TD 3.44,1.0,
Jackson Meeks,DET,ARI,WR,DET@ARI,2plus_td,0.00075,133233.0,0.0,0.02865,C,-,w_td 0.02; team TD 3.44,1.0,
Jacob Saylors,DET,ARI,RB,DET@ARI,anytime_td,0.01535,6415.0,0.00915,0.00635,C,-,w_td 0.01; team TD 3.44,1.0,
Jacob Saylors,DET,ARI,RB,DET@ARI,first_td,0.002532388722388722,39388.0,0.00915,0.00635,C,-,w_td 0.01; team TD 3.44,1.0,
Jacob Saylors,DET,ARI,RB,DET@ARI,last_td,0.002532388722388722,39388.0,0.00915,0.00635,C,-,w_td 0.01; team TD 3.44,1.0,
Jacob Saylors,DET,ARI,RB,DET@ARI,2plus_td,0.00015,666567.0,0.00915,0.00635,C,-,w_td 0.01; team TD 3.44,1.0,
Amon-Ra St. Brown,DET,ARI,WR,DET@ARI,anytime_td,0.5145,-106.0,0.0,0.70155,B,-,tgt_sh 28.4%; team att 35.3; opp DvP 1.14; RZ tgt 12,1.0,
Amon-Ra St. Brown,DET,ARI,WR,DET@ARI,first_td,0.11260986513486514,788.0,0.0,0.70155,B,-,tgt_sh 28.4%; team att 35.3; opp DvP 1.14; RZ tgt 12,1.0,
Amon-Ra St. Brown,DET,ARI,WR,DET@ARI,last_td,0.11260986513486514,788.0,0.0,0.70155,B,-,tgt_sh 28.4%; team att 35.3; opp DvP 1.14; RZ tgt 12,1.0,
Amon-Ra St. Brown,DET,ARI,WR,DET@ARI,2plus_td,0.15455,547.0,0.0,0.70155,B,-,tgt_sh 28.4%; team att 35.3; opp DvP 1.14; RZ tgt 12,1.0,
Isaac TeSlaa,DET,ARI,WR,DET@ARI,anytime_td,0.16825,494.0,0.0,0.18395,C,-,tgt_sh 7.6%; team att 35.3; opp DvP 1.14; RZ tgt 3,1.0,
Isaac TeSlaa,DET,ARI,WR,DET@ARI,first_td,0.029548554223554225,3284.0,0.0,0.18395,C,-,tgt_sh 7.6%; team att 35.3; opp DvP 1.14; RZ tgt 3,1.0,
Isaac TeSlaa,DET,ARI,WR,DET@ARI,last_td,0.029548554223554225,3284.0,0.0,0.18395,C,-,tgt_sh 7.6%; team att 35.3; opp DvP 1.14; RZ tgt 3,1.0,
Isaac TeSlaa,DET,ARI,WR,DET@ARI,2plus_td,0.01495,6589.0,0.0,0.18395,C,-,tgt_sh 7.6%; team att 35.3; opp DvP 1.14; RZ tgt 3,1.0,
Sione Vaki,DET,ARI,RB,DET@ARI,anytime_td,0.1507,564.0,0.1181,0.0434,C,-,car_sh 12.7%; team rush 24.5; opp d_ypc 1.00; inside-10 car 0,1.0,
Sione Vaki,DET,ARI,RB,DET@ARI,first_td,0.02635936840936841,3694.0,0.1181,0.0434,C,-,car_sh 12.7%; team rush 24.5; opp d_ypc 1.00; inside-10 car 0,1.0,
Sione Vaki,DET,ARI,RB,DET@ARI,last_td,0.02635936840936841,3694.0,0.1181,0.0434,C,-,car_sh 12.7%; team rush 24.5; opp d_ypc 1.00; inside-10 car 0,1.0,
Sione Vaki,DET,ARI,RB,DET@ARI,2plus_td,0.01035,9562.0,0.1181,0.0434,C,-,car_sh 12.7%; team rush 24.5; opp d_ypc 1.00; inside-10 car 0,1.0,
Jameson Williams,DET,ARI,WR,DET@ARI,anytime_td,0.2483,303.0,0.0,0.2816,B,-,tgt_sh 15.8%; team att 35.3; opp DvP 1.14; RZ tgt 2,1.0,
Jameson Williams,DET,ARI,WR,DET@ARI,first_td,0.04491170052170052,2127.0,0.0,0.2816,B,-,tgt_sh 15.8%; team att 35.3; opp DvP 1.14; RZ tgt 2,1.0,
Jameson Williams,DET,ARI,WR,DET@ARI,last_td,0.04491170052170052,2127.0,0.0,0.2816,B,-,tgt_sh 15.8%; team att 35.3; opp DvP 1.14; RZ tgt 2,1.0,
Jameson Williams,DET,ARI,WR,DET@ARI,2plus_td,0.03075,3152.0,0.0,0.2816,B,-,tgt_sh 15.8%; team att 35.3; opp DvP 1.14; RZ tgt 2,1.0,
Brock Wright,DET,ARI,TE,DET@ARI,anytime_td,0.0975,926.0,0.0,0.10195,C,-,tgt_sh 4.5%; team att 35.3; opp DvP 1.39; RZ tgt 1,1.0,
Brock Wright,DET,ARI,TE,DET@ARI,first_td,0.016124921467421467,6102.0,0.0,0.10195,C,-,tgt_sh 4.5%; team att 35.3; opp DvP 1.39; RZ tgt 1,1.0,
Brock Wright,DET,ARI,TE,DET@ARI,last_td,0.016124921467421467,6102.0,0.0,0.10195,C,-,tgt_sh 4.5%; team att 35.3; opp DvP 1.39; RZ tgt 1,1.0,
Brock Wright,DET,ARI,TE,DET@ARI,2plus_td,0.0044,22627.0,0.0,0.10195,C,-,tgt_sh 4.5%; team att 35.3; opp DvP 1.39; RZ tgt 1,1.0,
Jacoby Brissett,ARI,DET,QB,DET@ARI,anytime_td,0.1256,696.0,0.13235,0.0,B,-,team att 37.4; ypa 6.53; opp d_ypa 1.07; pass rate 60.8%,1.0,
Jacoby Brissett,ARI,DET,QB,DET@ARI,first_td,0.021449949217449218,4562.0,0.13235,0.0,B,-,team att 37.4; ypa 6.53; opp d_ypa 1.07; pass rate 60.8%,1.0,
Jacoby Brissett,ARI,DET,QB,DET@ARI,last_td,0.021449949217449218,4562.0,0.13235,0.0,B,-,team att 37.4; ypa 6.53; opp d_ypa 1.07; pass rate 60.8%,1.0,
Jacoby Brissett,ARI,DET,QB,DET@ARI,2plus_td,0.0065,15285.0,0.13235,0.0,B,-,team att 37.4; ypa 6.53; opp d_ypa 1.07; pass rate 60.8%,1.0,
Tyler Allgeier,ARI,DET,RB,DET@ARI,anytime_td,0.2953,239.0,0.256,0.08715,B,-,tgt_sh 5.1%; team att 37.4; opp DvP 0.90; RZ tgt 2; car_sh 27.0%; team rush 25.7; opp d_ypc 1.03; inside-10 car 3,1.0,
Tyler Allgeier,ARI,DET,RB,DET@ARI,first_td,0.05476523143523143,1726.0,0.256,0.08715,B,-,tgt_sh 5.1%; team att 37.4; opp DvP 0.90; RZ tgt 2; car_sh 27.0%; team rush 25.7; opp d_ypc 1.03; inside-10 car 3,1.0,
Tyler Allgeier,ARI,DET,RB,DET@ARI,last_td,0.05476523143523143,1726.0,0.256,0.08715,B,-,tgt_sh 5.1%; team att 37.4; opp DvP 0.90; RZ tgt 2; car_sh 27.0%; team rush 25.7; opp d_ypc 1.03; inside-10 car 3,1.0,
Tyler Allgeier,ARI,DET,RB,DET@ARI,2plus_td,0.0434,2204.0,0.256,0.08715,B,-,tgt_sh 5.1%; team att 37.4; opp DvP 0.90; RZ tgt 2; car_sh 27.0%; team rush 25.7; opp d_ypc 1.03; inside-10 car 3,1.0,
Kendrick Bourne,ARI,DET,WR,DET@ARI,anytime_td,0.15255,556.0,0.0,0.16505,C,-,tgt_sh 10.4%; team att 37.4; opp DvP 1.07; RZ tgt 2,1.0,
Kendrick Bourne,ARI,DET,WR,DET@ARI,first_td,0.026275016233766234,3706.0,0.0,0.16505,C,-,tgt_sh 10.4%; team att 37.4; opp DvP 1.07; RZ tgt 2,1.0,
Kendrick Bourne,ARI,DET,WR,DET@ARI,last_td,0.026275016233766234,3706.0,0.0,0.16505,C,-,tgt_sh 10.4%; team att 37.4; opp DvP 1.07; RZ tgt 2,1.0,
Kendrick Bourne,ARI,DET,WR,DET@ARI,2plus_td,0.01205,8199.0,0.0,0.16505,C,-,tgt_sh 10.4%; team att 37.4; opp DvP 1.07; RZ tgt 2,1.0,
Jalen Brooks,ARI,DET,WR,DET@ARI,anytime_td,0.01775,5534.0,0.0,0.01785,C,-,w_td 0.01; team TD 2.58,1.0,
Jalen Brooks,ARI,DET,WR,DET@ARI,first_td,0.002803487207237207,35570.0,0.0,0.01785,C,-,w_td 0.01; team TD 2.58,1.0,
Jalen Brooks,ARI,DET,WR,DET@ARI,last_td,0.002803487207237207,35570.0,0.0,0.01785,C,-,w_td 0.01; team TD 2.58,1.0,
Jalen Brooks,ARI,DET,WR,DET@ARI,2plus_td,0.0001,999900.0,0.0,0.01785,C,-,w_td 0.01; team TD 2.58,1.0,
Marvin Harrison Jr.,ARI,DET,WR,DET@ARI,anytime_td,0.16265,515.0,0.0,0.17665,C,-,tgt_sh 11.7%; team att 37.4; opp DvP 1.07; RZ tgt 2,1.0,
Marvin Harrison Jr.,ARI,DET,WR,DET@ARI,first_td,0.027915044122544124,3482.0,0.0,0.17665,C,-,tgt_sh 11.7%; team att 37.4; opp DvP 1.07; RZ tgt 2,1.0,
Marvin Harrison Jr.,ARI,DET,WR,DET@ARI,last_td,0.027915044122544124,3482.0,0.0,0.17665,C,-,tgt_sh 11.7%; team att 37.4; opp DvP 1.07; RZ tgt 2,1.0,
Marvin Harrison Jr.,ARI,DET,WR,DET@ARI,2plus_td,0.01305,7563.0,0.0,0.17665,C,-,tgt_sh 11.7%; team att 37.4; opp DvP 1.07; RZ tgt 2,1.0,
Elijah Higgins,ARI,DET,TE,DET@ARI,anytime_td,0.0665,1404.0,0.0,0.0688,C,-,tgt_sh 4.1%; team att 37.4; opp DvP 1.13; RZ tgt 1,1.0,
Elijah Higgins,ARI,DET,TE,DET@ARI,first_td,0.010796310633810632,9162.0,0.0,0.0688,C,-,tgt_sh 4.1%; team att 37.4; opp DvP 1.13; RZ tgt 1,1.0,
Elijah Higgins,ARI,DET,TE,DET@ARI,last_td,0.010796310633810632,9162.0,0.0,0.0688,C,-,tgt_sh 4.1%; team att 37.4; opp DvP 1.13; RZ tgt 1,1.0,
Elijah Higgins,ARI,DET,TE,DET@ARI,2plus_td,0.00225,44344.0,0.0,0.0688,C,-,tgt_sh 4.1%; team att 37.4; opp DvP 1.13; RZ tgt 1,1.0,
Bam Knight,ARI,DET,RB,DET@ARI,anytime_td,0.081,1135.0,0.06055,0.02365,C,-,w_td 0.08; team TD 2.58,1.0,
Bam Knight,ARI,DET,RB,DET@ARI,first_td,0.013515973748473749,7299.0,0.06055,0.02365,C,-,w_td 0.08; team TD 2.58,1.0,
Bam Knight,ARI,DET,RB,DET@ARI,last_td,0.013515973748473749,7299.0,0.06055,0.02365,C,-,w_td 0.08; team TD 2.58,1.0,
Bam Knight,ARI,DET,RB,DET@ARI,2plus_td,0.0032,31150.0,0.06055,0.02365,C,-,w_td 0.08; team TD 2.58,1.0,
Jeremiyah Love,ARI,DET,RB,DET@ARI,anytime_td,0.4573,119.0,0.44595,0.14855,B,-,tgt_sh 8.8%; team att 37.4; opp DvP 0.90; RZ tgt 3; car_sh 50.9%; team rush 25.7; opp d_ypc 1.03; inside-10 car 4,1.0,
Jeremiyah Love,ARI,DET,RB,DET@ARI,first_td,0.09467653138528137,956.0,0.44595,0.14855,B,-,tgt_sh 8.8%; team att 37.4; opp DvP 0.90; RZ tgt 3; car_sh 50.9%; team rush 25.7; opp d_ypc 1.03; inside-10 car 4,1.0,
Jeremiyah Love,ARI,DET,RB,DET@ARI,last_td,0.09467653138528137,956.0,0.44595,0.14855,B,-,tgt_sh 8.8%; team att 37.4; opp DvP 0.90; RZ tgt 3; car_sh 50.9%; team rush 25.7; opp d_ypc 1.03; inside-10 car 4,1.0,
Jeremiyah Love,ARI,DET,RB,DET@ARI,2plus_td,0.11675,757.0,0.44595,0.14855,B,-,tgt_sh 8.8%; team att 37.4; opp DvP 0.90; RZ tgt 3; car_sh 50.9%; team rush 25.7; opp d_ypc 1.03; inside-10 car 4,1.0,
Trey McBride,ARI,DET,TE,DET@ARI,anytime_td,0.4272,134.0,0.0,0.5407,B,-,tgt_sh 29.2%; team att 37.4; opp DvP 1.13; RZ tgt 9,1.0,
Trey McBride,ARI,DET,TE,DET@ARI,first_td,0.08485868173493173,1078.0,0.0,0.5407,B,-,tgt_sh 29.2%; team att 37.4; opp DvP 1.13; RZ tgt 9,1.0,
Trey McBride,ARI,DET,TE,DET@ARI,last_td,0.08485868173493173,1078.0,0.0,0.5407,B,-,tgt_sh 29.2%; team att 37.4; opp DvP 1.13; RZ tgt 9,1.0,
Trey McBride,ARI,DET,TE,DET@ARI,2plus_td,0.09785,922.0,0.0,0.5407,B,-,tgt_sh 29.2%; team att 37.4; opp DvP 1.13; RZ tgt 9,1.0,
Michael Wilson,ARI,DET,WR,DET@ARI,anytime_td,0.3569,180.0,0.0,0.4314,B,-,tgt_sh 22.0%; team att 37.4; opp DvP 1.07; RZ tgt 9,1.0,
Michael Wilson,ARI,DET,WR,DET@ARI,first_td,0.06785569055944055,1374.0,0.0,0.4314,B,-,tgt_sh 22.0%; team att 37.4; opp DvP 1.07; RZ tgt 9,1.0,
Michael Wilson,ARI,DET,WR,DET@ARI,last_td,0.06785569055944055,1374.0,0.0,0.4314,B,-,tgt_sh 22.0%; team att 37.4; opp DvP 1.07; RZ tgt 9,1.0,
Michael Wilson,ARI,DET,WR,DET@ARI,2plus_td,0.06575,1421.0,0.0,0.4314,B,-,tgt_sh 22.0%; team att 37.4; opp DvP 1.07; RZ tgt 9,1.0,
Brock Purdy,SF,SEA,QB,SF@SEA,anytime_td,0.0814,1129.0,0.0843,0.0,B,-,team att 30.8; ypa 6.99; opp d_ypa 0.86; pass rate 52.2%,1.0,
Brock Purdy,SF,SEA,QB,SF@SEA,first_td,0.016199030136530134,6073.0,0.0843,0.0,B,-,team att 30.8; ypa 6.99; opp d_ypa 0.86; pass rate 52.2%,1.0,
Brock Purdy,SF,SEA,QB,SF@SEA,last_td,0.016199030136530134,6073.0,0.0843,0.0,B,-,team att 30.8; ypa 6.99; opp d_ypa 0.86; pass rate 52.2%,1.0,
Brock Purdy,SF,SEA,QB,SF@SEA,2plus_td,0.0028,35614.0,0.0843,0.0,B,-,team att 30.8; ypa 6.99; opp d_ypa 0.86; pass rate 52.2%,1.0,
Kaelon Black,SF,SEA,RB,SF@SEA,anytime_td,0.1462,584.0,0.13985,0.0172,B,-,car_sh 23.5%; team rush 28.9; opp d_ypc 0.93; inside-10 car 1,1.0,
Kaelon Black,SF,SEA,RB,SF@SEA,first_td,0.030105630619380618,3222.0,0.13985,0.0172,B,-,car_sh 23.5%; team rush 28.9; opp d_ypc 0.93; inside-10 car 1,1.0,
Kaelon Black,SF,SEA,RB,SF@SEA,last_td,0.030105630619380618,3222.0,0.13985,0.0172,B,-,car_sh 23.5%; team rush 28.9; opp d_ypc 0.93; inside-10 car 1,1.0,
Kaelon Black,SF,SEA,RB,SF@SEA,2plus_td,0.01045,9469.0,0.13985,0.0172,B,-,car_sh 23.5%; team rush 28.9; opp d_ypc 0.93; inside-10 car 1,1.0,
Brandin Cooks,SF,SEA,WR,SF@SEA,anytime_td,0.0523,1812.0,0.0,0.0534,C,-,tgt_sh 4.3%; team att 30.8; opp DvP 0.94; RZ tgt 0,1.0,
Brandin Cooks,SF,SEA,WR,SF@SEA,first_td,0.009989036657786656,9911.0,0.0,0.0534,C,-,tgt_sh 4.3%; team att 30.8; opp DvP 0.94; RZ tgt 0,1.0,
Brandin Cooks,SF,SEA,WR,SF@SEA,last_td,0.009989036657786656,9911.0,0.0,0.0534,C,-,tgt_sh 4.3%; team att 30.8; opp DvP 0.94; RZ tgt 0,1.0,
Brandin Cooks,SF,SEA,WR,SF@SEA,2plus_td,0.0011,90809.0,0.0,0.0534,C,-,tgt_sh 4.3%; team att 30.8; opp DvP 0.94; RZ tgt 0,1.0,
Jacob Cowing,SF,SEA,WR,SF@SEA,anytime_td,0.0293,3313.0,0.00315,0.0266,C,-,w_td 0.02; team TD 2.36,1.0,
Jacob Cowing,SF,SEA,WR,SF@SEA,first_td,0.0055807233044733034,17819.0,0.00315,0.0266,C,-,w_td 0.02; team TD 2.36,1.0,
Jacob Cowing,SF,SEA,WR,SF@SEA,last_td,0.0055807233044733034,17819.0,0.00315,0.0266,C,-,w_td 0.02; team TD 2.36,1.0,
Jacob Cowing,SF,SEA,WR,SF@SEA,2plus_td,0.00045,222122.0,0.00315,0.0266,C,-,w_td 0.02; team TD 2.36,1.0,
Mike Evans,SF,SEA,WR,SF@SEA,anytime_td,0.3031,230.0,0.0,0.35355,B,-,tgt_sh 19.6%; team att 30.8; opp DvP 0.94; RZ tgt 4,1.0,
Mike Evans,SF,SEA,WR,SF@SEA,first_td,0.06674858793983794,1398.0,0.0,0.35355,B,-,tgt_sh 19.6%; team att 30.8; opp DvP 0.94; RZ tgt 4,1.0,
Mike Evans,SF,SEA,WR,SF@SEA,last_td,0.06674858793983794,1398.0,0.0,0.35355,B,-,tgt_sh 19.6%; team att 30.8; opp DvP 0.94; RZ tgt 4,1.0,
Mike Evans,SF,SEA,WR,SF@SEA,2plus_td,0.04575,2086.0,0.0,0.35355,B,-,tgt_sh 19.6%; team att 30.8; opp DvP 0.94; RZ tgt 4,1.0,
Luke Farrell,SF,SEA,TE,SF@SEA,anytime_td,0.0241,4049.0,0.0,0.0243,C,-,w_td 0.02; team TD 2.36,1.0,
Luke Farrell,SF,SEA,TE,SF@SEA,first_td,0.0045230254467754465,22009.0,0.0,0.0243,C,-,w_td 0.02; team TD 2.36,1.0,
Luke Farrell,SF,SEA,TE,SF@SEA,last_td,0.0045230254467754465,22009.0,0.0,0.0243,C,-,w_td 0.02; team TD 2.36,1.0,
Luke Farrell,SF,SEA,TE,SF@SEA,2plus_td,0.0002,499900.0,0.0,0.0243,C,-,w_td 0.02; team TD 2.36,1.0,
Jordan James,SF,SEA,RB,SF@SEA,anytime_td,0.04685,2034.0,0.04145,0.00655,C,-,w_td 0.06; team TD 2.36,1.0,
Jordan James,SF,SEA,RB,SF@SEA,first_td,0.009127862554112553,10855.0,0.04145,0.00655,C,-,w_td 0.06; team TD 2.36,1.0,
Jordan James,SF,SEA,RB,SF@SEA,last_td,0.009127862554112553,10855.0,0.04145,0.00655,C,-,w_td 0.06; team TD 2.36,1.0,
Jordan James,SF,SEA,RB,SF@SEA,2plus_td,0.00115,86857.0,0.04145,0.00655,C,-,w_td 0.06; team TD 2.36,1.0,
Kyle Juszczyk,SF,SEA,RB,SF@SEA,anytime_td,0.1137,780.0,0.0,0.1193,C,-,tgt_sh 4.8%; team att 30.8; opp DvP 1.05; RZ tgt 2,1.0,
Kyle Juszczyk,SF,SEA,RB,SF@SEA,first_td,0.02234697927072927,4375.0,0.0,0.1193,C,-,tgt_sh 4.8%; team att 30.8; opp DvP 1.05; RZ tgt 2,1.0,
Kyle Juszczyk,SF,SEA,RB,SF@SEA,last_td,0.02234697927072927,4375.0,0.0,0.1193,C,-,tgt_sh 4.8%; team att 30.8; opp DvP 1.05; RZ tgt 2,1.0,
Kyle Juszczyk,SF,SEA,RB,SF@SEA,2plus_td,0.0054,18419.0,0.0,0.1193,C,-,tgt_sh 4.8%; team att 30.8; opp DvP 1.05; RZ tgt 2,1.0,
George Kittle,SF,SEA,TE,SF@SEA,anytime_td,0.306,227.0,0.0,0.36305,B,-,tgt_sh 18.9%; team att 30.8; opp DvP 0.88; RZ tgt 5,1.0,
George Kittle,SF,SEA,TE,SF@SEA,first_td,0.06802861860361861,1370.0,0.0,0.36305,B,-,tgt_sh 18.9%; team att 30.8; opp DvP 0.88; RZ tgt 5,1.0,
George Kittle,SF,SEA,TE,SF@SEA,last_td,0.06802861860361861,1370.0,0.0,0.36305,B,-,tgt_sh 18.9%; team att 30.8; opp DvP 0.88; RZ tgt 5,1.0,
George Kittle,SF,SEA,TE,SF@SEA,2plus_td,0.05225,1814.0,0.0,0.36305,B,-,tgt_sh 18.9%; team att 30.8; opp DvP 0.88; RZ tgt 5,1.0,
Christian McCaffrey,SF,SEA,RB,SF@SEA,anytime_td,0.50905,-104.0,0.36905,0.31345,B,-,tgt_sh 17.1%; team att 30.8; opp DvP 1.05; RZ tgt 3; car_sh 43.4%; team rush 28.9; opp d_ypc 0.93; inside-10 car 9,1.0,
Christian McCaffrey,SF,SEA,RB,SF@SEA,first_td,0.12881931485181486,676.0,0.36905,0.31345,B,-,tgt_sh 17.1%; team att 30.8; opp DvP 1.05; RZ tgt 3; car_sh 43.4%; team rush 28.9; opp d_ypc 0.93; inside-10 car 9,1.0,
Christian McCaffrey,SF,SEA,RB,SF@SEA,last_td,0.12881931485181486,676.0,0.36905,0.31345,B,-,tgt_sh 17.1%; team att 30.8; opp DvP 1.05; RZ tgt 3; car_sh 43.4%; team rush 28.9; opp d_ypc 0.93; inside-10 car 9,1.0,
Christian McCaffrey,SF,SEA,RB,SF@SEA,2plus_td,0.14365,596.0,0.36905,0.31345,B,-,tgt_sh 17.1%; team att 30.8; opp DvP 1.05; RZ tgt 3; car_sh 43.4%; team rush 28.9; opp d_ypc 0.93; inside-10 car 9,1.0,
Deebo Samuel Sr.,SF,SEA,WR,SF@SEA,anytime_td,0.2845,251.0,0.01595,0.31465,B,-,tgt_sh 14.9%; team att 30.8; opp DvP 0.94; RZ tgt 5,1.0,
Deebo Samuel Sr.,SF,SEA,WR,SF@SEA,first_td,0.06221084151959152,1507.0,0.01595,0.31465,B,-,tgt_sh 14.9%; team att 30.8; opp DvP 0.94; RZ tgt 5,1.0,
Deebo Samuel Sr.,SF,SEA,WR,SF@SEA,last_td,0.06221084151959152,1507.0,0.01595,0.31465,B,-,tgt_sh 14.9%; team att 30.8; opp DvP 0.94; RZ tgt 5,1.0,
Deebo Samuel Sr.,SF,SEA,WR,SF@SEA,2plus_td,0.04165,2301.0,0.01595,0.31465,B,-,tgt_sh 14.9%; team att 30.8; opp DvP 0.94; RZ tgt 5,1.0,
Jordan Watkins,SF,SEA,WR,SF@SEA,anytime_td,0.04205,2278.0,0.0,0.04325,C,-,w_td 0.03; team TD 2.36,1.0,
Jordan Watkins,SF,SEA,WR,SF@SEA,first_td,0.008192257603507603,12107.0,0.0,0.04325,C,-,w_td 0.03; team TD 2.36,1.0,
Jordan Watkins,SF,SEA,WR,SF@SEA,last_td,0.008192257603507603,12107.0,0.0,0.04325,C,-,w_td 0.03; team TD 2.36,1.0,
Jordan Watkins,SF,SEA,WR,SF@SEA,2plus_td,0.00115,86857.0,0.0,0.04325,C,-,w_td 0.03; team TD 2.36,1.0,
Sam Darnold,SEA,SF,QB,SF@SEA,anytime_td,0.05585,1691.0,0.0574,0.0,B,-,team att 31.3; ypa 7.13; opp d_ypa 0.90; pass rate 53.0%,1.0,
Sam Darnold,SEA,SF,QB,SF@SEA,first_td,0.010936507936507937,9044.0,0.0574,0.0,B,-,team att 31.3; ypa 7.13; opp d_ypa 0.90; pass rate 53.0%,1.0,
Sam Darnold,SEA,SF,QB,SF@SEA,last_td,0.010936507936507937,9044.0,0.0574,0.0,B,-,team att 31.3; ypa 7.13; opp d_ypa 0.90; pass rate 53.0%,1.0,
Sam Darnold,SEA,SF,QB,SF@SEA,2plus_td,0.0014,71329.0,0.0574,0.0,B,-,team att 31.3; ypa 7.13; opp d_ypa 0.90; pass rate 53.0%,1.0,
Elijah Arroyo,SEA,SF,TE,SF@SEA,anytime_td,0.04245,2256.0,0.0,0.0431,C,-,w_td 0.02; team TD 2.69,1.0,
Elijah Arroyo,SEA,SF,TE,SF@SEA,first_td,0.007980603008103007,12430.0,0.0,0.0431,C,-,w_td 0.02; team TD 2.69,1.0,
Elijah Arroyo,SEA,SF,TE,SF@SEA,last_td,0.007980603008103007,12430.0,0.0,0.0431,C,-,w_td 0.02; team TD 2.69,1.0,
Elijah Arroyo,SEA,SF,TE,SF@SEA,2plus_td,0.00065,153746.0,0.0,0.0431,C,-,w_td 0.02; team TD 2.69,1.0,
AJ Barner,SEA,SF,TE,SF@SEA,anytime_td,0.30755,225.0,0.0233,0.33755,B,-,tgt_sh 13.4%; team att 31.3; opp DvP 0.92; RZ tgt 5,1.0,
AJ Barner,SEA,SF,TE,SF@SEA,first_td,0.06799801157176157,1371.0,0.0233,0.33755,B,-,tgt_sh 13.4%; team att 31.3; opp DvP 0.92; RZ tgt 5,1.0,
AJ Barner,SEA,SF,TE,SF@SEA,last_td,0.06799801157176157,1371.0,0.0233,0.33755,B,-,tgt_sh 13.4%; team att 31.3; opp DvP 0.92; RZ tgt 5,1.0,
AJ Barner,SEA,SF,TE,SF@SEA,2plus_td,0.04855,1960.0,0.0233,0.33755,B,-,tgt_sh 13.4%; team att 31.3; opp DvP 0.92; RZ tgt 5,1.0,
George Holani,SEA,SF,RB,SF@SEA,anytime_td,0.26005,285.0,0.1992,0.09555,B,-,tgt_sh 4.7%; team att 31.3; opp DvP 0.98; RZ tgt 1; car_sh 17.8%; team rush 29.1; opp d_ypc 0.94; inside-10 car 3,1.0,
George Holani,SEA,SF,RB,SF@SEA,first_td,0.056034835581085574,1685.0,0.1992,0.09555,B,-,tgt_sh 4.7%; team att 31.3; opp DvP 0.98; RZ tgt 1; car_sh 17.8%; team rush 29.1; opp d_ypc 0.94; inside-10 car 3,1.0,
George Holani,SEA,SF,RB,SF@SEA,last_td,0.056034835581085574,1685.0,0.1992,0.09555,B,-,tgt_sh 4.7%; team att 31.3; opp DvP 0.98; RZ tgt 1; car_sh 17.8%; team rush 29.1; opp d_ypc 0.94; inside-10 car 3,1.0,
George Holani,SEA,SF,RB,SF@SEA,2plus_td,0.0321,3015.0,0.1992,0.09555,B,-,tgt_sh 4.7%; team att 31.3; opp DvP 0.98; RZ tgt 1; car_sh 17.8%; team rush 29.1; opp d_ypc 0.94; inside-10 car 3,1.0,
Tory Horton,SEA,SF,WR,SF@SEA,anytime_td,0.10845,822.0,0.0,0.1147,C,-,tgt_sh 6.1%; team att 31.3; opp DvP 0.88; RZ tgt 1,1.0,
Tory Horton,SEA,SF,WR,SF@SEA,first_td,0.021374548923298924,4578.0,0.0,0.1147,C,-,tgt_sh 6.1%; team att 31.3; opp DvP 0.88; RZ tgt 1,1.0,
Tory Horton,SEA,SF,WR,SF@SEA,last_td,0.021374548923298924,4578.0,0.0,0.1147,C,-,tgt_sh 6.1%; team att 31.3; opp DvP 0.88; RZ tgt 1,1.0,
Tory Horton,SEA,SF,WR,SF@SEA,2plus_td,0.006,16567.0,0.0,0.1147,C,-,tgt_sh 6.1%; team att 31.3; opp DvP 0.88; RZ tgt 1,1.0,
Cooper Kupp,SEA,SF,WR,SF@SEA,anytime_td,0.17235,480.0,0.0,0.18845,C,-,tgt_sh 11.6%; team att 31.3; opp DvP 0.88; RZ tgt 1,1.0,
Cooper Kupp,SEA,SF,WR,SF@SEA,first_td,0.0353789201076701,2727.0,0.0,0.18845,C,-,tgt_sh 11.6%; team att 31.3; opp DvP 0.88; RZ tgt 1,1.0,
Cooper Kupp,SEA,SF,WR,SF@SEA,last_td,0.0353789201076701,2727.0,0.0,0.18845,C,-,tgt_sh 11.6%; team att 31.3; opp DvP 0.88; RZ tgt 1,1.0,
Cooper Kupp,SEA,SF,WR,SF@SEA,2plus_td,0.01525,6457.0,0.0,0.18845,C,-,tgt_sh 11.6%; team att 31.3; opp DvP 0.88; RZ tgt 1,1.0,
Brady Russell,SEA,SF,RB,SF@SEA,anytime_td,0.02365,4128.0,0.0,0.0238,C,-,w_td 0.01; team TD 2.69,1.0,
Brady Russell,SEA,SF,RB,SF@SEA,first_td,0.004562426601176601,21818.0,0.0,0.0238,C,-,w_td 0.01; team TD 2.69,1.0,
Brady Russell,SEA,SF,RB,SF@SEA,last_td,0.004562426601176601,21818.0,0.0,0.0238,C,-,w_td 0.01; team TD 2.69,1.0,
Brady Russell,SEA,SF,RB,SF@SEA,2plus_td,0.00015,666567.0,0.0,0.0238,C,-,w_td 0.01; team TD 2.69,1.0,
Eric Saubert,SEA,SF,TE,SF@SEA,anytime_td,0.0814,1129.0,0.0,0.08445,C,-,w_td 0.04; team TD 2.69,1.0,
Eric Saubert,SEA,SF,TE,SF@SEA,first_td,0.015857082084582086,6206.0,0.0,0.08445,C,-,w_td 0.04; team TD 2.69,1.0,
Eric Saubert,SEA,SF,TE,SF@SEA,last_td,0.015857082084582086,6206.0,0.0,0.08445,C,-,w_td 0.04; team TD 2.69,1.0,
Eric Saubert,SEA,SF,TE,SF@SEA,2plus_td,0.003,33233.0,0.0,0.08445,C,-,w_td 0.04; team TD 2.69,1.0,
Rashid Shaheed,SEA,SF,WR,SF@SEA,anytime_td,0.1838,444.0,0.0106,0.19065,B,-,tgt_sh 13.8%; team att 31.3; opp DvP 0.88; RZ tgt 0,1.0,
Rashid Shaheed,SEA,SF,WR,SF@SEA,first_td,0.037977085692085695,2533.0,0.0106,0.19065,B,-,tgt_sh 13.8%; team att 31.3; opp DvP 0.88; RZ tgt 0,1.0,
Rashid Shaheed,SEA,SF,WR,SF@SEA,last_td,0.037977085692085695,2533.0,0.0106,0.19065,B,-,tgt_sh 13.8%; team att 31.3; opp DvP 0.88; RZ tgt 0,1.0,
Rashid Shaheed,SEA,SF,WR,SF@SEA,2plus_td,0.0166,5924.0,0.0106,0.19065,B,-,tgt_sh 13.8%; team att 31.3; opp DvP 0.88; RZ tgt 0,1.0,
Jaxon Smith-Njigba,SEA,SF,WR,SF@SEA,anytime_td,0.51335,-105.0,0.0,0.6941,B,-,tgt_sh 31.2%; team att 31.3; opp DvP 0.88; RZ tgt 10,1.0,
Jaxon Smith-Njigba,SEA,SF,WR,SF@SEA,first_td,0.13083898476523478,664.0,0.0,0.6941,B,-,tgt_sh 31.2%; team att 31.3; opp DvP 0.88; RZ tgt 10,1.0,
Jaxon Smith-Njigba,SEA,SF,WR,SF@SEA,last_td,0.13083898476523478,664.0,0.0,0.6941,B,-,tgt_sh 31.2%; team att 31.3; opp DvP 0.88; RZ tgt 10,1.0,
Jaxon Smith-Njigba,SEA,SF,WR,SF@SEA,2plus_td,0.1494,569.0,0.0,0.6941,B,-,tgt_sh 31.2%; team att 31.3; opp DvP 0.88; RZ tgt 10,1.0,
Emanuel Wilson,SEA,SF,RB,SF@SEA,anytime_td,0.44365,125.0,0.4757,0.0909,B,-,tgt_sh 4.3%; team att 31.3; opp DvP 0.98; RZ tgt 1; car_sh 38.5%; team rush 29.1; opp d_ypc 0.94; inside-10 car 9,1.0,
Emanuel Wilson,SEA,SF,RB,SF@SEA,first_td,0.10796980117105118,826.0,0.4757,0.0909,B,-,tgt_sh 4.3%; team att 31.3; opp DvP 0.98; RZ tgt 1; car_sh 38.5%; team rush 29.1; opp d_ypc 0.94; inside-10 car 9,1.0,
Emanuel Wilson,SEA,SF,RB,SF@SEA,last_td,0.10796980117105118,826.0,0.4757,0.0909,B,-,tgt_sh 4.3%; team att 31.3; opp DvP 0.98; RZ tgt 1; car_sh 38.5%; team rush 29.1; opp d_ypc 0.94; inside-10 car 9,1.0,
Emanuel Wilson,SEA,SF,RB,SF@SEA,2plus_td,0.10545,848.0,0.4757,0.0909,B,-,tgt_sh 4.3%; team att 31.3; opp DvP 0.98; RZ tgt 1; car_sh 38.5%; team rush 29.1; opp d_ypc 0.94; inside-10 car 9,1.0,
Lamar Jackson,BAL,ATL,QB,BAL@ATL,anytime_td,0.11448360154817681,773.0,0.12090038704420453,0.0,B,no game designation yet (DNP),team att 29.5; ypa 7.79; opp d_ypa 0.92; pass rate 50.3%,0.98,
Lamar Jackson,BAL,ATL,QB,BAL@ATL,first_td,0.024892159429488823,3917.0,0.12090038704420453,0.0,B,no game designation yet (DNP),team att 29.5; ypa 7.79; opp d_ypa 0.92; pass rate 50.3%,0.98,
Lamar Jackson,BAL,ATL,QB,BAL@ATL,last_td,0.024892159429488823,3917.0,0.12090038704420453,0.0,B,no game designation yet (DNP),team att 29.5; ypa 7.79; opp d_ypa 0.92; pass rate 50.3%,0.98,
Lamar Jackson,BAL,ATL,QB,BAL@ATL,2plus_td,0.006060297412915054,16401.0,0.12090038704420453,0.0,B,no game designation yet (DNP),team att 29.5; ypa 7.79; opp d_ypa 0.92; pass rate 50.3%,0.98,
Rasheen Ali,BAL,ATL,RB,BAL@ATL,anytime_td,0.02495,3908.0,0.00935,0.01595,C,-,w_td 0.02; team TD 2.05,1.0,
Rasheen Ali,BAL,ATL,RB,BAL@ATL,first_td,0.0050778571428571435,19593.0,0.00935,0.01595,C,-,w_td 0.02; team TD 2.05,1.0,
Rasheen Ali,BAL,ATL,RB,BAL@ATL,last_td,0.0050778571428571435,19593.0,0.00935,0.01595,C,-,w_td 0.02; team TD 2.05,1.0,
Rasheen Ali,BAL,ATL,RB,BAL@ATL,2plus_td,0.00035,285614.0,0.00935,0.01595,C,-,w_td 0.02; team TD 2.05,1.0,
Mark Andrews,BAL,ATL,TE,BAL@ATL,anytime_td,0.23173883234006645,332.0,0.0,0.2605347819207848,B,no game designation yet (Full),tgt_sh 18.9%; team att 29.5; opp DvP 0.92; RZ tgt 3,0.9479829842591244,
Mark Andrews,BAL,ATL,TE,BAL@ATL,first_td,0.05363169622834197,1765.0,0.0,0.2605347819207848,B,no game designation yet (Full),tgt_sh 18.9%; team att 29.5; opp DvP 0.92; RZ tgt 3,0.9479829842591244,
Mark Andrews,BAL,ATL,TE,BAL@ATL,last_td,0.05363169622834197,1765.0,0.0,0.2605347819207848,B,no game designation yet (Full),tgt_sh 18.9%; team att 29.5; opp DvP 0.92; RZ tgt 3,0.9479829842591244,
Mark Andrews,BAL,ATL,TE,BAL@ATL,2plus_td,0.027424713886398396,3546.0,0.0,0.2605347819207848,B,no game designation yet (Full),tgt_sh 18.9%; team att 29.5; opp DvP 0.92; RZ tgt 3,0.9479829842591244,
Rashod Bateman,BAL,ATL,WR,BAL@ATL,anytime_td,0.16215793588741204,517.0,0.0,0.17571019025280166,C,no game designation yet (Limited),tgt_sh 11.3%; team att 29.5; opp DvP 1.07; RZ tgt 2,0.9575230478992892,
Rashod Bateman,BAL,ATL,WR,BAL@ATL,first_td,0.03593410050407705,2683.0,0.0,0.17571019025280166,C,no game designation yet (Limited),tgt_sh 11.3%; team att 29.5; opp DvP 1.07; RZ tgt 2,0.9575230478992892,
Rashod Bateman,BAL,ATL,WR,BAL@ATL,last_td,0.03593410050407705,2683.0,0.0,0.17571019025280166,C,no game designation yet (Limited),tgt_sh 11.3%; team att 29.5; opp DvP 1.07; RZ tgt 2,0.9575230478992892,
Rashod Bateman,BAL,ATL,WR,BAL@ATL,2plus_td,0.012614021370862653,7828.0,0.0,0.17571019025280166,C,no game designation yet (Limited),tgt_sh 11.3%; team att 29.5; opp DvP 1.07; RZ tgt 2,0.9575230478992892,
Zay Flowers,BAL,ATL,WR,BAL@ATL,anytime_td,0.30602975724353954,227.0,0.004437483685721744,0.35395458104933436,B,no game designation yet (Limited),tgt_sh 24.4%; team att 29.5; opp DvP 1.07; RZ tgt 4,0.9575230478992892,
Zay Flowers,BAL,ATL,WR,BAL@ATL,first_td,0.07318791246747394,1266.0,0.004437483685721744,0.35395458104933436,B,no game designation yet (Limited),tgt_sh 24.4%; team att 29.5; opp DvP 1.07; RZ tgt 4,0.9575230478992892,
Zay Flowers,BAL,ATL,WR,BAL@ATL,last_td,0.07318791246747394,1266.0,0.004437483685721744,0.35395458104933436,B,no game designation yet (Limited),tgt_sh 24.4%; team att 29.5; opp DvP 1.07; RZ tgt 4,0.9575230478992892,
Zay Flowers,BAL,ATL,WR,BAL@ATL,2plus_td,0.04782041242495432,1991.0,0.004437483685721744,0.35395458104933436,B,no game designation yet (Limited),tgt_sh 24.4%; team att 29.5; opp DvP 1.07; RZ tgt 4,0.9575230478992892,
Derrick Henry,BAL,ATL,RB,BAL@ATL,anytime_td,0.5118,-105.0,0.64415,0.04725,B,-,tgt_sh 4.8%; team att 29.5; opp DvP 0.95; RZ tgt 0; car_sh 61.0%; team rush 30.7; opp d_ypc 0.85; inside-10 car 17,1.0,
Derrick Henry,BAL,ATL,RB,BAL@ATL,first_td,0.14243491494616495,602.0,0.64415,0.04725,B,-,tgt_sh 4.8%; team att 29.5; opp DvP 0.95; RZ tgt 0; car_sh 61.0%; team rush 30.7; opp d_ypc 0.85; inside-10 car 17,1.0,
Derrick Henry,BAL,ATL,RB,BAL@ATL,last_td,0.14243491494616495,602.0,0.64415,0.04725,B,-,tgt_sh 4.8%; team att 29.5; opp DvP 0.95; RZ tgt 0; car_sh 61.0%; team rush 30.7; opp d_ypc 0.85; inside-10 car 17,1.0,
Derrick Henry,BAL,ATL,RB,BAL@ATL,2plus_td,0.1494,569.0,0.64415,0.04725,B,-,tgt_sh 4.8%; team att 29.5; opp DvP 0.95; RZ tgt 0; car_sh 61.0%; team rush 30.7; opp d_ypc 0.85; inside-10 car 17,1.0,
Matthew Hibner,BAL,ATL,TE,BAL@ATL,anytime_td,0.05,1900.0,0.0,0.051,C,-,w_td 0.04; team TD 2.05,1.0,
Matthew Hibner,BAL,ATL,TE,BAL@ATL,first_td,0.010468183621933622,9453.0,0.0,0.051,C,-,w_td 0.04; team TD 2.05,1.0,
Matthew Hibner,BAL,ATL,TE,BAL@ATL,last_td,0.010468183621933622,9453.0,0.0,0.051,C,-,w_td 0.04; team TD 2.05,1.0,
Matthew Hibner,BAL,ATL,TE,BAL@ATL,2plus_td,0.001,99900.0,0.0,0.051,C,-,w_td 0.04; team TD 2.05,1.0,
Justice Hill,BAL,ATL,RB,BAL@ATL,anytime_td,0.11245,789.0,0.06275,0.05575,B,-,tgt_sh 5.5%; team att 29.5; opp DvP 0.95; RZ tgt 0; car_sh 9.5%; team rush 30.7; opp d_ypc 0.85; inside-10 car 0,1.0,
Justice Hill,BAL,ATL,RB,BAL@ATL,first_td,0.024867772921522924,3921.0,0.06275,0.05575,B,-,tgt_sh 5.5%; team att 29.5; opp DvP 0.95; RZ tgt 0; car_sh 9.5%; team rush 30.7; opp d_ypc 0.85; inside-10 car 0,1.0,
Justice Hill,BAL,ATL,RB,BAL@ATL,last_td,0.024867772921522924,3921.0,0.06275,0.05575,B,-,tgt_sh 5.5%; team att 29.5; opp DvP 0.95; RZ tgt 0; car_sh 9.5%; team rush 30.7; opp d_ypc 0.85; inside-10 car 0,1.0,
Justice Hill,BAL,ATL,RB,BAL@ATL,2plus_td,0.006,16567.0,0.06275,0.05575,B,-,tgt_sh 5.5%; team att 29.5; opp DvP 0.95; RZ tgt 0; car_sh 9.5%; team rush 30.7; opp d_ypc 0.85; inside-10 car 0,1.0,
Chris Moore,BAL,ATL,WR,BAL@ATL,anytime_td,0.09508418912578846,952.0,0.0,0.09967158421519054,C,no game designation yet (Limited),tgt_sh 6.8%; team att 29.5; opp DvP 1.07; RZ tgt 1,0.9575230478992892,
Chris Moore,BAL,ATL,WR,BAL@ATL,first_td,0.020385746563873028,4805.0,0.0,0.09967158421519054,C,no game designation yet (Limited),tgt_sh 6.8%; team att 29.5; opp DvP 1.07; RZ tgt 1,0.9575230478992892,
Chris Moore,BAL,ATL,WR,BAL@ATL,last_td,0.020385746563873028,4805.0,0.0,0.09967158421519054,C,no game designation yet (Limited),tgt_sh 6.8%; team att 29.5; opp DvP 1.07; RZ tgt 1,0.9575230478992892,
Chris Moore,BAL,ATL,WR,BAL@ATL,2plus_td,0.004535265599749779,21949.0,0.0,0.09967158421519054,C,no game designation yet (Limited),tgt_sh 6.8%; team att 29.5; opp DvP 1.07; RZ tgt 1,0.9575230478992892,
Elijah Sarratt,BAL,ATL,WR,BAL@ATL,anytime_td,0.05155,1840.0,0.0,0.0528,C,-,tgt_sh 4.8%; team att 29.5; opp DvP 1.07; RZ tgt 0,1.0,
Elijah Sarratt,BAL,ATL,WR,BAL@ATL,first_td,0.010566381673881674,9364.0,0.0,0.0528,C,-,tgt_sh 4.8%; team att 29.5; opp DvP 1.07; RZ tgt 0,1.0,
Elijah Sarratt,BAL,ATL,WR,BAL@ATL,last_td,0.010566381673881674,9364.0,0.0,0.0528,C,-,tgt_sh 4.8%; team att 29.5; opp DvP 1.07; RZ tgt 0,1.0,
Elijah Sarratt,BAL,ATL,WR,BAL@ATL,2plus_td,0.00125,79900.0,0.0,0.0528,C,-,tgt_sh 4.8%; team att 29.5; opp DvP 1.07; RZ tgt 0,1.0,
Devontez Walker,BAL,ATL,WR,BAL@ATL,anytime_td,0.03915,2454.0,0.0,0.0395,C,-,tgt_sh 3.7%; team att 29.5; opp DvP 1.07; RZ tgt 0,1.0,
Devontez Walker,BAL,ATL,WR,BAL@ATL,first_td,0.008029071067821067,12355.0,0.0,0.0395,C,-,tgt_sh 3.7%; team att 29.5; opp DvP 1.07; RZ tgt 0,1.0,
Devontez Walker,BAL,ATL,WR,BAL@ATL,last_td,0.008029071067821067,12355.0,0.0,0.0395,C,-,tgt_sh 3.7%; team att 29.5; opp DvP 1.07; RZ tgt 0,1.0,
Devontez Walker,BAL,ATL,WR,BAL@ATL,2plus_td,0.00035,285614.0,0.0,0.0395,C,-,tgt_sh 3.7%; team att 29.5; opp DvP 1.07; RZ tgt 0,1.0,
LaJohntay Wester,BAL,ATL,WR,BAL@ATL,anytime_td,0.01745,5631.0,0.0,0.01765,C,-,w_td 0.01; team TD 2.05,1.0,
LaJohntay Wester,BAL,ATL,WR,BAL@ATL,first_td,0.0034627999777999776,28778.0,0.0,0.01765,C,-,w_td 0.01; team TD 2.05,1.0,
LaJohntay Wester,BAL,ATL,WR,BAL@ATL,last_td,0.0034627999777999776,28778.0,0.0,0.01765,C,-,w_td 0.01; team TD 2.05,1.0,
LaJohntay Wester,BAL,ATL,WR,BAL@ATL,2plus_td,0.0002,499900.0,0.0,0.01765,C,-,w_td 0.01; team TD 2.05,1.0,
Michael Penix Jr.,ATL,BAL,QB,BAL@ATL,anytime_td,0.05955,1579.0,0.0614,0.0,C,-,team att 26.7; ypa 7.25; opp d_ypa 0.97; pass rate 46.3%,1.0,
Michael Penix Jr.,ATL,BAL,QB,BAL@ATL,first_td,0.01281384199134199,7704.0,0.0614,0.0,C,-,team att 26.7; ypa 7.25; opp d_ypa 0.97; pass rate 46.3%,1.0,
Michael Penix Jr.,ATL,BAL,QB,BAL@ATL,last_td,0.01281384199134199,7704.0,0.0614,0.0,C,-,team att 26.7; ypa 7.25; opp d_ypa 0.97; pass rate 46.3%,1.0,
Michael Penix Jr.,ATL,BAL,QB,BAL@ATL,2plus_td,0.00185,53954.0,0.0614,0.0,C,-,team att 26.7; ypa 7.25; opp d_ypa 0.97; pass rate 46.3%,1.0,
Chris Blair,ATL,BAL,WR,BAL@ATL,anytime_td,0.02215,4415.0,0.0,0.02235,C,-,w_td 0.02; team TD 2.54,1.0,
Chris Blair,ATL,BAL,WR,BAL@ATL,first_td,0.004391733405483405,22670.0,0.0,0.02235,C,-,w_td 0.02; team TD 2.54,1.0,
Chris Blair,ATL,BAL,WR,BAL@ATL,last_td,0.004391733405483405,22670.0,0.0,0.02235,C,-,w_td 0.02; team TD 2.54,1.0,
Chris Blair,ATL,BAL,WR,BAL@ATL,2plus_td,0.0002,499900.0,0.0,0.02235,C,-,w_td 0.02; team TD 2.54,1.0,
Zachariah Branch,ATL,BAL,WR,BAL@ATL,anytime_td,0.0458,2083.0,0.0,0.047,C,-,tgt_sh 4.8%; team att 26.7; opp DvP 1.08; RZ tgt 0,1.0,
Zachariah Branch,ATL,BAL,WR,BAL@ATL,first_td,0.009556038961038961,10365.0,0.0,0.047,C,-,tgt_sh 4.8%; team att 26.7; opp DvP 1.08; RZ tgt 0,1.0,
Zachariah Branch,ATL,BAL,WR,BAL@ATL,last_td,0.009556038961038961,10365.0,0.0,0.047,C,-,tgt_sh 4.8%; team att 26.7; opp DvP 1.08; RZ tgt 0,1.0,
Zachariah Branch,ATL,BAL,WR,BAL@ATL,2plus_td,0.00105,95138.0,0.0,0.047,C,-,tgt_sh 4.8%; team att 26.7; opp DvP 1.08; RZ tgt 0,1.0,
Jahan Dotson,ATL,BAL,WR,BAL@ATL,anytime_td,0.10735,832.0,0.0,0.11355,C,-,tgt_sh 11.9%; team att 26.7; opp DvP 1.08; RZ tgt 0,1.0,
Jahan Dotson,ATL,BAL,WR,BAL@ATL,first_td,0.02387076479076479,4089.0,0.0,0.11355,C,-,tgt_sh 11.9%; team att 26.7; opp DvP 1.08; RZ tgt 0,1.0,
Jahan Dotson,ATL,BAL,WR,BAL@ATL,last_td,0.02387076479076479,4089.0,0.0,0.11355,C,-,tgt_sh 11.9%; team att 26.7; opp DvP 1.08; RZ tgt 0,1.0,
Jahan Dotson,ATL,BAL,WR,BAL@ATL,2plus_td,0.006,16567.0,0.0,0.11355,C,-,tgt_sh 11.9%; team att 26.7; opp DvP 1.08; RZ tgt 0,1.0,
Austin Hooper,ATL,BAL,TE,BAL@ATL,anytime_td,0.08535,1072.0,0.0,0.0891,C,-,tgt_sh 5.9%; team att 26.7; opp DvP 1.06; RZ tgt 1,1.0,
Austin Hooper,ATL,BAL,TE,BAL@ATL,first_td,0.018393431845931844,5337.0,0.0,0.0891,C,-,tgt_sh 5.9%; team att 26.7; opp DvP 1.06; RZ tgt 1,1.0,
Austin Hooper,ATL,BAL,TE,BAL@ATL,last_td,0.018393431845931844,5337.0,0.0,0.0891,C,-,tgt_sh 5.9%; team att 26.7; opp DvP 1.06; RZ tgt 1,1.0,
Austin Hooper,ATL,BAL,TE,BAL@ATL,2plus_td,0.00375,26567.0,0.0,0.0891,C,-,tgt_sh 5.9%; team att 26.7; opp DvP 1.06; RZ tgt 1,1.0,
Drake London,ATL,BAL,WR,BAL@ATL,anytime_td,0.2389,319.0,0.01035,0.2591,B,-,tgt_sh 26.6%; team att 26.7; opp DvP 1.08; RZ tgt 0,1.0,
Drake London,ATL,BAL,WR,BAL@ATL,first_td,0.05590222222222222,1689.0,0.01035,0.2591,B,-,tgt_sh 26.6%; team att 26.7; opp DvP 1.08; RZ tgt 0,1.0,
Drake London,ATL,BAL,WR,BAL@ATL,last_td,0.05590222222222222,1689.0,0.01035,0.2591,B,-,tgt_sh 26.6%; team att 26.7; opp DvP 1.08; RZ tgt 0,1.0,
Drake London,ATL,BAL,WR,BAL@ATL,2plus_td,0.0285,3409.0,0.01035,0.2591,B,-,tgt_sh 26.6%; team att 26.7; opp DvP 1.08; RZ tgt 0,1.0,
Kyle Pitts,ATL,BAL,TE,BAL@ATL,anytime_td,0.13435,644.0,0.0,0.145,C,-,tgt_sh 14.9%; team att 26.7; opp DvP 1.06; RZ tgt 0,1.0,
Kyle Pitts,ATL,BAL,TE,BAL@ATL,first_td,0.029947745726495726,3239.0,0.0,0.145,C,-,tgt_sh 14.9%; team att 26.7; opp DvP 1.06; RZ tgt 0,1.0,
Kyle Pitts,ATL,BAL,TE,BAL@ATL,last_td,0.029947745726495726,3239.0,0.0,0.145,C,-,tgt_sh 14.9%; team att 26.7; opp DvP 1.06; RZ tgt 0,1.0,
Kyle Pitts,ATL,BAL,TE,BAL@ATL,2plus_td,0.0102,9704.0,0.0,0.145,C,-,tgt_sh 14.9%; team att 26.7; opp DvP 1.06; RZ tgt 0,1.0,
Bijan Robinson,ATL,BAL,RB,BAL@ATL,anytime_td,0.6628,-197.0,0.8234,0.20415,B,-,tgt_sh 18.9%; team att 26.7; opp DvP 0.92; RZ tgt 1; car_sh 52.4%; team rush 33.1; opp d_ypc 0.96; inside-10 car 8,1.0,
Bijan Robinson,ATL,BAL,RB,BAL@ATL,first_td,0.2131326151626152,369.0,0.8234,0.20415,B,-,tgt_sh 18.9%; team att 26.7; opp DvP 0.92; RZ tgt 1; car_sh 52.4%; team rush 33.1; opp d_ypc 0.96; inside-10 car 8,1.0,
Bijan Robinson,ATL,BAL,RB,BAL@ATL,last_td,0.2131326151626152,369.0,0.8234,0.20415,B,-,tgt_sh 18.9%; team att 26.7; opp DvP 0.92; RZ tgt 1; car_sh 52.4%; team rush 33.1; opp d_ypc 0.96; inside-10 car 8,1.0,
Bijan Robinson,ATL,BAL,RB,BAL@ATL,2plus_td,0.275,264.0,0.8234,0.20415,B,-,tgt_sh 18.9%; team att 26.7; opp DvP 0.92; RZ tgt 1; car_sh 52.4%; team rush 33.1; opp d_ypc 0.96; inside-10 car 8,1.0,
Brian Robinson,ATL,BAL,RB,BAL@ATL,anytime_td,0.36185,176.0,0.37905,0.05675,B,-,car_sh 25.1%; team rush 33.1; opp d_ypc 0.96; inside-10 car 3,1.0,
Brian Robinson,ATL,BAL,RB,BAL@ATL,first_td,0.09054466783216783,1004.0,0.37905,0.05675,B,-,car_sh 25.1%; team rush 33.1; opp d_ypc 0.96; inside-10 car 3,1.0,
Brian Robinson,ATL,BAL,RB,BAL@ATL,last_td,0.09054466783216783,1004.0,0.37905,0.05675,B,-,car_sh 25.1%; team rush 33.1; opp d_ypc 0.96; inside-10 car 3,1.0,
Brian Robinson,ATL,BAL,RB,BAL@ATL,2plus_td,0.06625,1409.0,0.37905,0.05675,B,-,car_sh 25.1%; team rush 33.1; opp d_ypc 0.96; inside-10 car 3,1.0,
Charlie Woerner,ATL,BAL,TE,BAL@ATL,anytime_td,0.0516,1838.0,0.0,0.0526,C,-,w_td 0.05; team TD 2.54,1.0,
Charlie Woerner,ATL,BAL,TE,BAL@ATL,first_td,0.010700508658008659,9245.0,0.0,0.0526,C,-,w_td 0.05; team TD 2.54,1.0,
Charlie Woerner,ATL,BAL,TE,BAL@ATL,last_td,0.010700508658008659,9245.0,0.0,0.0526,C,-,w_td 0.05; team TD 2.54,1.0,
Charlie Woerner,ATL,BAL,TE,BAL@ATL,2plus_td,0.00095,105163.0,0.0,0.0526,C,-,w_td 0.05; team TD 2.54,1.0,
Olamide Zaccheaus,ATL,BAL,WR,BAL@ATL,anytime_td,0.1123,790.0,0.0,0.1193,C,-,tgt_sh 9.0%; team att 26.7; opp DvP 1.08; RZ tgt 1,1.0,
Olamide Zaccheaus,ATL,BAL,WR,BAL@ATL,first_td,0.02466188006438006,3955.0,0.0,0.1193,C,-,tgt_sh 9.0%; team att 26.7; opp DvP 1.08; RZ tgt 1,1.0,
Olamide Zaccheaus,ATL,BAL,WR,BAL@ATL,last_td,0.02466188006438006,3955.0,0.0,0.1193,C,-,tgt_sh 9.0%; team att 26.7; opp DvP 1.08; RZ tgt 1,1.0,
Olamide Zaccheaus,ATL,BAL,WR,BAL@ATL,2plus_td,0.00695,14288.0,0.0,0.1193,C,-,tgt_sh 9.0%; team att 26.7; opp DvP 1.08; RZ tgt 1,1.0,
Josh Allen,BUF,LA,QB,BUF@LA,anytime_td,0.3005,233.0,0.3498,0.0,B,-,team att 31.4; ypa 6.72; opp d_ypa 0.83; pass rate 55.3%,1.0,
Josh Allen,BUF,LA,QB,BUF@LA,first_td,0.05495661338661339,1720.0,0.3498,0.0,B,-,team att 31.4; ypa 6.72; opp d_ypa 0.83; pass rate 55.3%,1.0,
Josh Allen,BUF,LA,QB,BUF@LA,last_td,0.05495661338661339,1720.0,0.3498,0.0,B,-,team att 31.4; ypa 6.72; opp d_ypa 0.83; pass rate 55.3%,1.0,
Josh Allen,BUF,LA,QB,BUF@LA,2plus_td,0.04515,2115.0,0.3498,0.0,B,-,team att 31.4; ypa 6.72; opp d_ypa 0.83; pass rate 55.3%,1.0,
Keon Coleman,BUF,LA,WR,BUF@LA,anytime_td,0.1859,438.0,0.0,0.20345,C,-,tgt_sh 13.0%; team att 31.4; opp DvP 1.09; RZ tgt 2,1.0,
Keon Coleman,BUF,LA,WR,BUF@LA,first_td,0.03130394896769897,3094.0,0.0,0.20345,C,-,tgt_sh 13.0%; team att 31.4; opp DvP 1.09; RZ tgt 2,1.0,
Keon Coleman,BUF,LA,WR,BUF@LA,last_td,0.03130394896769897,3094.0,0.0,0.20345,C,-,tgt_sh 13.0%; team att 31.4; opp DvP 1.09; RZ tgt 2,1.0,
Keon Coleman,BUF,LA,WR,BUF@LA,2plus_td,0.01645,5979.0,0.0,0.20345,C,-,tgt_sh 13.0%; team att 31.4; opp DvP 1.09; RZ tgt 2,1.0,
James Cook,BUF,LA,RB,BUF@LA,anytime_td,0.6181,-162.0,0.7851,0.12965,B,-,tgt_sh 7.4%; team att 31.4; opp DvP 1.09; RZ tgt 2; car_sh 57.5%; team rush 27.1; opp d_ypc 0.97; inside-10 car 8,1.0,
James Cook,BUF,LA,RB,BUF@LA,first_td,0.14179824314574316,605.0,0.7851,0.12965,B,-,tgt_sh 7.4%; team att 31.4; opp DvP 1.09; RZ tgt 2; car_sh 57.5%; team rush 27.1; opp d_ypc 0.97; inside-10 car 8,1.0,
James Cook,BUF,LA,RB,BUF@LA,last_td,0.14179824314574316,605.0,0.7851,0.12965,B,-,tgt_sh 7.4%; team att 31.4; opp DvP 1.09; RZ tgt 2; car_sh 57.5%; team rush 27.1; opp d_ypc 0.97; inside-10 car 8,1.0,
James Cook,BUF,LA,RB,BUF@LA,2plus_td,0.23275,330.0,0.7851,0.12965,B,-,tgt_sh 7.4%; team att 31.4; opp DvP 1.09; RZ tgt 2; car_sh 57.5%; team rush 27.1; opp d_ypc 0.97; inside-10 car 8,1.0,
Ray Davis,BUF,LA,RB,BUF@LA,anytime_td,0.0683,1364.0,0.05425,0.01615,C,-,w_td 0.05; team TD 2.86,1.0,
Ray Davis,BUF,LA,RB,BUF@LA,first_td,0.010763599317349317,9191.0,0.05425,0.01615,C,-,w_td 0.05; team TD 2.86,1.0,
Ray Davis,BUF,LA,RB,BUF@LA,last_td,0.010763599317349317,9191.0,0.05425,0.01615,C,-,w_td 0.05; team TD 2.86,1.0,
Ray Davis,BUF,LA,RB,BUF@LA,2plus_td,0.0021,47519.0,0.05425,0.01615,C,-,w_td 0.05; team TD 2.86,1.0,
Greg Dortch,BUF,LA,WR,BUF@LA,anytime_td,0.02255,4335.0,0.0,0.02265,C,-,w_td 0.02; team TD 2.86,1.0,
Greg Dortch,BUF,LA,WR,BUF@LA,first_td,0.0034786836774336775,28647.0,0.0,0.02265,C,-,w_td 0.02; team TD 2.86,1.0,
Greg Dortch,BUF,LA,WR,BUF@LA,last_td,0.0034786836774336775,28647.0,0.0,0.02265,C,-,w_td 0.02; team TD 2.86,1.0,
Greg Dortch,BUF,LA,WR,BUF@LA,2plus_td,0.0001,999900.0,0.0,0.02265,C,-,w_td 0.02; team TD 2.86,1.0,
Frank Gore Jr.,BUF,LA,RB,BUF@LA,anytime_td,0.0429,2231.0,0.03835,0.0051,C,-,w_td 0.03; team TD 2.86,1.0,
Frank Gore Jr.,BUF,LA,RB,BUF@LA,first_td,0.0067650014568764565,14682.0,0.03835,0.0051,C,-,w_td 0.03; team TD 2.86,1.0,
Frank Gore Jr.,BUF,LA,RB,BUF@LA,last_td,0.0067650014568764565,14682.0,0.03835,0.0051,C,-,w_td 0.03; team TD 2.86,1.0,
Frank Gore Jr.,BUF,LA,RB,BUF@LA,2plus_td,0.00055,181718.0,0.03835,0.0051,C,-,w_td 0.03; team TD 2.86,1.0,
Jackson Hawes,BUF,LA,TE,BUF@LA,anytime_td,0.0218,4487.0,0.0,0.0221,C,-,w_td 0.02; team TD 2.86,1.0,
Jackson Hawes,BUF,LA,TE,BUF@LA,first_td,0.003431100704850705,29045.0,0.0,0.0221,C,-,w_td 0.02; team TD 2.86,1.0,
Jackson Hawes,BUF,LA,TE,BUF@LA,last_td,0.003431100704850705,29045.0,0.0,0.0221,C,-,w_td 0.02; team TD 2.86,1.0,
Jackson Hawes,BUF,LA,TE,BUF@LA,2plus_td,0.0003,333233.0,0.0,0.0221,C,-,w_td 0.02; team TD 2.86,1.0,
Ty Johnson,BUF,LA,RB,BUF@LA,anytime_td,0.19365,416.0,0.09765,0.11555,C,-,tgt_sh 7.9%; team att 31.4; opp DvP 1.09; RZ tgt 1; car_sh 9.5%; team rush 27.1; opp d_ypc 0.97; inside-10 car 0,1.0,
Ty Johnson,BUF,LA,RB,BUF@LA,first_td,0.032973213453213454,2933.0,0.09765,0.11555,C,-,tgt_sh 7.9%; team att 31.4; opp DvP 1.09; RZ tgt 1; car_sh 9.5%; team rush 27.1; opp d_ypc 0.97; inside-10 car 0,1.0,
Ty Johnson,BUF,LA,RB,BUF@LA,last_td,0.032973213453213454,2933.0,0.09765,0.11555,C,-,tgt_sh 7.9%; team att 31.4; opp DvP 1.09; RZ tgt 1; car_sh 9.5%; team rush 27.1; opp d_ypc 0.97; inside-10 car 0,1.0,
Ty Johnson,BUF,LA,RB,BUF@LA,2plus_td,0.0184,5335.0,0.09765,0.11555,C,-,tgt_sh 7.9%; team att 31.4; opp DvP 1.09; RZ tgt 1; car_sh 9.5%; team rush 27.1; opp d_ypc 0.97; inside-10 car 0,1.0,
Dalton Kincaid,BUF,LA,TE,BUF@LA,anytime_td,0.17725,464.0,0.0,0.194,B,-,tgt_sh 16.2%; team att 31.4; opp DvP 0.94; RZ tgt 1,1.0,
Dalton Kincaid,BUF,LA,TE,BUF@LA,first_td,0.02967436813186813,3270.0,0.0,0.194,B,-,tgt_sh 16.2%; team att 31.4; opp DvP 0.94; RZ tgt 1,1.0,
Dalton Kincaid,BUF,LA,TE,BUF@LA,last_td,0.02967436813186813,3270.0,0.0,0.194,B,-,tgt_sh 16.2%; team att 31.4; opp DvP 0.94; RZ tgt 1,1.0,
Dalton Kincaid,BUF,LA,TE,BUF@LA,2plus_td,0.01595,6170.0,0.0,0.194,B,-,tgt_sh 16.2%; team att 31.4; opp DvP 0.94; RZ tgt 1,1.0,
Dawson Knox,BUF,LA,TE,BUF@LA,anytime_td,0.11015,808.0,0.0068,0.11005,C,-,tgt_sh 5.8%; team att 31.4; opp DvP 0.94; RZ tgt 2,1.0,
Dawson Knox,BUF,LA,TE,BUF@LA,first_td,0.01818078157953158,5400.0,0.0068,0.11005,C,-,tgt_sh 5.8%; team att 31.4; opp DvP 0.94; RZ tgt 2,1.0,
Dawson Knox,BUF,LA,TE,BUF@LA,last_td,0.01818078157953158,5400.0,0.0068,0.11005,C,-,tgt_sh 5.8%; team att 31.4; opp DvP 0.94; RZ tgt 2,1.0,
Dawson Knox,BUF,LA,TE,BUF@LA,2plus_td,0.0064,15525.0,0.0068,0.11005,C,-,tgt_sh 5.8%; team att 31.4; opp DvP 0.94; RZ tgt 2,1.0,
DJ Moore,BUF,LA,WR,BUF@LA,anytime_td,0.23505,325.0,0.0139,0.25075,B,-,tgt_sh 16.0%; team att 31.4; opp DvP 1.09; RZ tgt 3,1.0,
DJ Moore,BUF,LA,WR,BUF@LA,first_td,0.040707747044622045,2357.0,0.0139,0.25075,B,-,tgt_sh 16.0%; team att 31.4; opp DvP 1.09; RZ tgt 3,1.0,
DJ Moore,BUF,LA,WR,BUF@LA,last_td,0.040707747044622045,2357.0,0.0139,0.25075,B,-,tgt_sh 16.0%; team att 31.4; opp DvP 1.09; RZ tgt 3,1.0,
DJ Moore,BUF,LA,WR,BUF@LA,2plus_td,0.0278,3497.0,0.0139,0.25075,B,-,tgt_sh 16.0%; team att 31.4; opp DvP 1.09; RZ tgt 3,1.0,
Josh Palmer,BUF,LA,WR,BUF@LA,anytime_td,0.08345,1098.0,0.0,0.0864,C,-,tgt_sh 7.5%; team att 31.4; opp DvP 1.09; RZ tgt 0,1.0,
Josh Palmer,BUF,LA,WR,BUF@LA,first_td,0.013227289446664446,7460.0,0.0,0.0864,C,-,tgt_sh 7.5%; team att 31.4; opp DvP 1.09; RZ tgt 0,1.0,
Josh Palmer,BUF,LA,WR,BUF@LA,last_td,0.013227289446664446,7460.0,0.0,0.0864,C,-,tgt_sh 7.5%; team att 31.4; opp DvP 1.09; RZ tgt 0,1.0,
Josh Palmer,BUF,LA,WR,BUF@LA,2plus_td,0.0029,34383.0,0.0,0.0864,C,-,tgt_sh 7.5%; team att 31.4; opp DvP 1.09; RZ tgt 0,1.0,
Khalil Shakir,BUF,LA,WR,BUF@LA,anytime_td,0.29845,235.0,0.0,0.3481,B,-,tgt_sh 19.0%; team att 31.4; opp DvP 1.09; RZ tgt 5,1.0,
Khalil Shakir,BUF,LA,WR,BUF@LA,first_td,0.05324672355422356,1778.0,0.0,0.3481,B,-,tgt_sh 19.0%; team att 31.4; opp DvP 1.09; RZ tgt 5,1.0,
Khalil Shakir,BUF,LA,WR,BUF@LA,last_td,0.05324672355422356,1778.0,0.0,0.3481,B,-,tgt_sh 19.0%; team att 31.4; opp DvP 1.09; RZ tgt 5,1.0,
Khalil Shakir,BUF,LA,WR,BUF@LA,2plus_td,0.04535,2105.0,0.0,0.3481,B,-,tgt_sh 19.0%; team att 31.4; opp DvP 1.09; RZ tgt 5,1.0,
Matthew Stafford,LA,BUF,QB,BUF@LA,anytime_td,0.09035,1007.0,0.09455,0.0,B,-,team att 37.4; ypa 7.39; opp d_ypa 1.03; pass rate 60.0%,1.0,
Matthew Stafford,LA,BUF,QB,BUF@LA,first_td,0.014638979908979905,6731.0,0.09455,0.0,B,-,team att 37.4; ypa 7.39; opp d_ypa 1.03; pass rate 60.0%,1.0,
Matthew Stafford,LA,BUF,QB,BUF@LA,last_td,0.014638979908979905,6731.0,0.09455,0.0,B,-,team att 37.4; ypa 7.39; opp d_ypa 1.03; pass rate 60.0%,1.0,
Matthew Stafford,LA,BUF,QB,BUF@LA,2plus_td,0.0041,24290.0,0.09455,0.0,B,-,team att 37.4; ypa 7.39; opp d_ypa 1.03; pass rate 60.0%,1.0,
Davante Adams,LA,BUF,WR,BUF@LA,anytime_td,0.4342,130.0,0.0,0.55195,B,-,tgt_sh 19.9%; team att 37.4; opp DvP 0.97; RZ tgt 4,1.0,
Davante Adams,LA,BUF,WR,BUF@LA,first_td,0.08532386294261293,1072.0,0.0,0.55195,B,-,tgt_sh 19.9%; team att 37.4; opp DvP 0.97; RZ tgt 4,1.0,
Davante Adams,LA,BUF,WR,BUF@LA,last_td,0.08532386294261293,1072.0,0.0,0.55195,B,-,tgt_sh 19.9%; team att 37.4; opp DvP 0.97; RZ tgt 4,1.0,
Davante Adams,LA,BUF,WR,BUF@LA,2plus_td,0.10075,893.0,0.0,0.55195,B,-,tgt_sh 19.9%; team att 37.4; opp DvP 0.97; RZ tgt 4,1.0,
Davis Allen,LA,BUF,TE,BUF@LA,anytime_td,0.0571,1651.0,0.0,0.0587,C,-,tgt_sh 3.6%; team att 37.4; opp DvP 0.82; RZ tgt 0,1.0,
Davis Allen,LA,BUF,TE,BUF@LA,first_td,0.009115792124542124,10870.0,0.0,0.0587,C,-,tgt_sh 3.6%; team att 37.4; opp DvP 0.82; RZ tgt 0,1.0,
Davis Allen,LA,BUF,TE,BUF@LA,last_td,0.009115792124542124,10870.0,0.0,0.0587,C,-,tgt_sh 3.6%; team att 37.4; opp DvP 0.82; RZ tgt 0,1.0,
Davis Allen,LA,BUF,TE,BUF@LA,2plus_td,0.0016,62400.0,0.0,0.0587,C,-,tgt_sh 3.6%; team att 37.4; opp DvP 0.82; RZ tgt 0,1.0,
Tutu Atwell,LA,BUF,WR,BUF@LA,anytime_td,0.061,1539.0,0.0,0.0622,C,-,tgt_sh 3.2%; team att 37.4; opp DvP 0.97; RZ tgt 0,1.0,
Tutu Atwell,LA,BUF,WR,BUF@LA,first_td,0.009596705516705516,10320.0,0.0,0.0622,C,-,tgt_sh 3.2%; team att 37.4; opp DvP 0.97; RZ tgt 0,1.0,
Tutu Atwell,LA,BUF,WR,BUF@LA,last_td,0.009596705516705516,10320.0,0.0,0.0622,C,-,tgt_sh 3.2%; team att 37.4; opp DvP 0.97; RZ tgt 0,1.0,
Tutu Atwell,LA,BUF,WR,BUF@LA,2plus_td,0.00115,86857.0,0.0,0.0622,C,-,tgt_sh 3.2%; team att 37.4; opp DvP 0.97; RZ tgt 0,1.0,
Blake Corum,LA,BUF,RB,BUF@LA,anytime_td,0.31625,216.0,0.27925,0.0915,B,-,car_sh 26.6%; team rush 26.0; opp d_ypc 0.98; inside-10 car 0,1.0,
Blake Corum,LA,BUF,RB,BUF@LA,first_td,0.05809261648074148,1621.0,0.27925,0.0915,B,-,car_sh 26.6%; team rush 26.0; opp d_ypc 0.98; inside-10 car 0,1.0,
Blake Corum,LA,BUF,RB,BUF@LA,last_td,0.05809261648074148,1621.0,0.27925,0.0915,B,-,car_sh 26.6%; team rush 26.0; opp d_ypc 0.98; inside-10 car 0,1.0,
Blake Corum,LA,BUF,RB,BUF@LA,2plus_td,0.0499,1904.0,0.27925,0.0915,B,-,car_sh 26.6%; team rush 26.0; opp d_ypc 0.98; inside-10 car 0,1.0,
Tyler Higbee,LA,BUF,TE,BUF@LA,anytime_td,0.21235,371.0,0.0,0.2369,B,-,tgt_sh 9.3%; team att 37.4; opp DvP 0.82; RZ tgt 2,1.0,
Tyler Higbee,LA,BUF,TE,BUF@LA,first_td,0.037051168137418135,2599.0,0.0,0.2369,B,-,tgt_sh 9.3%; team att 37.4; opp DvP 0.82; RZ tgt 2,1.0,
Tyler Higbee,LA,BUF,TE,BUF@LA,last_td,0.037051168137418135,2599.0,0.0,0.2369,B,-,tgt_sh 9.3%; team att 37.4; opp DvP 0.82; RZ tgt 2,1.0,
Tyler Higbee,LA,BUF,TE,BUF@LA,2plus_td,0.02305,4238.0,0.0,0.2369,B,-,tgt_sh 9.3%; team att 37.4; opp DvP 0.82; RZ tgt 2,1.0,
Konata Mumpfield,LA,BUF,WR,BUF@LA,anytime_td,0.1234,710.0,0.0,0.13105,C,-,tgt_sh 4.9%; team att 37.4; opp DvP 0.97; RZ tgt 1,1.0,
Konata Mumpfield,LA,BUF,WR,BUF@LA,first_td,0.020173526334776336,4857.0,0.0,0.13105,C,-,tgt_sh 4.9%; team att 37.4; opp DvP 0.97; RZ tgt 1,1.0,
Konata Mumpfield,LA,BUF,WR,BUF@LA,last_td,0.020173526334776336,4857.0,0.0,0.13105,C,-,tgt_sh 4.9%; team att 37.4; opp DvP 0.97; RZ tgt 1,1.0,
Konata Mumpfield,LA,BUF,WR,BUF@LA,2plus_td,0.00745,13323.0,0.0,0.13105,C,-,tgt_sh 4.9%; team att 37.4; opp DvP 0.97; RZ tgt 1,1.0,
Puka Nacua,LA,BUF,WR,BUF@LA,anytime_td,0.42065,138.0,0.04475,0.48565,B,-,tgt_sh 23.5%; team att 37.4; opp DvP 0.97; RZ tgt 1,1.0,
Puka Nacua,LA,BUF,WR,BUF@LA,first_td,0.08209715139027639,1118.0,0.04475,0.48565,B,-,tgt_sh 23.5%; team att 37.4; opp DvP 0.97; RZ tgt 1,1.0,
Puka Nacua,LA,BUF,WR,BUF@LA,last_td,0.08209715139027639,1118.0,0.04475,0.48565,B,-,tgt_sh 23.5%; team att 37.4; opp DvP 0.97; RZ tgt 1,1.0,
Puka Nacua,LA,BUF,WR,BUF@LA,2plus_td,0.0947,956.0,0.04475,0.48565,B,-,tgt_sh 23.5%; team att 37.4; opp DvP 0.97; RZ tgt 1,1.0,
Colby Parkinson,LA,BUF,TE,BUF@LA,anytime_td,0.1664,501.0,0.0,0.17965,C,-,tgt_sh 5.7%; team att 37.4; opp DvP 0.82; RZ tgt 2,1.0,
Colby Parkinson,LA,BUF,TE,BUF@LA,first_td,0.028046934801309806,3465.0,0.0,0.17965,C,-,tgt_sh 5.7%; team att 37.4; opp DvP 0.82; RZ tgt 2,1.0,
Colby Parkinson,LA,BUF,TE,BUF@LA,last_td,0.028046934801309806,3465.0,0.0,0.17965,C,-,tgt_sh 5.7%; team att 37.4; opp DvP 0.82; RZ tgt 2,1.0,
Colby Parkinson,LA,BUF,TE,BUF@LA,2plus_td,0.01265,7805.0,0.0,0.17965,C,-,tgt_sh 5.7%; team att 37.4; opp DvP 0.82; RZ tgt 2,1.0,
Jordan Whittington,LA,BUF,WR,BUF@LA,anytime_td,0.0548,1725.0,0.0,0.05605,C,-,w_td 0.02; team TD 3.34,1.0,
Jordan Whittington,LA,BUF,WR,BUF@LA,first_td,0.008684395812520814,11415.0,0.0,0.05605,C,-,w_td 0.02; team TD 3.34,1.0,
Jordan Whittington,LA,BUF,WR,BUF@LA,last_td,0.008684395812520814,11415.0,0.0,0.05605,C,-,w_td 0.02; team TD 3.34,1.0,
Jordan Whittington,LA,BUF,WR,BUF@LA,2plus_td,0.00125,79900.0,0.0,0.05605,C,-,w_td 0.02; team TD 3.34,1.0,
Kyren Williams,LA,BUF,RB,BUF@LA,anytime_td,0.6416,-179.0,0.71425,0.2679,B,-,tgt_sh 10.0%; team att 37.4; opp DvP 0.89; RZ tgt 2; car_sh 47.9%; team rush 26.0; opp d_ypc 0.98; inside-10 car 7,1.0,
Kyren Williams,LA,BUF,RB,BUF@LA,first_td,0.15420246552059053,548.0,0.71425,0.2679,B,-,tgt_sh 10.0%; team att 37.4; opp DvP 0.89; RZ tgt 2; car_sh 47.9%; team rush 26.0; opp d_ypc 0.98; inside-10 car 7,1.0,
Kyren Williams,LA,BUF,RB,BUF@LA,last_td,0.15420246552059053,548.0,0.71425,0.2679,B,-,tgt_sh 10.0%; team att 37.4; opp DvP 0.89; RZ tgt 2; car_sh 47.9%; team rush 26.0; opp d_ypc 0.98; inside-10 car 7,1.0,
Kyren Williams,LA,BUF,RB,BUF@LA,2plus_td,0.2568,289.0,0.71425,0.2679,B,-,tgt_sh 10.0%; team att 37.4; opp DvP 0.89; RZ tgt 2; car_sh 47.9%; team rush 26.0; opp d_ypc 0.98; inside-10 car 7,1.0,
