player,pos,team,opp,game,played,p_active,status,proxy,pass_cmp_mean,pass_cmp_p25,pass_cmp_p75,pass_cmp_conf,pass_yds_mean,pass_yds_p25,pass_yds_p75,pass_yds_conf,pass_td_mean,pass_td_p25,pass_td_p75,pass_td_conf,rush_td_mean,any_td_pct,exp_td,td_conf,rush_yds_mean,rush_yds_p25,rush_yds_p75,rush_yds_conf,rec_yds_mean,rec_yds_p25,rec_yds_p75,rec_yds_conf,rec_mean,rec_p25,rec_p75,rec_conf,rec_td_mean,rush_att_mean,tgt_mean,car_sh,tgt_sh,any_td_pct_wt
Jalon Daniels,QB,TB,DAL,TB@DAL,False,1.0,,False,22.8562,20.0,26.0,63.0,250.69856615711916,192.14319232996735,298.3612287598398,58.0,1.11635,0.0,2.0,17.0,0.0937,0.0891,0.0937,30,,,,,,,,,,,,,,,,,,0.0891
Payne Durham,TE,TB,DAL,TB@DAL,False,1.0,,False,,,,,,,,,,,,,0.0,0.0084,0.0084,1,0.0,0.0,0.0,61.0,2.4901662316933906,0.0,0.0,61.0,0.23945,0.0,0.0,61.0,0.0084,0.0,0.3472,0.003287353969414842,0.009318311268794476,0.0084
Emeka Egbuka,WR,TB,DAL,TB@DAL,False,1.0,,False,,,,,,,,,,,,,0.0052,0.20585,0.22755,52,0.9110212439332085,0.0,0.0,93.0,54.22911657139857,27.05819466563364,74.00308105468963,67.0,4.14175,3.0,5.0,78.0,0.22235,0.19205,6.8975,0.007670492595301297,0.20209923074861524,0.20585
Kenny Gainwell,RB,TB,DAL,TB@DAL,False,1.0,,False,,,,,,,,,,,,,0.0963,0.20505,0.22625,45,15.9554717141282,5.286541886624117,21.966199504080564,50.0,17.989009891652564,5.830964720461223,26.055721671744415,47.0,2.38595,1.0,3.0,56.0,0.12995,3.68245,3.13255,0.14945060347026437,0.09088058916832992,0.20505
Chris Godwin Jr.,WR,TB,DAL,TB@DAL,False,1.0,,False,,,,,,,,,,,,,0.00815,0.1214,0.12915,27,1.5556787481645227,0.0,0.0,84.0,38.08717787866716,16.987259855190658,53.082927842687475,56.0,3.41225,2.0,5.0,58.0,0.121,0.3218,5.1894,0.013149415877659368,0.15223889395602858,0.1214
Ted Hurst III,WR,TB,DAL,TB@DAL,False,1.0,,False,,,,,,,,,,,,,0.0,0.12785,0.1356,35,0.0,0.0,0.0,82.0,35.13797667965811,12.642538585831389,50.6271729695805,49.0,2.55115,1.0,4.0,46.0,0.1356,0.0,4.0999,0.003287353969414842,0.12114458694794951,0.12785
Bucky Irving,RB,TB,DAL,TB@DAL,False,1.0,,False,,,,,,,,,,,,,0.36635,0.4199,0.52855,81,62.47718237981058,40.994575872876126,79.1621952019928,76.0,22.244455093807833,8.40282549485392,31.93459265409245,62.0,2.81705,1.0,4.0,62.0,0.1622,13.0451,3.6292,0.5290940125963268,0.10557880874949259,0.4199
Kameron Johnson,WR,TB,DAL,TB@DAL,False,1.0,,False,,,,,,,,,,,,,0.0,0.0153,0.01535,3,0.0,0.0,0.0,63.0,5.233254856439725,0.0,5.477292599740055,31.0,0.4083,0.0,1.0,3.0,0.01535,0.0,0.6463,0.003287353969414842,0.018780290334762667,0.0153
Tez Johnson,WR,TB,DAL,TB@DAL,False,1.0,,False,,,,,,,,,,,,,0.00875,0.09815,0.1026,24,1.4925575318449649,0.0,0.0,72.0,19.113974548168063,0.0,29.192948126335022,26.0,1.4326,0.0,2.0,30.0,0.09385,0.30615,2.3127,0.012301066466197472,0.06821727053543897,0.09815
Ko Kieft,TE,TB,DAL,TB@DAL,False,0.9479829842591244,Full,False,,,,,,,,,,,,,0.0,0.00585257829800696,0.00585257829800696,1,0.0,0.0,0.0,57.0,1.6566090040052164,0.0,0.0,57.0,0.1578614362543499,0.0,0.0,57.0,0.00585257829800696,0.0,0.22672150163450386,0.0038352462976506485,0.005904605486318371,0.005548144640554825
Cade Otton,TE,TB,DAL,TB@DAL,False,1.0,,False,,,,,,,,,,,,,0.0,0.1876,0.20535,45,0.0,0.0,0.0,91.0,50.07517684879934,26.70786269936866,67.47062563033835,67.0,4.81285,3.0,6.0,73.0,0.20535,0.0,6.96365,0.003287353969414842,0.184557216811812,0.1876
Bauer Sharp,TE,TB,DAL,TB@DAL,False,1.0,,False,,,,,,,,,,,,,0.0,0.00365,0.00365,1,0.0,0.0,0.0,60.0,1.0964803037706605,0.0,0.0,60.0,0.1017,0.0,0.0,60.0,0.00365,0.0,0.1471,0.003287353969414842,0.0038560688890242425,0.00365
Sean Tucker,RB,TB,DAL,TB@DAL,False,1.0,,False,,,,,,,,,,,,,0.0625,0.067,0.06875,18,6.267865182207925,0.0,8.642960094628553,20.0,1.7485222898228556,0.0,0.0,62.0,0.2205,0.0,0.0,62.0,0.00625,1.3434,0.2889,0.05437529994803188,0.008240622121029903,0.067
Josh Williams,RB,TB,DAL,TB@DAL,False,1.0,,False,,,,,,,,,,,,,0.0,0.00335,0.00335,1,0.0,0.0,0.0,60.0,0.8450059105997608,0.0,0.0,60.0,0.109,0.0,0.0,60.0,0.00335,0.0,0.146,0.0037781466713654385,0.004279524024042941,0.00335
Dak Prescott,QB,DAL,TB,TB@DAL,False,1.0,,False,22.2941,19.0,25.0,92.0,228.9227161953239,172.56209848558618,273.73199091108194,87.0,1.9127,1.0,3.0,69.0,0.12415,0.11685,0.12415,62,,,,,,,,,,,,,,,,,,0.11685
Emari Demercado,RB,DAL,TB,TB@DAL,False,1.0,,False,,,,,,,,,,,,,0.11145,0.12865,0.1366,9,12.79735041660705,3.4398408536085237,17.430914099072794,30.0,2.873953429267338,0.0,2.978328709293386,32.0,0.41955,0.0,1.0,3.0,0.02515,3.16025,0.5439,0.12353996795378273,0.015791255399411376,0.12865
Jake Ferguson,TE,DAL,TB,TB@DAL,False,1.0,,False,,,,,,,,,,,,,0.0,0.26155,0.3003,48,0.0,0.0,0.0,84.0,27.68870287477119,11.733062390148152,38.46856253578062,55.0,3.2912,2.0,4.0,66.0,0.3003,0.0,4.4193,0.003240218807938776,0.12569182489849864,0.26155
Ryan Flournoy,WR,DAL,TB,TB@DAL,False,1.0,,False,,,,,,,,,,,,,0.0,0.2905,0.3394,68,0.0,0.0,0.0,97.0,31.689167297783715,13.210330906944579,44.77151782371367,67.0,3.1612,2.0,4.0,78.0,0.3394,0.0,4.763,0.003240218807938776,0.1344436003442413,0.2905
Tyler Goodson,RB,DAL,TB,TB@DAL,False,0.9508674235277402,Full,False,,,,,,,,,,,,,0.13300414981352104,0.15154698744550088,0.1629458423070862,13,14.33612111047386,4.448564658682077,19.239908443158562,34.0,3.7981790103441098,0.0,5.285914420220469,24.0,0.5624310553133371,0.0,1.0,13.0,0.029941692493565163,3.754635709407995,0.7200189105426276,0.14611655240725888,0.021125895223643984,0.14410109349569422
CeeDee Lamb,WR,DAL,TB,TB@DAL,False,0.9479829842591244,Full,False,,,,,,,,,,,,,0.010941034138130556,0.43243385408447743,0.5477355215401609,73,1.3501450320664221,0.0,0.0,95.0,77.67822806275312,45.14704480861438,101.5492663181692,74.0,6.274262269212561,4.0,8.0,77.0,0.5367944874020304,0.35484719372994583,9.062542738414603,0.013560915751743766,0.2609931179496327,0.40993993548967766
Hunter Luepke,RB,DAL,TB,TB@DAL,False,1.0,,False,,,,,,,,,,,,,0.0272,0.04585,0.0467,3,2.9944915011686453,0.0,3.3556642498316034,29.0,2.4113741446301216,0.0,1.4395633930070808,45.0,0.3551,0.0,1.0,3.0,0.0195,0.7618,0.4565,0.029764246203682,0.013164480316647386,0.04585
Jonathan Mingo,WR,DAL,TB,TB@DAL,False,0.4981574884199691,Questionable; DNP,False,,,,,,,,,,,,,0.0,0.028943415122684026,0.02954431647471207,3,0.0,0.0,0.0,32.0,5.53328408689581,0.0,7.099013330118953,13.0,0.48062093139709566,0.0,1.0,2.0,0.02954431647471207,0.0,0.7394091136705058,0.003240218807938776,0.022145294618225557,0.014418378983812825
George Pickens,WR,DAL,TB,TB@DAL,False,1.0,,False,,,,,,,,,,,,,0.0,0.32135,0.38145,60,0.0,0.0,0.0,97.0,59.23682332562838,30.874599503068236,80.43824564224539,75.0,4.79845,3.0,6.0,81.0,0.38145,0.0,7.2121,0.003240218807938776,0.20243366466953672,0.32135
Luke Schoonmaker,TE,DAL,TB,TB@DAL,False,1.0,,False,,,,,,,,,,,,,0.0,0.03195,0.0323,4,0.0,0.0,0.0,63.0,5.123376563560086,0.0,7.0287743573059815,22.0,0.55325,0.0,1.0,9.0,0.0323,0.0,0.79725,0.003240218807938776,0.02232006296428136,0.03195
Brevyn Spann-Ford,TE,DAL,TB,TB@DAL,False,1.0,,False,,,,,,,,,,,,,0.0,0.04365,0.04455,7,0.0,0.0,0.0,66.0,7.558592286205203,0.0,11.570898069159703,20.0,0.81215,0.0,1.0,29.0,0.04455,0.0,1.1314,0.003240218807938776,0.0319694367618813,0.04365
KaVontae Turpin,WR,DAL,TB,TB@DAL,False,1.0,,False,,,,,,,,,,,,,0.03025,0.1099,0.11695,22,1.2012406484177847,0.0,0.0,65.0,12.118011389402119,0.0,18.474155499296987,19.0,0.97345,0.0,2.0,5.0,0.0867,0.30245,1.4645,0.011983666384916422,0.04116689372648019,0.1099
Javonte Williams,RB,DAL,TB,TB@DAL,False,1.0,,False,,,,,,,,,,,,,0.79385,0.6613,1.019,85,53.35004350361761,32.73935999493756,68.46429140325164,80.0,16.563349280070728,6.214324125262769,23.617201602801167,68.0,2.8027,1.0,4.0,68.0,0.22515,14.5108,3.6673,0.5633079993770369,0.10518415146505598,0.6613
Jalen Hurts,QB,PHI,JAX,PHI@JAX,False,1.0,,False,18.7808,16.0,21.0,92.0,220.66367659407538,167.3274259553352,263.70772765210614,87.0,1.11795,0.0,2.0,46.0,0.16115,0.14955,0.16115,62,,,,,,,,,,,,,,,,,,0.14955
Saquon Barkley,RB,PHI,JAX,PHI@JAX,False,1.0,,False,,,,,,,,,,,,,0.26825,0.2819,0.3265,64,61.99736315621282,40.74175641526443,78.04795067070381,75.0,11.650105698347932,0.0,17.554533123485932,48.0,1.5254,0.0,2.0,54.0,0.05825,14.9566,2.14195,0.43262906816732555,0.06458804284306881,0.2819
Marquise Brown,WR,PHI,JAX,PHI@JAX,False,1.0,,False,,,,,,,,,,,,,0.0098,0.0589,0.0602,1,2.376779278635319,0.0,2.1022794744115387,33.0,14.050266273553515,0.0,21.831949855951517,13.0,1.0768,0.0,2.0,4.0,0.0504,0.6122,1.77595,0.01764017293992938,0.05272041830836792,0.0589
Darius Cooper,WR,PHI,JAX,PHI@JAX,False,1.0,,False,,,,,,,,,,,,,0.0,0.1272,0.1347,40,0.0,0.0,0.0,76.0,12.806608760678053,0.0,19.76634278801366,30.0,0.9773,0.0,2.0,16.0,0.1347,0.0,1.61585,0.003269221239832472,0.048662373019196126,0.1272
Britain Covey,WR,PHI,JAX,PHI@JAX,False,1.0,,False,,,,,,,,,,,,,0.0,0.00555,0.0056,1,0.0,0.0,0.0,60.0,1.6926817448670273,0.0,0.0,60.0,0.12865,0.0,0.0,60.0,0.0056,0.0,0.2083,0.003269221239832472,0.006044617612485444,0.00555
Zach Ertz,TE,PHI,JAX,PHI@JAX,False,1.0,,False,,,,,,,,,,,,,0.0,0.1136,0.11965,14,0.0,0.0,0.0,68.0,25.217987214927973,8.406056358162141,36.67843557067774,34.0,2.38715,1.0,3.0,43.0,0.11965,0.0,3.63855,0.004576909735765461,0.11998560182124589,0.1136
Dallas Goedert,TE,PHI,JAX,PHI@JAX,False,1.0,,False,,,,,,,,,,,,,0.0,0.15155,0.16315,21,0.0,0.0,0.0,69.0,31.186605503510986,12.4517581225485,44.076217961500056,39.0,2.88145,2.0,4.0,49.0,0.16315,0.0,4.3147,0.004576909735765461,0.14248100154575033,0.15155
E.J. Jenkins,TE,PHI,JAX,PHI@JAX,False,1.0,,False,,,,,,,,,,,,,0.0,0.00195,0.00195,1,0.0,0.0,0.0,60.0,0.6091394456950584,0.0,0.0,60.0,0.05655,0.0,0.0,60.0,0.00195,0.0,0.0868,0.003269221239832472,0.002908121407983334,0.00195
Makai Lemon,WR,PHI,JAX,PHI@JAX,False,1.0,,False,,,,,,,,,,,,,0.00365,0.11155,0.1188,26,0.8890185985283311,0.0,0.0,84.0,28.6556677253677,10.144821784607895,41.15601961029613,52.0,2.46715,1.0,3.0,60.0,0.11515,0.228,4.05215,0.00667466003132463,0.12135280513193081,0.11155
Johnny Mundt,TE,PHI,JAX,PHI@JAX,False,1.0,,False,,,,,,,,,,,,,0.0,0.02085,0.0211,7,0.0,0.0,0.0,66.0,5.273365966850526,0.0,7.1753241668055985,26.0,0.50635,0.0,1.0,7.0,0.0211,0.0,0.7666,0.003269221239832472,0.025509007502868688,0.02085
Will Shipley,RB,PHI,JAX,PHI@JAX,False,1.0,,False,,,,,,,,,,,,,0.0884,0.11245,0.1183,58,13.14513071923716,3.7153304702157968,17.52818321587396,46.0,6.437735363664845,0.0,9.936819124123863,32.0,0.8224,0.0,1.0,42.0,0.0299,3.55555,1.1511,0.10242081262595748,0.03475311081167535,0.11245
DeVonta Smith,WR,PHI,JAX,PHI@JAX,False,1.0,,False,,,,,,,,,,,,,0.0,0.22925,0.2564,55,0.0,0.0,0.0,97.0,60.76999979039705,32.19620537995294,81.77102967774964,76.0,4.5737,3.0,6.0,80.0,0.2564,0.0,7.36865,0.0038140914464712176,0.2196699014943888,0.22925
Dontayvion Wicks,WR,PHI,JAX,PHI@JAX,False,1.0,,False,,,,,,,,,,,,,0.0,0.19475,0.2158,57,0.0,0.0,0.0,92.0,38.07071154654897,14.616234754752044,54.13616242164739,61.0,2.70875,1.0,4.0,59.0,0.2158,0.0,4.49615,0.003269221239832472,0.13463464780074746,0.19475
Trevor Lawrence,QB,JAX,PHI,PHI@JAX,False,1.0,,False,17.9963,15.0,21.0,90.0,201.40814212322522,150.69241067297926,242.7755577237865,86.0,1.44065,1.0,2.0,79.0,0.09925,0.09565,0.09925,62,,,,,,,,,,,,,,,,,,0.09565
Ameer Abdullah,RB,JAX,PHI,PHI@JAX,False,1.0,,False,,,,,,,,,,,,,0.06,0.11285,0.11885,17,8.778829888806902,0.6880037884849204,12.072378523101285,32.0,4.744210813624258,0.0,7.065593965652433,26.0,0.6639,0.0,1.0,25.0,0.05885,2.02265,0.8816,0.06508261724990548,0.031296401557482964,0.11285
LeQuint Allen Jr.,RB,JAX,PHI,PHI@JAX,False,0.9508674235277402,Full,False,,,,,,,,,,,,,0.010540184453227932,0.061343873517786564,0.06361001317523057,9,1.3987794029337641,0.0,0.0,61.0,3.6697673707721297,0.0,4.997498880797328,22.0,0.5129907773386034,0.0,1.0,5.0,0.05306982872200264,0.32922266139657447,0.6813702239789197,0.010772790204745926,0.023793769772415523,0.05832989096106928
Nate Boerkircher,TE,JAX,PHI,PHI@JAX,False,1.0,,False,,,,,,,,,,,,,0.0,0.0612,0.063,13,0.0,0.0,0.0,66.0,7.0160739993440195,0.0,10.627999064897185,21.0,0.7179,0.0,1.0,25.0,0.063,0.0,1.0513,0.0033053015952202052,0.03738291875188893,0.0612
Josh Cameron,WR,JAX,PHI,PHI@JAX,False,1.0,,False,,,,,,,,,,,,,0.0,0.1162,0.12335,22,0.0,0.0,0.0,70.0,14.121878728930541,0.0,21.724531272827374,23.0,1.13585,0.0,2.0,17.0,0.12335,0.0,1.7591,0.0033053015952202052,0.05783646588478995,0.1162
Jakobi Meyers,WR,JAX,PHI,PHI@JAX,False,0.9479829842591244,Full,False,,,,,,,,,,,,,0.006070844111281212,0.2556089320593359,0.29087261785356067,41,0.8656504436274671,0.0,0.0,80.0,41.66338674232459,19.358088429243764,57.44226022240165,54.0,3.582061975399884,2.0,5.0,56.0,0.2848017737422795,0.20962888665997995,5.435464287599641,0.006748324090241252,0.1803647262275648,0.24231291821689702
Quintin Morris,TE,JAX,PHI,PHI@JAX,False,1.0,,False,,,,,,,,,,,,,0.0,0.0249,0.02525,4,0.0,0.0,0.0,63.0,4.34901599983351,0.0,5.213649868013727,27.0,0.45115,0.0,1.0,3.0,0.02525,0.0,0.65245,0.0033053015952202052,0.02305625794337751,0.0249
Chris Rodriguez Jr.,RB,JAX,PHI,PHI@JAX,False,1.0,,False,,,,,,,,,,,,,0.32725,0.2853,0.33195,52,32.28901796267663,16.232280143862333,43.13570400568658,52.0,0.6896263291834216,0.0,0.0,77.0,0.0974,0.0,0.0,77.0,0.0047,7.42145,0.12865,0.237229681979755,0.004562918953128341,0.2853
Brenton Strange,TE,JAX,PHI,PHI@JAX,False,1.0,,False,,,,,,,,,,,,,0.0,0.2227,0.2498,43,0.0,0.0,0.0,89.0,38.86118999175844,18.345274512778452,53.73063267145968,61.0,3.82075,2.0,5.0,65.0,0.2498,0.0,5.4186,0.0033053015952202052,0.1920058349909452,0.2227
Brian Thomas Jr.,WR,JAX,PHI,PHI@JAX,False,1.0,,False,,,,,,,,,,,,,0.0,0.19315,0.21115,30,0.0,0.0,0.0,82.0,36.82159863803832,14.793593168038752,51.693836744400805,52.0,2.91465,2.0,4.0,62.0,0.21115,0.0,4.81465,0.0033053015952202052,0.15772406346721526,0.19315
Bhayshul Tuten,RB,JAX,PHI,PHI@JAX,False,1.0,,False,,,,,,,,,,,,,0.54545,0.47815,0.6336,85,65.53651183915365,43.21933980658393,82.63876612347227,82.0,9.132899370276892,0.0,13.949788128642414,54.0,1.26915,0.0,2.0,53.0,0.08815,14.6073,1.6739,0.4677057200951923,0.057852987238084366,0.47815
Parker Washington,WR,JAX,PHI,PHI@JAX,False,1.0,,False,,,,,,,,,,,,,0.0068,0.31,0.36245,66,1.0370265550230064,0.0,0.0,97.0,55.54367386272309,28.06775860275621,75.09909828922704,75.0,4.17265,3.0,5.0,86.0,0.35565,0.2334,6.6972,0.007385920848578482,0.2195184884027325,0.31
Tyson Bagent,QB,CHI,GB,CHI@GB,False,1.0,,False,20.0287,17.0,23.0,67.0,218.26491897862508,164.6608740676746,261.37310510148285,63.0,1.1434,0.0,2.0,23.0,0.30185,0.25355,0.30185,35,,,,,,,,,,,,,,,,,,0.25355
Luther Burden III,WR,CHI,GB,CHI@GB,False,1.0,,False,,,,,,,,,,,,,0.01725,0.24725,0.28115,76,2.9711025177516097,0.0,2.260375648610862,71.0,48.58570384603253,24.241208700575612,66.50683344803235,68.0,4.13425,3.0,5.0,79.0,0.2639,0.6392,6.1436,0.010494882669346561,0.19078742471437515,0.24725
Kaden Davis,WR,CHI,GB,CHI@GB,False,1.0,,False,,,,,,,,,,,,,0.0,0.00795,0.00795,1,0.0,0.0,0.0,60.0,2.3167647073309316,0.0,0.0,60.0,0.1976,0.0,0.0,60.0,0.00795,0.0,0.306,0.005363341994079816,0.009573433962276123,0.00795
Roschon Johnson,RB,CHI,GB,CHI@GB,False,1.0,,False,,,,,,,,,,,,,0.0689,0.0886,0.09375,20,6.523523394055564,0.0,8.416712219059747,25.0,1.92428282876815,0.0,0.0,63.0,0.28035,0.0,0.0,63.0,0.02485,1.42455,0.3661,0.02354508875885919,0.011284707157814879,0.0886
Cole Kmet,TE,CHI,GB,CHI@GB,False,1.0,,False,,,,,,,,,,,,,0.0,0.056,0.05735,10,0.0,0.0,0.0,70.0,13.91943825664046,0.0,21.097242007331594,24.0,1.42415,0.0,2.0,27.0,0.05735,0.0,2.11175,0.003064766853759895,0.07042647932975149,0.056
Colston Loveland,TE,CHI,GB,CHI@GB,False,1.0,,False,,,,,,,,,,,,,0.0,0.19665,0.21745,60,0.0,0.0,0.0,84.0,33.00317746633295,14.735998696166096,45.69204092828433,56.0,3.39035,2.0,5.0,58.0,0.21745,0.0,4.87555,0.003064766853759895,0.16126204877221192,0.19665
Kyle Monangai,RB,CHI,GB,CHI@GB,False,0.5949864089398973,DNP,False,,,,,,,,,,,,,0.596210775606868,0.47906622684597816,0.6491584200287575,48,68.95581315589045,40.19951220523406,90.99291415596161,43.0,7.453455295056427,0.0,11.531097078834033,28.0,1.0644506470438975,0.0,2.0,22.0,0.05294764442188954,12.959485748118075,1.4659561870929545,0.28303593843613295,0.04656533559162238,0.28503789395547474
Rome Odunze,WR,CHI,GB,CHI@GB,False,1.0,,False,,,,,,,,,,,,,0.0,0.1796,0.1966,41,0.0,0.0,0.0,87.0,51.484207023270166,24.373876553409417,70.88857126811853,60.0,3.7583,2.0,5.0,63.0,0.1966,0.0,6.1163,0.003064766853759895,0.19009910417067508,0.1796
Kalif Raymond,WR,CHI,GB,CHI@GB,False,1.0,,False,,,,,,,,,,,,,0.0,0.18075,0.19675,56,0.0,0.0,0.0,91.0,37.34335752353453,16.801827976518425,52.20516801137751,63.0,3.42825,2.0,5.0,65.0,0.19675,0.0,4.94675,0.003064766853759895,0.15331887716269374,0.18075
Sam Roush,TE,CHI,GB,CHI@GB,False,1.0,,False,,,,,,,,,,,,,0.0,0.03965,0.0403,13,0.0,0.0,0.0,67.0,6.459325749982852,0.0,9.657373194221147,22.0,0.68265,0.0,1.0,23.0,0.0403,0.0,0.97755,0.003064766853759895,0.03251259118366673,0.03965
D'Andre Swift,RB,CHI,GB,CHI@GB,False,0.5949864089398973,DNP,False,,,,,,,,,,,,,0.7572263993316625,0.5799498746867168,0.8507101086048454,48,81.94279574298626,54.56229712577147,103.95756352788345,45.0,15.219942031500299,4.1778032439607555,22.350371991210153,35.0,2.073767752715121,1.0,3.0,39.0,0.09348370927318296,17.12456140350877,2.754970760233918,0.4219069698864568,0.08955285868227841,0.34506229330499305
Zavion Thomas,WR,CHI,GB,CHI@GB,False,1.0,,False,,,,,,,,,,,,,0.0,0.01035,0.0104,1,0.0,0.0,0.0,61.0,2.8809893768509554,0.0,0.0,61.0,0.25365,0.0,0.0,61.0,0.0104,0.0,0.3877,0.003064766853759895,0.012153866782092057,0.01035
Jahdae Walker,WR,CHI,GB,CHI@GB,False,1.0,,False,,,,,,,,,,,,,0.0,0.03635,0.0371,7,0.0,0.0,0.0,61.0,6.103982860130177,0.0,8.756328644630484,18.0,0.53955,0.0,1.0,6.0,0.0371,0.0,0.83405,0.003064766853759895,0.025826891116866826,0.03635
Jordan Love,QB,GB,CHI,CHI@GB,False,1.0,,False,19.5079,17.0,22.0,92.0,241.65685446596285,181.77616217152976,289.06263288256145,87.0,1.59645,1.0,2.0,81.0,0.0379,0.0372,0.0379,62,,,,,,,,,,,,,,,,,,0.0372
Chris Brooks,RB,GB,CHI,CHI@GB,False,0.5949864089398973,DNP,False,,,,,,,,,,,,,0.11575159022430533,0.15215935721459659,0.16253766320723134,31,15.373848114224263,4.914643156888269,21.19877799509608,27.0,7.5172195360713046,0.0,11.534193956868101,18.0,0.9815031804486106,0.0,2.0,10.0,0.04678607298292601,3.2065617676598595,1.4509541345831938,0.15953856584065562,0.03422908462649621,0.09053274953571587
Matthew Golden,WR,GB,CHI,CHI@GB,False,1.0,,False,,,,,,,,,,,,,0.0041,0.30735,0.36205,72,0.8281892480632222,0.0,0.0,97.0,58.989380943420876,29.77330828344717,80.27425542517558,74.0,4.25645,3.0,6.0,79.0,0.35795,0.1726,7.7657,0.00812262644824608,0.18819997542987954,0.30735
Kaleb Johnson,RB,GB,CHI,CHI@GB,False,1.0,,False,,,,,,,,,,,,,0.148,0.1518,0.1637,30,24.9181083526777,11.206800674484352,33.63250550471349,50.0,2.6107486864498033,0.0,1.4168909110455448,61.0,0.34705,0.0,1.0,17.0,0.0157,5.5027,0.51625,0.253271826831261,0.012013840949086021,0.1518
Tucker Kraft,TE,GB,CHI,CHI@GB,False,1.0,,False,,,,,,,,,,,,,0.0162,0.2865,0.33165,70,0.8175702784086653,0.0,0.0,97.0,51.19816952834589,26.054176775367768,69.23355192986529,73.0,4.4853,3.0,6.0,78.0,0.31545,0.17365,7.24185,0.00812262644824608,0.18331362184689942,0.2865
MarShawn Lloyd,RB,GB,CHI,CHI@GB,False,1.0,,False,,,,,,,,,,,,,0.28745,0.36895,0.44785,82,41.35969643398782,23.69081056888534,53.35938553944109,73.0,13.64947396651227,2.59203073919397,20.480073878372398,55.0,1.82985,1.0,3.0,62.0,0.1604,10.00735,2.698,0.4635748829249969,0.06274155331360505,0.36895
Bo Melton,WR,GB,CHI,CHI@GB,False,1.0,,False,,,,,,,,,,,,,0.0,0.0425,0.043,7,0.0,0.0,0.0,66.0,9.000261302734756,0.0,13.625555301211023,21.0,0.71035,0.0,1.0,24.0,0.043,0.0,1.2687,0.0034811256206768917,0.031053572215054115,0.0425
J. Michael Sturdivant,WR,GB,CHI,CHI@GB,False,1.0,,False,,,,,,,,,,,,,0.0,0.03415,0.0347,7,0.0,0.0,0.0,66.0,7.45096651258609,0.0,11.049979744232651,22.0,0.60305,0.0,1.0,17.0,0.0347,0.0,1.0702,0.00406131322412304,0.025922737281007118,0.03415
Skyy Moore,WR,GB,CHI,CHI@GB,False,1.0,,False,,,,,,,,,,,,,0.0,0.16735,0.1818,45,0.0,0.0,0.0,81.0,18.09539585208073,0.9844690799126675,27.093762945417325,38.0,1.55345,1.0,2.0,61.0,0.1818,0.0,2.77555,0.0034811256206768917,0.06687632327675677,0.16735
Mark Redman,TE,GB,CHI,CHI@GB,False,1.0,,False,,,,,,,,,,,,,0.0,0.01645,0.0166,4,0.0,0.0,0.0,63.0,3.6411623131920363,0.0,2.5325903945406534,42.0,0.35385,0.0,1.0,3.0,0.0166,0.0,0.57265,0.0034811256206768917,0.014614222037191142,0.01645
Jonnu Smith,TE,GB,CHI,CHI@GB,False,1.0,,False,,,,,,,,,,,,,0.0,0.0932,0.0982,18,0.0,0.0,0.0,71.0,14.536030170390744,0.0,22.142056628587127,26.0,1.4598,0.0,2.0,30.0,0.0982,0.0,2.36615,0.0034811256206768917,0.06024863870336624,0.0932
Christian Watson,WR,GB,CHI,CHI@GB,False,1.0,,False,,,,,,,,,,,,,0.0,0.3481,0.4258,82,0.0,0.0,0.0,97.0,75.46366583491626,40.14105597629915,101.58414940844777,76.0,4.7187,3.0,6.0,81.0,0.4258,0.0,8.3204,0.0034811256206768917,0.20185851657403997,0.3481
Joe Burrow,QB,CIN,MIA,CIN@MIA,False,1.0,,False,25.6416,22.0,29.0,92.0,271.2242502880171,210.54179805284804,320.55989044527473,88.0,1.64255,1.0,2.0,82.0,0.07955,0.0767,0.07955,62,,,,,,,,,,,,,,,,,,0.0767
Erick All,TE,CIN,MIA,CIN@MIA,False,1.0,,False,,,,,,,,,,,,,0.0,0.0275,0.02765,5,0.0,0.0,0.0,65.0,6.081859424802265,0.0,8.913513859107605,21.0,0.62005,0.0,1.0,16.0,0.02765,0.0,0.8028,0.003539925613483851,0.01711712027769189,0.0275
Tahj Brooks,RB,CIN,MIA,CIN@MIA,False,1.0,,False,,,,,,,,,,,,,0.0162,0.0203,0.0204,1,2.299814569614917,0.0,2.144751496196981,32.0,0.900961056791391,0.0,0.0,60.0,0.12515,0.0,0.0,60.0,0.0042,0.54725,0.14825,0.022836924406049224,0.0034197594595343265,0.0203
Chase Brown,RB,CIN,MIA,CIN@MIA,False,1.0,,False,,,,,,,,,,,,,0.5432,0.55075,0.77095,85,58.86284401015776,37.86796404306542,74.47513942286406,81.0,33.04509563724529,16.665292029434443,44.89153184797286,74.0,4.89075,3.0,6.0,82.0,0.22775,15.30095,5.72255,0.6405465317026622,0.1314977498564562,0.55075
Ja'Marr Chase,WR,CIN,MIA,CIN@MIA,False,0.8055616699684496,DNP,False,,,,,,,,,,,,,0.0,0.3632454664423257,0.4428242039010407,53,0.0,0.0,0.0,81.0,74.28549930946754,43.79568974094104,97.01150565380263,63.0,6.778712531937434,5.0,9.0,66.0,0.4428242039010407,0.0,9.18975509441017,0.003539925613483851,0.22537391623472627,0.2926166245557483
Mike Gesicki,TE,CIN,MIA,CIN@MIA,False,1.0,,False,,,,,,,,,,,,,0.0,0.23185,0.2621,43,0.0,0.0,0.0,84.0,35.532040309234304,14.67717946345107,49.85632647665783,54.0,3.41905,2.0,5.0,58.0,0.2621,0.0,4.48435,0.003539925613483851,0.09498194128093662,0.23185
Tee Higgins,WR,CIN,MIA,CIN@MIA,False,0.8055616699684496,DNP,False,,,,,,,,,,,,,0.0,0.2986612375840582,0.3530137577888827,44,0.0,0.0,0.0,81.0,82.32959846141749,45.80622240351554,109.87572480350764,62.0,5.733358010981553,4.0,7.0,68.0,0.3530137577888827,0.0,8.20803257449565,0.003539925613483851,0.20042997900290802,0.2405900453030578
Tanner Hudson,TE,CIN,MIA,CIN@MIA,False,1.0,,False,,,,,,,,,,,,,0.0,0.0837,0.0865,13,0.0,0.0,0.0,66.0,12.153149303421916,0.0,18.5582556308106,21.0,1.25155,0.0,2.0,18.0,0.0865,0.0,1.5584,0.004129913215731159,0.03291161456846782,0.0837
Dohnte Meyers,WR,CIN,MIA,CIN@MIA,False,1.0,,False,,,,,,,,,,,,,0.00645,0.1007,0.10525,28,0.7995892566630657,0.0,0.0,86.0,24.27727272095138,5.425281448319034,35.65576165422121,48.0,2.0055,1.0,3.0,56.0,0.0988,0.18765,2.8099,0.007910204148649099,0.06480917799194279,0.1007
Samaje Perine,RB,CIN,MIA,CIN@MIA,False,1.0,,False,,,,,,,,,,,,,0.16805,0.20985,0.2322,38,20.05491604659329,8.056514679511164,27.067822996538812,51.0,11.940205648860385,0.0,18.001978123752778,34.0,1.606,0.0,2.0,42.0,0.06415,4.9415,1.8887,0.20526079895628735,0.043335581664010574,0.20985
Drew Sample,TE,CIN,MIA,CIN@MIA,False,1.0,,False,,,,,,,,,,,,,0.0,0.0798,0.08315,14,0.0,0.0,0.0,68.0,10.858778464466278,0.0,16.819518003813734,22.0,1.1295,0.0,2.0,15.0,0.08315,0.0,1.4355,0.003539925613483851,0.03042267817445308,0.0798
Mitchell Tinsley,WR,CIN,MIA,CIN@MIA,False,1.0,,False,,,,,,,,,,,,,0.0,0.1848,0.20305,25,0.0,0.0,0.0,67.0,22.864294602440314,3.9412599205529677,34.10155446397048,28.0,1.80275,1.0,3.0,34.0,0.20305,0.0,2.91355,0.006194869823596739,0.06741354678791864,0.1848
Ke'Shawn Williams,WR,CIN,MIA,CIN@MIA,False,1.0,,False,,,,,,,,,,,,,0.0,0.00625,0.00625,1,0.0,0.0,0.0,60.0,1.6335074786248298,0.0,0.0,60.0,0.1325,0.0,0.0,60.0,0.00625,0.0,0.18615,0.006194869823596739,0.00412741017456581,0.00625
Colbie Young,WR,CIN,MIA,CIN@MIA,False,0.9575230478992892,Limited,False,,,,,,,,,,,,,0.0,0.020265694191195623,0.02057827559260224,3,0.0,0.0,0.0,61.0,5.335890298501749,0.0,6.223340646257499,27.0,0.4503777025266997,0.0,1.0,3.0,0.02057827559260224,0.0,0.6319353998437093,0.004129913215731159,0.014532040035759766,0.019404869269748555
Malik Willis,QB,MIA,CIN,CIN@MIA,False,1.0,,False,16.50785,14.0,19.0,91.0,216.51820670206592,161.1806386198331,261.1718618064641,86.0,0.9128,0.0,1.0,67.0,0.14895,0.1386,0.14895,62,,,,,,,,,,,,,,,,,,0.1386
Chris Bell,WR,MIA,CIN,CIN@MIA,False,0.9575230478992892,Limited,False,,,,,,,,,,,,,0.0,0.10965826213794541,0.1152323400708481,22,0.0,0.0,0.0,77.0,36.442969126985716,11.634516529453585,53.113685139503886,45.0,2.3508022504688477,1.0,3.0,53.0,0.1152323400708481,0.0,4.23728901854553,0.003156639636909862,0.11786435793031069,0.10500031338966472
Kevin Coleman Jr.,WR,MIA,CIN,CIN@MIA,False,1.0,,False,,,,,,,,,,,,,0.0,0.11535,0.1209,23,0.0,0.0,0.0,76.0,25.788504638733134,5.64968574465846,38.28998626105617,38.0,1.858,1.0,3.0,44.0,0.1209,0.0,3.3763,0.003156639636909862,0.0937732613290441,0.11535
Caleb Douglas,WR,MIA,CIN,CIN@MIA,False,0.8055616699684496,DNP,False,,,,,,,,,,,,,0.0,0.17432558139534884,0.18815503875968992,16,0.0,0.0,0.0,59.0,52.11436286637226,23.76292292928682,72.17503573570329,37.0,3.4176744186046513,2.0,5.0,38.0,0.18815503875968992,0.0,5.978666666666666,0.004419295491673807,0.17234430603336268,0.1404300064670581
Greg Dulcich,TE,MIA,CIN,CIN@MIA,False,1.0,,False,,,,,,,,,,,,,0.0,0.16935,0.1847,32,0.0,0.0,0.0,79.0,31.718323560592264,11.227821858065028,45.80935321078652,46.0,2.55635,1.0,4.0,44.0,0.1847,0.0,3.99305,0.003156639636909862,0.09634596687614097,0.16935
Ollie Gordon II,RB,MIA,CIN,CIN@MIA,False,1.0,,False,,,,,,,,,,,,,0.3564,0.3307,0.3936,62,56.14660512523139,34.62484031433654,72.69139795189983,66.0,8.222927404346192,0.0,12.58191357524904,40.0,0.9805,0.0,2.0,26.0,0.0372,12.0195,1.44185,0.24174311254954098,0.03539247829399241,0.3307
DJ Herman,RB,MIA,CIN,CIN@MIA,False,1.0,,False,,,,,,,,,,,,,0.00625,0.0325,0.0329,4,1.209509885271496,0.0,0.0,64.0,6.110251923409809,0.0,9.35298944678922,18.0,0.69795,0.0,1.0,21.0,0.02665,0.26045,1.0257,0.005307124380015946,0.02491205840437122,0.0325
Will Kacmarek,TE,MIA,CIN,CIN@MIA,False,1.0,,False,,,,,,,,,,,,,0.0,0.0349,0.03535,7,0.0,0.0,0.0,66.0,10.307684403493495,0.0,15.962658843112688,20.0,0.88205,0.0,1.0,32.0,0.03535,0.0,1.4261,0.003156639636909862,0.03443170706299964,0.0349
Ryan Miller,WR,MIA,CIN,CIN@MIA,False,1.0,,False,,,,,,,,,,,,,0.0,0.0189,0.01935,7,0.0,0.0,0.0,66.0,7.029606879729284,0.0,8.614784978591485,30.0,0.43565,0.0,1.0,6.0,0.01935,0.0,0.75545,0.003156639636909862,0.020734875645646546,0.0189
Jalen Tolbert,WR,MIA,CIN,CIN@MIA,False,1.0,,False,,,,,,,,,,,,,0.0,0.0349,0.03565,1,0.0,0.0,0.0,61.0,10.550507818751917,0.0,16.244519511605912,15.0,0.7265,0.0,1.0,20.0,0.03565,0.0,1.30815,0.004419295491673807,0.0363517144733051,0.0349
Malik Washington,WR,MIA,CIN,CIN@MIA,False,1.0,,False,,,,,,,,,,,,,0.07815,0.26145,0.29815,60,5.6720586911828486,0.0,7.615173732593281,60.0,51.68511984372788,25.84056071239892,70.55760583044525,74.0,4.1212,3.0,5.0,85.0,0.22,1.25165,7.15655,0.025264691310566866,0.1983090704070458,0.26145
Jaylen Wright,RB,MIA,CIN,CIN@MIA,False,1.0,,False,,,,,,,,,,,,,0.2034,0.20005,0.21915,17,24.832559323414387,10.760747023225974,33.678046062672784,38.0,3.3431699650073714,0.0,3.029230404698131,38.0,0.3854,0.0,1.0,5.0,0.01575,5.9093,0.56965,0.11830215969367812,0.013904828425627425,0.20005
Kirk Cousins,QB,LV,NE,LV@NE,False,1.0,,False,20.34335,17.0,23.0,91.0,220.38331133817965,166.83371740471102,263.6678472551764,87.0,1.4083,1.0,2.0,79.0,0.0312,0.0306,0.0312,62,,,,,,,,,,,,,,,,,,0.0306
Cody White,WR,LV,NE,LV@NE,False,1.0,,False,,,,,,,,,,,,,0.0,0.1342,0.14395,40,0.0,0.0,0.0,76.0,14.39526749380636,0.0,22.17686067123246,30.0,1.1148,0.0,2.0,22.0,0.14395,0.0,1.8642,0.0034255578784995926,0.054762679400640224,0.1342
Malik Benson,WR,LV,NE,LV@NE,False,1.0,,False,,,,,,,,,,,,,0.00305,0.03415,0.0349,7,0.7912356618460675,0.0,0.0,66.0,7.490298778373542,0.0,10.849408770324121,23.0,0.59145,0.0,1.0,16.0,0.03185,0.18125,0.98235,0.006511646057328055,0.028399677261067607,0.03415
Brock Bowers,TE,LV,NE,LV@NE,False,1.0,,False,,,,,,,,,,,,,0.0,0.32885,0.3918,57,0.0,0.0,0.0,92.0,67.2651832305866,39.216121736662295,88.39532674544327,70.0,6.21345,4.0,8.0,73.0,0.3918,0.0,9.3134,0.00479578102989943,0.25034393203975536,0.32885
Connor Heyward,RB,LV,NE,LV@NE,False,1.0,,False,,,,,,,,,,,,,0.0203,0.02695,0.02735,4,5.278085730424059,0.0,6.914039583029412,25.0,1.1228609595580126,0.0,0.0,64.0,0.15085,0.0,0.0,64.0,0.00705,1.3217,0.21175,0.04752383222992902,0.006114776369486277,0.02695
Ashton Jeanty,RB,LV,NE,LV@NE,False,1.0,,False,,,,,,,,,,,,,0.343,0.49055,0.64965,85,63.162610831022704,41.17316858088753,79.85302327493758,82.0,28.03604332776513,12.711774349762624,39.04538857969842,72.0,3.69245,2.0,5.0,76.0,0.30665,16.7962,5.1417,0.6071335481671585,0.14573538844504513,0.49055
Dylan Laube,RB,LV,NE,LV@NE,False,1.0,,False,,,,,,,,,,,,,0.00315,0.0071,0.0071,1,0.8105407456260671,0.0,0.0,60.0,0.601248404562542,0.0,0.0,60.0,0.07775,0.0,0.0,60.0,0.00395,0.1948,0.10785,0.007110179280823846,0.003048724462912178,0.0071
Michael Mayer,TE,LV,NE,LV@NE,False,1.0,,False,,,,,,,,,,,,,0.0,0.20965,0.2314,53,0.0,0.0,0.0,97.0,38.19733389305853,18.04605181303351,52.5591797792816,71.0,3.8481,2.0,5.0,75.0,0.2314,0.0,5.78675,0.0034255578784995926,0.156591426382505,0.20965
Jalen Nailor,WR,LV,NE,LV@NE,False,1.0,,False,,,,,,,,,,,,,0.0,0.1139,0.11985,25,0.0,0.0,0.0,78.0,23.6797603040972,4.733587849614238,35.06683388751972,39.0,1.78425,1.0,3.0,44.0,0.11985,0.0,3.0644,0.0034255578784995926,0.08944908339636284,0.1139
Ian Thomas,TE,LV,NE,LV@NE,False,1.0,,False,,,,,,,,,,,,,0.0,0.0243,0.02465,5,0.0,0.0,0.0,65.0,5.088527021876265,0.0,6.56453794840116,26.0,0.4866,0.0,1.0,5.0,0.02465,0.0,0.7386,0.0034255578784995926,0.0198833975145798,0.0243
Tre Tucker,WR,LV,NE,LV@NE,False,1.0,,False,,,,,,,,,,,,,0.0,0.1713,0.18625,46,0.0,0.0,0.0,97.0,43.21087613662287,18.29071546540183,60.632516784988994,67.0,3.1388,2.0,4.0,78.0,0.18625,0.0,5.2053,0.0034255578784995926,0.15231366414891231,0.1713
Mike Washington Jr.,RB,LV,NE,LV@NE,False,1.0,,False,,,,,,,,,,,,,0.10865,0.11955,0.1269,44,29.292446146689194,14.19252652070849,39.25737399086841,54.0,3.0575187039439062,0.0,3.0556135220397804,50.0,0.3947,0.0,1.0,20.0,0.01825,6.32215,0.5519,0.2280741146327831,0.015570692276569792,0.11955
Dareke Young,WR,LV,NE,LV@NE,False,1.0,,False,,,,,,,,,,,,,0.0,0.015,0.01515,5,0.0,0.0,0.0,65.0,4.120023642161925,0.0,0.0,65.0,0.3061,0.0,0.0,65.0,0.01515,0.0,0.50755,0.0034255578784995926,0.01503844061738861,0.015
Drake Maye,QB,NE,LV,LV@NE,False,0.98,Full,False,17.20718697361033,14.0,20.0,88.0,202.13870995639164,149.741432395829,244.71020416439782,84.0,1.6703077943953857,1.0,2.0,80.0,0.18595273339798887,0.17135419325200346,0.18595273339798887,60,,,,,,,,,,,,,,,,,,0.1679271093869634
Efton Chism III,WR,NE,LV,LV@NE,False,1.0,,False,,,,,,,,,,,,,0.0,0.0917,0.09565,18,0.0,0.0,0.0,71.0,10.191157039077376,0.0,15.602910646261261,25.0,0.78905,0.0,1.0,33.0,0.09565,0.0,1.3584,0.003499168491966171,0.03645230699516258,0.0917
Romeo Doubs,WR,NE,LV,LV@NE,False,1.0,,False,,,,,,,,,,,,,0.0,0.3435,0.4143,57,0.0,0.0,0.0,92.0,52.829455194185094,24.308327811930198,72.69614696242235,64.0,3.61835,2.0,5.0,67.0,0.4143,0.0,6.30165,0.002999287278828147,0.16788266977106447,0.3435
DeMario Douglas,WR,NE,LV,LV@NE,False,1.0,,False,,,,,,,,,,,,,0.0,0.2207,0.2457,41,0.0,0.0,0.0,87.0,30.29500994253485,9.69526193818652,43.69894983223823,53.0,2.31055,1.0,3.0,61.0,0.2457,0.0,4.00925,0.002999287278828147,0.106385942012053,0.2207
Reggie Gilliam,RB,NE,LV,LV@NE,False,0.9951309141019752,Limited,False,,,,,,,,,,,,,0.0,0.02239742881534676,0.022748957967157132,3,0.0,0.0,0.0,62.0,2.892498616399897,0.0,2.2438177034956697,39.0,0.3692562647516698,0.0,1.0,3.0,0.022748957967157132,0.0,0.5401998694320294,0.0030218523112235116,0.01456980222303602,0.02228837381054994
TreVeyon Henderson,RB,NE,LV,LV@NE,False,1.0,,False,,,,,,,,,,,,,0.37245,0.36105,0.43655,43,55.454993351141034,34.70356379666894,70.93589596975232,70.0,7.985013247789315,0.0,12.118933041681785,44.0,1.05845,0.0,2.0,33.0,0.0641,11.7942,1.50125,0.39146713209197664,0.04155424563554903,0.36105
Hunter Henry,TE,NE,LV,LV@NE,False,1.0,,False,,,,,,,,,,,,,0.0,0.206,0.22855,32,0.0,0.0,0.0,84.0,32.776799602100716,12.700690870701628,46.57386308011222,53.0,2.8949,2.0,4.0,63.0,0.22855,0.0,4.605,0.002999287278828147,0.1384559137814865,0.206
Mack Hollins,WR,NE,LV,LV@NE,False,0.8055616699684496,DNP,False,,,,,,,,,,,,,0.0,0.3093690011765434,0.36342807604186017,46,0.0,0.0,0.0,74.0,40.79929446516001,16.3710045839842,57.84322833635635,49.0,3.056659855099387,2.0,4.0,58.0,0.36342807604186017,0.0,5.077589943649762,0.002999287278828147,0.1412286434015457,0.24921580922424758
Corey Kiner,RB,NE,LV,LV@NE,False,1.0,,False,,,,,,,,,,,,,0.08165,0.08915,0.09345,12,12.564728675596719,3.1052181776624943,17.094588150630592,37.0,1.5046083445072902,0.0,0.0,71.0,0.1936,0.0,0.0,71.0,0.0118,2.92265,0.2762,0.0968969694497785,0.0076054612021585885,0.08915
Lan Larison,RB,NE,LV,LV@NE,False,1.0,,False,,,,,,,,,,,,,0.00335,0.0464,0.0479,2,0.7099374094396232,0.0,0.0,62.0,5.956921787143851,0.0,9.116343912292912,16.0,0.76575,0.0,1.0,23.0,0.04455,0.1476,1.1115,0.005221600846862721,0.030049996242021704,0.0464
Cameron Latu,TE,NE,LV,LV@NE,False,1.0,,False,,,,,,,,,,,,,0.0,0.00205,0.00205,1,0.0,0.0,0.0,60.0,0.3688118753990195,0.0,0.0,60.0,0.0336,0.0,0.0,60.0,0.00205,0.0,0.0522,0.002999287278828147,0.0015760740921569342,0.00205
Eli Raridon,TE,NE,LV,LV@NE,False,1.0,,False,,,,,,,,,,,,,0.0,0.0974,0.10225,18,0.0,0.0,0.0,66.0,5.40628251956709,0.0,7.371841930744814,25.0,0.51255,0.0,1.0,8.0,0.10225,0.0,0.81545,0.003499168491966171,0.024336736714599332,0.0974
Rhamondre Stevenson,RB,NE,LV,LV@NE,False,0.9951309141019752,Limited,False,,,,,,,,,,,,,0.30836893691882383,0.3798944458406635,0.4673536064337773,55,38.1638584573523,20.83072205532671,50.3496166634492,76.0,22.103969259053656,7.7277657153842165,31.699906055972846,67.0,2.596883639105303,1.0,4.0,65.0,0.15898466951495352,8.359437044483538,3.6743905503895453,0.2787494754744057,0.10072983615160054,0.37804470715168276
Kyle Williams,WR,NE,LV,LV@NE,False,1.0,,False,,,,,,,,,,,,,0.0,0.0663,0.0683,12,0.0,0.0,0.0,71.0,11.423549996930618,0.0,17.743985028861957,25.0,0.8367,0.0,1.0,35.0,0.0683,0.0,1.5902,0.002999287278828147,0.04207383967008675,0.0663
Kyler Murray,QB,MIN,NO,MIN@NO,False,1.0,,False,17.64,15.0,20.0,83.0,190.83454281657524,143.2538449668298,229.54112259700693,78.0,1.1167,0.0,2.0,38.0,0.17485,0.15915,0.17485,52,,,,,,,,,,,,,,,,,,0.15915
Jordan Addison,WR,MIN,NO,MIN@NO,False,0.8055616699684496,DNP,False,,,,,,,,,,,,,0.005755755755755756,0.18074324324324326,0.19932432432432431,36,1.1727055328694156,0.0,0.0,77.0,44.21134125593636,19.045458653438963,62.012274551359674,53.0,3.241804304304304,2.0,4.0,62.0,0.19356856856856858,0.2444944944944945,5.580518018018018,0.005793007510784161,0.16800598234687883,0.14559982886254072
Gavin Bartholomew,TE,MIN,NO,MIN@NO,False,1.0,,False,,,,,,,,,,,,,0.0,0.00795,0.008,2,0.0,0.0,0.0,62.0,1.9669080810722939,0.0,0.0,62.0,0.19745,0.0,0.0,62.0,0.008,0.0,0.29105,0.0027914492150410727,0.009011099977123474,0.00795
Max Bredeson,RB,MIN,NO,MIN@NO,False,1.0,,False,,,,,,,,,,,,,0.0,0.00355,0.00355,1,0.0,0.0,0.0,60.0,0.7180470203894526,0.0,0.0,60.0,0.0986,0.0,0.0,60.0,0.00355,0.0,0.1338,0.004693145207801837,0.004033226291906301,0.00355
Demond Claiborne,RB,MIN,NO,MIN@NO,False,1.0,,False,,,,,,,,,,,,,0.04895,0.0615,0.06365,6,9.300168942888904,0.3786596176929866,12.654615478110118,26.0,2.572517497655953,0.0,1.7415396889625203,45.0,0.35225,0.0,1.0,5.0,0.0147,2.0372,0.4744,0.04805394306687309,0.014295876224277835,0.0615
DeeJay Dallas,RB,MIN,NO,MIN@NO,False,1.0,,False,,,,,,,,,,,,,0.02615,0.0506,0.05175,7,5.222235552417787,0.0,6.9225070907672634,26.0,4.94811039199954,0.0,7.4207354341727445,21.0,0.67165,0.0,1.0,21.0,0.0256,1.1072,0.9146,0.02608061566352346,0.027334465666994788,0.0506
Tai Felton,WR,MIN,NO,MIN@NO,False,1.0,,False,,,,,,,,,,,,,0.0,0.02325,0.0234,5,0.0,0.0,0.0,65.0,5.688022813884962,0.0,7.181176541826793,27.0,0.4602,0.0,1.0,5.0,0.0234,0.0,0.7428,0.0027914492150410727,0.021043022723246423,0.02325
T.J. Hockenson,TE,MIN,NO,MIN@NO,False,1.0,,False,,,,,,,,,,,,,0.0,0.28435,0.3304,72,0.0,0.0,0.0,97.0,41.22953329507542,20.98826417342599,56.16321724800059,74.0,4.40055,3.0,6.0,80.0,0.3304,0.0,6.29185,0.0027914492150410727,0.19282578375718704,0.28435
Justin Jefferson,WR,MIN,NO,MIN@NO,False,0.9575230478992892,Limited,False,,,,,,,,,,,,,0.0,0.288222384784199,0.33660779600794233,44,0.0,0.0,0.0,83.0,65.55532880962176,36.444457934724426,88.0143261666924,61.0,5.143170655240882,3.0,7.0,61.0,0.33660779600794233,0.0,8.269516145887762,0.0032566907508812513,0.23973382591278367,0.27597957635136794
Jauan Jennings,WR,MIN,NO,MIN@NO,False,1.0,,False,,,,,,,,,,,,,0.0,0.08425,0.08745,7,0.0,0.0,0.0,66.0,20.83179177325124,4.034685722120985,30.971508816297835,28.0,1.7889,1.0,3.0,33.0,0.08745,0.0,2.9177,0.0032566907508812513,0.08442790028753078,0.08425
Aaron Jones,RB,MIN,NO,MIN@NO,False,0.9951309141019752,Limited,False,,,,,,,,,,,,,0.5057511678135517,0.5026872268823145,0.6715053493394947,85,91.2887468928007,64.95535789869993,112.36673373953086,84.0,19.525483864232097,7.174156658753047,27.97934950539414,68.0,2.681299914611482,1.0,4.0,66.0,0.16575418152594304,19.441910693656137,3.7615148927620674,0.4658590711844335,0.1129134423401349,0.5002395995947846
Jeshaun Jones,WR,MIN,NO,MIN@NO,False,1.0,,False,,,,,,,,,,,,,0.0,0.01025,0.01035,1,0.0,0.0,0.0,60.0,2.2623347512759397,0.0,0.0,60.0,0.17675,0.0,0.0,60.0,0.01035,0.0,0.28505,0.004885036126321876,0.008278647270481554,0.01025
Myles Price,WR,MIN,NO,MIN@NO,False,1.0,,False,,,,,,,,,,,,,0.00525,0.0307,0.03125,5,1.1975594602317254,0.0,0.0,65.0,6.571047480206977,0.0,9.424400625266825,22.0,0.5529,0.0,1.0,11.0,0.026,0.2516,0.8871,0.005793007510784161,0.02536021165918079,0.0307
Tyler Shough,QB,NO,MIN,MIN@NO,False,0.98,Limited,False,21.449270928928318,18.0,24.0,90.0,246.0008065494988,187.73511899532028,293.65040451906725,85.0,1.2956051799734882,0.0,2.0,53.0,0.16523911491791576,0.15290098908942593,0.16523911491791576,60,,,,,,,,,,,,,,,,,,0.1498429693076374
Kevin Austin Jr.,WR,NO,MIN,MIN@NO,False,1.0,,False,,,,,,,,,,,,,0.0,0.04275,0.04355,2,0.0,0.0,0.0,62.0,13.096202520715261,0.0,19.816445078983403,16.0,1.0009,0.0,2.0,2.0,0.04355,0.0,1.78695,0.002777200439916615,0.038718527505196845,0.04275
Barion Brown,WR,NO,MIN,MIN@NO,False,0.8055616699684496,DNP,False,,,,,,,,,,,,,0.013356526060756662,0.01981735727154128,0.01994160402559483,4,2.8837393480267455,0.0,2.6711902543594377,26.0,2.371786326705777,0.0,0.0,48.0,0.17761073491955023,0.0,0.0,48.0,0.0065850779648381685,0.636640367770392,0.3083183201838852,0.01324448513890058,0.0066534002223840125,0.015964103418024192
Oscar Delp,TE,NO,MIN,MIN@NO,False,1.0,,False,,,,,,,,,,,,,0.0,0.01405,0.0141,2,0.0,0.0,0.0,62.0,4.01681437846987,0.0,3.3056870901664954,37.0,0.37915,0.0,1.0,2.0,0.0141,0.0,0.6173,0.003240067179902717,0.01245125086906069,0.01405
CJ Donaldson,RB,NO,MIN,MIN@NO,False,1.0,,False,,,,,,,,,,,,,0.0806,0.1009,0.10495,16,10.790649081873669,1.1516289647106843,14.806603386119235,32.0,4.9340727954050605,0.0,7.34265703154425,25.0,0.63535,0.0,1.0,23.0,0.02435,2.4674,0.9405,0.05040218814043627,0.018315391317958764,0.1009
Noah Fant,TE,NO,MIN,MIN@NO,False,0.9575230478992892,Limited,False,,,,,,,,,,,,,0.0,0.13487082941114947,0.14386570442422342,36,0.0,0.0,0.0,76.0,22.219530990608256,5.871066809930607,32.60602899584449,41.0,2.1557891433950425,1.0,3.0,49.0,0.14386570442422342,0.0,3.408430080535509,0.003240067179902717,0.06959978956161296,0.12914192765046895
Juwan Johnson,TE,NO,MIN,MIN@NO,False,1.0,,False,,,,,,,,,,,,,0.0,0.2949,0.3469,82,0.0,0.0,0.0,97.0,58.28104140134079,30.79758459101487,78.55468753174112,75.0,5.2198,3.0,7.0,77.0,0.3469,0.0,8.2336,0.002777200439916615,0.16775253921279976,0.2949
Alvin Kamara,RB,NO,MIN,MIN@NO,False,0.5949864089398973,DNP,False,,,,,,,,,,,,,0.2525777516975438,0.3394249308408081,0.403554363316288,43,37.6610664583792,20.28902979198091,49.50791680071137,43.0,25.687467651308317,11.147800075610913,35.679589077522174,40.0,3.578338502808282,2.0,5.0,42.0,0.15097661161874423,9.763685137060945,5.155503395087601,0.26177945945775255,0.10747443925681736,0.20195322070564542
Bryce Lance,WR,NO,MIN,MIN@NO,False,1.0,,False,,,,,,,,,,,,,0.0,0.07575,0.0781,28,0.0,0.0,0.0,81.0,16.542493505084828,0.0,25.375026151526107,35.0,1.2648,0.0,2.0,33.0,0.0781,0.0,2.28235,0.002777200439916615,0.0499532780423149,0.07575
Kendre Miller,RB,NO,MIN,MIN@NO,False,1.0,,False,,,,,,,,,,,,,0.24625,0.26435,0.3064,39,35.2716709991653,16.764544638030056,47.63699498859978,54.0,8.270292249465466,0.0,12.668185976437401,35.0,1.06695,0.0,2.0,24.0,0.06015,8.83745,1.58355,0.18166884697543167,0.03142063231011228,0.26435
Jalen Cropper,WR,NO,MIN,MIN@NO,False,1.0,,False,,,,,,,,,,,,,0.0,0.0079,0.0079,1,0.0,0.0,0.0,60.0,2.652357798921653,0.0,0.0,60.0,0.1989,0.0,0.0,60.0,0.0079,0.0,0.34635,0.0048601007698540755,0.007649147194441482,0.0079
Chris Olave,WR,NO,MIN,MIN@NO,False,0.8055616699684496,DNP,False,,,,,,,,,,,,,0.0,0.2985861341932283,0.35036586878333126,57,0.0,0.0,0.0,80.0,89.06916004274548,52.90791955055535,116.80577952414785,63.0,6.415354086568275,4.0,8.0,65.0,0.35036586878333126,0.0,10.897866798958205,0.002777200439916615,0.2589533296832683,0.2405295448901206
Devaughn Vele,WR,NO,MIN,MIN@NO,False,1.0,,False,,,,,,,,,,,,,0.0,0.2284,0.25835,77,0.0,0.0,0.0,97.0,42.97830478758047,18.600786446986636,59.850756902863424,71.0,3.4789,2.0,5.0,74.0,0.25835,0.0,6.0597,0.002777200439916615,0.13359342094210783,0.2284
Treyton Welch,TE,NO,MIN,MIN@NO,False,1.0,,False,,,,,,,,,,,,,0.0,0.0094,0.00945,2,0.0,0.0,0.0,62.0,2.685664504987166,0.0,0.0,62.0,0.25735,0.0,0.0,62.0,0.00945,0.0,0.4174,0.003240067179902717,0.008592347804693963,0.0094
Deshaun Watson,QB,CLE,NYJ,CLE@NYJ,False,1.0,,False,19.9791,17.0,23.0,91.0,208.92996344259663,158.41668721035853,249.550772607159,87.0,1.08565,0.0,2.0,45.0,0.1168,0.1109,0.1168,62,,,,,,,,,,,,,,,,,,0.1109
Isaiah Bond,WR,CLE,NYJ,CLE@NYJ,False,1.0,,False,,,,,,,,,,,,,0.0,0.03565,0.03635,4,0.0,0.0,0.0,63.0,9.677920050740855,0.0,14.85145199986478,17.0,0.82055,0.0,1.0,27.0,0.03635,0.0,1.36955,0.0031591414519928493,0.04102174167680726,0.03565
Denzel Boston,WR,CLE,NYJ,CLE@NYJ,False,1.0,,False,,,,,,,,,,,,,0.0,0.18135,0.199,55,0.0,0.0,0.0,95.0,46.811816192294195,19.742203327017382,66.07025037731668,66.0,3.131,2.0,4.0,76.0,0.199,0.0,4.82845,0.0031591414519928493,0.1451872475658341,0.18135
Michael Burton,RB,CLE,NYJ,CLE@NYJ,False,1.0,,False,,,,,,,,,,,,,0.00415,0.01215,0.01215,1,1.0605686103715461,0.0,0.0,61.0,1.7267995478659497,0.0,0.0,61.0,0.24115,0.0,0.0,61.0,0.008,0.23925,0.31215,0.008298954024434394,0.009953208567108797,0.01215
KC Concepcion,WR,CLE,NYJ,CLE@NYJ,False,1.0,,False,,,,,,,,,,,,,0.0117,0.2369,0.2677,60,2.770770866441292,0.0,2.8865655962713217,69.0,48.99887310970724,25.48088207791331,65.84084648043124,75.0,4.5564,3.0,6.0,80.0,0.256,0.6194,7.00145,0.02209734119714102,0.20796591322232244,0.2369
Malachi Corley,WR,CLE,NYJ,CLE@NYJ,False,1.0,,False,,,,,,,,,,,,,0.0,0.0165,0.01665,1,0.0,0.0,0.0,60.0,4.859621588853973,0.0,5.23575856555933,28.0,0.4,0.0,1.0,1.0,0.01665,0.0,0.6149,0.0031591414519928493,0.018448907381079037,0.0165
Harold Fannin Jr.,TE,CLE,NYJ,CLE@NYJ,False,1.0,,False,,,,,,,,,,,,,0.0,0.21575,0.2427,57,0.0,0.0,0.0,97.0,43.29465260714417,22.502446876660816,58.61792736299423,72.0,4.49145,3.0,6.0,77.0,0.2427,0.0,6.38535,0.0031591414519928493,0.18909122834304024,0.21575
Jerry Jeudy,WR,CLE,NYJ,CLE@NYJ,False,1.0,,False,,,,,,,,,,,,,0.0,0.09315,0.09765,14,0.0,0.0,0.0,73.0,26.827669083097256,8.332044156257659,39.104315093162455,38.0,2.24995,1.0,3.0,46.0,0.09765,0.0,3.6841,0.0031591414519928493,0.10966123213441185,0.09315
Quinshon Judkins,RB,CLE,NYJ,CLE@NYJ,False,1.0,,False,,,,,,,,,,,,,0.33455,0.3898,0.48325,85,53.95458563985019,33.521827493072195,68.74716200716597,80.0,16.340765179170166,5.152873565306476,23.831316054976476,66.0,2.36405,1.0,3.0,75.0,0.1487,14.54875,3.07175,0.5132748925046645,0.09867086556281471,0.3898
Jaleel McLaughlin,RB,CLE,NYJ,CLE@NYJ,False,1.0,,False,,,,,,,,,,,,,0.03365,0.0459,0.04675,3,9.185718992462041,0.20753663197800548,12.815099282668395,21.0,2.5150921097165244,0.0,1.6623164129298602,43.0,0.3531,0.0,1.0,3.0,0.0131,1.8143,0.453,0.0639658170434973,0.014508555894653958,0.0459
Carsen Ryan,TE,CLE,NYJ,CLE@NYJ,False,1.0,,False,,,,,,,,,,,,,0.0,0.0041,0.0041,1,0.0,0.0,0.0,60.0,1.180985083014731,0.0,0.0,60.0,0.1166,0.0,0.0,60.0,0.0041,0.0,0.16665,0.0031591414519928493,0.004900222034082455,0.0041
Raheim Sanders,RB,CLE,NYJ,CLE@NYJ,False,1.0,,False,,,,,,,,,,,,,0.0482,0.1099,0.1155,21,12.413202267972423,2.7553987216946147,17.42778784302831,43.0,14.310964008411963,3.4425867777772248,21.164965708154725,42.0,1.98105,1.0,3.0,48.0,0.0673,2.6963,2.54045,0.09524747652710921,0.08047370751115547,0.1099
Tylan Wallace,WR,CLE,NYJ,CLE@NYJ,False,0.8055616699684496,DNP,False,,,,,,,,,,,,,0.0,0.0073029149241620375,0.0073653330004369265,1,0.0,0.0,0.0,48.0,2.2147950281218027,0.0,0.0,48.0,0.17913987890893202,0.0,0.0,48.0,0.0073653330004369265,0.0,0.27282941139754074,0.0036856650273249907,0.008302442082672445,0.005882948341945484
Blake Whiteheart,TE,CLE,NYJ,CLE@NYJ,False,1.0,,False,,,,,,,,,,,,,0.0,0.04325,0.0442,11,0.0,0.0,0.0,65.0,5.582695477856364,0.0,7.882654497158858,22.0,0.5624,0.0,1.0,11.0,0.0442,0.0,0.78905,0.0031591414519928493,0.02288177144498253,0.04325
Geno Smith,QB,NYJ,CLE,CLE@NYJ,False,1.0,,False,19.40055,17.0,22.0,92.0,216.620296604201,164.2662904352652,259.17134132207843,87.0,1.3897,1.0,2.0,78.0,0.0774,0.07415,0.0774,62,,,,,,,,,,,,,,,,,,0.07415
Braelon Allen,RB,NYJ,CLE,CLE@NYJ,False,1.0,,False,,,,,,,,,,,,,0.29115,0.38185,0.4765,78,55.32004374647892,28.00862014481902,75.21230215774102,66.0,9.959570175366997,0.0,15.267083566429571,45.0,1.29755,0.0,2.0,45.0,0.18535,12.7487,1.73385,0.31097232225564514,0.04619038262928906,0.38185
Andrew Beck,RB,NYJ,CLE,CLE@NYJ,False,1.0,,False,,,,,,,,,,,,,0.0107,0.0173,0.01745,1,2.1088922908812897,0.0,0.6280306691176287,51.0,1.2818303455782156,0.0,0.0,60.0,0.1626,0.0,0.0,60.0,0.00675,0.45235,0.21375,0.011038045941153147,0.0056047981885137006,0.0173
Isaiah Davis,RB,NYJ,CLE,CLE@NYJ,False,1.0,,False,,,,,,,,,,,,,0.012,0.03265,0.0333,1,2.978755774194537,0.0,2.8719863881293226,31.0,3.7811642432749717,0.0,4.545994099406026,24.0,0.45705,0.0,1.0,1.0,0.0213,0.6138,0.6109,0.015156307452448666,0.01626507465792667,0.03265
Breece Hall,RB,NYJ,CLE,CLE@NYJ,False,0.5949864089398973,DNP,False,,,,,,,,,,,,,0.3596958174904943,0.382256020278834,0.468610054921842,52,58.016694415133436,36.78367619863731,74.12626497943529,48.0,18.41623267406689,5.216547700384073,26.982840794856074,38.0,2.1370511195606254,1.0,3.0,43.0,0.10891423743134769,14.29674693705112,2.8468103084072665,0.5104831892187008,0.07850323510831876,0.22743713680136
Malik McClain,WR,NYJ,CLE,CLE@NYJ,False,1.0,,False,,,,,,,,,,,,,0.0,0.00625,0.00625,1,0.0,0.0,0.0,60.0,1.4205678630053826,0.0,0.0,60.0,0.10485,0.0,0.0,60.0,0.00625,0.0,0.1644,0.004342407155705016,0.004790164406357162,0.00625
Adonai Mitchell,WR,NYJ,CLE,CLE@NYJ,False,0.8055616699684496,DNP,False,,,,,,,,,,,,,0.0,0.19014784445272706,0.20884581935644178,22,0.0,0.0,0.0,64.0,39.057537304057746,15.342501345231222,55.46910989910145,40.0,2.776307615852901,1.0,4.0,38.0,0.20884581935644178,0.0,4.755932413964468,0.004342407155705016,0.13963559627909103,0.1531758151182398
Kene Nwangwu,RB,NYJ,CLE,CLE@NYJ,False,1.0,,False,,,,,,,,,,,,,0.0059,0.0109,0.01095,1,1.4391834473646405,0.0,0.0,60.0,0.8180816187805683,0.0,0.0,60.0,0.1023,0.0,0.0,60.0,0.00505,0.31355,0.13315,0.007542050653743224,0.00356818044386148,0.0109
Jamaal Pritchett,WR,NYJ,CLE,CLE@NYJ,False,1.0,,False,,,,,,,,,,,,,0.0,0.0068,0.0068,1,0.0,0.0,0.0,60.0,1.2333399888469512,0.0,0.0,60.0,0.09475,0.0,0.0,60.0,0.0068,0.0,0.15255,0.00542800894463127,0.004350927877746556,0.0068
Jeremy Ruckert,TE,NYJ,CLE,CLE@NYJ,False,1.0,,False,,,,,,,,,,,,,0.0,0.11645,0.1233,25,0.0,0.0,0.0,73.0,9.83744787371637,0.0,15.326906611648026,26.0,1.00695,0.0,2.0,13.0,0.1233,0.0,1.41875,0.003101719396932155,0.041961152678637995,0.11645
Kenyon Sadiq,TE,NYJ,CLE,CLE@NYJ,False,1.0,,False,,,,,,,,,,,,,0.0323,0.19275,0.21355,37,1.0871950126939978,0.0,0.0,89.0,36.68445541185265,15.946295592064079,51.19988969954079,60.0,3.3845,2.0,5.0,62.0,0.18125,0.2292,4.92115,0.005752761616532287,0.14398590720008275,0.19275
Sterling Shepard,WR,NYJ,CLE,CLE@NYJ,False,1.0,,False,,,,,,,,,,,,,0.0,0.1004,0.1051,8,0.0,0.0,0.0,63.0,14.261640787771565,0.0,21.67490942632009,17.0,1.17515,0.0,2.0,12.0,0.1051,0.0,1.84,0.004342407155705016,0.05193660299887978,0.1004
Mason Taylor,TE,NYJ,CLE,CLE@NYJ,False,0.9479829842591244,Full,False,,,,,,,,,,,,,0.0,0.08783247845169478,0.09084659721855005,4,0.0,0.0,0.0,61.0,17.847019148142152,3.285621404529068,26.57515499214817,24.0,1.7808153984453492,1.0,3.0,29.0,0.09084659721855005,0.0,2.6086404737983186,0.004342407155705016,0.07701767187444296,0.08326369503751287
Isaiah Williams,WR,NYJ,CLE,CLE@NYJ,False,1.0,,False,,,,,,,,,,,,,0.0057,0.14945,0.15995,27,1.327249488331073,0.0,0.0,79.0,24.383701964338176,6.518883983811145,35.53452772098682,44.0,2.10825,1.0,3.0,51.0,0.15425,0.28265,3.19925,0.006931002603021234,0.09227384790988157,0.14945
Garrett Wilson,WR,NYJ,CLE,CLE@NYJ,False,1.0,,False,,,,,,,,,,,,,0.0,0.2818,0.32985,50,0.0,0.0,0.0,97.0,65.53224434331781,36.163034353558146,87.13997231626601,77.0,5.36105,4.0,7.0,83.0,0.32985,0.0,8.274,0.003101719396932155,0.23573209362519917,0.2818
Jelani Woods,TE,NYJ,CLE,CLE@NYJ,False,1.0,,False,,,,,,,,,,,,,0.0,0.0169,0.01695,4,0.0,0.0,0.0,63.0,3.6326071463971106,0.0,1.8507870264229624,48.0,0.3384,0.0,1.0,3.0,0.01695,0.0,0.4891,0.003101719396932155,0.014217229347736083,0.0169
Daniel Jones,QB,IND,PIT,IND@PIT,False,1.0,,False,19.77975,17.0,23.0,91.0,191.20318784498662,145.88491187964718,228.3160004537383,87.0,0.9086,0.0,1.0,67.0,0.08845,0.08475,0.08845,62,,,,,,,,,,,,,,,,,,0.08475
Mo Alie-Cox,TE,IND,PIT,IND@PIT,False,1.0,,False,,,,,,,,,,,,,0.0,0.0138,0.0138,2,0.0,0.0,0.0,62.0,3.9080529893911238,0.0,4.084198001455478,30.0,0.4074,0.0,1.0,2.0,0.0138,0.0,0.60775,0.0034489121802405683,0.016457358566172902,0.0138
Keenan Allen,WR,IND,PIT,IND@PIT,False,0.9575230478992892,Limited,False,,,,,,,,,,,,,0.0,0.18266771078047508,0.2004698512137823,50,0.0,0.0,0.0,88.0,41.121091036814946,20.725443944738284,56.37361389604707,63.0,4.131923779691986,3.0,5.0,74.0,0.2004698512137823,0.0,6.51626207256591,0.0040237308769473295,0.17596018235274297,0.17490854317930635
Deion Burks,WR,IND,PIT,IND@PIT,False,1.0,,False,,,,,,,,,,,,,0.00895,0.02485,0.0251,4,1.33065612645658,0.0,0.0,63.0,5.390514961056306,0.0,6.775437141386536,25.0,0.46025,0.0,1.0,3.0,0.01615,0.2971,0.72115,0.010634145889075085,0.019044891397022243,0.02485
Josh Downs,WR,IND,PIT,IND@PIT,False,1.0,,False,,,,,,,,,,,,,0.0,0.20965,0.23175,66,0.0,0.0,0.0,97.0,46.98878169207712,24.078736509119313,63.83019511005666,75.0,4.34105,3.0,6.0,79.0,0.23175,0.0,6.9248,0.0034489121802405683,0.18505786014031486,0.20965
Ashton Dulin,WR,IND,PIT,IND@PIT,False,0.8055616699684496,DNP,False,,,,,,,,,,,,,0.0,0.04504168221973373,0.04597486624362324,8,0.0,0.0,0.0,56.0,16.018154258098644,0.0,24.54924532396044,19.0,1.37812616648003,0.0,2.0,21.0,0.04597486624362324,0.0,2.221600099539629,0.004828477052336796,0.05990410789329066,0.03628385274711693
Anthony Gould,WR,IND,PIT,IND@PIT,False,1.0,,False,,,,,,,,,,,,,0.0,0.00515,0.0052,1,0.0,0.0,0.0,60.0,1.7253391267201617,0.0,0.0,60.0,0.14105,0.0,0.0,60.0,0.0052,0.0,0.22605,0.0040237308769473295,0.00608187588893364,0.00515
Seth McGowan,RB,IND,PIT,IND@PIT,False,1.0,,False,,,,,,,,,,,,,0.1747,0.17795,0.19455,30,20.852608494610685,8.16270598962143,28.239408741905425,43.0,4.541357337365838,0.0,6.76949503365651,27.0,0.6528,0.0,1.0,26.0,0.01985,4.7414,0.87305,0.16897625108702213,0.02289887582914574,0.17795
Andrew Ogletree,TE,IND,PIT,IND@PIT,False,1.0,,False,,,,,,,,,,,,,0.0,0.01325,0.01335,4,0.0,0.0,0.0,63.0,3.6024843148016576,0.0,3.1667069616926335,37.0,0.37585,0.0,1.0,3.0,0.01335,0.0,0.55005,0.0034489121802405683,0.014919734764024957,0.01325
Jonathan Taylor,RB,IND,PIT,IND@PIT,False,0.9951309141019752,Limited,False,,,,,,,,,,,,,0.6852559589661068,0.5596902343357135,0.7928190686915418,85,83.74088755291807,58.755789255934474,104.01541760804427,83.0,22.202225503101403,9.033179113475654,31.29550476816631,70.0,3.0925776928492406,2.0,4.0,80.0,0.10756310972543498,18.85698481343659,4.070904153675953,0.6822637079269377,0.10574547695583532,0.5569650545084472
Laquon Treadwell,WR,IND,PIT,IND@PIT,False,1.0,,False,,,,,,,,,,,,,0.0,0.07295,0.0753,30,0.0,0.0,0.0,78.0,12.249059742440547,0.0,18.931092571923983,31.0,1.0003,0.0,2.0,18.0,0.0753,0.0,1.5614,0.0034489121802405683,0.042122482355063814,0.07295
Tyler Warren,TE,IND,PIT,IND@PIT,False,1.0,,False,,,,,,,,,,,,,0.0081,0.21445,0.23875,60,1.3527721241706554,0.0,0.0,97.0,47.32717497293019,26.005327044922524,63.819318481530296,76.0,5.2825,3.0,7.0,77.0,0.23065,0.298,7.686,0.01075003675534661,0.20536436169452982,0.21445
Nick Westbrook-Ikhine,WR,IND,PIT,IND@PIT,False,1.0,,False,,,,,,,,,,,,,0.0,0.01525,0.0154,1,0.0,0.0,0.0,60.0,4.794607221658107,0.0,5.0725221679493995,28.0,0.40675,0.0,1.0,1.0,0.0154,0.0,0.6646,0.004828477052336796,0.017628819326595314,0.01525
Aaron Rodgers,QB,PIT,IND,IND@PIT,False,1.0,,False,20.47255,18.0,23.0,93.0,249.17403453744603,189.08654266515376,297.08855059238243,87.0,1.7285,1.0,2.0,83.0,0.0299,0.0293,0.0299,62,,,,,,,,,,,,,,,,,,0.0293
Germie Bernard,WR,PIT,IND,IND@PIT,False,1.0,,False,,,,,,,,,,,,,0.0,0.118,0.1252,30,0.0,0.0,0.0,78.0,13.658305858852785,0.0,21.115233118223145,31.0,1.0345,0.0,2.0,20.0,0.1252,0.0,1.8186,0.002783512338617426,0.04920819490473396,0.118
Rico Dowdle,RB,PIT,IND,IND@PIT,False,0.9951309141019752,Limited,False,,,,,,,,,,,,,0.18722057567689757,0.2643291304566233,0.3041643642939669,23,29.44448735378816,14.711730415128677,39.21887840513274,51.0,18.196919488102413,5.125291746897011,26.663944442708633,40.0,2.1637614909328375,1.0,3.0,48.0,0.11694378861706937,6.90370221530115,3.1964133219470536,0.29184312776109067,0.08225749445008776,0.2630420892150798
Pat Freiermuth,TE,PIT,IND,IND@PIT,False,1.0,,False,,,,,,,,,,,,,0.0065,0.2318,0.26215,50,1.1769882545173311,0.0,0.0,90.0,34.429340087675556,13.968510728670832,48.72118865136701,60.0,2.99165,2.0,4.0,70.0,0.25565,0.25145,4.73275,0.010851664044754891,0.13203059049486404,0.2318
Eli Heidenreich,RB,PIT,IND,IND@PIT,False,1.0,,False,,,,,,,,,,,,,0.0058,0.0155,0.0157,1,0.8976858151840407,0.0,0.0,60.0,1.651313003066057,0.0,0.0,60.0,0.1989,0.0,0.0,60.0,0.0099,0.1893,0.298,0.008088545411842035,0.007667384255273657,0.0155
Travis Homer,RB,PIT,IND,IND@PIT,False,1.0,,False,,,,,,,,,,,,,0.07675,0.08145,0.08455,20,7.498656136031652,0.0,10.289022365841143,22.0,1.1370059601637197,0.0,0.0,63.0,0.1385,0.0,0.0,63.0,0.0078,1.6605,0.20585,0.07057112458935205,0.00536894383615806,0.08145
DK Metcalf,WR,PIT,IND,IND@PIT,False,1.0,,False,,,,,,,,,,,,,0.0,0.28455,0.32695,50,0.0,0.0,0.0,97.0,65.9034416867446,33.792236512829376,89.73390615595846,75.0,4.39915,3.0,6.0,80.0,0.32695,0.0,8.20975,0.002783512338617426,0.22236427917111726,0.28455
Lew Nichols III,RB,PIT,IND,IND@PIT,False,1.0,,False,,,,,,,,,,,,,0.04185,0.0487,0.05,6,2.202681796123943,0.0,1.6266525041881108,38.0,1.1725686079949287,0.0,0.0,61.0,0.142,0.0,0.0,61.0,0.00815,0.4815,0.209,0.02026106233988231,0.005489665650225519,0.0487
Riley Nowakowski,RB,PIT,IND,IND@PIT,False,1.0,,False,,,,,,,,,,,,,0.0,0.0048,0.0048,1,0.0,0.0,0.0,60.0,0.7578041976902611,0.0,0.0,60.0,0.08925,0.0,0.0,60.0,0.0048,0.0,0.1304,0.003867604358672992,0.003381025856006241,0.0048
Michael Pittman,WR,PIT,IND,IND@PIT,False,0.9575230478992892,Limited,False,,,,,,,,,,,,,0.0,0.1689023435461141,0.18268176835951772,20,0.0,0.0,0.0,76.0,38.01751199157354,14.910739999509921,53.84266100691876,46.0,2.820449919098074,1.0,4.0,45.0,0.18268176835951772,0.0,4.931572629051621,0.00324743106172033,0.1353091789490617,0.16172788678960803
Ben Skowronek,WR,PIT,IND,IND@PIT,False,1.0,,False,,,,,,,,,,,,,0.0,0.0559,0.057,13,0.0,0.0,0.0,66.0,5.998252048509444,0.0,7.292450246857835,30.0,0.4364,0.0,1.0,6.0,0.057,0.0,0.75975,0.002783512338617426,0.020885617313412957,0.0559
Robert Tonyan,TE,PIT,IND,IND@PIT,False,1.0,,False,,,,,,,,,,,,,0.0,0.0413,0.04195,7,0.0,0.0,0.0,62.0,2.0597430557608694,0.0,0.0,62.0,0.18205,0.0,0.0,62.0,0.04195,0.0,0.2952,0.002783512338617426,0.008346914857342862,0.0413
Jaylen Warren,RB,PIT,IND,IND@PIT,False,1.0,,False,,,,,,,,,,,,,0.308,0.4589,0.59765,82,62.43672247847703,40.36129415181443,79.85989358419491,81.0,28.914135315472958,11.880775820141256,40.8703242805947,70.0,3.21415,2.0,4.0,81.0,0.28965,11.3622,4.6006,0.47774323509836253,0.11945307577556553,0.4589
Darnell Washington,TE,PIT,IND,IND@PIT,False,1.0,,False,,,,,,,,,,,,,0.0,0.1489,0.1611,34,0.0,0.0,0.0,81.0,21.21697396438804,3.898805162767261,31.4787835542261,42.0,1.7728,1.0,3.0,47.0,0.1611,0.0,2.84745,0.002783512338617426,0.07996535359795272,0.1489
Kaden Wetjen,WR,PIT,IND,IND@PIT,False,1.0,,False,,,,,,,,,,,,,0.0,0.0053,0.0053,1,0.0,0.0,0.0,60.0,1.0908472950352683,0.0,0.0,60.0,0.07875,0.0,0.0,60.0,0.0053,0.0,0.13785,0.002783512338617426,0.0036825314401287756,0.0053
Roman Wilson,WR,PIT,IND,IND@PIT,False,1.0,,False,,,,,,,,,,,,,0.0,0.2033,0.22465,53,0.0,0.0,0.0,97.0,34.68912805490078,11.889290632296486,49.866837017862565,66.0,2.42065,1.0,3.0,74.0,0.22465,0.0,4.39445,0.002783512338617426,0.11961607441485711,0.2033
C.J. Stroud,QB,HOU,TEN,HOU@TEN,False,1.0,,False,21.7689,19.0,25.0,92.0,259.3576746480706,197.9882016114854,308.8658494497945,87.0,1.28085,0.0,2.0,53.0,0.0837,0.08005,0.0837,62,,,,,,,,,,,,,,,,,,0.08005
Lewis Bond,WR,HOU,TEN,HOU@TEN,False,1.0,,False,,,,,,,,,,,,,0.0,0.0159,0.01605,1,0.0,0.0,0.0,61.0,4.664394950958159,0.0,4.034214485771935,35.0,0.3737,0.0,1.0,1.0,0.01605,0.0,0.58435,0.005001526990171276,0.015723701729659555,0.0159
Kayshon Boutte,WR,HOU,TEN,HOU@TEN,False,1.0,,False,,,,,,,,,,,,,0.0,0.1476,0.15875,34,0.0,0.0,0.0,81.0,33.195746772059,11.478859776898538,47.978948484653735,48.0,2.4689,1.0,3.0,56.0,0.15875,0.0,3.81865,0.0035725192786937687,0.10266625751077764,0.1476
Nico Collins,WR,HOU,TEN,HOU@TEN,False,0.9575230478992892,Limited,False,,,,,,,,,,,,,0.009311084375163467,0.2850865721609039,0.32771878432808493,41,1.1665972537662097,0.0,0.0,80.0,75.78333701633571,42.38514434184745,100.44490873730166,58.0,5.417220275147774,4.0,7.0,65.0,0.3184076999529215,0.269602971177486,8.508814144478736,0.010211450938266354,0.2323569070531275,0.27297696349066936
Xavier Hutchinson,WR,HOU,TEN,HOU@TEN,False,1.0,,False,,,,,,,,,,,,,0.01265,0.1714,0.18595,50,1.6321171126796574,0.0,0.08017925463534711,97.0,40.860057769108025,17.429180900543848,57.46764030695451,71.0,3.19395,2.0,4.0,81.0,0.1733,0.3784,5.26875,0.014913850322166048,0.14151949478557854,0.1714
Brevin Jordan,TE,HOU,TEN,HOU@TEN,False,1.0,,False,,,,,,,,,,,,,0.0,0.0167,0.0168,1,0.0,0.0,0.0,61.0,4.090157677854345,0.0,4.293073692601817,30.0,0.4069,0.0,1.0,1.0,0.0168,0.0,0.5916,0.006251908737714093,0.017667927991959022,0.0167
Marlin Klein,TE,HOU,TEN,HOU@TEN,False,1.0,,False,,,,,,,,,,,,,0.0,0.0092,0.00925,2,0.0,0.0,0.0,62.0,2.0166023917638523,0.0,0.0,62.0,0.1963,0.0,0.0,62.0,0.00925,0.0,0.2838,0.004167939158476063,0.008381972765037212,0.0092
Woody Marks,RB,HOU,TEN,HOU@TEN,False,1.0,,False,,,,,,,,,,,,,0.34365,0.3665,0.44175,67,31.58474964123089,16.20844525047213,41.878861781104845,66.0,9.639219814227705,0.0,14.763638058621645,45.0,1.2681,0.0,2.0,43.0,0.0981,8.2956,1.7329,0.32251633558029147,0.051742170505394966,0.3665
David Montgomery,RB,HOU,TEN,HOU@TEN,False,1.0,,False,,,,,,,,,,,,,0.54065,0.4627,0.60445,85,44.28540982121798,25.928038882936903,57.427981205920894,79.0,7.798800283814222,0.0,11.906539526605696,54.0,1.0371,0.0,2.0,42.0,0.0638,12.3941,1.34675,0.48491564333068404,0.04053766351227808,0.4627
Foster Moreau,TE,HOU,TEN,HOU@TEN,False,1.0,,False,,,,,,,,,,,,,0.0,0.092,0.09695,27,0.0,0.0,0.0,74.0,11.613916990367727,0.0,17.871933388829135,28.0,1.16,0.0,2.0,23.0,0.09695,0.0,1.6666,0.0035725192786937687,0.04894025919952424,0.092
Jaylin Noel,WR,HOU,TEN,HOU@TEN,False,1.0,,False,,,,,,,,,,,,,0.0177,0.0911,0.0947,21,2.513075752775883,0.0,2.527829441121039,49.0,24.621081662596218,4.0730370061895425,36.9857126274007,39.0,1.73545,1.0,3.0,45.0,0.077,0.575,2.644,0.022126538924374297,0.07065530638764188,0.0911
Dalton Schultz,TE,HOU,TEN,HOU@TEN,False,1.0,,False,,,,,,,,,,,,,0.0,0.1946,0.21255,55,0.0,0.0,0.0,97.0,42.81969086003341,21.678212815918,58.34889414086266,74.0,4.29165,3.0,6.0,79.0,0.21255,0.0,6.01895,0.0035725192786937687,0.17727732686437084,0.1946
Cade Stover,TE,HOU,TEN,HOU@TEN,False,1.0,,False,,,,,,,,,,,,,0.0,0.0278,0.02825,4,0.0,0.0,0.0,63.0,6.388499971545677,0.0,9.583535233294931,18.0,0.6366,0.0,1.0,16.0,0.02825,0.0,0.92605,0.0035725192786937687,0.027404500900949452,0.0278
Jared Wayne,WR,HOU,TEN,HOU@TEN,False,1.0,,False,,,,,,,,,,,,,0.0,0.0872,0.09165,27,0.0,0.0,0.0,79.0,18.03011423705253,0.0,27.558761447488088,33.0,1.3893,0.0,2.0,36.0,0.09165,0.0,2.26615,0.0035725192786937687,0.06058127687358076,0.0872
Cam Ward,QB,TEN,HOU,HOU@TEN,False,1.0,,False,20.3411,17.0,23.0,91.0,222.73817289040997,171.21281003314618,264.86032536692437,87.0,0.796,0.0,1.0,62.0,0.14385,0.1331,0.14385,62,,,,,,,,,,,,,,,,,,0.1331
Elic Ayomanor,WR,TEN,HOU,HOU@TEN,False,1.0,,False,,,,,,,,,,,,,0.0,0.14975,0.16145,45,0.0,0.0,0.0,76.0,34.07475113583907,11.476270414040297,48.98115052454229,43.0,2.41865,1.0,3.0,51.0,0.16145,0.0,4.2053,0.0034032966473759173,0.11952025434403818,0.14975
Daniel Bellinger,TE,TEN,HOU,HOU@TEN,False,1.0,,False,,,,,,,,,,,,,0.0,0.0232,0.0237,9,0.0,0.0,0.0,68.0,8.82070376785301,0.0,13.789886334580096,21.0,0.88255,0.0,1.0,34.0,0.0237,0.0,1.28775,0.0034032966473759173,0.0386962689363568,0.0232
Julius Chestnut,RB,TEN,HOU,HOU@TEN,False,1.0,,False,,,,,,,,,,,,,0.00805,0.0101,0.0102,1,1.8457631672795145,0.0,0.4978876168750353,52.0,0.6727529915247096,0.0,0.0,60.0,0.0891,0.0,0.0,60.0,0.00215,0.45335,0.11845,0.011639165073220558,0.003375947687650576,0.0101
Chimere Dike,WR,TEN,HOU,HOU@TEN,False,1.0,,False,,,,,,,,,,,,,0.0,0.03895,0.03975,5,0.0,0.0,0.0,65.0,14.675189957916825,0.0,22.23957485465566,19.0,1.38785,0.0,2.0,22.0,0.03975,0.0,2.18335,0.0034032966473759173,0.06170382132071537,0.03895
Gunnar Helm,TE,TEN,HOU,HOU@TEN,False,1.0,,False,,,,,,,,,,,,,0.0,0.11185,0.11735,38,0.0,0.0,0.0,79.0,26.032873860187696,9.776129861586764,36.98700404856699,48.0,2.743,1.0,4.0,46.0,0.11735,0.0,3.89495,0.0034032966473759173,0.11777973363272605,0.11185
Tony Pollard,RB,TEN,HOU,HOU@TEN,False,0.5949864089398973,DNP,False,,,,,,,,,,,,,0.38060769295513847,0.3514013971887888,0.4275734365794125,52,56.407316307316286,35.89556548566943,71.39482729435068,48.0,13.11261150524058,2.940630222074633,19.38164158911783,37.0,1.8859523609123812,1.0,3.0,41.0,0.04696574362427405,14.119939399040485,2.482703476138372,0.5658595986309986,0.07578772794743012,0.20907905540981997
Calvin Ridley,WR,TEN,HOU,HOU@TEN,False,1.0,,False,,,,,,,,,,,,,0.0,0.05675,0.058,9,0.0,0.0,0.0,68.0,22.898832798141193,4.134407450942413,34.336025050446615,28.0,1.7556,1.0,3.0,34.0,0.058,0.0,2.9812,0.0034032966473759173,0.08509358606863238,0.05675
Wan'Dale Robinson,WR,TEN,HOU,HOU@TEN,False,1.0,,False,,,,,,,,,,,,,0.0058,0.17905,0.19435,62,1.2741947248180903,0.0,0.0,97.0,45.025496165652385,22.520153347584923,61.809745184549016,71.0,4.20135,3.0,6.0,75.0,0.18855,0.30835,6.58465,0.007766497477345042,0.1876951431409486,0.17905
Nicholas Singleton,RB,TEN,HOU,HOU@TEN,False,1.0,,False,,,,,,,,,,,,,0.0661,0.06835,0.07035,16,12.907983352198482,2.487876321728397,17.65268493753763,29.0,1.0732555745967898,0.0,0.0,65.0,0.14075,0.0,0.0,65.0,0.00425,3.4571,0.1895,0.08912936792522247,0.005568787615294937,0.06835
Tyjae Spears,RB,TEN,HOU,HOU@TEN,False,1.0,,False,,,,,,,,,,,,,0.14745,0.17505,0.1938,32,31.64442321219425,12.479030245271701,44.456628859525004,49.0,14.127187784551925,3.28081247023414,20.95123862288738,42.0,1.9752,1.0,3.0,49.0,0.04635,7.8853,2.54125,0.2037300701717431,0.07375069902724024,0.17505
Carnell Tate,WR,TEN,HOU,HOU@TEN,False,1.0,,False,,,,,,,,,,,,,0.0,0.15395,0.16645,50,0.0,0.0,0.0,97.0,63.45212178016858,35.11406873419227,85.48160820228787,76.0,5.0748,3.0,7.0,76.0,0.16645,0.0,7.95265,0.0034032966473759173,0.2267606581893331,0.15395
Jameis Winston,QB,NYG,WAS,NYG@WAS,False,1.0,,False,17.99445,15.0,21.0,85.0,197.86756349948772,149.12669162770294,236.95321723804423,81.0,1.234,0.0,2.0,46.0,0.0186,0.01835,0.0186,56,,,,,,,,,,,,,,,,,,0.01835
Malachi Fields,WR,NYG,WAS,NYG@WAS,False,1.0,,False,,,,,,,,,,,,,0.0,0.1483,0.159,32,0.0,0.0,0.0,84.0,35.24495537091925,12.599239265802405,50.63138158504248,52.0,2.5781,1.0,4.0,49.0,0.159,0.0,4.30805,0.0026848875854960145,0.1305476429031845,0.1483
Najee Harris,RB,NYG,WAS,NYG@WAS,False,0.5949864089398973,DNP,False,,,,,,,,,,,,,0.09521797904697533,0.0945420750253464,0.09952686718485974,29,25.081408391352294,11.448914814522238,33.342872552324486,29.0,0.8908005045299999,0.0,0.0,44.0,0.11676241973639744,0.0,0.0,44.0,0.00430888813788442,5.953109158499493,0.16272389320716457,0.20354173321119806,0.005045813974046512,0.0562512497130572
Theo Johnson,TE,NYG,WAS,NYG@WAS,False,1.0,,False,,,,,,,,,,,,,0.0,0.10745,0.11305,16,0.0,0.0,0.0,70.0,18.074072072923272,2.218350860182437,27.198345715947013,28.0,1.66155,1.0,2.0,52.0,0.11305,0.0,2.6293,0.0026848875854960145,0.07875675256653479,0.10745
Charlie Jones,WR,NYG,WAS,NYG@WAS,False,1.0,,False,,,,,,,,,,,,,0.0,0.0104,0.0105,1,0.0,0.0,0.0,60.0,2.275703398380673,0.0,0.0,60.0,0.1759,0.0,0.0,60.0,0.0105,0.0,0.2942,0.004698553274618026,0.008877511322265053,0.0104
Isaiah Likely,TE,NYG,WAS,NYG@WAS,False,0.9575230478992892,Limited,False,,,,,,,,,,,,,0.0,0.3393667518647958,0.41015074852642014,74,0.0,0.0,0.0,96.0,51.87432452422776,28.42907126809197,69.58774293759313,73.0,5.038912941421939,3.0,7.0,73.0,0.41015074852642014,0.0,7.659537843617964,0.0026848875854960145,0.23143569418998988,0.32495148660126105
Chris Manhertz,TE,NYG,WAS,NYG@WAS,False,0.9575230478992892,Limited,False,,,,,,,,,,,,,0.0,0.0030339488413453995,0.0030339488413453995,1,0.0,0.0,0.0,57.0,0.6889211499315702,0.0,0.0,57.0,0.06549144740283518,0.0,0.0,57.0,0.0030339488413453995,0.0,0.10074802531777999,0.0026848875854960145,0.0029990637505012126,0.002905075941735564
Darnell Mooney,WR,NYG,WAS,NYG@WAS,False,1.0,,False,,,,,,,,,,,,,0.002,0.11755,0.1245,18,0.7730498657919974,0.0,0.0,76.0,30.09438902046247,8.903581557705404,44.157031592799676,41.0,2.1793,1.0,3.0,48.0,0.1225,0.17435,3.74715,0.005396895247613202,0.11314520300117165,0.11755
Malik Nabers,WR,NYG,WAS,NYG@WAS,False,0.8055616699684496,DNP,False,,,,,,,,,,,,,0.0,0.24223946784922396,0.2711874846021187,49,0.0,0.0,0.0,81.0,47.13931178696289,22.676542962245744,65.01479120360021,59.0,3.7285661492978566,2.0,5.0,61.0,0.2711874846021187,0.0,6.066087706331609,0.0026848875854960145,0.19204592689433111,0.1951388302528894
Patrick Ricard,RB,NYG,WAS,NYG@WAS,False,1.0,,False,,,,,,,,,,,,,0.0,0.022,0.0221,4,0.0,0.0,0.0,64.0,3.658727941104124,0.0,4.704383215569945,25.0,0.4799,0.0,1.0,4.0,0.0221,0.0,0.66245,0.0012952193829769384,0.020047456754605522,0.022
Devin Singletary,RB,NYG,WAS,NYG@WAS,False,1.0,,False,,,,,,,,,,,,,0.05485,0.15215,0.164,28,16.66263801711166,5.501044451501114,22.79734846155508,39.0,9.693585886610643,0.0,14.99265271421591,24.0,1.26955,0.0,2.0,23.0,0.10915,4.22355,1.75725,0.13032656225796127,0.053710523098078396,0.15215
Cam Skattebo,RB,NYG,WAS,NYG@WAS,False,0.9951309141019752,Limited,False,,,,,,,,,,,,,0.2352734217933253,0.29297346200241253,0.33896260554885405,85,51.148162238844456,30.777481503499178,66.02763267833274,79.0,17.732785702269528,5.269570194822538,26.037210067122405,65.0,2.1939585846401286,1.0,3.0,72.0,0.10368918375552875,13.41872738238842,3.038449939686369,0.4157126255641552,0.09252972581603958,0.29154694905008105
Tyrone Tracy Jr.,RB,NYG,WAS,NYG@WAS,False,1.0,,False,,,,,,,,,,,,,0.0235,0.05815,0.05955,3,7.546251186002709,0.0,10.262994647629144,22.0,6.1182714177822115,0.0,9.372989342785637,17.0,0.767,0.0,1.0,24.0,0.03605,1.77385,1.06895,0.05496836392116209,0.032556244698139655,0.05815
Jayden Daniels,QB,WAS,NYG,NYG@WAS,False,0.98,Full,False,18.39420526423179,16.0,21.0,69.0,181.9449965319004,136.65221021482247,218.6213631610495,64.0,1.735717200571312,1.0,2.0,60.0,0.08360538665578453,0.07957559681697612,0.08360538665578453,38,,,,,,,,,,,,,,,,,,0.0779840848806366
Kaytron Allen,RB,WAS,NYG,NYG@WAS,False,1.0,,False,,,,,,,,,,,,,0.0583,0.06085,0.0624,31,6.835278564458937,0.0,9.41246351460802,27.0,0.43730418997224285,0.0,0.0,68.0,0.0671,0.0,0.0,68.0,0.0041,1.54395,0.0966,0.05360105611292911,0.0027043561471170453,0.06085
John Bates,TE,WAS,NYG,NYG@WAS,False,1.0,,False,,,,,,,,,,,,,0.0,0.08215,0.0855,13,0.0,0.0,0.0,66.0,6.0676159128758185,0.0,9.128959248317388,21.0,0.6844,0.0,1.0,23.0,0.0855,0.0,1.06,0.0024754432439919424,0.027507412384126222,0.08215
Dyami Brown,WR,WAS,NYG,NYG@WAS,False,1.0,,False,,,,,,,,,,,,,0.0,0.14435,0.15445,28,0.0,0.0,0.0,81.0,16.959098793485342,0.5822493146818306,25.53551198968343,37.0,1.5549,1.0,2.0,61.0,0.15445,0.0,2.71625,0.0024754432439919424,0.07207841759820452,0.14435
Treylon Burks,WR,WAS,NYG,NYG@WAS,False,0.9479829842591244,Full,False,,,,,,,,,,,,,0.0,0.13549407114624507,0.14424242424242426,15,0.0,0.0,0.0,66.0,16.695640549146496,0.0,25.372171982486158,23.0,1.4122793148880106,0.0,2.0,26.0,0.14424242424242426,0.0,2.606324110671937,0.0028880171179905996,0.06844322508467017,0.12844607391463553
Jacory Croskey-Merritt,RB,WAS,NYG,NYG@WAS,False,0.9951309141019752,Limited,False,,,,,,,,,,,,,0.17827899733761993,0.23187823378711006,0.25950670618375443,82,37.322393163716086,20.52669390186571,48.78320713271909,77.0,5.161024343388788,0.0,7.828890519200307,54.0,0.7793740895162505,0.0,1.0,61.0,0.08122770884613452,9.840659064650625,1.1220173808208167,0.3376168174555437,0.03242184597118344,0.23074919874891833
Stefon Diggs,WR,WAS,NYG,NYG@WAS,False,0.8055616699684496,DNP,False,,,,,,,,,,,,,0.0,0.3457258315200497,0.4144855455393224,53,0.0,0.0,0.0,80.0,39.80799487162153,19.169621043031363,54.653703791390214,59.0,3.9751942803854523,2.0,5.0,62.0,0.4144855455393224,0.0,6.621883742617345,0.0024754432439919424,0.18400602354900697,0.27850347819052207
Austin Ekeler,RB,WAS,NYG,NYG@WAS,False,1.0,,False,,,,,,,,,,,,,0.0385,0.0722,0.07505,4,12.019465686508012,2.3649409077402277,16.866674498196154,27.0,4.079955322340878,0.0,5.935010120057178,20.0,0.6077,0.0,1.0,14.0,0.03655,2.4549,0.87035,0.08464890542951037,0.025360374483649403,0.0722
Luke McCaffrey,WR,WAS,NYG,NYG@WAS,False,1.0,,False,,,,,,,,,,,,,0.0,0.0603,0.0621,1,0.0,0.0,0.0,60.0,9.582010760059617,0.0,14.71627748321827,14.0,0.85725,0.0,1.0,25.0,0.0621,0.0,1.4461,0.004332025676985899,0.03825980806377789,0.0603
Terry McLaurin,WR,WAS,NYG,NYG@WAS,False,0.8055616699684496,DNP,False,,,,,,,,,,,,,0.0,0.28771995507300635,0.33607887183327095,40,0.0,0.0,0.0,77.0,44.50632799236352,20.352426282165638,62.08358135970103,54.0,3.582740546611756,2.0,5.0,56.0,0.33607887183327095,0.0,6.332958941719705,0.0028880171179905996,0.17636925054622415,0.23177616749185828
Chig Okonkwo,TE,WAS,NYG,NYG@WAS,False,0.9575230478992892,Limited,False,,,,,,,,,,,,,0.0,0.16211702072133202,0.17631400386241453,10,0.0,0.0,0.0,66.0,24.096338448697907,8.77558828312041,34.3745476418093,36.0,2.7428884597317187,1.0,4.0,35.0,0.17631400386241453,0.0,4.293282530403466,0.0034656205415887196,0.11243476927075288,0.15523078379744207
Craig Reynolds,RB,WAS,NYG,NYG@WAS,False,1.0,,False,,,,,,,,,,,,,0.01365,0.017,0.01715,1,4.001198940723114,0.0,5.170328400210958,22.0,0.4161139712426946,0.0,0.0,61.0,0.0616,0.0,0.0,61.0,0.0035,0.90515,0.0877,0.030879145394776174,0.002569512904324506,0.017
Ben Sinnott,TE,WAS,NYG,NYG@WAS,False,0.9575230478992892,Limited,False,,,,,,,,,,,,,0.0,0.028647325381530288,0.028803583519974998,3,0.0,0.0,0.0,61.0,3.7962460229178667,0.0,4.194530755425744,29.0,0.42168862961612585,0.0,1.0,3.0,0.028803583519974998,0.0,0.6588884837751966,0.0024754432439919424,0.01723481115978686,0.02743047431348555
Rachaad White,RB,WAS,NYG,NYG@WAS,False,0.9951309141019752,Limited,False,,,,,,,,,,,,,0.10953815261044177,0.23559236947791165,0.26541164658634536,62,24.55364587303485,10.871748007311767,32.97688977754794,59.0,9.478227802119255,0.0,14.21271993553884,41.0,1.5176706827309236,0.0,2.0,47.0,0.1558734939759036,5.293775100401606,2.1144076305220882,0.18172018281551977,0.061099697678809836,0.2344452499940045
Antonio Williams,WR,WAS,NYG,NYG@WAS,False,1.0,,False,,,,,,,,,,,,,0.0,0.2307,0.26025,44,0.0,0.0,0.0,90.0,27.558049295125908,9.58789794685908,39.44021423939354,58.0,2.5996,1.0,4.0,56.0,0.26025,0.0,4.39305,0.0024754432439919424,0.11611493368533124,0.2307
Colson Yankoff,TE,WAS,NYG,NYG@WAS,False,1.0,,False,,,,,,,,,,,,,0.0,0.0248,0.02505,7,0.0,0.0,0.0,66.0,3.6963388156616683,0.0,3.757790852389344,36.0,0.408,0.0,1.0,6.0,0.02505,0.0,0.6314,0.0024754432439919424,0.016487898761306075,0.0248
Bo Nix,QB,DEN,LAC,DEN@LAC,False,1.0,,False,19.8376,17.0,23.0,91.0,223.18944635583506,168.09701964974911,267.66583795444456,87.0,1.4553,1.0,2.0,79.0,0.1584,0.14815,0.1584,62,,,,,,,,,,,,,,,,,,0.14815
Nate Adkins,TE,DEN,LAC,DEN@LAC,False,1.0,,False,,,,,,,,,,,,,0.0053,0.112,0.11825,25,0.8267896940959975,0.0,0.0,68.0,7.723322603010349,0.0,11.854415362616724,22.0,0.72165,0.0,1.0,26.0,0.11295,0.1899,1.1082,0.006422897744400225,0.030238715716941568,0.112
Tyler Badie,RB,DEN,LAC,DEN@LAC,False,1.0,,False,,,,,,,,,,,,,0.03505,0.1296,0.13895,23,4.766885902768345,0.0,6.229418864428001,31.0,9.572676760230175,0.0,14.6077093729047,25.0,1.1574,0.0,2.0,19.0,0.1039,1.1535,1.7037,0.03909802006384808,0.046025053483506904,0.1296
Pat Bryant,WR,DEN,LAC,DEN@LAC,False,1.0,,False,,,,,,,,,,,,,0.00585,0.11415,0.12075,27,0.7704424472851513,0.0,0.0,79.0,22.664858980394815,2.677705339159311,34.06283775835124,38.0,1.64835,1.0,2.0,61.0,0.1149,0.1888,2.7502,0.006422897744400225,0.07903685310951225,0.11415
J.K. Dobbins,RB,DEN,LAC,DEN@LAC,False,1.0,,False,,,,,,,,,,,,,0.52655,0.4299,0.5567,73,53.41418644162952,32.83227376443164,68.60732143015072,76.0,5.378636523467891,0.0,8.102791316412771,51.0,0.6804,0.0,1.0,52.0,0.03015,13.324,0.9616,0.4410053888598924,0.02628217469292448,0.4299
Evan Engram,TE,DEN,LAC,DEN@LAC,False,1.0,,False,,,,,,,,,,,,,0.0,0.13935,0.1489,28,0.0,0.0,0.0,81.0,25.773549199857236,8.84427953744146,37.07933670823203,48.0,2.45155,1.0,3.0,56.0,0.1489,0.0,3.8981,0.0029321924485305375,0.10736752306578656,0.13935
Troy Franklin,WR,DEN,LAC,DEN@LAC,False,1.0,,False,,,,,,,,,,,,,0.00905,0.11165,0.11755,13,1.2509787875652125,0.0,0.0,66.0,20.675197450530582,2.1373250610339096,30.92550344842882,25.0,1.56345,1.0,2.0,47.0,0.1085,0.29005,2.65205,0.009448175667487287,0.07607370667536914,0.11165
RJ Harvey,RB,DEN,LAC,DEN@LAC,False,1.0,,False,,,,,,,,,,,,,0.1783,0.3303,0.39195,51,25.03499486530168,11.431328901213178,33.794545505719526,69.0,28.63538036957354,13.138980429468644,39.63197496851036,68.0,3.6546,2.0,5.0,71.0,0.21365,6.0744,5.03085,0.20073208573694062,0.1365977071880779,0.3303
Lil'Jordan Humphrey,WR,DEN,LAC,DEN@LAC,False,1.0,,False,,,,,,,,,,,,,0.0,0.05315,0.0545,1,0.0,0.0,0.0,61.0,12.142242192550565,0.0,18.663944065486415,15.0,0.9037,0.0,1.0,28.0,0.0545,0.0,1.6117,0.00513133678492844,0.0467505019066748,0.05315
Kolbe Katsis,WR,DEN,LAC,DEN@LAC,False,1.0,,False,,,,,,,,,,,,,0.0,0.00615,0.00615,1,0.0,0.0,0.0,60.0,1.70892226369194,0.0,0.0,60.0,0.12615,0.0,0.0,60.0,0.00615,0.0,0.20945,0.00513133678492844,0.005869234307416399,0.00615
Marvin Mims Jr.,WR,DEN,LAC,DEN@LAC,False,1.0,,False,,,,,,,,,,,,,0.0,0.05835,0.06005,4,0.0,0.0,0.0,64.0,13.263023557061102,0.0,20.392225571376326,18.0,1.1776,0.0,2.0,13.0,0.06005,0.0,1.9399,0.004105069427942753,0.05571593851608424,0.05835
Adam Prentice,RB,DEN,LAC,DEN@LAC,False,1.0,,False,,,,,,,,,,,,,0.0,0.0093,0.00935,1,0.0,0.0,0.0,61.0,1.6765160957633096,0.0,0.0,61.0,0.21345,0.0,0.0,61.0,0.00935,0.0,0.30015,0.0037039147476530692,0.008033467134708908,0.0093
Courtland Sutton,WR,DEN,LAC,DEN@LAC,False,1.0,,False,,,,,,,,,,,,,0.0,0.25675,0.29245,66,0.0,0.0,0.0,95.0,38.38702937256979,15.565157075495254,53.96132455272274,65.0,2.93085,2.0,4.0,75.0,0.29245,0.0,5.25455,0.0029321924485305375,0.15152625818913287,0.25675
Adam Trautman,TE,DEN,LAC,DEN@LAC,False,1.0,,False,,,,,,,,,,,,,0.0,0.0306,0.03075,7,0.0,0.0,0.0,66.0,6.462486577353842,0.0,9.412753942002897,23.0,0.61065,0.0,1.0,17.0,0.03075,0.0,0.90435,0.0029321924485305375,0.025166779502502058,0.0306
Jaylen Waddle,WR,DEN,LAC,DEN@LAC,False,1.0,,False,,,,,,,,,,,,,0.0058,0.2183,0.24205,55,0.8773705470379566,0.0,0.0,97.0,45.18363750312464,20.23372674069737,62.70321299213515,72.0,3.42075,2.0,5.0,74.0,0.23625,0.19895,5.8097,0.006841782379904587,0.16910443801837943,0.2183
Justin Herbert,QB,LAC,DEN,DEN@LAC,False,1.0,,False,17.86785,15.0,21.0,90.0,211.60910545030237,158.69385312334163,254.7035577176252,86.0,1.1042,0.0,2.0,46.0,0.14615,0.13695,0.14615,62,,,,,,,,,,,,,,,,,,0.13695
Derius Davis,WR,LAC,DEN,DEN@LAC,False,1.0,,False,,,,,,,,,,,,,0.0,0.0156,0.01575,5,0.0,0.0,0.0,65.0,4.309287407058924,0.0,1.3962148431434969,55.0,0.32655,0.0,1.0,5.0,0.01575,0.0,0.58065,0.0032887126712387916,0.015441017995093948,0.0156
Oronde Gadsden II,TE,LAC,DEN,DEN@LAC,False,1.0,,False,,,,,,,,,,,,,0.0048,0.18045,0.1962,43,0.9433115967769478,0.0,0.0,84.0,29.422702530266683,10.431670658725388,42.20721895561107,52.0,2.5959,1.0,4.0,49.0,0.1914,0.1997,4.20965,0.006714455037112532,0.11684819885310287,0.18045
Omarion Hampton,RB,LAC,DEN,DEN@LAC,False,1.0,,False,,,,,,,,,,,,,0.40385,0.3769,0.4597,85,66.92218155750217,44.46571091921846,84.71109767996322,82.0,11.293699787049931,0.0,17.077023733946394,55.0,1.523,0.0,2.0,61.0,0.05585,14.568,2.1496,0.497073526770105,0.05605332974370755,0.3769
Tre Harris,WR,LAC,DEN,DEN@LAC,False,1.0,,False,,,,,,,,,,,,,0.0,0.1903,0.20975,53,0.0,0.0,0.0,94.0,38.650569505830724,15.143533866466548,54.80567524263529,63.0,2.82695,2.0,4.0,72.0,0.20975,0.0,4.89005,0.0032887126712387916,0.12922691808948278,0.1903
Patrick Herbert,TE,LAC,DEN,DEN@LAC,False,1.0,,False,,,,,,,,,,,,,0.0,0.0037,0.0037,1,0.0,0.0,0.0,60.0,0.9340347981949865,0.0,0.0,60.0,0.0899,0.0,0.0,60.0,0.0037,0.0,0.1451,0.0046041977397343085,0.0040823085174451264,0.0037
Alec Ingold,RB,LAC,DEN,DEN@LAC,False,1.0,,False,,,,,,,,,,,,,0.0,0.04755,0.0487,11,0.0,0.0,0.0,65.0,4.336146867492012,0.0,6.252489290817753,22.0,0.55355,0.0,1.0,11.0,0.0487,0.0,0.8152,0.0036952945753489157,0.02139757814074709,0.04755
Quentin Johnston,WR,LAC,DEN,DEN@LAC,False,1.0,,False,,,,,,,,,,,,,0.0062,0.1568,0.1703,33,1.3898465429172162,0.0,0.0,90.0,45.58313266048442,19.485445963197563,63.852807897074996,61.0,3.1438,2.0,4.0,71.0,0.1641,0.2922,5.8422,0.010140197402986275,0.15388130756618928,0.1568
Charlie Kolar,TE,LAC,DEN,DEN@LAC,False,1.0,,False,,,,,,,,,,,,,0.0,0.0371,0.0377,4,0.0,0.0,0.0,64.0,8.741691596124326,0.0,13.467599617427112,18.0,0.84185,0.0,1.0,28.0,0.0377,0.0,1.355,0.0046041977397343085,0.03760014043237683,0.0371
Ladd McConkey,WR,LAC,DEN,DEN@LAC,False,1.0,,False,,,,,,,,,,,,,0.0,0.18805,0.2061,41,0.0,0.0,0.0,87.0,44.29474556068111,19.625061820943657,61.90860389125077,59.0,3.2376,2.0,4.0,69.0,0.2061,0.0,5.65005,0.0032887126712387916,0.14996745811321108,0.18805
Keaton Mitchell,RB,LAC,DEN,DEN@LAC,False,1.0,,False,,,,,,,,,,,,,0.13765,0.20025,0.22165,56,30.535109908684266,15.010696584752097,41.320960738530744,65.0,10.935424416768157,0.0,16.598834108930337,46.0,1.45055,0.0,2.0,50.0,0.084,6.17765,2.13915,0.20949279853215524,0.05638636291142218,0.20025
Hayden Rucci,TE,LAC,DEN,DEN@LAC,False,1.0,,False,,,,,,,,,,,,,0.0,0.00405,0.00405,1,0.0,0.0,0.0,60.0,0.8376942346068459,0.0,0.0,60.0,0.08045,0.0,0.0,60.0,0.00405,0.0,0.13285,0.0046041977397343085,0.003587966470410755,0.00405
Brenen Thompson,WR,LAC,DEN,DEN@LAC,False,1.0,,False,,,,,,,,,,,,,0.0,0.0322,0.0326,4,0.0,0.0,0.0,64.0,9.580589928339096,0.0,14.79358510065246,18.0,0.7236,0.0,1.0,23.0,0.0326,0.0,1.27025,0.0046041977397343085,0.03348966677736562,0.0322
Marquez Valdes-Scantling,WR,LAC,DEN,DEN@LAC,False,1.0,,False,,,,,,,,,,,,,0.0,0.037,0.0378,3,0.0,0.0,0.0,63.0,9.732395727511388,0.0,14.97034898068016,17.0,0.7458,0.0,1.0,22.0,0.0378,0.0,1.3691,0.0046041977397343085,0.036091110957891595,0.037
Kimani Vidal,RB,LAC,DEN,DEN@LAC,False,1.0,,False,,,,,,,,,,,,,0.05545,0.11485,0.12165,24,13.322197345889167,3.2125420581628985,18.643411340197567,37.0,8.05528093246687,0.0,12.457867496090136,26.0,1.0215,0.0,2.0,13.0,0.0662,2.77515,1.52815,0.09531117616028195,0.04046362227468789,0.11485
Jared Goff,QB,DET,ARI,DET@ARI,False,1.0,,False,21.67155,19.0,25.0,92.0,275.1600079976659,206.52278842354448,330.62544714882966,86.0,2.1731,1.0,3.0,72.0,0.04855,0.0473,0.04855,62,,,,,,,,,,,,,,,,,,0.0473
Jahmyr Gibbs,RB,DET,ARI,DET@ARI,False,1.0,,False,,,,,,,,,,,,,0.96815,0.75655,1.3244,85,88.17689122607426,62.42211579997025,108.8238976898775,84.0,35.8832670479445,17.38954802954039,49.181502989508616,73.0,4.00135,2.0,5.0,78.0,0.35625,19.58815,5.3635,0.7751850110497327,0.16214117450103904,0.75655
Tom Kennedy,WR,DET,ARI,DET@ARI,False,1.0,,False,,,,,,,,,,,,,0.0,0.0154,0.0155,1,0.0,0.0,0.0,60.0,3.3384599183455363,0.0,0.0,60.0,0.22955,0.0,0.0,60.0,0.0155,0.0,0.3698,0.0038415130614106482,0.010432581648908028,0.0154
Sam LaPorta,TE,DET,ARI,DET@ARI,False,1.0,,False,,,,,,,,,,,,,0.0,0.4367,0.56135,85,0.0,0.0,0.0,97.0,64.08907640911868,34.627965022506544,85.63476976156744,76.0,5.2614,3.0,7.0,77.0,0.56135,0.0,7.59755,0.0038415130614106482,0.19841174899369102,0.4367
Tay Martin,WR,DET,ARI,DET@ARI,False,1.0,,False,,,,,,,,,,,,,0.0,0.01235,0.01235,1,0.0,0.0,0.0,60.0,2.6057366712318384,0.0,0.0,60.0,0.1811,0.0,0.0,60.0,0.01235,0.0,0.2957,0.0038415130614106482,0.008621968304882667,0.01235
Jackson Meeks,WR,DET,ARI,DET@ARI,False,1.0,,False,,,,,,,,,,,,,0.0,0.0297,0.03035,2,0.0,0.0,0.0,62.0,6.140127678219185,0.0,6.863559249761038,28.0,0.4254,0.0,1.0,2.0,0.03035,0.0,0.68635,0.0038415130614106482,0.019737743915269484,0.0297
Jacob Saylors,RB,DET,ARI,DET@ARI,False,1.0,,False,,,,,,,,,,,,,0.0095,0.0166,0.0167,1,1.1611207814546394,0.0,0.0,60.0,0.9112640143380369,0.0,0.0,60.0,0.10595,0.0,0.0,60.0,0.0072,0.26555,0.14555,0.010091520359368623,0.004511173780891067,0.0166
Amon-Ra St. Brown,WR,DET,ARI,DET@ARI,False,1.0,,False,,,,,,,,,,,,,0.0,0.5139,0.69435,85,0.0,0.0,0.0,97.0,78.84073313667848,45.895170304398064,103.36228953182645,78.0,6.19185,4.0,8.0,81.0,0.69435,0.0,9.8512,0.0038415130614106482,0.28363227156916554,0.5139
Isaac TeSlaa,WR,DET,ARI,DET@ARI,False,1.0,,False,,,,,,,,,,,,,0.0,0.16495,0.1792,46,0.0,0.0,0.0,87.0,26.398601946021802,2.5432079477505707,39.351488940884465,45.0,1.57685,1.0,2.0,68.0,0.1792,0.0,2.6452,0.0038415130614106482,0.07567463907937996,0.16495
Sione Vaki,RB,DET,ARI,DET@ARI,False,1.0,,False,,,,,,,,,,,,,0.1153,0.1493,0.16035,19,14.002019959058106,3.990077778948658,19.227063409315086,40.0,6.419451895758293,0.0,9.686886216876728,27.0,0.73045,0.0,1.0,32.0,0.04505,3.2167,0.9998,0.12687938776265129,0.030165145527173934,0.1493
Jameson Williams,WR,DET,ARI,DET@ARI,False,1.0,,False,,,,,,,,,,,,,0.0,0.24255,0.27685,55,0.0,0.0,0.0,97.0,57.500139679255035,25.09281446886376,80.17328776778699,71.0,3.3959,2.0,5.0,73.0,0.27685,0.0,5.53635,0.0038415130614106482,0.1581149233879144,0.24255
Brock Wright,TE,DET,ARI,DET@ARI,False,1.0,,False,,,,,,,,,,,,,0.0,0.0996,0.1052,14,0.0,0.0,0.0,68.0,13.111407362543464,0.0,20.20323710655489,22.0,1.1509,0.0,2.0,16.0,0.1052,0.0,1.76165,0.0038415130614106482,0.04523149968397011,0.0996
Jacoby Brissett,QB,ARI,DET,DET@ARI,False,1.0,,False,24.0175,21.0,27.0,93.0,230.51317735154666,176.30773468199152,274.6968469735636,87.0,1.5996,1.0,2.0,81.0,0.1309,0.12405,0.1309,62,,,,,,,,,,,,,,,,,,0.12405
Tyler Allgeier,RB,ARI,DET,DET@ARI,False,1.0,,False,,,,,,,,,,,,,0.25625,0.2983,0.34495,82,30.634972262597184,15.104128160696384,40.82144312065717,69.0,9.295973891249266,0.0,14.02206857368683,49.0,1.4099,0.0,2.0,52.0,0.0887,7.1861,1.8095,0.27039062559705973,0.0509188139512105,0.2983
Kendrick Bourne,WR,ARI,DET,DET@ARI,False,1.0,,False,,,,,,,,,,,,,0.0,0.15255,0.1649,36,0.0,0.0,0.0,82.0,29.92060088419316,11.034418913932294,42.828925819563175,51.0,2.7153,1.0,4.0,49.0,0.1649,0.0,4.0122,0.0033244354637554452,0.10411967540266356,0.15255
Jalen Brooks,WR,ARI,DET,DET@ARI,False,1.0,,False,,,,,,,,,,,,,0.0,0.01635,0.0166,2,0.0,0.0,0.0,62.0,4.341900529756899,0.0,3.401511678919311,38.0,0.36995,0.0,1.0,2.0,0.0166,0.0,0.573,0.0033244354637554452,0.014732886342860475,0.01635
Devin Duvernay,WR,ARI,DET,DET@ARI,False,1.0,,False,,,,,,,,,,,,,0.0,0.0131,0.0132,1,0.0,0.0,0.0,60.0,3.041618845935308,0.0,0.0,60.0,0.2632,0.0,0.0,60.0,0.0132,0.0,0.4023,0.0033244354637554452,0.010542776554545575,0.0131
Simi Fehoko,WR,ARI,DET,DET@ARI,False,1.0,,False,,,,,,,,,,,,,0.0,0.0091,0.00915,1,0.0,0.0,0.0,60.0,1.975314086526398,0.0,0.0,60.0,0.17,0.0,0.0,60.0,0.00915,0.0,0.2644,0.0033244354637554452,0.007046354049481222,0.0091
Marvin Harrison Jr.,WR,ARI,DET,DET@ARI,False,1.0,,False,,,,,,,,,,,,,0.0,0.16525,0.17965,34,0.0,0.0,0.0,81.0,36.59541622807307,13.783202240012367,52.009042786263265,49.0,2.796,1.0,4.0,49.0,0.17965,0.0,4.5469,0.0033244354637554452,0.11746819027839879,0.16525
Elijah Higgins,TE,ARI,DET,DET@ARI,False,1.0,,False,,,,,,,,,,,,,0.0,0.0665,0.0688,14,0.0,0.0,0.0,68.0,10.933817756602261,0.0,16.513096033010875,23.0,1.19045,0.0,2.0,18.0,0.0688,0.0,1.60615,0.0033244354637554452,0.04052966017172565,0.0665
Bam Knight,RB,ARI,DET,DET@ARI,False,1.0,,False,,,,,,,,,,,,,0.06035,0.08335,0.08635,1,10.483950868883028,1.6297044731833443,14.67535708449036,24.0,4.328105752312081,0.0,6.433715401878703,17.0,0.63795,0.0,1.0,14.0,0.026,2.24705,0.8375,0.08497460504531658,0.023708042913553586,0.08335
Jeremiyah Love,RB,ARI,DET,DET@ARI,False,1.0,,False,,,,,,,,,,,,,0.4576,0.46325,0.60405,85,60.764679867230214,39.23634529093823,77.26772657420344,81.0,16.116679625185004,5.255865989326301,23.183615720158567,67.0,2.45265,1.0,3.0,76.0,0.14645,13.46045,3.1407,0.5092720640104171,0.08845686991752004,0.46325
Trey McBride,TE,ARI,DET,DET@ARI,False,1.0,,False,,,,,,,,,,,,,0.0,0.4221,0.53135,85,0.0,0.0,0.0,97.0,72.61585219929151,45.82418521801573,92.8509745628281,81.0,8.3462,6.0,10.0,86.0,0.53135,0.0,11.58315,0.0033244354637554452,0.2923659792745885,0.4221
Michael Wilson,WR,ARI,DET,DET@ARI,False,1.0,,False,,,,,,,,,,,,,0.0,0.3579,0.4354,85,0.0,0.0,0.0,97.0,58.03003562810107,31.94109234074717,77.71784665657489,76.0,5.3921,4.0,7.0,83.0,0.4354,0.0,8.5108,0.0033244354637554452,0.21968868570910857,0.3579
Brock Purdy,QB,SF,SEA,SF@SEA,False,1.0,,False,19.21935,16.0,22.0,91.0,200.29305947041726,151.15062630784777,239.68346129040174,87.0,1.544,1.0,2.0,81.0,0.08355,0.08065,0.08355,62,,,,,,,,,,,,,,,,,,0.08065
Kaelon Black,RB,SF,SEA,SF@SEA,False,1.0,,False,,,,,,,,,,,,,0.14285,0.14755,0.1598,64,30.97790834327291,15.730504052006843,41.094449182354325,59.0,2.5232291789853734,0.0,1.426256688093706,66.0,0.34965,0.0,1.0,23.0,0.01695,7.02295,0.4792,0.23535440655223241,0.013060571821693389,0.14755
Brandin Cooks,WR,SF,SEA,SF@SEA,False,1.0,,False,,,,,,,,,,,,,0.0,0.0514,0.0523,1,0.0,0.0,0.0,61.0,10.620156635216036,0.0,16.47932144510741,15.0,0.8841,0.0,1.0,27.0,0.0523,0.0,1.43585,0.005374325016067712,0.042895629934630516,0.0514
Jacob Cowing,WR,SF,SEA,SF@SEA,False,1.0,,False,,,,,,,,,,,,,0.00335,0.03125,0.03165,5,0.8426150202118798,0.0,0.0,65.0,5.554216122634194,0.0,7.079708079939643,27.0,0.4571,0.0,1.0,5.0,0.0283,0.1829,0.7552,0.005995845596157175,0.022039752282132303,0.03125
Mike Evans,WR,SF,SEA,SF@SEA,False,1.0,,False,,,,,,,,,,,,,0.0,0.291,0.3403,64,0.0,0.0,0.0,97.0,49.58814079787652,24.574701531403647,67.94497073576109,72.0,4.05235,3.0,5.0,84.0,0.3403,0.0,6.64695,0.0030710428663244076,0.19581578636827604,0.291
Luke Farrell,TE,SF,SEA,SF@SEA,False,1.0,,False,,,,,,,,,,,,,0.0,0.02245,0.0227,5,0.0,0.0,0.0,65.0,4.3753783194189815,0.0,5.274360604723593,29.0,0.4462,0.0,1.0,5.0,0.0227,0.0,0.669,0.0030710428663244076,0.020232908814165798,0.02245
Jordan James,RB,SF,SEA,SF@SEA,False,1.0,,False,,,,,,,,,,,,,0.04315,0.04795,0.04915,2,10.720752115665503,1.7688421925435172,14.828977611126852,26.0,0.9023125804544124,0.0,0.0,62.0,0.12385,0.0,0.0,62.0,0.006,2.35685,0.17285,0.07812553672694611,0.0047922598112984304,0.04795
Kyle Juszczyk,RB,SF,SEA,SF@SEA,False,1.0,,False,,,,,,,,,,,,,0.0,0.1134,0.11945,20,0.0,0.0,0.0,68.0,10.006044753407329,0.0,15.319443096314348,22.0,1.28545,0.0,2.0,21.0,0.11945,0.0,1.7057,0.002997415283144682,0.04771474741454408,0.1134
George Kittle,TE,SF,SEA,SF@SEA,False,1.0,,False,,,,,,,,,,,,,0.0,0.3003,0.35035,66,0.0,0.0,0.0,95.0,45.97884073014332,23.364174383100615,62.66604518938637,70.0,4.3404,3.0,6.0,74.0,0.35035,0.0,6.2113,0.0030710428663244076,0.18884963429795898,0.3003
Christian McCaffrey,RB,SF,SEA,SF@SEA,False,1.0,,False,,,,,,,,,,,,,0.3637,0.50735,0.67415,85,59.48956259705682,37.98369008984372,76.05366527171789,81.0,34.65891896980605,17.777404346685493,47.17447724391114,75.0,4.52225,3.0,6.0,80.0,0.31045,12.94105,6.12695,0.43406771894400925,0.17103836063161115,0.50735
Deebo Samuel Sr.,WR,SF,SEA,SF@SEA,False,1.0,,False,,,,,,,,,,,,,0.0158,0.2839,0.32895,57,3.761732167671861,0.0,4.745582430720869,49.0,38.50335266432915,16.63086072191856,53.48676395568445,58.0,3.19155,2.0,4.0,68.0,0.31315,0.823,4.9751,0.02795070537895178,0.14850278240898987,0.2839
Jordan Watkins,WR,SF,SEA,SF@SEA,False,1.0,,False,,,,,,,,,,,,,0.0,0.0409,0.0417,3,0.0,0.0,0.0,63.0,9.461826516718592,0.0,14.09604644457904,18.0,0.7091,0.0,1.0,20.0,0.0417,0.0,1.13365,0.004299460012854171,0.033760965478700264,0.0409
Brayden Willis,TE,SF,SEA,SF@SEA,False,1.0,,False,,,,,,,,,,,,,0.0,0.00355,0.00355,1,0.0,0.0,0.0,60.0,0.6249376036905081,0.0,0.0,60.0,0.06475,0.0,0.0,60.0,0.00355,0.0,0.0946,0.003582883344045142,0.002838696348869022,0.00355
Sam Darnold,QB,SEA,SF,SF@SEA,False,1.0,,False,19.25715,16.0,22.0,81.0,214.69062460696966,160.88733671969578,257.19256087410184,77.0,1.80315,1.0,3.0,57.0,0.0596,0.0579,0.0596,51,,,,,,,,,,,,,,,,,,0.0579
Elijah Arroyo,TE,SEA,SF,SF@SEA,False,1.0,,False,,,,,,,,,,,,,0.0,0.04055,0.0416,2,0.0,0.0,0.0,62.0,6.176051871299164,0.0,9.295373070921201,16.0,0.6521,0.0,1.0,16.0,0.0416,0.0,0.99785,0.003262229815323455,0.02872645490818688,0.04055
AJ Barner,TE,SEA,SF,SF@SEA,False,1.0,,False,,,,,,,,,,,,,0.02195,0.30695,0.35665,59,1.1524524470709305,0.0,0.0,84.0,29.918515652754554,12.38702400433874,42.04916603033806,54.0,3.15555,2.0,4.0,65.0,0.3347,0.2556,4.5749,0.005980754661426334,0.13364013716976386,0.30695
Montorie Foster Jr,WR,SEA,SF,SF@SEA,False,1.0,,False,,,,,,,,,,,,,0.0,0.0126,0.01275,1,0.0,0.0,0.0,60.0,2.055922441266687,0.0,0.0,60.0,0.1737,0.0,0.0,60.0,0.01275,0.0,0.2771,0.005708902176816046,0.00854305500139244,0.0126
George Holani,RB,SEA,SF,SF@SEA,False,1.0,,False,,,,,,,,,,,,,0.19905,0.2619,0.29815,66,30.720778793614322,15.150644161137919,40.96292052841174,60.0,8.751858907919901,0.0,13.370902186917798,39.0,1.25335,0.0,2.0,37.0,0.0991,7.6013,1.6739,0.17829966896321653,0.047136227034003074,0.2619
Tory Horton,WR,SEA,SF,SF@SEA,False,1.0,,False,,,,,,,,,,,,,0.0,0.1082,0.11315,13,0.0,0.0,0.0,66.0,15.028976208057877,0.0,22.96312047352386,21.0,1.26495,0.0,2.0,19.0,0.11315,0.0,2.05135,0.0038059347845440313,0.06098935874830184,0.1082
Cooper Kupp,WR,SEA,SF,SF@SEA,False,1.0,,False,,,,,,,,,,,,,0.0,0.16985,0.18495,27,0.0,0.0,0.0,79.0,28.816752151249098,9.555117319648373,41.50547770500179,46.0,2.4348,1.0,3.0,55.0,0.18495,0.0,3.8282,0.003262229815323455,0.11564225014598997,0.16985
Brady Russell,RB,SEA,SF,SF@SEA,False,1.0,,False,,,,,,,,,,,,,0.0,0.02365,0.0241,4,0.0,0.0,0.0,64.0,3.037780891072643,0.0,3.4166438449284615,30.0,0.42535,0.0,1.0,4.0,0.0241,0.0,0.5691,0.0028565878489370602,0.015908084359317815,0.02365
Eric Saubert,TE,SEA,SF,SF@SEA,False,1.0,,False,,,,,,,,,,,,,0.0,0.0778,0.08105,16,0.0,0.0,0.0,65.0,4.273491815916792,0.0,5.267363379279552,28.0,0.4553,0.0,1.0,5.0,0.08105,0.0,0.67295,0.003262229815323455,0.019484648712587753,0.0778
Rashid Shaheed,WR,SEA,SF,SF@SEA,False,1.0,,False,,,,,,,,,,,,,0.01115,0.1975,0.21495,37,2.2832860502194436,0.0,1.6204388391387092,63.0,30.932195918797806,11.848134879998788,43.9411725076374,53.0,2.8026,1.0,4.0,52.0,0.2038,0.5271,4.59145,0.012571117924706042,0.1384342180920213,0.1975
Jaxon Smith-Njigba,WR,SEA,SF,SF@SEA,False,1.0,,False,,,,,,,,,,,,,0.0,0.5157,0.70285,85,0.0,0.0,0.0,97.0,92.93907451503722,56.228089855439265,120.75900135921208,79.0,6.87975,5.0,9.0,83.0,0.70285,0.0,10.3436,0.003262229815323455,0.3117321820838493,0.5157
Emanuel Wilson,RB,SEA,SF,SF@SEA,False,1.0,,False,,,,,,,,,,,,,0.4865,0.449,0.5792,85,66.55063868383381,43.77309480907958,84.1513427960216,82.0,8.13245777166081,0.0,12.489827180325499,54.0,1.13885,0.0,2.0,47.0,0.0927,16.39695,1.5269,0.3854656705746217,0.04332789584955171,0.449
Tyler Huntley,QB,BAL,ATL,BAL@ATL,False,1.0,,False,19.3888,16.0,22.0,53.0,232.84022156348215,174.66595013059296,279.7569568896365,49.0,1.1612,0.0,2.0,11.0,0.12195,0.1154,0.12195,21,,,,,,,,,,,,,,,,,,0.1154
Rasheen Ali,RB,BAL,ATL,BAL@ATL,False,1.0,,False,,,,,,,,,,,,,0.01035,0.02485,0.0252,1,1.8939928875645473,0.0,1.0623987688099905,43.0,2.9325539377586423,0.0,2.8018050360975666,31.0,0.3971,0.0,1.0,1.0,0.01485,0.46835,0.5327,0.014580223883062873,0.015559063618153094,0.02485
Mark Andrews,TE,BAL,ATL,BAL@ATL,False,0.9479829842591244,Full,False,,,,,,,,,,,,,0.0,0.23407282499868262,0.2647942245876587,50,0.0,0.0,0.0,88.0,39.82406099716074,20.051238284928367,54.262315849776385,63.0,4.208673657585498,3.0,6.0,68.0,0.2647942245876587,0.0,6.185224218791168,0.0033505810797807047,0.18896138485415612,0.22189705517621494
Rashod Bateman,WR,BAL,ATL,BAL@ATL,False,0.9575230478992892,Limited,False,,,,,,,,,,,,,0.0,0.16363160648874936,0.17713239141810572,32,0.0,0.0,0.0,77.0,32.038953394692136,10.771326121941915,46.29858697804068,45.0,2.426007326007326,1.0,3.0,53.0,0.17713239141810572,0.0,4.0285714285714285,0.0033505810797807047,0.11304039849100514,0.1566810345777644
Josh Cuevas,TE,BAL,ATL,BAL@ATL,False,1.0,,False,,,,,,,,,,,,,0.0,0.0093,0.00935,1,0.0,0.0,0.0,61.0,2.1547327441406545,0.0,0.0,61.0,0.2114,0.0,0.0,61.0,0.00935,0.0,0.30935,0.0033505810797807047,0.009294297494993331,0.0093
Zay Flowers,WR,BAL,ATL,BAL@ATL,False,0.9575230478992892,Limited,False,,,,,,,,,,,,,0.00547673690799082,0.31107865637387855,0.36558522845816815,53,0.8814619540452504,0.0,0.0,86.0,88.63713013159912,50.97049621520804,117.79555721422999,64.0,5.726371792196954,4.0,7.0,71.0,0.3601084915501773,0.22819737116628416,8.59206133945337,0.007337968505133763,0.24387230716373148,0.29786498318753185
Derrick Henry,RB,BAL,ATL,BAL@ATL,False,1.0,,False,,,,,,,,,,,,,0.6502,0.5156,0.69905,81,79.07499982633324,54.413960916634764,98.52754688526329,77.0,8.781283215239792,0.0,13.506639734006313,48.0,1.1983,0.0,2.0,44.0,0.04885,19.556,1.62735,0.6096151480726455,0.047920297792953204,0.5156
Matthew Hibner,TE,BAL,ATL,BAL@ATL,False,1.0,,False,,,,,,,,,,,,,0.0,0.05345,0.0548,13,0.0,0.0,0.0,67.0,6.669839135702601,0.0,9.83484464509049,23.0,0.65435,0.0,1.0,21.0,0.0548,0.0,0.9593,0.0033505810797807047,0.028866262668102594,0.05345
Justice Hill,RB,BAL,ATL,BAL@ATL,False,1.0,,False,,,,,,,,,,,,,0.0621,0.11295,0.1193,16,12.193021424693166,3.0044095930130643,16.380997099001156,42.0,10.626345898803281,0.0,16.218672675860258,29.0,1.4044,0.0,2.0,32.0,0.0572,3.0415,1.86935,0.09454470175228535,0.05464796245885075,0.11295
Chris Moore,WR,BAL,ATL,BAL@ATL,False,0.9575230478992892,Limited,False,,,,,,,,,,,,,0.0,0.09674214296919939,0.10176227579354703,14,0.0,0.0,0.0,65.0,18.875158505665617,0.0,28.39869361091585,22.0,1.439104742979658,0.0,2.0,25.0,0.10176227579354703,0.0,2.405323432515819,0.0039090112597441554,0.06779387238461833,0.09263283159617659
Elijah Sarratt,WR,BAL,ATL,BAL@ATL,False,1.0,,False,,,,,,,,,,,,,0.0,0.05135,0.0527,2,0.0,0.0,0.0,62.0,13.530192870925498,0.0,20.946633588465804,15.0,1.07835,0.0,2.0,6.0,0.0527,0.0,1.7214,0.005863516889616232,0.04788492639190103,0.05135
Devontez Walker,WR,BAL,ATL,BAL@ATL,False,1.0,,False,,,,,,,,,,,,,0.0,0.0382,0.0389,7,0.0,0.0,0.0,67.0,11.424718253860684,0.0,17.701784081044458,20.0,0.82465,0.0,1.0,30.0,0.0389,0.0,1.33185,0.0039090112597441554,0.03731054551729006,0.0382
LaJohntay Wester,WR,BAL,ATL,BAL@ATL,False,1.0,,False,,,,,,,,,,,,,0.0,0.0173,0.0174,6,0.0,0.0,0.0,65.0,4.451661711025572,0.0,3.686006783315104,41.0,0.3655,0.0,1.0,5.0,0.0174,0.0,0.5821,0.0033505810797807047,0.016153341357279926,0.0173
Michael Penix Jr.,QB,ATL,BAL,BAL@ATL,False,1.0,,False,16.25225,14.0,19.0,67.0,183.26923325804992,136.38540767341166,221.47015329708802,63.0,1.03665,0.0,2.0,19.0,0.06585,0.0639,0.06585,36,,,,,,,,,,,,,,,,,,0.0639
Chris Blair,WR,ATL,BAL,BAL@ATL,False,1.0,,False,,,,,,,,,,,,,0.0,0.02,0.0201,5,0.0,0.0,0.0,65.0,4.58388976076785,0.0,4.7694806204279665,34.0,0.3907,0.0,1.0,5.0,0.0201,0.0,0.6342,0.0031502759534442386,0.022943739101831354,0.02
Zachariah Branch,WR,ATL,BAL,BAL@ATL,False,1.0,,False,,,,,,,,,,,,,0.0,0.0459,0.0468,11,0.0,0.0,0.0,70.0,9.113810275198855,0.0,14.069696662505029,23.0,0.7986,0.0,1.0,32.0,0.0468,0.0,1.2839,0.0031502759534442386,0.047572260203136776,0.0459
Jahan Dotson,WR,ATL,BAL,BAL@ATL,False,1.0,,False,,,,,,,,,,,,,0.0,0.10535,0.11075,23,0.0,0.0,0.0,81.0,24.371475141252816,6.081279638498273,35.933274440076694,44.0,1.9166,1.0,3.0,49.0,0.11075,0.0,3.26895,0.0031502759534442386,0.11891367777770208,0.10535
Austin Hooper,TE,ATL,BAL,BAL@ATL,False,1.0,,False,,,,,,,,,,,,,0.0,0.08535,0.0888,18,0.0,0.0,0.0,71.0,10.850540587656747,0.0,16.792246134905362,25.0,1.0849,0.0,2.0,16.0,0.0888,0.0,1.5916,0.0031502759534442386,0.05896569395380625,0.08535
Drake London,WR,ATL,BAL,BAL@ATL,False,1.0,,False,,,,,,,,,,,,,0.0123,0.23505,0.2647,44,1.3947831320475446,0.0,0.0,97.0,68.22353795389313,36.44673651577112,91.89403632233591,76.0,4.58275,3.0,6.0,80.0,0.2524,0.3258,7.3306,0.009819206903275791,0.2657058886880604,0.23505
Nick Muse,TE,ATL,BAL,BAL@ATL,False,1.0,,False,,,,,,,,,,,,,0.0,0.00635,0.00635,1,0.0,0.0,0.0,60.0,1.1268777170416975,0.0,0.0,60.0,0.11685,0.0,0.0,60.0,0.00635,0.0,0.17505,0.0031502759534442386,0.006412526636874322,0.00635
Kyle Pitts,TE,ATL,BAL,BAL@ATL,False,1.0,,False,,,,,,,,,,,,,0.0,0.13035,0.1383,16,0.0,0.0,0.0,74.0,27.52246335190855,10.571222605949224,39.444950299251175,43.0,2.7246,1.0,4.0,41.0,0.1383,0.0,4.0478,0.0031502759534442386,0.14883344518443625,0.13035
Bijan Robinson,RB,ATL,BAL,BAL@ATL,False,1.0,,False,,,,,,,,,,,,,0.8181,0.6616,1.0201,85,95.65796067839554,67.92722496193842,117.77736036542197,84.0,28.25830358389476,13.092505937986381,39.24762560685237,72.0,3.5093,2.0,5.0,74.0,0.202,17.7455,4.80485,0.5235796372245433,0.18925834294243946,0.6616
Brian Robinson,RB,ATL,BAL,BAL@ATL,False,1.0,,False,,,,,,,,,,,,,0.3738,0.3502,0.4253,70,37.425234761020235,20.15518352198248,49.51053089379929,70.0,3.4103496643309343,0.0,4.403241494179072,55.0,0.46125,0.0,1.0,33.0,0.0515,8.50125,0.62915,0.25096651855602936,0.02478586043366652,0.3502
Charlie Woerner,TE,ATL,BAL,BAL@ATL,False,1.0,,False,,,,,,,,,,,,,0.0,0.0488,0.05045,9,0.0,0.0,0.0,63.0,3.380167771177572,0.0,2.3429452899653436,42.0,0.34315,0.0,1.0,3.0,0.05045,0.0,0.5188,0.0031502759534442386,0.019074873176285142,0.0488
Olamide Zaccheaus,WR,ATL,BAL,BAL@ATL,False,1.0,,False,,,,,,,,,,,,,0.0,0.1128,0.11905,18,0.0,0.0,0.0,71.0,15.525876435836727,0.15910758105288555,23.56203937843938,26.0,1.49675,1.0,2.0,51.0,0.11905,0.0,2.4579,0.0031502759534442386,0.08995595154860761,0.1128
Josh Allen,QB,BUF,LA,BUF@LA,False,1.0,,False,17.75045,15.0,20.0,92.0,198.86599475970868,147.86356894921613,239.3245702330144,86.0,1.45065,1.0,2.0,79.0,0.3395,0.29165,0.3395,62,,,,,,,,,,,,,,,,,,0.29165
Keon Coleman,WR,BUF,LA,BUF@LA,False,1.0,,False,,,,,,,,,,,,,0.0,0.1836,0.2015,39,0.0,0.0,0.0,86.0,30.947951735739725,10.762533116982084,44.57046649891732,53.0,2.45005,1.0,3.0,61.0,0.2015,0.0,4.16525,0.003392941625850868,0.1301267530969299,0.1836
James Cook,RB,BUF,LA,BUF@LA,False,1.0,,False,,,,,,,,,,,,,0.7871,0.6209,0.92095,85,84.99955479206686,58.999037928753964,105.89295772169615,83.0,12.12719874049633,1.2954511620356437,18.26181354754905,58.0,1.61085,1.0,2.0,81.0,0.13385,15.9367,2.34755,0.5745358041937717,0.07355259779299152,0.6209
Ray Davis,RB,BUF,LA,BUF@LA,False,1.0,,False,,,,,,,,,,,,,0.0498,0.0641,0.0658,3,6.382717362956038,0.0,8.65120657680553,22.0,2.169036134438772,0.0,0.0,63.0,0.30155,0.0,0.0,63.0,0.016,1.4898,0.44325,0.05343878027049583,0.01374792486684495,0.0641
Greg Dortch,WR,BUF,LA,BUF@LA,False,1.0,,False,,,,,,,,,,,,,0.0,0.02205,0.02245,1,0.0,0.0,0.0,60.0,4.337151193795411,0.0,4.240291627309645,31.0,0.39145,0.0,1.0,1.0,0.02245,0.0,0.6697,0.003392941625850868,0.020426963710725405,0.02205
Frank Gore Jr.,RB,BUF,LA,BUF@LA,False,1.0,,False,,,,,,,,,,,,,0.03815,0.0429,0.0436,1,4.107904063937755,0.0,5.236302508088871,22.0,0.7995426230378548,0.0,0.0,61.0,0.10945,0.0,0.0,61.0,0.00545,0.9778,0.1629,0.035398489107721476,0.005049536016710262,0.0429
Jackson Hawes,TE,BUF,LA,BUF@LA,False,1.0,,False,,,,,,,,,,,,,0.0,0.02095,0.0212,2,0.0,0.0,0.0,62.0,3.7993621347666746,0.0,3.3510213078594475,35.0,0.37775,0.0,1.0,2.0,0.0212,0.0,0.60035,0.003392941625850868,0.020000343307203145,0.02095
Ty Johnson,RB,BUF,LA,BUF@LA,False,1.0,,False,,,,,,,,,,,,,0.09685,0.19725,0.2156,19,10.977432065841974,2.219888443545657,14.81221066750869,33.0,14.046702415886777,2.4115525813425926,20.932057160685574,28.0,1.7039,1.0,2.0,50.0,0.11875,2.6424,2.5418,0.09494932660053809,0.07891110438646139,0.19725
Dalton Kincaid,TE,BUF,LA,BUF@LA,False,1.0,,False,,,,,,,,,,,,,0.0,0.17865,0.19545,39,0.0,0.0,0.0,90.0,36.553815030805126,15.054180950833306,51.46910334058346,61.0,3.11005,2.0,4.0,71.0,0.19545,0.0,4.84325,0.003392941625850868,0.16248131867061974,0.17865
Dawson Knox,TE,BUF,LA,BUF@LA,False,1.0,,False,,,,,,,,,,,,,0.0076,0.11055,0.1158,22,0.8099159909571301,0.0,0.0,70.0,10.87749815601639,0.0,16.873371623306845,23.0,1.09195,0.0,2.0,15.0,0.1082,0.1884,1.73825,0.006820155389336594,0.05831967232573491,0.11055
Keleki Latu,TE,BUF,LA,BUF@LA,False,1.0,,False,,,,,,,,,,,,,0.0,0.0042,0.0042,1,0.0,0.0,0.0,60.0,0.6634864904080022,0.0,0.0,60.0,0.06825,0.0,0.0,60.0,0.0042,0.0,0.1095,0.003392941625850868,0.00375454697026336,0.0042
DJ Moore,WR,BUF,LA,BUF@LA,False,1.0,,False,,,,,,,,,,,,,0.0122,0.23925,0.2681,52,1.4934317482581443,0.0,0.0,92.0,37.74931195159478,15.069473707829173,53.26809027332858,62.0,2.8683,2.0,4.0,71.0,0.2559,0.34695,5.1289,0.012189456952130896,0.15987487467626524,0.23925
Josh Palmer,WR,BUF,LA,BUF@LA,False,1.0,,False,,,,,,,,,,,,,0.0,0.08195,0.0859,16,0.0,0.0,0.0,74.0,18.612344210773916,0.0,27.972264375616827,29.0,1.31345,0.0,2.0,29.0,0.0859,0.0,2.40385,0.003392941625850868,0.07456817171400026,0.08195
Khalil Shakir,WR,BUF,LA,BUF@LA,False,1.0,,False,,,,,,,,,,,,,0.0,0.297,0.34745,68,0.0,0.0,0.0,97.0,40.50662051533821,19.065851476661308,55.67886569727209,70.0,3.628,2.0,5.0,72.0,0.34745,0.0,6.1232,0.003392941625850868,0.19028190712246992,0.297
Matthew Stafford,QB,LA,BUF,BUF@LA,False,1.0,,False,21.78425,19.0,25.0,92.0,267.1229134209508,200.4198972219673,320.245202471221,87.0,2.0713,1.0,3.0,71.0,0.09355,0.0898,0.09355,62,,,,,,,,,,,,,,,,,,0.0898
Davante Adams,WR,LA,BUF,BUF@LA,False,1.0,,False,,,,,,,,,,,,,0.0,0.4399,0.5628,66,0.0,0.0,0.0,97.0,76.38491286974764,40.707809248472856,102.34793341879646,76.0,4.99075,3.0,6.0,82.0,0.5628,0.0,8.7894,0.0031610623920732108,0.19858760247758686,0.4399
Davis Allen,TE,LA,BUF,BUF@LA,False,1.0,,False,,,,,,,,,,,,,0.0,0.06105,0.06295,12,0.0,0.0,0.0,71.0,9.430240054086966,0.0,14.559107564865487,25.0,0.95475,0.0,1.0,40.0,0.06295,0.0,1.45225,0.0031610623920732108,0.03588219245948672,0.06105
Tutu Atwell,WR,LA,BUF,BUF@LA,False,1.0,,False,,,,,,,,,,,,,0.0,0.0626,0.06465,4,0.0,0.0,0.0,64.0,10.968850587346632,0.0,16.66217793530889,18.0,0.8515,0.0,1.0,29.0,0.06465,0.0,1.4106,0.004425487348902494,0.03211023049436882,0.0626
Alex Bachman,WR,LA,BUF,BUF@LA,False,1.0,,False,,,,,,,,,,,,,0.0,0.0125,0.0126,1,0.0,0.0,0.0,60.0,2.233000371267394,0.0,0.0,60.0,0.17725,0.0,0.0,60.0,0.0126,0.0,0.2892,0.005531859186128118,0.006649207669315253,0.0125
Dean Connors,RB,LA,BUF,BUF@LA,False,1.0,,False,,,,,,,,,,,,,0.0067,0.0127,0.01285,1,0.7812216648318979,0.0,0.0,60.0,0.7036893777989619,0.0,0.0,60.0,0.09145,0.0,0.0,60.0,0.00615,0.18225,0.12945,0.006149077883509232,0.003046940170706678,0.0127
Blake Corum,RB,LA,BUF,BUF@LA,False,1.0,,False,,,,,,,,,,,,,0.26885,0.30805,0.35915,40,37.34112807099583,20.18594016076019,49.357445741348855,68.0,5.853973310682157,0.0,8.842531854442674,46.0,0.77145,0.0,1.0,52.0,0.0903,7.9132,1.08255,0.26616492567221123,0.025578523476510427,0.30805
Tyler Higbee,TE,LA,BUF,BUF@LA,False,1.0,,False,,,,,,,,,,,,,0.0,0.21975,0.24755,44,0.0,0.0,0.0,90.0,25.678114608115745,8.421520730390053,37.07377439677651,57.0,2.45085,1.0,3.0,66.0,0.24755,0.0,3.73275,0.0031610623920732108,0.09300987547845861,0.21975
Konata Mumpfield,WR,LA,BUF,BUF@LA,False,1.0,,False,,,,,,,,,,,,,0.0,0.12765,0.13505,30,0.0,0.0,0.0,82.0,16.36518089494607,0.0,24.93231737722036,37.0,1.17,0.0,2.0,31.0,0.13505,0.0,2.14115,0.0031610623920732108,0.048509016879966,0.12765
Puka Nacua,WR,LA,BUF,BUF@LA,False,1.0,,False,,,,,,,,,,,,,0.0429,0.41295,0.5232,42,1.3620872917768387,0.0,0.0,88.0,89.88199910796848,52.76066025141589,117.54675888500282,66.0,6.5642,5.0,8.0,74.0,0.4803,0.30575,10.39375,0.010326137147439155,0.23532980121091074,0.41295
Colby Parkinson,TE,LA,BUF,BUF@LA,False,1.0,,False,,,,,,,,,,,,,0.0,0.17085,0.1853,20,0.0,0.0,0.0,68.0,15.64771644888955,0.0,23.494743624728223,23.0,1.55,0.0,2.0,29.0,0.1853,0.0,2.31565,0.0036879061240854124,0.05739634136622299,0.17085
Jordan Whittington,WR,LA,BUF,BUF@LA,False,1.0,,False,,,,,,,,,,,,,0.0,0.05245,0.05355,5,0.0,0.0,0.0,65.0,9.640861220590452,0.0,14.628916433988682,19.0,0.77305,0.0,1.0,26.0,0.05355,0.0,1.24715,0.0036879061240854124,0.0283203498503757,0.05245
Kyren Williams,RB,LA,BUF,BUF@LA,False,1.0,,False,,,,,,,,,,,,,0.7221,0.6503,0.9953,85,71.61859430671605,47.982403949497446,90.25025500042736,82.0,23.681776037023276,9.078762907964702,33.62243298207066,69.0,3.0161,2.0,4.0,80.0,0.2732,14.23525,4.2464,0.47929651004145757,0.09969113861169691,0.6503
