player,team,opp,pos,game,market,prob,fair_odds,rush_td_mean,rec_td_mean,confidence,injury_flag,key_drivers,p_active,note
Jalon Daniels,TB,DAL,QB,TB@DAL,anytime_td,0.0891,1022,0.0937,0.0,C,-,team att 34.1; ypa 7.24; opp d_ypa 1.09; pass rate 60.8%,1.0,
Jalon Daniels,TB,DAL,QB,TB@DAL,first_td,0.017369194277944276,5657,0.0937,0.0,C,-,team att 34.1; ypa 7.24; opp d_ypa 1.09; pass rate 60.8%,1.0,
Jalon Daniels,TB,DAL,QB,TB@DAL,last_td,0.017369194277944276,5657,0.0937,0.0,C,-,team att 34.1; ypa 7.24; opp d_ypa 1.09; pass rate 60.8%,1.0,
Jalon Daniels,TB,DAL,QB,TB@DAL,2plus_td,0.00455,21878,0.0937,0.0,C,-,team att 34.1; ypa 7.24; opp d_ypa 1.09; pass rate 60.8%,1.0,
Emeka Egbuka,TB,DAL,WR,TB@DAL,anytime_td,0.20585,386,0.0052,0.22235,B,-,tgt_sh 20.2%; team att 34.1; opp DvP 0.90; RZ tgt 3,1.0,
Emeka Egbuka,TB,DAL,WR,TB@DAL,first_td,0.042157223887223885,2272,0.0052,0.22235,B,-,tgt_sh 20.2%; team att 34.1; opp DvP 0.90; RZ tgt 3,1.0,
Emeka Egbuka,TB,DAL,WR,TB@DAL,last_td,0.042157223887223885,2272,0.0052,0.22235,B,-,tgt_sh 20.2%; team att 34.1; opp DvP 0.90; RZ tgt 3,1.0,
Emeka Egbuka,TB,DAL,WR,TB@DAL,2plus_td,0.0205,4778,0.0052,0.22235,B,-,tgt_sh 20.2%; team att 34.1; opp DvP 0.90; RZ tgt 3,1.0,
Kenny Gainwell,TB,DAL,RB,TB@DAL,anytime_td,0.20505,388,0.0963,0.12995,B,-,tgt_sh 9.1%; team att 34.1; opp DvP 0.93; RZ tgt 3; car_sh 14.9%; team rush 24.0; opp d_ypc 1.08; inside-10 car 0,1.0,
Kenny Gainwell,TB,DAL,RB,TB@DAL,first_td,0.04159733752358752,2304,0.0963,0.12995,B,-,tgt_sh 9.1%; team att 34.1; opp DvP 0.93; RZ tgt 3; car_sh 14.9%; team rush 24.0; opp d_ypc 1.08; inside-10 car 0,1.0,
Kenny Gainwell,TB,DAL,RB,TB@DAL,last_td,0.04159733752358752,2304,0.0963,0.12995,B,-,tgt_sh 9.1%; team att 34.1; opp DvP 0.93; RZ tgt 3; car_sh 14.9%; team rush 24.0; opp d_ypc 1.08; inside-10 car 0,1.0,
Kenny Gainwell,TB,DAL,RB,TB@DAL,2plus_td,0.0203,4826,0.0963,0.12995,B,-,tgt_sh 9.1%; team att 34.1; opp DvP 0.93; RZ tgt 3; car_sh 14.9%; team rush 24.0; opp d_ypc 1.08; inside-10 car 0,1.0,
Chris Godwin Jr.,TB,DAL,WR,TB@DAL,anytime_td,0.1214,724,0.00815,0.121,B,-,tgt_sh 15.2%; team att 34.1; opp DvP 0.90; RZ tgt 0,1.0,
Chris Godwin Jr.,TB,DAL,WR,TB@DAL,first_td,0.02361626498501498,4134,0.00815,0.121,B,-,tgt_sh 15.2%; team att 34.1; opp DvP 0.90; RZ tgt 0,1.0,
Chris Godwin Jr.,TB,DAL,WR,TB@DAL,last_td,0.02361626498501498,4134,0.00815,0.121,B,-,tgt_sh 15.2%; team att 34.1; opp DvP 0.90; RZ tgt 0,1.0,
Chris Godwin Jr.,TB,DAL,WR,TB@DAL,2plus_td,0.00745,13323,0.00815,0.121,B,-,tgt_sh 15.2%; team att 34.1; opp DvP 0.90; RZ tgt 0,1.0,
Ted Hurst III,TB,DAL,WR,TB@DAL,anytime_td,0.12785,682,0.0,0.1356,C,-,tgt_sh 12.1%; team att 34.1; opp DvP 0.90; RZ tgt 2,1.0,
Ted Hurst III,TB,DAL,WR,TB@DAL,first_td,0.024835945027195026,3926,0.0,0.1356,C,-,tgt_sh 12.1%; team att 34.1; opp DvP 0.90; RZ tgt 2,1.0,
Ted Hurst III,TB,DAL,WR,TB@DAL,last_td,0.024835945027195026,3926,0.0,0.1356,C,-,tgt_sh 12.1%; team att 34.1; opp DvP 0.90; RZ tgt 2,1.0,
Ted Hurst III,TB,DAL,WR,TB@DAL,2plus_td,0.00755,13145,0.0,0.1356,C,-,tgt_sh 12.1%; team att 34.1; opp DvP 0.90; RZ tgt 2,1.0,
Bucky Irving,TB,DAL,RB,TB@DAL,anytime_td,0.4199,138,0.36635,0.1622,B,-,tgt_sh 10.6%; team att 34.1; opp DvP 0.93; RZ tgt 4; car_sh 52.9%; team rush 24.0; opp d_ypc 1.08; inside-10 car 1,1.0,
Bucky Irving,TB,DAL,RB,TB@DAL,first_td,0.09813118548118546,919,0.36635,0.1622,B,-,tgt_sh 10.6%; team att 34.1; opp DvP 0.93; RZ tgt 4; car_sh 52.9%; team rush 24.0; opp d_ypc 1.08; inside-10 car 1,1.0,
Bucky Irving,TB,DAL,RB,TB@DAL,last_td,0.09813118548118546,919,0.36635,0.1622,B,-,tgt_sh 10.6%; team att 34.1; opp DvP 0.93; RZ tgt 4; car_sh 52.9%; team rush 24.0; opp d_ypc 1.08; inside-10 car 1,1.0,
Bucky Irving,TB,DAL,RB,TB@DAL,2plus_td,0.0956,946,0.36635,0.1622,B,-,tgt_sh 10.6%; team att 34.1; opp DvP 0.93; RZ tgt 4; car_sh 52.9%; team rush 24.0; opp d_ypc 1.08; inside-10 car 1,1.0,
Kameron Johnson,TB,DAL,WR,TB@DAL,anytime_td,0.0153,6436,0.0,0.01535,C,-,w_td 0.02; team TD 1.82,1.0,
Kameron Johnson,TB,DAL,WR,TB@DAL,first_td,0.0028021434121434123,35587,0.0,0.01535,C,-,w_td 0.02; team TD 1.82,1.0,
Kameron Johnson,TB,DAL,WR,TB@DAL,last_td,0.0028021434121434123,35587,0.0,0.01535,C,-,w_td 0.02; team TD 1.82,1.0,
Kameron Johnson,TB,DAL,WR,TB@DAL,2plus_td,5e-05,999900,0.0,0.01535,C,-,w_td 0.02; team TD 1.82,1.0,
Tez Johnson,TB,DAL,WR,TB@DAL,anytime_td,0.09815,919,0.00875,0.09385,C,-,tgt_sh 6.8%; team att 34.1; opp DvP 0.90; RZ tgt 2,1.0,
Tez Johnson,TB,DAL,WR,TB@DAL,first_td,0.018939751082251082,5180,0.00875,0.09385,C,-,tgt_sh 6.8%; team att 34.1; opp DvP 0.90; RZ tgt 2,1.0,
Tez Johnson,TB,DAL,WR,TB@DAL,last_td,0.018939751082251082,5180,0.00875,0.09385,C,-,tgt_sh 6.8%; team att 34.1; opp DvP 0.90; RZ tgt 2,1.0,
Tez Johnson,TB,DAL,WR,TB@DAL,2plus_td,0.00445,22372,0.00875,0.09385,C,-,tgt_sh 6.8%; team att 34.1; opp DvP 0.90; RZ tgt 2,1.0,
Cade Otton,TB,DAL,TE,TB@DAL,anytime_td,0.1876,433,0.0,0.20535,B,-,tgt_sh 18.5%; team att 34.1; opp DvP 1.11; RZ tgt 2,1.0,
Cade Otton,TB,DAL,TE,TB@DAL,first_td,0.03743564074814075,2571,0.0,0.20535,B,-,tgt_sh 18.5%; team att 34.1; opp DvP 1.11; RZ tgt 2,1.0,
Cade Otton,TB,DAL,TE,TB@DAL,last_td,0.03743564074814075,2571,0.0,0.20535,B,-,tgt_sh 18.5%; team att 34.1; opp DvP 1.11; RZ tgt 2,1.0,
Cade Otton,TB,DAL,TE,TB@DAL,2plus_td,0.01705,5765,0.0,0.20535,B,-,tgt_sh 18.5%; team att 34.1; opp DvP 1.11; RZ tgt 2,1.0,
Sean Tucker,TB,DAL,RB,TB@DAL,anytime_td,0.067,1393,0.0625,0.00625,C,-,w_td 0.09; team TD 1.82,1.0,
Sean Tucker,TB,DAL,RB,TB@DAL,first_td,0.012742024364524365,7748,0.0625,0.00625,C,-,w_td 0.09; team TD 1.82,1.0,
Sean Tucker,TB,DAL,RB,TB@DAL,last_td,0.012742024364524365,7748,0.0625,0.00625,C,-,w_td 0.09; team TD 1.82,1.0,
Sean Tucker,TB,DAL,RB,TB@DAL,2plus_td,0.00175,57043,0.0625,0.00625,C,-,w_td 0.09; team TD 1.82,1.0,
Dak Prescott,DAL,TB,QB,TB@DAL,anytime_td,0.11685,756,0.12415,0.0,B,-,team att 34.2; ypa 7.09; opp d_ypa 0.98; pass rate 58.9%,1.0,
Dak Prescott,DAL,TB,QB,TB@DAL,first_td,0.023834085497835496,4096,0.12415,0.0,B,-,team att 34.2; ypa 7.09; opp d_ypa 0.98; pass rate 58.9%,1.0,
Dak Prescott,DAL,TB,QB,TB@DAL,last_td,0.023834085497835496,4096,0.12415,0.0,B,-,team att 34.2; ypa 7.09; opp d_ypa 0.98; pass rate 58.9%,1.0,
Dak Prescott,DAL,TB,QB,TB@DAL,2plus_td,0.00705,14084,0.12415,0.0,B,-,team att 34.2; ypa 7.09; opp d_ypa 0.98; pass rate 58.9%,1.0,
Emari Demercado,DAL,TB,RB,TB@DAL,anytime_td,0.12865,677,0.11145,0.02515,C,-,car_sh 12.4%; team rush 25.0; opp d_ypc 0.88; inside-10 car 0,1.0,
Emari Demercado,DAL,TB,RB,TB@DAL,first_td,0.025851477272727272,3768,0.11145,0.02515,C,-,car_sh 12.4%; team rush 25.0; opp d_ypc 0.88; inside-10 car 0,1.0,
Emari Demercado,DAL,TB,RB,TB@DAL,last_td,0.025851477272727272,3768,0.11145,0.02515,C,-,car_sh 12.4%; team rush 25.0; opp d_ypc 0.88; inside-10 car 0,1.0,
Emari Demercado,DAL,TB,RB,TB@DAL,2plus_td,0.00775,12803,0.11145,0.02515,C,-,car_sh 12.4%; team rush 25.0; opp d_ypc 0.88; inside-10 car 0,1.0,
Jake Ferguson,DAL,TB,TE,TB@DAL,anytime_td,0.26155,282,0.0,0.3003,C,-,tgt_sh 12.6%; team att 34.2; opp DvP 1.04; RZ tgt 4,1.0,
Jake Ferguson,DAL,TB,TE,TB@DAL,first_td,0.057012665251415254,1654,0.0,0.3003,C,-,tgt_sh 12.6%; team att 34.2; opp DvP 1.04; RZ tgt 4,1.0,
Jake Ferguson,DAL,TB,TE,TB@DAL,last_td,0.057012665251415254,1654,0.0,0.3003,C,-,tgt_sh 12.6%; team att 34.2; opp DvP 1.04; RZ tgt 4,1.0,
Jake Ferguson,DAL,TB,TE,TB@DAL,2plus_td,0.0354,2725,0.0,0.3003,C,-,tgt_sh 12.6%; team att 34.2; opp DvP 1.04; RZ tgt 4,1.0,
Ryan Flournoy,DAL,TB,WR,TB@DAL,anytime_td,0.2905,244,0.0,0.3394,B,-,tgt_sh 13.4%; team att 34.2; opp DvP 1.04; RZ tgt 5,1.0,
Ryan Flournoy,DAL,TB,WR,TB@DAL,first_td,0.06427739593739593,1456,0.0,0.3394,B,-,tgt_sh 13.4%; team att 34.2; opp DvP 1.04; RZ tgt 5,1.0,
Ryan Flournoy,DAL,TB,WR,TB@DAL,last_td,0.06427739593739593,1456,0.0,0.3394,B,-,tgt_sh 13.4%; team att 34.2; opp DvP 1.04; RZ tgt 5,1.0,
Ryan Flournoy,DAL,TB,WR,TB@DAL,2plus_td,0.0451,2117,0.0,0.3394,B,-,tgt_sh 13.4%; team att 34.2; opp DvP 1.04; RZ tgt 5,1.0,
Tyler Goodson,DAL,TB,RB,TB@DAL,anytime_td,0.15154698744550088,560,0.13300414981352104,0.029941692493565163,C,no game designation yet (Full),car_sh 14.6%; team rush 25.0; opp d_ypc 0.88; inside-10 car 0,0.9508674235277402,
Tyler Goodson,DAL,TB,RB,TB@DAL,first_td,0.031186438158387515,3107,0.13300414981352104,0.029941692493565163,C,no game designation yet (Full),car_sh 14.6%; team rush 25.0; opp d_ypc 0.88; inside-10 car 0,0.9508674235277402,
Tyler Goodson,DAL,TB,RB,TB@DAL,last_td,0.031186438158387515,3107,0.13300414981352104,0.029941692493565163,C,no game designation yet (Full),car_sh 14.6%; team rush 25.0; opp d_ypc 0.88; inside-10 car 0,0.9508674235277402,
Tyler Goodson,DAL,TB,RB,TB@DAL,2plus_td,0.011083679151126753,8922,0.13300414981352104,0.029941692493565163,C,no game designation yet (Full),car_sh 14.6%; team rush 25.0; opp d_ypc 0.88; inside-10 car 0,0.9508674235277402,
CeeDee Lamb,DAL,TB,WR,TB@DAL,anytime_td,0.43243385408447743,131,0.010941034138130556,0.5367944874020304,B,no game designation yet (Full),tgt_sh 26.1%; team att 34.2; opp DvP 1.04; RZ tgt 6,0.9479829842591244,
CeeDee Lamb,DAL,TB,WR,TB@DAL,first_td,0.104694587699164,855,0.010941034138130556,0.5367944874020304,B,no game designation yet (Full),tgt_sh 26.1%; team att 34.2; opp DvP 1.04; RZ tgt 6,0.9479829842591244,
CeeDee Lamb,DAL,TB,WR,TB@DAL,last_td,0.104694587699164,855,0.010941034138130556,0.5367944874020304,B,no game designation yet (Full),tgt_sh 26.1%; team att 34.2; opp DvP 1.04; RZ tgt 6,0.9479829842591244,
CeeDee Lamb,DAL,TB,WR,TB@DAL,2plus_td,0.09883751512282363,912,0.010941034138130556,0.5367944874020304,B,no game designation yet (Full),tgt_sh 26.1%; team att 34.2; opp DvP 1.04; RZ tgt 6,0.9479829842591244,
Hunter Luepke,DAL,TB,RB,TB@DAL,anytime_td,0.04585,2081,0.0272,0.0195,C,-,w_td 0.03; team TD 3.24,1.0,
Hunter Luepke,DAL,TB,RB,TB@DAL,first_td,0.009155682928182928,10822,0.0272,0.0195,C,-,w_td 0.03; team TD 3.24,1.0,
Hunter Luepke,DAL,TB,RB,TB@DAL,last_td,0.009155682928182928,10822,0.0272,0.0195,C,-,w_td 0.03; team TD 3.24,1.0,
Hunter Luepke,DAL,TB,RB,TB@DAL,2plus_td,0.00085,117547,0.0272,0.0195,C,-,w_td 0.03; team TD 3.24,1.0,
Jonathan Mingo,DAL,TB,WR,TB@DAL,anytime_td,0.028943415122684026,3355,0.0,0.02954431647471207,C,Questionable (DNP),w_td 0.02; team TD 3.24,0.4981574884199691,
Jonathan Mingo,DAL,TB,WR,TB@DAL,first_td,0.005348669857933754,18596,0.0,0.02954431647471207,C,Questionable (DNP),w_td 0.02; team TD 3.24,0.4981574884199691,
Jonathan Mingo,DAL,TB,WR,TB@DAL,last_td,0.005348669857933754,18596,0.0,0.02954431647471207,C,Questionable (DNP),w_td 0.02; team TD 3.24,0.4981574884199691,
Jonathan Mingo,DAL,TB,WR,TB@DAL,2plus_td,0.0006009013520280421,166317,0.0,0.02954431647471207,C,Questionable (DNP),w_td 0.02; team TD 3.24,0.4981574884199691,
George Pickens,DAL,TB,WR,TB@DAL,anytime_td,0.32135,211,0.0,0.38145,B,-,tgt_sh 20.2%; team att 34.2; opp DvP 1.04; RZ tgt 3,1.0,
George Pickens,DAL,TB,WR,TB@DAL,first_td,0.07246943348318348,1280,0.0,0.38145,B,-,tgt_sh 20.2%; team att 34.2; opp DvP 1.04; RZ tgt 3,1.0,
George Pickens,DAL,TB,WR,TB@DAL,last_td,0.07246943348318348,1280,0.0,0.38145,B,-,tgt_sh 20.2%; team att 34.2; opp DvP 1.04; RZ tgt 3,1.0,
George Pickens,DAL,TB,WR,TB@DAL,2plus_td,0.0546,1732,0.0,0.38145,B,-,tgt_sh 20.2%; team att 34.2; opp DvP 1.04; RZ tgt 3,1.0,
Luke Schoonmaker,DAL,TB,TE,TB@DAL,anytime_td,0.03195,3030,0.0,0.0323,C,-,w_td 0.02; team TD 3.24,1.0,
Luke Schoonmaker,DAL,TB,TE,TB@DAL,first_td,0.005988804112554112,16598,0.0,0.0323,C,-,w_td 0.02; team TD 3.24,1.0,
Luke Schoonmaker,DAL,TB,TE,TB@DAL,last_td,0.005988804112554112,16598,0.0,0.0323,C,-,w_td 0.02; team TD 3.24,1.0,
Luke Schoonmaker,DAL,TB,TE,TB@DAL,2plus_td,0.00035,285614,0.0,0.0323,C,-,w_td 0.02; team TD 3.24,1.0,
Brevyn Spann-Ford,DAL,TB,TE,TB@DAL,anytime_td,0.04365,2191,0.0,0.04455,C,-,tgt_sh 3.2%; team att 34.2; opp DvP 1.04; RZ tgt 0,1.0,
Brevyn Spann-Ford,DAL,TB,TE,TB@DAL,first_td,0.008283184176934176,11973,0.0,0.04455,C,-,tgt_sh 3.2%; team att 34.2; opp DvP 1.04; RZ tgt 0,1.0,
Brevyn Spann-Ford,DAL,TB,TE,TB@DAL,last_td,0.008283184176934176,11973,0.0,0.04455,C,-,tgt_sh 3.2%; team att 34.2; opp DvP 1.04; RZ tgt 0,1.0,
Brevyn Spann-Ford,DAL,TB,TE,TB@DAL,2plus_td,0.0009,111011,0.0,0.04455,C,-,tgt_sh 3.2%; team att 34.2; opp DvP 1.04; RZ tgt 0,1.0,
KaVontae Turpin,DAL,TB,WR,TB@DAL,anytime_td,0.1099,810,0.03025,0.0867,C,-,tgt_sh 4.1%; team att 34.2; opp DvP 1.04; RZ tgt 1,1.0,
KaVontae Turpin,DAL,TB,WR,TB@DAL,first_td,0.022110560273060274,4423,0.03025,0.0867,C,-,tgt_sh 4.1%; team att 34.2; opp DvP 1.04; RZ tgt 1,1.0,
KaVontae Turpin,DAL,TB,WR,TB@DAL,last_td,0.022110560273060274,4423,0.03025,0.0867,C,-,tgt_sh 4.1%; team att 34.2; opp DvP 1.04; RZ tgt 1,1.0,
KaVontae Turpin,DAL,TB,WR,TB@DAL,2plus_td,0.00685,14499,0.03025,0.0867,C,-,tgt_sh 4.1%; team att 34.2; opp DvP 1.04; RZ tgt 1,1.0,
Javonte Williams,DAL,TB,RB,TB@DAL,anytime_td,0.6613,-195,0.79385,0.22515,B,-,tgt_sh 10.5%; team att 34.2; opp DvP 1.00; RZ tgt 3; car_sh 56.3%; team rush 25.0; opp d_ypc 0.88; inside-10 car 13,1.0,
Javonte Williams,DAL,TB,RB,TB@DAL,first_td,0.19539392343767345,412,0.79385,0.22515,B,-,tgt_sh 10.5%; team att 34.2; opp DvP 1.00; RZ tgt 3; car_sh 56.3%; team rush 25.0; opp d_ypc 0.88; inside-10 car 13,1.0,
Javonte Williams,DAL,TB,RB,TB@DAL,last_td,0.19539392343767345,412,0.79385,0.22515,B,-,tgt_sh 10.5%; team att 34.2; opp DvP 1.00; RZ tgt 3; car_sh 56.3%; team rush 25.0; opp d_ypc 0.88; inside-10 car 13,1.0,
Javonte Williams,DAL,TB,RB,TB@DAL,2plus_td,0.26985,271,0.79385,0.22515,B,-,tgt_sh 10.5%; team att 34.2; opp DvP 1.00; RZ tgt 3; car_sh 56.3%; team rush 25.0; opp d_ypc 0.88; inside-10 car 13,1.0,
Jalen Hurts,PHI,JAX,QB,PHI@JAX,anytime_td,0.14955,569,0.16115,0.0,B,-,team att 31.7; ypa 7.32; opp d_ypa 1.10; pass rate 57.3%,1.0,INTL neutral site
Jalen Hurts,PHI,JAX,QB,PHI@JAX,first_td,0.03462395257520258,2788,0.16115,0.0,B,-,team att 31.7; ypa 7.32; opp d_ypa 1.10; pass rate 57.3%,1.0,INTL neutral site
Jalen Hurts,PHI,JAX,QB,PHI@JAX,last_td,0.03462395257520258,2788,0.16115,0.0,B,-,team att 31.7; ypa 7.32; opp d_ypa 1.10; pass rate 57.3%,1.0,INTL neutral site
Jalen Hurts,PHI,JAX,QB,PHI@JAX,2plus_td,0.0111,8909,0.16115,0.0,B,-,team att 31.7; ypa 7.32; opp d_ypa 1.10; pass rate 57.3%,1.0,INTL neutral site
Saquon Barkley,PHI,JAX,RB,PHI@JAX,anytime_td,0.2819,255,0.26825,0.05825,B,-,tgt_sh 6.5%; team att 31.7; opp DvP 1.00; RZ tgt 0; car_sh 43.3%; team rush 25.7; opp d_ypc 0.89; inside-10 car 2,1.0,INTL neutral site
Saquon Barkley,PHI,JAX,RB,PHI@JAX,first_td,0.07060628121878121,1316,0.26825,0.05825,B,-,tgt_sh 6.5%; team att 31.7; opp DvP 1.00; RZ tgt 0; car_sh 43.3%; team rush 25.7; opp d_ypc 0.89; inside-10 car 2,1.0,INTL neutral site
Saquon Barkley,PHI,JAX,RB,PHI@JAX,last_td,0.07060628121878121,1316,0.26825,0.05825,B,-,tgt_sh 6.5%; team att 31.7; opp DvP 1.00; RZ tgt 0; car_sh 43.3%; team rush 25.7; opp d_ypc 0.89; inside-10 car 2,1.0,INTL neutral site
Saquon Barkley,PHI,JAX,RB,PHI@JAX,2plus_td,0.04085,2348,0.26825,0.05825,B,-,tgt_sh 6.5%; team att 31.7; opp DvP 1.00; RZ tgt 0; car_sh 43.3%; team rush 25.7; opp d_ypc 0.89; inside-10 car 2,1.0,INTL neutral site
Marquise Brown,PHI,JAX,WR,PHI@JAX,anytime_td,0.0589,1598,0.0098,0.0504,C,-,tgt_sh 5.3%; team att 31.7; opp DvP 1.05; RZ tgt 0,1.0,INTL neutral site
Marquise Brown,PHI,JAX,WR,PHI@JAX,first_td,0.012797778332778332,7714,0.0098,0.0504,C,-,tgt_sh 5.3%; team att 31.7; opp DvP 1.05; RZ tgt 0,1.0,INTL neutral site
Marquise Brown,PHI,JAX,WR,PHI@JAX,last_td,0.012797778332778332,7714,0.0098,0.0504,C,-,tgt_sh 5.3%; team att 31.7; opp DvP 1.05; RZ tgt 0,1.0,INTL neutral site
Marquise Brown,PHI,JAX,WR,PHI@JAX,2plus_td,0.0013,76823,0.0098,0.0504,C,-,tgt_sh 5.3%; team att 31.7; opp DvP 1.05; RZ tgt 0,1.0,INTL neutral site
Darius Cooper,PHI,JAX,WR,PHI@JAX,anytime_td,0.1272,686,0.0,0.1347,C,-,tgt_sh 4.9%; team att 31.7; opp DvP 1.05; RZ tgt 4,1.0,INTL neutral site
Darius Cooper,PHI,JAX,WR,PHI@JAX,first_td,0.028460772005772003,3414,0.0,0.1347,C,-,tgt_sh 4.9%; team att 31.7; opp DvP 1.05; RZ tgt 4,1.0,INTL neutral site
Darius Cooper,PHI,JAX,WR,PHI@JAX,last_td,0.028460772005772003,3414,0.0,0.1347,C,-,tgt_sh 4.9%; team att 31.7; opp DvP 1.05; RZ tgt 4,1.0,INTL neutral site
Darius Cooper,PHI,JAX,WR,PHI@JAX,2plus_td,0.0071,13985,0.0,0.1347,C,-,tgt_sh 4.9%; team att 31.7; opp DvP 1.05; RZ tgt 4,1.0,INTL neutral site
Zach Ertz,PHI,JAX,TE,PHI@JAX,anytime_td,0.1136,780,0.0,0.11965,C,-,tgt_sh 12.0%; team att 31.7; opp DvP 0.85; RZ tgt 1,1.0,INTL neutral site
Zach Ertz,PHI,JAX,TE,PHI@JAX,first_td,0.02534266761016761,3846,0.0,0.11965,C,-,tgt_sh 12.0%; team att 31.7; opp DvP 0.85; RZ tgt 1,1.0,INTL neutral site
Zach Ertz,PHI,JAX,TE,PHI@JAX,last_td,0.02534266761016761,3846,0.0,0.11965,C,-,tgt_sh 12.0%; team att 31.7; opp DvP 0.85; RZ tgt 1,1.0,INTL neutral site
Zach Ertz,PHI,JAX,TE,PHI@JAX,2plus_td,0.00595,16707,0.0,0.11965,C,-,tgt_sh 12.0%; team att 31.7; opp DvP 0.85; RZ tgt 1,1.0,INTL neutral site
Dallas Goedert,PHI,JAX,TE,PHI@JAX,anytime_td,0.15155,560,0.0,0.16315,C,-,tgt_sh 14.2%; team att 31.7; opp DvP 0.85; RZ tgt 2,1.0,INTL neutral site
Dallas Goedert,PHI,JAX,TE,PHI@JAX,first_td,0.034557679126429125,2794,0.0,0.16315,C,-,tgt_sh 14.2%; team att 31.7; opp DvP 0.85; RZ tgt 2,1.0,INTL neutral site
Dallas Goedert,PHI,JAX,TE,PHI@JAX,last_td,0.034557679126429125,2794,0.0,0.16315,C,-,tgt_sh 14.2%; team att 31.7; opp DvP 0.85; RZ tgt 2,1.0,INTL neutral site
Dallas Goedert,PHI,JAX,TE,PHI@JAX,2plus_td,0.011,8991,0.0,0.16315,C,-,tgt_sh 14.2%; team att 31.7; opp DvP 0.85; RZ tgt 2,1.0,INTL neutral site
Makai Lemon,PHI,JAX,WR,PHI@JAX,anytime_td,0.11155,796,0.00365,0.11515,C,-,tgt_sh 12.1%; team att 31.7; opp DvP 1.05; RZ tgt 0,1.0,INTL neutral site
Makai Lemon,PHI,JAX,WR,PHI@JAX,first_td,0.025530628815628814,3817,0.00365,0.11515,C,-,tgt_sh 12.1%; team att 31.7; opp DvP 1.05; RZ tgt 0,1.0,INTL neutral site
Makai Lemon,PHI,JAX,WR,PHI@JAX,last_td,0.025530628815628814,3817,0.00365,0.11515,C,-,tgt_sh 12.1%; team att 31.7; opp DvP 1.05; RZ tgt 0,1.0,INTL neutral site
Makai Lemon,PHI,JAX,WR,PHI@JAX,2plus_td,0.00705,14084,0.00365,0.11515,C,-,tgt_sh 12.1%; team att 31.7; opp DvP 1.05; RZ tgt 0,1.0,INTL neutral site
Johnny Mundt,PHI,JAX,TE,PHI@JAX,anytime_td,0.02085,4696,0.0,0.0211,C,-,w_td 0.02; team TD 1.71,1.0,INTL neutral site
Johnny Mundt,PHI,JAX,TE,PHI@JAX,first_td,0.004640735930735931,21448,0.0,0.0211,C,-,w_td 0.02; team TD 1.71,1.0,INTL neutral site
Johnny Mundt,PHI,JAX,TE,PHI@JAX,last_td,0.004640735930735931,21448,0.0,0.0211,C,-,w_td 0.02; team TD 1.71,1.0,INTL neutral site
Johnny Mundt,PHI,JAX,TE,PHI@JAX,2plus_td,0.00025,399900,0.0,0.0211,C,-,w_td 0.02; team TD 1.71,1.0,INTL neutral site
Will Shipley,PHI,JAX,RB,PHI@JAX,anytime_td,0.11245,789,0.0884,0.0299,B,-,tgt_sh 3.5%; team att 31.7; opp DvP 1.00; RZ tgt 0; car_sh 10.2%; team rush 25.7; opp d_ypc 0.89; inside-10 car 2,1.0,INTL neutral site
Will Shipley,PHI,JAX,RB,PHI@JAX,first_td,0.025746655844155846,3784,0.0884,0.0299,B,-,tgt_sh 3.5%; team att 31.7; opp DvP 1.00; RZ tgt 0; car_sh 10.2%; team rush 25.7; opp d_ypc 0.89; inside-10 car 2,1.0,INTL neutral site
Will Shipley,PHI,JAX,RB,PHI@JAX,last_td,0.025746655844155846,3784,0.0884,0.0299,B,-,tgt_sh 3.5%; team att 31.7; opp DvP 1.00; RZ tgt 0; car_sh 10.2%; team rush 25.7; opp d_ypc 0.89; inside-10 car 2,1.0,INTL neutral site
Will Shipley,PHI,JAX,RB,PHI@JAX,2plus_td,0.00565,17599,0.0884,0.0299,B,-,tgt_sh 3.5%; team att 31.7; opp DvP 1.00; RZ tgt 0; car_sh 10.2%; team rush 25.7; opp d_ypc 0.89; inside-10 car 2,1.0,INTL neutral site
DeVonta Smith,PHI,JAX,WR,PHI@JAX,anytime_td,0.22925,336,0.0,0.2564,B,-,tgt_sh 22.0%; team att 31.7; opp DvP 1.05; RZ tgt 2,1.0,INTL neutral site
DeVonta Smith,PHI,JAX,WR,PHI@JAX,first_td,0.05484552725052724,1723,0.0,0.2564,B,-,tgt_sh 22.0%; team att 31.7; opp DvP 1.05; RZ tgt 2,1.0,INTL neutral site
DeVonta Smith,PHI,JAX,WR,PHI@JAX,last_td,0.05484552725052724,1723,0.0,0.2564,B,-,tgt_sh 22.0%; team att 31.7; opp DvP 1.05; RZ tgt 2,1.0,INTL neutral site
DeVonta Smith,PHI,JAX,WR,PHI@JAX,2plus_td,0.0255,3822,0.0,0.2564,B,-,tgt_sh 22.0%; team att 31.7; opp DvP 1.05; RZ tgt 2,1.0,INTL neutral site
Dontayvion Wicks,PHI,JAX,WR,PHI@JAX,anytime_td,0.19475,413,0.0,0.2158,B,-,tgt_sh 13.5%; team att 31.7; opp DvP 1.05; RZ tgt 4,1.0,INTL neutral site
Dontayvion Wicks,PHI,JAX,WR,PHI@JAX,first_td,0.04576971195471195,2085,0.0,0.2158,B,-,tgt_sh 13.5%; team att 31.7; opp DvP 1.05; RZ tgt 4,1.0,INTL neutral site
Dontayvion Wicks,PHI,JAX,WR,PHI@JAX,last_td,0.04576971195471195,2085,0.0,0.2158,B,-,tgt_sh 13.5%; team att 31.7; opp DvP 1.05; RZ tgt 4,1.0,INTL neutral site
Dontayvion Wicks,PHI,JAX,WR,PHI@JAX,2plus_td,0.01985,4938,0.0,0.2158,B,-,tgt_sh 13.5%; team att 31.7; opp DvP 1.05; RZ tgt 4,1.0,INTL neutral site
Trevor Lawrence,JAX,PHI,QB,PHI@JAX,anytime_td,0.09565,945,0.09925,0.0,B,-,team att 29.2; ypa 7.29; opp d_ypa 0.96; pass rate 50.1%,1.0,INTL neutral site
Trevor Lawrence,JAX,PHI,QB,PHI@JAX,first_td,0.02187342532467532,4472,0.09925,0.0,B,-,team att 29.2; ypa 7.29; opp d_ypa 0.96; pass rate 50.1%,1.0,INTL neutral site
Trevor Lawrence,JAX,PHI,QB,PHI@JAX,last_td,0.02187342532467532,4472,0.09925,0.0,B,-,team att 29.2; ypa 7.29; opp d_ypa 0.96; pass rate 50.1%,1.0,INTL neutral site
Trevor Lawrence,JAX,PHI,QB,PHI@JAX,2plus_td,0.0034,29312,0.09925,0.0,B,-,team att 29.2; ypa 7.29; opp d_ypa 0.96; pass rate 50.1%,1.0,INTL neutral site
Ameer Abdullah,JAX,PHI,RB,PHI@JAX,anytime_td,0.11285,786,0.06,0.05885,C,-,w_td 0.09; team TD 2.65,1.0,INTL neutral site
Ameer Abdullah,JAX,PHI,RB,PHI@JAX,first_td,0.025901553030303028,3761,0.06,0.05885,C,-,w_td 0.09; team TD 2.65,1.0,INTL neutral site
Ameer Abdullah,JAX,PHI,RB,PHI@JAX,last_td,0.025901553030303028,3761,0.06,0.05885,C,-,w_td 0.09; team TD 2.65,1.0,INTL neutral site
Ameer Abdullah,JAX,PHI,RB,PHI@JAX,2plus_td,0.00585,16994,0.06,0.05885,C,-,w_td 0.09; team TD 2.65,1.0,INTL neutral site
LeQuint Allen Jr.,JAX,PHI,RB,PHI@JAX,anytime_td,0.061343873517786564,1530,0.010540184453227932,0.05306982872200264,C,no game designation yet (Full),w_td 0.04; team TD 2.65,0.9508674235277402,INTL neutral site
LeQuint Allen Jr.,JAX,PHI,RB,PHI@JAX,first_td,0.01388197617051372,7104,0.010540184453227932,0.05306982872200264,C,no game designation yet (Full),w_td 0.04; team TD 2.65,0.9508674235277402,INTL neutral site
LeQuint Allen Jr.,JAX,PHI,RB,PHI@JAX,last_td,0.01388197617051372,7104,0.010540184453227932,0.05306982872200264,C,no game designation yet (Full),w_td 0.04; team TD 2.65,0.9508674235277402,INTL neutral site
LeQuint Allen Jr.,JAX,PHI,RB,PHI@JAX,2plus_td,0.0022134387351778655,45079,0.010540184453227932,0.05306982872200264,C,no game designation yet (Full),w_td 0.04; team TD 2.65,0.9508674235277402,INTL neutral site
Nate Boerkircher,JAX,PHI,TE,PHI@JAX,anytime_td,0.0612,1534,0.0,0.063,C,-,w_td 0.04; team TD 2.65,1.0,INTL neutral site
Nate Boerkircher,JAX,PHI,TE,PHI@JAX,first_td,0.013964253246753247,7061,0.0,0.063,C,-,w_td 0.04; team TD 2.65,1.0,INTL neutral site
Nate Boerkircher,JAX,PHI,TE,PHI@JAX,last_td,0.013964253246753247,7061,0.0,0.063,C,-,w_td 0.04; team TD 2.65,1.0,INTL neutral site
Nate Boerkircher,JAX,PHI,TE,PHI@JAX,2plus_td,0.0018,55456,0.0,0.063,C,-,w_td 0.04; team TD 2.65,1.0,INTL neutral site
Josh Cameron,JAX,PHI,WR,PHI@JAX,anytime_td,0.1162,761,0.0,0.12335,C,-,tgt_sh 5.8%; team att 29.2; opp DvP 1.06; RZ tgt 2,1.0,INTL neutral site
Josh Cameron,JAX,PHI,WR,PHI@JAX,first_td,0.02668820887445887,3647,0.0,0.12335,C,-,tgt_sh 5.8%; team att 29.2; opp DvP 1.06; RZ tgt 2,1.0,INTL neutral site
Josh Cameron,JAX,PHI,WR,PHI@JAX,last_td,0.02668820887445887,3647,0.0,0.12335,C,-,tgt_sh 5.8%; team att 29.2; opp DvP 1.06; RZ tgt 2,1.0,INTL neutral site
Josh Cameron,JAX,PHI,WR,PHI@JAX,2plus_td,0.00705,14084,0.0,0.12335,C,-,tgt_sh 5.8%; team att 29.2; opp DvP 1.06; RZ tgt 2,1.0,INTL neutral site
Jakobi Meyers,JAX,PHI,WR,PHI@JAX,anytime_td,0.2556089320593359,291,0.006070844111281212,0.2848017737422795,C,no game designation yet (Full),tgt_sh 18.0%; team att 29.2; opp DvP 1.06; RZ tgt 3,0.9479829842591244,INTL neutral site
Jakobi Meyers,JAX,PHI,WR,PHI@JAX,first_td,0.06357742159885432,1473,0.006070844111281212,0.2848017737422795,C,no game designation yet (Full),tgt_sh 18.0%; team att 29.2; opp DvP 1.06; RZ tgt 3,0.9479829842591244,INTL neutral site
Jakobi Meyers,JAX,PHI,WR,PHI@JAX,last_td,0.06357742159885432,1473,0.006070844111281212,0.2848017737422795,C,no game designation yet (Full),tgt_sh 18.0%; team att 29.2; opp DvP 1.06; RZ tgt 3,0.9479829842591244,INTL neutral site
Jakobi Meyers,JAX,PHI,WR,PHI@JAX,2plus_td,0.032518608456949795,2975,0.006070844111281212,0.2848017737422795,C,no game designation yet (Full),tgt_sh 18.0%; team att 29.2; opp DvP 1.06; RZ tgt 3,0.9479829842591244,INTL neutral site
Quintin Morris,JAX,PHI,TE,PHI@JAX,anytime_td,0.0249,3916,0.0,0.02525,C,-,w_td 0.02; team TD 2.65,1.0,INTL neutral site
Quintin Morris,JAX,PHI,TE,PHI@JAX,first_td,0.005508295454545454,18054,0.0,0.02525,C,-,w_td 0.02; team TD 2.65,1.0,INTL neutral site
Quintin Morris,JAX,PHI,TE,PHI@JAX,last_td,0.005508295454545454,18054,0.0,0.02525,C,-,w_td 0.02; team TD 2.65,1.0,INTL neutral site
Quintin Morris,JAX,PHI,TE,PHI@JAX,2plus_td,0.00035,285614,0.0,0.02525,C,-,w_td 0.02; team TD 2.65,1.0,INTL neutral site
Chris Rodriguez Jr.,JAX,PHI,RB,PHI@JAX,anytime_td,0.2853,251,0.32725,0.0047,B,-,car_sh 23.7%; team rush 30.7; opp d_ypc 0.98; inside-10 car 3,1.0,INTL neutral site
Chris Rodriguez Jr.,JAX,PHI,RB,PHI@JAX,first_td,0.07247161075036074,1280,0.32725,0.0047,B,-,car_sh 23.7%; team rush 30.7; opp d_ypc 0.98; inside-10 car 3,1.0,INTL neutral site
Chris Rodriguez Jr.,JAX,PHI,RB,PHI@JAX,last_td,0.07247161075036074,1280,0.32725,0.0047,B,-,car_sh 23.7%; team rush 30.7; opp d_ypc 0.98; inside-10 car 3,1.0,INTL neutral site
Chris Rodriguez Jr.,JAX,PHI,RB,PHI@JAX,2plus_td,0.043,2226,0.32725,0.0047,B,-,car_sh 23.7%; team rush 30.7; opp d_ypc 0.98; inside-10 car 3,1.0,INTL neutral site
Brenton Strange,JAX,PHI,TE,PHI@JAX,anytime_td,0.2227,349,0.0,0.2498,B,-,tgt_sh 19.2%; team att 29.2; opp DvP 0.89; RZ tgt 2,1.0,INTL neutral site
Brenton Strange,JAX,PHI,TE,PHI@JAX,first_td,0.054239268786768796,1744,0.0,0.2498,B,-,tgt_sh 19.2%; team att 29.2; opp DvP 0.89; RZ tgt 2,1.0,INTL neutral site
Brenton Strange,JAX,PHI,TE,PHI@JAX,last_td,0.054239268786768796,1744,0.0,0.2498,B,-,tgt_sh 19.2%; team att 29.2; opp DvP 0.89; RZ tgt 2,1.0,INTL neutral site
Brenton Strange,JAX,PHI,TE,PHI@JAX,2plus_td,0.0254,3837,0.0,0.2498,B,-,tgt_sh 19.2%; team att 29.2; opp DvP 0.89; RZ tgt 2,1.0,INTL neutral site
Brian Thomas Jr.,JAX,PHI,WR,PHI@JAX,anytime_td,0.19315,418,0.0,0.21115,C,-,tgt_sh 15.8%; team att 29.2; opp DvP 1.06; RZ tgt 1,1.0,INTL neutral site
Brian Thomas Jr.,JAX,PHI,WR,PHI@JAX,first_td,0.04525837121212121,2110,0.0,0.21115,C,-,tgt_sh 15.8%; team att 29.2; opp DvP 1.06; RZ tgt 1,1.0,INTL neutral site
Brian Thomas Jr.,JAX,PHI,WR,PHI@JAX,last_td,0.04525837121212121,2110,0.0,0.21115,C,-,tgt_sh 15.8%; team att 29.2; opp DvP 1.06; RZ tgt 1,1.0,INTL neutral site
Brian Thomas Jr.,JAX,PHI,WR,PHI@JAX,2plus_td,0.0171,5748,0.0,0.21115,C,-,tgt_sh 15.8%; team att 29.2; opp DvP 1.06; RZ tgt 1,1.0,INTL neutral site
Bhayshul Tuten,JAX,PHI,RB,PHI@JAX,anytime_td,0.47815,109,0.54545,0.08815,B,-,tgt_sh 5.8%; team att 29.2; opp DvP 0.93; RZ tgt 1; car_sh 46.8%; team rush 30.7; opp d_ypc 0.98; inside-10 car 3,1.0,INTL neutral site
Bhayshul Tuten,JAX,PHI,RB,PHI@JAX,first_td,0.1391275498112998,619,0.54545,0.08815,B,-,tgt_sh 5.8%; team att 29.2; opp DvP 0.93; RZ tgt 1; car_sh 46.8%; team rush 30.7; opp d_ypc 0.98; inside-10 car 3,1.0,INTL neutral site
Bhayshul Tuten,JAX,PHI,RB,PHI@JAX,last_td,0.1391275498112998,619,0.54545,0.08815,B,-,tgt_sh 5.8%; team att 29.2; opp DvP 0.93; RZ tgt 1; car_sh 46.8%; team rush 30.7; opp d_ypc 0.98; inside-10 car 3,1.0,INTL neutral site
Bhayshul Tuten,JAX,PHI,RB,PHI@JAX,2plus_td,0.131,663,0.54545,0.08815,B,-,tgt_sh 5.8%; team att 29.2; opp DvP 0.93; RZ tgt 1; car_sh 46.8%; team rush 30.7; opp d_ypc 0.98; inside-10 car 3,1.0,INTL neutral site
Parker Washington,JAX,PHI,WR,PHI@JAX,anytime_td,0.31,223,0.0068,0.35565,B,-,tgt_sh 22.0%; team att 29.2; opp DvP 1.06; RZ tgt 4,1.0,INTL neutral site
Parker Washington,JAX,PHI,WR,PHI@JAX,first_td,0.08029892968142968,1145,0.0068,0.35565,B,-,tgt_sh 22.0%; team att 29.2; opp DvP 1.06; RZ tgt 4,1.0,INTL neutral site
Parker Washington,JAX,PHI,WR,PHI@JAX,last_td,0.08029892968142968,1145,0.0068,0.35565,B,-,tgt_sh 22.0%; team att 29.2; opp DvP 1.06; RZ tgt 4,1.0,INTL neutral site
Parker Washington,JAX,PHI,WR,PHI@JAX,2plus_td,0.04825,1973,0.0068,0.35565,B,-,tgt_sh 22.0%; team att 29.2; opp DvP 1.06; RZ tgt 4,1.0,INTL neutral site
Tyson Bagent,CHI,GB,QB,CHI@GB,anytime_td,0.25355,294,0.30185,0.0,C,-,team att 29.7; ypa 7.11; opp d_ypa 0.98; pass rate 48.4%,1.0,
Tyson Bagent,CHI,GB,QB,CHI@GB,first_td,0.05972446664446664,1574,0.30185,0.0,C,-,team att 29.7; ypa 7.11; opp d_ypa 0.98; pass rate 48.4%,1.0,
Tyson Bagent,CHI,GB,QB,CHI@GB,last_td,0.05972446664446664,1574,0.30185,0.0,C,-,team att 29.7; ypa 7.11; opp d_ypa 0.98; pass rate 48.4%,1.0,
Tyson Bagent,CHI,GB,QB,CHI@GB,2plus_td,0.0416,2304,0.30185,0.0,C,-,team att 29.7; ypa 7.11; opp d_ypa 0.98; pass rate 48.4%,1.0,
Luther Burden III,CHI,GB,WR,CHI@GB,anytime_td,0.24725,304,0.01725,0.2639,B,-,tgt_sh 19.1%; team att 29.7; opp DvP 0.93; RZ tgt 6,1.0,
Luther Burden III,CHI,GB,WR,CHI@GB,first_td,0.05534214701964702,1707,0.01725,0.2639,B,-,tgt_sh 19.1%; team att 29.7; opp DvP 0.93; RZ tgt 6,1.0,
Luther Burden III,CHI,GB,WR,CHI@GB,last_td,0.05534214701964702,1707,0.01725,0.2639,B,-,tgt_sh 19.1%; team att 29.7; opp DvP 0.93; RZ tgt 6,1.0,
Luther Burden III,CHI,GB,WR,CHI@GB,2plus_td,0.03175,3050,0.01725,0.2639,B,-,tgt_sh 19.1%; team att 29.7; opp DvP 0.93; RZ tgt 6,1.0,
Roschon Johnson,CHI,GB,RB,CHI@GB,anytime_td,0.0886,1029,0.0689,0.02485,C,-,w_td 0.05; team TD 2.56,1.0,
Roschon Johnson,CHI,GB,RB,CHI@GB,first_td,0.01843480339105339,5325,0.0689,0.02485,C,-,w_td 0.05; team TD 2.56,1.0,
Roschon Johnson,CHI,GB,RB,CHI@GB,last_td,0.01843480339105339,5325,0.0689,0.02485,C,-,w_td 0.05; team TD 2.56,1.0,
Roschon Johnson,CHI,GB,RB,CHI@GB,2plus_td,0.005,19900,0.0689,0.02485,C,-,w_td 0.05; team TD 2.56,1.0,
Cole Kmet,CHI,GB,TE,CHI@GB,anytime_td,0.056,1686,0.0,0.05735,C,-,tgt_sh 7.0%; team att 29.7; opp DvP 0.82; RZ tgt 0,1.0,
Cole Kmet,CHI,GB,TE,CHI@GB,first_td,0.011113760822510822,8898,0.0,0.05735,C,-,tgt_sh 7.0%; team att 29.7; opp DvP 0.82; RZ tgt 0,1.0,
Cole Kmet,CHI,GB,TE,CHI@GB,last_td,0.011113760822510822,8898,0.0,0.05735,C,-,tgt_sh 7.0%; team att 29.7; opp DvP 0.82; RZ tgt 0,1.0,
Cole Kmet,CHI,GB,TE,CHI@GB,2plus_td,0.00135,73974,0.0,0.05735,C,-,tgt_sh 7.0%; team att 29.7; opp DvP 0.82; RZ tgt 0,1.0,
Colston Loveland,CHI,GB,TE,CHI@GB,anytime_td,0.19665,409,0.0,0.21745,B,-,tgt_sh 16.1%; team att 29.7; opp DvP 0.82; RZ tgt 6,1.0,
Colston Loveland,CHI,GB,TE,CHI@GB,first_td,0.04358140387390387,2195,0.0,0.21745,B,-,tgt_sh 16.1%; team att 29.7; opp DvP 0.82; RZ tgt 6,1.0,
Colston Loveland,CHI,GB,TE,CHI@GB,last_td,0.04358140387390387,2195,0.0,0.21745,B,-,tgt_sh 16.1%; team att 29.7; opp DvP 0.82; RZ tgt 6,1.0,
Colston Loveland,CHI,GB,TE,CHI@GB,2plus_td,0.01945,5041,0.0,0.21745,B,-,tgt_sh 16.1%; team att 29.7; opp DvP 0.82; RZ tgt 6,1.0,
Kyle Monangai,CHI,GB,RB,CHI@GB,anytime_td,0.47906622684597816,109,0.596210775606868,0.05294764442188954,B,no game designation yet (DNP),car_sh 28.3%; team rush 33.9; opp d_ypc 1.00; inside-10 car 11,0.5949864089398973,
Kyle Monangai,CHI,GB,RB,CHI@GB,first_td,0.12750091145802894,684,0.596210775606868,0.05294764442188954,B,no game designation yet (DNP),car_sh 28.3%; team rush 33.9; opp d_ypc 1.00; inside-10 car 11,0.5949864089398973,
Kyle Monangai,CHI,GB,RB,CHI@GB,last_td,0.12750091145802894,684,0.596210775606868,0.05294764442188954,B,no game designation yet (DNP),car_sh 28.3%; team rush 33.9; opp d_ypc 1.00; inside-10 car 11,0.5949864089398973,
Kyle Monangai,CHI,GB,RB,CHI@GB,2plus_td,0.14048887761143533,612,0.596210775606868,0.05294764442188954,B,no game designation yet (DNP),car_sh 28.3%; team rush 33.9; opp d_ypc 1.00; inside-10 car 11,0.5949864089398973,
Rome Odunze,CHI,GB,WR,CHI@GB,anytime_td,0.1796,457,0.0,0.1966,B,-,tgt_sh 19.0%; team att 29.7; opp DvP 0.93; RZ tgt 2,1.0,
Rome Odunze,CHI,GB,WR,CHI@GB,first_td,0.03848345473970474,2499,0.0,0.1966,B,-,tgt_sh 19.0%; team att 29.7; opp DvP 0.93; RZ tgt 2,1.0,
Rome Odunze,CHI,GB,WR,CHI@GB,last_td,0.03848345473970474,2499,0.0,0.1966,B,-,tgt_sh 19.0%; team att 29.7; opp DvP 0.93; RZ tgt 2,1.0,
Rome Odunze,CHI,GB,WR,CHI@GB,2plus_td,0.0161,6111,0.0,0.1966,B,-,tgt_sh 19.0%; team att 29.7; opp DvP 0.93; RZ tgt 2,1.0,
Kalif Raymond,CHI,GB,WR,CHI@GB,anytime_td,0.18075,453,0.0,0.19675,B,-,tgt_sh 15.3%; team att 29.7; opp DvP 0.93; RZ tgt 4,1.0,
Kalif Raymond,CHI,GB,WR,CHI@GB,first_td,0.03896504315129315,2466,0.0,0.19675,B,-,tgt_sh 15.3%; team att 29.7; opp DvP 0.93; RZ tgt 4,1.0,
Kalif Raymond,CHI,GB,WR,CHI@GB,last_td,0.03896504315129315,2466,0.0,0.19675,B,-,tgt_sh 15.3%; team att 29.7; opp DvP 0.93; RZ tgt 4,1.0,
Kalif Raymond,CHI,GB,WR,CHI@GB,2plus_td,0.01515,6501,0.0,0.19675,B,-,tgt_sh 15.3%; team att 29.7; opp DvP 0.93; RZ tgt 4,1.0,
Sam Roush,CHI,GB,TE,CHI@GB,anytime_td,0.03965,2422,0.0,0.0403,C,-,w_td 0.03; team TD 2.56,1.0,
Sam Roush,CHI,GB,TE,CHI@GB,first_td,0.008018759018759019,12371,0.0,0.0403,C,-,w_td 0.03; team TD 2.56,1.0,
Sam Roush,CHI,GB,TE,CHI@GB,last_td,0.008018759018759019,12371,0.0,0.0403,C,-,w_td 0.03; team TD 2.56,1.0,
Sam Roush,CHI,GB,TE,CHI@GB,2plus_td,0.00065,153746,0.0,0.0403,C,-,w_td 0.03; team TD 2.56,1.0,
D'Andre Swift,CHI,GB,RB,CHI@GB,anytime_td,0.5799498746867168,-138,0.7572263993316625,0.09348370927318296,B,no game designation yet (DNP),tgt_sh 9.0%; team att 29.7; opp DvP 0.93; RZ tgt 1; car_sh 42.2%; team rush 33.9; opp d_ypc 1.00; inside-10 car 13,0.5949864089398973,
D'Andre Swift,CHI,GB,RB,CHI@GB,first_td,0.16840725551251867,494,0.7572263993316625,0.09348370927318296,B,no game designation yet (DNP),tgt_sh 9.0%; team att 29.7; opp DvP 0.93; RZ tgt 1; car_sh 42.2%; team rush 33.9; opp d_ypc 1.00; inside-10 car 13,0.5949864089398973,
D'Andre Swift,CHI,GB,RB,CHI@GB,last_td,0.16840725551251867,494,0.7572263993316625,0.09348370927318296,B,no game designation yet (DNP),tgt_sh 9.0%; team att 29.7; opp DvP 0.93; RZ tgt 1; car_sh 42.2%; team rush 33.9; opp d_ypc 1.00; inside-10 car 13,0.5949864089398973,
D'Andre Swift,CHI,GB,RB,CHI@GB,2plus_td,0.20877192982456141,379,0.7572263993316625,0.09348370927318296,B,no game designation yet (DNP),tgt_sh 9.0%; team att 29.7; opp DvP 0.93; RZ tgt 1; car_sh 42.2%; team rush 33.9; opp d_ypc 1.00; inside-10 car 13,0.5949864089398973,
Jahdae Walker,CHI,GB,WR,CHI@GB,anytime_td,0.03635,2651,0.0,0.0371,C,-,w_td 0.03; team TD 2.56,1.0,
Jahdae Walker,CHI,GB,WR,CHI@GB,first_td,0.007250131673881674,13693,0.0,0.0371,C,-,w_td 0.03; team TD 2.56,1.0,
Jahdae Walker,CHI,GB,WR,CHI@GB,last_td,0.007250131673881674,13693,0.0,0.0371,C,-,w_td 0.03; team TD 2.56,1.0,
Jahdae Walker,CHI,GB,WR,CHI@GB,2plus_td,0.00075,133233,0.0,0.0371,C,-,w_td 0.03; team TD 2.56,1.0,
Jordan Love,GB,CHI,QB,CHI@GB,anytime_td,0.0372,2588,0.0379,0.0,B,-,team att 35.6; ypa 7.18; opp d_ypa 1.05; pass rate 66.1%,1.0,
Jordan Love,GB,CHI,QB,CHI@GB,first_td,0.007362278138528137,13483,0.0379,0.0,B,-,team att 35.6; ypa 7.18; opp d_ypa 1.05; pass rate 66.1%,1.0,
Jordan Love,GB,CHI,QB,CHI@GB,last_td,0.007362278138528137,13483,0.0379,0.0,B,-,team att 35.6; ypa 7.18; opp d_ypa 1.05; pass rate 66.1%,1.0,
Jordan Love,GB,CHI,QB,CHI@GB,2plus_td,0.0007,142757,0.0379,0.0,B,-,team att 35.6; ypa 7.18; opp d_ypa 1.05; pass rate 66.1%,1.0,
Chris Brooks,GB,CHI,RB,CHI@GB,anytime_td,0.15215935721459659,557,0.11575159022430533,0.04678607298292601,B,no game designation yet (DNP),w_td 0.23; team TD 2.25,0.5949864089398973,
Chris Brooks,GB,CHI,RB,CHI@GB,first_td,0.03233416836111848,2993,0.11575159022430533,0.04678607298292601,B,no game designation yet (DNP),w_td 0.23; team TD 2.25,0.5949864089398973,
Chris Brooks,GB,CHI,RB,CHI@GB,last_td,0.03233416836111848,2993,0.11575159022430533,0.04678607298292601,B,no game designation yet (DNP),w_td 0.23; team TD 2.25,0.5949864089398973,
Chris Brooks,GB,CHI,RB,CHI@GB,2plus_td,0.010043521928356211,9857,0.11575159022430533,0.04678607298292601,B,no game designation yet (DNP),w_td 0.23; team TD 2.25,0.5949864089398973,
Matthew Golden,GB,CHI,WR,CHI@GB,anytime_td,0.30735,225,0.0041,0.35795,B,-,tgt_sh 18.8%; team att 35.6; opp DvP 1.00; RZ tgt 5,1.0,
Matthew Golden,GB,CHI,WR,CHI@GB,first_td,0.07123870726495728,1304,0.0041,0.35795,B,-,tgt_sh 18.8%; team att 35.6; opp DvP 1.00; RZ tgt 5,1.0,
Matthew Golden,GB,CHI,WR,CHI@GB,last_td,0.07123870726495728,1304,0.0041,0.35795,B,-,tgt_sh 18.8%; team att 35.6; opp DvP 1.00; RZ tgt 5,1.0,
Matthew Golden,GB,CHI,WR,CHI@GB,2plus_td,0.04995,1902,0.0041,0.35795,B,-,tgt_sh 18.8%; team att 35.6; opp DvP 1.00; RZ tgt 5,1.0,
Kaleb Johnson,GB,CHI,RB,CHI@GB,anytime_td,0.1518,559,0.148,0.0157,B,-,car_sh 25.3%; team rush 19.5; opp d_ypc 1.09; inside-10 car 2,1.0,
Kaleb Johnson,GB,CHI,RB,CHI@GB,first_td,0.03291532037407038,2938,0.148,0.0157,B,-,car_sh 25.3%; team rush 19.5; opp d_ypc 1.09; inside-10 car 2,1.0,
Kaleb Johnson,GB,CHI,RB,CHI@GB,last_td,0.03291532037407038,2938,0.148,0.0157,B,-,car_sh 25.3%; team rush 19.5; opp d_ypc 1.09; inside-10 car 2,1.0,
Kaleb Johnson,GB,CHI,RB,CHI@GB,2plus_td,0.01145,8634,0.148,0.0157,B,-,car_sh 25.3%; team rush 19.5; opp d_ypc 1.09; inside-10 car 2,1.0,
Tucker Kraft,GB,CHI,TE,CHI@GB,anytime_td,0.2865,249,0.0162,0.31545,B,-,tgt_sh 18.3%; team att 35.6; opp DvP 0.92; RZ tgt 4,1.0,
Tucker Kraft,GB,CHI,TE,CHI@GB,first_td,0.06566409077034077,1423,0.0162,0.31545,B,-,tgt_sh 18.3%; team att 35.6; opp DvP 0.92; RZ tgt 4,1.0,
Tucker Kraft,GB,CHI,TE,CHI@GB,last_td,0.06566409077034077,1423,0.0162,0.31545,B,-,tgt_sh 18.3%; team att 35.6; opp DvP 0.92; RZ tgt 4,1.0,
Tucker Kraft,GB,CHI,TE,CHI@GB,2plus_td,0.0414,2315,0.0162,0.31545,B,-,tgt_sh 18.3%; team att 35.6; opp DvP 0.92; RZ tgt 4,1.0,
MarShawn Lloyd,GB,CHI,RB,CHI@GB,anytime_td,0.36895,171,0.28745,0.1604,B,-,tgt_sh 6.3%; team att 35.6; opp DvP 1.12; RZ tgt 3; car_sh 46.4%; team rush 19.5; opp d_ypc 1.09; inside-10 car 5,1.0,
MarShawn Lloyd,GB,CHI,RB,CHI@GB,first_td,0.08854366092241092,1029,0.28745,0.1604,B,-,tgt_sh 6.3%; team att 35.6; opp DvP 1.12; RZ tgt 3; car_sh 46.4%; team rush 19.5; opp d_ypc 1.09; inside-10 car 5,1.0,
MarShawn Lloyd,GB,CHI,RB,CHI@GB,last_td,0.08854366092241092,1029,0.28745,0.1604,B,-,tgt_sh 6.3%; team att 35.6; opp DvP 1.12; RZ tgt 3; car_sh 46.4%; team rush 19.5; opp d_ypc 1.09; inside-10 car 5,1.0,
MarShawn Lloyd,GB,CHI,RB,CHI@GB,2plus_td,0.0697,1335,0.28745,0.1604,B,-,tgt_sh 6.3%; team att 35.6; opp DvP 1.12; RZ tgt 3; car_sh 46.4%; team rush 19.5; opp d_ypc 1.09; inside-10 car 5,1.0,
Bo Melton,GB,CHI,WR,CHI@GB,anytime_td,0.0425,2253,0.0,0.043,C,-,w_td 0.02; team TD 2.25,1.0,
Bo Melton,GB,CHI,WR,CHI@GB,first_td,0.008582610028860028,11551,0.0,0.043,C,-,w_td 0.02; team TD 2.25,1.0,
Bo Melton,GB,CHI,WR,CHI@GB,last_td,0.008582610028860028,11551,0.0,0.043,C,-,w_td 0.02; team TD 2.25,1.0,
Bo Melton,GB,CHI,WR,CHI@GB,2plus_td,0.0005,199900,0.0,0.043,C,-,w_td 0.02; team TD 2.25,1.0,
J. Michael Sturdivant,GB,CHI,WR,CHI@GB,anytime_td,0.03415,2828,0.0,0.0347,C,-,w_td 0.02; team TD 2.25,1.0,
J. Michael Sturdivant,GB,CHI,WR,CHI@GB,first_td,0.006788697691197692,14630,0.0,0.0347,C,-,w_td 0.02; team TD 2.25,1.0,
J. Michael Sturdivant,GB,CHI,WR,CHI@GB,last_td,0.006788697691197692,14630,0.0,0.0347,C,-,w_td 0.02; team TD 2.25,1.0,
J. Michael Sturdivant,GB,CHI,WR,CHI@GB,2plus_td,0.00055,181718,0.0,0.0347,C,-,w_td 0.02; team TD 2.25,1.0,
Skyy Moore,GB,CHI,WR,CHI@GB,anytime_td,0.16735,498,0.0,0.1818,C,-,tgt_sh 6.7%; team att 35.6; opp DvP 1.00; RZ tgt 4,1.0,
Skyy Moore,GB,CHI,WR,CHI@GB,first_td,0.035473695748695744,2719,0.0,0.1818,C,-,tgt_sh 6.7%; team att 35.6; opp DvP 1.00; RZ tgt 4,1.0,
Skyy Moore,GB,CHI,WR,CHI@GB,last_td,0.035473695748695744,2719,0.0,0.1818,C,-,tgt_sh 6.7%; team att 35.6; opp DvP 1.00; RZ tgt 4,1.0,
Skyy Moore,GB,CHI,WR,CHI@GB,2plus_td,0.01345,7335,0.0,0.1818,C,-,tgt_sh 6.7%; team att 35.6; opp DvP 1.00; RZ tgt 4,1.0,
Mark Redman,GB,CHI,TE,CHI@GB,anytime_td,0.01645,5979,0.0,0.0166,C,-,w_td 0.01; team TD 2.25,1.0,
Mark Redman,GB,CHI,TE,CHI@GB,first_td,0.003102705627705628,32130,0.0,0.0166,C,-,w_td 0.01; team TD 2.25,1.0,
Mark Redman,GB,CHI,TE,CHI@GB,last_td,0.003102705627705628,32130,0.0,0.0166,C,-,w_td 0.01; team TD 2.25,1.0,
Mark Redman,GB,CHI,TE,CHI@GB,2plus_td,0.00015,666567,0.0,0.0166,C,-,w_td 0.01; team TD 2.25,1.0,
Jonnu Smith,GB,CHI,TE,CHI@GB,anytime_td,0.0932,973,0.0,0.0982,C,-,tgt_sh 6.0%; team att 35.6; opp DvP 0.92; RZ tgt 1,1.0,
Jonnu Smith,GB,CHI,TE,CHI@GB,first_td,0.0194749000999001,5035,0.0,0.0982,C,-,tgt_sh 6.0%; team att 35.6; opp DvP 0.92; RZ tgt 1,1.0,
Jonnu Smith,GB,CHI,TE,CHI@GB,last_td,0.0194749000999001,5035,0.0,0.0982,C,-,tgt_sh 6.0%; team att 35.6; opp DvP 0.92; RZ tgt 1,1.0,
Jonnu Smith,GB,CHI,TE,CHI@GB,2plus_td,0.00485,20519,0.0,0.0982,C,-,tgt_sh 6.0%; team att 35.6; opp DvP 0.92; RZ tgt 1,1.0,
Christian Watson,GB,CHI,WR,CHI@GB,anytime_td,0.3481,187,0.0,0.4258,B,-,tgt_sh 20.2%; team att 35.6; opp DvP 1.00; RZ tgt 7,1.0,
Christian Watson,GB,CHI,WR,CHI@GB,first_td,0.08336869338994338,1099,0.0,0.4258,B,-,tgt_sh 20.2%; team att 35.6; opp DvP 1.00; RZ tgt 7,1.0,
Christian Watson,GB,CHI,WR,CHI@GB,last_td,0.08336869338994338,1099,0.0,0.4258,B,-,tgt_sh 20.2%; team att 35.6; opp DvP 1.00; RZ tgt 7,1.0,
Christian Watson,GB,CHI,WR,CHI@GB,2plus_td,0.0685,1360,0.0,0.4258,B,-,tgt_sh 20.2%; team att 35.6; opp DvP 1.00; RZ tgt 7,1.0,
Joe Burrow,CIN,MIA,QB,CIN@MIA,anytime_td,0.0767,1204,0.07955,0.0,B,-,team att 36.7; ypa 7.94; opp d_ypa 1.09; pass rate 62.6%,1.0,
Joe Burrow,CIN,MIA,QB,CIN@MIA,first_td,0.01751381313131313,5610,0.07955,0.0,B,-,team att 36.7; ypa 7.94; opp d_ypa 1.09; pass rate 62.6%,1.0,
Joe Burrow,CIN,MIA,QB,CIN@MIA,last_td,0.01751381313131313,5610,0.07955,0.0,B,-,team att 36.7; ypa 7.94; opp d_ypa 1.09; pass rate 62.6%,1.0,
Joe Burrow,CIN,MIA,QB,CIN@MIA,2plus_td,0.0028,35614,0.07955,0.0,B,-,team att 36.7; ypa 7.94; opp d_ypa 1.09; pass rate 62.6%,1.0,
Erick All,CIN,MIA,TE,CIN@MIA,anytime_td,0.0275,3536,0.0,0.02765,C,-,w_td 0.02; team TD 2.54,1.0,
Erick All,CIN,MIA,TE,CIN@MIA,first_td,0.006066388888888889,16384,0.0,0.02765,C,-,w_td 0.02; team TD 2.54,1.0,
Erick All,CIN,MIA,TE,CIN@MIA,last_td,0.006066388888888889,16384,0.0,0.02765,C,-,w_td 0.02; team TD 2.54,1.0,
Erick All,CIN,MIA,TE,CIN@MIA,2plus_td,0.00015,666567,0.0,0.02765,C,-,w_td 0.02; team TD 2.54,1.0,
Tahj Brooks,CIN,MIA,RB,CIN@MIA,anytime_td,0.0203,4826,0.0162,0.0042,C,-,w_td 0.02; team TD 2.54,1.0,
Tahj Brooks,CIN,MIA,RB,CIN@MIA,first_td,0.0044651406926406925,22296,0.0162,0.0042,C,-,w_td 0.02; team TD 2.54,1.0,
Tahj Brooks,CIN,MIA,RB,CIN@MIA,last_td,0.0044651406926406925,22296,0.0162,0.0042,C,-,w_td 0.02; team TD 2.54,1.0,
Tahj Brooks,CIN,MIA,RB,CIN@MIA,2plus_td,0.0001,999900,0.0162,0.0042,C,-,w_td 0.02; team TD 2.54,1.0,
Chase Brown,CIN,MIA,RB,CIN@MIA,anytime_td,0.55075,-123,0.5432,0.22775,B,-,tgt_sh 13.1%; team att 36.7; opp DvP 0.97; RZ tgt 1; car_sh 64.1%; team rush 22.9; opp d_ypc 0.93; inside-10 car 3,1.0,
Chase Brown,CIN,MIA,RB,CIN@MIA,first_td,0.1698668258130758,489,0.5432,0.22775,B,-,tgt_sh 13.1%; team att 36.7; opp DvP 0.97; RZ tgt 1; car_sh 64.1%; team rush 22.9; opp d_ypc 0.93; inside-10 car 3,1.0,
Chase Brown,CIN,MIA,RB,CIN@MIA,last_td,0.1698668258130758,489,0.5432,0.22775,B,-,tgt_sh 13.1%; team att 36.7; opp DvP 0.97; RZ tgt 1; car_sh 64.1%; team rush 22.9; opp d_ypc 0.93; inside-10 car 3,1.0,
Chase Brown,CIN,MIA,RB,CIN@MIA,2plus_td,0.17705,465,0.5432,0.22775,B,-,tgt_sh 13.1%; team att 36.7; opp DvP 0.97; RZ tgt 1; car_sh 64.1%; team rush 22.9; opp d_ypc 0.93; inside-10 car 3,1.0,
Ja'Marr Chase,CIN,MIA,WR,CIN@MIA,anytime_td,0.3632454664423257,175,0.0,0.4428242039010407,B,no game designation yet (DNP),tgt_sh 22.5%; team att 36.7; opp DvP 0.96; RZ tgt 4,0.8055616699684496,
Ja'Marr Chase,CIN,MIA,WR,CIN@MIA,first_td,0.09740596192269403,927,0.0,0.4428242039010407,B,no game designation yet (DNP),tgt_sh 22.5%; team att 36.7; opp DvP 0.96; RZ tgt 4,0.8055616699684496,
Ja'Marr Chase,CIN,MIA,WR,CIN@MIA,last_td,0.09740596192269403,927,0.0,0.4428242039010407,B,no game designation yet (DNP),tgt_sh 22.5%; team att 36.7; opp DvP 0.96; RZ tgt 4,0.8055616699684496,
Ja'Marr Chase,CIN,MIA,WR,CIN@MIA,2plus_td,0.06973266031033838,1334,0.0,0.4428242039010407,B,no game designation yet (DNP),tgt_sh 22.5%; team att 36.7; opp DvP 0.96; RZ tgt 4,0.8055616699684496,
Mike Gesicki,CIN,MIA,TE,CIN@MIA,anytime_td,0.23185,331,0.0,0.2621,C,-,tgt_sh 9.5%; team att 36.7; opp DvP 1.13; RZ tgt 3,1.0,
Mike Gesicki,CIN,MIA,TE,CIN@MIA,first_td,0.056761162171162165,1662,0.0,0.2621,C,-,tgt_sh 9.5%; team att 36.7; opp DvP 1.13; RZ tgt 3,1.0,
Mike Gesicki,CIN,MIA,TE,CIN@MIA,last_td,0.056761162171162165,1662,0.0,0.2621,C,-,tgt_sh 9.5%; team att 36.7; opp DvP 1.13; RZ tgt 3,1.0,
Mike Gesicki,CIN,MIA,TE,CIN@MIA,2plus_td,0.02715,3583,0.0,0.2621,C,-,tgt_sh 9.5%; team att 36.7; opp DvP 1.13; RZ tgt 3,1.0,
Tee Higgins,CIN,MIA,WR,CIN@MIA,anytime_td,0.2986612375840582,235,0.0,0.3530137577888827,B,no game designation yet (DNP),tgt_sh 20.0%; team att 36.7; opp DvP 0.96; RZ tgt 2,0.8055616699684496,
Tee Higgins,CIN,MIA,WR,CIN@MIA,first_td,0.07746103147269166,1191,0.0,0.3530137577888827,B,no game designation yet (DNP),tgt_sh 20.0%; team att 36.7; opp DvP 0.96; RZ tgt 2,0.8055616699684496,
Tee Higgins,CIN,MIA,WR,CIN@MIA,last_td,0.07746103147269166,1191,0.0,0.3530137577888827,B,no game designation yet (DNP),tgt_sh 20.0%; team att 36.7; opp DvP 0.96; RZ tgt 2,0.8055616699684496,
Tee Higgins,CIN,MIA,WR,CIN@MIA,2plus_td,0.049108519958048,1936,0.0,0.3530137577888827,B,no game designation yet (DNP),tgt_sh 20.0%; team att 36.7; opp DvP 0.96; RZ tgt 2,0.8055616699684496,
Tanner Hudson,CIN,MIA,TE,CIN@MIA,anytime_td,0.0837,1095,0.0,0.0865,C,-,tgt_sh 3.3%; team att 36.7; opp DvP 1.13; RZ tgt 1,1.0,
Tanner Hudson,CIN,MIA,TE,CIN@MIA,first_td,0.0192940386002886,5083,0.0,0.0865,C,-,tgt_sh 3.3%; team att 36.7; opp DvP 1.13; RZ tgt 1,1.0,
Tanner Hudson,CIN,MIA,TE,CIN@MIA,last_td,0.0192940386002886,5083,0.0,0.0865,C,-,tgt_sh 3.3%; team att 36.7; opp DvP 1.13; RZ tgt 1,1.0,
Tanner Hudson,CIN,MIA,TE,CIN@MIA,2plus_td,0.00275,36264,0.0,0.0865,C,-,tgt_sh 3.3%; team att 36.7; opp DvP 1.13; RZ tgt 1,1.0,
Dohnte Meyers,CIN,MIA,WR,CIN@MIA,anytime_td,0.1007,893,0.00645,0.0988,C,-,tgt_sh 6.5%; team att 36.7; opp DvP 0.96; RZ tgt 0,1.0,
Dohnte Meyers,CIN,MIA,WR,CIN@MIA,first_td,0.022773400627150626,4291,0.00645,0.0988,C,-,tgt_sh 6.5%; team att 36.7; opp DvP 0.96; RZ tgt 0,1.0,
Dohnte Meyers,CIN,MIA,WR,CIN@MIA,last_td,0.022773400627150626,4291,0.00645,0.0988,C,-,tgt_sh 6.5%; team att 36.7; opp DvP 0.96; RZ tgt 0,1.0,
Dohnte Meyers,CIN,MIA,WR,CIN@MIA,2plus_td,0.0044,22627,0.00645,0.0988,C,-,tgt_sh 6.5%; team att 36.7; opp DvP 0.96; RZ tgt 0,1.0,
Samaje Perine,CIN,MIA,RB,CIN@MIA,anytime_td,0.20985,377,0.16805,0.06415,B,-,tgt_sh 4.3%; team att 36.7; opp DvP 0.97; RZ tgt 0; car_sh 20.5%; team rush 22.9; opp d_ypc 0.93; inside-10 car 1,1.0,
Samaje Perine,CIN,MIA,RB,CIN@MIA,first_td,0.05148328518703519,1842,0.16805,0.06415,B,-,tgt_sh 4.3%; team att 36.7; opp DvP 0.97; RZ tgt 0; car_sh 20.5%; team rush 22.9; opp d_ypc 0.93; inside-10 car 1,1.0,
Samaje Perine,CIN,MIA,RB,CIN@MIA,last_td,0.05148328518703519,1842,0.16805,0.06415,B,-,tgt_sh 4.3%; team att 36.7; opp DvP 0.97; RZ tgt 0; car_sh 20.5%; team rush 22.9; opp d_ypc 0.93; inside-10 car 1,1.0,
Samaje Perine,CIN,MIA,RB,CIN@MIA,2plus_td,0.02105,4651,0.16805,0.06415,B,-,tgt_sh 4.3%; team att 36.7; opp DvP 0.97; RZ tgt 0; car_sh 20.5%; team rush 22.9; opp d_ypc 0.93; inside-10 car 1,1.0,
Drew Sample,CIN,MIA,TE,CIN@MIA,anytime_td,0.0798,1153,0.0,0.08315,C,-,tgt_sh 3.0%; team att 36.7; opp DvP 1.13; RZ tgt 1,1.0,
Drew Sample,CIN,MIA,TE,CIN@MIA,first_td,0.017930892857142857,5477,0.0,0.08315,C,-,tgt_sh 3.0%; team att 36.7; opp DvP 1.13; RZ tgt 1,1.0,
Drew Sample,CIN,MIA,TE,CIN@MIA,last_td,0.017930892857142857,5477,0.0,0.08315,C,-,tgt_sh 3.0%; team att 36.7; opp DvP 1.13; RZ tgt 1,1.0,
Drew Sample,CIN,MIA,TE,CIN@MIA,2plus_td,0.0033,30203,0.0,0.08315,C,-,tgt_sh 3.0%; team att 36.7; opp DvP 1.13; RZ tgt 1,1.0,
Mitchell Tinsley,CIN,MIA,WR,CIN@MIA,anytime_td,0.1848,441,0.0,0.20305,C,-,tgt_sh 6.7%; team att 36.7; opp DvP 0.96; RZ tgt 3,1.0,
Mitchell Tinsley,CIN,MIA,WR,CIN@MIA,first_td,0.044062699522699526,2169,0.0,0.20305,C,-,tgt_sh 6.7%; team att 36.7; opp DvP 0.96; RZ tgt 3,1.0,
Mitchell Tinsley,CIN,MIA,WR,CIN@MIA,last_td,0.044062699522699526,2169,0.0,0.20305,C,-,tgt_sh 6.7%; team att 36.7; opp DvP 0.96; RZ tgt 3,1.0,
Mitchell Tinsley,CIN,MIA,WR,CIN@MIA,2plus_td,0.0175,5614,0.0,0.20305,C,-,tgt_sh 6.7%; team att 36.7; opp DvP 0.96; RZ tgt 3,1.0,
Colbie Young,CIN,MIA,WR,CIN@MIA,anytime_td,0.020265694191195623,4834,0.0,0.02057827559260224,C,no game designation yet (Limited),w_td 0.01; team TD 2.54,0.9575230478992892,
Colbie Young,CIN,MIA,WR,CIN@MIA,first_td,0.0045332610141154035,21959,0.0,0.02057827559260224,C,no game designation yet (Limited),w_td 0.01; team TD 2.54,0.9575230478992892,
Colbie Young,CIN,MIA,WR,CIN@MIA,last_td,0.0045332610141154035,21959,0.0,0.02057827559260224,C,no game designation yet (Limited),w_td 0.01; team TD 2.54,0.9575230478992892,
Colbie Young,CIN,MIA,WR,CIN@MIA,2plus_td,0.0003125814014066163,319817,0.0,0.02057827559260224,C,no game designation yet (Limited),w_td 0.01; team TD 2.54,0.9575230478992892,
Malik Willis,MIA,CIN,QB,CIN@MIA,anytime_td,0.1386,622,0.14895,0.0,B,-,team att 30.1; ypa 7.36; opp d_ypa 1.05; pass rate 56.5%,1.0,
Malik Willis,MIA,CIN,QB,CIN@MIA,first_td,0.03242141469641469,2984,0.14895,0.0,B,-,team att 30.1; ypa 7.36; opp d_ypa 1.05; pass rate 56.5%,1.0,
Malik Willis,MIA,CIN,QB,CIN@MIA,last_td,0.03242141469641469,2984,0.14895,0.0,B,-,team att 30.1; ypa 7.36; opp d_ypa 1.05; pass rate 56.5%,1.0,
Malik Willis,MIA,CIN,QB,CIN@MIA,2plus_td,0.0101,9801,0.14895,0.0,B,-,team att 30.1; ypa 7.36; opp d_ypa 1.05; pass rate 56.5%,1.0,
Chris Bell,MIA,CIN,WR,CIN@MIA,anytime_td,0.10965826213794541,812,0.0,0.1152323400708481,C,no game designation yet (Limited),tgt_sh 11.8%; team att 30.1; opp DvP 0.88; RZ tgt 0,0.9575230478992892,
Chris Bell,MIA,CIN,WR,CIN@MIA,first_td,0.024630236518129827,3960,0.0,0.1152323400708481,C,no game designation yet (Limited),tgt_sh 11.8%; team att 30.1; opp DvP 0.88; RZ tgt 0,0.9575230478992892,
Chris Bell,MIA,CIN,WR,CIN@MIA,last_td,0.024630236518129827,3960,0.0,0.1152323400708481,C,no game designation yet (Limited),tgt_sh 11.8%; team att 30.1; opp DvP 0.88; RZ tgt 0,0.9575230478992892,
Chris Bell,MIA,CIN,WR,CIN@MIA,2plus_td,0.005469889560325068,18182,0.0,0.1152323400708481,C,no game designation yet (Limited),tgt_sh 11.8%; team att 30.1; opp DvP 0.88; RZ tgt 0,0.9575230478992892,
Kevin Coleman Jr.,MIA,CIN,WR,CIN@MIA,anytime_td,0.11535,767,0.0,0.1209,C,-,tgt_sh 9.4%; team att 30.1; opp DvP 0.88; RZ tgt 1,1.0,
Kevin Coleman Jr.,MIA,CIN,WR,CIN@MIA,first_td,0.02637155538905539,3692,0.0,0.1209,C,-,tgt_sh 9.4%; team att 30.1; opp DvP 0.88; RZ tgt 1,1.0,
Kevin Coleman Jr.,MIA,CIN,WR,CIN@MIA,last_td,0.02637155538905539,3692,0.0,0.1209,C,-,tgt_sh 9.4%; team att 30.1; opp DvP 0.88; RZ tgt 1,1.0,
Kevin Coleman Jr.,MIA,CIN,WR,CIN@MIA,2plus_td,0.00535,18592,0.0,0.1209,C,-,tgt_sh 9.4%; team att 30.1; opp DvP 0.88; RZ tgt 1,1.0,
Caleb Douglas,MIA,CIN,WR,CIN@MIA,anytime_td,0.17432558139534884,474,0.0,0.18815503875968992,C,no game designation yet (DNP),tgt_sh 17.2%; team att 30.1; opp DvP 0.88; RZ tgt 1,0.8055616699684496,
Caleb Douglas,MIA,CIN,WR,CIN@MIA,first_td,0.0412411825900198,2325,0.0,0.18815503875968992,C,no game designation yet (DNP),tgt_sh 17.2%; team att 30.1; opp DvP 0.88; RZ tgt 1,0.8055616699684496,
Caleb Douglas,MIA,CIN,WR,CIN@MIA,last_td,0.0412411825900198,2325,0.0,0.18815503875968992,C,no game designation yet (DNP),tgt_sh 17.2%; team att 30.1; opp DvP 0.88; RZ tgt 1,0.8055616699684496,
Caleb Douglas,MIA,CIN,WR,CIN@MIA,2plus_td,0.013581395348837209,7263,0.0,0.18815503875968992,C,no game designation yet (DNP),tgt_sh 17.2%; team att 30.1; opp DvP 0.88; RZ tgt 1,0.8055616699684496,
Greg Dulcich,MIA,CIN,TE,CIN@MIA,anytime_td,0.16935,490,0.0,0.1847,B,-,tgt_sh 9.6%; team att 30.1; opp DvP 1.14; RZ tgt 2,1.0,
Greg Dulcich,MIA,CIN,TE,CIN@MIA,first_td,0.03982482559107559,2411,0.0,0.1847,B,-,tgt_sh 9.6%; team att 30.1; opp DvP 1.14; RZ tgt 2,1.0,
Greg Dulcich,MIA,CIN,TE,CIN@MIA,last_td,0.03982482559107559,2411,0.0,0.1847,B,-,tgt_sh 9.6%; team att 30.1; opp DvP 1.14; RZ tgt 2,1.0,
Greg Dulcich,MIA,CIN,TE,CIN@MIA,2plus_td,0.0142,6942,0.0,0.1847,B,-,tgt_sh 9.6%; team att 30.1; opp DvP 1.14; RZ tgt 2,1.0,
Ollie Gordon II,MIA,CIN,RB,CIN@MIA,anytime_td,0.3307,202,0.3564,0.0372,B,-,tgt_sh 3.5%; team att 30.1; opp DvP 1.13; RZ tgt 0; car_sh 24.2%; team rush 25.8; opp d_ypc 1.04; inside-10 car 1,1.0,
Ollie Gordon II,MIA,CIN,RB,CIN@MIA,first_td,0.08540777888777888,1071,0.3564,0.0372,B,-,tgt_sh 3.5%; team att 30.1; opp DvP 1.13; RZ tgt 0; car_sh 24.2%; team rush 25.8; opp d_ypc 1.04; inside-10 car 1,1.0,
Ollie Gordon II,MIA,CIN,RB,CIN@MIA,last_td,0.08540777888777888,1071,0.3564,0.0372,B,-,tgt_sh 3.5%; team att 30.1; opp DvP 1.13; RZ tgt 0; car_sh 24.2%; team rush 25.8; opp d_ypc 1.04; inside-10 car 1,1.0,
Ollie Gordon II,MIA,CIN,RB,CIN@MIA,2plus_td,0.05655,1668,0.3564,0.0372,B,-,tgt_sh 3.5%; team att 30.1; opp DvP 1.13; RZ tgt 0; car_sh 24.2%; team rush 25.8; opp d_ypc 1.04; inside-10 car 1,1.0,
DJ Herman,MIA,CIN,RB,CIN@MIA,anytime_td,0.0325,2977,0.00625,0.02665,C,-,w_td 0.03; team TD 1.77,1.0,
DJ Herman,MIA,CIN,RB,CIN@MIA,first_td,0.007056708152958153,14071,0.00625,0.02665,C,-,w_td 0.03; team TD 1.77,1.0,
DJ Herman,MIA,CIN,RB,CIN@MIA,last_td,0.007056708152958153,14071,0.00625,0.02665,C,-,w_td 0.03; team TD 1.77,1.0,
DJ Herman,MIA,CIN,RB,CIN@MIA,2plus_td,0.0004,249900,0.00625,0.02665,C,-,w_td 0.03; team TD 1.77,1.0,
Will Kacmarek,MIA,CIN,TE,CIN@MIA,anytime_td,0.0349,2765,0.0,0.03535,C,-,tgt_sh 3.4%; team att 30.1; opp DvP 1.14; RZ tgt 0,1.0,
Will Kacmarek,MIA,CIN,TE,CIN@MIA,first_td,0.00781486471861472,12696,0.0,0.03535,C,-,tgt_sh 3.4%; team att 30.1; opp DvP 1.14; RZ tgt 0,1.0,
Will Kacmarek,MIA,CIN,TE,CIN@MIA,last_td,0.00781486471861472,12696,0.0,0.03535,C,-,tgt_sh 3.4%; team att 30.1; opp DvP 1.14; RZ tgt 0,1.0,
Will Kacmarek,MIA,CIN,TE,CIN@MIA,2plus_td,0.00045,222122,0.0,0.03535,C,-,tgt_sh 3.4%; team att 30.1; opp DvP 1.14; RZ tgt 0,1.0,
Ryan Miller,MIA,CIN,WR,CIN@MIA,anytime_td,0.0189,5191,0.0,0.01935,C,-,w_td 0.02; team TD 1.77,1.0,
Ryan Miller,MIA,CIN,WR,CIN@MIA,first_td,0.004165316211566211,23908,0.0,0.01935,C,-,w_td 0.02; team TD 1.77,1.0,
Ryan Miller,MIA,CIN,WR,CIN@MIA,last_td,0.004165316211566211,23908,0.0,0.01935,C,-,w_td 0.02; team TD 1.77,1.0,
Ryan Miller,MIA,CIN,WR,CIN@MIA,2plus_td,0.00045,222122,0.0,0.01935,C,-,w_td 0.02; team TD 1.77,1.0,
Jalen Tolbert,MIA,CIN,WR,CIN@MIA,anytime_td,0.0349,2765,0.0,0.03565,C,-,w_td 0.03; team TD 1.77,1.0,
Jalen Tolbert,MIA,CIN,WR,CIN@MIA,first_td,0.008118409645909645,12218,0.0,0.03565,C,-,w_td 0.03; team TD 1.77,1.0,
Jalen Tolbert,MIA,CIN,WR,CIN@MIA,last_td,0.008118409645909645,12218,0.0,0.03565,C,-,w_td 0.03; team TD 1.77,1.0,
Jalen Tolbert,MIA,CIN,WR,CIN@MIA,2plus_td,0.0007,142757,0.0,0.03565,C,-,w_td 0.03; team TD 1.77,1.0,
Malik Washington,MIA,CIN,WR,CIN@MIA,anytime_td,0.26145,282,0.07815,0.22,B,-,tgt_sh 19.8%; team att 30.1; opp DvP 0.88; RZ tgt 1,1.0,
Malik Washington,MIA,CIN,WR,CIN@MIA,first_td,0.06439078823953823,1453,0.07815,0.22,B,-,tgt_sh 19.8%; team att 30.1; opp DvP 0.88; RZ tgt 1,1.0,
Malik Washington,MIA,CIN,WR,CIN@MIA,last_td,0.06439078823953823,1453,0.07815,0.22,B,-,tgt_sh 19.8%; team att 30.1; opp DvP 0.88; RZ tgt 1,1.0,
Malik Washington,MIA,CIN,WR,CIN@MIA,2plus_td,0.03425,2820,0.07815,0.22,B,-,tgt_sh 19.8%; team att 30.1; opp DvP 0.88; RZ tgt 1,1.0,
Jaylen Wright,MIA,CIN,RB,CIN@MIA,anytime_td,0.20005,400,0.2034,0.01575,C,-,car_sh 11.8%; team rush 25.8; opp d_ypc 1.04; inside-10 car 1,1.0,
Jaylen Wright,MIA,CIN,RB,CIN@MIA,first_td,0.04741745670995671,2009,0.2034,0.01575,C,-,car_sh 11.8%; team rush 25.8; opp d_ypc 1.04; inside-10 car 1,1.0,
Jaylen Wright,MIA,CIN,RB,CIN@MIA,last_td,0.04741745670995671,2009,0.2034,0.01575,C,-,car_sh 11.8%; team rush 25.8; opp d_ypc 1.04; inside-10 car 1,1.0,
Jaylen Wright,MIA,CIN,RB,CIN@MIA,2plus_td,0.01805,5440,0.2034,0.01575,C,-,car_sh 11.8%; team rush 25.8; opp d_ypc 1.04; inside-10 car 1,1.0,
Kirk Cousins,LV,NE,QB,LV@NE,anytime_td,0.0306,3168,0.0312,0.0,B,-,team att 33.6; ypa 6.97; opp d_ypa 0.96; pass rate 56.7%,1.0,
Kirk Cousins,LV,NE,QB,LV@NE,first_td,0.006435815850815851,15438,0.0312,0.0,B,-,team att 33.6; ypa 6.97; opp d_ypa 0.96; pass rate 56.7%,1.0,
Kirk Cousins,LV,NE,QB,LV@NE,last_td,0.006435815850815851,15438,0.0312,0.0,B,-,team att 33.6; ypa 6.97; opp d_ypa 0.96; pass rate 56.7%,1.0,
Kirk Cousins,LV,NE,QB,LV@NE,2plus_td,0.0006,166567,0.0312,0.0,B,-,team att 33.6; ypa 6.97; opp d_ypa 0.96; pass rate 56.7%,1.0,
Cody White,LV,NE,WR,LV@NE,anytime_td,0.1342,645,0.0,0.14395,C,-,tgt_sh 5.5%; team att 33.6; opp DvP 0.95; RZ tgt 4,1.0,
Cody White,LV,NE,WR,LV@NE,first_td,0.028656148851148852,3390,0.0,0.14395,C,-,tgt_sh 5.5%; team att 33.6; opp DvP 0.95; RZ tgt 4,1.0,
Cody White,LV,NE,WR,LV@NE,last_td,0.028656148851148852,3390,0.0,0.14395,C,-,tgt_sh 5.5%; team att 33.6; opp DvP 0.95; RZ tgt 4,1.0,
Cody White,LV,NE,WR,LV@NE,2plus_td,0.00945,10482,0.0,0.14395,C,-,tgt_sh 5.5%; team att 33.6; opp DvP 0.95; RZ tgt 4,1.0,
Malik Benson,LV,NE,WR,LV@NE,anytime_td,0.03415,2828,0.00305,0.03185,C,-,w_td 0.02; team TD 2.00,1.0,
Malik Benson,LV,NE,WR,LV@NE,first_td,0.006827088744588744,14548,0.00305,0.03185,C,-,w_td 0.02; team TD 2.00,1.0,
Malik Benson,LV,NE,WR,LV@NE,last_td,0.006827088744588744,14548,0.00305,0.03185,C,-,w_td 0.02; team TD 2.00,1.0,
Malik Benson,LV,NE,WR,LV@NE,2plus_td,0.00075,133233,0.00305,0.03185,C,-,w_td 0.02; team TD 2.00,1.0,
Brock Bowers,LV,NE,TE,LV@NE,anytime_td,0.32885,204,0.0,0.3918,B,-,tgt_sh 25.0%; team att 33.6; opp DvP 1.11; RZ tgt 4,1.0,
Brock Bowers,LV,NE,TE,LV@NE,first_td,0.07701769563769563,1198,0.0,0.3918,B,-,tgt_sh 25.0%; team att 33.6; opp DvP 1.11; RZ tgt 4,1.0,
Brock Bowers,LV,NE,TE,LV@NE,last_td,0.07701769563769563,1198,0.0,0.3918,B,-,tgt_sh 25.0%; team att 33.6; opp DvP 1.11; RZ tgt 4,1.0,
Brock Bowers,LV,NE,TE,LV@NE,2plus_td,0.05595,1687,0.0,0.3918,B,-,tgt_sh 25.0%; team att 33.6; opp DvP 1.11; RZ tgt 4,1.0,
Connor Heyward,LV,NE,RB,LV@NE,anytime_td,0.02695,3611,0.0203,0.00705,C,-,w_td 0.04; team TD 2.00,1.0,
Connor Heyward,LV,NE,RB,LV@NE,first_td,0.005506017316017317,18062,0.0203,0.00705,C,-,w_td 0.04; team TD 2.00,1.0,
Connor Heyward,LV,NE,RB,LV@NE,last_td,0.005506017316017317,18062,0.0203,0.00705,C,-,w_td 0.04; team TD 2.00,1.0,
Connor Heyward,LV,NE,RB,LV@NE,2plus_td,0.0004,249900,0.0203,0.00705,C,-,w_td 0.04; team TD 2.00,1.0,
Ashton Jeanty,LV,NE,RB,LV@NE,anytime_td,0.49055,104,0.343,0.30665,B,-,tgt_sh 14.6%; team att 33.6; opp DvP 1.00; RZ tgt 6; car_sh 60.7%; team rush 26.9; opp d_ypc 1.03; inside-10 car 7,1.0,
Ashton Jeanty,LV,NE,RB,LV@NE,first_td,0.12931294635919638,673,0.343,0.30665,B,-,tgt_sh 14.6%; team att 33.6; opp DvP 1.00; RZ tgt 6; car_sh 60.7%; team rush 26.9; opp d_ypc 1.03; inside-10 car 7,1.0,
Ashton Jeanty,LV,NE,RB,LV@NE,last_td,0.12931294635919638,673,0.343,0.30665,B,-,tgt_sh 14.6%; team att 33.6; opp DvP 1.00; RZ tgt 6; car_sh 60.7%; team rush 26.9; opp d_ypc 1.03; inside-10 car 7,1.0,
Ashton Jeanty,LV,NE,RB,LV@NE,2plus_td,0.13385,647,0.343,0.30665,B,-,tgt_sh 14.6%; team att 33.6; opp DvP 1.00; RZ tgt 6; car_sh 60.7%; team rush 26.9; opp d_ypc 1.03; inside-10 car 7,1.0,
Michael Mayer,LV,NE,TE,LV@NE,anytime_td,0.20965,377,0.0,0.2314,B,-,tgt_sh 15.7%; team att 33.6; opp DvP 1.11; RZ tgt 2,1.0,
Michael Mayer,LV,NE,TE,LV@NE,first_td,0.0461347773060273,2068,0.0,0.2314,B,-,tgt_sh 15.7%; team att 33.6; opp DvP 1.11; RZ tgt 2,1.0,
Michael Mayer,LV,NE,TE,LV@NE,last_td,0.0461347773060273,2068,0.0,0.2314,B,-,tgt_sh 15.7%; team att 33.6; opp DvP 1.11; RZ tgt 2,1.0,
Michael Mayer,LV,NE,TE,LV@NE,2plus_td,0.0204,4802,0.0,0.2314,B,-,tgt_sh 15.7%; team att 33.6; opp DvP 1.11; RZ tgt 2,1.0,
Jalen Nailor,LV,NE,WR,LV@NE,anytime_td,0.1139,778,0.0,0.11985,C,-,tgt_sh 8.9%; team att 33.6; opp DvP 0.95; RZ tgt 1,1.0,
Jalen Nailor,LV,NE,WR,LV@NE,first_td,0.023934551975801976,4078,0.0,0.11985,C,-,tgt_sh 8.9%; team att 33.6; opp DvP 0.95; RZ tgt 1,1.0,
Jalen Nailor,LV,NE,WR,LV@NE,last_td,0.023934551975801976,4078,0.0,0.11985,C,-,tgt_sh 8.9%; team att 33.6; opp DvP 0.95; RZ tgt 1,1.0,
Jalen Nailor,LV,NE,WR,LV@NE,2plus_td,0.00595,16707,0.0,0.11985,C,-,tgt_sh 8.9%; team att 33.6; opp DvP 0.95; RZ tgt 1,1.0,
Ian Thomas,LV,NE,TE,LV@NE,anytime_td,0.0243,4015,0.0,0.02465,C,-,w_td 0.02; team TD 2.00,1.0,
Ian Thomas,LV,NE,TE,LV@NE,first_td,0.004745638528138528,20972,0.0,0.02465,C,-,w_td 0.02; team TD 2.00,1.0,
Ian Thomas,LV,NE,TE,LV@NE,last_td,0.004745638528138528,20972,0.0,0.02465,C,-,w_td 0.02; team TD 2.00,1.0,
Ian Thomas,LV,NE,TE,LV@NE,2plus_td,0.00035,285614,0.0,0.02465,C,-,w_td 0.02; team TD 2.00,1.0,
Tre Tucker,LV,NE,WR,LV@NE,anytime_td,0.1713,484,0.0,0.18625,B,-,tgt_sh 15.2%; team att 33.6; opp DvP 0.95; RZ tgt 1,1.0,
Tre Tucker,LV,NE,WR,LV@NE,first_td,0.03652322441447441,2638,0.0,0.18625,B,-,tgt_sh 15.2%; team att 33.6; opp DvP 0.95; RZ tgt 1,1.0,
Tre Tucker,LV,NE,WR,LV@NE,last_td,0.03652322441447441,2638,0.0,0.18625,B,-,tgt_sh 15.2%; team att 33.6; opp DvP 0.95; RZ tgt 1,1.0,
Tre Tucker,LV,NE,WR,LV@NE,2plus_td,0.0144,6844,0.0,0.18625,B,-,tgt_sh 15.2%; team att 33.6; opp DvP 0.95; RZ tgt 1,1.0,
Mike Washington Jr.,LV,NE,RB,LV@NE,anytime_td,0.11955,736,0.10865,0.01825,B,-,car_sh 22.8%; team rush 26.9; opp d_ypc 1.03; inside-10 car 1,1.0,
Mike Washington Jr.,LV,NE,RB,LV@NE,first_td,0.02522101898101898,3865,0.10865,0.01825,B,-,car_sh 22.8%; team rush 26.9; opp d_ypc 1.03; inside-10 car 1,1.0,
Mike Washington Jr.,LV,NE,RB,LV@NE,last_td,0.02522101898101898,3865,0.10865,0.01825,B,-,car_sh 22.8%; team rush 26.9; opp d_ypc 1.03; inside-10 car 1,1.0,
Mike Washington Jr.,LV,NE,RB,LV@NE,2plus_td,0.007,14186,0.10865,0.01825,B,-,car_sh 22.8%; team rush 26.9; opp d_ypc 1.03; inside-10 car 1,1.0,
Dareke Young,LV,NE,WR,LV@NE,anytime_td,0.015,6567,0.0,0.01515,C,-,w_td 0.01; team TD 2.00,1.0,
Dareke Young,LV,NE,WR,LV@NE,first_td,0.0029709541847041843,33559,0.0,0.01515,C,-,w_td 0.01; team TD 2.00,1.0,
Dareke Young,LV,NE,WR,LV@NE,last_td,0.0029709541847041843,33559,0.0,0.01515,C,-,w_td 0.01; team TD 2.00,1.0,
Dareke Young,LV,NE,WR,LV@NE,2plus_td,0.00015,666567,0.0,0.01515,C,-,w_td 0.01; team TD 2.00,1.0,
Drake Maye,NE,LV,QB,LV@NE,anytime_td,0.17135419325200346,484,0.18595273339798887,0.0,B,no game designation yet (Full),team att 30.0; ypa 7.20; opp d_ypa 1.00; pass rate 52.9%,0.98,
Drake Maye,NE,LV,QB,LV@NE,first_td,0.03722528598619661,2586,0.18595273339798887,0.0,B,no game designation yet (Full),team att 30.0; ypa 7.20; opp d_ypa 1.00; pass rate 52.9%,0.98,
Drake Maye,NE,LV,QB,LV@NE,last_td,0.03722528598619661,2586,0.18595273339798887,0.0,B,no game designation yet (Full),team att 30.0; ypa 7.20; opp d_ypa 1.00; pass rate 52.9%,0.98,
Drake Maye,NE,LV,QB,LV@NE,2plus_td,0.013781838599356848,7156,0.18595273339798887,0.0,B,no game designation yet (Full),team att 30.0; ypa 7.20; opp d_ypa 1.00; pass rate 52.9%,0.98,
Efton Chism III,NE,LV,WR,LV@NE,anytime_td,0.0917,991,0.0,0.09565,C,-,w_td 0.05; team TD 2.76,1.0,
Efton Chism III,NE,LV,WR,LV@NE,first_td,0.019519496059496058,5023,0.0,0.09565,C,-,w_td 0.05; team TD 2.76,1.0,
Efton Chism III,NE,LV,WR,LV@NE,last_td,0.019519496059496058,5023,0.0,0.09565,C,-,w_td 0.05; team TD 2.76,1.0,
Efton Chism III,NE,LV,WR,LV@NE,2plus_td,0.0038,26216,0.0,0.09565,C,-,w_td 0.05; team TD 2.76,1.0,
Romeo Doubs,NE,LV,WR,LV@NE,anytime_td,0.3435,191,0.0,0.4143,B,-,tgt_sh 16.8%; team att 30.0; opp DvP 1.04; RZ tgt 4,1.0,
Romeo Doubs,NE,LV,WR,LV@NE,first_td,0.08300854784104783,1105,0.0,0.4143,B,-,tgt_sh 16.8%; team att 30.0; opp DvP 1.04; RZ tgt 4,1.0,
Romeo Doubs,NE,LV,WR,LV@NE,last_td,0.08300854784104783,1105,0.0,0.4143,B,-,tgt_sh 16.8%; team att 30.0; opp DvP 1.04; RZ tgt 4,1.0,
Romeo Doubs,NE,LV,WR,LV@NE,2plus_td,0.063,1487,0.0,0.4143,B,-,tgt_sh 16.8%; team att 30.0; opp DvP 1.04; RZ tgt 4,1.0,
DeMario Douglas,NE,LV,WR,LV@NE,anytime_td,0.2207,353,0.0,0.2457,C,-,tgt_sh 10.6%; team att 30.0; opp DvP 1.04; RZ tgt 2,1.0,
DeMario Douglas,NE,LV,WR,LV@NE,first_td,0.04944545856920857,1922,0.0,0.2457,C,-,tgt_sh 10.6%; team att 30.0; opp DvP 1.04; RZ tgt 2,1.0,
DeMario Douglas,NE,LV,WR,LV@NE,last_td,0.04944545856920857,1922,0.0,0.2457,C,-,tgt_sh 10.6%; team att 30.0; opp DvP 1.04; RZ tgt 2,1.0,
DeMario Douglas,NE,LV,WR,LV@NE,2plus_td,0.0238,4102,0.0,0.2457,C,-,tgt_sh 10.6%; team att 30.0; opp DvP 1.04; RZ tgt 2,1.0,
Reggie Gilliam,NE,LV,RB,LV@NE,anytime_td,0.02239742881534676,4365,0.0,0.022748957967157132,C,no game designation yet (Limited),w_td 0.01; team TD 2.76,0.9951309141019752,
Reggie Gilliam,NE,LV,RB,LV@NE,first_td,0.004506030358488552,22092,0.0,0.022748957967157132,C,no game designation yet (Limited),w_td 0.01; team TD 2.76,0.9951309141019752,
Reggie Gilliam,NE,LV,RB,LV@NE,last_td,0.004506030358488552,22092,0.0,0.022748957967157132,C,no game designation yet (Limited),w_td 0.01; team TD 2.76,0.9951309141019752,
Reggie Gilliam,NE,LV,RB,LV@NE,2plus_td,0.00035152915181037514,284371,0.0,0.022748957967157132,C,no game designation yet (Limited),w_td 0.01; team TD 2.76,0.9951309141019752,
TreVeyon Henderson,NE,LV,RB,LV@NE,anytime_td,0.36105,177,0.37245,0.0641,B,-,tgt_sh 4.2%; team att 30.0; opp DvP 0.98; RZ tgt 0; car_sh 39.1%; team rush 29.1; opp d_ypc 1.13; inside-10 car 1,1.0,
TreVeyon Henderson,NE,LV,RB,LV@NE,first_td,0.08927243367743368,1020,0.37245,0.0641,B,-,tgt_sh 4.2%; team att 30.0; opp DvP 0.98; RZ tgt 0; car_sh 39.1%; team rush 29.1; opp d_ypc 1.13; inside-10 car 1,1.0,
TreVeyon Henderson,NE,LV,RB,LV@NE,last_td,0.08927243367743368,1020,0.37245,0.0641,B,-,tgt_sh 4.2%; team att 30.0; opp DvP 0.98; RZ tgt 0; car_sh 39.1%; team rush 29.1; opp d_ypc 1.13; inside-10 car 1,1.0,
TreVeyon Henderson,NE,LV,RB,LV@NE,2plus_td,0.0677,1377,0.37245,0.0641,B,-,tgt_sh 4.2%; team att 30.0; opp DvP 0.98; RZ tgt 0; car_sh 39.1%; team rush 29.1; opp d_ypc 1.13; inside-10 car 1,1.0,
Hunter Henry,NE,LV,TE,LV@NE,anytime_td,0.206,385,0.0,0.22855,C,-,tgt_sh 13.8%; team att 30.0; opp DvP 0.80; RZ tgt 1,1.0,
Hunter Henry,NE,LV,TE,LV@NE,first_td,0.04579825743700744,2083,0.0,0.22855,C,-,tgt_sh 13.8%; team att 30.0; opp DvP 0.80; RZ tgt 1,1.0,
Hunter Henry,NE,LV,TE,LV@NE,last_td,0.04579825743700744,2083,0.0,0.22855,C,-,tgt_sh 13.8%; team att 30.0; opp DvP 0.80; RZ tgt 1,1.0,
Hunter Henry,NE,LV,TE,LV@NE,2plus_td,0.0209,4685,0.0,0.22855,C,-,tgt_sh 13.8%; team att 30.0; opp DvP 0.80; RZ tgt 1,1.0,
Mack Hollins,NE,LV,WR,LV@NE,anytime_td,0.3093690011765434,223,0.0,0.36342807604186017,B,no game designation yet (DNP),tgt_sh 14.1%; team att 30.0; opp DvP 1.04; RZ tgt 4,0.8055616699684496,
Mack Hollins,NE,LV,WR,LV@NE,first_td,0.07225061251626363,1284,0.0,0.36342807604186017,B,no game designation yet (DNP),tgt_sh 14.1%; team att 30.0; opp DvP 1.04; RZ tgt 4,0.8055616699684496,
Mack Hollins,NE,LV,WR,LV@NE,last_td,0.07225061251626363,1284,0.0,0.36342807604186017,B,no game designation yet (DNP),tgt_sh 14.1%; team att 30.0; opp DvP 1.04; RZ tgt 4,0.8055616699684496,
Mack Hollins,NE,LV,WR,LV@NE,2plus_td,0.04830020434701839,1970,0.0,0.36342807604186017,B,no game designation yet (DNP),tgt_sh 14.1%; team att 30.0; opp DvP 1.04; RZ tgt 4,0.8055616699684496,
Corey Kiner,NE,LV,RB,LV@NE,anytime_td,0.08915,1022,0.08165,0.0118,C,-,car_sh 9.7%; team rush 29.1; opp d_ypc 1.13; inside-10 car 0,1.0,
Corey Kiner,NE,LV,RB,LV@NE,first_td,0.019058131729381728,5147,0.08165,0.0118,C,-,car_sh 9.7%; team rush 29.1; opp d_ypc 1.13; inside-10 car 0,1.0,
Corey Kiner,NE,LV,RB,LV@NE,last_td,0.019058131729381728,5147,0.08165,0.0118,C,-,car_sh 9.7%; team rush 29.1; opp d_ypc 1.13; inside-10 car 0,1.0,
Corey Kiner,NE,LV,RB,LV@NE,2plus_td,0.0041,24290,0.08165,0.0118,C,-,car_sh 9.7%; team rush 29.1; opp d_ypc 1.13; inside-10 car 0,1.0,
Lan Larison,NE,LV,RB,LV@NE,anytime_td,0.0464,2055,0.00335,0.04455,C,-,w_td 0.03; team TD 2.76,1.0,
Lan Larison,NE,LV,RB,LV@NE,first_td,0.009593669941169941,10324,0.00335,0.04455,C,-,w_td 0.03; team TD 2.76,1.0,
Lan Larison,NE,LV,RB,LV@NE,last_td,0.009593669941169941,10324,0.00335,0.04455,C,-,w_td 0.03; team TD 2.76,1.0,
Lan Larison,NE,LV,RB,LV@NE,2plus_td,0.0015,66567,0.00335,0.04455,C,-,w_td 0.03; team TD 2.76,1.0,
Eli Raridon,NE,LV,TE,LV@NE,anytime_td,0.0974,927,0.0,0.10225,C,-,w_td 0.05; team TD 2.76,1.0,
Eli Raridon,NE,LV,TE,LV@NE,first_td,0.020752299783549786,4719,0.0,0.10225,C,-,w_td 0.05; team TD 2.76,1.0,
Eli Raridon,NE,LV,TE,LV@NE,last_td,0.020752299783549786,4719,0.0,0.10225,C,-,w_td 0.05; team TD 2.76,1.0,
Eli Raridon,NE,LV,TE,LV@NE,2plus_td,0.00475,20953,0.0,0.10225,C,-,w_td 0.05; team TD 2.76,1.0,
Rhamondre Stevenson,NE,LV,RB,LV@NE,anytime_td,0.3798944458406635,163,0.30836893691882383,0.15898466951495352,B,no game designation yet (Limited),tgt_sh 10.1%; team att 30.0; opp DvP 0.98; RZ tgt 0; car_sh 27.9%; team rush 29.1; opp d_ypc 1.13; inside-10 car 2,0.9951309141019752,
Rhamondre Stevenson,NE,LV,RB,LV@NE,first_td,0.09444648242210443,959,0.30836893691882383,0.15898466951495352,B,no game designation yet (Limited),tgt_sh 10.1%; team att 30.0; opp DvP 0.98; RZ tgt 0; car_sh 27.9%; team rush 29.1; opp d_ypc 1.13; inside-10 car 2,0.9951309141019752,
Rhamondre Stevenson,NE,LV,RB,LV@NE,last_td,0.09444648242210443,959,0.30836893691882383,0.15898466951495352,B,no game designation yet (Limited),tgt_sh 10.1%; team att 30.0; opp DvP 0.98; RZ tgt 0; car_sh 27.9%; team rush 29.1; opp d_ypc 1.13; inside-10 car 2,0.9951309141019752,
Rhamondre Stevenson,NE,LV,RB,LV@NE,2plus_td,0.07750691128424227,1190,0.30836893691882383,0.15898466951495352,B,no game designation yet (Limited),tgt_sh 10.1%; team att 30.0; opp DvP 0.98; RZ tgt 0; car_sh 27.9%; team rush 29.1; opp d_ypc 1.13; inside-10 car 2,0.9951309141019752,
Kyle Williams,NE,LV,WR,LV@NE,anytime_td,0.0663,1408,0.0,0.0683,C,-,tgt_sh 4.2%; team att 30.0; opp DvP 1.04; RZ tgt 0,1.0,
Kyle Williams,NE,LV,WR,LV@NE,first_td,0.014023761377511374,7031,0.0,0.0683,C,-,tgt_sh 4.2%; team att 30.0; opp DvP 1.04; RZ tgt 0,1.0,
Kyle Williams,NE,LV,WR,LV@NE,last_td,0.014023761377511374,7031,0.0,0.0683,C,-,tgt_sh 4.2%; team att 30.0; opp DvP 1.04; RZ tgt 0,1.0,
Kyle Williams,NE,LV,WR,LV@NE,2plus_td,0.002,49900,0.0,0.0683,C,-,tgt_sh 4.2%; team att 30.0; opp DvP 1.04; RZ tgt 0,1.0,
Kyler Murray,MIN,NO,QB,MIN@NO,anytime_td,0.15915,528,0.17485,0.0,B,-,team att 29.2; ypa 6.91; opp d_ypa 1.02; pass rate 52.4%,1.0,
Kyler Murray,MIN,NO,QB,MIN@NO,first_td,0.040665986652236655,2359,0.17485,0.0,B,-,team att 29.2; ypa 6.91; opp d_ypa 1.02; pass rate 52.4%,1.0,
Kyler Murray,MIN,NO,QB,MIN@NO,last_td,0.040665986652236655,2359,0.17485,0.0,B,-,team att 29.2; ypa 6.91; opp d_ypa 1.02; pass rate 52.4%,1.0,
Kyler Murray,MIN,NO,QB,MIN@NO,2plus_td,0.0149,6611,0.17485,0.0,B,-,team att 29.2; ypa 6.91; opp d_ypa 1.02; pass rate 52.4%,1.0,
Jordan Addison,MIN,NO,WR,MIN@NO,anytime_td,0.18074324324324326,453,0.005755755755755756,0.19356856856856858,B,no game designation yet (DNP),tgt_sh 16.8%; team att 29.2; opp DvP 0.98; RZ tgt 1,0.8055616699684496,
Jordan Addison,MIN,NO,WR,MIN@NO,first_td,0.04596889006611229,2075,0.005755755755755756,0.19356856856856858,B,no game designation yet (DNP),tgt_sh 16.8%; team att 29.2; opp DvP 0.98; RZ tgt 1,0.8055616699684496,
Jordan Addison,MIN,NO,WR,MIN@NO,last_td,0.04596889006611229,2075,0.005755755755755756,0.19356856856856858,B,no game designation yet (DNP),tgt_sh 16.8%; team att 29.2; opp DvP 0.98; RZ tgt 1,0.8055616699684496,
Jordan Addison,MIN,NO,WR,MIN@NO,2plus_td,0.017392392392392392,5650,0.005755755755755756,0.19356856856856858,B,no game designation yet (DNP),tgt_sh 16.8%; team att 29.2; opp DvP 0.98; RZ tgt 1,0.8055616699684496,
Demond Claiborne,MIN,NO,RB,MIN@NO,anytime_td,0.0615,1526,0.04895,0.0147,C,-,w_td 0.05; team TD 2.02,1.0,
Demond Claiborne,MIN,NO,RB,MIN@NO,first_td,0.014946239177489178,6591,0.04895,0.0147,C,-,w_td 0.05; team TD 2.02,1.0,
Demond Claiborne,MIN,NO,RB,MIN@NO,last_td,0.014946239177489178,6591,0.04895,0.0147,C,-,w_td 0.05; team TD 2.02,1.0,
Demond Claiborne,MIN,NO,RB,MIN@NO,2plus_td,0.00215,46412,0.04895,0.0147,C,-,w_td 0.05; team TD 2.02,1.0,
DeeJay Dallas,MIN,NO,RB,MIN@NO,anytime_td,0.0506,1876,0.02615,0.0256,C,-,w_td 0.04; team TD 2.02,1.0,
DeeJay Dallas,MIN,NO,RB,MIN@NO,first_td,0.012112698412698414,8156,0.02615,0.0256,C,-,w_td 0.04; team TD 2.02,1.0,
DeeJay Dallas,MIN,NO,RB,MIN@NO,last_td,0.012112698412698414,8156,0.02615,0.0256,C,-,w_td 0.04; team TD 2.02,1.0,
DeeJay Dallas,MIN,NO,RB,MIN@NO,2plus_td,0.0011,90809,0.02615,0.0256,C,-,w_td 0.04; team TD 2.02,1.0,
Tai Felton,MIN,NO,WR,MIN@NO,anytime_td,0.02325,4201,0.0,0.0234,C,-,w_td 0.02; team TD 2.02,1.0,
Tai Felton,MIN,NO,WR,MIN@NO,first_td,0.0052560714285714285,18926,0.0,0.0234,C,-,w_td 0.02; team TD 2.02,1.0,
Tai Felton,MIN,NO,WR,MIN@NO,last_td,0.0052560714285714285,18926,0.0,0.0234,C,-,w_td 0.02; team TD 2.02,1.0,
Tai Felton,MIN,NO,WR,MIN@NO,2plus_td,0.00015,666567,0.0,0.0234,C,-,w_td 0.02; team TD 2.02,1.0,
T.J. Hockenson,MIN,NO,TE,MIN@NO,anytime_td,0.28435,252,0.0,0.3304,B,-,tgt_sh 19.3%; team att 29.2; opp DvP 0.85; RZ tgt 5,1.0,
T.J. Hockenson,MIN,NO,TE,MIN@NO,first_td,0.07669406204906204,1204,0.0,0.3304,B,-,tgt_sh 19.3%; team att 29.2; opp DvP 0.85; RZ tgt 5,1.0,
T.J. Hockenson,MIN,NO,TE,MIN@NO,last_td,0.07669406204906204,1204,0.0,0.3304,B,-,tgt_sh 19.3%; team att 29.2; opp DvP 0.85; RZ tgt 5,1.0,
T.J. Hockenson,MIN,NO,TE,MIN@NO,2plus_td,0.0424,2258,0.0,0.3304,B,-,tgt_sh 19.3%; team att 29.2; opp DvP 0.85; RZ tgt 5,1.0,
Justin Jefferson,MIN,NO,WR,MIN@NO,anytime_td,0.288222384784199,247,0.0,0.33660779600794233,B,no game designation yet (Limited),tgt_sh 24.0%; team att 29.2; opp DvP 0.98; RZ tgt 3,0.9575230478992892,
Justin Jefferson,MIN,NO,WR,MIN@NO,first_td,0.0775966259794246,1189,0.0,0.33660779600794233,B,no game designation yet (Limited),tgt_sh 24.0%; team att 29.2; opp DvP 0.98; RZ tgt 3,0.9575230478992892,
Justin Jefferson,MIN,NO,WR,MIN@NO,last_td,0.0775966259794246,1189,0.0,0.33660779600794233,B,no game designation yet (Limited),tgt_sh 24.0%; team att 29.2; opp DvP 0.98; RZ tgt 3,0.9575230478992892,
Justin Jefferson,MIN,NO,WR,MIN@NO,2plus_td,0.04430975023513429,2157,0.0,0.33660779600794233,B,no game designation yet (Limited),tgt_sh 24.0%; team att 29.2; opp DvP 0.98; RZ tgt 3,0.9575230478992892,
Jauan Jennings,MIN,NO,WR,MIN@NO,anytime_td,0.08425,1087,0.0,0.08745,C,-,tgt_sh 8.4%; team att 29.2; opp DvP 0.98; RZ tgt 0,1.0,
Jauan Jennings,MIN,NO,WR,MIN@NO,first_td,0.020088834776334778,4878,0.0,0.08745,C,-,tgt_sh 8.4%; team att 29.2; opp DvP 0.98; RZ tgt 0,1.0,
Jauan Jennings,MIN,NO,WR,MIN@NO,last_td,0.020088834776334778,4878,0.0,0.08745,C,-,tgt_sh 8.4%; team att 29.2; opp DvP 0.98; RZ tgt 0,1.0,
Jauan Jennings,MIN,NO,WR,MIN@NO,2plus_td,0.0031,32158,0.0,0.08745,C,-,tgt_sh 8.4%; team att 29.2; opp DvP 0.98; RZ tgt 0,1.0,
Aaron Jones,MIN,NO,RB,MIN@NO,anytime_td,0.5026872268823145,-101,0.5057511678135517,0.16575418152594304,B,no game designation yet (Limited),tgt_sh 11.3%; team att 29.2; opp DvP 0.89; RZ tgt 2; car_sh 46.6%; team rush 29.2; opp d_ypc 1.12; inside-10 car 1,0.9951309141019752,
Aaron Jones,MIN,NO,RB,MIN@NO,first_td,0.15671760695870393,538,0.5057511678135517,0.16575418152594304,B,no game designation yet (Limited),tgt_sh 11.3%; team att 29.2; opp DvP 0.89; RZ tgt 2; car_sh 46.6%; team rush 29.2; opp d_ypc 1.12; inside-10 car 1,0.9951309141019752,
Aaron Jones,MIN,NO,RB,MIN@NO,last_td,0.15671760695870393,538,0.5057511678135517,0.16575418152594304,B,no game designation yet (Limited),tgt_sh 11.3%; team att 29.2; opp DvP 0.89; RZ tgt 2; car_sh 46.6%; team rush 29.2; opp d_ypc 1.12; inside-10 car 1,0.9951309141019752,
Aaron Jones,MIN,NO,RB,MIN@NO,2plus_td,0.14254859611231102,602,0.5057511678135517,0.16575418152594304,B,no game designation yet (Limited),tgt_sh 11.3%; team att 29.2; opp DvP 0.89; RZ tgt 2; car_sh 46.6%; team rush 29.2; opp d_ypc 1.12; inside-10 car 1,0.9951309141019752,
Myles Price,MIN,NO,WR,MIN@NO,anytime_td,0.0307,3157,0.00525,0.026,C,-,w_td 0.02; team TD 2.02,1.0,
Myles Price,MIN,NO,WR,MIN@NO,first_td,0.0071829166666666664,13822,0.00525,0.026,C,-,w_td 0.02; team TD 2.02,1.0,
Myles Price,MIN,NO,WR,MIN@NO,last_td,0.0071829166666666664,13822,0.00525,0.026,C,-,w_td 0.02; team TD 2.02,1.0,
Myles Price,MIN,NO,WR,MIN@NO,2plus_td,0.00055,181718,0.00525,0.026,C,-,w_td 0.02; team TD 2.02,1.0,
Tyler Shough,NO,MIN,QB,MIN@NO,anytime_td,0.15290098908942593,554,0.16523911491791576,0.0,B,no game designation yet (Limited),team att 37.7; ypa 6.70; opp d_ypa 0.97; pass rate 64.4%,0.98,
Tyler Shough,NO,MIN,QB,MIN@NO,first_td,0.03945988199964952,2434,0.16523911491791576,0.0,B,no game designation yet (Limited),team att 37.7; ypa 6.70; opp d_ypa 0.97; pass rate 64.4%,0.98,
Tyler Shough,NO,MIN,QB,MIN@NO,last_td,0.03945988199964952,2434,0.16523911491791576,0.0,B,no game designation yet (Limited),team att 37.7; ypa 6.70; opp d_ypa 0.97; pass rate 64.4%,0.98,
Tyler Shough,NO,MIN,QB,MIN@NO,2plus_td,0.011675333945141225,8465,0.16523911491791576,0.0,B,no game designation yet (Limited),team att 37.7; ypa 6.70; opp d_ypa 0.97; pass rate 64.4%,0.98,
Kevin Austin Jr.,NO,MIN,WR,MIN@NO,anytime_td,0.04275,2239,0.0,0.04355,C,-,tgt_sh 3.9%; team att 37.7; opp DvP 0.96; RZ tgt 0,1.0,
Kevin Austin Jr.,NO,MIN,WR,MIN@NO,first_td,0.010278492063492064,9629,0.0,0.04355,C,-,tgt_sh 3.9%; team att 37.7; opp DvP 0.96; RZ tgt 0,1.0,
Kevin Austin Jr.,NO,MIN,WR,MIN@NO,last_td,0.010278492063492064,9629,0.0,0.04355,C,-,tgt_sh 3.9%; team att 37.7; opp DvP 0.96; RZ tgt 0,1.0,
Kevin Austin Jr.,NO,MIN,WR,MIN@NO,2plus_td,0.0008,124900,0.0,0.04355,C,-,tgt_sh 3.9%; team att 37.7; opp DvP 0.96; RZ tgt 0,1.0,
Barion Brown,NO,MIN,WR,MIN@NO,anytime_td,0.01981735727154128,4946,0.013356526060756662,0.0065850779648381685,C,no game designation yet (DNP),w_td 0.01; team TD 2.02,0.8055616699684496,
Barion Brown,NO,MIN,WR,MIN@NO,first_td,0.004605289756249563,21614,0.013356526060756662,0.0065850779648381685,C,no game designation yet (DNP),w_td 0.01; team TD 2.02,0.8055616699684496,
Barion Brown,NO,MIN,WR,MIN@NO,last_td,0.004605289756249563,21614,0.013356526060756662,0.0065850779648381685,C,no game designation yet (DNP),w_td 0.01; team TD 2.02,0.8055616699684496,
Barion Brown,NO,MIN,WR,MIN@NO,2plus_td,0.00012424675405355034,804750,0.013356526060756662,0.0065850779648381685,C,no game designation yet (DNP),w_td 0.01; team TD 2.02,0.8055616699684496,
CJ Donaldson,NO,MIN,RB,MIN@NO,anytime_td,0.1009,891,0.0806,0.02435,C,-,w_td 0.08; team TD 2.02,1.0,
CJ Donaldson,NO,MIN,RB,MIN@NO,first_td,0.024740120851370853,3942,0.0806,0.02435,C,-,w_td 0.08; team TD 2.02,1.0,
CJ Donaldson,NO,MIN,RB,MIN@NO,last_td,0.024740120851370853,3942,0.0806,0.02435,C,-,w_td 0.08; team TD 2.02,1.0,
CJ Donaldson,NO,MIN,RB,MIN@NO,2plus_td,0.00405,24591,0.0806,0.02435,C,-,w_td 0.08; team TD 2.02,1.0,
Noah Fant,NO,MIN,TE,MIN@NO,anytime_td,0.13487082941114947,641,0.0,0.14386570442422342,C,no game designation yet (Limited),tgt_sh 7.0%; team att 37.7; opp DvP 1.13; RZ tgt 3,0.9575230478992892,
Noah Fant,NO,MIN,TE,MIN@NO,first_td,0.03301830971269314,2929,0.0,0.14386570442422342,C,no game designation yet (Limited),tgt_sh 7.0%; team att 37.7; opp DvP 1.13; RZ tgt 3,0.9575230478992892,
Noah Fant,NO,MIN,TE,MIN@NO,last_td,0.03301830971269314,2929,0.0,0.14386570442422342,C,no game designation yet (Limited),tgt_sh 7.0%; team att 37.7; opp DvP 1.13; RZ tgt 3,0.9575230478992892,
Noah Fant,NO,MIN,TE,MIN@NO,2plus_td,0.008576508733396089,11560,0.0,0.14386570442422342,C,no game designation yet (Limited),tgt_sh 7.0%; team att 37.7; opp DvP 1.13; RZ tgt 3,0.9575230478992892,
Juwan Johnson,NO,MIN,TE,MIN@NO,anytime_td,0.2949,239,0.0,0.3469,B,-,tgt_sh 16.8%; team att 37.7; opp DvP 1.13; RZ tgt 7,1.0,
Juwan Johnson,NO,MIN,TE,MIN@NO,first_td,0.07989040043290042,1152,0.0,0.3469,B,-,tgt_sh 16.8%; team att 37.7; opp DvP 1.13; RZ tgt 7,1.0,
Juwan Johnson,NO,MIN,TE,MIN@NO,last_td,0.07989040043290042,1152,0.0,0.3469,B,-,tgt_sh 16.8%; team att 37.7; opp DvP 1.13; RZ tgt 7,1.0,
Juwan Johnson,NO,MIN,TE,MIN@NO,2plus_td,0.04715,2021,0.0,0.3469,B,-,tgt_sh 16.8%; team att 37.7; opp DvP 1.13; RZ tgt 7,1.0,
Alvin Kamara,NO,MIN,RB,MIN@NO,anytime_td,0.3394249308408081,195,0.2525777516975438,0.15097661161874423,B,no game designation yet (DNP),tgt_sh 10.7%; team att 37.7; opp DvP 1.20; RZ tgt 1; car_sh 26.2%; team rush 22.8; opp d_ypc 1.00; inside-10 car 2,0.5949864089398973,
Alvin Kamara,NO,MIN,RB,MIN@NO,first_td,0.0946223277286233,957,0.2525777516975438,0.15097661161874423,B,no game designation yet (DNP),tgt_sh 10.7%; team att 37.7; opp DvP 1.20; RZ tgt 1; car_sh 26.2%; team rush 22.8; opp d_ypc 1.00; inside-10 car 2,0.5949864089398973,
Alvin Kamara,NO,MIN,RB,MIN@NO,last_td,0.0946223277286233,957,0.2525777516975438,0.15097661161874423,B,no game designation yet (DNP),tgt_sh 10.7%; team att 37.7; opp DvP 1.20; RZ tgt 1; car_sh 26.2%; team rush 22.8; opp d_ypc 1.00; inside-10 car 2,0.5949864089398973,
Alvin Kamara,NO,MIN,RB,MIN@NO,2plus_td,0.05876435577164892,1602,0.2525777516975438,0.15097661161874423,B,no game designation yet (DNP),tgt_sh 10.7%; team att 37.7; opp DvP 1.20; RZ tgt 1; car_sh 26.2%; team rush 22.8; opp d_ypc 1.00; inside-10 car 2,0.5949864089398973,
Bryce Lance,NO,MIN,WR,MIN@NO,anytime_td,0.07575,1220,0.0,0.0781,C,-,tgt_sh 5.0%; team att 37.7; opp DvP 0.96; RZ tgt 1,1.0,
Bryce Lance,NO,MIN,WR,MIN@NO,first_td,0.018094604978354977,5427,0.0,0.0781,C,-,tgt_sh 5.0%; team att 37.7; opp DvP 0.96; RZ tgt 1,1.0,
Bryce Lance,NO,MIN,WR,MIN@NO,last_td,0.018094604978354977,5427,0.0,0.0781,C,-,tgt_sh 5.0%; team att 37.7; opp DvP 0.96; RZ tgt 1,1.0,
Bryce Lance,NO,MIN,WR,MIN@NO,2plus_td,0.0023,43378,0.0,0.0781,C,-,tgt_sh 5.0%; team att 37.7; opp DvP 0.96; RZ tgt 1,1.0,
Kendre Miller,NO,MIN,RB,MIN@NO,anytime_td,0.26435,278,0.24625,0.06015,B,-,tgt_sh 3.1%; team att 37.7; opp DvP 1.20; RZ tgt 1; car_sh 18.2%; team rush 22.8; opp d_ypc 1.00; inside-10 car 2,1.0,
Kendre Miller,NO,MIN,RB,MIN@NO,first_td,0.07229965728715729,1283,0.24625,0.06015,B,-,tgt_sh 3.1%; team att 37.7; opp DvP 1.20; RZ tgt 1; car_sh 18.2%; team rush 22.8; opp d_ypc 1.00; inside-10 car 2,1.0,
Kendre Miller,NO,MIN,RB,MIN@NO,last_td,0.07229965728715729,1283,0.24625,0.06015,B,-,tgt_sh 3.1%; team att 37.7; opp DvP 1.20; RZ tgt 1; car_sh 18.2%; team rush 22.8; opp d_ypc 1.00; inside-10 car 2,1.0,
Kendre Miller,NO,MIN,RB,MIN@NO,2plus_td,0.0386,2491,0.24625,0.06015,B,-,tgt_sh 3.1%; team att 37.7; opp DvP 1.20; RZ tgt 1; car_sh 18.2%; team rush 22.8; opp d_ypc 1.00; inside-10 car 2,1.0,
Chris Olave,NO,MIN,WR,MIN@NO,anytime_td,0.2985861341932283,235,0.0,0.35036586878333126,B,no game designation yet (DNP),tgt_sh 25.9%; team att 37.7; opp DvP 0.96; RZ tgt 5,0.8055616699684496,
Chris Olave,NO,MIN,WR,MIN@NO,first_td,0.08038509508185808,1144,0.0,0.35036586878333126,B,no game designation yet (DNP),tgt_sh 25.9%; team att 37.7; opp DvP 0.96; RZ tgt 5,0.8055616699684496,
Chris Olave,NO,MIN,WR,MIN@NO,last_td,0.08038509508185808,1144,0.0,0.35036586878333126,B,no game designation yet (DNP),tgt_sh 25.9%; team att 37.7; opp DvP 0.96; RZ tgt 5,0.8055616699684496,
Chris Olave,NO,MIN,WR,MIN@NO,2plus_td,0.04564058042912068,2091,0.0,0.35036586878333126,B,no game designation yet (DNP),tgt_sh 25.9%; team att 37.7; opp DvP 0.96; RZ tgt 5,0.8055616699684496,
Devaughn Vele,NO,MIN,WR,MIN@NO,anytime_td,0.2284,338,0.0,0.25835,B,-,tgt_sh 13.4%; team att 37.7; opp DvP 0.96; RZ tgt 6,1.0,
Devaughn Vele,NO,MIN,WR,MIN@NO,first_td,0.059377043650793646,1584,0.0,0.25835,B,-,tgt_sh 13.4%; team att 37.7; opp DvP 0.96; RZ tgt 6,1.0,
Devaughn Vele,NO,MIN,WR,MIN@NO,last_td,0.059377043650793646,1584,0.0,0.25835,B,-,tgt_sh 13.4%; team att 37.7; opp DvP 0.96; RZ tgt 6,1.0,
Devaughn Vele,NO,MIN,WR,MIN@NO,2plus_td,0.0273,3563,0.0,0.25835,B,-,tgt_sh 13.4%; team att 37.7; opp DvP 0.96; RZ tgt 6,1.0,
Deshaun Watson,CLE,NYJ,QB,CLE@NYJ,anytime_td,0.1109,802,0.1168,0.0,B,-,team att 31.5; ypa 6.95; opp d_ypa 0.95; pass rate 56.4%,1.0,
Deshaun Watson,CLE,NYJ,QB,CLE@NYJ,first_td,0.02861328282828283,3395,0.1168,0.0,B,-,team att 31.5; ypa 6.95; opp d_ypa 0.95; pass rate 56.4%,1.0,
Deshaun Watson,CLE,NYJ,QB,CLE@NYJ,last_td,0.02861328282828283,3395,0.1168,0.0,B,-,team att 31.5; ypa 6.95; opp d_ypa 0.95; pass rate 56.4%,1.0,
Deshaun Watson,CLE,NYJ,QB,CLE@NYJ,2plus_td,0.00575,17291,0.1168,0.0,B,-,team att 31.5; ypa 6.95; opp d_ypa 0.95; pass rate 56.4%,1.0,
Isaiah Bond,CLE,NYJ,WR,CLE@NYJ,anytime_td,0.03565,2705,0.0,0.03635,C,-,tgt_sh 4.1%; team att 31.5; opp DvP 1.05; RZ tgt 0,1.0,
Isaiah Bond,CLE,NYJ,WR,CLE@NYJ,first_td,0.008789049422799422,11278,0.0,0.03635,C,-,tgt_sh 4.1%; team att 31.5; opp DvP 1.05; RZ tgt 0,1.0,
Isaiah Bond,CLE,NYJ,WR,CLE@NYJ,last_td,0.008789049422799422,11278,0.0,0.03635,C,-,tgt_sh 4.1%; team att 31.5; opp DvP 1.05; RZ tgt 0,1.0,
Isaiah Bond,CLE,NYJ,WR,CLE@NYJ,2plus_td,0.0007,142757,0.0,0.03635,C,-,tgt_sh 4.1%; team att 31.5; opp DvP 1.05; RZ tgt 0,1.0,
Denzel Boston,CLE,NYJ,WR,CLE@NYJ,anytime_td,0.18135,451,0.0,0.199,B,-,tgt_sh 14.5%; team att 31.5; opp DvP 1.05; RZ tgt 3,1.0,
Denzel Boston,CLE,NYJ,WR,CLE@NYJ,first_td,0.04743901875901876,2008,0.0,0.199,B,-,tgt_sh 14.5%; team att 31.5; opp DvP 1.05; RZ tgt 3,1.0,
Denzel Boston,CLE,NYJ,WR,CLE@NYJ,last_td,0.04743901875901876,2008,0.0,0.199,B,-,tgt_sh 14.5%; team att 31.5; opp DvP 1.05; RZ tgt 3,1.0,
Denzel Boston,CLE,NYJ,WR,CLE@NYJ,2plus_td,0.01645,5979,0.0,0.199,B,-,tgt_sh 14.5%; team att 31.5; opp DvP 1.05; RZ tgt 3,1.0,
KC Concepcion,CLE,NYJ,WR,CLE@NYJ,anytime_td,0.2369,322,0.0117,0.256,B,-,tgt_sh 20.8%; team att 31.5; opp DvP 1.05; RZ tgt 3,1.0,
KC Concepcion,CLE,NYJ,WR,CLE@NYJ,first_td,0.06428100829725829,1456,0.0117,0.256,B,-,tgt_sh 20.8%; team att 31.5; opp DvP 1.05; RZ tgt 3,1.0,
KC Concepcion,CLE,NYJ,WR,CLE@NYJ,last_td,0.06428100829725829,1456,0.0117,0.256,B,-,tgt_sh 20.8%; team att 31.5; opp DvP 1.05; RZ tgt 3,1.0,
KC Concepcion,CLE,NYJ,WR,CLE@NYJ,2plus_td,0.0281,3459,0.0117,0.256,B,-,tgt_sh 20.8%; team att 31.5; opp DvP 1.05; RZ tgt 3,1.0,
Malachi Corley,CLE,NYJ,WR,CLE@NYJ,anytime_td,0.0165,5961,0.0,0.01665,C,-,w_td 0.02; team TD 1.73,1.0,
Malachi Corley,CLE,NYJ,WR,CLE@NYJ,first_td,0.00396984126984127,25090,0.0,0.01665,C,-,w_td 0.02; team TD 1.73,1.0,
Malachi Corley,CLE,NYJ,WR,CLE@NYJ,last_td,0.00396984126984127,25090,0.0,0.01665,C,-,w_td 0.02; team TD 1.73,1.0,
Malachi Corley,CLE,NYJ,WR,CLE@NYJ,2plus_td,0.00015,666567,0.0,0.01665,C,-,w_td 0.02; team TD 1.73,1.0,
Harold Fannin Jr.,CLE,NYJ,TE,CLE@NYJ,anytime_td,0.21575,363,0.0,0.2427,B,-,tgt_sh 18.9%; team att 31.5; opp DvP 1.08; RZ tgt 3,1.0,
Harold Fannin Jr.,CLE,NYJ,TE,CLE@NYJ,first_td,0.05926296356421357,1587,0.0,0.2427,B,-,tgt_sh 18.9%; team att 31.5; opp DvP 1.08; RZ tgt 3,1.0,
Harold Fannin Jr.,CLE,NYJ,TE,CLE@NYJ,last_td,0.05926296356421357,1587,0.0,0.2427,B,-,tgt_sh 18.9%; team att 31.5; opp DvP 1.08; RZ tgt 3,1.0,
Harold Fannin Jr.,CLE,NYJ,TE,CLE@NYJ,2plus_td,0.02505,3892,0.0,0.2427,B,-,tgt_sh 18.9%; team att 31.5; opp DvP 1.08; RZ tgt 3,1.0,
Jerry Jeudy,CLE,NYJ,WR,CLE@NYJ,anytime_td,0.09315,974,0.0,0.09765,C,-,tgt_sh 11.0%; team att 31.5; opp DvP 1.05; RZ tgt 0,1.0,
Jerry Jeudy,CLE,NYJ,WR,CLE@NYJ,first_td,0.023408618326118326,4172,0.0,0.09765,C,-,tgt_sh 11.0%; team att 31.5; opp DvP 1.05; RZ tgt 0,1.0,
Jerry Jeudy,CLE,NYJ,WR,CLE@NYJ,last_td,0.023408618326118326,4172,0.0,0.09765,C,-,tgt_sh 11.0%; team att 31.5; opp DvP 1.05; RZ tgt 0,1.0,
Jerry Jeudy,CLE,NYJ,WR,CLE@NYJ,2plus_td,0.00445,22372,0.0,0.09765,C,-,tgt_sh 11.0%; team att 31.5; opp DvP 1.05; RZ tgt 0,1.0,
Quinshon Judkins,CLE,NYJ,RB,CLE@NYJ,anytime_td,0.3898,157,0.33455,0.1487,B,-,tgt_sh 9.9%; team att 31.5; opp DvP 0.91; RZ tgt 3; car_sh 51.3%; team rush 26.6; opp d_ypc 1.01; inside-10 car 4,1.0,
Quinshon Judkins,CLE,NYJ,RB,CLE@NYJ,first_td,0.11581994394494395,763,0.33455,0.1487,B,-,tgt_sh 9.9%; team att 31.5; opp DvP 0.91; RZ tgt 3; car_sh 51.3%; team rush 26.6; opp d_ypc 1.01; inside-10 car 4,1.0,
Quinshon Judkins,CLE,NYJ,RB,CLE@NYJ,last_td,0.11581994394494395,763,0.33455,0.1487,B,-,tgt_sh 9.9%; team att 31.5; opp DvP 0.91; RZ tgt 3; car_sh 51.3%; team rush 26.6; opp d_ypc 1.01; inside-10 car 4,1.0,
Quinshon Judkins,CLE,NYJ,RB,CLE@NYJ,2plus_td,0.0817,1124,0.33455,0.1487,B,-,tgt_sh 9.9%; team att 31.5; opp DvP 0.91; RZ tgt 3; car_sh 51.3%; team rush 26.6; opp d_ypc 1.01; inside-10 car 4,1.0,
Jaleel McLaughlin,CLE,NYJ,RB,CLE@NYJ,anytime_td,0.0459,2079,0.03365,0.0131,C,-,w_td 0.06; team TD 1.73,1.0,
Jaleel McLaughlin,CLE,NYJ,RB,CLE@NYJ,first_td,0.011212162698412697,8819,0.03365,0.0131,C,-,w_td 0.06; team TD 1.73,1.0,
Jaleel McLaughlin,CLE,NYJ,RB,CLE@NYJ,last_td,0.011212162698412697,8819,0.03365,0.0131,C,-,w_td 0.06; team TD 1.73,1.0,
Jaleel McLaughlin,CLE,NYJ,RB,CLE@NYJ,2plus_td,0.00085,117547,0.03365,0.0131,C,-,w_td 0.06; team TD 1.73,1.0,
Raheim Sanders,CLE,NYJ,RB,CLE@NYJ,anytime_td,0.1099,810,0.0482,0.0673,C,-,tgt_sh 8.0%; team att 31.5; opp DvP 0.91; RZ tgt 0; car_sh 9.5%; team rush 26.6; opp d_ypc 1.01; inside-10 car 0,1.0,
Raheim Sanders,CLE,NYJ,RB,CLE@NYJ,first_td,0.027610321067821065,3522,0.0482,0.0673,C,-,tgt_sh 8.0%; team att 31.5; opp DvP 0.91; RZ tgt 0; car_sh 9.5%; team rush 26.6; opp d_ypc 1.01; inside-10 car 0,1.0,
Raheim Sanders,CLE,NYJ,RB,CLE@NYJ,last_td,0.027610321067821065,3522,0.0482,0.0673,C,-,tgt_sh 8.0%; team att 31.5; opp DvP 0.91; RZ tgt 0; car_sh 9.5%; team rush 26.6; opp d_ypc 1.01; inside-10 car 0,1.0,
Raheim Sanders,CLE,NYJ,RB,CLE@NYJ,2plus_td,0.0056,17757,0.0482,0.0673,C,-,tgt_sh 8.0%; team att 31.5; opp DvP 0.91; RZ tgt 0; car_sh 9.5%; team rush 26.6; opp d_ypc 1.01; inside-10 car 0,1.0,
Blake Whiteheart,CLE,NYJ,TE,CLE@NYJ,anytime_td,0.04325,2212,0.0,0.0442,C,-,w_td 0.04; team TD 1.73,1.0,
Blake Whiteheart,CLE,NYJ,TE,CLE@NYJ,first_td,0.010709959068709068,9237,0.0,0.0442,C,-,w_td 0.04; team TD 1.73,1.0,
Blake Whiteheart,CLE,NYJ,TE,CLE@NYJ,last_td,0.010709959068709068,9237,0.0,0.0442,C,-,w_td 0.04; team TD 1.73,1.0,
Blake Whiteheart,CLE,NYJ,TE,CLE@NYJ,2plus_td,0.00095,105163,0.0,0.0442,C,-,w_td 0.04; team TD 1.73,1.0,
Geno Smith,NYJ,CLE,QB,CLE@NYJ,anytime_td,0.07415,1249,0.0774,0.0,B,-,team att 31.3; ypa 7.37; opp d_ypa 0.99; pass rate 56.1%,1.0,
Geno Smith,NYJ,CLE,QB,CLE@NYJ,first_td,0.01918754329004329,5112,0.0774,0.0,B,-,team att 31.3; ypa 7.37; opp d_ypa 0.99; pass rate 56.1%,1.0,
Geno Smith,NYJ,CLE,QB,CLE@NYJ,last_td,0.01918754329004329,5112,0.0774,0.0,B,-,team att 31.3; ypa 7.37; opp d_ypa 0.99; pass rate 56.1%,1.0,
Geno Smith,NYJ,CLE,QB,CLE@NYJ,2plus_td,0.0032,31150,0.0774,0.0,B,-,team att 31.3; ypa 7.37; opp d_ypa 0.99; pass rate 56.1%,1.0,
Braelon Allen,NYJ,CLE,RB,CLE@NYJ,anytime_td,0.38185,162,0.29115,0.18535,B,-,tgt_sh 4.6%; team att 31.3; opp DvP 1.10; RZ tgt 3; car_sh 31.1%; team rush 26.8; opp d_ypc 1.05; inside-10 car 1,1.0,
Braelon Allen,NYJ,CLE,RB,CLE@NYJ,first_td,0.11680464688089687,756,0.29115,0.18535,B,-,tgt_sh 4.6%; team att 31.3; opp DvP 1.10; RZ tgt 3; car_sh 31.1%; team rush 26.8; opp d_ypc 1.05; inside-10 car 1,1.0,
Braelon Allen,NYJ,CLE,RB,CLE@NYJ,last_td,0.11680464688089687,756,0.29115,0.18535,B,-,tgt_sh 4.6%; team att 31.3; opp DvP 1.10; RZ tgt 3; car_sh 31.1%; team rush 26.8; opp d_ypc 1.05; inside-10 car 1,1.0,
Braelon Allen,NYJ,CLE,RB,CLE@NYJ,2plus_td,0.08165,1125,0.29115,0.18535,B,-,tgt_sh 4.6%; team att 31.3; opp DvP 1.10; RZ tgt 3; car_sh 31.1%; team rush 26.8; opp d_ypc 1.05; inside-10 car 1,1.0,
Andrew Beck,NYJ,CLE,RB,CLE@NYJ,anytime_td,0.0173,5680,0.0107,0.00675,C,-,w_td 0.01; team TD 2.12,1.0,
Andrew Beck,NYJ,CLE,RB,CLE@NYJ,first_td,0.00441438492063492,22553,0.0107,0.00675,C,-,w_td 0.01; team TD 2.12,1.0,
Andrew Beck,NYJ,CLE,RB,CLE@NYJ,last_td,0.00441438492063492,22553,0.0107,0.00675,C,-,w_td 0.01; team TD 2.12,1.0,
Andrew Beck,NYJ,CLE,RB,CLE@NYJ,2plus_td,0.00015,666567,0.0107,0.00675,C,-,w_td 0.01; team TD 2.12,1.0,
Isaiah Davis,NYJ,CLE,RB,CLE@NYJ,anytime_td,0.03265,2963,0.012,0.0213,C,-,w_td 0.03; team TD 2.12,1.0,
Isaiah Davis,NYJ,CLE,RB,CLE@NYJ,first_td,0.00810172619047619,12243,0.012,0.0213,C,-,w_td 0.03; team TD 2.12,1.0,
Isaiah Davis,NYJ,CLE,RB,CLE@NYJ,last_td,0.00810172619047619,12243,0.012,0.0213,C,-,w_td 0.03; team TD 2.12,1.0,
Isaiah Davis,NYJ,CLE,RB,CLE@NYJ,2plus_td,0.00065,153746,0.012,0.0213,C,-,w_td 0.03; team TD 2.12,1.0,
Breece Hall,NYJ,CLE,RB,CLE@NYJ,anytime_td,0.382256020278834,162,0.3596958174904943,0.10891423743134769,B,no game designation yet (DNP),tgt_sh 7.9%; team att 31.3; opp DvP 1.10; RZ tgt 0; car_sh 51.0%; team rush 26.8; opp d_ypc 1.05; inside-10 car 4,0.5949864089398973,
Breece Hall,NYJ,CLE,RB,CLE@NYJ,first_td,0.11506632198013694,769,0.3596958174904943,0.10891423743134769,B,no game designation yet (DNP),tgt_sh 7.9%; team att 31.3; opp DvP 1.10; RZ tgt 0; car_sh 51.0%; team rush 26.8; opp d_ypc 1.05; inside-10 car 4,0.5949864089398973,
Breece Hall,NYJ,CLE,RB,CLE@NYJ,last_td,0.11506632198013694,769,0.3596958174904943,0.10891423743134769,B,no game designation yet (DNP),tgt_sh 7.9%; team att 31.3; opp DvP 1.10; RZ tgt 0; car_sh 51.0%; team rush 26.8; opp d_ypc 1.05; inside-10 car 4,0.5949864089398973,
Breece Hall,NYJ,CLE,RB,CLE@NYJ,2plus_td,0.07655259822560202,1206,0.3596958174904943,0.10891423743134769,B,no game designation yet (DNP),tgt_sh 7.9%; team att 31.3; opp DvP 1.10; RZ tgt 0; car_sh 51.0%; team rush 26.8; opp d_ypc 1.05; inside-10 car 4,0.5949864089398973,
Adonai Mitchell,NYJ,CLE,WR,CLE@NYJ,anytime_td,0.19014784445272706,426,0.0,0.20884581935644178,C,no game designation yet (DNP),tgt_sh 14.0%; team att 31.3; opp DvP 0.95; RZ tgt 1,0.8055616699684496,
Adonai Mitchell,NYJ,CLE,WR,CLE@NYJ,first_td,0.05142246973219765,1845,0.0,0.20884581935644178,C,no game designation yet (DNP),tgt_sh 14.0%; team att 31.3; opp DvP 0.95; RZ tgt 1,0.8055616699684496,
Adonai Mitchell,NYJ,CLE,WR,CLE@NYJ,last_td,0.05142246973219765,1845,0.0,0.20884581935644178,C,no game designation yet (DNP),tgt_sh 14.0%; team att 31.3; opp DvP 0.95; RZ tgt 1,0.8055616699684496,
Adonai Mitchell,NYJ,CLE,WR,CLE@NYJ,2plus_td,0.017641943098521556,5568,0.0,0.20884581935644178,C,no game designation yet (DNP),tgt_sh 14.0%; team att 31.3; opp DvP 0.95; RZ tgt 1,0.8055616699684496,
Jeremy Ruckert,NYJ,CLE,TE,CLE@NYJ,anytime_td,0.11645,759,0.0,0.1233,C,-,tgt_sh 4.2%; team att 31.3; opp DvP 0.90; RZ tgt 2,1.0,
Jeremy Ruckert,NYJ,CLE,TE,CLE@NYJ,first_td,0.0302251461038961,3209,0.0,0.1233,C,-,tgt_sh 4.2%; team att 31.3; opp DvP 0.90; RZ tgt 2,1.0,
Jeremy Ruckert,NYJ,CLE,TE,CLE@NYJ,last_td,0.0302251461038961,3209,0.0,0.1233,C,-,tgt_sh 4.2%; team att 31.3; opp DvP 0.90; RZ tgt 2,1.0,
Jeremy Ruckert,NYJ,CLE,TE,CLE@NYJ,2plus_td,0.00665,14938,0.0,0.1233,C,-,tgt_sh 4.2%; team att 31.3; opp DvP 0.90; RZ tgt 2,1.0,
Kenyon Sadiq,NYJ,CLE,TE,CLE@NYJ,anytime_td,0.19275,419,0.0323,0.18125,B,-,tgt_sh 14.4%; team att 31.3; opp DvP 0.90; RZ tgt 0,1.0,
Kenyon Sadiq,NYJ,CLE,TE,CLE@NYJ,first_td,0.05205637445887446,1821,0.0323,0.18125,B,-,tgt_sh 14.4%; team att 31.3; opp DvP 0.90; RZ tgt 0,1.0,
Kenyon Sadiq,NYJ,CLE,TE,CLE@NYJ,last_td,0.05205637445887446,1821,0.0323,0.18125,B,-,tgt_sh 14.4%; team att 31.3; opp DvP 0.90; RZ tgt 0,1.0,
Kenyon Sadiq,NYJ,CLE,TE,CLE@NYJ,2plus_td,0.01955,5015,0.0323,0.18125,B,-,tgt_sh 14.4%; team att 31.3; opp DvP 0.90; RZ tgt 0,1.0,
Sterling Shepard,NYJ,CLE,WR,CLE@NYJ,anytime_td,0.1004,896,0.0,0.1051,C,-,tgt_sh 5.2%; team att 31.3; opp DvP 0.95; RZ tgt 1,1.0,
Sterling Shepard,NYJ,CLE,WR,CLE@NYJ,first_td,0.02583727924852925,3770,0.0,0.1051,C,-,tgt_sh 5.2%; team att 31.3; opp DvP 0.95; RZ tgt 1,1.0,
Sterling Shepard,NYJ,CLE,WR,CLE@NYJ,last_td,0.02583727924852925,3770,0.0,0.1051,C,-,tgt_sh 5.2%; team att 31.3; opp DvP 0.95; RZ tgt 1,1.0,
Sterling Shepard,NYJ,CLE,WR,CLE@NYJ,2plus_td,0.0047,21177,0.0,0.1051,C,-,tgt_sh 5.2%; team att 31.3; opp DvP 0.95; RZ tgt 1,1.0,
Mason Taylor,NYJ,CLE,TE,CLE@NYJ,anytime_td,0.08783247845169478,1039,0.0,0.09084659721855005,C,no game designation yet (Full),tgt_sh 7.7%; team att 31.3; opp DvP 0.90; RZ tgt 0,0.9479829842591244,
Mason Taylor,NYJ,CLE,TE,CLE@NYJ,first_td,0.021521127918198404,4547,0.0,0.09084659721855005,C,no game designation yet (Full),tgt_sh 7.7%; team att 31.3; opp DvP 0.90; RZ tgt 0,0.9479829842591244,
Mason Taylor,NYJ,CLE,TE,CLE@NYJ,last_td,0.021521127918198404,4547,0.0,0.09084659721855005,C,no game designation yet (Full),tgt_sh 7.7%; team att 31.3; opp DvP 0.90; RZ tgt 0,0.9479829842591244,
Mason Taylor,NYJ,CLE,TE,CLE@NYJ,2plus_td,0.0029083602136322777,34284,0.0,0.09084659721855005,C,no game designation yet (Full),tgt_sh 7.7%; team att 31.3; opp DvP 0.90; RZ tgt 0,0.9479829842591244,
Isaiah Williams,NYJ,CLE,WR,CLE@NYJ,anytime_td,0.14945,569,0.0057,0.15425,C,-,tgt_sh 9.2%; team att 31.3; opp DvP 0.95; RZ tgt 1,1.0,
Isaiah Williams,NYJ,CLE,WR,CLE@NYJ,first_td,0.039241096681096675,2448,0.0057,0.15425,C,-,tgt_sh 9.2%; team att 31.3; opp DvP 0.95; RZ tgt 1,1.0,
Isaiah Williams,NYJ,CLE,WR,CLE@NYJ,last_td,0.039241096681096675,2448,0.0057,0.15425,C,-,tgt_sh 9.2%; team att 31.3; opp DvP 0.95; RZ tgt 1,1.0,
Isaiah Williams,NYJ,CLE,WR,CLE@NYJ,2plus_td,0.0099,10001,0.0057,0.15425,C,-,tgt_sh 9.2%; team att 31.3; opp DvP 0.95; RZ tgt 1,1.0,
Garrett Wilson,NYJ,CLE,WR,CLE@NYJ,anytime_td,0.2818,255,0.0,0.32985,B,-,tgt_sh 23.6%; team att 31.3; opp DvP 0.95; RZ tgt 1,1.0,
Garrett Wilson,NYJ,CLE,WR,CLE@NYJ,first_td,0.080061534992785,1149,0.0,0.32985,B,-,tgt_sh 23.6%; team att 31.3; opp DvP 0.95; RZ tgt 1,1.0,
Garrett Wilson,NYJ,CLE,WR,CLE@NYJ,last_td,0.080061534992785,1149,0.0,0.32985,B,-,tgt_sh 23.6%; team att 31.3; opp DvP 0.95; RZ tgt 1,1.0,
Garrett Wilson,NYJ,CLE,WR,CLE@NYJ,2plus_td,0.04355,2196,0.0,0.32985,B,-,tgt_sh 23.6%; team att 31.3; opp DvP 0.95; RZ tgt 1,1.0,
Jelani Woods,NYJ,CLE,TE,CLE@NYJ,anytime_td,0.0169,5817,0.0,0.01695,C,-,w_td 0.01; team TD 2.12,1.0,
Jelani Woods,NYJ,CLE,TE,CLE@NYJ,first_td,0.004044365079365079,24626,0.0,0.01695,C,-,w_td 0.01; team TD 2.12,1.0,
Jelani Woods,NYJ,CLE,TE,CLE@NYJ,last_td,0.004044365079365079,24626,0.0,0.01695,C,-,w_td 0.01; team TD 2.12,1.0,
Jelani Woods,NYJ,CLE,TE,CLE@NYJ,2plus_td,5e-05,999900,0.0,0.01695,C,-,w_td 0.01; team TD 2.12,1.0,
Daniel Jones,IND,PIT,QB,IND@PIT,anytime_td,0.08475,1080,0.08845,0.0,B,-,team att 32.0; ypa 6.74; opp d_ypa 1.06; pass rate 56.3%,1.0,
Daniel Jones,IND,PIT,QB,IND@PIT,first_td,0.018713914141414142,5244,0.08845,0.0,B,-,team att 32.0; ypa 6.74; opp d_ypa 1.06; pass rate 56.3%,1.0,
Daniel Jones,IND,PIT,QB,IND@PIT,last_td,0.018713914141414142,5244,0.08845,0.0,B,-,team att 32.0; ypa 6.74; opp d_ypa 1.06; pass rate 56.3%,1.0,
Daniel Jones,IND,PIT,QB,IND@PIT,2plus_td,0.00345,28886,0.08845,0.0,B,-,team att 32.0; ypa 6.74; opp d_ypa 1.06; pass rate 56.3%,1.0,
Keenan Allen,IND,PIT,WR,IND@PIT,anytime_td,0.18266771078047508,447,0.0,0.2004698512137823,B,no game designation yet (Limited),tgt_sh 17.6%; team att 32.0; opp DvP 1.03; RZ tgt 3,0.9575230478992892,
Keenan Allen,IND,PIT,WR,IND@PIT,first_td,0.041859544498542144,2289,0.0,0.2004698512137823,B,no game designation yet (Limited),tgt_sh 17.6%; team att 32.0; opp DvP 1.03; RZ tgt 3,0.9575230478992892,
Keenan Allen,IND,PIT,WR,IND@PIT,last_td,0.041859544498542144,2289,0.0,0.2004698512137823,B,no game designation yet (Limited),tgt_sh 17.6%; team att 32.0; opp DvP 1.03; RZ tgt 3,0.9575230478992892,
Keenan Allen,IND,PIT,WR,IND@PIT,2plus_td,0.01644479248238058,5981,0.0,0.2004698512137823,B,no game designation yet (Limited),tgt_sh 17.6%; team att 32.0; opp DvP 1.03; RZ tgt 3,0.9575230478992892,
Deion Burks,IND,PIT,WR,IND@PIT,anytime_td,0.02485,3924,0.00895,0.01615,C,-,w_td 0.02; team TD 1.92,1.0,
Deion Burks,IND,PIT,WR,IND@PIT,first_td,0.005212426046176046,19085,0.00895,0.01615,C,-,w_td 0.02; team TD 1.92,1.0,
Deion Burks,IND,PIT,WR,IND@PIT,last_td,0.005212426046176046,19085,0.00895,0.01615,C,-,w_td 0.02; team TD 1.92,1.0,
Deion Burks,IND,PIT,WR,IND@PIT,2plus_td,0.0002,499900,0.00895,0.01615,C,-,w_td 0.02; team TD 1.92,1.0,
Josh Downs,IND,PIT,WR,IND@PIT,anytime_td,0.20965,377,0.0,0.23175,B,-,tgt_sh 18.5%; team att 32.0; opp DvP 1.03; RZ tgt 4,1.0,
Josh Downs,IND,PIT,WR,IND@PIT,first_td,0.048540666139416135,1960,0.0,0.23175,B,-,tgt_sh 18.5%; team att 32.0; opp DvP 1.03; RZ tgt 4,1.0,
Josh Downs,IND,PIT,WR,IND@PIT,last_td,0.048540666139416135,1960,0.0,0.23175,B,-,tgt_sh 18.5%; team att 32.0; opp DvP 1.03; RZ tgt 4,1.0,
Josh Downs,IND,PIT,WR,IND@PIT,2plus_td,0.02055,4766,0.0,0.23175,B,-,tgt_sh 18.5%; team att 32.0; opp DvP 1.03; RZ tgt 4,1.0,
Ashton Dulin,IND,PIT,WR,IND@PIT,anytime_td,0.04504168221973373,2120,0.0,0.04597486624362324,C,no game designation yet (DNP),tgt_sh 6.0%; team att 32.0; opp DvP 1.03; RZ tgt 0,0.8055616699684496,
Ashton Dulin,IND,PIT,WR,IND@PIT,first_td,0.009671759606436726,10239,0.0,0.04597486624362324,C,no game designation yet (DNP),tgt_sh 6.0%; team att 32.0; opp DvP 1.03; RZ tgt 0,0.8055616699684496,
Ashton Dulin,IND,PIT,WR,IND@PIT,last_td,0.009671759606436726,10239,0.0,0.04597486624362324,C,no game designation yet (DNP),tgt_sh 6.0%; team att 32.0; opp DvP 1.03; RZ tgt 0,0.8055616699684496,
Ashton Dulin,IND,PIT,WR,IND@PIT,2plus_td,0.000933184023889511,107060,0.0,0.04597486624362324,C,no game designation yet (DNP),tgt_sh 6.0%; team att 32.0; opp DvP 1.03; RZ tgt 0,0.8055616699684496,
Seth McGowan,IND,PIT,RB,IND@PIT,anytime_td,0.17795,462,0.1747,0.01985,B,-,car_sh 16.9%; team rush 26.7; opp d_ypc 1.02; inside-10 car 2,1.0,
Seth McGowan,IND,PIT,RB,IND@PIT,first_td,0.041507631673881676,2309,0.1747,0.01985,B,-,car_sh 16.9%; team rush 26.7; opp d_ypc 1.02; inside-10 car 2,1.0,
Seth McGowan,IND,PIT,RB,IND@PIT,last_td,0.041507631673881676,2309,0.1747,0.01985,B,-,car_sh 16.9%; team rush 26.7; opp d_ypc 1.02; inside-10 car 2,1.0,
Seth McGowan,IND,PIT,RB,IND@PIT,2plus_td,0.0154,6394,0.1747,0.01985,B,-,car_sh 16.9%; team rush 26.7; opp d_ypc 1.02; inside-10 car 2,1.0,
Jonathan Taylor,IND,PIT,RB,IND@PIT,anytime_td,0.5596902343357135,-127,0.6852559589661068,0.10756310972543498,B,no game designation yet (Limited),tgt_sh 10.6%; team att 32.0; opp DvP 1.05; RZ tgt 1; car_sh 68.2%; team rush 26.7; opp d_ypc 1.02; inside-10 car 8,0.9951309141019752,
Jonathan Taylor,IND,PIT,RB,IND@PIT,first_td,0.1692863873418032,491,0.6852559589661068,0.10756310972543498,B,no game designation yet (Limited),tgt_sh 10.6%; team att 32.0; opp DvP 1.05; RZ tgt 1; car_sh 68.2%; team rush 26.7; opp d_ypc 1.02; inside-10 car 8,0.9951309141019752,
Jonathan Taylor,IND,PIT,RB,IND@PIT,last_td,0.1692863873418032,491,0.6852559589661068,0.10756310972543498,B,no game designation yet (Limited),tgt_sh 10.6%; team att 32.0; opp DvP 1.05; RZ tgt 1; car_sh 68.2%; team rush 26.7; opp d_ypc 1.02; inside-10 car 8,0.9951309141019752,
Jonathan Taylor,IND,PIT,RB,IND@PIT,2plus_td,0.1880217238258071,432,0.6852559589661068,0.10756310972543498,B,no game designation yet (Limited),tgt_sh 10.6%; team att 32.0; opp DvP 1.05; RZ tgt 1; car_sh 68.2%; team rush 26.7; opp d_ypc 1.02; inside-10 car 8,0.9951309141019752,
Laquon Treadwell,IND,PIT,WR,IND@PIT,anytime_td,0.07295,1271,0.0,0.0753,C,-,tgt_sh 4.2%; team att 32.0; opp DvP 1.03; RZ tgt 2,1.0,
Laquon Treadwell,IND,PIT,WR,IND@PIT,first_td,0.01597007395382395,6162,0.0,0.0753,C,-,tgt_sh 4.2%; team att 32.0; opp DvP 1.03; RZ tgt 2,1.0,
Laquon Treadwell,IND,PIT,WR,IND@PIT,last_td,0.01597007395382395,6162,0.0,0.0753,C,-,tgt_sh 4.2%; team att 32.0; opp DvP 1.03; RZ tgt 2,1.0,
Laquon Treadwell,IND,PIT,WR,IND@PIT,2plus_td,0.0023,43378,0.0,0.0753,C,-,tgt_sh 4.2%; team att 32.0; opp DvP 1.03; RZ tgt 2,1.0,
Tyler Warren,IND,PIT,TE,IND@PIT,anytime_td,0.21445,366,0.0081,0.23065,B,-,tgt_sh 20.5%; team att 32.0; opp DvP 1.02; RZ tgt 3,1.0,
Tyler Warren,IND,PIT,TE,IND@PIT,first_td,0.050622913614163614,1875,0.0081,0.23065,B,-,tgt_sh 20.5%; team att 32.0; opp DvP 1.02; RZ tgt 3,1.0,
Tyler Warren,IND,PIT,TE,IND@PIT,last_td,0.050622913614163614,1875,0.0081,0.23065,B,-,tgt_sh 20.5%; team att 32.0; opp DvP 1.02; RZ tgt 3,1.0,
Tyler Warren,IND,PIT,TE,IND@PIT,2plus_td,0.0228,4286,0.0081,0.23065,B,-,tgt_sh 20.5%; team att 32.0; opp DvP 1.02; RZ tgt 3,1.0,
Nick Westbrook-Ikhine,IND,PIT,WR,IND@PIT,anytime_td,0.01525,6457,0.0,0.0154,C,-,w_td 0.02; team TD 1.92,1.0,
Nick Westbrook-Ikhine,IND,PIT,WR,IND@PIT,first_td,0.003245081168831169,30716,0.0,0.0154,C,-,w_td 0.02; team TD 1.92,1.0,
Nick Westbrook-Ikhine,IND,PIT,WR,IND@PIT,last_td,0.003245081168831169,30716,0.0,0.0154,C,-,w_td 0.02; team TD 1.92,1.0,
Nick Westbrook-Ikhine,IND,PIT,WR,IND@PIT,2plus_td,0.00015,666567,0.0,0.0154,C,-,w_td 0.02; team TD 1.92,1.0,
Aaron Rodgers,PIT,IND,QB,IND@PIT,anytime_td,0.0293,3313,0.0299,0.0,B,-,team att 36.7; ypa 7.21; opp d_ypa 1.08; pass rate 63.2%,1.0,
Aaron Rodgers,PIT,IND,QB,IND@PIT,first_td,0.006327424242424242,15704,0.0299,0.0,B,-,team att 36.7; ypa 7.21; opp d_ypa 1.08; pass rate 63.2%,1.0,
Aaron Rodgers,PIT,IND,QB,IND@PIT,last_td,0.006327424242424242,15704,0.0299,0.0,B,-,team att 36.7; ypa 7.21; opp d_ypa 1.08; pass rate 63.2%,1.0,
Aaron Rodgers,PIT,IND,QB,IND@PIT,2plus_td,0.0006,166567,0.0299,0.0,B,-,team att 36.7; ypa 7.21; opp d_ypa 1.08; pass rate 63.2%,1.0,
Germie Bernard,PIT,IND,WR,IND@PIT,anytime_td,0.118,747,0.0,0.1252,C,-,tgt_sh 4.9%; team att 36.7; opp DvP 0.95; RZ tgt 2,1.0,
Germie Bernard,PIT,IND,WR,IND@PIT,first_td,0.026809873737373736,3630,0.0,0.1252,C,-,tgt_sh 4.9%; team att 36.7; opp DvP 0.95; RZ tgt 2,1.0,
Germie Bernard,PIT,IND,WR,IND@PIT,last_td,0.026809873737373736,3630,0.0,0.1252,C,-,tgt_sh 4.9%; team att 36.7; opp DvP 0.95; RZ tgt 2,1.0,
Germie Bernard,PIT,IND,WR,IND@PIT,2plus_td,0.0071,13985,0.0,0.1252,C,-,tgt_sh 4.9%; team att 36.7; opp DvP 0.95; RZ tgt 2,1.0,
Rico Dowdle,PIT,IND,RB,IND@PIT,anytime_td,0.2643291304566233,278,0.18722057567689757,0.11694378861706937,B,no game designation yet (Limited),tgt_sh 8.2%; team att 36.7; opp DvP 1.04; RZ tgt 0; car_sh 29.2%; team rush 23.1; opp d_ypc 1.08; inside-10 car 0,0.9951309141019752,
Rico Dowdle,PIT,IND,RB,IND@PIT,first_td,0.06496919062473892,1439,0.18722057567689757,0.11694378861706937,B,no game designation yet (Limited),tgt_sh 8.2%; team att 36.7; opp DvP 1.04; RZ tgt 0; car_sh 29.2%; team rush 23.1; opp d_ypc 1.08; inside-10 car 0,0.9951309141019752,
Rico Dowdle,PIT,IND,RB,IND@PIT,last_td,0.06496919062473892,1439,0.18722057567689757,0.11694378861706937,B,no game designation yet (Limited),tgt_sh 8.2%; team att 36.7; opp DvP 1.04; RZ tgt 0; car_sh 29.2%; team rush 23.1; opp d_ypc 1.08; inside-10 car 0,0.9951309141019752,
Rico Dowdle,PIT,IND,RB,IND@PIT,2plus_td,0.0361681820465163,2665,0.18722057567689757,0.11694378861706937,B,no game designation yet (Limited),tgt_sh 8.2%; team att 36.7; opp DvP 1.04; RZ tgt 0; car_sh 29.2%; team rush 23.1; opp d_ypc 1.08; inside-10 car 0,0.9951309141019752,
Pat Freiermuth,PIT,IND,TE,IND@PIT,anytime_td,0.2318,331,0.0065,0.25565,B,-,tgt_sh 13.2%; team att 36.7; opp DvP 0.90; RZ tgt 3,1.0,
Pat Freiermuth,PIT,IND,TE,IND@PIT,first_td,0.056540976384726375,1669,0.0065,0.25565,B,-,tgt_sh 13.2%; team att 36.7; opp DvP 0.90; RZ tgt 3,1.0,
Pat Freiermuth,PIT,IND,TE,IND@PIT,last_td,0.056540976384726375,1669,0.0065,0.25565,B,-,tgt_sh 13.2%; team att 36.7; opp DvP 0.90; RZ tgt 3,1.0,
Pat Freiermuth,PIT,IND,TE,IND@PIT,2plus_td,0.0282,3446,0.0065,0.25565,B,-,tgt_sh 13.2%; team att 36.7; opp DvP 0.90; RZ tgt 3,1.0,
Eli Heidenreich,PIT,IND,RB,IND@PIT,anytime_td,0.0155,6352,0.0058,0.0099,C,-,w_td 0.01; team TD 2.50,1.0,
Eli Heidenreich,PIT,IND,RB,IND@PIT,first_td,0.0035177976190476187,28327,0.0058,0.0099,C,-,w_td 0.01; team TD 2.50,1.0,
Eli Heidenreich,PIT,IND,RB,IND@PIT,last_td,0.0035177976190476187,28327,0.0058,0.0099,C,-,w_td 0.01; team TD 2.50,1.0,
Eli Heidenreich,PIT,IND,RB,IND@PIT,2plus_td,0.0002,499900,0.0058,0.0099,C,-,w_td 0.01; team TD 2.50,1.0,
Travis Homer,PIT,IND,RB,IND@PIT,anytime_td,0.08145,1128,0.07675,0.0078,C,-,w_td 0.11; team TD 2.50,1.0,
Travis Homer,PIT,IND,RB,IND@PIT,first_td,0.01838425865800866,5339,0.07675,0.0078,C,-,w_td 0.11; team TD 2.50,1.0,
Travis Homer,PIT,IND,RB,IND@PIT,last_td,0.01838425865800866,5339,0.07675,0.0078,C,-,w_td 0.11; team TD 2.50,1.0,
Travis Homer,PIT,IND,RB,IND@PIT,2plus_td,0.0029,34383,0.07675,0.0078,C,-,w_td 0.11; team TD 2.50,1.0,
DK Metcalf,PIT,IND,WR,IND@PIT,anytime_td,0.28455,251,0.0,0.32695,B,-,tgt_sh 22.2%; team att 36.7; opp DvP 0.95; RZ tgt 1,1.0,
DK Metcalf,PIT,IND,WR,IND@PIT,first_td,0.07026247224997226,1323,0.0,0.32695,B,-,tgt_sh 22.2%; team att 36.7; opp DvP 0.95; RZ tgt 1,1.0,
DK Metcalf,PIT,IND,WR,IND@PIT,last_td,0.07026247224997226,1323,0.0,0.32695,B,-,tgt_sh 22.2%; team att 36.7; opp DvP 0.95; RZ tgt 1,1.0,
DK Metcalf,PIT,IND,WR,IND@PIT,2plus_td,0.0383,2511,0.0,0.32695,B,-,tgt_sh 22.2%; team att 36.7; opp DvP 0.95; RZ tgt 1,1.0,
Lew Nichols III,PIT,IND,RB,IND@PIT,anytime_td,0.0487,1953,0.04185,0.00815,C,-,w_td 0.06; team TD 2.50,1.0,
Lew Nichols III,PIT,IND,RB,IND@PIT,first_td,0.010923358585858585,9055,0.04185,0.00815,C,-,w_td 0.06; team TD 2.50,1.0,
Lew Nichols III,PIT,IND,RB,IND@PIT,last_td,0.010923358585858585,9055,0.04185,0.00815,C,-,w_td 0.06; team TD 2.50,1.0,
Lew Nichols III,PIT,IND,RB,IND@PIT,2plus_td,0.0013,76823,0.04185,0.00815,C,-,w_td 0.06; team TD 2.50,1.0,
Michael Pittman,PIT,IND,WR,IND@PIT,anytime_td,0.1689023435461141,492,0.0,0.18268176835951772,C,no game designation yet (Limited),tgt_sh 13.5%; team att 36.7; opp DvP 0.95; RZ tgt 0,0.9575230478992892,
Michael Pittman,PIT,IND,WR,IND@PIT,first_td,0.03887848628571004,2472,0.0,0.18268176835951772,C,no game designation yet (Limited),tgt_sh 13.5%; team att 36.7; opp DvP 0.95; RZ tgt 0,0.9575230478992892,
Michael Pittman,PIT,IND,WR,IND@PIT,last_td,0.03887848628571004,2472,0.0,0.18268176835951772,C,no game designation yet (Limited),tgt_sh 13.5%; team att 36.7; opp DvP 0.95; RZ tgt 0,0.9575230478992892,
Michael Pittman,PIT,IND,WR,IND@PIT,2plus_td,0.013257476903805,7443,0.0,0.18268176835951772,C,no game designation yet (Limited),tgt_sh 13.5%; team att 36.7; opp DvP 0.95; RZ tgt 0,0.9575230478992892,
Ben Skowronek,PIT,IND,WR,IND@PIT,anytime_td,0.0559,1689,0.0,0.057,C,-,w_td 0.03; team TD 2.50,1.0,
Ben Skowronek,PIT,IND,WR,IND@PIT,first_td,0.01183347582972583,8351,0.0,0.057,C,-,w_td 0.03; team TD 2.50,1.0,
Ben Skowronek,PIT,IND,WR,IND@PIT,last_td,0.01183347582972583,8351,0.0,0.057,C,-,w_td 0.03; team TD 2.50,1.0,
Ben Skowronek,PIT,IND,WR,IND@PIT,2plus_td,0.0011,90809,0.0,0.057,C,-,w_td 0.03; team TD 2.50,1.0,
Robert Tonyan,PIT,IND,TE,IND@PIT,anytime_td,0.0413,2321,0.0,0.04195,C,-,w_td 0.02; team TD 2.50,1.0,
Robert Tonyan,PIT,IND,TE,IND@PIT,first_td,0.009026015512265511,10979,0.0,0.04195,C,-,w_td 0.02; team TD 2.50,1.0,
Robert Tonyan,PIT,IND,TE,IND@PIT,last_td,0.009026015512265511,10979,0.0,0.04195,C,-,w_td 0.02; team TD 2.50,1.0,
Robert Tonyan,PIT,IND,TE,IND@PIT,2plus_td,0.00065,153746,0.0,0.04195,C,-,w_td 0.02; team TD 2.50,1.0,
Jaylen Warren,PIT,IND,RB,IND@PIT,anytime_td,0.4589,118,0.308,0.28965,B,-,tgt_sh 11.9%; team att 36.7; opp DvP 1.04; RZ tgt 4; car_sh 47.8%; team rush 23.1; opp d_ypc 1.08; inside-10 car 0,1.0,
Jaylen Warren,PIT,IND,RB,IND@PIT,first_td,0.12939213744588746,673,0.308,0.28965,B,-,tgt_sh 11.9%; team att 36.7; opp DvP 1.04; RZ tgt 4; car_sh 47.8%; team rush 23.1; opp d_ypc 1.08; inside-10 car 0,1.0,
Jaylen Warren,PIT,IND,RB,IND@PIT,last_td,0.12939213744588746,673,0.308,0.28965,B,-,tgt_sh 11.9%; team att 36.7; opp DvP 1.04; RZ tgt 4; car_sh 47.8%; team rush 23.1; opp d_ypc 1.08; inside-10 car 0,1.0,
Jaylen Warren,PIT,IND,RB,IND@PIT,2plus_td,0.1178,749,0.308,0.28965,B,-,tgt_sh 11.9%; team att 36.7; opp DvP 1.04; RZ tgt 4; car_sh 47.8%; team rush 23.1; opp d_ypc 1.08; inside-10 car 0,1.0,
Darnell Washington,PIT,IND,TE,IND@PIT,anytime_td,0.1489,572,0.0,0.1611,C,-,tgt_sh 8.0%; team att 36.7; opp DvP 0.90; RZ tgt 2,1.0,
Darnell Washington,PIT,IND,TE,IND@PIT,first_td,0.03408301046176046,2834,0.0,0.1611,C,-,tgt_sh 8.0%; team att 36.7; opp DvP 0.90; RZ tgt 2,1.0,
Darnell Washington,PIT,IND,TE,IND@PIT,last_td,0.03408301046176046,2834,0.0,0.1611,C,-,tgt_sh 8.0%; team att 36.7; opp DvP 0.90; RZ tgt 2,1.0,
Darnell Washington,PIT,IND,TE,IND@PIT,2plus_td,0.0111,8909,0.0,0.1611,C,-,tgt_sh 8.0%; team att 36.7; opp DvP 0.90; RZ tgt 2,1.0,
Roman Wilson,PIT,IND,WR,IND@PIT,anytime_td,0.2033,392,0.0,0.22465,B,-,tgt_sh 12.0%; team att 36.7; opp DvP 0.95; RZ tgt 2,1.0,
Roman Wilson,PIT,IND,WR,IND@PIT,first_td,0.04809580863580863,1979,0.0,0.22465,B,-,tgt_sh 12.0%; team att 36.7; opp DvP 0.95; RZ tgt 2,1.0,
Roman Wilson,PIT,IND,WR,IND@PIT,last_td,0.04809580863580863,1979,0.0,0.22465,B,-,tgt_sh 12.0%; team att 36.7; opp DvP 0.95; RZ tgt 2,1.0,
Roman Wilson,PIT,IND,WR,IND@PIT,2plus_td,0.02,4900,0.0,0.22465,B,-,tgt_sh 12.0%; team att 36.7; opp DvP 0.95; RZ tgt 2,1.0,
C.J. Stroud,HOU,TEN,QB,HOU@TEN,anytime_td,0.08005,1149,0.0837,0.0,B,-,team att 35.4; ypa 7.76; opp d_ypa 1.05; pass rate 60.9%,1.0,
C.J. Stroud,HOU,TEN,QB,HOU@TEN,first_td,0.02096472582972583,4670,0.0837,0.0,B,-,team att 35.4; ypa 7.76; opp d_ypa 1.05; pass rate 60.9%,1.0,
C.J. Stroud,HOU,TEN,QB,HOU@TEN,last_td,0.02096472582972583,4670,0.0837,0.0,B,-,team att 35.4; ypa 7.76; opp d_ypa 1.05; pass rate 60.9%,1.0,
C.J. Stroud,HOU,TEN,QB,HOU@TEN,2plus_td,0.0036,27678,0.0837,0.0,B,-,team att 35.4; ypa 7.76; opp d_ypa 1.05; pass rate 60.9%,1.0,
Lewis Bond,HOU,TEN,WR,HOU@TEN,anytime_td,0.0159,6189,0.0,0.01605,C,-,w_td 0.02; team TD 2.36,1.0,
Lewis Bond,HOU,TEN,WR,HOU@TEN,first_td,0.004131825396825397,24102,0.0,0.01605,C,-,w_td 0.02; team TD 2.36,1.0,
Lewis Bond,HOU,TEN,WR,HOU@TEN,last_td,0.004131825396825397,24102,0.0,0.01605,C,-,w_td 0.02; team TD 2.36,1.0,
Lewis Bond,HOU,TEN,WR,HOU@TEN,2plus_td,0.00015,666567,0.0,0.01605,C,-,w_td 0.02; team TD 2.36,1.0,
Kayshon Boutte,HOU,TEN,WR,HOU@TEN,anytime_td,0.1476,578,0.0,0.15875,C,-,tgt_sh 10.3%; team att 35.4; opp DvP 1.14; RZ tgt 2,1.0,
Kayshon Boutte,HOU,TEN,WR,HOU@TEN,first_td,0.03940415223665224,2438,0.0,0.15875,C,-,tgt_sh 10.3%; team att 35.4; opp DvP 1.14; RZ tgt 2,1.0,
Kayshon Boutte,HOU,TEN,WR,HOU@TEN,last_td,0.03940415223665224,2438,0.0,0.15875,C,-,tgt_sh 10.3%; team att 35.4; opp DvP 1.14; RZ tgt 2,1.0,
Kayshon Boutte,HOU,TEN,WR,HOU@TEN,2plus_td,0.01095,9032,0.0,0.15875,C,-,tgt_sh 10.3%; team att 35.4; opp DvP 1.14; RZ tgt 2,1.0,
Nico Collins,HOU,TEN,WR,HOU@TEN,anytime_td,0.2850865721609039,251,0.009311084375163467,0.3184076999529215,B,no game designation yet (Limited),tgt_sh 23.2%; team att 35.4; opp DvP 1.14; RZ tgt 3,0.9575230478992892,
Nico Collins,HOU,TEN,WR,HOU@TEN,first_td,0.08111852388281744,1133,0.009311084375163467,0.3184076999529215,B,no game designation yet (Limited),tgt_sh 23.2%; team att 35.4; opp DvP 1.14; RZ tgt 3,0.9575230478992892,
Nico Collins,HOU,TEN,WR,HOU@TEN,last_td,0.08111852388281744,1133,0.009311084375163467,0.3184076999529215,B,no game designation yet (Limited),tgt_sh 23.2%; team att 35.4; opp DvP 1.14; RZ tgt 3,0.9575230478992892,
Nico Collins,HOU,TEN,WR,HOU@TEN,2plus_td,0.03965057278861746,2422,0.009311084375163467,0.3184076999529215,B,no game designation yet (Limited),tgt_sh 23.2%; team att 35.4; opp DvP 1.14; RZ tgt 3,0.9575230478992892,
Xavier Hutchinson,HOU,TEN,WR,HOU@TEN,anytime_td,0.1714,483,0.01265,0.1733,B,-,tgt_sh 14.2%; team att 35.4; opp DvP 1.14; RZ tgt 1,1.0,
Xavier Hutchinson,HOU,TEN,WR,HOU@TEN,first_td,0.04646556637806638,2052,0.01265,0.1733,B,-,tgt_sh 14.2%; team att 35.4; opp DvP 1.14; RZ tgt 1,1.0,
Xavier Hutchinson,HOU,TEN,WR,HOU@TEN,last_td,0.04646556637806638,2052,0.01265,0.1733,B,-,tgt_sh 14.2%; team att 35.4; opp DvP 1.14; RZ tgt 1,1.0,
Xavier Hutchinson,HOU,TEN,WR,HOU@TEN,2plus_td,0.0139,7094,0.01265,0.1733,B,-,tgt_sh 14.2%; team att 35.4; opp DvP 1.14; RZ tgt 1,1.0,
Brevin Jordan,HOU,TEN,TE,HOU@TEN,anytime_td,0.0167,5888,0.0,0.0168,C,-,w_td 0.02; team TD 2.36,1.0,
Brevin Jordan,HOU,TEN,TE,HOU@TEN,first_td,0.004079166666666668,24415,0.0,0.0168,C,-,w_td 0.02; team TD 2.36,1.0,
Brevin Jordan,HOU,TEN,TE,HOU@TEN,last_td,0.004079166666666668,24415,0.0,0.0168,C,-,w_td 0.02; team TD 2.36,1.0,
Brevin Jordan,HOU,TEN,TE,HOU@TEN,2plus_td,0.0001,999900,0.0,0.0168,C,-,w_td 0.02; team TD 2.36,1.0,
Woody Marks,HOU,TEN,RB,HOU@TEN,anytime_td,0.3665,173,0.34365,0.0981,B,-,tgt_sh 5.2%; team att 35.4; opp DvP 0.92; RZ tgt 2; car_sh 32.3%; team rush 24.5; opp d_ypc 0.93; inside-10 car 3,1.0,
Woody Marks,HOU,TEN,RB,HOU@TEN,first_td,0.11067364357864358,804,0.34365,0.0981,B,-,tgt_sh 5.2%; team att 35.4; opp DvP 0.92; RZ tgt 2; car_sh 32.3%; team rush 24.5; opp d_ypc 0.93; inside-10 car 3,1.0,
Woody Marks,HOU,TEN,RB,HOU@TEN,last_td,0.11067364357864358,804,0.34365,0.0981,B,-,tgt_sh 5.2%; team att 35.4; opp DvP 0.92; RZ tgt 2; car_sh 32.3%; team rush 24.5; opp d_ypc 0.93; inside-10 car 3,1.0,
Woody Marks,HOU,TEN,RB,HOU@TEN,2plus_td,0.0678,1375,0.34365,0.0981,B,-,tgt_sh 5.2%; team att 35.4; opp DvP 0.92; RZ tgt 2; car_sh 32.3%; team rush 24.5; opp d_ypc 0.93; inside-10 car 3,1.0,
David Montgomery,HOU,TEN,RB,HOU@TEN,anytime_td,0.4627,116,0.54065,0.0638,B,-,tgt_sh 4.1%; team att 35.4; opp DvP 0.92; RZ tgt 1; car_sh 48.5%; team rush 24.5; opp d_ypc 0.93; inside-10 car 5,1.0,
David Montgomery,HOU,TEN,RB,HOU@TEN,first_td,0.15004906565656564,566,0.54065,0.0638,B,-,tgt_sh 4.1%; team att 35.4; opp DvP 0.92; RZ tgt 1; car_sh 48.5%; team rush 24.5; opp d_ypc 0.93; inside-10 car 5,1.0,
David Montgomery,HOU,TEN,RB,HOU@TEN,last_td,0.15004906565656564,566,0.54065,0.0638,B,-,tgt_sh 4.1%; team att 35.4; opp DvP 0.92; RZ tgt 1; car_sh 48.5%; team rush 24.5; opp d_ypc 0.93; inside-10 car 5,1.0,
David Montgomery,HOU,TEN,RB,HOU@TEN,2plus_td,0.1218,721,0.54065,0.0638,B,-,tgt_sh 4.1%; team att 35.4; opp DvP 0.92; RZ tgt 1; car_sh 48.5%; team rush 24.5; opp d_ypc 0.93; inside-10 car 5,1.0,
Foster Moreau,HOU,TEN,TE,HOU@TEN,anytime_td,0.092,987,0.0,0.09695,C,-,tgt_sh 4.9%; team att 35.4; opp DvP 0.95; RZ tgt 2,1.0,
Foster Moreau,HOU,TEN,TE,HOU@TEN,first_td,0.023784172077922078,4104,0.0,0.09695,C,-,tgt_sh 4.9%; team att 35.4; opp DvP 0.95; RZ tgt 2,1.0,
Foster Moreau,HOU,TEN,TE,HOU@TEN,last_td,0.023784172077922078,4104,0.0,0.09695,C,-,tgt_sh 4.9%; team att 35.4; opp DvP 0.95; RZ tgt 2,1.0,
Foster Moreau,HOU,TEN,TE,HOU@TEN,2plus_td,0.00485,20519,0.0,0.09695,C,-,tgt_sh 4.9%; team att 35.4; opp DvP 0.95; RZ tgt 2,1.0,
Jaylin Noel,HOU,TEN,WR,HOU@TEN,anytime_td,0.0911,998,0.0177,0.077,C,-,tgt_sh 7.1%; team att 35.4; opp DvP 1.14; RZ tgt 0,1.0,
Jaylin Noel,HOU,TEN,WR,HOU@TEN,first_td,0.02353555735930736,4149,0.0177,0.077,C,-,tgt_sh 7.1%; team att 35.4; opp DvP 1.14; RZ tgt 0,1.0,
Jaylin Noel,HOU,TEN,WR,HOU@TEN,last_td,0.02353555735930736,4149,0.0177,0.077,C,-,tgt_sh 7.1%; team att 35.4; opp DvP 1.14; RZ tgt 0,1.0,
Jaylin Noel,HOU,TEN,WR,HOU@TEN,2plus_td,0.00355,28069,0.0177,0.077,C,-,tgt_sh 7.1%; team att 35.4; opp DvP 1.14; RZ tgt 0,1.0,
Dalton Schultz,HOU,TEN,TE,HOU@TEN,anytime_td,0.1946,414,0.0,0.21255,B,-,tgt_sh 17.7%; team att 35.4; opp DvP 0.95; RZ tgt 2,1.0,
Dalton Schultz,HOU,TEN,TE,HOU@TEN,first_td,0.05336624098124098,1774,0.0,0.21255,B,-,tgt_sh 17.7%; team att 35.4; opp DvP 0.95; RZ tgt 2,1.0,
Dalton Schultz,HOU,TEN,TE,HOU@TEN,last_td,0.05336624098124098,1774,0.0,0.21255,B,-,tgt_sh 17.7%; team att 35.4; opp DvP 0.95; RZ tgt 2,1.0,
Dalton Schultz,HOU,TEN,TE,HOU@TEN,2plus_td,0.01645,5979,0.0,0.21255,B,-,tgt_sh 17.7%; team att 35.4; opp DvP 0.95; RZ tgt 2,1.0,
Cade Stover,HOU,TEN,TE,HOU@TEN,anytime_td,0.0278,3497,0.0,0.02825,C,-,w_td 0.02; team TD 2.36,1.0,
Cade Stover,HOU,TEN,TE,HOU@TEN,first_td,0.0069669047619047636,14254,0.0,0.02825,C,-,w_td 0.02; team TD 2.36,1.0,
Cade Stover,HOU,TEN,TE,HOU@TEN,last_td,0.0069669047619047636,14254,0.0,0.02825,C,-,w_td 0.02; team TD 2.36,1.0,
Cade Stover,HOU,TEN,TE,HOU@TEN,2plus_td,0.0004,249900,0.0,0.02825,C,-,w_td 0.02; team TD 2.36,1.0,
Jared Wayne,HOU,TEN,WR,HOU@TEN,anytime_td,0.0872,1047,0.0,0.09165,C,-,tgt_sh 6.1%; team att 35.4; opp DvP 1.14; RZ tgt 1,1.0,
Jared Wayne,HOU,TEN,WR,HOU@TEN,first_td,0.022304767316017316,4383,0.0,0.09165,C,-,tgt_sh 6.1%; team att 35.4; opp DvP 1.14; RZ tgt 1,1.0,
Jared Wayne,HOU,TEN,WR,HOU@TEN,last_td,0.022304767316017316,4383,0.0,0.09165,C,-,tgt_sh 6.1%; team att 35.4; opp DvP 1.14; RZ tgt 1,1.0,
Jared Wayne,HOU,TEN,WR,HOU@TEN,2plus_td,0.0044,22627,0.0,0.09165,C,-,tgt_sh 6.1%; team att 35.4; opp DvP 1.14; RZ tgt 1,1.0,
Cam Ward,TEN,HOU,QB,HOU@TEN,anytime_td,0.1331,651,0.14385,0.0,B,-,team att 33.5; ypa 6.96; opp d_ypa 1.06; pass rate 59.4%,1.0,
Cam Ward,TEN,HOU,QB,HOU@TEN,first_td,0.03501428751803752,2756,0.14385,0.0,B,-,team att 33.5; ypa 6.96; opp d_ypa 1.06; pass rate 59.4%,1.0,
Cam Ward,TEN,HOU,QB,HOU@TEN,last_td,0.03501428751803752,2756,0.14385,0.0,B,-,team att 33.5; ypa 6.96; opp d_ypa 1.06; pass rate 59.4%,1.0,
Cam Ward,TEN,HOU,QB,HOU@TEN,2plus_td,0.01005,9850,0.14385,0.0,B,-,team att 33.5; ypa 6.96; opp d_ypa 1.06; pass rate 59.4%,1.0,
Elic Ayomanor,TEN,HOU,WR,HOU@TEN,anytime_td,0.14975,568,0.0,0.16145,B,-,tgt_sh 12.0%; team att 33.5; opp DvP 1.02; RZ tgt 5,1.0,
Elic Ayomanor,TEN,HOU,WR,HOU@TEN,first_td,0.03849004689754689,2498,0.0,0.16145,B,-,tgt_sh 12.0%; team att 33.5; opp DvP 1.02; RZ tgt 5,1.0,
Elic Ayomanor,TEN,HOU,WR,HOU@TEN,last_td,0.03849004689754689,2498,0.0,0.16145,B,-,tgt_sh 12.0%; team att 33.5; opp DvP 1.02; RZ tgt 5,1.0,
Elic Ayomanor,TEN,HOU,WR,HOU@TEN,2plus_td,0.0113,8750,0.0,0.16145,B,-,tgt_sh 12.0%; team att 33.5; opp DvP 1.02; RZ tgt 5,1.0,
Daniel Bellinger,TEN,HOU,TE,HOU@TEN,anytime_td,0.0232,4210,0.0,0.0237,C,-,tgt_sh 3.9%; team att 33.5; opp DvP 0.91; RZ tgt 0,1.0,
Daniel Bellinger,TEN,HOU,TE,HOU@TEN,first_td,0.005449287518037518,18251,0.0,0.0237,C,-,tgt_sh 3.9%; team att 33.5; opp DvP 0.91; RZ tgt 0,1.0,
Daniel Bellinger,TEN,HOU,TE,HOU@TEN,last_td,0.005449287518037518,18251,0.0,0.0237,C,-,tgt_sh 3.9%; team att 33.5; opp DvP 0.91; RZ tgt 0,1.0,
Daniel Bellinger,TEN,HOU,TE,HOU@TEN,2plus_td,0.0005,199900,0.0,0.0237,C,-,tgt_sh 3.9%; team att 33.5; opp DvP 0.91; RZ tgt 0,1.0,
Chimere Dike,TEN,HOU,WR,HOU@TEN,anytime_td,0.03895,2467,0.0,0.03975,C,-,tgt_sh 6.2%; team att 33.5; opp DvP 1.02; RZ tgt 0,1.0,
Chimere Dike,TEN,HOU,WR,HOU@TEN,first_td,0.009473869047619047,10455,0.0,0.03975,C,-,tgt_sh 6.2%; team att 33.5; opp DvP 1.02; RZ tgt 0,1.0,
Chimere Dike,TEN,HOU,WR,HOU@TEN,last_td,0.009473869047619047,10455,0.0,0.03975,C,-,tgt_sh 6.2%; team att 33.5; opp DvP 1.02; RZ tgt 0,1.0,
Chimere Dike,TEN,HOU,WR,HOU@TEN,2plus_td,0.0008,124900,0.0,0.03975,C,-,tgt_sh 6.2%; team att 33.5; opp DvP 1.02; RZ tgt 0,1.0,
Gunnar Helm,TEN,HOU,TE,HOU@TEN,anytime_td,0.11185,794,0.0,0.11735,C,-,tgt_sh 11.8%; team att 33.5; opp DvP 0.91; RZ tgt 3,1.0,
Gunnar Helm,TEN,HOU,TE,HOU@TEN,first_td,0.02824147186147186,3441,0.0,0.11735,C,-,tgt_sh 11.8%; team att 33.5; opp DvP 0.91; RZ tgt 3,1.0,
Gunnar Helm,TEN,HOU,TE,HOU@TEN,last_td,0.02824147186147186,3441,0.0,0.11735,C,-,tgt_sh 11.8%; team att 33.5; opp DvP 0.91; RZ tgt 3,1.0,
Gunnar Helm,TEN,HOU,TE,HOU@TEN,2plus_td,0.00535,18592,0.0,0.11735,C,-,tgt_sh 11.8%; team att 33.5; opp DvP 0.91; RZ tgt 3,1.0,
Tony Pollard,TEN,HOU,RB,HOU@TEN,anytime_td,0.3514013971887888,185,0.38060769295513847,0.04696574362427405,B,no game designation yet (DNP),tgt_sh 7.6%; team att 33.5; opp DvP 0.99; RZ tgt 0; car_sh 56.6%; team rush 24.5; opp d_ypc 0.90; inside-10 car 13,0.5949864089398973,
Tony Pollard,TEN,HOU,RB,HOU@TEN,first_td,0.1030475009938018,870,0.38060769295513847,0.04696574362427405,B,no game designation yet (DNP),tgt_sh 7.6%; team att 33.5; opp DvP 0.99; RZ tgt 0; car_sh 56.6%; team rush 24.5; opp d_ypc 0.90; inside-10 car 13,0.5949864089398973,
Tony Pollard,TEN,HOU,RB,HOU@TEN,last_td,0.1030475009938018,870,0.38060769295513847,0.04696574362427405,B,no game designation yet (DNP),tgt_sh 7.6%; team att 33.5; opp DvP 0.99; RZ tgt 0; car_sh 56.6%; team rush 24.5; opp d_ypc 0.90; inside-10 car 13,0.5949864089398973,
Tony Pollard,TEN,HOU,RB,HOU@TEN,2plus_td,0.0665768874673849,1402,0.38060769295513847,0.04696574362427405,B,no game designation yet (DNP),tgt_sh 7.6%; team att 33.5; opp DvP 0.99; RZ tgt 0; car_sh 56.6%; team rush 24.5; opp d_ypc 0.90; inside-10 car 13,0.5949864089398973,
Calvin Ridley,TEN,HOU,WR,HOU@TEN,anytime_td,0.05675,1662,0.0,0.058,C,-,tgt_sh 8.5%; team att 33.5; opp DvP 1.02; RZ tgt 0,1.0,
Calvin Ridley,TEN,HOU,WR,HOU@TEN,first_td,0.013883658008658008,7103,0.0,0.058,C,-,tgt_sh 8.5%; team att 33.5; opp DvP 1.02; RZ tgt 0,1.0,
Calvin Ridley,TEN,HOU,WR,HOU@TEN,last_td,0.013883658008658008,7103,0.0,0.058,C,-,tgt_sh 8.5%; team att 33.5; opp DvP 1.02; RZ tgt 0,1.0,
Calvin Ridley,TEN,HOU,WR,HOU@TEN,2plus_td,0.0012,83233,0.0,0.058,C,-,tgt_sh 8.5%; team att 33.5; opp DvP 1.02; RZ tgt 0,1.0,
Wan'Dale Robinson,TEN,HOU,WR,HOU@TEN,anytime_td,0.17905,459,0.0058,0.18855,B,-,tgt_sh 18.8%; team att 33.5; opp DvP 1.02; RZ tgt 4,1.0,
Wan'Dale Robinson,TEN,HOU,WR,HOU@TEN,first_td,0.046753780663780664,2039,0.0058,0.18855,B,-,tgt_sh 18.8%; team att 33.5; opp DvP 1.02; RZ tgt 4,1.0,
Wan'Dale Robinson,TEN,HOU,WR,HOU@TEN,last_td,0.046753780663780664,2039,0.0058,0.18855,B,-,tgt_sh 18.8%; team att 33.5; opp DvP 1.02; RZ tgt 4,1.0,
Wan'Dale Robinson,TEN,HOU,WR,HOU@TEN,2plus_td,0.01485,6634,0.0058,0.18855,B,-,tgt_sh 18.8%; team att 33.5; opp DvP 1.02; RZ tgt 4,1.0,
Nicholas Singleton,TEN,HOU,RB,HOU@TEN,anytime_td,0.06835,1363,0.0661,0.00425,C,-,car_sh 8.9%; team rush 24.5; opp d_ypc 0.90; inside-10 car 0,1.0,
Nicholas Singleton,TEN,HOU,RB,HOU@TEN,first_td,0.017056001082251082,5763,0.0661,0.00425,C,-,car_sh 8.9%; team rush 24.5; opp d_ypc 0.90; inside-10 car 0,1.0,
Nicholas Singleton,TEN,HOU,RB,HOU@TEN,last_td,0.017056001082251082,5763,0.0661,0.00425,C,-,car_sh 8.9%; team rush 24.5; opp d_ypc 0.90; inside-10 car 0,1.0,
Nicholas Singleton,TEN,HOU,RB,HOU@TEN,2plus_td,0.00195,51182,0.0661,0.00425,C,-,car_sh 8.9%; team rush 24.5; opp d_ypc 0.90; inside-10 car 0,1.0,
Tyjae Spears,TEN,HOU,RB,HOU@TEN,anytime_td,0.17505,471,0.14745,0.04635,B,-,tgt_sh 7.4%; team att 33.5; opp DvP 0.99; RZ tgt 0; car_sh 20.4%; team rush 24.5; opp d_ypc 0.90; inside-10 car 0,1.0,
Tyjae Spears,TEN,HOU,RB,HOU@TEN,first_td,0.04722877886002886,2017,0.14745,0.04635,B,-,tgt_sh 7.4%; team att 33.5; opp DvP 0.99; RZ tgt 0; car_sh 20.4%; team rush 24.5; opp d_ypc 0.90; inside-10 car 0,1.0,
Tyjae Spears,TEN,HOU,RB,HOU@TEN,last_td,0.04722877886002886,2017,0.14745,0.04635,B,-,tgt_sh 7.4%; team att 33.5; opp DvP 0.99; RZ tgt 0; car_sh 20.4%; team rush 24.5; opp d_ypc 0.90; inside-10 car 0,1.0,
Tyjae Spears,TEN,HOU,RB,HOU@TEN,2plus_td,0.0177,5550,0.14745,0.04635,B,-,tgt_sh 7.4%; team att 33.5; opp DvP 0.99; RZ tgt 0; car_sh 20.4%; team rush 24.5; opp d_ypc 0.90; inside-10 car 0,1.0,
Carnell Tate,TEN,HOU,WR,HOU@TEN,anytime_td,0.15395,550,0.0,0.16645,B,-,tgt_sh 22.7%; team att 33.5; opp DvP 1.02; RZ tgt 1,1.0,
Carnell Tate,TEN,HOU,WR,HOU@TEN,first_td,0.03913768578643578,2455,0.0,0.16645,B,-,tgt_sh 22.7%; team att 33.5; opp DvP 1.02; RZ tgt 1,1.0,
Carnell Tate,TEN,HOU,WR,HOU@TEN,last_td,0.03913768578643578,2455,0.0,0.16645,B,-,tgt_sh 22.7%; team att 33.5; opp DvP 1.02; RZ tgt 1,1.0,
Carnell Tate,TEN,HOU,WR,HOU@TEN,2plus_td,0.0118,8375,0.0,0.16645,B,-,tgt_sh 22.7%; team att 33.5; opp DvP 1.02; RZ tgt 1,1.0,
Jameis Winston,NYG,WAS,QB,NYG@WAS,anytime_td,0.01835,5350,0.0186,0.0,B,-,team att 30.1; ypa 7.03; opp d_ypa 1.03; pass rate 53.2%,1.0,
Jameis Winston,NYG,WAS,QB,NYG@WAS,first_td,0.004346269841269842,22908,0.0186,0.0,B,-,team att 30.1; ypa 7.03; opp d_ypa 1.03; pass rate 53.2%,1.0,
Jameis Winston,NYG,WAS,QB,NYG@WAS,last_td,0.004346269841269842,22908,0.0186,0.0,B,-,team att 30.1; ypa 7.03; opp d_ypa 1.03; pass rate 53.2%,1.0,
Jameis Winston,NYG,WAS,QB,NYG@WAS,2plus_td,0.00025,399900,0.0186,0.0,B,-,team att 30.1; ypa 7.03; opp d_ypa 1.03; pass rate 53.2%,1.0,
Malachi Fields,NYG,WAS,WR,NYG@WAS,anytime_td,0.1483,574,0.0,0.159,C,-,tgt_sh 13.1%; team att 30.1; opp DvP 1.00; RZ tgt 1,1.0,
Malachi Fields,NYG,WAS,WR,NYG@WAS,first_td,0.035773959235209235,2695,0.0,0.159,C,-,tgt_sh 13.1%; team att 30.1; opp DvP 1.00; RZ tgt 1,1.0,
Malachi Fields,NYG,WAS,WR,NYG@WAS,last_td,0.035773959235209235,2695,0.0,0.159,C,-,tgt_sh 13.1%; team att 30.1; opp DvP 1.00; RZ tgt 1,1.0,
Malachi Fields,NYG,WAS,WR,NYG@WAS,2plus_td,0.01035,9562,0.0,0.159,C,-,tgt_sh 13.1%; team att 30.1; opp DvP 1.00; RZ tgt 1,1.0,
Najee Harris,NYG,WAS,RB,NYG@WAS,anytime_td,0.0945420750253464,958,0.09521797904697533,0.00430888813788442,B,no game designation yet (DNP),car_sh 20.4%; team rush 28.4; opp d_ypc 0.98; inside-10 car 2,0.5949864089398973,
Najee Harris,NYG,WAS,RB,NYG@WAS,first_td,0.02261039765686606,4323,0.09521797904697533,0.00430888813788442,B,no game designation yet (DNP),car_sh 20.4%; team rush 28.4; opp d_ypc 0.98; inside-10 car 2,0.5949864089398973,
Najee Harris,NYG,WAS,RB,NYG@WAS,last_td,0.02261039765686606,4323,0.09521797904697533,0.00430888813788442,B,no game designation yet (DNP),car_sh 20.4%; team rush 28.4; opp d_ypc 0.98; inside-10 car 2,0.5949864089398973,
Najee Harris,NYG,WAS,RB,NYG@WAS,2plus_td,0.004984792159513349,19961,0.09521797904697533,0.00430888813788442,B,no game designation yet (DNP),car_sh 20.4%; team rush 28.4; opp d_ypc 0.98; inside-10 car 2,0.5949864089398973,
Theo Johnson,NYG,WAS,TE,NYG@WAS,anytime_td,0.10745,831,0.0,0.11305,C,-,tgt_sh 7.9%; team att 30.1; opp DvP 1.03; RZ tgt 1,1.0,
Theo Johnson,NYG,WAS,TE,NYG@WAS,first_td,0.025484660894660893,3824,0.0,0.11305,C,-,tgt_sh 7.9%; team att 30.1; opp DvP 1.03; RZ tgt 1,1.0,
Theo Johnson,NYG,WAS,TE,NYG@WAS,last_td,0.025484660894660893,3824,0.0,0.11305,C,-,tgt_sh 7.9%; team att 30.1; opp DvP 1.03; RZ tgt 1,1.0,
Theo Johnson,NYG,WAS,TE,NYG@WAS,2plus_td,0.00555,17918,0.0,0.11305,C,-,tgt_sh 7.9%; team att 30.1; opp DvP 1.03; RZ tgt 1,1.0,
Isaiah Likely,NYG,WAS,TE,NYG@WAS,anytime_td,0.3393667518647958,195,0.0,0.41015074852642014,B,no game designation yet (Limited),tgt_sh 23.1%; team att 30.1; opp DvP 1.03; RZ tgt 6,0.9575230478992892,
Isaiah Likely,NYG,WAS,TE,NYG@WAS,first_td,0.0930890892877748,974,0.0,0.41015074852642014,B,no game designation yet (Limited),tgt_sh 23.1%; team att 30.1; opp DvP 1.03; RZ tgt 6,0.9575230478992892,
Isaiah Likely,NYG,WAS,TE,NYG@WAS,last_td,0.0930890892877748,974,0.0,0.41015074852642014,B,no game designation yet (Limited),tgt_sh 23.1%; team att 30.1; opp DvP 1.03; RZ tgt 6,0.9575230478992892,
Isaiah Likely,NYG,WAS,TE,NYG@WAS,2plus_td,0.06295967868134161,1488,0.0,0.41015074852642014,B,no game designation yet (Limited),tgt_sh 23.1%; team att 30.1; opp DvP 1.03; RZ tgt 6,0.9575230478992892,
Darnell Mooney,NYG,WAS,WR,NYG@WAS,anytime_td,0.11755,751,0.002,0.1225,C,-,tgt_sh 11.3%; team att 30.1; opp DvP 1.00; RZ tgt 0,1.0,
Darnell Mooney,NYG,WAS,WR,NYG@WAS,first_td,0.028145508658008658,3453,0.002,0.1225,C,-,tgt_sh 11.3%; team att 30.1; opp DvP 1.00; RZ tgt 0,1.0,
Darnell Mooney,NYG,WAS,WR,NYG@WAS,last_td,0.028145508658008658,3453,0.002,0.1225,C,-,tgt_sh 11.3%; team att 30.1; opp DvP 1.00; RZ tgt 0,1.0,
Darnell Mooney,NYG,WAS,WR,NYG@WAS,2plus_td,0.00675,14715,0.002,0.1225,C,-,tgt_sh 11.3%; team att 30.1; opp DvP 1.00; RZ tgt 0,1.0,
Malik Nabers,NYG,WAS,WR,NYG@WAS,anytime_td,0.24223946784922396,313,0.0,0.2711874846021187,B,no game designation yet (DNP),tgt_sh 19.2%; team att 30.1; opp DvP 1.00; RZ tgt 3,0.8055616699684496,
Malik Nabers,NYG,WAS,WR,NYG@WAS,first_td,0.06172736631439514,1520,0.0,0.2711874846021187,B,no game designation yet (DNP),tgt_sh 19.2%; team att 30.1; opp DvP 1.00; RZ tgt 3,0.8055616699684496,
Malik Nabers,NYG,WAS,WR,NYG@WAS,last_td,0.06172736631439514,1520,0.0,0.2711874846021187,B,no game designation yet (DNP),tgt_sh 19.2%; team att 30.1; opp DvP 1.00; RZ tgt 3,0.8055616699684496,
Malik Nabers,NYG,WAS,WR,NYG@WAS,2plus_td,0.02697708795269771,3607,0.0,0.2711874846021187,B,no game designation yet (DNP),tgt_sh 19.2%; team att 30.1; opp DvP 1.00; RZ tgt 3,0.8055616699684496,
Patrick Ricard,NYG,WAS,RB,NYG@WAS,anytime_td,0.022,4445,0.0,0.0221,C,-,w_td 0.02; team TD 1.74,1.0,
Patrick Ricard,NYG,WAS,RB,NYG@WAS,first_td,0.004975019841269841,20000,0.0,0.0221,C,-,w_td 0.02; team TD 1.74,1.0,
Patrick Ricard,NYG,WAS,RB,NYG@WAS,last_td,0.004975019841269841,20000,0.0,0.0221,C,-,w_td 0.02; team TD 1.74,1.0,
Patrick Ricard,NYG,WAS,RB,NYG@WAS,2plus_td,0.0001,999900,0.0,0.0221,C,-,w_td 0.02; team TD 1.74,1.0,
Devin Singletary,NYG,WAS,RB,NYG@WAS,anytime_td,0.15215,557,0.05485,0.10915,C,-,tgt_sh 5.4%; team att 30.1; opp DvP 0.99; RZ tgt 2; car_sh 13.0%; team rush 28.4; opp d_ypc 0.98; inside-10 car 0,1.0,
Devin Singletary,NYG,WAS,RB,NYG@WAS,first_td,0.03672637085137086,2623,0.05485,0.10915,C,-,tgt_sh 5.4%; team att 30.1; opp DvP 0.99; RZ tgt 2; car_sh 13.0%; team rush 28.4; opp d_ypc 0.98; inside-10 car 0,1.0,
Devin Singletary,NYG,WAS,RB,NYG@WAS,last_td,0.03672637085137086,2623,0.05485,0.10915,C,-,tgt_sh 5.4%; team att 30.1; opp DvP 0.99; RZ tgt 2; car_sh 13.0%; team rush 28.4; opp d_ypc 0.98; inside-10 car 0,1.0,
Devin Singletary,NYG,WAS,RB,NYG@WAS,2plus_td,0.01125,8789,0.05485,0.10915,C,-,tgt_sh 5.4%; team att 30.1; opp DvP 0.99; RZ tgt 2; car_sh 13.0%; team rush 28.4; opp d_ypc 0.98; inside-10 car 0,1.0,
Cam Skattebo,NYG,WAS,RB,NYG@WAS,anytime_td,0.29297346200241253,241,0.2352734217933253,0.10368918375552875,B,no game designation yet (Limited),tgt_sh 9.3%; team att 30.1; opp DvP 0.99; RZ tgt 0; car_sh 41.6%; team rush 28.4; opp d_ypc 0.98; inside-10 car 5,0.9951309141019752,
Cam Skattebo,NYG,WAS,RB,NYG@WAS,first_td,0.077388982956685,1192,0.2352734217933253,0.10368918375552875,B,no game designation yet (Limited),tgt_sh 9.3%; team att 30.1; opp DvP 0.99; RZ tgt 0; car_sh 41.6%; team rush 28.4; opp d_ypc 0.98; inside-10 car 5,0.9951309141019752,
Cam Skattebo,NYG,WAS,RB,NYG@WAS,last_td,0.077388982956685,1192,0.2352734217933253,0.10368918375552875,B,no game designation yet (Limited),tgt_sh 9.3%; team att 30.1; opp DvP 0.99; RZ tgt 0; car_sh 41.6%; team rush 28.4; opp d_ypc 0.98; inside-10 car 5,0.9951309141019752,
Cam Skattebo,NYG,WAS,RB,NYG@WAS,2plus_td,0.04206875753920386,2277,0.2352734217933253,0.10368918375552875,B,no game designation yet (Limited),tgt_sh 9.3%; team att 30.1; opp DvP 0.99; RZ tgt 0; car_sh 41.6%; team rush 28.4; opp d_ypc 0.98; inside-10 car 5,0.9951309141019752,
Tyrone Tracy Jr.,NYG,WAS,RB,NYG@WAS,anytime_td,0.05815,1620,0.0235,0.03605,C,-,w_td 0.07; team TD 1.74,1.0,
Tyrone Tracy Jr.,NYG,WAS,RB,NYG@WAS,first_td,0.01352252344877345,7295,0.0235,0.03605,C,-,w_td 0.07; team TD 1.74,1.0,
Tyrone Tracy Jr.,NYG,WAS,RB,NYG@WAS,last_td,0.01352252344877345,7295,0.0235,0.03605,C,-,w_td 0.07; team TD 1.74,1.0,
Tyrone Tracy Jr.,NYG,WAS,RB,NYG@WAS,2plus_td,0.00135,73974,0.0235,0.03605,C,-,w_td 0.07; team TD 1.74,1.0,
Jayden Daniels,WAS,NYG,QB,NYG@WAS,anytime_td,0.07957559681697612,1157,0.08360538665578453,0.0,C,no game designation yet (Full),team att 32.5; ypa 5.98; opp d_ypa 0.93; pass rate 54.4%,0.98,
Jayden Daniels,WAS,NYG,QB,NYG@WAS,first_td,0.019292693380889663,5083,0.08360538665578453,0.0,C,no game designation yet (Full),team att 32.5; ypa 5.98; opp d_ypa 0.93; pass rate 54.4%,0.98,
Jayden Daniels,WAS,NYG,QB,NYG@WAS,last_td,0.019292693380889663,5083,0.08360538665578453,0.0,C,no game designation yet (Full),team att 32.5; ypa 5.98; opp d_ypa 0.93; pass rate 54.4%,0.98,
Jayden Daniels,WAS,NYG,QB,NYG@WAS,2plus_td,0.003978779840848806,25033,0.08360538665578453,0.0,C,no game designation yet (Full),team att 32.5; ypa 5.98; opp d_ypa 0.93; pass rate 54.4%,0.98,
Kaytron Allen,WAS,NYG,RB,NYG@WAS,anytime_td,0.06085,1543,0.0583,0.0041,C,-,w_td 0.10; team TD 2.36,1.0,
Kaytron Allen,WAS,NYG,RB,NYG@WAS,first_td,0.014524668109668107,6785,0.0583,0.0041,C,-,w_td 0.10; team TD 2.36,1.0,
Kaytron Allen,WAS,NYG,RB,NYG@WAS,last_td,0.014524668109668107,6785,0.0583,0.0041,C,-,w_td 0.10; team TD 2.36,1.0,
Kaytron Allen,WAS,NYG,RB,NYG@WAS,2plus_td,0.00155,64416,0.0583,0.0041,C,-,w_td 0.10; team TD 2.36,1.0,
John Bates,WAS,NYG,TE,NYG@WAS,anytime_td,0.08215,1117,0.0,0.0855,C,-,w_td 0.04; team TD 2.36,1.0,
John Bates,WAS,NYG,TE,NYG@WAS,first_td,0.019255645743145745,5093,0.0,0.0855,C,-,w_td 0.04; team TD 2.36,1.0,
John Bates,WAS,NYG,TE,NYG@WAS,last_td,0.019255645743145745,5093,0.0,0.0855,C,-,w_td 0.04; team TD 2.36,1.0,
John Bates,WAS,NYG,TE,NYG@WAS,2plus_td,0.0033,30203,0.0,0.0855,C,-,w_td 0.04; team TD 2.36,1.0,
Dyami Brown,WAS,NYG,WR,NYG@WAS,anytime_td,0.14435,593,0.0,0.15445,C,-,tgt_sh 7.2%; team att 32.5; opp DvP 1.09; RZ tgt 1,1.0,
Dyami Brown,WAS,NYG,WR,NYG@WAS,first_td,0.03565795274170274,2704,0.0,0.15445,C,-,tgt_sh 7.2%; team att 32.5; opp DvP 1.09; RZ tgt 1,1.0,
Dyami Brown,WAS,NYG,WR,NYG@WAS,last_td,0.03565795274170274,2704,0.0,0.15445,C,-,tgt_sh 7.2%; team att 32.5; opp DvP 1.09; RZ tgt 1,1.0,
Dyami Brown,WAS,NYG,WR,NYG@WAS,2plus_td,0.0099,10001,0.0,0.15445,C,-,tgt_sh 7.2%; team att 32.5; opp DvP 1.09; RZ tgt 1,1.0,
Treylon Burks,WAS,NYG,WR,NYG@WAS,anytime_td,0.13549407114624507,638,0.0,0.14424242424242426,C,no game designation yet (Full),tgt_sh 6.8%; team att 32.5; opp DvP 1.09; RZ tgt 1,0.9479829842591244,
Treylon Burks,WAS,NYG,WR,NYG@WAS,first_td,0.033223218444562316,2910,0.0,0.14424242424242426,C,no game designation yet (Full),tgt_sh 6.8%; team att 32.5; opp DvP 1.09; RZ tgt 1,0.9479829842591244,
Treylon Burks,WAS,NYG,WR,NYG@WAS,last_td,0.033223218444562316,2910,0.0,0.14424242424242426,C,no game designation yet (Full),tgt_sh 6.8%; team att 32.5; opp DvP 1.09; RZ tgt 1,0.9479829842591244,
Treylon Burks,WAS,NYG,WR,NYG@WAS,2plus_td,0.008168642951251647,12142,0.0,0.14424242424242426,C,no game designation yet (Full),tgt_sh 6.8%; team att 32.5; opp DvP 1.09; RZ tgt 1,0.9479829842591244,
Jacory Croskey-Merritt,WAS,NYG,RB,NYG@WAS,anytime_td,0.23187823378711006,331,0.17827899733761993,0.08122770884613452,B,no game designation yet (Limited),car_sh 33.8%; team rush 28.2; opp d_ypc 1.06; inside-10 car 2,0.9951309141019752,
Jacory Croskey-Merritt,WAS,NYG,RB,NYG@WAS,first_td,0.06051009126058103,1553,0.17827899733761993,0.08122770884613452,B,no game designation yet (Limited),car_sh 33.8%; team rush 28.2; opp d_ypc 1.06; inside-10 car 2,0.9951309141019752,
Jacory Croskey-Merritt,WAS,NYG,RB,NYG@WAS,last_td,0.06051009126058103,1553,0.17827899733761993,0.08122770884613452,B,no game designation yet (Limited),car_sh 33.8%; team rush 28.2; opp d_ypc 1.06; inside-10 car 2,0.9951309141019752,
Jacory Croskey-Merritt,WAS,NYG,RB,NYG@WAS,2plus_td,0.026071231225197167,3736,0.17827899733761993,0.08122770884613452,B,no game designation yet (Limited),car_sh 33.8%; team rush 28.2; opp d_ypc 1.06; inside-10 car 2,0.9951309141019752,
Stefon Diggs,WAS,NYG,WR,NYG@WAS,anytime_td,0.3457258315200497,189,0.0,0.4144855455393224,B,no game designation yet (DNP),tgt_sh 18.4%; team att 32.5; opp DvP 1.09; RZ tgt 4,0.8055616699684496,
Stefon Diggs,WAS,NYG,WR,NYG@WAS,first_td,0.09525180307897126,950,0.0,0.4144855455393224,B,no game designation yet (DNP),tgt_sh 18.4%; team att 32.5; opp DvP 1.09; RZ tgt 4,0.8055616699684496,
Stefon Diggs,WAS,NYG,WR,NYG@WAS,last_td,0.09525180307897126,950,0.0,0.4144855455393224,B,no game designation yet (DNP),tgt_sh 18.4%; team att 32.5; opp DvP 1.09; RZ tgt 4,0.8055616699684496,
Stefon Diggs,WAS,NYG,WR,NYG@WAS,2plus_td,0.06179670500466273,1518,0.0,0.4144855455393224,B,no game designation yet (DNP),tgt_sh 18.4%; team att 32.5; opp DvP 1.09; RZ tgt 4,0.8055616699684496,
Austin Ekeler,WAS,NYG,RB,NYG@WAS,anytime_td,0.0722,1285,0.0385,0.03655,C,-,w_td 0.09; team TD 2.36,1.0,
Austin Ekeler,WAS,NYG,RB,NYG@WAS,first_td,0.017006531385281385,5780,0.0385,0.03655,C,-,w_td 0.09; team TD 2.36,1.0,
Austin Ekeler,WAS,NYG,RB,NYG@WAS,last_td,0.017006531385281385,5780,0.0385,0.03655,C,-,w_td 0.09; team TD 2.36,1.0,
Austin Ekeler,WAS,NYG,RB,NYG@WAS,2plus_td,0.00275,36264,0.0385,0.03655,C,-,w_td 0.09; team TD 2.36,1.0,
Luke McCaffrey,WAS,NYG,WR,NYG@WAS,anytime_td,0.0603,1558,0.0,0.0621,C,-,tgt_sh 3.8%; team att 32.5; opp DvP 1.09; RZ tgt 0,1.0,
Luke McCaffrey,WAS,NYG,WR,NYG@WAS,first_td,0.014291926406926404,6897,0.0,0.0621,C,-,tgt_sh 3.8%; team att 32.5; opp DvP 1.09; RZ tgt 0,1.0,
Luke McCaffrey,WAS,NYG,WR,NYG@WAS,last_td,0.014291926406926404,6897,0.0,0.0621,C,-,tgt_sh 3.8%; team att 32.5; opp DvP 1.09; RZ tgt 0,1.0,
Luke McCaffrey,WAS,NYG,WR,NYG@WAS,2plus_td,0.0018,55456,0.0,0.0621,C,-,tgt_sh 3.8%; team att 32.5; opp DvP 1.09; RZ tgt 0,1.0,
Terry McLaurin,WAS,NYG,WR,NYG@WAS,anytime_td,0.28771995507300635,248,0.0,0.33607887183327095,B,no game designation yet (DNP),tgt_sh 17.6%; team att 32.5; opp DvP 1.09; RZ tgt 2,0.8055616699684496,
Terry McLaurin,WAS,NYG,WR,NYG@WAS,first_td,0.07714125575881474,1196,0.0,0.33607887183327095,B,no game designation yet (DNP),tgt_sh 17.6%; team att 32.5; opp DvP 1.09; RZ tgt 2,0.8055616699684496,
Terry McLaurin,WAS,NYG,WR,NYG@WAS,last_td,0.07714125575881474,1196,0.0,0.33607887183327095,B,no game designation yet (DNP),tgt_sh 17.6%; team att 32.5; opp DvP 1.09; RZ tgt 2,0.8055616699684496,
Terry McLaurin,WAS,NYG,WR,NYG@WAS,2plus_td,0.04392861599900162,2176,0.0,0.33607887183327095,B,no game designation yet (DNP),tgt_sh 17.6%; team att 32.5; opp DvP 1.09; RZ tgt 2,0.8055616699684496,
Chig Okonkwo,WAS,NYG,TE,NYG@WAS,anytime_td,0.16211702072133202,517,0.0,0.17631400386241453,C,no game designation yet (Limited),tgt_sh 11.2%; team att 32.5; opp DvP 1.12; RZ tgt 0,0.9575230478992892,
Chig Okonkwo,WAS,NYG,TE,NYG@WAS,first_td,0.0404355060300047,2373,0.0,0.17631400386241453,C,no game designation yet (Limited),tgt_sh 11.2%; team att 32.5; opp DvP 1.12; RZ tgt 0,0.9575230478992892,
Chig Okonkwo,WAS,NYG,TE,NYG@WAS,last_td,0.0404355060300047,2373,0.0,0.17631400386241453,C,no game designation yet (Limited),tgt_sh 11.2%; team att 32.5; opp DvP 1.12; RZ tgt 0,0.9575230478992892,
Chig Okonkwo,WAS,NYG,TE,NYG@WAS,2plus_td,0.013675035231483898,7213,0.0,0.17631400386241453,C,no game designation yet (Limited),tgt_sh 11.2%; team att 32.5; opp DvP 1.12; RZ tgt 0,0.9575230478992892,
Craig Reynolds,WAS,NYG,RB,NYG@WAS,anytime_td,0.017,5782,0.01365,0.0035,C,-,w_td 0.03; team TD 2.36,1.0,
Craig Reynolds,WAS,NYG,RB,NYG@WAS,first_td,0.004099386724386724,24294,0.01365,0.0035,C,-,w_td 0.03; team TD 2.36,1.0,
Craig Reynolds,WAS,NYG,RB,NYG@WAS,last_td,0.004099386724386724,24294,0.01365,0.0035,C,-,w_td 0.03; team TD 2.36,1.0,
Craig Reynolds,WAS,NYG,RB,NYG@WAS,2plus_td,0.00015,666567,0.01365,0.0035,C,-,w_td 0.03; team TD 2.36,1.0,
Ben Sinnott,WAS,NYG,TE,NYG@WAS,anytime_td,0.028647325381530288,3391,0.0,0.028803583519974998,C,no game designation yet (Limited),w_td 0.02; team TD 2.36,0.9575230478992892,
Ben Sinnott,WAS,NYG,TE,NYG@WAS,first_td,0.006503294235728216,15277,0.0,0.028803583519974998,C,no game designation yet (Limited),w_td 0.02; team TD 2.36,0.9575230478992892,
Ben Sinnott,WAS,NYG,TE,NYG@WAS,last_td,0.006503294235728216,15277,0.0,0.028803583519974998,C,no game designation yet (Limited),w_td 0.02; team TD 2.36,0.9575230478992892,
Ben Sinnott,WAS,NYG,TE,NYG@WAS,2plus_td,0.00015625813844471066,639867,0.0,0.028803583519974998,C,no game designation yet (Limited),w_td 0.02; team TD 2.36,0.9575230478992892,
Rachaad White,WAS,NYG,RB,NYG@WAS,anytime_td,0.23559236947791165,324,0.10953815261044177,0.1558734939759036,B,no game designation yet (Limited),tgt_sh 6.1%; team att 32.5; opp DvP 0.91; RZ tgt 2; car_sh 18.2%; team rush 28.2; opp d_ypc 1.06; inside-10 car 2,0.9951309141019752,
Rachaad White,WAS,NYG,RB,NYG@WAS,first_td,0.06229911529233818,1505,0.10953815261044177,0.1558734939759036,B,no game designation yet (Limited),tgt_sh 6.1%; team att 32.5; opp DvP 0.91; RZ tgt 2; car_sh 18.2%; team rush 28.2; opp d_ypc 1.06; inside-10 car 2,0.9951309141019752,
Rachaad White,WAS,NYG,RB,NYG@WAS,last_td,0.06229911529233818,1505,0.10953815261044177,0.1558734939759036,B,no game designation yet (Limited),tgt_sh 6.1%; team att 32.5; opp DvP 0.91; RZ tgt 2; car_sh 18.2%; team rush 28.2; opp d_ypc 1.06; inside-10 car 2,0.9951309141019752,
Rachaad White,WAS,NYG,RB,NYG@WAS,2plus_td,0.02791164658634538,3483,0.10953815261044177,0.1558734939759036,B,no game designation yet (Limited),tgt_sh 6.1%; team att 32.5; opp DvP 0.91; RZ tgt 2; car_sh 18.2%; team rush 28.2; opp d_ypc 1.06; inside-10 car 2,0.9951309141019752,
Antonio Williams,WAS,NYG,WR,NYG@WAS,anytime_td,0.2307,333,0.0,0.26025,B,-,tgt_sh 11.6%; team att 32.5; opp DvP 1.09; RZ tgt 2,1.0,
Antonio Williams,WAS,NYG,WR,NYG@WAS,first_td,0.0601506764069264,1562,0.0,0.26025,B,-,tgt_sh 11.6%; team att 32.5; opp DvP 1.09; RZ tgt 2,1.0,
Antonio Williams,WAS,NYG,WR,NYG@WAS,last_td,0.0601506764069264,1562,0.0,0.26025,B,-,tgt_sh 11.6%; team att 32.5; opp DvP 1.09; RZ tgt 2,1.0,
Antonio Williams,WAS,NYG,WR,NYG@WAS,2plus_td,0.02745,3543,0.0,0.26025,B,-,tgt_sh 11.6%; team att 32.5; opp DvP 1.09; RZ tgt 2,1.0,
Colson Yankoff,WAS,NYG,TE,NYG@WAS,anytime_td,0.0248,3932,0.0,0.02505,C,-,w_td 0.02; team TD 2.36,1.0,
Colson Yankoff,WAS,NYG,TE,NYG@WAS,first_td,0.005644705988455989,17616,0.0,0.02505,C,-,w_td 0.02; team TD 2.36,1.0,
Colson Yankoff,WAS,NYG,TE,NYG@WAS,last_td,0.005644705988455989,17616,0.0,0.02505,C,-,w_td 0.02; team TD 2.36,1.0,
Colson Yankoff,WAS,NYG,TE,NYG@WAS,2plus_td,0.00025,399900,0.0,0.02505,C,-,w_td 0.02; team TD 2.36,1.0,
Bo Nix,DEN,LAC,QB,DEN@LAC,anytime_td,0.14815,575,0.1584,0.0,B,-,team att 34.2; ypa 6.87; opp d_ypa 1.06; pass rate 59.0%,1.0,
Bo Nix,DEN,LAC,QB,DEN@LAC,first_td,0.034960082972582976,2760,0.1584,0.0,B,-,team att 34.2; ypa 6.87; opp d_ypa 1.06; pass rate 59.0%,1.0,
Bo Nix,DEN,LAC,QB,DEN@LAC,last_td,0.034960082972582976,2760,0.1584,0.0,B,-,team att 34.2; ypa 6.87; opp d_ypa 1.06; pass rate 59.0%,1.0,
Bo Nix,DEN,LAC,QB,DEN@LAC,2plus_td,0.01,9900,0.1584,0.0,B,-,team att 34.2; ypa 6.87; opp d_ypa 1.06; pass rate 59.0%,1.0,
Nate Adkins,DEN,LAC,TE,DEN@LAC,anytime_td,0.112,793,0.0053,0.11295,C,-,w_td 0.08; team TD 2.45,1.0,
Nate Adkins,DEN,LAC,TE,DEN@LAC,first_td,0.02562753968253968,3802,0.0053,0.11295,C,-,w_td 0.08; team TD 2.45,1.0,
Nate Adkins,DEN,LAC,TE,DEN@LAC,last_td,0.02562753968253968,3802,0.0053,0.11295,C,-,w_td 0.08; team TD 2.45,1.0,
Nate Adkins,DEN,LAC,TE,DEN@LAC,2plus_td,0.00605,16429,0.0053,0.11295,C,-,w_td 0.08; team TD 2.45,1.0,
Tyler Badie,DEN,LAC,RB,DEN@LAC,anytime_td,0.1296,672,0.03505,0.1039,C,-,tgt_sh 4.6%; team att 34.2; opp DvP 1.09; RZ tgt 2,1.0,
Tyler Badie,DEN,LAC,RB,DEN@LAC,first_td,0.02958862734487734,3280,0.03505,0.1039,C,-,tgt_sh 4.6%; team att 34.2; opp DvP 1.09; RZ tgt 2,1.0,
Tyler Badie,DEN,LAC,RB,DEN@LAC,last_td,0.02958862734487734,3280,0.03505,0.1039,C,-,tgt_sh 4.6%; team att 34.2; opp DvP 1.09; RZ tgt 2,1.0,
Tyler Badie,DEN,LAC,RB,DEN@LAC,2plus_td,0.0091,10889,0.03505,0.1039,C,-,tgt_sh 4.6%; team att 34.2; opp DvP 1.09; RZ tgt 2,1.0,
Pat Bryant,DEN,LAC,WR,DEN@LAC,anytime_td,0.11415,776,0.00585,0.1149,C,-,tgt_sh 7.9%; team att 34.2; opp DvP 0.96; RZ tgt 1,1.0,
Pat Bryant,DEN,LAC,WR,DEN@LAC,first_td,0.02612424062049062,3728,0.00585,0.1149,C,-,tgt_sh 7.9%; team att 34.2; opp DvP 0.96; RZ tgt 1,1.0,
Pat Bryant,DEN,LAC,WR,DEN@LAC,last_td,0.02612424062049062,3728,0.00585,0.1149,C,-,tgt_sh 7.9%; team att 34.2; opp DvP 0.96; RZ tgt 1,1.0,
Pat Bryant,DEN,LAC,WR,DEN@LAC,2plus_td,0.00635,15648,0.00585,0.1149,C,-,tgt_sh 7.9%; team att 34.2; opp DvP 0.96; RZ tgt 1,1.0,
J.K. Dobbins,DEN,LAC,RB,DEN@LAC,anytime_td,0.4299,133,0.52655,0.03015,B,-,car_sh 44.1%; team rush 25.0; opp d_ypc 0.94; inside-10 car 5,1.0,
J.K. Dobbins,DEN,LAC,RB,DEN@LAC,first_td,0.12207499250749251,719,0.52655,0.03015,B,-,car_sh 44.1%; team rush 25.0; opp d_ypc 0.94; inside-10 car 5,1.0,
J.K. Dobbins,DEN,LAC,RB,DEN@LAC,last_td,0.12207499250749251,719,0.52655,0.03015,B,-,car_sh 44.1%; team rush 25.0; opp d_ypc 0.94; inside-10 car 5,1.0,
J.K. Dobbins,DEN,LAC,RB,DEN@LAC,2plus_td,0.10835,823,0.52655,0.03015,B,-,car_sh 44.1%; team rush 25.0; opp d_ypc 0.94; inside-10 car 5,1.0,
Evan Engram,DEN,LAC,TE,DEN@LAC,anytime_td,0.13935,618,0.0,0.1489,C,-,tgt_sh 10.7%; team att 34.2; opp DvP 1.05; RZ tgt 1,1.0,
Evan Engram,DEN,LAC,TE,DEN@LAC,first_td,0.03254772005772005,2972,0.0,0.1489,C,-,tgt_sh 10.7%; team att 34.2; opp DvP 1.05; RZ tgt 1,1.0,
Evan Engram,DEN,LAC,TE,DEN@LAC,last_td,0.03254772005772005,2972,0.0,0.1489,C,-,tgt_sh 10.7%; team att 34.2; opp DvP 1.05; RZ tgt 1,1.0,
Evan Engram,DEN,LAC,TE,DEN@LAC,2plus_td,0.00925,10711,0.0,0.1489,C,-,tgt_sh 10.7%; team att 34.2; opp DvP 1.05; RZ tgt 1,1.0,
Troy Franklin,DEN,LAC,WR,DEN@LAC,anytime_td,0.11165,796,0.00905,0.1085,C,-,tgt_sh 7.6%; team att 34.2; opp DvP 0.96; RZ tgt 1,1.0,
Troy Franklin,DEN,LAC,WR,DEN@LAC,first_td,0.025394937423687425,3838,0.00905,0.1085,C,-,tgt_sh 7.6%; team att 34.2; opp DvP 0.96; RZ tgt 1,1.0,
Troy Franklin,DEN,LAC,WR,DEN@LAC,last_td,0.025394937423687425,3838,0.00905,0.1085,C,-,tgt_sh 7.6%; team att 34.2; opp DvP 0.96; RZ tgt 1,1.0,
Troy Franklin,DEN,LAC,WR,DEN@LAC,2plus_td,0.00585,16994,0.00905,0.1085,C,-,tgt_sh 7.6%; team att 34.2; opp DvP 0.96; RZ tgt 1,1.0,
RJ Harvey,DEN,LAC,RB,DEN@LAC,anytime_td,0.3303,203,0.1783,0.21365,B,-,tgt_sh 13.7%; team att 34.2; opp DvP 1.09; RZ tgt 2; car_sh 20.1%; team rush 25.0; opp d_ypc 0.94; inside-10 car 0,1.0,
RJ Harvey,DEN,LAC,RB,DEN@LAC,first_td,0.08470192751692751,1081,0.1783,0.21365,B,-,tgt_sh 13.7%; team att 34.2; opp DvP 1.09; RZ tgt 2; car_sh 20.1%; team rush 25.0; opp d_ypc 0.94; inside-10 car 0,1.0,
RJ Harvey,DEN,LAC,RB,DEN@LAC,last_td,0.08470192751692751,1081,0.1783,0.21365,B,-,tgt_sh 13.7%; team att 34.2; opp DvP 1.09; RZ tgt 2; car_sh 20.1%; team rush 25.0; opp d_ypc 0.94; inside-10 car 0,1.0,
RJ Harvey,DEN,LAC,RB,DEN@LAC,2plus_td,0.0556,1699,0.1783,0.21365,B,-,tgt_sh 13.7%; team att 34.2; opp DvP 1.09; RZ tgt 2; car_sh 20.1%; team rush 25.0; opp d_ypc 0.94; inside-10 car 0,1.0,
Lil'Jordan Humphrey,DEN,LAC,WR,DEN@LAC,anytime_td,0.05315,1781,0.0,0.0545,C,-,tgt_sh 4.7%; team att 34.2; opp DvP 0.96; RZ tgt 0,1.0,
Lil'Jordan Humphrey,DEN,LAC,WR,DEN@LAC,first_td,0.011606219336219336,8516,0.0,0.0545,C,-,tgt_sh 4.7%; team att 34.2; opp DvP 0.96; RZ tgt 0,1.0,
Lil'Jordan Humphrey,DEN,LAC,WR,DEN@LAC,last_td,0.011606219336219336,8516,0.0,0.0545,C,-,tgt_sh 4.7%; team att 34.2; opp DvP 0.96; RZ tgt 0,1.0,
Lil'Jordan Humphrey,DEN,LAC,WR,DEN@LAC,2plus_td,0.00135,73974,0.0,0.0545,C,-,tgt_sh 4.7%; team att 34.2; opp DvP 0.96; RZ tgt 0,1.0,
Marvin Mims Jr.,DEN,LAC,WR,DEN@LAC,anytime_td,0.05835,1614,0.0,0.06005,C,-,tgt_sh 5.6%; team att 34.2; opp DvP 0.96; RZ tgt 0,1.0,
Marvin Mims Jr.,DEN,LAC,WR,DEN@LAC,first_td,0.012872224025974027,7669,0.0,0.06005,C,-,tgt_sh 5.6%; team att 34.2; opp DvP 0.96; RZ tgt 0,1.0,
Marvin Mims Jr.,DEN,LAC,WR,DEN@LAC,last_td,0.012872224025974027,7669,0.0,0.06005,C,-,tgt_sh 5.6%; team att 34.2; opp DvP 0.96; RZ tgt 0,1.0,
Marvin Mims Jr.,DEN,LAC,WR,DEN@LAC,2plus_td,0.00165,60506,0.0,0.06005,C,-,tgt_sh 5.6%; team att 34.2; opp DvP 0.96; RZ tgt 0,1.0,
Courtland Sutton,DEN,LAC,WR,DEN@LAC,anytime_td,0.25675,289,0.0,0.29245,B,-,tgt_sh 15.2%; team att 34.2; opp DvP 0.96; RZ tgt 5,1.0,
Courtland Sutton,DEN,LAC,WR,DEN@LAC,first_td,0.06251292554667555,1500,0.0,0.29245,B,-,tgt_sh 15.2%; team att 34.2; opp DvP 0.96; RZ tgt 5,1.0,
Courtland Sutton,DEN,LAC,WR,DEN@LAC,last_td,0.06251292554667555,1500,0.0,0.29245,B,-,tgt_sh 15.2%; team att 34.2; opp DvP 0.96; RZ tgt 5,1.0,
Courtland Sutton,DEN,LAC,WR,DEN@LAC,2plus_td,0.03265,2963,0.0,0.29245,B,-,tgt_sh 15.2%; team att 34.2; opp DvP 0.96; RZ tgt 5,1.0,
Adam Trautman,DEN,LAC,TE,DEN@LAC,anytime_td,0.0306,3168,0.0,0.03075,C,-,w_td 0.02; team TD 2.45,1.0,
Adam Trautman,DEN,LAC,TE,DEN@LAC,first_td,0.006894604978354978,14404,0.0,0.03075,C,-,w_td 0.02; team TD 2.45,1.0,
Adam Trautman,DEN,LAC,TE,DEN@LAC,last_td,0.006894604978354978,14404,0.0,0.03075,C,-,w_td 0.02; team TD 2.45,1.0,
Adam Trautman,DEN,LAC,TE,DEN@LAC,2plus_td,0.00015,666567,0.0,0.03075,C,-,w_td 0.02; team TD 2.45,1.0,
Jaylen Waddle,DEN,LAC,WR,DEN@LAC,anytime_td,0.2183,358,0.0058,0.23625,B,-,tgt_sh 16.9%; team att 34.2; opp DvP 0.96; RZ tgt 2,1.0,
Jaylen Waddle,DEN,LAC,WR,DEN@LAC,first_td,0.05257368978243978,1802,0.0058,0.23625,B,-,tgt_sh 16.9%; team att 34.2; opp DvP 0.96; RZ tgt 2,1.0,
Jaylen Waddle,DEN,LAC,WR,DEN@LAC,last_td,0.05257368978243978,1802,0.0058,0.23625,B,-,tgt_sh 16.9%; team att 34.2; opp DvP 0.96; RZ tgt 2,1.0,
Jaylen Waddle,DEN,LAC,WR,DEN@LAC,2plus_td,0.0223,4384,0.0058,0.23625,B,-,tgt_sh 16.9%; team att 34.2; opp DvP 0.96; RZ tgt 2,1.0,
Justin Herbert,LAC,DEN,QB,DEN@LAC,anytime_td,0.13695,630,0.14615,0.0,B,-,team att 32.2; ypa 6.87; opp d_ypa 0.99; pass rate 55.4%,1.0,
Justin Herbert,LAC,DEN,QB,DEN@LAC,first_td,0.031417801781551784,3083,0.14615,0.0,B,-,team att 32.2; ypa 6.87; opp d_ypa 0.99; pass rate 55.4%,1.0,
Justin Herbert,LAC,DEN,QB,DEN@LAC,last_td,0.031417801781551784,3083,0.14615,0.0,B,-,team att 32.2; ypa 6.87; opp d_ypa 0.99; pass rate 55.4%,1.0,
Justin Herbert,LAC,DEN,QB,DEN@LAC,2plus_td,0.00875,11329,0.14615,0.0,B,-,team att 32.2; ypa 6.87; opp d_ypa 0.99; pass rate 55.4%,1.0,
Derius Davis,LAC,DEN,WR,DEN@LAC,anytime_td,0.0156,6310,0.0,0.01575,C,-,w_td 0.01; team TD 1.92,1.0,
Derius Davis,LAC,DEN,WR,DEN@LAC,first_td,0.0032958170995670997,30241,0.0,0.01575,C,-,w_td 0.01; team TD 1.92,1.0,
Derius Davis,LAC,DEN,WR,DEN@LAC,last_td,0.0032958170995670997,30241,0.0,0.01575,C,-,w_td 0.01; team TD 1.92,1.0,
Derius Davis,LAC,DEN,WR,DEN@LAC,2plus_td,0.00015,666567,0.0,0.01575,C,-,w_td 0.01; team TD 1.92,1.0,
Oronde Gadsden II,LAC,DEN,TE,DEN@LAC,anytime_td,0.18045,454,0.0048,0.1914,C,-,tgt_sh 11.7%; team att 32.2; opp DvP 0.91; RZ tgt 3,1.0,
Oronde Gadsden II,LAC,DEN,TE,DEN@LAC,first_td,0.04206176406926407,2277,0.0048,0.1914,C,-,tgt_sh 11.7%; team att 32.2; opp DvP 0.91; RZ tgt 3,1.0,
Oronde Gadsden II,LAC,DEN,TE,DEN@LAC,last_td,0.04206176406926407,2277,0.0048,0.1914,C,-,tgt_sh 11.7%; team att 32.2; opp DvP 0.91; RZ tgt 3,1.0,
Oronde Gadsden II,LAC,DEN,TE,DEN@LAC,2plus_td,0.01485,6634,0.0048,0.1914,C,-,tgt_sh 11.7%; team att 32.2; opp DvP 0.91; RZ tgt 3,1.0,
Omarion Hampton,LAC,DEN,RB,DEN@LAC,anytime_td,0.3769,165,0.40385,0.05585,B,-,tgt_sh 5.6%; team att 32.2; opp DvP 1.03; RZ tgt 0; car_sh 49.7%; team rush 28.1; opp d_ypc 1.08; inside-10 car 7,1.0,
Omarion Hampton,LAC,DEN,RB,DEN@LAC,first_td,0.0999273267010767,901,0.40385,0.05585,B,-,tgt_sh 5.6%; team att 32.2; opp DvP 1.03; RZ tgt 0; car_sh 49.7%; team rush 28.1; opp d_ypc 1.08; inside-10 car 7,1.0,
Omarion Hampton,LAC,DEN,RB,DEN@LAC,last_td,0.0999273267010767,901,0.40385,0.05585,B,-,tgt_sh 5.6%; team att 32.2; opp DvP 1.03; RZ tgt 0; car_sh 49.7%; team rush 28.1; opp d_ypc 1.08; inside-10 car 7,1.0,
Omarion Hampton,LAC,DEN,RB,DEN@LAC,2plus_td,0.0721,1287,0.40385,0.05585,B,-,tgt_sh 5.6%; team att 32.2; opp DvP 1.03; RZ tgt 0; car_sh 49.7%; team rush 28.1; opp d_ypc 1.08; inside-10 car 7,1.0,
Tre Harris,LAC,DEN,WR,DEN@LAC,anytime_td,0.1903,425,0.0,0.20975,B,-,tgt_sh 12.9%; team att 32.2; opp DvP 1.01; RZ tgt 3,1.0,
Tre Harris,LAC,DEN,WR,DEN@LAC,first_td,0.04532293761793761,2106,0.0,0.20975,B,-,tgt_sh 12.9%; team att 32.2; opp DvP 1.01; RZ tgt 3,1.0,
Tre Harris,LAC,DEN,WR,DEN@LAC,last_td,0.04532293761793761,2106,0.0,0.20975,B,-,tgt_sh 12.9%; team att 32.2; opp DvP 1.01; RZ tgt 3,1.0,
Tre Harris,LAC,DEN,WR,DEN@LAC,2plus_td,0.01825,5379,0.0,0.20975,B,-,tgt_sh 12.9%; team att 32.2; opp DvP 1.01; RZ tgt 3,1.0,
Alec Ingold,LAC,DEN,RB,DEN@LAC,anytime_td,0.04755,2003,0.0,0.0487,C,-,w_td 0.04; team TD 1.92,1.0,
Alec Ingold,LAC,DEN,RB,DEN@LAC,first_td,0.010376607142857142,9537,0.0,0.0487,C,-,w_td 0.04; team TD 1.92,1.0,
Alec Ingold,LAC,DEN,RB,DEN@LAC,last_td,0.010376607142857142,9537,0.0,0.0487,C,-,w_td 0.04; team TD 1.92,1.0,
Alec Ingold,LAC,DEN,RB,DEN@LAC,2plus_td,0.00115,86857,0.0,0.0487,C,-,w_td 0.04; team TD 1.92,1.0,
Quentin Johnston,LAC,DEN,WR,DEN@LAC,anytime_td,0.1568,538,0.0062,0.1641,B,-,tgt_sh 15.4%; team att 32.2; opp DvP 1.01; RZ tgt 0,1.0,
Quentin Johnston,LAC,DEN,WR,DEN@LAC,first_td,0.035715024003774,2700,0.0062,0.1641,B,-,tgt_sh 15.4%; team att 32.2; opp DvP 1.01; RZ tgt 0,1.0,
Quentin Johnston,LAC,DEN,WR,DEN@LAC,last_td,0.035715024003774,2700,0.0062,0.1641,B,-,tgt_sh 15.4%; team att 32.2; opp DvP 1.01; RZ tgt 0,1.0,
Quentin Johnston,LAC,DEN,WR,DEN@LAC,2plus_td,0.0127,7774,0.0062,0.1641,B,-,tgt_sh 15.4%; team att 32.2; opp DvP 1.01; RZ tgt 0,1.0,
Charlie Kolar,LAC,DEN,TE,DEN@LAC,anytime_td,0.0371,2595,0.0,0.0377,C,-,tgt_sh 3.8%; team att 32.2; opp DvP 0.91; RZ tgt 0,1.0,
Charlie Kolar,LAC,DEN,TE,DEN@LAC,first_td,0.00808299839049839,12272,0.0,0.0377,C,-,tgt_sh 3.8%; team att 32.2; opp DvP 0.91; RZ tgt 0,1.0,
Charlie Kolar,LAC,DEN,TE,DEN@LAC,last_td,0.00808299839049839,12272,0.0,0.0377,C,-,tgt_sh 3.8%; team att 32.2; opp DvP 0.91; RZ tgt 0,1.0,
Charlie Kolar,LAC,DEN,TE,DEN@LAC,2plus_td,0.0006,166567,0.0,0.0377,C,-,tgt_sh 3.8%; team att 32.2; opp DvP 0.91; RZ tgt 0,1.0,
Ladd McConkey,LAC,DEN,WR,DEN@LAC,anytime_td,0.18805,432,0.0,0.2061,B,-,tgt_sh 15.0%; team att 32.2; opp DvP 1.01; RZ tgt 2,1.0,
Ladd McConkey,LAC,DEN,WR,DEN@LAC,first_td,0.04419840964590964,2163,0.0,0.2061,B,-,tgt_sh 15.0%; team att 32.2; opp DvP 1.01; RZ tgt 2,1.0,
Ladd McConkey,LAC,DEN,WR,DEN@LAC,last_td,0.04419840964590964,2163,0.0,0.2061,B,-,tgt_sh 15.0%; team att 32.2; opp DvP 1.01; RZ tgt 2,1.0,
Ladd McConkey,LAC,DEN,WR,DEN@LAC,2plus_td,0.01715,5731,0.0,0.2061,B,-,tgt_sh 15.0%; team att 32.2; opp DvP 1.01; RZ tgt 2,1.0,
Keaton Mitchell,LAC,DEN,RB,DEN@LAC,anytime_td,0.20025,399,0.13765,0.084,B,-,tgt_sh 5.6%; team att 32.2; opp DvP 1.03; RZ tgt 1; car_sh 20.9%; team rush 28.1; opp d_ypc 1.08; inside-10 car 1,1.0,
Keaton Mitchell,LAC,DEN,RB,DEN@LAC,first_td,0.04748368867243867,2006,0.13765,0.084,B,-,tgt_sh 5.6%; team att 32.2; opp DvP 1.03; RZ tgt 1; car_sh 20.9%; team rush 28.1; opp d_ypc 1.08; inside-10 car 1,1.0,
Keaton Mitchell,LAC,DEN,RB,DEN@LAC,last_td,0.04748368867243867,2006,0.13765,0.084,B,-,tgt_sh 5.6%; team att 32.2; opp DvP 1.03; RZ tgt 1; car_sh 20.9%; team rush 28.1; opp d_ypc 1.08; inside-10 car 1,1.0,
Keaton Mitchell,LAC,DEN,RB,DEN@LAC,2plus_td,0.02005,4888,0.13765,0.084,B,-,tgt_sh 5.6%; team att 32.2; opp DvP 1.03; RZ tgt 1; car_sh 20.9%; team rush 28.1; opp d_ypc 1.08; inside-10 car 1,1.0,
Brenen Thompson,LAC,DEN,WR,DEN@LAC,anytime_td,0.0322,3006,0.0,0.0326,C,-,w_td 0.03; team TD 1.92,1.0,
Brenen Thompson,LAC,DEN,WR,DEN@LAC,first_td,0.007022186702186701,14141,0.0,0.0326,C,-,w_td 0.03; team TD 1.92,1.0,
Brenen Thompson,LAC,DEN,WR,DEN@LAC,last_td,0.007022186702186701,14141,0.0,0.0326,C,-,w_td 0.03; team TD 1.92,1.0,
Brenen Thompson,LAC,DEN,WR,DEN@LAC,2plus_td,0.0004,249900,0.0,0.0326,C,-,w_td 0.03; team TD 1.92,1.0,
Marquez Valdes-Scantling,LAC,DEN,WR,DEN@LAC,anytime_td,0.037,2603,0.0,0.0378,C,-,w_td 0.03; team TD 1.92,1.0,
Marquez Valdes-Scantling,LAC,DEN,WR,DEN@LAC,first_td,0.008331262626262628,11903,0.0,0.0378,C,-,w_td 0.03; team TD 1.92,1.0,
Marquez Valdes-Scantling,LAC,DEN,WR,DEN@LAC,last_td,0.008331262626262628,11903,0.0,0.0378,C,-,w_td 0.03; team TD 1.92,1.0,
Marquez Valdes-Scantling,LAC,DEN,WR,DEN@LAC,2plus_td,0.0008,124900,0.0,0.0378,C,-,w_td 0.03; team TD 1.92,1.0,
Kimani Vidal,LAC,DEN,RB,DEN@LAC,anytime_td,0.11485,771,0.05545,0.0662,C,-,tgt_sh 4.0%; team att 32.2; opp DvP 1.03; RZ tgt 1; car_sh 9.5%; team rush 28.1; opp d_ypc 1.08; inside-10 car 0,1.0,
Kimani Vidal,LAC,DEN,RB,DEN@LAC,first_td,0.026524610944610946,3670,0.05545,0.0662,C,-,tgt_sh 4.0%; team att 32.2; opp DvP 1.03; RZ tgt 1; car_sh 9.5%; team rush 28.1; opp d_ypc 1.08; inside-10 car 0,1.0,
Kimani Vidal,LAC,DEN,RB,DEN@LAC,last_td,0.026524610944610946,3670,0.05545,0.0662,C,-,tgt_sh 4.0%; team att 32.2; opp DvP 1.03; RZ tgt 1; car_sh 9.5%; team rush 28.1; opp d_ypc 1.08; inside-10 car 0,1.0,
Kimani Vidal,LAC,DEN,RB,DEN@LAC,2plus_td,0.0065,15285,0.05545,0.0662,C,-,tgt_sh 4.0%; team att 32.2; opp DvP 1.03; RZ tgt 1; car_sh 9.5%; team rush 28.1; opp d_ypc 1.08; inside-10 car 0,1.0,
Jared Goff,DET,ARI,QB,DET@ARI,anytime_td,0.0473,2014,0.04855,0.0,B,-,team att 35.3; ypa 8.26; opp d_ypa 1.14; pass rate 60.5%,1.0,
Jared Goff,DET,ARI,QB,DET@ARI,first_td,0.007961281635031634,12461,0.04855,0.0,B,-,team att 35.3; ypa 8.26; opp d_ypa 1.14; pass rate 60.5%,1.0,
Jared Goff,DET,ARI,QB,DET@ARI,last_td,0.007961281635031634,12461,0.04855,0.0,B,-,team att 35.3; ypa 8.26; opp d_ypa 1.14; pass rate 60.5%,1.0,
Jared Goff,DET,ARI,QB,DET@ARI,2plus_td,0.00125,79900,0.04855,0.0,B,-,team att 35.3; ypa 8.26; opp d_ypa 1.14; pass rate 60.5%,1.0,
Jahmyr Gibbs,DET,ARI,RB,DET@ARI,anytime_td,0.75655,-311,0.96815,0.35625,B,-,tgt_sh 16.2%; team att 35.3; opp DvP 1.01; RZ tgt 6; car_sh 77.5%; team rush 24.5; opp d_ypc 1.00; inside-10 car 10,1.0,
Jahmyr Gibbs,DET,ARI,RB,DET@ARI,first_td,0.21494995213120213,365,0.96815,0.35625,B,-,tgt_sh 16.2%; team att 35.3; opp DvP 1.01; RZ tgt 6; car_sh 77.5%; team rush 24.5; opp d_ypc 1.00; inside-10 car 10,1.0,
Jahmyr Gibbs,DET,ARI,RB,DET@ARI,last_td,0.21494995213120213,365,0.96815,0.35625,B,-,tgt_sh 16.2%; team att 35.3; opp DvP 1.01; RZ tgt 6; car_sh 77.5%; team rush 24.5; opp d_ypc 1.00; inside-10 car 10,1.0,
Jahmyr Gibbs,DET,ARI,RB,DET@ARI,2plus_td,0.3916,155,0.96815,0.35625,B,-,tgt_sh 16.2%; team att 35.3; opp DvP 1.01; RZ tgt 6; car_sh 77.5%; team rush 24.5; opp d_ypc 1.00; inside-10 car 10,1.0,
Tom Kennedy,DET,ARI,WR,DET@ARI,anytime_td,0.0154,6394,0.0,0.0155,C,-,w_td 0.01; team TD 3.43,1.0,
Tom Kennedy,DET,ARI,WR,DET@ARI,first_td,0.0024524109224109223,40676,0.0,0.0155,C,-,w_td 0.01; team TD 3.43,1.0,
Tom Kennedy,DET,ARI,WR,DET@ARI,last_td,0.0024524109224109223,40676,0.0,0.0155,C,-,w_td 0.01; team TD 3.43,1.0,
Tom Kennedy,DET,ARI,WR,DET@ARI,2plus_td,0.0001,999900,0.0,0.0155,C,-,w_td 0.01; team TD 3.43,1.0,
Sam LaPorta,DET,ARI,TE,DET@ARI,anytime_td,0.4367,129,0.0,0.56135,B,-,tgt_sh 19.8%; team att 35.3; opp DvP 1.39; RZ tgt 9,1.0,
Sam LaPorta,DET,ARI,TE,DET@ARI,first_td,0.0896006537906538,1016,0.0,0.56135,B,-,tgt_sh 19.8%; team att 35.3; opp DvP 1.39; RZ tgt 9,1.0,
Sam LaPorta,DET,ARI,TE,DET@ARI,last_td,0.0896006537906538,1016,0.0,0.56135,B,-,tgt_sh 19.8%; team att 35.3; opp DvP 1.39; RZ tgt 9,1.0,
Sam LaPorta,DET,ARI,TE,DET@ARI,2plus_td,0.10695,835,0.0,0.56135,B,-,tgt_sh 19.8%; team att 35.3; opp DvP 1.39; RZ tgt 9,1.0,
Jackson Meeks,DET,ARI,WR,DET@ARI,anytime_td,0.0297,3267,0.0,0.03035,C,-,w_td 0.02; team TD 3.43,1.0,
Jackson Meeks,DET,ARI,WR,DET@ARI,first_td,0.004928676046176046,20189,0.0,0.03035,C,-,w_td 0.02; team TD 3.43,1.0,
Jackson Meeks,DET,ARI,WR,DET@ARI,last_td,0.004928676046176046,20189,0.0,0.03035,C,-,w_td 0.02; team TD 3.43,1.0,
Jackson Meeks,DET,ARI,WR,DET@ARI,2plus_td,0.00065,153746,0.0,0.03035,C,-,w_td 0.02; team TD 3.43,1.0,
Jacob Saylors,DET,ARI,RB,DET@ARI,anytime_td,0.0166,5924,0.0095,0.0072,C,-,w_td 0.01; team TD 3.43,1.0,
Jacob Saylors,DET,ARI,RB,DET@ARI,first_td,0.002630981795981796,37909,0.0095,0.0072,C,-,w_td 0.01; team TD 3.43,1.0,
Jacob Saylors,DET,ARI,RB,DET@ARI,last_td,0.002630981795981796,37909,0.0095,0.0072,C,-,w_td 0.01; team TD 3.43,1.0,
Jacob Saylors,DET,ARI,RB,DET@ARI,2plus_td,0.0001,999900,0.0095,0.0072,C,-,w_td 0.01; team TD 3.43,1.0,
Amon-Ra St. Brown,DET,ARI,WR,DET@ARI,anytime_td,0.5139,-106,0.0,0.69435,B,-,tgt_sh 28.4%; team att 35.3; opp DvP 1.14; RZ tgt 12,1.0,
Amon-Ra St. Brown,DET,ARI,WR,DET@ARI,first_td,0.11094001248751247,801,0.0,0.69435,B,-,tgt_sh 28.4%; team att 35.3; opp DvP 1.14; RZ tgt 12,1.0,
Amon-Ra St. Brown,DET,ARI,WR,DET@ARI,last_td,0.11094001248751247,801,0.0,0.69435,B,-,tgt_sh 28.4%; team att 35.3; opp DvP 1.14; RZ tgt 12,1.0,
Amon-Ra St. Brown,DET,ARI,WR,DET@ARI,2plus_td,0.14885,572,0.0,0.69435,B,-,tgt_sh 28.4%; team att 35.3; opp DvP 1.14; RZ tgt 12,1.0,
Isaac TeSlaa,DET,ARI,WR,DET@ARI,anytime_td,0.16495,506,0.0,0.1792,C,-,tgt_sh 7.6%; team att 35.3; opp DvP 1.14; RZ tgt 3,1.0,
Isaac TeSlaa,DET,ARI,WR,DET@ARI,first_td,0.028586564546564545,3398,0.0,0.1792,C,-,tgt_sh 7.6%; team att 35.3; opp DvP 1.14; RZ tgt 3,1.0,
Isaac TeSlaa,DET,ARI,WR,DET@ARI,last_td,0.028586564546564545,3398,0.0,0.1792,C,-,tgt_sh 7.6%; team att 35.3; opp DvP 1.14; RZ tgt 3,1.0,
Isaac TeSlaa,DET,ARI,WR,DET@ARI,2plus_td,0.0135,7307,0.0,0.1792,C,-,tgt_sh 7.6%; team att 35.3; opp DvP 1.14; RZ tgt 3,1.0,
Sione Vaki,DET,ARI,RB,DET@ARI,anytime_td,0.1493,570,0.1153,0.04505,C,-,car_sh 12.7%; team rush 24.5; opp d_ypc 1.00; inside-10 car 0,1.0,
Sione Vaki,DET,ARI,RB,DET@ARI,first_td,0.02606174478299478,3737,0.1153,0.04505,C,-,car_sh 12.7%; team rush 24.5; opp d_ypc 1.00; inside-10 car 0,1.0,
Sione Vaki,DET,ARI,RB,DET@ARI,last_td,0.02606174478299478,3737,0.1153,0.04505,C,-,car_sh 12.7%; team rush 24.5; opp d_ypc 1.00; inside-10 car 0,1.0,
Sione Vaki,DET,ARI,RB,DET@ARI,2plus_td,0.0105,9424,0.1153,0.04505,C,-,car_sh 12.7%; team rush 24.5; opp d_ypc 1.00; inside-10 car 0,1.0,
Jameson Williams,DET,ARI,WR,DET@ARI,anytime_td,0.24255,312,0.0,0.27685,B,-,tgt_sh 15.8%; team att 35.3; opp DvP 1.14; RZ tgt 2,1.0,
Jameson Williams,DET,ARI,WR,DET@ARI,first_td,0.04396422813297813,2175,0.0,0.27685,B,-,tgt_sh 15.8%; team att 35.3; opp DvP 1.14; RZ tgt 2,1.0,
Jameson Williams,DET,ARI,WR,DET@ARI,last_td,0.04396422813297813,2175,0.0,0.27685,B,-,tgt_sh 15.8%; team att 35.3; opp DvP 1.14; RZ tgt 2,1.0,
Jameson Williams,DET,ARI,WR,DET@ARI,2plus_td,0.03165,3060,0.0,0.27685,B,-,tgt_sh 15.8%; team att 35.3; opp DvP 1.14; RZ tgt 2,1.0,
Brock Wright,DET,ARI,TE,DET@ARI,anytime_td,0.0996,904,0.0,0.1052,C,-,tgt_sh 4.5%; team att 35.3; opp DvP 1.39; RZ tgt 1,1.0,
Brock Wright,DET,ARI,TE,DET@ARI,first_td,0.016517558552558553,5954,0.0,0.1052,C,-,tgt_sh 4.5%; team att 35.3; opp DvP 1.39; RZ tgt 1,1.0,
Brock Wright,DET,ARI,TE,DET@ARI,last_td,0.016517558552558553,5954,0.0,0.1052,C,-,tgt_sh 4.5%; team att 35.3; opp DvP 1.39; RZ tgt 1,1.0,
Brock Wright,DET,ARI,TE,DET@ARI,2plus_td,0.0054,18419,0.0,0.1052,C,-,tgt_sh 4.5%; team att 35.3; opp DvP 1.39; RZ tgt 1,1.0,
Jacoby Brissett,ARI,DET,QB,DET@ARI,anytime_td,0.12405,706,0.1309,0.0,B,-,team att 37.4; ypa 6.53; opp d_ypa 1.07; pass rate 60.7%,1.0,
Jacoby Brissett,ARI,DET,QB,DET@ARI,first_td,0.020908617354867355,4683,0.1309,0.0,B,-,team att 37.4; ypa 6.53; opp d_ypa 1.07; pass rate 60.7%,1.0,
Jacoby Brissett,ARI,DET,QB,DET@ARI,last_td,0.020908617354867355,4683,0.1309,0.0,B,-,team att 37.4; ypa 6.53; opp d_ypa 1.07; pass rate 60.7%,1.0,
Jacoby Brissett,ARI,DET,QB,DET@ARI,2plus_td,0.0068,14606,0.1309,0.0,B,-,team att 37.4; ypa 6.53; opp d_ypa 1.07; pass rate 60.7%,1.0,
Tyler Allgeier,ARI,DET,RB,DET@ARI,anytime_td,0.2983,235,0.25625,0.0887,B,-,tgt_sh 5.1%; team att 37.4; opp DvP 0.90; RZ tgt 2; car_sh 27.0%; team rush 25.7; opp d_ypc 1.03; inside-10 car 3,1.0,
Tyler Allgeier,ARI,DET,RB,DET@ARI,first_td,0.055092984792984794,1715,0.25625,0.0887,B,-,tgt_sh 5.1%; team att 37.4; opp DvP 0.90; RZ tgt 2; car_sh 27.0%; team rush 25.7; opp d_ypc 1.03; inside-10 car 3,1.0,
Tyler Allgeier,ARI,DET,RB,DET@ARI,last_td,0.055092984792984794,1715,0.25625,0.0887,B,-,tgt_sh 5.1%; team att 37.4; opp DvP 0.90; RZ tgt 2; car_sh 27.0%; team rush 25.7; opp d_ypc 1.03; inside-10 car 3,1.0,
Tyler Allgeier,ARI,DET,RB,DET@ARI,2plus_td,0.0421,2275,0.25625,0.0887,B,-,tgt_sh 5.1%; team att 37.4; opp DvP 0.90; RZ tgt 2; car_sh 27.0%; team rush 25.7; opp d_ypc 1.03; inside-10 car 3,1.0,
Kendrick Bourne,ARI,DET,WR,DET@ARI,anytime_td,0.15255,556,0.0,0.1649,C,-,tgt_sh 10.4%; team att 37.4; opp DvP 1.07; RZ tgt 2,1.0,
Kendrick Bourne,ARI,DET,WR,DET@ARI,first_td,0.026114998334998335,3729,0.0,0.1649,C,-,tgt_sh 10.4%; team att 37.4; opp DvP 1.07; RZ tgt 2,1.0,
Kendrick Bourne,ARI,DET,WR,DET@ARI,last_td,0.026114998334998335,3729,0.0,0.1649,C,-,tgt_sh 10.4%; team att 37.4; opp DvP 1.07; RZ tgt 2,1.0,
Kendrick Bourne,ARI,DET,WR,DET@ARI,2plus_td,0.0119,8303,0.0,0.1649,C,-,tgt_sh 10.4%; team att 37.4; opp DvP 1.07; RZ tgt 2,1.0,
Jalen Brooks,ARI,DET,WR,DET@ARI,anytime_td,0.01635,6016,0.0,0.0166,C,-,w_td 0.01; team TD 2.59,1.0,
Jalen Brooks,ARI,DET,WR,DET@ARI,first_td,0.002589149184149184,38523,0.0,0.0166,C,-,w_td 0.01; team TD 2.59,1.0,
Jalen Brooks,ARI,DET,WR,DET@ARI,last_td,0.002589149184149184,38523,0.0,0.0166,C,-,w_td 0.01; team TD 2.59,1.0,
Jalen Brooks,ARI,DET,WR,DET@ARI,2plus_td,0.00025,399900,0.0,0.0166,C,-,w_td 0.01; team TD 2.59,1.0,
Marvin Harrison Jr.,ARI,DET,WR,DET@ARI,anytime_td,0.16525,505,0.0,0.17965,C,-,tgt_sh 11.7%; team att 37.4; opp DvP 1.07; RZ tgt 2,1.0,
Marvin Harrison Jr.,ARI,DET,WR,DET@ARI,first_td,0.028486507520257522,3410,0.0,0.17965,C,-,tgt_sh 11.7%; team att 37.4; opp DvP 1.07; RZ tgt 2,1.0,
Marvin Harrison Jr.,ARI,DET,WR,DET@ARI,last_td,0.028486507520257522,3410,0.0,0.17965,C,-,tgt_sh 11.7%; team att 37.4; opp DvP 1.07; RZ tgt 2,1.0,
Marvin Harrison Jr.,ARI,DET,WR,DET@ARI,2plus_td,0.0138,7146,0.0,0.17965,C,-,tgt_sh 11.7%; team att 37.4; opp DvP 1.07; RZ tgt 2,1.0,
Elijah Higgins,ARI,DET,TE,DET@ARI,anytime_td,0.0665,1404,0.0,0.0688,C,-,tgt_sh 4.1%; team att 37.4; opp DvP 1.13; RZ tgt 1,1.0,
Elijah Higgins,ARI,DET,TE,DET@ARI,first_td,0.010836275668775668,9128,0.0,0.0688,C,-,tgt_sh 4.1%; team att 37.4; opp DvP 1.13; RZ tgt 1,1.0,
Elijah Higgins,ARI,DET,TE,DET@ARI,last_td,0.010836275668775668,9128,0.0,0.0688,C,-,tgt_sh 4.1%; team att 37.4; opp DvP 1.13; RZ tgt 1,1.0,
Elijah Higgins,ARI,DET,TE,DET@ARI,2plus_td,0.0023,43378,0.0,0.0688,C,-,tgt_sh 4.1%; team att 37.4; opp DvP 1.13; RZ tgt 1,1.0,
Bam Knight,ARI,DET,RB,DET@ARI,anytime_td,0.08335,1100,0.06035,0.026,C,-,w_td 0.08; team TD 2.59,1.0,
Bam Knight,ARI,DET,RB,DET@ARI,first_td,0.013768653707403709,7163,0.06035,0.026,C,-,w_td 0.08; team TD 2.59,1.0,
Bam Knight,ARI,DET,RB,DET@ARI,last_td,0.013768653707403709,7163,0.06035,0.026,C,-,w_td 0.08; team TD 2.59,1.0,
Bam Knight,ARI,DET,RB,DET@ARI,2plus_td,0.00285,34988,0.06035,0.026,C,-,w_td 0.08; team TD 2.59,1.0,
Jeremiyah Love,ARI,DET,RB,DET@ARI,anytime_td,0.46325,116,0.4576,0.14645,B,-,tgt_sh 8.8%; team att 37.4; opp DvP 0.90; RZ tgt 3; car_sh 50.9%; team rush 25.7; opp d_ypc 1.03; inside-10 car 4,1.0,
Jeremiyah Love,ARI,DET,RB,DET@ARI,first_td,0.09572287046287047,945,0.4576,0.14645,B,-,tgt_sh 8.8%; team att 37.4; opp DvP 0.90; RZ tgt 3; car_sh 50.9%; team rush 25.7; opp d_ypc 1.03; inside-10 car 4,1.0,
Jeremiyah Love,ARI,DET,RB,DET@ARI,last_td,0.09572287046287047,945,0.4576,0.14645,B,-,tgt_sh 8.8%; team att 37.4; opp DvP 0.90; RZ tgt 3; car_sh 50.9%; team rush 25.7; opp d_ypc 1.03; inside-10 car 4,1.0,
Jeremiyah Love,ARI,DET,RB,DET@ARI,2plus_td,0.1194,738,0.4576,0.14645,B,-,tgt_sh 8.8%; team att 37.4; opp DvP 0.90; RZ tgt 3; car_sh 50.9%; team rush 25.7; opp d_ypc 1.03; inside-10 car 4,1.0,
Trey McBride,ARI,DET,TE,DET@ARI,anytime_td,0.4221,137,0.0,0.53135,B,-,tgt_sh 29.2%; team att 37.4; opp DvP 1.13; RZ tgt 9,1.0,
Trey McBride,ARI,DET,TE,DET@ARI,first_td,0.08407257492507492,1089,0.0,0.53135,B,-,tgt_sh 29.2%; team att 37.4; opp DvP 1.13; RZ tgt 9,1.0,
Trey McBride,ARI,DET,TE,DET@ARI,last_td,0.08407257492507492,1089,0.0,0.53135,B,-,tgt_sh 29.2%; team att 37.4; opp DvP 1.13; RZ tgt 9,1.0,
Trey McBride,ARI,DET,TE,DET@ARI,2plus_td,0.09455,958,0.0,0.53135,B,-,tgt_sh 29.2%; team att 37.4; opp DvP 1.13; RZ tgt 9,1.0,
Michael Wilson,ARI,DET,WR,DET@ARI,anytime_td,0.3579,179,0.0,0.4354,B,-,tgt_sh 22.0%; team att 37.4; opp DvP 1.07; RZ tgt 9,1.0,
Michael Wilson,ARI,DET,WR,DET@ARI,first_td,0.06853575882450882,1359,0.0,0.4354,B,-,tgt_sh 22.0%; team att 37.4; opp DvP 1.07; RZ tgt 9,1.0,
Michael Wilson,ARI,DET,WR,DET@ARI,last_td,0.06853575882450882,1359,0.0,0.4354,B,-,tgt_sh 22.0%; team att 37.4; opp DvP 1.07; RZ tgt 9,1.0,
Michael Wilson,ARI,DET,WR,DET@ARI,2plus_td,0.068,1371,0.0,0.4354,B,-,tgt_sh 22.0%; team att 37.4; opp DvP 1.07; RZ tgt 9,1.0,
Brock Purdy,SF,SEA,QB,SF@SEA,anytime_td,0.08065,1140,0.08355,0.0,B,-,team att 30.8; ypa 6.99; opp d_ypa 0.86; pass rate 52.3%,1.0,
Brock Purdy,SF,SEA,QB,SF@SEA,first_td,0.015650416666666667,6290,0.08355,0.0,B,-,team att 30.8; ypa 6.99; opp d_ypa 0.86; pass rate 52.3%,1.0,
Brock Purdy,SF,SEA,QB,SF@SEA,last_td,0.015650416666666667,6290,0.08355,0.0,B,-,team att 30.8; ypa 6.99; opp d_ypa 0.86; pass rate 52.3%,1.0,
Brock Purdy,SF,SEA,QB,SF@SEA,2plus_td,0.0028,35614,0.08355,0.0,B,-,team att 30.8; ypa 6.99; opp d_ypa 0.86; pass rate 52.3%,1.0,
Kaelon Black,SF,SEA,RB,SF@SEA,anytime_td,0.14755,578,0.14285,0.01695,B,-,car_sh 23.5%; team rush 28.8; opp d_ypc 0.93; inside-10 car 1,1.0,
Kaelon Black,SF,SEA,RB,SF@SEA,first_td,0.03023364232989233,3208,0.14285,0.01695,B,-,car_sh 23.5%; team rush 28.8; opp d_ypc 0.93; inside-10 car 1,1.0,
Kaelon Black,SF,SEA,RB,SF@SEA,last_td,0.03023364232989233,3208,0.14285,0.01695,B,-,car_sh 23.5%; team rush 28.8; opp d_ypc 0.93; inside-10 car 1,1.0,
Kaelon Black,SF,SEA,RB,SF@SEA,2plus_td,0.0118,8375,0.14285,0.01695,B,-,car_sh 23.5%; team rush 28.8; opp d_ypc 0.93; inside-10 car 1,1.0,
Brandin Cooks,SF,SEA,WR,SF@SEA,anytime_td,0.0514,1846,0.0,0.0523,C,-,tgt_sh 4.3%; team att 30.8; opp DvP 0.94; RZ tgt 0,1.0,
Brandin Cooks,SF,SEA,WR,SF@SEA,first_td,0.009907050865800866,9994,0.0,0.0523,C,-,tgt_sh 4.3%; team att 30.8; opp DvP 0.94; RZ tgt 0,1.0,
Brandin Cooks,SF,SEA,WR,SF@SEA,last_td,0.009907050865800866,9994,0.0,0.0523,C,-,tgt_sh 4.3%; team att 30.8; opp DvP 0.94; RZ tgt 0,1.0,
Brandin Cooks,SF,SEA,WR,SF@SEA,2plus_td,0.00085,117547,0.0,0.0523,C,-,tgt_sh 4.3%; team att 30.8; opp DvP 0.94; RZ tgt 0,1.0,
Jacob Cowing,SF,SEA,WR,SF@SEA,anytime_td,0.03125,3100,0.00335,0.0283,C,-,w_td 0.02; team TD 2.33,1.0,
Jacob Cowing,SF,SEA,WR,SF@SEA,first_td,0.005923189033189033,16783,0.00335,0.0283,C,-,w_td 0.02; team TD 2.33,1.0,
Jacob Cowing,SF,SEA,WR,SF@SEA,last_td,0.005923189033189033,16783,0.00335,0.0283,C,-,w_td 0.02; team TD 2.33,1.0,
Jacob Cowing,SF,SEA,WR,SF@SEA,2plus_td,0.0004,249900,0.00335,0.0283,C,-,w_td 0.02; team TD 2.33,1.0,
Mike Evans,SF,SEA,WR,SF@SEA,anytime_td,0.291,244,0.0,0.3403,B,-,tgt_sh 19.6%; team att 30.8; opp DvP 0.94; RZ tgt 4,1.0,
Mike Evans,SF,SEA,WR,SF@SEA,first_td,0.06320344613719615,1482,0.0,0.3403,B,-,tgt_sh 19.6%; team att 30.8; opp DvP 0.94; RZ tgt 4,1.0,
Mike Evans,SF,SEA,WR,SF@SEA,last_td,0.06320344613719615,1482,0.0,0.3403,B,-,tgt_sh 19.6%; team att 30.8; opp DvP 0.94; RZ tgt 4,1.0,
Mike Evans,SF,SEA,WR,SF@SEA,2plus_td,0.04475,2135,0.0,0.3403,B,-,tgt_sh 19.6%; team att 30.8; opp DvP 0.94; RZ tgt 4,1.0,
Luke Farrell,SF,SEA,TE,SF@SEA,anytime_td,0.02245,4354,0.0,0.0227,C,-,w_td 0.02; team TD 2.33,1.0,
Luke Farrell,SF,SEA,TE,SF@SEA,first_td,0.004103458347208347,24270,0.0,0.0227,C,-,w_td 0.02; team TD 2.33,1.0,
Luke Farrell,SF,SEA,TE,SF@SEA,last_td,0.004103458347208347,24270,0.0,0.0227,C,-,w_td 0.02; team TD 2.33,1.0,
Luke Farrell,SF,SEA,TE,SF@SEA,2plus_td,0.00025,399900,0.0,0.0227,C,-,w_td 0.02; team TD 2.33,1.0,
Jordan James,SF,SEA,RB,SF@SEA,anytime_td,0.04795,1986,0.04315,0.006,C,-,w_td 0.06; team TD 2.33,1.0,
Jordan James,SF,SEA,RB,SF@SEA,first_td,0.009428541319791319,10506,0.04315,0.006,C,-,w_td 0.06; team TD 2.33,1.0,
Jordan James,SF,SEA,RB,SF@SEA,last_td,0.009428541319791319,10506,0.04315,0.006,C,-,w_td 0.06; team TD 2.33,1.0,
Jordan James,SF,SEA,RB,SF@SEA,2plus_td,0.00115,86857,0.04315,0.006,C,-,w_td 0.06; team TD 2.33,1.0,
Kyle Juszczyk,SF,SEA,RB,SF@SEA,anytime_td,0.1134,782,0.0,0.11945,C,-,tgt_sh 4.8%; team att 30.8; opp DvP 1.05; RZ tgt 2,1.0,
Kyle Juszczyk,SF,SEA,RB,SF@SEA,first_td,0.02240931804306804,4362,0.0,0.11945,C,-,tgt_sh 4.8%; team att 30.8; opp DvP 1.05; RZ tgt 2,1.0,
Kyle Juszczyk,SF,SEA,RB,SF@SEA,last_td,0.02240931804306804,4362,0.0,0.11945,C,-,tgt_sh 4.8%; team att 30.8; opp DvP 1.05; RZ tgt 2,1.0,
Kyle Juszczyk,SF,SEA,RB,SF@SEA,2plus_td,0.0059,16849,0.0,0.11945,C,-,tgt_sh 4.8%; team att 30.8; opp DvP 1.05; RZ tgt 2,1.0,
George Kittle,SF,SEA,TE,SF@SEA,anytime_td,0.3003,233,0.0,0.35035,B,-,tgt_sh 18.9%; team att 30.8; opp DvP 0.88; RZ tgt 5,1.0,
George Kittle,SF,SEA,TE,SF@SEA,first_td,0.0657936457986458,1420,0.0,0.35035,B,-,tgt_sh 18.9%; team att 30.8; opp DvP 0.88; RZ tgt 5,1.0,
George Kittle,SF,SEA,TE,SF@SEA,last_td,0.0657936457986458,1420,0.0,0.35035,B,-,tgt_sh 18.9%; team att 30.8; opp DvP 0.88; RZ tgt 5,1.0,
George Kittle,SF,SEA,TE,SF@SEA,2plus_td,0.04555,2095,0.0,0.35035,B,-,tgt_sh 18.9%; team att 30.8; opp DvP 0.88; RZ tgt 5,1.0,
Christian McCaffrey,SF,SEA,RB,SF@SEA,anytime_td,0.50735,-103,0.3637,0.31045,B,-,tgt_sh 17.1%; team att 30.8; opp DvP 1.05; RZ tgt 3; car_sh 43.4%; team rush 28.8; opp d_ypc 0.93; inside-10 car 9,1.0,
Christian McCaffrey,SF,SEA,RB,SF@SEA,first_td,0.12764072122322123,683,0.3637,0.31045,B,-,tgt_sh 17.1%; team att 30.8; opp DvP 1.05; RZ tgt 3; car_sh 43.4%; team rush 28.8; opp d_ypc 0.93; inside-10 car 9,1.0,
Christian McCaffrey,SF,SEA,RB,SF@SEA,last_td,0.12764072122322123,683,0.3637,0.31045,B,-,tgt_sh 17.1%; team att 30.8; opp DvP 1.05; RZ tgt 3; car_sh 43.4%; team rush 28.8; opp d_ypc 0.93; inside-10 car 9,1.0,
Christian McCaffrey,SF,SEA,RB,SF@SEA,2plus_td,0.1396,616,0.3637,0.31045,B,-,tgt_sh 17.1%; team att 30.8; opp DvP 1.05; RZ tgt 3; car_sh 43.4%; team rush 28.8; opp d_ypc 0.93; inside-10 car 9,1.0,
Deebo Samuel Sr.,SF,SEA,WR,SF@SEA,anytime_td,0.2839,252,0.0158,0.31315,B,-,tgt_sh 14.9%; team att 30.8; opp DvP 0.94; RZ tgt 5,1.0,
Deebo Samuel Sr.,SF,SEA,WR,SF@SEA,first_td,0.0615685255022755,1524,0.0158,0.31315,B,-,tgt_sh 14.9%; team att 30.8; opp DvP 0.94; RZ tgt 5,1.0,
Deebo Samuel Sr.,SF,SEA,WR,SF@SEA,last_td,0.0615685255022755,1524,0.0158,0.31315,B,-,tgt_sh 14.9%; team att 30.8; opp DvP 0.94; RZ tgt 5,1.0,
Deebo Samuel Sr.,SF,SEA,WR,SF@SEA,2plus_td,0.0417,2298,0.0158,0.31315,B,-,tgt_sh 14.9%; team att 30.8; opp DvP 0.94; RZ tgt 5,1.0,
Jordan Watkins,SF,SEA,WR,SF@SEA,anytime_td,0.0409,2345,0.0,0.0417,C,-,w_td 0.03; team TD 2.33,1.0,
Jordan Watkins,SF,SEA,WR,SF@SEA,first_td,0.007848887085137085,12641,0.0,0.0417,C,-,w_td 0.03; team TD 2.33,1.0,
Jordan Watkins,SF,SEA,WR,SF@SEA,last_td,0.007848887085137085,12641,0.0,0.0417,C,-,w_td 0.03; team TD 2.33,1.0,
Jordan Watkins,SF,SEA,WR,SF@SEA,2plus_td,0.0008,124900,0.0,0.0417,C,-,w_td 0.03; team TD 2.33,1.0,
Sam Darnold,SEA,SF,QB,SF@SEA,anytime_td,0.0579,1627,0.0596,0.0,B,-,team att 31.2; ypa 7.13; opp d_ypa 0.90; pass rate 52.9%,1.0,
Sam Darnold,SEA,SF,QB,SF@SEA,first_td,0.01148571484071484,8606,0.0596,0.0,B,-,team att 31.2; ypa 7.13; opp d_ypa 0.90; pass rate 52.9%,1.0,
Sam Darnold,SEA,SF,QB,SF@SEA,last_td,0.01148571484071484,8606,0.0596,0.0,B,-,team att 31.2; ypa 7.13; opp d_ypa 0.90; pass rate 52.9%,1.0,
Sam Darnold,SEA,SF,QB,SF@SEA,2plus_td,0.0017,58724,0.0596,0.0,B,-,team att 31.2; ypa 7.13; opp d_ypa 0.90; pass rate 52.9%,1.0,
Elijah Arroyo,SEA,SF,TE,SF@SEA,anytime_td,0.04055,2366,0.0,0.0416,C,-,w_td 0.02; team TD 2.72,1.0,
Elijah Arroyo,SEA,SF,TE,SF@SEA,first_td,0.007771756854256853,12767,0.0,0.0416,C,-,w_td 0.02; team TD 2.72,1.0,
Elijah Arroyo,SEA,SF,TE,SF@SEA,last_td,0.007771756854256853,12767,0.0,0.0416,C,-,w_td 0.02; team TD 2.72,1.0,
Elijah Arroyo,SEA,SF,TE,SF@SEA,2plus_td,0.00105,95138,0.0,0.0416,C,-,w_td 0.02; team TD 2.72,1.0,
AJ Barner,SEA,SF,TE,SF@SEA,anytime_td,0.30695,226,0.02195,0.3347,B,-,tgt_sh 13.4%; team att 31.2; opp DvP 0.92; RZ tgt 5,1.0,
AJ Barner,SEA,SF,TE,SF@SEA,first_td,0.06769949064824064,1377,0.02195,0.3347,B,-,tgt_sh 13.4%; team att 31.2; opp DvP 0.92; RZ tgt 5,1.0,
AJ Barner,SEA,SF,TE,SF@SEA,last_td,0.06769949064824064,1377,0.02195,0.3347,B,-,tgt_sh 13.4%; team att 31.2; opp DvP 0.92; RZ tgt 5,1.0,
AJ Barner,SEA,SF,TE,SF@SEA,2plus_td,0.0447,2137,0.02195,0.3347,B,-,tgt_sh 13.4%; team att 31.2; opp DvP 0.92; RZ tgt 5,1.0,
George Holani,SEA,SF,RB,SF@SEA,anytime_td,0.2619,282,0.19905,0.0991,B,-,tgt_sh 4.7%; team att 31.2; opp DvP 0.98; RZ tgt 1; car_sh 17.8%; team rush 29.1; opp d_ypc 0.94; inside-10 car 3,1.0,
George Holani,SEA,SF,RB,SF@SEA,first_td,0.056794955877455866,1661,0.19905,0.0991,B,-,tgt_sh 4.7%; team att 31.2; opp DvP 0.98; RZ tgt 1; car_sh 17.8%; team rush 29.1; opp d_ypc 0.94; inside-10 car 3,1.0,
George Holani,SEA,SF,RB,SF@SEA,last_td,0.056794955877455866,1661,0.19905,0.0991,B,-,tgt_sh 4.7%; team att 31.2; opp DvP 0.98; RZ tgt 1; car_sh 17.8%; team rush 29.1; opp d_ypc 0.94; inside-10 car 3,1.0,
George Holani,SEA,SF,RB,SF@SEA,2plus_td,0.0337,2867,0.19905,0.0991,B,-,tgt_sh 4.7%; team att 31.2; opp DvP 0.98; RZ tgt 1; car_sh 17.8%; team rush 29.1; opp d_ypc 0.94; inside-10 car 3,1.0,
Tory Horton,SEA,SF,WR,SF@SEA,anytime_td,0.1082,824,0.0,0.11315,C,-,tgt_sh 6.1%; team att 31.2; opp DvP 0.88; RZ tgt 1,1.0,
Tory Horton,SEA,SF,WR,SF@SEA,first_td,0.021340863858363854,4586,0.0,0.11315,C,-,tgt_sh 6.1%; team att 31.2; opp DvP 0.88; RZ tgt 1,1.0,
Tory Horton,SEA,SF,WR,SF@SEA,last_td,0.021340863858363854,4586,0.0,0.11315,C,-,tgt_sh 6.1%; team att 31.2; opp DvP 0.88; RZ tgt 1,1.0,
Tory Horton,SEA,SF,WR,SF@SEA,2plus_td,0.0049,20308,0.0,0.11315,C,-,tgt_sh 6.1%; team att 31.2; opp DvP 0.88; RZ tgt 1,1.0,
Cooper Kupp,SEA,SF,WR,SF@SEA,anytime_td,0.16985,489,0.0,0.18495,C,-,tgt_sh 11.6%; team att 31.2; opp DvP 0.88; RZ tgt 1,1.0,
Cooper Kupp,SEA,SF,WR,SF@SEA,first_td,0.03520046578421578,2741,0.0,0.18495,C,-,tgt_sh 11.6%; team att 31.2; opp DvP 0.88; RZ tgt 1,1.0,
Cooper Kupp,SEA,SF,WR,SF@SEA,last_td,0.03520046578421578,2741,0.0,0.18495,C,-,tgt_sh 11.6%; team att 31.2; opp DvP 0.88; RZ tgt 1,1.0,
Cooper Kupp,SEA,SF,WR,SF@SEA,2plus_td,0.0143,6893,0.0,0.18495,C,-,tgt_sh 11.6%; team att 31.2; opp DvP 0.88; RZ tgt 1,1.0,
Brady Russell,SEA,SF,RB,SF@SEA,anytime_td,0.02365,4128,0.0,0.0241,C,-,w_td 0.01; team TD 2.72,1.0,
Brady Russell,SEA,SF,RB,SF@SEA,first_td,0.004718308080808081,21094,0.0,0.0241,C,-,w_td 0.01; team TD 2.72,1.0,
Brady Russell,SEA,SF,RB,SF@SEA,last_td,0.004718308080808081,21094,0.0,0.0241,C,-,w_td 0.01; team TD 2.72,1.0,
Brady Russell,SEA,SF,RB,SF@SEA,2plus_td,0.0004,249900,0.0,0.0241,C,-,w_td 0.01; team TD 2.72,1.0,
Eric Saubert,SEA,SF,TE,SF@SEA,anytime_td,0.0778,1185,0.0,0.08105,C,-,w_td 0.04; team TD 2.72,1.0,
Eric Saubert,SEA,SF,TE,SF@SEA,first_td,0.015264630785880785,6451,0.0,0.08105,C,-,w_td 0.04; team TD 2.72,1.0,
Eric Saubert,SEA,SF,TE,SF@SEA,last_td,0.015264630785880785,6451,0.0,0.08105,C,-,w_td 0.04; team TD 2.72,1.0,
Eric Saubert,SEA,SF,TE,SF@SEA,2plus_td,0.00305,32687,0.0,0.08105,C,-,w_td 0.04; team TD 2.72,1.0,
Rashid Shaheed,SEA,SF,WR,SF@SEA,anytime_td,0.1975,406,0.01115,0.2038,B,-,tgt_sh 13.8%; team att 31.2; opp DvP 0.88; RZ tgt 0,1.0,
Rashid Shaheed,SEA,SF,WR,SF@SEA,first_td,0.041004183455433454,2339,0.01115,0.2038,B,-,tgt_sh 13.8%; team att 31.2; opp DvP 0.88; RZ tgt 0,1.0,
Rashid Shaheed,SEA,SF,WR,SF@SEA,last_td,0.041004183455433454,2339,0.01115,0.2038,B,-,tgt_sh 13.8%; team att 31.2; opp DvP 0.88; RZ tgt 0,1.0,
Rashid Shaheed,SEA,SF,WR,SF@SEA,2plus_td,0.01655,5942,0.01115,0.2038,B,-,tgt_sh 13.8%; team att 31.2; opp DvP 0.88; RZ tgt 0,1.0,
Jaxon Smith-Njigba,SEA,SF,WR,SF@SEA,anytime_td,0.5157,-106,0.0,0.70285,B,-,tgt_sh 31.2%; team att 31.2; opp DvP 0.88; RZ tgt 10,1.0,
Jaxon Smith-Njigba,SEA,SF,WR,SF@SEA,first_td,0.13239940975690975,655,0.0,0.70285,B,-,tgt_sh 31.2%; team att 31.2; opp DvP 0.88; RZ tgt 10,1.0,
Jaxon Smith-Njigba,SEA,SF,WR,SF@SEA,last_td,0.13239940975690975,655,0.0,0.70285,B,-,tgt_sh 31.2%; team att 31.2; opp DvP 0.88; RZ tgt 10,1.0,
Jaxon Smith-Njigba,SEA,SF,WR,SF@SEA,2plus_td,0.1535,551,0.0,0.70285,B,-,tgt_sh 31.2%; team att 31.2; opp DvP 0.88; RZ tgt 10,1.0,
Emanuel Wilson,SEA,SF,RB,SF@SEA,anytime_td,0.449,123,0.4865,0.0927,B,-,tgt_sh 4.3%; team att 31.2; opp DvP 0.98; RZ tgt 1; car_sh 38.5%; team rush 29.1; opp d_ypc 0.94; inside-10 car 9,1.0,
Emanuel Wilson,SEA,SF,RB,SF@SEA,first_td,0.11130290015540013,798,0.4865,0.0927,B,-,tgt_sh 4.3%; team att 31.2; opp DvP 0.98; RZ tgt 1; car_sh 38.5%; team rush 29.1; opp d_ypc 0.94; inside-10 car 9,1.0,
Emanuel Wilson,SEA,SF,RB,SF@SEA,last_td,0.11130290015540013,798,0.4865,0.0927,B,-,tgt_sh 4.3%; team att 31.2; opp DvP 0.98; RZ tgt 1; car_sh 38.5%; team rush 29.1; opp d_ypc 0.94; inside-10 car 9,1.0,
Emanuel Wilson,SEA,SF,RB,SF@SEA,2plus_td,0.1115,797,0.4865,0.0927,B,-,tgt_sh 4.3%; team att 31.2; opp DvP 0.98; RZ tgt 1; car_sh 38.5%; team rush 29.1; opp d_ypc 0.94; inside-10 car 9,1.0,
Tyler Huntley,BAL,ATL,QB,BAL@ATL,anytime_td,0.1154,767,0.12195,0.0,C,-,team att 29.3; ypa 7.79; opp d_ypa 0.92; pass rate 50.2%,1.0,
Tyler Huntley,BAL,ATL,QB,BAL@ATL,first_td,0.025277590742590745,3856,0.12195,0.0,C,-,team att 29.3; ypa 7.79; opp d_ypa 0.92; pass rate 50.2%,1.0,
Tyler Huntley,BAL,ATL,QB,BAL@ATL,last_td,0.025277590742590745,3856,0.12195,0.0,C,-,team att 29.3; ypa 7.79; opp d_ypa 0.92; pass rate 50.2%,1.0,
Tyler Huntley,BAL,ATL,QB,BAL@ATL,2plus_td,0.0064,15525,0.12195,0.0,C,-,team att 29.3; ypa 7.79; opp d_ypa 0.92; pass rate 50.2%,1.0,
Rasheen Ali,BAL,ATL,RB,BAL@ATL,anytime_td,0.02485,3924,0.01035,0.01485,C,-,w_td 0.02; team TD 2.08,1.0,
Rasheen Ali,BAL,ATL,RB,BAL@ATL,first_td,0.004928275613275614,20191,0.01035,0.01485,C,-,w_td 0.02; team TD 2.08,1.0,
Rasheen Ali,BAL,ATL,RB,BAL@ATL,last_td,0.004928275613275614,20191,0.01035,0.01485,C,-,w_td 0.02; team TD 2.08,1.0,
Rasheen Ali,BAL,ATL,RB,BAL@ATL,2plus_td,0.00035,285614,0.01035,0.01485,C,-,w_td 0.02; team TD 2.08,1.0,
Mark Andrews,BAL,ATL,TE,BAL@ATL,anytime_td,0.23407282499868262,327,0.0,0.2647942245876587,B,no game designation yet (Full),tgt_sh 18.9%; team att 29.3; opp DvP 0.92; RZ tgt 3,0.9479829842591244,
Mark Andrews,BAL,ATL,TE,BAL@ATL,first_td,0.05383927578162705,1757,0.0,0.2647942245876587,B,no game designation yet (Full),tgt_sh 18.9%; team att 29.3; opp DvP 0.92; RZ tgt 3,0.9479829842591244,
Mark Andrews,BAL,ATL,TE,BAL@ATL,last_td,0.05383927578162705,1757,0.0,0.2647942245876587,B,no game designation yet (Full),tgt_sh 18.9%; team att 29.3; opp DvP 0.92; RZ tgt 3,0.9479829842591244,
Mark Andrews,BAL,ATL,TE,BAL@ATL,2plus_td,0.028666280233967435,3388,0.0,0.2647942245876587,B,no game designation yet (Full),tgt_sh 18.9%; team att 29.3; opp DvP 0.92; RZ tgt 3,0.9479829842591244,
Rashod Bateman,BAL,ATL,WR,BAL@ATL,anytime_td,0.16363160648874936,511,0.0,0.17713239141810572,C,no game designation yet (Limited),tgt_sh 11.3%; team att 29.3; opp DvP 1.07; RZ tgt 2,0.9575230478992892,
Rashod Bateman,BAL,ATL,WR,BAL@ATL,first_td,0.03600786837443038,2677,0.0,0.17713239141810572,C,no game designation yet (Limited),tgt_sh 11.3%; team att 29.3; opp DvP 1.07; RZ tgt 2,0.9575230478992892,
Rashod Bateman,BAL,ATL,WR,BAL@ATL,last_td,0.03600786837443038,2677,0.0,0.17713239141810572,C,no game designation yet (Limited),tgt_sh 11.3%; team att 29.3; opp DvP 1.07; RZ tgt 2,0.9575230478992892,
Rashod Bateman,BAL,ATL,WR,BAL@ATL,2plus_td,0.012872841444270016,7668,0.0,0.17713239141810572,C,no game designation yet (Limited),tgt_sh 11.3%; team att 29.3; opp DvP 1.07; RZ tgt 2,0.9575230478992892,
Zay Flowers,BAL,ATL,WR,BAL@ATL,anytime_td,0.31107865637387855,221,0.00547673690799082,0.3601084915501773,B,no game designation yet (Limited),tgt_sh 24.4%; team att 29.3; opp DvP 1.07; RZ tgt 4,0.9575230478992892,
Zay Flowers,BAL,ATL,WR,BAL@ATL,first_td,0.07478594063979,1237,0.00547673690799082,0.3601084915501773,B,no game designation yet (Limited),tgt_sh 24.4%; team att 29.3; opp DvP 1.07; RZ tgt 4,0.9575230478992892,
Zay Flowers,BAL,ATL,WR,BAL@ATL,last_td,0.07478594063979,1237,0.00547673690799082,0.3601084915501773,B,no game designation yet (Limited),tgt_sh 24.4%; team att 29.3; opp DvP 1.07; RZ tgt 4,0.9575230478992892,
Zay Flowers,BAL,ATL,WR,BAL@ATL,2plus_td,0.04923847277279366,1931,0.00547673690799082,0.3601084915501773,B,no game designation yet (Limited),tgt_sh 24.4%; team att 29.3; opp DvP 1.07; RZ tgt 4,0.9575230478992892,
Derrick Henry,BAL,ATL,RB,BAL@ATL,anytime_td,0.5156,-106,0.6502,0.04885,B,-,tgt_sh 4.8%; team att 29.3; opp DvP 0.95; RZ tgt 0; car_sh 61.0%; team rush 30.8; opp d_ypc 0.85; inside-10 car 17,1.0,
Derrick Henry,BAL,ATL,RB,BAL@ATL,first_td,0.14485336205461202,590,0.6502,0.04885,B,-,tgt_sh 4.8%; team att 29.3; opp DvP 0.95; RZ tgt 0; car_sh 61.0%; team rush 30.8; opp d_ypc 0.85; inside-10 car 17,1.0,
Derrick Henry,BAL,ATL,RB,BAL@ATL,last_td,0.14485336205461202,590,0.6502,0.04885,B,-,tgt_sh 4.8%; team att 29.3; opp DvP 0.95; RZ tgt 0; car_sh 61.0%; team rush 30.8; opp d_ypc 0.85; inside-10 car 17,1.0,
Derrick Henry,BAL,ATL,RB,BAL@ATL,2plus_td,0.15035,565,0.6502,0.04885,B,-,tgt_sh 4.8%; team att 29.3; opp DvP 0.95; RZ tgt 0; car_sh 61.0%; team rush 30.8; opp d_ypc 0.85; inside-10 car 17,1.0,
Matthew Hibner,BAL,ATL,TE,BAL@ATL,anytime_td,0.05345,1771,0.0,0.0548,C,-,w_td 0.04; team TD 2.08,1.0,
Matthew Hibner,BAL,ATL,TE,BAL@ATL,first_td,0.01098552183927184,9003,0.0,0.0548,C,-,w_td 0.04; team TD 2.08,1.0,
Matthew Hibner,BAL,ATL,TE,BAL@ATL,last_td,0.01098552183927184,9003,0.0,0.0548,C,-,w_td 0.04; team TD 2.08,1.0,
Matthew Hibner,BAL,ATL,TE,BAL@ATL,2plus_td,0.00135,73974,0.0,0.0548,C,-,w_td 0.04; team TD 2.08,1.0,
Justice Hill,BAL,ATL,RB,BAL@ATL,anytime_td,0.11295,785,0.0621,0.0572,B,-,tgt_sh 5.5%; team att 29.3; opp DvP 0.95; RZ tgt 0; car_sh 9.5%; team rush 30.8; opp d_ypc 0.85; inside-10 car 0,1.0,
Justice Hill,BAL,ATL,RB,BAL@ATL,first_td,0.02421789502164502,4029,0.0621,0.0572,B,-,tgt_sh 5.5%; team att 29.3; opp DvP 0.95; RZ tgt 0; car_sh 9.5%; team rush 30.8; opp d_ypc 0.85; inside-10 car 0,1.0,
Justice Hill,BAL,ATL,RB,BAL@ATL,last_td,0.02421789502164502,4029,0.0621,0.0572,B,-,tgt_sh 5.5%; team att 29.3; opp DvP 0.95; RZ tgt 0; car_sh 9.5%; team rush 30.8; opp d_ypc 0.85; inside-10 car 0,1.0,
Justice Hill,BAL,ATL,RB,BAL@ATL,2plus_td,0.006,16567,0.0621,0.0572,B,-,tgt_sh 5.5%; team att 29.3; opp DvP 0.95; RZ tgt 0; car_sh 9.5%; team rush 30.8; opp d_ypc 0.85; inside-10 car 0,1.0,
Chris Moore,BAL,ATL,WR,BAL@ATL,anytime_td,0.09674214296919939,934,0.0,0.10176227579354703,C,no game designation yet (Limited),tgt_sh 6.8%; team att 29.3; opp DvP 1.07; RZ tgt 1,0.9575230478992892,
Chris Moore,BAL,ATL,WR,BAL@ATL,first_td,0.020671197523678828,4738,0.0,0.10176227579354703,C,no game designation yet (Limited),tgt_sh 6.8%; team att 29.3; opp DvP 1.07; RZ tgt 1,0.9575230478992892,
Chris Moore,BAL,ATL,WR,BAL@ATL,last_td,0.020671197523678828,4738,0.0,0.10176227579354703,C,no game designation yet (Limited),tgt_sh 6.8%; team att 29.3; opp DvP 1.07; RZ tgt 1,0.9575230478992892,
Chris Moore,BAL,ATL,WR,BAL@ATL,2plus_td,0.004810960623333159,20686,0.0,0.10176227579354703,C,no game designation yet (Limited),tgt_sh 6.8%; team att 29.3; opp DvP 1.07; RZ tgt 1,0.9575230478992892,
Elijah Sarratt,BAL,ATL,WR,BAL@ATL,anytime_td,0.05135,1847,0.0,0.0527,C,-,tgt_sh 4.8%; team att 29.3; opp DvP 1.07; RZ tgt 0,1.0,
Elijah Sarratt,BAL,ATL,WR,BAL@ATL,first_td,0.010597972582972582,9336,0.0,0.0527,C,-,tgt_sh 4.8%; team att 29.3; opp DvP 1.07; RZ tgt 0,1.0,
Elijah Sarratt,BAL,ATL,WR,BAL@ATL,last_td,0.010597972582972582,9336,0.0,0.0527,C,-,tgt_sh 4.8%; team att 29.3; opp DvP 1.07; RZ tgt 0,1.0,
Elijah Sarratt,BAL,ATL,WR,BAL@ATL,2plus_td,0.00135,73974,0.0,0.0527,C,-,tgt_sh 4.8%; team att 29.3; opp DvP 1.07; RZ tgt 0,1.0,
Devontez Walker,BAL,ATL,WR,BAL@ATL,anytime_td,0.0382,2518,0.0,0.0389,C,-,tgt_sh 3.7%; team att 29.3; opp DvP 1.07; RZ tgt 0,1.0,
Devontez Walker,BAL,ATL,WR,BAL@ATL,first_td,0.007928393412143414,12513,0.0,0.0389,C,-,tgt_sh 3.7%; team att 29.3; opp DvP 1.07; RZ tgt 0,1.0,
Devontez Walker,BAL,ATL,WR,BAL@ATL,last_td,0.007928393412143414,12513,0.0,0.0389,C,-,tgt_sh 3.7%; team att 29.3; opp DvP 1.07; RZ tgt 0,1.0,
Devontez Walker,BAL,ATL,WR,BAL@ATL,2plus_td,0.0006,166567,0.0,0.0389,C,-,tgt_sh 3.7%; team att 29.3; opp DvP 1.07; RZ tgt 0,1.0,
LaJohntay Wester,BAL,ATL,WR,BAL@ATL,anytime_td,0.0173,5680,0.0,0.0174,C,-,w_td 0.01; team TD 2.08,1.0,
LaJohntay Wester,BAL,ATL,WR,BAL@ATL,first_td,0.0034089935064935063,29234,0.0,0.0174,C,-,w_td 0.01; team TD 2.08,1.0,
LaJohntay Wester,BAL,ATL,WR,BAL@ATL,last_td,0.0034089935064935063,29234,0.0,0.0174,C,-,w_td 0.01; team TD 2.08,1.0,
LaJohntay Wester,BAL,ATL,WR,BAL@ATL,2plus_td,0.0001,999900,0.0,0.0174,C,-,w_td 0.01; team TD 2.08,1.0,
Michael Penix Jr.,ATL,BAL,QB,BAL@ATL,anytime_td,0.0639,1465,0.06585,0.0,C,-,team att 26.8; ypa 7.25; opp d_ypa 0.97; pass rate 46.4%,1.0,
Michael Penix Jr.,ATL,BAL,QB,BAL@ATL,first_td,0.014006453823953822,7040,0.06585,0.0,C,-,team att 26.8; ypa 7.25; opp d_ypa 0.97; pass rate 46.4%,1.0,
Michael Penix Jr.,ATL,BAL,QB,BAL@ATL,last_td,0.014006453823953822,7040,0.06585,0.0,C,-,team att 26.8; ypa 7.25; opp d_ypa 0.97; pass rate 46.4%,1.0,
Michael Penix Jr.,ATL,BAL,QB,BAL@ATL,2plus_td,0.00195,51182,0.06585,0.0,C,-,team att 26.8; ypa 7.25; opp d_ypa 0.97; pass rate 46.4%,1.0,
Chris Blair,ATL,BAL,WR,BAL@ATL,anytime_td,0.02,4900,0.0,0.0201,C,-,w_td 0.02; team TD 2.51,1.0,
Chris Blair,ATL,BAL,WR,BAL@ATL,first_td,0.004214626623376624,23627,0.0,0.0201,C,-,w_td 0.02; team TD 2.51,1.0,
Chris Blair,ATL,BAL,WR,BAL@ATL,last_td,0.004214626623376624,23627,0.0,0.0201,C,-,w_td 0.02; team TD 2.51,1.0,
Chris Blair,ATL,BAL,WR,BAL@ATL,2plus_td,0.0001,999900,0.0,0.0201,C,-,w_td 0.02; team TD 2.51,1.0,
Zachariah Branch,ATL,BAL,WR,BAL@ATL,anytime_td,0.0459,2079,0.0,0.0468,C,-,w_td 0.04; team TD 2.51,1.0,
Zachariah Branch,ATL,BAL,WR,BAL@ATL,first_td,0.009614628427128426,10301,0.0,0.0468,C,-,w_td 0.04; team TD 2.51,1.0,
Zachariah Branch,ATL,BAL,WR,BAL@ATL,last_td,0.009614628427128426,10301,0.0,0.0468,C,-,w_td 0.04; team TD 2.51,1.0,
Zachariah Branch,ATL,BAL,WR,BAL@ATL,2plus_td,0.0009,111011,0.0,0.0468,C,-,w_td 0.04; team TD 2.51,1.0,
Jahan Dotson,ATL,BAL,WR,BAL@ATL,anytime_td,0.10535,849,0.0,0.11075,C,-,tgt_sh 11.9%; team att 26.8; opp DvP 1.08; RZ tgt 0,1.0,
Jahan Dotson,ATL,BAL,WR,BAL@ATL,first_td,0.02278256313131313,4289,0.0,0.11075,C,-,tgt_sh 11.9%; team att 26.8; opp DvP 1.08; RZ tgt 0,1.0,
Jahan Dotson,ATL,BAL,WR,BAL@ATL,last_td,0.02278256313131313,4289,0.0,0.11075,C,-,tgt_sh 11.9%; team att 26.8; opp DvP 1.08; RZ tgt 0,1.0,
Jahan Dotson,ATL,BAL,WR,BAL@ATL,2plus_td,0.00525,18948,0.0,0.11075,C,-,tgt_sh 11.9%; team att 26.8; opp DvP 1.08; RZ tgt 0,1.0,
Austin Hooper,ATL,BAL,TE,BAL@ATL,anytime_td,0.08535,1072,0.0,0.0888,C,-,tgt_sh 5.9%; team att 26.8; opp DvP 1.06; RZ tgt 1,1.0,
Austin Hooper,ATL,BAL,TE,BAL@ATL,first_td,0.018519414335664335,5300,0.0,0.0888,C,-,tgt_sh 5.9%; team att 26.8; opp DvP 1.06; RZ tgt 1,1.0,
Austin Hooper,ATL,BAL,TE,BAL@ATL,last_td,0.018519414335664335,5300,0.0,0.0888,C,-,tgt_sh 5.9%; team att 26.8; opp DvP 1.06; RZ tgt 1,1.0,
Austin Hooper,ATL,BAL,TE,BAL@ATL,2plus_td,0.0033,30203,0.0,0.0888,C,-,tgt_sh 5.9%; team att 26.8; opp DvP 1.06; RZ tgt 1,1.0,
Drake London,ATL,BAL,WR,BAL@ATL,anytime_td,0.23505,325,0.0123,0.2524,B,-,tgt_sh 26.6%; team att 26.8; opp DvP 1.08; RZ tgt 0,1.0,
Drake London,ATL,BAL,WR,BAL@ATL,first_td,0.05431783480408481,1741,0.0123,0.2524,B,-,tgt_sh 26.6%; team att 26.8; opp DvP 1.08; RZ tgt 0,1.0,
Drake London,ATL,BAL,WR,BAL@ATL,last_td,0.05431783480408481,1741,0.0123,0.2524,B,-,tgt_sh 26.6%; team att 26.8; opp DvP 1.08; RZ tgt 0,1.0,
Drake London,ATL,BAL,WR,BAL@ATL,2plus_td,0.02765,3517,0.0123,0.2524,B,-,tgt_sh 26.6%; team att 26.8; opp DvP 1.08; RZ tgt 0,1.0,
Kyle Pitts,ATL,BAL,TE,BAL@ATL,anytime_td,0.13035,667,0.0,0.1383,C,-,tgt_sh 14.9%; team att 26.8; opp DvP 1.06; RZ tgt 0,1.0,
Kyle Pitts,ATL,BAL,TE,BAL@ATL,first_td,0.0283818247030747,3423,0.0,0.1383,C,-,tgt_sh 14.9%; team att 26.8; opp DvP 1.06; RZ tgt 0,1.0,
Kyle Pitts,ATL,BAL,TE,BAL@ATL,last_td,0.0283818247030747,3423,0.0,0.1383,C,-,tgt_sh 14.9%; team att 26.8; opp DvP 1.06; RZ tgt 0,1.0,
Kyle Pitts,ATL,BAL,TE,BAL@ATL,2plus_td,0.00765,12972,0.0,0.1383,C,-,tgt_sh 14.9%; team att 26.8; opp DvP 1.06; RZ tgt 0,1.0,
Bijan Robinson,ATL,BAL,RB,BAL@ATL,anytime_td,0.6616,-196,0.8181,0.202,B,-,tgt_sh 18.9%; team att 26.8; opp DvP 0.92; RZ tgt 1; car_sh 52.4%; team rush 33.0; opp d_ypc 0.96; inside-10 car 8,1.0,
Bijan Robinson,ATL,BAL,RB,BAL@ATL,first_td,0.21265050727050724,370,0.8181,0.202,B,-,tgt_sh 18.9%; team att 26.8; opp DvP 0.92; RZ tgt 1; car_sh 52.4%; team rush 33.0; opp d_ypc 0.96; inside-10 car 8,1.0,
Bijan Robinson,ATL,BAL,RB,BAL@ATL,last_td,0.21265050727050724,370,0.8181,0.202,B,-,tgt_sh 18.9%; team att 26.8; opp DvP 0.92; RZ tgt 1; car_sh 52.4%; team rush 33.0; opp d_ypc 0.96; inside-10 car 8,1.0,
Bijan Robinson,ATL,BAL,RB,BAL@ATL,2plus_td,0.2715,268,0.8181,0.202,B,-,tgt_sh 18.9%; team att 26.8; opp DvP 0.92; RZ tgt 1; car_sh 52.4%; team rush 33.0; opp d_ypc 0.96; inside-10 car 8,1.0,
Brian Robinson,ATL,BAL,RB,BAL@ATL,anytime_td,0.3502,186,0.3738,0.0515,B,-,car_sh 25.1%; team rush 33.0; opp d_ypc 0.96; inside-10 car 3,1.0,
Brian Robinson,ATL,BAL,RB,BAL@ATL,first_td,0.08859072191697191,1029,0.3738,0.0515,B,-,car_sh 25.1%; team rush 33.0; opp d_ypc 0.96; inside-10 car 3,1.0,
Brian Robinson,ATL,BAL,RB,BAL@ATL,last_td,0.08859072191697191,1029,0.3738,0.0515,B,-,car_sh 25.1%; team rush 33.0; opp d_ypc 0.96; inside-10 car 3,1.0,
Brian Robinson,ATL,BAL,RB,BAL@ATL,2plus_td,0.0662,1411,0.3738,0.0515,B,-,car_sh 25.1%; team rush 33.0; opp d_ypc 0.96; inside-10 car 3,1.0,
Charlie Woerner,ATL,BAL,TE,BAL@ATL,anytime_td,0.0488,1949,0.0,0.05045,C,-,w_td 0.05; team TD 2.51,1.0,
Charlie Woerner,ATL,BAL,TE,BAL@ATL,first_td,0.010471534992784992,9450,0.0,0.05045,C,-,w_td 0.05; team TD 2.51,1.0,
Charlie Woerner,ATL,BAL,TE,BAL@ATL,last_td,0.010471534992784992,9450,0.0,0.05045,C,-,w_td 0.05; team TD 2.51,1.0,
Charlie Woerner,ATL,BAL,TE,BAL@ATL,2plus_td,0.0016,62400,0.0,0.05045,C,-,w_td 0.05; team TD 2.51,1.0,
Olamide Zaccheaus,ATL,BAL,WR,BAL@ATL,anytime_td,0.1128,787,0.0,0.11905,C,-,tgt_sh 9.0%; team att 26.8; opp DvP 1.08; RZ tgt 1,1.0,
Olamide Zaccheaus,ATL,BAL,WR,BAL@ATL,first_td,0.024537647907647907,3975,0.0,0.11905,C,-,tgt_sh 9.0%; team att 26.8; opp DvP 1.08; RZ tgt 1,1.0,
Olamide Zaccheaus,ATL,BAL,WR,BAL@ATL,last_td,0.024537647907647907,3975,0.0,0.11905,C,-,tgt_sh 9.0%; team att 26.8; opp DvP 1.08; RZ tgt 1,1.0,
Olamide Zaccheaus,ATL,BAL,WR,BAL@ATL,2plus_td,0.0062,16029,0.0,0.11905,C,-,tgt_sh 9.0%; team att 26.8; opp DvP 1.08; RZ tgt 1,1.0,
Josh Allen,BUF,LA,QB,BUF@LA,anytime_td,0.29165,243,0.3395,0.0,B,-,team att 31.4; ypa 6.72; opp d_ypa 0.83; pass rate 55.3%,1.0,
Josh Allen,BUF,LA,QB,BUF@LA,first_td,0.05286333097458097,1792,0.3395,0.0,B,-,team att 31.4; ypa 6.72; opp d_ypa 0.83; pass rate 55.3%,1.0,
Josh Allen,BUF,LA,QB,BUF@LA,last_td,0.05286333097458097,1792,0.3395,0.0,B,-,team att 31.4; ypa 6.72; opp d_ypa 0.83; pass rate 55.3%,1.0,
Josh Allen,BUF,LA,QB,BUF@LA,2plus_td,0.0433,2209,0.3395,0.0,B,-,team att 31.4; ypa 6.72; opp d_ypa 0.83; pass rate 55.3%,1.0,
Keon Coleman,BUF,LA,WR,BUF@LA,anytime_td,0.1836,445,0.0,0.2015,C,-,tgt_sh 13.0%; team att 31.4; opp DvP 1.09; RZ tgt 2,1.0,
Keon Coleman,BUF,LA,WR,BUF@LA,first_td,0.03078790126540127,3148,0.0,0.2015,C,-,tgt_sh 13.0%; team att 31.4; opp DvP 1.09; RZ tgt 2,1.0,
Keon Coleman,BUF,LA,WR,BUF@LA,last_td,0.03078790126540127,3148,0.0,0.2015,C,-,tgt_sh 13.0%; team att 31.4; opp DvP 1.09; RZ tgt 2,1.0,
Keon Coleman,BUF,LA,WR,BUF@LA,2plus_td,0.0171,5748,0.0,0.2015,C,-,tgt_sh 13.0%; team att 31.4; opp DvP 1.09; RZ tgt 2,1.0,
James Cook,BUF,LA,RB,BUF@LA,anytime_td,0.6209,-164,0.7871,0.13385,B,-,tgt_sh 7.4%; team att 31.4; opp DvP 1.09; RZ tgt 2; car_sh 57.5%; team rush 27.1; opp d_ypc 0.97; inside-10 car 8,1.0,
James Cook,BUF,LA,RB,BUF@LA,first_td,0.14232394938394938,603,0.7871,0.13385,B,-,tgt_sh 7.4%; team att 31.4; opp DvP 1.09; RZ tgt 2; car_sh 57.5%; team rush 27.1; opp d_ypc 0.97; inside-10 car 8,1.0,
James Cook,BUF,LA,RB,BUF@LA,last_td,0.14232394938394938,603,0.7871,0.13385,B,-,tgt_sh 7.4%; team att 31.4; opp DvP 1.09; RZ tgt 2; car_sh 57.5%; team rush 27.1; opp d_ypc 0.97; inside-10 car 8,1.0,
James Cook,BUF,LA,RB,BUF@LA,2plus_td,0.23225,331,0.7871,0.13385,B,-,tgt_sh 7.4%; team att 31.4; opp DvP 1.09; RZ tgt 2; car_sh 57.5%; team rush 27.1; opp d_ypc 0.97; inside-10 car 8,1.0,
Ray Davis,BUF,LA,RB,BUF@LA,anytime_td,0.0641,1460,0.0498,0.016,C,-,w_td 0.05; team TD 2.86,1.0,
Ray Davis,BUF,LA,RB,BUF@LA,first_td,0.010280453851703852,9627,0.0498,0.016,C,-,w_td 0.05; team TD 2.86,1.0,
Ray Davis,BUF,LA,RB,BUF@LA,last_td,0.010280453851703852,9627,0.0498,0.016,C,-,w_td 0.05; team TD 2.86,1.0,
Ray Davis,BUF,LA,RB,BUF@LA,2plus_td,0.0017,58724,0.0498,0.016,C,-,w_td 0.05; team TD 2.86,1.0,
Greg Dortch,BUF,LA,WR,BUF@LA,anytime_td,0.02205,4435,0.0,0.02245,C,-,w_td 0.02; team TD 2.86,1.0,
Greg Dortch,BUF,LA,WR,BUF@LA,first_td,0.003333122849372849,29902,0.0,0.02245,C,-,w_td 0.02; team TD 2.86,1.0,
Greg Dortch,BUF,LA,WR,BUF@LA,last_td,0.003333122849372849,29902,0.0,0.02245,C,-,w_td 0.02; team TD 2.86,1.0,
Greg Dortch,BUF,LA,WR,BUF@LA,2plus_td,0.0004,249900,0.0,0.02245,C,-,w_td 0.02; team TD 2.86,1.0,
Frank Gore Jr.,BUF,LA,RB,BUF@LA,anytime_td,0.0429,2231,0.03815,0.00545,C,-,w_td 0.03; team TD 2.86,1.0,
Frank Gore Jr.,BUF,LA,RB,BUF@LA,first_td,0.0067472317959817955,14721,0.03815,0.00545,C,-,w_td 0.03; team TD 2.86,1.0,
Frank Gore Jr.,BUF,LA,RB,BUF@LA,last_td,0.0067472317959817955,14721,0.03815,0.00545,C,-,w_td 0.03; team TD 2.86,1.0,
Frank Gore Jr.,BUF,LA,RB,BUF@LA,2plus_td,0.0007,142757,0.03815,0.00545,C,-,w_td 0.03; team TD 2.86,1.0,
Jackson Hawes,BUF,LA,TE,BUF@LA,anytime_td,0.02095,4673,0.0,0.0212,C,-,w_td 0.02; team TD 2.86,1.0,
Jackson Hawes,BUF,LA,TE,BUF@LA,first_td,0.0031536062548562552,31610,0.0,0.0212,C,-,w_td 0.02; team TD 2.86,1.0,
Jackson Hawes,BUF,LA,TE,BUF@LA,last_td,0.0031536062548562552,31610,0.0,0.0212,C,-,w_td 0.02; team TD 2.86,1.0,
Jackson Hawes,BUF,LA,TE,BUF@LA,2plus_td,0.00025,399900,0.0,0.0212,C,-,w_td 0.02; team TD 2.86,1.0,
Ty Johnson,BUF,LA,RB,BUF@LA,anytime_td,0.19725,407,0.09685,0.11875,C,-,tgt_sh 7.9%; team att 31.4; opp DvP 1.09; RZ tgt 1; car_sh 9.5%; team rush 27.1; opp d_ypc 0.97; inside-10 car 0,1.0,
Ty Johnson,BUF,LA,RB,BUF@LA,first_td,0.03333472874347874,2900,0.09685,0.11875,C,-,tgt_sh 7.9%; team att 31.4; opp DvP 1.09; RZ tgt 1; car_sh 9.5%; team rush 27.1; opp d_ypc 0.97; inside-10 car 0,1.0,
Ty Johnson,BUF,LA,RB,BUF@LA,last_td,0.03333472874347874,2900,0.09685,0.11875,C,-,tgt_sh 7.9%; team att 31.4; opp DvP 1.09; RZ tgt 1; car_sh 9.5%; team rush 27.1; opp d_ypc 0.97; inside-10 car 0,1.0,
Ty Johnson,BUF,LA,RB,BUF@LA,2plus_td,0.0172,5714,0.09685,0.11875,C,-,tgt_sh 7.9%; team att 31.4; opp DvP 1.09; RZ tgt 1; car_sh 9.5%; team rush 27.1; opp d_ypc 0.97; inside-10 car 0,1.0,
Dalton Kincaid,BUF,LA,TE,BUF@LA,anytime_td,0.17865,460,0.0,0.19545,B,-,tgt_sh 16.2%; team att 31.4; opp DvP 0.94; RZ tgt 1,1.0,
Dalton Kincaid,BUF,LA,TE,BUF@LA,first_td,0.029790206182706187,3257,0.0,0.19545,B,-,tgt_sh 16.2%; team att 31.4; opp DvP 0.94; RZ tgt 1,1.0,
Dalton Kincaid,BUF,LA,TE,BUF@LA,last_td,0.029790206182706187,3257,0.0,0.19545,B,-,tgt_sh 16.2%; team att 31.4; opp DvP 0.94; RZ tgt 1,1.0,
Dalton Kincaid,BUF,LA,TE,BUF@LA,2plus_td,0.01625,6054,0.0,0.19545,B,-,tgt_sh 16.2%; team att 31.4; opp DvP 0.94; RZ tgt 1,1.0,
Dawson Knox,BUF,LA,TE,BUF@LA,anytime_td,0.11055,805,0.0076,0.1082,C,-,tgt_sh 5.8%; team att 31.4; opp DvP 0.94; RZ tgt 2,1.0,
Dawson Knox,BUF,LA,TE,BUF@LA,first_td,0.0176155772005772,5577,0.0076,0.1082,C,-,tgt_sh 5.8%; team att 31.4; opp DvP 0.94; RZ tgt 2,1.0,
Dawson Knox,BUF,LA,TE,BUF@LA,last_td,0.0176155772005772,5577,0.0076,0.1082,C,-,tgt_sh 5.8%; team att 31.4; opp DvP 0.94; RZ tgt 2,1.0,
Dawson Knox,BUF,LA,TE,BUF@LA,2plus_td,0.0051,19508,0.0076,0.1082,C,-,tgt_sh 5.8%; team att 31.4; opp DvP 0.94; RZ tgt 2,1.0,
DJ Moore,BUF,LA,WR,BUF@LA,anytime_td,0.23925,318,0.0122,0.2559,B,-,tgt_sh 16.0%; team att 31.4; opp DvP 1.09; RZ tgt 3,1.0,
DJ Moore,BUF,LA,WR,BUF@LA,first_td,0.04140608904983904,2315,0.0122,0.2559,B,-,tgt_sh 16.0%; team att 31.4; opp DvP 1.09; RZ tgt 3,1.0,
DJ Moore,BUF,LA,WR,BUF@LA,last_td,0.04140608904983904,2315,0.0122,0.2559,B,-,tgt_sh 16.0%; team att 31.4; opp DvP 1.09; RZ tgt 3,1.0,
DJ Moore,BUF,LA,WR,BUF@LA,2plus_td,0.02665,3652,0.0122,0.2559,B,-,tgt_sh 16.0%; team att 31.4; opp DvP 1.09; RZ tgt 3,1.0,
Josh Palmer,BUF,LA,WR,BUF@LA,anytime_td,0.08195,1120,0.0,0.0859,C,-,tgt_sh 7.5%; team att 31.4; opp DvP 1.09; RZ tgt 0,1.0,
Josh Palmer,BUF,LA,WR,BUF@LA,first_td,0.013296312853812857,7421,0.0,0.0859,C,-,tgt_sh 7.5%; team att 31.4; opp DvP 1.09; RZ tgt 0,1.0,
Josh Palmer,BUF,LA,WR,BUF@LA,last_td,0.013296312853812857,7421,0.0,0.0859,C,-,tgt_sh 7.5%; team att 31.4; opp DvP 1.09; RZ tgt 0,1.0,
Josh Palmer,BUF,LA,WR,BUF@LA,2plus_td,0.00375,26567,0.0,0.0859,C,-,tgt_sh 7.5%; team att 31.4; opp DvP 1.09; RZ tgt 0,1.0,
Khalil Shakir,BUF,LA,WR,BUF@LA,anytime_td,0.297,237,0.0,0.34745,B,-,tgt_sh 19.0%; team att 31.4; opp DvP 1.09; RZ tgt 5,1.0,
Khalil Shakir,BUF,LA,WR,BUF@LA,first_td,0.05327622821622822,1777,0.0,0.34745,B,-,tgt_sh 19.0%; team att 31.4; opp DvP 1.09; RZ tgt 5,1.0,
Khalil Shakir,BUF,LA,WR,BUF@LA,last_td,0.05327622821622822,1777,0.0,0.34745,B,-,tgt_sh 19.0%; team att 31.4; opp DvP 1.09; RZ tgt 5,1.0,
Khalil Shakir,BUF,LA,WR,BUF@LA,2plus_td,0.0464,2055,0.0,0.34745,B,-,tgt_sh 19.0%; team att 31.4; opp DvP 1.09; RZ tgt 5,1.0,
Matthew Stafford,LA,BUF,QB,BUF@LA,anytime_td,0.0898,1014,0.09355,0.0,B,-,team att 37.3; ypa 7.39; opp d_ypa 1.03; pass rate 60.0%,1.0,
Matthew Stafford,LA,BUF,QB,BUF@LA,first_td,0.014594770091020089,6752,0.09355,0.0,B,-,team att 37.3; ypa 7.39; opp d_ypa 1.03; pass rate 60.0%,1.0,
Matthew Stafford,LA,BUF,QB,BUF@LA,last_td,0.014594770091020089,6752,0.09355,0.0,B,-,team att 37.3; ypa 7.39; opp d_ypa 1.03; pass rate 60.0%,1.0,
Matthew Stafford,LA,BUF,QB,BUF@LA,2plus_td,0.0037,26927,0.09355,0.0,B,-,team att 37.3; ypa 7.39; opp d_ypa 1.03; pass rate 60.0%,1.0,
Davante Adams,LA,BUF,WR,BUF@LA,anytime_td,0.4399,127,0.0,0.5628,B,-,tgt_sh 19.9%; team att 37.3; opp DvP 0.97; RZ tgt 4,1.0,
Davante Adams,LA,BUF,WR,BUF@LA,first_td,0.08700940143190143,1049,0.0,0.5628,B,-,tgt_sh 19.9%; team att 37.3; opp DvP 0.97; RZ tgt 4,1.0,
Davante Adams,LA,BUF,WR,BUF@LA,last_td,0.08700940143190143,1049,0.0,0.5628,B,-,tgt_sh 19.9%; team att 37.3; opp DvP 0.97; RZ tgt 4,1.0,
Davante Adams,LA,BUF,WR,BUF@LA,2plus_td,0.10545,848,0.0,0.5628,B,-,tgt_sh 19.9%; team att 37.3; opp DvP 0.97; RZ tgt 4,1.0,
Davis Allen,LA,BUF,TE,BUF@LA,anytime_td,0.06105,1538,0.0,0.06295,C,-,tgt_sh 3.6%; team att 37.3; opp DvP 0.82; RZ tgt 0,1.0,
Davis Allen,LA,BUF,TE,BUF@LA,first_td,0.009704144882894884,10205,0.0,0.06295,C,-,tgt_sh 3.6%; team att 37.3; opp DvP 0.82; RZ tgt 0,1.0,
Davis Allen,LA,BUF,TE,BUF@LA,last_td,0.009704144882894884,10205,0.0,0.06295,C,-,tgt_sh 3.6%; team att 37.3; opp DvP 0.82; RZ tgt 0,1.0,
Davis Allen,LA,BUF,TE,BUF@LA,2plus_td,0.0019,52532,0.0,0.06295,C,-,tgt_sh 3.6%; team att 37.3; opp DvP 0.82; RZ tgt 0,1.0,
Tutu Atwell,LA,BUF,WR,BUF@LA,anytime_td,0.0626,1497,0.0,0.06465,C,-,tgt_sh 3.2%; team att 37.3; opp DvP 0.97; RZ tgt 0,1.0,
Tutu Atwell,LA,BUF,WR,BUF@LA,first_td,0.009949114219114218,9951,0.0,0.06465,C,-,tgt_sh 3.2%; team att 37.3; opp DvP 0.97; RZ tgt 0,1.0,
Tutu Atwell,LA,BUF,WR,BUF@LA,last_td,0.009949114219114218,9951,0.0,0.06465,C,-,tgt_sh 3.2%; team att 37.3; opp DvP 0.97; RZ tgt 0,1.0,
Tutu Atwell,LA,BUF,WR,BUF@LA,2plus_td,0.002,49900,0.0,0.06465,C,-,tgt_sh 3.2%; team att 37.3; opp DvP 0.97; RZ tgt 0,1.0,
Blake Corum,LA,BUF,RB,BUF@LA,anytime_td,0.30805,225,0.26885,0.0903,B,-,car_sh 26.6%; team rush 26.1; opp d_ypc 0.98; inside-10 car 0,1.0,
Blake Corum,LA,BUF,RB,BUF@LA,first_td,0.05607534937284937,1683,0.26885,0.0903,B,-,car_sh 26.6%; team rush 26.1; opp d_ypc 0.98; inside-10 car 0,1.0,
Blake Corum,LA,BUF,RB,BUF@LA,last_td,0.05607534937284937,1683,0.26885,0.0903,B,-,car_sh 26.6%; team rush 26.1; opp d_ypc 0.98; inside-10 car 0,1.0,
Blake Corum,LA,BUF,RB,BUF@LA,2plus_td,0.0461,2069,0.26885,0.0903,B,-,car_sh 26.6%; team rush 26.1; opp d_ypc 0.98; inside-10 car 0,1.0,
Tyler Higbee,LA,BUF,TE,BUF@LA,anytime_td,0.21975,355,0.0,0.24755,B,-,tgt_sh 9.3%; team att 37.3; opp DvP 0.82; RZ tgt 2,1.0,
Tyler Higbee,LA,BUF,TE,BUF@LA,first_td,0.03775259282384283,2549,0.0,0.24755,B,-,tgt_sh 9.3%; team att 37.3; opp DvP 0.82; RZ tgt 2,1.0,
Tyler Higbee,LA,BUF,TE,BUF@LA,last_td,0.03775259282384283,2549,0.0,0.24755,B,-,tgt_sh 9.3%; team att 37.3; opp DvP 0.82; RZ tgt 2,1.0,
Tyler Higbee,LA,BUF,TE,BUF@LA,2plus_td,0.02545,3829,0.0,0.24755,B,-,tgt_sh 9.3%; team att 37.3; opp DvP 0.82; RZ tgt 2,1.0,
Konata Mumpfield,LA,BUF,WR,BUF@LA,anytime_td,0.12765,683,0.0,0.13505,C,-,tgt_sh 4.9%; team att 37.3; opp DvP 0.97; RZ tgt 1,1.0,
Konata Mumpfield,LA,BUF,WR,BUF@LA,first_td,0.020564985014985014,4763,0.0,0.13505,C,-,tgt_sh 4.9%; team att 37.3; opp DvP 0.97; RZ tgt 1,1.0,
Konata Mumpfield,LA,BUF,WR,BUF@LA,last_td,0.020564985014985014,4763,0.0,0.13505,C,-,tgt_sh 4.9%; team att 37.3; opp DvP 0.97; RZ tgt 1,1.0,
Konata Mumpfield,LA,BUF,WR,BUF@LA,2plus_td,0.00715,13886,0.0,0.13505,C,-,tgt_sh 4.9%; team att 37.3; opp DvP 0.97; RZ tgt 1,1.0,
Puka Nacua,LA,BUF,WR,BUF@LA,anytime_td,0.41295,142,0.0429,0.4803,B,-,tgt_sh 23.5%; team att 37.3; opp DvP 0.97; RZ tgt 1,1.0,
Puka Nacua,LA,BUF,WR,BUF@LA,first_td,0.08133797175047175,1129,0.0429,0.4803,B,-,tgt_sh 23.5%; team att 37.3; opp DvP 0.97; RZ tgt 1,1.0,
Puka Nacua,LA,BUF,WR,BUF@LA,last_td,0.08133797175047175,1129,0.0429,0.4803,B,-,tgt_sh 23.5%; team att 37.3; opp DvP 0.97; RZ tgt 1,1.0,
Puka Nacua,LA,BUF,WR,BUF@LA,2plus_td,0.096,942,0.0429,0.4803,B,-,tgt_sh 23.5%; team att 37.3; opp DvP 0.97; RZ tgt 1,1.0,
Colby Parkinson,LA,BUF,TE,BUF@LA,anytime_td,0.17085,485,0.0,0.1853,C,-,tgt_sh 5.7%; team att 37.3; opp DvP 0.82; RZ tgt 2,1.0,
Colby Parkinson,LA,BUF,TE,BUF@LA,first_td,0.028529703907203906,3405,0.0,0.1853,C,-,tgt_sh 5.7%; team att 37.3; opp DvP 0.82; RZ tgt 2,1.0,
Colby Parkinson,LA,BUF,TE,BUF@LA,last_td,0.028529703907203906,3405,0.0,0.1853,C,-,tgt_sh 5.7%; team att 37.3; opp DvP 0.82; RZ tgt 2,1.0,
Colby Parkinson,LA,BUF,TE,BUF@LA,2plus_td,0.0136,7253,0.0,0.1853,C,-,tgt_sh 5.7%; team att 37.3; opp DvP 0.82; RZ tgt 2,1.0,
Jordan Whittington,LA,BUF,WR,BUF@LA,anytime_td,0.05245,1807,0.0,0.05355,C,-,w_td 0.02; team TD 3.37,1.0,
Jordan Whittington,LA,BUF,WR,BUF@LA,first_td,0.008262621822621823,12003,0.0,0.05355,C,-,w_td 0.02; team TD 3.37,1.0,
Jordan Whittington,LA,BUF,WR,BUF@LA,last_td,0.008262621822621823,12003,0.0,0.05355,C,-,w_td 0.02; team TD 3.37,1.0,
Jordan Whittington,LA,BUF,WR,BUF@LA,2plus_td,0.0011,90809,0.0,0.05355,C,-,w_td 0.02; team TD 3.37,1.0,
Kyren Williams,LA,BUF,RB,BUF@LA,anytime_td,0.6503,-186,0.7221,0.2732,B,-,tgt_sh 10.0%; team att 37.3; opp DvP 0.89; RZ tgt 2; car_sh 47.9%; team rush 26.1; opp d_ypc 0.98; inside-10 car 7,1.0,
Kyren Williams,LA,BUF,RB,BUF@LA,first_td,0.15655198717948718,539,0.7221,0.2732,B,-,tgt_sh 10.0%; team att 37.3; opp DvP 0.89; RZ tgt 2; car_sh 47.9%; team rush 26.1; opp d_ypc 0.98; inside-10 car 7,1.0,
Kyren Williams,LA,BUF,RB,BUF@LA,last_td,0.15655198717948718,539,0.7221,0.2732,B,-,tgt_sh 10.0%; team att 37.3; opp DvP 0.89; RZ tgt 2; car_sh 47.9%; team rush 26.1; opp d_ypc 0.98; inside-10 car 7,1.0,
Kyren Williams,LA,BUF,RB,BUF@LA,2plus_td,0.26345,280,0.7221,0.2732,B,-,tgt_sh 10.0%; team att 37.3; opp DvP 0.89; RZ tgt 2; car_sh 47.9%; team rush 26.1; opp d_ypc 0.98; inside-10 car 7,1.0,
