player,pos,team,opp,game,played,p_active,status,proxy,pass_cmp_mean,pass_cmp_p25,pass_cmp_p75,pass_cmp_conf,pass_yds_mean,pass_yds_p25,pass_yds_p75,pass_yds_conf,pass_td_mean,pass_td_p25,pass_td_p75,pass_td_conf,rush_td_mean,any_td_pct,exp_td,td_conf,rush_yds_mean,rush_yds_p25,rush_yds_p75,rush_yds_conf,rec_yds_mean,rec_yds_p25,rec_yds_p75,rec_yds_conf,rec_mean,rec_p25,rec_p75,rec_conf,rec_td_mean,rush_att_mean,tgt_mean,car_sh,tgt_sh,any_td_pct_wt
Aaron Rodgers,QB,PIT,CLE,PIT@CLE,True,1.0,,False,20.2995,17.0,23.0,91.0,236.47806693639663,179.9999186262697,282.05618057228276,87.0,1.7139,1.0,2.0,82.0,0.01905,0.01895,0.01905,62,,,,,,,,,,,,,,,,,,0.01895
Germie Bernard,WR,PIT,CLE,PIT@CLE,True,1.0,,False,,,,,,,,,,,,,0.0,0.1253,0.1338,30,0.0,0.0,0.0,78.0,13.837599661622004,0.0,21.291711809186232,31.0,1.1338,0.0,2.0,25.0,0.1338,0.0,1.9725,0.002783512338617426,0.04920819490473396,0.1253
Pat Freiermuth,TE,PIT,CLE,PIT@CLE,True,1.0,,False,,,,,,,,,,,,,0.0049,0.2468,0.28035,50,1.5451681177834888,0.0,0.0,90.0,34.57477803431327,14.844219227658288,48.56561738246881,61.0,3.2297,2.0,4.0,72.0,0.27545,0.3569,5.11435,0.010851664044754891,0.13203059049486404,0.2468
Eli Heidenreich,RB,PIT,CLE,PIT@CLE,True,1.0,,False,,,,,,,,,,,,,0.00345,0.0145,0.0146,1,1.1772982054683803,0.0,0.0,60.0,1.7088220859579895,0.0,0.0,60.0,0.21895,0.0,0.0,60.0,0.01115,0.2637,0.31965,0.008088545411842035,0.007667384255273657,0.0145
Travis Homer,RB,PIT,CLE,PIT@CLE,True,1.0,,False,,,,,,,,,,,,,0.0472,0.0547,0.05615,20,10.058198219273642,1.4825762052097402,13.736478648735305,27.0,1.1919934727079464,0.0,0.0,63.0,0.1543,0.0,0.0,63.0,0.00895,2.3924,0.22415,0.07057112458935205,0.00536894383615806,0.0547
DK Metcalf,WR,PIT,CLE,PIT@CLE,True,1.0,,False,,,,,,,,,,,,,0.0,0.296,0.34535,50,0.0,0.0,0.0,97.0,66.72572348746891,36.15720735582806,89.7092990504983,76.0,4.8223,3.0,6.0,81.0,0.34535,0.0,8.9483,0.002783512338617426,0.22236427917111726,0.296
Lew Nichols III,RB,PIT,CLE,PIT@CLE,True,1.0,,False,,,,,,,,,,,,,0.0258,0.03445,0.03495,6,2.888260137187872,0.0,3.126215401639601,28.0,1.20202521966652,0.0,0.0,61.0,0.15575,0.0,0.0,61.0,0.00915,0.6784,0.22945,0.02026106233988231,0.005489665650225519,0.03445
Riley Nowakowski,RB,PIT,CLE,PIT@CLE,True,1.0,,False,,,,,,,,,,,,,0.0,0.0049,0.0049,1,0.0,0.0,0.0,60.0,0.6964546355539395,0.0,0.0,60.0,0.0919,0.0,0.0,60.0,0.0049,0.0,0.13695,0.003867604358672992,0.003381025856006241,0.0049
Michael Pittman,WR,PIT,CLE,PIT@CLE,True,1.0,,False,,,,,,,,,,,,,0.0,0.17185,0.18655,21,0.0,0.0,0.0,79.0,38.77442860959589,16.45972779810701,54.58687001252173,50.0,3.12155,2.0,4.0,60.0,0.18655,0.0,5.43175,0.00324743106172033,0.1353091789490617,0.17185
Ben Skowronek,WR,PIT,CLE,PIT@CLE,True,1.0,,False,,,,,,,,,,,,,0.0,0.0595,0.0614,13,0.0,0.0,0.0,66.0,6.237819801914411,0.0,8.165089047682125,27.0,0.48085,0.0,1.0,6.0,0.0614,0.0,0.83775,0.002783512338617426,0.020885617313412957,0.0595
Robert Tonyan,TE,PIT,CLE,PIT@CLE,True,1.0,,False,,,,,,,,,,,,,0.0,0.04015,0.04075,7,0.0,0.0,0.0,62.0,2.0663107953856885,0.0,0.0,62.0,0.2011,0.0,0.0,62.0,0.04075,0.0,0.33005,0.002783512338617426,0.008346914857342862,0.04015
Jaylen Warren,RB,PIT,CLE,PIT@CLE,True,1.0,,False,,,,,,,,,,,,,0.2059,0.41715,0.52285,82,80.34564647832381,56.20986219424595,99.64855422142318,84.0,29.15954713309955,13.049137743958052,40.55751254437267,72.0,3.50595,2.0,5.0,74.0,0.31695,15.89485,5.01325,0.47774323509836253,0.11945307577556553,0.41715
Darnell Washington,TE,PIT,CLE,PIT@CLE,True,1.0,,False,,,,,,,,,,,,,0.0,0.1576,0.1719,34,0.0,0.0,0.0,81.0,21.446498485388013,4.725353815317085,31.975556604045003,43.0,1.93425,1.0,3.0,50.0,0.1719,0.0,3.11685,0.002783512338617426,0.07996535359795272,0.1576
Kaden Wetjen,WR,PIT,CLE,PIT@CLE,True,1.0,,False,,,,,,,,,,,,,0.0,0.0054,0.0054,1,0.0,0.0,0.0,60.0,1.0997772382707176,0.0,0.0,60.0,0.08295,0.0,0.0,60.0,0.0054,0.0,0.14725,0.002783512338617426,0.0036825314401287756,0.0054
Roman Wilson,WR,PIT,CLE,PIT@CLE,True,1.0,,False,,,,,,,,,,,,,0.0,0.21135,0.2321,53,0.0,0.0,0.0,97.0,34.85268454749608,12.735319249702298,49.72943489142902,67.0,2.62045,1.0,4.0,64.0,0.2321,0.0,4.78835,0.002783512338617426,0.11961607441485711,0.21135
Deshaun Watson,QB,CLE,PIT,PIT@CLE,True,1.0,,False,19.0138,16.0,22.0,91.0,217.01437844818122,162.96827429215887,260.7480923596574,86.0,1.3886,1.0,2.0,78.0,0.13965,0.1309,0.13965,62,,,,,,,,,,,,,,,,,,0.1309
Isaiah Bond,WR,CLE,PIT,PIT@CLE,True,1.0,,False,,,,,,,,,,,,,0.0,0.04835,0.0497,4,0.0,0.0,0.0,63.0,10.219733783163786,0.0,15.782951094009661,17.0,0.7951,0.0,1.0,25.0,0.0497,0.0,1.31785,0.0031591414519928493,0.04102174167680726,0.04835
Denzel Boston,WR,CLE,PIT,PIT@CLE,True,1.0,,False,,,,,,,,,,,,,0.0,0.22845,0.25625,55,0.0,0.0,0.0,95.0,49.318732346618965,20.22473354430934,69.30090101848022,65.0,3.02765,2.0,4.0,75.0,0.25625,0.0,4.63695,0.0031591414519928493,0.1451872475658341,0.22845
Michael Burton,RB,CLE,PIT,PIT@CLE,True,1.0,,False,,,,,,,,,,,,,0.00575,0.0164,0.01645,1,1.0206008043098955,0.0,0.0,61.0,1.8169448129731547,0.0,0.0,61.0,0.23045,0.0,0.0,61.0,0.0107,0.23385,0.297,0.008298954024434394,0.009953208567108797,0.0164
KC Concepcion,WR,CLE,PIT,PIT@CLE,True,1.0,,False,,,,,,,,,,,,,0.0138,0.2993,0.3473,60,2.7005734843390488,0.0,2.847752154795062,68.0,50.773067003357156,25.953981812007527,68.91614964958195,75.0,4.3094,3.0,6.0,79.0,0.3335,0.6227,6.61515,0.02209734119714102,0.20796591322232244,0.2993
Malachi Corley,WR,CLE,PIT,PIT@CLE,True,1.0,,False,,,,,,,,,,,,,0.0,0.0201,0.02035,1,0.0,0.0,0.0,60.0,5.131295000783755,0.0,4.787483679126855,32.0,0.38835,0.0,1.0,1.0,0.02035,0.0,0.5865,0.0031591414519928493,0.018448907381079037,0.0201
Harold Fannin Jr.,TE,CLE,PIT,PIT@CLE,True,1.0,,False,,,,,,,,,,,,,0.0,0.27,0.31225,57,0.0,0.0,0.0,97.0,45.445614474962305,23.085918469593803,61.62612227392538,71.0,4.3165,3.0,6.0,76.0,0.31225,0.0,6.0795,0.0031591414519928493,0.18909122834304024,0.27
Jerry Jeudy,WR,CLE,PIT,PIT@CLE,True,1.0,,False,,,,,,,,,,,,,0.0,0.12205,0.12855,14,0.0,0.0,0.0,73.0,27.818492036762425,7.963629192379891,40.67450930850465,38.0,2.14335,1.0,3.0,45.0,0.12855,0.0,3.4881,0.0031591414519928493,0.10966123213441185,0.12205
Quinshon Judkins,RB,CLE,PIT,PIT@CLE,True,1.0,,False,,,,,,,,,,,,,0.3836,0.4464,0.57485,85,51.92526850457414,31.763523087525698,66.47828896114342,80.0,17.368304581256915,5.4090817385648355,25.526824931502773,65.0,2.2854,1.0,3.0,74.0,0.19125,14.31375,2.9417,0.5132748925046645,0.09867086556281471,0.4464
Jaleel McLaughlin,RB,CLE,PIT,PIT@CLE,True,1.0,,False,,,,,,,,,,,,,0.0362,0.04975,0.0512,3,8.89151174396837,0.0796506604226693,12.455875140275811,21.0,2.6921841221981033,0.0,1.5628931266647026,45.0,0.3456,0.0,1.0,3.0,0.015,1.79635,0.4401,0.0639658170434973,0.014508555894653958,0.04975
Carsen Ryan,TE,CLE,PIT,PIT@CLE,True,1.0,,False,,,,,,,,,,,,,0.0,0.00585,0.0059,1,0.0,0.0,0.0,60.0,1.1896378249840271,0.0,0.0,60.0,0.1123,0.0,0.0,60.0,0.0059,0.0,0.155,0.0031591414519928493,0.004900222034082455,0.00585
Raheim Sanders,RB,CLE,PIT,PIT@CLE,True,1.0,,False,,,,,,,,,,,,,0.05595,0.13045,0.13945,21,12.085820026523283,2.7597320671229117,16.565912843882728,44.0,15.187234182212286,3.433973358013383,22.370772051121243,41.0,1.89755,1.0,3.0,47.0,0.0835,2.6848,2.40865,0.09524747652710921,0.08047370751115547,0.13045
Blake Whiteheart,TE,CLE,PIT,PIT@CLE,True,1.0,,False,,,,,,,,,,,,,0.0,0.0531,0.05405,11,0.0,0.0,0.0,65.0,5.603932104556737,0.0,7.6647703569500525,24.0,0.52335,0.0,1.0,7.0,0.05405,0.0,0.7305,0.0031591414519928493,0.02288177144498253,0.0531
Daniel Jones,QB,IND,WAS,IND@WAS,False,1.0,,False,20.484,17.0,23.0,91.0,207.9179964565125,156.36272713436787,248.7267378944643,87.0,1.67995,1.0,2.0,82.0,0.0866,0.082,0.0866,62,,,,,,,,,,,,,,,,,,0.082
Mo Alie-Cox,TE,IND,WAS,IND@WAS,False,0.9479829842591244,Full,False,,,,,,,,,,,,,0.0,0.03790594685786588,0.03890763390974272,2,0.0,0.0,0.0,58.0,6.4213124187780375,0.0,9.360191369502985,17.0,0.6333825390130746,0.0,1.0,13.0,0.03890763390974272,0.0,0.9088464782792071,0.004234097619595359,0.02040525306751215,0.035934192623487474
Keenan Allen,WR,IND,WAS,IND@WAS,False,0.4981574884199691,Questionable; DNP,False,,,,,,,,,,,,,0.0,0.3450556056507364,0.41609057208696526,26,0.0,0.0,0.0,46.0,45.441977950040354,22.982482852783477,61.39713279356759,33.0,4.2957619477006315,3.0,6.0,35.0,0.41609057208696526,0.0,6.594529606251879,0.004234097619595359,0.18666181575426488,0.17189203387620214
Deion Burks,WR,IND,WAS,IND@WAS,False,1.0,,False,,,,,,,,,,,,,0.01115,0.02785,0.02815,1,1.8232074857793616,0.0,0.1731072536268542,57.0,3.4315816746754355,0.0,0.0,60.0,0.26735,0.0,0.0,60.0,0.017,0.4141,0.40855,0.01305513432708569,0.009688074268750457,0.02785
Josh Downs,WR,IND,WAS,IND@WAS,False,1.0,,False,,,,,,,,,,,,,0.0,0.4312,0.5468,64,0.0,0.0,0.0,97.0,66.38287659855678,36.18970721978844,88.21188806838747,75.0,5.62845,4.0,7.0,82.0,0.5468,0.0,8.7718,0.004234097619595359,0.20433937833760832,0.4312
Ashton Dulin,WR,IND,WAS,IND@WAS,False,0.7549608892548374,Questionable; Full,False,,,,,,,,,,,,,0.0,0.05063291139240506,0.05201740506329114,1,0.0,0.0,0.0,46.0,9.362296938160394,0.0,14.213497004186019,12.0,0.7534941983122363,0.0,1.0,16.0,0.05201740506329114,0.0,1.1707542194092826,0.006351146429393038,0.02949662056359085,0.03822586781037152
Anthony Gould,WR,IND,WAS,IND@WAS,False,1.0,,False,,,,,,,,,,,,,0.0,0.01295,0.013,1,0.0,0.0,0.0,60.0,2.5960508691156896,0.0,0.0,60.0,0.2091,0.0,0.0,60.0,0.013,0.0,0.3246,0.005080917143514431,0.007373447342728105,0.01295
Seth McGowan,RB,IND,WAS,IND@WAS,False,1.0,,False,,,,,,,,,,,,,0.15085,0.16215,0.17915,11,15.710613961061542,4.234967306193974,20.259006567120327,35.0,3.8178864590660377,0.0,5.097891023765847,25.0,0.52095,0.0,1.0,8.0,0.0283,3.85215,0.6744,0.11934294658762354,0.01484945448596578,0.16215
Andrew Ogletree,TE,IND,WAS,IND@WAS,False,1.0,,False,,,,,,,,,,,,,0.0,0.03575,0.0365,4,0.0,0.0,0.0,63.0,6.439805950479006,0.0,9.39729915126304,19.0,0.6417,0.0,1.0,16.0,0.0365,0.0,0.91215,0.004234097619595359,0.020283965765838994,0.03575
Jonathan Taylor,RB,IND,WAS,IND@WAS,False,0.9508674235277402,Full,False,,,,,,,,,,,,,0.7477619799894681,0.65144813059505,0.9978936282253817,84,84.5699663693374,59.578346702939,104.57209008015971,80.0,28.738844465414832,12.900679082442227,39.794392451021636,68.0,3.777461822011585,2.0,5.0,72.0,0.25013164823591366,20.284518167456557,4.789468141126909,0.7227979778520776,0.10662468522123161,0.6194408055008781
Laquon Treadwell,WR,IND,WAS,IND@WAS,False,1.0,,False,,,,,,,,,,,,,0.0,0.04775,0.04895,9,0.0,0.0,0.0,68.0,10.480650129870922,0.0,15.761348726045556,23.0,0.78015,0.0,1.0,30.0,0.04895,0.0,1.188,0.004234097619595359,0.02766083386441836,0.04775
Tyler Warren,TE,IND,WAS,IND@WAS,False,1.0,,False,,,,,,,,,,,,,0.0124,0.4347,0.562,55,1.8541929798408914,0.0,0.40224442373712144,89.0,66.01701510426945,38.91370228705085,86.35875911781989,74.0,6.9563,5.0,9.0,78.0,0.5496,0.42925,9.8852,0.013197409112690371,0.22208651744733474,0.4347
Marcus Mariota,QB,WAS,IND,IND@WAS,False,1.0,,False,20.09395,17.0,23.0,68.0,226.6970949548728,169.25252108203432,272.39899536775016,64.0,1.86045,1.0,3.0,45.0,0.18505,0.17095,0.18505,37,,,,,,,,,,,,,,,,,,0.17095
Kaytron Allen,RB,WAS,IND,IND@WAS,False,1.0,,False,,,,,,,,,,,,,0.09945,0.10005,0.10465,22,14.636111825715256,3.767715022422393,20.363028145220873,31.0,0.660021031588542,0.0,0.0,65.0,0.0892,0.0,0.0,65.0,0.0052,3.0652,0.1249,0.07861718138388828,0.0038034958122500715,0.10005
John Bates,TE,WAS,IND,IND@WAS,False,1.0,,False,,,,,,,,,,,,,0.0,0.1008,0.1055,11,0.0,0.0,0.0,65.0,9.086870125462923,0.0,13.855138577533886,20.0,0.9294,0.0,1.0,33.0,0.1055,0.0,1.39045,0.0033335219393587755,0.034271209042520505,0.1008
Dyami Brown,WR,WAS,IND,IND@WAS,False,1.0,,False,,,,,,,,,,,,,0.0,0.15545,0.1673,19,0.0,0.0,0.0,72.0,19.317102709500713,2.9249140991747975,28.72063343011319,32.0,1.7319,1.0,3.0,38.0,0.1673,0.0,2.92035,0.0033335219393587755,0.07299162430800638,0.15545
Treylon Burks,WR,WAS,IND,IND@WAS,False,1.0,,False,,,,,,,,,,,,,0.0,0.15705,0.1697,9,0.0,0.0,0.0,63.0,19.62161788152669,2.5703442943196637,29.386507102196845,22.0,1.6403,1.0,2.0,45.0,0.1697,0.0,2.8578,0.004000226327230531,0.07162474647974579,0.15705
Jacory Croskey-Merritt,RB,WAS,IND,IND@WAS,False,1.0,,False,,,,,,,,,,,,,0.4202,0.37055,0.4548,61,63.9116421577574,41.5505685655863,80.89872899514002,72.0,4.311703730691092,0.0,6.249760251023359,47.0,0.6068,0.0,1.0,41.0,0.0346,15.573,0.8309,0.39918940712735934,0.02425711959796394,0.37055
Stefon Diggs,WR,WAS,IND,IND@WAS,False,1.0,,False,,,,,,,,,,,,,0.0,0.39845,0.5006,55,0.0,0.0,0.0,90.0,54.6290660708599,28.286712197099966,73.87959492295364,65.0,4.74595,3.0,6.0,71.0,0.5006,0.0,7.5361,0.0033335219393587755,0.18975821957203062,0.39845
Jaylin Lane,WR,WAS,IND,IND@WAS,False,1.0,,False,,,,,,,,,,,,,0.0,0.06735,0.0698,3,0.0,0.0,0.0,63.0,11.490474494675203,0.0,17.602524265901266,17.0,0.9409,0.0,1.0,31.0,0.0698,0.0,1.6032,0.0033335219393587755,0.040422631107111785,0.06735
Terry McLaurin,WR,WAS,IND,IND@WAS,False,0.6667342299285288,Questionable; Limited,False,,,,,,,,,,,,,0.0,0.3167444661948502,0.37336244541484714,29,0.0,0.0,0.0,60.0,50.245676350760476,23.53201420191438,69.39668299237306,42.0,3.699141695527782,2.0,5.0,44.0,0.37336244541484714,0.0,6.283842794759825,0.0033335219393587755,0.18332672094247834,0.21118437775254637
Chig Okonkwo,TE,WAS,IND,IND@WAS,False,0.9575230478992892,Limited,False,,,,,,,,,,,,,0.0,0.19012139842650966,0.20934715781795446,3,0.0,0.0,0.0,60.0,31.157016065080185,12.644949032381394,43.670012914331714,31.0,3.1881415099254937,2.0,4.0,42.0,0.20934715781795446,0.0,4.757515760954514,0.0050002829090381624,0.11956676576009709,0.18204562089222665
Ben Sinnott,TE,WAS,IND,IND@WAS,False,0.9575230478992892,Limited,False,,,,,,,,,,,,,0.0,0.035861350013031014,0.0364347146207975,3,0.0,0.0,0.0,60.0,5.443021931048143,0.0,7.420093505378199,21.0,0.5497002866823039,0.0,1.0,8.0,0.0364347146207975,0.0,0.8239770654156894,0.0033335219393587755,0.020538393728769776,0.03433806916626067
Antonio Williams,WR,WAS,IND,IND@WAS,False,1.0,,False,,,,,,,,,,,,,0.0,0.2499,0.2848,27,0.0,0.0,0.0,75.0,33.855997920168946,12.94157943201744,47.97468054520117,44.0,2.83445,1.0,4.0,43.0,0.2848,0.0,4.51455,0.0033335219393587755,0.11319162781627881,0.2499
Colson Yankoff,TE,WAS,IND,IND@WAS,False,1.0,,False,,,,,,,,,,,,,0.0,0.02975,0.03055,4,0.0,0.0,0.0,64.0,4.297836816574596,0.0,5.24293308002196,27.0,0.44215,0.0,1.0,4.0,0.03055,0.0,0.66945,0.0033335219393587755,0.01678339158996669,0.02975
Cam Ward,QB,TEN,BAL,TEN@BAL,False,1.0,,False,20.4678,18.0,23.0,92.0,204.402164954481,156.3893239525495,243.6872719702355,86.0,0.9875,0.0,2.0,39.0,0.14515,0.1348,0.14515,61,,,,,,,,,,,,,,,,,,0.1348
Elic Ayomanor,WR,TEN,BAL,TEN@BAL,False,1.0,,False,,,,,,,,,,,,,0.0,0.1993,0.2192,43,0.0,0.0,0.0,74.0,33.81555978306902,12.451964383438588,48.363777279729625,43.0,2.64055,1.0,4.0,40.0,0.2192,0.0,4.61675,0.003916249950316416,0.12817674761548592,0.1993
Daniel Bellinger,TE,TEN,BAL,TEN@BAL,False,1.0,,False,,,,,,,,,,,,,0.0,0.02735,0.028,7,0.0,0.0,0.0,66.0,8.390038129350978,0.0,12.961484880353998,20.0,0.9068,0.0,1.0,33.0,0.028,0.0,1.3223,0.003916249950316416,0.0403877529490561,0.02735
Julius Chestnut,RB,TEN,BAL,TEN@BAL,False,1.0,,False,,,,,,,,,,,,,0.0107,0.0133,0.0134,1,2.0693576979617556,0.0,1.1339719108105912,44.0,0.7170354441061503,0.0,0.0,60.0,0.10155,0.0,0.0,60.0,0.0027,0.46175,0.13805,0.01575545560465996,0.003863917885209165,0.0133
Chimere Dike,WR,TEN,BAL,TEN@BAL,False,1.0,,False,,,,,,,,,,,,,0.0,0.0525,0.054,4,0.0,0.0,0.0,63.0,13.96935639598493,0.0,21.087214923584824,18.0,1.44845,0.0,2.0,22.0,0.054,0.0,2.30165,0.003916249950316416,0.06436667964399567,0.0525
Gunnar Helm,TE,TEN,BAL,TEN@BAL,False,1.0,,False,,,,,,,,,,,,,0.0,0.1458,0.157,36,0.0,0.0,0.0,78.0,25.29365546645792,9.774603034736804,35.92171524646528,47.0,2.8723,1.75,4.0,54.0,0.157,0.0,4.09785,0.003916249950316416,0.12582907651581074,0.1458
Tony Pollard,RB,TEN,BAL,TEN@BAL,False,0.9508674235277402,Full,False,,,,,,,,,,,,,0.4422411079634876,0.397387472458294,0.49291784702549574,78,67.53714723440233,44.4230022964996,85.4851356022481,73.0,10.915140741020291,1.353108450611484,16.265691056303552,51.0,1.6742734235652084,1.0,2.0,73.0,0.05067673906200818,14.626062322946176,2.2227468261462597,0.5531406939270431,0.062499661100723136,0.37786280207861883
Calvin Ridley,WR,TEN,BAL,TEN@BAL,False,1.0,,False,,,,,,,,,,,,,0.0,0.0617,0.0638,5,0.0,0.0,0.0,65.0,21.402111772292574,3.996940212820398,31.907107839457872,26.0,1.78815,1.0,3.0,31.0,0.0638,0.0,3.0649,0.003916249950316416,0.08522327060765761,0.0617
Wan'Dale Robinson,WR,TEN,BAL,TEN@BAL,False,1.0,,False,,,,,,,,,,,,,0.0,0.19615,0.21725,48,0.0,0.0,0.0,89.0,43.38146192519539,22.014030465306135,58.870335958388296,63.0,4.263,3.0,6.0,68.0,0.21725,0.0,6.743,0.003916249950316416,0.18848402126991512,0.19615
Nicholas Singleton,RB,TEN,BAL,TEN@BAL,False,1.0,,False,,,,,,,,,,,,,0.05645,0.0608,0.0623,8,10.255361049895,1.3290409169129247,13.827037298875883,26.0,1.1588136509572422,0.0,0.0,62.0,0.1689,0.0,0.0,62.0,0.00585,2.38615,0.23115,0.08344204357451426,0.006555824082885112,0.0608
Tyjae Spears,RB,TEN,BAL,TEN@BAL,False,0.7075836643559986,Questionable; Full,False,,,,,,,,,,,,,0.13996015369289883,0.19033727052796356,0.2086950334424363,17,25.418125267855338,11.03080891929104,34.3583313506116,35.0,14.146184043895909,3.8414004868359943,20.822156554881794,29.0,2.105806176177601,1.0,3.0,34.0,0.0687348797495375,5.750533655898677,2.735022057777145,0.22218593794611782,0.0837617310257656,0.13467954334369547
Carnell Tate,WR,TEN,BAL,TEN@BAL,False,1.0,,False,,,,,,,,,,,,,0.0,0.17205,0.18885,41,0.0,0.0,0.0,92.0,50.278797928635086,26.48140614274811,67.76376028228646,67.0,4.63665,3.0,6.0,73.0,0.18885,0.0,7.4073,0.003916249950316416,0.2054629431648236,0.17205
Lamar Jackson,QB,BAL,TEN,TEN@BAL,False,0.98,Full,False,17.316356763383734,15.0,20.0,83.0,194.5939935393105,142.68298069092725,234.57709806144385,78.0,1.4440641601961586,1.0,2.0,72.0,0.23452186350633428,0.21041070698814876,0.23452186350633428,54,,,,,,,,,,,,,,,,,,0.2062024928483858
Rasheen Ali,RB,BAL,TEN,TEN@BAL,False,1.0,,False,,,,,,,,,,,,,0.0277,0.05515,0.05705,1,2.9638828675212374,0.0,3.2597731345350227,27.0,4.0647154660472395,0.0,5.585149046271079,19.0,0.55305,0.0,1.0,6.0,0.02935,0.7153,0.7006,0.02088902312650093,0.01921409995921496,0.05515
Mark Andrews,TE,BAL,TEN,TEN@BAL,False,0.9479829842591244,Full,False,,,,,,,,,,,,,0.0,0.2997786444608411,0.35406345525455885,35,0.0,0.0,0.0,84.0,47.10304154432426,24.434306911516572,63.621184563755136,60.0,4.979023927479709,3.0,7.0,61.0,0.35406345525455885,0.0,6.976757668388321,0.004189832939065345,0.19783456999272037,0.2841850539931432
Rashod Bateman,WR,BAL,TEN,TEN@BAL,False,1.0,,False,,,,,,,,,,,,,0.0,0.25995,0.30065,34,0.0,0.0,0.0,81.0,37.32401340548693,14.266468703264925,52.348085883173354,50.0,2.9691,2.0,4.0,61.0,0.30065,0.0,4.7397,0.004189832939065345,0.12597866564176702,0.25995
Josh Cuevas,TE,BAL,TEN,TEN@BAL,False,1.0,,False,,,,,,,,,,,,,0.0,0.0184,0.0185,2,0.0,0.0,0.0,62.0,2.9651157645264177,0.0,0.0,62.0,0.30255,0.0,0.0,62.0,0.0185,0.0,0.42585,0.004189832939065345,0.011822419975294082,0.0184
Zay Flowers,WR,BAL,TEN,TEN@BAL,False,0.6667342299285288,Questionable; Limited,False,,,,,,,,,,,,,0.010877663537475785,0.37885561019222175,0.4650573684994785,19,1.2842860691739355,0.0,0.0,51.0,81.83348203688728,45.346214655205486,108.55702163863965,35.0,5.306660706303084,4.0,7.0,39.0,0.45417970496200266,0.31358962896736703,7.654894948591864,0.00943814998905246,0.24921450437358095,0.25259600351561384
Derrick Henry,RB,BAL,TEN,TEN@BAL,False,1.0,,False,,,,,,,,,,,,,1.09655,0.71435,1.17665,85,94.5426401586584,67.68116301804356,116.85401295719006,84.0,10.186884583484652,0.0,15.413780934872602,54.0,1.398,0.0,2.0,57.0,0.0801,21.5917,1.81215,0.631681562654459,0.04985149463156766,0.71435
Matthew Hibner,TE,BAL,TEN,TEN@BAL,False,1.0,,False,,,,,,,,,,,,,0.0,0.0824,0.086,11,0.0,0.0,0.0,65.0,6.819947844788754,0.0,10.150704848348974,20.0,0.6927,0.0,1.0,21.0,0.086,0.0,0.96625,0.004189832939065345,0.027525703874102046,0.0824
Justice Hill,RB,BAL,TEN,TEN@BAL,False,1.0,,False,,,,,,,,,,,,,0.15905,0.2158,0.2413,14,19.772664629161017,7.3670838851585945,26.909276362195577,43.0,10.96018772796847,0.0,16.504064419556236,27.0,1.46535,0.0,2.0,32.0,0.08225,4.7303,1.86035,0.13847395340698126,0.0513104263548793,0.2158
Chris Moore,WR,BAL,TEN,TEN@BAL,False,0.6667342299285288,Questionable; Limited,False,,,,,,,,,,,,,0.0,0.15010855731077338,0.16171295949689302,11,0.0,0.0,0.0,46.0,19.85378169341295,0.0,30.190739189682944,16.0,1.5130643108482444,0.0,2.0,20.0,0.16171295949689302,0.0,2.3920041925582094,0.004189832939065345,0.07122709913016065,0.10008251336428092
Durham Smythe,TE,BAL,TEN,TEN@BAL,False,0.9479829842591244,Full,False,,,,,,,,,,,,,0.0,0.06867972338066831,0.07052737158844956,9,0.0,0.0,0.0,60.0,4.099539422642819,0.0,4.235226769619967,31.0,0.4132925091062662,0.0,1.0,3.0,0.07052737158844956,0.0,0.5747241725175527,0.004189832939065345,0.01641612211368583,0.06510720912849711
Devontez Walker,WR,BAL,TEN,TEN@BAL,False,1.0,,False,,,,,,,,,,,,,0.0,0.0593,0.0611,4,0.0,0.0,0.0,64.0,12.548798536243313,0.0,19.371036716453936,18.0,0.92765,0.0,1.0,32.0,0.0611,0.0,1.4107,0.005027799526878414,0.03755867941962394,0.0593
LaJohntay Wester,WR,BAL,TEN,TEN@BAL,False,1.0,,False,,,,,,,,,,,,,0.0,0.03505,0.0358,7,0.0,0.0,0.0,66.0,6.337001828833019,0.0,8.636463188997473,25.0,0.5217,0.0,1.0,9.0,0.0358,0.0,0.7904,0.004189832939065345,0.021086804748606518,0.03505
Drake Maye,QB,NE,BUF,NE@BUF,False,0.98,Full,False,18.982469590105286,16.0,22.0,84.0,221.87014982476208,167.20059511809666,264.86076699754585,81.0,1.414852294797097,1.0,2.0,73.0,0.12613717673515282,0.11954410712460391,0.12613717673515282,56,,,,,,,,,,,,,,,,,,0.11715322498211182
Efton Chism III,WR,NE,BUF,NE@BUF,False,1.0,,False,,,,,,,,,,,,,0.0,0.07385,0.07625,10,0.0,0.0,0.0,64.0,7.343740713698516,0.0,10.699783840155193,20.0,0.60605,0.0,1.0,14.0,0.07625,0.0,0.98465,0.004104728878331038,0.02599433436293474,0.07385
Romeo Doubs,WR,NE,BUF,NE@BUF,False,1.0,,False,,,,,,,,,,,,,0.0,0.21095,0.2323,25,0.0,0.0,0.0,78.0,49.36637819096795,21.312364380186978,69.04364242715802,49.0,3.24965,2.0,4.0,59.0,0.2323,0.0,5.378,0.003420607398609198,0.14054922021133662,0.21095
DeMario Douglas,WR,NE,BUF,NE@BUF,False,1.0,,False,,,,,,,,,,,,,0.0,0.1836,0.20135,30,0.0,0.0,0.0,82.0,36.08740063446094,13.962929617462972,51.46810986829521,51.0,2.74745,1.0,4.0,50.0,0.20135,0.0,4.5043,0.003420607398609198,0.11754833174869968,0.1836
Reggie Gilliam,RB,NE,BUF,NE@BUF,False,0.6469461218980005,Questionable; Limited,False,,,,,,,,,,,,,0.0,0.024448557766466143,0.02460280734227981,2,0.0,0.0,0.0,41.0,3.371501838855559,0.0,4.089043542051915,17.0,0.4427734073731297,0.0,1.0,2.0,0.02460280734227981,0.0,0.6155329322844362,0.0034463422181132495,0.017823402695611345,0.01581689963301451
TreVeyon Henderson,RB,NE,BUF,NE@BUF,False,1.0,,False,,,,,,,,,,,,,0.27375,0.2848,0.3296,21,48.925953576016774,29.527796729657215,63.11285464694376,54.0,8.523064644753635,0.0,13.142169904014958,28.0,1.14855,0.0,2.0,22.0,0.05585,11.39035,1.53485,0.3924435384291572,0.04081260347257565,0.2848
Hunter Henry,TE,NE,BUF,NE@BUF,False,1.0,,False,,,,,,,,,,,,,0.0,0.19145,0.21055,23,0.0,0.0,0.0,76.0,35.74714762873804,15.015985180647226,50.17442854000835,46.0,3.2279,2.0,4.0,57.0,0.21055,0.0,4.8583,0.003420607398609198,0.1419579598071125,0.19145
Mack Hollins,WR,NE,BUF,NE@BUF,False,1.0,,False,,,,,,,,,,,,,0.0,0.32635,0.388,50,0.0,0.0,0.0,86.0,48.733412999189916,23.20458588093877,66.93233283365049,59.0,3.79655,2.0,5.0,62.0,0.388,0.0,5.996,0.003420607398609198,0.15778306240303785,0.32635
Corey Kiner,RB,NE,BUF,NE@BUF,False,1.0,,False,,,,,,,,,,,,,0.07745,0.08655,0.09025,12,11.912722879471547,2.9924053878337453,15.770075808113452,38.0,1.9566789896222747,0.0,0.0,71.0,0.2498,0.0,0.0,71.0,0.0128,3.18665,0.34515,0.1105084174304975,0.009062667900630667,0.08655
Lan Larison,RB,NE,BUF,NE@BUF,False,1.0,,False,,,,,,,,,,,,,0.00355,0.04355,0.0442,2,0.6107283511054991,0.0,0.0,62.0,6.603266716079187,0.0,10.111005015396216,16.0,0.857,0.0,1.0,27.0,0.04065,0.1469,1.1671,0.005104368803723028,0.03069220871512116,0.04355
Cameron Latu,TE,NE,BUF,NE@BUF,False,1.0,,False,,,,,,,,,,,,,0.0,0.00255,0.00255,1,0.0,0.0,0.0,60.0,0.41643852756318245,0.0,0.0,60.0,0.04015,0.0,0.0,60.0,0.00255,0.0,0.05835,0.003420607398609198,0.0018109767442914804,0.00255
Eli Raridon,TE,NE,BUF,NE@BUF,False,0.6667342299285288,Questionable; Limited,False,,,,,,,,,,,,,0.0,0.06405375139977604,0.06554684583799926,6,0.0,0.0,0.0,42.0,4.427740632270186,0.0,5.170639564230711,18.0,0.4284434490481523,0.0,1.0,2.0,0.06554684583799926,0.0,0.6409107876073161,0.004104728878331038,0.020575221191581387,0.0427068286135631
Rhamondre Stevenson,RB,NE,BUF,NE@BUF,False,1.0,,False,,,,,,,,,,,,,0.2165,0.2986,0.3503,44,31.66885035703152,16.09301515051631,41.93113298844883,71.0,24.073926523303864,9.20490415555423,34.313667710567415,64.0,2.8164,1.0,4.0,63.0,0.1338,7.73385,3.7466,0.26623890526220995,0.09952766459605898,0.2986
Kyle Williams,WR,NE,BUF,NE@BUF,False,1.0,,False,,,,,,,,,,,,,0.0,0.0619,0.0637,9,0.0,0.0,0.0,68.0,13.202000962614612,0.0,20.49236259759087,21.0,0.9674,0.0,2.0,8.0,0.0637,0.0,1.7032,0.003420607398609198,0.04437913907952491,0.0619
Josh Allen,QB,BUF,NE,NE@BUF,False,1.0,,False,17.50545,15.0,20.0,90.0,216.15984302985325,161.17143575788197,260.0834785619101,84.0,1.48955,1.0,2.0,78.0,0.3805,0.3202,0.3805,60,,,,,,,,,,,,,,,,,,0.3202
Keon Coleman,WR,BUF,NE,NE@BUF,False,0.9575230478992892,Limited,False,,,,,,,,,,,,,0.0,0.16333455133893615,0.17716761497102887,20,0.0,0.0,0.0,71.0,27.17581926195327,7.675110531753772,39.59045385674987,38.0,2.1073236936889908,1.0,3.0,44.0,0.17716761497102887,0.0,3.4110246907135773,0.003959113026160915,0.11333156500661175,0.15639659742532108
James Cook,RB,BUF,NE,NE@BUF,False,1.0,,False,,,,,,,,,,,,,0.80795,0.63845,0.9718,85,95.83110190043155,68.54233755680869,118.02498461257287,85.0,14.051986654612971,2.0926471283150168,21.19649917260105,59.0,1.67575,1.0,2.0,82.0,0.16385,17.6039,2.30005,0.5738047511578297,0.07437672408091413,0.63845
Ray Davis,RB,BUF,NE,NE@BUF,False,0.6469461218980005,Questionable; Limited,False,,,,,,,,,,,,,0.06092307692307692,0.07292307692307692,0.075,1,7.187672278222395,0.0,9.896719751933949,13.0,1.8246190124145452,0.0,0.0,39.0,0.22607692307692306,0.0,0.0,39.0,0.014076923076923077,1.6226923076923077,0.3123076923076923,0.054305774939304295,0.010831313726771204,0.04717730181225419
Greg Dortch,WR,BUF,NE,NE@BUF,False,1.0,,False,,,,,,,,,,,,,0.0,0.0273,0.02775,1,0.0,0.0,0.0,60.0,5.3475579771458515,0.0,6.277940019706145,25.0,0.4369,0.0,1.0,1.0,0.02775,0.0,0.6902,0.003959113026160915,0.022544626678764963,0.0273
Frank Gore Jr.,RB,BUF,NE,NE@BUF,False,1.0,,False,,,,,,,,,,,,,0.1231,0.1213,0.12925,1,14.126359605639522,3.961700166270467,19.536748975852987,27.0,0.90417102232284,0.0,0.0,61.0,0.10945,0.0,0.0,61.0,0.00615,3.25435,0.1511,0.10610591379796977,0.004953796734762246,0.1213
Jackson Hawes,TE,BUF,NE,NE@BUF,False,1.0,,False,,,,,,,,,,,,,0.0,0.0259,0.02615,2,0.0,0.0,0.0,62.0,4.604302734703003,0.0,5.10513619805147,28.0,0.416,0.0,1.0,2.0,0.02615,0.0,0.632,0.003959113026160915,0.022073778545525103,0.0259
Ty Johnson,RB,BUF,NE,NE@BUF,False,1.0,,False,,,,,,,,,,,,,0.02755,0.13225,0.14025,4,3.0620861689249805,0.0,3.4572220530529805,30.0,17.67318910525353,3.9010461054423597,26.181493070540796,26.0,1.90245,1.0,3.0,32.0,0.1127,0.70545,2.67045,0.023271027301122724,0.08514220090294018,0.13225
Dalton Kincaid,TE,BUF,NE,NE@BUF,False,1.0,,False,,,,,,,,,,,,,0.0,0.2082,0.2307,35,0.0,0.0,0.0,87.0,43.51779652451959,18.913228915646968,60.72332356779843,58.0,3.33965,2.0,5.0,60.0,0.2307,0.0,4.884,0.003959113026160915,0.1751742787490198,0.2082
Dawson Knox,TE,BUF,NE,NE@BUF,False,1.0,,False,,,,,,,,,,,,,0.00855,0.10005,0.105,13,1.1038585556979772,0.0,0.0,66.0,11.840946523491999,0.0,18.25657825375819,20.0,1.0531,0.0,2.0,9.0,0.09645,0.2478,1.57815,0.007958217092990123,0.05616927416501355,0.10005
Keleki Latu,TE,BUF,NE,NE@BUF,False,1.0,,False,,,,,,,,,,,,,0.0,0.00445,0.00455,1,0.0,0.0,0.0,60.0,0.8300835181761913,0.0,0.0,60.0,0.0736,0.0,0.0,60.0,0.00455,0.0,0.1157,0.003959113026160915,0.004143780788528634,0.00445
DJ Moore,WR,BUF,NE,NE@BUF,False,0.9575230478992892,Limited,False,,,,,,,,,,,,,0.008814938451909034,0.26429167535989984,0.30226371792196954,41,1.0143991436736755,0.0,0.0,85.0,48.32443741190351,21.589023199144833,67.20552091322548,58.0,3.298612559983309,2.0,4.0,68.0,0.2934487794700605,0.23523889004798665,5.536250782390987,0.007624958420754353,0.18465351018489073,0.25306537052502076
Josh Palmer,WR,BUF,NE,NE@BUF,False,1.0,,False,,,,,,,,,,,,,0.0,0.0788,0.0825,9,0.0,0.0,0.0,68.0,19.530324153767964,0.0,29.97295435379515,22.0,1.2126,0.0,2.0,19.0,0.0825,0.0,2.06315,0.003959113026160915,0.06758716995596198,0.0788
Khalil Shakir,WR,BUF,NE,NE@BUF,False,1.0,,False,,,,,,,,,,,,,0.0,0.30075,0.35105,48,0.0,0.0,0.0,84.0,39.58286728105524,17.31499686852152,54.83382461850215,56.0,3.1828,2.0,4.0,65.0,0.35105,0.0,5.1177,0.003959113026160915,0.16828850277929394,0.30075
Geno Smith,QB,NYJ,CHI,NYJ@CHI,False,1.0,,False,20.7421,18.0,24.0,91.0,239.69076940464154,184.03968878312733,285.3713703418482,87.0,1.1319,0.0,2.0,47.0,0.17695,0.1627,0.17695,62,,,,,,,,,,,,,,,,,,0.1627
Braelon Allen,RB,NYJ,CHI,NYJ@CHI,False,1.0,,False,,,,,,,,,,,,,0.43305,0.47995,0.6265,54,65.84645265526541,42.69318151046393,83.65599909320767,61.0,10.896215364702485,0.0,16.37989360239627,34.0,1.3484,0.0,2.0,35.0,0.19345,15.0724,1.75615,0.23478858634676514,0.030165411344866562,0.47995
Andrew Beck,RB,NYJ,CHI,NYJ@CHI,False,1.0,,False,,,,,,,,,,,,,0.02295,0.0334,0.03375,1,4.273269836184901,0.0,5.116477807481113,24.0,2.4903035223248717,0.0,0.0,60.0,0.303,0.0,0.0,60.0,0.0108,0.90585,0.39735,0.014021137332171342,0.006716844245156507,0.0334
Isaiah Davis,RB,NYJ,CHI,NYJ@CHI,False,1.0,,False,,,,,,,,,,,,,0.0318,0.0618,0.0637,1,6.172143831420623,0.0,8.319244930650507,20.0,7.520704999881561,0.0,11.454765141340859,14.0,0.8734,0.0,1.0,26.0,0.0319,1.2384,1.1364,0.019252381206994136,0.019492222456292747,0.0618
Malik McClain,WR,NYJ,CHI,NYJ@CHI,False,1.0,,False,,,,,,,,,,,,,0.0,0.00915,0.00925,1,0.0,0.0,0.0,60.0,2.855569054366133,0.0,0.0,60.0,0.2072,0.0,0.0,60.0,0.00925,0.0,0.32435,0.005909963665050036,0.005740579257988565,0.00915
Jamaal Pritchett,WR,NYJ,CHI,NYJ@CHI,False,1.0,,False,,,,,,,,,,,,,0.0,0.00675,0.0068,1,0.0,0.0,0.0,60.0,2.558790214743016,0.0,0.0,60.0,0.18425,0.0,0.0,60.0,0.0068,0.0,0.28485,0.005909963665050036,0.005045430988466511,0.00675
Jeremy Ruckert,TE,NYJ,CHI,NYJ@CHI,False,0.9479829842591244,Full,False,,,,,,,,,,,,,0.0,0.14850545627075756,0.15873266909167588,24,0.0,0.0,0.0,69.0,20.618797932240614,4.358953540019762,30.421631043745247,33.0,2.009963624861616,1.0,3.0,41.0,0.15873266909167588,0.0,2.7392587906584427,0.003939975776700024,0.05291565284241248,0.14078064561431566
Kenyon Sadiq,TE,NYJ,CHI,NYJ@CHI,False,0.6667342299285288,Questionable; Limited,False,,,,,,,,,,,,,0.06335797254487856,0.21722733443958364,0.24309850656207574,20,2.250940875812459,0.0,0.34129498973631145,52.0,49.380562587872184,24.37565006714641,67.91859169638798,37.0,4.3741137426459495,3.0,6.0,41.0,0.17974053401719717,0.4696786845678081,6.164429023985519,0.007307476440546198,0.1369951058256915,0.1448328995470028
Sterling Shepard,WR,NYJ,CHI,NYJ@CHI,False,1.0,,False,,,,,,,,,,,,,0.0,0.0699,0.07255,1,0.0,0.0,0.0,61.0,24.5576969476254,4.9611275542776765,36.1402196353299,23.0,1.92505,1.0,3.0,30.0,0.07255,0.0,2.91625,0.005909963665050036,0.05193267172975959,0.0699
Isaiah Williams,WR,NYJ,CHI,NYJ@CHI,False,1.0,,False,,,,,,,,,,,,,0.01335,0.1726,0.1863,21,2.6272361065343897,0.0,1.9487116101528699,52.0,32.72142663361764,12.873357804484488,46.42057935217512,44.0,3.1245,2.0,4.0,55.0,0.17295,0.5726,4.61945,0.008804143402255608,0.08277554326648588,0.1726
Garrett Wilson,WR,NYJ,CHI,NYJ@CHI,False,1.0,,False,,,,,,,,,,,,,0.0,0.338,0.40455,50,0.0,0.0,0.0,97.0,116.73640043054148,75.01406934399442,149.96148248795015,81.0,9.07885,7.0,11.0,87.0,0.40455,0.0,13.7527,0.003939975776700024,0.24603286285780593,0.338
Jelani Woods,TE,NYJ,CHI,NYJ@CHI,False,1.0,,False,,,,,,,,,,,,,0.0,0.01165,0.01165,2,0.0,0.0,0.0,62.0,3.3965635889077754,0.0,0.0,62.0,0.30365,0.0,0.0,62.0,0.01165,0.0,0.4286,0.003939975776700024,0.008119210245422335,0.01165
Tyson Bagent,QB,CHI,NYJ,NYJ@CHI,False,1.0,,False,18.61795,16.0,21.0,55.0,191.5551177773758,141.89659517581177,231.02121968802447,49.0,1.7136,1.0,2.0,45.0,0.2227,0.19955,0.2227,21,,,,,,,,,,,,,,,,,,0.19955
Luther Burden III,WR,CHI,NYJ,NYJ@CHI,False,1.0,,False,,,,,,,,,,,,,0.01205,0.3426,0.4106,73,1.52200976828,0.0,0.0,91.0,39.87916883167777,18.067232227901115,55.18279725897234,63.0,3.59725,2.0,5.0,66.0,0.39855,0.3365,5.5223,0.010305244691985637,0.19133378722720462,0.3426
Kaden Davis,WR,CHI,NYJ,NYJ@CHI,False,1.0,,False,,,,,,,,,,,,,0.0,0.0152,0.01545,1,0.0,0.0,0.0,60.0,2.313485183062307,0.0,0.0,60.0,0.2044,0.0,0.0,60.0,0.01545,0.0,0.3263,0.005506739062246349,0.011275716217398493,0.0152
Roschon Johnson,RB,CHI,NYJ,NYJ@CHI,False,1.0,,False,,,,,,,,,,,,,0.01045,0.0165,0.01665,1,1.4624825009702147,0.0,0.0,60.0,0.6523612777178459,0.0,0.0,60.0,0.09655,0.0,0.0,60.0,0.0062,0.3172,0.1336,0.009644007187102652,0.004653028498385358,0.0165
Cole Kmet,TE,CHI,NYJ,NYJ@CHI,False,1.0,,False,,,,,,,,,,,,,0.0,0.0841,0.08775,7,0.0,0.0,0.0,67.0,12.237694856765634,0.0,18.63310549729695,21.0,1.27785,0.0,2.0,20.0,0.08775,0.0,1.94445,0.0036711593748308996,0.07057297439755689,0.0841
Colston Loveland,TE,CHI,NYJ,NYJ@CHI,False,1.0,,False,,,,,,,,,,,,,0.0,0.22175,0.2501,30,0.0,0.0,0.0,72.0,24.66980238326306,8.830064996654713,35.279888130078945,40.0,2.63015,1.0,4.0,38.0,0.2501,0.0,3.9024,0.0036711593748308996,0.14183715580885023,0.22175
Kyle Monangai,RB,CHI,NYJ,NYJ@CHI,False,1.0,,False,,,,,,,,,,,,,0.3956,0.38975,0.48595,62,45.402149175970976,24.876210396807515,59.99572237136178,58.0,7.031886790346809,0.0,10.845749002562533,35.0,1.0306,0.0,2.0,23.0,0.09035,8.50225,1.4627,0.2560962134541158,0.04917172397461692,0.38975
Rome Odunze,WR,CHI,NYJ,NYJ@CHI,False,1.0,,False,,,,,,,,,,,,,0.0,0.25375,0.2873,30,0.0,0.0,0.0,78.0,41.244327348469824,17.649832651469527,57.91712026846383,48.0,3.162,2.0,4.0,59.0,0.2873,0.0,5.4008,0.0036711593748308996,0.18654489546444142,0.25375
Kalif Raymond,WR,CHI,NYJ,NYJ@CHI,False,1.0,,False,,,,,,,,,,,,,0.0,0.24965,0.2855,48,0.0,0.0,0.0,89.0,34.656782048624066,14.898852338354212,48.27991368979956,60.0,3.21185,2.0,4.0,70.0,0.2855,0.0,4.8104,0.0036711593748308996,0.16507778349184551,0.24965
Sam Roush,TE,CHI,NYJ,NYJ@CHI,False,1.0,,False,,,,,,,,,,,,,0.0,0.06375,0.0652,11,0.0,0.0,0.0,65.0,5.496949200319161,0.0,7.979949945970953,22.0,0.5997,0.0,1.0,15.0,0.0652,0.0,0.88605,0.0036711593748308996,0.0322373795249698,0.06375
D'Andre Swift,RB,CHI,NYJ,NYJ@CHI,False,0.9508674235277402,Full,False,,,,,,,,,,,,,0.7589994219349414,0.6123285511587577,0.9064060118766094,77,72.63317427768497,48.292430641500246,91.61332841193426,72.0,14.280204601460925,3.5986704311035935,20.93697288769333,55.0,2.011981712123601,1.0,3.0,61.0,0.14740658994166797,14.78874349676809,2.7704556203689106,0.46391466934679054,0.09415438828880474,0.582243271792802
Zavion Thomas,WR,CHI,NYJ,NYJ@CHI,False,1.0,,False,,,,,,,,,,,,,0.0,0.01995,0.02015,1,0.0,0.0,0.0,61.0,3.248183154839937,0.0,0.0,61.0,0.2902,0.0,0.0,61.0,0.02015,0.0,0.4678,0.0036711593748308996,0.0158355534296039,0.01995
Jahdae Walker,WR,CHI,NYJ,NYJ@CHI,False,1.0,,False,,,,,,,,,,,,,0.0,0.0597,0.06105,7,0.0,0.0,0.0,61.0,5.783746976477362,0.0,7.927109698239654,20.0,0.52525,0.0,1.0,4.0,0.06105,0.0,0.8375,0.0036711593748308996,0.02915928246233834,0.0597
Trevor Lawrence,QB,JAX,CIN,JAX@CIN,False,1.0,,False,17.5544,15.0,20.0,87.0,209.4576623837434,155.29479104309138,252.4828253504736,82.0,1.8583,1.0,3.0,64.0,0.0879,0.08455,0.0879,57,,,,,,,,,,,,,,,,,,0.08455
Ameer Abdullah,RB,JAX,CIN,JAX@CIN,False,1.0,,False,,,,,,,,,,,,,0.0866,0.1683,0.18265,17,14.2965848787049,3.742474509098783,19.81655060401547,37.0,6.3869834970143495,0.0,9.857697583890124,24.0,0.8461,0.0,1.0,35.0,0.09605,3.05665,1.1492,0.1012339773294711,0.03897586367971787,0.1683
LeQuint Allen Jr.,RB,JAX,CIN,JAX@CIN,False,0.9951309141019752,Limited,False,,,,,,,,,,,,,0.011655362974127104,0.0869128359708616,0.09032906304948506,10,2.044902206614858,0.0,0.9464560588153261,50.0,4.676821840390824,0.0,6.77601511662397,20.0,0.6191409193669932,0.0,1.0,15.0,0.07867370007535796,0.4372268274302939,0.847977895001256,0.014411611963900142,0.028842503785887787,0.08648964990687853
Nate Boerkircher,TE,JAX,CIN,JAX@CIN,False,0.9479829842591244,Full,False,,,,,,,,,,,,,0.0,0.06347697507393325,0.06585340092944655,9,0.0,0.0,0.0,60.0,4.5110970506795525,0.0,5.42689362340628,26.0,0.44344106463878324,0.0,1.0,3.0,0.06585340092944655,0.0,0.6613329108576257,0.003731281965321853,0.02316884689475601,0.060175092262329304
Josh Cameron,WR,JAX,CIN,JAX@CIN,False,1.0,,False,,,,,,,,,,,,,0.0,0.15335,0.16465,18,0.0,0.0,0.0,66.0,13.295182002103314,0.0,20.578424744140108,20.0,1.0457,0.0,2.0,9.0,0.16465,0.0,1.6886,0.003731281965321853,0.055206768305918905,0.15335
Jakobi Meyers,WR,JAX,CIN,JAX@CIN,False,0.9479829842591244,Full,False,,,,,,,,,,,,,0.0064869996308211594,0.3007225357312378,0.35356784979695166,29,1.0368577029478083,0.0,0.0,74.0,43.73707558435207,20.12959034359628,60.81211988356348,47.0,3.5435367332946575,2.0,5.0,49.0,0.3470808501661305,0.22889088128263277,5.535836717472707,0.007618034012532117,0.18433128756821218,0.28507984685647
Quintin Morris,TE,JAX,CIN,JAX@CIN,False,1.0,,False,,,,,,,,,,,,,0.0,0.03645,0.0367,4,0.0,0.0,0.0,63.0,5.145733324832109,0.0,6.980879684186619,23.0,0.50385,0.0,1.0,4.0,0.0367,0.0,0.7466,0.003731281965321853,0.026344403442872016,0.03645
Chris Rodriguez Jr.,RB,JAX,CIN,JAX@CIN,False,1.0,,False,,,,,,,,,,,,,0.281,0.2542,0.28895,42,31.812989081646688,16.10050371718829,42.53589897294655,48.0,0.8780982929576178,0.0,0.0,73.0,0.1176,0.0,0.0,73.0,0.00795,7.0584,0.15985,0.23408361488355425,0.005406753480438396,0.2542
Brenton Strange,TE,JAX,CIN,JAX@CIN,False,1.0,,False,,,,,,,,,,,,,0.0,0.25125,0.28575,29,0.0,0.0,0.0,76.0,31.473537878223112,12.574017415894383,44.301095982939046,46.0,2.95185,2.0,4.0,56.0,0.28575,0.0,4.31985,0.003731281965321853,0.15382111911821386,0.25125
Brian Thomas Jr.,WR,JAX,CIN,JAX@CIN,False,1.0,,False,,,,,,,,,,,,,0.0,0.2392,0.27005,21,0.0,0.0,0.0,79.0,43.445189356999805,18.549591413927153,61.059803492721215,50.0,3.1871,2.0,4.0,60.0,0.27005,0.0,5.4384,0.003731281965321853,0.17753827286255672,0.2392
Bhayshul Tuten,RB,JAX,CIN,JAX@CIN,False,1.0,,False,,,,,,,,,,,,,0.4173,0.42205,0.5332,77,62.99153175194189,40.91593990419192,80.01290585300961,77.0,8.905085948720243,0.0,13.547301780787462,50.0,1.17215,0.0,2.0,44.0,0.1159,13.05095,1.59705,0.43244341261558644,0.05404793252586473,0.42205
Parker Washington,WR,JAX,CIN,JAX@CIN,False,1.0,,False,,,,,,,,,,,,,0.0,0.3905,0.48235,57,0.0,0.0,0.0,97.0,62.157737449847765,31.869804571925712,84.30070321073784,71.0,4.37385,3.0,6.0,76.0,0.48235,0.0,7.1837,0.003731281965321853,0.23450791901632653,0.3905
Joe Burrow,QB,CIN,JAX,JAX@CIN,False,1.0,,False,21.54425,19.0,24.0,93.0,249.62512134582042,189.89188747636663,297.0908171109877,87.0,1.62175,1.0,2.0,82.0,0.03755,0.037,0.03755,62,,,,,,,,,,,,,,,,,,0.037
Erick All,TE,CIN,JAX,JAX@CIN,False,1.0,,False,,,,,,,,,,,,,0.0,0.0322,0.03285,5,0.0,0.0,0.0,65.0,6.168127857096539,0.0,8.788610736307206,22.0,0.5809,0.0,1.0,13.0,0.03285,0.0,0.8325,0.00413472599357225,0.021523188759094373,0.0322
Tahj Brooks,RB,CIN,JAX,JAX@CIN,False,1.0,,False,,,,,,,,,,,,,0.01465,0.02025,0.02045,1,2.740583532234398,0.0,2.9837964073569356,27.0,0.9627150728198379,0.0,0.0,60.0,0.1198,0.0,0.0,60.0,0.0058,0.6598,0.1567,0.02667412687861754,0.004337945783848672,0.02025
Chase Brown,RB,CIN,JAX,JAX@CIN,False,1.0,,False,,,,,,,,,,,,,0.42615,0.48385,0.6426,82,66.04549799023897,43.847201429048525,82.94299539238408,82.0,26.36326708691853,11.867247824667887,36.47991020870775,72.0,3.5788,2.0,5.0,75.0,0.21645,15.98145,4.6183,0.6472878408039563,0.1265709806088277,0.48385
Ja'Marr Chase,WR,CIN,JAX,JAX@CIN,False,1.0,,False,,,,,,,,,,,,,0.0,0.42795,0.54105,66,0.0,0.0,0.0,97.0,77.50465209474056,46.00789159964896,101.28500492498605,79.0,6.3965,4.0,8.0,81.0,0.54105,0.0,9.6485,0.00413472599357225,0.2650837233849418,0.42795
Mike Gesicki,TE,CIN,JAX,JAX@CIN,False,1.0,,False,,,,,,,,,,,,,0.0,0.2308,0.2571,29,0.0,0.0,0.0,76.0,33.76257321159598,13.261187023896436,48.110707974883226,45.0,2.96875,2.0,4.0,56.0,0.2571,0.0,4.26465,0.00413472599357225,0.11094734731330717,0.2308
Tee Higgins,WR,CIN,JAX,JAX@CIN,False,1.0,,False,,,,,,,,,,,,,0.0,0.2732,0.3154,46,0.0,0.0,0.0,97.0,68.33695371039684,34.35932945894355,92.80095172503718,71.0,4.32765,3.0,6.0,76.0,0.3154,0.0,6.85815,0.00413472599357225,0.19010284318632523,0.2732
Tanner Hudson,TE,CIN,JAX,JAX@CIN,False,1.0,,False,,,,,,,,,,,,,0.0,0.0573,0.05835,4,0.0,0.0,0.0,64.0,11.400256854833572,0.0,17.453732892025045,18.0,1.0542,0.0,2.0,7.0,0.05835,0.0,1.45135,0.0049616711922867,0.03740035518705615,0.0573
Dohnte Meyers,WR,CIN,JAX,JAX@CIN,False,1.0,,False,,,,,,,,,,,,,0.00375,0.0809,0.0843,12,0.9668502109795202,0.0,0.0,71.0,17.398196098389008,0.0,26.482922573466237,26.0,1.3127,0.0,2.0,25.0,0.08055,0.2274,2.0323,0.009239325985636756,0.05561048031259868,0.0809
Samaje Perine,RB,CIN,JAX,JAX@CIN,False,1.0,,False,,,,,,,,,,,,,0.13245,0.19385,0.2119,29,21.027767300041038,8.588652622877806,28.459471938561663,48.0,13.13945863562096,0.9823297847911622,19.94452602856837,33.0,1.6078,1.0,2.0,57.0,0.07945,5.07015,2.0667,0.20612089386050284,0.05673666024646542,0.19385
Drew Sample,TE,CIN,JAX,JAX@CIN,False,1.0,,False,,,,,,,,,,,,,0.0,0.09845,0.1029,14,0.0,0.0,0.0,68.0,10.916273824593315,0.0,16.78803949015281,22.0,1.02495,0.0,2.0,9.0,0.1029,0.0,1.4359,0.00413472599357225,0.036992000577719036,0.09845
Ke'Shawn Williams,WR,CIN,JAX,JAX@CIN,False,1.0,,False,,,,,,,,,,,,,0.0,0.00665,0.0067,1,0.0,0.0,0.0,60.0,1.4021839773079816,0.0,0.0,60.0,0.10525,0.0,0.0,60.0,0.0067,0.0,0.15825,0.006202088990358376,0.004542986839624691,0.00665
Dak Prescott,QB,DAL,HOU,DAL@HOU,False,1.0,,False,21.7011,19.0,25.0,92.0,244.33316699407428,185.13702367905395,293.5426188002188,87.0,1.6134,1.0,2.0,81.0,0.07665,0.0737,0.07665,62,,,,,,,,,,,,,,,,,,0.0737
Emari Demercado,RB,DAL,HOU,DAL@HOU,False,1.0,,False,,,,,,,,,,,,,0.0789,0.0948,0.09855,9,13.594694727545356,3.8511380856251005,18.528020176152474,30.0,3.1721472451696857,0.0,3.439206357368252,30.0,0.4244,0.0,1.0,3.0,0.01965,3.1023,0.56555,0.12382359507220966,0.01641180341718999,0.0948
Jake Ferguson,TE,DAL,HOU,DAL@HOU,False,1.0,,False,,,,,,,,,,,,,0.0,0.24235,0.27295,41,0.0,0.0,0.0,78.0,31.297052347487693,13.549222435770494,43.587888061757305,49.0,3.3407,2.0,5.0,51.0,0.27295,0.0,4.60515,0.003788934110224781,0.12892449113833512,0.24235
Ryan Flournoy,WR,DAL,HOU,DAL@HOU,False,1.0,,False,,,,,,,,,,,,,0.0,0.23945,0.27215,54,0.0,0.0,0.0,89.0,33.78600204132858,13.56015055106373,47.693511008049605,58.0,3.0033,2.0,4.0,69.0,0.27215,0.0,4.66665,0.003788934110224781,0.13724462754810904,0.23945
Tyler Goodson,RB,DAL,HOU,DAL@HOU,False,1.0,,False,,,,,,,,,,,,,0.09915,0.11615,0.12165,9,15.919763826363088,5.293512885166676,21.57230838506477,33.0,3.6645260441617027,0.0,4.755428730875738,25.0,0.4914,0.0,1.0,4.0,0.0225,3.87105,0.6442,0.15533001680093902,0.018024068567615528,0.11615
CeeDee Lamb,WR,DAL,HOU,DAL@HOU,False,1.0,,False,,,,,,,,,,,,,0.0071,0.3118,0.36655,60,1.0785265120676428,0.0,0.0,97.0,75.46914240881856,41.62877896888948,101.06040899462761,76.0,5.24375,4.0,7.0,83.0,0.35945,0.2658,7.9385,0.010805478758789188,0.23453211669030724,0.3118
Hunter Luepke,RB,DAL,HOU,DAL@HOU,False,1.0,,False,,,,,,,,,,,,,0.02155,0.036,0.03635,1,3.6565125056882266,0.0,4.560806203457734,24.0,2.3102629209855476,0.0,0.0,61.0,0.3051,0.0,0.0,61.0,0.0148,0.8826,0.39905,0.03480467659466474,0.011351132874442062,0.036
Jonathan Mingo,WR,DAL,HOU,DAL@HOU,False,1.0,,False,,,,,,,,,,,,,0.0,0.0211,0.02125,2,0.0,0.0,0.0,62.0,5.083781809930341,0.0,5.3051551564176345,30.0,0.40485,0.0,1.0,2.0,0.02125,0.0,0.62545,0.003788934110224781,0.018586510268320998,0.0211
George Pickens,WR,DAL,HOU,DAL@HOU,False,1.0,,False,,,,,,,,,,,,,0.0,0.29785,0.34385,60,0.0,0.0,0.0,97.0,59.9317846275233,31.900193959090807,80.51081876499187,76.0,4.79755,3.0,6.0,81.0,0.34385,0.0,7.4349,0.003788934110224781,0.21944210798844124,0.29785
Luke Schoonmaker,TE,DAL,HOU,DAL@HOU,False,1.0,,False,,,,,,,,,,,,,0.0,0.0343,0.03475,4,0.0,0.0,0.0,63.0,6.340643235346691,0.0,9.254423098199677,19.0,0.62495,0.0,1.0,15.0,0.03475,0.0,0.9233,0.003788934110224781,0.0261781961012032,0.0343
Brevyn Spann-Ford,TE,DAL,HOU,DAL@HOU,False,1.0,,False,,,,,,,,,,,,,0.0,0.03945,0.0399,5,0.0,0.0,0.0,65.0,8.319081252352843,0.0,12.86174080915297,18.0,0.81915,0.0,1.0,28.0,0.0399,0.0,1.17015,0.003788934110224781,0.0328463930960007,0.03945
KaVontae Turpin,WR,DAL,HOU,DAL@HOU,False,1.0,,False,,,,,,,,,,,,,0.0276,0.1047,0.11015,22,1.4341743152302566,0.0,0.0,65.0,14.374881967929896,0.0,22.301785383759757,18.0,1.052,0.0,2.0,8.0,0.08255,0.3535,1.62625,0.014013042026704347,0.04777100741973718,0.1047
Javonte Williams,RB,DAL,HOU,DAL@HOU,False,1.0,,False,,,,,,,,,,,,,0.4652,0.5026,0.6747,85,55.91613126558001,35.44707964765009,71.32138103953059,81.0,18.0197714091325,6.598425581042085,25.68910785109412,68.0,2.74125,1.0,4.0,67.0,0.2095,13.613,3.67495,0.5415981468935401,0.10398067628201126,0.5026
C.J. Stroud,QB,HOU,DAL,DAL@HOU,False,1.0,,False,22.3665,19.0,25.0,92.0,247.95279153242768,188.92480805750748,295.180935906693,87.0,1.6342,1.0,2.0,82.0,0.08705,0.08365,0.08705,62,,,,,,,,,,,,,,,,,,0.08365
Lewis Bond,WR,HOU,DAL,DAL@HOU,False,1.0,,False,,,,,,,,,,,,,0.0,0.0243,0.0244,1,0.0,0.0,0.0,61.0,5.072118030488007,0.0,5.676429071123887,28.0,0.4233,0.0,1.0,1.0,0.0244,0.0,0.6809,0.005043335685979333,0.017434048938545523,0.0243
Kayshon Boutte,WR,HOU,DAL,DAL@HOU,False,1.0,,False,,,,,,,,,,,,,0.0,0.16415,0.1785,27,0.0,0.0,0.0,74.0,23.80670404148394,4.739443679118121,35.35827967254873,36.0,1.83565,1.0,3.0,42.0,0.1785,0.0,2.8925,0.004202779738316111,0.07405539583567827,0.16415
Nico Collins,WR,HOU,DAL,DAL@HOU,False,0.9479829842591244,Full,False,,,,,,,,,,,,,0.011334879797553776,0.31268452129902996,0.36993884436946434,22,1.5931048346745376,0.0,0.0,67.0,66.36431291531633,36.36846002443254,88.55602084705922,45.0,5.160164487557992,3.0,7.0,45.0,0.35860396457191057,0.32212146773513284,8.374367355546182,0.012871012948593089,0.21815729774871698,0.29641960563269015
Xavier Hutchinson,WR,HOU,DAL,DAL@HOU,False,1.0,,False,,,,,,,,,,,,,0.01585,0.2108,0.23225,42,2.2392547815823085,0.0,1.3692663751750036,75.0,36.48228494144685,14.575352891833358,51.46071851410869,63.0,3.02655,2.0,4.0,74.0,0.2164,0.4381,5.087,0.017544937637732332,0.12897755670948935,0.2108
Marlin Klein,TE,HOU,DAL,DAL@HOU,False,1.0,,False,,,,,,,,,,,,,0.0,0.0133,0.0134,2,0.0,0.0,0.0,62.0,2.5306514823148327,0.0,0.0,62.0,0.26355,0.0,0.0,62.0,0.0134,0.0,0.3856,0.004202779738316111,0.010059658176595324,0.0133
Woody Marks,RB,HOU,DAL,DAL@HOU,False,1.0,,False,,,,,,,,,,,,,0.3501,0.3892,0.48035,55,36.10454558856555,19.710863945973838,47.611795880196205,62.0,9.427291057620167,0.0,14.265534589891017,40.0,1.29845,0.0,2.0,39.0,0.13025,8.15395,1.80285,0.3254418215293464,0.052439376546490245,0.3892
David Montgomery,RB,HOU,DAL,DAL@HOU,False,1.0,,False,,,,,,,,,,,,,0.55075,0.48215,0.63845,81,52.18065249895396,32.0354037661734,67.109216790112,74.0,8.689743877018369,0.0,13.271378971102305,48.0,1.21405,0.0,2.0,45.0,0.0877,12.05415,1.61325,0.48050976778317295,0.04712366165599306,0.48215
Foster Moreau,TE,HOU,DAL,DAL@HOU,False,1.0,,False,,,,,,,,,,,,,0.0,0.1479,0.16025,25,0.0,0.0,0.0,73.0,16.511961687285467,2.599588475293653,24.504192847943372,33.0,1.7186,1.0,3.0,38.0,0.16025,0.0,2.5308,0.004202779738316111,0.06758461795132445,0.1479
Jaylin Noel,WR,HOU,DAL,DAL@HOU,False,1.0,,False,,,,,,,,,,,,,0.01565,0.0885,0.09235,16,2.330877837063143,0.0,1.754145975100728,52.0,17.499142730145874,0.0,26.79953863696369,28.0,1.4038,0.0,2.0,32.0,0.0767,0.46505,2.2079,0.018656784129350353,0.05646175690647104,0.0885
Dalton Schultz,TE,HOU,DAL,DAL@HOU,False,0.9575230478992892,Limited,False,,,,,,,,,,,,,0.0,0.24861676584194592,0.281866583150642,47,0.0,0.0,0.0,96.0,46.892683806887106,24.786697882268935,63.249708312355665,72.0,4.904791731913561,3.0,6.0,78.0,0.281866583150642,0.0,7.0246372272679825,0.004202779738316111,0.1884575305919926,0.23805628338784396
Cade Stover,TE,HOU,DAL,DAL@HOU,False,1.0,,False,,,,,,,,,,,,,0.0,0.03465,0.03555,2,0.0,0.0,0.0,62.0,6.104788863261646,0.0,9.151853203881702,17.0,0.64275,0.0,1.0,15.0,0.03555,0.0,0.948,0.004202779738316111,0.025231271717919168,0.03465
Jared Wayne,WR,HOU,DAL,DAL@HOU,False,1.0,,False,,,,,,,,,,,,,0.0,0.16885,0.1826,27,0.0,0.0,0.0,79.0,31.806592850364943,10.902681284769034,45.343322258558516,47.0,2.55225,1.0,4.0,44.0,0.1826,0.0,4.2322,0.004202779738316111,0.10867900941266526,0.16885
Jacoby Brissett,QB,ARI,NYG,ARI@NYG,False,1.0,,False,22.71965,20.0,26.0,92.0,209.21144396986705,160.74707995555457,248.31551421496096,87.0,1.37975,1.0,2.0,78.0,0.09565,0.0914,0.09565,62,,,,,,,,,,,,,,,,,,0.0914
Tyler Allgeier,RB,ARI,NYG,ARI@NYG,False,1.0,,False,,,,,,,,,,,,,0.15835,0.22225,0.24655,62,27.50239744018938,13.163766736506913,36.37791190939813,61.0,8.19019052991781,0.0,12.667196295279297,40.0,1.29215,0.0,2.0,40.0,0.0882,6.71345,1.688,0.2631685649469273,0.050214706342924534,0.22225
Kendrick Bourne,WR,ARI,NYG,ARI@NYG,False,1.0,,False,,,,,,,,,,,,,0.0,0.15045,0.16145,36,0.0,0.0,0.0,82.0,29.94585500837657,11.703078395417071,42.45284911773722,52.0,2.82285,1.0,4.0,51.0,0.16145,0.0,4.2383,0.003823930748269516,0.11641912720977952,0.15045
Jalen Brooks,WR,ARI,NYG,ARI@NYG,False,1.0,,False,,,,,,,,,,,,,0.0,0.01765,0.0177,2,0.0,0.0,0.0,62.0,4.5271398476991935,0.0,4.90782143350911,29.0,0.4089,0.0,1.0,2.0,0.0177,0.0,0.64175,0.003823930748269516,0.017403380504758204,0.01765
Devin Duvernay,WR,ARI,NYG,ARI@NYG,False,1.0,,False,,,,,,,,,,,,,0.0,0.01305,0.01305,1,0.0,0.0,0.0,60.0,3.089955222973616,0.0,0.0,60.0,0.2772,0.0,0.0,60.0,0.01305,0.0,0.4255,0.003823930748269516,0.01178817394600256,0.01305
Simi Fehoko,WR,ARI,NYG,ARI@NYG,False,1.0,,False,,,,,,,,,,,,,0.0,0.00775,0.00785,1,0.0,0.0,0.0,60.0,2.077018625992394,0.0,0.0,60.0,0.1855,0.0,0.0,60.0,0.00785,0.0,0.28875,0.003823930748269516,0.0078787259495309,0.00775
Marvin Harrison Jr.,WR,ARI,NYG,ARI@NYG,False,1.0,,False,,,,,,,,,,,,,0.0,0.11815,0.12425,16,0.0,0.0,0.0,74.0,32.751493202807794,11.979222418845291,46.78599898231437,43.0,2.6034,1.0,4.0,40.0,0.12425,0.0,4.26485,0.003823930748269516,0.11810291959089204,0.11815
Elijah Higgins,TE,ARI,NYG,ARI@NYG,False,1.0,,False,,,,,,,,,,,,,0.0,0.03905,0.0399,5,0.0,0.0,0.0,65.0,8.849913919926141,0.0,13.617219859574073,19.0,1.0026,0.0,2.0,5.0,0.0399,0.0,1.3916,0.003823930748269516,0.037939910490828725,0.03905
Bam Knight,RB,ARI,NYG,ARI@NYG,False,1.0,,False,,,,,,,,,,,,,0.0481,0.07295,0.07465,1,11.666842123519434,2.4585464501676575,16.211806301003755,26.0,4.550439338404705,0.0,6.835229808323653,16.0,0.691,0.0,1.0,18.0,0.02655,2.4793,0.9226,0.09774201021420319,0.027490428251367955,0.07295
Hunter Long,TE,ARI,NYG,ARI@NYG,False,1.0,,False,,,,,,,,,,,,,0.0,0.02595,0.02665,2,0.0,0.0,0.0,62.0,5.6719124167882935,0.0,8.555635301300729,16.0,0.63495,0.0,1.0,14.0,0.02665,0.0,0.9126,0.003823930748269516,0.025046316676960854,0.02595
Jeremiyah Love,RB,ARI,NYG,ARI@NYG,False,1.0,,False,,,,,,,,,,,,,0.3052,0.37335,0.45455,85,56.74747711968415,36.06438905641288,72.27469916780609,81.0,16.171473871572584,5.402204965459918,23.411649134365746,67.0,2.5353,1.0,4.0,65.0,0.14935,12.7385,3.30195,0.5020557379545316,0.09815544243541655,0.37335
Trey McBride,TE,ARI,NYG,ARI@NYG,False,1.0,,False,,,,,,,,,,,,,0.0,0.38465,0.47275,85,0.0,0.0,0.0,97.0,62.54977052035943,38.809048688483706,80.87351478935483,80.0,7.325,5.0,9.0,84.0,0.47275,0.0,10.29505,0.003823930748269516,0.2826379647269515,0.38465
Michael Wilson,WR,ARI,NYG,ARI@NYG,False,1.0,,False,,,,,,,,,,,,,0.0,0.27725,0.32005,72,0.0,0.0,0.0,97.0,45.88091807841487,23.949028637147794,62.07938753562899,75.0,4.5817,3.0,6.0,80.0,0.32005,0.0,7.333,0.003823930748269516,0.2026050189562565,0.27725
Jameis Winston,QB,NYG,ARI,ARI@NYG,False,1.0,,False,16.97515,14.0,20.0,68.0,200.29240319281277,147.91445889066085,242.3751133766375,64.0,1.59475,1.0,2.0,59.0,0.02935,0.0289,0.02935,38,,,,,,,,,,,,,,,,,,0.0289
Braxton Berrios,WR,NYG,ARI,ARI@NYG,False,1.0,,False,,,,,,,,,,,,,0.0,0.01575,0.0159,1,0.0,0.0,0.0,60.0,2.9155502520363465,0.0,0.0,60.0,0.20135,0.0,0.0,60.0,0.0159,0.0,0.3422,0.003174876390494577,0.011481428516071942,0.01575
Malachi Fields,WR,NYG,ARI,ARI@NYG,False,1.0,,False,,,,,,,,,,,,,0.0,0.17305,0.18875,21,0.0,0.0,0.0,79.0,34.66101949443356,11.952029410737893,50.155776781640924,46.0,2.4367,1.0,3.0,55.0,0.18875,0.0,4.1652,0.003174876390494577,0.1377277938265995,0.17305
Najee Harris,RB,NYG,ARI,ARI@NYG,False,1.0,,False,,,,,,,,,,,,,0.1574,0.15305,0.1642,24,27.21541271052559,12.84767938166691,36.72048661544679,41.0,1.1241752760488917,0.0,0.0,67.0,0.13285,0.0,0.0,67.0,0.0068,5.8891,0.1896,0.19776445049813943,0.006178303016430381,0.15305
Theo Johnson,TE,NYG,ARI,ARI@NYG,False,1.0,,False,,,,,,,,,,,,,0.0,0.1107,0.1161,9,0.0,0.0,0.0,68.0,18.505424431520282,1.5722090508157593,27.71149393976095,26.0,1.562,1.0,2.0,49.0,0.1161,0.0,2.5105,0.003174876390494577,0.08590066315972086,0.1107
Isaiah Likely,TE,NYG,ARI,ARI@NYG,False,1.0,,False,,,,,,,,,,,,,0.0,0.35365,0.4297,62,0.0,0.0,0.0,97.0,45.16998419478946,22.221967039043136,61.32078858148566,71.0,3.9907,2.0,5.0,74.0,0.4297,0.0,6.1353,0.003174876390494577,0.211604686432372,0.35365
Darnell Mooney,WR,NYG,ARI,ARI@NYG,False,1.0,,False,,,,,,,,,,,,,0.00415,0.1471,0.15815,14,0.8495995550135869,0.0,0.0,73.0,29.681584295880235,7.629063922113213,43.396912456184246,37.0,1.9705,1.0,3.0,42.0,0.154,0.1875,3.4137,0.006381822239478998,0.1121445721318939,0.1471
Malik Nabers,WR,NYG,ARI,ARI@NYG,False,1.0,,False,,,,,,,,,,,,,0.0,0.32585,0.3896,50,0.0,0.0,0.0,90.0,44.298981504781764,20.143158156749067,61.422900745024144,62.0,3.45785,2.0,5.0,64.0,0.3896,0.0,5.8053,0.003174876390494577,0.1921496692649209,0.32585
Patrick Ricard,RB,NYG,ARI,ARI@NYG,False,0.9508674235277402,Full,False,,,,,,,,,,,,,0.0,0.017347099208636862,0.017451915518054608,1,0.0,0.0,0.0,58.0,2.0720435088147493,0.0,0.0,58.0,0.2453225721922331,0.0,0.0,58.0,0.017451915518054608,0.0,0.3481473717310414,0.0018507391043628726,0.011867537471466781,0.016494791530196635
Devin Singletary,RB,NYG,ARI,ARI@NYG,False,1.0,,False,,,,,,,,,,,,,0.0815,0.21405,0.2371,28,16.475099502997157,5.625332509019048,22.137566313451437,40.0,9.683013463708525,0.0,14.890502732744153,24.0,1.1555,0.0,2.0,19.0,0.1556,3.9304,1.63515,0.13209514760714108,0.054804485556039194,0.21405
Cam Skattebo,RB,NYG,ARI,ARI@NYG,False,1.0,,False,,,,,,,,,,,,,0.3537,0.40075,0.5003,85,50.80250354122881,30.89852827652304,65.53639721727095,80.0,19.60156817451679,5.988773255167598,28.561221013806552,65.0,2.2366,1.0,3.0,73.0,0.1466,12.17605,3.16655,0.4085793475336377,0.10694472200235326,0.40075
Tyrone Tracy Jr.,RB,NYG,ARI,ARI@NYG,False,0.9508674235277402,Full,False,,,,,,,,,,,,,0.03874015748031496,0.0873490813648294,0.09065616797900262,2,8.313751421619841,0.0,11.648135339952173,19.0,7.09236160226853,0.0,10.939191754952656,15.0,0.8218372703412073,0.0,1.0,24.0,0.051916010498687666,1.7942257217847768,1.1736482939632547,0.06038889524934998,0.03902886558661997,0.08305739594489028
Matthew Stafford,QB,LA,PHI,LA@PHI,False,1.0,,False,20.31485,17.0,23.0,91.0,252.04120548514817,189.13570357263256,302.3921479140797,87.0,1.62135,1.0,2.0,81.0,0.065,0.0631,0.065,62,,,,,,,,,,,,,,,,,,0.0631
Davante Adams,WR,LA,PHI,LA@PHI,False,0.9479829842591244,Full,False,,,,,,,,,,,,,0.0,0.3579758324098992,0.43760223734895254,52,0.0,0.0,0.0,95.0,83.62149050034138,45.67413208316448,111.452235004336,72.0,5.334019312965015,4.0,7.0,79.0,0.43760223734895254,0.0,9.343042583504829,0.0037094996240090196,0.205438371562181,0.33935499790058044
Davis Allen,TE,LA,PHI,LA@PHI,False,1.0,,False,,,,,,,,,,,,,0.0,0.05435,0.05535,9,0.0,0.0,0.0,68.0,10.084722711970425,0.0,15.282276664951178,23.0,1.03145,0.0,2.0,10.0,0.05535,0.0,1.554,0.0037094996240090196,0.035878303383514304,0.05435
Tutu Atwell,WR,LA,PHI,LA@PHI,False,1.0,,False,,,,,,,,,,,,,0.0,0.06425,0.0657,2,0.0,0.0,0.0,62.0,13.079497525898354,0.0,20.039950322964984,16.0,1.0089,0.0,2.0,3.0,0.0657,0.0,1.6933,0.0055642494360135285,0.036419750050495796,0.06425
Dean Connors,RB,LA,PHI,LA@PHI,False,1.0,,False,,,,,,,,,,,,,0.00875,0.01485,0.01495,1,1.5398985953308026,0.0,0.0,60.0,1.1133403699979456,0.0,0.0,60.0,0.14495,0.0,0.0,60.0,0.0062,0.3459,0.20145,0.01154930450937464,0.004344665738020907,0.01485
Blake Corum,RB,LA,PHI,LA@PHI,False,1.0,,False,,,,,,,,,,,,,0.2111,0.2628,0.30055,33,40.551249697782936,22.841508485999732,53.31167421487153,63.0,5.835562556312124,0.0,8.759879503332868,40.0,0.7812,0.0,1.0,47.0,0.08945,8.38105,1.09395,0.28217334608852357,0.02442207887920161,0.2628
Tyler Higbee,TE,LA,PHI,LA@PHI,False,0.8055616699684496,DNP,False,,,,,,,,,,,,,0.0,0.20667538451958403,0.2300267762625319,27,0.0,0.0,0.0,65.0,25.749442664219313,8.277305724106805,37.287474805193966,38.0,2.490503767357868,1.0,4.0,36.0,0.2300267762625319,0.0,3.8316208979388504,0.0037094996240090196,0.09112591147814199,0.16648976789496756
Konata Mumpfield,WR,LA,PHI,LA@PHI,False,1.0,,False,,,,,,,,,,,,,0.0,0.1273,0.1335,25,0.0,0.0,0.0,78.0,16.926909227337838,0.0,26.05405449651299,31.0,1.2139,0.0,2.0,28.0,0.1335,0.0,2.24395,0.0037094996240090196,0.04853014105889319,0.1273
Puka Nacua,WR,LA,PHI,LA@PHI,False,0.9479829842591244,Full,False,,,,,,,,,,,,,0.0,0.37878068091844813,0.4637635259963051,15,0.0,0.0,0.0,66.0,90.81396435864659,53.66237611706751,118.22799583429571,46.0,6.813407231459488,5.0,9.0,49.0,0.4637635259963051,0.0,10.941356558458697,0.0055642494360135285,0.2422819490604486,0.35907764027677364
Colby Parkinson,TE,LA,PHI,LA@PHI,False,0.4981574884199691,Questionable; DNP,False,,,,,,,,,,,,,0.0,0.15416207552839828,0.16417910447761194,10,0.0,0.0,0.0,34.0,14.234159787206096,0.0,21.623275849849854,11.0,1.4348392266853651,0.0,2.0,13.0,0.16417910447761194,0.0,2.1639787638986276,0.0037094996240090196,0.05573077410504164,0.07679699235483646
Jordan Whittington,WR,LA,PHI,LA@PHI,False,1.0,,False,,,,,,,,,,,,,0.0,0.04815,0.04905,1,0.0,0.0,0.0,61.0,9.891501927741283,0.0,14.966770114680898,16.0,0.79165,0.0,1.0,23.0,0.04905,0.0,1.2758,0.004451399548810823,0.02735777448413341,0.04815
Kyren Williams,RB,LA,PHI,LA@PHI,False,1.0,,False,,,,,,,,,,,,,0.4406,0.4707,0.6191,85,69.93743902323396,46.7303792245998,88.27701753414608,82.0,19.961548288158014,6.632229123481389,28.859282477532016,67.0,2.55465,1.0,4.0,65.0,0.1785,13.90295,3.62585,0.4659074688288857,0.07975243494787163,0.4707
Jalen Hurts,QB,PHI,LA,LA@PHI,False,1.0,,False,18.24235,15.0,21.0,89.0,184.8405716477239,137.57333637233643,221.82228810500402,85.0,1.61325,1.0,2.0,80.0,0.1742,0.1617,0.1742,60,,,,,,,,,,,,,,,,,,0.1617
Saquon Barkley,RB,PHI,LA,LA@PHI,False,1.0,,False,,,,,,,,,,,,,0.35985,0.4163,0.5262,61,64.55417590275931,42.49061541661522,81.30933310590189,73.0,19.700424050187245,6.975877303844836,28.058344359277317,59.0,2.81755,1.0,4.0,59.0,0.16635,14.26735,4.1757,0.5066954607132254,0.07317225500178123,0.4163
Tank Bigsby,RB,PHI,LA,LA@PHI,False,0.9508674235277402,Full,False,,,,,,,,,,,,,0.11309242017779181,0.15075482615327968,0.15980221976750303,30,17.37729803680284,6.1669446133878925,23.56677167138576,41.0,5.4667065090866,0.0,8.232874916219838,27.0,0.7820209352480143,0.0,1.0,33.0,0.04670979958971122,4.246436273736258,1.1372363368576088,0.1524993004829911,0.020020015140222006,0.14334785312874143
Darius Cooper,WR,PHI,LA,LA@PHI,False,0.9479829842591244,Full,False,,,,,,,,,,,,,0.0,0.11708960724439296,0.12530272717700328,10,0.0,0.0,0.0,61.0,9.497318205392391,0.0,14.499569803789111,18.0,0.7960408550068443,0.0,1.0,26.0,0.12530272717700328,0.0,1.3712224913130462,0.003918102731914374,0.023017613013095545,0.11099895530126844
Britain Covey,WR,PHI,LA,LA@PHI,False,1.0,,False,,,,,,,,,,,,,0.0,0.01775,0.01805,1,0.0,0.0,0.0,60.0,2.9490072005981687,0.0,0.0,60.0,0.24395,0.0,0.0,60.0,0.01805,0.0,0.4197,0.003918102731914374,0.006990110553482418,0.01775
Zach Ertz,TE,PHI,LA,LA@PHI,False,1.0,,False,,,,,,,,,,,,,0.0,0.27495,0.3167,8,0.0,0.0,0.0,62.0,38.247722119060946,17.958139297274727,52.62733068024018,35.0,3.98745,2.0,5.0,40.0,0.3167,0.0,6.3844,0.005877154097871561,0.11945663418304525,0.27495
E.J. Jenkins,TE,PHI,LA,LA@PHI,False,1.0,,False,,,,,,,,,,,,,0.0,0.0085,0.00855,1,0.0,0.0,0.0,60.0,1.0728920220683826,0.0,0.0,60.0,0.11215,0.0,0.0,60.0,0.00855,0.0,0.1808,0.003918102731914374,0.0033630068017476934,0.0085
Makai Lemon,WR,PHI,LA,LA@PHI,False,1.0,,False,,,,,,,,,,,,,0.0051,0.2303,0.25975,16,0.9508943706185923,0.0,0.0,74.0,39.31019423963388,17.811162073389042,54.54287435841754,46.0,3.7029,2.0,5.0,50.0,0.25465,0.22635,6.33875,0.00799945974432518,0.1055486079456173,0.2303
Johnny Mundt,TE,PHI,LA,LA@PHI,False,1.0,,False,,,,,,,,,,,,,0.0,0.0687,0.0702,7,0.0,0.0,0.0,66.0,9.871064262626433,0.0,15.324291356521456,20.0,1.049,0.0,2.0,9.0,0.0702,0.0,1.66775,0.003918102731914374,0.03162725326156454,0.0687
Will Shipley,RB,PHI,LA,LA@PHI,False,0.9508674235277402,Full,False,,,,,,,,,,,,,0.05299684542586751,0.12818086225026287,0.13664563617245004,34,9.981388193661525,1.569189764864181,13.398880121606691,35.0,10.198880264840772,0.0,15.534157773424974,26.0,1.4413774973711881,0.0,2.0,30.0,0.08364879074658255,2.436750788643533,2.0919032597266036,0.08734145840937704,0.036972446743345155,0.12188300623347163
Dontayvion Wicks,WR,PHI,LA,LA@PHI,False,1.0,,False,,,,,,,,,,,,,0.0,0.46565,0.61125,48,0.0,0.0,0.0,84.0,62.121030918601654,32.24669143927158,83.61850086146029,59.0,4.6738,3.0,6.0,65.0,0.61125,0.0,8.13665,0.003918102731914374,0.1351349138313996,0.46565
Jordan Love,QB,GB,TB,GB@TB,False,1.0,,False,21.05075,18.0,24.0,91.0,250.8742331696081,190.43412990920126,300.17113518105094,87.0,1.72215,1.0,2.0,83.0,0.0321,0.03185,0.0321,62,,,,,,,,,,,,,,,,,,0.03185
Chris Brooks,RB,GB,TB,GB@TB,False,1.0,,False,,,,,,,,,,,,,0.0952,0.1435,0.15275,36,11.7210621882461,3.1019244673302984,15.733072085426386,40.0,7.953024371488494,0.0,12.396751977644627,26.0,1.10715,0.0,2.0,18.0,0.05755,3.14,1.6393,0.1586231360316892,0.03545245369331911,0.1435
Matthew Golden,WR,GB,TB,GB@TB,False,1.0,,False,,,,,,,,,,,,,0.0,0.3322,0.39395,66,0.0,0.0,0.0,97.0,58.691479118551676,30.17102446090666,79.38784455209205,75.0,4.3664,3.0,6.0,79.0,0.39395,0.0,7.86005,0.0040338590252482175,0.17944285542252625,0.3322
Kaleb Johnson,RB,GB,TB,GB@TB,False,1.0,,False,,,,,,,,,,,,,0.10515,0.121,0.1267,13,17.001091349830038,6.33602743487813,22.307450617777928,44.0,3.4411629605834895,0.0,4.285057200450848,35.0,0.4736,0.0,1.0,12.0,0.02155,4.7821,0.6973,0.24099239564424177,0.014913634654722084,0.121
Tucker Kraft,TE,GB,TB,GB@TB,False,1.0,,False,,,,,,,,,,,,,0.0,0.23985,0.273,35,0.0,0.0,0.0,87.0,50.6133710407882,25.885345338443322,69.09995020518892,62.0,4.61895,3.0,6.0,68.0,0.273,0.0,7.4478,0.0040338590252482175,0.17927638077196362,0.23985
MarShawn Lloyd,RB,GB,TB,GB@TB,False,1.0,,False,,,,,,,,,,,,,0.2568,0.3326,0.3958,70,34.40506878336998,18.453378670829416,44.980382024704525,60.0,10.645269666675771,0.0,16.217549853135118,38.0,1.4975,0.0,2.0,43.0,0.139,9.74705,2.1998,0.4912491318250138,0.04739769159254864,0.3326
Bo Melton,WR,GB,TB,GB@TB,False,1.0,,False,,,,,,,,,,,,,0.0,0.0476,0.0482,5,0.0,0.0,0.0,65.0,9.563644672489632,0.0,14.65317914901436,19.0,0.79715,0.0,1.0,27.0,0.0482,0.0,1.3927,0.0040338590252482175,0.031707909519308776,0.0476
J. Michael Sturdivant,WR,GB,TB,GB@TB,False,1.0,,False,,,,,,,,,,,,,0.0,0.0359,0.03645,4,0.0,0.0,0.0,64.0,7.728654784948489,0.0,11.472837214985617,19.0,0.65945,0.0,1.0,19.0,0.03645,0.0,1.13645,0.004840630830297861,0.025661210819242147,0.0359
Skyy Moore,WR,GB,TB,GB@TB,False,1.0,,False,,,,,,,,,,,,,0.0,0.17945,0.1963,36,0.0,0.0,0.0,78.0,19.32513553475571,2.5587734908007485,28.906587111138833,37.0,1.6912,1.0,2.0,60.0,0.1963,0.0,3.03275,0.0040338590252482175,0.06892510430865523,0.17945
Jonnu Smith,TE,GB,TB,GB@TB,False,1.0,,False,,,,,,,,,,,,,0.0,0.1139,0.11955,16,0.0,0.0,0.0,70.0,15.856074856529691,2.1828838262073713,23.716737408626994,29.0,1.6877,1.0,2.0,52.0,0.11955,0.0,2.70215,0.0040338590252482175,0.06495765294524869,0.1139
Christian Watson,WR,GB,TB,GB@TB,False,1.0,,False,,,,,,,,,,,,,0.0,0.41495,0.5242,77,0.0,0.0,0.0,97.0,85.08594557107591,47.88518134473038,112.86784798110084,77.0,5.66165,4.0,7.0,84.0,0.5242,0.0,10.0364,0.0040338590252482175,0.2294997740755688,0.41495
Jalon Daniels,QB,TB,GB,GB@TB,False,1.0,,False,21.4735,18.0,24.0,53.0,232.74239641953375,175.39537634233983,278.3496223684207,48.0,1.37995,1.0,2.0,39.0,0.14795,0.138,0.14795,19,,,,,,,,,,,,,,,,,,0.138
Payne Durham,TE,TB,GB,GB@TB,False,1.0,,False,,,,,,,,,,,,,0.0,0.01175,0.01185,1,0.0,0.0,0.0,61.0,2.806840696233012,0.0,0.0,61.0,0.27875,0.0,0.0,61.0,0.01185,0.0,0.4272,0.004031067598683822,0.011496661950966977,0.01175
Emeka Egbuka,WR,TB,GB,GB@TB,False,1.0,,False,,,,,,,,,,,,,0.0107,0.24515,0.27935,41,1.1527328024024142,0.0,0.0,87.0,54.0804134043043,27.325297077853254,73.56181182392304,62.0,4.16845,3.0,6.0,66.0,0.26865,0.25735,7.27765,0.009405824396928919,0.20988922303322183,0.24515
Kenny Gainwell,RB,TB,GB,GB@TB,False,1.0,,False,,,,,,,,,,,,,0.1824,0.28905,0.3344,35,20.56964326546504,7.899448503323278,27.54939485314283,48.0,17.505488314048595,5.723156973353392,25.07224333615179,44.0,2.40435,1.0,3.0,52.0,0.152,5.04415,3.30945,0.18402720569832287,0.09431425421677939,0.28905
Chris Godwin Jr.,WR,TB,GB,GB@TB,False,0.9479829842591244,Full,False,,,,,,,,,,,,,0.016227608008429928,0.14794520547945206,0.1583245521601686,16,1.8526180210420953,0.0,0.7337173383727228,60.0,33.01163374037869,12.785488227985919,46.7563444283182,42.0,2.8231822971549,1.0,4.0,41.0,0.14209694415173868,0.4302950474183351,4.543940990516333,0.01612427039473529,0.13276393565331426,0.14024953739724033
Ted Hurst III,WR,TB,GB,GB@TB,False,1.0,,False,,,,,,,,,,,,,0.0,0.1697,0.185,30,0.0,0.0,0.0,78.0,34.382153949683634,11.94150328656476,49.10951891325106,45.0,2.5342,1.0,4.0,42.0,0.185,0.0,4.2905,0.004031067598683822,0.12313462829329262,0.1697
Bucky Irving,RB,TB,GB,GB@TB,False,0.9508674235277402,Full,False,,,,,,,,,,,,,0.5795359092818143,0.5740235195296094,0.8183011339773204,72,63.11758690778054,41.04503184489589,79.97450601275159,72.0,25.17283156453711,10.86386789690384,35.18388365875537,62.0,3.2694246115077696,2.0,4.0,72.0,0.2387652246955061,14.337358252834944,4.397679546409072,0.5641843775666591,0.12676991240072408,0.5458202650594451
Kameron Johnson,WR,TB,GB,GB@TB,False,1.0,,False,,,,,,,,,,,,,0.0,0.01055,0.01055,1,0.0,0.0,0.0,60.0,2.72325709290027,0.0,0.0,60.0,0.21515,0.0,0.0,60.0,0.01055,0.0,0.356,0.004031067598683822,0.01017560986849046,0.01055
Tez Johnson,WR,TB,GB,GB@TB,False,1.0,,False,,,,,,,,,,,,,0.01055,0.12385,0.1313,21,1.303571945363527,0.0,0.0,70.0,18.491476447795243,0.0,28.334263384686054,24.0,1.3923,0.0,2.0,26.0,0.12075,0.2947,2.37805,0.010749513596490193,0.06795565339302032,0.12385
Cade Otton,TE,TB,GB,GB@TB,False,1.0,,False,,,,,,,,,,,,,0.0,0.22515,0.2531,36,0.0,0.0,0.0,83.0,44.42753257844687,22.534143358897072,60.407861415550684,58.0,4.36785,3.0,6.0,63.0,0.2531,0.0,6.59385,0.004031067598683822,0.17817762212893093,0.22515
Bauer Sharp,TE,TB,GB,GB@TB,False,1.0,,False,,,,,,,,,,,,,0.0,0.0046,0.0046,1,0.0,0.0,0.0,60.0,1.107612111272459,0.0,0.0,60.0,0.10705,0.0,0.0,60.0,0.0046,0.0,0.1611,0.004031067598683822,0.004344251723652188,0.0046
Josh Williams,RB,TB,GB,GB@TB,False,1.0,,False,,,,,,,,,,,,,0.0,0.0048,0.00485,1,0.0,0.0,0.0,60.0,0.9600665960887218,0.0,0.0,60.0,0.12685,0.0,0.0,60.0,0.00485,0.0,0.1754,0.0045181753576006185,0.0048760774093593,0.0048
Malik Willis,QB,MIA,MIN,MIA@MIN,False,1.0,,False,17.72885,15.0,20.0,90.0,219.78683834452536,165.29596708331667,264.2322143468124,85.0,0.9101,0.0,1.0,65.0,0.1497,0.13995,0.1497,60,,,,,,,,,,,,,,,,,,0.13995
Chris Bell,WR,MIA,MIN,MIA@MIN,False,0.9479829842591244,Full,False,,,,,,,,,,,,,0.0,0.11467889908256881,0.12037329958873774,17,0.0,0.0,0.0,72.0,41.809014668671345,15.338923677216837,60.35940586609644,41.0,2.7124327744384686,1.0,4.0,41.0,0.12037329958873774,0.0,4.7835073289043555,0.004001563023420691,0.10139379171137435,0.10871364498384455
Kevin Coleman Jr.,WR,MIA,MIN,MIA@MIN,False,1.0,,False,,,,,,,,,,,,,0.0,0.06935,0.07165,11,0.0,0.0,0.0,70.0,21.47275638279322,0.0,32.38023627224317,24.0,1.5257,0.0,2.0,30.0,0.07165,0.0,2.7375,0.004001563023420691,0.05773344426580865,0.06935
Greg Dulcich,TE,MIA,MIN,MIA@MIN,False,1.0,,False,,,,,,,,,,,,,0.0,0.2594,0.29735,32,0.0,0.0,0.0,79.0,59.70312751838463,31.743165243411962,80.71787310413706,55.0,4.8558,3.0,6.0,61.0,0.29735,0.0,7.60615,0.004001563023420691,0.14886597117357067,0.2594
Ollie Gordon II,RB,MIA,MIN,MIA@MIN,False,1.0,,False,,,,,,,,,,,,,0.21945,0.2255,0.2524,41,35.44780382329608,18.226822141135926,47.08938576544489,53.0,7.574079195051587,0.0,11.733425657180945,31.0,0.88465,0.0,1.0,43.0,0.03295,10.48075,1.29855,0.18704568009449923,0.023623722340357117,0.2255
DJ Herman,RB,MIA,MIN,MIA@MIN,False,1.0,,False,,,,,,,,,,,,,0.0068,0.06135,0.06285,4,1.49651821352185,0.0,0.0,64.0,12.114421539123615,0.0,18.64276448530445,18.0,1.4021,0.0,2.0,21.0,0.05605,0.36535,2.0779,0.006727658245005016,0.03799336378142615,0.06135
Will Kacmarek,TE,MIA,MIN,MIA@MIN,False,1.0,,False,,,,,,,,,,,,,0.0,0.02625,0.0265,4,0.0,0.0,0.0,63.0,7.603724231942023,0.0,11.295708075003779,19.0,0.65525,0.0,1.0,17.0,0.0265,0.0,1.0478,0.004001563023420691,0.020482710836783245,0.02625
Ryan Miller,WR,MIA,MIN,MIA@MIN,False,1.0,,False,,,,,,,,,,,,,0.0,0.03335,0.03375,7,0.0,0.0,0.0,66.0,12.890629863774672,0.0,19.94563471777049,20.0,0.78725,0.0,1.0,28.0,0.03375,0.0,1.3742,0.004001563023420691,0.028815894781872173,0.03335
Malik Washington,WR,MIA,MIN,MIA@MIN,False,1.0,,False,,,,,,,,,,,,,0.01555,0.27085,0.31375,51,3.969598549507669,0.0,4.758881144319761,61.0,68.1204726012461,38.238425636209655,90.65423142594715,74.0,5.59335,4.0,7.0,81.0,0.2982,0.9638,9.8101,0.017206572629814523,0.20567907818009576,0.27085
Jaylen Wright,RB,MIA,MIN,MIA@MIN,False,0.9508674235277402,Full,False,,,,,,,,,,,,,0.13074984247006932,0.14655534551564797,0.15621718126444023,12,22.230857311084225,8.80120754302997,30.023948340258396,31.0,5.911471058948721,0.0,8.93790980527436,16.0,0.6906637261079606,0.0,1.0,17.0,0.02546733879437093,5.530245746691872,1.0049359378281875,0.1000089387528074,0.01838610199745518,0.13935470379468196
Kyler Murray,QB,MIN,MIA,MIA@MIN,False,1.0,,False,17.19585,14.0,20.0,62.0,193.83467905178532,143.72780746423388,233.6599073353841,59.0,1.5539,1.0,2.0,53.0,0.0727,0.0702,0.0727,31,,,,,,,,,,,,,,,,,,0.0702
Jordan Addison,WR,MIN,MIA,MIA@MIN,False,1.0,,False,,,,,,,,,,,,,0.0,0.3953,0.4937,34,0.0,0.0,0.0,86.0,70.16197206502815,37.182928137275944,94.72741879516275,61.0,4.7866,3.0,6.0,67.0,0.4937,0.0,8.0969,0.0033383944339874095,0.18234840808783934,0.3953
Max Bredeson,RB,MIN,MIA,MIA@MIN,False,1.0,,False,,,,,,,,,,,,,0.0112,0.023,0.02325,1,1.528906878682239,0.0,0.0,60.0,1.3926315441783175,0.0,0.0,60.0,0.1768,0.0,0.0,60.0,0.01205,0.37005,0.2317,0.008769845334279734,0.00587157094026069,0.023
Demond Claiborne,RB,MIN,MIA,MIA@MIN,False,1.0,,False,,,,,,,,,,,,,0.05115,0.08905,0.0929,3,7.379394457638307,0.0,9.63648782516618,24.0,4.797597426392624,0.0,6.956043519156875,19.0,0.6148,0.0,1.0,14.0,0.04175,1.8668,0.80965,0.04334558443983785,0.019987273385591902,0.08905
DeeJay Dallas,RB,MIN,MIA,MIA@MIN,False,1.0,,False,,,,,,,,,,,,,0.0365,0.09005,0.0941,5,5.377448231816121,0.0,6.877027383884031,26.0,6.832899924686314,0.0,10.415306068760056,19.0,0.87575,0.0,1.0,30.0,0.0576,1.32125,1.16405,0.03119074554426042,0.028897787921873298,0.09005
Tai Felton,WR,MIN,MIA,MIA@MIN,False,1.0,,False,,,,,,,,,,,,,0.0,0.05045,0.0516,4,0.0,0.0,0.0,63.0,8.438095536069161,0.0,12.208207580940057,20.0,0.63075,0.0,1.0,16.0,0.0516,0.0,0.99715,0.0033383944339874095,0.02231923737032758,0.05045
T.J. Hockenson,TE,MIN,MIA,MIA@MIN,False,1.0,,False,,,,,,,,,,,,,0.0,0.40135,0.5027,34,0.0,0.0,0.0,81.0,51.27351856848222,27.660206266472784,68.602828519435,57.0,5.0771,3.0,7.0,57.0,0.5027,0.0,7.14995,0.0033383944339874095,0.17401394545929222,0.40135
Jauan Jennings,WR,MIN,MIA,MIA@MIN,False,1.0,,False,,,,,,,,,,,,,0.0,0.19835,0.2201,4,0.0,0.0,0.0,64.0,34.15817294413147,12.422923390593738,48.99858061607594,32.0,2.7028,1.0,4.0,31.0,0.2201,0.0,4.3133,0.0040060733207848915,0.0972796575552155,0.19835
Aaron Jones,RB,MIN,MIA,MIA@MIN,False,0.9951309141019752,Limited,False,,,,,,,,,,,,,0.6119597989949749,0.5720100502512563,0.8203517587939698,66,77.58074028455233,53.06504060325746,96.61989913195171,83.0,23.472608038578887,9.157546093285173,33.297407430421714,69.0,3.024472361809045,2.0,4.0,80.0,0.20839195979899497,19.831206030150753,4.109849246231156,0.4695496220428691,0.10180579744853953,0.5692248841820494
Myles Price,WR,MIN,MIA,MIA@MIN,False,1.0,,False,,,,,,,,,,,,,0.0,0.03495,0.0354,2,0.0,0.0,0.0,62.0,6.332984189651314,0.0,8.026732331644848,24.0,0.47555,0.0,1.0,2.0,0.0354,0.0,0.7572,0.0033383944339874095,0.016916054206660962,0.03495
Patrick Mahomes,QB,KC,LV,KC@LV,False,0.98,Full,False,18.95828027099995,16.0,22.0,89.0,222.1495005863947,166.71838049572926,266.30349605779975,85.0,1.5563649330141103,1.0,2.0,79.0,0.09220111048851307,0.08792216392440527,0.09220111048851307,60,,,,,,,,,,,,,,,,,,0.08616372064591717
Cyrus Allen,WR,KC,LV,KC@LV,False,1.0,,False,,,,,,,,,,,,,0.0,0.01675,0.0169,2,0.0,0.0,0.0,62.0,3.8046026084777127,0.0,0.0,62.0,0.27455,0.0,0.0,62.0,0.0169,0.0,0.44575,0.004045413728572829,0.014432767438542021,0.01675
Jake Briningstool,TE,KC,LV,KC@LV,False,1.0,,False,,,,,,,,,,,,,0.0,0.0287,0.02915,4,0.0,0.0,0.0,63.0,5.302674144903949,0.0,6.86939226044643,24.0,0.47205,0.0,1.0,3.0,0.02915,0.0,0.71475,0.004045413728572829,0.02194829542168554,0.0287
Noah Gray,TE,KC,LV,KC@LV,False,1.0,,False,,,,,,,,,,,,,0.0,0.1004,0.10485,14,0.0,0.0,0.0,68.0,13.836270183290065,0.0,21.12459974432791,22.0,1.2818,0.0,2.0,21.0,0.10485,0.0,2.0129,0.004045413728572829,0.061691541629526704,0.1004
Emmett Johnson,RB,KC,LV,KC@LV,False,1.0,,False,,,,,,,,,,,,,0.13685,0.1649,0.18,23,28.060642310785397,13.47514981354431,37.39664233039513,50.0,7.174830565672372,0.0,10.986547460631611,30.0,0.84165,0.0,1.0,40.0,0.04315,6.6541,1.14785,0.21925236725652777,0.03553406150255956,0.1649
Travis Kelce,TE,KC,LV,KC@LV,False,1.0,,False,,,,,,,,,,,,,0.0,0.25765,0.29215,43,0.0,0.0,0.0,89.0,51.167191579500944,25.218635363962253,69.88927700280425,63.0,4.21875,3.0,6.0,67.0,0.29215,0.0,6.30415,0.004045413728572829,0.19231230956075604,0.25765
Nikko Remigio,WR,KC,LV,KC@LV,False,1.0,,False,,,,,,,,,,,,,0.0,0.0047,0.0047,1,0.0,0.0,0.0,60.0,0.8919727155692679,0.0,0.0,60.0,0.06615,0.0,0.0,60.0,0.0047,0.0,0.1093,0.004045413728572829,0.003443678636554231,0.0047
Rashee Rice,WR,KC,LV,KC@LV,False,0.9479829842591244,Full,False,,,,,,,,,,,,,0.0,0.3193808245142947,0.376717738114042,49,0.0,0.0,0.0,83.0,63.82978908187056,33.33033560421122,86.09689539240651,59.0,4.5967988206181225,3.0,6.0,64.0,0.376717738114042,0.0,7.259621965987469,0.004045413728572829,0.23864733221057446,0.30276758713820084
Jalen Royals,WR,KC,LV,KC@LV,False,1.0,,False,,,,,,,,,,,,,0.0,0.0507,0.05205,11,0.0,0.0,0.0,65.0,5.413448450039685,0.0,5.915954866678114,32.0,0.4126,0.0,1.0,5.0,0.05205,0.0,0.66605,0.004045413728572829,0.021699623823015622,0.0507
Brashard Smith,RB,KC,LV,KC@LV,False,1.0,,False,,,,,,,,,,,,,0.00985,0.07045,0.0731,7,1.9200970000463469,0.0,1.013472810607809,45.0,5.893699077404516,0.0,9.022057795288335,15.0,0.7337,0.0,1.0,20.0,0.06325,0.455,1.03055,0.015448556699523958,0.0323598722102208,0.07045
Tyquan Thornton,WR,KC,LV,KC@LV,False,1.0,,False,,,,,,,,,,,,,0.0,0.0811,0.0836,12,0.0,0.0,0.0,71.0,20.575315436222184,0.0,31.08869732029945,26.0,1.38715,0.0,2.0,28.0,0.0836,0.0,2.3316,0.004045413728572829,0.07554250020051258,0.0811
Ben VanSumeren,RB,KC,LV,KC@LV,False,1.0,,False,,,,,,,,,,,,,0.0,0.00465,0.00465,1,0.0,0.0,0.0,60.0,0.7734388045184464,0.0,0.0,60.0,0.0925,0.0,0.0,60.0,0.00465,0.0,0.12755,0.004024486731542844,0.003850358337044487,0.00465
Kenneth Walker III,RB,KC,LV,KC@LV,False,1.0,,False,,,,,,,,,,,,,0.5056,0.56935,0.80585,85,92.54879234749812,65.82392117492392,114.2448029963343,84.0,28.627624733388668,12.491099656445737,39.7643348838762,71.0,3.38205,2.0,5.0,73.0,0.30025,17.8741,4.6073,0.5944292440339229,0.14362057362029831,0.56935
Xavier Worthy,WR,KC,LV,KC@LV,False,1.0,,False,,,,,,,,,,,,,0.0,0.24245,0.27605,48,0.0,0.0,0.0,84.0,33.67362346946725,12.967187364484758,47.80386588269752,53.0,2.77355,1.0,4.0,51.0,0.27605,0.0,4.61645,0.004045413728572829,0.1498792931398061,0.24245
Kirk Cousins,QB,LV,KC,KC@LV,False,1.0,,False,18.79565,16.0,21.0,92.0,191.39890512959752,144.58682854162905,229.78422537580994,87.0,1.4915,1.0,2.0,80.0,0.0452,0.0441,0.0452,62,,,,,,,,,,,,,,,,,,0.0441
Cody White,WR,LV,KC,KC@LV,False,0.9575230478992892,Limited,False,,,,,,,,,,,,,0.0,0.15145173947161913,0.16374574941145698,31,0.0,0.0,0.0,67.0,10.351465198797012,0.0,16.034125982760592,22.0,0.8683233063039498,0.0,1.0,34.0,0.16374574941145698,0.0,1.4431075071933037,0.003992461328319908,0.045033350685395185,0.14501853118851385
Malik Benson,WR,LV,KC,KC@LV,False,0.9479829842591244,Full,False,,,,,,,,,,,,,0.0041285132059492935,0.044037474196792464,0.04477848938760388,7,0.9639083982287893,0.0,0.0,63.0,7.394573106335929,0.0,10.83250884612788,21.0,0.6227174085640185,0.0,1.0,17.0,0.04064997618165458,0.24135923357857408,1.0516064150743663,0.0075892733358153205,0.0323588442106611,0.04174677620830951
Brock Bowers,TE,LV,KC,KC@LV,False,0.9575230478992892,Limited,False,,,,,,,,,,,,,0.0,0.3625510524662268,0.4404649701539428,30,0.0,0.0,0.0,71.0,61.60908678322651,36.13438314895853,80.76699220726417,50.0,6.203005550319405,4.0,8.0,52.0,0.4404649701539428,0.0,9.256885537752645,0.005988691992479861,0.25778897195443734,0.34715098877655665
Connor Heyward,RB,LV,KC,KC@LV,False,1.0,,False,,,,,,,,,,,,,0.0244,0.02885,0.0294,1,5.533293869327462,0.0,7.256241257198674,22.0,0.6595440151647576,0.0,0.0,61.0,0.0902,0.0,0.0,61.0,0.005,1.39925,0.1231,0.04289942249749157,0.0037607662119331585,0.02885
Ashton Jeanty,RB,LV,KC,KC@LV,False,0.9508674235277402,Full,False,,,,,,,,,,,,,0.41617585191417755,0.5185633151030711,0.7022507362221287,84,65.41455559765309,42.50483681123948,82.87710621341468,77.0,23.80605887100903,10.404011398334491,33.16158630169299,68.0,3.42990113588557,2.0,5.0,70.0,0.2860748843079512,18.333456037021456,4.757414808582246,0.6139401900465825,0.1473875392383217,0.4930849633680609
Dylan Laube,RB,LV,KC,KC@LV,False,1.0,,False,,,,,,,,,,,,,0.00425,0.00845,0.00845,1,1.1044240729864125,0.0,0.0,60.0,0.6291702849253297,0.0,0.0,60.0,0.0861,0.0,0.0,60.0,0.0042,0.27135,0.1198,0.008286859198696222,0.0036024008729398827,0.00845
Michael Mayer,TE,LV,KC,KC@LV,False,1.0,,False,,,,,,,,,,,,,0.0,0.2275,0.25655,36,0.0,0.0,0.0,82.0,31.740102692768815,13.897768032801062,44.40733218005513,54.0,3.40905,2.0,5.0,56.0,0.25655,0.0,5.152,0.003992461328319908,0.141344136944197,0.2275
Jalen Nailor,WR,LV,KC,KC@LV,False,1.0,,False,,,,,,,,,,,,,0.0,0.1366,0.1449,25,0.0,0.0,0.0,78.0,23.920607189521803,5.704157410363577,35.41948365381421,40.0,1.93135,1.0,3.0,47.0,0.1449,0.0,3.2937,0.003992461328319908,0.10191907914310318,0.1366
Ian Thomas,TE,LV,KC,KC@LV,False,1.0,,False,,,,,,,,,,,,,0.0,0.0236,0.0238,2,0.0,0.0,0.0,62.0,4.127858811154497,0.0,4.761881840393677,27.0,0.4254,0.0,1.0,2.0,0.0238,0.0,0.6467,0.003992461328319908,0.01747081207462083,0.0236
Tre Tucker,WR,LV,KC,KC@LV,False,1.0,,False,,,,,,,,,,,,,0.0,0.19365,0.2122,32,0.0,0.0,0.0,84.0,40.336556968288875,16.6869474046311,56.767102961441864,54.0,3.0685,2.0,4.0,64.0,0.2122,0.0,5.05065,0.003992461328319908,0.1576834791053455,0.19365
Mike Washington Jr.,RB,LV,KC,KC@LV,False,1.0,,False,,,,,,,,,,,,,0.133,0.13655,0.148,23,31.757121532310137,14.817623866483398,41.873602228147654,46.0,2.0862591019553207,0.0,0.0,71.0,0.2826,0.0,0.0,71.0,0.015,6.76185,0.39715,0.2096170532759599,0.012194789120689845,0.13655
Dareke Young,WR,LV,KC,KC@LV,False,1.0,,False,,,,,,,,,,,,,0.0,0.0146,0.0147,2,0.0,0.0,0.0,62.0,3.027387076910962,0.0,0.0,62.0,0.2388,0.0,0.0,62.0,0.0147,0.0,0.3924,0.003992461328319908,0.01248216955849858,0.0146
Justin Herbert,QB,LAC,SEA,LAC@SEA,False,1.0,,False,18.16965,15.0,21.0,89.0,184.1061257279967,138.61285735747865,220.55750230141558,86.0,1.1139,0.0,2.0,45.0,0.09705,0.0927,0.09705,61,,,,,,,,,,,,,,,,,,0.0927
Derius Davis,WR,LAC,SEA,LAC@SEA,False,1.0,,False,,,,,,,,,,,,,0.0,0.01685,0.017,4,0.0,0.0,0.0,63.0,4.141492873498061,0.0,3.5156181401747273,38.0,0.37005,0.0,1.0,3.0,0.017,0.0,0.6279,0.0037908474855020105,0.014230332899761404,0.01685
Oronde Gadsden II,TE,LAC,SEA,LAC@SEA,False,1.0,,False,,,,,,,,,,,,,0.0,0.17535,0.19085,23,0.0,0.0,0.0,71.0,28.632324419517794,10.787082101207693,40.77637639123397,40.0,2.8697,1.0,4.0,40.0,0.19085,0.0,4.4486,0.0037908474855020105,0.10281199231670671,0.17535
Omarion Hampton,RB,LAC,SEA,LAC@SEA,False,1.0,,False,,,,,,,,,,,,,0.2885,0.3066,0.3602,85,55.70991968321593,35.22444508069434,70.82491250523601,78.0,12.416554314060235,2.404099054231231,18.566215686226514,58.0,1.91085,1.0,3.0,66.0,0.0717,14.5382,2.5934,0.5296110354865731,0.05754512565454453,0.3066
Tre Harris,WR,LAC,SEA,LAC@SEA,False,1.0,,False,,,,,,,,,,,,,0.0,0.2301,0.2593,45,0.0,0.0,0.0,86.0,36.78852218260271,15.52464609716905,51.745363351850614,56.0,3.2561,2.0,4.0,67.0,0.2593,0.0,5.41785,0.0037908474855020105,0.1233765965738993,0.2301
Alec Ingold,RB,LAC,SEA,LAC@SEA,False,1.0,,False,,,,,,,,,,,,,0.0018,0.06745,0.06935,11,0.5587598726337705,0.0,0.0,65.0,5.9443531774701945,0.0,9.061845538986898,20.0,0.86675,0.0,1.0,31.0,0.06755,0.1381,1.2273,0.005007004558139298,0.027566883064968573,0.06745
Quentin Johnston,WR,LAC,SEA,LAC@SEA,False,1.0,,False,,,,,,,,,,,,,0.0031,0.20175,0.2249,30,0.8867790059944546,0.0,0.0,87.0,52.24593488539744,26.22236228327499,71.03021271604618,61.0,4.42585,3.0,6.0,67.0,0.2218,0.2174,7.91205,0.007739646949566604,0.17855517590416997,0.20175
Ladd McConkey,WR,LAC,SEA,LAC@SEA,False,0.6667342299285288,Questionable; Limited,False,,,,,,,,,,,,,0.0,0.22299261910087229,0.251174233952136,25,0.0,0.0,0.0,56.0,45.67880227142212,21.993036753402865,62.947767095131084,38.0,3.854171326325207,2.0,5.0,40.0,0.251174233952136,0.0,6.4424811749794975,0.0037908474855020105,0.16887993185588768,0.14867681217596582
Keaton Mitchell,RB,LAC,SEA,LAC@SEA,False,0.9508674235277402,Full,False,,,,,,,,,,,,,0.0936069455406472,0.16058931860036832,0.17305972112601947,38,22.52093997973566,9.485010777921714,30.349914675439535,46.0,7.108188616008782,0.0,10.977575097466396,29.0,1.0698237305972114,0.0,2.0,20.0,0.07945277558537227,5.252144172586162,1.506393054459353,0.19330370778071188,0.034332277575663,0.15269915162360764
Hayden Rucci,TE,LAC,SEA,LAC@SEA,False,1.0,,False,,,,,,,,,,,,,0.0,0.0067,0.0067,1,0.0,0.0,0.0,60.0,1.28279297052706,0.0,0.0,60.0,0.13895,0.0,0.0,60.0,0.0067,0.0,0.2159,0.005686271228253015,0.004893812218768463,0.0067
Marquez Valdes-Scantling,WR,LAC,SEA,LAC@SEA,False,1.0,,False,,,,,,,,,,,,,0.0,0.0457,0.0469,1,0.0,0.0,0.0,61.0,11.17184807748309,0.0,17.32577374748693,15.0,0.979,0.0,2.0,1.0,0.0469,0.0,1.72105,0.005686271228253015,0.03844010378474763,0.0457
Kimani Vidal,RB,LAC,SEA,LAC@SEA,False,1.0,,False,,,,,,,,,,,,,0.0367,0.07445,0.07665,11,9.534912441115878,1.484360829470753,12.764683451635534,29.0,6.901733430321287,0.0,10.740330307221189,18.0,1.0115,0.0,2.0,5.0,0.03995,2.37235,1.4599,0.08577602028574885,0.0330731257398265,0.07445
Sam Darnold,QB,SEA,LAC,LAC@SEA,False,1.0,,False,20.1135,17.0,23.0,68.0,256.4567141782123,192.2417855847321,308.1322548603384,64.0,1.954,1.0,3.0,47.0,0.0401,0.0395,0.0401,37,,,,,,,,,,,,,,,,,,0.0395
Elijah Arroyo,TE,SEA,LAC,LAC@SEA,False,1.0,,False,,,,,,,,,,,,,0.0,0.0543,0.05565,2,0.0,0.0,0.0,62.0,8.400319451721947,0.0,12.745914606911313,16.0,0.77285,0.0,1.0,23.0,0.05565,0.0,1.1541,0.003935996736425529,0.033123162865189966,0.0543
AJ Barner,TE,SEA,LAC,LAC@SEA,False,1.0,,False,,,,,,,,,,,,,0.0275,0.32055,0.38015,49,1.3310762488571264,0.0,0.0,79.0,35.882346184791906,15.385082379011724,50.109018141877534,50.0,3.33715,2.0,5.0,52.0,0.35265,0.30985,4.65995,0.007215994016780135,0.132259381887268,0.32055
Montorie Foster Jr,WR,SEA,LAC,LAC@SEA,False,1.0,,False,,,,,,,,,,,,,0.0,0.0131,0.01315,1,0.0,0.0,0.0,60.0,2.517572883140943,0.0,0.0,60.0,0.18825,0.0,0.0,60.0,0.01315,0.0,0.29235,0.005903995104638292,0.008568804660695761,0.0131
George Holani,RB,SEA,LAC,LAC@SEA,False,0.9951309141019752,Limited,False,,,,,,,,,,,,,0.2317122186495177,0.29426245980707394,0.3415896302250804,59,31.882417780173398,15.835993344102494,42.44610648665087,54.0,10.09184500220333,0.0,15.341096703973925,34.0,1.2748191318327975,0.0,2.0,32.0,0.1098774115755627,7.715986736334405,1.6520297427652733,0.18117197450171257,0.047763572916747016,0.29282967061370924
Tory Horton,WR,SEA,LAC,LAC@SEA,False,1.0,,False,,,,,,,,,,,,,0.0,0.09615,0.10005,4,0.0,0.0,0.0,64.0,19.10158817657085,0.0,28.874931715094856,19.0,1.3946,0.0,2.0,21.0,0.10005,0.0,2.18295,0.004723196083710635,0.06357411857620636,0.09615
Cooper Kupp,WR,SEA,LAC,LAC@SEA,False,1.0,,False,,,,,,,,,,,,,0.0,0.20245,0.22315,23,0.0,0.0,0.0,76.0,35.89028309199708,13.4351461511082,51.09134527367493,45.0,2.7023,1.0,4.0,43.0,0.22315,0.0,4.11675,0.003935996736425529,0.11939799237840043,0.20245
Brady Russell,RB,SEA,LAC,LAC@SEA,False,1.0,,False,,,,,,,,,,,,,0.0,0.029,0.0293,4,0.0,0.0,0.0,64.0,4.240707225105507,0.0,5.746857153127265,23.0,0.5241,0.0,1.0,7.0,0.0293,0.0,0.6853,0.0034465752222346963,0.020028988373006415,0.029
Eric Saubert,TE,SEA,LAC,LAC@SEA,False,1.0,,False,,,,,,,,,,,,,0.0,0.1033,0.10895,16,0.0,0.0,0.0,65.0,5.865157405764065,0.0,8.261125975433117,23.0,0.56,0.0,1.0,11.0,0.10895,0.0,0.80435,0.003935996736425529,0.022943869645718897,0.1033
Rashid Shaheed,WR,SEA,LAC,LAC@SEA,False,0.9479829842591244,Full,False,,,,,,,,,,,,,0.0071120008429038034,0.20087451269623854,0.22263196712675165,25,1.322755875019217,0.0,0.0,75.0,37.04461808279253,15.327158542976099,52.3846899758115,47.0,3.0267621957644084,2.0,4.0,56.0,0.21551996628384787,0.30549994731851227,4.75919291960805,0.007215994016780135,0.13957040757275127,0.1904256200073776
Jaxon Smith-Njigba,WR,SEA,LAC,LAC@SEA,False,1.0,,False,,,,,,,,,,,,,0.0,0.56095,0.7944,85,0.0,0.0,0.0,97.0,114.1154484816147,69.96253843703816,147.70135340048006,80.0,7.48405,5.0,9.0,84.0,0.7944,0.0,11.00215,0.003935996736425529,0.3184807476222622,0.56095
Emanuel Wilson,RB,SEA,LAC,LAC@SEA,False,1.0,,False,,,,,,,,,,,,,0.48395,0.4279,0.54525,69,61.289668802520175,39.179922503873435,77.45952626614717,64.0,3.484363776464714,0.0,4.1076966345490975,47.0,0.44355,0.0,1.0,23.0,0.0613,15.53775,0.58065,0.36321926835032287,0.01686542105714638,0.4279
Bo Nix,QB,DEN,SF,DEN@SF,False,1.0,,False,20.23285,17.0,23.0,91.0,215.87532834961397,162.95138438349653,258.4330300761455,87.0,1.40255,1.0,2.0,79.0,0.15015,0.13865,0.15015,62,,,,,,,,,,,,,,,,,,0.13865
Nate Adkins,TE,DEN,SF,DEN@SF,False,1.0,,False,,,,,,,,,,,,,0.0068,0.1203,0.1269,25,1.119685227508776,0.0,0.0,68.0,8.510060832452625,0.0,12.938665462123158,22.0,0.85695,0.0,1.0,33.0,0.1201,0.25895,1.2951,0.008018484110048463,0.03557229965909327,0.1203
Tyler Badie,RB,DEN,SF,DEN@SF,False,1.0,,False,,,,,,,,,,,,,0.02785,0.1277,0.13615,17,4.6785597474290075,0.0,5.9457743348824215,27.0,9.065766670936558,0.0,13.862977846156145,20.0,1.21615,0.0,2.0,16.0,0.1083,1.11,1.7747,0.03396559901557302,0.046416352928676324,0.1277
Pat Bryant,WR,DEN,SF,DEN@SF,False,1.0,,False,,,,,,,,,,,,,0.00705,0.11825,0.1244,21,1.1792431759558346,0.0,0.0,74.0,22.48193334525471,4.41803728655395,33.30922509219598,36.0,1.8076,1.0,3.0,41.0,0.11735,0.26215,3.00085,0.008018484110048463,0.08455405883962124,0.11825
J.K. Dobbins,RB,DEN,SF,DEN@SF,False,0.9508674235277402,Full,False,,,,,,,,,,,,,0.46733879437093045,0.39807813484562066,0.49495904221802145,59,59.602521460616636,38.074572954655366,75.83325639625835,64.0,4.7352213601558875,0.0,7.075383329850708,39.0,0.6510712035286704,0.0,1.0,38.0,0.027620247847090947,14.530088216761184,0.9028565427431212,0.47612819126331196,0.023578353035792796,0.37851953044338366
Evan Engram,TE,DEN,SF,DEN@SF,False,1.0,,False,,,,,,,,,,,,,0.0,0.1224,0.13125,20,0.0,0.0,0.0,73.0,21.862275253898943,6.546041966855761,32.022152926159656,38.0,2.2444,1.0,3.0,46.0,0.13125,0.0,3.4588,0.003660612311109081,0.09478496739455596,0.1224
Troy Franklin,WR,DEN,SF,DEN@SF,False,1.0,,False,,,,,,,,,,,,,0.0093,0.11935,0.12705,13,1.6240745290363303,0.0,0.0,66.0,22.203196502292364,4.431285314464472,32.846779050355266,28.0,1.8018,1.0,3.0,33.0,0.11775,0.37925,3.014,0.011795306335795928,0.08561764261290092,0.11935
RJ Harvey,RB,DEN,SF,DEN@SF,False,1.0,,False,,,,,,,,,,,,,0.10355,0.25765,0.2928,28,18.212117494099296,6.195784111204008,24.34343807842434,45.0,23.654926197724492,10.19204503153956,33.21794804010782,46.0,3.24255,2.0,4.0,56.0,0.18925,4.2771,4.4196,0.13197896018929048,0.11468883448904334,0.25765
Lil'Jordan Humphrey,WR,DEN,SF,DEN@SF,False,1.0,,False,,,,,,,,,,,,,0.0,0.0489,0.05,1,0.0,0.0,0.0,61.0,11.652454106522846,0.0,17.947203593407068,15.0,0.94445,0.0,1.0,29.0,0.05,0.0,1.63795,0.005490918466663622,0.04645420735912489,0.0489
Kolbe Katsis,WR,DEN,SF,DEN@SF,False,1.0,,False,,,,,,,,,,,,,0.0,0.00675,0.00675,1,0.0,0.0,0.0,60.0,1.7290460005686807,0.0,0.0,60.0,0.1408,0.0,0.0,60.0,0.00675,0.0,0.23055,0.005490918466663622,0.006694939713418782,0.00675
Marvin Mims Jr.,WR,DEN,SF,DEN@SF,False,0.9479829842591244,Full,False,,,,,,,,,,,,,0.0,0.053289543383833037,0.054772751350778685,1,0.0,0.0,0.0,57.0,11.74710804680772,0.0,18.1035723949929,13.0,1.1245894692234346,0.0,2.0,6.0,0.054772751350778685,0.0,1.7986545184871279,0.005490918466663622,0.051418350126101055,0.05051758036681212
Adam Prentice,RB,DEN,SF,DEN@SF,False,1.0,,False,,,,,,,,,,,,,0.0,0.01045,0.01055,1,0.0,0.0,0.0,61.0,1.9441366638346822,0.0,0.0,61.0,0.2636,0.0,0.0,61.0,0.01055,0.0,0.3654,0.004624047078271475,0.009442481131332163,0.01045
Courtland Sutton,WR,DEN,SF,DEN@SF,False,1.0,,False,,,,,,,,,,,,,0.0,0.2594,0.296,56,0.0,0.0,0.0,86.0,38.187860048124996,16.0986147343448,53.84923372402645,56.0,3.126,2.0,4.0,66.0,0.296,0.0,5.3452,0.003660612311109081,0.15351726654230824,0.2594
Adam Trautman,TE,DEN,SF,DEN@SF,False,1.0,,False,,,,,,,,,,,,,0.0,0.03105,0.03175,5,0.0,0.0,0.0,65.0,6.526107905749481,0.0,9.756482097651888,20.0,0.6673,0.0,1.0,20.0,0.03175,0.0,0.95055,0.003660612311109081,0.02631629996518489,0.03105
Jaylen Waddle,WR,DEN,SF,DEN@SF,False,0.9479829842591244,Full,False,,,,,,,,,,,,,0.007421052631578947,0.21136842105263157,0.23578947368421052,39,1.206066022451049,0.0,0.0,87.0,50.252117177923466,24.235678423765922,69.17636392253499,62.0,3.8717894736842107,2.0,5.0,65.0,0.22836842105263158,0.27810526315789474,6.478315789473684,0.00854142872592119,0.18734126492938988,0.20037366656761282
Brock Purdy,QB,SF,DEN,DEN@SF,False,1.0,,False,18.73525,16.0,21.0,89.0,230.1388291222955,172.09186172407982,276.24522331318354,83.0,1.86655,1.0,3.0,65.0,0.102,0.09715,0.102,58,,,,,,,,,,,,,,,,,,0.09715
Kaelon Black,RB,SF,DEN,DEN@SF,False,1.0,,False,,,,,,,,,,,,,0.2458,0.24445,0.2779,43,41.918155821036144,22.846203352555506,55.656176887846605,56.0,4.070947966128568,0.0,4.885571182517559,43.0,0.46955,0.0,1.0,19.0,0.0321,7.92465,0.66565,0.24891945126204418,0.017069154423332972,0.24445
Jacob Cowing,WR,SF,DEN,DEN@SF,False,1.0,,False,,,,,,,,,,,,,0.0,0.03565,0.03625,4,0.0,0.0,0.0,63.0,7.0999612573539865,0.0,9.184921099807111,24.0,0.4836,0.0,1.0,3.0,0.03625,0.0,0.82155,0.003573081114369162,0.021963988147486662,0.03565
Mike Evans,WR,SF,DEN,DEN@SF,False,0.6667342299285288,Questionable; Limited,False,,,,,,,,,,,,,0.0,0.29835575485799704,0.34701046337817637,26,0.0,0.0,0.0,57.0,46.914395219444174,20.401450922469685,65.98114656479333,38.0,3.296711509715994,2.0,4.0,45.0,0.34701046337817637,0.0,5.647234678624813,0.003573081114369162,0.17378020190537355,0.19892399445999157
Luke Farrell,TE,SF,DEN,DEN@SF,False,1.0,,False,,,,,,,,,,,,,0.0,0.0428,0.04355,5,0.0,0.0,0.0,65.0,7.395532262802635,0.0,10.910844040753764,21.0,0.6289,0.0,1.0,17.0,0.04355,0.0,0.97015,0.003573081114369162,0.025976971345210258,0.0428
Jordan James,RB,SF,DEN,DEN@SF,False,1.0,,False,,,,,,,,,,,,,0.0684,0.0745,0.0772,2,12.994021238086946,2.525736981711299,18.420508097456892,26.0,1.4010284197491958,0.0,0.0,62.0,0.15885,0.0,0.0,62.0,0.0088,2.4912,0.2266,0.07791179701481467,0.005850639311514084,0.0745
Kyle Juszczyk,RB,SF,DEN,DEN@SF,False,1.0,,False,,,,,,,,,,,,,0.0,0.15065,0.16225,17,0.0,0.0,0.0,65.0,12.19075879894227,0.0,18.539106604368982,20.0,1.30765,0.0,2.0,19.0,0.16225,0.0,1.8138,0.0040821452562378666,0.04640435390968829,0.15065
George Kittle,TE,SF,DEN,DEN@SF,False,1.0,,False,,,,,,,,,,,,,0.0,0.41425,0.52845,56,0.0,0.0,0.0,86.0,61.20493199610773,31.81922229069977,82.25209953161554,61.0,4.907,3.0,6.0,67.0,0.52845,0.0,7.29605,0.003573081114369162,0.195409568875346,0.41425
Christian McCaffrey,RB,SF,DEN,DEN@SF,False,0.9508674235277402,Full,False,,,,,,,,,,,,,0.5288173061740091,0.6437707247749882,0.9765250802673825,84,74.09208048385074,49.9915502354645,93.08888034397545,78.0,47.80966017495198,25.737992517825923,63.80269687745735,72.0,5.200115795568188,3.0,7.0,73.0,0.4477077740933733,13.527027738302015,7.367440391599557,0.44275317139235504,0.19092005027216466,0.612140610409379
Deebo Samuel Sr.,WR,SF,DEN,DEN@SF,False,1.0,,False,,,,,,,,,,,,,0.02085,0.3284,0.39155,36,3.647566551176667,0.0,4.499481451383801,41.0,53.32110174643174,23.275180007861394,74.210816027654,49.0,3.45365,2.0,5.0,52.0,0.3707,0.70905,5.6511,0.022311139346997556,0.1508177428708796,0.3284
Jordan Watkins,WR,SF,DEN,DEN@SF,False,1.0,,False,,,,,,,,,,,,,0.0,0.0835,0.0871,2,0.0,0.0,0.0,62.0,18.68480018585918,0.0,28.80760501674499,16.0,1.16355,0.0,2.0,11.0,0.0871,0.0,1.9503,0.005359621671553742,0.051656749172312215,0.0835
Brayden Willis,TE,SF,DEN,DEN@SF,False,1.0,,False,,,,,,,,,,,,,0.0,0.0056,0.0056,1,0.0,0.0,0.0,60.0,1.049382030784454,0.0,0.0,60.0,0.08675,0.0,0.0,60.0,0.0056,0.0,0.13525,0.004287697337242994,0.0036261717429202627,0.0056
Jared Goff,QB,DET,CAR,DET@CAR,False,1.0,,False,21.21115,18.0,24.0,92.0,219.35767744714283,165.4486778253035,261.99290236867245,87.0,1.7514,1.0,3.0,66.0,0.0606,0.0586,0.0606,62,,,,,,,,,,,,,,,,,,0.0586
Jahmyr Gibbs,RB,DET,CAR,DET@CAR,False,1.0,,False,,,,,,,,,,,,,0.976,0.75275,1.29805,85,110.15111313322014,81.36416675216685,134.10793913349823,86.0,29.670855488053533,14.36519701495273,40.60283916344347,73.0,4.04215,2.0,5.0,78.0,0.32205,20.5296,5.39655,0.7353193782287176,0.17056578397255723,0.75275
Tom Kennedy,WR,DET,CAR,DET@CAR,False,1.0,,False,,,,,,,,,,,,,0.0,0.01625,0.01635,1,0.0,0.0,0.0,60.0,2.8857423932404536,0.0,0.0,60.0,0.2412,0.0,0.0,60.0,0.01635,0.0,0.38615,0.004563660195744673,0.011709040824510464,0.01625
Sam LaPorta,TE,DET,CAR,DET@CAR,False,1.0,,False,,,,,,,,,,,,,0.0,0.34455,0.4127,61,0.0,0.0,0.0,90.0,50.92359623309761,27.34394101428424,68.3744051133066,66.0,5.07765,3.0,7.0,67.0,0.4127,0.0,7.26385,0.004563660195744673,0.1843402705526969,0.34455
Tay Martin,WR,DET,CAR,DET@CAR,False,1.0,,False,,,,,,,,,,,,,0.0,0.01245,0.0125,1,0.0,0.0,0.0,60.0,2.449243070655012,0.0,0.0,60.0,0.20175,0.0,0.0,60.0,0.0125,0.0,0.32765,0.004563660195744673,0.009676893243397077,0.01245
Jackson Meeks,WR,DET,CAR,DET@CAR,False,1.0,,False,,,,,,,,,,,,,0.0,0.02775,0.02805,2,0.0,0.0,0.0,62.0,5.439390148596646,0.0,6.786277722225753,24.0,0.4668,0.0,1.0,2.0,0.02805,0.0,0.7435,0.004563660195744673,0.02215271895924376,0.02775
Jacob Saylors,RB,DET,CAR,DET@CAR,False,1.0,,False,,,,,,,,,,,,,0.01105,0.0173,0.01755,1,1.7012105327036384,0.0,0.0,60.0,0.8785564828890239,0.0,0.0,60.0,0.1217,0.0,0.0,60.0,0.0065,0.339,0.16615,0.011988575606114403,0.005250653417118613,0.0173
Amon-Ra St. Brown,WR,DET,CAR,DET@CAR,False,1.0,,False,,,,,,,,,,,,,0.0,0.45635,0.59145,85,0.0,0.0,0.0,97.0,65.5065800312671,38.11755040141783,85.87027877795424,78.0,6.1227,4.0,8.0,80.0,0.59145,0.0,9.7705,0.004563660195744673,0.29254432005340364,0.45635
Isaac TeSlaa,WR,DET,CAR,DET@CAR,False,1.0,,False,,,,,,,,,,,,,0.0,0.1234,0.13105,27,0.0,0.0,0.0,74.0,16.98173342163104,0.0,26.105262340940634,28.0,1.33665,0.0,2.0,30.0,0.13105,0.0,2.2135,0.004563660195744673,0.06617639500570466,0.1234
Sione Vaki,RB,DET,CAR,DET@CAR,False,1.0,,False,,,,,,,,,,,,,0.14355,0.16465,0.17635,16,21.161450486312575,8.259586464584665,29.18860879944478,40.0,4.920795633779491,0.0,7.438723624294899,25.0,0.6874,0.0,1.0,26.0,0.0328,4.20765,0.93255,0.15073081942880007,0.02885744515558088,0.16465
Jameson Williams,WR,DET,CAR,DET@CAR,False,1.0,,False,,,,,,,,,,,,,0.0,0.20045,0.22155,35,0.0,0.0,0.0,87.0,44.29392512745774,18.77047813954451,61.76902713197033,58.0,3.24585,2.0,4.0,69.0,0.22155,0.0,5.30605,0.004563660195744673,0.1587035073771584,0.20045
Brock Wright,TE,DET,CAR,DET@CAR,False,1.0,,False,,,,,,,,,,,,,0.0,0.0611,0.06275,5,0.0,0.0,0.0,65.0,11.22630930622159,0.0,17.329587306582955,18.0,1.18345,0.0,2.0,14.0,0.06275,0.0,1.7907,0.004563660195744673,0.045540475264919195,0.0611
Bryce Young,QB,CAR,DET,DET@CAR,False,0.98,Full,False,22.340846506884244,19.0,25.0,90.0,274.90763895407724,209.12682156184724,328.64383625511186,85.0,1.8758796532381439,1.0,3.0,67.0,0.09984701682814891,0.0944416114227435,0.09984701682814891,60,,,,,,,,,,,,,,,,,,0.09255277919428863
Jalen Coker,WR,CAR,DET,DET@CAR,False,0.6667342299285288,Questionable; Limited,False,,,,,,,,,,,,,0.0,0.34211511114437543,0.4051343462315695,44,0.0,0.0,0.0,63.0,54.18373386689559,26.16347168426646,74.65801388708044,46.0,4.075293765436719,2.0,5.0,49.0,0.4051343462315695,0.0,6.234787815283287,0.0036017860441965605,0.1558458290074983,0.2280998551757582
AJ Dillon,RB,CAR,DET,DET@CAR,False,1.0,,False,,,,,,,,,,,,,0.1229,0.13075,0.1392,10,19.888703107008414,6.916774326025336,26.65534467462317,40.0,2.5059780620552554,0.0,0.0,69.0,0.31785,0.0,0.0,69.0,0.0163,4.62545,0.4359,0.13093538301240798,0.008256103728936698,0.13075
Mitchell Evans,TE,CAR,DET,DET@CAR,False,1.0,,False,,,,,,,,,,,,,0.0,0.1365,0.14555,22,0.0,0.0,0.0,70.0,14.69404981632316,0.0,22.32958697678826,24.0,1.3442,0.0,2.0,25.0,0.14555,0.0,1.9863,0.0036017860441965605,0.04145720362657479,0.1365
Feleipe Franks,TE,CAR,DET,DET@CAR,False,1.0,,False,,,,,,,,,,,,,0.0,0.00355,0.00355,1,0.0,0.0,0.0,60.0,0.6651118054218463,0.0,0.0,60.0,0.0629,0.0,0.0,60.0,0.00355,0.0,0.0959,0.0036017860441965605,0.0020209285776467264,0.00355
Jimmy Horn Jr.,WR,CAR,DET,DET@CAR,False,1.0,,False,,,,,,,,,,,,,0.0,0.0553,0.0568,1,0.0,0.0,0.0,61.0,12.26425768898111,0.0,18.89348574883442,15.0,0.9073,0.0,1.0,28.0,0.0568,0.0,1.50365,0.005402679066294841,0.03295347890858793,0.0553
Chuba Hubbard,RB,CAR,DET,DET@CAR,False,0.9508674235277402,Full,False,,,,,,,,,,,,,0.5501473374026521,0.5464112818354031,0.7605241001894338,83,71.64739076014247,48.315932982389796,89.68153814118605,78.0,21.35498471086451,7.227154544293805,30.56289601325654,63.0,2.618659229635866,1.0,4.0,62.0,0.21037676278678172,15.602557356346033,3.5916649126499682,0.48015997382310005,0.06850935130770748,0.5195646877453197
Tetairoa McMillan,WR,CAR,DET,DET@CAR,False,1.0,,False,,,,,,,,,,,,,0.0,0.4141,0.5244,68,0.0,0.0,0.0,97.0,85.18758266185635,46.77132109065489,113.67707521294582,73.0,5.52945,4.0,7.0,80.0,0.5244,0.0,9.54525,0.0036017860441965605,0.2079302471377643,0.4141
John Metchie III,WR,CAR,DET,DET@CAR,False,1.0,,False,,,,,,,,,,,,,0.0,0.1258,0.13375,13,0.0,0.0,0.0,67.0,20.674731971698957,2.075818013478118,31.05518639412113,25.0,1.6704,1.0,2.0,49.0,0.13375,0.0,2.74915,0.004322143253035873,0.059925631516801345,0.1258
David Moore,WR,CAR,DET,DET@CAR,False,1.0,,False,,,,,,,,,,,,,0.0,0.0423,0.04315,2,0.0,0.0,0.0,62.0,9.178580159838102,0.0,13.801428621283346,17.0,0.67065,0.0,1.0,17.0,0.04315,0.0,1.11045,0.005402679066294841,0.024180261720335043,0.0423
Brycen Tremayne,WR,CAR,DET,DET@CAR,False,1.0,,False,,,,,,,,,,,,,0.0,0.05345,0.0547,11,0.0,0.0,0.0,70.0,12.900576492909801,0.0,19.815195507519054,23.0,0.89005,0.0,1.0,36.0,0.0547,0.0,1.45405,0.0036017860441965605,0.03193488024592266,0.05345
Tommy Tremble,TE,CAR,DET,DET@CAR,False,1.0,,False,,,,,,,,,,,,,0.0,0.1959,0.21655,25,0.0,0.0,0.0,78.0,33.78941176702508,13.345096469040218,48.03503875013597,47.0,3.17205,2.0,4.0,59.0,0.21655,0.0,4.76875,0.0036017860441965605,0.09835148777272693,0.1959
Anthony Tyus III,RB,CAR,DET,DET@CAR,False,1.0,,False,,,,,,,,,,,,,0.0,0.0071,0.0071,1,0.0,0.0,0.0,60.0,1.2545613626181509,0.0,0.0,60.0,0.1519,0.0,0.0,60.0,0.0071,0.0,0.2062,0.003548162203347307,0.003987301932070379,0.0071
Darren Waller,TE,CAR,DET,DET@CAR,False,0.9479829842591244,Full,False,,,,,,,,,,,,,0.0,0.27145349759424736,0.31264209802781157,32,0.0,0.0,0.0,77.0,47.232667457385226,23.065637568294303,64.58939765161794,52.0,4.230952255062656,3.0,6.0,56.0,0.31264209802781157,0.0,6.370380161793475,0.0036017860441965605,0.13336362420145703,0.25733329673697164
Michael Penix Jr.,QB,ATL,NO,ATL@NO,False,1.0,,False,17.09305,14.0,20.0,57.0,186.0132398914997,138.67283099797118,223.68914511745487,54.0,1.131,0.0,2.0,14.0,0.0409,0.04025,0.0409,26,,,,,,,,,,,,,,,,,,0.04025
Chris Blair,WR,ATL,NO,ATL@NO,False,1.0,,False,,,,,,,,,,,,,0.0,0.03275,0.0334,5,0.0,0.0,0.0,65.0,6.334507019631846,0.0,8.788107915983844,23.0,0.52775,0.0,1.0,8.0,0.0334,0.0,0.8731,0.003686234688171161,0.029359713507702022,0.03275
Zachariah Branch,WR,ATL,NO,ATL@NO,False,1.0,,False,,,,,,,,,,,,,0.0,0.04695,0.04835,7,0.0,0.0,0.0,66.0,8.650661805440354,0.0,13.425617567200536,20.0,0.7531,0.0,1.0,27.0,0.04835,0.0,1.2352,0.003686234688171161,0.0412946700509672,0.04695
Jahan Dotson,WR,ATL,NO,ATL@NO,False,1.0,,False,,,,,,,,,,,,,0.0,0.1247,0.1325,18,0.0,0.0,0.0,76.0,23.197579923671515,5.885156993722749,34.26058009676838,39.0,1.9602,1.0,3.0,45.0,0.1325,0.0,3.3985,0.003686234688171161,0.11497225072911339,0.1247
Austin Hooper,TE,ATL,NO,ATL@NO,False,1.0,,False,,,,,,,,,,,,,0.0,0.1159,0.1236,16,0.0,0.0,0.0,70.0,11.66341664062007,0.0,17.867740673989534,24.0,1.17525,0.0,2.0,19.0,0.1236,0.0,1.7562,0.003686234688171161,0.05920537550407646,0.1159
Drake London,WR,ATL,NO,ATL@NO,False,1.0,,False,,,,,,,,,,,,,0.00725,0.2715,0.31365,33,1.7995680118384472,0.0,0.0,90.0,67.02963230674786,36.091877459267096,90.47516342381121,66.0,4.7158,3.0,6.0,71.0,0.3064,0.37555,7.7292,0.011489755701436724,0.2610326419999095,0.2715
Nick Muse,TE,ATL,NO,ATL@NO,False,1.0,,False,,,,,,,,,,,,,0.0,0.00885,0.00895,1,0.0,0.0,0.0,60.0,1.319232271970073,0.0,0.0,60.0,0.1372,0.0,0.0,60.0,0.00895,0.0,0.20775,0.003686234688171161,0.007150789762353575,0.00885
Kyle Pitts,TE,ATL,NO,ATL@NO,False,1.0,,False,,,,,,,,,,,,,0.0,0.1585,0.1728,11,0.0,0.0,0.0,70.0,27.90057598939583,10.733426439978608,39.643377487131616,39.0,2.85465,2.0,4.0,49.0,0.1728,0.0,4.30955,0.003686234688171161,0.14632157177459895,0.1585
Bijan Robinson,RB,ATL,NO,ATL@NO,False,1.0,,False,,,,,,,,,,,,,0.5084,0.5265,0.7189,85,95.75170452633293,68.75538242232771,118.34325548128304,84.0,30.619783440502733,14.791421813909196,42.3180737075079,73.0,3.84695,2.0,5.0,77.0,0.2105,17.20485,5.3473,0.531278601853038,0.20319122728193406,0.5265
Brian Robinson,RB,ATL,NO,ATL@NO,False,1.0,,False,,,,,,,,,,,,,0.1847,0.1863,0.20515,30,36.79911733659716,19.544428376041886,48.88034475925098,59.0,2.6853983208188525,0.0,2.4235872136320813,56.0,0.376,0.0,1.0,23.0,0.02045,7.53635,0.52145,0.23370088360555538,0.019608096488972607,0.1863
Charlie Woerner,TE,ATL,NO,ATL@NO,False,1.0,,False,,,,,,,,,,,,,0.0,0.01645,0.0166,2,0.0,0.0,0.0,62.0,2.7969094281823748,0.0,0.0,62.0,0.28745,0.0,0.0,62.0,0.0166,0.0,0.43205,0.003686234688171161,0.014721993370818004,0.01645
Olamide Zaccheaus,WR,ATL,NO,ATL@NO,False,1.0,,False,,,,,,,,,,,,,0.0,0.104,0.10895,11,0.0,0.0,0.0,70.0,16.95226020276043,2.723226138737024,25.27506098870918,30.0,1.6674,1.0,2.0,52.0,0.10895,0.0,2.7717,0.003686234688171161,0.0944351738251504,0.104
Tyler Shough,QB,NO,ATL,ATL@NO,False,1.0,,False,21.88505,19.0,25.0,92.0,239.18599671529765,181.89900093547266,285.3851227368316,87.0,1.9133,1.0,3.0,69.0,0.1408,0.1316,0.1408,62,,,,,,,,,,,,,,,,,,0.1316
Kevin Austin Jr.,WR,NO,ATL,ATL@NO,False,1.0,,False,,,,,,,,,,,,,0.0,0.0661,0.06825,2,0.0,0.0,0.0,62.0,12.912526202312243,0.0,19.850366011036783,15.0,1.03075,0.0,2.0,3.0,0.06825,0.0,1.788,0.003332389871668485,0.044291850698501146,0.0661
Barion Brown,WR,NO,ATL,ATL@NO,False,0.9479829842591244,Full,False,,,,,,,,,,,,,0.007444954855060985,0.021648450287765984,0.021648450287765984,1,1.6551758942198327,0.0,0.0,57.0,2.848661840802169,0.0,0.0,57.0,0.2201277786577961,0.0,0.0,57.0,0.014203495432705,0.39141454142246157,0.3715613284756323,0.009330691640671757,0.009074282181376526,0.0205223625083817
Oscar Delp,TE,NO,ATL,ATL@NO,False,1.0,,False,,,,,,,,,,,,,0.0,0.02855,0.029,1,0.0,0.0,0.0,61.0,4.977315318997245,0.0,6.45830243772909,22.0,0.49225,0.0,1.0,1.0,0.029,0.0,0.7642,0.003998867846002182,0.01677375977595977,0.02855
CJ Donaldson,RB,NO,ATL,ATL@NO,False,1.0,,False,,,,,,,,,,,,,0.05595,0.07635,0.07935,11,6.677367053963119,0.0,8.768550359389256,26.0,2.9865672614756793,0.0,2.8448352657909273,37.0,0.40145,0.0,1.0,5.0,0.0234,1.66095,0.56725,0.03908062596400464,0.013371007488053786,0.07635
Noah Fant,TE,NO,ATL,ATL@NO,False,0.6667342299285288,Questionable; Limited,False,,,,,,,,,,,,,0.0,0.20557438794726932,0.22877589453860642,25,0.0,0.0,0.0,53.0,18.594142289218436,3.953046101806094,27.424650435746383,28.0,1.9012429378531073,1.0,3.0,32.0,0.22877589453860642,0.0,2.8989077212806027,0.003332389871668485,0.07077182565309295,0.13706348124105125
Juwan Johnson,TE,NO,ATL,ATL@NO,False,1.0,,False,,,,,,,,,,,,,0.0,0.40435,0.50845,66,0.0,0.0,0.0,90.0,53.19623335955299,28.43065029137059,71.76991557067899,66.0,4.99445,3.0,6.0,72.0,0.50845,0.0,7.62265,0.003332389871668485,0.1697533667800427,0.40435
Alvin Kamara,RB,NO,ATL,ATL@NO,False,1.0,,False,,,,,,,,,,,,,0.20635,0.3505,0.4224,36,40.085434213032094,22.004162287709434,52.38335245653181,55.0,21.84725728643072,8.992197237087424,30.806589698263245,48.0,3.22215,2.0,4.0,59.0,0.21605,11.0695,4.47425,0.26317348302825083,0.1033163552853583,0.3505
Bryce Lance,WR,NO,ATL,ATL@NO,False,1.0,,False,,,,,,,,,,,,,0.0,0.06945,0.0717,14,0.0,0.0,0.0,73.0,13.20815530588591,0.0,20.201385358885975,27.0,1.05085,0.0,2.0,16.0,0.0717,0.0,1.7957,0.003332389871668485,0.04472201059179554,0.06945
Kendre Miller,RB,NO,ATL,ATL@NO,False,1.0,,False,,,,,,,,,,,,,0.18055,0.2045,0.22605,23,28.33349942102025,13.241180149006118,37.83129977284196,45.0,5.963761428033185,0.0,9.160159577104167,24.0,0.80565,0.0,1.0,33.0,0.0455,7.27715,1.15105,0.17286051574649386,0.026414792220666394,0.2045
Jalen Cropper,WR,NO,ATL,ATL@NO,False,1.0,,False,,,,,,,,,,,,,0.0,0.0143,0.01435,1,0.0,0.0,0.0,60.0,2.7605464655781966,0.0,0.0,60.0,0.21815,0.0,0.0,60.0,0.01435,0.0,0.36795,0.0049985848075027265,0.009020588203971934,0.0143
Chris Olave,WR,NO,ATL,ATL@NO,False,1.0,,False,,,,,,,,,,,,,0.0,0.4338,0.55885,66,0.0,0.0,0.0,97.0,84.74709783136106,50.21716072045105,110.30164920476582,79.0,6.52505,5.0,8.0,86.0,0.55885,0.0,10.73525,0.003332389871668485,0.2664160110167168,0.4338
Devaughn Vele,WR,NO,ATL,ATL@NO,False,1.0,,False,,,,,,,,,,,,,0.0,0.2618,0.30075,55,0.0,0.0,0.0,95.0,37.76419703163827,15.693615639771181,53.09650128083928,65.0,3.15145,2.0,4.0,76.0,0.30075,0.0,5.30485,0.003332389871668485,0.13046428301322247,0.2618
Treyton Welch,TE,NO,ATL,ATL@NO,False,0.8055616699684496,DNP,False,,,,,,,,,,,,,0.0,0.007887218979008818,0.007887218979008818,1,0.0,0.0,0.0,48.0,1.257397208136677,0.0,0.0,48.0,0.12290398708235002,0.0,0.0,48.0,0.007887218979008818,0.0,0.19407527015277606,0.003998867846002182,0.004365721037379572,0.006353641292137193
