player,team,opp,pos,game,market,prob,fair_odds,rush_td_mean,rec_td_mean,confidence,injury_flag,key_drivers,p_active,note
Aaron Rodgers,PIT,CLE,QB,PIT@CLE,anytime_td,0.01895,5177.0,0.01905,0.0,B,-,team att 36.7; ypa 6.68; opp d_ypa 0.99; pass rate 63.7%,1.0,PLAYED (final score in nflverse)
Aaron Rodgers,PIT,CLE,QB,PIT@CLE,first_td,0.004379464285714285,22734.0,0.01905,0.0,B,-,team att 36.7; ypa 6.68; opp d_ypa 0.99; pass rate 63.7%,1.0,PLAYED (final score in nflverse)
Aaron Rodgers,PIT,CLE,QB,PIT@CLE,last_td,0.004379464285714285,22734.0,0.01905,0.0,B,-,team att 36.7; ypa 6.68; opp d_ypa 0.99; pass rate 63.7%,1.0,PLAYED (final score in nflverse)
Aaron Rodgers,PIT,CLE,QB,PIT@CLE,2plus_td,0.0001,999900.0,0.01905,0.0,B,-,team att 36.7; ypa 6.68; opp d_ypa 0.99; pass rate 63.7%,1.0,PLAYED (final score in nflverse)
Germie Bernard,PIT,CLE,WR,PIT@CLE,anytime_td,0.1253,698.0,0.0,0.1338,C,-,tgt_sh 4.9%; team att 36.7; opp DvP 0.96; RZ tgt 2,1.0,PLAYED (final score in nflverse)
Germie Bernard,PIT,CLE,WR,PIT@CLE,first_td,0.029511466450216448,3289.0,0.0,0.1338,C,-,tgt_sh 4.9%; team att 36.7; opp DvP 0.96; RZ tgt 2,1.0,PLAYED (final score in nflverse)
Germie Bernard,PIT,CLE,WR,PIT@CLE,last_td,0.029511466450216448,3289.0,0.0,0.1338,C,-,tgt_sh 4.9%; team att 36.7; opp DvP 0.96; RZ tgt 2,1.0,PLAYED (final score in nflverse)
Germie Bernard,PIT,CLE,WR,PIT@CLE,2plus_td,0.0083,11948.0,0.0,0.1338,C,-,tgt_sh 4.9%; team att 36.7; opp DvP 0.96; RZ tgt 2,1.0,PLAYED (final score in nflverse)
Pat Freiermuth,PIT,CLE,TE,PIT@CLE,anytime_td,0.2468,305.0,0.0049,0.27545,B,-,tgt_sh 13.2%; team att 36.7; opp DvP 0.90; RZ tgt 3,1.0,PLAYED (final score in nflverse)
Pat Freiermuth,PIT,CLE,TE,PIT@CLE,first_td,0.06206710317460318,1511.0,0.0049,0.27545,B,-,tgt_sh 13.2%; team att 36.7; opp DvP 0.90; RZ tgt 3,1.0,PLAYED (final score in nflverse)
Pat Freiermuth,PIT,CLE,TE,PIT@CLE,last_td,0.06206710317460318,1511.0,0.0049,0.27545,B,-,tgt_sh 13.2%; team att 36.7; opp DvP 0.90; RZ tgt 3,1.0,PLAYED (final score in nflverse)
Pat Freiermuth,PIT,CLE,TE,PIT@CLE,2plus_td,0.0309,3136.0,0.0049,0.27545,B,-,tgt_sh 13.2%; team att 36.7; opp DvP 0.90; RZ tgt 3,1.0,PLAYED (final score in nflverse)
Travis Homer,PIT,CLE,RB,PIT@CLE,anytime_td,0.0547,1728.0,0.0472,0.00895,C,-,w_td 0.11; team TD 2.14,1.0,PLAYED (final score in nflverse)
Travis Homer,PIT,CLE,RB,PIT@CLE,first_td,0.012243775252525253,8067.0,0.0472,0.00895,C,-,w_td 0.11; team TD 2.14,1.0,PLAYED (final score in nflverse)
Travis Homer,PIT,CLE,RB,PIT@CLE,last_td,0.012243775252525253,8067.0,0.0472,0.00895,C,-,w_td 0.11; team TD 2.14,1.0,PLAYED (final score in nflverse)
Travis Homer,PIT,CLE,RB,PIT@CLE,2plus_td,0.00145,68866.0,0.0472,0.00895,C,-,w_td 0.11; team TD 2.14,1.0,PLAYED (final score in nflverse)
DK Metcalf,PIT,CLE,WR,PIT@CLE,anytime_td,0.296,238.0,0.0,0.34535,B,-,tgt_sh 22.2%; team att 36.7; opp DvP 0.96; RZ tgt 1,1.0,PLAYED (final score in nflverse)
DK Metcalf,PIT,CLE,WR,PIT@CLE,first_td,0.0755621626984127,1223.0,0.0,0.34535,B,-,tgt_sh 22.2%; team att 36.7; opp DvP 0.96; RZ tgt 1,1.0,PLAYED (final score in nflverse)
DK Metcalf,PIT,CLE,WR,PIT@CLE,last_td,0.0755621626984127,1223.0,0.0,0.34535,B,-,tgt_sh 22.2%; team att 36.7; opp DvP 0.96; RZ tgt 1,1.0,PLAYED (final score in nflverse)
DK Metcalf,PIT,CLE,WR,PIT@CLE,2plus_td,0.0447,2137.0,0.0,0.34535,B,-,tgt_sh 22.2%; team att 36.7; opp DvP 0.96; RZ tgt 1,1.0,PLAYED (final score in nflverse)
Lew Nichols III,PIT,CLE,RB,PIT@CLE,anytime_td,0.03445,2803.0,0.0258,0.00915,C,-,w_td 0.06; team TD 2.14,1.0,PLAYED (final score in nflverse)
Lew Nichols III,PIT,CLE,RB,PIT@CLE,first_td,0.007669924242424241,12938.0,0.0258,0.00915,C,-,w_td 0.06; team TD 2.14,1.0,PLAYED (final score in nflverse)
Lew Nichols III,PIT,CLE,RB,PIT@CLE,last_td,0.007669924242424241,12938.0,0.0258,0.00915,C,-,w_td 0.06; team TD 2.14,1.0,PLAYED (final score in nflverse)
Lew Nichols III,PIT,CLE,RB,PIT@CLE,2plus_td,0.0005,199900.0,0.0258,0.00915,C,-,w_td 0.06; team TD 2.14,1.0,PLAYED (final score in nflverse)
Michael Pittman,PIT,CLE,WR,PIT@CLE,anytime_td,0.17185,482.0,0.0,0.18655,C,-,tgt_sh 13.5%; team att 36.7; opp DvP 0.96; RZ tgt 0,1.0,PLAYED (final score in nflverse)
Michael Pittman,PIT,CLE,WR,PIT@CLE,first_td,0.04082219877344877,2350.0,0.0,0.18655,C,-,tgt_sh 13.5%; team att 36.7; opp DvP 0.96; RZ tgt 0,1.0,PLAYED (final score in nflverse)
Michael Pittman,PIT,CLE,WR,PIT@CLE,last_td,0.04082219877344877,2350.0,0.0,0.18655,C,-,tgt_sh 13.5%; team att 36.7; opp DvP 0.96; RZ tgt 0,1.0,PLAYED (final score in nflverse)
Michael Pittman,PIT,CLE,WR,PIT@CLE,2plus_td,0.01375,7173.0,0.0,0.18655,C,-,tgt_sh 13.5%; team att 36.7; opp DvP 0.96; RZ tgt 0,1.0,PLAYED (final score in nflverse)
Ben Skowronek,PIT,CLE,WR,PIT@CLE,anytime_td,0.0595,1581.0,0.0,0.0614,C,-,w_td 0.03; team TD 2.14,1.0,PLAYED (final score in nflverse)
Ben Skowronek,PIT,CLE,WR,PIT@CLE,first_td,0.013491993145743146,7312.0,0.0,0.0614,C,-,w_td 0.03; team TD 2.14,1.0,PLAYED (final score in nflverse)
Ben Skowronek,PIT,CLE,WR,PIT@CLE,last_td,0.013491993145743146,7312.0,0.0,0.0614,C,-,w_td 0.03; team TD 2.14,1.0,PLAYED (final score in nflverse)
Ben Skowronek,PIT,CLE,WR,PIT@CLE,2plus_td,0.0018,55456.0,0.0,0.0614,C,-,w_td 0.03; team TD 2.14,1.0,PLAYED (final score in nflverse)
Robert Tonyan,PIT,CLE,TE,PIT@CLE,anytime_td,0.04015,2391.0,0.0,0.04075,C,-,w_td 0.02; team TD 2.14,1.0,PLAYED (final score in nflverse)
Robert Tonyan,PIT,CLE,TE,PIT@CLE,first_td,0.009131194083694083,10851.0,0.0,0.04075,C,-,w_td 0.02; team TD 2.14,1.0,PLAYED (final score in nflverse)
Robert Tonyan,PIT,CLE,TE,PIT@CLE,last_td,0.009131194083694083,10851.0,0.0,0.04075,C,-,w_td 0.02; team TD 2.14,1.0,PLAYED (final score in nflverse)
Robert Tonyan,PIT,CLE,TE,PIT@CLE,2plus_td,0.0006,166567.0,0.0,0.04075,C,-,w_td 0.02; team TD 2.14,1.0,PLAYED (final score in nflverse)
Jaylen Warren,PIT,CLE,RB,PIT@CLE,anytime_td,0.41715,140.0,0.2059,0.31695,B,-,tgt_sh 11.9%; team att 36.7; opp DvP 1.05; RZ tgt 4; car_sh 47.8%; team rush 22.7; opp d_ypc 1.05; inside-10 car 0,1.0,PLAYED (final score in nflverse)
Jaylen Warren,PIT,CLE,RB,PIT@CLE,first_td,0.11585142496392496,763.0,0.2059,0.31695,B,-,tgt_sh 11.9%; team att 36.7; opp DvP 1.05; RZ tgt 4; car_sh 47.8%; team rush 22.7; opp d_ypc 1.05; inside-10 car 0,1.0,PLAYED (final score in nflverse)
Jaylen Warren,PIT,CLE,RB,PIT@CLE,last_td,0.11585142496392496,763.0,0.2059,0.31695,B,-,tgt_sh 11.9%; team att 36.7; opp DvP 1.05; RZ tgt 4; car_sh 47.8%; team rush 22.7; opp d_ypc 1.05; inside-10 car 0,1.0,PLAYED (final score in nflverse)
Jaylen Warren,PIT,CLE,RB,PIT@CLE,2plus_td,0.09055,1004.0,0.2059,0.31695,B,-,tgt_sh 11.9%; team att 36.7; opp DvP 1.05; RZ tgt 4; car_sh 47.8%; team rush 22.7; opp d_ypc 1.05; inside-10 car 0,1.0,PLAYED (final score in nflverse)
Darnell Washington,PIT,CLE,TE,PIT@CLE,anytime_td,0.1576,535.0,0.0,0.1719,C,-,tgt_sh 8.0%; team att 36.7; opp DvP 0.90; RZ tgt 2,1.0,PLAYED (final score in nflverse)
Darnell Washington,PIT,CLE,TE,PIT@CLE,first_td,0.03788431998556998,2540.0,0.0,0.1719,C,-,tgt_sh 8.0%; team att 36.7; opp DvP 0.90; RZ tgt 2,1.0,PLAYED (final score in nflverse)
Darnell Washington,PIT,CLE,TE,PIT@CLE,last_td,0.03788431998556998,2540.0,0.0,0.1719,C,-,tgt_sh 8.0%; team att 36.7; opp DvP 0.90; RZ tgt 2,1.0,PLAYED (final score in nflverse)
Darnell Washington,PIT,CLE,TE,PIT@CLE,2plus_td,0.0136,7253.0,0.0,0.1719,C,-,tgt_sh 8.0%; team att 36.7; opp DvP 0.90; RZ tgt 2,1.0,PLAYED (final score in nflverse)
Roman Wilson,PIT,CLE,WR,PIT@CLE,anytime_td,0.21135,373.0,0.0,0.2321,B,-,tgt_sh 12.0%; team att 36.7; opp DvP 0.96; RZ tgt 2,1.0,PLAYED (final score in nflverse)
Roman Wilson,PIT,CLE,WR,PIT@CLE,first_td,0.051350048701298695,1847.0,0.0,0.2321,B,-,tgt_sh 12.0%; team att 36.7; opp DvP 0.96; RZ tgt 2,1.0,PLAYED (final score in nflverse)
Roman Wilson,PIT,CLE,WR,PIT@CLE,last_td,0.051350048701298695,1847.0,0.0,0.2321,B,-,tgt_sh 12.0%; team att 36.7; opp DvP 0.96; RZ tgt 2,1.0,PLAYED (final score in nflverse)
Roman Wilson,PIT,CLE,WR,PIT@CLE,2plus_td,0.01955,5015.0,0.0,0.2321,B,-,tgt_sh 12.0%; team att 36.7; opp DvP 0.96; RZ tgt 2,1.0,PLAYED (final score in nflverse)
Deshaun Watson,CLE,PIT,QB,PIT@CLE,anytime_td,0.1309,664.0,0.13965,0.0,B,-,team att 29.8; ypa 7.66; opp d_ypa 1.05; pass rate 55.7%,1.0,PLAYED (final score in nflverse)
Deshaun Watson,CLE,PIT,QB,PIT@CLE,first_td,0.03138979978354978,3086.0,0.13965,0.0,B,-,team att 29.8; ypa 7.66; opp d_ypa 1.05; pass rate 55.7%,1.0,PLAYED (final score in nflverse)
Deshaun Watson,CLE,PIT,QB,PIT@CLE,last_td,0.03138979978354978,3086.0,0.13965,0.0,B,-,team att 29.8; ypa 7.66; opp d_ypa 1.05; pass rate 55.7%,1.0,PLAYED (final score in nflverse)
Deshaun Watson,CLE,PIT,QB,PIT@CLE,2plus_td,0.00855,11596.0,0.13965,0.0,B,-,team att 29.8; ypa 7.66; opp d_ypa 1.05; pass rate 55.7%,1.0,PLAYED (final score in nflverse)
Isaiah Bond,CLE,PIT,WR,PIT@CLE,anytime_td,0.04835,1968.0,0.0,0.0497,C,-,w_td 0.03; team TD 2.14,1.0,PLAYED (final score in nflverse)
Isaiah Bond,CLE,PIT,WR,PIT@CLE,first_td,0.010674691558441559,9268.0,0.0,0.0497,C,-,w_td 0.03; team TD 2.14,1.0,PLAYED (final score in nflverse)
Isaiah Bond,CLE,PIT,WR,PIT@CLE,last_td,0.010674691558441559,9268.0,0.0,0.0497,C,-,w_td 0.03; team TD 2.14,1.0,PLAYED (final score in nflverse)
Isaiah Bond,CLE,PIT,WR,PIT@CLE,2plus_td,0.00135,73974.0,0.0,0.0497,C,-,w_td 0.03; team TD 2.14,1.0,PLAYED (final score in nflverse)
Denzel Boston,CLE,PIT,WR,PIT@CLE,anytime_td,0.22845,338.0,0.0,0.25625,B,-,tgt_sh 14.5%; team att 29.8; opp DvP 1.06; RZ tgt 3,1.0,PLAYED (final score in nflverse)
Denzel Boston,CLE,PIT,WR,PIT@CLE,first_td,0.05662085858585858,1666.0,0.0,0.25625,B,-,tgt_sh 14.5%; team att 29.8; opp DvP 1.06; RZ tgt 3,1.0,PLAYED (final score in nflverse)
Denzel Boston,CLE,PIT,WR,PIT@CLE,last_td,0.05662085858585858,1666.0,0.0,0.25625,B,-,tgt_sh 14.5%; team att 29.8; opp DvP 1.06; RZ tgt 3,1.0,PLAYED (final score in nflverse)
Denzel Boston,CLE,PIT,WR,PIT@CLE,2plus_td,0.0261,3731.0,0.0,0.25625,B,-,tgt_sh 14.5%; team att 29.8; opp DvP 1.06; RZ tgt 3,1.0,PLAYED (final score in nflverse)
Michael Burton,CLE,PIT,RB,PIT@CLE,anytime_td,0.0164,5998.0,0.00575,0.0107,C,-,w_td 0.01; team TD 2.14,1.0,PLAYED (final score in nflverse)
Michael Burton,CLE,PIT,RB,PIT@CLE,first_td,0.0036326190476190477,27428.0,0.00575,0.0107,C,-,w_td 0.01; team TD 2.14,1.0,PLAYED (final score in nflverse)
Michael Burton,CLE,PIT,RB,PIT@CLE,last_td,0.0036326190476190477,27428.0,0.00575,0.0107,C,-,w_td 0.01; team TD 2.14,1.0,PLAYED (final score in nflverse)
Michael Burton,CLE,PIT,RB,PIT@CLE,2plus_td,5e-05,999900.0,0.00575,0.0107,C,-,w_td 0.01; team TD 2.14,1.0,PLAYED (final score in nflverse)
KC Concepcion,CLE,PIT,WR,PIT@CLE,anytime_td,0.2993,234.0,0.0138,0.3335,B,-,tgt_sh 20.8%; team att 29.8; opp DvP 1.06; RZ tgt 3,1.0,PLAYED (final score in nflverse)
KC Concepcion,CLE,PIT,WR,PIT@CLE,first_td,0.0766340367965368,1205.0,0.0138,0.3335,B,-,tgt_sh 20.8%; team att 29.8; opp DvP 1.06; RZ tgt 3,1.0,PLAYED (final score in nflverse)
KC Concepcion,CLE,PIT,WR,PIT@CLE,last_td,0.0766340367965368,1205.0,0.0138,0.3335,B,-,tgt_sh 20.8%; team att 29.8; opp DvP 1.06; RZ tgt 3,1.0,PLAYED (final score in nflverse)
KC Concepcion,CLE,PIT,WR,PIT@CLE,2plus_td,0.0446,2142.0,0.0138,0.3335,B,-,tgt_sh 20.8%; team att 29.8; opp DvP 1.06; RZ tgt 3,1.0,PLAYED (final score in nflverse)
Malachi Corley,CLE,PIT,WR,PIT@CLE,anytime_td,0.0201,4875.0,0.0,0.02035,C,-,w_td 0.02; team TD 2.14,1.0,PLAYED (final score in nflverse)
Malachi Corley,CLE,PIT,WR,PIT@CLE,first_td,0.0043629599567099565,22820.0,0.0,0.02035,C,-,w_td 0.02; team TD 2.14,1.0,PLAYED (final score in nflverse)
Malachi Corley,CLE,PIT,WR,PIT@CLE,last_td,0.0043629599567099565,22820.0,0.0,0.02035,C,-,w_td 0.02; team TD 2.14,1.0,PLAYED (final score in nflverse)
Malachi Corley,CLE,PIT,WR,PIT@CLE,2plus_td,0.00025,399900.0,0.0,0.02035,C,-,w_td 0.02; team TD 2.14,1.0,PLAYED (final score in nflverse)
Harold Fannin Jr.,CLE,PIT,TE,PIT@CLE,anytime_td,0.27,270.0,0.0,0.31225,B,-,tgt_sh 18.9%; team att 29.8; opp DvP 1.07; RZ tgt 3,1.0,PLAYED (final score in nflverse)
Harold Fannin Jr.,CLE,PIT,TE,PIT@CLE,first_td,0.06830093795093795,1364.0,0.0,0.31225,B,-,tgt_sh 18.9%; team att 29.8; opp DvP 1.07; RZ tgt 3,1.0,PLAYED (final score in nflverse)
Harold Fannin Jr.,CLE,PIT,TE,PIT@CLE,last_td,0.06830093795093795,1364.0,0.0,0.31225,B,-,tgt_sh 18.9%; team att 29.8; opp DvP 1.07; RZ tgt 3,1.0,PLAYED (final score in nflverse)
Harold Fannin Jr.,CLE,PIT,TE,PIT@CLE,2plus_td,0.0383,2511.0,0.0,0.31225,B,-,tgt_sh 18.9%; team att 29.8; opp DvP 1.07; RZ tgt 3,1.0,PLAYED (final score in nflverse)
Jerry Jeudy,CLE,PIT,WR,PIT@CLE,anytime_td,0.12205,719.0,0.0,0.12855,C,-,tgt_sh 11.0%; team att 29.8; opp DvP 1.06; RZ tgt 0,1.0,PLAYED (final score in nflverse)
Jerry Jeudy,CLE,PIT,WR,PIT@CLE,first_td,0.028984218975468976,3350.0,0.0,0.12855,C,-,tgt_sh 11.0%; team att 29.8; opp DvP 1.06; RZ tgt 0,1.0,PLAYED (final score in nflverse)
Jerry Jeudy,CLE,PIT,WR,PIT@CLE,last_td,0.028984218975468976,3350.0,0.0,0.12855,C,-,tgt_sh 11.0%; team att 29.8; opp DvP 1.06; RZ tgt 0,1.0,PLAYED (final score in nflverse)
Jerry Jeudy,CLE,PIT,WR,PIT@CLE,2plus_td,0.00645,15404.0,0.0,0.12855,C,-,tgt_sh 11.0%; team att 29.8; opp DvP 1.06; RZ tgt 0,1.0,PLAYED (final score in nflverse)
Quinshon Judkins,CLE,PIT,RB,PIT@CLE,anytime_td,0.4464,124.0,0.3836,0.19125,B,-,tgt_sh 9.9%; team att 29.8; opp DvP 0.92; RZ tgt 3; car_sh 51.3%; team rush 26.3; opp d_ypc 1.02; inside-10 car 4,1.0,PLAYED (final score in nflverse)
Quinshon Judkins,CLE,PIT,RB,PIT@CLE,first_td,0.1265008333333333,691.0,0.3836,0.19125,B,-,tgt_sh 9.9%; team att 29.8; opp DvP 0.92; RZ tgt 3; car_sh 51.3%; team rush 26.3; opp d_ypc 1.02; inside-10 car 4,1.0,PLAYED (final score in nflverse)
Quinshon Judkins,CLE,PIT,RB,PIT@CLE,last_td,0.1265008333333333,691.0,0.3836,0.19125,B,-,tgt_sh 9.9%; team att 29.8; opp DvP 0.92; RZ tgt 3; car_sh 51.3%; team rush 26.3; opp d_ypc 1.02; inside-10 car 4,1.0,PLAYED (final score in nflverse)
Quinshon Judkins,CLE,PIT,RB,PIT@CLE,2plus_td,0.1104,806.0,0.3836,0.19125,B,-,tgt_sh 9.9%; team att 29.8; opp DvP 0.92; RZ tgt 3; car_sh 51.3%; team rush 26.3; opp d_ypc 1.02; inside-10 car 4,1.0,PLAYED (final score in nflverse)
Jaleel McLaughlin,CLE,PIT,RB,PIT@CLE,anytime_td,0.04975,1910.0,0.0362,0.015,C,-,w_td 0.06; team TD 2.14,1.0,PLAYED (final score in nflverse)
Jaleel McLaughlin,CLE,PIT,RB,PIT@CLE,first_td,0.011187287157287156,8839.0,0.0362,0.015,C,-,w_td 0.06; team TD 2.14,1.0,PLAYED (final score in nflverse)
Jaleel McLaughlin,CLE,PIT,RB,PIT@CLE,last_td,0.011187287157287156,8839.0,0.0362,0.015,C,-,w_td 0.06; team TD 2.14,1.0,PLAYED (final score in nflverse)
Jaleel McLaughlin,CLE,PIT,RB,PIT@CLE,2plus_td,0.00145,68866.0,0.0362,0.015,C,-,w_td 0.06; team TD 2.14,1.0,PLAYED (final score in nflverse)
Raheim Sanders,CLE,PIT,RB,PIT@CLE,anytime_td,0.13045,667.0,0.05595,0.0835,C,-,tgt_sh 8.0%; team att 29.8; opp DvP 0.92; RZ tgt 0; car_sh 9.5%; team rush 26.3; opp d_ypc 1.02; inside-10 car 0,1.0,PLAYED (final score in nflverse)
Raheim Sanders,CLE,PIT,RB,PIT@CLE,first_td,0.03134102633477634,3091.0,0.05595,0.0835,C,-,tgt_sh 8.0%; team att 29.8; opp DvP 0.92; RZ tgt 0; car_sh 9.5%; team rush 26.3; opp d_ypc 1.02; inside-10 car 0,1.0,PLAYED (final score in nflverse)
Raheim Sanders,CLE,PIT,RB,PIT@CLE,last_td,0.03134102633477634,3091.0,0.05595,0.0835,C,-,tgt_sh 8.0%; team att 29.8; opp DvP 0.92; RZ tgt 0; car_sh 9.5%; team rush 26.3; opp d_ypc 1.02; inside-10 car 0,1.0,PLAYED (final score in nflverse)
Raheim Sanders,CLE,PIT,RB,PIT@CLE,2plus_td,0.0088,11264.0,0.05595,0.0835,C,-,tgt_sh 8.0%; team att 29.8; opp DvP 0.92; RZ tgt 0; car_sh 9.5%; team rush 26.3; opp d_ypc 1.02; inside-10 car 0,1.0,PLAYED (final score in nflverse)
Blake Whiteheart,CLE,PIT,TE,PIT@CLE,anytime_td,0.0531,1783.0,0.0,0.05405,C,-,w_td 0.04; team TD 2.14,1.0,PLAYED (final score in nflverse)
Blake Whiteheart,CLE,PIT,TE,PIT@CLE,first_td,0.011648556998556998,8485.0,0.0,0.05405,C,-,w_td 0.04; team TD 2.14,1.0,PLAYED (final score in nflverse)
Blake Whiteheart,CLE,PIT,TE,PIT@CLE,last_td,0.011648556998556998,8485.0,0.0,0.05405,C,-,w_td 0.04; team TD 2.14,1.0,PLAYED (final score in nflverse)
Blake Whiteheart,CLE,PIT,TE,PIT@CLE,2plus_td,0.00095,105163.0,0.0,0.05405,C,-,w_td 0.04; team TD 2.14,1.0,PLAYED (final score in nflverse)
Daniel Jones,IND,WAS,QB,IND@WAS,anytime_td,0.082,1120.0,0.0866,0.0,B,-,team att 31.9; ypa 7.39; opp d_ypa 1.10; pass rate 55.5%,1.0,INTL neutral site
Daniel Jones,IND,WAS,QB,IND@WAS,first_td,0.015275179126429126,6447.0,0.0866,0.0,B,-,team att 31.9; ypa 7.39; opp d_ypa 1.10; pass rate 55.5%,1.0,INTL neutral site
Daniel Jones,IND,WAS,QB,IND@WAS,last_td,0.015275179126429126,6447.0,0.0866,0.0,B,-,team att 31.9; ypa 7.39; opp d_ypa 1.10; pass rate 55.5%,1.0,INTL neutral site
Daniel Jones,IND,WAS,QB,IND@WAS,2plus_td,0.00415,23996.0,0.0866,0.0,B,-,team att 31.9; ypa 7.39; opp d_ypa 1.10; pass rate 55.5%,1.0,INTL neutral site
Mo Alie-Cox,IND,WAS,TE,IND@WAS,anytime_td,0.03790594685786588,2538.0,0.0,0.03890763390974272,C,no game designation yet (Full),w_td 0.02; team TD 2.74,0.9479829842591244,INTL neutral site
Mo Alie-Cox,IND,WAS,TE,IND@WAS,first_td,0.0068828034810215315,14429.0,0.0,0.03890763390974272,C,no game designation yet (Full),w_td 0.02; team TD 2.74,0.9479829842591244,INTL neutral site
Mo Alie-Cox,IND,WAS,TE,IND@WAS,last_td,0.0068828034810215315,14429.0,0.0,0.03890763390974272,C,no game designation yet (Full),w_td 0.02; team TD 2.74,0.9479829842591244,INTL neutral site
Mo Alie-Cox,IND,WAS,TE,IND@WAS,2plus_td,0.0010016870518768453,99732.0,0.0,0.03890763390974272,C,no game designation yet (Full),w_td 0.02; team TD 2.74,0.9479829842591244,INTL neutral site
Keenan Allen,IND,WAS,WR,IND@WAS,anytime_td,0.3450556056507364,190.0,0.0,0.41609057208696526,B,Questionable (DNP),tgt_sh 18.7%; team att 31.9; opp DvP 1.03; RZ tgt 3,0.4981574884199691,INTL neutral site
Keenan Allen,IND,WAS,WR,IND@WAS,first_td,0.07290691641458097,1272.0,0.0,0.41609057208696526,B,Questionable (DNP),tgt_sh 18.7%; team att 31.9; opp DvP 1.03; RZ tgt 3,0.4981574884199691,INTL neutral site
Keenan Allen,IND,WAS,WR,IND@WAS,last_td,0.07290691641458097,1272.0,0.0,0.41609057208696526,B,Questionable (DNP),tgt_sh 18.7%; team att 31.9; opp DvP 1.03; RZ tgt 3,0.4981574884199691,INTL neutral site
Keenan Allen,IND,WAS,WR,IND@WAS,2plus_td,0.062418595331129145,1502.0,0.0,0.41609057208696526,B,Questionable (DNP),tgt_sh 18.7%; team att 31.9; opp DvP 1.03; RZ tgt 3,0.4981574884199691,INTL neutral site
Deion Burks,IND,WAS,WR,IND@WAS,anytime_td,0.02785,3491.0,0.01115,0.017,C,-,w_td 0.02; team TD 2.74,1.0,INTL neutral site
Deion Burks,IND,WAS,WR,IND@WAS,first_td,0.005102511377511378,19498.0,0.01115,0.017,C,-,w_td 0.02; team TD 2.74,1.0,INTL neutral site
Deion Burks,IND,WAS,WR,IND@WAS,last_td,0.005102511377511378,19498.0,0.01115,0.017,C,-,w_td 0.02; team TD 2.74,1.0,INTL neutral site
Deion Burks,IND,WAS,WR,IND@WAS,2plus_td,0.0003,333233.0,0.01115,0.017,C,-,w_td 0.02; team TD 2.74,1.0,INTL neutral site
Josh Downs,IND,WAS,WR,IND@WAS,anytime_td,0.4312,132.0,0.0,0.5468,B,-,tgt_sh 20.4%; team att 31.9; opp DvP 1.03; RZ tgt 4,1.0,INTL neutral site
Josh Downs,IND,WAS,WR,IND@WAS,first_td,0.09675547383172384,934.0,0.0,0.5468,B,-,tgt_sh 20.4%; team att 31.9; opp DvP 1.03; RZ tgt 4,1.0,INTL neutral site
Josh Downs,IND,WAS,WR,IND@WAS,last_td,0.09675547383172384,934.0,0.0,0.5468,B,-,tgt_sh 20.4%; team att 31.9; opp DvP 1.03; RZ tgt 4,1.0,INTL neutral site
Josh Downs,IND,WAS,WR,IND@WAS,2plus_td,0.0994,906.0,0.0,0.5468,B,-,tgt_sh 20.4%; team att 31.9; opp DvP 1.03; RZ tgt 4,1.0,INTL neutral site
Ashton Dulin,IND,WAS,WR,IND@WAS,anytime_td,0.05063291139240506,1875.0,0.0,0.05201740506329114,C,Questionable (Full),w_td 0.03; team TD 2.74,0.7549608892548374,INTL neutral site
Ashton Dulin,IND,WAS,WR,IND@WAS,first_td,0.009115114440470454,10871.0,0.0,0.05201740506329114,C,Questionable (Full),w_td 0.03; team TD 2.74,0.7549608892548374,INTL neutral site
Ashton Dulin,IND,WAS,WR,IND@WAS,last_td,0.009115114440470454,10871.0,0.0,0.05201740506329114,C,Questionable (Full),w_td 0.03; team TD 2.74,0.7549608892548374,INTL neutral site
Ashton Dulin,IND,WAS,WR,IND@WAS,2plus_td,0.001384493670886076,72129.0,0.0,0.05201740506329114,C,Questionable (Full),w_td 0.03; team TD 2.74,0.7549608892548374,INTL neutral site
Seth McGowan,IND,WAS,RB,IND@WAS,anytime_td,0.16215,517.0,0.15085,0.0283,C,-,car_sh 11.9%; team rush 27.0; opp d_ypc 0.97; inside-10 car 1,1.0,INTL neutral site
Seth McGowan,IND,WAS,RB,IND@WAS,first_td,0.03229180000555001,2997.0,0.15085,0.0283,C,-,car_sh 11.9%; team rush 27.0; opp d_ypc 0.97; inside-10 car 1,1.0,INTL neutral site
Seth McGowan,IND,WAS,RB,IND@WAS,last_td,0.03229180000555001,2997.0,0.15085,0.0283,C,-,car_sh 11.9%; team rush 27.0; opp d_ypc 0.97; inside-10 car 1,1.0,INTL neutral site
Seth McGowan,IND,WAS,RB,IND@WAS,2plus_td,0.01565,6290.0,0.15085,0.0283,C,-,car_sh 11.9%; team rush 27.0; opp d_ypc 0.97; inside-10 car 1,1.0,INTL neutral site
Andrew Ogletree,IND,WAS,TE,IND@WAS,anytime_td,0.03575,2697.0,0.0,0.0365,C,-,w_td 0.02; team TD 2.74,1.0,INTL neutral site
Andrew Ogletree,IND,WAS,TE,IND@WAS,first_td,0.006370258491508492,15598.0,0.0,0.0365,C,-,w_td 0.02; team TD 2.74,1.0,INTL neutral site
Andrew Ogletree,IND,WAS,TE,IND@WAS,last_td,0.006370258491508492,15598.0,0.0,0.0365,C,-,w_td 0.02; team TD 2.74,1.0,INTL neutral site
Andrew Ogletree,IND,WAS,TE,IND@WAS,2plus_td,0.00075,133233.0,0.0,0.0365,C,-,w_td 0.02; team TD 2.74,1.0,INTL neutral site
Jonathan Taylor,IND,WAS,RB,IND@WAS,anytime_td,0.65144813059505,-187.0,0.7477619799894681,0.25013164823591366,B,no game designation yet (Full),tgt_sh 10.7%; team att 31.9; opp DvP 1.14; RZ tgt 1; car_sh 72.3%; team rush 27.0; opp d_ypc 0.97; inside-10 car 6,0.9508674235277402,INTL neutral site
Jonathan Taylor,IND,WAS,RB,IND@WAS,first_td,0.17810636265612567,461.0,0.7477619799894681,0.25013164823591366,B,no game designation yet (Full),tgt_sh 10.7%; team att 31.9; opp DvP 1.14; RZ tgt 1; car_sh 72.3%; team rush 27.0; opp d_ypc 0.97; inside-10 car 6,0.9508674235277402,INTL neutral site
Jonathan Taylor,IND,WAS,RB,IND@WAS,last_td,0.17810636265612567,461.0,0.7477619799894681,0.25013164823591366,B,no game designation yet (Full),tgt_sh 10.7%; team att 31.9; opp DvP 1.14; RZ tgt 1; car_sh 72.3%; team rush 27.0; opp d_ypc 0.97; inside-10 car 6,0.9508674235277402,INTL neutral site
Jonathan Taylor,IND,WAS,RB,IND@WAS,2plus_td,0.2651922064244339,277.0,0.7477619799894681,0.25013164823591366,B,no game designation yet (Full),tgt_sh 10.7%; team att 31.9; opp DvP 1.14; RZ tgt 1; car_sh 72.3%; team rush 27.0; opp d_ypc 0.97; inside-10 car 6,0.9508674235277402,INTL neutral site
Laquon Treadwell,IND,WAS,WR,IND@WAS,anytime_td,0.04775,1994.0,0.0,0.04895,C,-,w_td 0.02; team TD 2.74,1.0,INTL neutral site
Laquon Treadwell,IND,WAS,WR,IND@WAS,first_td,0.008571657509157508,11566.0,0.0,0.04895,C,-,w_td 0.02; team TD 2.74,1.0,INTL neutral site
Laquon Treadwell,IND,WAS,WR,IND@WAS,last_td,0.008571657509157508,11566.0,0.0,0.04895,C,-,w_td 0.02; team TD 2.74,1.0,INTL neutral site
Laquon Treadwell,IND,WAS,WR,IND@WAS,2plus_td,0.0011,90809.0,0.0,0.04895,C,-,w_td 0.02; team TD 2.74,1.0,INTL neutral site
Tyler Warren,IND,WAS,TE,IND@WAS,anytime_td,0.4347,130.0,0.0124,0.5496,B,-,tgt_sh 22.2%; team att 31.9; opp DvP 1.11; RZ tgt 3,1.0,INTL neutral site
Tyler Warren,IND,WAS,TE,IND@WAS,first_td,0.09927053196803197,907.0,0.0124,0.5496,B,-,tgt_sh 22.2%; team att 31.9; opp DvP 1.11; RZ tgt 3,1.0,INTL neutral site
Tyler Warren,IND,WAS,TE,IND@WAS,last_td,0.09927053196803197,907.0,0.0124,0.5496,B,-,tgt_sh 22.2%; team att 31.9; opp DvP 1.11; RZ tgt 3,1.0,INTL neutral site
Tyler Warren,IND,WAS,TE,IND@WAS,2plus_td,0.1089,818.0,0.0124,0.5496,B,-,tgt_sh 22.2%; team att 31.9; opp DvP 1.11; RZ tgt 3,1.0,INTL neutral site
Marcus Mariota,WAS,IND,QB,IND@WAS,anytime_td,0.17095,485.0,0.18505,0.0,C,-,team att 32.1; ypa 6.94; opp d_ypa 1.11; pass rate 53.7%,1.0,INTL neutral site
Marcus Mariota,WAS,IND,QB,IND@WAS,first_td,0.03329782745032745,2903.0,0.18505,0.0,C,-,team att 32.1; ypa 6.94; opp d_ypa 1.11; pass rate 53.7%,1.0,INTL neutral site
Marcus Mariota,WAS,IND,QB,IND@WAS,last_td,0.03329782745032745,2903.0,0.18505,0.0,C,-,team att 32.1; ypa 6.94; opp d_ypa 1.11; pass rate 53.7%,1.0,INTL neutral site
Marcus Mariota,WAS,IND,QB,IND@WAS,2plus_td,0.0134,7363.0,0.18505,0.0,C,-,team att 32.1; ypa 6.94; opp d_ypa 1.11; pass rate 53.7%,1.0,INTL neutral site
Kaytron Allen,WAS,IND,RB,IND@WAS,anytime_td,0.10005,900.0,0.09945,0.0052,C,-,car_sh 7.9%; team rush 29.3; opp d_ypc 1.08; inside-10 car 1,1.0,INTL neutral site
Kaytron Allen,WAS,IND,RB,IND@WAS,first_td,0.01888727494727495,5195.0,0.09945,0.0052,C,-,car_sh 7.9%; team rush 29.3; opp d_ypc 1.08; inside-10 car 1,1.0,INTL neutral site
Kaytron Allen,WAS,IND,RB,IND@WAS,last_td,0.01888727494727495,5195.0,0.09945,0.0052,C,-,car_sh 7.9%; team rush 29.3; opp d_ypc 1.08; inside-10 car 1,1.0,INTL neutral site
Kaytron Allen,WAS,IND,RB,IND@WAS,2plus_td,0.0045,22122.0,0.09945,0.0052,C,-,car_sh 7.9%; team rush 29.3; opp d_ypc 1.08; inside-10 car 1,1.0,INTL neutral site
John Bates,WAS,IND,TE,IND@WAS,anytime_td,0.1008,892.0,0.0,0.1055,C,-,tgt_sh 3.4%; team att 32.1; opp DvP 1.19; RZ tgt 1,1.0,INTL neutral site
John Bates,WAS,IND,TE,IND@WAS,first_td,0.01859336455211455,5278.0,0.0,0.1055,C,-,tgt_sh 3.4%; team att 32.1; opp DvP 1.19; RZ tgt 1,1.0,INTL neutral site
John Bates,WAS,IND,TE,IND@WAS,last_td,0.01859336455211455,5278.0,0.0,0.1055,C,-,tgt_sh 3.4%; team att 32.1; opp DvP 1.19; RZ tgt 1,1.0,INTL neutral site
John Bates,WAS,IND,TE,IND@WAS,2plus_td,0.00455,21878.0,0.0,0.1055,C,-,tgt_sh 3.4%; team att 32.1; opp DvP 1.19; RZ tgt 1,1.0,INTL neutral site
Dyami Brown,WAS,IND,WR,IND@WAS,anytime_td,0.15545,543.0,0.0,0.1673,C,-,tgt_sh 7.3%; team att 32.1; opp DvP 1.17; RZ tgt 1,1.0,INTL neutral site
Dyami Brown,WAS,IND,WR,IND@WAS,first_td,0.029323342907092907,3310.0,0.0,0.1673,C,-,tgt_sh 7.3%; team att 32.1; opp DvP 1.17; RZ tgt 1,1.0,INTL neutral site
Dyami Brown,WAS,IND,WR,IND@WAS,last_td,0.029323342907092907,3310.0,0.0,0.1673,C,-,tgt_sh 7.3%; team att 32.1; opp DvP 1.17; RZ tgt 1,1.0,INTL neutral site
Dyami Brown,WAS,IND,WR,IND@WAS,2plus_td,0.0115,8596.0,0.0,0.1673,C,-,tgt_sh 7.3%; team att 32.1; opp DvP 1.17; RZ tgt 1,1.0,INTL neutral site
Treylon Burks,WAS,IND,WR,IND@WAS,anytime_td,0.15705,537.0,0.0,0.1697,C,-,tgt_sh 7.2%; team att 32.1; opp DvP 1.17; RZ tgt 1,1.0,INTL neutral site
Treylon Burks,WAS,IND,WR,IND@WAS,first_td,0.029696933483183485,3267.0,0.0,0.1697,C,-,tgt_sh 7.2%; team att 32.1; opp DvP 1.17; RZ tgt 1,1.0,INTL neutral site
Treylon Burks,WAS,IND,WR,IND@WAS,last_td,0.029696933483183485,3267.0,0.0,0.1697,C,-,tgt_sh 7.2%; team att 32.1; opp DvP 1.17; RZ tgt 1,1.0,INTL neutral site
Treylon Burks,WAS,IND,WR,IND@WAS,2plus_td,0.0122,8097.0,0.0,0.1697,C,-,tgt_sh 7.2%; team att 32.1; opp DvP 1.17; RZ tgt 1,1.0,INTL neutral site
Jacory Croskey-Merritt,WAS,IND,RB,IND@WAS,anytime_td,0.37055,170.0,0.4202,0.0346,B,-,car_sh 39.9%; team rush 29.3; opp d_ypc 1.08; inside-10 car 2,1.0,INTL neutral site
Jacory Croskey-Merritt,WAS,IND,RB,IND@WAS,first_td,0.08143165473415473,1128.0,0.4202,0.0346,B,-,car_sh 39.9%; team rush 29.3; opp d_ypc 1.08; inside-10 car 2,1.0,INTL neutral site
Jacory Croskey-Merritt,WAS,IND,RB,IND@WAS,last_td,0.08143165473415473,1128.0,0.4202,0.0346,B,-,car_sh 39.9%; team rush 29.3; opp d_ypc 1.08; inside-10 car 2,1.0,INTL neutral site
Jacory Croskey-Merritt,WAS,IND,RB,IND@WAS,2plus_td,0.0744,1244.0,0.4202,0.0346,B,-,car_sh 39.9%; team rush 29.3; opp d_ypc 1.08; inside-10 car 2,1.0,INTL neutral site
Stefon Diggs,WAS,IND,WR,IND@WAS,anytime_td,0.39845,151.0,0.0,0.5006,B,-,tgt_sh 19.0%; team att 32.1; opp DvP 1.17; RZ tgt 4,1.0,INTL neutral site
Stefon Diggs,WAS,IND,WR,IND@WAS,first_td,0.08875032314907315,1027.0,0.0,0.5006,B,-,tgt_sh 19.0%; team att 32.1; opp DvP 1.17; RZ tgt 4,1.0,INTL neutral site
Stefon Diggs,WAS,IND,WR,IND@WAS,last_td,0.08875032314907315,1027.0,0.0,0.5006,B,-,tgt_sh 19.0%; team att 32.1; opp DvP 1.17; RZ tgt 4,1.0,INTL neutral site
Stefon Diggs,WAS,IND,WR,IND@WAS,2plus_td,0.08915,1022.0,0.0,0.5006,B,-,tgt_sh 19.0%; team att 32.1; opp DvP 1.17; RZ tgt 4,1.0,INTL neutral site
Jaylin Lane,WAS,IND,WR,IND@WAS,anytime_td,0.06735,1385.0,0.0,0.0698,C,-,tgt_sh 4.0%; team att 32.1; opp DvP 1.17; RZ tgt 0,1.0,INTL neutral site
Jaylin Lane,WAS,IND,WR,IND@WAS,first_td,0.01248572802197802,7909.0,0.0,0.0698,C,-,tgt_sh 4.0%; team att 32.1; opp DvP 1.17; RZ tgt 0,1.0,INTL neutral site
Jaylin Lane,WAS,IND,WR,IND@WAS,last_td,0.01248572802197802,7909.0,0.0,0.0698,C,-,tgt_sh 4.0%; team att 32.1; opp DvP 1.17; RZ tgt 0,1.0,INTL neutral site
Jaylin Lane,WAS,IND,WR,IND@WAS,2plus_td,0.0024,41567.0,0.0,0.0698,C,-,tgt_sh 4.0%; team att 32.1; opp DvP 1.17; RZ tgt 0,1.0,INTL neutral site
Terry McLaurin,WAS,IND,WR,IND@WAS,anytime_td,0.3167444661948502,216.0,0.0,0.37336244541484714,B,Questionable (Limited),tgt_sh 18.3%; team att 32.1; opp DvP 1.17; RZ tgt 2,0.6667342299285288,INTL neutral site
Terry McLaurin,WAS,IND,WR,IND@WAS,first_td,0.06629926357000593,1408.0,0.0,0.37336244541484714,B,Questionable (Limited),tgt_sh 18.3%; team att 32.1; opp DvP 1.17; RZ tgt 2,0.6667342299285288,INTL neutral site
Terry McLaurin,WAS,IND,WR,IND@WAS,last_td,0.06629926357000593,1408.0,0.0,0.37336244541484714,B,Questionable (Limited),tgt_sh 18.3%; team att 32.1; opp DvP 1.17; RZ tgt 2,0.6667342299285288,INTL neutral site
Terry McLaurin,WAS,IND,WR,IND@WAS,2plus_td,0.051422978467098326,1845.0,0.0,0.37336244541484714,B,Questionable (Limited),tgt_sh 18.3%; team att 32.1; opp DvP 1.17; RZ tgt 2,0.6667342299285288,INTL neutral site
Chig Okonkwo,WAS,IND,TE,IND@WAS,anytime_td,0.19012139842650966,426.0,0.0,0.20934715781795446,C,no game designation yet (Limited),tgt_sh 12.0%; team att 32.1; opp DvP 1.19; RZ tgt 0,0.9575230478992892,INTL neutral site
Chig Okonkwo,WAS,IND,TE,IND@WAS,first_td,0.03682354944533864,2616.0,0.0,0.20934715781795446,C,no game designation yet (Limited),tgt_sh 12.0%; team att 32.1; opp DvP 1.19; RZ tgt 0,0.9575230478992892,INTL neutral site
Chig Okonkwo,WAS,IND,TE,IND@WAS,last_td,0.03682354944533864,2616.0,0.0,0.20934715781795446,C,no game designation yet (Limited),tgt_sh 12.0%; team att 32.1; opp DvP 1.19; RZ tgt 0,0.9575230478992892,INTL neutral site
Chig Okonkwo,WAS,IND,TE,IND@WAS,2plus_td,0.018079508154014483,5431.0,0.0,0.20934715781795446,C,no game designation yet (Limited),tgt_sh 12.0%; team att 32.1; opp DvP 1.19; RZ tgt 0,0.9575230478992892,INTL neutral site
Ben Sinnott,WAS,IND,TE,IND@WAS,anytime_td,0.035861350013031014,2689.0,0.0,0.0364347146207975,C,no game designation yet (Limited),w_td 0.02; team TD 2.65,0.9575230478992892,INTL neutral site
Ben Sinnott,WAS,IND,TE,IND@WAS,first_td,0.006262508956019511,15868.0,0.0,0.0364347146207975,C,no game designation yet (Limited),w_td 0.02; team TD 2.65,0.9575230478992892,INTL neutral site
Ben Sinnott,WAS,IND,TE,IND@WAS,last_td,0.006262508956019511,15868.0,0.0,0.0364347146207975,C,no game designation yet (Limited),w_td 0.02; team TD 2.65,0.9575230478992892,INTL neutral site
Ben Sinnott,WAS,IND,TE,IND@WAS,2plus_td,0.0005733646077664842,174309.0,0.0,0.0364347146207975,C,no game designation yet (Limited),w_td 0.02; team TD 2.65,0.9575230478992892,INTL neutral site
Antonio Williams,WAS,IND,WR,IND@WAS,anytime_td,0.2499,300.0,0.0,0.2848,C,-,tgt_sh 11.3%; team att 32.1; opp DvP 1.17; RZ tgt 2,1.0,INTL neutral site
Antonio Williams,WAS,IND,WR,IND@WAS,first_td,0.05016750402375402,1893.0,0.0,0.2848,C,-,tgt_sh 11.3%; team att 32.1; opp DvP 1.17; RZ tgt 2,1.0,INTL neutral site
Antonio Williams,WAS,IND,WR,IND@WAS,last_td,0.05016750402375402,1893.0,0.0,0.2848,C,-,tgt_sh 11.3%; team att 32.1; opp DvP 1.17; RZ tgt 2,1.0,INTL neutral site
Antonio Williams,WAS,IND,WR,IND@WAS,2plus_td,0.032,3025.0,0.0,0.2848,C,-,tgt_sh 11.3%; team att 32.1; opp DvP 1.17; RZ tgt 2,1.0,INTL neutral site
Colson Yankoff,WAS,IND,TE,IND@WAS,anytime_td,0.02975,3261.0,0.0,0.03055,C,-,w_td 0.02; team TD 2.65,1.0,INTL neutral site
Colson Yankoff,WAS,IND,TE,IND@WAS,first_td,0.005364951853701854,18539.0,0.0,0.03055,C,-,w_td 0.02; team TD 2.65,1.0,INTL neutral site
Colson Yankoff,WAS,IND,TE,IND@WAS,last_td,0.005364951853701854,18539.0,0.0,0.03055,C,-,w_td 0.02; team TD 2.65,1.0,INTL neutral site
Colson Yankoff,WAS,IND,TE,IND@WAS,2plus_td,0.00075,133233.0,0.0,0.03055,C,-,w_td 0.02; team TD 2.65,1.0,INTL neutral site
Cam Ward,TEN,BAL,QB,TEN@BAL,anytime_td,0.1348,642.0,0.14515,0.0,B,-,team att 34.1; ypa 6.30; opp d_ypa 0.96; pass rate 60.4%,1.0,
Cam Ward,TEN,BAL,QB,TEN@BAL,first_td,0.02795197441447442,3478.0,0.14515,0.0,B,-,team att 34.1; ypa 6.30; opp d_ypa 0.96; pass rate 60.4%,1.0,
Cam Ward,TEN,BAL,QB,TEN@BAL,last_td,0.02795197441447442,3478.0,0.14515,0.0,B,-,team att 34.1; ypa 6.30; opp d_ypa 0.96; pass rate 60.4%,1.0,
Cam Ward,TEN,BAL,QB,TEN@BAL,2plus_td,0.00975,10156.0,0.14515,0.0,B,-,team att 34.1; ypa 6.30; opp d_ypa 0.96; pass rate 60.4%,1.0,
Elic Ayomanor,TEN,BAL,WR,TEN@BAL,anytime_td,0.1993,402.0,0.0,0.2192,B,-,tgt_sh 12.8%; team att 34.1; opp DvP 1.01; RZ tgt 5,1.0,
Elic Ayomanor,TEN,BAL,WR,TEN@BAL,first_td,0.041652457819957814,2301.0,0.0,0.2192,B,-,tgt_sh 12.8%; team att 34.1; opp DvP 1.01; RZ tgt 5,1.0,
Elic Ayomanor,TEN,BAL,WR,TEN@BAL,last_td,0.041652457819957814,2301.0,0.0,0.2192,B,-,tgt_sh 12.8%; team att 34.1; opp DvP 1.01; RZ tgt 5,1.0,
Elic Ayomanor,TEN,BAL,WR,TEN@BAL,2plus_td,0.0189,5191.0,0.0,0.2192,B,-,tgt_sh 12.8%; team att 34.1; opp DvP 1.01; RZ tgt 5,1.0,
Daniel Bellinger,TEN,BAL,TE,TEN@BAL,anytime_td,0.02735,3556.0,0.0,0.028,C,-,tgt_sh 4.0%; team att 34.1; opp DvP 0.83; RZ tgt 0,1.0,
Daniel Bellinger,TEN,BAL,TE,TEN@BAL,first_td,0.005595647546897547,17771.0,0.0,0.028,C,-,tgt_sh 4.0%; team att 34.1; opp DvP 0.83; RZ tgt 0,1.0,
Daniel Bellinger,TEN,BAL,TE,TEN@BAL,last_td,0.005595647546897547,17771.0,0.0,0.028,C,-,tgt_sh 4.0%; team att 34.1; opp DvP 0.83; RZ tgt 0,1.0,
Daniel Bellinger,TEN,BAL,TE,TEN@BAL,2plus_td,0.00065,153746.0,0.0,0.028,C,-,tgt_sh 4.0%; team att 34.1; opp DvP 0.83; RZ tgt 0,1.0,
Chimere Dike,TEN,BAL,WR,TEN@BAL,anytime_td,0.0525,1805.0,0.0,0.054,C,-,tgt_sh 6.4%; team att 34.1; opp DvP 1.01; RZ tgt 0,1.0,
Chimere Dike,TEN,BAL,WR,TEN@BAL,first_td,0.010298133116883117,9610.0,0.0,0.054,C,-,tgt_sh 6.4%; team att 34.1; opp DvP 1.01; RZ tgt 0,1.0,
Chimere Dike,TEN,BAL,WR,TEN@BAL,last_td,0.010298133116883117,9610.0,0.0,0.054,C,-,tgt_sh 6.4%; team att 34.1; opp DvP 1.01; RZ tgt 0,1.0,
Chimere Dike,TEN,BAL,WR,TEN@BAL,2plus_td,0.0015,66567.0,0.0,0.054,C,-,tgt_sh 6.4%; team att 34.1; opp DvP 1.01; RZ tgt 0,1.0,
Gunnar Helm,TEN,BAL,TE,TEN@BAL,anytime_td,0.1458,586.0,0.0,0.157,C,-,tgt_sh 12.6%; team att 34.1; opp DvP 0.83; RZ tgt 3,1.0,
Gunnar Helm,TEN,BAL,TE,TEN@BAL,first_td,0.02999314574314575,3234.0,0.0,0.157,C,-,tgt_sh 12.6%; team att 34.1; opp DvP 0.83; RZ tgt 3,1.0,
Gunnar Helm,TEN,BAL,TE,TEN@BAL,last_td,0.02999314574314575,3234.0,0.0,0.157,C,-,tgt_sh 12.6%; team att 34.1; opp DvP 0.83; RZ tgt 3,1.0,
Gunnar Helm,TEN,BAL,TE,TEN@BAL,2plus_td,0.01085,9117.0,0.0,0.157,C,-,tgt_sh 12.6%; team att 34.1; opp DvP 0.83; RZ tgt 3,1.0,
Tony Pollard,TEN,BAL,RB,TEN@BAL,anytime_td,0.397387472458294,152.0,0.4422411079634876,0.05067673906200818,B,no game designation yet (Full),tgt_sh 6.2%; team att 34.1; opp DvP 1.00; RZ tgt 0; car_sh 55.3%; team rush 23.7; opp d_ypc 0.99; inside-10 car 5,0.9508674235277402,
Tony Pollard,TEN,BAL,RB,TEN@BAL,first_td,0.09653078970831568,936.0,0.4422411079634876,0.05067673906200818,B,no game designation yet (Full),tgt_sh 6.2%; team att 34.1; opp DvP 1.00; RZ tgt 0; car_sh 55.3%; team rush 23.7; opp d_ypc 0.99; inside-10 car 5,0.9508674235277402,
Tony Pollard,TEN,BAL,RB,TEN@BAL,last_td,0.09653078970831568,936.0,0.4422411079634876,0.05067673906200818,B,no game designation yet (Full),tgt_sh 6.2%; team att 34.1; opp DvP 1.00; RZ tgt 0; car_sh 55.3%; team rush 23.7; opp d_ypc 0.99; inside-10 car 5,0.9508674235277402,
Tony Pollard,TEN,BAL,RB,TEN@BAL,2plus_td,0.08419892980799497,1088.0,0.4422411079634876,0.05067673906200818,B,no game designation yet (Full),tgt_sh 6.2%; team att 34.1; opp DvP 1.00; RZ tgt 0; car_sh 55.3%; team rush 23.7; opp d_ypc 0.99; inside-10 car 5,0.9508674235277402,
Calvin Ridley,TEN,BAL,WR,TEN@BAL,anytime_td,0.0617,1521.0,0.0,0.0638,C,-,tgt_sh 8.5%; team att 34.1; opp DvP 1.01; RZ tgt 0,1.0,
Calvin Ridley,TEN,BAL,WR,TEN@BAL,first_td,0.012473122294372294,7917.0,0.0,0.0638,C,-,tgt_sh 8.5%; team att 34.1; opp DvP 1.01; RZ tgt 0,1.0,
Calvin Ridley,TEN,BAL,WR,TEN@BAL,last_td,0.012473122294372294,7917.0,0.0,0.0638,C,-,tgt_sh 8.5%; team att 34.1; opp DvP 1.01; RZ tgt 0,1.0,
Calvin Ridley,TEN,BAL,WR,TEN@BAL,2plus_td,0.0021,47519.0,0.0,0.0638,C,-,tgt_sh 8.5%; team att 34.1; opp DvP 1.01; RZ tgt 0,1.0,
Wan'Dale Robinson,TEN,BAL,WR,TEN@BAL,anytime_td,0.19615,410.0,0.0,0.21725,B,-,tgt_sh 18.8%; team att 34.1; opp DvP 1.01; RZ tgt 3,1.0,
Wan'Dale Robinson,TEN,BAL,WR,TEN@BAL,first_td,0.04201239774114774,2280.0,0.0,0.21725,B,-,tgt_sh 18.8%; team att 34.1; opp DvP 1.01; RZ tgt 3,1.0,
Wan'Dale Robinson,TEN,BAL,WR,TEN@BAL,last_td,0.04201239774114774,2280.0,0.0,0.21725,B,-,tgt_sh 18.8%; team att 34.1; opp DvP 1.01; RZ tgt 3,1.0,
Wan'Dale Robinson,TEN,BAL,WR,TEN@BAL,2plus_td,0.0199,4925.0,0.0,0.21725,B,-,tgt_sh 18.8%; team att 34.1; opp DvP 1.01; RZ tgt 3,1.0,
Nicholas Singleton,TEN,BAL,RB,TEN@BAL,anytime_td,0.0608,1545.0,0.05645,0.00585,C,-,w_td 0.07; team TD 1.77,1.0,
Nicholas Singleton,TEN,BAL,RB,TEN@BAL,first_td,0.012336147186147185,8006.0,0.05645,0.00585,C,-,w_td 0.07; team TD 1.77,1.0,
Nicholas Singleton,TEN,BAL,RB,TEN@BAL,last_td,0.012336147186147185,8006.0,0.05645,0.00585,C,-,w_td 0.07; team TD 1.77,1.0,
Nicholas Singleton,TEN,BAL,RB,TEN@BAL,2plus_td,0.0015,66567.0,0.05645,0.00585,C,-,w_td 0.07; team TD 1.77,1.0,
Tyjae Spears,TEN,BAL,RB,TEN@BAL,anytime_td,0.19033727052796356,425.0,0.13996015369289883,0.0687348797495375,B,Questionable (Full),tgt_sh 8.4%; team att 34.1; opp DvP 1.00; RZ tgt 0; car_sh 22.2%; team rush 23.7; opp d_ypc 0.99; inside-10 car 0,0.7075836643559986,
Tyjae Spears,TEN,BAL,RB,TEN@BAL,first_td,0.040445467400426836,2372.0,0.13996015369289883,0.0687348797495375,B,Questionable (Full),tgt_sh 8.4%; team att 34.1; opp DvP 1.00; RZ tgt 0; car_sh 22.2%; team rush 23.7; opp d_ypc 0.99; inside-10 car 0,0.7075836643559986,
Tyjae Spears,TEN,BAL,RB,TEN@BAL,last_td,0.040445467400426836,2372.0,0.13996015369289883,0.0687348797495375,B,Questionable (Full),tgt_sh 8.4%; team att 34.1; opp DvP 1.00; RZ tgt 0; car_sh 22.2%; team rush 23.7; opp d_ypc 0.99; inside-10 car 0,0.7075836643559986,
Tyjae Spears,TEN,BAL,RB,TEN@BAL,2plus_td,0.016934680518001993,5805.0,0.13996015369289883,0.0687348797495375,B,Questionable (Full),tgt_sh 8.4%; team att 34.1; opp DvP 1.00; RZ tgt 0; car_sh 22.2%; team rush 23.7; opp d_ypc 0.99; inside-10 car 0,0.7075836643559986,
Carnell Tate,TEN,BAL,WR,TEN@BAL,anytime_td,0.17205,481.0,0.0,0.18885,B,-,tgt_sh 20.5%; team att 34.1; opp DvP 1.01; RZ tgt 1,1.0,
Carnell Tate,TEN,BAL,WR,TEN@BAL,first_td,0.03638063672438672,2649.0,0.0,0.18885,B,-,tgt_sh 20.5%; team att 34.1; opp DvP 1.01; RZ tgt 1,1.0,
Carnell Tate,TEN,BAL,WR,TEN@BAL,last_td,0.03638063672438672,2649.0,0.0,0.18885,B,-,tgt_sh 20.5%; team att 34.1; opp DvP 1.01; RZ tgt 1,1.0,
Carnell Tate,TEN,BAL,WR,TEN@BAL,2plus_td,0.01595,6170.0,0.0,0.18885,B,-,tgt_sh 20.5%; team att 34.1; opp DvP 1.01; RZ tgt 1,1.0,
Lamar Jackson,BAL,TEN,QB,TEN@BAL,anytime_td,0.21041070698814876,375.0,0.23452186350633428,0.0,B,no game designation yet (Full),team att 26.8; ypa 8.07; opp d_ypa 1.00; pass rate 47.1%,0.98,
Lamar Jackson,BAL,TEN,QB,TEN@BAL,first_td,0.047498459034268185,2005.0,0.23452186350633428,0.0,B,no game designation yet (Full),team att 26.8; ypa 8.07; opp d_ypa 1.00; pass rate 47.1%,0.98,
Lamar Jackson,BAL,TEN,QB,TEN@BAL,last_td,0.047498459034268185,2005.0,0.23452186350633428,0.0,B,no game designation yet (Full),team att 26.8; ypa 8.07; opp d_ypa 1.00; pass rate 47.1%,0.98,
Lamar Jackson,BAL,TEN,QB,TEN@BAL,2plus_td,0.02273191663261136,4299.0,0.23452186350633428,0.0,B,no game designation yet (Full),team att 26.8; ypa 8.07; opp d_ypa 1.00; pass rate 47.1%,0.98,
Rasheen Ali,BAL,TEN,RB,TEN@BAL,anytime_td,0.05515,1713.0,0.0277,0.02935,C,-,w_td 0.03; team TD 3.05,1.0,
Rasheen Ali,BAL,TEN,RB,TEN@BAL,first_td,0.011268262987012986,8774.0,0.0277,0.02935,C,-,w_td 0.03; team TD 3.05,1.0,
Rasheen Ali,BAL,TEN,RB,TEN@BAL,last_td,0.011268262987012986,8774.0,0.0277,0.02935,C,-,w_td 0.03; team TD 3.05,1.0,
Rasheen Ali,BAL,TEN,RB,TEN@BAL,2plus_td,0.0019,52532.0,0.0277,0.02935,C,-,w_td 0.03; team TD 3.05,1.0,
Mark Andrews,BAL,TEN,TE,TEN@BAL,anytime_td,0.2997786444608411,234.0,0.0,0.35406345525455885,B,no game designation yet (Full),tgt_sh 19.8%; team att 26.8; opp DvP 0.97; RZ tgt 1,0.9479829842591244,
Mark Andrews,BAL,TEN,TE,TEN@BAL,first_td,0.0698573053031786,1331.0,0.0,0.35406345525455885,B,no game designation yet (Full),tgt_sh 19.8%; team att 26.8; opp DvP 0.97; RZ tgt 1,0.9479829842591244,
Mark Andrews,BAL,TEN,TE,TEN@BAL,last_td,0.0698573053031786,1331.0,0.0,0.35406345525455885,B,no game designation yet (Full),tgt_sh 19.8%; team att 26.8; opp DvP 0.97; RZ tgt 1,0.9479829842591244,
Mark Andrews,BAL,TEN,TE,TEN@BAL,2plus_td,0.04854010751554759,1960.0,0.0,0.35406345525455885,B,no game designation yet (Full),tgt_sh 19.8%; team att 26.8; opp DvP 0.97; RZ tgt 1,0.9479829842591244,
Rashod Bateman,BAL,TEN,WR,TEN@BAL,anytime_td,0.25995,285.0,0.0,0.30065,C,-,tgt_sh 12.6%; team att 26.8; opp DvP 1.06; RZ tgt 2,1.0,
Rashod Bateman,BAL,TEN,WR,TEN@BAL,first_td,0.059337980352980345,1585.0,0.0,0.30065,C,-,tgt_sh 12.6%; team att 26.8; opp DvP 1.06; RZ tgt 2,1.0,
Rashod Bateman,BAL,TEN,WR,TEN@BAL,last_td,0.059337980352980345,1585.0,0.0,0.30065,C,-,tgt_sh 12.6%; team att 26.8; opp DvP 1.06; RZ tgt 2,1.0,
Rashod Bateman,BAL,TEN,WR,TEN@BAL,2plus_td,0.0373,2581.0,0.0,0.30065,C,-,tgt_sh 12.6%; team att 26.8; opp DvP 1.06; RZ tgt 2,1.0,
Josh Cuevas,BAL,TEN,TE,TEN@BAL,anytime_td,0.0184,5335.0,0.0,0.0185,C,-,w_td 0.01; team TD 3.05,1.0,
Josh Cuevas,BAL,TEN,TE,TEN@BAL,first_td,0.0036923863636363634,26983.0,0.0,0.0185,C,-,w_td 0.01; team TD 3.05,1.0,
Josh Cuevas,BAL,TEN,TE,TEN@BAL,last_td,0.0036923863636363634,26983.0,0.0,0.0185,C,-,w_td 0.01; team TD 3.05,1.0,
Josh Cuevas,BAL,TEN,TE,TEN@BAL,2plus_td,0.0001,999900.0,0.0,0.0185,C,-,w_td 0.01; team TD 3.05,1.0,
Zay Flowers,BAL,TEN,WR,TEN@BAL,anytime_td,0.37885561019222175,164.0,0.010877663537475785,0.45417970496200266,C,Questionable (Limited),tgt_sh 24.9%; team att 26.8; opp DvP 1.06; RZ tgt 2,0.6667342299285288,
Zay Flowers,BAL,TEN,WR,TEN@BAL,first_td,0.0917525592257376,990.0,0.010877663537475785,0.45417970496200266,C,Questionable (Limited),tgt_sh 24.9%; team att 26.8; opp DvP 1.06; RZ tgt 2,0.6667342299285288,
Zay Flowers,BAL,TEN,WR,TEN@BAL,last_td,0.0917525592257376,990.0,0.010877663537475785,0.45417970496200266,C,Questionable (Limited),tgt_sh 24.9%; team att 26.8; opp DvP 1.06; RZ tgt 2,0.6667342299285288,
Zay Flowers,BAL,TEN,WR,TEN@BAL,2plus_td,0.07696319475488005,1199.0,0.010877663537475785,0.45417970496200266,C,Questionable (Limited),tgt_sh 24.9%; team att 26.8; opp DvP 1.06; RZ tgt 2,0.6667342299285288,
Derrick Henry,BAL,TEN,RB,TEN@BAL,anytime_td,0.71435,-250.0,1.09655,0.0801,B,-,tgt_sh 5.0%; team att 26.8; opp DvP 0.99; RZ tgt 0; car_sh 63.2%; team rush 32.7; opp d_ypc 0.93; inside-10 car 14,1.0,
Derrick Henry,BAL,TEN,RB,TEN@BAL,first_td,0.236632804001554,323.0,1.09655,0.0801,B,-,tgt_sh 5.0%; team att 26.8; opp DvP 0.99; RZ tgt 0; car_sh 63.2%; team rush 32.7; opp d_ypc 0.93; inside-10 car 14,1.0,
Derrick Henry,BAL,TEN,RB,TEN@BAL,last_td,0.236632804001554,323.0,1.09655,0.0801,B,-,tgt_sh 5.0%; team att 26.8; opp DvP 0.99; RZ tgt 0; car_sh 63.2%; team rush 32.7; opp d_ypc 0.93; inside-10 car 14,1.0,
Derrick Henry,BAL,TEN,RB,TEN@BAL,2plus_td,0.33405,199.0,1.09655,0.0801,B,-,tgt_sh 5.0%; team att 26.8; opp DvP 0.99; RZ tgt 0; car_sh 63.2%; team rush 32.7; opp d_ypc 0.93; inside-10 car 14,1.0,
Matthew Hibner,BAL,TEN,TE,TEN@BAL,anytime_td,0.0824,1114.0,0.0,0.086,C,-,w_td 0.05; team TD 3.05,1.0,
Matthew Hibner,BAL,TEN,TE,TEN@BAL,first_td,0.01718331349206349,5720.0,0.0,0.086,C,-,w_td 0.05; team TD 3.05,1.0,
Matthew Hibner,BAL,TEN,TE,TEN@BAL,last_td,0.01718331349206349,5720.0,0.0,0.086,C,-,w_td 0.05; team TD 3.05,1.0,
Matthew Hibner,BAL,TEN,TE,TEN@BAL,2plus_td,0.00355,28069.0,0.0,0.086,C,-,w_td 0.05; team TD 3.05,1.0,
Justice Hill,BAL,TEN,RB,TEN@BAL,anytime_td,0.2158,363.0,0.15905,0.08225,C,-,tgt_sh 5.1%; team att 26.8; opp DvP 0.99; RZ tgt 0; car_sh 13.8%; team rush 32.7; opp d_ypc 0.93; inside-10 car 0,1.0,
Justice Hill,BAL,TEN,RB,TEN@BAL,first_td,0.048517990620490614,1961.0,0.15905,0.08225,C,-,tgt_sh 5.1%; team att 26.8; opp DvP 0.99; RZ tgt 0; car_sh 13.8%; team rush 32.7; opp d_ypc 0.93; inside-10 car 0,1.0,
Justice Hill,BAL,TEN,RB,TEN@BAL,last_td,0.048517990620490614,1961.0,0.15905,0.08225,C,-,tgt_sh 5.1%; team att 26.8; opp DvP 0.99; RZ tgt 0; car_sh 13.8%; team rush 32.7; opp d_ypc 0.93; inside-10 car 0,1.0,
Justice Hill,BAL,TEN,RB,TEN@BAL,2plus_td,0.0243,4015.0,0.15905,0.08225,C,-,tgt_sh 5.1%; team att 26.8; opp DvP 0.99; RZ tgt 0; car_sh 13.8%; team rush 32.7; opp d_ypc 0.93; inside-10 car 0,1.0,
Chris Moore,BAL,TEN,WR,TEN@BAL,anytime_td,0.15010855731077338,566.0,0.0,0.16171295949689302,C,Questionable (Limited),tgt_sh 7.1%; team att 26.8; opp DvP 1.06; RZ tgt 1,0.6667342299285288,
Chris Moore,BAL,TEN,WR,TEN@BAL,first_td,0.031856099653883585,3039.0,0.0,0.16171295949689302,C,Questionable (Limited),tgt_sh 7.1%; team att 26.8; opp DvP 1.06; RZ tgt 1,0.6667342299285288,
Chris Moore,BAL,TEN,WR,TEN@BAL,last_td,0.031856099653883585,3039.0,0.0,0.16171295949689302,C,Questionable (Limited),tgt_sh 7.1%; team att 26.8; opp DvP 1.06; RZ tgt 1,0.6667342299285288,
Chris Moore,BAL,TEN,WR,TEN@BAL,2plus_td,0.01115519952085049,8864.0,0.0,0.16171295949689302,C,Questionable (Limited),tgt_sh 7.1%; team att 26.8; opp DvP 1.06; RZ tgt 1,0.6667342299285288,
Durham Smythe,BAL,TEN,TE,TEN@BAL,anytime_td,0.06867972338066831,1356.0,0.0,0.07052737158844956,C,no game designation yet (Full),w_td 0.04; team TD 3.05,0.9479829842591244,
Durham Smythe,BAL,TEN,TE,TEN@BAL,first_td,0.014095032496288898,6995.0,0.0,0.07052737158844956,C,no game designation yet (Full),w_td 0.04; team TD 3.05,0.9479829842591244,
Durham Smythe,BAL,TEN,TE,TEN@BAL,last_td,0.014095032496288898,6995.0,0.0,0.07052737158844956,C,no game designation yet (Full),w_td 0.04; team TD 3.05,0.9479829842591244,
Durham Smythe,BAL,TEN,TE,TEN@BAL,2plus_td,0.0017948582589874889,55615.0,0.0,0.07052737158844956,C,no game designation yet (Full),w_td 0.04; team TD 3.05,0.9479829842591244,
Devontez Walker,BAL,TEN,WR,TEN@BAL,anytime_td,0.0593,1586.0,0.0,0.0611,C,-,tgt_sh 3.8%; team att 26.8; opp DvP 1.06; RZ tgt 0,1.0,
Devontez Walker,BAL,TEN,WR,TEN@BAL,first_td,0.0119842784992785,8244.0,0.0,0.0611,C,-,tgt_sh 3.8%; team att 26.8; opp DvP 1.06; RZ tgt 0,1.0,
Devontez Walker,BAL,TEN,WR,TEN@BAL,last_td,0.0119842784992785,8244.0,0.0,0.0611,C,-,tgt_sh 3.8%; team att 26.8; opp DvP 1.06; RZ tgt 0,1.0,
Devontez Walker,BAL,TEN,WR,TEN@BAL,2plus_td,0.0018,55456.0,0.0,0.0611,C,-,tgt_sh 3.8%; team att 26.8; opp DvP 1.06; RZ tgt 0,1.0,
LaJohntay Wester,BAL,TEN,WR,TEN@BAL,anytime_td,0.03505,2753.0,0.0,0.0358,C,-,w_td 0.02; team TD 3.05,1.0,
LaJohntay Wester,BAL,TEN,WR,TEN@BAL,first_td,0.007191381673881674,13806.0,0.0,0.0358,C,-,w_td 0.02; team TD 3.05,1.0,
LaJohntay Wester,BAL,TEN,WR,TEN@BAL,last_td,0.007191381673881674,13806.0,0.0,0.0358,C,-,w_td 0.02; team TD 3.05,1.0,
LaJohntay Wester,BAL,TEN,WR,TEN@BAL,2plus_td,0.00075,133233.0,0.0,0.0358,C,-,w_td 0.02; team TD 3.05,1.0,
Drake Maye,NE,BUF,QB,NE@BUF,anytime_td,0.11954410712460391,737.0,0.12613717673515282,0.0,B,no game designation yet (Full),team att 31.3; ypa 7.52; opp d_ypa 1.03; pass rate 55.1%,0.98,
Drake Maye,NE,BUF,QB,NE@BUF,first_td,0.02313931936747024,4222.0,0.12613717673515282,0.0,B,no game designation yet (Full),team att 31.3; ypa 7.52; opp d_ypa 1.03; pass rate 55.1%,0.98,
Drake Maye,NE,BUF,QB,NE@BUF,last_td,0.02313931936747024,4222.0,0.12613717673515282,0.0,B,no game designation yet (Full),team att 31.3; ypa 7.52; opp d_ypa 1.03; pass rate 55.1%,0.98,
Drake Maye,NE,BUF,QB,NE@BUF,2plus_td,0.00654196054380047,15186.0,0.12613717673515282,0.0,B,no game designation yet (Full),team att 31.3; ypa 7.52; opp d_ypa 1.03; pass rate 55.1%,0.98,
Efton Chism III,NE,BUF,WR,NE@BUF,anytime_td,0.07385,1254.0,0.0,0.07625,C,-,w_td 0.05; team TD 2.22,1.0,
Efton Chism III,NE,BUF,WR,NE@BUF,first_td,0.013911472416472415,7088.0,0.0,0.07625,C,-,w_td 0.05; team TD 2.22,1.0,
Efton Chism III,NE,BUF,WR,NE@BUF,last_td,0.013911472416472415,7088.0,0.0,0.07625,C,-,w_td 0.05; team TD 2.22,1.0,
Efton Chism III,NE,BUF,WR,NE@BUF,2plus_td,0.0024,41567.0,0.0,0.07625,C,-,w_td 0.05; team TD 2.22,1.0,
Romeo Doubs,NE,BUF,WR,NE@BUF,anytime_td,0.21095,374.0,0.0,0.2323,C,-,tgt_sh 14.1%; team att 31.3; opp DvP 1.01; RZ tgt 1,1.0,
Romeo Doubs,NE,BUF,WR,NE@BUF,first_td,0.042375808358308356,2260.0,0.0,0.2323,C,-,tgt_sh 14.1%; team att 31.3; opp DvP 1.01; RZ tgt 1,1.0,
Romeo Doubs,NE,BUF,WR,NE@BUF,last_td,0.042375808358308356,2260.0,0.0,0.2323,C,-,tgt_sh 14.1%; team att 31.3; opp DvP 1.01; RZ tgt 1,1.0,
Romeo Doubs,NE,BUF,WR,NE@BUF,2plus_td,0.0203,4826.0,0.0,0.2323,C,-,tgt_sh 14.1%; team att 31.3; opp DvP 1.01; RZ tgt 1,1.0,
DeMario Douglas,NE,BUF,WR,NE@BUF,anytime_td,0.1836,445.0,0.0,0.20135,C,-,tgt_sh 11.8%; team att 31.3; opp DvP 1.01; RZ tgt 1,1.0,
DeMario Douglas,NE,BUF,WR,NE@BUF,first_td,0.036721337551337545,2623.0,0.0,0.20135,C,-,tgt_sh 11.8%; team att 31.3; opp DvP 1.01; RZ tgt 1,1.0,
DeMario Douglas,NE,BUF,WR,NE@BUF,last_td,0.036721337551337545,2623.0,0.0,0.20135,C,-,tgt_sh 11.8%; team att 31.3; opp DvP 1.01; RZ tgt 1,1.0,
DeMario Douglas,NE,BUF,WR,NE@BUF,2plus_td,0.0167,5888.0,0.0,0.20135,C,-,tgt_sh 11.8%; team att 31.3; opp DvP 1.01; RZ tgt 1,1.0,
Reggie Gilliam,NE,BUF,RB,NE@BUF,anytime_td,0.024448557766466143,3990.0,0.0,0.02460280734227981,C,Questionable (Limited),w_td 0.02; team TD 2.22,0.6469461218980005,
Reggie Gilliam,NE,BUF,RB,NE@BUF,first_td,0.004525733748315886,21996.0,0.0,0.02460280734227981,C,Questionable (Limited),w_td 0.02; team TD 2.22,0.6469461218980005,
Reggie Gilliam,NE,BUF,RB,NE@BUF,last_td,0.004525733748315886,21996.0,0.0,0.02460280734227981,C,Questionable (Limited),w_td 0.02; team TD 2.22,0.6469461218980005,
Reggie Gilliam,NE,BUF,RB,NE@BUF,2plus_td,0.00015424957581366652,648200.0,0.0,0.02460280734227981,C,Questionable (Limited),w_td 0.02; team TD 2.22,0.6469461218980005,
TreVeyon Henderson,NE,BUF,RB,NE@BUF,anytime_td,0.2848,251.0,0.27375,0.05585,B,-,tgt_sh 4.1%; team att 31.3; opp DvP 0.99; RZ tgt 0; car_sh 39.2%; team rush 27.9; opp d_ypc 0.98; inside-10 car 0,1.0,
TreVeyon Henderson,NE,BUF,RB,NE@BUF,first_td,0.06048698898323898,1553.0,0.27375,0.05585,B,-,tgt_sh 4.1%; team att 31.3; opp DvP 0.99; RZ tgt 0; car_sh 39.2%; team rush 27.9; opp d_ypc 0.98; inside-10 car 0,1.0,
TreVeyon Henderson,NE,BUF,RB,NE@BUF,last_td,0.06048698898323898,1553.0,0.27375,0.05585,B,-,tgt_sh 4.1%; team att 31.3; opp DvP 0.99; RZ tgt 0; car_sh 39.2%; team rush 27.9; opp d_ypc 0.98; inside-10 car 0,1.0,
TreVeyon Henderson,NE,BUF,RB,NE@BUF,2plus_td,0.0409,2345.0,0.27375,0.05585,B,-,tgt_sh 4.1%; team att 31.3; opp DvP 0.99; RZ tgt 0; car_sh 39.2%; team rush 27.9; opp d_ypc 0.98; inside-10 car 0,1.0,
Hunter Henry,NE,BUF,TE,NE@BUF,anytime_td,0.19145,422.0,0.0,0.21055,C,-,tgt_sh 14.2%; team att 31.3; opp DvP 0.81; RZ tgt 1,1.0,
Hunter Henry,NE,BUF,TE,NE@BUF,first_td,0.03814240412365412,2522.0,0.0,0.21055,C,-,tgt_sh 14.2%; team att 31.3; opp DvP 0.81; RZ tgt 1,1.0,
Hunter Henry,NE,BUF,TE,NE@BUF,last_td,0.03814240412365412,2522.0,0.0,0.21055,C,-,tgt_sh 14.2%; team att 31.3; opp DvP 0.81; RZ tgt 1,1.0,
Hunter Henry,NE,BUF,TE,NE@BUF,2plus_td,0.018,5456.0,0.0,0.21055,C,-,tgt_sh 14.2%; team att 31.3; opp DvP 0.81; RZ tgt 1,1.0,
Mack Hollins,NE,BUF,WR,NE@BUF,anytime_td,0.32635,206.0,0.0,0.388,B,-,tgt_sh 15.8%; team att 31.3; opp DvP 1.01; RZ tgt 4,1.0,
Mack Hollins,NE,BUF,WR,NE@BUF,first_td,0.07075943292818292,1313.0,0.0,0.388,B,-,tgt_sh 15.8%; team att 31.3; opp DvP 1.01; RZ tgt 4,1.0,
Mack Hollins,NE,BUF,WR,NE@BUF,last_td,0.07075943292818292,1313.0,0.0,0.388,B,-,tgt_sh 15.8%; team att 31.3; opp DvP 1.01; RZ tgt 4,1.0,
Mack Hollins,NE,BUF,WR,NE@BUF,2plus_td,0.05615,1681.0,0.0,0.388,B,-,tgt_sh 15.8%; team att 31.3; opp DvP 1.01; RZ tgt 4,1.0,
Corey Kiner,NE,BUF,RB,NE@BUF,anytime_td,0.08655,1055.0,0.07745,0.0128,C,-,car_sh 11.1%; team rush 27.9; opp d_ypc 0.98; inside-10 car 0,1.0,
Corey Kiner,NE,BUF,RB,NE@BUF,first_td,0.016624740120990123,5915.0,0.07745,0.0128,C,-,car_sh 11.1%; team rush 27.9; opp d_ypc 0.98; inside-10 car 0,1.0,
Corey Kiner,NE,BUF,RB,NE@BUF,last_td,0.016624740120990123,5915.0,0.07745,0.0128,C,-,car_sh 11.1%; team rush 27.9; opp d_ypc 0.98; inside-10 car 0,1.0,
Corey Kiner,NE,BUF,RB,NE@BUF,2plus_td,0.0036,27678.0,0.07745,0.0128,C,-,car_sh 11.1%; team rush 27.9; opp d_ypc 0.98; inside-10 car 0,1.0,
Lan Larison,NE,BUF,RB,NE@BUF,anytime_td,0.04355,2196.0,0.00355,0.04065,C,-,tgt_sh 3.1%; team att 31.3; opp DvP 0.99; RZ tgt 0,1.0,
Lan Larison,NE,BUF,RB,NE@BUF,first_td,0.00815263333888334,12166.0,0.00355,0.04065,C,-,tgt_sh 3.1%; team att 31.3; opp DvP 0.99; RZ tgt 0,1.0,
Lan Larison,NE,BUF,RB,NE@BUF,last_td,0.00815263333888334,12166.0,0.00355,0.04065,C,-,tgt_sh 3.1%; team att 31.3; opp DvP 0.99; RZ tgt 0,1.0,
Lan Larison,NE,BUF,RB,NE@BUF,2plus_td,0.00065,153746.0,0.00355,0.04065,C,-,tgt_sh 3.1%; team att 31.3; opp DvP 0.99; RZ tgt 0,1.0,
Eli Raridon,NE,BUF,TE,NE@BUF,anytime_td,0.06405375139977604,1461.0,0.0,0.06554684583799926,C,Questionable (Limited),w_td 0.04; team TD 2.22,0.6667342299285288,
Eli Raridon,NE,BUF,TE,NE@BUF,first_td,0.011938639105492409,8276.0,0.0,0.06554684583799926,C,Questionable (Limited),w_td 0.04; team TD 2.22,0.6667342299285288,
Eli Raridon,NE,BUF,TE,NE@BUF,last_td,0.011938639105492409,8276.0,0.0,0.06554684583799926,C,Questionable (Limited),w_td 0.04; team TD 2.22,0.6667342299285288,
Eli Raridon,NE,BUF,TE,NE@BUF,2plus_td,0.0014184397163120568,70400.0,0.0,0.06554684583799926,C,Questionable (Limited),w_td 0.04; team TD 2.22,0.6667342299285288,
Rhamondre Stevenson,NE,BUF,RB,NE@BUF,anytime_td,0.2986,235.0,0.2165,0.1338,B,-,tgt_sh 10.0%; team att 31.3; opp DvP 0.99; RZ tgt 0; car_sh 26.6%; team rush 27.9; opp d_ypc 0.98; inside-10 car 1,1.0,
Rhamondre Stevenson,NE,BUF,RB,NE@BUF,first_td,0.06360976995226995,1472.0,0.2165,0.1338,B,-,tgt_sh 10.0%; team att 31.3; opp DvP 0.99; RZ tgt 0; car_sh 26.6%; team rush 27.9; opp d_ypc 0.98; inside-10 car 1,1.0,
Rhamondre Stevenson,NE,BUF,RB,NE@BUF,last_td,0.06360976995226995,1472.0,0.2165,0.1338,B,-,tgt_sh 10.0%; team att 31.3; opp DvP 0.99; RZ tgt 0; car_sh 26.6%; team rush 27.9; opp d_ypc 0.98; inside-10 car 1,1.0,
Rhamondre Stevenson,NE,BUF,RB,NE@BUF,2plus_td,0.04585,2081.0,0.2165,0.1338,B,-,tgt_sh 10.0%; team att 31.3; opp DvP 0.99; RZ tgt 0; car_sh 26.6%; team rush 27.9; opp d_ypc 0.98; inside-10 car 1,1.0,
Kyle Williams,NE,BUF,WR,NE@BUF,anytime_td,0.0619,1516.0,0.0,0.0637,C,-,tgt_sh 4.4%; team att 31.3; opp DvP 1.01; RZ tgt 0,1.0,
Kyle Williams,NE,BUF,WR,NE@BUF,first_td,0.011435231435231435,8645.0,0.0,0.0637,C,-,tgt_sh 4.4%; team att 31.3; opp DvP 1.01; RZ tgt 0,1.0,
Kyle Williams,NE,BUF,WR,NE@BUF,last_td,0.011435231435231435,8645.0,0.0,0.0637,C,-,tgt_sh 4.4%; team att 31.3; opp DvP 1.01; RZ tgt 0,1.0,
Kyle Williams,NE,BUF,WR,NE@BUF,2plus_td,0.00175,57043.0,0.0,0.0637,C,-,tgt_sh 4.4%; team att 31.3; opp DvP 1.01; RZ tgt 0,1.0,
Josh Allen,BUF,NE,QB,NE@BUF,anytime_td,0.3202,212.0,0.3805,0.0,B,-,team att 29.1; ypa 7.85; opp d_ypa 0.93; pass rate 51.8%,1.0,
Josh Allen,BUF,NE,QB,NE@BUF,first_td,0.07152043858918859,1298.0,0.3805,0.0,B,-,team att 29.1; ypa 7.85; opp d_ypa 0.93; pass rate 51.8%,1.0,
Josh Allen,BUF,NE,QB,NE@BUF,last_td,0.07152043858918859,1298.0,0.3805,0.0,B,-,team att 29.1; ypa 7.85; opp d_ypa 0.93; pass rate 51.8%,1.0,
Josh Allen,BUF,NE,QB,NE@BUF,2plus_td,0.05315,1781.0,0.3805,0.0,B,-,team att 29.1; ypa 7.85; opp d_ypa 0.93; pass rate 51.8%,1.0,
Keon Coleman,BUF,NE,WR,NE@BUF,anytime_td,0.16333455133893615,512.0,0.0,0.17716761497102887,C,no game designation yet (Limited),tgt_sh 11.3%; team att 29.1; opp DvP 1.07; RZ tgt 1,0.9575230478992892,
Keon Coleman,BUF,NE,WR,NE@BUF,first_td,0.03289834436934714,2940.0,0.0,0.17716761497102887,C,no game designation yet (Limited),tgt_sh 11.3%; team att 29.1; opp DvP 1.07; RZ tgt 1,0.9575230478992892,
Keon Coleman,BUF,NE,WR,NE@BUF,last_td,0.03289834436934714,2940.0,0.0,0.17716761497102887,C,no game designation yet (Limited),tgt_sh 11.3%; team att 29.1; opp DvP 1.07; RZ tgt 1,0.9575230478992892,
Keon Coleman,BUF,NE,WR,NE@BUF,2plus_td,0.012997859790155034,7594.0,0.0,0.17716761497102887,C,no game designation yet (Limited),tgt_sh 11.3%; team att 29.1; opp DvP 1.07; RZ tgt 1,0.9575230478992892,
James Cook,BUF,NE,RB,NE@BUF,anytime_td,0.63845,-177.0,0.80795,0.16385,B,-,tgt_sh 7.4%; team att 29.1; opp DvP 1.13; RZ tgt 2; car_sh 57.4%; team rush 29.2; opp d_ypc 1.02; inside-10 car 5,1.0,
James Cook,BUF,NE,RB,NE@BUF,first_td,0.18070494241869242,453.0,0.80795,0.16385,B,-,tgt_sh 7.4%; team att 29.1; opp DvP 1.13; RZ tgt 2; car_sh 57.4%; team rush 29.2; opp d_ypc 1.02; inside-10 car 5,1.0,
James Cook,BUF,NE,RB,NE@BUF,last_td,0.18070494241869242,453.0,0.80795,0.16385,B,-,tgt_sh 7.4%; team att 29.1; opp DvP 1.13; RZ tgt 2; car_sh 57.4%; team rush 29.2; opp d_ypc 1.02; inside-10 car 5,1.0,
James Cook,BUF,NE,RB,NE@BUF,2plus_td,0.25825,287.0,0.80795,0.16385,B,-,tgt_sh 7.4%; team att 29.1; opp DvP 1.13; RZ tgt 2; car_sh 57.4%; team rush 29.2; opp d_ypc 1.02; inside-10 car 5,1.0,
Ray Davis,BUF,NE,RB,NE@BUF,anytime_td,0.07292307692307692,1271.0,0.06092307692307692,0.014076923076923077,C,Questionable (Limited),w_td 0.05; team TD 2.97,0.6469461218980005,
Ray Davis,BUF,NE,RB,NE@BUF,first_td,0.01385615303499919,7117.0,0.06092307692307692,0.014076923076923077,C,Questionable (Limited),w_td 0.05; team TD 2.97,0.6469461218980005,
Ray Davis,BUF,NE,RB,NE@BUF,last_td,0.01385615303499919,7117.0,0.06092307692307692,0.014076923076923077,C,Questionable (Limited),w_td 0.05; team TD 2.97,0.6469461218980005,
Ray Davis,BUF,NE,RB,NE@BUF,2plus_td,0.002076923076923077,48048.0,0.06092307692307692,0.014076923076923077,C,Questionable (Limited),w_td 0.05; team TD 2.97,0.6469461218980005,
Greg Dortch,BUF,NE,WR,NE@BUF,anytime_td,0.0273,3563.0,0.0,0.02775,C,-,w_td 0.02; team TD 2.97,1.0,
Greg Dortch,BUF,NE,WR,NE@BUF,first_td,0.005050367965367965,19701.0,0.0,0.02775,C,-,w_td 0.02; team TD 2.97,1.0,
Greg Dortch,BUF,NE,WR,NE@BUF,last_td,0.005050367965367965,19701.0,0.0,0.02775,C,-,w_td 0.02; team TD 2.97,1.0,
Greg Dortch,BUF,NE,WR,NE@BUF,2plus_td,0.00045,222122.0,0.0,0.02775,C,-,w_td 0.02; team TD 2.97,1.0,
Frank Gore Jr.,BUF,NE,RB,NE@BUF,anytime_td,0.1213,724.0,0.1231,0.00615,C,-,car_sh 10.6%; team rush 29.2; opp d_ypc 1.02; inside-10 car 0,1.0,
Frank Gore Jr.,BUF,NE,RB,NE@BUF,first_td,0.02429493672993673,4016.0,0.1231,0.00615,C,-,car_sh 10.6%; team rush 29.2; opp d_ypc 1.02; inside-10 car 0,1.0,
Frank Gore Jr.,BUF,NE,RB,NE@BUF,last_td,0.02429493672993673,4016.0,0.1231,0.00615,C,-,car_sh 10.6%; team rush 29.2; opp d_ypc 1.02; inside-10 car 0,1.0,
Frank Gore Jr.,BUF,NE,RB,NE@BUF,2plus_td,0.0077,12887.0,0.1231,0.00615,C,-,car_sh 10.6%; team rush 29.2; opp d_ypc 1.02; inside-10 car 0,1.0,
Jackson Hawes,BUF,NE,TE,NE@BUF,anytime_td,0.0259,3761.0,0.0,0.02615,C,-,w_td 0.02; team TD 2.97,1.0,
Jackson Hawes,BUF,NE,TE,NE@BUF,first_td,0.004907350288600288,20278.0,0.0,0.02615,C,-,w_td 0.02; team TD 2.97,1.0,
Jackson Hawes,BUF,NE,TE,NE@BUF,last_td,0.004907350288600288,20278.0,0.0,0.02615,C,-,w_td 0.02; team TD 2.97,1.0,
Jackson Hawes,BUF,NE,TE,NE@BUF,2plus_td,0.00025,399900.0,0.0,0.02615,C,-,w_td 0.02; team TD 2.97,1.0,
Ty Johnson,BUF,NE,RB,NE@BUF,anytime_td,0.13225,656.0,0.02755,0.1127,C,-,tgt_sh 8.5%; team att 29.1; opp DvP 1.13; RZ tgt 0,1.0,
Ty Johnson,BUF,NE,RB,NE@BUF,first_td,0.02548151737151737,3824.0,0.02755,0.1127,C,-,tgt_sh 8.5%; team att 29.1; opp DvP 1.13; RZ tgt 0,1.0,
Ty Johnson,BUF,NE,RB,NE@BUF,last_td,0.02548151737151737,3824.0,0.02755,0.1127,C,-,tgt_sh 8.5%; team att 29.1; opp DvP 1.13; RZ tgt 0,1.0,
Ty Johnson,BUF,NE,RB,NE@BUF,2plus_td,0.0079,12558.0,0.02755,0.1127,C,-,tgt_sh 8.5%; team att 29.1; opp DvP 1.13; RZ tgt 0,1.0,
Dalton Kincaid,BUF,NE,TE,NE@BUF,anytime_td,0.2082,380.0,0.0,0.2307,B,-,tgt_sh 17.5%; team att 29.1; opp DvP 0.91; RZ tgt 1,1.0,
Dalton Kincaid,BUF,NE,TE,NE@BUF,first_td,0.04242461427461427,2257.0,0.0,0.2307,B,-,tgt_sh 17.5%; team att 29.1; opp DvP 0.91; RZ tgt 1,1.0,
Dalton Kincaid,BUF,NE,TE,NE@BUF,last_td,0.04242461427461427,2257.0,0.0,0.2307,B,-,tgt_sh 17.5%; team att 29.1; opp DvP 0.91; RZ tgt 1,1.0,
Dalton Kincaid,BUF,NE,TE,NE@BUF,2plus_td,0.0212,4617.0,0.0,0.2307,B,-,tgt_sh 17.5%; team att 29.1; opp DvP 0.91; RZ tgt 1,1.0,
Dawson Knox,BUF,NE,TE,NE@BUF,anytime_td,0.10005,900.0,0.00855,0.09645,C,-,tgt_sh 5.6%; team att 29.1; opp DvP 0.91; RZ tgt 1,1.0,
Dawson Knox,BUF,NE,TE,NE@BUF,first_td,0.019430747169497168,5046.0,0.00855,0.09645,C,-,tgt_sh 5.6%; team att 29.1; opp DvP 0.91; RZ tgt 1,1.0,
Dawson Knox,BUF,NE,TE,NE@BUF,last_td,0.019430747169497168,5046.0,0.00855,0.09645,C,-,tgt_sh 5.6%; team att 29.1; opp DvP 0.91; RZ tgt 1,1.0,
Dawson Knox,BUF,NE,TE,NE@BUF,2plus_td,0.00485,20519.0,0.00855,0.09645,C,-,tgt_sh 5.6%; team att 29.1; opp DvP 0.91; RZ tgt 1,1.0,
DJ Moore,BUF,NE,WR,NE@BUF,anytime_td,0.26429167535989984,278.0,0.008814938451909034,0.2934487794700605,B,no game designation yet (Limited),tgt_sh 18.5%; team att 29.1; opp DvP 1.07; RZ tgt 2,0.9575230478992892,
DJ Moore,BUF,NE,WR,NE@BUF,first_td,0.0555318444218924,1701.0,0.008814938451909034,0.2934487794700605,B,no game designation yet (Limited),tgt_sh 18.5%; team att 29.1; opp DvP 1.07; RZ tgt 2,0.9575230478992892,
DJ Moore,BUF,NE,WR,NE@BUF,last_td,0.0555318444218924,1701.0,0.008814938451909034,0.2934487794700605,B,no game designation yet (Limited),tgt_sh 18.5%; team att 29.1; opp DvP 1.07; RZ tgt 2,0.9575230478992892,
DJ Moore,BUF,NE,WR,NE@BUF,2plus_td,0.034946797412893804,2761.0,0.008814938451909034,0.2934487794700605,B,no game designation yet (Limited),tgt_sh 18.5%; team att 29.1; opp DvP 1.07; RZ tgt 2,0.9575230478992892,
Josh Palmer,BUF,NE,WR,NE@BUF,anytime_td,0.0788,1169.0,0.0,0.0825,C,-,tgt_sh 6.8%; team att 29.1; opp DvP 1.07; RZ tgt 0,1.0,
Josh Palmer,BUF,NE,WR,NE@BUF,first_td,0.01516178737928738,6496.0,0.0,0.0825,C,-,tgt_sh 6.8%; team att 29.1; opp DvP 1.07; RZ tgt 0,1.0,
Josh Palmer,BUF,NE,WR,NE@BUF,last_td,0.01516178737928738,6496.0,0.0,0.0825,C,-,tgt_sh 6.8%; team att 29.1; opp DvP 1.07; RZ tgt 0,1.0,
Josh Palmer,BUF,NE,WR,NE@BUF,2plus_td,0.00365,27297.0,0.0,0.0825,C,-,tgt_sh 6.8%; team att 29.1; opp DvP 1.07; RZ tgt 0,1.0,
Khalil Shakir,BUF,NE,WR,NE@BUF,anytime_td,0.30075,233.0,0.0,0.35105,B,-,tgt_sh 16.8%; team att 29.1; opp DvP 1.07; RZ tgt 4,1.0,
Khalil Shakir,BUF,NE,WR,NE@BUF,first_td,0.06442557775557775,1452.0,0.0,0.35105,B,-,tgt_sh 16.8%; team att 29.1; opp DvP 1.07; RZ tgt 4,1.0,
Khalil Shakir,BUF,NE,WR,NE@BUF,last_td,0.06442557775557775,1452.0,0.0,0.35105,B,-,tgt_sh 16.8%; team att 29.1; opp DvP 1.07; RZ tgt 4,1.0,
Khalil Shakir,BUF,NE,WR,NE@BUF,2plus_td,0.04595,2076.0,0.0,0.35105,B,-,tgt_sh 16.8%; team att 29.1; opp DvP 1.07; RZ tgt 4,1.0,
Geno Smith,NYJ,CHI,QB,NYJ@CHI,anytime_td,0.1627,515.0,0.17695,0.0,B,-,team att 32.5; ypa 7.84; opp d_ypa 1.04; pass rate 58.5%,1.0,
Geno Smith,NYJ,CHI,QB,NYJ@CHI,first_td,0.032261400266400266,3000.0,0.17695,0.0,B,-,team att 32.5; ypa 7.84; opp d_ypa 1.04; pass rate 58.5%,1.0,
Geno Smith,NYJ,CHI,QB,NYJ@CHI,last_td,0.032261400266400266,3000.0,0.17695,0.0,B,-,team att 32.5; ypa 7.84; opp d_ypa 1.04; pass rate 58.5%,1.0,
Geno Smith,NYJ,CHI,QB,NYJ@CHI,2plus_td,0.0133,7419.0,0.17695,0.0,B,-,team att 32.5; ypa 7.84; opp d_ypa 1.04; pass rate 58.5%,1.0,
Braelon Allen,NYJ,CHI,RB,NYJ@CHI,anytime_td,0.47995,108.0,0.43305,0.19345,B,-,tgt_sh 3.0%; team att 32.5; opp DvP 1.04; RZ tgt 3; car_sh 23.5%; team rush 25.2; opp d_ypc 1.09; inside-10 car 1,1.0,
Braelon Allen,NYJ,CHI,RB,NYJ@CHI,first_td,0.1149424438061938,770.0,0.43305,0.19345,B,-,tgt_sh 3.0%; team att 32.5; opp DvP 1.04; RZ tgt 3; car_sh 23.5%; team rush 25.2; opp d_ypc 1.09; inside-10 car 1,1.0,
Braelon Allen,NYJ,CHI,RB,NYJ@CHI,last_td,0.1149424438061938,770.0,0.43305,0.19345,B,-,tgt_sh 3.0%; team att 32.5; opp DvP 1.04; RZ tgt 3; car_sh 23.5%; team rush 25.2; opp d_ypc 1.09; inside-10 car 1,1.0,
Braelon Allen,NYJ,CHI,RB,NYJ@CHI,2plus_td,0.12415,705.0,0.43305,0.19345,B,-,tgt_sh 3.0%; team att 32.5; opp DvP 1.04; RZ tgt 3; car_sh 23.5%; team rush 25.2; opp d_ypc 1.09; inside-10 car 1,1.0,
Andrew Beck,NYJ,CHI,RB,NYJ@CHI,anytime_td,0.0334,2894.0,0.02295,0.0108,C,-,w_td 0.02; team TD 1.92,1.0,
Andrew Beck,NYJ,CHI,RB,NYJ@CHI,first_td,0.006253225108225109,15892.0,0.02295,0.0108,C,-,w_td 0.02; team TD 1.92,1.0,
Andrew Beck,NYJ,CHI,RB,NYJ@CHI,last_td,0.006253225108225109,15892.0,0.02295,0.0108,C,-,w_td 0.02; team TD 1.92,1.0,
Andrew Beck,NYJ,CHI,RB,NYJ@CHI,2plus_td,0.00035,285614.0,0.02295,0.0108,C,-,w_td 0.02; team TD 1.92,1.0,
Isaiah Davis,NYJ,CHI,RB,NYJ@CHI,anytime_td,0.0618,1518.0,0.0318,0.0319,C,-,tgt_sh 1.9%; team att 32.5; opp DvP 1.04; RZ tgt 0,1.0,
Isaiah Davis,NYJ,CHI,RB,NYJ@CHI,first_td,0.011671825951825952,8468.0,0.0318,0.0319,C,-,tgt_sh 1.9%; team att 32.5; opp DvP 1.04; RZ tgt 0,1.0,
Isaiah Davis,NYJ,CHI,RB,NYJ@CHI,last_td,0.011671825951825952,8468.0,0.0318,0.0319,C,-,tgt_sh 1.9%; team att 32.5; opp DvP 1.04; RZ tgt 0,1.0,
Isaiah Davis,NYJ,CHI,RB,NYJ@CHI,2plus_td,0.00185,53954.0,0.0318,0.0319,C,-,tgt_sh 1.9%; team att 32.5; opp DvP 1.04; RZ tgt 0,1.0,
Jeremy Ruckert,NYJ,CHI,TE,NYJ@CHI,anytime_td,0.14850545627075756,573.0,0.0,0.15873266909167588,C,no game designation yet (Full),tgt_sh 5.3%; team att 32.5; opp DvP 0.83; RZ tgt 2,0.9479829842591244,
Jeremy Ruckert,NYJ,CHI,TE,NYJ@CHI,first_td,0.028957823240600398,3353.0,0.0,0.15873266909167588,C,no game designation yet (Full),tgt_sh 5.3%; team att 32.5; opp DvP 0.83; RZ tgt 2,0.9479829842591244,
Jeremy Ruckert,NYJ,CHI,TE,NYJ@CHI,last_td,0.028957823240600398,3353.0,0.0,0.15873266909167588,C,no game designation yet (Full),tgt_sh 5.3%; team att 32.5; opp DvP 0.83; RZ tgt 2,0.9479829842591244,
Jeremy Ruckert,NYJ,CHI,TE,NYJ@CHI,2plus_td,0.009700036902314302,10209.0,0.0,0.15873266909167588,C,no game designation yet (Full),tgt_sh 5.3%; team att 32.5; opp DvP 0.83; RZ tgt 2,0.9479829842591244,
Kenyon Sadiq,NYJ,CHI,TE,NYJ@CHI,anytime_td,0.21722733443958364,360.0,0.06335797254487856,0.17974053401719717,C,Questionable (Limited),tgt_sh 13.7%; team att 32.5; opp DvP 0.83; RZ tgt 0,0.6667342299285288,
Kenyon Sadiq,NYJ,CHI,TE,NYJ@CHI,first_td,0.04451994679027414,2146.0,0.06335797254487856,0.17974053401719717,C,Questionable (Limited),tgt_sh 13.7%; team att 32.5; opp DvP 0.83; RZ tgt 0,0.6667342299285288,
Kenyon Sadiq,NYJ,CHI,TE,NYJ@CHI,last_td,0.04451994679027414,2146.0,0.06335797254487856,0.17974053401719717,C,Questionable (Limited),tgt_sh 13.7%; team att 32.5; opp DvP 0.83; RZ tgt 0,0.6667342299285288,
Kenyon Sadiq,NYJ,CHI,TE,NYJ@CHI,2plus_td,0.02398551817770403,4069.0,0.06335797254487856,0.17974053401719717,C,Questionable (Limited),tgt_sh 13.7%; team att 32.5; opp DvP 0.83; RZ tgt 0,0.6667342299285288,
Sterling Shepard,NYJ,CHI,WR,NYJ@CHI,anytime_td,0.0699,1331.0,0.0,0.07255,C,-,tgt_sh 5.2%; team att 32.5; opp DvP 0.95; RZ tgt 0,1.0,
Sterling Shepard,NYJ,CHI,WR,NYJ@CHI,first_td,0.013489769119769119,7313.0,0.0,0.07255,C,-,tgt_sh 5.2%; team att 32.5; opp DvP 0.95; RZ tgt 0,1.0,
Sterling Shepard,NYJ,CHI,WR,NYJ@CHI,last_td,0.013489769119769119,7313.0,0.0,0.07255,C,-,tgt_sh 5.2%; team att 32.5; opp DvP 0.95; RZ tgt 0,1.0,
Sterling Shepard,NYJ,CHI,WR,NYJ@CHI,2plus_td,0.0026,38362.0,0.0,0.07255,C,-,tgt_sh 5.2%; team att 32.5; opp DvP 0.95; RZ tgt 0,1.0,
Isaiah Williams,NYJ,CHI,WR,NYJ@CHI,anytime_td,0.1726,479.0,0.01335,0.17295,C,-,tgt_sh 8.3%; team att 32.5; opp DvP 0.95; RZ tgt 1,1.0,
Isaiah Williams,NYJ,CHI,WR,NYJ@CHI,first_td,0.03425738206238206,2819.0,0.01335,0.17295,C,-,tgt_sh 8.3%; team att 32.5; opp DvP 0.95; RZ tgt 1,1.0,
Isaiah Williams,NYJ,CHI,WR,NYJ@CHI,last_td,0.03425738206238206,2819.0,0.01335,0.17295,C,-,tgt_sh 8.3%; team att 32.5; opp DvP 0.95; RZ tgt 1,1.0,
Isaiah Williams,NYJ,CHI,WR,NYJ@CHI,2plus_td,0.0128,7712.0,0.01335,0.17295,C,-,tgt_sh 8.3%; team att 32.5; opp DvP 0.95; RZ tgt 1,1.0,
Garrett Wilson,NYJ,CHI,WR,NYJ@CHI,anytime_td,0.338,196.0,0.0,0.40455,B,-,tgt_sh 24.6%; team att 32.5; opp DvP 0.95; RZ tgt 1,1.0,
Garrett Wilson,NYJ,CHI,WR,NYJ@CHI,first_td,0.07389784854034853,1253.0,0.0,0.40455,B,-,tgt_sh 24.6%; team att 32.5; opp DvP 0.95; RZ tgt 1,1.0,
Garrett Wilson,NYJ,CHI,WR,NYJ@CHI,last_td,0.07389784854034853,1253.0,0.0,0.40455,B,-,tgt_sh 24.6%; team att 32.5; opp DvP 0.95; RZ tgt 1,1.0,
Garrett Wilson,NYJ,CHI,WR,NYJ@CHI,2plus_td,0.05985,1571.0,0.0,0.40455,B,-,tgt_sh 24.6%; team att 32.5; opp DvP 0.95; RZ tgt 1,1.0,
Tyson Bagent,CHI,NYJ,QB,NYJ@CHI,anytime_td,0.19955,401.0,0.2227,0.0,C,-,team att 28.5; ypa 6.62; opp d_ypa 0.92; pass rate 49.9%,1.0,
Tyson Bagent,CHI,NYJ,QB,NYJ@CHI,first_td,0.04211589466089466,2274.0,0.2227,0.0,C,-,team att 28.5; ypa 6.62; opp d_ypa 0.92; pass rate 49.9%,1.0,
Tyson Bagent,CHI,NYJ,QB,NYJ@CHI,last_td,0.04211589466089466,2274.0,0.2227,0.0,C,-,team att 28.5; ypa 6.62; opp d_ypa 0.92; pass rate 49.9%,1.0,
Tyson Bagent,CHI,NYJ,QB,NYJ@CHI,2plus_td,0.02105,4651.0,0.2227,0.0,C,-,team att 28.5; ypa 6.62; opp d_ypa 0.92; pass rate 49.9%,1.0,
Luther Burden III,CHI,NYJ,WR,NYJ@CHI,anytime_td,0.3426,192.0,0.01205,0.39855,B,-,tgt_sh 19.1%; team att 28.5; opp DvP 0.95; RZ tgt 6,1.0,
Luther Burden III,CHI,NYJ,WR,NYJ@CHI,first_td,0.07660372821622821,1205.0,0.01205,0.39855,B,-,tgt_sh 19.1%; team att 28.5; opp DvP 0.95; RZ tgt 6,1.0,
Luther Burden III,CHI,NYJ,WR,NYJ@CHI,last_td,0.07660372821622821,1205.0,0.01205,0.39855,B,-,tgt_sh 19.1%; team att 28.5; opp DvP 0.95; RZ tgt 6,1.0,
Luther Burden III,CHI,NYJ,WR,NYJ@CHI,2plus_td,0.06015,1563.0,0.01205,0.39855,B,-,tgt_sh 19.1%; team att 28.5; opp DvP 0.95; RZ tgt 6,1.0,
Kaden Davis,CHI,NYJ,WR,NYJ@CHI,anytime_td,0.0152,6479.0,0.0,0.01545,C,-,w_td 0.01; team TD 3.22,1.0,
Kaden Davis,CHI,NYJ,WR,NYJ@CHI,first_td,0.002865422077922078,34799.0,0.0,0.01545,C,-,w_td 0.01; team TD 3.22,1.0,
Kaden Davis,CHI,NYJ,WR,NYJ@CHI,last_td,0.002865422077922078,34799.0,0.0,0.01545,C,-,w_td 0.01; team TD 3.22,1.0,
Kaden Davis,CHI,NYJ,WR,NYJ@CHI,2plus_td,0.00025,399900.0,0.0,0.01545,C,-,w_td 0.01; team TD 3.22,1.0,
Roschon Johnson,CHI,NYJ,RB,NYJ@CHI,anytime_td,0.0165,5961.0,0.01045,0.0062,C,-,w_td 0.01; team TD 3.22,1.0,
Roschon Johnson,CHI,NYJ,RB,NYJ@CHI,first_td,0.0031419864857364856,31727.0,0.01045,0.0062,C,-,w_td 0.01; team TD 3.22,1.0,
Roschon Johnson,CHI,NYJ,RB,NYJ@CHI,last_td,0.0031419864857364856,31727.0,0.01045,0.0062,C,-,w_td 0.01; team TD 3.22,1.0,
Roschon Johnson,CHI,NYJ,RB,NYJ@CHI,2plus_td,0.00015,666567.0,0.01045,0.0062,C,-,w_td 0.01; team TD 3.22,1.0,
Cole Kmet,CHI,NYJ,TE,NYJ@CHI,anytime_td,0.0841,1089.0,0.0,0.08775,C,-,tgt_sh 7.1%; team att 28.5; opp DvP 0.86; RZ tgt 0,1.0,
Cole Kmet,CHI,NYJ,TE,NYJ@CHI,first_td,0.01638502761127761,6003.0,0.0,0.08775,C,-,tgt_sh 7.1%; team att 28.5; opp DvP 0.86; RZ tgt 0,1.0,
Cole Kmet,CHI,NYJ,TE,NYJ@CHI,last_td,0.01638502761127761,6003.0,0.0,0.08775,C,-,tgt_sh 7.1%; team att 28.5; opp DvP 0.86; RZ tgt 0,1.0,
Cole Kmet,CHI,NYJ,TE,NYJ@CHI,2plus_td,0.00355,28069.0,0.0,0.08775,C,-,tgt_sh 7.1%; team att 28.5; opp DvP 0.86; RZ tgt 0,1.0,
Colston Loveland,CHI,NYJ,TE,NYJ@CHI,anytime_td,0.22175,351.0,0.0,0.2501,C,-,tgt_sh 14.2%; team att 28.5; opp DvP 0.86; RZ tgt 3,1.0,
Colston Loveland,CHI,NYJ,TE,NYJ@CHI,first_td,0.046413580447330446,2055.0,0.0,0.2501,C,-,tgt_sh 14.2%; team att 28.5; opp DvP 0.86; RZ tgt 3,1.0,
Colston Loveland,CHI,NYJ,TE,NYJ@CHI,last_td,0.046413580447330446,2055.0,0.0,0.2501,C,-,tgt_sh 14.2%; team att 28.5; opp DvP 0.86; RZ tgt 3,1.0,
Colston Loveland,CHI,NYJ,TE,NYJ@CHI,2plus_td,0.02645,3681.0,0.0,0.2501,C,-,tgt_sh 14.2%; team att 28.5; opp DvP 0.86; RZ tgt 3,1.0,
Kyle Monangai,CHI,NYJ,RB,NYJ@CHI,anytime_td,0.38975,157.0,0.3956,0.09035,B,-,tgt_sh 4.9%; team att 28.5; opp DvP 0.99; RZ tgt 1; car_sh 25.6%; team rush 30.9; opp d_ypc 1.00; inside-10 car 4,1.0,
Kyle Monangai,CHI,NYJ,RB,NYJ@CHI,first_td,0.09169976107226108,991.0,0.3956,0.09035,B,-,tgt_sh 4.9%; team att 28.5; opp DvP 0.99; RZ tgt 1; car_sh 25.6%; team rush 30.9; opp d_ypc 1.00; inside-10 car 4,1.0,
Kyle Monangai,CHI,NYJ,RB,NYJ@CHI,last_td,0.09169976107226108,991.0,0.3956,0.09035,B,-,tgt_sh 4.9%; team att 28.5; opp DvP 0.99; RZ tgt 1; car_sh 25.6%; team rush 30.9; opp d_ypc 1.00; inside-10 car 4,1.0,
Kyle Monangai,CHI,NYJ,RB,NYJ@CHI,2plus_td,0.08375,1094.0,0.3956,0.09035,B,-,tgt_sh 4.9%; team att 28.5; opp DvP 0.99; RZ tgt 1; car_sh 25.6%; team rush 30.9; opp d_ypc 1.00; inside-10 car 4,1.0,
Rome Odunze,CHI,NYJ,WR,NYJ@CHI,anytime_td,0.25375,294.0,0.0,0.2873,B,-,tgt_sh 18.7%; team att 28.5; opp DvP 0.95; RZ tgt 2,1.0,
Rome Odunze,CHI,NYJ,WR,NYJ@CHI,first_td,0.053713684371184366,1762.0,0.0,0.2873,B,-,tgt_sh 18.7%; team att 28.5; opp DvP 0.95; RZ tgt 2,1.0,
Rome Odunze,CHI,NYJ,WR,NYJ@CHI,last_td,0.053713684371184366,1762.0,0.0,0.2873,B,-,tgt_sh 18.7%; team att 28.5; opp DvP 0.95; RZ tgt 2,1.0,
Rome Odunze,CHI,NYJ,WR,NYJ@CHI,2plus_td,0.03095,3131.0,0.0,0.2873,B,-,tgt_sh 18.7%; team att 28.5; opp DvP 0.95; RZ tgt 2,1.0,
Kalif Raymond,CHI,NYJ,WR,NYJ@CHI,anytime_td,0.24965,301.0,0.0,0.2855,B,-,tgt_sh 16.5%; team att 28.5; opp DvP 0.95; RZ tgt 3,1.0,
Kalif Raymond,CHI,NYJ,WR,NYJ@CHI,first_td,0.053685396131646135,1763.0,0.0,0.2855,B,-,tgt_sh 16.5%; team att 28.5; opp DvP 0.95; RZ tgt 3,1.0,
Kalif Raymond,CHI,NYJ,WR,NYJ@CHI,last_td,0.053685396131646135,1763.0,0.0,0.2855,B,-,tgt_sh 16.5%; team att 28.5; opp DvP 0.95; RZ tgt 3,1.0,
Kalif Raymond,CHI,NYJ,WR,NYJ@CHI,2plus_td,0.0335,2885.0,0.0,0.2855,B,-,tgt_sh 16.5%; team att 28.5; opp DvP 0.95; RZ tgt 3,1.0,
Sam Roush,CHI,NYJ,TE,NYJ@CHI,anytime_td,0.06375,1469.0,0.0,0.0652,C,-,w_td 0.04; team TD 3.22,1.0,
Sam Roush,CHI,NYJ,TE,NYJ@CHI,first_td,0.011936185064935066,8278.0,0.0,0.0652,C,-,w_td 0.04; team TD 3.22,1.0,
Sam Roush,CHI,NYJ,TE,NYJ@CHI,last_td,0.011936185064935066,8278.0,0.0,0.0652,C,-,w_td 0.04; team TD 3.22,1.0,
Sam Roush,CHI,NYJ,TE,NYJ@CHI,2plus_td,0.00145,68866.0,0.0,0.0652,C,-,w_td 0.04; team TD 3.22,1.0,
D'Andre Swift,CHI,NYJ,RB,NYJ@CHI,anytime_td,0.6123285511587577,-158.0,0.7589994219349414,0.14740658994166797,B,no game designation yet (Full),tgt_sh 9.4%; team att 28.5; opp DvP 0.99; RZ tgt 1; car_sh 46.4%; team rush 30.9; opp d_ypc 1.00; inside-10 car 10,0.9508674235277402,
D'Andre Swift,CHI,NYJ,RB,NYJ@CHI,first_td,0.1708348147493662,485.0,0.7589994219349414,0.14740658994166797,B,no game designation yet (Full),tgt_sh 9.4%; team att 28.5; opp DvP 0.99; RZ tgt 1; car_sh 46.4%; team rush 30.9; opp d_ypc 1.00; inside-10 car 10,0.9508674235277402,
D'Andre Swift,CHI,NYJ,RB,NYJ@CHI,last_td,0.1708348147493662,485.0,0.7589994219349414,0.14740658994166797,B,no game designation yet (Full),tgt_sh 9.4%; team att 28.5; opp DvP 0.99; RZ tgt 1; car_sh 46.4%; team rush 30.9; opp d_ypc 1.00; inside-10 car 10,0.9508674235277402,
D'Andre Swift,CHI,NYJ,RB,NYJ@CHI,2plus_td,0.22949182826212622,336.0,0.7589994219349414,0.14740658994166797,B,no game designation yet (Full),tgt_sh 9.4%; team att 28.5; opp DvP 0.99; RZ tgt 1; car_sh 46.4%; team rush 30.9; opp d_ypc 1.00; inside-10 car 10,0.9508674235277402,
Zavion Thomas,CHI,NYJ,WR,NYJ@CHI,anytime_td,0.01995,4913.0,0.0,0.02015,C,-,w_td 0.01; team TD 3.22,1.0,
Zavion Thomas,CHI,NYJ,WR,NYJ@CHI,first_td,0.0038175240037740038,26095.0,0.0,0.02015,C,-,w_td 0.01; team TD 3.22,1.0,
Zavion Thomas,CHI,NYJ,WR,NYJ@CHI,last_td,0.0038175240037740038,26095.0,0.0,0.02015,C,-,w_td 0.01; team TD 3.22,1.0,
Zavion Thomas,CHI,NYJ,WR,NYJ@CHI,2plus_td,0.0002,499900.0,0.0,0.02015,C,-,w_td 0.01; team TD 3.22,1.0,
Jahdae Walker,CHI,NYJ,WR,NYJ@CHI,anytime_td,0.0597,1575.0,0.0,0.06105,C,-,w_td 0.04; team TD 3.22,1.0,
Jahdae Walker,CHI,NYJ,WR,NYJ@CHI,first_td,0.011062682733932733,8939.0,0.0,0.06105,C,-,w_td 0.04; team TD 3.22,1.0,
Jahdae Walker,CHI,NYJ,WR,NYJ@CHI,last_td,0.011062682733932733,8939.0,0.0,0.06105,C,-,w_td 0.04; team TD 3.22,1.0,
Jahdae Walker,CHI,NYJ,WR,NYJ@CHI,2plus_td,0.00135,73974.0,0.0,0.06105,C,-,w_td 0.04; team TD 3.22,1.0,
Trevor Lawrence,JAX,CIN,QB,JAX@CIN,anytime_td,0.08455,1083.0,0.0879,0.0,B,-,team att 29.5; ypa 7.52; opp d_ypa 1.01; pass rate 51.5%,1.0,
Trevor Lawrence,JAX,CIN,QB,JAX@CIN,first_td,0.0163050666000666,6033.0,0.0879,0.0,B,-,team att 29.5; ypa 7.52; opp d_ypa 1.01; pass rate 51.5%,1.0,
Trevor Lawrence,JAX,CIN,QB,JAX@CIN,last_td,0.0163050666000666,6033.0,0.0879,0.0,B,-,team att 29.5; ypa 7.52; opp d_ypa 1.01; pass rate 51.5%,1.0,
Trevor Lawrence,JAX,CIN,QB,JAX@CIN,2plus_td,0.0033,30203.0,0.0879,0.0,B,-,team att 29.5; ypa 7.52; opp d_ypa 1.01; pass rate 51.5%,1.0,
Ameer Abdullah,JAX,CIN,RB,JAX@CIN,anytime_td,0.1683,494.0,0.0866,0.09605,C,-,tgt_sh 3.9%; team att 29.5; opp DvP 0.93; RZ tgt 1; car_sh 10.1%; team rush 29.5; opp d_ypc 1.05; inside-10 car 0,1.0,
Ameer Abdullah,JAX,CIN,RB,JAX@CIN,first_td,0.033366395410145404,2897.0,0.0866,0.09605,C,-,tgt_sh 3.9%; team att 29.5; opp DvP 0.93; RZ tgt 1; car_sh 10.1%; team rush 29.5; opp d_ypc 1.05; inside-10 car 0,1.0,
Ameer Abdullah,JAX,CIN,RB,JAX@CIN,last_td,0.033366395410145404,2897.0,0.0866,0.09605,C,-,tgt_sh 3.9%; team att 29.5; opp DvP 0.93; RZ tgt 1; car_sh 10.1%; team rush 29.5; opp d_ypc 1.05; inside-10 car 0,1.0,
Ameer Abdullah,JAX,CIN,RB,JAX@CIN,2plus_td,0.01365,7226.0,0.0866,0.09605,C,-,tgt_sh 3.9%; team att 29.5; opp DvP 0.93; RZ tgt 1; car_sh 10.1%; team rush 29.5; opp d_ypc 1.05; inside-10 car 0,1.0,
LeQuint Allen Jr.,JAX,CIN,RB,JAX@CIN,anytime_td,0.0869128359708616,1051.0,0.011655362974127104,0.07867370007535796,C,no game designation yet (Limited),w_td 0.05; team TD 2.92,0.9951309141019752,
LeQuint Allen Jr.,JAX,CIN,RB,JAX@CIN,first_td,0.016841752124344436,5838.0,0.011655362974127104,0.07867370007535796,C,no game designation yet (Limited),w_td 0.05; team TD 2.92,0.9951309141019752,
LeQuint Allen Jr.,JAX,CIN,RB,JAX@CIN,last_td,0.016841752124344436,5838.0,0.011655362974127104,0.07867370007535796,C,no game designation yet (Limited),w_td 0.05; team TD 2.92,0.9951309141019752,
LeQuint Allen Jr.,JAX,CIN,RB,JAX@CIN,2plus_td,0.003215272544586787,31002.0,0.011655362974127104,0.07867370007535796,C,no game designation yet (Limited),w_td 0.05; team TD 2.92,0.9951309141019752,
Nate Boerkircher,JAX,CIN,TE,JAX@CIN,anytime_td,0.06347697507393325,1475.0,0.0,0.06585340092944655,C,no game designation yet (Full),w_td 0.04; team TD 2.92,0.9479829842591244,
Nate Boerkircher,JAX,CIN,TE,JAX@CIN,first_td,0.012152310294737418,8129.0,0.0,0.06585340092944655,C,no game designation yet (Full),w_td 0.04; team TD 2.92,0.9479829842591244,
Nate Boerkircher,JAX,CIN,TE,JAX@CIN,last_td,0.012152310294737418,8129.0,0.0,0.06585340092944655,C,no game designation yet (Full),w_td 0.04; team TD 2.92,0.9479829842591244,
Nate Boerkircher,JAX,CIN,TE,JAX@CIN,2plus_td,0.002376425855513308,41980.0,0.0,0.06585340092944655,C,no game designation yet (Full),w_td 0.04; team TD 2.92,0.9479829842591244,
Josh Cameron,JAX,CIN,WR,JAX@CIN,anytime_td,0.15335,552.0,0.0,0.16465,C,-,tgt_sh 5.5%; team att 29.5; opp DvP 0.99; RZ tgt 2,1.0,
Josh Cameron,JAX,CIN,WR,JAX@CIN,first_td,0.030011361693861694,3232.0,0.0,0.16465,C,-,tgt_sh 5.5%; team att 29.5; opp DvP 0.99; RZ tgt 2,1.0,
Josh Cameron,JAX,CIN,WR,JAX@CIN,last_td,0.030011361693861694,3232.0,0.0,0.16465,C,-,tgt_sh 5.5%; team att 29.5; opp DvP 0.99; RZ tgt 2,1.0,
Josh Cameron,JAX,CIN,WR,JAX@CIN,2plus_td,0.01075,9202.0,0.0,0.16465,C,-,tgt_sh 5.5%; team att 29.5; opp DvP 0.99; RZ tgt 2,1.0,
Jakobi Meyers,JAX,CIN,WR,JAX@CIN,anytime_td,0.3007225357312378,233.0,0.0064869996308211594,0.3470808501661305,C,no game designation yet (Full),tgt_sh 18.4%; team att 29.5; opp DvP 0.99; RZ tgt 2,0.9479829842591244,
Jakobi Meyers,JAX,CIN,WR,JAX@CIN,first_td,0.06486135927489232,1442.0,0.0064869996308211594,0.3470808501661305,C,no game designation yet (Full),tgt_sh 18.4%; team att 29.5; opp DvP 0.99; RZ tgt 2,0.9479829842591244,
Jakobi Meyers,JAX,CIN,WR,JAX@CIN,last_td,0.06486135927489232,1442.0,0.0064869996308211594,0.3470808501661305,C,no game designation yet (Full),tgt_sh 18.4%; team att 29.5; opp DvP 0.99; RZ tgt 2,0.9479829842591244,
Jakobi Meyers,JAX,CIN,WR,JAX@CIN,2plus_td,0.047729550129212595,1995.0,0.0064869996308211594,0.3470808501661305,C,no game designation yet (Full),tgt_sh 18.4%; team att 29.5; opp DvP 0.99; RZ tgt 2,0.9479829842591244,
Quintin Morris,JAX,CIN,TE,JAX@CIN,anytime_td,0.03645,2643.0,0.0,0.0367,C,-,w_td 0.02; team TD 2.92,1.0,
Quintin Morris,JAX,CIN,TE,JAX@CIN,first_td,0.0067598694361194365,14693.0,0.0,0.0367,C,-,w_td 0.02; team TD 2.92,1.0,
Quintin Morris,JAX,CIN,TE,JAX@CIN,last_td,0.0067598694361194365,14693.0,0.0,0.0367,C,-,w_td 0.02; team TD 2.92,1.0,
Quintin Morris,JAX,CIN,TE,JAX@CIN,2plus_td,0.00025,399900.0,0.0,0.0367,C,-,w_td 0.02; team TD 2.92,1.0,
Chris Rodriguez Jr.,JAX,CIN,RB,JAX@CIN,anytime_td,0.2542,293.0,0.281,0.00795,B,-,car_sh 23.4%; team rush 29.5; opp d_ypc 1.05; inside-10 car 3,1.0,
Chris Rodriguez Jr.,JAX,CIN,RB,JAX@CIN,first_td,0.05364367105117106,1764.0,0.281,0.00795,B,-,car_sh 23.4%; team rush 29.5; opp d_ypc 1.05; inside-10 car 3,1.0,
Chris Rodriguez Jr.,JAX,CIN,RB,JAX@CIN,last_td,0.05364367105117106,1764.0,0.281,0.00795,B,-,car_sh 23.4%; team rush 29.5; opp d_ypc 1.05; inside-10 car 3,1.0,
Chris Rodriguez Jr.,JAX,CIN,RB,JAX@CIN,2plus_td,0.0315,3075.0,0.281,0.00795,B,-,car_sh 23.4%; team rush 29.5; opp d_ypc 1.05; inside-10 car 3,1.0,
Brenton Strange,JAX,CIN,TE,JAX@CIN,anytime_td,0.25125,298.0,0.0,0.28575,C,-,tgt_sh 15.4%; team att 29.5; opp DvP 0.85; RZ tgt 2,1.0,
Brenton Strange,JAX,CIN,TE,JAX@CIN,first_td,0.05218721237096238,1816.0,0.0,0.28575,C,-,tgt_sh 15.4%; team att 29.5; opp DvP 0.85; RZ tgt 2,1.0,
Brenton Strange,JAX,CIN,TE,JAX@CIN,last_td,0.05218721237096238,1816.0,0.0,0.28575,C,-,tgt_sh 15.4%; team att 29.5; opp DvP 0.85; RZ tgt 2,1.0,
Brenton Strange,JAX,CIN,TE,JAX@CIN,2plus_td,0.03185,3040.0,0.0,0.28575,C,-,tgt_sh 15.4%; team att 29.5; opp DvP 0.85; RZ tgt 2,1.0,
Brian Thomas Jr.,JAX,CIN,WR,JAX@CIN,anytime_td,0.2392,318.0,0.0,0.27005,C,-,tgt_sh 17.8%; team att 29.5; opp DvP 0.99; RZ tgt 0,1.0,
Brian Thomas Jr.,JAX,CIN,WR,JAX@CIN,first_td,0.049446303835053836,1922.0,0.0,0.27005,C,-,tgt_sh 17.8%; team att 29.5; opp DvP 0.99; RZ tgt 0,1.0,
Brian Thomas Jr.,JAX,CIN,WR,JAX@CIN,last_td,0.049446303835053836,1922.0,0.0,0.27005,C,-,tgt_sh 17.8%; team att 29.5; opp DvP 0.99; RZ tgt 0,1.0,
Brian Thomas Jr.,JAX,CIN,WR,JAX@CIN,2plus_td,0.02765,3517.0,0.0,0.27005,C,-,tgt_sh 17.8%; team att 29.5; opp DvP 0.99; RZ tgt 0,1.0,
Bhayshul Tuten,JAX,CIN,RB,JAX@CIN,anytime_td,0.42205,137.0,0.4173,0.1159,B,-,tgt_sh 5.4%; team att 29.5; opp DvP 0.93; RZ tgt 1; car_sh 43.2%; team rush 29.5; opp d_ypc 1.05; inside-10 car 2,1.0,
Bhayshul Tuten,JAX,CIN,RB,JAX@CIN,first_td,0.09788104686979686,922.0,0.4173,0.1159,B,-,tgt_sh 5.4%; team att 29.5; opp DvP 0.93; RZ tgt 1; car_sh 43.2%; team rush 29.5; opp d_ypc 1.05; inside-10 car 2,1.0,
Bhayshul Tuten,JAX,CIN,RB,JAX@CIN,last_td,0.09788104686979686,922.0,0.4173,0.1159,B,-,tgt_sh 5.4%; team att 29.5; opp DvP 0.93; RZ tgt 1; car_sh 43.2%; team rush 29.5; opp d_ypc 1.05; inside-10 car 2,1.0,
Bhayshul Tuten,JAX,CIN,RB,JAX@CIN,2plus_td,0.09675,934.0,0.4173,0.1159,B,-,tgt_sh 5.4%; team att 29.5; opp DvP 0.93; RZ tgt 1; car_sh 43.2%; team rush 29.5; opp d_ypc 1.05; inside-10 car 2,1.0,
Parker Washington,JAX,CIN,WR,JAX@CIN,anytime_td,0.3905,156.0,0.0,0.48235,B,-,tgt_sh 23.5%; team att 29.5; opp DvP 0.99; RZ tgt 3,1.0,
Parker Washington,JAX,CIN,WR,JAX@CIN,first_td,0.0882666785991786,1033.0,0.0,0.48235,B,-,tgt_sh 23.5%; team att 29.5; opp DvP 0.99; RZ tgt 3,1.0,
Parker Washington,JAX,CIN,WR,JAX@CIN,last_td,0.0882666785991786,1033.0,0.0,0.48235,B,-,tgt_sh 23.5%; team att 29.5; opp DvP 0.99; RZ tgt 3,1.0,
Parker Washington,JAX,CIN,WR,JAX@CIN,2plus_td,0.08125,1131.0,0.0,0.48235,B,-,tgt_sh 23.5%; team att 29.5; opp DvP 0.99; RZ tgt 3,1.0,
Joe Burrow,CIN,JAX,QB,JAX@CIN,anytime_td,0.037,2603.0,0.03755,0.0,B,-,team att 33.7; ypa 7.91; opp d_ypa 1.10; pass rate 60.6%,1.0,
Joe Burrow,CIN,JAX,QB,JAX@CIN,first_td,0.0069486904761904755,14291.0,0.03755,0.0,B,-,team att 33.7; ypa 7.91; opp d_ypa 1.10; pass rate 60.6%,1.0,
Joe Burrow,CIN,JAX,QB,JAX@CIN,last_td,0.0069486904761904755,14291.0,0.03755,0.0,B,-,team att 33.7; ypa 7.91; opp d_ypa 1.10; pass rate 60.6%,1.0,
Joe Burrow,CIN,JAX,QB,JAX@CIN,2plus_td,0.00055,181718.0,0.03755,0.0,B,-,team att 33.7; ypa 7.91; opp d_ypa 1.10; pass rate 60.6%,1.0,
Erick All,CIN,JAX,TE,JAX@CIN,anytime_td,0.0322,3006.0,0.0,0.03285,C,-,w_td 0.02; team TD 2.32,1.0,
Erick All,CIN,JAX,TE,JAX@CIN,first_td,0.0060950919913419915,16307.0,0.0,0.03285,C,-,w_td 0.02; team TD 2.32,1.0,
Erick All,CIN,JAX,TE,JAX@CIN,last_td,0.0060950919913419915,16307.0,0.0,0.03285,C,-,w_td 0.02; team TD 2.32,1.0,
Erick All,CIN,JAX,TE,JAX@CIN,2plus_td,0.00065,153746.0,0.0,0.03285,C,-,w_td 0.02; team TD 2.32,1.0,
Tahj Brooks,CIN,JAX,RB,JAX@CIN,anytime_td,0.02025,4838.0,0.01465,0.0058,C,-,w_td 0.03; team TD 2.32,1.0,
Tahj Brooks,CIN,JAX,RB,JAX@CIN,first_td,0.0037415187590187585,26627.0,0.01465,0.0058,C,-,w_td 0.03; team TD 2.32,1.0,
Tahj Brooks,CIN,JAX,RB,JAX@CIN,last_td,0.0037415187590187585,26627.0,0.01465,0.0058,C,-,w_td 0.03; team TD 2.32,1.0,
Tahj Brooks,CIN,JAX,RB,JAX@CIN,2plus_td,0.0002,499900.0,0.01465,0.0058,C,-,w_td 0.03; team TD 2.32,1.0,
Chase Brown,CIN,JAX,RB,JAX@CIN,anytime_td,0.48385,107.0,0.42615,0.21645,B,-,tgt_sh 12.7%; team att 33.7; opp DvP 0.98; RZ tgt 1; car_sh 64.7%; team rush 23.6; opp d_ypc 0.94; inside-10 car 3,1.0,
Chase Brown,CIN,JAX,RB,JAX@CIN,first_td,0.1170788936063936,754.0,0.42615,0.21645,B,-,tgt_sh 12.7%; team att 33.7; opp DvP 0.98; RZ tgt 1; car_sh 64.7%; team rush 23.6; opp d_ypc 0.94; inside-10 car 3,1.0,
Chase Brown,CIN,JAX,RB,JAX@CIN,last_td,0.1170788936063936,754.0,0.42615,0.21645,B,-,tgt_sh 12.7%; team att 33.7; opp DvP 0.98; RZ tgt 1; car_sh 64.7%; team rush 23.6; opp d_ypc 0.94; inside-10 car 3,1.0,
Chase Brown,CIN,JAX,RB,JAX@CIN,2plus_td,0.1325,655.0,0.42615,0.21645,B,-,tgt_sh 12.7%; team att 33.7; opp DvP 0.98; RZ tgt 1; car_sh 64.7%; team rush 23.6; opp d_ypc 0.94; inside-10 car 3,1.0,
Ja'Marr Chase,CIN,JAX,WR,JAX@CIN,anytime_td,0.42795,134.0,0.0,0.54105,B,-,tgt_sh 26.5%; team att 33.7; opp DvP 0.98; RZ tgt 4,1.0,
Ja'Marr Chase,CIN,JAX,WR,JAX@CIN,first_td,0.09742231046731047,926.0,0.0,0.54105,B,-,tgt_sh 26.5%; team att 33.7; opp DvP 0.98; RZ tgt 4,1.0,
Ja'Marr Chase,CIN,JAX,WR,JAX@CIN,last_td,0.09742231046731047,926.0,0.0,0.54105,B,-,tgt_sh 26.5%; team att 33.7; opp DvP 0.98; RZ tgt 4,1.0,
Ja'Marr Chase,CIN,JAX,WR,JAX@CIN,2plus_td,0.0969,932.0,0.0,0.54105,B,-,tgt_sh 26.5%; team att 33.7; opp DvP 0.98; RZ tgt 4,1.0,
Mike Gesicki,CIN,JAX,TE,JAX@CIN,anytime_td,0.2308,333.0,0.0,0.2571,C,-,tgt_sh 11.1%; team att 33.7; opp DvP 1.12; RZ tgt 2,1.0,
Mike Gesicki,CIN,JAX,TE,JAX@CIN,first_td,0.04634800713175713,2058.0,0.0,0.2571,C,-,tgt_sh 11.1%; team att 33.7; opp DvP 1.12; RZ tgt 2,1.0,
Mike Gesicki,CIN,JAX,TE,JAX@CIN,last_td,0.04634800713175713,2058.0,0.0,0.2571,C,-,tgt_sh 11.1%; team att 33.7; opp DvP 1.12; RZ tgt 2,1.0,
Mike Gesicki,CIN,JAX,TE,JAX@CIN,2plus_td,0.02495,3908.0,0.0,0.2571,C,-,tgt_sh 11.1%; team att 33.7; opp DvP 1.12; RZ tgt 2,1.0,
Tee Higgins,CIN,JAX,WR,JAX@CIN,anytime_td,0.2732,266.0,0.0,0.3154,B,-,tgt_sh 19.0%; team att 33.7; opp DvP 0.98; RZ tgt 1,1.0,
Tee Higgins,CIN,JAX,WR,JAX@CIN,first_td,0.05715519855144855,1650.0,0.0,0.3154,B,-,tgt_sh 19.0%; team att 33.7; opp DvP 0.98; RZ tgt 1,1.0,
Tee Higgins,CIN,JAX,WR,JAX@CIN,last_td,0.05715519855144855,1650.0,0.0,0.3154,B,-,tgt_sh 19.0%; team att 33.7; opp DvP 0.98; RZ tgt 1,1.0,
Tee Higgins,CIN,JAX,WR,JAX@CIN,2plus_td,0.03895,2467.0,0.0,0.3154,B,-,tgt_sh 19.0%; team att 33.7; opp DvP 0.98; RZ tgt 1,1.0,
Tanner Hudson,CIN,JAX,TE,JAX@CIN,anytime_td,0.0573,1645.0,0.0,0.05835,C,-,tgt_sh 3.7%; team att 33.7; opp DvP 1.12; RZ tgt 0,1.0,
Tanner Hudson,CIN,JAX,TE,JAX@CIN,first_td,0.010543804667554666,9384.0,0.0,0.05835,C,-,tgt_sh 3.7%; team att 33.7; opp DvP 1.12; RZ tgt 0,1.0,
Tanner Hudson,CIN,JAX,TE,JAX@CIN,last_td,0.010543804667554666,9384.0,0.0,0.05835,C,-,tgt_sh 3.7%; team att 33.7; opp DvP 1.12; RZ tgt 0,1.0,
Tanner Hudson,CIN,JAX,TE,JAX@CIN,2plus_td,0.00105,95138.0,0.0,0.05835,C,-,tgt_sh 3.7%; team att 33.7; opp DvP 1.12; RZ tgt 0,1.0,
Dohnte Meyers,CIN,JAX,WR,JAX@CIN,anytime_td,0.0809,1136.0,0.00375,0.08055,C,-,tgt_sh 5.6%; team att 33.7; opp DvP 0.98; RZ tgt 0,1.0,
Dohnte Meyers,CIN,JAX,WR,JAX@CIN,first_td,0.014957123432123434,6586.0,0.00375,0.08055,C,-,tgt_sh 5.6%; team att 33.7; opp DvP 0.98; RZ tgt 0,1.0,
Dohnte Meyers,CIN,JAX,WR,JAX@CIN,last_td,0.014957123432123434,6586.0,0.00375,0.08055,C,-,tgt_sh 5.6%; team att 33.7; opp DvP 0.98; RZ tgt 0,1.0,
Dohnte Meyers,CIN,JAX,WR,JAX@CIN,2plus_td,0.00325,30669.0,0.00375,0.08055,C,-,tgt_sh 5.6%; team att 33.7; opp DvP 0.98; RZ tgt 0,1.0,
Samaje Perine,CIN,JAX,RB,JAX@CIN,anytime_td,0.19385,416.0,0.13245,0.07945,B,-,tgt_sh 5.7%; team att 33.7; opp DvP 0.98; RZ tgt 0; car_sh 20.6%; team rush 23.6; opp d_ypc 0.94; inside-10 car 1,1.0,
Samaje Perine,CIN,JAX,RB,JAX@CIN,first_td,0.03880659035409035,2477.0,0.13245,0.07945,B,-,tgt_sh 5.7%; team att 33.7; opp DvP 0.98; RZ tgt 0; car_sh 20.6%; team rush 23.6; opp d_ypc 0.94; inside-10 car 1,1.0,
Samaje Perine,CIN,JAX,RB,JAX@CIN,last_td,0.03880659035409035,2477.0,0.13245,0.07945,B,-,tgt_sh 5.7%; team att 33.7; opp DvP 0.98; RZ tgt 0; car_sh 20.6%; team rush 23.6; opp d_ypc 0.94; inside-10 car 1,1.0,
Samaje Perine,CIN,JAX,RB,JAX@CIN,2plus_td,0.01705,5765.0,0.13245,0.07945,B,-,tgt_sh 5.7%; team att 33.7; opp DvP 0.98; RZ tgt 0; car_sh 20.6%; team rush 23.6; opp d_ypc 0.94; inside-10 car 1,1.0,
Drew Sample,CIN,JAX,TE,JAX@CIN,anytime_td,0.09845,916.0,0.0,0.1029,C,-,tgt_sh 3.7%; team att 33.7; opp DvP 1.12; RZ tgt 1,1.0,
Drew Sample,CIN,JAX,TE,JAX@CIN,first_td,0.018677302142302142,5254.0,0.0,0.1029,C,-,tgt_sh 3.7%; team att 33.7; opp DvP 1.12; RZ tgt 1,1.0,
Drew Sample,CIN,JAX,TE,JAX@CIN,last_td,0.018677302142302142,5254.0,0.0,0.1029,C,-,tgt_sh 3.7%; team att 33.7; opp DvP 1.12; RZ tgt 1,1.0,
Drew Sample,CIN,JAX,TE,JAX@CIN,2plus_td,0.0043,23156.0,0.0,0.1029,C,-,tgt_sh 3.7%; team att 33.7; opp DvP 1.12; RZ tgt 1,1.0,
Dak Prescott,DAL,HOU,QB,DAL@HOU,anytime_td,0.0737,1257.0,0.07665,0.0,B,-,team att 34.4; ypa 7.53; opp d_ypa 1.06; pass rate 59.7%,1.0,
Dak Prescott,DAL,HOU,QB,DAL@HOU,first_td,0.014088810078810078,6998.0,0.07665,0.0,B,-,team att 34.4; ypa 7.53; opp d_ypa 1.06; pass rate 59.7%,1.0,
Dak Prescott,DAL,HOU,QB,DAL@HOU,last_td,0.014088810078810078,6998.0,0.07665,0.0,B,-,team att 34.4; ypa 7.53; opp d_ypa 1.06; pass rate 59.7%,1.0,
Dak Prescott,DAL,HOU,QB,DAL@HOU,2plus_td,0.00295,33798.0,0.07665,0.0,B,-,team att 34.4; ypa 7.53; opp d_ypa 1.06; pass rate 59.7%,1.0,
Emari Demercado,DAL,HOU,RB,DAL@HOU,anytime_td,0.0948,955.0,0.0789,0.01965,C,-,car_sh 12.4%; team rush 24.5; opp d_ypc 0.92; inside-10 car 0,1.0,
Emari Demercado,DAL,HOU,RB,DAL@HOU,first_td,0.017506966366966366,5612.0,0.0789,0.01965,C,-,car_sh 12.4%; team rush 24.5; opp d_ypc 0.92; inside-10 car 0,1.0,
Emari Demercado,DAL,HOU,RB,DAL@HOU,last_td,0.017506966366966366,5612.0,0.0789,0.01965,C,-,car_sh 12.4%; team rush 24.5; opp d_ypc 0.92; inside-10 car 0,1.0,
Emari Demercado,DAL,HOU,RB,DAL@HOU,2plus_td,0.0036,27678.0,0.0789,0.01965,C,-,car_sh 12.4%; team rush 24.5; opp d_ypc 0.92; inside-10 car 0,1.0,
Jake Ferguson,DAL,HOU,TE,DAL@HOU,anytime_td,0.24235,313.0,0.0,0.27295,B,-,tgt_sh 12.9%; team att 34.4; opp DvP 1.08; RZ tgt 4,1.0,
Jake Ferguson,DAL,HOU,TE,DAL@HOU,first_td,0.04986433941058941,1905.0,0.0,0.27295,B,-,tgt_sh 12.9%; team att 34.4; opp DvP 1.08; RZ tgt 4,1.0,
Jake Ferguson,DAL,HOU,TE,DAL@HOU,last_td,0.04986433941058941,1905.0,0.0,0.27295,B,-,tgt_sh 12.9%; team att 34.4; opp DvP 1.08; RZ tgt 4,1.0,
Jake Ferguson,DAL,HOU,TE,DAL@HOU,2plus_td,0.02845,3415.0,0.0,0.27295,B,-,tgt_sh 12.9%; team att 34.4; opp DvP 1.08; RZ tgt 4,1.0,
Ryan Flournoy,DAL,HOU,WR,DAL@HOU,anytime_td,0.23945,318.0,0.0,0.27215,B,-,tgt_sh 13.7%; team att 34.4; opp DvP 0.97; RZ tgt 4,1.0,
Ryan Flournoy,DAL,HOU,WR,DAL@HOU,first_td,0.049672546065046064,1913.0,0.0,0.27215,B,-,tgt_sh 13.7%; team att 34.4; opp DvP 0.97; RZ tgt 4,1.0,
Ryan Flournoy,DAL,HOU,WR,DAL@HOU,last_td,0.049672546065046064,1913.0,0.0,0.27215,B,-,tgt_sh 13.7%; team att 34.4; opp DvP 0.97; RZ tgt 4,1.0,
Ryan Flournoy,DAL,HOU,WR,DAL@HOU,2plus_td,0.03065,3163.0,0.0,0.27215,B,-,tgt_sh 13.7%; team att 34.4; opp DvP 0.97; RZ tgt 4,1.0,
Tyler Goodson,DAL,HOU,RB,DAL@HOU,anytime_td,0.11615,761.0,0.09915,0.0225,C,-,car_sh 15.5%; team rush 24.5; opp d_ypc 0.92; inside-10 car 0,1.0,
Tyler Goodson,DAL,HOU,RB,DAL@HOU,first_td,0.022319110056610057,4380.0,0.09915,0.0225,C,-,car_sh 15.5%; team rush 24.5; opp d_ypc 0.92; inside-10 car 0,1.0,
Tyler Goodson,DAL,HOU,RB,DAL@HOU,last_td,0.022319110056610057,4380.0,0.09915,0.0225,C,-,car_sh 15.5%; team rush 24.5; opp d_ypc 0.92; inside-10 car 0,1.0,
Tyler Goodson,DAL,HOU,RB,DAL@HOU,2plus_td,0.0054,18419.0,0.09915,0.0225,C,-,car_sh 15.5%; team rush 24.5; opp d_ypc 0.92; inside-10 car 0,1.0,
CeeDee Lamb,DAL,HOU,WR,DAL@HOU,anytime_td,0.3118,221.0,0.0071,0.35945,B,-,tgt_sh 23.5%; team att 34.4; opp DvP 0.97; RZ tgt 3,1.0,
CeeDee Lamb,DAL,HOU,WR,DAL@HOU,first_td,0.06645079628704628,1405.0,0.0071,0.35945,B,-,tgt_sh 23.5%; team att 34.4; opp DvP 0.97; RZ tgt 3,1.0,
CeeDee Lamb,DAL,HOU,WR,DAL@HOU,last_td,0.06645079628704628,1405.0,0.0071,0.35945,B,-,tgt_sh 23.5%; team att 34.4; opp DvP 0.97; RZ tgt 3,1.0,
CeeDee Lamb,DAL,HOU,WR,DAL@HOU,2plus_td,0.0487,1953.0,0.0071,0.35945,B,-,tgt_sh 23.5%; team att 34.4; opp DvP 0.97; RZ tgt 3,1.0,
Hunter Luepke,DAL,HOU,RB,DAL@HOU,anytime_td,0.036,2678.0,0.02155,0.0148,C,-,w_td 0.04; team TD 2.48,1.0,
Hunter Luepke,DAL,HOU,RB,DAL@HOU,first_td,0.006713286435786435,14796.0,0.02155,0.0148,C,-,w_td 0.04; team TD 2.48,1.0,
Hunter Luepke,DAL,HOU,RB,DAL@HOU,last_td,0.006713286435786435,14796.0,0.02155,0.0148,C,-,w_td 0.04; team TD 2.48,1.0,
Hunter Luepke,DAL,HOU,RB,DAL@HOU,2plus_td,0.00035,285614.0,0.02155,0.0148,C,-,w_td 0.04; team TD 2.48,1.0,
Jonathan Mingo,DAL,HOU,WR,DAL@HOU,anytime_td,0.0211,4639.0,0.0,0.02125,C,-,w_td 0.02; team TD 2.48,1.0,
Jonathan Mingo,DAL,HOU,WR,DAL@HOU,first_td,0.0037348069985569977,26675.0,0.0,0.02125,C,-,w_td 0.02; team TD 2.48,1.0,
Jonathan Mingo,DAL,HOU,WR,DAL@HOU,last_td,0.0037348069985569977,26675.0,0.0,0.02125,C,-,w_td 0.02; team TD 2.48,1.0,
Jonathan Mingo,DAL,HOU,WR,DAL@HOU,2plus_td,0.00015,666567.0,0.0,0.02125,C,-,w_td 0.02; team TD 2.48,1.0,
George Pickens,DAL,HOU,WR,DAL@HOU,anytime_td,0.29785,236.0,0.0,0.34385,B,-,tgt_sh 21.9%; team att 34.4; opp DvP 0.97; RZ tgt 3,1.0,
George Pickens,DAL,HOU,WR,DAL@HOU,first_td,0.06280333902208901,1492.0,0.0,0.34385,B,-,tgt_sh 21.9%; team att 34.4; opp DvP 0.97; RZ tgt 3,1.0,
George Pickens,DAL,HOU,WR,DAL@HOU,last_td,0.06280333902208901,1492.0,0.0,0.34385,B,-,tgt_sh 21.9%; team att 34.4; opp DvP 0.97; RZ tgt 3,1.0,
George Pickens,DAL,HOU,WR,DAL@HOU,2plus_td,0.04235,2261.0,0.0,0.34385,B,-,tgt_sh 21.9%; team att 34.4; opp DvP 0.97; RZ tgt 3,1.0,
Luke Schoonmaker,DAL,HOU,TE,DAL@HOU,anytime_td,0.0343,2815.0,0.0,0.03475,C,-,w_td 0.02; team TD 2.48,1.0,
Luke Schoonmaker,DAL,HOU,TE,DAL@HOU,first_td,0.006280860944610945,15821.0,0.0,0.03475,C,-,w_td 0.02; team TD 2.48,1.0,
Luke Schoonmaker,DAL,HOU,TE,DAL@HOU,last_td,0.006280860944610945,15821.0,0.0,0.03475,C,-,w_td 0.02; team TD 2.48,1.0,
Luke Schoonmaker,DAL,HOU,TE,DAL@HOU,2plus_td,0.00045,222122.0,0.0,0.03475,C,-,w_td 0.02; team TD 2.48,1.0,
Brevyn Spann-Ford,DAL,HOU,TE,DAL@HOU,anytime_td,0.03945,2435.0,0.0,0.0399,C,-,tgt_sh 3.3%; team att 34.4; opp DvP 1.08; RZ tgt 0,1.0,
Brevyn Spann-Ford,DAL,HOU,TE,DAL@HOU,first_td,0.007095207431457431,13994.0,0.0,0.0399,C,-,tgt_sh 3.3%; team att 34.4; opp DvP 1.08; RZ tgt 0,1.0,
Brevyn Spann-Ford,DAL,HOU,TE,DAL@HOU,last_td,0.007095207431457431,13994.0,0.0,0.0399,C,-,tgt_sh 3.3%; team att 34.4; opp DvP 1.08; RZ tgt 0,1.0,
Brevyn Spann-Ford,DAL,HOU,TE,DAL@HOU,2plus_td,0.00045,222122.0,0.0,0.0399,C,-,tgt_sh 3.3%; team att 34.4; opp DvP 1.08; RZ tgt 0,1.0,
KaVontae Turpin,DAL,HOU,WR,DAL@HOU,anytime_td,0.1047,855.0,0.0276,0.08255,C,-,tgt_sh 4.8%; team att 34.4; opp DvP 0.97; RZ tgt 1,1.0,
KaVontae Turpin,DAL,HOU,WR,DAL@HOU,first_td,0.020121893245643247,4870.0,0.0276,0.08255,C,-,tgt_sh 4.8%; team att 34.4; opp DvP 0.97; RZ tgt 1,1.0,
KaVontae Turpin,DAL,HOU,WR,DAL@HOU,last_td,0.020121893245643247,4870.0,0.0276,0.08255,C,-,tgt_sh 4.8%; team att 34.4; opp DvP 0.97; RZ tgt 1,1.0,
KaVontae Turpin,DAL,HOU,WR,DAL@HOU,2plus_td,0.0053,18768.0,0.0276,0.08255,C,-,tgt_sh 4.8%; team att 34.4; opp DvP 0.97; RZ tgt 1,1.0,
Javonte Williams,DAL,HOU,RB,DAL@HOU,anytime_td,0.5026,-101.0,0.4652,0.2095,B,-,tgt_sh 10.4%; team att 34.4; opp DvP 1.06; RZ tgt 3; car_sh 54.2%; team rush 24.5; opp d_ypc 0.92; inside-10 car 7,1.0,
Javonte Williams,DAL,HOU,RB,DAL@HOU,first_td,0.12360752747252746,709.0,0.4652,0.2095,B,-,tgt_sh 10.4%; team att 34.4; opp DvP 1.06; RZ tgt 3; car_sh 54.2%; team rush 24.5; opp d_ypc 0.92; inside-10 car 7,1.0,
Javonte Williams,DAL,HOU,RB,DAL@HOU,last_td,0.12360752747252746,709.0,0.4652,0.2095,B,-,tgt_sh 10.4%; team att 34.4; opp DvP 1.06; RZ tgt 3; car_sh 54.2%; team rush 24.5; opp d_ypc 0.92; inside-10 car 7,1.0,
Javonte Williams,DAL,HOU,RB,DAL@HOU,2plus_td,0.14325,598.0,0.4652,0.2095,B,-,tgt_sh 10.4%; team att 34.4; opp DvP 1.06; RZ tgt 3; car_sh 54.2%; team rush 24.5; opp d_ypc 0.92; inside-10 car 7,1.0,
C.J. Stroud,HOU,DAL,QB,DAL@HOU,anytime_td,0.08365,1095.0,0.08705,0.0,B,-,team att 37.2; ypa 7.04; opp d_ypa 1.02; pass rate 62.1%,1.0,
C.J. Stroud,HOU,DAL,QB,DAL@HOU,first_td,0.01600662934287934,6147.0,0.08705,0.0,B,-,team att 37.2; ypa 7.04; opp d_ypa 1.02; pass rate 62.1%,1.0,
C.J. Stroud,HOU,DAL,QB,DAL@HOU,last_td,0.01600662934287934,6147.0,0.08705,0.0,B,-,team att 37.2; ypa 7.04; opp d_ypa 1.02; pass rate 62.1%,1.0,
C.J. Stroud,HOU,DAL,QB,DAL@HOU,2plus_td,0.0033,30203.0,0.08705,0.0,B,-,team att 37.2; ypa 7.04; opp d_ypa 1.02; pass rate 62.1%,1.0,
Lewis Bond,HOU,DAL,WR,DAL@HOU,anytime_td,0.0243,4015.0,0.0,0.0244,C,-,w_td 0.02; team TD 2.75,1.0,
Lewis Bond,HOU,DAL,WR,DAL@HOU,first_td,0.004540097957597957,21926.0,0.0,0.0244,C,-,w_td 0.02; team TD 2.75,1.0,
Lewis Bond,HOU,DAL,WR,DAL@HOU,last_td,0.004540097957597957,21926.0,0.0,0.0244,C,-,w_td 0.02; team TD 2.75,1.0,
Lewis Bond,HOU,DAL,WR,DAL@HOU,2plus_td,0.0001,999900.0,0.0,0.0244,C,-,w_td 0.02; team TD 2.75,1.0,
Kayshon Boutte,HOU,DAL,WR,DAL@HOU,anytime_td,0.16415,509.0,0.0,0.1785,C,-,tgt_sh 7.4%; team att 37.2; opp DvP 1.09; RZ tgt 2,1.0,
Kayshon Boutte,HOU,DAL,WR,DAL@HOU,first_td,0.03243050241425241,2984.0,0.0,0.1785,C,-,tgt_sh 7.4%; team att 37.2; opp DvP 1.09; RZ tgt 2,1.0,
Kayshon Boutte,HOU,DAL,WR,DAL@HOU,last_td,0.03243050241425241,2984.0,0.0,0.1785,C,-,tgt_sh 7.4%; team att 37.2; opp DvP 1.09; RZ tgt 2,1.0,
Kayshon Boutte,HOU,DAL,WR,DAL@HOU,2plus_td,0.01385,7120.0,0.0,0.1785,C,-,tgt_sh 7.4%; team att 37.2; opp DvP 1.09; RZ tgt 2,1.0,
Nico Collins,HOU,DAL,WR,DAL@HOU,anytime_td,0.31268452129902996,220.0,0.011334879797553776,0.35860396457191057,C,no game designation yet (Full),tgt_sh 21.8%; team att 37.2; opp DvP 1.09; RZ tgt 2,0.9479829842591244,
Nico Collins,HOU,DAL,WR,DAL@HOU,first_td,0.06777988518815173,1375.0,0.011334879797553776,0.35860396457191057,C,no game designation yet (Full),tgt_sh 21.8%; team att 37.2; opp DvP 1.09; RZ tgt 2,0.9479829842591244,
Nico Collins,HOU,DAL,WR,DAL@HOU,last_td,0.06777988518815173,1375.0,0.011334879797553776,0.35860396457191057,C,no game designation yet (Full),tgt_sh 21.8%; team att 37.2; opp DvP 1.09; RZ tgt 2,0.9479829842591244,
Nico Collins,HOU,DAL,WR,DAL@HOU,2plus_td,0.05082243778996204,1868.0,0.011334879797553776,0.35860396457191057,C,no game designation yet (Full),tgt_sh 21.8%; team att 37.2; opp DvP 1.09; RZ tgt 2,0.9479829842591244,
Xavier Hutchinson,HOU,DAL,WR,DAL@HOU,anytime_td,0.2108,374.0,0.01585,0.2164,B,-,tgt_sh 12.9%; team att 37.2; opp DvP 1.09; RZ tgt 1,1.0,
Xavier Hutchinson,HOU,DAL,WR,DAL@HOU,first_td,0.042461284687534684,2255.0,0.01585,0.2164,B,-,tgt_sh 12.9%; team att 37.2; opp DvP 1.09; RZ tgt 1,1.0,
Xavier Hutchinson,HOU,DAL,WR,DAL@HOU,last_td,0.042461284687534684,2255.0,0.01585,0.2164,B,-,tgt_sh 12.9%; team att 37.2; opp DvP 1.09; RZ tgt 1,1.0,
Xavier Hutchinson,HOU,DAL,WR,DAL@HOU,2plus_td,0.02045,4790.0,0.01585,0.2164,B,-,tgt_sh 12.9%; team att 37.2; opp DvP 1.09; RZ tgt 1,1.0,
Woody Marks,HOU,DAL,RB,DAL@HOU,anytime_td,0.3892,157.0,0.3501,0.13025,B,-,tgt_sh 5.2%; team att 37.2; opp DvP 0.84; RZ tgt 2; car_sh 32.5%; team rush 24.0; opp d_ypc 1.11; inside-10 car 2,1.0,
Woody Marks,HOU,DAL,RB,DAL@HOU,first_td,0.08855071692196692,1029.0,0.3501,0.13025,B,-,tgt_sh 5.2%; team att 37.2; opp DvP 0.84; RZ tgt 2; car_sh 32.5%; team rush 24.0; opp d_ypc 1.11; inside-10 car 2,1.0,
Woody Marks,HOU,DAL,RB,DAL@HOU,last_td,0.08855071692196692,1029.0,0.3501,0.13025,B,-,tgt_sh 5.2%; team att 37.2; opp DvP 0.84; RZ tgt 2; car_sh 32.5%; team rush 24.0; opp d_ypc 1.11; inside-10 car 2,1.0,
Woody Marks,HOU,DAL,RB,DAL@HOU,2plus_td,0.0803,1145.0,0.3501,0.13025,B,-,tgt_sh 5.2%; team att 37.2; opp DvP 0.84; RZ tgt 2; car_sh 32.5%; team rush 24.0; opp d_ypc 1.11; inside-10 car 2,1.0,
David Montgomery,HOU,DAL,RB,DAL@HOU,anytime_td,0.48215,107.0,0.55075,0.0877,B,-,tgt_sh 4.7%; team att 37.2; opp DvP 0.84; RZ tgt 1; car_sh 48.1%; team rush 24.0; opp d_ypc 1.11; inside-10 car 4,1.0,
David Montgomery,HOU,DAL,RB,DAL@HOU,first_td,0.1171902867965368,753.0,0.55075,0.0877,B,-,tgt_sh 4.7%; team att 37.2; opp DvP 0.84; RZ tgt 1; car_sh 48.1%; team rush 24.0; opp d_ypc 1.11; inside-10 car 4,1.0,
David Montgomery,HOU,DAL,RB,DAL@HOU,last_td,0.1171902867965368,753.0,0.55075,0.0877,B,-,tgt_sh 4.7%; team att 37.2; opp DvP 0.84; RZ tgt 1; car_sh 48.1%; team rush 24.0; opp d_ypc 1.11; inside-10 car 4,1.0,
David Montgomery,HOU,DAL,RB,DAL@HOU,2plus_td,0.12985,670.0,0.55075,0.0877,B,-,tgt_sh 4.7%; team att 37.2; opp DvP 0.84; RZ tgt 1; car_sh 48.1%; team rush 24.0; opp d_ypc 1.11; inside-10 car 4,1.0,
Foster Moreau,HOU,DAL,TE,DAL@HOU,anytime_td,0.1479,576.0,0.0,0.16025,C,-,tgt_sh 6.8%; team att 37.2; opp DvP 1.00; RZ tgt 2,1.0,
Foster Moreau,HOU,DAL,TE,DAL@HOU,first_td,0.02921285561660561,3323.0,0.0,0.16025,C,-,tgt_sh 6.8%; team att 37.2; opp DvP 1.00; RZ tgt 2,1.0,
Foster Moreau,HOU,DAL,TE,DAL@HOU,last_td,0.02921285561660561,3323.0,0.0,0.16025,C,-,tgt_sh 6.8%; team att 37.2; opp DvP 1.00; RZ tgt 2,1.0,
Foster Moreau,HOU,DAL,TE,DAL@HOU,2plus_td,0.01175,8411.0,0.0,0.16025,C,-,tgt_sh 6.8%; team att 37.2; opp DvP 1.00; RZ tgt 2,1.0,
Jaylin Noel,HOU,DAL,WR,DAL@HOU,anytime_td,0.0885,1030.0,0.01565,0.0767,C,-,tgt_sh 5.6%; team att 37.2; opp DvP 1.09; RZ tgt 0,1.0,
Jaylin Noel,HOU,DAL,WR,DAL@HOU,first_td,0.016724739427239427,5879.0,0.01565,0.0767,C,-,tgt_sh 5.6%; team att 37.2; opp DvP 1.09; RZ tgt 0,1.0,
Jaylin Noel,HOU,DAL,WR,DAL@HOU,last_td,0.016724739427239427,5879.0,0.01565,0.0767,C,-,tgt_sh 5.6%; team att 37.2; opp DvP 1.09; RZ tgt 0,1.0,
Jaylin Noel,HOU,DAL,WR,DAL@HOU,2plus_td,0.00375,26567.0,0.01565,0.0767,C,-,tgt_sh 5.6%; team att 37.2; opp DvP 1.09; RZ tgt 0,1.0,
Dalton Schultz,HOU,DAL,TE,DAL@HOU,anytime_td,0.24861676584194592,302.0,0.0,0.281866583150642,B,no game designation yet (Limited),tgt_sh 18.8%; team att 37.2; opp DvP 1.00; RZ tgt 1,0.9575230478992892,
Dalton Schultz,HOU,DAL,TE,DAL@HOU,first_td,0.05116747081200573,1854.0,0.0,0.281866583150642,B,no game designation yet (Limited),tgt_sh 18.8%; team att 37.2; opp DvP 1.00; RZ tgt 1,0.9575230478992892,
Dalton Schultz,HOU,DAL,TE,DAL@HOU,last_td,0.05116747081200573,1854.0,0.0,0.281866583150642,B,no game designation yet (Limited),tgt_sh 18.8%; team att 37.2; opp DvP 1.00; RZ tgt 1,0.9575230478992892,
Dalton Schultz,HOU,DAL,TE,DAL@HOU,2plus_td,0.03053554650798622,3175.0,0.0,0.281866583150642,B,no game designation yet (Limited),tgt_sh 18.8%; team att 37.2; opp DvP 1.00; RZ tgt 1,0.9575230478992892,
Cade Stover,HOU,DAL,TE,DAL@HOU,anytime_td,0.03465,2786.0,0.0,0.03555,C,-,w_td 0.02; team TD 2.75,1.0,
Cade Stover,HOU,DAL,TE,DAL@HOU,first_td,0.006554199134199135,15157.0,0.0,0.03555,C,-,w_td 0.02; team TD 2.75,1.0,
Cade Stover,HOU,DAL,TE,DAL@HOU,last_td,0.006554199134199135,15157.0,0.0,0.03555,C,-,w_td 0.02; team TD 2.75,1.0,
Cade Stover,HOU,DAL,TE,DAL@HOU,2plus_td,0.0009,111011.0,0.0,0.03555,C,-,w_td 0.02; team TD 2.75,1.0,
Jared Wayne,HOU,DAL,WR,DAL@HOU,anytime_td,0.16885,492.0,0.0,0.1826,C,-,tgt_sh 10.9%; team att 37.2; opp DvP 1.09; RZ tgt 1,1.0,
Jared Wayne,HOU,DAL,WR,DAL@HOU,first_td,0.03308391525141525,2923.0,0.0,0.1826,C,-,tgt_sh 10.9%; team att 37.2; opp DvP 1.09; RZ tgt 1,1.0,
Jared Wayne,HOU,DAL,WR,DAL@HOU,last_td,0.03308391525141525,2923.0,0.0,0.1826,C,-,tgt_sh 10.9%; team att 37.2; opp DvP 1.09; RZ tgt 1,1.0,
Jared Wayne,HOU,DAL,WR,DAL@HOU,2plus_td,0.0132,7476.0,0.0,0.1826,C,-,tgt_sh 10.9%; team att 37.2; opp DvP 1.09; RZ tgt 1,1.0,
Jacoby Brissett,ARI,NYG,QB,ARI@NYG,anytime_td,0.0914,994.0,0.09565,0.0,B,-,team att 35.8; ypa 6.20; opp d_ypa 0.98; pass rate 60.1%,1.0,
Jacoby Brissett,ARI,NYG,QB,ARI@NYG,first_td,0.019872063492063493,4932.0,0.09565,0.0,B,-,team att 35.8; ypa 6.20; opp d_ypa 0.98; pass rate 60.1%,1.0,
Jacoby Brissett,ARI,NYG,QB,ARI@NYG,last_td,0.019872063492063493,4932.0,0.09565,0.0,B,-,team att 35.8; ypa 6.20; opp d_ypa 0.98; pass rate 60.1%,1.0,
Jacoby Brissett,ARI,NYG,QB,ARI@NYG,2plus_td,0.004,24900.0,0.09565,0.0,B,-,team att 35.8; ypa 6.20; opp d_ypa 0.98; pass rate 60.1%,1.0,
Tyler Allgeier,ARI,NYG,RB,ARI@NYG,anytime_td,0.22225,350.0,0.15835,0.0882,B,-,tgt_sh 5.0%; team att 35.8; opp DvP 0.93; RZ tgt 2; car_sh 26.3%; team rush 24.5; opp d_ypc 1.05; inside-10 car 2,1.0,
Tyler Allgeier,ARI,NYG,RB,ARI@NYG,first_td,0.05228711038961039,1813.0,0.15835,0.0882,B,-,tgt_sh 5.0%; team att 35.8; opp DvP 0.93; RZ tgt 2; car_sh 26.3%; team rush 24.5; opp d_ypc 1.05; inside-10 car 2,1.0,
Tyler Allgeier,ARI,NYG,RB,ARI@NYG,last_td,0.05228711038961039,1813.0,0.15835,0.0882,B,-,tgt_sh 5.0%; team att 35.8; opp DvP 0.93; RZ tgt 2; car_sh 26.3%; team rush 24.5; opp d_ypc 1.05; inside-10 car 2,1.0,
Tyler Allgeier,ARI,NYG,RB,ARI@NYG,2plus_td,0.0227,4305.0,0.15835,0.0882,B,-,tgt_sh 5.0%; team att 35.8; opp DvP 0.93; RZ tgt 2; car_sh 26.3%; team rush 24.5; opp d_ypc 1.05; inside-10 car 2,1.0,
Kendrick Bourne,ARI,NYG,WR,ARI@NYG,anytime_td,0.15045,565.0,0.0,0.16145,C,-,tgt_sh 11.6%; team att 35.8; opp DvP 1.08; RZ tgt 2,1.0,
Kendrick Bourne,ARI,NYG,WR,ARI@NYG,first_td,0.03365752705627706,2871.0,0.0,0.16145,C,-,tgt_sh 11.6%; team att 35.8; opp DvP 1.08; RZ tgt 2,1.0,
Kendrick Bourne,ARI,NYG,WR,ARI@NYG,last_td,0.03365752705627706,2871.0,0.0,0.16145,C,-,tgt_sh 11.6%; team att 35.8; opp DvP 1.08; RZ tgt 2,1.0,
Kendrick Bourne,ARI,NYG,WR,ARI@NYG,2plus_td,0.0104,9515.0,0.0,0.16145,C,-,tgt_sh 11.6%; team att 35.8; opp DvP 1.08; RZ tgt 2,1.0,
Jalen Brooks,ARI,NYG,WR,ARI@NYG,anytime_td,0.01765,5566.0,0.0,0.0177,C,-,w_td 0.02; team TD 2.06,1.0,
Jalen Brooks,ARI,NYG,WR,ARI@NYG,first_td,0.003623858225108225,27495.0,0.0,0.0177,C,-,w_td 0.02; team TD 2.06,1.0,
Jalen Brooks,ARI,NYG,WR,ARI@NYG,last_td,0.003623858225108225,27495.0,0.0,0.0177,C,-,w_td 0.02; team TD 2.06,1.0,
Jalen Brooks,ARI,NYG,WR,ARI@NYG,2plus_td,5e-05,999900.0,0.0,0.0177,C,-,w_td 0.02; team TD 2.06,1.0,
Marvin Harrison Jr.,ARI,NYG,WR,ARI@NYG,anytime_td,0.11815,746.0,0.0,0.12425,C,-,tgt_sh 11.8%; team att 35.8; opp DvP 1.08; RZ tgt 0,1.0,
Marvin Harrison Jr.,ARI,NYG,WR,ARI@NYG,first_td,0.026486208513708517,3676.0,0.0,0.12425,C,-,tgt_sh 11.8%; team att 35.8; opp DvP 1.08; RZ tgt 0,1.0,
Marvin Harrison Jr.,ARI,NYG,WR,ARI@NYG,last_td,0.026486208513708517,3676.0,0.0,0.12425,C,-,tgt_sh 11.8%; team att 35.8; opp DvP 1.08; RZ tgt 0,1.0,
Marvin Harrison Jr.,ARI,NYG,WR,ARI@NYG,2plus_td,0.00605,16429.0,0.0,0.12425,C,-,tgt_sh 11.8%; team att 35.8; opp DvP 1.08; RZ tgt 0,1.0,
Elijah Higgins,ARI,NYG,TE,ARI@NYG,anytime_td,0.03905,2461.0,0.0,0.0399,C,-,tgt_sh 3.8%; team att 35.8; opp DvP 1.09; RZ tgt 0,1.0,
Elijah Higgins,ARI,NYG,TE,ARI@NYG,first_td,0.008604615800865802,11522.0,0.0,0.0399,C,-,tgt_sh 3.8%; team att 35.8; opp DvP 1.09; RZ tgt 0,1.0,
Elijah Higgins,ARI,NYG,TE,ARI@NYG,last_td,0.008604615800865802,11522.0,0.0,0.0399,C,-,tgt_sh 3.8%; team att 35.8; opp DvP 1.09; RZ tgt 0,1.0,
Elijah Higgins,ARI,NYG,TE,ARI@NYG,2plus_td,0.00085,117547.0,0.0,0.0399,C,-,tgt_sh 3.8%; team att 35.8; opp DvP 1.09; RZ tgt 0,1.0,
Bam Knight,ARI,NYG,RB,ARI@NYG,anytime_td,0.07295,1271.0,0.0481,0.02655,C,-,w_td 0.10; team TD 2.06,1.0,
Bam Knight,ARI,NYG,RB,ARI@NYG,first_td,0.015836773088023084,6214.0,0.0481,0.02655,C,-,w_td 0.10; team TD 2.06,1.0,
Bam Knight,ARI,NYG,RB,ARI@NYG,last_td,0.015836773088023084,6214.0,0.0481,0.02655,C,-,w_td 0.10; team TD 2.06,1.0,
Bam Knight,ARI,NYG,RB,ARI@NYG,2plus_td,0.0017,58724.0,0.0481,0.02655,C,-,w_td 0.10; team TD 2.06,1.0,
Hunter Long,ARI,NYG,TE,ARI@NYG,anytime_td,0.02595,3754.0,0.0,0.02665,C,-,w_td 0.02; team TD 2.06,1.0,
Hunter Long,ARI,NYG,TE,ARI@NYG,first_td,0.0055130844155844155,18039.0,0.0,0.02665,C,-,w_td 0.02; team TD 2.06,1.0,
Hunter Long,ARI,NYG,TE,ARI@NYG,last_td,0.0055130844155844155,18039.0,0.0,0.02665,C,-,w_td 0.02; team TD 2.06,1.0,
Hunter Long,ARI,NYG,TE,ARI@NYG,2plus_td,0.0007,142757.0,0.0,0.02665,C,-,w_td 0.02; team TD 2.06,1.0,
Jeremiyah Love,ARI,NYG,RB,ARI@NYG,anytime_td,0.37335,168.0,0.3052,0.14935,B,-,tgt_sh 9.8%; team att 35.8; opp DvP 0.93; RZ tgt 3; car_sh 50.2%; team rush 24.5; opp d_ypc 1.05; inside-10 car 4,1.0,
Jeremiyah Love,ARI,NYG,RB,ARI@NYG,first_td,0.09655122877122876,936.0,0.3052,0.14935,B,-,tgt_sh 9.8%; team att 35.8; opp DvP 0.93; RZ tgt 3; car_sh 50.2%; team rush 24.5; opp d_ypc 1.05; inside-10 car 4,1.0,
Jeremiyah Love,ARI,NYG,RB,ARI@NYG,last_td,0.09655122877122876,936.0,0.3052,0.14935,B,-,tgt_sh 9.8%; team att 35.8; opp DvP 0.93; RZ tgt 3; car_sh 50.2%; team rush 24.5; opp d_ypc 1.05; inside-10 car 4,1.0,
Jeremiyah Love,ARI,NYG,RB,ARI@NYG,2plus_td,0.07275,1275.0,0.3052,0.14935,B,-,tgt_sh 9.8%; team att 35.8; opp DvP 0.93; RZ tgt 3; car_sh 50.2%; team rush 24.5; opp d_ypc 1.05; inside-10 car 4,1.0,
Trey McBride,ARI,NYG,TE,ARI@NYG,anytime_td,0.38465,160.0,0.0,0.47275,B,-,tgt_sh 28.3%; team att 35.8; opp DvP 1.09; RZ tgt 8,1.0,
Trey McBride,ARI,NYG,TE,ARI@NYG,first_td,0.09944001734376734,906.0,0.0,0.47275,B,-,tgt_sh 28.3%; team att 35.8; opp DvP 1.09; RZ tgt 8,1.0,
Trey McBride,ARI,NYG,TE,ARI@NYG,last_td,0.09944001734376734,906.0,0.0,0.47275,B,-,tgt_sh 28.3%; team att 35.8; opp DvP 1.09; RZ tgt 8,1.0,
Trey McBride,ARI,NYG,TE,ARI@NYG,2plus_td,0.07775,1186.0,0.0,0.47275,B,-,tgt_sh 28.3%; team att 35.8; opp DvP 1.09; RZ tgt 8,1.0,
Michael Wilson,ARI,NYG,WR,ARI@NYG,anytime_td,0.27725,261.0,0.0,0.32005,B,-,tgt_sh 20.3%; team att 35.8; opp DvP 1.08; RZ tgt 5,1.0,
Michael Wilson,ARI,NYG,WR,ARI@NYG,first_td,0.06721103354978354,1388.0,0.0,0.32005,B,-,tgt_sh 20.3%; team att 35.8; opp DvP 1.08; RZ tgt 5,1.0,
Michael Wilson,ARI,NYG,WR,ARI@NYG,last_td,0.06721103354978354,1388.0,0.0,0.32005,B,-,tgt_sh 20.3%; team att 35.8; opp DvP 1.08; RZ tgt 5,1.0,
Michael Wilson,ARI,NYG,WR,ARI@NYG,2plus_td,0.03915,2454.0,0.0,0.32005,B,-,tgt_sh 20.3%; team att 35.8; opp DvP 1.08; RZ tgt 5,1.0,
Jameis Winston,NYG,ARI,QB,ARI@NYG,anytime_td,0.0289,3360.0,0.02935,0.0,C,-,team att 28.9; ypa 7.34; opp d_ypa 1.13; pass rate 51.6%,1.0,
Jameis Winston,NYG,ARI,QB,ARI@NYG,first_td,0.006325124458874459,15710.0,0.02935,0.0,C,-,team att 28.9; ypa 7.34; opp d_ypa 1.13; pass rate 51.6%,1.0,
Jameis Winston,NYG,ARI,QB,ARI@NYG,last_td,0.006325124458874459,15710.0,0.02935,0.0,C,-,team att 28.9; ypa 7.34; opp d_ypa 1.13; pass rate 51.6%,1.0,
Jameis Winston,NYG,ARI,QB,ARI@NYG,2plus_td,0.00045,222122.0,0.02935,0.0,C,-,team att 28.9; ypa 7.34; opp d_ypa 1.13; pass rate 51.6%,1.0,
Braxton Berrios,NYG,ARI,WR,ARI@NYG,anytime_td,0.01575,6249.0,0.0,0.0159,C,-,w_td 0.01; team TD 2.41,1.0,
Braxton Berrios,NYG,ARI,WR,ARI@NYG,first_td,0.0033663924963924963,29605.0,0.0,0.0159,C,-,w_td 0.01; team TD 2.41,1.0,
Braxton Berrios,NYG,ARI,WR,ARI@NYG,last_td,0.0033663924963924963,29605.0,0.0,0.0159,C,-,w_td 0.01; team TD 2.41,1.0,
Braxton Berrios,NYG,ARI,WR,ARI@NYG,2plus_td,0.00015,666567.0,0.0,0.0159,C,-,w_td 0.01; team TD 2.41,1.0,
Malachi Fields,NYG,ARI,WR,ARI@NYG,anytime_td,0.17305,478.0,0.0,0.18875,C,-,tgt_sh 13.8%; team att 28.9; opp DvP 1.04; RZ tgt 0,1.0,
Malachi Fields,NYG,ARI,WR,ARI@NYG,first_td,0.03976355089355089,2415.0,0.0,0.18875,C,-,tgt_sh 13.8%; team att 28.9; opp DvP 1.04; RZ tgt 0,1.0,
Malachi Fields,NYG,ARI,WR,ARI@NYG,last_td,0.03976355089355089,2415.0,0.0,0.18875,C,-,tgt_sh 13.8%; team att 28.9; opp DvP 1.04; RZ tgt 0,1.0,
Malachi Fields,NYG,ARI,WR,ARI@NYG,2plus_td,0.0145,6797.0,0.0,0.18875,C,-,tgt_sh 13.8%; team att 28.9; opp DvP 1.04; RZ tgt 0,1.0,
Najee Harris,NYG,ARI,RB,ARI@NYG,anytime_td,0.15305,553.0,0.1574,0.0068,C,-,car_sh 19.8%; team rush 29.1; opp d_ypc 1.04; inside-10 car 2,1.0,
Najee Harris,NYG,ARI,RB,ARI@NYG,first_td,0.03545011238761238,2721.0,0.1574,0.0068,C,-,car_sh 19.8%; team rush 29.1; opp d_ypc 1.04; inside-10 car 2,1.0,
Najee Harris,NYG,ARI,RB,ARI@NYG,last_td,0.03545011238761238,2721.0,0.1574,0.0068,C,-,car_sh 19.8%; team rush 29.1; opp d_ypc 1.04; inside-10 car 2,1.0,
Najee Harris,NYG,ARI,RB,ARI@NYG,2plus_td,0.01065,9290.0,0.1574,0.0068,C,-,car_sh 19.8%; team rush 29.1; opp d_ypc 1.04; inside-10 car 2,1.0,
Theo Johnson,NYG,ARI,TE,ARI@NYG,anytime_td,0.1107,803.0,0.0,0.1161,C,-,tgt_sh 8.6%; team att 28.9; opp DvP 0.97; RZ tgt 0,1.0,
Theo Johnson,NYG,ARI,TE,ARI@NYG,first_td,0.024478416305916306,3985.0,0.0,0.1161,C,-,tgt_sh 8.6%; team att 28.9; opp DvP 0.97; RZ tgt 0,1.0,
Theo Johnson,NYG,ARI,TE,ARI@NYG,last_td,0.024478416305916306,3985.0,0.0,0.1161,C,-,tgt_sh 8.6%; team att 28.9; opp DvP 0.97; RZ tgt 0,1.0,
Theo Johnson,NYG,ARI,TE,ARI@NYG,2plus_td,0.00525,18948.0,0.0,0.1161,C,-,tgt_sh 8.6%; team att 28.9; opp DvP 0.97; RZ tgt 0,1.0,
Isaiah Likely,NYG,ARI,TE,ARI@NYG,anytime_td,0.35365,183.0,0.0,0.4297,B,-,tgt_sh 21.2%; team att 28.9; opp DvP 0.97; RZ tgt 4,1.0,
Isaiah Likely,NYG,ARI,TE,ARI@NYG,first_td,0.09056205266955267,1004.0,0.0,0.4297,B,-,tgt_sh 21.2%; team att 28.9; opp DvP 0.97; RZ tgt 4,1.0,
Isaiah Likely,NYG,ARI,TE,ARI@NYG,last_td,0.09056205266955267,1004.0,0.0,0.4297,B,-,tgt_sh 21.2%; team att 28.9; opp DvP 0.97; RZ tgt 4,1.0,
Isaiah Likely,NYG,ARI,TE,ARI@NYG,2plus_td,0.06785,1374.0,0.0,0.4297,B,-,tgt_sh 21.2%; team att 28.9; opp DvP 0.97; RZ tgt 4,1.0,
Darnell Mooney,NYG,ARI,WR,ARI@NYG,anytime_td,0.1471,580.0,0.00415,0.154,C,-,tgt_sh 11.2%; team att 28.9; opp DvP 1.04; RZ tgt 0,1.0,
Darnell Mooney,NYG,ARI,WR,ARI@NYG,first_td,0.03336682234432234,2897.0,0.00415,0.154,C,-,tgt_sh 11.2%; team att 28.9; opp DvP 1.04; RZ tgt 0,1.0,
Darnell Mooney,NYG,ARI,WR,ARI@NYG,last_td,0.03336682234432234,2897.0,0.00415,0.154,C,-,tgt_sh 11.2%; team att 28.9; opp DvP 1.04; RZ tgt 0,1.0,
Darnell Mooney,NYG,ARI,WR,ARI@NYG,2plus_td,0.01055,9379.0,0.00415,0.154,C,-,tgt_sh 11.2%; team att 28.9; opp DvP 1.04; RZ tgt 0,1.0,
Malik Nabers,NYG,ARI,WR,ARI@NYG,anytime_td,0.32585,207.0,0.0,0.3896,B,-,tgt_sh 19.2%; team att 28.9; opp DvP 1.04; RZ tgt 3,1.0,
Malik Nabers,NYG,ARI,WR,ARI@NYG,first_td,0.08244288711288711,1113.0,0.0,0.3896,B,-,tgt_sh 19.2%; team att 28.9; opp DvP 1.04; RZ tgt 3,1.0,
Malik Nabers,NYG,ARI,WR,ARI@NYG,last_td,0.08244288711288711,1113.0,0.0,0.3896,B,-,tgt_sh 19.2%; team att 28.9; opp DvP 1.04; RZ tgt 3,1.0,
Malik Nabers,NYG,ARI,WR,ARI@NYG,2plus_td,0.0573,1645.0,0.0,0.3896,B,-,tgt_sh 19.2%; team att 28.9; opp DvP 1.04; RZ tgt 3,1.0,
Patrick Ricard,NYG,ARI,RB,ARI@NYG,anytime_td,0.017347099208636862,5665.0,0.0,0.017451915518054608,C,no game designation yet (Full),w_td 0.01; team TD 2.41,0.9508674235277402,
Patrick Ricard,NYG,ARI,RB,ARI@NYG,first_td,0.0036627079981725965,27202.0,0.0,0.017451915518054608,C,no game designation yet (Full),w_td 0.01; team TD 2.41,0.9508674235277402,
Patrick Ricard,NYG,ARI,RB,ARI@NYG,last_td,0.0036627079981725965,27202.0,0.0,0.017451915518054608,C,no game designation yet (Full),w_td 0.01; team TD 2.41,0.9508674235277402,
Patrick Ricard,NYG,ARI,RB,ARI@NYG,2plus_td,0.00010481630941774541,953950.0,0.0,0.017451915518054608,C,no game designation yet (Full),w_td 0.01; team TD 2.41,0.9508674235277402,
Devin Singletary,NYG,ARI,RB,ARI@NYG,anytime_td,0.21405,367.0,0.0815,0.1556,C,-,tgt_sh 5.5%; team att 28.9; opp DvP 1.01; RZ tgt 2; car_sh 13.2%; team rush 29.1; opp d_ypc 1.04; inside-10 car 0,1.0,
Devin Singletary,NYG,ARI,RB,ARI@NYG,first_td,0.049910497835497836,1904.0,0.0815,0.1556,C,-,tgt_sh 5.5%; team att 28.9; opp DvP 1.01; RZ tgt 2; car_sh 13.2%; team rush 29.1; opp d_ypc 1.04; inside-10 car 0,1.0,
Devin Singletary,NYG,ARI,RB,ARI@NYG,last_td,0.049910497835497836,1904.0,0.0815,0.1556,C,-,tgt_sh 5.5%; team att 28.9; opp DvP 1.01; RZ tgt 2; car_sh 13.2%; team rush 29.1; opp d_ypc 1.04; inside-10 car 0,1.0,
Devin Singletary,NYG,ARI,RB,ARI@NYG,2plus_td,0.02175,4498.0,0.0815,0.1556,C,-,tgt_sh 5.5%; team att 28.9; opp DvP 1.01; RZ tgt 2; car_sh 13.2%; team rush 29.1; opp d_ypc 1.04; inside-10 car 0,1.0,
Cam Skattebo,NYG,ARI,RB,ARI@NYG,anytime_td,0.40075,150.0,0.3537,0.1466,B,-,tgt_sh 10.7%; team att 28.9; opp DvP 1.01; RZ tgt 0; car_sh 40.9%; team rush 29.1; opp d_ypc 1.04; inside-10 car 5,1.0,
Cam Skattebo,NYG,ARI,RB,ARI@NYG,first_td,0.10665718975468977,838.0,0.3537,0.1466,B,-,tgt_sh 10.7%; team att 28.9; opp DvP 1.01; RZ tgt 0; car_sh 40.9%; team rush 29.1; opp d_ypc 1.04; inside-10 car 5,1.0,
Cam Skattebo,NYG,ARI,RB,ARI@NYG,last_td,0.10665718975468977,838.0,0.3537,0.1466,B,-,tgt_sh 10.7%; team att 28.9; opp DvP 1.01; RZ tgt 0; car_sh 40.9%; team rush 29.1; opp d_ypc 1.04; inside-10 car 5,1.0,
Cam Skattebo,NYG,ARI,RB,ARI@NYG,2plus_td,0.08675,1053.0,0.3537,0.1466,B,-,tgt_sh 10.7%; team att 28.9; opp DvP 1.01; RZ tgt 0; car_sh 40.9%; team rush 29.1; opp d_ypc 1.04; inside-10 car 5,1.0,
Tyrone Tracy Jr.,NYG,ARI,RB,ARI@NYG,anytime_td,0.0873490813648294,1045.0,0.03874015748031496,0.051916010498687666,C,no game designation yet (Full),w_td 0.08; team TD 2.41,0.9508674235277402,
Tyrone Tracy Jr.,NYG,ARI,RB,ARI@NYG,first_td,0.019347884544734937,5069.0,0.03874015748031496,0.051916010498687666,C,no game designation yet (Full),w_td 0.08; team TD 2.41,0.9508674235277402,
Tyrone Tracy Jr.,NYG,ARI,RB,ARI@NYG,last_td,0.019347884544734937,5069.0,0.03874015748031496,0.051916010498687666,C,no game designation yet (Full),w_td 0.08; team TD 2.41,0.9508674235277402,
Tyrone Tracy Jr.,NYG,ARI,RB,ARI@NYG,2plus_td,0.003307086614173228,30138.0,0.03874015748031496,0.051916010498687666,C,no game designation yet (Full),w_td 0.08; team TD 2.41,0.9508674235277402,
Matthew Stafford,LA,PHI,QB,LA@PHI,anytime_td,0.0631,1485.0,0.065,0.0,B,-,team att 35.2; ypa 7.35; opp d_ypa 0.98; pass rate 58.5%,1.0,
Matthew Stafford,LA,PHI,QB,LA@PHI,first_td,0.012744711399711398,7746.0,0.065,0.0,B,-,team att 35.2; ypa 7.35; opp d_ypa 0.98; pass rate 58.5%,1.0,
Matthew Stafford,LA,PHI,QB,LA@PHI,last_td,0.012744711399711398,7746.0,0.065,0.0,B,-,team att 35.2; ypa 7.35; opp d_ypa 0.98; pass rate 58.5%,1.0,
Matthew Stafford,LA,PHI,QB,LA@PHI,2plus_td,0.0019,52532.0,0.065,0.0,B,-,team att 35.2; ypa 7.35; opp d_ypa 0.98; pass rate 58.5%,1.0,
Davante Adams,LA,PHI,WR,LA@PHI,anytime_td,0.3579758324098992,179.0,0.0,0.43760223734895254,B,no game designation yet (Full),tgt_sh 20.5%; team att 35.2; opp DvP 0.98; RZ tgt 2,0.9479829842591244,
Davante Adams,LA,PHI,WR,LA@PHI,first_td,0.08602280302850195,1062.0,0.0,0.43760223734895254,B,no game designation yet (Full),tgt_sh 20.5%; team att 35.2; opp DvP 0.98; RZ tgt 2,0.9479829842591244,
Davante Adams,LA,PHI,WR,LA@PHI,last_td,0.08602280302850195,1062.0,0.0,0.43760223734895254,B,no game designation yet (Full),tgt_sh 20.5%; team att 35.2; opp DvP 0.98; RZ tgt 2,0.9479829842591244,
Davante Adams,LA,PHI,WR,LA@PHI,2plus_td,0.06907287214395019,1348.0,0.0,0.43760223734895254,B,no game designation yet (Full),tgt_sh 20.5%; team att 35.2; opp DvP 0.98; RZ tgt 2,0.9479829842591244,
Davis Allen,LA,PHI,TE,LA@PHI,anytime_td,0.05435,1740.0,0.0,0.05535,C,-,tgt_sh 3.6%; team att 35.2; opp DvP 0.84; RZ tgt 0,1.0,
Davis Allen,LA,PHI,TE,LA@PHI,first_td,0.010597770562770564,9336.0,0.0,0.05535,C,-,tgt_sh 3.6%; team att 35.2; opp DvP 0.84; RZ tgt 0,1.0,
Davis Allen,LA,PHI,TE,LA@PHI,last_td,0.010597770562770564,9336.0,0.0,0.05535,C,-,tgt_sh 3.6%; team att 35.2; opp DvP 0.84; RZ tgt 0,1.0,
Davis Allen,LA,PHI,TE,LA@PHI,2plus_td,0.00095,105163.0,0.0,0.05535,C,-,tgt_sh 3.6%; team att 35.2; opp DvP 0.84; RZ tgt 0,1.0,
Tutu Atwell,LA,PHI,WR,LA@PHI,anytime_td,0.06425,1456.0,0.0,0.0657,C,-,tgt_sh 3.6%; team att 35.2; opp DvP 0.98; RZ tgt 0,1.0,
Tutu Atwell,LA,PHI,WR,LA@PHI,first_td,0.012829568764568762,7694.0,0.0,0.0657,C,-,tgt_sh 3.6%; team att 35.2; opp DvP 0.98; RZ tgt 0,1.0,
Tutu Atwell,LA,PHI,WR,LA@PHI,last_td,0.012829568764568762,7694.0,0.0,0.0657,C,-,tgt_sh 3.6%; team att 35.2; opp DvP 0.98; RZ tgt 0,1.0,
Tutu Atwell,LA,PHI,WR,LA@PHI,2plus_td,0.0014,71329.0,0.0,0.0657,C,-,tgt_sh 3.6%; team att 35.2; opp DvP 0.98; RZ tgt 0,1.0,
Blake Corum,LA,PHI,RB,LA@PHI,anytime_td,0.2628,281.0,0.2111,0.08945,B,-,car_sh 28.2%; team rush 26.1; opp d_ypc 0.97; inside-10 car 0,1.0,
Blake Corum,LA,PHI,RB,LA@PHI,first_td,0.05891207486957487,1597.0,0.2111,0.08945,B,-,car_sh 28.2%; team rush 26.1; opp d_ypc 0.97; inside-10 car 0,1.0,
Blake Corum,LA,PHI,RB,LA@PHI,last_td,0.05891207486957487,1597.0,0.2111,0.08945,B,-,car_sh 28.2%; team rush 26.1; opp d_ypc 0.97; inside-10 car 0,1.0,
Blake Corum,LA,PHI,RB,LA@PHI,2plus_td,0.0343,2815.0,0.2111,0.08945,B,-,car_sh 28.2%; team rush 26.1; opp d_ypc 0.97; inside-10 car 0,1.0,
Tyler Higbee,LA,PHI,TE,LA@PHI,anytime_td,0.20667538451958403,384.0,0.0,0.2300267762625319,C,no game designation yet (DNP),tgt_sh 9.1%; team att 35.2; opp DvP 0.84; RZ tgt 2,0.8055616699684496,
Tyler Higbee,LA,PHI,TE,LA@PHI,first_td,0.04440800238016752,2152.0,0.0,0.2300267762625319,C,no game designation yet (DNP),tgt_sh 9.1%; team att 35.2; opp DvP 0.84; RZ tgt 2,0.8055616699684496,
Tyler Higbee,LA,PHI,TE,LA@PHI,last_td,0.04440800238016752,2152.0,0.0,0.2300267762625319,C,no game designation yet (DNP),tgt_sh 9.1%; team att 35.2; opp DvP 0.84; RZ tgt 2,0.8055616699684496,
Tyler Higbee,LA,PHI,TE,LA@PHI,2plus_td,0.021607821159474436,4528.0,0.0,0.2300267762625319,C,no game designation yet (DNP),tgt_sh 9.1%; team att 35.2; opp DvP 0.84; RZ tgt 2,0.8055616699684496,
Konata Mumpfield,LA,PHI,WR,LA@PHI,anytime_td,0.1273,686.0,0.0,0.1335,C,-,tgt_sh 4.9%; team att 35.2; opp DvP 0.98; RZ tgt 1,1.0,
Konata Mumpfield,LA,PHI,WR,LA@PHI,first_td,0.025976088772338778,3750.0,0.0,0.1335,C,-,tgt_sh 4.9%; team att 35.2; opp DvP 0.98; RZ tgt 1,1.0,
Konata Mumpfield,LA,PHI,WR,LA@PHI,last_td,0.025976088772338778,3750.0,0.0,0.1335,C,-,tgt_sh 4.9%; team att 35.2; opp DvP 0.98; RZ tgt 1,1.0,
Konata Mumpfield,LA,PHI,WR,LA@PHI,2plus_td,0.0061,16293.0,0.0,0.1335,C,-,tgt_sh 4.9%; team att 35.2; opp DvP 0.98; RZ tgt 1,1.0,
Puka Nacua,LA,PHI,WR,LA@PHI,anytime_td,0.37878068091844813,164.0,0.0,0.4637635259963051,C,no game designation yet (Full),tgt_sh 24.2%; team att 35.2; opp DvP 0.98; RZ tgt 1,0.9479829842591244,
Puka Nacua,LA,PHI,WR,LA@PHI,first_td,0.09036160329509497,1007.0,0.0,0.4637635259963051,C,no game designation yet (Full),tgt_sh 24.2%; team att 35.2; opp DvP 0.98; RZ tgt 1,0.9479829842591244,
Puka Nacua,LA,PHI,WR,LA@PHI,last_td,0.09036160329509497,1007.0,0.0,0.4637635259963051,C,no game designation yet (Full),tgt_sh 24.2%; team att 35.2; opp DvP 0.98; RZ tgt 1,0.9479829842591244,
Puka Nacua,LA,PHI,WR,LA@PHI,2plus_td,0.07484824491950383,1236.0,0.0,0.4637635259963051,C,no game designation yet (Full),tgt_sh 24.2%; team att 35.2; opp DvP 0.98; RZ tgt 1,0.9479829842591244,
Colby Parkinson,LA,PHI,TE,LA@PHI,anytime_td,0.15416207552839828,549.0,0.0,0.16417910447761194,C,Questionable (DNP),w_td 0.08; team TD 2.47,0.4981574884199691,
Colby Parkinson,LA,PHI,TE,LA@PHI,first_td,0.031939156984233615,3031.0,0.0,0.16417910447761194,C,Questionable (DNP),w_td 0.08; team TD 2.47,0.4981574884199691,
Colby Parkinson,LA,PHI,TE,LA@PHI,last_td,0.031939156984233615,3031.0,0.0,0.16417910447761194,C,Questionable (DNP),w_td 0.08; team TD 2.47,0.4981574884199691,
Colby Parkinson,LA,PHI,TE,LA@PHI,2plus_td,0.009916858659721526,9984.0,0.0,0.16417910447761194,C,Questionable (DNP),w_td 0.08; team TD 2.47,0.4981574884199691,
Jordan Whittington,LA,PHI,WR,LA@PHI,anytime_td,0.04815,1977.0,0.0,0.04905,C,-,w_td 0.02; team TD 2.47,1.0,
Jordan Whittington,LA,PHI,WR,LA@PHI,first_td,0.00951148088023088,10414.0,0.0,0.04905,C,-,w_td 0.02; team TD 2.47,1.0,
Jordan Whittington,LA,PHI,WR,LA@PHI,last_td,0.00951148088023088,10414.0,0.0,0.04905,C,-,w_td 0.02; team TD 2.47,1.0,
Jordan Whittington,LA,PHI,WR,LA@PHI,2plus_td,0.0009,111011.0,0.0,0.04905,C,-,w_td 0.02; team TD 2.47,1.0,
Kyren Williams,LA,PHI,RB,LA@PHI,anytime_td,0.4707,112.0,0.4406,0.1785,B,-,tgt_sh 8.0%; team att 35.2; opp DvP 0.93; RZ tgt 1; car_sh 46.6%; team rush 26.1; opp d_ypc 0.97; inside-10 car 4,1.0,
Kyren Williams,LA,PHI,RB,LA@PHI,first_td,0.12193462204462203,720.0,0.4406,0.1785,B,-,tgt_sh 8.0%; team att 35.2; opp DvP 0.93; RZ tgt 1; car_sh 46.6%; team rush 26.1; opp d_ypc 0.97; inside-10 car 4,1.0,
Kyren Williams,LA,PHI,RB,LA@PHI,last_td,0.12193462204462203,720.0,0.4406,0.1785,B,-,tgt_sh 8.0%; team att 35.2; opp DvP 0.93; RZ tgt 1; car_sh 46.6%; team rush 26.1; opp d_ypc 0.97; inside-10 car 4,1.0,
Kyren Williams,LA,PHI,RB,LA@PHI,2plus_td,0.1245,703.0,0.4406,0.1785,B,-,tgt_sh 8.0%; team att 35.2; opp DvP 0.93; RZ tgt 1; car_sh 46.6%; team rush 26.1; opp d_ypc 0.97; inside-10 car 4,1.0,
Jalen Hurts,PHI,LA,QB,LA@PHI,anytime_td,0.1617,518.0,0.1742,0.0,B,-,team att 31.9; ypa 6.37; opp d_ypa 0.87; pass rate 56.4%,1.0,
Jalen Hurts,PHI,LA,QB,LA@PHI,first_td,0.034275080475080474,2818.0,0.1742,0.0,B,-,team att 31.9; ypa 6.37; opp d_ypa 0.87; pass rate 56.4%,1.0,
Jalen Hurts,PHI,LA,QB,LA@PHI,last_td,0.034275080475080474,2818.0,0.1742,0.0,B,-,team att 31.9; ypa 6.37; opp d_ypa 0.87; pass rate 56.4%,1.0,
Jalen Hurts,PHI,LA,QB,LA@PHI,2plus_td,0.01185,8339.0,0.1742,0.0,B,-,team att 31.9; ypa 6.37; opp d_ypa 0.87; pass rate 56.4%,1.0,
Saquon Barkley,PHI,LA,RB,LA@PHI,anytime_td,0.4163,140.0,0.35985,0.16635,B,-,tgt_sh 7.3%; team att 31.9; opp DvP 0.92; RZ tgt 0; car_sh 50.7%; team rush 26.3; opp d_ypc 0.98; inside-10 car 2,1.0,
Saquon Barkley,PHI,LA,RB,LA@PHI,first_td,0.10245660089910089,876.0,0.35985,0.16635,B,-,tgt_sh 7.3%; team att 31.9; opp DvP 0.92; RZ tgt 0; car_sh 50.7%; team rush 26.3; opp d_ypc 0.98; inside-10 car 2,1.0,
Saquon Barkley,PHI,LA,RB,LA@PHI,last_td,0.10245660089910089,876.0,0.35985,0.16635,B,-,tgt_sh 7.3%; team att 31.9; opp DvP 0.92; RZ tgt 0; car_sh 50.7%; team rush 26.3; opp d_ypc 0.98; inside-10 car 2,1.0,
Saquon Barkley,PHI,LA,RB,LA@PHI,2plus_td,0.09455,958.0,0.35985,0.16635,B,-,tgt_sh 7.3%; team att 31.9; opp DvP 0.92; RZ tgt 0; car_sh 50.7%; team rush 26.3; opp d_ypc 0.98; inside-10 car 2,1.0,
Tank Bigsby,PHI,LA,RB,LA@PHI,anytime_td,0.15075482615327968,563.0,0.11309242017779181,0.04670979958971122,B,no game designation yet (Full),car_sh 15.2%; team rush 26.3; opp d_ypc 0.98; inside-10 car 1,0.9508674235277402,
Tank Bigsby,PHI,LA,RB,LA@PHI,first_td,0.03187856801554134,3037.0,0.11309242017779181,0.04670979958971122,B,no game designation yet (Full),car_sh 15.2%; team rush 26.3; opp d_ypc 0.98; inside-10 car 1,0.9508674235277402,
Tank Bigsby,PHI,LA,RB,LA@PHI,last_td,0.03187856801554134,3037.0,0.11309242017779181,0.04670979958971122,B,no game designation yet (Full),car_sh 15.2%; team rush 26.3; opp d_ypc 0.98; inside-10 car 1,0.9508674235277402,
Tank Bigsby,PHI,LA,RB,LA@PHI,2plus_td,0.008521382357582452,11635.0,0.11309242017779181,0.04670979958971122,B,no game designation yet (Full),car_sh 15.2%; team rush 26.3; opp d_ypc 0.98; inside-10 car 1,0.9508674235277402,
Darius Cooper,PHI,LA,WR,LA@PHI,anytime_td,0.11708960724439296,754.0,0.0,0.12530272717700328,C,no game designation yet (Full),w_td 0.04; team TD 2.41,0.9479829842591244,
Darius Cooper,PHI,LA,WR,LA@PHI,first_td,0.024374991767326187,4003.0,0.0,0.12530272717700328,C,no game designation yet (Full),w_td 0.04; team TD 2.41,0.9479829842591244,
Darius Cooper,PHI,LA,WR,LA@PHI,last_td,0.024374991767326187,4003.0,0.0,0.12530272717700328,C,no game designation yet (Full),w_td 0.04; team TD 2.41,0.9479829842591244,
Darius Cooper,PHI,LA,WR,LA@PHI,2plus_td,0.0079498789091292,12479.0,0.0,0.12530272717700328,C,no game designation yet (Full),w_td 0.04; team TD 2.41,0.9479829842591244,
Britain Covey,PHI,LA,WR,LA@PHI,anytime_td,0.01775,5534.0,0.0,0.01805,C,-,w_td 0.01; team TD 2.41,1.0,
Britain Covey,PHI,LA,WR,LA@PHI,first_td,0.0035084186646686644,28403.0,0.0,0.01805,C,-,w_td 0.01; team TD 2.41,1.0,
Britain Covey,PHI,LA,WR,LA@PHI,last_td,0.0035084186646686644,28403.0,0.0,0.01805,C,-,w_td 0.01; team TD 2.41,1.0,
Britain Covey,PHI,LA,WR,LA@PHI,2plus_td,0.0003,333233.0,0.0,0.01805,C,-,w_td 0.01; team TD 2.41,1.0,
Zach Ertz,PHI,LA,TE,LA@PHI,anytime_td,0.27495,264.0,0.0,0.3167,C,-,tgt_sh 11.9%; team att 31.9; opp DvP 0.82; RZ tgt 1,1.0,
Zach Ertz,PHI,LA,TE,LA@PHI,first_td,0.06127162212787213,1532.0,0.0,0.3167,C,-,tgt_sh 11.9%; team att 31.9; opp DvP 0.82; RZ tgt 1,1.0,
Zach Ertz,PHI,LA,TE,LA@PHI,last_td,0.06127162212787213,1532.0,0.0,0.3167,C,-,tgt_sh 11.9%; team att 31.9; opp DvP 0.82; RZ tgt 1,1.0,
Zach Ertz,PHI,LA,TE,LA@PHI,2plus_td,0.03835,2508.0,0.0,0.3167,C,-,tgt_sh 11.9%; team att 31.9; opp DvP 0.82; RZ tgt 1,1.0,
Makai Lemon,PHI,LA,WR,LA@PHI,anytime_td,0.2303,334.0,0.0051,0.25465,C,-,tgt_sh 10.6%; team att 31.9; opp DvP 1.03; RZ tgt 0,1.0,
Makai Lemon,PHI,LA,WR,LA@PHI,first_td,0.05050982128982129,1880.0,0.0051,0.25465,C,-,tgt_sh 10.6%; team att 31.9; opp DvP 1.03; RZ tgt 0,1.0,
Makai Lemon,PHI,LA,WR,LA@PHI,last_td,0.05050982128982129,1880.0,0.0051,0.25465,C,-,tgt_sh 10.6%; team att 31.9; opp DvP 1.03; RZ tgt 0,1.0,
Makai Lemon,PHI,LA,WR,LA@PHI,2plus_td,0.0275,3536.0,0.0051,0.25465,C,-,tgt_sh 10.6%; team att 31.9; opp DvP 1.03; RZ tgt 0,1.0,
Johnny Mundt,PHI,LA,TE,LA@PHI,anytime_td,0.0687,1356.0,0.0,0.0702,C,-,tgt_sh 3.2%; team att 31.9; opp DvP 0.82; RZ tgt 0,1.0,
Johnny Mundt,PHI,LA,TE,LA@PHI,first_td,0.013824223137973138,7134.0,0.0,0.0702,C,-,tgt_sh 3.2%; team att 31.9; opp DvP 0.82; RZ tgt 0,1.0,
Johnny Mundt,PHI,LA,TE,LA@PHI,last_td,0.013824223137973138,7134.0,0.0,0.0702,C,-,tgt_sh 3.2%; team att 31.9; opp DvP 0.82; RZ tgt 0,1.0,
Johnny Mundt,PHI,LA,TE,LA@PHI,2plus_td,0.0015,66567.0,0.0,0.0702,C,-,tgt_sh 3.2%; team att 31.9; opp DvP 0.82; RZ tgt 0,1.0,
Will Shipley,PHI,LA,RB,LA@PHI,anytime_td,0.12818086225026287,680.0,0.05299684542586751,0.08364879074658255,C,no game designation yet (Full),tgt_sh 3.7%; team att 31.9; opp DvP 0.92; RZ tgt 0,0.9508674235277402,
Will Shipley,PHI,LA,RB,LA@PHI,first_td,0.02634401321309839,3696.0,0.05299684542586751,0.08364879074658255,C,no game designation yet (Full),tgt_sh 3.7%; team att 31.9; opp DvP 0.92; RZ tgt 0,0.9508674235277402,
Will Shipley,PHI,LA,RB,LA@PHI,last_td,0.02634401321309839,3696.0,0.05299684542586751,0.08364879074658255,C,no game designation yet (Full),tgt_sh 3.7%; team att 31.9; opp DvP 0.92; RZ tgt 0,0.9508674235277402,
Will Shipley,PHI,LA,RB,LA@PHI,2plus_td,0.008201892744479496,12092.0,0.05299684542586751,0.08364879074658255,C,no game designation yet (Full),tgt_sh 3.7%; team att 31.9; opp DvP 0.92; RZ tgt 0,0.9508674235277402,
Dontayvion Wicks,PHI,LA,WR,LA@PHI,anytime_td,0.46565,115.0,0.0,0.61125,B,-,tgt_sh 13.5%; team att 31.9; opp DvP 1.03; RZ tgt 4,1.0,
Dontayvion Wicks,PHI,LA,WR,LA@PHI,first_td,0.11763401196026195,750.0,0.0,0.61125,B,-,tgt_sh 13.5%; team att 31.9; opp DvP 1.03; RZ tgt 4,1.0,
Dontayvion Wicks,PHI,LA,WR,LA@PHI,last_td,0.11763401196026195,750.0,0.0,0.61125,B,-,tgt_sh 13.5%; team att 31.9; opp DvP 1.03; RZ tgt 4,1.0,
Dontayvion Wicks,PHI,LA,WR,LA@PHI,2plus_td,0.12275,715.0,0.0,0.61125,B,-,tgt_sh 13.5%; team att 31.9; opp DvP 1.03; RZ tgt 4,1.0,
Jordan Love,GB,TB,QB,GB@TB,anytime_td,0.03185,3040.0,0.0321,0.0,B,-,team att 38.3; ypa 6.93; opp d_ypa 0.99; pass rate 68.2%,1.0,
Jordan Love,GB,TB,QB,GB@TB,first_td,0.006712581168831168,14797.0,0.0321,0.0,B,-,team att 38.3; ypa 6.93; opp d_ypa 0.99; pass rate 68.2%,1.0,
Jordan Love,GB,TB,QB,GB@TB,last_td,0.006712581168831168,14797.0,0.0321,0.0,B,-,team att 38.3; ypa 6.93; opp d_ypa 0.99; pass rate 68.2%,1.0,
Jordan Love,GB,TB,QB,GB@TB,2plus_td,0.00025,399900.0,0.0321,0.0,B,-,team att 38.3; ypa 6.93; opp d_ypa 0.99; pass rate 68.2%,1.0,
Chris Brooks,GB,TB,RB,GB@TB,anytime_td,0.1435,597.0,0.0952,0.05755,B,-,tgt_sh 3.5%; team att 38.3; opp DvP 1.17; RZ tgt 0; car_sh 15.9%; team rush 19.2; opp d_ypc 0.89; inside-10 car 2,1.0,
Chris Brooks,GB,TB,RB,GB@TB,first_td,0.031565526695526695,3068.0,0.0952,0.05755,B,-,tgt_sh 3.5%; team att 38.3; opp DvP 1.17; RZ tgt 0; car_sh 15.9%; team rush 19.2; opp d_ypc 0.89; inside-10 car 2,1.0,
Chris Brooks,GB,TB,RB,GB@TB,last_td,0.031565526695526695,3068.0,0.0952,0.05755,B,-,tgt_sh 3.5%; team att 38.3; opp DvP 1.17; RZ tgt 0; car_sh 15.9%; team rush 19.2; opp d_ypc 0.89; inside-10 car 2,1.0,
Chris Brooks,GB,TB,RB,GB@TB,2plus_td,0.0088,11264.0,0.0952,0.05755,B,-,tgt_sh 3.5%; team att 38.3; opp DvP 1.17; RZ tgt 0; car_sh 15.9%; team rush 19.2; opp d_ypc 0.89; inside-10 car 2,1.0,
Matthew Golden,GB,TB,WR,GB@TB,anytime_td,0.3322,201.0,0.0,0.39395,B,-,tgt_sh 17.9%; team att 38.3; opp DvP 1.05; RZ tgt 4,1.0,
Matthew Golden,GB,TB,WR,GB@TB,first_td,0.07985740134865134,1152.0,0.0,0.39395,B,-,tgt_sh 17.9%; team att 38.3; opp DvP 1.05; RZ tgt 4,1.0,
Matthew Golden,GB,TB,WR,GB@TB,last_td,0.07985740134865134,1152.0,0.0,0.39395,B,-,tgt_sh 17.9%; team att 38.3; opp DvP 1.05; RZ tgt 4,1.0,
Matthew Golden,GB,TB,WR,GB@TB,2plus_td,0.05555,1700.0,0.0,0.39395,B,-,tgt_sh 17.9%; team att 38.3; opp DvP 1.05; RZ tgt 4,1.0,
Kaleb Johnson,GB,TB,RB,GB@TB,anytime_td,0.121,726.0,0.10515,0.02155,B,-,car_sh 24.1%; team rush 19.2; opp d_ypc 0.89; inside-10 car 0,1.0,
Kaleb Johnson,GB,TB,RB,GB@TB,first_td,0.026399743867243863,3688.0,0.10515,0.02155,B,-,car_sh 24.1%; team rush 19.2; opp d_ypc 0.89; inside-10 car 0,1.0,
Kaleb Johnson,GB,TB,RB,GB@TB,last_td,0.026399743867243863,3688.0,0.10515,0.02155,B,-,car_sh 24.1%; team rush 19.2; opp d_ypc 0.89; inside-10 car 0,1.0,
Kaleb Johnson,GB,TB,RB,GB@TB,2plus_td,0.0055,18082.0,0.10515,0.02155,B,-,car_sh 24.1%; team rush 19.2; opp d_ypc 0.89; inside-10 car 0,1.0,
Tucker Kraft,GB,TB,TE,GB@TB,anytime_td,0.23985,317.0,0.0,0.273,C,-,tgt_sh 17.9%; team att 38.3; opp DvP 0.94; RZ tgt 1,1.0,
Tucker Kraft,GB,TB,TE,GB@TB,first_td,0.05552409992784992,1701.0,0.0,0.273,C,-,tgt_sh 17.9%; team att 38.3; opp DvP 0.94; RZ tgt 1,1.0,
Tucker Kraft,GB,TB,TE,GB@TB,last_td,0.05552409992784992,1701.0,0.0,0.273,C,-,tgt_sh 17.9%; team att 38.3; opp DvP 0.94; RZ tgt 1,1.0,
Tucker Kraft,GB,TB,TE,GB@TB,2plus_td,0.0303,3200.0,0.0,0.273,C,-,tgt_sh 17.9%; team att 38.3; opp DvP 0.94; RZ tgt 1,1.0,
MarShawn Lloyd,GB,TB,RB,GB@TB,anytime_td,0.3326,201.0,0.2568,0.139,B,-,tgt_sh 4.7%; team att 38.3; opp DvP 1.17; RZ tgt 2; car_sh 49.1%; team rush 19.2; opp d_ypc 0.89; inside-10 car 3,1.0,
MarShawn Lloyd,GB,TB,RB,GB@TB,first_td,0.08094548271173271,1135.0,0.2568,0.139,B,-,tgt_sh 4.7%; team att 38.3; opp DvP 1.17; RZ tgt 2; car_sh 49.1%; team rush 19.2; opp d_ypc 0.89; inside-10 car 3,1.0,
MarShawn Lloyd,GB,TB,RB,GB@TB,last_td,0.08094548271173271,1135.0,0.2568,0.139,B,-,tgt_sh 4.7%; team att 38.3; opp DvP 1.17; RZ tgt 2; car_sh 49.1%; team rush 19.2; opp d_ypc 0.89; inside-10 car 3,1.0,
MarShawn Lloyd,GB,TB,RB,GB@TB,2plus_td,0.05695,1656.0,0.2568,0.139,B,-,tgt_sh 4.7%; team att 38.3; opp DvP 1.17; RZ tgt 2; car_sh 49.1%; team rush 19.2; opp d_ypc 0.89; inside-10 car 3,1.0,
Bo Melton,GB,TB,WR,GB@TB,anytime_td,0.0476,2001.0,0.0,0.0482,C,-,w_td 0.03; team TD 2.31,1.0,
Bo Melton,GB,TB,WR,GB@TB,first_td,0.009615761183261183,10300.0,0.0,0.0482,C,-,w_td 0.03; team TD 2.31,1.0,
Bo Melton,GB,TB,WR,GB@TB,last_td,0.009615761183261183,10300.0,0.0,0.0482,C,-,w_td 0.03; team TD 2.31,1.0,
Bo Melton,GB,TB,WR,GB@TB,2plus_td,0.0006,166567.0,0.0,0.0482,C,-,w_td 0.03; team TD 2.31,1.0,
J. Michael Sturdivant,GB,TB,WR,GB@TB,anytime_td,0.0359,2686.0,0.0,0.03645,C,-,w_td 0.02; team TD 2.31,1.0,
J. Michael Sturdivant,GB,TB,WR,GB@TB,first_td,0.007408477633477633,13398.0,0.0,0.03645,C,-,w_td 0.02; team TD 2.31,1.0,
J. Michael Sturdivant,GB,TB,WR,GB@TB,last_td,0.007408477633477633,13398.0,0.0,0.03645,C,-,w_td 0.02; team TD 2.31,1.0,
J. Michael Sturdivant,GB,TB,WR,GB@TB,2plus_td,0.0005,199900.0,0.0,0.03645,C,-,w_td 0.02; team TD 2.31,1.0,
Skyy Moore,GB,TB,WR,GB@TB,anytime_td,0.17945,457.0,0.0,0.1963,C,-,tgt_sh 6.9%; team att 38.3; opp DvP 1.05; RZ tgt 3,1.0,
Skyy Moore,GB,TB,WR,GB@TB,first_td,0.03933969696969697,2442.0,0.0,0.1963,C,-,tgt_sh 6.9%; team att 38.3; opp DvP 1.05; RZ tgt 3,1.0,
Skyy Moore,GB,TB,WR,GB@TB,last_td,0.03933969696969697,2442.0,0.0,0.1963,C,-,tgt_sh 6.9%; team att 38.3; opp DvP 1.05; RZ tgt 3,1.0,
Skyy Moore,GB,TB,WR,GB@TB,2plus_td,0.0158,6229.0,0.0,0.1963,C,-,tgt_sh 6.9%; team att 38.3; opp DvP 1.05; RZ tgt 3,1.0,
Jonnu Smith,GB,TB,TE,GB@TB,anytime_td,0.1139,778.0,0.0,0.11955,C,-,tgt_sh 6.5%; team att 38.3; opp DvP 0.94; RZ tgt 1,1.0,
Jonnu Smith,GB,TB,TE,GB@TB,first_td,0.02470920745920746,3947.0,0.0,0.11955,C,-,tgt_sh 6.5%; team att 38.3; opp DvP 0.94; RZ tgt 1,1.0,
Jonnu Smith,GB,TB,TE,GB@TB,last_td,0.02470920745920746,3947.0,0.0,0.11955,C,-,tgt_sh 6.5%; team att 38.3; opp DvP 0.94; RZ tgt 1,1.0,
Jonnu Smith,GB,TB,TE,GB@TB,2plus_td,0.00555,17918.0,0.0,0.11955,C,-,tgt_sh 6.5%; team att 38.3; opp DvP 0.94; RZ tgt 1,1.0,
Christian Watson,GB,TB,WR,GB@TB,anytime_td,0.41495,141.0,0.0,0.5242,B,-,tgt_sh 22.9%; team att 38.3; opp DvP 1.05; RZ tgt 6,1.0,
Christian Watson,GB,TB,WR,GB@TB,first_td,0.10653410048285047,839.0,0.0,0.5242,B,-,tgt_sh 22.9%; team att 38.3; opp DvP 1.05; RZ tgt 6,1.0,
Christian Watson,GB,TB,WR,GB@TB,last_td,0.10653410048285047,839.0,0.0,0.5242,B,-,tgt_sh 22.9%; team att 38.3; opp DvP 1.05; RZ tgt 6,1.0,
Christian Watson,GB,TB,WR,GB@TB,2plus_td,0.096,942.0,0.0,0.5242,B,-,tgt_sh 22.9%; team att 38.3; opp DvP 1.05; RZ tgt 6,1.0,
Jalon Daniels,TB,GB,QB,GB@TB,anytime_td,0.138,625.0,0.14795,0.0,C,-,team att 33.6; ypa 6.84; opp d_ypa 1.01; pass rate 60.3%,1.0,
Jalon Daniels,TB,GB,QB,GB@TB,first_td,0.0304229310966811,3187.0,0.14795,0.0,C,-,team att 33.6; ypa 6.84; opp d_ypa 1.01; pass rate 60.3%,1.0,
Jalon Daniels,TB,GB,QB,GB@TB,last_td,0.0304229310966811,3187.0,0.14795,0.0,C,-,team att 33.6; ypa 6.84; opp d_ypa 1.01; pass rate 60.3%,1.0,
Jalon Daniels,TB,GB,QB,GB@TB,2plus_td,0.0095,10426.0,0.14795,0.0,C,-,team att 33.6; ypa 6.84; opp d_ypa 1.01; pass rate 60.3%,1.0,
Emeka Egbuka,TB,GB,WR,GB@TB,anytime_td,0.24515,308.0,0.0107,0.26865,B,-,tgt_sh 21.0%; team att 33.6; opp DvP 0.92; RZ tgt 2,1.0,
Emeka Egbuka,TB,GB,WR,GB@TB,first_td,0.05629330447330447,1676.0,0.0107,0.26865,B,-,tgt_sh 21.0%; team att 33.6; opp DvP 0.92; RZ tgt 2,1.0,
Emeka Egbuka,TB,GB,WR,GB@TB,last_td,0.05629330447330447,1676.0,0.0107,0.26865,B,-,tgt_sh 21.0%; team att 33.6; opp DvP 0.92; RZ tgt 2,1.0,
Emeka Egbuka,TB,GB,WR,GB@TB,2plus_td,0.0309,3136.0,0.0107,0.26865,B,-,tgt_sh 21.0%; team att 33.6; opp DvP 0.92; RZ tgt 2,1.0,
Kenny Gainwell,TB,GB,RB,GB@TB,anytime_td,0.28905,246.0,0.1824,0.152,B,-,tgt_sh 9.4%; team att 33.6; opp DvP 0.94; RZ tgt 2; car_sh 18.4%; team rush 24.6; opp d_ypc 0.99; inside-10 car 0,1.0,
Kenny Gainwell,TB,GB,RB,GB@TB,first_td,0.06755056748806748,1380.0,0.1824,0.152,B,-,tgt_sh 9.4%; team att 33.6; opp DvP 0.94; RZ tgt 2; car_sh 18.4%; team rush 24.6; opp d_ypc 0.99; inside-10 car 0,1.0,
Kenny Gainwell,TB,GB,RB,GB@TB,last_td,0.06755056748806748,1380.0,0.1824,0.152,B,-,tgt_sh 9.4%; team att 33.6; opp DvP 0.94; RZ tgt 2; car_sh 18.4%; team rush 24.6; opp d_ypc 0.99; inside-10 car 0,1.0,
Kenny Gainwell,TB,GB,RB,GB@TB,2plus_td,0.0404,2375.0,0.1824,0.152,B,-,tgt_sh 9.4%; team att 33.6; opp DvP 0.94; RZ tgt 2; car_sh 18.4%; team rush 24.6; opp d_ypc 0.99; inside-10 car 0,1.0,
Chris Godwin Jr.,TB,GB,WR,GB@TB,anytime_td,0.14794520547945206,576.0,0.016227608008429928,0.14209694415173868,C,no game designation yet (Full),tgt_sh 13.3%; team att 33.6; opp DvP 0.92; RZ tgt 0,0.9479829842591244,
Chris Godwin Jr.,TB,GB,WR,GB@TB,first_td,0.031979437989711965,3027.0,0.016227608008429928,0.14209694415173868,C,no game designation yet (Full),tgt_sh 13.3%; team att 33.6; opp DvP 0.92; RZ tgt 0,0.9479829842591244,
Chris Godwin Jr.,TB,GB,WR,GB@TB,last_td,0.031979437989711965,3027.0,0.016227608008429928,0.14209694415173868,C,no game designation yet (Full),tgt_sh 13.3%; team att 33.6; opp DvP 0.92; RZ tgt 0,0.9479829842591244,
Chris Godwin Jr.,TB,GB,WR,GB@TB,2plus_td,0.010115911485774499,9785.0,0.016227608008429928,0.14209694415173868,C,no game designation yet (Full),tgt_sh 13.3%; team att 33.6; opp DvP 0.92; RZ tgt 0,0.9479829842591244,
Ted Hurst III,TB,GB,WR,GB@TB,anytime_td,0.1697,489.0,0.0,0.185,C,-,tgt_sh 12.3%; team att 33.6; opp DvP 0.92; RZ tgt 2,1.0,
Ted Hurst III,TB,GB,WR,GB@TB,first_td,0.03699717948717948,2603.0,0.0,0.185,C,-,tgt_sh 12.3%; team att 33.6; opp DvP 0.92; RZ tgt 2,1.0,
Ted Hurst III,TB,GB,WR,GB@TB,last_td,0.03699717948717948,2603.0,0.0,0.185,C,-,tgt_sh 12.3%; team att 33.6; opp DvP 0.92; RZ tgt 2,1.0,
Ted Hurst III,TB,GB,WR,GB@TB,2plus_td,0.01445,6820.0,0.0,0.185,C,-,tgt_sh 12.3%; team att 33.6; opp DvP 0.92; RZ tgt 2,1.0,
Bucky Irving,TB,GB,RB,GB@TB,anytime_td,0.5740235195296094,-135.0,0.5795359092818143,0.2387652246955061,B,no game designation yet (Full),tgt_sh 12.7%; team att 33.6; opp DvP 0.94; RZ tgt 4; car_sh 56.4%; team rush 24.6; opp d_ypc 0.99; inside-10 car 1,0.9508674235277402,
Bucky Irving,TB,GB,RB,GB@TB,first_td,0.16677257975819504,500.0,0.5795359092818143,0.2387652246955061,B,no game designation yet (Full),tgt_sh 12.7%; team att 33.6; opp DvP 0.94; RZ tgt 4; car_sh 56.4%; team rush 24.6; opp d_ypc 0.99; inside-10 car 1,0.9508674235277402,
Bucky Irving,TB,GB,RB,GB@TB,last_td,0.16677257975819504,500.0,0.5795359092818143,0.2387652246955061,B,no game designation yet (Full),tgt_sh 12.7%; team att 33.6; opp DvP 0.94; RZ tgt 4; car_sh 56.4%; team rush 24.6; opp d_ypc 0.99; inside-10 car 1,0.9508674235277402,
Bucky Irving,TB,GB,RB,GB@TB,2plus_td,0.19435111297774044,415.0,0.5795359092818143,0.2387652246955061,B,no game designation yet (Full),tgt_sh 12.7%; team att 33.6; opp DvP 0.94; RZ tgt 4; car_sh 56.4%; team rush 24.6; opp d_ypc 0.99; inside-10 car 1,0.9508674235277402,
Tez Johnson,TB,GB,WR,GB@TB,anytime_td,0.12385,707.0,0.01055,0.12075,C,-,tgt_sh 6.8%; team att 33.6; opp DvP 0.92; RZ tgt 2,1.0,
Tez Johnson,TB,GB,WR,GB@TB,first_td,0.025929720418470414,3757.0,0.01055,0.12075,C,-,tgt_sh 6.8%; team att 33.6; opp DvP 0.92; RZ tgt 2,1.0,
Tez Johnson,TB,GB,WR,GB@TB,last_td,0.025929720418470414,3757.0,0.01055,0.12075,C,-,tgt_sh 6.8%; team att 33.6; opp DvP 0.92; RZ tgt 2,1.0,
Tez Johnson,TB,GB,WR,GB@TB,2plus_td,0.0073,13599.0,0.01055,0.12075,C,-,tgt_sh 6.8%; team att 33.6; opp DvP 0.92; RZ tgt 2,1.0,
Cade Otton,TB,GB,TE,GB@TB,anytime_td,0.22515,344.0,0.0,0.2531,B,-,tgt_sh 17.8%; team att 33.6; opp DvP 1.04; RZ tgt 2,1.0,
Cade Otton,TB,GB,TE,GB@TB,first_td,0.05103496753246753,1859.0,0.0,0.2531,B,-,tgt_sh 17.8%; team att 33.6; opp DvP 1.04; RZ tgt 2,1.0,
Cade Otton,TB,GB,TE,GB@TB,last_td,0.05103496753246753,1859.0,0.0,0.2531,B,-,tgt_sh 17.8%; team att 33.6; opp DvP 1.04; RZ tgt 2,1.0,
Cade Otton,TB,GB,TE,GB@TB,2plus_td,0.02635,3695.0,0.0,0.2531,B,-,tgt_sh 17.8%; team att 33.6; opp DvP 1.04; RZ tgt 2,1.0,
Malik Willis,MIA,MIN,QB,MIA@MIN,anytime_td,0.13995,615.0,0.1497,0.0,B,-,team att 31.7; ypa 7.26; opp d_ypa 0.99; pass rate 57.2%,1.0,
Malik Willis,MIA,MIN,QB,MIA@MIN,first_td,0.034485386002886004,2800.0,0.1497,0.0,B,-,team att 31.7; ypa 7.26; opp d_ypa 0.99; pass rate 57.2%,1.0,
Malik Willis,MIA,MIN,QB,MIA@MIN,last_td,0.034485386002886004,2800.0,0.1497,0.0,B,-,team att 31.7; ypa 7.26; opp d_ypa 0.99; pass rate 57.2%,1.0,
Malik Willis,MIA,MIN,QB,MIA@MIN,2plus_td,0.0094,10538.0,0.1497,0.0,B,-,team att 31.7; ypa 7.26; opp d_ypa 0.99; pass rate 57.2%,1.0,
Chris Bell,MIA,MIN,WR,MIA@MIN,anytime_td,0.11467889908256881,772.0,0.0,0.12037329958873774,C,no game designation yet (Full),tgt_sh 10.1%; team att 31.7; opp DvP 0.91; RZ tgt 0,0.9479829842591244,
Chris Bell,MIA,MIN,WR,MIA@MIN,first_td,0.02751714772040618,3534.0,0.0,0.12037329958873774,C,no game designation yet (Full),tgt_sh 10.1%; team att 31.7; opp DvP 0.91; RZ tgt 0,0.9479829842591244,
Chris Bell,MIA,MIN,WR,MIA@MIN,last_td,0.02751714772040618,3534.0,0.0,0.12037329958873774,C,no game designation yet (Full),tgt_sh 10.1%; team att 31.7; opp DvP 0.91; RZ tgt 0,0.9479829842591244,
Chris Bell,MIA,MIN,WR,MIA@MIN,2plus_td,0.005325318991880206,18678.0,0.0,0.12037329958873774,C,no game designation yet (Full),tgt_sh 10.1%; team att 31.7; opp DvP 0.91; RZ tgt 0,0.9479829842591244,
Kevin Coleman Jr.,MIA,MIN,WR,MIA@MIN,anytime_td,0.06935,1342.0,0.0,0.07165,C,-,tgt_sh 5.8%; team att 31.7; opp DvP 0.91; RZ tgt 0,1.0,
Kevin Coleman Jr.,MIA,MIN,WR,MIA@MIN,first_td,0.016718396464646464,5881.0,0.0,0.07165,C,-,tgt_sh 5.8%; team att 31.7; opp DvP 0.91; RZ tgt 0,1.0,
Kevin Coleman Jr.,MIA,MIN,WR,MIA@MIN,last_td,0.016718396464646464,5881.0,0.0,0.07165,C,-,tgt_sh 5.8%; team att 31.7; opp DvP 0.91; RZ tgt 0,1.0,
Kevin Coleman Jr.,MIA,MIN,WR,MIA@MIN,2plus_td,0.0022,45355.0,0.0,0.07165,C,-,tgt_sh 5.8%; team att 31.7; opp DvP 0.91; RZ tgt 0,1.0,
Greg Dulcich,MIA,MIN,TE,MIA@MIN,anytime_td,0.2594,286.0,0.0,0.29735,B,-,tgt_sh 14.9%; team att 31.7; opp DvP 1.05; RZ tgt 2,1.0,
Greg Dulcich,MIA,MIN,TE,MIA@MIN,first_td,0.06746070887445887,1382.0,0.0,0.29735,B,-,tgt_sh 14.9%; team att 31.7; opp DvP 1.05; RZ tgt 2,1.0,
Greg Dulcich,MIA,MIN,TE,MIA@MIN,last_td,0.06746070887445887,1382.0,0.0,0.29735,B,-,tgt_sh 14.9%; team att 31.7; opp DvP 1.05; RZ tgt 2,1.0,
Greg Dulcich,MIA,MIN,TE,MIA@MIN,2plus_td,0.03495,2761.0,0.0,0.29735,B,-,tgt_sh 14.9%; team att 31.7; opp DvP 1.05; RZ tgt 2,1.0,
Ollie Gordon II,MIA,MIN,RB,MIA@MIN,anytime_td,0.2255,343.0,0.21945,0.03295,B,-,tgt_sh 2.4%; team att 31.7; opp DvP 1.20; RZ tgt 0; car_sh 18.7%; team rush 26.4; opp d_ypc 0.93; inside-10 car 1,1.0,
Ollie Gordon II,MIA,MIN,RB,MIA@MIN,first_td,0.05878579184704184,1601.0,0.21945,0.03295,B,-,tgt_sh 2.4%; team att 31.7; opp DvP 1.20; RZ tgt 0; car_sh 18.7%; team rush 26.4; opp d_ypc 0.93; inside-10 car 1,1.0,
Ollie Gordon II,MIA,MIN,RB,MIA@MIN,last_td,0.05878579184704184,1601.0,0.21945,0.03295,B,-,tgt_sh 2.4%; team att 31.7; opp DvP 1.20; RZ tgt 0; car_sh 18.7%; team rush 26.4; opp d_ypc 0.93; inside-10 car 1,1.0,
Ollie Gordon II,MIA,MIN,RB,MIA@MIN,2plus_td,0.0254,3837.0,0.21945,0.03295,B,-,tgt_sh 2.4%; team att 31.7; opp DvP 1.20; RZ tgt 0; car_sh 18.7%; team rush 26.4; opp d_ypc 0.93; inside-10 car 1,1.0,
DJ Herman,MIA,MIN,RB,MIA@MIN,anytime_td,0.06135,1530.0,0.0068,0.05605,C,-,tgt_sh 3.8%; team att 31.7; opp DvP 1.20; RZ tgt 0,1.0,
DJ Herman,MIA,MIN,RB,MIA@MIN,first_td,0.014763340548340548,6674.0,0.0068,0.05605,C,-,tgt_sh 3.8%; team att 31.7; opp DvP 1.20; RZ tgt 0,1.0,
DJ Herman,MIA,MIN,RB,MIA@MIN,last_td,0.014763340548340548,6674.0,0.0068,0.05605,C,-,tgt_sh 3.8%; team att 31.7; opp DvP 1.20; RZ tgt 0,1.0,
DJ Herman,MIA,MIN,RB,MIA@MIN,2plus_td,0.0015,66567.0,0.0068,0.05605,C,-,tgt_sh 3.8%; team att 31.7; opp DvP 1.20; RZ tgt 0,1.0,
Will Kacmarek,MIA,MIN,TE,MIA@MIN,anytime_td,0.02625,3710.0,0.0,0.0265,C,-,w_td 0.02; team TD 1.49,1.0,
Will Kacmarek,MIA,MIN,TE,MIA@MIN,first_td,0.0062608170995670995,15872.0,0.0,0.0265,C,-,w_td 0.02; team TD 1.49,1.0,
Will Kacmarek,MIA,MIN,TE,MIA@MIN,last_td,0.0062608170995670995,15872.0,0.0,0.0265,C,-,w_td 0.02; team TD 1.49,1.0,
Will Kacmarek,MIA,MIN,TE,MIA@MIN,2plus_td,0.00025,399900.0,0.0,0.0265,C,-,w_td 0.02; team TD 1.49,1.0,
Ryan Miller,MIA,MIN,WR,MIA@MIN,anytime_td,0.03335,2899.0,0.0,0.03375,C,-,w_td 0.03; team TD 1.49,1.0,
Ryan Miller,MIA,MIN,WR,MIA@MIN,first_td,0.007806253607503606,12710.0,0.0,0.03375,C,-,w_td 0.03; team TD 1.49,1.0,
Ryan Miller,MIA,MIN,WR,MIA@MIN,last_td,0.007806253607503606,12710.0,0.0,0.03375,C,-,w_td 0.03; team TD 1.49,1.0,
Ryan Miller,MIA,MIN,WR,MIA@MIN,2plus_td,0.0004,249900.0,0.0,0.03375,C,-,w_td 0.03; team TD 1.49,1.0,
Malik Washington,MIA,MIN,WR,MIA@MIN,anytime_td,0.27085,269.0,0.01555,0.2982,B,-,tgt_sh 20.6%; team att 31.7; opp DvP 0.91; RZ tgt 1,1.0,
Malik Washington,MIA,MIN,WR,MIA@MIN,first_td,0.07137128787878787,1301.0,0.01555,0.2982,B,-,tgt_sh 20.6%; team att 31.7; opp DvP 0.91; RZ tgt 1,1.0,
Malik Washington,MIA,MIN,WR,MIA@MIN,last_td,0.07137128787878787,1301.0,0.01555,0.2982,B,-,tgt_sh 20.6%; team att 31.7; opp DvP 0.91; RZ tgt 1,1.0,
Malik Washington,MIA,MIN,WR,MIA@MIN,2plus_td,0.03945,2435.0,0.01555,0.2982,B,-,tgt_sh 20.6%; team att 31.7; opp DvP 0.91; RZ tgt 1,1.0,
Jaylen Wright,MIA,MIN,RB,MIA@MIN,anytime_td,0.14655534551564797,582.0,0.13074984247006932,0.02546733879437093,C,no game designation yet (Full),car_sh 10.0%; team rush 26.4; opp d_ypc 0.93; inside-10 car 1,0.9508674235277402,
Jaylen Wright,MIA,MIN,RB,MIA@MIN,first_td,0.03632139159470602,2653.0,0.13074984247006932,0.02546733879437093,C,no game designation yet (Full),car_sh 10.0%; team rush 26.4; opp d_ypc 0.93; inside-10 car 1,0.9508674235277402,
Jaylen Wright,MIA,MIN,RB,MIA@MIN,last_td,0.03632139159470602,2653.0,0.13074984247006932,0.02546733879437093,C,no game designation yet (Full),car_sh 10.0%; team rush 26.4; opp d_ypc 0.93; inside-10 car 1,0.9508674235277402,
Jaylen Wright,MIA,MIN,RB,MIA@MIN,2plus_td,0.009031716026044948,10972.0,0.13074984247006932,0.02546733879437093,C,no game designation yet (Full),car_sh 10.0%; team rush 26.4; opp d_ypc 0.93; inside-10 car 1,0.9508674235277402,
Kyler Murray,MIN,MIA,QB,MIA@MIN,anytime_td,0.0702,1325.0,0.0727,0.0,C,-,team att 27.8; ypa 7.63; opp d_ypa 1.11; pass rate 50.0%,1.0,
Kyler Murray,MIN,MIA,QB,MIA@MIN,first_td,0.01710439393939394,5746.0,0.0727,0.0,C,-,team att 27.8; ypa 7.63; opp d_ypa 1.11; pass rate 50.0%,1.0,
Kyler Murray,MIN,MIA,QB,MIA@MIN,last_td,0.01710439393939394,5746.0,0.0727,0.0,C,-,team att 27.8; ypa 7.63; opp d_ypa 1.11; pass rate 50.0%,1.0,
Kyler Murray,MIN,MIA,QB,MIA@MIN,2plus_td,0.0024,41567.0,0.0727,0.0,C,-,team att 27.8; ypa 7.63; opp d_ypa 1.11; pass rate 50.0%,1.0,
Jordan Addison,MIN,MIA,WR,MIA@MIN,anytime_td,0.3953,153.0,0.0,0.4937,B,-,tgt_sh 18.2%; team att 27.8; opp DvP 1.04; RZ tgt 1,1.0,
Jordan Addison,MIN,MIA,WR,MIA@MIN,first_td,0.11584635642135643,763.0,0.0,0.4937,B,-,tgt_sh 18.2%; team att 27.8; opp DvP 1.04; RZ tgt 1,1.0,
Jordan Addison,MIN,MIA,WR,MIA@MIN,last_td,0.11584635642135643,763.0,0.0,0.4937,B,-,tgt_sh 18.2%; team att 27.8; opp DvP 1.04; RZ tgt 1,1.0,
Jordan Addison,MIN,MIA,WR,MIA@MIN,2plus_td,0.0857,1067.0,0.0,0.4937,B,-,tgt_sh 18.2%; team att 27.8; opp DvP 1.04; RZ tgt 1,1.0,
Max Bredeson,MIN,MIA,RB,MIA@MIN,anytime_td,0.023,4248.0,0.0112,0.01205,C,-,w_td 0.01; team TD 2.52,1.0,
Max Bredeson,MIN,MIA,RB,MIA@MIN,first_td,0.0053669246031746035,18533.0,0.0112,0.01205,C,-,w_td 0.01; team TD 2.52,1.0,
Max Bredeson,MIN,MIA,RB,MIA@MIN,last_td,0.0053669246031746035,18533.0,0.0112,0.01205,C,-,w_td 0.01; team TD 2.52,1.0,
Max Bredeson,MIN,MIA,RB,MIA@MIN,2plus_td,0.00025,399900.0,0.0112,0.01205,C,-,w_td 0.01; team TD 2.52,1.0,
Demond Claiborne,MIN,MIA,RB,MIA@MIN,anytime_td,0.08905,1023.0,0.05115,0.04175,C,-,w_td 0.05; team TD 2.52,1.0,
Demond Claiborne,MIN,MIA,RB,MIA@MIN,first_td,0.021887886002886,4469.0,0.05115,0.04175,C,-,w_td 0.05; team TD 2.52,1.0,
Demond Claiborne,MIN,MIA,RB,MIA@MIN,last_td,0.021887886002886,4469.0,0.05115,0.04175,C,-,w_td 0.05; team TD 2.52,1.0,
Demond Claiborne,MIN,MIA,RB,MIA@MIN,2plus_td,0.00365,27297.0,0.05115,0.04175,C,-,w_td 0.05; team TD 2.52,1.0,
DeeJay Dallas,MIN,MIA,RB,MIA@MIN,anytime_td,0.09005,1010.0,0.0365,0.0576,C,-,tgt_sh 2.9%; team att 27.8; opp DvP 0.86; RZ tgt 0,1.0,
DeeJay Dallas,MIN,MIA,RB,MIA@MIN,first_td,0.022587806637806636,4327.0,0.0365,0.0576,C,-,tgt_sh 2.9%; team att 27.8; opp DvP 0.86; RZ tgt 0,1.0,
DeeJay Dallas,MIN,MIA,RB,MIA@MIN,last_td,0.022587806637806636,4327.0,0.0365,0.0576,C,-,tgt_sh 2.9%; team att 27.8; opp DvP 0.86; RZ tgt 0,1.0,
DeeJay Dallas,MIN,MIA,RB,MIA@MIN,2plus_td,0.0039,25541.0,0.0365,0.0576,C,-,tgt_sh 2.9%; team att 27.8; opp DvP 0.86; RZ tgt 0,1.0,
Tai Felton,MIN,MIA,WR,MIA@MIN,anytime_td,0.05045,1882.0,0.0,0.0516,C,-,w_td 0.02; team TD 2.52,1.0,
Tai Felton,MIN,MIA,WR,MIA@MIN,first_td,0.011987406204906204,8242.0,0.0,0.0516,C,-,w_td 0.02; team TD 2.52,1.0,
Tai Felton,MIN,MIA,WR,MIA@MIN,last_td,0.011987406204906204,8242.0,0.0,0.0516,C,-,w_td 0.02; team TD 2.52,1.0,
Tai Felton,MIN,MIA,WR,MIA@MIN,2plus_td,0.0011,90809.0,0.0,0.0516,C,-,w_td 0.02; team TD 2.52,1.0,
T.J. Hockenson,MIN,MIA,TE,MIA@MIN,anytime_td,0.40135,149.0,0.0,0.5027,B,-,tgt_sh 17.4%; team att 27.8; opp DvP 0.89; RZ tgt 2,1.0,
T.J. Hockenson,MIN,MIA,TE,MIA@MIN,first_td,0.11881336038961038,742.0,0.0,0.5027,B,-,tgt_sh 17.4%; team att 27.8; opp DvP 0.89; RZ tgt 2,1.0,
T.J. Hockenson,MIN,MIA,TE,MIA@MIN,last_td,0.11881336038961038,742.0,0.0,0.5027,B,-,tgt_sh 17.4%; team att 27.8; opp DvP 0.89; RZ tgt 2,1.0,
T.J. Hockenson,MIN,MIA,TE,MIA@MIN,2plus_td,0.08775,1040.0,0.0,0.5027,B,-,tgt_sh 17.4%; team att 27.8; opp DvP 0.89; RZ tgt 2,1.0,
Jauan Jennings,MIN,MIA,WR,MIA@MIN,anytime_td,0.19835,404.0,0.0,0.2201,C,-,tgt_sh 9.7%; team att 27.8; opp DvP 1.04; RZ tgt 0,1.0,
Jauan Jennings,MIN,MIA,WR,MIA@MIN,first_td,0.052104763708513704,1819.0,0.0,0.2201,C,-,tgt_sh 9.7%; team att 27.8; opp DvP 1.04; RZ tgt 0,1.0,
Jauan Jennings,MIN,MIA,WR,MIA@MIN,last_td,0.052104763708513704,1819.0,0.0,0.2201,C,-,tgt_sh 9.7%; team att 27.8; opp DvP 1.04; RZ tgt 0,1.0,
Jauan Jennings,MIN,MIA,WR,MIA@MIN,2plus_td,0.0205,4778.0,0.0,0.2201,C,-,tgt_sh 9.7%; team att 27.8; opp DvP 1.04; RZ tgt 0,1.0,
Aaron Jones,MIN,MIA,RB,MIA@MIN,anytime_td,0.5720100502512563,-134.0,0.6119597989949749,0.20839195979899497,B,no game designation yet (Limited),tgt_sh 10.2%; team att 27.8; opp DvP 0.86; RZ tgt 0; car_sh 47.0%; team rush 29.5; opp d_ypc 0.92; inside-10 car 1,0.9951309141019752,
Aaron Jones,MIN,MIA,RB,MIA@MIN,first_td,0.1940816564786414,415.0,0.6119597989949749,0.20839195979899497,B,no game designation yet (Limited),tgt_sh 10.2%; team att 27.8; opp DvP 0.86; RZ tgt 0; car_sh 47.0%; team rush 29.5; opp d_ypc 0.92; inside-10 car 1,0.9951309141019752,
Aaron Jones,MIN,MIA,RB,MIA@MIN,last_td,0.1940816564786414,415.0,0.6119597989949749,0.20839195979899497,B,no game designation yet (Limited),tgt_sh 10.2%; team att 27.8; opp DvP 0.86; RZ tgt 0; car_sh 47.0%; team rush 29.5; opp d_ypc 0.92; inside-10 car 1,0.9951309141019752,
Aaron Jones,MIN,MIA,RB,MIA@MIN,2plus_td,0.1978894472361809,405.0,0.6119597989949749,0.20839195979899497,B,no game designation yet (Limited),tgt_sh 10.2%; team att 27.8; opp DvP 0.86; RZ tgt 0; car_sh 47.0%; team rush 29.5; opp d_ypc 0.92; inside-10 car 1,0.9951309141019752,
Myles Price,MIN,MIA,WR,MIA@MIN,anytime_td,0.03495,2761.0,0.0,0.0354,C,-,w_td 0.02; team TD 2.52,1.0,
Myles Price,MIN,MIA,WR,MIA@MIN,first_td,0.008560916305916304,11581.0,0.0,0.0354,C,-,w_td 0.02; team TD 2.52,1.0,
Myles Price,MIN,MIA,WR,MIA@MIN,last_td,0.008560916305916304,11581.0,0.0,0.0354,C,-,w_td 0.02; team TD 2.52,1.0,
Myles Price,MIN,MIA,WR,MIA@MIN,2plus_td,0.00045,222122.0,0.0,0.0354,C,-,w_td 0.02; team TD 2.52,1.0,
Patrick Mahomes,KC,LV,QB,KC@LV,anytime_td,0.08792216392440527,1037.0,0.09220111048851307,0.0,B,no game designation yet (Full),team att 31.1; ypa 7.53; opp d_ypa 0.99; pass rate 53.5%,0.98,
Patrick Mahomes,KC,LV,QB,KC@LV,first_td,0.018947091175963875,5178.0,0.09220111048851307,0.0,B,no game designation yet (Full),team att 31.1; ypa 7.53; opp d_ypa 0.99; pass rate 53.5%,0.98,
Patrick Mahomes,KC,LV,QB,KC@LV,last_td,0.018947091175963875,5178.0,0.09220111048851307,0.0,B,no game designation yet (Full),team att 31.1; ypa 7.53; opp d_ypa 0.99; pass rate 53.5%,0.98,
Patrick Mahomes,KC,LV,QB,KC@LV,2plus_td,0.004177066884009984,23840.0,0.09220111048851307,0.0,B,no game designation yet (Full),team att 31.1; ypa 7.53; opp d_ypa 0.99; pass rate 53.5%,0.98,
Cyrus Allen,KC,LV,WR,KC@LV,anytime_td,0.01675,5870.0,0.0,0.0169,C,-,w_td 0.01; team TD 2.39,1.0,
Cyrus Allen,KC,LV,WR,KC@LV,first_td,0.0034588113275613275,28812.0,0.0,0.0169,C,-,w_td 0.01; team TD 2.39,1.0,
Cyrus Allen,KC,LV,WR,KC@LV,last_td,0.0034588113275613275,28812.0,0.0,0.0169,C,-,w_td 0.01; team TD 2.39,1.0,
Cyrus Allen,KC,LV,WR,KC@LV,2plus_td,0.00015,666567.0,0.0,0.0169,C,-,w_td 0.01; team TD 2.39,1.0,
Jake Briningstool,KC,LV,TE,KC@LV,anytime_td,0.0287,3384.0,0.0,0.02915,C,-,w_td 0.02; team TD 2.39,1.0,
Jake Briningstool,KC,LV,TE,KC@LV,first_td,0.006012068903318902,16533.0,0.0,0.02915,C,-,w_td 0.02; team TD 2.39,1.0,
Jake Briningstool,KC,LV,TE,KC@LV,last_td,0.006012068903318902,16533.0,0.0,0.02915,C,-,w_td 0.02; team TD 2.39,1.0,
Jake Briningstool,KC,LV,TE,KC@LV,2plus_td,0.00045,222122.0,0.0,0.02915,C,-,w_td 0.02; team TD 2.39,1.0,
Noah Gray,KC,LV,TE,KC@LV,anytime_td,0.1004,896.0,0.0,0.10485,C,-,tgt_sh 6.2%; team att 31.1; opp DvP 1.00; RZ tgt 1,1.0,
Noah Gray,KC,LV,TE,KC@LV,first_td,0.022046098484848484,4436.0,0.0,0.10485,C,-,tgt_sh 6.2%; team att 31.1; opp DvP 1.00; RZ tgt 1,1.0,
Noah Gray,KC,LV,TE,KC@LV,last_td,0.022046098484848484,4436.0,0.0,0.10485,C,-,tgt_sh 6.2%; team att 31.1; opp DvP 1.00; RZ tgt 1,1.0,
Noah Gray,KC,LV,TE,KC@LV,2plus_td,0.00445,22372.0,0.0,0.10485,C,-,tgt_sh 6.2%; team att 31.1; opp DvP 1.00; RZ tgt 1,1.0,
Emmett Johnson,KC,LV,RB,KC@LV,anytime_td,0.1649,506.0,0.13685,0.04315,B,-,tgt_sh 3.6%; team att 31.1; opp DvP 0.96; RZ tgt 0; car_sh 21.9%; team rush 28.9; opp d_ypc 1.03; inside-10 car 0,1.0,
Emmett Johnson,KC,LV,RB,KC@LV,first_td,0.03767048396048396,2555.0,0.13685,0.04315,B,-,tgt_sh 3.6%; team att 31.1; opp DvP 0.96; RZ tgt 0; car_sh 21.9%; team rush 28.9; opp d_ypc 1.03; inside-10 car 0,1.0,
Emmett Johnson,KC,LV,RB,KC@LV,last_td,0.03767048396048396,2555.0,0.13685,0.04315,B,-,tgt_sh 3.6%; team att 31.1; opp DvP 0.96; RZ tgt 0; car_sh 21.9%; team rush 28.9; opp d_ypc 1.03; inside-10 car 0,1.0,
Emmett Johnson,KC,LV,RB,KC@LV,2plus_td,0.0141,6992.0,0.13685,0.04315,B,-,tgt_sh 3.6%; team att 31.1; opp DvP 0.96; RZ tgt 0; car_sh 21.9%; team rush 28.9; opp d_ypc 1.03; inside-10 car 0,1.0,
Travis Kelce,KC,LV,TE,KC@LV,anytime_td,0.25765,288.0,0.0,0.29215,B,-,tgt_sh 19.2%; team att 31.1; opp DvP 1.00; RZ tgt 2,1.0,
Travis Kelce,KC,LV,TE,KC@LV,first_td,0.06044777042402043,1554.0,0.0,0.29215,B,-,tgt_sh 19.2%; team att 31.1; opp DvP 1.00; RZ tgt 2,1.0,
Travis Kelce,KC,LV,TE,KC@LV,last_td,0.06044777042402043,1554.0,0.0,0.29215,B,-,tgt_sh 19.2%; team att 31.1; opp DvP 1.00; RZ tgt 2,1.0,
Travis Kelce,KC,LV,TE,KC@LV,2plus_td,0.03205,3020.0,0.0,0.29215,B,-,tgt_sh 19.2%; team att 31.1; opp DvP 1.00; RZ tgt 2,1.0,
Rashee Rice,KC,LV,WR,KC@LV,anytime_td,0.3193808245142947,213.0,0.0,0.376717738114042,C,no game designation yet (Full),tgt_sh 23.9%; team att 31.1; opp DvP 0.89; RZ tgt 4,0.9479829842591244,
Rashee Rice,KC,LV,WR,KC@LV,first_td,0.07746056630908944,1191.0,0.0,0.376717738114042,C,no game designation yet (Full),tgt_sh 23.9%; team att 31.1; opp DvP 0.89; RZ tgt 4,0.9479829842591244,
Rashee Rice,KC,LV,WR,KC@LV,last_td,0.07746056630908944,1191.0,0.0,0.376717738114042,C,no game designation yet (Full),tgt_sh 23.9%; team att 31.1; opp DvP 0.89; RZ tgt 4,0.9479829842591244,
Rashee Rice,KC,LV,WR,KC@LV,2plus_td,0.05217711788553678,1817.0,0.0,0.376717738114042,C,no game designation yet (Full),tgt_sh 23.9%; team att 31.1; opp DvP 0.89; RZ tgt 4,0.9479829842591244,
Jalen Royals,KC,LV,WR,KC@LV,anytime_td,0.0507,1872.0,0.0,0.05205,C,-,w_td 0.03; team TD 2.39,1.0,
Jalen Royals,KC,LV,WR,KC@LV,first_td,0.010627445887445887,9310.0,0.0,0.05205,C,-,w_td 0.03; team TD 2.39,1.0,
Jalen Royals,KC,LV,WR,KC@LV,last_td,0.010627445887445887,9310.0,0.0,0.05205,C,-,w_td 0.03; team TD 2.39,1.0,
Jalen Royals,KC,LV,WR,KC@LV,2plus_td,0.00135,73974.0,0.0,0.05205,C,-,w_td 0.03; team TD 2.39,1.0,
Brashard Smith,KC,LV,RB,KC@LV,anytime_td,0.07045,1319.0,0.00985,0.06325,C,-,w_td 0.05; team TD 2.39,1.0,
Brashard Smith,KC,LV,RB,KC@LV,first_td,0.01518621572871573,6485.0,0.00985,0.06325,C,-,w_td 0.05; team TD 2.39,1.0,
Brashard Smith,KC,LV,RB,KC@LV,last_td,0.01518621572871573,6485.0,0.00985,0.06325,C,-,w_td 0.05; team TD 2.39,1.0,
Brashard Smith,KC,LV,RB,KC@LV,2plus_td,0.00265,37636.0,0.00985,0.06325,C,-,w_td 0.05; team TD 2.39,1.0,
Tyquan Thornton,KC,LV,WR,KC@LV,anytime_td,0.0811,1133.0,0.0,0.0836,C,-,tgt_sh 7.6%; team att 31.1; opp DvP 0.89; RZ tgt 0,1.0,
Tyquan Thornton,KC,LV,WR,KC@LV,first_td,0.01770934704184704,5547.0,0.0,0.0836,C,-,tgt_sh 7.6%; team att 31.1; opp DvP 0.89; RZ tgt 0,1.0,
Tyquan Thornton,KC,LV,WR,KC@LV,last_td,0.01770934704184704,5547.0,0.0,0.0836,C,-,tgt_sh 7.6%; team att 31.1; opp DvP 0.89; RZ tgt 0,1.0,
Tyquan Thornton,KC,LV,WR,KC@LV,2plus_td,0.00235,42453.0,0.0,0.0836,C,-,tgt_sh 7.6%; team att 31.1; opp DvP 0.89; RZ tgt 0,1.0,
Kenneth Walker III,KC,LV,RB,KC@LV,anytime_td,0.56935,-132.0,0.5056,0.30025,B,-,tgt_sh 14.4%; team att 31.1; opp DvP 0.96; RZ tgt 5; car_sh 59.4%; team rush 28.9; opp d_ypc 1.03; inside-10 car 8,1.0,
Kenneth Walker III,KC,LV,RB,KC@LV,first_td,0.16816620476745478,495.0,0.5056,0.30025,B,-,tgt_sh 14.4%; team att 31.1; opp DvP 0.96; RZ tgt 5; car_sh 59.4%; team rush 28.9; opp d_ypc 1.03; inside-10 car 8,1.0,
Kenneth Walker III,KC,LV,RB,KC@LV,last_td,0.16816620476745478,495.0,0.5056,0.30025,B,-,tgt_sh 14.4%; team att 31.1; opp DvP 0.96; RZ tgt 5; car_sh 59.4%; team rush 28.9; opp d_ypc 1.03; inside-10 car 8,1.0,
Kenneth Walker III,KC,LV,RB,KC@LV,2plus_td,0.1906,425.0,0.5056,0.30025,B,-,tgt_sh 14.4%; team att 31.1; opp DvP 0.96; RZ tgt 5; car_sh 59.4%; team rush 28.9; opp d_ypc 1.03; inside-10 car 8,1.0,
Xavier Worthy,KC,LV,WR,KC@LV,anytime_td,0.24245,312.0,0.0,0.27605,B,-,tgt_sh 15.0%; team att 31.1; opp DvP 0.89; RZ tgt 4,1.0,
Xavier Worthy,KC,LV,WR,KC@LV,first_td,0.05717532523032524,1649.0,0.0,0.27605,B,-,tgt_sh 15.0%; team att 31.1; opp DvP 0.89; RZ tgt 4,1.0,
Xavier Worthy,KC,LV,WR,KC@LV,last_td,0.05717532523032524,1649.0,0.0,0.27605,B,-,tgt_sh 15.0%; team att 31.1; opp DvP 0.89; RZ tgt 4,1.0,
Xavier Worthy,KC,LV,WR,KC@LV,2plus_td,0.03095,3131.0,0.0,0.27605,B,-,tgt_sh 15.0%; team att 31.1; opp DvP 0.89; RZ tgt 4,1.0,
Kirk Cousins,LV,KC,QB,KC@LV,anytime_td,0.0441,2168.0,0.0452,0.0,B,-,team att 31.1; ypa 6.55; opp d_ypa 0.91; pass rate 53.1%,1.0,
Kirk Cousins,LV,KC,QB,KC@LV,first_td,0.009391314935064935,10548.0,0.0452,0.0,B,-,team att 31.1; ypa 6.55; opp d_ypa 0.91; pass rate 53.1%,1.0,
Kirk Cousins,LV,KC,QB,KC@LV,last_td,0.009391314935064935,10548.0,0.0452,0.0,B,-,team att 31.1; ypa 6.55; opp d_ypa 0.91; pass rate 53.1%,1.0,
Kirk Cousins,LV,KC,QB,KC@LV,2plus_td,0.0011,90809.0,0.0452,0.0,B,-,team att 31.1; ypa 6.55; opp d_ypa 0.91; pass rate 53.1%,1.0,
Cody White,LV,KC,WR,KC@LV,anytime_td,0.15145173947161913,560.0,0.0,0.16374574941145698,C,no game designation yet (Limited),tgt_sh 4.5%; team att 31.1; opp DvP 0.91; RZ tgt 4,0.9575230478992892,
Cody White,LV,KC,WR,KC@LV,first_td,0.03390167887159778,2850.0,0.0,0.16374574941145698,C,no game designation yet (Limited),tgt_sh 4.5%; team att 31.1; opp DvP 0.91; RZ tgt 4,0.9575230478992892,
Cody White,LV,KC,WR,KC@LV,last_td,0.03390167887159778,2850.0,0.0,0.16374574941145698,C,no game designation yet (Limited),tgt_sh 4.5%; team att 31.1; opp DvP 0.91; RZ tgt 4,0.9575230478992892,
Cody White,LV,KC,WR,KC@LV,2plus_td,0.011823175516609993,8358.0,0.0,0.16374574941145698,C,no game designation yet (Limited),tgt_sh 4.5%; team att 31.1; opp DvP 0.91; RZ tgt 4,0.9575230478992892,
Malik Benson,LV,KC,WR,KC@LV,anytime_td,0.044037474196792464,2171.0,0.0041285132059492935,0.04064997618165458,C,no game designation yet (Full),w_td 0.03; team TD 2.18,0.9479829842591244,
Malik Benson,LV,KC,WR,KC@LV,first_td,0.009107565129636796,10880.0,0.0041285132059492935,0.04064997618165458,C,no game designation yet (Full),w_td 0.03; team TD 2.18,0.9479829842591244,
Malik Benson,LV,KC,WR,KC@LV,last_td,0.009107565129636796,10880.0,0.0041285132059492935,0.04064997618165458,C,no game designation yet (Full),w_td 0.03; team TD 2.18,0.9479829842591244,
Malik Benson,LV,KC,WR,KC@LV,2plus_td,0.0006880855343248823,145231.0,0.0041285132059492935,0.04064997618165458,C,no game designation yet (Full),w_td 0.03; team TD 2.18,0.9479829842591244,
Brock Bowers,LV,KC,TE,KC@LV,anytime_td,0.3625510524662268,176.0,0.0,0.4404649701539428,C,no game designation yet (Limited),tgt_sh 25.8%; team att 31.1; opp DvP 1.19; RZ tgt 3,0.9575230478992892,
Brock Bowers,LV,KC,TE,KC@LV,first_td,0.09201987113548532,987.0,0.0,0.4404649701539428,C,no game designation yet (Limited),tgt_sh 25.8%; team att 31.1; opp DvP 1.19; RZ tgt 3,0.9575230478992892,
Brock Bowers,LV,KC,TE,KC@LV,last_td,0.09201987113548532,987.0,0.0,0.4404649701539428,C,no game designation yet (Limited),tgt_sh 25.8%; team att 31.1; opp DvP 1.19; RZ tgt 3,0.9575230478992892,
Brock Bowers,LV,KC,TE,KC@LV,2plus_td,0.06806995496910671,1369.0,0.0,0.4404649701539428,C,no game designation yet (Limited),tgt_sh 25.8%; team att 31.1; opp DvP 1.19; RZ tgt 3,0.9575230478992892,
Connor Heyward,LV,KC,RB,KC@LV,anytime_td,0.02885,3366.0,0.0244,0.005,C,-,w_td 0.04; team TD 2.18,1.0,
Connor Heyward,LV,KC,RB,KC@LV,first_td,0.006278257575757576,15828.0,0.0244,0.005,C,-,w_td 0.04; team TD 2.18,1.0,
Connor Heyward,LV,KC,RB,KC@LV,last_td,0.006278257575757576,15828.0,0.0244,0.005,C,-,w_td 0.04; team TD 2.18,1.0,
Connor Heyward,LV,KC,RB,KC@LV,2plus_td,0.00055,181718.0,0.0244,0.005,C,-,w_td 0.04; team TD 2.18,1.0,
Ashton Jeanty,LV,KC,RB,KC@LV,anytime_td,0.5185633151030711,-108.0,0.41617585191417755,0.2860748843079512,B,no game designation yet (Full),tgt_sh 14.7%; team att 31.1; opp DvP 0.93; RZ tgt 4; car_sh 61.4%; team rush 28.8; opp d_ypc 0.96; inside-10 car 7,0.9508674235277402,
Ashton Jeanty,LV,KC,RB,KC@LV,first_td,0.14648988270412336,583.0,0.41617585191417755,0.2860748843079512,B,no game designation yet (Full),tgt_sh 14.7%; team att 31.1; opp DvP 0.93; RZ tgt 4; car_sh 61.4%; team rush 28.8; opp d_ypc 0.96; inside-10 car 7,0.9508674235277402,
Ashton Jeanty,LV,KC,RB,KC@LV,last_td,0.14648988270412336,583.0,0.41617585191417755,0.2860748843079512,B,no game designation yet (Full),tgt_sh 14.7%; team att 31.1; opp DvP 0.93; RZ tgt 4; car_sh 61.4%; team rush 28.8; opp d_ypc 0.96; inside-10 car 7,0.9508674235277402,
Ashton Jeanty,LV,KC,RB,KC@LV,2plus_td,0.15323937736642826,553.0,0.41617585191417755,0.2860748843079512,B,no game designation yet (Full),tgt_sh 14.7%; team att 31.1; opp DvP 0.93; RZ tgt 4; car_sh 61.4%; team rush 28.8; opp d_ypc 0.96; inside-10 car 7,0.9508674235277402,
Michael Mayer,LV,KC,TE,KC@LV,anytime_td,0.2275,340.0,0.0,0.25655,B,-,tgt_sh 14.1%; team att 31.1; opp DvP 1.19; RZ tgt 2,1.0,
Michael Mayer,LV,KC,TE,KC@LV,first_td,0.05310346195471195,1783.0,0.0,0.25655,B,-,tgt_sh 14.1%; team att 31.1; opp DvP 1.19; RZ tgt 2,1.0,
Michael Mayer,LV,KC,TE,KC@LV,last_td,0.05310346195471195,1783.0,0.0,0.25655,B,-,tgt_sh 14.1%; team att 31.1; opp DvP 1.19; RZ tgt 2,1.0,
Michael Mayer,LV,KC,TE,KC@LV,2plus_td,0.0272,3576.0,0.0,0.25655,B,-,tgt_sh 14.1%; team att 31.1; opp DvP 1.19; RZ tgt 2,1.0,
Jalen Nailor,LV,KC,WR,KC@LV,anytime_td,0.1366,632.0,0.0,0.1449,C,-,tgt_sh 10.2%; team att 31.1; opp DvP 0.91; RZ tgt 1,1.0,
Jalen Nailor,LV,KC,WR,KC@LV,first_td,0.029795140553890553,3256.0,0.0,0.1449,C,-,tgt_sh 10.2%; team att 31.1; opp DvP 0.91; RZ tgt 1,1.0,
Jalen Nailor,LV,KC,WR,KC@LV,last_td,0.029795140553890553,3256.0,0.0,0.1449,C,-,tgt_sh 10.2%; team att 31.1; opp DvP 0.91; RZ tgt 1,1.0,
Jalen Nailor,LV,KC,WR,KC@LV,2plus_td,0.00805,12322.0,0.0,0.1449,C,-,tgt_sh 10.2%; team att 31.1; opp DvP 0.91; RZ tgt 1,1.0,
Ian Thomas,LV,KC,TE,KC@LV,anytime_td,0.0236,4137.0,0.0,0.0238,C,-,w_td 0.02; team TD 2.18,1.0,
Ian Thomas,LV,KC,TE,KC@LV,first_td,0.005055299422799423,19681.0,0.0,0.0238,C,-,w_td 0.02; team TD 2.18,1.0,
Ian Thomas,LV,KC,TE,KC@LV,last_td,0.005055299422799423,19681.0,0.0,0.0238,C,-,w_td 0.02; team TD 2.18,1.0,
Ian Thomas,LV,KC,TE,KC@LV,2plus_td,0.0002,499900.0,0.0,0.0238,C,-,w_td 0.02; team TD 2.18,1.0,
Tre Tucker,LV,KC,WR,KC@LV,anytime_td,0.19365,416.0,0.0,0.2122,C,-,tgt_sh 15.8%; team att 31.1; opp DvP 0.91; RZ tgt 1,1.0,
Tre Tucker,LV,KC,WR,KC@LV,first_td,0.04344474261849261,2202.0,0.0,0.2122,C,-,tgt_sh 15.8%; team att 31.1; opp DvP 0.91; RZ tgt 1,1.0,
Tre Tucker,LV,KC,WR,KC@LV,last_td,0.04344474261849261,2202.0,0.0,0.2122,C,-,tgt_sh 15.8%; team att 31.1; opp DvP 0.91; RZ tgt 1,1.0,
Tre Tucker,LV,KC,WR,KC@LV,2plus_td,0.0178,5518.0,0.0,0.2122,C,-,tgt_sh 15.8%; team att 31.1; opp DvP 0.91; RZ tgt 1,1.0,
Mike Washington Jr.,LV,KC,RB,KC@LV,anytime_td,0.13655,632.0,0.133,0.015,B,-,car_sh 21.0%; team rush 28.8; opp d_ypc 0.96; inside-10 car 1,1.0,
Mike Washington Jr.,LV,KC,RB,KC@LV,first_td,0.03049822510822511,3179.0,0.133,0.015,B,-,car_sh 21.0%; team rush 28.8; opp d_ypc 0.96; inside-10 car 1,1.0,
Mike Washington Jr.,LV,KC,RB,KC@LV,last_td,0.03049822510822511,3179.0,0.133,0.015,B,-,car_sh 21.0%; team rush 28.8; opp d_ypc 0.96; inside-10 car 1,1.0,
Mike Washington Jr.,LV,KC,RB,KC@LV,2plus_td,0.0108,9159.0,0.133,0.015,B,-,car_sh 21.0%; team rush 28.8; opp d_ypc 0.96; inside-10 car 1,1.0,
Justin Herbert,LAC,SEA,QB,LAC@SEA,anytime_td,0.0927,979.0,0.09705,0.0,B,-,team att 31.6; ypa 6.19; opp d_ypa 0.86; pass rate 57.0%,1.0,
Justin Herbert,LAC,SEA,QB,LAC@SEA,first_td,0.020015431096681094,4896.0,0.09705,0.0,B,-,team att 31.6; ypa 6.19; opp d_ypa 0.86; pass rate 57.0%,1.0,
Justin Herbert,LAC,SEA,QB,LAC@SEA,last_td,0.020015431096681094,4896.0,0.09705,0.0,B,-,team att 31.6; ypa 6.19; opp d_ypa 0.86; pass rate 57.0%,1.0,
Justin Herbert,LAC,SEA,QB,LAC@SEA,2plus_td,0.0043,23156.0,0.09705,0.0,B,-,team att 31.6; ypa 6.19; opp d_ypa 0.86; pass rate 57.0%,1.0,
Derius Davis,LAC,SEA,WR,LAC@SEA,anytime_td,0.01685,5835.0,0.0,0.017,C,-,w_td 0.01; team TD 1.69,1.0,
Derius Davis,LAC,SEA,WR,LAC@SEA,first_td,0.0035390530303030304,28156.0,0.0,0.017,C,-,w_td 0.01; team TD 1.69,1.0,
Derius Davis,LAC,SEA,WR,LAC@SEA,last_td,0.0035390530303030304,28156.0,0.0,0.017,C,-,w_td 0.01; team TD 1.69,1.0,
Derius Davis,LAC,SEA,WR,LAC@SEA,2plus_td,0.00015,666567.0,0.0,0.017,C,-,w_td 0.01; team TD 1.69,1.0,
Oronde Gadsden II,LAC,SEA,TE,LAC@SEA,anytime_td,0.17535,470.0,0.0,0.19085,C,-,tgt_sh 10.3%; team att 31.6; opp DvP 0.97; RZ tgt 2,1.0,
Oronde Gadsden II,LAC,SEA,TE,LAC@SEA,first_td,0.039021168137418134,2463.0,0.0,0.19085,C,-,tgt_sh 10.3%; team att 31.6; opp DvP 0.97; RZ tgt 2,1.0,
Oronde Gadsden II,LAC,SEA,TE,LAC@SEA,last_td,0.039021168137418134,2463.0,0.0,0.19085,C,-,tgt_sh 10.3%; team att 31.6; opp DvP 0.97; RZ tgt 2,1.0,
Oronde Gadsden II,LAC,SEA,TE,LAC@SEA,2plus_td,0.0149,6611.0,0.0,0.19085,C,-,tgt_sh 10.3%; team att 31.6; opp DvP 0.97; RZ tgt 2,1.0,
Omarion Hampton,LAC,SEA,RB,LAC@SEA,anytime_td,0.3066,226.0,0.2885,0.0717,B,-,tgt_sh 5.8%; team att 31.6; opp DvP 1.01; RZ tgt 0; car_sh 53.0%; team rush 26.1; opp d_ypc 0.90; inside-10 car 5,1.0,
Omarion Hampton,LAC,SEA,RB,LAC@SEA,first_td,0.07386214812964813,1254.0,0.2885,0.0717,B,-,tgt_sh 5.8%; team att 31.6; opp DvP 1.01; RZ tgt 0; car_sh 53.0%; team rush 26.1; opp d_ypc 0.90; inside-10 car 5,1.0,
Omarion Hampton,LAC,SEA,RB,LAC@SEA,last_td,0.07386214812964813,1254.0,0.2885,0.0717,B,-,tgt_sh 5.8%; team att 31.6; opp DvP 1.01; RZ tgt 0; car_sh 53.0%; team rush 26.1; opp d_ypc 0.90; inside-10 car 5,1.0,
Omarion Hampton,LAC,SEA,RB,LAC@SEA,2plus_td,0.04835,1968.0,0.2885,0.0717,B,-,tgt_sh 5.8%; team att 31.6; opp DvP 1.01; RZ tgt 0; car_sh 53.0%; team rush 26.1; opp d_ypc 0.90; inside-10 car 5,1.0,
Tre Harris,LAC,SEA,WR,LAC@SEA,anytime_td,0.2301,335.0,0.0,0.2593,B,-,tgt_sh 12.3%; team att 31.6; opp DvP 1.01; RZ tgt 3,1.0,
Tre Harris,LAC,SEA,WR,LAC@SEA,first_td,0.05214074911199912,1818.0,0.0,0.2593,B,-,tgt_sh 12.3%; team att 31.6; opp DvP 1.01; RZ tgt 3,1.0,
Tre Harris,LAC,SEA,WR,LAC@SEA,last_td,0.05214074911199912,1818.0,0.0,0.2593,B,-,tgt_sh 12.3%; team att 31.6; opp DvP 1.01; RZ tgt 3,1.0,
Tre Harris,LAC,SEA,WR,LAC@SEA,2plus_td,0.02675,3638.0,0.0,0.2593,B,-,tgt_sh 12.3%; team att 31.6; opp DvP 1.01; RZ tgt 3,1.0,
Alec Ingold,LAC,SEA,RB,LAC@SEA,anytime_td,0.06745,1383.0,0.0018,0.06755,C,-,tgt_sh 2.8%; team att 31.6; opp DvP 1.01; RZ tgt 1,1.0,
Alec Ingold,LAC,SEA,RB,LAC@SEA,first_td,0.014073734321234321,7005.0,0.0018,0.06755,C,-,tgt_sh 2.8%; team att 31.6; opp DvP 1.01; RZ tgt 1,1.0,
Alec Ingold,LAC,SEA,RB,LAC@SEA,last_td,0.014073734321234321,7005.0,0.0018,0.06755,C,-,tgt_sh 2.8%; team att 31.6; opp DvP 1.01; RZ tgt 1,1.0,
Alec Ingold,LAC,SEA,RB,LAC@SEA,2plus_td,0.0019,52532.0,0.0018,0.06755,C,-,tgt_sh 2.8%; team att 31.6; opp DvP 1.01; RZ tgt 1,1.0,
Quentin Johnston,LAC,SEA,WR,LAC@SEA,anytime_td,0.20175,396.0,0.0031,0.2218,B,-,tgt_sh 17.9%; team att 31.6; opp DvP 1.01; RZ tgt 0,1.0,
Quentin Johnston,LAC,SEA,WR,LAC@SEA,first_td,0.04544479548229548,2100.0,0.0031,0.2218,B,-,tgt_sh 17.9%; team att 31.6; opp DvP 1.01; RZ tgt 0,1.0,
Quentin Johnston,LAC,SEA,WR,LAC@SEA,last_td,0.04544479548229548,2100.0,0.0031,0.2218,B,-,tgt_sh 17.9%; team att 31.6; opp DvP 1.01; RZ tgt 0,1.0,
Quentin Johnston,LAC,SEA,WR,LAC@SEA,2plus_td,0.02155,4540.0,0.0031,0.2218,B,-,tgt_sh 17.9%; team att 31.6; opp DvP 1.01; RZ tgt 0,1.0,
Ladd McConkey,LAC,SEA,WR,LAC@SEA,anytime_td,0.22299261910087229,348.0,0.0,0.251174233952136,C,Questionable (Limited),tgt_sh 16.9%; team att 31.6; opp DvP 1.01; RZ tgt 2,0.6667342299285288,
Ladd McConkey,LAC,SEA,WR,LAC@SEA,first_td,0.05073052956636047,1871.0,0.0,0.251174233952136,C,Questionable (Limited),tgt_sh 16.9%; team att 31.6; opp DvP 1.01; RZ tgt 2,0.6667342299285288,
Ladd McConkey,LAC,SEA,WR,LAC@SEA,last_td,0.05073052956636047,1871.0,0.0,0.251174233952136,C,Questionable (Limited),tgt_sh 16.9%; team att 31.6; opp DvP 1.01; RZ tgt 2,0.6667342299285288,
Ladd McConkey,LAC,SEA,WR,LAC@SEA,2plus_td,0.02616864236188772,3721.0,0.0,0.251174233952136,C,Questionable (Limited),tgt_sh 16.9%; team att 31.6; opp DvP 1.01; RZ tgt 2,0.6667342299285288,
Keaton Mitchell,LAC,SEA,RB,LAC@SEA,anytime_td,0.16058931860036832,523.0,0.0936069455406472,0.07945277558537227,B,no game designation yet (Full),tgt_sh 3.4%; team att 31.6; opp DvP 1.01; RZ tgt 1; car_sh 19.3%; team rush 26.1; opp d_ypc 0.90; inside-10 car 1,0.9508674235277402,
Keaton Mitchell,LAC,SEA,RB,LAC@SEA,first_td,0.035073099749500694,2751.0,0.0936069455406472,0.07945277558537227,B,no game designation yet (Full),tgt_sh 3.4%; team att 31.6; opp DvP 1.01; RZ tgt 1; car_sh 19.3%; team rush 26.1; opp d_ypc 0.90; inside-10 car 1,0.9508674235277402,
Keaton Mitchell,LAC,SEA,RB,LAC@SEA,last_td,0.035073099749500694,2751.0,0.0936069455406472,0.07945277558537227,B,no game designation yet (Full),tgt_sh 3.4%; team att 31.6; opp DvP 1.01; RZ tgt 1; car_sh 19.3%; team rush 26.1; opp d_ypc 0.90; inside-10 car 1,0.9508674235277402,
Keaton Mitchell,LAC,SEA,RB,LAC@SEA,2plus_td,0.011891607471717969,8309.0,0.0936069455406472,0.07945277558537227,B,no game designation yet (Full),tgt_sh 3.4%; team att 31.6; opp DvP 1.01; RZ tgt 1; car_sh 19.3%; team rush 26.1; opp d_ypc 0.90; inside-10 car 1,0.9508674235277402,
Marquez Valdes-Scantling,LAC,SEA,WR,LAC@SEA,anytime_td,0.0457,2088.0,0.0,0.0469,C,-,tgt_sh 3.8%; team att 31.6; opp DvP 1.01; RZ tgt 0,1.0,
Marquez Valdes-Scantling,LAC,SEA,WR,LAC@SEA,first_td,0.009389049977799978,10551.0,0.0,0.0469,C,-,tgt_sh 3.8%; team att 31.6; opp DvP 1.01; RZ tgt 0,1.0,
Marquez Valdes-Scantling,LAC,SEA,WR,LAC@SEA,last_td,0.009389049977799978,10551.0,0.0,0.0469,C,-,tgt_sh 3.8%; team att 31.6; opp DvP 1.01; RZ tgt 0,1.0,
Marquez Valdes-Scantling,LAC,SEA,WR,LAC@SEA,2plus_td,0.0012,83233.0,0.0,0.0469,C,-,tgt_sh 3.8%; team att 31.6; opp DvP 1.01; RZ tgt 0,1.0,
Kimani Vidal,LAC,SEA,RB,LAC@SEA,anytime_td,0.07445,1243.0,0.0367,0.03995,C,-,tgt_sh 3.3%; team att 31.6; opp DvP 1.01; RZ tgt 0,1.0,
Kimani Vidal,LAC,SEA,RB,LAC@SEA,first_td,0.015526497113997112,6341.0,0.0367,0.03995,C,-,tgt_sh 3.3%; team att 31.6; opp DvP 1.01; RZ tgt 0,1.0,
Kimani Vidal,LAC,SEA,RB,LAC@SEA,last_td,0.015526497113997112,6341.0,0.0367,0.03995,C,-,tgt_sh 3.3%; team att 31.6; opp DvP 1.01; RZ tgt 0,1.0,
Kimani Vidal,LAC,SEA,RB,LAC@SEA,2plus_td,0.0022,45355.0,0.0367,0.03995,C,-,tgt_sh 3.3%; team att 31.6; opp DvP 1.01; RZ tgt 0,1.0,
Sam Darnold,SEA,LAC,QB,LAC@SEA,anytime_td,0.0395,2432.0,0.0401,0.0,C,-,team att 31.8; ypa 8.36; opp d_ypa 1.05; pass rate 53.8%,1.0,
Sam Darnold,SEA,LAC,QB,LAC@SEA,first_td,0.008408313492063491,11793.0,0.0401,0.0,C,-,team att 31.8; ypa 8.36; opp d_ypa 1.05; pass rate 53.8%,1.0,
Sam Darnold,SEA,LAC,QB,LAC@SEA,last_td,0.008408313492063491,11793.0,0.0401,0.0,C,-,team att 31.8; ypa 8.36; opp d_ypa 1.05; pass rate 53.8%,1.0,
Sam Darnold,SEA,LAC,QB,LAC@SEA,2plus_td,0.0006,166567.0,0.0401,0.0,C,-,team att 31.8; ypa 8.36; opp d_ypa 1.05; pass rate 53.8%,1.0,
Elijah Arroyo,SEA,LAC,TE,LAC@SEA,anytime_td,0.0543,1742.0,0.0,0.05565,C,-,w_td 0.03; team TD 2.91,1.0,
Elijah Arroyo,SEA,LAC,TE,LAC@SEA,first_td,0.011661791125541126,8475.0,0.0,0.05565,C,-,w_td 0.03; team TD 2.91,1.0,
Elijah Arroyo,SEA,LAC,TE,LAC@SEA,last_td,0.011661791125541126,8475.0,0.0,0.05565,C,-,w_td 0.03; team TD 2.91,1.0,
Elijah Arroyo,SEA,LAC,TE,LAC@SEA,2plus_td,0.00135,73974.0,0.0,0.05565,C,-,w_td 0.03; team TD 2.91,1.0,
AJ Barner,SEA,LAC,TE,LAC@SEA,anytime_td,0.32055,212.0,0.0275,0.35265,B,-,tgt_sh 13.2%; team att 31.8; opp DvP 0.93; RZ tgt 4,1.0,
AJ Barner,SEA,LAC,TE,LAC@SEA,first_td,0.07930439865689866,1161.0,0.0275,0.35265,B,-,tgt_sh 13.2%; team att 31.8; opp DvP 0.93; RZ tgt 4,1.0,
AJ Barner,SEA,LAC,TE,LAC@SEA,last_td,0.07930439865689866,1161.0,0.0275,0.35265,B,-,tgt_sh 13.2%; team att 31.8; opp DvP 0.93; RZ tgt 4,1.0,
AJ Barner,SEA,LAC,TE,LAC@SEA,2plus_td,0.05355,1767.0,0.0275,0.35265,B,-,tgt_sh 13.2%; team att 31.8; opp DvP 0.93; RZ tgt 4,1.0,
George Holani,SEA,LAC,RB,LAC@SEA,anytime_td,0.29426245980707394,240.0,0.2317122186495177,0.1098774115755627,B,no game designation yet (Limited),tgt_sh 4.8%; team att 31.8; opp DvP 0.91; RZ tgt 1; car_sh 18.1%; team rush 28.6; opp d_ypc 0.93; inside-10 car 3,0.9951309141019752,
George Holani,SEA,LAC,RB,LAC@SEA,first_td,0.07183145752403189,1292.0,0.2317122186495177,0.1098774115755627,B,no game designation yet (Limited),tgt_sh 4.8%; team att 31.8; opp DvP 0.91; RZ tgt 1; car_sh 18.1%; team rush 28.6; opp d_ypc 0.93; inside-10 car 3,0.9951309141019752,
George Holani,SEA,LAC,RB,LAC@SEA,last_td,0.07183145752403189,1292.0,0.2317122186495177,0.1098774115755627,B,no game designation yet (Limited),tgt_sh 4.8%; team att 31.8; opp DvP 0.91; RZ tgt 1; car_sh 18.1%; team rush 28.6; opp d_ypc 0.93; inside-10 car 3,0.9951309141019752,
George Holani,SEA,LAC,RB,LAC@SEA,2plus_td,0.043257636655948555,2212.0,0.2317122186495177,0.1098774115755627,B,no game designation yet (Limited),tgt_sh 4.8%; team att 31.8; opp DvP 0.91; RZ tgt 1; car_sh 18.1%; team rush 28.6; opp d_ypc 0.93; inside-10 car 3,0.9951309141019752,
Tory Horton,SEA,LAC,WR,LAC@SEA,anytime_td,0.09615,940.0,0.0,0.10005,C,-,tgt_sh 6.4%; team att 31.8; opp DvP 0.90; RZ tgt 0,1.0,
Tory Horton,SEA,LAC,WR,LAC@SEA,first_td,0.020878471528471526,4690.0,0.0,0.10005,C,-,tgt_sh 6.4%; team att 31.8; opp DvP 0.90; RZ tgt 0,1.0,
Tory Horton,SEA,LAC,WR,LAC@SEA,last_td,0.020878471528471526,4690.0,0.0,0.10005,C,-,tgt_sh 6.4%; team att 31.8; opp DvP 0.90; RZ tgt 0,1.0,
Tory Horton,SEA,LAC,WR,LAC@SEA,2plus_td,0.0039,25541.0,0.0,0.10005,C,-,tgt_sh 6.4%; team att 31.8; opp DvP 0.90; RZ tgt 0,1.0,
Cooper Kupp,SEA,LAC,WR,LAC@SEA,anytime_td,0.20245,394.0,0.0,0.22315,C,-,tgt_sh 11.9%; team att 31.8; opp DvP 0.90; RZ tgt 1,1.0,
Cooper Kupp,SEA,LAC,WR,LAC@SEA,first_td,0.04604476787101786,2072.0,0.0,0.22315,C,-,tgt_sh 11.9%; team att 31.8; opp DvP 0.90; RZ tgt 1,1.0,
Cooper Kupp,SEA,LAC,WR,LAC@SEA,last_td,0.04604476787101786,2072.0,0.0,0.22315,C,-,tgt_sh 11.9%; team att 31.8; opp DvP 0.90; RZ tgt 1,1.0,
Cooper Kupp,SEA,LAC,WR,LAC@SEA,2plus_td,0.0196,5002.0,0.0,0.22315,C,-,tgt_sh 11.9%; team att 31.8; opp DvP 0.90; RZ tgt 1,1.0,
Brady Russell,SEA,LAC,RB,LAC@SEA,anytime_td,0.029,3348.0,0.0,0.0293,C,-,w_td 0.02; team TD 2.91,1.0,
Brady Russell,SEA,LAC,RB,LAC@SEA,first_td,0.006119090909090909,16242.0,0.0,0.0293,C,-,w_td 0.02; team TD 2.91,1.0,
Brady Russell,SEA,LAC,RB,LAC@SEA,last_td,0.006119090909090909,16242.0,0.0,0.0293,C,-,w_td 0.02; team TD 2.91,1.0,
Brady Russell,SEA,LAC,RB,LAC@SEA,2plus_td,0.0003,333233.0,0.0,0.0293,C,-,w_td 0.02; team TD 2.91,1.0,
Eric Saubert,SEA,LAC,TE,LAC@SEA,anytime_td,0.1033,868.0,0.0,0.10895,C,-,w_td 0.05; team TD 2.91,1.0,
Eric Saubert,SEA,LAC,TE,LAC@SEA,first_td,0.022363903318903318,4371.0,0.0,0.10895,C,-,w_td 0.05; team TD 2.91,1.0,
Eric Saubert,SEA,LAC,TE,LAC@SEA,last_td,0.022363903318903318,4371.0,0.0,0.10895,C,-,w_td 0.05; team TD 2.91,1.0,
Eric Saubert,SEA,LAC,TE,LAC@SEA,2plus_td,0.0056,17757.0,0.0,0.10895,C,-,w_td 0.05; team TD 2.91,1.0,
Rashid Shaheed,SEA,LAC,WR,LAC@SEA,anytime_td,0.20087451269623854,398.0,0.0071120008429038034,0.21551996628384787,C,no game designation yet (Full),tgt_sh 14.0%; team att 31.8; opp DvP 0.90; RZ tgt 0,0.9479829842591244,
Rashid Shaheed,SEA,LAC,WR,LAC@SEA,first_td,0.04599093308265155,2074.0,0.0071120008429038034,0.21551996628384787,C,no game designation yet (Full),tgt_sh 14.0%; team att 31.8; opp DvP 0.90; RZ tgt 0,0.9479829842591244,
Rashid Shaheed,SEA,LAC,WR,LAC@SEA,last_td,0.04599093308265155,2074.0,0.0071120008429038034,0.21551996628384787,C,no game designation yet (Full),tgt_sh 14.0%; team att 31.8; opp DvP 0.90; RZ tgt 0,0.9479829842591244,
Rashid Shaheed,SEA,LAC,WR,LAC@SEA,2plus_td,0.020598461700558422,4755.0,0.0071120008429038034,0.21551996628384787,C,no game designation yet (Full),tgt_sh 14.0%; team att 31.8; opp DvP 0.90; RZ tgt 0,0.9479829842591244,
Jaxon Smith-Njigba,SEA,LAC,WR,LAC@SEA,anytime_td,0.56095,-128.0,0.0,0.7944,B,-,tgt_sh 31.8%; team att 31.8; opp DvP 0.90; RZ tgt 9,1.0,
Jaxon Smith-Njigba,SEA,LAC,WR,LAC@SEA,first_td,0.16500998834498834,506.0,0.0,0.7944,B,-,tgt_sh 31.8%; team att 31.8; opp DvP 0.90; RZ tgt 9,1.0,
Jaxon Smith-Njigba,SEA,LAC,WR,LAC@SEA,last_td,0.16500998834498834,506.0,0.0,0.7944,B,-,tgt_sh 31.8%; team att 31.8; opp DvP 0.90; RZ tgt 9,1.0,
Jaxon Smith-Njigba,SEA,LAC,WR,LAC@SEA,2plus_td,0.18665,436.0,0.0,0.7944,B,-,tgt_sh 31.8%; team att 31.8; opp DvP 0.90; RZ tgt 9,1.0,
Emanuel Wilson,SEA,LAC,RB,LAC@SEA,anytime_td,0.4279,134.0,0.48395,0.0613,B,-,car_sh 36.3%; team rush 28.6; opp d_ypc 0.93; inside-10 car 7,1.0,
Emanuel Wilson,SEA,LAC,RB,LAC@SEA,first_td,0.11406685841935842,777.0,0.48395,0.0613,B,-,car_sh 36.3%; team rush 28.6; opp d_ypc 0.93; inside-10 car 7,1.0,
Emanuel Wilson,SEA,LAC,RB,LAC@SEA,last_td,0.11406685841935842,777.0,0.48395,0.0613,B,-,car_sh 36.3%; team rush 28.6; opp d_ypc 0.93; inside-10 car 7,1.0,
Emanuel Wilson,SEA,LAC,RB,LAC@SEA,2plus_td,0.1017,883.0,0.48395,0.0613,B,-,car_sh 36.3%; team rush 28.6; opp d_ypc 0.93; inside-10 car 7,1.0,
Bo Nix,DEN,SF,QB,DEN@SF,anytime_td,0.13865,621.0,0.15015,0.0,B,-,team att 34.4; ypa 6.63; opp d_ypa 0.94; pass rate 59.3%,1.0,
Bo Nix,DEN,SF,QB,DEN@SF,first_td,0.02785168081918082,3490.0,0.15015,0.0,B,-,team att 34.4; ypa 6.63; opp d_ypa 0.94; pass rate 59.3%,1.0,
Bo Nix,DEN,SF,QB,DEN@SF,last_td,0.02785168081918082,3490.0,0.15015,0.0,B,-,team att 34.4; ypa 6.63; opp d_ypa 0.94; pass rate 59.3%,1.0,
Bo Nix,DEN,SF,QB,DEN@SF,2plus_td,0.0108,9159.0,0.15015,0.0,B,-,team att 34.4; ypa 6.63; opp d_ypa 0.94; pass rate 59.3%,1.0,
Nate Adkins,DEN,SF,TE,DEN@SF,anytime_td,0.1203,731.0,0.0068,0.1201,C,-,tgt_sh 3.6%; team att 34.4; opp DvP 1.02; RZ tgt 3,1.0,
Nate Adkins,DEN,SF,TE,DEN@SF,first_td,0.023229270035520035,4205.0,0.0068,0.1201,C,-,tgt_sh 3.6%; team att 34.4; opp DvP 1.02; RZ tgt 3,1.0,
Nate Adkins,DEN,SF,TE,DEN@SF,last_td,0.023229270035520035,4205.0,0.0068,0.1201,C,-,tgt_sh 3.6%; team att 34.4; opp DvP 1.02; RZ tgt 3,1.0,
Nate Adkins,DEN,SF,TE,DEN@SF,2plus_td,0.00645,15404.0,0.0068,0.1201,C,-,tgt_sh 3.6%; team att 34.4; opp DvP 1.02; RZ tgt 3,1.0,
Tyler Badie,DEN,SF,RB,DEN@SF,anytime_td,0.1277,683.0,0.02785,0.1083,C,-,tgt_sh 4.6%; team att 34.4; opp DvP 1.13; RZ tgt 2,1.0,
Tyler Badie,DEN,SF,RB,DEN@SF,first_td,0.024253399378399376,4023.0,0.02785,0.1083,C,-,tgt_sh 4.6%; team att 34.4; opp DvP 1.13; RZ tgt 2,1.0,
Tyler Badie,DEN,SF,RB,DEN@SF,last_td,0.024253399378399376,4023.0,0.02785,0.1083,C,-,tgt_sh 4.6%; team att 34.4; opp DvP 1.13; RZ tgt 2,1.0,
Tyler Badie,DEN,SF,RB,DEN@SF,2plus_td,0.008,12400.0,0.02785,0.1083,C,-,tgt_sh 4.6%; team att 34.4; opp DvP 1.13; RZ tgt 2,1.0,
Pat Bryant,DEN,SF,WR,DEN@SF,anytime_td,0.11825,746.0,0.00705,0.11735,C,-,tgt_sh 8.5%; team att 34.4; opp DvP 0.95; RZ tgt 1,1.0,
Pat Bryant,DEN,SF,WR,DEN@SF,first_td,0.02281274087024087,4284.0,0.00705,0.11735,C,-,tgt_sh 8.5%; team att 34.4; opp DvP 0.95; RZ tgt 1,1.0,
Pat Bryant,DEN,SF,WR,DEN@SF,last_td,0.02281274087024087,4284.0,0.00705,0.11735,C,-,tgt_sh 8.5%; team att 34.4; opp DvP 0.95; RZ tgt 1,1.0,
Pat Bryant,DEN,SF,WR,DEN@SF,2plus_td,0.006,16567.0,0.00705,0.11735,C,-,tgt_sh 8.5%; team att 34.4; opp DvP 0.95; RZ tgt 1,1.0,
J.K. Dobbins,DEN,SF,RB,DEN@SF,anytime_td,0.39807813484562066,151.0,0.46733879437093045,0.027620247847090947,B,no game designation yet (Full),car_sh 47.6%; team rush 24.8; opp d_ypc 0.95; inside-10 car 5,0.9508674235277402,
J.K. Dobbins,DEN,SF,RB,DEN@SF,first_td,0.09050330037648878,1005.0,0.46733879437093045,0.027620247847090947,B,no game designation yet (Full),car_sh 47.6%; team rush 24.8; opp d_ypc 0.95; inside-10 car 5,0.9508674235277402,
J.K. Dobbins,DEN,SF,RB,DEN@SF,last_td,0.09050330037648878,1005.0,0.46733879437093045,0.027620247847090947,B,no game designation yet (Full),car_sh 47.6%; team rush 24.8; opp d_ypc 0.95; inside-10 car 5,0.9508674235277402,
J.K. Dobbins,DEN,SF,RB,DEN@SF,2plus_td,0.08427851291745432,1087.0,0.46733879437093045,0.027620247847090947,B,no game designation yet (Full),car_sh 47.6%; team rush 24.8; opp d_ypc 0.95; inside-10 car 5,0.9508674235277402,
Evan Engram,DEN,SF,TE,DEN@SF,anytime_td,0.1224,717.0,0.0,0.13125,C,-,tgt_sh 9.5%; team att 34.4; opp DvP 1.02; RZ tgt 1,1.0,
Evan Engram,DEN,SF,TE,DEN@SF,first_td,0.02358335012210012,4140.0,0.0,0.13125,C,-,tgt_sh 9.5%; team att 34.4; opp DvP 1.02; RZ tgt 1,1.0,
Evan Engram,DEN,SF,TE,DEN@SF,last_td,0.02358335012210012,4140.0,0.0,0.13125,C,-,tgt_sh 9.5%; team att 34.4; opp DvP 1.02; RZ tgt 1,1.0,
Evan Engram,DEN,SF,TE,DEN@SF,2plus_td,0.00855,11596.0,0.0,0.13125,C,-,tgt_sh 9.5%; team att 34.4; opp DvP 1.02; RZ tgt 1,1.0,
Troy Franklin,DEN,SF,WR,DEN@SF,anytime_td,0.11935,738.0,0.0093,0.11775,C,-,tgt_sh 8.6%; team att 34.4; opp DvP 0.95; RZ tgt 1,1.0,
Troy Franklin,DEN,SF,WR,DEN@SF,first_td,0.02305532273282273,4237.0,0.0093,0.11775,C,-,tgt_sh 8.6%; team att 34.4; opp DvP 0.95; RZ tgt 1,1.0,
Troy Franklin,DEN,SF,WR,DEN@SF,last_td,0.02305532273282273,4237.0,0.0093,0.11775,C,-,tgt_sh 8.6%; team att 34.4; opp DvP 0.95; RZ tgt 1,1.0,
Troy Franklin,DEN,SF,WR,DEN@SF,2plus_td,0.00755,13145.0,0.0093,0.11775,C,-,tgt_sh 8.6%; team att 34.4; opp DvP 0.95; RZ tgt 1,1.0,
RJ Harvey,DEN,SF,RB,DEN@SF,anytime_td,0.25765,288.0,0.10355,0.18925,C,-,tgt_sh 11.5%; team att 34.4; opp DvP 1.13; RZ tgt 2; car_sh 13.2%; team rush 24.8; opp d_ypc 0.95; inside-10 car 0,1.0,
RJ Harvey,DEN,SF,RB,DEN@SF,first_td,0.053275902292152295,1777.0,0.10355,0.18925,C,-,tgt_sh 11.5%; team att 34.4; opp DvP 1.13; RZ tgt 2; car_sh 13.2%; team rush 24.8; opp d_ypc 0.95; inside-10 car 0,1.0,
RJ Harvey,DEN,SF,RB,DEN@SF,last_td,0.053275902292152295,1777.0,0.10355,0.18925,C,-,tgt_sh 11.5%; team att 34.4; opp DvP 1.13; RZ tgt 2; car_sh 13.2%; team rush 24.8; opp d_ypc 0.95; inside-10 car 0,1.0,
RJ Harvey,DEN,SF,RB,DEN@SF,2plus_td,0.03235,2991.0,0.10355,0.18925,C,-,tgt_sh 11.5%; team att 34.4; opp DvP 1.13; RZ tgt 2; car_sh 13.2%; team rush 24.8; opp d_ypc 0.95; inside-10 car 0,1.0,
Lil'Jordan Humphrey,DEN,SF,WR,DEN@SF,anytime_td,0.0489,1945.0,0.0,0.05,C,-,tgt_sh 4.6%; team att 34.4; opp DvP 0.95; RZ tgt 0,1.0,
Lil'Jordan Humphrey,DEN,SF,WR,DEN@SF,first_td,0.008974340936840937,11043.0,0.0,0.05,C,-,tgt_sh 4.6%; team att 34.4; opp DvP 0.95; RZ tgt 0,1.0,
Lil'Jordan Humphrey,DEN,SF,WR,DEN@SF,last_td,0.008974340936840937,11043.0,0.0,0.05,C,-,tgt_sh 4.6%; team att 34.4; opp DvP 0.95; RZ tgt 0,1.0,
Lil'Jordan Humphrey,DEN,SF,WR,DEN@SF,2plus_td,0.0011,90809.0,0.0,0.05,C,-,tgt_sh 4.6%; team att 34.4; opp DvP 0.95; RZ tgt 0,1.0,
Marvin Mims Jr.,DEN,SF,WR,DEN@SF,anytime_td,0.053289543383833037,1777.0,0.0,0.054772751350778685,C,no game designation yet (Full),tgt_sh 5.1%; team att 34.4; opp DvP 0.95; RZ tgt 0,0.9479829842591244,
Marvin Mims Jr.,DEN,SF,WR,DEN@SF,first_td,0.01002935878849641,9871.0,0.0,0.054772751350778685,C,no game designation yet (Full),tgt_sh 5.1%; team att 34.4; opp DvP 0.95; RZ tgt 0,0.9479829842591244,
Marvin Mims Jr.,DEN,SF,WR,DEN@SF,last_td,0.01002935878849641,9871.0,0.0,0.054772751350778685,C,no game designation yet (Full),tgt_sh 5.1%; team att 34.4; opp DvP 0.95; RZ tgt 0,0.9479829842591244,
Marvin Mims Jr.,DEN,SF,WR,DEN@SF,2plus_td,0.0014302362538404492,69819.0,0.0,0.054772751350778685,C,no game designation yet (Full),tgt_sh 5.1%; team att 34.4; opp DvP 0.95; RZ tgt 0,0.9479829842591244,
Courtland Sutton,DEN,SF,WR,DEN@SF,anytime_td,0.2594,286.0,0.0,0.296,B,-,tgt_sh 15.4%; team att 34.4; opp DvP 0.95; RZ tgt 5,1.0,
Courtland Sutton,DEN,SF,WR,DEN@SF,first_td,0.05378175671550671,1759.0,0.0,0.296,B,-,tgt_sh 15.4%; team att 34.4; opp DvP 0.95; RZ tgt 5,1.0,
Courtland Sutton,DEN,SF,WR,DEN@SF,last_td,0.05378175671550671,1759.0,0.0,0.296,B,-,tgt_sh 15.4%; team att 34.4; opp DvP 0.95; RZ tgt 5,1.0,
Courtland Sutton,DEN,SF,WR,DEN@SF,2plus_td,0.034,2841.0,0.0,0.296,B,-,tgt_sh 15.4%; team att 34.4; opp DvP 0.95; RZ tgt 5,1.0,
Adam Trautman,DEN,SF,TE,DEN@SF,anytime_td,0.03105,3121.0,0.0,0.03175,C,-,w_td 0.02; team TD 2.24,1.0,
Adam Trautman,DEN,SF,TE,DEN@SF,first_td,0.005823323065823065,17072.0,0.0,0.03175,C,-,w_td 0.02; team TD 2.24,1.0,
Adam Trautman,DEN,SF,TE,DEN@SF,last_td,0.005823323065823065,17072.0,0.0,0.03175,C,-,w_td 0.02; team TD 2.24,1.0,
Adam Trautman,DEN,SF,TE,DEN@SF,2plus_td,0.0007,142757.0,0.0,0.03175,C,-,w_td 0.02; team TD 2.24,1.0,
Jaylen Waddle,DEN,SF,WR,DEN@SF,anytime_td,0.21136842105263157,373.0,0.007421052631578947,0.22836842105263158,B,no game designation yet (Full),tgt_sh 18.7%; team att 34.4; opp DvP 0.95; RZ tgt 1,0.9479829842591244,
Jaylen Waddle,DEN,SF,WR,DEN@SF,first_td,0.042402975533238685,2258.0,0.007421052631578947,0.22836842105263158,B,no game designation yet (Full),tgt_sh 18.7%; team att 34.4; opp DvP 0.95; RZ tgt 1,0.9479829842591244,
Jaylen Waddle,DEN,SF,WR,DEN@SF,last_td,0.042402975533238685,2258.0,0.007421052631578947,0.22836842105263158,B,no game designation yet (Full),tgt_sh 18.7%; team att 34.4; opp DvP 0.95; RZ tgt 1,0.9479829842591244,
Jaylen Waddle,DEN,SF,WR,DEN@SF,2plus_td,0.02268421052631579,4308.0,0.007421052631578947,0.22836842105263158,B,no game designation yet (Full),tgt_sh 18.7%; team att 34.4; opp DvP 0.95; RZ tgt 1,0.9479829842591244,
Brock Purdy,SF,DEN,QB,DEN@SF,anytime_td,0.09715,929.0,0.102,0.0,B,-,team att 30.9; ypa 8.02; opp d_ypa 0.98; pass rate 51.8%,1.0,
Brock Purdy,SF,DEN,QB,DEN@SF,first_td,0.01853185522810523,5296.0,0.102,0.0,B,-,team att 30.9; ypa 8.02; opp d_ypa 0.98; pass rate 51.8%,1.0,
Brock Purdy,SF,DEN,QB,DEN@SF,last_td,0.01853185522810523,5296.0,0.102,0.0,B,-,team att 30.9; ypa 8.02; opp d_ypa 0.98; pass rate 51.8%,1.0,
Brock Purdy,SF,DEN,QB,DEN@SF,2plus_td,0.00475,20953.0,0.102,0.0,B,-,team att 30.9; ypa 8.02; opp d_ypa 0.98; pass rate 51.8%,1.0,
Kaelon Black,SF,DEN,RB,DEN@SF,anytime_td,0.24445,309.0,0.2458,0.0321,B,-,car_sh 24.9%; team rush 29.5; opp d_ypc 1.10; inside-10 car 1,1.0,
Kaelon Black,SF,DEN,RB,DEN@SF,first_td,0.05143319125319124,1844.0,0.2458,0.0321,B,-,car_sh 24.9%; team rush 29.5; opp d_ypc 1.10; inside-10 car 1,1.0,
Kaelon Black,SF,DEN,RB,DEN@SF,last_td,0.05143319125319124,1844.0,0.2458,0.0321,B,-,car_sh 24.9%; team rush 29.5; opp d_ypc 1.10; inside-10 car 1,1.0,
Kaelon Black,SF,DEN,RB,DEN@SF,2plus_td,0.03085,3141.0,0.2458,0.0321,B,-,car_sh 24.9%; team rush 29.5; opp d_ypc 1.10; inside-10 car 1,1.0,
Jacob Cowing,SF,DEN,WR,DEN@SF,anytime_td,0.03565,2705.0,0.0,0.03625,C,-,w_td 0.02; team TD 2.98,1.0,
Jacob Cowing,SF,DEN,WR,DEN@SF,first_td,0.006454345793095792,15393.0,0.0,0.03625,C,-,w_td 0.02; team TD 2.98,1.0,
Jacob Cowing,SF,DEN,WR,DEN@SF,last_td,0.006454345793095792,15393.0,0.0,0.03625,C,-,w_td 0.02; team TD 2.98,1.0,
Jacob Cowing,SF,DEN,WR,DEN@SF,2plus_td,0.0006,166567.0,0.0,0.03625,C,-,w_td 0.02; team TD 2.98,1.0,
Mike Evans,SF,DEN,WR,DEN@SF,anytime_td,0.29835575485799704,235.0,0.0,0.34701046337817637,C,Questionable (Limited),tgt_sh 17.4%; team att 30.9; opp DvP 0.95; RZ tgt 2,0.6667342299285288,
Mike Evans,SF,DEN,WR,DEN@SF,first_td,0.06440789425654896,1453.0,0.0,0.34701046337817637,C,Questionable (Limited),tgt_sh 17.4%; team att 30.9; opp DvP 0.95; RZ tgt 2,0.6667342299285288,
Mike Evans,SF,DEN,WR,DEN@SF,last_td,0.06440789425654896,1453.0,0.0,0.34701046337817637,C,Questionable (Limited),tgt_sh 17.4%; team att 30.9; opp DvP 0.95; RZ tgt 2,0.6667342299285288,
Mike Evans,SF,DEN,WR,DEN@SF,2plus_td,0.04551569506726457,2097.0,0.0,0.34701046337817637,C,Questionable (Limited),tgt_sh 17.4%; team att 30.9; opp DvP 0.95; RZ tgt 2,0.6667342299285288,
Luke Farrell,SF,DEN,TE,DEN@SF,anytime_td,0.0428,2236.0,0.0,0.04355,C,-,w_td 0.02; team TD 2.98,1.0,
Luke Farrell,SF,DEN,TE,DEN@SF,first_td,0.007962335858585858,12459.0,0.0,0.04355,C,-,w_td 0.02; team TD 2.98,1.0,
Luke Farrell,SF,DEN,TE,DEN@SF,last_td,0.007962335858585858,12459.0,0.0,0.04355,C,-,w_td 0.02; team TD 2.98,1.0,
Luke Farrell,SF,DEN,TE,DEN@SF,2plus_td,0.00075,133233.0,0.0,0.04355,C,-,w_td 0.02; team TD 2.98,1.0,
Jordan James,SF,DEN,RB,DEN@SF,anytime_td,0.0745,1242.0,0.0684,0.0088,C,-,w_td 0.07; team TD 2.98,1.0,
Jordan James,SF,DEN,RB,DEN@SF,first_td,0.014277722971472971,6904.0,0.0684,0.0088,C,-,w_td 0.07; team TD 2.98,1.0,
Jordan James,SF,DEN,RB,DEN@SF,last_td,0.014277722971472971,6904.0,0.0684,0.0088,C,-,w_td 0.07; team TD 2.98,1.0,
Jordan James,SF,DEN,RB,DEN@SF,2plus_td,0.00255,39116.0,0.0684,0.0088,C,-,w_td 0.07; team TD 2.98,1.0,
Kyle Juszczyk,SF,DEN,RB,DEN@SF,anytime_td,0.15065,564.0,0.0,0.16225,C,-,tgt_sh 4.6%; team att 30.9; opp DvP 1.02; RZ tgt 2,1.0,
Kyle Juszczyk,SF,DEN,RB,DEN@SF,first_td,0.029728369824619825,3264.0,0.0,0.16225,C,-,tgt_sh 4.6%; team att 30.9; opp DvP 1.02; RZ tgt 2,1.0,
Kyle Juszczyk,SF,DEN,RB,DEN@SF,last_td,0.029728369824619825,3264.0,0.0,0.16225,C,-,tgt_sh 4.6%; team att 30.9; opp DvP 1.02; RZ tgt 2,1.0,
Kyle Juszczyk,SF,DEN,RB,DEN@SF,2plus_td,0.01135,8711.0,0.0,0.16225,C,-,tgt_sh 4.6%; team att 30.9; opp DvP 1.02; RZ tgt 2,1.0,
George Kittle,SF,DEN,TE,DEN@SF,anytime_td,0.41425,141.0,0.0,0.52845,B,-,tgt_sh 19.5%; team att 30.9; opp DvP 0.94; RZ tgt 5,1.0,
George Kittle,SF,DEN,TE,DEN@SF,first_td,0.0965383750971251,936.0,0.0,0.52845,B,-,tgt_sh 19.5%; team att 30.9; opp DvP 0.94; RZ tgt 5,1.0,
George Kittle,SF,DEN,TE,DEN@SF,last_td,0.0965383750971251,936.0,0.0,0.52845,B,-,tgt_sh 19.5%; team att 30.9; opp DvP 0.94; RZ tgt 5,1.0,
George Kittle,SF,DEN,TE,DEN@SF,2plus_td,0.09635,938.0,0.0,0.52845,B,-,tgt_sh 19.5%; team att 30.9; opp DvP 0.94; RZ tgt 5,1.0,
Christian McCaffrey,SF,DEN,RB,DEN@SF,anytime_td,0.6437707247749882,-181.0,0.5288173061740091,0.4477077740933733,B,no game designation yet (Full),tgt_sh 19.1%; team att 30.9; opp DvP 1.02; RZ tgt 3; car_sh 44.3%; team rush 29.5; opp d_ypc 1.10; inside-10 car 6,0.9508674235277402,
Christian McCaffrey,SF,DEN,RB,DEN@SF,first_td,0.18098042835923775,453.0,0.5288173061740091,0.4477077740933733,B,no game designation yet (Full),tgt_sh 19.1%; team att 30.9; opp DvP 1.02; RZ tgt 3; car_sh 44.3%; team rush 29.5; opp d_ypc 1.10; inside-10 car 6,0.9508674235277402,
Christian McCaffrey,SF,DEN,RB,DEN@SF,last_td,0.18098042835923775,453.0,0.5288173061740091,0.4477077740933733,B,no game designation yet (Full),tgt_sh 19.1%; team att 30.9; opp DvP 1.02; RZ tgt 3; car_sh 44.3%; team rush 29.5; opp d_ypc 1.10; inside-10 car 6,0.9508674235277402,
Christian McCaffrey,SF,DEN,RB,DEN@SF,2plus_td,0.25138165166587717,298.0,0.5288173061740091,0.4477077740933733,B,no game designation yet (Full),tgt_sh 19.1%; team att 30.9; opp DvP 1.02; RZ tgt 3; car_sh 44.3%; team rush 29.5; opp d_ypc 1.10; inside-10 car 6,0.9508674235277402,
Deebo Samuel Sr.,SF,DEN,WR,DEN@SF,anytime_td,0.3284,205.0,0.02085,0.3707,B,-,tgt_sh 15.1%; team att 30.9; opp DvP 0.95; RZ tgt 3,1.0,
Deebo Samuel Sr.,SF,DEN,WR,DEN@SF,first_td,0.07208483932733933,1287.0,0.02085,0.3707,B,-,tgt_sh 15.1%; team att 30.9; opp DvP 0.95; RZ tgt 3,1.0,
Deebo Samuel Sr.,SF,DEN,WR,DEN@SF,last_td,0.07208483932733933,1287.0,0.02085,0.3707,B,-,tgt_sh 15.1%; team att 30.9; opp DvP 0.95; RZ tgt 3,1.0,
Deebo Samuel Sr.,SF,DEN,WR,DEN@SF,2plus_td,0.0561,1683.0,0.02085,0.3707,B,-,tgt_sh 15.1%; team att 30.9; opp DvP 0.95; RZ tgt 3,1.0,
Jordan Watkins,SF,DEN,WR,DEN@SF,anytime_td,0.0835,1098.0,0.0,0.0871,C,-,tgt_sh 5.2%; team att 30.9; opp DvP 0.95; RZ tgt 0,1.0,
Jordan Watkins,SF,DEN,WR,DEN@SF,first_td,0.015898575591075593,6190.0,0.0,0.0871,C,-,tgt_sh 5.2%; team att 30.9; opp DvP 0.95; RZ tgt 0,1.0,
Jordan Watkins,SF,DEN,WR,DEN@SF,last_td,0.015898575591075593,6190.0,0.0,0.0871,C,-,tgt_sh 5.2%; team att 30.9; opp DvP 0.95; RZ tgt 0,1.0,
Jordan Watkins,SF,DEN,WR,DEN@SF,2plus_td,0.00345,28886.0,0.0,0.0871,C,-,tgt_sh 5.2%; team att 30.9; opp DvP 0.95; RZ tgt 0,1.0,
Jared Goff,DET,CAR,QB,DET@CAR,anytime_td,0.0586,1606.0,0.0606,0.0,B,-,team att 34.4; ypa 6.75; opp d_ypa 0.93; pass rate 57.7%,1.0,
Jared Goff,DET,CAR,QB,DET@CAR,first_td,0.010268092185592187,9639.0,0.0606,0.0,B,-,team att 34.4; ypa 6.75; opp d_ypa 0.93; pass rate 57.7%,1.0,
Jared Goff,DET,CAR,QB,DET@CAR,last_td,0.010268092185592187,9639.0,0.0606,0.0,B,-,team att 34.4; ypa 6.75; opp d_ypa 0.93; pass rate 57.7%,1.0,
Jared Goff,DET,CAR,QB,DET@CAR,2plus_td,0.0018,55456.0,0.0606,0.0,B,-,team att 34.4; ypa 6.75; opp d_ypa 0.93; pass rate 57.7%,1.0,
Jahmyr Gibbs,DET,CAR,RB,DET@CAR,anytime_td,0.75275,-304.0,0.976,0.32205,B,-,tgt_sh 17.1%; team att 34.4; opp DvP 0.99; RZ tgt 5; car_sh 73.5%; team rush 26.9; opp d_ypc 1.20; inside-10 car 9,1.0,
Jahmyr Gibbs,DET,CAR,RB,DET@CAR,first_td,0.21618063686313685,363.0,0.976,0.32205,B,-,tgt_sh 17.1%; team att 34.4; opp DvP 0.99; RZ tgt 5; car_sh 73.5%; team rush 26.9; opp d_ypc 1.20; inside-10 car 9,1.0,
Jahmyr Gibbs,DET,CAR,RB,DET@CAR,last_td,0.21618063686313685,363.0,0.976,0.32205,B,-,tgt_sh 17.1%; team att 34.4; opp DvP 0.99; RZ tgt 5; car_sh 73.5%; team rush 26.9; opp d_ypc 1.20; inside-10 car 9,1.0,
Jahmyr Gibbs,DET,CAR,RB,DET@CAR,2plus_td,0.37945,164.0,0.976,0.32205,B,-,tgt_sh 17.1%; team att 34.4; opp DvP 0.99; RZ tgt 5; car_sh 73.5%; team rush 26.9; opp d_ypc 1.20; inside-10 car 9,1.0,
Tom Kennedy,DET,CAR,WR,DET@CAR,anytime_td,0.01625,6054.0,0.0,0.01635,C,-,w_td 0.01; team TD 3.04,1.0,
Tom Kennedy,DET,CAR,WR,DET@CAR,first_td,0.002697061688311688,36977.0,0.0,0.01635,C,-,w_td 0.01; team TD 3.04,1.0,
Tom Kennedy,DET,CAR,WR,DET@CAR,last_td,0.002697061688311688,36977.0,0.0,0.01635,C,-,w_td 0.01; team TD 3.04,1.0,
Tom Kennedy,DET,CAR,WR,DET@CAR,2plus_td,0.0001,999900.0,0.0,0.01635,C,-,w_td 0.01; team TD 3.04,1.0,
Sam LaPorta,DET,CAR,TE,DET@CAR,anytime_td,0.34455,190.0,0.0,0.4127,B,-,tgt_sh 18.4%; team att 34.4; opp DvP 1.51; RZ tgt 5,1.0,
Sam LaPorta,DET,CAR,TE,DET@CAR,first_td,0.06792269175269175,1372.0,0.0,0.4127,B,-,tgt_sh 18.4%; team att 34.4; opp DvP 1.51; RZ tgt 5,1.0,
Sam LaPorta,DET,CAR,TE,DET@CAR,last_td,0.06792269175269175,1372.0,0.0,0.4127,B,-,tgt_sh 18.4%; team att 34.4; opp DvP 1.51; RZ tgt 5,1.0,
Sam LaPorta,DET,CAR,TE,DET@CAR,2plus_td,0.06045,1554.0,0.0,0.4127,B,-,tgt_sh 18.4%; team att 34.4; opp DvP 1.51; RZ tgt 5,1.0,
Jackson Meeks,DET,CAR,WR,DET@CAR,anytime_td,0.02775,3504.0,0.0,0.02805,C,-,w_td 0.02; team TD 3.04,1.0,
Jackson Meeks,DET,CAR,WR,DET@CAR,first_td,0.004581152597402597,21729.0,0.0,0.02805,C,-,w_td 0.02; team TD 3.04,1.0,
Jackson Meeks,DET,CAR,WR,DET@CAR,last_td,0.004581152597402597,21729.0,0.0,0.02805,C,-,w_td 0.02; team TD 3.04,1.0,
Jackson Meeks,DET,CAR,WR,DET@CAR,2plus_td,0.0003,333233.0,0.0,0.02805,C,-,w_td 0.02; team TD 3.04,1.0,
Jacob Saylors,DET,CAR,RB,DET@CAR,anytime_td,0.0173,5680.0,0.01105,0.0065,C,-,w_td 0.01; team TD 3.04,1.0,
Jacob Saylors,DET,CAR,RB,DET@CAR,first_td,0.00286511544011544,34803.0,0.01105,0.0065,C,-,w_td 0.01; team TD 3.04,1.0,
Jacob Saylors,DET,CAR,RB,DET@CAR,last_td,0.00286511544011544,34803.0,0.01105,0.0065,C,-,w_td 0.01; team TD 3.04,1.0,
Jacob Saylors,DET,CAR,RB,DET@CAR,2plus_td,0.00025,399900.0,0.01105,0.0065,C,-,w_td 0.01; team TD 3.04,1.0,
Amon-Ra St. Brown,DET,CAR,WR,DET@CAR,anytime_td,0.45635,119.0,0.0,0.59145,B,-,tgt_sh 29.3%; team att 34.4; opp DvP 1.09; RZ tgt 9,1.0,
Amon-Ra St. Brown,DET,CAR,WR,DET@CAR,first_td,0.09759373987123987,925.0,0.0,0.59145,B,-,tgt_sh 29.3%; team att 34.4; opp DvP 1.09; RZ tgt 9,1.0,
Amon-Ra St. Brown,DET,CAR,WR,DET@CAR,last_td,0.09759373987123987,925.0,0.0,0.59145,B,-,tgt_sh 29.3%; team att 34.4; opp DvP 1.09; RZ tgt 9,1.0,
Amon-Ra St. Brown,DET,CAR,WR,DET@CAR,2plus_td,0.11445,774.0,0.0,0.59145,B,-,tgt_sh 29.3%; team att 34.4; opp DvP 1.09; RZ tgt 9,1.0,
Isaac TeSlaa,DET,CAR,WR,DET@CAR,anytime_td,0.1234,710.0,0.0,0.13105,C,-,tgt_sh 6.6%; team att 34.4; opp DvP 1.09; RZ tgt 2,1.0,
Isaac TeSlaa,DET,CAR,WR,DET@CAR,first_td,0.021296358086358085,4596.0,0.0,0.13105,C,-,tgt_sh 6.6%; team att 34.4; opp DvP 1.09; RZ tgt 2,1.0,
Isaac TeSlaa,DET,CAR,WR,DET@CAR,last_td,0.021296358086358085,4596.0,0.0,0.13105,C,-,tgt_sh 6.6%; team att 34.4; opp DvP 1.09; RZ tgt 2,1.0,
Isaac TeSlaa,DET,CAR,WR,DET@CAR,2plus_td,0.0075,13233.0,0.0,0.13105,C,-,tgt_sh 6.6%; team att 34.4; opp DvP 1.09; RZ tgt 2,1.0,
Sione Vaki,DET,CAR,RB,DET@CAR,anytime_td,0.16465,507.0,0.14355,0.0328,C,-,car_sh 15.1%; team rush 26.9; opp d_ypc 1.20; inside-10 car 0,1.0,
Sione Vaki,DET,CAR,RB,DET@CAR,first_td,0.029784825452325452,3257.0,0.14355,0.0328,C,-,car_sh 15.1%; team rush 26.9; opp d_ypc 1.20; inside-10 car 0,1.0,
Sione Vaki,DET,CAR,RB,DET@CAR,last_td,0.029784825452325452,3257.0,0.14355,0.0328,C,-,car_sh 15.1%; team rush 26.9; opp d_ypc 1.20; inside-10 car 0,1.0,
Sione Vaki,DET,CAR,RB,DET@CAR,2plus_td,0.01125,8789.0,0.14355,0.0328,C,-,car_sh 15.1%; team rush 26.9; opp d_ypc 1.20; inside-10 car 0,1.0,
Jameson Williams,DET,CAR,WR,DET@CAR,anytime_td,0.20045,399.0,0.0,0.22155,C,-,tgt_sh 15.9%; team att 34.4; opp DvP 1.09; RZ tgt 1,1.0,
Jameson Williams,DET,CAR,WR,DET@CAR,first_td,0.03671217740592741,2624.0,0.0,0.22155,C,-,tgt_sh 15.9%; team att 34.4; opp DvP 1.09; RZ tgt 1,1.0,
Jameson Williams,DET,CAR,WR,DET@CAR,last_td,0.03671217740592741,2624.0,0.0,0.22155,C,-,tgt_sh 15.9%; team att 34.4; opp DvP 1.09; RZ tgt 1,1.0,
Jameson Williams,DET,CAR,WR,DET@CAR,2plus_td,0.01955,5015.0,0.0,0.22155,C,-,tgt_sh 15.9%; team att 34.4; opp DvP 1.09; RZ tgt 1,1.0,
Brock Wright,DET,CAR,TE,DET@CAR,anytime_td,0.0611,1537.0,0.0,0.06275,C,-,tgt_sh 4.6%; team att 34.4; opp DvP 1.51; RZ tgt 0,1.0,
Brock Wright,DET,CAR,TE,DET@CAR,first_td,0.010324579032079033,9586.0,0.0,0.06275,C,-,tgt_sh 4.6%; team att 34.4; opp DvP 1.51; RZ tgt 0,1.0,
Brock Wright,DET,CAR,TE,DET@CAR,last_td,0.010324579032079033,9586.0,0.0,0.06275,C,-,tgt_sh 4.6%; team att 34.4; opp DvP 1.51; RZ tgt 0,1.0,
Brock Wright,DET,CAR,TE,DET@CAR,2plus_td,0.0016,62400.0,0.0,0.06275,C,-,tgt_sh 4.6%; team att 34.4; opp DvP 1.51; RZ tgt 0,1.0,
Bryce Young,CAR,DET,QB,DET@CAR,anytime_td,0.0944416114227435,959.0,0.09984701682814891,0.0,B,no game designation yet (Full),team att 37.6; ypa 7.75; opp d_ypa 1.06; pass rate 62.9%,0.98,
Bryce Young,CAR,DET,QB,DET@CAR,first_td,0.01677189431906413,5862.0,0.09984701682814891,0.0,B,no game designation yet (Full),team att 37.6; ypa 7.75; opp d_ypa 1.06; pass rate 62.9%,0.98,
Bryce Young,CAR,DET,QB,DET@CAR,last_td,0.01677189431906413,5862.0,0.09984701682814891,0.0,B,no game designation yet (Full),team att 37.6; ypa 7.75; opp d_ypa 1.06; pass rate 62.9%,0.98,
Bryce Young,CAR,DET,QB,DET@CAR,2plus_td,0.005048444671086181,19708.0,0.09984701682814891,0.0,B,no game designation yet (Full),team att 37.6; ypa 7.75; opp d_ypa 1.06; pass rate 62.9%,0.98,
Jalen Coker,CAR,DET,WR,DET@CAR,anytime_td,0.34211511114437543,192.0,0.0,0.4051343462315695,B,Questionable (Limited),tgt_sh 15.6%; team att 37.6; opp DvP 0.90; RZ tgt 5,0.6667342299285288,
Jalen Coker,CAR,DET,WR,DET@CAR,first_td,0.06680391185293513,1397.0,0.0,0.4051343462315695,B,Questionable (Limited),tgt_sh 15.6%; team att 37.6; opp DvP 0.90; RZ tgt 5,0.6667342299285288,
Jalen Coker,CAR,DET,WR,DET@CAR,last_td,0.06680391185293513,1397.0,0.0,0.4051343462315695,B,Questionable (Limited),tgt_sh 15.6%; team att 37.6; opp DvP 0.90; RZ tgt 5,0.6667342299285288,
Jalen Coker,CAR,DET,WR,DET@CAR,2plus_td,0.0573310380959509,1644.0,0.0,0.4051343462315695,B,Questionable (Limited),tgt_sh 15.6%; team att 37.6; opp DvP 0.90; RZ tgt 5,0.6667342299285288,
AJ Dillon,CAR,DET,RB,DET@CAR,anytime_td,0.13075,665.0,0.1229,0.0163,C,-,car_sh 13.1%; team rush 23.9; opp d_ypc 1.02; inside-10 car 0,1.0,
AJ Dillon,CAR,DET,RB,DET@CAR,first_td,0.023269597069597067,4197.0,0.1229,0.0163,C,-,car_sh 13.1%; team rush 23.9; opp d_ypc 1.02; inside-10 car 0,1.0,
AJ Dillon,CAR,DET,RB,DET@CAR,last_td,0.023269597069597067,4197.0,0.1229,0.0163,C,-,car_sh 13.1%; team rush 23.9; opp d_ypc 1.02; inside-10 car 0,1.0,
AJ Dillon,CAR,DET,RB,DET@CAR,2plus_td,0.00795,12479.0,0.1229,0.0163,C,-,car_sh 13.1%; team rush 23.9; opp d_ypc 1.02; inside-10 car 0,1.0,
Mitchell Evans,CAR,DET,TE,DET@CAR,anytime_td,0.1365,633.0,0.0,0.14555,C,-,tgt_sh 4.1%; team att 37.6; opp DvP 1.00; RZ tgt 2,1.0,
Mitchell Evans,CAR,DET,TE,DET@CAR,first_td,0.023763339022089023,4108.0,0.0,0.14555,C,-,tgt_sh 4.1%; team att 37.6; opp DvP 1.00; RZ tgt 2,1.0,
Mitchell Evans,CAR,DET,TE,DET@CAR,last_td,0.023763339022089023,4108.0,0.0,0.14555,C,-,tgt_sh 4.1%; team att 37.6; opp DvP 1.00; RZ tgt 2,1.0,
Mitchell Evans,CAR,DET,TE,DET@CAR,2plus_td,0.00895,11073.0,0.0,0.14555,C,-,tgt_sh 4.1%; team att 37.6; opp DvP 1.00; RZ tgt 2,1.0,
Jimmy Horn Jr.,CAR,DET,WR,DET@CAR,anytime_td,0.0553,1708.0,0.0,0.0568,C,-,tgt_sh 3.3%; team att 37.6; opp DvP 0.90; RZ tgt 0,1.0,
Jimmy Horn Jr.,CAR,DET,WR,DET@CAR,first_td,0.009444770229770229,10488.0,0.0,0.0568,C,-,tgt_sh 3.3%; team att 37.6; opp DvP 0.90; RZ tgt 0,1.0,
Jimmy Horn Jr.,CAR,DET,WR,DET@CAR,last_td,0.009444770229770229,10488.0,0.0,0.0568,C,-,tgt_sh 3.3%; team att 37.6; opp DvP 0.90; RZ tgt 0,1.0,
Jimmy Horn Jr.,CAR,DET,WR,DET@CAR,2plus_td,0.00145,68866.0,0.0,0.0568,C,-,tgt_sh 3.3%; team att 37.6; opp DvP 0.90; RZ tgt 0,1.0,
Chuba Hubbard,CAR,DET,RB,DET@CAR,anytime_td,0.5464112818354031,-120.0,0.5501473374026521,0.21037676278678172,B,no game designation yet (Full),tgt_sh 6.9%; team att 37.6; opp DvP 1.18; RZ tgt 2; car_sh 48.0%; team rush 23.9; opp d_ypc 1.02; inside-10 car 5,0.9508674235277402,
Chuba Hubbard,CAR,DET,RB,DET@CAR,first_td,0.12688633763275942,688.0,0.5501473374026521,0.21037676278678172,B,no game designation yet (Full),tgt_sh 6.9%; team att 37.6; opp DvP 1.18; RZ tgt 2; car_sh 48.0%; team rush 23.9; opp d_ypc 1.02; inside-10 car 5,0.9508674235277402,
Chuba Hubbard,CAR,DET,RB,DET@CAR,last_td,0.12688633763275942,688.0,0.5501473374026521,0.21037676278678172,B,no game designation yet (Full),tgt_sh 6.9%; team att 37.6; opp DvP 1.18; RZ tgt 2; car_sh 48.0%; team rush 23.9; opp d_ypc 1.02; inside-10 car 5,0.9508674235277402,
Chuba Hubbard,CAR,DET,RB,DET@CAR,2plus_td,0.17343717112186907,477.0,0.5501473374026521,0.21037676278678172,B,no game designation yet (Full),tgt_sh 6.9%; team att 37.6; opp DvP 1.18; RZ tgt 2; car_sh 48.0%; team rush 23.9; opp d_ypc 1.02; inside-10 car 5,0.9508674235277402,
Tetairoa McMillan,CAR,DET,WR,DET@CAR,anytime_td,0.4141,141.0,0.0,0.5244,B,-,tgt_sh 20.8%; team att 37.6; opp DvP 0.90; RZ tgt 5,1.0,
Tetairoa McMillan,CAR,DET,WR,DET@CAR,first_td,0.08585085789210789,1065.0,0.0,0.5244,B,-,tgt_sh 20.8%; team att 37.6; opp DvP 0.90; RZ tgt 5,1.0,
Tetairoa McMillan,CAR,DET,WR,DET@CAR,last_td,0.08585085789210789,1065.0,0.0,0.5244,B,-,tgt_sh 20.8%; team att 37.6; opp DvP 0.90; RZ tgt 5,1.0,
Tetairoa McMillan,CAR,DET,WR,DET@CAR,2plus_td,0.0948,955.0,0.0,0.5244,B,-,tgt_sh 20.8%; team att 37.6; opp DvP 0.90; RZ tgt 5,1.0,
John Metchie III,CAR,DET,WR,DET@CAR,anytime_td,0.1258,695.0,0.0,0.13375,C,-,tgt_sh 6.0%; team att 37.6; opp DvP 0.90; RZ tgt 1,1.0,
John Metchie III,CAR,DET,WR,DET@CAR,first_td,0.02192958014208014,4460.0,0.0,0.13375,C,-,tgt_sh 6.0%; team att 37.6; opp DvP 0.90; RZ tgt 1,1.0,
John Metchie III,CAR,DET,WR,DET@CAR,last_td,0.02192958014208014,4460.0,0.0,0.13375,C,-,tgt_sh 6.0%; team att 37.6; opp DvP 0.90; RZ tgt 1,1.0,
John Metchie III,CAR,DET,WR,DET@CAR,2plus_td,0.0075,13233.0,0.0,0.13375,C,-,tgt_sh 6.0%; team att 37.6; opp DvP 0.90; RZ tgt 1,1.0,
David Moore,CAR,DET,WR,DET@CAR,anytime_td,0.0423,2264.0,0.0,0.04315,C,-,w_td 0.02; team TD 2.77,1.0,
David Moore,CAR,DET,WR,DET@CAR,first_td,0.006873645382395381,14448.0,0.0,0.04315,C,-,w_td 0.02; team TD 2.77,1.0,
David Moore,CAR,DET,WR,DET@CAR,last_td,0.006873645382395381,14448.0,0.0,0.04315,C,-,w_td 0.02; team TD 2.77,1.0,
David Moore,CAR,DET,WR,DET@CAR,2plus_td,0.0008,124900.0,0.0,0.04315,C,-,w_td 0.02; team TD 2.77,1.0,
Brycen Tremayne,CAR,DET,WR,DET@CAR,anytime_td,0.05345,1771.0,0.0,0.0547,C,-,tgt_sh 3.2%; team att 37.6; opp DvP 0.90; RZ tgt 0,1.0,
Brycen Tremayne,CAR,DET,WR,DET@CAR,first_td,0.008843568376068376,11208.0,0.0,0.0547,C,-,tgt_sh 3.2%; team att 37.6; opp DvP 0.90; RZ tgt 0,1.0,
Brycen Tremayne,CAR,DET,WR,DET@CAR,last_td,0.008843568376068376,11208.0,0.0,0.0547,C,-,tgt_sh 3.2%; team att 37.6; opp DvP 0.90; RZ tgt 0,1.0,
Brycen Tremayne,CAR,DET,WR,DET@CAR,2plus_td,0.00125,79900.0,0.0,0.0547,C,-,tgt_sh 3.2%; team att 37.6; opp DvP 0.90; RZ tgt 0,1.0,
Tommy Tremble,CAR,DET,TE,DET@CAR,anytime_td,0.1959,410.0,0.0,0.21655,C,-,tgt_sh 9.8%; team att 37.6; opp DvP 1.00; RZ tgt 1,1.0,
Tommy Tremble,CAR,DET,TE,DET@CAR,first_td,0.035482609057609055,2718.0,0.0,0.21655,C,-,tgt_sh 9.8%; team att 37.6; opp DvP 1.00; RZ tgt 1,1.0,
Tommy Tremble,CAR,DET,TE,DET@CAR,last_td,0.035482609057609055,2718.0,0.0,0.21655,C,-,tgt_sh 9.8%; team att 37.6; opp DvP 1.00; RZ tgt 1,1.0,
Tommy Tremble,CAR,DET,TE,DET@CAR,2plus_td,0.01955,5015.0,0.0,0.21655,C,-,tgt_sh 9.8%; team att 37.6; opp DvP 1.00; RZ tgt 1,1.0,
Darren Waller,CAR,DET,TE,DET@CAR,anytime_td,0.27145349759424736,268.0,0.0,0.31264209802781157,C,no game designation yet (Full),tgt_sh 13.3%; team att 37.6; opp DvP 1.00; RZ tgt 2,0.9479829842591244,
Darren Waller,CAR,DET,TE,DET@CAR,first_td,0.05156467283575622,1839.0,0.0,0.31264209802781157,C,no game designation yet (Full),tgt_sh 13.3%; team att 37.6; opp DvP 1.00; RZ tgt 2,0.9479829842591244,
Darren Waller,CAR,DET,TE,DET@CAR,last_td,0.05156467283575622,1839.0,0.0,0.31264209802781157,C,no game designation yet (Full),tgt_sh 13.3%; team att 37.6; opp DvP 1.00; RZ tgt 2,0.9479829842591244,
Darren Waller,CAR,DET,TE,DET@CAR,2plus_td,0.03754031618463491,2564.0,0.0,0.31264209802781157,C,no game designation yet (Full),tgt_sh 13.3%; team att 37.6; opp DvP 1.00; RZ tgt 2,0.9479829842591244,
Michael Penix Jr.,ATL,NO,QB,ATL@NO,anytime_td,0.04025,2384.0,0.0409,0.0,C,-,team att 28.7; ypa 6.85; opp d_ypa 0.97; pass rate 49.7%,1.0,
Michael Penix Jr.,ATL,NO,QB,ATL@NO,first_td,0.00826883658008658,11994.0,0.0409,0.0,C,-,team att 28.7; ypa 6.85; opp d_ypa 0.97; pass rate 49.7%,1.0,
Michael Penix Jr.,ATL,NO,QB,ATL@NO,last_td,0.00826883658008658,11994.0,0.0409,0.0,C,-,team att 28.7; ypa 6.85; opp d_ypa 0.97; pass rate 49.7%,1.0,
Michael Penix Jr.,ATL,NO,QB,ATL@NO,2plus_td,0.0006,166567.0,0.0409,0.0,C,-,team att 28.7; ypa 6.85; opp d_ypa 0.97; pass rate 49.7%,1.0,
Chris Blair,ATL,NO,WR,ATL@NO,anytime_td,0.03275,2953.0,0.0,0.0334,C,-,w_td 0.03; team TD 2.02,1.0,
Chris Blair,ATL,NO,WR,ATL@NO,first_td,0.006671513347763347,14889.0,0.0,0.0334,C,-,w_td 0.03; team TD 2.02,1.0,
Chris Blair,ATL,NO,WR,ATL@NO,last_td,0.006671513347763347,14889.0,0.0,0.0334,C,-,w_td 0.03; team TD 2.02,1.0,
Chris Blair,ATL,NO,WR,ATL@NO,2plus_td,0.00065,153746.0,0.0,0.0334,C,-,w_td 0.03; team TD 2.02,1.0,
Zachariah Branch,ATL,NO,WR,ATL@NO,anytime_td,0.04695,2030.0,0.0,0.04835,C,-,w_td 0.04; team TD 2.02,1.0,
Zachariah Branch,ATL,NO,WR,ATL@NO,first_td,0.009577655122655121,10341.0,0.0,0.04835,C,-,w_td 0.04; team TD 2.02,1.0,
Zachariah Branch,ATL,NO,WR,ATL@NO,last_td,0.009577655122655121,10341.0,0.0,0.04835,C,-,w_td 0.04; team TD 2.02,1.0,
Zachariah Branch,ATL,NO,WR,ATL@NO,2plus_td,0.0014,71329.0,0.0,0.04835,C,-,w_td 0.04; team TD 2.02,1.0,
Jahan Dotson,ATL,NO,WR,ATL@NO,anytime_td,0.1247,702.0,0.0,0.1325,C,-,tgt_sh 11.5%; team att 28.7; opp DvP 1.08; RZ tgt 0,1.0,
Jahan Dotson,ATL,NO,WR,ATL@NO,first_td,0.026753313492063488,3638.0,0.0,0.1325,C,-,tgt_sh 11.5%; team att 28.7; opp DvP 1.08; RZ tgt 0,1.0,
Jahan Dotson,ATL,NO,WR,ATL@NO,last_td,0.026753313492063488,3638.0,0.0,0.1325,C,-,tgt_sh 11.5%; team att 28.7; opp DvP 1.08; RZ tgt 0,1.0,
Jahan Dotson,ATL,NO,WR,ATL@NO,2plus_td,0.00765,12972.0,0.0,0.1325,C,-,tgt_sh 11.5%; team att 28.7; opp DvP 1.08; RZ tgt 0,1.0,
Austin Hooper,ATL,NO,TE,ATL@NO,anytime_td,0.1159,763.0,0.0,0.1236,C,-,tgt_sh 5.9%; team att 28.7; opp DvP 1.08; RZ tgt 1,1.0,
Austin Hooper,ATL,NO,TE,ATL@NO,first_td,0.025004601370851372,3899.0,0.0,0.1236,C,-,tgt_sh 5.9%; team att 28.7; opp DvP 1.08; RZ tgt 1,1.0,
Austin Hooper,ATL,NO,TE,ATL@NO,last_td,0.025004601370851372,3899.0,0.0,0.1236,C,-,tgt_sh 5.9%; team att 28.7; opp DvP 1.08; RZ tgt 1,1.0,
Austin Hooper,ATL,NO,TE,ATL@NO,2plus_td,0.00755,13145.0,0.0,0.1236,C,-,tgt_sh 5.9%; team att 28.7; opp DvP 1.08; RZ tgt 1,1.0,
Drake London,ATL,NO,WR,ATL@NO,anytime_td,0.2715,268.0,0.00725,0.3064,B,-,tgt_sh 26.1%; team att 28.7; opp DvP 1.08; RZ tgt 0,1.0,
Drake London,ATL,NO,WR,ATL@NO,first_td,0.06371663419913419,1469.0,0.00725,0.3064,B,-,tgt_sh 26.1%; team att 28.7; opp DvP 1.08; RZ tgt 0,1.0,
Drake London,ATL,NO,WR,ATL@NO,last_td,0.06371663419913419,1469.0,0.00725,0.3064,B,-,tgt_sh 26.1%; team att 28.7; opp DvP 1.08; RZ tgt 0,1.0,
Drake London,ATL,NO,WR,ATL@NO,2plus_td,0.0385,2497.0,0.00725,0.3064,B,-,tgt_sh 26.1%; team att 28.7; opp DvP 1.08; RZ tgt 0,1.0,
Kyle Pitts,ATL,NO,TE,ATL@NO,anytime_td,0.1585,531.0,0.0,0.1728,C,-,tgt_sh 14.6%; team att 28.7; opp DvP 1.08; RZ tgt 0,1.0,
Kyle Pitts,ATL,NO,TE,ATL@NO,first_td,0.03472480339105339,2780.0,0.0,0.1728,C,-,tgt_sh 14.6%; team att 28.7; opp DvP 1.08; RZ tgt 0,1.0,
Kyle Pitts,ATL,NO,TE,ATL@NO,last_td,0.03472480339105339,2780.0,0.0,0.1728,C,-,tgt_sh 14.6%; team att 28.7; opp DvP 1.08; RZ tgt 0,1.0,
Kyle Pitts,ATL,NO,TE,ATL@NO,2plus_td,0.0136,7253.0,0.0,0.1728,C,-,tgt_sh 14.6%; team att 28.7; opp DvP 1.08; RZ tgt 0,1.0,
Bijan Robinson,ATL,NO,RB,ATL@NO,anytime_td,0.5265,-111.0,0.5084,0.2105,B,-,tgt_sh 20.3%; team att 28.7; opp DvP 0.86; RZ tgt 0; car_sh 53.1%; team rush 31.4; opp d_ypc 1.06; inside-10 car 7,1.0,
Bijan Robinson,ATL,NO,RB,ATL@NO,first_td,0.1481874927849928,575.0,0.5084,0.2105,B,-,tgt_sh 20.3%; team att 28.7; opp DvP 0.86; RZ tgt 0; car_sh 53.1%; team rush 31.4; opp d_ypc 1.06; inside-10 car 7,1.0,
Bijan Robinson,ATL,NO,RB,ATL@NO,last_td,0.1481874927849928,575.0,0.5084,0.2105,B,-,tgt_sh 20.3%; team att 28.7; opp DvP 0.86; RZ tgt 0; car_sh 53.1%; team rush 31.4; opp d_ypc 1.06; inside-10 car 7,1.0,
Bijan Robinson,ATL,NO,RB,ATL@NO,2plus_td,0.15755,535.0,0.5084,0.2105,B,-,tgt_sh 20.3%; team att 28.7; opp DvP 0.86; RZ tgt 0; car_sh 53.1%; team rush 31.4; opp d_ypc 1.06; inside-10 car 7,1.0,
Brian Robinson,ATL,NO,RB,ATL@NO,anytime_td,0.1863,437.0,0.1847,0.02045,B,-,car_sh 23.4%; team rush 31.4; opp d_ypc 1.06; inside-10 car 1,1.0,
Brian Robinson,ATL,NO,RB,ATL@NO,first_td,0.042127794011544005,2274.0,0.1847,0.02045,B,-,car_sh 23.4%; team rush 31.4; opp d_ypc 1.06; inside-10 car 1,1.0,
Brian Robinson,ATL,NO,RB,ATL@NO,last_td,0.042127794011544005,2274.0,0.1847,0.02045,B,-,car_sh 23.4%; team rush 31.4; opp d_ypc 1.06; inside-10 car 1,1.0,
Brian Robinson,ATL,NO,RB,ATL@NO,2plus_td,0.01765,5566.0,0.1847,0.02045,B,-,car_sh 23.4%; team rush 31.4; opp d_ypc 1.06; inside-10 car 1,1.0,
Charlie Woerner,ATL,NO,TE,ATL@NO,anytime_td,0.01645,5979.0,0.0,0.0166,C,-,w_td 0.02; team TD 2.02,1.0,
Charlie Woerner,ATL,NO,TE,ATL@NO,first_td,0.0033712157287157283,29563.0,0.0,0.0166,C,-,w_td 0.02; team TD 2.02,1.0,
Charlie Woerner,ATL,NO,TE,ATL@NO,last_td,0.0033712157287157283,29563.0,0.0,0.0166,C,-,w_td 0.02; team TD 2.02,1.0,
Charlie Woerner,ATL,NO,TE,ATL@NO,2plus_td,0.00015,666567.0,0.0,0.0166,C,-,w_td 0.02; team TD 2.02,1.0,
Olamide Zaccheaus,ATL,NO,WR,ATL@NO,anytime_td,0.104,862.0,0.0,0.10895,C,-,tgt_sh 9.4%; team att 28.7; opp DvP 1.08; RZ tgt 0,1.0,
Olamide Zaccheaus,ATL,NO,WR,ATL@NO,first_td,0.022293023088023087,4386.0,0.0,0.10895,C,-,tgt_sh 9.4%; team att 28.7; opp DvP 1.08; RZ tgt 0,1.0,
Olamide Zaccheaus,ATL,NO,WR,ATL@NO,last_td,0.022293023088023087,4386.0,0.0,0.10895,C,-,tgt_sh 9.4%; team att 28.7; opp DvP 1.08; RZ tgt 0,1.0,
Olamide Zaccheaus,ATL,NO,WR,ATL@NO,2plus_td,0.0048,20733.0,0.0,0.10895,C,-,tgt_sh 9.4%; team att 28.7; opp DvP 1.08; RZ tgt 0,1.0,
Tyler Shough,NO,ATL,QB,ATL@NO,anytime_td,0.1316,660.0,0.1408,0.0,B,-,team att 37.1; ypa 6.65; opp d_ypa 0.94; pass rate 61.0%,1.0,
Tyler Shough,NO,ATL,QB,ATL@NO,first_td,0.0294018759018759,3301.0,0.1408,0.0,B,-,team att 37.1; ypa 6.65; opp d_ypa 0.94; pass rate 61.0%,1.0,
Tyler Shough,NO,ATL,QB,ATL@NO,last_td,0.0294018759018759,3301.0,0.1408,0.0,B,-,team att 37.1; ypa 6.65; opp d_ypa 0.94; pass rate 61.0%,1.0,
Tyler Shough,NO,ATL,QB,ATL@NO,2plus_td,0.00865,11461.0,0.1408,0.0,B,-,team att 37.1; ypa 6.65; opp d_ypa 0.94; pass rate 61.0%,1.0,
Kevin Austin Jr.,NO,ATL,WR,ATL@NO,anytime_td,0.0661,1413.0,0.0,0.06825,C,-,tgt_sh 4.4%; team att 37.1; opp DvP 0.96; RZ tgt 0,1.0,
Kevin Austin Jr.,NO,ATL,WR,ATL@NO,first_td,0.014167490981240979,6958.0,0.0,0.06825,C,-,tgt_sh 4.4%; team att 37.1; opp DvP 0.96; RZ tgt 0,1.0,
Kevin Austin Jr.,NO,ATL,WR,ATL@NO,last_td,0.014167490981240979,6958.0,0.0,0.06825,C,-,tgt_sh 4.4%; team att 37.1; opp DvP 0.96; RZ tgt 0,1.0,
Kevin Austin Jr.,NO,ATL,WR,ATL@NO,2plus_td,0.00215,46412.0,0.0,0.06825,C,-,tgt_sh 4.4%; team att 37.1; opp DvP 0.96; RZ tgt 0,1.0,
Barion Brown,NO,ATL,WR,ATL@NO,anytime_td,0.021648450287765984,4519.0,0.007444954855060985,0.014203495432705,C,no game designation yet (Full),w_td 0.01; team TD 2.61,0.9479829842591244,
Barion Brown,NO,ATL,WR,ATL@NO,first_td,0.0046551558748612444,21382.0,0.007444954855060985,0.014203495432705,C,no game designation yet (Full),w_td 0.01; team TD 2.61,0.9479829842591244,
Barion Brown,NO,ATL,WR,ATL@NO,last_td,0.0046551558748612444,21382.0,0.007444954855060985,0.014203495432705,C,no game designation yet (Full),w_td 0.01; team TD 2.61,0.9479829842591244,
Barion Brown,NO,ATL,WR,ATL@NO,2plus_td,0.0,,0.007444954855060985,0.014203495432705,C,no game designation yet (Full),w_td 0.01; team TD 2.61,0.9479829842591244,
Oscar Delp,NO,ATL,TE,ATL@NO,anytime_td,0.02855,3403.0,0.0,0.029,C,-,w_td 0.02; team TD 2.61,1.0,
Oscar Delp,NO,ATL,TE,ATL@NO,first_td,0.005917229437229437,16800.0,0.0,0.029,C,-,w_td 0.02; team TD 2.61,1.0,
Oscar Delp,NO,ATL,TE,ATL@NO,last_td,0.005917229437229437,16800.0,0.0,0.029,C,-,w_td 0.02; team TD 2.61,1.0,
Oscar Delp,NO,ATL,TE,ATL@NO,2plus_td,0.00045,222122.0,0.0,0.029,C,-,w_td 0.02; team TD 2.61,1.0,
CJ Donaldson,NO,ATL,RB,ATL@NO,anytime_td,0.07635,1210.0,0.05595,0.0234,C,-,w_td 0.07; team TD 2.61,1.0,
CJ Donaldson,NO,ATL,RB,ATL@NO,first_td,0.016474363275613274,5970.0,0.05595,0.0234,C,-,w_td 0.07; team TD 2.61,1.0,
CJ Donaldson,NO,ATL,RB,ATL@NO,last_td,0.016474363275613274,5970.0,0.05595,0.0234,C,-,w_td 0.07; team TD 2.61,1.0,
CJ Donaldson,NO,ATL,RB,ATL@NO,2plus_td,0.003,33233.0,0.05595,0.0234,C,-,w_td 0.07; team TD 2.61,1.0,
Noah Fant,NO,ATL,TE,ATL@NO,anytime_td,0.20557438794726932,386.0,0.0,0.22877589453860642,C,Questionable (Limited),tgt_sh 7.1%; team att 37.1; opp DvP 1.19; RZ tgt 3,0.6667342299285288,
Noah Fant,NO,ATL,TE,ATL@NO,first_td,0.047123799197245526,2022.0,0.0,0.22877589453860642,C,Questionable (Limited),tgt_sh 7.1%; team att 37.1; opp DvP 1.19; RZ tgt 3,0.6667342299285288,
Noah Fant,NO,ATL,TE,ATL@NO,last_td,0.047123799197245526,2022.0,0.0,0.22877589453860642,C,Questionable (Limited),tgt_sh 7.1%; team att 37.1; opp DvP 1.19; RZ tgt 3,0.6667342299285288,
Noah Fant,NO,ATL,TE,ATL@NO,2plus_td,0.02169491525423729,4509.0,0.0,0.22877589453860642,C,Questionable (Limited),tgt_sh 7.1%; team att 37.1; opp DvP 1.19; RZ tgt 3,0.6667342299285288,
Juwan Johnson,NO,ATL,TE,ATL@NO,anytime_td,0.40435,147.0,0.0,0.50845,B,-,tgt_sh 17.0%; team att 37.1; opp DvP 1.19; RZ tgt 6,1.0,
Juwan Johnson,NO,ATL,TE,ATL@NO,first_td,0.10349507034632034,866.0,0.0,0.50845,B,-,tgt_sh 17.0%; team att 37.1; opp DvP 1.19; RZ tgt 6,1.0,
Juwan Johnson,NO,ATL,TE,ATL@NO,last_td,0.10349507034632034,866.0,0.0,0.50845,B,-,tgt_sh 17.0%; team att 37.1; opp DvP 1.19; RZ tgt 6,1.0,
Juwan Johnson,NO,ATL,TE,ATL@NO,2plus_td,0.09055,1004.0,0.0,0.50845,B,-,tgt_sh 17.0%; team att 37.1; opp DvP 1.19; RZ tgt 6,1.0,
Alvin Kamara,NO,ATL,RB,ATL@NO,anytime_td,0.3505,185.0,0.20635,0.21605,B,-,tgt_sh 10.3%; team att 37.1; opp DvP 1.11; RZ tgt 1; car_sh 26.3%; team rush 25.1; opp d_ypc 0.87; inside-10 car 0,1.0,
Alvin Kamara,NO,ATL,RB,ATL@NO,first_td,0.0876442821067821,1041.0,0.20635,0.21605,B,-,tgt_sh 10.3%; team att 37.1; opp DvP 1.11; RZ tgt 1; car_sh 26.3%; team rush 25.1; opp d_ypc 0.87; inside-10 car 0,1.0,
Alvin Kamara,NO,ATL,RB,ATL@NO,last_td,0.0876442821067821,1041.0,0.20635,0.21605,B,-,tgt_sh 10.3%; team att 37.1; opp DvP 1.11; RZ tgt 1; car_sh 26.3%; team rush 25.1; opp d_ypc 0.87; inside-10 car 0,1.0,
Alvin Kamara,NO,ATL,RB,ATL@NO,2plus_td,0.06235,1504.0,0.20635,0.21605,B,-,tgt_sh 10.3%; team att 37.1; opp DvP 1.11; RZ tgt 1; car_sh 26.3%; team rush 25.1; opp d_ypc 0.87; inside-10 car 0,1.0,
Bryce Lance,NO,ATL,WR,ATL@NO,anytime_td,0.06945,1340.0,0.0,0.0717,C,-,tgt_sh 4.5%; team att 37.1; opp DvP 0.96; RZ tgt 0,1.0,
Bryce Lance,NO,ATL,WR,ATL@NO,first_td,0.014955692640692641,6586.0,0.0,0.0717,C,-,tgt_sh 4.5%; team att 37.1; opp DvP 0.96; RZ tgt 0,1.0,
Bryce Lance,NO,ATL,WR,ATL@NO,last_td,0.014955692640692641,6586.0,0.0,0.0717,C,-,tgt_sh 4.5%; team att 37.1; opp DvP 0.96; RZ tgt 0,1.0,
Bryce Lance,NO,ATL,WR,ATL@NO,2plus_td,0.0022,45355.0,0.0,0.0717,C,-,tgt_sh 4.5%; team att 37.1; opp DvP 0.96; RZ tgt 0,1.0,
Kendre Miller,NO,ATL,RB,ATL@NO,anytime_td,0.2045,389.0,0.18055,0.0455,C,-,tgt_sh 2.6%; team att 37.1; opp DvP 1.11; RZ tgt 0; car_sh 17.3%; team rush 25.1; opp d_ypc 0.87; inside-10 car 2,1.0,
Kendre Miller,NO,ATL,RB,ATL@NO,first_td,0.04720532467532468,2018.0,0.18055,0.0455,C,-,tgt_sh 2.6%; team att 37.1; opp DvP 1.11; RZ tgt 0; car_sh 17.3%; team rush 25.1; opp d_ypc 0.87; inside-10 car 2,1.0,
Kendre Miller,NO,ATL,RB,ATL@NO,last_td,0.04720532467532468,2018.0,0.18055,0.0455,C,-,tgt_sh 2.6%; team att 37.1; opp DvP 1.11; RZ tgt 0; car_sh 17.3%; team rush 25.1; opp d_ypc 0.87; inside-10 car 2,1.0,
Kendre Miller,NO,ATL,RB,ATL@NO,2plus_td,0.02,4900.0,0.18055,0.0455,C,-,tgt_sh 2.6%; team att 37.1; opp DvP 1.11; RZ tgt 0; car_sh 17.3%; team rush 25.1; opp d_ypc 0.87; inside-10 car 2,1.0,
Chris Olave,NO,ATL,WR,ATL@NO,anytime_td,0.4338,131.0,0.0,0.55885,B,-,tgt_sh 26.6%; team att 37.1; opp DvP 0.96; RZ tgt 4,1.0,
Chris Olave,NO,ATL,WR,ATL@NO,first_td,0.11482560786435786,771.0,0.0,0.55885,B,-,tgt_sh 26.6%; team att 37.1; opp DvP 0.96; RZ tgt 4,1.0,
Chris Olave,NO,ATL,WR,ATL@NO,last_td,0.11482560786435786,771.0,0.0,0.55885,B,-,tgt_sh 26.6%; team att 37.1; opp DvP 0.96; RZ tgt 4,1.0,
Chris Olave,NO,ATL,WR,ATL@NO,2plus_td,0.10665,838.0,0.0,0.55885,B,-,tgt_sh 26.6%; team att 37.1; opp DvP 0.96; RZ tgt 4,1.0,
Devaughn Vele,NO,ATL,WR,ATL@NO,anytime_td,0.2618,282.0,0.0,0.30075,B,-,tgt_sh 13.0%; team att 37.1; opp DvP 0.96; RZ tgt 3,1.0,
Devaughn Vele,NO,ATL,WR,ATL@NO,first_td,0.06234789682539682,1504.0,0.0,0.30075,B,-,tgt_sh 13.0%; team att 37.1; opp DvP 0.96; RZ tgt 3,1.0,
Devaughn Vele,NO,ATL,WR,ATL@NO,last_td,0.06234789682539682,1504.0,0.0,0.30075,B,-,tgt_sh 13.0%; team att 37.1; opp DvP 0.96; RZ tgt 3,1.0,
Devaughn Vele,NO,ATL,WR,ATL@NO,2plus_td,0.03605,2674.0,0.0,0.30075,B,-,tgt_sh 13.0%; team att 37.1; opp DvP 0.96; RZ tgt 3,1.0,
