player,pos,team,opp,game,played,p_active,status,proxy,pass_cmp_mean,pass_cmp_p25,pass_cmp_p75,pass_cmp_conf,pass_yds_mean,pass_yds_p25,pass_yds_p75,pass_yds_conf,pass_td_mean,pass_td_p25,pass_td_p75,pass_td_conf,rush_td_mean,any_td_pct,exp_td,td_conf,rush_yds_mean,rush_yds_p25,rush_yds_p75,rush_yds_conf,rec_yds_mean,rec_yds_p25,rec_yds_p75,rec_yds_conf,rec_mean,rec_p25,rec_p75,rec_conf,rec_td_mean,rush_att_mean,tgt_mean,car_sh,tgt_sh,any_td_pct_wt
Jalon Daniels,QB,TB,DAL,TB@DAL,False,1.0,,False,22.8562,20.0,26.0,63.0,250.69856615711916,192.14319232996735,298.3612287598398,58.0,1.11635,0.0,2.0,17.0,0.0937,0.0891,0.0937,30,,,,,,,,,,,,,,,,,,0.0891
Payne Durham,TE,TB,DAL,TB@DAL,False,1.0,,False,,,,,,,,,,,,,0.0,0.0084,0.0084,1,0.0,0.0,0.0,61.0,2.4901662316933906,0.0,0.0,61.0,0.23945,0.0,0.0,61.0,0.0084,0.0,0.3472,0.003287353969414842,0.009318311268794476,0.0084
Emeka Egbuka,WR,TB,DAL,TB@DAL,False,1.0,,False,,,,,,,,,,,,,0.0052,0.20585,0.22755,52,0.9110212439332085,0.0,0.0,93.0,54.22911657139857,27.05819466563364,74.00308105468963,67.0,4.14175,3.0,5.0,78.0,0.22235,0.19205,6.8975,0.007670492595301297,0.20209923074861524,0.20585
Kenny Gainwell,RB,TB,DAL,TB@DAL,False,1.0,,False,,,,,,,,,,,,,0.0963,0.20505,0.22625,45,15.9554717141282,5.286541886624117,21.966199504080564,50.0,17.989009891652564,5.830964720461223,26.055721671744415,47.0,2.38595,1.0,3.0,56.0,0.12995,3.68245,3.13255,0.14945060347026437,0.09088058916832992,0.20505
Chris Godwin Jr.,WR,TB,DAL,TB@DAL,False,1.0,,False,,,,,,,,,,,,,0.00815,0.1214,0.12915,27,1.5556787481645227,0.0,0.0,84.0,38.08717787866716,16.987259855190658,53.082927842687475,56.0,3.41225,2.0,5.0,58.0,0.121,0.3218,5.1894,0.013149415877659368,0.15223889395602858,0.1214
Ted Hurst III,WR,TB,DAL,TB@DAL,False,1.0,,False,,,,,,,,,,,,,0.0,0.12785,0.1356,35,0.0,0.0,0.0,82.0,35.13797667965811,12.642538585831389,50.6271729695805,49.0,2.55115,1.0,4.0,46.0,0.1356,0.0,4.0999,0.003287353969414842,0.12114458694794951,0.12785
Bucky Irving,RB,TB,DAL,TB@DAL,False,1.0,,False,,,,,,,,,,,,,0.36635,0.4199,0.52855,81,62.47718237981058,40.994575872876126,79.1621952019928,76.0,22.244455093807833,8.40282549485392,31.93459265409245,62.0,2.81705,1.0,4.0,62.0,0.1622,13.0451,3.6292,0.5290940125963268,0.10557880874949259,0.4199
Kameron Johnson,WR,TB,DAL,TB@DAL,False,1.0,,False,,,,,,,,,,,,,0.0,0.0153,0.01535,3,0.0,0.0,0.0,63.0,5.233254856439725,0.0,5.477292599740055,31.0,0.4083,0.0,1.0,3.0,0.01535,0.0,0.6463,0.003287353969414842,0.018780290334762667,0.0153
Tez Johnson,WR,TB,DAL,TB@DAL,False,1.0,,False,,,,,,,,,,,,,0.00875,0.09815,0.1026,24,1.4925575318449649,0.0,0.0,72.0,19.113974548168063,0.0,29.192948126335022,26.0,1.4326,0.0,2.0,30.0,0.09385,0.30615,2.3127,0.012301066466197472,0.06821727053543897,0.09815
Ko Kieft,TE,TB,DAL,TB@DAL,False,0.9479829842591244,Full,False,,,,,,,,,,,,,0.0,0.00585257829800696,0.00585257829800696,1,0.0,0.0,0.0,57.0,1.6566090040052164,0.0,0.0,57.0,0.1578614362543499,0.0,0.0,57.0,0.00585257829800696,0.0,0.22672150163450386,0.0038352462976506485,0.005904605486318371,0.005548144640554825
Cade Otton,TE,TB,DAL,TB@DAL,False,1.0,,False,,,,,,,,,,,,,0.0,0.1876,0.20535,45,0.0,0.0,0.0,91.0,50.07517684879934,26.70786269936866,67.47062563033835,67.0,4.81285,3.0,6.0,73.0,0.20535,0.0,6.96365,0.003287353969414842,0.184557216811812,0.1876
Bauer Sharp,TE,TB,DAL,TB@DAL,False,1.0,,False,,,,,,,,,,,,,0.0,0.00365,0.00365,1,0.0,0.0,0.0,60.0,1.0964803037706605,0.0,0.0,60.0,0.1017,0.0,0.0,60.0,0.00365,0.0,0.1471,0.003287353969414842,0.0038560688890242425,0.00365
Sean Tucker,RB,TB,DAL,TB@DAL,False,1.0,,False,,,,,,,,,,,,,0.0625,0.067,0.06875,18,6.267865182207925,0.0,8.642960094628553,20.0,1.7485222898228556,0.0,0.0,62.0,0.2205,0.0,0.0,62.0,0.00625,1.3434,0.2889,0.05437529994803188,0.008240622121029903,0.067
Josh Williams,RB,TB,DAL,TB@DAL,False,1.0,,False,,,,,,,,,,,,,0.0,0.00335,0.00335,1,0.0,0.0,0.0,60.0,0.8450059105997608,0.0,0.0,60.0,0.109,0.0,0.0,60.0,0.00335,0.0,0.146,0.0037781466713654385,0.004279524024042941,0.00335
Dak Prescott,QB,DAL,TB,TB@DAL,False,1.0,,False,22.2941,19.0,25.0,92.0,228.9227161953239,172.56209848558618,273.73199091108194,87.0,1.9127,1.0,3.0,69.0,0.12415,0.11685,0.12415,62,,,,,,,,,,,,,,,,,,0.11685
Emari Demercado,RB,DAL,TB,TB@DAL,False,1.0,,False,,,,,,,,,,,,,0.11145,0.12865,0.1366,9,12.79735041660705,3.4398408536085237,17.430914099072794,30.0,2.873953429267338,0.0,2.978328709293386,32.0,0.41955,0.0,1.0,3.0,0.02515,3.16025,0.5439,0.12353996795378273,0.015791255399411376,0.12865
Jake Ferguson,TE,DAL,TB,TB@DAL,False,1.0,,False,,,,,,,,,,,,,0.0,0.26155,0.3003,48,0.0,0.0,0.0,84.0,27.68870287477119,11.733062390148152,38.46856253578062,55.0,3.2912,2.0,4.0,66.0,0.3003,0.0,4.4193,0.003240218807938776,0.12569182489849864,0.26155
Ryan Flournoy,WR,DAL,TB,TB@DAL,False,1.0,,False,,,,,,,,,,,,,0.0,0.2905,0.3394,68,0.0,0.0,0.0,97.0,31.689167297783715,13.210330906944579,44.77151782371367,67.0,3.1612,2.0,4.0,78.0,0.3394,0.0,4.763,0.003240218807938776,0.1344436003442413,0.2905
Tyler Goodson,RB,DAL,TB,TB@DAL,False,0.9508674235277402,Full,False,,,,,,,,,,,,,0.13300414981352104,0.15154698744550088,0.1629458423070862,13,14.33612111047386,4.448564658682077,19.239908443158562,34.0,3.7981790103441098,0.0,5.285914420220469,24.0,0.5624310553133371,0.0,1.0,13.0,0.029941692493565163,3.754635709407995,0.7200189105426276,0.14611655240725888,0.021125895223643984,0.14410109349569422
CeeDee Lamb,WR,DAL,TB,TB@DAL,False,0.9479829842591244,Full,False,,,,,,,,,,,,,0.010941034138130556,0.43243385408447743,0.5477355215401609,73,1.3501450320664221,0.0,0.0,95.0,77.67822806275312,45.14704480861438,101.5492663181692,74.0,6.274262269212561,4.0,8.0,77.0,0.5367944874020304,0.35484719372994583,9.062542738414603,0.013560915751743766,0.2609931179496327,0.40993993548967766
Hunter Luepke,RB,DAL,TB,TB@DAL,False,1.0,,False,,,,,,,,,,,,,0.0272,0.04585,0.0467,3,2.9944915011686453,0.0,3.3556642498316034,29.0,2.4113741446301216,0.0,1.4395633930070808,45.0,0.3551,0.0,1.0,3.0,0.0195,0.7618,0.4565,0.029764246203682,0.013164480316647386,0.04585
Jonathan Mingo,WR,DAL,TB,TB@DAL,False,0.4981574884199691,Questionable; DNP,False,,,,,,,,,,,,,0.0,0.028943415122684026,0.02954431647471207,3,0.0,0.0,0.0,32.0,5.53328408689581,0.0,7.099013330118953,13.0,0.48062093139709566,0.0,1.0,2.0,0.02954431647471207,0.0,0.7394091136705058,0.003240218807938776,0.022145294618225557,0.014418378983812825
George Pickens,WR,DAL,TB,TB@DAL,False,1.0,,False,,,,,,,,,,,,,0.0,0.32135,0.38145,60,0.0,0.0,0.0,97.0,59.23682332562838,30.874599503068236,80.43824564224539,75.0,4.79845,3.0,6.0,81.0,0.38145,0.0,7.2121,0.003240218807938776,0.20243366466953672,0.32135
Luke Schoonmaker,TE,DAL,TB,TB@DAL,False,1.0,,False,,,,,,,,,,,,,0.0,0.03195,0.0323,4,0.0,0.0,0.0,63.0,5.123376563560086,0.0,7.0287743573059815,22.0,0.55325,0.0,1.0,9.0,0.0323,0.0,0.79725,0.003240218807938776,0.02232006296428136,0.03195
Brevyn Spann-Ford,TE,DAL,TB,TB@DAL,False,1.0,,False,,,,,,,,,,,,,0.0,0.04365,0.04455,7,0.0,0.0,0.0,66.0,7.558592286205203,0.0,11.570898069159703,20.0,0.81215,0.0,1.0,29.0,0.04455,0.0,1.1314,0.003240218807938776,0.0319694367618813,0.04365
KaVontae Turpin,WR,DAL,TB,TB@DAL,False,1.0,,False,,,,,,,,,,,,,0.03025,0.1099,0.11695,22,1.2012406484177847,0.0,0.0,65.0,12.118011389402119,0.0,18.474155499296987,19.0,0.97345,0.0,2.0,5.0,0.0867,0.30245,1.4645,0.011983666384916422,0.04116689372648019,0.1099
Javonte Williams,RB,DAL,TB,TB@DAL,False,1.0,,False,,,,,,,,,,,,,0.79385,0.6613,1.019,85,53.35004350361761,32.73935999493756,68.46429140325164,80.0,16.563349280070728,6.214324125262769,23.617201602801167,68.0,2.8027,1.0,4.0,68.0,0.22515,14.5108,3.6673,0.5633079993770369,0.10518415146505598,0.6613
Jalen Hurts,QB,PHI,JAX,PHI@JAX,False,1.0,,False,18.7808,16.0,21.0,92.0,220.66367659407538,167.3274259553352,263.70772765210614,87.0,1.11795,0.0,2.0,46.0,0.16115,0.14955,0.16115,62,,,,,,,,,,,,,,,,,,0.14955
Saquon Barkley,RB,PHI,JAX,PHI@JAX,False,1.0,,False,,,,,,,,,,,,,0.26825,0.2819,0.3265,64,61.99736315621282,40.74175641526443,78.04795067070381,75.0,11.650105698347932,0.0,17.554533123485932,48.0,1.5254,0.0,2.0,54.0,0.05825,14.9566,2.14195,0.43262906816732555,0.06458804284306881,0.2819
Marquise Brown,WR,PHI,JAX,PHI@JAX,False,1.0,,False,,,,,,,,,,,,,0.0098,0.0589,0.0602,1,2.376779278635319,0.0,2.1022794744115387,33.0,14.050266273553515,0.0,21.831949855951517,13.0,1.0768,0.0,2.0,4.0,0.0504,0.6122,1.77595,0.01764017293992938,0.05272041830836792,0.0589
Darius Cooper,WR,PHI,JAX,PHI@JAX,False,1.0,,False,,,,,,,,,,,,,0.0,0.1272,0.1347,40,0.0,0.0,0.0,76.0,12.806608760678053,0.0,19.76634278801366,30.0,0.9773,0.0,2.0,16.0,0.1347,0.0,1.61585,0.003269221239832472,0.048662373019196126,0.1272
Britain Covey,WR,PHI,JAX,PHI@JAX,False,1.0,,False,,,,,,,,,,,,,0.0,0.00555,0.0056,1,0.0,0.0,0.0,60.0,1.6926817448670273,0.0,0.0,60.0,0.12865,0.0,0.0,60.0,0.0056,0.0,0.2083,0.003269221239832472,0.006044617612485444,0.00555
Zach Ertz,TE,PHI,JAX,PHI@JAX,False,1.0,,False,,,,,,,,,,,,,0.0,0.1136,0.11965,14,0.0,0.0,0.0,68.0,25.217987214927973,8.406056358162141,36.67843557067774,34.0,2.38715,1.0,3.0,43.0,0.11965,0.0,3.63855,0.004576909735765461,0.11998560182124589,0.1136
Dallas Goedert,TE,PHI,JAX,PHI@JAX,False,1.0,,False,,,,,,,,,,,,,0.0,0.15155,0.16315,21,0.0,0.0,0.0,69.0,31.186605503510986,12.4517581225485,44.076217961500056,39.0,2.88145,2.0,4.0,49.0,0.16315,0.0,4.3147,0.004576909735765461,0.14248100154575033,0.15155
E.J. Jenkins,TE,PHI,JAX,PHI@JAX,False,1.0,,False,,,,,,,,,,,,,0.0,0.00195,0.00195,1,0.0,0.0,0.0,60.0,0.6091394456950584,0.0,0.0,60.0,0.05655,0.0,0.0,60.0,0.00195,0.0,0.0868,0.003269221239832472,0.002908121407983334,0.00195
Makai Lemon,WR,PHI,JAX,PHI@JAX,False,1.0,,False,,,,,,,,,,,,,0.00365,0.11155,0.1188,26,0.8890185985283311,0.0,0.0,84.0,28.6556677253677,10.144821784607895,41.15601961029613,52.0,2.46715,1.0,3.0,60.0,0.11515,0.228,4.05215,0.00667466003132463,0.12135280513193081,0.11155
Johnny Mundt,TE,PHI,JAX,PHI@JAX,False,1.0,,False,,,,,,,,,,,,,0.0,0.02085,0.0211,7,0.0,0.0,0.0,66.0,5.273365966850526,0.0,7.1753241668055985,26.0,0.50635,0.0,1.0,7.0,0.0211,0.0,0.7666,0.003269221239832472,0.025509007502868688,0.02085
Will Shipley,RB,PHI,JAX,PHI@JAX,False,1.0,,False,,,,,,,,,,,,,0.0884,0.11245,0.1183,58,13.14513071923716,3.7153304702157968,17.52818321587396,46.0,6.437735363664845,0.0,9.936819124123863,32.0,0.8224,0.0,1.0,42.0,0.0299,3.55555,1.1511,0.10242081262595748,0.03475311081167535,0.11245
DeVonta Smith,WR,PHI,JAX,PHI@JAX,False,1.0,,False,,,,,,,,,,,,,0.0,0.22925,0.2564,55,0.0,0.0,0.0,97.0,60.76999979039705,32.19620537995294,81.77102967774964,76.0,4.5737,3.0,6.0,80.0,0.2564,0.0,7.36865,0.0038140914464712176,0.2196699014943888,0.22925
Dontayvion Wicks,WR,PHI,JAX,PHI@JAX,False,1.0,,False,,,,,,,,,,,,,0.0,0.19475,0.2158,57,0.0,0.0,0.0,92.0,38.07071154654897,14.616234754752044,54.13616242164739,61.0,2.70875,1.0,4.0,59.0,0.2158,0.0,4.49615,0.003269221239832472,0.13463464780074746,0.19475
Trevor Lawrence,QB,JAX,PHI,PHI@JAX,False,1.0,,False,17.9963,15.0,21.0,90.0,201.40814212322522,150.69241067297926,242.7755577237865,86.0,1.44065,1.0,2.0,79.0,0.09925,0.09565,0.09925,62,,,,,,,,,,,,,,,,,,0.09565
Ameer Abdullah,RB,JAX,PHI,PHI@JAX,False,1.0,,False,,,,,,,,,,,,,0.06,0.11285,0.11885,17,8.778829888806902,0.6880037884849204,12.072378523101285,32.0,4.744210813624258,0.0,7.065593965652433,26.0,0.6639,0.0,1.0,25.0,0.05885,2.02265,0.8816,0.06508261724990548,0.031296401557482964,0.11285
LeQuint Allen Jr.,RB,JAX,PHI,PHI@JAX,False,0.9508674235277402,Full,False,,,,,,,,,,,,,0.010540184453227932,0.061343873517786564,0.06361001317523057,9,1.3987794029337641,0.0,0.0,61.0,3.6697673707721297,0.0,4.997498880797328,22.0,0.5129907773386034,0.0,1.0,5.0,0.05306982872200264,0.32922266139657447,0.6813702239789197,0.010772790204745926,0.023793769772415523,0.05832989096106928
Nate Boerkircher,TE,JAX,PHI,PHI@JAX,False,1.0,,False,,,,,,,,,,,,,0.0,0.0612,0.063,13,0.0,0.0,0.0,66.0,7.0160739993440195,0.0,10.627999064897185,21.0,0.7179,0.0,1.0,25.0,0.063,0.0,1.0513,0.0033053015952202052,0.03738291875188893,0.0612
Josh Cameron,WR,JAX,PHI,PHI@JAX,False,1.0,,False,,,,,,,,,,,,,0.0,0.1162,0.12335,22,0.0,0.0,0.0,70.0,14.121878728930541,0.0,21.724531272827374,23.0,1.13585,0.0,2.0,17.0,0.12335,0.0,1.7591,0.0033053015952202052,0.05783646588478995,0.1162
Jakobi Meyers,WR,JAX,PHI,PHI@JAX,False,0.9479829842591244,Full,False,,,,,,,,,,,,,0.006070844111281212,0.2556089320593359,0.29087261785356067,41,0.8656504436274671,0.0,0.0,80.0,41.66338674232459,19.358088429243764,57.44226022240165,54.0,3.582061975399884,2.0,5.0,56.0,0.2848017737422795,0.20962888665997995,5.435464287599641,0.006748324090241252,0.1803647262275648,0.24231291821689702
Quintin Morris,TE,JAX,PHI,PHI@JAX,False,1.0,,False,,,,,,,,,,,,,0.0,0.0249,0.02525,4,0.0,0.0,0.0,63.0,4.34901599983351,0.0,5.213649868013727,27.0,0.45115,0.0,1.0,3.0,0.02525,0.0,0.65245,0.0033053015952202052,0.02305625794337751,0.0249
Chris Rodriguez Jr.,RB,JAX,PHI,PHI@JAX,False,1.0,,False,,,,,,,,,,,,,0.32725,0.2853,0.33195,52,32.28901796267663,16.232280143862333,43.13570400568658,52.0,0.6896263291834216,0.0,0.0,77.0,0.0974,0.0,0.0,77.0,0.0047,7.42145,0.12865,0.237229681979755,0.004562918953128341,0.2853
Brenton Strange,TE,JAX,PHI,PHI@JAX,False,1.0,,False,,,,,,,,,,,,,0.0,0.2227,0.2498,43,0.0,0.0,0.0,89.0,38.86118999175844,18.345274512778452,53.73063267145968,61.0,3.82075,2.0,5.0,65.0,0.2498,0.0,5.4186,0.0033053015952202052,0.1920058349909452,0.2227
Brian Thomas Jr.,WR,JAX,PHI,PHI@JAX,False,1.0,,False,,,,,,,,,,,,,0.0,0.19315,0.21115,30,0.0,0.0,0.0,82.0,36.82159863803832,14.793593168038752,51.693836744400805,52.0,2.91465,2.0,4.0,62.0,0.21115,0.0,4.81465,0.0033053015952202052,0.15772406346721526,0.19315
Bhayshul Tuten,RB,JAX,PHI,PHI@JAX,False,1.0,,False,,,,,,,,,,,,,0.54545,0.47815,0.6336,85,65.53651183915365,43.21933980658393,82.63876612347227,82.0,9.132899370276892,0.0,13.949788128642414,54.0,1.26915,0.0,2.0,53.0,0.08815,14.6073,1.6739,0.4677057200951923,0.057852987238084366,0.47815
Parker Washington,WR,JAX,PHI,PHI@JAX,False,1.0,,False,,,,,,,,,,,,,0.0068,0.31,0.36245,66,1.0370265550230064,0.0,0.0,97.0,55.54367386272309,28.06775860275621,75.09909828922704,75.0,4.17265,3.0,5.0,86.0,0.35565,0.2334,6.6972,0.007385920848578482,0.2195184884027325,0.31
Caleb Williams,QB,CHI,GB,CHI@GB,False,0.98,DNP,False,18.736069334692836,16.0,21.0,71.0,203.70062028603357,153.12657061634792,243.73898620036687,66.0,1.0851389242926333,0.0,2.0,25.0,0.29584501656895235,0.24914606168748407,0.29584501656895235,39,,,,,,,,,,,,,,,,,,0.24416314045373438
Luther Burden III,WR,CHI,GB,CHI@GB,False,1.0,,False,,,,,,,,,,,,,0.0188,0.2435,0.2766,82,2.793991309135945,0.0,1.9734030574007178,79.0,48.55544496581905,24.37139168044267,66.34882223344407,74.0,4.1578,3.0,5.0,85.0,0.2578,0.62125,6.16925,0.010494882669346561,0.19078742471437515,0.2435
Kaden Davis,WR,CHI,GB,CHI@GB,False,1.0,,False,,,,,,,,,,,,,0.0,0.0091,0.0091,1,0.0,0.0,0.0,60.0,2.280510470354424,0.0,0.0,60.0,0.19625,0.0,0.0,60.0,0.0091,0.0,0.3079,0.005363341994079816,0.009573433962276123,0.0091
Roschon Johnson,RB,CHI,GB,CHI@GB,False,1.0,,False,,,,,,,,,,,,,0.06835,0.0893,0.09405,21,6.308474346057872,0.0,8.149850579333519,25.0,1.9582719832762705,0.0,0.0,64.0,0.2822,0.0,0.0,64.0,0.0257,1.4133,0.36595,0.02354508875885919,0.011284707157814879,0.0893
Cole Kmet,TE,CHI,GB,CHI@GB,False,1.0,,False,,,,,,,,,,,,,0.0,0.05455,0.0559,12,0.0,0.0,0.0,71.0,14.179964917193944,0.0,21.601654009885344,25.0,1.44185,0.0,2.0,30.0,0.0559,0.0,2.132,0.003064766853759895,0.07042647932975149,0.05455
Colston Loveland,TE,CHI,GB,CHI@GB,False,1.0,,False,,,,,,,,,,,,,0.0,0.20005,0.2209,65,0.0,0.0,0.0,89.0,33.134586266183106,14.860318270442113,46.189659467747624,60.0,3.4095,2.0,5.0,62.0,0.2209,0.0,4.9147,0.003064766853759895,0.16126204877221192,0.20005
Kyle Monangai,RB,CHI,GB,CHI@GB,False,0.5949864089398973,DNP,False,,,,,,,,,,,,,0.6116890806055992,0.489723420451662,0.6686966083058445,52,66.64339988930848,38.074561865528246,88.34976886751059,46.0,7.405612822939823,0.0,11.481146930143169,32.0,1.062505286306352,0.0,2.0,26.0,0.05700752770024529,12.882263384927683,1.4714539456990612,0.28303593843613295,0.04656533559162238,0.2913787793082978
Rome Odunze,WR,CHI,GB,CHI@GB,False,1.0,,False,,,,,,,,,,,,,0.0,0.1822,0.19755,46,0.0,0.0,0.0,92.0,51.79607483750411,24.72758595830155,71.24918001751453,65.0,3.77245,2.0,5.0,68.0,0.19755,0.0,6.1386,0.003064766853759895,0.19009910417067508,0.1822
Kalif Raymond,WR,CHI,GB,CHI@GB,False,1.0,,False,,,,,,,,,,,,,0.0,0.1785,0.19455,62,0.0,0.0,0.0,97.0,37.26415029637567,16.79197251833548,51.68881050349376,69.0,3.4533,2.0,5.0,71.0,0.19455,0.0,4.98105,0.003064766853759895,0.15331887716269374,0.1785
Sam Roush,TE,CHI,GB,CHI@GB,False,1.0,,False,,,,,,,,,,,,,0.0,0.0416,0.04245,14,0.0,0.0,0.0,68.0,6.449436252158216,0.0,9.669017046752952,23.0,0.6858,0.0,1.0,24.0,0.04245,0.0,0.9856,0.003064766853759895,0.03251259118366673,0.0416
D'Andre Swift,RB,CHI,GB,CHI@GB,False,0.5949864089398973,DNP,False,,,,,,,,,,,,,0.7508771929824561,0.5822890559732665,0.8418546365914787,52,80.51277053958601,53.04811464080871,102.38520292381597,48.0,15.275066038392948,4.20630644521113,22.43694722567258,38.0,2.0907268170426065,1.0,3.0,42.0,0.09097744360902256,17.13191311612364,2.7670843776106935,0.4219069698864568,0.08955285868227841,0.3464540743785367
Zavion Thomas,WR,CHI,GB,CHI@GB,False,1.0,,False,,,,,,,,,,,,,0.0,0.01055,0.0106,2,0.0,0.0,0.0,62.0,2.873488654525362,0.0,0.0,62.0,0.2509,0.0,0.0,62.0,0.0106,0.0,0.39085,0.003064766853759895,0.012153866782092057,0.01055
Jahdae Walker,WR,CHI,GB,CHI@GB,False,1.0,,False,,,,,,,,,,,,,0.0,0.03725,0.0378,7,0.0,0.0,0.0,62.0,6.241790228016604,0.0,9.050263674000874,18.0,0.54325,0.0,1.0,6.0,0.0378,0.0,0.8372,0.003064766853759895,0.025826891116866826,0.03725
Jordan Love,QB,GB,CHI,CHI@GB,False,1.0,,False,19.50795,17.0,22.0,92.0,242.25816023781496,182.32917710595675,290.87920179563093,87.0,1.5925,1.0,2.0,81.0,0.03805,0.0375,0.03805,62,,,,,,,,,,,,,,,,,,0.0375
Chris Brooks,RB,GB,CHI,CHI@GB,False,0.5949864089398973,DNP,False,,,,,,,,,,,,,0.1175729052861585,0.14917219934448273,0.1606857719136062,31,15.439719726443151,4.710665717774496,21.158300364260235,27.0,7.666722147194175,0.0,11.793261768175835,18.0,0.9931086645936633,0.0,2.0,10.0,0.043112866627447684,3.219094041516094,1.4795360954702075,0.15953856584065562,0.03422908462649621,0.08875543120164028
Matthew Golden,WR,GB,CHI,CHI@GB,False,1.0,,False,,,,,,,,,,,,,0.00375,0.31225,0.3683,72,0.8094073675349688,0.0,0.0,97.0,58.72442260357123,29.78357486998172,79.79807350710726,74.0,4.2345,3.0,6.0,79.0,0.36455,0.17325,7.7407,0.00812262644824608,0.18819997542987954,0.31225
Kaleb Johnson,RB,GB,CHI,CHI@GB,False,1.0,,False,,,,,,,,,,,,,0.14765,0.1542,0.1656,30,24.873165891481577,11.043285864927238,33.652526218282034,50.0,2.687631011006105,0.0,1.6512668792877179,59.0,0.35005,0.0,1.0,17.0,0.01795,5.47765,0.52455,0.253271826831261,0.012013840949086021,0.1542
Tucker Kraft,TE,GB,CHI,CHI@GB,False,1.0,,False,,,,,,,,,,,,,0.01545,0.28675,0.33135,70,0.8448558243994625,0.0,0.0,97.0,51.57253509064624,26.35364726769695,69.98680291528196,73.0,4.47855,3.0,6.0,78.0,0.3159,0.181,7.2228,0.00812262644824608,0.18331362184689942,0.28675
MarShawn Lloyd,RB,GB,CHI,CHI@GB,False,1.0,,False,,,,,,,,,,,,,0.2877,0.36855,0.44805,82,41.265837883802256,23.826432174286314,53.75934624668393,73.0,13.723445120193798,2.6798731313540562,20.40335950149661,56.0,1.8402,1.0,3.0,62.0,0.16035,10.035,2.71435,0.4635748829249969,0.06274155331360505,0.36855
Bo Melton,WR,GB,CHI,CHI@GB,False,1.0,,False,,,,,,,,,,,,,0.0,0.0416,0.04225,7,0.0,0.0,0.0,66.0,9.309223069049942,0.0,14.076694841250298,21.0,0.7283,0.0,1.0,25.0,0.04225,0.0,1.2815,0.0034811256206768917,0.031053572215054115,0.0416
J. Michael Sturdivant,WR,GB,CHI,CHI@GB,False,1.0,,False,,,,,,,,,,,,,0.0,0.03235,0.0327,7,0.0,0.0,0.0,66.0,7.582941242684524,0.0,11.268483761154144,22.0,0.61235,0.0,1.0,17.0,0.0327,0.0,1.069,0.00406131322412304,0.025922737281007118,0.03235
Skyy Moore,WR,GB,CHI,CHI@GB,False,1.0,,False,,,,,,,,,,,,,0.0,0.16245,0.1745,45,0.0,0.0,0.0,81.0,18.026366408789205,1.2107376096054823,27.004024701831014,38.0,1.54345,1.0,2.0,61.0,0.1745,0.0,2.74805,0.0034811256206768917,0.06687632327675677,0.16245
Mark Redman,TE,GB,CHI,CHI@GB,False,1.0,,False,,,,,,,,,,,,,0.0,0.01825,0.01845,4,0.0,0.0,0.0,63.0,3.72109632889313,0.0,2.582132214401209,42.0,0.35665,0.0,1.0,3.0,0.01845,0.0,0.57425,0.0034811256206768917,0.014614222037191142,0.01825
Jonnu Smith,TE,GB,CHI,CHI@GB,False,1.0,,False,,,,,,,,,,,,,0.0,0.09305,0.0976,18,0.0,0.0,0.0,71.0,14.811299333911531,0.0,22.570911700119204,25.0,1.4842,0.0,2.0,31.0,0.0976,0.0,2.39725,0.0034811256206768917,0.06024863870336624,0.09305
Christian Watson,WR,GB,CHI,CHI@GB,False,1.0,,False,,,,,,,,,,,,,0.0,0.3542,0.42795,82,0.0,0.0,0.0,97.0,75.08652377827428,39.90669861757935,101.54310105293422,75.0,4.6966,3.0,6.0,81.0,0.42795,0.0,8.3147,0.0034811256206768917,0.20185851657403997,0.3542
Joe Burrow,QB,CIN,MIA,CIN@MIA,False,1.0,,False,25.57705,22.0,29.0,92.0,269.99600834716455,208.0097160417853,320.79565916263795,87.0,1.6436,1.0,2.0,82.0,0.08165,0.07865,0.08165,62,,,,,,,,,,,,,,,,,,0.07865
Erick All,TE,CIN,MIA,CIN@MIA,False,1.0,,False,,,,,,,,,,,,,0.0,0.0244,0.0246,5,0.0,0.0,0.0,65.0,6.018418021829368,0.0,8.644406036031466,22.0,0.61545,0.0,1.0,16.0,0.0246,0.0,0.80185,0.003539925613483851,0.01711712027769189,0.0244
Tahj Brooks,RB,CIN,MIA,CIN@MIA,False,1.0,,False,,,,,,,,,,,,,0.0161,0.02145,0.0216,1,2.241005698434165,0.0,2.0197820364382038,33.0,0.94261944423681,0.0,0.0,60.0,0.1257,0.0,0.0,60.0,0.0055,0.53435,0.14835,0.022836924406049224,0.0034197594595343265,0.02145
Chase Brown,RB,CIN,MIA,CIN@MIA,False,1.0,,False,,,,,,,,,,,,,0.5352,0.54905,0.7654,85,59.09019575487822,37.99171981661297,75.1952273076646,81.0,32.856158081881006,16.524013585185003,44.432286312510946,75.0,4.87605,3.0,6.0,82.0,0.2302,15.36085,5.72305,0.6405465317026622,0.1314977498564562,0.54905
Ja'Marr Chase,WR,CIN,MIA,CIN@MIA,False,0.8055616699684496,DNP,False,,,,,,,,,,,,,0.0,0.36187278492818503,0.438164521544488,53,0.0,0.0,0.0,81.0,73.63664103770718,43.33475954854883,96.34207117473713,63.0,6.722937262948455,5.0,9.0,66.0,0.438164521544488,0.0,9.15252129577815,0.003539925613483851,0.22537391623472627,0.2915108449428823
Mike Gesicki,TE,CIN,MIA,CIN@MIA,False,1.0,,False,,,,,,,,,,,,,0.0,0.23705,0.26695,43,0.0,0.0,0.0,84.0,35.48721303882757,14.933563504925262,49.68254099321448,55.0,3.41805,2.0,5.0,58.0,0.26695,0.0,4.489,0.003539925613483851,0.09498194128093662,0.23705
Tee Higgins,WR,CIN,MIA,CIN@MIA,False,0.8055616699684496,DNP,False,,,,,,,,,,,,,0.0,0.3015556938394524,0.3520846297448662,44,0.0,0.0,0.0,81.0,82.91845135151347,45.989004186888735,110.34455313775977,62.0,5.7719975108898565,4.0,7.0,68.0,0.3520846297448662,0.0,8.22514001244555,0.003539925613483851,0.20042997900290802,0.2429217083178038
Tanner Hudson,TE,CIN,MIA,CIN@MIA,False,1.0,,False,,,,,,,,,,,,,0.0,0.0821,0.08535,13,0.0,0.0,0.0,66.0,12.114872439717479,0.0,18.765919081067175,20.0,1.2521,0.0,2.0,18.0,0.08535,0.0,1.5637,0.004129913215731159,0.03291161456846782,0.0821
Dohnte Meyers,WR,CIN,MIA,CIN@MIA,False,1.0,,False,,,,,,,,,,,,,0.00545,0.10055,0.1057,28,0.7866469938608013,0.0,0.0,86.0,24.115029016915344,5.130717038352271,35.315297103948126,48.0,1.99345,1.0,3.0,56.0,0.10025,0.18695,2.79455,0.007910204148649099,0.06480917799194279,0.10055
Samaje Perine,RB,CIN,MIA,CIN@MIA,False,1.0,,False,,,,,,,,,,,,,0.16975,0.21145,0.23515,38,19.96452748578839,7.96198549198574,26.772175611825578,51.0,11.872241241841007,0.0,17.75730295533157,34.0,1.59395,0.0,2.0,42.0,0.0654,4.9077,1.87715,0.20526079895628735,0.043335581664010574,0.21145
Drew Sample,TE,CIN,MIA,CIN@MIA,False,1.0,,False,,,,,,,,,,,,,0.0,0.08265,0.08615,14,0.0,0.0,0.0,68.0,10.815916020415006,0.0,16.571636472968297,22.0,1.1249,0.0,2.0,15.0,0.08615,0.0,1.43115,0.003539925613483851,0.03042267817445308,0.08265
Mitchell Tinsley,WR,CIN,MIA,CIN@MIA,False,1.0,,False,,,,,,,,,,,,,0.0,0.1841,0.2022,25,0.0,0.0,0.0,67.0,22.882034298919606,3.8094654729666106,33.958737686216,28.0,1.8058,1.0,3.0,34.0,0.2022,0.0,2.913,0.006194869823596739,0.06741354678791864,0.1841
Ke'Shawn Williams,WR,CIN,MIA,CIN@MIA,False,1.0,,False,,,,,,,,,,,,,0.0,0.00625,0.00625,1,0.0,0.0,0.0,60.0,1.495864685852635,0.0,0.0,60.0,0.12285,0.0,0.0,60.0,0.00625,0.0,0.1749,0.006194869823596739,0.00412741017456581,0.00625
Colbie Young,WR,CIN,MIA,CIN@MIA,False,0.9575230478992892,Limited,False,,,,,,,,,,,,,0.0,0.020561921205462252,0.020928164076806362,3,0.0,0.0,0.0,61.0,5.245183507606711,0.0,6.08708798879674,27.0,0.44629309893789565,0.0,1.0,3.0,0.020928164076806362,0.0,0.6224559200544132,0.004129913215731159,0.014532040035759766,0.019688513463319242
Malik Willis,QB,MIA,CIN,CIN@MIA,False,1.0,,False,16.5036,14.0,19.0,91.0,216.89764363881667,162.5039165569477,261.19738304943155,86.0,0.91725,0.0,1.0,67.0,0.15175,0.1414,0.15175,62,,,,,,,,,,,,,,,,,,0.1414
Chris Bell,WR,MIA,CIN,CIN@MIA,False,0.9575230478992892,Limited,False,,,,,,,,,,,,,0.0,0.10796552624706189,0.11329328806476886,22,0.0,0.0,0.0,77.0,36.381521549410266,11.572763899877597,53.11067430880003,45.0,2.3357012274745363,1.0,3.0,53.0,0.11329328806476886,0.0,4.216557848002089,0.003156639636909862,0.11786435793031069,0.10337947976013741
Kevin Coleman Jr.,WR,MIA,CIN,CIN@MIA,False,1.0,,False,,,,,,,,,,,,,0.0,0.1169,0.124,23,0.0,0.0,0.0,76.0,25.610689093487903,5.363279066315693,38.04632528307704,38.0,1.85555,1.0,3.0,44.0,0.124,0.0,3.3989,0.003156639636909862,0.0937732613290441,0.1169
Caleb Douglas,WR,MIA,CIN,CIN@MIA,False,0.8055616699684496,DNP,False,,,,,,,,,,,,,0.0,0.17706524435623916,0.1918258496650955,16,0.0,0.0,0.0,59.0,52.779392892542404,23.60936773038292,73.75382619056401,36.0,3.416708012900025,2.0,5.0,38.0,0.1918258496650955,0.0,5.971098982882659,0.004419295491673807,0.17234430603336268,0.1426369739369836
Greg Dulcich,TE,MIA,CIN,CIN@MIA,False,1.0,,False,,,,,,,,,,,,,0.0,0.16375,0.1789,32,0.0,0.0,0.0,79.0,31.59919380892464,11.034806975915485,45.461037078712586,47.0,2.55015,1.0,4.0,44.0,0.1789,0.0,3.97745,0.003156639636909862,0.09634596687614097,0.16375
Ollie Gordon II,RB,MIA,CIN,CIN@MIA,False,1.0,,False,,,,,,,,,,,,,0.3527,0.3276,0.38955,62,55.76265074562279,34.4802792833547,72.06659846796583,66.0,8.392155032221892,0.0,12.992942526155323,40.0,0.9893,0.0,2.0,26.0,0.03685,11.99765,1.44915,0.24174311254954098,0.03539247829399241,0.3276
DJ Herman,RB,MIA,CIN,CIN@MIA,False,1.0,,False,,,,,,,,,,,,,0.006,0.03415,0.03455,4,1.1598257529928808,0.0,0.0,64.0,6.186613175265274,0.0,9.315188395409844,19.0,0.70205,0.0,1.0,21.0,0.02855,0.2621,1.03685,0.005307124380015946,0.02491205840437122,0.03415
Will Kacmarek,TE,MIA,CIN,CIN@MIA,False,1.0,,False,,,,,,,,,,,,,0.0,0.03535,0.0358,7,0.0,0.0,0.0,66.0,10.1752912046918,0.0,15.879227285834467,20.0,0.88015,0.0,1.0,32.0,0.0358,0.0,1.41725,0.003156639636909862,0.03443170706299964,0.03535
Ryan Miller,WR,MIA,CIN,CIN@MIA,False,1.0,,False,,,,,,,,,,,,,0.0,0.01655,0.01665,7,0.0,0.0,0.0,66.0,7.2321189959829235,0.0,8.748473906866632,30.0,0.4343,0.0,1.0,6.0,0.01665,0.0,0.76175,0.003156639636909862,0.020734875645646546,0.01655
Jalen Tolbert,WR,MIA,CIN,CIN@MIA,False,1.0,,False,,,,,,,,,,,,,0.0,0.03455,0.03515,1,0.0,0.0,0.0,61.0,10.53221159935568,0.0,16.141788598697307,15.0,0.72635,0.0,1.0,20.0,0.03515,0.0,1.3075,0.004419295491673807,0.0363517144733051,0.03455
Malik Washington,WR,MIA,CIN,CIN@MIA,False,1.0,,False,,,,,,,,,,,,,0.0748,0.2641,0.3018,60,5.820894952208323,0.0,7.796113922322791,60.0,51.801628832870605,26.11684698877429,70.79584857736765,74.0,4.151,3.0,6.0,78.0,0.227,1.2657,7.16935,0.025264691310566866,0.1983090704070458,0.2641
Jaylen Wright,RB,MIA,CIN,CIN@MIA,False,1.0,,False,,,,,,,,,,,,,0.1992,0.19405,0.21405,17,24.79993569887761,10.638609646577521,33.71585317347462,37.0,3.326564731087687,0.0,3.07267222239103,38.0,0.388,0.0,1.0,5.0,0.01485,5.9085,0.5744,0.11830215969367812,0.013904828425627425,0.19405
Kirk Cousins,QB,LV,NE,LV@NE,False,1.0,,False,20.31975,17.0,23.0,91.0,220.156256927309,167.17131329287633,262.4104286113293,87.0,1.39145,1.0,2.0,78.0,0.0287,0.02825,0.0287,62,,,,,,,,,,,,,,,,,,0.02825
Cody White,WR,LV,NE,LV@NE,False,1.0,,False,,,,,,,,,,,,,0.0,0.135,0.14475,40,0.0,0.0,0.0,76.0,14.769793321761593,0.0,22.61947048532395,30.0,1.13335,0.0,2.0,23.0,0.14475,0.0,1.8885,0.0034255578784995926,0.054762679400640224,0.135
Malik Benson,WR,LV,NE,LV@NE,False,1.0,,False,,,,,,,,,,,,,0.00285,0.03405,0.0349,7,0.7819169038566188,0.0,0.0,66.0,7.3069444963098915,0.0,10.893114618518307,22.0,0.5794,0.0,1.0,15.0,0.03205,0.18105,0.9808,0.006511646057328055,0.028399677261067607,0.03405
Brock Bowers,TE,LV,NE,LV@NE,False,1.0,,False,,,,,,,,,,,,,0.0,0.3313,0.39325,57,0.0,0.0,0.0,92.0,66.45242481639019,39.237296353446574,87.16878904694184,70.0,6.1433,4.0,8.0,72.0,0.39325,0.0,9.26435,0.00479578102989943,0.25034393203975536,0.3313
Connor Heyward,RB,LV,NE,LV@NE,False,1.0,,False,,,,,,,,,,,,,0.0207,0.02825,0.02855,4,5.136392756489648,0.0,6.720646517036131,25.0,1.1889567778027832,0.0,0.0,64.0,0.15355,0.0,0.0,64.0,0.00785,1.31825,0.2116,0.04752383222992902,0.006114776369486277,0.02825
Ashton Jeanty,RB,LV,NE,LV@NE,False,1.0,,False,,,,,,,,,,,,,0.3473,0.48585,0.64185,85,63.025024198719535,41.23193847736478,79.58714297008568,82.0,28.086570728884066,13.107213072265182,39.00899547813449,72.0,3.69415,2.0,5.0,76.0,0.29455,16.75995,5.15715,0.6071335481671585,0.14573538844504513,0.48585
Dylan Laube,RB,LV,NE,LV@NE,False,1.0,,False,,,,,,,,,,,,,0.00275,0.0058,0.0058,1,0.8454153573844265,0.0,0.0,60.0,0.6037326027901275,0.0,0.0,60.0,0.0774,0.0,0.0,60.0,0.00305,0.19255,0.1094,0.007110179280823846,0.003048724462912178,0.0058
Michael Mayer,TE,LV,NE,LV@NE,False,1.0,,False,,,,,,,,,,,,,0.0,0.20375,0.22435,53,0.0,0.0,0.0,97.0,38.098791091498505,18.415289062610935,51.90722145141073,72.0,3.84845,2.0,5.0,75.0,0.22435,0.0,5.8106,0.0034255578784995926,0.156591426382505,0.20375
Jalen Nailor,WR,LV,NE,LV@NE,False,1.0,,False,,,,,,,,,,,,,0.0,0.11105,0.1173,25,0.0,0.0,0.0,78.0,23.93729459715932,4.664638056117821,35.6694810147288,39.0,1.812,1.0,3.0,44.0,0.1173,0.0,3.09755,0.0034255578784995926,0.08944908339636284,0.11105
Ian Thomas,TE,LV,NE,LV@NE,False,1.0,,False,,,,,,,,,,,,,0.0,0.0229,0.02325,5,0.0,0.0,0.0,65.0,5.26604640625304,0.0,7.048285896228963,25.0,0.50235,0.0,1.0,5.0,0.02325,0.0,0.7585,0.0034255578784995926,0.0198833975145798,0.0229
Tre Tucker,WR,LV,NE,LV@NE,False,1.0,,False,,,,,,,,,,,,,0.0,0.1707,0.1866,46,0.0,0.0,0.0,97.0,43.12750799162621,17.818543031396906,61.1705580962599,67.0,3.1324,2.0,4.0,78.0,0.1866,0.0,5.2102,0.0034255578784995926,0.15231366414891231,0.1707
Mike Washington Jr.,RB,LV,NE,LV@NE,False,1.0,,False,,,,,,,,,,,,,0.10665,0.1166,0.12245,44,29.136012436871685,14.268572815451874,38.972991539798336,55.0,3.024228458503194,0.0,3.036583005314437,50.0,0.40065,0.0,1.0,20.0,0.0158,6.31205,0.5558,0.2280741146327831,0.015570692276569792,0.1166
Dareke Young,WR,LV,NE,LV@NE,False,1.0,,False,,,,,,,,,,,,,0.0,0.016,0.0161,5,0.0,0.0,0.0,65.0,4.142296577415443,0.0,0.0,65.0,0.3161,0.0,0.0,65.0,0.0161,0.0,0.51385,0.0034255578784995926,0.01503844061738861,0.016
Drake Maye,QB,NE,LV,LV@NE,False,0.98,Full,False,17.211794740873117,14.0,20.0,88.0,201.62273484773613,148.81353431332877,244.16849114024694,84.0,1.6740362522338523,1.0,2.0,80.0,0.1868777125351034,0.1732958897115139,0.1868777125351034,60,,,,,,,,,,,,,,,,,,0.16982997191728363
Efton Chism III,WR,NE,LV,LV@NE,False,1.0,,False,,,,,,,,,,,,,0.0,0.0934,0.09775,18,0.0,0.0,0.0,71.0,10.011669155153445,0.0,15.484524319328342,25.0,0.7819,0.0,1.0,33.0,0.09775,0.0,1.3517,0.003499168491966171,0.03645230699516258,0.0934
Romeo Doubs,WR,NE,LV,LV@NE,False,1.0,,False,,,,,,,,,,,,,0.0,0.35065,0.42275,57,0.0,0.0,0.0,92.0,52.78973174512799,24.086546988850444,73.201697771833,64.0,3.6454,2.0,5.0,67.0,0.42275,0.0,6.3079,0.002999287278828147,0.16788266977106447,0.35065
DeMario Douglas,WR,NE,LV,LV@NE,False,1.0,,False,,,,,,,,,,,,,0.0,0.21775,0.24375,41,0.0,0.0,0.0,87.0,30.11823105344451,9.414690574739232,43.56421694457738,53.0,2.294,1.0,3.0,61.0,0.24375,0.0,3.9928,0.002999287278828147,0.106385942012053,0.21775
Reggie Gilliam,RB,NE,LV,LV@NE,False,0.9951309141019752,Limited,False,,,,,,,,,,,,,0.0,0.02093899071051971,0.021139844338438362,3,0.0,0.0,0.0,62.0,2.8235418390488927,0.0,2.234060922874984,39.0,0.3660055234747678,0.0,1.0,3.0,0.021139844338438362,0.0,0.5287471754958574,0.0030218523112235116,0.01456980222303602,0.020837036966132247
TreVeyon Henderson,RB,NE,LV,LV@NE,False,1.0,,False,,,,,,,,,,,,,0.3732,0.35875,0.4349,43,55.56193587391452,34.638230416479956,71.23437978348736,69.0,7.866682926885099,0.0,12.082681054997327,43.0,1.0668,0.0,2.0,33.0,0.0617,11.8543,1.5131,0.39146713209197664,0.04155424563554903,0.35875
Hunter Henry,TE,NE,LV,LV@NE,False,1.0,,False,,,,,,,,,,,,,0.0,0.2083,0.22885,32,0.0,0.0,0.0,84.0,32.2276253691021,12.365667725543137,45.645167870655804,53.0,2.8778,1.0,4.0,53.0,0.22885,0.0,4.56825,0.002999287278828147,0.1384559137814865,0.2083
Mack Hollins,WR,NE,LV,LV@NE,False,0.8055616699684496,DNP,False,,,,,,,,,,,,,0.0,0.3049724441141866,0.35853613226825193,46,0.0,0.0,0.0,74.0,41.00734601693399,16.796805725833266,57.79109668178001,50.0,3.0485478977026443,2.0,4.0,58.0,0.35853613226825193,0.0,5.077342250294135,0.002999287278828147,0.1412286434015457,0.24567411137498382
Corey Kiner,RB,NE,LV,LV@NE,False,1.0,,False,,,,,,,,,,,,,0.08235,0.08985,0.09415,12,12.567189971416438,2.9705650981198,17.11811112759696,37.0,1.45195850895944,0.0,0.0,71.0,0.1865,0.0,0.0,71.0,0.0118,2.93065,0.2718,0.0968969694497785,0.0076054612021585885,0.08985
Lan Larison,RB,NE,LV,LV@NE,False,1.0,,False,,,,,,,,,,,,,0.0037,0.05,0.0513,2,0.7606861377054224,0.0,0.0,62.0,5.857160948041421,0.0,8.838785234474031,17.0,0.75185,0.0,1.0,22.0,0.0476,0.15695,1.09265,0.005221600846862721,0.030049996242021704,0.05
Cameron Latu,TE,NE,LV,LV@NE,False,1.0,,False,,,,,,,,,,,,,0.0,0.002,0.002,1,0.0,0.0,0.0,60.0,0.32914794335512354,0.0,0.0,60.0,0.03215,0.0,0.0,60.0,0.002,0.0,0.05005,0.002999287278828147,0.0015760740921569342,0.002
Eli Raridon,TE,NE,LV,LV@NE,False,1.0,,False,,,,,,,,,,,,,0.0,0.09705,0.10235,18,0.0,0.0,0.0,66.0,5.520071120994875,0.0,7.472444423867209,26.0,0.51475,0.0,1.0,8.0,0.10235,0.0,0.8071,0.003499168491966171,0.024336736714599332,0.09705
Rhamondre Stevenson,RB,NE,LV,LV@NE,False,0.9951309141019752,Limited,False,,,,,,,,,,,,,0.3081447963800905,0.38371040723981903,0.46611362493715436,55,38.65002801875221,21.19322820385206,50.861598957005036,76.0,22.476030181372487,7.983400736495474,32.246318947490415,67.0,2.6174459527400704,1.0,4.0,65.0,0.15796882855706385,8.421367521367522,3.6978883861236804,0.2787494754744057,0.10072983615160054,0.3818420883070023
Kyle Williams,WR,NE,LV,LV@NE,False,1.0,,False,,,,,,,,,,,,,0.0,0.06455,0.0673,12,0.0,0.0,0.0,71.0,11.459088859689526,0.0,17.707841177463948,25.0,0.8342,0.0,1.0,35.0,0.0673,0.0,1.5808,0.002999287278828147,0.04207383967008675,0.06455
Kyler Murray,QB,MIN,NO,MIN@NO,False,1.0,,False,17.66375,15.0,20.0,83.0,191.23217804670105,142.52559494597642,230.26922492917964,78.0,1.1202,0.0,2.0,38.0,0.1705,0.15935,0.1705,52,,,,,,,,,,,,,,,,,,0.15935
Jordan Addison,WR,MIN,NO,MIN@NO,False,0.8055616699684496,DNP,False,,,,,,,,,,,,,0.005773170277484636,0.18343782978459247,0.1998882612204358,36,1.1338745733386766,0.0,0.0,77.0,44.80290841767042,19.625502278119246,62.97998419928277,53.0,3.2801539512073994,2.0,4.0,62.0,0.19411509094295115,0.23918306536718603,5.625178471661804,0.005793007510784161,0.16800598234687883,0.14777048449666452
Gavin Bartholomew,TE,MIN,NO,MIN@NO,False,1.0,,False,,,,,,,,,,,,,0.0,0.0099,0.01,2,0.0,0.0,0.0,62.0,1.9502494014498604,0.0,0.0,62.0,0.1964,0.0,0.0,62.0,0.01,0.0,0.28935,0.0027914492150410727,0.009011099977123474,0.0099
Max Bredeson,RB,MIN,NO,MIN@NO,False,1.0,,False,,,,,,,,,,,,,0.0,0.00395,0.00395,1,0.0,0.0,0.0,60.0,0.7771826855814759,0.0,0.0,60.0,0.103,0.0,0.0,60.0,0.00395,0.0,0.1375,0.004693145207801837,0.004033226291906301,0.00395
Demond Claiborne,RB,MIN,NO,MIN@NO,False,1.0,,False,,,,,,,,,,,,,0.0494,0.0625,0.0638,6,9.005565371693292,0.3032052480983804,12.513147041245208,25.0,2.5743051845609224,0.0,1.5929118324554759,47.0,0.35105,0.0,1.0,5.0,0.0144,2.03455,0.4707,0.04805394306687309,0.014295876224277835,0.0625
DeeJay Dallas,RB,MIN,NO,MIN@NO,False,1.0,,False,,,,,,,,,,,,,0.02805,0.0527,0.0539,7,5.142145410599572,0.0,6.925809724686103,26.0,4.933685754427508,0.0,7.4791601312309925,21.0,0.6686,0.0,1.0,21.0,0.02585,1.10615,0.90505,0.02608061566352346,0.027334465666994788,0.0527
Tai Felton,WR,MIN,NO,MIN@NO,False,1.0,,False,,,,,,,,,,,,,0.0,0.02185,0.02215,5,0.0,0.0,0.0,65.0,5.53162979234007,0.0,6.847858318675621,28.0,0.44935,0.0,1.0,5.0,0.02215,0.0,0.7372,0.0027914492150410727,0.021043022723246423,0.02185
T.J. Hockenson,TE,MIN,NO,MIN@NO,False,1.0,,False,,,,,,,,,,,,,0.0,0.27975,0.32275,72,0.0,0.0,0.0,97.0,41.05036879063483,20.70436009332608,56.11697553891108,74.0,4.37885,3.0,6.0,79.0,0.32275,0.0,6.25865,0.0027914492150410727,0.19282578375718704,0.27975
Justin Jefferson,WR,MIN,NO,MIN@NO,False,0.9575230478992892,Limited,False,,,,,,,,,,,,,0.0,0.28986035848270114,0.33810962901208835,44,0.0,0.0,0.0,83.0,65.00296318935797,35.40234837320922,86.93903412111942,61.0,5.100875364735306,3.0,7.0,61.0,0.33810962901208835,0.0,8.2145685702376,0.0032566907508812513,0.23973382591278367,0.27754797391953656
Jauan Jennings,WR,MIN,NO,MIN@NO,False,1.0,,False,,,,,,,,,,,,,0.0,0.08365,0.08765,7,0.0,0.0,0.0,66.0,21.037869167318327,4.226901465621115,31.188933279793098,28.0,1.7992,1.0,3.0,33.0,0.08765,0.0,2.93105,0.0032566907508812513,0.08442790028753078,0.08365
Aaron Jones,RB,MIN,NO,MIN@NO,False,0.9951309141019752,Limited,False,,,,,,,,,,,,,0.49502462559051164,0.4994974369283345,0.6659463262639461,85,91.28092410121394,64.92110514638583,112.68158860213427,84.0,19.690535450312264,7.121977267313703,28.0960681451347,68.0,2.6940898582772137,1.0,4.0,66.0,0.1709217006734345,19.459443160116596,3.7696753442557043,0.4658590711844335,0.1129134423401349,0.4970653410020872
Jeshaun Jones,WR,MIN,NO,MIN@NO,False,1.0,,False,,,,,,,,,,,,,0.0,0.00845,0.0085,1,0.0,0.0,0.0,60.0,2.255113155999349,0.0,0.0,60.0,0.18155,0.0,0.0,60.0,0.0085,0.0,0.29175,0.004885036126321876,0.008278647270481554,0.00845
Myles Price,WR,MIN,NO,MIN@NO,False,1.0,,False,,,,,,,,,,,,,0.00635,0.03265,0.03305,5,1.164622714997293,0.0,0.0,65.0,6.543565197366241,0.0,9.298564436294145,22.0,0.55495,0.0,1.0,11.0,0.0267,0.24265,0.88815,0.005793007510784161,0.02536021165918079,0.03265
Tyler Shough,QB,NO,MIN,MIN@NO,False,0.98,Limited,False,21.43921848696628,18.0,24.0,90.0,245.26041291017896,186.72825477056847,292.14733148051073,85.0,1.3137785032903126,1.0,2.0,76.0,0.16196500535632302,0.15064020813140847,0.16196500535632302,60,,,,,,,,,,,,,,,,,,0.1476274039687803
Kevin Austin Jr.,WR,NO,MIN,MIN@NO,False,1.0,,False,,,,,,,,,,,,,0.0,0.04405,0.04495,2,0.0,0.0,0.0,62.0,12.917771640669077,0.0,20.134176547857166,15.0,0.9822,0.0,2.0,2.0,0.04495,0.0,1.77415,0.002777200439916615,0.038718527505196845,0.04405
Barion Brown,WR,NO,MIN,MIN@NO,False,0.8055616699684496,DNP,False,,,,,,,,,,,,,0.013098268048916754,0.020609597119622573,0.02067167421938047,4,2.863539357908997,0.0,2.637257184584585,26.0,2.2075653682605965,0.0,0.0,48.0,0.16791855484511764,0.0,0.0,48.0,0.007573406170463716,0.6330001862312993,0.29803215593767457,0.01324448513890058,0.0066534002223840125,0.01660230147306011
Oscar Delp,TE,NO,MIN,MIN@NO,False,1.0,,False,,,,,,,,,,,,,0.0,0.0151,0.01515,2,0.0,0.0,0.0,62.0,4.107280750725506,0.0,2.9264088197484153,40.0,0.38025,0.0,1.0,2.0,0.01515,0.0,0.6149,0.003240067179902717,0.01245125086906069,0.0151
CJ Donaldson,RB,NO,MIN,MIN@NO,False,1.0,,False,,,,,,,,,,,,,0.08185,0.10035,0.1057,16,10.966256659113109,1.1053353187943495,15.010568891031213,32.0,4.973422984450251,0.0,7.23360410635391,26.0,0.63695,0.0,1.0,23.0,0.02385,2.45285,0.94505,0.05040218814043627,0.018315391317958764,0.10035
Noah Fant,TE,NO,MIN,MIN@NO,False,0.9575230478992892,Limited,False,,,,,,,,,,,,,0.0,0.1363019419503028,0.14538525788264772,36,0.0,0.0,0.0,76.0,22.188082927621213,5.622988977444316,32.61247113464894,41.0,2.1479432031739405,1.0,3.0,49.0,0.14538525788264772,0.0,3.4068699102109,0.003240067179902717,0.06959978956161296,0.13051225089084592
Juwan Johnson,TE,NO,MIN,MIN@NO,False,1.0,,False,,,,,,,,,,,,,0.0,0.29695,0.34715,82,0.0,0.0,0.0,97.0,58.104702399681344,30.688362531748957,78.20118069848508,75.0,5.21295,3.0,7.0,77.0,0.34715,0.0,8.2401,0.002777200439916615,0.16775253921279976,0.29695
Alvin Kamara,RB,NO,MIN,MIN@NO,False,0.5949864089398973,DNP,False,,,,,,,,,,,,,0.2564017015597631,0.3401451330386187,0.4095420802402202,43,38.248148450480365,20.845269766301843,50.24302225083227,43.0,25.684536513380227,11.090323015435013,35.48884764416451,40.0,3.568354324797731,2.0,5.0,42.0,0.15314037868045707,9.808741346234047,5.123946951372091,0.26177945945775255,0.10747443925681736,0.20238173122503136
Bryce Lance,WR,NO,MIN,MIN@NO,False,1.0,,False,,,,,,,,,,,,,0.0,0.07355,0.07525,28,0.0,0.0,0.0,81.0,16.655168013464028,0.0,25.52714260069927,35.0,1.27455,0.0,2.0,34.0,0.07525,0.0,2.298,0.002777200439916615,0.0499532780423149,0.07355
Kendre Miller,RB,NO,MIN,MIN@NO,False,1.0,,False,,,,,,,,,,,,,0.2501,0.272,0.3155,39,35.06053651966183,16.548813928155585,47.431231391189016,54.0,8.482461586806789,0.0,13.12253150551336,34.0,1.0959,0.0,2.0,26.0,0.0654,8.8216,1.61715,0.18166884697543167,0.03142063231011228,0.272
Jalen Cropper,WR,NO,MIN,MIN@NO,False,1.0,,False,,,,,,,,,,,,,0.0,0.00845,0.00855,1,0.0,0.0,0.0,60.0,2.679469227030732,0.0,0.0,60.0,0.2007,0.0,0.0,60.0,0.00855,0.0,0.3526,0.0048601007698540755,0.007649147194441482,0.00845
Chris Olave,WR,NO,MIN,MIN@NO,False,0.8055616699684496,DNP,False,,,,,,,,,,,,,0.0,0.3017950635751683,0.35477437048117677,57,0.0,0.0,0.0,80.0,88.37223949475928,52.26728712041452,116.29840210028277,63.0,6.3833831962104215,4.0,8.0,65.0,0.35477437048117677,0.0,10.901209174769384,0.002777200439916615,0.2589533296832683,0.24311453540184697
Devaughn Vele,WR,NO,MIN,MIN@NO,False,1.0,,False,,,,,,,,,,,,,0.0,0.23725,0.2663,77,0.0,0.0,0.0,97.0,42.837823579300135,18.297502790635246,60.24522862577244,71.0,3.47975,2.0,5.0,74.0,0.2663,0.0,6.0697,0.002777200439916615,0.13359342094210783,0.23725
Treyton Welch,TE,NO,MIN,MIN@NO,False,1.0,,False,,,,,,,,,,,,,0.0,0.01055,0.0106,2,0.0,0.0,0.0,62.0,2.84468282181132,0.0,0.0,62.0,0.2684,0.0,0.0,62.0,0.0106,0.0,0.4302,0.003240067179902717,0.008592347804693963,0.01055
Deshaun Watson,QB,CLE,NYJ,CLE@NYJ,False,1.0,,False,19.97935,17.0,23.0,91.0,208.99310753102122,158.96090928868784,249.37175963616352,87.0,1.07645,0.0,2.0,44.0,0.12145,0.11565,0.12145,62,,,,,,,,,,,,,,,,,,0.11565
Isaiah Bond,WR,CLE,NYJ,CLE@NYJ,False,1.0,,False,,,,,,,,,,,,,0.0,0.0372,0.03775,4,0.0,0.0,0.0,63.0,9.742063784224387,0.0,15.14682109260859,17.0,0.8231,0.0,1.0,27.0,0.03775,0.0,1.371,0.0031591414519928493,0.04102174167680726,0.0372
Denzel Boston,WR,CLE,NYJ,CLE@NYJ,False,1.0,,False,,,,,,,,,,,,,0.0,0.1758,0.1917,55,0.0,0.0,0.0,95.0,46.49600305501862,19.618759938886072,65.74007341078945,65.0,3.13365,2.0,4.0,76.0,0.1917,0.0,4.8479,0.0031591414519928493,0.1451872475658341,0.1758
Michael Burton,RB,CLE,NYJ,CLE@NYJ,False,1.0,,False,,,,,,,,,,,,,0.0042,0.01115,0.01125,1,1.0357026363729172,0.0,0.0,61.0,1.791359076903415,0.0,0.0,61.0,0.2417,0.0,0.0,61.0,0.00705,0.2332,0.3145,0.008298954024434394,0.009953208567108797,0.01115
KC Concepcion,WR,CLE,NYJ,CLE@NYJ,False,1.0,,False,,,,,,,,,,,,,0.0133,0.23555,0.26565,60,2.840054311359737,0.0,3.0384998649391735,68.0,48.85431199007366,25.21976799714725,66.35748868781958,75.0,4.51765,3.0,6.0,80.0,0.25235,0.6247,6.97085,0.02209734119714102,0.20796591322232244,0.23555
Malachi Corley,WR,CLE,NYJ,CLE@NYJ,False,1.0,,False,,,,,,,,,,,,,0.0,0.01565,0.0157,1,0.0,0.0,0.0,60.0,5.0256511643590915,0.0,5.390679553638265,28.0,0.4086,0.0,1.0,1.0,0.0157,0.0,0.61905,0.0031591414519928493,0.018448907381079037,0.01565
Harold Fannin Jr.,TE,CLE,NYJ,CLE@NYJ,False,1.0,,False,,,,,,,,,,,,,0.0,0.21675,0.241,57,0.0,0.0,0.0,97.0,43.48287646236251,22.58461510843496,58.83128781364332,72.0,4.5027,3.0,6.0,77.0,0.241,0.0,6.39205,0.0031591414519928493,0.18909122834304024,0.21675
Jerry Jeudy,WR,CLE,NYJ,CLE@NYJ,False,1.0,,False,,,,,,,,,,,,,0.0,0.0962,0.10015,14,0.0,0.0,0.0,73.0,26.66229930857033,8.120076274733828,38.888633494356995,38.0,2.24575,1.0,3.0,46.0,0.10015,0.0,3.6787,0.0031591414519928493,0.10966123213441185,0.0962
Quinshon Judkins,RB,CLE,NYJ,CLE@NYJ,False,1.0,,False,,,,,,,,,,,,,0.3321,0.39235,0.48045,85,53.82673392660019,33.360988192799056,68.64012222993325,80.0,16.684498492210636,5.3228304535556425,23.971540864748604,66.0,2.3969,1.0,3.0,75.0,0.14835,14.50015,3.0905,0.5132748925046645,0.09867086556281471,0.39235
Jaleel McLaughlin,RB,CLE,NYJ,CLE@NYJ,False,1.0,,False,,,,,,,,,,,,,0.03135,0.04325,0.04405,3,9.100250143879926,0.06379094613351913,12.852951024599175,21.0,2.525033355418277,0.0,1.529047806558669,45.0,0.3487,0.0,1.0,3.0,0.0127,1.81445,0.4458,0.0639658170434973,0.014508555894653958,0.04325
Carsen Ryan,TE,CLE,NYJ,CLE@NYJ,False,1.0,,False,,,,,,,,,,,,,0.0,0.00445,0.00445,1,0.0,0.0,0.0,60.0,1.1474614336114168,0.0,0.0,60.0,0.1166,0.0,0.0,60.0,0.00445,0.0,0.16365,0.0031591414519928493,0.004900222034082455,0.00445
Raheim Sanders,RB,CLE,NYJ,CLE@NYJ,False,1.0,,False,,,,,,,,,,,,,0.05105,0.11205,0.11805,21,12.393305260401766,2.9870209219531314,17.087618825238735,45.0,14.257083852975152,3.5231909533897374,20.880972978331148,42.0,1.9745,1.0,3.0,48.0,0.067,2.6999,2.51565,0.09524747652710921,0.08047370751115547,0.11205
Tylan Wallace,WR,CLE,NYJ,CLE@NYJ,False,0.8055616699684496,DNP,False,,,,,,,,,,,,,0.0,0.007202284862784056,0.007264373525394263,1,0.0,0.0,0.0,48.0,2.201142771170767,0.0,0.0,48.0,0.18272693406184032,0.0,0.0,48.0,0.007264373525394263,0.0,0.2843660747547498,0.0036856650273249907,0.008302442082672445,0.005801884621652809
Blake Whiteheart,TE,CLE,NYJ,CLE@NYJ,False,1.0,,False,,,,,,,,,,,,,0.0,0.04445,0.0454,11,0.0,0.0,0.0,65.0,5.484962243785956,0.0,7.741919348331471,22.0,0.5516,0.0,1.0,10.0,0.0454,0.0,0.7781,0.0031591414519928493,0.02288177144498253,0.04445
Geno Smith,QB,NYJ,CLE,CLE@NYJ,False,1.0,,False,19.3502,16.0,22.0,91.0,216.10104118950963,164.04788661859246,257.91870185638254,87.0,1.4091,1.0,2.0,79.0,0.0753,0.0722,0.0753,62,,,,,,,,,,,,,,,,,,0.0722
Braelon Allen,RB,NYJ,CLE,CLE@NYJ,False,1.0,,False,,,,,,,,,,,,,0.2938,0.3834,0.4822,78,54.93824848944427,28.029426486247736,74.57869712603905,66.0,9.92821497547431,0.0,15.088803332326684,46.0,1.3023,0.0,2.0,45.0,0.1884,12.70675,1.7373,0.31097232225564514,0.04619038262928906,0.3834
Andrew Beck,RB,NYJ,CLE,CLE@NYJ,False,1.0,,False,,,,,,,,,,,,,0.00855,0.01555,0.01565,1,2.174481508761241,0.0,0.7301545404151071,50.0,1.261323215825505,0.0,0.0,60.0,0.15865,0.0,0.0,60.0,0.0071,0.4607,0.21025,0.011038045941153147,0.0056047981885137006,0.01555
Isaiah Davis,RB,NYJ,CLE,CLE@NYJ,False,1.0,,False,,,,,,,,,,,,,0.0126,0.03465,0.03505,1,3.010853434140826,0.0,2.8399054841201723,32.0,3.699839704927952,0.0,4.462196176664332,24.0,0.4535,0.0,1.0,1.0,0.02245,0.6111,0.60665,0.015156307452448666,0.01626507465792667,0.03465
Breece Hall,RB,NYJ,CLE,CLE@NYJ,False,0.5949864089398973,DNP,False,,,,,,,,,,,,,0.3627135848418203,0.37447132464895955,0.4656572491964135,52,57.78779731186987,36.678163668847894,73.68956326143496,48.0,18.4395360168138,5.174468899518914,27.05062548679551,38.0,2.129588902047031,1.0,3.0,43.0,0.10294366435459314,14.318812383691423,2.838690576890543,0.5104831892187008,0.07850323510831876,0.22280534870385088
Malik McClain,WR,NYJ,CLE,CLE@NYJ,False,1.0,,False,,,,,,,,,,,,,0.0,0.00615,0.00615,1,0.0,0.0,0.0,60.0,1.393787275751605,0.0,0.0,60.0,0.10175,0.0,0.0,60.0,0.00615,0.0,0.1636,0.004342407155705016,0.004790164406357162,0.00615
Adonai Mitchell,WR,NYJ,CLE,CLE@NYJ,False,0.8055616699684496,DNP,False,,,,,,,,,,,,,0.0,0.1873529047442091,0.20735785953177258,22,0.0,0.0,0.0,64.0,38.78133051096558,14.974638240727607,55.606873590930114,39.0,2.76049795615013,1.0,4.0,38.0,0.20735785953177258,0.0,4.720426111730459,0.004342407155705016,0.13963559627909103,0.15092431881918494
Kene Nwangwu,RB,NYJ,CLE,CLE@NYJ,False,1.0,,False,,,,,,,,,,,,,0.0066,0.01135,0.01135,1,1.440842568372667,0.0,0.0,60.0,0.8272531105471972,0.0,0.0,60.0,0.1013,0.0,0.0,60.0,0.00475,0.31275,0.13425,0.007542050653743224,0.00356818044386148,0.01135
Jamaal Pritchett,WR,NYJ,CLE,CLE@NYJ,False,1.0,,False,,,,,,,,,,,,,0.0,0.0069,0.0069,1,0.0,0.0,0.0,60.0,1.3231393854047688,0.0,0.0,60.0,0.0979,0.0,0.0,60.0,0.0069,0.0,0.15295,0.00542800894463127,0.004350927877746556,0.0069
Jeremy Ruckert,TE,NYJ,CLE,CLE@NYJ,False,1.0,,False,,,,,,,,,,,,,0.0,0.11995,0.12645,25,0.0,0.0,0.0,73.0,9.958593811373017,0.0,15.284448879317567,27.0,1.0214,0.0,2.0,14.0,0.12645,0.0,1.42895,0.003101719396932155,0.041961152678637995,0.11995
Kenyon Sadiq,TE,NYJ,CLE,CLE@NYJ,False,1.0,,False,,,,,,,,,,,,,0.0368,0.20055,0.2198,37,1.0777867555757314,0.0,0.0,89.0,36.488056353836434,15.884999928352897,50.84899911151621,60.0,3.36745,2.0,5.0,62.0,0.183,0.2351,4.908,0.005752761616532287,0.14398590720008275,0.20055
Sterling Shepard,WR,NYJ,CLE,CLE@NYJ,False,1.0,,False,,,,,,,,,,,,,0.0,0.09735,0.1028,8,0.0,0.0,0.0,63.0,14.213376915150322,0.0,21.877711299098603,16.0,1.1645,0.0,2.0,11.0,0.1028,0.0,1.82195,0.004342407155705016,0.05193660299887978,0.09735
Mason Taylor,TE,NYJ,CLE,CLE@NYJ,False,0.9479829842591244,Full,False,,,,,,,,,,,,,0.0,0.09134463514794146,0.09576708434242392,4,0.0,0.0,0.0,61.0,17.84386156268945,3.0830632928261985,26.63521458880232,23.0,1.775613351584711,1.0,3.0,29.0,0.09576708434242392,0.0,2.6219332420764454,0.004342407155705016,0.07701767187444296,0.08659315982360645
Isaiah Williams,WR,NYJ,CLE,CLE@NYJ,False,1.0,,False,,,,,,,,,,,,,0.0057,0.15045,0.1617,27,1.318930725780248,0.0,0.0,79.0,24.490169130485096,6.790506458805941,36.11087048106544,43.0,2.1287,1.0,3.0,51.0,0.156,0.28935,3.2154,0.006931002603021234,0.09227384790988157,0.15045
Garrett Wilson,WR,NYJ,CLE,CLE@NYJ,False,1.0,,False,,,,,,,,,,,,,0.0,0.28905,0.3359,50,0.0,0.0,0.0,97.0,65.13041425404307,36.1442396601838,86.88105859611143,77.0,5.32705,4.0,7.0,83.0,0.3359,0.0,8.25635,0.003101719396932155,0.23573209362519917,0.28905
Jelani Woods,TE,NYJ,CLE,CLE@NYJ,False,1.0,,False,,,,,,,,,,,,,0.0,0.01785,0.0179,4,0.0,0.0,0.0,63.0,3.5848011754191242,0.0,1.492828132932902,51.0,0.33545,0.0,1.0,3.0,0.0179,0.0,0.4821,0.003101719396932155,0.014217229347736083,0.01785
Daniel Jones,QB,IND,PIT,IND@PIT,False,1.0,,False,19.82405,17.0,23.0,91.0,191.83015333597683,146.51738714781973,228.1911827921047,87.0,0.90955,0.0,1.0,67.0,0.0983,0.09355,0.0983,62,,,,,,,,,,,,,,,,,,0.09355
Mo Alie-Cox,TE,IND,PIT,IND@PIT,False,1.0,,False,,,,,,,,,,,,,0.0,0.0139,0.0139,2,0.0,0.0,0.0,62.0,3.9789710181537905,0.0,4.322814500305167,29.0,0.4153,0.0,1.0,2.0,0.0139,0.0,0.61305,0.0034489121802405683,0.016457358566172902,0.0139
Keenan Allen,WR,IND,PIT,IND@PIT,False,0.9575230478992892,Limited,False,,,,,,,,,,,,,0.0,0.1837468723936614,0.20319015846538782,50,0.0,0.0,0.0,88.0,41.55507520090991,20.59455933638558,56.90386301093346,63.0,4.152835696413678,3.0,6.0,67.0,0.20319015846538782,0.0,6.5599457881567975,0.0040237308769473295,0.17596018235274297,0.17594186529634043
Deion Burks,WR,IND,PIT,IND@PIT,False,1.0,,False,,,,,,,,,,,,,0.0079,0.023,0.0234,4,1.3569378275472357,0.0,0.0,63.0,5.284695413168742,0.0,6.452687566269691,27.0,0.45125,0.0,1.0,3.0,0.0155,0.2998,0.7211,0.010634145889075085,0.019044891397022243,0.023
Josh Downs,WR,IND,PIT,IND@PIT,False,1.0,,False,,,,,,,,,,,,,0.0,0.20915,0.232,66,0.0,0.0,0.0,97.0,47.08229922870152,24.177046507509214,64.17481759007872,75.0,4.36955,3.0,6.0,79.0,0.232,0.0,6.9475,0.0034489121802405683,0.18505786014031486,0.20915
Ashton Dulin,WR,IND,PIT,IND@PIT,False,0.8055616699684496,DNP,False,,,,,,,,,,,,,0.0,0.04479660593960569,0.04567007736461193,8,0.0,0.0,0.0,56.0,15.881033713556585,0.0,24.212090678035054,19.0,1.3646743199401048,0.0,2.0,20.0,0.04567007736461193,0.0,2.1976541053156975,0.004828477052336796,0.05990410789329066,0.036086428689627324
Anthony Gould,WR,IND,PIT,IND@PIT,False,1.0,,False,,,,,,,,,,,,,0.0,0.0053,0.00535,1,0.0,0.0,0.0,60.0,1.686978040251443,0.0,0.0,60.0,0.14565,0.0,0.0,60.0,0.00535,0.0,0.23005,0.0040237308769473295,0.00608187588893364,0.0053
Seth McGowan,RB,IND,PIT,IND@PIT,False,1.0,,False,,,,,,,,,,,,,0.1749,0.17695,0.1936,30,20.890014114790112,8.050375038896746,28.159445733918055,43.0,4.526279896285884,0.0,6.706154699625245,28.0,0.6441,0.0,1.0,25.0,0.0187,4.75255,0.864,0.16897625108702213,0.02289887582914574,0.17695
Andrew Ogletree,TE,IND,PIT,IND@PIT,False,1.0,,False,,,,,,,,,,,,,0.0,0.012,0.0121,4,0.0,0.0,0.0,63.0,3.559531023490535,0.0,2.9449404313379195,38.0,0.37105,0.0,1.0,3.0,0.0121,0.0,0.54845,0.0034489121802405683,0.014919734764024957,0.012
Jonathan Taylor,RB,IND,PIT,IND@PIT,False,0.9951309141019752,Limited,False,,,,,,,,,,,,,0.6933252854484181,0.5670237915597807,0.8020220310849555,85,84.16905779747302,58.92395242924169,104.424292557699,83.0,21.960165565963955,9.006486770807546,30.918147839842177,70.0,3.052059755545496,2.0,4.0,80.0,0.1086967456365374,18.860469795281926,4.018258638901464,0.6822637079269377,0.10574547695583532,0.5642629040124524
Laquon Treadwell,WR,IND,PIT,IND@PIT,False,1.0,,False,,,,,,,,,,,,,0.0,0.0731,0.07525,30,0.0,0.0,0.0,78.0,12.410943083090052,0.0,19.297418695436875,31.0,1.01395,0.0,2.0,18.0,0.07525,0.0,1.58375,0.0034489121802405683,0.042122482355063814,0.0731
Tyler Warren,TE,IND,PIT,IND@PIT,False,1.0,,False,,,,,,,,,,,,,0.00745,0.2102,0.23675,60,1.397825241253333,0.0,0.0,97.0,47.51477231474508,26.397705710990234,63.181414504506996,77.0,5.3028,4.0,7.0,83.0,0.2293,0.3098,7.70315,0.01075003675534661,0.20536436169452982,0.2102
Nick Westbrook-Ikhine,WR,IND,PIT,IND@PIT,False,1.0,,False,,,,,,,,,,,,,0.0,0.0153,0.01535,1,0.0,0.0,0.0,60.0,5.035204207059561,0.0,5.573664992795271,27.0,0.41665,0.0,1.0,1.0,0.01535,0.0,0.67295,0.004828477052336796,0.017628819326595314,0.0153
Aaron Rodgers,QB,PIT,IND,IND@PIT,False,1.0,,False,20.47635,18.0,23.0,93.0,249.33028229124903,187.98729505583236,298.0728584705008,87.0,1.71835,1.0,2.0,83.0,0.02545,0.02495,0.02545,62,,,,,,,,,,,,,,,,,,0.02495
Germie Bernard,WR,PIT,IND,IND@PIT,False,1.0,,False,,,,,,,,,,,,,0.0,0.1183,0.1253,30,0.0,0.0,0.0,78.0,13.561399032946303,0.0,21.113754651502326,31.0,1.02855,0.0,2.0,19.0,0.1253,0.0,1.8024,0.002783512338617426,0.04920819490473396,0.1183
Rico Dowdle,RB,PIT,IND,IND@PIT,False,0.9951309141019752,Limited,False,,,,,,,,,,,,,0.19014615036914267,0.2661342976244287,0.3056601878358696,23,29.159508036373747,14.471005694278212,38.87679912317954,51.0,18.01348705561163,5.014394293000098,26.393162550367663,40.0,2.149364672793933,1.0,3.0,48.0,0.11551403746672693,6.886695796293506,3.1758324544221788,0.29184312776109067,0.08225749445008776,0.26483846686888485
Pat Freiermuth,TE,PIT,IND,IND@PIT,False,1.0,,False,,,,,,,,,,,,,0.0074,0.2384,0.2676,50,1.1663512605935251,0.0,0.0,90.0,34.919991527418446,14.16753717865463,49.39290448898422,60.0,3.0141,2.0,4.0,70.0,0.2602,0.25165,4.7715,0.010851664044754891,0.13203059049486404,0.2384
Eli Heidenreich,RB,PIT,IND,IND@PIT,False,1.0,,False,,,,,,,,,,,,,0.00595,0.0156,0.01575,1,0.9146709403887422,0.0,0.0,60.0,1.6743996444235683,0.0,0.0,60.0,0.20015,0.0,0.0,60.0,0.0098,0.1923,0.2964,0.008088545411842035,0.007667384255273657,0.0156
Travis Homer,RB,PIT,IND,IND@PIT,False,1.0,,False,,,,,,,,,,,,,0.0734,0.0766,0.07955,20,7.703515149676418,0.0,10.607745194860968,22.0,1.1967794653108235,0.0,0.0,63.0,0.14275,0.0,0.0,63.0,0.00615,1.69275,0.2096,0.07057112458935205,0.00536894383615806,0.0766
DK Metcalf,WR,PIT,IND,IND@PIT,False,1.0,,False,,,,,,,,,,,,,0.0,0.2811,0.3252,50,0.0,0.0,0.0,97.0,65.79264038825077,34.02334848821518,89.26700889785818,75.0,4.39075,3.0,6.0,80.0,0.3252,0.0,8.1654,0.002783512338617426,0.22236427917111726,0.2811
Lew Nichols III,RB,PIT,IND,IND@PIT,False,1.0,,False,,,,,,,,,,,,,0.0447,0.0499,0.0517,6,2.2280059787672375,0.0,1.6946051490515444,38.0,1.2194190623955026,0.0,0.0,61.0,0.1438,0.0,0.0,61.0,0.007,0.4854,0.21145,0.02026106233988231,0.005489665650225519,0.0499
Riley Nowakowski,RB,PIT,IND,IND@PIT,False,1.0,,False,,,,,,,,,,,,,0.0,0.00535,0.00535,1,0.0,0.0,0.0,60.0,0.7558312770316127,0.0,0.0,60.0,0.08855,0.0,0.0,60.0,0.00535,0.0,0.1329,0.003867604358672992,0.003381025856006241,0.00535
Michael Pittman,WR,PIT,IND,IND@PIT,False,0.9575230478992892,Limited,False,,,,,,,,,,,,,0.0,0.16045575706893847,0.17331312392201956,20,0.0,0.0,0.0,76.0,38.40275553403743,15.02515986974708,53.91874600223548,47.0,2.858830293210683,2.0,4.0,56.0,0.17331312392201956,0.0,4.965504625516124,0.00324743106172033,0.1353091789490617,0.15364008556163788
Ben Skowronek,WR,PIT,IND,IND@PIT,False,1.0,,False,,,,,,,,,,,,,0.0,0.05395,0.0556,13,0.0,0.0,0.0,66.0,6.034560339037933,0.0,7.128485543797372,31.0,0.4341,0.0,1.0,6.0,0.0556,0.0,0.767,0.002783512338617426,0.020885617313412957,0.05395
Robert Tonyan,TE,PIT,IND,IND@PIT,False,1.0,,False,,,,,,,,,,,,,0.0,0.03885,0.03945,7,0.0,0.0,0.0,62.0,2.0675021501090978,0.0,0.0,62.0,0.1864,0.0,0.0,62.0,0.03945,0.0,0.29925,0.002783512338617426,0.008346914857342862,0.03885
Jaylen Warren,RB,PIT,IND,IND@PIT,False,1.0,,False,,,,,,,,,,,,,0.3093,0.46765,0.6066,82,62.64287689135231,40.73797175373552,79.806406271718,81.0,28.570309623785374,12.018386890233609,39.91764567340491,71.0,3.19275,2.0,4.0,81.0,0.2973,11.41075,4.57915,0.47774323509836253,0.11945307577556553,0.46765
Darnell Washington,TE,PIT,IND,IND@PIT,False,1.0,,False,,,,,,,,,,,,,0.0,0.1518,0.1642,34,0.0,0.0,0.0,81.0,21.135240235139626,3.9004690052277837,31.301261926579894,42.0,1.7724,1.0,3.0,47.0,0.1642,0.0,2.84145,0.002783512338617426,0.07996535359795272,0.1518
Kaden Wetjen,WR,PIT,IND,IND@PIT,False,1.0,,False,,,,,,,,,,,,,0.0,0.0049,0.0049,1,0.0,0.0,0.0,60.0,1.1066577921908622,0.0,0.0,60.0,0.0776,0.0,0.0,60.0,0.0049,0.0,0.1336,0.002783512338617426,0.0036825314401287756,0.0049
Roman Wilson,WR,PIT,IND,IND@PIT,False,1.0,,False,,,,,,,,,,,,,0.0,0.2,0.22155,53,0.0,0.0,0.0,97.0,34.67071438139006,11.43125112996491,50.11096873202813,65.0,2.41995,1.0,3.0,74.0,0.22155,0.0,4.395,0.002783512338617426,0.11961607441485711,0.2
C.J. Stroud,QB,HOU,TEN,HOU@TEN,False,1.0,,False,21.7583,19.0,25.0,92.0,258.77152621043894,198.07760146238968,308.138417191025,87.0,1.27795,0.0,2.0,53.0,0.08325,0.0804,0.08325,62,,,,,,,,,,,,,,,,,,0.0804
Lewis Bond,WR,HOU,TEN,HOU@TEN,False,1.0,,False,,,,,,,,,,,,,0.0,0.01635,0.01665,1,0.0,0.0,0.0,61.0,4.664497603219389,0.0,3.7423256909344427,37.0,0.37075,0.0,1.0,1.0,0.01665,0.0,0.57755,0.005001526990171276,0.015723701729659555,0.01635
Kayshon Boutte,WR,HOU,TEN,HOU@TEN,False,1.0,,False,,,,,,,,,,,,,0.0,0.15065,0.16155,34,0.0,0.0,0.0,81.0,32.947241500717766,11.397327312479923,47.67997979165196,48.0,2.4712,1.0,3.0,57.0,0.16155,0.0,3.82285,0.0035725192786937687,0.10266625751077764,0.15065
Nico Collins,WR,HOU,TEN,HOU@TEN,False,0.9575230478992892,Limited,False,,,,,,,,,,,,,0.009108516986860703,0.28728471967753755,0.3313615662461393,41,1.1314073786161722,0.0,0.0,80.0,75.95374554122733,42.64931430950658,100.81587527984513,58.0,5.438360466942365,4.0,7.0,65.0,0.32225304925927867,0.2638852536250851,8.512746689001727,0.010211450938266354,0.2323569070531275,0.2750817404005287
Xavier Hutchinson,WR,HOU,TEN,HOU@TEN,False,1.0,,False,,,,,,,,,,,,,0.0142,0.17015,0.18405,50,1.7115780051093068,0.0,0.3947400660247308,93.0,40.59886748101182,16.802344058648984,57.11724536171319,70.0,3.1916,2.0,4.0,81.0,0.16985,0.396,5.28545,0.014913850322166048,0.14151949478557854,0.17015
Brevin Jordan,TE,HOU,TEN,HOU@TEN,False,1.0,,False,,,,,,,,,,,,,0.0,0.0178,0.0179,1,0.0,0.0,0.0,61.0,4.111865547704488,0.0,4.224184875530497,30.0,0.40865,0.0,1.0,1.0,0.0179,0.0,0.58595,0.006251908737714093,0.017667927991959022,0.0178
Marlin Klein,TE,HOU,TEN,HOU@TEN,False,1.0,,False,,,,,,,,,,,,,0.0,0.00755,0.00755,2,0.0,0.0,0.0,62.0,1.9714640837910322,0.0,0.0,62.0,0.20105,0.0,0.0,62.0,0.00755,0.0,0.28745,0.004167939158476063,0.008381972765037212,0.00755
Woody Marks,RB,HOU,TEN,HOU@TEN,False,1.0,,False,,,,,,,,,,,,,0.3405,0.3619,0.4374,67,31.579117434114554,16.206990782065823,41.60769334681371,67.0,9.548337747775365,0.0,14.642039704890543,45.0,1.2681,0.0,2.0,43.0,0.0969,8.3176,1.73655,0.32251633558029147,0.051742170505394966,0.3619
David Montgomery,RB,HOU,TEN,HOU@TEN,False,1.0,,False,,,,,,,,,,,,,0.5371,0.4579,0.599,85,44.419237197305506,25.85527094344484,57.54763661674045,79.0,7.934848622245514,0.0,12.417232487914124,53.0,1.03775,0.0,2.0,42.0,0.0619,12.4176,1.35795,0.48491564333068404,0.04053766351227808,0.4579
Foster Moreau,TE,HOU,TEN,HOU@TEN,False,1.0,,False,,,,,,,,,,,,,0.0,0.0929,0.0968,27,0.0,0.0,0.0,74.0,11.397240323694207,0.0,17.568356553399063,28.0,1.14365,0.0,2.0,22.0,0.0968,0.0,1.6508,0.0035725192786937687,0.04894025919952424,0.0929
Jaylin Noel,WR,HOU,TEN,HOU@TEN,False,1.0,,False,,,,,,,,,,,,,0.0174,0.0904,0.0946,21,2.5613927270554857,0.0,2.4826912302731596,50.0,24.762945087122983,4.223667707100676,36.758923663358225,40.0,1.7334,1.0,3.0,45.0,0.0772,0.58325,2.616,0.022126538924374297,0.07065530638764188,0.0904
Dalton Schultz,TE,HOU,TEN,HOU@TEN,False,1.0,,False,,,,,,,,,,,,,0.0,0.1961,0.21465,55,0.0,0.0,0.0,97.0,42.58128705347223,21.357754069508616,57.76044675724305,74.0,4.27805,3.0,6.0,79.0,0.21465,0.0,5.99395,0.0035725192786937687,0.17727732686437084,0.1961
Cade Stover,TE,HOU,TEN,HOU@TEN,False,1.0,,False,,,,,,,,,,,,,0.0,0.02715,0.0275,4,0.0,0.0,0.0,63.0,6.428635671536504,0.0,9.492817897649976,19.0,0.64035,0.0,1.0,16.0,0.0275,0.0,0.93075,0.0035725192786937687,0.027404500900949452,0.02715
Jared Wayne,WR,HOU,TEN,HOU@TEN,False,1.0,,False,,,,,,,,,,,,,0.0,0.08125,0.08445,27,0.0,0.0,0.0,79.0,18.097562407693477,0.0,27.4485851746163,34.0,1.39575,0.0,2.0,36.0,0.08445,0.0,2.2638,0.0035725192786937687,0.06058127687358076,0.08125
Cam Ward,QB,TEN,HOU,HOU@TEN,False,1.0,,False,20.26045,17.0,23.0,91.0,221.8801070975682,169.81970269861498,264.3445053270881,87.0,0.79085,0.0,1.0,62.0,0.13515,0.12585,0.13515,62,,,,,,,,,,,,,,,,,,0.12585
Elic Ayomanor,WR,TEN,HOU,HOU@TEN,False,1.0,,False,,,,,,,,,,,,,0.0,0.14725,0.15825,45,0.0,0.0,0.0,76.0,34.11500383746825,11.489353707441458,49.15014351146417,43.0,2.4129,1.0,3.0,51.0,0.15825,0.0,4.18475,0.0034032966473759173,0.11952025434403818,0.14725
Daniel Bellinger,TE,TEN,HOU,HOU@TEN,False,1.0,,False,,,,,,,,,,,,,0.0,0.0231,0.0233,9,0.0,0.0,0.0,68.0,8.842216372409082,0.0,13.69020192265092,22.0,0.87755,0.0,1.0,34.0,0.0233,0.0,1.27985,0.0034032966473759173,0.0386962689363568,0.0231
Julius Chestnut,RB,TEN,HOU,HOU@TEN,False,1.0,,False,,,,,,,,,,,,,0.00875,0.0111,0.01125,1,1.8551310770509402,0.0,0.392306961248564,54.0,0.6597124593613392,0.0,0.0,60.0,0.08805,0.0,0.0,60.0,0.0025,0.45705,0.1172,0.011639165073220558,0.003375947687650576,0.0111
Chimere Dike,WR,TEN,HOU,HOU@TEN,False,1.0,,False,,,,,,,,,,,,,0.0,0.03745,0.03825,5,0.0,0.0,0.0,65.0,14.495601032297037,0.0,22.14436529231863,19.0,1.3828,0.0,2.0,21.0,0.03825,0.0,2.18655,0.0034032966473759173,0.06170382132071537,0.03745
Gunnar Helm,TE,TEN,HOU,HOU@TEN,False,1.0,,False,,,,,,,,,,,,,0.0,0.11275,0.1198,38,0.0,0.0,0.0,79.0,25.869917854124466,9.704415452454436,36.97001394174192,48.0,2.7337,1.0,4.0,46.0,0.1198,0.0,3.8708,0.0034032966473759173,0.11777973363272605,0.11275
Tony Pollard,RB,TEN,HOU,HOU@TEN,False,0.5949864089398973,DNP,False,,,,,,,,,,,,,0.38939840134623477,0.3628944047118216,0.43693731594446783,52,56.939798595148396,36.10161255139162,72.1651962602607,48.0,13.198841214092228,2.8842553015911734,19.505831510247692,37.0,1.9003786285233488,1.0,3.0,41.0,0.04753891459823307,14.130921329406815,2.5204880100967606,0.5658595986309986,0.07578772794743012,0.21591723868386847
Calvin Ridley,WR,TEN,HOU,HOU@TEN,False,1.0,,False,,,,,,,,,,,,,0.0,0.05445,0.0557,9,0.0,0.0,0.0,68.0,22.618043069007108,4.384385292379187,33.85755429494332,29.0,1.74145,1.0,3.0,34.0,0.0557,0.0,2.97475,0.0034032966473759173,0.08509358606863238,0.05445
Wan'Dale Robinson,WR,TEN,HOU,HOU@TEN,False,1.0,,False,,,,,,,,,,,,,0.00545,0.1765,0.1918,62,1.2594190139542984,0.0,0.0,97.0,44.73014272829939,22.322978118522723,61.36514202799366,71.0,4.18295,3.0,6.0,75.0,0.18635,0.30695,6.5878,0.007766497477345042,0.1876951431409486,0.1765
Nicholas Singleton,RB,TEN,HOU,HOU@TEN,False,1.0,,False,,,,,,,,,,,,,0.06805,0.06935,0.07225,16,13.107451712036005,2.5533701605029924,17.57071738757019,30.0,1.0605980613904358,0.0,0.0,65.0,0.14185,0.0,0.0,65.0,0.0042,3.44205,0.1922,0.08912936792522247,0.005568787615294937,0.06935
Tyjae Spears,RB,TEN,HOU,HOU@TEN,False,1.0,,False,,,,,,,,,,,,,0.15695,0.1856,0.20435,32,31.81252183006937,12.568782304871803,44.46513407076651,49.0,14.175407445337466,3.377160161090667,20.844523018026642,42.0,1.9818,1.0,3.0,49.0,0.0474,7.93325,2.53225,0.2037300701717431,0.07375069902724024,0.1856
Carnell Tate,WR,TEN,HOU,HOU@TEN,False,1.0,,False,,,,,,,,,,,,,0.0,0.1554,0.1672,50,0.0,0.0,0.0,97.0,63.295563731006,34.85014700314202,84.65457642199281,76.0,5.0543,3.0,7.0,76.0,0.1672,0.0,7.9541,0.0034032966473759173,0.2267606581893331,0.1554
Jameis Winston,QB,NYG,WAS,NYG@WAS,False,1.0,,False,18.0059,15.0,21.0,85.0,198.14201020609485,148.821358161971,237.729017601459,81.0,1.2326,0.0,2.0,46.0,0.0167,0.01665,0.0167,56,,,,,,,,,,,,,,,,,,0.01665
Malachi Fields,WR,NYG,WAS,NYG@WAS,False,1.0,,False,,,,,,,,,,,,,0.0,0.1493,0.1611,32,0.0,0.0,0.0,84.0,35.588714156429006,12.750207674977972,51.29679268219314,52.0,2.59275,1.0,4.0,49.0,0.1611,0.0,4.312,0.0026848875854960145,0.1305476429031845,0.1493
Najee Harris,RB,NYG,WAS,NYG@WAS,False,0.5949864089398973,DNP,False,,,,,,,,,,,,,0.09895528625156708,0.10087755954868366,0.10472210614291684,29,25.231483226712903,11.61712530953383,33.65639546928571,29.0,0.9224838508458685,0.0,0.0,44.0,0.12127037191809444,0.0,0.0,44.0,0.00576681989134977,5.9694943585457585,0.16782281654826578,0.20354173321119806,0.005045813974046512,0.06002077689849194
Theo Johnson,TE,NYG,WAS,NYG@WAS,False,1.0,,False,,,,,,,,,,,,,0.0,0.1083,0.11425,16,0.0,0.0,0.0,70.0,18.033132967245365,2.168193890690875,27.13201796759462,28.0,1.66265,1.0,2.0,52.0,0.11425,0.0,2.6197,0.0026848875854960145,0.07875675256653479,0.1083
Charlie Jones,WR,NYG,WAS,NYG@WAS,False,1.0,,False,,,,,,,,,,,,,0.0,0.0104,0.0105,1,0.0,0.0,0.0,60.0,2.3708005080971577,0.0,0.0,60.0,0.1806,0.0,0.0,60.0,0.0105,0.0,0.2939,0.004698553274618026,0.008877511322265053,0.0104
Isaiah Likely,TE,NYG,WAS,NYG@WAS,False,0.9575230478992892,Limited,False,,,,,,,,,,,,,0.0,0.3433487550033789,0.411082809169829,74,0.0,0.0,0.0,96.0,52.122339958196406,28.52293812037602,70.04097955928393,73.0,5.060560378437386,3.0,7.0,73.0,0.411082809169829,0.0,7.6521287102978635,0.0026848875854960145,0.23143569418998988,0.3287643463832617
Chris Manhertz,TE,NYG,WAS,NYG@WAS,False,0.9575230478992892,Limited,False,,,,,,,,,,,,,0.0,0.0037517586368610288,0.0037517586368610288,1,0.0,0.0,0.0,57.0,0.6749201601876084,0.0,0.0,57.0,0.06617685373352092,0.0,0.0,57.0,0.0037517586368610288,0.0,0.09874420301182846,0.0026848875854960145,0.0029990637505012126,0.0035923953649496547
Darnell Mooney,WR,NYG,WAS,NYG@WAS,False,1.0,,False,,,,,,,,,,,,,0.00255,0.11615,0.12315,18,0.7630502834669842,0.0,0.0,76.0,29.986581936070415,8.960762442358767,43.451640405128146,41.0,2.1701,1.0,3.0,48.0,0.1206,0.17325,3.72465,0.005396895247613202,0.11314520300117165,0.11615
Malik Nabers,WR,NYG,WAS,NYG@WAS,False,0.8055616699684496,DNP,False,,,,,,,,,,,,,0.0,0.2411013270494853,0.272665261069081,49,0.0,0.0,0.0,81.0,47.16734060443178,22.38165674736906,64.90468257030224,59.0,3.7220017363264293,2.0,5.0,61.0,0.272665261069081,0.0,6.062631774773657,0.0026848875854960145,0.19204592689433111,0.1942219876495927
Patrick Ricard,RB,NYG,WAS,NYG@WAS,False,1.0,,False,,,,,,,,,,,,,0.0,0.0198,0.02,4,0.0,0.0,0.0,64.0,3.6075756120440055,0.0,4.569752650563869,26.0,0.46895,0.0,1.0,4.0,0.02,0.0,0.65655,0.0012952193829769384,0.020047456754605522,0.0198
Devin Singletary,RB,NYG,WAS,NYG@WAS,False,1.0,,False,,,,,,,,,,,,,0.0536,0.15375,0.1649,28,16.74365002725462,5.652140836412721,22.781246434843297,40.0,9.68464700105336,0.0,14.74671946634481,25.0,1.2661,0.0,2.0,23.0,0.1113,4.24895,1.75015,0.13032656225796127,0.053710523098078396,0.15375
Cam Skattebo,RB,NYG,WAS,NYG@WAS,False,0.9951309141019752,Limited,False,,,,,,,,,,,,,0.2279810979288156,0.2810677659360547,0.32475366981701187,85,51.23595126077733,30.952801606172663,66.1322773420722,79.0,17.666044884663865,4.927313876134437,25.67908624093721,64.0,2.1878644681278905,1.0,3.0,72.0,0.09677257188819625,13.403227428111803,3.0312185803338023,0.4157126255641552,0.09252972581603958,0.2796992228405461
Tyrone Tracy Jr.,RB,NYG,WAS,NYG@WAS,False,1.0,,False,,,,,,,,,,,,,0.02115,0.0552,0.05615,3,7.528937735578151,0.0,10.229073108316047,22.0,6.097056119533926,0.0,9.49135645094652,16.0,0.7748,0.0,1.0,24.0,0.035,1.79255,1.08025,0.05496836392116209,0.032556244698139655,0.0552
Jayden Daniels,QB,WAS,NYG,NYG@WAS,False,0.98,Full,False,18.403934593765968,16.0,21.0,69.0,182.40253617080043,136.95106703600092,219.00471115974855,64.0,1.71691364333163,1.0,2.0,60.0,0.08242207460398569,0.07848748083801738,0.08242207460398569,38,,,,,,,,,,,,,,,,,,0.07691773122125703
Kaytron Allen,RB,WAS,NYG,NYG@WAS,False,1.0,,False,,,,,,,,,,,,,0.05365,0.056,0.0578,31,6.825417280478633,0.0,9.329735028605729,27.0,0.43509045154285414,0.0,0.0,68.0,0.0647,0.0,0.0,68.0,0.00415,1.55835,0.0968,0.05360105611292911,0.0027043561471170453,0.056
John Bates,TE,WAS,NYG,NYG@WAS,False,1.0,,False,,,,,,,,,,,,,0.0,0.0817,0.08485,13,0.0,0.0,0.0,66.0,6.027150393864358,0.0,8.997180584187786,22.0,0.67895,0.0,1.0,22.0,0.08485,0.0,1.0536,0.0024754432439919424,0.027507412384126222,0.0817
Dyami Brown,WR,WAS,NYG,NYG@WAS,False,1.0,,False,,,,,,,,,,,,,0.0,0.14325,0.15315,28,0.0,0.0,0.0,81.0,17.001535035853788,0.8523569696607597,25.33587533297417,38.0,1.5545,1.0,2.0,61.0,0.15315,0.0,2.71645,0.0024754432439919424,0.07207841759820452,0.14325
Treylon Burks,WR,WAS,NYG,NYG@WAS,False,0.9479829842591244,Full,False,,,,,,,,,,,,,0.0,0.13285202360876897,0.14265387858347386,15,0.0,0.0,0.0,66.0,16.652413156664064,0.0,25.282635172422875,23.0,1.409306492411467,0.0,2.0,26.0,0.14265387858347386,0.0,2.587637015177066,0.0028880171179905996,0.06844322508467017,0.12594145780550445
Jacory Croskey-Merritt,RB,WAS,NYG,NYG@WAS,False,0.9951309141019752,Limited,False,,,,,,,,,,,,,0.18279137558425892,0.23631703271850027,0.2655676735186209,82,37.496610701553806,20.593280207721293,49.02512887361177,77.0,5.290841508614925,0.0,8.101658881378933,54.0,0.7915766195908931,0.0,1.0,62.0,0.08277629793436196,9.843644770568428,1.1205206815097752,0.3376168174555437,0.03242184597118344,0.23516638478702756
Stefon Diggs,WR,WAS,NYG,NYG@WAS,False,0.8055616699684496,DNP,False,,,,,,,,,,,,,0.0,0.3402816551895279,0.4111917612755134,53,0.0,0.0,0.0,80.0,39.728317606818266,19.284810387141114,54.657105499706375,59.0,3.966002853775048,2.0,5.0,62.0,0.4111917612755134,0.0,6.598672374216763,0.0024754432439919424,0.18400602354900697,0.27411785841410424
Austin Ekeler,RB,WAS,NYG,NYG@WAS,False,1.0,,False,,,,,,,,,,,,,0.03705,0.07135,0.0738,4,11.956461759977973,2.3178434307621245,16.571928173081197,28.0,4.061342865700396,0.0,5.827813196446755,20.0,0.6097,0.0,1.0,14.0,0.03675,2.45835,0.87365,0.08464890542951037,0.025360374483649403,0.07135
Luke McCaffrey,WR,WAS,NYG,NYG@WAS,False,1.0,,False,,,,,,,,,,,,,0.0,0.0583,0.0597,1,0.0,0.0,0.0,60.0,9.469791193268934,0.0,14.276259285520903,15.0,0.8526,0.0,1.0,25.0,0.0597,0.0,1.4498,0.004332025676985899,0.03825980806377789,0.0583
Terry McLaurin,WR,WAS,NYG,NYG@WAS,False,0.8055616699684496,DNP,False,,,,,,,,,,,,,0.0,0.2820687942381721,0.32770396125667456,40,0.0,0.0,0.0,77.0,44.957870821045134,20.79017871899581,62.38153305103145,54.0,3.614553582515833,2.0,5.0,57.0,0.32770396125667456,0.0,6.375139699490873,0.0028880171179905996,0.17636925054622415,0.22722380893248892
Chig Okonkwo,TE,WAS,NYG,NYG@WAS,False,0.9575230478992892,Limited,False,,,,,,,,,,,,,0.0,0.15632027613618535,0.1697609957638199,10,0.0,0.0,0.0,66.0,24.072856473295015,8.990278420850425,34.1079352090761,36.0,2.7364677579624495,1.0,4.0,35.0,0.1697609957638199,0.0,4.284713142618064,0.0034656205415887196,0.11243476927075288,0.14968026725437872
Craig Reynolds,RB,WAS,NYG,NYG@WAS,False,1.0,,False,,,,,,,,,,,,,0.01445,0.0176,0.0178,1,4.087486695696497,0.0,5.274490412866127,22.0,0.38795127460347173,0.0,0.0,61.0,0.0591,0.0,0.0,61.0,0.00335,0.90715,0.08485,0.030879145394776174,0.002569512904324506,0.0176
Ben Sinnott,TE,WAS,NYG,NYG@WAS,False,0.9575230478992892,Limited,False,,,,,,,,,,,,,0.0,0.027223705565153657,0.027694885084550546,3,0.0,0.0,0.0,61.0,3.817597473121807,0.0,4.34788783735183,28.0,0.4239045076174022,0.0,1.0,3.0,0.027694885084550546,0.0,0.6554630647610072,0.0024754432439919424,0.01723481115978686,0.026067325527858773
Rachaad White,RB,WAS,NYG,NYG@WAS,False,0.9951309141019752,Limited,False,,,,,,,,,,,,,0.10699567795758368,0.23253593325962407,0.26344356216705195,62,24.77938303308054,10.911132698383048,33.76236029837836,59.0,9.471576166071134,0.0,14.210892022435448,41.0,1.5114081817268068,0.0,2.0,47.0,0.15644788420946829,5.29872348979797,2.107397728414916,0.18172018281551977,0.061099697678809836,0.2314036958262056
Antonio Williams,WR,WAS,NYG,NYG@WAS,False,1.0,,False,,,,,,,,,,,,,0.0,0.2281,0.25715,44,0.0,0.0,0.0,90.0,27.60861455591436,9.73516812962244,39.37269427288968,58.0,2.5973,1.0,4.0,56.0,0.25715,0.0,4.3851,0.0024754432439919424,0.11611493368533124,0.2281
Colson Yankoff,TE,WAS,NYG,NYG@WAS,False,1.0,,False,,,,,,,,,,,,,0.0,0.02725,0.0276,7,0.0,0.0,0.0,66.0,3.7252614690062256,0.0,4.092920516644812,33.0,0.41145,0.0,1.0,6.0,0.0276,0.0,0.64045,0.0024754432439919424,0.016487898761306075,0.02725
Bo Nix,QB,DEN,LAC,DEN@LAC,False,1.0,,False,19.8218,17.0,23.0,91.0,222.9718187797823,168.11987790864015,267.1054957827852,87.0,1.45255,1.0,2.0,79.0,0.15925,0.14735,0.15925,62,,,,,,,,,,,,,,,,,,0.14735
Nate Adkins,TE,DEN,LAC,DEN@LAC,False,1.0,,False,,,,,,,,,,,,,0.00635,0.1142,0.12035,25,0.8316209770228515,0.0,0.0,68.0,7.796205992713288,0.0,11.629644071520062,23.0,0.7251,0.0,1.0,27.0,0.114,0.19595,1.1172,0.006422897744400225,0.030238715716941568,0.1142
Tyler Badie,RB,DEN,LAC,DEN@LAC,False,1.0,,False,,,,,,,,,,,,,0.03685,0.13645,0.1443,23,4.8452086597715835,0.0,6.375084894665951,31.0,9.404586488953056,0.0,14.58417065627899,24.0,1.14065,0.0,2.0,18.0,0.10745,1.1775,1.698,0.03909802006384808,0.046025053483506904,0.13645
Pat Bryant,WR,DEN,LAC,DEN@LAC,False,1.0,,False,,,,,,,,,,,,,0.0054,0.11355,0.11995,27,0.82171372629338,0.0,0.0,79.0,22.589580600052972,3.046698671117139,33.536359689900856,39.0,1.64485,1.0,2.0,61.0,0.11455,0.1966,2.73385,0.006422897744400225,0.07903685310951225,0.11355
J.K. Dobbins,RB,DEN,LAC,DEN@LAC,False,1.0,,False,,,,,,,,,,,,,0.53475,0.4407,0.5672,73,53.24877459917583,32.97278746109605,67.9615301167913,76.0,5.406305815514192,0.0,8.305743735694453,50.0,0.68935,0.0,1.0,52.0,0.03245,13.29055,0.9698,0.4410053888598924,0.02628217469292448,0.4407
Evan Engram,TE,DEN,LAC,DEN@LAC,False,1.0,,False,,,,,,,,,,,,,0.0,0.139,0.1485,28,0.0,0.0,0.0,81.0,25.800986692409108,8.731035462474726,37.223796464263074,48.0,2.4441,1.0,3.0,56.0,0.1485,0.0,3.86275,0.0029321924485305375,0.10736752306578656,0.139
Troy Franklin,WR,DEN,LAC,DEN@LAC,False,1.0,,False,,,,,,,,,,,,,0.008,0.1117,0.1182,13,1.2299499222667343,0.0,0.0,66.0,20.49595361259107,1.2337266093544452,30.64383224595487,23.0,1.5391,1.0,2.0,47.0,0.1102,0.29095,2.6208,0.009448175667487287,0.07607370667536914,0.1117
RJ Harvey,RB,DEN,LAC,DEN@LAC,False,1.0,,False,,,,,,,,,,,,,0.1799,0.33095,0.3946,51,25.071167330203554,11.386867083486212,33.65019897706865,69.0,28.60168761062471,12.880070422154924,39.99391334985278,68.0,3.6609,2.0,5.0,71.0,0.2147,6.05935,5.0452,0.20073208573694062,0.1365977071880779,0.33095
Lil'Jordan Humphrey,WR,DEN,LAC,DEN@LAC,False,1.0,,False,,,,,,,,,,,,,0.0,0.0515,0.05295,1,0.0,0.0,0.0,61.0,12.007866770105785,0.0,18.48273045027345,15.0,0.9036,0.0,1.0,28.0,0.05295,0.0,1.62395,0.00513133678492844,0.0467505019066748,0.0515
Kolbe Katsis,WR,DEN,LAC,DEN@LAC,False,1.0,,False,,,,,,,,,,,,,0.0,0.0052,0.00525,1,0.0,0.0,0.0,60.0,1.638227983265419,0.0,0.0,60.0,0.1228,0.0,0.0,60.0,0.00525,0.0,0.2081,0.00513133678492844,0.005869234307416399,0.0052
Marvin Mims Jr.,WR,DEN,LAC,DEN@LAC,False,1.0,,False,,,,,,,,,,,,,0.0,0.05935,0.06105,4,0.0,0.0,0.0,64.0,13.29967876451129,0.0,20.49343177843764,18.0,1.1786,0.0,2.0,13.0,0.06105,0.0,1.9296,0.004105069427942753,0.05571593851608424,0.05935
Adam Prentice,RB,DEN,LAC,DEN@LAC,False,1.0,,False,,,,,,,,,,,,,0.0,0.0101,0.01015,1,0.0,0.0,0.0,61.0,1.6940989596446103,0.0,0.0,61.0,0.2144,0.0,0.0,61.0,0.01015,0.0,0.3034,0.0037039147476530692,0.008033467134708908,0.0101
Courtland Sutton,WR,DEN,LAC,DEN@LAC,False,1.0,,False,,,,,,,,,,,,,0.0,0.2558,0.2911,66,0.0,0.0,0.0,95.0,38.28000401800619,15.450389959576517,54.421027756001024,65.0,2.9387,2.0,4.0,75.0,0.2911,0.0,5.26235,0.0029321924485305375,0.15152625818913287,0.2558
Adam Trautman,TE,DEN,LAC,DEN@LAC,False,1.0,,False,,,,,,,,,,,,,0.0,0.02825,0.0286,7,0.0,0.0,0.0,66.0,6.445509646658076,0.0,9.474813658363626,22.0,0.61425,0.0,1.0,18.0,0.0286,0.0,0.90275,0.0029321924485305375,0.025166779502502058,0.02825
Jaylen Waddle,WR,DEN,LAC,DEN@LAC,False,1.0,,False,,,,,,,,,,,,,0.00735,0.2158,0.2395,55,0.8141475565904955,0.0,0.0,97.0,45.55113298634235,20.054521462723873,63.3964009121755,71.0,3.43845,2.0,5.0,74.0,0.23215,0.19855,5.82555,0.006841782379904587,0.16910443801837943,0.2158
Justin Herbert,QB,LAC,DEN,DEN@LAC,False,1.0,,False,17.89275,15.0,21.0,90.0,211.88062216994172,159.7349472078979,253.77716606019305,87.0,1.0905,0.0,2.0,45.0,0.1419,0.13345,0.1419,62,,,,,,,,,,,,,,,,,,0.13345
Derius Davis,WR,LAC,DEN,DEN@LAC,False,1.0,,False,,,,,,,,,,,,,0.0,0.0154,0.01555,5,0.0,0.0,0.0,65.0,4.151998266497231,0.0,1.2232173488957694,56.0,0.32345,0.0,1.0,5.0,0.01555,0.0,0.5802,0.0032887126712387916,0.015441017995093948,0.0154
Oronde Gadsden II,TE,LAC,DEN,DEN@LAC,False,1.0,,False,,,,,,,,,,,,,0.004,0.17545,0.19075,43,0.9720001026533662,0.0,0.0,84.0,29.504487854920082,10.527053845021758,42.231202736387026,52.0,2.60725,1.0,4.0,49.0,0.18675,0.1982,4.19885,0.006714455037112532,0.11684819885310287,0.17545
Omarion Hampton,RB,LAC,DEN,DEN@LAC,False,1.0,,False,,,,,,,,,,,,,0.39905,0.3715,0.45515,85,66.8602608698548,44.45029265421572,83.81047590338966,82.0,11.448378746638813,0.0,17.286299658930986,55.0,1.53315,0.0,2.0,61.0,0.0561,14.5616,2.15525,0.497073526770105,0.05605332974370755,0.3715
Tre Harris,WR,LAC,DEN,DEN@LAC,False,1.0,,False,,,,,,,,,,,,,0.0,0.1886,0.2065,53,0.0,0.0,0.0,94.0,38.350496101414265,15.209950509330099,54.57084374095687,63.0,2.81755,1.0,4.0,62.0,0.2065,0.0,4.90135,0.0032887126712387916,0.12922691808948278,0.1886
Patrick Herbert,TE,LAC,DEN,DEN@LAC,False,1.0,,False,,,,,,,,,,,,,0.0,0.0039,0.0039,1,0.0,0.0,0.0,60.0,0.9504521486471951,0.0,0.0,60.0,0.09085,0.0,0.0,60.0,0.0039,0.0,0.14445,0.0046041977397343085,0.0040823085174451264,0.0039
Alec Ingold,RB,LAC,DEN,DEN@LAC,False,1.0,,False,,,,,,,,,,,,,0.0,0.04935,0.0503,11,0.0,0.0,0.0,65.0,4.364339270493071,0.0,6.244176462178148,22.0,0.55405,0.0,1.0,11.0,0.0503,0.0,0.8167,0.0036952945753489157,0.02139757814074709,0.04935
Quentin Johnston,WR,LAC,DEN,DEN@LAC,False,1.0,,False,,,,,,,,,,,,,0.00665,0.1585,0.1705,33,1.3728102545464507,0.0,0.0,90.0,45.61328493225299,19.64479215021831,63.709929947063,61.0,3.1433,2.0,4.0,71.0,0.16385,0.2908,5.834,0.010140197402986275,0.15388130756618928,0.1585
Charlie Kolar,TE,LAC,DEN,DEN@LAC,False,1.0,,False,,,,,,,,,,,,,0.0,0.0355,0.0362,4,0.0,0.0,0.0,64.0,8.837698266443875,0.0,13.479446169527417,18.0,0.8383,0.0,1.0,28.0,0.0362,0.0,1.3494,0.0046041977397343085,0.03760014043237683,0.0355
Ladd McConkey,WR,LAC,DEN,DEN@LAC,False,1.0,,False,,,,,,,,,,,,,0.0,0.1842,0.20145,41,0.0,0.0,0.0,87.0,44.75615588627182,19.48274857149555,62.45231092476528,58.0,3.2501,2.0,4.0,69.0,0.20145,0.0,5.6909,0.0032887126712387916,0.14996745811321108,0.1842
Keaton Mitchell,RB,LAC,DEN,DEN@LAC,False,1.0,,False,,,,,,,,,,,,,0.1412,0.2024,0.2216,56,30.506536447912122,15.06911992394494,40.858249478405156,66.0,11.022963922397642,0.0,16.838611297823018,46.0,1.4596,0.0,2.0,50.0,0.0804,6.1489,2.14545,0.20949279853215524,0.05638636291142218,0.2024
Hayden Rucci,TE,LAC,DEN,DEN@LAC,False,1.0,,False,,,,,,,,,,,,,0.0,0.00395,0.00395,1,0.0,0.0,0.0,60.0,0.8653059253336349,0.0,0.0,60.0,0.08125,0.0,0.0,60.0,0.00395,0.0,0.13305,0.0046041977397343085,0.003587966470410755,0.00395
Brenen Thompson,WR,LAC,DEN,DEN@LAC,False,1.0,,False,,,,,,,,,,,,,0.0,0.03425,0.0349,4,0.0,0.0,0.0,64.0,9.450442602465055,0.0,14.537604472186688,18.0,0.72675,0.0,1.0,23.0,0.0349,0.0,1.2841,0.0046041977397343085,0.03348966677736562,0.03425
Marquez Valdes-Scantling,WR,LAC,DEN,DEN@LAC,False,1.0,,False,,,,,,,,,,,,,0.0,0.03605,0.0366,3,0.0,0.0,0.0,63.0,9.69979332086732,0.0,14.753389046318881,17.0,0.7415,0.0,1.0,22.0,0.0366,0.0,1.3686,0.0046041977397343085,0.036091110957891595,0.03605
Kimani Vidal,RB,LAC,DEN,DEN@LAC,False,1.0,,False,,,,,,,,,,,,,0.05545,0.11475,0.1227,24,13.277634008883952,3.3577846580865534,18.485297473835253,38.0,8.004945326560847,0.0,12.19413449519214,26.0,1.01425,0.0,2.0,13.0,0.06725,2.78225,1.5382,0.09531117616028195,0.04046362227468789,0.11475
Jared Goff,QB,DET,ARI,DET@ARI,False,1.0,,False,21.7883,19.0,25.0,92.0,277.67384049683,208.56316387413682,332.1153259186028,87.0,2.1591,1.0,3.0,72.0,0.0508,0.04945,0.0508,62,,,,,,,,,,,,,,,,,,0.04945
Jahmyr Gibbs,RB,DET,ARI,DET@ARI,False,1.0,,False,,,,,,,,,,,,,0.97085,0.75865,1.3289,85,88.19410795450703,62.56425269614451,108.8753845712729,84.0,36.12479848973524,17.103456684081493,49.72487337023891,73.0,4.0157,2.0,5.0,78.0,0.35805,19.55535,5.3808,0.7751850110497327,0.16214117450103904,0.75865
Tom Kennedy,WR,DET,ARI,DET@ARI,False,1.0,,False,,,,,,,,,,,,,0.0,0.0159,0.01595,1,0.0,0.0,0.0,60.0,3.236722474187802,0.0,0.0,60.0,0.2245,0.0,0.0,60.0,0.01595,0.0,0.36335,0.0038415130614106482,0.010432581648908028,0.0159
Sam LaPorta,TE,DET,ARI,DET@ARI,False,1.0,,False,,,,,,,,,,,,,0.0,0.43905,0.5604,85,0.0,0.0,0.0,97.0,65.27118143116266,36.25394563678468,86.67021686229057,77.0,5.3343,4.0,7.0,83.0,0.5604,0.0,7.67655,0.0038415130614106482,0.19841174899369102,0.43905
Tay Martin,WR,DET,ARI,DET@ARI,False,1.0,,False,,,,,,,,,,,,,0.0,0.01375,0.01385,1,0.0,0.0,0.0,60.0,2.6830787788002097,0.0,0.0,60.0,0.1822,0.0,0.0,60.0,0.01385,0.0,0.29935,0.0038415130614106482,0.008621968304882667,0.01375
Jackson Meeks,WR,DET,ARI,DET@ARI,False,1.0,,False,,,,,,,,,,,,,0.0,0.0302,0.0308,2,0.0,0.0,0.0,62.0,6.366271493320708,0.0,7.469379226104553,26.0,0.43245,0.0,1.0,2.0,0.0308,0.0,0.70165,0.0038415130614106482,0.019737743915269484,0.0302
Jacob Saylors,RB,DET,ARI,DET@ARI,False,1.0,,False,,,,,,,,,,,,,0.00935,0.0157,0.01575,1,1.1004681678355905,0.0,0.0,60.0,0.9442772113733765,0.0,0.0,60.0,0.10765,0.0,0.0,60.0,0.0064,0.2599,0.14765,0.010091520359368623,0.004511173780891067,0.0157
Amon-Ra St. Brown,WR,DET,ARI,DET@ARI,False,1.0,,False,,,,,,,,,,,,,0.0,0.506,0.6787,85,0.0,0.0,0.0,97.0,79.27584690904702,46.07579492341846,104.11686719621184,78.0,6.2184,4.0,8.0,81.0,0.6787,0.0,9.84285,0.0038415130614106482,0.28363227156916554,0.506
Isaac TeSlaa,WR,DET,ARI,DET@ARI,False,1.0,,False,,,,,,,,,,,,,0.0,0.16625,0.1795,46,0.0,0.0,0.0,87.0,26.592127378633997,2.354670318230011,40.0796093445807,45.0,1.57265,1.0,2.0,68.0,0.1795,0.0,2.64545,0.0038415130614106482,0.07567463907937996,0.16625
Sione Vaki,RB,DET,ARI,DET@ARI,False,1.0,,False,,,,,,,,,,,,,0.114,0.14905,0.16005,19,14.004048247132584,4.066720027607914,19.0300090119743,41.0,6.427179099702954,0.0,9.698155043578735,27.0,0.72595,0.0,1.0,31.0,0.04605,3.18795,0.98995,0.12687938776265129,0.030165145527173934,0.14905
Jameson Williams,WR,DET,ARI,DET@ARI,False,1.0,,False,,,,,,,,,,,,,0.0,0.25055,0.2835,55,0.0,0.0,0.0,97.0,57.88427470095304,25.273731612405278,80.28878082993229,71.0,3.41315,2.0,5.0,74.0,0.2835,0.0,5.55125,0.0038415130614106482,0.1581149233879144,0.25055
Brock Wright,TE,DET,ARI,DET@ARI,False,1.0,,False,,,,,,,,,,,,,0.0,0.09335,0.0977,14,0.0,0.0,0.0,68.0,13.12455386486672,0.0,20.12784616651333,22.0,1.1373,0.0,2.0,15.0,0.0977,0.0,1.7301,0.0038415130614106482,0.04523149968397011,0.09335
Jacoby Brissett,QB,ARI,DET,DET@ARI,False,1.0,,False,24.0067,21.0,27.0,93.0,230.53617692559547,176.63824823421794,273.99029227389144,87.0,1.58955,1.0,2.0,81.0,0.13725,0.1292,0.13725,62,,,,,,,,,,,,,,,,,,0.1292
Tyler Allgeier,RB,ARI,DET,DET@ARI,False,1.0,,False,,,,,,,,,,,,,0.2559,0.2968,0.34555,82,30.321879719934945,15.063410573450902,40.1793711311989,70.0,9.351529654890657,0.0,14.066619500392658,50.0,1.41025,0.0,2.0,52.0,0.08965,7.13855,1.8041,0.27039062559705973,0.0509188139512105,0.2968
Kendrick Bourne,WR,ARI,DET,DET@ARI,False,1.0,,False,,,,,,,,,,,,,0.0,0.152,0.164,36,0.0,0.0,0.0,82.0,30.042378337877196,11.062225959544596,42.85760249910385,51.0,2.73095,1.0,4.0,49.0,0.164,0.0,4.0264,0.0033244354637554452,0.10411967540266356,0.152
Jalen Brooks,WR,ARI,DET,DET@ARI,False,1.0,,False,,,,,,,,,,,,,0.0,0.018,0.0181,2,0.0,0.0,0.0,62.0,4.3486027866744665,0.0,3.583885805412442,37.0,0.3721,0.0,1.0,2.0,0.0181,0.0,0.57045,0.0033244354637554452,0.014732886342860475,0.018
Devin Duvernay,WR,ARI,DET,DET@ARI,False,1.0,,False,,,,,,,,,,,,,0.0,0.01225,0.01225,1,0.0,0.0,0.0,60.0,3.101873526654193,0.0,0.0,60.0,0.26795,0.0,0.0,60.0,0.01225,0.0,0.4059,0.0033244354637554452,0.010542776554545575,0.01225
Simi Fehoko,WR,ARI,DET,DET@ARI,False,1.0,,False,,,,,,,,,,,,,0.0,0.0076,0.00765,1,0.0,0.0,0.0,60.0,2.1247829279256285,0.0,0.0,60.0,0.1846,0.0,0.0,60.0,0.00765,0.0,0.28055,0.0033244354637554452,0.007046354049481222,0.0076
Marvin Harrison Jr.,WR,ARI,DET,DET@ARI,False,1.0,,False,,,,,,,,,,,,,0.0,0.15845,0.17075,34,0.0,0.0,0.0,81.0,36.52060625104887,14.00817453493691,51.98835930893928,50.0,2.7798,1.0,4.0,48.0,0.17075,0.0,4.5244,0.0033244354637554452,0.11746819027839879,0.15845
Elijah Higgins,TE,ARI,DET,DET@ARI,False,1.0,,False,,,,,,,,,,,,,0.0,0.0659,0.0678,14,0.0,0.0,0.0,68.0,10.793920260707031,0.0,16.571988203264034,22.0,1.1773,0.0,2.0,17.0,0.0678,0.0,1.5929,0.0033244354637554452,0.04052966017172565,0.0659
Bam Knight,RB,ARI,DET,DET@ARI,False,1.0,,False,,,,,,,,,,,,,0.0637,0.08555,0.0894,1,10.490084801713726,1.495569477853797,14.637308201452338,24.0,4.452563623809553,0.0,6.619878792485521,17.0,0.64275,0.0,1.0,15.0,0.0257,2.2217,0.8434,0.08497460504531658,0.023708042913553586,0.08555
Jeremiyah Love,RB,ARI,DET,DET@ARI,False,1.0,,False,,,,,,,,,,,,,0.44545,0.4599,0.59395,85,61.05114980460885,39.05981079519006,77.30419817545261,81.0,16.063764418392065,5.221187340972791,23.333682795990256,66.0,2.4462,1.0,3.0,75.0,0.1485,13.5013,3.1302,0.5092720640104171,0.08845686991752004,0.4599
Trey McBride,TE,ARI,DET,DET@ARI,False,1.0,,False,,,,,,,,,,,,,0.0,0.42235,0.5334,85,0.0,0.0,0.0,97.0,73.03505198688008,46.16279202391971,94.08594353565589,80.0,8.36995,6.0,10.0,86.0,0.5334,0.0,11.61745,0.0033244354637554452,0.2923659792745885,0.42235
Michael Wilson,WR,ARI,DET,DET@ARI,False,1.0,,False,,,,,,,,,,,,,0.0,0.35835,0.43415,85,0.0,0.0,0.0,97.0,57.41396792902502,31.856841125013396,76.51552347887046,77.0,5.3515,4.0,7.0,83.0,0.43415,0.0,8.4691,0.0033244354637554452,0.21968868570910857,0.35835
Brock Purdy,QB,SF,SEA,SF@SEA,False,1.0,,False,19.26315,16.0,22.0,91.0,201.1366941012753,151.4215648498523,240.9637233395708,87.0,1.5501,1.0,2.0,81.0,0.08535,0.0827,0.08535,62,,,,,,,,,,,,,,,,,,0.0827
Kaelon Black,RB,SF,SEA,SF@SEA,False,1.0,,False,,,,,,,,,,,,,0.1434,0.1498,0.1609,64,31.238548197184066,15.661190118252849,41.5830140778659,58.0,2.5572745593099535,0.0,1.5175289799625742,66.0,0.34975,0.0,1.0,23.0,0.0175,7.03685,0.47495,0.23535440655223241,0.013060571821693389,0.1498
Brandin Cooks,WR,SF,SEA,SF@SEA,False,1.0,,False,,,,,,,,,,,,,0.0,0.05535,0.0568,1,0.0,0.0,0.0,61.0,10.886276262313844,0.0,16.791429583913203,15.0,0.90345,0.0,1.0,28.0,0.0568,0.0,1.46485,0.005374325016067712,0.042895629934630516,0.05535
Jacob Cowing,WR,SF,SEA,SF@SEA,False,1.0,,False,,,,,,,,,,,,,0.0029,0.02925,0.02965,5,0.8579410377948338,0.0,0.0,65.0,5.494701442339584,0.0,6.91372718546568,27.0,0.4479,0.0,1.0,5.0,0.02675,0.18255,0.74105,0.005995845596157175,0.022039752282132303,0.02925
Mike Evans,WR,SF,SEA,SF@SEA,False,1.0,,False,,,,,,,,,,,,,0.0,0.29295,0.3456,64,0.0,0.0,0.0,97.0,49.14891718206043,24.328809270545502,66.77942935509594,72.0,4.03905,2.0,5.0,76.0,0.3456,0.0,6.6417,0.0030710428663244076,0.19581578636827604,0.29295
Luke Farrell,TE,SF,SEA,SF@SEA,False,1.0,,False,,,,,,,,,,,,,0.0,0.0236,0.0239,5,0.0,0.0,0.0,65.0,4.421629620066347,0.0,5.341143115069546,29.0,0.44305,0.0,1.0,5.0,0.0239,0.0,0.65985,0.0030710428663244076,0.020232908814165798,0.0236
Jordan James,RB,SF,SEA,SF@SEA,False,1.0,,False,,,,,,,,,,,,,0.04145,0.0468,0.0478,2,10.648608519816827,1.6406883248956565,14.85402504145911,25.0,0.939331604469441,0.0,0.0,62.0,0.1256,0.0,0.0,62.0,0.00635,2.33115,0.1721,0.07812553672694611,0.0047922598112984304,0.0468
Kyle Juszczyk,RB,SF,SEA,SF@SEA,False,1.0,,False,,,,,,,,,,,,,0.0,0.11385,0.1196,20,0.0,0.0,0.0,68.0,10.106678889179644,0.0,15.453088585929697,22.0,1.30035,0.0,2.0,22.0,0.1196,0.0,1.71975,0.002997415283144682,0.04771474741454408,0.11385
George Kittle,TE,SF,SEA,SF@SEA,False,1.0,,False,,,,,,,,,,,,,0.0,0.3004,0.3514,66,0.0,0.0,0.0,95.0,46.51050193783869,23.802900064673583,63.212893779124144,70.0,4.3543,3.0,6.0,75.0,0.3514,0.0,6.19305,0.0030710428663244076,0.18884963429795898,0.3004
Christian McCaffrey,RB,SF,SEA,SF@SEA,False,1.0,,False,,,,,,,,,,,,,0.3611,0.4962,0.66555,85,59.29662209929626,38.04889979797957,75.71651663755694,81.0,34.71229380987063,17.956974751100393,47.048822134242876,75.0,4.53975,3.0,6.0,80.0,0.30445,12.95835,6.14715,0.43406771894400925,0.17103836063161115,0.4962
Deebo Samuel Sr.,WR,SF,SEA,SF@SEA,False,1.0,,False,,,,,,,,,,,,,0.0167,0.2818,0.3278,57,3.7886543831342236,0.0,4.8352556158619,49.0,38.7981818559839,16.49389896374158,54.42728713908202,58.0,3.21845,2.0,4.0,69.0,0.3111,0.8358,5.005,0.02795070537895178,0.14850278240898987,0.2818
Jordan Watkins,WR,SF,SEA,SF@SEA,False,1.0,,False,,,,,,,,,,,,,0.0,0.0449,0.0461,3,0.0,0.0,0.0,63.0,9.500740191057705,0.0,14.569169489973866,17.0,0.70835,0.0,1.0,20.0,0.0461,0.0,1.1478,0.004299460012854171,0.033760965478700264,0.0449
Brayden Willis,TE,SF,SEA,SF@SEA,False,1.0,,False,,,,,,,,,,,,,0.0,0.00335,0.00335,1,0.0,0.0,0.0,60.0,0.6234269075507481,0.0,0.0,60.0,0.0642,0.0,0.0,60.0,0.00335,0.0,0.0939,0.003582883344045142,0.002838696348869022,0.00335
Sam Darnold,QB,SEA,SF,SF@SEA,False,1.0,,False,19.2521,16.0,22.0,81.0,214.5443077779612,160.1991055847905,256.943960152004,77.0,1.79985,1.0,3.0,57.0,0.0596,0.05755,0.0596,51,,,,,,,,,,,,,,,,,,0.05755
Elijah Arroyo,TE,SEA,SF,SF@SEA,False,1.0,,False,,,,,,,,,,,,,0.0,0.0404,0.0412,2,0.0,0.0,0.0,62.0,6.003487042732285,0.0,8.98143154369057,17.0,0.6358,0.0,1.0,14.0,0.0412,0.0,0.9796,0.003262229815323455,0.02872645490818688,0.0404
AJ Barner,TE,SEA,SF,SF@SEA,False,1.0,,False,,,,,,,,,,,,,0.0219,0.3023,0.35525,59,1.0848767787521225,0.0,0.0,84.0,29.95344643196659,12.610170162721875,42.220475397386174,54.0,3.15635,2.0,4.0,65.0,0.33335,0.24955,4.5709,0.005980754661426334,0.13364013716976386,0.3023
Montorie Foster Jr,WR,SEA,SF,SF@SEA,False,1.0,,False,,,,,,,,,,,,,0.0,0.0113,0.01135,1,0.0,0.0,0.0,60.0,2.0978375651053027,0.0,0.0,60.0,0.17445,0.0,0.0,60.0,0.01135,0.0,0.2817,0.005708902176816046,0.00854305500139244,0.0113
George Holani,RB,SEA,SF,SF@SEA,False,1.0,,False,,,,,,,,,,,,,0.20065,0.26465,0.3011,66,30.81626357332872,15.158822415995385,41.20556182160354,60.0,8.73726436165234,0.0,13.26772029135148,40.0,1.2397,0.0,2.0,37.0,0.10045,7.59665,1.66135,0.17829966896321653,0.047136227034003074,0.26465
Tory Horton,WR,SEA,SF,SF@SEA,False,1.0,,False,,,,,,,,,,,,,0.0,0.10755,0.11265,13,0.0,0.0,0.0,66.0,15.10892875550722,0.0,23.26856119714385,20.0,1.27745,0.0,2.0,19.0,0.11265,0.0,2.0519,0.0038059347845440313,0.06098935874830184,0.10755
Cooper Kupp,WR,SEA,SF,SF@SEA,False,1.0,,False,,,,,,,,,,,,,0.0,0.172,0.18645,27,0.0,0.0,0.0,79.0,29.026161908284053,9.804236381056294,42.17751177026535,46.0,2.46675,1.0,3.0,55.0,0.18645,0.0,3.8707,0.003262229815323455,0.11564225014598997,0.172
Brady Russell,RB,SEA,SF,SF@SEA,False,1.0,,False,,,,,,,,,,,,,0.0,0.0224,0.0226,4,0.0,0.0,0.0,64.0,3.013278257466157,0.0,3.306807598635668,31.0,0.4191,0.0,1.0,4.0,0.0226,0.0,0.5661,0.0028565878489370602,0.015908084359317815,0.0224
Eric Saubert,TE,SEA,SF,SF@SEA,False,1.0,,False,,,,,,,,,,,,,0.0,0.08125,0.08395,16,0.0,0.0,0.0,65.0,4.130382111571752,0.0,4.927717433879723,29.0,0.44465,0.0,1.0,5.0,0.08395,0.0,0.65535,0.003262229815323455,0.019484648712587753,0.08125
Rashid Shaheed,WR,SEA,SF,SF@SEA,False,1.0,,False,,,,,,,,,,,,,0.0092,0.18775,0.2081,37,2.4043415590965056,0.0,1.7750981130740278,62.0,30.987138574717672,11.83240807863959,43.814515721370775,53.0,2.79325,1.0,4.0,52.0,0.1989,0.5367,4.5955,0.012571117924706042,0.1384342180920213,0.18775
Jaxon Smith-Njigba,WR,SEA,SF,SF@SEA,False,1.0,,False,,,,,,,,,,,,,0.0,0.51635,0.70195,85,0.0,0.0,0.0,97.0,92.73113941758565,55.90586775369651,120.84165051348737,79.0,6.8848,5.0,9.0,83.0,0.70195,0.0,10.3212,0.003262229815323455,0.3117321820838493,0.51635
Emanuel Wilson,RB,SEA,SF,SF@SEA,False,1.0,,False,,,,,,,,,,,,,0.4862,0.44765,0.5827,85,66.66866488949394,43.88257875343033,84.0346993804485,82.0,8.130226510872637,0.0,12.523337714646953,54.0,1.1352,0.0,2.0,47.0,0.0965,16.44935,1.5327,0.3854656705746217,0.04332789584955171,0.44765
Lamar Jackson,QB,BAL,ATL,BAL@ATL,False,0.98,DNP,False,18.090987912480237,15.0,21.0,88.0,217.43666706360762,163.03202467164942,261.5692502953153,85.0,1.0978732085479677,0.0,2.0,44.0,0.11909012087519763,0.11261284235222115,0.11909012087519763,60,,,,,,,,,,,,,,,,,,0.11036058550517672
Rasheen Ali,RB,BAL,ATL,BAL@ATL,False,1.0,,False,,,,,,,,,,,,,0.01025,0.026,0.02645,1,1.8500718995537013,0.0,0.9801848134922914,44.0,2.900938926649697,0.0,2.779610812635702,31.0,0.39425,0.0,1.0,1.0,0.0162,0.4674,0.5316,0.014580223883062873,0.015559063618153094,0.026
Mark Andrews,TE,BAL,ATL,BAL@ATL,False,0.9479829842591244,Full,False,,,,,,,,,,,,,0.0,0.23137934657001785,0.26068914801974996,56,0.0,0.0,0.0,93.0,40.123492378429525,19.901393717165284,54.62866918615213,69.0,4.218615400777392,3.0,6.0,73.0,0.26068914801974996,0.0,6.210578842315369,0.0033505810797807047,0.18896138485415612,0.21934368345737174
Rashod Bateman,WR,BAL,ATL,BAL@ATL,False,0.9575230478992892,Limited,False,,,,,,,,,,,,,0.0,0.1553732824826289,0.16874771433049474,36,0.0,0.0,0.0,80.0,32.089682454760016,10.860203390998983,46.49938712602783,48.0,2.4276683558852725,1.0,3.0,57.0,0.16874771433049474,0.0,4.027637009560629,0.0033505810797807047,0.11304039849100514,0.14877349900488407
Josh Cuevas,TE,BAL,ATL,BAL@ATL,False,1.0,,False,,,,,,,,,,,,,0.0,0.00935,0.00935,2,0.0,0.0,0.0,62.0,2.110132064314834,0.0,0.0,62.0,0.2116,0.0,0.0,62.0,0.00935,0.0,0.307,0.0033505810797807047,0.009294297494993331,0.00935
Zay Flowers,WR,BAL,ATL,BAL@ATL,False,0.9575230478992892,Limited,False,,,,,,,,,,,,,0.004806938711531428,0.3102042948952401,0.36443910340143165,58,0.8895872282075067,0.0,0.0,91.0,88.9110973548803,50.63135510436817,117.50541471708465,69.0,5.735409373530487,4.0,7.0,76.0,0.3596321646899002,0.23083755682115054,8.635508647264748,0.007337968505133763,0.24387230716373148,0.2970277619195402
Derrick Henry,RB,BAL,ATL,BAL@ATL,False,1.0,,False,,,,,,,,,,,,,0.6598,0.5202,0.7081,85,77.88576656051869,53.52124969012606,97.17392956329786,83.0,8.887843972833272,0.0,13.729946369870092,54.0,1.20565,0.0,2.0,50.0,0.0483,19.5598,1.6401,0.6096151480726455,0.047920297792953204,0.5202
Matthew Hibner,TE,BAL,ATL,BAL@ATL,False,1.0,,False,,,,,,,,,,,,,0.0,0.05405,0.0551,14,0.0,0.0,0.0,68.0,6.606473386760959,0.0,9.963155201617663,23.0,0.6574,0.0,1.0,22.0,0.0551,0.0,0.9649,0.0033505810797807047,0.028866262668102594,0.05405
Justice Hill,RB,BAL,ATL,BAL@ATL,False,1.0,,False,,,,,,,,,,,,,0.06505,0.11785,0.1241,19,11.934413078921963,2.8039795517251607,16.055054275119332,44.0,10.60498831794963,0.0,16.234490781252326,31.0,1.39815,0.0,2.0,34.0,0.05905,3.02985,1.8684,0.09454470175228535,0.05464796245885075,0.11785
Chris Moore,WR,BAL,ATL,BAL@ATL,False,0.9575230478992892,Limited,False,,,,,,,,,,,,,0.0,0.09912551709692621,0.10410012043776509,15,0.0,0.0,0.0,67.0,19.09835117187337,0.0,29.04308372849337,23.0,1.4517987118395559,0.0,2.0,27.0,0.10410012043776509,0.0,2.419594700738336,0.0039090112597441554,0.06779387238461833,0.09491496725524189
Elijah Sarratt,WR,BAL,ATL,BAL@ATL,False,1.0,,False,,,,,,,,,,,,,0.0,0.05155,0.0529,2,0.0,0.0,0.0,62.0,13.367692880538334,0.0,20.743815454558884,16.0,1.07595,0.0,2.0,6.0,0.0529,0.0,1.7183,0.005863516889616232,0.04788492639190103,0.05155
Devontez Walker,WR,BAL,ATL,BAL@ATL,False,1.0,,False,,,,,,,,,,,,,0.0,0.0384,0.0392,9,0.0,0.0,0.0,68.0,11.594049980500978,0.0,18.103367539138258,21.0,0.84235,0.0,1.0,32.0,0.0392,0.0,1.3518,0.0039090112597441554,0.03731054551729006,0.0384
LaJohntay Wester,WR,BAL,ATL,BAL@ATL,False,1.0,,False,,,,,,,,,,,,,0.0,0.01815,0.01825,7,0.0,0.0,0.0,66.0,4.561946377231723,0.0,3.8409596399301167,41.0,0.3701,0.0,1.0,6.0,0.01825,0.0,0.589,0.0033505810797807047,0.016153341357279926,0.01815
Michael Penix Jr.,QB,ATL,BAL,BAL@ATL,False,1.0,,False,16.24455,14.0,19.0,67.0,183.6479790976008,135.29556386453945,222.25393109967638,62.0,1.0389,0.0,2.0,19.0,0.064,0.06235,0.064,36,,,,,,,,,,,,,,,,,,0.06235
Chris Blair,WR,ATL,BAL,BAL@ATL,False,1.0,,False,,,,,,,,,,,,,0.0,0.0227,0.0228,5,0.0,0.0,0.0,65.0,4.529362568936931,0.0,4.510836425808985,35.0,0.3775,0.0,1.0,5.0,0.0228,0.0,0.6239,0.0031502759534442386,0.022943739101831354,0.0227
Zachariah Branch,WR,ATL,BAL,BAL@ATL,False,1.0,,False,,,,,,,,,,,,,0.0,0.04595,0.047,11,0.0,0.0,0.0,70.0,9.309333784517396,0.0,14.359341619940993,23.0,0.8081,0.0,1.0,32.0,0.047,0.0,1.29855,0.0031502759534442386,0.047572260203136776,0.04595
Jahan Dotson,WR,ATL,BAL,BAL@ATL,False,1.0,,False,,,,,,,,,,,,,0.0,0.1082,0.1133,23,0.0,0.0,0.0,81.0,24.59623261156197,6.189583308778306,36.22413717235287,44.0,1.92325,1.0,3.0,50.0,0.1133,0.0,3.25795,0.0031502759534442386,0.11891367777770208,0.1082
Austin Hooper,TE,ATL,BAL,BAL@ATL,False,1.0,,False,,,,,,,,,,,,,0.0,0.0865,0.089,18,0.0,0.0,0.0,71.0,10.798100181395979,0.0,16.418088110975404,26.0,1.08355,0.0,2.0,16.0,0.089,0.0,1.599,0.0031502759534442386,0.05896569395380625,0.0865
Drake London,WR,ATL,BAL,BAL@ATL,False,1.0,,False,,,,,,,,,,,,,0.01205,0.22965,0.25955,44,1.4141949443895183,0.0,0.0,97.0,68.49357714441408,35.82918623112716,92.57267518675317,75.0,4.58805,3.0,6.0,80.0,0.2475,0.32295,7.31585,0.009819206903275791,0.2657058886880604,0.22965
Nick Muse,TE,ATL,BAL,BAL@ATL,False,1.0,,False,,,,,,,,,,,,,0.0,0.0055,0.0055,1,0.0,0.0,0.0,60.0,1.1337270364182244,0.0,0.0,60.0,0.11595,0.0,0.0,60.0,0.0055,0.0,0.17035,0.0031502759534442386,0.006412526636874322,0.0055
Kyle Pitts,TE,ATL,BAL,BAL@ATL,False,1.0,,False,,,,,,,,,,,,,0.0,0.13375,0.1431,16,0.0,0.0,0.0,74.0,27.681669468527137,10.70447682474273,39.372712179115666,43.0,2.7354,1.0,4.0,41.0,0.1431,0.0,4.04015,0.0031502759534442386,0.14883344518443625,0.13375
Bijan Robinson,RB,ATL,BAL,BAL@ATL,False,1.0,,False,,,,,,,,,,,,,0.83055,0.6607,1.02855,85,95.5725972000325,67.92283354284844,117.7751391228841,84.0,28.094960618287033,12.735224910384199,39.10083251707176,72.0,3.50535,2.0,5.0,74.0,0.198,17.74445,4.79505,0.5235796372245433,0.18925834294243946,0.6607
Brian Robinson,RB,ATL,BAL,BAL@ATL,False,1.0,,False,,,,,,,,,,,,,0.36855,0.35005,0.4213,70,37.55425168707395,20.221986745963186,49.670017167630085,70.0,3.3993939157861996,0.0,4.4666858729261385,54.0,0.4662,0.0,1.0,33.0,0.05275,8.48845,0.6372,0.25096651855602936,0.02478586043366652,0.35005
Charlie Woerner,TE,ATL,BAL,BAL@ATL,False,1.0,,False,,,,,,,,,,,,,0.0,0.0519,0.0532,9,0.0,0.0,0.0,63.0,3.323651799632405,0.0,1.9352556267877787,46.0,0.3338,0.0,1.0,3.0,0.0532,0.0,0.5078,0.0031502759534442386,0.019074873176285142,0.0519
Olamide Zaccheaus,WR,ATL,BAL,BAL@ATL,False,1.0,,False,,,,,,,,,,,,,0.0,0.1121,0.11935,18,0.0,0.0,0.0,71.0,15.37404030742515,0.0,23.271717561453542,26.0,1.47315,0.0,2.0,30.0,0.11935,0.0,2.42865,0.0031502759534442386,0.08995595154860761,0.1121
Josh Allen,QB,BUF,LA,BUF@LA,False,1.0,,False,17.7219,15.0,20.0,92.0,198.8882320850198,147.97014339803025,239.93858440357855,86.0,1.45445,1.0,2.0,79.0,0.3547,0.3021,0.3547,62,,,,,,,,,,,,,,,,,,0.3021
Keon Coleman,WR,BUF,LA,BUF@LA,False,1.0,,False,,,,,,,,,,,,,0.0,0.1829,0.2011,39,0.0,0.0,0.0,86.0,31.065142256257765,10.910633586356077,44.687325415519105,53.0,2.46495,1.0,3.0,61.0,0.2011,0.0,4.18715,0.003392941625850868,0.1301267530969299,0.1829
James Cook,RB,BUF,LA,BUF@LA,False,1.0,,False,,,,,,,,,,,,,0.77565,0.6151,0.91075,85,85.20964985538015,59.36138013886743,106.02298850214125,84.0,12.066472381528344,1.420724844463067,17.930987939614205,59.0,1.61485,1.0,2.0,81.0,0.1351,15.97525,2.35745,0.5745358041937717,0.07355259779299152,0.6151
Ray Davis,RB,BUF,LA,BUF@LA,False,1.0,,False,,,,,,,,,,,,,0.0522,0.06635,0.0678,3,6.288535283636078,0.0,8.443384877934863,22.0,2.140578537498338,0.0,0.0,63.0,0.2921,0.0,0.0,63.0,0.0156,1.466,0.429,0.05343878027049583,0.01374792486684495,0.06635
Greg Dortch,WR,BUF,LA,BUF@LA,False,1.0,,False,,,,,,,,,,,,,0.0,0.0224,0.0226,1,0.0,0.0,0.0,60.0,4.362600735457559,0.0,4.606825621755716,28.0,0.3975,0.0,1.0,1.0,0.0226,0.0,0.65795,0.003392941625850868,0.020426963710725405,0.0224
Frank Gore Jr.,RB,BUF,LA,BUF@LA,False,1.0,,False,,,,,,,,,,,,,0.0356,0.04035,0.04125,1,4.1576044329625885,0.0,5.288205389598691,22.0,0.8159184796371035,0.0,0.0,61.0,0.10935,0.0,0.0,61.0,0.00565,0.97575,0.16235,0.035398489107721476,0.005049536016710262,0.04035
Jackson Hawes,TE,BUF,LA,BUF@LA,False,1.0,,False,,,,,,,,,,,,,0.0,0.0214,0.0217,2,0.0,0.0,0.0,62.0,3.632852147005034,0.0,3.057828823976217,36.0,0.36215,0.0,1.0,2.0,0.0217,0.0,0.5845,0.003392941625850868,0.020000343307203145,0.0214
Ty Johnson,RB,BUF,LA,BUF@LA,False,1.0,,False,,,,,,,,,,,,,0.0928,0.19,0.2095,19,10.915070263094663,2.2596430205097136,14.75178662474254,33.0,14.074829228759395,2.2290973348424425,21.11626813275824,27.0,1.69475,1.0,2.0,50.0,0.1167,2.62005,2.52045,0.09494932660053809,0.07891110438646139,0.19
Dalton Kincaid,TE,BUF,LA,BUF@LA,False,1.0,,False,,,,,,,,,,,,,0.0,0.17895,0.19575,39,0.0,0.0,0.0,90.0,36.52576176129583,15.249692367250143,51.472733451449436,61.0,3.09995,2.0,4.0,71.0,0.19575,0.0,4.8393,0.003392941625850868,0.16248131867061974,0.17895
Dawson Knox,TE,BUF,LA,BUF@LA,False,1.0,,False,,,,,,,,,,,,,0.007,0.11495,0.12165,22,0.8135019171731501,0.0,0.0,70.0,11.101088820672453,0.0,17.004234278869486,24.0,1.1044,0.0,2.0,15.0,0.11465,0.1879,1.7487,0.006820155389336594,0.05831967232573491,0.11495
Keleki Latu,TE,BUF,LA,BUF@LA,False,1.0,,False,,,,,,,,,,,,,0.0,0.0041,0.0041,1,0.0,0.0,0.0,60.0,0.6838635489150309,0.0,0.0,60.0,0.06915,0.0,0.0,60.0,0.0041,0.0,0.1118,0.003392941625850868,0.00375454697026336,0.0041
DJ Moore,WR,BUF,LA,BUF@LA,False,1.0,,False,,,,,,,,,,,,,0.01285,0.2413,0.2726,52,1.3730964918110293,0.0,0.0,92.0,37.972551194510466,15.300514502833483,53.61035574569062,62.0,2.8768,2.0,4.0,71.0,0.25975,0.33895,5.1431,0.012189456952130896,0.15987487467626524,0.2413
Josh Palmer,WR,BUF,LA,BUF@LA,False,1.0,,False,,,,,,,,,,,,,0.0,0.0836,0.0877,16,0.0,0.0,0.0,74.0,18.452887204757385,0.0,28.07996667412893,29.0,1.30165,0.0,2.0,28.0,0.0877,0.0,2.4038,0.003392941625850868,0.07456817171400026,0.0836
Khalil Shakir,WR,BUF,LA,BUF@LA,False,1.0,,False,,,,,,,,,,,,,0.0,0.2967,0.3474,68,0.0,0.0,0.0,97.0,40.28877765714741,18.779799016937915,55.555707936538234,69.0,3.5989,2.0,5.0,72.0,0.3474,0.0,6.0873,0.003392941625850868,0.19028190712246992,0.2967
Matthew Stafford,QB,LA,BUF,BUF@LA,False,1.0,,False,21.80135,19.0,25.0,92.0,267.2589055228079,200.6644117039067,319.9456328991041,87.0,2.06235,1.0,3.0,71.0,0.09165,0.08805,0.09165,62,,,,,,,,,,,,,,,,,,0.08805
Davante Adams,WR,LA,BUF,BUF@LA,False,1.0,,False,,,,,,,,,,,,,0.0,0.4316,0.55225,66,0.0,0.0,0.0,97.0,75.79029412635752,40.694114298994506,101.64822652823857,76.0,4.96585,3.0,6.0,82.0,0.55225,0.0,8.7455,0.0031610623920732108,0.19858760247758686,0.4316
Davis Allen,TE,LA,BUF,BUF@LA,False,1.0,,False,,,,,,,,,,,,,0.0,0.059,0.0605,12,0.0,0.0,0.0,71.0,9.465153145539748,0.0,14.621773590564567,25.0,0.9544,0.0,1.0,40.0,0.0605,0.0,1.4544,0.0031610623920732108,0.03588219245948672,0.059
Tutu Atwell,WR,LA,BUF,BUF@LA,False,1.0,,False,,,,,,,,,,,,,0.0,0.06065,0.0622,4,0.0,0.0,0.0,64.0,11.125400082491335,0.0,16.858493527333756,19.0,0.8482,0.0,1.0,29.0,0.0622,0.0,1.40155,0.004425487348902494,0.03211023049436882,0.06065
Alex Bachman,WR,LA,BUF,BUF@LA,False,1.0,,False,,,,,,,,,,,,,0.0,0.01215,0.01215,1,0.0,0.0,0.0,60.0,2.2438051884225723,0.0,0.0,60.0,0.182,0.0,0.0,60.0,0.01215,0.0,0.30415,0.005531859186128118,0.006649207669315253,0.01215
Dean Connors,RB,LA,BUF,BUF@LA,False,1.0,,False,,,,,,,,,,,,,0.00565,0.01085,0.01085,1,0.7775281393229884,0.0,0.0,60.0,0.7097781860042288,0.0,0.0,60.0,0.09295,0.0,0.0,60.0,0.0052,0.17705,0.1311,0.006149077883509232,0.003046940170706678,0.01085
Blake Corum,RB,LA,BUF,BUF@LA,False,1.0,,False,,,,,,,,,,,,,0.2713,0.3036,0.3585,40,37.56748238117486,20.166245258173312,49.862506865527784,68.0,5.7952189280490485,0.0,8.751348706853324,46.0,0.7699,0.0,1.0,52.0,0.0872,7.873,1.081,0.26616492567221123,0.025578523476510427,0.3036
Tyler Higbee,TE,LA,BUF,BUF@LA,False,1.0,,False,,,,,,,,,,,,,0.0,0.21955,0.2471,44,0.0,0.0,0.0,90.0,25.966563876969087,8.400849185814053,37.71276643187389,57.0,2.457,1.0,3.0,66.0,0.2471,0.0,3.7537,0.0031610623920732108,0.09300987547845861,0.21955
Konata Mumpfield,WR,LA,BUF,BUF@LA,False,1.0,,False,,,,,,,,,,,,,0.0,0.12925,0.13745,30,0.0,0.0,0.0,82.0,16.406632732071344,0.0,24.99587216350502,37.0,1.1751,0.0,2.0,31.0,0.13745,0.0,2.16355,0.0031610623920732108,0.048509016879966,0.12925
Puka Nacua,WR,LA,BUF,BUF@LA,False,1.0,,False,,,,,,,,,,,,,0.0431,0.4182,0.5328,42,1.397490503497959,0.0,0.0,88.0,89.88968631562561,52.694587736978725,118.07165447961748,66.0,6.56505,5.0,8.0,74.0,0.4897,0.31365,10.39475,0.010326137147439155,0.23532980121091074,0.4182
Colby Parkinson,TE,LA,BUF,BUF@LA,False,1.0,,False,,,,,,,,,,,,,0.0,0.17205,0.18645,20,0.0,0.0,0.0,68.0,15.842488162364242,0.36659576514895764,23.840634874395917,24.0,1.5698,1.0,2.0,49.0,0.18645,0.0,2.33705,0.0036879061240854124,0.05739634136622299,0.17205
Jordan Whittington,WR,LA,BUF,BUF@LA,False,1.0,,False,,,,,,,,,,,,,0.0,0.0534,0.0549,5,0.0,0.0,0.0,65.0,9.684514686004132,0.0,14.83077011828723,19.0,0.78665,0.0,1.0,27.0,0.0549,0.0,1.25735,0.0036879061240854124,0.0283203498503757,0.0534
Kyren Williams,RB,LA,BUF,BUF@LA,False,1.0,,False,,,,,,,,,,,,,0.7103,0.6413,0.9805,85,71.50127520716539,47.92231886708765,90.21850757241566,82.0,23.705345263433713,9.109243513292427,33.56785488946144,69.0,3.01535,2.0,4.0,80.0,0.2702,14.1749,4.2534,0.47929651004145757,0.09969113861169691,0.6413
