player,team,opp,pos,game,market,prob,fair_odds,rush_td_mean,rec_td_mean,confidence,injury_flag,key_drivers,p_active,note
Jalon Daniels,TB,DAL,QB,TB@DAL,anytime_td,0.0891,1022,0.0937,0.0,C,-,team att 34.1; ypa 7.24; opp d_ypa 1.09; pass rate 60.8%,1.0,
Jalon Daniels,TB,DAL,QB,TB@DAL,first_td,0.017369194277944276,5657,0.0937,0.0,C,-,team att 34.1; ypa 7.24; opp d_ypa 1.09; pass rate 60.8%,1.0,
Jalon Daniels,TB,DAL,QB,TB@DAL,last_td,0.017369194277944276,5657,0.0937,0.0,C,-,team att 34.1; ypa 7.24; opp d_ypa 1.09; pass rate 60.8%,1.0,
Jalon Daniels,TB,DAL,QB,TB@DAL,2plus_td,0.00455,21878,0.0937,0.0,C,-,team att 34.1; ypa 7.24; opp d_ypa 1.09; pass rate 60.8%,1.0,
Emeka Egbuka,TB,DAL,WR,TB@DAL,anytime_td,0.20585,386,0.0052,0.22235,B,-,tgt_sh 20.2%; team att 34.1; opp DvP 0.90; RZ tgt 3,1.0,
Emeka Egbuka,TB,DAL,WR,TB@DAL,first_td,0.042157223887223885,2272,0.0052,0.22235,B,-,tgt_sh 20.2%; team att 34.1; opp DvP 0.90; RZ tgt 3,1.0,
Emeka Egbuka,TB,DAL,WR,TB@DAL,last_td,0.042157223887223885,2272,0.0052,0.22235,B,-,tgt_sh 20.2%; team att 34.1; opp DvP 0.90; RZ tgt 3,1.0,
Emeka Egbuka,TB,DAL,WR,TB@DAL,2plus_td,0.0205,4778,0.0052,0.22235,B,-,tgt_sh 20.2%; team att 34.1; opp DvP 0.90; RZ tgt 3,1.0,
Kenny Gainwell,TB,DAL,RB,TB@DAL,anytime_td,0.20505,388,0.0963,0.12995,B,-,tgt_sh 9.1%; team att 34.1; opp DvP 0.93; RZ tgt 3; car_sh 14.9%; team rush 24.0; opp d_ypc 1.08; inside-10 car 0,1.0,
Kenny Gainwell,TB,DAL,RB,TB@DAL,first_td,0.04159733752358752,2304,0.0963,0.12995,B,-,tgt_sh 9.1%; team att 34.1; opp DvP 0.93; RZ tgt 3; car_sh 14.9%; team rush 24.0; opp d_ypc 1.08; inside-10 car 0,1.0,
Kenny Gainwell,TB,DAL,RB,TB@DAL,last_td,0.04159733752358752,2304,0.0963,0.12995,B,-,tgt_sh 9.1%; team att 34.1; opp DvP 0.93; RZ tgt 3; car_sh 14.9%; team rush 24.0; opp d_ypc 1.08; inside-10 car 0,1.0,
Kenny Gainwell,TB,DAL,RB,TB@DAL,2plus_td,0.0203,4826,0.0963,0.12995,B,-,tgt_sh 9.1%; team att 34.1; opp DvP 0.93; RZ tgt 3; car_sh 14.9%; team rush 24.0; opp d_ypc 1.08; inside-10 car 0,1.0,
Chris Godwin Jr.,TB,DAL,WR,TB@DAL,anytime_td,0.1214,724,0.00815,0.121,B,-,tgt_sh 15.2%; team att 34.1; opp DvP 0.90; RZ tgt 0,1.0,
Chris Godwin Jr.,TB,DAL,WR,TB@DAL,first_td,0.02361626498501498,4134,0.00815,0.121,B,-,tgt_sh 15.2%; team att 34.1; opp DvP 0.90; RZ tgt 0,1.0,
Chris Godwin Jr.,TB,DAL,WR,TB@DAL,last_td,0.02361626498501498,4134,0.00815,0.121,B,-,tgt_sh 15.2%; team att 34.1; opp DvP 0.90; RZ tgt 0,1.0,
Chris Godwin Jr.,TB,DAL,WR,TB@DAL,2plus_td,0.00745,13323,0.00815,0.121,B,-,tgt_sh 15.2%; team att 34.1; opp DvP 0.90; RZ tgt 0,1.0,
Ted Hurst III,TB,DAL,WR,TB@DAL,anytime_td,0.12785,682,0.0,0.1356,C,-,tgt_sh 12.1%; team att 34.1; opp DvP 0.90; RZ tgt 2,1.0,
Ted Hurst III,TB,DAL,WR,TB@DAL,first_td,0.024835945027195026,3926,0.0,0.1356,C,-,tgt_sh 12.1%; team att 34.1; opp DvP 0.90; RZ tgt 2,1.0,
Ted Hurst III,TB,DAL,WR,TB@DAL,last_td,0.024835945027195026,3926,0.0,0.1356,C,-,tgt_sh 12.1%; team att 34.1; opp DvP 0.90; RZ tgt 2,1.0,
Ted Hurst III,TB,DAL,WR,TB@DAL,2plus_td,0.00755,13145,0.0,0.1356,C,-,tgt_sh 12.1%; team att 34.1; opp DvP 0.90; RZ tgt 2,1.0,
Bucky Irving,TB,DAL,RB,TB@DAL,anytime_td,0.4199,138,0.36635,0.1622,B,-,tgt_sh 10.6%; team att 34.1; opp DvP 0.93; RZ tgt 4; car_sh 52.9%; team rush 24.0; opp d_ypc 1.08; inside-10 car 1,1.0,
Bucky Irving,TB,DAL,RB,TB@DAL,first_td,0.09813118548118546,919,0.36635,0.1622,B,-,tgt_sh 10.6%; team att 34.1; opp DvP 0.93; RZ tgt 4; car_sh 52.9%; team rush 24.0; opp d_ypc 1.08; inside-10 car 1,1.0,
Bucky Irving,TB,DAL,RB,TB@DAL,last_td,0.09813118548118546,919,0.36635,0.1622,B,-,tgt_sh 10.6%; team att 34.1; opp DvP 0.93; RZ tgt 4; car_sh 52.9%; team rush 24.0; opp d_ypc 1.08; inside-10 car 1,1.0,
Bucky Irving,TB,DAL,RB,TB@DAL,2plus_td,0.0956,946,0.36635,0.1622,B,-,tgt_sh 10.6%; team att 34.1; opp DvP 0.93; RZ tgt 4; car_sh 52.9%; team rush 24.0; opp d_ypc 1.08; inside-10 car 1,1.0,
Kameron Johnson,TB,DAL,WR,TB@DAL,anytime_td,0.0153,6436,0.0,0.01535,C,-,w_td 0.02; team TD 1.82,1.0,
Kameron Johnson,TB,DAL,WR,TB@DAL,first_td,0.0028021434121434123,35587,0.0,0.01535,C,-,w_td 0.02; team TD 1.82,1.0,
Kameron Johnson,TB,DAL,WR,TB@DAL,last_td,0.0028021434121434123,35587,0.0,0.01535,C,-,w_td 0.02; team TD 1.82,1.0,
Kameron Johnson,TB,DAL,WR,TB@DAL,2plus_td,5e-05,999900,0.0,0.01535,C,-,w_td 0.02; team TD 1.82,1.0,
Tez Johnson,TB,DAL,WR,TB@DAL,anytime_td,0.09815,919,0.00875,0.09385,C,-,tgt_sh 6.8%; team att 34.1; opp DvP 0.90; RZ tgt 2,1.0,
Tez Johnson,TB,DAL,WR,TB@DAL,first_td,0.018939751082251082,5180,0.00875,0.09385,C,-,tgt_sh 6.8%; team att 34.1; opp DvP 0.90; RZ tgt 2,1.0,
Tez Johnson,TB,DAL,WR,TB@DAL,last_td,0.018939751082251082,5180,0.00875,0.09385,C,-,tgt_sh 6.8%; team att 34.1; opp DvP 0.90; RZ tgt 2,1.0,
Tez Johnson,TB,DAL,WR,TB@DAL,2plus_td,0.00445,22372,0.00875,0.09385,C,-,tgt_sh 6.8%; team att 34.1; opp DvP 0.90; RZ tgt 2,1.0,
Cade Otton,TB,DAL,TE,TB@DAL,anytime_td,0.1876,433,0.0,0.20535,B,-,tgt_sh 18.5%; team att 34.1; opp DvP 1.11; RZ tgt 2,1.0,
Cade Otton,TB,DAL,TE,TB@DAL,first_td,0.03743564074814075,2571,0.0,0.20535,B,-,tgt_sh 18.5%; team att 34.1; opp DvP 1.11; RZ tgt 2,1.0,
Cade Otton,TB,DAL,TE,TB@DAL,last_td,0.03743564074814075,2571,0.0,0.20535,B,-,tgt_sh 18.5%; team att 34.1; opp DvP 1.11; RZ tgt 2,1.0,
Cade Otton,TB,DAL,TE,TB@DAL,2plus_td,0.01705,5765,0.0,0.20535,B,-,tgt_sh 18.5%; team att 34.1; opp DvP 1.11; RZ tgt 2,1.0,
Sean Tucker,TB,DAL,RB,TB@DAL,anytime_td,0.067,1393,0.0625,0.00625,C,-,w_td 0.09; team TD 1.82,1.0,
Sean Tucker,TB,DAL,RB,TB@DAL,first_td,0.012742024364524365,7748,0.0625,0.00625,C,-,w_td 0.09; team TD 1.82,1.0,
Sean Tucker,TB,DAL,RB,TB@DAL,last_td,0.012742024364524365,7748,0.0625,0.00625,C,-,w_td 0.09; team TD 1.82,1.0,
Sean Tucker,TB,DAL,RB,TB@DAL,2plus_td,0.00175,57043,0.0625,0.00625,C,-,w_td 0.09; team TD 1.82,1.0,
Dak Prescott,DAL,TB,QB,TB@DAL,anytime_td,0.11685,756,0.12415,0.0,B,-,team att 34.2; ypa 7.09; opp d_ypa 0.98; pass rate 58.9%,1.0,
Dak Prescott,DAL,TB,QB,TB@DAL,first_td,0.023834085497835496,4096,0.12415,0.0,B,-,team att 34.2; ypa 7.09; opp d_ypa 0.98; pass rate 58.9%,1.0,
Dak Prescott,DAL,TB,QB,TB@DAL,last_td,0.023834085497835496,4096,0.12415,0.0,B,-,team att 34.2; ypa 7.09; opp d_ypa 0.98; pass rate 58.9%,1.0,
Dak Prescott,DAL,TB,QB,TB@DAL,2plus_td,0.00705,14084,0.12415,0.0,B,-,team att 34.2; ypa 7.09; opp d_ypa 0.98; pass rate 58.9%,1.0,
Emari Demercado,DAL,TB,RB,TB@DAL,anytime_td,0.12865,677,0.11145,0.02515,C,-,car_sh 12.4%; team rush 25.0; opp d_ypc 0.88; inside-10 car 0,1.0,
Emari Demercado,DAL,TB,RB,TB@DAL,first_td,0.025851477272727272,3768,0.11145,0.02515,C,-,car_sh 12.4%; team rush 25.0; opp d_ypc 0.88; inside-10 car 0,1.0,
Emari Demercado,DAL,TB,RB,TB@DAL,last_td,0.025851477272727272,3768,0.11145,0.02515,C,-,car_sh 12.4%; team rush 25.0; opp d_ypc 0.88; inside-10 car 0,1.0,
Emari Demercado,DAL,TB,RB,TB@DAL,2plus_td,0.00775,12803,0.11145,0.02515,C,-,car_sh 12.4%; team rush 25.0; opp d_ypc 0.88; inside-10 car 0,1.0,
Jake Ferguson,DAL,TB,TE,TB@DAL,anytime_td,0.26155,282,0.0,0.3003,C,-,tgt_sh 12.6%; team att 34.2; opp DvP 1.04; RZ tgt 4,1.0,
Jake Ferguson,DAL,TB,TE,TB@DAL,first_td,0.057012665251415254,1654,0.0,0.3003,C,-,tgt_sh 12.6%; team att 34.2; opp DvP 1.04; RZ tgt 4,1.0,
Jake Ferguson,DAL,TB,TE,TB@DAL,last_td,0.057012665251415254,1654,0.0,0.3003,C,-,tgt_sh 12.6%; team att 34.2; opp DvP 1.04; RZ tgt 4,1.0,
Jake Ferguson,DAL,TB,TE,TB@DAL,2plus_td,0.0354,2725,0.0,0.3003,C,-,tgt_sh 12.6%; team att 34.2; opp DvP 1.04; RZ tgt 4,1.0,
Ryan Flournoy,DAL,TB,WR,TB@DAL,anytime_td,0.2905,244,0.0,0.3394,B,-,tgt_sh 13.4%; team att 34.2; opp DvP 1.04; RZ tgt 5,1.0,
Ryan Flournoy,DAL,TB,WR,TB@DAL,first_td,0.06427739593739593,1456,0.0,0.3394,B,-,tgt_sh 13.4%; team att 34.2; opp DvP 1.04; RZ tgt 5,1.0,
Ryan Flournoy,DAL,TB,WR,TB@DAL,last_td,0.06427739593739593,1456,0.0,0.3394,B,-,tgt_sh 13.4%; team att 34.2; opp DvP 1.04; RZ tgt 5,1.0,
Ryan Flournoy,DAL,TB,WR,TB@DAL,2plus_td,0.0451,2117,0.0,0.3394,B,-,tgt_sh 13.4%; team att 34.2; opp DvP 1.04; RZ tgt 5,1.0,
Tyler Goodson,DAL,TB,RB,TB@DAL,anytime_td,0.15154698744550088,560,0.13300414981352104,0.029941692493565163,C,no game designation yet (Full),car_sh 14.6%; team rush 25.0; opp d_ypc 0.88; inside-10 car 0,0.9508674235277402,
Tyler Goodson,DAL,TB,RB,TB@DAL,first_td,0.031186438158387515,3107,0.13300414981352104,0.029941692493565163,C,no game designation yet (Full),car_sh 14.6%; team rush 25.0; opp d_ypc 0.88; inside-10 car 0,0.9508674235277402,
Tyler Goodson,DAL,TB,RB,TB@DAL,last_td,0.031186438158387515,3107,0.13300414981352104,0.029941692493565163,C,no game designation yet (Full),car_sh 14.6%; team rush 25.0; opp d_ypc 0.88; inside-10 car 0,0.9508674235277402,
Tyler Goodson,DAL,TB,RB,TB@DAL,2plus_td,0.011083679151126753,8922,0.13300414981352104,0.029941692493565163,C,no game designation yet (Full),car_sh 14.6%; team rush 25.0; opp d_ypc 0.88; inside-10 car 0,0.9508674235277402,
CeeDee Lamb,DAL,TB,WR,TB@DAL,anytime_td,0.43243385408447743,131,0.010941034138130556,0.5367944874020304,B,no game designation yet (Full),tgt_sh 26.1%; team att 34.2; opp DvP 1.04; RZ tgt 6,0.9479829842591244,
CeeDee Lamb,DAL,TB,WR,TB@DAL,first_td,0.104694587699164,855,0.010941034138130556,0.5367944874020304,B,no game designation yet (Full),tgt_sh 26.1%; team att 34.2; opp DvP 1.04; RZ tgt 6,0.9479829842591244,
CeeDee Lamb,DAL,TB,WR,TB@DAL,last_td,0.104694587699164,855,0.010941034138130556,0.5367944874020304,B,no game designation yet (Full),tgt_sh 26.1%; team att 34.2; opp DvP 1.04; RZ tgt 6,0.9479829842591244,
CeeDee Lamb,DAL,TB,WR,TB@DAL,2plus_td,0.09883751512282363,912,0.010941034138130556,0.5367944874020304,B,no game designation yet (Full),tgt_sh 26.1%; team att 34.2; opp DvP 1.04; RZ tgt 6,0.9479829842591244,
Hunter Luepke,DAL,TB,RB,TB@DAL,anytime_td,0.04585,2081,0.0272,0.0195,C,-,w_td 0.03; team TD 3.24,1.0,
Hunter Luepke,DAL,TB,RB,TB@DAL,first_td,0.009155682928182928,10822,0.0272,0.0195,C,-,w_td 0.03; team TD 3.24,1.0,
Hunter Luepke,DAL,TB,RB,TB@DAL,last_td,0.009155682928182928,10822,0.0272,0.0195,C,-,w_td 0.03; team TD 3.24,1.0,
Hunter Luepke,DAL,TB,RB,TB@DAL,2plus_td,0.00085,117547,0.0272,0.0195,C,-,w_td 0.03; team TD 3.24,1.0,
Jonathan Mingo,DAL,TB,WR,TB@DAL,anytime_td,0.028943415122684026,3355,0.0,0.02954431647471207,C,Questionable (DNP),w_td 0.02; team TD 3.24,0.4981574884199691,
Jonathan Mingo,DAL,TB,WR,TB@DAL,first_td,0.005348669857933754,18596,0.0,0.02954431647471207,C,Questionable (DNP),w_td 0.02; team TD 3.24,0.4981574884199691,
Jonathan Mingo,DAL,TB,WR,TB@DAL,last_td,0.005348669857933754,18596,0.0,0.02954431647471207,C,Questionable (DNP),w_td 0.02; team TD 3.24,0.4981574884199691,
Jonathan Mingo,DAL,TB,WR,TB@DAL,2plus_td,0.0006009013520280421,166317,0.0,0.02954431647471207,C,Questionable (DNP),w_td 0.02; team TD 3.24,0.4981574884199691,
George Pickens,DAL,TB,WR,TB@DAL,anytime_td,0.32135,211,0.0,0.38145,B,-,tgt_sh 20.2%; team att 34.2; opp DvP 1.04; RZ tgt 3,1.0,
George Pickens,DAL,TB,WR,TB@DAL,first_td,0.07246943348318348,1280,0.0,0.38145,B,-,tgt_sh 20.2%; team att 34.2; opp DvP 1.04; RZ tgt 3,1.0,
George Pickens,DAL,TB,WR,TB@DAL,last_td,0.07246943348318348,1280,0.0,0.38145,B,-,tgt_sh 20.2%; team att 34.2; opp DvP 1.04; RZ tgt 3,1.0,
George Pickens,DAL,TB,WR,TB@DAL,2plus_td,0.0546,1732,0.0,0.38145,B,-,tgt_sh 20.2%; team att 34.2; opp DvP 1.04; RZ tgt 3,1.0,
Luke Schoonmaker,DAL,TB,TE,TB@DAL,anytime_td,0.03195,3030,0.0,0.0323,C,-,w_td 0.02; team TD 3.24,1.0,
Luke Schoonmaker,DAL,TB,TE,TB@DAL,first_td,0.005988804112554112,16598,0.0,0.0323,C,-,w_td 0.02; team TD 3.24,1.0,
Luke Schoonmaker,DAL,TB,TE,TB@DAL,last_td,0.005988804112554112,16598,0.0,0.0323,C,-,w_td 0.02; team TD 3.24,1.0,
Luke Schoonmaker,DAL,TB,TE,TB@DAL,2plus_td,0.00035,285614,0.0,0.0323,C,-,w_td 0.02; team TD 3.24,1.0,
Brevyn Spann-Ford,DAL,TB,TE,TB@DAL,anytime_td,0.04365,2191,0.0,0.04455,C,-,tgt_sh 3.2%; team att 34.2; opp DvP 1.04; RZ tgt 0,1.0,
Brevyn Spann-Ford,DAL,TB,TE,TB@DAL,first_td,0.008283184176934176,11973,0.0,0.04455,C,-,tgt_sh 3.2%; team att 34.2; opp DvP 1.04; RZ tgt 0,1.0,
Brevyn Spann-Ford,DAL,TB,TE,TB@DAL,last_td,0.008283184176934176,11973,0.0,0.04455,C,-,tgt_sh 3.2%; team att 34.2; opp DvP 1.04; RZ tgt 0,1.0,
Brevyn Spann-Ford,DAL,TB,TE,TB@DAL,2plus_td,0.0009,111011,0.0,0.04455,C,-,tgt_sh 3.2%; team att 34.2; opp DvP 1.04; RZ tgt 0,1.0,
KaVontae Turpin,DAL,TB,WR,TB@DAL,anytime_td,0.1099,810,0.03025,0.0867,C,-,tgt_sh 4.1%; team att 34.2; opp DvP 1.04; RZ tgt 1,1.0,
KaVontae Turpin,DAL,TB,WR,TB@DAL,first_td,0.022110560273060274,4423,0.03025,0.0867,C,-,tgt_sh 4.1%; team att 34.2; opp DvP 1.04; RZ tgt 1,1.0,
KaVontae Turpin,DAL,TB,WR,TB@DAL,last_td,0.022110560273060274,4423,0.03025,0.0867,C,-,tgt_sh 4.1%; team att 34.2; opp DvP 1.04; RZ tgt 1,1.0,
KaVontae Turpin,DAL,TB,WR,TB@DAL,2plus_td,0.00685,14499,0.03025,0.0867,C,-,tgt_sh 4.1%; team att 34.2; opp DvP 1.04; RZ tgt 1,1.0,
Javonte Williams,DAL,TB,RB,TB@DAL,anytime_td,0.6613,-195,0.79385,0.22515,B,-,tgt_sh 10.5%; team att 34.2; opp DvP 1.00; RZ tgt 3; car_sh 56.3%; team rush 25.0; opp d_ypc 0.88; inside-10 car 13,1.0,
Javonte Williams,DAL,TB,RB,TB@DAL,first_td,0.19539392343767345,412,0.79385,0.22515,B,-,tgt_sh 10.5%; team att 34.2; opp DvP 1.00; RZ tgt 3; car_sh 56.3%; team rush 25.0; opp d_ypc 0.88; inside-10 car 13,1.0,
Javonte Williams,DAL,TB,RB,TB@DAL,last_td,0.19539392343767345,412,0.79385,0.22515,B,-,tgt_sh 10.5%; team att 34.2; opp DvP 1.00; RZ tgt 3; car_sh 56.3%; team rush 25.0; opp d_ypc 0.88; inside-10 car 13,1.0,
Javonte Williams,DAL,TB,RB,TB@DAL,2plus_td,0.26985,271,0.79385,0.22515,B,-,tgt_sh 10.5%; team att 34.2; opp DvP 1.00; RZ tgt 3; car_sh 56.3%; team rush 25.0; opp d_ypc 0.88; inside-10 car 13,1.0,
Jalen Hurts,PHI,JAX,QB,PHI@JAX,anytime_td,0.14955,569,0.16115,0.0,B,-,team att 31.7; ypa 7.32; opp d_ypa 1.10; pass rate 57.3%,1.0,INTL neutral site
Jalen Hurts,PHI,JAX,QB,PHI@JAX,first_td,0.03462395257520258,2788,0.16115,0.0,B,-,team att 31.7; ypa 7.32; opp d_ypa 1.10; pass rate 57.3%,1.0,INTL neutral site
Jalen Hurts,PHI,JAX,QB,PHI@JAX,last_td,0.03462395257520258,2788,0.16115,0.0,B,-,team att 31.7; ypa 7.32; opp d_ypa 1.10; pass rate 57.3%,1.0,INTL neutral site
Jalen Hurts,PHI,JAX,QB,PHI@JAX,2plus_td,0.0111,8909,0.16115,0.0,B,-,team att 31.7; ypa 7.32; opp d_ypa 1.10; pass rate 57.3%,1.0,INTL neutral site
Saquon Barkley,PHI,JAX,RB,PHI@JAX,anytime_td,0.2819,255,0.26825,0.05825,B,-,tgt_sh 6.5%; team att 31.7; opp DvP 1.00; RZ tgt 0; car_sh 43.3%; team rush 25.7; opp d_ypc 0.89; inside-10 car 2,1.0,INTL neutral site
Saquon Barkley,PHI,JAX,RB,PHI@JAX,first_td,0.07060628121878121,1316,0.26825,0.05825,B,-,tgt_sh 6.5%; team att 31.7; opp DvP 1.00; RZ tgt 0; car_sh 43.3%; team rush 25.7; opp d_ypc 0.89; inside-10 car 2,1.0,INTL neutral site
Saquon Barkley,PHI,JAX,RB,PHI@JAX,last_td,0.07060628121878121,1316,0.26825,0.05825,B,-,tgt_sh 6.5%; team att 31.7; opp DvP 1.00; RZ tgt 0; car_sh 43.3%; team rush 25.7; opp d_ypc 0.89; inside-10 car 2,1.0,INTL neutral site
Saquon Barkley,PHI,JAX,RB,PHI@JAX,2plus_td,0.04085,2348,0.26825,0.05825,B,-,tgt_sh 6.5%; team att 31.7; opp DvP 1.00; RZ tgt 0; car_sh 43.3%; team rush 25.7; opp d_ypc 0.89; inside-10 car 2,1.0,INTL neutral site
Marquise Brown,PHI,JAX,WR,PHI@JAX,anytime_td,0.0589,1598,0.0098,0.0504,C,-,tgt_sh 5.3%; team att 31.7; opp DvP 1.05; RZ tgt 0,1.0,INTL neutral site
Marquise Brown,PHI,JAX,WR,PHI@JAX,first_td,0.012797778332778332,7714,0.0098,0.0504,C,-,tgt_sh 5.3%; team att 31.7; opp DvP 1.05; RZ tgt 0,1.0,INTL neutral site
Marquise Brown,PHI,JAX,WR,PHI@JAX,last_td,0.012797778332778332,7714,0.0098,0.0504,C,-,tgt_sh 5.3%; team att 31.7; opp DvP 1.05; RZ tgt 0,1.0,INTL neutral site
Marquise Brown,PHI,JAX,WR,PHI@JAX,2plus_td,0.0013,76823,0.0098,0.0504,C,-,tgt_sh 5.3%; team att 31.7; opp DvP 1.05; RZ tgt 0,1.0,INTL neutral site
Darius Cooper,PHI,JAX,WR,PHI@JAX,anytime_td,0.1272,686,0.0,0.1347,C,-,tgt_sh 4.9%; team att 31.7; opp DvP 1.05; RZ tgt 4,1.0,INTL neutral site
Darius Cooper,PHI,JAX,WR,PHI@JAX,first_td,0.028460772005772003,3414,0.0,0.1347,C,-,tgt_sh 4.9%; team att 31.7; opp DvP 1.05; RZ tgt 4,1.0,INTL neutral site
Darius Cooper,PHI,JAX,WR,PHI@JAX,last_td,0.028460772005772003,3414,0.0,0.1347,C,-,tgt_sh 4.9%; team att 31.7; opp DvP 1.05; RZ tgt 4,1.0,INTL neutral site
Darius Cooper,PHI,JAX,WR,PHI@JAX,2plus_td,0.0071,13985,0.0,0.1347,C,-,tgt_sh 4.9%; team att 31.7; opp DvP 1.05; RZ tgt 4,1.0,INTL neutral site
Zach Ertz,PHI,JAX,TE,PHI@JAX,anytime_td,0.1136,780,0.0,0.11965,C,-,tgt_sh 12.0%; team att 31.7; opp DvP 0.85; RZ tgt 1,1.0,INTL neutral site
Zach Ertz,PHI,JAX,TE,PHI@JAX,first_td,0.02534266761016761,3846,0.0,0.11965,C,-,tgt_sh 12.0%; team att 31.7; opp DvP 0.85; RZ tgt 1,1.0,INTL neutral site
Zach Ertz,PHI,JAX,TE,PHI@JAX,last_td,0.02534266761016761,3846,0.0,0.11965,C,-,tgt_sh 12.0%; team att 31.7; opp DvP 0.85; RZ tgt 1,1.0,INTL neutral site
Zach Ertz,PHI,JAX,TE,PHI@JAX,2plus_td,0.00595,16707,0.0,0.11965,C,-,tgt_sh 12.0%; team att 31.7; opp DvP 0.85; RZ tgt 1,1.0,INTL neutral site
Dallas Goedert,PHI,JAX,TE,PHI@JAX,anytime_td,0.15155,560,0.0,0.16315,C,-,tgt_sh 14.2%; team att 31.7; opp DvP 0.85; RZ tgt 2,1.0,INTL neutral site
Dallas Goedert,PHI,JAX,TE,PHI@JAX,first_td,0.034557679126429125,2794,0.0,0.16315,C,-,tgt_sh 14.2%; team att 31.7; opp DvP 0.85; RZ tgt 2,1.0,INTL neutral site
Dallas Goedert,PHI,JAX,TE,PHI@JAX,last_td,0.034557679126429125,2794,0.0,0.16315,C,-,tgt_sh 14.2%; team att 31.7; opp DvP 0.85; RZ tgt 2,1.0,INTL neutral site
Dallas Goedert,PHI,JAX,TE,PHI@JAX,2plus_td,0.011,8991,0.0,0.16315,C,-,tgt_sh 14.2%; team att 31.7; opp DvP 0.85; RZ tgt 2,1.0,INTL neutral site
Makai Lemon,PHI,JAX,WR,PHI@JAX,anytime_td,0.11155,796,0.00365,0.11515,C,-,tgt_sh 12.1%; team att 31.7; opp DvP 1.05; RZ tgt 0,1.0,INTL neutral site
Makai Lemon,PHI,JAX,WR,PHI@JAX,first_td,0.025530628815628814,3817,0.00365,0.11515,C,-,tgt_sh 12.1%; team att 31.7; opp DvP 1.05; RZ tgt 0,1.0,INTL neutral site
Makai Lemon,PHI,JAX,WR,PHI@JAX,last_td,0.025530628815628814,3817,0.00365,0.11515,C,-,tgt_sh 12.1%; team att 31.7; opp DvP 1.05; RZ tgt 0,1.0,INTL neutral site
Makai Lemon,PHI,JAX,WR,PHI@JAX,2plus_td,0.00705,14084,0.00365,0.11515,C,-,tgt_sh 12.1%; team att 31.7; opp DvP 1.05; RZ tgt 0,1.0,INTL neutral site
Johnny Mundt,PHI,JAX,TE,PHI@JAX,anytime_td,0.02085,4696,0.0,0.0211,C,-,w_td 0.02; team TD 1.71,1.0,INTL neutral site
Johnny Mundt,PHI,JAX,TE,PHI@JAX,first_td,0.004640735930735931,21448,0.0,0.0211,C,-,w_td 0.02; team TD 1.71,1.0,INTL neutral site
Johnny Mundt,PHI,JAX,TE,PHI@JAX,last_td,0.004640735930735931,21448,0.0,0.0211,C,-,w_td 0.02; team TD 1.71,1.0,INTL neutral site
Johnny Mundt,PHI,JAX,TE,PHI@JAX,2plus_td,0.00025,399900,0.0,0.0211,C,-,w_td 0.02; team TD 1.71,1.0,INTL neutral site
Will Shipley,PHI,JAX,RB,PHI@JAX,anytime_td,0.11245,789,0.0884,0.0299,B,-,tgt_sh 3.5%; team att 31.7; opp DvP 1.00; RZ tgt 0; car_sh 10.2%; team rush 25.7; opp d_ypc 0.89; inside-10 car 2,1.0,INTL neutral site
Will Shipley,PHI,JAX,RB,PHI@JAX,first_td,0.025746655844155846,3784,0.0884,0.0299,B,-,tgt_sh 3.5%; team att 31.7; opp DvP 1.00; RZ tgt 0; car_sh 10.2%; team rush 25.7; opp d_ypc 0.89; inside-10 car 2,1.0,INTL neutral site
Will Shipley,PHI,JAX,RB,PHI@JAX,last_td,0.025746655844155846,3784,0.0884,0.0299,B,-,tgt_sh 3.5%; team att 31.7; opp DvP 1.00; RZ tgt 0; car_sh 10.2%; team rush 25.7; opp d_ypc 0.89; inside-10 car 2,1.0,INTL neutral site
Will Shipley,PHI,JAX,RB,PHI@JAX,2plus_td,0.00565,17599,0.0884,0.0299,B,-,tgt_sh 3.5%; team att 31.7; opp DvP 1.00; RZ tgt 0; car_sh 10.2%; team rush 25.7; opp d_ypc 0.89; inside-10 car 2,1.0,INTL neutral site
DeVonta Smith,PHI,JAX,WR,PHI@JAX,anytime_td,0.22925,336,0.0,0.2564,B,-,tgt_sh 22.0%; team att 31.7; opp DvP 1.05; RZ tgt 2,1.0,INTL neutral site
DeVonta Smith,PHI,JAX,WR,PHI@JAX,first_td,0.05484552725052724,1723,0.0,0.2564,B,-,tgt_sh 22.0%; team att 31.7; opp DvP 1.05; RZ tgt 2,1.0,INTL neutral site
DeVonta Smith,PHI,JAX,WR,PHI@JAX,last_td,0.05484552725052724,1723,0.0,0.2564,B,-,tgt_sh 22.0%; team att 31.7; opp DvP 1.05; RZ tgt 2,1.0,INTL neutral site
DeVonta Smith,PHI,JAX,WR,PHI@JAX,2plus_td,0.0255,3822,0.0,0.2564,B,-,tgt_sh 22.0%; team att 31.7; opp DvP 1.05; RZ tgt 2,1.0,INTL neutral site
Dontayvion Wicks,PHI,JAX,WR,PHI@JAX,anytime_td,0.19475,413,0.0,0.2158,B,-,tgt_sh 13.5%; team att 31.7; opp DvP 1.05; RZ tgt 4,1.0,INTL neutral site
Dontayvion Wicks,PHI,JAX,WR,PHI@JAX,first_td,0.04576971195471195,2085,0.0,0.2158,B,-,tgt_sh 13.5%; team att 31.7; opp DvP 1.05; RZ tgt 4,1.0,INTL neutral site
Dontayvion Wicks,PHI,JAX,WR,PHI@JAX,last_td,0.04576971195471195,2085,0.0,0.2158,B,-,tgt_sh 13.5%; team att 31.7; opp DvP 1.05; RZ tgt 4,1.0,INTL neutral site
Dontayvion Wicks,PHI,JAX,WR,PHI@JAX,2plus_td,0.01985,4938,0.0,0.2158,B,-,tgt_sh 13.5%; team att 31.7; opp DvP 1.05; RZ tgt 4,1.0,INTL neutral site
Trevor Lawrence,JAX,PHI,QB,PHI@JAX,anytime_td,0.09565,945,0.09925,0.0,B,-,team att 29.2; ypa 7.29; opp d_ypa 0.96; pass rate 50.1%,1.0,INTL neutral site
Trevor Lawrence,JAX,PHI,QB,PHI@JAX,first_td,0.02187342532467532,4472,0.09925,0.0,B,-,team att 29.2; ypa 7.29; opp d_ypa 0.96; pass rate 50.1%,1.0,INTL neutral site
Trevor Lawrence,JAX,PHI,QB,PHI@JAX,last_td,0.02187342532467532,4472,0.09925,0.0,B,-,team att 29.2; ypa 7.29; opp d_ypa 0.96; pass rate 50.1%,1.0,INTL neutral site
Trevor Lawrence,JAX,PHI,QB,PHI@JAX,2plus_td,0.0034,29312,0.09925,0.0,B,-,team att 29.2; ypa 7.29; opp d_ypa 0.96; pass rate 50.1%,1.0,INTL neutral site
Ameer Abdullah,JAX,PHI,RB,PHI@JAX,anytime_td,0.11285,786,0.06,0.05885,C,-,w_td 0.09; team TD 2.65,1.0,INTL neutral site
Ameer Abdullah,JAX,PHI,RB,PHI@JAX,first_td,0.025901553030303028,3761,0.06,0.05885,C,-,w_td 0.09; team TD 2.65,1.0,INTL neutral site
Ameer Abdullah,JAX,PHI,RB,PHI@JAX,last_td,0.025901553030303028,3761,0.06,0.05885,C,-,w_td 0.09; team TD 2.65,1.0,INTL neutral site
Ameer Abdullah,JAX,PHI,RB,PHI@JAX,2plus_td,0.00585,16994,0.06,0.05885,C,-,w_td 0.09; team TD 2.65,1.0,INTL neutral site
LeQuint Allen Jr.,JAX,PHI,RB,PHI@JAX,anytime_td,0.061343873517786564,1530,0.010540184453227932,0.05306982872200264,C,no game designation yet (Full),w_td 0.04; team TD 2.65,0.9508674235277402,INTL neutral site
LeQuint Allen Jr.,JAX,PHI,RB,PHI@JAX,first_td,0.01388197617051372,7104,0.010540184453227932,0.05306982872200264,C,no game designation yet (Full),w_td 0.04; team TD 2.65,0.9508674235277402,INTL neutral site
LeQuint Allen Jr.,JAX,PHI,RB,PHI@JAX,last_td,0.01388197617051372,7104,0.010540184453227932,0.05306982872200264,C,no game designation yet (Full),w_td 0.04; team TD 2.65,0.9508674235277402,INTL neutral site
LeQuint Allen Jr.,JAX,PHI,RB,PHI@JAX,2plus_td,0.0022134387351778655,45079,0.010540184453227932,0.05306982872200264,C,no game designation yet (Full),w_td 0.04; team TD 2.65,0.9508674235277402,INTL neutral site
Nate Boerkircher,JAX,PHI,TE,PHI@JAX,anytime_td,0.0612,1534,0.0,0.063,C,-,w_td 0.04; team TD 2.65,1.0,INTL neutral site
Nate Boerkircher,JAX,PHI,TE,PHI@JAX,first_td,0.013964253246753247,7061,0.0,0.063,C,-,w_td 0.04; team TD 2.65,1.0,INTL neutral site
Nate Boerkircher,JAX,PHI,TE,PHI@JAX,last_td,0.013964253246753247,7061,0.0,0.063,C,-,w_td 0.04; team TD 2.65,1.0,INTL neutral site
Nate Boerkircher,JAX,PHI,TE,PHI@JAX,2plus_td,0.0018,55456,0.0,0.063,C,-,w_td 0.04; team TD 2.65,1.0,INTL neutral site
Josh Cameron,JAX,PHI,WR,PHI@JAX,anytime_td,0.1162,761,0.0,0.12335,C,-,tgt_sh 5.8%; team att 29.2; opp DvP 1.06; RZ tgt 2,1.0,INTL neutral site
Josh Cameron,JAX,PHI,WR,PHI@JAX,first_td,0.02668820887445887,3647,0.0,0.12335,C,-,tgt_sh 5.8%; team att 29.2; opp DvP 1.06; RZ tgt 2,1.0,INTL neutral site
Josh Cameron,JAX,PHI,WR,PHI@JAX,last_td,0.02668820887445887,3647,0.0,0.12335,C,-,tgt_sh 5.8%; team att 29.2; opp DvP 1.06; RZ tgt 2,1.0,INTL neutral site
Josh Cameron,JAX,PHI,WR,PHI@JAX,2plus_td,0.00705,14084,0.0,0.12335,C,-,tgt_sh 5.8%; team att 29.2; opp DvP 1.06; RZ tgt 2,1.0,INTL neutral site
Jakobi Meyers,JAX,PHI,WR,PHI@JAX,anytime_td,0.2556089320593359,291,0.006070844111281212,0.2848017737422795,C,no game designation yet (Full),tgt_sh 18.0%; team att 29.2; opp DvP 1.06; RZ tgt 3,0.9479829842591244,INTL neutral site
Jakobi Meyers,JAX,PHI,WR,PHI@JAX,first_td,0.06357742159885432,1473,0.006070844111281212,0.2848017737422795,C,no game designation yet (Full),tgt_sh 18.0%; team att 29.2; opp DvP 1.06; RZ tgt 3,0.9479829842591244,INTL neutral site
Jakobi Meyers,JAX,PHI,WR,PHI@JAX,last_td,0.06357742159885432,1473,0.006070844111281212,0.2848017737422795,C,no game designation yet (Full),tgt_sh 18.0%; team att 29.2; opp DvP 1.06; RZ tgt 3,0.9479829842591244,INTL neutral site
Jakobi Meyers,JAX,PHI,WR,PHI@JAX,2plus_td,0.032518608456949795,2975,0.006070844111281212,0.2848017737422795,C,no game designation yet (Full),tgt_sh 18.0%; team att 29.2; opp DvP 1.06; RZ tgt 3,0.9479829842591244,INTL neutral site
Quintin Morris,JAX,PHI,TE,PHI@JAX,anytime_td,0.0249,3916,0.0,0.02525,C,-,w_td 0.02; team TD 2.65,1.0,INTL neutral site
Quintin Morris,JAX,PHI,TE,PHI@JAX,first_td,0.005508295454545454,18054,0.0,0.02525,C,-,w_td 0.02; team TD 2.65,1.0,INTL neutral site
Quintin Morris,JAX,PHI,TE,PHI@JAX,last_td,0.005508295454545454,18054,0.0,0.02525,C,-,w_td 0.02; team TD 2.65,1.0,INTL neutral site
Quintin Morris,JAX,PHI,TE,PHI@JAX,2plus_td,0.00035,285614,0.0,0.02525,C,-,w_td 0.02; team TD 2.65,1.0,INTL neutral site
Chris Rodriguez Jr.,JAX,PHI,RB,PHI@JAX,anytime_td,0.2853,251,0.32725,0.0047,B,-,car_sh 23.7%; team rush 30.7; opp d_ypc 0.98; inside-10 car 3,1.0,INTL neutral site
Chris Rodriguez Jr.,JAX,PHI,RB,PHI@JAX,first_td,0.07247161075036074,1280,0.32725,0.0047,B,-,car_sh 23.7%; team rush 30.7; opp d_ypc 0.98; inside-10 car 3,1.0,INTL neutral site
Chris Rodriguez Jr.,JAX,PHI,RB,PHI@JAX,last_td,0.07247161075036074,1280,0.32725,0.0047,B,-,car_sh 23.7%; team rush 30.7; opp d_ypc 0.98; inside-10 car 3,1.0,INTL neutral site
Chris Rodriguez Jr.,JAX,PHI,RB,PHI@JAX,2plus_td,0.043,2226,0.32725,0.0047,B,-,car_sh 23.7%; team rush 30.7; opp d_ypc 0.98; inside-10 car 3,1.0,INTL neutral site
Brenton Strange,JAX,PHI,TE,PHI@JAX,anytime_td,0.2227,349,0.0,0.2498,B,-,tgt_sh 19.2%; team att 29.2; opp DvP 0.89; RZ tgt 2,1.0,INTL neutral site
Brenton Strange,JAX,PHI,TE,PHI@JAX,first_td,0.054239268786768796,1744,0.0,0.2498,B,-,tgt_sh 19.2%; team att 29.2; opp DvP 0.89; RZ tgt 2,1.0,INTL neutral site
Brenton Strange,JAX,PHI,TE,PHI@JAX,last_td,0.054239268786768796,1744,0.0,0.2498,B,-,tgt_sh 19.2%; team att 29.2; opp DvP 0.89; RZ tgt 2,1.0,INTL neutral site
Brenton Strange,JAX,PHI,TE,PHI@JAX,2plus_td,0.0254,3837,0.0,0.2498,B,-,tgt_sh 19.2%; team att 29.2; opp DvP 0.89; RZ tgt 2,1.0,INTL neutral site
Brian Thomas Jr.,JAX,PHI,WR,PHI@JAX,anytime_td,0.19315,418,0.0,0.21115,C,-,tgt_sh 15.8%; team att 29.2; opp DvP 1.06; RZ tgt 1,1.0,INTL neutral site
Brian Thomas Jr.,JAX,PHI,WR,PHI@JAX,first_td,0.04525837121212121,2110,0.0,0.21115,C,-,tgt_sh 15.8%; team att 29.2; opp DvP 1.06; RZ tgt 1,1.0,INTL neutral site
Brian Thomas Jr.,JAX,PHI,WR,PHI@JAX,last_td,0.04525837121212121,2110,0.0,0.21115,C,-,tgt_sh 15.8%; team att 29.2; opp DvP 1.06; RZ tgt 1,1.0,INTL neutral site
Brian Thomas Jr.,JAX,PHI,WR,PHI@JAX,2plus_td,0.0171,5748,0.0,0.21115,C,-,tgt_sh 15.8%; team att 29.2; opp DvP 1.06; RZ tgt 1,1.0,INTL neutral site
Bhayshul Tuten,JAX,PHI,RB,PHI@JAX,anytime_td,0.47815,109,0.54545,0.08815,B,-,tgt_sh 5.8%; team att 29.2; opp DvP 0.93; RZ tgt 1; car_sh 46.8%; team rush 30.7; opp d_ypc 0.98; inside-10 car 3,1.0,INTL neutral site
Bhayshul Tuten,JAX,PHI,RB,PHI@JAX,first_td,0.1391275498112998,619,0.54545,0.08815,B,-,tgt_sh 5.8%; team att 29.2; opp DvP 0.93; RZ tgt 1; car_sh 46.8%; team rush 30.7; opp d_ypc 0.98; inside-10 car 3,1.0,INTL neutral site
Bhayshul Tuten,JAX,PHI,RB,PHI@JAX,last_td,0.1391275498112998,619,0.54545,0.08815,B,-,tgt_sh 5.8%; team att 29.2; opp DvP 0.93; RZ tgt 1; car_sh 46.8%; team rush 30.7; opp d_ypc 0.98; inside-10 car 3,1.0,INTL neutral site
Bhayshul Tuten,JAX,PHI,RB,PHI@JAX,2plus_td,0.131,663,0.54545,0.08815,B,-,tgt_sh 5.8%; team att 29.2; opp DvP 0.93; RZ tgt 1; car_sh 46.8%; team rush 30.7; opp d_ypc 0.98; inside-10 car 3,1.0,INTL neutral site
Parker Washington,JAX,PHI,WR,PHI@JAX,anytime_td,0.31,223,0.0068,0.35565,B,-,tgt_sh 22.0%; team att 29.2; opp DvP 1.06; RZ tgt 4,1.0,INTL neutral site
Parker Washington,JAX,PHI,WR,PHI@JAX,first_td,0.08029892968142968,1145,0.0068,0.35565,B,-,tgt_sh 22.0%; team att 29.2; opp DvP 1.06; RZ tgt 4,1.0,INTL neutral site
Parker Washington,JAX,PHI,WR,PHI@JAX,last_td,0.08029892968142968,1145,0.0068,0.35565,B,-,tgt_sh 22.0%; team att 29.2; opp DvP 1.06; RZ tgt 4,1.0,INTL neutral site
Parker Washington,JAX,PHI,WR,PHI@JAX,2plus_td,0.04825,1973,0.0068,0.35565,B,-,tgt_sh 22.0%; team att 29.2; opp DvP 1.06; RZ tgt 4,1.0,INTL neutral site
Caleb Williams,CHI,GB,QB,CHI@GB,anytime_td,0.24914606168748407,301,0.29584501656895235,0.0,C,no game designation yet (DNP),team att 29.9; ypa 7.11; opp d_ypa 0.98; pass rate 48.4%,0.98,
Caleb Williams,CHI,GB,QB,CHI@GB,first_td,0.05853857007693357,1608,0.29584501656895235,0.0,C,no game designation yet (DNP),team att 29.9; ypa 7.11; opp d_ypa 0.98; pass rate 48.4%,0.98,
Caleb Williams,CHI,GB,QB,CHI@GB,last_td,0.05853857007693357,1608,0.29584501656895235,0.0,C,no game designation yet (DNP),team att 29.9; ypa 7.11; opp d_ypa 0.98; pass rate 48.4%,0.98,
Caleb Williams,CHI,GB,QB,CHI@GB,2plus_td,0.039918429773132806,2405,0.29584501656895235,0.0,C,no game designation yet (DNP),team att 29.9; ypa 7.11; opp d_ypa 0.98; pass rate 48.4%,0.98,
Luther Burden III,CHI,GB,WR,CHI@GB,anytime_td,0.2435,311,0.0188,0.2578,B,-,tgt_sh 19.1%; team att 29.9; opp DvP 0.93; RZ tgt 6,1.0,
Luther Burden III,CHI,GB,WR,CHI@GB,first_td,0.054376629342879346,1739,0.0188,0.2578,B,-,tgt_sh 19.1%; team att 29.9; opp DvP 0.93; RZ tgt 6,1.0,
Luther Burden III,CHI,GB,WR,CHI@GB,last_td,0.054376629342879346,1739,0.0188,0.2578,B,-,tgt_sh 19.1%; team att 29.9; opp DvP 0.93; RZ tgt 6,1.0,
Luther Burden III,CHI,GB,WR,CHI@GB,2plus_td,0.03055,3173,0.0188,0.2578,B,-,tgt_sh 19.1%; team att 29.9; opp DvP 0.93; RZ tgt 6,1.0,
Roschon Johnson,CHI,GB,RB,CHI@GB,anytime_td,0.0893,1020,0.06835,0.0257,C,-,w_td 0.05; team TD 2.56,1.0,
Roschon Johnson,CHI,GB,RB,CHI@GB,first_td,0.018601565656565656,5276,0.06835,0.0257,C,-,w_td 0.05; team TD 2.56,1.0,
Roschon Johnson,CHI,GB,RB,CHI@GB,last_td,0.018601565656565656,5276,0.06835,0.0257,C,-,w_td 0.05; team TD 2.56,1.0,
Roschon Johnson,CHI,GB,RB,CHI@GB,2plus_td,0.00465,21405,0.06835,0.0257,C,-,w_td 0.05; team TD 2.56,1.0,
Cole Kmet,CHI,GB,TE,CHI@GB,anytime_td,0.05455,1733,0.0,0.0559,C,-,tgt_sh 7.0%; team att 29.9; opp DvP 0.82; RZ tgt 0,1.0,
Cole Kmet,CHI,GB,TE,CHI@GB,first_td,0.010785849567099567,9171,0.0,0.0559,C,-,tgt_sh 7.0%; team att 29.9; opp DvP 0.82; RZ tgt 0,1.0,
Cole Kmet,CHI,GB,TE,CHI@GB,last_td,0.010785849567099567,9171,0.0,0.0559,C,-,tgt_sh 7.0%; team att 29.9; opp DvP 0.82; RZ tgt 0,1.0,
Cole Kmet,CHI,GB,TE,CHI@GB,2plus_td,0.0013,76823,0.0,0.0559,C,-,tgt_sh 7.0%; team att 29.9; opp DvP 0.82; RZ tgt 0,1.0,
Colston Loveland,CHI,GB,TE,CHI@GB,anytime_td,0.20005,400,0.0,0.2209,B,-,tgt_sh 16.1%; team att 29.9; opp DvP 0.82; RZ tgt 6,1.0,
Colston Loveland,CHI,GB,TE,CHI@GB,first_td,0.04332010156510156,2208,0.0,0.2209,B,-,tgt_sh 16.1%; team att 29.9; opp DvP 0.82; RZ tgt 6,1.0,
Colston Loveland,CHI,GB,TE,CHI@GB,last_td,0.04332010156510156,2208,0.0,0.2209,B,-,tgt_sh 16.1%; team att 29.9; opp DvP 0.82; RZ tgt 6,1.0,
Colston Loveland,CHI,GB,TE,CHI@GB,2plus_td,0.0199,4925,0.0,0.2209,B,-,tgt_sh 16.1%; team att 29.9; opp DvP 0.82; RZ tgt 6,1.0,
Kyle Monangai,CHI,GB,RB,CHI@GB,anytime_td,0.489723420451662,104,0.6116890806055992,0.05700752770024529,B,no game designation yet (DNP),car_sh 28.3%; team rush 33.9; opp d_ypc 1.00; inside-10 car 11,0.5949864089398973,
Kyle Monangai,CHI,GB,RB,CHI@GB,first_td,0.1326649590224825,654,0.6116890806055992,0.05700752770024529,B,no game designation yet (DNP),car_sh 28.3%; team rush 33.9; opp d_ypc 1.00; inside-10 car 11,0.5949864089398973,
Kyle Monangai,CHI,GB,RB,CHI@GB,last_td,0.1326649590224825,654,0.6116890806055992,0.05700752770024529,B,no game designation yet (DNP),car_sh 28.3%; team rush 33.9; opp d_ypc 1.00; inside-10 car 11,0.5949864089398973,
Kyle Monangai,CHI,GB,RB,CHI@GB,2plus_td,0.14818573965998477,575,0.6116890806055992,0.05700752770024529,B,no game designation yet (DNP),car_sh 28.3%; team rush 33.9; opp d_ypc 1.00; inside-10 car 11,0.5949864089398973,
Rome Odunze,CHI,GB,WR,CHI@GB,anytime_td,0.1822,449,0.0,0.19755,B,-,tgt_sh 19.0%; team att 29.9; opp DvP 0.93; RZ tgt 2,1.0,
Rome Odunze,CHI,GB,WR,CHI@GB,first_td,0.038921975663225666,2469,0.0,0.19755,B,-,tgt_sh 19.0%; team att 29.9; opp DvP 0.93; RZ tgt 2,1.0,
Rome Odunze,CHI,GB,WR,CHI@GB,last_td,0.038921975663225666,2469,0.0,0.19755,B,-,tgt_sh 19.0%; team att 29.9; opp DvP 0.93; RZ tgt 2,1.0,
Rome Odunze,CHI,GB,WR,CHI@GB,2plus_td,0.0147,6703,0.0,0.19755,B,-,tgt_sh 19.0%; team att 29.9; opp DvP 0.93; RZ tgt 2,1.0,
Kalif Raymond,CHI,GB,WR,CHI@GB,anytime_td,0.1785,460,0.0,0.19455,B,-,tgt_sh 15.3%; team att 29.9; opp DvP 0.93; RZ tgt 4,1.0,
Kalif Raymond,CHI,GB,WR,CHI@GB,first_td,0.03901552059052059,2463,0.0,0.19455,B,-,tgt_sh 15.3%; team att 29.9; opp DvP 0.93; RZ tgt 4,1.0,
Kalif Raymond,CHI,GB,WR,CHI@GB,last_td,0.03901552059052059,2463,0.0,0.19455,B,-,tgt_sh 15.3%; team att 29.9; opp DvP 0.93; RZ tgt 4,1.0,
Kalif Raymond,CHI,GB,WR,CHI@GB,2plus_td,0.0151,6523,0.0,0.19455,B,-,tgt_sh 15.3%; team att 29.9; opp DvP 0.93; RZ tgt 4,1.0,
Sam Roush,CHI,GB,TE,CHI@GB,anytime_td,0.0416,2304,0.0,0.04245,C,-,w_td 0.03; team TD 2.56,1.0,
Sam Roush,CHI,GB,TE,CHI@GB,first_td,0.008433961038961038,11757,0.0,0.04245,C,-,w_td 0.03; team TD 2.56,1.0,
Sam Roush,CHI,GB,TE,CHI@GB,last_td,0.008433961038961038,11757,0.0,0.04245,C,-,w_td 0.03; team TD 2.56,1.0,
Sam Roush,CHI,GB,TE,CHI@GB,2plus_td,0.00085,117547,0.0,0.04245,C,-,w_td 0.03; team TD 2.56,1.0,
D'Andre Swift,CHI,GB,RB,CHI@GB,anytime_td,0.5822890559732665,-139,0.7508771929824561,0.09097744360902256,B,no game designation yet (DNP),tgt_sh 9.0%; team att 29.9; opp DvP 0.93; RZ tgt 1; car_sh 42.2%; team rush 33.9; opp d_ypc 1.00; inside-10 car 13,0.5949864089398973,
D'Andre Swift,CHI,GB,RB,CHI@GB,first_td,0.16675870472236387,500,0.7508771929824561,0.09097744360902256,B,no game designation yet (DNP),tgt_sh 9.0%; team att 29.9; opp DvP 0.93; RZ tgt 1; car_sh 42.2%; team rush 33.9; opp d_ypc 1.00; inside-10 car 13,0.5949864089398973,
D'Andre Swift,CHI,GB,RB,CHI@GB,last_td,0.16675870472236387,500,0.7508771929824561,0.09097744360902256,B,no game designation yet (DNP),tgt_sh 9.0%; team att 29.9; opp DvP 0.93; RZ tgt 1; car_sh 42.2%; team rush 33.9; opp d_ypc 1.00; inside-10 car 13,0.5949864089398973,
D'Andre Swift,CHI,GB,RB,CHI@GB,2plus_td,0.20551378446115287,387,0.7508771929824561,0.09097744360902256,B,no game designation yet (DNP),tgt_sh 9.0%; team att 29.9; opp DvP 0.93; RZ tgt 1; car_sh 42.2%; team rush 33.9; opp d_ypc 1.00; inside-10 car 13,0.5949864089398973,
Jahdae Walker,CHI,GB,WR,CHI@GB,anytime_td,0.03725,2585,0.0,0.0378,C,-,w_td 0.03; team TD 2.56,1.0,
Jahdae Walker,CHI,GB,WR,CHI@GB,first_td,0.007290745504495504,13616,0.0,0.0378,C,-,w_td 0.03; team TD 2.56,1.0,
Jahdae Walker,CHI,GB,WR,CHI@GB,last_td,0.007290745504495504,13616,0.0,0.0378,C,-,w_td 0.03; team TD 2.56,1.0,
Jahdae Walker,CHI,GB,WR,CHI@GB,2plus_td,0.00055,181718,0.0,0.0378,C,-,w_td 0.03; team TD 2.56,1.0,
Jordan Love,GB,CHI,QB,CHI@GB,anytime_td,0.0375,2567,0.03805,0.0,B,-,team att 35.6; ypa 7.18; opp d_ypa 1.05; pass rate 66.1%,1.0,
Jordan Love,GB,CHI,QB,CHI@GB,first_td,0.007564170274170274,13120,0.03805,0.0,B,-,team att 35.6; ypa 7.18; opp d_ypa 1.05; pass rate 66.1%,1.0,
Jordan Love,GB,CHI,QB,CHI@GB,last_td,0.007564170274170274,13120,0.03805,0.0,B,-,team att 35.6; ypa 7.18; opp d_ypa 1.05; pass rate 66.1%,1.0,
Jordan Love,GB,CHI,QB,CHI@GB,2plus_td,0.00055,181718,0.03805,0.0,B,-,team att 35.6; ypa 7.18; opp d_ypa 1.05; pass rate 66.1%,1.0,
Chris Brooks,GB,CHI,RB,CHI@GB,anytime_td,0.14917219934448273,570,0.1175729052861585,0.043112866627447684,B,no game designation yet (DNP),w_td 0.23; team TD 2.25,0.5949864089398973,
Chris Brooks,GB,CHI,RB,CHI@GB,first_td,0.031272095134604584,3098,0.1175729052861585,0.043112866627447684,B,no game designation yet (DNP),w_td 0.23; team TD 2.25,0.5949864089398973,
Chris Brooks,GB,CHI,RB,CHI@GB,last_td,0.031272095134604584,3098,0.1175729052861585,0.043112866627447684,B,no game designation yet (DNP),w_td 0.23; team TD 2.25,0.5949864089398973,
Chris Brooks,GB,CHI,RB,CHI@GB,2plus_td,0.01134549121774939,8714,0.1175729052861585,0.043112866627447684,B,no game designation yet (DNP),w_td 0.23; team TD 2.25,0.5949864089398973,
Matthew Golden,GB,CHI,WR,CHI@GB,anytime_td,0.31225,220,0.00375,0.36455,B,-,tgt_sh 18.8%; team att 35.6; opp DvP 1.00; RZ tgt 5,1.0,
Matthew Golden,GB,CHI,WR,CHI@GB,first_td,0.0722562900987901,1284,0.00375,0.36455,B,-,tgt_sh 18.8%; team att 35.6; opp DvP 1.00; RZ tgt 5,1.0,
Matthew Golden,GB,CHI,WR,CHI@GB,last_td,0.0722562900987901,1284,0.00375,0.36455,B,-,tgt_sh 18.8%; team att 35.6; opp DvP 1.00; RZ tgt 5,1.0,
Matthew Golden,GB,CHI,WR,CHI@GB,2plus_td,0.05045,1882,0.00375,0.36455,B,-,tgt_sh 18.8%; team att 35.6; opp DvP 1.00; RZ tgt 5,1.0,
Kaleb Johnson,GB,CHI,RB,CHI@GB,anytime_td,0.1542,549,0.14765,0.01795,B,-,car_sh 25.3%; team rush 19.5; opp d_ypc 1.09; inside-10 car 2,1.0,
Kaleb Johnson,GB,CHI,RB,CHI@GB,first_td,0.03340887445887446,2893,0.14765,0.01795,B,-,car_sh 25.3%; team rush 19.5; opp d_ypc 1.09; inside-10 car 2,1.0,
Kaleb Johnson,GB,CHI,RB,CHI@GB,last_td,0.03340887445887446,2893,0.14765,0.01795,B,-,car_sh 25.3%; team rush 19.5; opp d_ypc 1.09; inside-10 car 2,1.0,
Kaleb Johnson,GB,CHI,RB,CHI@GB,2plus_td,0.01115,8869,0.14765,0.01795,B,-,car_sh 25.3%; team rush 19.5; opp d_ypc 1.09; inside-10 car 2,1.0,
Tucker Kraft,GB,CHI,TE,CHI@GB,anytime_td,0.28675,249,0.01545,0.3159,B,-,tgt_sh 18.3%; team att 35.6; opp DvP 0.92; RZ tgt 4,1.0,
Tucker Kraft,GB,CHI,TE,CHI@GB,first_td,0.06500472041847041,1438,0.01545,0.3159,B,-,tgt_sh 18.3%; team att 35.6; opp DvP 0.92; RZ tgt 4,1.0,
Tucker Kraft,GB,CHI,TE,CHI@GB,last_td,0.06500472041847041,1438,0.01545,0.3159,B,-,tgt_sh 18.3%; team att 35.6; opp DvP 0.92; RZ tgt 4,1.0,
Tucker Kraft,GB,CHI,TE,CHI@GB,2plus_td,0.04065,2360,0.01545,0.3159,B,-,tgt_sh 18.3%; team att 35.6; opp DvP 0.92; RZ tgt 4,1.0,
MarShawn Lloyd,GB,CHI,RB,CHI@GB,anytime_td,0.36855,171,0.2877,0.16035,B,-,tgt_sh 6.3%; team att 35.6; opp DvP 1.12; RZ tgt 3; car_sh 46.4%; team rush 19.5; opp d_ypc 1.09; inside-10 car 5,1.0,
MarShawn Lloyd,GB,CHI,RB,CHI@GB,first_td,0.08900193473193473,1024,0.2877,0.16035,B,-,tgt_sh 6.3%; team att 35.6; opp DvP 1.12; RZ tgt 3; car_sh 46.4%; team rush 19.5; opp d_ypc 1.09; inside-10 car 5,1.0,
MarShawn Lloyd,GB,CHI,RB,CHI@GB,last_td,0.08900193473193473,1024,0.2877,0.16035,B,-,tgt_sh 6.3%; team att 35.6; opp DvP 1.12; RZ tgt 3; car_sh 46.4%; team rush 19.5; opp d_ypc 1.09; inside-10 car 5,1.0,
MarShawn Lloyd,GB,CHI,RB,CHI@GB,2plus_td,0.07115,1305,0.2877,0.16035,B,-,tgt_sh 6.3%; team att 35.6; opp DvP 1.12; RZ tgt 3; car_sh 46.4%; team rush 19.5; opp d_ypc 1.09; inside-10 car 5,1.0,
Bo Melton,GB,CHI,WR,CHI@GB,anytime_td,0.0416,2304,0.0,0.04225,C,-,w_td 0.02; team TD 2.25,1.0,
Bo Melton,GB,CHI,WR,CHI@GB,first_td,0.008439641053391053,11749,0.0,0.04225,C,-,w_td 0.02; team TD 2.25,1.0,
Bo Melton,GB,CHI,WR,CHI@GB,last_td,0.008439641053391053,11749,0.0,0.04225,C,-,w_td 0.02; team TD 2.25,1.0,
Bo Melton,GB,CHI,WR,CHI@GB,2plus_td,0.00065,153746,0.0,0.04225,C,-,w_td 0.02; team TD 2.25,1.0,
J. Michael Sturdivant,GB,CHI,WR,CHI@GB,anytime_td,0.03235,2991,0.0,0.0327,C,-,w_td 0.02; team TD 2.25,1.0,
J. Michael Sturdivant,GB,CHI,WR,CHI@GB,first_td,0.00635232683982684,15642,0.0,0.0327,C,-,w_td 0.02; team TD 2.25,1.0,
J. Michael Sturdivant,GB,CHI,WR,CHI@GB,last_td,0.00635232683982684,15642,0.0,0.0327,C,-,w_td 0.02; team TD 2.25,1.0,
J. Michael Sturdivant,GB,CHI,WR,CHI@GB,2plus_td,0.00035,285614,0.0,0.0327,C,-,w_td 0.02; team TD 2.25,1.0,
Skyy Moore,GB,CHI,WR,CHI@GB,anytime_td,0.16245,516,0.0,0.1745,C,-,tgt_sh 6.7%; team att 35.6; opp DvP 1.00; RZ tgt 4,1.0,
Skyy Moore,GB,CHI,WR,CHI@GB,first_td,0.034068448079698076,2835,0.0,0.1745,C,-,tgt_sh 6.7%; team att 35.6; opp DvP 1.00; RZ tgt 4,1.0,
Skyy Moore,GB,CHI,WR,CHI@GB,last_td,0.034068448079698076,2835,0.0,0.1745,C,-,tgt_sh 6.7%; team att 35.6; opp DvP 1.00; RZ tgt 4,1.0,
Skyy Moore,GB,CHI,WR,CHI@GB,2plus_td,0.0113,8750,0.0,0.1745,C,-,tgt_sh 6.7%; team att 35.6; opp DvP 1.00; RZ tgt 4,1.0,
Mark Redman,GB,CHI,TE,CHI@GB,anytime_td,0.01825,5379,0.0,0.01845,C,-,w_td 0.01; team TD 2.25,1.0,
Mark Redman,GB,CHI,TE,CHI@GB,first_td,0.0036096663059163063,27603,0.0,0.01845,C,-,w_td 0.01; team TD 2.25,1.0,
Mark Redman,GB,CHI,TE,CHI@GB,last_td,0.0036096663059163063,27603,0.0,0.01845,C,-,w_td 0.01; team TD 2.25,1.0,
Mark Redman,GB,CHI,TE,CHI@GB,2plus_td,0.00015,666567,0.0,0.01845,C,-,w_td 0.01; team TD 2.25,1.0,
Jonnu Smith,GB,CHI,TE,CHI@GB,anytime_td,0.09305,975,0.0,0.0976,C,-,tgt_sh 6.0%; team att 35.6; opp DvP 0.92; RZ tgt 1,1.0,
Jonnu Smith,GB,CHI,TE,CHI@GB,first_td,0.019062886557886554,5146,0.0,0.0976,C,-,tgt_sh 6.0%; team att 35.6; opp DvP 0.92; RZ tgt 1,1.0,
Jonnu Smith,GB,CHI,TE,CHI@GB,last_td,0.019062886557886554,5146,0.0,0.0976,C,-,tgt_sh 6.0%; team att 35.6; opp DvP 0.92; RZ tgt 1,1.0,
Jonnu Smith,GB,CHI,TE,CHI@GB,2plus_td,0.0045,22122,0.0,0.0976,C,-,tgt_sh 6.0%; team att 35.6; opp DvP 0.92; RZ tgt 1,1.0,
Christian Watson,GB,CHI,WR,CHI@GB,anytime_td,0.3542,182,0.0,0.42795,B,-,tgt_sh 20.2%; team att 35.6; opp DvP 1.00; RZ tgt 7,1.0,
Christian Watson,GB,CHI,WR,CHI@GB,first_td,0.08441146506271506,1085,0.0,0.42795,B,-,tgt_sh 20.2%; team att 35.6; opp DvP 1.00; RZ tgt 7,1.0,
Christian Watson,GB,CHI,WR,CHI@GB,last_td,0.08441146506271506,1085,0.0,0.42795,B,-,tgt_sh 20.2%; team att 35.6; opp DvP 1.00; RZ tgt 7,1.0,
Christian Watson,GB,CHI,WR,CHI@GB,2plus_td,0.0657,1422,0.0,0.42795,B,-,tgt_sh 20.2%; team att 35.6; opp DvP 1.00; RZ tgt 7,1.0,
Joe Burrow,CIN,MIA,QB,CIN@MIA,anytime_td,0.07865,1171,0.08165,0.0,B,-,team att 36.6; ypa 7.94; opp d_ypa 1.09; pass rate 62.6%,1.0,
Joe Burrow,CIN,MIA,QB,CIN@MIA,first_td,0.018105557914307912,5423,0.08165,0.0,B,-,team att 36.6; ypa 7.94; opp d_ypa 1.09; pass rate 62.6%,1.0,
Joe Burrow,CIN,MIA,QB,CIN@MIA,last_td,0.018105557914307912,5423,0.08165,0.0,B,-,team att 36.6; ypa 7.94; opp d_ypa 1.09; pass rate 62.6%,1.0,
Joe Burrow,CIN,MIA,QB,CIN@MIA,2plus_td,0.00285,34988,0.08165,0.0,B,-,team att 36.6; ypa 7.94; opp d_ypa 1.09; pass rate 62.6%,1.0,
Erick All,CIN,MIA,TE,CIN@MIA,anytime_td,0.0244,3998,0.0,0.0246,C,-,w_td 0.02; team TD 2.54,1.0,
Erick All,CIN,MIA,TE,CIN@MIA,first_td,0.005336311327561328,18640,0.0,0.0246,C,-,w_td 0.02; team TD 2.54,1.0,
Erick All,CIN,MIA,TE,CIN@MIA,last_td,0.005336311327561328,18640,0.0,0.0246,C,-,w_td 0.02; team TD 2.54,1.0,
Erick All,CIN,MIA,TE,CIN@MIA,2plus_td,0.0002,499900,0.0,0.0246,C,-,w_td 0.02; team TD 2.54,1.0,
Tahj Brooks,CIN,MIA,RB,CIN@MIA,anytime_td,0.02145,4562,0.0161,0.0055,C,-,w_td 0.02; team TD 2.54,1.0,
Tahj Brooks,CIN,MIA,RB,CIN@MIA,first_td,0.004830535714285715,20602,0.0161,0.0055,C,-,w_td 0.02; team TD 2.54,1.0,
Tahj Brooks,CIN,MIA,RB,CIN@MIA,last_td,0.004830535714285715,20602,0.0161,0.0055,C,-,w_td 0.02; team TD 2.54,1.0,
Tahj Brooks,CIN,MIA,RB,CIN@MIA,2plus_td,0.00015,666567,0.0161,0.0055,C,-,w_td 0.02; team TD 2.54,1.0,
Chase Brown,CIN,MIA,RB,CIN@MIA,anytime_td,0.54905,-122,0.5352,0.2302,B,-,tgt_sh 13.1%; team att 36.6; opp DvP 0.97; RZ tgt 1; car_sh 64.1%; team rush 22.9; opp d_ypc 0.93; inside-10 car 3,1.0,
Chase Brown,CIN,MIA,RB,CIN@MIA,first_td,0.16916544302919304,491,0.5352,0.2302,B,-,tgt_sh 13.1%; team att 36.6; opp DvP 0.97; RZ tgt 1; car_sh 64.1%; team rush 22.9; opp d_ypc 0.93; inside-10 car 3,1.0,
Chase Brown,CIN,MIA,RB,CIN@MIA,last_td,0.16916544302919304,491,0.5352,0.2302,B,-,tgt_sh 13.1%; team att 36.6; opp DvP 0.97; RZ tgt 1; car_sh 64.1%; team rush 22.9; opp d_ypc 0.93; inside-10 car 3,1.0,
Chase Brown,CIN,MIA,RB,CIN@MIA,2plus_td,0.1741,474,0.5352,0.2302,B,-,tgt_sh 13.1%; team att 36.6; opp DvP 0.97; RZ tgt 1; car_sh 64.1%; team rush 22.9; opp d_ypc 0.93; inside-10 car 3,1.0,
Ja'Marr Chase,CIN,MIA,WR,CIN@MIA,anytime_td,0.36187278492818503,176,0.0,0.438164521544488,B,no game designation yet (DNP),tgt_sh 22.5%; team att 36.6; opp DvP 0.96; RZ tgt 4,0.8055616699684496,
Ja'Marr Chase,CIN,MIA,WR,CIN@MIA,first_td,0.09615633197520904,940,0.0,0.438164521544488,B,no game designation yet (DNP),tgt_sh 22.5%; team att 36.6; opp DvP 0.96; RZ tgt 4,0.8055616699684496,
Ja'Marr Chase,CIN,MIA,WR,CIN@MIA,last_td,0.09615633197520904,940,0.0,0.438164521544488,B,no game designation yet (DNP),tgt_sh 22.5%; team att 36.6; opp DvP 0.96; RZ tgt 4,0.8055616699684496,
Ja'Marr Chase,CIN,MIA,WR,CIN@MIA,2plus_td,0.06802213517378598,1370,0.0,0.438164521544488,B,no game designation yet (DNP),tgt_sh 22.5%; team att 36.6; opp DvP 0.96; RZ tgt 4,0.8055616699684496,
Mike Gesicki,CIN,MIA,TE,CIN@MIA,anytime_td,0.23705,322,0.0,0.26695,C,-,tgt_sh 9.5%; team att 36.6; opp DvP 1.13; RZ tgt 3,1.0,
Mike Gesicki,CIN,MIA,TE,CIN@MIA,first_td,0.058793828116328106,1601,0.0,0.26695,C,-,tgt_sh 9.5%; team att 36.6; opp DvP 1.13; RZ tgt 3,1.0,
Mike Gesicki,CIN,MIA,TE,CIN@MIA,last_td,0.058793828116328106,1601,0.0,0.26695,C,-,tgt_sh 9.5%; team att 36.6; opp DvP 1.13; RZ tgt 3,1.0,
Mike Gesicki,CIN,MIA,TE,CIN@MIA,2plus_td,0.02755,3530,0.0,0.26695,C,-,tgt_sh 9.5%; team att 36.6; opp DvP 1.13; RZ tgt 3,1.0,
Tee Higgins,CIN,MIA,WR,CIN@MIA,anytime_td,0.3015556938394524,232,0.0,0.3520846297448662,B,no game designation yet (DNP),tgt_sh 20.0%; team att 36.6; opp DvP 0.96; RZ tgt 2,0.8055616699684496,
Tee Higgins,CIN,MIA,WR,CIN@MIA,first_td,0.07637210089916997,1209,0.0,0.3520846297448662,B,no game designation yet (DNP),tgt_sh 20.0%; team att 36.6; opp DvP 0.96; RZ tgt 2,0.8055616699684496,
Tee Higgins,CIN,MIA,WR,CIN@MIA,last_td,0.07637210089916997,1209,0.0,0.3520846297448662,B,no game designation yet (DNP),tgt_sh 20.0%; team att 36.6; opp DvP 0.96; RZ tgt 2,0.8055616699684496,
Tee Higgins,CIN,MIA,WR,CIN@MIA,2plus_td,0.04611076540136901,2069,0.0,0.3520846297448662,B,no game designation yet (DNP),tgt_sh 20.0%; team att 36.6; opp DvP 0.96; RZ tgt 2,0.8055616699684496,
Tanner Hudson,CIN,MIA,TE,CIN@MIA,anytime_td,0.0821,1118,0.0,0.08535,C,-,tgt_sh 3.3%; team att 36.6; opp DvP 1.13; RZ tgt 1,1.0,
Tanner Hudson,CIN,MIA,TE,CIN@MIA,first_td,0.019032218614718613,5154,0.0,0.08535,C,-,tgt_sh 3.3%; team att 36.6; opp DvP 1.13; RZ tgt 1,1.0,
Tanner Hudson,CIN,MIA,TE,CIN@MIA,last_td,0.019032218614718613,5154,0.0,0.08535,C,-,tgt_sh 3.3%; team att 36.6; opp DvP 1.13; RZ tgt 1,1.0,
Tanner Hudson,CIN,MIA,TE,CIN@MIA,2plus_td,0.00325,30669,0.0,0.08535,C,-,tgt_sh 3.3%; team att 36.6; opp DvP 1.13; RZ tgt 1,1.0,
Dohnte Meyers,CIN,MIA,WR,CIN@MIA,anytime_td,0.10055,895,0.00545,0.10025,C,-,tgt_sh 6.5%; team att 36.6; opp DvP 0.96; RZ tgt 0,1.0,
Dohnte Meyers,CIN,MIA,WR,CIN@MIA,first_td,0.023655820707070705,4127,0.00545,0.10025,C,-,tgt_sh 6.5%; team att 36.6; opp DvP 0.96; RZ tgt 0,1.0,
Dohnte Meyers,CIN,MIA,WR,CIN@MIA,last_td,0.023655820707070705,4127,0.00545,0.10025,C,-,tgt_sh 6.5%; team att 36.6; opp DvP 0.96; RZ tgt 0,1.0,
Dohnte Meyers,CIN,MIA,WR,CIN@MIA,2plus_td,0.0049,20308,0.00545,0.10025,C,-,tgt_sh 6.5%; team att 36.6; opp DvP 0.96; RZ tgt 0,1.0,
Samaje Perine,CIN,MIA,RB,CIN@MIA,anytime_td,0.21145,373,0.16975,0.0654,B,-,tgt_sh 4.3%; team att 36.6; opp DvP 0.97; RZ tgt 0; car_sh 20.5%; team rush 22.9; opp d_ypc 0.93; inside-10 car 1,1.0,
Samaje Perine,CIN,MIA,RB,CIN@MIA,first_td,0.05293430916305916,1789,0.16975,0.0654,B,-,tgt_sh 4.3%; team att 36.6; opp DvP 0.97; RZ tgt 0; car_sh 20.5%; team rush 22.9; opp d_ypc 0.93; inside-10 car 1,1.0,
Samaje Perine,CIN,MIA,RB,CIN@MIA,last_td,0.05293430916305916,1789,0.16975,0.0654,B,-,tgt_sh 4.3%; team att 36.6; opp DvP 0.97; RZ tgt 0; car_sh 20.5%; team rush 22.9; opp d_ypc 0.93; inside-10 car 1,1.0,
Samaje Perine,CIN,MIA,RB,CIN@MIA,2plus_td,0.0219,4466,0.16975,0.0654,B,-,tgt_sh 4.3%; team att 36.6; opp DvP 0.97; RZ tgt 0; car_sh 20.5%; team rush 22.9; opp d_ypc 0.93; inside-10 car 1,1.0,
Drew Sample,CIN,MIA,TE,CIN@MIA,anytime_td,0.08265,1110,0.0,0.08615,C,-,tgt_sh 3.0%; team att 36.6; opp DvP 1.13; RZ tgt 1,1.0,
Drew Sample,CIN,MIA,TE,CIN@MIA,first_td,0.019011176046176047,5160,0.0,0.08615,C,-,tgt_sh 3.0%; team att 36.6; opp DvP 1.13; RZ tgt 1,1.0,
Drew Sample,CIN,MIA,TE,CIN@MIA,last_td,0.019011176046176047,5160,0.0,0.08615,C,-,tgt_sh 3.0%; team att 36.6; opp DvP 1.13; RZ tgt 1,1.0,
Drew Sample,CIN,MIA,TE,CIN@MIA,2plus_td,0.00345,28886,0.0,0.08615,C,-,tgt_sh 3.0%; team att 36.6; opp DvP 1.13; RZ tgt 1,1.0,
Mitchell Tinsley,CIN,MIA,WR,CIN@MIA,anytime_td,0.1841,443,0.0,0.2022,C,-,tgt_sh 6.7%; team att 36.6; opp DvP 0.96; RZ tgt 3,1.0,
Mitchell Tinsley,CIN,MIA,WR,CIN@MIA,first_td,0.044278618326118326,2158,0.0,0.2022,C,-,tgt_sh 6.7%; team att 36.6; opp DvP 0.96; RZ tgt 3,1.0,
Mitchell Tinsley,CIN,MIA,WR,CIN@MIA,last_td,0.044278618326118326,2158,0.0,0.2022,C,-,tgt_sh 6.7%; team att 36.6; opp DvP 0.96; RZ tgt 3,1.0,
Mitchell Tinsley,CIN,MIA,WR,CIN@MIA,2plus_td,0.01675,5870,0.0,0.2022,C,-,tgt_sh 6.7%; team att 36.6; opp DvP 0.96; RZ tgt 3,1.0,
Colbie Young,CIN,MIA,WR,CIN@MIA,anytime_td,0.020561921205462252,4763,0.0,0.020928164076806362,C,no game designation yet (Limited),w_td 0.01; team TD 2.54,0.9575230478992892,
Colbie Young,CIN,MIA,WR,CIN@MIA,first_td,0.004662309704689237,21349,0.0,0.020928164076806362,C,no game designation yet (Limited),w_td 0.01; team TD 2.54,0.9575230478992892,
Colbie Young,CIN,MIA,WR,CIN@MIA,last_td,0.004662309704689237,21349,0.0,0.020928164076806362,C,no game designation yet (Limited),w_td 0.01; team TD 2.54,0.9575230478992892,
Colbie Young,CIN,MIA,WR,CIN@MIA,2plus_td,0.00036624287134411136,272943,0.0,0.020928164076806362,C,no game designation yet (Limited),w_td 0.01; team TD 2.54,0.9575230478992892,
Malik Willis,MIA,CIN,QB,CIN@MIA,anytime_td,0.1414,607,0.15175,0.0,B,-,team att 30.1; ypa 7.36; opp d_ypa 1.05; pass rate 56.5%,1.0,
Malik Willis,MIA,CIN,QB,CIN@MIA,first_td,0.03303091866466866,2927,0.15175,0.0,B,-,team att 30.1; ypa 7.36; opp d_ypa 1.05; pass rate 56.5%,1.0,
Malik Willis,MIA,CIN,QB,CIN@MIA,last_td,0.03303091866466866,2927,0.15175,0.0,B,-,team att 30.1; ypa 7.36; opp d_ypa 1.05; pass rate 56.5%,1.0,
Malik Willis,MIA,CIN,QB,CIN@MIA,2plus_td,0.0097,10209,0.15175,0.0,B,-,team att 30.1; ypa 7.36; opp d_ypa 1.05; pass rate 56.5%,1.0,
Chris Bell,MIA,CIN,WR,CIN@MIA,anytime_td,0.10796552624706189,826,0.0,0.11329328806476886,C,no game designation yet (Limited),tgt_sh 11.8%; team att 30.1; opp DvP 0.88; RZ tgt 0,0.9575230478992892,
Chris Bell,MIA,CIN,WR,CIN@MIA,first_td,0.024306682841548338,4014,0.0,0.11329328806476886,C,no game designation yet (Limited),tgt_sh 11.8%; team att 30.1; opp DvP 0.88; RZ tgt 0,0.9575230478992892,
Chris Bell,MIA,CIN,WR,CIN@MIA,last_td,0.024306682841548338,4014,0.0,0.11329328806476886,C,no game designation yet (Limited),tgt_sh 11.8%; team att 30.1; opp DvP 0.88; RZ tgt 0,0.9575230478992892,
Chris Bell,MIA,CIN,WR,CIN@MIA,2plus_td,0.005118829981718464,19436,0.0,0.11329328806476886,C,no game designation yet (Limited),tgt_sh 11.8%; team att 30.1; opp DvP 0.88; RZ tgt 0,0.9575230478992892,
Kevin Coleman Jr.,MIA,CIN,WR,CIN@MIA,anytime_td,0.1169,755,0.0,0.124,C,-,tgt_sh 9.4%; team att 30.1; opp DvP 0.88; RZ tgt 1,1.0,
Kevin Coleman Jr.,MIA,CIN,WR,CIN@MIA,first_td,0.026523782467532463,3670,0.0,0.124,C,-,tgt_sh 9.4%; team att 30.1; opp DvP 0.88; RZ tgt 1,1.0,
Kevin Coleman Jr.,MIA,CIN,WR,CIN@MIA,last_td,0.026523782467532463,3670,0.0,0.124,C,-,tgt_sh 9.4%; team att 30.1; opp DvP 0.88; RZ tgt 1,1.0,
Kevin Coleman Jr.,MIA,CIN,WR,CIN@MIA,2plus_td,0.00675,14715,0.0,0.124,C,-,tgt_sh 9.4%; team att 30.1; opp DvP 0.88; RZ tgt 1,1.0,
Caleb Douglas,MIA,CIN,WR,CIN@MIA,anytime_td,0.17706524435623916,465,0.0,0.1918258496650955,C,no game designation yet (DNP),tgt_sh 17.2%; team att 30.1; opp DvP 0.88; RZ tgt 1,0.8055616699684496,
Caleb Douglas,MIA,CIN,WR,CIN@MIA,first_td,0.04134063103301506,2319,0.0,0.1918258496650955,C,no game designation yet (DNP),tgt_sh 17.2%; team att 30.1; opp DvP 0.88; RZ tgt 1,0.8055616699684496,
Caleb Douglas,MIA,CIN,WR,CIN@MIA,last_td,0.04134063103301506,2319,0.0,0.1918258496650955,C,no game designation yet (DNP),tgt_sh 17.2%; team att 30.1; opp DvP 0.88; RZ tgt 1,0.8055616699684496,
Caleb Douglas,MIA,CIN,WR,CIN@MIA,2plus_td,0.013582237658149343,7263,0.0,0.1918258496650955,C,no game designation yet (DNP),tgt_sh 17.2%; team att 30.1; opp DvP 0.88; RZ tgt 1,0.8055616699684496,
Greg Dulcich,MIA,CIN,TE,CIN@MIA,anytime_td,0.16375,511,0.0,0.1789,B,-,tgt_sh 9.6%; team att 30.1; opp DvP 1.14; RZ tgt 2,1.0,
Greg Dulcich,MIA,CIN,TE,CIN@MIA,first_td,0.03868902417027417,2485,0.0,0.1789,B,-,tgt_sh 9.6%; team att 30.1; opp DvP 1.14; RZ tgt 2,1.0,
Greg Dulcich,MIA,CIN,TE,CIN@MIA,last_td,0.03868902417027417,2485,0.0,0.1789,B,-,tgt_sh 9.6%; team att 30.1; opp DvP 1.14; RZ tgt 2,1.0,
Greg Dulcich,MIA,CIN,TE,CIN@MIA,2plus_td,0.01435,6869,0.0,0.1789,B,-,tgt_sh 9.6%; team att 30.1; opp DvP 1.14; RZ tgt 2,1.0,
Ollie Gordon II,MIA,CIN,RB,CIN@MIA,anytime_td,0.3276,205,0.3527,0.03685,B,-,tgt_sh 3.5%; team att 30.1; opp DvP 1.13; RZ tgt 0; car_sh 24.2%; team rush 25.8; opp d_ypc 1.04; inside-10 car 1,1.0,
Ollie Gordon II,MIA,CIN,RB,CIN@MIA,first_td,0.08494853646353646,1077,0.3527,0.03685,B,-,tgt_sh 3.5%; team att 30.1; opp DvP 1.13; RZ tgt 0; car_sh 24.2%; team rush 25.8; opp d_ypc 1.04; inside-10 car 1,1.0,
Ollie Gordon II,MIA,CIN,RB,CIN@MIA,last_td,0.08494853646353646,1077,0.3527,0.03685,B,-,tgt_sh 3.5%; team att 30.1; opp DvP 1.13; RZ tgt 0; car_sh 24.2%; team rush 25.8; opp d_ypc 1.04; inside-10 car 1,1.0,
Ollie Gordon II,MIA,CIN,RB,CIN@MIA,2plus_td,0.05535,1707,0.3527,0.03685,B,-,tgt_sh 3.5%; team att 30.1; opp DvP 1.13; RZ tgt 0; car_sh 24.2%; team rush 25.8; opp d_ypc 1.04; inside-10 car 1,1.0,
DJ Herman,MIA,CIN,RB,CIN@MIA,anytime_td,0.03415,2828,0.006,0.02855,C,-,w_td 0.03; team TD 1.77,1.0,
DJ Herman,MIA,CIN,RB,CIN@MIA,first_td,0.007221634199134199,13747,0.006,0.02855,C,-,w_td 0.03; team TD 1.77,1.0,
DJ Herman,MIA,CIN,RB,CIN@MIA,last_td,0.007221634199134199,13747,0.006,0.02855,C,-,w_td 0.03; team TD 1.77,1.0,
DJ Herman,MIA,CIN,RB,CIN@MIA,2plus_td,0.0004,249900,0.006,0.02855,C,-,w_td 0.03; team TD 1.77,1.0,
Will Kacmarek,MIA,CIN,TE,CIN@MIA,anytime_td,0.03535,2729,0.0,0.0358,C,-,tgt_sh 3.4%; team att 30.1; opp DvP 1.14; RZ tgt 0,1.0,
Will Kacmarek,MIA,CIN,TE,CIN@MIA,first_td,0.007520321067821066,13197,0.0,0.0358,C,-,tgt_sh 3.4%; team att 30.1; opp DvP 1.14; RZ tgt 0,1.0,
Will Kacmarek,MIA,CIN,TE,CIN@MIA,last_td,0.007520321067821066,13197,0.0,0.0358,C,-,tgt_sh 3.4%; team att 30.1; opp DvP 1.14; RZ tgt 0,1.0,
Will Kacmarek,MIA,CIN,TE,CIN@MIA,2plus_td,0.00045,222122,0.0,0.0358,C,-,tgt_sh 3.4%; team att 30.1; opp DvP 1.14; RZ tgt 0,1.0,
Ryan Miller,MIA,CIN,WR,CIN@MIA,anytime_td,0.01655,5942,0.0,0.01665,C,-,w_td 0.02; team TD 1.77,1.0,
Ryan Miller,MIA,CIN,WR,CIN@MIA,first_td,0.0034791738816738814,28642,0.0,0.01665,C,-,w_td 0.02; team TD 1.77,1.0,
Ryan Miller,MIA,CIN,WR,CIN@MIA,last_td,0.0034791738816738814,28642,0.0,0.01665,C,-,w_td 0.02; team TD 1.77,1.0,
Ryan Miller,MIA,CIN,WR,CIN@MIA,2plus_td,0.0001,999900,0.0,0.01665,C,-,w_td 0.02; team TD 1.77,1.0,
Jalen Tolbert,MIA,CIN,WR,CIN@MIA,anytime_td,0.03455,2794,0.0,0.03515,C,-,w_td 0.03; team TD 1.77,1.0,
Jalen Tolbert,MIA,CIN,WR,CIN@MIA,first_td,0.007392664141414142,13427,0.0,0.03515,C,-,w_td 0.03; team TD 1.77,1.0,
Jalen Tolbert,MIA,CIN,WR,CIN@MIA,last_td,0.007392664141414142,13427,0.0,0.03515,C,-,w_td 0.03; team TD 1.77,1.0,
Jalen Tolbert,MIA,CIN,WR,CIN@MIA,2plus_td,0.0006,166567,0.0,0.03515,C,-,w_td 0.03; team TD 1.77,1.0,
Malik Washington,MIA,CIN,WR,CIN@MIA,anytime_td,0.2641,279,0.0748,0.227,B,-,tgt_sh 19.8%; team att 30.1; opp DvP 0.88; RZ tgt 1,1.0,
Malik Washington,MIA,CIN,WR,CIN@MIA,first_td,0.06504773268398269,1437,0.0748,0.227,B,-,tgt_sh 19.8%; team att 30.1; opp DvP 0.88; RZ tgt 1,1.0,
Malik Washington,MIA,CIN,WR,CIN@MIA,last_td,0.06504773268398269,1437,0.0748,0.227,B,-,tgt_sh 19.8%; team att 30.1; opp DvP 0.88; RZ tgt 1,1.0,
Malik Washington,MIA,CIN,WR,CIN@MIA,2plus_td,0.03495,2761,0.0748,0.227,B,-,tgt_sh 19.8%; team att 30.1; opp DvP 0.88; RZ tgt 1,1.0,
Jaylen Wright,MIA,CIN,RB,CIN@MIA,anytime_td,0.19405,415,0.1992,0.01485,C,-,car_sh 11.8%; team rush 25.8; opp d_ypc 1.04; inside-10 car 1,1.0,
Jaylen Wright,MIA,CIN,RB,CIN@MIA,first_td,0.04664986402486403,2044,0.1992,0.01485,C,-,car_sh 11.8%; team rush 25.8; opp d_ypc 1.04; inside-10 car 1,1.0,
Jaylen Wright,MIA,CIN,RB,CIN@MIA,last_td,0.04664986402486403,2044,0.1992,0.01485,C,-,car_sh 11.8%; team rush 25.8; opp d_ypc 1.04; inside-10 car 1,1.0,
Jaylen Wright,MIA,CIN,RB,CIN@MIA,2plus_td,0.0188,5219,0.1992,0.01485,C,-,car_sh 11.8%; team rush 25.8; opp d_ypc 1.04; inside-10 car 1,1.0,
Kirk Cousins,LV,NE,QB,LV@NE,anytime_td,0.02825,3440,0.0287,0.0,B,-,team att 33.7; ypa 6.97; opp d_ypa 0.96; pass rate 56.7%,1.0,
Kirk Cousins,LV,NE,QB,LV@NE,first_td,0.005599112554112554,17760,0.0287,0.0,B,-,team att 33.7; ypa 6.97; opp d_ypa 0.96; pass rate 56.7%,1.0,
Kirk Cousins,LV,NE,QB,LV@NE,last_td,0.005599112554112554,17760,0.0287,0.0,B,-,team att 33.7; ypa 6.97; opp d_ypa 0.96; pass rate 56.7%,1.0,
Kirk Cousins,LV,NE,QB,LV@NE,2plus_td,0.0004,249900,0.0287,0.0,B,-,team att 33.7; ypa 6.97; opp d_ypa 0.96; pass rate 56.7%,1.0,
Cody White,LV,NE,WR,LV@NE,anytime_td,0.135,641,0.0,0.14475,C,-,tgt_sh 5.5%; team att 33.7; opp DvP 0.95; RZ tgt 4,1.0,
Cody White,LV,NE,WR,LV@NE,first_td,0.028642335858585857,3391,0.0,0.14475,C,-,tgt_sh 5.5%; team att 33.7; opp DvP 0.95; RZ tgt 4,1.0,
Cody White,LV,NE,WR,LV@NE,last_td,0.028642335858585857,3391,0.0,0.14475,C,-,tgt_sh 5.5%; team att 33.7; opp DvP 0.95; RZ tgt 4,1.0,
Cody White,LV,NE,WR,LV@NE,2plus_td,0.0095,10426,0.0,0.14475,C,-,tgt_sh 5.5%; team att 33.7; opp DvP 0.95; RZ tgt 4,1.0,
Malik Benson,LV,NE,WR,LV@NE,anytime_td,0.03405,2837,0.00285,0.03205,C,-,w_td 0.02; team TD 1.97,1.0,
Malik Benson,LV,NE,WR,LV@NE,first_td,0.00707671176046176,14031,0.00285,0.03205,C,-,w_td 0.02; team TD 1.97,1.0,
Malik Benson,LV,NE,WR,LV@NE,last_td,0.00707671176046176,14031,0.00285,0.03205,C,-,w_td 0.02; team TD 1.97,1.0,
Malik Benson,LV,NE,WR,LV@NE,2plus_td,0.00085,117547,0.00285,0.03205,C,-,w_td 0.02; team TD 1.97,1.0,
Brock Bowers,LV,NE,TE,LV@NE,anytime_td,0.3313,202,0.0,0.39325,B,-,tgt_sh 25.0%; team att 33.7; opp DvP 1.11; RZ tgt 4,1.0,
Brock Bowers,LV,NE,TE,LV@NE,first_td,0.07859469683094683,1172,0.0,0.39325,B,-,tgt_sh 25.0%; team att 33.7; opp DvP 1.11; RZ tgt 4,1.0,
Brock Bowers,LV,NE,TE,LV@NE,last_td,0.07859469683094683,1172,0.0,0.39325,B,-,tgt_sh 25.0%; team att 33.7; opp DvP 1.11; RZ tgt 4,1.0,
Brock Bowers,LV,NE,TE,LV@NE,2plus_td,0.05605,1684,0.0,0.39325,B,-,tgt_sh 25.0%; team att 33.7; opp DvP 1.11; RZ tgt 4,1.0,
Connor Heyward,LV,NE,RB,LV@NE,anytime_td,0.02825,3440,0.0207,0.00785,C,-,w_td 0.04; team TD 1.97,1.0,
Connor Heyward,LV,NE,RB,LV@NE,first_td,0.005743495670995671,17311,0.0207,0.00785,C,-,w_td 0.04; team TD 1.97,1.0,
Connor Heyward,LV,NE,RB,LV@NE,last_td,0.005743495670995671,17311,0.0207,0.00785,C,-,w_td 0.04; team TD 1.97,1.0,
Connor Heyward,LV,NE,RB,LV@NE,2plus_td,0.0003,333233,0.0207,0.00785,C,-,w_td 0.04; team TD 1.97,1.0,
Ashton Jeanty,LV,NE,RB,LV@NE,anytime_td,0.48585,106,0.3473,0.29455,B,-,tgt_sh 14.6%; team att 33.7; opp DvP 1.00; RZ tgt 6; car_sh 60.7%; team rush 26.8; opp d_ypc 1.03; inside-10 car 7,1.0,
Ashton Jeanty,LV,NE,RB,LV@NE,first_td,0.12812552725052723,680,0.3473,0.29455,B,-,tgt_sh 14.6%; team att 33.7; opp DvP 1.00; RZ tgt 6; car_sh 60.7%; team rush 26.8; opp d_ypc 1.03; inside-10 car 7,1.0,
Ashton Jeanty,LV,NE,RB,LV@NE,last_td,0.12812552725052723,680,0.3473,0.29455,B,-,tgt_sh 14.6%; team att 33.7; opp DvP 1.00; RZ tgt 6; car_sh 60.7%; team rush 26.8; opp d_ypc 1.03; inside-10 car 7,1.0,
Ashton Jeanty,LV,NE,RB,LV@NE,2plus_td,0.13195,658,0.3473,0.29455,B,-,tgt_sh 14.6%; team att 33.7; opp DvP 1.00; RZ tgt 6; car_sh 60.7%; team rush 26.8; opp d_ypc 1.03; inside-10 car 7,1.0,
Michael Mayer,LV,NE,TE,LV@NE,anytime_td,0.20375,391,0.0,0.22435,B,-,tgt_sh 15.7%; team att 33.7; opp DvP 1.11; RZ tgt 2,1.0,
Michael Mayer,LV,NE,TE,LV@NE,first_td,0.04419381313131313,2163,0.0,0.22435,B,-,tgt_sh 15.7%; team att 33.7; opp DvP 1.11; RZ tgt 2,1.0,
Michael Mayer,LV,NE,TE,LV@NE,last_td,0.04419381313131313,2163,0.0,0.22435,B,-,tgt_sh 15.7%; team att 33.7; opp DvP 1.11; RZ tgt 2,1.0,
Michael Mayer,LV,NE,TE,LV@NE,2plus_td,0.01925,5095,0.0,0.22435,B,-,tgt_sh 15.7%; team att 33.7; opp DvP 1.11; RZ tgt 2,1.0,
Jalen Nailor,LV,NE,WR,LV@NE,anytime_td,0.11105,800,0.0,0.1173,C,-,tgt_sh 8.9%; team att 33.7; opp DvP 0.95; RZ tgt 1,1.0,
Jalen Nailor,LV,NE,WR,LV@NE,first_td,0.023215037878787877,4208,0.0,0.1173,C,-,tgt_sh 8.9%; team att 33.7; opp DvP 0.95; RZ tgt 1,1.0,
Jalen Nailor,LV,NE,WR,LV@NE,last_td,0.023215037878787877,4208,0.0,0.1173,C,-,tgt_sh 8.9%; team att 33.7; opp DvP 0.95; RZ tgt 1,1.0,
Jalen Nailor,LV,NE,WR,LV@NE,2plus_td,0.0058,17141,0.0,0.1173,C,-,tgt_sh 8.9%; team att 33.7; opp DvP 0.95; RZ tgt 1,1.0,
Ian Thomas,LV,NE,TE,LV@NE,anytime_td,0.0229,4267,0.0,0.02325,C,-,w_td 0.02; team TD 1.97,1.0,
Ian Thomas,LV,NE,TE,LV@NE,first_td,0.004765640331890332,20884,0.0,0.02325,C,-,w_td 0.02; team TD 1.97,1.0,
Ian Thomas,LV,NE,TE,LV@NE,last_td,0.004765640331890332,20884,0.0,0.02325,C,-,w_td 0.02; team TD 1.97,1.0,
Ian Thomas,LV,NE,TE,LV@NE,2plus_td,0.00035,285614,0.0,0.02325,C,-,w_td 0.02; team TD 1.97,1.0,
Tre Tucker,LV,NE,WR,LV@NE,anytime_td,0.1707,486,0.0,0.1866,B,-,tgt_sh 15.2%; team att 33.7; opp DvP 0.95; RZ tgt 1,1.0,
Tre Tucker,LV,NE,WR,LV@NE,first_td,0.036363880425130425,2650,0.0,0.1866,B,-,tgt_sh 15.2%; team att 33.7; opp DvP 0.95; RZ tgt 1,1.0,
Tre Tucker,LV,NE,WR,LV@NE,last_td,0.036363880425130425,2650,0.0,0.1866,B,-,tgt_sh 15.2%; team att 33.7; opp DvP 0.95; RZ tgt 1,1.0,
Tre Tucker,LV,NE,WR,LV@NE,2plus_td,0.01485,6634,0.0,0.1866,B,-,tgt_sh 15.2%; team att 33.7; opp DvP 0.95; RZ tgt 1,1.0,
Mike Washington Jr.,LV,NE,RB,LV@NE,anytime_td,0.1166,758,0.10665,0.0158,B,-,car_sh 22.8%; team rush 26.8; opp d_ypc 1.03; inside-10 car 1,1.0,
Mike Washington Jr.,LV,NE,RB,LV@NE,first_td,0.024997119963369965,3900,0.10665,0.0158,B,-,car_sh 22.8%; team rush 26.8; opp d_ypc 1.03; inside-10 car 1,1.0,
Mike Washington Jr.,LV,NE,RB,LV@NE,last_td,0.024997119963369965,3900,0.10665,0.0158,B,-,car_sh 22.8%; team rush 26.8; opp d_ypc 1.03; inside-10 car 1,1.0,
Mike Washington Jr.,LV,NE,RB,LV@NE,2plus_td,0.00575,17291,0.10665,0.0158,B,-,car_sh 22.8%; team rush 26.8; opp d_ypc 1.03; inside-10 car 1,1.0,
Dareke Young,LV,NE,WR,LV@NE,anytime_td,0.016,6150,0.0,0.0161,C,-,w_td 0.01; team TD 1.97,1.0,
Dareke Young,LV,NE,WR,LV@NE,first_td,0.003120304834054834,31948,0.0,0.0161,C,-,w_td 0.01; team TD 1.97,1.0,
Dareke Young,LV,NE,WR,LV@NE,last_td,0.003120304834054834,31948,0.0,0.0161,C,-,w_td 0.01; team TD 1.97,1.0,
Dareke Young,LV,NE,WR,LV@NE,2plus_td,0.0001,999900,0.0,0.0161,C,-,w_td 0.01; team TD 1.97,1.0,
Drake Maye,NE,LV,QB,LV@NE,anytime_td,0.1732958897115139,477,0.1868777125351034,0.0,B,no game designation yet (Full),team att 30.0; ypa 7.20; opp d_ypa 1.00; pass rate 52.9%,0.98,
Drake Maye,NE,LV,QB,LV@NE,first_td,0.038378947946218815,2506,0.1868777125351034,0.0,B,no game designation yet (Full),team att 30.0; ypa 7.20; opp d_ypa 1.00; pass rate 52.9%,0.98,
Drake Maye,NE,LV,QB,LV@NE,last_td,0.038378947946218815,2506,0.1868777125351034,0.0,B,no game designation yet (Full),team att 30.0; ypa 7.20; opp d_ypa 1.00; pass rate 52.9%,0.98,
Drake Maye,NE,LV,QB,LV@NE,2plus_td,0.013071227980597396,7550,0.1868777125351034,0.0,B,no game designation yet (Full),team att 30.0; ypa 7.20; opp d_ypa 1.00; pass rate 52.9%,0.98,
Efton Chism III,NE,LV,WR,LV@NE,anytime_td,0.0934,971,0.0,0.09775,C,-,w_td 0.05; team TD 2.76,1.0,
Efton Chism III,NE,LV,WR,LV@NE,first_td,0.019577239010989008,5008,0.0,0.09775,C,-,w_td 0.05; team TD 2.76,1.0,
Efton Chism III,NE,LV,WR,LV@NE,last_td,0.019577239010989008,5008,0.0,0.09775,C,-,w_td 0.05; team TD 2.76,1.0,
Efton Chism III,NE,LV,WR,LV@NE,2plus_td,0.00415,23996,0.0,0.09775,C,-,w_td 0.05; team TD 2.76,1.0,
Romeo Doubs,NE,LV,WR,LV@NE,anytime_td,0.35065,185,0.0,0.42275,B,-,tgt_sh 16.8%; team att 30.0; opp DvP 1.04; RZ tgt 4,1.0,
Romeo Doubs,NE,LV,WR,LV@NE,first_td,0.08510717171717172,1075,0.0,0.42275,B,-,tgt_sh 16.8%; team att 30.0; opp DvP 1.04; RZ tgt 4,1.0,
Romeo Doubs,NE,LV,WR,LV@NE,last_td,0.08510717171717172,1075,0.0,0.42275,B,-,tgt_sh 16.8%; team att 30.0; opp DvP 1.04; RZ tgt 4,1.0,
Romeo Doubs,NE,LV,WR,LV@NE,2plus_td,0.0646,1448,0.0,0.42275,B,-,tgt_sh 16.8%; team att 30.0; opp DvP 1.04; RZ tgt 4,1.0,
DeMario Douglas,NE,LV,WR,LV@NE,anytime_td,0.21775,359,0.0,0.24375,C,-,tgt_sh 10.6%; team att 30.0; opp DvP 1.04; RZ tgt 2,1.0,
DeMario Douglas,NE,LV,WR,LV@NE,first_td,0.04830262806637806,1970,0.0,0.24375,C,-,tgt_sh 10.6%; team att 30.0; opp DvP 1.04; RZ tgt 2,1.0,
DeMario Douglas,NE,LV,WR,LV@NE,last_td,0.04830262806637806,1970,0.0,0.24375,C,-,tgt_sh 10.6%; team att 30.0; opp DvP 1.04; RZ tgt 2,1.0,
DeMario Douglas,NE,LV,WR,LV@NE,2plus_td,0.0238,4102,0.0,0.24375,C,-,tgt_sh 10.6%; team att 30.0; opp DvP 1.04; RZ tgt 2,1.0,
Reggie Gilliam,NE,LV,RB,LV@NE,anytime_td,0.02093899071051971,4676,0.0,0.021139844338438362,C,no game designation yet (Limited),w_td 0.01; team TD 2.76,0.9951309141019752,
Reggie Gilliam,NE,LV,RB,LV@NE,first_td,0.004403581744781845,22609,0.0,0.021139844338438362,C,no game designation yet (Limited),w_td 0.01; team TD 2.76,0.9951309141019752,
Reggie Gilliam,NE,LV,RB,LV@NE,last_td,0.004403581744781845,22609,0.0,0.021139844338438362,C,no game designation yet (Limited),w_td 0.01; team TD 2.76,0.9951309141019752,
Reggie Gilliam,NE,LV,RB,LV@NE,2plus_td,0.00020085362791865427,497775,0.0,0.021139844338438362,C,no game designation yet (Limited),w_td 0.01; team TD 2.76,0.9951309141019752,
TreVeyon Henderson,NE,LV,RB,LV@NE,anytime_td,0.35875,179,0.3732,0.0617,B,-,tgt_sh 4.2%; team att 30.0; opp DvP 0.98; RZ tgt 0; car_sh 39.1%; team rush 29.2; opp d_ypc 1.13; inside-10 car 1,1.0,
TreVeyon Henderson,NE,LV,RB,LV@NE,first_td,0.08840756007881007,1031,0.3732,0.0617,B,-,tgt_sh 4.2%; team att 30.0; opp DvP 0.98; RZ tgt 0; car_sh 39.1%; team rush 29.2; opp d_ypc 1.13; inside-10 car 1,1.0,
TreVeyon Henderson,NE,LV,RB,LV@NE,last_td,0.08840756007881007,1031,0.3732,0.0617,B,-,tgt_sh 4.2%; team att 30.0; opp DvP 0.98; RZ tgt 0; car_sh 39.1%; team rush 29.2; opp d_ypc 1.13; inside-10 car 1,1.0,
TreVeyon Henderson,NE,LV,RB,LV@NE,2plus_td,0.0677,1377,0.3732,0.0617,B,-,tgt_sh 4.2%; team att 30.0; opp DvP 0.98; RZ tgt 0; car_sh 39.1%; team rush 29.2; opp d_ypc 1.13; inside-10 car 1,1.0,
Hunter Henry,NE,LV,TE,LV@NE,anytime_td,0.2083,380,0.0,0.22885,C,-,tgt_sh 13.8%; team att 30.0; opp DvP 0.80; RZ tgt 1,1.0,
Hunter Henry,NE,LV,TE,LV@NE,first_td,0.04669576173826174,2042,0.0,0.22885,C,-,tgt_sh 13.8%; team att 30.0; opp DvP 0.80; RZ tgt 1,1.0,
Hunter Henry,NE,LV,TE,LV@NE,last_td,0.04669576173826174,2042,0.0,0.22885,C,-,tgt_sh 13.8%; team att 30.0; opp DvP 0.80; RZ tgt 1,1.0,
Hunter Henry,NE,LV,TE,LV@NE,2plus_td,0.01935,5068,0.0,0.22885,C,-,tgt_sh 13.8%; team att 30.0; opp DvP 0.80; RZ tgt 1,1.0,
Mack Hollins,NE,LV,WR,LV@NE,anytime_td,0.3049724441141866,228,0.0,0.35853613226825193,B,no game designation yet (DNP),tgt_sh 14.1%; team att 30.0; opp DvP 1.04; RZ tgt 4,0.8055616699684496,
Mack Hollins,NE,LV,WR,LV@NE,first_td,0.07283458709708013,1273,0.0,0.35853613226825193,B,no game designation yet (DNP),tgt_sh 14.1%; team att 30.0; opp DvP 1.04; RZ tgt 4,0.8055616699684496,
Mack Hollins,NE,LV,WR,LV@NE,last_td,0.07283458709708013,1273,0.0,0.35853613226825193,B,no game designation yet (DNP),tgt_sh 14.1%; team att 30.0; opp DvP 1.04; RZ tgt 4,0.8055616699684496,
Mack Hollins,NE,LV,WR,LV@NE,2plus_td,0.048485974363737694,1962,0.0,0.35853613226825193,B,no game designation yet (DNP),tgt_sh 14.1%; team att 30.0; opp DvP 1.04; RZ tgt 4,0.8055616699684496,
Corey Kiner,NE,LV,RB,LV@NE,anytime_td,0.08985,1013,0.08235,0.0118,C,-,car_sh 9.7%; team rush 29.2; opp d_ypc 1.13; inside-10 car 0,1.0,
Corey Kiner,NE,LV,RB,LV@NE,first_td,0.01930007631257631,5081,0.08235,0.0118,C,-,car_sh 9.7%; team rush 29.2; opp d_ypc 1.13; inside-10 car 0,1.0,
Corey Kiner,NE,LV,RB,LV@NE,last_td,0.01930007631257631,5081,0.08235,0.0118,C,-,car_sh 9.7%; team rush 29.2; opp d_ypc 1.13; inside-10 car 0,1.0,
Corey Kiner,NE,LV,RB,LV@NE,2plus_td,0.00405,24591,0.08235,0.0118,C,-,car_sh 9.7%; team rush 29.2; opp d_ypc 1.13; inside-10 car 0,1.0,
Lan Larison,NE,LV,RB,LV@NE,anytime_td,0.05,1900,0.0037,0.0476,C,-,w_td 0.03; team TD 2.76,1.0,
Lan Larison,NE,LV,RB,LV@NE,first_td,0.010591338383838383,9342,0.0037,0.0476,C,-,w_td 0.03; team TD 2.76,1.0,
Lan Larison,NE,LV,RB,LV@NE,last_td,0.010591338383838383,9342,0.0037,0.0476,C,-,w_td 0.03; team TD 2.76,1.0,
Lan Larison,NE,LV,RB,LV@NE,2plus_td,0.0013,76823,0.0037,0.0476,C,-,w_td 0.03; team TD 2.76,1.0,
Eli Raridon,NE,LV,TE,LV@NE,anytime_td,0.09705,930,0.0,0.10235,C,-,w_td 0.05; team TD 2.76,1.0,
Eli Raridon,NE,LV,TE,LV@NE,first_td,0.02047305916305916,4784,0.0,0.10235,C,-,w_td 0.05; team TD 2.76,1.0,
Eli Raridon,NE,LV,TE,LV@NE,last_td,0.02047305916305916,4784,0.0,0.10235,C,-,w_td 0.05; team TD 2.76,1.0,
Eli Raridon,NE,LV,TE,LV@NE,2plus_td,0.00505,19702,0.0,0.10235,C,-,w_td 0.05; team TD 2.76,1.0,
Rhamondre Stevenson,NE,LV,RB,LV@NE,anytime_td,0.38371040723981903,161,0.3081447963800905,0.15796882855706385,B,no game designation yet (Limited),tgt_sh 10.1%; team att 30.0; opp DvP 0.98; RZ tgt 0; car_sh 27.9%; team rush 29.2; opp d_ypc 1.13; inside-10 car 2,0.9951309141019752,
Rhamondre Stevenson,NE,LV,RB,LV@NE,first_td,0.09399252163958045,964,0.3081447963800905,0.15796882855706385,B,no game designation yet (Limited),tgt_sh 10.1%; team att 30.0; opp DvP 0.98; RZ tgt 0; car_sh 27.9%; team rush 29.2; opp d_ypc 1.13; inside-10 car 2,0.9951309141019752,
Rhamondre Stevenson,NE,LV,RB,LV@NE,last_td,0.09399252163958045,964,0.3081447963800905,0.15796882855706385,B,no game designation yet (Limited),tgt_sh 10.1%; team att 30.0; opp DvP 0.98; RZ tgt 0; car_sh 27.9%; team rush 29.2; opp d_ypc 1.13; inside-10 car 2,0.9951309141019752,
Rhamondre Stevenson,NE,LV,RB,LV@NE,2plus_td,0.07365510306686777,1258,0.3081447963800905,0.15796882855706385,B,no game designation yet (Limited),tgt_sh 10.1%; team att 30.0; opp DvP 0.98; RZ tgt 0; car_sh 27.9%; team rush 29.2; opp d_ypc 1.13; inside-10 car 2,0.9951309141019752,
Kyle Williams,NE,LV,WR,LV@NE,anytime_td,0.06455,1449,0.0,0.0673,C,-,tgt_sh 4.2%; team att 30.0; opp DvP 1.04; RZ tgt 0,1.0,
Kyle Williams,NE,LV,WR,LV@NE,first_td,0.013561055194805192,7274,0.0,0.0673,C,-,tgt_sh 4.2%; team att 30.0; opp DvP 1.04; RZ tgt 0,1.0,
Kyle Williams,NE,LV,WR,LV@NE,last_td,0.013561055194805192,7274,0.0,0.0673,C,-,tgt_sh 4.2%; team att 30.0; opp DvP 1.04; RZ tgt 0,1.0,
Kyle Williams,NE,LV,WR,LV@NE,2plus_td,0.00265,37636,0.0,0.0673,C,-,tgt_sh 4.2%; team att 30.0; opp DvP 1.04; RZ tgt 0,1.0,
Kyler Murray,MIN,NO,QB,MIN@NO,anytime_td,0.15935,528,0.1705,0.0,B,-,team att 29.2; ypa 6.91; opp d_ypa 1.02; pass rate 52.4%,1.0,
Kyler Murray,MIN,NO,QB,MIN@NO,first_td,0.03998122474747475,2401,0.1705,0.0,B,-,team att 29.2; ypa 6.91; opp d_ypa 1.02; pass rate 52.4%,1.0,
Kyler Murray,MIN,NO,QB,MIN@NO,last_td,0.03998122474747475,2401,0.1705,0.0,B,-,team att 29.2; ypa 6.91; opp d_ypa 1.02; pass rate 52.4%,1.0,
Kyler Murray,MIN,NO,QB,MIN@NO,2plus_td,0.0109,9074,0.1705,0.0,B,-,team att 29.2; ypa 6.91; opp d_ypa 1.02; pass rate 52.4%,1.0,
Jordan Addison,MIN,NO,WR,MIN@NO,anytime_td,0.18343782978459247,445,0.005773170277484636,0.19411509094295115,B,no game designation yet (DNP),tgt_sh 16.8%; team att 29.2; opp DvP 0.98; RZ tgt 1,0.8055616699684496,
Jordan Addison,MIN,NO,WR,MIN@NO,first_td,0.04597262257265982,2075,0.005773170277484636,0.19411509094295115,B,no game designation yet (DNP),tgt_sh 16.8%; team att 29.2; opp DvP 0.98; RZ tgt 1,0.8055616699684496,
Jordan Addison,MIN,NO,WR,MIN@NO,last_td,0.04597262257265982,2075,0.005773170277484636,0.19411509094295115,B,no game designation yet (DNP),tgt_sh 16.8%; team att 29.2; opp DvP 0.98; RZ tgt 1,0.8055616699684496,
Jordan Addison,MIN,NO,WR,MIN@NO,2plus_td,0.015643429138990625,6292,0.005773170277484636,0.19411509094295115,B,no game designation yet (DNP),tgt_sh 16.8%; team att 29.2; opp DvP 0.98; RZ tgt 1,0.8055616699684496,
Demond Claiborne,MIN,NO,RB,MIN@NO,anytime_td,0.0625,1500,0.0494,0.0144,C,-,w_td 0.05; team TD 2.01,1.0,
Demond Claiborne,MIN,NO,RB,MIN@NO,first_td,0.014753098845598845,6678,0.0494,0.0144,C,-,w_td 0.05; team TD 2.01,1.0,
Demond Claiborne,MIN,NO,RB,MIN@NO,last_td,0.014753098845598845,6678,0.0494,0.0144,C,-,w_td 0.05; team TD 2.01,1.0,
Demond Claiborne,MIN,NO,RB,MIN@NO,2plus_td,0.00125,79900,0.0494,0.0144,C,-,w_td 0.05; team TD 2.01,1.0,
DeeJay Dallas,MIN,NO,RB,MIN@NO,anytime_td,0.0527,1798,0.02805,0.02585,C,-,w_td 0.04; team TD 2.01,1.0,
DeeJay Dallas,MIN,NO,RB,MIN@NO,first_td,0.012540301226551226,7874,0.02805,0.02585,C,-,w_td 0.04; team TD 2.01,1.0,
DeeJay Dallas,MIN,NO,RB,MIN@NO,last_td,0.012540301226551226,7874,0.02805,0.02585,C,-,w_td 0.04; team TD 2.01,1.0,
DeeJay Dallas,MIN,NO,RB,MIN@NO,2plus_td,0.0012,83233,0.02805,0.02585,C,-,w_td 0.04; team TD 2.01,1.0,
Tai Felton,MIN,NO,WR,MIN@NO,anytime_td,0.02185,4477,0.0,0.02215,C,-,w_td 0.02; team TD 2.01,1.0,
Tai Felton,MIN,NO,WR,MIN@NO,first_td,0.004964404761904761,20043,0.0,0.02215,C,-,w_td 0.02; team TD 2.01,1.0,
Tai Felton,MIN,NO,WR,MIN@NO,last_td,0.004964404761904761,20043,0.0,0.02215,C,-,w_td 0.02; team TD 2.01,1.0,
Tai Felton,MIN,NO,WR,MIN@NO,2plus_td,0.0003,333233,0.0,0.02215,C,-,w_td 0.02; team TD 2.01,1.0,
T.J. Hockenson,MIN,NO,TE,MIN@NO,anytime_td,0.27975,257,0.0,0.32275,B,-,tgt_sh 19.3%; team att 29.2; opp DvP 0.85; RZ tgt 5,1.0,
T.J. Hockenson,MIN,NO,TE,MIN@NO,first_td,0.07432166361416362,1246,0.0,0.32275,B,-,tgt_sh 19.3%; team att 29.2; opp DvP 0.85; RZ tgt 5,1.0,
T.J. Hockenson,MIN,NO,TE,MIN@NO,last_td,0.07432166361416362,1246,0.0,0.32275,B,-,tgt_sh 19.3%; team att 29.2; opp DvP 0.85; RZ tgt 5,1.0,
T.J. Hockenson,MIN,NO,TE,MIN@NO,2plus_td,0.03945,2435,0.0,0.32275,B,-,tgt_sh 19.3%; team att 29.2; opp DvP 0.85; RZ tgt 5,1.0,
Justin Jefferson,MIN,NO,WR,MIN@NO,anytime_td,0.28986035848270114,245,0.0,0.33810962901208835,B,no game designation yet (Limited),tgt_sh 24.0%; team att 29.2; opp DvP 0.98; RZ tgt 3,0.9575230478992892,
Justin Jefferson,MIN,NO,WR,MIN@NO,first_td,0.07796382080589041,1183,0.0,0.33810962901208835,B,no game designation yet (Limited),tgt_sh 24.0%; team att 29.2; opp DvP 0.98; RZ tgt 3,0.9575230478992892,
Justin Jefferson,MIN,NO,WR,MIN@NO,last_td,0.07796382080589041,1183,0.0,0.33810962901208835,B,no game designation yet (Limited),tgt_sh 24.0%; team att 29.2; opp DvP 0.98; RZ tgt 3,0.9575230478992892,
Justin Jefferson,MIN,NO,WR,MIN@NO,2plus_td,0.04361192163401417,2193,0.0,0.33810962901208835,B,no game designation yet (Limited),tgt_sh 24.0%; team att 29.2; opp DvP 0.98; RZ tgt 3,0.9575230478992892,
Jauan Jennings,MIN,NO,WR,MIN@NO,anytime_td,0.08365,1095,0.0,0.08765,C,-,tgt_sh 8.4%; team att 29.2; opp DvP 0.98; RZ tgt 0,1.0,
Jauan Jennings,MIN,NO,WR,MIN@NO,first_td,0.020554806998556996,4765,0.0,0.08765,C,-,tgt_sh 8.4%; team att 29.2; opp DvP 0.98; RZ tgt 0,1.0,
Jauan Jennings,MIN,NO,WR,MIN@NO,last_td,0.020554806998556996,4765,0.0,0.08765,C,-,tgt_sh 8.4%; team att 29.2; opp DvP 0.98; RZ tgt 0,1.0,
Jauan Jennings,MIN,NO,WR,MIN@NO,2plus_td,0.0039,25541,0.0,0.08765,C,-,tgt_sh 8.4%; team att 29.2; opp DvP 0.98; RZ tgt 0,1.0,
Aaron Jones,MIN,NO,RB,MIN@NO,anytime_td,0.4994974369283345,100,0.49502462559051164,0.1709217006734345,B,no game designation yet (Limited),tgt_sh 11.3%; team att 29.2; opp DvP 0.89; RZ tgt 2; car_sh 46.6%; team rush 29.2; opp d_ypc 1.12; inside-10 car 1,0.9951309141019752,
Aaron Jones,MIN,NO,RB,MIN@NO,first_td,0.15532664446374367,544,0.49502462559051164,0.1709217006734345,B,no game designation yet (Limited),tgt_sh 11.3%; team att 29.2; opp DvP 0.89; RZ tgt 2; car_sh 46.6%; team rush 29.2; opp d_ypc 1.12; inside-10 car 1,0.9951309141019752,
Aaron Jones,MIN,NO,RB,MIN@NO,last_td,0.15532664446374367,544,0.49502462559051164,0.1709217006734345,B,no game designation yet (Limited),tgt_sh 11.3%; team att 29.2; opp DvP 0.89; RZ tgt 2; car_sh 46.6%; team rush 29.2; opp d_ypc 1.12; inside-10 car 1,0.9951309141019752,
Aaron Jones,MIN,NO,RB,MIN@NO,2plus_td,0.13835561362951052,623,0.49502462559051164,0.1709217006734345,B,no game designation yet (Limited),tgt_sh 11.3%; team att 29.2; opp DvP 0.89; RZ tgt 2; car_sh 46.6%; team rush 29.2; opp d_ypc 1.12; inside-10 car 1,0.9951309141019752,
Myles Price,MIN,NO,WR,MIN@NO,anytime_td,0.03265,2963,0.00635,0.0267,C,-,w_td 0.02; team TD 2.01,1.0,
Myles Price,MIN,NO,WR,MIN@NO,first_td,0.007535674603174603,13170,0.00635,0.0267,C,-,w_td 0.02; team TD 2.01,1.0,
Myles Price,MIN,NO,WR,MIN@NO,last_td,0.007535674603174603,13170,0.00635,0.0267,C,-,w_td 0.02; team TD 2.01,1.0,
Myles Price,MIN,NO,WR,MIN@NO,2plus_td,0.0004,249900,0.00635,0.0267,C,-,w_td 0.02; team TD 2.01,1.0,
Tyler Shough,NO,MIN,QB,MIN@NO,anytime_td,0.15064020813140847,564,0.16196500535632302,0.0,B,no game designation yet (Limited),team att 37.8; ypa 6.70; opp d_ypa 0.97; pass rate 64.3%,0.98,
Tyler Shough,NO,MIN,QB,MIN@NO,first_td,0.038318425581854644,2510,0.16196500535632302,0.0,B,no game designation yet (Limited),team att 37.8; ypa 6.70; opp d_ypa 0.97; pass rate 64.3%,0.98,
Tyler Shough,NO,MIN,QB,MIN@NO,last_td,0.038318425581854644,2510,0.16196500535632302,0.0,B,no game designation yet (Limited),team att 37.8; ypa 6.70; opp d_ypa 0.97; pass rate 64.3%,0.98,
Tyler Shough,NO,MIN,QB,MIN@NO,2plus_td,0.01076365862368005,9191,0.16196500535632302,0.0,B,no game designation yet (Limited),team att 37.8; ypa 6.70; opp d_ypa 0.97; pass rate 64.3%,0.98,
Kevin Austin Jr.,NO,MIN,WR,MIN@NO,anytime_td,0.04405,2170,0.0,0.04495,C,-,tgt_sh 3.9%; team att 37.8; opp DvP 0.96; RZ tgt 0,1.0,
Kevin Austin Jr.,NO,MIN,WR,MIN@NO,first_td,0.010253439754689753,9653,0.0,0.04495,C,-,tgt_sh 3.9%; team att 37.8; opp DvP 0.96; RZ tgt 0,1.0,
Kevin Austin Jr.,NO,MIN,WR,MIN@NO,last_td,0.010253439754689753,9653,0.0,0.04495,C,-,tgt_sh 3.9%; team att 37.8; opp DvP 0.96; RZ tgt 0,1.0,
Kevin Austin Jr.,NO,MIN,WR,MIN@NO,2plus_td,0.0009,111011,0.0,0.04495,C,-,tgt_sh 3.9%; team att 37.8; opp DvP 0.96; RZ tgt 0,1.0,
Barion Brown,NO,MIN,WR,MIN@NO,anytime_td,0.020609597119622573,4752,0.013098268048916754,0.007573406170463716,C,no game designation yet (DNP),w_td 0.01; team TD 2.04,0.8055616699684496,
Barion Brown,NO,MIN,WR,MIN@NO,first_td,0.004850955839533653,20514,0.013098268048916754,0.007573406170463716,C,no game designation yet (DNP),w_td 0.01; team TD 2.04,0.8055616699684496,
Barion Brown,NO,MIN,WR,MIN@NO,last_td,0.004850955839533653,20514,0.013098268048916754,0.007573406170463716,C,no game designation yet (DNP),w_td 0.01; team TD 2.04,0.8055616699684496,
Barion Brown,NO,MIN,WR,MIN@NO,2plus_td,6.207709975789931e-05,999900,0.013098268048916754,0.007573406170463716,C,no game designation yet (DNP),w_td 0.01; team TD 2.04,0.8055616699684496,
Oscar Delp,NO,MIN,TE,MIN@NO,anytime_td,0.0151,6523,0.0,0.01515,C,-,w_td 0.01; team TD 2.04,1.0,
Oscar Delp,NO,MIN,TE,MIN@NO,first_td,0.00359263764013764,27735,0.0,0.01515,C,-,w_td 0.01; team TD 2.04,1.0,
Oscar Delp,NO,MIN,TE,MIN@NO,last_td,0.00359263764013764,27735,0.0,0.01515,C,-,w_td 0.01; team TD 2.04,1.0,
Oscar Delp,NO,MIN,TE,MIN@NO,2plus_td,5e-05,999900,0.0,0.01515,C,-,w_td 0.01; team TD 2.04,1.0,
CJ Donaldson,NO,MIN,RB,MIN@NO,anytime_td,0.10035,897,0.08185,0.02385,C,-,w_td 0.08; team TD 2.04,1.0,
CJ Donaldson,NO,MIN,RB,MIN@NO,first_td,0.02440242299367299,3998,0.08185,0.02385,C,-,w_td 0.08; team TD 2.04,1.0,
CJ Donaldson,NO,MIN,RB,MIN@NO,last_td,0.02440242299367299,3998,0.08185,0.02385,C,-,w_td 0.08; team TD 2.04,1.0,
CJ Donaldson,NO,MIN,RB,MIN@NO,2plus_td,0.0052,19131,0.08185,0.02385,C,-,w_td 0.08; team TD 2.04,1.0,
Noah Fant,NO,MIN,TE,MIN@NO,anytime_td,0.1363019419503028,634,0.0,0.14538525788264772,C,no game designation yet (Limited),tgt_sh 7.0%; team att 37.8; opp DvP 1.13; RZ tgt 3,0.9575230478992892,
Noah Fant,NO,MIN,TE,MIN@NO,first_td,0.033507369582228635,2884,0.0,0.14538525788264772,C,no game designation yet (Limited),tgt_sh 7.0%; team att 37.8; opp DvP 1.13; RZ tgt 3,0.9575230478992892,
Noah Fant,NO,MIN,TE,MIN@NO,last_td,0.033507369582228635,2884,0.0,0.14538525788264772,C,no game designation yet (Limited),tgt_sh 7.0%; team att 37.8; opp DvP 1.13; RZ tgt 3,0.9575230478992892,
Noah Fant,NO,MIN,TE,MIN@NO,2plus_td,0.008717895176446023,11371,0.0,0.14538525788264772,C,no game designation yet (Limited),tgt_sh 7.0%; team att 37.8; opp DvP 1.13; RZ tgt 3,0.9575230478992892,
Juwan Johnson,NO,MIN,TE,MIN@NO,anytime_td,0.29695,237,0.0,0.34715,B,-,tgt_sh 16.8%; team att 37.8; opp DvP 1.13; RZ tgt 7,1.0,
Juwan Johnson,NO,MIN,TE,MIN@NO,first_td,0.0799152337939838,1151,0.0,0.34715,B,-,tgt_sh 16.8%; team att 37.8; opp DvP 1.13; RZ tgt 7,1.0,
Juwan Johnson,NO,MIN,TE,MIN@NO,last_td,0.0799152337939838,1151,0.0,0.34715,B,-,tgt_sh 16.8%; team att 37.8; opp DvP 1.13; RZ tgt 7,1.0,
Juwan Johnson,NO,MIN,TE,MIN@NO,2plus_td,0.0463,2060,0.0,0.34715,B,-,tgt_sh 16.8%; team att 37.8; opp DvP 1.13; RZ tgt 7,1.0,
Alvin Kamara,NO,MIN,RB,MIN@NO,anytime_td,0.3401451330386187,194,0.2564017015597631,0.15314037868045707,B,no game designation yet (DNP),tgt_sh 10.7%; team att 37.8; opp DvP 1.20; RZ tgt 1; car_sh 26.2%; team rush 22.8; opp d_ypc 1.00; inside-10 car 2,0.5949864089398973,
Alvin Kamara,NO,MIN,RB,MIN@NO,first_td,0.09432331970491951,960,0.2564017015597631,0.15314037868045707,B,no game designation yet (DNP),tgt_sh 10.7%; team att 37.8; opp DvP 1.20; RZ tgt 1; car_sh 26.2%; team rush 22.8; opp d_ypc 1.00; inside-10 car 2,0.5949864089398973,
Alvin Kamara,NO,MIN,RB,MIN@NO,last_td,0.09432331970491951,960,0.2564017015597631,0.15314037868045707,B,no game designation yet (DNP),tgt_sh 10.7%; team att 37.8; opp DvP 1.20; RZ tgt 1; car_sh 26.2%; team rush 22.8; opp d_ypc 1.00; inside-10 car 2,0.5949864089398973,
Alvin Kamara,NO,MIN,RB,MIN@NO,2plus_td,0.06097255817833014,1540,0.2564017015597631,0.15314037868045707,B,no game designation yet (DNP),tgt_sh 10.7%; team att 37.8; opp DvP 1.20; RZ tgt 1; car_sh 26.2%; team rush 22.8; opp d_ypc 1.00; inside-10 car 2,0.5949864089398973,
Bryce Lance,NO,MIN,WR,MIN@NO,anytime_td,0.07355,1260,0.0,0.07525,C,-,tgt_sh 5.0%; team att 37.8; opp DvP 0.96; RZ tgt 1,1.0,
Bryce Lance,NO,MIN,WR,MIN@NO,first_td,0.01709940836940837,5748,0.0,0.07525,C,-,tgt_sh 5.0%; team att 37.8; opp DvP 0.96; RZ tgt 1,1.0,
Bryce Lance,NO,MIN,WR,MIN@NO,last_td,0.01709940836940837,5748,0.0,0.07525,C,-,tgt_sh 5.0%; team att 37.8; opp DvP 0.96; RZ tgt 1,1.0,
Bryce Lance,NO,MIN,WR,MIN@NO,2plus_td,0.0017,58724,0.0,0.07525,C,-,tgt_sh 5.0%; team att 37.8; opp DvP 0.96; RZ tgt 1,1.0,
Kendre Miller,NO,MIN,RB,MIN@NO,anytime_td,0.272,268,0.2501,0.0654,B,-,tgt_sh 3.1%; team att 37.8; opp DvP 1.20; RZ tgt 1; car_sh 18.2%; team rush 22.8; opp d_ypc 1.00; inside-10 car 2,1.0,
Kendre Miller,NO,MIN,RB,MIN@NO,first_td,0.07333718253968254,1264,0.2501,0.0654,B,-,tgt_sh 3.1%; team att 37.8; opp DvP 1.20; RZ tgt 1; car_sh 18.2%; team rush 22.8; opp d_ypc 1.00; inside-10 car 2,1.0,
Kendre Miller,NO,MIN,RB,MIN@NO,last_td,0.07333718253968254,1264,0.2501,0.0654,B,-,tgt_sh 3.1%; team att 37.8; opp DvP 1.20; RZ tgt 1; car_sh 18.2%; team rush 22.8; opp d_ypc 1.00; inside-10 car 2,1.0,
Kendre Miller,NO,MIN,RB,MIN@NO,2plus_td,0.03935,2441,0.2501,0.0654,B,-,tgt_sh 3.1%; team att 37.8; opp DvP 1.20; RZ tgt 1; car_sh 18.2%; team rush 22.8; opp d_ypc 1.00; inside-10 car 2,1.0,
Chris Olave,NO,MIN,WR,MIN@NO,anytime_td,0.3017950635751683,231,0.0,0.35477437048117677,B,no game designation yet (DNP),tgt_sh 25.9%; team att 37.8; opp DvP 0.96; RZ tgt 5,0.8055616699684496,
Chris Olave,NO,MIN,WR,MIN@NO,first_td,0.0813177122124392,1130,0.0,0.35477437048117677,B,no game designation yet (DNP),tgt_sh 25.9%; team att 37.8; opp DvP 0.96; RZ tgt 5,0.8055616699684496,
Chris Olave,NO,MIN,WR,MIN@NO,last_td,0.0813177122124392,1130,0.0,0.35477437048117677,B,no game designation yet (DNP),tgt_sh 25.9%; team att 37.8; opp DvP 0.96; RZ tgt 5,0.8055616699684496,
Chris Olave,NO,MIN,WR,MIN@NO,2plus_td,0.0481176763899277,1978,0.0,0.35477437048117677,B,no game designation yet (DNP),tgt_sh 25.9%; team att 37.8; opp DvP 0.96; RZ tgt 5,0.8055616699684496,
Devaughn Vele,NO,MIN,WR,MIN@NO,anytime_td,0.23725,321,0.0,0.2663,B,-,tgt_sh 13.4%; team att 37.8; opp DvP 0.96; RZ tgt 6,1.0,
Devaughn Vele,NO,MIN,WR,MIN@NO,first_td,0.06172418831168832,1520,0.0,0.2663,B,-,tgt_sh 13.4%; team att 37.8; opp DvP 0.96; RZ tgt 6,1.0,
Devaughn Vele,NO,MIN,WR,MIN@NO,last_td,0.06172418831168832,1520,0.0,0.2663,B,-,tgt_sh 13.4%; team att 37.8; opp DvP 0.96; RZ tgt 6,1.0,
Devaughn Vele,NO,MIN,WR,MIN@NO,2plus_td,0.0272,3576,0.0,0.2663,B,-,tgt_sh 13.4%; team att 37.8; opp DvP 0.96; RZ tgt 6,1.0,
Deshaun Watson,CLE,NYJ,QB,CLE@NYJ,anytime_td,0.11565,765,0.12145,0.0,B,-,team att 31.5; ypa 6.95; opp d_ypa 0.95; pass rate 56.4%,1.0,
Deshaun Watson,CLE,NYJ,QB,CLE@NYJ,first_td,0.029366987734487735,3305,0.12145,0.0,B,-,team att 31.5; ypa 6.95; opp d_ypa 0.95; pass rate 56.4%,1.0,
Deshaun Watson,CLE,NYJ,QB,CLE@NYJ,last_td,0.029366987734487735,3305,0.12145,0.0,B,-,team att 31.5; ypa 6.95; opp d_ypa 0.95; pass rate 56.4%,1.0,
Deshaun Watson,CLE,NYJ,QB,CLE@NYJ,2plus_td,0.00565,17599,0.12145,0.0,B,-,team att 31.5; ypa 6.95; opp d_ypa 0.95; pass rate 56.4%,1.0,
Isaiah Bond,CLE,NYJ,WR,CLE@NYJ,anytime_td,0.0372,2588,0.0,0.03775,C,-,tgt_sh 4.1%; team att 31.5; opp DvP 1.05; RZ tgt 0,1.0,
Isaiah Bond,CLE,NYJ,WR,CLE@NYJ,first_td,0.009242619047619046,10719,0.0,0.03775,C,-,tgt_sh 4.1%; team att 31.5; opp DvP 1.05; RZ tgt 0,1.0,
Isaiah Bond,CLE,NYJ,WR,CLE@NYJ,last_td,0.009242619047619046,10719,0.0,0.03775,C,-,tgt_sh 4.1%; team att 31.5; opp DvP 1.05; RZ tgt 0,1.0,
Isaiah Bond,CLE,NYJ,WR,CLE@NYJ,2plus_td,0.00055,181718,0.0,0.03775,C,-,tgt_sh 4.1%; team att 31.5; opp DvP 1.05; RZ tgt 0,1.0,
Denzel Boston,CLE,NYJ,WR,CLE@NYJ,anytime_td,0.1758,469,0.0,0.1917,B,-,tgt_sh 14.5%; team att 31.5; opp DvP 1.05; RZ tgt 3,1.0,
Denzel Boston,CLE,NYJ,WR,CLE@NYJ,first_td,0.04588564935064935,2079,0.0,0.1917,B,-,tgt_sh 14.5%; team att 31.5; opp DvP 1.05; RZ tgt 3,1.0,
Denzel Boston,CLE,NYJ,WR,CLE@NYJ,last_td,0.04588564935064935,2079,0.0,0.1917,B,-,tgt_sh 14.5%; team att 31.5; opp DvP 1.05; RZ tgt 3,1.0,
Denzel Boston,CLE,NYJ,WR,CLE@NYJ,2plus_td,0.01505,6545,0.0,0.1917,B,-,tgt_sh 14.5%; team att 31.5; opp DvP 1.05; RZ tgt 3,1.0,
KC Concepcion,CLE,NYJ,WR,CLE@NYJ,anytime_td,0.23555,325,0.0133,0.25235,B,-,tgt_sh 20.8%; team att 31.5; opp DvP 1.05; RZ tgt 3,1.0,
KC Concepcion,CLE,NYJ,WR,CLE@NYJ,first_td,0.06394361471861472,1464,0.0133,0.25235,B,-,tgt_sh 20.8%; team att 31.5; opp DvP 1.05; RZ tgt 3,1.0,
KC Concepcion,CLE,NYJ,WR,CLE@NYJ,last_td,0.06394361471861472,1464,0.0133,0.25235,B,-,tgt_sh 20.8%; team att 31.5; opp DvP 1.05; RZ tgt 3,1.0,
KC Concepcion,CLE,NYJ,WR,CLE@NYJ,2plus_td,0.028,3471,0.0133,0.25235,B,-,tgt_sh 20.8%; team att 31.5; opp DvP 1.05; RZ tgt 3,1.0,
Malachi Corley,CLE,NYJ,WR,CLE@NYJ,anytime_td,0.01565,6290,0.0,0.0157,C,-,w_td 0.02; team TD 1.72,1.0,
Malachi Corley,CLE,NYJ,WR,CLE@NYJ,first_td,0.00380265873015873,26197,0.0,0.0157,C,-,w_td 0.02; team TD 1.72,1.0,
Malachi Corley,CLE,NYJ,WR,CLE@NYJ,last_td,0.00380265873015873,26197,0.0,0.0157,C,-,w_td 0.02; team TD 1.72,1.0,
Malachi Corley,CLE,NYJ,WR,CLE@NYJ,2plus_td,5e-05,999900,0.0,0.0157,C,-,w_td 0.02; team TD 1.72,1.0,
Harold Fannin Jr.,CLE,NYJ,TE,CLE@NYJ,anytime_td,0.21675,361,0.0,0.241,B,-,tgt_sh 18.9%; team att 31.5; opp DvP 1.08; RZ tgt 3,1.0,
Harold Fannin Jr.,CLE,NYJ,TE,CLE@NYJ,first_td,0.0570937554112554,1652,0.0,0.241,B,-,tgt_sh 18.9%; team att 31.5; opp DvP 1.08; RZ tgt 3,1.0,
Harold Fannin Jr.,CLE,NYJ,TE,CLE@NYJ,last_td,0.0570937554112554,1652,0.0,0.241,B,-,tgt_sh 18.9%; team att 31.5; opp DvP 1.08; RZ tgt 3,1.0,
Harold Fannin Jr.,CLE,NYJ,TE,CLE@NYJ,2plus_td,0.02305,4238,0.0,0.241,B,-,tgt_sh 18.9%; team att 31.5; opp DvP 1.08; RZ tgt 3,1.0,
Jerry Jeudy,CLE,NYJ,WR,CLE@NYJ,anytime_td,0.0962,940,0.0,0.10015,C,-,tgt_sh 11.0%; team att 31.5; opp DvP 1.05; RZ tgt 0,1.0,
Jerry Jeudy,CLE,NYJ,WR,CLE@NYJ,first_td,0.023628989898989896,4132,0.0,0.10015,C,-,tgt_sh 11.0%; team att 31.5; opp DvP 1.05; RZ tgt 0,1.0,
Jerry Jeudy,CLE,NYJ,WR,CLE@NYJ,last_td,0.023628989898989896,4132,0.0,0.10015,C,-,tgt_sh 11.0%; team att 31.5; opp DvP 1.05; RZ tgt 0,1.0,
Jerry Jeudy,CLE,NYJ,WR,CLE@NYJ,2plus_td,0.00385,25874,0.0,0.10015,C,-,tgt_sh 11.0%; team att 31.5; opp DvP 1.05; RZ tgt 0,1.0,
Quinshon Judkins,CLE,NYJ,RB,CLE@NYJ,anytime_td,0.39235,155,0.3321,0.14835,B,-,tgt_sh 9.9%; team att 31.5; opp DvP 0.91; RZ tgt 3; car_sh 51.3%; team rush 26.6; opp d_ypc 1.01; inside-10 car 4,1.0,
Quinshon Judkins,CLE,NYJ,RB,CLE@NYJ,first_td,0.11765765151515149,750,0.3321,0.14835,B,-,tgt_sh 9.9%; team att 31.5; opp DvP 0.91; RZ tgt 3; car_sh 51.3%; team rush 26.6; opp d_ypc 1.01; inside-10 car 4,1.0,
Quinshon Judkins,CLE,NYJ,RB,CLE@NYJ,last_td,0.11765765151515149,750,0.3321,0.14835,B,-,tgt_sh 9.9%; team att 31.5; opp DvP 0.91; RZ tgt 3; car_sh 51.3%; team rush 26.6; opp d_ypc 1.01; inside-10 car 4,1.0,
Quinshon Judkins,CLE,NYJ,RB,CLE@NYJ,2plus_td,0.0788,1169,0.3321,0.14835,B,-,tgt_sh 9.9%; team att 31.5; opp DvP 0.91; RZ tgt 3; car_sh 51.3%; team rush 26.6; opp d_ypc 1.01; inside-10 car 4,1.0,
Jaleel McLaughlin,CLE,NYJ,RB,CLE@NYJ,anytime_td,0.04325,2212,0.03135,0.0127,C,-,w_td 0.06; team TD 1.72,1.0,
Jaleel McLaughlin,CLE,NYJ,RB,CLE@NYJ,first_td,0.010816785714285715,9145,0.03135,0.0127,C,-,w_td 0.06; team TD 1.72,1.0,
Jaleel McLaughlin,CLE,NYJ,RB,CLE@NYJ,last_td,0.010816785714285715,9145,0.03135,0.0127,C,-,w_td 0.06; team TD 1.72,1.0,
Jaleel McLaughlin,CLE,NYJ,RB,CLE@NYJ,2plus_td,0.0008,124900,0.03135,0.0127,C,-,w_td 0.06; team TD 1.72,1.0,
Raheim Sanders,CLE,NYJ,RB,CLE@NYJ,anytime_td,0.11205,792,0.05105,0.067,C,-,tgt_sh 8.0%; team att 31.5; opp DvP 0.91; RZ tgt 0; car_sh 9.5%; team rush 26.6; opp d_ypc 1.01; inside-10 car 0,1.0,
Raheim Sanders,CLE,NYJ,RB,CLE@NYJ,first_td,0.028588593073593075,3398,0.05105,0.067,C,-,tgt_sh 8.0%; team att 31.5; opp DvP 0.91; RZ tgt 0; car_sh 9.5%; team rush 26.6; opp d_ypc 1.01; inside-10 car 0,1.0,
Raheim Sanders,CLE,NYJ,RB,CLE@NYJ,last_td,0.028588593073593075,3398,0.05105,0.067,C,-,tgt_sh 8.0%; team att 31.5; opp DvP 0.91; RZ tgt 0; car_sh 9.5%; team rush 26.6; opp d_ypc 1.01; inside-10 car 0,1.0,
Raheim Sanders,CLE,NYJ,RB,CLE@NYJ,2plus_td,0.0058,17141,0.05105,0.067,C,-,tgt_sh 8.0%; team att 31.5; opp DvP 0.91; RZ tgt 0; car_sh 9.5%; team rush 26.6; opp d_ypc 1.01; inside-10 car 0,1.0,
Blake Whiteheart,CLE,NYJ,TE,CLE@NYJ,anytime_td,0.04445,2150,0.0,0.0454,C,-,w_td 0.04; team TD 1.72,1.0,
Blake Whiteheart,CLE,NYJ,TE,CLE@NYJ,first_td,0.010701809163059161,9244,0.0,0.0454,C,-,w_td 0.04; team TD 1.72,1.0,
Blake Whiteheart,CLE,NYJ,TE,CLE@NYJ,last_td,0.010701809163059161,9244,0.0,0.0454,C,-,w_td 0.04; team TD 1.72,1.0,
Blake Whiteheart,CLE,NYJ,TE,CLE@NYJ,2plus_td,0.00095,105163,0.0,0.0454,C,-,w_td 0.04; team TD 1.72,1.0,
Geno Smith,NYJ,CLE,QB,CLE@NYJ,anytime_td,0.0722,1285,0.0753,0.0,B,-,team att 31.2; ypa 7.37; opp d_ypa 0.99; pass rate 56.1%,1.0,
Geno Smith,NYJ,CLE,QB,CLE@NYJ,first_td,0.018124209956709957,5417,0.0753,0.0,B,-,team att 31.2; ypa 7.37; opp d_ypa 0.99; pass rate 56.1%,1.0,
Geno Smith,NYJ,CLE,QB,CLE@NYJ,last_td,0.018124209956709957,5417,0.0753,0.0,B,-,team att 31.2; ypa 7.37; opp d_ypa 0.99; pass rate 56.1%,1.0,
Geno Smith,NYJ,CLE,QB,CLE@NYJ,2plus_td,0.00305,32687,0.0753,0.0,B,-,team att 31.2; ypa 7.37; opp d_ypa 0.99; pass rate 56.1%,1.0,
Braelon Allen,NYJ,CLE,RB,CLE@NYJ,anytime_td,0.3834,161,0.2938,0.1884,B,-,tgt_sh 4.6%; team att 31.2; opp DvP 1.10; RZ tgt 3; car_sh 31.1%; team rush 26.8; opp d_ypc 1.05; inside-10 car 1,1.0,
Braelon Allen,NYJ,CLE,RB,CLE@NYJ,first_td,0.11637191738816736,759,0.2938,0.1884,B,-,tgt_sh 4.6%; team att 31.2; opp DvP 1.10; RZ tgt 3; car_sh 31.1%; team rush 26.8; opp d_ypc 1.05; inside-10 car 1,1.0,
Braelon Allen,NYJ,CLE,RB,CLE@NYJ,last_td,0.11637191738816736,759,0.2938,0.1884,B,-,tgt_sh 4.6%; team att 31.2; opp DvP 1.10; RZ tgt 3; car_sh 31.1%; team rush 26.8; opp d_ypc 1.05; inside-10 car 1,1.0,
Braelon Allen,NYJ,CLE,RB,CLE@NYJ,2plus_td,0.08475,1080,0.2938,0.1884,B,-,tgt_sh 4.6%; team att 31.2; opp DvP 1.10; RZ tgt 3; car_sh 31.1%; team rush 26.8; opp d_ypc 1.05; inside-10 car 1,1.0,
Andrew Beck,NYJ,CLE,RB,CLE@NYJ,anytime_td,0.01555,6331,0.00855,0.0071,C,-,w_td 0.01; team TD 2.14,1.0,
Andrew Beck,NYJ,CLE,RB,CLE@NYJ,first_td,0.003811866883116883,26134,0.00855,0.0071,C,-,w_td 0.01; team TD 2.14,1.0,
Andrew Beck,NYJ,CLE,RB,CLE@NYJ,last_td,0.003811866883116883,26134,0.00855,0.0071,C,-,w_td 0.01; team TD 2.14,1.0,
Andrew Beck,NYJ,CLE,RB,CLE@NYJ,2plus_td,0.0001,999900,0.00855,0.0071,C,-,w_td 0.01; team TD 2.14,1.0,
Isaiah Davis,NYJ,CLE,RB,CLE@NYJ,anytime_td,0.03465,2786,0.0126,0.02245,C,-,w_td 0.03; team TD 2.14,1.0,
Isaiah Davis,NYJ,CLE,RB,CLE@NYJ,first_td,0.00849625,11670,0.0126,0.02245,C,-,w_td 0.03; team TD 2.14,1.0,
Isaiah Davis,NYJ,CLE,RB,CLE@NYJ,last_td,0.00849625,11670,0.0126,0.02245,C,-,w_td 0.03; team TD 2.14,1.0,
Isaiah Davis,NYJ,CLE,RB,CLE@NYJ,2plus_td,0.0004,249900,0.0126,0.02245,C,-,w_td 0.03; team TD 2.14,1.0,
Breece Hall,NYJ,CLE,RB,CLE@NYJ,anytime_td,0.37447132464895955,167,0.3627135848418203,0.10294366435459314,B,no game designation yet (DNP),tgt_sh 7.9%; team att 31.2; opp DvP 1.10; RZ tgt 0; car_sh 51.0%; team rush 26.8; opp d_ypc 1.05; inside-10 car 4,0.5949864089398973,
Breece Hall,NYJ,CLE,RB,CLE@NYJ,first_td,0.11343891216586192,782,0.3627135848418203,0.10294366435459314,B,no game designation yet (DNP),tgt_sh 7.9%; team att 31.2; opp DvP 1.10; RZ tgt 0; car_sh 51.0%; team rush 26.8; opp d_ypc 1.05; inside-10 car 4,0.5949864089398973,
Breece Hall,NYJ,CLE,RB,CLE@NYJ,last_td,0.11343891216586192,782,0.3627135848418203,0.10294366435459314,B,no game designation yet (DNP),tgt_sh 7.9%; team att 31.2; opp DvP 1.10; RZ tgt 0; car_sh 51.0%; team rush 26.8; opp d_ypc 1.05; inside-10 car 4,0.5949864089398973,
Breece Hall,NYJ,CLE,RB,CLE@NYJ,2plus_td,0.08002030113347995,1150,0.3627135848418203,0.10294366435459314,B,no game designation yet (DNP),tgt_sh 7.9%; team att 31.2; opp DvP 1.10; RZ tgt 0; car_sh 51.0%; team rush 26.8; opp d_ypc 1.05; inside-10 car 4,0.5949864089398973,
Adonai Mitchell,NYJ,CLE,WR,CLE@NYJ,anytime_td,0.1873529047442091,434,0.0,0.20735785953177258,C,no game designation yet (DNP),tgt_sh 14.0%; team att 31.2; opp DvP 0.95; RZ tgt 1,0.8055616699684496,
Adonai Mitchell,NYJ,CLE,WR,CLE@NYJ,first_td,0.04970881909287706,1912,0.0,0.20735785953177258,C,no game designation yet (DNP),tgt_sh 14.0%; team att 31.2; opp DvP 0.95; RZ tgt 1,0.8055616699684496,
Adonai Mitchell,NYJ,CLE,WR,CLE@NYJ,last_td,0.04970881909287706,1912,0.0,0.20735785953177258,C,no game designation yet (DNP),tgt_sh 14.0%; team att 31.2; opp DvP 0.95; RZ tgt 1,0.8055616699684496,
Adonai Mitchell,NYJ,CLE,WR,CLE@NYJ,2plus_td,0.01845658367397498,5318,0.0,0.20735785953177258,C,no game designation yet (DNP),tgt_sh 14.0%; team att 31.2; opp DvP 0.95; RZ tgt 1,0.8055616699684496,
Jeremy Ruckert,NYJ,CLE,TE,CLE@NYJ,anytime_td,0.11995,734,0.0,0.12645,C,-,tgt_sh 4.2%; team att 31.2; opp DvP 0.90; RZ tgt 2,1.0,
Jeremy Ruckert,NYJ,CLE,TE,CLE@NYJ,first_td,0.030979886363636366,3128,0.0,0.12645,C,-,tgt_sh 4.2%; team att 31.2; opp DvP 0.90; RZ tgt 2,1.0,
Jeremy Ruckert,NYJ,CLE,TE,CLE@NYJ,last_td,0.030979886363636366,3128,0.0,0.12645,C,-,tgt_sh 4.2%; team att 31.2; opp DvP 0.90; RZ tgt 2,1.0,
Jeremy Ruckert,NYJ,CLE,TE,CLE@NYJ,2plus_td,0.0063,15773,0.0,0.12645,C,-,tgt_sh 4.2%; team att 31.2; opp DvP 0.90; RZ tgt 2,1.0,
Kenyon Sadiq,NYJ,CLE,TE,CLE@NYJ,anytime_td,0.20055,399,0.0368,0.183,B,-,tgt_sh 14.4%; team att 31.2; opp DvP 0.90; RZ tgt 0,1.0,
Kenyon Sadiq,NYJ,CLE,TE,CLE@NYJ,first_td,0.052539727633477626,1803,0.0368,0.183,B,-,tgt_sh 14.4%; team att 31.2; opp DvP 0.90; RZ tgt 0,1.0,
Kenyon Sadiq,NYJ,CLE,TE,CLE@NYJ,last_td,0.052539727633477626,1803,0.0368,0.183,B,-,tgt_sh 14.4%; team att 31.2; opp DvP 0.90; RZ tgt 0,1.0,
Kenyon Sadiq,NYJ,CLE,TE,CLE@NYJ,2plus_td,0.0184,5335,0.0368,0.183,B,-,tgt_sh 14.4%; team att 31.2; opp DvP 0.90; RZ tgt 0,1.0,
Sterling Shepard,NYJ,CLE,WR,CLE@NYJ,anytime_td,0.09735,927,0.0,0.1028,C,-,tgt_sh 5.2%; team att 31.2; opp DvP 0.95; RZ tgt 1,1.0,
Sterling Shepard,NYJ,CLE,WR,CLE@NYJ,first_td,0.02477234307359307,3937,0.0,0.1028,C,-,tgt_sh 5.2%; team att 31.2; opp DvP 0.95; RZ tgt 1,1.0,
Sterling Shepard,NYJ,CLE,WR,CLE@NYJ,last_td,0.02477234307359307,3937,0.0,0.1028,C,-,tgt_sh 5.2%; team att 31.2; opp DvP 0.95; RZ tgt 1,1.0,
Sterling Shepard,NYJ,CLE,WR,CLE@NYJ,2plus_td,0.00535,18592,0.0,0.1028,C,-,tgt_sh 5.2%; team att 31.2; opp DvP 0.95; RZ tgt 1,1.0,
Mason Taylor,NYJ,CLE,TE,CLE@NYJ,anytime_td,0.09134463514794146,995,0.0,0.09576708434242392,C,no game designation yet (Full),tgt_sh 7.7%; team att 31.2; opp DvP 0.90; RZ tgt 0,0.9479829842591244,
Mason Taylor,NYJ,CLE,TE,CLE@NYJ,first_td,0.02305118263973692,4238,0.0,0.09576708434242392,C,no game designation yet (Full),tgt_sh 7.7%; team att 31.2; opp DvP 0.90; RZ tgt 0,0.9479829842591244,
Mason Taylor,NYJ,CLE,TE,CLE@NYJ,last_td,0.02305118263973692,4238,0.0,0.09576708434242392,C,no game designation yet (Full),tgt_sh 7.7%; team att 31.2; opp DvP 0.90; RZ tgt 0,0.9479829842591244,
Mason Taylor,NYJ,CLE,TE,CLE@NYJ,2plus_td,0.004211856375697588,23643,0.0,0.09576708434242392,C,no game designation yet (Full),tgt_sh 7.7%; team att 31.2; opp DvP 0.90; RZ tgt 0,0.9479829842591244,
Isaiah Williams,NYJ,CLE,WR,CLE@NYJ,anytime_td,0.15045,565,0.0057,0.156,C,-,tgt_sh 9.2%; team att 31.2; opp DvP 0.95; RZ tgt 1,1.0,
Isaiah Williams,NYJ,CLE,WR,CLE@NYJ,first_td,0.03976280483405483,2415,0.0057,0.156,C,-,tgt_sh 9.2%; team att 31.2; opp DvP 0.95; RZ tgt 1,1.0,
Isaiah Williams,NYJ,CLE,WR,CLE@NYJ,last_td,0.03976280483405483,2415,0.0057,0.156,C,-,tgt_sh 9.2%; team att 31.2; opp DvP 0.95; RZ tgt 1,1.0,
Isaiah Williams,NYJ,CLE,WR,CLE@NYJ,2plus_td,0.011,8991,0.0057,0.156,C,-,tgt_sh 9.2%; team att 31.2; opp DvP 0.95; RZ tgt 1,1.0,
Garrett Wilson,NYJ,CLE,WR,CLE@NYJ,anytime_td,0.28905,246,0.0,0.3359,B,-,tgt_sh 23.6%; team att 31.2; opp DvP 0.95; RZ tgt 1,1.0,
Garrett Wilson,NYJ,CLE,WR,CLE@NYJ,first_td,0.08255130230880231,1111,0.0,0.3359,B,-,tgt_sh 23.6%; team att 31.2; opp DvP 0.95; RZ tgt 1,1.0,
Garrett Wilson,NYJ,CLE,WR,CLE@NYJ,last_td,0.08255130230880231,1111,0.0,0.3359,B,-,tgt_sh 23.6%; team att 31.2; opp DvP 0.95; RZ tgt 1,1.0,
Garrett Wilson,NYJ,CLE,WR,CLE@NYJ,2plus_td,0.0427,2242,0.0,0.3359,B,-,tgt_sh 23.6%; team att 31.2; opp DvP 0.95; RZ tgt 1,1.0,
Jelani Woods,NYJ,CLE,TE,CLE@NYJ,anytime_td,0.01785,5502,0.0,0.0179,C,-,w_td 0.01; team TD 2.14,1.0,
Jelani Woods,NYJ,CLE,TE,CLE@NYJ,first_td,0.004403472222222222,22609,0.0,0.0179,C,-,w_td 0.01; team TD 2.14,1.0,
Jelani Woods,NYJ,CLE,TE,CLE@NYJ,last_td,0.004403472222222222,22609,0.0,0.0179,C,-,w_td 0.01; team TD 2.14,1.0,
Jelani Woods,NYJ,CLE,TE,CLE@NYJ,2plus_td,5e-05,999900,0.0,0.0179,C,-,w_td 0.01; team TD 2.14,1.0,
Daniel Jones,IND,PIT,QB,IND@PIT,anytime_td,0.09355,969,0.0983,0.0,B,-,team att 32.0; ypa 6.74; opp d_ypa 1.06; pass rate 56.2%,1.0,
Daniel Jones,IND,PIT,QB,IND@PIT,first_td,0.021221538600288598,4612,0.0983,0.0,B,-,team att 32.0; ypa 6.74; opp d_ypa 1.06; pass rate 56.2%,1.0,
Daniel Jones,IND,PIT,QB,IND@PIT,last_td,0.021221538600288598,4612,0.0983,0.0,B,-,team att 32.0; ypa 6.74; opp d_ypa 1.06; pass rate 56.2%,1.0,
Daniel Jones,IND,PIT,QB,IND@PIT,2plus_td,0.00465,21405,0.0983,0.0,B,-,team att 32.0; ypa 6.74; opp d_ypa 1.06; pass rate 56.2%,1.0,
Keenan Allen,IND,PIT,WR,IND@PIT,anytime_td,0.1837468723936614,444,0.0,0.20319015846538782,B,no game designation yet (Limited),tgt_sh 17.6%; team att 32.0; opp DvP 1.03; RZ tgt 3,0.9575230478992892,
Keenan Allen,IND,PIT,WR,IND@PIT,first_td,0.0422552390559584,2267,0.0,0.20319015846538782,B,no game designation yet (Limited),tgt_sh 17.6%; team att 32.0; opp DvP 1.03; RZ tgt 3,0.9575230478992892,
Keenan Allen,IND,PIT,WR,IND@PIT,last_td,0.0422552390559584,2267,0.0,0.20319015846538782,B,no game designation yet (Limited),tgt_sh 17.6%; team att 32.0; opp DvP 1.03; RZ tgt 3,0.9575230478992892,
Keenan Allen,IND,PIT,WR,IND@PIT,2plus_td,0.018505004170141785,5304,0.0,0.20319015846538782,B,no game designation yet (Limited),tgt_sh 17.6%; team att 32.0; opp DvP 1.03; RZ tgt 3,0.9575230478992892,
Deion Burks,IND,PIT,WR,IND@PIT,anytime_td,0.023,4248,0.0079,0.0155,C,-,w_td 0.02; team TD 1.94,1.0,
Deion Burks,IND,PIT,WR,IND@PIT,first_td,0.004740836940836941,20993,0.0079,0.0155,C,-,w_td 0.02; team TD 1.94,1.0,
Deion Burks,IND,PIT,WR,IND@PIT,last_td,0.004740836940836941,20993,0.0079,0.0155,C,-,w_td 0.02; team TD 1.94,1.0,
Deion Burks,IND,PIT,WR,IND@PIT,2plus_td,0.0004,249900,0.0079,0.0155,C,-,w_td 0.02; team TD 1.94,1.0,
Josh Downs,IND,PIT,WR,IND@PIT,anytime_td,0.20915,378,0.0,0.232,B,-,tgt_sh 18.5%; team att 32.0; opp DvP 1.03; RZ tgt 4,1.0,
Josh Downs,IND,PIT,WR,IND@PIT,first_td,0.04865397699522699,1955,0.0,0.232,B,-,tgt_sh 18.5%; team att 32.0; opp DvP 1.03; RZ tgt 4,1.0,
Josh Downs,IND,PIT,WR,IND@PIT,last_td,0.04865397699522699,1955,0.0,0.232,B,-,tgt_sh 18.5%; team att 32.0; opp DvP 1.03; RZ tgt 4,1.0,
Josh Downs,IND,PIT,WR,IND@PIT,2plus_td,0.0216,4530,0.0,0.232,B,-,tgt_sh 18.5%; team att 32.0; opp DvP 1.03; RZ tgt 4,1.0,
Ashton Dulin,IND,PIT,WR,IND@PIT,anytime_td,0.04479660593960569,2132,0.0,0.04567007736461193,C,no game designation yet (DNP),tgt_sh 6.0%; team att 32.0; opp DvP 1.03; RZ tgt 0,0.8055616699684496,
Ashton Dulin,IND,PIT,WR,IND@PIT,first_td,0.009603401963646535,10313,0.0,0.04567007736461193,C,no game designation yet (DNP),tgt_sh 6.0%; team att 32.0; opp DvP 1.03; RZ tgt 0,0.8055616699684496,
Ashton Dulin,IND,PIT,WR,IND@PIT,last_td,0.009603401963646535,10313,0.0,0.04567007736461193,C,no game designation yet (DNP),tgt_sh 6.0%; team att 32.0; opp DvP 1.03; RZ tgt 0,0.8055616699684496,
Ashton Dulin,IND,PIT,WR,IND@PIT,2plus_td,0.0008734714250062391,114386,0.0,0.04567007736461193,C,no game designation yet (DNP),tgt_sh 6.0%; team att 32.0; opp DvP 1.03; RZ tgt 0,0.8055616699684496,
Seth McGowan,IND,PIT,RB,IND@PIT,anytime_td,0.17695,465,0.1749,0.0187,B,-,car_sh 16.9%; team rush 26.7; opp d_ypc 1.02; inside-10 car 2,1.0,
Seth McGowan,IND,PIT,RB,IND@PIT,first_td,0.04111713675213675,2332,0.1749,0.0187,B,-,car_sh 16.9%; team rush 26.7; opp d_ypc 1.02; inside-10 car 2,1.0,
Seth McGowan,IND,PIT,RB,IND@PIT,last_td,0.04111713675213675,2332,0.1749,0.0187,B,-,car_sh 16.9%; team rush 26.7; opp d_ypc 1.02; inside-10 car 2,1.0,
Seth McGowan,IND,PIT,RB,IND@PIT,2plus_td,0.0158,6229,0.1749,0.0187,B,-,car_sh 16.9%; team rush 26.7; opp d_ypc 1.02; inside-10 car 2,1.0,
Jonathan Taylor,IND,PIT,RB,IND@PIT,anytime_td,0.5670237915597807,-131,0.6933252854484181,0.1086967456365374,B,no game designation yet (Limited),tgt_sh 10.6%; team att 32.0; opp DvP 1.05; RZ tgt 1; car_sh 68.2%; team rush 26.7; opp d_ypc 1.02; inside-10 car 8,0.9951309141019752,
Jonathan Taylor,IND,PIT,RB,IND@PIT,first_td,0.17075579049322823,486,0.6933252854484181,0.1086967456365374,B,no game designation yet (Limited),tgt_sh 10.6%; team att 32.0; opp DvP 1.05; RZ tgt 1; car_sh 68.2%; team rush 26.7; opp d_ypc 1.02; inside-10 car 8,0.9951309141019752,
Jonathan Taylor,IND,PIT,RB,IND@PIT,last_td,0.17075579049322823,486,0.6933252854484181,0.1086967456365374,B,no game designation yet (Limited),tgt_sh 10.6%; team att 32.0; opp DvP 1.05; RZ tgt 1; car_sh 68.2%; team rush 26.7; opp d_ypc 1.02; inside-10 car 8,0.9951309141019752,
Jonathan Taylor,IND,PIT,RB,IND@PIT,2plus_td,0.18982948543835823,427,0.6933252854484181,0.1086967456365374,B,no game designation yet (Limited),tgt_sh 10.6%; team att 32.0; opp DvP 1.05; RZ tgt 1; car_sh 68.2%; team rush 26.7; opp d_ypc 1.02; inside-10 car 8,0.9951309141019752,
Laquon Treadwell,IND,PIT,WR,IND@PIT,anytime_td,0.0731,1268,0.0,0.07525,C,-,tgt_sh 4.2%; team att 32.0; opp DvP 1.03; RZ tgt 2,1.0,
Laquon Treadwell,IND,PIT,WR,IND@PIT,first_td,0.015980501443001442,6158,0.0,0.07525,C,-,tgt_sh 4.2%; team att 32.0; opp DvP 1.03; RZ tgt 2,1.0,
Laquon Treadwell,IND,PIT,WR,IND@PIT,last_td,0.015980501443001442,6158,0.0,0.07525,C,-,tgt_sh 4.2%; team att 32.0; opp DvP 1.03; RZ tgt 2,1.0,
Laquon Treadwell,IND,PIT,WR,IND@PIT,2plus_td,0.00215,46412,0.0,0.07525,C,-,tgt_sh 4.2%; team att 32.0; opp DvP 1.03; RZ tgt 2,1.0,
Tyler Warren,IND,PIT,TE,IND@PIT,anytime_td,0.2102,376,0.00745,0.2293,B,-,tgt_sh 20.5%; team att 32.0; opp DvP 1.02; RZ tgt 3,1.0,
Tyler Warren,IND,PIT,TE,IND@PIT,first_td,0.04938963744588745,1925,0.00745,0.2293,B,-,tgt_sh 20.5%; team att 32.0; opp DvP 1.02; RZ tgt 3,1.0,
Tyler Warren,IND,PIT,TE,IND@PIT,last_td,0.04938963744588745,1925,0.00745,0.2293,B,-,tgt_sh 20.5%; team att 32.0; opp DvP 1.02; RZ tgt 3,1.0,
Tyler Warren,IND,PIT,TE,IND@PIT,2plus_td,0.02485,3924,0.00745,0.2293,B,-,tgt_sh 20.5%; team att 32.0; opp DvP 1.02; RZ tgt 3,1.0,
Nick Westbrook-Ikhine,IND,PIT,WR,IND@PIT,anytime_td,0.0153,6436,0.0,0.01535,C,-,w_td 0.02; team TD 1.94,1.0,
Nick Westbrook-Ikhine,IND,PIT,WR,IND@PIT,first_td,0.0031685732323232323,31460,0.0,0.01535,C,-,w_td 0.02; team TD 1.94,1.0,
Nick Westbrook-Ikhine,IND,PIT,WR,IND@PIT,last_td,0.0031685732323232323,31460,0.0,0.01535,C,-,w_td 0.02; team TD 1.94,1.0,
Nick Westbrook-Ikhine,IND,PIT,WR,IND@PIT,2plus_td,5e-05,999900,0.0,0.01535,C,-,w_td 0.02; team TD 1.94,1.0,
Aaron Rodgers,PIT,IND,QB,IND@PIT,anytime_td,0.02495,3908,0.02545,0.0,B,-,team att 36.6; ypa 7.21; opp d_ypa 1.08; pass rate 63.2%,1.0,
Aaron Rodgers,PIT,IND,QB,IND@PIT,first_td,0.005317900432900433,18704,0.02545,0.0,B,-,team att 36.6; ypa 7.21; opp d_ypa 1.08; pass rate 63.2%,1.0,
Aaron Rodgers,PIT,IND,QB,IND@PIT,last_td,0.005317900432900433,18704,0.02545,0.0,B,-,team att 36.6; ypa 7.21; opp d_ypa 1.08; pass rate 63.2%,1.0,
Aaron Rodgers,PIT,IND,QB,IND@PIT,2plus_td,0.0005,199900,0.02545,0.0,B,-,team att 36.6; ypa 7.21; opp d_ypa 1.08; pass rate 63.2%,1.0,
Germie Bernard,PIT,IND,WR,IND@PIT,anytime_td,0.1183,745,0.0,0.1253,C,-,tgt_sh 4.9%; team att 36.6; opp DvP 0.95; RZ tgt 2,1.0,
Germie Bernard,PIT,IND,WR,IND@PIT,first_td,0.02685975108225108,3623,0.0,0.1253,C,-,tgt_sh 4.9%; team att 36.6; opp DvP 0.95; RZ tgt 2,1.0,
Germie Bernard,PIT,IND,WR,IND@PIT,last_td,0.02685975108225108,3623,0.0,0.1253,C,-,tgt_sh 4.9%; team att 36.6; opp DvP 0.95; RZ tgt 2,1.0,
Germie Bernard,PIT,IND,WR,IND@PIT,2plus_td,0.0068,14606,0.0,0.1253,C,-,tgt_sh 4.9%; team att 36.6; opp DvP 0.95; RZ tgt 2,1.0,
Rico Dowdle,PIT,IND,RB,IND@PIT,anytime_td,0.2661342976244287,276,0.19014615036914267,0.11551403746672693,B,no game designation yet (Limited),tgt_sh 8.2%; team att 36.6; opp DvP 1.04; RZ tgt 0; car_sh 29.2%; team rush 23.1; opp d_ypc 1.08; inside-10 car 0,0.9951309141019752,
Rico Dowdle,PIT,IND,RB,IND@PIT,first_td,0.0659022578602208,1417,0.19014615036914267,0.11551403746672693,B,no game designation yet (Limited),tgt_sh 8.2%; team att 36.6; opp DvP 1.04; RZ tgt 0; car_sh 29.2%; team rush 23.1; opp d_ypc 1.08; inside-10 car 0,0.9951309141019752,
Rico Dowdle,PIT,IND,RB,IND@PIT,last_td,0.0659022578602208,1417,0.19014615036914267,0.11551403746672693,B,no game designation yet (Limited),tgt_sh 8.2%; team att 36.6; opp DvP 1.04; RZ tgt 0; car_sh 29.2%; team rush 23.1; opp d_ypc 1.08; inside-10 car 0,0.9951309141019752,
Rico Dowdle,PIT,IND,RB,IND@PIT,2plus_td,0.03716538596755562,2591,0.19014615036914267,0.11551403746672693,B,no game designation yet (Limited),tgt_sh 8.2%; team att 36.6; opp DvP 1.04; RZ tgt 0; car_sh 29.2%; team rush 23.1; opp d_ypc 1.08; inside-10 car 0,0.9951309141019752,
Pat Freiermuth,PIT,IND,TE,IND@PIT,anytime_td,0.2384,319,0.0074,0.2602,B,-,tgt_sh 13.2%; team att 36.6; opp DvP 0.90; RZ tgt 3,1.0,
Pat Freiermuth,PIT,IND,TE,IND@PIT,first_td,0.05694216686091686,1656,0.0074,0.2602,B,-,tgt_sh 13.2%; team att 36.6; opp DvP 0.90; RZ tgt 3,1.0,
Pat Freiermuth,PIT,IND,TE,IND@PIT,last_td,0.05694216686091686,1656,0.0074,0.2602,B,-,tgt_sh 13.2%; team att 36.6; opp DvP 0.90; RZ tgt 3,1.0,
Pat Freiermuth,PIT,IND,TE,IND@PIT,2plus_td,0.0273,3563,0.0074,0.2602,B,-,tgt_sh 13.2%; team att 36.6; opp DvP 0.90; RZ tgt 3,1.0,
Eli Heidenreich,PIT,IND,RB,IND@PIT,anytime_td,0.0156,6310,0.00595,0.0098,C,-,w_td 0.01; team TD 2.50,1.0,
Eli Heidenreich,PIT,IND,RB,IND@PIT,first_td,0.003494485930735931,28517,0.00595,0.0098,C,-,w_td 0.01; team TD 2.50,1.0,
Eli Heidenreich,PIT,IND,RB,IND@PIT,last_td,0.003494485930735931,28517,0.00595,0.0098,C,-,w_td 0.01; team TD 2.50,1.0,
Eli Heidenreich,PIT,IND,RB,IND@PIT,2plus_td,0.00015,666567,0.00595,0.0098,C,-,w_td 0.01; team TD 2.50,1.0,
Travis Homer,PIT,IND,RB,IND@PIT,anytime_td,0.0766,1205,0.0734,0.00615,C,-,w_td 0.11; team TD 2.50,1.0,
Travis Homer,PIT,IND,RB,IND@PIT,first_td,0.017318275613275615,5674,0.0734,0.00615,C,-,w_td 0.11; team TD 2.50,1.0,
Travis Homer,PIT,IND,RB,IND@PIT,last_td,0.017318275613275615,5674,0.0734,0.00615,C,-,w_td 0.11; team TD 2.50,1.0,
Travis Homer,PIT,IND,RB,IND@PIT,2plus_td,0.00285,34988,0.0734,0.00615,C,-,w_td 0.11; team TD 2.50,1.0,
DK Metcalf,PIT,IND,WR,IND@PIT,anytime_td,0.2811,256,0.0,0.3252,B,-,tgt_sh 22.2%; team att 36.6; opp DvP 0.95; RZ tgt 1,1.0,
DK Metcalf,PIT,IND,WR,IND@PIT,first_td,0.07025998973248973,1323,0.0,0.3252,B,-,tgt_sh 22.2%; team att 36.6; opp DvP 0.95; RZ tgt 1,1.0,
DK Metcalf,PIT,IND,WR,IND@PIT,last_td,0.07025998973248973,1323,0.0,0.3252,B,-,tgt_sh 22.2%; team att 36.6; opp DvP 0.95; RZ tgt 1,1.0,
DK Metcalf,PIT,IND,WR,IND@PIT,2plus_td,0.0407,2357,0.0,0.3252,B,-,tgt_sh 22.2%; team att 36.6; opp DvP 0.95; RZ tgt 1,1.0,
Lew Nichols III,PIT,IND,RB,IND@PIT,anytime_td,0.0499,1904,0.0447,0.007,C,-,w_td 0.06; team TD 2.50,1.0,
Lew Nichols III,PIT,IND,RB,IND@PIT,first_td,0.011258834776334775,8782,0.0447,0.007,C,-,w_td 0.06; team TD 2.50,1.0,
Lew Nichols III,PIT,IND,RB,IND@PIT,last_td,0.011258834776334775,8782,0.0447,0.007,C,-,w_td 0.06; team TD 2.50,1.0,
Lew Nichols III,PIT,IND,RB,IND@PIT,2plus_td,0.0018,55456,0.0447,0.007,C,-,w_td 0.06; team TD 2.50,1.0,
Michael Pittman,PIT,IND,WR,IND@PIT,anytime_td,0.16045575706893847,523,0.0,0.17331312392201956,C,no game designation yet (Limited),tgt_sh 13.5%; team att 36.6; opp DvP 0.95; RZ tgt 0,0.9575230478992892,
Michael Pittman,PIT,IND,WR,IND@PIT,first_td,0.03763693187594301,2557,0.0,0.17331312392201956,C,no game designation yet (Limited),tgt_sh 13.5%; team att 36.6; opp DvP 0.95; RZ tgt 0,0.9575230478992892,
Michael Pittman,PIT,IND,WR,IND@PIT,last_td,0.03763693187594301,2557,0.0,0.17331312392201956,C,no game designation yet (Limited),tgt_sh 13.5%; team att 36.6; opp DvP 0.95; RZ tgt 0,0.9575230478992892,
Michael Pittman,PIT,IND,WR,IND@PIT,2plus_td,0.012439241101761355,7939,0.0,0.17331312392201956,C,no game designation yet (Limited),tgt_sh 13.5%; team att 36.6; opp DvP 0.95; RZ tgt 0,0.9575230478992892,
Ben Skowronek,PIT,IND,WR,IND@PIT,anytime_td,0.05395,1754,0.0,0.0556,C,-,w_td 0.03; team TD 2.50,1.0,
Ben Skowronek,PIT,IND,WR,IND@PIT,first_td,0.011994906204906204,8237,0.0,0.0556,C,-,w_td 0.03; team TD 2.50,1.0,
Ben Skowronek,PIT,IND,WR,IND@PIT,last_td,0.011994906204906204,8237,0.0,0.0556,C,-,w_td 0.03; team TD 2.50,1.0,
Ben Skowronek,PIT,IND,WR,IND@PIT,2plus_td,0.00165,60506,0.0,0.0556,C,-,w_td 0.03; team TD 2.50,1.0,
Robert Tonyan,PIT,IND,TE,IND@PIT,anytime_td,0.03885,2474,0.0,0.03945,C,-,w_td 0.02; team TD 2.50,1.0,
Robert Tonyan,PIT,IND,TE,IND@PIT,first_td,0.008419926601176601,11777,0.0,0.03945,C,-,w_td 0.02; team TD 2.50,1.0,
Robert Tonyan,PIT,IND,TE,IND@PIT,last_td,0.008419926601176601,11777,0.0,0.03945,C,-,w_td 0.02; team TD 2.50,1.0,
Robert Tonyan,PIT,IND,TE,IND@PIT,2plus_td,0.0006,166567,0.0,0.03945,C,-,w_td 0.02; team TD 2.50,1.0,
Jaylen Warren,PIT,IND,RB,IND@PIT,anytime_td,0.46765,114,0.3093,0.2973,B,-,tgt_sh 11.9%; team att 36.6; opp DvP 1.04; RZ tgt 4; car_sh 47.8%; team rush 23.1; opp d_ypc 1.08; inside-10 car 0,1.0,
Jaylen Warren,PIT,IND,RB,IND@PIT,first_td,0.130571872016872,666,0.3093,0.2973,B,-,tgt_sh 11.9%; team att 36.6; opp DvP 1.04; RZ tgt 4; car_sh 47.8%; team rush 23.1; opp d_ypc 1.08; inside-10 car 0,1.0,
Jaylen Warren,PIT,IND,RB,IND@PIT,last_td,0.130571872016872,666,0.3093,0.2973,B,-,tgt_sh 11.9%; team att 36.6; opp DvP 1.04; RZ tgt 4; car_sh 47.8%; team rush 23.1; opp d_ypc 1.08; inside-10 car 0,1.0,
Jaylen Warren,PIT,IND,RB,IND@PIT,2plus_td,0.11665,757,0.3093,0.2973,B,-,tgt_sh 11.9%; team att 36.6; opp DvP 1.04; RZ tgt 4; car_sh 47.8%; team rush 23.1; opp d_ypc 1.08; inside-10 car 0,1.0,
Darnell Washington,PIT,IND,TE,IND@PIT,anytime_td,0.1518,559,0.0,0.1642,C,-,tgt_sh 8.0%; team att 36.6; opp DvP 0.90; RZ tgt 2,1.0,
Darnell Washington,PIT,IND,TE,IND@PIT,first_td,0.03509200924075924,2750,0.0,0.1642,C,-,tgt_sh 8.0%; team att 36.6; opp DvP 0.90; RZ tgt 2,1.0,
Darnell Washington,PIT,IND,TE,IND@PIT,last_td,0.03509200924075924,2750,0.0,0.1642,C,-,tgt_sh 8.0%; team att 36.6; opp DvP 0.90; RZ tgt 2,1.0,
Darnell Washington,PIT,IND,TE,IND@PIT,2plus_td,0.0118,8375,0.0,0.1642,C,-,tgt_sh 8.0%; team att 36.6; opp DvP 0.90; RZ tgt 2,1.0,
Roman Wilson,PIT,IND,WR,IND@PIT,anytime_td,0.2,400,0.0,0.22155,B,-,tgt_sh 12.0%; team att 36.6; opp DvP 0.95; RZ tgt 2,1.0,
Roman Wilson,PIT,IND,WR,IND@PIT,first_td,0.04756133588633588,2003,0.0,0.22155,B,-,tgt_sh 12.0%; team att 36.6; opp DvP 0.95; RZ tgt 2,1.0,
Roman Wilson,PIT,IND,WR,IND@PIT,last_td,0.04756133588633588,2003,0.0,0.22155,B,-,tgt_sh 12.0%; team att 36.6; opp DvP 0.95; RZ tgt 2,1.0,
Roman Wilson,PIT,IND,WR,IND@PIT,2plus_td,0.0204,4802,0.0,0.22155,B,-,tgt_sh 12.0%; team att 36.6; opp DvP 0.95; RZ tgt 2,1.0,
C.J. Stroud,HOU,TEN,QB,HOU@TEN,anytime_td,0.0804,1144,0.08325,0.0,B,-,team att 35.3; ypa 7.76; opp d_ypa 1.05; pass rate 60.9%,1.0,
C.J. Stroud,HOU,TEN,QB,HOU@TEN,first_td,0.020641435786435784,4745,0.08325,0.0,B,-,team att 35.3; ypa 7.76; opp d_ypa 1.05; pass rate 60.9%,1.0,
C.J. Stroud,HOU,TEN,QB,HOU@TEN,last_td,0.020641435786435784,4745,0.08325,0.0,B,-,team att 35.3; ypa 7.76; opp d_ypa 1.05; pass rate 60.9%,1.0,
C.J. Stroud,HOU,TEN,QB,HOU@TEN,2plus_td,0.0028,35614,0.08325,0.0,B,-,team att 35.3; ypa 7.76; opp d_ypa 1.05; pass rate 60.9%,1.0,
Lewis Bond,HOU,TEN,WR,HOU@TEN,anytime_td,0.01635,6016,0.0,0.01665,C,-,w_td 0.02; team TD 2.35,1.0,
Lewis Bond,HOU,TEN,WR,HOU@TEN,first_td,0.003912242063492063,25461,0.0,0.01665,C,-,w_td 0.02; team TD 2.35,1.0,
Lewis Bond,HOU,TEN,WR,HOU@TEN,last_td,0.003912242063492063,25461,0.0,0.01665,C,-,w_td 0.02; team TD 2.35,1.0,
Lewis Bond,HOU,TEN,WR,HOU@TEN,2plus_td,0.0003,333233,0.0,0.01665,C,-,w_td 0.02; team TD 2.35,1.0,
Kayshon Boutte,HOU,TEN,WR,HOU@TEN,anytime_td,0.15065,564,0.0,0.16155,C,-,tgt_sh 10.3%; team att 35.3; opp DvP 1.14; RZ tgt 2,1.0,
Kayshon Boutte,HOU,TEN,WR,HOU@TEN,first_td,0.03989414321789321,2407,0.0,0.16155,C,-,tgt_sh 10.3%; team att 35.3; opp DvP 1.14; RZ tgt 2,1.0,
Kayshon Boutte,HOU,TEN,WR,HOU@TEN,last_td,0.03989414321789321,2407,0.0,0.16155,C,-,tgt_sh 10.3%; team att 35.3; opp DvP 1.14; RZ tgt 2,1.0,
Kayshon Boutte,HOU,TEN,WR,HOU@TEN,2plus_td,0.0105,9424,0.0,0.16155,C,-,tgt_sh 10.3%; team att 35.3; opp DvP 1.14; RZ tgt 2,1.0,
Nico Collins,HOU,TEN,WR,HOU@TEN,anytime_td,0.28728471967753755,248,0.009108516986860703,0.32225304925927867,B,no game designation yet (Limited),tgt_sh 23.2%; team att 35.3; opp DvP 1.14; RZ tgt 3,0.9575230478992892,
Nico Collins,HOU,TEN,WR,HOU@TEN,first_td,0.08175158683586678,1123,0.009108516986860703,0.32225304925927867,B,no game designation yet (Limited),tgt_sh 23.2%; team att 35.3; opp DvP 1.14; RZ tgt 3,0.9575230478992892,
Nico Collins,HOU,TEN,WR,HOU@TEN,last_td,0.08175158683586678,1123,0.009108516986860703,0.32225304925927867,B,no game designation yet (Limited),tgt_sh 23.2%; team att 35.3; opp DvP 1.14; RZ tgt 3,0.9575230478992892,
Nico Collins,HOU,TEN,WR,HOU@TEN,2plus_td,0.04072658744699786,2355,0.009108516986860703,0.32225304925927867,B,no game designation yet (Limited),tgt_sh 23.2%; team att 35.3; opp DvP 1.14; RZ tgt 3,0.9575230478992892,
Xavier Hutchinson,HOU,TEN,WR,HOU@TEN,anytime_td,0.17015,488,0.0142,0.16985,B,-,tgt_sh 14.2%; team att 35.3; opp DvP 1.14; RZ tgt 1,1.0,
Xavier Hutchinson,HOU,TEN,WR,HOU@TEN,first_td,0.04514708513708513,2115,0.0142,0.16985,B,-,tgt_sh 14.2%; team att 35.3; opp DvP 1.14; RZ tgt 1,1.0,
Xavier Hutchinson,HOU,TEN,WR,HOU@TEN,last_td,0.04514708513708513,2115,0.0142,0.16985,B,-,tgt_sh 14.2%; team att 35.3; opp DvP 1.14; RZ tgt 1,1.0,
Xavier Hutchinson,HOU,TEN,WR,HOU@TEN,2plus_td,0.0134,7363,0.0142,0.16985,B,-,tgt_sh 14.2%; team att 35.3; opp DvP 1.14; RZ tgt 1,1.0,
Brevin Jordan,HOU,TEN,TE,HOU@TEN,anytime_td,0.0178,5518,0.0,0.0179,C,-,w_td 0.02; team TD 2.35,1.0,
Brevin Jordan,HOU,TEN,TE,HOU@TEN,first_td,0.004333035714285714,22979,0.0,0.0179,C,-,w_td 0.02; team TD 2.35,1.0,
Brevin Jordan,HOU,TEN,TE,HOU@TEN,last_td,0.004333035714285714,22979,0.0,0.0179,C,-,w_td 0.02; team TD 2.35,1.0,
Brevin Jordan,HOU,TEN,TE,HOU@TEN,2plus_td,0.0001,999900,0.0,0.0179,C,-,w_td 0.02; team TD 2.35,1.0,
Woody Marks,HOU,TEN,RB,HOU@TEN,anytime_td,0.3619,176,0.3405,0.0969,B,-,tgt_sh 5.2%; team att 35.3; opp DvP 0.92; RZ tgt 2; car_sh 32.3%; team rush 24.5; opp d_ypc 0.93; inside-10 car 3,1.0,
Woody Marks,HOU,TEN,RB,HOU@TEN,first_td,0.10899350108225107,817,0.3405,0.0969,B,-,tgt_sh 5.2%; team att 35.3; opp DvP 0.92; RZ tgt 2; car_sh 32.3%; team rush 24.5; opp d_ypc 0.93; inside-10 car 3,1.0,
Woody Marks,HOU,TEN,RB,HOU@TEN,last_td,0.10899350108225107,817,0.3405,0.0969,B,-,tgt_sh 5.2%; team att 35.3; opp DvP 0.92; RZ tgt 2; car_sh 32.3%; team rush 24.5; opp d_ypc 0.93; inside-10 car 3,1.0,
Woody Marks,HOU,TEN,RB,HOU@TEN,2plus_td,0.0673,1386,0.3405,0.0969,B,-,tgt_sh 5.2%; team att 35.3; opp DvP 0.92; RZ tgt 2; car_sh 32.3%; team rush 24.5; opp d_ypc 0.93; inside-10 car 3,1.0,
David Montgomery,HOU,TEN,RB,HOU@TEN,anytime_td,0.4579,118,0.5371,0.0619,B,-,tgt_sh 4.1%; team att 35.3; opp DvP 0.92; RZ tgt 1; car_sh 48.5%; team rush 24.5; opp d_ypc 0.93; inside-10 car 5,1.0,
David Montgomery,HOU,TEN,RB,HOU@TEN,first_td,0.1495074451936952,569,0.5371,0.0619,B,-,tgt_sh 4.1%; team att 35.3; opp DvP 0.92; RZ tgt 1; car_sh 48.5%; team rush 24.5; opp d_ypc 0.93; inside-10 car 5,1.0,
David Montgomery,HOU,TEN,RB,HOU@TEN,last_td,0.1495074451936952,569,0.5371,0.0619,B,-,tgt_sh 4.1%; team att 35.3; opp DvP 0.92; RZ tgt 1; car_sh 48.5%; team rush 24.5; opp d_ypc 0.93; inside-10 car 5,1.0,
David Montgomery,HOU,TEN,RB,HOU@TEN,2plus_td,0.1199,734,0.5371,0.0619,B,-,tgt_sh 4.1%; team att 35.3; opp DvP 0.92; RZ tgt 1; car_sh 48.5%; team rush 24.5; opp d_ypc 0.93; inside-10 car 5,1.0,
Foster Moreau,HOU,TEN,TE,HOU@TEN,anytime_td,0.0929,976,0.0,0.0968,C,-,tgt_sh 4.9%; team att 35.3; opp DvP 0.95; RZ tgt 2,1.0,
Foster Moreau,HOU,TEN,TE,HOU@TEN,first_td,0.024180182733932732,4036,0.0,0.0968,C,-,tgt_sh 4.9%; team att 35.3; opp DvP 0.95; RZ tgt 2,1.0,
Foster Moreau,HOU,TEN,TE,HOU@TEN,last_td,0.024180182733932732,4036,0.0,0.0968,C,-,tgt_sh 4.9%; team att 35.3; opp DvP 0.95; RZ tgt 2,1.0,
Foster Moreau,HOU,TEN,TE,HOU@TEN,2plus_td,0.0039,25541,0.0,0.0968,C,-,tgt_sh 4.9%; team att 35.3; opp DvP 0.95; RZ tgt 2,1.0,
Jaylin Noel,HOU,TEN,WR,HOU@TEN,anytime_td,0.0904,1006,0.0174,0.0772,C,-,tgt_sh 7.1%; team att 35.3; opp DvP 1.14; RZ tgt 0,1.0,
Jaylin Noel,HOU,TEN,WR,HOU@TEN,first_td,0.023060155677655677,4236,0.0174,0.0772,C,-,tgt_sh 7.1%; team att 35.3; opp DvP 1.14; RZ tgt 0,1.0,
Jaylin Noel,HOU,TEN,WR,HOU@TEN,last_td,0.023060155677655677,4236,0.0174,0.0772,C,-,tgt_sh 7.1%; team att 35.3; opp DvP 1.14; RZ tgt 0,1.0,
Jaylin Noel,HOU,TEN,WR,HOU@TEN,2plus_td,0.00415,23996,0.0174,0.0772,C,-,tgt_sh 7.1%; team att 35.3; opp DvP 1.14; RZ tgt 0,1.0,
Dalton Schultz,HOU,TEN,TE,HOU@TEN,anytime_td,0.1961,410,0.0,0.21465,B,-,tgt_sh 17.7%; team att 35.3; opp DvP 0.95; RZ tgt 2,1.0,
Dalton Schultz,HOU,TEN,TE,HOU@TEN,first_td,0.05340260281385281,1773,0.0,0.21465,B,-,tgt_sh 17.7%; team att 35.3; opp DvP 0.95; RZ tgt 2,1.0,
Dalton Schultz,HOU,TEN,TE,HOU@TEN,last_td,0.05340260281385281,1773,0.0,0.21465,B,-,tgt_sh 17.7%; team att 35.3; opp DvP 0.95; RZ tgt 2,1.0,
Dalton Schultz,HOU,TEN,TE,HOU@TEN,2plus_td,0.01755,5598,0.0,0.21465,B,-,tgt_sh 17.7%; team att 35.3; opp DvP 0.95; RZ tgt 2,1.0,
Cade Stover,HOU,TEN,TE,HOU@TEN,anytime_td,0.02715,3583,0.0,0.0275,C,-,w_td 0.02; team TD 2.35,1.0,
Cade Stover,HOU,TEN,TE,HOU@TEN,first_td,0.006713079004329004,14796,0.0,0.0275,C,-,w_td 0.02; team TD 2.35,1.0,
Cade Stover,HOU,TEN,TE,HOU@TEN,last_td,0.006713079004329004,14796,0.0,0.0275,C,-,w_td 0.02; team TD 2.35,1.0,
Cade Stover,HOU,TEN,TE,HOU@TEN,2plus_td,0.00035,285614,0.0,0.0275,C,-,w_td 0.02; team TD 2.35,1.0,
Jared Wayne,HOU,TEN,WR,HOU@TEN,anytime_td,0.08125,1131,0.0,0.08445,C,-,tgt_sh 6.1%; team att 35.3; opp DvP 1.14; RZ tgt 1,1.0,
Jared Wayne,HOU,TEN,WR,HOU@TEN,first_td,0.021103079004329003,4639,0.0,0.08445,C,-,tgt_sh 6.1%; team att 35.3; opp DvP 1.14; RZ tgt 1,1.0,
Jared Wayne,HOU,TEN,WR,HOU@TEN,last_td,0.021103079004329003,4639,0.0,0.08445,C,-,tgt_sh 6.1%; team att 35.3; opp DvP 1.14; RZ tgt 1,1.0,
Jared Wayne,HOU,TEN,WR,HOU@TEN,2plus_td,0.00305,32687,0.0,0.08445,C,-,tgt_sh 6.1%; team att 35.3; opp DvP 1.14; RZ tgt 1,1.0,
Cam Ward,TEN,HOU,QB,HOU@TEN,anytime_td,0.12585,695,0.13515,0.0,B,-,team att 33.5; ypa 6.96; opp d_ypa 1.06; pass rate 59.4%,1.0,
Cam Ward,TEN,HOU,QB,HOU@TEN,first_td,0.03247188908313908,2980,0.13515,0.0,B,-,team att 33.5; ypa 6.96; opp d_ypa 1.06; pass rate 59.4%,1.0,
Cam Ward,TEN,HOU,QB,HOU@TEN,last_td,0.03247188908313908,2980,0.13515,0.0,B,-,team att 33.5; ypa 6.96; opp d_ypa 1.06; pass rate 59.4%,1.0,
Cam Ward,TEN,HOU,QB,HOU@TEN,2plus_td,0.0089,11136,0.13515,0.0,B,-,team att 33.5; ypa 6.96; opp d_ypa 1.06; pass rate 59.4%,1.0,
Elic Ayomanor,TEN,HOU,WR,HOU@TEN,anytime_td,0.14725,579,0.0,0.15825,B,-,tgt_sh 12.0%; team att 33.5; opp DvP 1.02; RZ tgt 5,1.0,
Elic Ayomanor,TEN,HOU,WR,HOU@TEN,first_td,0.038062848124098124,2527,0.0,0.15825,B,-,tgt_sh 12.0%; team att 33.5; opp DvP 1.02; RZ tgt 5,1.0,
Elic Ayomanor,TEN,HOU,WR,HOU@TEN,last_td,0.038062848124098124,2527,0.0,0.15825,B,-,tgt_sh 12.0%; team att 33.5; opp DvP 1.02; RZ tgt 5,1.0,
Elic Ayomanor,TEN,HOU,WR,HOU@TEN,2plus_td,0.01065,9290,0.0,0.15825,B,-,tgt_sh 12.0%; team att 33.5; opp DvP 1.02; RZ tgt 5,1.0,
Daniel Bellinger,TEN,HOU,TE,HOU@TEN,anytime_td,0.0231,4229,0.0,0.0233,C,-,tgt_sh 3.9%; team att 33.5; opp DvP 0.91; RZ tgt 0,1.0,
Daniel Bellinger,TEN,HOU,TE,HOU@TEN,first_td,0.005745340909090909,17305,0.0,0.0233,C,-,tgt_sh 3.9%; team att 33.5; opp DvP 0.91; RZ tgt 0,1.0,
Daniel Bellinger,TEN,HOU,TE,HOU@TEN,last_td,0.005745340909090909,17305,0.0,0.0233,C,-,tgt_sh 3.9%; team att 33.5; opp DvP 0.91; RZ tgt 0,1.0,
Daniel Bellinger,TEN,HOU,TE,HOU@TEN,2plus_td,0.0002,499900,0.0,0.0233,C,-,tgt_sh 3.9%; team att 33.5; opp DvP 0.91; RZ tgt 0,1.0,
Chimere Dike,TEN,HOU,WR,HOU@TEN,anytime_td,0.03745,2570,0.0,0.03825,C,-,tgt_sh 6.2%; team att 33.5; opp DvP 1.02; RZ tgt 0,1.0,
Chimere Dike,TEN,HOU,WR,HOU@TEN,first_td,0.009247997835497835,10713,0.0,0.03825,C,-,tgt_sh 6.2%; team att 33.5; opp DvP 1.02; RZ tgt 0,1.0,
Chimere Dike,TEN,HOU,WR,HOU@TEN,last_td,0.009247997835497835,10713,0.0,0.03825,C,-,tgt_sh 6.2%; team att 33.5; opp DvP 1.02; RZ tgt 0,1.0,
Chimere Dike,TEN,HOU,WR,HOU@TEN,2plus_td,0.0008,124900,0.0,0.03825,C,-,tgt_sh 6.2%; team att 33.5; opp DvP 1.02; RZ tgt 0,1.0,
Gunnar Helm,TEN,HOU,TE,HOU@TEN,anytime_td,0.11275,787,0.0,0.1198,C,-,tgt_sh 11.8%; team att 33.5; opp DvP 0.91; RZ tgt 3,1.0,
Gunnar Helm,TEN,HOU,TE,HOU@TEN,first_td,0.028543077755577757,3403,0.0,0.1198,C,-,tgt_sh 11.8%; team att 33.5; opp DvP 0.91; RZ tgt 3,1.0,
Gunnar Helm,TEN,HOU,TE,HOU@TEN,last_td,0.028543077755577757,3403,0.0,0.1198,C,-,tgt_sh 11.8%; team att 33.5; opp DvP 0.91; RZ tgt 3,1.0,
Gunnar Helm,TEN,HOU,TE,HOU@TEN,2plus_td,0.00665,14938,0.0,0.1198,C,-,tgt_sh 11.8%; team att 33.5; opp DvP 0.91; RZ tgt 3,1.0,
Tony Pollard,TEN,HOU,RB,HOU@TEN,anytime_td,0.3628944047118216,176,0.38939840134623477,0.04753891459823307,B,no game designation yet (DNP),tgt_sh 7.6%; team att 33.5; opp DvP 0.99; RZ tgt 0; car_sh 56.6%; team rush 24.5; opp d_ypc 0.90; inside-10 car 13,0.5949864089398973,
Tony Pollard,TEN,HOU,RB,HOU@TEN,first_td,0.10586229504614021,845,0.38939840134623477,0.04753891459823307,B,no game designation yet (DNP),tgt_sh 7.6%; team att 33.5; opp DvP 0.99; RZ tgt 0; car_sh 56.6%; team rush 24.5; opp d_ypc 0.90; inside-10 car 13,0.5949864089398973,
Tony Pollard,TEN,HOU,RB,HOU@TEN,last_td,0.10586229504614021,845,0.38939840134623477,0.04753891459823307,B,no game designation yet (DNP),tgt_sh 7.6%; team att 33.5; opp DvP 0.99; RZ tgt 0; car_sh 56.6%; team rush 24.5; opp d_ypc 0.90; inside-10 car 13,0.5949864089398973,
Tony Pollard,TEN,HOU,RB,HOU@TEN,2plus_td,0.06579722339082877,1420,0.38939840134623477,0.04753891459823307,B,no game designation yet (DNP),tgt_sh 7.6%; team att 33.5; opp DvP 0.99; RZ tgt 0; car_sh 56.6%; team rush 24.5; opp d_ypc 0.90; inside-10 car 13,0.5949864089398973,
Calvin Ridley,TEN,HOU,WR,HOU@TEN,anytime_td,0.05445,1737,0.0,0.0557,C,-,tgt_sh 8.5%; team att 33.5; opp DvP 1.02; RZ tgt 0,1.0,
Calvin Ridley,TEN,HOU,WR,HOU@TEN,first_td,0.01335349567099567,7389,0.0,0.0557,C,-,tgt_sh 8.5%; team att 33.5; opp DvP 1.02; RZ tgt 0,1.0,
Calvin Ridley,TEN,HOU,WR,HOU@TEN,last_td,0.01335349567099567,7389,0.0,0.0557,C,-,tgt_sh 8.5%; team att 33.5; opp DvP 1.02; RZ tgt 0,1.0,
Calvin Ridley,TEN,HOU,WR,HOU@TEN,2plus_td,0.00125,79900,0.0,0.0557,C,-,tgt_sh 8.5%; team att 33.5; opp DvP 1.02; RZ tgt 0,1.0,
Wan'Dale Robinson,TEN,HOU,WR,HOU@TEN,anytime_td,0.1765,467,0.00545,0.18635,B,-,tgt_sh 18.8%; team att 33.5; opp DvP 1.02; RZ tgt 4,1.0,
Wan'Dale Robinson,TEN,HOU,WR,HOU@TEN,first_td,0.04745156204906204,2007,0.00545,0.18635,B,-,tgt_sh 18.8%; team att 33.5; opp DvP 1.02; RZ tgt 4,1.0,
Wan'Dale Robinson,TEN,HOU,WR,HOU@TEN,last_td,0.04745156204906204,2007,0.00545,0.18635,B,-,tgt_sh 18.8%; team att 33.5; opp DvP 1.02; RZ tgt 4,1.0,
Wan'Dale Robinson,TEN,HOU,WR,HOU@TEN,2plus_td,0.0147,6703,0.00545,0.18635,B,-,tgt_sh 18.8%; team att 33.5; opp DvP 1.02; RZ tgt 4,1.0,
Nicholas Singleton,TEN,HOU,RB,HOU@TEN,anytime_td,0.06935,1342,0.06805,0.0042,C,-,car_sh 8.9%; team rush 24.5; opp d_ypc 0.90; inside-10 car 0,1.0,
Nicholas Singleton,TEN,HOU,RB,HOU@TEN,first_td,0.01759646880896881,5583,0.06805,0.0042,C,-,car_sh 8.9%; team rush 24.5; opp d_ypc 0.90; inside-10 car 0,1.0,
Nicholas Singleton,TEN,HOU,RB,HOU@TEN,last_td,0.01759646880896881,5583,0.06805,0.0042,C,-,car_sh 8.9%; team rush 24.5; opp d_ypc 0.90; inside-10 car 0,1.0,
Nicholas Singleton,TEN,HOU,RB,HOU@TEN,2plus_td,0.0029,34383,0.06805,0.0042,C,-,car_sh 8.9%; team rush 24.5; opp d_ypc 0.90; inside-10 car 0,1.0,
Tyjae Spears,TEN,HOU,RB,HOU@TEN,anytime_td,0.1856,439,0.15695,0.0474,B,-,tgt_sh 7.4%; team att 33.5; opp DvP 0.99; RZ tgt 0; car_sh 20.4%; team rush 24.5; opp d_ypc 0.90; inside-10 car 0,1.0,
Tyjae Spears,TEN,HOU,RB,HOU@TEN,first_td,0.050068972416472415,1897,0.15695,0.0474,B,-,tgt_sh 7.4%; team att 33.5; opp DvP 0.99; RZ tgt 0; car_sh 20.4%; team rush 24.5; opp d_ypc 0.90; inside-10 car 0,1.0,
Tyjae Spears,TEN,HOU,RB,HOU@TEN,last_td,0.050068972416472415,1897,0.15695,0.0474,B,-,tgt_sh 7.4%; team att 33.5; opp DvP 0.99; RZ tgt 0; car_sh 20.4%; team rush 24.5; opp d_ypc 0.90; inside-10 car 0,1.0,
Tyjae Spears,TEN,HOU,RB,HOU@TEN,2plus_td,0.0179,5487,0.15695,0.0474,B,-,tgt_sh 7.4%; team att 33.5; opp DvP 0.99; RZ tgt 0; car_sh 20.4%; team rush 24.5; opp d_ypc 0.90; inside-10 car 0,1.0,
Carnell Tate,TEN,HOU,WR,HOU@TEN,anytime_td,0.1554,544,0.0,0.1672,B,-,tgt_sh 22.7%; team att 33.5; opp DvP 1.02; RZ tgt 1,1.0,
Carnell Tate,TEN,HOU,WR,HOU@TEN,first_td,0.04137780538905539,2317,0.0,0.1672,B,-,tgt_sh 22.7%; team att 33.5; opp DvP 1.02; RZ tgt 1,1.0,
Carnell Tate,TEN,HOU,WR,HOU@TEN,last_td,0.04137780538905539,2317,0.0,0.1672,B,-,tgt_sh 22.7%; team att 33.5; opp DvP 1.02; RZ tgt 1,1.0,
Carnell Tate,TEN,HOU,WR,HOU@TEN,2plus_td,0.01135,8711,0.0,0.1672,B,-,tgt_sh 22.7%; team att 33.5; opp DvP 1.02; RZ tgt 1,1.0,
Jameis Winston,NYG,WAS,QB,NYG@WAS,anytime_td,0.01665,5906,0.0167,0.0,B,-,team att 30.0; ypa 7.03; opp d_ypa 1.03; pass rate 53.2%,1.0,
Jameis Winston,NYG,WAS,QB,NYG@WAS,first_td,0.0038825396825396823,25656,0.0167,0.0,B,-,team att 30.0; ypa 7.03; opp d_ypa 1.03; pass rate 53.2%,1.0,
Jameis Winston,NYG,WAS,QB,NYG@WAS,last_td,0.0038825396825396823,25656,0.0167,0.0,B,-,team att 30.0; ypa 7.03; opp d_ypa 1.03; pass rate 53.2%,1.0,
Jameis Winston,NYG,WAS,QB,NYG@WAS,2plus_td,5e-05,999900,0.0167,0.0,B,-,team att 30.0; ypa 7.03; opp d_ypa 1.03; pass rate 53.2%,1.0,
Malachi Fields,NYG,WAS,WR,NYG@WAS,anytime_td,0.1493,570,0.0,0.1611,C,-,tgt_sh 13.1%; team att 30.0; opp DvP 1.00; RZ tgt 1,1.0,
Malachi Fields,NYG,WAS,WR,NYG@WAS,first_td,0.036945193001443,2607,0.0,0.1611,C,-,tgt_sh 13.1%; team att 30.0; opp DvP 1.00; RZ tgt 1,1.0,
Malachi Fields,NYG,WAS,WR,NYG@WAS,last_td,0.036945193001443,2607,0.0,0.1611,C,-,tgt_sh 13.1%; team att 30.0; opp DvP 1.00; RZ tgt 1,1.0,
Malachi Fields,NYG,WAS,WR,NYG@WAS,2plus_td,0.01165,8484,0.0,0.1611,C,-,tgt_sh 13.1%; team att 30.0; opp DvP 1.00; RZ tgt 1,1.0,
Najee Harris,NYG,WAS,RB,NYG@WAS,anytime_td,0.10087755954868366,891,0.09895528625156708,0.00576681989134977,B,no game designation yet (DNP),car_sh 20.4%; team rush 28.5; opp d_ypc 0.98; inside-10 car 2,0.5949864089398973,
Najee Harris,NYG,WAS,RB,NYG@WAS,first_td,0.024931184569713615,3911,0.09895528625156708,0.00576681989134977,B,no game designation yet (DNP),car_sh 20.4%; team rush 28.5; opp d_ypc 0.98; inside-10 car 2,0.5949864089398973,
Najee Harris,NYG,WAS,RB,NYG@WAS,last_td,0.024931184569713615,3911,0.09895528625156708,0.00576681989134977,B,no game designation yet (DNP),car_sh 20.4%; team rush 28.5; opp d_ypc 0.98; inside-10 car 2,0.5949864089398973,
Najee Harris,NYG,WAS,RB,NYG@WAS,2plus_td,0.00384454659423318,25911,0.09895528625156708,0.00576681989134977,B,no game designation yet (DNP),car_sh 20.4%; team rush 28.5; opp d_ypc 0.98; inside-10 car 2,0.5949864089398973,
Theo Johnson,NYG,WAS,TE,NYG@WAS,anytime_td,0.1083,823,0.0,0.11425,C,-,tgt_sh 7.9%; team att 30.0; opp DvP 1.03; RZ tgt 1,1.0,
Theo Johnson,NYG,WAS,TE,NYG@WAS,first_td,0.026727801226551225,3641,0.0,0.11425,C,-,tgt_sh 7.9%; team att 30.0; opp DvP 1.03; RZ tgt 1,1.0,
Theo Johnson,NYG,WAS,TE,NYG@WAS,last_td,0.026727801226551225,3641,0.0,0.11425,C,-,tgt_sh 7.9%; team att 30.0; opp DvP 1.03; RZ tgt 1,1.0,
Theo Johnson,NYG,WAS,TE,NYG@WAS,2plus_td,0.00585,16994,0.0,0.11425,C,-,tgt_sh 7.9%; team att 30.0; opp DvP 1.03; RZ tgt 1,1.0,
Isaiah Likely,NYG,WAS,TE,NYG@WAS,anytime_td,0.3433487550033789,191,0.0,0.411082809169829,B,no game designation yet (Limited),tgt_sh 23.1%; team att 30.0; opp DvP 1.03; RZ tgt 6,0.9575230478992892,
Isaiah Likely,NYG,WAS,TE,NYG@WAS,first_td,0.09364935717537475,968,0.0,0.411082809169829,B,no game designation yet (Limited),tgt_sh 23.1%; team att 30.0; opp DvP 1.03; RZ tgt 6,0.9575230478992892,
Isaiah Likely,NYG,WAS,TE,NYG@WAS,last_td,0.09364935717537475,968,0.0,0.411082809169829,B,no game designation yet (Limited),tgt_sh 23.1%; team att 30.0; opp DvP 1.03; RZ tgt 6,0.9575230478992892,
Isaiah Likely,NYG,WAS,TE,NYG@WAS,2plus_td,0.06045641212247232,1554,0.0,0.411082809169829,B,no game designation yet (Limited),tgt_sh 23.1%; team att 30.0; opp DvP 1.03; RZ tgt 6,0.9575230478992892,
Darnell Mooney,NYG,WAS,WR,NYG@WAS,anytime_td,0.11615,761,0.00255,0.1206,C,-,tgt_sh 11.3%; team att 30.0; opp DvP 1.00; RZ tgt 0,1.0,
Darnell Mooney,NYG,WAS,WR,NYG@WAS,first_td,0.028259586940836936,3439,0.00255,0.1206,C,-,tgt_sh 11.3%; team att 30.0; opp DvP 1.00; RZ tgt 0,1.0,
Darnell Mooney,NYG,WAS,WR,NYG@WAS,last_td,0.028259586940836936,3439,0.00255,0.1206,C,-,tgt_sh 11.3%; team att 30.0; opp DvP 1.00; RZ tgt 0,1.0,
Darnell Mooney,NYG,WAS,WR,NYG@WAS,2plus_td,0.00665,14938,0.00255,0.1206,C,-,tgt_sh 11.3%; team att 30.0; opp DvP 1.00; RZ tgt 0,1.0,
Malik Nabers,NYG,WAS,WR,NYG@WAS,anytime_td,0.2411013270494853,315,0.0,0.272665261069081,B,no game designation yet (DNP),tgt_sh 19.2%; team att 30.0; opp DvP 1.00; RZ tgt 3,0.8055616699684496,
Malik Nabers,NYG,WAS,WR,NYG@WAS,first_td,0.06242631529590477,1502,0.0,0.272665261069081,B,no game designation yet (DNP),tgt_sh 19.2%; team att 30.0; opp DvP 1.00; RZ tgt 3,0.8055616699684496,
Malik Nabers,NYG,WAS,WR,NYG@WAS,last_td,0.06242631529590477,1502,0.0,0.272665261069081,B,no game designation yet (DNP),tgt_sh 19.2%; team att 30.0; opp DvP 1.00; RZ tgt 3,0.8055616699684496,
Malik Nabers,NYG,WAS,WR,NYG@WAS,2plus_td,0.0289594443755426,3353,0.0,0.272665261069081,B,no game designation yet (DNP),tgt_sh 19.2%; team att 30.0; opp DvP 1.00; RZ tgt 3,0.8055616699684496,
Patrick Ricard,NYG,WAS,RB,NYG@WAS,anytime_td,0.0198,4951,0.0,0.02,C,-,w_td 0.02; team TD 1.72,1.0,
Patrick Ricard,NYG,WAS,RB,NYG@WAS,first_td,0.004564705988455988,21807,0.0,0.02,C,-,w_td 0.02; team TD 1.72,1.0,
Patrick Ricard,NYG,WAS,RB,NYG@WAS,last_td,0.004564705988455988,21807,0.0,0.02,C,-,w_td 0.02; team TD 1.72,1.0,
Patrick Ricard,NYG,WAS,RB,NYG@WAS,2plus_td,0.0002,499900,0.0,0.02,C,-,w_td 0.02; team TD 1.72,1.0,
Devin Singletary,NYG,WAS,RB,NYG@WAS,anytime_td,0.15375,550,0.0536,0.1113,C,-,tgt_sh 5.4%; team att 30.0; opp DvP 0.99; RZ tgt 2; car_sh 13.0%; team rush 28.5; opp d_ypc 0.98; inside-10 car 0,1.0,
Devin Singletary,NYG,WAS,RB,NYG@WAS,first_td,0.03812198051948052,2523,0.0536,0.1113,C,-,tgt_sh 5.4%; team att 30.0; opp DvP 0.99; RZ tgt 2; car_sh 13.0%; team rush 28.5; opp d_ypc 0.98; inside-10 car 0,1.0,
Devin Singletary,NYG,WAS,RB,NYG@WAS,last_td,0.03812198051948052,2523,0.0536,0.1113,C,-,tgt_sh 5.4%; team att 30.0; opp DvP 0.99; RZ tgt 2; car_sh 13.0%; team rush 28.5; opp d_ypc 0.98; inside-10 car 0,1.0,
Devin Singletary,NYG,WAS,RB,NYG@WAS,2plus_td,0.01065,9290,0.0536,0.1113,C,-,tgt_sh 5.4%; team att 30.0; opp DvP 0.99; RZ tgt 2; car_sh 13.0%; team rush 28.5; opp d_ypc 0.98; inside-10 car 0,1.0,
Cam Skattebo,NYG,WAS,RB,NYG@WAS,anytime_td,0.2810677659360547,256,0.2279810979288156,0.09677257188819625,B,no game designation yet (Limited),tgt_sh 9.3%; team att 30.0; opp DvP 0.99; RZ tgt 0; car_sh 41.6%; team rush 28.5; opp d_ypc 0.98; inside-10 car 5,0.9951309141019752,
Cam Skattebo,NYG,WAS,RB,NYG@WAS,first_td,0.07494440759321112,1234,0.2279810979288156,0.09677257188819625,B,no game designation yet (Limited),tgt_sh 9.3%; team att 30.0; opp DvP 0.99; RZ tgt 0; car_sh 41.6%; team rush 28.5; opp d_ypc 0.98; inside-10 car 5,0.9951309141019752,
Cam Skattebo,NYG,WAS,RB,NYG@WAS,last_td,0.07494440759321112,1234,0.2279810979288156,0.09677257188819625,B,no game designation yet (Limited),tgt_sh 9.3%; team att 30.0; opp DvP 0.99; RZ tgt 0; car_sh 41.6%; team rush 28.5; opp d_ypc 0.98; inside-10 car 5,0.9951309141019752,
Cam Skattebo,NYG,WAS,RB,NYG@WAS,2plus_td,0.03996581540317716,2402,0.2279810979288156,0.09677257188819625,B,no game designation yet (Limited),tgt_sh 9.3%; team att 30.0; opp DvP 0.99; RZ tgt 0; car_sh 41.6%; team rush 28.5; opp d_ypc 0.98; inside-10 car 5,0.9951309141019752,
Tyrone Tracy Jr.,NYG,WAS,RB,NYG@WAS,anytime_td,0.0552,1712,0.02115,0.035,C,-,w_td 0.07; team TD 1.72,1.0,
Tyrone Tracy Jr.,NYG,WAS,RB,NYG@WAS,first_td,0.013025378787878787,7577,0.02115,0.035,C,-,w_td 0.07; team TD 1.72,1.0,
Tyrone Tracy Jr.,NYG,WAS,RB,NYG@WAS,last_td,0.013025378787878787,7577,0.02115,0.035,C,-,w_td 0.07; team TD 1.72,1.0,
Tyrone Tracy Jr.,NYG,WAS,RB,NYG@WAS,2plus_td,0.00095,105163,0.02115,0.035,C,-,w_td 0.07; team TD 1.72,1.0,
Jayden Daniels,WAS,NYG,QB,NYG@WAS,anytime_td,0.07848748083801738,1174,0.08242207460398569,0.0,C,no game designation yet (Full),team att 32.5; ypa 5.98; opp d_ypa 0.93; pass rate 54.4%,0.98,
Jayden Daniels,WAS,NYG,QB,NYG@WAS,first_td,0.019541032265866197,5017,0.08242207460398569,0.0,C,no game designation yet (Full),team att 32.5; ypa 5.98; opp d_ypa 0.93; pass rate 54.4%,0.98,
Jayden Daniels,WAS,NYG,QB,NYG@WAS,last_td,0.019541032265866197,5017,0.08242207460398569,0.0,C,no game designation yet (Full),team att 32.5; ypa 5.98; opp d_ypa 0.93; pass rate 54.4%,0.98,
Jayden Daniels,WAS,NYG,QB,NYG@WAS,2plus_td,0.003832396525293817,25993,0.08242207460398569,0.0,C,no game designation yet (Full),team att 32.5; ypa 5.98; opp d_ypa 0.93; pass rate 54.4%,0.98,
Kaytron Allen,WAS,NYG,RB,NYG@WAS,anytime_td,0.056,1686,0.05365,0.00415,C,-,w_td 0.10; team TD 2.33,1.0,
Kaytron Allen,WAS,NYG,RB,NYG@WAS,first_td,0.013670537518037517,7215,0.05365,0.00415,C,-,w_td 0.10; team TD 2.33,1.0,
Kaytron Allen,WAS,NYG,RB,NYG@WAS,last_td,0.013670537518037517,7215,0.05365,0.00415,C,-,w_td 0.10; team TD 2.33,1.0,
Kaytron Allen,WAS,NYG,RB,NYG@WAS,2plus_td,0.0018,55456,0.05365,0.00415,C,-,w_td 0.10; team TD 2.33,1.0,
John Bates,WAS,NYG,TE,NYG@WAS,anytime_td,0.0817,1124,0.0,0.08485,C,-,w_td 0.04; team TD 2.33,1.0,
John Bates,WAS,NYG,TE,NYG@WAS,first_td,0.019850661976911977,4938,0.0,0.08485,C,-,w_td 0.04; team TD 2.33,1.0,
John Bates,WAS,NYG,TE,NYG@WAS,last_td,0.019850661976911977,4938,0.0,0.08485,C,-,w_td 0.04; team TD 2.33,1.0,
John Bates,WAS,NYG,TE,NYG@WAS,2plus_td,0.00305,32687,0.0,0.08485,C,-,w_td 0.04; team TD 2.33,1.0,
Dyami Brown,WAS,NYG,WR,NYG@WAS,anytime_td,0.14325,598,0.0,0.15315,C,-,tgt_sh 7.2%; team att 32.5; opp DvP 1.09; RZ tgt 1,1.0,
Dyami Brown,WAS,NYG,WR,NYG@WAS,first_td,0.03598972763347763,2679,0.0,0.15315,C,-,tgt_sh 7.2%; team att 32.5; opp DvP 1.09; RZ tgt 1,1.0,
Dyami Brown,WAS,NYG,WR,NYG@WAS,last_td,0.03598972763347763,2679,0.0,0.15315,C,-,tgt_sh 7.2%; team att 32.5; opp DvP 1.09; RZ tgt 1,1.0,
Dyami Brown,WAS,NYG,WR,NYG@WAS,2plus_td,0.0093,10653,0.0,0.15315,C,-,tgt_sh 7.2%; team att 32.5; opp DvP 1.09; RZ tgt 1,1.0,
Treylon Burks,WAS,NYG,WR,NYG@WAS,anytime_td,0.13285202360876897,653,0.0,0.14265387858347386,C,no game designation yet (Full),tgt_sh 6.8%; team att 32.5; opp DvP 1.09; RZ tgt 1,0.9479829842591244,
Treylon Burks,WAS,NYG,WR,NYG@WAS,first_td,0.03241915359326826,2985,0.0,0.14265387858347386,C,no game designation yet (Full),tgt_sh 6.8%; team att 32.5; opp DvP 1.09; RZ tgt 1,0.9479829842591244,
Treylon Burks,WAS,NYG,WR,NYG@WAS,last_td,0.03241915359326826,2985,0.0,0.14265387858347386,C,no game designation yet (Full),tgt_sh 6.8%; team att 32.5; opp DvP 1.09; RZ tgt 1,0.9479829842591244,
Treylon Burks,WAS,NYG,WR,NYG@WAS,2plus_td,0.00948566610455312,10442,0.0,0.14265387858347386,C,no game designation yet (Full),tgt_sh 6.8%; team att 32.5; opp DvP 1.09; RZ tgt 1,0.9479829842591244,
Jacory Croskey-Merritt,WAS,NYG,RB,NYG@WAS,anytime_td,0.23631703271850027,323,0.18279137558425892,0.08277629793436196,B,no game designation yet (Limited),car_sh 33.8%; team rush 28.2; opp d_ypc 1.06; inside-10 car 2,0.9951309141019752,
Jacory Croskey-Merritt,WAS,NYG,RB,NYG@WAS,first_td,0.06245736248751778,1501,0.18279137558425892,0.08277629793436196,B,no game designation yet (Limited),car_sh 33.8%; team rush 28.2; opp d_ypc 1.06; inside-10 car 2,0.9951309141019752,
Jacory Croskey-Merritt,WAS,NYG,RB,NYG@WAS,last_td,0.06245736248751778,1501,0.18279137558425892,0.08277629793436196,B,no game designation yet (Limited),car_sh 33.8%; team rush 28.2; opp d_ypc 1.06; inside-10 car 2,0.9951309141019752,
Jacory Croskey-Merritt,WAS,NYG,RB,NYG@WAS,2plus_td,0.027391063979494396,3551,0.18279137558425892,0.08277629793436196,B,no game designation yet (Limited),car_sh 33.8%; team rush 28.2; opp d_ypc 1.06; inside-10 car 2,0.9951309141019752,
Stefon Diggs,WAS,NYG,WR,NYG@WAS,anytime_td,0.3402816551895279,194,0.0,0.4111917612755134,B,no game designation yet (DNP),tgt_sh 18.4%; team att 32.5; opp DvP 1.09; RZ tgt 4,0.8055616699684496,
Stefon Diggs,WAS,NYG,WR,NYG@WAS,first_td,0.0945965173165992,957,0.0,0.4111917612755134,B,no game designation yet (DNP),tgt_sh 18.4%; team att 32.5; opp DvP 1.09; RZ tgt 4,0.8055616699684496,
Stefon Diggs,WAS,NYG,WR,NYG@WAS,last_td,0.0945965173165992,957,0.0,0.4111917612755134,B,no game designation yet (DNP),tgt_sh 18.4%; team att 32.5; opp DvP 1.09; RZ tgt 4,0.8055616699684496,
Stefon Diggs,WAS,NYG,WR,NYG@WAS,2plus_td,0.06166635647372666,1522,0.0,0.4111917612755134,B,no game designation yet (DNP),tgt_sh 18.4%; team att 32.5; opp DvP 1.09; RZ tgt 4,0.8055616699684496,
Austin Ekeler,WAS,NYG,RB,NYG@WAS,anytime_td,0.07135,1302,0.03705,0.03675,C,-,w_td 0.09; team TD 2.33,1.0,
Austin Ekeler,WAS,NYG,RB,NYG@WAS,first_td,0.017281727994227995,5686,0.03705,0.03675,C,-,w_td 0.09; team TD 2.33,1.0,
Austin Ekeler,WAS,NYG,RB,NYG@WAS,last_td,0.017281727994227995,5686,0.03705,0.03675,C,-,w_td 0.09; team TD 2.33,1.0,
Austin Ekeler,WAS,NYG,RB,NYG@WAS,2plus_td,0.00245,40716,0.03705,0.03675,C,-,w_td 0.09; team TD 2.33,1.0,
Luke McCaffrey,WAS,NYG,WR,NYG@WAS,anytime_td,0.0583,1615,0.0,0.0597,C,-,tgt_sh 3.8%; team att 32.5; opp DvP 1.09; RZ tgt 0,1.0,
Luke McCaffrey,WAS,NYG,WR,NYG@WAS,first_td,0.01392288059163059,7082,0.0,0.0597,C,-,tgt_sh 3.8%; team att 32.5; opp DvP 1.09; RZ tgt 0,1.0,
Luke McCaffrey,WAS,NYG,WR,NYG@WAS,last_td,0.01392288059163059,7082,0.0,0.0597,C,-,tgt_sh 3.8%; team att 32.5; opp DvP 1.09; RZ tgt 0,1.0,
Luke McCaffrey,WAS,NYG,WR,NYG@WAS,2plus_td,0.0014,71329,0.0,0.0597,C,-,tgt_sh 3.8%; team att 32.5; opp DvP 1.09; RZ tgt 0,1.0,
Terry McLaurin,WAS,NYG,WR,NYG@WAS,anytime_td,0.2820687942381721,255,0.0,0.32770396125667456,B,no game designation yet (DNP),tgt_sh 17.6%; team att 32.5; opp DvP 1.09; RZ tgt 2,0.8055616699684496,
Terry McLaurin,WAS,NYG,WR,NYG@WAS,first_td,0.07585612919029038,1218,0.0,0.32770396125667456,B,no game designation yet (DNP),tgt_sh 17.6%; team att 32.5; opp DvP 1.09; RZ tgt 2,0.8055616699684496,
Terry McLaurin,WAS,NYG,WR,NYG@WAS,last_td,0.07585612919029038,1218,0.0,0.32770396125667456,B,no game designation yet (DNP),tgt_sh 17.6%; team att 32.5; opp DvP 1.09; RZ tgt 2,0.8055616699684496,
Terry McLaurin,WAS,NYG,WR,NYG@WAS,2plus_td,0.04166149261144915,2300,0.0,0.32770396125667456,B,no game designation yet (DNP),tgt_sh 17.6%; team att 32.5; opp DvP 1.09; RZ tgt 2,0.8055616699684496,
Chig Okonkwo,WAS,NYG,TE,NYG@WAS,anytime_td,0.15632027613618535,540,0.0,0.1697609957638199,C,no game designation yet (Limited),tgt_sh 11.2%; team att 32.5; opp DvP 1.12; RZ tgt 0,0.9575230478992892,
Chig Okonkwo,WAS,NYG,TE,NYG@WAS,first_td,0.039937049712950555,2404,0.0,0.1697609957638199,C,no game designation yet (Limited),tgt_sh 11.2%; team att 32.5; opp DvP 1.12; RZ tgt 0,0.9575230478992892,
Chig Okonkwo,WAS,NYG,TE,NYG@WAS,last_td,0.039937049712950555,2404,0.0,0.1697609957638199,C,no game designation yet (Limited),tgt_sh 11.2%; team att 32.5; opp DvP 1.12; RZ tgt 0,0.9575230478992892,
Chig Okonkwo,WAS,NYG,TE,NYG@WAS,2plus_td,0.012708540348308144,7769,0.0,0.1697609957638199,C,no game designation yet (Limited),tgt_sh 11.2%; team att 32.5; opp DvP 1.12; RZ tgt 0,0.9575230478992892,
Craig Reynolds,WAS,NYG,RB,NYG@WAS,anytime_td,0.0176,5582,0.01445,0.00335,C,-,w_td 0.03; team TD 2.33,1.0,
Craig Reynolds,WAS,NYG,RB,NYG@WAS,first_td,0.004160319264069264,23937,0.01445,0.00335,C,-,w_td 0.03; team TD 2.33,1.0,
Craig Reynolds,WAS,NYG,RB,NYG@WAS,last_td,0.004160319264069264,23937,0.01445,0.00335,C,-,w_td 0.03; team TD 2.33,1.0,
Craig Reynolds,WAS,NYG,RB,NYG@WAS,2plus_td,0.0002,499900,0.01445,0.00335,C,-,w_td 0.03; team TD 2.33,1.0,
Ben Sinnott,WAS,NYG,TE,NYG@WAS,anytime_td,0.027223705565153657,3573,0.0,0.027694885084550546,C,no game designation yet (Limited),w_td 0.02; team TD 2.33,0.9575230478992892,
Ben Sinnott,WAS,NYG,TE,NYG@WAS,first_td,0.006220379885371247,15976,0.0,0.027694885084550546,C,no game designation yet (Limited),w_td 0.02; team TD 2.33,0.9575230478992892,
Ben Sinnott,WAS,NYG,TE,NYG@WAS,last_td,0.006220379885371247,15976,0.0,0.027694885084550546,C,no game designation yet (Limited),w_td 0.02; team TD 2.33,0.9575230478992892,
Ben Sinnott,WAS,NYG,TE,NYG@WAS,2plus_td,0.0004711795193968902,212133,0.0,0.027694885084550546,C,no game designation yet (Limited),w_td 0.02; team TD 2.33,0.9575230478992892,
Rachaad White,WAS,NYG,RB,NYG@WAS,anytime_td,0.23253593325962407,330,0.10699567795758368,0.15644788420946829,B,no game designation yet (Limited),tgt_sh 6.1%; team att 32.5; opp DvP 0.91; RZ tgt 2; car_sh 18.2%; team rush 28.2; opp d_ypc 1.06; inside-10 car 2,0.9951309141019752,
Rachaad White,WAS,NYG,RB,NYG@WAS,first_td,0.06136474410547182,1530,0.10699567795758368,0.15644788420946829,B,no game designation yet (Limited),tgt_sh 6.1%; team att 32.5; opp DvP 0.91; RZ tgt 2; car_sh 18.2%; team rush 28.2; opp d_ypc 1.06; inside-10 car 2,0.9951309141019752,
Rachaad White,WAS,NYG,RB,NYG@WAS,last_td,0.06136474410547182,1530,0.10699567795758368,0.15644788420946829,B,no game designation yet (Limited),tgt_sh 6.1%; team att 32.5; opp DvP 0.91; RZ tgt 2; car_sh 18.2%; team rush 28.2; opp d_ypc 1.06; inside-10 car 2,0.9951309141019752,
Rachaad White,WAS,NYG,RB,NYG@WAS,2plus_td,0.028746607699266256,3379,0.10699567795758368,0.15644788420946829,B,no game designation yet (Limited),tgt_sh 6.1%; team att 32.5; opp DvP 0.91; RZ tgt 2; car_sh 18.2%; team rush 28.2; opp d_ypc 1.06; inside-10 car 2,0.9951309141019752,
Antonio Williams,WAS,NYG,WR,NYG@WAS,anytime_td,0.2281,338,0.0,0.25715,B,-,tgt_sh 11.6%; team att 32.5; opp DvP 1.09; RZ tgt 2,1.0,
Antonio Williams,WAS,NYG,WR,NYG@WAS,first_td,0.05932688492063492,1586,0.0,0.25715,B,-,tgt_sh 11.6%; team att 32.5; opp DvP 1.09; RZ tgt 2,1.0,
Antonio Williams,WAS,NYG,WR,NYG@WAS,last_td,0.05932688492063492,1586,0.0,0.25715,B,-,tgt_sh 11.6%; team att 32.5; opp DvP 1.09; RZ tgt 2,1.0,
Antonio Williams,WAS,NYG,WR,NYG@WAS,2plus_td,0.02665,3652,0.0,0.25715,B,-,tgt_sh 11.6%; team att 32.5; opp DvP 1.09; RZ tgt 2,1.0,
Colson Yankoff,WAS,NYG,TE,NYG@WAS,anytime_td,0.02725,3570,0.0,0.0276,C,-,w_td 0.02; team TD 2.33,1.0,
Colson Yankoff,WAS,NYG,TE,NYG@WAS,first_td,0.006425795454545454,15462,0.0,0.0276,C,-,w_td 0.02; team TD 2.33,1.0,
Colson Yankoff,WAS,NYG,TE,NYG@WAS,last_td,0.006425795454545454,15462,0.0,0.0276,C,-,w_td 0.02; team TD 2.33,1.0,
Colson Yankoff,WAS,NYG,TE,NYG@WAS,2plus_td,0.00035,285614,0.0,0.0276,C,-,w_td 0.02; team TD 2.33,1.0,
Bo Nix,DEN,LAC,QB,DEN@LAC,anytime_td,0.14735,579,0.15925,0.0,B,-,team att 34.2; ypa 6.87; opp d_ypa 1.06; pass rate 59.0%,1.0,
Bo Nix,DEN,LAC,QB,DEN@LAC,first_td,0.03436972041847042,2810,0.15925,0.0,B,-,team att 34.2; ypa 6.87; opp d_ypa 1.06; pass rate 59.0%,1.0,
Bo Nix,DEN,LAC,QB,DEN@LAC,last_td,0.03436972041847042,2810,0.15925,0.0,B,-,team att 34.2; ypa 6.87; opp d_ypa 1.06; pass rate 59.0%,1.0,
Bo Nix,DEN,LAC,QB,DEN@LAC,2plus_td,0.0115,8596,0.15925,0.0,B,-,team att 34.2; ypa 6.87; opp d_ypa 1.06; pass rate 59.0%,1.0,
Nate Adkins,DEN,LAC,TE,DEN@LAC,anytime_td,0.1142,776,0.00635,0.114,C,-,w_td 0.08; team TD 2.47,1.0,
Nate Adkins,DEN,LAC,TE,DEN@LAC,first_td,0.026151955266955268,3724,0.00635,0.114,C,-,w_td 0.08; team TD 2.47,1.0,
Nate Adkins,DEN,LAC,TE,DEN@LAC,last_td,0.026151955266955268,3724,0.00635,0.114,C,-,w_td 0.08; team TD 2.47,1.0,
Nate Adkins,DEN,LAC,TE,DEN@LAC,2plus_td,0.006,16567,0.00635,0.114,C,-,w_td 0.08; team TD 2.47,1.0,
Tyler Badie,DEN,LAC,RB,DEN@LAC,anytime_td,0.13645,633,0.03685,0.10745,C,-,tgt_sh 4.6%; team att 34.2; opp DvP 1.09; RZ tgt 2,1.0,
Tyler Badie,DEN,LAC,RB,DEN@LAC,first_td,0.031614830447330454,3063,0.03685,0.10745,C,-,tgt_sh 4.6%; team att 34.2; opp DvP 1.09; RZ tgt 2,1.0,
Tyler Badie,DEN,LAC,RB,DEN@LAC,last_td,0.031614830447330454,3063,0.03685,0.10745,C,-,tgt_sh 4.6%; team att 34.2; opp DvP 1.09; RZ tgt 2,1.0,
Tyler Badie,DEN,LAC,RB,DEN@LAC,2plus_td,0.0076,13058,0.03685,0.10745,C,-,tgt_sh 4.6%; team att 34.2; opp DvP 1.09; RZ tgt 2,1.0,
Pat Bryant,DEN,LAC,WR,DEN@LAC,anytime_td,0.11355,781,0.0054,0.11455,C,-,tgt_sh 7.9%; team att 34.2; opp DvP 0.96; RZ tgt 1,1.0,
Pat Bryant,DEN,LAC,WR,DEN@LAC,first_td,0.026625450937950938,3656,0.0054,0.11455,C,-,tgt_sh 7.9%; team att 34.2; opp DvP 0.96; RZ tgt 1,1.0,
Pat Bryant,DEN,LAC,WR,DEN@LAC,last_td,0.026625450937950938,3656,0.0054,0.11455,C,-,tgt_sh 7.9%; team att 34.2; opp DvP 0.96; RZ tgt 1,1.0,
Pat Bryant,DEN,LAC,WR,DEN@LAC,2plus_td,0.00615,16160,0.0054,0.11455,C,-,tgt_sh 7.9%; team att 34.2; opp DvP 0.96; RZ tgt 1,1.0,
J.K. Dobbins,DEN,LAC,RB,DEN@LAC,anytime_td,0.4407,127,0.53475,0.03245,B,-,car_sh 44.1%; team rush 25.0; opp d_ypc 0.94; inside-10 car 5,1.0,
J.K. Dobbins,DEN,LAC,RB,DEN@LAC,first_td,0.12407305375180376,706,0.53475,0.03245,B,-,car_sh 44.1%; team rush 25.0; opp d_ypc 0.94; inside-10 car 5,1.0,
J.K. Dobbins,DEN,LAC,RB,DEN@LAC,last_td,0.12407305375180376,706,0.53475,0.03245,B,-,car_sh 44.1%; team rush 25.0; opp d_ypc 0.94; inside-10 car 5,1.0,
J.K. Dobbins,DEN,LAC,RB,DEN@LAC,2plus_td,0.1095,813,0.53475,0.03245,B,-,car_sh 44.1%; team rush 25.0; opp d_ypc 0.94; inside-10 car 5,1.0,
Evan Engram,DEN,LAC,TE,DEN@LAC,anytime_td,0.139,619,0.0,0.1485,C,-,tgt_sh 10.7%; team att 34.2; opp DvP 1.05; RZ tgt 1,1.0,
Evan Engram,DEN,LAC,TE,DEN@LAC,first_td,0.032556295093795096,2972,0.0,0.1485,C,-,tgt_sh 10.7%; team att 34.2; opp DvP 1.05; RZ tgt 1,1.0,
Evan Engram,DEN,LAC,TE,DEN@LAC,last_td,0.032556295093795096,2972,0.0,0.1485,C,-,tgt_sh 10.7%; team att 34.2; opp DvP 1.05; RZ tgt 1,1.0,
Evan Engram,DEN,LAC,TE,DEN@LAC,2plus_td,0.00895,11073,0.0,0.1485,C,-,tgt_sh 10.7%; team att 34.2; opp DvP 1.05; RZ tgt 1,1.0,
Troy Franklin,DEN,LAC,WR,DEN@LAC,anytime_td,0.1117,795,0.008,0.1102,C,-,tgt_sh 7.6%; team att 34.2; opp DvP 0.96; RZ tgt 1,1.0,
Troy Franklin,DEN,LAC,WR,DEN@LAC,first_td,0.025779769119769116,3779,0.008,0.1102,C,-,tgt_sh 7.6%; team att 34.2; opp DvP 0.96; RZ tgt 1,1.0,
Troy Franklin,DEN,LAC,WR,DEN@LAC,last_td,0.025779769119769116,3779,0.008,0.1102,C,-,tgt_sh 7.6%; team att 34.2; opp DvP 0.96; RZ tgt 1,1.0,
Troy Franklin,DEN,LAC,WR,DEN@LAC,2plus_td,0.00625,15900,0.008,0.1102,C,-,tgt_sh 7.6%; team att 34.2; opp DvP 0.96; RZ tgt 1,1.0,
RJ Harvey,DEN,LAC,RB,DEN@LAC,anytime_td,0.33095,202,0.1799,0.2147,B,-,tgt_sh 13.7%; team att 34.2; opp DvP 1.09; RZ tgt 2; car_sh 20.1%; team rush 25.0; opp d_ypc 0.94; inside-10 car 0,1.0,
RJ Harvey,DEN,LAC,RB,DEN@LAC,first_td,0.08535739718614718,1072,0.1799,0.2147,B,-,tgt_sh 13.7%; team att 34.2; opp DvP 1.09; RZ tgt 2; car_sh 20.1%; team rush 25.0; opp d_ypc 0.94; inside-10 car 0,1.0,
RJ Harvey,DEN,LAC,RB,DEN@LAC,last_td,0.08535739718614718,1072,0.1799,0.2147,B,-,tgt_sh 13.7%; team att 34.2; opp DvP 1.09; RZ tgt 2; car_sh 20.1%; team rush 25.0; opp d_ypc 0.94; inside-10 car 0,1.0,
RJ Harvey,DEN,LAC,RB,DEN@LAC,2plus_td,0.0568,1661,0.1799,0.2147,B,-,tgt_sh 13.7%; team att 34.2; opp DvP 1.09; RZ tgt 2; car_sh 20.1%; team rush 25.0; opp d_ypc 0.94; inside-10 car 0,1.0,
Lil'Jordan Humphrey,DEN,LAC,WR,DEN@LAC,anytime_td,0.0515,1842,0.0,0.05295,C,-,tgt_sh 4.7%; team att 34.2; opp DvP 0.96; RZ tgt 0,1.0,
Lil'Jordan Humphrey,DEN,LAC,WR,DEN@LAC,first_td,0.011440818903318902,8641,0.0,0.05295,C,-,tgt_sh 4.7%; team att 34.2; opp DvP 0.96; RZ tgt 0,1.0,
Lil'Jordan Humphrey,DEN,LAC,WR,DEN@LAC,last_td,0.011440818903318902,8641,0.0,0.05295,C,-,tgt_sh 4.7%; team att 34.2; opp DvP 0.96; RZ tgt 0,1.0,
Lil'Jordan Humphrey,DEN,LAC,WR,DEN@LAC,2plus_td,0.00145,68866,0.0,0.05295,C,-,tgt_sh 4.7%; team att 34.2; opp DvP 0.96; RZ tgt 0,1.0,
Marvin Mims Jr.,DEN,LAC,WR,DEN@LAC,anytime_td,0.05935,1585,0.0,0.06105,C,-,tgt_sh 5.6%; team att 34.2; opp DvP 0.96; RZ tgt 0,1.0,
Marvin Mims Jr.,DEN,LAC,WR,DEN@LAC,first_td,0.01295215367965368,7621,0.0,0.06105,C,-,tgt_sh 5.6%; team att 34.2; opp DvP 0.96; RZ tgt 0,1.0,
Marvin Mims Jr.,DEN,LAC,WR,DEN@LAC,last_td,0.01295215367965368,7621,0.0,0.06105,C,-,tgt_sh 5.6%; team att 34.2; opp DvP 0.96; RZ tgt 0,1.0,
Marvin Mims Jr.,DEN,LAC,WR,DEN@LAC,2plus_td,0.0017,58724,0.0,0.06105,C,-,tgt_sh 5.6%; team att 34.2; opp DvP 0.96; RZ tgt 0,1.0,
Courtland Sutton,DEN,LAC,WR,DEN@LAC,anytime_td,0.2558,291,0.0,0.2911,B,-,tgt_sh 15.2%; team att 34.2; opp DvP 0.96; RZ tgt 5,1.0,
Courtland Sutton,DEN,LAC,WR,DEN@LAC,first_td,0.06308852092352092,1485,0.0,0.2911,B,-,tgt_sh 15.2%; team att 34.2; opp DvP 0.96; RZ tgt 5,1.0,
Courtland Sutton,DEN,LAC,WR,DEN@LAC,last_td,0.06308852092352092,1485,0.0,0.2911,B,-,tgt_sh 15.2%; team att 34.2; opp DvP 0.96; RZ tgt 5,1.0,
Courtland Sutton,DEN,LAC,WR,DEN@LAC,2plus_td,0.03275,2953,0.0,0.2911,B,-,tgt_sh 15.2%; team att 34.2; opp DvP 0.96; RZ tgt 5,1.0,
Adam Trautman,DEN,LAC,TE,DEN@LAC,anytime_td,0.02825,3440,0.0,0.0286,C,-,w_td 0.02; team TD 2.47,1.0,
Adam Trautman,DEN,LAC,TE,DEN@LAC,first_td,0.0061356240981240975,16198,0.0,0.0286,C,-,w_td 0.02; team TD 2.47,1.0,
Adam Trautman,DEN,LAC,TE,DEN@LAC,last_td,0.0061356240981240975,16198,0.0,0.0286,C,-,w_td 0.02; team TD 2.47,1.0,
Adam Trautman,DEN,LAC,TE,DEN@LAC,2plus_td,0.00035,285614,0.0,0.0286,C,-,w_td 0.02; team TD 2.47,1.0,
Jaylen Waddle,DEN,LAC,WR,DEN@LAC,anytime_td,0.2158,363,0.00735,0.23215,B,-,tgt_sh 16.9%; team att 34.2; opp DvP 0.96; RZ tgt 2,1.0,
Jaylen Waddle,DEN,LAC,WR,DEN@LAC,first_td,0.05181596681096681,1830,0.00735,0.23215,B,-,tgt_sh 16.9%; team att 34.2; opp DvP 0.96; RZ tgt 2,1.0,
Jaylen Waddle,DEN,LAC,WR,DEN@LAC,last_td,0.05181596681096681,1830,0.00735,0.23215,B,-,tgt_sh 16.9%; team att 34.2; opp DvP 0.96; RZ tgt 2,1.0,
Jaylen Waddle,DEN,LAC,WR,DEN@LAC,2plus_td,0.0223,4384,0.00735,0.23215,B,-,tgt_sh 16.9%; team att 34.2; opp DvP 0.96; RZ tgt 2,1.0,
Justin Herbert,LAC,DEN,QB,DEN@LAC,anytime_td,0.13345,649,0.1419,0.0,B,-,team att 32.3; ypa 6.87; opp d_ypa 0.99; pass rate 55.4%,1.0,
Justin Herbert,LAC,DEN,QB,DEN@LAC,first_td,0.030713751803751802,3156,0.1419,0.0,B,-,team att 32.3; ypa 6.87; opp d_ypa 0.99; pass rate 55.4%,1.0,
Justin Herbert,LAC,DEN,QB,DEN@LAC,last_td,0.030713751803751802,3156,0.1419,0.0,B,-,team att 32.3; ypa 6.87; opp d_ypa 0.99; pass rate 55.4%,1.0,
Justin Herbert,LAC,DEN,QB,DEN@LAC,2plus_td,0.0082,12095,0.1419,0.0,B,-,team att 32.3; ypa 6.87; opp d_ypa 0.99; pass rate 55.4%,1.0,
Derius Davis,LAC,DEN,WR,DEN@LAC,anytime_td,0.0154,6394,0.0,0.01555,C,-,w_td 0.01; team TD 1.90,1.0,
Derius Davis,LAC,DEN,WR,DEN@LAC,first_td,0.0035065295815295814,28418,0.0,0.01555,C,-,w_td 0.01; team TD 1.90,1.0,
Derius Davis,LAC,DEN,WR,DEN@LAC,last_td,0.0035065295815295814,28418,0.0,0.01555,C,-,w_td 0.01; team TD 1.90,1.0,
Derius Davis,LAC,DEN,WR,DEN@LAC,2plus_td,0.00015,666567,0.0,0.01555,C,-,w_td 0.01; team TD 1.90,1.0,
Oronde Gadsden II,LAC,DEN,TE,DEN@LAC,anytime_td,0.17545,470,0.004,0.18675,C,-,tgt_sh 11.7%; team att 32.3; opp DvP 0.91; RZ tgt 3,1.0,
Oronde Gadsden II,LAC,DEN,TE,DEN@LAC,first_td,0.04125616522366523,2324,0.004,0.18675,C,-,tgt_sh 11.7%; team att 32.3; opp DvP 0.91; RZ tgt 3,1.0,
Oronde Gadsden II,LAC,DEN,TE,DEN@LAC,last_td,0.04125616522366523,2324,0.004,0.18675,C,-,tgt_sh 11.7%; team att 32.3; opp DvP 0.91; RZ tgt 3,1.0,
Oronde Gadsden II,LAC,DEN,TE,DEN@LAC,2plus_td,0.0145,6797,0.004,0.18675,C,-,tgt_sh 11.7%; team att 32.3; opp DvP 0.91; RZ tgt 3,1.0,
Omarion Hampton,LAC,DEN,RB,DEN@LAC,anytime_td,0.3715,169,0.39905,0.0561,B,-,tgt_sh 5.6%; team att 32.3; opp DvP 1.03; RZ tgt 0; car_sh 49.7%; team rush 28.1; opp d_ypc 1.08; inside-10 car 7,1.0,
Omarion Hampton,LAC,DEN,RB,DEN@LAC,first_td,0.0981246212121212,919,0.39905,0.0561,B,-,tgt_sh 5.6%; team att 32.3; opp DvP 1.03; RZ tgt 0; car_sh 49.7%; team rush 28.1; opp d_ypc 1.08; inside-10 car 7,1.0,
Omarion Hampton,LAC,DEN,RB,DEN@LAC,last_td,0.0981246212121212,919,0.39905,0.0561,B,-,tgt_sh 5.6%; team att 32.3; opp DvP 1.03; RZ tgt 0; car_sh 49.7%; team rush 28.1; opp d_ypc 1.08; inside-10 car 7,1.0,
Omarion Hampton,LAC,DEN,RB,DEN@LAC,2plus_td,0.07385,1254,0.39905,0.0561,B,-,tgt_sh 5.6%; team att 32.3; opp DvP 1.03; RZ tgt 0; car_sh 49.7%; team rush 28.1; opp d_ypc 1.08; inside-10 car 7,1.0,
Tre Harris,LAC,DEN,WR,DEN@LAC,anytime_td,0.1886,430,0.0,0.2065,B,-,tgt_sh 12.9%; team att 32.3; opp DvP 1.01; RZ tgt 3,1.0,
Tre Harris,LAC,DEN,WR,DEN@LAC,first_td,0.04423645202020202,2161,0.0,0.2065,B,-,tgt_sh 12.9%; team att 32.3; opp DvP 1.01; RZ tgt 3,1.0,
Tre Harris,LAC,DEN,WR,DEN@LAC,last_td,0.04423645202020202,2161,0.0,0.2065,B,-,tgt_sh 12.9%; team att 32.3; opp DvP 1.01; RZ tgt 3,1.0,
Tre Harris,LAC,DEN,WR,DEN@LAC,2plus_td,0.01695,5800,0.0,0.2065,B,-,tgt_sh 12.9%; team att 32.3; opp DvP 1.01; RZ tgt 3,1.0,
Alec Ingold,LAC,DEN,RB,DEN@LAC,anytime_td,0.04935,1926,0.0,0.0503,C,-,w_td 0.04; team TD 1.90,1.0,
Alec Ingold,LAC,DEN,RB,DEN@LAC,first_td,0.010724049422799422,9225,0.0,0.0503,C,-,w_td 0.04; team TD 1.90,1.0,
Alec Ingold,LAC,DEN,RB,DEN@LAC,last_td,0.010724049422799422,9225,0.0,0.0503,C,-,w_td 0.04; team TD 1.90,1.0,
Alec Ingold,LAC,DEN,RB,DEN@LAC,2plus_td,0.00095,105163,0.0,0.0503,C,-,w_td 0.04; team TD 1.90,1.0,
Quentin Johnston,LAC,DEN,WR,DEN@LAC,anytime_td,0.1585,531,0.00665,0.16385,B,-,tgt_sh 15.4%; team att 32.3; opp DvP 1.01; RZ tgt 0,1.0,
Quentin Johnston,LAC,DEN,WR,DEN@LAC,first_td,0.03589431637806638,2686,0.00665,0.16385,B,-,tgt_sh 15.4%; team att 32.3; opp DvP 1.01; RZ tgt 0,1.0,
Quentin Johnston,LAC,DEN,WR,DEN@LAC,last_td,0.03589431637806638,2686,0.00665,0.16385,B,-,tgt_sh 15.4%; team att 32.3; opp DvP 1.01; RZ tgt 0,1.0,
Quentin Johnston,LAC,DEN,WR,DEN@LAC,2plus_td,0.01145,8634,0.00665,0.16385,B,-,tgt_sh 15.4%; team att 32.3; opp DvP 1.01; RZ tgt 0,1.0,
Charlie Kolar,LAC,DEN,TE,DEN@LAC,anytime_td,0.0355,2717,0.0,0.0362,C,-,tgt_sh 3.8%; team att 32.3; opp DvP 0.91; RZ tgt 0,1.0,
Charlie Kolar,LAC,DEN,TE,DEN@LAC,first_td,0.007386352813852814,13438,0.0,0.0362,C,-,tgt_sh 3.8%; team att 32.3; opp DvP 0.91; RZ tgt 0,1.0,
Charlie Kolar,LAC,DEN,TE,DEN@LAC,last_td,0.007386352813852814,13438,0.0,0.0362,C,-,tgt_sh 3.8%; team att 32.3; opp DvP 0.91; RZ tgt 0,1.0,
Charlie Kolar,LAC,DEN,TE,DEN@LAC,2plus_td,0.0007,142757,0.0,0.0362,C,-,tgt_sh 3.8%; team att 32.3; opp DvP 0.91; RZ tgt 0,1.0,
Ladd McConkey,LAC,DEN,WR,DEN@LAC,anytime_td,0.1842,443,0.0,0.20145,B,-,tgt_sh 15.0%; team att 32.3; opp DvP 1.01; RZ tgt 2,1.0,
Ladd McConkey,LAC,DEN,WR,DEN@LAC,first_td,0.0425289448051948,2251,0.0,0.20145,B,-,tgt_sh 15.0%; team att 32.3; opp DvP 1.01; RZ tgt 2,1.0,
Ladd McConkey,LAC,DEN,WR,DEN@LAC,last_td,0.0425289448051948,2251,0.0,0.20145,B,-,tgt_sh 15.0%; team att 32.3; opp DvP 1.01; RZ tgt 2,1.0,
Ladd McConkey,LAC,DEN,WR,DEN@LAC,2plus_td,0.0164,5998,0.0,0.20145,B,-,tgt_sh 15.0%; team att 32.3; opp DvP 1.01; RZ tgt 2,1.0,
Keaton Mitchell,LAC,DEN,RB,DEN@LAC,anytime_td,0.2024,394,0.1412,0.0804,B,-,tgt_sh 5.6%; team att 32.3; opp DvP 1.03; RZ tgt 1; car_sh 20.9%; team rush 28.1; opp d_ypc 1.08; inside-10 car 1,1.0,
Keaton Mitchell,LAC,DEN,RB,DEN@LAC,first_td,0.048415349927849925,1965,0.1412,0.0804,B,-,tgt_sh 5.6%; team att 32.3; opp DvP 1.03; RZ tgt 1; car_sh 20.9%; team rush 28.1; opp d_ypc 1.08; inside-10 car 1,1.0,
Keaton Mitchell,LAC,DEN,RB,DEN@LAC,last_td,0.048415349927849925,1965,0.1412,0.0804,B,-,tgt_sh 5.6%; team att 32.3; opp DvP 1.03; RZ tgt 1; car_sh 20.9%; team rush 28.1; opp d_ypc 1.08; inside-10 car 1,1.0,
Keaton Mitchell,LAC,DEN,RB,DEN@LAC,2plus_td,0.01815,5410,0.1412,0.0804,B,-,tgt_sh 5.6%; team att 32.3; opp DvP 1.03; RZ tgt 1; car_sh 20.9%; team rush 28.1; opp d_ypc 1.08; inside-10 car 1,1.0,
Brenen Thompson,LAC,DEN,WR,DEN@LAC,anytime_td,0.03425,2820,0.0,0.0349,C,-,w_td 0.03; team TD 1.90,1.0,
Brenen Thompson,LAC,DEN,WR,DEN@LAC,first_td,0.007539962121212122,13163,0.0,0.0349,C,-,w_td 0.03; team TD 1.90,1.0,
Brenen Thompson,LAC,DEN,WR,DEN@LAC,last_td,0.007539962121212122,13163,0.0,0.0349,C,-,w_td 0.03; team TD 1.90,1.0,
Brenen Thompson,LAC,DEN,WR,DEN@LAC,2plus_td,0.0006,166567,0.0,0.0349,C,-,w_td 0.03; team TD 1.90,1.0,
Marquez Valdes-Scantling,LAC,DEN,WR,DEN@LAC,anytime_td,0.03605,2674,0.0,0.0366,C,-,w_td 0.03; team TD 1.90,1.0,
Marquez Valdes-Scantling,LAC,DEN,WR,DEN@LAC,first_td,0.007932703823953825,12506,0.0,0.0366,C,-,w_td 0.03; team TD 1.90,1.0,
Marquez Valdes-Scantling,LAC,DEN,WR,DEN@LAC,last_td,0.007932703823953825,12506,0.0,0.0366,C,-,w_td 0.03; team TD 1.90,1.0,
Marquez Valdes-Scantling,LAC,DEN,WR,DEN@LAC,2plus_td,0.00055,181718,0.0,0.0366,C,-,w_td 0.03; team TD 1.90,1.0,
Kimani Vidal,LAC,DEN,RB,DEN@LAC,anytime_td,0.11475,771,0.05545,0.06725,C,-,tgt_sh 4.0%; team att 32.3; opp DvP 1.03; RZ tgt 1; car_sh 9.5%; team rush 28.1; opp d_ypc 1.08; inside-10 car 0,1.0,
Kimani Vidal,LAC,DEN,RB,DEN@LAC,first_td,0.026285791847041846,3704,0.05545,0.06725,C,-,tgt_sh 4.0%; team att 32.3; opp DvP 1.03; RZ tgt 1; car_sh 9.5%; team rush 28.1; opp d_ypc 1.08; inside-10 car 0,1.0,
Kimani Vidal,LAC,DEN,RB,DEN@LAC,last_td,0.026285791847041846,3704,0.05545,0.06725,C,-,tgt_sh 4.0%; team att 32.3; opp DvP 1.03; RZ tgt 1; car_sh 9.5%; team rush 28.1; opp d_ypc 1.08; inside-10 car 0,1.0,
Kimani Vidal,LAC,DEN,RB,DEN@LAC,2plus_td,0.0078,12721,0.05545,0.06725,C,-,tgt_sh 4.0%; team att 32.3; opp DvP 1.03; RZ tgt 1; car_sh 9.5%; team rush 28.1; opp d_ypc 1.08; inside-10 car 0,1.0,
Jared Goff,DET,ARI,QB,DET@ARI,anytime_td,0.04945,1922,0.0508,0.0,B,-,team att 35.4; ypa 8.26; opp d_ypa 1.14; pass rate 60.5%,1.0,
Jared Goff,DET,ARI,QB,DET@ARI,first_td,0.008328108419358419,11908,0.0508,0.0,B,-,team att 35.4; ypa 8.26; opp d_ypa 1.14; pass rate 60.5%,1.0,
Jared Goff,DET,ARI,QB,DET@ARI,last_td,0.008328108419358419,11908,0.0508,0.0,B,-,team att 35.4; ypa 8.26; opp d_ypa 1.14; pass rate 60.5%,1.0,
Jared Goff,DET,ARI,QB,DET@ARI,2plus_td,0.00135,73974,0.0508,0.0,B,-,team att 35.4; ypa 8.26; opp d_ypa 1.14; pass rate 60.5%,1.0,
Jahmyr Gibbs,DET,ARI,RB,DET@ARI,anytime_td,0.75865,-314,0.97085,0.35805,B,-,tgt_sh 16.2%; team att 35.4; opp DvP 1.01; RZ tgt 6; car_sh 77.5%; team rush 24.4; opp d_ypc 1.00; inside-10 car 10,1.0,
Jahmyr Gibbs,DET,ARI,RB,DET@ARI,first_td,0.21513987762237757,365,0.97085,0.35805,B,-,tgt_sh 16.2%; team att 35.4; opp DvP 1.01; RZ tgt 6; car_sh 77.5%; team rush 24.4; opp d_ypc 1.00; inside-10 car 10,1.0,
Jahmyr Gibbs,DET,ARI,RB,DET@ARI,last_td,0.21513987762237757,365,0.97085,0.35805,B,-,tgt_sh 16.2%; team att 35.4; opp DvP 1.01; RZ tgt 6; car_sh 77.5%; team rush 24.4; opp d_ypc 1.00; inside-10 car 10,1.0,
Jahmyr Gibbs,DET,ARI,RB,DET@ARI,2plus_td,0.39135,156,0.97085,0.35805,B,-,tgt_sh 16.2%; team att 35.4; opp DvP 1.01; RZ tgt 6; car_sh 77.5%; team rush 24.4; opp d_ypc 1.00; inside-10 car 10,1.0,
Tom Kennedy,DET,ARI,WR,DET@ARI,anytime_td,0.0159,6189,0.0,0.01595,C,-,w_td 0.01; team TD 3.42,1.0,
Tom Kennedy,DET,ARI,WR,DET@ARI,first_td,0.0025606583694083697,38952,0.0,0.01595,C,-,w_td 0.01; team TD 3.42,1.0,
Tom Kennedy,DET,ARI,WR,DET@ARI,last_td,0.0025606583694083697,38952,0.0,0.01595,C,-,w_td 0.01; team TD 3.42,1.0,
Tom Kennedy,DET,ARI,WR,DET@ARI,2plus_td,5e-05,999900,0.0,0.01595,C,-,w_td 0.01; team TD 3.42,1.0,
Sam LaPorta,DET,ARI,TE,DET@ARI,anytime_td,0.43905,128,0.0,0.5604,B,-,tgt_sh 19.8%; team att 35.4; opp DvP 1.39; RZ tgt 9,1.0,
Sam LaPorta,DET,ARI,TE,DET@ARI,first_td,0.08982759046509048,1013,0.0,0.5604,B,-,tgt_sh 19.8%; team att 35.4; opp DvP 1.39; RZ tgt 9,1.0,
Sam LaPorta,DET,ARI,TE,DET@ARI,last_td,0.08982759046509048,1013,0.0,0.5604,B,-,tgt_sh 19.8%; team att 35.4; opp DvP 1.39; RZ tgt 9,1.0,
Sam LaPorta,DET,ARI,TE,DET@ARI,2plus_td,0.1043,859,0.0,0.5604,B,-,tgt_sh 19.8%; team att 35.4; opp DvP 1.39; RZ tgt 9,1.0,
Jackson Meeks,DET,ARI,WR,DET@ARI,anytime_td,0.0302,3211,0.0,0.0308,C,-,w_td 0.02; team TD 3.42,1.0,
Jackson Meeks,DET,ARI,WR,DET@ARI,first_td,0.004916260822510823,20241,0.0,0.0308,C,-,w_td 0.02; team TD 3.42,1.0,
Jackson Meeks,DET,ARI,WR,DET@ARI,last_td,0.004916260822510823,20241,0.0,0.0308,C,-,w_td 0.02; team TD 3.42,1.0,
Jackson Meeks,DET,ARI,WR,DET@ARI,2plus_td,0.0006,166567,0.0,0.0308,C,-,w_td 0.02; team TD 3.42,1.0,
Jacob Saylors,DET,ARI,RB,DET@ARI,anytime_td,0.0157,6269,0.00935,0.0064,C,-,w_td 0.01; team TD 3.42,1.0,
Jacob Saylors,DET,ARI,RB,DET@ARI,first_td,0.002591399711399711,38489,0.00935,0.0064,C,-,w_td 0.01; team TD 3.42,1.0,
Jacob Saylors,DET,ARI,RB,DET@ARI,last_td,0.002591399711399711,38489,0.00935,0.0064,C,-,w_td 0.01; team TD 3.42,1.0,
Jacob Saylors,DET,ARI,RB,DET@ARI,2plus_td,5e-05,999900,0.00935,0.0064,C,-,w_td 0.01; team TD 3.42,1.0,
Amon-Ra St. Brown,DET,ARI,WR,DET@ARI,anytime_td,0.506,-102,0.0,0.6787,B,-,tgt_sh 28.4%; team att 35.4; opp DvP 1.14; RZ tgt 12,1.0,
Amon-Ra St. Brown,DET,ARI,WR,DET@ARI,first_td,0.10928084179709181,815,0.0,0.6787,B,-,tgt_sh 28.4%; team att 35.4; opp DvP 1.14; RZ tgt 12,1.0,
Amon-Ra St. Brown,DET,ARI,WR,DET@ARI,last_td,0.10928084179709181,815,0.0,0.6787,B,-,tgt_sh 28.4%; team att 35.4; opp DvP 1.14; RZ tgt 12,1.0,
Amon-Ra St. Brown,DET,ARI,WR,DET@ARI,2plus_td,0.1453,588,0.0,0.6787,B,-,tgt_sh 28.4%; team att 35.4; opp DvP 1.14; RZ tgt 12,1.0,
Isaac TeSlaa,DET,ARI,WR,DET@ARI,anytime_td,0.16625,502,0.0,0.1795,C,-,tgt_sh 7.6%; team att 35.4; opp DvP 1.14; RZ tgt 3,1.0,
Isaac TeSlaa,DET,ARI,WR,DET@ARI,first_td,0.029001181734931738,3348,0.0,0.1795,C,-,tgt_sh 7.6%; team att 35.4; opp DvP 1.14; RZ tgt 3,1.0,
Isaac TeSlaa,DET,ARI,WR,DET@ARI,last_td,0.029001181734931738,3348,0.0,0.1795,C,-,tgt_sh 7.6%; team att 35.4; opp DvP 1.14; RZ tgt 3,1.0,
Isaac TeSlaa,DET,ARI,WR,DET@ARI,2plus_td,0.0125,7900,0.0,0.1795,C,-,tgt_sh 7.6%; team att 35.4; opp DvP 1.14; RZ tgt 3,1.0,
Sione Vaki,DET,ARI,RB,DET@ARI,anytime_td,0.14905,571,0.114,0.04605,C,-,car_sh 12.7%; team rush 24.4; opp d_ypc 1.00; inside-10 car 0,1.0,
Sione Vaki,DET,ARI,RB,DET@ARI,first_td,0.02612487692862693,3728,0.114,0.04605,C,-,car_sh 12.7%; team rush 24.4; opp d_ypc 1.00; inside-10 car 0,1.0,
Sione Vaki,DET,ARI,RB,DET@ARI,last_td,0.02612487692862693,3728,0.114,0.04605,C,-,car_sh 12.7%; team rush 24.4; opp d_ypc 1.00; inside-10 car 0,1.0,
Sione Vaki,DET,ARI,RB,DET@ARI,2plus_td,0.0106,9334,0.114,0.04605,C,-,car_sh 12.7%; team rush 24.4; opp d_ypc 1.00; inside-10 car 0,1.0,
Jameson Williams,DET,ARI,WR,DET@ARI,anytime_td,0.25055,299,0.0,0.2835,B,-,tgt_sh 15.8%; team att 35.4; opp DvP 1.14; RZ tgt 2,1.0,
Jameson Williams,DET,ARI,WR,DET@ARI,first_td,0.04533164474414474,2106,0.0,0.2835,B,-,tgt_sh 15.8%; team att 35.4; opp DvP 1.14; RZ tgt 2,1.0,
Jameson Williams,DET,ARI,WR,DET@ARI,last_td,0.04533164474414474,2106,0.0,0.2835,B,-,tgt_sh 15.8%; team att 35.4; opp DvP 1.14; RZ tgt 2,1.0,
Jameson Williams,DET,ARI,WR,DET@ARI,2plus_td,0.0302,3211,0.0,0.2835,B,-,tgt_sh 15.8%; team att 35.4; opp DvP 1.14; RZ tgt 2,1.0,
Brock Wright,DET,ARI,TE,DET@ARI,anytime_td,0.09335,971,0.0,0.0977,C,-,tgt_sh 4.5%; team att 35.4; opp DvP 1.39; RZ tgt 1,1.0,
Brock Wright,DET,ARI,TE,DET@ARI,first_td,0.015697016455766457,6271,0.0,0.0977,C,-,tgt_sh 4.5%; team att 35.4; opp DvP 1.39; RZ tgt 1,1.0,
Brock Wright,DET,ARI,TE,DET@ARI,last_td,0.015697016455766457,6271,0.0,0.0977,C,-,tgt_sh 4.5%; team att 35.4; opp DvP 1.39; RZ tgt 1,1.0,
Brock Wright,DET,ARI,TE,DET@ARI,2plus_td,0.0043,23156,0.0,0.0977,C,-,tgt_sh 4.5%; team att 35.4; opp DvP 1.39; RZ tgt 1,1.0,
Jacoby Brissett,ARI,DET,QB,DET@ARI,anytime_td,0.1292,674,0.13725,0.0,B,-,team att 37.4; ypa 6.53; opp d_ypa 1.07; pass rate 60.7%,1.0,
Jacoby Brissett,ARI,DET,QB,DET@ARI,first_td,0.02209569819069819,4426,0.13725,0.0,B,-,team att 37.4; ypa 6.53; opp d_ypa 1.07; pass rate 60.7%,1.0,
Jacoby Brissett,ARI,DET,QB,DET@ARI,last_td,0.02209569819069819,4426,0.13725,0.0,B,-,team att 37.4; ypa 6.53; opp d_ypa 1.07; pass rate 60.7%,1.0,
Jacoby Brissett,ARI,DET,QB,DET@ARI,2plus_td,0.0077,12887,0.13725,0.0,B,-,team att 37.4; ypa 6.53; opp d_ypa 1.07; pass rate 60.7%,1.0,
Tyler Allgeier,ARI,DET,RB,DET@ARI,anytime_td,0.2968,237,0.2559,0.08965,B,-,tgt_sh 5.1%; team att 37.4; opp DvP 0.90; RZ tgt 2; car_sh 27.0%; team rush 25.7; opp d_ypc 1.03; inside-10 car 3,1.0,
Tyler Allgeier,ARI,DET,RB,DET@ARI,first_td,0.055038253690753686,1717,0.2559,0.08965,B,-,tgt_sh 5.1%; team att 37.4; opp DvP 0.90; RZ tgt 2; car_sh 27.0%; team rush 25.7; opp d_ypc 1.03; inside-10 car 3,1.0,
Tyler Allgeier,ARI,DET,RB,DET@ARI,last_td,0.055038253690753686,1717,0.2559,0.08965,B,-,tgt_sh 5.1%; team att 37.4; opp DvP 0.90; RZ tgt 2; car_sh 27.0%; team rush 25.7; opp d_ypc 1.03; inside-10 car 3,1.0,
Tyler Allgeier,ARI,DET,RB,DET@ARI,2plus_td,0.04435,2155,0.2559,0.08965,B,-,tgt_sh 5.1%; team att 37.4; opp DvP 0.90; RZ tgt 2; car_sh 27.0%; team rush 25.7; opp d_ypc 1.03; inside-10 car 3,1.0,
Kendrick Bourne,ARI,DET,WR,DET@ARI,anytime_td,0.152,558,0.0,0.164,C,-,tgt_sh 10.4%; team att 37.4; opp DvP 1.07; RZ tgt 2,1.0,
Kendrick Bourne,ARI,DET,WR,DET@ARI,first_td,0.026338433372183376,3697,0.0,0.164,C,-,tgt_sh 10.4%; team att 37.4; opp DvP 1.07; RZ tgt 2,1.0,
Kendrick Bourne,ARI,DET,WR,DET@ARI,last_td,0.026338433372183376,3697,0.0,0.164,C,-,tgt_sh 10.4%; team att 37.4; opp DvP 1.07; RZ tgt 2,1.0,
Kendrick Bourne,ARI,DET,WR,DET@ARI,2plus_td,0.0115,8596,0.0,0.164,C,-,tgt_sh 10.4%; team att 37.4; opp DvP 1.07; RZ tgt 2,1.0,
Jalen Brooks,ARI,DET,WR,DET@ARI,anytime_td,0.018,5456,0.0,0.0181,C,-,w_td 0.01; team TD 2.58,1.0,
Jalen Brooks,ARI,DET,WR,DET@ARI,first_td,0.0028194642857142854,35368,0.0,0.0181,C,-,w_td 0.01; team TD 2.58,1.0,
Jalen Brooks,ARI,DET,WR,DET@ARI,last_td,0.0028194642857142854,35368,0.0,0.0181,C,-,w_td 0.01; team TD 2.58,1.0,
Jalen Brooks,ARI,DET,WR,DET@ARI,2plus_td,0.0001,999900,0.0,0.0181,C,-,w_td 0.01; team TD 2.58,1.0,
Marvin Harrison Jr.,ARI,DET,WR,DET@ARI,anytime_td,0.15845,531,0.0,0.17075,C,-,tgt_sh 11.7%; team att 37.4; opp DvP 1.07; RZ tgt 2,1.0,
Marvin Harrison Jr.,ARI,DET,WR,DET@ARI,first_td,0.027067177683427684,3595,0.0,0.17075,C,-,tgt_sh 11.7%; team att 37.4; opp DvP 1.07; RZ tgt 2,1.0,
Marvin Harrison Jr.,ARI,DET,WR,DET@ARI,last_td,0.027067177683427684,3595,0.0,0.17075,C,-,tgt_sh 11.7%; team att 37.4; opp DvP 1.07; RZ tgt 2,1.0,
Marvin Harrison Jr.,ARI,DET,WR,DET@ARI,2plus_td,0.0116,8521,0.0,0.17075,C,-,tgt_sh 11.7%; team att 37.4; opp DvP 1.07; RZ tgt 2,1.0,
Elijah Higgins,ARI,DET,TE,DET@ARI,anytime_td,0.0659,1417,0.0,0.0678,C,-,tgt_sh 4.1%; team att 37.4; opp DvP 1.13; RZ tgt 1,1.0,
Elijah Higgins,ARI,DET,TE,DET@ARI,first_td,0.010785527111777111,9172,0.0,0.0678,C,-,tgt_sh 4.1%; team att 37.4; opp DvP 1.13; RZ tgt 1,1.0,
Elijah Higgins,ARI,DET,TE,DET@ARI,last_td,0.010785527111777111,9172,0.0,0.0678,C,-,tgt_sh 4.1%; team att 37.4; opp DvP 1.13; RZ tgt 1,1.0,
Elijah Higgins,ARI,DET,TE,DET@ARI,2plus_td,0.0019,52532,0.0,0.0678,C,-,tgt_sh 4.1%; team att 37.4; opp DvP 1.13; RZ tgt 1,1.0,
Bam Knight,ARI,DET,RB,DET@ARI,anytime_td,0.08555,1069,0.0637,0.0257,C,-,w_td 0.08; team TD 2.58,1.0,
Bam Knight,ARI,DET,RB,DET@ARI,first_td,0.014242702852702854,6921,0.0637,0.0257,C,-,w_td 0.08; team TD 2.58,1.0,
Bam Knight,ARI,DET,RB,DET@ARI,last_td,0.014242702852702854,6921,0.0637,0.0257,C,-,w_td 0.08; team TD 2.58,1.0,
Bam Knight,ARI,DET,RB,DET@ARI,2plus_td,0.0037,26927,0.0637,0.0257,C,-,w_td 0.08; team TD 2.58,1.0,
Jeremiyah Love,ARI,DET,RB,DET@ARI,anytime_td,0.4599,117,0.44545,0.1485,B,-,tgt_sh 8.8%; team att 37.4; opp DvP 0.90; RZ tgt 3; car_sh 50.9%; team rush 25.7; opp d_ypc 1.03; inside-10 car 4,1.0,
Jeremiyah Love,ARI,DET,RB,DET@ARI,first_td,0.09499642746142746,953,0.44545,0.1485,B,-,tgt_sh 8.8%; team att 37.4; opp DvP 0.90; RZ tgt 3; car_sh 50.9%; team rush 25.7; opp d_ypc 1.03; inside-10 car 4,1.0,
Jeremiyah Love,ARI,DET,RB,DET@ARI,last_td,0.09499642746142746,953,0.44545,0.1485,B,-,tgt_sh 8.8%; team att 37.4; opp DvP 0.90; RZ tgt 3; car_sh 50.9%; team rush 25.7; opp d_ypc 1.03; inside-10 car 4,1.0,
Jeremiyah Love,ARI,DET,RB,DET@ARI,2plus_td,0.11415,776,0.44545,0.1485,B,-,tgt_sh 8.8%; team att 37.4; opp DvP 0.90; RZ tgt 3; car_sh 50.9%; team rush 25.7; opp d_ypc 1.03; inside-10 car 4,1.0,
Trey McBride,ARI,DET,TE,DET@ARI,anytime_td,0.42235,137,0.0,0.5334,B,-,tgt_sh 29.2%; team att 37.4; opp DvP 1.13; RZ tgt 9,1.0,
Trey McBride,ARI,DET,TE,DET@ARI,first_td,0.08448912587412587,1084,0.0,0.5334,B,-,tgt_sh 29.2%; team att 37.4; opp DvP 1.13; RZ tgt 9,1.0,
Trey McBride,ARI,DET,TE,DET@ARI,last_td,0.08448912587412587,1084,0.0,0.5334,B,-,tgt_sh 29.2%; team att 37.4; opp DvP 1.13; RZ tgt 9,1.0,
Trey McBride,ARI,DET,TE,DET@ARI,2plus_td,0.0973,928,0.0,0.5334,B,-,tgt_sh 29.2%; team att 37.4; opp DvP 1.13; RZ tgt 9,1.0,
Michael Wilson,ARI,DET,WR,DET@ARI,anytime_td,0.35835,179,0.0,0.43415,B,-,tgt_sh 22.0%; team att 37.4; opp DvP 1.07; RZ tgt 9,1.0,
Michael Wilson,ARI,DET,WR,DET@ARI,first_td,0.06837433261183261,1363,0.0,0.43415,B,-,tgt_sh 22.0%; team att 37.4; opp DvP 1.07; RZ tgt 9,1.0,
Michael Wilson,ARI,DET,WR,DET@ARI,last_td,0.06837433261183261,1363,0.0,0.43415,B,-,tgt_sh 22.0%; team att 37.4; opp DvP 1.07; RZ tgt 9,1.0,
Michael Wilson,ARI,DET,WR,DET@ARI,2plus_td,0.0668,1397,0.0,0.43415,B,-,tgt_sh 22.0%; team att 37.4; opp DvP 1.07; RZ tgt 9,1.0,
Brock Purdy,SF,SEA,QB,SF@SEA,anytime_td,0.0827,1109,0.08535,0.0,B,-,team att 30.8; ypa 6.99; opp d_ypa 0.86; pass rate 52.3%,1.0,
Brock Purdy,SF,SEA,QB,SF@SEA,first_td,0.01608545274170274,6117,0.08535,0.0,B,-,team att 30.8; ypa 6.99; opp d_ypa 0.86; pass rate 52.3%,1.0,
Brock Purdy,SF,SEA,QB,SF@SEA,last_td,0.01608545274170274,6117,0.08535,0.0,B,-,team att 30.8; ypa 6.99; opp d_ypa 0.86; pass rate 52.3%,1.0,
Brock Purdy,SF,SEA,QB,SF@SEA,2plus_td,0.0026,38362,0.08535,0.0,B,-,team att 30.8; ypa 6.99; opp d_ypa 0.86; pass rate 52.3%,1.0,
Kaelon Black,SF,SEA,RB,SF@SEA,anytime_td,0.1498,568,0.1434,0.0175,B,-,car_sh 23.5%; team rush 28.9; opp d_ypc 0.93; inside-10 car 1,1.0,
Kaelon Black,SF,SEA,RB,SF@SEA,first_td,0.030588316405816402,3169,0.1434,0.0175,B,-,car_sh 23.5%; team rush 28.9; opp d_ypc 0.93; inside-10 car 1,1.0,
Kaelon Black,SF,SEA,RB,SF@SEA,last_td,0.030588316405816402,3169,0.1434,0.0175,B,-,car_sh 23.5%; team rush 28.9; opp d_ypc 0.93; inside-10 car 1,1.0,
Kaelon Black,SF,SEA,RB,SF@SEA,2plus_td,0.0107,9246,0.1434,0.0175,B,-,car_sh 23.5%; team rush 28.9; opp d_ypc 0.93; inside-10 car 1,1.0,
Brandin Cooks,SF,SEA,WR,SF@SEA,anytime_td,0.05535,1707,0.0,0.0568,C,-,tgt_sh 4.3%; team att 30.8; opp DvP 0.94; RZ tgt 0,1.0,
Brandin Cooks,SF,SEA,WR,SF@SEA,first_td,0.010627235403485404,9310,0.0,0.0568,C,-,tgt_sh 4.3%; team att 30.8; opp DvP 0.94; RZ tgt 0,1.0,
Brandin Cooks,SF,SEA,WR,SF@SEA,last_td,0.010627235403485404,9310,0.0,0.0568,C,-,tgt_sh 4.3%; team att 30.8; opp DvP 0.94; RZ tgt 0,1.0,
Brandin Cooks,SF,SEA,WR,SF@SEA,2plus_td,0.00145,68866,0.0,0.0568,C,-,tgt_sh 4.3%; team att 30.8; opp DvP 0.94; RZ tgt 0,1.0,
Jacob Cowing,SF,SEA,WR,SF@SEA,anytime_td,0.02925,3319,0.0029,0.02675,C,-,w_td 0.02; team TD 2.33,1.0,
Jacob Cowing,SF,SEA,WR,SF@SEA,first_td,0.005552513736263736,17910,0.0029,0.02675,C,-,w_td 0.02; team TD 2.33,1.0,
Jacob Cowing,SF,SEA,WR,SF@SEA,last_td,0.005552513736263736,17910,0.0029,0.02675,C,-,w_td 0.02; team TD 2.33,1.0,
Jacob Cowing,SF,SEA,WR,SF@SEA,2plus_td,0.0004,249900,0.0029,0.02675,C,-,w_td 0.02; team TD 2.33,1.0,
Mike Evans,SF,SEA,WR,SF@SEA,anytime_td,0.29295,241,0.0,0.3456,B,-,tgt_sh 19.6%; team att 30.8; opp DvP 0.94; RZ tgt 4,1.0,
Mike Evans,SF,SEA,WR,SF@SEA,first_td,0.06499276001776003,1439,0.0,0.3456,B,-,tgt_sh 19.6%; team att 30.8; opp DvP 0.94; RZ tgt 4,1.0,
Mike Evans,SF,SEA,WR,SF@SEA,last_td,0.06499276001776003,1439,0.0,0.3456,B,-,tgt_sh 19.6%; team att 30.8; opp DvP 0.94; RZ tgt 4,1.0,
Mike Evans,SF,SEA,WR,SF@SEA,2plus_td,0.04805,1981,0.0,0.3456,B,-,tgt_sh 19.6%; team att 30.8; opp DvP 0.94; RZ tgt 4,1.0,
Luke Farrell,SF,SEA,TE,SF@SEA,anytime_td,0.0236,4137,0.0,0.0239,C,-,w_td 0.02; team TD 2.33,1.0,
Luke Farrell,SF,SEA,TE,SF@SEA,first_td,0.004515782828282828,22045,0.0,0.0239,C,-,w_td 0.02; team TD 2.33,1.0,
Luke Farrell,SF,SEA,TE,SF@SEA,last_td,0.004515782828282828,22045,0.0,0.0239,C,-,w_td 0.02; team TD 2.33,1.0,
Luke Farrell,SF,SEA,TE,SF@SEA,2plus_td,0.0003,333233,0.0,0.0239,C,-,w_td 0.02; team TD 2.33,1.0,
Jordan James,SF,SEA,RB,SF@SEA,anytime_td,0.0468,2037,0.04145,0.00635,C,-,w_td 0.06; team TD 2.33,1.0,
Jordan James,SF,SEA,RB,SF@SEA,first_td,0.009173672993672994,10801,0.04145,0.00635,C,-,w_td 0.06; team TD 2.33,1.0,
Jordan James,SF,SEA,RB,SF@SEA,last_td,0.009173672993672994,10801,0.04145,0.00635,C,-,w_td 0.06; team TD 2.33,1.0,
Jordan James,SF,SEA,RB,SF@SEA,2plus_td,0.001,99900,0.04145,0.00635,C,-,w_td 0.06; team TD 2.33,1.0,
Kyle Juszczyk,SF,SEA,RB,SF@SEA,anytime_td,0.11385,778,0.0,0.1196,C,-,tgt_sh 4.8%; team att 30.8; opp DvP 1.05; RZ tgt 2,1.0,
Kyle Juszczyk,SF,SEA,RB,SF@SEA,first_td,0.02268703934953935,4308,0.0,0.1196,C,-,tgt_sh 4.8%; team att 30.8; opp DvP 1.05; RZ tgt 2,1.0,
Kyle Juszczyk,SF,SEA,RB,SF@SEA,last_td,0.02268703934953935,4308,0.0,0.1196,C,-,tgt_sh 4.8%; team att 30.8; opp DvP 1.05; RZ tgt 2,1.0,
Kyle Juszczyk,SF,SEA,RB,SF@SEA,2plus_td,0.0056,17757,0.0,0.1196,C,-,tgt_sh 4.8%; team att 30.8; opp DvP 1.05; RZ tgt 2,1.0,
George Kittle,SF,SEA,TE,SF@SEA,anytime_td,0.3004,233,0.0,0.3514,B,-,tgt_sh 18.9%; team att 30.8; opp DvP 0.88; RZ tgt 5,1.0,
George Kittle,SF,SEA,TE,SF@SEA,first_td,0.06584161879786879,1419,0.0,0.3514,B,-,tgt_sh 18.9%; team att 30.8; opp DvP 0.88; RZ tgt 5,1.0,
George Kittle,SF,SEA,TE,SF@SEA,last_td,0.06584161879786879,1419,0.0,0.3514,B,-,tgt_sh 18.9%; team att 30.8; opp DvP 0.88; RZ tgt 5,1.0,
George Kittle,SF,SEA,TE,SF@SEA,2plus_td,0.04665,2044,0.0,0.3514,B,-,tgt_sh 18.9%; team att 30.8; opp DvP 0.88; RZ tgt 5,1.0,
Christian McCaffrey,SF,SEA,RB,SF@SEA,anytime_td,0.4962,102,0.3611,0.30445,B,-,tgt_sh 17.1%; team att 30.8; opp DvP 1.05; RZ tgt 3; car_sh 43.4%; team rush 28.9; opp d_ypc 0.93; inside-10 car 9,1.0,
Christian McCaffrey,SF,SEA,RB,SF@SEA,first_td,0.12681284798534798,689,0.3611,0.30445,B,-,tgt_sh 17.1%; team att 30.8; opp DvP 1.05; RZ tgt 3; car_sh 43.4%; team rush 28.9; opp d_ypc 0.93; inside-10 car 9,1.0,
Christian McCaffrey,SF,SEA,RB,SF@SEA,last_td,0.12681284798534798,689,0.3611,0.30445,B,-,tgt_sh 17.1%; team att 30.8; opp DvP 1.05; RZ tgt 3; car_sh 43.4%; team rush 28.9; opp d_ypc 0.93; inside-10 car 9,1.0,
Christian McCaffrey,SF,SEA,RB,SF@SEA,2plus_td,0.13945,617,0.3611,0.30445,B,-,tgt_sh 17.1%; team att 30.8; opp DvP 1.05; RZ tgt 3; car_sh 43.4%; team rush 28.9; opp d_ypc 0.93; inside-10 car 9,1.0,
Deebo Samuel Sr.,SF,SEA,WR,SF@SEA,anytime_td,0.2818,255,0.0167,0.3111,B,-,tgt_sh 14.9%; team att 30.8; opp DvP 0.94; RZ tgt 5,1.0,
Deebo Samuel Sr.,SF,SEA,WR,SF@SEA,first_td,0.061378873071373075,1529,0.0167,0.3111,B,-,tgt_sh 14.9%; team att 30.8; opp DvP 0.94; RZ tgt 5,1.0,
Deebo Samuel Sr.,SF,SEA,WR,SF@SEA,last_td,0.061378873071373075,1529,0.0167,0.3111,B,-,tgt_sh 14.9%; team att 30.8; opp DvP 0.94; RZ tgt 5,1.0,
Deebo Samuel Sr.,SF,SEA,WR,SF@SEA,2plus_td,0.04185,2289,0.0167,0.3111,B,-,tgt_sh 14.9%; team att 30.8; opp DvP 0.94; RZ tgt 5,1.0,
Jordan Watkins,SF,SEA,WR,SF@SEA,anytime_td,0.0449,2127,0.0,0.0461,C,-,w_td 0.03; team TD 2.33,1.0,
Jordan Watkins,SF,SEA,WR,SF@SEA,first_td,0.008293203463203462,11958,0.0,0.0461,C,-,w_td 0.03; team TD 2.33,1.0,
Jordan Watkins,SF,SEA,WR,SF@SEA,last_td,0.008293203463203462,11958,0.0,0.0461,C,-,w_td 0.03; team TD 2.33,1.0,
Jordan Watkins,SF,SEA,WR,SF@SEA,2plus_td,0.0011,90809,0.0,0.0461,C,-,w_td 0.03; team TD 2.33,1.0,
Sam Darnold,SEA,SF,QB,SF@SEA,anytime_td,0.05755,1638,0.0596,0.0,B,-,team att 31.2; ypa 7.13; opp d_ypa 0.90; pass rate 52.9%,1.0,
Sam Darnold,SEA,SF,QB,SF@SEA,first_td,0.011409366883116882,8665,0.0596,0.0,B,-,team att 31.2; ypa 7.13; opp d_ypa 0.90; pass rate 52.9%,1.0,
Sam Darnold,SEA,SF,QB,SF@SEA,last_td,0.011409366883116882,8665,0.0596,0.0,B,-,team att 31.2; ypa 7.13; opp d_ypa 0.90; pass rate 52.9%,1.0,
Sam Darnold,SEA,SF,QB,SF@SEA,2plus_td,0.00195,51182,0.0596,0.0,B,-,team att 31.2; ypa 7.13; opp d_ypa 0.90; pass rate 52.9%,1.0,
Elijah Arroyo,SEA,SF,TE,SF@SEA,anytime_td,0.0404,2375,0.0,0.0412,C,-,w_td 0.02; team TD 2.72,1.0,
Elijah Arroyo,SEA,SF,TE,SF@SEA,first_td,0.007807042402042401,12709,0.0,0.0412,C,-,w_td 0.02; team TD 2.72,1.0,
Elijah Arroyo,SEA,SF,TE,SF@SEA,last_td,0.007807042402042401,12709,0.0,0.0412,C,-,w_td 0.02; team TD 2.72,1.0,
Elijah Arroyo,SEA,SF,TE,SF@SEA,2plus_td,0.0008,124900,0.0,0.0412,C,-,w_td 0.02; team TD 2.72,1.0,
AJ Barner,SEA,SF,TE,SF@SEA,anytime_td,0.3023,231,0.0219,0.33335,B,-,tgt_sh 13.4%; team att 31.2; opp DvP 0.92; RZ tgt 5,1.0,
AJ Barner,SEA,SF,TE,SF@SEA,first_td,0.06721996905871905,1388,0.0219,0.33335,B,-,tgt_sh 13.4%; team att 31.2; opp DvP 0.92; RZ tgt 5,1.0,
AJ Barner,SEA,SF,TE,SF@SEA,last_td,0.06721996905871905,1388,0.0219,0.33335,B,-,tgt_sh 13.4%; team att 31.2; opp DvP 0.92; RZ tgt 5,1.0,
AJ Barner,SEA,SF,TE,SF@SEA,2plus_td,0.04715,2021,0.0219,0.33335,B,-,tgt_sh 13.4%; team att 31.2; opp DvP 0.92; RZ tgt 5,1.0,
George Holani,SEA,SF,RB,SF@SEA,anytime_td,0.26465,278,0.20065,0.10045,B,-,tgt_sh 4.7%; team att 31.2; opp DvP 0.98; RZ tgt 1; car_sh 17.8%; team rush 29.2; opp d_ypc 0.94; inside-10 car 3,1.0,
George Holani,SEA,SF,RB,SF@SEA,first_td,0.057631700105450094,1635,0.20065,0.10045,B,-,tgt_sh 4.7%; team att 31.2; opp DvP 0.98; RZ tgt 1; car_sh 17.8%; team rush 29.2; opp d_ypc 0.94; inside-10 car 3,1.0,
George Holani,SEA,SF,RB,SF@SEA,last_td,0.057631700105450094,1635,0.20065,0.10045,B,-,tgt_sh 4.7%; team att 31.2; opp DvP 0.98; RZ tgt 1; car_sh 17.8%; team rush 29.2; opp d_ypc 0.94; inside-10 car 3,1.0,
George Holani,SEA,SF,RB,SF@SEA,2plus_td,0.03345,2890,0.20065,0.10045,B,-,tgt_sh 4.7%; team att 31.2; opp DvP 0.98; RZ tgt 1; car_sh 17.8%; team rush 29.2; opp d_ypc 0.94; inside-10 car 3,1.0,
Tory Horton,SEA,SF,WR,SF@SEA,anytime_td,0.10755,830,0.0,0.11265,C,-,tgt_sh 6.1%; team att 31.2; opp DvP 0.88; RZ tgt 1,1.0,
Tory Horton,SEA,SF,WR,SF@SEA,first_td,0.021388446830946827,4575,0.0,0.11265,C,-,tgt_sh 6.1%; team att 31.2; opp DvP 0.88; RZ tgt 1,1.0,
Tory Horton,SEA,SF,WR,SF@SEA,last_td,0.021388446830946827,4575,0.0,0.11265,C,-,tgt_sh 6.1%; team att 31.2; opp DvP 0.88; RZ tgt 1,1.0,
Tory Horton,SEA,SF,WR,SF@SEA,2plus_td,0.00495,20102,0.0,0.11265,C,-,tgt_sh 6.1%; team att 31.2; opp DvP 0.88; RZ tgt 1,1.0,
Cooper Kupp,SEA,SF,WR,SF@SEA,anytime_td,0.172,481,0.0,0.18645,C,-,tgt_sh 11.6%; team att 31.2; opp DvP 0.88; RZ tgt 1,1.0,
Cooper Kupp,SEA,SF,WR,SF@SEA,first_td,0.03567130577755578,2703,0.0,0.18645,C,-,tgt_sh 11.6%; team att 31.2; opp DvP 0.88; RZ tgt 1,1.0,
Cooper Kupp,SEA,SF,WR,SF@SEA,last_td,0.03567130577755578,2703,0.0,0.18645,C,-,tgt_sh 11.6%; team att 31.2; opp DvP 0.88; RZ tgt 1,1.0,
Cooper Kupp,SEA,SF,WR,SF@SEA,2plus_td,0.0135,7307,0.0,0.18645,C,-,tgt_sh 11.6%; team att 31.2; opp DvP 0.88; RZ tgt 1,1.0,
Brady Russell,SEA,SF,RB,SF@SEA,anytime_td,0.0224,4364,0.0,0.0226,C,-,w_td 0.01; team TD 2.72,1.0,
Brady Russell,SEA,SF,RB,SF@SEA,first_td,0.00446113455988456,22316,0.0,0.0226,C,-,w_td 0.01; team TD 2.72,1.0,
Brady Russell,SEA,SF,RB,SF@SEA,last_td,0.00446113455988456,22316,0.0,0.0226,C,-,w_td 0.01; team TD 2.72,1.0,
Brady Russell,SEA,SF,RB,SF@SEA,2plus_td,0.0002,499900,0.0,0.0226,C,-,w_td 0.01; team TD 2.72,1.0,
Eric Saubert,SEA,SF,TE,SF@SEA,anytime_td,0.08125,1131,0.0,0.08395,C,-,w_td 0.04; team TD 2.72,1.0,
Eric Saubert,SEA,SF,TE,SF@SEA,first_td,0.015646650987900988,6291,0.0,0.08395,C,-,w_td 0.04; team TD 2.72,1.0,
Eric Saubert,SEA,SF,TE,SF@SEA,last_td,0.015646650987900988,6291,0.0,0.08395,C,-,w_td 0.04; team TD 2.72,1.0,
Eric Saubert,SEA,SF,TE,SF@SEA,2plus_td,0.0026,38362,0.0,0.08395,C,-,w_td 0.04; team TD 2.72,1.0,
Rashid Shaheed,SEA,SF,WR,SF@SEA,anytime_td,0.18775,433,0.0092,0.1989,B,-,tgt_sh 13.8%; team att 31.2; opp DvP 0.88; RZ tgt 0,1.0,
Rashid Shaheed,SEA,SF,WR,SF@SEA,first_td,0.03922625152625152,2449,0.0092,0.1989,B,-,tgt_sh 13.8%; team att 31.2; opp DvP 0.88; RZ tgt 0,1.0,
Rashid Shaheed,SEA,SF,WR,SF@SEA,last_td,0.03922625152625152,2449,0.0092,0.1989,B,-,tgt_sh 13.8%; team att 31.2; opp DvP 0.88; RZ tgt 0,1.0,
Rashid Shaheed,SEA,SF,WR,SF@SEA,2plus_td,0.019,5163,0.0092,0.1989,B,-,tgt_sh 13.8%; team att 31.2; opp DvP 0.88; RZ tgt 0,1.0,
Jaxon Smith-Njigba,SEA,SF,WR,SF@SEA,anytime_td,0.51635,-107,0.0,0.70195,B,-,tgt_sh 31.2%; team att 31.2; opp DvP 0.88; RZ tgt 10,1.0,
Jaxon Smith-Njigba,SEA,SF,WR,SF@SEA,first_td,0.1326381492118992,654,0.0,0.70195,B,-,tgt_sh 31.2%; team att 31.2; opp DvP 0.88; RZ tgt 10,1.0,
Jaxon Smith-Njigba,SEA,SF,WR,SF@SEA,last_td,0.1326381492118992,654,0.0,0.70195,B,-,tgt_sh 31.2%; team att 31.2; opp DvP 0.88; RZ tgt 10,1.0,
Jaxon Smith-Njigba,SEA,SF,WR,SF@SEA,2plus_td,0.1532,553,0.0,0.70195,B,-,tgt_sh 31.2%; team att 31.2; opp DvP 0.88; RZ tgt 10,1.0,
Emanuel Wilson,SEA,SF,RB,SF@SEA,anytime_td,0.44765,123,0.4862,0.0965,B,-,tgt_sh 4.3%; team att 31.2; opp DvP 0.98; RZ tgt 1; car_sh 38.5%; team rush 29.2; opp d_ypc 0.94; inside-10 car 9,1.0,
Emanuel Wilson,SEA,SF,RB,SF@SEA,first_td,0.11066869075369078,804,0.4862,0.0965,B,-,tgt_sh 4.3%; team att 31.2; opp DvP 0.98; RZ tgt 1; car_sh 38.5%; team rush 29.2; opp d_ypc 0.94; inside-10 car 9,1.0,
Emanuel Wilson,SEA,SF,RB,SF@SEA,last_td,0.11066869075369078,804,0.4862,0.0965,B,-,tgt_sh 4.3%; team att 31.2; opp DvP 0.98; RZ tgt 1; car_sh 38.5%; team rush 29.2; opp d_ypc 0.94; inside-10 car 9,1.0,
Emanuel Wilson,SEA,SF,RB,SF@SEA,2plus_td,0.11555,765,0.4862,0.0965,B,-,tgt_sh 4.3%; team att 31.2; opp DvP 0.98; RZ tgt 1; car_sh 38.5%; team rush 29.2; opp d_ypc 0.94; inside-10 car 9,1.0,
Lamar Jackson,BAL,ATL,QB,BAL@ATL,anytime_td,0.11261284235222115,788,0.11909012087519763,0.0,B,no game designation yet (DNP),team att 29.4; ypa 7.79; opp d_ypa 0.92; pass rate 50.2%,0.98,
Lamar Jackson,BAL,ATL,QB,BAL@ATL,first_td,0.024182820488986654,4035,0.11909012087519763,0.0,B,no game designation yet (DNP),team att 29.4; ypa 7.79; opp d_ypa 0.92; pass rate 50.2%,0.98,
Lamar Jackson,BAL,ATL,QB,BAL@ATL,last_td,0.024182820488986654,4035,0.11909012087519763,0.0,B,no game designation yet (DNP),team att 29.4; ypa 7.79; opp d_ypa 0.92; pass rate 50.2%,0.98,
Lamar Jackson,BAL,ATL,QB,BAL@ATL,2plus_td,0.006426276329882185,15461,0.11909012087519763,0.0,B,no game designation yet (DNP),team att 29.4; ypa 7.79; opp d_ypa 0.92; pass rate 50.2%,0.98,
Rasheen Ali,BAL,ATL,RB,BAL@ATL,anytime_td,0.026,3746,0.01025,0.0162,C,-,w_td 0.02; team TD 2.08,1.0,
Rasheen Ali,BAL,ATL,RB,BAL@ATL,first_td,0.005279249639249639,18842,0.01025,0.0162,C,-,w_td 0.02; team TD 2.08,1.0,
Rasheen Ali,BAL,ATL,RB,BAL@ATL,last_td,0.005279249639249639,18842,0.01025,0.0162,C,-,w_td 0.02; team TD 2.08,1.0,
Rasheen Ali,BAL,ATL,RB,BAL@ATL,2plus_td,0.00045,222122,0.01025,0.0162,C,-,w_td 0.02; team TD 2.08,1.0,
Mark Andrews,BAL,ATL,TE,BAL@ATL,anytime_td,0.23137934657001785,332,0.0,0.26068914801974996,B,no game designation yet (Full),tgt_sh 18.9%; team att 29.4; opp DvP 0.92; RZ tgt 3,0.9479829842591244,
Mark Andrews,BAL,ATL,TE,BAL@ATL,first_td,0.05352661164983888,1768,0.0,0.26068914801974996,B,no game designation yet (Full),tgt_sh 18.9%; team att 29.4; opp DvP 0.92; RZ tgt 3,0.9479829842591244,
Mark Andrews,BAL,ATL,TE,BAL@ATL,last_td,0.05352661164983888,1768,0.0,0.26068914801974996,B,no game designation yet (Full),tgt_sh 18.9%; team att 29.4; opp DvP 0.92; RZ tgt 3,0.9479829842591244,
Mark Andrews,BAL,ATL,TE,BAL@ATL,2plus_td,0.027891585250551527,3485,0.0,0.26068914801974996,B,no game designation yet (Full),tgt_sh 18.9%; team att 29.4; opp DvP 0.92; RZ tgt 3,0.9479829842591244,
Rashod Bateman,BAL,ATL,WR,BAL@ATL,anytime_td,0.1553732824826289,544,0.0,0.16874771433049474,C,no game designation yet (Limited),tgt_sh 11.3%; team att 29.4; opp DvP 1.07; RZ tgt 2,0.9575230478992892,
Rashod Bateman,BAL,ATL,WR,BAL@ATL,first_td,0.034406277043809046,2806,0.0,0.16874771433049474,C,no game designation yet (Limited),tgt_sh 11.3%; team att 29.4; opp DvP 1.07; RZ tgt 2,0.9575230478992892,
Rashod Bateman,BAL,ATL,WR,BAL@ATL,last_td,0.034406277043809046,2806,0.0,0.16874771433049474,C,no game designation yet (Limited),tgt_sh 11.3%; team att 29.4; opp DvP 1.07; RZ tgt 2,0.9575230478992892,
Rashod Bateman,BAL,ATL,WR,BAL@ATL,2plus_td,0.012904236978214304,7649,0.0,0.16874771433049474,C,no game designation yet (Limited),tgt_sh 11.3%; team att 29.4; opp DvP 1.07; RZ tgt 2,0.9575230478992892,
Zay Flowers,BAL,ATL,WR,BAL@ATL,anytime_td,0.3102042948952401,222,0.004806938711531428,0.3596321646899002,B,no game designation yet (Limited),tgt_sh 24.4%; team att 29.4; opp DvP 1.07; RZ tgt 4,0.9575230478992892,
Zay Flowers,BAL,ATL,WR,BAL@ATL,first_td,0.07509738666277671,1232,0.004806938711531428,0.3596321646899002,B,no game designation yet (Limited),tgt_sh 24.4%; team att 29.4; opp DvP 1.07; RZ tgt 4,0.9575230478992892,
Zay Flowers,BAL,ATL,WR,BAL@ATL,last_td,0.07509738666277671,1232,0.004806938711531428,0.3596321646899002,B,no game designation yet (Limited),tgt_sh 24.4%; team att 29.4; opp DvP 1.07; RZ tgt 4,0.9575230478992892,
Zay Flowers,BAL,ATL,WR,BAL@ATL,2plus_td,0.049218872459376145,1932,0.004806938711531428,0.3596321646899002,B,no game designation yet (Limited),tgt_sh 24.4%; team att 29.4; opp DvP 1.07; RZ tgt 4,0.9575230478992892,
Derrick Henry,BAL,ATL,RB,BAL@ATL,anytime_td,0.5202,-108,0.6598,0.0483,B,-,tgt_sh 4.8%; team att 29.4; opp DvP 0.95; RZ tgt 0; car_sh 61.0%; team rush 30.8; opp d_ypc 0.85; inside-10 car 17,1.0,
Derrick Henry,BAL,ATL,RB,BAL@ATL,first_td,0.14540588772338772,588,0.6598,0.0483,B,-,tgt_sh 4.8%; team att 29.4; opp DvP 0.95; RZ tgt 0; car_sh 61.0%; team rush 30.8; opp d_ypc 0.85; inside-10 car 17,1.0,
Derrick Henry,BAL,ATL,RB,BAL@ATL,last_td,0.14540588772338772,588,0.6598,0.0483,B,-,tgt_sh 4.8%; team att 29.4; opp DvP 0.95; RZ tgt 0; car_sh 61.0%; team rush 30.8; opp d_ypc 0.85; inside-10 car 17,1.0,
Derrick Henry,BAL,ATL,RB,BAL@ATL,2plus_td,0.15435,548,0.6598,0.0483,B,-,tgt_sh 4.8%; team att 29.4; opp DvP 0.95; RZ tgt 0; car_sh 61.0%; team rush 30.8; opp d_ypc 0.85; inside-10 car 17,1.0,
Matthew Hibner,BAL,ATL,TE,BAL@ATL,anytime_td,0.05405,1750,0.0,0.0551,C,-,w_td 0.04; team TD 2.08,1.0,
Matthew Hibner,BAL,ATL,TE,BAL@ATL,first_td,0.011303882228882229,8747,0.0,0.0551,C,-,w_td 0.04; team TD 2.08,1.0,
Matthew Hibner,BAL,ATL,TE,BAL@ATL,last_td,0.011303882228882229,8747,0.0,0.0551,C,-,w_td 0.04; team TD 2.08,1.0,
Matthew Hibner,BAL,ATL,TE,BAL@ATL,2plus_td,0.00105,95138,0.0,0.0551,C,-,w_td 0.04; team TD 2.08,1.0,
Justice Hill,BAL,ATL,RB,BAL@ATL,anytime_td,0.11785,749,0.06505,0.05905,B,-,tgt_sh 5.5%; team att 29.4; opp DvP 0.95; RZ tgt 0; car_sh 9.5%; team rush 30.8; opp d_ypc 0.85; inside-10 car 0,1.0,
Justice Hill,BAL,ATL,RB,BAL@ATL,first_td,0.02588876678876679,3763,0.06505,0.05905,B,-,tgt_sh 5.5%; team att 29.4; opp DvP 0.95; RZ tgt 0; car_sh 9.5%; team rush 30.8; opp d_ypc 0.85; inside-10 car 0,1.0,
Justice Hill,BAL,ATL,RB,BAL@ATL,last_td,0.02588876678876679,3763,0.06505,0.05905,B,-,tgt_sh 5.5%; team att 29.4; opp DvP 0.95; RZ tgt 0; car_sh 9.5%; team rush 30.8; opp d_ypc 0.85; inside-10 car 0,1.0,
Justice Hill,BAL,ATL,RB,BAL@ATL,2plus_td,0.00615,16160,0.06505,0.05905,B,-,tgt_sh 5.5%; team att 29.4; opp DvP 0.95; RZ tgt 0; car_sh 9.5%; team rush 30.8; opp d_ypc 0.85; inside-10 car 0,1.0,
Chris Moore,BAL,ATL,WR,BAL@ATL,anytime_td,0.09912551709692621,909,0.0,0.10410012043776509,C,no game designation yet (Limited),tgt_sh 6.8%; team att 29.4; opp DvP 1.07; RZ tgt 1,0.9575230478992892,
Chris Moore,BAL,ATL,WR,BAL@ATL,first_td,0.021140109040040964,4630,0.0,0.10410012043776509,C,no game designation yet (Limited),tgt_sh 6.8%; team att 29.4; opp DvP 1.07; RZ tgt 1,0.9575230478992892,
Chris Moore,BAL,ATL,WR,BAL@ATL,last_td,0.021140109040040964,4630,0.0,0.10410012043776509,C,no game designation yet (Limited),tgt_sh 6.8%; team att 29.4; opp DvP 1.07; RZ tgt 1,0.9575230478992892,
Chris Moore,BAL,ATL,WR,BAL@ATL,2plus_td,0.004922239095145834,20216,0.0,0.10410012043776509,C,no game designation yet (Limited),tgt_sh 6.8%; team att 29.4; opp DvP 1.07; RZ tgt 1,0.9575230478992892,
Elijah Sarratt,BAL,ATL,WR,BAL@ATL,anytime_td,0.05155,1840,0.0,0.0529,C,-,tgt_sh 4.8%; team att 29.4; opp DvP 1.07; RZ tgt 0,1.0,
Elijah Sarratt,BAL,ATL,WR,BAL@ATL,first_td,0.01065541181041181,9285,0.0,0.0529,C,-,tgt_sh 4.8%; team att 29.4; opp DvP 1.07; RZ tgt 0,1.0,
Elijah Sarratt,BAL,ATL,WR,BAL@ATL,last_td,0.01065541181041181,9285,0.0,0.0529,C,-,tgt_sh 4.8%; team att 29.4; opp DvP 1.07; RZ tgt 0,1.0,
Elijah Sarratt,BAL,ATL,WR,BAL@ATL,2plus_td,0.00135,73974,0.0,0.0529,C,-,tgt_sh 4.8%; team att 29.4; opp DvP 1.07; RZ tgt 0,1.0,
Devontez Walker,BAL,ATL,WR,BAL@ATL,anytime_td,0.0384,2504,0.0,0.0392,C,-,tgt_sh 3.7%; team att 29.4; opp DvP 1.07; RZ tgt 0,1.0,
Devontez Walker,BAL,ATL,WR,BAL@ATL,first_td,0.007821054501054501,12686,0.0,0.0392,C,-,tgt_sh 3.7%; team att 29.4; opp DvP 1.07; RZ tgt 0,1.0,
Devontez Walker,BAL,ATL,WR,BAL@ATL,last_td,0.007821054501054501,12686,0.0,0.0392,C,-,tgt_sh 3.7%; team att 29.4; opp DvP 1.07; RZ tgt 0,1.0,
Devontez Walker,BAL,ATL,WR,BAL@ATL,2plus_td,0.0008,124900,0.0,0.0392,C,-,tgt_sh 3.7%; team att 29.4; opp DvP 1.07; RZ tgt 0,1.0,
LaJohntay Wester,BAL,ATL,WR,BAL@ATL,anytime_td,0.01815,5410,0.0,0.01825,C,-,w_td 0.01; team TD 2.08,1.0,
LaJohntay Wester,BAL,ATL,WR,BAL@ATL,first_td,0.00369968253968254,26929,0.0,0.01825,C,-,w_td 0.01; team TD 2.08,1.0,
LaJohntay Wester,BAL,ATL,WR,BAL@ATL,last_td,0.00369968253968254,26929,0.0,0.01825,C,-,w_td 0.01; team TD 2.08,1.0,
LaJohntay Wester,BAL,ATL,WR,BAL@ATL,2plus_td,0.0001,999900,0.0,0.01825,C,-,w_td 0.01; team TD 2.08,1.0,
Michael Penix Jr.,ATL,BAL,QB,BAL@ATL,anytime_td,0.06235,1504,0.064,0.0,C,-,team att 26.8; ypa 7.25; opp d_ypa 0.97; pass rate 46.4%,1.0,
Michael Penix Jr.,ATL,BAL,QB,BAL@ATL,first_td,0.013525079920079917,7294,0.064,0.0,C,-,team att 26.8; ypa 7.25; opp d_ypa 0.97; pass rate 46.4%,1.0,
Michael Penix Jr.,ATL,BAL,QB,BAL@ATL,last_td,0.013525079920079917,7294,0.064,0.0,C,-,team att 26.8; ypa 7.25; opp d_ypa 0.97; pass rate 46.4%,1.0,
Michael Penix Jr.,ATL,BAL,QB,BAL@ATL,2plus_td,0.00165,60506,0.064,0.0,C,-,team att 26.8; ypa 7.25; opp d_ypa 0.97; pass rate 46.4%,1.0,
Chris Blair,ATL,BAL,WR,BAL@ATL,anytime_td,0.0227,4305,0.0,0.0228,C,-,w_td 0.02; team TD 2.52,1.0,
Chris Blair,ATL,BAL,WR,BAL@ATL,first_td,0.004611549977799978,21585,0.0,0.0228,C,-,w_td 0.02; team TD 2.52,1.0,
Chris Blair,ATL,BAL,WR,BAL@ATL,last_td,0.004611549977799978,21585,0.0,0.0228,C,-,w_td 0.02; team TD 2.52,1.0,
Chris Blair,ATL,BAL,WR,BAL@ATL,2plus_td,0.0001,999900,0.0,0.0228,C,-,w_td 0.02; team TD 2.52,1.0,
Zachariah Branch,ATL,BAL,WR,BAL@ATL,anytime_td,0.04595,2076,0.0,0.047,C,-,tgt_sh 4.8%; team att 26.8; opp DvP 1.08; RZ tgt 0,1.0,
Zachariah Branch,ATL,BAL,WR,BAL@ATL,first_td,0.00975248792873793,10154,0.0,0.047,C,-,tgt_sh 4.8%; team att 26.8; opp DvP 1.08; RZ tgt 0,1.0,
Zachariah Branch,ATL,BAL,WR,BAL@ATL,last_td,0.00975248792873793,10154,0.0,0.047,C,-,tgt_sh 4.8%; team att 26.8; opp DvP 1.08; RZ tgt 0,1.0,
Zachariah Branch,ATL,BAL,WR,BAL@ATL,2plus_td,0.00095,105163,0.0,0.047,C,-,tgt_sh 4.8%; team att 26.8; opp DvP 1.08; RZ tgt 0,1.0,
Jahan Dotson,ATL,BAL,WR,BAL@ATL,anytime_td,0.1082,824,0.0,0.1133,C,-,tgt_sh 11.9%; team att 26.8; opp DvP 1.08; RZ tgt 0,1.0,
Jahan Dotson,ATL,BAL,WR,BAL@ATL,first_td,0.02334945401820402,4183,0.0,0.1133,C,-,tgt_sh 11.9%; team att 26.8; opp DvP 1.08; RZ tgt 0,1.0,
Jahan Dotson,ATL,BAL,WR,BAL@ATL,last_td,0.02334945401820402,4183,0.0,0.1133,C,-,tgt_sh 11.9%; team att 26.8; opp DvP 1.08; RZ tgt 0,1.0,
Jahan Dotson,ATL,BAL,WR,BAL@ATL,2plus_td,0.00485,20519,0.0,0.1133,C,-,tgt_sh 11.9%; team att 26.8; opp DvP 1.08; RZ tgt 0,1.0,
Austin Hooper,ATL,BAL,TE,BAL@ATL,anytime_td,0.0865,1056,0.0,0.089,C,-,tgt_sh 5.9%; team att 26.8; opp DvP 1.06; RZ tgt 1,1.0,
Austin Hooper,ATL,BAL,TE,BAL@ATL,first_td,0.018642950244200245,5264,0.0,0.089,C,-,tgt_sh 5.9%; team att 26.8; opp DvP 1.06; RZ tgt 1,1.0,
Austin Hooper,ATL,BAL,TE,BAL@ATL,last_td,0.018642950244200245,5264,0.0,0.089,C,-,tgt_sh 5.9%; team att 26.8; opp DvP 1.06; RZ tgt 1,1.0,
Austin Hooper,ATL,BAL,TE,BAL@ATL,2plus_td,0.0025,39900,0.0,0.089,C,-,tgt_sh 5.9%; team att 26.8; opp DvP 1.06; RZ tgt 1,1.0,
Drake London,ATL,BAL,WR,BAL@ATL,anytime_td,0.22965,335,0.01205,0.2475,B,-,tgt_sh 26.6%; team att 26.8; opp DvP 1.08; RZ tgt 0,1.0,
Drake London,ATL,BAL,WR,BAL@ATL,first_td,0.05346015387390387,1771,0.01205,0.2475,B,-,tgt_sh 26.6%; team att 26.8; opp DvP 1.08; RZ tgt 0,1.0,
Drake London,ATL,BAL,WR,BAL@ATL,last_td,0.05346015387390387,1771,0.01205,0.2475,B,-,tgt_sh 26.6%; team att 26.8; opp DvP 1.08; RZ tgt 0,1.0,
Drake London,ATL,BAL,WR,BAL@ATL,2plus_td,0.02755,3530,0.01205,0.2475,B,-,tgt_sh 26.6%; team att 26.8; opp DvP 1.08; RZ tgt 0,1.0,
Kyle Pitts,ATL,BAL,TE,BAL@ATL,anytime_td,0.13375,648,0.0,0.1431,C,-,tgt_sh 14.9%; team att 26.8; opp DvP 1.06; RZ tgt 0,1.0,
Kyle Pitts,ATL,BAL,TE,BAL@ATL,first_td,0.029522293123543125,3287,0.0,0.1431,C,-,tgt_sh 14.9%; team att 26.8; opp DvP 1.06; RZ tgt 0,1.0,
Kyle Pitts,ATL,BAL,TE,BAL@ATL,last_td,0.029522293123543125,3287,0.0,0.1431,C,-,tgt_sh 14.9%; team att 26.8; opp DvP 1.06; RZ tgt 0,1.0,
Kyle Pitts,ATL,BAL,TE,BAL@ATL,2plus_td,0.00885,11199,0.0,0.1431,C,-,tgt_sh 14.9%; team att 26.8; opp DvP 1.06; RZ tgt 0,1.0,
Bijan Robinson,ATL,BAL,RB,BAL@ATL,anytime_td,0.6607,-195,0.83055,0.198,B,-,tgt_sh 18.9%; team att 26.8; opp DvP 0.92; RZ tgt 1; car_sh 52.4%; team rush 33.0; opp d_ypc 0.96; inside-10 car 8,1.0,
Bijan Robinson,ATL,BAL,RB,BAL@ATL,first_td,0.21429914918414916,367,0.83055,0.198,B,-,tgt_sh 18.9%; team att 26.8; opp DvP 0.92; RZ tgt 1; car_sh 52.4%; team rush 33.0; opp d_ypc 0.96; inside-10 car 8,1.0,
Bijan Robinson,ATL,BAL,RB,BAL@ATL,last_td,0.21429914918414916,367,0.83055,0.198,B,-,tgt_sh 18.9%; team att 26.8; opp DvP 0.92; RZ tgt 1; car_sh 52.4%; team rush 33.0; opp d_ypc 0.96; inside-10 car 8,1.0,
Bijan Robinson,ATL,BAL,RB,BAL@ATL,2plus_td,0.27685,261,0.83055,0.198,B,-,tgt_sh 18.9%; team att 26.8; opp DvP 0.92; RZ tgt 1; car_sh 52.4%; team rush 33.0; opp d_ypc 0.96; inside-10 car 8,1.0,
Brian Robinson,ATL,BAL,RB,BAL@ATL,anytime_td,0.35005,186,0.36855,0.05275,B,-,car_sh 25.1%; team rush 33.0; opp d_ypc 0.96; inside-10 car 3,1.0,
Brian Robinson,ATL,BAL,RB,BAL@ATL,first_td,0.08743745171495171,1044,0.36855,0.05275,B,-,car_sh 25.1%; team rush 33.0; opp d_ypc 0.96; inside-10 car 3,1.0,
Brian Robinson,ATL,BAL,RB,BAL@ATL,last_td,0.08743745171495171,1044,0.36855,0.05275,B,-,car_sh 25.1%; team rush 33.0; opp d_ypc 0.96; inside-10 car 3,1.0,
Brian Robinson,ATL,BAL,RB,BAL@ATL,2plus_td,0.0637,1470,0.36855,0.05275,B,-,car_sh 25.1%; team rush 33.0; opp d_ypc 0.96; inside-10 car 3,1.0,
Charlie Woerner,ATL,BAL,TE,BAL@ATL,anytime_td,0.0519,1827,0.0,0.0532,C,-,w_td 0.05; team TD 2.52,1.0,
Charlie Woerner,ATL,BAL,TE,BAL@ATL,first_td,0.010855824314574315,9112,0.0,0.0532,C,-,w_td 0.05; team TD 2.52,1.0,
Charlie Woerner,ATL,BAL,TE,BAL@ATL,last_td,0.010855824314574315,9112,0.0,0.0532,C,-,w_td 0.05; team TD 2.52,1.0,
Charlie Woerner,ATL,BAL,TE,BAL@ATL,2plus_td,0.0013,76823,0.0,0.0532,C,-,w_td 0.05; team TD 2.52,1.0,
Olamide Zaccheaus,ATL,BAL,WR,BAL@ATL,anytime_td,0.1121,792,0.0,0.11935,C,-,tgt_sh 9.0%; team att 26.8; opp DvP 1.08; RZ tgt 1,1.0,
Olamide Zaccheaus,ATL,BAL,WR,BAL@ATL,first_td,0.02461970418470418,3962,0.0,0.11935,C,-,tgt_sh 9.0%; team att 26.8; opp DvP 1.08; RZ tgt 1,1.0,
Olamide Zaccheaus,ATL,BAL,WR,BAL@ATL,last_td,0.02461970418470418,3962,0.0,0.11935,C,-,tgt_sh 9.0%; team att 26.8; opp DvP 1.08; RZ tgt 1,1.0,
Olamide Zaccheaus,ATL,BAL,WR,BAL@ATL,2plus_td,0.007,14186,0.0,0.11935,C,-,tgt_sh 9.0%; team att 26.8; opp DvP 1.08; RZ tgt 1,1.0,
Josh Allen,BUF,LA,QB,BUF@LA,anytime_td,0.3021,231,0.3547,0.0,B,-,team att 31.3; ypa 6.72; opp d_ypa 0.83; pass rate 55.3%,1.0,
Josh Allen,BUF,LA,QB,BUF@LA,first_td,0.05501263986013986,1718,0.3547,0.0,B,-,team att 31.3; ypa 6.72; opp d_ypa 0.83; pass rate 55.3%,1.0,
Josh Allen,BUF,LA,QB,BUF@LA,last_td,0.05501263986013986,1718,0.3547,0.0,B,-,team att 31.3; ypa 6.72; opp d_ypa 0.83; pass rate 55.3%,1.0,
Josh Allen,BUF,LA,QB,BUF@LA,2plus_td,0.0478,1992,0.3547,0.0,B,-,team att 31.3; ypa 6.72; opp d_ypa 0.83; pass rate 55.3%,1.0,
Keon Coleman,BUF,LA,WR,BUF@LA,anytime_td,0.1829,447,0.0,0.2011,C,-,tgt_sh 13.0%; team att 31.3; opp DvP 1.09; RZ tgt 2,1.0,
Keon Coleman,BUF,LA,WR,BUF@LA,first_td,0.030665535020535015,3161,0.0,0.2011,C,-,tgt_sh 13.0%; team att 31.3; opp DvP 1.09; RZ tgt 2,1.0,
Keon Coleman,BUF,LA,WR,BUF@LA,last_td,0.030665535020535015,3161,0.0,0.2011,C,-,tgt_sh 13.0%; team att 31.3; opp DvP 1.09; RZ tgt 2,1.0,
Keon Coleman,BUF,LA,WR,BUF@LA,2plus_td,0.0174,5647,0.0,0.2011,C,-,tgt_sh 13.0%; team att 31.3; opp DvP 1.09; RZ tgt 2,1.0,
James Cook,BUF,LA,RB,BUF@LA,anytime_td,0.6151,-160,0.77565,0.1351,B,-,tgt_sh 7.4%; team att 31.3; opp DvP 1.09; RZ tgt 2; car_sh 57.5%; team rush 27.1; opp d_ypc 0.97; inside-10 car 8,1.0,
James Cook,BUF,LA,RB,BUF@LA,first_td,0.14171933705183704,606,0.77565,0.1351,B,-,tgt_sh 7.4%; team att 31.3; opp DvP 1.09; RZ tgt 2; car_sh 57.5%; team rush 27.1; opp d_ypc 0.97; inside-10 car 8,1.0,
James Cook,BUF,LA,RB,BUF@LA,last_td,0.14171933705183704,606,0.77565,0.1351,B,-,tgt_sh 7.4%; team att 31.3; opp DvP 1.09; RZ tgt 2; car_sh 57.5%; team rush 27.1; opp d_ypc 0.97; inside-10 car 8,1.0,
James Cook,BUF,LA,RB,BUF@LA,2plus_td,0.2288,337,0.77565,0.1351,B,-,tgt_sh 7.4%; team att 31.3; opp DvP 1.09; RZ tgt 2; car_sh 57.5%; team rush 27.1; opp d_ypc 0.97; inside-10 car 8,1.0,
Ray Davis,BUF,LA,RB,BUF@LA,anytime_td,0.06635,1407,0.0522,0.0156,C,-,w_td 0.05; team TD 2.87,1.0,
Ray Davis,BUF,LA,RB,BUF@LA,first_td,0.0105025333000333,9422,0.0522,0.0156,C,-,w_td 0.05; team TD 2.87,1.0,
Ray Davis,BUF,LA,RB,BUF@LA,last_td,0.0105025333000333,9422,0.0522,0.0156,C,-,w_td 0.05; team TD 2.87,1.0,
Ray Davis,BUF,LA,RB,BUF@LA,2plus_td,0.00145,68866,0.0522,0.0156,C,-,w_td 0.05; team TD 2.87,1.0,
Greg Dortch,BUF,LA,WR,BUF@LA,anytime_td,0.0224,4364,0.0,0.0226,C,-,w_td 0.02; team TD 2.87,1.0,
Greg Dortch,BUF,LA,WR,BUF@LA,first_td,0.003410429154179154,29222,0.0,0.0226,C,-,w_td 0.02; team TD 2.87,1.0,
Greg Dortch,BUF,LA,WR,BUF@LA,last_td,0.003410429154179154,29222,0.0,0.0226,C,-,w_td 0.02; team TD 2.87,1.0,
Greg Dortch,BUF,LA,WR,BUF@LA,2plus_td,0.0002,499900,0.0,0.0226,C,-,w_td 0.02; team TD 2.87,1.0,
Frank Gore Jr.,BUF,LA,RB,BUF@LA,anytime_td,0.04035,2378,0.0356,0.00565,C,-,w_td 0.03; team TD 2.87,1.0,
Frank Gore Jr.,BUF,LA,RB,BUF@LA,first_td,0.006598291708291708,15055,0.0356,0.00565,C,-,w_td 0.03; team TD 2.87,1.0,
Frank Gore Jr.,BUF,LA,RB,BUF@LA,last_td,0.006598291708291708,15055,0.0356,0.00565,C,-,w_td 0.03; team TD 2.87,1.0,
Frank Gore Jr.,BUF,LA,RB,BUF@LA,2plus_td,0.0009,111011,0.0356,0.00565,C,-,w_td 0.03; team TD 2.87,1.0,
Jackson Hawes,BUF,LA,TE,BUF@LA,anytime_td,0.0214,4573,0.0,0.0217,C,-,w_td 0.02; team TD 2.87,1.0,
Jackson Hawes,BUF,LA,TE,BUF@LA,first_td,0.0033336988011988013,29897,0.0,0.0217,C,-,w_td 0.02; team TD 2.87,1.0,
Jackson Hawes,BUF,LA,TE,BUF@LA,last_td,0.0033336988011988013,29897,0.0,0.0217,C,-,w_td 0.02; team TD 2.87,1.0,
Jackson Hawes,BUF,LA,TE,BUF@LA,2plus_td,0.0003,333233,0.0,0.0217,C,-,w_td 0.02; team TD 2.87,1.0,
Ty Johnson,BUF,LA,RB,BUF@LA,anytime_td,0.19,426,0.0928,0.1167,C,-,tgt_sh 7.9%; team att 31.3; opp DvP 1.09; RZ tgt 1; car_sh 9.5%; team rush 27.1; opp d_ypc 0.97; inside-10 car 0,1.0,
Ty Johnson,BUF,LA,RB,BUF@LA,first_td,0.032484250610500615,2978,0.0928,0.1167,C,-,tgt_sh 7.9%; team att 31.3; opp DvP 1.09; RZ tgt 1; car_sh 9.5%; team rush 27.1; opp d_ypc 0.97; inside-10 car 0,1.0,
Ty Johnson,BUF,LA,RB,BUF@LA,last_td,0.032484250610500615,2978,0.0928,0.1167,C,-,tgt_sh 7.9%; team att 31.3; opp DvP 1.09; RZ tgt 1; car_sh 9.5%; team rush 27.1; opp d_ypc 0.97; inside-10 car 0,1.0,
Ty Johnson,BUF,LA,RB,BUF@LA,2plus_td,0.0185,5305,0.0928,0.1167,C,-,tgt_sh 7.9%; team att 31.3; opp DvP 1.09; RZ tgt 1; car_sh 9.5%; team rush 27.1; opp d_ypc 0.97; inside-10 car 0,1.0,
Dalton Kincaid,BUF,LA,TE,BUF@LA,anytime_td,0.17895,459,0.0,0.19575,B,-,tgt_sh 16.2%; team att 31.3; opp DvP 0.94; RZ tgt 1,1.0,
Dalton Kincaid,BUF,LA,TE,BUF@LA,first_td,0.030028872238872236,3230,0.0,0.19575,B,-,tgt_sh 16.2%; team att 31.3; opp DvP 0.94; RZ tgt 1,1.0,
Dalton Kincaid,BUF,LA,TE,BUF@LA,last_td,0.030028872238872236,3230,0.0,0.19575,B,-,tgt_sh 16.2%; team att 31.3; opp DvP 0.94; RZ tgt 1,1.0,
Dalton Kincaid,BUF,LA,TE,BUF@LA,2plus_td,0.0163,6035,0.0,0.19575,B,-,tgt_sh 16.2%; team att 31.3; opp DvP 0.94; RZ tgt 1,1.0,
Dawson Knox,BUF,LA,TE,BUF@LA,anytime_td,0.11495,770,0.007,0.11465,C,-,tgt_sh 5.8%; team att 31.3; opp DvP 0.94; RZ tgt 2,1.0,
Dawson Knox,BUF,LA,TE,BUF@LA,first_td,0.018814473443223442,5215,0.007,0.11465,C,-,tgt_sh 5.8%; team att 31.3; opp DvP 0.94; RZ tgt 2,1.0,
Dawson Knox,BUF,LA,TE,BUF@LA,last_td,0.018814473443223442,5215,0.007,0.11465,C,-,tgt_sh 5.8%; team att 31.3; opp DvP 0.94; RZ tgt 2,1.0,
Dawson Knox,BUF,LA,TE,BUF@LA,2plus_td,0.00655,15167,0.007,0.11465,C,-,tgt_sh 5.8%; team att 31.3; opp DvP 0.94; RZ tgt 2,1.0,
DJ Moore,BUF,LA,WR,BUF@LA,anytime_td,0.2413,314,0.01285,0.25975,B,-,tgt_sh 16.0%; team att 31.3; opp DvP 1.09; RZ tgt 3,1.0,
DJ Moore,BUF,LA,WR,BUF@LA,first_td,0.04199998570873571,2281,0.01285,0.25975,B,-,tgt_sh 16.0%; team att 31.3; opp DvP 1.09; RZ tgt 3,1.0,
DJ Moore,BUF,LA,WR,BUF@LA,last_td,0.04199998570873571,2281,0.01285,0.25975,B,-,tgt_sh 16.0%; team att 31.3; opp DvP 1.09; RZ tgt 3,1.0,
DJ Moore,BUF,LA,WR,BUF@LA,2plus_td,0.0295,3290,0.01285,0.25975,B,-,tgt_sh 16.0%; team att 31.3; opp DvP 1.09; RZ tgt 3,1.0,
Josh Palmer,BUF,LA,WR,BUF@LA,anytime_td,0.0836,1096,0.0,0.0877,C,-,tgt_sh 7.5%; team att 31.3; opp DvP 1.09; RZ tgt 0,1.0,
Josh Palmer,BUF,LA,WR,BUF@LA,first_td,0.013223591547341547,7462,0.0,0.0877,C,-,tgt_sh 7.5%; team att 31.3; opp DvP 1.09; RZ tgt 0,1.0,
Josh Palmer,BUF,LA,WR,BUF@LA,last_td,0.013223591547341547,7462,0.0,0.0877,C,-,tgt_sh 7.5%; team att 31.3; opp DvP 1.09; RZ tgt 0,1.0,
Josh Palmer,BUF,LA,WR,BUF@LA,2plus_td,0.0039,25541,0.0,0.0877,C,-,tgt_sh 7.5%; team att 31.3; opp DvP 1.09; RZ tgt 0,1.0,
Khalil Shakir,BUF,LA,WR,BUF@LA,anytime_td,0.2967,237,0.0,0.3474,B,-,tgt_sh 19.0%; team att 31.3; opp DvP 1.09; RZ tgt 5,1.0,
Khalil Shakir,BUF,LA,WR,BUF@LA,first_td,0.05337201895326894,1774,0.0,0.3474,B,-,tgt_sh 19.0%; team att 31.3; opp DvP 1.09; RZ tgt 5,1.0,
Khalil Shakir,BUF,LA,WR,BUF@LA,last_td,0.05337201895326894,1774,0.0,0.3474,B,-,tgt_sh 19.0%; team att 31.3; opp DvP 1.09; RZ tgt 5,1.0,
Khalil Shakir,BUF,LA,WR,BUF@LA,2plus_td,0.0459,2079,0.0,0.3474,B,-,tgt_sh 19.0%; team att 31.3; opp DvP 1.09; RZ tgt 5,1.0,
Matthew Stafford,LA,BUF,QB,BUF@LA,anytime_td,0.08805,1036,0.09165,0.0,B,-,team att 37.4; ypa 7.39; opp d_ypa 1.03; pass rate 60.0%,1.0,
Matthew Stafford,LA,BUF,QB,BUF@LA,first_td,0.014510579420579421,6792,0.09165,0.0,B,-,team att 37.4; ypa 7.39; opp d_ypa 1.03; pass rate 60.0%,1.0,
Matthew Stafford,LA,BUF,QB,BUF@LA,last_td,0.014510579420579421,6792,0.09165,0.0,B,-,team att 37.4; ypa 7.39; opp d_ypa 1.03; pass rate 60.0%,1.0,
Matthew Stafford,LA,BUF,QB,BUF@LA,2plus_td,0.00355,28069,0.09165,0.0,B,-,team att 37.4; ypa 7.39; opp d_ypa 1.03; pass rate 60.0%,1.0,
Davante Adams,LA,BUF,WR,BUF@LA,anytime_td,0.4316,132,0.0,0.55225,B,-,tgt_sh 19.9%; team att 37.4; opp DvP 0.97; RZ tgt 4,1.0,
Davante Adams,LA,BUF,WR,BUF@LA,first_td,0.08525308108558108,1073,0.0,0.55225,B,-,tgt_sh 19.9%; team att 37.4; opp DvP 0.97; RZ tgt 4,1.0,
Davante Adams,LA,BUF,WR,BUF@LA,last_td,0.08525308108558108,1073,0.0,0.55225,B,-,tgt_sh 19.9%; team att 37.4; opp DvP 0.97; RZ tgt 4,1.0,
Davante Adams,LA,BUF,WR,BUF@LA,2plus_td,0.1035,866,0.0,0.55225,B,-,tgt_sh 19.9%; team att 37.4; opp DvP 0.97; RZ tgt 4,1.0,
Davis Allen,LA,BUF,TE,BUF@LA,anytime_td,0.059,1595,0.0,0.0605,C,-,tgt_sh 3.6%; team att 37.4; opp DvP 0.82; RZ tgt 0,1.0,
Davis Allen,LA,BUF,TE,BUF@LA,first_td,0.009439331779331778,10494,0.0,0.0605,C,-,tgt_sh 3.6%; team att 37.4; opp DvP 0.82; RZ tgt 0,1.0,
Davis Allen,LA,BUF,TE,BUF@LA,last_td,0.009439331779331778,10494,0.0,0.0605,C,-,tgt_sh 3.6%; team att 37.4; opp DvP 0.82; RZ tgt 0,1.0,
Davis Allen,LA,BUF,TE,BUF@LA,2plus_td,0.0015,66567,0.0,0.0605,C,-,tgt_sh 3.6%; team att 37.4; opp DvP 0.82; RZ tgt 0,1.0,
Tutu Atwell,LA,BUF,WR,BUF@LA,anytime_td,0.06065,1549,0.0,0.0622,C,-,tgt_sh 3.2%; team att 37.4; opp DvP 0.97; RZ tgt 0,1.0,
Tutu Atwell,LA,BUF,WR,BUF@LA,first_td,0.009901299672549673,10000,0.0,0.0622,C,-,tgt_sh 3.2%; team att 37.4; opp DvP 0.97; RZ tgt 0,1.0,
Tutu Atwell,LA,BUF,WR,BUF@LA,last_td,0.009901299672549673,10000,0.0,0.0622,C,-,tgt_sh 3.2%; team att 37.4; opp DvP 0.97; RZ tgt 0,1.0,
Tutu Atwell,LA,BUF,WR,BUF@LA,2plus_td,0.00155,64416,0.0,0.0622,C,-,tgt_sh 3.2%; team att 37.4; opp DvP 0.97; RZ tgt 0,1.0,
Blake Corum,LA,BUF,RB,BUF@LA,anytime_td,0.3036,229,0.2713,0.0872,B,-,car_sh 26.6%; team rush 26.0; opp d_ypc 0.98; inside-10 car 0,1.0,
Blake Corum,LA,BUF,RB,BUF@LA,first_td,0.05575836247086247,1693,0.2713,0.0872,B,-,car_sh 26.6%; team rush 26.0; opp d_ypc 0.98; inside-10 car 0,1.0,
Blake Corum,LA,BUF,RB,BUF@LA,last_td,0.05575836247086247,1693,0.2713,0.0872,B,-,car_sh 26.6%; team rush 26.0; opp d_ypc 0.98; inside-10 car 0,1.0,
Blake Corum,LA,BUF,RB,BUF@LA,2plus_td,0.04935,1926,0.2713,0.0872,B,-,car_sh 26.6%; team rush 26.0; opp d_ypc 0.98; inside-10 car 0,1.0,
Tyler Higbee,LA,BUF,TE,BUF@LA,anytime_td,0.21955,355,0.0,0.2471,B,-,tgt_sh 9.3%; team att 37.4; opp DvP 0.82; RZ tgt 2,1.0,
Tyler Higbee,LA,BUF,TE,BUF@LA,first_td,0.038039689199689204,2529,0.0,0.2471,B,-,tgt_sh 9.3%; team att 37.4; opp DvP 0.82; RZ tgt 2,1.0,
Tyler Higbee,LA,BUF,TE,BUF@LA,last_td,0.038039689199689204,2529,0.0,0.2471,B,-,tgt_sh 9.3%; team att 37.4; opp DvP 0.82; RZ tgt 2,1.0,
Tyler Higbee,LA,BUF,TE,BUF@LA,2plus_td,0.026,3746,0.0,0.2471,B,-,tgt_sh 9.3%; team att 37.4; opp DvP 0.82; RZ tgt 2,1.0,
Konata Mumpfield,LA,BUF,WR,BUF@LA,anytime_td,0.12925,674,0.0,0.13745,C,-,tgt_sh 4.9%; team att 37.4; opp DvP 0.97; RZ tgt 1,1.0,
Konata Mumpfield,LA,BUF,WR,BUF@LA,first_td,0.02119229242979243,4619,0.0,0.13745,C,-,tgt_sh 4.9%; team att 37.4; opp DvP 0.97; RZ tgt 1,1.0,
Konata Mumpfield,LA,BUF,WR,BUF@LA,last_td,0.02119229242979243,4619,0.0,0.13745,C,-,tgt_sh 4.9%; team att 37.4; opp DvP 0.97; RZ tgt 1,1.0,
Konata Mumpfield,LA,BUF,WR,BUF@LA,2plus_td,0.00805,12322,0.0,0.13745,C,-,tgt_sh 4.9%; team att 37.4; opp DvP 0.97; RZ tgt 1,1.0,
Puka Nacua,LA,BUF,WR,BUF@LA,anytime_td,0.4182,139,0.0431,0.4897,B,-,tgt_sh 23.5%; team att 37.4; opp DvP 0.97; RZ tgt 1,1.0,
Puka Nacua,LA,BUF,WR,BUF@LA,first_td,0.08245001845376845,1113,0.0431,0.4897,B,-,tgt_sh 23.5%; team att 37.4; opp DvP 0.97; RZ tgt 1,1.0,
Puka Nacua,LA,BUF,WR,BUF@LA,last_td,0.08245001845376845,1113,0.0431,0.4897,B,-,tgt_sh 23.5%; team att 37.4; opp DvP 0.97; RZ tgt 1,1.0,
Puka Nacua,LA,BUF,WR,BUF@LA,2plus_td,0.09825,918,0.0431,0.4897,B,-,tgt_sh 23.5%; team att 37.4; opp DvP 0.97; RZ tgt 1,1.0,
Colby Parkinson,LA,BUF,TE,BUF@LA,anytime_td,0.17205,481,0.0,0.18645,C,-,tgt_sh 5.7%; team att 37.4; opp DvP 0.82; RZ tgt 2,1.0,
Colby Parkinson,LA,BUF,TE,BUF@LA,first_td,0.028758285880785883,3377,0.0,0.18645,C,-,tgt_sh 5.7%; team att 37.4; opp DvP 0.82; RZ tgt 2,1.0,
Colby Parkinson,LA,BUF,TE,BUF@LA,last_td,0.028758285880785883,3377,0.0,0.18645,C,-,tgt_sh 5.7%; team att 37.4; opp DvP 0.82; RZ tgt 2,1.0,
Colby Parkinson,LA,BUF,TE,BUF@LA,2plus_td,0.01375,7173,0.0,0.18645,C,-,tgt_sh 5.7%; team att 37.4; opp DvP 0.82; RZ tgt 2,1.0,
Jordan Whittington,LA,BUF,WR,BUF@LA,anytime_td,0.0534,1773,0.0,0.0549,C,-,w_td 0.02; team TD 3.35,1.0,
Jordan Whittington,LA,BUF,WR,BUF@LA,first_td,0.008418612776112775,11778,0.0,0.0549,C,-,w_td 0.02; team TD 3.35,1.0,
Jordan Whittington,LA,BUF,WR,BUF@LA,last_td,0.008418612776112775,11778,0.0,0.0549,C,-,w_td 0.02; team TD 3.35,1.0,
Jordan Whittington,LA,BUF,WR,BUF@LA,2plus_td,0.0015,66567,0.0,0.0549,C,-,w_td 0.02; team TD 3.35,1.0,
Kyren Williams,LA,BUF,RB,BUF@LA,anytime_td,0.6413,-179,0.7103,0.2702,B,-,tgt_sh 10.0%; team att 37.4; opp DvP 0.89; RZ tgt 2; car_sh 47.9%; team rush 26.0; opp d_ypc 0.98; inside-10 car 7,1.0,
Kyren Williams,LA,BUF,RB,BUF@LA,first_td,0.15371852355977356,551,0.7103,0.2702,B,-,tgt_sh 10.0%; team att 37.4; opp DvP 0.89; RZ tgt 2; car_sh 47.9%; team rush 26.0; opp d_ypc 0.98; inside-10 car 7,1.0,
Kyren Williams,LA,BUF,RB,BUF@LA,last_td,0.15371852355977356,551,0.7103,0.2702,B,-,tgt_sh 10.0%; team att 37.4; opp DvP 0.89; RZ tgt 2; car_sh 47.9%; team rush 26.0; opp d_ypc 0.98; inside-10 car 7,1.0,
Kyren Williams,LA,BUF,RB,BUF@LA,2plus_td,0.2567,290,0.7103,0.2702,B,-,tgt_sh 10.0%; team att 37.4; opp DvP 0.89; RZ tgt 2; car_sh 47.9%; team rush 26.0; opp d_ypc 0.98; inside-10 car 7,1.0,
