player,pos,team,opp,game,played,p_active,status,proxy,pass_cmp_mean,pass_cmp_p25,pass_cmp_p75,pass_cmp_conf,pass_yds_mean,pass_yds_p25,pass_yds_p75,pass_yds_conf,pass_td_mean,pass_td_p25,pass_td_p75,pass_td_conf,rush_td_mean,any_td_pct,exp_td,td_conf,rush_yds_mean,rush_yds_p25,rush_yds_p75,rush_yds_conf,rec_yds_mean,rec_yds_p25,rec_yds_p75,rec_yds_conf,rec_mean,rec_p25,rec_p75,rec_conf,rec_td_mean,rush_att_mean,tgt_mean,car_sh,tgt_sh,any_td_pct_wt
Aaron Rodgers,QB,PIT,CLE,PIT@CLE,True,1.0,,False,20.0844,17.0,23.0,91.0,233.9935878989356,177.12223872963776,279.61137862957577,87.0,1.67625,1.0,2.0,82.0,0.01735,0.0172,0.01735,62,,,,,,,,,,,,,,,,,,0.0172
Germie Bernard,WR,PIT,CLE,PIT@CLE,True,1.0,,False,,,,,,,,,,,,,0.0,0.1242,0.13105,30,0.0,0.0,0.0,78.0,13.580736052846262,0.0,21.192477409003466,31.0,1.1142,0.0,2.0,24.0,0.13105,0.0,1.9548,0.002783512338617426,0.04920819490473396,0.1242
Pat Freiermuth,TE,PIT,CLE,PIT@CLE,True,1.0,,False,,,,,,,,,,,,,0.0041,0.24415,0.2751,50,1.6580347333409182,0.0,0.0,90.0,34.11636279933667,14.352544861254941,47.84745868668254,61.0,3.19145,2.0,4.0,72.0,0.271,0.374,5.04995,0.010851664044754891,0.13203059049486404,0.24415
Eli Heidenreich,RB,PIT,CLE,PIT@CLE,True,1.0,,False,,,,,,,,,,,,,0.0036,0.0137,0.0138,1,1.2094169509718886,0.0,0.0,60.0,1.6897274927086474,0.0,0.0,60.0,0.2158,0.0,0.0,60.0,0.0102,0.2732,0.31625,0.008088545411842035,0.007667384255273657,0.0137
Travis Homer,RB,PIT,CLE,PIT@CLE,True,1.0,,False,,,,,,,,,,,,,0.04635,0.0538,0.05515,20,10.188377167025417,1.5035229721309664,13.81698962192068,27.0,1.1885578091948765,0.0,0.0,63.0,0.1512,0.0,0.0,63.0,0.0088,2.4047,0.22545,0.07057112458935205,0.00536894383615806,0.0538
DK Metcalf,WR,PIT,CLE,PIT@CLE,True,1.0,,False,,,,,,,,,,,,,0.0,0.29125,0.3394,50,0.0,0.0,0.0,97.0,65.92390424052162,34.95557806000196,88.80374757047187,75.0,4.7462,3.0,6.0,81.0,0.3394,0.0,8.81765,0.002783512338617426,0.22236427917111726,0.29125
Lew Nichols III,RB,PIT,CLE,PIT@CLE,True,1.0,,False,,,,,,,,,,,,,0.02495,0.03255,0.03345,6,2.864750015961912,0.0,3.077527932108282,28.0,1.2144138671376943,0.0,0.0,61.0,0.1542,0.0,0.0,61.0,0.0085,0.68795,0.23035,0.02026106233988231,0.005489665650225519,0.03255
Riley Nowakowski,RB,PIT,CLE,PIT@CLE,True,1.0,,False,,,,,,,,,,,,,0.0,0.0045,0.0045,1,0.0,0.0,0.0,60.0,0.7377653348670905,0.0,0.0,60.0,0.09345,0.0,0.0,60.0,0.0045,0.0,0.13645,0.003867604358672992,0.003381025856006241,0.0045
Michael Pittman,WR,PIT,CLE,PIT@CLE,True,1.0,,False,,,,,,,,,,,,,0.0,0.16955,0.1838,21,0.0,0.0,0.0,79.0,38.25425531987584,15.83680104772811,54.109944311779245,49.0,3.08155,2.0,4.0,60.0,0.1838,0.0,5.3573,0.00324743106172033,0.1353091789490617,0.16955
Ben Skowronek,WR,PIT,CLE,PIT@CLE,True,1.0,,False,,,,,,,,,,,,,0.0,0.05705,0.0585,13,0.0,0.0,0.0,66.0,6.10267627466797,0.0,7.877430301566802,28.0,0.4685,0.0,1.0,6.0,0.0585,0.0,0.82695,0.002783512338617426,0.020885617313412957,0.05705
Robert Tonyan,TE,PIT,CLE,PIT@CLE,True,1.0,,False,,,,,,,,,,,,,0.0,0.03935,0.0402,7,0.0,0.0,0.0,62.0,2.038249825191525,0.0,0.0,62.0,0.20075,0.0,0.0,62.0,0.0402,0.0,0.3243,0.002783512338617426,0.008346914857342862,0.03935
Jaylen Warren,RB,PIT,CLE,PIT@CLE,True,1.0,,False,,,,,,,,,,,,,0.20445,0.4118,0.51315,82,81.77177320539228,57.05187552297328,101.58196349735006,84.0,28.985162309335557,12.83122763685907,40.31430193124557,72.0,3.49135,2.0,5.0,74.0,0.3087,16.1949,5.01055,0.47774323509836253,0.11945307577556553,0.4118
Darnell Washington,TE,PIT,CLE,PIT@CLE,True,1.0,,False,,,,,,,,,,,,,0.0,0.1554,0.1674,34,0.0,0.0,0.0,81.0,21.261807865127427,4.930399749490548,31.412748194192083,43.0,1.92205,1.0,3.0,50.0,0.1674,0.0,3.0834,0.002783512338617426,0.07996535359795272,0.1554
Kaden Wetjen,WR,PIT,CLE,PIT@CLE,True,1.0,,False,,,,,,,,,,,,,0.0,0.0055,0.00555,1,0.0,0.0,0.0,60.0,1.1059177772528468,0.0,0.0,60.0,0.0842,0.0,0.0,60.0,0.00555,0.0,0.1479,0.002783512338617426,0.0036825314401287756,0.0055
Roman Wilson,WR,PIT,CLE,PIT@CLE,True,1.0,,False,,,,,,,,,,,,,0.0,0.2061,0.2252,53,0.0,0.0,0.0,97.0,34.718774466379195,12.626669312115652,49.80344528669299,66.0,2.61765,1.0,4.0,64.0,0.2252,0.0,4.75135,0.002783512338617426,0.11961607441485711,0.2061
Deshaun Watson,QB,CLE,PIT,PIT@CLE,True,1.0,,False,19.23305,16.0,22.0,91.0,219.1561407355262,166.57076761847847,262.0598895802468,87.0,1.0914,0.0,2.0,45.0,0.1083,0.1038,0.1083,62,,,,,,,,,,,,,,,,,,0.1038
Isaiah Bond,WR,CLE,PIT,PIT@CLE,True,1.0,,False,,,,,,,,,,,,,0.0,0.03865,0.03905,4,0.0,0.0,0.0,63.0,10.176461884133898,0.0,16.043070218057103,16.0,0.8035,0.0,1.0,26.0,0.03905,0.0,1.3217,0.0031591414519928493,0.04102174167680726,0.03865
Denzel Boston,WR,CLE,PIT,PIT@CLE,True,1.0,,False,,,,,,,,,,,,,0.0,0.1868,0.2042,55,0.0,0.0,0.0,95.0,49.64163532583394,20.86507162056541,70.1018593065163,65.0,3.04385,2.0,4.0,75.0,0.2042,0.0,4.6715,0.0031591414519928493,0.1451872475658341,0.1868
Michael Burton,RB,CLE,PIT,PIT@CLE,True,1.0,,False,,,,,,,,,,,,,0.0035,0.01115,0.0113,1,0.9995193941004819,0.0,0.0,61.0,1.8787758223406215,0.0,0.0,61.0,0.2352,0.0,0.0,61.0,0.0078,0.2311,0.2999,0.008298954024434394,0.009953208567108797,0.01115
KC Concepcion,WR,CLE,PIT,PIT@CLE,True,1.0,,False,,,,,,,,,,,,,0.01025,0.23915,0.27005,60,2.6581121445850715,0.0,2.766575412764697,69.0,51.206272764114864,26.22379259175608,69.44356257219872,75.0,4.35725,3.0,6.0,79.0,0.2598,0.62025,6.6805,0.02209734119714102,0.20796591322232244,0.23915
Malachi Corley,WR,CLE,PIT,PIT@CLE,True,1.0,,False,,,,,,,,,,,,,0.0,0.0139,0.014,1,0.0,0.0,0.0,60.0,5.2254239197283265,0.0,5.089363809326539,31.0,0.3879,0.0,1.0,1.0,0.014,0.0,0.5865,0.0031591414519928493,0.018448907381079037,0.0139
Harold Fannin Jr.,TE,CLE,PIT,PIT@CLE,True,1.0,,False,,,,,,,,,,,,,0.0,0.2159,0.2392,57,0.0,0.0,0.0,97.0,46.221311277825876,23.85988360538773,62.93706686101827,71.0,4.3951,3.0,6.0,76.0,0.2392,0.0,6.1927,0.0031591414519928493,0.18909122834304024,0.2159
Jerry Jeudy,WR,CLE,PIT,PIT@CLE,True,1.0,,False,,,,,,,,,,,,,0.0,0.0973,0.10145,14,0.0,0.0,0.0,73.0,28.28078283466564,8.366010354445349,41.51735193572303,38.0,2.1802,1.0,3.0,45.0,0.10145,0.0,3.54465,0.0031591414519928493,0.10966123213441185,0.0973
Quinshon Judkins,RB,CLE,PIT,PIT@CLE,True,1.0,,False,,,,,,,,,,,,,0.29575,0.36275,0.4428,85,51.37464501427439,31.537251616309906,65.73539771548481,80.0,17.564558541840505,5.78305170723842,25.377232584333292,67.0,2.30945,1.0,3.0,74.0,0.14705,14.1621,2.9588,0.5132748925046645,0.09867086556281471,0.36275
Jaleel McLaughlin,RB,CLE,PIT,PIT@CLE,True,1.0,,False,,,,,,,,,,,,,0.03225,0.04465,0.0457,3,8.576320603722555,0.0,12.063320035030362,20.0,2.777893168565527,0.0,1.795375739981564,43.0,0.35135,0.0,1.0,3.0,0.01345,1.74615,0.44645,0.0639658170434973,0.014508555894653958,0.04465
Carsen Ryan,TE,CLE,PIT,PIT@CLE,True,1.0,,False,,,,,,,,,,,,,0.0,0.00465,0.00465,1,0.0,0.0,0.0,60.0,1.211029669005665,0.0,0.0,60.0,0.11575,0.0,0.0,60.0,0.00465,0.0,0.1619,0.0031591414519928493,0.004900222034082455,0.00465
Raheim Sanders,RB,CLE,PIT,PIT@CLE,True,1.0,,False,,,,,,,,,,,,,0.04395,0.11,0.11455,21,11.648771979016662,2.5069707752349926,16.107071743229916,44.0,14.977497938715748,3.1773405582319647,22.438550652641144,40.0,1.8976,1.0,3.0,47.0,0.0706,2.6259,2.4169,0.09524747652710921,0.08047370751115547,0.11
Blake Whiteheart,TE,CLE,PIT,PIT@CLE,True,1.0,,False,,,,,,,,,,,,,0.0,0.0415,0.04225,11,0.0,0.0,0.0,65.0,5.674091834526333,0.0,8.009208802101242,22.0,0.53335,0.0,1.0,9.0,0.04225,0.0,0.74685,0.0031591414519928493,0.02288177144498253,0.0415
Daniel Jones,QB,IND,WAS,IND@WAS,False,1.0,,False,20.2619,17.0,23.0,91.0,206.15850854041489,155.12580893517335,247.46149878488353,87.0,1.60455,1.0,2.0,81.0,0.08325,0.07925,0.08325,62,,,,,,,,,,,,,,,,,,0.07925
Mo Alie-Cox,TE,IND,WAS,IND@WAS,False,0.9479829842591244,Full,False,,,,,,,,,,,,,0.0,0.03410468609983659,0.03478994254388277,2,0.0,0.0,0.0,58.0,6.20086432925988,0.0,9.268305721239429,16.0,0.6246376047651679,0.0,1.0,13.0,0.03478994254388277,0.0,0.9002161193400453,0.004234097619595359,0.02040525306751215,0.03233066210614377
Keenan Allen,WR,IND,WAS,IND@WAS,False,0.4981574884199691,Questionable; DNP,False,,,,,,,,,,,,,0.0,0.3269464720194647,0.3879764801297648,26,0.0,0.0,0.0,46.0,45.05700397739086,22.5139725628384,61.798670986699015,33.0,4.272303325223033,3.0,6.0,35.0,0.3879764801297648,0.0,6.560928629359286,0.004234097619595359,0.18666181575426488,0.16287083334898622
Deion Burks,WR,IND,WAS,IND@WAS,False,1.0,,False,,,,,,,,,,,,,0.01225,0.0293,0.02975,1,1.794946139464418,0.0,0.0865339504007947,59.0,3.2034742338042035,0.0,0.0,60.0,0.25735,0.0,0.0,60.0,0.0175,0.4194,0.4028,0.01305513432708569,0.009688074268750457,0.0293
Josh Downs,WR,IND,WAS,IND@WAS,False,1.0,,False,,,,,,,,,,,,,0.0,0.414,0.52645,64,0.0,0.0,0.0,97.0,66.20535680294887,36.37600058621802,88.16580891956298,75.0,5.5889,4.0,7.0,82.0,0.52645,0.0,8.68685,0.004234097619595359,0.20433937833760832,0.414
Ashton Dulin,WR,IND,WAS,IND@WAS,False,0.7549608892548374,Questionable; Full,False,,,,,,,,,,,,,0.0,0.05092838196286472,0.05212201591511936,1,0.0,0.0,0.0,46.0,9.517093602749437,0.0,14.213543291648685,12.0,0.7529177718832891,0.0,1.0,16.0,0.05212201591511936,0.0,1.1762599469496022,0.006351146429393038,0.02949662056359085,0.03844893653499437
Anthony Gould,WR,IND,WAS,IND@WAS,False,1.0,,False,,,,,,,,,,,,,0.0,0.0133,0.0134,1,0.0,0.0,0.0,60.0,2.567947465285543,0.0,0.0,60.0,0.2027,0.0,0.0,60.0,0.0134,0.0,0.31395,0.005080917143514431,0.007373447342728105,0.0133
Seth McGowan,RB,IND,WAS,IND@WAS,False,1.0,,False,,,,,,,,,,,,,0.14175,0.15075,0.16545,11,15.880575689301763,4.27254713022437,20.72990441009039,34.0,3.7843744755892024,0.0,4.875285572935082,27.0,0.51375,0.0,1.0,7.0,0.0237,3.8775,0.6662,0.11934294658762354,0.01484945448596578,0.15075
Andrew Ogletree,TE,IND,WAS,IND@WAS,False,1.0,,False,,,,,,,,,,,,,0.0,0.0357,0.03635,4,0.0,0.0,0.0,63.0,6.413070106480035,0.0,9.449026931747877,19.0,0.63795,0.0,1.0,16.0,0.03635,0.0,0.9101,0.004234097619595359,0.020283965765838994,0.0357
Jonathan Taylor,RB,IND,WAS,IND@WAS,False,0.9508674235277402,Full,False,,,,,,,,,,,,,0.7224062680759321,0.6336435820581585,0.9555134879318504,84,86.12506294146266,60.897705809153706,105.95047746976303,80.0,28.507846680206367,12.832786322022042,39.415731880009744,68.0,3.7330283430614712,2.0,5.0,72.0,0.2331072198559184,20.577535888941473,4.718620181942472,0.7227979778520776,0.10662468522123161,0.6025110403065295
Laquon Treadwell,WR,IND,WAS,IND@WAS,False,1.0,,False,,,,,,,,,,,,,0.0,0.043,0.04385,9,0.0,0.0,0.0,68.0,10.314523363581323,0.0,15.678569526432312,22.0,0.7696,0.0,1.0,29.0,0.04385,0.0,1.17745,0.004234097619595359,0.02766083386441836,0.043
Tyler Warren,TE,IND,WAS,IND@WAS,False,1.0,,False,,,,,,,,,,,,,0.01375,0.4299,0.5487,55,1.9047342089982773,0.0,0.4395406031866582,88.0,65.67066108092533,38.73549094577473,86.02316177244536,74.0,6.90165,5.0,9.0,78.0,0.53495,0.4305,9.76515,0.013197409112690371,0.22208651744733474,0.4299
Marcus Mariota,QB,WAS,IND,IND@WAS,False,1.0,,False,20.30525,17.0,23.0,69.0,229.95235818365384,173.5837520768626,276.1895178854079,64.0,1.5265,1.0,2.0,58.0,0.15415,0.1432,0.15415,37,,,,,,,,,,,,,,,,,,0.1432
Kaytron Allen,RB,WAS,IND,IND@WAS,False,1.0,,False,,,,,,,,,,,,,0.07975,0.08235,0.0847,22,14.225346567720786,3.5984223068388848,19.723401918612048,31.0,0.6706310027165914,0.0,0.0,65.0,0.0902,0.0,0.0,65.0,0.00495,3.0138,0.12235,0.07861718138388828,0.0038034958122500715,0.08235
John Bates,TE,WAS,IND,IND@WAS,False,1.0,,False,,,,,,,,,,,,,0.0,0.08035,0.0829,11,0.0,0.0,0.0,65.0,8.666480391209815,0.0,13.242352019772362,20.0,0.8874,0.0,1.0,32.0,0.0829,0.0,1.3279,0.0033335219393587755,0.034271209042520505,0.08035
Dyami Brown,WR,WAS,IND,IND@WAS,False,1.0,,False,,,,,,,,,,,,,0.0,0.1279,0.135,19,0.0,0.0,0.0,72.0,18.582747227776938,2.5975751694280858,28.051983279927622,31.0,1.6667,1.0,2.0,54.0,0.135,0.0,2.81545,0.0033335219393587755,0.07299162430800638,0.1279
Treylon Burks,WR,WAS,IND,IND@WAS,False,1.0,,False,,,,,,,,,,,,,0.0,0.12375,0.13135,9,0.0,0.0,0.0,63.0,18.672867889853812,1.2664539241776414,28.05417319289686,20.0,1.5718,1.0,2.0,44.0,0.13135,0.0,2.7574,0.004000226327230531,0.07162474647974579,0.12375
Jacory Croskey-Merritt,RB,WAS,IND,IND@WAS,False,1.0,,False,,,,,,,,,,,,,0.34065,0.3125,0.3688,61,62.69315294158491,40.84037701878562,79.22971139390272,72.0,4.2473870004697805,0.0,6.130535959168347,47.0,0.5908,0.0,1.0,39.0,0.02815,15.3544,0.8029,0.39918940712735934,0.02425711959796394,0.3125
Stefon Diggs,WR,WAS,IND,IND@WAS,False,1.0,,False,,,,,,,,,,,,,0.0,0.3299,0.3936,55,0.0,0.0,0.0,90.0,52.45137007866036,26.798878277696346,70.99784593489933,65.0,4.5563,3.0,6.0,70.0,0.3936,0.0,7.23635,0.0033335219393587755,0.18975821957203062,0.3299
Jaylin Lane,WR,WAS,IND,IND@WAS,False,1.0,,False,,,,,,,,,,,,,0.0,0.05425,0.0555,3,0.0,0.0,0.0,63.0,11.141361281386915,0.0,17.249234496987345,16.0,0.912,0.0,1.0,30.0,0.0555,0.0,1.55765,0.0033335219393587755,0.040422631107111785,0.05425
Luke McCaffrey,WR,WAS,IND,IND@WAS,False,1.0,,False,,,,,,,,,,,,,0.0,0.0542,0.05575,1,0.0,0.0,0.0,60.0,11.585017070190798,0.0,18.000512133731625,13.0,0.9436,0.0,1.0,28.0,0.05575,0.0,1.5373,0.0050002829090381624,0.040041123792524475,0.0542
Terry McLaurin,WR,WAS,IND,IND@WAS,False,0.6667342299285288,Questionable; Limited,False,,,,,,,,,,,,,0.0,0.25958370769691524,0.2962713387241689,29,0.0,0.0,0.0,60.0,48.95612253389316,22.529218789801796,67.7652430009911,41.0,3.602500748727164,2.0,5.0,43.0,0.2962713387241689,0.0,6.083632824198862,0.0033335219393587755,0.18332672094247834,0.17307334345329511
Chig Okonkwo,TE,WAS,IND,IND@WAS,False,0.9575230478992892,Limited,False,,,,,,,,,,,,,0.0,0.1542205243602491,0.16651839447380815,3,0.0,0.0,0.0,60.0,29.964497907421826,12.006259773591578,42.01818568539731,31.0,3.0638442618661363,2.0,4.0,41.0,0.16651839447380815,0.0,4.587681197341567,0.0050002829090381624,0.11956676576009709,0.14766970653405231
Ben Sinnott,TE,WAS,IND,IND@WAS,False,0.9575230478992892,Limited,False,,,,,,,,,,,,,0.0,0.02964085942809347,0.03016362590830676,3,0.0,0.0,0.0,60.0,5.302894465871168,0.0,7.5283833892007035,19.0,0.5439907993099482,0.0,1.0,7.0,0.03016362590830676,0.0,0.8034920800878248,0.0033335219393587755,0.020538393728769776,0.02838180606194244
Antonio Williams,WR,WAS,IND,IND@WAS,False,1.0,,False,,,,,,,,,,,,,0.0,0.20415,0.2245,27,0.0,0.0,0.0,75.0,32.40929098211789,12.096036240203954,46.265304997658376,43.0,2.7168,1.0,4.0,42.0,0.2245,0.0,4.3402,0.0033335219393587755,0.11319162781627881,0.20415
Colson Yankoff,TE,WAS,IND,IND@WAS,False,1.0,,False,,,,,,,,,,,,,0.0,0.023,0.02325,4,0.0,0.0,0.0,64.0,4.207637525674178,0.0,4.855339449524948,29.0,0.4309,0.0,1.0,4.0,0.02325,0.0,0.6482,0.0033335219393587755,0.01678339158996669,0.023
Cam Ward,QB,TEN,BAL,TEN@BAL,False,1.0,,False,20.616,18.0,23.0,92.0,205.88863670112718,158.13034557068858,244.3227791267915,87.0,0.83565,0.0,1.0,63.0,0.1239,0.11705,0.1239,61,,,,,,,,,,,,,,,,,,0.11705
Elic Ayomanor,WR,TEN,BAL,TEN@BAL,False,1.0,,False,,,,,,,,,,,,,0.0,0.1701,0.18415,43,0.0,0.0,0.0,74.0,33.899928371212305,12.59802999296288,48.09718484987977,43.0,2.65815,1.0,4.0,41.0,0.18415,0.0,4.63225,0.003916249950316416,0.12817674761548592,0.1701
Daniel Bellinger,TE,TEN,BAL,TEN@BAL,False,1.0,,False,,,,,,,,,,,,,0.0,0.02505,0.02535,7,0.0,0.0,0.0,66.0,8.350744858124916,0.0,12.835729884950823,20.0,0.9093,0.0,1.0,33.0,0.02535,0.0,1.328,0.003916249950316416,0.0403877529490561,0.02505
Julius Chestnut,RB,TEN,BAL,TEN@BAL,False,1.0,,False,,,,,,,,,,,,,0.0099,0.0131,0.0131,1,2.011197855707182,0.0,1.027265514482882,45.0,0.7196048338293929,0.0,0.0,60.0,0.1022,0.0,0.0,60.0,0.0032,0.4593,0.1388,0.01575545560465996,0.003863917885209165,0.0131
Chimere Dike,WR,TEN,BAL,TEN@BAL,False,1.0,,False,,,,,,,,,,,,,0.0,0.0437,0.04465,4,0.0,0.0,0.0,63.0,13.992627299790122,0.0,21.293826982051172,18.0,1.45035,0.0,2.0,22.0,0.04465,0.0,2.3101,0.003916249950316416,0.06436667964399567,0.0437
Gunnar Helm,TE,TEN,BAL,TEN@BAL,False,1.0,,False,,,,,,,,,,,,,0.0,0.1246,0.1327,36,0.0,0.0,0.0,78.0,25.427767522527247,9.922621925388547,36.265699698678404,47.0,2.9046,2.0,4.0,57.0,0.1327,0.0,4.13945,0.003916249950316416,0.12582907651581074,0.1246
Tony Pollard,RB,TEN,BAL,TEN@BAL,False,0.9508674235277402,Full,False,,,,,,,,,,,,,0.3659590159616499,0.3387768002950008,0.4089448453879787,78,66.53116667407335,43.49070124555644,84.18447759478724,73.0,11.01534267046438,1.5481977130291042,16.52438072074303,51.0,1.6954116841384397,1.0,2.0,73.0,0.04298582942632882,14.517989780329769,2.237475636095454,0.5531406939270431,0.062499661100723136,0.3221318232474792
Calvin Ridley,WR,TEN,BAL,TEN@BAL,False,1.0,,False,,,,,,,,,,,,,0.0,0.0601,0.0619,5,0.0,0.0,0.0,65.0,21.585969977918086,4.35756769908191,31.99391191355194,26.0,1.8097,1.0,3.0,32.0,0.0619,0.0,3.0901,0.003916249950316416,0.08522327060765761,0.0601
Wan'Dale Robinson,WR,TEN,BAL,TEN@BAL,False,1.0,,False,,,,,,,,,,,,,0.0,0.1682,0.1823,48,0.0,0.0,0.0,89.0,43.817059691984326,22.238924910627066,59.80440635521677,63.0,4.29915,3.0,6.0,68.0,0.1823,0.0,6.7978,0.003916249950316416,0.18848402126991512,0.1682
Nicholas Singleton,RB,TEN,BAL,TEN@BAL,False,1.0,,False,,,,,,,,,,,,,0.04705,0.05045,0.0519,8,10.313561843891309,1.2929863653142406,14.00658468995283,25.0,1.2059822932429698,0.0,0.0,62.0,0.17545,0.0,0.0,62.0,0.00485,2.384,0.2347,0.08344204357451426,0.006555824082885112,0.05045
Tyjae Spears,RB,TEN,BAL,TEN@BAL,False,0.7075836643559986,Questionable; Full,False,,,,,,,,,,,,,0.11946840096140252,0.1606814647250106,0.17354729252085396,17,25.415244547652826,11.011920324084961,34.172417917757095,35.0,14.196344156629776,3.8124572116985544,21.130652943756328,28.0,2.11805457373109,1.0,3.0,34.0,0.054078891559451434,5.72479852961968,2.7427541354446485,0.22218593794611782,0.0837617310257656,0.11369557960421213
Carnell Tate,WR,TEN,BAL,TEN@BAL,False,1.0,,False,,,,,,,,,,,,,0.0,0.1476,0.1583,41,0.0,0.0,0.0,92.0,50.84000281279201,26.885147161478056,68.29899696811054,68.0,4.6672,3.0,6.0,73.0,0.1583,0.0,7.44205,0.003916249950316416,0.2054629431648236,0.1476
Lamar Jackson,QB,BAL,TEN,TEN@BAL,False,0.98,Full,False,17.2248762313071,14.0,20.0,82.0,193.2942594719258,142.45959367285232,232.83825494832033,78.0,1.42637676721278,1.0,2.0,71.0,0.2314091767467973,0.20910529270657888,0.2314091767467973,54,,,,,,,,,,,,,,,,,,0.2049231868524473
Rasheen Ali,RB,BAL,TEN,TEN@BAL,False,1.0,,False,,,,,,,,,,,,,0.02495,0.0506,0.05205,1,3.0292680732321458,0.0,3.2822306141883564,27.0,4.024235221788728,0.0,5.479766930872648,19.0,0.55405,0.0,1.0,6.0,0.0271,0.7213,0.6984,0.02088902312650093,0.01921409995921496,0.0506
Mark Andrews,TE,BAL,TEN,TEN@BAL,False,0.9479829842591244,Full,False,,,,,,,,,,,,,0.0,0.29467249828740055,0.3468409126837751,35,0.0,0.0,0.0,84.0,46.656093934756534,24.055073710937386,63.230490355631915,60.0,4.927912736470464,3.0,6.0,67.0,0.3468409126837751,0.0,6.908678927122306,0.004189832939065345,0.19783456999272037,0.2793445143055817
Rashod Bateman,WR,BAL,TEN,TEN@BAL,False,1.0,,False,,,,,,,,,,,,,0.0,0.2604,0.30135,34,0.0,0.0,0.0,81.0,37.15031154272503,14.278882963475144,52.87509879146519,50.0,2.94135,2.0,4.0,60.0,0.30135,0.0,4.6764,0.004189832939065345,0.12597866564176702,0.2604
Josh Cuevas,TE,BAL,TEN,TEN@BAL,False,1.0,,False,,,,,,,,,,,,,0.0,0.01665,0.0168,2,0.0,0.0,0.0,62.0,3.0306390793288034,0.0,0.0,62.0,0.30545,0.0,0.0,62.0,0.0168,0.0,0.4254,0.004189832939065345,0.011822419975294082,0.01665
Zay Flowers,WR,BAL,TEN,TEN@BAL,False,0.6667342299285288,Questionable; Limited,False,,,,,,,,,,,,,0.010283159463487332,0.3695230998509687,0.451043219076006,19,1.280852337356268,0.0,0.0,51.0,81.1910147105125,44.4049163924251,108.59617290092145,35.0,5.268777943368107,3.0,7.0,35.0,0.44076005961251863,0.31982116244411324,7.618107302533532,0.00943814998905246,0.24921450437358095,0.24637369941993847
Derrick Henry,RB,BAL,TEN,TEN@BAL,False,1.0,,False,,,,,,,,,,,,,1.10895,0.7186,1.19045,85,95.32721363062734,68.3416640188238,117.13707341930575,85.0,10.302451360685605,0.0,15.652452676997154,54.0,1.4021,0.0,2.0,57.0,0.0815,21.7579,1.8047,0.631681562654459,0.04985149463156766,0.7186
Matthew Hibner,TE,BAL,TEN,TEN@BAL,False,1.0,,False,,,,,,,,,,,,,0.0,0.08575,0.0891,11,0.0,0.0,0.0,65.0,6.923769459266662,0.0,10.488746545928075,19.0,0.70415,0.0,1.0,22.0,0.0891,0.0,0.9803,0.004189832939065345,0.027525703874102046,0.08575
Justice Hill,RB,BAL,TEN,TEN@BAL,False,1.0,,False,,,,,,,,,,,,,0.1623,0.21765,0.24315,14,19.642099183017233,7.5703020351483366,26.62601816971598,44.0,10.800312676873157,0.0,16.26871749292135,27.0,1.44785,0.0,2.0,31.0,0.08085,4.7594,1.83955,0.13847395340698126,0.0513104263548793,0.21765
Chris Moore,WR,BAL,TEN,TEN@BAL,False,0.6667342299285288,Questionable; Limited,False,,,,,,,,,,,,,0.0,0.14628673995961408,0.15638321741081446,11,0.0,0.0,0.0,46.0,19.72056447827192,0.0,29.92875111499925,16.0,1.5156682372298258,0.0,2.0,20.0,0.15638321741081446,0.0,2.3909206491661057,0.004189832939065345,0.07122709913016065,0.09753437691572824
Durham Smythe,TE,BAL,TEN,TEN@BAL,False,0.9479829842591244,Full,False,,,,,,,,,,,,,0.0,0.06668423827095414,0.06831839746968899,9,0.0,0.0,0.0,60.0,4.073141882822991,0.0,4.005570906020976,32.0,0.41217712177121774,0.0,1.0,3.0,0.06831839746968899,0.0,0.571375856615709,0.004189832939065345,0.01641612211368583,0.06321552319914563
Devontez Walker,WR,BAL,TEN,TEN@BAL,False,1.0,,False,,,,,,,,,,,,,0.0,0.0606,0.0621,4,0.0,0.0,0.0,64.0,12.235938820468826,0.0,18.841319598270825,18.0,0.92165,0.0,1.0,31.0,0.0621,0.0,1.4038,0.005027799526878414,0.03755867941962394,0.0606
LaJohntay Wester,WR,BAL,TEN,TEN@BAL,False,1.0,,False,,,,,,,,,,,,,0.0,0.0358,0.0365,7,0.0,0.0,0.0,66.0,6.349319495874707,0.0,8.541789685309954,26.0,0.5229,0.0,1.0,9.0,0.0365,0.0,0.7877,0.004189832939065345,0.021086804748606518,0.0358
Drake Maye,QB,NE,BUF,NE@BUF,False,0.98,Full,False,19.07064468378337,16.0,22.0,84.0,222.6953694983032,167.0199559755908,267.52698662401133,80.0,1.4090143433209126,1.0,2.0,73.0,0.11969782042774743,0.11280690112806901,0.11969782042774743,56,,,,,,,,,,,,,,,,,,0.11055076310550763
Efton Chism III,WR,NE,BUF,NE@BUF,False,1.0,,False,,,,,,,,,,,,,0.0,0.07645,0.07945,10,0.0,0.0,0.0,64.0,7.474307987428247,0.0,10.943329196137968,20.0,0.6145,0.0,1.0,15.0,0.07945,0.0,1.00715,0.004104728878331038,0.02599433436293474,0.07645
Romeo Doubs,WR,NE,BUF,NE@BUF,False,1.0,,False,,,,,,,,,,,,,0.0,0.20785,0.2301,25,0.0,0.0,0.0,78.0,49.2760401712767,21.537878487352977,68.65292180544697,49.0,3.27075,2.0,4.0,59.0,0.2301,0.0,5.3951,0.003420607398609198,0.14054922021133662,0.20785
DeMario Douglas,WR,NE,BUF,NE@BUF,False,1.0,,False,,,,,,,,,,,,,0.0,0.1844,0.2022,30,0.0,0.0,0.0,82.0,36.26917902961732,13.920241810571698,51.44317459314815,51.0,2.7502,1.0,4.0,50.0,0.2022,0.0,4.5241,0.003420607398609198,0.11754833174869968,0.1844
Reggie Gilliam,RB,NE,BUF,NE@BUF,False,0.6469461218980005,Questionable; Limited,False,,,,,,,,,,,,,0.0,0.02485910599861036,0.025167914768779432,2,0.0,0.0,0.0,41.0,3.597759854707322,0.0,4.577116504535749,16.0,0.46552922102987726,0.0,1.0,2.0,0.025167914768779432,0.0,0.6325947656913457,0.0034463422181132495,0.017823402695611345,0.016082502219652295
TreVeyon Henderson,RB,NE,BUF,NE@BUF,False,1.0,,False,,,,,,,,,,,,,0.27515,0.286,0.3309,21,48.16713999557449,28.944277037035512,62.05891274526522,54.0,8.611747893220393,0.0,13.121486288831784,29.0,1.16405,0.0,2.0,23.0,0.05575,11.25325,1.56545,0.3924435384291572,0.04081260347257565,0.286
Hunter Henry,TE,NE,BUF,NE@BUF,False,1.0,,False,,,,,,,,,,,,,0.0,0.19295,0.2109,23,0.0,0.0,0.0,76.0,35.73673598610679,15.385206796462866,50.36357330113562,47.0,3.2254,2.0,4.0,57.0,0.2109,0.0,4.87335,0.003420607398609198,0.1419579598071125,0.19295
Mack Hollins,WR,NE,BUF,NE@BUF,False,1.0,,False,,,,,,,,,,,,,0.0,0.32295,0.38425,50,0.0,0.0,0.0,86.0,49.39936234444515,23.34009831234699,67.80750058688648,59.0,3.84595,2.0,5.0,62.0,0.38425,0.0,6.0463,0.003420607398609198,0.15778306240303785,0.32295
Corey Kiner,RB,NE,BUF,NE@BUF,False,1.0,,False,,,,,,,,,,,,,0.07345,0.08175,0.08515,12,11.822655610153195,2.9304605122448777,15.800085792073363,38.0,1.9418248023293863,0.0,0.0,71.0,0.2495,0.0,0.0,71.0,0.0117,3.17665,0.3448,0.1105084174304975,0.009062667900630667,0.08175
Lan Larison,RB,NE,BUF,NE@BUF,False,1.0,,False,,,,,,,,,,,,,0.0036,0.04685,0.048,2,0.6105771481101782,0.0,0.0,62.0,6.575645496990971,0.0,10.127417073830854,16.0,0.86035,0.0,1.0,27.0,0.0444,0.146,1.1824,0.005104368803723028,0.03069220871512116,0.04685
Cameron Latu,TE,NE,BUF,NE@BUF,False,1.0,,False,,,,,,,,,,,,,0.0,0.0018,0.00185,1,0.0,0.0,0.0,60.0,0.4020956501117016,0.0,0.0,60.0,0.0393,0.0,0.0,60.0,0.00185,0.0,0.06,0.003420607398609198,0.0018109767442914804,0.0018
Eli Raridon,TE,NE,BUF,NE@BUF,False,0.6667342299285288,Questionable; Limited,False,,,,,,,,,,,,,0.0,0.0587527269991725,0.06063341608365305,6,0.0,0.0,0.0,42.0,4.60537469285625,0.0,5.494727147531712,18.0,0.43797487399383134,0.0,1.0,2.0,0.06063341608365305,0.0,0.6559843526668171,0.004104728878331038,0.020575221191581387,0.03917245419199436
Rhamondre Stevenson,RB,NE,BUF,NE@BUF,False,1.0,,False,,,,,,,,,,,,,0.2212,0.3083,0.36155,44,31.473189882648573,15.968388917995709,41.91714687758006,70.0,24.04820755167095,9.05551541327909,34.278701753021,64.0,2.8282,1.0,4.0,63.0,0.14035,7.65715,3.7735,0.26623890526220995,0.09952766459605898,0.3083
Kyle Williams,WR,NE,BUF,NE@BUF,False,1.0,,False,,,,,,,,,,,,,0.0,0.06025,0.0623,9,0.0,0.0,0.0,68.0,13.205687105767202,0.0,20.612692575167397,21.0,0.966,0.0,2.0,8.0,0.0623,0.0,1.7027,0.003420607398609198,0.04437913907952491,0.06025
Josh Allen,QB,BUF,NE,NE@BUF,False,1.0,,False,17.3612,15.0,20.0,90.0,214.67725274804263,159.34263978488525,258.83284770381505,84.0,1.63145,1.0,2.0,80.0,0.42215,0.35135,0.42215,60,,,,,,,,,,,,,,,,,,0.35135
Keon Coleman,WR,BUF,NE,NE@BUF,False,0.9575230478992892,Limited,False,,,,,,,,,,,,,0.0,0.17673882278945438,0.19099533518528225,20,0.0,0.0,0.0,71.0,27.063883927578395,7.783565389949388,39.401807706862186,38.0,2.096598354211437,1.0,3.0,44.0,0.19099533518528225,0.0,3.378741024162692,0.003959113026160915,0.11333156500661175,0.16923149627949072
James Cook,RB,BUF,NE,NE@BUF,False,1.0,,False,,,,,,,,,,,,,0.9011,0.68215,1.08345,85,96.73479126169251,69.053558176669,119.49256675788429,84.0,14.135809788966196,1.9250725786270793,21.18486994557259,59.0,1.6861,1.0,2.0,82.0,0.18235,17.77475,2.3087,0.5738047511578297,0.07437672408091413,0.68215
Ray Davis,RB,BUF,NE,NE@BUF,False,0.6469461218980005,Questionable; Limited,False,,,,,,,,,,,,,0.06575278810408922,0.08000309789343246,0.0826363073110285,1,7.396958236044472,0.0,10.120309312517886,13.0,1.8125434342729236,0.0,0.0,39.0,0.2246747211895911,0.0,0.0,39.0,0.01688351920693928,1.649395910780669,0.3104089219330855,0.054305774939304295,0.010831313726771204,0.05175769392198223
Greg Dortch,WR,BUF,NE,NE@BUF,False,1.0,,False,,,,,,,,,,,,,0.0,0.0314,0.0317,1,0.0,0.0,0.0,60.0,5.229863460718611,0.0,6.52688328264534,23.0,0.4307,0.0,1.0,1.0,0.0317,0.0,0.67745,0.003959113026160915,0.022544626678764963,0.0314
Frank Gore Jr.,RB,BUF,NE,NE@BUF,False,1.0,,False,,,,,,,,,,,,,0.13165,0.13055,0.1385,1,14.359952543631781,4.073064946945826,19.791155294754816,28.0,0.9029640350995228,0.0,0.0,61.0,0.11005,0.0,0.0,61.0,0.00685,3.275,0.15245,0.10610591379796977,0.004953796734762246,0.13055
Jackson Hawes,TE,BUF,NE,NE@BUF,False,1.0,,False,,,,,,,,,,,,,0.0,0.02755,0.028,2,0.0,0.0,0.0,62.0,4.551875364052965,0.0,5.054585430603124,28.0,0.409,0.0,1.0,2.0,0.028,0.0,0.62115,0.003959113026160915,0.022073778545525103,0.02755
Ty Johnson,RB,BUF,NE,NE@BUF,False,1.0,,False,,,,,,,,,,,,,0.0291,0.14055,0.14945,4,3.091827811317488,0.0,3.5841044421492314,29.0,17.425397893562028,3.766194283928015,25.776174650937087,26.0,1.87685,1.0,3.0,32.0,0.12035,0.71605,2.63245,0.023271027301122724,0.08514220090294018,0.14055
Dalton Kincaid,TE,BUF,NE,NE@BUF,False,1.0,,False,,,,,,,,,,,,,0.0,0.22795,0.25685,35,0.0,0.0,0.0,87.0,43.69110897268109,18.99906270600114,61.276304695453334,58.0,3.34045,2.0,5.0,60.0,0.25685,0.0,4.891,0.003959113026160915,0.1751742787490198,0.22795
Dawson Knox,TE,BUF,NE,NE@BUF,False,1.0,,False,,,,,,,,,,,,,0.0094,0.1107,0.11685,13,1.0562416279107392,0.0,0.0,66.0,11.724040778688288,0.0,18.099910194359886,20.0,1.0475,0.0,2.0,9.0,0.10745,0.24205,1.5693,0.007958217092990123,0.05616927416501355,0.1107
Keleki Latu,TE,BUF,NE,NE@BUF,False,1.0,,False,,,,,,,,,,,,,0.0,0.0047,0.00475,1,0.0,0.0,0.0,60.0,0.8155244499688453,0.0,0.0,60.0,0.0745,0.0,0.0,60.0,0.00475,0.0,0.1142,0.003959113026160915,0.004143780788528634,0.0047
DJ Moore,WR,BUF,NE,NE@BUF,False,0.9575230478992892,Limited,False,,,,,,,,,,,,,0.008258415220572862,0.2888877273677608,0.3344135479824378,41,1.0228855427968027,0.0,0.0,85.0,48.15909773692693,20.888324453423632,67.47439121418401,57.0,3.2739389504495087,2.0,4.0,67.0,0.3261551327618649,0.23797825632448255,5.496027597742003,0.007624958420754353,0.18465351018489073,0.2766166572098772
Josh Palmer,WR,BUF,NE,NE@BUF,False,1.0,,False,,,,,,,,,,,,,0.0,0.08695,0.09115,9,0.0,0.0,0.0,68.0,19.09179458435079,0.0,29.23894361634371,22.0,1.1865,0.0,2.0,17.0,0.09115,0.0,2.03845,0.003959113026160915,0.06758716995596198,0.08695
Khalil Shakir,WR,BUF,NE,NE@BUF,False,1.0,,False,,,,,,,,,,,,,0.0,0.31935,0.37985,48,0.0,0.0,0.0,84.0,39.30068992529656,16.87975297780136,54.61167235343861,55.0,3.15515,2.0,4.0,65.0,0.37985,0.0,5.0797,0.003959113026160915,0.16828850277929394,0.31935
Geno Smith,QB,NYJ,CHI,NYJ@CHI,False,1.0,,False,20.32095,17.0,23.0,91.0,235.35160501090317,180.0976835869225,280.1800177017926,87.0,1.1721,0.0,2.0,49.0,0.18455,0.16935,0.18455,62,,,,,,,,,,,,,,,,,,0.16935
Braelon Allen,RB,NYJ,CHI,NYJ@CHI,False,1.0,,False,,,,,,,,,,,,,0.4674,0.4957,0.66215,54,67.5263340999807,43.91462439676339,85.83431070849227,61.0,10.878263570546299,0.0,16.437926327561872,34.0,1.335,0.0,2.0,34.0,0.19475,15.4753,1.73025,0.23478858634676514,0.030165411344866562,0.4957
Andrew Beck,RB,NYJ,CHI,NYJ@CHI,False,1.0,,False,,,,,,,,,,,,,0.0242,0.0334,0.0338,1,4.404884621660001,0.0,5.365450429432983,23.0,2.440157629945945,0.0,0.0,60.0,0.2939,0.0,0.0,60.0,0.0096,0.93825,0.37945,0.014021137332171342,0.006716844245156507,0.0334
Isaiah Davis,RB,NYJ,CHI,NYJ@CHI,False,1.0,,False,,,,,,,,,,,,,0.03455,0.0634,0.06515,1,6.436600228372114,0.0,8.69928610327301,19.0,7.404757499895309,0.0,11.261961954617497,14.0,0.8497,0.0,1.0,25.0,0.0306,1.27215,1.10645,0.019252381206994136,0.019492222456292747,0.0634
Malik McClain,WR,NYJ,CHI,NYJ@CHI,False,1.0,,False,,,,,,,,,,,,,0.0,0.00895,0.00905,1,0.0,0.0,0.0,60.0,2.886525872079304,0.0,0.0,60.0,0.2083,0.0,0.0,60.0,0.00905,0.0,0.32115,0.005909963665050036,0.005740579257988565,0.00895
Jamaal Pritchett,WR,NYJ,CHI,NYJ@CHI,False,1.0,,False,,,,,,,,,,,,,0.0,0.0082,0.0082,1,0.0,0.0,0.0,60.0,2.5395316855004566,0.0,0.0,60.0,0.1834,0.0,0.0,60.0,0.0082,0.0,0.2846,0.005909963665050036,0.005045430988466511,0.0082
Jeremy Ruckert,TE,NYJ,CHI,NYJ@CHI,False,0.9479829842591244,Full,False,,,,,,,,,,,,,0.0,0.15586330367015955,0.16823758622505397,24,0.0,0.0,0.0,69.0,20.098904556073883,3.9582268199539596,30.091269580074105,32.0,1.958506661049971,1.0,3.0,40.0,0.16823758622505397,0.0,2.6823232057290296,0.003939975776700024,0.05291565284241248,0.147755759749724
Kenyon Sadiq,TE,NYJ,CHI,NYJ@CHI,False,0.6667342299285288,Questionable; Limited,False,,,,,,,,,,,,,0.07375694757398227,0.22840618897401233,0.254393871113114,20,2.1554950633848478,0.0,0.5388070950661956,50.0,48.40177206900259,23.795920554789113,66.38924774222217,37.0,4.299083671323419,3.0,6.0,41.0,0.18063692353913174,0.4747634069400631,6.085699263932702,0.007307476440546198,0.1369951058256915,0.15228622451649815
Sterling Shepard,WR,NYJ,CHI,NYJ@CHI,False,1.0,,False,,,,,,,,,,,,,0.0,0.07545,0.07825,1,0.0,0.0,0.0,61.0,23.72376067260929,4.258268268213639,35.33704920316133,22.0,1.86375,1.0,3.0,29.0,0.07825,0.0,2.827,0.005909963665050036,0.05193267172975959,0.07545
Isaiah Williams,WR,NYJ,CHI,NYJ@CHI,False,1.0,,False,,,,,,,,,,,,,0.0152,0.17645,0.19215,21,2.716631352519949,0.0,2.069455220605024,52.0,32.26074267148716,12.574469378635431,45.90253802651018,43.0,3.06925,2.0,4.0,55.0,0.17695,0.58125,4.52475,0.008804143402255608,0.08277554326648588,0.17645
Garrett Wilson,WR,NYJ,CHI,NYJ@CHI,False,1.0,,False,,,,,,,,,,,,,0.0,0.34955,0.42245,50,0.0,0.0,0.0,97.0,114.50068660263805,73.20244159775135,147.1263075800848,81.0,8.9037,7.0,11.0,87.0,0.42245,0.0,13.4878,0.003939975776700024,0.24603286285780593,0.34955
Jelani Woods,TE,NYJ,CHI,NYJ@CHI,False,1.0,,False,,,,,,,,,,,,,0.0,0.01185,0.0119,2,0.0,0.0,0.0,62.0,3.329674065741133,0.0,0.0,62.0,0.2971,0.0,0.0,62.0,0.0119,0.0,0.41645,0.003939975776700024,0.008119210245422335,0.01185
Case Keenum,QB,CHI,NYJ,NYJ@CHI,False,1.0,,False,19.01715,16.0,22.0,61.0,195.3529261155115,145.72400113976667,235.36459713608753,56.0,1.3926,1.0,2.0,49.0,0.17765,0.1625,0.17765,29,,,,,,,,,,,,,,,,,,0.1625
Luther Burden III,WR,CHI,NYJ,NYJ@CHI,False,1.0,,False,,,,,,,,,,,,,0.01015,0.29085,0.33725,73,1.485478487151883,0.0,0.0,91.0,40.84980822713845,19.15643656797505,56.56339567938068,64.0,3.6922,2.0,5.0,67.0,0.3271,0.33235,5.63285,0.010305244691985637,0.19133378722720462,0.29085
Kaden Davis,WR,CHI,NYJ,NYJ@CHI,False,1.0,,False,,,,,,,,,,,,,0.0,0.01045,0.0105,1,0.0,0.0,0.0,60.0,2.3238971293762996,0.0,0.0,60.0,0.20755,0.0,0.0,60.0,0.0105,0.0,0.3378,0.005506739062246349,0.011275716217398493,0.01045
Roschon Johnson,RB,CHI,NYJ,NYJ@CHI,False,1.0,,False,,,,,,,,,,,,,0.00895,0.01395,0.014,1,1.4935123609530205,0.0,0.0,60.0,0.6980512103879091,0.0,0.0,60.0,0.1051,0.0,0.0,60.0,0.00505,0.323,0.1412,0.009644007187102652,0.004653028498385358,0.01395
Cole Kmet,TE,CHI,NYJ,NYJ@CHI,False,1.0,,False,,,,,,,,,,,,,0.0,0.06445,0.0663,7,0.0,0.0,0.0,67.0,12.317668796742838,0.0,18.89185522098532,21.0,1.3019,0.0,2.0,21.0,0.0663,0.0,1.99035,0.0036711593748308996,0.07057297439755689,0.06445
Colston Loveland,TE,CHI,NYJ,NYJ@CHI,False,1.0,,False,,,,,,,,,,,,,0.0,0.18285,0.2006,30,0.0,0.0,0.0,72.0,25.32615330890839,9.40986225350748,36.11817215867283,41.0,2.6917,1.0,4.0,39.0,0.2006,0.0,3.9896,0.0036711593748308996,0.14183715580885023,0.18285
Kyle Monangai,RB,CHI,NYJ,NYJ@CHI,False,1.0,,False,,,,,,,,,,,,,0.3119,0.32495,0.3872,62,44.68849015506967,24.737789827097586,58.914920379258405,59.0,7.069011066904974,0.0,10.860344863077502,35.0,1.0461,0.0,2.0,24.0,0.0753,8.33925,1.4933,0.2560962134541158,0.04917172397461692,0.32495
Rome Odunze,WR,CHI,NYJ,NYJ@CHI,False,1.0,,False,,,,,,,,,,,,,0.0,0.21385,0.23835,30,0.0,0.0,0.0,78.0,42.15677187005951,18.148415632550538,59.00077151690488,49.0,3.2264,2.0,4.0,59.0,0.23835,0.0,5.521,0.0036711593748308996,0.18654489546444142,0.21385
Kalif Raymond,WR,CHI,NYJ,NYJ@CHI,False,1.0,,False,,,,,,,,,,,,,0.0,0.2059,0.2279,48,0.0,0.0,0.0,89.0,35.230394371037036,15.057973819718502,49.117346662875704,60.0,3.26235,2.0,4.0,70.0,0.2279,0.0,4.88845,0.0036711593748308996,0.16507778349184551,0.2059
Sam Roush,TE,CHI,NYJ,NYJ@CHI,False,1.0,,False,,,,,,,,,,,,,0.0,0.04995,0.05095,11,0.0,0.0,0.0,65.0,5.5825967914110555,0.0,8.226295460932448,21.0,0.6081,0.0,1.0,16.0,0.05095,0.0,0.90675,0.0036711593748308996,0.0322373795249698,0.04995
D'Andre Swift,RB,CHI,NYJ,NYJ@CHI,False,0.9508674235277402,Full,False,,,,,,,,,,,,,0.5865789473684211,0.5172105263157895,0.7078947368421052,77,70.90290675392166,47.210324725554855,89.04088899242218,73.0,14.517460211351958,3.9462557483580882,21.278694308280468,55.0,2.0648947368421053,1.0,3.0,62.0,0.12131578947368421,14.489105263157894,2.843,0.46391466934679054,0.09415438828880474,0.4917986405793212
Zavion Thomas,WR,CHI,NYJ,NYJ@CHI,False,1.0,,False,,,,,,,,,,,,,0.0,0.01745,0.0177,1,0.0,0.0,0.0,61.0,3.2510309790465004,0.0,0.0,61.0,0.2915,0.0,0.0,61.0,0.0177,0.0,0.4627,0.0036711593748308996,0.0158355534296039,0.01745
Jahdae Walker,WR,CHI,NYJ,NYJ@CHI,False,1.0,,False,,,,,,,,,,,,,0.0,0.05085,0.0523,7,0.0,0.0,0.0,61.0,5.985237651244739,0.0,8.50475272327706,19.0,0.5441,0.0,1.0,6.0,0.0523,0.0,0.86695,0.0036711593748308996,0.02915928246233834,0.05085
Trevor Lawrence,QB,JAX,CIN,JAX@CIN,False,1.0,,False,17.9437,15.0,21.0,86.0,214.10659525221507,158.82798465410727,257.52585578948793,82.0,1.75585,1.0,3.0,62.0,0.0786,0.0757,0.0786,57,,,,,,,,,,,,,,,,,,0.0757
Ameer Abdullah,RB,JAX,CIN,JAX@CIN,False,1.0,,False,,,,,,,,,,,,,0.07795,0.15595,0.16835,17,14.078792069881915,3.7447296900868565,19.543470611176932,37.0,6.451298694784935,0.0,10.073230155100568,24.0,0.85955,0.0,1.0,36.0,0.0904,2.9872,1.17105,0.1012339773294711,0.03897586367971787,0.15595
LeQuint Allen Jr.,RB,JAX,CIN,JAX@CIN,False,0.9951309141019752,Limited,False,,,,,,,,,,,,,0.011403596905455641,0.08414548377373657,0.08680799758866674,10,1.9574310439062148,0.0,0.7442005766901548,52.0,4.821068283964992,0.0,7.164977645630173,19.0,0.63739576007234,0.0,1.0,17.0,0.0754044006832111,0.42328946046418164,0.8682306842158143,0.014411611963900142,0.028842503785887787,0.08373577218531139
Nate Boerkircher,TE,JAX,CIN,JAX@CIN,False,0.9479829842591244,Full,False,,,,,,,,,,,,,0.0,0.06151735781365411,0.06346945235834124,9,0.0,0.0,0.0,60.0,4.585647662340786,0.0,5.83526527611458,24.0,0.45198902606310015,0.0,1.0,3.0,0.06346945235834124,0.0,0.6695684288276881,0.003731281965321853,0.02316884689475601,0.05831740844392419
Josh Cameron,WR,JAX,CIN,JAX@CIN,False,1.0,,False,,,,,,,,,,,,,0.0,0.14465,0.1541,18,0.0,0.0,0.0,66.0,13.537310228694205,0.0,20.678677905194064,21.0,1.0693,0.0,2.0,10.0,0.1541,0.0,1.7339,0.003731281965321853,0.055206768305918905,0.14465
Jakobi Meyers,WR,JAX,CIN,JAX@CIN,False,0.9479829842591244,Full,False,,,,,,,,,,,,,0.006172188225364001,0.28909052542730534,0.334880776535134,29,1.043498340552314,0.0,0.0,74.0,45.11288748151348,21.363507541748394,61.80441489997758,48.0,3.643437434057818,2.0,5.0,50.0,0.32870858830977,0.22357037349651826,5.677199831188014,0.007618034012532117,0.18433128756821218,0.2740528990156152
Quintin Morris,TE,JAX,CIN,JAX@CIN,False,1.0,,False,,,,,,,,,,,,,0.0,0.03455,0.035,4,0.0,0.0,0.0,63.0,5.073163305100617,0.0,6.8385323754946725,23.0,0.5001,0.0,1.0,3.0,0.035,0.0,0.75295,0.003731281965321853,0.026344403442872016,0.03455
Chris Rodriguez Jr.,RB,JAX,CIN,JAX@CIN,False,1.0,,False,,,,,,,,,,,,,0.25475,0.23435,0.2629,42,30.91599571657168,15.408470096820707,41.104936605761786,48.0,0.9406284536101708,0.0,0.0,73.0,0.12225,0.0,0.0,73.0,0.00815,6.8871,0.1683,0.23408361488355425,0.005406753480438396,0.23435
Brenton Strange,TE,JAX,CIN,JAX@CIN,False,1.0,,False,,,,,,,,,,,,,0.0,0.23985,0.27055,29,0.0,0.0,0.0,76.0,32.30723090689662,13.217080311416229,45.418096191324246,46.0,3.0316,2.0,4.0,56.0,0.27055,0.0,4.44505,0.003731281965321853,0.15382111911821386,0.23985
Brian Thomas Jr.,WR,JAX,CIN,JAX@CIN,False,1.0,,False,,,,,,,,,,,,,0.0,0.2276,0.2551,21,0.0,0.0,0.0,79.0,44.19563415112251,19.144569181165032,61.528289954364766,50.0,3.2268,2.0,4.0,61.0,0.2551,0.0,5.52195,0.003731281965321853,0.17753827286255672,0.2276
Bhayshul Tuten,RB,JAX,CIN,JAX@CIN,False,1.0,,False,,,,,,,,,,,,,0.38485,0.3985,0.49425,77,61.664693483733465,39.91271522613862,78.36432879946551,77.0,9.06338895834812,0.0,13.848476120869089,49.0,1.1936,0.0,2.0,45.0,0.1094,12.78245,1.6322,0.43244341261558644,0.05404793252586473,0.3985
Parker Washington,WR,JAX,CIN,JAX@CIN,False,1.0,,False,,,,,,,,,,,,,0.0,0.3653,0.4483,57,0.0,0.0,0.0,97.0,63.46782966495459,32.60753515316159,85.38593087892505,72.0,4.47655,3.0,6.0,77.0,0.4483,0.0,7.3193,0.003731281965321853,0.23450791901632653,0.3653
Joe Burrow,QB,CIN,JAX,JAX@CIN,False,1.0,,False,21.1547,18.0,24.0,91.0,244.57191765399645,184.491622745568,293.42041688049255,87.0,1.9678,1.0,3.0,70.0,0.04835,0.04725,0.04835,62,,,,,,,,,,,,,,,,,,0.04725
Erick All,TE,CIN,JAX,JAX@CIN,False,1.0,,False,,,,,,,,,,,,,0.0,0.04005,0.041,5,0.0,0.0,0.0,65.0,6.144560296659771,0.0,8.82563587330642,22.0,0.5724,0.0,1.0,12.0,0.041,0.0,0.8139,0.00413472599357225,0.021523188759094373,0.04005
Tahj Brooks,RB,CIN,JAX,JAX@CIN,False,1.0,,False,,,,,,,,,,,,,0.01825,0.0266,0.02695,1,2.8529709846247098,0.0,3.2073803704001698,26.0,0.9930708493818591,0.0,0.0,60.0,0.1218,0.0,0.0,60.0,0.0087,0.6806,0.15805,0.02667412687861754,0.004337945783848672,0.0266
Chase Brown,RB,CIN,JAX,JAX@CIN,False,1.0,,False,,,,,,,,,,,,,0.53825,0.5704,0.8078,82,67.81455740436812,45.17147013438353,84.96559765163107,82.0,25.732967844017036,11.47155108407977,36.02701528260023,71.0,3.49395,2.0,5.0,74.0,0.26955,16.38955,4.5279,0.6472878408039563,0.1265709806088277,0.5704
Ja'Marr Chase,WR,CIN,JAX,JAX@CIN,False,1.0,,False,,,,,,,,,,,,,0.0,0.49565,0.6629,66,0.0,0.0,0.0,97.0,75.94875210390228,44.45346269320024,99.01520576499014,78.0,6.2747,4.0,8.0,81.0,0.6629,0.0,9.4558,0.00413472599357225,0.2650837233849418,0.49565
Mike Gesicki,TE,CIN,JAX,JAX@CIN,False,1.0,,False,,,,,,,,,,,,,0.0,0.27395,0.3139,29,0.0,0.0,0.0,76.0,33.12586319569309,13.056521851612285,46.95755142009739,45.0,2.9318,2.0,4.0,56.0,0.3139,0.0,4.21565,0.00413472599357225,0.11094734731330717,0.27395
Tee Higgins,WR,CIN,JAX,JAX@CIN,False,1.0,,False,,,,,,,,,,,,,0.0,0.3153,0.37125,46,0.0,0.0,0.0,97.0,67.34674258762722,34.15604424437939,91.48952358270475,71.0,4.2847,3.0,6.0,76.0,0.37125,0.0,6.77715,0.00413472599357225,0.19010284318632523,0.3153
Tanner Hudson,TE,CIN,JAX,JAX@CIN,False,1.0,,False,,,,,,,,,,,,,0.0,0.0688,0.0706,4,0.0,0.0,0.0,64.0,10.925001986654298,0.0,16.679626923464365,18.0,1.0247,0.0,2.0,5.0,0.0706,0.0,1.4128,0.0049616711922867,0.03740035518705615,0.0688
Dohnte Meyers,WR,CIN,JAX,JAX@CIN,False,1.0,,False,,,,,,,,,,,,,0.0054,0.099,0.1039,12,0.9993167404677668,0.0,0.0,71.0,17.020903505992784,0.0,26.21152140943721,25.0,1.2815,0.0,2.0,24.0,0.0985,0.2381,1.9867,0.009239325985636756,0.05561048031259868,0.099
Samaje Perine,RB,CIN,JAX,JAX@CIN,False,1.0,,False,,,,,,,,,,,,,0.1656,0.23645,0.26475,29,21.608399863286305,8.997817791977129,29.231282727850477,48.0,12.70301097279427,0.0,19.06524427419546,31.0,1.55965,0.0,2.0,38.0,0.09915,5.22055,2.00395,0.20612089386050284,0.05673666024646542,0.23645
Drew Sample,TE,CIN,JAX,JAX@CIN,False,1.0,,False,,,,,,,,,,,,,0.0,0.1153,0.12275,14,0.0,0.0,0.0,68.0,10.59745113062375,0.0,16.476335258751842,21.0,0.9971,0.0,2.0,8.0,0.12275,0.0,1.394,0.00413472599357225,0.036992000577719036,0.1153
Ke'Shawn Williams,WR,CIN,JAX,JAX@CIN,False,1.0,,False,,,,,,,,,,,,,0.0,0.0079,0.00795,1,0.0,0.0,0.0,60.0,1.431552237285561,0.0,0.0,60.0,0.10475,0.0,0.0,60.0,0.00795,0.0,0.16335,0.006202088990358376,0.004542986839624691,0.0079
Dak Prescott,QB,DAL,HOU,DAL@HOU,False,1.0,,False,21.95005,19.0,25.0,92.0,247.70942292117314,187.93170909053885,294.9646608916669,87.0,1.53435,1.0,2.0,80.0,0.0755,0.07335,0.0755,62,,,,,,,,,,,,,,,,,,0.07335
Emari Demercado,RB,DAL,HOU,DAL@HOU,False,1.0,,False,,,,,,,,,,,,,0.069,0.0833,0.08705,9,13.213138507836517,3.563977748645052,18.09054687102012,30.0,3.2492860420030167,0.0,3.6299136881190295,29.0,0.4302,0.0,1.0,3.0,0.01805,3.0401,0.57325,0.12382359507220966,0.01641180341718999,0.0833
Jake Ferguson,TE,DAL,HOU,DAL@HOU,False,1.0,,False,,,,,,,,,,,,,0.0,0.2299,0.25625,41,0.0,0.0,0.0,78.0,31.91501395127692,13.840933418216387,44.50859895753861,49.0,3.3862,2.0,5.0,51.0,0.25625,0.0,4.65745,0.003788934110224781,0.12892449113833512,0.2299
Ryan Flournoy,WR,DAL,HOU,DAL@HOU,False,1.0,,False,,,,,,,,,,,,,0.0,0.22615,0.2547,54,0.0,0.0,0.0,89.0,33.971949366063974,13.850893720512506,47.93362411849699,59.0,3.0138,2.0,4.0,69.0,0.2547,0.0,4.6983,0.003788934110224781,0.13724462754810904,0.22615
Tyler Goodson,RB,DAL,HOU,DAL@HOU,False,1.0,,False,,,,,,,,,,,,,0.08985,0.107,0.11235,9,15.74406757129421,5.257473851275325,21.417797845752318,33.0,3.612102071146824,0.0,4.5411497992475525,26.0,0.4806,0.0,1.0,4.0,0.0225,3.8392,0.6362,0.15533001680093902,0.018024068567615528,0.107
CeeDee Lamb,WR,DAL,HOU,DAL@HOU,False,1.0,,False,,,,,,,,,,,,,0.00565,0.30015,0.34795,60,1.1148543069344408,0.0,0.0,97.0,76.3371790687581,41.84616814538277,101.54365963268731,77.0,5.2909,4.0,7.0,83.0,0.3423,0.2658,7.98455,0.010805478758789188,0.23453211669030724,0.30015
Hunter Luepke,RB,DAL,HOU,DAL@HOU,False,1.0,,False,,,,,,,,,,,,,0.02015,0.0336,0.03405,1,3.6743908143198087,0.0,4.38250526603221,26.0,2.2907548802705024,0.0,0.0,61.0,0.307,0.0,0.0,61.0,0.0139,0.86325,0.4049,0.03480467659466474,0.011351132874442062,0.0336
Jonathan Mingo,WR,DAL,HOU,DAL@HOU,False,1.0,,False,,,,,,,,,,,,,0.0,0.02195,0.0222,2,0.0,0.0,0.0,62.0,5.1658208161775825,0.0,5.397262888174109,30.0,0.4105,0.0,1.0,2.0,0.0222,0.0,0.6356,0.003788934110224781,0.018586510268320998,0.02195
George Pickens,WR,DAL,HOU,DAL@HOU,False,1.0,,False,,,,,,,,,,,,,0.0,0.28255,0.3254,60,0.0,0.0,0.0,97.0,60.688932940181935,32.51927053487154,81.26556026971637,76.0,4.8673,3.0,6.0,82.0,0.3254,0.0,7.50845,0.003788934110224781,0.21944210798844124,0.28255
Luke Schoonmaker,TE,DAL,HOU,DAL@HOU,False,1.0,,False,,,,,,,,,,,,,0.0,0.0335,0.03395,4,0.0,0.0,0.0,63.0,6.654056368047421,0.0,9.731863854462699,19.0,0.6449,0.0,1.0,17.0,0.03395,0.0,0.95265,0.003788934110224781,0.0261781961012032,0.0335
Brevyn Spann-Ford,TE,DAL,HOU,DAL@HOU,False,1.0,,False,,,,,,,,,,,,,0.0,0.03655,0.0373,5,0.0,0.0,0.0,65.0,8.49820882689943,0.0,13.09941803599408,19.0,0.83645,0.0,1.0,29.0,0.0373,0.0,1.19865,0.003788934110224781,0.0328463930960007,0.03655
KaVontae Turpin,WR,DAL,HOU,DAL@HOU,False,1.0,,False,,,,,,,,,,,,,0.02535,0.0997,0.10505,22,1.4275747245335833,0.0,0.0,65.0,14.66684655302458,0.0,22.53907332938465,19.0,1.0708,0.0,2.0,9.0,0.0797,0.3438,1.6363,0.014013042026704347,0.04777100741973718,0.0997
Javonte Williams,RB,DAL,HOU,DAL@HOU,False,1.0,,False,,,,,,,,,,,,,0.4511,0.4919,0.6541,85,55.30281345049602,34.66002903627196,70.43226837591862,81.0,18.357255112871773,6.922776967877391,26.217985478214903,68.0,2.78595,1.0,4.0,68.0,0.203,13.44655,3.7341,0.5415981468935401,0.10398067628201126,0.4919
C.J. Stroud,QB,HOU,DAL,DAL@HOU,False,1.0,,False,22.14645,19.0,25.0,92.0,245.44024261981562,186.71774901427514,293.33510143351594,87.0,1.7204,1.0,2.0,83.0,0.09875,0.0944,0.09875,62,,,,,,,,,,,,,,,,,,0.0944
Lewis Bond,WR,HOU,DAL,DAL@HOU,False,1.0,,False,,,,,,,,,,,,,0.0,0.02535,0.02555,1,0.0,0.0,0.0,61.0,5.051179021165147,0.0,5.5398493132234865,28.0,0.4192,0.0,1.0,1.0,0.02555,0.0,0.6785,0.005043335685979333,0.017434048938545523,0.02535
Kayshon Boutte,WR,HOU,DAL,DAL@HOU,False,1.0,,False,,,,,,,,,,,,,0.0,0.16675,0.18125,27,0.0,0.0,0.0,74.0,23.451415567436595,4.534983588909421,34.638600592794305,36.0,1.81325,1.0,3.0,41.0,0.18125,0.0,2.85105,0.004202779738316111,0.07405539583567827,0.16675
British Brooks,RB,HOU,DAL,DAL@HOU,False,0.5949864089398973,DNP,False,,,,,,,,,,,,,0.013856032443393038,0.014954376478540048,0.014954376478540048,1,1.512709715708526,0.0,0.0,36.0,0.20366590797973044,0.0,0.0,36.0,0.026360256843528218,0.0,0.0,36.0,0.0010983440351470092,0.29731328151402503,0.03447110510307536,0.01229254279267678,0.0010345662308345856,0.00889765075890181
Nico Collins,WR,HOU,DAL,DAL@HOU,False,0.9479829842591244,Full,False,,,,,,,,,,,,,0.012502637687275796,0.3275480059084195,0.39164380671027643,22,1.6484671902599735,0.0,0.0,67.0,65.84195337495808,35.81647682606612,88.10290991976993,44.0,5.116691285081241,3.0,7.0,45.0,0.37914116902300066,0.32781177463599914,8.32443553492298,0.012871012948593089,0.21815729774871698,0.3105099361291888
Xavier Hutchinson,WR,HOU,DAL,DAL@HOU,False,1.0,,False,,,,,,,,,,,,,0.0161,0.2118,0.23645,42,2.164175600087736,0.0,1.3525684605687656,75.0,35.76817907342551,14.343661389734333,50.915459800681965,63.0,2.96885,2.0,4.0,73.0,0.22035,0.4382,5.0233,0.017544937637732332,0.12897755670948935,0.2118
Marlin Klein,TE,HOU,DAL,DAL@HOU,False,1.0,,False,,,,,,,,,,,,,0.0,0.01395,0.01405,2,0.0,0.0,0.0,62.0,2.4979957515009983,0.0,0.0,62.0,0.26145,0.0,0.0,62.0,0.01405,0.0,0.3807,0.004202779738316111,0.010059658176595324,0.01395
Woody Marks,RB,HOU,DAL,DAL@HOU,False,1.0,,False,,,,,,,,,,,,,0.37325,0.40335,0.5041,55,36.49430120853235,19.780894549140715,48.11669993164669,62.0,9.156831868290553,0.0,13.932703509324387,40.0,1.28045,0.0,2.0,38.0,0.13085,8.19265,1.78415,0.3254418215293464,0.052439376546490245,0.40335
David Montgomery,RB,HOU,DAL,DAL@HOU,False,1.0,,False,,,,,,,,,,,,,0.5864,0.5034,0.68175,81,52.55849168131412,32.517675088388124,67.54894135671732,74.0,8.702515548568378,0.0,13.191975641217763,49.0,1.21115,0.0,2.0,44.0,0.09535,12.12205,1.60725,0.48050976778317295,0.04712366165599306,0.5034
Foster Moreau,TE,HOU,DAL,DAL@HOU,False,1.0,,False,,,,,,,,,,,,,0.0,0.1615,0.1745,25,0.0,0.0,0.0,73.0,16.586430564376993,2.4898463280481464,24.795300565065524,32.0,1.72335,1.0,3.0,38.0,0.1745,0.0,2.52855,0.004202779738316111,0.06758461795132445,0.1615
Jaylin Noel,WR,HOU,DAL,DAL@HOU,False,1.0,,False,,,,,,,,,,,,,0.01715,0.0938,0.0972,16,2.4259240348212026,0.0,1.8779128690560891,51.0,17.46470281598768,0.0,26.396050398845645,29.0,1.4022,0.0,2.0,32.0,0.08005,0.47345,2.18755,0.018656784129350353,0.05646175690647104,0.0938
Dalton Schultz,TE,HOU,DAL,DAL@HOU,False,0.9575230478992892,Limited,False,,,,,,,,,,,,,0.0,0.26199801556217034,0.2975612303514544,47,0.0,0.0,0.0,96.0,46.51286810643607,24.29704707682768,62.642825865584776,72.0,4.860044910961408,3.0,6.0,78.0,0.2975612303514544,0.0,6.9604156875032634,0.004202779738316111,0.1884575305919926,0.25086913840465475
Cade Stover,TE,HOU,DAL,DAL@HOU,False,1.0,,False,,,,,,,,,,,,,0.0,0.03475,0.03545,2,0.0,0.0,0.0,62.0,5.972961951758771,0.0,8.737442073094249,18.0,0.63005,0.0,1.0,14.0,0.03545,0.0,0.94245,0.004202779738316111,0.025231271717919168,0.03475
Jared Wayne,WR,HOU,DAL,DAL@HOU,False,1.0,,False,,,,,,,,,,,,,0.0,0.18515,0.20135,27,0.0,0.0,0.0,79.0,31.332998381854384,10.80900983397397,45.05778433803928,46.0,2.53005,1.0,4.0,44.0,0.20135,0.0,4.19895,0.004202779738316111,0.10867900941266526,0.18515
Jacoby Brissett,QB,ARI,NYG,ARI@NYG,False,1.0,,False,22.33445,19.0,25.0,92.0,205.8099986918107,157.28934010926963,245.80812576440786,87.0,1.60685,1.0,2.0,81.0,0.10955,0.1042,0.10955,62,,,,,,,,,,,,,,,,,,0.1042
Tyler Allgeier,RB,ARI,NYG,ARI@NYG,False,1.0,,False,,,,,,,,,,,,,0.19025,0.2564,0.29205,62,28.38911657166878,13.81065660025493,38.10396906998967,61.0,8.205353889424329,0.0,12.480733692838584,41.0,1.27695,0.0,2.0,40.0,0.1018,6.9191,1.6676,0.2631685649469273,0.050214706342924534,0.2564
Kendrick Bourne,WR,ARI,NYG,ARI@NYG,False,1.0,,False,,,,,,,,,,,,,0.0,0.17545,0.19255,36,0.0,0.0,0.0,82.0,29.04124485287266,10.845708242919155,41.408173398202194,51.0,2.7525,1.0,4.0,50.0,0.19255,0.0,4.1381,0.003823930748269516,0.11641912720977952,0.17545
Jalen Brooks,WR,ARI,NYG,ARI@NYG,False,1.0,,False,,,,,,,,,,,,,0.0,0.02015,0.02035,2,0.0,0.0,0.0,62.0,4.490398912101007,0.0,4.79440768764293,30.0,0.4069,0.0,1.0,2.0,0.02035,0.0,0.633,0.003823930748269516,0.017403380504758204,0.02015
Devin Duvernay,WR,ARI,NYG,ARI@NYG,False,1.0,,False,,,,,,,,,,,,,0.0,0.01395,0.01415,1,0.0,0.0,0.0,60.0,2.9626285249194515,0.0,0.0,60.0,0.2694,0.0,0.0,60.0,0.01415,0.0,0.4191,0.003823930748269516,0.01178817394600256,0.01395
Simi Fehoko,WR,ARI,NYG,ARI@NYG,False,1.0,,False,,,,,,,,,,,,,0.0,0.00975,0.00975,1,0.0,0.0,0.0,60.0,1.9247423078429933,0.0,0.0,60.0,0.17555,0.0,0.0,60.0,0.00975,0.0,0.27205,0.003823930748269516,0.0078787259495309,0.00975
Marvin Harrison Jr.,WR,ARI,NYG,ARI@NYG,False,1.0,,False,,,,,,,,,,,,,0.0,0.1351,0.14365,16,0.0,0.0,0.0,74.0,32.33816297234291,11.56877498748351,46.56383853902853,42.0,2.5675,1.0,4.0,39.0,0.14365,0.0,4.20765,0.003823930748269516,0.11810291959089204,0.1351
Elijah Higgins,TE,ARI,NYG,ARI@NYG,False,1.0,,False,,,,,,,,,,,,,0.0,0.0447,0.04525,5,0.0,0.0,0.0,65.0,8.743342620237843,0.0,13.68959211756955,18.0,0.99285,0.0,2.0,5.0,0.04525,0.0,1.3648,0.003823930748269516,0.037939910490828725,0.0447
Bam Knight,RB,ARI,NYG,ARI@NYG,False,1.0,,False,,,,,,,,,,,,,0.0577,0.08565,0.0887,1,12.088618303672577,2.5926850107222825,16.90197100336436,26.0,4.442426306203765,0.0,6.649853539408624,16.0,0.6758,0.0,1.0,17.0,0.031,2.55715,0.9056,0.09774201021420319,0.027490428251367955,0.08565
Hunter Long,TE,ARI,NYG,ARI@NYG,False,1.0,,False,,,,,,,,,,,,,0.0,0.03115,0.03165,2,0.0,0.0,0.0,62.0,5.571225278137921,0.0,8.143964210130733,18.0,0.62345,0.0,1.0,13.0,0.03165,0.0,0.8926,0.003823930748269516,0.025046316676960854,0.03115
Jeremiyah Love,RB,ARI,NYG,ARI@NYG,False,1.0,,False,,,,,,,,,,,,,0.366,0.4253,0.5442,85,58.52085567479031,37.6007110907058,74.41461716809764,81.0,15.930861618457584,5.282574710785113,22.97706157575243,67.0,2.4822,1.0,3.0,76.0,0.1782,13.1115,3.24525,0.5020557379545316,0.09815544243541655,0.4253
Trey McBride,TE,ARI,NYG,ARI@NYG,False,1.0,,False,,,,,,,,,,,,,0.0,0.42945,0.5496,85,0.0,0.0,0.0,97.0,61.45012178870975,37.61807848356942,79.5489658090652,80.0,7.18665,5.0,9.0,83.0,0.5496,0.0,10.0765,0.003823930748269516,0.2826379647269515,0.42945
Michael Wilson,WR,ARI,NYG,ARI@NYG,False,1.0,,False,,,,,,,,,,,,,0.0,0.31485,0.3702,72,0.0,0.0,0.0,97.0,45.48486753674119,23.543861186835706,61.41977259848997,75.0,4.5298,3.0,6.0,80.0,0.3702,0.0,7.20745,0.003823930748269516,0.2026050189562565,0.31485
Jameis Winston,QB,NYG,ARI,ARI@NYG,False,1.0,,False,17.27265,15.0,20.0,69.0,203.9758651213944,152.5999120833485,245.5992599968259,64.0,1.3908,1.0,2.0,57.0,0.0285,0.02835,0.0285,38,,,,,,,,,,,,,,,,,,0.02835
Odell Beckham Jr.,WR,NYG,ARI,ARI@NYG,False,1.0,,False,,,,,,,,,,,,,0.0,0.02595,0.02615,2,0.0,0.0,0.0,62.0,5.922444197029865,0.0,6.813776805421679,27.0,0.41535,0.0,1.0,2.0,0.02615,0.0,0.70745,0.003174876390494577,0.023523215422799518,0.02595
Braxton Berrios,WR,NYG,ARI,ARI@NYG,False,1.0,,False,,,,,,,,,,,,,0.0,0.0145,0.01455,1,0.0,0.0,0.0,60.0,2.819286282563801,0.0,0.0,60.0,0.20155,0.0,0.0,60.0,0.01455,0.0,0.34165,0.003174876390494577,0.011481428516071942,0.0145
Malachi Fields,WR,NYG,ARI,ARI@NYG,False,1.0,,False,,,,,,,,,,,,,0.0,0.15095,0.1626,21,0.0,0.0,0.0,79.0,34.563149932578675,11.85150118146517,49.89455711682913,46.0,2.43055,1.0,3.0,55.0,0.1626,0.0,4.12495,0.003174876390494577,0.1377277938265995,0.15095
Najee Harris,RB,NYG,ARI,ARI@NYG,False,1.0,,False,,,,,,,,,,,,,0.1352,0.1331,0.1415,24,26.51818886364071,12.429596270128753,35.75928710068125,41.0,1.066807943424618,0.0,0.0,67.0,0.12635,0.0,0.0,67.0,0.0063,5.7677,0.18015,0.19776445049813943,0.006178303016430381,0.1331
Theo Johnson,TE,NYG,ARI,ARI@NYG,False,1.0,,False,,,,,,,,,,,,,0.0,0.09255,0.09745,9,0.0,0.0,0.0,68.0,18.274293865214307,1.7388473139302913,27.418601380807196,26.0,1.5501,1.0,2.0,49.0,0.09745,0.0,2.5029,0.003174876390494577,0.08590066315972086,0.09255
Isaiah Likely,TE,NYG,ARI,ARI@NYG,False,1.0,,False,,,,,,,,,,,,,0.0,0.3165,0.3734,62,0.0,0.0,0.0,97.0,44.68023598176945,21.989582612824783,60.912154861658436,71.0,3.9656,2.0,5.0,74.0,0.3734,0.0,6.11825,0.003174876390494577,0.211604686432372,0.3165
Darnell Mooney,WR,NYG,ARI,ARI@NYG,False,1.0,,False,,,,,,,,,,,,,0.0037,0.12925,0.1371,14,0.894015551299059,0.0,0.0,73.0,29.50853561527312,7.913797911651942,43.317682799392315,37.0,1.97525,1.0,3.0,42.0,0.1334,0.1859,3.3986,0.006381822239478998,0.1121445721318939,0.12925
Malik Nabers,WR,NYG,ARI,ARI@NYG,False,1.0,,False,,,,,,,,,,,,,0.0,0.28445,0.33095,50,0.0,0.0,0.0,90.0,43.861758343030345,20.05341215528427,61.3175215754739,62.0,3.43895,2.0,5.0,64.0,0.33095,0.0,5.7768,0.003174876390494577,0.1921496692649209,0.28445
Patrick Ricard,RB,NYG,ARI,ARI@NYG,False,0.9508674235277402,Full,False,,,,,,,,,,,,,0.0,0.013468722049771138,0.013521334245278056,1,0.0,0.0,0.0,58.0,2.1070032550144058,0.0,0.0,58.0,0.2500657652443837,0.0,0.0,58.0,0.013521334245278056,0.0,0.3513968537907087,0.0018507391043628726,0.011867537471466781,0.012806969033677146
Devin Singletary,RB,NYG,ARI,ARI@NYG,False,1.0,,False,,,,,,,,,,,,,0.0684,0.18545,0.2021,28,16.257728004119787,5.413382045537235,22.048370514817034,40.0,9.445643765543009,0.0,14.727779253066556,24.0,1.13475,0.0,2.0,18.0,0.1337,3.84895,1.612,0.13209514760714108,0.054804485556039194,0.18545
Cam Skattebo,RB,NYG,ARI,ARI@NYG,False,1.0,,False,,,,,,,,,,,,,0.29715,0.34805,0.41725,85,49.78125037328381,30.25405706460888,64.11313400944309,80.0,19.607433651457967,5.933177848384237,28.52574392852719,65.0,2.2457,1.0,3.0,73.0,0.1201,11.9503,3.17435,0.4085793475336377,0.10694472200235326,0.34805
Tyrone Tracy Jr.,RB,NYG,ARI,ARI@NYG,False,0.9508674235277402,Full,False,,,,,,,,,,,,,0.02978006945175208,0.07481847837524992,0.07755445648742502,2,8.24203608367868,0.0,11.417905741766047,19.0,6.966340883961806,0.0,10.731203423128992,15.0,0.805692939071872,0.0,1.0,24.0,0.047774387035672945,1.7532884352309797,1.1538987688098494,0.06038889524934998,0.03902886558661997,0.07114245376493984
Matthew Stafford,QB,LA,PHI,LA@PHI,False,1.0,,False,20.1102,17.0,23.0,91.0,249.21341764882618,189.1141089026925,298.16443300903245,87.0,1.6474,1.0,2.0,82.0,0.065,0.0636,0.065,62,,,,,,,,,,,,,,,,,,0.0636
Davante Adams,WR,LA,PHI,LA@PHI,False,0.9479829842591244,Full,False,,,,,,,,,,,,,0.0,0.3510672020287405,0.42529585798816566,52,0.0,0.0,0.0,95.0,80.07099845077279,43.31214532283456,107.18301903407742,72.0,5.119558326289096,3.0,7.0,73.0,0.42529585798816566,0.0,8.931741335587489,0.0037094996240090196,0.205438371562181,0.33280573385470635
Davis Allen,TE,LA,PHI,LA@PHI,False,1.0,,False,,,,,,,,,,,,,0.0,0.0542,0.0554,9,0.0,0.0,0.0,68.0,9.50489939207616,0.0,14.386796142406283,23.0,0.9685,0.0,2.0,8.0,0.0554,0.0,1.47625,0.0037094996240090196,0.035878303383514304,0.0542
Tutu Atwell,WR,LA,PHI,LA@PHI,False,1.0,,False,,,,,,,,,,,,,0.0,0.06125,0.06285,2,0.0,0.0,0.0,62.0,12.783252197590123,0.0,19.533920396009762,16.0,0.9763,0.0,2.0,2.0,0.06285,0.0,1.6316,0.0055642494360135285,0.036419750050495796,0.06125
Dean Connors,RB,LA,PHI,LA@PHI,False,1.0,,False,,,,,,,,,,,,,0.00875,0.0156,0.01585,1,1.5060442461136405,0.0,0.0,60.0,1.0616410911929492,0.0,0.0,60.0,0.1371,0.0,0.0,60.0,0.0071,0.34305,0.193,0.01154930450937464,0.004344665738020907,0.0156
Blake Corum,RB,LA,PHI,LA@PHI,False,1.0,,False,,,,,,,,,,,,,0.21315,0.25955,0.2985,33,41.48364320029044,23.174108584504953,54.67708683179742,63.0,5.628644762876933,0.0,8.58533681322572,40.0,0.7503,0.0,1.0,45.0,0.08535,8.49825,1.0603,0.28217334608852357,0.02442207887920161,0.25955
Tyler Higbee,TE,LA,PHI,LA@PHI,False,0.8055616699684496,DNP,False,,,,,,,,,,,,,0.0,0.1941735511522455,0.21373998384992857,27,0.0,0.0,0.0,65.0,24.302189880494808,7.68569742162035,35.15244262159504,38.0,2.3787812907634014,1.0,3.0,45.0,0.21373998384992857,0.0,3.6581775265544443,0.0037094996240090196,0.09112591147814199,0.15641877012990704
Konata Mumpfield,WR,LA,PHI,LA@PHI,False,1.0,,False,,,,,,,,,,,,,0.0,0.12265,0.13045,25,0.0,0.0,0.0,78.0,16.36798020828327,0.0,25.138475154846105,32.0,1.1754,0.0,2.0,27.0,0.13045,0.0,2.1664,0.0037094996240090196,0.04853014105889319,0.12265
Puka Nacua,WR,LA,PHI,LA@PHI,False,0.9479829842591244,Full,False,,,,,,,,,,,,,0.0,0.36460531869987334,0.4419058674546222,15,0.0,0.0,0.0,66.0,86.57274389530514,51.285048018600556,113.23125885317778,46.0,6.5241663149008025,5.0,8.0,53.0,0.4419058674546222,0.0,10.505065428450823,0.0055642494360135285,0.2422819490604486,0.3456396380978551
Colby Parkinson,TE,LA,PHI,LA@PHI,False,0.4981574884199691,Questionable; DNP,False,,,,,,,,,,,,,0.0,0.15280809684461202,0.16511212542171066,10,0.0,0.0,0.0,34.0,13.890510445920832,0.0,20.730873212362305,12.0,1.3976979559436395,0.0,2.0,12.0,0.16511212542171066,0.0,2.091585632069855,0.0037094996240090196,0.05573077410504164,0.07612249773434733
Xavier Smith,WR,LA,PHI,LA@PHI,False,1.0,,False,,,,,,,,,,,,,0.0,0.0858,0.0889,7,0.0,0.0,0.0,62.0,8.71621702188435,0.0,13.117565091158099,16.0,0.68895,0.0,1.0,18.0,0.0889,0.0,1.1199,0.0037094996240090196,0.02515479483131187,0.0858
Jordan Whittington,WR,LA,PHI,LA@PHI,False,1.0,,False,,,,,,,,,,,,,0.0,0.0445,0.04555,1,0.0,0.0,0.0,61.0,9.279589129554571,0.0,14.119165917839366,16.0,0.7467,0.0,1.0,21.0,0.04555,0.0,1.2034,0.004451399548810823,0.02735777448413341,0.0445
Kyren Williams,RB,LA,PHI,LA@PHI,False,1.0,,False,,,,,,,,,,,,,0.45265,0.47695,0.63,85,70.83294014740393,47.76379334002614,89.06684903790688,83.0,19.143596301324003,5.984698524409217,27.624733326726783,66.0,2.4489,1.0,3.0,75.0,0.17735,14.06875,3.4701,0.4659074688288857,0.07975243494787163,0.47695
Jalen Hurts,QB,PHI,LA,LA@PHI,False,1.0,,False,18.3938,16.0,21.0,91.0,186.5894491544093,140.12321639006137,224.7507410979922,85.0,1.4448,1.0,2.0,78.0,0.15695,0.1468,0.15695,60,,,,,,,,,,,,,,,,,,0.1468
Saquon Barkley,RB,PHI,LA,LA@PHI,False,1.0,,False,,,,,,,,,,,,,0.30925,0.375,0.4564,61,64.04286743083719,41.77441736232461,81.03232247116281,72.0,19.879422444921836,7.0104004902447095,28.45753476966312,58.0,2.83695,1.0,4.0,59.0,0.14715,14.0983,4.1947,0.5066954607132254,0.07317225500178123,0.375
Tank Bigsby,RB,PHI,LA,LA@PHI,False,0.9508674235277402,Full,False,,,,,,,,,,,,,0.09905883590094117,0.1311846048688154,0.1402281928597718,30,17.12507751414161,6.006873236723585,23.050699693227724,41.0,5.530320477594083,0.0,8.438747693343029,26.0,0.7924706872075293,0.0,1.0,34.0,0.041169356958830644,4.197434144802566,1.1438561438561439,0.1524993004829911,0.020020015140222006,0.12473916723811514
Darius Cooper,WR,PHI,LA,LA@PHI,False,0.9479829842591244,Full,False,,,,,,,,,,,,,0.0,0.10597282207942695,0.11134520172758874,10,0.0,0.0,0.0,61.0,9.467577604053798,0.0,14.5962677625513,18.0,0.7863162330137996,0.0,1.0,25.0,0.11134520172758874,0.0,1.3709575476667017,0.003918102731914374,0.023017613013095545,0.10046043212521638
Britain Covey,WR,PHI,LA,LA@PHI,False,1.0,,False,,,,,,,,,,,,,0.0,0.01495,0.0153,1,0.0,0.0,0.0,60.0,2.9370819060032396,0.0,0.0,60.0,0.2431,0.0,0.0,60.0,0.0153,0.0,0.42245,0.003918102731914374,0.006990110553482418,0.01495
Zach Ertz,TE,PHI,LA,LA@PHI,False,1.0,,False,,,,,,,,,,,,,0.0,0.2482,0.28375,8,0.0,0.0,0.0,62.0,38.586046972493676,18.45930368915062,52.814935025957865,35.0,4.0325,2.0,5.0,40.0,0.28375,0.0,6.4396,0.005877154097871561,0.11945663418304525,0.2482
E.J. Jenkins,TE,PHI,LA,LA@PHI,False,1.0,,False,,,,,,,,,,,,,0.0,0.007,0.007,1,0.0,0.0,0.0,60.0,1.0950848152285828,0.0,0.0,60.0,0.1152,0.0,0.0,60.0,0.007,0.0,0.18425,0.003918102731914374,0.0033630068017476934,0.007
Makai Lemon,WR,PHI,LA,LA@PHI,False,1.0,,False,,,,,,,,,,,,,0.00465,0.21155,0.23565,16,0.9265784976842962,0.0,0.0,74.0,39.919393971475166,17.97703321404287,55.50781238635633,46.0,3.73365,2.0,5.0,50.0,0.231,0.2163,6.38005,0.00799945974432518,0.1055486079456173,0.21155
Johnny Mundt,TE,PHI,LA,LA@PHI,False,1.0,,False,,,,,,,,,,,,,0.0,0.06035,0.06165,7,0.0,0.0,0.0,66.0,9.973656096043397,0.0,15.505603221294423,20.0,1.06425,0.0,2.0,10.0,0.06165,0.0,1.6923,0.003918102731914374,0.03162725326156454,0.06035
Will Shipley,RB,PHI,LA,LA@PHI,False,0.9508674235277402,Full,False,,,,,,,,,,,,,0.04849154951824356,0.11893855631021956,0.12683620281156216,34,9.901224880343513,1.648038559111865,13.341466920902713,35.0,10.23659347189739,0.0,15.568753393374715,26.0,1.4618017164218395,0.0,2.0,30.0,0.07834465329331859,2.4291054599062814,2.1297846575053967,0.08734145840937704,0.036972446743345155,0.11309479859680752
Dontayvion Wicks,WR,PHI,LA,LA@PHI,False,1.0,,False,,,,,,,,,,,,,0.0,0.427,0.5431,48,0.0,0.0,0.0,84.0,62.68726782480364,32.63733441365286,84.96658859753157,59.0,4.7128,3.0,6.0,65.0,0.5431,0.0,8.21395,0.003918102731914374,0.1351349138313996,0.427
Jordan Love,QB,GB,TB,GB@TB,False,1.0,,False,20.73635,18.0,24.0,91.0,247.66504108227974,187.76067044228722,296.3654462815097,87.0,1.57535,1.0,2.0,81.0,0.03045,0.02995,0.03045,62,,,,,,,,,,,,,,,,,,0.02995
Chris Brooks,RB,GB,TB,GB@TB,False,1.0,,False,,,,,,,,,,,,,0.09065,0.13455,0.1442,36,12.22716625247794,3.3789443624497233,16.145551759079254,41.0,8.016326523540206,0.0,12.427080194729848,26.0,1.1048,0.0,2.0,18.0,0.05355,3.25495,1.62485,0.1586231360316892,0.03545245369331911,0.13455
Matthew Golden,WR,GB,TB,GB@TB,False,1.0,,False,,,,,,,,,,,,,0.0,0.30465,0.35745,66,0.0,0.0,0.0,97.0,58.08173342899853,29.45304162498459,79.16184392759357,74.0,4.3051,3.0,6.0,79.0,0.35745,0.0,7.74025,0.0040338590252482175,0.17944285542252625,0.30465
Kaleb Johnson,RB,GB,TB,GB@TB,False,1.0,,False,,,,,,,,,,,,,0.095,0.1106,0.11675,13,17.776885236177932,6.899578077222834,23.3088066719549,44.0,3.320148446934375,0.0,4.086215430226602,35.0,0.46095,0.0,1.0,12.0,0.02175,4.963,0.6854,0.24099239564424177,0.014913634654722084,0.1106
Tucker Kraft,TE,GB,TB,GB@TB,False,1.0,,False,,,,,,,,,,,,,0.0,0.22925,0.2576,35,0.0,0.0,0.0,87.0,49.85641547395372,25.539971814026334,68.04793623927515,62.0,4.5529,3.0,6.0,67.0,0.2576,0.0,7.3306,0.0040338590252482175,0.17927638077196362,0.22925
MarShawn Lloyd,RB,GB,TB,GB@TB,False,1.0,,False,,,,,,,,,,,,,0.24225,0.31445,0.36995,70,35.78196183059598,19.399505572985326,46.70374367662532,60.0,10.320465197960388,0.0,15.531726599195661,38.0,1.4598,0.0,2.0,42.0,0.1277,10.08055,2.15245,0.4912491318250138,0.04739769159254864,0.31445
Bo Melton,WR,GB,TB,GB@TB,False,1.0,,False,,,,,,,,,,,,,0.0,0.04205,0.04255,5,0.0,0.0,0.0,65.0,9.419247732965772,0.0,14.525528996538199,19.0,0.787,0.0,1.0,27.0,0.04255,0.0,1.3846,0.0040338590252482175,0.031707909519308776,0.04205
J. Michael Sturdivant,WR,GB,TB,GB@TB,False,1.0,,False,,,,,,,,,,,,,0.0,0.03335,0.03385,4,0.0,0.0,0.0,64.0,7.531166222188572,0.0,11.190557569661632,19.0,0.6461,0.0,1.0,18.0,0.03385,0.0,1.10685,0.004840630830297861,0.025661210819242147,0.03335
Skyy Moore,WR,GB,TB,GB@TB,False,1.0,,False,,,,,,,,,,,,,0.0,0.16255,0.17585,36,0.0,0.0,0.0,78.0,19.307289776342756,2.577619321340838,28.8906604110407,37.0,1.6901,1.0,2.0,60.0,0.17585,0.0,3.00375,0.0040338590252482175,0.06892510430865523,0.16255
Jonnu Smith,TE,GB,TB,GB@TB,False,1.0,,False,,,,,,,,,,,,,0.0,0.1042,0.10875,16,0.0,0.0,0.0,70.0,15.587449017856427,1.7986354483772617,23.49772261777943,28.0,1.65,1.0,2.0,51.0,0.10875,0.0,2.65635,0.0040338590252482175,0.06495765294524869,0.1042
Christian Watson,WR,GB,TB,GB@TB,False,1.0,,False,,,,,,,,,,,,,0.0,0.386,0.47625,77,0.0,0.0,0.0,97.0,84.00426441092279,46.84834882278911,112.13312468110462,77.0,5.5717,4.0,7.0,84.0,0.47625,0.0,9.88625,0.0040338590252482175,0.2294997740755688,0.386
Jalon Daniels,QB,TB,GB,GB@TB,False,1.0,,False,21.90465,19.0,25.0,53.0,237.21104627527845,180.8007579484761,283.5766453024292,48.0,0.85435,0.0,1.0,26.0,0.0921,0.08805,0.0921,19,,,,,,,,,,,,,,,,,,0.08805
Payne Durham,TE,TB,GB,GB@TB,False,1.0,,False,,,,,,,,,,,,,0.0,0.007,0.00705,1,0.0,0.0,0.0,61.0,2.903055153201017,0.0,0.0,61.0,0.28815,0.0,0.0,61.0,0.00705,0.0,0.4381,0.004031067598683822,0.011496661950966977,0.007
Emeka Egbuka,WR,TB,GB,GB@TB,False,1.0,,False,,,,,,,,,,,,,0.00545,0.1575,0.1704,41,1.0815558513060979,0.0,0.0,87.0,55.154251573481595,27.939907887608474,75.0707071587386,62.0,4.23715,3.0,6.0,66.0,0.16495,0.2488,7.386,0.009405824396928919,0.20988922303322183,0.1575
Kenny Gainwell,RB,TB,GB,GB@TB,False,1.0,,False,,,,,,,,,,,,,0.11275,0.1907,0.20835,35,19.976110772344946,7.565893747292556,26.838296831894866,48.0,17.872032976739543,5.931953054623396,25.915004947140787,43.0,2.46355,1.0,3.0,53.0,0.0956,4.89835,3.3769,0.18402720569832287,0.09431425421677939,0.1907
Chris Godwin Jr.,WR,TB,GB,GB@TB,False,0.9479829842591244,Full,False,,,,,,,,,,,,,0.009536856525633595,0.09305021339375098,0.09700194952315717,16,1.9440369418495664,0.0,0.9342103015388131,57.0,33.76089810049148,13.45554930177686,47.94158141713331,42.0,2.8833447494599294,2.0,4.0,51.0,0.08746509299752357,0.4317403445913905,4.641340428895095,0.01612427039473529,0.13276393565331426,0.0882100189789564
Ted Hurst III,WR,TB,GB,GB@TB,False,1.0,,False,,,,,,,,,,,,,0.0,0.1079,0.1143,30,0.0,0.0,0.0,78.0,34.95084659614146,12.579615370137944,50.082639752284614,45.0,2.5831,1.0,4.0,43.0,0.1143,0.0,4.3665,0.004031067598683822,0.12313462829329262,0.1079
Bucky Irving,RB,TB,GB,GB@TB,False,0.9508674235277402,Full,False,,,,,,,,,,,,,0.3395492987340442,0.39139570310448074,0.4865787676629721,72,61.70056691984277,40.565296791172514,77.97783423507569,72.0,25.653913713909102,11.189118804261815,36.06916442901655,62.0,3.352944266428534,2.0,5.0,64.0,0.14702946892892788,13.962441561170353,4.52177338866418,0.5641843775666591,0.12676991240072408,0.372165423790786
Kameron Johnson,WR,TB,GB,GB@TB,False,1.0,,False,,,,,,,,,,,,,0.0,0.007,0.00705,1,0.0,0.0,0.0,60.0,2.835796985646687,0.0,0.0,60.0,0.2213,0.0,0.0,60.0,0.00705,0.0,0.36125,0.004031067598683822,0.01017560986849046,0.007
Tez Johnson,WR,TB,GB,GB@TB,False,1.0,,False,,,,,,,,,,,,,0.00605,0.07835,0.0812,21,1.2465518420096913,0.0,0.0,70.0,18.696162066406053,0.0,28.410250367252313,24.0,1.42225,0.0,2.0,27.0,0.07515,0.28755,2.42185,0.010749513596490193,0.06795565339302032,0.07835
Cade Otton,TE,TB,GB,GB@TB,False,1.0,,False,,,,,,,,,,,,,0.0,0.1454,0.1569,36,0.0,0.0,0.0,83.0,45.26265252343263,23.305418435962785,61.689815489135576,58.0,4.44,3.0,6.0,63.0,0.1569,0.0,6.7117,0.004031067598683822,0.17817762212893093,0.1454
Bauer Sharp,TE,TB,GB,GB@TB,False,1.0,,False,,,,,,,,,,,,,0.0,0.00285,0.00285,1,0.0,0.0,0.0,60.0,1.1116482203517135,0.0,0.0,60.0,0.1078,0.0,0.0,60.0,0.00285,0.0,0.1672,0.004031067598683822,0.004344251723652188,0.00285
Josh Williams,RB,TB,GB,GB@TB,False,1.0,,False,,,,,,,,,,,,,0.0,0.00365,0.00365,1,0.0,0.0,0.0,60.0,0.990978708517434,0.0,0.0,60.0,0.1277,0.0,0.0,60.0,0.00365,0.0,0.1761,0.0045181753576006185,0.0048760774093593,0.00365
Malik Willis,QB,MIA,MIN,MIA@MIN,False,1.0,,False,17.7915,15.0,20.0,90.0,220.54361612061703,167.44073060494281,263.65352761521433,85.0,0.71745,0.0,1.0,56.0,0.1184,0.1125,0.1184,60,,,,,,,,,,,,,,,,,,0.1125
Chris Bell,WR,MIA,MIN,MIA@MIN,False,0.9479829842591244,Full,False,,,,,,,,,,,,,0.0,0.09471853257432004,0.09940965633565255,17,0.0,0.0,0.0,72.0,41.60690807028809,15.393795587110674,59.49062542364196,42.0,2.6942863166772084,1.0,4.0,40.0,0.09940965633565255,0.0,4.803974277883197,0.004001563023420691,0.10139379171137435,0.089791557174449
Kevin Coleman Jr.,WR,MIA,MIN,MIA@MIN,False,1.0,,False,,,,,,,,,,,,,0.0,0.0538,0.0556,11,0.0,0.0,0.0,70.0,21.67498337511198,0.0,32.574257506112666,25.0,1.53235,0.0,2.0,30.0,0.0556,0.0,2.75705,0.004001563023420691,0.05773344426580865,0.0538
Greg Dulcich,TE,MIA,MIN,MIA@MIN,False,1.0,,False,,,,,,,,,,,,,0.0,0.2125,0.23635,32,0.0,0.0,0.0,79.0,60.233221258152916,31.86441368582074,81.23605992017798,55.0,4.8951,3.0,6.0,61.0,0.23635,0.0,7.64705,0.004001563023420691,0.14886597117357067,0.2125
Ollie Gordon II,RB,MIA,MIN,MIA@MIN,False,1.0,,False,,,,,,,,,,,,,0.1816,0.1887,0.2072,41,35.183745764242545,18.070970812774448,46.762548330727434,53.0,7.4327348295719435,0.0,11.432528737643489,31.0,0.87905,0.0,1.0,43.0,0.0256,10.4087,1.29605,0.18704568009449923,0.023623722340357117,0.1887
DJ Herman,RB,MIA,MIN,MIA@MIN,False,1.0,,False,,,,,,,,,,,,,0.00485,0.0451,0.04635,4,1.5798867216033055,0.0,0.0,64.0,12.342563649626426,0.0,18.74650801035652,18.0,1.40955,0.0,2.0,21.0,0.0415,0.378,2.09395,0.006727658245005016,0.03799336378142615,0.0451
Will Kacmarek,TE,MIA,MIN,MIA@MIN,False,1.0,,False,,,,,,,,,,,,,0.0,0.0197,0.01985,4,0.0,0.0,0.0,63.0,7.527010997083715,0.0,11.085605035524727,19.0,0.65505,0.0,1.0,17.0,0.01985,0.0,1.0621,0.004001563023420691,0.020482710836783245,0.0197
Ryan Miller,WR,MIA,MIN,MIA@MIN,False,1.0,,False,,,,,,,,,,,,,0.0,0.0262,0.0264,7,0.0,0.0,0.0,66.0,12.965848968232297,0.0,20.119657270506323,20.0,0.7986,0.0,1.0,29.0,0.0264,0.0,1.3973,0.004001563023420691,0.028815894781872173,0.0262
Malik Washington,WR,MIA,MIN,MIA@MIN,False,1.0,,False,,,,,,,,,,,,,0.01305,0.22245,0.24825,51,3.94531931399898,0.0,4.640022351026585,62.0,68.40356680021999,39.103566433134894,90.75651091760406,74.0,5.6384,4.0,7.0,81.0,0.2352,0.95855,9.8787,0.017206572629814523,0.20567907818009576,0.22245
Jaylen Wright,RB,MIA,MIN,MIA@MIN,False,0.9508674235277402,Full,False,,,,,,,,,,,,,0.10586687713759536,0.11896869244935543,0.12612470402525652,12,21.853085123157395,8.668597134359159,29.770594208959455,31.0,5.839129031478555,0.0,8.685780806015217,16.0,0.6830307813733228,0.0,1.0,17.0,0.020257826887661142,5.45377532228361,1.008208366219416,0.1000089387528074,0.01838610199745518,0.11312345406978272
Kyler Murray,QB,MIN,MIA,MIA@MIN,False,1.0,,False,17.0665,14.0,20.0,62.0,192.33567356265306,141.85774138123077,232.4477976054393,58.0,1.5499,1.0,2.0,53.0,0.0728,0.07025,0.0728,31,,,,,,,,,,,,,,,,,,0.07025
Jordan Addison,WR,MIN,MIA,MIA@MIN,False,1.0,,False,,,,,,,,,,,,,0.0,0.3912,0.4848,34,0.0,0.0,0.0,86.0,70.44328734841416,37.242777575780636,94.7977914288544,61.0,4.79485,3.0,6.0,67.0,0.4848,0.0,8.065,0.0033383944339874095,0.18234840808783934,0.3912
Max Bredeson,RB,MIN,MIA,MIA@MIN,False,1.0,,False,,,,,,,,,,,,,0.0117,0.0235,0.0236,1,1.530311788686589,0.0,0.0,60.0,1.3587261377053887,0.0,0.0,60.0,0.17485,0.0,0.0,60.0,0.0119,0.3845,0.22835,0.008769845334279734,0.00587157094026069,0.0235
Demond Claiborne,RB,MIN,MIA,MIA@MIN,False,1.0,,False,,,,,,,,,,,,,0.0511,0.09015,0.0939,3,7.1620382296706,0.0,9.401615173836962,23.0,4.796951468576861,0.0,6.930159115693799,19.0,0.6102,0.0,1.0,14.0,0.0428,1.85195,0.8063,0.04334558443983785,0.019987273385591902,0.09015
DeeJay Dallas,RB,MIN,MIA,MIA@MIN,False,1.0,,False,,,,,,,,,,,,,0.04,0.0965,0.10195,5,5.365610105107787,0.0,7.017985708344017,25.0,6.842000973321553,0.0,10.471219102836418,19.0,0.87835,0.0,1.0,31.0,0.06195,1.33225,1.1589,0.03119074554426042,0.028897787921873298,0.0965
Tai Felton,WR,MIN,MIA,MIA@MIN,False,1.0,,False,,,,,,,,,,,,,0.0,0.04695,0.04795,4,0.0,0.0,0.0,63.0,8.135302762618272,0.0,11.805787467934572,20.0,0.6164,0.0,1.0,15.0,0.04795,0.0,0.97865,0.0033383944339874095,0.02231923737032758,0.04695
T.J. Hockenson,TE,MIN,MIA,MIA@MIN,False,1.0,,False,,,,,,,,,,,,,0.0,0.39995,0.5014,34,0.0,0.0,0.0,81.0,50.31012029043244,27.03847715970005,67.62878529440147,57.0,4.99745,3.0,6.0,63.0,0.5014,0.0,7.0505,0.0033383944339874095,0.17401394545929222,0.39995
Jauan Jennings,WR,MIN,MIA,MIA@MIN,False,1.0,,False,,,,,,,,,,,,,0.0,0.2001,0.22105,4,0.0,0.0,0.0,64.0,34.01909410538534,12.545588022671051,48.969911171489386,32.0,2.6918,1.0,4.0,31.0,0.22105,0.0,4.2915,0.0040060733207848915,0.0972796575552155,0.2001
Aaron Jones,RB,MIN,MIA,MIA@MIN,False,0.9951309141019752,Limited,False,,,,,,,,,,,,,0.6067680875633881,0.5723753577345986,0.8155846764070894,66,78.15483737419913,53.83254511522342,97.01610921527075,83.0,23.056284526580257,9.160384958527054,32.67697989247898,69.0,2.978460611537882,2.0,4.0,79.0,0.20881658884370136,20.011347090425264,4.059798162373851,0.4695496220428691,0.10180579744853953,0.5695884129518761
Myles Price,WR,MIN,MIA,MIA@MIN,False,1.0,,False,,,,,,,,,,,,,0.0,0.03815,0.03885,2,0.0,0.0,0.0,62.0,6.325545036903146,0.0,7.786855775670533,25.0,0.4757,0.0,1.0,2.0,0.03885,0.0,0.74675,0.0033383944339874095,0.016916054206660962,0.03815
Patrick Mahomes,QB,KC,LV,KC@LV,False,0.98,Full,False,18.69344145246838,16.0,21.0,90.0,218.7859978172273,164.4001910788551,263.26170560930683,85.0,1.8288963688290494,1.0,3.0,66.0,0.10771113831089352,0.10296817625458997,0.10771113831089352,60,,,,,,,,,,,,,,,,,,0.10090881272949817
Cyrus Allen,WR,KC,LV,KC@LV,False,1.0,,False,,,,,,,,,,,,,0.0,0.0205,0.0209,2,0.0,0.0,0.0,62.0,3.880184022972782,0.0,0.0,62.0,0.2764,0.0,0.0,62.0,0.0209,0.0,0.4516,0.004045413728572829,0.014432767438542021,0.0205
Jake Briningstool,TE,KC,LV,KC@LV,False,1.0,,False,,,,,,,,,,,,,0.0,0.03325,0.0337,4,0.0,0.0,0.0,63.0,5.274214565129176,0.0,6.949767983938457,24.0,0.4766,0.0,1.0,3.0,0.0337,0.0,0.71785,0.004045413728572829,0.02194829542168554,0.03325
Noah Gray,TE,KC,LV,KC@LV,False,1.0,,False,,,,,,,,,,,,,0.0,0.1191,0.12495,14,0.0,0.0,0.0,68.0,13.537224894382636,0.0,20.61412411602856,22.0,1.2693,0.0,2.0,21.0,0.12495,0.0,1.99255,0.004045413728572829,0.061691541629526704,0.1191
Emmett Johnson,RB,KC,LV,KC@LV,False,1.0,,False,,,,,,,,,,,,,0.15895,0.189,0.20825,23,28.09493001689727,13.54935698887876,37.51012746893625,50.0,7.004512073999547,0.0,10.668880512841433,30.0,0.82365,0.0,1.0,40.0,0.0493,6.67175,1.1271,0.21925236725652777,0.03553406150255956,0.189
Travis Kelce,TE,KC,LV,KC@LV,False,1.0,,False,,,,,,,,,,,,,0.0,0.2912,0.34105,43,0.0,0.0,0.0,89.0,50.67524796153345,25.535895039430255,68.82547834823147,63.0,4.17945,3.0,6.0,67.0,0.34105,0.0,6.24,0.004045413728572829,0.19231230956075604,0.2912
Nikko Remigio,WR,KC,LV,KC@LV,False,1.0,,False,,,,,,,,,,,,,0.0,0.00465,0.0047,1,0.0,0.0,0.0,60.0,0.8293847038582044,0.0,0.0,60.0,0.062,0.0,0.0,60.0,0.0047,0.0,0.10475,0.004045413728572829,0.003443678636554231,0.00465
Rashee Rice,WR,KC,LV,KC@LV,False,0.9479829842591244,Full,False,,,,,,,,,,,,,0.0,0.36680945581469143,0.4437569411391401,49,0.0,0.0,0.0,83.0,62.53691287327802,32.21949418125512,84.41218081020415,59.0,4.505156274789782,3.0,6.0,64.0,0.4437569411391401,0.0,7.150933417949124,0.004045413728572829,0.23864733221057446,0.34772912257767663
Jalen Royals,WR,KC,LV,KC@LV,False,1.0,,False,,,,,,,,,,,,,0.0,0.0575,0.05905,11,0.0,0.0,0.0,65.0,5.4638745656574725,0.0,5.9393718757079395,32.0,0.41325,0.0,1.0,5.0,0.05905,0.0,0.671,0.004045413728572829,0.021699623823015622,0.0575
Brashard Smith,RB,KC,LV,KC@LV,False,1.0,,False,,,,,,,,,,,,,0.0113,0.08235,0.08555,7,2.0198139881266264,0.0,1.1660242340801736,44.0,5.9511673460315295,0.0,9.033603910165041,16.0,0.7384,0.0,1.0,21.0,0.07425,0.4761,1.0316,0.015448556699523958,0.0323598722102208,0.08235
Tyquan Thornton,WR,KC,LV,KC@LV,False,1.0,,False,,,,,,,,,,,,,0.0,0.09735,0.1016,12,0.0,0.0,0.0,71.0,20.32991509232621,0.0,30.952559469636643,25.0,1.36835,0.0,2.0,27.0,0.1016,0.0,2.32115,0.004045413728572829,0.07554250020051258,0.09735
Ben VanSumeren,RB,KC,LV,KC@LV,False,1.0,,False,,,,,,,,,,,,,0.0,0.0061,0.0061,1,0.0,0.0,0.0,60.0,0.7510133652268182,0.0,0.0,60.0,0.0906,0.0,0.0,60.0,0.0061,0.0,0.1241,0.004024486731542844,0.003850358337044487,0.0061
Kenneth Walker III,RB,KC,LV,KC@LV,False,1.0,,False,,,,,,,,,,,,,0.60925,0.6359,0.96555,85,94.14462779964768,67.2838020933773,116.73102038689746,84.0,28.29009952166154,12.142510223358824,39.545073379233024,71.0,3.33675,2.0,5.0,73.0,0.3563,18.15635,4.5561,0.5944292440339229,0.14362057362029831,0.6359
Xavier Worthy,WR,KC,LV,KC@LV,False,1.0,,False,,,,,,,,,,,,,0.0,0.2842,0.32965,48,0.0,0.0,0.0,84.0,33.26247882632189,12.567005578583318,47.29525214149661,53.0,2.73975,1.0,4.0,51.0,0.32965,0.0,4.5789,0.004045413728572829,0.1498792931398061,0.2842
Kirk Cousins,QB,LV,KC,KC@LV,False,1.0,,False,19.0627,16.0,22.0,91.0,194.5045626575525,146.74166960285996,233.35573707468672,87.0,1.49675,1.0,2.0,80.0,0.0461,0.04465,0.0461,62,,,,,,,,,,,,,,,,,,0.04465
Cody White,WR,LV,KC,KC@LV,False,0.9575230478992892,Limited,False,,,,,,,,,,,,,0.0,0.15192317728719795,0.16309169667553886,31,0.0,0.0,0.0,67.0,10.568247058323793,0.0,16.262419267953934,22.0,0.8823652210218673,0.0,1.0,34.0,0.16309169667553886,0.0,1.4605187620687856,0.003992461328319908,0.045033350685395185,0.14546994376258185
Malik Benson,WR,LV,KC,KC@LV,False,0.9479829842591244,Full,False,,,,,,,,,,,,,0.005230070262560093,0.043848063817423004,0.04442918273548523,7,0.9696600387309006,0.0,0.0,63.0,7.438395133720637,0.0,11.148299744364005,20.0,0.6303027101273179,0.0,1.0,18.0,0.039199112472925145,0.23920967827143536,1.0535685984468277,0.0075892733358153205,0.0323588442106611,0.041567218391625194
Brock Bowers,TE,LV,KC,KC@LV,False,0.9575230478992892,Limited,False,,,,,,,,,,,,,0.0,0.3629958246346555,0.44107515657620044,30,0.0,0.0,0.0,71.0,62.43274507167487,36.48761799896667,82.08314641253953,50.0,6.277609603340292,4.0,8.0,52.0,0.44107515657620044,0.0,9.369258872651358,0.005988691992479861,0.25778897195443734,0.34757686837889123
Connor Heyward,RB,LV,KC,KC@LV,False,1.0,,False,,,,,,,,,,,,,0.02205,0.02695,0.0274,1,5.402904345361859,0.0,6.968234471946414,23.0,0.6341274907893354,0.0,0.0,61.0,0.08645,0.0,0.0,61.0,0.00535,1.35595,0.12055,0.04289942249749157,0.0037607662119331585,0.02695
Ashton Jeanty,RB,LV,KC,KC@LV,False,0.9508674235277402,Full,False,,,,,,,,,,,,,0.41588170288901755,0.5173919907383044,0.6987844024627691,84,64.11529630181137,41.76947630917775,81.11893504030289,78.0,24.262131778127518,10.720361267939579,33.78905036106926,68.0,3.467347260958796,2.0,5.0,70.0,0.2829026995737515,18.02820607272536,4.817712992685365,0.6139401900465825,0.1473875392383217,0.49197118918722
Dylan Laube,RB,LV,KC,KC@LV,False,1.0,,False,,,,,,,,,,,,,0.00435,0.0083,0.0083,1,1.1138340687703763,0.0,0.0,60.0,0.5866040459670129,0.0,0.0,60.0,0.08475,0.0,0.0,60.0,0.00395,0.2698,0.1197,0.008286859198696222,0.0036024008729398827,0.0083
Michael Mayer,TE,LV,KC,KC@LV,False,1.0,,False,,,,,,,,,,,,,0.0,0.22925,0.2561,36,0.0,0.0,0.0,82.0,32.359007435541784,14.36035587323273,45.166583611006615,54.0,3.465,2.0,5.0,56.0,0.2561,0.0,5.21415,0.003992461328319908,0.141344136944197,0.22925
Jalen Nailor,WR,LV,KC,KC@LV,False,1.0,,False,,,,,,,,,,,,,0.0,0.1427,0.15125,25,0.0,0.0,0.0,78.0,24.09571209752358,5.842448221149649,35.32541341004295,41.0,1.9415,1.0,3.0,47.0,0.15125,0.0,3.32005,0.003992461328319908,0.10191907914310318,0.1427
Ian Thomas,TE,LV,KC,KC@LV,False,1.0,,False,,,,,,,,,,,,,0.0,0.02215,0.02225,2,0.0,0.0,0.0,62.0,4.140391335125834,0.0,4.72566389581986,27.0,0.428,0.0,1.0,2.0,0.02225,0.0,0.6481,0.003992461328319908,0.01747081207462083,0.02215
Tre Tucker,WR,LV,KC,KC@LV,False,1.0,,False,,,,,,,,,,,,,0.0,0.1937,0.21485,32,0.0,0.0,0.0,84.0,41.0488498474123,17.081502750082787,58.198921911296566,54.0,3.1044,2.0,4.0,65.0,0.21485,0.0,5.09575,0.003992461328319908,0.1576834791053455,0.1937
Mike Washington Jr.,RB,LV,KC,KC@LV,False,1.0,,False,,,,,,,,,,,,,0.12915,0.1338,0.1437,23,31.417191672838065,14.486291584823968,41.251034425734034,46.0,2.1708819219419024,0.0,0.0,71.0,0.2989,0.0,0.0,71.0,0.01455,6.69155,0.41035,0.2096170532759599,0.012194789120689845,0.1338
Dareke Young,WR,LV,KC,KC@LV,False,1.0,,False,,,,,,,,,,,,,0.0,0.01435,0.01445,2,0.0,0.0,0.0,62.0,3.136330615892796,0.0,0.0,62.0,0.2497,0.0,0.0,62.0,0.01445,0.0,0.40895,0.003992461328319908,0.01248216955849858,0.01435
Justin Herbert,QB,LAC,SEA,LAC@SEA,False,1.0,,False,18.10155,15.0,21.0,89.0,183.61508434634706,138.32786127310519,220.70021457276573,86.0,1.2101,0.0,2.0,50.0,0.1058,0.1006,0.1058,61,,,,,,,,,,,,,,,,,,0.1006
Derius Davis,WR,LAC,SEA,LAC@SEA,False,1.0,,False,,,,,,,,,,,,,0.0,0.02025,0.02035,4,0.0,0.0,0.0,63.0,4.213085193618402,0.0,3.2751632836746762,40.0,0.3702,0.0,1.0,3.0,0.02035,0.0,0.6354,0.0037908474855020105,0.014230332899761404,0.02025
Oronde Gadsden II,TE,LAC,SEA,LAC@SEA,False,1.0,,False,,,,,,,,,,,,,0.0,0.1873,0.20575,23,0.0,0.0,0.0,71.0,28.674540635981653,10.920160500992305,40.787235356155946,40.0,2.87355,2.0,4.0,50.0,0.20575,0.0,4.45715,0.0037908474855020105,0.10281199231670671,0.1873
Omarion Hampton,RB,LAC,SEA,LAC@SEA,False,1.0,,False,,,,,,,,,,,,,0.3056,0.32085,0.38355,85,56.17583239022389,35.32189819241968,71.625240914815,78.0,12.126193945359464,2.2386376492476394,17.932488781001194,59.0,1.8732,1.0,3.0,65.0,0.07795,14.65315,2.53595,0.5296110354865731,0.05754512565454453,0.32085
Tre Harris,WR,LAC,SEA,LAC@SEA,False,1.0,,False,,,,,,,,,,,,,0.0,0.2479,0.2821,45,0.0,0.0,0.0,86.0,37.1363272357667,15.622764413434483,52.34264991454922,56.0,3.2788,2.0,4.0,67.0,0.2821,0.0,5.44545,0.0037908474855020105,0.1233765965738993,0.2479
Alec Ingold,RB,LAC,SEA,LAC@SEA,False,1.0,,False,,,,,,,,,,,,,0.00265,0.0746,0.07795,11,0.5710984505884468,0.0,0.0,65.0,5.920925650443522,0.0,9.067076606432126,19.0,0.8556,0.0,1.0,30.0,0.0753,0.1448,1.21015,0.005007004558139298,0.027566883064968573,0.0746
Quentin Johnston,WR,LAC,SEA,LAC@SEA,False,1.0,,False,,,,,,,,,,,,,0.004,0.22065,0.24635,30,0.8651211932965045,0.0,0.0,87.0,51.99751596184093,26.243742898959475,70.94138765970419,61.0,4.42075,3.0,6.0,67.0,0.24235,0.22145,7.88475,0.007739646949566604,0.17855517590416997,0.22065
Ladd McConkey,WR,LAC,SEA,LAC@SEA,False,0.6667342299285288,Questionable; Limited,False,,,,,,,,,,,,,0.0,0.23805958975894595,0.2710735139991017,25,0.0,0.0,0.0,56.0,45.59314899104238,21.64468398557016,63.13146131056401,38.0,3.8248240754603984,2.0,5.0,40.0,0.2710735139991017,0.0,6.374232669561311,0.0037908474855020105,0.16887993185588768,0.1587224772550323
Keaton Mitchell,RB,LAC,SEA,LAC@SEA,False,0.9508674235277402,Full,False,,,,,,,,,,,,,0.10321835459652438,0.17388565128366673,0.18779860345461227,38,22.847302611721172,9.76568853821011,30.8042136911044,47.0,7.030904477316216,0.0,10.794646033137262,29.0,1.0642095868115713,0.0,2.0,19.0,0.08458024885808789,5.287079330078227,1.5095290596944402,0.19330370778071188,0.034332277575663,0.16534220122454327
Hayden Rucci,TE,LAC,SEA,LAC@SEA,False,1.0,,False,,,,,,,,,,,,,0.0,0.0054,0.0054,1,0.0,0.0,0.0,60.0,1.2118720645814247,0.0,0.0,60.0,0.13395,0.0,0.0,60.0,0.0054,0.0,0.21,0.005686271228253015,0.004893812218768463,0.0054
Marquez Valdes-Scantling,WR,LAC,SEA,LAC@SEA,False,1.0,,False,,,,,,,,,,,,,0.0,0.0481,0.0495,1,0.0,0.0,0.0,61.0,11.115895117089135,0.0,17.22173085901818,15.0,0.9676,0.0,2.0,1.0,0.0495,0.0,1.69845,0.005686271228253015,0.03844010378474763,0.0481
Kimani Vidal,RB,LAC,SEA,LAC@SEA,False,1.0,,False,,,,,,,,,,,,,0.03825,0.08065,0.0843,11,9.518377216474075,1.4753596930894037,12.843730506523963,29.0,6.7499240019514195,0.0,10.494265533975748,18.0,1.0016,0.0,2.0,5.0,0.04605,2.38015,1.4532,0.08577602028574885,0.0330731257398265,0.08065
Sam Darnold,QB,SEA,LAC,LAC@SEA,False,1.0,,False,20.2911,17.0,23.0,69.0,258.54079881941107,195.0596999201199,309.47788981247237,64.0,1.86555,1.0,3.0,45.0,0.03975,0.03885,0.03975,37,,,,,,,,,,,,,,,,,,0.03885
Elijah Arroyo,TE,SEA,LAC,LAC@SEA,False,1.0,,False,,,,,,,,,,,,,0.0,0.04975,0.0505,2,0.0,0.0,0.0,62.0,8.350989386153218,0.0,12.90337600567552,15.0,0.78185,0.0,1.0,23.0,0.0505,0.0,1.16615,0.003935996736425529,0.033123162865189966,0.04975
AJ Barner,TE,SEA,LAC,LAC@SEA,False,1.0,,False,,,,,,,,,,,,,0.02725,0.3088,0.36265,49,1.293004622088546,0.0,0.0,79.0,35.850710061281305,15.577582527698267,50.14149686616819,50.0,3.3365,2.0,5.0,52.0,0.3354,0.30435,4.6657,0.007215994016780135,0.132259381887268,0.3088
Montorie Foster Jr,WR,SEA,LAC,LAC@SEA,False,1.0,,False,,,,,,,,,,,,,0.0,0.01315,0.01315,1,0.0,0.0,0.0,60.0,2.519570465578523,0.0,0.0,60.0,0.19145,0.0,0.0,60.0,0.01315,0.0,0.2948,0.005903995104638292,0.008568804660695761,0.01315
George Holani,RB,SEA,LAC,LAC@SEA,False,0.9951309141019752,Limited,False,,,,,,,,,,,,,0.22178675509998996,0.28635313033865945,0.3299668375037685,59,31.603677238821934,15.78438826870514,42.10757150404126,54.0,10.269910827446887,0.0,15.688667823683662,33.0,1.2907245502964526,0.0,2.0,33.0,0.10818008240377852,7.647372123404683,1.6795799417144006,0.18117197450171257,0.047763572916747016,0.2849588523498722
Tory Horton,WR,SEA,LAC,LAC@SEA,False,1.0,,False,,,,,,,,,,,,,0.0,0.091,0.0953,4,0.0,0.0,0.0,64.0,19.102593470692202,0.0,28.628065521257888,19.0,1.38825,0.0,2.0,21.0,0.0953,0.0,2.1913,0.004723196083710635,0.06357411857620636,0.091
Cooper Kupp,WR,SEA,LAC,LAC@SEA,False,1.0,,False,,,,,,,,,,,,,0.0,0.1869,0.20465,23,0.0,0.0,0.0,76.0,36.63719325404612,13.821312258511629,52.26290195344656,45.0,2.74525,1.0,4.0,43.0,0.20465,0.0,4.1612,0.003935996736425529,0.11939799237840043,0.1869
Brady Russell,RB,SEA,LAC,LAC@SEA,False,1.0,,False,,,,,,,,,,,,,0.0,0.0278,0.0281,4,0.0,0.0,0.0,64.0,4.422497366438742,0.0,5.938027878055422,24.0,0.54515,0.0,1.0,9.0,0.0281,0.0,0.7082,0.0034465752222346963,0.020028988373006415,0.0278
Eric Saubert,TE,SEA,LAC,LAC@SEA,False,1.0,,False,,,,,,,,,,,,,0.0,0.09625,0.10045,16,0.0,0.0,0.0,65.0,5.880388990863061,0.0,8.428439213659804,22.0,0.5619,0.0,1.0,11.0,0.10045,0.0,0.80155,0.003935996736425529,0.022943869645718897,0.09625
Rashid Shaheed,WR,SEA,LAC,LAC@SEA,False,0.9479829842591244,Full,False,,,,,,,,,,,,,0.006027918781725888,0.19453257191201354,0.21383248730964466,25,1.2798991013929668,0.0,0.0,75.0,37.45229226027263,15.353455960537755,53.33470003254685,46.0,3.0593802876480543,2.0,4.0,56.0,0.2078045685279188,0.30462140439932317,4.824767343485617,0.007215994016780135,0.13957040757275127,0.18441356805675332
Jaxon Smith-Njigba,WR,SEA,LAC,LAC@SEA,False,1.0,,False,,,,,,,,,,,,,0.0,0.5465,0.7643,85,0.0,0.0,0.0,97.0,115.05197491319801,71.38456771471326,149.03039616275043,80.0,7.5561,6.0,9.0,88.0,0.7643,0.0,11.0786,0.003935996736425529,0.3184807476222622,0.5465
Emanuel Wilson,RB,SEA,LAC,LAC@SEA,False,1.0,,False,,,,,,,,,,,,,0.4603,0.41155,0.5192,69,60.80602026444366,39.1118197029642,77.7550182165957,64.0,3.5053586745242864,0.0,4.188166277377679,47.0,0.44425,0.0,1.0,23.0,0.0589,15.4189,0.5798,0.36321926835032287,0.01686542105714638,0.41155
Bo Nix,QB,DEN,SF,DEN@SF,False,1.0,,False,20.07125,17.0,23.0,91.0,214.35004850547844,161.65192526830845,257.09857042717715,87.0,1.57885,1.0,2.0,81.0,0.17575,0.1611,0.17575,62,,,,,,,,,,,,,,,,,,0.1611
Nate Adkins,TE,DEN,SF,DEN@SF,False,1.0,,False,,,,,,,,,,,,,0.00815,0.1286,0.13615,25,1.144319210754995,0.0,0.0,68.0,8.370980127111673,0.0,12.874663874726243,22.0,0.84195,0.0,1.0,32.0,0.128,0.26195,1.28435,0.008018484110048463,0.03557229965909327,0.1286
Tyler Badie,RB,DEN,SF,DEN@SF,False,1.0,,False,,,,,,,,,,,,,0.03045,0.1458,0.15605,17,4.726176227530683,0.0,6.120852737455618,27.0,8.943672245554067,0.0,13.705535391775562,20.0,1.20905,0.0,2.0,16.0,0.1256,1.12175,1.77175,0.03396559901557302,0.046416352928676324,0.1458
Pat Bryant,WR,DEN,SF,DEN@SF,False,1.0,,False,,,,,,,,,,,,,0.00675,0.1283,0.13625,21,1.140055414693338,0.0,0.0,74.0,22.032140341891253,3.9689091184913705,32.85955861949262,35.0,1.77145,1.0,3.0,41.0,0.1295,0.26395,2.9482,0.008018484110048463,0.08455405883962124,0.1283
J.K. Dobbins,RB,DEN,SF,DEN@SF,False,0.9508674235277402,Full,False,,,,,,,,,,,,,0.5308129140813965,0.43648122831002206,0.5608896834577768,59,60.03916562633828,38.774643113509484,76.20852107337782,64.0,4.636350558868991,0.0,6.895917376926574,39.0,0.637343569250184,0.0,1.0,37.0,0.03007676937638027,14.666000630981175,0.8848985171942371,0.47612819126331196,0.023578353035792796,0.415035780981374
Evan Engram,TE,DEN,SF,DEN@SF,False,1.0,,False,,,,,,,,,,,,,0.0,0.13585,0.1452,20,0.0,0.0,0.0,73.0,21.621120917355828,6.437490845858875,31.487677810812137,38.0,2.2141,1.0,3.0,46.0,0.1452,0.0,3.42695,0.003660612311109081,0.09478496739455596,0.13585
Troy Franklin,WR,DEN,SF,DEN@SF,False,1.0,,False,,,,,,,,,,,,,0.0095,0.1334,0.14225,13,1.6717039229030852,0.0,0.0,66.0,21.92874193789195,4.036712336608705,32.2669802944218,28.0,1.78815,1.0,3.0,33.0,0.13275,0.3863,2.97355,0.011795306335795928,0.08561764261290092,0.1334
RJ Harvey,RB,DEN,SF,DEN@SF,False,1.0,,False,,,,,,,,,,,,,0.12015,0.29285,0.33875,28,18.17683020009585,6.21199286034518,24.819459687938142,44.0,23.312900969870267,9.752650347924043,32.7496772448268,45.0,3.19095,2.0,4.0,56.0,0.2186,4.31865,4.35325,0.13197896018929048,0.11468883448904334,0.29285
Lil'Jordan Humphrey,WR,DEN,SF,DEN@SF,False,1.0,,False,,,,,,,,,,,,,0.0,0.0563,0.05785,1,0.0,0.0,0.0,61.0,11.600087241921994,0.0,18.204604680374594,14.0,0.9412,0.0,1.0,29.0,0.05785,0.0,1.6353,0.005490918466663622,0.04645420735912489,0.0563
Kolbe Katsis,WR,DEN,SF,DEN@SF,False,1.0,,False,,,,,,,,,,,,,0.0,0.00795,0.00805,1,0.0,0.0,0.0,60.0,1.742875290385069,0.0,0.0,60.0,0.1407,0.0,0.0,60.0,0.00805,0.0,0.23395,0.005490918466663622,0.006694939713418782,0.00795
Marvin Mims Jr.,WR,DEN,SF,DEN@SF,False,0.9479829842591244,Full,False,,,,,,,,,,,,,0.0,0.060978180668282915,0.06250658796247496,1,0.0,0.0,0.0,57.0,11.867540691780635,0.0,18.560969226082783,12.0,1.1295983978075261,0.0,2.0,7.0,0.06250658796247496,0.0,1.7958258669758618,0.005490918466663622,0.051418350126101055,0.057806277684610885
Adam Prentice,RB,DEN,SF,DEN@SF,False,1.0,,False,,,,,,,,,,,,,0.0,0.01325,0.01325,1,0.0,0.0,0.0,61.0,1.9068612609893345,0.0,0.0,61.0,0.2623,0.0,0.0,61.0,0.01325,0.0,0.36375,0.004624047078271475,0.009442481131332163,0.01325
Courtland Sutton,WR,DEN,SF,DEN@SF,False,1.0,,False,,,,,,,,,,,,,0.0,0.28615,0.33095,56,0.0,0.0,0.0,86.0,38.366658206375384,16.091629618137038,53.85073018502806,56.0,3.13305,2.0,4.0,66.0,0.33095,0.0,5.3668,0.003660612311109081,0.15351726654230824,0.28615
Adam Trautman,TE,DEN,SF,DEN@SF,False,1.0,,False,,,,,,,,,,,,,0.0,0.03555,0.03595,5,0.0,0.0,0.0,65.0,6.415685574326217,0.0,9.651161476582912,20.0,0.66415,0.0,1.0,20.0,0.03595,0.0,0.94815,0.003660612311109081,0.02631629996518489,0.03555
Jaylen Waddle,WR,DEN,SF,DEN@SF,False,0.9479829842591244,Full,False,,,,,,,,,,,,,0.007579346281383231,0.2352229064687615,0.2638559924206537,39,1.2072136405164946,0.0,0.0,87.0,50.04020097765586,23.837935670437105,69.29624137707974,61.0,3.847202484341281,2.0,5.0,65.0,0.2562766461392705,0.27796199799989474,6.458392546976157,0.00854142872592119,0.18734126492938988,0.22298731284036144
Brock Purdy,QB,SF,DEN,DEN@SF,False,1.0,,False,18.8548,16.0,22.0,87.0,233.30129074684916,172.7561442329873,281.4418142627691,83.0,1.87775,1.0,3.0,65.0,0.10575,0.1,0.10575,58,,,,,,,,,,,,,,,,,,0.1
Kaelon Black,RB,SF,DEN,DEN@SF,False,1.0,,False,,,,,,,,,,,,,0.2471,0.2442,0.27765,43,41.65155746713054,22.197715415757386,55.47511894166479,55.0,4.088363571447634,0.0,5.049674705354708,42.0,0.46705,0.0,1.0,19.0,0.03055,7.86005,0.66435,0.24891945126204418,0.017069154423332972,0.2442
Jacob Cowing,WR,SF,DEN,DEN@SF,False,1.0,,False,,,,,,,,,,,,,0.0,0.0366,0.037,4,0.0,0.0,0.0,63.0,7.133484734456151,0.0,9.340882903937748,24.0,0.48335,0.0,1.0,3.0,0.037,0.0,0.8258,0.003573081114369162,0.021963988147486662,0.0366
Mike Evans,WR,SF,DEN,DEN@SF,False,0.6667342299285288,Questionable; Limited,False,,,,,,,,,,,,,0.0,0.29017723039951937,0.33869029738660256,26,0.0,0.0,0.0,57.0,47.07247357596083,20.427915607328856,65.77739583124698,38.0,3.292505256833884,2.0,4.0,45.0,0.33869029738660256,0.0,5.618428957644938,0.003573081114369162,0.17378020190537355,0.19347109225321682
Luke Farrell,TE,SF,DEN,DEN@SF,False,1.0,,False,,,,,,,,,,,,,0.0,0.0436,0.04475,5,0.0,0.0,0.0,65.0,7.2816181867930805,0.0,10.736397290759708,21.0,0.6233,0.0,1.0,17.0,0.04475,0.0,0.9617,0.003573081114369162,0.025976971345210258,0.0436
KhaDarel Hodge,WR,SF,DEN,DEN@SF,False,0.8055616699684496,DNP,False,,,,,,,,,,,,,0.0,0.03130434782608696,0.03142857142857143,1,0.0,0.0,0.0,50.0,5.929299653284453,0.0,6.350118793891929,24.0,0.4040993788819876,0.0,1.0,1.0,0.03142857142857143,0.0,0.6900621118012422,0.003573081114369162,0.01880056894570884,0.025217582712055816
Jordan James,RB,SF,DEN,DEN@SF,False,1.0,,False,,,,,,,,,,,,,0.06775,0.07565,0.07815,2,13.054877052217224,2.587126940896888,18.693473935695042,25.0,1.3979257948028065,0.0,0.0,62.0,0.1557,0.0,0.0,62.0,0.0104,2.4967,0.22395,0.07791179701481467,0.005850639311514084,0.07565
Kyle Juszczyk,RB,SF,DEN,DEN@SF,False,1.0,,False,,,,,,,,,,,,,0.0,0.14735,0.15855,17,0.0,0.0,0.0,65.0,12.07384114055216,0.0,18.365262819399764,20.0,1.29845,0.0,2.0,19.0,0.15855,0.0,1.79575,0.0040821452562378666,0.04640435390968829,0.14735
George Kittle,TE,SF,DEN,DEN@SF,False,1.0,,False,,,,,,,,,,,,,0.0,0.4104,0.51725,56,0.0,0.0,0.0,86.0,61.16338003378372,31.847785160804236,82.19096242029264,61.0,4.8925,3.0,6.0,67.0,0.51725,0.0,7.25375,0.003573081114369162,0.195409568875346,0.4104
Christian McCaffrey,RB,SF,DEN,DEN@SF,False,0.9508674235277402,Full,False,,,,,,,,,,,,,0.5230874894336432,0.6432269653423499,0.9735841081994928,84,73.78774922931203,49.59128502467969,92.91960985001188,78.0,47.515796850782735,25.556314254823388,63.87062729971738,72.0,5.1505705832628905,3.0,7.0,73.0,0.4504966187658495,13.453772189349113,7.25781910397295,0.44275317139235504,0.19092005027216466,0.6116235672786473
Deebo Samuel Sr.,WR,SF,DEN,DEN@SF,False,1.0,,False,,,,,,,,,,,,,0.0199,0.33025,0.39355,36,3.7018283404295325,0.0,4.418788909772878,42.0,52.899235922263024,23.116109496015415,73.63442511978516,49.0,3.40835,2.0,5.0,51.0,0.37365,0.7124,5.5765,0.022311139346997556,0.1508177428708796,0.33025
Jordan Watkins,WR,SF,DEN,DEN@SF,False,1.0,,False,,,,,,,,,,,,,0.0,0.08565,0.0896,2,0.0,0.0,0.0,62.0,18.46786711708182,0.0,28.327728665111074,16.0,1.15655,0.0,2.0,10.0,0.0896,0.0,1.9348,0.005359621671553742,0.051656749172312215,0.08565
Brayden Willis,TE,SF,DEN,DEN@SF,False,1.0,,False,,,,,,,,,,,,,0.0,0.0058,0.00585,1,0.0,0.0,0.0,60.0,1.050359451948794,0.0,0.0,60.0,0.08635,0.0,0.0,60.0,0.00585,0.0,0.1363,0.004287697337242994,0.0036261717429202627,0.0058
Jared Goff,QB,DET,CAR,DET@CAR,False,1.0,,False,20.9204,18.0,24.0,91.0,217.0466668392805,163.23003602364355,260.0533544236374,87.0,1.80155,1.0,3.0,67.0,0.06365,0.06185,0.06365,62,,,,,,,,,,,,,,,,,,0.06185
Jahmyr Gibbs,RB,DET,CAR,DET@CAR,False,1.0,,False,,,,,,,,,,,,,1.009,0.7621,1.3392,85,112.11709896059455,82.96688350527535,136.6728330516516,86.0,29.670018458018177,14.22764137080204,40.44493914063075,73.0,4.0134,2.0,5.0,78.0,0.3302,20.8644,5.35775,0.7353193782287176,0.17056578397255723,0.7621
Tom Kennedy,WR,DET,CAR,DET@CAR,False,1.0,,False,,,,,,,,,,,,,0.0,0.01525,0.01545,1,0.0,0.0,0.0,60.0,2.837489232951233,0.0,0.0,60.0,0.2379,0.0,0.0,60.0,0.01545,0.0,0.3845,0.004563660195744673,0.011709040824510464,0.01525
Sam LaPorta,TE,DET,CAR,DET@CAR,False,1.0,,False,,,,,,,,,,,,,0.0,0.3588,0.4322,61,0.0,0.0,0.0,90.0,50.19383339386245,26.840942060482714,67.64766944196128,66.0,4.98025,3.0,6.0,72.0,0.4322,0.0,7.1137,0.004563660195744673,0.1843402705526969,0.3588
Tay Martin,WR,DET,CAR,DET@CAR,False,1.0,,False,,,,,,,,,,,,,0.0,0.01145,0.01155,1,0.0,0.0,0.0,60.0,2.370248634569388,0.0,0.0,60.0,0.197,0.0,0.0,60.0,0.01155,0.0,0.3207,0.004563660195744673,0.009676893243397077,0.01145
Jackson Meeks,WR,DET,CAR,DET@CAR,False,1.0,,False,,,,,,,,,,,,,0.0,0.0294,0.02985,2,0.0,0.0,0.0,62.0,5.405358783572001,0.0,6.729661072690114,24.0,0.4537,0.0,1.0,2.0,0.02985,0.0,0.73435,0.004563660195744673,0.02215271895924376,0.0294
Jacob Saylors,RB,DET,CAR,DET@CAR,False,1.0,,False,,,,,,,,,,,,,0.01275,0.0198,0.01995,1,1.689219858376664,0.0,0.0,60.0,0.8840969774641846,0.0,0.0,60.0,0.1217,0.0,0.0,60.0,0.0072,0.342,0.16225,0.011988575606114403,0.005250653417118613,0.0198
Amon-Ra St. Brown,WR,DET,CAR,DET@CAR,False,1.0,,False,,,,,,,,,,,,,0.0,0.45465,0.5943,85,0.0,0.0,0.0,97.0,64.8136993469696,37.47808854499244,85.41356732508095,78.0,6.0443,4.0,8.0,80.0,0.5943,0.0,9.64875,0.004563660195744673,0.29254432005340364,0.45465
Isaac TeSlaa,WR,DET,CAR,DET@CAR,False,1.0,,False,,,,,,,,,,,,,0.0,0.1294,0.1382,27,0.0,0.0,0.0,74.0,16.92273047960872,0.0,25.719599900524976,29.0,1.3213,0.0,2.0,29.0,0.1382,0.0,2.18715,0.004563660195744673,0.06617639500570466,0.1294
Sione Vaki,RB,DET,CAR,DET@CAR,False,1.0,,False,,,,,,,,,,,,,0.1566,0.17505,0.19105,16,21.498959186813426,8.509737201682201,29.64318824441971,41.0,4.847099531059685,0.0,7.379527459006242,24.0,0.67,0.0,1.0,25.0,0.03445,4.2936,0.90695,0.15073081942880007,0.02885744515558088,0.17505
Jameson Williams,WR,DET,CAR,DET@CAR,False,1.0,,False,,,,,,,,,,,,,0.0,0.2043,0.22635,35,0.0,0.0,0.0,87.0,43.652207059524045,18.491122662771396,61.33768796721124,58.0,3.20555,2.0,4.0,68.0,0.22635,0.0,5.2589,0.004563660195744673,0.1587035073771584,0.2043
Brock Wright,TE,DET,CAR,DET@CAR,False,1.0,,False,,,,,,,,,,,,,0.0,0.0659,0.06875,5,0.0,0.0,0.0,65.0,11.081528650491565,0.0,16.990567452057057,19.0,1.165,0.0,2.0,13.0,0.06875,0.0,1.77035,0.004563660195744673,0.045540475264919195,0.0659
Bryce Young,QB,CAR,DET,DET@CAR,False,0.98,Full,False,22.61390630575521,20.0,26.0,90.0,278.2686910716868,212.42354756682312,331.15627985976863,85.0,1.6436254269256256,1.0,2.0,80.0,0.08752612529948514,0.08319314879951063,0.08752612529948514,60,,,,,,,,,,,,,,,,,,0.08152928582352043
Jalen Coker,WR,CAR,DET,DET@CAR,False,0.6667342299285288,Questionable; Limited,False,,,,,,,,,,,,,0.0,0.29955815172620387,0.3462892233954917,44,0.0,0.0,0.0,63.0,54.16077794344208,26.181235278074,74.69024405413867,45.0,4.0857485209316255,2.0,5.0,49.0,0.3462892233954917,0.0,6.272972365760503,0.0036017860441965605,0.1558458290074983,0.19972567360998394
AJ Dillon,RB,CAR,DET,DET@CAR,False,1.0,,False,,,,,,,,,,,,,0.1056,0.1129,0.11965,10,19.685444667383052,6.7820349686372,26.47693620881637,39.0,2.4735096625022726,0.0,0.0,69.0,0.3081,0.0,0.0,69.0,0.01405,4.54725,0.4335,0.13093538301240798,0.008256103728936698,0.1129
Mitchell Evans,TE,CAR,DET,DET@CAR,False,1.0,,False,,,,,,,,,,,,,0.0,0.1222,0.1294,22,0.0,0.0,0.0,70.0,15.074559350996692,0.0,23.035174981090464,24.0,1.37435,0.0,2.0,26.0,0.1294,0.0,2.01885,0.0036017860441965605,0.04145720362657479,0.1222
Feleipe Franks,TE,CAR,DET,DET@CAR,False,1.0,,False,,,,,,,,,,,,,0.0,0.0035,0.0035,1,0.0,0.0,0.0,60.0,0.7036711840596852,0.0,0.0,60.0,0.06565,0.0,0.0,60.0,0.0035,0.0,0.098,0.0036017860441965605,0.0020209285776467264,0.0035
Jimmy Horn Jr.,WR,CAR,DET,DET@CAR,False,1.0,,False,,,,,,,,,,,,,0.0,0.0474,0.0484,1,0.0,0.0,0.0,61.0,12.572607595149336,0.0,19.449884708307806,15.0,0.92355,0.0,1.0,29.0,0.0484,0.0,1.52235,0.005402679066294841,0.03295347890858793,0.0474
Chuba Hubbard,RB,CAR,DET,DET@CAR,False,0.9508674235277402,Full,False,,,,,,,,,,,,,0.4709657058699769,0.4909530822638334,0.6558489375131495,83,69.90289322051993,46.65636518615023,87.8037953332388,78.0,21.5889901170071,7.460982372506537,30.955895231166334,63.0,2.64711760993057,1.0,4.0,62.0,0.18488323164317275,15.314222596254996,3.6142962339575004,0.48015997382310005,0.06850935130770748,0.4668312924052139
Tetairoa McMillan,WR,CAR,DET,DET@CAR,False,1.0,,False,,,,,,,,,,,,,0.0,0.38355,0.47175,68,0.0,0.0,0.0,97.0,86.45695498879738,47.86861590394683,115.38328528401539,73.0,5.5983,4.0,7.0,81.0,0.47175,0.0,9.66005,0.0036017860441965605,0.2079302471377643,0.38355
John Metchie III,WR,CAR,DET,DET@CAR,False,1.0,,False,,,,,,,,,,,,,0.0,0.11085,0.1179,13,0.0,0.0,0.0,67.0,20.637371054309387,2.419585554684573,30.72551856109449,25.0,1.6832,1.0,2.0,49.0,0.1179,0.0,2.76365,0.004322143253035873,0.059925631516801345,0.11085
David Moore,WR,CAR,DET,DET@CAR,False,1.0,,False,,,,,,,,,,,,,0.0,0.0357,0.03615,2,0.0,0.0,0.0,62.0,9.163824678661943,0.0,13.64748635008074,17.0,0.676,0.0,1.0,18.0,0.03615,0.0,1.118,0.005402679066294841,0.024180261720335043,0.0357
Brycen Tremayne,WR,CAR,DET,DET@CAR,False,1.0,,False,,,,,,,,,,,,,0.0,0.04735,0.04825,11,0.0,0.0,0.0,70.0,13.316613953342882,0.0,20.545328935427253,23.0,0.9104,0.0,1.0,37.0,0.04825,0.0,1.49065,0.0036017860441965605,0.03193488024592266,0.04735
Tommy Tremble,TE,CAR,DET,DET@CAR,False,1.0,,False,,,,,,,,,,,,,0.0,0.1729,0.18665,25,0.0,0.0,0.0,78.0,34.249261585832215,13.743140495013925,48.33199051835893,47.0,3.2165,2.0,4.0,59.0,0.18665,0.0,4.82325,0.0036017860441965605,0.09835148777272693,0.1729
Anthony Tyus III,RB,CAR,DET,DET@CAR,False,1.0,,False,,,,,,,,,,,,,0.0,0.0068,0.0068,1,0.0,0.0,0.0,60.0,1.2053471123103863,0.0,0.0,60.0,0.15355,0.0,0.0,60.0,0.0068,0.0,0.214,0.003548162203347307,0.003987301932070379,0.0068
Darren Waller,TE,CAR,DET,DET@CAR,False,0.9479829842591244,Full,False,,,,,,,,,,,,,0.0,0.24067994069053167,0.2736178775683118,32,0.0,0.0,0.0,77.0,48.033127481429155,23.135894901971085,65.78262511298163,51.0,4.28293793687778,3.0,6.0,57.0,0.2736178775683118,0.0,6.455570853632705,0.0036017860441965605,0.13336362420145703,0.22816048842711928
Michael Penix Jr.,QB,ATL,NO,ATL@NO,False,1.0,,False,16.98155,14.0,20.0,57.0,184.40235090299836,136.55569157972732,222.91727091086818,53.0,1.3174,1.0,2.0,45.0,0.04975,0.0487,0.04975,26,,,,,,,,,,,,,,,,,,0.0487
Chris Blair,WR,ATL,NO,ATL@NO,False,1.0,,False,,,,,,,,,,,,,0.0,0.0372,0.0377,5,0.0,0.0,0.0,65.0,6.233750123327381,0.0,8.663920138836069,23.0,0.5271,0.0,1.0,8.0,0.0377,0.0,0.87765,0.003686234688171161,0.029359713507702022,0.0372
Zachariah Branch,WR,ATL,NO,ATL@NO,False,1.0,,False,,,,,,,,,,,,,0.0,0.05305,0.05445,7,0.0,0.0,0.0,66.0,8.601353548006026,0.0,13.302211779920723,20.0,0.7468,0.0,1.0,26.0,0.05445,0.0,1.22645,0.003686234688171161,0.0412946700509672,0.05305
Jahan Dotson,WR,ATL,NO,ATL@NO,False,1.0,,False,,,,,,,,,,,,,0.0,0.15005,0.16015,18,0.0,0.0,0.0,76.0,22.81359912670481,5.549854575770035,33.520925527733446,39.0,1.9327,1.0,3.0,45.0,0.16015,0.0,3.3556,0.003686234688171161,0.11497225072911339,0.15005
Austin Hooper,TE,ATL,NO,ATL@NO,False,1.0,,False,,,,,,,,,,,,,0.0,0.1369,0.1453,16,0.0,0.0,0.0,70.0,11.471719571947286,0.0,17.45592868655378,24.0,1.16025,0.0,2.0,18.0,0.1453,0.0,1.736,0.003686234688171161,0.05920537550407646,0.1369
Drake London,WR,ATL,NO,ATL@NO,False,1.0,,False,,,,,,,,,,,,,0.0086,0.3137,0.3688,33,1.8190614498521158,0.0,0.0,90.0,66.28324877032517,35.30068143739872,89.45545011735862,66.0,4.6747,3.0,6.0,71.0,0.3602,0.3754,7.6639,0.011489755701436724,0.2610326419999095,0.3137
Nick Muse,TE,ATL,NO,ATL@NO,False,1.0,,False,,,,,,,,,,,,,0.0,0.0106,0.01065,1,0.0,0.0,0.0,60.0,1.320265645340693,0.0,0.0,60.0,0.13455,0.0,0.0,60.0,0.01065,0.0,0.20915,0.003686234688171161,0.007150789762353575,0.0106
Kyle Pitts,TE,ATL,NO,ATL@NO,False,1.0,,False,,,,,,,,,,,,,0.0,0.18065,0.19705,11,0.0,0.0,0.0,70.0,27.70469561597085,10.987818015315174,39.40980939303908,39.0,2.84825,2.0,4.0,49.0,0.19705,0.0,4.3081,0.003686234688171161,0.14632157177459895,0.18065
Bijan Robinson,RB,ATL,NO,ATL@NO,False,1.0,,False,,,,,,,,,,,,,0.6041,0.5882,0.8508,85,94.73571177336349,67.19161746825773,117.364678602682,84.0,30.60368455984502,14.82802195276651,42.10445175848546,73.0,3.8377,2.0,5.0,77.0,0.2467,17.3099,5.3339,0.531278601853038,0.20319122728193406,0.5882
Brian Robinson,RB,ATL,NO,ATL@NO,False,1.0,,False,,,,,,,,,,,,,0.2176,0.21735,0.2427,30,36.53188099286527,19.118698807860998,48.62098458958926,58.0,2.7085521619591577,0.0,2.3414084084806626,57.0,0.37255,0.0,1.0,23.0,0.0251,7.59505,0.51535,0.23370088360555538,0.019608096488972607,0.21735
Charlie Woerner,TE,ATL,NO,ATL@NO,False,1.0,,False,,,,,,,,,,,,,0.0,0.0196,0.01975,2,0.0,0.0,0.0,62.0,2.685801212797475,0.0,0.0,62.0,0.27995,0.0,0.0,62.0,0.01975,0.0,0.4318,0.003686234688171161,0.014721993370818004,0.0196
Olamide Zaccheaus,WR,ATL,NO,ATL@NO,False,1.0,,False,,,,,,,,,,,,,0.0,0.1217,0.12805,11,0.0,0.0,0.0,70.0,16.909624032411326,2.6587879499460265,25.061068740318586,30.0,1.66225,1.0,2.0,52.0,0.12805,0.0,2.76335,0.003686234688171161,0.0944351738251504,0.1217
Tyler Shough,QB,NO,ATL,ATL@NO,False,1.0,,False,21.9444,19.0,25.0,92.0,238.40045178670604,180.48623804164822,283.7438241725008,87.0,2.06095,1.0,3.0,71.0,0.1495,0.1394,0.1495,62,,,,,,,,,,,,,,,,,,0.1394
Kevin Austin Jr.,WR,NO,ATL,ATL@NO,False,1.0,,False,,,,,,,,,,,,,0.0,0.0706,0.0725,2,0.0,0.0,0.0,62.0,12.293858157830618,0.0,18.942847008916498,15.0,0.9955,0.0,2.0,2.0,0.0725,0.0,1.7363,0.003332389871668485,0.044291850698501146,0.0706
Barion Brown,WR,NO,ATL,ATL@NO,False,0.9575230478992892,Limited,False,,,,,,,,,,,,,0.007744636316064888,0.023547880690737835,0.02370486656200942,1,1.528934781012579,0.0,0.0,57.0,2.6361506056084907,0.0,0.0,57.0,0.20900052328623758,0.0,0.0,57.0,0.01596023024594453,0.3836211407639979,0.35489272632129776,0.009330691640671757,0.009074282181376526,0.022547638490564112
Oscar Delp,TE,NO,ATL,ATL@NO,False,1.0,,False,,,,,,,,,,,,,0.0,0.0323,0.0328,1,0.0,0.0,0.0,61.0,4.7771540214463375,0.0,6.008649287684705,24.0,0.47035,0.0,1.0,1.0,0.0328,0.0,0.73405,0.003998867846002182,0.01677375977595977,0.0323
CJ Donaldson,RB,NO,ATL,ATL@NO,False,1.0,,False,,,,,,,,,,,,,0.05845,0.08005,0.08275,11,6.31823006364823,0.0,8.397629019087823,25.0,2.8472840079741624,0.0,2.5184419712660953,39.0,0.38455,0.0,1.0,5.0,0.0243,1.6109,0.5481,0.03908062596400464,0.013371007488053786,0.08005
Noah Fant,TE,NO,ATL,ATL@NO,False,0.9575230478992892,Limited,False,,,,,,,,,,,,,0.0,0.21228408913009444,0.23670615248134425,36,0.0,0.0,0.0,76.0,19.906734254472752,4.916626225846363,29.19936045411626,41.0,2.0217606846527163,1.0,3.0,47.0,0.23670615248134425,0.0,3.1007671032719304,0.003332389871668485,0.07077182565309295,0.2032669080443724
Juwan Johnson,TE,NO,ATL,ATL@NO,False,1.0,,False,,,,,,,,,,,,,0.0,0.4253,0.54305,66,0.0,0.0,0.0,90.0,51.48285075042675,27.26132753346527,69.21400007871118,66.0,4.869,3.0,6.0,72.0,0.54305,0.0,7.4109,0.003332389871668485,0.1697533667800427,0.4253
Alvin Kamara,RB,NO,ATL,ATL@NO,False,1.0,,False,,,,,,,,,,,,,0.22985,0.3682,0.44525,36,39.48398502866795,21.726933251763974,51.653498566928256,55.0,21.46198061427786,8.669226867803598,29.944308153090134,48.0,3.1472,2.0,4.0,59.0,0.2154,10.97875,4.3702,0.26317348302825083,0.1033163552853583,0.3682
Bryce Lance,WR,NO,ATL,ATL@NO,False,1.0,,False,,,,,,,,,,,,,0.0,0.0715,0.07325,14,0.0,0.0,0.0,73.0,12.83760608337716,0.0,19.87201934538297,26.0,1.0272,0.0,2.0,14.0,0.07325,0.0,1.7598,0.003332389871668485,0.04472201059179554,0.0715
Kendre Miller,RB,NO,ATL,ATL@NO,False,1.0,,False,,,,,,,,,,,,,0.20645,0.2266,0.2542,23,28.04486929126481,13.20836919616663,37.618976874896326,44.0,5.852745266067767,0.0,8.917837171146825,25.0,0.78505,0.0,1.0,32.0,0.04775,7.24315,1.11835,0.17286051574649386,0.026414792220666394,0.2266
Jalen Cropper,WR,NO,ATL,ATL@NO,False,1.0,,False,,,,,,,,,,,,,0.0,0.01345,0.0135,1,0.0,0.0,0.0,60.0,2.7012727268380137,0.0,0.0,60.0,0.2136,0.0,0.0,60.0,0.0135,0.0,0.36295,0.0049985848075027265,0.009020588203971934,0.01345
Chris Olave,WR,NO,ATL,ATL@NO,False,1.0,,False,,,,,,,,,,,,,0.0,0.45015,0.5771,66,0.0,0.0,0.0,97.0,82.18906698550619,48.09836470856731,107.29205623664885,78.0,6.33855,4.0,8.0,81.0,0.5771,0.0,10.4199,0.003332389871668485,0.2664160110167168,0.45015
Devaughn Vele,WR,NO,ATL,ATL@NO,False,1.0,,False,,,,,,,,,,,,,0.0,0.27135,0.3088,55,0.0,0.0,0.0,95.0,36.2464412450677,14.662547327305617,51.12296601766854,65.0,3.04495,2.0,4.0,75.0,0.3088,0.0,5.1424,0.003332389871668485,0.13046428301322247,0.27135
Treyton Welch,TE,NO,ATL,ATL@NO,False,1.0,,False,,,,,,,,,,,,,0.0,0.0077,0.0078,1,0.0,0.0,0.0,60.0,1.2286806965211043,0.0,0.0,60.0,0.1224,0.0,0.0,60.0,0.0078,0.0,0.19205,0.003998867846002182,0.004365721037379572,0.0077
