player,team,opp,pos,game,market,prob,fair_odds,rush_td_mean,rec_td_mean,confidence,injury_flag,key_drivers,p_active,note
Aaron Rodgers,PIT,CLE,QB,PIT@CLE,anytime_td,0.0172,5714,0.01735,0.0,B,-,team att 36.3; ypa 6.68; opp d_ypa 0.99; pass rate 63.1%,1.0,PLAYED (final score in nflverse)
Aaron Rodgers,PIT,CLE,QB,PIT@CLE,first_td,0.004318970057720057,23054,0.01735,0.0,B,-,team att 36.3; ypa 6.68; opp d_ypa 0.99; pass rate 63.1%,1.0,PLAYED (final score in nflverse)
Aaron Rodgers,PIT,CLE,QB,PIT@CLE,last_td,0.004318970057720057,23054,0.01735,0.0,B,-,team att 36.3; ypa 6.68; opp d_ypa 0.99; pass rate 63.1%,1.0,PLAYED (final score in nflverse)
Aaron Rodgers,PIT,CLE,QB,PIT@CLE,2plus_td,0.00015,666567,0.01735,0.0,B,-,team att 36.3; ypa 6.68; opp d_ypa 0.99; pass rate 63.1%,1.0,PLAYED (final score in nflverse)
Germie Bernard,PIT,CLE,WR,PIT@CLE,anytime_td,0.1242,705,0.0,0.13105,C,-,tgt_sh 4.9%; team att 36.3; opp DvP 0.96; RZ tgt 2,1.0,PLAYED (final score in nflverse)
Germie Bernard,PIT,CLE,WR,PIT@CLE,first_td,0.03291766955266955,2938,0.0,0.13105,C,-,tgt_sh 4.9%; team att 36.3; opp DvP 0.96; RZ tgt 2,1.0,PLAYED (final score in nflverse)
Germie Bernard,PIT,CLE,WR,PIT@CLE,last_td,0.03291766955266955,2938,0.0,0.13105,C,-,tgt_sh 4.9%; team att 36.3; opp DvP 0.96; RZ tgt 2,1.0,PLAYED (final score in nflverse)
Germie Bernard,PIT,CLE,WR,PIT@CLE,2plus_td,0.0066,15052,0.0,0.13105,C,-,tgt_sh 4.9%; team att 36.3; opp DvP 0.96; RZ tgt 2,1.0,PLAYED (final score in nflverse)
Pat Freiermuth,PIT,CLE,TE,PIT@CLE,anytime_td,0.24415,310,0.0041,0.271,B,-,tgt_sh 13.2%; team att 36.3; opp DvP 0.90; RZ tgt 3,1.0,PLAYED (final score in nflverse)
Pat Freiermuth,PIT,CLE,TE,PIT@CLE,first_td,0.06741813492063492,1383,0.0041,0.271,B,-,tgt_sh 13.2%; team att 36.3; opp DvP 0.90; RZ tgt 3,1.0,PLAYED (final score in nflverse)
Pat Freiermuth,PIT,CLE,TE,PIT@CLE,last_td,0.06741813492063492,1383,0.0041,0.271,B,-,tgt_sh 13.2%; team att 36.3; opp DvP 0.90; RZ tgt 3,1.0,PLAYED (final score in nflverse)
Pat Freiermuth,PIT,CLE,TE,PIT@CLE,2plus_td,0.02865,3390,0.0041,0.271,B,-,tgt_sh 13.2%; team att 36.3; opp DvP 0.90; RZ tgt 3,1.0,PLAYED (final score in nflverse)
Travis Homer,PIT,CLE,RB,PIT@CLE,anytime_td,0.0538,1759,0.04635,0.0088,C,-,w_td 0.11; team TD 2.09,1.0,PLAYED (final score in nflverse)
Travis Homer,PIT,CLE,RB,PIT@CLE,first_td,0.013475158730158731,7321,0.04635,0.0088,C,-,w_td 0.11; team TD 2.09,1.0,PLAYED (final score in nflverse)
Travis Homer,PIT,CLE,RB,PIT@CLE,last_td,0.013475158730158731,7321,0.04635,0.0088,C,-,w_td 0.11; team TD 2.09,1.0,PLAYED (final score in nflverse)
Travis Homer,PIT,CLE,RB,PIT@CLE,2plus_td,0.00135,73974,0.04635,0.0088,C,-,w_td 0.11; team TD 2.09,1.0,PLAYED (final score in nflverse)
DK Metcalf,PIT,CLE,WR,PIT@CLE,anytime_td,0.29125,243,0.0,0.3394,B,-,tgt_sh 22.2%; team att 36.3; opp DvP 0.96; RZ tgt 1,1.0,PLAYED (final score in nflverse)
DK Metcalf,PIT,CLE,WR,PIT@CLE,first_td,0.08450777777777778,1083,0.0,0.3394,B,-,tgt_sh 22.2%; team att 36.3; opp DvP 0.96; RZ tgt 1,1.0,PLAYED (final score in nflverse)
DK Metcalf,PIT,CLE,WR,PIT@CLE,last_td,0.08450777777777778,1083,0.0,0.3394,B,-,tgt_sh 22.2%; team att 36.3; opp DvP 0.96; RZ tgt 1,1.0,PLAYED (final score in nflverse)
DK Metcalf,PIT,CLE,WR,PIT@CLE,2plus_td,0.04375,2186,0.0,0.3394,B,-,tgt_sh 22.2%; team att 36.3; opp DvP 0.96; RZ tgt 1,1.0,PLAYED (final score in nflverse)
Lew Nichols III,PIT,CLE,RB,PIT@CLE,anytime_td,0.03255,2972,0.02495,0.0085,C,-,w_td 0.06; team TD 2.09,1.0,PLAYED (final score in nflverse)
Lew Nichols III,PIT,CLE,RB,PIT@CLE,first_td,0.008496868686868686,11669,0.02495,0.0085,C,-,w_td 0.06; team TD 2.09,1.0,PLAYED (final score in nflverse)
Lew Nichols III,PIT,CLE,RB,PIT@CLE,last_td,0.008496868686868686,11669,0.02495,0.0085,C,-,w_td 0.06; team TD 2.09,1.0,PLAYED (final score in nflverse)
Lew Nichols III,PIT,CLE,RB,PIT@CLE,2plus_td,0.0009,111011,0.02495,0.0085,C,-,w_td 0.06; team TD 2.09,1.0,PLAYED (final score in nflverse)
Michael Pittman,PIT,CLE,WR,PIT@CLE,anytime_td,0.16955,490,0.0,0.1838,C,-,tgt_sh 13.5%; team att 36.3; opp DvP 0.96; RZ tgt 0,1.0,PLAYED (final score in nflverse)
Michael Pittman,PIT,CLE,WR,PIT@CLE,first_td,0.04570143939393939,2088,0.0,0.1838,C,-,tgt_sh 13.5%; team att 36.3; opp DvP 0.96; RZ tgt 0,1.0,PLAYED (final score in nflverse)
Michael Pittman,PIT,CLE,WR,PIT@CLE,last_td,0.04570143939393939,2088,0.0,0.1838,C,-,tgt_sh 13.5%; team att 36.3; opp DvP 0.96; RZ tgt 0,1.0,PLAYED (final score in nflverse)
Michael Pittman,PIT,CLE,WR,PIT@CLE,2plus_td,0.01385,7120,0.0,0.1838,C,-,tgt_sh 13.5%; team att 36.3; opp DvP 0.96; RZ tgt 0,1.0,PLAYED (final score in nflverse)
Ben Skowronek,PIT,CLE,WR,PIT@CLE,anytime_td,0.05705,1653,0.0,0.0585,C,-,w_td 0.03; team TD 2.09,1.0,PLAYED (final score in nflverse)
Ben Skowronek,PIT,CLE,WR,PIT@CLE,first_td,0.01426607323232323,6910,0.0,0.0585,C,-,w_td 0.03; team TD 2.09,1.0,PLAYED (final score in nflverse)
Ben Skowronek,PIT,CLE,WR,PIT@CLE,last_td,0.01426607323232323,6910,0.0,0.0585,C,-,w_td 0.03; team TD 2.09,1.0,PLAYED (final score in nflverse)
Ben Skowronek,PIT,CLE,WR,PIT@CLE,2plus_td,0.00145,68866,0.0,0.0585,C,-,w_td 0.03; team TD 2.09,1.0,PLAYED (final score in nflverse)
Robert Tonyan,PIT,CLE,TE,PIT@CLE,anytime_td,0.03935,2441,0.0,0.0402,C,-,w_td 0.02; team TD 2.09,1.0,PLAYED (final score in nflverse)
Robert Tonyan,PIT,CLE,TE,PIT@CLE,first_td,0.010134110750360751,9768,0.0,0.0402,C,-,w_td 0.02; team TD 2.09,1.0,PLAYED (final score in nflverse)
Robert Tonyan,PIT,CLE,TE,PIT@CLE,last_td,0.010134110750360751,9768,0.0,0.0402,C,-,w_td 0.02; team TD 2.09,1.0,PLAYED (final score in nflverse)
Robert Tonyan,PIT,CLE,TE,PIT@CLE,2plus_td,0.0008,124900,0.0,0.0402,C,-,w_td 0.02; team TD 2.09,1.0,PLAYED (final score in nflverse)
Jaylen Warren,PIT,CLE,RB,PIT@CLE,anytime_td,0.4118,143,0.20445,0.3087,B,-,tgt_sh 11.9%; team att 36.3; opp DvP 1.05; RZ tgt 4; car_sh 47.8%; team rush 23.1; opp d_ypc 1.05; inside-10 car 0,1.0,PLAYED (final score in nflverse)
Jaylen Warren,PIT,CLE,RB,PIT@CLE,first_td,0.12878002525252522,677,0.20445,0.3087,B,-,tgt_sh 11.9%; team att 36.3; opp DvP 1.05; RZ tgt 4; car_sh 47.8%; team rush 23.1; opp d_ypc 1.05; inside-10 car 0,1.0,PLAYED (final score in nflverse)
Jaylen Warren,PIT,CLE,RB,PIT@CLE,last_td,0.12878002525252522,677,0.20445,0.3087,B,-,tgt_sh 11.9%; team att 36.3; opp DvP 1.05; RZ tgt 4; car_sh 47.8%; team rush 23.1; opp d_ypc 1.05; inside-10 car 0,1.0,PLAYED (final score in nflverse)
Jaylen Warren,PIT,CLE,RB,PIT@CLE,2plus_td,0.0893,1020,0.20445,0.3087,B,-,tgt_sh 11.9%; team att 36.3; opp DvP 1.05; RZ tgt 4; car_sh 47.8%; team rush 23.1; opp d_ypc 1.05; inside-10 car 0,1.0,PLAYED (final score in nflverse)
Darnell Washington,PIT,CLE,TE,PIT@CLE,anytime_td,0.1554,544,0.0,0.1674,C,-,tgt_sh 8.0%; team att 36.3; opp DvP 0.90; RZ tgt 2,1.0,PLAYED (final score in nflverse)
Darnell Washington,PIT,CLE,TE,PIT@CLE,first_td,0.041810351731601726,2292,0.0,0.1674,C,-,tgt_sh 8.0%; team att 36.3; opp DvP 0.90; RZ tgt 2,1.0,PLAYED (final score in nflverse)
Darnell Washington,PIT,CLE,TE,PIT@CLE,last_td,0.041810351731601726,2292,0.0,0.1674,C,-,tgt_sh 8.0%; team att 36.3; opp DvP 0.90; RZ tgt 2,1.0,PLAYED (final score in nflverse)
Darnell Washington,PIT,CLE,TE,PIT@CLE,2plus_td,0.0115,8596,0.0,0.1674,C,-,tgt_sh 8.0%; team att 36.3; opp DvP 0.90; RZ tgt 2,1.0,PLAYED (final score in nflverse)
Roman Wilson,PIT,CLE,WR,PIT@CLE,anytime_td,0.2061,385,0.0,0.2252,B,-,tgt_sh 12.0%; team att 36.3; opp DvP 0.96; RZ tgt 2,1.0,PLAYED (final score in nflverse)
Roman Wilson,PIT,CLE,WR,PIT@CLE,first_td,0.05598012806637806,1686,0.0,0.2252,B,-,tgt_sh 12.0%; team att 36.3; opp DvP 0.96; RZ tgt 2,1.0,PLAYED (final score in nflverse)
Roman Wilson,PIT,CLE,WR,PIT@CLE,last_td,0.05598012806637806,1686,0.0,0.2252,B,-,tgt_sh 12.0%; team att 36.3; opp DvP 0.96; RZ tgt 2,1.0,PLAYED (final score in nflverse)
Roman Wilson,PIT,CLE,WR,PIT@CLE,2plus_td,0.0181,5425,0.0,0.2252,B,-,tgt_sh 12.0%; team att 36.3; opp DvP 0.96; RZ tgt 2,1.0,PLAYED (final score in nflverse)
Deshaun Watson,CLE,PIT,QB,PIT@CLE,anytime_td,0.1038,863,0.1083,0.0,B,-,team att 30.1; ypa 7.66; opp d_ypa 1.05; pass rate 56.3%,1.0,PLAYED (final score in nflverse)
Deshaun Watson,CLE,PIT,QB,PIT@CLE,first_td,0.027273041125541124,3567,0.1083,0.0,B,-,team att 30.1; ypa 7.66; opp d_ypa 1.05; pass rate 56.3%,1.0,PLAYED (final score in nflverse)
Deshaun Watson,CLE,PIT,QB,PIT@CLE,last_td,0.027273041125541124,3567,0.1083,0.0,B,-,team att 30.1; ypa 7.66; opp d_ypa 1.05; pass rate 56.3%,1.0,PLAYED (final score in nflverse)
Deshaun Watson,CLE,PIT,QB,PIT@CLE,2plus_td,0.0043,23156,0.1083,0.0,B,-,team att 30.1; ypa 7.66; opp d_ypa 1.05; pass rate 56.3%,1.0,PLAYED (final score in nflverse)
Isaiah Bond,CLE,PIT,WR,PIT@CLE,anytime_td,0.03865,2487,0.0,0.03905,C,-,tgt_sh 4.1%; team att 30.1; opp DvP 1.06; RZ tgt 0,1.0,PLAYED (final score in nflverse)
Isaiah Bond,CLE,PIT,WR,PIT@CLE,first_td,0.009401630591630591,10536,0.0,0.03905,C,-,tgt_sh 4.1%; team att 30.1; opp DvP 1.06; RZ tgt 0,1.0,PLAYED (final score in nflverse)
Isaiah Bond,CLE,PIT,WR,PIT@CLE,last_td,0.009401630591630591,10536,0.0,0.03905,C,-,tgt_sh 4.1%; team att 30.1; opp DvP 1.06; RZ tgt 0,1.0,PLAYED (final score in nflverse)
Isaiah Bond,CLE,PIT,WR,PIT@CLE,2plus_td,0.0004,249900,0.0,0.03905,C,-,tgt_sh 4.1%; team att 30.1; opp DvP 1.06; RZ tgt 0,1.0,PLAYED (final score in nflverse)
Denzel Boston,CLE,PIT,WR,PIT@CLE,anytime_td,0.1868,435,0.0,0.2042,B,-,tgt_sh 14.5%; team att 30.1; opp DvP 1.06; RZ tgt 3,1.0,PLAYED (final score in nflverse)
Denzel Boston,CLE,PIT,WR,PIT@CLE,first_td,0.05016154581529581,1894,0.0,0.2042,B,-,tgt_sh 14.5%; team att 30.1; opp DvP 1.06; RZ tgt 3,1.0,PLAYED (final score in nflverse)
Denzel Boston,CLE,PIT,WR,PIT@CLE,last_td,0.05016154581529581,1894,0.0,0.2042,B,-,tgt_sh 14.5%; team att 30.1; opp DvP 1.06; RZ tgt 3,1.0,PLAYED (final score in nflverse)
Denzel Boston,CLE,PIT,WR,PIT@CLE,2plus_td,0.01655,5942,0.0,0.2042,B,-,tgt_sh 14.5%; team att 30.1; opp DvP 1.06; RZ tgt 3,1.0,PLAYED (final score in nflverse)
KC Concepcion,CLE,PIT,WR,PIT@CLE,anytime_td,0.23915,318,0.01025,0.2598,B,-,tgt_sh 20.8%; team att 30.1; opp DvP 1.06; RZ tgt 3,1.0,PLAYED (final score in nflverse)
KC Concepcion,CLE,PIT,WR,PIT@CLE,first_td,0.06563319083694083,1424,0.01025,0.2598,B,-,tgt_sh 20.8%; team att 30.1; opp DvP 1.06; RZ tgt 3,1.0,PLAYED (final score in nflverse)
KC Concepcion,CLE,PIT,WR,PIT@CLE,last_td,0.06563319083694083,1424,0.01025,0.2598,B,-,tgt_sh 20.8%; team att 30.1; opp DvP 1.06; RZ tgt 3,1.0,PLAYED (final score in nflverse)
KC Concepcion,CLE,PIT,WR,PIT@CLE,2plus_td,0.02865,3390,0.01025,0.2598,B,-,tgt_sh 20.8%; team att 30.1; opp DvP 1.06; RZ tgt 3,1.0,PLAYED (final score in nflverse)
Harold Fannin Jr.,CLE,PIT,TE,PIT@CLE,anytime_td,0.2159,363,0.0,0.2392,B,-,tgt_sh 18.9%; team att 30.1; opp DvP 1.07; RZ tgt 3,1.0,PLAYED (final score in nflverse)
Harold Fannin Jr.,CLE,PIT,TE,PIT@CLE,first_td,0.05843242604617603,1611,0.0,0.2392,B,-,tgt_sh 18.9%; team att 30.1; opp DvP 1.07; RZ tgt 3,1.0,PLAYED (final score in nflverse)
Harold Fannin Jr.,CLE,PIT,TE,PIT@CLE,last_td,0.05843242604617603,1611,0.0,0.2392,B,-,tgt_sh 18.9%; team att 30.1; opp DvP 1.07; RZ tgt 3,1.0,PLAYED (final score in nflverse)
Harold Fannin Jr.,CLE,PIT,TE,PIT@CLE,2plus_td,0.02145,4562,0.0,0.2392,B,-,tgt_sh 18.9%; team att 30.1; opp DvP 1.07; RZ tgt 3,1.0,PLAYED (final score in nflverse)
Jerry Jeudy,CLE,PIT,WR,PIT@CLE,anytime_td,0.0973,928,0.0,0.10145,C,-,tgt_sh 11.0%; team att 30.1; opp DvP 1.06; RZ tgt 0,1.0,PLAYED (final score in nflverse)
Jerry Jeudy,CLE,PIT,WR,PIT@CLE,first_td,0.024542570346320344,3975,0.0,0.10145,C,-,tgt_sh 11.0%; team att 30.1; opp DvP 1.06; RZ tgt 0,1.0,PLAYED (final score in nflverse)
Jerry Jeudy,CLE,PIT,WR,PIT@CLE,last_td,0.024542570346320344,3975,0.0,0.10145,C,-,tgt_sh 11.0%; team att 30.1; opp DvP 1.06; RZ tgt 0,1.0,PLAYED (final score in nflverse)
Jerry Jeudy,CLE,PIT,WR,PIT@CLE,2plus_td,0.0041,24290,0.0,0.10145,C,-,tgt_sh 11.0%; team att 30.1; opp DvP 1.06; RZ tgt 0,1.0,PLAYED (final score in nflverse)
Quinshon Judkins,CLE,PIT,RB,PIT@CLE,anytime_td,0.36275,176,0.29575,0.14705,B,-,tgt_sh 9.9%; team att 30.1; opp DvP 0.92; RZ tgt 3; car_sh 51.3%; team rush 25.9; opp d_ypc 1.02; inside-10 car 4,1.0,PLAYED (final score in nflverse)
Quinshon Judkins,CLE,PIT,RB,PIT@CLE,first_td,0.10877627164502164,819,0.29575,0.14705,B,-,tgt_sh 9.9%; team att 30.1; opp DvP 0.92; RZ tgt 3; car_sh 51.3%; team rush 25.9; opp d_ypc 1.02; inside-10 car 4,1.0,PLAYED (final score in nflverse)
Quinshon Judkins,CLE,PIT,RB,PIT@CLE,last_td,0.10877627164502164,819,0.29575,0.14705,B,-,tgt_sh 9.9%; team att 30.1; opp DvP 0.92; RZ tgt 3; car_sh 51.3%; team rush 25.9; opp d_ypc 1.02; inside-10 car 4,1.0,PLAYED (final score in nflverse)
Quinshon Judkins,CLE,PIT,RB,PIT@CLE,2plus_td,0.06915,1346,0.29575,0.14705,B,-,tgt_sh 9.9%; team att 30.1; opp DvP 0.92; RZ tgt 3; car_sh 51.3%; team rush 25.9; opp d_ypc 1.02; inside-10 car 4,1.0,PLAYED (final score in nflverse)
Jaleel McLaughlin,CLE,PIT,RB,PIT@CLE,anytime_td,0.04465,2140,0.03225,0.01345,C,-,w_td 0.06; team TD 1.67,1.0,PLAYED (final score in nflverse)
Jaleel McLaughlin,CLE,PIT,RB,PIT@CLE,first_td,0.011226672077922077,8807,0.03225,0.01345,C,-,w_td 0.06; team TD 1.67,1.0,PLAYED (final score in nflverse)
Jaleel McLaughlin,CLE,PIT,RB,PIT@CLE,last_td,0.011226672077922077,8807,0.03225,0.01345,C,-,w_td 0.06; team TD 1.67,1.0,PLAYED (final score in nflverse)
Jaleel McLaughlin,CLE,PIT,RB,PIT@CLE,2plus_td,0.00105,95138,0.03225,0.01345,C,-,w_td 0.06; team TD 1.67,1.0,PLAYED (final score in nflverse)
Raheim Sanders,CLE,PIT,RB,PIT@CLE,anytime_td,0.11,809,0.04395,0.0706,C,-,tgt_sh 8.0%; team att 30.1; opp DvP 0.92; RZ tgt 0; car_sh 9.5%; team rush 25.9; opp d_ypc 1.02; inside-10 car 0,1.0,PLAYED (final score in nflverse)
Raheim Sanders,CLE,PIT,RB,PIT@CLE,first_td,0.027939435425685423,3479,0.04395,0.0706,C,-,tgt_sh 8.0%; team att 30.1; opp DvP 0.92; RZ tgt 0; car_sh 9.5%; team rush 25.9; opp d_ypc 1.02; inside-10 car 0,1.0,PLAYED (final score in nflverse)
Raheim Sanders,CLE,PIT,RB,PIT@CLE,last_td,0.027939435425685423,3479,0.04395,0.0706,C,-,tgt_sh 8.0%; team att 30.1; opp DvP 0.92; RZ tgt 0; car_sh 9.5%; team rush 25.9; opp d_ypc 1.02; inside-10 car 0,1.0,PLAYED (final score in nflverse)
Raheim Sanders,CLE,PIT,RB,PIT@CLE,2plus_td,0.00445,22372,0.04395,0.0706,C,-,tgt_sh 8.0%; team att 30.1; opp DvP 0.92; RZ tgt 0; car_sh 9.5%; team rush 25.9; opp d_ypc 1.02; inside-10 car 0,1.0,PLAYED (final score in nflverse)
Blake Whiteheart,CLE,PIT,TE,PIT@CLE,anytime_td,0.0415,2310,0.0,0.04225,C,-,w_td 0.04; team TD 1.67,1.0,PLAYED (final score in nflverse)
Blake Whiteheart,CLE,PIT,TE,PIT@CLE,first_td,0.010583551587301586,9349,0.0,0.04225,C,-,w_td 0.04; team TD 1.67,1.0,PLAYED (final score in nflverse)
Blake Whiteheart,CLE,PIT,TE,PIT@CLE,last_td,0.010583551587301586,9349,0.0,0.04225,C,-,w_td 0.04; team TD 1.67,1.0,PLAYED (final score in nflverse)
Blake Whiteheart,CLE,PIT,TE,PIT@CLE,2plus_td,0.00075,133233,0.0,0.04225,C,-,w_td 0.04; team TD 1.67,1.0,PLAYED (final score in nflverse)
Daniel Jones,IND,WAS,QB,IND@WAS,anytime_td,0.07925,1162,0.08325,0.0,B,-,team att 31.6; ypa 7.39; opp d_ypa 1.10; pass rate 54.9%,1.0,INTL neutral site
Daniel Jones,IND,WAS,QB,IND@WAS,first_td,0.01675377636252636,5869,0.08325,0.0,B,-,team att 31.6; ypa 7.39; opp d_ypa 1.10; pass rate 54.9%,1.0,INTL neutral site
Daniel Jones,IND,WAS,QB,IND@WAS,last_td,0.01675377636252636,5869,0.08325,0.0,B,-,team att 31.6; ypa 7.39; opp d_ypa 1.10; pass rate 54.9%,1.0,INTL neutral site
Daniel Jones,IND,WAS,QB,IND@WAS,2plus_td,0.00395,25216,0.08325,0.0,B,-,team att 31.6; ypa 7.39; opp d_ypa 1.10; pass rate 54.9%,1.0,INTL neutral site
Mo Alie-Cox,IND,WAS,TE,IND@WAS,anytime_td,0.03410468609983659,2832,0.0,0.03478994254388277,C,no game designation yet (Full),w_td 0.02; team TD 2.63,0.9479829842591244,INTL neutral site
Mo Alie-Cox,IND,WAS,TE,IND@WAS,first_td,0.006823911304434207,14554,0.0,0.03478994254388277,C,no game designation yet (Full),w_td 0.02; team TD 2.63,0.9479829842591244,INTL neutral site
Mo Alie-Cox,IND,WAS,TE,IND@WAS,last_td,0.006823911304434207,14554,0.0,0.03478994254388277,C,no game designation yet (Full),w_td 0.02; team TD 2.63,0.9479829842591244,INTL neutral site
Mo Alie-Cox,IND,WAS,TE,IND@WAS,2plus_td,0.0006852564440461758,145831,0.0,0.03478994254388277,C,no game designation yet (Full),w_td 0.02; team TD 2.63,0.9479829842591244,INTL neutral site
Keenan Allen,IND,WAS,WR,IND@WAS,anytime_td,0.3269464720194647,206,0.0,0.3879764801297648,B,Questionable (DNP),tgt_sh 18.7%; team att 31.6; opp DvP 1.03; RZ tgt 3,0.4981574884199691,INTL neutral site
Keenan Allen,IND,WAS,WR,IND@WAS,first_td,0.07652531977349496,1207,0.0,0.3879764801297648,B,Questionable (DNP),tgt_sh 18.7%; team att 31.6; opp DvP 1.03; RZ tgt 3,0.4981574884199691,INTL neutral site
Keenan Allen,IND,WAS,WR,IND@WAS,last_td,0.07652531977349496,1207,0.0,0.3879764801297648,B,Questionable (DNP),tgt_sh 18.7%; team att 31.6; opp DvP 1.03; RZ tgt 3,0.4981574884199691,INTL neutral site
Keenan Allen,IND,WAS,WR,IND@WAS,2plus_td,0.05494728304947283,1720,0.0,0.3879764801297648,B,Questionable (DNP),tgt_sh 18.7%; team att 31.6; opp DvP 1.03; RZ tgt 3,0.4981574884199691,INTL neutral site
Deion Burks,IND,WAS,WR,IND@WAS,anytime_td,0.0293,3313,0.01225,0.0175,C,-,w_td 0.02; team TD 2.63,1.0,INTL neutral site
Deion Burks,IND,WAS,WR,IND@WAS,first_td,0.005856103896103896,16976,0.01225,0.0175,C,-,w_td 0.02; team TD 2.63,1.0,INTL neutral site
Deion Burks,IND,WAS,WR,IND@WAS,last_td,0.005856103896103896,16976,0.01225,0.0175,C,-,w_td 0.02; team TD 2.63,1.0,INTL neutral site
Deion Burks,IND,WAS,WR,IND@WAS,2plus_td,0.00045,222122,0.01225,0.0175,C,-,w_td 0.02; team TD 2.63,1.0,INTL neutral site
Josh Downs,IND,WAS,WR,IND@WAS,anytime_td,0.414,142,0.0,0.52645,B,-,tgt_sh 20.4%; team att 31.6; opp DvP 1.03; RZ tgt 4,1.0,INTL neutral site
Josh Downs,IND,WAS,WR,IND@WAS,first_td,0.10483325244200244,854,0.0,0.52645,B,-,tgt_sh 20.4%; team att 31.6; opp DvP 1.03; RZ tgt 4,1.0,INTL neutral site
Josh Downs,IND,WAS,WR,IND@WAS,last_td,0.10483325244200244,854,0.0,0.52645,B,-,tgt_sh 20.4%; team att 31.6; opp DvP 1.03; RZ tgt 4,1.0,INTL neutral site
Josh Downs,IND,WAS,WR,IND@WAS,2plus_td,0.09615,940,0.0,0.52645,B,-,tgt_sh 20.4%; team att 31.6; opp DvP 1.03; RZ tgt 4,1.0,INTL neutral site
Ashton Dulin,IND,WAS,WR,IND@WAS,anytime_td,0.05092838196286472,1864,0.0,0.05212201591511936,C,Questionable (Full),w_td 0.03; team TD 2.63,0.7549608892548374,INTL neutral site
Ashton Dulin,IND,WAS,WR,IND@WAS,first_td,0.010459597873390977,9461,0.0,0.05212201591511936,C,Questionable (Full),w_td 0.03; team TD 2.63,0.7549608892548374,INTL neutral site
Ashton Dulin,IND,WAS,WR,IND@WAS,last_td,0.010459597873390977,9461,0.0,0.05212201591511936,C,Questionable (Full),w_td 0.03; team TD 2.63,0.7549608892548374,INTL neutral site
Ashton Dulin,IND,WAS,WR,IND@WAS,2plus_td,0.0011936339522546418,83678,0.0,0.05212201591511936,C,Questionable (Full),w_td 0.03; team TD 2.63,0.7549608892548374,INTL neutral site
Seth McGowan,IND,WAS,RB,IND@WAS,anytime_td,0.15075,563,0.14175,0.0237,C,-,car_sh 11.9%; team rush 27.4; opp d_ypc 0.97; inside-10 car 1,1.0,INTL neutral site
Seth McGowan,IND,WAS,RB,IND@WAS,first_td,0.03304796592296592,2926,0.14175,0.0237,C,-,car_sh 11.9%; team rush 27.4; opp d_ypc 0.97; inside-10 car 1,1.0,INTL neutral site
Seth McGowan,IND,WAS,RB,IND@WAS,last_td,0.03304796592296592,2926,0.14175,0.0237,C,-,car_sh 11.9%; team rush 27.4; opp d_ypc 0.97; inside-10 car 1,1.0,INTL neutral site
Seth McGowan,IND,WAS,RB,IND@WAS,2plus_td,0.0136,7253,0.14175,0.0237,C,-,car_sh 11.9%; team rush 27.4; opp d_ypc 0.97; inside-10 car 1,1.0,INTL neutral site
Andrew Ogletree,IND,WAS,TE,IND@WAS,anytime_td,0.0357,2701,0.0,0.03635,C,-,w_td 0.02; team TD 2.63,1.0,INTL neutral site
Andrew Ogletree,IND,WAS,TE,IND@WAS,first_td,0.007218832972582972,13753,0.0,0.03635,C,-,w_td 0.02; team TD 2.63,1.0,INTL neutral site
Andrew Ogletree,IND,WAS,TE,IND@WAS,last_td,0.007218832972582972,13753,0.0,0.03635,C,-,w_td 0.02; team TD 2.63,1.0,INTL neutral site
Andrew Ogletree,IND,WAS,TE,IND@WAS,2plus_td,0.00065,153746,0.0,0.03635,C,-,w_td 0.02; team TD 2.63,1.0,INTL neutral site
Jonathan Taylor,IND,WAS,RB,IND@WAS,anytime_td,0.6336435820581585,-173,0.7224062680759321,0.2331072198559184,B,no game designation yet (Full),tgt_sh 10.7%; team att 31.6; opp DvP 1.14; RZ tgt 1; car_sh 72.3%; team rush 27.4; opp d_ypc 0.97; inside-10 car 6,0.9508674235277402,INTL neutral site
Jonathan Taylor,IND,WAS,RB,IND@WAS,first_td,0.19015215108053093,426,0.7224062680759321,0.2331072198559184,B,no game designation yet (Full),tgt_sh 10.7%; team att 31.6; opp DvP 1.14; RZ tgt 1; car_sh 72.3%; team rush 27.4; opp d_ypc 0.97; inside-10 car 6,0.9508674235277402,INTL neutral site
Jonathan Taylor,IND,WAS,RB,IND@WAS,last_td,0.19015215108053093,426,0.7224062680759321,0.2331072198559184,B,no game designation yet (Full),tgt_sh 10.7%; team att 31.6; opp DvP 1.14; RZ tgt 1; car_sh 72.3%; team rush 27.4; opp d_ypc 0.97; inside-10 car 6,0.9508674235277402,INTL neutral site
Jonathan Taylor,IND,WAS,RB,IND@WAS,2plus_td,0.246253352263764,306,0.7224062680759321,0.2331072198559184,B,no game designation yet (Full),tgt_sh 10.7%; team att 31.6; opp DvP 1.14; RZ tgt 1; car_sh 72.3%; team rush 27.4; opp d_ypc 0.97; inside-10 car 6,0.9508674235277402,INTL neutral site
Laquon Treadwell,IND,WAS,WR,IND@WAS,anytime_td,0.043,2226,0.0,0.04385,C,-,w_td 0.02; team TD 2.63,1.0,INTL neutral site
Laquon Treadwell,IND,WAS,WR,IND@WAS,first_td,0.00869711455211455,11398,0.0,0.04385,C,-,w_td 0.02; team TD 2.63,1.0,INTL neutral site
Laquon Treadwell,IND,WAS,WR,IND@WAS,last_td,0.00869711455211455,11398,0.0,0.04385,C,-,w_td 0.02; team TD 2.63,1.0,INTL neutral site
Laquon Treadwell,IND,WAS,WR,IND@WAS,2plus_td,0.00085,117547,0.0,0.04385,C,-,w_td 0.02; team TD 2.63,1.0,INTL neutral site
Tyler Warren,IND,WAS,TE,IND@WAS,anytime_td,0.4299,133,0.01375,0.53495,B,-,tgt_sh 22.2%; team att 31.6; opp DvP 1.11; RZ tgt 3,1.0,INTL neutral site
Tyler Warren,IND,WAS,TE,IND@WAS,first_td,0.10824223887223888,824,0.01375,0.53495,B,-,tgt_sh 22.2%; team att 31.6; opp DvP 1.11; RZ tgt 3,1.0,INTL neutral site
Tyler Warren,IND,WAS,TE,IND@WAS,last_td,0.10824223887223888,824,0.01375,0.53495,B,-,tgt_sh 22.2%; team att 31.6; opp DvP 1.11; RZ tgt 3,1.0,INTL neutral site
Tyler Warren,IND,WAS,TE,IND@WAS,2plus_td,0.10125,888,0.01375,0.53495,B,-,tgt_sh 22.2%; team att 31.6; opp DvP 1.11; RZ tgt 3,1.0,INTL neutral site
Marcus Mariota,WAS,IND,QB,IND@WAS,anytime_td,0.1432,598,0.15415,0.0,C,-,team att 32.5; ypa 6.94; opp d_ypa 1.11; pass rate 54.2%,1.0,INTL neutral site
Marcus Mariota,WAS,IND,QB,IND@WAS,first_td,0.03062467712842713,3165,0.15415,0.0,C,-,team att 32.5; ypa 6.94; opp d_ypa 1.11; pass rate 54.2%,1.0,INTL neutral site
Marcus Mariota,WAS,IND,QB,IND@WAS,last_td,0.03062467712842713,3165,0.15415,0.0,C,-,team att 32.5; ypa 6.94; opp d_ypa 1.11; pass rate 54.2%,1.0,INTL neutral site
Marcus Mariota,WAS,IND,QB,IND@WAS,2plus_td,0.01045,9469,0.15415,0.0,C,-,team att 32.5; ypa 6.94; opp d_ypa 1.11; pass rate 54.2%,1.0,INTL neutral site
Kaytron Allen,WAS,IND,RB,IND@WAS,anytime_td,0.08235,1114,0.07975,0.00495,C,-,car_sh 7.9%; team rush 28.9; opp d_ypc 1.08; inside-10 car 1,1.0,INTL neutral site
Kaytron Allen,WAS,IND,RB,IND@WAS,first_td,0.016989608585858584,5786,0.07975,0.00495,C,-,car_sh 7.9%; team rush 28.9; opp d_ypc 1.08; inside-10 car 1,1.0,INTL neutral site
Kaytron Allen,WAS,IND,RB,IND@WAS,last_td,0.016989608585858584,5786,0.07975,0.00495,C,-,car_sh 7.9%; team rush 28.9; opp d_ypc 1.08; inside-10 car 1,1.0,INTL neutral site
Kaytron Allen,WAS,IND,RB,IND@WAS,2plus_td,0.00235,42453,0.07975,0.00495,C,-,car_sh 7.9%; team rush 28.9; opp d_ypc 1.08; inside-10 car 1,1.0,INTL neutral site
John Bates,WAS,IND,TE,IND@WAS,anytime_td,0.08035,1145,0.0,0.0829,C,-,tgt_sh 3.4%; team att 32.5; opp DvP 1.19; RZ tgt 1,1.0,INTL neutral site
John Bates,WAS,IND,TE,IND@WAS,first_td,0.016390111138861137,6001,0.0,0.0829,C,-,tgt_sh 3.4%; team att 32.5; opp DvP 1.19; RZ tgt 1,1.0,INTL neutral site
John Bates,WAS,IND,TE,IND@WAS,last_td,0.016390111138861137,6001,0.0,0.0829,C,-,tgt_sh 3.4%; team att 32.5; opp DvP 1.19; RZ tgt 1,1.0,INTL neutral site
John Bates,WAS,IND,TE,IND@WAS,2plus_td,0.00255,39116,0.0,0.0829,C,-,tgt_sh 3.4%; team att 32.5; opp DvP 1.19; RZ tgt 1,1.0,INTL neutral site
Dyami Brown,WAS,IND,WR,IND@WAS,anytime_td,0.1279,682,0.0,0.135,C,-,tgt_sh 7.3%; team att 32.5; opp DvP 1.17; RZ tgt 1,1.0,INTL neutral site
Dyami Brown,WAS,IND,WR,IND@WAS,first_td,0.026509863469863466,3672,0.0,0.135,C,-,tgt_sh 7.3%; team att 32.5; opp DvP 1.17; RZ tgt 1,1.0,INTL neutral site
Dyami Brown,WAS,IND,WR,IND@WAS,last_td,0.026509863469863466,3672,0.0,0.135,C,-,tgt_sh 7.3%; team att 32.5; opp DvP 1.17; RZ tgt 1,1.0,INTL neutral site
Dyami Brown,WAS,IND,WR,IND@WAS,2plus_td,0.00685,14499,0.0,0.135,C,-,tgt_sh 7.3%; team att 32.5; opp DvP 1.17; RZ tgt 1,1.0,INTL neutral site
Treylon Burks,WAS,IND,WR,IND@WAS,anytime_td,0.12375,708,0.0,0.13135,C,-,tgt_sh 7.2%; team att 32.5; opp DvP 1.17; RZ tgt 1,1.0,INTL neutral site
Treylon Burks,WAS,IND,WR,IND@WAS,first_td,0.025660562770562775,3797,0.0,0.13135,C,-,tgt_sh 7.2%; team att 32.5; opp DvP 1.17; RZ tgt 1,1.0,INTL neutral site
Treylon Burks,WAS,IND,WR,IND@WAS,last_td,0.025660562770562775,3797,0.0,0.13135,C,-,tgt_sh 7.2%; team att 32.5; opp DvP 1.17; RZ tgt 1,1.0,INTL neutral site
Treylon Burks,WAS,IND,WR,IND@WAS,2plus_td,0.00745,13323,0.0,0.13135,C,-,tgt_sh 7.2%; team att 32.5; opp DvP 1.17; RZ tgt 1,1.0,INTL neutral site
Jacory Croskey-Merritt,WAS,IND,RB,IND@WAS,anytime_td,0.3125,220,0.34065,0.02815,B,-,car_sh 39.9%; team rush 28.9; opp d_ypc 1.08; inside-10 car 2,1.0,INTL neutral site
Jacory Croskey-Merritt,WAS,IND,RB,IND@WAS,first_td,0.073280781995782,1265,0.34065,0.02815,B,-,car_sh 39.9%; team rush 28.9; opp d_ypc 1.08; inside-10 car 2,1.0,INTL neutral site
Jacory Croskey-Merritt,WAS,IND,RB,IND@WAS,last_td,0.073280781995782,1265,0.34065,0.02815,B,-,car_sh 39.9%; team rush 28.9; opp d_ypc 1.08; inside-10 car 2,1.0,INTL neutral site
Jacory Croskey-Merritt,WAS,IND,RB,IND@WAS,2plus_td,0.0513,1849,0.34065,0.02815,B,-,car_sh 39.9%; team rush 28.9; opp d_ypc 1.08; inside-10 car 2,1.0,INTL neutral site
Stefon Diggs,WAS,IND,WR,IND@WAS,anytime_td,0.3299,203,0.0,0.3936,B,-,tgt_sh 19.0%; team att 32.5; opp DvP 1.17; RZ tgt 4,1.0,INTL neutral site
Stefon Diggs,WAS,IND,WR,IND@WAS,first_td,0.07696393509268508,1199,0.0,0.3936,B,-,tgt_sh 19.0%; team att 32.5; opp DvP 1.17; RZ tgt 4,1.0,INTL neutral site
Stefon Diggs,WAS,IND,WR,IND@WAS,last_td,0.07696393509268508,1199,0.0,0.3936,B,-,tgt_sh 19.0%; team att 32.5; opp DvP 1.17; RZ tgt 4,1.0,INTL neutral site
Stefon Diggs,WAS,IND,WR,IND@WAS,2plus_td,0.0573,1645,0.0,0.3936,B,-,tgt_sh 19.0%; team att 32.5; opp DvP 1.17; RZ tgt 4,1.0,INTL neutral site
Jaylin Lane,WAS,IND,WR,IND@WAS,anytime_td,0.05425,1743,0.0,0.0555,C,-,tgt_sh 4.0%; team att 32.5; opp DvP 1.17; RZ tgt 0,1.0,INTL neutral site
Jaylin Lane,WAS,IND,WR,IND@WAS,first_td,0.010792920135420136,9165,0.0,0.0555,C,-,tgt_sh 4.0%; team att 32.5; opp DvP 1.17; RZ tgt 0,1.0,INTL neutral site
Jaylin Lane,WAS,IND,WR,IND@WAS,last_td,0.010792920135420136,9165,0.0,0.0555,C,-,tgt_sh 4.0%; team att 32.5; opp DvP 1.17; RZ tgt 0,1.0,INTL neutral site
Jaylin Lane,WAS,IND,WR,IND@WAS,2plus_td,0.0012,83233,0.0,0.0555,C,-,tgt_sh 4.0%; team att 32.5; opp DvP 1.17; RZ tgt 0,1.0,INTL neutral site
Luke McCaffrey,WAS,IND,WR,IND@WAS,anytime_td,0.0542,1745,0.0,0.05575,C,-,tgt_sh 4.0%; team att 32.5; opp DvP 1.17; RZ tgt 0,1.0,INTL neutral site
Luke McCaffrey,WAS,IND,WR,IND@WAS,first_td,0.011314020562770562,8739,0.0,0.05575,C,-,tgt_sh 4.0%; team att 32.5; opp DvP 1.17; RZ tgt 0,1.0,INTL neutral site
Luke McCaffrey,WAS,IND,WR,IND@WAS,last_td,0.011314020562770562,8739,0.0,0.05575,C,-,tgt_sh 4.0%; team att 32.5; opp DvP 1.17; RZ tgt 0,1.0,INTL neutral site
Luke McCaffrey,WAS,IND,WR,IND@WAS,2plus_td,0.0015,66567,0.0,0.05575,C,-,tgt_sh 4.0%; team att 32.5; opp DvP 1.17; RZ tgt 0,1.0,INTL neutral site
Terry McLaurin,WAS,IND,WR,IND@WAS,anytime_td,0.25958370769691524,285,0.0,0.2962713387241689,B,Questionable (Limited),tgt_sh 18.3%; team att 32.5; opp DvP 1.17; RZ tgt 2,0.6667342299285288,INTL neutral site
Terry McLaurin,WAS,IND,WR,IND@WAS,first_td,0.05806706063893845,1622,0.0,0.2962713387241689,B,Questionable (Limited),tgt_sh 18.3%; team att 32.5; opp DvP 1.17; RZ tgt 2,0.6667342299285288,INTL neutral site
Terry McLaurin,WAS,IND,WR,IND@WAS,last_td,0.05806706063893845,1622,0.0,0.2962713387241689,B,Questionable (Limited),tgt_sh 18.3%; team att 32.5; opp DvP 1.17; RZ tgt 2,0.6667342299285288,INTL neutral site
Terry McLaurin,WAS,IND,WR,IND@WAS,2plus_td,0.0333183587900569,2901,0.0,0.2962713387241689,B,Questionable (Limited),tgt_sh 18.3%; team att 32.5; opp DvP 1.17; RZ tgt 2,0.6667342299285288,INTL neutral site
Chig Okonkwo,WAS,IND,TE,IND@WAS,anytime_td,0.1542205243602491,548,0.0,0.16651839447380815,C,no game designation yet (Limited),tgt_sh 12.0%; team att 32.5; opp DvP 1.19; RZ tgt 0,0.9575230478992892,INTL neutral site
Chig Okonkwo,WAS,IND,TE,IND@WAS,first_td,0.032525708631208655,2974,0.0,0.16651839447380815,C,no game designation yet (Limited),tgt_sh 12.0%; team att 32.5; opp DvP 1.19; RZ tgt 0,0.9575230478992892,INTL neutral site
Chig Okonkwo,WAS,IND,TE,IND@WAS,last_td,0.032525708631208655,2974,0.0,0.16651839447380815,C,no game designation yet (Limited),tgt_sh 12.0%; team att 32.5; opp DvP 1.19; RZ tgt 0,0.9575230478992892,INTL neutral site
Chig Okonkwo,WAS,IND,TE,IND@WAS,2plus_td,0.011722225129520121,8431,0.0,0.16651839447380815,C,no game designation yet (Limited),tgt_sh 12.0%; team att 32.5; opp DvP 1.19; RZ tgt 0,0.9575230478992892,INTL neutral site
Ben Sinnott,WAS,IND,TE,IND@WAS,anytime_td,0.02964085942809347,3274,0.0,0.03016362590830676,C,no game designation yet (Limited),w_td 0.02; team TD 2.17,0.9575230478992892,INTL neutral site
Ben Sinnott,WAS,IND,TE,IND@WAS,first_td,0.005813480088141596,17101,0.0,0.03016362590830676,C,no game designation yet (Limited),w_td 0.02; team TD 2.17,0.9575230478992892,INTL neutral site
Ben Sinnott,WAS,IND,TE,IND@WAS,last_td,0.005813480088141596,17101,0.0,0.03016362590830676,C,no game designation yet (Limited),w_td 0.02; team TD 2.17,0.9575230478992892,INTL neutral site
Ben Sinnott,WAS,IND,TE,IND@WAS,2plus_td,0.0005227664802132888,191190,0.0,0.03016362590830676,C,no game designation yet (Limited),w_td 0.02; team TD 2.17,0.9575230478992892,INTL neutral site
Antonio Williams,WAS,IND,WR,IND@WAS,anytime_td,0.20415,390,0.0,0.2245,C,-,tgt_sh 11.3%; team att 32.5; opp DvP 1.17; RZ tgt 2,1.0,INTL neutral site
Antonio Williams,WAS,IND,WR,IND@WAS,first_td,0.044469254356754355,2149,0.0,0.2245,C,-,tgt_sh 11.3%; team att 32.5; opp DvP 1.17; RZ tgt 2,1.0,INTL neutral site
Antonio Williams,WAS,IND,WR,IND@WAS,last_td,0.044469254356754355,2149,0.0,0.2245,C,-,tgt_sh 11.3%; team att 32.5; opp DvP 1.17; RZ tgt 2,1.0,INTL neutral site
Antonio Williams,WAS,IND,WR,IND@WAS,2plus_td,0.019,5163,0.0,0.2245,C,-,tgt_sh 11.3%; team att 32.5; opp DvP 1.17; RZ tgt 2,1.0,INTL neutral site
Colson Yankoff,WAS,IND,TE,IND@WAS,anytime_td,0.023,4248,0.0,0.02325,C,-,w_td 0.02; team TD 2.17,1.0,INTL neutral site
Colson Yankoff,WAS,IND,TE,IND@WAS,first_td,0.0046398863636363625,21452,0.0,0.02325,C,-,w_td 0.02; team TD 2.17,1.0,INTL neutral site
Colson Yankoff,WAS,IND,TE,IND@WAS,last_td,0.0046398863636363625,21452,0.0,0.02325,C,-,w_td 0.02; team TD 2.17,1.0,INTL neutral site
Colson Yankoff,WAS,IND,TE,IND@WAS,2plus_td,0.00025,399900,0.0,0.02325,C,-,w_td 0.02; team TD 2.17,1.0,INTL neutral site
Cam Ward,TEN,BAL,QB,TEN@BAL,anytime_td,0.11705,754,0.1239,0.0,B,-,team att 34.3; ypa 6.30; opp d_ypa 0.96; pass rate 60.8%,1.0,
Cam Ward,TEN,BAL,QB,TEN@BAL,first_td,0.025635070346320343,3801,0.1239,0.0,B,-,team att 34.3; ypa 6.30; opp d_ypa 0.96; pass rate 60.8%,1.0,
Cam Ward,TEN,BAL,QB,TEN@BAL,last_td,0.025635070346320343,3801,0.1239,0.0,B,-,team att 34.3; ypa 6.30; opp d_ypa 0.96; pass rate 60.8%,1.0,
Cam Ward,TEN,BAL,QB,TEN@BAL,2plus_td,0.00645,15404,0.1239,0.0,B,-,team att 34.3; ypa 6.30; opp d_ypa 0.96; pass rate 60.8%,1.0,
Elic Ayomanor,TEN,BAL,WR,TEN@BAL,anytime_td,0.1701,488,0.0,0.18415,B,-,tgt_sh 12.8%; team att 34.3; opp DvP 1.01; RZ tgt 5,1.0,
Elic Ayomanor,TEN,BAL,WR,TEN@BAL,first_td,0.0378356222943723,2543,0.0,0.18415,B,-,tgt_sh 12.8%; team att 34.3; opp DvP 1.01; RZ tgt 5,1.0,
Elic Ayomanor,TEN,BAL,WR,TEN@BAL,last_td,0.0378356222943723,2543,0.0,0.18415,B,-,tgt_sh 12.8%; team att 34.3; opp DvP 1.01; RZ tgt 5,1.0,
Elic Ayomanor,TEN,BAL,WR,TEN@BAL,2plus_td,0.0132,7476,0.0,0.18415,B,-,tgt_sh 12.8%; team att 34.3; opp DvP 1.01; RZ tgt 5,1.0,
Daniel Bellinger,TEN,BAL,TE,TEN@BAL,anytime_td,0.02505,3892,0.0,0.02535,C,-,tgt_sh 4.0%; team att 34.3; opp DvP 0.83; RZ tgt 0,1.0,
Daniel Bellinger,TEN,BAL,TE,TEN@BAL,first_td,0.005224345238095238,19041,0.0,0.02535,C,-,tgt_sh 4.0%; team att 34.3; opp DvP 0.83; RZ tgt 0,1.0,
Daniel Bellinger,TEN,BAL,TE,TEN@BAL,last_td,0.005224345238095238,19041,0.0,0.02535,C,-,tgt_sh 4.0%; team att 34.3; opp DvP 0.83; RZ tgt 0,1.0,
Daniel Bellinger,TEN,BAL,TE,TEN@BAL,2plus_td,0.0003,333233,0.0,0.02535,C,-,tgt_sh 4.0%; team att 34.3; opp DvP 0.83; RZ tgt 0,1.0,
Chimere Dike,TEN,BAL,WR,TEN@BAL,anytime_td,0.0437,2188,0.0,0.04465,C,-,tgt_sh 6.4%; team att 34.3; opp DvP 1.01; RZ tgt 0,1.0,
Chimere Dike,TEN,BAL,WR,TEN@BAL,first_td,0.009208933982683982,10759,0.0,0.04465,C,-,tgt_sh 6.4%; team att 34.3; opp DvP 1.01; RZ tgt 0,1.0,
Chimere Dike,TEN,BAL,WR,TEN@BAL,last_td,0.009208933982683982,10759,0.0,0.04465,C,-,tgt_sh 6.4%; team att 34.3; opp DvP 1.01; RZ tgt 0,1.0,
Chimere Dike,TEN,BAL,WR,TEN@BAL,2plus_td,0.00095,105163,0.0,0.04465,C,-,tgt_sh 6.4%; team att 34.3; opp DvP 1.01; RZ tgt 0,1.0,
Gunnar Helm,TEN,BAL,TE,TEN@BAL,anytime_td,0.1246,703,0.0,0.1327,C,-,tgt_sh 12.6%; team att 34.3; opp DvP 0.83; RZ tgt 3,1.0,
Gunnar Helm,TEN,BAL,TE,TEN@BAL,first_td,0.0269606012043512,3609,0.0,0.1327,C,-,tgt_sh 12.6%; team att 34.3; opp DvP 0.83; RZ tgt 3,1.0,
Gunnar Helm,TEN,BAL,TE,TEN@BAL,last_td,0.0269606012043512,3609,0.0,0.1327,C,-,tgt_sh 12.6%; team att 34.3; opp DvP 0.83; RZ tgt 3,1.0,
Gunnar Helm,TEN,BAL,TE,TEN@BAL,2plus_td,0.00775,12803,0.0,0.1327,C,-,tgt_sh 12.6%; team att 34.3; opp DvP 0.83; RZ tgt 3,1.0,
Tony Pollard,TEN,BAL,RB,TEN@BAL,anytime_td,0.3387768002950008,195,0.3659590159616499,0.04298582942632882,B,no game designation yet (Full),tgt_sh 6.2%; team att 34.3; opp DvP 1.00; RZ tgt 0; car_sh 55.3%; team rush 23.5; opp d_ypc 0.99; inside-10 car 5,0.9508674235277402,
Tony Pollard,TEN,BAL,RB,TEN@BAL,first_td,0.08402240454471398,1090,0.3659590159616499,0.04298582942632882,B,no game designation yet (Full),tgt_sh 6.2%; team att 34.3; opp DvP 1.00; RZ tgt 0; car_sh 55.3%; team rush 23.5; opp d_ypc 0.99; inside-10 car 5,0.9508674235277402,
Tony Pollard,TEN,BAL,RB,TEN@BAL,last_td,0.08402240454471398,1090,0.3659590159616499,0.04298582942632882,B,no game designation yet (Full),tgt_sh 6.2%; team att 34.3; opp DvP 1.00; RZ tgt 0; car_sh 55.3%; team rush 23.5; opp d_ypc 0.99; inside-10 car 5,0.9508674235277402,
Tony Pollard,TEN,BAL,RB,TEN@BAL,2plus_td,0.06216088078807354,1509,0.3659590159616499,0.04298582942632882,B,no game designation yet (Full),tgt_sh 6.2%; team att 34.3; opp DvP 1.00; RZ tgt 0; car_sh 55.3%; team rush 23.5; opp d_ypc 0.99; inside-10 car 5,0.9508674235277402,
Calvin Ridley,TEN,BAL,WR,TEN@BAL,anytime_td,0.0601,1564,0.0,0.0619,C,-,tgt_sh 8.5%; team att 34.3; opp DvP 1.01; RZ tgt 0,1.0,
Calvin Ridley,TEN,BAL,WR,TEN@BAL,first_td,0.012489673520923521,7907,0.0,0.0619,C,-,tgt_sh 8.5%; team att 34.3; opp DvP 1.01; RZ tgt 0,1.0,
Calvin Ridley,TEN,BAL,WR,TEN@BAL,last_td,0.012489673520923521,7907,0.0,0.0619,C,-,tgt_sh 8.5%; team att 34.3; opp DvP 1.01; RZ tgt 0,1.0,
Calvin Ridley,TEN,BAL,WR,TEN@BAL,2plus_td,0.00175,57043,0.0,0.0619,C,-,tgt_sh 8.5%; team att 34.3; opp DvP 1.01; RZ tgt 0,1.0,
Wan'Dale Robinson,TEN,BAL,WR,TEN@BAL,anytime_td,0.1682,495,0.0,0.1823,B,-,tgt_sh 18.8%; team att 34.3; opp DvP 1.01; RZ tgt 3,1.0,
Wan'Dale Robinson,TEN,BAL,WR,TEN@BAL,first_td,0.036977461427461424,2604,0.0,0.1823,B,-,tgt_sh 18.8%; team att 34.3; opp DvP 1.01; RZ tgt 3,1.0,
Wan'Dale Robinson,TEN,BAL,WR,TEN@BAL,last_td,0.036977461427461424,2604,0.0,0.1823,B,-,tgt_sh 18.8%; team att 34.3; opp DvP 1.01; RZ tgt 3,1.0,
Wan'Dale Robinson,TEN,BAL,WR,TEN@BAL,2plus_td,0.01365,7226,0.0,0.1823,B,-,tgt_sh 18.8%; team att 34.3; opp DvP 1.01; RZ tgt 3,1.0,
Nicholas Singleton,TEN,BAL,RB,TEN@BAL,anytime_td,0.05045,1882,0.04705,0.00485,C,-,w_td 0.07; team TD 1.50,1.0,
Nicholas Singleton,TEN,BAL,RB,TEN@BAL,first_td,0.010678400072150072,9265,0.04705,0.00485,C,-,w_td 0.07; team TD 1.50,1.0,
Nicholas Singleton,TEN,BAL,RB,TEN@BAL,last_td,0.010678400072150072,9265,0.04705,0.00485,C,-,w_td 0.07; team TD 1.50,1.0,
Nicholas Singleton,TEN,BAL,RB,TEN@BAL,2plus_td,0.0014,71329,0.04705,0.00485,C,-,w_td 0.07; team TD 1.50,1.0,
Tyjae Spears,TEN,BAL,RB,TEN@BAL,anytime_td,0.1606814647250106,522,0.11946840096140252,0.054078891559451434,B,Questionable (Full),tgt_sh 8.4%; team att 34.3; opp DvP 1.00; RZ tgt 0; car_sh 22.2%; team rush 23.5; opp d_ypc 0.99; inside-10 car 0,0.7075836643559986,
Tyjae Spears,TEN,BAL,RB,TEN@BAL,first_td,0.03530258837412803,2733,0.11946840096140252,0.054078891559451434,B,Questionable (Full),tgt_sh 8.4%; team att 34.3; opp DvP 1.00; RZ tgt 0; car_sh 22.2%; team rush 23.5; opp d_ypc 0.99; inside-10 car 0,0.7075836643559986,
Tyjae Spears,TEN,BAL,RB,TEN@BAL,last_td,0.03530258837412803,2733,0.11946840096140252,0.054078891559451434,B,Questionable (Full),tgt_sh 8.4%; team att 34.3; opp DvP 1.00; RZ tgt 0; car_sh 22.2%; team rush 23.5; opp d_ypc 0.99; inside-10 car 0,0.7075836643559986,
Tyjae Spears,TEN,BAL,RB,TEN@BAL,2plus_td,0.012583062349780856,7847,0.11946840096140252,0.054078891559451434,B,Questionable (Full),tgt_sh 8.4%; team att 34.3; opp DvP 1.00; RZ tgt 0; car_sh 22.2%; team rush 23.5; opp d_ypc 0.99; inside-10 car 0,0.7075836643559986,
Carnell Tate,TEN,BAL,WR,TEN@BAL,anytime_td,0.1476,578,0.0,0.1583,B,-,tgt_sh 20.5%; team att 34.3; opp DvP 1.01; RZ tgt 1,1.0,
Carnell Tate,TEN,BAL,WR,TEN@BAL,first_td,0.03196762681762682,3028,0.0,0.1583,B,-,tgt_sh 20.5%; team att 34.3; opp DvP 1.01; RZ tgt 1,1.0,
Carnell Tate,TEN,BAL,WR,TEN@BAL,last_td,0.03196762681762682,3028,0.0,0.1583,B,-,tgt_sh 20.5%; team att 34.3; opp DvP 1.01; RZ tgt 1,1.0,
Carnell Tate,TEN,BAL,WR,TEN@BAL,2plus_td,0.01025,9656,0.0,0.1583,B,-,tgt_sh 20.5%; team att 34.3; opp DvP 1.01; RZ tgt 1,1.0,
Lamar Jackson,BAL,TEN,QB,TEN@BAL,anytime_td,0.20910529270657888,378,0.2314091767467973,0.0,B,no game designation yet (Full),team att 26.6; ypa 8.07; opp d_ypa 1.00; pass rate 46.7%,0.98,
Lamar Jackson,BAL,TEN,QB,TEN@BAL,first_td,0.04990735530086318,1904,0.2314091767467973,0.0,B,no game designation yet (Full),team att 26.6; ypa 8.07; opp d_ypa 1.00; pass rate 46.7%,0.98,
Lamar Jackson,BAL,TEN,QB,TEN@BAL,last_td,0.04990735530086318,1904,0.2314091767467973,0.0,B,no game designation yet (Full),team att 26.6; ypa 8.07; opp d_ypa 1.00; pass rate 46.7%,0.98,
Lamar Jackson,BAL,TEN,QB,TEN@BAL,2plus_td,0.020976879497779818,4667,0.2314091767467973,0.0,B,no game designation yet (Full),team att 26.6; ypa 8.07; opp d_ypa 1.00; pass rate 46.7%,0.98,
Rasheen Ali,BAL,TEN,RB,TEN@BAL,anytime_td,0.0506,1876,0.02495,0.0271,C,-,w_td 0.03; team TD 3.04,1.0,
Rasheen Ali,BAL,TEN,RB,TEN@BAL,first_td,0.010762601010101009,9191,0.02495,0.0271,C,-,w_td 0.03; team TD 3.04,1.0,
Rasheen Ali,BAL,TEN,RB,TEN@BAL,last_td,0.010762601010101009,9191,0.02495,0.0271,C,-,w_td 0.03; team TD 3.04,1.0,
Rasheen Ali,BAL,TEN,RB,TEN@BAL,2plus_td,0.0014,71329,0.02495,0.0271,C,-,w_td 0.03; team TD 3.04,1.0,
Mark Andrews,BAL,TEN,TE,TEN@BAL,anytime_td,0.29467249828740055,239,0.0,0.3468409126837751,B,no game designation yet (Full),tgt_sh 19.8%; team att 26.6; opp DvP 0.97; RZ tgt 1,0.9479829842591244,
Mark Andrews,BAL,TEN,TE,TEN@BAL,first_td,0.07234100921591041,1282,0.0,0.3468409126837751,B,no game designation yet (Full),tgt_sh 19.8%; team att 26.6; opp DvP 0.97; RZ tgt 1,0.9479829842591244,
Mark Andrews,BAL,TEN,TE,TEN@BAL,last_td,0.07234100921591041,1282,0.0,0.3468409126837751,B,no game designation yet (Full),tgt_sh 19.8%; team att 26.6; opp DvP 0.97; RZ tgt 1,0.9479829842591244,
Mark Andrews,BAL,TEN,TE,TEN@BAL,2plus_td,0.045950360963271326,2076,0.0,0.3468409126837751,B,no game designation yet (Full),tgt_sh 19.8%; team att 26.6; opp DvP 0.97; RZ tgt 1,0.9479829842591244,
Rashod Bateman,BAL,TEN,WR,TEN@BAL,anytime_td,0.2604,284,0.0,0.30135,C,-,tgt_sh 12.6%; team att 26.6; opp DvP 1.06; RZ tgt 2,1.0,
Rashod Bateman,BAL,TEN,WR,TEN@BAL,first_td,0.06308107434232434,1485,0.0,0.30135,C,-,tgt_sh 12.6%; team att 26.6; opp DvP 1.06; RZ tgt 2,1.0,
Rashod Bateman,BAL,TEN,WR,TEN@BAL,last_td,0.06308107434232434,1485,0.0,0.30135,C,-,tgt_sh 12.6%; team att 26.6; opp DvP 1.06; RZ tgt 2,1.0,
Rashod Bateman,BAL,TEN,WR,TEN@BAL,2plus_td,0.03705,2599,0.0,0.30135,C,-,tgt_sh 12.6%; team att 26.6; opp DvP 1.06; RZ tgt 2,1.0,
Josh Cuevas,BAL,TEN,TE,TEN@BAL,anytime_td,0.01665,5906,0.0,0.0168,C,-,w_td 0.01; team TD 3.04,1.0,
Josh Cuevas,BAL,TEN,TE,TEN@BAL,first_td,0.003507285353535354,28412,0.0,0.0168,C,-,w_td 0.01; team TD 3.04,1.0,
Josh Cuevas,BAL,TEN,TE,TEN@BAL,last_td,0.003507285353535354,28412,0.0,0.0168,C,-,w_td 0.01; team TD 3.04,1.0,
Josh Cuevas,BAL,TEN,TE,TEN@BAL,2plus_td,0.00015,666567,0.0,0.0168,C,-,w_td 0.01; team TD 3.04,1.0,
Zay Flowers,BAL,TEN,WR,TEN@BAL,anytime_td,0.3695230998509687,171,0.010283159463487332,0.44076005961251863,C,Questionable (Limited),tgt_sh 24.9%; team att 26.6; opp DvP 1.06; RZ tgt 2,0.6667342299285288,
Zay Flowers,BAL,TEN,WR,TEN@BAL,first_td,0.09518652567832896,951,0.010283159463487332,0.44076005961251863,C,Questionable (Limited),tgt_sh 24.9%; team att 26.6; opp DvP 1.06; RZ tgt 2,0.6667342299285288,
Zay Flowers,BAL,TEN,WR,TEN@BAL,last_td,0.09518652567832896,951,0.010283159463487332,0.44076005961251863,C,Questionable (Limited),tgt_sh 24.9%; team att 26.6; opp DvP 1.06; RZ tgt 2,0.6667342299285288,
Zay Flowers,BAL,TEN,WR,TEN@BAL,2plus_td,0.07146050670640834,1299,0.010283159463487332,0.44076005961251863,C,Questionable (Limited),tgt_sh 24.9%; team att 26.6; opp DvP 1.06; RZ tgt 2,0.6667342299285288,
Derrick Henry,BAL,TEN,RB,TEN@BAL,anytime_td,0.7186,-255,1.10895,0.0815,B,-,tgt_sh 5.0%; team att 26.6; opp DvP 0.99; RZ tgt 0; car_sh 63.2%; team rush 32.9; opp d_ypc 0.93; inside-10 car 14,1.0,
Derrick Henry,BAL,TEN,RB,TEN@BAL,first_td,0.25359802530802533,294,1.10895,0.0815,B,-,tgt_sh 5.0%; team att 26.6; opp DvP 0.99; RZ tgt 0; car_sh 63.2%; team rush 32.9; opp d_ypc 0.93; inside-10 car 14,1.0,
Derrick Henry,BAL,TEN,RB,TEN@BAL,last_td,0.25359802530802533,294,1.10895,0.0815,B,-,tgt_sh 5.0%; team att 26.6; opp DvP 0.99; RZ tgt 0; car_sh 63.2%; team rush 32.9; opp d_ypc 0.93; inside-10 car 14,1.0,
Derrick Henry,BAL,TEN,RB,TEN@BAL,2plus_td,0.3412,193,1.10895,0.0815,B,-,tgt_sh 5.0%; team att 26.6; opp DvP 0.99; RZ tgt 0; car_sh 63.2%; team rush 32.9; opp d_ypc 0.93; inside-10 car 14,1.0,
Matthew Hibner,BAL,TEN,TE,TEN@BAL,anytime_td,0.08575,1066,0.0,0.0891,C,-,w_td 0.05; team TD 3.04,1.0,
Matthew Hibner,BAL,TEN,TE,TEN@BAL,first_td,0.018568679653679653,5285,0.0,0.0891,C,-,w_td 0.05; team TD 3.04,1.0,
Matthew Hibner,BAL,TEN,TE,TEN@BAL,last_td,0.018568679653679653,5285,0.0,0.0891,C,-,w_td 0.05; team TD 3.04,1.0,
Matthew Hibner,BAL,TEN,TE,TEN@BAL,2plus_td,0.00325,30669,0.0,0.0891,C,-,w_td 0.05; team TD 3.04,1.0,
Justice Hill,BAL,TEN,RB,TEN@BAL,anytime_td,0.21765,359,0.1623,0.08085,C,-,tgt_sh 5.1%; team att 26.6; opp DvP 0.99; RZ tgt 0; car_sh 13.8%; team rush 32.9; opp d_ypc 0.93; inside-10 car 0,1.0,
Justice Hill,BAL,TEN,RB,TEN@BAL,first_td,0.051663973665223656,1836,0.1623,0.08085,C,-,tgt_sh 5.1%; team att 26.6; opp DvP 0.99; RZ tgt 0; car_sh 13.8%; team rush 32.9; opp d_ypc 0.93; inside-10 car 0,1.0,
Justice Hill,BAL,TEN,RB,TEN@BAL,last_td,0.051663973665223656,1836,0.1623,0.08085,C,-,tgt_sh 5.1%; team att 26.6; opp DvP 0.99; RZ tgt 0; car_sh 13.8%; team rush 32.9; opp d_ypc 0.93; inside-10 car 0,1.0,
Justice Hill,BAL,TEN,RB,TEN@BAL,2plus_td,0.0238,4102,0.1623,0.08085,C,-,tgt_sh 5.1%; team att 26.6; opp DvP 0.99; RZ tgt 0; car_sh 13.8%; team rush 32.9; opp d_ypc 0.93; inside-10 car 0,1.0,
Chris Moore,BAL,TEN,WR,TEN@BAL,anytime_td,0.14628673995961408,584,0.0,0.15638321741081446,C,Questionable (Limited),tgt_sh 7.1%; team att 26.6; opp DvP 1.06; RZ tgt 1,0.6667342299285288,
Chris Moore,BAL,TEN,WR,TEN@BAL,first_td,0.03254405870515361,2973,0.0,0.15638321741081446,C,Questionable (Limited),tgt_sh 7.1%; team att 26.6; opp DvP 1.06; RZ tgt 1,0.6667342299285288,
Chris Moore,BAL,TEN,WR,TEN@BAL,last_td,0.03254405870515361,2973,0.0,0.15638321741081446,C,Questionable (Limited),tgt_sh 7.1%; team att 26.6; opp DvP 1.06; RZ tgt 1,0.6667342299285288,
Chris Moore,BAL,TEN,WR,TEN@BAL,2plus_td,0.009423378954453668,10512,0.0,0.15638321741081446,C,Questionable (Limited),tgt_sh 7.1%; team att 26.6; opp DvP 1.06; RZ tgt 1,0.6667342299285288,
Durham Smythe,BAL,TEN,TE,TEN@BAL,anytime_td,0.06668423827095414,1400,0.0,0.06831839746968899,C,no game designation yet (Full),w_td 0.04; team TD 3.04,0.9479829842591244,
Durham Smythe,BAL,TEN,TE,TEN@BAL,first_td,0.01452674192790165,6784,0.0,0.06831839746968899,C,no game designation yet (Full),w_td 0.04; team TD 3.04,0.9479829842591244,
Durham Smythe,BAL,TEN,TE,TEN@BAL,last_td,0.01452674192790165,6784,0.0,0.06831839746968899,C,no game designation yet (Full),w_td 0.04; team TD 3.04,0.9479829842591244,
Durham Smythe,BAL,TEN,TE,TEN@BAL,2plus_td,0.001528729573010016,65314,0.0,0.06831839746968899,C,no game designation yet (Full),w_td 0.04; team TD 3.04,0.9479829842591244,
Devontez Walker,BAL,TEN,WR,TEN@BAL,anytime_td,0.0606,1550,0.0,0.0621,C,-,tgt_sh 3.8%; team att 26.6; opp DvP 1.06; RZ tgt 0,1.0,
Devontez Walker,BAL,TEN,WR,TEN@BAL,first_td,0.013084707792207792,7543,0.0,0.0621,C,-,tgt_sh 3.8%; team att 26.6; opp DvP 1.06; RZ tgt 0,1.0,
Devontez Walker,BAL,TEN,WR,TEN@BAL,last_td,0.013084707792207792,7543,0.0,0.0621,C,-,tgt_sh 3.8%; team att 26.6; opp DvP 1.06; RZ tgt 0,1.0,
Devontez Walker,BAL,TEN,WR,TEN@BAL,2plus_td,0.00145,68866,0.0,0.0621,C,-,tgt_sh 3.8%; team att 26.6; opp DvP 1.06; RZ tgt 0,1.0,
LaJohntay Wester,BAL,TEN,WR,TEN@BAL,anytime_td,0.0358,2693,0.0,0.0365,C,-,w_td 0.02; team TD 3.04,1.0,
LaJohntay Wester,BAL,TEN,WR,TEN@BAL,first_td,0.007702067099567099,12884,0.0,0.0365,C,-,w_td 0.02; team TD 3.04,1.0,
LaJohntay Wester,BAL,TEN,WR,TEN@BAL,last_td,0.007702067099567099,12884,0.0,0.0365,C,-,w_td 0.02; team TD 3.04,1.0,
LaJohntay Wester,BAL,TEN,WR,TEN@BAL,2plus_td,0.00065,153746,0.0,0.0365,C,-,w_td 0.02; team TD 3.04,1.0,
Drake Maye,NE,BUF,QB,NE@BUF,anytime_td,0.11280690112806901,786,0.11969782042774743,0.0,B,no game designation yet (Full),team att 31.5; ypa 7.52; opp d_ypa 1.03; pass rate 55.5%,0.98,
Drake Maye,NE,BUF,QB,NE@BUF,first_td,0.020990581058979812,4664,0.11969782042774743,0.0,B,no game designation yet (Full),team att 31.5; ypa 7.52; opp d_ypa 1.03; pass rate 55.5%,0.98,
Drake Maye,NE,BUF,QB,NE@BUF,last_td,0.020990581058979812,4664,0.11969782042774743,0.0,B,no game designation yet (Full),team att 31.5; ypa 7.52; opp d_ypa 1.03; pass rate 55.5%,0.98,
Drake Maye,NE,BUF,QB,NE@BUF,2plus_td,0.006533612373028431,15205,0.11969782042774743,0.0,B,no game designation yet (Full),team att 31.5; ypa 7.52; opp d_ypa 1.03; pass rate 55.5%,0.98,
Efton Chism III,NE,BUF,WR,NE@BUF,anytime_td,0.07645,1208,0.0,0.07945,C,-,w_td 0.05; team TD 2.21,1.0,
Efton Chism III,NE,BUF,WR,NE@BUF,first_td,0.013703963813963816,7197,0.0,0.07945,C,-,w_td 0.05; team TD 2.21,1.0,
Efton Chism III,NE,BUF,WR,NE@BUF,last_td,0.013703963813963816,7197,0.0,0.07945,C,-,w_td 0.05; team TD 2.21,1.0,
Efton Chism III,NE,BUF,WR,NE@BUF,2plus_td,0.003,33233,0.0,0.07945,C,-,w_td 0.05; team TD 2.21,1.0,
Romeo Doubs,NE,BUF,WR,NE@BUF,anytime_td,0.20785,381,0.0,0.2301,C,-,tgt_sh 14.1%; team att 31.5; opp DvP 1.01; RZ tgt 1,1.0,
Romeo Doubs,NE,BUF,WR,NE@BUF,first_td,0.03995984765234765,2403,0.0,0.2301,C,-,tgt_sh 14.1%; team att 31.5; opp DvP 1.01; RZ tgt 1,1.0,
Romeo Doubs,NE,BUF,WR,NE@BUF,last_td,0.03995984765234765,2403,0.0,0.2301,C,-,tgt_sh 14.1%; team att 31.5; opp DvP 1.01; RZ tgt 1,1.0,
Romeo Doubs,NE,BUF,WR,NE@BUF,2plus_td,0.02135,4584,0.0,0.2301,C,-,tgt_sh 14.1%; team att 31.5; opp DvP 1.01; RZ tgt 1,1.0,
DeMario Douglas,NE,BUF,WR,NE@BUF,anytime_td,0.1844,442,0.0,0.2022,C,-,tgt_sh 11.8%; team att 31.5; opp DvP 1.01; RZ tgt 1,1.0,
DeMario Douglas,NE,BUF,WR,NE@BUF,first_td,0.03447411713286713,2801,0.0,0.2022,C,-,tgt_sh 11.8%; team att 31.5; opp DvP 1.01; RZ tgt 1,1.0,
DeMario Douglas,NE,BUF,WR,NE@BUF,last_td,0.03447411713286713,2801,0.0,0.2022,C,-,tgt_sh 11.8%; team att 31.5; opp DvP 1.01; RZ tgt 1,1.0,
DeMario Douglas,NE,BUF,WR,NE@BUF,2plus_td,0.01695,5800,0.0,0.2022,C,-,tgt_sh 11.8%; team att 31.5; opp DvP 1.01; RZ tgt 1,1.0,
Reggie Gilliam,NE,BUF,RB,NE@BUF,anytime_td,0.02485910599861036,3923,0.0,0.025167914768779432,C,Questionable (Limited),w_td 0.02; team TD 2.21,0.6469461218980005,
Reggie Gilliam,NE,BUF,RB,NE@BUF,first_td,0.004562135197895253,21820,0.0,0.025167914768779432,C,Questionable (Limited),w_td 0.02; team TD 2.21,0.6469461218980005,
Reggie Gilliam,NE,BUF,RB,NE@BUF,last_td,0.004562135197895253,21820,0.0,0.025167914768779432,C,Questionable (Limited),w_td 0.02; team TD 2.21,0.6469461218980005,
Reggie Gilliam,NE,BUF,RB,NE@BUF,2plus_td,0.0003088087701690728,323725,0.0,0.025167914768779432,C,Questionable (Limited),w_td 0.02; team TD 2.21,0.6469461218980005,
TreVeyon Henderson,NE,BUF,RB,NE@BUF,anytime_td,0.286,250,0.27515,0.05575,B,-,tgt_sh 4.1%; team att 31.5; opp DvP 0.99; RZ tgt 0; car_sh 39.2%; team rush 27.7; opp d_ypc 0.98; inside-10 car 0,1.0,
TreVeyon Henderson,NE,BUF,RB,NE@BUF,first_td,0.057476319930069915,1640,0.27515,0.05575,B,-,tgt_sh 4.1%; team att 31.5; opp DvP 0.99; RZ tgt 0; car_sh 39.2%; team rush 27.7; opp d_ypc 0.98; inside-10 car 0,1.0,
TreVeyon Henderson,NE,BUF,RB,NE@BUF,last_td,0.057476319930069915,1640,0.27515,0.05575,B,-,tgt_sh 4.1%; team att 31.5; opp DvP 0.99; RZ tgt 0; car_sh 39.2%; team rush 27.7; opp d_ypc 0.98; inside-10 car 0,1.0,
TreVeyon Henderson,NE,BUF,RB,NE@BUF,2plus_td,0.0417,2298,0.27515,0.05575,B,-,tgt_sh 4.1%; team att 31.5; opp DvP 0.99; RZ tgt 0; car_sh 39.2%; team rush 27.7; opp d_ypc 0.98; inside-10 car 0,1.0,
Hunter Henry,NE,BUF,TE,NE@BUF,anytime_td,0.19295,418,0.0,0.2109,C,-,tgt_sh 14.2%; team att 31.5; opp DvP 0.81; RZ tgt 1,1.0,
Hunter Henry,NE,BUF,TE,NE@BUF,first_td,0.036231123459873456,2660,0.0,0.2109,C,-,tgt_sh 14.2%; team att 31.5; opp DvP 0.81; RZ tgt 1,1.0,
Hunter Henry,NE,BUF,TE,NE@BUF,last_td,0.036231123459873456,2660,0.0,0.2109,C,-,tgt_sh 14.2%; team att 31.5; opp DvP 0.81; RZ tgt 1,1.0,
Hunter Henry,NE,BUF,TE,NE@BUF,2plus_td,0.0169,5817,0.0,0.2109,C,-,tgt_sh 14.2%; team att 31.5; opp DvP 0.81; RZ tgt 1,1.0,
Mack Hollins,NE,BUF,WR,NE@BUF,anytime_td,0.32295,210,0.0,0.38425,B,-,tgt_sh 15.8%; team att 31.5; opp DvP 1.01; RZ tgt 4,1.0,
Mack Hollins,NE,BUF,WR,NE@BUF,first_td,0.06605237540237541,1414,0.0,0.38425,B,-,tgt_sh 15.8%; team att 31.5; opp DvP 1.01; RZ tgt 4,1.0,
Mack Hollins,NE,BUF,WR,NE@BUF,last_td,0.06605237540237541,1414,0.0,0.38425,B,-,tgt_sh 15.8%; team att 31.5; opp DvP 1.01; RZ tgt 4,1.0,
Mack Hollins,NE,BUF,WR,NE@BUF,2plus_td,0.0548,1725,0.0,0.38425,B,-,tgt_sh 15.8%; team att 31.5; opp DvP 1.01; RZ tgt 4,1.0,
Corey Kiner,NE,BUF,RB,NE@BUF,anytime_td,0.08175,1123,0.07345,0.0117,C,-,car_sh 11.1%; team rush 27.7; opp d_ypc 0.98; inside-10 car 0,1.0,
Corey Kiner,NE,BUF,RB,NE@BUF,first_td,0.014601238483738484,6749,0.07345,0.0117,C,-,car_sh 11.1%; team rush 27.7; opp d_ypc 0.98; inside-10 car 0,1.0,
Corey Kiner,NE,BUF,RB,NE@BUF,last_td,0.014601238483738484,6749,0.07345,0.0117,C,-,car_sh 11.1%; team rush 27.7; opp d_ypc 0.98; inside-10 car 0,1.0,
Corey Kiner,NE,BUF,RB,NE@BUF,2plus_td,0.0033,30203,0.07345,0.0117,C,-,car_sh 11.1%; team rush 27.7; opp d_ypc 0.98; inside-10 car 0,1.0,
Lan Larison,NE,BUF,RB,NE@BUF,anytime_td,0.04685,2034,0.0036,0.0444,C,-,tgt_sh 3.1%; team att 31.5; opp DvP 0.99; RZ tgt 0,1.0,
Lan Larison,NE,BUF,RB,NE@BUF,first_td,0.008241786824286824,12033,0.0036,0.0444,C,-,tgt_sh 3.1%; team att 31.5; opp DvP 0.99; RZ tgt 0,1.0,
Lan Larison,NE,BUF,RB,NE@BUF,last_td,0.008241786824286824,12033,0.0036,0.0444,C,-,tgt_sh 3.1%; team att 31.5; opp DvP 0.99; RZ tgt 0,1.0,
Lan Larison,NE,BUF,RB,NE@BUF,2plus_td,0.0011,90809,0.0036,0.0444,C,-,tgt_sh 3.1%; team att 31.5; opp DvP 0.99; RZ tgt 0,1.0,
Eli Raridon,NE,BUF,TE,NE@BUF,anytime_td,0.0587527269991725,1602,0.0,0.06063341608365305,C,Questionable (Limited),w_td 0.04; team TD 2.21,0.6667342299285288,
Eli Raridon,NE,BUF,TE,NE@BUF,first_td,0.010545267733261414,9383,0.0,0.06063341608365305,C,Questionable (Limited),w_td 0.04; team TD 2.21,0.6667342299285288,
Eli Raridon,NE,BUF,TE,NE@BUF,last_td,0.010545267733261414,9383,0.0,0.06063341608365305,C,Questionable (Limited),w_td 0.04; team TD 2.21,0.6667342299285288,
Eli Raridon,NE,BUF,TE,NE@BUF,2plus_td,0.0018806890844805537,53072,0.0,0.06063341608365305,C,Questionable (Limited),w_td 0.04; team TD 2.21,0.6667342299285288,
Rhamondre Stevenson,NE,BUF,RB,NE@BUF,anytime_td,0.3083,224,0.2212,0.14035,B,-,tgt_sh 10.0%; team att 31.5; opp DvP 0.99; RZ tgt 0; car_sh 26.6%; team rush 27.7; opp d_ypc 0.98; inside-10 car 1,1.0,
Rhamondre Stevenson,NE,BUF,RB,NE@BUF,first_td,0.06269302863802864,1495,0.2212,0.14035,B,-,tgt_sh 10.0%; team att 31.5; opp DvP 0.99; RZ tgt 0; car_sh 26.6%; team rush 27.7; opp d_ypc 0.98; inside-10 car 1,1.0,
Rhamondre Stevenson,NE,BUF,RB,NE@BUF,last_td,0.06269302863802864,1495,0.2212,0.14035,B,-,tgt_sh 10.0%; team att 31.5; opp DvP 0.99; RZ tgt 0; car_sh 26.6%; team rush 27.7; opp d_ypc 0.98; inside-10 car 1,1.0,
Rhamondre Stevenson,NE,BUF,RB,NE@BUF,2plus_td,0.04815,1977,0.2212,0.14035,B,-,tgt_sh 10.0%; team att 31.5; opp DvP 0.99; RZ tgt 0; car_sh 26.6%; team rush 27.7; opp d_ypc 0.98; inside-10 car 1,1.0,
Kyle Williams,NE,BUF,WR,NE@BUF,anytime_td,0.06025,1560,0.0,0.0623,C,-,tgt_sh 4.4%; team att 31.5; opp DvP 1.01; RZ tgt 0,1.0,
Kyle Williams,NE,BUF,WR,NE@BUF,first_td,0.010763963952713954,9190,0.0,0.0623,C,-,tgt_sh 4.4%; team att 31.5; opp DvP 1.01; RZ tgt 0,1.0,
Kyle Williams,NE,BUF,WR,NE@BUF,last_td,0.010763963952713954,9190,0.0,0.0623,C,-,tgt_sh 4.4%; team att 31.5; opp DvP 1.01; RZ tgt 0,1.0,
Kyle Williams,NE,BUF,WR,NE@BUF,2plus_td,0.00205,48680,0.0,0.0623,C,-,tgt_sh 4.4%; team att 31.5; opp DvP 1.01; RZ tgt 0,1.0,
Josh Allen,BUF,NE,QB,NE@BUF,anytime_td,0.35135,185,0.42215,0.0,B,-,team att 28.9; ypa 7.85; opp d_ypa 0.93; pass rate 51.4%,1.0,
Josh Allen,BUF,NE,QB,NE@BUF,first_td,0.07547070304695304,1225,0.42215,0.0,B,-,team att 28.9; ypa 7.85; opp d_ypa 0.93; pass rate 51.4%,1.0,
Josh Allen,BUF,NE,QB,NE@BUF,last_td,0.07547070304695304,1225,0.42215,0.0,B,-,team att 28.9; ypa 7.85; opp d_ypa 0.93; pass rate 51.4%,1.0,
Josh Allen,BUF,NE,QB,NE@BUF,2plus_td,0.06355,1474,0.42215,0.0,B,-,team att 28.9; ypa 7.85; opp d_ypa 0.93; pass rate 51.4%,1.0,
Keon Coleman,BUF,NE,WR,NE@BUF,anytime_td,0.17673882278945438,466,0.0,0.19099533518528225,C,no game designation yet (Limited),tgt_sh 11.3%; team att 28.9; opp DvP 1.07; RZ tgt 1,0.9575230478992892,
Keon Coleman,BUF,NE,WR,NE@BUF,first_td,0.03355286021175218,2880,0.0,0.19099533518528225,C,no game designation yet (Limited),tgt_sh 11.3%; team att 28.9; opp DvP 1.07; RZ tgt 1,0.9575230478992892,
Keon Coleman,BUF,NE,WR,NE@BUF,last_td,0.03355286021175218,2880,0.0,0.19099533518528225,C,no game designation yet (Limited),tgt_sh 11.3%; team att 28.9; opp DvP 1.07; RZ tgt 1,0.9575230478992892,
Keon Coleman,BUF,NE,WR,NE@BUF,2plus_td,0.013837203207715289,7127,0.0,0.19099533518528225,C,no game designation yet (Limited),tgt_sh 11.3%; team att 28.9; opp DvP 1.07; RZ tgt 1,0.9575230478992892,
James Cook,BUF,NE,RB,NE@BUF,anytime_td,0.68215,-215,0.9011,0.18235,B,-,tgt_sh 7.4%; team att 28.9; opp DvP 1.13; RZ tgt 2; car_sh 57.4%; team rush 29.5; opp d_ypc 1.02; inside-10 car 5,1.0,
James Cook,BUF,NE,RB,NE@BUF,first_td,0.19175964216339214,421,0.9011,0.18235,B,-,tgt_sh 7.4%; team att 28.9; opp DvP 1.13; RZ tgt 2; car_sh 57.4%; team rush 29.5; opp d_ypc 1.02; inside-10 car 5,1.0,
James Cook,BUF,NE,RB,NE@BUF,last_td,0.19175964216339214,421,0.9011,0.18235,B,-,tgt_sh 7.4%; team att 28.9; opp DvP 1.13; RZ tgt 2; car_sh 57.4%; team rush 29.5; opp d_ypc 1.02; inside-10 car 5,1.0,
James Cook,BUF,NE,RB,NE@BUF,2plus_td,0.2962,238,0.9011,0.18235,B,-,tgt_sh 7.4%; team att 28.9; opp DvP 1.13; RZ tgt 2; car_sh 57.4%; team rush 29.5; opp d_ypc 1.02; inside-10 car 5,1.0,
Ray Davis,BUF,NE,RB,NE@BUF,anytime_td,0.08000309789343246,1150,0.06575278810408922,0.01688351920693928,C,Questionable (Limited),w_td 0.05; team TD 3.27,0.6469461218980005,
Ray Davis,BUF,NE,RB,NE@BUF,first_td,0.014927616356519702,6599,0.06575278810408922,0.01688351920693928,C,Questionable (Limited),w_td 0.05; team TD 3.27,0.6469461218980005,
Ray Davis,BUF,NE,RB,NE@BUF,last_td,0.014927616356519702,6599,0.06575278810408922,0.01688351920693928,C,Questionable (Limited),w_td 0.05; team TD 3.27,0.6469461218980005,
Ray Davis,BUF,NE,RB,NE@BUF,2plus_td,0.0026332094175960346,37876,0.06575278810408922,0.01688351920693928,C,Questionable (Limited),w_td 0.05; team TD 3.27,0.6469461218980005,
Greg Dortch,BUF,NE,WR,NE@BUF,anytime_td,0.0314,3085,0.0,0.0317,C,-,w_td 0.02; team TD 3.27,1.0,
Greg Dortch,BUF,NE,WR,NE@BUF,first_td,0.0056374951437451444,17638,0.0,0.0317,C,-,w_td 0.02; team TD 3.27,1.0,
Greg Dortch,BUF,NE,WR,NE@BUF,last_td,0.0056374951437451444,17638,0.0,0.0317,C,-,w_td 0.02; team TD 3.27,1.0,
Greg Dortch,BUF,NE,WR,NE@BUF,2plus_td,0.0003,333233,0.0,0.0317,C,-,w_td 0.02; team TD 3.27,1.0,
Frank Gore Jr.,BUF,NE,RB,NE@BUF,anytime_td,0.13055,666,0.13165,0.00685,C,-,car_sh 10.6%; team rush 29.5; opp d_ypc 1.02; inside-10 car 0,1.0,
Frank Gore Jr.,BUF,NE,RB,NE@BUF,first_td,0.02462935356310356,3960,0.13165,0.00685,C,-,car_sh 10.6%; team rush 29.5; opp d_ypc 1.02; inside-10 car 0,1.0,
Frank Gore Jr.,BUF,NE,RB,NE@BUF,last_td,0.02462935356310356,3960,0.13165,0.00685,C,-,car_sh 10.6%; team rush 29.5; opp d_ypc 1.02; inside-10 car 0,1.0,
Frank Gore Jr.,BUF,NE,RB,NE@BUF,2plus_td,0.0078,12721,0.13165,0.00685,C,-,car_sh 10.6%; team rush 29.5; opp d_ypc 1.02; inside-10 car 0,1.0,
Jackson Hawes,BUF,NE,TE,NE@BUF,anytime_td,0.02755,3530,0.0,0.028,C,-,w_td 0.02; team TD 3.27,1.0,
Jackson Hawes,BUF,NE,TE,NE@BUF,first_td,0.005031839826839827,19773,0.0,0.028,C,-,w_td 0.02; team TD 3.27,1.0,
Jackson Hawes,BUF,NE,TE,NE@BUF,last_td,0.005031839826839827,19773,0.0,0.028,C,-,w_td 0.02; team TD 3.27,1.0,
Jackson Hawes,BUF,NE,TE,NE@BUF,2plus_td,0.00045,222122,0.0,0.028,C,-,w_td 0.02; team TD 3.27,1.0,
Ty Johnson,BUF,NE,RB,NE@BUF,anytime_td,0.14055,611,0.0291,0.12035,C,-,tgt_sh 8.5%; team att 28.9; opp DvP 1.13; RZ tgt 0,1.0,
Ty Johnson,BUF,NE,RB,NE@BUF,first_td,0.02607598998223998,3735,0.0291,0.12035,C,-,tgt_sh 8.5%; team att 28.9; opp DvP 1.13; RZ tgt 0,1.0,
Ty Johnson,BUF,NE,RB,NE@BUF,last_td,0.02607598998223998,3735,0.0291,0.12035,C,-,tgt_sh 8.5%; team att 28.9; opp DvP 1.13; RZ tgt 0,1.0,
Ty Johnson,BUF,NE,RB,NE@BUF,2plus_td,0.0085,11665,0.0291,0.12035,C,-,tgt_sh 8.5%; team att 28.9; opp DvP 1.13; RZ tgt 0,1.0,
Dalton Kincaid,BUF,NE,TE,NE@BUF,anytime_td,0.22795,339,0.0,0.25685,B,-,tgt_sh 17.5%; team att 28.9; opp DvP 0.91; RZ tgt 1,1.0,
Dalton Kincaid,BUF,NE,TE,NE@BUF,first_td,0.045007534687534684,2122,0.0,0.25685,B,-,tgt_sh 17.5%; team att 28.9; opp DvP 0.91; RZ tgt 1,1.0,
Dalton Kincaid,BUF,NE,TE,NE@BUF,last_td,0.045007534687534684,2122,0.0,0.25685,B,-,tgt_sh 17.5%; team att 28.9; opp DvP 0.91; RZ tgt 1,1.0,
Dalton Kincaid,BUF,NE,TE,NE@BUF,2plus_td,0.0269,3617,0.0,0.25685,B,-,tgt_sh 17.5%; team att 28.9; opp DvP 0.91; RZ tgt 1,1.0,
Dawson Knox,BUF,NE,TE,NE@BUF,anytime_td,0.1107,803,0.0094,0.10745,C,-,tgt_sh 5.6%; team att 28.9; opp DvP 0.91; RZ tgt 1,1.0,
Dawson Knox,BUF,NE,TE,NE@BUF,first_td,0.02017639097014097,4856,0.0094,0.10745,C,-,tgt_sh 5.6%; team att 28.9; opp DvP 0.91; RZ tgt 1,1.0,
Dawson Knox,BUF,NE,TE,NE@BUF,last_td,0.02017639097014097,4856,0.0094,0.10745,C,-,tgt_sh 5.6%; team att 28.9; opp DvP 0.91; RZ tgt 1,1.0,
Dawson Knox,BUF,NE,TE,NE@BUF,2plus_td,0.0059,16849,0.0094,0.10745,C,-,tgt_sh 5.6%; team att 28.9; opp DvP 0.91; RZ tgt 1,1.0,
DJ Moore,BUF,NE,WR,NE@BUF,anytime_td,0.2888877273677608,246,0.008258415220572862,0.3261551327618649,B,no game designation yet (Limited),tgt_sh 18.5%; team att 28.9; opp DvP 1.07; RZ tgt 2,0.9575230478992892,
DJ Moore,BUF,NE,WR,NE@BUF,first_td,0.058342993191676025,1614,0.008258415220572862,0.3261551327618649,B,no game designation yet (Limited),tgt_sh 18.5%; team att 28.9; opp DvP 1.07; RZ tgt 2,0.9575230478992892,
DJ Moore,BUF,NE,WR,NE@BUF,last_td,0.058342993191676025,1614,0.008258415220572862,0.3261551327618649,B,no game designation yet (Limited),tgt_sh 18.5%; team att 28.9; opp DvP 1.07; RZ tgt 2,0.9575230478992892,
DJ Moore,BUF,NE,WR,NE@BUF,2plus_td,0.04113527075057495,2331,0.008258415220572862,0.3261551327618649,B,no game designation yet (Limited),tgt_sh 18.5%; team att 28.9; opp DvP 1.07; RZ tgt 2,0.9575230478992892,
Josh Palmer,BUF,NE,WR,NE@BUF,anytime_td,0.08695,1050,0.0,0.09115,C,-,tgt_sh 6.8%; team att 28.9; opp DvP 1.07; RZ tgt 0,1.0,
Josh Palmer,BUF,NE,WR,NE@BUF,first_td,0.015809057192807195,6225,0.0,0.09115,C,-,tgt_sh 6.8%; team att 28.9; opp DvP 1.07; RZ tgt 0,1.0,
Josh Palmer,BUF,NE,WR,NE@BUF,last_td,0.015809057192807195,6225,0.0,0.09115,C,-,tgt_sh 6.8%; team att 28.9; opp DvP 1.07; RZ tgt 0,1.0,
Josh Palmer,BUF,NE,WR,NE@BUF,2plus_td,0.00405,24591,0.0,0.09115,C,-,tgt_sh 6.8%; team att 28.9; opp DvP 1.07; RZ tgt 0,1.0,
Khalil Shakir,BUF,NE,WR,NE@BUF,anytime_td,0.31935,213,0.0,0.37985,B,-,tgt_sh 16.8%; team att 28.9; opp DvP 1.07; RZ tgt 4,1.0,
Khalil Shakir,BUF,NE,WR,NE@BUF,first_td,0.06653892746142745,1403,0.0,0.37985,B,-,tgt_sh 16.8%; team att 28.9; opp DvP 1.07; RZ tgt 4,1.0,
Khalil Shakir,BUF,NE,WR,NE@BUF,last_td,0.06653892746142745,1403,0.0,0.37985,B,-,tgt_sh 16.8%; team att 28.9; opp DvP 1.07; RZ tgt 4,1.0,
Khalil Shakir,BUF,NE,WR,NE@BUF,2plus_td,0.0541,1748,0.0,0.37985,B,-,tgt_sh 16.8%; team att 28.9; opp DvP 1.07; RZ tgt 4,1.0,
Geno Smith,NYJ,CHI,QB,NYJ@CHI,anytime_td,0.16935,490,0.18455,0.0,B,-,team att 31.9; ypa 7.84; opp d_ypa 1.04; pass rate 57.4%,1.0,
Geno Smith,NYJ,CHI,QB,NYJ@CHI,first_td,0.03807601426351426,2526,0.18455,0.0,B,-,team att 31.9; ypa 7.84; opp d_ypa 1.04; pass rate 57.4%,1.0,
Geno Smith,NYJ,CHI,QB,NYJ@CHI,last_td,0.03807601426351426,2526,0.18455,0.0,B,-,team att 31.9; ypa 7.84; opp d_ypa 1.04; pass rate 57.4%,1.0,
Geno Smith,NYJ,CHI,QB,NYJ@CHI,2plus_td,0.01425,6918,0.18455,0.0,B,-,team att 31.9; ypa 7.84; opp d_ypa 1.04; pass rate 57.4%,1.0,
Braelon Allen,NYJ,CHI,RB,NYJ@CHI,anytime_td,0.4957,102,0.4674,0.19475,B,-,tgt_sh 3.0%; team att 31.9; opp DvP 1.04; RZ tgt 3; car_sh 23.5%; team rush 25.8; opp d_ypc 1.09; inside-10 car 1,1.0,
Braelon Allen,NYJ,CHI,RB,NYJ@CHI,first_td,0.13616457181707184,634,0.4674,0.19475,B,-,tgt_sh 3.0%; team att 31.9; opp DvP 1.04; RZ tgt 3; car_sh 23.5%; team rush 25.8; opp d_ypc 1.09; inside-10 car 1,1.0,
Braelon Allen,NYJ,CHI,RB,NYJ@CHI,last_td,0.13616457181707184,634,0.4674,0.19475,B,-,tgt_sh 3.0%; team att 31.9; opp DvP 1.04; RZ tgt 3; car_sh 23.5%; team rush 25.8; opp d_ypc 1.09; inside-10 car 1,1.0,
Braelon Allen,NYJ,CHI,RB,NYJ@CHI,2plus_td,0.13715,629,0.4674,0.19475,B,-,tgt_sh 3.0%; team att 31.9; opp DvP 1.04; RZ tgt 3; car_sh 23.5%; team rush 25.8; opp d_ypc 1.09; inside-10 car 1,1.0,
Andrew Beck,NYJ,CHI,RB,NYJ@CHI,anytime_td,0.0334,2894,0.0242,0.0096,C,-,w_td 0.02; team TD 2.01,1.0,
Andrew Beck,NYJ,CHI,RB,NYJ@CHI,first_td,0.006898219696969696,14396,0.0242,0.0096,C,-,w_td 0.02; team TD 2.01,1.0,
Andrew Beck,NYJ,CHI,RB,NYJ@CHI,last_td,0.006898219696969696,14396,0.0242,0.0096,C,-,w_td 0.02; team TD 2.01,1.0,
Andrew Beck,NYJ,CHI,RB,NYJ@CHI,2plus_td,0.0004,249900,0.0242,0.0096,C,-,w_td 0.02; team TD 2.01,1.0,
Isaiah Davis,NYJ,CHI,RB,NYJ@CHI,anytime_td,0.0634,1477,0.03455,0.0306,C,-,tgt_sh 1.9%; team att 31.9; opp DvP 1.04; RZ tgt 0,1.0,
Isaiah Davis,NYJ,CHI,RB,NYJ@CHI,first_td,0.013400627705627704,7362,0.03455,0.0306,C,-,tgt_sh 1.9%; team att 31.9; opp DvP 1.04; RZ tgt 0,1.0,
Isaiah Davis,NYJ,CHI,RB,NYJ@CHI,last_td,0.013400627705627704,7362,0.03455,0.0306,C,-,tgt_sh 1.9%; team att 31.9; opp DvP 1.04; RZ tgt 0,1.0,
Isaiah Davis,NYJ,CHI,RB,NYJ@CHI,2plus_td,0.00175,57043,0.03455,0.0306,C,-,tgt_sh 1.9%; team att 31.9; opp DvP 1.04; RZ tgt 0,1.0,
Jeremy Ruckert,NYJ,CHI,TE,NYJ@CHI,anytime_td,0.15586330367015955,542,0.0,0.16823758622505397,C,no game designation yet (Full),tgt_sh 5.3%; team att 31.9; opp DvP 0.83; RZ tgt 2,0.9479829842591244,
Jeremy Ruckert,NYJ,CHI,TE,NYJ@CHI,first_td,0.033882236363674934,2851,0.0,0.16823758622505397,C,no game designation yet (Full),tgt_sh 5.3%; team att 31.9; opp DvP 0.83; RZ tgt 2,0.9479829842591244,
Jeremy Ruckert,NYJ,CHI,TE,NYJ@CHI,last_td,0.033882236363674934,2851,0.0,0.16823758622505397,C,no game designation yet (Full),tgt_sh 5.3%; team att 31.9; opp DvP 0.83; RZ tgt 2,0.9479829842591244,
Jeremy Ruckert,NYJ,CHI,TE,NYJ@CHI,2plus_td,0.011742404296772155,8416,0.0,0.16823758622505397,C,no game designation yet (Full),tgt_sh 5.3%; team att 31.9; opp DvP 0.83; RZ tgt 2,0.9479829842591244,
Kenyon Sadiq,NYJ,CHI,TE,NYJ@CHI,anytime_td,0.22840618897401233,338,0.07375694757398227,0.18063692353913174,C,Questionable (Limited),tgt_sh 13.7%; team att 31.9; opp DvP 0.83; RZ tgt 0,0.6667342299285288,
Kenyon Sadiq,NYJ,CHI,TE,NYJ@CHI,first_td,0.05272888382960487,1796,0.07375694757398227,0.18063692353913174,C,Questionable (Limited),tgt_sh 13.7%; team att 31.9; opp DvP 0.83; RZ tgt 0,0.6667342299285288,
Kenyon Sadiq,NYJ,CHI,TE,NYJ@CHI,last_td,0.05272888382960487,1796,0.07375694757398227,0.18063692353913174,C,Questionable (Limited),tgt_sh 13.7%; team att 31.9; opp DvP 0.83; RZ tgt 0,0.6667342299285288,
Kenyon Sadiq,NYJ,CHI,TE,NYJ@CHI,2plus_td,0.024260177257022682,4022,0.07375694757398227,0.18063692353913174,C,Questionable (Limited),tgt_sh 13.7%; team att 31.9; opp DvP 0.83; RZ tgt 0,0.6667342299285288,
Sterling Shepard,NYJ,CHI,WR,NYJ@CHI,anytime_td,0.07545,1225,0.0,0.07825,C,-,tgt_sh 5.2%; team att 31.9; opp DvP 0.95; RZ tgt 0,1.0,
Sterling Shepard,NYJ,CHI,WR,NYJ@CHI,first_td,0.015661484487734488,6285,0.0,0.07825,C,-,tgt_sh 5.2%; team att 31.9; opp DvP 0.95; RZ tgt 0,1.0,
Sterling Shepard,NYJ,CHI,WR,NYJ@CHI,last_td,0.015661484487734488,6285,0.0,0.07825,C,-,tgt_sh 5.2%; team att 31.9; opp DvP 0.95; RZ tgt 0,1.0,
Sterling Shepard,NYJ,CHI,WR,NYJ@CHI,2plus_td,0.0028,35614,0.0,0.07825,C,-,tgt_sh 5.2%; team att 31.9; opp DvP 0.95; RZ tgt 0,1.0,
Isaiah Williams,NYJ,CHI,WR,NYJ@CHI,anytime_td,0.17645,467,0.0152,0.17695,C,-,tgt_sh 8.3%; team att 31.9; opp DvP 0.95; RZ tgt 1,1.0,
Isaiah Williams,NYJ,CHI,WR,NYJ@CHI,first_td,0.03929705808080808,2445,0.0152,0.17695,C,-,tgt_sh 8.3%; team att 31.9; opp DvP 0.95; RZ tgt 1,1.0,
Isaiah Williams,NYJ,CHI,WR,NYJ@CHI,last_td,0.03929705808080808,2445,0.0152,0.17695,C,-,tgt_sh 8.3%; team att 31.9; opp DvP 0.95; RZ tgt 1,1.0,
Isaiah Williams,NYJ,CHI,WR,NYJ@CHI,2plus_td,0.015,6567,0.0152,0.17695,C,-,tgt_sh 8.3%; team att 31.9; opp DvP 0.95; RZ tgt 1,1.0,
Garrett Wilson,NYJ,CHI,WR,NYJ@CHI,anytime_td,0.34955,186,0.0,0.42245,B,-,tgt_sh 24.6%; team att 31.9; opp DvP 0.95; RZ tgt 1,1.0,
Garrett Wilson,NYJ,CHI,WR,NYJ@CHI,first_td,0.08618861097236097,1060,0.0,0.42245,B,-,tgt_sh 24.6%; team att 31.9; opp DvP 0.95; RZ tgt 1,1.0,
Garrett Wilson,NYJ,CHI,WR,NYJ@CHI,last_td,0.08618861097236097,1060,0.0,0.42245,B,-,tgt_sh 24.6%; team att 31.9; opp DvP 0.95; RZ tgt 1,1.0,
Garrett Wilson,NYJ,CHI,WR,NYJ@CHI,2plus_td,0.0646,1448,0.0,0.42245,B,-,tgt_sh 24.6%; team att 31.9; opp DvP 0.95; RZ tgt 1,1.0,
Case Keenum,CHI,NYJ,QB,NYJ@CHI,anytime_td,0.1625,515,0.17765,0.0,C,-,team att 29.1; ypa 6.62; opp d_ypa 0.92; pass rate 51.0%,1.0,
Case Keenum,CHI,NYJ,QB,NYJ@CHI,first_td,0.037137142857142855,2593,0.17765,0.0,C,-,team att 29.1; ypa 6.62; opp d_ypa 0.92; pass rate 51.0%,1.0,
Case Keenum,CHI,NYJ,QB,NYJ@CHI,last_td,0.037137142857142855,2593,0.17765,0.0,C,-,team att 29.1; ypa 6.62; opp d_ypa 0.92; pass rate 51.0%,1.0,
Case Keenum,CHI,NYJ,QB,NYJ@CHI,2plus_td,0.0143,6893,0.17765,0.0,C,-,team att 29.1; ypa 6.62; opp d_ypa 0.92; pass rate 51.0%,1.0,
Luther Burden III,CHI,NYJ,WR,NYJ@CHI,anytime_td,0.29085,244,0.01015,0.3271,B,-,tgt_sh 19.1%; team att 29.1; opp DvP 0.95; RZ tgt 6,1.0,
Luther Burden III,CHI,NYJ,WR,NYJ@CHI,first_td,0.07041462481962482,1320,0.01015,0.3271,B,-,tgt_sh 19.1%; team att 29.1; opp DvP 0.95; RZ tgt 6,1.0,
Luther Burden III,CHI,NYJ,WR,NYJ@CHI,last_td,0.07041462481962482,1320,0.01015,0.3271,B,-,tgt_sh 19.1%; team att 29.1; opp DvP 0.95; RZ tgt 6,1.0,
Luther Burden III,CHI,NYJ,WR,NYJ@CHI,2plus_td,0.0423,2264,0.01015,0.3271,B,-,tgt_sh 19.1%; team att 29.1; opp DvP 0.95; RZ tgt 6,1.0,
Cole Kmet,CHI,NYJ,TE,NYJ@CHI,anytime_td,0.06445,1452,0.0,0.0663,C,-,tgt_sh 7.1%; team att 29.1; opp DvP 0.86; RZ tgt 0,1.0,
Cole Kmet,CHI,NYJ,TE,NYJ@CHI,first_td,0.013928091630591633,7080,0.0,0.0663,C,-,tgt_sh 7.1%; team att 29.1; opp DvP 0.86; RZ tgt 0,1.0,
Cole Kmet,CHI,NYJ,TE,NYJ@CHI,last_td,0.013928091630591633,7080,0.0,0.0663,C,-,tgt_sh 7.1%; team att 29.1; opp DvP 0.86; RZ tgt 0,1.0,
Cole Kmet,CHI,NYJ,TE,NYJ@CHI,2plus_td,0.0017,58724,0.0,0.0663,C,-,tgt_sh 7.1%; team att 29.1; opp DvP 0.86; RZ tgt 0,1.0,
Colston Loveland,CHI,NYJ,TE,NYJ@CHI,anytime_td,0.18285,447,0.0,0.2006,C,-,tgt_sh 14.2%; team att 29.1; opp DvP 0.86; RZ tgt 3,1.0,
Colston Loveland,CHI,NYJ,TE,NYJ@CHI,first_td,0.041239868326118326,2325,0.0,0.2006,C,-,tgt_sh 14.2%; team att 29.1; opp DvP 0.86; RZ tgt 3,1.0,
Colston Loveland,CHI,NYJ,TE,NYJ@CHI,last_td,0.041239868326118326,2325,0.0,0.2006,C,-,tgt_sh 14.2%; team att 29.1; opp DvP 0.86; RZ tgt 3,1.0,
Colston Loveland,CHI,NYJ,TE,NYJ@CHI,2plus_td,0.0166,5924,0.0,0.2006,C,-,tgt_sh 14.2%; team att 29.1; opp DvP 0.86; RZ tgt 3,1.0,
Kyle Monangai,CHI,NYJ,RB,NYJ@CHI,anytime_td,0.32495,208,0.3119,0.0753,B,-,tgt_sh 4.9%; team att 29.1; opp DvP 0.99; RZ tgt 1; car_sh 25.6%; team rush 30.2; opp d_ypc 1.00; inside-10 car 4,1.0,
Kyle Monangai,CHI,NYJ,RB,NYJ@CHI,first_td,0.08109205377955377,1133,0.3119,0.0753,B,-,tgt_sh 4.9%; team att 29.1; opp DvP 0.99; RZ tgt 1; car_sh 25.6%; team rush 30.2; opp d_ypc 1.00; inside-10 car 4,1.0,
Kyle Monangai,CHI,NYJ,RB,NYJ@CHI,last_td,0.08109205377955377,1133,0.3119,0.0753,B,-,tgt_sh 4.9%; team att 29.1; opp DvP 0.99; RZ tgt 1; car_sh 25.6%; team rush 30.2; opp d_ypc 1.00; inside-10 car 4,1.0,
Kyle Monangai,CHI,NYJ,RB,NYJ@CHI,2plus_td,0.05585,1691,0.3119,0.0753,B,-,tgt_sh 4.9%; team att 29.1; opp DvP 0.99; RZ tgt 1; car_sh 25.6%; team rush 30.2; opp d_ypc 1.00; inside-10 car 4,1.0,
Rome Odunze,CHI,NYJ,WR,NYJ@CHI,anytime_td,0.21385,368,0.0,0.23835,B,-,tgt_sh 18.7%; team att 29.1; opp DvP 0.95; RZ tgt 2,1.0,
Rome Odunze,CHI,NYJ,WR,NYJ@CHI,first_td,0.04914877164502165,1935,0.0,0.23835,B,-,tgt_sh 18.7%; team att 29.1; opp DvP 0.95; RZ tgt 2,1.0,
Rome Odunze,CHI,NYJ,WR,NYJ@CHI,last_td,0.04914877164502165,1935,0.0,0.23835,B,-,tgt_sh 18.7%; team att 29.1; opp DvP 0.95; RZ tgt 2,1.0,
Rome Odunze,CHI,NYJ,WR,NYJ@CHI,2plus_td,0.02295,4257,0.0,0.23835,B,-,tgt_sh 18.7%; team att 29.1; opp DvP 0.95; RZ tgt 2,1.0,
Kalif Raymond,CHI,NYJ,WR,NYJ@CHI,anytime_td,0.2059,386,0.0,0.2279,B,-,tgt_sh 16.5%; team att 29.1; opp DvP 0.95; RZ tgt 3,1.0,
Kalif Raymond,CHI,NYJ,WR,NYJ@CHI,first_td,0.047603460150960154,2001,0.0,0.2279,B,-,tgt_sh 16.5%; team att 29.1; opp DvP 0.95; RZ tgt 3,1.0,
Kalif Raymond,CHI,NYJ,WR,NYJ@CHI,last_td,0.047603460150960154,2001,0.0,0.2279,B,-,tgt_sh 16.5%; team att 29.1; opp DvP 0.95; RZ tgt 3,1.0,
Kalif Raymond,CHI,NYJ,WR,NYJ@CHI,2plus_td,0.0207,4731,0.0,0.2279,B,-,tgt_sh 16.5%; team att 29.1; opp DvP 0.95; RZ tgt 3,1.0,
Sam Roush,CHI,NYJ,TE,NYJ@CHI,anytime_td,0.04995,1902,0.0,0.05095,C,-,w_td 0.04; team TD 2.57,1.0,
Sam Roush,CHI,NYJ,TE,NYJ@CHI,first_td,0.010455025252525252,9465,0.0,0.05095,C,-,w_td 0.04; team TD 2.57,1.0,
Sam Roush,CHI,NYJ,TE,NYJ@CHI,last_td,0.010455025252525252,9465,0.0,0.05095,C,-,w_td 0.04; team TD 2.57,1.0,
Sam Roush,CHI,NYJ,TE,NYJ@CHI,2plus_td,0.00095,105163,0.0,0.05095,C,-,w_td 0.04; team TD 2.57,1.0,
D'Andre Swift,CHI,NYJ,RB,NYJ@CHI,anytime_td,0.5172105263157895,-107,0.5865789473684211,0.12131578947368421,B,no game designation yet (Full),tgt_sh 9.4%; team att 29.1; opp DvP 0.99; RZ tgt 1; car_sh 46.4%; team rush 30.2; opp d_ypc 1.00; inside-10 car 10,0.9508674235277402,
D'Andre Swift,CHI,NYJ,RB,NYJ@CHI,first_td,0.14860901744454377,573,0.5865789473684211,0.12131578947368421,B,no game designation yet (Full),tgt_sh 9.4%; team att 29.1; opp DvP 0.99; RZ tgt 1; car_sh 46.4%; team rush 30.2; opp d_ypc 1.00; inside-10 car 10,0.9508674235277402,
D'Andre Swift,CHI,NYJ,RB,NYJ@CHI,last_td,0.14860901744454377,573,0.5865789473684211,0.12131578947368421,B,no game designation yet (Full),tgt_sh 9.4%; team att 29.1; opp DvP 0.99; RZ tgt 1; car_sh 46.4%; team rush 30.2; opp d_ypc 1.00; inside-10 car 10,0.9508674235277402,
D'Andre Swift,CHI,NYJ,RB,NYJ@CHI,2plus_td,0.1566842105263158,538,0.5865789473684211,0.12131578947368421,B,no game designation yet (Full),tgt_sh 9.4%; team att 29.1; opp DvP 0.99; RZ tgt 1; car_sh 46.4%; team rush 30.2; opp d_ypc 1.00; inside-10 car 10,0.9508674235277402,
Zavion Thomas,CHI,NYJ,WR,NYJ@CHI,anytime_td,0.01745,5631,0.0,0.0177,C,-,w_td 0.01; team TD 2.57,1.0,
Zavion Thomas,CHI,NYJ,WR,NYJ@CHI,first_td,0.003698517316017316,26938,0.0,0.0177,C,-,w_td 0.01; team TD 2.57,1.0,
Zavion Thomas,CHI,NYJ,WR,NYJ@CHI,last_td,0.003698517316017316,26938,0.0,0.0177,C,-,w_td 0.01; team TD 2.57,1.0,
Zavion Thomas,CHI,NYJ,WR,NYJ@CHI,2plus_td,0.00025,399900,0.0,0.0177,C,-,w_td 0.01; team TD 2.57,1.0,
Jahdae Walker,CHI,NYJ,WR,NYJ@CHI,anytime_td,0.05085,1867,0.0,0.0523,C,-,w_td 0.04; team TD 2.57,1.0,
Jahdae Walker,CHI,NYJ,WR,NYJ@CHI,first_td,0.010551208513708514,9378,0.0,0.0523,C,-,w_td 0.04; team TD 2.57,1.0,
Jahdae Walker,CHI,NYJ,WR,NYJ@CHI,last_td,0.010551208513708514,9378,0.0,0.0523,C,-,w_td 0.04; team TD 2.57,1.0,
Jahdae Walker,CHI,NYJ,WR,NYJ@CHI,2plus_td,0.00145,68866,0.0,0.0523,C,-,w_td 0.04; team TD 2.57,1.0,
Trevor Lawrence,JAX,CIN,QB,JAX@CIN,anytime_td,0.0757,1221,0.0786,0.0,B,-,team att 30.1; ypa 7.52; opp d_ypa 1.01; pass rate 52.7%,1.0,
Trevor Lawrence,JAX,CIN,QB,JAX@CIN,first_td,0.01341255772005772,7356,0.0786,0.0,B,-,team att 30.1; ypa 7.52; opp d_ypa 1.01; pass rate 52.7%,1.0,
Trevor Lawrence,JAX,CIN,QB,JAX@CIN,last_td,0.01341255772005772,7356,0.0786,0.0,B,-,team att 30.1; ypa 7.52; opp d_ypa 1.01; pass rate 52.7%,1.0,
Trevor Lawrence,JAX,CIN,QB,JAX@CIN,2plus_td,0.0029,34383,0.0786,0.0,B,-,team att 30.1; ypa 7.52; opp d_ypa 1.01; pass rate 52.7%,1.0,
Ameer Abdullah,JAX,CIN,RB,JAX@CIN,anytime_td,0.15595,541,0.07795,0.0904,C,-,tgt_sh 3.9%; team att 30.1; opp DvP 0.93; RZ tgt 1; car_sh 10.1%; team rush 28.8; opp d_ypc 1.05; inside-10 car 0,1.0,
Ameer Abdullah,JAX,CIN,RB,JAX@CIN,first_td,0.02905293761793762,3342,0.07795,0.0904,C,-,tgt_sh 3.9%; team att 30.1; opp DvP 0.93; RZ tgt 1; car_sh 10.1%; team rush 28.8; opp d_ypc 1.05; inside-10 car 0,1.0,
Ameer Abdullah,JAX,CIN,RB,JAX@CIN,last_td,0.02905293761793762,3342,0.07795,0.0904,C,-,tgt_sh 3.9%; team att 30.1; opp DvP 0.93; RZ tgt 1; car_sh 10.1%; team rush 28.8; opp d_ypc 1.05; inside-10 car 0,1.0,
Ameer Abdullah,JAX,CIN,RB,JAX@CIN,2plus_td,0.0118,8375,0.07795,0.0904,C,-,tgt_sh 3.9%; team att 30.1; opp DvP 0.93; RZ tgt 1; car_sh 10.1%; team rush 28.8; opp d_ypc 1.05; inside-10 car 0,1.0,
LeQuint Allen Jr.,JAX,CIN,RB,JAX@CIN,anytime_td,0.08414548377373657,1088,0.011403596905455641,0.0754044006832111,C,no game designation yet (Limited),w_td 0.05; team TD 2.73,0.9951309141019752,
LeQuint Allen Jr.,JAX,CIN,RB,JAX@CIN,first_td,0.01484702544182098,6635,0.011403596905455641,0.0754044006832111,C,no game designation yet (Limited),w_td 0.05; team TD 2.73,0.9951309141019752,
LeQuint Allen Jr.,JAX,CIN,RB,JAX@CIN,last_td,0.01484702544182098,6635,0.011403596905455641,0.0754044006832111,C,no game designation yet (Limited),w_td 0.05; team TD 2.73,0.9951309141019752,
LeQuint Allen Jr.,JAX,CIN,RB,JAX@CIN,2plus_td,0.002662513814930172,37458,0.011403596905455641,0.0754044006832111,C,no game designation yet (Limited),w_td 0.05; team TD 2.73,0.9951309141019752,
Nate Boerkircher,JAX,CIN,TE,JAX@CIN,anytime_td,0.06151735781365411,1526,0.0,0.06346945235834124,C,no game designation yet (Full),w_td 0.04; team TD 2.73,0.9479829842591244,
Nate Boerkircher,JAX,CIN,TE,JAX@CIN,first_td,0.010990319137675895,8999,0.0,0.06346945235834124,C,no game designation yet (Full),w_td 0.04; team TD 2.73,0.9479829842591244,
Nate Boerkircher,JAX,CIN,TE,JAX@CIN,last_td,0.010990319137675895,8999,0.0,0.06346945235834124,C,no game designation yet (Full),w_td 0.04; team TD 2.73,0.9479829842591244,
Nate Boerkircher,JAX,CIN,TE,JAX@CIN,2plus_td,0.0019520945446871373,51127,0.0,0.06346945235834124,C,no game designation yet (Full),w_td 0.04; team TD 2.73,0.9479829842591244,
Josh Cameron,JAX,CIN,WR,JAX@CIN,anytime_td,0.14465,591,0.0,0.1541,C,-,tgt_sh 5.5%; team att 30.1; opp DvP 0.99; RZ tgt 2,1.0,
Josh Cameron,JAX,CIN,WR,JAX@CIN,first_td,0.0261430685980686,3725,0.0,0.1541,C,-,tgt_sh 5.5%; team att 30.1; opp DvP 0.99; RZ tgt 2,1.0,
Josh Cameron,JAX,CIN,WR,JAX@CIN,last_td,0.0261430685980686,3725,0.0,0.1541,C,-,tgt_sh 5.5%; team att 30.1; opp DvP 0.99; RZ tgt 2,1.0,
Josh Cameron,JAX,CIN,WR,JAX@CIN,2plus_td,0.00895,11073,0.0,0.1541,C,-,tgt_sh 5.5%; team att 30.1; opp DvP 0.99; RZ tgt 2,1.0,
Jakobi Meyers,JAX,CIN,WR,JAX@CIN,anytime_td,0.28909052542730534,246,0.006172188225364001,0.32870858830977,C,no game designation yet (Full),tgt_sh 18.4%; team att 30.1; opp DvP 0.99; RZ tgt 2,0.9479829842591244,
Jakobi Meyers,JAX,CIN,WR,JAX@CIN,first_td,0.05719700849079409,1648,0.006172188225364001,0.32870858830977,C,no game designation yet (Full),tgt_sh 18.4%; team att 30.1; opp DvP 0.99; RZ tgt 2,0.9479829842591244,
Jakobi Meyers,JAX,CIN,WR,JAX@CIN,last_td,0.05719700849079409,1648,0.006172188225364001,0.32870858830977,C,no game designation yet (Full),tgt_sh 18.4%; team att 30.1; opp DvP 0.99; RZ tgt 2,0.9479829842591244,
Jakobi Meyers,JAX,CIN,WR,JAX@CIN,2plus_td,0.04172821270310192,2296,0.006172188225364001,0.32870858830977,C,no game designation yet (Full),tgt_sh 18.4%; team att 30.1; opp DvP 0.99; RZ tgt 2,0.9479829842591244,
Quintin Morris,JAX,CIN,TE,JAX@CIN,anytime_td,0.03455,2794,0.0,0.035,C,-,w_td 0.02; team TD 2.73,1.0,
Quintin Morris,JAX,CIN,TE,JAX@CIN,first_td,0.006071547619047619,16370,0.0,0.035,C,-,w_td 0.02; team TD 2.73,1.0,
Quintin Morris,JAX,CIN,TE,JAX@CIN,last_td,0.006071547619047619,16370,0.0,0.035,C,-,w_td 0.02; team TD 2.73,1.0,
Quintin Morris,JAX,CIN,TE,JAX@CIN,2plus_td,0.00045,222122,0.0,0.035,C,-,w_td 0.02; team TD 2.73,1.0,
Chris Rodriguez Jr.,JAX,CIN,RB,JAX@CIN,anytime_td,0.23435,327,0.25475,0.00815,B,-,car_sh 23.4%; team rush 28.8; opp d_ypc 1.05; inside-10 car 3,1.0,
Chris Rodriguez Jr.,JAX,CIN,RB,JAX@CIN,first_td,0.045459480796980804,2100,0.25475,0.00815,B,-,car_sh 23.4%; team rush 28.8; opp d_ypc 1.05; inside-10 car 3,1.0,
Chris Rodriguez Jr.,JAX,CIN,RB,JAX@CIN,last_td,0.045459480796980804,2100,0.25475,0.00815,B,-,car_sh 23.4%; team rush 28.8; opp d_ypc 1.05; inside-10 car 3,1.0,
Chris Rodriguez Jr.,JAX,CIN,RB,JAX@CIN,2plus_td,0.0268,3631,0.25475,0.00815,B,-,car_sh 23.4%; team rush 28.8; opp d_ypc 1.05; inside-10 car 3,1.0,
Brenton Strange,JAX,CIN,TE,JAX@CIN,anytime_td,0.23985,317,0.0,0.27055,C,-,tgt_sh 15.4%; team att 30.1; opp DvP 0.85; RZ tgt 2,1.0,
Brenton Strange,JAX,CIN,TE,JAX@CIN,first_td,0.04634971847596848,2058,0.0,0.27055,C,-,tgt_sh 15.4%; team att 30.1; opp DvP 0.85; RZ tgt 2,1.0,
Brenton Strange,JAX,CIN,TE,JAX@CIN,last_td,0.04634971847596848,2058,0.0,0.27055,C,-,tgt_sh 15.4%; team att 30.1; opp DvP 0.85; RZ tgt 2,1.0,
Brenton Strange,JAX,CIN,TE,JAX@CIN,2plus_td,0.0285,3409,0.0,0.27055,C,-,tgt_sh 15.4%; team att 30.1; opp DvP 0.85; RZ tgt 2,1.0,
Brian Thomas Jr.,JAX,CIN,WR,JAX@CIN,anytime_td,0.2276,339,0.0,0.2551,C,-,tgt_sh 17.8%; team att 30.1; opp DvP 0.99; RZ tgt 0,1.0,
Brian Thomas Jr.,JAX,CIN,WR,JAX@CIN,first_td,0.04318152319902319,2216,0.0,0.2551,C,-,tgt_sh 17.8%; team att 30.1; opp DvP 0.99; RZ tgt 0,1.0,
Brian Thomas Jr.,JAX,CIN,WR,JAX@CIN,last_td,0.04318152319902319,2216,0.0,0.2551,C,-,tgt_sh 17.8%; team att 30.1; opp DvP 0.99; RZ tgt 0,1.0,
Brian Thomas Jr.,JAX,CIN,WR,JAX@CIN,2plus_td,0.02575,3783,0.0,0.2551,C,-,tgt_sh 17.8%; team att 30.1; opp DvP 0.99; RZ tgt 0,1.0,
Bhayshul Tuten,JAX,CIN,RB,JAX@CIN,anytime_td,0.3985,151,0.38485,0.1094,B,-,tgt_sh 5.4%; team att 30.1; opp DvP 0.93; RZ tgt 1; car_sh 43.2%; team rush 28.8; opp d_ypc 1.05; inside-10 car 2,1.0,
Bhayshul Tuten,JAX,CIN,RB,JAX@CIN,first_td,0.08546265179265179,1070,0.38485,0.1094,B,-,tgt_sh 5.4%; team att 30.1; opp DvP 0.93; RZ tgt 1; car_sh 43.2%; team rush 28.8; opp d_ypc 1.05; inside-10 car 2,1.0,
Bhayshul Tuten,JAX,CIN,RB,JAX@CIN,last_td,0.08546265179265179,1070,0.38485,0.1094,B,-,tgt_sh 5.4%; team att 30.1; opp DvP 0.93; RZ tgt 1; car_sh 43.2%; team rush 28.8; opp d_ypc 1.05; inside-10 car 2,1.0,
Bhayshul Tuten,JAX,CIN,RB,JAX@CIN,2plus_td,0.08365,1095,0.38485,0.1094,B,-,tgt_sh 5.4%; team att 30.1; opp DvP 0.93; RZ tgt 1; car_sh 43.2%; team rush 28.8; opp d_ypc 1.05; inside-10 car 2,1.0,
Parker Washington,JAX,CIN,WR,JAX@CIN,anytime_td,0.3653,174,0.0,0.4483,B,-,tgt_sh 23.5%; team att 30.1; opp DvP 0.99; RZ tgt 3,1.0,
Parker Washington,JAX,CIN,WR,JAX@CIN,first_td,0.0759850301087801,1216,0.0,0.4483,B,-,tgt_sh 23.5%; team att 30.1; opp DvP 0.99; RZ tgt 3,1.0,
Parker Washington,JAX,CIN,WR,JAX@CIN,last_td,0.0759850301087801,1216,0.0,0.4483,B,-,tgt_sh 23.5%; team att 30.1; opp DvP 0.99; RZ tgt 3,1.0,
Parker Washington,JAX,CIN,WR,JAX@CIN,2plus_td,0.07245,1280,0.0,0.4483,B,-,tgt_sh 23.5%; team att 30.1; opp DvP 0.99; RZ tgt 3,1.0,
Joe Burrow,CIN,JAX,QB,JAX@CIN,anytime_td,0.04725,2016,0.04835,0.0,B,-,team att 33.0; ypa 7.91; opp d_ypa 1.10; pass rate 59.5%,1.0,
Joe Burrow,CIN,JAX,QB,JAX@CIN,first_td,0.008288639971139973,11965,0.04835,0.0,B,-,team att 33.0; ypa 7.91; opp d_ypa 1.10; pass rate 59.5%,1.0,
Joe Burrow,CIN,JAX,QB,JAX@CIN,last_td,0.008288639971139973,11965,0.04835,0.0,B,-,team att 33.0; ypa 7.91; opp d_ypa 1.10; pass rate 59.5%,1.0,
Joe Burrow,CIN,JAX,QB,JAX@CIN,2plus_td,0.0011,90809,0.04835,0.0,B,-,team att 33.0; ypa 7.91; opp d_ypa 1.10; pass rate 59.5%,1.0,
Erick All,CIN,JAX,TE,JAX@CIN,anytime_td,0.04005,2397,0.0,0.041,C,-,w_td 0.02; team TD 2.85,1.0,
Erick All,CIN,JAX,TE,JAX@CIN,first_td,0.007233775807525808,13724,0.0,0.041,C,-,w_td 0.02; team TD 2.85,1.0,
Erick All,CIN,JAX,TE,JAX@CIN,last_td,0.007233775807525808,13724,0.0,0.041,C,-,w_td 0.02; team TD 2.85,1.0,
Erick All,CIN,JAX,TE,JAX@CIN,2plus_td,0.00095,105163,0.0,0.041,C,-,w_td 0.02; team TD 2.85,1.0,
Tahj Brooks,CIN,JAX,RB,JAX@CIN,anytime_td,0.0266,3659,0.01825,0.0087,C,-,w_td 0.03; team TD 2.85,1.0,
Tahj Brooks,CIN,JAX,RB,JAX@CIN,first_td,0.004811782661782661,20682,0.01825,0.0087,C,-,w_td 0.03; team TD 2.85,1.0,
Tahj Brooks,CIN,JAX,RB,JAX@CIN,last_td,0.004811782661782661,20682,0.01825,0.0087,C,-,w_td 0.03; team TD 2.85,1.0,
Tahj Brooks,CIN,JAX,RB,JAX@CIN,2plus_td,0.00035,285614,0.01825,0.0087,C,-,w_td 0.03; team TD 2.85,1.0,
Chase Brown,CIN,JAX,RB,JAX@CIN,anytime_td,0.5704,-133,0.53825,0.26955,B,-,tgt_sh 12.7%; team att 33.0; opp DvP 0.98; RZ tgt 1; car_sh 64.7%; team rush 24.3; opp d_ypc 0.94; inside-10 car 3,1.0,
Chase Brown,CIN,JAX,RB,JAX@CIN,first_td,0.14006622696747695,614,0.53825,0.26955,B,-,tgt_sh 12.7%; team att 33.0; opp DvP 0.98; RZ tgt 1; car_sh 64.7%; team rush 24.3; opp d_ypc 0.94; inside-10 car 3,1.0,
Chase Brown,CIN,JAX,RB,JAX@CIN,last_td,0.14006622696747695,614,0.53825,0.26955,B,-,tgt_sh 12.7%; team att 33.0; opp DvP 0.98; RZ tgt 1; car_sh 64.7%; team rush 24.3; opp d_ypc 0.94; inside-10 car 3,1.0,
Chase Brown,CIN,JAX,RB,JAX@CIN,2plus_td,0.19045,425,0.53825,0.26955,B,-,tgt_sh 12.7%; team att 33.0; opp DvP 0.98; RZ tgt 1; car_sh 64.7%; team rush 24.3; opp d_ypc 0.94; inside-10 car 3,1.0,
Ja'Marr Chase,CIN,JAX,WR,JAX@CIN,anytime_td,0.49565,102,0.0,0.6629,B,-,tgt_sh 26.5%; team att 33.0; opp DvP 0.98; RZ tgt 4,1.0,
Ja'Marr Chase,CIN,JAX,WR,JAX@CIN,first_td,0.11462188061938061,772,0.0,0.6629,B,-,tgt_sh 26.5%; team att 33.0; opp DvP 0.98; RZ tgt 4,1.0,
Ja'Marr Chase,CIN,JAX,WR,JAX@CIN,last_td,0.11462188061938061,772,0.0,0.6629,B,-,tgt_sh 26.5%; team att 33.0; opp DvP 0.98; RZ tgt 4,1.0,
Ja'Marr Chase,CIN,JAX,WR,JAX@CIN,2plus_td,0.14005,614,0.0,0.6629,B,-,tgt_sh 26.5%; team att 33.0; opp DvP 0.98; RZ tgt 4,1.0,
Mike Gesicki,CIN,JAX,TE,JAX@CIN,anytime_td,0.27395,265,0.0,0.3139,C,-,tgt_sh 11.1%; team att 33.0; opp DvP 1.12; RZ tgt 2,1.0,
Mike Gesicki,CIN,JAX,TE,JAX@CIN,first_td,0.05399674644799645,1752,0.0,0.3139,C,-,tgt_sh 11.1%; team att 33.0; opp DvP 1.12; RZ tgt 2,1.0,
Mike Gesicki,CIN,JAX,TE,JAX@CIN,last_td,0.05399674644799645,1752,0.0,0.3139,C,-,tgt_sh 11.1%; team att 33.0; opp DvP 1.12; RZ tgt 2,1.0,
Mike Gesicki,CIN,JAX,TE,JAX@CIN,2plus_td,0.0366,2632,0.0,0.3139,C,-,tgt_sh 11.1%; team att 33.0; opp DvP 1.12; RZ tgt 2,1.0,
Tee Higgins,CIN,JAX,WR,JAX@CIN,anytime_td,0.3153,217,0.0,0.37125,B,-,tgt_sh 19.0%; team att 33.0; opp DvP 0.98; RZ tgt 1,1.0,
Tee Higgins,CIN,JAX,WR,JAX@CIN,first_td,0.06377083277833279,1468,0.0,0.37125,B,-,tgt_sh 19.0%; team att 33.0; opp DvP 0.98; RZ tgt 1,1.0,
Tee Higgins,CIN,JAX,WR,JAX@CIN,last_td,0.06377083277833279,1468,0.0,0.37125,B,-,tgt_sh 19.0%; team att 33.0; opp DvP 0.98; RZ tgt 1,1.0,
Tee Higgins,CIN,JAX,WR,JAX@CIN,2plus_td,0.0504,1884,0.0,0.37125,B,-,tgt_sh 19.0%; team att 33.0; opp DvP 0.98; RZ tgt 1,1.0,
Tanner Hudson,CIN,JAX,TE,JAX@CIN,anytime_td,0.0688,1353,0.0,0.0706,C,-,tgt_sh 3.7%; team att 33.0; opp DvP 1.12; RZ tgt 0,1.0,
Tanner Hudson,CIN,JAX,TE,JAX@CIN,first_td,0.012325021645021644,8014,0.0,0.0706,C,-,tgt_sh 3.7%; team att 33.0; opp DvP 1.12; RZ tgt 0,1.0,
Tanner Hudson,CIN,JAX,TE,JAX@CIN,last_td,0.012325021645021644,8014,0.0,0.0706,C,-,tgt_sh 3.7%; team att 33.0; opp DvP 1.12; RZ tgt 0,1.0,
Tanner Hudson,CIN,JAX,TE,JAX@CIN,2plus_td,0.00175,57043,0.0,0.0706,C,-,tgt_sh 3.7%; team att 33.0; opp DvP 1.12; RZ tgt 0,1.0,
Dohnte Meyers,CIN,JAX,WR,JAX@CIN,anytime_td,0.099,910,0.0054,0.0985,C,-,tgt_sh 5.6%; team att 33.0; opp DvP 0.98; RZ tgt 0,1.0,
Dohnte Meyers,CIN,JAX,WR,JAX@CIN,first_td,0.018005501304251305,5454,0.0054,0.0985,C,-,tgt_sh 5.6%; team att 33.0; opp DvP 0.98; RZ tgt 0,1.0,
Dohnte Meyers,CIN,JAX,WR,JAX@CIN,last_td,0.018005501304251305,5454,0.0054,0.0985,C,-,tgt_sh 5.6%; team att 33.0; opp DvP 0.98; RZ tgt 0,1.0,
Dohnte Meyers,CIN,JAX,WR,JAX@CIN,2plus_td,0.0048,20733,0.0054,0.0985,C,-,tgt_sh 5.6%; team att 33.0; opp DvP 0.98; RZ tgt 0,1.0,
Samaje Perine,CIN,JAX,RB,JAX@CIN,anytime_td,0.23645,323,0.1656,0.09915,B,-,tgt_sh 5.7%; team att 33.0; opp DvP 0.98; RZ tgt 0; car_sh 20.6%; team rush 24.3; opp d_ypc 0.94; inside-10 car 1,1.0,
Samaje Perine,CIN,JAX,RB,JAX@CIN,first_td,0.04569439255189255,2088,0.1656,0.09915,B,-,tgt_sh 5.7%; team att 33.0; opp DvP 0.98; RZ tgt 0; car_sh 20.6%; team rush 24.3; opp d_ypc 0.94; inside-10 car 1,1.0,
Samaje Perine,CIN,JAX,RB,JAX@CIN,last_td,0.04569439255189255,2088,0.1656,0.09915,B,-,tgt_sh 5.7%; team att 33.0; opp DvP 0.98; RZ tgt 0; car_sh 20.6%; team rush 24.3; opp d_ypc 0.94; inside-10 car 1,1.0,
Samaje Perine,CIN,JAX,RB,JAX@CIN,2plus_td,0.0262,3717,0.1656,0.09915,B,-,tgt_sh 5.7%; team att 33.0; opp DvP 0.98; RZ tgt 0; car_sh 20.6%; team rush 24.3; opp d_ypc 0.94; inside-10 car 1,1.0,
Drew Sample,CIN,JAX,TE,JAX@CIN,anytime_td,0.1153,767,0.0,0.12275,C,-,tgt_sh 3.7%; team att 33.0; opp DvP 1.12; RZ tgt 1,1.0,
Drew Sample,CIN,JAX,TE,JAX@CIN,first_td,0.0209623001998002,4670,0.0,0.12275,C,-,tgt_sh 3.7%; team att 33.0; opp DvP 1.12; RZ tgt 1,1.0,
Drew Sample,CIN,JAX,TE,JAX@CIN,last_td,0.0209623001998002,4670,0.0,0.12275,C,-,tgt_sh 3.7%; team att 33.0; opp DvP 1.12; RZ tgt 1,1.0,
Drew Sample,CIN,JAX,TE,JAX@CIN,2plus_td,0.0071,13985,0.0,0.12275,C,-,tgt_sh 3.7%; team att 33.0; opp DvP 1.12; RZ tgt 1,1.0,
Dak Prescott,DAL,HOU,QB,DAL@HOU,anytime_td,0.07335,1263,0.0755,0.0,B,-,team att 34.8; ypa 7.53; opp d_ypa 1.06; pass rate 60.2%,1.0,
Dak Prescott,DAL,HOU,QB,DAL@HOU,first_td,0.01366249333999334,7219,0.0755,0.0,B,-,team att 34.8; ypa 7.53; opp d_ypa 1.06; pass rate 60.2%,1.0,
Dak Prescott,DAL,HOU,QB,DAL@HOU,last_td,0.01366249333999334,7219,0.0755,0.0,B,-,team att 34.8; ypa 7.53; opp d_ypa 1.06; pass rate 60.2%,1.0,
Dak Prescott,DAL,HOU,QB,DAL@HOU,2plus_td,0.00215,46412,0.0755,0.0,B,-,team att 34.8; ypa 7.53; opp d_ypa 1.06; pass rate 60.2%,1.0,
Emari Demercado,DAL,HOU,RB,DAL@HOU,anytime_td,0.0833,1100,0.069,0.01805,C,-,car_sh 12.4%; team rush 24.2; opp d_ypc 0.92; inside-10 car 0,1.0,
Emari Demercado,DAL,HOU,RB,DAL@HOU,first_td,0.016044012654012653,6133,0.069,0.01805,C,-,car_sh 12.4%; team rush 24.2; opp d_ypc 0.92; inside-10 car 0,1.0,
Emari Demercado,DAL,HOU,RB,DAL@HOU,last_td,0.016044012654012653,6133,0.069,0.01805,C,-,car_sh 12.4%; team rush 24.2; opp d_ypc 0.92; inside-10 car 0,1.0,
Emari Demercado,DAL,HOU,RB,DAL@HOU,2plus_td,0.0037,26927,0.069,0.01805,C,-,car_sh 12.4%; team rush 24.2; opp d_ypc 0.92; inside-10 car 0,1.0,
Jake Ferguson,DAL,HOU,TE,DAL@HOU,anytime_td,0.2299,335,0.0,0.25625,B,-,tgt_sh 12.9%; team att 34.8; opp DvP 1.08; RZ tgt 4,1.0,
Jake Ferguson,DAL,HOU,TE,DAL@HOU,first_td,0.04611937812187812,2068,0.0,0.25625,B,-,tgt_sh 12.9%; team att 34.8; opp DvP 1.08; RZ tgt 4,1.0,
Jake Ferguson,DAL,HOU,TE,DAL@HOU,last_td,0.04611937812187812,2068,0.0,0.25625,B,-,tgt_sh 12.9%; team att 34.8; opp DvP 1.08; RZ tgt 4,1.0,
Jake Ferguson,DAL,HOU,TE,DAL@HOU,2plus_td,0.0247,3949,0.0,0.25625,B,-,tgt_sh 12.9%; team att 34.8; opp DvP 1.08; RZ tgt 4,1.0,
Ryan Flournoy,DAL,HOU,WR,DAL@HOU,anytime_td,0.22615,342,0.0,0.2547,B,-,tgt_sh 13.7%; team att 34.8; opp DvP 0.97; RZ tgt 4,1.0,
Ryan Flournoy,DAL,HOU,WR,DAL@HOU,first_td,0.04521883741258741,2111,0.0,0.2547,B,-,tgt_sh 13.7%; team att 34.8; opp DvP 0.97; RZ tgt 4,1.0,
Ryan Flournoy,DAL,HOU,WR,DAL@HOU,last_td,0.04521883741258741,2111,0.0,0.2547,B,-,tgt_sh 13.7%; team att 34.8; opp DvP 0.97; RZ tgt 4,1.0,
Ryan Flournoy,DAL,HOU,WR,DAL@HOU,2plus_td,0.02575,3783,0.0,0.2547,B,-,tgt_sh 13.7%; team att 34.8; opp DvP 0.97; RZ tgt 4,1.0,
Tyler Goodson,DAL,HOU,RB,DAL@HOU,anytime_td,0.107,835,0.08985,0.0225,C,-,car_sh 15.5%; team rush 24.2; opp d_ypc 0.92; inside-10 car 0,1.0,
Tyler Goodson,DAL,HOU,RB,DAL@HOU,first_td,0.020574765373515373,4760,0.08985,0.0225,C,-,car_sh 15.5%; team rush 24.2; opp d_ypc 0.92; inside-10 car 0,1.0,
Tyler Goodson,DAL,HOU,RB,DAL@HOU,last_td,0.020574765373515373,4760,0.08985,0.0225,C,-,car_sh 15.5%; team rush 24.2; opp d_ypc 0.92; inside-10 car 0,1.0,
Tyler Goodson,DAL,HOU,RB,DAL@HOU,2plus_td,0.00525,18948,0.08985,0.0225,C,-,car_sh 15.5%; team rush 24.2; opp d_ypc 0.92; inside-10 car 0,1.0,
CeeDee Lamb,DAL,HOU,WR,DAL@HOU,anytime_td,0.30015,233,0.00565,0.3423,B,-,tgt_sh 23.5%; team att 34.8; opp DvP 0.97; RZ tgt 3,1.0,
CeeDee Lamb,DAL,HOU,WR,DAL@HOU,first_td,0.06275091436341436,1494,0.00565,0.3423,B,-,tgt_sh 23.5%; team att 34.8; opp DvP 0.97; RZ tgt 3,1.0,
CeeDee Lamb,DAL,HOU,WR,DAL@HOU,last_td,0.06275091436341436,1494,0.00565,0.3423,B,-,tgt_sh 23.5%; team att 34.8; opp DvP 0.97; RZ tgt 3,1.0,
CeeDee Lamb,DAL,HOU,WR,DAL@HOU,2plus_td,0.044,2173,0.00565,0.3423,B,-,tgt_sh 23.5%; team att 34.8; opp DvP 0.97; RZ tgt 3,1.0,
Hunter Luepke,DAL,HOU,RB,DAL@HOU,anytime_td,0.0336,2876,0.02015,0.0139,C,-,w_td 0.04; team TD 2.35,1.0,
Hunter Luepke,DAL,HOU,RB,DAL@HOU,first_td,0.006185314407814408,16067,0.02015,0.0139,C,-,w_td 0.04; team TD 2.35,1.0,
Hunter Luepke,DAL,HOU,RB,DAL@HOU,last_td,0.006185314407814408,16067,0.02015,0.0139,C,-,w_td 0.04; team TD 2.35,1.0,
Hunter Luepke,DAL,HOU,RB,DAL@HOU,2plus_td,0.00045,222122,0.02015,0.0139,C,-,w_td 0.04; team TD 2.35,1.0,
Jonathan Mingo,DAL,HOU,WR,DAL@HOU,anytime_td,0.02195,4456,0.0,0.0222,C,-,w_td 0.02; team TD 2.35,1.0,
Jonathan Mingo,DAL,HOU,WR,DAL@HOU,first_td,0.0038613209013209017,25798,0.0,0.0222,C,-,w_td 0.02; team TD 2.35,1.0,
Jonathan Mingo,DAL,HOU,WR,DAL@HOU,last_td,0.0038613209013209017,25798,0.0,0.0222,C,-,w_td 0.02; team TD 2.35,1.0,
Jonathan Mingo,DAL,HOU,WR,DAL@HOU,2plus_td,0.00025,399900,0.0,0.0222,C,-,w_td 0.02; team TD 2.35,1.0,
George Pickens,DAL,HOU,WR,DAL@HOU,anytime_td,0.28255,254,0.0,0.3254,B,-,tgt_sh 21.9%; team att 34.8; opp DvP 0.97; RZ tgt 3,1.0,
George Pickens,DAL,HOU,WR,DAL@HOU,first_td,0.05843011932511932,1611,0.0,0.3254,B,-,tgt_sh 21.9%; team att 34.8; opp DvP 0.97; RZ tgt 3,1.0,
George Pickens,DAL,HOU,WR,DAL@HOU,last_td,0.05843011932511932,1611,0.0,0.3254,B,-,tgt_sh 21.9%; team att 34.8; opp DvP 0.97; RZ tgt 3,1.0,
George Pickens,DAL,HOU,WR,DAL@HOU,2plus_td,0.0396,2425,0.0,0.3254,B,-,tgt_sh 21.9%; team att 34.8; opp DvP 0.97; RZ tgt 3,1.0,
Luke Schoonmaker,DAL,HOU,TE,DAL@HOU,anytime_td,0.0335,2885,0.0,0.03395,C,-,w_td 0.02; team TD 2.35,1.0,
Luke Schoonmaker,DAL,HOU,TE,DAL@HOU,first_td,0.006082821067821068,16340,0.0,0.03395,C,-,w_td 0.02; team TD 2.35,1.0,
Luke Schoonmaker,DAL,HOU,TE,DAL@HOU,last_td,0.006082821067821068,16340,0.0,0.03395,C,-,w_td 0.02; team TD 2.35,1.0,
Luke Schoonmaker,DAL,HOU,TE,DAL@HOU,2plus_td,0.00045,222122,0.0,0.03395,C,-,w_td 0.02; team TD 2.35,1.0,
Brevyn Spann-Ford,DAL,HOU,TE,DAL@HOU,anytime_td,0.03655,2636,0.0,0.0373,C,-,tgt_sh 3.3%; team att 34.8; opp DvP 1.08; RZ tgt 0,1.0,
Brevyn Spann-Ford,DAL,HOU,TE,DAL@HOU,first_td,0.006392317821067821,15544,0.0,0.0373,C,-,tgt_sh 3.3%; team att 34.8; opp DvP 1.08; RZ tgt 0,1.0,
Brevyn Spann-Ford,DAL,HOU,TE,DAL@HOU,last_td,0.006392317821067821,15544,0.0,0.0373,C,-,tgt_sh 3.3%; team att 34.8; opp DvP 1.08; RZ tgt 0,1.0,
Brevyn Spann-Ford,DAL,HOU,TE,DAL@HOU,2plus_td,0.00075,133233,0.0,0.0373,C,-,tgt_sh 3.3%; team att 34.8; opp DvP 1.08; RZ tgt 0,1.0,
KaVontae Turpin,DAL,HOU,WR,DAL@HOU,anytime_td,0.0997,903,0.02535,0.0797,C,-,tgt_sh 4.8%; team att 34.8; opp DvP 0.97; RZ tgt 1,1.0,
KaVontae Turpin,DAL,HOU,WR,DAL@HOU,first_td,0.01880021450771451,5219,0.02535,0.0797,C,-,tgt_sh 4.8%; team att 34.8; opp DvP 0.97; RZ tgt 1,1.0,
KaVontae Turpin,DAL,HOU,WR,DAL@HOU,last_td,0.01880021450771451,5219,0.02535,0.0797,C,-,tgt_sh 4.8%; team att 34.8; opp DvP 0.97; RZ tgt 1,1.0,
KaVontae Turpin,DAL,HOU,WR,DAL@HOU,2plus_td,0.0051,19508,0.02535,0.0797,C,-,tgt_sh 4.8%; team att 34.8; opp DvP 0.97; RZ tgt 1,1.0,
Javonte Williams,DAL,HOU,RB,DAL@HOU,anytime_td,0.4919,103,0.4511,0.203,B,-,tgt_sh 10.4%; team att 34.8; opp DvP 1.06; RZ tgt 3; car_sh 54.2%; team rush 24.2; opp d_ypc 0.92; inside-10 car 7,1.0,
Javonte Williams,DAL,HOU,RB,DAL@HOU,first_td,0.11830292277167277,745,0.4511,0.203,B,-,tgt_sh 10.4%; team att 34.8; opp DvP 1.06; RZ tgt 3; car_sh 54.2%; team rush 24.2; opp d_ypc 0.92; inside-10 car 7,1.0,
Javonte Williams,DAL,HOU,RB,DAL@HOU,last_td,0.11830292277167277,745,0.4511,0.203,B,-,tgt_sh 10.4%; team att 34.8; opp DvP 1.06; RZ tgt 3; car_sh 54.2%; team rush 24.2; opp d_ypc 0.92; inside-10 car 7,1.0,
Javonte Williams,DAL,HOU,RB,DAL@HOU,2plus_td,0.1371,629,0.4511,0.203,B,-,tgt_sh 10.4%; team att 34.8; opp DvP 1.06; RZ tgt 3; car_sh 54.2%; team rush 24.2; opp d_ypc 0.92; inside-10 car 7,1.0,
C.J. Stroud,HOU,DAL,QB,DAL@HOU,anytime_td,0.0944,959,0.09875,0.0,B,-,team att 36.9; ypa 7.04; opp d_ypa 1.02; pass rate 61.6%,1.0,
C.J. Stroud,HOU,DAL,QB,DAL@HOU,first_td,0.01823336815961816,5384,0.09875,0.0,B,-,team att 36.9; ypa 7.04; opp d_ypa 1.02; pass rate 61.6%,1.0,
C.J. Stroud,HOU,DAL,QB,DAL@HOU,last_td,0.01823336815961816,5384,0.09875,0.0,B,-,team att 36.9; ypa 7.04; opp d_ypa 1.02; pass rate 61.6%,1.0,
C.J. Stroud,HOU,DAL,QB,DAL@HOU,2plus_td,0.0043,23156,0.09875,0.0,B,-,team att 36.9; ypa 7.04; opp d_ypa 1.02; pass rate 61.6%,1.0,
Lewis Bond,HOU,DAL,WR,DAL@HOU,anytime_td,0.02535,3845,0.0,0.02555,C,-,w_td 0.02; team TD 2.92,1.0,
Lewis Bond,HOU,DAL,WR,DAL@HOU,first_td,0.004509356060606061,22076,0.0,0.02555,C,-,w_td 0.02; team TD 2.92,1.0,
Lewis Bond,HOU,DAL,WR,DAL@HOU,last_td,0.004509356060606061,22076,0.0,0.02555,C,-,w_td 0.02; team TD 2.92,1.0,
Lewis Bond,HOU,DAL,WR,DAL@HOU,2plus_td,0.0002,499900,0.0,0.02555,C,-,w_td 0.02; team TD 2.92,1.0,
Kayshon Boutte,HOU,DAL,WR,DAL@HOU,anytime_td,0.16675,500,0.0,0.18125,C,-,tgt_sh 7.4%; team att 36.9; opp DvP 1.09; RZ tgt 2,1.0,
Kayshon Boutte,HOU,DAL,WR,DAL@HOU,first_td,0.03253298326673326,2974,0.0,0.18125,C,-,tgt_sh 7.4%; team att 36.9; opp DvP 1.09; RZ tgt 2,1.0,
Kayshon Boutte,HOU,DAL,WR,DAL@HOU,last_td,0.03253298326673326,2974,0.0,0.18125,C,-,tgt_sh 7.4%; team att 36.9; opp DvP 1.09; RZ tgt 2,1.0,
Kayshon Boutte,HOU,DAL,WR,DAL@HOU,2plus_td,0.0142,6942,0.0,0.18125,C,-,tgt_sh 7.4%; team att 36.9; opp DvP 1.09; RZ tgt 2,1.0,
Nico Collins,HOU,DAL,WR,DAL@HOU,anytime_td,0.3275480059084195,205,0.012502637687275796,0.37914116902300066,C,no game designation yet (Full),tgt_sh 21.8%; team att 36.9; opp DvP 1.09; RZ tgt 2,0.9479829842591244,
Nico Collins,HOU,DAL,WR,DAL@HOU,first_td,0.0704240879106357,1320,0.012502637687275796,0.37914116902300066,C,no game designation yet (Full),tgt_sh 21.8%; team att 36.9; opp DvP 1.09; RZ tgt 2,0.9479829842591244,
Nico Collins,HOU,DAL,WR,DAL@HOU,last_td,0.0704240879106357,1320,0.012502637687275796,0.37914116902300066,C,no game designation yet (Full),tgt_sh 21.8%; team att 36.9; opp DvP 1.09; RZ tgt 2,0.9479829842591244,
Nico Collins,HOU,DAL,WR,DAL@HOU,2plus_td,0.057026798902722095,1654,0.012502637687275796,0.37914116902300066,C,no game designation yet (Full),tgt_sh 21.8%; team att 36.9; opp DvP 1.09; RZ tgt 2,0.9479829842591244,
Xavier Hutchinson,HOU,DAL,WR,DAL@HOU,anytime_td,0.2118,372,0.0161,0.22035,B,-,tgt_sh 12.9%; team att 36.9; opp DvP 1.09; RZ tgt 1,1.0,
Xavier Hutchinson,HOU,DAL,WR,DAL@HOU,first_td,0.042377945387945384,2260,0.0161,0.22035,B,-,tgt_sh 12.9%; team att 36.9; opp DvP 1.09; RZ tgt 1,1.0,
Xavier Hutchinson,HOU,DAL,WR,DAL@HOU,last_td,0.042377945387945384,2260,0.0161,0.22035,B,-,tgt_sh 12.9%; team att 36.9; opp DvP 1.09; RZ tgt 1,1.0,
Xavier Hutchinson,HOU,DAL,WR,DAL@HOU,2plus_td,0.023,4248,0.0161,0.22035,B,-,tgt_sh 12.9%; team att 36.9; opp DvP 1.09; RZ tgt 1,1.0,
Woody Marks,HOU,DAL,RB,DAL@HOU,anytime_td,0.40335,148,0.37325,0.13085,B,-,tgt_sh 5.2%; team att 36.9; opp DvP 0.84; RZ tgt 2; car_sh 32.5%; team rush 24.3; opp d_ypc 1.11; inside-10 car 2,1.0,
Woody Marks,HOU,DAL,RB,DAL@HOU,first_td,0.09295188200688201,976,0.37325,0.13085,B,-,tgt_sh 5.2%; team att 36.9; opp DvP 0.84; RZ tgt 2; car_sh 32.5%; team rush 24.3; opp d_ypc 1.11; inside-10 car 2,1.0,
Woody Marks,HOU,DAL,RB,DAL@HOU,last_td,0.09295188200688201,976,0.37325,0.13085,B,-,tgt_sh 5.2%; team att 36.9; opp DvP 0.84; RZ tgt 2; car_sh 32.5%; team rush 24.3; opp d_ypc 1.11; inside-10 car 2,1.0,
Woody Marks,HOU,DAL,RB,DAL@HOU,2plus_td,0.08815,1034,0.37325,0.13085,B,-,tgt_sh 5.2%; team att 36.9; opp DvP 0.84; RZ tgt 2; car_sh 32.5%; team rush 24.3; opp d_ypc 1.11; inside-10 car 2,1.0,
David Montgomery,HOU,DAL,RB,DAL@HOU,anytime_td,0.5034,-101,0.5864,0.09535,B,-,tgt_sh 4.7%; team att 36.9; opp DvP 0.84; RZ tgt 1; car_sh 48.1%; team rush 24.3; opp d_ypc 1.11; inside-10 car 4,1.0,
David Montgomery,HOU,DAL,RB,DAL@HOU,first_td,0.1250837021312021,699,0.5864,0.09535,B,-,tgt_sh 4.7%; team att 36.9; opp DvP 0.84; RZ tgt 1; car_sh 48.1%; team rush 24.3; opp d_ypc 1.11; inside-10 car 4,1.0,
David Montgomery,HOU,DAL,RB,DAL@HOU,last_td,0.1250837021312021,699,0.5864,0.09535,B,-,tgt_sh 4.7%; team att 36.9; opp DvP 0.84; RZ tgt 1; car_sh 48.1%; team rush 24.3; opp d_ypc 1.11; inside-10 car 4,1.0,
David Montgomery,HOU,DAL,RB,DAL@HOU,2plus_td,0.14795,576,0.5864,0.09535,B,-,tgt_sh 4.7%; team att 36.9; opp DvP 0.84; RZ tgt 1; car_sh 48.1%; team rush 24.3; opp d_ypc 1.11; inside-10 car 4,1.0,
Foster Moreau,HOU,DAL,TE,DAL@HOU,anytime_td,0.1615,519,0.0,0.1745,C,-,tgt_sh 6.8%; team att 36.9; opp DvP 1.00; RZ tgt 2,1.0,
Foster Moreau,HOU,DAL,TE,DAL@HOU,first_td,0.03191118381618381,3034,0.0,0.1745,C,-,tgt_sh 6.8%; team att 36.9; opp DvP 1.00; RZ tgt 2,1.0,
Foster Moreau,HOU,DAL,TE,DAL@HOU,last_td,0.03191118381618381,3034,0.0,0.1745,C,-,tgt_sh 6.8%; team att 36.9; opp DvP 1.00; RZ tgt 2,1.0,
Foster Moreau,HOU,DAL,TE,DAL@HOU,2plus_td,0.01245,7932,0.0,0.1745,C,-,tgt_sh 6.8%; team att 36.9; opp DvP 1.00; RZ tgt 2,1.0,
Jaylin Noel,HOU,DAL,WR,DAL@HOU,anytime_td,0.0938,966,0.01715,0.08005,C,-,tgt_sh 5.6%; team att 36.9; opp DvP 1.09; RZ tgt 0,1.0,
Jaylin Noel,HOU,DAL,WR,DAL@HOU,first_td,0.01797853535353535,5462,0.01715,0.08005,C,-,tgt_sh 5.6%; team att 36.9; opp DvP 1.09; RZ tgt 0,1.0,
Jaylin Noel,HOU,DAL,WR,DAL@HOU,last_td,0.01797853535353535,5462,0.01715,0.08005,C,-,tgt_sh 5.6%; team att 36.9; opp DvP 1.09; RZ tgt 0,1.0,
Jaylin Noel,HOU,DAL,WR,DAL@HOU,2plus_td,0.0034,29312,0.01715,0.08005,C,-,tgt_sh 5.6%; team att 36.9; opp DvP 1.09; RZ tgt 0,1.0,
Dalton Schultz,HOU,DAL,TE,DAL@HOU,anytime_td,0.26199801556217034,282,0.0,0.2975612303514544,B,no game designation yet (Limited),tgt_sh 18.8%; team att 36.9; opp DvP 1.00; RZ tgt 1,0.9575230478992892,
Dalton Schultz,HOU,DAL,TE,DAL@HOU,first_td,0.05467073963862309,1729,0.0,0.2975612303514544,B,no game designation yet (Limited),tgt_sh 18.8%; team att 36.9; opp DvP 1.00; RZ tgt 1,0.9575230478992892,
Dalton Schultz,HOU,DAL,TE,DAL@HOU,last_td,0.05467073963862309,1729,0.0,0.2975612303514544,B,no game designation yet (Limited),tgt_sh 18.8%; team att 36.9; opp DvP 1.00; RZ tgt 1,0.9575230478992892,
Dalton Schultz,HOU,DAL,TE,DAL@HOU,2plus_td,0.032743224189252705,2954,0.0,0.2975612303514544,B,no game designation yet (Limited),tgt_sh 18.8%; team att 36.9; opp DvP 1.00; RZ tgt 1,0.9575230478992892,
Cade Stover,HOU,DAL,TE,DAL@HOU,anytime_td,0.03475,2778,0.0,0.03545,C,-,w_td 0.02; team TD 2.92,1.0,
Cade Stover,HOU,DAL,TE,DAL@HOU,first_td,0.006574639249639249,15110,0.0,0.03545,C,-,w_td 0.02; team TD 2.92,1.0,
Cade Stover,HOU,DAL,TE,DAL@HOU,last_td,0.006574639249639249,15110,0.0,0.03545,C,-,w_td 0.02; team TD 2.92,1.0,
Cade Stover,HOU,DAL,TE,DAL@HOU,2plus_td,0.0007,142757,0.0,0.03545,C,-,w_td 0.02; team TD 2.92,1.0,
Jared Wayne,HOU,DAL,WR,DAL@HOU,anytime_td,0.18515,440,0.0,0.20135,C,-,tgt_sh 10.9%; team att 36.9; opp DvP 1.09; RZ tgt 1,1.0,
Jared Wayne,HOU,DAL,WR,DAL@HOU,first_td,0.03625459027084027,2658,0.0,0.20135,C,-,tgt_sh 10.9%; team att 36.9; opp DvP 1.09; RZ tgt 1,1.0,
Jared Wayne,HOU,DAL,WR,DAL@HOU,last_td,0.03625459027084027,2658,0.0,0.20135,C,-,tgt_sh 10.9%; team att 36.9; opp DvP 1.09; RZ tgt 1,1.0,
Jared Wayne,HOU,DAL,WR,DAL@HOU,2plus_td,0.01535,6415,0.0,0.20135,C,-,tgt_sh 10.9%; team att 36.9; opp DvP 1.09; RZ tgt 1,1.0,
Jacoby Brissett,ARI,NYG,QB,ARI@NYG,anytime_td,0.1042,860,0.10955,0.0,B,-,team att 35.1; ypa 6.20; opp d_ypa 0.98; pass rate 59.0%,1.0,
Jacoby Brissett,ARI,NYG,QB,ARI@NYG,first_td,0.02352550921300921,4151,0.10955,0.0,B,-,team att 35.1; ypa 6.20; opp d_ypa 0.98; pass rate 59.0%,1.0,
Jacoby Brissett,ARI,NYG,QB,ARI@NYG,last_td,0.02352550921300921,4151,0.10955,0.0,B,-,team att 35.1; ypa 6.20; opp d_ypa 0.98; pass rate 59.0%,1.0,
Jacoby Brissett,ARI,NYG,QB,ARI@NYG,2plus_td,0.0051,19508,0.10955,0.0,B,-,team att 35.1; ypa 6.20; opp d_ypa 0.98; pass rate 59.0%,1.0,
Tyler Allgeier,ARI,NYG,RB,ARI@NYG,anytime_td,0.2564,290,0.19025,0.1018,B,-,tgt_sh 5.0%; team att 35.1; opp DvP 0.93; RZ tgt 2; car_sh 26.3%; team rush 25.3; opp d_ypc 1.05; inside-10 car 2,1.0,
Tyler Allgeier,ARI,NYG,RB,ARI@NYG,first_td,0.061614843906093904,1523,0.19025,0.1018,B,-,tgt_sh 5.0%; team att 35.1; opp DvP 0.93; RZ tgt 2; car_sh 26.3%; team rush 25.3; opp d_ypc 1.05; inside-10 car 2,1.0,
Tyler Allgeier,ARI,NYG,RB,ARI@NYG,last_td,0.061614843906093904,1523,0.19025,0.1018,B,-,tgt_sh 5.0%; team att 35.1; opp DvP 0.93; RZ tgt 2; car_sh 26.3%; team rush 25.3; opp d_ypc 1.05; inside-10 car 2,1.0,
Tyler Allgeier,ARI,NYG,RB,ARI@NYG,2plus_td,0.0332,2912,0.19025,0.1018,B,-,tgt_sh 5.0%; team att 35.1; opp DvP 0.93; RZ tgt 2; car_sh 26.3%; team rush 25.3; opp d_ypc 1.05; inside-10 car 2,1.0,
Kendrick Bourne,ARI,NYG,WR,ARI@NYG,anytime_td,0.17545,470,0.0,0.19255,C,-,tgt_sh 11.6%; team att 35.1; opp DvP 1.08; RZ tgt 2,1.0,
Kendrick Bourne,ARI,NYG,WR,ARI@NYG,first_td,0.03997241036741036,2402,0.0,0.19255,C,-,tgt_sh 11.6%; team att 35.1; opp DvP 1.08; RZ tgt 2,1.0,
Kendrick Bourne,ARI,NYG,WR,ARI@NYG,last_td,0.03997241036741036,2402,0.0,0.19255,C,-,tgt_sh 11.6%; team att 35.1; opp DvP 1.08; RZ tgt 2,1.0,
Kendrick Bourne,ARI,NYG,WR,ARI@NYG,2plus_td,0.01585,6209,0.0,0.19255,C,-,tgt_sh 11.6%; team att 35.1; opp DvP 1.08; RZ tgt 2,1.0,
Jalen Brooks,ARI,NYG,WR,ARI@NYG,anytime_td,0.02015,4863,0.0,0.02035,C,-,w_td 0.02; team TD 2.42,1.0,
Jalen Brooks,ARI,NYG,WR,ARI@NYG,first_td,0.004334107142857142,22973,0.0,0.02035,C,-,w_td 0.02; team TD 2.42,1.0,
Jalen Brooks,ARI,NYG,WR,ARI@NYG,last_td,0.004334107142857142,22973,0.0,0.02035,C,-,w_td 0.02; team TD 2.42,1.0,
Jalen Brooks,ARI,NYG,WR,ARI@NYG,2plus_td,0.0002,499900,0.0,0.02035,C,-,w_td 0.02; team TD 2.42,1.0,
Marvin Harrison Jr.,ARI,NYG,WR,ARI@NYG,anytime_td,0.1351,640,0.0,0.14365,C,-,tgt_sh 11.8%; team att 35.1; opp DvP 1.08; RZ tgt 0,1.0,
Marvin Harrison Jr.,ARI,NYG,WR,ARI@NYG,first_td,0.030509511044511044,3178,0.0,0.14365,C,-,tgt_sh 11.8%; team att 35.1; opp DvP 1.08; RZ tgt 0,1.0,
Marvin Harrison Jr.,ARI,NYG,WR,ARI@NYG,last_td,0.030509511044511044,3178,0.0,0.14365,C,-,tgt_sh 11.8%; team att 35.1; opp DvP 1.08; RZ tgt 0,1.0,
Marvin Harrison Jr.,ARI,NYG,WR,ARI@NYG,2plus_td,0.0082,12095,0.0,0.14365,C,-,tgt_sh 11.8%; team att 35.1; opp DvP 1.08; RZ tgt 0,1.0,
Elijah Higgins,ARI,NYG,TE,ARI@NYG,anytime_td,0.0447,2137,0.0,0.04525,C,-,tgt_sh 3.8%; team att 35.1; opp DvP 1.09; RZ tgt 0,1.0,
Elijah Higgins,ARI,NYG,TE,ARI@NYG,first_td,0.00965613997113997,10256,0.0,0.04525,C,-,tgt_sh 3.8%; team att 35.1; opp DvP 1.09; RZ tgt 0,1.0,
Elijah Higgins,ARI,NYG,TE,ARI@NYG,last_td,0.00965613997113997,10256,0.0,0.04525,C,-,tgt_sh 3.8%; team att 35.1; opp DvP 1.09; RZ tgt 0,1.0,
Elijah Higgins,ARI,NYG,TE,ARI@NYG,2plus_td,0.00055,181718,0.0,0.04525,C,-,tgt_sh 3.8%; team att 35.1; opp DvP 1.09; RZ tgt 0,1.0,
Bam Knight,ARI,NYG,RB,ARI@NYG,anytime_td,0.08565,1068,0.0577,0.031,C,-,car_sh 9.8%; team rush 25.3; opp d_ypc 1.05; inside-10 car 0,1.0,
Bam Knight,ARI,NYG,RB,ARI@NYG,first_td,0.018414107004107002,5331,0.0577,0.031,C,-,car_sh 9.8%; team rush 25.3; opp d_ypc 1.05; inside-10 car 0,1.0,
Bam Knight,ARI,NYG,RB,ARI@NYG,last_td,0.018414107004107002,5331,0.0577,0.031,C,-,car_sh 9.8%; team rush 25.3; opp d_ypc 1.05; inside-10 car 0,1.0,
Bam Knight,ARI,NYG,RB,ARI@NYG,2plus_td,0.0029,34383,0.0577,0.031,C,-,car_sh 9.8%; team rush 25.3; opp d_ypc 1.05; inside-10 car 0,1.0,
Hunter Long,ARI,NYG,TE,ARI@NYG,anytime_td,0.03115,3110,0.0,0.03165,C,-,w_td 0.02; team TD 2.42,1.0,
Hunter Long,ARI,NYG,TE,ARI@NYG,first_td,0.006531212121212121,15211,0.0,0.03165,C,-,w_td 0.02; team TD 2.42,1.0,
Hunter Long,ARI,NYG,TE,ARI@NYG,last_td,0.006531212121212121,15211,0.0,0.03165,C,-,w_td 0.02; team TD 2.42,1.0,
Hunter Long,ARI,NYG,TE,ARI@NYG,2plus_td,0.0005,199900,0.0,0.03165,C,-,w_td 0.02; team TD 2.42,1.0,
Jeremiyah Love,ARI,NYG,RB,ARI@NYG,anytime_td,0.4253,135,0.366,0.1782,B,-,tgt_sh 9.8%; team att 35.1; opp DvP 0.93; RZ tgt 3; car_sh 50.2%; team rush 25.3; opp d_ypc 1.05; inside-10 car 4,1.0,
Jeremiyah Love,ARI,NYG,RB,ARI@NYG,first_td,0.11587701312576312,763,0.366,0.1782,B,-,tgt_sh 9.8%; team att 35.1; opp DvP 0.93; RZ tgt 3; car_sh 50.2%; team rush 25.3; opp d_ypc 1.05; inside-10 car 4,1.0,
Jeremiyah Love,ARI,NYG,RB,ARI@NYG,last_td,0.11587701312576312,763,0.366,0.1782,B,-,tgt_sh 9.8%; team att 35.1; opp DvP 0.93; RZ tgt 3; car_sh 50.2%; team rush 25.3; opp d_ypc 1.05; inside-10 car 4,1.0,
Jeremiyah Love,ARI,NYG,RB,ARI@NYG,2plus_td,0.1013,887,0.366,0.1782,B,-,tgt_sh 9.8%; team att 35.1; opp DvP 0.93; RZ tgt 3; car_sh 50.2%; team rush 25.3; opp d_ypc 1.05; inside-10 car 4,1.0,
Trey McBride,ARI,NYG,TE,ARI@NYG,anytime_td,0.42945,133,0.0,0.5496,B,-,tgt_sh 28.3%; team att 35.1; opp DvP 1.09; RZ tgt 8,1.0,
Trey McBride,ARI,NYG,TE,ARI@NYG,first_td,0.11629952283827283,760,0.0,0.5496,B,-,tgt_sh 28.3%; team att 35.1; opp DvP 1.09; RZ tgt 8,1.0,
Trey McBride,ARI,NYG,TE,ARI@NYG,last_td,0.11629952283827283,760,0.0,0.5496,B,-,tgt_sh 28.3%; team att 35.1; opp DvP 1.09; RZ tgt 8,1.0,
Trey McBride,ARI,NYG,TE,ARI@NYG,2plus_td,0.10215,879,0.0,0.5496,B,-,tgt_sh 28.3%; team att 35.1; opp DvP 1.09; RZ tgt 8,1.0,
Michael Wilson,ARI,NYG,WR,ARI@NYG,anytime_td,0.31485,218,0.0,0.3702,B,-,tgt_sh 20.3%; team att 35.1; opp DvP 1.08; RZ tgt 5,1.0,
Michael Wilson,ARI,NYG,WR,ARI@NYG,first_td,0.07757337357087357,1189,0.0,0.3702,B,-,tgt_sh 20.3%; team att 35.1; opp DvP 1.08; RZ tgt 5,1.0,
Michael Wilson,ARI,NYG,WR,ARI@NYG,last_td,0.07757337357087357,1189,0.0,0.3702,B,-,tgt_sh 20.3%; team att 35.1; opp DvP 1.08; RZ tgt 5,1.0,
Michael Wilson,ARI,NYG,WR,ARI@NYG,2plus_td,0.0496,1916,0.0,0.3702,B,-,tgt_sh 20.3%; team att 35.1; opp DvP 1.08; RZ tgt 5,1.0,
Jameis Winston,NYG,ARI,QB,ARI@NYG,anytime_td,0.02835,3427,0.0285,0.0,C,-,team att 29.5; ypa 7.34; opp d_ypa 1.13; pass rate 52.6%,1.0,
Jameis Winston,NYG,ARI,QB,ARI@NYG,first_td,0.006020322871572871,16510,0.0285,0.0,C,-,team att 29.5; ypa 7.34; opp d_ypa 1.13; pass rate 52.6%,1.0,
Jameis Winston,NYG,ARI,QB,ARI@NYG,last_td,0.006020322871572871,16510,0.0285,0.0,C,-,team att 29.5; ypa 7.34; opp d_ypa 1.13; pass rate 52.6%,1.0,
Jameis Winston,NYG,ARI,QB,ARI@NYG,2plus_td,0.00015,666567,0.0285,0.0,C,-,team att 29.5; ypa 7.34; opp d_ypa 1.13; pass rate 52.6%,1.0,
Odell Beckham Jr.,NYG,ARI,WR,ARI@NYG,anytime_td,0.02595,3754,0.0,0.02615,C,-,w_td 0.02; team TD 2.09,1.0,
Odell Beckham Jr.,NYG,ARI,WR,ARI@NYG,first_td,0.005479009740259741,18151,0.0,0.02615,C,-,w_td 0.02; team TD 2.09,1.0,
Odell Beckham Jr.,NYG,ARI,WR,ARI@NYG,last_td,0.005479009740259741,18151,0.0,0.02615,C,-,w_td 0.02; team TD 2.09,1.0,
Odell Beckham Jr.,NYG,ARI,WR,ARI@NYG,2plus_td,0.0002,499900,0.0,0.02615,C,-,w_td 0.02; team TD 2.09,1.0,
Malachi Fields,NYG,ARI,WR,ARI@NYG,anytime_td,0.15095,562,0.0,0.1626,C,-,tgt_sh 13.8%; team att 29.5; opp DvP 1.04; RZ tgt 0,1.0,
Malachi Fields,NYG,ARI,WR,ARI@NYG,first_td,0.033959720973470976,2845,0.0,0.1626,C,-,tgt_sh 13.8%; team att 29.5; opp DvP 1.04; RZ tgt 0,1.0,
Malachi Fields,NYG,ARI,WR,ARI@NYG,last_td,0.033959720973470976,2845,0.0,0.1626,C,-,tgt_sh 13.8%; team att 29.5; opp DvP 1.04; RZ tgt 0,1.0,
Malachi Fields,NYG,ARI,WR,ARI@NYG,2plus_td,0.0113,8750,0.0,0.1626,C,-,tgt_sh 13.8%; team att 29.5; opp DvP 1.04; RZ tgt 0,1.0,
Najee Harris,NYG,ARI,RB,ARI@NYG,anytime_td,0.1331,651,0.1352,0.0063,C,-,car_sh 19.8%; team rush 28.5; opp d_ypc 1.04; inside-10 car 2,1.0,
Najee Harris,NYG,ARI,RB,ARI@NYG,first_td,0.02981654748029748,3254,0.1352,0.0063,C,-,car_sh 19.8%; team rush 28.5; opp d_ypc 1.04; inside-10 car 2,1.0,
Najee Harris,NYG,ARI,RB,ARI@NYG,last_td,0.02981654748029748,3254,0.1352,0.0063,C,-,car_sh 19.8%; team rush 28.5; opp d_ypc 1.04; inside-10 car 2,1.0,
Najee Harris,NYG,ARI,RB,ARI@NYG,2plus_td,0.0082,12095,0.1352,0.0063,C,-,car_sh 19.8%; team rush 28.5; opp d_ypc 1.04; inside-10 car 2,1.0,
Theo Johnson,NYG,ARI,TE,ARI@NYG,anytime_td,0.09255,980,0.0,0.09745,C,-,tgt_sh 8.6%; team att 29.5; opp DvP 0.97; RZ tgt 0,1.0,
Theo Johnson,NYG,ARI,TE,ARI@NYG,first_td,0.020217618908868907,4846,0.0,0.09745,C,-,tgt_sh 8.6%; team att 29.5; opp DvP 0.97; RZ tgt 0,1.0,
Theo Johnson,NYG,ARI,TE,ARI@NYG,last_td,0.020217618908868907,4846,0.0,0.09745,C,-,tgt_sh 8.6%; team att 29.5; opp DvP 0.97; RZ tgt 0,1.0,
Theo Johnson,NYG,ARI,TE,ARI@NYG,2plus_td,0.00475,20953,0.0,0.09745,C,-,tgt_sh 8.6%; team att 29.5; opp DvP 0.97; RZ tgt 0,1.0,
Isaiah Likely,NYG,ARI,TE,ARI@NYG,anytime_td,0.3165,216,0.0,0.3734,B,-,tgt_sh 21.2%; team att 29.5; opp DvP 0.97; RZ tgt 4,1.0,
Isaiah Likely,NYG,ARI,TE,ARI@NYG,first_td,0.07854791583416584,1173,0.0,0.3734,B,-,tgt_sh 21.2%; team att 29.5; opp DvP 0.97; RZ tgt 4,1.0,
Isaiah Likely,NYG,ARI,TE,ARI@NYG,last_td,0.07854791583416584,1173,0.0,0.3734,B,-,tgt_sh 21.2%; team att 29.5; opp DvP 0.97; RZ tgt 4,1.0,
Isaiah Likely,NYG,ARI,TE,ARI@NYG,2plus_td,0.0517,1834,0.0,0.3734,B,-,tgt_sh 21.2%; team att 29.5; opp DvP 0.97; RZ tgt 4,1.0,
Darnell Mooney,NYG,ARI,WR,ARI@NYG,anytime_td,0.12925,674,0.0037,0.1334,C,-,tgt_sh 11.2%; team att 29.5; opp DvP 1.04; RZ tgt 0,1.0,
Darnell Mooney,NYG,ARI,WR,ARI@NYG,first_td,0.0284879995004995,3410,0.0037,0.1334,C,-,tgt_sh 11.2%; team att 29.5; opp DvP 1.04; RZ tgt 0,1.0,
Darnell Mooney,NYG,ARI,WR,ARI@NYG,last_td,0.0284879995004995,3410,0.0037,0.1334,C,-,tgt_sh 11.2%; team att 29.5; opp DvP 1.04; RZ tgt 0,1.0,
Darnell Mooney,NYG,ARI,WR,ARI@NYG,2plus_td,0.0074,13414,0.0037,0.1334,C,-,tgt_sh 11.2%; team att 29.5; opp DvP 1.04; RZ tgt 0,1.0,
Malik Nabers,NYG,ARI,WR,ARI@NYG,anytime_td,0.28445,252,0.0,0.33095,B,-,tgt_sh 19.2%; team att 29.5; opp DvP 1.04; RZ tgt 3,1.0,
Malik Nabers,NYG,ARI,WR,ARI@NYG,first_td,0.06934288392163392,1342,0.0,0.33095,B,-,tgt_sh 19.2%; team att 29.5; opp DvP 1.04; RZ tgt 3,1.0,
Malik Nabers,NYG,ARI,WR,ARI@NYG,last_td,0.06934288392163392,1342,0.0,0.33095,B,-,tgt_sh 19.2%; team att 29.5; opp DvP 1.04; RZ tgt 3,1.0,
Malik Nabers,NYG,ARI,WR,ARI@NYG,2plus_td,0.04335,2207,0.0,0.33095,B,-,tgt_sh 19.2%; team att 29.5; opp DvP 1.04; RZ tgt 3,1.0,
Devin Singletary,NYG,ARI,RB,ARI@NYG,anytime_td,0.18545,439,0.0684,0.1337,C,-,tgt_sh 5.5%; team att 29.5; opp DvP 1.01; RZ tgt 2; car_sh 13.2%; team rush 28.5; opp d_ypc 1.04; inside-10 car 0,1.0,
Devin Singletary,NYG,ARI,RB,ARI@NYG,first_td,0.04245671647796647,2255,0.0684,0.1337,C,-,tgt_sh 5.5%; team att 29.5; opp DvP 1.01; RZ tgt 2; car_sh 13.2%; team rush 28.5; opp d_ypc 1.04; inside-10 car 0,1.0,
Devin Singletary,NYG,ARI,RB,ARI@NYG,last_td,0.04245671647796647,2255,0.0684,0.1337,C,-,tgt_sh 5.5%; team att 29.5; opp DvP 1.01; RZ tgt 2; car_sh 13.2%; team rush 28.5; opp d_ypc 1.04; inside-10 car 0,1.0,
Devin Singletary,NYG,ARI,RB,ARI@NYG,2plus_td,0.0157,6269,0.0684,0.1337,C,-,tgt_sh 5.5%; team att 29.5; opp DvP 1.01; RZ tgt 2; car_sh 13.2%; team rush 28.5; opp d_ypc 1.04; inside-10 car 0,1.0,
Cam Skattebo,NYG,ARI,RB,ARI@NYG,anytime_td,0.34805,187,0.29715,0.1201,B,-,tgt_sh 10.7%; team att 29.5; opp DvP 1.01; RZ tgt 0; car_sh 40.9%; team rush 28.5; opp d_ypc 1.04; inside-10 car 5,1.0,
Cam Skattebo,NYG,ARI,RB,ARI@NYG,first_td,0.08749977966477966,1043,0.29715,0.1201,B,-,tgt_sh 10.7%; team att 29.5; opp DvP 1.01; RZ tgt 0; car_sh 40.9%; team rush 28.5; opp d_ypc 1.04; inside-10 car 5,1.0,
Cam Skattebo,NYG,ARI,RB,ARI@NYG,last_td,0.08749977966477966,1043,0.29715,0.1201,B,-,tgt_sh 10.7%; team att 29.5; opp DvP 1.01; RZ tgt 0; car_sh 40.9%; team rush 28.5; opp d_ypc 1.04; inside-10 car 5,1.0,
Cam Skattebo,NYG,ARI,RB,ARI@NYG,2plus_td,0.06185,1517,0.29715,0.1201,B,-,tgt_sh 10.7%; team att 29.5; opp DvP 1.01; RZ tgt 0; car_sh 40.9%; team rush 28.5; opp d_ypc 1.04; inside-10 car 5,1.0,
Tyrone Tracy Jr.,NYG,ARI,RB,ARI@NYG,anytime_td,0.07481847837524992,1237,0.02978006945175208,0.047774387035672945,C,no game designation yet (Full),w_td 0.08; team TD 2.09,0.9508674235277402,
Tyrone Tracy Jr.,NYG,ARI,RB,ARI@NYG,first_td,0.01633724028494101,6021,0.02978006945175208,0.047774387035672945,C,no game designation yet (Full),w_td 0.08; team TD 2.09,0.9508674235277402,
Tyrone Tracy Jr.,NYG,ARI,RB,ARI@NYG,last_td,0.01633724028494101,6021,0.02978006945175208,0.047774387035672945,C,no game designation yet (Full),w_td 0.08; team TD 2.09,0.9508674235277402,
Tyrone Tracy Jr.,NYG,ARI,RB,ARI@NYG,2plus_td,0.0027359781121751026,36450,0.02978006945175208,0.047774387035672945,C,no game designation yet (Full),w_td 0.08; team TD 2.09,0.9508674235277402,
Matthew Stafford,LA,PHI,QB,LA@PHI,anytime_td,0.0636,1472,0.065,0.0,B,-,team att 34.9; ypa 7.35; opp d_ypa 0.98; pass rate 58.0%,1.0,
Matthew Stafford,LA,PHI,QB,LA@PHI,first_td,0.013675712481962483,7212,0.065,0.0,B,-,team att 34.9; ypa 7.35; opp d_ypa 0.98; pass rate 58.0%,1.0,
Matthew Stafford,LA,PHI,QB,LA@PHI,last_td,0.013675712481962483,7212,0.065,0.0,B,-,team att 34.9; ypa 7.35; opp d_ypa 0.98; pass rate 58.0%,1.0,
Matthew Stafford,LA,PHI,QB,LA@PHI,2plus_td,0.0014,71329,0.065,0.0,B,-,team att 34.9; ypa 7.35; opp d_ypa 0.98; pass rate 58.0%,1.0,
Davante Adams,LA,PHI,WR,LA@PHI,anytime_td,0.3510672020287405,185,0.0,0.42529585798816566,B,no game designation yet (Full),tgt_sh 20.5%; team att 34.9; opp DvP 0.98; RZ tgt 2,0.9479829842591244,
Davante Adams,LA,PHI,WR,LA@PHI,first_td,0.08688502138417609,1051,0.0,0.42529585798816566,B,no game designation yet (Full),tgt_sh 20.5%; team att 34.9; opp DvP 0.98; RZ tgt 2,0.9479829842591244,
Davante Adams,LA,PHI,WR,LA@PHI,last_td,0.08688502138417609,1051,0.0,0.42529585798816566,B,no game designation yet (Full),tgt_sh 20.5%; team att 34.9; opp DvP 0.98; RZ tgt 2,0.9479829842591244,
Davante Adams,LA,PHI,WR,LA@PHI,2plus_td,0.06598689771766694,1415,0.0,0.42529585798816566,B,no game designation yet (Full),tgt_sh 20.5%; team att 34.9; opp DvP 0.98; RZ tgt 2,0.9479829842591244,
Davis Allen,LA,PHI,TE,LA@PHI,anytime_td,0.0542,1745,0.0,0.0554,C,-,tgt_sh 3.6%; team att 34.9; opp DvP 0.84; RZ tgt 0,1.0,
Davis Allen,LA,PHI,TE,LA@PHI,first_td,0.011182222777222776,8843,0.0,0.0554,C,-,tgt_sh 3.6%; team att 34.9; opp DvP 0.84; RZ tgt 0,1.0,
Davis Allen,LA,PHI,TE,LA@PHI,last_td,0.011182222777222776,8843,0.0,0.0554,C,-,tgt_sh 3.6%; team att 34.9; opp DvP 0.84; RZ tgt 0,1.0,
Davis Allen,LA,PHI,TE,LA@PHI,2plus_td,0.0012,83233,0.0,0.0554,C,-,tgt_sh 3.6%; team att 34.9; opp DvP 0.84; RZ tgt 0,1.0,
Tutu Atwell,LA,PHI,WR,LA@PHI,anytime_td,0.06125,1533,0.0,0.06285,C,-,tgt_sh 3.6%; team att 34.9; opp DvP 0.98; RZ tgt 0,1.0,
Tutu Atwell,LA,PHI,WR,LA@PHI,first_td,0.012932211954711954,7633,0.0,0.06285,C,-,tgt_sh 3.6%; team att 34.9; opp DvP 0.98; RZ tgt 0,1.0,
Tutu Atwell,LA,PHI,WR,LA@PHI,last_td,0.012932211954711954,7633,0.0,0.06285,C,-,tgt_sh 3.6%; team att 34.9; opp DvP 0.98; RZ tgt 0,1.0,
Tutu Atwell,LA,PHI,WR,LA@PHI,2plus_td,0.0016,62400,0.0,0.06285,C,-,tgt_sh 3.6%; team att 34.9; opp DvP 0.98; RZ tgt 0,1.0,
Dean Connors,LA,PHI,RB,LA@PHI,anytime_td,0.0156,6310,0.00875,0.0071,C,-,w_td 0.01; team TD 2.52,1.0,
Dean Connors,LA,PHI,RB,LA@PHI,first_td,0.0032458603896103897,30708,0.00875,0.0071,C,-,w_td 0.01; team TD 2.52,1.0,
Dean Connors,LA,PHI,RB,LA@PHI,last_td,0.0032458603896103897,30708,0.00875,0.0071,C,-,w_td 0.01; team TD 2.52,1.0,
Dean Connors,LA,PHI,RB,LA@PHI,2plus_td,0.00025,399900,0.00875,0.0071,C,-,w_td 0.01; team TD 2.52,1.0,
Blake Corum,LA,PHI,RB,LA@PHI,anytime_td,0.25955,285,0.21315,0.08535,B,-,car_sh 28.2%; team rush 26.4; opp d_ypc 0.97; inside-10 car 0,1.0,
Blake Corum,LA,PHI,RB,LA@PHI,first_td,0.06104532023532023,1538,0.21315,0.08535,B,-,car_sh 28.2%; team rush 26.4; opp d_ypc 0.97; inside-10 car 0,1.0,
Blake Corum,LA,PHI,RB,LA@PHI,last_td,0.06104532023532023,1538,0.21315,0.08535,B,-,car_sh 28.2%; team rush 26.4; opp d_ypc 0.97; inside-10 car 0,1.0,
Blake Corum,LA,PHI,RB,LA@PHI,2plus_td,0.0354,2725,0.21315,0.08535,B,-,car_sh 28.2%; team rush 26.4; opp d_ypc 0.97; inside-10 car 0,1.0,
Tyler Higbee,LA,PHI,TE,LA@PHI,anytime_td,0.1941735511522455,415,0.0,0.21373998384992857,C,no game designation yet (DNP),tgt_sh 9.1%; team att 34.9; opp DvP 0.84; RZ tgt 2,0.8055616699684496,
Tyler Higbee,LA,PHI,TE,LA@PHI,first_td,0.04363342415705917,2192,0.0,0.21373998384992857,C,no game designation yet (DNP),tgt_sh 9.1%; team att 34.9; opp DvP 0.84; RZ tgt 2,0.8055616699684496,
Tyler Higbee,LA,PHI,TE,LA@PHI,last_td,0.04363342415705917,2192,0.0,0.21373998384992857,C,no game designation yet (DNP),tgt_sh 9.1%; team att 34.9; opp DvP 0.84; RZ tgt 2,0.8055616699684496,
Tyler Higbee,LA,PHI,TE,LA@PHI,2plus_td,0.018510466488601777,5302,0.0,0.21373998384992857,C,no game designation yet (DNP),tgt_sh 9.1%; team att 34.9; opp DvP 0.84; RZ tgt 2,0.8055616699684496,
Konata Mumpfield,LA,PHI,WR,LA@PHI,anytime_td,0.12265,715,0.0,0.13045,C,-,tgt_sh 4.9%; team att 34.9; opp DvP 0.98; RZ tgt 1,1.0,
Konata Mumpfield,LA,PHI,WR,LA@PHI,first_td,0.026576617826617827,3663,0.0,0.13045,C,-,tgt_sh 4.9%; team att 34.9; opp DvP 0.98; RZ tgt 1,1.0,
Konata Mumpfield,LA,PHI,WR,LA@PHI,last_td,0.026576617826617827,3663,0.0,0.13045,C,-,tgt_sh 4.9%; team att 34.9; opp DvP 0.98; RZ tgt 1,1.0,
Konata Mumpfield,LA,PHI,WR,LA@PHI,2plus_td,0.00755,13145,0.0,0.13045,C,-,tgt_sh 4.9%; team att 34.9; opp DvP 0.98; RZ tgt 1,1.0,
Puka Nacua,LA,PHI,WR,LA@PHI,anytime_td,0.36460531869987334,174,0.0,0.4419058674546222,C,no game designation yet (Full),tgt_sh 24.2%; team att 34.9; opp DvP 0.98; RZ tgt 1,0.9479829842591244,
Puka Nacua,LA,PHI,WR,LA@PHI,first_td,0.09050163537156994,1005,0.0,0.4419058674546222,C,no game designation yet (Full),tgt_sh 24.2%; team att 34.9; opp DvP 0.98; RZ tgt 1,0.9479829842591244,
Puka Nacua,LA,PHI,WR,LA@PHI,last_td,0.09050163537156994,1005,0.0,0.4419058674546222,C,no game designation yet (Full),tgt_sh 24.2%; team att 34.9; opp DvP 0.98; RZ tgt 1,0.9479829842591244,
Puka Nacua,LA,PHI,WR,LA@PHI,2plus_td,0.06885816800337695,1352,0.0,0.4419058674546222,C,no game designation yet (Full),tgt_sh 24.2%; team att 34.9; opp DvP 0.98; RZ tgt 1,0.9479829842591244,
Colby Parkinson,LA,PHI,TE,LA@PHI,anytime_td,0.15280809684461202,554,0.0,0.16511212542171066,C,Questionable (DNP),w_td 0.08; team TD 2.52,0.4981574884199691,
Colby Parkinson,LA,PHI,TE,LA@PHI,first_td,0.03359669150500665,2876,0.0,0.16511212542171066,C,Questionable (DNP),w_td 0.08; team TD 2.52,0.4981574884199691,
Colby Parkinson,LA,PHI,TE,LA@PHI,last_td,0.03359669150500665,2876,0.0,0.16511212542171066,C,Questionable (DNP),w_td 0.08; team TD 2.52,0.4981574884199691,
Colby Parkinson,LA,PHI,TE,LA@PHI,2plus_td,0.011907124429450288,8298,0.0,0.16511212542171066,C,Questionable (DNP),w_td 0.08; team TD 2.52,0.4981574884199691,
Xavier Smith,LA,PHI,WR,LA@PHI,anytime_td,0.0858,1066,0.0,0.0889,C,-,w_td 0.04; team TD 2.52,1.0,
Xavier Smith,LA,PHI,WR,LA@PHI,first_td,0.017703576701076702,5549,0.0,0.0889,C,-,w_td 0.04; team TD 2.52,1.0,
Xavier Smith,LA,PHI,WR,LA@PHI,last_td,0.017703576701076702,5549,0.0,0.0889,C,-,w_td 0.04; team TD 2.52,1.0,
Xavier Smith,LA,PHI,WR,LA@PHI,2plus_td,0.00295,33798,0.0,0.0889,C,-,w_td 0.04; team TD 2.52,1.0,
Jordan Whittington,LA,PHI,WR,LA@PHI,anytime_td,0.0445,2147,0.0,0.04555,C,-,w_td 0.02; team TD 2.52,1.0,
Jordan Whittington,LA,PHI,WR,LA@PHI,first_td,0.009383854617604617,10557,0.0,0.04555,C,-,w_td 0.02; team TD 2.52,1.0,
Jordan Whittington,LA,PHI,WR,LA@PHI,last_td,0.009383854617604617,10557,0.0,0.04555,C,-,w_td 0.02; team TD 2.52,1.0,
Jordan Whittington,LA,PHI,WR,LA@PHI,2plus_td,0.00105,95138,0.0,0.04555,C,-,w_td 0.02; team TD 2.52,1.0,
Kyren Williams,LA,PHI,RB,LA@PHI,anytime_td,0.47695,110,0.45265,0.17735,B,-,tgt_sh 8.0%; team att 34.9; opp DvP 0.93; RZ tgt 1; car_sh 46.6%; team rush 26.4; opp d_ypc 0.97; inside-10 car 4,1.0,
Kyren Williams,LA,PHI,RB,LA@PHI,first_td,0.1287269782994783,677,0.45265,0.17735,B,-,tgt_sh 8.0%; team att 34.9; opp DvP 0.93; RZ tgt 1; car_sh 46.6%; team rush 26.4; opp d_ypc 0.97; inside-10 car 4,1.0,
Kyren Williams,LA,PHI,RB,LA@PHI,last_td,0.1287269782994783,677,0.45265,0.17735,B,-,tgt_sh 8.0%; team att 34.9; opp DvP 0.93; RZ tgt 1; car_sh 46.6%; team rush 26.4; opp d_ypc 0.97; inside-10 car 4,1.0,
Kyren Williams,LA,PHI,RB,LA@PHI,2plus_td,0.12785,682,0.45265,0.17735,B,-,tgt_sh 8.0%; team att 34.9; opp DvP 0.93; RZ tgt 1; car_sh 46.6%; team rush 26.4; opp d_ypc 0.97; inside-10 car 4,1.0,
Jalen Hurts,PHI,LA,QB,LA@PHI,anytime_td,0.1468,581,0.15695,0.0,B,-,team att 32.2; ypa 6.37; opp d_ypa 0.87; pass rate 56.8%,1.0,
Jalen Hurts,PHI,LA,QB,LA@PHI,first_td,0.03226070096570097,3000,0.15695,0.0,B,-,team att 32.2; ypa 6.37; opp d_ypa 0.87; pass rate 56.8%,1.0,
Jalen Hurts,PHI,LA,QB,LA@PHI,last_td,0.03226070096570097,3000,0.15695,0.0,B,-,team att 32.2; ypa 6.37; opp d_ypa 0.87; pass rate 56.8%,1.0,
Jalen Hurts,PHI,LA,QB,LA@PHI,2plus_td,0.0098,10104,0.15695,0.0,B,-,team att 32.2; ypa 6.37; opp d_ypa 0.87; pass rate 56.8%,1.0,
Saquon Barkley,PHI,LA,RB,LA@PHI,anytime_td,0.375,167,0.30925,0.14715,B,-,tgt_sh 7.3%; team att 32.2; opp DvP 0.92; RZ tgt 0; car_sh 50.7%; team rush 26.0; opp d_ypc 0.98; inside-10 car 2,1.0,
Saquon Barkley,PHI,LA,RB,LA@PHI,first_td,0.09363475968475968,968,0.30925,0.14715,B,-,tgt_sh 7.3%; team att 32.2; opp DvP 0.92; RZ tgt 0; car_sh 50.7%; team rush 26.0; opp d_ypc 0.98; inside-10 car 2,1.0,
Saquon Barkley,PHI,LA,RB,LA@PHI,last_td,0.09363475968475968,968,0.30925,0.14715,B,-,tgt_sh 7.3%; team att 32.2; opp DvP 0.92; RZ tgt 0; car_sh 50.7%; team rush 26.0; opp d_ypc 0.98; inside-10 car 2,1.0,
Saquon Barkley,PHI,LA,RB,LA@PHI,2plus_td,0.0718,1293,0.30925,0.14715,B,-,tgt_sh 7.3%; team att 32.2; opp DvP 0.92; RZ tgt 0; car_sh 50.7%; team rush 26.0; opp d_ypc 0.98; inside-10 car 2,1.0,
Tank Bigsby,PHI,LA,RB,LA@PHI,anytime_td,0.1311846048688154,662,0.09905883590094117,0.041169356958830644,B,no game designation yet (Full),car_sh 15.2%; team rush 26.0; opp d_ypc 0.98; inside-10 car 1,0.9508674235277402,
Tank Bigsby,PHI,LA,RB,LA@PHI,first_td,0.028480963539326224,3411,0.09905883590094117,0.041169356958830644,B,no game designation yet (Full),car_sh 15.2%; team rush 26.0; opp d_ypc 0.98; inside-10 car 1,0.9508674235277402,
Tank Bigsby,PHI,LA,RB,LA@PHI,last_td,0.028480963539326224,3411,0.09905883590094117,0.041169356958830644,B,no game designation yet (Full),car_sh 15.2%; team rush 26.0; opp d_ypc 0.98; inside-10 car 1,0.9508674235277402,
Tank Bigsby,PHI,LA,RB,LA@PHI,2plus_td,0.008675534991324466,11427,0.09905883590094117,0.041169356958830644,B,no game designation yet (Full),car_sh 15.2%; team rush 26.0; opp d_ypc 0.98; inside-10 car 1,0.9508674235277402,
Darius Cooper,PHI,LA,WR,LA@PHI,anytime_td,0.10597282207942695,844,0.0,0.11134520172758874,C,no game designation yet (Full),w_td 0.04; team TD 2.14,0.9479829842591244,
Darius Cooper,PHI,LA,WR,LA@PHI,first_td,0.022151685761714203,4414,0.0,0.11134520172758874,C,no game designation yet (Full),w_td 0.04; team TD 2.14,0.9479829842591244,
Darius Cooper,PHI,LA,WR,LA@PHI,last_td,0.022151685761714203,4414,0.0,0.11134520172758874,C,no game designation yet (Full),w_td 0.04; team TD 2.14,0.9479829842591244,
Darius Cooper,PHI,LA,WR,LA@PHI,2plus_td,0.00510902770462446,19473,0.0,0.11134520172758874,C,no game designation yet (Full),w_td 0.04; team TD 2.14,0.9479829842591244,
Zach Ertz,PHI,LA,TE,LA@PHI,anytime_td,0.2482,303,0.0,0.28375,C,-,tgt_sh 11.9%; team att 32.2; opp DvP 0.82; RZ tgt 1,1.0,
Zach Ertz,PHI,LA,TE,LA@PHI,first_td,0.057139233682983674,1650,0.0,0.28375,C,-,tgt_sh 11.9%; team att 32.2; opp DvP 0.82; RZ tgt 1,1.0,
Zach Ertz,PHI,LA,TE,LA@PHI,last_td,0.057139233682983674,1650,0.0,0.28375,C,-,tgt_sh 11.9%; team att 32.2; opp DvP 0.82; RZ tgt 1,1.0,
Zach Ertz,PHI,LA,TE,LA@PHI,2plus_td,0.03255,2972,0.0,0.28375,C,-,tgt_sh 11.9%; team att 32.2; opp DvP 0.82; RZ tgt 1,1.0,
Makai Lemon,PHI,LA,WR,LA@PHI,anytime_td,0.21155,373,0.00465,0.231,C,-,tgt_sh 10.6%; team att 32.2; opp DvP 1.03; RZ tgt 0,1.0,
Makai Lemon,PHI,LA,WR,LA@PHI,first_td,0.04754898726273726,2003,0.00465,0.231,C,-,tgt_sh 10.6%; team att 32.2; opp DvP 1.03; RZ tgt 0,1.0,
Makai Lemon,PHI,LA,WR,LA@PHI,last_td,0.04754898726273726,2003,0.00465,0.231,C,-,tgt_sh 10.6%; team att 32.2; opp DvP 1.03; RZ tgt 0,1.0,
Makai Lemon,PHI,LA,WR,LA@PHI,2plus_td,0.023,4248,0.00465,0.231,C,-,tgt_sh 10.6%; team att 32.2; opp DvP 1.03; RZ tgt 0,1.0,
Johnny Mundt,PHI,LA,TE,LA@PHI,anytime_td,0.06035,1557,0.0,0.06165,C,-,tgt_sh 3.2%; team att 32.2; opp DvP 0.82; RZ tgt 0,1.0,
Johnny Mundt,PHI,LA,TE,LA@PHI,first_td,0.01258935606060606,7843,0.0,0.06165,C,-,tgt_sh 3.2%; team att 32.2; opp DvP 0.82; RZ tgt 0,1.0,
Johnny Mundt,PHI,LA,TE,LA@PHI,last_td,0.01258935606060606,7843,0.0,0.06165,C,-,tgt_sh 3.2%; team att 32.2; opp DvP 0.82; RZ tgt 0,1.0,
Johnny Mundt,PHI,LA,TE,LA@PHI,2plus_td,0.0013,76823,0.0,0.06165,C,-,tgt_sh 3.2%; team att 32.2; opp DvP 0.82; RZ tgt 0,1.0,
Will Shipley,PHI,LA,RB,LA@PHI,anytime_td,0.11893855631021956,741,0.04849154951824356,0.07834465329331859,C,no game designation yet (Full),tgt_sh 3.7%; team att 32.2; opp DvP 0.92; RZ tgt 0,0.9508674235277402,
Will Shipley,PHI,LA,RB,LA@PHI,first_td,0.025234297430632924,3863,0.04849154951824356,0.07834465329331859,C,no game designation yet (Full),tgt_sh 3.7%; team att 32.2; opp DvP 0.92; RZ tgt 0,0.9508674235277402,
Will Shipley,PHI,LA,RB,LA@PHI,last_td,0.025234297430632924,3863,0.04849154951824356,0.07834465329331859,C,no game designation yet (Full),tgt_sh 3.7%; team att 32.2; opp DvP 0.92; RZ tgt 0,0.9508674235277402,
Will Shipley,PHI,LA,RB,LA@PHI,2plus_td,0.007634391617964513,12999,0.04849154951824356,0.07834465329331859,C,no game designation yet (Full),tgt_sh 3.7%; team att 32.2; opp DvP 0.92; RZ tgt 0,0.9508674235277402,
Dontayvion Wicks,PHI,LA,WR,LA@PHI,anytime_td,0.427,134,0.0,0.5431,B,-,tgt_sh 13.5%; team att 32.2; opp DvP 1.03; RZ tgt 4,1.0,
Dontayvion Wicks,PHI,LA,WR,LA@PHI,first_td,0.11059967809967809,804,0.0,0.5431,B,-,tgt_sh 13.5%; team att 32.2; opp DvP 1.03; RZ tgt 4,1.0,
Dontayvion Wicks,PHI,LA,WR,LA@PHI,last_td,0.11059967809967809,804,0.0,0.5431,B,-,tgt_sh 13.5%; team att 32.2; opp DvP 1.03; RZ tgt 4,1.0,
Dontayvion Wicks,PHI,LA,WR,LA@PHI,2plus_td,0.10085,892,0.0,0.5431,B,-,tgt_sh 13.5%; team att 32.2; opp DvP 1.03; RZ tgt 4,1.0,
Jordan Love,GB,TB,QB,GB@TB,anytime_td,0.02995,3239,0.03045,0.0,B,-,team att 37.7; ypa 6.93; opp d_ypa 0.99; pass rate 67.1%,1.0,
Jordan Love,GB,TB,QB,GB@TB,first_td,0.00794501984126984,12487,0.03045,0.0,B,-,team att 37.7; ypa 6.93; opp d_ypa 0.99; pass rate 67.1%,1.0,
Jordan Love,GB,TB,QB,GB@TB,last_td,0.00794501984126984,12487,0.03045,0.0,B,-,team att 37.7; ypa 6.93; opp d_ypa 0.99; pass rate 67.1%,1.0,
Jordan Love,GB,TB,QB,GB@TB,2plus_td,0.0005,199900,0.03045,0.0,B,-,team att 37.7; ypa 6.93; opp d_ypa 0.99; pass rate 67.1%,1.0,
Chris Brooks,GB,TB,RB,GB@TB,anytime_td,0.13455,643,0.09065,0.05355,B,-,tgt_sh 3.5%; team att 37.7; opp DvP 1.17; RZ tgt 0; car_sh 15.9%; team rush 19.8; opp d_ypc 0.89; inside-10 car 2,1.0,
Chris Brooks,GB,TB,RB,GB@TB,first_td,0.0374757215007215,2568,0.09065,0.05355,B,-,tgt_sh 3.5%; team att 37.7; opp DvP 1.17; RZ tgt 0; car_sh 15.9%; team rush 19.8; opp d_ypc 0.89; inside-10 car 2,1.0,
Chris Brooks,GB,TB,RB,GB@TB,last_td,0.0374757215007215,2568,0.09065,0.05355,B,-,tgt_sh 3.5%; team att 37.7; opp DvP 1.17; RZ tgt 0; car_sh 15.9%; team rush 19.8; opp d_ypc 0.89; inside-10 car 2,1.0,
Chris Brooks,GB,TB,RB,GB@TB,2plus_td,0.00925,10711,0.09065,0.05355,B,-,tgt_sh 3.5%; team att 37.7; opp DvP 1.17; RZ tgt 0; car_sh 15.9%; team rush 19.8; opp d_ypc 0.89; inside-10 car 2,1.0,
Matthew Golden,GB,TB,WR,GB@TB,anytime_td,0.30465,228,0.0,0.35745,B,-,tgt_sh 17.9%; team att 37.7; opp DvP 1.05; RZ tgt 4,1.0,
Matthew Golden,GB,TB,WR,GB@TB,first_td,0.09287744588744588,977,0.0,0.35745,B,-,tgt_sh 17.9%; team att 37.7; opp DvP 1.05; RZ tgt 4,1.0,
Matthew Golden,GB,TB,WR,GB@TB,last_td,0.09287744588744588,977,0.0,0.35745,B,-,tgt_sh 17.9%; team att 37.7; opp DvP 1.05; RZ tgt 4,1.0,
Matthew Golden,GB,TB,WR,GB@TB,2plus_td,0.0488,1949,0.0,0.35745,B,-,tgt_sh 17.9%; team att 37.7; opp DvP 1.05; RZ tgt 4,1.0,
Kaleb Johnson,GB,TB,RB,GB@TB,anytime_td,0.1106,804,0.095,0.02175,B,-,car_sh 24.1%; team rush 19.8; opp d_ypc 0.89; inside-10 car 0,1.0,
Kaleb Johnson,GB,TB,RB,GB@TB,first_td,0.031090912698412694,3116,0.095,0.02175,B,-,car_sh 24.1%; team rush 19.8; opp d_ypc 0.89; inside-10 car 0,1.0,
Kaleb Johnson,GB,TB,RB,GB@TB,last_td,0.031090912698412694,3116,0.095,0.02175,B,-,car_sh 24.1%; team rush 19.8; opp d_ypc 0.89; inside-10 car 0,1.0,
Kaleb Johnson,GB,TB,RB,GB@TB,2plus_td,0.0058,17141,0.095,0.02175,B,-,car_sh 24.1%; team rush 19.8; opp d_ypc 0.89; inside-10 car 0,1.0,
Tucker Kraft,GB,TB,TE,GB@TB,anytime_td,0.22925,336,0.0,0.2576,C,-,tgt_sh 17.9%; team att 37.7; opp DvP 0.94; RZ tgt 1,1.0,
Tucker Kraft,GB,TB,TE,GB@TB,first_td,0.06785031926406926,1374,0.0,0.2576,C,-,tgt_sh 17.9%; team att 37.7; opp DvP 0.94; RZ tgt 1,1.0,
Tucker Kraft,GB,TB,TE,GB@TB,last_td,0.06785031926406926,1374,0.0,0.2576,C,-,tgt_sh 17.9%; team att 37.7; opp DvP 0.94; RZ tgt 1,1.0,
Tucker Kraft,GB,TB,TE,GB@TB,2plus_td,0.02665,3652,0.0,0.2576,C,-,tgt_sh 17.9%; team att 37.7; opp DvP 0.94; RZ tgt 1,1.0,
MarShawn Lloyd,GB,TB,RB,GB@TB,anytime_td,0.31445,218,0.24225,0.1277,B,-,tgt_sh 4.7%; team att 37.7; opp DvP 1.17; RZ tgt 2; car_sh 49.1%; team rush 19.8; opp d_ypc 0.89; inside-10 car 3,1.0,
MarShawn Lloyd,GB,TB,RB,GB@TB,first_td,0.097698088023088,924,0.24225,0.1277,B,-,tgt_sh 4.7%; team att 37.7; opp DvP 1.17; RZ tgt 2; car_sh 49.1%; team rush 19.8; opp d_ypc 0.89; inside-10 car 3,1.0,
MarShawn Lloyd,GB,TB,RB,GB@TB,last_td,0.097698088023088,924,0.24225,0.1277,B,-,tgt_sh 4.7%; team att 37.7; opp DvP 1.17; RZ tgt 2; car_sh 49.1%; team rush 19.8; opp d_ypc 0.89; inside-10 car 3,1.0,
MarShawn Lloyd,GB,TB,RB,GB@TB,2plus_td,0.05025,1890,0.24225,0.1277,B,-,tgt_sh 4.7%; team att 37.7; opp DvP 1.17; RZ tgt 2; car_sh 49.1%; team rush 19.8; opp d_ypc 0.89; inside-10 car 3,1.0,
Bo Melton,GB,TB,WR,GB@TB,anytime_td,0.04205,2278,0.0,0.04255,C,-,w_td 0.03; team TD 2.12,1.0,
Bo Melton,GB,TB,WR,GB@TB,first_td,0.011023176406926407,8972,0.0,0.04255,C,-,w_td 0.03; team TD 2.12,1.0,
Bo Melton,GB,TB,WR,GB@TB,last_td,0.011023176406926407,8972,0.0,0.04255,C,-,w_td 0.03; team TD 2.12,1.0,
Bo Melton,GB,TB,WR,GB@TB,2plus_td,0.0005,199900,0.0,0.04255,C,-,w_td 0.03; team TD 2.12,1.0,
J. Michael Sturdivant,GB,TB,WR,GB@TB,anytime_td,0.03335,2899,0.0,0.03385,C,-,w_td 0.02; team TD 2.12,1.0,
J. Michael Sturdivant,GB,TB,WR,GB@TB,first_td,0.008718097041847042,11370,0.0,0.03385,C,-,w_td 0.02; team TD 2.12,1.0,
J. Michael Sturdivant,GB,TB,WR,GB@TB,last_td,0.008718097041847042,11370,0.0,0.03385,C,-,w_td 0.02; team TD 2.12,1.0,
J. Michael Sturdivant,GB,TB,WR,GB@TB,2plus_td,0.0005,199900,0.0,0.03385,C,-,w_td 0.02; team TD 2.12,1.0,
Skyy Moore,GB,TB,WR,GB@TB,anytime_td,0.16255,515,0.0,0.17585,C,-,tgt_sh 6.9%; team att 37.7; opp DvP 1.05; RZ tgt 3,1.0,
Skyy Moore,GB,TB,WR,GB@TB,first_td,0.04603419372294373,2072,0.0,0.17585,C,-,tgt_sh 6.9%; team att 37.7; opp DvP 1.05; RZ tgt 3,1.0,
Skyy Moore,GB,TB,WR,GB@TB,last_td,0.04603419372294373,2072,0.0,0.17585,C,-,tgt_sh 6.9%; team att 37.7; opp DvP 1.05; RZ tgt 3,1.0,
Skyy Moore,GB,TB,WR,GB@TB,2plus_td,0.0127,7774,0.0,0.17585,C,-,tgt_sh 6.9%; team att 37.7; opp DvP 1.05; RZ tgt 3,1.0,
Jonnu Smith,GB,TB,TE,GB@TB,anytime_td,0.1042,860,0.0,0.10875,C,-,tgt_sh 6.5%; team att 37.7; opp DvP 0.94; RZ tgt 1,1.0,
Jonnu Smith,GB,TB,TE,GB@TB,first_td,0.028729209956709953,3381,0.0,0.10875,C,-,tgt_sh 6.5%; team att 37.7; opp DvP 0.94; RZ tgt 1,1.0,
Jonnu Smith,GB,TB,TE,GB@TB,last_td,0.028729209956709953,3381,0.0,0.10875,C,-,tgt_sh 6.5%; team att 37.7; opp DvP 0.94; RZ tgt 1,1.0,
Jonnu Smith,GB,TB,TE,GB@TB,2plus_td,0.00455,21878,0.0,0.10875,C,-,tgt_sh 6.5%; team att 37.7; opp DvP 0.94; RZ tgt 1,1.0,
Christian Watson,GB,TB,WR,GB@TB,anytime_td,0.386,159,0.0,0.47625,B,-,tgt_sh 22.9%; team att 37.7; opp DvP 1.05; RZ tgt 6,1.0,
Christian Watson,GB,TB,WR,GB@TB,first_td,0.12454800505050505,703,0.0,0.47625,B,-,tgt_sh 22.9%; team att 37.7; opp DvP 1.05; RZ tgt 6,1.0,
Christian Watson,GB,TB,WR,GB@TB,last_td,0.12454800505050505,703,0.0,0.47625,B,-,tgt_sh 22.9%; team att 37.7; opp DvP 1.05; RZ tgt 6,1.0,
Christian Watson,GB,TB,WR,GB@TB,2plus_td,0.08,1150,0.0,0.47625,B,-,tgt_sh 22.9%; team att 37.7; opp DvP 1.05; RZ tgt 6,1.0,
Jalon Daniels,TB,GB,QB,GB@TB,anytime_td,0.08805,1036,0.0921,0.0,C,-,team att 34.3; ypa 6.84; opp d_ypa 1.01; pass rate 61.4%,1.0,
Jalon Daniels,TB,GB,QB,GB@TB,first_td,0.023945974025974023,4076,0.0921,0.0,C,-,team att 34.3; ypa 6.84; opp d_ypa 1.01; pass rate 61.4%,1.0,
Jalon Daniels,TB,GB,QB,GB@TB,last_td,0.023945974025974023,4076,0.0921,0.0,C,-,team att 34.3; ypa 6.84; opp d_ypa 1.01; pass rate 61.4%,1.0,
Jalon Daniels,TB,GB,QB,GB@TB,2plus_td,0.0039,25541,0.0921,0.0,C,-,team att 34.3; ypa 6.84; opp d_ypa 1.01; pass rate 61.4%,1.0,
Emeka Egbuka,TB,GB,WR,GB@TB,anytime_td,0.1575,535,0.00545,0.16495,B,-,tgt_sh 21.0%; team att 34.3; opp DvP 0.92; RZ tgt 2,1.0,
Emeka Egbuka,TB,GB,WR,GB@TB,first_td,0.04337147366522366,2206,0.00545,0.16495,B,-,tgt_sh 21.0%; team att 34.3; opp DvP 0.92; RZ tgt 2,1.0,
Emeka Egbuka,TB,GB,WR,GB@TB,last_td,0.04337147366522366,2206,0.00545,0.16495,B,-,tgt_sh 21.0%; team att 34.3; opp DvP 0.92; RZ tgt 2,1.0,
Emeka Egbuka,TB,GB,WR,GB@TB,2plus_td,0.0118,8375,0.00545,0.16495,B,-,tgt_sh 21.0%; team att 34.3; opp DvP 0.92; RZ tgt 2,1.0,
Kenny Gainwell,TB,GB,RB,GB@TB,anytime_td,0.1907,424,0.11275,0.0956,B,-,tgt_sh 9.4%; team att 34.3; opp DvP 0.94; RZ tgt 2; car_sh 18.4%; team rush 23.9; opp d_ypc 0.99; inside-10 car 0,1.0,
Kenny Gainwell,TB,GB,RB,GB@TB,first_td,0.05302181096681096,1786,0.11275,0.0956,B,-,tgt_sh 9.4%; team att 34.3; opp DvP 0.94; RZ tgt 2; car_sh 18.4%; team rush 23.9; opp d_ypc 0.99; inside-10 car 0,1.0,
Kenny Gainwell,TB,GB,RB,GB@TB,last_td,0.05302181096681096,1786,0.11275,0.0956,B,-,tgt_sh 9.4%; team att 34.3; opp DvP 0.94; RZ tgt 2; car_sh 18.4%; team rush 23.9; opp d_ypc 0.99; inside-10 car 0,1.0,
Kenny Gainwell,TB,GB,RB,GB@TB,2plus_td,0.0167,5888,0.11275,0.0956,B,-,tgt_sh 9.4%; team att 34.3; opp DvP 0.94; RZ tgt 2; car_sh 18.4%; team rush 23.9; opp d_ypc 0.99; inside-10 car 0,1.0,
Chris Godwin Jr.,TB,GB,WR,GB@TB,anytime_td,0.09305021339375098,975,0.009536856525633595,0.08746509299752357,C,no game designation yet (Full),tgt_sh 13.3%; team att 34.3; opp DvP 0.92; RZ tgt 0,0.9479829842591244,
Chris Godwin Jr.,TB,GB,WR,GB@TB,first_td,0.025084558409549186,3887,0.009536856525633595,0.08746509299752357,C,no game designation yet (Full),tgt_sh 13.3%; team att 34.3; opp DvP 0.92; RZ tgt 0,0.9479829842591244,
Chris Godwin Jr.,TB,GB,WR,GB@TB,last_td,0.025084558409549186,3887,0.009536856525633595,0.08746509299752357,C,no game designation yet (Full),tgt_sh 13.3%; team att 34.3; opp DvP 0.92; RZ tgt 0,0.9479829842591244,
Chris Godwin Jr.,TB,GB,WR,GB@TB,2plus_td,0.0038990463143474367,25547,0.009536856525633595,0.08746509299752357,C,no game designation yet (Full),tgt_sh 13.3%; team att 34.3; opp DvP 0.92; RZ tgt 0,0.9479829842591244,
Ted Hurst III,TB,GB,WR,GB@TB,anytime_td,0.1079,827,0.0,0.1143,C,-,tgt_sh 12.3%; team att 34.3; opp DvP 0.92; RZ tgt 2,1.0,
Ted Hurst III,TB,GB,WR,GB@TB,first_td,0.029468654401154402,3293,0.0,0.1143,C,-,tgt_sh 12.3%; team att 34.3; opp DvP 0.92; RZ tgt 2,1.0,
Ted Hurst III,TB,GB,WR,GB@TB,last_td,0.029468654401154402,3293,0.0,0.1143,C,-,tgt_sh 12.3%; team att 34.3; opp DvP 0.92; RZ tgt 2,1.0,
Ted Hurst III,TB,GB,WR,GB@TB,2plus_td,0.00615,16160,0.0,0.1143,C,-,tgt_sh 12.3%; team att 34.3; opp DvP 0.92; RZ tgt 2,1.0,
Bucky Irving,TB,GB,RB,GB@TB,anytime_td,0.39139570310448074,155,0.3395492987340442,0.14702946892892788,B,no game designation yet (Full),tgt_sh 12.7%; team att 34.3; opp DvP 0.94; RZ tgt 4; car_sh 56.4%; team rush 23.9; opp d_ypc 0.99; inside-10 car 1,0.9508674235277402,
Bucky Irving,TB,GB,RB,GB@TB,first_td,0.12347428198796588,710,0.3395492987340442,0.14702946892892788,B,no game designation yet (Full),tgt_sh 12.7%; team att 34.3; opp DvP 0.94; RZ tgt 4; car_sh 56.4%; team rush 23.9; opp d_ypc 0.99; inside-10 car 1,0.9508674235277402,
Bucky Irving,TB,GB,RB,GB@TB,last_td,0.12347428198796588,710,0.3395492987340442,0.14702946892892788,B,no game designation yet (Full),tgt_sh 12.7%; team att 34.3; opp DvP 0.94; RZ tgt 4; car_sh 56.4%; team rush 23.9; opp d_ypc 0.99; inside-10 car 1,0.9508674235277402,
Bucky Irving,TB,GB,RB,GB@TB,2plus_td,0.08341650470137102,1099,0.3395492987340442,0.14702946892892788,B,no game designation yet (Full),tgt_sh 12.7%; team att 34.3; opp DvP 0.94; RZ tgt 4; car_sh 56.4%; team rush 23.9; opp d_ypc 0.99; inside-10 car 1,0.9508674235277402,
Tez Johnson,TB,GB,WR,GB@TB,anytime_td,0.07835,1176,0.00605,0.07515,C,-,tgt_sh 6.8%; team att 34.3; opp DvP 0.92; RZ tgt 2,1.0,
Tez Johnson,TB,GB,WR,GB@TB,first_td,0.020918869047619047,4680,0.00605,0.07515,C,-,tgt_sh 6.8%; team att 34.3; opp DvP 0.92; RZ tgt 2,1.0,
Tez Johnson,TB,GB,WR,GB@TB,last_td,0.020918869047619047,4680,0.00605,0.07515,C,-,tgt_sh 6.8%; team att 34.3; opp DvP 0.92; RZ tgt 2,1.0,
Tez Johnson,TB,GB,WR,GB@TB,2plus_td,0.00275,36264,0.00605,0.07515,C,-,tgt_sh 6.8%; team att 34.3; opp DvP 0.92; RZ tgt 2,1.0,
Cade Otton,TB,GB,TE,GB@TB,anytime_td,0.1454,588,0.0,0.1569,B,-,tgt_sh 17.8%; team att 34.3; opp DvP 1.04; RZ tgt 2,1.0,
Cade Otton,TB,GB,TE,GB@TB,first_td,0.03974089646464646,2416,0.0,0.1569,B,-,tgt_sh 17.8%; team att 34.3; opp DvP 1.04; RZ tgt 2,1.0,
Cade Otton,TB,GB,TE,GB@TB,last_td,0.03974089646464646,2416,0.0,0.1569,B,-,tgt_sh 17.8%; team att 34.3; opp DvP 1.04; RZ tgt 2,1.0,
Cade Otton,TB,GB,TE,GB@TB,2plus_td,0.01095,9032,0.0,0.1569,B,-,tgt_sh 17.8%; team att 34.3; opp DvP 1.04; RZ tgt 2,1.0,
Malik Willis,MIA,MIN,QB,MIA@MIN,anytime_td,0.1125,789,0.1184,0.0,B,-,team att 31.9; ypa 7.26; opp d_ypa 0.99; pass rate 57.7%,1.0,
Malik Willis,MIA,MIN,QB,MIA@MIN,first_td,0.02934600108225108,3308,0.1184,0.0,B,-,team att 31.9; ypa 7.26; opp d_ypa 0.99; pass rate 57.7%,1.0,
Malik Willis,MIA,MIN,QB,MIA@MIN,last_td,0.02934600108225108,3308,0.1184,0.0,B,-,team att 31.9; ypa 7.26; opp d_ypa 0.99; pass rate 57.7%,1.0,
Malik Willis,MIA,MIN,QB,MIA@MIN,2plus_td,0.0057,17444,0.1184,0.0,B,-,team att 31.9; ypa 7.26; opp d_ypa 0.99; pass rate 57.7%,1.0,
Chris Bell,MIA,MIN,WR,MIA@MIN,anytime_td,0.09471853257432004,956,0.0,0.09940965633565255,C,no game designation yet (Full),tgt_sh 10.1%; team att 31.9; opp DvP 0.91; RZ tgt 0,0.9479829842591244,
Chris Bell,MIA,MIN,WR,MIA@MIN,first_td,0.024276806953910053,4019,0.0,0.09940965633565255,C,no game designation yet (Full),tgt_sh 10.1%; team att 31.9; opp DvP 0.91; RZ tgt 0,0.9479829842591244,
Chris Bell,MIA,MIN,WR,MIA@MIN,last_td,0.024276806953910053,4019,0.0,0.09940965633565255,C,no game designation yet (Full),tgt_sh 10.1%; team att 31.9; opp DvP 0.91; RZ tgt 0,0.9479829842591244,
Chris Bell,MIA,MIN,WR,MIA@MIN,2plus_td,0.004480286738351254,22220,0.0,0.09940965633565255,C,no game designation yet (Full),tgt_sh 10.1%; team att 31.9; opp DvP 0.91; RZ tgt 0,0.9479829842591244,
Kevin Coleman Jr.,MIA,MIN,WR,MIA@MIN,anytime_td,0.0538,1759,0.0,0.0556,C,-,tgt_sh 5.8%; team att 31.9; opp DvP 0.91; RZ tgt 0,1.0,
Kevin Coleman Jr.,MIA,MIN,WR,MIA@MIN,first_td,0.013291946248196249,7423,0.0,0.0556,C,-,tgt_sh 5.8%; team att 31.9; opp DvP 0.91; RZ tgt 0,1.0,
Kevin Coleman Jr.,MIA,MIN,WR,MIA@MIN,last_td,0.013291946248196249,7423,0.0,0.0556,C,-,tgt_sh 5.8%; team att 31.9; opp DvP 0.91; RZ tgt 0,1.0,
Kevin Coleman Jr.,MIA,MIN,WR,MIA@MIN,2plus_td,0.00175,57043,0.0,0.0556,C,-,tgt_sh 5.8%; team att 31.9; opp DvP 0.91; RZ tgt 0,1.0,
Greg Dulcich,MIA,MIN,TE,MIA@MIN,anytime_td,0.2125,371,0.0,0.23635,B,-,tgt_sh 14.9%; team att 31.9; opp DvP 1.05; RZ tgt 2,1.0,
Greg Dulcich,MIA,MIN,TE,MIA@MIN,first_td,0.05810495851370852,1621,0.0,0.23635,B,-,tgt_sh 14.9%; team att 31.9; opp DvP 1.05; RZ tgt 2,1.0,
Greg Dulcich,MIA,MIN,TE,MIA@MIN,last_td,0.05810495851370852,1621,0.0,0.23635,B,-,tgt_sh 14.9%; team att 31.9; opp DvP 1.05; RZ tgt 2,1.0,
Greg Dulcich,MIA,MIN,TE,MIA@MIN,2plus_td,0.02235,4374,0.0,0.23635,B,-,tgt_sh 14.9%; team att 31.9; opp DvP 1.05; RZ tgt 2,1.0,
Ollie Gordon II,MIA,MIN,RB,MIA@MIN,anytime_td,0.1887,430,0.1816,0.0256,B,-,tgt_sh 2.4%; team att 31.9; opp DvP 1.20; RZ tgt 0; car_sh 18.7%; team rush 26.2; opp d_ypc 0.93; inside-10 car 1,1.0,
Ollie Gordon II,MIA,MIN,RB,MIA@MIN,first_td,0.051361616161616164,1847,0.1816,0.0256,B,-,tgt_sh 2.4%; team att 31.9; opp DvP 1.20; RZ tgt 0; car_sh 18.7%; team rush 26.2; opp d_ypc 0.93; inside-10 car 1,1.0,
Ollie Gordon II,MIA,MIN,RB,MIA@MIN,last_td,0.051361616161616164,1847,0.1816,0.0256,B,-,tgt_sh 2.4%; team att 31.9; opp DvP 1.20; RZ tgt 0; car_sh 18.7%; team rush 26.2; opp d_ypc 0.93; inside-10 car 1,1.0,
Ollie Gordon II,MIA,MIN,RB,MIA@MIN,2plus_td,0.0173,5680,0.1816,0.0256,B,-,tgt_sh 2.4%; team att 31.9; opp DvP 1.20; RZ tgt 0; car_sh 18.7%; team rush 26.2; opp d_ypc 0.93; inside-10 car 1,1.0,
DJ Herman,MIA,MIN,RB,MIA@MIN,anytime_td,0.0451,2117,0.00485,0.0415,C,-,tgt_sh 3.8%; team att 31.9; opp DvP 1.20; RZ tgt 0,1.0,
DJ Herman,MIA,MIN,RB,MIA@MIN,first_td,0.011274007936507936,8770,0.00485,0.0415,C,-,tgt_sh 3.8%; team att 31.9; opp DvP 1.20; RZ tgt 0,1.0,
DJ Herman,MIA,MIN,RB,MIA@MIN,last_td,0.011274007936507936,8770,0.00485,0.0415,C,-,tgt_sh 3.8%; team att 31.9; opp DvP 1.20; RZ tgt 0,1.0,
DJ Herman,MIA,MIN,RB,MIA@MIN,2plus_td,0.00125,79900,0.00485,0.0415,C,-,tgt_sh 3.8%; team att 31.9; opp DvP 1.20; RZ tgt 0,1.0,
Will Kacmarek,MIA,MIN,TE,MIA@MIN,anytime_td,0.0197,4976,0.0,0.01985,C,-,w_td 0.02; team TD 1.19,1.0,
Will Kacmarek,MIA,MIN,TE,MIA@MIN,first_td,0.004798055555555555,20742,0.0,0.01985,C,-,w_td 0.02; team TD 1.19,1.0,
Will Kacmarek,MIA,MIN,TE,MIA@MIN,last_td,0.004798055555555555,20742,0.0,0.01985,C,-,w_td 0.02; team TD 1.19,1.0,
Will Kacmarek,MIA,MIN,TE,MIA@MIN,2plus_td,0.00015,666567,0.0,0.01985,C,-,w_td 0.02; team TD 1.19,1.0,
Ryan Miller,MIA,MIN,WR,MIA@MIN,anytime_td,0.0262,3717,0.0,0.0264,C,-,w_td 0.03; team TD 1.19,1.0,
Ryan Miller,MIA,MIN,WR,MIA@MIN,first_td,0.0066032395382395375,15044,0.0,0.0264,C,-,w_td 0.03; team TD 1.19,1.0,
Ryan Miller,MIA,MIN,WR,MIA@MIN,last_td,0.0066032395382395375,15044,0.0,0.0264,C,-,w_td 0.03; team TD 1.19,1.0,
Ryan Miller,MIA,MIN,WR,MIA@MIN,2plus_td,0.0002,499900,0.0,0.0264,C,-,w_td 0.03; team TD 1.19,1.0,
Malik Washington,MIA,MIN,WR,MIA@MIN,anytime_td,0.22245,350,0.01305,0.2352,B,-,tgt_sh 20.6%; team att 31.9; opp DvP 0.91; RZ tgt 1,1.0,
Malik Washington,MIA,MIN,WR,MIA@MIN,first_td,0.059827994227994216,1571,0.01305,0.2352,B,-,tgt_sh 20.6%; team att 31.9; opp DvP 0.91; RZ tgt 1,1.0,
Malik Washington,MIA,MIN,WR,MIA@MIN,last_td,0.059827994227994216,1571,0.01305,0.2352,B,-,tgt_sh 20.6%; team att 31.9; opp DvP 0.91; RZ tgt 1,1.0,
Malik Washington,MIA,MIN,WR,MIA@MIN,2plus_td,0.02415,4041,0.01305,0.2352,B,-,tgt_sh 20.6%; team att 31.9; opp DvP 0.91; RZ tgt 1,1.0,
Jaylen Wright,MIA,MIN,RB,MIA@MIN,anytime_td,0.11896869244935543,741,0.10586687713759536,0.020257826887661142,C,no game designation yet (Full),car_sh 10.0%; team rush 26.2; opp d_ypc 0.93; inside-10 car 1,0.9508674235277402,
Jaylen Wright,MIA,MIN,RB,MIA@MIN,first_td,0.03126624420625999,3098,0.10586687713759536,0.020257826887661142,C,no game designation yet (Full),car_sh 10.0%; team rush 26.2; opp d_ypc 0.93; inside-10 car 1,0.9508674235277402,
Jaylen Wright,MIA,MIN,RB,MIA@MIN,last_td,0.03126624420625999,3098,0.10586687713759536,0.020257826887661142,C,no game designation yet (Full),car_sh 10.0%; team rush 26.2; opp d_ypc 0.93; inside-10 car 1,0.9508674235277402,
Jaylen Wright,MIA,MIN,RB,MIA@MIN,2plus_td,0.007103393843725336,13978,0.10586687713759536,0.020257826887661142,C,no game designation yet (Full),car_sh 10.0%; team rush 26.2; opp d_ypc 0.93; inside-10 car 1,0.9508674235277402,
Kyler Murray,MIN,MIA,QB,MIA@MIN,anytime_td,0.07025,1323,0.0728,0.0,C,-,team att 27.6; ypa 7.63; opp d_ypa 1.11; pass rate 49.5%,1.0,
Kyler Murray,MIN,MIA,QB,MIA@MIN,first_td,0.0189913961038961,5166,0.0728,0.0,C,-,team att 27.6; ypa 7.63; opp d_ypa 1.11; pass rate 49.5%,1.0,
Kyler Murray,MIN,MIA,QB,MIA@MIN,last_td,0.0189913961038961,5166,0.0728,0.0,C,-,team att 27.6; ypa 7.63; opp d_ypa 1.11; pass rate 49.5%,1.0,
Kyler Murray,MIN,MIA,QB,MIA@MIN,2plus_td,0.00245,40716,0.0728,0.0,C,-,team att 27.6; ypa 7.63; opp d_ypa 1.11; pass rate 49.5%,1.0,
Jordan Addison,MIN,MIA,WR,MIA@MIN,anytime_td,0.3912,156,0.0,0.4848,B,-,tgt_sh 18.2%; team att 27.6; opp DvP 1.04; RZ tgt 1,1.0,
Jordan Addison,MIN,MIA,WR,MIA@MIN,first_td,0.12297754148629149,713,0.0,0.4848,B,-,tgt_sh 18.2%; team att 27.6; opp DvP 1.04; RZ tgt 1,1.0,
Jordan Addison,MIN,MIA,WR,MIA@MIN,last_td,0.12297754148629149,713,0.0,0.4848,B,-,tgt_sh 18.2%; team att 27.6; opp DvP 1.04; RZ tgt 1,1.0,
Jordan Addison,MIN,MIA,WR,MIA@MIN,2plus_td,0.0818,1122,0.0,0.4848,B,-,tgt_sh 18.2%; team att 27.6; opp DvP 1.04; RZ tgt 1,1.0,
Max Bredeson,MIN,MIA,RB,MIA@MIN,anytime_td,0.0235,4155,0.0117,0.0119,C,-,w_td 0.01; team TD 2.52,1.0,
Max Bredeson,MIN,MIA,RB,MIA@MIN,first_td,0.006042424242424242,16450,0.0117,0.0119,C,-,w_td 0.01; team TD 2.52,1.0,
Max Bredeson,MIN,MIA,RB,MIA@MIN,last_td,0.006042424242424242,16450,0.0117,0.0119,C,-,w_td 0.01; team TD 2.52,1.0,
Max Bredeson,MIN,MIA,RB,MIA@MIN,2plus_td,0.0001,999900,0.0117,0.0119,C,-,w_td 0.01; team TD 2.52,1.0,
Demond Claiborne,MIN,MIA,RB,MIA@MIN,anytime_td,0.09015,1009,0.0511,0.0428,C,-,w_td 0.05; team TD 2.52,1.0,
Demond Claiborne,MIN,MIA,RB,MIA@MIN,first_td,0.023701973304473302,4119,0.0511,0.0428,C,-,w_td 0.05; team TD 2.52,1.0,
Demond Claiborne,MIN,MIA,RB,MIA@MIN,last_td,0.023701973304473302,4119,0.0511,0.0428,C,-,w_td 0.05; team TD 2.52,1.0,
Demond Claiborne,MIN,MIA,RB,MIA@MIN,2plus_td,0.0035,28471,0.0511,0.0428,C,-,w_td 0.05; team TD 2.52,1.0,
DeeJay Dallas,MIN,MIA,RB,MIA@MIN,anytime_td,0.0965,936,0.04,0.06195,C,-,tgt_sh 2.9%; team att 27.6; opp DvP 0.86; RZ tgt 0,1.0,
DeeJay Dallas,MIN,MIA,RB,MIA@MIN,first_td,0.026188677849927847,3718,0.04,0.06195,C,-,tgt_sh 2.9%; team att 27.6; opp DvP 0.86; RZ tgt 0,1.0,
DeeJay Dallas,MIN,MIA,RB,MIA@MIN,last_td,0.026188677849927847,3718,0.04,0.06195,C,-,tgt_sh 2.9%; team att 27.6; opp DvP 0.86; RZ tgt 0,1.0,
DeeJay Dallas,MIN,MIA,RB,MIA@MIN,2plus_td,0.0053,18768,0.04,0.06195,C,-,tgt_sh 2.9%; team att 27.6; opp DvP 0.86; RZ tgt 0,1.0,
Tai Felton,MIN,MIA,WR,MIA@MIN,anytime_td,0.04695,2030,0.0,0.04795,C,-,w_td 0.02; team TD 2.52,1.0,
Tai Felton,MIN,MIA,WR,MIA@MIN,first_td,0.01210653318903319,8160,0.0,0.04795,C,-,w_td 0.02; team TD 2.52,1.0,
Tai Felton,MIN,MIA,WR,MIA@MIN,last_td,0.01210653318903319,8160,0.0,0.04795,C,-,w_td 0.02; team TD 2.52,1.0,
Tai Felton,MIN,MIA,WR,MIA@MIN,2plus_td,0.001,99900,0.0,0.04795,C,-,w_td 0.02; team TD 2.52,1.0,
T.J. Hockenson,MIN,MIA,TE,MIA@MIN,anytime_td,0.39995,150,0.0,0.5014,B,-,tgt_sh 17.4%; team att 27.6; opp DvP 0.89; RZ tgt 2,1.0,
T.J. Hockenson,MIN,MIA,TE,MIA@MIN,first_td,0.12572044913419914,695,0.0,0.5014,B,-,tgt_sh 17.4%; team att 27.6; opp DvP 0.89; RZ tgt 2,1.0,
T.J. Hockenson,MIN,MIA,TE,MIA@MIN,last_td,0.12572044913419914,695,0.0,0.5014,B,-,tgt_sh 17.4%; team att 27.6; opp DvP 0.89; RZ tgt 2,1.0,
T.J. Hockenson,MIN,MIA,TE,MIA@MIN,2plus_td,0.08735,1045,0.0,0.5014,B,-,tgt_sh 17.4%; team att 27.6; opp DvP 0.89; RZ tgt 2,1.0,
Jauan Jennings,MIN,MIA,WR,MIA@MIN,anytime_td,0.2001,400,0.0,0.22105,C,-,tgt_sh 9.7%; team att 27.6; opp DvP 1.04; RZ tgt 0,1.0,
Jauan Jennings,MIN,MIA,WR,MIA@MIN,first_td,0.05621633838383839,1679,0.0,0.22105,C,-,tgt_sh 9.7%; team att 27.6; opp DvP 1.04; RZ tgt 0,1.0,
Jauan Jennings,MIN,MIA,WR,MIA@MIN,last_td,0.05621633838383839,1679,0.0,0.22105,C,-,tgt_sh 9.7%; team att 27.6; opp DvP 1.04; RZ tgt 0,1.0,
Jauan Jennings,MIN,MIA,WR,MIA@MIN,2plus_td,0.0201,4875,0.0,0.22105,C,-,tgt_sh 9.7%; team att 27.6; opp DvP 1.04; RZ tgt 0,1.0,
Aaron Jones,MIN,MIA,RB,MIA@MIN,anytime_td,0.5723753577345986,-134,0.6067680875633881,0.20881658884370136,B,no game designation yet (Limited),tgt_sh 10.2%; team att 27.6; opp DvP 0.86; RZ tgt 0; car_sh 47.0%; team rush 29.7; opp d_ypc 0.92; inside-10 car 1,0.9951309141019752,
Aaron Jones,MIN,MIA,RB,MIA@MIN,first_td,0.20883580640321114,379,0.6067680875633881,0.20881658884370136,B,no game designation yet (Limited),tgt_sh 10.2%; team att 27.6; opp DvP 0.86; RZ tgt 0; car_sh 47.0%; team rush 29.7; opp d_ypc 0.92; inside-10 car 1,0.9951309141019752,
Aaron Jones,MIN,MIA,RB,MIA@MIN,last_td,0.20883580640321114,379,0.6067680875633881,0.20881658884370136,B,no game designation yet (Limited),tgt_sh 10.2%; team att 27.6; opp DvP 0.86; RZ tgt 0; car_sh 47.0%; team rush 29.7; opp d_ypc 0.92; inside-10 car 1,0.9951309141019752,
Aaron Jones,MIN,MIA,RB,MIA@MIN,2plus_td,0.19817241552442638,405,0.6067680875633881,0.20881658884370136,B,no game designation yet (Limited),tgt_sh 10.2%; team att 27.6; opp DvP 0.86; RZ tgt 0; car_sh 47.0%; team rush 29.7; opp d_ypc 0.92; inside-10 car 1,0.9951309141019752,
Myles Price,MIN,MIA,WR,MIA@MIN,anytime_td,0.03815,2521,0.0,0.03885,C,-,w_td 0.02; team TD 2.52,1.0,
Myles Price,MIN,MIA,WR,MIA@MIN,first_td,0.009434384920634921,10500,0.0,0.03885,C,-,w_td 0.02; team TD 2.52,1.0,
Myles Price,MIN,MIA,WR,MIA@MIN,last_td,0.009434384920634921,10500,0.0,0.03885,C,-,w_td 0.02; team TD 2.52,1.0,
Myles Price,MIN,MIA,WR,MIA@MIN,2plus_td,0.0007,142757,0.0,0.03885,C,-,w_td 0.02; team TD 2.52,1.0,
Patrick Mahomes,KC,LV,QB,KC@LV,anytime_td,0.10296817625458997,871,0.10771113831089352,0.0,B,no game designation yet (Full),team att 30.8; ypa 7.53; opp d_ypa 0.99; pass rate 52.9%,0.98,
Patrick Mahomes,KC,LV,QB,KC@LV,first_td,0.020886376815079384,4688,0.10771113831089352,0.0,B,no game designation yet (Full),team att 30.8; ypa 7.53; opp d_ypa 0.99; pass rate 52.9%,0.98,
Patrick Mahomes,KC,LV,QB,KC@LV,last_td,0.020886376815079384,4688,0.10771113831089352,0.0,B,no game designation yet (Full),team att 30.8; ypa 7.53; opp d_ypa 0.99; pass rate 52.9%,0.98,
Patrick Mahomes,KC,LV,QB,KC@LV,2plus_td,0.004589963280293758,21687,0.10771113831089352,0.0,B,no game designation yet (Full),team att 30.8; ypa 7.53; opp d_ypa 0.99; pass rate 52.9%,0.98,
Cyrus Allen,KC,LV,WR,KC@LV,anytime_td,0.0205,4778,0.0,0.0209,C,-,w_td 0.01; team TD 2.82,1.0,
Cyrus Allen,KC,LV,WR,KC@LV,first_td,0.00399422854922855,24936,0.0,0.0209,C,-,w_td 0.01; team TD 2.82,1.0,
Cyrus Allen,KC,LV,WR,KC@LV,last_td,0.00399422854922855,24936,0.0,0.0209,C,-,w_td 0.01; team TD 2.82,1.0,
Cyrus Allen,KC,LV,WR,KC@LV,2plus_td,0.00035,285614,0.0,0.0209,C,-,w_td 0.01; team TD 2.82,1.0,
Jake Briningstool,KC,LV,TE,KC@LV,anytime_td,0.03325,2908,0.0,0.0337,C,-,w_td 0.02; team TD 2.82,1.0,
Jake Briningstool,KC,LV,TE,KC@LV,first_td,0.006600394327894327,15051,0.0,0.0337,C,-,w_td 0.02; team TD 2.82,1.0,
Jake Briningstool,KC,LV,TE,KC@LV,last_td,0.006600394327894327,15051,0.0,0.0337,C,-,w_td 0.02; team TD 2.82,1.0,
Jake Briningstool,KC,LV,TE,KC@LV,2plus_td,0.00045,222122,0.0,0.0337,C,-,w_td 0.02; team TD 2.82,1.0,
Noah Gray,KC,LV,TE,KC@LV,anytime_td,0.1191,740,0.0,0.12495,C,-,tgt_sh 6.2%; team att 30.8; opp DvP 1.00; RZ tgt 1,1.0,
Noah Gray,KC,LV,TE,KC@LV,first_td,0.02426954476079476,4020,0.0,0.12495,C,-,tgt_sh 6.2%; team att 30.8; opp DvP 1.00; RZ tgt 1,1.0,
Noah Gray,KC,LV,TE,KC@LV,last_td,0.02426954476079476,4020,0.0,0.12495,C,-,tgt_sh 6.2%; team att 30.8; opp DvP 1.00; RZ tgt 1,1.0,
Noah Gray,KC,LV,TE,KC@LV,2plus_td,0.00565,17599,0.0,0.12495,C,-,tgt_sh 6.2%; team att 30.8; opp DvP 1.00; RZ tgt 1,1.0,
Emmett Johnson,KC,LV,RB,KC@LV,anytime_td,0.189,429,0.15895,0.0493,B,-,tgt_sh 3.6%; team att 30.8; opp DvP 0.96; RZ tgt 0; car_sh 21.9%; team rush 29.3; opp d_ypc 1.03; inside-10 car 0,1.0,
Emmett Johnson,KC,LV,RB,KC@LV,first_td,0.039813983793983786,2412,0.15895,0.0493,B,-,tgt_sh 3.6%; team att 30.8; opp DvP 0.96; RZ tgt 0; car_sh 21.9%; team rush 29.3; opp d_ypc 1.03; inside-10 car 0,1.0,
Emmett Johnson,KC,LV,RB,KC@LV,last_td,0.039813983793983786,2412,0.15895,0.0493,B,-,tgt_sh 3.6%; team att 30.8; opp DvP 0.96; RZ tgt 0; car_sh 21.9%; team rush 29.3; opp d_ypc 1.03; inside-10 car 0,1.0,
Emmett Johnson,KC,LV,RB,KC@LV,2plus_td,0.0179,5487,0.15895,0.0493,B,-,tgt_sh 3.6%; team att 30.8; opp DvP 0.96; RZ tgt 0; car_sh 21.9%; team rush 29.3; opp d_ypc 1.03; inside-10 car 0,1.0,
Travis Kelce,KC,LV,TE,KC@LV,anytime_td,0.2912,243,0.0,0.34105,B,-,tgt_sh 19.2%; team att 30.8; opp DvP 1.00; RZ tgt 2,1.0,
Travis Kelce,KC,LV,TE,KC@LV,first_td,0.06508417055167055,1436,0.0,0.34105,B,-,tgt_sh 19.2%; team att 30.8; opp DvP 1.00; RZ tgt 2,1.0,
Travis Kelce,KC,LV,TE,KC@LV,last_td,0.06508417055167055,1436,0.0,0.34105,B,-,tgt_sh 19.2%; team att 30.8; opp DvP 1.00; RZ tgt 2,1.0,
Travis Kelce,KC,LV,TE,KC@LV,2plus_td,0.0453,2108,0.0,0.34105,B,-,tgt_sh 19.2%; team att 30.8; opp DvP 1.00; RZ tgt 2,1.0,
Rashee Rice,KC,LV,WR,KC@LV,anytime_td,0.36680945581469143,173,0.0,0.4437569411391401,C,no game designation yet (Full),tgt_sh 23.9%; team att 30.8; opp DvP 0.89; RZ tgt 4,0.9479829842591244,
Rashee Rice,KC,LV,WR,KC@LV,first_td,0.08515801146691199,1074,0.0,0.4437569411391401,C,no game designation yet (Full),tgt_sh 23.9%; team att 30.8; opp DvP 0.89; RZ tgt 4,0.9479829842591244,
Rashee Rice,KC,LV,WR,KC@LV,last_td,0.08515801146691199,1074,0.0,0.4437569411391401,C,no game designation yet (Full),tgt_sh 23.9%; team att 30.8; opp DvP 0.89; RZ tgt 4,0.9479829842591244,
Rashee Rice,KC,LV,WR,KC@LV,2plus_td,0.06848590618224126,1360,0.0,0.4437569411391401,C,no game designation yet (Full),tgt_sh 23.9%; team att 30.8; opp DvP 0.89; RZ tgt 4,0.9479829842591244,
Jalen Royals,KC,LV,WR,KC@LV,anytime_td,0.0575,1639,0.0,0.05905,C,-,w_td 0.03; team TD 2.82,1.0,
Jalen Royals,KC,LV,WR,KC@LV,first_td,0.011044727633477632,8954,0.0,0.05905,C,-,w_td 0.03; team TD 2.82,1.0,
Jalen Royals,KC,LV,WR,KC@LV,last_td,0.011044727633477632,8954,0.0,0.05905,C,-,w_td 0.03; team TD 2.82,1.0,
Jalen Royals,KC,LV,WR,KC@LV,2plus_td,0.0015,66567,0.0,0.05905,C,-,w_td 0.03; team TD 2.82,1.0,
Brashard Smith,KC,LV,RB,KC@LV,anytime_td,0.08235,1114,0.0113,0.07425,C,-,w_td 0.05; team TD 2.82,1.0,
Brashard Smith,KC,LV,RB,KC@LV,first_td,0.01634536616161616,6018,0.0113,0.07425,C,-,w_td 0.05; team TD 2.82,1.0,
Brashard Smith,KC,LV,RB,KC@LV,last_td,0.01634536616161616,6018,0.0113,0.07425,C,-,w_td 0.05; team TD 2.82,1.0,
Brashard Smith,KC,LV,RB,KC@LV,2plus_td,0.0031,32158,0.0113,0.07425,C,-,w_td 0.05; team TD 2.82,1.0,
Tyquan Thornton,KC,LV,WR,KC@LV,anytime_td,0.09735,927,0.0,0.1016,C,-,tgt_sh 7.6%; team att 30.8; opp DvP 0.89; RZ tgt 0,1.0,
Tyquan Thornton,KC,LV,WR,KC@LV,first_td,0.019746449522699522,4964,0.0,0.1016,C,-,tgt_sh 7.6%; team att 30.8; opp DvP 0.89; RZ tgt 0,1.0,
Tyquan Thornton,KC,LV,WR,KC@LV,last_td,0.019746449522699522,4964,0.0,0.1016,C,-,tgt_sh 7.6%; team att 30.8; opp DvP 0.89; RZ tgt 0,1.0,
Tyquan Thornton,KC,LV,WR,KC@LV,2plus_td,0.0042,23710,0.0,0.1016,C,-,tgt_sh 7.6%; team att 30.8; opp DvP 0.89; RZ tgt 0,1.0,
Kenneth Walker III,KC,LV,RB,KC@LV,anytime_td,0.6359,-175,0.60925,0.3563,B,-,tgt_sh 14.4%; team att 30.8; opp DvP 0.96; RZ tgt 5; car_sh 59.4%; team rush 29.3; opp d_ypc 1.03; inside-10 car 8,1.0,
Kenneth Walker III,KC,LV,RB,KC@LV,first_td,0.1860185651848152,438,0.60925,0.3563,B,-,tgt_sh 14.4%; team att 30.8; opp DvP 0.96; RZ tgt 5; car_sh 59.4%; team rush 29.3; opp d_ypc 1.03; inside-10 car 8,1.0,
Kenneth Walker III,KC,LV,RB,KC@LV,last_td,0.1860185651848152,438,0.60925,0.3563,B,-,tgt_sh 14.4%; team att 30.8; opp DvP 0.96; RZ tgt 5; car_sh 59.4%; team rush 29.3; opp d_ypc 1.03; inside-10 car 8,1.0,
Kenneth Walker III,KC,LV,RB,KC@LV,2plus_td,0.251,298,0.60925,0.3563,B,-,tgt_sh 14.4%; team att 30.8; opp DvP 0.96; RZ tgt 5; car_sh 59.4%; team rush 29.3; opp d_ypc 1.03; inside-10 car 8,1.0,
Xavier Worthy,KC,LV,WR,KC@LV,anytime_td,0.2842,252,0.0,0.32965,B,-,tgt_sh 15.0%; team att 30.8; opp DvP 0.89; RZ tgt 4,1.0,
Xavier Worthy,KC,LV,WR,KC@LV,first_td,0.06270120143745143,1495,0.0,0.32965,B,-,tgt_sh 15.0%; team att 30.8; opp DvP 0.89; RZ tgt 4,1.0,
Xavier Worthy,KC,LV,WR,KC@LV,last_td,0.06270120143745143,1495,0.0,0.32965,B,-,tgt_sh 15.0%; team att 30.8; opp DvP 0.89; RZ tgt 4,1.0,
Xavier Worthy,KC,LV,WR,KC@LV,2plus_td,0.041,2339,0.0,0.32965,B,-,tgt_sh 15.0%; team att 30.8; opp DvP 0.89; RZ tgt 4,1.0,
Kirk Cousins,LV,KC,QB,KC@LV,anytime_td,0.04465,2140,0.0461,0.0,B,-,team att 31.4; ypa 6.55; opp d_ypa 0.91; pass rate 53.8%,1.0,
Kirk Cousins,LV,KC,QB,KC@LV,first_td,0.008666757964257964,11438,0.0461,0.0,B,-,team att 31.4; ypa 6.55; opp d_ypa 0.91; pass rate 53.8%,1.0,
Kirk Cousins,LV,KC,QB,KC@LV,last_td,0.008666757964257964,11438,0.0461,0.0,B,-,team att 31.4; ypa 6.55; opp d_ypa 0.91; pass rate 53.8%,1.0,
Kirk Cousins,LV,KC,QB,KC@LV,2plus_td,0.00135,73974,0.0461,0.0,B,-,team att 31.4; ypa 6.55; opp d_ypa 0.91; pass rate 53.8%,1.0,
Cody White,LV,KC,WR,KC@LV,anytime_td,0.15192317728719795,558,0.0,0.16309169667553886,C,no game designation yet (Limited),tgt_sh 4.5%; team att 31.4; opp DvP 0.91; RZ tgt 4,0.9575230478992892,
Cody White,LV,KC,WR,KC@LV,first_td,0.030875416588583962,3139,0.0,0.16309169667553886,C,no game designation yet (Limited),tgt_sh 4.5%; team att 31.4; opp DvP 0.91; RZ tgt 4,0.9575230478992892,
Cody White,LV,KC,WR,KC@LV,last_td,0.030875416588583962,3139,0.0,0.16309169667553886,C,no game designation yet (Limited),tgt_sh 4.5%; team att 31.4; opp DvP 0.91; RZ tgt 4,0.9575230478992892,
Cody White,LV,KC,WR,KC@LV,2plus_td,0.010751004644851521,9201,0.0,0.16309169667553886,C,no game designation yet (Limited),tgt_sh 4.5%; team att 31.4; opp DvP 0.91; RZ tgt 4,0.9575230478992892,
Malik Benson,LV,KC,WR,KC@LV,anytime_td,0.043848063817423004,2181,0.005230070262560093,0.039199112472925145,C,no game designation yet (Full),w_td 0.03; team TD 2.18,0.9479829842591244,
Malik Benson,LV,KC,WR,KC@LV,first_td,0.008460092422531007,11720,0.005230070262560093,0.039199112472925145,C,no game designation yet (Full),w_td 0.03; team TD 2.18,0.9479829842591244,
Malik Benson,LV,KC,WR,KC@LV,last_td,0.008460092422531007,11720,0.005230070262560093,0.039199112472925145,C,no game designation yet (Full),w_td 0.03; team TD 2.18,0.9479829842591244,
Malik Benson,LV,KC,WR,KC@LV,2plus_td,0.0005282899255111205,189190,0.005230070262560093,0.039199112472925145,C,no game designation yet (Full),w_td 0.03; team TD 2.18,0.9479829842591244,
Brock Bowers,LV,KC,TE,KC@LV,anytime_td,0.3629958246346555,175,0.0,0.44107515657620044,C,no game designation yet (Limited),tgt_sh 25.8%; team att 31.4; opp DvP 1.19; RZ tgt 3,0.9575230478992892,
Brock Bowers,LV,KC,TE,KC@LV,first_td,0.0829252203665043,1106,0.0,0.44107515657620044,C,no game designation yet (Limited),tgt_sh 25.8%; team att 31.4; opp DvP 1.19; RZ tgt 3,0.9575230478992892,
Brock Bowers,LV,KC,TE,KC@LV,last_td,0.0829252203665043,1106,0.0,0.44107515657620044,C,no game designation yet (Limited),tgt_sh 25.8%; team att 31.4; opp DvP 1.19; RZ tgt 3,0.9575230478992892,
Brock Bowers,LV,KC,TE,KC@LV,2plus_td,0.06842379958246346,1361,0.0,0.44107515657620044,C,no game designation yet (Limited),tgt_sh 25.8%; team att 31.4; opp DvP 1.19; RZ tgt 3,0.9575230478992892,
Connor Heyward,LV,KC,RB,KC@LV,anytime_td,0.02695,3611,0.02205,0.00535,C,-,w_td 0.04; team TD 2.18,1.0,
Connor Heyward,LV,KC,RB,KC@LV,first_td,0.005099960872460872,19508,0.02205,0.00535,C,-,w_td 0.04; team TD 2.18,1.0,
Connor Heyward,LV,KC,RB,KC@LV,last_td,0.005099960872460872,19508,0.02205,0.00535,C,-,w_td 0.04; team TD 2.18,1.0,
Connor Heyward,LV,KC,RB,KC@LV,2plus_td,0.00045,222122,0.02205,0.00535,C,-,w_td 0.04; team TD 2.18,1.0,
Ashton Jeanty,LV,KC,RB,KC@LV,anytime_td,0.5173919907383044,-107,0.41588170288901755,0.2829026995737515,B,no game designation yet (Full),tgt_sh 14.7%; team att 31.4; opp DvP 0.93; RZ tgt 4; car_sh 61.4%; team rush 28.3; opp d_ypc 0.96; inside-10 car 7,0.9508674235277402,
Ashton Jeanty,LV,KC,RB,KC@LV,first_td,0.133885998435017,647,0.41588170288901755,0.2829026995737515,B,no game designation yet (Full),tgt_sh 14.7%; team att 31.4; opp DvP 0.93; RZ tgt 4; car_sh 61.4%; team rush 28.3; opp d_ypc 0.96; inside-10 car 7,0.9508674235277402,
Ashton Jeanty,LV,KC,RB,KC@LV,last_td,0.133885998435017,647,0.41588170288901755,0.2829026995737515,B,no game designation yet (Full),tgt_sh 14.7%; team att 31.4; opp DvP 0.93; RZ tgt 4; car_sh 61.4%; team rush 28.3; opp d_ypc 0.96; inside-10 car 7,0.9508674235277402,
Ashton Jeanty,LV,KC,RB,KC@LV,2plus_td,0.1501341893385255,566,0.41588170288901755,0.2829026995737515,B,no game designation yet (Full),tgt_sh 14.7%; team att 31.4; opp DvP 0.93; RZ tgt 4; car_sh 61.4%; team rush 28.3; opp d_ypc 0.96; inside-10 car 7,0.9508674235277402,
Michael Mayer,LV,KC,TE,KC@LV,anytime_td,0.22925,336,0.0,0.2561,B,-,tgt_sh 14.1%; team att 31.4; opp DvP 1.19; RZ tgt 2,1.0,
Michael Mayer,LV,KC,TE,KC@LV,first_td,0.04793202353202353,1986,0.0,0.2561,B,-,tgt_sh 14.1%; team att 31.4; opp DvP 1.19; RZ tgt 2,1.0,
Michael Mayer,LV,KC,TE,KC@LV,last_td,0.04793202353202353,1986,0.0,0.2561,B,-,tgt_sh 14.1%; team att 31.4; opp DvP 1.19; RZ tgt 2,1.0,
Michael Mayer,LV,KC,TE,KC@LV,2plus_td,0.02495,3908,0.0,0.2561,B,-,tgt_sh 14.1%; team att 31.4; opp DvP 1.19; RZ tgt 2,1.0,
Jalen Nailor,LV,KC,WR,KC@LV,anytime_td,0.1427,601,0.0,0.15125,C,-,tgt_sh 10.2%; team att 31.4; opp DvP 0.91; RZ tgt 1,1.0,
Jalen Nailor,LV,KC,WR,KC@LV,first_td,0.028542946497946496,3403,0.0,0.15125,C,-,tgt_sh 10.2%; team att 31.4; opp DvP 0.91; RZ tgt 1,1.0,
Jalen Nailor,LV,KC,WR,KC@LV,last_td,0.028542946497946496,3403,0.0,0.15125,C,-,tgt_sh 10.2%; team att 31.4; opp DvP 0.91; RZ tgt 1,1.0,
Jalen Nailor,LV,KC,WR,KC@LV,2plus_td,0.00825,12021,0.0,0.15125,C,-,tgt_sh 10.2%; team att 31.4; opp DvP 0.91; RZ tgt 1,1.0,
Ian Thomas,LV,KC,TE,KC@LV,anytime_td,0.02215,4415,0.0,0.02225,C,-,w_td 0.02; team TD 2.18,1.0,
Ian Thomas,LV,KC,TE,KC@LV,first_td,0.004153167388167388,23978,0.0,0.02225,C,-,w_td 0.02; team TD 2.18,1.0,
Ian Thomas,LV,KC,TE,KC@LV,last_td,0.004153167388167388,23978,0.0,0.02225,C,-,w_td 0.02; team TD 2.18,1.0,
Ian Thomas,LV,KC,TE,KC@LV,2plus_td,0.0001,999900,0.0,0.02225,C,-,w_td 0.02; team TD 2.18,1.0,
Tre Tucker,LV,KC,WR,KC@LV,anytime_td,0.1937,416,0.0,0.21485,C,-,tgt_sh 15.8%; team att 31.4; opp DvP 0.91; RZ tgt 1,1.0,
Tre Tucker,LV,KC,WR,KC@LV,first_td,0.04054172286047286,2367,0.0,0.21485,C,-,tgt_sh 15.8%; team att 31.4; opp DvP 0.91; RZ tgt 1,1.0,
Tre Tucker,LV,KC,WR,KC@LV,last_td,0.04054172286047286,2367,0.0,0.21485,C,-,tgt_sh 15.8%; team att 31.4; opp DvP 0.91; RZ tgt 1,1.0,
Tre Tucker,LV,KC,WR,KC@LV,2plus_td,0.0199,4925,0.0,0.21485,C,-,tgt_sh 15.8%; team att 31.4; opp DvP 0.91; RZ tgt 1,1.0,
Mike Washington Jr.,LV,KC,RB,KC@LV,anytime_td,0.1338,647,0.12915,0.01455,B,-,car_sh 21.0%; team rush 28.3; opp d_ypc 0.96; inside-10 car 1,1.0,
Mike Washington Jr.,LV,KC,RB,KC@LV,first_td,0.02752782634032634,3533,0.12915,0.01455,B,-,car_sh 21.0%; team rush 28.3; opp d_ypc 0.96; inside-10 car 1,1.0,
Mike Washington Jr.,LV,KC,RB,KC@LV,last_td,0.02752782634032634,3533,0.12915,0.01455,B,-,car_sh 21.0%; team rush 28.3; opp d_ypc 0.96; inside-10 car 1,1.0,
Mike Washington Jr.,LV,KC,RB,KC@LV,2plus_td,0.0094,10538,0.12915,0.01455,B,-,car_sh 21.0%; team rush 28.3; opp d_ypc 0.96; inside-10 car 1,1.0,
Justin Herbert,LAC,SEA,QB,LAC@SEA,anytime_td,0.1006,894,0.1058,0.0,B,-,team att 31.4; ypa 6.19; opp d_ypa 0.86; pass rate 56.5%,1.0,
Justin Herbert,LAC,SEA,QB,LAC@SEA,first_td,0.021637991175491176,4522,0.1058,0.0,B,-,team att 31.4; ypa 6.19; opp d_ypa 0.86; pass rate 56.5%,1.0,
Justin Herbert,LAC,SEA,QB,LAC@SEA,last_td,0.021637991175491176,4522,0.1058,0.0,B,-,team att 31.4; ypa 6.19; opp d_ypa 0.86; pass rate 56.5%,1.0,
Justin Herbert,LAC,SEA,QB,LAC@SEA,2plus_td,0.00515,19317,0.1058,0.0,B,-,team att 31.4; ypa 6.19; opp d_ypa 0.86; pass rate 56.5%,1.0,
Derius Davis,LAC,SEA,WR,LAC@SEA,anytime_td,0.02025,4838,0.0,0.02035,C,-,w_td 0.01; team TD 1.83,1.0,
Derius Davis,LAC,SEA,WR,LAC@SEA,first_td,0.004089016955266955,24356,0.0,0.02035,C,-,w_td 0.01; team TD 1.83,1.0,
Derius Davis,LAC,SEA,WR,LAC@SEA,last_td,0.004089016955266955,24356,0.0,0.02035,C,-,w_td 0.01; team TD 1.83,1.0,
Derius Davis,LAC,SEA,WR,LAC@SEA,2plus_td,0.0001,999900,0.0,0.02035,C,-,w_td 0.01; team TD 1.83,1.0,
Oronde Gadsden II,LAC,SEA,TE,LAC@SEA,anytime_td,0.1873,434,0.0,0.20575,C,-,tgt_sh 10.3%; team att 31.4; opp DvP 0.97; RZ tgt 2,1.0,
Oronde Gadsden II,LAC,SEA,TE,LAC@SEA,first_td,0.0418239183039183,2291,0.0,0.20575,C,-,tgt_sh 10.3%; team att 31.4; opp DvP 0.97; RZ tgt 2,1.0,
Oronde Gadsden II,LAC,SEA,TE,LAC@SEA,last_td,0.0418239183039183,2291,0.0,0.20575,C,-,tgt_sh 10.3%; team att 31.4; opp DvP 0.97; RZ tgt 2,1.0,
Oronde Gadsden II,LAC,SEA,TE,LAC@SEA,2plus_td,0.0174,5647,0.0,0.20575,C,-,tgt_sh 10.3%; team att 31.4; opp DvP 0.97; RZ tgt 2,1.0,
Omarion Hampton,LAC,SEA,RB,LAC@SEA,anytime_td,0.32085,212,0.3056,0.07795,B,-,tgt_sh 5.8%; team att 31.4; opp DvP 1.01; RZ tgt 0; car_sh 53.0%; team rush 26.3; opp d_ypc 0.90; inside-10 car 5,1.0,
Omarion Hampton,LAC,SEA,RB,LAC@SEA,first_td,0.07860776445776446,1172,0.3056,0.07795,B,-,tgt_sh 5.8%; team att 31.4; opp DvP 1.01; RZ tgt 0; car_sh 53.0%; team rush 26.3; opp d_ypc 0.90; inside-10 car 5,1.0,
Omarion Hampton,LAC,SEA,RB,LAC@SEA,last_td,0.07860776445776446,1172,0.3056,0.07795,B,-,tgt_sh 5.8%; team att 31.4; opp DvP 1.01; RZ tgt 0; car_sh 53.0%; team rush 26.3; opp d_ypc 0.90; inside-10 car 5,1.0,
Omarion Hampton,LAC,SEA,RB,LAC@SEA,2plus_td,0.0555,1702,0.3056,0.07795,B,-,tgt_sh 5.8%; team att 31.4; opp DvP 1.01; RZ tgt 0; car_sh 53.0%; team rush 26.3; opp d_ypc 0.90; inside-10 car 5,1.0,
Tre Harris,LAC,SEA,WR,LAC@SEA,anytime_td,0.2479,303,0.0,0.2821,B,-,tgt_sh 12.3%; team att 31.4; opp DvP 1.01; RZ tgt 3,1.0,
Tre Harris,LAC,SEA,WR,LAC@SEA,first_td,0.05694370851370852,1656,0.0,0.2821,B,-,tgt_sh 12.3%; team att 31.4; opp DvP 1.01; RZ tgt 3,1.0,
Tre Harris,LAC,SEA,WR,LAC@SEA,last_td,0.05694370851370852,1656,0.0,0.2821,B,-,tgt_sh 12.3%; team att 31.4; opp DvP 1.01; RZ tgt 3,1.0,
Tre Harris,LAC,SEA,WR,LAC@SEA,2plus_td,0.0315,3075,0.0,0.2821,B,-,tgt_sh 12.3%; team att 31.4; opp DvP 1.01; RZ tgt 3,1.0,
Alec Ingold,LAC,SEA,RB,LAC@SEA,anytime_td,0.0746,1240,0.00265,0.0753,C,-,tgt_sh 2.8%; team att 31.4; opp DvP 1.01; RZ tgt 1,1.0,
Alec Ingold,LAC,SEA,RB,LAC@SEA,first_td,0.015670966117216113,6281,0.00265,0.0753,C,-,tgt_sh 2.8%; team att 31.4; opp DvP 1.01; RZ tgt 1,1.0,
Alec Ingold,LAC,SEA,RB,LAC@SEA,last_td,0.015670966117216113,6281,0.00265,0.0753,C,-,tgt_sh 2.8%; team att 31.4; opp DvP 1.01; RZ tgt 1,1.0,
Alec Ingold,LAC,SEA,RB,LAC@SEA,2plus_td,0.0033,30203,0.00265,0.0753,C,-,tgt_sh 2.8%; team att 31.4; opp DvP 1.01; RZ tgt 1,1.0,
Quentin Johnston,LAC,SEA,WR,LAC@SEA,anytime_td,0.22065,353,0.004,0.24235,B,-,tgt_sh 17.9%; team att 31.4; opp DvP 1.01; RZ tgt 0,1.0,
Quentin Johnston,LAC,SEA,WR,LAC@SEA,first_td,0.05001875721500721,1899,0.004,0.24235,B,-,tgt_sh 17.9%; team att 31.4; opp DvP 1.01; RZ tgt 0,1.0,
Quentin Johnston,LAC,SEA,WR,LAC@SEA,last_td,0.05001875721500721,1899,0.004,0.24235,B,-,tgt_sh 17.9%; team att 31.4; opp DvP 1.01; RZ tgt 0,1.0,
Quentin Johnston,LAC,SEA,WR,LAC@SEA,2plus_td,0.0246,3965,0.004,0.24235,B,-,tgt_sh 17.9%; team att 31.4; opp DvP 1.01; RZ tgt 0,1.0,
Ladd McConkey,LAC,SEA,WR,LAC@SEA,anytime_td,0.23805958975894595,320,0.0,0.2710735139991017,C,Questionable (Limited),tgt_sh 16.9%; team att 31.4; opp DvP 1.01; RZ tgt 2,0.6667342299285288,
Ladd McConkey,LAC,SEA,WR,LAC@SEA,first_td,0.05480843394266062,1725,0.0,0.2710735139991017,C,Questionable (Limited),tgt_sh 16.9%; team att 31.4; opp DvP 1.01; RZ tgt 2,0.6667342299285288,
Ladd McConkey,LAC,SEA,WR,LAC@SEA,last_td,0.05480843394266062,1725,0.0,0.2710735139991017,C,Questionable (Limited),tgt_sh 16.9%; team att 31.4; opp DvP 1.01; RZ tgt 2,0.6667342299285288,
Ladd McConkey,LAC,SEA,WR,LAC@SEA,2plus_td,0.029794879472974996,3256,0.0,0.2710735139991017,C,Questionable (Limited),tgt_sh 16.9%; team att 31.4; opp DvP 1.01; RZ tgt 2,0.6667342299285288,
Keaton Mitchell,LAC,SEA,RB,LAC@SEA,anytime_td,0.17388565128366673,475,0.10321835459652438,0.08458024885808789,B,no game designation yet (Full),tgt_sh 3.4%; team att 31.4; opp DvP 1.01; RZ tgt 1; car_sh 19.3%; team rush 26.3; opp d_ypc 0.90; inside-10 car 1,0.9508674235277402,
Keaton Mitchell,LAC,SEA,RB,LAC@SEA,first_td,0.03810191182612036,2525,0.10321835459652438,0.08458024885808789,B,no game designation yet (Full),tgt_sh 3.4%; team att 31.4; opp DvP 1.01; RZ tgt 1; car_sh 19.3%; team rush 26.3; opp d_ypc 0.90; inside-10 car 1,0.9508674235277402,
Keaton Mitchell,LAC,SEA,RB,LAC@SEA,last_td,0.03810191182612036,2525,0.10321835459652438,0.08458024885808789,B,no game designation yet (Full),tgt_sh 3.4%; team att 31.4; opp DvP 1.01; RZ tgt 1; car_sh 19.3%; team rush 26.3; opp d_ypc 0.90; inside-10 car 1,0.9508674235277402,
Keaton Mitchell,LAC,SEA,RB,LAC@SEA,2plus_td,0.013177928282669187,7488,0.10321835459652438,0.08458024885808789,B,no game designation yet (Full),tgt_sh 3.4%; team att 31.4; opp DvP 1.01; RZ tgt 1; car_sh 19.3%; team rush 26.3; opp d_ypc 0.90; inside-10 car 1,0.9508674235277402,
Marquez Valdes-Scantling,LAC,SEA,WR,LAC@SEA,anytime_td,0.0481,1979,0.0,0.0495,C,-,tgt_sh 3.8%; team att 31.4; opp DvP 1.01; RZ tgt 0,1.0,
Marquez Valdes-Scantling,LAC,SEA,WR,LAC@SEA,first_td,0.009953127705627705,9947,0.0,0.0495,C,-,tgt_sh 3.8%; team att 31.4; opp DvP 1.01; RZ tgt 0,1.0,
Marquez Valdes-Scantling,LAC,SEA,WR,LAC@SEA,last_td,0.009953127705627705,9947,0.0,0.0495,C,-,tgt_sh 3.8%; team att 31.4; opp DvP 1.01; RZ tgt 0,1.0,
Marquez Valdes-Scantling,LAC,SEA,WR,LAC@SEA,2plus_td,0.0014,71329,0.0,0.0495,C,-,tgt_sh 3.8%; team att 31.4; opp DvP 1.01; RZ tgt 0,1.0,
Kimani Vidal,LAC,SEA,RB,LAC@SEA,anytime_td,0.08065,1140,0.03825,0.04605,C,-,tgt_sh 3.3%; team att 31.4; opp DvP 1.01; RZ tgt 0,1.0,
Kimani Vidal,LAC,SEA,RB,LAC@SEA,first_td,0.01708097277722278,5754,0.03825,0.04605,C,-,tgt_sh 3.3%; team att 31.4; opp DvP 1.01; RZ tgt 0,1.0,
Kimani Vidal,LAC,SEA,RB,LAC@SEA,last_td,0.01708097277722278,5754,0.03825,0.04605,C,-,tgt_sh 3.3%; team att 31.4; opp DvP 1.01; RZ tgt 0,1.0,
Kimani Vidal,LAC,SEA,RB,LAC@SEA,2plus_td,0.00355,28069,0.03825,0.04605,C,-,tgt_sh 3.3%; team att 31.4; opp DvP 1.01; RZ tgt 0,1.0,
Sam Darnold,SEA,LAC,QB,LAC@SEA,anytime_td,0.03885,2474,0.03975,0.0,C,-,team att 32.0; ypa 8.36; opp d_ypa 1.05; pass rate 54.2%,1.0,
Sam Darnold,SEA,LAC,QB,LAC@SEA,first_td,0.008907742257742256,11126,0.03975,0.0,C,-,team att 32.0; ypa 8.36; opp d_ypa 1.05; pass rate 54.2%,1.0,
Sam Darnold,SEA,LAC,QB,LAC@SEA,last_td,0.008907742257742256,11126,0.03975,0.0,C,-,team att 32.0; ypa 8.36; opp d_ypa 1.05; pass rate 54.2%,1.0,
Sam Darnold,SEA,LAC,QB,LAC@SEA,2plus_td,0.0009,111011,0.03975,0.0,C,-,team att 32.0; ypa 8.36; opp d_ypa 1.05; pass rate 54.2%,1.0,
Elijah Arroyo,SEA,LAC,TE,LAC@SEA,anytime_td,0.04975,1910,0.0,0.0505,C,-,w_td 0.03; team TD 2.77,1.0,
Elijah Arroyo,SEA,LAC,TE,LAC@SEA,first_td,0.01043199494949495,9486,0.0,0.0505,C,-,w_td 0.03; team TD 2.77,1.0,
Elijah Arroyo,SEA,LAC,TE,LAC@SEA,last_td,0.01043199494949495,9486,0.0,0.0505,C,-,w_td 0.03; team TD 2.77,1.0,
Elijah Arroyo,SEA,LAC,TE,LAC@SEA,2plus_td,0.00075,133233,0.0,0.0505,C,-,w_td 0.03; team TD 2.77,1.0,
AJ Barner,SEA,LAC,TE,LAC@SEA,anytime_td,0.3088,224,0.02725,0.3354,B,-,tgt_sh 13.2%; team att 32.0; opp DvP 0.93; RZ tgt 4,1.0,
AJ Barner,SEA,LAC,TE,LAC@SEA,first_td,0.07590107378732379,1218,0.02725,0.3354,B,-,tgt_sh 13.2%; team att 32.0; opp DvP 0.93; RZ tgt 4,1.0,
AJ Barner,SEA,LAC,TE,LAC@SEA,last_td,0.07590107378732379,1218,0.02725,0.3354,B,-,tgt_sh 13.2%; team att 32.0; opp DvP 0.93; RZ tgt 4,1.0,
AJ Barner,SEA,LAC,TE,LAC@SEA,2plus_td,0.0489,1945,0.02725,0.3354,B,-,tgt_sh 13.2%; team att 32.0; opp DvP 0.93; RZ tgt 4,1.0,
George Holani,SEA,LAC,RB,LAC@SEA,anytime_td,0.28635313033865945,249,0.22178675509998996,0.10818008240377852,B,no game designation yet (Limited),tgt_sh 4.8%; team att 32.0; opp DvP 0.91; RZ tgt 1; car_sh 18.1%; team rush 28.3; opp d_ypc 0.93; inside-10 car 3,0.9951309141019752,
George Holani,SEA,LAC,RB,LAC@SEA,first_td,0.06928777851298201,1343,0.22178675509998996,0.10818008240377852,B,no game designation yet (Limited),tgt_sh 4.8%; team att 32.0; opp DvP 0.91; RZ tgt 1; car_sh 18.1%; team rush 28.3; opp d_ypc 0.93; inside-10 car 3,0.9951309141019752,
George Holani,SEA,LAC,RB,LAC@SEA,last_td,0.06928777851298201,1343,0.22178675509998996,0.10818008240377852,B,no game designation yet (Limited),tgt_sh 4.8%; team att 32.0; opp DvP 0.91; RZ tgt 1; car_sh 18.1%; team rush 28.3; opp d_ypc 0.93; inside-10 car 3,0.9951309141019752,
George Holani,SEA,LAC,RB,LAC@SEA,2plus_td,0.03999598030348709,2400,0.22178675509998996,0.10818008240377852,B,no game designation yet (Limited),tgt_sh 4.8%; team att 32.0; opp DvP 0.91; RZ tgt 1; car_sh 18.1%; team rush 28.3; opp d_ypc 0.93; inside-10 car 3,0.9951309141019752,
Tory Horton,SEA,LAC,WR,LAC@SEA,anytime_td,0.091,999,0.0,0.0953,C,-,tgt_sh 6.4%; team att 32.0; opp DvP 0.90; RZ tgt 0,1.0,
Tory Horton,SEA,LAC,WR,LAC@SEA,first_td,0.019610283189033184,4999,0.0,0.0953,C,-,tgt_sh 6.4%; team att 32.0; opp DvP 0.90; RZ tgt 0,1.0,
Tory Horton,SEA,LAC,WR,LAC@SEA,last_td,0.019610283189033184,4999,0.0,0.0953,C,-,tgt_sh 6.4%; team att 32.0; opp DvP 0.90; RZ tgt 0,1.0,
Tory Horton,SEA,LAC,WR,LAC@SEA,2plus_td,0.0041,24290,0.0,0.0953,C,-,tgt_sh 6.4%; team att 32.0; opp DvP 0.90; RZ tgt 0,1.0,
Cooper Kupp,SEA,LAC,WR,LAC@SEA,anytime_td,0.1869,435,0.0,0.20465,C,-,tgt_sh 11.9%; team att 32.0; opp DvP 0.90; RZ tgt 1,1.0,
Cooper Kupp,SEA,LAC,WR,LAC@SEA,first_td,0.04221540404040404,2269,0.0,0.20465,C,-,tgt_sh 11.9%; team att 32.0; opp DvP 0.90; RZ tgt 1,1.0,
Cooper Kupp,SEA,LAC,WR,LAC@SEA,last_td,0.04221540404040404,2269,0.0,0.20465,C,-,tgt_sh 11.9%; team att 32.0; opp DvP 0.90; RZ tgt 1,1.0,
Cooper Kupp,SEA,LAC,WR,LAC@SEA,2plus_td,0.0168,5852,0.0,0.20465,C,-,tgt_sh 11.9%; team att 32.0; opp DvP 0.90; RZ tgt 1,1.0,
Brady Russell,SEA,LAC,RB,LAC@SEA,anytime_td,0.0278,3497,0.0,0.0281,C,-,w_td 0.02; team TD 2.77,1.0,
Brady Russell,SEA,LAC,RB,LAC@SEA,first_td,0.005810882034632034,17109,0.0,0.0281,C,-,w_td 0.02; team TD 2.77,1.0,
Brady Russell,SEA,LAC,RB,LAC@SEA,last_td,0.005810882034632034,17109,0.0,0.0281,C,-,w_td 0.02; team TD 2.77,1.0,
Brady Russell,SEA,LAC,RB,LAC@SEA,2plus_td,0.0003,333233,0.0,0.0281,C,-,w_td 0.02; team TD 2.77,1.0,
Eric Saubert,SEA,LAC,TE,LAC@SEA,anytime_td,0.09625,939,0.0,0.10045,C,-,w_td 0.05; team TD 2.77,1.0,
Eric Saubert,SEA,LAC,TE,LAC@SEA,first_td,0.02112344988344988,4634,0.0,0.10045,C,-,w_td 0.05; team TD 2.77,1.0,
Eric Saubert,SEA,LAC,TE,LAC@SEA,last_td,0.02112344988344988,4634,0.0,0.10045,C,-,w_td 0.05; team TD 2.77,1.0,
Eric Saubert,SEA,LAC,TE,LAC@SEA,2plus_td,0.00415,23996,0.0,0.10045,C,-,w_td 0.05; team TD 2.77,1.0,
Rashid Shaheed,SEA,LAC,WR,LAC@SEA,anytime_td,0.19453257191201354,414,0.006027918781725888,0.2078045685279188,C,no game designation yet (Full),tgt_sh 14.0%; team att 32.0; opp DvP 0.90; RZ tgt 0,0.9479829842591244,
Rashid Shaheed,SEA,LAC,WR,LAC@SEA,first_td,0.044670216715743366,2139,0.006027918781725888,0.2078045685279188,C,no game designation yet (Full),tgt_sh 14.0%; team att 32.0; opp DvP 0.90; RZ tgt 0,0.9479829842591244,
Rashid Shaheed,SEA,LAC,WR,LAC@SEA,last_td,0.044670216715743366,2139,0.006027918781725888,0.2078045685279188,C,no game designation yet (Full),tgt_sh 14.0%; team att 32.0; opp DvP 0.90; RZ tgt 0,0.9479829842591244,
Rashid Shaheed,SEA,LAC,WR,LAC@SEA,2plus_td,0.01803087986463621,5446,0.006027918781725888,0.2078045685279188,C,no game designation yet (Full),tgt_sh 14.0%; team att 32.0; opp DvP 0.90; RZ tgt 0,0.9479829842591244,
Jaxon Smith-Njigba,SEA,LAC,WR,LAC@SEA,anytime_td,0.5465,-121,0.0,0.7643,B,-,tgt_sh 31.8%; team att 32.0; opp DvP 0.90; RZ tgt 9,1.0,
Jaxon Smith-Njigba,SEA,LAC,WR,LAC@SEA,first_td,0.15853675477300475,531,0.0,0.7643,B,-,tgt_sh 31.8%; team att 32.0; opp DvP 0.90; RZ tgt 9,1.0,
Jaxon Smith-Njigba,SEA,LAC,WR,LAC@SEA,last_td,0.15853675477300475,531,0.0,0.7643,B,-,tgt_sh 31.8%; team att 32.0; opp DvP 0.90; RZ tgt 9,1.0,
Jaxon Smith-Njigba,SEA,LAC,WR,LAC@SEA,2plus_td,0.17545,470,0.0,0.7643,B,-,tgt_sh 31.8%; team att 32.0; opp DvP 0.90; RZ tgt 9,1.0,
Emanuel Wilson,SEA,LAC,RB,LAC@SEA,anytime_td,0.41155,143,0.4603,0.0589,B,-,car_sh 36.3%; team rush 28.3; opp d_ypc 0.93; inside-10 car 7,1.0,
Emanuel Wilson,SEA,LAC,RB,LAC@SEA,first_td,0.10866568764568765,820,0.4603,0.0589,B,-,car_sh 36.3%; team rush 28.3; opp d_ypc 0.93; inside-10 car 7,1.0,
Emanuel Wilson,SEA,LAC,RB,LAC@SEA,last_td,0.10866568764568765,820,0.4603,0.0589,B,-,car_sh 36.3%; team rush 28.3; opp d_ypc 0.93; inside-10 car 7,1.0,
Emanuel Wilson,SEA,LAC,RB,LAC@SEA,2plus_td,0.09405,963,0.4603,0.0589,B,-,car_sh 36.3%; team rush 28.3; opp d_ypc 0.93; inside-10 car 7,1.0,
Bo Nix,DEN,SF,QB,DEN@SF,anytime_td,0.1611,521,0.17575,0.0,B,-,team att 34.1; ypa 6.63; opp d_ypa 0.94; pass rate 58.9%,1.0,
Bo Nix,DEN,SF,QB,DEN@SF,first_td,0.031010333555333558,3125,0.17575,0.0,B,-,team att 34.1; ypa 6.63; opp d_ypa 0.94; pass rate 58.9%,1.0,
Bo Nix,DEN,SF,QB,DEN@SF,last_td,0.031010333555333558,3125,0.17575,0.0,B,-,team att 34.1; ypa 6.63; opp d_ypa 0.94; pass rate 58.9%,1.0,
Bo Nix,DEN,SF,QB,DEN@SF,2plus_td,0.01395,7068,0.17575,0.0,B,-,team att 34.1; ypa 6.63; opp d_ypa 0.94; pass rate 58.9%,1.0,
Nate Adkins,DEN,SF,TE,DEN@SF,anytime_td,0.1286,678,0.00815,0.128,C,-,tgt_sh 3.6%; team att 34.1; opp DvP 1.02; RZ tgt 3,1.0,
Nate Adkins,DEN,SF,TE,DEN@SF,first_td,0.023375955710955708,4178,0.00815,0.128,C,-,tgt_sh 3.6%; team att 34.1; opp DvP 1.02; RZ tgt 3,1.0,
Nate Adkins,DEN,SF,TE,DEN@SF,last_td,0.023375955710955708,4178,0.00815,0.128,C,-,tgt_sh 3.6%; team att 34.1; opp DvP 1.02; RZ tgt 3,1.0,
Nate Adkins,DEN,SF,TE,DEN@SF,2plus_td,0.00735,13505,0.00815,0.128,C,-,tgt_sh 3.6%; team att 34.1; opp DvP 1.02; RZ tgt 3,1.0,
Tyler Badie,DEN,SF,RB,DEN@SF,anytime_td,0.1458,586,0.03045,0.1256,C,-,tgt_sh 4.6%; team att 34.1; opp DvP 1.13; RZ tgt 2,1.0,
Tyler Badie,DEN,SF,RB,DEN@SF,first_td,0.02683100940725941,3627,0.03045,0.1256,C,-,tgt_sh 4.6%; team att 34.1; opp DvP 1.13; RZ tgt 2,1.0,
Tyler Badie,DEN,SF,RB,DEN@SF,last_td,0.02683100940725941,3627,0.03045,0.1256,C,-,tgt_sh 4.6%; team att 34.1; opp DvP 1.13; RZ tgt 2,1.0,
Tyler Badie,DEN,SF,RB,DEN@SF,2plus_td,0.0099,10001,0.03045,0.1256,C,-,tgt_sh 4.6%; team att 34.1; opp DvP 1.13; RZ tgt 2,1.0,
Pat Bryant,DEN,SF,WR,DEN@SF,anytime_td,0.1283,679,0.00675,0.1295,C,-,tgt_sh 8.5%; team att 34.1; opp DvP 0.95; RZ tgt 1,1.0,
Pat Bryant,DEN,SF,WR,DEN@SF,first_td,0.02367388986013986,4124,0.00675,0.1295,C,-,tgt_sh 8.5%; team att 34.1; opp DvP 0.95; RZ tgt 1,1.0,
Pat Bryant,DEN,SF,WR,DEN@SF,last_td,0.02367388986013986,4124,0.00675,0.1295,C,-,tgt_sh 8.5%; team att 34.1; opp DvP 0.95; RZ tgt 1,1.0,
Pat Bryant,DEN,SF,WR,DEN@SF,2plus_td,0.0076,13058,0.00675,0.1295,C,-,tgt_sh 8.5%; team att 34.1; opp DvP 0.95; RZ tgt 1,1.0,
J.K. Dobbins,DEN,SF,RB,DEN@SF,anytime_td,0.43648122831002206,129,0.5308129140813965,0.03007676937638027,B,no game designation yet (Full),car_sh 47.6%; team rush 25.0; opp d_ypc 0.95; inside-10 car 5,0.9508674235277402,
J.K. Dobbins,DEN,SF,RB,DEN@SF,first_td,0.0976874603820129,924,0.5308129140813965,0.03007676937638027,B,no game designation yet (Full),car_sh 47.6%; team rush 25.0; opp d_ypc 0.95; inside-10 car 5,0.9508674235277402,
J.K. Dobbins,DEN,SF,RB,DEN@SF,last_td,0.0976874603820129,924,0.5308129140813965,0.03007676937638027,B,no game designation yet (Full),car_sh 47.6%; team rush 25.0; opp d_ypc 0.95; inside-10 car 5,0.9508674235277402,
J.K. Dobbins,DEN,SF,RB,DEN@SF,2plus_td,0.10526869281733095,850,0.5308129140813965,0.03007676937638027,B,no game designation yet (Full),car_sh 47.6%; team rush 25.0; opp d_ypc 0.95; inside-10 car 5,0.9508674235277402,
Evan Engram,DEN,SF,TE,DEN@SF,anytime_td,0.13585,636,0.0,0.1452,C,-,tgt_sh 9.5%; team att 34.1; opp DvP 1.02; RZ tgt 1,1.0,
Evan Engram,DEN,SF,TE,DEN@SF,first_td,0.024930289016539015,3911,0.0,0.1452,C,-,tgt_sh 9.5%; team att 34.1; opp DvP 1.02; RZ tgt 1,1.0,
Evan Engram,DEN,SF,TE,DEN@SF,last_td,0.024930289016539015,3911,0.0,0.1452,C,-,tgt_sh 9.5%; team att 34.1; opp DvP 1.02; RZ tgt 1,1.0,
Evan Engram,DEN,SF,TE,DEN@SF,2plus_td,0.00895,11073,0.0,0.1452,C,-,tgt_sh 9.5%; team att 34.1; opp DvP 1.02; RZ tgt 1,1.0,
Troy Franklin,DEN,SF,WR,DEN@SF,anytime_td,0.1334,650,0.0095,0.13275,C,-,tgt_sh 8.6%; team att 34.1; opp DvP 0.95; RZ tgt 1,1.0,
Troy Franklin,DEN,SF,WR,DEN@SF,first_td,0.024542068209568207,3975,0.0095,0.13275,C,-,tgt_sh 8.6%; team att 34.1; opp DvP 0.95; RZ tgt 1,1.0,
Troy Franklin,DEN,SF,WR,DEN@SF,last_td,0.024542068209568207,3975,0.0095,0.13275,C,-,tgt_sh 8.6%; team att 34.1; opp DvP 0.95; RZ tgt 1,1.0,
Troy Franklin,DEN,SF,WR,DEN@SF,2plus_td,0.00845,11734,0.0095,0.13275,C,-,tgt_sh 8.6%; team att 34.1; opp DvP 0.95; RZ tgt 1,1.0,
RJ Harvey,DEN,SF,RB,DEN@SF,anytime_td,0.29285,241,0.12015,0.2186,C,-,tgt_sh 11.5%; team att 34.1; opp DvP 1.13; RZ tgt 2; car_sh 13.2%; team rush 25.0; opp d_ypc 0.95; inside-10 car 0,1.0,
RJ Harvey,DEN,SF,RB,DEN@SF,first_td,0.058532990342990344,1608,0.12015,0.2186,C,-,tgt_sh 11.5%; team att 34.1; opp DvP 1.13; RZ tgt 2; car_sh 13.2%; team rush 25.0; opp d_ypc 0.95; inside-10 car 0,1.0,
RJ Harvey,DEN,SF,RB,DEN@SF,last_td,0.058532990342990344,1608,0.12015,0.2186,C,-,tgt_sh 11.5%; team att 34.1; opp DvP 1.13; RZ tgt 2; car_sh 13.2%; team rush 25.0; opp d_ypc 0.95; inside-10 car 0,1.0,
RJ Harvey,DEN,SF,RB,DEN@SF,2plus_td,0.0423,2264,0.12015,0.2186,C,-,tgt_sh 11.5%; team att 34.1; opp DvP 1.13; RZ tgt 2; car_sh 13.2%; team rush 25.0; opp d_ypc 0.95; inside-10 car 0,1.0,
Lil'Jordan Humphrey,DEN,SF,WR,DEN@SF,anytime_td,0.0563,1676,0.0,0.05785,C,-,tgt_sh 4.6%; team att 34.1; opp DvP 0.95; RZ tgt 0,1.0,
Lil'Jordan Humphrey,DEN,SF,WR,DEN@SF,first_td,0.009972257048507049,9928,0.0,0.05785,C,-,tgt_sh 4.6%; team att 34.1; opp DvP 0.95; RZ tgt 0,1.0,
Lil'Jordan Humphrey,DEN,SF,WR,DEN@SF,last_td,0.009972257048507049,9928,0.0,0.05785,C,-,tgt_sh 4.6%; team att 34.1; opp DvP 0.95; RZ tgt 0,1.0,
Lil'Jordan Humphrey,DEN,SF,WR,DEN@SF,2plus_td,0.0015,66567,0.0,0.05785,C,-,tgt_sh 4.6%; team att 34.1; opp DvP 0.95; RZ tgt 0,1.0,
Marvin Mims Jr.,DEN,SF,WR,DEN@SF,anytime_td,0.060978180668282915,1540,0.0,0.06250658796247496,C,no game designation yet (Full),tgt_sh 5.1%; team att 34.1; opp DvP 0.95; RZ tgt 0,0.9479829842591244,
Marvin Mims Jr.,DEN,SF,WR,DEN@SF,first_td,0.010888140647284739,9084,0.0,0.06250658796247496,C,no game designation yet (Full),tgt_sh 5.1%; team att 34.1; opp DvP 0.95; RZ tgt 0,0.9479829842591244,
Marvin Mims Jr.,DEN,SF,WR,DEN@SF,last_td,0.010888140647284739,9084,0.0,0.06250658796247496,C,no game designation yet (Full),tgt_sh 5.1%; team att 34.1; opp DvP 0.95; RZ tgt 0,0.9479829842591244,
Marvin Mims Jr.,DEN,SF,WR,DEN@SF,2plus_td,0.0014229998945926004,70174,0.0,0.06250658796247496,C,no game designation yet (Full),tgt_sh 5.1%; team att 34.1; opp DvP 0.95; RZ tgt 0,0.9479829842591244,
Courtland Sutton,DEN,SF,WR,DEN@SF,anytime_td,0.28615,249,0.0,0.33095,B,-,tgt_sh 15.4%; team att 34.1; opp DvP 0.95; RZ tgt 5,1.0,
Courtland Sutton,DEN,SF,WR,DEN@SF,first_td,0.05658173118548118,1667,0.0,0.33095,B,-,tgt_sh 15.4%; team att 34.1; opp DvP 0.95; RZ tgt 5,1.0,
Courtland Sutton,DEN,SF,WR,DEN@SF,last_td,0.05658173118548118,1667,0.0,0.33095,B,-,tgt_sh 15.4%; team att 34.1; opp DvP 0.95; RZ tgt 5,1.0,
Courtland Sutton,DEN,SF,WR,DEN@SF,2plus_td,0.0412,2327,0.0,0.33095,B,-,tgt_sh 15.4%; team att 34.1; opp DvP 0.95; RZ tgt 5,1.0,
Adam Trautman,DEN,SF,TE,DEN@SF,anytime_td,0.03555,2713,0.0,0.03595,C,-,w_td 0.02; team TD 2.53,1.0,
Adam Trautman,DEN,SF,TE,DEN@SF,first_td,0.006135930042180043,16197,0.0,0.03595,C,-,w_td 0.02; team TD 2.53,1.0,
Adam Trautman,DEN,SF,TE,DEN@SF,last_td,0.006135930042180043,16197,0.0,0.03595,C,-,w_td 0.02; team TD 2.53,1.0,
Adam Trautman,DEN,SF,TE,DEN@SF,2plus_td,0.0004,249900,0.0,0.03595,C,-,w_td 0.02; team TD 2.53,1.0,
Jaylen Waddle,DEN,SF,WR,DEN@SF,anytime_td,0.2352229064687615,325,0.007579346281383231,0.2562766461392705,B,no game designation yet (Full),tgt_sh 18.7%; team att 34.1; opp DvP 0.95; RZ tgt 1,0.9479829842591244,
Jaylen Waddle,DEN,SF,WR,DEN@SF,first_td,0.04510926508794818,2117,0.007579346281383231,0.2562766461392705,B,no game designation yet (Full),tgt_sh 18.7%; team att 34.1; opp DvP 0.95; RZ tgt 1,0.9479829842591244,
Jaylen Waddle,DEN,SF,WR,DEN@SF,last_td,0.04510926508794818,2117,0.007579346281383231,0.2562766461392705,B,no game designation yet (Full),tgt_sh 18.7%; team att 34.1; opp DvP 0.95; RZ tgt 1,0.9479829842591244,
Jaylen Waddle,DEN,SF,WR,DEN@SF,2plus_td,0.02636980893731249,3692,0.007579346281383231,0.2562766461392705,B,no game designation yet (Full),tgt_sh 18.7%; team att 34.1; opp DvP 0.95; RZ tgt 1,0.9479829842591244,
Brock Purdy,SF,DEN,QB,DEN@SF,anytime_td,0.1,900,0.10575,0.0,B,-,team att 31.1; ypa 8.02; opp d_ypa 0.98; pass rate 52.2%,1.0,
Brock Purdy,SF,DEN,QB,DEN@SF,first_td,0.018736422466422466,5237,0.10575,0.0,B,-,team att 31.1; ypa 8.02; opp d_ypa 0.98; pass rate 52.2%,1.0,
Brock Purdy,SF,DEN,QB,DEN@SF,last_td,0.018736422466422466,5237,0.10575,0.0,B,-,team att 31.1; ypa 8.02; opp d_ypa 0.98; pass rate 52.2%,1.0,
Brock Purdy,SF,DEN,QB,DEN@SF,2plus_td,0.0055,18082,0.10575,0.0,B,-,team att 31.1; ypa 8.02; opp d_ypa 0.98; pass rate 52.2%,1.0,
Kaelon Black,SF,DEN,RB,DEN@SF,anytime_td,0.2442,310,0.2471,0.03055,B,-,car_sh 24.9%; team rush 29.3; opp d_ypc 1.10; inside-10 car 1,1.0,
Kaelon Black,SF,DEN,RB,DEN@SF,first_td,0.04914702131202132,1935,0.2471,0.03055,B,-,car_sh 24.9%; team rush 29.3; opp d_ypc 1.10; inside-10 car 1,1.0,
Kaelon Black,SF,DEN,RB,DEN@SF,last_td,0.04914702131202132,1935,0.2471,0.03055,B,-,car_sh 24.9%; team rush 29.3; opp d_ypc 1.10; inside-10 car 1,1.0,
Kaelon Black,SF,DEN,RB,DEN@SF,2plus_td,0.03125,3100,0.2471,0.03055,B,-,car_sh 24.9%; team rush 29.3; opp d_ypc 1.10; inside-10 car 1,1.0,
Jacob Cowing,SF,DEN,WR,DEN@SF,anytime_td,0.0366,2632,0.0,0.037,C,-,w_td 0.02; team TD 2.99,1.0,
Jacob Cowing,SF,DEN,WR,DEN@SF,first_td,0.006369760656010656,15599,0.0,0.037,C,-,w_td 0.02; team TD 2.99,1.0,
Jacob Cowing,SF,DEN,WR,DEN@SF,last_td,0.006369760656010656,15599,0.0,0.037,C,-,w_td 0.02; team TD 2.99,1.0,
Jacob Cowing,SF,DEN,WR,DEN@SF,2plus_td,0.0004,249900,0.0,0.037,C,-,w_td 0.02; team TD 2.99,1.0,
Mike Evans,SF,DEN,WR,DEN@SF,anytime_td,0.29017723039951937,245,0.0,0.33869029738660256,C,Questionable (Limited),tgt_sh 17.4%; team att 31.1; opp DvP 0.95; RZ tgt 2,0.6667342299285288,
Mike Evans,SF,DEN,WR,DEN@SF,first_td,0.058453326570629065,1611,0.0,0.33869029738660256,C,Questionable (Limited),tgt_sh 17.4%; team att 31.1; opp DvP 0.95; RZ tgt 2,0.6667342299285288,
Mike Evans,SF,DEN,WR,DEN@SF,last_td,0.058453326570629065,1611,0.0,0.33869029738660256,C,Questionable (Limited),tgt_sh 17.4%; team att 31.1; opp DvP 0.95; RZ tgt 2,0.6667342299285288,
Mike Evans,SF,DEN,WR,DEN@SF,2plus_td,0.043331330729948936,2208,0.0,0.33869029738660256,C,Questionable (Limited),tgt_sh 17.4%; team att 31.1; opp DvP 0.95; RZ tgt 2,0.6667342299285288,
Luke Farrell,SF,DEN,TE,DEN@SF,anytime_td,0.0436,2194,0.0,0.04475,C,-,w_td 0.02; team TD 2.99,1.0,
Luke Farrell,SF,DEN,TE,DEN@SF,first_td,0.00755604007104007,13134,0.0,0.04475,C,-,w_td 0.02; team TD 2.99,1.0,
Luke Farrell,SF,DEN,TE,DEN@SF,last_td,0.00755604007104007,13134,0.0,0.04475,C,-,w_td 0.02; team TD 2.99,1.0,
Luke Farrell,SF,DEN,TE,DEN@SF,2plus_td,0.00115,86857,0.0,0.04475,C,-,w_td 0.02; team TD 2.99,1.0,
KhaDarel Hodge,SF,DEN,WR,DEN@SF,anytime_td,0.03130434782608696,3094,0.0,0.03142857142857143,C,no game designation yet (DNP),w_td 0.02; team TD 2.99,0.8055616699684496,
KhaDarel Hodge,SF,DEN,WR,DEN@SF,first_td,0.005455394674338774,18230,0.0,0.03142857142857143,C,no game designation yet (DNP),w_td 0.02; team TD 2.99,0.8055616699684496,
KhaDarel Hodge,SF,DEN,WR,DEN@SF,last_td,0.005455394674338774,18230,0.0,0.03142857142857143,C,no game designation yet (DNP),w_td 0.02; team TD 2.99,0.8055616699684496,
KhaDarel Hodge,SF,DEN,WR,DEN@SF,2plus_td,0.00012422360248447205,804900,0.0,0.03142857142857143,C,no game designation yet (DNP),w_td 0.02; team TD 2.99,0.8055616699684496,
Jordan James,SF,DEN,RB,DEN@SF,anytime_td,0.07565,1222,0.06775,0.0104,C,-,w_td 0.07; team TD 2.99,1.0,
Jordan James,SF,DEN,RB,DEN@SF,first_td,0.013847531218781217,7122,0.06775,0.0104,C,-,w_td 0.07; team TD 2.99,1.0,
Jordan James,SF,DEN,RB,DEN@SF,last_td,0.013847531218781217,7122,0.06775,0.0104,C,-,w_td 0.07; team TD 2.99,1.0,
Jordan James,SF,DEN,RB,DEN@SF,2plus_td,0.00245,40716,0.06775,0.0104,C,-,w_td 0.07; team TD 2.99,1.0,
Kyle Juszczyk,SF,DEN,RB,DEN@SF,anytime_td,0.14735,579,0.0,0.15855,C,-,tgt_sh 4.6%; team att 31.1; opp DvP 1.02; RZ tgt 2,1.0,
Kyle Juszczyk,SF,DEN,RB,DEN@SF,first_td,0.027640306637806634,3518,0.0,0.15855,C,-,tgt_sh 4.6%; team att 31.1; opp DvP 1.02; RZ tgt 2,1.0,
Kyle Juszczyk,SF,DEN,RB,DEN@SF,last_td,0.027640306637806634,3518,0.0,0.15855,C,-,tgt_sh 4.6%; team att 31.1; opp DvP 1.02; RZ tgt 2,1.0,
Kyle Juszczyk,SF,DEN,RB,DEN@SF,2plus_td,0.0106,9334,0.0,0.15855,C,-,tgt_sh 4.6%; team att 31.1; opp DvP 1.02; RZ tgt 2,1.0,
George Kittle,SF,DEN,TE,DEN@SF,anytime_td,0.4104,144,0.0,0.51725,B,-,tgt_sh 19.5%; team att 31.1; opp DvP 0.94; RZ tgt 5,1.0,
George Kittle,SF,DEN,TE,DEN@SF,first_td,0.0901088066100566,1010,0.0,0.51725,B,-,tgt_sh 19.5%; team att 31.1; opp DvP 0.94; RZ tgt 5,1.0,
George Kittle,SF,DEN,TE,DEN@SF,last_td,0.0901088066100566,1010,0.0,0.51725,B,-,tgt_sh 19.5%; team att 31.1; opp DvP 0.94; RZ tgt 5,1.0,
George Kittle,SF,DEN,TE,DEN@SF,2plus_td,0.092,987,0.0,0.51725,B,-,tgt_sh 19.5%; team att 31.1; opp DvP 0.94; RZ tgt 5,1.0,
Christian McCaffrey,SF,DEN,RB,DEN@SF,anytime_td,0.6432269653423499,-180,0.5230874894336432,0.4504966187658495,B,no game designation yet (Full),tgt_sh 19.1%; team att 31.1; opp DvP 1.02; RZ tgt 3; car_sh 44.3%; team rush 29.3; opp d_ypc 1.10; inside-10 car 6,0.9508674235277402,
Christian McCaffrey,SF,DEN,RB,DEN@SF,first_td,0.1705344040469252,486,0.5230874894336432,0.4504966187658495,B,no game designation yet (Full),tgt_sh 19.1%; team att 31.1; opp DvP 1.02; RZ tgt 3; car_sh 44.3%; team rush 29.3; opp d_ypc 1.10; inside-10 car 6,0.9508674235277402,
Christian McCaffrey,SF,DEN,RB,DEN@SF,last_td,0.1705344040469252,486,0.5230874894336432,0.4504966187658495,B,no game designation yet (Full),tgt_sh 19.1%; team att 31.1; opp DvP 1.02; RZ tgt 3; car_sh 44.3%; team rush 29.3; opp d_ypc 1.10; inside-10 car 6,0.9508674235277402,
Christian McCaffrey,SF,DEN,RB,DEN@SF,2plus_td,0.2533284023668639,295,0.5230874894336432,0.4504966187658495,B,no game designation yet (Full),tgt_sh 19.1%; team att 31.1; opp DvP 1.02; RZ tgt 3; car_sh 44.3%; team rush 29.3; opp d_ypc 1.10; inside-10 car 6,0.9508674235277402,
Deebo Samuel Sr.,SF,DEN,WR,DEN@SF,anytime_td,0.33025,203,0.0199,0.37365,B,-,tgt_sh 15.1%; team att 31.1; opp DvP 0.95; RZ tgt 3,1.0,
Deebo Samuel Sr.,SF,DEN,WR,DEN@SF,first_td,0.06906501387501388,1348,0.0199,0.37365,B,-,tgt_sh 15.1%; team att 31.1; opp DvP 0.95; RZ tgt 3,1.0,
Deebo Samuel Sr.,SF,DEN,WR,DEN@SF,last_td,0.06906501387501388,1348,0.0199,0.37365,B,-,tgt_sh 15.1%; team att 31.1; opp DvP 0.95; RZ tgt 3,1.0,
Deebo Samuel Sr.,SF,DEN,WR,DEN@SF,2plus_td,0.05605,1684,0.0199,0.37365,B,-,tgt_sh 15.1%; team att 31.1; opp DvP 0.95; RZ tgt 3,1.0,
Jordan Watkins,SF,DEN,WR,DEN@SF,anytime_td,0.08565,1068,0.0,0.0896,C,-,tgt_sh 5.2%; team att 31.1; opp DvP 0.95; RZ tgt 0,1.0,
Jordan Watkins,SF,DEN,WR,DEN@SF,first_td,0.015394081196581198,6396,0.0,0.0896,C,-,tgt_sh 5.2%; team att 31.1; opp DvP 0.95; RZ tgt 0,1.0,
Jordan Watkins,SF,DEN,WR,DEN@SF,last_td,0.015394081196581198,6396,0.0,0.0896,C,-,tgt_sh 5.2%; team att 31.1; opp DvP 0.95; RZ tgt 0,1.0,
Jordan Watkins,SF,DEN,WR,DEN@SF,2plus_td,0.00385,25874,0.0,0.0896,C,-,tgt_sh 5.2%; team att 31.1; opp DvP 0.95; RZ tgt 0,1.0,
Jared Goff,DET,CAR,QB,DET@CAR,anytime_td,0.06185,1517,0.06365,0.0,B,-,team att 34.0; ypa 6.75; opp d_ypa 0.93; pass rate 57.1%,1.0,
Jared Goff,DET,CAR,QB,DET@CAR,first_td,0.01111836802086802,8894,0.06365,0.0,B,-,team att 34.0; ypa 6.75; opp d_ypa 0.93; pass rate 57.1%,1.0,
Jared Goff,DET,CAR,QB,DET@CAR,last_td,0.01111836802086802,8894,0.06365,0.0,B,-,team att 34.0; ypa 6.75; opp d_ypa 0.93; pass rate 57.1%,1.0,
Jared Goff,DET,CAR,QB,DET@CAR,2plus_td,0.00175,57043,0.06365,0.0,B,-,team att 34.0; ypa 6.75; opp d_ypa 0.93; pass rate 57.1%,1.0,
Jahmyr Gibbs,DET,CAR,RB,DET@CAR,anytime_td,0.7621,-320,1.009,0.3302,B,-,tgt_sh 17.1%; team att 34.0; opp DvP 0.99; RZ tgt 5; car_sh 73.5%; team rush 27.4; opp d_ypc 1.20; inside-10 car 9,1.0,
Jahmyr Gibbs,DET,CAR,RB,DET@CAR,first_td,0.2345902231102231,326,1.009,0.3302,B,-,tgt_sh 17.1%; team att 34.0; opp DvP 0.99; RZ tgt 5; car_sh 73.5%; team rush 27.4; opp d_ypc 1.20; inside-10 car 9,1.0,
Jahmyr Gibbs,DET,CAR,RB,DET@CAR,last_td,0.2345902231102231,326,1.009,0.3302,B,-,tgt_sh 17.1%; team att 34.0; opp DvP 0.99; RZ tgt 5; car_sh 73.5%; team rush 27.4; opp d_ypc 1.20; inside-10 car 9,1.0,
Jahmyr Gibbs,DET,CAR,RB,DET@CAR,2plus_td,0.3981,151,1.009,0.3302,B,-,tgt_sh 17.1%; team att 34.0; opp DvP 0.99; RZ tgt 5; car_sh 73.5%; team rush 27.4; opp d_ypc 1.20; inside-10 car 9,1.0,
Tom Kennedy,DET,CAR,WR,DET@CAR,anytime_td,0.01525,6457,0.0,0.01545,C,-,w_td 0.01; team TD 3.14,1.0,
Tom Kennedy,DET,CAR,WR,DET@CAR,first_td,0.0027018326118326114,36912,0.0,0.01545,C,-,w_td 0.01; team TD 3.14,1.0,
Tom Kennedy,DET,CAR,WR,DET@CAR,last_td,0.0027018326118326114,36912,0.0,0.01545,C,-,w_td 0.01; team TD 3.14,1.0,
Tom Kennedy,DET,CAR,WR,DET@CAR,2plus_td,0.0002,499900,0.0,0.01545,C,-,w_td 0.01; team TD 3.14,1.0,
Sam LaPorta,DET,CAR,TE,DET@CAR,anytime_td,0.3588,179,0.0,0.4322,B,-,tgt_sh 18.4%; team att 34.0; opp DvP 1.51; RZ tgt 5,1.0,
Sam LaPorta,DET,CAR,TE,DET@CAR,first_td,0.07465242535242535,1240,0.0,0.4322,B,-,tgt_sh 18.4%; team att 34.0; opp DvP 1.51; RZ tgt 5,1.0,
Sam LaPorta,DET,CAR,TE,DET@CAR,last_td,0.07465242535242535,1240,0.0,0.4322,B,-,tgt_sh 18.4%; team att 34.0; opp DvP 1.51; RZ tgt 5,1.0,
Sam LaPorta,DET,CAR,TE,DET@CAR,2plus_td,0.06575,1421,0.0,0.4322,B,-,tgt_sh 18.4%; team att 34.0; opp DvP 1.51; RZ tgt 5,1.0,
Jackson Meeks,DET,CAR,WR,DET@CAR,anytime_td,0.0294,3301,0.0,0.02985,C,-,w_td 0.02; team TD 3.14,1.0,
Jackson Meeks,DET,CAR,WR,DET@CAR,first_td,0.005323772200022199,18684,0.0,0.02985,C,-,w_td 0.02; team TD 3.14,1.0,
Jackson Meeks,DET,CAR,WR,DET@CAR,last_td,0.005323772200022199,18684,0.0,0.02985,C,-,w_td 0.02; team TD 3.14,1.0,
Jackson Meeks,DET,CAR,WR,DET@CAR,2plus_td,0.00045,222122,0.0,0.02985,C,-,w_td 0.02; team TD 3.14,1.0,
Jacob Saylors,DET,CAR,RB,DET@CAR,anytime_td,0.0198,4951,0.01275,0.0072,C,-,w_td 0.01; team TD 3.14,1.0,
Jacob Saylors,DET,CAR,RB,DET@CAR,first_td,0.0035029785492285497,28447,0.01275,0.0072,C,-,w_td 0.01; team TD 3.14,1.0,
Jacob Saylors,DET,CAR,RB,DET@CAR,last_td,0.0035029785492285497,28447,0.01275,0.0072,C,-,w_td 0.01; team TD 3.14,1.0,
Jacob Saylors,DET,CAR,RB,DET@CAR,2plus_td,0.00015,666567,0.01275,0.0072,C,-,w_td 0.01; team TD 3.14,1.0,
Amon-Ra St. Brown,DET,CAR,WR,DET@CAR,anytime_td,0.45465,120,0.0,0.5943,B,-,tgt_sh 29.3%; team att 34.0; opp DvP 1.09; RZ tgt 9,1.0,
Amon-Ra St. Brown,DET,CAR,WR,DET@CAR,first_td,0.10331664946164947,868,0.0,0.5943,B,-,tgt_sh 29.3%; team att 34.0; opp DvP 1.09; RZ tgt 9,1.0,
Amon-Ra St. Brown,DET,CAR,WR,DET@CAR,last_td,0.10331664946164947,868,0.0,0.5943,B,-,tgt_sh 29.3%; team att 34.0; opp DvP 1.09; RZ tgt 9,1.0,
Amon-Ra St. Brown,DET,CAR,WR,DET@CAR,2plus_td,0.1197,735,0.0,0.5943,B,-,tgt_sh 29.3%; team att 34.0; opp DvP 1.09; RZ tgt 9,1.0,
Isaac TeSlaa,DET,CAR,WR,DET@CAR,anytime_td,0.1294,673,0.0,0.1382,C,-,tgt_sh 6.6%; team att 34.0; opp DvP 1.09; RZ tgt 2,1.0,
Isaac TeSlaa,DET,CAR,WR,DET@CAR,first_td,0.02377738677988678,4106,0.0,0.1382,C,-,tgt_sh 6.6%; team att 34.0; opp DvP 1.09; RZ tgt 2,1.0,
Isaac TeSlaa,DET,CAR,WR,DET@CAR,last_td,0.02377738677988678,4106,0.0,0.1382,C,-,tgt_sh 6.6%; team att 34.0; opp DvP 1.09; RZ tgt 2,1.0,
Isaac TeSlaa,DET,CAR,WR,DET@CAR,2plus_td,0.0086,11528,0.0,0.1382,C,-,tgt_sh 6.6%; team att 34.0; opp DvP 1.09; RZ tgt 2,1.0,
Sione Vaki,DET,CAR,RB,DET@CAR,anytime_td,0.17505,471,0.1566,0.03445,C,-,car_sh 15.1%; team rush 27.4; opp d_ypc 1.20; inside-10 car 0,1.0,
Sione Vaki,DET,CAR,RB,DET@CAR,first_td,0.03365695027195027,2871,0.1566,0.03445,C,-,car_sh 15.1%; team rush 27.4; opp d_ypc 1.20; inside-10 car 0,1.0,
Sione Vaki,DET,CAR,RB,DET@CAR,last_td,0.03365695027195027,2871,0.1566,0.03445,C,-,car_sh 15.1%; team rush 27.4; opp d_ypc 1.20; inside-10 car 0,1.0,
Sione Vaki,DET,CAR,RB,DET@CAR,2plus_td,0.01525,6457,0.1566,0.03445,C,-,car_sh 15.1%; team rush 27.4; opp d_ypc 1.20; inside-10 car 0,1.0,
Jameson Williams,DET,CAR,WR,DET@CAR,anytime_td,0.2043,389,0.0,0.22635,C,-,tgt_sh 15.9%; team att 34.0; opp DvP 1.09; RZ tgt 1,1.0,
Jameson Williams,DET,CAR,WR,DET@CAR,first_td,0.03910887987012988,2457,0.0,0.22635,C,-,tgt_sh 15.9%; team att 34.0; opp DvP 1.09; RZ tgt 1,1.0,
Jameson Williams,DET,CAR,WR,DET@CAR,last_td,0.03910887987012988,2457,0.0,0.22635,C,-,tgt_sh 15.9%; team att 34.0; opp DvP 1.09; RZ tgt 1,1.0,
Jameson Williams,DET,CAR,WR,DET@CAR,2plus_td,0.0208,4708,0.0,0.22635,C,-,tgt_sh 15.9%; team att 34.0; opp DvP 1.09; RZ tgt 1,1.0,
Brock Wright,DET,CAR,TE,DET@CAR,anytime_td,0.0659,1417,0.0,0.06875,C,-,tgt_sh 4.6%; team att 34.0; opp DvP 1.51; RZ tgt 0,1.0,
Brock Wright,DET,CAR,TE,DET@CAR,first_td,0.0118539343989344,8336,0.0,0.06875,C,-,tgt_sh 4.6%; team att 34.0; opp DvP 1.51; RZ tgt 0,1.0,
Brock Wright,DET,CAR,TE,DET@CAR,last_td,0.0118539343989344,8336,0.0,0.06875,C,-,tgt_sh 4.6%; team att 34.0; opp DvP 1.51; RZ tgt 0,1.0,
Brock Wright,DET,CAR,TE,DET@CAR,2plus_td,0.00275,36264,0.0,0.06875,C,-,tgt_sh 4.6%; team att 34.0; opp DvP 1.51; RZ tgt 0,1.0,
Bryce Young,CAR,DET,QB,DET@CAR,anytime_td,0.08319314879951063,1102,0.08752612529948514,0.0,B,no game designation yet (Full),team att 38.0; ypa 7.75; opp d_ypa 1.06; pass rate 63.6%,0.98,
Bryce Young,CAR,DET,QB,DET@CAR,first_td,0.015097326704606106,6524,0.08752612529948514,0.0,B,no game designation yet (Full),team att 38.0; ypa 7.75; opp d_ypa 1.06; pass rate 63.6%,0.98,
Bryce Young,CAR,DET,QB,DET@CAR,last_td,0.015097326704606106,6524,0.08752612529948514,0.0,B,no game designation yet (Full),team att 38.0; ypa 7.75; opp d_ypa 1.06; pass rate 63.6%,0.98,
Bryce Young,CAR,DET,QB,DET@CAR,2plus_td,0.004027119335270429,24732,0.08752612529948514,0.0,B,no game designation yet (Full),team att 38.0; ypa 7.75; opp d_ypa 1.06; pass rate 63.6%,0.98,
Jalen Coker,CAR,DET,WR,DET@CAR,anytime_td,0.29955815172620387,234,0.0,0.3462892233954917,B,Questionable (Limited),tgt_sh 15.6%; team att 38.0; opp DvP 0.90; RZ tgt 5,0.6667342299285288,
Jalen Coker,CAR,DET,WR,DET@CAR,first_td,0.05910783238911748,1592,0.0,0.3462892233954917,B,Questionable (Limited),tgt_sh 15.6%; team att 38.0; opp DvP 0.90; RZ tgt 5,0.6667342299285288,
Jalen Coker,CAR,DET,WR,DET@CAR,last_td,0.05910783238911748,1592,0.0,0.3462892233954917,B,Questionable (Limited),tgt_sh 15.6%; team att 38.0; opp DvP 0.90; RZ tgt 5,0.6667342299285288,
Jalen Coker,CAR,DET,WR,DET@CAR,2plus_td,0.04253725754512094,2251,0.0,0.3462892233954917,B,Questionable (Limited),tgt_sh 15.6%; team att 38.0; opp DvP 0.90; RZ tgt 5,0.6667342299285288,
AJ Dillon,CAR,DET,RB,DET@CAR,anytime_td,0.1129,786,0.1056,0.01405,C,-,car_sh 13.1%; team rush 23.5; opp d_ypc 1.02; inside-10 car 0,1.0,
AJ Dillon,CAR,DET,RB,DET@CAR,first_td,0.020548494977244976,4767,0.1056,0.01405,C,-,car_sh 13.1%; team rush 23.5; opp d_ypc 1.02; inside-10 car 0,1.0,
AJ Dillon,CAR,DET,RB,DET@CAR,last_td,0.020548494977244976,4767,0.1056,0.01405,C,-,car_sh 13.1%; team rush 23.5; opp d_ypc 1.02; inside-10 car 0,1.0,
AJ Dillon,CAR,DET,RB,DET@CAR,2plus_td,0.0064,15525,0.1056,0.01405,C,-,car_sh 13.1%; team rush 23.5; opp d_ypc 1.02; inside-10 car 0,1.0,
Mitchell Evans,CAR,DET,TE,DET@CAR,anytime_td,0.1222,718,0.0,0.1294,C,-,tgt_sh 4.1%; team att 38.0; opp DvP 1.00; RZ tgt 2,1.0,
Mitchell Evans,CAR,DET,TE,DET@CAR,first_td,0.02207145895770896,4431,0.0,0.1294,C,-,tgt_sh 4.1%; team att 38.0; opp DvP 1.00; RZ tgt 2,1.0,
Mitchell Evans,CAR,DET,TE,DET@CAR,last_td,0.02207145895770896,4431,0.0,0.1294,C,-,tgt_sh 4.1%; team att 38.0; opp DvP 1.00; RZ tgt 2,1.0,
Mitchell Evans,CAR,DET,TE,DET@CAR,2plus_td,0.007,14186,0.0,0.1294,C,-,tgt_sh 4.1%; team att 38.0; opp DvP 1.00; RZ tgt 2,1.0,
Jimmy Horn Jr.,CAR,DET,WR,DET@CAR,anytime_td,0.0474,2010,0.0,0.0484,C,-,tgt_sh 3.3%; team att 38.0; opp DvP 0.90; RZ tgt 0,1.0,
Jimmy Horn Jr.,CAR,DET,WR,DET@CAR,first_td,0.008303276723276725,11943,0.0,0.0484,C,-,tgt_sh 3.3%; team att 38.0; opp DvP 0.90; RZ tgt 0,1.0,
Jimmy Horn Jr.,CAR,DET,WR,DET@CAR,last_td,0.008303276723276725,11943,0.0,0.0484,C,-,tgt_sh 3.3%; team att 38.0; opp DvP 0.90; RZ tgt 0,1.0,
Jimmy Horn Jr.,CAR,DET,WR,DET@CAR,2plus_td,0.001,99900,0.0,0.0484,C,-,tgt_sh 3.3%; team att 38.0; opp DvP 0.90; RZ tgt 0,1.0,
Chuba Hubbard,CAR,DET,RB,DET@CAR,anytime_td,0.4909530822638334,104,0.4709657058699769,0.18488323164317275,B,no game designation yet (Full),tgt_sh 6.9%; team att 38.0; opp DvP 1.18; RZ tgt 2; car_sh 48.0%; team rush 23.5; opp d_ypc 1.02; inside-10 car 5,0.9508674235277402,
Chuba Hubbard,CAR,DET,RB,DET@CAR,first_td,0.1133308365898309,782,0.4709657058699769,0.18488323164317275,B,no game designation yet (Full),tgt_sh 6.9%; team att 38.0; opp DvP 1.18; RZ tgt 2; car_sh 48.0%; team rush 23.5; opp d_ypc 1.02; inside-10 car 5,0.9508674235277402,
Chuba Hubbard,CAR,DET,RB,DET@CAR,last_td,0.1133308365898309,782,0.4709657058699769,0.18488323164317275,B,no game designation yet (Full),tgt_sh 6.9%; team att 38.0; opp DvP 1.18; RZ tgt 2; car_sh 48.0%; team rush 23.5; opp d_ypc 1.02; inside-10 car 5,0.9508674235277402,
Chuba Hubbard,CAR,DET,RB,DET@CAR,2plus_td,0.13728171681043552,628,0.4709657058699769,0.18488323164317275,B,no game designation yet (Full),tgt_sh 6.9%; team att 38.0; opp DvP 1.18; RZ tgt 2; car_sh 48.0%; team rush 23.5; opp d_ypc 1.02; inside-10 car 5,0.9508674235277402,
Tetairoa McMillan,CAR,DET,WR,DET@CAR,anytime_td,0.38355,161,0.0,0.47175,B,-,tgt_sh 20.8%; team att 38.0; opp DvP 0.90; RZ tgt 5,1.0,
Tetairoa McMillan,CAR,DET,WR,DET@CAR,first_td,0.0795846699134199,1157,0.0,0.47175,B,-,tgt_sh 20.8%; team att 38.0; opp DvP 0.90; RZ tgt 5,1.0,
Tetairoa McMillan,CAR,DET,WR,DET@CAR,last_td,0.0795846699134199,1157,0.0,0.47175,B,-,tgt_sh 20.8%; team att 38.0; opp DvP 0.90; RZ tgt 5,1.0,
Tetairoa McMillan,CAR,DET,WR,DET@CAR,2plus_td,0.07705,1198,0.0,0.47175,B,-,tgt_sh 20.8%; team att 38.0; opp DvP 0.90; RZ tgt 5,1.0,
John Metchie III,CAR,DET,WR,DET@CAR,anytime_td,0.11085,802,0.0,0.1179,C,-,tgt_sh 6.0%; team att 38.0; opp DvP 0.90; RZ tgt 1,1.0,
John Metchie III,CAR,DET,WR,DET@CAR,first_td,0.020265312465312466,4835,0.0,0.1179,C,-,tgt_sh 6.0%; team att 38.0; opp DvP 0.90; RZ tgt 1,1.0,
John Metchie III,CAR,DET,WR,DET@CAR,last_td,0.020265312465312466,4835,0.0,0.1179,C,-,tgt_sh 6.0%; team att 38.0; opp DvP 0.90; RZ tgt 1,1.0,
John Metchie III,CAR,DET,WR,DET@CAR,2plus_td,0.00675,14715,0.0,0.1179,C,-,tgt_sh 6.0%; team att 38.0; opp DvP 0.90; RZ tgt 1,1.0,
David Moore,CAR,DET,WR,DET@CAR,anytime_td,0.0357,2701,0.0,0.03615,C,-,w_td 0.02; team TD 2.42,1.0,
David Moore,CAR,DET,WR,DET@CAR,first_td,0.006240958208458209,15923,0.0,0.03615,C,-,w_td 0.02; team TD 2.42,1.0,
David Moore,CAR,DET,WR,DET@CAR,last_td,0.006240958208458209,15923,0.0,0.03615,C,-,w_td 0.02; team TD 2.42,1.0,
David Moore,CAR,DET,WR,DET@CAR,2plus_td,0.00045,222122,0.0,0.03615,C,-,w_td 0.02; team TD 2.42,1.0,
Brycen Tremayne,CAR,DET,WR,DET@CAR,anytime_td,0.04735,2012,0.0,0.04825,C,-,tgt_sh 3.2%; team att 38.0; opp DvP 0.90; RZ tgt 0,1.0,
Brycen Tremayne,CAR,DET,WR,DET@CAR,first_td,0.008069239787989789,12293,0.0,0.04825,C,-,tgt_sh 3.2%; team att 38.0; opp DvP 0.90; RZ tgt 0,1.0,
Brycen Tremayne,CAR,DET,WR,DET@CAR,last_td,0.008069239787989789,12293,0.0,0.04825,C,-,tgt_sh 3.2%; team att 38.0; opp DvP 0.90; RZ tgt 0,1.0,
Brycen Tremayne,CAR,DET,WR,DET@CAR,2plus_td,0.00085,117547,0.0,0.04825,C,-,tgt_sh 3.2%; team att 38.0; opp DvP 0.90; RZ tgt 0,1.0,
Tommy Tremble,CAR,DET,TE,DET@CAR,anytime_td,0.1729,478,0.0,0.18665,C,-,tgt_sh 9.8%; team att 38.0; opp DvP 1.00; RZ tgt 1,1.0,
Tommy Tremble,CAR,DET,TE,DET@CAR,first_td,0.031968330003330006,3028,0.0,0.18665,C,-,tgt_sh 9.8%; team att 38.0; opp DvP 1.00; RZ tgt 1,1.0,
Tommy Tremble,CAR,DET,TE,DET@CAR,last_td,0.031968330003330006,3028,0.0,0.18665,C,-,tgt_sh 9.8%; team att 38.0; opp DvP 1.00; RZ tgt 1,1.0,
Tommy Tremble,CAR,DET,TE,DET@CAR,2plus_td,0.0135,7307,0.0,0.18665,C,-,tgt_sh 9.8%; team att 38.0; opp DvP 1.00; RZ tgt 1,1.0,
Darren Waller,CAR,DET,TE,DET@CAR,anytime_td,0.24067994069053167,315,0.0,0.2736178775683118,C,no game designation yet (Full),tgt_sh 13.3%; team att 38.0; opp DvP 1.00; RZ tgt 2,0.9479829842591244,
Darren Waller,CAR,DET,TE,DET@CAR,first_td,0.04615001355231179,2067,0.0,0.2736178775683118,C,no game designation yet (Full),tgt_sh 13.3%; team att 38.0; opp DvP 1.00; RZ tgt 2,0.9479829842591244,
Darren Waller,CAR,DET,TE,DET@CAR,last_td,0.04615001355231179,2067,0.0,0.2736178775683118,C,no game designation yet (Full),tgt_sh 13.3%; team att 38.0; opp DvP 1.00; RZ tgt 2,0.9479829842591244,
Darren Waller,CAR,DET,TE,DET@CAR,2plus_td,0.030343147638212244,3196,0.0,0.2736178775683118,C,no game designation yet (Full),tgt_sh 13.3%; team att 38.0; opp DvP 1.00; RZ tgt 2,0.9479829842591244,
Michael Penix Jr.,ATL,NO,QB,ATL@NO,anytime_td,0.0487,1953,0.04975,0.0,C,-,team att 28.6; ypa 6.84; opp d_ypa 0.97; pass rate 49.5%,1.0,
Michael Penix Jr.,ATL,NO,QB,ATL@NO,first_td,0.009266858419358419,10691,0.04975,0.0,C,-,team att 28.6; ypa 6.84; opp d_ypa 0.97; pass rate 49.5%,1.0,
Michael Penix Jr.,ATL,NO,QB,ATL@NO,last_td,0.009266858419358419,10691,0.04975,0.0,C,-,team att 28.6; ypa 6.84; opp d_ypa 0.97; pass rate 49.5%,1.0,
Michael Penix Jr.,ATL,NO,QB,ATL@NO,2plus_td,0.00105,95138,0.04975,0.0,C,-,team att 28.6; ypa 6.84; opp d_ypa 0.97; pass rate 49.5%,1.0,
Chris Blair,ATL,NO,WR,ATL@NO,anytime_td,0.0372,2588,0.0,0.0377,C,-,w_td 0.03; team TD 2.38,1.0,
Chris Blair,ATL,NO,WR,ATL@NO,first_td,0.006764758852258852,14682,0.0,0.0377,C,-,w_td 0.03; team TD 2.38,1.0,
Chris Blair,ATL,NO,WR,ATL@NO,last_td,0.006764758852258852,14682,0.0,0.0377,C,-,w_td 0.03; team TD 2.38,1.0,
Chris Blair,ATL,NO,WR,ATL@NO,2plus_td,0.0005,199900,0.0,0.0377,C,-,w_td 0.03; team TD 2.38,1.0,
Zachariah Branch,ATL,NO,WR,ATL@NO,anytime_td,0.05305,1785,0.0,0.05445,C,-,w_td 0.04; team TD 2.38,1.0,
Zachariah Branch,ATL,NO,WR,ATL@NO,first_td,0.009728008658008658,10180,0.0,0.05445,C,-,w_td 0.04; team TD 2.38,1.0,
Zachariah Branch,ATL,NO,WR,ATL@NO,last_td,0.009728008658008658,10180,0.0,0.05445,C,-,w_td 0.04; team TD 2.38,1.0,
Zachariah Branch,ATL,NO,WR,ATL@NO,2plus_td,0.0014,71329,0.0,0.05445,C,-,w_td 0.04; team TD 2.38,1.0,
Jahan Dotson,ATL,NO,WR,ATL@NO,anytime_td,0.15005,566,0.0,0.16015,C,-,tgt_sh 11.5%; team att 28.6; opp DvP 1.08; RZ tgt 0,1.0,
Jahan Dotson,ATL,NO,WR,ATL@NO,first_td,0.028875555278055277,3363,0.0,0.16015,C,-,tgt_sh 11.5%; team att 28.6; opp DvP 1.08; RZ tgt 0,1.0,
Jahan Dotson,ATL,NO,WR,ATL@NO,last_td,0.028875555278055277,3363,0.0,0.16015,C,-,tgt_sh 11.5%; team att 28.6; opp DvP 1.08; RZ tgt 0,1.0,
Jahan Dotson,ATL,NO,WR,ATL@NO,2plus_td,0.0098,10104,0.0,0.16015,C,-,tgt_sh 11.5%; team att 28.6; opp DvP 1.08; RZ tgt 0,1.0,
Austin Hooper,ATL,NO,TE,ATL@NO,anytime_td,0.1369,630,0.0,0.1453,C,-,tgt_sh 5.9%; team att 28.6; opp DvP 1.08; RZ tgt 1,1.0,
Austin Hooper,ATL,NO,TE,ATL@NO,first_td,0.026410651709401708,3686,0.0,0.1453,C,-,tgt_sh 5.9%; team att 28.6; opp DvP 1.08; RZ tgt 1,1.0,
Austin Hooper,ATL,NO,TE,ATL@NO,last_td,0.026410651709401708,3686,0.0,0.1453,C,-,tgt_sh 5.9%; team att 28.6; opp DvP 1.08; RZ tgt 1,1.0,
Austin Hooper,ATL,NO,TE,ATL@NO,2plus_td,0.00825,12021,0.0,0.1453,C,-,tgt_sh 5.9%; team att 28.6; opp DvP 1.08; RZ tgt 1,1.0,
Drake London,ATL,NO,WR,ATL@NO,anytime_td,0.3137,219,0.0086,0.3602,B,-,tgt_sh 26.1%; team att 28.6; opp DvP 1.08; RZ tgt 0,1.0,
Drake London,ATL,NO,WR,ATL@NO,first_td,0.06698555652680652,1393,0.0086,0.3602,B,-,tgt_sh 26.1%; team att 28.6; opp DvP 1.08; RZ tgt 0,1.0,
Drake London,ATL,NO,WR,ATL@NO,last_td,0.06698555652680652,1393,0.0086,0.3602,B,-,tgt_sh 26.1%; team att 28.6; opp DvP 1.08; RZ tgt 0,1.0,
Drake London,ATL,NO,WR,ATL@NO,2plus_td,0.0503,1888,0.0086,0.3602,B,-,tgt_sh 26.1%; team att 28.6; opp DvP 1.08; RZ tgt 0,1.0,
Kyle Pitts,ATL,NO,TE,ATL@NO,anytime_td,0.18065,454,0.0,0.19705,C,-,tgt_sh 14.6%; team att 28.6; opp DvP 1.08; RZ tgt 0,1.0,
Kyle Pitts,ATL,NO,TE,ATL@NO,first_td,0.035703383699633696,2701,0.0,0.19705,C,-,tgt_sh 14.6%; team att 28.6; opp DvP 1.08; RZ tgt 0,1.0,
Kyle Pitts,ATL,NO,TE,ATL@NO,last_td,0.035703383699633696,2701,0.0,0.19705,C,-,tgt_sh 14.6%; team att 28.6; opp DvP 1.08; RZ tgt 0,1.0,
Kyle Pitts,ATL,NO,TE,ATL@NO,2plus_td,0.01575,6249,0.0,0.19705,C,-,tgt_sh 14.6%; team att 28.6; opp DvP 1.08; RZ tgt 0,1.0,
Bijan Robinson,ATL,NO,RB,ATL@NO,anytime_td,0.5882,-143,0.6041,0.2467,B,-,tgt_sh 20.3%; team att 28.6; opp DvP 0.86; RZ tgt 0; car_sh 53.1%; team rush 31.6; opp d_ypc 1.06; inside-10 car 7,1.0,
Bijan Robinson,ATL,NO,RB,ATL@NO,first_td,0.15651863580863581,539,0.6041,0.2467,B,-,tgt_sh 20.3%; team att 28.6; opp DvP 0.86; RZ tgt 0; car_sh 53.1%; team rush 31.6; opp d_ypc 1.06; inside-10 car 7,1.0,
Bijan Robinson,ATL,NO,RB,ATL@NO,last_td,0.15651863580863581,539,0.6041,0.2467,B,-,tgt_sh 20.3%; team att 28.6; opp DvP 0.86; RZ tgt 0; car_sh 53.1%; team rush 31.6; opp d_ypc 1.06; inside-10 car 7,1.0,
Bijan Robinson,ATL,NO,RB,ATL@NO,2plus_td,0.20925,378,0.6041,0.2467,B,-,tgt_sh 20.3%; team att 28.6; opp DvP 0.86; RZ tgt 0; car_sh 53.1%; team rush 31.6; opp d_ypc 1.06; inside-10 car 7,1.0,
Brian Robinson,ATL,NO,RB,ATL@NO,anytime_td,0.21735,360,0.2176,0.0251,B,-,car_sh 23.4%; team rush 31.6; opp d_ypc 1.06; inside-10 car 1,1.0,
Brian Robinson,ATL,NO,RB,ATL@NO,first_td,0.04520221126096126,2112,0.2176,0.0251,B,-,car_sh 23.4%; team rush 31.6; opp d_ypc 1.06; inside-10 car 1,1.0,
Brian Robinson,ATL,NO,RB,ATL@NO,last_td,0.04520221126096126,2112,0.2176,0.0251,B,-,car_sh 23.4%; team rush 31.6; opp d_ypc 1.06; inside-10 car 1,1.0,
Brian Robinson,ATL,NO,RB,ATL@NO,2plus_td,0.0232,4210,0.2176,0.0251,B,-,car_sh 23.4%; team rush 31.6; opp d_ypc 1.06; inside-10 car 1,1.0,
Charlie Woerner,ATL,NO,TE,ATL@NO,anytime_td,0.0196,5002,0.0,0.01975,C,-,w_td 0.02; team TD 2.38,1.0,
Charlie Woerner,ATL,NO,TE,ATL@NO,first_td,0.0035603414640914635,27987,0.0,0.01975,C,-,w_td 0.02; team TD 2.38,1.0,
Charlie Woerner,ATL,NO,TE,ATL@NO,last_td,0.0035603414640914635,27987,0.0,0.01975,C,-,w_td 0.02; team TD 2.38,1.0,
Charlie Woerner,ATL,NO,TE,ATL@NO,2plus_td,0.00015,666567,0.0,0.01975,C,-,w_td 0.02; team TD 2.38,1.0,
Olamide Zaccheaus,ATL,NO,WR,ATL@NO,anytime_td,0.1217,722,0.0,0.12805,C,-,tgt_sh 9.4%; team att 28.6; opp DvP 1.08; RZ tgt 0,1.0,
Olamide Zaccheaus,ATL,NO,WR,ATL@NO,first_td,0.023088777056277054,4231,0.0,0.12805,C,-,tgt_sh 9.4%; team att 28.6; opp DvP 1.08; RZ tgt 0,1.0,
Olamide Zaccheaus,ATL,NO,WR,ATL@NO,last_td,0.023088777056277054,4231,0.0,0.12805,C,-,tgt_sh 9.4%; team att 28.6; opp DvP 1.08; RZ tgt 0,1.0,
Olamide Zaccheaus,ATL,NO,WR,ATL@NO,2plus_td,0.0061,16293,0.0,0.12805,C,-,tgt_sh 9.4%; team att 28.6; opp DvP 1.08; RZ tgt 0,1.0,
Tyler Shough,NO,ATL,QB,ATL@NO,anytime_td,0.1394,617,0.1495,0.0,B,-,team att 37.2; ypa 6.64; opp d_ypa 0.94; pass rate 61.3%,1.0,
Tyler Shough,NO,ATL,QB,ATL@NO,first_td,0.027743314047064045,3504,0.1495,0.0,B,-,team att 37.2; ypa 6.64; opp d_ypa 0.94; pass rate 61.3%,1.0,
Tyler Shough,NO,ATL,QB,ATL@NO,last_td,0.027743314047064045,3504,0.1495,0.0,B,-,team att 37.2; ypa 6.64; opp d_ypa 0.94; pass rate 61.3%,1.0,
Tyler Shough,NO,ATL,QB,ATL@NO,2plus_td,0.00975,10156,0.1495,0.0,B,-,team att 37.2; ypa 6.64; opp d_ypa 0.94; pass rate 61.3%,1.0,
Kevin Austin Jr.,NO,ATL,WR,ATL@NO,anytime_td,0.0706,1316,0.0,0.0725,C,-,tgt_sh 4.4%; team att 37.2; opp DvP 0.96; RZ tgt 0,1.0,
Kevin Austin Jr.,NO,ATL,WR,ATL@NO,first_td,0.012966274003774004,7612,0.0,0.0725,C,-,tgt_sh 4.4%; team att 37.2; opp DvP 0.96; RZ tgt 0,1.0,
Kevin Austin Jr.,NO,ATL,WR,ATL@NO,last_td,0.012966274003774004,7612,0.0,0.0725,C,-,tgt_sh 4.4%; team att 37.2; opp DvP 0.96; RZ tgt 0,1.0,
Kevin Austin Jr.,NO,ATL,WR,ATL@NO,2plus_td,0.0019,52532,0.0,0.0725,C,-,tgt_sh 4.4%; team att 37.2; opp DvP 0.96; RZ tgt 0,1.0,
Barion Brown,NO,ATL,WR,ATL@NO,anytime_td,0.023547880690737835,4147,0.007744636316064888,0.01596023024594453,C,no game designation yet (Limited),w_td 0.01; team TD 2.82,0.9575230478992892,
Barion Brown,NO,ATL,WR,ATL@NO,first_td,0.004294656590574958,23185,0.007744636316064888,0.01596023024594453,C,no game designation yet (Limited),w_td 0.01; team TD 2.82,0.9575230478992892,
Barion Brown,NO,ATL,WR,ATL@NO,last_td,0.004294656590574958,23185,0.007744636316064888,0.01596023024594453,C,no game designation yet (Limited),w_td 0.01; team TD 2.82,0.9575230478992892,
Barion Brown,NO,ATL,WR,ATL@NO,2plus_td,0.00015698587127158556,636900,0.007744636316064888,0.01596023024594453,C,no game designation yet (Limited),w_td 0.01; team TD 2.82,0.9575230478992892,
Oscar Delp,NO,ATL,TE,ATL@NO,anytime_td,0.0323,2996,0.0,0.0328,C,-,w_td 0.02; team TD 2.82,1.0,
Oscar Delp,NO,ATL,TE,ATL@NO,first_td,0.005959165417915417,16681,0.0,0.0328,C,-,w_td 0.02; team TD 2.82,1.0,
Oscar Delp,NO,ATL,TE,ATL@NO,last_td,0.005959165417915417,16681,0.0,0.0328,C,-,w_td 0.02; team TD 2.82,1.0,
Oscar Delp,NO,ATL,TE,ATL@NO,2plus_td,0.0005,199900,0.0,0.0328,C,-,w_td 0.02; team TD 2.82,1.0,
CJ Donaldson,NO,ATL,RB,ATL@NO,anytime_td,0.08005,1149,0.05845,0.0243,C,-,w_td 0.07; team TD 2.82,1.0,
CJ Donaldson,NO,ATL,RB,ATL@NO,first_td,0.015493930930180928,6354,0.05845,0.0243,C,-,w_td 0.07; team TD 2.82,1.0,
CJ Donaldson,NO,ATL,RB,ATL@NO,last_td,0.015493930930180928,6354,0.05845,0.0243,C,-,w_td 0.07; team TD 2.82,1.0,
CJ Donaldson,NO,ATL,RB,ATL@NO,2plus_td,0.0027,36937,0.05845,0.0243,C,-,w_td 0.07; team TD 2.82,1.0,
Noah Fant,NO,ATL,TE,ATL@NO,anytime_td,0.21228408913009444,371,0.0,0.23670615248134425,C,no game designation yet (Limited),tgt_sh 7.1%; team att 37.2; opp DvP 1.19; RZ tgt 3,0.9575230478992892,
Noah Fant,NO,ATL,TE,ATL@NO,first_td,0.04342914300123505,2203,0.0,0.23670615248134425,C,no game designation yet (Limited),tgt_sh 7.1%; team att 37.2; opp DvP 1.19; RZ tgt 3,0.9575230478992892,
Noah Fant,NO,ATL,TE,ATL@NO,last_td,0.04342914300123505,2203,0.0,0.23670615248134425,C,no game designation yet (Limited),tgt_sh 7.1%; team att 37.2; opp DvP 1.19; RZ tgt 3,0.9575230478992892,
Noah Fant,NO,ATL,TE,ATL@NO,2plus_td,0.02280436257370975,4285,0.0,0.23670615248134425,C,no game designation yet (Limited),tgt_sh 7.1%; team att 37.2; opp DvP 1.19; RZ tgt 3,0.9575230478992892,
Juwan Johnson,NO,ATL,TE,ATL@NO,anytime_td,0.4253,135,0.0,0.54305,B,-,tgt_sh 17.0%; team att 37.2; opp DvP 1.19; RZ tgt 6,1.0,
Juwan Johnson,NO,ATL,TE,ATL@NO,first_td,0.09963196345321346,904,0.0,0.54305,B,-,tgt_sh 17.0%; team att 37.2; opp DvP 1.19; RZ tgt 6,1.0,
Juwan Johnson,NO,ATL,TE,ATL@NO,last_td,0.09963196345321346,904,0.0,0.54305,B,-,tgt_sh 17.0%; team att 37.2; opp DvP 1.19; RZ tgt 6,1.0,
Juwan Johnson,NO,ATL,TE,ATL@NO,2plus_td,0.1012,888,0.0,0.54305,B,-,tgt_sh 17.0%; team att 37.2; opp DvP 1.19; RZ tgt 6,1.0,
Alvin Kamara,NO,ATL,RB,ATL@NO,anytime_td,0.3682,172,0.22985,0.2154,B,-,tgt_sh 10.3%; team att 37.2; opp DvP 1.11; RZ tgt 1; car_sh 26.3%; team rush 24.9; opp d_ypc 0.87; inside-10 car 0,1.0,
Alvin Kamara,NO,ATL,RB,ATL@NO,first_td,0.08322239579864579,1102,0.22985,0.2154,B,-,tgt_sh 10.3%; team att 37.2; opp DvP 1.11; RZ tgt 1; car_sh 26.3%; team rush 24.9; opp d_ypc 0.87; inside-10 car 0,1.0,
Alvin Kamara,NO,ATL,RB,ATL@NO,last_td,0.08322239579864579,1102,0.22985,0.2154,B,-,tgt_sh 10.3%; team att 37.2; opp DvP 1.11; RZ tgt 1; car_sh 26.3%; team rush 24.9; opp d_ypc 0.87; inside-10 car 0,1.0,
Alvin Kamara,NO,ATL,RB,ATL@NO,2plus_td,0.06885,1352,0.22985,0.2154,B,-,tgt_sh 10.3%; team att 37.2; opp DvP 1.11; RZ tgt 1; car_sh 26.3%; team rush 24.9; opp d_ypc 0.87; inside-10 car 0,1.0,
Bryce Lance,NO,ATL,WR,ATL@NO,anytime_td,0.0715,1299,0.0,0.07325,C,-,tgt_sh 4.5%; team att 37.2; opp DvP 0.96; RZ tgt 0,1.0,
Bryce Lance,NO,ATL,WR,ATL@NO,first_td,0.013624901903651903,7240,0.0,0.07325,C,-,tgt_sh 4.5%; team att 37.2; opp DvP 0.96; RZ tgt 0,1.0,
Bryce Lance,NO,ATL,WR,ATL@NO,last_td,0.013624901903651903,7240,0.0,0.07325,C,-,tgt_sh 4.5%; team att 37.2; opp DvP 0.96; RZ tgt 0,1.0,
Bryce Lance,NO,ATL,WR,ATL@NO,2plus_td,0.00175,57043,0.0,0.07325,C,-,tgt_sh 4.5%; team att 37.2; opp DvP 0.96; RZ tgt 0,1.0,
Kendre Miller,NO,ATL,RB,ATL@NO,anytime_td,0.2266,341,0.20645,0.04775,C,-,car_sh 17.3%; team rush 24.9; opp d_ypc 0.87; inside-10 car 2,1.0,
Kendre Miller,NO,ATL,RB,ATL@NO,first_td,0.04685966325341325,2034,0.20645,0.04775,C,-,car_sh 17.3%; team rush 24.9; opp d_ypc 0.87; inside-10 car 2,1.0,
Kendre Miller,NO,ATL,RB,ATL@NO,last_td,0.04685966325341325,2034,0.20645,0.04775,C,-,car_sh 17.3%; team rush 24.9; opp d_ypc 0.87; inside-10 car 2,1.0,
Kendre Miller,NO,ATL,RB,ATL@NO,2plus_td,0.0258,3776,0.20645,0.04775,C,-,car_sh 17.3%; team rush 24.9; opp d_ypc 0.87; inside-10 car 2,1.0,
Chris Olave,NO,ATL,WR,ATL@NO,anytime_td,0.45015,122,0.0,0.5771,B,-,tgt_sh 26.6%; team att 37.2; opp DvP 0.96; RZ tgt 4,1.0,
Chris Olave,NO,ATL,WR,ATL@NO,first_td,0.10543778041403039,848,0.0,0.5771,B,-,tgt_sh 26.6%; team att 37.2; opp DvP 0.96; RZ tgt 4,1.0,
Chris Olave,NO,ATL,WR,ATL@NO,last_td,0.10543778041403039,848,0.0,0.5771,B,-,tgt_sh 26.6%; team att 37.2; opp DvP 0.96; RZ tgt 4,1.0,
Chris Olave,NO,ATL,WR,ATL@NO,2plus_td,0.10785,827,0.0,0.5771,B,-,tgt_sh 26.6%; team att 37.2; opp DvP 0.96; RZ tgt 4,1.0,
Devaughn Vele,NO,ATL,WR,ATL@NO,anytime_td,0.27135,269,0.0,0.3088,B,-,tgt_sh 13.0%; team att 37.2; opp DvP 0.96; RZ tgt 3,1.0,
Devaughn Vele,NO,ATL,WR,ATL@NO,first_td,0.057170727328227325,1649,0.0,0.3088,B,-,tgt_sh 13.0%; team att 37.2; opp DvP 0.96; RZ tgt 3,1.0,
Devaughn Vele,NO,ATL,WR,ATL@NO,last_td,0.057170727328227325,1649,0.0,0.3088,B,-,tgt_sh 13.0%; team att 37.2; opp DvP 0.96; RZ tgt 3,1.0,
Devaughn Vele,NO,ATL,WR,ATL@NO,2plus_td,0.0345,2799,0.0,0.3088,B,-,tgt_sh 13.0%; team att 37.2; opp DvP 0.96; RZ tgt 3,1.0,
