player,pos,team,opp,game,played,p_active,status,proxy,pass_cmp_mean,pass_cmp_p25,pass_cmp_p75,pass_cmp_conf,pass_yds_mean,pass_yds_p25,pass_yds_p75,pass_yds_conf,pass_td_mean,pass_td_p25,pass_td_p75,pass_td_conf,rush_td_mean,any_td_pct,exp_td,td_conf,rush_yds_mean,rush_yds_p25,rush_yds_p75,rush_yds_conf,rec_yds_mean,rec_yds_p25,rec_yds_p75,rec_yds_conf,rec_mean,rec_p25,rec_p75,rec_conf,rec_td_mean,rush_att_mean,tgt_mean,car_sh,tgt_sh,any_td_pct_wt
Aaron Rodgers,QB,PIT,CLE,PIT@CLE,True,1.0,,False,20.0844,17.0,23.0,91.0,233.9935878989356,177.12223872963776,279.61137862957577,87.0,1.67625,1.0,2.0,82.0,0.01735,0.0172,0.01735,62,,,,,,,,,,,,,,,,,,0.0172
Germie Bernard,WR,PIT,CLE,PIT@CLE,True,1.0,,False,,,,,,,,,,,,,0.0,0.1242,0.13105,30,0.0,0.0,0.0,78.0,13.580736052846262,0.0,21.192477409003466,31.0,1.1142,0.0,2.0,24.0,0.13105,0.0,1.9548,0.002783512338617426,0.04920819490473396,0.1242
Pat Freiermuth,TE,PIT,CLE,PIT@CLE,True,1.0,,False,,,,,,,,,,,,,0.0041,0.24415,0.2751,50,1.6580347333409182,0.0,0.0,90.0,34.11636279933667,14.352544861254941,47.84745868668254,61.0,3.19145,2.0,4.0,72.0,0.271,0.374,5.04995,0.010851664044754891,0.13203059049486404,0.24415
Eli Heidenreich,RB,PIT,CLE,PIT@CLE,True,1.0,,False,,,,,,,,,,,,,0.0036,0.0137,0.0138,1,1.2094169509718886,0.0,0.0,60.0,1.6897274927086474,0.0,0.0,60.0,0.2158,0.0,0.0,60.0,0.0102,0.2732,0.31625,0.008088545411842035,0.007667384255273657,0.0137
Travis Homer,RB,PIT,CLE,PIT@CLE,True,1.0,,False,,,,,,,,,,,,,0.04635,0.0538,0.05515,20,10.188377167025417,1.5035229721309664,13.81698962192068,27.0,1.1885578091948765,0.0,0.0,63.0,0.1512,0.0,0.0,63.0,0.0088,2.4047,0.22545,0.07057112458935205,0.00536894383615806,0.0538
DK Metcalf,WR,PIT,CLE,PIT@CLE,True,1.0,,False,,,,,,,,,,,,,0.0,0.29125,0.3394,50,0.0,0.0,0.0,97.0,65.92390424052162,34.95557806000196,88.80374757047187,75.0,4.7462,3.0,6.0,81.0,0.3394,0.0,8.81765,0.002783512338617426,0.22236427917111726,0.29125
Lew Nichols III,RB,PIT,CLE,PIT@CLE,True,1.0,,False,,,,,,,,,,,,,0.02495,0.03255,0.03345,6,2.864750015961912,0.0,3.077527932108282,28.0,1.2144138671376943,0.0,0.0,61.0,0.1542,0.0,0.0,61.0,0.0085,0.68795,0.23035,0.02026106233988231,0.005489665650225519,0.03255
Riley Nowakowski,RB,PIT,CLE,PIT@CLE,True,1.0,,False,,,,,,,,,,,,,0.0,0.0045,0.0045,1,0.0,0.0,0.0,60.0,0.7377653348670905,0.0,0.0,60.0,0.09345,0.0,0.0,60.0,0.0045,0.0,0.13645,0.003867604358672992,0.003381025856006241,0.0045
Michael Pittman,WR,PIT,CLE,PIT@CLE,True,1.0,,False,,,,,,,,,,,,,0.0,0.16955,0.1838,21,0.0,0.0,0.0,79.0,38.25425531987584,15.83680104772811,54.109944311779245,49.0,3.08155,2.0,4.0,60.0,0.1838,0.0,5.3573,0.00324743106172033,0.1353091789490617,0.16955
Ben Skowronek,WR,PIT,CLE,PIT@CLE,True,1.0,,False,,,,,,,,,,,,,0.0,0.05705,0.0585,13,0.0,0.0,0.0,66.0,6.10267627466797,0.0,7.877430301566802,28.0,0.4685,0.0,1.0,6.0,0.0585,0.0,0.82695,0.002783512338617426,0.020885617313412957,0.05705
Robert Tonyan,TE,PIT,CLE,PIT@CLE,True,1.0,,False,,,,,,,,,,,,,0.0,0.03935,0.0402,7,0.0,0.0,0.0,62.0,2.038249825191525,0.0,0.0,62.0,0.20075,0.0,0.0,62.0,0.0402,0.0,0.3243,0.002783512338617426,0.008346914857342862,0.03935
Jaylen Warren,RB,PIT,CLE,PIT@CLE,True,1.0,,False,,,,,,,,,,,,,0.20445,0.4118,0.51315,82,81.77177320539228,57.05187552297328,101.58196349735006,84.0,28.985162309335557,12.83122763685907,40.31430193124557,72.0,3.49135,2.0,5.0,74.0,0.3087,16.1949,5.01055,0.47774323509836253,0.11945307577556553,0.4118
Darnell Washington,TE,PIT,CLE,PIT@CLE,True,1.0,,False,,,,,,,,,,,,,0.0,0.1554,0.1674,34,0.0,0.0,0.0,81.0,21.261807865127427,4.930399749490548,31.412748194192083,43.0,1.92205,1.0,3.0,50.0,0.1674,0.0,3.0834,0.002783512338617426,0.07996535359795272,0.1554
Kaden Wetjen,WR,PIT,CLE,PIT@CLE,True,1.0,,False,,,,,,,,,,,,,0.0,0.0055,0.00555,1,0.0,0.0,0.0,60.0,1.1059177772528468,0.0,0.0,60.0,0.0842,0.0,0.0,60.0,0.00555,0.0,0.1479,0.002783512338617426,0.0036825314401287756,0.0055
Roman Wilson,WR,PIT,CLE,PIT@CLE,True,1.0,,False,,,,,,,,,,,,,0.0,0.2061,0.2252,53,0.0,0.0,0.0,97.0,34.718774466379195,12.626669312115652,49.80344528669299,66.0,2.61765,1.0,4.0,64.0,0.2252,0.0,4.75135,0.002783512338617426,0.11961607441485711,0.2061
Deshaun Watson,QB,CLE,PIT,PIT@CLE,True,1.0,,False,19.23305,16.0,22.0,91.0,219.1561407355262,166.57076761847847,262.0598895802468,87.0,1.0914,0.0,2.0,45.0,0.1083,0.1038,0.1083,62,,,,,,,,,,,,,,,,,,0.1038
Isaiah Bond,WR,CLE,PIT,PIT@CLE,True,1.0,,False,,,,,,,,,,,,,0.0,0.03865,0.03905,4,0.0,0.0,0.0,63.0,10.176461884133898,0.0,16.043070218057103,16.0,0.8035,0.0,1.0,26.0,0.03905,0.0,1.3217,0.0031591414519928493,0.04102174167680726,0.03865
Denzel Boston,WR,CLE,PIT,PIT@CLE,True,1.0,,False,,,,,,,,,,,,,0.0,0.1868,0.2042,55,0.0,0.0,0.0,95.0,49.64163532583394,20.86507162056541,70.1018593065163,65.0,3.04385,2.0,4.0,75.0,0.2042,0.0,4.6715,0.0031591414519928493,0.1451872475658341,0.1868
Michael Burton,RB,CLE,PIT,PIT@CLE,True,1.0,,False,,,,,,,,,,,,,0.0035,0.01115,0.0113,1,0.9995193941004819,0.0,0.0,61.0,1.8787758223406215,0.0,0.0,61.0,0.2352,0.0,0.0,61.0,0.0078,0.2311,0.2999,0.008298954024434394,0.009953208567108797,0.01115
KC Concepcion,WR,CLE,PIT,PIT@CLE,True,1.0,,False,,,,,,,,,,,,,0.01025,0.23915,0.27005,60,2.6581121445850715,0.0,2.766575412764697,69.0,51.206272764114864,26.22379259175608,69.44356257219872,75.0,4.35725,3.0,6.0,79.0,0.2598,0.62025,6.6805,0.02209734119714102,0.20796591322232244,0.23915
Malachi Corley,WR,CLE,PIT,PIT@CLE,True,1.0,,False,,,,,,,,,,,,,0.0,0.0139,0.014,1,0.0,0.0,0.0,60.0,5.2254239197283265,0.0,5.089363809326539,31.0,0.3879,0.0,1.0,1.0,0.014,0.0,0.5865,0.0031591414519928493,0.018448907381079037,0.0139
Harold Fannin Jr.,TE,CLE,PIT,PIT@CLE,True,1.0,,False,,,,,,,,,,,,,0.0,0.2159,0.2392,57,0.0,0.0,0.0,97.0,46.221311277825876,23.85988360538773,62.93706686101827,71.0,4.3951,3.0,6.0,76.0,0.2392,0.0,6.1927,0.0031591414519928493,0.18909122834304024,0.2159
Jerry Jeudy,WR,CLE,PIT,PIT@CLE,True,1.0,,False,,,,,,,,,,,,,0.0,0.0973,0.10145,14,0.0,0.0,0.0,73.0,28.28078283466564,8.366010354445349,41.51735193572303,38.0,2.1802,1.0,3.0,45.0,0.10145,0.0,3.54465,0.0031591414519928493,0.10966123213441185,0.0973
Quinshon Judkins,RB,CLE,PIT,PIT@CLE,True,1.0,,False,,,,,,,,,,,,,0.29575,0.36275,0.4428,85,51.37464501427439,31.537251616309906,65.73539771548481,80.0,17.564558541840505,5.78305170723842,25.377232584333292,67.0,2.30945,1.0,3.0,74.0,0.14705,14.1621,2.9588,0.5132748925046645,0.09867086556281471,0.36275
Jaleel McLaughlin,RB,CLE,PIT,PIT@CLE,True,1.0,,False,,,,,,,,,,,,,0.03225,0.04465,0.0457,3,8.576320603722555,0.0,12.063320035030362,20.0,2.777893168565527,0.0,1.795375739981564,43.0,0.35135,0.0,1.0,3.0,0.01345,1.74615,0.44645,0.0639658170434973,0.014508555894653958,0.04465
Carsen Ryan,TE,CLE,PIT,PIT@CLE,True,1.0,,False,,,,,,,,,,,,,0.0,0.00465,0.00465,1,0.0,0.0,0.0,60.0,1.211029669005665,0.0,0.0,60.0,0.11575,0.0,0.0,60.0,0.00465,0.0,0.1619,0.0031591414519928493,0.004900222034082455,0.00465
Raheim Sanders,RB,CLE,PIT,PIT@CLE,True,1.0,,False,,,,,,,,,,,,,0.04395,0.11,0.11455,21,11.648771979016662,2.5069707752349926,16.107071743229916,44.0,14.977497938715748,3.1773405582319647,22.438550652641144,40.0,1.8976,1.0,3.0,47.0,0.0706,2.6259,2.4169,0.09524747652710921,0.08047370751115547,0.11
Blake Whiteheart,TE,CLE,PIT,PIT@CLE,True,1.0,,False,,,,,,,,,,,,,0.0,0.0415,0.04225,11,0.0,0.0,0.0,65.0,5.674091834526333,0.0,8.009208802101242,22.0,0.53335,0.0,1.0,9.0,0.04225,0.0,0.74685,0.0031591414519928493,0.02288177144498253,0.0415
Daniel Jones,QB,IND,WAS,IND@WAS,False,1.0,,False,20.2619,17.0,23.0,91.0,206.15850854041489,155.12580893517335,247.46149878488353,87.0,1.60455,1.0,2.0,81.0,0.08325,0.07925,0.08325,62,,,,,,,,,,,,,,,,,,0.07925
Mo Alie-Cox,TE,IND,WAS,IND@WAS,False,0.9479829842591244,Full,False,,,,,,,,,,,,,0.0,0.03410468609983659,0.03478994254388277,2,0.0,0.0,0.0,58.0,6.20086432925988,0.0,9.268305721239429,16.0,0.6246376047651679,0.0,1.0,13.0,0.03478994254388277,0.0,0.9002161193400453,0.004234097619595359,0.02040525306751215,0.03233066210614377
Keenan Allen,WR,IND,WAS,IND@WAS,False,0.4981574884199691,Questionable; DNP,False,,,,,,,,,,,,,0.0,0.3269464720194647,0.3879764801297648,26,0.0,0.0,0.0,46.0,45.05700397739086,22.5139725628384,61.798670986699015,33.0,4.272303325223033,3.0,6.0,35.0,0.3879764801297648,0.0,6.560928629359286,0.004234097619595359,0.18666181575426488,0.16287083334898622
Deion Burks,WR,IND,WAS,IND@WAS,False,1.0,,False,,,,,,,,,,,,,0.01225,0.0293,0.02975,1,1.794946139464418,0.0,0.0865339504007947,59.0,3.2034742338042035,0.0,0.0,60.0,0.25735,0.0,0.0,60.0,0.0175,0.4194,0.4028,0.01305513432708569,0.009688074268750457,0.0293
Josh Downs,WR,IND,WAS,IND@WAS,False,1.0,,False,,,,,,,,,,,,,0.0,0.414,0.52645,64,0.0,0.0,0.0,97.0,66.20535680294887,36.37600058621802,88.16580891956298,75.0,5.5889,4.0,7.0,82.0,0.52645,0.0,8.68685,0.004234097619595359,0.20433937833760832,0.414
Ashton Dulin,WR,IND,WAS,IND@WAS,False,0.7549608892548374,Questionable; Full,False,,,,,,,,,,,,,0.0,0.05092838196286472,0.05212201591511936,1,0.0,0.0,0.0,46.0,9.517093602749437,0.0,14.213543291648685,12.0,0.7529177718832891,0.0,1.0,16.0,0.05212201591511936,0.0,1.1762599469496022,0.006351146429393038,0.02949662056359085,0.03844893653499437
Anthony Gould,WR,IND,WAS,IND@WAS,False,1.0,,False,,,,,,,,,,,,,0.0,0.0133,0.0134,1,0.0,0.0,0.0,60.0,2.567947465285543,0.0,0.0,60.0,0.2027,0.0,0.0,60.0,0.0134,0.0,0.31395,0.005080917143514431,0.007373447342728105,0.0133
Seth McGowan,RB,IND,WAS,IND@WAS,False,1.0,,False,,,,,,,,,,,,,0.14175,0.15075,0.16545,11,15.880575689301763,4.27254713022437,20.72990441009039,34.0,3.7843744755892024,0.0,4.875285572935082,27.0,0.51375,0.0,1.0,7.0,0.0237,3.8775,0.6662,0.11934294658762354,0.01484945448596578,0.15075
Andrew Ogletree,TE,IND,WAS,IND@WAS,False,1.0,,False,,,,,,,,,,,,,0.0,0.0357,0.03635,4,0.0,0.0,0.0,63.0,6.413070106480035,0.0,9.449026931747877,19.0,0.63795,0.0,1.0,16.0,0.03635,0.0,0.9101,0.004234097619595359,0.020283965765838994,0.0357
Jonathan Taylor,RB,IND,WAS,IND@WAS,False,0.9508674235277402,Full,False,,,,,,,,,,,,,0.7224062680759321,0.6336435820581585,0.9555134879318504,84,86.12506294146266,60.897705809153706,105.95047746976303,80.0,28.507846680206367,12.832786322022042,39.415731880009744,68.0,3.7330283430614712,2.0,5.0,72.0,0.2331072198559184,20.577535888941473,4.718620181942472,0.7227979778520776,0.10662468522123161,0.6025110403065295
Laquon Treadwell,WR,IND,WAS,IND@WAS,False,1.0,,False,,,,,,,,,,,,,0.0,0.043,0.04385,9,0.0,0.0,0.0,68.0,10.314523363581323,0.0,15.678569526432312,22.0,0.7696,0.0,1.0,29.0,0.04385,0.0,1.17745,0.004234097619595359,0.02766083386441836,0.043
Tyler Warren,TE,IND,WAS,IND@WAS,False,1.0,,False,,,,,,,,,,,,,0.01375,0.4299,0.5487,55,1.9047342089982773,0.0,0.4395406031866582,88.0,65.67066108092533,38.73549094577473,86.02316177244536,74.0,6.90165,5.0,9.0,78.0,0.53495,0.4305,9.76515,0.013197409112690371,0.22208651744733474,0.4299
Marcus Mariota,QB,WAS,IND,IND@WAS,False,1.0,,False,20.30565,17.0,23.0,69.0,229.2049431070414,172.88382739951888,274.50939319977823,64.0,1.5265,1.0,2.0,58.0,0.1523,0.1414,0.1523,37,,,,,,,,,,,,,,,,,,0.1414
Kaytron Allen,RB,WAS,IND,IND@WAS,False,1.0,,False,,,,,,,,,,,,,0.0791,0.081,0.0834,22,14.133436129227205,3.5422254750770397,19.642740971465663,31.0,0.6762269462187511,0.0,0.0,65.0,0.0925,0.0,0.0,65.0,0.0043,3.0096,0.12785,0.07861718138388828,0.0038034958122500715,0.081
John Bates,TE,WAS,IND,IND@WAS,False,1.0,,False,,,,,,,,,,,,,0.0,0.08055,0.0837,11,0.0,0.0,0.0,65.0,9.118749440411225,0.0,14.185372862268633,19.0,0.93375,0.0,1.0,33.0,0.0837,0.0,1.39195,0.0033335219393587755,0.034271209042520505,0.08055
Dyami Brown,WR,WAS,IND,IND@WAS,False,1.0,,False,,,,,,,,,,,,,0.0,0.1298,0.137,19,0.0,0.0,0.0,72.0,19.457622966752755,3.35215857566857,28.975831897986318,33.0,1.7578,1.0,3.0,38.0,0.137,0.0,2.96845,0.0033335219393587755,0.07299162430800638,0.1298
Treylon Burks,WR,WAS,IND,IND@WAS,False,1.0,,False,,,,,,,,,,,,,0.0,0.12935,0.1379,9,0.0,0.0,0.0,63.0,19.431037640534218,2.374307418500959,29.162178841144165,22.0,1.6357,1.0,2.0,45.0,0.1379,0.0,2.88875,0.004000226327230531,0.07162474647974579,0.12935
Jacory Croskey-Merritt,RB,WAS,IND,IND@WAS,False,1.0,,False,,,,,,,,,,,,,0.34345,0.31235,0.3718,61,63.131104077063526,40.93349784991072,79.40417468385574,72.0,4.388798445601817,0.0,6.5049208651336,46.0,0.6165,0.0,1.0,41.0,0.02835,15.36715,0.839,0.39918940712735934,0.02425711959796394,0.31235
Stefon Diggs,WR,WAS,IND,IND@WAS,False,1.0,,False,,,,,,,,,,,,,0.0,0.34325,0.4132,55,0.0,0.0,0.0,90.0,55.228278235095964,28.881598581402162,74.55920454222323,65.0,4.808,3.0,6.0,71.0,0.4132,0.0,7.6381,0.0033335219393587755,0.18975821957203062,0.34325
Jaylin Lane,WR,WAS,IND,IND@WAS,False,1.0,,False,,,,,,,,,,,,,0.0,0.0538,0.0548,3,0.0,0.0,0.0,63.0,11.712859127933228,0.0,18.355117013610325,16.0,0.95155,0.0,1.0,31.0,0.0548,0.0,1.61715,0.0033335219393587755,0.040422631107111785,0.0538
Terry McLaurin,WR,WAS,IND,IND@WAS,False,0.6667342299285288,Questionable; Limited,False,,,,,,,,,,,,,0.0,0.27553159628631324,0.3149895178197065,29,0.0,0.0,0.0,60.0,51.07342068469858,23.70869988529801,70.90651099940679,41.0,3.75104821802935,2.0,5.0,44.0,0.3149895178197065,0.0,6.361560347409404,0.0033335219393587755,0.18332672094247834,0.18370634667093336
Chig Okonkwo,TE,WAS,IND,IND@WAS,False,0.9575230478992892,Limited,False,,,,,,,,,,,,,0.0,0.159767648751897,0.1710188916217489,3,0.0,0.0,0.0,60.0,31.53282284395585,13.0985532521273,44.499499204670194,31.0,3.2239258987911454,2.0,4.0,42.0,0.1710188916217489,0.0,4.813648019257942,0.0050002829090381624,0.11956676576009709,0.1529812059886195
Ben Sinnott,TE,WAS,IND,IND@WAS,False,0.9575230478992892,Limited,False,,,,,,,,,,,,,0.0,0.030634115740498718,0.03100005227664802,3,0.0,0.0,0.0,60.0,5.532304747242143,0.0,7.89446823115392,19.0,0.5651628417585864,0.0,1.0,9.0,0.03100005227664802,0.0,0.8479272309059543,0.0033335219393587755,0.020538393728769776,0.029332871873541923
Antonio Williams,WR,WAS,IND,IND@WAS,False,1.0,,False,,,,,,,,,,,,,0.0,0.2096,0.23275,27,0.0,0.0,0.0,75.0,34.18792069915903,12.951734176561468,48.55190320249797,44.0,2.8377,1.0,4.0,43.0,0.23275,0.0,4.54285,0.0033335219393587755,0.11319162781627881,0.2096
Colson Yankoff,TE,WAS,IND,IND@WAS,False,1.0,,False,,,,,,,,,,,,,0.0,0.024,0.02435,4,0.0,0.0,0.0,64.0,4.511834947191225,0.0,5.332701301814423,29.0,0.45645,0.0,1.0,4.0,0.02435,0.0,0.6804,0.0033335219393587755,0.01678339158996669,0.024
Cam Ward,QB,TEN,BAL,TEN@BAL,False,1.0,,False,20.60915,18.0,23.0,92.0,205.59262031483806,157.4046063754713,244.55205810158122,86.0,0.8403,0.0,1.0,63.0,0.12485,0.11715,0.12485,61,,,,,,,,,,,,,,,,,,0.11715
Elic Ayomanor,WR,TEN,BAL,TEN@BAL,False,1.0,,False,,,,,,,,,,,,,0.0,0.16245,0.1769,43,0.0,0.0,0.0,74.0,33.952702877489436,12.54757343208049,48.605428744175256,43.0,2.6506,1.0,4.0,40.0,0.1769,0.0,4.61375,0.003916249950316416,0.12817674761548592,0.16245
Daniel Bellinger,TE,TEN,BAL,TEN@BAL,False,1.0,,False,,,,,,,,,,,,,0.0,0.0267,0.02705,7,0.0,0.0,0.0,66.0,8.50261493235469,0.0,13.157661825766901,20.0,0.9048,0.0,1.0,33.0,0.02705,0.0,1.33335,0.003916249950316416,0.0403877529490561,0.0267
Julius Chestnut,RB,TEN,BAL,TEN@BAL,False,1.0,,False,,,,,,,,,,,,,0.00895,0.0109,0.01095,1,2.021210526562178,0.0,0.9550249433842739,46.0,0.6909387020752356,0.0,0.0,60.0,0.10115,0.0,0.0,60.0,0.002,0.4554,0.13725,0.01575545560465996,0.003863917885209165,0.0109
Chimere Dike,WR,TEN,BAL,TEN@BAL,False,1.0,,False,,,,,,,,,,,,,0.0,0.0475,0.04855,4,0.0,0.0,0.0,63.0,14.168869042791687,0.0,21.249245357609244,18.0,1.47065,0.0,2.0,22.0,0.04855,0.0,2.3324,0.003916249950316416,0.06436667964399567,0.0475
Gunnar Helm,TE,TEN,BAL,TEN@BAL,False,1.0,,False,,,,,,,,,,,,,0.0,0.1244,0.1308,36,0.0,0.0,0.0,78.0,25.44798347141849,9.98453651464925,36.1680219684134,47.0,2.8973,2.0,4.0,57.0,0.1308,0.0,4.1299,0.003916249950316416,0.12582907651581074,0.1244
Tony Pollard,RB,TEN,BAL,TEN@BAL,False,0.9508674235277402,Full,False,,,,,,,,,,,,,0.3791289711760993,0.3485693246370713,0.4238375762676205,78,66.91598572558162,43.800240796722484,85.00770312184916,72.0,11.135541560470976,1.598676679388237,16.49040723521467,52.0,1.700873132758258,1.0,3.0,56.0,0.04470860509152114,14.545707973911213,2.262781401220282,0.5531406939270431,0.062499661100723136,0.33144321563845647
Calvin Ridley,WR,TEN,BAL,TEN@BAL,False,1.0,,False,,,,,,,,,,,,,0.0,0.05795,0.0595,5,0.0,0.0,0.0,65.0,21.836135870920913,4.484485275462853,32.49365298384784,26.0,1.81175,1.0,3.0,32.0,0.0595,0.0,3.097,0.003916249950316416,0.08522327060765761,0.05795
Wan'Dale Robinson,WR,TEN,BAL,TEN@BAL,False,1.0,,False,,,,,,,,,,,,,0.0,0.1725,0.1886,48,0.0,0.0,0.0,89.0,43.530872461067005,22.19552367443258,59.2335776252138,63.0,4.307,3.0,6.0,68.0,0.1886,0.0,6.8082,0.003916249950316416,0.18848402126991512,0.1725
Nicholas Singleton,RB,TEN,BAL,TEN@BAL,False,1.0,,False,,,,,,,,,,,,,0.0453,0.04885,0.04995,8,10.200943312269288,1.3220241228858007,13.721775222697033,26.0,1.207685517751493,0.0,0.0,62.0,0.1744,0.0,0.0,62.0,0.00465,2.388,0.2366,0.08344204357451426,0.006555824082885112,0.04885
Tyjae Spears,RB,TEN,BAL,TEN@BAL,False,0.7075836643559986,Questionable; Full,False,,,,,,,,,,,,,0.11711260552296465,0.1619688081270568,0.17491772785806267,17,24.992708335320494,10.721626250150338,33.875272230633,35.0,14.185264869918448,3.8898418191923163,20.778816694043886,29.0,2.1256975246816427,1.0,3.0,34.0,0.05780512233509801,5.704750321934468,2.745385605952211,0.22218593794611782,0.0837617310257656,0.1146064827659165
Carnell Tate,WR,TEN,BAL,TEN@BAL,False,1.0,,False,,,,,,,,,,,,,0.0,0.14865,0.16065,41,0.0,0.0,0.0,92.0,50.23007695198775,26.991780115719912,67.64007794065125,68.0,4.65315,3.0,6.0,73.0,0.16065,0.0,7.44075,0.003916249950316416,0.2054629431648236,0.14865
Lamar Jackson,QB,BAL,TEN,TEN@BAL,False,0.98,Full,False,17.217289362352822,14.0,20.0,82.0,193.00861014545856,141.58702757091947,233.7050992619929,78.0,1.4205107293949744,1.0,2.0,71.0,0.23064376369845557,0.2072990468423467,0.23064376369845557,54,,,,,,,,,,,,,,,,,,0.20315306590549978
Rasheen Ali,RB,BAL,TEN,TEN@BAL,False,1.0,,False,,,,,,,,,,,,,0.0242,0.0497,0.05065,1,3.008485720622736,0.0,3.251850704363362,28.0,3.9846148777687747,0.0,5.483394198973629,19.0,0.5482,0.0,1.0,5.0,0.02645,0.7242,0.7002,0.02088902312650093,0.01921409995921496,0.0497
Mark Andrews,TE,BAL,TEN,TEN@BAL,False,0.9479829842591244,Full,False,,,,,,,,,,,,,0.0,0.2967935555204549,0.3480756068025062,35,0.0,0.0,0.0,84.0,46.79200095555444,24.376053024925277,63.25487318409881,60.0,4.9332912125519925,3.0,6.0,67.0,0.3480756068025062,0.0,6.928657926604538,0.004189832939065345,0.19783456999272037,0.28135524047115695
Rashod Bateman,WR,BAL,TEN,TEN@BAL,False,1.0,,False,,,,,,,,,,,,,0.0,0.2556,0.2946,34,0.0,0.0,0.0,81.0,37.10764082966943,14.194370010894286,52.68324062992525,50.0,2.96105,2.0,4.0,60.0,0.2946,0.0,4.7068,0.004189832939065345,0.12597866564176702,0.2556
Josh Cuevas,TE,BAL,TEN,TEN@BAL,False,1.0,,False,,,,,,,,,,,,,0.0,0.0185,0.01865,2,0.0,0.0,0.0,62.0,3.047851069789638,0.0,0.0,62.0,0.30855,0.0,0.0,62.0,0.01865,0.0,0.42965,0.004189832939065345,0.011822419975294082,0.0185
Zay Flowers,WR,BAL,TEN,TEN@BAL,False,0.6667342299285288,Questionable; Limited,False,,,,,,,,,,,,,0.0104009647271631,0.36832981609888454,0.45281881217968045,19,1.2921364612382877,0.0,0.0,51.0,81.45424474736032,45.06445279516152,108.893333511392,35.0,5.259722640940609,4.0,7.0,39.0,0.44241784745251733,0.3148929755803437,7.599939704552306,0.00943814998905246,0.24921450437358095,0.24557809629640642
Derrick Henry,RB,BAL,TEN,TEN@BAL,False,1.0,,False,,,,,,,,,,,,,1.1099,0.71835,1.1921,85,95.10143484909993,68.51584098483062,116.99925471106901,85.0,10.201987466826667,0.0,15.49588513631635,54.0,1.39735,0.0,2.0,57.0,0.0822,21.71255,1.79955,0.631681562654459,0.04985149463156766,0.71835
Matthew Hibner,TE,BAL,TEN,TEN@BAL,False,1.0,,False,,,,,,,,,,,,,0.0,0.08605,0.08995,11,0.0,0.0,0.0,65.0,6.86055742026355,0.0,10.30234109184304,20.0,0.6919,0.0,1.0,21.0,0.08995,0.0,0.9568,0.004189832939065345,0.027525703874102046,0.08605
Justice Hill,RB,BAL,TEN,TEN@BAL,False,1.0,,False,,,,,,,,,,,,,0.1637,0.2178,0.24435,14,19.829140721986345,7.572956955851259,26.882490882520734,43.0,10.80886876618023,0.0,16.2400204130985,28.0,1.46305,0.0,2.0,32.0,0.08065,4.7606,1.85495,0.13847395340698126,0.0513104263548793,0.2178
Chris Moore,WR,BAL,TEN,TEN@BAL,False,0.6667342299285288,Questionable; Limited,False,,,,,,,,,,,,,0.0,0.14488935721812435,0.15489989462592202,11,0.0,0.0,0.0,46.0,19.964759563325735,0.0,29.95043784487621,16.0,1.5264187866927592,0.0,2.0,20.0,0.15489989462592202,0.0,2.397185006774048,0.004189832939065345,0.07122709913016065,0.09660269400966566
Durham Smythe,TE,BAL,TEN,TEN@BAL,False,0.9479829842591244,Full,False,,,,,,,,,,,,,0.0,0.06669476346012011,0.06859129701822779,9,0.0,0.0,0.0,60.0,4.015333836265105,0.0,4.159937074809125,30.0,0.41786956063639236,0.0,1.0,3.0,0.06859129701822779,0.0,0.5828152987040354,0.004189832939065345,0.01641612211368583,0.06322550089938107
Devontez Walker,WR,BAL,TEN,TEN@BAL,False,1.0,,False,,,,,,,,,,,,,0.0,0.06145,0.06315,4,0.0,0.0,0.0,64.0,12.31241393807006,0.0,18.90009760547381,18.0,0.9197,0.0,1.0,31.0,0.06315,0.0,1.41105,0.005027799526878414,0.03755867941962394,0.06145
LaJohntay Wester,WR,BAL,TEN,TEN@BAL,False,1.0,,False,,,,,,,,,,,,,0.0,0.03455,0.0349,7,0.0,0.0,0.0,66.0,6.289664226227831,0.0,8.488689315485097,26.0,0.52465,0.0,1.0,9.0,0.0349,0.0,0.7965,0.004189832939065345,0.021086804748606518,0.03455
Drake Maye,QB,NE,BUF,NE@BUF,False,0.98,Full,False,19.122900178708196,16.0,22.0,84.0,223.4078181446242,167.65295569425047,268.4456611415927,80.0,1.4029103906050548,1.0,2.0,73.0,0.12218534592800613,0.11539443451621138,0.12218534592800613,56,,,,,,,,,,,,,,,,,,0.11308654582588715
Efton Chism III,WR,NE,BUF,NE@BUF,False,1.0,,False,,,,,,,,,,,,,0.0,0.0769,0.0789,10,0.0,0.0,0.0,64.0,7.39784793929447,0.0,10.799390948453672,20.0,0.6165,0.0,1.0,15.0,0.0789,0.0,1.00545,0.004104728878331038,0.02599433436293474,0.0769
Romeo Doubs,WR,NE,BUF,NE@BUF,False,1.0,,False,,,,,,,,,,,,,0.0,0.20525,0.2273,25,0.0,0.0,0.0,78.0,49.51599430001319,21.522516892006493,68.94309775450745,49.0,3.26935,2.0,4.0,59.0,0.2273,0.0,5.41665,0.003420607398609198,0.14054922021133662,0.20525
DeMario Douglas,WR,NE,BUF,NE@BUF,False,1.0,,False,,,,,,,,,,,,,0.0,0.1824,0.20215,30,0.0,0.0,0.0,82.0,36.45948592319354,13.594183386940333,52.41656324214374,50.0,2.7581,1.0,4.0,50.0,0.20215,0.0,4.5383,0.003420607398609198,0.11754833174869968,0.1824
Reggie Gilliam,RB,NE,BUF,NE@BUF,False,0.6469461218980005,Questionable; Limited,False,,,,,,,,,,,,,0.0,0.024649514712679094,0.025111693113541826,2,0.0,0.0,0.0,41.0,3.5394366495353204,0.0,4.343929085144935,17.0,0.45717146818672005,0.0,1.0,2.0,0.025111693113541826,0.0,0.6301802495763364,0.0034463422181132495,0.017823402695611345,0.015946907950035446
TreVeyon Henderson,RB,NE,BUF,NE@BUF,False,1.0,,False,,,,,,,,,,,,,0.26465,0.28015,0.3223,21,48.48771416301616,28.998076238227824,62.57128402163782,54.0,8.643160926258028,0.0,13.278329440805688,28.0,1.16915,0.0,2.0,23.0,0.05765,11.27275,1.5601,0.3924435384291572,0.04081260347257565,0.28015
Hunter Henry,TE,NE,BUF,NE@BUF,False,1.0,,False,,,,,,,,,,,,,0.0,0.19315,0.21185,23,0.0,0.0,0.0,76.0,35.65850897825357,15.175565695131393,50.15904380146537,47.0,3.2231,2.0,4.0,57.0,0.21185,0.0,4.88285,0.003420607398609198,0.1419579598071125,0.19315
Mack Hollins,WR,NE,BUF,NE@BUF,False,1.0,,False,,,,,,,,,,,,,0.0,0.32035,0.3792,50,0.0,0.0,0.0,86.0,49.47556739739233,23.638579617521142,67.97622124026407,59.0,3.85165,2.0,5.0,62.0,0.3792,0.0,6.03965,0.003420607398609198,0.15778306240303785,0.32035
Corey Kiner,RB,NE,BUF,NE@BUF,False,1.0,,False,,,,,,,,,,,,,0.07435,0.08165,0.0853,12,11.897879362351317,2.9331941148395786,15.851594787144492,38.0,1.987212455937847,0.0,0.0,71.0,0.25455,0.0,0.0,71.0,0.01095,3.1551,0.3495,0.1105084174304975,0.009062667900630667,0.08165
Lan Larison,RB,NE,BUF,NE@BUF,False,1.0,,False,,,,,,,,,,,,,0.00355,0.04645,0.0472,2,0.6026382262754201,0.0,0.0,62.0,6.598175013709236,0.0,10.32376301786608,15.0,0.8634,0.0,1.0,27.0,0.04365,0.1443,1.18,0.005104368803723028,0.03069220871512116,0.04645
Cameron Latu,TE,NE,BUF,NE@BUF,False,1.0,,False,,,,,,,,,,,,,0.0,0.00235,0.00235,1,0.0,0.0,0.0,60.0,0.42740379382259,0.0,0.0,60.0,0.0419,0.0,0.0,60.0,0.00235,0.0,0.06155,0.003420607398609198,0.0018109767442914804,0.00235
Eli Raridon,TE,NE,BUF,NE@BUF,False,0.6667342299285288,Questionable; Limited,False,,,,,,,,,,,,,0.0,0.05823202761518835,0.05965781179648807,6,0.0,0.0,0.0,42.0,4.59899790180266,0.0,5.422317756731917,18.0,0.4379408674771124,0.0,1.0,2.0,0.05965781179648807,0.0,0.6546600630346691,0.004104728878331038,0.020575221191581387,0.03882528608918943
Rhamondre Stevenson,RB,NE,BUF,NE@BUF,False,1.0,,False,,,,,,,,,,,,,0.21615,0.3011,0.35165,44,31.141398594450095,15.805061516433456,41.17599698159512,71.0,24.28242857448308,9.245706013287446,34.426268174983065,64.0,2.84455,1.0,4.0,64.0,0.1355,7.6276,3.7881,0.26623890526220995,0.09952766459605898,0.3011
Kyle Williams,WR,NE,BUF,NE@BUF,False,1.0,,False,,,,,,,,,,,,,0.0,0.05975,0.06165,9,0.0,0.0,0.0,68.0,13.158064639713372,0.0,20.190445356830228,22.0,0.96705,0.0,2.0,8.0,0.06165,0.0,1.7229,0.003420607398609198,0.04437913907952491,0.05975
Josh Allen,QB,BUF,NE,NE@BUF,False,1.0,,False,17.2853,15.0,20.0,90.0,214.31830845272913,157.48083104780287,260.0322700036564,84.0,1.63365,1.0,2.0,80.0,0.4371,0.3593,0.4371,60,,,,,,,,,,,,,,,,,,0.3593
Keon Coleman,WR,BUF,NE,NE@BUF,False,0.9575230478992892,Limited,False,,,,,,,,,,,,,0.0,0.17477505754341913,0.19282276626909395,20,0.0,0.0,0.0,71.0,26.7947858215618,7.526111986058149,38.821851473734384,38.0,2.068999790751203,1.0,3.0,43.0,0.19282276626909395,0.0,3.361895794099184,0.003959113026160915,0.11333156500661175,0.16735114579574834
James Cook,RB,BUF,NE,NE@BUF,False,1.0,,False,,,,,,,,,,,,,0.89615,0.68365,1.0794,85,97.08260479030912,69.34828775255627,119.98171651052135,84.0,14.099250151057909,2.0083055477627405,21.18852641954706,59.0,1.67165,1.0,2.0,82.0,0.18325,17.8171,2.29165,0.5738047511578297,0.07437672408091413,0.68365
Ray Davis,RB,BUF,NE,NE@BUF,False,0.6469461218980005,Questionable; Limited,False,,,,,,,,,,,,,0.06249032058231377,0.07472510453771102,0.07689329409942698,1,7.520879338038194,0.0,10.284045059706843,13.0,1.7630829400066466,0.0,0.0,39.0,0.21883227505033298,0.0,0.0,39.0,0.014402973517113211,1.6556450363946105,0.3047855041040731,0.054305774939304295,0.010831313726771204,0.04834311658909482
Greg Dortch,WR,BUF,NE,NE@BUF,False,1.0,,False,,,,,,,,,,,,,0.0,0.03225,0.0328,1,0.0,0.0,0.0,60.0,5.185607977132085,0.0,5.80192909434302,26.0,0.42545,0.0,1.0,1.0,0.0328,0.0,0.672,0.003959113026160915,0.022544626678764963,0.03225
Frank Gore Jr.,RB,BUF,NE,NE@BUF,False,1.0,,False,,,,,,,,,,,,,0.1291,0.12885,0.13615,1,14.415859839535738,4.017981442854158,19.867911552468236,28.0,0.8845527819691439,0.0,0.0,61.0,0.1082,0.0,0.0,61.0,0.00705,3.2925,0.15295,0.10610591379796977,0.004953796734762246,0.12885
Jackson Hawes,TE,BUF,NE,NE@BUF,False,1.0,,False,,,,,,,,,,,,,0.0,0.02735,0.02765,2,0.0,0.0,0.0,62.0,4.419252578995642,0.0,4.687614736512097,30.0,0.4021,0.0,1.0,2.0,0.02765,0.0,0.61065,0.003959113026160915,0.022073778545525103,0.02735
Ty Johnson,RB,BUF,NE,NE@BUF,False,1.0,,False,,,,,,,,,,,,,0.0271,0.1338,0.14335,4,3.154600385176838,0.0,3.6224843695346607,29.0,17.26127426142028,3.8467239213391267,25.346690930810844,26.0,1.86245,1.0,3.0,31.0,0.11625,0.72165,2.61995,0.023271027301122724,0.08514220090294018,0.1338
Dalton Kincaid,TE,BUF,NE,NE@BUF,False,1.0,,False,,,,,,,,,,,,,0.0,0.22505,0.25305,35,0.0,0.0,0.0,87.0,43.80068436102502,19.014897425798758,60.87548199942817,59.0,3.33925,2.0,5.0,60.0,0.25305,0.0,4.87815,0.003959113026160915,0.1751742787490198,0.22505
Dawson Knox,TE,BUF,NE,NE@BUF,False,1.0,,False,,,,,,,,,,,,,0.00845,0.1068,0.11245,13,1.0953271129619446,0.0,0.0,66.0,11.627905462530524,0.0,17.79382446999563,20.0,1.0381,0.0,2.0,9.0,0.104,0.24545,1.5498,0.007958217092990123,0.05616927416501355,0.1068
Keleki Latu,TE,BUF,NE,NE@BUF,False,1.0,,False,,,,,,,,,,,,,0.0,0.00445,0.00445,1,0.0,0.0,0.0,60.0,0.8565171914017464,0.0,0.0,60.0,0.0755,0.0,0.0,60.0,0.00445,0.0,0.117,0.003959113026160915,0.004143780788528634,0.00445
DJ Moore,WR,BUF,NE,NE@BUF,False,0.9575230478992892,Limited,False,,,,,,,,,,,,,0.008587935252173008,0.28897100921251234,0.3361265809608078,41,1.0252787543527078,0.0,0.0,85.0,48.3494930805967,20.69608054052454,67.36673328706911,57.0,3.2873054702545152,2.0,4.0,68.0,0.3275386457086348,0.2331234060271691,5.505647218029459,0.007624958420754353,0.18465351018489073,0.2766964014956984
Josh Palmer,WR,BUF,NE,NE@BUF,False,1.0,,False,,,,,,,,,,,,,0.0,0.0876,0.09185,9,0.0,0.0,0.0,68.0,19.17100966237334,0.0,29.52572918136776,22.0,1.17995,0.0,2.0,17.0,0.09185,0.0,2.0219,0.003959113026160915,0.06758716995596198,0.0876
Khalil Shakir,WR,BUF,NE,NE@BUF,False,1.0,,False,,,,,,,,,,,,,0.0,0.3215,0.3834,48,0.0,0.0,0.0,84.0,39.02440875658027,16.37581621747,54.985030364995296,54.0,3.132,2.0,4.0,65.0,0.3834,0.0,5.0557,0.003959113026160915,0.16828850277929394,0.3215
Geno Smith,QB,NYJ,CHI,NYJ@CHI,False,1.0,,False,20.33185,17.0,23.0,91.0,234.86348888380817,178.60654503480177,279.6895212029531,87.0,1.16815,0.0,2.0,49.0,0.18945,0.17395,0.18945,62,,,,,,,,,,,,,,,,,,0.17395
Braelon Allen,RB,NYJ,CHI,NYJ@CHI,False,1.0,,False,,,,,,,,,,,,,0.4755,0.4982,0.66855,54,67.15927429539904,43.898634901417175,84.9517136237507,61.0,10.59342314984023,0.0,16.281890701186473,33.0,1.3167,0.0,2.0,34.0,0.19305,15.4207,1.71465,0.23478858634676514,0.030165411344866562,0.4982
Andrew Beck,RB,NYJ,CHI,NYJ@CHI,False,1.0,,False,,,,,,,,,,,,,0.0228,0.03265,0.0331,1,4.278712906557448,0.0,5.236935529277002,23.0,2.389004251293641,0.0,0.0,60.0,0.28845,0.0,0.0,60.0,0.0103,0.92915,0.37705,0.014021137332171342,0.006716844245156507,0.03265
Isaiah Davis,RB,NYJ,CHI,NYJ@CHI,False,1.0,,False,,,,,,,,,,,,,0.0327,0.0627,0.06455,1,6.41138447548548,0.0,8.628393913843599,20.0,7.386010050841452,0.0,11.196632304756694,15.0,0.8595,0.0,1.0,25.0,0.03185,1.28115,1.12155,0.019252381206994136,0.019492222456292747,0.0627
Malik McClain,WR,NYJ,CHI,NYJ@CHI,False,1.0,,False,,,,,,,,,,,,,0.0,0.0088,0.0088,1,0.0,0.0,0.0,60.0,2.917382943919036,0.0,0.0,60.0,0.2101,0.0,0.0,60.0,0.0088,0.0,0.3199,0.005909963665050036,0.005740579257988565,0.0088
Jamaal Pritchett,WR,NYJ,CHI,NYJ@CHI,False,1.0,,False,,,,,,,,,,,,,0.0,0.00775,0.0078,1,0.0,0.0,0.0,60.0,2.579300178833629,0.0,0.0,60.0,0.18485,0.0,0.0,60.0,0.0078,0.0,0.28325,0.005909963665050036,0.005045430988466511,0.00775
Jeremy Ruckert,TE,NYJ,CHI,NYJ@CHI,False,0.9479829842591244,Full,False,,,,,,,,,,,,,0.0,0.1567442593662971,0.16814670800273238,24,0.0,0.0,0.0,69.0,20.106021748802533,4.104336768272201,29.860844761080592,33.0,1.974515264568336,1.0,3.0,40.0,0.16814670800273238,0.0,2.6988072092901056,0.003939975776700024,0.05291565284241248,0.14859089075954854
Kenyon Sadiq,TE,NYJ,CHI,NYJ@CHI,False,0.6667342299285288,Questionable; Limited,False,,,,,,,,,,,,,0.07001795332136446,0.22658587672052663,0.25336624775583483,20,2.2592452476914056,0.0,0.6098861021815232,50.0,48.4832848394265,23.59825390270079,66.34497650600072,37.0,4.287477558348295,3.0,6.0,41.0,0.18334829443447037,0.4801017354877319,6.06006882106523,0.007307476440546198,0.1369951058256915,0.1510725600279409
Sterling Shepard,WR,NYJ,CHI,NYJ@CHI,False,1.0,,False,,,,,,,,,,,,,0.0,0.07515,0.078,1,0.0,0.0,0.0,61.0,23.860874710949457,4.269522789566007,35.457455698715414,22.0,1.87455,1.0,3.0,29.0,0.078,0.0,2.83085,0.005909963665050036,0.05193267172975959,0.07515
Isaiah Williams,WR,NYJ,CHI,NYJ@CHI,False,1.0,,False,,,,,,,,,,,,,0.01485,0.17885,0.19605,21,2.789812655831665,0.0,2.0835075998334873,52.0,32.47877006061006,12.611124669846253,45.92675586658643,44.0,3.08385,2.0,4.0,55.0,0.1812,0.58645,4.5382,0.008804143402255608,0.08277554326648588,0.17885
Garrett Wilson,WR,NYJ,CHI,NYJ@CHI,False,1.0,,False,,,,,,,,,,,,,0.0,0.3442,0.41595,50,0.0,0.0,0.0,97.0,113.75026505928977,72.84173235312302,146.3493572828726,81.0,8.8482,6.0,11.0,83.0,0.41595,0.0,13.42745,0.003939975776700024,0.24603286285780593,0.3442
Jelani Woods,TE,NYJ,CHI,NYJ@CHI,False,1.0,,False,,,,,,,,,,,,,0.0,0.0122,0.01225,2,0.0,0.0,0.0,62.0,3.351871830865564,0.0,0.0,62.0,0.29795,0.0,0.0,62.0,0.01225,0.0,0.42235,0.003939975776700024,0.008119210245422335,0.0122
Tyson Bagent,QB,CHI,NYJ,NYJ@CHI,False,1.0,,False,18.99615,16.0,22.0,53.0,195.32775078784084,145.0340483101644,235.78035671075529,49.0,1.38345,1.0,2.0,41.0,0.1718,0.158,0.1718,21,,,,,,,,,,,,,,,,,,0.158
Luther Burden III,WR,CHI,NYJ,NYJ@CHI,False,1.0,,False,,,,,,,,,,,,,0.0101,0.28255,0.33015,73,1.5232831661051605,0.0,0.0,91.0,40.98578454841248,19.443857747316223,56.52434416664236,64.0,3.68765,2.0,5.0,67.0,0.32005,0.3316,5.66125,0.010305244691985637,0.19133378722720462,0.28255
Kaden Davis,WR,CHI,NYJ,NYJ@CHI,False,1.0,,False,,,,,,,,,,,,,0.0,0.01205,0.01215,1,0.0,0.0,0.0,60.0,2.368529206602029,0.0,0.0,60.0,0.209,0.0,0.0,60.0,0.01215,0.0,0.3358,0.005506739062246349,0.011275716217398493,0.01205
Roschon Johnson,RB,CHI,NYJ,NYJ@CHI,False,1.0,,False,,,,,,,,,,,,,0.00815,0.0128,0.01285,1,1.5037929950472901,0.0,0.0,60.0,0.6729373126673251,0.0,0.0,60.0,0.102,0.0,0.0,60.0,0.0047,0.3143,0.13875,0.009644007187102652,0.004653028498385358,0.0128
Cole Kmet,TE,CHI,NYJ,NYJ@CHI,False,1.0,,False,,,,,,,,,,,,,0.0,0.0664,0.0685,7,0.0,0.0,0.0,67.0,12.232277874533521,0.0,18.699727100273094,21.0,1.28945,0.0,2.0,20.0,0.0685,0.0,1.9811,0.0036711593748308996,0.07057297439755689,0.0664
Colston Loveland,TE,CHI,NYJ,NYJ@CHI,False,1.0,,False,,,,,,,,,,,,,0.0,0.1831,0.2004,30,0.0,0.0,0.0,72.0,25.3381518543502,9.483231710722901,35.997385041752075,41.0,2.68825,1.0,4.0,39.0,0.2004,0.0,3.97985,0.0036711593748308996,0.14183715580885023,0.1831
Kyle Monangai,RB,CHI,NYJ,NYJ@CHI,False,1.0,,False,,,,,,,,,,,,,0.32375,0.33575,0.39925,62,44.23265013157132,24.133879108359643,58.101752665582715,58.0,7.077509022013313,0.0,11.042183994864164,35.0,1.045,0.0,2.0,24.0,0.0755,8.31845,1.49075,0.2560962134541158,0.04917172397461692,0.33575
Rome Odunze,WR,CHI,NYJ,NYJ@CHI,False,1.0,,False,,,,,,,,,,,,,0.0,0.2081,0.23065,30,0.0,0.0,0.0,78.0,42.14630487112465,18.234792470650127,58.84688875477165,49.0,3.2198,2.0,4.0,59.0,0.23065,0.0,5.5079,0.0036711593748308996,0.18654489546444142,0.2081
Kalif Raymond,WR,CHI,NYJ,NYJ@CHI,False,1.0,,False,,,,,,,,,,,,,0.0,0.2041,0.2268,48,0.0,0.0,0.0,89.0,35.27657138748658,15.391223385911868,49.13150913924558,60.0,3.26865,2.0,4.0,70.0,0.2268,0.0,4.8924,0.0036711593748308996,0.16507778349184551,0.2041
Sam Roush,TE,CHI,NYJ,NYJ@CHI,False,1.0,,False,,,,,,,,,,,,,0.0,0.05275,0.05435,11,0.0,0.0,0.0,65.0,5.557279925154071,0.0,8.207618156041995,21.0,0.6113,0.0,1.0,16.0,0.05435,0.0,0.9075,0.0036711593748308996,0.0322373795249698,0.05275
D'Andre Swift,RB,CHI,NYJ,NYJ@CHI,False,0.9508674235277402,Full,False,,,,,,,,,,,,,0.5913436285324088,0.5198550267885282,0.7118920054627587,77,70.83503386196931,47.339228857639874,89.1883450336943,73.0,14.520501189570313,3.8445270309640907,21.298775714195116,55.0,2.067969324508877,1.0,3.0,62.0,0.12054837693034982,14.458556571068389,2.8393213572854292,0.46391466934679054,0.09415438828880474,0.4943132099303522
Zavion Thomas,WR,CHI,NYJ,NYJ@CHI,False,1.0,,False,,,,,,,,,,,,,0.0,0.01675,0.01695,1,0.0,0.0,0.0,61.0,3.1100947991364367,0.0,0.0,61.0,0.2905,0.0,0.0,61.0,0.01695,0.0,0.46275,0.0036711593748308996,0.0158355534296039,0.01675
Jahdae Walker,WR,CHI,NYJ,NYJ@CHI,False,1.0,,False,,,,,,,,,,,,,0.0,0.0523,0.05325,7,0.0,0.0,0.0,61.0,5.927032507823176,0.0,8.349662014997353,19.0,0.5363,0.0,1.0,5.0,0.05325,0.0,0.85805,0.0036711593748308996,0.02915928246233834,0.0523
Trevor Lawrence,QB,JAX,CIN,JAX@CIN,False,1.0,,False,17.9788,15.0,21.0,86.0,214.53036601236286,159.78219616507116,258.7872625984593,82.0,1.74535,1.0,2.0,79.0,0.07685,0.0741,0.07685,57,,,,,,,,,,,,,,,,,,0.0741
Ameer Abdullah,RB,JAX,CIN,JAX@CIN,False,1.0,,False,,,,,,,,,,,,,0.07795,0.1566,0.1691,17,13.964304185236157,3.6090852810216054,19.33866617739499,37.0,6.522102381883236,0.0,10.07134202177102,24.0,0.86845,0.0,1.0,36.0,0.09115,2.98415,1.18675,0.1012339773294711,0.03897586367971787,0.1566
LeQuint Allen Jr.,RB,JAX,CIN,JAX@CIN,False,0.9951309141019752,Limited,False,,,,,,,,,,,,,0.01260483101491488,0.08411590418319691,0.08758097725104204,10,1.9644992046628336,0.0,0.8192531043375819,51.0,4.823531020482595,0.0,7.1902594861118025,19.0,0.6399839300959173,0.0,1.0,17.0,0.07497614623612715,0.4267061718475368,0.8731481946467132,0.014411611963900142,0.028842503785887787,0.0837063366203389
Nate Boerkircher,TE,JAX,CIN,JAX@CIN,False,0.9479829842591244,Full,False,,,,,,,,,,,,,0.0,0.06219166579195969,0.06413351527238376,9,0.0,0.0,0.0,60.0,4.617677045568343,0.0,5.809893123513078,24.0,0.4501417025296526,0.0,1.0,3.0,0.06413351527238376,0.0,0.6721423323186733,0.003731281965321853,0.02316884689475601,0.05895664093350805
Josh Cameron,WR,JAX,CIN,JAX@CIN,False,1.0,,False,,,,,,,,,,,,,0.0,0.13945,0.14875,18,0.0,0.0,0.0,66.0,13.320557569217089,0.0,20.248402529122718,21.0,1.0588,0.0,2.0,10.0,0.14875,0.0,1.70625,0.003731281965321853,0.055206768305918905,0.13945
Jakobi Meyers,WR,JAX,CIN,JAX@CIN,False,0.9479829842591244,Full,False,,,,,,,,,,,,,0.0063468556619241554,0.2950758978156238,0.3438937959485905,29,1.055602078855671,0.0,0.0,74.0,45.20847007052405,21.043607777632182,62.210184000533204,48.0,3.6451578780345906,2.0,5.0,50.0,0.3375469402866663,0.22388533347437456,5.6999523985825356,0.007618034012532117,0.18433128756821218,0.27972693019419553
Quintin Morris,TE,JAX,CIN,JAX@CIN,False,1.0,,False,,,,,,,,,,,,,0.0,0.0348,0.0353,4,0.0,0.0,0.0,63.0,5.196172685176316,0.0,7.155601068240772,22.0,0.50825,0.0,1.0,4.0,0.0353,0.0,0.75805,0.003731281965321853,0.026344403442872016,0.0348
Chris Rodriguez Jr.,RB,JAX,CIN,JAX@CIN,False,1.0,,False,,,,,,,,,,,,,0.25905,0.23495,0.26565,42,30.761029351059324,15.434806200897428,41.031753495546546,48.0,0.9114050357494944,0.0,0.0,73.0,0.1199,0.0,0.0,73.0,0.0066,6.8583,0.1618,0.23408361488355425,0.005406753480438396,0.23495
Brenton Strange,TE,JAX,CIN,JAX@CIN,False,1.0,,False,,,,,,,,,,,,,0.0,0.24185,0.2727,29,0.0,0.0,0.0,76.0,32.418011794121504,13.46387593769891,45.72687008153905,46.0,3.0441,2.0,4.0,56.0,0.2727,0.0,4.442,0.003731281965321853,0.15382111911821386,0.24185
Brian Thomas Jr.,WR,JAX,CIN,JAX@CIN,False,1.0,,False,,,,,,,,,,,,,0.0,0.22215,0.24695,21,0.0,0.0,0.0,79.0,44.47021763363822,19.29996404280458,62.2736297874516,50.0,3.2401,2.0,4.0,61.0,0.24695,0.0,5.5215,0.003731281965321853,0.17753827286255672,0.22215
Bhayshul Tuten,RB,JAX,CIN,JAX@CIN,False,1.0,,False,,,,,,,,,,,,,0.39235,0.4004,0.50045,77,61.80997446883894,39.930804380624465,78.39743956474311,77.0,9.1510227879712,0.0,14.090911980647006,49.0,1.20985,0.0,2.0,46.0,0.1081,12.76795,1.65095,0.43244341261558644,0.05404793252586473,0.4004
Parker Washington,WR,JAX,CIN,JAX@CIN,False,1.0,,False,,,,,,,,,,,,,0.0,0.3674,0.44855,57,0.0,0.0,0.0,97.0,63.39584082531304,32.71865561434442,86.1113033449162,72.0,4.4727,3.0,6.0,77.0,0.44855,0.0,7.33845,0.003731281965321853,0.23450791901632653,0.3674
Joe Burrow,QB,CIN,JAX,JAX@CIN,False,1.0,,False,21.20985,18.0,24.0,92.0,245.9095437884271,185.05020433788223,294.0523369779064,87.0,1.9687,1.0,3.0,70.0,0.04805,0.04695,0.04805,62,,,,,,,,,,,,,,,,,,0.04695
Erick All,TE,CIN,JAX,JAX@CIN,False,1.0,,False,,,,,,,,,,,,,0.0,0.03825,0.03895,5,0.0,0.0,0.0,65.0,6.17149866081948,0.0,8.780230617303449,22.0,0.5777,0.0,1.0,13.0,0.03895,0.0,0.82345,0.00413472599357225,0.021523188759094373,0.03825
Tahj Brooks,RB,CIN,JAX,JAX@CIN,False,1.0,,False,,,,,,,,,,,,,0.0189,0.026,0.02615,1,2.909533469826384,0.0,3.2203488741564543,27.0,1.0050089285475587,0.0,0.0,60.0,0.1249,0.0,0.0,60.0,0.00725,0.6888,0.16055,0.02667412687861754,0.004337945783848672,0.026
Chase Brown,RB,CIN,JAX,JAX@CIN,False,1.0,,False,,,,,,,,,,,,,0.53215,0.56685,0.80535,82,67.78208471562142,45.02875681616171,85.40122877294232,82.0,25.810784273959875,11.341389865603327,35.905283656387525,71.0,3.4844,2.0,5.0,74.0,0.2732,16.3507,4.5234,0.6472878408039563,0.1265709806088277,0.56685
Ja'Marr Chase,WR,CIN,JAX,JAX@CIN,False,1.0,,False,,,,,,,,,,,,,0.0,0.4947,0.66175,66,0.0,0.0,0.0,97.0,75.85588038374502,44.26956024080603,99.45993463397818,78.0,6.2805,4.0,8.0,81.0,0.66175,0.0,9.461,0.00413472599357225,0.2650837233849418,0.4947
Mike Gesicki,TE,CIN,JAX,JAX@CIN,False,1.0,,False,,,,,,,,,,,,,0.0,0.27045,0.3091,29,0.0,0.0,0.0,76.0,33.353031703992585,13.207110249534907,47.43980888348064,45.0,2.9487,2.0,4.0,56.0,0.3091,0.0,4.2339,0.00413472599357225,0.11094734731330717,0.27045
Tee Higgins,WR,CIN,JAX,JAX@CIN,False,1.0,,False,,,,,,,,,,,,,0.0,0.3221,0.3824,46,0.0,0.0,0.0,97.0,68.10815334117666,34.53321542567249,92.76970913066411,71.0,4.3077,3.0,6.0,76.0,0.3824,0.0,6.78405,0.00413472599357225,0.19010284318632523,0.3221
Tanner Hudson,TE,CIN,JAX,JAX@CIN,False,1.0,,False,,,,,,,,,,,,,0.0,0.069,0.07125,4,0.0,0.0,0.0,64.0,11.025695069062406,0.0,17.047091993944818,18.0,1.0299,0.0,2.0,6.0,0.07125,0.0,1.4246,0.0049616711922867,0.03740035518705615,0.069
Dohnte Meyers,WR,CIN,JAX,JAX@CIN,False,1.0,,False,,,,,,,,,,,,,0.0066,0.097,0.10205,12,0.9795667972171592,0.0,0.0,71.0,17.048638794274613,0.0,26.1025796146739,25.0,1.26625,0.0,2.0,24.0,0.09545,0.235,1.9607,0.009239325985636756,0.05561048031259868,0.097
Samaje Perine,RB,CIN,JAX,JAX@CIN,False,1.0,,False,,,,,,,,,,,,,0.17115,0.23985,0.26915,29,21.65797767290806,9.099884935532042,29.395967789224525,48.0,12.797492080138943,0.4673756956825555,19.50173702613124,31.0,1.5825,1.0,2.0,57.0,0.098,5.2313,2.02675,0.20612089386050284,0.05673666024646542,0.23985
Drew Sample,TE,CIN,JAX,JAX@CIN,False,1.0,,False,,,,,,,,,,,,,0.0,0.1141,0.1204,14,0.0,0.0,0.0,68.0,10.758414170274177,0.0,16.53301562601372,22.0,1.00875,0.0,2.0,9.0,0.1204,0.0,1.4055,0.00413472599357225,0.036992000577719036,0.1141
Ke'Shawn Williams,WR,CIN,JAX,JAX@CIN,False,1.0,,False,,,,,,,,,,,,,0.0,0.00785,0.00795,1,0.0,0.0,0.0,60.0,1.4466000418892457,0.0,0.0,60.0,0.1068,0.0,0.0,60.0,0.00795,0.0,0.16165,0.006202088990358376,0.004542986839624691,0.00785
Dak Prescott,QB,DAL,HOU,DAL@HOU,False,1.0,,False,21.95885,19.0,25.0,92.0,247.5558850299421,188.43301997738374,295.98056303254293,87.0,1.54255,1.0,2.0,81.0,0.0723,0.07015,0.0723,62,,,,,,,,,,,,,,,,,,0.07015
Emari Demercado,RB,DAL,HOU,DAL@HOU,False,1.0,,False,,,,,,,,,,,,,0.06985,0.0844,0.0874,9,13.211935899598,3.572253788020712,18.045458193490308,30.0,3.280693005109523,0.0,3.7806582834005407,28.0,0.4303,0.0,1.0,3.0,0.01755,3.05325,0.5793,0.12382359507220966,0.01641180341718999,0.0844
Jake Ferguson,TE,DAL,HOU,DAL@HOU,False,1.0,,False,,,,,,,,,,,,,0.0,0.2321,0.2612,41,0.0,0.0,0.0,78.0,31.76366261523679,13.730521103817377,44.277661796119936,49.0,3.3691,2.0,5.0,51.0,0.2612,0.0,4.64765,0.003788934110224781,0.12892449113833512,0.2321
Ryan Flournoy,WR,DAL,HOU,DAL@HOU,False,1.0,,False,,,,,,,,,,,,,0.0,0.2292,0.2566,54,0.0,0.0,0.0,89.0,33.81638641992217,13.633811939176198,47.86907374975415,58.0,3.0056,2.0,4.0,69.0,0.2566,0.0,4.66985,0.003788934110224781,0.13724462754810904,0.2292
Tyler Goodson,RB,DAL,HOU,DAL@HOU,False,1.0,,False,,,,,,,,,,,,,0.08915,0.10465,0.1094,9,15.765140742349406,5.347682089016249,21.231162354776433,33.0,3.6662206072438233,0.0,4.668043254756336,25.0,0.4873,0.0,1.0,4.0,0.02025,3.83155,0.6381,0.15533001680093902,0.018024068567615528,0.10465
CeeDee Lamb,WR,DAL,HOU,DAL@HOU,False,1.0,,False,,,,,,,,,,,,,0.0062,0.29725,0.34825,60,1.1214665906641945,0.0,0.0,97.0,76.51546649961874,42.543736687206945,102.23477718300799,77.0,5.3253,4.0,7.0,83.0,0.34205,0.2701,8.037,0.010805478758789188,0.23453211669030724,0.29725
Hunter Luepke,RB,DAL,HOU,DAL@HOU,False,1.0,,False,,,,,,,,,,,,,0.0192,0.0314,0.0319,1,3.597415853742965,0.0,4.444645110755893,24.0,2.327765538454322,0.0,0.0,61.0,0.30575,0.0,0.0,61.0,0.0127,0.85345,0.40475,0.03480467659466474,0.011351132874442062,0.0314
Jonathan Mingo,WR,DAL,HOU,DAL@HOU,False,1.0,,False,,,,,,,,,,,,,0.0,0.02225,0.0226,2,0.0,0.0,0.0,62.0,5.180217554526054,0.0,5.654278673092713,29.0,0.4123,0.0,1.0,2.0,0.0226,0.0,0.63005,0.003788934110224781,0.018586510268320998,0.02225
George Pickens,WR,DAL,HOU,DAL@HOU,False,1.0,,False,,,,,,,,,,,,,0.0,0.28135,0.32425,60,0.0,0.0,0.0,97.0,60.76928700238704,32.31129148748003,81.26738300863244,76.0,4.8634,3.0,6.0,81.0,0.32425,0.0,7.4835,0.003788934110224781,0.21944210798844124,0.28135
Luke Schoonmaker,TE,DAL,HOU,DAL@HOU,False,1.0,,False,,,,,,,,,,,,,0.0,0.0334,0.0343,4,0.0,0.0,0.0,63.0,6.597829824925657,0.0,9.896907998451816,18.0,0.6428,0.0,1.0,17.0,0.0343,0.0,0.9537,0.003788934110224781,0.0261781961012032,0.0334
Brevyn Spann-Ford,TE,DAL,HOU,DAL@HOU,False,1.0,,False,,,,,,,,,,,,,0.0,0.0379,0.03875,5,0.0,0.0,0.0,65.0,8.57618878890687,0.0,13.33288456062526,18.0,0.8344,0.0,1.0,29.0,0.03875,0.0,1.18655,0.003788934110224781,0.0328463930960007,0.0379
KaVontae Turpin,WR,DAL,HOU,DAL@HOU,False,1.0,,False,,,,,,,,,,,,,0.02485,0.1004,0.1042,22,1.4973146610927037,0.0,0.0,65.0,14.486518213817373,0.0,22.25741249563378,19.0,1.0595,0.0,2.0,8.0,0.07935,0.34695,1.634,0.014013042026704347,0.04777100741973718,0.1004
Javonte Williams,RB,DAL,HOU,DAL@HOU,False,1.0,,False,,,,,,,,,,,,,0.44235,0.48835,0.65015,85,55.53069625849353,35.01021713198501,70.90308732185653,81.0,18.267484053082402,6.879753769540197,26.081262006988464,68.0,2.77745,1.0,4.0,68.0,0.2078,13.47125,3.7308,0.5415981468935401,0.10398067628201126,0.48835
C.J. Stroud,QB,HOU,DAL,DAL@HOU,False,1.0,,False,22.19645,19.0,25.0,92.0,245.48885977775166,187.0989651073567,292.8882084530816,87.0,1.72385,1.0,2.0,83.0,0.09415,0.0893,0.09415,62,,,,,,,,,,,,,,,,,,0.0893
Lewis Bond,WR,HOU,DAL,DAL@HOU,False,1.0,,False,,,,,,,,,,,,,0.0,0.02645,0.0267,1,0.0,0.0,0.0,61.0,5.062269254535277,0.0,5.623903820535192,28.0,0.4231,0.0,1.0,1.0,0.0267,0.0,0.6855,0.005043335685979333,0.017434048938545523,0.02645
Kayshon Boutte,WR,HOU,DAL,DAL@HOU,False,1.0,,False,,,,,,,,,,,,,0.0,0.17215,0.18695,27,0.0,0.0,0.0,74.0,23.334275753492353,4.5557462240172795,34.64503083885742,36.0,1.8097,1.0,3.0,41.0,0.18695,0.0,2.8559,0.004202779738316111,0.07405539583567827,0.17215
Nico Collins,WR,HOU,DAL,DAL@HOU,False,0.9479829842591244,Full,False,,,,,,,,,,,,,0.010702799599304055,0.3283070596298835,0.3906258237992302,22,1.6479330248904962,0.0,0.0,67.0,66.25386631401528,35.73648417395336,89.06196353644374,44.0,5.143881478357146,3.0,7.0,45.0,0.3799230241999262,0.31844783044234726,8.365951389255022,0.012871012948593089,0.21815729774871698,0.31122950614127526
Xavier Hutchinson,WR,HOU,DAL,DAL@HOU,False,1.0,,False,,,,,,,,,,,,,0.01625,0.2149,0.2385,42,2.2422988841685827,0.0,1.4969775751085965,74.0,35.7635681099465,14.156194609877266,50.31715034515422,63.0,2.96225,2.0,4.0,73.0,0.22225,0.4486,5.02,0.017544937637732332,0.12897755670948935,0.2149
Marlin Klein,TE,HOU,DAL,DAL@HOU,False,1.0,,False,,,,,,,,,,,,,0.0,0.01365,0.0137,2,0.0,0.0,0.0,62.0,2.4571033335746217,0.0,0.0,62.0,0.2558,0.0,0.0,62.0,0.0137,0.0,0.3805,0.004202779738316111,0.010059658176595324,0.01365
Woody Marks,RB,HOU,DAL,DAL@HOU,False,1.0,,False,,,,,,,,,,,,,0.37035,0.40465,0.50285,55,37.03053058912823,20.290851462457645,48.53963692678572,62.0,9.221046831618882,0.0,13.930988522829209,40.0,1.29185,0.0,2.0,39.0,0.1325,8.31265,1.7993,0.3254418215293464,0.052439376546490245,0.40465
David Montgomery,RB,HOU,DAL,DAL@HOU,False,1.0,,False,,,,,,,,,,,,,0.5973,0.50935,0.6888,81,52.920265089213814,32.86579329942426,67.89105792902177,74.0,8.661405254560202,0.0,13.230075078414586,48.0,1.2089,0.0,2.0,44.0,0.0915,12.24645,1.5982,0.48050976778317295,0.04712366165599306,0.50935
Foster Moreau,TE,HOU,DAL,DAL@HOU,False,1.0,,False,,,,,,,,,,,,,0.0,0.15925,0.17185,25,0.0,0.0,0.0,73.0,16.391403450462672,2.368409740397106,24.502108836855562,32.0,1.7129,1.0,3.0,38.0,0.17185,0.0,2.5088,0.004202779738316111,0.06758461795132445,0.15925
Jaylin Noel,WR,HOU,DAL,DAL@HOU,False,1.0,,False,,,,,,,,,,,,,0.01915,0.0961,0.1004,16,2.3556199476695414,0.0,1.696245832494251,53.0,17.37368482891967,0.0,26.30429546795755,29.0,1.4018,0.0,2.0,32.0,0.08125,0.46505,2.1842,0.018656784129350353,0.05646175690647104,0.0961
Dalton Schultz,TE,HOU,DAL,DAL@HOU,False,0.9575230478992892,Limited,False,,,,,,,,,,,,,0.0,0.26368055192599177,0.30251398107980976,47,0.0,0.0,0.0,96.0,46.44797229608312,24.579308347423684,62.40998925923749,72.0,4.861913970626666,3.0,6.0,78.0,0.30251398107980976,0.0,6.960225787905713,0.004202779738316111,0.1884575305919926,0.2524802057519424
Cade Stover,TE,HOU,DAL,DAL@HOU,False,1.0,,False,,,,,,,,,,,,,0.0,0.0361,0.03665,2,0.0,0.0,0.0,62.0,6.029466304649082,0.0,8.796778645323801,18.0,0.64235,0.0,1.0,15.0,0.03665,0.0,0.9488,0.004202779738316111,0.025231271717919168,0.0361
Jared Wayne,WR,HOU,DAL,DAL@HOU,False,1.0,,False,,,,,,,,,,,,,0.0,0.1809,0.1958,27,0.0,0.0,0.0,79.0,31.600067270987946,10.841507112617752,45.14912463423072,47.0,2.54655,1.0,4.0,44.0,0.1958,0.0,4.22015,0.004202779738316111,0.10867900941266526,0.1809
Jacoby Brissett,QB,ARI,NYG,ARI@NYG,False,1.0,,False,22.33825,19.0,25.0,92.0,205.95814151527304,157.14158702327032,245.61235176285194,87.0,1.58285,1.0,2.0,81.0,0.1056,0.1004,0.1056,62,,,,,,,,,,,,,,,,,,0.1004
Tyler Allgeier,RB,ARI,NYG,ARI@NYG,False,1.0,,False,,,,,,,,,,,,,0.18945,0.2585,0.29375,62,28.43403898777221,13.637474157077317,38.17735197251105,61.0,8.139594495458544,0.0,12.524809493945693,41.0,1.27895,0.0,2.0,40.0,0.1043,6.8935,1.66625,0.2631685649469273,0.050214706342924534,0.2585
Kendrick Bourne,WR,ARI,NYG,ARI@NYG,False,1.0,,False,,,,,,,,,,,,,0.0,0.17005,0.1842,36,0.0,0.0,0.0,82.0,29.126869877729217,10.479112382698471,41.58257246995835,50.0,2.73685,1.0,4.0,50.0,0.1842,0.0,4.1308,0.003823930748269516,0.11641912720977952,0.17005
Jalen Brooks,WR,ARI,NYG,ARI@NYG,False,1.0,,False,,,,,,,,,,,,,0.0,0.02105,0.02125,2,0.0,0.0,0.0,62.0,4.481890402088568,0.0,4.8167435831910055,29.0,0.4044,0.0,1.0,2.0,0.02125,0.0,0.631,0.003823930748269516,0.017403380504758204,0.02105
Devin Duvernay,WR,ARI,NYG,ARI@NYG,False,1.0,,False,,,,,,,,,,,,,0.0,0.0151,0.01515,1,0.0,0.0,0.0,60.0,2.945202490579331,0.0,0.0,60.0,0.2675,0.0,0.0,60.0,0.01515,0.0,0.41745,0.003823930748269516,0.01178817394600256,0.0151
Simi Fehoko,WR,ARI,NYG,ARI@NYG,False,1.0,,False,,,,,,,,,,,,,0.0,0.0091,0.0091,1,0.0,0.0,0.0,60.0,1.9705022750254007,0.0,0.0,60.0,0.17685,0.0,0.0,60.0,0.0091,0.0,0.2765,0.003823930748269516,0.0078787259495309,0.0091
Marvin Harrison Jr.,WR,ARI,NYG,ARI@NYG,False,1.0,,False,,,,,,,,,,,,,0.0,0.13305,0.1414,16,0.0,0.0,0.0,74.0,32.69569272306721,11.670837179954372,46.6144760576013,42.0,2.58125,1.0,4.0,40.0,0.1414,0.0,4.2025,0.003823930748269516,0.11810291959089204,0.13305
Elijah Higgins,TE,ARI,NYG,ARI@NYG,False,1.0,,False,,,,,,,,,,,,,0.0,0.04325,0.044,5,0.0,0.0,0.0,65.0,8.757399293308632,0.0,13.454557711015363,19.0,0.99345,0.0,2.0,5.0,0.044,0.0,1.3602,0.003823930748269516,0.037939910490828725,0.04325
Bam Knight,RB,ARI,NYG,ARI@NYG,False,1.0,,False,,,,,,,,,,,,,0.05695,0.0834,0.0871,1,12.104724971221993,2.537656886875417,16.794575770454717,26.0,4.519197525047735,0.0,6.729466725999851,17.0,0.6855,0.0,1.0,18.0,0.03015,2.55945,0.9124,0.09774201021420319,0.027490428251367955,0.0834
Hunter Long,TE,ARI,NYG,ARI@NYG,False,1.0,,False,,,,,,,,,,,,,0.0,0.03125,0.03185,2,0.0,0.0,0.0,62.0,5.5815695312003,0.0,8.257265241371842,17.0,0.62755,0.0,1.0,14.0,0.03185,0.0,0.9046,0.003823930748269516,0.025046316676960854,0.03125
Jeremiyah Love,RB,ARI,NYG,ARI@NYG,False,1.0,,False,,,,,,,,,,,,,0.3723,0.43505,0.55065,85,58.56853145913298,37.31902905351649,74.78092072480565,81.0,15.941873827977572,5.3378043317580115,22.97833064107379,67.0,2.4991,1.0,4.0,64.0,0.17835,13.09935,3.25785,0.5020557379545316,0.09815544243541655,0.43505
Trey McBride,TE,ARI,NYG,ARI@NYG,False,1.0,,False,,,,,,,,,,,,,0.0,0.42365,0.5386,85,0.0,0.0,0.0,97.0,61.53330797318859,37.682980693127654,79.99946315634409,79.0,7.19645,5.0,9.0,83.0,0.5386,0.0,10.12885,0.003823930748269516,0.2826379647269515,0.42365
Michael Wilson,WR,ARI,NYG,ARI@NYG,False,1.0,,False,,,,,,,,,,,,,0.0,0.3091,0.3633,72,0.0,0.0,0.0,97.0,45.11157513211765,23.056887197986185,61.390113056448456,75.0,4.50995,3.0,6.0,80.0,0.3633,0.0,7.23555,0.003823930748269516,0.2026050189562565,0.3091
Jameis Winston,QB,NYG,ARI,ARI@NYG,False,1.0,,False,17.28905,15.0,20.0,69.0,203.57045184806074,152.31766323240436,245.34824243080675,64.0,1.3922,1.0,2.0,57.0,0.02645,0.0263,0.02645,38,,,,,,,,,,,,,,,,,,0.0263
Braxton Berrios,WR,NYG,ARI,ARI@NYG,False,1.0,,False,,,,,,,,,,,,,0.0,0.0139,0.0139,1,0.0,0.0,0.0,60.0,2.965722974505605,0.0,0.0,60.0,0.2088,0.0,0.0,60.0,0.0139,0.0,0.3503,0.003174876390494577,0.011481428516071942,0.0139
Malachi Fields,WR,NYG,ARI,ARI@NYG,False,1.0,,False,,,,,,,,,,,,,0.0,0.1556,0.1669,21,0.0,0.0,0.0,79.0,35.29807388668251,12.256025239509771,50.769656037001425,46.0,2.4945,1.0,3.0,55.0,0.1669,0.0,4.26365,0.003174876390494577,0.1377277938265995,0.1556
Najee Harris,RB,NYG,ARI,ARI@NYG,False,1.0,,False,,,,,,,,,,,,,0.1362,0.1343,0.14335,24,26.721709611689434,12.411340606990256,36.11146720972102,41.0,1.1301102700419505,0.0,0.0,67.0,0.1347,0.0,0.0,67.0,0.00715,5.75755,0.1886,0.19776445049813943,0.006178303016430381,0.1343
Theo Johnson,TE,NYG,ARI,ARI@NYG,False,1.0,,False,,,,,,,,,,,,,0.0,0.09225,0.09575,9,0.0,0.0,0.0,68.0,18.682532488724036,1.8216055759312235,28.17591893128438,26.0,1.5812,1.0,2.0,49.0,0.09575,0.0,2.54515,0.003174876390494577,0.08590066315972086,0.09225
Isaiah Likely,TE,NYG,ARI,ARI@NYG,False,1.0,,False,,,,,,,,,,,,,0.0,0.32675,0.3879,62,0.0,0.0,0.0,97.0,45.863346106786715,22.702979561643602,62.71017494730124,71.0,4.05345,2.0,5.0,75.0,0.3879,0.0,6.24605,0.003174876390494577,0.211604686432372,0.32675
Darnell Mooney,WR,NYG,ARI,ARI@NYG,False,1.0,,False,,,,,,,,,,,,,0.00355,0.12865,0.13825,14,0.8913930705716251,0.0,0.0,73.0,30.05798686016851,8.01096213410231,44.79511302109265,36.0,2.00495,1.0,3.0,43.0,0.1347,0.18635,3.4707,0.006381822239478998,0.1121445721318939,0.12865
Malik Nabers,WR,NYG,ARI,ARI@NYG,False,1.0,,False,,,,,,,,,,,,,0.0,0.2914,0.3404,50,0.0,0.0,0.0,90.0,44.96924208913714,20.588009641998365,62.3230740074399,63.0,3.52695,2.0,5.0,65.0,0.3404,0.0,5.9245,0.003174876390494577,0.1921496692649209,0.2914
Patrick Ricard,RB,NYG,ARI,ARI@NYG,False,0.9508674235277402,Full,False,,,,,,,,,,,,,0.0,0.01273952411033902,0.01284480943356496,1,0.0,0.0,0.0,58.0,2.131900273678587,0.0,0.0,58.0,0.25084228258580754,0.0,0.0,58.0,0.01284480943356496,0.0,0.35686460307433143,0.0018507391043628726,0.011867537471466781,0.01211359846776759
Devin Singletary,RB,NYG,ARI,ARI@NYG,False,1.0,,False,,,,,,,,,,,,,0.07225,0.18605,0.20395,28,16.33258704941493,5.419523371288401,22.256157156661875,40.0,9.800772853753175,0.0,15.19001962445421,24.0,1.16715,0.0,2.0,19.0,0.1317,3.8527,1.6552,0.13209514760714108,0.054804485556039194,0.18605
Cam Skattebo,RB,NYG,ARI,ARI@NYG,False,1.0,,False,,,,,,,,,,,,,0.30585,0.3547,0.42945,85,49.94392678465385,30.34082358954105,64.17785226106687,80.0,20.2548504130641,6.435998028986174,29.44229200783649,66.0,2.30285,1.0,3.0,74.0,0.1236,11.9474,3.25255,0.4085793475336377,0.10694472200235326,0.3547
Tyrone Tracy Jr.,RB,NYG,ARI,ARI@NYG,False,0.9508674235277402,Full,False,,,,,,,,,,,,,0.03127131538905504,0.07419067107403327,0.07691904087307834,2,8.326653404120645,0.0,11.558175529187555,19.0,7.212299274685828,0.0,11.23522149917164,15.0,0.8409675219056614,0.0,1.0,25.0,0.045647725484023294,1.7622120782832258,1.184217430085524,0.06038889524934998,0.03902886558661997,0.07054549225396005
Matthew Stafford,QB,LA,PHI,LA@PHI,False,1.0,,False,20.1651,17.0,23.0,91.0,249.8228758535646,188.23425057447258,300.1477676826647,87.0,1.64405,1.0,2.0,82.0,0.0664,0.06445,0.0664,62,,,,,,,,,,,,,,,,,,0.06445
Davante Adams,WR,LA,PHI,LA@PHI,False,0.9479829842591244,Full,False,,,,,,,,,,,,,0.0,0.36752001685630004,0.45138010956595026,52,0.0,0.0,0.0,95.0,82.85603615039531,45.12025478537235,110.35644382538375,72.0,5.300832279814581,3.0,7.0,73.0,0.45138010956595026,0.0,9.262431521281078,0.0037094996240090196,0.205438371562181,0.348402722354399
Davis Allen,TE,LA,PHI,LA@PHI,False,1.0,,False,,,,,,,,,,,,,0.0,0.0558,0.05765,9,0.0,0.0,0.0,68.0,10.00977848916235,0.0,15.311946595740789,22.0,1.0163,0.0,2.0,9.0,0.05765,0.0,1.54145,0.0037094996240090196,0.035878303383514304,0.0558
Tutu Atwell,WR,LA,PHI,LA@PHI,False,1.0,,False,,,,,,,,,,,,,0.0,0.06415,0.0663,2,0.0,0.0,0.0,62.0,13.086316859654053,0.0,20.123785898528098,16.0,1.0096,0.0,2.0,3.0,0.0663,0.0,1.6855,0.0055642494360135285,0.036419750050495796,0.06415
Dean Connors,RB,LA,PHI,LA@PHI,False,1.0,,False,,,,,,,,,,,,,0.00825,0.0156,0.01575,1,1.4700824598626532,0.0,0.0,60.0,1.0433786831227407,0.0,0.0,60.0,0.13995,0.0,0.0,60.0,0.0075,0.3382,0.1969,0.01154930450937464,0.004344665738020907,0.0156
Blake Corum,RB,LA,PHI,LA@PHI,False,1.0,,False,,,,,,,,,,,,,0.20575,0.256,0.2924,33,41.40101025464117,23.330645969439182,54.6043899148543,63.0,5.824113626054152,0.0,8.811998144959961,40.0,0.7737,0.0,1.0,47.0,0.08665,8.4968,1.0919,0.28217334608852357,0.02442207887920161,0.256
Tyler Higbee,TE,LA,PHI,LA@PHI,False,0.8055616699684496,DNP,False,,,,,,,,,,,,,0.0,0.20586769652423073,0.23078360533200448,27,0.0,0.0,0.0,65.0,25.550468796207962,8.147612789233385,36.7636468386043,38.0,2.4843029774511027,1.0,3.0,46.0,0.23078360533200448,0.0,3.7984925875171296,0.0037094996240090196,0.09112591147814199,0.1658391254046173
Konata Mumpfield,WR,LA,PHI,LA@PHI,False,1.0,,False,,,,,,,,,,,,,0.0,0.12555,0.1322,25,0.0,0.0,0.0,78.0,16.59580829621075,0.0,25.604902373473543,31.0,1.19985,0.0,2.0,28.0,0.1322,0.0,2.21575,0.0037094996240090196,0.04853014105889319,0.12555
Puka Nacua,WR,LA,PHI,LA@PHI,False,0.9479829842591244,Full,False,,,,,,,,,,,,,0.0,0.3810101223112611,0.47116195698017715,15,0.0,0.0,0.0,66.0,90.17937525493586,53.34646286998466,118.35739062333215,45.0,6.779365246731337,5.0,9.0,49.0,0.47116195698017715,0.0,10.839150147617039,0.0055642494360135285,0.2422819490604486,0.3611911127815633
Colby Parkinson,TE,LA,PHI,LA@PHI,False,0.4981574884199691,Questionable; DNP,False,,,,,,,,,,,,,0.0,0.1596163553760727,0.17324583543664815,10,0.0,0.0,0.0,34.0,13.885414708262973,0.0,21.215558984840303,11.0,1.4004038364462392,0.0,2.0,13.0,0.17324583543664815,0.0,2.1164058556284706,0.0037094996240090196,0.05573077410504164,0.0795140827048936
Jordan Whittington,WR,LA,PHI,LA@PHI,False,1.0,,False,,,,,,,,,,,,,0.0,0.0464,0.04745,1,0.0,0.0,0.0,61.0,9.758842182298567,0.0,14.790205075483673,16.0,0.77535,0.0,1.0,23.0,0.04745,0.0,1.2581,0.004451399548810823,0.02735777448413341,0.0464
Kyren Williams,RB,LA,PHI,LA@PHI,False,1.0,,False,,,,,,,,,,,,,0.4577,0.48165,0.63645,85,70.82822794617691,47.55270196832206,89.3500201406537,82.0,19.660948289962484,6.462287296655316,28.490653607345692,66.0,2.51845,1.0,4.0,64.0,0.17875,14.03945,3.58195,0.4659074688288857,0.07975243494787163,0.48165
Jalen Hurts,QB,PHI,LA,LA@PHI,False,1.0,,False,18.36405,16.0,21.0,90.0,186.62688746024375,139.4672091465414,224.21044242498184,85.0,1.4479,1.0,2.0,78.0,0.15535,0.14515,0.15535,60,,,,,,,,,,,,,,,,,,0.14515
Saquon Barkley,RB,PHI,LA,LA@PHI,False,1.0,,False,,,,,,,,,,,,,0.30935,0.3748,0.46085,61,64.05520548892638,42.01102608658057,80.95110004670514,72.0,19.746403169537654,7.162722889654145,28.287151575533205,59.0,2.82505,1.0,4.0,59.0,0.1515,14.1171,4.16985,0.5066954607132254,0.07317225500178123,0.3748
Tank Bigsby,RB,PHI,LA,LA@PHI,False,0.9508674235277402,Full,False,,,,,,,,,,,,,0.10365532497629833,0.1354682397556094,0.14600231749710313,30,17.195166937928686,6.115228433375648,23.317803092468694,41.0,5.506450975862167,0.0,8.33100778322148,27.0,0.7843674286316233,0.0,1.0,33.0,0.0423469925208048,4.207679342673549,1.1406299378489413,0.1524993004829911,0.020020015140222006,0.1288123361062545
Darius Cooper,WR,PHI,LA,LA@PHI,False,0.9479829842591244,Full,False,,,,,,,,,,,,,0.0,0.10841466631495647,0.11316275389079399,10,0.0,0.0,0.0,61.0,9.577051678299366,0.0,14.627299156850214,18.0,0.795304668952783,0.0,1.0,26.0,0.11316275389079399,0.0,1.3755209707201266,0.003918102731914374,0.023017613013095545,0.1027752589107096
Britain Covey,WR,PHI,LA,LA@PHI,False,1.0,,False,,,,,,,,,,,,,0.0,0.01435,0.0145,1,0.0,0.0,0.0,60.0,2.9204782507865037,0.0,0.0,60.0,0.2415,0.0,0.0,60.0,0.0145,0.0,0.42555,0.003918102731914374,0.006990110553482418,0.01435
Zach Ertz,TE,PHI,LA,LA@PHI,False,1.0,,False,,,,,,,,,,,,,0.0,0.2521,0.2866,8,0.0,0.0,0.0,62.0,38.620544891027585,18.271020615044222,53.49057375149174,35.0,4.02175,2.0,5.0,40.0,0.2866,0.0,6.42705,0.005877154097871561,0.11945663418304525,0.2521
E.J. Jenkins,TE,PHI,LA,LA@PHI,False,1.0,,False,,,,,,,,,,,,,0.0,0.0081,0.0081,1,0.0,0.0,0.0,60.0,1.0571800626561638,0.0,0.0,60.0,0.11005,0.0,0.0,60.0,0.0081,0.0,0.1787,0.003918102731914374,0.0033630068017476934,0.0081
Makai Lemon,WR,PHI,LA,LA@PHI,False,1.0,,False,,,,,,,,,,,,,0.00465,0.2088,0.23205,16,0.9111614029482556,0.0,0.0,74.0,39.821868568964916,17.840518920239777,55.169788594058375,46.0,3.7249,2.0,5.0,50.0,0.2274,0.2149,6.3717,0.00799945974432518,0.1055486079456173,0.2088
Johnny Mundt,TE,PHI,LA,LA@PHI,False,1.0,,False,,,,,,,,,,,,,0.0,0.06045,0.06245,7,0.0,0.0,0.0,66.0,10.089124329367706,0.0,15.627680269353958,20.0,1.0696,0.0,2.0,10.0,0.06245,0.0,1.70015,0.003918102731914374,0.03162725326156454,0.06045
Will Shipley,RB,PHI,LA,LA@PHI,False,0.9508674235277402,Full,False,,,,,,,,,,,,,0.04646157076858463,0.11922511549769005,0.125839983200336,34,9.904715966736878,1.5844111910795728,13.202231497690079,36.0,10.301346633775019,0.0,15.63802213834893,26.0,1.4505459890802184,0.0,2.0,30.0,0.07937841243175137,2.4377362452750946,2.112137757244855,0.08734145840937704,0.036972446743345155,0.11336727839308579
Dontayvion Wicks,WR,PHI,LA,LA@PHI,False,1.0,,False,,,,,,,,,,,,,0.0,0.42445,0.53675,48,0.0,0.0,0.0,84.0,62.699467131993906,32.69272218469496,84.5200346558746,59.0,4.72265,3.0,6.0,65.0,0.53675,0.0,8.18665,0.003918102731914374,0.1351349138313996,0.42445
Jordan Love,QB,GB,TB,GB@TB,False,1.0,,False,20.70545,18.0,24.0,91.0,246.0633924919146,186.38183792636212,293.7242713460307,87.0,1.58475,1.0,2.0,81.0,0.0294,0.02895,0.0294,62,,,,,,,,,,,,,,,,,,0.02895
Chris Brooks,RB,GB,TB,GB@TB,False,1.0,,False,,,,,,,,,,,,,0.09425,0.1361,0.1461,36,12.218876385929683,3.396408954720073,16.284217856039806,41.0,7.8753554640202434,0.0,12.049124550762464,27.0,1.09435,0.0,2.0,18.0,0.05185,3.2551,1.61535,0.1586231360316892,0.03545245369331911,0.1361
Matthew Golden,WR,GB,TB,GB@TB,False,1.0,,False,,,,,,,,,,,,,0.0,0.30405,0.3565,66,0.0,0.0,0.0,97.0,57.616050031623175,28.974913266800566,78.53037825102776,74.0,4.3026,3.0,6.0,79.0,0.3565,0.0,7.75825,0.0040338590252482175,0.17944285542252625,0.30405
Kaleb Johnson,RB,GB,TB,GB@TB,False,1.0,,False,,,,,,,,,,,,,0.10045,0.11425,0.1211,13,17.539824846505088,6.739533918867393,23.030729677558142,44.0,3.3973734527886204,0.0,4.249322462781514,34.0,0.469,0.0,1.0,12.0,0.02065,4.9408,0.689,0.24099239564424177,0.014913634654722084,0.11425
Tucker Kraft,TE,GB,TB,GB@TB,False,1.0,,False,,,,,,,,,,,,,0.0,0.2266,0.25175,35,0.0,0.0,0.0,87.0,49.81293082721664,25.486245652809554,67.74511871447774,62.0,4.565,3.0,6.0,67.0,0.25175,0.0,7.34005,0.0040338590252482175,0.17927638077196362,0.2266
MarShawn Lloyd,RB,GB,TB,GB@TB,False,1.0,,False,,,,,,,,,,,,,0.24215,0.3167,0.3739,70,35.82628300845445,19.428180947862227,46.719425494788695,60.0,10.280053429273105,0.0,15.501059154700094,38.0,1.45595,0.0,2.0,42.0,0.13175,10.0983,2.1488,0.4912491318250138,0.04739769159254864,0.3167
Bo Melton,WR,GB,TB,GB@TB,False,1.0,,False,,,,,,,,,,,,,0.0,0.0417,0.0424,5,0.0,0.0,0.0,65.0,9.39594688461746,0.0,14.381335646697849,19.0,0.77915,0.0,1.0,26.0,0.0424,0.0,1.3758,0.0040338590252482175,0.031707909519308776,0.0417
J. Michael Sturdivant,WR,GB,TB,GB@TB,False,1.0,,False,,,,,,,,,,,,,0.0,0.03445,0.0349,4,0.0,0.0,0.0,64.0,7.50339223108062,0.0,11.132980373772565,19.0,0.6429,0.0,1.0,17.0,0.0349,0.0,1.1021,0.004840630830297861,0.025661210819242147,0.03445
Skyy Moore,WR,GB,TB,GB@TB,False,1.0,,False,,,,,,,,,,,,,0.0,0.1645,0.17815,36,0.0,0.0,0.0,78.0,18.969897665930834,2.488236652948453,28.55877836491646,36.0,1.67235,1.0,2.0,60.0,0.17815,0.0,2.9906,0.0040338590252482175,0.06892510430865523,0.1645
Jonnu Smith,TE,GB,TB,GB@TB,False,1.0,,False,,,,,,,,,,,,,0.0,0.10325,0.1087,16,0.0,0.0,0.0,70.0,15.591753041456872,1.8487913035770365,23.40086755071746,28.0,1.65395,1.0,2.0,51.0,0.1087,0.0,2.6584,0.0040338590252482175,0.06495765294524869,0.10325
Christian Watson,WR,GB,TB,GB@TB,False,1.0,,False,,,,,,,,,,,,,0.0,0.38615,0.4794,77,0.0,0.0,0.0,97.0,83.36228516773313,46.90218635969987,110.70837167140692,77.0,5.55635,4.0,7.0,84.0,0.4794,0.0,9.8752,0.0040338590252482175,0.2294997740755688,0.38615
Jalon Daniels,QB,TB,GB,GB@TB,False,1.0,,False,21.9184,19.0,25.0,53.0,237.26071713707722,181.8333994683412,282.7258829813523,48.0,0.8555,0.0,1.0,26.0,0.0935,0.0897,0.0935,19,,,,,,,,,,,,,,,,,,0.0897
Payne Durham,TE,TB,GB,GB@TB,False,1.0,,False,,,,,,,,,,,,,0.0,0.00805,0.00805,1,0.0,0.0,0.0,61.0,2.9513572069861627,0.0,0.0,61.0,0.2946,0.0,0.0,61.0,0.00805,0.0,0.44285,0.004031067598683822,0.011496661950966977,0.00805
Emeka Egbuka,WR,TB,GB,GB@TB,False,1.0,,False,,,,,,,,,,,,,0.0064,0.16305,0.17685,41,1.0465580233293128,0.0,0.0,87.0,55.55115343074973,28.116466754009792,75.77870210208508,61.0,4.278,3.0,6.0,66.0,0.17045,0.24195,7.41875,0.009405824396928919,0.20988922303322183,0.16305
Kenny Gainwell,RB,TB,GB,GB@TB,False,1.0,,False,,,,,,,,,,,,,0.11165,0.18945,0.2063,35,20.181463642308977,7.482613197631802,27.087538128100995,48.0,17.85057777346273,5.705328498189691,25.694352992750098,43.0,2.44195,1.0,3.0,52.0,0.09465,4.91575,3.3687,0.18402720569832287,0.09431425421677939,0.18945
Chris Godwin Jr.,WR,TB,GB,GB@TB,False,0.9479829842591244,Full,False,,,,,,,,,,,,,0.009454391802672582,0.09200866212433317,0.09681508477261924,16,1.8930332931169542,0.0,0.7232259629986624,60.0,33.8176683954566,13.605747944941148,47.617313262463625,42.0,2.879628162467649,2.0,4.0,51.0,0.08736069296994665,0.42491945280726773,4.638250673427349,0.01612427039473529,0.13276393565331426,0.08722264609831483
Ted Hurst III,WR,TB,GB,GB@TB,False,1.0,,False,,,,,,,,,,,,,0.0,0.10425,0.10885,30,0.0,0.0,0.0,78.0,34.93161781567207,12.583898238148192,50.34680450208549,45.0,2.58655,1.0,4.0,43.0,0.10885,0.0,4.3634,0.004031067598683822,0.12313462829329262,0.10425
Bucky Irving,RB,TB,GB,GB@TB,False,0.9508674235277402,Full,False,,,,,,,,,,,,,0.3478329476120345,0.397065011571639,0.49379339364611824,72,61.31647577175186,40.22364494544253,77.53257987820845,72.0,25.734451976893045,11.152481954533357,36.00499388032239,62.0,3.339837997054492,2.0,5.0,64.0,0.14596044603408373,13.98285293498843,4.499316221333895,0.5641843775666591,0.12676991240072408,0.3775561845261367
Kameron Johnson,WR,TB,GB,GB@TB,False,1.0,,False,,,,,,,,,,,,,0.0,0.0064,0.0064,1,0.0,0.0,0.0,60.0,2.7779914624257573,0.0,0.0,60.0,0.2215,0.0,0.0,60.0,0.0064,0.0,0.3653,0.004031067598683822,0.01017560986849046,0.0064
Tez Johnson,WR,TB,GB,GB@TB,False,1.0,,False,,,,,,,,,,,,,0.00645,0.08025,0.0833,21,1.239599767813999,0.0,0.0,70.0,18.732599032213475,0.0,28.672490420945103,24.0,1.422,0.0,2.0,27.0,0.07685,0.28455,2.42295,0.010749513596490193,0.06795565339302032,0.08025
Cade Otton,TE,TB,GB,GB@TB,False,1.0,,False,,,,,,,,,,,,,0.0,0.1473,0.15835,36,0.0,0.0,0.0,83.0,44.94234074156147,23.082734919479904,60.953243965065624,58.0,4.4557,3.0,6.0,63.0,0.15835,0.0,6.7273,0.004031067598683822,0.17817762212893093,0.1473
Bauer Sharp,TE,TB,GB,GB@TB,False,1.0,,False,,,,,,,,,,,,,0.0,0.0033,0.0033,1,0.0,0.0,0.0,60.0,1.1467069787034343,0.0,0.0,60.0,0.1087,0.0,0.0,60.0,0.0033,0.0,0.1656,0.004031067598683822,0.004344251723652188,0.0033
Josh Williams,RB,TB,GB,GB@TB,False,1.0,,False,,,,,,,,,,,,,0.0,0.0036,0.0036,1,0.0,0.0,0.0,60.0,0.9218665402078361,0.0,0.0,60.0,0.1231,0.0,0.0,60.0,0.0036,0.0,0.172,0.0045181753576006185,0.0048760774093593,0.0036
Malik Willis,QB,MIA,MIN,MIA@MIN,False,1.0,,False,17.78545,15.0,20.0,90.0,220.2389111651319,166.39300197848928,265.33894754819465,85.0,0.72845,0.0,1.0,57.0,0.1192,0.1129,0.1192,60,,,,,,,,,,,,,,,,,,0.1129
Chris Bell,WR,MIA,MIN,MIA@MIN,False,0.9479829842591244,Full,False,,,,,,,,,,,,,0.0,0.09521301806308916,0.09968929380167466,17,0.0,0.0,0.0,72.0,41.491352937496856,15.32633616043272,59.14690345501144,42.0,2.700300173784823,1.0,4.0,40.0,0.09968929380167466,0.0,4.803886460582443,0.004001563023420691,0.10139379171137435,0.09026032100376517
Kevin Coleman Jr.,WR,MIA,MIN,MIA@MIN,False,1.0,,False,,,,,,,,,,,,,0.0,0.0556,0.05685,11,0.0,0.0,0.0,70.0,21.591560305978927,0.0,32.53124513478441,24.0,1.5255,0.0,2.0,30.0,0.05685,0.0,2.76195,0.004001563023420691,0.05773344426580865,0.0556
Greg Dulcich,TE,MIA,MIN,MIA@MIN,False,1.0,,False,,,,,,,,,,,,,0.0,0.2126,0.23725,32,0.0,0.0,0.0,79.0,60.18220899311819,32.34098309408921,80.84523168466245,55.0,4.8931,3.0,6.0,61.0,0.23725,0.0,7.6819,0.004001563023420691,0.14886597117357067,0.2126
Ollie Gordon II,RB,MIA,MIN,MIA@MIN,False,1.0,,False,,,,,,,,,,,,,0.17385,0.1837,0.2006,41,34.59513926861363,17.78500107858829,45.4106816725611,53.0,7.572111714823858,0.0,11.67868432067971,31.0,0.8937,0.0,1.0,44.0,0.02675,10.3437,1.30745,0.18704568009449923,0.023623722340357117,0.1837
DJ Herman,RB,MIA,MIN,MIA@MIN,False,1.0,,False,,,,,,,,,,,,,0.00605,0.04665,0.0475,4,1.5403720002501808,0.0,0.0,64.0,12.450007466627593,0.0,18.91300220426254,18.0,1.41955,0.0,2.0,22.0,0.04145,0.37685,2.1069,0.006727658245005016,0.03799336378142615,0.04665
Will Kacmarek,TE,MIA,MIN,MIA@MIN,False,1.0,,False,,,,,,,,,,,,,0.0,0.02165,0.02175,4,0.0,0.0,0.0,63.0,7.568957665433446,0.0,11.209675812161352,19.0,0.6542,0.0,1.0,17.0,0.02175,0.0,1.05645,0.004001563023420691,0.020482710836783245,0.02165
Ryan Miller,WR,MIA,MIN,MIA@MIN,False,1.0,,False,,,,,,,,,,,,,0.0,0.02725,0.02755,7,0.0,0.0,0.0,66.0,12.972795291976066,0.0,19.90360433844388,20.0,0.7991,0.0,1.0,29.0,0.02755,0.0,1.39025,0.004001563023420691,0.028815894781872173,0.02725
Malik Washington,WR,MIA,MIN,MIA@MIN,False,1.0,,False,,,,,,,,,,,,,0.01245,0.21905,0.2447,51,4.020671650247384,0.0,4.7873224674749775,61.0,67.9130620172499,38.725982954744275,90.64966965259984,74.0,5.6146,4.0,7.0,81.0,0.23225,0.96965,9.8827,0.017206572629814523,0.20567907818009576,0.21905
Jaylen Wright,RB,MIA,MIN,MIA@MIN,False,0.9508674235277402,Full,False,,,,,,,,,,,,,0.10740019986325146,0.12207437016777994,0.12964813548624626,12,21.98750073286843,8.61865644369836,29.95276548876088,31.0,5.894964285804457,0.0,8.851948803007474,16.0,0.6871614158733498,0.0,1.0,17.0,0.022247935622994795,5.474096670698995,1.0118866039025929,0.1000089387528074,0.01838610199745518,0.11607654184020855
Kyler Murray,QB,MIN,MIA,MIA@MIN,False,1.0,,False,17.0302,14.0,20.0,62.0,191.46832282006844,141.791370700327,231.6783574396197,59.0,1.5478,1.0,2.0,53.0,0.0731,0.07065,0.0731,31,,,,,,,,,,,,,,,,,,0.07065
Jordan Addison,WR,MIN,MIA,MIA@MIN,False,1.0,,False,,,,,,,,,,,,,0.0,0.3921,0.4848,34,0.0,0.0,0.0,86.0,70.17068707990401,37.29282935377841,94.69741239422032,61.0,4.7743,3.0,6.0,67.0,0.4848,0.0,8.0764,0.0033383944339874095,0.18234840808783934,0.3921
Max Bredeson,RB,MIN,MIA,MIA@MIN,False,1.0,,False,,,,,,,,,,,,,0.0118,0.0236,0.02395,1,1.5903634060169813,0.0,0.0,60.0,1.3429495538415974,0.0,0.0,60.0,0.17425,0.0,0.0,60.0,0.01215,0.37995,0.23345,0.008769845334279734,0.00587157094026069,0.0236
Demond Claiborne,RB,MIN,MIA,MIA@MIN,False,1.0,,False,,,,,,,,,,,,,0.05295,0.09085,0.09395,3,7.2082208307887585,0.0,9.517092917052931,23.0,4.69973229799477,0.0,6.7582085979787445,20.0,0.6043,0.0,1.0,13.0,0.041,1.86165,0.79915,0.04334558443983785,0.019987273385591902,0.09085
DeeJay Dallas,RB,MIN,MIA,MIA@MIN,False,1.0,,False,,,,,,,,,,,,,0.03995,0.0976,0.1023,5,5.33823785997867,0.0,6.95330086738935,26.0,6.890102378760177,0.0,10.58815799026838,19.0,0.88315,0.0,1.0,31.0,0.06235,1.32395,1.1659,0.03119074554426042,0.028897787921873298,0.0976
Tai Felton,WR,MIN,MIA,MIA@MIN,False,1.0,,False,,,,,,,,,,,,,0.0,0.049,0.05065,4,0.0,0.0,0.0,63.0,8.14206848268669,0.0,11.547082602447018,21.0,0.61405,0.0,1.0,14.0,0.05065,0.0,0.9915,0.0033383944339874095,0.02231923737032758,0.049
T.J. Hockenson,TE,MIN,MIA,MIA@MIN,False,1.0,,False,,,,,,,,,,,,,0.0,0.4079,0.50855,34,0.0,0.0,0.0,81.0,50.24920829828838,26.887978141616745,67.33490331672468,57.0,4.99605,3.0,7.0,57.0,0.50855,0.0,7.0635,0.0033383944339874095,0.17401394545929222,0.4079
Jauan Jennings,WR,MIN,MIA,MIA@MIN,False,1.0,,False,,,,,,,,,,,,,0.0,0.19815,0.2189,4,0.0,0.0,0.0,64.0,33.82578303720101,12.206338798086733,48.56509065975639,32.0,2.69935,1.0,4.0,31.0,0.2189,0.0,4.30455,0.0040060733207848915,0.0972796575552155,0.19815
Aaron Jones,RB,MIN,MIA,MIA@MIN,False,0.9951309141019752,Limited,False,,,,,,,,,,,,,0.6089991462863455,0.5716366192939286,0.8063074373524833,66,78.05735451642215,53.66988853665976,97.07955099517353,83.0,22.893245955252826,8.875845351617402,32.59000304590913,69.0,2.9716265756038767,2.0,4.0,79.0,0.1973082910661377,20.018028423642846,4.051021945462763,0.4695496220428691,0.10180579744853953,0.5688532714921299
Myles Price,WR,MIN,MIA,MIA@MIN,False,1.0,,False,,,,,,,,,,,,,0.0,0.03725,0.03765,2,0.0,0.0,0.0,62.0,6.085859225776075,0.0,7.513158381548869,25.0,0.46505,0.0,1.0,2.0,0.03765,0.0,0.72635,0.0033383944339874095,0.016916054206660962,0.03725
Patrick Mahomes,QB,KC,LV,KC@LV,False,0.98,Full,False,18.676702105908813,16.0,21.0,90.0,218.49645522582944,162.7880602063384,262.69211172845866,85.0,1.8316806379063586,1.0,3.0,66.0,0.11127581271723574,0.10667552647720302,0.11127581271723574,60,,,,,,,,,,,,,,,,,,0.10454201594765895
Cyrus Allen,WR,KC,LV,KC@LV,False,1.0,,False,,,,,,,,,,,,,0.0,0.02055,0.02085,2,0.0,0.0,0.0,62.0,3.715936811630695,0.0,0.0,62.0,0.27015,0.0,0.0,62.0,0.02085,0.0,0.44525,0.004045413728572829,0.014432767438542021,0.02055
Jake Briningstool,TE,KC,LV,KC@LV,False,1.0,,False,,,,,,,,,,,,,0.0,0.03,0.0306,4,0.0,0.0,0.0,63.0,5.274462862047241,0.0,6.562734510676582,26.0,0.47235,0.0,1.0,3.0,0.0306,0.0,0.71315,0.004045413728572829,0.02194829542168554,0.03
Noah Gray,TE,KC,LV,KC@LV,False,1.0,,False,,,,,,,,,,,,,0.0,0.11195,0.1175,14,0.0,0.0,0.0,68.0,13.661802276858571,0.0,20.67944060614284,23.0,1.27445,0.0,2.0,21.0,0.1175,0.0,2.00325,0.004045413728572829,0.061691541629526704,0.11195
Emmett Johnson,RB,KC,LV,KC@LV,False,1.0,,False,,,,,,,,,,,,,0.15805,0.1884,0.20715,23,28.272044916675746,13.57857443563745,37.6620667552789,50.0,6.936391331121154,0.0,10.597704922420698,30.0,0.81645,0.0,1.0,39.0,0.0491,6.6836,1.12365,0.21925236725652777,0.03553406150255956,0.1884
Travis Kelce,TE,KC,LV,KC@LV,False,1.0,,False,,,,,,,,,,,,,0.0,0.2917,0.3391,43,0.0,0.0,0.0,89.0,50.52017682727634,25.33593676264666,68.72809086662237,63.0,4.17275,3.0,6.0,67.0,0.3391,0.0,6.2362,0.004045413728572829,0.19231230956075604,0.2917
Nikko Remigio,WR,KC,LV,KC@LV,False,1.0,,False,,,,,,,,,,,,,0.0,0.0054,0.00545,1,0.0,0.0,0.0,60.0,0.9215370461918294,0.0,0.0,60.0,0.06605,0.0,0.0,60.0,0.00545,0.0,0.1106,0.004045413728572829,0.003443678636554231,0.0054
Rashee Rice,WR,KC,LV,KC@LV,False,0.9479829842591244,Full,False,,,,,,,,,,,,,0.0,0.3650433129093598,0.44390450031692374,49,0.0,0.0,0.0,83.0,62.2868120168649,32.75136273379636,84.22756353481347,59.0,4.506391295161631,3.0,6.0,64.0,0.44390450031692374,0.0,7.129146418761884,0.004045413728572829,0.23864733221057446,0.34605484915565227
Jalen Royals,WR,KC,LV,KC@LV,False,1.0,,False,,,,,,,,,,,,,0.0,0.0591,0.0606,11,0.0,0.0,0.0,65.0,5.3408285455875655,0.0,5.783963791323915,32.0,0.4058,0.0,1.0,5.0,0.0606,0.0,0.6545,0.004045413728572829,0.021699623823015622,0.0591
Brashard Smith,RB,KC,LV,KC@LV,False,1.0,,False,,,,,,,,,,,,,0.01105,0.0822,0.08515,7,2.0118977254237778,0.0,1.195318160397819,44.0,5.898570660391108,0.0,8.897538802124407,16.0,0.7271,0.0,1.0,20.0,0.0741,0.4713,1.0226,0.015448556699523958,0.0323598722102208,0.0822
Tyquan Thornton,WR,KC,LV,KC@LV,False,1.0,,False,,,,,,,,,,,,,0.0,0.0991,0.1039,12,0.0,0.0,0.0,71.0,20.47046395477367,0.0,31.101163782690396,26.0,1.3689,0.0,2.0,27.0,0.1039,0.0,2.31295,0.004045413728572829,0.07554250020051258,0.0991
Ben VanSumeren,RB,KC,LV,KC@LV,False,1.0,,False,,,,,,,,,,,,,0.0,0.0053,0.0054,1,0.0,0.0,0.0,60.0,0.6943994442946728,0.0,0.0,60.0,0.0866,0.0,0.0,60.0,0.0054,0.0,0.1198,0.004024486731542844,0.003850358337044487,0.0053
Kenneth Walker III,RB,KC,LV,KC@LV,False,1.0,,False,,,,,,,,,,,,,0.61205,0.63665,0.97405,85,94.1015316527622,67.2331754172265,116.28804912961624,84.0,28.03303651654503,12.075761334613714,39.39009778639737,71.0,3.31575,2.0,5.0,73.0,0.362,18.16635,4.5276,0.5944292440339229,0.14362057362029831,0.63665
Xavier Worthy,WR,KC,LV,KC@LV,False,1.0,,False,,,,,,,,,,,,,0.0,0.2846,0.32845,48,0.0,0.0,0.0,84.0,33.60933024763653,12.862496035340168,47.982092779926035,53.0,2.7622,1.0,4.0,51.0,0.32845,0.0,4.59555,0.004045413728572829,0.1498792931398061,0.2846
Kirk Cousins,QB,LV,KC,KC@LV,False,1.0,,False,19.05665,16.0,22.0,91.0,193.9958454665197,146.6066993062862,233.2049211444046,87.0,1.49035,1.0,2.0,80.0,0.04555,0.04435,0.04555,62,,,,,,,,,,,,,,,,,,0.04435
Cody White,WR,LV,KC,KC@LV,False,0.9575230478992892,Limited,False,,,,,,,,,,,,,0.0,0.15229959893744466,0.16375852909005678,31,0.0,0.0,0.0,67.0,10.45882007818445,0.0,16.244216521186605,22.0,0.8807750403666857,0.0,1.0,34.0,0.16375852909005678,0.0,1.461482368873379,0.003992461328319908,0.045033350685395185,0.14583037616842137
Malik Benson,WR,LV,KC,KC@LV,False,0.9479829842591244,Full,False,,,,,,,,,,,,,0.003690231430228267,0.042806684590647896,0.043333860509251934,7,1.0145438458551874,0.0,0.0,63.0,7.4650800917309725,0.0,11.139234966915339,21.0,0.6258105329748537,0.0,1.0,18.0,0.03964362907902367,0.2377036216985608,1.0447045178976224,0.0075892733358153205,0.0323588442106611,0.040580008604481466
Brock Bowers,TE,LV,KC,KC@LV,False,0.9575230478992892,Limited,False,,,,,,,,,,,,,0.0,0.3623316981525937,0.43836760254670704,30,0.0,0.0,0.0,71.0,62.436446283001814,36.832165826899995,81.84131401880103,50.0,6.286400166997182,4.0,8.0,52.0,0.43836760254670704,0.0,9.396253000730614,0.005988691992479861,0.25778897195443734,0.34694095196559677
Connor Heyward,RB,LV,KC,KC@LV,False,1.0,,False,,,,,,,,,,,,,0.02395,0.02795,0.0285,1,5.488569518029279,0.0,6.990993218080808,23.0,0.6391559514564922,0.0,0.0,61.0,0.08955,0.0,0.0,61.0,0.00455,1.3652,0.1242,0.04289942249749157,0.0037607662119331585,0.02795
Ashton Jeanty,RB,LV,KC,KC@LV,False,0.9508674235277402,Full,False,,,,,,,,,,,,,0.4132462195057695,0.5138837662679804,0.6953474893303124,84,64.24881402116584,41.856360862505326,81.20509341688532,78.0,23.977453812689202,10.442875476812693,33.44505086871596,68.0,3.4498129511565416,2.0,5.0,70.0,0.2821012698245429,18.05268981505875,4.8055745824332154,0.6139401900465825,0.1473875392383217,0.488635332823966
Dylan Laube,RB,LV,KC,KC@LV,False,1.0,,False,,,,,,,,,,,,,0.00385,0.0093,0.0093,1,1.1243712443217966,0.0,0.0,60.0,0.6253601265375647,0.0,0.0,60.0,0.08435,0.0,0.0,60.0,0.00545,0.2724,0.1181,0.008286859198696222,0.0036024008729398827,0.0093
Michael Mayer,TE,LV,KC,KC@LV,False,1.0,,False,,,,,,,,,,,,,0.0,0.2258,0.2527,36,0.0,0.0,0.0,82.0,32.34194105118047,14.457734717506737,44.81026452191353,54.0,3.47635,2.0,5.0,57.0,0.2527,0.0,5.2428,0.003992461328319908,0.141344136944197,0.2258
Jalen Nailor,WR,LV,KC,KC@LV,False,1.0,,False,,,,,,,,,,,,,0.0,0.1417,0.15245,25,0.0,0.0,0.0,78.0,24.15625479171783,5.714673580021741,35.565770856824,41.0,1.9438,1.0,3.0,47.0,0.15245,0.0,3.3228,0.003992461328319908,0.10191907914310318,0.1417
Ian Thomas,TE,LV,KC,KC@LV,False,1.0,,False,,,,,,,,,,,,,0.0,0.0233,0.0234,2,0.0,0.0,0.0,62.0,4.129573637112162,0.0,4.69552384169059,27.0,0.4287,0.0,1.0,2.0,0.0234,0.0,0.64995,0.003992461328319908,0.01747081207462083,0.0233
Tre Tucker,WR,LV,KC,KC@LV,False,1.0,,False,,,,,,,,,,,,,0.0,0.19315,0.21315,32,0.0,0.0,0.0,84.0,40.92246366110722,17.482874254175908,57.25877922866229,55.0,3.10615,2.0,4.0,65.0,0.21315,0.0,5.10805,0.003992461328319908,0.1576834791053455,0.19315
Mike Washington Jr.,RB,LV,KC,KC@LV,False,1.0,,False,,,,,,,,,,,,,0.13205,0.13505,0.14635,23,31.36971164416756,14.528346331390438,41.52103826764342,46.0,2.11153958358178,0.0,0.0,71.0,0.2894,0.0,0.0,71.0,0.0143,6.68045,0.4009,0.2096170532759599,0.012194789120689845,0.13505
Dareke Young,WR,LV,KC,KC@LV,False,1.0,,False,,,,,,,,,,,,,0.0,0.01615,0.01635,2,0.0,0.0,0.0,62.0,3.0751989243889213,0.0,0.0,62.0,0.2473,0.0,0.0,62.0,0.01635,0.0,0.40595,0.003992461328319908,0.01248216955849858,0.01615
Justin Herbert,QB,LAC,SEA,LAC@SEA,False,1.0,,False,18.0447,15.0,21.0,89.0,182.7376247928325,137.82440333545506,218.56854229325694,86.0,1.1903,0.0,2.0,49.0,0.10465,0.0997,0.10465,61,,,,,,,,,,,,,,,,,,0.0997
Derius Davis,WR,LAC,SEA,LAC@SEA,False,1.0,,False,,,,,,,,,,,,,0.0,0.01775,0.018,4,0.0,0.0,0.0,63.0,4.257302314420056,0.0,3.4988298948342718,39.0,0.36895,0.0,1.0,3.0,0.018,0.0,0.62505,0.0037908474855020105,0.014230332899761404,0.01775
Oronde Gadsden II,TE,LAC,SEA,LAC@SEA,False,1.0,,False,,,,,,,,,,,,,0.0,0.19085,0.20795,23,0.0,0.0,0.0,71.0,28.50520273509291,10.736185657791816,40.524456469986305,40.0,2.8617,1.0,4.0,40.0,0.20795,0.0,4.43735,0.0037908474855020105,0.10281199231670671,0.19085
Omarion Hampton,RB,LAC,SEA,LAC@SEA,False,1.0,,False,,,,,,,,,,,,,0.30965,0.32425,0.38525,85,56.45531600709169,35.52921056333638,71.96558074742646,78.0,12.067565462358639,2.323671081695079,17.95489093220407,58.0,1.8695,1.0,3.0,65.0,0.0756,14.6778,2.54315,0.5296110354865731,0.05754512565454453,0.32425
Tre Harris,WR,LAC,SEA,LAC@SEA,False,1.0,,False,,,,,,,,,,,,,0.0,0.24125,0.27355,45,0.0,0.0,0.0,86.0,37.05782888268621,16.019415690739837,51.95696847864838,57.0,3.27975,2.0,4.0,67.0,0.27355,0.0,5.45115,0.0037908474855020105,0.1233765965738993,0.24125
Alec Ingold,RB,LAC,SEA,LAC@SEA,False,1.0,,False,,,,,,,,,,,,,0.00215,0.0719,0.07395,11,0.5671063069055781,0.0,0.0,65.0,5.849074084105818,0.0,9.060528493,19.0,0.85645,0.0,1.0,30.0,0.0718,0.1441,1.2167,0.005007004558139298,0.027566883064968573,0.0719
Quentin Johnston,WR,LAC,SEA,LAC@SEA,False,1.0,,False,,,,,,,,,,,,,0.00335,0.21465,0.23885,30,0.879545999224525,0.0,0.0,87.0,51.896408283275825,26.349092874178417,70.89364330979247,61.0,4.40705,3.0,6.0,67.0,0.2355,0.2154,7.88085,0.007739646949566604,0.17855517590416997,0.21465
Ladd McConkey,WR,LAC,SEA,LAC@SEA,False,0.6667342299285288,Questionable; Limited,False,,,,,,,,,,,,,0.0,0.23956277516320024,0.271064217397905,25,0.0,0.0,0.0,56.0,45.32610389418929,21.460136934811253,62.56669767579508,38.0,3.827159556702596,2.0,5.0,40.0,0.271064217397905,0.0,6.39206011841506,0.0037908474855020105,0.16887993185588768,0.1597247024179776
Keaton Mitchell,RB,LAC,SEA,LAC@SEA,False,0.9508674235277402,Full,False,,,,,,,,,,,,,0.10022623244067976,0.17277845004472037,0.18782553795969906,38,22.800040689713814,9.838910123148423,30.845631666174107,47.0,6.998829305316051,0.0,10.816051430252465,29.0,1.06060924922397,0.0,2.0,19.0,0.0875993055190193,5.2987846582837905,1.5076024622507498,0.19330370778071188,0.034332277575663,0.16428939963513964
Hayden Rucci,TE,LAC,SEA,LAC@SEA,False,1.0,,False,,,,,,,,,,,,,0.0,0.0061,0.0061,1,0.0,0.0,0.0,60.0,1.196002154289184,0.0,0.0,60.0,0.13375,0.0,0.0,60.0,0.0061,0.0,0.20685,0.005686271228253015,0.004893812218768463,0.0061
Marquez Valdes-Scantling,WR,LAC,SEA,LAC@SEA,False,1.0,,False,,,,,,,,,,,,,0.0,0.04905,0.0503,1,0.0,0.0,0.0,61.0,11.134162207985796,0.0,17.153641100376085,15.0,0.9699,0.0,2.0,1.0,0.0503,0.0,1.68835,0.005686271228253015,0.03844010378474763,0.04905
Kimani Vidal,RB,LAC,SEA,LAC@SEA,False,1.0,,False,,,,,,,,,,,,,0.0407,0.08185,0.0846,11,9.601575074732256,1.4104858889239318,12.870128479106274,29.0,6.91695446695052,0.0,10.662577659608784,18.0,1.01025,0.0,2.0,5.0,0.0439,2.39045,1.4582,0.08577602028574885,0.0330731257398265,0.08185
Sam Darnold,QB,SEA,LAC,LAC@SEA,False,1.0,,False,20.30665,17.0,23.0,69.0,258.7574850001874,194.9148343871059,309.9632526473282,64.0,1.8545,1.0,3.0,45.0,0.03895,0.0383,0.03895,37,,,,,,,,,,,,,,,,,,0.0383
Elijah Arroyo,TE,SEA,LAC,LAC@SEA,False,1.0,,False,,,,,,,,,,,,,0.0,0.0468,0.04795,2,0.0,0.0,0.0,62.0,8.514925391803423,0.0,13.068476707753778,16.0,0.79185,0.0,1.0,24.0,0.04795,0.0,1.1799,0.003935996736425529,0.033123162865189966,0.0468
AJ Barner,TE,SEA,LAC,LAC@SEA,False,1.0,,False,,,,,,,,,,,,,0.02855,0.3091,0.36165,49,1.3158513939992165,0.0,0.0,79.0,35.635321093175826,15.23849830776114,50.12304258552868,50.0,3.3267,2.0,4.0,61.0,0.3331,0.30525,4.65885,0.007215994016780135,0.132259381887268,0.3091
Montorie Foster Jr,WR,SEA,LAC,LAC@SEA,False,1.0,,False,,,,,,,,,,,,,0.0,0.0124,0.01255,1,0.0,0.0,0.0,60.0,2.5518754589276598,0.0,0.0,60.0,0.19235,0.0,0.0,60.0,0.01255,0.0,0.29475,0.005903995104638292,0.008568804660695761,0.0124
George Holani,RB,SEA,LAC,LAC@SEA,False,0.9951309141019752,Limited,False,,,,,,,,,,,,,0.21824938482398434,0.2815748506001105,0.32310550896399337,59,31.444455567666846,15.708153713763913,41.9881223135045,54.0,10.25112895472907,0.0,15.62975063666481,33.0,1.293024657259077,0.0,2.0,33.0,0.10485612414000904,7.645307085823331,1.67749711243911,0.18117197450171257,0.047763572916747016,0.28020383846581504
Tory Horton,WR,SEA,LAC,LAC@SEA,False,1.0,,False,,,,,,,,,,,,,0.0,0.088,0.0924,4,0.0,0.0,0.0,64.0,18.996795715869887,0.0,28.51589706645153,19.0,1.39515,0.0,2.0,21.0,0.0924,0.0,2.19555,0.004723196083710635,0.06357411857620636,0.088
Cooper Kupp,WR,SEA,LAC,LAC@SEA,False,1.0,,False,,,,,,,,,,,,,0.0,0.1874,0.2068,23,0.0,0.0,0.0,76.0,36.73007820358902,13.880516864005186,52.053923430000694,45.0,2.7447,1.0,4.0,43.0,0.2068,0.0,4.1547,0.003935996736425529,0.11939799237840043,0.1874
Brady Russell,RB,SEA,LAC,LAC@SEA,False,1.0,,False,,,,,,,,,,,,,0.0,0.03215,0.03275,4,0.0,0.0,0.0,64.0,4.314187211079731,0.0,5.911725173291096,23.0,0.5364,0.0,1.0,8.0,0.03275,0.0,0.6998,0.0034465752222346963,0.020028988373006415,0.03215
Eric Saubert,TE,SEA,LAC,LAC@SEA,False,1.0,,False,,,,,,,,,,,,,0.0,0.09455,0.0995,16,0.0,0.0,0.0,65.0,6.034441627609386,0.0,8.657187862155494,22.0,0.56425,0.0,1.0,12.0,0.0995,0.0,0.8045,0.003935996736425529,0.022943869645718897,0.09455
Rashid Shaheed,WR,SEA,LAC,LAC@SEA,False,0.9479829842591244,Full,False,,,,,,,,,,,,,0.006062523063946439,0.19463334914861088,0.21371711740207708,25,1.329824551958522,0.0,0.0,75.0,37.21782437860216,15.260565936287765,52.4388040014437,47.0,3.0462333280615743,2.0,4.0,56.0,0.20765459433813063,0.31282619009963625,4.807053613790922,0.007215994016780135,0.13957040757275127,0.18450910316224825
Jaxon Smith-Njigba,WR,SEA,LAC,LAC@SEA,False,1.0,,False,,,,,,,,,,,,,0.0,0.54795,0.76005,85,0.0,0.0,0.0,97.0,115.31171999498326,71.50510981644646,148.66195104915658,80.0,7.57425,5.0,9.0,84.0,0.76005,0.0,11.0981,0.003935996736425529,0.3184807476222622,0.54795
Emanuel Wilson,RB,SEA,LAC,LAC@SEA,False,1.0,,False,,,,,,,,,,,,,0.45955,0.4116,0.5182,69,60.62128441437918,38.86040938847638,77.38526637919202,64.0,3.5536226447419015,0.0,4.072888382613262,48.0,0.44515,0.0,1.0,23.0,0.05865,15.36825,0.58305,0.36321926835032287,0.01686542105714638,0.4116
Bo Nix,QB,DEN,SF,DEN@SF,False,1.0,,False,20.062,17.0,23.0,91.0,213.74176079028678,160.62887664196168,255.97779247869119,87.0,1.58695,1.0,2.0,81.0,0.17355,0.1604,0.17355,62,,,,,,,,,,,,,,,,,,0.1604
Nate Adkins,TE,DEN,SF,DEN@SF,False,1.0,,False,,,,,,,,,,,,,0.007,0.13135,0.13985,25,1.1702073609211248,0.0,0.0,68.0,8.426028816109541,0.0,12.850842698110734,22.0,0.85705,0.0,1.0,33.0,0.13285,0.2612,1.28945,0.008018484110048463,0.03557229965909327,0.13135
Tyler Badie,RB,DEN,SF,DEN@SF,False,1.0,,False,,,,,,,,,,,,,0.03295,0.15015,0.16095,17,4.636305314022616,0.0,6.0707169611690235,26.0,8.996827004147784,0.0,13.659505845550342,20.0,1.1981,0.0,2.0,15.0,0.128,1.12065,1.74725,0.03396559901557302,0.046416352928676324,0.15015
Pat Bryant,WR,DEN,SF,DEN@SF,False,1.0,,False,,,,,,,,,,,,,0.0075,0.1356,0.1453,21,1.088960096842283,0.0,0.0,74.0,22.073953316290698,3.992721907665678,32.6321631937395,35.0,1.77625,1.0,3.0,41.0,0.1378,0.25875,2.94715,0.008018484110048463,0.08455405883962124,0.1356
J.K. Dobbins,RB,DEN,SF,DEN@SF,False,0.9508674235277402,Full,False,,,,,,,,,,,,,0.527218376337319,0.4351793580868471,0.5582127123977344,59,59.98232244822892,38.90733261075798,76.11975824865979,64.0,4.690903424493416,0.0,6.941533478928108,40.0,0.643591357247745,0.0,1.0,37.0,0.030994336060415354,14.697241451646738,0.8964233270400671,0.47612819126331196,0.023578353035792796,0.4137978749964962
Evan Engram,TE,DEN,SF,DEN@SF,False,1.0,,False,,,,,,,,,,,,,0.0,0.1415,0.15105,20,0.0,0.0,0.0,73.0,21.57527938378066,6.438726818265365,31.35889571098235,38.0,2.21335,1.0,3.0,46.0,0.15105,0.0,3.43165,0.003660612311109081,0.09478496739455596,0.1415
Troy Franklin,WR,DEN,SF,DEN@SF,False,1.0,,False,,,,,,,,,,,,,0.0114,0.13355,0.14295,13,1.647254392402769,0.0,0.0,66.0,22.134980651115175,4.257241995038367,32.90270284164204,28.0,1.797,1.0,3.0,33.0,0.13155,0.3787,2.99965,0.011795306335795928,0.08561764261290092,0.13355
RJ Harvey,RB,DEN,SF,DEN@SF,False,1.0,,False,,,,,,,,,,,,,0.119,0.2854,0.32975,28,18.2736642542421,6.139345915892729,24.84044454541037,44.0,23.323946535673294,9.769774321032216,32.876418001830764,45.0,3.2083,2.0,4.0,56.0,0.21075,4.32035,4.3607,0.13197896018929048,0.11468883448904334,0.2854
Lil'Jordan Humphrey,WR,DEN,SF,DEN@SF,False,1.0,,False,,,,,,,,,,,,,0.0,0.0548,0.0558,1,0.0,0.0,0.0,61.0,11.33562706273135,0.0,17.442828275367226,15.0,0.92055,0.0,1.0,28.0,0.0558,0.0,1.62085,0.005490918466663622,0.04645420735912489,0.0548
Kolbe Katsis,WR,DEN,SF,DEN@SF,False,1.0,,False,,,,,,,,,,,,,0.0,0.00785,0.00785,1,0.0,0.0,0.0,60.0,1.7186351160664564,0.0,0.0,60.0,0.13915,0.0,0.0,60.0,0.00785,0.0,0.23095,0.005490918466663622,0.006694939713418782,0.00785
Marvin Mims Jr.,WR,DEN,SF,DEN@SF,False,0.9479829842591244,Full,False,,,,,,,,,,,,,0.0,0.06167563574970982,0.06368048960641554,1,0.0,0.0,0.0,57.0,11.481545797940953,0.0,17.592326436023345,13.0,1.108420386198164,0.0,2.0,6.0,0.06368048960641554,0.0,1.766909359501952,0.005490918466663622,0.051418350126101055,0.058467453234088654
Adam Prentice,RB,DEN,SF,DEN@SF,False,1.0,,False,,,,,,,,,,,,,0.0,0.0136,0.0137,1,0.0,0.0,0.0,61.0,1.9219571365333785,0.0,0.0,61.0,0.2602,0.0,0.0,61.0,0.0137,0.0,0.36055,0.004624047078271475,0.009442481131332163,0.0136
Courtland Sutton,WR,DEN,SF,DEN@SF,False,1.0,,False,,,,,,,,,,,,,0.0,0.282,0.3282,56,0.0,0.0,0.0,86.0,38.31301259434491,15.756187606176294,54.03184611469053,56.0,3.12065,2.0,4.0,66.0,0.3282,0.0,5.3596,0.003660612311109081,0.15351726654230824,0.282
Adam Trautman,TE,DEN,SF,DEN@SF,False,1.0,,False,,,,,,,,,,,,,0.0,0.03085,0.03155,5,0.0,0.0,0.0,65.0,6.43173347307561,0.0,9.555830157860187,20.0,0.66115,0.0,1.0,19.0,0.03155,0.0,0.94055,0.003660612311109081,0.02631629996518489,0.03085
Jaylen Waddle,WR,DEN,SF,DEN@SF,False,0.9479829842591244,Full,False,,,,,,,,,,,,,0.008746509299752358,0.23710416776437115,0.26745350123821066,39,1.2236237024476453,0.0,0.0,87.0,49.758930742871485,23.828436467025753,68.57288351633636,62.0,3.8542599715474997,2.0,5.0,65.0,0.2587069919384583,0.28436693187206913,6.467938247536751,0.00854142872592119,0.18734126492938988,0.22477071653754466
Brock Purdy,QB,SF,DEN,DEN@SF,False,1.0,,False,18.88445,16.0,22.0,87.0,232.93521462170557,173.20641425866373,279.3923220165118,83.0,1.8556,1.0,3.0,65.0,0.10545,0.1012,0.10545,58,,,,,,,,,,,,,,,,,,0.1012
Kaelon Black,RB,SF,DEN,DEN@SF,False,1.0,,False,,,,,,,,,,,,,0.24515,0.2424,0.2761,43,41.7612377490735,22.58059779397403,55.32996718474369,56.0,4.1700342319206944,0.0,5.158564796104173,42.0,0.47085,0.0,1.0,19.0,0.03095,7.88585,0.6683,0.24891945126204418,0.017069154423332972,0.2424
Jacob Cowing,WR,SF,DEN,DEN@SF,False,1.0,,False,,,,,,,,,,,,,0.0,0.03655,0.0369,4,0.0,0.0,0.0,63.0,7.198964050277506,0.0,9.28700176790843,24.0,0.4832,0.0,1.0,3.0,0.0369,0.0,0.8188,0.003573081114369162,0.021963988147486662,0.03655
Mike Evans,WR,SF,DEN,DEN@SF,False,0.6667342299285288,Questionable; Limited,False,,,,,,,,,,,,,0.0,0.29654036243822074,0.3443163097199341,26,0.0,0.0,0.0,57.0,47.80475403067164,20.564041700818034,66.94953638773512,38.0,3.340347461434776,2.0,5.0,39.0,0.3443163097199341,0.0,5.718511307473416,0.003573081114369162,0.17378020190537355,0.19771361019297393
Luke Farrell,TE,SF,DEN,DEN@SF,False,1.0,,False,,,,,,,,,,,,,0.0,0.04305,0.04365,5,0.0,0.0,0.0,65.0,7.252953615587566,0.0,10.537864529899107,21.0,0.61925,0.0,1.0,16.0,0.04365,0.0,0.96275,0.003573081114369162,0.025976971345210258,0.04305
Jordan James,RB,SF,DEN,DEN@SF,False,1.0,,False,,,,,,,,,,,,,0.068,0.07535,0.07845,2,12.906648817898557,2.523025585008875,18.256150191249333,26.0,1.448668950439796,0.0,0.0,62.0,0.1647,0.0,0.0,62.0,0.01045,2.48325,0.2324,0.07791179701481467,0.005850639311514084,0.07535
Kyle Juszczyk,RB,SF,DEN,DEN@SF,False,1.0,,False,,,,,,,,,,,,,0.0,0.14195,0.15175,17,0.0,0.0,0.0,65.0,12.390255059121483,0.0,18.691169441326135,20.0,1.3275,0.0,2.0,20.0,0.15175,0.0,1.8298,0.0040821452562378666,0.04640435390968829,0.14195
George Kittle,TE,SF,DEN,DEN@SF,False,1.0,,False,,,,,,,,,,,,,0.0,0.413,0.5192,56,0.0,0.0,0.0,86.0,61.98923030269009,32.595417434003615,82.30619905746275,62.0,4.9626,3.0,6.0,67.0,0.5192,0.0,7.3557,0.003573081114369162,0.195409568875346,0.413
Christian McCaffrey,RB,SF,DEN,DEN@SF,False,0.9508674235277402,Full,False,,,,,,,,,,,,,0.5221169036334913,0.6432859399684044,0.9707740916271722,84,73.88293366442448,49.887212036152064,92.99127734306533,78.0,48.29711586729376,26.196384806620312,63.99870613428503,73.0,5.2440758293838865,3.0,7.0,73.0,0.4486571879936809,13.473617693522908,7.399157451290153,0.44275317139235504,0.19092005027216466,0.6116796443293773
Deebo Samuel Sr.,WR,SF,DEN,DEN@SF,False,1.0,,False,,,,,,,,,,,,,0.01975,0.32725,0.39015,36,3.7315476321949537,0.0,4.439310917003162,42.0,54.30596769529817,23.725384200762853,75.66054747907512,49.0,3.48715,2.0,5.0,52.0,0.3704,0.7037,5.69425,0.022311139346997556,0.1508177428708796,0.32725
Jordan Watkins,WR,SF,DEN,DEN@SF,False,1.0,,False,,,,,,,,,,,,,0.0,0.0861,0.0904,2,0.0,0.0,0.0,62.0,18.620131226395646,0.0,28.32776890102187,16.0,1.1688,0.0,2.0,11.0,0.0904,0.0,1.9657,0.005359621671553742,0.051656749172312215,0.0861
Brayden Willis,TE,SF,DEN,DEN@SF,False,1.0,,False,,,,,,,,,,,,,0.0,0.00605,0.00605,1,0.0,0.0,0.0,60.0,1.0220960445669895,0.0,0.0,60.0,0.0866,0.0,0.0,60.0,0.00605,0.0,0.1372,0.004287697337242994,0.0036261717429202627,0.00605
Jared Goff,QB,DET,CAR,DET@CAR,False,1.0,,False,20.85285,18.0,24.0,91.0,215.6997023807535,161.52244527534342,258.4755704926035,87.0,1.85195,1.0,3.0,68.0,0.0649,0.0633,0.0649,62,,,,,,,,,,,,,,,,,,0.0633
Jahmyr Gibbs,RB,DET,CAR,DET@CAR,False,1.0,,False,,,,,,,,,,,,,1.0369,0.76735,1.3697,85,111.76219276562571,82.59237103120067,135.77463464164816,86.0,29.51569259096405,14.183398680654648,40.42582778119102,73.0,3.9963,2.0,5.0,77.0,0.3328,20.83985,5.33445,0.7353193782287176,0.17056578397255723,0.76735
Tom Kennedy,WR,DET,CAR,DET@CAR,False,1.0,,False,,,,,,,,,,,,,0.0,0.0152,0.01535,1,0.0,0.0,0.0,60.0,2.813437709792047,0.0,0.0,60.0,0.2357,0.0,0.0,60.0,0.01535,0.0,0.3858,0.004563660195744673,0.011709040824510464,0.0152
Sam LaPorta,TE,DET,CAR,DET@CAR,False,1.0,,False,,,,,,,,,,,,,0.0,0.36485,0.4435,61,0.0,0.0,0.0,90.0,49.9840900483439,26.779976116779043,66.96292503811827,66.0,4.98125,3.0,6.0,72.0,0.4435,0.0,7.12205,0.004563660195744673,0.1843402705526969,0.36485
Tay Martin,WR,DET,CAR,DET@CAR,False,1.0,,False,,,,,,,,,,,,,0.0,0.01205,0.0122,1,0.0,0.0,0.0,60.0,2.3540311290126157,0.0,0.0,60.0,0.19805,0.0,0.0,60.0,0.0122,0.0,0.3209,0.004563660195744673,0.009676893243397077,0.01205
Jackson Meeks,WR,DET,CAR,DET@CAR,False,1.0,,False,,,,,,,,,,,,,0.0,0.0315,0.032,2,0.0,0.0,0.0,62.0,5.355094085058272,0.0,6.490703218214517,25.0,0.44625,0.0,1.0,2.0,0.032,0.0,0.71815,0.004563660195744673,0.02215271895924376,0.0315
Jacob Saylors,RB,DET,CAR,DET@CAR,False,1.0,,False,,,,,,,,,,,,,0.0128,0.02015,0.02035,1,1.714547129158624,0.0,0.0,60.0,0.8517774011900445,0.0,0.0,60.0,0.1212,0.0,0.0,60.0,0.00755,0.3454,0.16515,0.011988575606114403,0.005250653417118613,0.02015
Amon-Ra St. Brown,WR,DET,CAR,DET@CAR,False,1.0,,False,,,,,,,,,,,,,0.0,0.4668,0.61345,85,0.0,0.0,0.0,97.0,64.60081764364794,37.50593239495802,84.84600436225732,78.0,6.0398,4.0,8.0,80.0,0.61345,0.0,9.64755,0.004563660195744673,0.29254432005340364,0.4668
Isaac TeSlaa,WR,DET,CAR,DET@CAR,False,1.0,,False,,,,,,,,,,,,,0.0,0.1333,0.1415,27,0.0,0.0,0.0,74.0,16.78296323157778,0.0,25.696036807378444,28.0,1.3095,0.0,2.0,29.0,0.1415,0.0,2.1838,0.004563660195744673,0.06617639500570466,0.1333
Sione Vaki,RB,DET,CAR,DET@CAR,False,1.0,,False,,,,,,,,,,,,,0.1586,0.1817,0.19805,16,21.485380224116565,8.500022999988367,29.44043153605824,41.0,4.7191107169866955,0.0,7.059858521681373,25.0,0.65895,0.0,1.0,24.0,0.03945,4.29025,0.8946,0.15073081942880007,0.02885744515558088,0.1817
Jameson Williams,WR,DET,CAR,DET@CAR,False,1.0,,False,,,,,,,,,,,,,0.0,0.2107,0.2351,35,0.0,0.0,0.0,87.0,43.469096570554775,18.43342792072354,60.99223262071897,58.0,3.2061,2.0,4.0,68.0,0.2351,0.0,5.2722,0.004563660195744673,0.1587035073771584,0.2107
Brock Wright,TE,DET,CAR,DET@CAR,False,1.0,,False,,,,,,,,,,,,,0.0,0.06635,0.0685,5,0.0,0.0,0.0,65.0,10.798891469868064,0.0,16.43100060309418,19.0,1.15585,0.0,2.0,13.0,0.0685,0.0,1.76965,0.004563660195744673,0.045540475264919195,0.06635
Bryce Young,QB,CAR,DET,DET@CAR,False,0.98,Full,False,22.652672537374563,20.0,26.0,90.0,278.8241371371656,212.90961461355369,332.09480532456104,85.0,1.6858488634036453,1.0,2.0,81.0,0.08667827155437231,0.08278722097071473,0.08667827155437231,60,,,,,,,,,,,,,,,,,,0.08113147655130043
Jalen Coker,WR,CAR,DET,DET@CAR,False,0.6667342299285288,Questionable; Limited,False,,,,,,,,,,,,,0.0,0.3119622952046084,0.36343233335827035,44,0.0,0.0,0.0,63.0,55.16516043291561,26.931677004598573,75.45295952096535,46.0,4.152016159198025,3.0,6.0,49.0,0.36343233335827035,0.0,6.313383706141991,0.0036017860441965605,0.1558458290074983,0.20799594065998095
AJ Dillon,RB,CAR,DET,DET@CAR,False,1.0,,False,,,,,,,,,,,,,0.11245,0.12105,0.12845,10,19.69131496448704,6.826473972717383,26.279946062808293,40.0,2.5269647460005187,0.0,0.0,69.0,0.31485,0.0,0.0,69.0,0.016,4.5417,0.43435,0.13093538301240798,0.008256103728936698,0.12105
Mitchell Evans,TE,CAR,DET,DET@CAR,False,1.0,,False,,,,,,,,,,,,,0.0,0.12345,0.1311,22,0.0,0.0,0.0,70.0,15.20911534425533,0.0,23.11362328477705,24.0,1.3855,0.0,2.0,26.0,0.1311,0.0,2.02875,0.0036017860441965605,0.04145720362657479,0.12345
Feleipe Franks,TE,CAR,DET,DET@CAR,False,1.0,,False,,,,,,,,,,,,,0.0,0.00385,0.00385,1,0.0,0.0,0.0,60.0,0.7291015035689754,0.0,0.0,60.0,0.0658,0.0,0.0,60.0,0.00385,0.0,0.09905,0.0036017860441965605,0.0020209285776467264,0.00385
Jimmy Horn Jr.,WR,CAR,DET,DET@CAR,False,1.0,,False,,,,,,,,,,,,,0.0,0.0476,0.0487,1,0.0,0.0,0.0,61.0,12.478545063367353,0.0,18.99332537991458,15.0,0.93175,0.0,1.0,29.0,0.0487,0.0,1.5294,0.005402679066294841,0.03295347890858793,0.0476
Chuba Hubbard,RB,CAR,DET,DET@CAR,False,0.9508674235277402,Full,False,,,,,,,,,,,,,0.481215237695456,0.49952775737223215,0.6726309161506979,83,70.0565401354758,46.95137312242089,88.19739513468411,78.0,21.344563445400492,7.245452916026448,30.54613163255923,63.0,2.630758736488614,1.0,4.0,62.0,0.1914156784552419,15.285287018574877,3.6134431734704586,0.48015997382310005,0.06850935130770748,0.4749846716331245
Tetairoa McMillan,WR,CAR,DET,DET@CAR,False,1.0,,False,,,,,,,,,,,,,0.0,0.38205,0.47165,68,0.0,0.0,0.0,97.0,86.39668827341657,47.57359583162666,114.87567935360133,73.0,5.58075,4.0,7.0,81.0,0.47165,0.0,9.6393,0.0036017860441965605,0.2079302471377643,0.38205
John Metchie III,WR,CAR,DET,DET@CAR,False,1.0,,False,,,,,,,,,,,,,0.0,0.11335,0.11955,13,0.0,0.0,0.0,67.0,20.606505741451134,2.363944222053459,30.708203509329362,25.0,1.67445,1.0,2.0,49.0,0.11955,0.0,2.76195,0.004322143253035873,0.059925631516801345,0.11335
David Moore,WR,CAR,DET,DET@CAR,False,1.0,,False,,,,,,,,,,,,,0.0,0.0391,0.03995,2,0.0,0.0,0.0,62.0,9.21954533055627,0.0,13.802574193583276,17.0,0.6721,0.0,1.0,17.0,0.03995,0.0,1.11605,0.005402679066294841,0.024180261720335043,0.0391
Brycen Tremayne,WR,CAR,DET,DET@CAR,False,1.0,,False,,,,,,,,,,,,,0.0,0.04815,0.04895,11,0.0,0.0,0.0,70.0,13.078177956266288,0.0,20.387009964381342,23.0,0.89275,0.0,1.0,36.0,0.04895,0.0,1.4703,0.0036017860441965605,0.03193488024592266,0.04815
Tommy Tremble,TE,CAR,DET,DET@CAR,False,1.0,,False,,,,,,,,,,,,,0.0,0.1718,0.188,25,0.0,0.0,0.0,78.0,34.147061875196485,13.867578854251413,47.925543796618406,48.0,3.22185,2.0,4.0,59.0,0.188,0.0,4.83105,0.0036017860441965605,0.09835148777272693,0.1718
Anthony Tyus III,RB,CAR,DET,DET@CAR,False,1.0,,False,,,,,,,,,,,,,0.0,0.00785,0.0079,1,0.0,0.0,0.0,60.0,1.2570394250554189,0.0,0.0,60.0,0.15285,0.0,0.0,60.0,0.0079,0.0,0.2096,0.003548162203347307,0.003987301932070379,0.00785
Darren Waller,TE,CAR,DET,DET@CAR,False,0.9479829842591244,Full,False,,,,,,,,,,,,,0.0,0.24698191786599188,0.2790869313089778,32,0.0,0.0,0.0,77.0,48.073497773511505,23.433514813692565,65.78401157624738,51.0,4.289683167272919,3.0,6.0,57.0,0.2790869313089778,0.0,6.448995729875059,0.0036017860441965605,0.13336362420145703,0.23413465555664495
Michael Penix Jr.,QB,ATL,NO,ATL@NO,False,1.0,,False,16.9116,14.0,20.0,57.0,183.81648055771785,135.75802438157905,222.20223340248728,53.0,1.3596,1.0,2.0,45.0,0.04895,0.04815,0.04895,26,,,,,,,,,,,,,,,,,,0.04815
Chris Blair,WR,ATL,NO,ATL@NO,False,1.0,,False,,,,,,,,,,,,,0.0,0.0416,0.0424,5,0.0,0.0,0.0,65.0,6.220013003180032,0.0,8.758655177503934,23.0,0.5194,0.0,1.0,7.0,0.0424,0.0,0.86915,0.003686234688171161,0.029359713507702022,0.0416
Zachariah Branch,WR,ATL,NO,ATL@NO,False,1.0,,False,,,,,,,,,,,,,0.0,0.0553,0.0565,7,0.0,0.0,0.0,66.0,8.586138640963654,0.0,13.172225400692348,20.0,0.73685,0.0,1.0,26.0,0.0565,0.0,1.20725,0.003686234688171161,0.0412946700509672,0.0553
Jahan Dotson,WR,ATL,NO,ATL@NO,False,1.0,,False,,,,,,,,,,,,,0.0,0.15075,0.1605,18,0.0,0.0,0.0,76.0,22.84504051241376,5.621642070630308,33.7990373824193,39.0,1.9176,1.0,3.0,45.0,0.1605,0.0,3.3448,0.003686234688171161,0.11497225072911339,0.15075
Austin Hooper,TE,ATL,NO,ATL@NO,False,1.0,,False,,,,,,,,,,,,,0.0,0.1416,0.1499,16,0.0,0.0,0.0,70.0,11.326940162682778,0.0,17.493196898872363,23.0,1.15335,0.0,2.0,18.0,0.1499,0.0,1.72785,0.003686234688171161,0.05920537550407646,0.1416
Drake London,WR,ATL,NO,ATL@NO,False,1.0,,False,,,,,,,,,,,,,0.01045,0.31945,0.3784,33,1.8176957053443838,0.0,0.0,90.0,66.16537836758752,35.080300977502745,89.19647539146153,66.0,4.6633,3.0,6.0,71.0,0.36795,0.38145,7.6455,0.011489755701436724,0.2610326419999095,0.31945
Nick Muse,TE,ATL,NO,ATL@NO,False,1.0,,False,,,,,,,,,,,,,0.0,0.01055,0.01055,1,0.0,0.0,0.0,60.0,1.3125290311529079,0.0,0.0,60.0,0.1339,0.0,0.0,60.0,0.01055,0.0,0.2066,0.003686234688171161,0.007150789762353575,0.01055
Kyle Pitts,TE,ATL,NO,ATL@NO,False,1.0,,False,,,,,,,,,,,,,0.0,0.18855,0.2071,11,0.0,0.0,0.0,70.0,27.534027665603556,10.909324376713146,39.28005006525413,39.0,2.8336,2.0,4.0,48.0,0.2071,0.0,4.2841,0.003686234688171161,0.14632157177459895,0.18855
Bijan Robinson,RB,ATL,NO,ATL@NO,False,1.0,,False,,,,,,,,,,,,,0.61405,0.60265,0.8673,85,95.94077252808194,68.67979803412437,118.2852342461215,84.0,30.333877787244425,14.243463562030676,41.93791596674124,73.0,3.8285,2.0,5.0,76.0,0.25325,17.30835,5.3142,0.531278601853038,0.20319122728193406,0.60265
Brian Robinson,RB,ATL,NO,ATL@NO,False,1.0,,False,,,,,,,,,,,,,0.22125,0.2191,0.2461,30,37.3098073981973,20.062216563204714,49.63689014737686,59.0,2.6410473648301096,0.0,2.215195399003409,58.0,0.36865,0.0,1.0,23.0,0.02485,7.64315,0.5097,0.23370088360555538,0.019608096488972607,0.2191
Charlie Woerner,TE,ATL,NO,ATL@NO,False,1.0,,False,,,,,,,,,,,,,0.0,0.0201,0.02025,2,0.0,0.0,0.0,62.0,2.6839578570256086,0.0,0.0,62.0,0.27515,0.0,0.0,62.0,0.02025,0.0,0.42595,0.003686234688171161,0.014721993370818004,0.0201
Olamide Zaccheaus,WR,ATL,NO,ATL@NO,False,1.0,,False,,,,,,,,,,,,,0.0,0.12295,0.12995,11,0.0,0.0,0.0,70.0,17.09285781915454,2.7611437553623546,25.509378282180037,30.0,1.66955,1.0,2.0,52.0,0.12995,0.0,2.77245,0.003686234688171161,0.0944351738251504,0.12295
Tyler Shough,QB,NO,ATL,ATL@NO,False,1.0,,False,22.0643,19.0,25.0,92.0,241.35247014293554,183.18560772151793,289.2764449389755,87.0,1.99315,1.0,3.0,70.0,0.14845,0.1371,0.14845,62,,,,,,,,,,,,,,,,,,0.1371
Kevin Austin Jr.,WR,NO,ATL,ATL@NO,False,1.0,,False,,,,,,,,,,,,,0.0,0.072,0.0743,2,0.0,0.0,0.0,62.0,12.937004100597777,0.0,19.68369236497381,16.0,1.04025,0.0,2.0,4.0,0.0743,0.0,1.8045,0.003332389871668485,0.044291850698501146,0.072
Barion Brown,WR,NO,ATL,ATL@NO,False,0.9479829842591244,Full,False,,,,,,,,,,,,,0.00814383923849815,0.02236911686938128,0.0224748810153358,1,1.6009764865164278,0.0,0.0,57.0,2.7035296029500078,0.0,0.0,57.0,0.21697514542570068,0.0,0.0,57.0,0.014331041776837652,0.38672659968270756,0.3668958223162348,0.009330691640671757,0.009074282181376526,0.02120554216507719
Oscar Delp,TE,NO,ATL,ATL@NO,False,1.0,,False,,,,,,,,,,,,,0.0,0.0321,0.0328,1,0.0,0.0,0.0,61.0,5.012500577863116,0.0,6.446142196828066,23.0,0.49045,0.0,1.0,1.0,0.0328,0.0,0.75825,0.003998867846002182,0.01677375977595977,0.0321
CJ Donaldson,RB,NO,ATL,ATL@NO,False,1.0,,False,,,,,,,,,,,,,0.05945,0.0781,0.08135,11,6.527283740153644,0.0,8.66670702905899,26.0,3.0532493141033754,0.0,3.027048018696657,36.0,0.4057,0.0,1.0,5.0,0.0219,1.6273,0.5792,0.03908062596400464,0.013371007488053786,0.0781
Noah Fant,TE,NO,ATL,ATL@NO,False,0.6667342299285288,Questionable; Limited,False,,,,,,,,,,,,,0.0,0.20885839982104243,0.2313026619938856,25,0.0,0.0,0.0,53.0,18.704744702125357,4.1808408626552875,27.468430278107796,28.0,1.91096860785922,1.0,3.0,32.0,0.2313026619938856,0.0,2.925359779285661,0.003332389871668485,0.07077182565309295,0.1392530443687875
Juwan Johnson,TE,NO,ATL,ATL@NO,False,1.0,,False,,,,,,,,,,,,,0.0,0.42265,0.53985,66,0.0,0.0,0.0,90.0,53.71597983934992,28.40035220452823,72.19880019008366,66.0,5.0511,3.0,7.0,67.0,0.53985,0.0,7.6755,0.003332389871668485,0.1697533667800427,0.42265
Alvin Kamara,RB,NO,ATL,ATL@NO,False,1.0,,False,,,,,,,,,,,,,0.21215,0.3559,0.4259,36,39.51633678987254,21.567631001298565,51.71032314840223,55.0,22.14122149067654,9.24165101987832,31.055931009699055,48.0,3.2534,2.0,4.0,59.0,0.21375,10.9156,4.5237,0.26317348302825083,0.1033163552853583,0.3559
Bryce Lance,WR,NO,ATL,ATL@NO,False,1.0,,False,,,,,,,,,,,,,0.0,0.07085,0.0738,14,0.0,0.0,0.0,73.0,13.386954720904535,0.0,20.67562235462218,26.0,1.06905,0.0,2.0,17.0,0.0738,0.0,1.8254,0.003332389871668485,0.04472201059179554,0.07085
Kendre Miller,RB,NO,ATL,ATL@NO,False,1.0,,False,,,,,,,,,,,,,0.19955,0.21975,0.24495,23,27.7252013329029,13.002349751225143,36.961459715250975,45.0,6.010742638534257,0.0,9.065171936938082,25.0,0.80155,0.0,1.0,33.0,0.0454,7.15145,1.1451,0.17286051574649386,0.026414792220666394,0.21975
Jalen Cropper,WR,NO,ATL,ATL@NO,False,1.0,,False,,,,,,,,,,,,,0.0,0.01465,0.0148,1,0.0,0.0,0.0,60.0,2.8251134865427177,0.0,0.0,60.0,0.22165,0.0,0.0,60.0,0.0148,0.0,0.3751,0.0049985848075027265,0.009020588203971934,0.01465
Chris Olave,WR,NO,ATL,ATL@NO,False,1.0,,False,,,,,,,,,,,,,0.0,0.44595,0.57965,66,0.0,0.0,0.0,97.0,85.64899916423018,50.57156549705589,111.75009101930925,79.0,6.57875,5.0,8.0,86.0,0.57965,0.0,10.8079,0.003332389871668485,0.2664160110167168,0.44595
Devaughn Vele,WR,NO,ATL,ATL@NO,False,1.0,,False,,,,,,,,,,,,,0.0,0.27525,0.31605,55,0.0,0.0,0.0,95.0,37.72715676057581,15.638365961502931,53.17234643207177,65.0,3.1503,2.0,4.0,76.0,0.31605,0.0,5.29885,0.003332389871668485,0.13046428301322247,0.27525
Treyton Welch,TE,NO,ATL,ATL@NO,False,0.8055616699684496,DNP,False,,,,,,,,,,,,,0.0,0.010059985003749062,0.010059985003749062,1,0.0,0.0,0.0,48.0,1.3772105522095994,0.0,0.0,48.0,0.1322169457635591,0.0,0.0,48.0,0.010059985003749062,0.0,0.20151212196950763,0.003998867846002182,0.004365721037379572,0.008103938319477654
