player,team,opp,pos,game,market,prob,fair_odds,rush_td_mean,rec_td_mean,confidence,injury_flag,key_drivers,p_active,note
Aaron Rodgers,PIT,CLE,QB,PIT@CLE,anytime_td,0.0172,5714,0.01735,0.0,B,-,team att 36.3; ypa 6.68; opp d_ypa 0.99; pass rate 63.1%,1.0,PLAYED (final score in nflverse)
Aaron Rodgers,PIT,CLE,QB,PIT@CLE,first_td,0.004318970057720057,23054,0.01735,0.0,B,-,team att 36.3; ypa 6.68; opp d_ypa 0.99; pass rate 63.1%,1.0,PLAYED (final score in nflverse)
Aaron Rodgers,PIT,CLE,QB,PIT@CLE,last_td,0.004318970057720057,23054,0.01735,0.0,B,-,team att 36.3; ypa 6.68; opp d_ypa 0.99; pass rate 63.1%,1.0,PLAYED (final score in nflverse)
Aaron Rodgers,PIT,CLE,QB,PIT@CLE,2plus_td,0.00015,666567,0.01735,0.0,B,-,team att 36.3; ypa 6.68; opp d_ypa 0.99; pass rate 63.1%,1.0,PLAYED (final score in nflverse)
Germie Bernard,PIT,CLE,WR,PIT@CLE,anytime_td,0.1242,705,0.0,0.13105,C,-,tgt_sh 4.9%; team att 36.3; opp DvP 0.96; RZ tgt 2,1.0,PLAYED (final score in nflverse)
Germie Bernard,PIT,CLE,WR,PIT@CLE,first_td,0.03291766955266955,2938,0.0,0.13105,C,-,tgt_sh 4.9%; team att 36.3; opp DvP 0.96; RZ tgt 2,1.0,PLAYED (final score in nflverse)
Germie Bernard,PIT,CLE,WR,PIT@CLE,last_td,0.03291766955266955,2938,0.0,0.13105,C,-,tgt_sh 4.9%; team att 36.3; opp DvP 0.96; RZ tgt 2,1.0,PLAYED (final score in nflverse)
Germie Bernard,PIT,CLE,WR,PIT@CLE,2plus_td,0.0066,15052,0.0,0.13105,C,-,tgt_sh 4.9%; team att 36.3; opp DvP 0.96; RZ tgt 2,1.0,PLAYED (final score in nflverse)
Pat Freiermuth,PIT,CLE,TE,PIT@CLE,anytime_td,0.24415,310,0.0041,0.271,B,-,tgt_sh 13.2%; team att 36.3; opp DvP 0.90; RZ tgt 3,1.0,PLAYED (final score in nflverse)
Pat Freiermuth,PIT,CLE,TE,PIT@CLE,first_td,0.06741813492063492,1383,0.0041,0.271,B,-,tgt_sh 13.2%; team att 36.3; opp DvP 0.90; RZ tgt 3,1.0,PLAYED (final score in nflverse)
Pat Freiermuth,PIT,CLE,TE,PIT@CLE,last_td,0.06741813492063492,1383,0.0041,0.271,B,-,tgt_sh 13.2%; team att 36.3; opp DvP 0.90; RZ tgt 3,1.0,PLAYED (final score in nflverse)
Pat Freiermuth,PIT,CLE,TE,PIT@CLE,2plus_td,0.02865,3390,0.0041,0.271,B,-,tgt_sh 13.2%; team att 36.3; opp DvP 0.90; RZ tgt 3,1.0,PLAYED (final score in nflverse)
Travis Homer,PIT,CLE,RB,PIT@CLE,anytime_td,0.0538,1759,0.04635,0.0088,C,-,w_td 0.11; team TD 2.09,1.0,PLAYED (final score in nflverse)
Travis Homer,PIT,CLE,RB,PIT@CLE,first_td,0.013475158730158731,7321,0.04635,0.0088,C,-,w_td 0.11; team TD 2.09,1.0,PLAYED (final score in nflverse)
Travis Homer,PIT,CLE,RB,PIT@CLE,last_td,0.013475158730158731,7321,0.04635,0.0088,C,-,w_td 0.11; team TD 2.09,1.0,PLAYED (final score in nflverse)
Travis Homer,PIT,CLE,RB,PIT@CLE,2plus_td,0.00135,73974,0.04635,0.0088,C,-,w_td 0.11; team TD 2.09,1.0,PLAYED (final score in nflverse)
DK Metcalf,PIT,CLE,WR,PIT@CLE,anytime_td,0.29125,243,0.0,0.3394,B,-,tgt_sh 22.2%; team att 36.3; opp DvP 0.96; RZ tgt 1,1.0,PLAYED (final score in nflverse)
DK Metcalf,PIT,CLE,WR,PIT@CLE,first_td,0.08450777777777778,1083,0.0,0.3394,B,-,tgt_sh 22.2%; team att 36.3; opp DvP 0.96; RZ tgt 1,1.0,PLAYED (final score in nflverse)
DK Metcalf,PIT,CLE,WR,PIT@CLE,last_td,0.08450777777777778,1083,0.0,0.3394,B,-,tgt_sh 22.2%; team att 36.3; opp DvP 0.96; RZ tgt 1,1.0,PLAYED (final score in nflverse)
DK Metcalf,PIT,CLE,WR,PIT@CLE,2plus_td,0.04375,2186,0.0,0.3394,B,-,tgt_sh 22.2%; team att 36.3; opp DvP 0.96; RZ tgt 1,1.0,PLAYED (final score in nflverse)
Lew Nichols III,PIT,CLE,RB,PIT@CLE,anytime_td,0.03255,2972,0.02495,0.0085,C,-,w_td 0.06; team TD 2.09,1.0,PLAYED (final score in nflverse)
Lew Nichols III,PIT,CLE,RB,PIT@CLE,first_td,0.008496868686868686,11669,0.02495,0.0085,C,-,w_td 0.06; team TD 2.09,1.0,PLAYED (final score in nflverse)
Lew Nichols III,PIT,CLE,RB,PIT@CLE,last_td,0.008496868686868686,11669,0.02495,0.0085,C,-,w_td 0.06; team TD 2.09,1.0,PLAYED (final score in nflverse)
Lew Nichols III,PIT,CLE,RB,PIT@CLE,2plus_td,0.0009,111011,0.02495,0.0085,C,-,w_td 0.06; team TD 2.09,1.0,PLAYED (final score in nflverse)
Michael Pittman,PIT,CLE,WR,PIT@CLE,anytime_td,0.16955,490,0.0,0.1838,C,-,tgt_sh 13.5%; team att 36.3; opp DvP 0.96; RZ tgt 0,1.0,PLAYED (final score in nflverse)
Michael Pittman,PIT,CLE,WR,PIT@CLE,first_td,0.04570143939393939,2088,0.0,0.1838,C,-,tgt_sh 13.5%; team att 36.3; opp DvP 0.96; RZ tgt 0,1.0,PLAYED (final score in nflverse)
Michael Pittman,PIT,CLE,WR,PIT@CLE,last_td,0.04570143939393939,2088,0.0,0.1838,C,-,tgt_sh 13.5%; team att 36.3; opp DvP 0.96; RZ tgt 0,1.0,PLAYED (final score in nflverse)
Michael Pittman,PIT,CLE,WR,PIT@CLE,2plus_td,0.01385,7120,0.0,0.1838,C,-,tgt_sh 13.5%; team att 36.3; opp DvP 0.96; RZ tgt 0,1.0,PLAYED (final score in nflverse)
Ben Skowronek,PIT,CLE,WR,PIT@CLE,anytime_td,0.05705,1653,0.0,0.0585,C,-,w_td 0.03; team TD 2.09,1.0,PLAYED (final score in nflverse)
Ben Skowronek,PIT,CLE,WR,PIT@CLE,first_td,0.01426607323232323,6910,0.0,0.0585,C,-,w_td 0.03; team TD 2.09,1.0,PLAYED (final score in nflverse)
Ben Skowronek,PIT,CLE,WR,PIT@CLE,last_td,0.01426607323232323,6910,0.0,0.0585,C,-,w_td 0.03; team TD 2.09,1.0,PLAYED (final score in nflverse)
Ben Skowronek,PIT,CLE,WR,PIT@CLE,2plus_td,0.00145,68866,0.0,0.0585,C,-,w_td 0.03; team TD 2.09,1.0,PLAYED (final score in nflverse)
Robert Tonyan,PIT,CLE,TE,PIT@CLE,anytime_td,0.03935,2441,0.0,0.0402,C,-,w_td 0.02; team TD 2.09,1.0,PLAYED (final score in nflverse)
Robert Tonyan,PIT,CLE,TE,PIT@CLE,first_td,0.010134110750360751,9768,0.0,0.0402,C,-,w_td 0.02; team TD 2.09,1.0,PLAYED (final score in nflverse)
Robert Tonyan,PIT,CLE,TE,PIT@CLE,last_td,0.010134110750360751,9768,0.0,0.0402,C,-,w_td 0.02; team TD 2.09,1.0,PLAYED (final score in nflverse)
Robert Tonyan,PIT,CLE,TE,PIT@CLE,2plus_td,0.0008,124900,0.0,0.0402,C,-,w_td 0.02; team TD 2.09,1.0,PLAYED (final score in nflverse)
Jaylen Warren,PIT,CLE,RB,PIT@CLE,anytime_td,0.4118,143,0.20445,0.3087,B,-,tgt_sh 11.9%; team att 36.3; opp DvP 1.05; RZ tgt 4; car_sh 47.8%; team rush 23.1; opp d_ypc 1.05; inside-10 car 0,1.0,PLAYED (final score in nflverse)
Jaylen Warren,PIT,CLE,RB,PIT@CLE,first_td,0.12878002525252522,677,0.20445,0.3087,B,-,tgt_sh 11.9%; team att 36.3; opp DvP 1.05; RZ tgt 4; car_sh 47.8%; team rush 23.1; opp d_ypc 1.05; inside-10 car 0,1.0,PLAYED (final score in nflverse)
Jaylen Warren,PIT,CLE,RB,PIT@CLE,last_td,0.12878002525252522,677,0.20445,0.3087,B,-,tgt_sh 11.9%; team att 36.3; opp DvP 1.05; RZ tgt 4; car_sh 47.8%; team rush 23.1; opp d_ypc 1.05; inside-10 car 0,1.0,PLAYED (final score in nflverse)
Jaylen Warren,PIT,CLE,RB,PIT@CLE,2plus_td,0.0893,1020,0.20445,0.3087,B,-,tgt_sh 11.9%; team att 36.3; opp DvP 1.05; RZ tgt 4; car_sh 47.8%; team rush 23.1; opp d_ypc 1.05; inside-10 car 0,1.0,PLAYED (final score in nflverse)
Darnell Washington,PIT,CLE,TE,PIT@CLE,anytime_td,0.1554,544,0.0,0.1674,C,-,tgt_sh 8.0%; team att 36.3; opp DvP 0.90; RZ tgt 2,1.0,PLAYED (final score in nflverse)
Darnell Washington,PIT,CLE,TE,PIT@CLE,first_td,0.041810351731601726,2292,0.0,0.1674,C,-,tgt_sh 8.0%; team att 36.3; opp DvP 0.90; RZ tgt 2,1.0,PLAYED (final score in nflverse)
Darnell Washington,PIT,CLE,TE,PIT@CLE,last_td,0.041810351731601726,2292,0.0,0.1674,C,-,tgt_sh 8.0%; team att 36.3; opp DvP 0.90; RZ tgt 2,1.0,PLAYED (final score in nflverse)
Darnell Washington,PIT,CLE,TE,PIT@CLE,2plus_td,0.0115,8596,0.0,0.1674,C,-,tgt_sh 8.0%; team att 36.3; opp DvP 0.90; RZ tgt 2,1.0,PLAYED (final score in nflverse)
Roman Wilson,PIT,CLE,WR,PIT@CLE,anytime_td,0.2061,385,0.0,0.2252,B,-,tgt_sh 12.0%; team att 36.3; opp DvP 0.96; RZ tgt 2,1.0,PLAYED (final score in nflverse)
Roman Wilson,PIT,CLE,WR,PIT@CLE,first_td,0.05598012806637806,1686,0.0,0.2252,B,-,tgt_sh 12.0%; team att 36.3; opp DvP 0.96; RZ tgt 2,1.0,PLAYED (final score in nflverse)
Roman Wilson,PIT,CLE,WR,PIT@CLE,last_td,0.05598012806637806,1686,0.0,0.2252,B,-,tgt_sh 12.0%; team att 36.3; opp DvP 0.96; RZ tgt 2,1.0,PLAYED (final score in nflverse)
Roman Wilson,PIT,CLE,WR,PIT@CLE,2plus_td,0.0181,5425,0.0,0.2252,B,-,tgt_sh 12.0%; team att 36.3; opp DvP 0.96; RZ tgt 2,1.0,PLAYED (final score in nflverse)
Deshaun Watson,CLE,PIT,QB,PIT@CLE,anytime_td,0.1038,863,0.1083,0.0,B,-,team att 30.1; ypa 7.66; opp d_ypa 1.05; pass rate 56.3%,1.0,PLAYED (final score in nflverse)
Deshaun Watson,CLE,PIT,QB,PIT@CLE,first_td,0.027273041125541124,3567,0.1083,0.0,B,-,team att 30.1; ypa 7.66; opp d_ypa 1.05; pass rate 56.3%,1.0,PLAYED (final score in nflverse)
Deshaun Watson,CLE,PIT,QB,PIT@CLE,last_td,0.027273041125541124,3567,0.1083,0.0,B,-,team att 30.1; ypa 7.66; opp d_ypa 1.05; pass rate 56.3%,1.0,PLAYED (final score in nflverse)
Deshaun Watson,CLE,PIT,QB,PIT@CLE,2plus_td,0.0043,23156,0.1083,0.0,B,-,team att 30.1; ypa 7.66; opp d_ypa 1.05; pass rate 56.3%,1.0,PLAYED (final score in nflverse)
Isaiah Bond,CLE,PIT,WR,PIT@CLE,anytime_td,0.03865,2487,0.0,0.03905,C,-,tgt_sh 4.1%; team att 30.1; opp DvP 1.06; RZ tgt 0,1.0,PLAYED (final score in nflverse)
Isaiah Bond,CLE,PIT,WR,PIT@CLE,first_td,0.009401630591630591,10536,0.0,0.03905,C,-,tgt_sh 4.1%; team att 30.1; opp DvP 1.06; RZ tgt 0,1.0,PLAYED (final score in nflverse)
Isaiah Bond,CLE,PIT,WR,PIT@CLE,last_td,0.009401630591630591,10536,0.0,0.03905,C,-,tgt_sh 4.1%; team att 30.1; opp DvP 1.06; RZ tgt 0,1.0,PLAYED (final score in nflverse)
Isaiah Bond,CLE,PIT,WR,PIT@CLE,2plus_td,0.0004,249900,0.0,0.03905,C,-,tgt_sh 4.1%; team att 30.1; opp DvP 1.06; RZ tgt 0,1.0,PLAYED (final score in nflverse)
Denzel Boston,CLE,PIT,WR,PIT@CLE,anytime_td,0.1868,435,0.0,0.2042,B,-,tgt_sh 14.5%; team att 30.1; opp DvP 1.06; RZ tgt 3,1.0,PLAYED (final score in nflverse)
Denzel Boston,CLE,PIT,WR,PIT@CLE,first_td,0.05016154581529581,1894,0.0,0.2042,B,-,tgt_sh 14.5%; team att 30.1; opp DvP 1.06; RZ tgt 3,1.0,PLAYED (final score in nflverse)
Denzel Boston,CLE,PIT,WR,PIT@CLE,last_td,0.05016154581529581,1894,0.0,0.2042,B,-,tgt_sh 14.5%; team att 30.1; opp DvP 1.06; RZ tgt 3,1.0,PLAYED (final score in nflverse)
Denzel Boston,CLE,PIT,WR,PIT@CLE,2plus_td,0.01655,5942,0.0,0.2042,B,-,tgt_sh 14.5%; team att 30.1; opp DvP 1.06; RZ tgt 3,1.0,PLAYED (final score in nflverse)
KC Concepcion,CLE,PIT,WR,PIT@CLE,anytime_td,0.23915,318,0.01025,0.2598,B,-,tgt_sh 20.8%; team att 30.1; opp DvP 1.06; RZ tgt 3,1.0,PLAYED (final score in nflverse)
KC Concepcion,CLE,PIT,WR,PIT@CLE,first_td,0.06563319083694083,1424,0.01025,0.2598,B,-,tgt_sh 20.8%; team att 30.1; opp DvP 1.06; RZ tgt 3,1.0,PLAYED (final score in nflverse)
KC Concepcion,CLE,PIT,WR,PIT@CLE,last_td,0.06563319083694083,1424,0.01025,0.2598,B,-,tgt_sh 20.8%; team att 30.1; opp DvP 1.06; RZ tgt 3,1.0,PLAYED (final score in nflverse)
KC Concepcion,CLE,PIT,WR,PIT@CLE,2plus_td,0.02865,3390,0.01025,0.2598,B,-,tgt_sh 20.8%; team att 30.1; opp DvP 1.06; RZ tgt 3,1.0,PLAYED (final score in nflverse)
Harold Fannin Jr.,CLE,PIT,TE,PIT@CLE,anytime_td,0.2159,363,0.0,0.2392,B,-,tgt_sh 18.9%; team att 30.1; opp DvP 1.07; RZ tgt 3,1.0,PLAYED (final score in nflverse)
Harold Fannin Jr.,CLE,PIT,TE,PIT@CLE,first_td,0.05843242604617603,1611,0.0,0.2392,B,-,tgt_sh 18.9%; team att 30.1; opp DvP 1.07; RZ tgt 3,1.0,PLAYED (final score in nflverse)
Harold Fannin Jr.,CLE,PIT,TE,PIT@CLE,last_td,0.05843242604617603,1611,0.0,0.2392,B,-,tgt_sh 18.9%; team att 30.1; opp DvP 1.07; RZ tgt 3,1.0,PLAYED (final score in nflverse)
Harold Fannin Jr.,CLE,PIT,TE,PIT@CLE,2plus_td,0.02145,4562,0.0,0.2392,B,-,tgt_sh 18.9%; team att 30.1; opp DvP 1.07; RZ tgt 3,1.0,PLAYED (final score in nflverse)
Jerry Jeudy,CLE,PIT,WR,PIT@CLE,anytime_td,0.0973,928,0.0,0.10145,C,-,tgt_sh 11.0%; team att 30.1; opp DvP 1.06; RZ tgt 0,1.0,PLAYED (final score in nflverse)
Jerry Jeudy,CLE,PIT,WR,PIT@CLE,first_td,0.024542570346320344,3975,0.0,0.10145,C,-,tgt_sh 11.0%; team att 30.1; opp DvP 1.06; RZ tgt 0,1.0,PLAYED (final score in nflverse)
Jerry Jeudy,CLE,PIT,WR,PIT@CLE,last_td,0.024542570346320344,3975,0.0,0.10145,C,-,tgt_sh 11.0%; team att 30.1; opp DvP 1.06; RZ tgt 0,1.0,PLAYED (final score in nflverse)
Jerry Jeudy,CLE,PIT,WR,PIT@CLE,2plus_td,0.0041,24290,0.0,0.10145,C,-,tgt_sh 11.0%; team att 30.1; opp DvP 1.06; RZ tgt 0,1.0,PLAYED (final score in nflverse)
Quinshon Judkins,CLE,PIT,RB,PIT@CLE,anytime_td,0.36275,176,0.29575,0.14705,B,-,tgt_sh 9.9%; team att 30.1; opp DvP 0.92; RZ tgt 3; car_sh 51.3%; team rush 25.9; opp d_ypc 1.02; inside-10 car 4,1.0,PLAYED (final score in nflverse)
Quinshon Judkins,CLE,PIT,RB,PIT@CLE,first_td,0.10877627164502164,819,0.29575,0.14705,B,-,tgt_sh 9.9%; team att 30.1; opp DvP 0.92; RZ tgt 3; car_sh 51.3%; team rush 25.9; opp d_ypc 1.02; inside-10 car 4,1.0,PLAYED (final score in nflverse)
Quinshon Judkins,CLE,PIT,RB,PIT@CLE,last_td,0.10877627164502164,819,0.29575,0.14705,B,-,tgt_sh 9.9%; team att 30.1; opp DvP 0.92; RZ tgt 3; car_sh 51.3%; team rush 25.9; opp d_ypc 1.02; inside-10 car 4,1.0,PLAYED (final score in nflverse)
Quinshon Judkins,CLE,PIT,RB,PIT@CLE,2plus_td,0.06915,1346,0.29575,0.14705,B,-,tgt_sh 9.9%; team att 30.1; opp DvP 0.92; RZ tgt 3; car_sh 51.3%; team rush 25.9; opp d_ypc 1.02; inside-10 car 4,1.0,PLAYED (final score in nflverse)
Jaleel McLaughlin,CLE,PIT,RB,PIT@CLE,anytime_td,0.04465,2140,0.03225,0.01345,C,-,w_td 0.06; team TD 1.67,1.0,PLAYED (final score in nflverse)
Jaleel McLaughlin,CLE,PIT,RB,PIT@CLE,first_td,0.011226672077922077,8807,0.03225,0.01345,C,-,w_td 0.06; team TD 1.67,1.0,PLAYED (final score in nflverse)
Jaleel McLaughlin,CLE,PIT,RB,PIT@CLE,last_td,0.011226672077922077,8807,0.03225,0.01345,C,-,w_td 0.06; team TD 1.67,1.0,PLAYED (final score in nflverse)
Jaleel McLaughlin,CLE,PIT,RB,PIT@CLE,2plus_td,0.00105,95138,0.03225,0.01345,C,-,w_td 0.06; team TD 1.67,1.0,PLAYED (final score in nflverse)
Raheim Sanders,CLE,PIT,RB,PIT@CLE,anytime_td,0.11,809,0.04395,0.0706,C,-,tgt_sh 8.0%; team att 30.1; opp DvP 0.92; RZ tgt 0; car_sh 9.5%; team rush 25.9; opp d_ypc 1.02; inside-10 car 0,1.0,PLAYED (final score in nflverse)
Raheim Sanders,CLE,PIT,RB,PIT@CLE,first_td,0.027939435425685423,3479,0.04395,0.0706,C,-,tgt_sh 8.0%; team att 30.1; opp DvP 0.92; RZ tgt 0; car_sh 9.5%; team rush 25.9; opp d_ypc 1.02; inside-10 car 0,1.0,PLAYED (final score in nflverse)
Raheim Sanders,CLE,PIT,RB,PIT@CLE,last_td,0.027939435425685423,3479,0.04395,0.0706,C,-,tgt_sh 8.0%; team att 30.1; opp DvP 0.92; RZ tgt 0; car_sh 9.5%; team rush 25.9; opp d_ypc 1.02; inside-10 car 0,1.0,PLAYED (final score in nflverse)
Raheim Sanders,CLE,PIT,RB,PIT@CLE,2plus_td,0.00445,22372,0.04395,0.0706,C,-,tgt_sh 8.0%; team att 30.1; opp DvP 0.92; RZ tgt 0; car_sh 9.5%; team rush 25.9; opp d_ypc 1.02; inside-10 car 0,1.0,PLAYED (final score in nflverse)
Blake Whiteheart,CLE,PIT,TE,PIT@CLE,anytime_td,0.0415,2310,0.0,0.04225,C,-,w_td 0.04; team TD 1.67,1.0,PLAYED (final score in nflverse)
Blake Whiteheart,CLE,PIT,TE,PIT@CLE,first_td,0.010583551587301586,9349,0.0,0.04225,C,-,w_td 0.04; team TD 1.67,1.0,PLAYED (final score in nflverse)
Blake Whiteheart,CLE,PIT,TE,PIT@CLE,last_td,0.010583551587301586,9349,0.0,0.04225,C,-,w_td 0.04; team TD 1.67,1.0,PLAYED (final score in nflverse)
Blake Whiteheart,CLE,PIT,TE,PIT@CLE,2plus_td,0.00075,133233,0.0,0.04225,C,-,w_td 0.04; team TD 1.67,1.0,PLAYED (final score in nflverse)
Daniel Jones,IND,WAS,QB,IND@WAS,anytime_td,0.07925,1162,0.08325,0.0,B,-,team att 31.6; ypa 7.39; opp d_ypa 1.10; pass rate 54.9%,1.0,INTL neutral site
Daniel Jones,IND,WAS,QB,IND@WAS,first_td,0.01675377636252636,5869,0.08325,0.0,B,-,team att 31.6; ypa 7.39; opp d_ypa 1.10; pass rate 54.9%,1.0,INTL neutral site
Daniel Jones,IND,WAS,QB,IND@WAS,last_td,0.01675377636252636,5869,0.08325,0.0,B,-,team att 31.6; ypa 7.39; opp d_ypa 1.10; pass rate 54.9%,1.0,INTL neutral site
Daniel Jones,IND,WAS,QB,IND@WAS,2plus_td,0.00395,25216,0.08325,0.0,B,-,team att 31.6; ypa 7.39; opp d_ypa 1.10; pass rate 54.9%,1.0,INTL neutral site
Mo Alie-Cox,IND,WAS,TE,IND@WAS,anytime_td,0.03410468609983659,2832,0.0,0.03478994254388277,C,no game designation yet (Full),w_td 0.02; team TD 2.63,0.9479829842591244,INTL neutral site
Mo Alie-Cox,IND,WAS,TE,IND@WAS,first_td,0.006823911304434207,14554,0.0,0.03478994254388277,C,no game designation yet (Full),w_td 0.02; team TD 2.63,0.9479829842591244,INTL neutral site
Mo Alie-Cox,IND,WAS,TE,IND@WAS,last_td,0.006823911304434207,14554,0.0,0.03478994254388277,C,no game designation yet (Full),w_td 0.02; team TD 2.63,0.9479829842591244,INTL neutral site
Mo Alie-Cox,IND,WAS,TE,IND@WAS,2plus_td,0.0006852564440461758,145831,0.0,0.03478994254388277,C,no game designation yet (Full),w_td 0.02; team TD 2.63,0.9479829842591244,INTL neutral site
Keenan Allen,IND,WAS,WR,IND@WAS,anytime_td,0.3269464720194647,206,0.0,0.3879764801297648,B,Questionable (DNP),tgt_sh 18.7%; team att 31.6; opp DvP 1.03; RZ tgt 3,0.4981574884199691,INTL neutral site
Keenan Allen,IND,WAS,WR,IND@WAS,first_td,0.07652531977349496,1207,0.0,0.3879764801297648,B,Questionable (DNP),tgt_sh 18.7%; team att 31.6; opp DvP 1.03; RZ tgt 3,0.4981574884199691,INTL neutral site
Keenan Allen,IND,WAS,WR,IND@WAS,last_td,0.07652531977349496,1207,0.0,0.3879764801297648,B,Questionable (DNP),tgt_sh 18.7%; team att 31.6; opp DvP 1.03; RZ tgt 3,0.4981574884199691,INTL neutral site
Keenan Allen,IND,WAS,WR,IND@WAS,2plus_td,0.05494728304947283,1720,0.0,0.3879764801297648,B,Questionable (DNP),tgt_sh 18.7%; team att 31.6; opp DvP 1.03; RZ tgt 3,0.4981574884199691,INTL neutral site
Deion Burks,IND,WAS,WR,IND@WAS,anytime_td,0.0293,3313,0.01225,0.0175,C,-,w_td 0.02; team TD 2.63,1.0,INTL neutral site
Deion Burks,IND,WAS,WR,IND@WAS,first_td,0.005856103896103896,16976,0.01225,0.0175,C,-,w_td 0.02; team TD 2.63,1.0,INTL neutral site
Deion Burks,IND,WAS,WR,IND@WAS,last_td,0.005856103896103896,16976,0.01225,0.0175,C,-,w_td 0.02; team TD 2.63,1.0,INTL neutral site
Deion Burks,IND,WAS,WR,IND@WAS,2plus_td,0.00045,222122,0.01225,0.0175,C,-,w_td 0.02; team TD 2.63,1.0,INTL neutral site
Josh Downs,IND,WAS,WR,IND@WAS,anytime_td,0.414,142,0.0,0.52645,B,-,tgt_sh 20.4%; team att 31.6; opp DvP 1.03; RZ tgt 4,1.0,INTL neutral site
Josh Downs,IND,WAS,WR,IND@WAS,first_td,0.10483325244200244,854,0.0,0.52645,B,-,tgt_sh 20.4%; team att 31.6; opp DvP 1.03; RZ tgt 4,1.0,INTL neutral site
Josh Downs,IND,WAS,WR,IND@WAS,last_td,0.10483325244200244,854,0.0,0.52645,B,-,tgt_sh 20.4%; team att 31.6; opp DvP 1.03; RZ tgt 4,1.0,INTL neutral site
Josh Downs,IND,WAS,WR,IND@WAS,2plus_td,0.09615,940,0.0,0.52645,B,-,tgt_sh 20.4%; team att 31.6; opp DvP 1.03; RZ tgt 4,1.0,INTL neutral site
Ashton Dulin,IND,WAS,WR,IND@WAS,anytime_td,0.05092838196286472,1864,0.0,0.05212201591511936,C,Questionable (Full),w_td 0.03; team TD 2.63,0.7549608892548374,INTL neutral site
Ashton Dulin,IND,WAS,WR,IND@WAS,first_td,0.010459597873390977,9461,0.0,0.05212201591511936,C,Questionable (Full),w_td 0.03; team TD 2.63,0.7549608892548374,INTL neutral site
Ashton Dulin,IND,WAS,WR,IND@WAS,last_td,0.010459597873390977,9461,0.0,0.05212201591511936,C,Questionable (Full),w_td 0.03; team TD 2.63,0.7549608892548374,INTL neutral site
Ashton Dulin,IND,WAS,WR,IND@WAS,2plus_td,0.0011936339522546418,83678,0.0,0.05212201591511936,C,Questionable (Full),w_td 0.03; team TD 2.63,0.7549608892548374,INTL neutral site
Seth McGowan,IND,WAS,RB,IND@WAS,anytime_td,0.15075,563,0.14175,0.0237,C,-,car_sh 11.9%; team rush 27.4; opp d_ypc 0.97; inside-10 car 1,1.0,INTL neutral site
Seth McGowan,IND,WAS,RB,IND@WAS,first_td,0.03304796592296592,2926,0.14175,0.0237,C,-,car_sh 11.9%; team rush 27.4; opp d_ypc 0.97; inside-10 car 1,1.0,INTL neutral site
Seth McGowan,IND,WAS,RB,IND@WAS,last_td,0.03304796592296592,2926,0.14175,0.0237,C,-,car_sh 11.9%; team rush 27.4; opp d_ypc 0.97; inside-10 car 1,1.0,INTL neutral site
Seth McGowan,IND,WAS,RB,IND@WAS,2plus_td,0.0136,7253,0.14175,0.0237,C,-,car_sh 11.9%; team rush 27.4; opp d_ypc 0.97; inside-10 car 1,1.0,INTL neutral site
Andrew Ogletree,IND,WAS,TE,IND@WAS,anytime_td,0.0357,2701,0.0,0.03635,C,-,w_td 0.02; team TD 2.63,1.0,INTL neutral site
Andrew Ogletree,IND,WAS,TE,IND@WAS,first_td,0.007218832972582972,13753,0.0,0.03635,C,-,w_td 0.02; team TD 2.63,1.0,INTL neutral site
Andrew Ogletree,IND,WAS,TE,IND@WAS,last_td,0.007218832972582972,13753,0.0,0.03635,C,-,w_td 0.02; team TD 2.63,1.0,INTL neutral site
Andrew Ogletree,IND,WAS,TE,IND@WAS,2plus_td,0.00065,153746,0.0,0.03635,C,-,w_td 0.02; team TD 2.63,1.0,INTL neutral site
Jonathan Taylor,IND,WAS,RB,IND@WAS,anytime_td,0.6336435820581585,-173,0.7224062680759321,0.2331072198559184,B,no game designation yet (Full),tgt_sh 10.7%; team att 31.6; opp DvP 1.14; RZ tgt 1; car_sh 72.3%; team rush 27.4; opp d_ypc 0.97; inside-10 car 6,0.9508674235277402,INTL neutral site
Jonathan Taylor,IND,WAS,RB,IND@WAS,first_td,0.19015215108053093,426,0.7224062680759321,0.2331072198559184,B,no game designation yet (Full),tgt_sh 10.7%; team att 31.6; opp DvP 1.14; RZ tgt 1; car_sh 72.3%; team rush 27.4; opp d_ypc 0.97; inside-10 car 6,0.9508674235277402,INTL neutral site
Jonathan Taylor,IND,WAS,RB,IND@WAS,last_td,0.19015215108053093,426,0.7224062680759321,0.2331072198559184,B,no game designation yet (Full),tgt_sh 10.7%; team att 31.6; opp DvP 1.14; RZ tgt 1; car_sh 72.3%; team rush 27.4; opp d_ypc 0.97; inside-10 car 6,0.9508674235277402,INTL neutral site
Jonathan Taylor,IND,WAS,RB,IND@WAS,2plus_td,0.246253352263764,306,0.7224062680759321,0.2331072198559184,B,no game designation yet (Full),tgt_sh 10.7%; team att 31.6; opp DvP 1.14; RZ tgt 1; car_sh 72.3%; team rush 27.4; opp d_ypc 0.97; inside-10 car 6,0.9508674235277402,INTL neutral site
Laquon Treadwell,IND,WAS,WR,IND@WAS,anytime_td,0.043,2226,0.0,0.04385,C,-,w_td 0.02; team TD 2.63,1.0,INTL neutral site
Laquon Treadwell,IND,WAS,WR,IND@WAS,first_td,0.00869711455211455,11398,0.0,0.04385,C,-,w_td 0.02; team TD 2.63,1.0,INTL neutral site
Laquon Treadwell,IND,WAS,WR,IND@WAS,last_td,0.00869711455211455,11398,0.0,0.04385,C,-,w_td 0.02; team TD 2.63,1.0,INTL neutral site
Laquon Treadwell,IND,WAS,WR,IND@WAS,2plus_td,0.00085,117547,0.0,0.04385,C,-,w_td 0.02; team TD 2.63,1.0,INTL neutral site
Tyler Warren,IND,WAS,TE,IND@WAS,anytime_td,0.4299,133,0.01375,0.53495,B,-,tgt_sh 22.2%; team att 31.6; opp DvP 1.11; RZ tgt 3,1.0,INTL neutral site
Tyler Warren,IND,WAS,TE,IND@WAS,first_td,0.10824223887223888,824,0.01375,0.53495,B,-,tgt_sh 22.2%; team att 31.6; opp DvP 1.11; RZ tgt 3,1.0,INTL neutral site
Tyler Warren,IND,WAS,TE,IND@WAS,last_td,0.10824223887223888,824,0.01375,0.53495,B,-,tgt_sh 22.2%; team att 31.6; opp DvP 1.11; RZ tgt 3,1.0,INTL neutral site
Tyler Warren,IND,WAS,TE,IND@WAS,2plus_td,0.10125,888,0.01375,0.53495,B,-,tgt_sh 22.2%; team att 31.6; opp DvP 1.11; RZ tgt 3,1.0,INTL neutral site
Marcus Mariota,WAS,IND,QB,IND@WAS,anytime_td,0.1414,607,0.1523,0.0,C,-,team att 32.5; ypa 6.94; opp d_ypa 1.11; pass rate 54.2%,1.0,INTL neutral site
Marcus Mariota,WAS,IND,QB,IND@WAS,first_td,0.03002739108114108,3230,0.1523,0.0,C,-,team att 32.5; ypa 6.94; opp d_ypa 1.11; pass rate 54.2%,1.0,INTL neutral site
Marcus Mariota,WAS,IND,QB,IND@WAS,last_td,0.03002739108114108,3230,0.1523,0.0,C,-,team att 32.5; ypa 6.94; opp d_ypa 1.11; pass rate 54.2%,1.0,INTL neutral site
Marcus Mariota,WAS,IND,QB,IND@WAS,2plus_td,0.0103,9609,0.1523,0.0,C,-,team att 32.5; ypa 6.94; opp d_ypa 1.11; pass rate 54.2%,1.0,INTL neutral site
Kaytron Allen,WAS,IND,RB,IND@WAS,anytime_td,0.081,1135,0.0791,0.0043,C,-,car_sh 7.9%; team rush 28.9; opp d_ypc 1.08; inside-10 car 1,1.0,INTL neutral site
Kaytron Allen,WAS,IND,RB,IND@WAS,first_td,0.016558862387612387,5939,0.0791,0.0043,C,-,car_sh 7.9%; team rush 28.9; opp d_ypc 1.08; inside-10 car 1,1.0,INTL neutral site
Kaytron Allen,WAS,IND,RB,IND@WAS,last_td,0.016558862387612387,5939,0.0791,0.0043,C,-,car_sh 7.9%; team rush 28.9; opp d_ypc 1.08; inside-10 car 1,1.0,INTL neutral site
Kaytron Allen,WAS,IND,RB,IND@WAS,2plus_td,0.0024,41567,0.0791,0.0043,C,-,car_sh 7.9%; team rush 28.9; opp d_ypc 1.08; inside-10 car 1,1.0,INTL neutral site
John Bates,WAS,IND,TE,IND@WAS,anytime_td,0.08055,1141,0.0,0.0837,C,-,tgt_sh 3.4%; team att 32.5; opp DvP 1.19; RZ tgt 1,1.0,INTL neutral site
John Bates,WAS,IND,TE,IND@WAS,first_td,0.016393165584415583,6000,0.0,0.0837,C,-,tgt_sh 3.4%; team att 32.5; opp DvP 1.19; RZ tgt 1,1.0,INTL neutral site
John Bates,WAS,IND,TE,IND@WAS,last_td,0.016393165584415583,6000,0.0,0.0837,C,-,tgt_sh 3.4%; team att 32.5; opp DvP 1.19; RZ tgt 1,1.0,INTL neutral site
John Bates,WAS,IND,TE,IND@WAS,2plus_td,0.0031,32158,0.0,0.0837,C,-,tgt_sh 3.4%; team att 32.5; opp DvP 1.19; RZ tgt 1,1.0,INTL neutral site
Dyami Brown,WAS,IND,WR,IND@WAS,anytime_td,0.1298,670,0.0,0.137,C,-,tgt_sh 7.3%; team att 32.5; opp DvP 1.17; RZ tgt 1,1.0,INTL neutral site
Dyami Brown,WAS,IND,WR,IND@WAS,first_td,0.02750423756798757,3536,0.0,0.137,C,-,tgt_sh 7.3%; team att 32.5; opp DvP 1.17; RZ tgt 1,1.0,INTL neutral site
Dyami Brown,WAS,IND,WR,IND@WAS,last_td,0.02750423756798757,3536,0.0,0.137,C,-,tgt_sh 7.3%; team att 32.5; opp DvP 1.17; RZ tgt 1,1.0,INTL neutral site
Dyami Brown,WAS,IND,WR,IND@WAS,2plus_td,0.00685,14499,0.0,0.137,C,-,tgt_sh 7.3%; team att 32.5; opp DvP 1.17; RZ tgt 1,1.0,INTL neutral site
Treylon Burks,WAS,IND,WR,IND@WAS,anytime_td,0.12935,673,0.0,0.1379,C,-,tgt_sh 7.2%; team att 32.5; opp DvP 1.17; RZ tgt 1,1.0,INTL neutral site
Treylon Burks,WAS,IND,WR,IND@WAS,first_td,0.027249572372072373,3570,0.0,0.1379,C,-,tgt_sh 7.2%; team att 32.5; opp DvP 1.17; RZ tgt 1,1.0,INTL neutral site
Treylon Burks,WAS,IND,WR,IND@WAS,last_td,0.027249572372072373,3570,0.0,0.1379,C,-,tgt_sh 7.2%; team att 32.5; opp DvP 1.17; RZ tgt 1,1.0,INTL neutral site
Treylon Burks,WAS,IND,WR,IND@WAS,2plus_td,0.0082,12095,0.0,0.1379,C,-,tgt_sh 7.2%; team att 32.5; opp DvP 1.17; RZ tgt 1,1.0,INTL neutral site
Jacory Croskey-Merritt,WAS,IND,RB,IND@WAS,anytime_td,0.31235,220,0.34345,0.02835,B,-,car_sh 39.9%; team rush 28.9; opp d_ypc 1.08; inside-10 car 2,1.0,INTL neutral site
Jacory Croskey-Merritt,WAS,IND,RB,IND@WAS,first_td,0.07420950993450993,1248,0.34345,0.02835,B,-,car_sh 39.9%; team rush 28.9; opp d_ypc 1.08; inside-10 car 2,1.0,INTL neutral site
Jacory Croskey-Merritt,WAS,IND,RB,IND@WAS,last_td,0.07420950993450993,1248,0.34345,0.02835,B,-,car_sh 39.9%; team rush 28.9; opp d_ypc 1.08; inside-10 car 2,1.0,INTL neutral site
Jacory Croskey-Merritt,WAS,IND,RB,IND@WAS,2plus_td,0.0538,1759,0.34345,0.02835,B,-,car_sh 39.9%; team rush 28.9; opp d_ypc 1.08; inside-10 car 2,1.0,INTL neutral site
Stefon Diggs,WAS,IND,WR,IND@WAS,anytime_td,0.34325,191,0.0,0.4132,B,-,tgt_sh 19.0%; team att 32.5; opp DvP 1.17; RZ tgt 4,1.0,INTL neutral site
Stefon Diggs,WAS,IND,WR,IND@WAS,first_td,0.08080523434898434,1138,0.0,0.4132,B,-,tgt_sh 19.0%; team att 32.5; opp DvP 1.17; RZ tgt 4,1.0,INTL neutral site
Stefon Diggs,WAS,IND,WR,IND@WAS,last_td,0.08080523434898434,1138,0.0,0.4132,B,-,tgt_sh 19.0%; team att 32.5; opp DvP 1.17; RZ tgt 4,1.0,INTL neutral site
Stefon Diggs,WAS,IND,WR,IND@WAS,2plus_td,0.06225,1506,0.0,0.4132,B,-,tgt_sh 19.0%; team att 32.5; opp DvP 1.17; RZ tgt 4,1.0,INTL neutral site
Jaylin Lane,WAS,IND,WR,IND@WAS,anytime_td,0.0538,1759,0.0,0.0548,C,-,tgt_sh 4.0%; team att 32.5; opp DvP 1.17; RZ tgt 0,1.0,INTL neutral site
Jaylin Lane,WAS,IND,WR,IND@WAS,first_td,0.010709469696969696,9238,0.0,0.0548,C,-,tgt_sh 4.0%; team att 32.5; opp DvP 1.17; RZ tgt 0,1.0,INTL neutral site
Jaylin Lane,WAS,IND,WR,IND@WAS,last_td,0.010709469696969696,9238,0.0,0.0548,C,-,tgt_sh 4.0%; team att 32.5; opp DvP 1.17; RZ tgt 0,1.0,INTL neutral site
Jaylin Lane,WAS,IND,WR,IND@WAS,2plus_td,0.001,99900,0.0,0.0548,C,-,tgt_sh 4.0%; team att 32.5; opp DvP 1.17; RZ tgt 0,1.0,INTL neutral site
Terry McLaurin,WAS,IND,WR,IND@WAS,anytime_td,0.27553159628631324,263,0.0,0.3149895178197065,B,Questionable (Limited),tgt_sh 18.3%; team att 32.5; opp DvP 1.17; RZ tgt 2,0.6667342299285288,INTL neutral site
Terry McLaurin,WAS,IND,WR,IND@WAS,first_td,0.06158004502568743,1524,0.0,0.3149895178197065,B,Questionable (Limited),tgt_sh 18.3%; team att 32.5; opp DvP 1.17; RZ tgt 2,0.6667342299285288,INTL neutral site
Terry McLaurin,WAS,IND,WR,IND@WAS,last_td,0.06158004502568743,1524,0.0,0.3149895178197065,B,Questionable (Limited),tgt_sh 18.3%; team att 32.5; opp DvP 1.17; RZ tgt 2,0.6667342299285288,INTL neutral site
Terry McLaurin,WAS,IND,WR,IND@WAS,2plus_td,0.036088649296196464,2671,0.0,0.3149895178197065,B,Questionable (Limited),tgt_sh 18.3%; team att 32.5; opp DvP 1.17; RZ tgt 2,0.6667342299285288,INTL neutral site
Chig Okonkwo,WAS,IND,TE,IND@WAS,anytime_td,0.159767648751897,526,0.0,0.1710188916217489,C,no game designation yet (Limited),tgt_sh 12.0%; team att 32.5; opp DvP 1.19; RZ tgt 0,0.9575230478992892,INTL neutral site
Chig Okonkwo,WAS,IND,TE,IND@WAS,first_td,0.03374846962423497,2863,0.0,0.1710188916217489,C,no game designation yet (Limited),tgt_sh 12.0%; team att 32.5; opp DvP 1.19; RZ tgt 0,0.9575230478992892,INTL neutral site
Chig Okonkwo,WAS,IND,TE,IND@WAS,last_td,0.03374846962423497,2863,0.0,0.1710188916217489,C,no game designation yet (Limited),tgt_sh 12.0%; team att 32.5; opp DvP 1.19; RZ tgt 0,0.9575230478992892,INTL neutral site
Chig Okonkwo,WAS,IND,TE,IND@WAS,2plus_td,0.010780260610183683,9176,0.0,0.1710188916217489,C,no game designation yet (Limited),tgt_sh 12.0%; team att 32.5; opp DvP 1.19; RZ tgt 0,0.9575230478992892,INTL neutral site
Ben Sinnott,WAS,IND,TE,IND@WAS,anytime_td,0.030634115740498718,3164,0.0,0.03100005227664802,C,no game designation yet (Limited),w_td 0.02; team TD 2.17,0.9575230478992892,INTL neutral site
Ben Sinnott,WAS,IND,TE,IND@WAS,first_td,0.006023963954331459,16500,0.0,0.03100005227664802,C,no game designation yet (Limited),w_td 0.02; team TD 2.17,0.9575230478992892,INTL neutral site
Ben Sinnott,WAS,IND,TE,IND@WAS,last_td,0.006023963954331459,16500,0.0,0.03100005227664802,C,no game designation yet (Limited),w_td 0.02; team TD 2.17,0.9575230478992892,INTL neutral site
Ben Sinnott,WAS,IND,TE,IND@WAS,2plus_td,0.0003659365361493021,273171,0.0,0.03100005227664802,C,no game designation yet (Limited),w_td 0.02; team TD 2.17,0.9575230478992892,INTL neutral site
Antonio Williams,WAS,IND,WR,IND@WAS,anytime_td,0.2096,377,0.0,0.23275,C,-,tgt_sh 11.3%; team att 32.5; opp DvP 1.17; RZ tgt 2,1.0,INTL neutral site
Antonio Williams,WAS,IND,WR,IND@WAS,first_td,0.045617867965367966,2092,0.0,0.23275,C,-,tgt_sh 11.3%; team att 32.5; opp DvP 1.17; RZ tgt 2,1.0,INTL neutral site
Antonio Williams,WAS,IND,WR,IND@WAS,last_td,0.045617867965367966,2092,0.0,0.23275,C,-,tgt_sh 11.3%; team att 32.5; opp DvP 1.17; RZ tgt 2,1.0,INTL neutral site
Antonio Williams,WAS,IND,WR,IND@WAS,2plus_td,0.0218,4487,0.0,0.23275,C,-,tgt_sh 11.3%; team att 32.5; opp DvP 1.17; RZ tgt 2,1.0,INTL neutral site
Colson Yankoff,WAS,IND,TE,IND@WAS,anytime_td,0.024,4067,0.0,0.02435,C,-,w_td 0.02; team TD 2.17,1.0,INTL neutral site
Colson Yankoff,WAS,IND,TE,IND@WAS,first_td,0.004736554834054834,21012,0.0,0.02435,C,-,w_td 0.02; team TD 2.17,1.0,INTL neutral site
Colson Yankoff,WAS,IND,TE,IND@WAS,last_td,0.004736554834054834,21012,0.0,0.02435,C,-,w_td 0.02; team TD 2.17,1.0,INTL neutral site
Colson Yankoff,WAS,IND,TE,IND@WAS,2plus_td,0.00035,285614,0.0,0.02435,C,-,w_td 0.02; team TD 2.17,1.0,INTL neutral site
Cam Ward,TEN,BAL,QB,TEN@BAL,anytime_td,0.11715,754,0.12485,0.0,B,-,team att 34.4; ypa 6.30; opp d_ypa 0.96; pass rate 60.7%,1.0,
Cam Ward,TEN,BAL,QB,TEN@BAL,first_td,0.02587110445110445,3765,0.12485,0.0,B,-,team att 34.4; ypa 6.30; opp d_ypa 0.96; pass rate 60.7%,1.0,
Cam Ward,TEN,BAL,QB,TEN@BAL,last_td,0.02587110445110445,3765,0.12485,0.0,B,-,team att 34.4; ypa 6.30; opp d_ypa 0.96; pass rate 60.7%,1.0,
Cam Ward,TEN,BAL,QB,TEN@BAL,2plus_td,0.00745,13323,0.12485,0.0,B,-,team att 34.4; ypa 6.30; opp d_ypa 0.96; pass rate 60.7%,1.0,
Elic Ayomanor,TEN,BAL,WR,TEN@BAL,anytime_td,0.16245,516,0.0,0.1769,B,-,tgt_sh 12.8%; team att 34.4; opp DvP 1.01; RZ tgt 5,1.0,
Elic Ayomanor,TEN,BAL,WR,TEN@BAL,first_td,0.03555557775557776,2712,0.0,0.1769,B,-,tgt_sh 12.8%; team att 34.4; opp DvP 1.01; RZ tgt 5,1.0,
Elic Ayomanor,TEN,BAL,WR,TEN@BAL,last_td,0.03555557775557776,2712,0.0,0.1769,B,-,tgt_sh 12.8%; team att 34.4; opp DvP 1.01; RZ tgt 5,1.0,
Elic Ayomanor,TEN,BAL,WR,TEN@BAL,2plus_td,0.01385,7120,0.0,0.1769,B,-,tgt_sh 12.8%; team att 34.4; opp DvP 1.01; RZ tgt 5,1.0,
Daniel Bellinger,TEN,BAL,TE,TEN@BAL,anytime_td,0.0267,3645,0.0,0.02705,C,-,tgt_sh 4.0%; team att 34.4; opp DvP 0.83; RZ tgt 0,1.0,
Daniel Bellinger,TEN,BAL,TE,TEN@BAL,first_td,0.005339253246753248,18629,0.0,0.02705,C,-,tgt_sh 4.0%; team att 34.4; opp DvP 0.83; RZ tgt 0,1.0,
Daniel Bellinger,TEN,BAL,TE,TEN@BAL,last_td,0.005339253246753248,18629,0.0,0.02705,C,-,tgt_sh 4.0%; team att 34.4; opp DvP 0.83; RZ tgt 0,1.0,
Daniel Bellinger,TEN,BAL,TE,TEN@BAL,2plus_td,0.00035,285614,0.0,0.02705,C,-,tgt_sh 4.0%; team att 34.4; opp DvP 0.83; RZ tgt 0,1.0,
Chimere Dike,TEN,BAL,WR,TEN@BAL,anytime_td,0.0475,2005,0.0,0.04855,C,-,tgt_sh 6.4%; team att 34.4; opp DvP 1.01; RZ tgt 0,1.0,
Chimere Dike,TEN,BAL,WR,TEN@BAL,first_td,0.009836709956709955,10066,0.0,0.04855,C,-,tgt_sh 6.4%; team att 34.4; opp DvP 1.01; RZ tgt 0,1.0,
Chimere Dike,TEN,BAL,WR,TEN@BAL,last_td,0.009836709956709955,10066,0.0,0.04855,C,-,tgt_sh 6.4%; team att 34.4; opp DvP 1.01; RZ tgt 0,1.0,
Chimere Dike,TEN,BAL,WR,TEN@BAL,2plus_td,0.00105,95138,0.0,0.04855,C,-,tgt_sh 6.4%; team att 34.4; opp DvP 1.01; RZ tgt 0,1.0,
Gunnar Helm,TEN,BAL,TE,TEN@BAL,anytime_td,0.1244,704,0.0,0.1308,C,-,tgt_sh 12.6%; team att 34.4; opp DvP 0.83; RZ tgt 3,1.0,
Gunnar Helm,TEN,BAL,TE,TEN@BAL,first_td,0.026674287518037517,3649,0.0,0.1308,C,-,tgt_sh 12.6%; team att 34.4; opp DvP 0.83; RZ tgt 3,1.0,
Gunnar Helm,TEN,BAL,TE,TEN@BAL,last_td,0.026674287518037517,3649,0.0,0.1308,C,-,tgt_sh 12.6%; team att 34.4; opp DvP 0.83; RZ tgt 3,1.0,
Gunnar Helm,TEN,BAL,TE,TEN@BAL,2plus_td,0.0062,16029,0.0,0.1308,C,-,tgt_sh 12.6%; team att 34.4; opp DvP 0.83; RZ tgt 3,1.0,
Tony Pollard,TEN,BAL,RB,TEN@BAL,anytime_td,0.3485693246370713,187,0.3791289711760993,0.04470860509152114,B,no game designation yet (Full),tgt_sh 6.2%; team att 34.4; opp DvP 1.00; RZ tgt 0; car_sh 55.3%; team rush 23.5; opp d_ypc 0.99; inside-10 car 5,0.9508674235277402,
Tony Pollard,TEN,BAL,RB,TEN@BAL,first_td,0.08656478071452825,1055,0.3791289711760993,0.04470860509152114,B,no game designation yet (Full),tgt_sh 6.2%; team att 34.4; opp DvP 1.00; RZ tgt 0; car_sh 55.3%; team rush 23.5; opp d_ypc 0.99; inside-10 car 5,0.9508674235277402,
Tony Pollard,TEN,BAL,RB,TEN@BAL,last_td,0.08656478071452825,1055,0.3791289711760993,0.04470860509152114,B,no game designation yet (Full),tgt_sh 6.2%; team att 34.4; opp DvP 1.00; RZ tgt 0; car_sh 55.3%; team rush 23.5; opp d_ypc 0.99; inside-10 car 5,0.9508674235277402,
Tony Pollard,TEN,BAL,RB,TEN@BAL,2plus_td,0.06559015358720809,1425,0.3791289711760993,0.04470860509152114,B,no game designation yet (Full),tgt_sh 6.2%; team att 34.4; opp DvP 1.00; RZ tgt 0; car_sh 55.3%; team rush 23.5; opp d_ypc 0.99; inside-10 car 5,0.9508674235277402,
Calvin Ridley,TEN,BAL,WR,TEN@BAL,anytime_td,0.05795,1626,0.0,0.0595,C,-,tgt_sh 8.5%; team att 34.4; opp DvP 1.01; RZ tgt 0,1.0,
Calvin Ridley,TEN,BAL,WR,TEN@BAL,first_td,0.012067509018759017,8187,0.0,0.0595,C,-,tgt_sh 8.5%; team att 34.4; opp DvP 1.01; RZ tgt 0,1.0,
Calvin Ridley,TEN,BAL,WR,TEN@BAL,last_td,0.012067509018759017,8187,0.0,0.0595,C,-,tgt_sh 8.5%; team att 34.4; opp DvP 1.01; RZ tgt 0,1.0,
Calvin Ridley,TEN,BAL,WR,TEN@BAL,2plus_td,0.00145,68866,0.0,0.0595,C,-,tgt_sh 8.5%; team att 34.4; opp DvP 1.01; RZ tgt 0,1.0,
Wan'Dale Robinson,TEN,BAL,WR,TEN@BAL,anytime_td,0.1725,480,0.0,0.1886,B,-,tgt_sh 18.8%; team att 34.4; opp DvP 1.01; RZ tgt 3,1.0,
Wan'Dale Robinson,TEN,BAL,WR,TEN@BAL,first_td,0.03871683441558441,2483,0.0,0.1886,B,-,tgt_sh 18.8%; team att 34.4; opp DvP 1.01; RZ tgt 3,1.0,
Wan'Dale Robinson,TEN,BAL,WR,TEN@BAL,last_td,0.03871683441558441,2483,0.0,0.1886,B,-,tgt_sh 18.8%; team att 34.4; opp DvP 1.01; RZ tgt 3,1.0,
Wan'Dale Robinson,TEN,BAL,WR,TEN@BAL,2plus_td,0.01585,6209,0.0,0.1886,B,-,tgt_sh 18.8%; team att 34.4; opp DvP 1.01; RZ tgt 3,1.0,
Nicholas Singleton,TEN,BAL,RB,TEN@BAL,anytime_td,0.04885,1947,0.0453,0.00465,C,-,w_td 0.07; team TD 1.51,1.0,
Nicholas Singleton,TEN,BAL,RB,TEN@BAL,first_td,0.010261195887445888,9645,0.0453,0.00465,C,-,w_td 0.07; team TD 1.51,1.0,
Nicholas Singleton,TEN,BAL,RB,TEN@BAL,last_td,0.010261195887445888,9645,0.0453,0.00465,C,-,w_td 0.07; team TD 1.51,1.0,
Nicholas Singleton,TEN,BAL,RB,TEN@BAL,2plus_td,0.00105,95138,0.0453,0.00465,C,-,w_td 0.07; team TD 1.51,1.0,
Tyjae Spears,TEN,BAL,RB,TEN@BAL,anytime_td,0.1619688081270568,517,0.11711260552296465,0.05780512233509801,B,Questionable (Full),tgt_sh 8.4%; team att 34.4; opp DvP 1.00; RZ tgt 0; car_sh 22.2%; team rush 23.5; opp d_ypc 0.99; inside-10 car 0,0.7075836643559986,
Tyjae Spears,TEN,BAL,RB,TEN@BAL,first_td,0.03596192801014664,2681,0.11711260552296465,0.05780512233509801,B,Questionable (Full),tgt_sh 8.4%; team att 34.4; opp DvP 1.00; RZ tgt 0; car_sh 22.2%; team rush 23.5; opp d_ypc 0.99; inside-10 car 0,0.7075836643559986,
Tyjae Spears,TEN,BAL,RB,TEN@BAL,last_td,0.03596192801014664,2681,0.11711260552296465,0.05780512233509801,B,Questionable (Full),tgt_sh 8.4%; team att 34.4; opp DvP 1.00; RZ tgt 0; car_sh 22.2%; team rush 23.5; opp d_ypc 0.99; inside-10 car 0,0.7075836643559986,
Tyjae Spears,TEN,BAL,RB,TEN@BAL,2plus_td,0.012090427815138074,8171,0.11711260552296465,0.05780512233509801,B,Questionable (Full),tgt_sh 8.4%; team att 34.4; opp DvP 1.00; RZ tgt 0; car_sh 22.2%; team rush 23.5; opp d_ypc 0.99; inside-10 car 0,0.7075836643559986,
Carnell Tate,TEN,BAL,WR,TEN@BAL,anytime_td,0.14865,573,0.0,0.16065,B,-,tgt_sh 20.5%; team att 34.4; opp DvP 1.01; RZ tgt 1,1.0,
Carnell Tate,TEN,BAL,WR,TEN@BAL,first_td,0.03237451479076479,2989,0.0,0.16065,B,-,tgt_sh 20.5%; team att 34.4; opp DvP 1.01; RZ tgt 1,1.0,
Carnell Tate,TEN,BAL,WR,TEN@BAL,last_td,0.03237451479076479,2989,0.0,0.16065,B,-,tgt_sh 20.5%; team att 34.4; opp DvP 1.01; RZ tgt 1,1.0,
Carnell Tate,TEN,BAL,WR,TEN@BAL,2plus_td,0.0114,8672,0.0,0.16065,B,-,tgt_sh 20.5%; team att 34.4; opp DvP 1.01; RZ tgt 1,1.0,
Lamar Jackson,BAL,TEN,QB,TEN@BAL,anytime_td,0.2072990468423467,382,0.23064376369845557,0.0,B,no game designation yet (Full),team att 26.6; ypa 8.07; opp d_ypa 1.00; pass rate 46.7%,0.98,
Lamar Jackson,BAL,TEN,QB,TEN@BAL,first_td,0.04896503867654283,1942,0.23064376369845557,0.0,B,no game designation yet (Full),team att 26.6; ypa 8.07; opp d_ypa 1.00; pass rate 46.7%,0.98,
Lamar Jackson,BAL,TEN,QB,TEN@BAL,last_td,0.04896503867654283,1942,0.23064376369845557,0.0,B,no game designation yet (Full),team att 26.6; ypa 8.07; opp d_ypa 1.00; pass rate 46.7%,0.98,
Lamar Jackson,BAL,TEN,QB,TEN@BAL,2plus_td,0.021509760946021715,4549,0.23064376369845557,0.0,B,no game designation yet (Full),team att 26.6; ypa 8.07; opp d_ypa 1.00; pass rate 46.7%,0.98,
Rasheen Ali,BAL,TEN,RB,TEN@BAL,anytime_td,0.0497,1912,0.0242,0.02645,C,-,w_td 0.03; team TD 3.03,1.0,
Rasheen Ali,BAL,TEN,RB,TEN@BAL,first_td,0.011050818903318903,8949,0.0242,0.02645,C,-,w_td 0.03; team TD 3.03,1.0,
Rasheen Ali,BAL,TEN,RB,TEN@BAL,last_td,0.011050818903318903,8949,0.0242,0.02645,C,-,w_td 0.03; team TD 3.03,1.0,
Rasheen Ali,BAL,TEN,RB,TEN@BAL,2plus_td,0.00095,105163,0.0242,0.02645,C,-,w_td 0.03; team TD 3.03,1.0,
Mark Andrews,BAL,TEN,TE,TEN@BAL,anytime_td,0.2967935555204549,237,0.0,0.3480756068025062,B,no game designation yet (Full),tgt_sh 19.8%; team att 26.6; opp DvP 0.97; RZ tgt 1,0.9479829842591244,
Mark Andrews,BAL,TEN,TE,TEN@BAL,first_td,0.07265829199962828,1276,0.0,0.3480756068025062,B,no game designation yet (Full),tgt_sh 19.8%; team att 26.6; opp DvP 0.97; RZ tgt 1,0.9479829842591244,
Mark Andrews,BAL,TEN,TE,TEN@BAL,last_td,0.07265829199962828,1276,0.0,0.3480756068025062,B,no game designation yet (Full),tgt_sh 19.8%; team att 26.6; opp DvP 0.97; RZ tgt 1,0.9479829842591244,
Mark Andrews,BAL,TEN,TE,TEN@BAL,2plus_td,0.04696467119465066,2029,0.0,0.3480756068025062,B,no game designation yet (Full),tgt_sh 19.8%; team att 26.6; opp DvP 0.97; RZ tgt 1,0.9479829842591244,
Rashod Bateman,BAL,TEN,WR,TEN@BAL,anytime_td,0.2556,291,0.0,0.2946,C,-,tgt_sh 12.6%; team att 26.6; opp DvP 1.06; RZ tgt 2,1.0,
Rashod Bateman,BAL,TEN,WR,TEN@BAL,first_td,0.06165165223665224,1522,0.0,0.2946,C,-,tgt_sh 12.6%; team att 26.6; opp DvP 1.06; RZ tgt 2,1.0,
Rashod Bateman,BAL,TEN,WR,TEN@BAL,last_td,0.06165165223665224,1522,0.0,0.2946,C,-,tgt_sh 12.6%; team att 26.6; opp DvP 1.06; RZ tgt 2,1.0,
Rashod Bateman,BAL,TEN,WR,TEN@BAL,2plus_td,0.03585,2689,0.0,0.2946,C,-,tgt_sh 12.6%; team att 26.6; opp DvP 1.06; RZ tgt 2,1.0,
Josh Cuevas,BAL,TEN,TE,TEN@BAL,anytime_td,0.0185,5305,0.0,0.01865,C,-,w_td 0.01; team TD 3.03,1.0,
Josh Cuevas,BAL,TEN,TE,TEN@BAL,first_td,0.003896170634920635,25566,0.0,0.01865,C,-,w_td 0.01; team TD 3.03,1.0,
Josh Cuevas,BAL,TEN,TE,TEN@BAL,last_td,0.003896170634920635,25566,0.0,0.01865,C,-,w_td 0.01; team TD 3.03,1.0,
Josh Cuevas,BAL,TEN,TE,TEN@BAL,2plus_td,0.00015,666567,0.0,0.01865,C,-,w_td 0.01; team TD 3.03,1.0,
Zay Flowers,BAL,TEN,WR,TEN@BAL,anytime_td,0.36832981609888454,171,0.0104009647271631,0.44241784745251733,C,Questionable (Limited),tgt_sh 24.9%; team att 26.6; opp DvP 1.06; RZ tgt 2,0.6667342299285288,
Zay Flowers,BAL,TEN,WR,TEN@BAL,first_td,0.09481534464764795,955,0.0104009647271631,0.44241784745251733,C,Questionable (Limited),tgt_sh 24.9%; team att 26.6; opp DvP 1.06; RZ tgt 2,0.6667342299285288,
Zay Flowers,BAL,TEN,WR,TEN@BAL,last_td,0.09481534464764795,955,0.0104009647271631,0.44241784745251733,C,Questionable (Limited),tgt_sh 24.9%; team att 26.6; opp DvP 1.06; RZ tgt 2,0.6667342299285288,
Zay Flowers,BAL,TEN,WR,TEN@BAL,2plus_td,0.0740880313536328,1250,0.0104009647271631,0.44241784745251733,C,Questionable (Limited),tgt_sh 24.9%; team att 26.6; opp DvP 1.06; RZ tgt 2,0.6667342299285288,
Derrick Henry,BAL,TEN,RB,TEN@BAL,anytime_td,0.71835,-255,1.1099,0.0822,B,-,tgt_sh 5.0%; team att 26.6; opp DvP 0.99; RZ tgt 0; car_sh 63.2%; team rush 32.9; opp d_ypc 0.93; inside-10 car 14,1.0,
Derrick Henry,BAL,TEN,RB,TEN@BAL,first_td,0.2526946522921523,296,1.1099,0.0822,B,-,tgt_sh 5.0%; team att 26.6; opp DvP 0.99; RZ tgt 0; car_sh 63.2%; team rush 32.9; opp d_ypc 0.93; inside-10 car 14,1.0,
Derrick Henry,BAL,TEN,RB,TEN@BAL,last_td,0.2526946522921523,296,1.1099,0.0822,B,-,tgt_sh 5.0%; team att 26.6; opp DvP 0.99; RZ tgt 0; car_sh 63.2%; team rush 32.9; opp d_ypc 0.93; inside-10 car 14,1.0,
Derrick Henry,BAL,TEN,RB,TEN@BAL,2plus_td,0.3398,194,1.1099,0.0822,B,-,tgt_sh 5.0%; team att 26.6; opp DvP 0.99; RZ tgt 0; car_sh 63.2%; team rush 32.9; opp d_ypc 0.93; inside-10 car 14,1.0,
Matthew Hibner,BAL,TEN,TE,TEN@BAL,anytime_td,0.08605,1062,0.0,0.08995,C,-,w_td 0.05; team TD 3.03,1.0,
Matthew Hibner,BAL,TEN,TE,TEN@BAL,first_td,0.01923512681762682,5099,0.0,0.08995,C,-,w_td 0.05; team TD 3.03,1.0,
Matthew Hibner,BAL,TEN,TE,TEN@BAL,last_td,0.01923512681762682,5099,0.0,0.08995,C,-,w_td 0.05; team TD 3.03,1.0,
Matthew Hibner,BAL,TEN,TE,TEN@BAL,2plus_td,0.0038,26216,0.0,0.08995,C,-,w_td 0.05; team TD 3.03,1.0,
Justice Hill,BAL,TEN,RB,TEN@BAL,anytime_td,0.2178,359,0.1637,0.08065,C,-,tgt_sh 5.1%; team att 26.6; opp DvP 0.99; RZ tgt 0; car_sh 13.8%; team rush 32.9; opp d_ypc 0.93; inside-10 car 0,1.0,
Justice Hill,BAL,TEN,RB,TEN@BAL,first_td,0.05168047438672438,1835,0.1637,0.08065,C,-,tgt_sh 5.1%; team att 26.6; opp DvP 0.99; RZ tgt 0; car_sh 13.8%; team rush 32.9; opp d_ypc 0.93; inside-10 car 0,1.0,
Justice Hill,BAL,TEN,RB,TEN@BAL,last_td,0.05168047438672438,1835,0.1637,0.08065,C,-,tgt_sh 5.1%; team att 26.6; opp DvP 0.99; RZ tgt 0; car_sh 13.8%; team rush 32.9; opp d_ypc 0.93; inside-10 car 0,1.0,
Justice Hill,BAL,TEN,RB,TEN@BAL,2plus_td,0.0249,3916,0.1637,0.08065,C,-,tgt_sh 5.1%; team att 26.6; opp DvP 0.99; RZ tgt 0; car_sh 13.8%; team rush 32.9; opp d_ypc 0.93; inside-10 car 0,1.0,
Chris Moore,BAL,TEN,WR,TEN@BAL,anytime_td,0.14488935721812435,590,0.0,0.15489989462592202,C,Questionable (Limited),tgt_sh 7.1%; team att 26.6; opp DvP 1.06; RZ tgt 1,0.6667342299285288,
Chris Moore,BAL,TEN,WR,TEN@BAL,first_td,0.03254140130363222,2973,0.0,0.15489989462592202,C,Questionable (Limited),tgt_sh 7.1%; team att 26.6; opp DvP 1.06; RZ tgt 1,0.6667342299285288,
Chris Moore,BAL,TEN,WR,TEN@BAL,last_td,0.03254140130363222,2973,0.0,0.15489989462592202,C,Questionable (Limited),tgt_sh 7.1%; team att 26.6; opp DvP 1.06; RZ tgt 1,0.6667342299285288,
Chris Moore,BAL,TEN,WR,TEN@BAL,2plus_td,0.009709468613578203,10199,0.0,0.15489989462592202,C,Questionable (Limited),tgt_sh 7.1%; team att 26.6; opp DvP 1.06; RZ tgt 1,0.6667342299285288,
Durham Smythe,BAL,TEN,TE,TEN@BAL,anytime_td,0.06669476346012011,1399,0.0,0.06859129701822779,C,no game designation yet (Full),w_td 0.04; team TD 3.03,0.9479829842591244,
Durham Smythe,BAL,TEN,TE,TEN@BAL,first_td,0.01433249286215254,6877,0.0,0.06859129701822779,C,no game designation yet (Full),w_td 0.04; team TD 3.03,0.9479829842591244,
Durham Smythe,BAL,TEN,TE,TEN@BAL,last_td,0.01433249286215254,6877,0.0,0.06859129701822779,C,no game designation yet (Full),w_td 0.04; team TD 3.03,0.9479829842591244,
Durham Smythe,BAL,TEN,TE,TEN@BAL,2plus_td,0.0018965335581076809,52628,0.0,0.06859129701822779,C,no game designation yet (Full),w_td 0.04; team TD 3.03,0.9479829842591244,
Devontez Walker,BAL,TEN,WR,TEN@BAL,anytime_td,0.06145,1527,0.0,0.06315,C,-,tgt_sh 3.8%; team att 26.6; opp DvP 1.06; RZ tgt 0,1.0,
Devontez Walker,BAL,TEN,WR,TEN@BAL,first_td,0.013321136363636361,7407,0.0,0.06315,C,-,tgt_sh 3.8%; team att 26.6; opp DvP 1.06; RZ tgt 0,1.0,
Devontez Walker,BAL,TEN,WR,TEN@BAL,last_td,0.013321136363636361,7407,0.0,0.06315,C,-,tgt_sh 3.8%; team att 26.6; opp DvP 1.06; RZ tgt 0,1.0,
Devontez Walker,BAL,TEN,WR,TEN@BAL,2plus_td,0.0017,58724,0.0,0.06315,C,-,tgt_sh 3.8%; team att 26.6; opp DvP 1.06; RZ tgt 0,1.0,
LaJohntay Wester,BAL,TEN,WR,TEN@BAL,anytime_td,0.03455,2794,0.0,0.0349,C,-,w_td 0.02; team TD 3.03,1.0,
LaJohntay Wester,BAL,TEN,WR,TEN@BAL,first_td,0.007608811882561882,13043,0.0,0.0349,C,-,w_td 0.02; team TD 3.03,1.0,
LaJohntay Wester,BAL,TEN,WR,TEN@BAL,last_td,0.007608811882561882,13043,0.0,0.0349,C,-,w_td 0.02; team TD 3.03,1.0,
LaJohntay Wester,BAL,TEN,WR,TEN@BAL,2plus_td,0.00035,285614,0.0,0.0349,C,-,w_td 0.02; team TD 3.03,1.0,
Drake Maye,NE,BUF,QB,NE@BUF,anytime_td,0.11539443451621138,767,0.12218534592800613,0.0,B,no game designation yet (Full),team att 31.6; ypa 7.52; opp d_ypa 1.03; pass rate 55.6%,0.98,
Drake Maye,NE,BUF,QB,NE@BUF,first_td,0.021290153695055405,4597,0.12218534592800613,0.0,B,no game designation yet (Full),team att 31.6; ypa 7.52; opp d_ypa 1.03; pass rate 55.6%,0.98,
Drake Maye,NE,BUF,QB,NE@BUF,last_td,0.021290153695055405,4597,0.12218534592800613,0.0,B,no game designation yet (Full),team att 31.6; ypa 7.52; opp d_ypa 1.03; pass rate 55.6%,0.98,
Drake Maye,NE,BUF,QB,NE@BUF,2plus_td,0.00648455450599949,15321,0.12218534592800613,0.0,B,no game designation yet (Full),team att 31.6; ypa 7.52; opp d_ypa 1.03; pass rate 55.6%,0.98,
Efton Chism III,NE,BUF,WR,NE@BUF,anytime_td,0.0769,1200,0.0,0.0789,C,-,w_td 0.05; team TD 2.19,1.0,
Efton Chism III,NE,BUF,WR,NE@BUF,first_td,0.013891815545565544,7098,0.0,0.0789,C,-,w_td 0.05; team TD 2.19,1.0,
Efton Chism III,NE,BUF,WR,NE@BUF,last_td,0.013891815545565544,7098,0.0,0.0789,C,-,w_td 0.05; team TD 2.19,1.0,
Efton Chism III,NE,BUF,WR,NE@BUF,2plus_td,0.002,49900,0.0,0.0789,C,-,w_td 0.05; team TD 2.19,1.0,
Romeo Doubs,NE,BUF,WR,NE@BUF,anytime_td,0.20525,387,0.0,0.2273,C,-,tgt_sh 14.1%; team att 31.6; opp DvP 1.01; RZ tgt 1,1.0,
Romeo Doubs,NE,BUF,WR,NE@BUF,first_td,0.03912331252081252,2456,0.0,0.2273,C,-,tgt_sh 14.1%; team att 31.6; opp DvP 1.01; RZ tgt 1,1.0,
Romeo Doubs,NE,BUF,WR,NE@BUF,last_td,0.03912331252081252,2456,0.0,0.2273,C,-,tgt_sh 14.1%; team att 31.6; opp DvP 1.01; RZ tgt 1,1.0,
Romeo Doubs,NE,BUF,WR,NE@BUF,2plus_td,0.0209,4685,0.0,0.2273,C,-,tgt_sh 14.1%; team att 31.6; opp DvP 1.01; RZ tgt 1,1.0,
DeMario Douglas,NE,BUF,WR,NE@BUF,anytime_td,0.1824,448,0.0,0.20215,C,-,tgt_sh 11.8%; team att 31.6; opp DvP 1.01; RZ tgt 1,1.0,
DeMario Douglas,NE,BUF,WR,NE@BUF,first_td,0.03463868117993118,2787,0.0,0.20215,C,-,tgt_sh 11.8%; team att 31.6; opp DvP 1.01; RZ tgt 1,1.0,
DeMario Douglas,NE,BUF,WR,NE@BUF,last_td,0.03463868117993118,2787,0.0,0.20215,C,-,tgt_sh 11.8%; team att 31.6; opp DvP 1.01; RZ tgt 1,1.0,
DeMario Douglas,NE,BUF,WR,NE@BUF,2plus_td,0.0182,5395,0.0,0.20215,C,-,tgt_sh 11.8%; team att 31.6; opp DvP 1.01; RZ tgt 1,1.0,
Reggie Gilliam,NE,BUF,RB,NE@BUF,anytime_td,0.024649514712679094,3957,0.0,0.025111693113541826,C,Questionable (Limited),w_td 0.02; team TD 2.19,0.6469461218980005,
Reggie Gilliam,NE,BUF,RB,NE@BUF,first_td,0.004538357361497093,21934,0.0,0.025111693113541826,C,Questionable (Limited),w_td 0.02; team TD 2.19,0.6469461218980005,
Reggie Gilliam,NE,BUF,RB,NE@BUF,last_td,0.004538357361497093,21934,0.0,0.025111693113541826,C,Questionable (Limited),w_td 0.02; team TD 2.19,0.6469461218980005,
Reggie Gilliam,NE,BUF,RB,NE@BUF,2plus_td,0.00046217840086273303,216267,0.0,0.025111693113541826,C,Questionable (Limited),w_td 0.02; team TD 2.19,0.6469461218980005,
TreVeyon Henderson,NE,BUF,RB,NE@BUF,anytime_td,0.28015,257,0.26465,0.05765,B,-,tgt_sh 4.1%; team att 31.6; opp DvP 0.99; RZ tgt 0; car_sh 39.2%; team rush 27.6; opp d_ypc 0.98; inside-10 car 0,1.0,
TreVeyon Henderson,NE,BUF,RB,NE@BUF,first_td,0.056394399628149634,1673,0.26465,0.05765,B,-,tgt_sh 4.1%; team att 31.6; opp DvP 0.99; RZ tgt 0; car_sh 39.2%; team rush 27.6; opp d_ypc 0.98; inside-10 car 0,1.0,
TreVeyon Henderson,NE,BUF,RB,NE@BUF,last_td,0.056394399628149634,1673,0.26465,0.05765,B,-,tgt_sh 4.1%; team att 31.6; opp DvP 0.99; RZ tgt 0; car_sh 39.2%; team rush 27.6; opp d_ypc 0.98; inside-10 car 0,1.0,
TreVeyon Henderson,NE,BUF,RB,NE@BUF,2plus_td,0.0389,2471,0.26465,0.05765,B,-,tgt_sh 4.1%; team att 31.6; opp DvP 0.99; RZ tgt 0; car_sh 39.2%; team rush 27.6; opp d_ypc 0.98; inside-10 car 0,1.0,
Hunter Henry,NE,BUF,TE,NE@BUF,anytime_td,0.19315,418,0.0,0.21185,C,-,tgt_sh 14.2%; team att 31.6; opp DvP 0.81; RZ tgt 1,1.0,
Hunter Henry,NE,BUF,TE,NE@BUF,first_td,0.03655958361083361,2635,0.0,0.21185,C,-,tgt_sh 14.2%; team att 31.6; opp DvP 0.81; RZ tgt 1,1.0,
Hunter Henry,NE,BUF,TE,NE@BUF,last_td,0.03655958361083361,2635,0.0,0.21185,C,-,tgt_sh 14.2%; team att 31.6; opp DvP 0.81; RZ tgt 1,1.0,
Hunter Henry,NE,BUF,TE,NE@BUF,2plus_td,0.01785,5502,0.0,0.21185,C,-,tgt_sh 14.2%; team att 31.6; opp DvP 0.81; RZ tgt 1,1.0,
Mack Hollins,NE,BUF,WR,NE@BUF,anytime_td,0.32035,212,0.0,0.3792,B,-,tgt_sh 15.8%; team att 31.6; opp DvP 1.01; RZ tgt 4,1.0,
Mack Hollins,NE,BUF,WR,NE@BUF,first_td,0.06580140345765347,1420,0.0,0.3792,B,-,tgt_sh 15.8%; team att 31.6; opp DvP 1.01; RZ tgt 4,1.0,
Mack Hollins,NE,BUF,WR,NE@BUF,last_td,0.06580140345765347,1420,0.0,0.3792,B,-,tgt_sh 15.8%; team att 31.6; opp DvP 1.01; RZ tgt 4,1.0,
Mack Hollins,NE,BUF,WR,NE@BUF,2plus_td,0.0533,1776,0.0,0.3792,B,-,tgt_sh 15.8%; team att 31.6; opp DvP 1.01; RZ tgt 4,1.0,
Corey Kiner,NE,BUF,RB,NE@BUF,anytime_td,0.08165,1125,0.07435,0.01095,C,-,car_sh 11.1%; team rush 27.6; opp d_ypc 0.98; inside-10 car 0,1.0,
Corey Kiner,NE,BUF,RB,NE@BUF,first_td,0.014775248778998778,6668,0.07435,0.01095,C,-,car_sh 11.1%; team rush 27.6; opp d_ypc 0.98; inside-10 car 0,1.0,
Corey Kiner,NE,BUF,RB,NE@BUF,last_td,0.014775248778998778,6668,0.07435,0.01095,C,-,car_sh 11.1%; team rush 27.6; opp d_ypc 0.98; inside-10 car 0,1.0,
Corey Kiner,NE,BUF,RB,NE@BUF,2plus_td,0.0036,27678,0.07435,0.01095,C,-,car_sh 11.1%; team rush 27.6; opp d_ypc 0.98; inside-10 car 0,1.0,
Lan Larison,NE,BUF,RB,NE@BUF,anytime_td,0.04645,2053,0.00355,0.04365,C,-,tgt_sh 3.1%; team att 31.6; opp DvP 0.99; RZ tgt 0,1.0,
Lan Larison,NE,BUF,RB,NE@BUF,first_td,0.008018408397158398,12371,0.00355,0.04365,C,-,tgt_sh 3.1%; team att 31.6; opp DvP 0.99; RZ tgt 0,1.0,
Lan Larison,NE,BUF,RB,NE@BUF,last_td,0.008018408397158398,12371,0.00355,0.04365,C,-,tgt_sh 3.1%; team att 31.6; opp DvP 0.99; RZ tgt 0,1.0,
Lan Larison,NE,BUF,RB,NE@BUF,2plus_td,0.00075,133233,0.00355,0.04365,C,-,tgt_sh 3.1%; team att 31.6; opp DvP 0.99; RZ tgt 0,1.0,
Eli Raridon,NE,BUF,TE,NE@BUF,anytime_td,0.05823202761518835,1617,0.0,0.05965781179648807,C,Questionable (Limited),w_td 0.04; team TD 2.19,0.6667342299285288,
Eli Raridon,NE,BUF,TE,NE@BUF,first_td,0.010656924411989697,9284,0.0,0.05965781179648807,C,Questionable (Limited),w_td 0.04; team TD 2.19,0.6667342299285288,
Eli Raridon,NE,BUF,TE,NE@BUF,last_td,0.010656924411989697,9284,0.0,0.05965781179648807,C,Questionable (Limited),w_td 0.04; team TD 2.19,0.6667342299285288,
Eli Raridon,NE,BUF,TE,NE@BUF,2plus_td,0.0014257841812997149,70037,0.0,0.05965781179648807,C,Questionable (Limited),w_td 0.04; team TD 2.19,0.6667342299285288,
Rhamondre Stevenson,NE,BUF,RB,NE@BUF,anytime_td,0.3011,232,0.21615,0.1355,B,-,tgt_sh 10.0%; team att 31.6; opp DvP 0.99; RZ tgt 0; car_sh 26.6%; team rush 27.6; opp d_ypc 0.98; inside-10 car 1,1.0,
Rhamondre Stevenson,NE,BUF,RB,NE@BUF,first_td,0.060879481074481066,1543,0.21615,0.1355,B,-,tgt_sh 10.0%; team att 31.6; opp DvP 0.99; RZ tgt 0; car_sh 26.6%; team rush 27.6; opp d_ypc 0.98; inside-10 car 1,1.0,
Rhamondre Stevenson,NE,BUF,RB,NE@BUF,last_td,0.060879481074481066,1543,0.21615,0.1355,B,-,tgt_sh 10.0%; team att 31.6; opp DvP 0.99; RZ tgt 0; car_sh 26.6%; team rush 27.6; opp d_ypc 0.98; inside-10 car 1,1.0,
Rhamondre Stevenson,NE,BUF,RB,NE@BUF,2plus_td,0.0467,2041,0.21615,0.1355,B,-,tgt_sh 10.0%; team att 31.6; opp DvP 0.99; RZ tgt 0; car_sh 26.6%; team rush 27.6; opp d_ypc 0.98; inside-10 car 1,1.0,
Kyle Williams,NE,BUF,WR,NE@BUF,anytime_td,0.05975,1574,0.0,0.06165,C,-,tgt_sh 4.4%; team att 31.6; opp DvP 1.01; RZ tgt 0,1.0,
Kyle Williams,NE,BUF,WR,NE@BUF,first_td,0.010579313325563324,9352,0.0,0.06165,C,-,tgt_sh 4.4%; team att 31.6; opp DvP 1.01; RZ tgt 0,1.0,
Kyle Williams,NE,BUF,WR,NE@BUF,last_td,0.010579313325563324,9352,0.0,0.06165,C,-,tgt_sh 4.4%; team att 31.6; opp DvP 1.01; RZ tgt 0,1.0,
Kyle Williams,NE,BUF,WR,NE@BUF,2plus_td,0.00185,53954,0.0,0.06165,C,-,tgt_sh 4.4%; team att 31.6; opp DvP 1.01; RZ tgt 0,1.0,
Josh Allen,BUF,NE,QB,NE@BUF,anytime_td,0.3593,178,0.4371,0.0,B,-,team att 28.8; ypa 7.85; opp d_ypa 0.93; pass rate 51.4%,1.0,
Josh Allen,BUF,NE,QB,NE@BUF,first_td,0.0781121724109224,1180,0.4371,0.0,B,-,team att 28.8; ypa 7.85; opp d_ypa 0.93; pass rate 51.4%,1.0,
Josh Allen,BUF,NE,QB,NE@BUF,last_td,0.0781121724109224,1180,0.4371,0.0,B,-,team att 28.8; ypa 7.85; opp d_ypa 0.93; pass rate 51.4%,1.0,
Josh Allen,BUF,NE,QB,NE@BUF,2plus_td,0.06915,1346,0.4371,0.0,B,-,team att 28.8; ypa 7.85; opp d_ypa 0.93; pass rate 51.4%,1.0,
Keon Coleman,BUF,NE,WR,NE@BUF,anytime_td,0.17477505754341913,472,0.0,0.19282276626909395,C,no game designation yet (Limited),tgt_sh 11.3%; team att 28.8; opp DvP 1.07; RZ tgt 1,0.9575230478992892,
Keon Coleman,BUF,NE,WR,NE@BUF,first_td,0.03425255329288599,2819,0.0,0.19282276626909395,C,no game designation yet (Limited),tgt_sh 11.3%; team att 28.8; opp DvP 1.07; RZ tgt 1,0.9575230478992892,
Keon Coleman,BUF,NE,WR,NE@BUF,last_td,0.03425255329288599,2819,0.0,0.19282276626909395,C,no game designation yet (Limited),tgt_sh 11.3%; team att 28.8; opp DvP 1.07; RZ tgt 1,0.9575230478992892,
Keon Coleman,BUF,NE,WR,NE@BUF,2plus_td,0.017001464741577738,5782,0.0,0.19282276626909395,C,no game designation yet (Limited),tgt_sh 11.3%; team att 28.8; opp DvP 1.07; RZ tgt 1,0.9575230478992892,
James Cook,BUF,NE,RB,NE@BUF,anytime_td,0.68365,-216,0.89615,0.18325,B,-,tgt_sh 7.4%; team att 28.8; opp DvP 1.13; RZ tgt 2; car_sh 57.4%; team rush 29.6; opp d_ypc 1.02; inside-10 car 5,1.0,
James Cook,BUF,NE,RB,NE@BUF,first_td,0.1925961711899212,419,0.89615,0.18325,B,-,tgt_sh 7.4%; team att 28.8; opp DvP 1.13; RZ tgt 2; car_sh 57.4%; team rush 29.6; opp d_ypc 1.02; inside-10 car 5,1.0,
James Cook,BUF,NE,RB,NE@BUF,last_td,0.1925961711899212,419,0.89615,0.18325,B,-,tgt_sh 7.4%; team att 28.8; opp DvP 1.13; RZ tgt 2; car_sh 57.4%; team rush 29.6; opp d_ypc 1.02; inside-10 car 5,1.0,
James Cook,BUF,NE,RB,NE@BUF,2plus_td,0.2952,239,0.89615,0.18325,B,-,tgt_sh 7.4%; team att 28.8; opp DvP 1.13; RZ tgt 2; car_sh 57.4%; team rush 29.6; opp d_ypc 1.02; inside-10 car 5,1.0,
Ray Davis,BUF,NE,RB,NE@BUF,anytime_td,0.07472510453771102,1238,0.06249032058231377,0.014402973517113211,C,Questionable (Limited),w_td 0.05; team TD 3.27,0.6469461218980005,
Ray Davis,BUF,NE,RB,NE@BUF,first_td,0.01383630716331661,7127,0.06249032058231377,0.014402973517113211,C,Questionable (Limited),w_td 0.05; team TD 3.27,0.6469461218980005,
Ray Davis,BUF,NE,RB,NE@BUF,last_td,0.01383630716331661,7127,0.06249032058231377,0.014402973517113211,C,Questionable (Limited),w_td 0.05; team TD 3.27,0.6469461218980005,
Ray Davis,BUF,NE,RB,NE@BUF,2plus_td,0.002090754220226111,47730,0.06249032058231377,0.014402973517113211,C,Questionable (Limited),w_td 0.05; team TD 3.27,0.6469461218980005,
Greg Dortch,BUF,NE,WR,NE@BUF,anytime_td,0.03225,3001,0.0,0.0328,C,-,w_td 0.02; team TD 3.27,1.0,
Greg Dortch,BUF,NE,WR,NE@BUF,first_td,0.005742519841269841,17314,0.0,0.0328,C,-,w_td 0.02; team TD 3.27,1.0,
Greg Dortch,BUF,NE,WR,NE@BUF,last_td,0.005742519841269841,17314,0.0,0.0328,C,-,w_td 0.02; team TD 3.27,1.0,
Greg Dortch,BUF,NE,WR,NE@BUF,2plus_td,0.00055,181718,0.0,0.0328,C,-,w_td 0.02; team TD 3.27,1.0,
Frank Gore Jr.,BUF,NE,RB,NE@BUF,anytime_td,0.12885,676,0.1291,0.00705,C,-,car_sh 10.6%; team rush 29.6; opp d_ypc 1.02; inside-10 car 0,1.0,
Frank Gore Jr.,BUF,NE,RB,NE@BUF,first_td,0.024210153596403598,4030,0.1291,0.00705,C,-,car_sh 10.6%; team rush 29.6; opp d_ypc 1.02; inside-10 car 0,1.0,
Frank Gore Jr.,BUF,NE,RB,NE@BUF,last_td,0.024210153596403598,4030,0.1291,0.00705,C,-,car_sh 10.6%; team rush 29.6; opp d_ypc 1.02; inside-10 car 0,1.0,
Frank Gore Jr.,BUF,NE,RB,NE@BUF,2plus_td,0.0072,13789,0.1291,0.00705,C,-,car_sh 10.6%; team rush 29.6; opp d_ypc 1.02; inside-10 car 0,1.0,
Jackson Hawes,BUF,NE,TE,NE@BUF,anytime_td,0.02735,3556,0.0,0.02765,C,-,w_td 0.02; team TD 3.27,1.0,
Jackson Hawes,BUF,NE,TE,NE@BUF,first_td,0.004771919191919192,20856,0.0,0.02765,C,-,w_td 0.02; team TD 3.27,1.0,
Jackson Hawes,BUF,NE,TE,NE@BUF,last_td,0.004771919191919192,20856,0.0,0.02765,C,-,w_td 0.02; team TD 3.27,1.0,
Jackson Hawes,BUF,NE,TE,NE@BUF,2plus_td,0.0003,333233,0.0,0.02765,C,-,w_td 0.02; team TD 3.27,1.0,
Ty Johnson,BUF,NE,RB,NE@BUF,anytime_td,0.1338,647,0.0271,0.11625,C,-,tgt_sh 8.5%; team att 28.8; opp DvP 1.13; RZ tgt 0,1.0,
Ty Johnson,BUF,NE,RB,NE@BUF,first_td,0.02533577727827728,3847,0.0271,0.11625,C,-,tgt_sh 8.5%; team att 28.8; opp DvP 1.13; RZ tgt 0,1.0,
Ty Johnson,BUF,NE,RB,NE@BUF,last_td,0.02533577727827728,3847,0.0271,0.11625,C,-,tgt_sh 8.5%; team att 28.8; opp DvP 1.13; RZ tgt 0,1.0,
Ty Johnson,BUF,NE,RB,NE@BUF,2plus_td,0.00905,10950,0.0271,0.11625,C,-,tgt_sh 8.5%; team att 28.8; opp DvP 1.13; RZ tgt 0,1.0,
Dalton Kincaid,BUF,NE,TE,NE@BUF,anytime_td,0.22505,344,0.0,0.25305,B,-,tgt_sh 17.5%; team att 28.8; opp DvP 0.91; RZ tgt 1,1.0,
Dalton Kincaid,BUF,NE,TE,NE@BUF,first_td,0.04427601356976357,2159,0.0,0.25305,B,-,tgt_sh 17.5%; team att 28.8; opp DvP 0.91; RZ tgt 1,1.0,
Dalton Kincaid,BUF,NE,TE,NE@BUF,last_td,0.04427601356976357,2159,0.0,0.25305,B,-,tgt_sh 17.5%; team att 28.8; opp DvP 0.91; RZ tgt 1,1.0,
Dalton Kincaid,BUF,NE,TE,NE@BUF,2plus_td,0.0261,3731,0.0,0.25305,B,-,tgt_sh 17.5%; team att 28.8; opp DvP 0.91; RZ tgt 1,1.0,
Dawson Knox,BUF,NE,TE,NE@BUF,anytime_td,0.1068,836,0.00845,0.104,C,-,tgt_sh 5.6%; team att 28.8; opp DvP 0.91; RZ tgt 1,1.0,
Dawson Knox,BUF,NE,TE,NE@BUF,first_td,0.020126905871905874,4868,0.00845,0.104,C,-,tgt_sh 5.6%; team att 28.8; opp DvP 0.91; RZ tgt 1,1.0,
Dawson Knox,BUF,NE,TE,NE@BUF,last_td,0.020126905871905874,4868,0.00845,0.104,C,-,tgt_sh 5.6%; team att 28.8; opp DvP 0.91; RZ tgt 1,1.0,
Dawson Knox,BUF,NE,TE,NE@BUF,2plus_td,0.00555,17918,0.00845,0.104,C,-,tgt_sh 5.6%; team att 28.8; opp DvP 0.91; RZ tgt 1,1.0,
DJ Moore,BUF,NE,WR,NE@BUF,anytime_td,0.28897100921251234,246,0.008587935252173008,0.3275386457086348,B,no game designation yet (Limited),tgt_sh 18.5%; team att 28.8; opp DvP 1.07; RZ tgt 2,0.9575230478992892,
DJ Moore,BUF,NE,WR,NE@BUF,first_td,0.0591872438473698,1590,0.008587935252173008,0.3275386457086348,B,no game designation yet (Limited),tgt_sh 18.5%; team att 28.8; opp DvP 1.07; RZ tgt 2,0.9575230478992892,
DJ Moore,BUF,NE,WR,NE@BUF,last_td,0.0591872438473698,1590,0.008587935252173008,0.3275386457086348,B,no game designation yet (Limited),tgt_sh 18.5%; team att 28.8; opp DvP 1.07; RZ tgt 2,0.9575230478992892,
DJ Moore,BUF,NE,WR,NE@BUF,2plus_td,0.04304377244573986,2223,0.008587935252173008,0.3275386457086348,B,no game designation yet (Limited),tgt_sh 18.5%; team att 28.8; opp DvP 1.07; RZ tgt 2,0.9575230478992892,
Josh Palmer,BUF,NE,WR,NE@BUF,anytime_td,0.0876,1042,0.0,0.09185,C,-,tgt_sh 6.8%; team att 28.8; opp DvP 1.07; RZ tgt 0,1.0,
Josh Palmer,BUF,NE,WR,NE@BUF,first_td,0.016120688894438892,6103,0.0,0.09185,C,-,tgt_sh 6.8%; team att 28.8; opp DvP 1.07; RZ tgt 0,1.0,
Josh Palmer,BUF,NE,WR,NE@BUF,last_td,0.016120688894438892,6103,0.0,0.09185,C,-,tgt_sh 6.8%; team att 28.8; opp DvP 1.07; RZ tgt 0,1.0,
Josh Palmer,BUF,NE,WR,NE@BUF,2plus_td,0.00415,23996,0.0,0.09185,C,-,tgt_sh 6.8%; team att 28.8; opp DvP 1.07; RZ tgt 0,1.0,
Khalil Shakir,BUF,NE,WR,NE@BUF,anytime_td,0.3215,211,0.0,0.3834,B,-,tgt_sh 16.8%; team att 28.8; opp DvP 1.07; RZ tgt 4,1.0,
Khalil Shakir,BUF,NE,WR,NE@BUF,first_td,0.0672285816960817,1387,0.0,0.3834,B,-,tgt_sh 16.8%; team att 28.8; opp DvP 1.07; RZ tgt 4,1.0,
Khalil Shakir,BUF,NE,WR,NE@BUF,last_td,0.0672285816960817,1387,0.0,0.3834,B,-,tgt_sh 16.8%; team att 28.8; opp DvP 1.07; RZ tgt 4,1.0,
Khalil Shakir,BUF,NE,WR,NE@BUF,2plus_td,0.05595,1687,0.0,0.3834,B,-,tgt_sh 16.8%; team att 28.8; opp DvP 1.07; RZ tgt 4,1.0,
Geno Smith,NYJ,CHI,QB,NYJ@CHI,anytime_td,0.17395,475,0.18945,0.0,B,-,team att 31.9; ypa 7.84; opp d_ypa 1.04; pass rate 57.4%,1.0,
Geno Smith,NYJ,CHI,QB,NYJ@CHI,first_td,0.039730832084582085,2417,0.18945,0.0,B,-,team att 31.9; ypa 7.84; opp d_ypa 1.04; pass rate 57.4%,1.0,
Geno Smith,NYJ,CHI,QB,NYJ@CHI,last_td,0.039730832084582085,2417,0.18945,0.0,B,-,team att 31.9; ypa 7.84; opp d_ypa 1.04; pass rate 57.4%,1.0,
Geno Smith,NYJ,CHI,QB,NYJ@CHI,2plus_td,0.01475,6680,0.18945,0.0,B,-,team att 31.9; ypa 7.84; opp d_ypa 1.04; pass rate 57.4%,1.0,
Braelon Allen,NYJ,CHI,RB,NYJ@CHI,anytime_td,0.4982,101,0.4755,0.19305,B,-,tgt_sh 3.0%; team att 31.9; opp DvP 1.04; RZ tgt 3; car_sh 23.5%; team rush 25.8; opp d_ypc 1.09; inside-10 car 1,1.0,
Braelon Allen,NYJ,CHI,RB,NYJ@CHI,first_td,0.13804707584082584,624,0.4755,0.19305,B,-,tgt_sh 3.0%; team att 31.9; opp DvP 1.04; RZ tgt 3; car_sh 23.5%; team rush 25.8; opp d_ypc 1.09; inside-10 car 1,1.0,
Braelon Allen,NYJ,CHI,RB,NYJ@CHI,last_td,0.13804707584082584,624,0.4755,0.19305,B,-,tgt_sh 3.0%; team att 31.9; opp DvP 1.04; RZ tgt 3; car_sh 23.5%; team rush 25.8; opp d_ypc 1.09; inside-10 car 1,1.0,
Braelon Allen,NYJ,CHI,RB,NYJ@CHI,2plus_td,0.14205,604,0.4755,0.19305,B,-,tgt_sh 3.0%; team att 31.9; opp DvP 1.04; RZ tgt 3; car_sh 23.5%; team rush 25.8; opp d_ypc 1.09; inside-10 car 1,1.0,
Andrew Beck,NYJ,CHI,RB,NYJ@CHI,anytime_td,0.03265,2963,0.0228,0.0103,C,-,w_td 0.02; team TD 2.02,1.0,
Andrew Beck,NYJ,CHI,RB,NYJ@CHI,first_td,0.006664170274170273,14906,0.0228,0.0103,C,-,w_td 0.02; team TD 2.02,1.0,
Andrew Beck,NYJ,CHI,RB,NYJ@CHI,last_td,0.006664170274170273,14906,0.0228,0.0103,C,-,w_td 0.02; team TD 2.02,1.0,
Andrew Beck,NYJ,CHI,RB,NYJ@CHI,2plus_td,0.00045,222122,0.0228,0.0103,C,-,w_td 0.02; team TD 2.02,1.0,
Isaiah Davis,NYJ,CHI,RB,NYJ@CHI,anytime_td,0.0627,1495,0.0327,0.03185,C,-,tgt_sh 1.9%; team att 31.9; opp DvP 1.04; RZ tgt 0,1.0,
Isaiah Davis,NYJ,CHI,RB,NYJ@CHI,first_td,0.013165829725829727,7495,0.0327,0.03185,C,-,tgt_sh 1.9%; team att 31.9; opp DvP 1.04; RZ tgt 0,1.0,
Isaiah Davis,NYJ,CHI,RB,NYJ@CHI,last_td,0.013165829725829727,7495,0.0327,0.03185,C,-,tgt_sh 1.9%; team att 31.9; opp DvP 1.04; RZ tgt 0,1.0,
Isaiah Davis,NYJ,CHI,RB,NYJ@CHI,2plus_td,0.00185,53954,0.0327,0.03185,C,-,tgt_sh 1.9%; team att 31.9; opp DvP 1.04; RZ tgt 0,1.0,
Jeremy Ruckert,NYJ,CHI,TE,NYJ@CHI,anytime_td,0.1567442593662971,538,0.0,0.16814670800273238,C,no game designation yet (Full),tgt_sh 5.3%; team att 31.9; opp DvP 0.83; RZ tgt 2,0.9479829842591244,
Jeremy Ruckert,NYJ,CHI,TE,NYJ@CHI,first_td,0.03404219350964136,2838,0.0,0.16814670800273238,C,no game designation yet (Full),tgt_sh 5.3%; team att 31.9; opp DvP 0.83; RZ tgt 2,0.9479829842591244,
Jeremy Ruckert,NYJ,CHI,TE,NYJ@CHI,last_td,0.03404219350964136,2838,0.0,0.16814670800273238,C,no game designation yet (Full),tgt_sh 5.3%; team att 31.9; opp DvP 0.83; RZ tgt 2,0.9479829842591244,
Jeremy Ruckert,NYJ,CHI,TE,NYJ@CHI,2plus_td,0.011034627712679313,8962,0.0,0.16814670800273238,C,no game designation yet (Full),tgt_sh 5.3%; team att 31.9; opp DvP 0.83; RZ tgt 2,0.9479829842591244,
Kenyon Sadiq,NYJ,CHI,TE,NYJ@CHI,anytime_td,0.22658587672052663,341,0.07001795332136446,0.18334829443447037,C,Questionable (Limited),tgt_sh 13.7%; team att 31.9; opp DvP 0.83; RZ tgt 0,0.6667342299285288,
Kenyon Sadiq,NYJ,CHI,TE,NYJ@CHI,first_td,0.052165295348643635,1817,0.07001795332136446,0.18334829443447037,C,Questionable (Limited),tgt_sh 13.7%; team att 31.9; opp DvP 0.83; RZ tgt 0,0.6667342299285288,
Kenyon Sadiq,NYJ,CHI,TE,NYJ@CHI,last_td,0.052165295348643635,1817,0.07001795332136446,0.18334829443447037,C,Questionable (Limited),tgt_sh 13.7%; team att 31.9; opp DvP 0.83; RZ tgt 0,0.6667342299285288,
Kenyon Sadiq,NYJ,CHI,TE,NYJ@CHI,2plus_td,0.024985038898862957,3902,0.07001795332136446,0.18334829443447037,C,Questionable (Limited),tgt_sh 13.7%; team att 31.9; opp DvP 0.83; RZ tgt 0,0.6667342299285288,
Sterling Shepard,NYJ,CHI,WR,NYJ@CHI,anytime_td,0.07515,1231,0.0,0.078,C,-,tgt_sh 5.2%; team att 31.9; opp DvP 0.95; RZ tgt 0,1.0,
Sterling Shepard,NYJ,CHI,WR,NYJ@CHI,first_td,0.015965174963924963,6164,0.0,0.078,C,-,tgt_sh 5.2%; team att 31.9; opp DvP 0.95; RZ tgt 0,1.0,
Sterling Shepard,NYJ,CHI,WR,NYJ@CHI,last_td,0.015965174963924963,6164,0.0,0.078,C,-,tgt_sh 5.2%; team att 31.9; opp DvP 0.95; RZ tgt 0,1.0,
Sterling Shepard,NYJ,CHI,WR,NYJ@CHI,2plus_td,0.0028,35614,0.0,0.078,C,-,tgt_sh 5.2%; team att 31.9; opp DvP 0.95; RZ tgt 0,1.0,
Isaiah Williams,NYJ,CHI,WR,NYJ@CHI,anytime_td,0.17885,459,0.01485,0.1812,C,-,tgt_sh 8.3%; team att 31.9; opp DvP 0.95; RZ tgt 1,1.0,
Isaiah Williams,NYJ,CHI,WR,NYJ@CHI,first_td,0.039759254356754356,2415,0.01485,0.1812,C,-,tgt_sh 8.3%; team att 31.9; opp DvP 0.95; RZ tgt 1,1.0,
Isaiah Williams,NYJ,CHI,WR,NYJ@CHI,last_td,0.039759254356754356,2415,0.01485,0.1812,C,-,tgt_sh 8.3%; team att 31.9; opp DvP 0.95; RZ tgt 1,1.0,
Isaiah Williams,NYJ,CHI,WR,NYJ@CHI,2plus_td,0.0164,5998,0.01485,0.1812,C,-,tgt_sh 8.3%; team att 31.9; opp DvP 0.95; RZ tgt 1,1.0,
Garrett Wilson,NYJ,CHI,WR,NYJ@CHI,anytime_td,0.3442,191,0.0,0.41595,B,-,tgt_sh 24.6%; team att 31.9; opp DvP 0.95; RZ tgt 1,1.0,
Garrett Wilson,NYJ,CHI,WR,NYJ@CHI,first_td,0.0843555692918193,1085,0.0,0.41595,B,-,tgt_sh 24.6%; team att 31.9; opp DvP 0.95; RZ tgt 1,1.0,
Garrett Wilson,NYJ,CHI,WR,NYJ@CHI,last_td,0.0843555692918193,1085,0.0,0.41595,B,-,tgt_sh 24.6%; team att 31.9; opp DvP 0.95; RZ tgt 1,1.0,
Garrett Wilson,NYJ,CHI,WR,NYJ@CHI,2plus_td,0.0643,1455,0.0,0.41595,B,-,tgt_sh 24.6%; team att 31.9; opp DvP 0.95; RZ tgt 1,1.0,
Tyson Bagent,CHI,NYJ,QB,NYJ@CHI,anytime_td,0.158,533,0.1718,0.0,C,-,team att 29.0; ypa 6.62; opp d_ypa 0.92; pass rate 51.1%,1.0,
Tyson Bagent,CHI,NYJ,QB,NYJ@CHI,first_td,0.03625777652902653,2658,0.1718,0.0,C,-,team att 29.0; ypa 6.62; opp d_ypa 0.92; pass rate 51.1%,1.0,
Tyson Bagent,CHI,NYJ,QB,NYJ@CHI,last_td,0.03625777652902653,2658,0.1718,0.0,C,-,team att 29.0; ypa 6.62; opp d_ypa 0.92; pass rate 51.1%,1.0,
Tyson Bagent,CHI,NYJ,QB,NYJ@CHI,2plus_td,0.01355,7280,0.1718,0.0,C,-,team att 29.0; ypa 6.62; opp d_ypa 0.92; pass rate 51.1%,1.0,
Luther Burden III,CHI,NYJ,WR,NYJ@CHI,anytime_td,0.28255,254,0.0101,0.32005,B,-,tgt_sh 19.1%; team att 29.0; opp DvP 0.95; RZ tgt 6,1.0,
Luther Burden III,CHI,NYJ,WR,NYJ@CHI,first_td,0.06802438894438895,1370,0.0101,0.32005,B,-,tgt_sh 19.1%; team att 29.0; opp DvP 0.95; RZ tgt 6,1.0,
Luther Burden III,CHI,NYJ,WR,NYJ@CHI,last_td,0.06802438894438895,1370,0.0101,0.32005,B,-,tgt_sh 19.1%; team att 29.0; opp DvP 0.95; RZ tgt 6,1.0,
Luther Burden III,CHI,NYJ,WR,NYJ@CHI,2plus_td,0.0433,2209,0.0101,0.32005,B,-,tgt_sh 19.1%; team att 29.0; opp DvP 0.95; RZ tgt 6,1.0,
Cole Kmet,CHI,NYJ,TE,NYJ@CHI,anytime_td,0.0664,1406,0.0,0.0685,C,-,tgt_sh 7.1%; team att 29.0; opp DvP 0.86; RZ tgt 0,1.0,
Cole Kmet,CHI,NYJ,TE,NYJ@CHI,first_td,0.014290405844155842,6898,0.0,0.0685,C,-,tgt_sh 7.1%; team att 29.0; opp DvP 0.86; RZ tgt 0,1.0,
Cole Kmet,CHI,NYJ,TE,NYJ@CHI,last_td,0.014290405844155842,6898,0.0,0.0685,C,-,tgt_sh 7.1%; team att 29.0; opp DvP 0.86; RZ tgt 0,1.0,
Cole Kmet,CHI,NYJ,TE,NYJ@CHI,2plus_td,0.00195,51182,0.0,0.0685,C,-,tgt_sh 7.1%; team att 29.0; opp DvP 0.86; RZ tgt 0,1.0,
Colston Loveland,CHI,NYJ,TE,NYJ@CHI,anytime_td,0.1831,446,0.0,0.2004,C,-,tgt_sh 14.2%; team att 29.0; opp DvP 0.86; RZ tgt 3,1.0,
Colston Loveland,CHI,NYJ,TE,NYJ@CHI,first_td,0.04141279761904762,2315,0.0,0.2004,C,-,tgt_sh 14.2%; team att 29.0; opp DvP 0.86; RZ tgt 3,1.0,
Colston Loveland,CHI,NYJ,TE,NYJ@CHI,last_td,0.04141279761904762,2315,0.0,0.2004,C,-,tgt_sh 14.2%; team att 29.0; opp DvP 0.86; RZ tgt 3,1.0,
Colston Loveland,CHI,NYJ,TE,NYJ@CHI,2plus_td,0.01655,5942,0.0,0.2004,C,-,tgt_sh 14.2%; team att 29.0; opp DvP 0.86; RZ tgt 3,1.0,
Kyle Monangai,CHI,NYJ,RB,NYJ@CHI,anytime_td,0.33575,198,0.32375,0.0755,B,-,tgt_sh 4.9%; team att 29.0; opp DvP 0.99; RZ tgt 1; car_sh 25.6%; team rush 30.2; opp d_ypc 1.00; inside-10 car 4,1.0,
Kyle Monangai,CHI,NYJ,RB,NYJ@CHI,first_td,0.08394427114552115,1091,0.32375,0.0755,B,-,tgt_sh 4.9%; team att 29.0; opp DvP 0.99; RZ tgt 1; car_sh 25.6%; team rush 30.2; opp d_ypc 1.00; inside-10 car 4,1.0,
Kyle Monangai,CHI,NYJ,RB,NYJ@CHI,last_td,0.08394427114552115,1091,0.32375,0.0755,B,-,tgt_sh 4.9%; team att 29.0; opp DvP 0.99; RZ tgt 1; car_sh 25.6%; team rush 30.2; opp d_ypc 1.00; inside-10 car 4,1.0,
Kyle Monangai,CHI,NYJ,RB,NYJ@CHI,2plus_td,0.05735,1644,0.32375,0.0755,B,-,tgt_sh 4.9%; team att 29.0; opp DvP 0.99; RZ tgt 1; car_sh 25.6%; team rush 30.2; opp d_ypc 1.00; inside-10 car 4,1.0,
Rome Odunze,CHI,NYJ,WR,NYJ@CHI,anytime_td,0.2081,381,0.0,0.23065,B,-,tgt_sh 18.7%; team att 29.0; opp DvP 0.95; RZ tgt 2,1.0,
Rome Odunze,CHI,NYJ,WR,NYJ@CHI,first_td,0.04733369089244089,2013,0.0,0.23065,B,-,tgt_sh 18.7%; team att 29.0; opp DvP 0.95; RZ tgt 2,1.0,
Rome Odunze,CHI,NYJ,WR,NYJ@CHI,last_td,0.04733369089244089,2013,0.0,0.23065,B,-,tgt_sh 18.7%; team att 29.0; opp DvP 0.95; RZ tgt 2,1.0,
Rome Odunze,CHI,NYJ,WR,NYJ@CHI,2plus_td,0.02105,4651,0.0,0.23065,B,-,tgt_sh 18.7%; team att 29.0; opp DvP 0.95; RZ tgt 2,1.0,
Kalif Raymond,CHI,NYJ,WR,NYJ@CHI,anytime_td,0.2041,390,0.0,0.2268,B,-,tgt_sh 16.5%; team att 29.0; opp DvP 0.95; RZ tgt 3,1.0,
Kalif Raymond,CHI,NYJ,WR,NYJ@CHI,first_td,0.04632263458763459,2059,0.0,0.2268,B,-,tgt_sh 16.5%; team att 29.0; opp DvP 0.95; RZ tgt 3,1.0,
Kalif Raymond,CHI,NYJ,WR,NYJ@CHI,last_td,0.04632263458763459,2059,0.0,0.2268,B,-,tgt_sh 16.5%; team att 29.0; opp DvP 0.95; RZ tgt 3,1.0,
Kalif Raymond,CHI,NYJ,WR,NYJ@CHI,2plus_td,0.02135,4584,0.0,0.2268,B,-,tgt_sh 16.5%; team att 29.0; opp DvP 0.95; RZ tgt 3,1.0,
Sam Roush,CHI,NYJ,TE,NYJ@CHI,anytime_td,0.05275,1796,0.0,0.05435,C,-,w_td 0.04; team TD 2.58,1.0,
Sam Roush,CHI,NYJ,TE,NYJ@CHI,first_td,0.011161102092352092,8860,0.0,0.05435,C,-,w_td 0.04; team TD 2.58,1.0,
Sam Roush,CHI,NYJ,TE,NYJ@CHI,last_td,0.011161102092352092,8860,0.0,0.05435,C,-,w_td 0.04; team TD 2.58,1.0,
Sam Roush,CHI,NYJ,TE,NYJ@CHI,2plus_td,0.0015,66567,0.0,0.05435,C,-,w_td 0.04; team TD 2.58,1.0,
D'Andre Swift,CHI,NYJ,RB,NYJ@CHI,anytime_td,0.5198550267885282,-108,0.5913436285324088,0.12054837693034982,B,no game designation yet (Full),tgt_sh 9.4%; team att 29.0; opp DvP 0.99; RZ tgt 1; car_sh 46.4%; team rush 30.2; opp d_ypc 1.00; inside-10 car 10,0.9508674235277402,
D'Andre Swift,CHI,NYJ,RB,NYJ@CHI,first_td,0.14954313029478486,569,0.5913436285324088,0.12054837693034982,B,no game designation yet (Full),tgt_sh 9.4%; team att 29.0; opp DvP 0.99; RZ tgt 1; car_sh 46.4%; team rush 30.2; opp d_ypc 1.00; inside-10 car 10,0.9508674235277402,
D'Andre Swift,CHI,NYJ,RB,NYJ@CHI,last_td,0.14954313029478486,569,0.5913436285324088,0.12054837693034982,B,no game designation yet (Full),tgt_sh 9.4%; team att 29.0; opp DvP 0.99; RZ tgt 1; car_sh 46.4%; team rush 30.2; opp d_ypc 1.00; inside-10 car 10,0.9508674235277402,
D'Andre Swift,CHI,NYJ,RB,NYJ@CHI,2plus_td,0.1562138880134468,540,0.5913436285324088,0.12054837693034982,B,no game designation yet (Full),tgt_sh 9.4%; team att 29.0; opp DvP 0.99; RZ tgt 1; car_sh 46.4%; team rush 30.2; opp d_ypc 1.00; inside-10 car 10,0.9508674235277402,
Zavion Thomas,CHI,NYJ,WR,NYJ@CHI,anytime_td,0.01675,5870,0.0,0.01695,C,-,w_td 0.01; team TD 2.58,1.0,
Zavion Thomas,CHI,NYJ,WR,NYJ@CHI,first_td,0.0034139484126984128,29192,0.0,0.01695,C,-,w_td 0.01; team TD 2.58,1.0,
Zavion Thomas,CHI,NYJ,WR,NYJ@CHI,last_td,0.0034139484126984128,29192,0.0,0.01695,C,-,w_td 0.01; team TD 2.58,1.0,
Zavion Thomas,CHI,NYJ,WR,NYJ@CHI,2plus_td,0.0002,499900,0.0,0.01695,C,-,w_td 0.01; team TD 2.58,1.0,
Jahdae Walker,CHI,NYJ,WR,NYJ@CHI,anytime_td,0.0523,1812,0.0,0.05325,C,-,w_td 0.04; team TD 2.58,1.0,
Jahdae Walker,CHI,NYJ,WR,NYJ@CHI,first_td,0.010887942474192473,9084,0.0,0.05325,C,-,w_td 0.04; team TD 2.58,1.0,
Jahdae Walker,CHI,NYJ,WR,NYJ@CHI,last_td,0.010887942474192473,9084,0.0,0.05325,C,-,w_td 0.04; team TD 2.58,1.0,
Jahdae Walker,CHI,NYJ,WR,NYJ@CHI,2plus_td,0.00095,105163,0.0,0.05325,C,-,w_td 0.04; team TD 2.58,1.0,
Trevor Lawrence,JAX,CIN,QB,JAX@CIN,anytime_td,0.0741,1250,0.07685,0.0,B,-,team att 30.2; ypa 7.52; opp d_ypa 1.01; pass rate 52.6%,1.0,
Trevor Lawrence,JAX,CIN,QB,JAX@CIN,first_td,0.013487326146076145,7314,0.07685,0.0,B,-,team att 30.2; ypa 7.52; opp d_ypa 1.01; pass rate 52.6%,1.0,
Trevor Lawrence,JAX,CIN,QB,JAX@CIN,last_td,0.013487326146076145,7314,0.07685,0.0,B,-,team att 30.2; ypa 7.52; opp d_ypa 1.01; pass rate 52.6%,1.0,
Trevor Lawrence,JAX,CIN,QB,JAX@CIN,2plus_td,0.0027,36937,0.07685,0.0,B,-,team att 30.2; ypa 7.52; opp d_ypa 1.01; pass rate 52.6%,1.0,
Ameer Abdullah,JAX,CIN,RB,JAX@CIN,anytime_td,0.1566,539,0.07795,0.09115,C,-,tgt_sh 3.9%; team att 30.2; opp DvP 0.93; RZ tgt 1; car_sh 10.1%; team rush 28.8; opp d_ypc 1.05; inside-10 car 0,1.0,
Ameer Abdullah,JAX,CIN,RB,JAX@CIN,first_td,0.02889356324231324,3361,0.07795,0.09115,C,-,tgt_sh 3.9%; team att 30.2; opp DvP 0.93; RZ tgt 1; car_sh 10.1%; team rush 28.8; opp d_ypc 1.05; inside-10 car 0,1.0,
Ameer Abdullah,JAX,CIN,RB,JAX@CIN,last_td,0.02889356324231324,3361,0.07795,0.09115,C,-,tgt_sh 3.9%; team att 30.2; opp DvP 0.93; RZ tgt 1; car_sh 10.1%; team rush 28.8; opp d_ypc 1.05; inside-10 car 0,1.0,
Ameer Abdullah,JAX,CIN,RB,JAX@CIN,2plus_td,0.0121,8164,0.07795,0.09115,C,-,tgt_sh 3.9%; team att 30.2; opp DvP 0.93; RZ tgt 1; car_sh 10.1%; team rush 28.8; opp d_ypc 1.05; inside-10 car 0,1.0,
LeQuint Allen Jr.,JAX,CIN,RB,JAX@CIN,anytime_td,0.08411590418319691,1089,0.01260483101491488,0.07497614623612715,C,no game designation yet (Limited),w_td 0.05; team TD 2.73,0.9951309141019752,
LeQuint Allen Jr.,JAX,CIN,RB,JAX@CIN,first_td,0.015210187793424876,6475,0.01260483101491488,0.07497614623612715,C,no game designation yet (Limited),w_td 0.05; team TD 2.73,0.9951309141019752,
LeQuint Allen Jr.,JAX,CIN,RB,JAX@CIN,last_td,0.015210187793424876,6475,0.01260483101491488,0.07497614623612715,C,no game designation yet (Limited),w_td 0.05; team TD 2.73,0.9951309141019752,
LeQuint Allen Jr.,JAX,CIN,RB,JAX@CIN,2plus_td,0.0033646361673278762,29621,0.01260483101491488,0.07497614623612715,C,no game designation yet (Limited),w_td 0.05; team TD 2.73,0.9951309141019752,
Nate Boerkircher,JAX,CIN,TE,JAX@CIN,anytime_td,0.06219166579195969,1508,0.0,0.06413351527238376,C,no game designation yet (Full),w_td 0.04; team TD 2.73,0.9479829842591244,
Nate Boerkircher,JAX,CIN,TE,JAX@CIN,first_td,0.010828662025261164,9135,0.0,0.06413351527238376,C,no game designation yet (Full),w_td 0.04; team TD 2.73,0.9479829842591244,
Nate Boerkircher,JAX,CIN,TE,JAX@CIN,last_td,0.010828662025261164,9135,0.0,0.06413351527238376,C,no game designation yet (Full),w_td 0.04; team TD 2.73,0.9479829842591244,
Nate Boerkircher,JAX,CIN,TE,JAX@CIN,2plus_td,0.001941849480424058,51397,0.0,0.06413351527238376,C,no game designation yet (Full),w_td 0.04; team TD 2.73,0.9479829842591244,
Josh Cameron,JAX,CIN,WR,JAX@CIN,anytime_td,0.13945,617,0.0,0.14875,C,-,tgt_sh 5.5%; team att 30.2; opp DvP 0.99; RZ tgt 2,1.0,
Josh Cameron,JAX,CIN,WR,JAX@CIN,first_td,0.025837314629814624,3770,0.0,0.14875,C,-,tgt_sh 5.5%; team att 30.2; opp DvP 0.99; RZ tgt 2,1.0,
Josh Cameron,JAX,CIN,WR,JAX@CIN,last_td,0.025837314629814624,3770,0.0,0.14875,C,-,tgt_sh 5.5%; team att 30.2; opp DvP 0.99; RZ tgt 2,1.0,
Josh Cameron,JAX,CIN,WR,JAX@CIN,2plus_td,0.009,11011,0.0,0.14875,C,-,tgt_sh 5.5%; team att 30.2; opp DvP 0.99; RZ tgt 2,1.0,
Jakobi Meyers,JAX,CIN,WR,JAX@CIN,anytime_td,0.2950758978156238,239,0.0063468556619241554,0.3375469402866663,C,no game designation yet (Full),tgt_sh 18.4%; team att 30.2; opp DvP 0.99; RZ tgt 2,0.9479829842591244,
Jakobi Meyers,JAX,CIN,WR,JAX@CIN,first_td,0.058728588865575165,1603,0.0063468556619241554,0.3375469402866663,C,no game designation yet (Full),tgt_sh 18.4%; team att 30.2; opp DvP 0.99; RZ tgt 2,0.9479829842591244,
Jakobi Meyers,JAX,CIN,WR,JAX@CIN,last_td,0.058728588865575165,1603,0.0063468556619241554,0.3375469402866663,C,no game designation yet (Full),tgt_sh 18.4%; team att 30.2; opp DvP 0.99; RZ tgt 2,0.9479829842591244,
Jakobi Meyers,JAX,CIN,WR,JAX@CIN,2plus_td,0.0437404136034273,2186,0.0063468556619241554,0.3375469402866663,C,no game designation yet (Full),tgt_sh 18.4%; team att 30.2; opp DvP 0.99; RZ tgt 2,0.9479829842591244,
Quintin Morris,JAX,CIN,TE,JAX@CIN,anytime_td,0.0348,2774,0.0,0.0353,C,-,w_td 0.02; team TD 2.73,1.0,
Quintin Morris,JAX,CIN,TE,JAX@CIN,first_td,0.005879630092130091,16908,0.0,0.0353,C,-,w_td 0.02; team TD 2.73,1.0,
Quintin Morris,JAX,CIN,TE,JAX@CIN,last_td,0.005879630092130091,16908,0.0,0.0353,C,-,w_td 0.02; team TD 2.73,1.0,
Quintin Morris,JAX,CIN,TE,JAX@CIN,2plus_td,0.0005,199900,0.0,0.0353,C,-,w_td 0.02; team TD 2.73,1.0,
Chris Rodriguez Jr.,JAX,CIN,RB,JAX@CIN,anytime_td,0.23495,326,0.25905,0.0066,B,-,car_sh 23.4%; team rush 28.8; opp d_ypc 1.05; inside-10 car 3,1.0,
Chris Rodriguez Jr.,JAX,CIN,RB,JAX@CIN,first_td,0.046132703546453546,2068,0.25905,0.0066,B,-,car_sh 23.4%; team rush 28.8; opp d_ypc 1.05; inside-10 car 3,1.0,
Chris Rodriguez Jr.,JAX,CIN,RB,JAX@CIN,last_td,0.046132703546453546,2068,0.25905,0.0066,B,-,car_sh 23.4%; team rush 28.8; opp d_ypc 1.05; inside-10 car 3,1.0,
Chris Rodriguez Jr.,JAX,CIN,RB,JAX@CIN,2plus_td,0.0287,3384,0.25905,0.0066,B,-,car_sh 23.4%; team rush 28.8; opp d_ypc 1.05; inside-10 car 3,1.0,
Brenton Strange,JAX,CIN,TE,JAX@CIN,anytime_td,0.24185,313,0.0,0.2727,C,-,tgt_sh 15.4%; team att 30.2; opp DvP 0.85; RZ tgt 2,1.0,
Brenton Strange,JAX,CIN,TE,JAX@CIN,first_td,0.04644516774891775,2053,0.0,0.2727,C,-,tgt_sh 15.4%; team att 30.2; opp DvP 0.85; RZ tgt 2,1.0,
Brenton Strange,JAX,CIN,TE,JAX@CIN,last_td,0.04644516774891775,2053,0.0,0.2727,C,-,tgt_sh 15.4%; team att 30.2; opp DvP 0.85; RZ tgt 2,1.0,
Brenton Strange,JAX,CIN,TE,JAX@CIN,2plus_td,0.02895,3354,0.0,0.2727,C,-,tgt_sh 15.4%; team att 30.2; opp DvP 0.85; RZ tgt 2,1.0,
Brian Thomas Jr.,JAX,CIN,WR,JAX@CIN,anytime_td,0.22215,350,0.0,0.24695,C,-,tgt_sh 17.8%; team att 30.2; opp DvP 0.99; RZ tgt 0,1.0,
Brian Thomas Jr.,JAX,CIN,WR,JAX@CIN,first_td,0.04225603798978799,2267,0.0,0.24695,C,-,tgt_sh 17.8%; team att 30.2; opp DvP 0.99; RZ tgt 0,1.0,
Brian Thomas Jr.,JAX,CIN,WR,JAX@CIN,last_td,0.04225603798978799,2267,0.0,0.24695,C,-,tgt_sh 17.8%; team att 30.2; opp DvP 0.99; RZ tgt 0,1.0,
Brian Thomas Jr.,JAX,CIN,WR,JAX@CIN,2plus_td,0.02355,4146,0.0,0.24695,C,-,tgt_sh 17.8%; team att 30.2; opp DvP 0.99; RZ tgt 0,1.0,
Bhayshul Tuten,JAX,CIN,RB,JAX@CIN,anytime_td,0.4004,150,0.39235,0.1081,B,-,tgt_sh 5.4%; team att 30.2; opp DvP 0.93; RZ tgt 1; car_sh 43.2%; team rush 28.8; opp d_ypc 1.05; inside-10 car 2,1.0,
Bhayshul Tuten,JAX,CIN,RB,JAX@CIN,first_td,0.0865322428959929,1056,0.39235,0.1081,B,-,tgt_sh 5.4%; team att 30.2; opp DvP 0.93; RZ tgt 1; car_sh 43.2%; team rush 28.8; opp d_ypc 1.05; inside-10 car 2,1.0,
Bhayshul Tuten,JAX,CIN,RB,JAX@CIN,last_td,0.0865322428959929,1056,0.39235,0.1081,B,-,tgt_sh 5.4%; team att 30.2; opp DvP 0.93; RZ tgt 1; car_sh 43.2%; team rush 28.8; opp d_ypc 1.05; inside-10 car 2,1.0,
Bhayshul Tuten,JAX,CIN,RB,JAX@CIN,2plus_td,0.0887,1027,0.39235,0.1081,B,-,tgt_sh 5.4%; team att 30.2; opp DvP 0.93; RZ tgt 1; car_sh 43.2%; team rush 28.8; opp d_ypc 1.05; inside-10 car 2,1.0,
Parker Washington,JAX,CIN,WR,JAX@CIN,anytime_td,0.3674,172,0.0,0.44855,B,-,tgt_sh 23.5%; team att 30.2; opp DvP 0.99; RZ tgt 3,1.0,
Parker Washington,JAX,CIN,WR,JAX@CIN,first_td,0.07699189352314352,1199,0.0,0.44855,B,-,tgt_sh 23.5%; team att 30.2; opp DvP 0.99; RZ tgt 3,1.0,
Parker Washington,JAX,CIN,WR,JAX@CIN,last_td,0.07699189352314352,1199,0.0,0.44855,B,-,tgt_sh 23.5%; team att 30.2; opp DvP 0.99; RZ tgt 3,1.0,
Parker Washington,JAX,CIN,WR,JAX@CIN,2plus_td,0.071,1308,0.0,0.44855,B,-,tgt_sh 23.5%; team att 30.2; opp DvP 0.99; RZ tgt 3,1.0,
Joe Burrow,CIN,JAX,QB,JAX@CIN,anytime_td,0.04695,2030,0.04805,0.0,B,-,team att 33.1; ypa 7.91; opp d_ypa 1.10; pass rate 59.5%,1.0,
Joe Burrow,CIN,JAX,QB,JAX@CIN,first_td,0.008302811355311353,11944,0.04805,0.0,B,-,team att 33.1; ypa 7.91; opp d_ypa 1.10; pass rate 59.5%,1.0,
Joe Burrow,CIN,JAX,QB,JAX@CIN,last_td,0.008302811355311353,11944,0.04805,0.0,B,-,team att 33.1; ypa 7.91; opp d_ypa 1.10; pass rate 59.5%,1.0,
Joe Burrow,CIN,JAX,QB,JAX@CIN,2plus_td,0.00105,95138,0.04805,0.0,B,-,team att 33.1; ypa 7.91; opp d_ypa 1.10; pass rate 59.5%,1.0,
Erick All,CIN,JAX,TE,JAX@CIN,anytime_td,0.03825,2514,0.0,0.03895,C,-,w_td 0.02; team TD 2.85,1.0,
Erick All,CIN,JAX,TE,JAX@CIN,first_td,0.0067555236430236415,14703,0.0,0.03895,C,-,w_td 0.02; team TD 2.85,1.0,
Erick All,CIN,JAX,TE,JAX@CIN,last_td,0.0067555236430236415,14703,0.0,0.03895,C,-,w_td 0.02; team TD 2.85,1.0,
Erick All,CIN,JAX,TE,JAX@CIN,2plus_td,0.0007,142757,0.0,0.03895,C,-,w_td 0.02; team TD 2.85,1.0,
Tahj Brooks,CIN,JAX,RB,JAX@CIN,anytime_td,0.026,3746,0.0189,0.00725,C,-,w_td 0.03; team TD 2.85,1.0,
Tahj Brooks,CIN,JAX,RB,JAX@CIN,first_td,0.004676757409257409,21282,0.0189,0.00725,C,-,w_td 0.03; team TD 2.85,1.0,
Tahj Brooks,CIN,JAX,RB,JAX@CIN,last_td,0.004676757409257409,21282,0.0189,0.00725,C,-,w_td 0.03; team TD 2.85,1.0,
Tahj Brooks,CIN,JAX,RB,JAX@CIN,2plus_td,0.00015,666567,0.0189,0.00725,C,-,w_td 0.03; team TD 2.85,1.0,
Chase Brown,CIN,JAX,RB,JAX@CIN,anytime_td,0.56685,-131,0.53215,0.2732,B,-,tgt_sh 12.7%; team att 33.1; opp DvP 0.98; RZ tgt 1; car_sh 64.7%; team rush 24.2; opp d_ypc 0.94; inside-10 car 3,1.0,
Chase Brown,CIN,JAX,RB,JAX@CIN,first_td,0.1395484022921523,617,0.53215,0.2732,B,-,tgt_sh 12.7%; team att 33.1; opp DvP 0.98; RZ tgt 1; car_sh 64.7%; team rush 24.2; opp d_ypc 0.94; inside-10 car 3,1.0,
Chase Brown,CIN,JAX,RB,JAX@CIN,last_td,0.1395484022921523,617,0.53215,0.2732,B,-,tgt_sh 12.7%; team att 33.1; opp DvP 0.98; RZ tgt 1; car_sh 64.7%; team rush 24.2; opp d_ypc 0.94; inside-10 car 3,1.0,
Chase Brown,CIN,JAX,RB,JAX@CIN,2plus_td,0.1909,424,0.53215,0.2732,B,-,tgt_sh 12.7%; team att 33.1; opp DvP 0.98; RZ tgt 1; car_sh 64.7%; team rush 24.2; opp d_ypc 0.94; inside-10 car 3,1.0,
Ja'Marr Chase,CIN,JAX,WR,JAX@CIN,anytime_td,0.4947,102,0.0,0.66175,B,-,tgt_sh 26.5%; team att 33.1; opp DvP 0.98; RZ tgt 4,1.0,
Ja'Marr Chase,CIN,JAX,WR,JAX@CIN,first_td,0.11320579642579644,783,0.0,0.66175,B,-,tgt_sh 26.5%; team att 33.1; opp DvP 0.98; RZ tgt 4,1.0,
Ja'Marr Chase,CIN,JAX,WR,JAX@CIN,last_td,0.11320579642579644,783,0.0,0.66175,B,-,tgt_sh 26.5%; team att 33.1; opp DvP 0.98; RZ tgt 4,1.0,
Ja'Marr Chase,CIN,JAX,WR,JAX@CIN,2plus_td,0.13875,621,0.0,0.66175,B,-,tgt_sh 26.5%; team att 33.1; opp DvP 0.98; RZ tgt 4,1.0,
Mike Gesicki,CIN,JAX,TE,JAX@CIN,anytime_td,0.27045,270,0.0,0.3091,C,-,tgt_sh 11.1%; team att 33.1; opp DvP 1.12; RZ tgt 2,1.0,
Mike Gesicki,CIN,JAX,TE,JAX@CIN,first_td,0.052819809496059494,1793,0.0,0.3091,C,-,tgt_sh 11.1%; team att 33.1; opp DvP 1.12; RZ tgt 2,1.0,
Mike Gesicki,CIN,JAX,TE,JAX@CIN,last_td,0.052819809496059494,1793,0.0,0.3091,C,-,tgt_sh 11.1%; team att 33.1; opp DvP 1.12; RZ tgt 2,1.0,
Mike Gesicki,CIN,JAX,TE,JAX@CIN,2plus_td,0.0361,2670,0.0,0.3091,C,-,tgt_sh 11.1%; team att 33.1; opp DvP 1.12; RZ tgt 2,1.0,
Tee Higgins,CIN,JAX,WR,JAX@CIN,anytime_td,0.3221,210,0.0,0.3824,B,-,tgt_sh 19.0%; team att 33.1; opp DvP 0.98; RZ tgt 1,1.0,
Tee Higgins,CIN,JAX,WR,JAX@CIN,first_td,0.06557929334554335,1425,0.0,0.3824,B,-,tgt_sh 19.0%; team att 33.1; opp DvP 0.98; RZ tgt 1,1.0,
Tee Higgins,CIN,JAX,WR,JAX@CIN,last_td,0.06557929334554335,1425,0.0,0.3824,B,-,tgt_sh 19.0%; team att 33.1; opp DvP 0.98; RZ tgt 1,1.0,
Tee Higgins,CIN,JAX,WR,JAX@CIN,2plus_td,0.0547,1728,0.0,0.3824,B,-,tgt_sh 19.0%; team att 33.1; opp DvP 0.98; RZ tgt 1,1.0,
Tanner Hudson,CIN,JAX,TE,JAX@CIN,anytime_td,0.069,1349,0.0,0.07125,C,-,tgt_sh 3.7%; team att 33.1; opp DvP 1.12; RZ tgt 0,1.0,
Tanner Hudson,CIN,JAX,TE,JAX@CIN,first_td,0.011943255633255632,8273,0.0,0.07125,C,-,tgt_sh 3.7%; team att 33.1; opp DvP 1.12; RZ tgt 0,1.0,
Tanner Hudson,CIN,JAX,TE,JAX@CIN,last_td,0.011943255633255632,8273,0.0,0.07125,C,-,tgt_sh 3.7%; team att 33.1; opp DvP 1.12; RZ tgt 0,1.0,
Tanner Hudson,CIN,JAX,TE,JAX@CIN,2plus_td,0.0022,45355,0.0,0.07125,C,-,tgt_sh 3.7%; team att 33.1; opp DvP 1.12; RZ tgt 0,1.0,
Dohnte Meyers,CIN,JAX,WR,JAX@CIN,anytime_td,0.097,931,0.0066,0.09545,C,-,tgt_sh 5.6%; team att 33.1; opp DvP 0.98; RZ tgt 0,1.0,
Dohnte Meyers,CIN,JAX,WR,JAX@CIN,first_td,0.017207467393717393,5711,0.0066,0.09545,C,-,tgt_sh 5.6%; team att 33.1; opp DvP 0.98; RZ tgt 0,1.0,
Dohnte Meyers,CIN,JAX,WR,JAX@CIN,last_td,0.017207467393717393,5711,0.0066,0.09545,C,-,tgt_sh 5.6%; team att 33.1; opp DvP 0.98; RZ tgt 0,1.0,
Dohnte Meyers,CIN,JAX,WR,JAX@CIN,2plus_td,0.00485,20519,0.0066,0.09545,C,-,tgt_sh 5.6%; team att 33.1; opp DvP 0.98; RZ tgt 0,1.0,
Samaje Perine,CIN,JAX,RB,JAX@CIN,anytime_td,0.23985,317,0.17115,0.098,B,-,tgt_sh 5.7%; team att 33.1; opp DvP 0.98; RZ tgt 0; car_sh 20.6%; team rush 24.2; opp d_ypc 0.94; inside-10 car 1,1.0,
Samaje Perine,CIN,JAX,RB,JAX@CIN,first_td,0.04681754162504162,2036,0.17115,0.098,B,-,tgt_sh 5.7%; team att 33.1; opp DvP 0.98; RZ tgt 0; car_sh 20.6%; team rush 24.2; opp d_ypc 0.94; inside-10 car 1,1.0,
Samaje Perine,CIN,JAX,RB,JAX@CIN,last_td,0.04681754162504162,2036,0.17115,0.098,B,-,tgt_sh 5.7%; team att 33.1; opp DvP 0.98; RZ tgt 0; car_sh 20.6%; team rush 24.2; opp d_ypc 0.94; inside-10 car 1,1.0,
Samaje Perine,CIN,JAX,RB,JAX@CIN,2plus_td,0.0273,3563,0.17115,0.098,B,-,tgt_sh 5.7%; team att 33.1; opp DvP 0.98; RZ tgt 0; car_sh 20.6%; team rush 24.2; opp d_ypc 0.94; inside-10 car 1,1.0,
Drew Sample,CIN,JAX,TE,JAX@CIN,anytime_td,0.1141,776,0.0,0.1204,C,-,tgt_sh 3.7%; team att 33.1; opp DvP 1.12; RZ tgt 1,1.0,
Drew Sample,CIN,JAX,TE,JAX@CIN,first_td,0.020459344266844266,4788,0.0,0.1204,C,-,tgt_sh 3.7%; team att 33.1; opp DvP 1.12; RZ tgt 1,1.0,
Drew Sample,CIN,JAX,TE,JAX@CIN,last_td,0.020459344266844266,4788,0.0,0.1204,C,-,tgt_sh 3.7%; team att 33.1; opp DvP 1.12; RZ tgt 1,1.0,
Drew Sample,CIN,JAX,TE,JAX@CIN,2plus_td,0.00595,16707,0.0,0.1204,C,-,tgt_sh 3.7%; team att 33.1; opp DvP 1.12; RZ tgt 1,1.0,
Dak Prescott,DAL,HOU,QB,DAL@HOU,anytime_td,0.07015,1326,0.0723,0.0,B,-,team att 34.7; ypa 7.53; opp d_ypa 1.06; pass rate 60.2%,1.0,
Dak Prescott,DAL,HOU,QB,DAL@HOU,first_td,0.012942010489510488,7627,0.0723,0.0,B,-,team att 34.7; ypa 7.53; opp d_ypa 1.06; pass rate 60.2%,1.0,
Dak Prescott,DAL,HOU,QB,DAL@HOU,last_td,0.012942010489510488,7627,0.0723,0.0,B,-,team att 34.7; ypa 7.53; opp d_ypa 1.06; pass rate 60.2%,1.0,
Dak Prescott,DAL,HOU,QB,DAL@HOU,2plus_td,0.00215,46412,0.0723,0.0,B,-,team att 34.7; ypa 7.53; opp d_ypa 1.06; pass rate 60.2%,1.0,
Emari Demercado,DAL,HOU,RB,DAL@HOU,anytime_td,0.0844,1085,0.06985,0.01755,C,-,car_sh 12.4%; team rush 24.2; opp d_ypc 0.92; inside-10 car 0,1.0,
Emari Demercado,DAL,HOU,RB,DAL@HOU,first_td,0.015974040959040956,6160,0.06985,0.01755,C,-,car_sh 12.4%; team rush 24.2; opp d_ypc 0.92; inside-10 car 0,1.0,
Emari Demercado,DAL,HOU,RB,DAL@HOU,last_td,0.015974040959040956,6160,0.06985,0.01755,C,-,car_sh 12.4%; team rush 24.2; opp d_ypc 0.92; inside-10 car 0,1.0,
Emari Demercado,DAL,HOU,RB,DAL@HOU,2plus_td,0.003,33233,0.06985,0.01755,C,-,car_sh 12.4%; team rush 24.2; opp d_ypc 0.92; inside-10 car 0,1.0,
Jake Ferguson,DAL,HOU,TE,DAL@HOU,anytime_td,0.2321,331,0.0,0.2612,B,-,tgt_sh 12.9%; team att 34.7; opp DvP 1.08; RZ tgt 4,1.0,
Jake Ferguson,DAL,HOU,TE,DAL@HOU,first_td,0.046734092435342434,2040,0.0,0.2612,B,-,tgt_sh 12.9%; team att 34.7; opp DvP 1.08; RZ tgt 4,1.0,
Jake Ferguson,DAL,HOU,TE,DAL@HOU,last_td,0.046734092435342434,2040,0.0,0.2612,B,-,tgt_sh 12.9%; team att 34.7; opp DvP 1.08; RZ tgt 4,1.0,
Jake Ferguson,DAL,HOU,TE,DAL@HOU,2plus_td,0.0271,3590,0.0,0.2612,B,-,tgt_sh 12.9%; team att 34.7; opp DvP 1.08; RZ tgt 4,1.0,
Ryan Flournoy,DAL,HOU,WR,DAL@HOU,anytime_td,0.2292,336,0.0,0.2566,B,-,tgt_sh 13.7%; team att 34.7; opp DvP 0.97; RZ tgt 4,1.0,
Ryan Flournoy,DAL,HOU,WR,DAL@HOU,first_td,0.046260610223110225,2062,0.0,0.2566,B,-,tgt_sh 13.7%; team att 34.7; opp DvP 0.97; RZ tgt 4,1.0,
Ryan Flournoy,DAL,HOU,WR,DAL@HOU,last_td,0.046260610223110225,2062,0.0,0.2566,B,-,tgt_sh 13.7%; team att 34.7; opp DvP 0.97; RZ tgt 4,1.0,
Ryan Flournoy,DAL,HOU,WR,DAL@HOU,2plus_td,0.0254,3837,0.0,0.2566,B,-,tgt_sh 13.7%; team att 34.7; opp DvP 0.97; RZ tgt 4,1.0,
Tyler Goodson,DAL,HOU,RB,DAL@HOU,anytime_td,0.10465,856,0.08915,0.02025,C,-,car_sh 15.5%; team rush 24.2; opp d_ypc 0.92; inside-10 car 0,1.0,
Tyler Goodson,DAL,HOU,RB,DAL@HOU,first_td,0.020030999833499832,4892,0.08915,0.02025,C,-,car_sh 15.5%; team rush 24.2; opp d_ypc 0.92; inside-10 car 0,1.0,
Tyler Goodson,DAL,HOU,RB,DAL@HOU,last_td,0.020030999833499832,4892,0.08915,0.02025,C,-,car_sh 15.5%; team rush 24.2; opp d_ypc 0.92; inside-10 car 0,1.0,
Tyler Goodson,DAL,HOU,RB,DAL@HOU,2plus_td,0.0046,21639,0.08915,0.02025,C,-,car_sh 15.5%; team rush 24.2; opp d_ypc 0.92; inside-10 car 0,1.0,
CeeDee Lamb,DAL,HOU,WR,DAL@HOU,anytime_td,0.29725,236,0.0062,0.34205,B,-,tgt_sh 23.5%; team att 34.7; opp DvP 0.97; RZ tgt 3,1.0,
CeeDee Lamb,DAL,HOU,WR,DAL@HOU,first_td,0.062044639665889655,1512,0.0062,0.34205,B,-,tgt_sh 23.5%; team att 34.7; opp DvP 0.97; RZ tgt 3,1.0,
CeeDee Lamb,DAL,HOU,WR,DAL@HOU,last_td,0.062044639665889655,1512,0.0062,0.34205,B,-,tgt_sh 23.5%; team att 34.7; opp DvP 0.97; RZ tgt 3,1.0,
CeeDee Lamb,DAL,HOU,WR,DAL@HOU,2plus_td,0.0457,2088,0.0062,0.34205,B,-,tgt_sh 23.5%; team att 34.7; opp DvP 0.97; RZ tgt 3,1.0,
Hunter Luepke,DAL,HOU,RB,DAL@HOU,anytime_td,0.0314,3085,0.0192,0.0127,C,-,w_td 0.04; team TD 2.35,1.0,
Hunter Luepke,DAL,HOU,RB,DAL@HOU,first_td,0.005728450577200578,17357,0.0192,0.0127,C,-,w_td 0.04; team TD 2.35,1.0,
Hunter Luepke,DAL,HOU,RB,DAL@HOU,last_td,0.005728450577200578,17357,0.0192,0.0127,C,-,w_td 0.04; team TD 2.35,1.0,
Hunter Luepke,DAL,HOU,RB,DAL@HOU,2plus_td,0.0005,199900,0.0192,0.0127,C,-,w_td 0.04; team TD 2.35,1.0,
Jonathan Mingo,DAL,HOU,WR,DAL@HOU,anytime_td,0.02225,4394,0.0,0.0226,C,-,w_td 0.02; team TD 2.35,1.0,
Jonathan Mingo,DAL,HOU,WR,DAL@HOU,first_td,0.004175959595959596,23847,0.0,0.0226,C,-,w_td 0.02; team TD 2.35,1.0,
Jonathan Mingo,DAL,HOU,WR,DAL@HOU,last_td,0.004175959595959596,23847,0.0,0.0226,C,-,w_td 0.02; team TD 2.35,1.0,
Jonathan Mingo,DAL,HOU,WR,DAL@HOU,2plus_td,0.00035,285614,0.0,0.0226,C,-,w_td 0.02; team TD 2.35,1.0,
George Pickens,DAL,HOU,WR,DAL@HOU,anytime_td,0.28135,255,0.0,0.32425,B,-,tgt_sh 21.9%; team att 34.7; opp DvP 0.97; RZ tgt 3,1.0,
George Pickens,DAL,HOU,WR,DAL@HOU,first_td,0.05731974497724498,1645,0.0,0.32425,B,-,tgt_sh 21.9%; team att 34.7; opp DvP 0.97; RZ tgt 3,1.0,
George Pickens,DAL,HOU,WR,DAL@HOU,last_td,0.05731974497724498,1645,0.0,0.32425,B,-,tgt_sh 21.9%; team att 34.7; opp DvP 0.97; RZ tgt 3,1.0,
George Pickens,DAL,HOU,WR,DAL@HOU,2plus_td,0.03935,2441,0.0,0.32425,B,-,tgt_sh 21.9%; team att 34.7; opp DvP 0.97; RZ tgt 3,1.0,
Luke Schoonmaker,DAL,HOU,TE,DAL@HOU,anytime_td,0.0334,2894,0.0,0.0343,C,-,w_td 0.02; team TD 2.35,1.0,
Luke Schoonmaker,DAL,HOU,TE,DAL@HOU,first_td,0.006024977106227106,16498,0.0,0.0343,C,-,w_td 0.02; team TD 2.35,1.0,
Luke Schoonmaker,DAL,HOU,TE,DAL@HOU,last_td,0.006024977106227106,16498,0.0,0.0343,C,-,w_td 0.02; team TD 2.35,1.0,
Luke Schoonmaker,DAL,HOU,TE,DAL@HOU,2plus_td,0.0009,111011,0.0,0.0343,C,-,w_td 0.02; team TD 2.35,1.0,
Brevyn Spann-Ford,DAL,HOU,TE,DAL@HOU,anytime_td,0.0379,2539,0.0,0.03875,C,-,tgt_sh 3.3%; team att 34.7; opp DvP 1.08; RZ tgt 0,1.0,
Brevyn Spann-Ford,DAL,HOU,TE,DAL@HOU,first_td,0.0069672804972804965,14253,0.0,0.03875,C,-,tgt_sh 3.3%; team att 34.7; opp DvP 1.08; RZ tgt 0,1.0,
Brevyn Spann-Ford,DAL,HOU,TE,DAL@HOU,last_td,0.0069672804972804965,14253,0.0,0.03875,C,-,tgt_sh 3.3%; team att 34.7; opp DvP 1.08; RZ tgt 0,1.0,
Brevyn Spann-Ford,DAL,HOU,TE,DAL@HOU,2plus_td,0.00085,117547,0.0,0.03875,C,-,tgt_sh 3.3%; team att 34.7; opp DvP 1.08; RZ tgt 0,1.0,
KaVontae Turpin,DAL,HOU,WR,DAL@HOU,anytime_td,0.1004,896,0.02485,0.07935,C,-,tgt_sh 4.8%; team att 34.7; opp DvP 0.97; RZ tgt 1,1.0,
KaVontae Turpin,DAL,HOU,WR,DAL@HOU,first_td,0.018923633866133865,5184,0.02485,0.07935,C,-,tgt_sh 4.8%; team att 34.7; opp DvP 0.97; RZ tgt 1,1.0,
KaVontae Turpin,DAL,HOU,WR,DAL@HOU,last_td,0.018923633866133865,5184,0.02485,0.07935,C,-,tgt_sh 4.8%; team att 34.7; opp DvP 0.97; RZ tgt 1,1.0,
KaVontae Turpin,DAL,HOU,WR,DAL@HOU,2plus_td,0.0037,26927,0.02485,0.07935,C,-,tgt_sh 4.8%; team att 34.7; opp DvP 0.97; RZ tgt 1,1.0,
Javonte Williams,DAL,HOU,RB,DAL@HOU,anytime_td,0.48835,105,0.44235,0.2078,B,-,tgt_sh 10.4%; team att 34.7; opp DvP 1.06; RZ tgt 3; car_sh 54.2%; team rush 24.2; opp d_ypc 0.92; inside-10 car 7,1.0,
Javonte Williams,DAL,HOU,RB,DAL@HOU,first_td,0.11781951368076365,749,0.44235,0.2078,B,-,tgt_sh 10.4%; team att 34.7; opp DvP 1.06; RZ tgt 3; car_sh 54.2%; team rush 24.2; opp d_ypc 0.92; inside-10 car 7,1.0,
Javonte Williams,DAL,HOU,RB,DAL@HOU,last_td,0.11781951368076365,749,0.44235,0.2078,B,-,tgt_sh 10.4%; team att 34.7; opp DvP 1.06; RZ tgt 3; car_sh 54.2%; team rush 24.2; opp d_ypc 0.92; inside-10 car 7,1.0,
Javonte Williams,DAL,HOU,RB,DAL@HOU,2plus_td,0.13505,640,0.44235,0.2078,B,-,tgt_sh 10.4%; team att 34.7; opp DvP 1.06; RZ tgt 3; car_sh 54.2%; team rush 24.2; opp d_ypc 0.92; inside-10 car 7,1.0,
C.J. Stroud,HOU,DAL,QB,DAL@HOU,anytime_td,0.0893,1020,0.09415,0.0,B,-,team att 36.9; ypa 7.04; opp d_ypa 1.02; pass rate 61.6%,1.0,
C.J. Stroud,HOU,DAL,QB,DAL@HOU,first_td,0.01735502997002997,5662,0.09415,0.0,B,-,team att 36.9; ypa 7.04; opp d_ypa 1.02; pass rate 61.6%,1.0,
C.J. Stroud,HOU,DAL,QB,DAL@HOU,last_td,0.01735502997002997,5662,0.09415,0.0,B,-,team att 36.9; ypa 7.04; opp d_ypa 1.02; pass rate 61.6%,1.0,
C.J. Stroud,HOU,DAL,QB,DAL@HOU,2plus_td,0.00465,21405,0.09415,0.0,B,-,team att 36.9; ypa 7.04; opp d_ypa 1.02; pass rate 61.6%,1.0,
Lewis Bond,HOU,DAL,WR,DAL@HOU,anytime_td,0.02645,3681,0.0,0.0267,C,-,w_td 0.02; team TD 2.92,1.0,
Lewis Bond,HOU,DAL,WR,DAL@HOU,first_td,0.00495354131979132,20088,0.0,0.0267,C,-,w_td 0.02; team TD 2.92,1.0,
Lewis Bond,HOU,DAL,WR,DAL@HOU,last_td,0.00495354131979132,20088,0.0,0.0267,C,-,w_td 0.02; team TD 2.92,1.0,
Lewis Bond,HOU,DAL,WR,DAL@HOU,2plus_td,0.00025,399900,0.0,0.0267,C,-,w_td 0.02; team TD 2.92,1.0,
Kayshon Boutte,HOU,DAL,WR,DAL@HOU,anytime_td,0.17215,481,0.0,0.18695,C,-,tgt_sh 7.4%; team att 36.9; opp DvP 1.09; RZ tgt 2,1.0,
Kayshon Boutte,HOU,DAL,WR,DAL@HOU,first_td,0.03414506243756244,2829,0.0,0.18695,C,-,tgt_sh 7.4%; team att 36.9; opp DvP 1.09; RZ tgt 2,1.0,
Kayshon Boutte,HOU,DAL,WR,DAL@HOU,last_td,0.03414506243756244,2829,0.0,0.18695,C,-,tgt_sh 7.4%; team att 36.9; opp DvP 1.09; RZ tgt 2,1.0,
Kayshon Boutte,HOU,DAL,WR,DAL@HOU,2plus_td,0.01415,6967,0.0,0.18695,C,-,tgt_sh 7.4%; team att 36.9; opp DvP 1.09; RZ tgt 2,1.0,
Nico Collins,HOU,DAL,WR,DAL@HOU,anytime_td,0.3283070596298835,205,0.010702799599304055,0.3799230241999262,C,no game designation yet (Full),tgt_sh 21.8%; team att 36.9; opp DvP 1.09; RZ tgt 2,0.9479829842591244,
Nico Collins,HOU,DAL,WR,DAL@HOU,first_td,0.0712368100608202,1304,0.010702799599304055,0.3799230241999262,C,no game designation yet (Full),tgt_sh 21.8%; team att 36.9; opp DvP 1.09; RZ tgt 2,0.9479829842591244,
Nico Collins,HOU,DAL,WR,DAL@HOU,last_td,0.0712368100608202,1304,0.010702799599304055,0.3799230241999262,C,no game designation yet (Full),tgt_sh 21.8%; team att 36.9; opp DvP 1.09; RZ tgt 2,0.9479829842591244,
Nico Collins,HOU,DAL,WR,DAL@HOU,2plus_td,0.054937523066378446,1720,0.010702799599304055,0.3799230241999262,C,no game designation yet (Full),tgt_sh 21.8%; team att 36.9; opp DvP 1.09; RZ tgt 2,0.9479829842591244,
Xavier Hutchinson,HOU,DAL,WR,DAL@HOU,anytime_td,0.2149,365,0.01625,0.22225,B,-,tgt_sh 12.9%; team att 36.9; opp DvP 1.09; RZ tgt 1,1.0,
Xavier Hutchinson,HOU,DAL,WR,DAL@HOU,first_td,0.043717490842490846,2187,0.01625,0.22225,B,-,tgt_sh 12.9%; team att 36.9; opp DvP 1.09; RZ tgt 1,1.0,
Xavier Hutchinson,HOU,DAL,WR,DAL@HOU,last_td,0.043717490842490846,2187,0.01625,0.22225,B,-,tgt_sh 12.9%; team att 36.9; opp DvP 1.09; RZ tgt 1,1.0,
Xavier Hutchinson,HOU,DAL,WR,DAL@HOU,2plus_td,0.02235,4374,0.01625,0.22225,B,-,tgt_sh 12.9%; team att 36.9; opp DvP 1.09; RZ tgt 1,1.0,
Woody Marks,HOU,DAL,RB,DAL@HOU,anytime_td,0.40465,147,0.37035,0.1325,B,-,tgt_sh 5.2%; team att 36.9; opp DvP 0.84; RZ tgt 2; car_sh 32.5%; team rush 24.4; opp d_ypc 1.11; inside-10 car 2,1.0,
Woody Marks,HOU,DAL,RB,DAL@HOU,first_td,0.0927081399156399,979,0.37035,0.1325,B,-,tgt_sh 5.2%; team att 36.9; opp DvP 0.84; RZ tgt 2; car_sh 32.5%; team rush 24.4; opp d_ypc 1.11; inside-10 car 2,1.0,
Woody Marks,HOU,DAL,RB,DAL@HOU,last_td,0.0927081399156399,979,0.37035,0.1325,B,-,tgt_sh 5.2%; team att 36.9; opp DvP 0.84; RZ tgt 2; car_sh 32.5%; team rush 24.4; opp d_ypc 1.11; inside-10 car 2,1.0,
Woody Marks,HOU,DAL,RB,DAL@HOU,2plus_td,0.08585,1065,0.37035,0.1325,B,-,tgt_sh 5.2%; team att 36.9; opp DvP 0.84; RZ tgt 2; car_sh 32.5%; team rush 24.4; opp d_ypc 1.11; inside-10 car 2,1.0,
David Montgomery,HOU,DAL,RB,DAL@HOU,anytime_td,0.50935,-104,0.5973,0.0915,B,-,tgt_sh 4.7%; team att 36.9; opp DvP 0.84; RZ tgt 1; car_sh 48.1%; team rush 24.4; opp d_ypc 1.11; inside-10 car 4,1.0,
David Montgomery,HOU,DAL,RB,DAL@HOU,first_td,0.12465939574314575,702,0.5973,0.0915,B,-,tgt_sh 4.7%; team att 36.9; opp DvP 0.84; RZ tgt 1; car_sh 48.1%; team rush 24.4; opp d_ypc 1.11; inside-10 car 4,1.0,
David Montgomery,HOU,DAL,RB,DAL@HOU,last_td,0.12465939574314575,702,0.5973,0.0915,B,-,tgt_sh 4.7%; team att 36.9; opp DvP 0.84; RZ tgt 1; car_sh 48.1%; team rush 24.4; opp d_ypc 1.11; inside-10 car 4,1.0,
David Montgomery,HOU,DAL,RB,DAL@HOU,2plus_td,0.14695,581,0.5973,0.0915,B,-,tgt_sh 4.7%; team att 36.9; opp DvP 0.84; RZ tgt 1; car_sh 48.1%; team rush 24.4; opp d_ypc 1.11; inside-10 car 4,1.0,
Foster Moreau,HOU,DAL,TE,DAL@HOU,anytime_td,0.15925,528,0.0,0.17185,C,-,tgt_sh 6.8%; team att 36.9; opp DvP 1.00; RZ tgt 2,1.0,
Foster Moreau,HOU,DAL,TE,DAL@HOU,first_td,0.03130824009324009,3094,0.0,0.17185,C,-,tgt_sh 6.8%; team att 36.9; opp DvP 1.00; RZ tgt 2,1.0,
Foster Moreau,HOU,DAL,TE,DAL@HOU,last_td,0.03130824009324009,3094,0.0,0.17185,C,-,tgt_sh 6.8%; team att 36.9; opp DvP 1.00; RZ tgt 2,1.0,
Foster Moreau,HOU,DAL,TE,DAL@HOU,2plus_td,0.012,8233,0.0,0.17185,C,-,tgt_sh 6.8%; team att 36.9; opp DvP 1.00; RZ tgt 2,1.0,
Jaylin Noel,HOU,DAL,WR,DAL@HOU,anytime_td,0.0961,941,0.01915,0.08125,C,-,tgt_sh 5.6%; team att 36.9; opp DvP 1.09; RZ tgt 0,1.0,
Jaylin Noel,HOU,DAL,WR,DAL@HOU,first_td,0.01827590728715729,5372,0.01915,0.08125,C,-,tgt_sh 5.6%; team att 36.9; opp DvP 1.09; RZ tgt 0,1.0,
Jaylin Noel,HOU,DAL,WR,DAL@HOU,last_td,0.01827590728715729,5372,0.01915,0.08125,C,-,tgt_sh 5.6%; team att 36.9; opp DvP 1.09; RZ tgt 0,1.0,
Jaylin Noel,HOU,DAL,WR,DAL@HOU,2plus_td,0.00425,23429,0.01915,0.08125,C,-,tgt_sh 5.6%; team att 36.9; opp DvP 1.09; RZ tgt 0,1.0,
Dalton Schultz,HOU,DAL,TE,DAL@HOU,anytime_td,0.26368055192599177,279,0.0,0.30251398107980976,B,no game designation yet (Limited),tgt_sh 18.8%; team att 36.9; opp DvP 1.00; RZ tgt 1,0.9575230478992892,
Dalton Schultz,HOU,DAL,TE,DAL@HOU,first_td,0.054532637870326674,1734,0.0,0.30251398107980976,B,no game designation yet (Limited),tgt_sh 18.8%; team att 36.9; opp DvP 1.00; RZ tgt 1,0.9575230478992892,
Dalton Schultz,HOU,DAL,TE,DAL@HOU,last_td,0.054532637870326674,1734,0.0,0.30251398107980976,B,no game designation yet (Limited),tgt_sh 18.8%; team att 36.9; opp DvP 1.00; RZ tgt 1,0.9575230478992892,
Dalton Schultz,HOU,DAL,TE,DAL@HOU,2plus_td,0.035331625986515444,2730,0.0,0.30251398107980976,B,no game designation yet (Limited),tgt_sh 18.8%; team att 36.9; opp DvP 1.00; RZ tgt 1,0.9575230478992892,
Cade Stover,HOU,DAL,TE,DAL@HOU,anytime_td,0.0361,2670,0.0,0.03665,C,-,w_td 0.02; team TD 2.92,1.0,
Cade Stover,HOU,DAL,TE,DAL@HOU,first_td,0.006798391053391052,14609,0.0,0.03665,C,-,w_td 0.02; team TD 2.92,1.0,
Cade Stover,HOU,DAL,TE,DAL@HOU,last_td,0.006798391053391052,14609,0.0,0.03665,C,-,w_td 0.02; team TD 2.92,1.0,
Cade Stover,HOU,DAL,TE,DAL@HOU,2plus_td,0.00055,181718,0.0,0.03665,C,-,w_td 0.02; team TD 2.92,1.0,
Jared Wayne,HOU,DAL,WR,DAL@HOU,anytime_td,0.1809,453,0.0,0.1958,C,-,tgt_sh 10.9%; team att 36.9; opp DvP 1.09; RZ tgt 1,1.0,
Jared Wayne,HOU,DAL,WR,DAL@HOU,first_td,0.03576933663558664,2696,0.0,0.1958,C,-,tgt_sh 10.9%; team att 36.9; opp DvP 1.09; RZ tgt 1,1.0,
Jared Wayne,HOU,DAL,WR,DAL@HOU,last_td,0.03576933663558664,2696,0.0,0.1958,C,-,tgt_sh 10.9%; team att 36.9; opp DvP 1.09; RZ tgt 1,1.0,
Jared Wayne,HOU,DAL,WR,DAL@HOU,2plus_td,0.01405,7017,0.0,0.1958,C,-,tgt_sh 10.9%; team att 36.9; opp DvP 1.09; RZ tgt 1,1.0,
Jacoby Brissett,ARI,NYG,QB,ARI@NYG,anytime_td,0.1004,896,0.1056,0.0,B,-,team att 35.2; ypa 6.20; opp d_ypa 0.98; pass rate 59.1%,1.0,
Jacoby Brissett,ARI,NYG,QB,ARI@NYG,first_td,0.022662617243867242,4313,0.1056,0.0,B,-,team att 35.2; ypa 6.20; opp d_ypa 0.98; pass rate 59.1%,1.0,
Jacoby Brissett,ARI,NYG,QB,ARI@NYG,last_td,0.022662617243867242,4313,0.1056,0.0,B,-,team att 35.2; ypa 6.20; opp d_ypa 0.98; pass rate 59.1%,1.0,
Jacoby Brissett,ARI,NYG,QB,ARI@NYG,2plus_td,0.00485,20519,0.1056,0.0,B,-,team att 35.2; ypa 6.20; opp d_ypa 0.98; pass rate 59.1%,1.0,
Tyler Allgeier,ARI,NYG,RB,ARI@NYG,anytime_td,0.2585,287,0.18945,0.1043,B,-,tgt_sh 5.0%; team att 35.2; opp DvP 0.93; RZ tgt 2; car_sh 26.3%; team rush 25.2; opp d_ypc 1.05; inside-10 car 2,1.0,
Tyler Allgeier,ARI,NYG,RB,ARI@NYG,first_td,0.06306029872904872,1486,0.18945,0.1043,B,-,tgt_sh 5.0%; team att 35.2; opp DvP 0.93; RZ tgt 2; car_sh 26.3%; team rush 25.2; opp d_ypc 1.05; inside-10 car 2,1.0,
Tyler Allgeier,ARI,NYG,RB,ARI@NYG,last_td,0.06306029872904872,1486,0.18945,0.1043,B,-,tgt_sh 5.0%; team att 35.2; opp DvP 0.93; RZ tgt 2; car_sh 26.3%; team rush 25.2; opp d_ypc 1.05; inside-10 car 2,1.0,
Tyler Allgeier,ARI,NYG,RB,ARI@NYG,2plus_td,0.03295,2935,0.18945,0.1043,B,-,tgt_sh 5.0%; team att 35.2; opp DvP 0.93; RZ tgt 2; car_sh 26.3%; team rush 25.2; opp d_ypc 1.05; inside-10 car 2,1.0,
Kendrick Bourne,ARI,NYG,WR,ARI@NYG,anytime_td,0.17005,488,0.0,0.1842,C,-,tgt_sh 11.6%; team att 35.2; opp DvP 1.08; RZ tgt 2,1.0,
Kendrick Bourne,ARI,NYG,WR,ARI@NYG,first_td,0.03866135212010212,2487,0.0,0.1842,C,-,tgt_sh 11.6%; team att 35.2; opp DvP 1.08; RZ tgt 2,1.0,
Kendrick Bourne,ARI,NYG,WR,ARI@NYG,last_td,0.03866135212010212,2487,0.0,0.1842,C,-,tgt_sh 11.6%; team att 35.2; opp DvP 1.08; RZ tgt 2,1.0,
Kendrick Bourne,ARI,NYG,WR,ARI@NYG,2plus_td,0.01345,7335,0.0,0.1842,C,-,tgt_sh 11.6%; team att 35.2; opp DvP 1.08; RZ tgt 2,1.0,
Jalen Brooks,ARI,NYG,WR,ARI@NYG,anytime_td,0.02105,4651,0.0,0.02125,C,-,w_td 0.02; team TD 2.39,1.0,
Jalen Brooks,ARI,NYG,WR,ARI@NYG,first_td,0.004494049977799977,22152,0.0,0.02125,C,-,w_td 0.02; team TD 2.39,1.0,
Jalen Brooks,ARI,NYG,WR,ARI@NYG,last_td,0.004494049977799977,22152,0.0,0.02125,C,-,w_td 0.02; team TD 2.39,1.0,
Jalen Brooks,ARI,NYG,WR,ARI@NYG,2plus_td,0.0002,499900,0.0,0.02125,C,-,w_td 0.02; team TD 2.39,1.0,
Devin Duvernay,ARI,NYG,WR,ARI@NYG,anytime_td,0.0151,6523,0.0,0.01515,C,-,w_td 0.01; team TD 2.39,1.0,
Devin Duvernay,ARI,NYG,WR,ARI@NYG,first_td,0.0031615873015873016,31530,0.0,0.01515,C,-,w_td 0.01; team TD 2.39,1.0,
Devin Duvernay,ARI,NYG,WR,ARI@NYG,last_td,0.0031615873015873016,31530,0.0,0.01515,C,-,w_td 0.01; team TD 2.39,1.0,
Devin Duvernay,ARI,NYG,WR,ARI@NYG,2plus_td,5e-05,999900,0.0,0.01515,C,-,w_td 0.01; team TD 2.39,1.0,
Marvin Harrison Jr.,ARI,NYG,WR,ARI@NYG,anytime_td,0.13305,652,0.0,0.1414,C,-,tgt_sh 11.8%; team att 35.2; opp DvP 1.08; RZ tgt 0,1.0,
Marvin Harrison Jr.,ARI,NYG,WR,ARI@NYG,first_td,0.029181109862359857,3327,0.0,0.1414,C,-,tgt_sh 11.8%; team att 35.2; opp DvP 1.08; RZ tgt 0,1.0,
Marvin Harrison Jr.,ARI,NYG,WR,ARI@NYG,last_td,0.029181109862359857,3327,0.0,0.1414,C,-,tgt_sh 11.8%; team att 35.2; opp DvP 1.08; RZ tgt 0,1.0,
Marvin Harrison Jr.,ARI,NYG,WR,ARI@NYG,2plus_td,0.00805,12322,0.0,0.1414,C,-,tgt_sh 11.8%; team att 35.2; opp DvP 1.08; RZ tgt 0,1.0,
Elijah Higgins,ARI,NYG,TE,ARI@NYG,anytime_td,0.04325,2212,0.0,0.044,C,-,tgt_sh 3.8%; team att 35.2; opp DvP 1.09; RZ tgt 0,1.0,
Elijah Higgins,ARI,NYG,TE,ARI@NYG,first_td,0.009360655316905317,10583,0.0,0.044,C,-,tgt_sh 3.8%; team att 35.2; opp DvP 1.09; RZ tgt 0,1.0,
Elijah Higgins,ARI,NYG,TE,ARI@NYG,last_td,0.009360655316905317,10583,0.0,0.044,C,-,tgt_sh 3.8%; team att 35.2; opp DvP 1.09; RZ tgt 0,1.0,
Elijah Higgins,ARI,NYG,TE,ARI@NYG,2plus_td,0.00075,133233,0.0,0.044,C,-,tgt_sh 3.8%; team att 35.2; opp DvP 1.09; RZ tgt 0,1.0,
Bam Knight,ARI,NYG,RB,ARI@NYG,anytime_td,0.0834,1099,0.05695,0.03015,C,-,car_sh 9.8%; team rush 25.2; opp d_ypc 1.05; inside-10 car 0,1.0,
Bam Knight,ARI,NYG,RB,ARI@NYG,first_td,0.018304191919191918,5363,0.05695,0.03015,C,-,car_sh 9.8%; team rush 25.2; opp d_ypc 1.05; inside-10 car 0,1.0,
Bam Knight,ARI,NYG,RB,ARI@NYG,last_td,0.018304191919191918,5363,0.05695,0.03015,C,-,car_sh 9.8%; team rush 25.2; opp d_ypc 1.05; inside-10 car 0,1.0,
Bam Knight,ARI,NYG,RB,ARI@NYG,2plus_td,0.0037,26927,0.05695,0.03015,C,-,car_sh 9.8%; team rush 25.2; opp d_ypc 1.05; inside-10 car 0,1.0,
Hunter Long,ARI,NYG,TE,ARI@NYG,anytime_td,0.03125,3100,0.0,0.03185,C,-,w_td 0.02; team TD 2.39,1.0,
Hunter Long,ARI,NYG,TE,ARI@NYG,first_td,0.006684751082251083,14859,0.0,0.03185,C,-,w_td 0.02; team TD 2.39,1.0,
Hunter Long,ARI,NYG,TE,ARI@NYG,last_td,0.006684751082251083,14859,0.0,0.03185,C,-,w_td 0.02; team TD 2.39,1.0,
Hunter Long,ARI,NYG,TE,ARI@NYG,2plus_td,0.0006,166567,0.0,0.03185,C,-,w_td 0.02; team TD 2.39,1.0,
Jeremiyah Love,ARI,NYG,RB,ARI@NYG,anytime_td,0.43505,130,0.3723,0.17835,B,-,tgt_sh 9.8%; team att 35.2; opp DvP 0.93; RZ tgt 3; car_sh 50.2%; team rush 25.2; opp d_ypc 1.05; inside-10 car 4,1.0,
Jeremiyah Love,ARI,NYG,RB,ARI@NYG,first_td,0.11693768065268063,755,0.3723,0.17835,B,-,tgt_sh 9.8%; team att 35.2; opp DvP 0.93; RZ tgt 3; car_sh 50.2%; team rush 25.2; opp d_ypc 1.05; inside-10 car 4,1.0,
Jeremiyah Love,ARI,NYG,RB,ARI@NYG,last_td,0.11693768065268063,755,0.3723,0.17835,B,-,tgt_sh 9.8%; team att 35.2; opp DvP 0.93; RZ tgt 3; car_sh 50.2%; team rush 25.2; opp d_ypc 1.05; inside-10 car 4,1.0,
Jeremiyah Love,ARI,NYG,RB,ARI@NYG,2plus_td,0.09975,903,0.3723,0.17835,B,-,tgt_sh 9.8%; team att 35.2; opp DvP 0.93; RZ tgt 3; car_sh 50.2%; team rush 25.2; opp d_ypc 1.05; inside-10 car 4,1.0,
Trey McBride,ARI,NYG,TE,ARI@NYG,anytime_td,0.42365,136,0.0,0.5386,B,-,tgt_sh 28.3%; team att 35.2; opp DvP 1.09; RZ tgt 8,1.0,
Trey McBride,ARI,NYG,TE,ARI@NYG,first_td,0.11332471056721057,782,0.0,0.5386,B,-,tgt_sh 28.3%; team att 35.2; opp DvP 1.09; RZ tgt 8,1.0,
Trey McBride,ARI,NYG,TE,ARI@NYG,last_td,0.11332471056721057,782,0.0,0.5386,B,-,tgt_sh 28.3%; team att 35.2; opp DvP 1.09; RZ tgt 8,1.0,
Trey McBride,ARI,NYG,TE,ARI@NYG,2plus_td,0.09835,917,0.0,0.5386,B,-,tgt_sh 28.3%; team att 35.2; opp DvP 1.09; RZ tgt 8,1.0,
Michael Wilson,ARI,NYG,WR,ARI@NYG,anytime_td,0.3091,224,0.0,0.3633,B,-,tgt_sh 20.3%; team att 35.2; opp DvP 1.08; RZ tgt 5,1.0,
Michael Wilson,ARI,NYG,WR,ARI@NYG,first_td,0.07645608738483738,1208,0.0,0.3633,B,-,tgt_sh 20.3%; team att 35.2; opp DvP 1.08; RZ tgt 5,1.0,
Michael Wilson,ARI,NYG,WR,ARI@NYG,last_td,0.07645608738483738,1208,0.0,0.3633,B,-,tgt_sh 20.3%; team att 35.2; opp DvP 1.08; RZ tgt 5,1.0,
Michael Wilson,ARI,NYG,WR,ARI@NYG,2plus_td,0.0496,1916,0.0,0.3633,B,-,tgt_sh 20.3%; team att 35.2; opp DvP 1.08; RZ tgt 5,1.0,
Jameis Winston,NYG,ARI,QB,ARI@NYG,anytime_td,0.0263,3702,0.02645,0.0,C,-,team att 29.5; ypa 7.34; opp d_ypa 1.13; pass rate 52.6%,1.0,
Jameis Winston,NYG,ARI,QB,ARI@NYG,first_td,0.0054719318181818185,18175,0.02645,0.0,C,-,team att 29.5; ypa 7.34; opp d_ypa 1.13; pass rate 52.6%,1.0,
Jameis Winston,NYG,ARI,QB,ARI@NYG,last_td,0.0054719318181818185,18175,0.02645,0.0,C,-,team att 29.5; ypa 7.34; opp d_ypa 1.13; pass rate 52.6%,1.0,
Jameis Winston,NYG,ARI,QB,ARI@NYG,2plus_td,0.00015,666567,0.02645,0.0,C,-,team att 29.5; ypa 7.34; opp d_ypa 1.13; pass rate 52.6%,1.0,
Malachi Fields,NYG,ARI,WR,ARI@NYG,anytime_td,0.1556,543,0.0,0.1669,C,-,tgt_sh 13.8%; team att 29.5; opp DvP 1.04; RZ tgt 0,1.0,
Malachi Fields,NYG,ARI,WR,ARI@NYG,first_td,0.03541554403929404,2724,0.0,0.1669,C,-,tgt_sh 13.8%; team att 29.5; opp DvP 1.04; RZ tgt 0,1.0,
Malachi Fields,NYG,ARI,WR,ARI@NYG,last_td,0.03541554403929404,2724,0.0,0.1669,C,-,tgt_sh 13.8%; team att 29.5; opp DvP 1.04; RZ tgt 0,1.0,
Malachi Fields,NYG,ARI,WR,ARI@NYG,2plus_td,0.01085,9117,0.0,0.1669,C,-,tgt_sh 13.8%; team att 29.5; opp DvP 1.04; RZ tgt 0,1.0,
Najee Harris,NYG,ARI,RB,ARI@NYG,anytime_td,0.1343,645,0.1362,0.00715,C,-,car_sh 19.8%; team rush 28.5; opp d_ypc 1.04; inside-10 car 2,1.0,
Najee Harris,NYG,ARI,RB,ARI@NYG,first_td,0.0303361741036741,3196,0.1362,0.00715,C,-,car_sh 19.8%; team rush 28.5; opp d_ypc 1.04; inside-10 car 2,1.0,
Najee Harris,NYG,ARI,RB,ARI@NYG,last_td,0.0303361741036741,3196,0.1362,0.00715,C,-,car_sh 19.8%; team rush 28.5; opp d_ypc 1.04; inside-10 car 2,1.0,
Najee Harris,NYG,ARI,RB,ARI@NYG,2plus_td,0.00885,11199,0.1362,0.00715,C,-,car_sh 19.8%; team rush 28.5; opp d_ypc 1.04; inside-10 car 2,1.0,
Theo Johnson,NYG,ARI,TE,ARI@NYG,anytime_td,0.09225,984,0.0,0.09575,C,-,tgt_sh 8.6%; team att 29.5; opp DvP 0.97; RZ tgt 0,1.0,
Theo Johnson,NYG,ARI,TE,ARI@NYG,first_td,0.020239895382395384,4841,0.0,0.09575,C,-,tgt_sh 8.6%; team att 29.5; opp DvP 0.97; RZ tgt 0,1.0,
Theo Johnson,NYG,ARI,TE,ARI@NYG,last_td,0.020239895382395384,4841,0.0,0.09575,C,-,tgt_sh 8.6%; team att 29.5; opp DvP 0.97; RZ tgt 0,1.0,
Theo Johnson,NYG,ARI,TE,ARI@NYG,2plus_td,0.0034,29312,0.0,0.09575,C,-,tgt_sh 8.6%; team att 29.5; opp DvP 0.97; RZ tgt 0,1.0,
Isaiah Likely,NYG,ARI,TE,ARI@NYG,anytime_td,0.32675,206,0.0,0.3879,B,-,tgt_sh 21.2%; team att 29.5; opp DvP 0.97; RZ tgt 4,1.0,
Isaiah Likely,NYG,ARI,TE,ARI@NYG,first_td,0.08080293401043401,1138,0.0,0.3879,B,-,tgt_sh 21.2%; team att 29.5; opp DvP 0.97; RZ tgt 4,1.0,
Isaiah Likely,NYG,ARI,TE,ARI@NYG,last_td,0.08080293401043401,1138,0.0,0.3879,B,-,tgt_sh 21.2%; team att 29.5; opp DvP 0.97; RZ tgt 4,1.0,
Isaiah Likely,NYG,ARI,TE,ARI@NYG,2plus_td,0.05465,1730,0.0,0.3879,B,-,tgt_sh 21.2%; team att 29.5; opp DvP 0.97; RZ tgt 4,1.0,
Darnell Mooney,NYG,ARI,WR,ARI@NYG,anytime_td,0.12865,677,0.00355,0.1347,C,-,tgt_sh 11.2%; team att 29.5; opp DvP 1.04; RZ tgt 0,1.0,
Darnell Mooney,NYG,ARI,WR,ARI@NYG,first_td,0.02932378663003663,3310,0.00355,0.1347,C,-,tgt_sh 11.2%; team att 29.5; opp DvP 1.04; RZ tgt 0,1.0,
Darnell Mooney,NYG,ARI,WR,ARI@NYG,last_td,0.02932378663003663,3310,0.00355,0.1347,C,-,tgt_sh 11.2%; team att 29.5; opp DvP 1.04; RZ tgt 0,1.0,
Darnell Mooney,NYG,ARI,WR,ARI@NYG,2plus_td,0.00915,10829,0.00355,0.1347,C,-,tgt_sh 11.2%; team att 29.5; opp DvP 1.04; RZ tgt 0,1.0,
Malik Nabers,NYG,ARI,WR,ARI@NYG,anytime_td,0.2914,243,0.0,0.3404,B,-,tgt_sh 19.2%; team att 29.5; opp DvP 1.04; RZ tgt 3,1.0,
Malik Nabers,NYG,ARI,WR,ARI@NYG,first_td,0.0711760785048285,1305,0.0,0.3404,B,-,tgt_sh 19.2%; team att 29.5; opp DvP 1.04; RZ tgt 3,1.0,
Malik Nabers,NYG,ARI,WR,ARI@NYG,last_td,0.0711760785048285,1305,0.0,0.3404,B,-,tgt_sh 19.2%; team att 29.5; opp DvP 1.04; RZ tgt 3,1.0,
Malik Nabers,NYG,ARI,WR,ARI@NYG,2plus_td,0.04415,2165,0.0,0.3404,B,-,tgt_sh 19.2%; team att 29.5; opp DvP 1.04; RZ tgt 3,1.0,
Devin Singletary,NYG,ARI,RB,ARI@NYG,anytime_td,0.18605,437,0.07225,0.1317,C,-,tgt_sh 5.5%; team att 29.5; opp DvP 1.01; RZ tgt 2; car_sh 13.2%; team rush 28.5; opp d_ypc 1.04; inside-10 car 0,1.0,
Devin Singletary,NYG,ARI,RB,ARI@NYG,first_td,0.04254762501387501,2250,0.07225,0.1317,C,-,tgt_sh 5.5%; team att 29.5; opp DvP 1.01; RZ tgt 2; car_sh 13.2%; team rush 28.5; opp d_ypc 1.04; inside-10 car 0,1.0,
Devin Singletary,NYG,ARI,RB,ARI@NYG,last_td,0.04254762501387501,2250,0.07225,0.1317,C,-,tgt_sh 5.5%; team att 29.5; opp DvP 1.01; RZ tgt 2; car_sh 13.2%; team rush 28.5; opp d_ypc 1.04; inside-10 car 0,1.0,
Devin Singletary,NYG,ARI,RB,ARI@NYG,2plus_td,0.01685,5835,0.07225,0.1317,C,-,tgt_sh 5.5%; team att 29.5; opp DvP 1.01; RZ tgt 2; car_sh 13.2%; team rush 28.5; opp d_ypc 1.04; inside-10 car 0,1.0,
Cam Skattebo,NYG,ARI,RB,ARI@NYG,anytime_td,0.3547,182,0.30585,0.1236,B,-,tgt_sh 10.7%; team att 29.5; opp DvP 1.01; RZ tgt 0; car_sh 40.9%; team rush 28.5; opp d_ypc 1.04; inside-10 car 5,1.0,
Cam Skattebo,NYG,ARI,RB,ARI@NYG,first_td,0.09074396797646798,1002,0.30585,0.1236,B,-,tgt_sh 10.7%; team att 29.5; opp DvP 1.01; RZ tgt 0; car_sh 40.9%; team rush 28.5; opp d_ypc 1.04; inside-10 car 5,1.0,
Cam Skattebo,NYG,ARI,RB,ARI@NYG,last_td,0.09074396797646798,1002,0.30585,0.1236,B,-,tgt_sh 10.7%; team att 29.5; opp DvP 1.01; RZ tgt 0; car_sh 40.9%; team rush 28.5; opp d_ypc 1.04; inside-10 car 5,1.0,
Cam Skattebo,NYG,ARI,RB,ARI@NYG,2plus_td,0.06625,1409,0.30585,0.1236,B,-,tgt_sh 10.7%; team att 29.5; opp DvP 1.01; RZ tgt 0; car_sh 40.9%; team rush 28.5; opp d_ypc 1.04; inside-10 car 5,1.0,
Tyrone Tracy Jr.,NYG,ARI,RB,ARI@NYG,anytime_td,0.07419067107403327,1248,0.03127131538905504,0.045647725484023294,C,no game designation yet (Full),tgt_sh 3.9%; team att 29.5; opp DvP 1.01; RZ tgt 0,0.9508674235277402,
Tyrone Tracy Jr.,NYG,ARI,RB,ARI@NYG,first_td,0.01592719678663327,6179,0.03127131538905504,0.045647725484023294,C,no game designation yet (Full),tgt_sh 3.9%; team att 29.5; opp DvP 1.01; RZ tgt 0,0.9508674235277402,
Tyrone Tracy Jr.,NYG,ARI,RB,ARI@NYG,last_td,0.01592719678663327,6179,0.03127131538905504,0.045647725484023294,C,no game designation yet (Full),tgt_sh 3.9%; team att 29.5; opp DvP 1.01; RZ tgt 0,0.9508674235277402,
Tyrone Tracy Jr.,NYG,ARI,RB,ARI@NYG,2plus_td,0.0026234324990817987,38018,0.03127131538905504,0.045647725484023294,C,no game designation yet (Full),tgt_sh 3.9%; team att 29.5; opp DvP 1.01; RZ tgt 0,0.9508674235277402,
Matthew Stafford,LA,PHI,QB,LA@PHI,anytime_td,0.06445,1452,0.0664,0.0,B,-,team att 34.9; ypa 7.35; opp d_ypa 0.98; pass rate 58.1%,1.0,
Matthew Stafford,LA,PHI,QB,LA@PHI,first_td,0.01407469155844156,7005,0.0664,0.0,B,-,team att 34.9; ypa 7.35; opp d_ypa 0.98; pass rate 58.1%,1.0,
Matthew Stafford,LA,PHI,QB,LA@PHI,last_td,0.01407469155844156,7005,0.0664,0.0,B,-,team att 34.9; ypa 7.35; opp d_ypa 0.98; pass rate 58.1%,1.0,
Matthew Stafford,LA,PHI,QB,LA@PHI,2plus_td,0.0019,52532,0.0664,0.0,B,-,team att 34.9; ypa 7.35; opp d_ypa 0.98; pass rate 58.1%,1.0,
Davante Adams,LA,PHI,WR,LA@PHI,anytime_td,0.36752001685630004,172,0.0,0.45138010956595026,B,no game designation yet (Full),tgt_sh 20.5%; team att 34.9; opp DvP 0.98; RZ tgt 2,0.9479829842591244,
Davante Adams,LA,PHI,WR,LA@PHI,first_td,0.09156459834004081,992,0.0,0.45138010956595026,B,no game designation yet (Full),tgt_sh 20.5%; team att 34.9; opp DvP 0.98; RZ tgt 2,0.9479829842591244,
Davante Adams,LA,PHI,WR,LA@PHI,last_td,0.09156459834004081,992,0.0,0.45138010956595026,B,no game designation yet (Full),tgt_sh 20.5%; team att 34.9; opp DvP 0.98; RZ tgt 2,0.9479829842591244,
Davante Adams,LA,PHI,WR,LA@PHI,2plus_td,0.07321955330804888,1266,0.0,0.45138010956595026,B,no game designation yet (Full),tgt_sh 20.5%; team att 34.9; opp DvP 0.98; RZ tgt 2,0.9479829842591244,
Davis Allen,LA,PHI,TE,LA@PHI,anytime_td,0.0558,1692,0.0,0.05765,C,-,tgt_sh 3.6%; team att 34.9; opp DvP 0.84; RZ tgt 0,1.0,
Davis Allen,LA,PHI,TE,LA@PHI,first_td,0.01154794733044733,8560,0.0,0.05765,C,-,tgt_sh 3.6%; team att 34.9; opp DvP 0.84; RZ tgt 0,1.0,
Davis Allen,LA,PHI,TE,LA@PHI,last_td,0.01154794733044733,8560,0.0,0.05765,C,-,tgt_sh 3.6%; team att 34.9; opp DvP 0.84; RZ tgt 0,1.0,
Davis Allen,LA,PHI,TE,LA@PHI,2plus_td,0.0018,55456,0.0,0.05765,C,-,tgt_sh 3.6%; team att 34.9; opp DvP 0.84; RZ tgt 0,1.0,
Tutu Atwell,LA,PHI,WR,LA@PHI,anytime_td,0.06415,1459,0.0,0.0663,C,-,tgt_sh 3.6%; team att 34.9; opp DvP 0.98; RZ tgt 0,1.0,
Tutu Atwell,LA,PHI,WR,LA@PHI,first_td,0.013789145021645022,7152,0.0,0.0663,C,-,tgt_sh 3.6%; team att 34.9; opp DvP 0.98; RZ tgt 0,1.0,
Tutu Atwell,LA,PHI,WR,LA@PHI,last_td,0.013789145021645022,7152,0.0,0.0663,C,-,tgt_sh 3.6%; team att 34.9; opp DvP 0.98; RZ tgt 0,1.0,
Tutu Atwell,LA,PHI,WR,LA@PHI,2plus_td,0.00215,46412,0.0,0.0663,C,-,tgt_sh 3.6%; team att 34.9; opp DvP 0.98; RZ tgt 0,1.0,
Dean Connors,LA,PHI,RB,LA@PHI,anytime_td,0.0156,6310,0.00825,0.0075,C,-,w_td 0.01; team TD 2.51,1.0,
Dean Connors,LA,PHI,RB,LA@PHI,first_td,0.003166847041847042,31477,0.00825,0.0075,C,-,w_td 0.01; team TD 2.51,1.0,
Dean Connors,LA,PHI,RB,LA@PHI,last_td,0.003166847041847042,31477,0.00825,0.0075,C,-,w_td 0.01; team TD 2.51,1.0,
Dean Connors,LA,PHI,RB,LA@PHI,2plus_td,0.00015,666567,0.00825,0.0075,C,-,w_td 0.01; team TD 2.51,1.0,
Blake Corum,LA,PHI,RB,LA@PHI,anytime_td,0.256,291,0.20575,0.08665,B,-,car_sh 28.2%; team rush 26.3; opp d_ypc 0.97; inside-10 car 0,1.0,
Blake Corum,LA,PHI,RB,LA@PHI,first_td,0.060165972777222784,1562,0.20575,0.08665,B,-,car_sh 28.2%; team rush 26.3; opp d_ypc 0.97; inside-10 car 0,1.0,
Blake Corum,LA,PHI,RB,LA@PHI,last_td,0.060165972777222784,1562,0.20575,0.08665,B,-,car_sh 28.2%; team rush 26.3; opp d_ypc 0.97; inside-10 car 0,1.0,
Blake Corum,LA,PHI,RB,LA@PHI,2plus_td,0.0334,2894,0.20575,0.08665,B,-,car_sh 28.2%; team rush 26.3; opp d_ypc 0.97; inside-10 car 0,1.0,
Tyler Higbee,LA,PHI,TE,LA@PHI,anytime_td,0.20586769652423073,386,0.0,0.23078360533200448,C,no game designation yet (DNP),tgt_sh 9.1%; team att 34.9; opp DvP 0.84; RZ tgt 2,0.8055616699684496,
Tyler Higbee,LA,PHI,TE,LA@PHI,first_td,0.04644700288153633,2053,0.0,0.23078360533200448,C,no game designation yet (DNP),tgt_sh 9.1%; team att 34.9; opp DvP 0.84; RZ tgt 2,0.8055616699684496,
Tyler Higbee,LA,PHI,TE,LA@PHI,last_td,0.04644700288153633,2053,0.0,0.23078360533200448,C,no game designation yet (DNP),tgt_sh 9.1%; team att 34.9; opp DvP 0.84; RZ tgt 2,0.8055616699684496,
Tyler Higbee,LA,PHI,TE,LA@PHI,2plus_td,0.023234084963249035,4204,0.0,0.23078360533200448,C,no game designation yet (DNP),tgt_sh 9.1%; team att 34.9; opp DvP 0.84; RZ tgt 2,0.8055616699684496,
Konata Mumpfield,LA,PHI,WR,LA@PHI,anytime_td,0.12555,696,0.0,0.1322,C,-,tgt_sh 4.9%; team att 34.9; opp DvP 0.98; RZ tgt 1,1.0,
Konata Mumpfield,LA,PHI,WR,LA@PHI,first_td,0.026983499278499277,3606,0.0,0.1322,C,-,tgt_sh 4.9%; team att 34.9; opp DvP 0.98; RZ tgt 1,1.0,
Konata Mumpfield,LA,PHI,WR,LA@PHI,last_td,0.026983499278499277,3606,0.0,0.1322,C,-,tgt_sh 4.9%; team att 34.9; opp DvP 0.98; RZ tgt 1,1.0,
Konata Mumpfield,LA,PHI,WR,LA@PHI,2plus_td,0.00645,15404,0.0,0.1322,C,-,tgt_sh 4.9%; team att 34.9; opp DvP 0.98; RZ tgt 1,1.0,
Puka Nacua,LA,PHI,WR,LA@PHI,anytime_td,0.3810101223112611,162,0.0,0.47116195698017715,C,no game designation yet (Full),tgt_sh 24.2%; team att 34.9; opp DvP 0.98; RZ tgt 1,0.9479829842591244,
Puka Nacua,LA,PHI,WR,LA@PHI,first_td,0.09593238431281452,942,0.0,0.47116195698017715,C,no game designation yet (Full),tgt_sh 24.2%; team att 34.9; opp DvP 0.98; RZ tgt 1,0.9479829842591244,
Puka Nacua,LA,PHI,WR,LA@PHI,last_td,0.09593238431281452,942,0.0,0.47116195698017715,C,no game designation yet (Full),tgt_sh 24.2%; team att 34.9; opp DvP 0.98; RZ tgt 1,0.9479829842591244,
Puka Nacua,LA,PHI,WR,LA@PHI,2plus_td,0.0788696752425137,1168,0.0,0.47116195698017715,C,no game designation yet (Full),tgt_sh 24.2%; team att 34.9; opp DvP 0.98; RZ tgt 1,0.9479829842591244,
Colby Parkinson,LA,PHI,TE,LA@PHI,anytime_td,0.1596163553760727,527,0.0,0.17324583543664815,C,Questionable (DNP),w_td 0.08; team TD 2.51,0.4981574884199691,
Colby Parkinson,LA,PHI,TE,LA@PHI,first_td,0.035016731823899916,2756,0.0,0.17324583543664815,C,Questionable (DNP),w_td 0.08; team TD 2.51,0.4981574884199691,
Colby Parkinson,LA,PHI,TE,LA@PHI,last_td,0.035016731823899916,2756,0.0,0.17324583543664815,C,Questionable (DNP),w_td 0.08; team TD 2.51,0.4981574884199691,
Colby Parkinson,LA,PHI,TE,LA@PHI,2plus_td,0.012821807168096921,7699,0.0,0.17324583543664815,C,Questionable (DNP),w_td 0.08; team TD 2.51,0.4981574884199691,
Jordan Whittington,LA,PHI,WR,LA@PHI,anytime_td,0.0464,2055,0.0,0.04745,C,-,w_td 0.02; team TD 2.51,1.0,
Jordan Whittington,LA,PHI,WR,LA@PHI,first_td,0.00952614538239538,10397,0.0,0.04745,C,-,w_td 0.02; team TD 2.51,1.0,
Jordan Whittington,LA,PHI,WR,LA@PHI,last_td,0.00952614538239538,10397,0.0,0.04745,C,-,w_td 0.02; team TD 2.51,1.0,
Jordan Whittington,LA,PHI,WR,LA@PHI,2plus_td,0.00105,95138,0.0,0.04745,C,-,w_td 0.02; team TD 2.51,1.0,
Kyren Williams,LA,PHI,RB,LA@PHI,anytime_td,0.48165,108,0.4577,0.17875,B,-,tgt_sh 8.0%; team att 34.9; opp DvP 0.93; RZ tgt 1; car_sh 46.6%; team rush 26.3; opp d_ypc 0.97; inside-10 car 4,1.0,
Kyren Williams,LA,PHI,RB,LA@PHI,first_td,0.13106600912975913,663,0.4577,0.17875,B,-,tgt_sh 8.0%; team att 34.9; opp DvP 0.93; RZ tgt 1; car_sh 46.6%; team rush 26.3; opp d_ypc 0.97; inside-10 car 4,1.0,
Kyren Williams,LA,PHI,RB,LA@PHI,last_td,0.13106600912975913,663,0.4577,0.17875,B,-,tgt_sh 8.0%; team att 34.9; opp DvP 0.93; RZ tgt 1; car_sh 46.6%; team rush 26.3; opp d_ypc 0.97; inside-10 car 4,1.0,
Kyren Williams,LA,PHI,RB,LA@PHI,2plus_td,0.1301,669,0.4577,0.17875,B,-,tgt_sh 8.0%; team att 34.9; opp DvP 0.93; RZ tgt 1; car_sh 46.6%; team rush 26.3; opp d_ypc 0.97; inside-10 car 4,1.0,
Jalen Hurts,PHI,LA,QB,LA@PHI,anytime_td,0.14515,589,0.15535,0.0,B,-,team att 32.1; ypa 6.37; opp d_ypa 0.87; pass rate 56.8%,1.0,
Jalen Hurts,PHI,LA,QB,LA@PHI,first_td,0.03225085608835609,3001,0.15535,0.0,B,-,team att 32.1; ypa 6.37; opp d_ypa 0.87; pass rate 56.8%,1.0,
Jalen Hurts,PHI,LA,QB,LA@PHI,last_td,0.03225085608835609,3001,0.15535,0.0,B,-,team att 32.1; ypa 6.37; opp d_ypa 0.87; pass rate 56.8%,1.0,
Jalen Hurts,PHI,LA,QB,LA@PHI,2plus_td,0.00965,10263,0.15535,0.0,B,-,team att 32.1; ypa 6.37; opp d_ypa 0.87; pass rate 56.8%,1.0,
Saquon Barkley,PHI,LA,RB,LA@PHI,anytime_td,0.3748,167,0.30935,0.1515,B,-,tgt_sh 7.3%; team att 32.1; opp DvP 0.92; RZ tgt 0; car_sh 50.7%; team rush 26.0; opp d_ypc 0.98; inside-10 car 2,1.0,
Saquon Barkley,PHI,LA,RB,LA@PHI,first_td,0.09379075452325451,966,0.30935,0.1515,B,-,tgt_sh 7.3%; team att 32.1; opp DvP 0.92; RZ tgt 0; car_sh 50.7%; team rush 26.0; opp d_ypc 0.98; inside-10 car 2,1.0,
Saquon Barkley,PHI,LA,RB,LA@PHI,last_td,0.09379075452325451,966,0.30935,0.1515,B,-,tgt_sh 7.3%; team att 32.1; opp DvP 0.92; RZ tgt 0; car_sh 50.7%; team rush 26.0; opp d_ypc 0.98; inside-10 car 2,1.0,
Saquon Barkley,PHI,LA,RB,LA@PHI,2plus_td,0.0753,1228,0.30935,0.1515,B,-,tgt_sh 7.3%; team att 32.1; opp DvP 0.92; RZ tgt 0; car_sh 50.7%; team rush 26.0; opp d_ypc 0.98; inside-10 car 2,1.0,
Tank Bigsby,PHI,LA,RB,LA@PHI,anytime_td,0.1354682397556094,638,0.10365532497629833,0.0423469925208048,B,no game designation yet (Full),car_sh 15.2%; team rush 26.0; opp d_ypc 0.98; inside-10 car 1,0.9508674235277402,
Tank Bigsby,PHI,LA,RB,LA@PHI,first_td,0.02957957629294403,3281,0.10365532497629833,0.0423469925208048,B,no game designation yet (Full),car_sh 15.2%; team rush 26.0; opp d_ypc 0.98; inside-10 car 1,0.9508674235277402,
Tank Bigsby,PHI,LA,RB,LA@PHI,last_td,0.02957957629294403,3281,0.10365532497629833,0.0423469925208048,B,no game designation yet (Full),car_sh 15.2%; team rush 26.0; opp d_ypc 0.98; inside-10 car 1,0.9508674235277402,
Tank Bigsby,PHI,LA,RB,LA@PHI,2plus_td,0.010060044243126514,9840,0.10365532497629833,0.0423469925208048,B,no game designation yet (Full),car_sh 15.2%; team rush 26.0; opp d_ypc 0.98; inside-10 car 1,0.9508674235277402,
Darius Cooper,PHI,LA,WR,LA@PHI,anytime_td,0.10841466631495647,822,0.0,0.11316275389079399,C,no game designation yet (Full),w_td 0.04; team TD 2.14,0.9479829842591244,
Darius Cooper,PHI,LA,WR,LA@PHI,first_td,0.023094910745926307,4230,0.0,0.11316275389079399,C,no game designation yet (Full),w_td 0.04; team TD 2.14,0.9479829842591244,
Darius Cooper,PHI,LA,WR,LA@PHI,last_td,0.023094910745926307,4230,0.0,0.11316275389079399,C,no game designation yet (Full),w_td 0.04; team TD 2.14,0.9479829842591244,
Darius Cooper,PHI,LA,WR,LA@PHI,2plus_td,0.004431548404115009,22465,0.0,0.11316275389079399,C,no game designation yet (Full),w_td 0.04; team TD 2.14,0.9479829842591244,
Zach Ertz,PHI,LA,TE,LA@PHI,anytime_td,0.2521,297,0.0,0.2866,C,-,tgt_sh 11.9%; team att 32.1; opp DvP 0.82; RZ tgt 1,1.0,
Zach Ertz,PHI,LA,TE,LA@PHI,first_td,0.05841038655788656,1612,0.0,0.2866,C,-,tgt_sh 11.9%; team att 32.1; opp DvP 0.82; RZ tgt 1,1.0,
Zach Ertz,PHI,LA,TE,LA@PHI,last_td,0.05841038655788656,1612,0.0,0.2866,C,-,tgt_sh 11.9%; team att 32.1; opp DvP 0.82; RZ tgt 1,1.0,
Zach Ertz,PHI,LA,TE,LA@PHI,2plus_td,0.03215,3010,0.0,0.2866,C,-,tgt_sh 11.9%; team att 32.1; opp DvP 0.82; RZ tgt 1,1.0,
Makai Lemon,PHI,LA,WR,LA@PHI,anytime_td,0.2088,379,0.00465,0.2274,C,-,tgt_sh 10.6%; team att 32.1; opp DvP 1.03; RZ tgt 0,1.0,
Makai Lemon,PHI,LA,WR,LA@PHI,first_td,0.04662689449439449,2045,0.00465,0.2274,C,-,tgt_sh 10.6%; team att 32.1; opp DvP 1.03; RZ tgt 0,1.0,
Makai Lemon,PHI,LA,WR,LA@PHI,last_td,0.04662689449439449,2045,0.00465,0.2274,C,-,tgt_sh 10.6%; team att 32.1; opp DvP 1.03; RZ tgt 0,1.0,
Makai Lemon,PHI,LA,WR,LA@PHI,2plus_td,0.0219,4466,0.00465,0.2274,C,-,tgt_sh 10.6%; team att 32.1; opp DvP 1.03; RZ tgt 0,1.0,
Johnny Mundt,PHI,LA,TE,LA@PHI,anytime_td,0.06045,1554,0.0,0.06245,C,-,tgt_sh 3.2%; team att 32.1; opp DvP 0.82; RZ tgt 0,1.0,
Johnny Mundt,PHI,LA,TE,LA@PHI,first_td,0.012594409479409478,7840,0.0,0.06245,C,-,tgt_sh 3.2%; team att 32.1; opp DvP 0.82; RZ tgt 0,1.0,
Johnny Mundt,PHI,LA,TE,LA@PHI,last_td,0.012594409479409478,7840,0.0,0.06245,C,-,tgt_sh 3.2%; team att 32.1; opp DvP 0.82; RZ tgt 0,1.0,
Johnny Mundt,PHI,LA,TE,LA@PHI,2plus_td,0.00195,51182,0.0,0.06245,C,-,tgt_sh 3.2%; team att 32.1; opp DvP 0.82; RZ tgt 0,1.0,
Will Shipley,PHI,LA,RB,LA@PHI,anytime_td,0.11922511549769005,739,0.04646157076858463,0.07937841243175137,C,no game designation yet (Full),tgt_sh 3.7%; team att 32.1; opp DvP 0.92; RZ tgt 0,0.9508674235277402,
Will Shipley,PHI,LA,RB,LA@PHI,first_td,0.025204146121040286,3868,0.04646157076858463,0.07937841243175137,C,no game designation yet (Full),tgt_sh 3.7%; team att 32.1; opp DvP 0.92; RZ tgt 0,0.9508674235277402,
Will Shipley,PHI,LA,RB,LA@PHI,last_td,0.025204146121040286,3868,0.04646157076858463,0.07937841243175137,C,no game designation yet (Full),tgt_sh 3.7%; team att 32.1; opp DvP 0.92; RZ tgt 0,0.9508674235277402,
Will Shipley,PHI,LA,RB,LA@PHI,2plus_td,0.006142377152456951,16180,0.04646157076858463,0.07937841243175137,C,no game designation yet (Full),tgt_sh 3.7%; team att 32.1; opp DvP 0.92; RZ tgt 0,0.9508674235277402,
Dontayvion Wicks,PHI,LA,WR,LA@PHI,anytime_td,0.42445,136,0.0,0.53675,B,-,tgt_sh 13.5%; team att 32.1; opp DvP 1.03; RZ tgt 4,1.0,
Dontayvion Wicks,PHI,LA,WR,LA@PHI,first_td,0.10898425616050615,818,0.0,0.53675,B,-,tgt_sh 13.5%; team att 32.1; opp DvP 1.03; RZ tgt 4,1.0,
Dontayvion Wicks,PHI,LA,WR,LA@PHI,last_td,0.10898425616050615,818,0.0,0.53675,B,-,tgt_sh 13.5%; team att 32.1; opp DvP 1.03; RZ tgt 4,1.0,
Dontayvion Wicks,PHI,LA,WR,LA@PHI,2plus_td,0.0961,941,0.0,0.53675,B,-,tgt_sh 13.5%; team att 32.1; opp DvP 1.03; RZ tgt 4,1.0,
Jordan Love,GB,TB,QB,GB@TB,anytime_td,0.02895,3354,0.0294,0.0,B,-,team att 37.7; ypa 6.93; opp d_ypa 0.99; pass rate 67.1%,1.0,
Jordan Love,GB,TB,QB,GB@TB,first_td,0.007808890692640692,12706,0.0294,0.0,B,-,team att 37.7; ypa 6.93; opp d_ypa 0.99; pass rate 67.1%,1.0,
Jordan Love,GB,TB,QB,GB@TB,last_td,0.007808890692640692,12706,0.0294,0.0,B,-,team att 37.7; ypa 6.93; opp d_ypa 0.99; pass rate 67.1%,1.0,
Jordan Love,GB,TB,QB,GB@TB,2plus_td,0.00045,222122,0.0294,0.0,B,-,team att 37.7; ypa 6.93; opp d_ypa 0.99; pass rate 67.1%,1.0,
Chris Brooks,GB,TB,RB,GB@TB,anytime_td,0.1361,635,0.09425,0.05185,B,-,tgt_sh 3.5%; team att 37.7; opp DvP 1.17; RZ tgt 0; car_sh 15.9%; team rush 19.8; opp d_ypc 0.89; inside-10 car 2,1.0,
Chris Brooks,GB,TB,RB,GB@TB,first_td,0.03767095779220779,2555,0.09425,0.05185,B,-,tgt_sh 3.5%; team att 37.7; opp DvP 1.17; RZ tgt 0; car_sh 15.9%; team rush 19.8; opp d_ypc 0.89; inside-10 car 2,1.0,
Chris Brooks,GB,TB,RB,GB@TB,last_td,0.03767095779220779,2555,0.09425,0.05185,B,-,tgt_sh 3.5%; team att 37.7; opp DvP 1.17; RZ tgt 0; car_sh 15.9%; team rush 19.8; opp d_ypc 0.89; inside-10 car 2,1.0,
Chris Brooks,GB,TB,RB,GB@TB,2plus_td,0.0098,10104,0.09425,0.05185,B,-,tgt_sh 3.5%; team att 37.7; opp DvP 1.17; RZ tgt 0; car_sh 15.9%; team rush 19.8; opp d_ypc 0.89; inside-10 car 2,1.0,
Matthew Golden,GB,TB,WR,GB@TB,anytime_td,0.30405,229,0.0,0.3565,B,-,tgt_sh 17.9%; team att 37.7; opp DvP 1.05; RZ tgt 4,1.0,
Matthew Golden,GB,TB,WR,GB@TB,first_td,0.09256015151515151,980,0.0,0.3565,B,-,tgt_sh 17.9%; team att 37.7; opp DvP 1.05; RZ tgt 4,1.0,
Matthew Golden,GB,TB,WR,GB@TB,last_td,0.09256015151515151,980,0.0,0.3565,B,-,tgt_sh 17.9%; team att 37.7; opp DvP 1.05; RZ tgt 4,1.0,
Matthew Golden,GB,TB,WR,GB@TB,2plus_td,0.0483,1970,0.0,0.3565,B,-,tgt_sh 17.9%; team att 37.7; opp DvP 1.05; RZ tgt 4,1.0,
Kaleb Johnson,GB,TB,RB,GB@TB,anytime_td,0.11425,775,0.10045,0.02065,B,-,car_sh 24.1%; team rush 19.8; opp d_ypc 0.89; inside-10 car 0,1.0,
Kaleb Johnson,GB,TB,RB,GB@TB,first_td,0.03145492604617605,3079,0.10045,0.02065,B,-,car_sh 24.1%; team rush 19.8; opp d_ypc 0.89; inside-10 car 0,1.0,
Kaleb Johnson,GB,TB,RB,GB@TB,last_td,0.03145492604617605,3079,0.10045,0.02065,B,-,car_sh 24.1%; team rush 19.8; opp d_ypc 0.89; inside-10 car 0,1.0,
Kaleb Johnson,GB,TB,RB,GB@TB,2plus_td,0.0066,15052,0.10045,0.02065,B,-,car_sh 24.1%; team rush 19.8; opp d_ypc 0.89; inside-10 car 0,1.0,
Tucker Kraft,GB,TB,TE,GB@TB,anytime_td,0.2266,341,0.0,0.25175,C,-,tgt_sh 17.9%; team att 37.7; opp DvP 0.94; RZ tgt 1,1.0,
Tucker Kraft,GB,TB,TE,GB@TB,first_td,0.0657060606060606,1422,0.0,0.25175,C,-,tgt_sh 17.9%; team att 37.7; opp DvP 0.94; RZ tgt 1,1.0,
Tucker Kraft,GB,TB,TE,GB@TB,last_td,0.0657060606060606,1422,0.0,0.25175,C,-,tgt_sh 17.9%; team att 37.7; opp DvP 0.94; RZ tgt 1,1.0,
Tucker Kraft,GB,TB,TE,GB@TB,2plus_td,0.02375,4111,0.0,0.25175,C,-,tgt_sh 17.9%; team att 37.7; opp DvP 0.94; RZ tgt 1,1.0,
MarShawn Lloyd,GB,TB,RB,GB@TB,anytime_td,0.3167,216,0.24215,0.13175,B,-,tgt_sh 4.7%; team att 37.7; opp DvP 1.17; RZ tgt 2; car_sh 49.1%; team rush 19.8; opp d_ypc 0.89; inside-10 car 3,1.0,
MarShawn Lloyd,GB,TB,RB,GB@TB,first_td,0.09838088744588745,916,0.24215,0.13175,B,-,tgt_sh 4.7%; team att 37.7; opp DvP 1.17; RZ tgt 2; car_sh 49.1%; team rush 19.8; opp d_ypc 0.89; inside-10 car 3,1.0,
MarShawn Lloyd,GB,TB,RB,GB@TB,last_td,0.09838088744588745,916,0.24215,0.13175,B,-,tgt_sh 4.7%; team att 37.7; opp DvP 1.17; RZ tgt 2; car_sh 49.1%; team rush 19.8; opp d_ypc 0.89; inside-10 car 3,1.0,
MarShawn Lloyd,GB,TB,RB,GB@TB,2plus_td,0.0519,1827,0.24215,0.13175,B,-,tgt_sh 4.7%; team att 37.7; opp DvP 1.17; RZ tgt 2; car_sh 49.1%; team rush 19.8; opp d_ypc 0.89; inside-10 car 3,1.0,
Bo Melton,GB,TB,WR,GB@TB,anytime_td,0.0417,2298,0.0,0.0424,C,-,w_td 0.03; team TD 2.13,1.0,
Bo Melton,GB,TB,WR,GB@TB,first_td,0.010952281746031746,9031,0.0,0.0424,C,-,w_td 0.03; team TD 2.13,1.0,
Bo Melton,GB,TB,WR,GB@TB,last_td,0.010952281746031746,9031,0.0,0.0424,C,-,w_td 0.03; team TD 2.13,1.0,
Bo Melton,GB,TB,WR,GB@TB,2plus_td,0.0007,142757,0.0,0.0424,C,-,w_td 0.03; team TD 2.13,1.0,
J. Michael Sturdivant,GB,TB,WR,GB@TB,anytime_td,0.03445,2803,0.0,0.0349,C,-,w_td 0.02; team TD 2.13,1.0,
J. Michael Sturdivant,GB,TB,WR,GB@TB,first_td,0.009376549422799422,10565,0.0,0.0349,C,-,w_td 0.02; team TD 2.13,1.0,
J. Michael Sturdivant,GB,TB,WR,GB@TB,last_td,0.009376549422799422,10565,0.0,0.0349,C,-,w_td 0.02; team TD 2.13,1.0,
J. Michael Sturdivant,GB,TB,WR,GB@TB,2plus_td,0.00045,222122,0.0,0.0349,C,-,w_td 0.02; team TD 2.13,1.0,
Skyy Moore,GB,TB,WR,GB@TB,anytime_td,0.1645,508,0.0,0.17815,C,-,tgt_sh 6.9%; team att 37.7; opp DvP 1.05; RZ tgt 3,1.0,
Skyy Moore,GB,TB,WR,GB@TB,first_td,0.04622509018759018,2063,0.0,0.17815,C,-,tgt_sh 6.9%; team att 37.7; opp DvP 1.05; RZ tgt 3,1.0,
Skyy Moore,GB,TB,WR,GB@TB,last_td,0.04622509018759018,2063,0.0,0.17815,C,-,tgt_sh 6.9%; team att 37.7; opp DvP 1.05; RZ tgt 3,1.0,
Skyy Moore,GB,TB,WR,GB@TB,2plus_td,0.01305,7563,0.0,0.17815,C,-,tgt_sh 6.9%; team att 37.7; opp DvP 1.05; RZ tgt 3,1.0,
Jonnu Smith,GB,TB,TE,GB@TB,anytime_td,0.10325,869,0.0,0.1087,C,-,tgt_sh 6.5%; team att 37.7; opp DvP 0.94; RZ tgt 1,1.0,
Jonnu Smith,GB,TB,TE,GB@TB,first_td,0.028283912337662337,3436,0.0,0.1087,C,-,tgt_sh 6.5%; team att 37.7; opp DvP 0.94; RZ tgt 1,1.0,
Jonnu Smith,GB,TB,TE,GB@TB,last_td,0.028283912337662337,3436,0.0,0.1087,C,-,tgt_sh 6.5%; team att 37.7; opp DvP 0.94; RZ tgt 1,1.0,
Jonnu Smith,GB,TB,TE,GB@TB,2plus_td,0.00535,18592,0.0,0.1087,C,-,tgt_sh 6.5%; team att 37.7; opp DvP 0.94; RZ tgt 1,1.0,
Christian Watson,GB,TB,WR,GB@TB,anytime_td,0.38615,159,0.0,0.4794,B,-,tgt_sh 22.9%; team att 37.7; opp DvP 1.05; RZ tgt 6,1.0,
Christian Watson,GB,TB,WR,GB@TB,first_td,0.12457517676767677,703,0.0,0.4794,B,-,tgt_sh 22.9%; team att 37.7; opp DvP 1.05; RZ tgt 6,1.0,
Christian Watson,GB,TB,WR,GB@TB,last_td,0.12457517676767677,703,0.0,0.4794,B,-,tgt_sh 22.9%; team att 37.7; opp DvP 1.05; RZ tgt 6,1.0,
Christian Watson,GB,TB,WR,GB@TB,2plus_td,0.0808,1138,0.0,0.4794,B,-,tgt_sh 22.9%; team att 37.7; opp DvP 1.05; RZ tgt 6,1.0,
Jalon Daniels,TB,GB,QB,GB@TB,anytime_td,0.0897,1015,0.0935,0.0,C,-,team att 34.3; ypa 6.84; opp d_ypa 1.01; pass rate 61.4%,1.0,
Jalon Daniels,TB,GB,QB,GB@TB,first_td,0.024265324675324672,4021,0.0935,0.0,C,-,team att 34.3; ypa 6.84; opp d_ypa 1.01; pass rate 61.4%,1.0,
Jalon Daniels,TB,GB,QB,GB@TB,last_td,0.024265324675324672,4021,0.0935,0.0,C,-,team att 34.3; ypa 6.84; opp d_ypa 1.01; pass rate 61.4%,1.0,
Jalon Daniels,TB,GB,QB,GB@TB,2plus_td,0.00365,27297,0.0935,0.0,C,-,team att 34.3; ypa 6.84; opp d_ypa 1.01; pass rate 61.4%,1.0,
Emeka Egbuka,TB,GB,WR,GB@TB,anytime_td,0.16305,513,0.0064,0.17045,B,-,tgt_sh 21.0%; team att 34.3; opp DvP 0.92; RZ tgt 2,1.0,
Emeka Egbuka,TB,GB,WR,GB@TB,first_td,0.044446652236652236,2150,0.0064,0.17045,B,-,tgt_sh 21.0%; team att 34.3; opp DvP 0.92; RZ tgt 2,1.0,
Emeka Egbuka,TB,GB,WR,GB@TB,last_td,0.044446652236652236,2150,0.0064,0.17045,B,-,tgt_sh 21.0%; team att 34.3; opp DvP 0.92; RZ tgt 2,1.0,
Emeka Egbuka,TB,GB,WR,GB@TB,2plus_td,0.0129,7652,0.0064,0.17045,B,-,tgt_sh 21.0%; team att 34.3; opp DvP 0.92; RZ tgt 2,1.0,
Kenny Gainwell,TB,GB,RB,GB@TB,anytime_td,0.18945,428,0.11165,0.09465,B,-,tgt_sh 9.4%; team att 34.3; opp DvP 0.94; RZ tgt 2; car_sh 18.4%; team rush 24.0; opp d_ypc 0.99; inside-10 car 0,1.0,
Kenny Gainwell,TB,GB,RB,GB@TB,first_td,0.05356107503607503,1767,0.11165,0.09465,B,-,tgt_sh 9.4%; team att 34.3; opp DvP 0.94; RZ tgt 2; car_sh 18.4%; team rush 24.0; opp d_ypc 0.99; inside-10 car 0,1.0,
Kenny Gainwell,TB,GB,RB,GB@TB,last_td,0.05356107503607503,1767,0.11165,0.09465,B,-,tgt_sh 9.4%; team att 34.3; opp DvP 0.94; RZ tgt 2; car_sh 18.4%; team rush 24.0; opp d_ypc 0.99; inside-10 car 0,1.0,
Kenny Gainwell,TB,GB,RB,GB@TB,2plus_td,0.01615,6092,0.11165,0.09465,B,-,tgt_sh 9.4%; team att 34.3; opp DvP 0.94; RZ tgt 2; car_sh 18.4%; team rush 24.0; opp d_ypc 0.99; inside-10 car 0,1.0,
Chris Godwin Jr.,TB,GB,WR,GB@TB,anytime_td,0.09200866212433317,987,0.009454391802672582,0.08736069296994665,C,no game designation yet (Full),tgt_sh 13.3%; team att 34.3; opp DvP 0.92; RZ tgt 0,0.9479829842591244,
Chris Godwin Jr.,TB,GB,WR,GB@TB,first_td,0.024552334582440747,3973,0.009454391802672582,0.08736069296994665,C,no game designation yet (Full),tgt_sh 13.3%; team att 34.3; opp DvP 0.92; RZ tgt 0,0.9479829842591244,
Chris Godwin Jr.,TB,GB,WR,GB@TB,last_td,0.024552334582440747,3973,0.009454391802672582,0.08736069296994665,C,no game designation yet (Full),tgt_sh 13.3%; team att 34.3; opp DvP 0.92; RZ tgt 0,0.9479829842591244,
Chris Godwin Jr.,TB,GB,WR,GB@TB,2plus_td,0.004753604816986215,20937,0.009454391802672582,0.08736069296994665,C,no game designation yet (Full),tgt_sh 13.3%; team att 34.3; opp DvP 0.92; RZ tgt 0,0.9479829842591244,
Ted Hurst III,TB,GB,WR,GB@TB,anytime_td,0.10425,859,0.0,0.10885,C,-,tgt_sh 12.3%; team att 34.3; opp DvP 0.92; RZ tgt 2,1.0,
Ted Hurst III,TB,GB,WR,GB@TB,first_td,0.027472325036075027,3540,0.0,0.10885,C,-,tgt_sh 12.3%; team att 34.3; opp DvP 0.92; RZ tgt 2,1.0,
Ted Hurst III,TB,GB,WR,GB@TB,last_td,0.027472325036075027,3540,0.0,0.10885,C,-,tgt_sh 12.3%; team att 34.3; opp DvP 0.92; RZ tgt 2,1.0,
Ted Hurst III,TB,GB,WR,GB@TB,2plus_td,0.00455,21878,0.0,0.10885,C,-,tgt_sh 12.3%; team att 34.3; opp DvP 0.92; RZ tgt 2,1.0,
Bucky Irving,TB,GB,RB,GB@TB,anytime_td,0.397065011571639,152,0.3478329476120345,0.14596044603408373,B,no game designation yet (Full),tgt_sh 12.7%; team att 34.3; opp DvP 0.94; RZ tgt 4; car_sh 56.4%; team rush 24.0; opp d_ypc 0.99; inside-10 car 1,0.9508674235277402,
Bucky Irving,TB,GB,RB,GB@TB,first_td,0.12623846365430627,692,0.3478329476120345,0.14596044603408373,B,no game designation yet (Full),tgt_sh 12.7%; team att 34.3; opp DvP 0.94; RZ tgt 4; car_sh 56.4%; team rush 24.0; opp d_ypc 0.99; inside-10 car 1,0.9508674235277402,
Bucky Irving,TB,GB,RB,GB@TB,last_td,0.12623846365430627,692,0.3478329476120345,0.14596044603408373,B,no game designation yet (Full),tgt_sh 12.7%; team att 34.3; opp DvP 0.94; RZ tgt 4; car_sh 56.4%; team rush 24.0; opp d_ypc 0.99; inside-10 car 1,0.9508674235277402,
Bucky Irving,TB,GB,RB,GB@TB,2plus_td,0.08384178413633495,1093,0.3478329476120345,0.14596044603408373,B,no game designation yet (Full),tgt_sh 12.7%; team att 34.3; opp DvP 0.94; RZ tgt 4; car_sh 56.4%; team rush 24.0; opp d_ypc 0.99; inside-10 car 1,0.9508674235277402,
Tez Johnson,TB,GB,WR,GB@TB,anytime_td,0.08025,1146,0.00645,0.07685,C,-,tgt_sh 6.8%; team att 34.3; opp DvP 0.92; RZ tgt 2,1.0,
Tez Johnson,TB,GB,WR,GB@TB,first_td,0.0212868272005772,4598,0.00645,0.07685,C,-,tgt_sh 6.8%; team att 34.3; opp DvP 0.92; RZ tgt 2,1.0,
Tez Johnson,TB,GB,WR,GB@TB,last_td,0.0212868272005772,4598,0.00645,0.07685,C,-,tgt_sh 6.8%; team att 34.3; opp DvP 0.92; RZ tgt 2,1.0,
Tez Johnson,TB,GB,WR,GB@TB,2plus_td,0.00285,34988,0.00645,0.07685,C,-,tgt_sh 6.8%; team att 34.3; opp DvP 0.92; RZ tgt 2,1.0,
Cade Otton,TB,GB,TE,GB@TB,anytime_td,0.1473,579,0.0,0.15835,B,-,tgt_sh 17.8%; team att 34.3; opp DvP 1.04; RZ tgt 2,1.0,
Cade Otton,TB,GB,TE,GB@TB,first_td,0.04017439033189033,2389,0.0,0.15835,B,-,tgt_sh 17.8%; team att 34.3; opp DvP 1.04; RZ tgt 2,1.0,
Cade Otton,TB,GB,TE,GB@TB,last_td,0.04017439033189033,2389,0.0,0.15835,B,-,tgt_sh 17.8%; team att 34.3; opp DvP 1.04; RZ tgt 2,1.0,
Cade Otton,TB,GB,TE,GB@TB,2plus_td,0.0105,9424,0.0,0.15835,B,-,tgt_sh 17.8%; team att 34.3; opp DvP 1.04; RZ tgt 2,1.0,
Malik Willis,MIA,MIN,QB,MIA@MIN,anytime_td,0.1129,786,0.1192,0.0,B,-,team att 31.9; ypa 7.26; opp d_ypa 0.99; pass rate 57.7%,1.0,
Malik Willis,MIA,MIN,QB,MIA@MIN,first_td,0.029241531385281388,3320,0.1192,0.0,B,-,team att 31.9; ypa 7.26; opp d_ypa 0.99; pass rate 57.7%,1.0,
Malik Willis,MIA,MIN,QB,MIA@MIN,last_td,0.029241531385281388,3320,0.1192,0.0,B,-,team att 31.9; ypa 7.26; opp d_ypa 0.99; pass rate 57.7%,1.0,
Malik Willis,MIA,MIN,QB,MIA@MIN,2plus_td,0.00595,16707,0.1192,0.0,B,-,team att 31.9; ypa 7.26; opp d_ypa 0.99; pass rate 57.7%,1.0,
Chris Bell,MIA,MIN,WR,MIA@MIN,anytime_td,0.09521301806308916,950,0.0,0.09968929380167466,C,no game designation yet (Full),tgt_sh 10.1%; team att 31.9; opp DvP 0.91; RZ tgt 0,0.9479829842591244,
Chris Bell,MIA,MIN,WR,MIA@MIN,first_td,0.02433101126291921,4010,0.0,0.09968929380167466,C,no game designation yet (Full),tgt_sh 10.1%; team att 31.9; opp DvP 0.91; RZ tgt 0,0.9479829842591244,
Chris Bell,MIA,MIN,WR,MIA@MIN,last_td,0.02433101126291921,4010,0.0,0.09968929380167466,C,no game designation yet (Full),tgt_sh 10.1%; team att 31.9; opp DvP 0.91; RZ tgt 0,0.9479829842591244,
Chris Bell,MIA,MIN,WR,MIA@MIN,2plus_td,0.004476275738585497,22240,0.0,0.09968929380167466,C,no game designation yet (Full),tgt_sh 10.1%; team att 31.9; opp DvP 0.91; RZ tgt 0,0.9479829842591244,
Kevin Coleman Jr.,MIA,MIN,WR,MIA@MIN,anytime_td,0.0556,1699,0.0,0.05685,C,-,tgt_sh 5.8%; team att 31.9; opp DvP 0.91; RZ tgt 0,1.0,
Kevin Coleman Jr.,MIA,MIN,WR,MIA@MIN,first_td,0.014311569264069263,6887,0.0,0.05685,C,-,tgt_sh 5.8%; team att 31.9; opp DvP 0.91; RZ tgt 0,1.0,
Kevin Coleman Jr.,MIA,MIN,WR,MIA@MIN,last_td,0.014311569264069263,6887,0.0,0.05685,C,-,tgt_sh 5.8%; team att 31.9; opp DvP 0.91; RZ tgt 0,1.0,
Kevin Coleman Jr.,MIA,MIN,WR,MIA@MIN,2plus_td,0.00125,79900,0.0,0.05685,C,-,tgt_sh 5.8%; team att 31.9; opp DvP 0.91; RZ tgt 0,1.0,
Greg Dulcich,MIA,MIN,TE,MIA@MIN,anytime_td,0.2126,370,0.0,0.23725,B,-,tgt_sh 14.9%; team att 31.9; opp DvP 1.05; RZ tgt 2,1.0,
Greg Dulcich,MIA,MIN,TE,MIA@MIN,first_td,0.05761344516594515,1636,0.0,0.23725,B,-,tgt_sh 14.9%; team att 31.9; opp DvP 1.05; RZ tgt 2,1.0,
Greg Dulcich,MIA,MIN,TE,MIA@MIN,last_td,0.05761344516594515,1636,0.0,0.23725,B,-,tgt_sh 14.9%; team att 31.9; opp DvP 1.05; RZ tgt 2,1.0,
Greg Dulcich,MIA,MIN,TE,MIA@MIN,2plus_td,0.0228,4286,0.0,0.23725,B,-,tgt_sh 14.9%; team att 31.9; opp DvP 1.05; RZ tgt 2,1.0,
Ollie Gordon II,MIA,MIN,RB,MIA@MIN,anytime_td,0.1837,444,0.17385,0.02675,B,-,tgt_sh 2.4%; team att 31.9; opp DvP 1.20; RZ tgt 0; car_sh 18.7%; team rush 26.2; opp d_ypc 0.93; inside-10 car 1,1.0,
Ollie Gordon II,MIA,MIN,RB,MIA@MIN,first_td,0.04951298520923521,1920,0.17385,0.02675,B,-,tgt_sh 2.4%; team att 31.9; opp DvP 1.20; RZ tgt 0; car_sh 18.7%; team rush 26.2; opp d_ypc 0.93; inside-10 car 1,1.0,
Ollie Gordon II,MIA,MIN,RB,MIA@MIN,last_td,0.04951298520923521,1920,0.17385,0.02675,B,-,tgt_sh 2.4%; team att 31.9; opp DvP 1.20; RZ tgt 0; car_sh 18.7%; team rush 26.2; opp d_ypc 0.93; inside-10 car 1,1.0,
Ollie Gordon II,MIA,MIN,RB,MIA@MIN,2plus_td,0.01615,6092,0.17385,0.02675,B,-,tgt_sh 2.4%; team att 31.9; opp DvP 1.20; RZ tgt 0; car_sh 18.7%; team rush 26.2; opp d_ypc 0.93; inside-10 car 1,1.0,
DJ Herman,MIA,MIN,RB,MIA@MIN,anytime_td,0.04665,2044,0.00605,0.04145,C,-,tgt_sh 3.8%; team att 31.9; opp DvP 1.20; RZ tgt 0,1.0,
DJ Herman,MIA,MIN,RB,MIA@MIN,first_td,0.011639666305916306,8491,0.00605,0.04145,C,-,tgt_sh 3.8%; team att 31.9; opp DvP 1.20; RZ tgt 0,1.0,
DJ Herman,MIA,MIN,RB,MIA@MIN,last_td,0.011639666305916306,8491,0.00605,0.04145,C,-,tgt_sh 3.8%; team att 31.9; opp DvP 1.20; RZ tgt 0,1.0,
DJ Herman,MIA,MIN,RB,MIA@MIN,2plus_td,0.0008,124900,0.00605,0.04145,C,-,tgt_sh 3.8%; team att 31.9; opp DvP 1.20; RZ tgt 0,1.0,
Will Kacmarek,MIA,MIN,TE,MIA@MIN,anytime_td,0.02165,4519,0.0,0.02175,C,-,w_td 0.02; team TD 1.19,1.0,
Will Kacmarek,MIA,MIN,TE,MIA@MIN,first_td,0.005243097041847042,18973,0.0,0.02175,C,-,w_td 0.02; team TD 1.19,1.0,
Will Kacmarek,MIA,MIN,TE,MIA@MIN,last_td,0.005243097041847042,18973,0.0,0.02175,C,-,w_td 0.02; team TD 1.19,1.0,
Will Kacmarek,MIA,MIN,TE,MIA@MIN,2plus_td,0.0001,999900,0.0,0.02175,C,-,w_td 0.02; team TD 1.19,1.0,
Ryan Miller,MIA,MIN,WR,MIA@MIN,anytime_td,0.02725,3570,0.0,0.02755,C,-,w_td 0.03; team TD 1.19,1.0,
Ryan Miller,MIA,MIN,WR,MIA@MIN,first_td,0.006720972222222221,14779,0.0,0.02755,C,-,w_td 0.03; team TD 1.19,1.0,
Ryan Miller,MIA,MIN,WR,MIA@MIN,last_td,0.006720972222222221,14779,0.0,0.02755,C,-,w_td 0.03; team TD 1.19,1.0,
Ryan Miller,MIA,MIN,WR,MIA@MIN,2plus_td,0.0003,333233,0.0,0.02755,C,-,w_td 0.03; team TD 1.19,1.0,
Malik Washington,MIA,MIN,WR,MIA@MIN,anytime_td,0.21905,357,0.01245,0.23225,B,-,tgt_sh 20.6%; team att 31.9; opp DvP 0.91; RZ tgt 1,1.0,
Malik Washington,MIA,MIN,WR,MIA@MIN,first_td,0.05977729076479077,1573,0.01245,0.23225,B,-,tgt_sh 20.6%; team att 31.9; opp DvP 0.91; RZ tgt 1,1.0,
Malik Washington,MIA,MIN,WR,MIA@MIN,last_td,0.05977729076479077,1573,0.01245,0.23225,B,-,tgt_sh 20.6%; team att 31.9; opp DvP 0.91; RZ tgt 1,1.0,
Malik Washington,MIA,MIN,WR,MIA@MIN,2plus_td,0.02365,4128,0.01245,0.23225,B,-,tgt_sh 20.6%; team att 31.9; opp DvP 0.91; RZ tgt 1,1.0,
Jaylen Wright,MIA,MIN,RB,MIA@MIN,anytime_td,0.12207437016777994,719,0.10740019986325146,0.022247935622994795,C,no game designation yet (Full),car_sh 10.0%; team rush 26.2; opp d_ypc 0.93; inside-10 car 1,0.9508674235277402,
Jaylen Wright,MIA,MIN,RB,MIA@MIN,first_td,0.03128582600391362,3096,0.10740019986325146,0.022247935622994795,C,no game designation yet (Full),car_sh 10.0%; team rush 26.2; opp d_ypc 0.93; inside-10 car 1,0.9508674235277402,
Jaylen Wright,MIA,MIN,RB,MIA@MIN,last_td,0.03128582600391362,3096,0.10740019986325146,0.022247935622994795,C,no game designation yet (Full),car_sh 10.0%; team rush 26.2; opp d_ypc 0.93; inside-10 car 1,0.9508674235277402,
Jaylen Wright,MIA,MIN,RB,MIA@MIN,2plus_td,0.007310787356019565,13578,0.10740019986325146,0.022247935622994795,C,no game designation yet (Full),car_sh 10.0%; team rush 26.2; opp d_ypc 0.93; inside-10 car 1,0.9508674235277402,
Kyler Murray,MIN,MIA,QB,MIA@MIN,anytime_td,0.07065,1315,0.0731,0.0,C,-,team att 27.6; ypa 7.63; opp d_ypa 1.11; pass rate 49.5%,1.0,
Kyler Murray,MIN,MIA,QB,MIA@MIN,first_td,0.018530317460317455,5297,0.0731,0.0,C,-,team att 27.6; ypa 7.63; opp d_ypa 1.11; pass rate 49.5%,1.0,
Kyler Murray,MIN,MIA,QB,MIA@MIN,last_td,0.018530317460317455,5297,0.0731,0.0,C,-,team att 27.6; ypa 7.63; opp d_ypa 1.11; pass rate 49.5%,1.0,
Kyler Murray,MIN,MIA,QB,MIA@MIN,2plus_td,0.0024,41567,0.0731,0.0,C,-,team att 27.6; ypa 7.63; opp d_ypa 1.11; pass rate 49.5%,1.0,
Jordan Addison,MIN,MIA,WR,MIA@MIN,anytime_td,0.3921,155,0.0,0.4848,B,-,tgt_sh 18.2%; team att 27.6; opp DvP 1.04; RZ tgt 1,1.0,
Jordan Addison,MIN,MIA,WR,MIA@MIN,first_td,0.12255570165945165,716,0.0,0.4848,B,-,tgt_sh 18.2%; team att 27.6; opp DvP 1.04; RZ tgt 1,1.0,
Jordan Addison,MIN,MIA,WR,MIA@MIN,last_td,0.12255570165945165,716,0.0,0.4848,B,-,tgt_sh 18.2%; team att 27.6; opp DvP 1.04; RZ tgt 1,1.0,
Jordan Addison,MIN,MIA,WR,MIA@MIN,2plus_td,0.081,1135,0.0,0.4848,B,-,tgt_sh 18.2%; team att 27.6; opp DvP 1.04; RZ tgt 1,1.0,
Max Bredeson,MIN,MIA,RB,MIA@MIN,anytime_td,0.0236,4137,0.0118,0.01215,C,-,w_td 0.01; team TD 2.51,1.0,
Max Bredeson,MIN,MIA,RB,MIA@MIN,first_td,0.00620291847041847,16021,0.0118,0.01215,C,-,w_td 0.01; team TD 2.51,1.0,
Max Bredeson,MIN,MIA,RB,MIA@MIN,last_td,0.00620291847041847,16021,0.0118,0.01215,C,-,w_td 0.01; team TD 2.51,1.0,
Max Bredeson,MIN,MIA,RB,MIA@MIN,2plus_td,0.00035,285614,0.0118,0.01215,C,-,w_td 0.01; team TD 2.51,1.0,
Demond Claiborne,MIN,MIA,RB,MIA@MIN,anytime_td,0.09085,1001,0.05295,0.041,C,-,w_td 0.05; team TD 2.51,1.0,
Demond Claiborne,MIN,MIA,RB,MIA@MIN,first_td,0.023855618686868686,4092,0.05295,0.041,C,-,w_td 0.05; team TD 2.51,1.0,
Demond Claiborne,MIN,MIA,RB,MIA@MIN,last_td,0.023855618686868686,4092,0.05295,0.041,C,-,w_td 0.05; team TD 2.51,1.0,
Demond Claiborne,MIN,MIA,RB,MIA@MIN,2plus_td,0.00305,32687,0.05295,0.041,C,-,w_td 0.05; team TD 2.51,1.0,
DeeJay Dallas,MIN,MIA,RB,MIA@MIN,anytime_td,0.0976,925,0.03995,0.06235,C,-,tgt_sh 2.9%; team att 27.6; opp DvP 0.86; RZ tgt 0,1.0,
DeeJay Dallas,MIN,MIA,RB,MIA@MIN,first_td,0.025587896825396823,3808,0.03995,0.06235,C,-,tgt_sh 2.9%; team att 27.6; opp DvP 0.86; RZ tgt 0,1.0,
DeeJay Dallas,MIN,MIA,RB,MIA@MIN,last_td,0.025587896825396823,3808,0.03995,0.06235,C,-,tgt_sh 2.9%; team att 27.6; opp DvP 0.86; RZ tgt 0,1.0,
DeeJay Dallas,MIN,MIA,RB,MIA@MIN,2plus_td,0.0045,22122,0.03995,0.06235,C,-,tgt_sh 2.9%; team att 27.6; opp DvP 0.86; RZ tgt 0,1.0,
Tai Felton,MIN,MIA,WR,MIA@MIN,anytime_td,0.049,1941,0.0,0.05065,C,-,w_td 0.02; team TD 2.51,1.0,
Tai Felton,MIN,MIA,WR,MIA@MIN,first_td,0.013089624819624819,7540,0.0,0.05065,C,-,w_td 0.02; team TD 2.51,1.0,
Tai Felton,MIN,MIA,WR,MIA@MIN,last_td,0.013089624819624819,7540,0.0,0.05065,C,-,w_td 0.02; team TD 2.51,1.0,
Tai Felton,MIN,MIA,WR,MIA@MIN,2plus_td,0.00165,60506,0.0,0.05065,C,-,w_td 0.02; team TD 2.51,1.0,
T.J. Hockenson,MIN,MIA,TE,MIA@MIN,anytime_td,0.4079,145,0.0,0.50855,B,-,tgt_sh 17.4%; team att 27.6; opp DvP 0.89; RZ tgt 2,1.0,
T.J. Hockenson,MIN,MIA,TE,MIA@MIN,first_td,0.12918181818181818,674,0.0,0.50855,B,-,tgt_sh 17.4%; team att 27.6; opp DvP 0.89; RZ tgt 2,1.0,
T.J. Hockenson,MIN,MIA,TE,MIA@MIN,last_td,0.12918181818181818,674,0.0,0.50855,B,-,tgt_sh 17.4%; team att 27.6; opp DvP 0.89; RZ tgt 2,1.0,
T.J. Hockenson,MIN,MIA,TE,MIA@MIN,2plus_td,0.0879,1038,0.0,0.50855,B,-,tgt_sh 17.4%; team att 27.6; opp DvP 0.89; RZ tgt 2,1.0,
Jauan Jennings,MIN,MIA,WR,MIA@MIN,anytime_td,0.19815,405,0.0,0.2189,C,-,tgt_sh 9.7%; team att 27.6; opp DvP 1.04; RZ tgt 0,1.0,
Jauan Jennings,MIN,MIA,WR,MIA@MIN,first_td,0.05593582611832612,1688,0.0,0.2189,C,-,tgt_sh 9.7%; team att 27.6; opp DvP 1.04; RZ tgt 0,1.0,
Jauan Jennings,MIN,MIA,WR,MIA@MIN,last_td,0.05593582611832612,1688,0.0,0.2189,C,-,tgt_sh 9.7%; team att 27.6; opp DvP 1.04; RZ tgt 0,1.0,
Jauan Jennings,MIN,MIA,WR,MIA@MIN,2plus_td,0.0195,5028,0.0,0.2189,C,-,tgt_sh 9.7%; team att 27.6; opp DvP 1.04; RZ tgt 0,1.0,
Aaron Jones,MIN,MIA,RB,MIA@MIN,anytime_td,0.5716366192939286,-133,0.6089991462863455,0.1973082910661377,B,no game designation yet (Limited),tgt_sh 10.2%; team att 27.6; opp DvP 0.86; RZ tgt 0; car_sh 47.0%; team rush 29.7; opp d_ypc 0.92; inside-10 car 1,0.9951309141019752,
Aaron Jones,MIN,MIA,RB,MIA@MIN,first_td,0.20715498602180665,383,0.6089991462863455,0.1973082910661377,B,no game designation yet (Limited),tgt_sh 10.2%; team att 27.6; opp DvP 0.86; RZ tgt 0; car_sh 47.0%; team rush 29.7; opp d_ypc 0.92; inside-10 car 1,0.9951309141019752,
Aaron Jones,MIN,MIA,RB,MIA@MIN,last_td,0.20715498602180665,383,0.6089991462863455,0.1973082910661377,B,no game designation yet (Limited),tgt_sh 10.2%; team att 27.6; opp DvP 0.86; RZ tgt 0; car_sh 47.0%; team rush 29.7; opp d_ypc 0.92; inside-10 car 1,0.9951309141019752,
Aaron Jones,MIN,MIA,RB,MIA@MIN,2plus_td,0.18992617887811983,427,0.6089991462863455,0.1973082910661377,B,no game designation yet (Limited),tgt_sh 10.2%; team att 27.6; opp DvP 0.86; RZ tgt 0; car_sh 47.0%; team rush 29.7; opp d_ypc 0.92; inside-10 car 1,0.9951309141019752,
Myles Price,MIN,MIA,WR,MIA@MIN,anytime_td,0.03725,2585,0.0,0.03765,C,-,w_td 0.02; team TD 2.51,1.0,
Myles Price,MIN,MIA,WR,MIA@MIN,first_td,0.00995793831168831,9942,0.0,0.03765,C,-,w_td 0.02; team TD 2.51,1.0,
Myles Price,MIN,MIA,WR,MIA@MIN,last_td,0.00995793831168831,9942,0.0,0.03765,C,-,w_td 0.02; team TD 2.51,1.0,
Myles Price,MIN,MIA,WR,MIA@MIN,2plus_td,0.0004,249900,0.0,0.03765,C,-,w_td 0.02; team TD 2.51,1.0,
Patrick Mahomes,KC,LV,QB,KC@LV,anytime_td,0.10667552647720302,837,0.11127581271723574,0.0,B,no game designation yet (Full),team att 30.7; ypa 7.53; opp d_ypa 0.99; pass rate 52.8%,0.98,
Patrick Mahomes,KC,LV,QB,KC@LV,first_td,0.021655586059593418,4518,0.11127581271723574,0.0,B,no game designation yet (Full),team att 30.7; ypa 7.53; opp d_ypa 0.99; pass rate 52.8%,0.98,
Patrick Mahomes,KC,LV,QB,KC@LV,last_td,0.021655586059593418,4518,0.11127581271723574,0.0,B,no game designation yet (Full),team att 30.7; ypa 7.53; opp d_ypa 0.99; pass rate 52.8%,0.98,
Patrick Mahomes,KC,LV,QB,KC@LV,2plus_td,0.004446943365364956,22387,0.11127581271723574,0.0,B,no game designation yet (Full),team att 30.7; ypa 7.53; opp d_ypa 0.99; pass rate 52.8%,0.98,
Cyrus Allen,KC,LV,WR,KC@LV,anytime_td,0.02055,4766,0.0,0.02085,C,-,w_td 0.01; team TD 2.83,1.0,
Cyrus Allen,KC,LV,WR,KC@LV,first_td,0.004041780303030303,24642,0.0,0.02085,C,-,w_td 0.01; team TD 2.83,1.0,
Cyrus Allen,KC,LV,WR,KC@LV,last_td,0.004041780303030303,24642,0.0,0.02085,C,-,w_td 0.01; team TD 2.83,1.0,
Cyrus Allen,KC,LV,WR,KC@LV,2plus_td,0.0003,333233,0.0,0.02085,C,-,w_td 0.01; team TD 2.83,1.0,
Jake Briningstool,KC,LV,TE,KC@LV,anytime_td,0.03,3233,0.0,0.0306,C,-,w_td 0.02; team TD 2.83,1.0,
Jake Briningstool,KC,LV,TE,KC@LV,first_td,0.00590738455988456,16828,0.0,0.0306,C,-,w_td 0.02; team TD 2.83,1.0,
Jake Briningstool,KC,LV,TE,KC@LV,last_td,0.00590738455988456,16828,0.0,0.0306,C,-,w_td 0.02; team TD 2.83,1.0,
Jake Briningstool,KC,LV,TE,KC@LV,2plus_td,0.00055,181718,0.0,0.0306,C,-,w_td 0.02; team TD 2.83,1.0,
Noah Gray,KC,LV,TE,KC@LV,anytime_td,0.11195,793,0.0,0.1175,C,-,tgt_sh 6.2%; team att 30.7; opp DvP 1.00; RZ tgt 1,1.0,
Noah Gray,KC,LV,TE,KC@LV,first_td,0.022230099206349205,4398,0.0,0.1175,C,-,tgt_sh 6.2%; team att 30.7; opp DvP 1.00; RZ tgt 1,1.0,
Noah Gray,KC,LV,TE,KC@LV,last_td,0.022230099206349205,4398,0.0,0.1175,C,-,tgt_sh 6.2%; team att 30.7; opp DvP 1.00; RZ tgt 1,1.0,
Noah Gray,KC,LV,TE,KC@LV,2plus_td,0.00555,17918,0.0,0.1175,C,-,tgt_sh 6.2%; team att 30.7; opp DvP 1.00; RZ tgt 1,1.0,
Emmett Johnson,KC,LV,RB,KC@LV,anytime_td,0.1884,431,0.15805,0.0491,B,-,tgt_sh 3.6%; team att 30.7; opp DvP 0.96; RZ tgt 0; car_sh 21.9%; team rush 29.3; opp d_ypc 1.03; inside-10 car 0,1.0,
Emmett Johnson,KC,LV,RB,KC@LV,first_td,0.039901748945498944,2406,0.15805,0.0491,B,-,tgt_sh 3.6%; team att 30.7; opp DvP 0.96; RZ tgt 0; car_sh 21.9%; team rush 29.3; opp d_ypc 1.03; inside-10 car 0,1.0,
Emmett Johnson,KC,LV,RB,KC@LV,last_td,0.039901748945498944,2406,0.15805,0.0491,B,-,tgt_sh 3.6%; team att 30.7; opp DvP 0.96; RZ tgt 0; car_sh 21.9%; team rush 29.3; opp d_ypc 1.03; inside-10 car 0,1.0,
Emmett Johnson,KC,LV,RB,KC@LV,2plus_td,0.01785,5502,0.15805,0.0491,B,-,tgt_sh 3.6%; team att 30.7; opp DvP 0.96; RZ tgt 0; car_sh 21.9%; team rush 29.3; opp d_ypc 1.03; inside-10 car 0,1.0,
Travis Kelce,KC,LV,TE,KC@LV,anytime_td,0.2917,243,0.0,0.3391,B,-,tgt_sh 19.2%; team att 30.7; opp DvP 1.00; RZ tgt 2,1.0,
Travis Kelce,KC,LV,TE,KC@LV,first_td,0.06468461760461759,1446,0.0,0.3391,B,-,tgt_sh 19.2%; team att 30.7; opp DvP 1.00; RZ tgt 2,1.0,
Travis Kelce,KC,LV,TE,KC@LV,last_td,0.06468461760461759,1446,0.0,0.3391,B,-,tgt_sh 19.2%; team att 30.7; opp DvP 1.00; RZ tgt 2,1.0,
Travis Kelce,KC,LV,TE,KC@LV,2plus_td,0.04335,2207,0.0,0.3391,B,-,tgt_sh 19.2%; team att 30.7; opp DvP 1.00; RZ tgt 2,1.0,
Rashee Rice,KC,LV,WR,KC@LV,anytime_td,0.3650433129093598,174,0.0,0.44390450031692374,C,no game designation yet (Full),tgt_sh 23.9%; team att 30.7; opp DvP 0.89; RZ tgt 4,0.9479829842591244,
Rashee Rice,KC,LV,WR,KC@LV,first_td,0.08449927349805862,1083,0.0,0.44390450031692374,C,no game designation yet (Full),tgt_sh 23.9%; team att 30.7; opp DvP 0.89; RZ tgt 4,0.9479829842591244,
Rashee Rice,KC,LV,WR,KC@LV,last_td,0.08449927349805862,1083,0.0,0.44390450031692374,C,no game designation yet (Full),tgt_sh 23.9%; team att 30.7; opp DvP 0.89; RZ tgt 4,0.9479829842591244,
Rashee Rice,KC,LV,WR,KC@LV,2plus_td,0.06945911683921403,1340,0.0,0.44390450031692374,C,no game designation yet (Full),tgt_sh 23.9%; team att 30.7; opp DvP 0.89; RZ tgt 4,0.9479829842591244,
Jalen Royals,KC,LV,WR,KC@LV,anytime_td,0.0591,1592,0.0,0.0606,C,-,w_td 0.03; team TD 2.83,1.0,
Jalen Royals,KC,LV,WR,KC@LV,first_td,0.011512234154734154,8586,0.0,0.0606,C,-,w_td 0.03; team TD 2.83,1.0,
Jalen Royals,KC,LV,WR,KC@LV,last_td,0.011512234154734154,8586,0.0,0.0606,C,-,w_td 0.03; team TD 2.83,1.0,
Jalen Royals,KC,LV,WR,KC@LV,2plus_td,0.0014,71329,0.0,0.0606,C,-,w_td 0.03; team TD 2.83,1.0,
Brashard Smith,KC,LV,RB,KC@LV,anytime_td,0.0822,1117,0.01105,0.0741,C,-,w_td 0.05; team TD 2.83,1.0,
Brashard Smith,KC,LV,RB,KC@LV,first_td,0.016313997113997114,6030,0.01105,0.0741,C,-,w_td 0.05; team TD 2.83,1.0,
Brashard Smith,KC,LV,RB,KC@LV,last_td,0.016313997113997114,6030,0.01105,0.0741,C,-,w_td 0.05; team TD 2.83,1.0,
Brashard Smith,KC,LV,RB,KC@LV,2plus_td,0.0029,34383,0.01105,0.0741,C,-,w_td 0.05; team TD 2.83,1.0,
Tyquan Thornton,KC,LV,WR,KC@LV,anytime_td,0.0991,909,0.0,0.1039,C,-,tgt_sh 7.6%; team att 30.7; opp DvP 0.89; RZ tgt 0,1.0,
Tyquan Thornton,KC,LV,WR,KC@LV,first_td,0.019912014652014653,4922,0.0,0.1039,C,-,tgt_sh 7.6%; team att 30.7; opp DvP 0.89; RZ tgt 0,1.0,
Tyquan Thornton,KC,LV,WR,KC@LV,last_td,0.019912014652014653,4922,0.0,0.1039,C,-,tgt_sh 7.6%; team att 30.7; opp DvP 0.89; RZ tgt 0,1.0,
Tyquan Thornton,KC,LV,WR,KC@LV,2plus_td,0.00465,21405,0.0,0.1039,C,-,tgt_sh 7.6%; team att 30.7; opp DvP 0.89; RZ tgt 0,1.0,
Kenneth Walker III,KC,LV,RB,KC@LV,anytime_td,0.63665,-175,0.61205,0.362,B,-,tgt_sh 14.4%; team att 30.7; opp DvP 0.96; RZ tgt 5; car_sh 59.4%; team rush 29.3; opp d_ypc 1.03; inside-10 car 8,1.0,
Kenneth Walker III,KC,LV,RB,KC@LV,first_td,0.18718025765900767,434,0.61205,0.362,B,-,tgt_sh 14.4%; team att 30.7; opp DvP 0.96; RZ tgt 5; car_sh 59.4%; team rush 29.3; opp d_ypc 1.03; inside-10 car 8,1.0,
Kenneth Walker III,KC,LV,RB,KC@LV,last_td,0.18718025765900767,434,0.61205,0.362,B,-,tgt_sh 14.4%; team att 30.7; opp DvP 0.96; RZ tgt 5; car_sh 59.4%; team rush 29.3; opp d_ypc 1.03; inside-10 car 8,1.0,
Kenneth Walker III,KC,LV,RB,KC@LV,2plus_td,0.2556,291,0.61205,0.362,B,-,tgt_sh 14.4%; team att 30.7; opp DvP 0.96; RZ tgt 5; car_sh 59.4%; team rush 29.3; opp d_ypc 1.03; inside-10 car 8,1.0,
Xavier Worthy,KC,LV,WR,KC@LV,anytime_td,0.2846,251,0.0,0.32845,B,-,tgt_sh 15.0%; team att 30.7; opp DvP 0.89; RZ tgt 4,1.0,
Xavier Worthy,KC,LV,WR,KC@LV,first_td,0.0621817316017316,1508,0.0,0.32845,B,-,tgt_sh 15.0%; team att 30.7; opp DvP 0.89; RZ tgt 4,1.0,
Xavier Worthy,KC,LV,WR,KC@LV,last_td,0.0621817316017316,1508,0.0,0.32845,B,-,tgt_sh 15.0%; team att 30.7; opp DvP 0.89; RZ tgt 4,1.0,
Xavier Worthy,KC,LV,WR,KC@LV,2plus_td,0.0399,2406,0.0,0.32845,B,-,tgt_sh 15.0%; team att 30.7; opp DvP 0.89; RZ tgt 4,1.0,
Kirk Cousins,LV,KC,QB,KC@LV,anytime_td,0.04435,2155,0.04555,0.0,B,-,team att 31.5; ypa 6.55; opp d_ypa 0.91; pass rate 53.8%,1.0,
Kirk Cousins,LV,KC,QB,KC@LV,first_td,0.008794392135642136,11271,0.04555,0.0,B,-,team att 31.5; ypa 6.55; opp d_ypa 0.91; pass rate 53.8%,1.0,
Kirk Cousins,LV,KC,QB,KC@LV,last_td,0.008794392135642136,11271,0.04555,0.0,B,-,team att 31.5; ypa 6.55; opp d_ypa 0.91; pass rate 53.8%,1.0,
Kirk Cousins,LV,KC,QB,KC@LV,2plus_td,0.0012,83233,0.04555,0.0,B,-,team att 31.5; ypa 6.55; opp d_ypa 0.91; pass rate 53.8%,1.0,
Cody White,LV,KC,WR,KC@LV,anytime_td,0.15229959893744466,557,0.0,0.16375852909005678,C,no game designation yet (Limited),tgt_sh 4.5%; team att 31.5; opp DvP 0.91; RZ tgt 4,0.9575230478992892,
Cody White,LV,KC,WR,KC@LV,first_td,0.03101448513579354,3124,0.0,0.16375852909005678,C,no game designation yet (Limited),tgt_sh 4.5%; team att 31.5; opp DvP 0.91; RZ tgt 4,0.9575230478992892,
Cody White,LV,KC,WR,KC@LV,last_td,0.03101448513579354,3124,0.0,0.16375852909005678,C,no game designation yet (Limited),tgt_sh 4.5%; team att 31.5; opp DvP 0.91; RZ tgt 4,0.9575230478992892,
Cody White,LV,KC,WR,KC@LV,2plus_td,0.010833897598833273,9130,0.0,0.16375852909005678,C,no game designation yet (Limited),tgt_sh 4.5%; team att 31.5; opp DvP 0.91; RZ tgt 4,0.9575230478992892,
Malik Benson,LV,KC,WR,KC@LV,anytime_td,0.042806684590647896,2236,0.003690231430228267,0.03964362907902367,C,no game designation yet (Full),w_td 0.03; team TD 2.17,0.9479829842591244,
Malik Benson,LV,KC,WR,KC@LV,first_td,0.007957125816528,12467,0.003690231430228267,0.03964362907902367,C,no game designation yet (Full),w_td 0.03; team TD 2.17,0.9479829842591244,
Malik Benson,LV,KC,WR,KC@LV,last_td,0.007957125816528,12467,0.003690231430228267,0.03964362907902367,C,no game designation yet (Full),w_td 0.03; team TD 2.17,0.9479829842591244,
Malik Benson,LV,KC,WR,KC@LV,2plus_td,0.0005271759186040382,189590,0.003690231430228267,0.03964362907902367,C,no game designation yet (Full),w_td 0.03; team TD 2.17,0.9479829842591244,
Brock Bowers,LV,KC,TE,KC@LV,anytime_td,0.3623316981525937,176,0.0,0.43836760254670704,C,no game designation yet (Limited),tgt_sh 25.8%; team att 31.5; opp DvP 1.19; RZ tgt 3,0.9575230478992892,
Brock Bowers,LV,KC,TE,KC@LV,first_td,0.08309226304085922,1103,0.0,0.43836760254670704,C,no game designation yet (Limited),tgt_sh 25.8%; team att 31.5; opp DvP 1.19; RZ tgt 3,0.9575230478992892,
Brock Bowers,LV,KC,TE,KC@LV,last_td,0.08309226304085922,1103,0.0,0.43836760254670704,C,no game designation yet (Limited),tgt_sh 25.8%; team att 31.5; opp DvP 1.19; RZ tgt 3,0.9575230478992892,
Brock Bowers,LV,KC,TE,KC@LV,2plus_td,0.0677382319173364,1376,0.0,0.43836760254670704,C,no game designation yet (Limited),tgt_sh 25.8%; team att 31.5; opp DvP 1.19; RZ tgt 3,0.9575230478992892,
Connor Heyward,LV,KC,RB,KC@LV,anytime_td,0.02795,3478,0.02395,0.00455,C,-,w_td 0.04; team TD 2.17,1.0,
Connor Heyward,LV,KC,RB,KC@LV,first_td,0.00538943598068598,18455,0.02395,0.00455,C,-,w_td 0.04; team TD 2.17,1.0,
Connor Heyward,LV,KC,RB,KC@LV,last_td,0.00538943598068598,18455,0.02395,0.00455,C,-,w_td 0.04; team TD 2.17,1.0,
Connor Heyward,LV,KC,RB,KC@LV,2plus_td,0.00055,181718,0.02395,0.00455,C,-,w_td 0.04; team TD 2.17,1.0,
Ashton Jeanty,LV,KC,RB,KC@LV,anytime_td,0.5138837662679804,-106,0.4132462195057695,0.2821012698245429,B,no game designation yet (Full),tgt_sh 14.7%; team att 31.5; opp DvP 0.93; RZ tgt 4; car_sh 61.4%; team rush 28.3; opp d_ypc 0.96; inside-10 car 7,0.9508674235277402,
Ashton Jeanty,LV,KC,RB,KC@LV,first_td,0.13306988206482384,651,0.4132462195057695,0.2821012698245429,B,no game designation yet (Full),tgt_sh 14.7%; team att 31.5; opp DvP 0.93; RZ tgt 4; car_sh 61.4%; team rush 28.3; opp d_ypc 0.96; inside-10 car 7,0.9508674235277402,
Ashton Jeanty,LV,KC,RB,KC@LV,last_td,0.13306988206482384,651,0.4132462195057695,0.2821012698245429,B,no game designation yet (Full),tgt_sh 14.7%; team att 31.5; opp DvP 0.93; RZ tgt 4; car_sh 61.4%; team rush 28.3; opp d_ypc 0.96; inside-10 car 7,0.9508674235277402,
Ashton Jeanty,LV,KC,RB,KC@LV,2plus_td,0.15027135254755256,565,0.4132462195057695,0.2821012698245429,B,no game designation yet (Full),tgt_sh 14.7%; team att 31.5; opp DvP 0.93; RZ tgt 4; car_sh 61.4%; team rush 28.3; opp d_ypc 0.96; inside-10 car 7,0.9508674235277402,
Michael Mayer,LV,KC,TE,KC@LV,anytime_td,0.2258,343,0.0,0.2527,B,-,tgt_sh 14.1%; team att 31.5; opp DvP 1.19; RZ tgt 2,1.0,
Michael Mayer,LV,KC,TE,KC@LV,first_td,0.04829383838383838,1971,0.0,0.2527,B,-,tgt_sh 14.1%; team att 31.5; opp DvP 1.19; RZ tgt 2,1.0,
Michael Mayer,LV,KC,TE,KC@LV,last_td,0.04829383838383838,1971,0.0,0.2527,B,-,tgt_sh 14.1%; team att 31.5; opp DvP 1.19; RZ tgt 2,1.0,
Michael Mayer,LV,KC,TE,KC@LV,2plus_td,0.02505,3892,0.0,0.2527,B,-,tgt_sh 14.1%; team att 31.5; opp DvP 1.19; RZ tgt 2,1.0,
Jalen Nailor,LV,KC,WR,KC@LV,anytime_td,0.1417,606,0.0,0.15245,C,-,tgt_sh 10.2%; team att 31.5; opp DvP 0.91; RZ tgt 1,1.0,
Jalen Nailor,LV,KC,WR,KC@LV,first_td,0.02862222582972583,3394,0.0,0.15245,C,-,tgt_sh 10.2%; team att 31.5; opp DvP 0.91; RZ tgt 1,1.0,
Jalen Nailor,LV,KC,WR,KC@LV,last_td,0.02862222582972583,3394,0.0,0.15245,C,-,tgt_sh 10.2%; team att 31.5; opp DvP 0.91; RZ tgt 1,1.0,
Jalen Nailor,LV,KC,WR,KC@LV,2plus_td,0.01025,9656,0.0,0.15245,C,-,tgt_sh 10.2%; team att 31.5; opp DvP 0.91; RZ tgt 1,1.0,
Ian Thomas,LV,KC,TE,KC@LV,anytime_td,0.0233,4192,0.0,0.0234,C,-,w_td 0.02; team TD 2.17,1.0,
Ian Thomas,LV,KC,TE,KC@LV,first_td,0.004438143939393939,22432,0.0,0.0234,C,-,w_td 0.02; team TD 2.17,1.0,
Ian Thomas,LV,KC,TE,KC@LV,last_td,0.004438143939393939,22432,0.0,0.0234,C,-,w_td 0.02; team TD 2.17,1.0,
Ian Thomas,LV,KC,TE,KC@LV,2plus_td,0.0001,999900,0.0,0.0234,C,-,w_td 0.02; team TD 2.17,1.0,
Tre Tucker,LV,KC,WR,KC@LV,anytime_td,0.19315,418,0.0,0.21315,C,-,tgt_sh 15.8%; team att 31.5; opp DvP 0.91; RZ tgt 1,1.0,
Tre Tucker,LV,KC,WR,KC@LV,first_td,0.03978626498501498,2413,0.0,0.21315,C,-,tgt_sh 15.8%; team att 31.5; opp DvP 0.91; RZ tgt 1,1.0,
Tre Tucker,LV,KC,WR,KC@LV,last_td,0.03978626498501498,2413,0.0,0.21315,C,-,tgt_sh 15.8%; team att 31.5; opp DvP 0.91; RZ tgt 1,1.0,
Tre Tucker,LV,KC,WR,KC@LV,2plus_td,0.0191,5136,0.0,0.21315,C,-,tgt_sh 15.8%; team att 31.5; opp DvP 0.91; RZ tgt 1,1.0,
Mike Washington Jr.,LV,KC,RB,KC@LV,anytime_td,0.13505,640,0.13205,0.0143,B,-,car_sh 21.0%; team rush 28.3; opp d_ypc 0.96; inside-10 car 1,1.0,
Mike Washington Jr.,LV,KC,RB,KC@LV,first_td,0.027732552863802863,3506,0.13205,0.0143,B,-,car_sh 21.0%; team rush 28.3; opp d_ypc 0.96; inside-10 car 1,1.0,
Mike Washington Jr.,LV,KC,RB,KC@LV,last_td,0.027732552863802863,3506,0.13205,0.0143,B,-,car_sh 21.0%; team rush 28.3; opp d_ypc 0.96; inside-10 car 1,1.0,
Mike Washington Jr.,LV,KC,RB,KC@LV,2plus_td,0.01055,9379,0.13205,0.0143,B,-,car_sh 21.0%; team rush 28.3; opp d_ypc 0.96; inside-10 car 1,1.0,
Dareke Young,LV,KC,WR,KC@LV,anytime_td,0.01615,6092,0.0,0.01635,C,-,w_td 0.01; team TD 2.17,1.0,
Dareke Young,LV,KC,WR,KC@LV,first_td,0.0031064935064935065,32091,0.0,0.01635,C,-,w_td 0.01; team TD 2.17,1.0,
Dareke Young,LV,KC,WR,KC@LV,last_td,0.0031064935064935065,32091,0.0,0.01635,C,-,w_td 0.01; team TD 2.17,1.0,
Dareke Young,LV,KC,WR,KC@LV,2plus_td,0.0002,499900,0.0,0.01635,C,-,w_td 0.01; team TD 2.17,1.0,
Justin Herbert,LAC,SEA,QB,LAC@SEA,anytime_td,0.0997,903,0.10465,0.0,B,-,team att 31.3; ypa 6.19; opp d_ypa 0.86; pass rate 56.6%,1.0,
Justin Herbert,LAC,SEA,QB,LAC@SEA,first_td,0.021825004162504165,4482,0.10465,0.0,B,-,team att 31.3; ypa 6.19; opp d_ypa 0.86; pass rate 56.6%,1.0,
Justin Herbert,LAC,SEA,QB,LAC@SEA,last_td,0.021825004162504165,4482,0.10465,0.0,B,-,team att 31.3; ypa 6.19; opp d_ypa 0.86; pass rate 56.6%,1.0,
Justin Herbert,LAC,SEA,QB,LAC@SEA,2plus_td,0.00475,20953,0.10465,0.0,B,-,team att 31.3; ypa 6.19; opp d_ypa 0.86; pass rate 56.6%,1.0,
Derius Davis,LAC,SEA,WR,LAC@SEA,anytime_td,0.01775,5534,0.0,0.018,C,-,w_td 0.01; team TD 1.81,1.0,
Derius Davis,LAC,SEA,WR,LAC@SEA,first_td,0.0036803192640692643,27072,0.0,0.018,C,-,w_td 0.01; team TD 1.81,1.0,
Derius Davis,LAC,SEA,WR,LAC@SEA,last_td,0.0036803192640692643,27072,0.0,0.018,C,-,w_td 0.01; team TD 1.81,1.0,
Derius Davis,LAC,SEA,WR,LAC@SEA,2plus_td,0.00025,399900,0.0,0.018,C,-,w_td 0.01; team TD 1.81,1.0,
Oronde Gadsden II,LAC,SEA,TE,LAC@SEA,anytime_td,0.19085,424,0.0,0.20795,C,-,tgt_sh 10.3%; team att 31.3; opp DvP 0.97; RZ tgt 2,1.0,
Oronde Gadsden II,LAC,SEA,TE,LAC@SEA,first_td,0.04255471611721612,2250,0.0,0.20795,C,-,tgt_sh 10.3%; team att 31.3; opp DvP 0.97; RZ tgt 2,1.0,
Oronde Gadsden II,LAC,SEA,TE,LAC@SEA,last_td,0.04255471611721612,2250,0.0,0.20795,C,-,tgt_sh 10.3%; team att 31.3; opp DvP 0.97; RZ tgt 2,1.0,
Oronde Gadsden II,LAC,SEA,TE,LAC@SEA,2plus_td,0.01615,6092,0.0,0.20795,C,-,tgt_sh 10.3%; team att 31.3; opp DvP 0.97; RZ tgt 2,1.0,
Omarion Hampton,LAC,SEA,RB,LAC@SEA,anytime_td,0.32425,208,0.30965,0.0756,B,-,tgt_sh 5.8%; team att 31.3; opp DvP 1.01; RZ tgt 0; car_sh 53.0%; team rush 26.3; opp d_ypc 0.90; inside-10 car 5,1.0,
Omarion Hampton,LAC,SEA,RB,LAC@SEA,first_td,0.07935092338217338,1160,0.30965,0.0756,B,-,tgt_sh 5.8%; team att 31.3; opp DvP 1.01; RZ tgt 0; car_sh 53.0%; team rush 26.3; opp d_ypc 0.90; inside-10 car 5,1.0,
Omarion Hampton,LAC,SEA,RB,LAC@SEA,last_td,0.07935092338217338,1160,0.30965,0.0756,B,-,tgt_sh 5.8%; team att 31.3; opp DvP 1.01; RZ tgt 0; car_sh 53.0%; team rush 26.3; opp d_ypc 0.90; inside-10 car 5,1.0,
Omarion Hampton,LAC,SEA,RB,LAC@SEA,2plus_td,0.05475,1726,0.30965,0.0756,B,-,tgt_sh 5.8%; team att 31.3; opp DvP 1.01; RZ tgt 0; car_sh 53.0%; team rush 26.3; opp d_ypc 0.90; inside-10 car 5,1.0,
Tre Harris,LAC,SEA,WR,LAC@SEA,anytime_td,0.24125,315,0.0,0.27355,B,-,tgt_sh 12.3%; team att 31.3; opp DvP 1.01; RZ tgt 3,1.0,
Tre Harris,LAC,SEA,WR,LAC@SEA,first_td,0.055593900127650135,1699,0.0,0.27355,B,-,tgt_sh 12.3%; team att 31.3; opp DvP 1.01; RZ tgt 3,1.0,
Tre Harris,LAC,SEA,WR,LAC@SEA,last_td,0.055593900127650135,1699,0.0,0.27355,B,-,tgt_sh 12.3%; team att 31.3; opp DvP 1.01; RZ tgt 3,1.0,
Tre Harris,LAC,SEA,WR,LAC@SEA,2plus_td,0.02985,3250,0.0,0.27355,B,-,tgt_sh 12.3%; team att 31.3; opp DvP 1.01; RZ tgt 3,1.0,
Alec Ingold,LAC,SEA,RB,LAC@SEA,anytime_td,0.0719,1291,0.00215,0.0718,C,-,tgt_sh 2.8%; team att 31.3; opp DvP 1.01; RZ tgt 1,1.0,
Alec Ingold,LAC,SEA,RB,LAC@SEA,first_td,0.014865756327006329,6627,0.00215,0.0718,C,-,tgt_sh 2.8%; team att 31.3; opp DvP 1.01; RZ tgt 1,1.0,
Alec Ingold,LAC,SEA,RB,LAC@SEA,last_td,0.014865756327006329,6627,0.00215,0.0718,C,-,tgt_sh 2.8%; team att 31.3; opp DvP 1.01; RZ tgt 1,1.0,
Alec Ingold,LAC,SEA,RB,LAC@SEA,2plus_td,0.00195,51182,0.00215,0.0718,C,-,tgt_sh 2.8%; team att 31.3; opp DvP 1.01; RZ tgt 1,1.0,
Quentin Johnston,LAC,SEA,WR,LAC@SEA,anytime_td,0.21465,366,0.00335,0.2355,B,-,tgt_sh 17.9%; team att 31.3; opp DvP 1.01; RZ tgt 0,1.0,
Quentin Johnston,LAC,SEA,WR,LAC@SEA,first_td,0.048419092019092023,1965,0.00335,0.2355,B,-,tgt_sh 17.9%; team att 31.3; opp DvP 1.01; RZ tgt 0,1.0,
Quentin Johnston,LAC,SEA,WR,LAC@SEA,last_td,0.048419092019092023,1965,0.00335,0.2355,B,-,tgt_sh 17.9%; team att 31.3; opp DvP 1.01; RZ tgt 0,1.0,
Quentin Johnston,LAC,SEA,WR,LAC@SEA,2plus_td,0.0222,4405,0.00335,0.2355,B,-,tgt_sh 17.9%; team att 31.3; opp DvP 1.01; RZ tgt 0,1.0,
Ladd McConkey,LAC,SEA,WR,LAC@SEA,anytime_td,0.23956277516320024,317,0.0,0.271064217397905,C,Questionable (Limited),tgt_sh 16.9%; team att 31.3; opp DvP 1.01; RZ tgt 2,0.6667342299285288,
Ladd McConkey,LAC,SEA,WR,LAC@SEA,first_td,0.054881524780568354,1722,0.0,0.271064217397905,C,Questionable (Limited),tgt_sh 16.9%; team att 31.3; opp DvP 1.01; RZ tgt 2,0.6667342299285288,
Ladd McConkey,LAC,SEA,WR,LAC@SEA,last_td,0.054881524780568354,1722,0.0,0.271064217397905,C,Questionable (Limited),tgt_sh 16.9%; team att 31.3; opp DvP 1.01; RZ tgt 2,0.6667342299285288,
Ladd McConkey,LAC,SEA,WR,LAC@SEA,2plus_td,0.02937604372248368,3304,0.0,0.271064217397905,C,Questionable (Limited),tgt_sh 16.9%; team att 31.3; opp DvP 1.01; RZ tgt 2,0.6667342299285288,
Keaton Mitchell,LAC,SEA,RB,LAC@SEA,anytime_td,0.17277845004472037,479,0.10022623244067976,0.0875993055190193,B,no game designation yet (Full),tgt_sh 3.4%; team att 31.3; opp DvP 1.01; RZ tgt 1; car_sh 19.3%; team rush 26.3; opp d_ypc 0.90; inside-10 car 1,0.9508674235277402,
Keaton Mitchell,LAC,SEA,RB,LAC@SEA,first_td,0.0384882610944062,2498,0.10022623244067976,0.0875993055190193,B,no game designation yet (Full),tgt_sh 3.4%; team att 31.3; opp DvP 1.01; RZ tgt 1; car_sh 19.3%; team rush 26.3; opp d_ypc 0.90; inside-10 car 1,0.9508674235277402,
Keaton Mitchell,LAC,SEA,RB,LAC@SEA,last_td,0.0384882610944062,2498,0.10022623244067976,0.0875993055190193,B,no game designation yet (Full),tgt_sh 3.4%; team att 31.3; opp DvP 1.01; RZ tgt 1; car_sh 19.3%; team rush 26.3; opp d_ypc 0.90; inside-10 car 1,0.9508674235277402,
Keaton Mitchell,LAC,SEA,RB,LAC@SEA,2plus_td,0.01373178302730573,7182,0.10022623244067976,0.0875993055190193,B,no game designation yet (Full),tgt_sh 3.4%; team att 31.3; opp DvP 1.01; RZ tgt 1; car_sh 19.3%; team rush 26.3; opp d_ypc 0.90; inside-10 car 1,0.9508674235277402,
Marquez Valdes-Scantling,LAC,SEA,WR,LAC@SEA,anytime_td,0.04905,1939,0.0,0.0503,C,-,tgt_sh 3.8%; team att 31.3; opp DvP 1.01; RZ tgt 0,1.0,
Marquez Valdes-Scantling,LAC,SEA,WR,LAC@SEA,first_td,0.010359356615606614,9553,0.0,0.0503,C,-,tgt_sh 3.8%; team att 31.3; opp DvP 1.01; RZ tgt 0,1.0,
Marquez Valdes-Scantling,LAC,SEA,WR,LAC@SEA,last_td,0.010359356615606614,9553,0.0,0.0503,C,-,tgt_sh 3.8%; team att 31.3; opp DvP 1.01; RZ tgt 0,1.0,
Marquez Valdes-Scantling,LAC,SEA,WR,LAC@SEA,2plus_td,0.00125,79900,0.0,0.0503,C,-,tgt_sh 3.8%; team att 31.3; opp DvP 1.01; RZ tgt 0,1.0,
Kimani Vidal,LAC,SEA,RB,LAC@SEA,anytime_td,0.08185,1122,0.0407,0.0439,C,-,tgt_sh 3.3%; team att 31.3; opp DvP 1.01; RZ tgt 0,1.0,
Kimani Vidal,LAC,SEA,RB,LAC@SEA,first_td,0.017449698773448773,5631,0.0407,0.0439,C,-,tgt_sh 3.3%; team att 31.3; opp DvP 1.01; RZ tgt 0,1.0,
Kimani Vidal,LAC,SEA,RB,LAC@SEA,last_td,0.017449698773448773,5631,0.0407,0.0439,C,-,tgt_sh 3.3%; team att 31.3; opp DvP 1.01; RZ tgt 0,1.0,
Kimani Vidal,LAC,SEA,RB,LAC@SEA,2plus_td,0.00275,36264,0.0407,0.0439,C,-,tgt_sh 3.3%; team att 31.3; opp DvP 1.01; RZ tgt 0,1.0,
Sam Darnold,SEA,LAC,QB,LAC@SEA,anytime_td,0.0383,2511,0.03895,0.0,C,-,team att 32.0; ypa 8.36; opp d_ypa 1.05; pass rate 54.2%,1.0,
Sam Darnold,SEA,LAC,QB,LAC@SEA,first_td,0.008482063492063492,11690,0.03895,0.0,C,-,team att 32.0; ypa 8.36; opp d_ypa 1.05; pass rate 54.2%,1.0,
Sam Darnold,SEA,LAC,QB,LAC@SEA,last_td,0.008482063492063492,11690,0.03895,0.0,C,-,team att 32.0; ypa 8.36; opp d_ypa 1.05; pass rate 54.2%,1.0,
Sam Darnold,SEA,LAC,QB,LAC@SEA,2plus_td,0.00065,153746,0.03895,0.0,C,-,team att 32.0; ypa 8.36; opp d_ypa 1.05; pass rate 54.2%,1.0,
Elijah Arroyo,SEA,LAC,TE,LAC@SEA,anytime_td,0.0468,2037,0.0,0.04795,C,-,w_td 0.03; team TD 2.76,1.0,
Elijah Arroyo,SEA,LAC,TE,LAC@SEA,first_td,0.009863360389610389,10039,0.0,0.04795,C,-,w_td 0.03; team TD 2.76,1.0,
Elijah Arroyo,SEA,LAC,TE,LAC@SEA,last_td,0.009863360389610389,10039,0.0,0.04795,C,-,w_td 0.03; team TD 2.76,1.0,
Elijah Arroyo,SEA,LAC,TE,LAC@SEA,2plus_td,0.00115,86857,0.0,0.04795,C,-,w_td 0.03; team TD 2.76,1.0,
AJ Barner,SEA,LAC,TE,LAC@SEA,anytime_td,0.3091,224,0.02855,0.3331,B,-,tgt_sh 13.2%; team att 32.0; opp DvP 0.93; RZ tgt 4,1.0,
AJ Barner,SEA,LAC,TE,LAC@SEA,first_td,0.07554749555999556,1224,0.02855,0.3331,B,-,tgt_sh 13.2%; team att 32.0; opp DvP 0.93; RZ tgt 4,1.0,
AJ Barner,SEA,LAC,TE,LAC@SEA,last_td,0.07554749555999556,1224,0.02855,0.3331,B,-,tgt_sh 13.2%; team att 32.0; opp DvP 0.93; RZ tgt 4,1.0,
AJ Barner,SEA,LAC,TE,LAC@SEA,2plus_td,0.04665,2044,0.02855,0.3331,B,-,tgt_sh 13.2%; team att 32.0; opp DvP 0.93; RZ tgt 4,1.0,
George Holani,SEA,LAC,RB,LAC@SEA,anytime_td,0.2815748506001105,255,0.21824938482398434,0.10485612414000904,B,no game designation yet (Limited),tgt_sh 4.8%; team att 32.0; opp DvP 0.91; RZ tgt 1; car_sh 18.1%; team rush 28.3; opp d_ypc 0.93; inside-10 car 3,0.9951309141019752,
George Holani,SEA,LAC,RB,LAC@SEA,first_td,0.06869777513201407,1356,0.21824938482398434,0.10485612414000904,B,no game designation yet (Limited),tgt_sh 4.8%; team att 32.0; opp DvP 0.91; RZ tgt 1; car_sh 18.1%; team rush 28.3; opp d_ypc 0.93; inside-10 car 3,0.9951309141019752,
George Holani,SEA,LAC,RB,LAC@SEA,last_td,0.06869777513201407,1356,0.21824938482398434,0.10485612414000904,B,no game designation yet (Limited),tgt_sh 4.8%; team att 32.0; opp DvP 0.91; RZ tgt 1; car_sh 18.1%; team rush 28.3; opp d_ypc 0.93; inside-10 car 3,0.9951309141019752,
George Holani,SEA,LAC,RB,LAC@SEA,2plus_td,0.038366895997589516,2506,0.21824938482398434,0.10485612414000904,B,no game designation yet (Limited),tgt_sh 4.8%; team att 32.0; opp DvP 0.91; RZ tgt 1; car_sh 18.1%; team rush 28.3; opp d_ypc 0.93; inside-10 car 3,0.9951309141019752,
Tory Horton,SEA,LAC,WR,LAC@SEA,anytime_td,0.088,1036,0.0,0.0924,C,-,tgt_sh 6.4%; team att 32.0; opp DvP 0.90; RZ tgt 0,1.0,
Tory Horton,SEA,LAC,WR,LAC@SEA,first_td,0.01931287629037629,5078,0.0,0.0924,C,-,tgt_sh 6.4%; team att 32.0; opp DvP 0.90; RZ tgt 0,1.0,
Tory Horton,SEA,LAC,WR,LAC@SEA,last_td,0.01931287629037629,5078,0.0,0.0924,C,-,tgt_sh 6.4%; team att 32.0; opp DvP 0.90; RZ tgt 0,1.0,
Tory Horton,SEA,LAC,WR,LAC@SEA,2plus_td,0.0043,23156,0.0,0.0924,C,-,tgt_sh 6.4%; team att 32.0; opp DvP 0.90; RZ tgt 0,1.0,
Cooper Kupp,SEA,LAC,WR,LAC@SEA,anytime_td,0.1874,434,0.0,0.2068,C,-,tgt_sh 11.9%; team att 32.0; opp DvP 0.90; RZ tgt 1,1.0,
Cooper Kupp,SEA,LAC,WR,LAC@SEA,first_td,0.04323933857808857,2213,0.0,0.2068,C,-,tgt_sh 11.9%; team att 32.0; opp DvP 0.90; RZ tgt 1,1.0,
Cooper Kupp,SEA,LAC,WR,LAC@SEA,last_td,0.04323933857808857,2213,0.0,0.2068,C,-,tgt_sh 11.9%; team att 32.0; opp DvP 0.90; RZ tgt 1,1.0,
Cooper Kupp,SEA,LAC,WR,LAC@SEA,2plus_td,0.0186,5276,0.0,0.2068,C,-,tgt_sh 11.9%; team att 32.0; opp DvP 0.90; RZ tgt 1,1.0,
Brady Russell,SEA,LAC,RB,LAC@SEA,anytime_td,0.03215,3010,0.0,0.03275,C,-,w_td 0.02; team TD 2.76,1.0,
Brady Russell,SEA,LAC,RB,LAC@SEA,first_td,0.007061607142857143,14061,0.0,0.03275,C,-,w_td 0.02; team TD 2.76,1.0,
Brady Russell,SEA,LAC,RB,LAC@SEA,last_td,0.007061607142857143,14061,0.0,0.03275,C,-,w_td 0.02; team TD 2.76,1.0,
Brady Russell,SEA,LAC,RB,LAC@SEA,2plus_td,0.0006,166567,0.0,0.03275,C,-,w_td 0.02; team TD 2.76,1.0,
Eric Saubert,SEA,LAC,TE,LAC@SEA,anytime_td,0.09455,958,0.0,0.0995,C,-,w_td 0.05; team TD 2.76,1.0,
Eric Saubert,SEA,LAC,TE,LAC@SEA,first_td,0.020505184537684535,4777,0.0,0.0995,C,-,w_td 0.05; team TD 2.76,1.0,
Eric Saubert,SEA,LAC,TE,LAC@SEA,last_td,0.020505184537684535,4777,0.0,0.0995,C,-,w_td 0.05; team TD 2.76,1.0,
Eric Saubert,SEA,LAC,TE,LAC@SEA,2plus_td,0.0048,20733,0.0,0.0995,C,-,w_td 0.05; team TD 2.76,1.0,
Rashid Shaheed,SEA,LAC,WR,LAC@SEA,anytime_td,0.19463334914861088,414,0.006062523063946439,0.20765459433813063,C,no game designation yet (Full),tgt_sh 14.0%; team att 32.0; opp DvP 0.90; RZ tgt 0,0.9479829842591244,
Rashid Shaheed,SEA,LAC,WR,LAC@SEA,first_td,0.04418007280177136,2163,0.006062523063946439,0.20765459433813063,C,no game designation yet (Full),tgt_sh 14.0%; team att 32.0; opp DvP 0.90; RZ tgt 0,0.9479829842591244,
Rashid Shaheed,SEA,LAC,WR,LAC@SEA,last_td,0.04418007280177136,2163,0.006062523063946439,0.20765459433813063,C,no game designation yet (Full),tgt_sh 14.0%; team att 32.0; opp DvP 0.90; RZ tgt 0,0.9479829842591244,
Rashid Shaheed,SEA,LAC,WR,LAC@SEA,2plus_td,0.01781854604881649,5512,0.006062523063946439,0.20765459433813063,C,no game designation yet (Full),tgt_sh 14.0%; team att 32.0; opp DvP 0.90; RZ tgt 0,0.9479829842591244,
Jaxon Smith-Njigba,SEA,LAC,WR,LAC@SEA,anytime_td,0.54795,-121,0.0,0.76005,B,-,tgt_sh 31.8%; team att 32.0; opp DvP 0.90; RZ tgt 9,1.0,
Jaxon Smith-Njigba,SEA,LAC,WR,LAC@SEA,first_td,0.1581859779109779,532,0.0,0.76005,B,-,tgt_sh 31.8%; team att 32.0; opp DvP 0.90; RZ tgt 9,1.0,
Jaxon Smith-Njigba,SEA,LAC,WR,LAC@SEA,last_td,0.1581859779109779,532,0.0,0.76005,B,-,tgt_sh 31.8%; team att 32.0; opp DvP 0.90; RZ tgt 9,1.0,
Jaxon Smith-Njigba,SEA,LAC,WR,LAC@SEA,2plus_td,0.17255,480,0.0,0.76005,B,-,tgt_sh 31.8%; team att 32.0; opp DvP 0.90; RZ tgt 9,1.0,
Emanuel Wilson,SEA,LAC,RB,LAC@SEA,anytime_td,0.4116,143,0.45955,0.05865,B,-,car_sh 36.3%; team rush 28.3; opp d_ypc 0.93; inside-10 car 7,1.0,
Emanuel Wilson,SEA,LAC,RB,LAC@SEA,first_td,0.10943920926295925,814,0.45955,0.05865,B,-,car_sh 36.3%; team rush 28.3; opp d_ypc 0.93; inside-10 car 7,1.0,
Emanuel Wilson,SEA,LAC,RB,LAC@SEA,last_td,0.10943920926295925,814,0.45955,0.05865,B,-,car_sh 36.3%; team rush 28.3; opp d_ypc 0.93; inside-10 car 7,1.0,
Emanuel Wilson,SEA,LAC,RB,LAC@SEA,2plus_td,0.09275,978,0.45955,0.05865,B,-,car_sh 36.3%; team rush 28.3; opp d_ypc 0.93; inside-10 car 7,1.0,
Bo Nix,DEN,SF,QB,DEN@SF,anytime_td,0.1604,523,0.17355,0.0,B,-,team att 34.1; ypa 6.63; opp d_ypa 0.94; pass rate 58.8%,1.0,
Bo Nix,DEN,SF,QB,DEN@SF,first_td,0.030951323121323118,3131,0.17355,0.0,B,-,team att 34.1; ypa 6.63; opp d_ypa 0.94; pass rate 58.8%,1.0,
Bo Nix,DEN,SF,QB,DEN@SF,last_td,0.030951323121323118,3131,0.17355,0.0,B,-,team att 34.1; ypa 6.63; opp d_ypa 0.94; pass rate 58.8%,1.0,
Bo Nix,DEN,SF,QB,DEN@SF,2plus_td,0.0126,7837,0.17355,0.0,B,-,team att 34.1; ypa 6.63; opp d_ypa 0.94; pass rate 58.8%,1.0,
Nate Adkins,DEN,SF,TE,DEN@SF,anytime_td,0.13135,661,0.007,0.13285,C,-,tgt_sh 3.6%; team att 34.1; opp DvP 1.02; RZ tgt 3,1.0,
Nate Adkins,DEN,SF,TE,DEN@SF,first_td,0.023984000444000442,4069,0.007,0.13285,C,-,tgt_sh 3.6%; team att 34.1; opp DvP 1.02; RZ tgt 3,1.0,
Nate Adkins,DEN,SF,TE,DEN@SF,last_td,0.023984000444000442,4069,0.007,0.13285,C,-,tgt_sh 3.6%; team att 34.1; opp DvP 1.02; RZ tgt 3,1.0,
Nate Adkins,DEN,SF,TE,DEN@SF,2plus_td,0.00815,12170,0.007,0.13285,C,-,tgt_sh 3.6%; team att 34.1; opp DvP 1.02; RZ tgt 3,1.0,
Tyler Badie,DEN,SF,RB,DEN@SF,anytime_td,0.15015,566,0.03295,0.128,C,-,tgt_sh 4.6%; team att 34.1; opp DvP 1.13; RZ tgt 2,1.0,
Tyler Badie,DEN,SF,RB,DEN@SF,first_td,0.028033047508047502,3467,0.03295,0.128,C,-,tgt_sh 4.6%; team att 34.1; opp DvP 1.13; RZ tgt 2,1.0,
Tyler Badie,DEN,SF,RB,DEN@SF,last_td,0.028033047508047502,3467,0.03295,0.128,C,-,tgt_sh 4.6%; team att 34.1; opp DvP 1.13; RZ tgt 2,1.0,
Tyler Badie,DEN,SF,RB,DEN@SF,2plus_td,0.01015,9752,0.03295,0.128,C,-,tgt_sh 4.6%; team att 34.1; opp DvP 1.13; RZ tgt 2,1.0,
Pat Bryant,DEN,SF,WR,DEN@SF,anytime_td,0.1356,637,0.0075,0.1378,C,-,tgt_sh 8.5%; team att 34.1; opp DvP 0.95; RZ tgt 1,1.0,
Pat Bryant,DEN,SF,WR,DEN@SF,first_td,0.025359822538572538,3843,0.0075,0.1378,C,-,tgt_sh 8.5%; team att 34.1; opp DvP 0.95; RZ tgt 1,1.0,
Pat Bryant,DEN,SF,WR,DEN@SF,last_td,0.025359822538572538,3843,0.0075,0.1378,C,-,tgt_sh 8.5%; team att 34.1; opp DvP 0.95; RZ tgt 1,1.0,
Pat Bryant,DEN,SF,WR,DEN@SF,2plus_td,0.00925,10711,0.0075,0.1378,C,-,tgt_sh 8.5%; team att 34.1; opp DvP 0.95; RZ tgt 1,1.0,
J.K. Dobbins,DEN,SF,RB,DEN@SF,anytime_td,0.4351793580868471,130,0.527218376337319,0.030994336060415354,B,no game designation yet (Full),car_sh 47.6%; team rush 25.0; opp d_ypc 0.95; inside-10 car 5,0.9508674235277402,
J.K. Dobbins,DEN,SF,RB,DEN@SF,first_td,0.09747602844676476,926,0.527218376337319,0.030994336060415354,B,no game designation yet (Full),car_sh 47.6%; team rush 25.0; opp d_ypc 0.95; inside-10 car 5,0.9508674235277402,
J.K. Dobbins,DEN,SF,RB,DEN@SF,last_td,0.09747602844676476,926,0.527218376337319,0.030994336060415354,B,no game designation yet (Full),car_sh 47.6%; team rush 25.0; opp d_ypc 0.95; inside-10 car 5,0.9508674235277402,
J.K. Dobbins,DEN,SF,RB,DEN@SF,2plus_td,0.10604153555695406,843,0.527218376337319,0.030994336060415354,B,no game designation yet (Full),car_sh 47.6%; team rush 25.0; opp d_ypc 0.95; inside-10 car 5,0.9508674235277402,
Evan Engram,DEN,SF,TE,DEN@SF,anytime_td,0.1415,607,0.0,0.15105,C,-,tgt_sh 9.5%; team att 34.1; opp DvP 1.02; RZ tgt 1,1.0,
Evan Engram,DEN,SF,TE,DEN@SF,first_td,0.025836553724053725,3770,0.0,0.15105,C,-,tgt_sh 9.5%; team att 34.1; opp DvP 1.02; RZ tgt 1,1.0,
Evan Engram,DEN,SF,TE,DEN@SF,last_td,0.025836553724053725,3770,0.0,0.15105,C,-,tgt_sh 9.5%; team att 34.1; opp DvP 1.02; RZ tgt 1,1.0,
Evan Engram,DEN,SF,TE,DEN@SF,2plus_td,0.0094,10538,0.0,0.15105,C,-,tgt_sh 9.5%; team att 34.1; opp DvP 1.02; RZ tgt 1,1.0,
Troy Franklin,DEN,SF,WR,DEN@SF,anytime_td,0.13355,649,0.0114,0.13155,C,-,tgt_sh 8.6%; team att 34.1; opp DvP 0.95; RZ tgt 1,1.0,
Troy Franklin,DEN,SF,WR,DEN@SF,first_td,0.024569287795537798,3970,0.0114,0.13155,C,-,tgt_sh 8.6%; team att 34.1; opp DvP 0.95; RZ tgt 1,1.0,
Troy Franklin,DEN,SF,WR,DEN@SF,last_td,0.024569287795537798,3970,0.0114,0.13155,C,-,tgt_sh 8.6%; team att 34.1; opp DvP 0.95; RZ tgt 1,1.0,
Troy Franklin,DEN,SF,WR,DEN@SF,2plus_td,0.00915,10829,0.0114,0.13155,C,-,tgt_sh 8.6%; team att 34.1; opp DvP 0.95; RZ tgt 1,1.0,
RJ Harvey,DEN,SF,RB,DEN@SF,anytime_td,0.2854,250,0.119,0.21075,C,-,tgt_sh 11.5%; team att 34.1; opp DvP 1.13; RZ tgt 2; car_sh 13.2%; team rush 25.0; opp d_ypc 0.95; inside-10 car 0,1.0,
RJ Harvey,DEN,SF,RB,DEN@SF,first_td,0.05665056415806416,1665,0.119,0.21075,C,-,tgt_sh 11.5%; team att 34.1; opp DvP 1.13; RZ tgt 2; car_sh 13.2%; team rush 25.0; opp d_ypc 0.95; inside-10 car 0,1.0,
RJ Harvey,DEN,SF,RB,DEN@SF,last_td,0.05665056415806416,1665,0.119,0.21075,C,-,tgt_sh 11.5%; team att 34.1; opp DvP 1.13; RZ tgt 2; car_sh 13.2%; team rush 25.0; opp d_ypc 0.95; inside-10 car 0,1.0,
RJ Harvey,DEN,SF,RB,DEN@SF,2plus_td,0.041,2339,0.119,0.21075,C,-,tgt_sh 11.5%; team att 34.1; opp DvP 1.13; RZ tgt 2; car_sh 13.2%; team rush 25.0; opp d_ypc 0.95; inside-10 car 0,1.0,
Lil'Jordan Humphrey,DEN,SF,WR,DEN@SF,anytime_td,0.0548,1725,0.0,0.0558,C,-,tgt_sh 4.6%; team att 34.1; opp DvP 0.95; RZ tgt 0,1.0,
Lil'Jordan Humphrey,DEN,SF,WR,DEN@SF,first_td,0.009499671717171717,10427,0.0,0.0558,C,-,tgt_sh 4.6%; team att 34.1; opp DvP 0.95; RZ tgt 0,1.0,
Lil'Jordan Humphrey,DEN,SF,WR,DEN@SF,last_td,0.009499671717171717,10427,0.0,0.0558,C,-,tgt_sh 4.6%; team att 34.1; opp DvP 0.95; RZ tgt 0,1.0,
Lil'Jordan Humphrey,DEN,SF,WR,DEN@SF,2plus_td,0.00095,105163,0.0,0.0558,C,-,tgt_sh 4.6%; team att 34.1; opp DvP 0.95; RZ tgt 0,1.0,
Marvin Mims Jr.,DEN,SF,WR,DEN@SF,anytime_td,0.06167563574970982,1521,0.0,0.06368048960641554,C,no game designation yet (Full),tgt_sh 5.1%; team att 34.1; opp DvP 0.95; RZ tgt 0,0.9479829842591244,
Marvin Mims Jr.,DEN,SF,WR,DEN@SF,first_td,0.011096462627801658,8912,0.0,0.06368048960641554,C,no game designation yet (Full),tgt_sh 5.1%; team att 34.1; opp DvP 0.95; RZ tgt 0,0.9479829842591244,
Marvin Mims Jr.,DEN,SF,WR,DEN@SF,last_td,0.011096462627801658,8912,0.0,0.06368048960641554,C,no game designation yet (Full),tgt_sh 5.1%; team att 34.1; opp DvP 0.95; RZ tgt 0,0.9479829842591244,
Marvin Mims Jr.,DEN,SF,WR,DEN@SF,2plus_td,0.0020048538567057086,49779,0.0,0.06368048960641554,C,no game designation yet (Full),tgt_sh 5.1%; team att 34.1; opp DvP 0.95; RZ tgt 0,0.9479829842591244,
Courtland Sutton,DEN,SF,WR,DEN@SF,anytime_td,0.282,255,0.0,0.3282,B,-,tgt_sh 15.4%; team att 34.1; opp DvP 0.95; RZ tgt 5,1.0,
Courtland Sutton,DEN,SF,WR,DEN@SF,first_td,0.05671721681096681,1663,0.0,0.3282,B,-,tgt_sh 15.4%; team att 34.1; opp DvP 0.95; RZ tgt 5,1.0,
Courtland Sutton,DEN,SF,WR,DEN@SF,last_td,0.05671721681096681,1663,0.0,0.3282,B,-,tgt_sh 15.4%; team att 34.1; opp DvP 0.95; RZ tgt 5,1.0,
Courtland Sutton,DEN,SF,WR,DEN@SF,2plus_td,0.04195,2284,0.0,0.3282,B,-,tgt_sh 15.4%; team att 34.1; opp DvP 0.95; RZ tgt 5,1.0,
Adam Trautman,DEN,SF,TE,DEN@SF,anytime_td,0.03085,3141,0.0,0.03155,C,-,w_td 0.02; team TD 2.54,1.0,
Adam Trautman,DEN,SF,TE,DEN@SF,first_td,0.005491681651681651,18109,0.0,0.03155,C,-,w_td 0.02; team TD 2.54,1.0,
Adam Trautman,DEN,SF,TE,DEN@SF,last_td,0.005491681651681651,18109,0.0,0.03155,C,-,w_td 0.02; team TD 2.54,1.0,
Adam Trautman,DEN,SF,TE,DEN@SF,2plus_td,0.0007,142757,0.0,0.03155,C,-,w_td 0.02; team TD 2.54,1.0,
Jaylen Waddle,DEN,SF,WR,DEN@SF,anytime_td,0.23710416776437115,322,0.008746509299752358,0.2587069919384583,B,no game designation yet (Full),tgt_sh 18.7%; team att 34.1; opp DvP 0.95; RZ tgt 1,0.9479829842591244,
Jaylen Waddle,DEN,SF,WR,DEN@SF,first_td,0.046254871227209074,2062,0.008746509299752358,0.2587069919384583,B,no game designation yet (Full),tgt_sh 18.7%; team att 34.1; opp DvP 0.95; RZ tgt 1,0.9479829842591244,
Jaylen Waddle,DEN,SF,WR,DEN@SF,last_td,0.046254871227209074,2062,0.008746509299752358,0.2587069919384583,B,no game designation yet (Full),tgt_sh 18.7%; team att 34.1; opp DvP 0.95; RZ tgt 1,0.9479829842591244,
Jaylen Waddle,DEN,SF,WR,DEN@SF,2plus_td,0.028505189946783287,3408,0.008746509299752358,0.2587069919384583,B,no game designation yet (Full),tgt_sh 18.7%; team att 34.1; opp DvP 0.95; RZ tgt 1,0.9479829842591244,
Brock Purdy,SF,DEN,QB,DEN@SF,anytime_td,0.1012,888,0.10545,0.0,B,-,team att 31.1; ypa 8.02; opp d_ypa 0.98; pass rate 52.3%,1.0,
Brock Purdy,SF,DEN,QB,DEN@SF,first_td,0.018439216477966477,5323,0.10545,0.0,B,-,team att 31.1; ypa 8.02; opp d_ypa 0.98; pass rate 52.3%,1.0,
Brock Purdy,SF,DEN,QB,DEN@SF,last_td,0.018439216477966477,5323,0.10545,0.0,B,-,team att 31.1; ypa 8.02; opp d_ypa 0.98; pass rate 52.3%,1.0,
Brock Purdy,SF,DEN,QB,DEN@SF,2plus_td,0.00425,23429,0.10545,0.0,B,-,team att 31.1; ypa 8.02; opp d_ypa 0.98; pass rate 52.3%,1.0,
Kaelon Black,SF,DEN,RB,DEN@SF,anytime_td,0.2424,313,0.24515,0.03095,B,-,car_sh 24.9%; team rush 29.3; opp d_ypc 1.10; inside-10 car 1,1.0,
Kaelon Black,SF,DEN,RB,DEN@SF,first_td,0.04863181970806971,1956,0.24515,0.03095,B,-,car_sh 24.9%; team rush 29.3; opp d_ypc 1.10; inside-10 car 1,1.0,
Kaelon Black,SF,DEN,RB,DEN@SF,last_td,0.04863181970806971,1956,0.24515,0.03095,B,-,car_sh 24.9%; team rush 29.3; opp d_ypc 1.10; inside-10 car 1,1.0,
Kaelon Black,SF,DEN,RB,DEN@SF,2plus_td,0.0311,3115,0.24515,0.03095,B,-,car_sh 24.9%; team rush 29.3; opp d_ypc 1.10; inside-10 car 1,1.0,
Jacob Cowing,SF,DEN,WR,DEN@SF,anytime_td,0.03655,2636,0.0,0.0369,C,-,w_td 0.02; team TD 2.96,1.0,
Jacob Cowing,SF,DEN,WR,DEN@SF,first_td,0.006294888167388167,15786,0.0,0.0369,C,-,w_td 0.02; team TD 2.96,1.0,
Jacob Cowing,SF,DEN,WR,DEN@SF,last_td,0.006294888167388167,15786,0.0,0.0369,C,-,w_td 0.02; team TD 2.96,1.0,
Jacob Cowing,SF,DEN,WR,DEN@SF,2plus_td,0.00035,285614,0.0,0.0369,C,-,w_td 0.02; team TD 2.96,1.0,
Mike Evans,SF,DEN,WR,DEN@SF,anytime_td,0.29654036243822074,237,0.0,0.3443163097199341,C,Questionable (Limited),tgt_sh 17.4%; team att 31.1; opp DvP 0.95; RZ tgt 2,0.6667342299285288,
Mike Evans,SF,DEN,WR,DEN@SF,first_td,0.0598692402234412,1570,0.0,0.3443163097199341,C,Questionable (Limited),tgt_sh 17.4%; team att 31.1; opp DvP 0.95; RZ tgt 2,0.6667342299285288,
Mike Evans,SF,DEN,WR,DEN@SF,last_td,0.0598692402234412,1570,0.0,0.3443163097199341,C,Questionable (Limited),tgt_sh 17.4%; team att 31.1; opp DvP 0.95; RZ tgt 2,0.6667342299285288,
Mike Evans,SF,DEN,WR,DEN@SF,2plus_td,0.044181518646098546,2163,0.0,0.3443163097199341,C,Questionable (Limited),tgt_sh 17.4%; team att 31.1; opp DvP 0.95; RZ tgt 2,0.6667342299285288,
Luke Farrell,SF,DEN,TE,DEN@SF,anytime_td,0.04305,2223,0.0,0.04365,C,-,w_td 0.02; team TD 2.96,1.0,
Luke Farrell,SF,DEN,TE,DEN@SF,first_td,0.007496772394272392,13239,0.0,0.04365,C,-,w_td 0.02; team TD 2.96,1.0,
Luke Farrell,SF,DEN,TE,DEN@SF,last_td,0.007496772394272392,13239,0.0,0.04365,C,-,w_td 0.02; team TD 2.96,1.0,
Luke Farrell,SF,DEN,TE,DEN@SF,2plus_td,0.0006,166567,0.0,0.04365,C,-,w_td 0.02; team TD 2.96,1.0,
Jordan James,SF,DEN,RB,DEN@SF,anytime_td,0.07535,1227,0.068,0.01045,C,-,w_td 0.07; team TD 2.96,1.0,
Jordan James,SF,DEN,RB,DEN@SF,first_td,0.013950382256632256,7068,0.068,0.01045,C,-,w_td 0.07; team TD 2.96,1.0,
Jordan James,SF,DEN,RB,DEN@SF,last_td,0.013950382256632256,7068,0.068,0.01045,C,-,w_td 0.07; team TD 2.96,1.0,
Jordan James,SF,DEN,RB,DEN@SF,2plus_td,0.00305,32687,0.068,0.01045,C,-,w_td 0.07; team TD 2.96,1.0,
Kyle Juszczyk,SF,DEN,RB,DEN@SF,anytime_td,0.14195,604,0.0,0.15175,C,-,tgt_sh 4.6%; team att 31.1; opp DvP 1.02; RZ tgt 2,1.0,
Kyle Juszczyk,SF,DEN,RB,DEN@SF,first_td,0.02651747974247974,3671,0.0,0.15175,C,-,tgt_sh 4.6%; team att 31.1; opp DvP 1.02; RZ tgt 2,1.0,
Kyle Juszczyk,SF,DEN,RB,DEN@SF,last_td,0.02651747974247974,3671,0.0,0.15175,C,-,tgt_sh 4.6%; team att 31.1; opp DvP 1.02; RZ tgt 2,1.0,
Kyle Juszczyk,SF,DEN,RB,DEN@SF,2plus_td,0.0095,10426,0.0,0.15175,C,-,tgt_sh 4.6%; team att 31.1; opp DvP 1.02; RZ tgt 2,1.0,
George Kittle,SF,DEN,TE,DEN@SF,anytime_td,0.413,142,0.0,0.5192,B,-,tgt_sh 19.5%; team att 31.1; opp DvP 0.94; RZ tgt 5,1.0,
George Kittle,SF,DEN,TE,DEN@SF,first_td,0.0906152657065157,1004,0.0,0.5192,B,-,tgt_sh 19.5%; team att 31.1; opp DvP 0.94; RZ tgt 5,1.0,
George Kittle,SF,DEN,TE,DEN@SF,last_td,0.0906152657065157,1004,0.0,0.5192,B,-,tgt_sh 19.5%; team att 31.1; opp DvP 0.94; RZ tgt 5,1.0,
George Kittle,SF,DEN,TE,DEN@SF,2plus_td,0.09235,983,0.0,0.5192,B,-,tgt_sh 19.5%; team att 31.1; opp DvP 0.94; RZ tgt 5,1.0,
Christian McCaffrey,SF,DEN,RB,DEN@SF,anytime_td,0.6432859399684044,-180,0.5221169036334913,0.4486571879936809,B,no game designation yet (Full),tgt_sh 19.1%; team att 31.1; opp DvP 1.02; RZ tgt 3; car_sh 44.3%; team rush 29.3; opp d_ypc 1.10; inside-10 car 6,0.9508674235277402,
Christian McCaffrey,SF,DEN,RB,DEN@SF,first_td,0.17046196518945333,487,0.5221169036334913,0.4486571879936809,B,no game designation yet (Full),tgt_sh 19.1%; team att 31.1; opp DvP 1.02; RZ tgt 3; car_sh 44.3%; team rush 29.3; opp d_ypc 1.10; inside-10 car 6,0.9508674235277402,
Christian McCaffrey,SF,DEN,RB,DEN@SF,last_td,0.17046196518945333,487,0.5221169036334913,0.4486571879936809,B,no game designation yet (Full),tgt_sh 19.1%; team att 31.1; opp DvP 1.02; RZ tgt 3; car_sh 44.3%; team rush 29.3; opp d_ypc 1.10; inside-10 car 6,0.9508674235277402,
Christian McCaffrey,SF,DEN,RB,DEN@SF,2plus_td,0.2537651395471301,294,0.5221169036334913,0.4486571879936809,B,no game designation yet (Full),tgt_sh 19.1%; team att 31.1; opp DvP 1.02; RZ tgt 3; car_sh 44.3%; team rush 29.3; opp d_ypc 1.10; inside-10 car 6,0.9508674235277402,
Deebo Samuel Sr.,SF,DEN,WR,DEN@SF,anytime_td,0.32725,206,0.01975,0.3704,B,-,tgt_sh 15.1%; team att 31.1; opp DvP 0.95; RZ tgt 3,1.0,
Deebo Samuel Sr.,SF,DEN,WR,DEN@SF,first_td,0.06829123543123541,1364,0.01975,0.3704,B,-,tgt_sh 15.1%; team att 31.1; opp DvP 0.95; RZ tgt 3,1.0,
Deebo Samuel Sr.,SF,DEN,WR,DEN@SF,last_td,0.06829123543123541,1364,0.01975,0.3704,B,-,tgt_sh 15.1%; team att 31.1; opp DvP 0.95; RZ tgt 3,1.0,
Deebo Samuel Sr.,SF,DEN,WR,DEN@SF,2plus_td,0.05675,1662,0.01975,0.3704,B,-,tgt_sh 15.1%; team att 31.1; opp DvP 0.95; RZ tgt 3,1.0,
Jordan Watkins,SF,DEN,WR,DEN@SF,anytime_td,0.0861,1061,0.0,0.0904,C,-,tgt_sh 5.2%; team att 31.1; opp DvP 0.95; RZ tgt 0,1.0,
Jordan Watkins,SF,DEN,WR,DEN@SF,first_td,0.015545444277944279,6333,0.0,0.0904,C,-,tgt_sh 5.2%; team att 31.1; opp DvP 0.95; RZ tgt 0,1.0,
Jordan Watkins,SF,DEN,WR,DEN@SF,last_td,0.015545444277944279,6333,0.0,0.0904,C,-,tgt_sh 5.2%; team att 31.1; opp DvP 0.95; RZ tgt 0,1.0,
Jordan Watkins,SF,DEN,WR,DEN@SF,2plus_td,0.0041,24290,0.0,0.0904,C,-,tgt_sh 5.2%; team att 31.1; opp DvP 0.95; RZ tgt 0,1.0,
Jared Goff,DET,CAR,QB,DET@CAR,anytime_td,0.0633,1480,0.0649,0.0,B,-,team att 33.9; ypa 6.75; opp d_ypa 0.93; pass rate 57.0%,1.0,
Jared Goff,DET,CAR,QB,DET@CAR,first_td,0.011220577755577756,8812,0.0649,0.0,B,-,team att 33.9; ypa 6.75; opp d_ypa 0.93; pass rate 57.0%,1.0,
Jared Goff,DET,CAR,QB,DET@CAR,last_td,0.011220577755577756,8812,0.0649,0.0,B,-,team att 33.9; ypa 6.75; opp d_ypa 0.93; pass rate 57.0%,1.0,
Jared Goff,DET,CAR,QB,DET@CAR,2plus_td,0.00155,64416,0.0649,0.0,B,-,team att 33.9; ypa 6.75; opp d_ypa 0.93; pass rate 57.0%,1.0,
Jahmyr Gibbs,DET,CAR,RB,DET@CAR,anytime_td,0.76735,-330,1.0369,0.3328,B,-,tgt_sh 17.1%; team att 33.9; opp DvP 0.99; RZ tgt 5; car_sh 73.5%; team rush 27.3; opp d_ypc 1.20; inside-10 car 9,1.0,
Jahmyr Gibbs,DET,CAR,RB,DET@CAR,first_td,0.23316099664224663,329,1.0369,0.3328,B,-,tgt_sh 17.1%; team att 33.9; opp DvP 0.99; RZ tgt 5; car_sh 73.5%; team rush 27.3; opp d_ypc 1.20; inside-10 car 9,1.0,
Jahmyr Gibbs,DET,CAR,RB,DET@CAR,last_td,0.23316099664224663,329,1.0369,0.3328,B,-,tgt_sh 17.1%; team att 33.9; opp DvP 0.99; RZ tgt 5; car_sh 73.5%; team rush 27.3; opp d_ypc 1.20; inside-10 car 9,1.0,
Jahmyr Gibbs,DET,CAR,RB,DET@CAR,2plus_td,0.40705,146,1.0369,0.3328,B,-,tgt_sh 17.1%; team att 33.9; opp DvP 0.99; RZ tgt 5; car_sh 73.5%; team rush 27.3; opp d_ypc 1.20; inside-10 car 9,1.0,
Tom Kennedy,DET,CAR,WR,DET@CAR,anytime_td,0.0152,6479,0.0,0.01535,C,-,w_td 0.01; team TD 3.22,1.0,
Tom Kennedy,DET,CAR,WR,DET@CAR,first_td,0.002693874458874459,37021,0.0,0.01535,C,-,w_td 0.01; team TD 3.22,1.0,
Tom Kennedy,DET,CAR,WR,DET@CAR,last_td,0.002693874458874459,37021,0.0,0.01535,C,-,w_td 0.01; team TD 3.22,1.0,
Tom Kennedy,DET,CAR,WR,DET@CAR,2plus_td,0.00015,666567,0.0,0.01535,C,-,w_td 0.01; team TD 3.22,1.0,
Sam LaPorta,DET,CAR,TE,DET@CAR,anytime_td,0.36485,174,0.0,0.4435,B,-,tgt_sh 18.4%; team att 33.9; opp DvP 1.51; RZ tgt 5,1.0,
Sam LaPorta,DET,CAR,TE,DET@CAR,first_td,0.07508080974580975,1232,0.0,0.4435,B,-,tgt_sh 18.4%; team att 33.9; opp DvP 1.51; RZ tgt 5,1.0,
Sam LaPorta,DET,CAR,TE,DET@CAR,last_td,0.07508080974580975,1232,0.0,0.4435,B,-,tgt_sh 18.4%; team att 33.9; opp DvP 1.51; RZ tgt 5,1.0,
Sam LaPorta,DET,CAR,TE,DET@CAR,2plus_td,0.06935,1342,0.0,0.4435,B,-,tgt_sh 18.4%; team att 33.9; opp DvP 1.51; RZ tgt 5,1.0,
Jackson Meeks,DET,CAR,WR,DET@CAR,anytime_td,0.0315,3075,0.0,0.032,C,-,w_td 0.02; team TD 3.22,1.0,
Jackson Meeks,DET,CAR,WR,DET@CAR,first_td,0.005346609501609501,18603,0.0,0.032,C,-,w_td 0.02; team TD 3.22,1.0,
Jackson Meeks,DET,CAR,WR,DET@CAR,last_td,0.005346609501609501,18603,0.0,0.032,C,-,w_td 0.02; team TD 3.22,1.0,
Jackson Meeks,DET,CAR,WR,DET@CAR,2plus_td,0.0005,199900,0.0,0.032,C,-,w_td 0.02; team TD 3.22,1.0,
Jacob Saylors,DET,CAR,RB,DET@CAR,anytime_td,0.02015,4863,0.0128,0.00755,C,-,w_td 0.01; team TD 3.22,1.0,
Jacob Saylors,DET,CAR,RB,DET@CAR,first_td,0.0034587590187590187,28812,0.0128,0.00755,C,-,w_td 0.01; team TD 3.22,1.0,
Jacob Saylors,DET,CAR,RB,DET@CAR,last_td,0.0034587590187590187,28812,0.0128,0.00755,C,-,w_td 0.01; team TD 3.22,1.0,
Jacob Saylors,DET,CAR,RB,DET@CAR,2plus_td,0.0002,499900,0.0128,0.00755,C,-,w_td 0.01; team TD 3.22,1.0,
Amon-Ra St. Brown,DET,CAR,WR,DET@CAR,anytime_td,0.4668,114,0.0,0.61345,B,-,tgt_sh 29.3%; team att 33.9; opp DvP 1.09; RZ tgt 9,1.0,
Amon-Ra St. Brown,DET,CAR,WR,DET@CAR,first_td,0.1032469975857476,869,0.0,0.61345,B,-,tgt_sh 29.3%; team att 33.9; opp DvP 1.09; RZ tgt 9,1.0,
Amon-Ra St. Brown,DET,CAR,WR,DET@CAR,last_td,0.1032469975857476,869,0.0,0.61345,B,-,tgt_sh 29.3%; team att 33.9; opp DvP 1.09; RZ tgt 9,1.0,
Amon-Ra St. Brown,DET,CAR,WR,DET@CAR,2plus_td,0.1238,708,0.0,0.61345,B,-,tgt_sh 29.3%; team att 33.9; opp DvP 1.09; RZ tgt 9,1.0,
Isaac TeSlaa,DET,CAR,WR,DET@CAR,anytime_td,0.1333,650,0.0,0.1415,C,-,tgt_sh 6.6%; team att 33.9; opp DvP 1.09; RZ tgt 2,1.0,
Isaac TeSlaa,DET,CAR,WR,DET@CAR,first_td,0.02406232004107004,4056,0.0,0.1415,C,-,tgt_sh 6.6%; team att 33.9; opp DvP 1.09; RZ tgt 2,1.0,
Isaac TeSlaa,DET,CAR,WR,DET@CAR,last_td,0.02406232004107004,4056,0.0,0.1415,C,-,tgt_sh 6.6%; team att 33.9; opp DvP 1.09; RZ tgt 2,1.0,
Isaac TeSlaa,DET,CAR,WR,DET@CAR,2plus_td,0.00785,12639,0.0,0.1415,C,-,tgt_sh 6.6%; team att 33.9; opp DvP 1.09; RZ tgt 2,1.0,
Sione Vaki,DET,CAR,RB,DET@CAR,anytime_td,0.1817,450,0.1586,0.03945,C,-,car_sh 15.1%; team rush 27.3; opp d_ypc 1.20; inside-10 car 0,1.0,
Sione Vaki,DET,CAR,RB,DET@CAR,first_td,0.033713206793206794,2866,0.1586,0.03945,C,-,car_sh 15.1%; team rush 27.3; opp d_ypc 1.20; inside-10 car 0,1.0,
Sione Vaki,DET,CAR,RB,DET@CAR,last_td,0.033713206793206794,2866,0.1586,0.03945,C,-,car_sh 15.1%; team rush 27.3; opp d_ypc 1.20; inside-10 car 0,1.0,
Sione Vaki,DET,CAR,RB,DET@CAR,2plus_td,0.0156,6310,0.1586,0.03945,C,-,car_sh 15.1%; team rush 27.3; opp d_ypc 1.20; inside-10 car 0,1.0,
Jameson Williams,DET,CAR,WR,DET@CAR,anytime_td,0.2107,375,0.0,0.2351,C,-,tgt_sh 15.9%; team att 33.9; opp DvP 1.09; RZ tgt 1,1.0,
Jameson Williams,DET,CAR,WR,DET@CAR,first_td,0.039921364607614605,2405,0.0,0.2351,C,-,tgt_sh 15.9%; team att 33.9; opp DvP 1.09; RZ tgt 1,1.0,
Jameson Williams,DET,CAR,WR,DET@CAR,last_td,0.039921364607614605,2405,0.0,0.2351,C,-,tgt_sh 15.9%; team att 33.9; opp DvP 1.09; RZ tgt 1,1.0,
Jameson Williams,DET,CAR,WR,DET@CAR,2plus_td,0.02285,4276,0.0,0.2351,C,-,tgt_sh 15.9%; team att 33.9; opp DvP 1.09; RZ tgt 1,1.0,
Brock Wright,DET,CAR,TE,DET@CAR,anytime_td,0.06635,1407,0.0,0.0685,C,-,tgt_sh 4.6%; team att 33.9; opp DvP 1.51; RZ tgt 0,1.0,
Brock Wright,DET,CAR,TE,DET@CAR,first_td,0.011380253496503494,8687,0.0,0.0685,C,-,tgt_sh 4.6%; team att 33.9; opp DvP 1.51; RZ tgt 0,1.0,
Brock Wright,DET,CAR,TE,DET@CAR,last_td,0.011380253496503494,8687,0.0,0.0685,C,-,tgt_sh 4.6%; team att 33.9; opp DvP 1.51; RZ tgt 0,1.0,
Brock Wright,DET,CAR,TE,DET@CAR,2plus_td,0.0021,47519,0.0,0.0685,C,-,tgt_sh 4.6%; team att 33.9; opp DvP 1.51; RZ tgt 0,1.0,
Bryce Young,CAR,DET,QB,DET@CAR,anytime_td,0.08278722097071473,1108,0.08667827155437231,0.0,B,no game designation yet (Full),team att 38.1; ypa 7.75; opp d_ypa 1.06; pass rate 63.7%,0.98,
Bryce Young,CAR,DET,QB,DET@CAR,first_td,0.01499553945156034,6569,0.08667827155437231,0.0,B,no game designation yet (Full),team att 38.1; ypa 7.75; opp d_ypa 1.06; pass rate 63.7%,0.98,
Bryce Young,CAR,DET,QB,DET@CAR,last_td,0.01499553945156034,6569,0.08667827155437231,0.0,B,no game designation yet (Full),team att 38.1; ypa 7.75; opp d_ypa 1.06; pass rate 63.7%,0.98,
Bryce Young,CAR,DET,QB,DET@CAR,2plus_td,0.0036862584476756092,27028,0.08667827155437231,0.0,B,no game designation yet (Full),team att 38.1; ypa 7.75; opp d_ypa 1.06; pass rate 63.7%,0.98,
Jalen Coker,CAR,DET,WR,DET@CAR,anytime_td,0.3119622952046084,221,0.0,0.36343233335827035,B,Questionable (Limited),tgt_sh 15.6%; team att 38.1; opp DvP 0.90; RZ tgt 5,0.6667342299285288,
Jalen Coker,CAR,DET,WR,DET@CAR,first_td,0.06068996089569142,1548,0.0,0.36343233335827035,B,Questionable (Limited),tgt_sh 15.6%; team att 38.1; opp DvP 0.90; RZ tgt 5,0.6667342299285288,
Jalen Coker,CAR,DET,WR,DET@CAR,last_td,0.06068996089569142,1548,0.0,0.36343233335827035,B,Questionable (Limited),tgt_sh 15.6%; team att 38.1; opp DvP 0.90; RZ tgt 5,0.6667342299285288,
Jalen Coker,CAR,DET,WR,DET@CAR,2plus_td,0.04720580534151268,2018,0.0,0.36343233335827035,B,Questionable (Limited),tgt_sh 15.6%; team att 38.1; opp DvP 0.90; RZ tgt 5,0.6667342299285288,
AJ Dillon,CAR,DET,RB,DET@CAR,anytime_td,0.12105,726,0.11245,0.016,C,-,car_sh 13.1%; team rush 23.5; opp d_ypc 1.02; inside-10 car 0,1.0,
AJ Dillon,CAR,DET,RB,DET@CAR,first_td,0.02174208014208014,4499,0.11245,0.016,C,-,car_sh 13.1%; team rush 23.5; opp d_ypc 1.02; inside-10 car 0,1.0,
AJ Dillon,CAR,DET,RB,DET@CAR,last_td,0.02174208014208014,4499,0.11245,0.016,C,-,car_sh 13.1%; team rush 23.5; opp d_ypc 1.02; inside-10 car 0,1.0,
AJ Dillon,CAR,DET,RB,DET@CAR,2plus_td,0.00715,13886,0.11245,0.016,C,-,car_sh 13.1%; team rush 23.5; opp d_ypc 1.02; inside-10 car 0,1.0,
Mitchell Evans,CAR,DET,TE,DET@CAR,anytime_td,0.12345,710,0.0,0.1311,C,-,tgt_sh 4.1%; team att 38.1; opp DvP 1.00; RZ tgt 2,1.0,
Mitchell Evans,CAR,DET,TE,DET@CAR,first_td,0.021805373237873238,4486,0.0,0.1311,C,-,tgt_sh 4.1%; team att 38.1; opp DvP 1.00; RZ tgt 2,1.0,
Mitchell Evans,CAR,DET,TE,DET@CAR,last_td,0.021805373237873238,4486,0.0,0.1311,C,-,tgt_sh 4.1%; team att 38.1; opp DvP 1.00; RZ tgt 2,1.0,
Mitchell Evans,CAR,DET,TE,DET@CAR,2plus_td,0.00735,13505,0.0,0.1311,C,-,tgt_sh 4.1%; team att 38.1; opp DvP 1.00; RZ tgt 2,1.0,
Jimmy Horn Jr.,CAR,DET,WR,DET@CAR,anytime_td,0.0476,2001,0.0,0.0487,C,-,tgt_sh 3.3%; team att 38.1; opp DvP 0.90; RZ tgt 0,1.0,
Jimmy Horn Jr.,CAR,DET,WR,DET@CAR,first_td,0.008026165223665224,12359,0.0,0.0487,C,-,tgt_sh 3.3%; team att 38.1; opp DvP 0.90; RZ tgt 0,1.0,
Jimmy Horn Jr.,CAR,DET,WR,DET@CAR,last_td,0.008026165223665224,12359,0.0,0.0487,C,-,tgt_sh 3.3%; team att 38.1; opp DvP 0.90; RZ tgt 0,1.0,
Jimmy Horn Jr.,CAR,DET,WR,DET@CAR,2plus_td,0.00105,95138,0.0,0.0487,C,-,tgt_sh 3.3%; team att 38.1; opp DvP 0.90; RZ tgt 0,1.0,
Chuba Hubbard,CAR,DET,RB,DET@CAR,anytime_td,0.49952775737223215,100,0.481215237695456,0.1914156784552419,B,no game designation yet (Full),tgt_sh 6.9%; team att 38.1; opp DvP 1.18; RZ tgt 2; car_sh 48.0%; team rush 23.5; opp d_ypc 1.02; inside-10 car 5,0.9508674235277402,
Chuba Hubbard,CAR,DET,RB,DET@CAR,first_td,0.1129410392082236,785,0.481215237695456,0.1914156784552419,B,no game designation yet (Full),tgt_sh 6.9%; team att 38.1; opp DvP 1.18; RZ tgt 2; car_sh 48.0%; team rush 23.5; opp d_ypc 1.02; inside-10 car 5,0.9508674235277402,
Chuba Hubbard,CAR,DET,RB,DET@CAR,last_td,0.1129410392082236,785,0.481215237695456,0.1914156784552419,B,no game designation yet (Full),tgt_sh 6.9%; team att 38.1; opp DvP 1.18; RZ tgt 2; car_sh 48.0%; team rush 23.5; opp d_ypc 1.02; inside-10 car 5,0.9508674235277402,
Chuba Hubbard,CAR,DET,RB,DET@CAR,2plus_td,0.1435092874383461,597,0.481215237695456,0.1914156784552419,B,no game designation yet (Full),tgt_sh 6.9%; team att 38.1; opp DvP 1.18; RZ tgt 2; car_sh 48.0%; team rush 23.5; opp d_ypc 1.02; inside-10 car 5,0.9508674235277402,
Tetairoa McMillan,CAR,DET,WR,DET@CAR,anytime_td,0.38205,162,0.0,0.47165,B,-,tgt_sh 20.8%; team att 38.1; opp DvP 0.90; RZ tgt 5,1.0,
Tetairoa McMillan,CAR,DET,WR,DET@CAR,first_td,0.07817821331446333,1179,0.0,0.47165,B,-,tgt_sh 20.8%; team att 38.1; opp DvP 0.90; RZ tgt 5,1.0,
Tetairoa McMillan,CAR,DET,WR,DET@CAR,last_td,0.07817821331446333,1179,0.0,0.47165,B,-,tgt_sh 20.8%; team att 38.1; opp DvP 0.90; RZ tgt 5,1.0,
Tetairoa McMillan,CAR,DET,WR,DET@CAR,2plus_td,0.07915,1163,0.0,0.47165,B,-,tgt_sh 20.8%; team att 38.1; opp DvP 0.90; RZ tgt 5,1.0,
John Metchie III,CAR,DET,WR,DET@CAR,anytime_td,0.11335,782,0.0,0.11955,C,-,tgt_sh 6.0%; team att 38.1; opp DvP 0.90; RZ tgt 1,1.0,
John Metchie III,CAR,DET,WR,DET@CAR,first_td,0.019848152264402265,4938,0.0,0.11955,C,-,tgt_sh 6.0%; team att 38.1; opp DvP 0.90; RZ tgt 1,1.0,
John Metchie III,CAR,DET,WR,DET@CAR,last_td,0.019848152264402265,4938,0.0,0.11955,C,-,tgt_sh 6.0%; team att 38.1; opp DvP 0.90; RZ tgt 1,1.0,
John Metchie III,CAR,DET,WR,DET@CAR,2plus_td,0.0061,16293,0.0,0.11955,C,-,tgt_sh 6.0%; team att 38.1; opp DvP 0.90; RZ tgt 1,1.0,
David Moore,CAR,DET,WR,DET@CAR,anytime_td,0.0391,2458,0.0,0.03995,C,-,w_td 0.02; team TD 2.47,1.0,
David Moore,CAR,DET,WR,DET@CAR,first_td,0.0066229376179376175,14999,0.0,0.03995,C,-,w_td 0.02; team TD 2.47,1.0,
David Moore,CAR,DET,WR,DET@CAR,last_td,0.0066229376179376175,14999,0.0,0.03995,C,-,w_td 0.02; team TD 2.47,1.0,
David Moore,CAR,DET,WR,DET@CAR,2plus_td,0.00085,117547,0.0,0.03995,C,-,w_td 0.02; team TD 2.47,1.0,
Brycen Tremayne,CAR,DET,WR,DET@CAR,anytime_td,0.04815,1977,0.0,0.04895,C,-,tgt_sh 3.2%; team att 38.1; opp DvP 0.90; RZ tgt 0,1.0,
Brycen Tremayne,CAR,DET,WR,DET@CAR,first_td,0.007924613303363304,12519,0.0,0.04895,C,-,tgt_sh 3.2%; team att 38.1; opp DvP 0.90; RZ tgt 0,1.0,
Brycen Tremayne,CAR,DET,WR,DET@CAR,last_td,0.007924613303363304,12519,0.0,0.04895,C,-,tgt_sh 3.2%; team att 38.1; opp DvP 0.90; RZ tgt 0,1.0,
Brycen Tremayne,CAR,DET,WR,DET@CAR,2plus_td,0.0008,124900,0.0,0.04895,C,-,tgt_sh 3.2%; team att 38.1; opp DvP 0.90; RZ tgt 0,1.0,
Tommy Tremble,CAR,DET,TE,DET@CAR,anytime_td,0.1718,482,0.0,0.188,C,-,tgt_sh 9.8%; team att 38.1; opp DvP 1.00; RZ tgt 1,1.0,
Tommy Tremble,CAR,DET,TE,DET@CAR,first_td,0.0314212894050394,3083,0.0,0.188,C,-,tgt_sh 9.8%; team att 38.1; opp DvP 1.00; RZ tgt 1,1.0,
Tommy Tremble,CAR,DET,TE,DET@CAR,last_td,0.0314212894050394,3083,0.0,0.188,C,-,tgt_sh 9.8%; team att 38.1; opp DvP 1.00; RZ tgt 1,1.0,
Tommy Tremble,CAR,DET,TE,DET@CAR,2plus_td,0.0153,6436,0.0,0.188,C,-,tgt_sh 9.8%; team att 38.1; opp DvP 1.00; RZ tgt 1,1.0,
Darren Waller,CAR,DET,TE,DET@CAR,anytime_td,0.24698191786599188,305,0.0,0.2790869313089778,C,no game designation yet (Full),tgt_sh 13.3%; team att 38.1; opp DvP 1.00; RZ tgt 2,0.9479829842591244,
Darren Waller,CAR,DET,TE,DET@CAR,first_td,0.04647281347819067,2052,0.0,0.2790869313089778,C,no game designation yet (Full),tgt_sh 13.3%; team att 38.1; opp DvP 1.00; RZ tgt 2,0.9479829842591244,
Darren Waller,CAR,DET,TE,DET@CAR,last_td,0.04647281347819067,2052,0.0,0.2790869313089778,C,no game designation yet (Full),tgt_sh 13.3%; team att 38.1; opp DvP 1.00; RZ tgt 2,0.9479829842591244,
Darren Waller,CAR,DET,TE,DET@CAR,2plus_td,0.0289946755232221,3349,0.0,0.2790869313089778,C,no game designation yet (Full),tgt_sh 13.3%; team att 38.1; opp DvP 1.00; RZ tgt 2,0.9479829842591244,
Michael Penix Jr.,ATL,NO,QB,ATL@NO,anytime_td,0.04815,1977,0.04895,0.0,C,-,team att 28.5; ypa 6.85; opp d_ypa 0.97; pass rate 49.2%,1.0,
Michael Penix Jr.,ATL,NO,QB,ATL@NO,first_td,0.008986123737373737,11028,0.04895,0.0,C,-,team att 28.5; ypa 6.85; opp d_ypa 0.97; pass rate 49.2%,1.0,
Michael Penix Jr.,ATL,NO,QB,ATL@NO,last_td,0.008986123737373737,11028,0.04895,0.0,C,-,team att 28.5; ypa 6.85; opp d_ypa 0.97; pass rate 49.2%,1.0,
Michael Penix Jr.,ATL,NO,QB,ATL@NO,2plus_td,0.00075,133233,0.04895,0.0,C,-,team att 28.5; ypa 6.85; opp d_ypa 0.97; pass rate 49.2%,1.0,
Chris Blair,ATL,NO,WR,ATL@NO,anytime_td,0.0416,2304,0.0,0.0424,C,-,w_td 0.03; team TD 2.44,1.0,
Chris Blair,ATL,NO,WR,ATL@NO,first_td,0.007918130064380066,12529,0.0,0.0424,C,-,w_td 0.03; team TD 2.44,1.0,
Chris Blair,ATL,NO,WR,ATL@NO,last_td,0.007918130064380066,12529,0.0,0.0424,C,-,w_td 0.03; team TD 2.44,1.0,
Chris Blair,ATL,NO,WR,ATL@NO,2plus_td,0.0008,124900,0.0,0.0424,C,-,w_td 0.03; team TD 2.44,1.0,
Zachariah Branch,ATL,NO,WR,ATL@NO,anytime_td,0.0553,1708,0.0,0.0565,C,-,w_td 0.04; team TD 2.44,1.0,
Zachariah Branch,ATL,NO,WR,ATL@NO,first_td,0.010370067293817294,9543,0.0,0.0565,C,-,w_td 0.04; team TD 2.44,1.0,
Zachariah Branch,ATL,NO,WR,ATL@NO,last_td,0.010370067293817294,9543,0.0,0.0565,C,-,w_td 0.04; team TD 2.44,1.0,
Zachariah Branch,ATL,NO,WR,ATL@NO,2plus_td,0.0012,83233,0.0,0.0565,C,-,w_td 0.04; team TD 2.44,1.0,
Jahan Dotson,ATL,NO,WR,ATL@NO,anytime_td,0.15075,563,0.0,0.1605,C,-,tgt_sh 11.5%; team att 28.5; opp DvP 1.08; RZ tgt 0,1.0,
Jahan Dotson,ATL,NO,WR,ATL@NO,first_td,0.029554696275946275,3284,0.0,0.1605,C,-,tgt_sh 11.5%; team att 28.5; opp DvP 1.08; RZ tgt 0,1.0,
Jahan Dotson,ATL,NO,WR,ATL@NO,last_td,0.029554696275946275,3284,0.0,0.1605,C,-,tgt_sh 11.5%; team att 28.5; opp DvP 1.08; RZ tgt 0,1.0,
Jahan Dotson,ATL,NO,WR,ATL@NO,2plus_td,0.00955,10371,0.0,0.1605,C,-,tgt_sh 11.5%; team att 28.5; opp DvP 1.08; RZ tgt 0,1.0,
Austin Hooper,ATL,NO,TE,ATL@NO,anytime_td,0.1416,606,0.0,0.1499,C,-,tgt_sh 5.9%; team att 28.5; opp DvP 1.08; RZ tgt 1,1.0,
Austin Hooper,ATL,NO,TE,ATL@NO,first_td,0.027716877705627706,3508,0.0,0.1499,C,-,tgt_sh 5.9%; team att 28.5; opp DvP 1.08; RZ tgt 1,1.0,
Austin Hooper,ATL,NO,TE,ATL@NO,last_td,0.027716877705627706,3508,0.0,0.1499,C,-,tgt_sh 5.9%; team att 28.5; opp DvP 1.08; RZ tgt 1,1.0,
Austin Hooper,ATL,NO,TE,ATL@NO,2plus_td,0.00795,12479,0.0,0.1499,C,-,tgt_sh 5.9%; team att 28.5; opp DvP 1.08; RZ tgt 1,1.0,
Drake London,ATL,NO,WR,ATL@NO,anytime_td,0.31945,213,0.01045,0.36795,B,-,tgt_sh 26.1%; team att 28.5; opp DvP 1.08; RZ tgt 0,1.0,
Drake London,ATL,NO,WR,ATL@NO,first_td,0.06967138902763902,1335,0.01045,0.36795,B,-,tgt_sh 26.1%; team att 28.5; opp DvP 1.08; RZ tgt 0,1.0,
Drake London,ATL,NO,WR,ATL@NO,last_td,0.06967138902763902,1335,0.01045,0.36795,B,-,tgt_sh 26.1%; team att 28.5; opp DvP 1.08; RZ tgt 0,1.0,
Drake London,ATL,NO,WR,ATL@NO,2plus_td,0.05345,1771,0.01045,0.36795,B,-,tgt_sh 26.1%; team att 28.5; opp DvP 1.08; RZ tgt 0,1.0,
Kyle Pitts,ATL,NO,TE,ATL@NO,anytime_td,0.18855,430,0.0,0.2071,C,-,tgt_sh 14.6%; team att 28.5; opp DvP 1.08; RZ tgt 0,1.0,
Kyle Pitts,ATL,NO,TE,ATL@NO,first_td,0.03817379828504828,2520,0.0,0.2071,C,-,tgt_sh 14.6%; team att 28.5; opp DvP 1.08; RZ tgt 0,1.0,
Kyle Pitts,ATL,NO,TE,ATL@NO,last_td,0.03817379828504828,2520,0.0,0.2071,C,-,tgt_sh 14.6%; team att 28.5; opp DvP 1.08; RZ tgt 0,1.0,
Kyle Pitts,ATL,NO,TE,ATL@NO,2plus_td,0.0175,5614,0.0,0.2071,C,-,tgt_sh 14.6%; team att 28.5; opp DvP 1.08; RZ tgt 0,1.0,
Bijan Robinson,ATL,NO,RB,ATL@NO,anytime_td,0.60265,-152,0.61405,0.25325,B,-,tgt_sh 20.3%; team att 28.5; opp DvP 0.86; RZ tgt 0; car_sh 53.1%; team rush 31.7; opp d_ypc 1.06; inside-10 car 7,1.0,
Bijan Robinson,ATL,NO,RB,ATL@NO,first_td,0.16081558816183816,522,0.61405,0.25325,B,-,tgt_sh 20.3%; team att 28.5; opp DvP 0.86; RZ tgt 0; car_sh 53.1%; team rush 31.7; opp d_ypc 1.06; inside-10 car 7,1.0,
Bijan Robinson,ATL,NO,RB,ATL@NO,last_td,0.16081558816183816,522,0.61405,0.25325,B,-,tgt_sh 20.3%; team att 28.5; opp DvP 0.86; RZ tgt 0; car_sh 53.1%; team rush 31.7; opp d_ypc 1.06; inside-10 car 7,1.0,
Bijan Robinson,ATL,NO,RB,ATL@NO,2plus_td,0.2121,371,0.61405,0.25325,B,-,tgt_sh 20.3%; team att 28.5; opp DvP 0.86; RZ tgt 0; car_sh 53.1%; team rush 31.7; opp d_ypc 1.06; inside-10 car 7,1.0,
Brian Robinson,ATL,NO,RB,ATL@NO,anytime_td,0.2191,356,0.22125,0.02485,B,-,car_sh 23.4%; team rush 31.7; opp d_ypc 1.06; inside-10 car 1,1.0,
Brian Robinson,ATL,NO,RB,ATL@NO,first_td,0.045469609557109554,2099,0.22125,0.02485,B,-,car_sh 23.4%; team rush 31.7; opp d_ypc 1.06; inside-10 car 1,1.0,
Brian Robinson,ATL,NO,RB,ATL@NO,last_td,0.045469609557109554,2099,0.22125,0.02485,B,-,car_sh 23.4%; team rush 31.7; opp d_ypc 1.06; inside-10 car 1,1.0,
Brian Robinson,ATL,NO,RB,ATL@NO,2plus_td,0.0251,3884,0.22125,0.02485,B,-,car_sh 23.4%; team rush 31.7; opp d_ypc 1.06; inside-10 car 1,1.0,
Charlie Woerner,ATL,NO,TE,ATL@NO,anytime_td,0.0201,4875,0.0,0.02025,C,-,w_td 0.02; team TD 2.44,1.0,
Charlie Woerner,ATL,NO,TE,ATL@NO,first_td,0.0036595057720057726,27226,0.0,0.02025,C,-,w_td 0.02; team TD 2.44,1.0,
Charlie Woerner,ATL,NO,TE,ATL@NO,last_td,0.0036595057720057726,27226,0.0,0.02025,C,-,w_td 0.02; team TD 2.44,1.0,
Charlie Woerner,ATL,NO,TE,ATL@NO,2plus_td,0.00015,666567,0.0,0.02025,C,-,w_td 0.02; team TD 2.44,1.0,
Olamide Zaccheaus,ATL,NO,WR,ATL@NO,anytime_td,0.12295,713,0.0,0.12995,C,-,tgt_sh 9.4%; team att 28.5; opp DvP 1.08; RZ tgt 0,1.0,
Olamide Zaccheaus,ATL,NO,WR,ATL@NO,first_td,0.023985251831501832,4069,0.0,0.12995,C,-,tgt_sh 9.4%; team att 28.5; opp DvP 1.08; RZ tgt 0,1.0,
Olamide Zaccheaus,ATL,NO,WR,ATL@NO,last_td,0.023985251831501832,4069,0.0,0.12995,C,-,tgt_sh 9.4%; team att 28.5; opp DvP 1.08; RZ tgt 0,1.0,
Olamide Zaccheaus,ATL,NO,WR,ATL@NO,2plus_td,0.00665,14938,0.0,0.12995,C,-,tgt_sh 9.4%; team att 28.5; opp DvP 1.08; RZ tgt 0,1.0,
Tyler Shough,NO,ATL,QB,ATL@NO,anytime_td,0.1371,629,0.14845,0.0,B,-,team att 37.4; ypa 6.65; opp d_ypa 0.94; pass rate 61.5%,1.0,
Tyler Shough,NO,ATL,QB,ATL@NO,first_td,0.027528822566322567,3533,0.14845,0.0,B,-,team att 37.4; ypa 6.65; opp d_ypa 0.94; pass rate 61.5%,1.0,
Tyler Shough,NO,ATL,QB,ATL@NO,last_td,0.027528822566322567,3533,0.14845,0.0,B,-,team att 37.4; ypa 6.65; opp d_ypa 0.94; pass rate 61.5%,1.0,
Tyler Shough,NO,ATL,QB,ATL@NO,2plus_td,0.0107,9246,0.14845,0.0,B,-,team att 37.4; ypa 6.65; opp d_ypa 0.94; pass rate 61.5%,1.0,
Kevin Austin Jr.,NO,ATL,WR,ATL@NO,anytime_td,0.072,1289,0.0,0.0743,C,-,tgt_sh 4.4%; team att 37.4; opp DvP 0.96; RZ tgt 0,1.0,
Kevin Austin Jr.,NO,ATL,WR,ATL@NO,first_td,0.013763612914862916,7166,0.0,0.0743,C,-,tgt_sh 4.4%; team att 37.4; opp DvP 0.96; RZ tgt 0,1.0,
Kevin Austin Jr.,NO,ATL,WR,ATL@NO,last_td,0.013763612914862916,7166,0.0,0.0743,C,-,tgt_sh 4.4%; team att 37.4; opp DvP 0.96; RZ tgt 0,1.0,
Kevin Austin Jr.,NO,ATL,WR,ATL@NO,2plus_td,0.0023,43378,0.0,0.0743,C,-,tgt_sh 4.4%; team att 37.4; opp DvP 0.96; RZ tgt 0,1.0,
Barion Brown,NO,ATL,WR,ATL@NO,anytime_td,0.02236911686938128,4370,0.00814383923849815,0.014331041776837652,C,no game designation yet (Full),w_td 0.01; team TD 2.73,0.9479829842591244,
Barion Brown,NO,ATL,WR,ATL@NO,first_td,0.004190581878313238,23763,0.00814383923849815,0.014331041776837652,C,no game designation yet (Full),w_td 0.01; team TD 2.73,0.9479829842591244,
Barion Brown,NO,ATL,WR,ATL@NO,last_td,0.004190581878313238,23763,0.00814383923849815,0.014331041776837652,C,no game designation yet (Full),w_td 0.01; team TD 2.73,0.9479829842591244,
Barion Brown,NO,ATL,WR,ATL@NO,2plus_td,0.00010576414595452142,945400,0.00814383923849815,0.014331041776837652,C,no game designation yet (Full),w_td 0.01; team TD 2.73,0.9479829842591244,
Oscar Delp,NO,ATL,TE,ATL@NO,anytime_td,0.0321,3015,0.0,0.0328,C,-,w_td 0.02; team TD 2.73,1.0,
Oscar Delp,NO,ATL,TE,ATL@NO,first_td,0.006048446969696969,16433,0.0,0.0328,C,-,w_td 0.02; team TD 2.73,1.0,
Oscar Delp,NO,ATL,TE,ATL@NO,last_td,0.006048446969696969,16433,0.0,0.0328,C,-,w_td 0.02; team TD 2.73,1.0,
Oscar Delp,NO,ATL,TE,ATL@NO,2plus_td,0.0007,142757,0.0,0.0328,C,-,w_td 0.02; team TD 2.73,1.0,
CJ Donaldson,NO,ATL,RB,ATL@NO,anytime_td,0.0781,1180,0.05945,0.0219,C,-,w_td 0.07; team TD 2.73,1.0,
CJ Donaldson,NO,ATL,RB,ATL@NO,first_td,0.014888327922077923,6617,0.05945,0.0219,C,-,w_td 0.07; team TD 2.73,1.0,
CJ Donaldson,NO,ATL,RB,ATL@NO,last_td,0.014888327922077923,6617,0.05945,0.0219,C,-,w_td 0.07; team TD 2.73,1.0,
CJ Donaldson,NO,ATL,RB,ATL@NO,2plus_td,0.0032,31150,0.05945,0.0219,C,-,w_td 0.07; team TD 2.73,1.0,
Noah Fant,NO,ATL,TE,ATL@NO,anytime_td,0.20885839982104243,379,0.0,0.2313026619938856,C,Questionable (Limited),tgt_sh 7.1%; team att 37.4; opp DvP 1.19; RZ tgt 3,0.6667342299285288,
Noah Fant,NO,ATL,TE,ATL@NO,first_td,0.04227657527933421,2265,0.0,0.2313026619938856,C,Questionable (Limited),tgt_sh 7.1%; team att 37.4; opp DvP 1.19; RZ tgt 3,0.6667342299285288,
Noah Fant,NO,ATL,TE,ATL@NO,last_td,0.04227657527933421,2265,0.0,0.2313026619938856,C,Questionable (Limited),tgt_sh 7.1%; team att 37.4; opp DvP 1.19; RZ tgt 3,0.6667342299285288,
Noah Fant,NO,ATL,TE,ATL@NO,2plus_td,0.021027514726716875,4656,0.0,0.2313026619938856,C,Questionable (Limited),tgt_sh 7.1%; team att 37.4; opp DvP 1.19; RZ tgt 3,0.6667342299285288,
Juwan Johnson,NO,ATL,TE,ATL@NO,anytime_td,0.42265,137,0.0,0.53985,B,-,tgt_sh 17.0%; team att 37.4; opp DvP 1.19; RZ tgt 6,1.0,
Juwan Johnson,NO,ATL,TE,ATL@NO,first_td,0.09955024628149627,905,0.0,0.53985,B,-,tgt_sh 17.0%; team att 37.4; opp DvP 1.19; RZ tgt 6,1.0,
Juwan Johnson,NO,ATL,TE,ATL@NO,last_td,0.09955024628149627,905,0.0,0.53985,B,-,tgt_sh 17.0%; team att 37.4; opp DvP 1.19; RZ tgt 6,1.0,
Juwan Johnson,NO,ATL,TE,ATL@NO,2plus_td,0.1003,897,0.0,0.53985,B,-,tgt_sh 17.0%; team att 37.4; opp DvP 1.19; RZ tgt 6,1.0,
Alvin Kamara,NO,ATL,RB,ATL@NO,anytime_td,0.3559,181,0.21215,0.21375,B,-,tgt_sh 10.3%; team att 37.4; opp DvP 1.11; RZ tgt 1; car_sh 26.3%; team rush 24.8; opp d_ypc 0.87; inside-10 car 0,1.0,
Alvin Kamara,NO,ATL,RB,ATL@NO,first_td,0.08002892773892775,1150,0.21215,0.21375,B,-,tgt_sh 10.3%; team att 37.4; opp DvP 1.11; RZ tgt 1; car_sh 26.3%; team rush 24.8; opp d_ypc 0.87; inside-10 car 0,1.0,
Alvin Kamara,NO,ATL,RB,ATL@NO,last_td,0.08002892773892775,1150,0.21215,0.21375,B,-,tgt_sh 10.3%; team att 37.4; opp DvP 1.11; RZ tgt 1; car_sh 26.3%; team rush 24.8; opp d_ypc 0.87; inside-10 car 0,1.0,
Alvin Kamara,NO,ATL,RB,ATL@NO,2plus_td,0.0638,1467,0.21215,0.21375,B,-,tgt_sh 10.3%; team att 37.4; opp DvP 1.11; RZ tgt 1; car_sh 26.3%; team rush 24.8; opp d_ypc 0.87; inside-10 car 0,1.0,
Bryce Lance,NO,ATL,WR,ATL@NO,anytime_td,0.07085,1311,0.0,0.0738,C,-,tgt_sh 4.5%; team att 37.4; opp DvP 0.96; RZ tgt 0,1.0,
Bryce Lance,NO,ATL,WR,ATL@NO,first_td,0.014211326312576312,6937,0.0,0.0738,C,-,tgt_sh 4.5%; team att 37.4; opp DvP 0.96; RZ tgt 0,1.0,
Bryce Lance,NO,ATL,WR,ATL@NO,last_td,0.014211326312576312,6937,0.0,0.0738,C,-,tgt_sh 4.5%; team att 37.4; opp DvP 0.96; RZ tgt 0,1.0,
Bryce Lance,NO,ATL,WR,ATL@NO,2plus_td,0.00275,36264,0.0,0.0738,C,-,tgt_sh 4.5%; team att 37.4; opp DvP 0.96; RZ tgt 0,1.0,
Kendre Miller,NO,ATL,RB,ATL@NO,anytime_td,0.21975,355,0.19955,0.0454,C,-,tgt_sh 2.6%; team att 37.4; opp DvP 1.11; RZ tgt 0; car_sh 17.3%; team rush 24.8; opp d_ypc 0.87; inside-10 car 2,1.0,
Kendre Miller,NO,ATL,RB,ATL@NO,first_td,0.04555018981018981,2095,0.19955,0.0454,C,-,tgt_sh 2.6%; team att 37.4; opp DvP 1.11; RZ tgt 0; car_sh 17.3%; team rush 24.8; opp d_ypc 0.87; inside-10 car 2,1.0,
Kendre Miller,NO,ATL,RB,ATL@NO,last_td,0.04555018981018981,2095,0.19955,0.0454,C,-,tgt_sh 2.6%; team att 37.4; opp DvP 1.11; RZ tgt 0; car_sh 17.3%; team rush 24.8; opp d_ypc 0.87; inside-10 car 2,1.0,
Kendre Miller,NO,ATL,RB,ATL@NO,2plus_td,0.02325,4201,0.19955,0.0454,C,-,tgt_sh 2.6%; team att 37.4; opp DvP 1.11; RZ tgt 0; car_sh 17.3%; team rush 24.8; opp d_ypc 0.87; inside-10 car 2,1.0,
Chris Olave,NO,ATL,WR,ATL@NO,anytime_td,0.44595,124,0.0,0.57965,B,-,tgt_sh 26.6%; team att 37.4; opp DvP 0.96; RZ tgt 4,1.0,
Chris Olave,NO,ATL,WR,ATL@NO,first_td,0.10727758130758129,832,0.0,0.57965,B,-,tgt_sh 26.6%; team att 37.4; opp DvP 0.96; RZ tgt 4,1.0,
Chris Olave,NO,ATL,WR,ATL@NO,last_td,0.10727758130758129,832,0.0,0.57965,B,-,tgt_sh 26.6%; team att 37.4; opp DvP 0.96; RZ tgt 4,1.0,
Chris Olave,NO,ATL,WR,ATL@NO,2plus_td,0.11315,784,0.0,0.57965,B,-,tgt_sh 26.6%; team att 37.4; opp DvP 0.96; RZ tgt 4,1.0,
Devaughn Vele,NO,ATL,WR,ATL@NO,anytime_td,0.27525,263,0.0,0.31605,B,-,tgt_sh 13.0%; team att 37.4; opp DvP 0.96; RZ tgt 3,1.0,
Devaughn Vele,NO,ATL,WR,ATL@NO,first_td,0.058429860278610274,1611,0.0,0.31605,B,-,tgt_sh 13.0%; team att 37.4; opp DvP 0.96; RZ tgt 3,1.0,
Devaughn Vele,NO,ATL,WR,ATL@NO,last_td,0.058429860278610274,1611,0.0,0.31605,B,-,tgt_sh 13.0%; team att 37.4; opp DvP 0.96; RZ tgt 3,1.0,
Devaughn Vele,NO,ATL,WR,ATL@NO,2plus_td,0.0373,2581,0.0,0.31605,B,-,tgt_sh 13.0%; team att 37.4; opp DvP 0.96; RZ tgt 3,1.0,
