player,pos,team,opp,game,played,p_active,status,proxy,pass_cmp_mean,pass_cmp_p25,pass_cmp_p75,pass_cmp_conf,pass_yds_mean,pass_yds_p25,pass_yds_p75,pass_yds_conf,pass_td_mean,pass_td_p25,pass_td_p75,pass_td_conf,rush_td_mean,any_td_pct,exp_td,td_conf,rush_yds_mean,rush_yds_p25,rush_yds_p75,rush_yds_conf,rec_yds_mean,rec_yds_p25,rec_yds_p75,rec_yds_conf,rec_mean,rec_p25,rec_p75,rec_conf,rec_td_mean,rush_att_mean,tgt_mean,car_sh,tgt_sh,any_td_pct_wt
Aaron Rodgers,QB,PIT,CLE,PIT@CLE,True,1.0,,False,20.2995,17.0,23.0,91.0,236.47806693639663,179.9999186262697,282.05618057228276,87.0,1.7139,1.0,2.0,82.0,0.01905,0.01895,0.01905,62,,,,,,,,,,,,,,,,,,0.01895
Germie Bernard,WR,PIT,CLE,PIT@CLE,True,1.0,,False,,,,,,,,,,,,,0.0,0.1253,0.1338,30,0.0,0.0,0.0,78.0,13.837599661622004,0.0,21.291711809186232,31.0,1.1338,0.0,2.0,25.0,0.1338,0.0,1.9725,0.002783512338617426,0.04920819490473396,0.1253
Pat Freiermuth,TE,PIT,CLE,PIT@CLE,True,1.0,,False,,,,,,,,,,,,,0.0049,0.2468,0.28035,50,1.5451681177834888,0.0,0.0,90.0,34.57477803431327,14.844219227658288,48.56561738246881,61.0,3.2297,2.0,4.0,72.0,0.27545,0.3569,5.11435,0.010851664044754891,0.13203059049486404,0.2468
Eli Heidenreich,RB,PIT,CLE,PIT@CLE,True,1.0,,False,,,,,,,,,,,,,0.00345,0.0145,0.0146,1,1.1772982054683803,0.0,0.0,60.0,1.7088220859579895,0.0,0.0,60.0,0.21895,0.0,0.0,60.0,0.01115,0.2637,0.31965,0.008088545411842035,0.007667384255273657,0.0145
Travis Homer,RB,PIT,CLE,PIT@CLE,True,1.0,,False,,,,,,,,,,,,,0.0472,0.0547,0.05615,20,10.058198219273642,1.4825762052097402,13.736478648735305,27.0,1.1919934727079464,0.0,0.0,63.0,0.1543,0.0,0.0,63.0,0.00895,2.3924,0.22415,0.07057112458935205,0.00536894383615806,0.0547
DK Metcalf,WR,PIT,CLE,PIT@CLE,True,1.0,,False,,,,,,,,,,,,,0.0,0.296,0.34535,50,0.0,0.0,0.0,97.0,66.72572348746891,36.15720735582806,89.7092990504983,76.0,4.8223,3.0,6.0,81.0,0.34535,0.0,8.9483,0.002783512338617426,0.22236427917111726,0.296
Lew Nichols III,RB,PIT,CLE,PIT@CLE,True,1.0,,False,,,,,,,,,,,,,0.0258,0.03445,0.03495,6,2.888260137187872,0.0,3.126215401639601,28.0,1.20202521966652,0.0,0.0,61.0,0.15575,0.0,0.0,61.0,0.00915,0.6784,0.22945,0.02026106233988231,0.005489665650225519,0.03445
Riley Nowakowski,RB,PIT,CLE,PIT@CLE,True,1.0,,False,,,,,,,,,,,,,0.0,0.0049,0.0049,1,0.0,0.0,0.0,60.0,0.6964546355539395,0.0,0.0,60.0,0.0919,0.0,0.0,60.0,0.0049,0.0,0.13695,0.003867604358672992,0.003381025856006241,0.0049
Michael Pittman,WR,PIT,CLE,PIT@CLE,True,1.0,,False,,,,,,,,,,,,,0.0,0.17185,0.18655,21,0.0,0.0,0.0,79.0,38.77442860959589,16.45972779810701,54.58687001252173,50.0,3.12155,2.0,4.0,60.0,0.18655,0.0,5.43175,0.00324743106172033,0.1353091789490617,0.17185
Ben Skowronek,WR,PIT,CLE,PIT@CLE,True,1.0,,False,,,,,,,,,,,,,0.0,0.0595,0.0614,13,0.0,0.0,0.0,66.0,6.237819801914411,0.0,8.165089047682125,27.0,0.48085,0.0,1.0,6.0,0.0614,0.0,0.83775,0.002783512338617426,0.020885617313412957,0.0595
Robert Tonyan,TE,PIT,CLE,PIT@CLE,True,1.0,,False,,,,,,,,,,,,,0.0,0.04015,0.04075,7,0.0,0.0,0.0,62.0,2.0663107953856885,0.0,0.0,62.0,0.2011,0.0,0.0,62.0,0.04075,0.0,0.33005,0.002783512338617426,0.008346914857342862,0.04015
Jaylen Warren,RB,PIT,CLE,PIT@CLE,True,1.0,,False,,,,,,,,,,,,,0.2059,0.41715,0.52285,82,80.34564647832381,56.20986219424595,99.64855422142318,84.0,29.15954713309955,13.049137743958052,40.55751254437267,72.0,3.50595,2.0,5.0,74.0,0.31695,15.89485,5.01325,0.47774323509836253,0.11945307577556553,0.41715
Darnell Washington,TE,PIT,CLE,PIT@CLE,True,1.0,,False,,,,,,,,,,,,,0.0,0.1576,0.1719,34,0.0,0.0,0.0,81.0,21.446498485388013,4.725353815317085,31.975556604045003,43.0,1.93425,1.0,3.0,50.0,0.1719,0.0,3.11685,0.002783512338617426,0.07996535359795272,0.1576
Kaden Wetjen,WR,PIT,CLE,PIT@CLE,True,1.0,,False,,,,,,,,,,,,,0.0,0.0054,0.0054,1,0.0,0.0,0.0,60.0,1.0997772382707176,0.0,0.0,60.0,0.08295,0.0,0.0,60.0,0.0054,0.0,0.14725,0.002783512338617426,0.0036825314401287756,0.0054
Roman Wilson,WR,PIT,CLE,PIT@CLE,True,1.0,,False,,,,,,,,,,,,,0.0,0.21135,0.2321,53,0.0,0.0,0.0,97.0,34.85268454749608,12.735319249702298,49.72943489142902,67.0,2.62045,1.0,4.0,64.0,0.2321,0.0,4.78835,0.002783512338617426,0.11961607441485711,0.21135
Deshaun Watson,QB,CLE,PIT,PIT@CLE,True,1.0,,False,19.0138,16.0,22.0,91.0,217.01437844818122,162.96827429215887,260.7480923596574,86.0,1.3886,1.0,2.0,78.0,0.13965,0.1309,0.13965,62,,,,,,,,,,,,,,,,,,0.1309
Isaiah Bond,WR,CLE,PIT,PIT@CLE,True,1.0,,False,,,,,,,,,,,,,0.0,0.04835,0.0497,4,0.0,0.0,0.0,63.0,10.219733783163786,0.0,15.782951094009661,17.0,0.7951,0.0,1.0,25.0,0.0497,0.0,1.31785,0.0031591414519928493,0.04102174167680726,0.04835
Denzel Boston,WR,CLE,PIT,PIT@CLE,True,1.0,,False,,,,,,,,,,,,,0.0,0.22845,0.25625,55,0.0,0.0,0.0,95.0,49.318732346618965,20.22473354430934,69.30090101848022,65.0,3.02765,2.0,4.0,75.0,0.25625,0.0,4.63695,0.0031591414519928493,0.1451872475658341,0.22845
Michael Burton,RB,CLE,PIT,PIT@CLE,True,1.0,,False,,,,,,,,,,,,,0.00575,0.0164,0.01645,1,1.0206008043098955,0.0,0.0,61.0,1.8169448129731547,0.0,0.0,61.0,0.23045,0.0,0.0,61.0,0.0107,0.23385,0.297,0.008298954024434394,0.009953208567108797,0.0164
KC Concepcion,WR,CLE,PIT,PIT@CLE,True,1.0,,False,,,,,,,,,,,,,0.0138,0.2993,0.3473,60,2.7005734843390488,0.0,2.847752154795062,68.0,50.773067003357156,25.953981812007527,68.91614964958195,75.0,4.3094,3.0,6.0,79.0,0.3335,0.6227,6.61515,0.02209734119714102,0.20796591322232244,0.2993
Malachi Corley,WR,CLE,PIT,PIT@CLE,True,1.0,,False,,,,,,,,,,,,,0.0,0.0201,0.02035,1,0.0,0.0,0.0,60.0,5.131295000783755,0.0,4.787483679126855,32.0,0.38835,0.0,1.0,1.0,0.02035,0.0,0.5865,0.0031591414519928493,0.018448907381079037,0.0201
Harold Fannin Jr.,TE,CLE,PIT,PIT@CLE,True,1.0,,False,,,,,,,,,,,,,0.0,0.27,0.31225,57,0.0,0.0,0.0,97.0,45.445614474962305,23.085918469593803,61.62612227392538,71.0,4.3165,3.0,6.0,76.0,0.31225,0.0,6.0795,0.0031591414519928493,0.18909122834304024,0.27
Jerry Jeudy,WR,CLE,PIT,PIT@CLE,True,1.0,,False,,,,,,,,,,,,,0.0,0.12205,0.12855,14,0.0,0.0,0.0,73.0,27.818492036762425,7.963629192379891,40.67450930850465,38.0,2.14335,1.0,3.0,45.0,0.12855,0.0,3.4881,0.0031591414519928493,0.10966123213441185,0.12205
Quinshon Judkins,RB,CLE,PIT,PIT@CLE,True,1.0,,False,,,,,,,,,,,,,0.3836,0.4464,0.57485,85,51.92526850457414,31.763523087525698,66.47828896114342,80.0,17.368304581256915,5.4090817385648355,25.526824931502773,65.0,2.2854,1.0,3.0,74.0,0.19125,14.31375,2.9417,0.5132748925046645,0.09867086556281471,0.4464
Jaleel McLaughlin,RB,CLE,PIT,PIT@CLE,True,1.0,,False,,,,,,,,,,,,,0.0362,0.04975,0.0512,3,8.89151174396837,0.0796506604226693,12.455875140275811,21.0,2.6921841221981033,0.0,1.5628931266647026,45.0,0.3456,0.0,1.0,3.0,0.015,1.79635,0.4401,0.0639658170434973,0.014508555894653958,0.04975
Carsen Ryan,TE,CLE,PIT,PIT@CLE,True,1.0,,False,,,,,,,,,,,,,0.0,0.00585,0.0059,1,0.0,0.0,0.0,60.0,1.1896378249840271,0.0,0.0,60.0,0.1123,0.0,0.0,60.0,0.0059,0.0,0.155,0.0031591414519928493,0.004900222034082455,0.00585
Raheim Sanders,RB,CLE,PIT,PIT@CLE,True,1.0,,False,,,,,,,,,,,,,0.05595,0.13045,0.13945,21,12.085820026523283,2.7597320671229117,16.565912843882728,44.0,15.187234182212286,3.433973358013383,22.370772051121243,41.0,1.89755,1.0,3.0,47.0,0.0835,2.6848,2.40865,0.09524747652710921,0.08047370751115547,0.13045
Blake Whiteheart,TE,CLE,PIT,PIT@CLE,True,1.0,,False,,,,,,,,,,,,,0.0,0.0531,0.05405,11,0.0,0.0,0.0,65.0,5.603932104556737,0.0,7.6647703569500525,24.0,0.52335,0.0,1.0,7.0,0.05405,0.0,0.7305,0.0031591414519928493,0.02288177144498253,0.0531
Daniel Jones,QB,IND,WAS,IND@WAS,False,1.0,,False,20.484,17.0,23.0,91.0,207.9179964565125,156.36272713436787,248.7267378944643,87.0,1.67995,1.0,2.0,82.0,0.0866,0.082,0.0866,62,,,,,,,,,,,,,,,,,,0.082
Mo Alie-Cox,TE,IND,WAS,IND@WAS,False,0.9479829842591244,Full,False,,,,,,,,,,,,,0.0,0.03790594685786588,0.03890763390974272,2,0.0,0.0,0.0,58.0,6.4213124187780375,0.0,9.360191369502985,17.0,0.6333825390130746,0.0,1.0,13.0,0.03890763390974272,0.0,0.9088464782792071,0.004234097619595359,0.02040525306751215,0.035934192623487474
Keenan Allen,WR,IND,WAS,IND@WAS,False,0.4981574884199691,Questionable; DNP,False,,,,,,,,,,,,,0.0,0.3450556056507364,0.41609057208696526,26,0.0,0.0,0.0,46.0,45.441977950040354,22.982482852783477,61.39713279356759,33.0,4.2957619477006315,3.0,6.0,35.0,0.41609057208696526,0.0,6.594529606251879,0.004234097619595359,0.18666181575426488,0.17189203387620214
Deion Burks,WR,IND,WAS,IND@WAS,False,1.0,,False,,,,,,,,,,,,,0.01115,0.02785,0.02815,1,1.8232074857793616,0.0,0.1731072536268542,57.0,3.4315816746754355,0.0,0.0,60.0,0.26735,0.0,0.0,60.0,0.017,0.4141,0.40855,0.01305513432708569,0.009688074268750457,0.02785
Josh Downs,WR,IND,WAS,IND@WAS,False,1.0,,False,,,,,,,,,,,,,0.0,0.4312,0.5468,64,0.0,0.0,0.0,97.0,66.38287659855678,36.18970721978844,88.21188806838747,75.0,5.62845,4.0,7.0,82.0,0.5468,0.0,8.7718,0.004234097619595359,0.20433937833760832,0.4312
Ashton Dulin,WR,IND,WAS,IND@WAS,False,0.7549608892548374,Questionable; Full,False,,,,,,,,,,,,,0.0,0.05063291139240506,0.05201740506329114,1,0.0,0.0,0.0,46.0,9.362296938160394,0.0,14.213497004186019,12.0,0.7534941983122363,0.0,1.0,16.0,0.05201740506329114,0.0,1.1707542194092826,0.006351146429393038,0.02949662056359085,0.03822586781037152
Anthony Gould,WR,IND,WAS,IND@WAS,False,1.0,,False,,,,,,,,,,,,,0.0,0.01295,0.013,1,0.0,0.0,0.0,60.0,2.5960508691156896,0.0,0.0,60.0,0.2091,0.0,0.0,60.0,0.013,0.0,0.3246,0.005080917143514431,0.007373447342728105,0.01295
Seth McGowan,RB,IND,WAS,IND@WAS,False,1.0,,False,,,,,,,,,,,,,0.15085,0.16215,0.17915,11,15.710613961061542,4.234967306193974,20.259006567120327,35.0,3.8178864590660377,0.0,5.097891023765847,25.0,0.52095,0.0,1.0,8.0,0.0283,3.85215,0.6744,0.11934294658762354,0.01484945448596578,0.16215
Andrew Ogletree,TE,IND,WAS,IND@WAS,False,1.0,,False,,,,,,,,,,,,,0.0,0.03575,0.0365,4,0.0,0.0,0.0,63.0,6.439805950479006,0.0,9.39729915126304,19.0,0.6417,0.0,1.0,16.0,0.0365,0.0,0.91215,0.004234097619595359,0.020283965765838994,0.03575
Jonathan Taylor,RB,IND,WAS,IND@WAS,False,0.9508674235277402,Full,False,,,,,,,,,,,,,0.7477619799894681,0.65144813059505,0.9978936282253817,84,84.5699663693374,59.578346702939,104.57209008015971,80.0,28.738844465414832,12.900679082442227,39.794392451021636,68.0,3.777461822011585,2.0,5.0,72.0,0.25013164823591366,20.284518167456557,4.789468141126909,0.7227979778520776,0.10662468522123161,0.6194408055008781
Laquon Treadwell,WR,IND,WAS,IND@WAS,False,1.0,,False,,,,,,,,,,,,,0.0,0.04775,0.04895,9,0.0,0.0,0.0,68.0,10.480650129870922,0.0,15.761348726045556,23.0,0.78015,0.0,1.0,30.0,0.04895,0.0,1.188,0.004234097619595359,0.02766083386441836,0.04775
Tyler Warren,TE,IND,WAS,IND@WAS,False,1.0,,False,,,,,,,,,,,,,0.0124,0.4347,0.562,55,1.8541929798408914,0.0,0.40224442373712144,89.0,66.01701510426945,38.91370228705085,86.35875911781989,74.0,6.9563,5.0,9.0,78.0,0.5496,0.42925,9.8852,0.013197409112690371,0.22208651744733474,0.4347
Marcus Mariota,QB,WAS,IND,IND@WAS,False,1.0,,False,20.09395,17.0,23.0,68.0,226.6970949548728,169.25252108203432,272.39899536775016,64.0,1.86045,1.0,3.0,45.0,0.18505,0.17095,0.18505,37,,,,,,,,,,,,,,,,,,0.17095
Kaytron Allen,RB,WAS,IND,IND@WAS,False,1.0,,False,,,,,,,,,,,,,0.09945,0.10005,0.10465,22,14.636111825715256,3.767715022422393,20.363028145220873,31.0,0.660021031588542,0.0,0.0,65.0,0.0892,0.0,0.0,65.0,0.0052,3.0652,0.1249,0.07861718138388828,0.0038034958122500715,0.10005
John Bates,TE,WAS,IND,IND@WAS,False,1.0,,False,,,,,,,,,,,,,0.0,0.1008,0.1055,11,0.0,0.0,0.0,65.0,9.086870125462923,0.0,13.855138577533886,20.0,0.9294,0.0,1.0,33.0,0.1055,0.0,1.39045,0.0033335219393587755,0.034271209042520505,0.1008
Dyami Brown,WR,WAS,IND,IND@WAS,False,1.0,,False,,,,,,,,,,,,,0.0,0.15545,0.1673,19,0.0,0.0,0.0,72.0,19.317102709500713,2.9249140991747975,28.72063343011319,32.0,1.7319,1.0,3.0,38.0,0.1673,0.0,2.92035,0.0033335219393587755,0.07299162430800638,0.15545
Treylon Burks,WR,WAS,IND,IND@WAS,False,1.0,,False,,,,,,,,,,,,,0.0,0.15705,0.1697,9,0.0,0.0,0.0,63.0,19.62161788152669,2.5703442943196637,29.386507102196845,22.0,1.6403,1.0,2.0,45.0,0.1697,0.0,2.8578,0.004000226327230531,0.07162474647974579,0.15705
Jacory Croskey-Merritt,RB,WAS,IND,IND@WAS,False,1.0,,False,,,,,,,,,,,,,0.4202,0.37055,0.4548,61,63.9116421577574,41.5505685655863,80.89872899514002,72.0,4.311703730691092,0.0,6.249760251023359,47.0,0.6068,0.0,1.0,41.0,0.0346,15.573,0.8309,0.39918940712735934,0.02425711959796394,0.37055
Stefon Diggs,WR,WAS,IND,IND@WAS,False,1.0,,False,,,,,,,,,,,,,0.0,0.39845,0.5006,55,0.0,0.0,0.0,90.0,54.6290660708599,28.286712197099966,73.87959492295364,65.0,4.74595,3.0,6.0,71.0,0.5006,0.0,7.5361,0.0033335219393587755,0.18975821957203062,0.39845
Jaylin Lane,WR,WAS,IND,IND@WAS,False,1.0,,False,,,,,,,,,,,,,0.0,0.06735,0.0698,3,0.0,0.0,0.0,63.0,11.490474494675203,0.0,17.602524265901266,17.0,0.9409,0.0,1.0,31.0,0.0698,0.0,1.6032,0.0033335219393587755,0.040422631107111785,0.06735
Terry McLaurin,WR,WAS,IND,IND@WAS,False,0.6667342299285288,Questionable; Limited,False,,,,,,,,,,,,,0.0,0.3167444661948502,0.37336244541484714,29,0.0,0.0,0.0,60.0,50.245676350760476,23.53201420191438,69.39668299237306,42.0,3.699141695527782,2.0,5.0,44.0,0.37336244541484714,0.0,6.283842794759825,0.0033335219393587755,0.18332672094247834,0.21118437775254637
Chig Okonkwo,TE,WAS,IND,IND@WAS,False,0.9575230478992892,Limited,False,,,,,,,,,,,,,0.0,0.19012139842650966,0.20934715781795446,3,0.0,0.0,0.0,60.0,31.157016065080185,12.644949032381394,43.670012914331714,31.0,3.1881415099254937,2.0,4.0,42.0,0.20934715781795446,0.0,4.757515760954514,0.0050002829090381624,0.11956676576009709,0.18204562089222665
Ben Sinnott,TE,WAS,IND,IND@WAS,False,0.9575230478992892,Limited,False,,,,,,,,,,,,,0.0,0.035861350013031014,0.0364347146207975,3,0.0,0.0,0.0,60.0,5.443021931048143,0.0,7.420093505378199,21.0,0.5497002866823039,0.0,1.0,8.0,0.0364347146207975,0.0,0.8239770654156894,0.0033335219393587755,0.020538393728769776,0.03433806916626067
Antonio Williams,WR,WAS,IND,IND@WAS,False,1.0,,False,,,,,,,,,,,,,0.0,0.2499,0.2848,27,0.0,0.0,0.0,75.0,33.855997920168946,12.94157943201744,47.97468054520117,44.0,2.83445,1.0,4.0,43.0,0.2848,0.0,4.51455,0.0033335219393587755,0.11319162781627881,0.2499
Colson Yankoff,TE,WAS,IND,IND@WAS,False,1.0,,False,,,,,,,,,,,,,0.0,0.02975,0.03055,4,0.0,0.0,0.0,64.0,4.297836816574596,0.0,5.24293308002196,27.0,0.44215,0.0,1.0,4.0,0.03055,0.0,0.66945,0.0033335219393587755,0.01678339158996669,0.02975
Cam Ward,QB,TEN,BAL,TEN@BAL,False,1.0,,False,20.4678,18.0,23.0,92.0,204.402164954481,156.3893239525495,243.6872719702355,86.0,0.9875,0.0,2.0,39.0,0.14515,0.1348,0.14515,61,,,,,,,,,,,,,,,,,,0.1348
Elic Ayomanor,WR,TEN,BAL,TEN@BAL,False,1.0,,False,,,,,,,,,,,,,0.0,0.1993,0.2192,43,0.0,0.0,0.0,74.0,33.81555978306902,12.451964383438588,48.363777279729625,43.0,2.64055,1.0,4.0,40.0,0.2192,0.0,4.61675,0.003916249950316416,0.12817674761548592,0.1993
Daniel Bellinger,TE,TEN,BAL,TEN@BAL,False,1.0,,False,,,,,,,,,,,,,0.0,0.02735,0.028,7,0.0,0.0,0.0,66.0,8.390038129350978,0.0,12.961484880353998,20.0,0.9068,0.0,1.0,33.0,0.028,0.0,1.3223,0.003916249950316416,0.0403877529490561,0.02735
Julius Chestnut,RB,TEN,BAL,TEN@BAL,False,1.0,,False,,,,,,,,,,,,,0.0107,0.0133,0.0134,1,2.0693576979617556,0.0,1.1339719108105912,44.0,0.7170354441061503,0.0,0.0,60.0,0.10155,0.0,0.0,60.0,0.0027,0.46175,0.13805,0.01575545560465996,0.003863917885209165,0.0133
Chimere Dike,WR,TEN,BAL,TEN@BAL,False,1.0,,False,,,,,,,,,,,,,0.0,0.0525,0.054,4,0.0,0.0,0.0,63.0,13.96935639598493,0.0,21.087214923584824,18.0,1.44845,0.0,2.0,22.0,0.054,0.0,2.30165,0.003916249950316416,0.06436667964399567,0.0525
Gunnar Helm,TE,TEN,BAL,TEN@BAL,False,1.0,,False,,,,,,,,,,,,,0.0,0.1458,0.157,36,0.0,0.0,0.0,78.0,25.29365546645792,9.774603034736804,35.92171524646528,47.0,2.8723,1.75,4.0,54.0,0.157,0.0,4.09785,0.003916249950316416,0.12582907651581074,0.1458
Tony Pollard,RB,TEN,BAL,TEN@BAL,False,0.9508674235277402,Full,False,,,,,,,,,,,,,0.4422411079634876,0.397387472458294,0.49291784702549574,78,67.53714723440233,44.4230022964996,85.4851356022481,73.0,10.915140741020291,1.353108450611484,16.265691056303552,51.0,1.6742734235652084,1.0,2.0,73.0,0.05067673906200818,14.626062322946176,2.2227468261462597,0.5531406939270431,0.062499661100723136,0.37786280207861883
Calvin Ridley,WR,TEN,BAL,TEN@BAL,False,1.0,,False,,,,,,,,,,,,,0.0,0.0617,0.0638,5,0.0,0.0,0.0,65.0,21.402111772292574,3.996940212820398,31.907107839457872,26.0,1.78815,1.0,3.0,31.0,0.0638,0.0,3.0649,0.003916249950316416,0.08522327060765761,0.0617
Wan'Dale Robinson,WR,TEN,BAL,TEN@BAL,False,1.0,,False,,,,,,,,,,,,,0.0,0.19615,0.21725,48,0.0,0.0,0.0,89.0,43.38146192519539,22.014030465306135,58.870335958388296,63.0,4.263,3.0,6.0,68.0,0.21725,0.0,6.743,0.003916249950316416,0.18848402126991512,0.19615
Nicholas Singleton,RB,TEN,BAL,TEN@BAL,False,1.0,,False,,,,,,,,,,,,,0.05645,0.0608,0.0623,8,10.255361049895,1.3290409169129247,13.827037298875883,26.0,1.1588136509572422,0.0,0.0,62.0,0.1689,0.0,0.0,62.0,0.00585,2.38615,0.23115,0.08344204357451426,0.006555824082885112,0.0608
Tyjae Spears,RB,TEN,BAL,TEN@BAL,False,0.7075836643559986,Questionable; Full,False,,,,,,,,,,,,,0.13996015369289883,0.19033727052796356,0.2086950334424363,17,25.418125267855338,11.03080891929104,34.3583313506116,35.0,14.146184043895909,3.8414004868359943,20.822156554881794,29.0,2.105806176177601,1.0,3.0,34.0,0.0687348797495375,5.750533655898677,2.735022057777145,0.22218593794611782,0.0837617310257656,0.13467954334369547
Carnell Tate,WR,TEN,BAL,TEN@BAL,False,1.0,,False,,,,,,,,,,,,,0.0,0.17205,0.18885,41,0.0,0.0,0.0,92.0,50.278797928635086,26.48140614274811,67.76376028228646,67.0,4.63665,3.0,6.0,73.0,0.18885,0.0,7.4073,0.003916249950316416,0.2054629431648236,0.17205
Lamar Jackson,QB,BAL,TEN,TEN@BAL,False,0.98,Full,False,17.451982018798528,15.0,20.0,83.0,194.0102721966269,142.40976008117718,233.70096443758814,78.0,1.443246832856559,1.0,2.0,72.0,0.2395279934613813,0.21424192889252144,0.2395279934613813,54,,,,,,,,,,,,,,,,,,0.20995709031467102
Rasheen Ali,RB,BAL,TEN,TEN@BAL,False,1.0,,False,,,,,,,,,,,,,0.0257,0.0571,0.05885,1,2.910969234658005,0.0,3.1763831074817133,27.0,4.242255891060881,0.0,5.852767256976152,19.0,0.57845,0.0,1.0,8.0,0.03315,0.7095,0.73875,0.02088902312650093,0.01921409995921496,0.0571
Mark Andrews,TE,BAL,TEN,TEN@BAL,False,0.9479829842591244,Full,False,,,,,,,,,,,,,0.0,0.31738168019394963,0.37656793506904185,35,0.0,0.0,0.0,84.0,50.22463030375208,26.73016911442926,67.65486702363216,61.0,5.30578686623801,3.0,7.0,63.0,0.37656793506904185,0.0,7.433540634552545,0.004189832939065345,0.19783456999272037,0.3008724323394354
Rashod Bateman,WR,BAL,TEN,TEN@BAL,False,1.0,,False,,,,,,,,,,,,,0.0,0.2787,0.32575,34,0.0,0.0,0.0,81.0,39.908649307863215,15.965698258306615,56.0296326367433,51.0,3.1663,2.0,4.0,62.0,0.32575,0.0,5.04015,0.004189832939065345,0.12597866564176702,0.2787
Josh Cuevas,TE,BAL,TEN,TEN@BAL,False,1.0,,False,,,,,,,,,,,,,0.0,0.0187,0.01895,2,0.0,0.0,0.0,62.0,3.249882424174302,0.0,0.42120968933114145,58.0,0.3326,0.0,1.0,2.0,0.01895,0.0,0.46225,0.004189832939065345,0.011822419975294082,0.0187
Zay Flowers,WR,BAL,TEN,TEN@BAL,False,0.6667342299285288,Questionable; Limited,False,,,,,,,,,,,,,0.01214424079868872,0.39390552823722247,0.4905379228132916,19,1.2882492422701568,0.0,0.0,51.0,86.69099955008168,48.27722863158148,115.56440201366433,35.0,5.602667262703025,4.0,7.0,40.0,0.4783936820146029,0.32126359707942187,8.05327074951572,0.00943814998905246,0.24921450437358095,0.2626302990338349
Derrick Henry,RB,BAL,TEN,TEN@BAL,False,1.0,,False,,,,,,,,,,,,,1.09355,0.71185,1.17985,85,94.60652124925545,67.48375412700251,116.85570476279278,84.0,10.845466557500522,0.0,16.40135259754191,55.0,1.48395,0.0,2.0,59.0,0.0863,21.60045,1.92045,0.631681562654459,0.04985149463156766,0.71185
Matthew Hibner,TE,BAL,TEN,TEN@BAL,False,1.0,,False,,,,,,,,,,,,,0.0,0.0905,0.09525,11,0.0,0.0,0.0,65.0,7.291478226808507,0.0,10.910712020361942,20.0,0.7405,0.0,1.0,24.0,0.09525,0.0,1.02815,0.004189832939065345,0.027525703874102046,0.0905
Justice Hill,RB,BAL,TEN,TEN@BAL,False,1.0,,False,,,,,,,,,,,,,0.1605,0.2244,0.25045,14,19.550889043522574,7.423797946772041,26.593859594194484,43.0,11.78121220516878,0.0,17.71527020030959,28.0,1.5708,0.0,2.0,34.0,0.08995,4.71015,1.9935,0.13847395340698126,0.0513104263548793,0.2244
Durham Smythe,TE,BAL,TEN,TEN@BAL,False,0.9479829842591244,Full,False,,,,,,,,,,,,,0.0,0.07665100564852452,0.079290503088212,9,0.0,0.0,0.0,60.0,4.3488690564676755,0.0,4.898429800558662,28.0,0.4393707438103785,0.0,1.0,3.0,0.079290503088212,0.0,0.6112020271340337,0.004189832939065345,0.01641612211368583,0.07266384908115128
Devontez Walker,WR,BAL,TEN,TEN@BAL,False,1.0,,False,,,,,,,,,,,,,0.0,0.06615,0.0683,4,0.0,0.0,0.0,64.0,13.270929533490012,0.0,20.50222232261023,18.0,0.99535,0.0,2.0,4.0,0.0683,0.0,1.5228,0.005027799526878414,0.03755867941962394,0.06615
LaJohntay Wester,WR,BAL,TEN,TEN@BAL,False,1.0,,False,,,,,,,,,,,,,0.0,0.03745,0.03815,7,0.0,0.0,0.0,66.0,6.716998795456352,0.0,9.225814288225678,25.0,0.5594,0.0,1.0,13.0,0.03815,0.0,0.84795,0.004189832939065345,0.021086804748606518,0.03745
Drake Maye,QB,NE,BUF,NE@BUF,False,0.98,Full,False,18.936296296296295,16.0,22.0,84.0,221.46101220684986,166.96197858151163,265.4914802632508,81.0,1.4304469987228607,1.0,2.0,73.0,0.1275095785440613,0.11943805874840357,0.1275095785440613,56,,,,,,,,,,,,,,,,,,0.1170492975734355
Efton Chism III,WR,NE,BUF,NE@BUF,False,1.0,,False,,,,,,,,,,,,,0.0,0.0743,0.0772,10,0.0,0.0,0.0,64.0,7.403513142587821,0.0,10.889675235755336,20.0,0.6085,0.0,1.0,15.0,0.0772,0.0,0.9896,0.004104728878331038,0.02599433436293474,0.0743
Romeo Doubs,WR,NE,BUF,NE@BUF,False,1.0,,False,,,,,,,,,,,,,0.0,0.2133,0.23745,25,0.0,0.0,0.0,78.0,48.968272570752355,21.582969835211166,68.7616172923792,49.0,3.24575,2.0,4.0,59.0,0.23745,0.0,5.351,0.003420607398609198,0.14054922021133662,0.2133
DeMario Douglas,WR,NE,BUF,NE@BUF,False,1.0,,False,,,,,,,,,,,,,0.0,0.18935,0.207,30,0.0,0.0,0.0,82.0,36.23199216248045,13.712949753536304,51.91183929411072,51.0,2.74445,1.0,4.0,50.0,0.207,0.0,4.5044,0.003420607398609198,0.11754833174869968,0.18935
Reggie Gilliam,RB,NE,BUF,NE@BUF,False,0.6469461218980005,Questionable; Limited,False,,,,,,,,,,,,,0.0,0.027450372208436723,0.02799317617866005,2,0.0,0.0,0.0,41.0,3.427950543065002,0.0,4.0313398914225,18.0,0.4472704714640198,0.0,1.0,2.0,0.02799317617866005,0.0,0.6169354838709677,0.0034463422181132495,0.017823402695611345,0.01775891184490479
TreVeyon Henderson,RB,NE,BUF,NE@BUF,False,1.0,,False,,,,,,,,,,,,,0.2724,0.28525,0.3317,21,49.05790991846982,29.70086528855937,63.04048274436349,54.0,8.383635509539372,0.0,12.92177089691219,28.0,1.13615,0.0,2.0,22.0,0.0593,11.40275,1.53645,0.3924435384291572,0.04081260347257565,0.28525
Hunter Henry,TE,NE,BUF,NE@BUF,False,1.0,,False,,,,,,,,,,,,,0.0,0.1903,0.20895,23,0.0,0.0,0.0,76.0,35.90475405029779,15.337507491372392,50.25492551784815,47.0,3.22445,2.0,4.0,57.0,0.20895,0.0,4.8488,0.003420607398609198,0.1419579598071125,0.1903
Mack Hollins,WR,NE,BUF,NE@BUF,False,1.0,,False,,,,,,,,,,,,,0.0,0.32695,0.38755,50,0.0,0.0,0.0,86.0,49.25858208021992,23.324692312787402,67.68404488798991,59.0,3.83245,2.0,5.0,62.0,0.38755,0.0,6.02665,0.003420607398609198,0.15778306240303785,0.32695
Corey Kiner,RB,NE,BUF,NE@BUF,False,1.0,,False,,,,,,,,,,,,,0.0763,0.08405,0.08755,12,11.946136159171228,2.9527854261625293,15.76460758201201,38.0,1.882459875842451,0.0,0.0,71.0,0.24155,0.0,0.0,71.0,0.01125,3.2104,0.33285,0.1105084174304975,0.009062667900630667,0.08405
Lan Larison,RB,NE,BUF,NE@BUF,False,1.0,,False,,,,,,,,,,,,,0.0035,0.04635,0.0475,2,0.6259481045280251,0.0,0.0,62.0,6.461197416716588,0.0,10.068700600425336,15.0,0.83765,0.0,1.0,26.0,0.044,0.1447,1.1531,0.005104368803723028,0.03069220871512116,0.04635
Cameron Latu,TE,NE,BUF,NE@BUF,False,1.0,,False,,,,,,,,,,,,,0.0,0.0021,0.0021,1,0.0,0.0,0.0,60.0,0.41149273402959335,0.0,0.0,60.0,0.0397,0.0,0.0,60.0,0.0021,0.0,0.06025,0.003420607398609198,0.0018109767442914804,0.0021
Eli Raridon,TE,NE,BUF,NE@BUF,False,0.6667342299285288,Questionable; Limited,False,,,,,,,,,,,,,0.0,0.06297323637454082,0.06454756728390434,6,0.0,0.0,0.0,42.0,4.5421421632405155,0.0,5.2726644761754144,19.0,0.436614438863483,0.0,1.0,2.0,0.06454756728390434,0.0,0.6609191093785142,0.004104728878331038,0.020575221191581387,0.04198641226028669
Rhamondre Stevenson,RB,NE,BUF,NE@BUF,False,1.0,,False,,,,,,,,,,,,,0.21385,0.30265,0.3539,44,31.580563710039236,15.939029822083302,42.0491177850016,70.0,23.858975671738428,9.101136635652622,34.06192997142669,64.0,2.81575,1.0,4.0,63.0,0.14005,7.7228,3.74825,0.26623890526220995,0.09952766459605898,0.30265
Kyle Williams,WR,NE,BUF,NE@BUF,False,1.0,,False,,,,,,,,,,,,,0.0,0.0604,0.06155,9,0.0,0.0,0.0,68.0,13.052146951085229,0.0,20.137855151586507,22.0,0.9645,0.0,2.0,8.0,0.06155,0.0,1.70085,0.003420607398609198,0.04437913907952491,0.0604
Josh Allen,QB,BUF,NE,NE@BUF,False,1.0,,False,17.46725,15.0,20.0,90.0,216.03164327922397,160.6257018603043,259.64615863883694,84.0,1.496,1.0,2.0,78.0,0.38135,0.3198,0.38135,60,,,,,,,,,,,,,,,,,,0.3198
Keon Coleman,WR,BUF,NE,NE@BUF,False,0.9575230478992892,Limited,False,,,,,,,,,,,,,0.0,0.15899712718725517,0.17336119091146512,20,0.0,0.0,0.0,71.0,27.022885496144184,7.750995550898655,39.654056511743484,37.0,2.103473491773309,1.0,3.0,44.0,0.17336119091146512,0.0,3.4033429093758163,0.003959113026160915,0.11333156500661175,0.1522434138315715
James Cook,RB,BUF,NE,NE@BUF,False,1.0,,False,,,,,,,,,,,,,0.81285,0.6421,0.97855,85,95.88457030635107,68.1436175392582,118.88107479204896,84.0,14.124245003124301,2.0054221543802173,20.97531650161748,60.0,1.68055,1.0,2.0,82.0,0.1657,17.6538,2.31965,0.5738047511578297,0.07437672408091413,0.6421
Ray Davis,RB,BUF,NE,NE@BUF,False,0.6469461218980005,Questionable; Limited,False,,,,,,,,,,,,,0.06355734906099643,0.07271457395623157,0.07543069998447928,1,7.455401648631683,0.0,10.07763199218426,13.0,1.8348589293208202,0.0,0.0,39.0,0.2233431631227689,0.0,0.0,39.0,0.011873350923482849,1.6407729318640385,0.30436132236535773,0.054305774939304295,0.010831313726771204,0.047042411626449364
Greg Dortch,WR,BUF,NE,NE@BUF,False,1.0,,False,,,,,,,,,,,,,0.0,0.02735,0.02775,1,0.0,0.0,0.0,60.0,5.264557322938819,0.0,6.126481671361346,25.0,0.4295,0.0,1.0,1.0,0.02775,0.0,0.6786,0.003959113026160915,0.022544626678764963,0.02735
Frank Gore Jr.,RB,BUF,NE,NE@BUF,False,1.0,,False,,,,,,,,,,,,,0.1223,0.1214,0.12885,1,14.156062650914333,3.9530295513081466,19.351321195523887,28.0,0.9063459890545055,0.0,0.0,61.0,0.10985,0.0,0.0,61.0,0.00655,3.25125,0.15235,0.10610591379796977,0.004953796734762246,0.1214
Jackson Hawes,TE,BUF,NE,NE@BUF,False,1.0,,False,,,,,,,,,,,,,0.0,0.0248,0.02505,2,0.0,0.0,0.0,62.0,4.5776817517127215,0.0,5.1233943674543,28.0,0.4149,0.0,1.0,2.0,0.02505,0.0,0.62355,0.003959113026160915,0.022073778545525103,0.0248
Ty Johnson,RB,BUF,NE,NE@BUF,False,1.0,,False,,,,,,,,,,,,,0.02805,0.12565,0.13435,4,3.0191820480652365,0.0,3.3637949904705415,30.0,17.472827870965254,3.9333147426847104,25.917646063983565,26.0,1.8912,1.0,3.0,32.0,0.1063,0.7132,2.66815,0.023271027301122724,0.08514220090294018,0.12565
Dalton Kincaid,TE,BUF,NE,NE@BUF,False,1.0,,False,,,,,,,,,,,,,0.0,0.2126,0.23585,35,0.0,0.0,0.0,87.0,44.09319245063059,19.550452828643447,61.52792242695925,59.0,3.38115,2.0,5.0,61.0,0.23585,0.0,4.94605,0.003959113026160915,0.1751742787490198,0.2126
Dawson Knox,TE,BUF,NE,NE@BUF,False,1.0,,False,,,,,,,,,,,,,0.0097,0.1054,0.11085,13,1.0310335496877148,0.0,0.0,66.0,11.840127470682436,0.0,18.45274735997735,20.0,1.04685,0.0,2.0,9.0,0.10115,0.2401,1.56675,0.007958217092990123,0.05616927416501355,0.1054
Keleki Latu,TE,BUF,NE,NE@BUF,False,1.0,,False,,,,,,,,,,,,,0.0,0.00495,0.00495,1,0.0,0.0,0.0,60.0,0.8617834418555913,0.0,0.0,60.0,0.0746,0.0,0.0,60.0,0.00495,0.0,0.11465,0.003959113026160915,0.004143780788528634,0.00495
DJ Moore,WR,BUF,NE,NE@BUF,False,0.9575230478992892,Limited,False,,,,,,,,,,,,,0.007915705598658,0.26499266093520657,0.30535751729922417,41,1.0306811450794402,0.0,0.0,85.0,48.165790526168315,21.07365646425439,67.13163146691144,58.0,3.2784650870203396,2.0,4.0,68.0,0.29744181170056616,0.23049905640595514,5.520025162507864,0.007624958420754353,0.18465351018489073,0.25373658036962193
Josh Palmer,WR,BUF,NE,NE@BUF,False,1.0,,False,,,,,,,,,,,,,0.0,0.0804,0.084,9,0.0,0.0,0.0,68.0,19.591643749893148,0.0,29.61372092183613,23.0,1.2124,0.0,2.0,19.0,0.084,0.0,2.06825,0.003959113026160915,0.06758716995596198,0.0804
Khalil Shakir,WR,BUF,NE,NE@BUF,False,1.0,,False,,,,,,,,,,,,,0.0,0.2987,0.35135,48,0.0,0.0,0.0,84.0,39.60585462477361,16.955713762831074,55.53655877274044,55.0,3.18085,2.0,4.0,65.0,0.35135,0.0,5.11575,0.003959113026160915,0.16828850277929394,0.2987
Geno Smith,QB,NYJ,CHI,NYJ@CHI,False,1.0,,False,20.72725,18.0,24.0,91.0,239.52993918606052,183.70392483481433,285.7813737973049,87.0,1.11945,0.0,2.0,46.0,0.1741,0.16005,0.1741,62,,,,,,,,,,,,,,,,,,0.16005
Braelon Allen,RB,NYJ,CHI,NYJ@CHI,False,1.0,,False,,,,,,,,,,,,,0.44215,0.4804,0.63475,54,65.45360436693211,42.59304828213698,82.95546805879681,61.0,10.836089849655638,0.0,16.554300649065468,34.0,1.3502,0.0,2.0,35.0,0.1926,15.0373,1.74805,0.23478858634676514,0.030165411344866562,0.4804
Andrew Beck,RB,NYJ,CHI,NYJ@CHI,False,1.0,,False,,,,,,,,,,,,,0.0237,0.03365,0.03395,1,4.187065608690696,0.0,5.007588746627633,24.0,2.5077369892537784,0.0,0.0,60.0,0.30085,0.0,0.0,60.0,0.01025,0.89475,0.39415,0.014021137332171342,0.006716844245156507,0.03365
Isaiah Davis,RB,NYJ,CHI,NYJ@CHI,False,1.0,,False,,,,,,,,,,,,,0.0304,0.05885,0.06105,1,6.290269364386512,0.0,8.326177314703871,20.0,7.410145196571094,0.0,11.410694797691654,14.0,0.86405,0.0,1.0,25.0,0.03065,1.24815,1.1332,0.019252381206994136,0.019492222456292747,0.05885
Malik McClain,WR,NYJ,CHI,NYJ@CHI,False,1.0,,False,,,,,,,,,,,,,0.0,0.0087,0.0087,1,0.0,0.0,0.0,60.0,2.8904561520000467,0.0,0.0,60.0,0.2087,0.0,0.0,60.0,0.0087,0.0,0.3226,0.005909963665050036,0.005740579257988565,0.0087
Jamaal Pritchett,WR,NYJ,CHI,NYJ@CHI,False,1.0,,False,,,,,,,,,,,,,0.0,0.0073,0.00735,1,0.0,0.0,0.0,60.0,2.5068665621581667,0.0,0.0,60.0,0.18245,0.0,0.0,60.0,0.00735,0.0,0.28315,0.005909963665050036,0.005045430988466511,0.0073
Jeremy Ruckert,TE,NYJ,CHI,NYJ@CHI,False,0.9479829842591244,Full,False,,,,,,,,,,,,,0.0,0.14580474934036938,0.15646437994722956,24,0.0,0.0,0.0,69.0,20.604434818252496,4.619595274747198,30.552702375597185,33.0,2.001160949868074,1.0,3.0,41.0,0.15646437994722956,0.0,2.727018469656992,0.003939975776700024,0.05291565284241248,0.13822042139883697
Kenyon Sadiq,TE,NYJ,CHI,NYJ@CHI,False,0.6667342299285288,Questionable; Limited,False,,,,,,,,,,,,,0.06817843866171004,0.22074349442379182,0.24609665427509295,20,2.1376487912182576,0.0,0.46911997067966055,51.0,49.272133311194224,24.477508542977223,67.65083134602345,37.0,4.3763568773234205,3.0,6.0,41.0,0.1779182156133829,0.45814126394052046,6.186840148698884,0.007307476440546198,0.1369951058256915,0.14717724376637933
Sterling Shepard,WR,NYJ,CHI,NYJ@CHI,False,1.0,,False,,,,,,,,,,,,,0.0,0.06975,0.07255,1,0.0,0.0,0.0,61.0,24.150928434255544,4.458738850657767,35.84558986003739,22.0,1.89865,1.0,3.0,29.0,0.07255,0.0,2.89295,0.005909963665050036,0.05193267172975959,0.06975
Isaiah Williams,WR,NYJ,CHI,NYJ@CHI,False,1.0,,False,,,,,,,,,,,,,0.01485,0.1675,0.1807,21,2.7092547888576273,0.0,1.948925320777213,53.0,32.9190699607257,13.267338308481685,46.574796810182576,44.0,3.1346,2.0,4.0,55.0,0.16585,0.5768,4.6126,0.008804143402255608,0.08277554326648588,0.1675
Garrett Wilson,WR,NYJ,CHI,NYJ@CHI,False,1.0,,False,,,,,,,,,,,,,0.0,0.333,0.4023,50,0.0,0.0,0.0,97.0,116.49603076601811,74.6281032104929,149.62881201178794,81.0,9.05655,7.0,11.0,87.0,0.4023,0.0,13.6943,0.003939975776700024,0.24603286285780593,0.333
Jelani Woods,TE,NYJ,CHI,NYJ@CHI,False,1.0,,False,,,,,,,,,,,,,0.0,0.01085,0.01085,2,0.0,0.0,0.0,62.0,3.4209034621899206,0.0,0.0,62.0,0.2998,0.0,0.0,62.0,0.01085,0.0,0.42455,0.003939975776700024,0.008119210245422335,0.01085
Tyson Bagent,QB,CHI,NYJ,NYJ@CHI,False,1.0,,False,18.5965,16.0,21.0,55.0,191.28245964108478,140.91251303299958,231.11398779834587,49.0,1.7166,1.0,2.0,45.0,0.23355,0.20905,0.23355,21,,,,,,,,,,,,,,,,,,0.20905
Luther Burden III,WR,CHI,NYJ,NYJ@CHI,False,1.0,,False,,,,,,,,,,,,,0.01155,0.3417,0.40925,73,1.517921527488514,0.0,0.0,91.0,40.02547182903659,18.58623621625921,55.356004825795125,64.0,3.6206,2.0,5.0,66.0,0.3977,0.3325,5.5421,0.010305244691985637,0.19133378722720462,0.3417
Kaden Davis,WR,CHI,NYJ,NYJ@CHI,False,1.0,,False,,,,,,,,,,,,,0.0,0.0137,0.01375,1,0.0,0.0,0.0,60.0,2.292425237005456,0.0,0.0,60.0,0.20515,0.0,0.0,60.0,0.01375,0.0,0.3322,0.005506739062246349,0.011275716217398493,0.0137
Roschon Johnson,RB,CHI,NYJ,NYJ@CHI,False,1.0,,False,,,,,,,,,,,,,0.01095,0.0163,0.0167,1,1.4631769106970398,0.0,0.0,60.0,0.692676998451748,0.0,0.0,60.0,0.10345,0.0,0.0,60.0,0.00575,0.31995,0.1394,0.009644007187102652,0.004653028498385358,0.0163
Cole Kmet,TE,CHI,NYJ,NYJ@CHI,False,1.0,,False,,,,,,,,,,,,,0.0,0.0828,0.08585,7,0.0,0.0,0.0,67.0,11.96201689135021,0.0,18.39222588951383,21.0,1.2575,0.0,2.0,19.0,0.08585,0.0,1.9374,0.0036711593748308996,0.07057297439755689,0.0828
Colston Loveland,TE,CHI,NYJ,NYJ@CHI,False,1.0,,False,,,,,,,,,,,,,0.0,0.22065,0.2473,30,0.0,0.0,0.0,72.0,24.8904906390854,9.23324977386729,35.43072895001882,41.0,2.6396,1.0,4.0,38.0,0.2473,0.0,3.91615,0.0036711593748308996,0.14183715580885023,0.22065
Kyle Monangai,RB,CHI,NYJ,NYJ@CHI,False,1.0,,False,,,,,,,,,,,,,0.39625,0.39225,0.4876,62,45.6152480099405,25.179686198626797,60.11481191565626,59.0,6.871453673866519,0.0,10.521038120896664,36.0,1.01045,0.0,2.0,22.0,0.09135,8.5448,1.4514,0.2560962134541158,0.04917172397461692,0.39225
Rome Odunze,WR,CHI,NYJ,NYJ@CHI,False,1.0,,False,,,,,,,,,,,,,0.0,0.25725,0.29505,30,0.0,0.0,0.0,78.0,41.10936035910935,17.431612118131437,57.86334880873151,48.0,3.1424,2.0,4.0,59.0,0.29505,0.0,5.38745,0.0036711593748308996,0.18654489546444142,0.25725
Kalif Raymond,WR,CHI,NYJ,NYJ@CHI,False,1.0,,False,,,,,,,,,,,,,0.0,0.25245,0.2866,48,0.0,0.0,0.0,89.0,34.73007877573572,14.909633311053202,48.21820411418404,60.0,3.2118,2.0,4.0,70.0,0.2866,0.0,4.81875,0.0036711593748308996,0.16507778349184551,0.25245
Sam Roush,TE,CHI,NYJ,NYJ@CHI,False,1.0,,False,,,,,,,,,,,,,0.0,0.0617,0.0637,11,0.0,0.0,0.0,65.0,5.478172532700678,0.0,7.888953950305798,22.0,0.5978,0.0,1.0,15.0,0.0637,0.0,0.8851,0.0036711593748308996,0.0322373795249698,0.0617
D'Andre Swift,RB,CHI,NYJ,NYJ@CHI,False,0.9508674235277402,Full,False,,,,,,,,,,,,,0.7396748566317672,0.6076708581049087,0.8885673699163467,77,72.63170407859918,48.333386208738304,91.84658567202742,72.0,14.23640288690194,3.7895145238603334,20.962662737392364,55.0,2.024254222128689,1.0,3.0,61.0,0.14889251328457936,14.80417740832325,2.7692955227021625,0.46391466934679054,0.09415438828880474,0.5778144231991056
Zavion Thomas,WR,CHI,NYJ,NYJ@CHI,False,1.0,,False,,,,,,,,,,,,,0.0,0.0185,0.0189,1,0.0,0.0,0.0,61.0,3.135532269470834,0.0,0.0,61.0,0.28215,0.0,0.0,61.0,0.0189,0.0,0.45545,0.0036711593748308996,0.0158355534296039,0.0185
Jahdae Walker,WR,CHI,NYJ,NYJ@CHI,False,1.0,,False,,,,,,,,,,,,,0.0,0.06195,0.06355,7,0.0,0.0,0.0,61.0,5.823066457778627,0.0,8.178110305630412,19.0,0.5255,0.0,1.0,4.0,0.06355,0.0,0.8375,0.0036711593748308996,0.02915928246233834,0.06195
Trevor Lawrence,QB,JAX,CIN,JAX@CIN,False,1.0,,False,17.5457,15.0,20.0,87.0,209.13947746611285,155.10957315345695,252.08407316551828,82.0,1.85515,1.0,3.0,64.0,0.0925,0.08875,0.0925,57,,,,,,,,,,,,,,,,,,0.08875
Ameer Abdullah,RB,JAX,CIN,JAX@CIN,False,1.0,,False,,,,,,,,,,,,,0.0849,0.1639,0.17795,17,14.297724799503147,3.907438742616997,19.82998832864446,37.0,6.308787951284402,0.0,9.839642118121812,24.0,0.8398,0.0,1.0,35.0,0.09305,3.05385,1.14825,0.1012339773294711,0.03897586367971787,0.1639
LeQuint Allen Jr.,RB,JAX,CIN,JAX@CIN,False,0.9951309141019752,Limited,False,,,,,,,,,,,,,0.0132696657451621,0.09047499371701433,0.09349082684091481,10,1.9643444458879196,0.0,0.855041021276921,51.0,4.6106001518118696,0.0,6.800498098003959,20.0,0.6117617491832119,0.0,1.0,15.0,0.0802211610957527,0.4350841920080422,0.8439808997235486,0.014411611963900142,0.028842503785887787,0.09003446320098293
Nate Boerkircher,TE,JAX,CIN,JAX@CIN,False,0.9479829842591244,Full,False,,,,,,,,,,,,,0.0,0.0658518596565167,0.0682225266041513,9,0.0,0.0,0.0,60.0,4.408730262344514,0.0,5.146889779582693,27.0,0.43541249604888843,0.0,1.0,3.0,0.0682225266041513,0.0,0.6533558107680961,0.003731281965321853,0.02316884689475601,0.06242644243619774
Josh Cameron,WR,JAX,CIN,JAX@CIN,False,1.0,,False,,,,,,,,,,,,,0.0,0.1499,0.16155,18,0.0,0.0,0.0,66.0,13.397073346066609,0.0,20.61044176661224,20.0,1.0611,0.0,2.0,10.0,0.16155,0.0,1.6935,0.003731281965321853,0.055206768305918905,0.1499
Jakobi Meyers,WR,JAX,CIN,JAX@CIN,False,0.9479829842591244,Full,False,,,,,,,,,,,,,0.00616828342471531,0.3046710248840152,0.357760438633488,29,1.0490684360223548,0.0,0.0,74.0,44.24539053160764,20.23838088537191,61.605308352830775,47.0,3.567376634331506,2.0,5.0,50.0,0.3515921552087727,0.2307570645297343,5.563949810206664,0.007618034012532117,0.18433128756821218,0.28882294738683467
Quintin Morris,TE,JAX,CIN,JAX@CIN,False,1.0,,False,,,,,,,,,,,,,0.0,0.03565,0.03615,4,0.0,0.0,0.0,63.0,5.0733696749365365,0.0,6.9560464213601225,22.0,0.5002,0.0,1.0,3.0,0.03615,0.0,0.75045,0.003731281965321853,0.026344403442872016,0.03565
Chris Rodriguez Jr.,RB,JAX,CIN,JAX@CIN,False,1.0,,False,,,,,,,,,,,,,0.28205,0.25525,0.29025,42,31.496696901527628,15.984561694312847,42.105038630882355,48.0,0.8895192985272959,0.0,0.0,73.0,0.1184,0.0,0.0,73.0,0.0082,7.0807,0.1626,0.23408361488355425,0.005406753480438396,0.25525
Brenton Strange,TE,JAX,CIN,JAX@CIN,False,1.0,,False,,,,,,,,,,,,,0.0,0.2567,0.29245,29,0.0,0.0,0.0,76.0,31.322764929622274,12.583876289222932,44.071234446151266,46.0,2.9592,2.0,4.0,56.0,0.29245,0.0,4.32495,0.003731281965321853,0.15382111911821386,0.2567
Brian Thomas Jr.,WR,JAX,CIN,JAX@CIN,False,1.0,,False,,,,,,,,,,,,,0.0,0.2391,0.2691,21,0.0,0.0,0.0,79.0,43.267843860932054,18.71449434692798,60.39226695336112,50.0,3.1704,2.0,4.0,60.0,0.2691,0.0,5.4292,0.003731281965321853,0.17753827286255672,0.2391
Bhayshul Tuten,RB,JAX,CIN,JAX@CIN,False,1.0,,False,,,,,,,,,,,,,0.42325,0.4285,0.54025,77,62.96559847866157,40.71203639430577,80.1027980165057,77.0,8.834756421599794,0.0,13.548217879658889,49.0,1.1613,0.0,2.0,44.0,0.117,13.06875,1.5868,0.43244341261558644,0.05404793252586473,0.4285
Parker Washington,WR,JAX,CIN,JAX@CIN,False,1.0,,False,,,,,,,,,,,,,0.0,0.381,0.4675,57,0.0,0.0,0.0,97.0,61.85459032727443,31.963659833773484,83.70071166239514,72.0,4.35275,3.0,6.0,76.0,0.4675,0.0,7.17245,0.003731281965321853,0.23450791901632653,0.381
Joe Burrow,QB,CIN,JAX,JAX@CIN,False,1.0,,False,21.5987,19.0,24.0,93.0,249.92957576838066,190.43089181844658,298.262206240021,87.0,1.5946,1.0,2.0,81.0,0.03685,0.03605,0.03685,62,,,,,,,,,,,,,,,,,,0.03605
Erick All,TE,CIN,JAX,JAX@CIN,False,1.0,,False,,,,,,,,,,,,,0.0,0.03135,0.03195,5,0.0,0.0,0.0,65.0,6.202876784231957,0.0,8.920402694281673,22.0,0.5811,0.0,1.0,13.0,0.03195,0.0,0.8356,0.00413472599357225,0.021523188759094373,0.03135
Tahj Brooks,RB,CIN,JAX,JAX@CIN,False,1.0,,False,,,,,,,,,,,,,0.01255,0.01895,0.0192,1,2.7057871544186454,0.0,2.9556105310774803,27.0,1.0003830430750928,0.0,0.0,60.0,0.12255,0.0,0.0,60.0,0.00665,0.6523,0.1581,0.02667412687861754,0.004337945783848672,0.01895
Chase Brown,RB,CIN,JAX,JAX@CIN,False,1.0,,False,,,,,,,,,,,,,0.4318,0.48955,0.64655,82,65.77005319038066,43.559302115971846,82.83939478474058,82.0,26.30270759720106,11.609539507271087,36.7954371204487,71.0,3.5685,2.0,5.0,75.0,0.21475,15.91175,4.61195,0.6472878408039563,0.1265709806088277,0.48955
Ja'Marr Chase,WR,CIN,JAX,JAX@CIN,False,1.0,,False,,,,,,,,,,,,,0.0,0.4248,0.5361,66,0.0,0.0,0.0,97.0,77.39246564149282,45.67941589611073,101.40127308172733,78.0,6.40255,4.0,8.0,81.0,0.5361,0.0,9.62965,0.00413472599357225,0.2650837233849418,0.4248
Mike Gesicki,TE,CIN,JAX,JAX@CIN,False,1.0,,False,,,,,,,,,,,,,0.0,0.2287,0.2557,29,0.0,0.0,0.0,76.0,34.08543805800947,13.77870299995174,48.34286226594117,46.0,3.0085,2.0,4.0,56.0,0.2557,0.0,4.32435,0.00413472599357225,0.11094734731330717,0.2287
Tee Higgins,WR,CIN,JAX,JAX@CIN,False,1.0,,False,,,,,,,,,,,,,0.0,0.2655,0.30815,46,0.0,0.0,0.0,97.0,68.90466189201847,34.90494735876783,94.12920041319681,71.0,4.38015,3.0,6.0,76.0,0.30815,0.0,6.9023,0.00413472599357225,0.19010284318632523,0.2655
Tanner Hudson,TE,CIN,JAX,JAX@CIN,False,1.0,,False,,,,,,,,,,,,,0.0,0.05275,0.054,4,0.0,0.0,0.0,64.0,11.215236972583158,0.0,17.40835690808365,17.0,1.051,0.0,2.0,7.0,0.054,0.0,1.4404,0.0049616711922867,0.03740035518705615,0.05275
Dohnte Meyers,WR,CIN,JAX,JAX@CIN,False,1.0,,False,,,,,,,,,,,,,0.00485,0.0804,0.0834,12,0.9419774905748396,0.0,0.0,71.0,17.198970566770715,0.0,26.361152662724862,25.0,1.2876,0.0,2.0,25.0,0.07855,0.22455,2.0104,0.009239325985636756,0.05561048031259868,0.0804
Samaje Perine,RB,CIN,JAX,JAX@CIN,False,1.0,,False,,,,,,,,,,,,,0.13955,0.20095,0.22175,29,21.008548716749157,8.719568927627193,28.385628261461157,48.0,13.003486338140894,1.0891476207123438,19.430725289828228,34.0,1.60405,1.0,2.0,57.0,0.0822,5.06115,2.0694,0.20612089386050284,0.05673666024646542,0.20095
Drew Sample,TE,CIN,JAX,JAX@CIN,False,1.0,,False,,,,,,,,,,,,,0.0,0.09485,0.0987,14,0.0,0.0,0.0,68.0,11.02581699921556,0.0,16.881137732617923,22.0,1.03385,0.0,2.0,10.0,0.0987,0.0,1.4399,0.00413472599357225,0.036992000577719036,0.09485
Ke'Shawn Williams,WR,CIN,JAX,JAX@CIN,False,1.0,,False,,,,,,,,,,,,,0.0,0.0072,0.0072,1,0.0,0.0,0.0,60.0,1.3588168671342862,0.0,0.0,60.0,0.10205,0.0,0.0,60.0,0.0072,0.0,0.1621,0.006202088990358376,0.004542986839624691,0.0072
Dak Prescott,QB,DAL,HOU,DAL@HOU,False,1.0,,False,21.7039,19.0,25.0,92.0,245.66268506596893,187.24671913468995,293.0882033162395,87.0,1.60925,1.0,2.0,81.0,0.08445,0.08125,0.08445,62,,,,,,,,,,,,,,,,,,0.08125
Jake Ferguson,TE,DAL,HOU,DAL@HOU,False,1.0,,False,,,,,,,,,,,,,0.0,0.244,0.2728,41,0.0,0.0,0.0,78.0,31.774971760360383,13.985626613179736,44.3124081823209,49.0,3.39165,2.0,5.0,51.0,0.2728,0.0,4.69635,0.003788934110224781,0.12892449113833512,0.244
Ryan Flournoy,WR,DAL,HOU,DAL@HOU,False,1.0,,False,,,,,,,,,,,,,0.0,0.2418,0.2771,54,0.0,0.0,0.0,89.0,34.520866791156344,14.440484646154209,48.372623369639896,59.0,3.07135,2.0,4.0,69.0,0.2771,0.0,4.77115,0.003788934110224781,0.13724462754810904,0.2418
Tyler Goodson,RB,DAL,HOU,DAL@HOU,False,1.0,,False,,,,,,,,,,,,,0.1095,0.12455,0.132,9,18.44787397998236,6.797440874996591,24.883686579882976,34.0,3.737063313352727,0.0,4.800113552575922,25.0,0.494,0.0,1.0,4.0,0.0225,4.4391,0.6463,0.15533001680093902,0.018024068567615528,0.12455
CeeDee Lamb,WR,DAL,HOU,DAL@HOU,False,1.0,,False,,,,,,,,,,,,,0.0069,0.3132,0.36805,60,1.3133045816091669,0.0,0.0,97.0,76.63090484520558,42.114561370295434,102.09190844940642,77.0,5.34345,4.0,7.0,83.0,0.36115,0.3124,8.0756,0.010805478758789188,0.23453211669030724,0.3132
Hunter Luepke,RB,DAL,HOU,DAL@HOU,False,1.0,,False,,,,,,,,,,,,,0.0238,0.03715,0.03765,1,4.267663632454936,0.0,5.412078766505559,23.0,2.3339224370789196,0.0,0.0,61.0,0.3129,0.0,0.0,61.0,0.01385,1.0038,0.4079,0.03480467659466474,0.011351132874442062,0.03715
Jonathan Mingo,WR,DAL,HOU,DAL@HOU,False,1.0,,False,,,,,,,,,,,,,0.0,0.0224,0.02265,2,0.0,0.0,0.0,62.0,5.007778293769038,0.0,5.3270422580756085,30.0,0.4033,0.0,1.0,2.0,0.02265,0.0,0.63335,0.003788934110224781,0.018586510268320998,0.0224
George Pickens,WR,DAL,HOU,DAL@HOU,False,1.0,,False,,,,,,,,,,,,,0.0,0.2967,0.3448,60,0.0,0.0,0.0,97.0,61.09981367843601,32.59509482303577,81.99499340203005,76.0,4.8876,3.0,6.0,82.0,0.3448,0.0,7.54125,0.003788934110224781,0.21944210798844124,0.2967
Luke Schoonmaker,TE,DAL,HOU,DAL@HOU,False,1.0,,False,,,,,,,,,,,,,0.0,0.0346,0.0352,4,0.0,0.0,0.0,63.0,6.563605490733867,0.0,9.804182264728588,18.0,0.65025,0.0,1.0,17.0,0.0352,0.0,0.9586,0.003788934110224781,0.0261781961012032,0.0346
Brevyn Spann-Ford,TE,DAL,HOU,DAL@HOU,False,1.0,,False,,,,,,,,,,,,,0.0,0.03875,0.0393,5,0.0,0.0,0.0,65.0,8.451446522818786,0.0,13.056111462247026,18.0,0.82555,0.0,1.0,28.0,0.0393,0.0,1.188,0.003788934110224781,0.0328463930960007,0.03875
KaVontae Turpin,WR,DAL,HOU,DAL@HOU,False,1.0,,False,,,,,,,,,,,,,0.0286,0.10645,0.1121,22,1.6838735635967288,0.0,0.20804457948451416,61.0,14.695324119175075,0.0,22.645242183564644,19.0,1.0786,0.0,2.0,9.0,0.0835,0.39745,1.65715,0.014013042026704347,0.04777100741973718,0.10645
Javonte Williams,RB,DAL,HOU,DAL@HOU,False,1.0,,False,,,,,,,,,,,,,0.51255,0.52825,0.72655,85,64.2586005699122,42.04223095873391,80.73809032028146,82.0,18.40534232247589,7.044390827577599,26.05709932421252,69.0,2.8012,1.0,4.0,68.0,0.214,15.52485,3.75465,0.5415981468935401,0.10398067628201126,0.52825
C.J. Stroud,QB,HOU,DAL,DAL@HOU,False,1.0,,False,22.29415,19.0,25.0,92.0,247.2796157785062,187.7702675603299,294.5814382339266,87.0,1.627,1.0,2.0,82.0,0.0901,0.0865,0.0901,62,,,,,,,,,,,,,,,,,,0.0865
Lewis Bond,WR,HOU,DAL,DAL@HOU,False,1.0,,False,,,,,,,,,,,,,0.0,0.0253,0.02555,1,0.0,0.0,0.0,61.0,5.096286418637316,0.0,5.483118830877039,29.0,0.4217,0.0,1.0,1.0,0.02555,0.0,0.6829,0.005043335685979333,0.017434048938545523,0.0253
Kayshon Boutte,WR,HOU,DAL,DAL@HOU,False,1.0,,False,,,,,,,,,,,,,0.0,0.1579,0.17115,27,0.0,0.0,0.0,74.0,23.534948390289053,4.418556305361172,34.7967621937014,36.0,1.82255,1.0,3.0,41.0,0.17115,0.0,2.89605,0.004202779738316111,0.07405539583567827,0.1579
Nico Collins,WR,HOU,DAL,DAL@HOU,False,0.9479829842591244,Full,False,,,,,,,,,,,,,0.011089987325728771,0.3185994930291508,0.37653147444021967,22,1.5892378362045156,0.0,0.0,67.0,66.98586470652097,36.69653245802983,89.75078825242863,44.0,5.213983945923109,3.0,7.0,45.0,0.3654414871144909,0.31611744824672583,8.48141106886354,0.012871012948593089,0.21815729774871698,0.3020268981852185
Xavier Hutchinson,WR,HOU,DAL,DAL@HOU,False,1.0,,False,,,,,,,,,,,,,0.0155,0.2059,0.22945,42,2.1884894284477734,0.0,1.2888665297434427,76.0,36.50785018259239,14.436518095042953,51.06159837615862,64.0,3.02455,2.0,4.0,74.0,0.21395,0.433,5.10275,0.017544937637732332,0.12897755670948935,0.2059
Woody Marks,RB,HOU,DAL,DAL@HOU,False,1.0,,False,,,,,,,,,,,,,0.35775,0.3942,0.487,55,36.3203124818719,19.591526853819225,48.01622446060022,62.0,9.547636679731209,0.0,14.47208644956867,40.0,1.32305,0.0,2.0,40.0,0.12925,8.1974,1.83325,0.3254418215293464,0.052439376546490245,0.3942
David Montgomery,RB,HOU,DAL,DAL@HOU,False,1.0,,False,,,,,,,,,,,,,0.54705,0.4813,0.63875,81,52.35792654407936,32.152817908309935,67.54419360582193,74.0,8.778519989454585,0.0,13.568038653457958,48.0,1.2251,0.0,2.0,45.0,0.0917,12.1065,1.6289,0.48050976778317295,0.04712366165599306,0.4813
Foster Moreau,TE,HOU,DAL,DAL@HOU,False,1.0,,False,,,,,,,,,,,,,0.0,0.151,0.16195,25,0.0,0.0,0.0,73.0,16.762732672845853,2.6727603511263145,24.89688263317576,33.0,1.75395,1.0,3.0,39.0,0.16195,0.0,2.5656,0.004202779738316111,0.06758461795132445,0.151
Jaylin Noel,WR,HOU,DAL,DAL@HOU,False,1.0,,False,,,,,,,,,,,,,0.0174,0.0958,0.1004,16,2.4007616579875855,0.0,1.8721715253980578,51.0,17.565996561589564,0.0,26.363684995608573,29.0,1.41285,0.0,2.0,32.0,0.083,0.4698,2.21215,0.018656784129350353,0.05646175690647104,0.0958
Dalton Schultz,TE,HOU,DAL,DAL@HOU,False,0.9575230478992892,Limited,False,,,,,,,,,,,,,0.0,0.2454450806871421,0.27771993753253515,47,0.0,0.0,0.0,96.0,47.398245261051976,25.08790858222564,63.83356372232472,72.0,4.9412285268089535,3.0,6.0,78.0,0.27771993753253515,0.0,7.087246225923998,0.004202779738316111,0.1884575305919926,0.23501932175143928
Cade Stover,TE,HOU,DAL,DAL@HOU,False,1.0,,False,,,,,,,,,,,,,0.0,0.0341,0.03455,2,0.0,0.0,0.0,62.0,6.217486249361061,0.0,9.25137917424059,17.0,0.6574,0.0,1.0,16.0,0.03455,0.0,0.9623,0.004202779738316111,0.025231271717919168,0.0341
Jared Wayne,WR,HOU,DAL,DAL@HOU,False,1.0,,False,,,,,,,,,,,,,0.0,0.1721,0.18685,27,0.0,0.0,0.0,79.0,32.09134057314285,11.304259648526216,46.03936930133449,47.0,2.59025,1.0,4.0,44.0,0.18685,0.0,4.2873,0.004202779738316111,0.10867900941266526,0.1721
Jacoby Brissett,QB,ARI,NYG,ARI@NYG,False,1.0,,False,22.69855,20.0,26.0,92.0,209.2737691788156,161.086750653575,248.3943665459209,87.0,1.3771,1.0,2.0,78.0,0.09405,0.0902,0.09405,62,,,,,,,,,,,,,,,,,,0.0902
Tyler Allgeier,RB,ARI,NYG,ARI@NYG,False,1.0,,False,,,,,,,,,,,,,0.1608,0.2227,0.2473,62,27.769425837215532,13.4077795028673,36.91898432282164,61.0,8.354129622772932,0.0,12.84706498644886,41.0,1.30405,0.0,2.0,41.0,0.0865,6.73085,1.6937,0.2631685649469273,0.050214706342924534,0.2227
Kendrick Bourne,WR,ARI,NYG,ARI@NYG,False,1.0,,False,,,,,,,,,,,,,0.0,0.1528,0.1633,36,0.0,0.0,0.0,82.0,29.617173351312626,11.429695738873114,42.21137878600865,51.0,2.7918,1.0,4.0,50.0,0.1633,0.0,4.2048,0.003823930748269516,0.11641912720977952,0.1528
Jalen Brooks,WR,ARI,NYG,ARI@NYG,False,1.0,,False,,,,,,,,,,,,,0.0,0.01675,0.01695,2,0.0,0.0,0.0,62.0,4.50500590149737,0.0,4.570025549000844,31.0,0.40695,0.0,1.0,2.0,0.01695,0.0,0.63645,0.003823930748269516,0.017403380504758204,0.01675
Devin Duvernay,WR,ARI,NYG,ARI@NYG,False,1.0,,False,,,,,,,,,,,,,0.0,0.0139,0.01405,1,0.0,0.0,0.0,60.0,3.0668652227301245,0.0,0.0,60.0,0.27505,0.0,0.0,60.0,0.01405,0.0,0.426,0.003823930748269516,0.01178817394600256,0.0139
Simi Fehoko,WR,ARI,NYG,ARI@NYG,False,1.0,,False,,,,,,,,,,,,,0.0,0.0079,0.0079,1,0.0,0.0,0.0,60.0,2.0566642098124337,0.0,0.0,60.0,0.1815,0.0,0.0,60.0,0.0079,0.0,0.28595,0.003823930748269516,0.0078787259495309,0.0079
Marvin Harrison Jr.,WR,ARI,NYG,ARI@NYG,False,1.0,,False,,,,,,,,,,,,,0.0,0.12065,0.1281,16,0.0,0.0,0.0,74.0,32.7534687421123,12.055006040318096,46.614952689049474,43.0,2.59725,1.0,4.0,40.0,0.1281,0.0,4.24545,0.003823930748269516,0.11810291959089204,0.12065
Elijah Higgins,TE,ARI,NYG,ARI@NYG,False,1.0,,False,,,,,,,,,,,,,0.0,0.03635,0.0371,5,0.0,0.0,0.0,65.0,8.784478306550996,0.0,13.493105742502017,19.0,1.00065,0.0,2.0,5.0,0.0371,0.0,1.385,0.003823930748269516,0.037939910490828725,0.03635
Bam Knight,RB,ARI,NYG,ARI@NYG,False,1.0,,False,,,,,,,,,,,,,0.04995,0.07205,0.0744,1,11.793533711923684,2.446148309354184,16.42624076621803,26.0,4.633561569037763,0.0,7.000896141460316,16.0,0.7038,0.0,1.0,19.0,0.02445,2.49255,0.9355,0.09774201021420319,0.027490428251367955,0.07205
Hunter Long,TE,ARI,NYG,ARI@NYG,False,1.0,,False,,,,,,,,,,,,,0.0,0.0247,0.025,2,0.0,0.0,0.0,62.0,5.613744776702081,0.0,8.249451836088976,18.0,0.63205,0.0,1.0,14.0,0.025,0.0,0.9085,0.003823930748269516,0.025046316676960854,0.0247
Jeremiyah Love,RB,ARI,NYG,ARI@NYG,False,1.0,,False,,,,,,,,,,,,,0.3137,0.37925,0.46375,85,57.11544505935698,36.31838574736766,72.69687734059602,81.0,16.04498610582914,5.404839893418388,23.192675575669597,67.0,2.5024,1.0,4.0,64.0,0.15005,12.80935,3.27595,0.5020557379545316,0.09815544243541655,0.37925
Trey McBride,TE,ARI,NYG,ARI@NYG,False,1.0,,False,,,,,,,,,,,,,0.0,0.38195,0.46965,85,0.0,0.0,0.0,97.0,62.65672212215883,38.58744198421185,81.11417376811242,80.0,7.34185,5.0,9.0,84.0,0.46965,0.0,10.2885,0.003823930748269516,0.2826379647269515,0.38195
Michael Wilson,WR,ARI,NYG,ARI@NYG,False,1.0,,False,,,,,,,,,,,,,0.0,0.28025,0.32485,72,0.0,0.0,0.0,97.0,46.2146497512588,23.966471055806277,62.64941904051023,75.0,4.5909,3.0,6.0,80.0,0.32485,0.0,7.32435,0.003823930748269516,0.2026050189562565,0.28025
Jameis Winston,QB,NYG,ARI,ARI@NYG,False,1.0,,False,16.8491,14.0,19.0,69.0,201.88933244738425,149.70835401030655,243.56996273279134,64.0,1.5738,1.0,2.0,59.0,0.03385,0.0334,0.03385,38,,,,,,,,,,,,,,,,,,0.0334
Braxton Berrios,WR,NYG,ARI,ARI@NYG,False,1.0,,False,,,,,,,,,,,,,0.0,0.01615,0.01625,1,0.0,0.0,0.0,60.0,3.085160589853114,0.0,0.0,60.0,0.2181,0.0,0.0,60.0,0.01625,0.0,0.36935,0.003174876390494577,0.011481428516071942,0.01615
Malachi Fields,WR,NYG,ARI,ARI@NYG,False,1.0,,False,,,,,,,,,,,,,0.0,0.18865,0.20735,21,0.0,0.0,0.0,79.0,36.43356898130829,13.162720544024653,52.27059626242405,47.0,2.57845,1.0,4.0,44.0,0.20735,0.0,4.39875,0.003174876390494577,0.1377277938265995,0.18865
Najee Harris,RB,NYG,ARI,ARI@NYG,False,1.0,,False,,,,,,,,,,,,,0.17525,0.1697,0.1834,24,31.256526654486695,15.776913020965146,41.646025509018656,42.0,1.1722981414248246,0.0,0.0,67.0,0.14165,0.0,0.0,67.0,0.00815,6.81675,0.2018,0.19776445049813943,0.006178303016430381,0.1697
Theo Johnson,TE,NYG,ARI,ARI@NYG,False,1.0,,False,,,,,,,,,,,,,0.0,0.1169,0.12435,9,0.0,0.0,0.0,68.0,19.20684531604743,2.652729703383559,28.755672952105037,27.0,1.63545,1.0,2.0,50.0,0.12435,0.0,2.63785,0.003174876390494577,0.08590066315972086,0.1169
Isaiah Likely,TE,NYG,ARI,ARI@NYG,False,1.0,,False,,,,,,,,,,,,,0.0,0.3811,0.46955,62,0.0,0.0,0.0,97.0,48.30324758330612,24.591861217782018,65.7251396896391,71.0,4.2613,3.0,6.0,76.0,0.46955,0.0,6.5539,0.003174876390494577,0.211604686432372,0.3811
Darnell Mooney,WR,NYG,ARI,ARI@NYG,False,1.0,,False,,,,,,,,,,,,,0.00365,0.15945,0.1739,14,0.9724035386595106,0.0,0.0,73.0,31.206969878424548,8.7856650592427,45.51115452599808,37.0,2.0804,1.0,3.0,44.0,0.17025,0.22455,3.5947,0.006381822239478998,0.1121445721318939,0.15945
Malik Nabers,WR,NYG,ARI,ARI@NYG,False,1.0,,False,,,,,,,,,,,,,0.0,0.3507,0.42335,50,0.0,0.0,0.0,90.0,46.54418828363981,21.976763399673167,64.32835799373025,63.0,3.6537,2.0,5.0,66.0,0.42335,0.0,6.1487,0.003174876390494577,0.1921496692649209,0.3507
Patrick Ricard,RB,NYG,ARI,ARI@NYG,False,0.9508674235277402,Full,False,,,,,,,,,,,,,0.0,0.017781274586939417,0.01788617886178862,1,0.0,0.0,0.0,58.0,2.2299926105772343,0.0,0.0,58.0,0.2608969315499607,0.0,0.0,58.0,0.01788617886178862,0.0,0.3696826645685812,0.0018507391043628726,0.011867537471466781,0.016907634753522367
Cam Skattebo,RB,NYG,ARI,ARI@NYG,False,1.0,,False,,,,,,,,,,,,,0.3901,0.4304,0.54615,85,58.12966099195625,37.183921615037676,74.2254050766164,81.0,20.859401861828,6.942350325739427,30.037092729667123,67.0,2.39265,1.0,3.0,75.0,0.15605,14.0754,3.3854,0.4085793475336377,0.10694472200235326,0.4304
Tyrone Tracy Jr.,RB,NYG,ARI,ARI@NYG,False,0.9508674235277402,Full,False,,,,,,,,,,,,,0.04125334592977484,0.09205899333438304,0.09720254028237023,2,9.57759938389012,0.7221404590827762,13.299131995363421,21.0,7.460748443438024,0.0,11.450072969411812,15.0,0.8652705610664987,0.0,1.0,26.0,0.05594919435259539,2.059570671285362,1.2274707395160867,0.06038889524934998,0.03902886558661997,0.08753589780442221
Matthew Stafford,QB,LA,PHI,LA@PHI,False,1.0,,False,20.35315,17.0,23.0,91.0,252.69946323143654,190.44828896989299,303.5163738978264,87.0,1.62635,1.0,2.0,82.0,0.0658,0.064,0.0658,62,,,,,,,,,,,,,,,,,,0.064
Davante Adams,WR,LA,PHI,LA@PHI,False,0.9479829842591244,Full,False,,,,,,,,,,,,,0.0,0.36277967886285867,0.44311660963411426,52,0.0,0.0,0.0,95.0,84.0582435250372,45.94305835305046,112.00974414122416,72.0,5.349723611476705,4.0,7.0,79.0,0.44311660963411426,0.0,9.346617530929192,0.0037094996240090196,0.205438371562181,0.34390896259697956
Davis Allen,TE,LA,PHI,LA@PHI,False,1.0,,False,,,,,,,,,,,,,0.0,0.0593,0.06085,9,0.0,0.0,0.0,68.0,10.184226211376709,0.0,15.762799556641934,22.0,1.027,0.0,2.0,10.0,0.06085,0.0,1.5553,0.0037094996240090196,0.035878303383514304,0.0593
Tutu Atwell,WR,LA,PHI,LA@PHI,False,1.0,,False,,,,,,,,,,,,,0.0,0.064,0.066,2,0.0,0.0,0.0,62.0,12.96327715007093,0.0,19.908377982623573,16.0,1.00535,0.0,2.0,2.0,0.066,0.0,1.6806,0.0055642494360135285,0.036419750050495796,0.064
Dean Connors,RB,LA,PHI,LA@PHI,False,1.0,,False,,,,,,,,,,,,,0.0079,0.0146,0.0147,1,1.4657801920052513,0.0,0.0,60.0,1.0656689159452832,0.0,0.0,60.0,0.14195,0.0,0.0,60.0,0.0068,0.3378,0.1992,0.01154930450937464,0.004344665738020907,0.0146
Blake Corum,RB,LA,PHI,LA@PHI,False,1.0,,False,,,,,,,,,,,,,0.20235,0.25275,0.28755,33,40.76231372898843,22.870828670743464,53.641231672060535,63.0,5.918046936305576,0.0,8.921938003154448,40.0,0.79205,0.0,1.0,47.0,0.0852,8.3424,1.11535,0.28217334608852357,0.02442207887920161,0.25275
Tyler Higbee,TE,LA,PHI,LA@PHI,False,0.8055616699684496,DNP,False,,,,,,,,,,,,,0.0,0.20154990700557968,0.22157470551766895,27,0.0,0.0,0.0,65.0,25.730776055009166,8.453973636607959,36.993786339661725,38.0,2.5090514569125855,1.0,4.0,36.0,0.22157470551766895,0.0,3.843211407315561,0.0037094996240090196,0.09112591147814199,0.16236087966940047
Konata Mumpfield,WR,LA,PHI,LA@PHI,False,1.0,,False,,,,,,,,,,,,,0.0,0.12195,0.12945,25,0.0,0.0,0.0,78.0,17.045385901666247,0.0,26.050421409235096,32.0,1.2234,0.0,2.0,29.0,0.12945,0.0,2.2523,0.0037094996240090196,0.04853014105889319,0.12195
Puka Nacua,WR,LA,PHI,LA@PHI,False,0.9479829842591244,Full,False,,,,,,,,,,,,,0.0,0.37473595268272075,0.4629277566539924,15,0.0,0.0,0.0,66.0,90.74686089120529,54.46539408329347,118.27209716818697,46.0,6.807456696239966,5.0,9.0,49.0,0.4629277566539924,0.0,10.95136248415716,0.0055642494360135285,0.2422819490604486,0.35524330673335164
Colby Parkinson,TE,LA,PHI,LA@PHI,False,0.4981574884199691,Questionable; DNP,False,,,,,,,,,,,,,0.0,0.1587429492344883,0.17183722804190169,10,0.0,0.0,0.0,34.0,14.470315396710204,0.0,21.972333112669656,11.0,1.4400684931506849,0.0,2.0,13.0,0.17183722804190169,0.0,2.1577356970185333,0.0037094996240090196,0.05573077410504164,0.07907898889503136
Jordan Whittington,WR,LA,PHI,LA@PHI,False,1.0,,False,,,,,,,,,,,,,0.0,0.0506,0.05175,1,0.0,0.0,0.0,61.0,9.830032341632466,0.0,14.983861045162136,16.0,0.77925,0.0,1.0,23.0,0.05175,0.0,1.26045,0.004451399548810823,0.02735777448413341,0.0506
Kyren Williams,RB,LA,PHI,LA@PHI,False,1.0,,False,,,,,,,,,,,,,0.43955,0.47115,0.62245,85,69.94781337185556,46.83598590876723,88.45603948552628,82.0,19.930327538801922,6.502440263426313,28.634737650844258,67.0,2.55015,1.0,4.0,65.0,0.1829,13.85895,3.62065,0.4659074688288857,0.07975243494787163,0.47115
Jalen Hurts,QB,PHI,LA,LA@PHI,False,1.0,,False,18.1987,15.0,21.0,89.0,185.07248341056032,138.33590168648564,222.00316719987617,85.0,1.62115,1.0,2.0,80.0,0.17935,0.16455,0.17935,60,,,,,,,,,,,,,,,,,,0.16455
Saquon Barkley,RB,PHI,LA,LA@PHI,False,1.0,,False,,,,,,,,,,,,,0.3601,0.4212,0.53085,61,64.72571174003261,42.453152955802466,81.86593007233984,72.0,19.792030047041372,7.113944815496536,28.248350619963123,59.0,2.82075,1.0,4.0,59.0,0.17075,14.27245,4.1619,0.5066954607132254,0.07317225500178123,0.4212
Tank Bigsby,RB,PHI,LA,LA@PHI,False,0.9508674235277402,Full,False,,,,,,,,,,,,,0.12204620809431083,0.15867585916530708,0.16978053786642808,30,17.55495562469288,6.315829672208171,23.9300311402828,41.0,5.461482474825273,0.0,8.255210604424366,27.0,0.7748539550549971,0.0,1.0,33.0,0.04773432977211726,4.260038945318668,1.1269406873322456,0.1524993004829911,0.020020015140222006,0.1508797053805661
Darius Cooper,WR,PHI,LA,LA@PHI,False,0.9479829842591244,Full,False,,,,,,,,,,,,,0.0,0.11820193929173693,0.12405143338954469,10,0.0,0.0,0.0,61.0,9.379849172749136,0.0,14.361141223466994,18.0,0.7819350758853288,0.0,1.0,25.0,0.12405143338954469,0.0,1.3492306070826308,0.003918102731914374,0.023017613013095545,0.11205342715499664
Britain Covey,WR,PHI,LA,LA@PHI,False,1.0,,False,,,,,,,,,,,,,0.0,0.0171,0.0172,1,0.0,0.0,0.0,60.0,3.013843700987048,0.0,0.0,60.0,0.24895,0.0,0.0,60.0,0.0172,0.0,0.43175,0.003918102731914374,0.006990110553482418,0.0171
Zach Ertz,TE,PHI,LA,LA@PHI,False,1.0,,False,,,,,,,,,,,,,0.0,0.27785,0.32075,8,0.0,0.0,0.0,62.0,38.03376858767982,17.764156966462387,52.38060804768498,35.0,3.9531,2.0,5.0,39.0,0.32075,0.0,6.3373,0.005877154097871561,0.11945663418304525,0.27785
E.J. Jenkins,TE,PHI,LA,LA@PHI,False,1.0,,False,,,,,,,,,,,,,0.0,0.0083,0.0083,1,0.0,0.0,0.0,60.0,1.0578731417012714,0.0,0.0,60.0,0.1116,0.0,0.0,60.0,0.0083,0.0,0.17985,0.003918102731914374,0.0033630068017476934,0.0083
Makai Lemon,WR,PHI,LA,LA@PHI,False,1.0,,False,,,,,,,,,,,,,0.0046,0.22875,0.25845,16,0.9402383770184093,0.0,0.0,74.0,39.4458898532524,17.699560708450736,54.50460792864655,46.0,3.70115,2.0,5.0,50.0,0.25385,0.22195,6.335,0.00799945974432518,0.1055486079456173,0.22875
Johnny Mundt,TE,PHI,LA,LA@PHI,False,1.0,,False,,,,,,,,,,,,,0.0,0.06965,0.07215,7,0.0,0.0,0.0,66.0,9.948616179772404,0.0,15.317883829962572,20.0,1.0607,0.0,2.0,10.0,0.07215,0.0,1.6755,0.003918102731914374,0.03162725326156454,0.06965
Will Shipley,RB,PHI,LA,LA@PHI,False,0.9508674235277402,Full,False,,,,,,,,,,,,,0.05643720441408303,0.132790331056227,0.1421439831844456,34,9.806247753291018,1.7092132760669765,13.13644721129085,36.0,10.326518422484545,0.0,15.530158881127347,26.0,1.4487125591171834,0.0,2.0,30.0,0.08570677877036259,2.4529689963215975,2.105412506568576,0.08734145840937704,0.036972446743345155,0.12626599996083024
Dontayvion Wicks,WR,PHI,LA,LA@PHI,False,1.0,,False,,,,,,,,,,,,,0.0,0.46065,0.60505,48,0.0,0.0,0.0,84.0,62.19876015834311,32.17189267030088,83.90749450001687,59.0,4.67305,3.0,6.0,65.0,0.60505,0.0,8.1367,0.003918102731914374,0.1351349138313996,0.46065
Jordan Love,QB,GB,TB,GB@TB,False,1.0,,False,21.05725,18.0,24.0,91.0,250.43141579640232,189.73724970809954,299.36179505964617,87.0,1.7108,1.0,2.0,82.0,0.0343,0.03385,0.0343,62,,,,,,,,,,,,,,,,,,0.03385
Chris Brooks,RB,GB,TB,GB@TB,False,1.0,,False,,,,,,,,,,,,,0.0985,0.1442,0.1549,36,11.83083445098446,3.144186539854139,15.532805326498389,41.0,8.050952051636814,0.0,12.329185092350945,27.0,1.1151,0.0,2.0,19.0,0.0564,3.1536,1.64905,0.1586231360316892,0.03545245369331911,0.1442
Matthew Golden,WR,GB,TB,GB@TB,False,1.0,,False,,,,,,,,,,,,,0.0,0.327,0.388,66,0.0,0.0,0.0,97.0,58.71349227183629,29.689035100615385,80.23273049191401,74.0,4.3727,3.0,6.0,79.0,0.388,0.0,7.87425,0.0040338590252482175,0.17944285542252625,0.327
Kaleb Johnson,RB,GB,TB,GB@TB,False,1.0,,False,,,,,,,,,,,,,0.10505,0.12075,0.1279,13,16.961590390911667,6.376168972454288,22.252763529367286,44.0,3.4481995984573617,0.0,4.190507254878245,36.0,0.4684,0.0,1.0,12.0,0.02285,4.7803,0.69495,0.24099239564424177,0.014913634654722084,0.12075
Tucker Kraft,TE,GB,TB,GB@TB,False,1.0,,False,,,,,,,,,,,,,0.0,0.24515,0.2776,35,0.0,0.0,0.0,87.0,50.54154773645245,26.483724272430447,68.317491096699,62.0,4.6149,3.0,6.0,68.0,0.2776,0.0,7.45305,0.0040338590252482175,0.17927638077196362,0.24515
MarShawn Lloyd,RB,GB,TB,GB@TB,False,1.0,,False,,,,,,,,,,,,,0.2543,0.33035,0.395,70,34.567743707780615,18.337595536032623,45.388886143473556,60.0,10.533800709712473,0.0,15.799216919908872,38.0,1.49595,0.0,2.0,43.0,0.1407,9.7603,2.2032,0.4912491318250138,0.04739769159254864,0.33035
Bo Melton,WR,GB,TB,GB@TB,False,1.0,,False,,,,,,,,,,,,,0.0,0.04585,0.04655,5,0.0,0.0,0.0,65.0,9.50466223428687,0.0,14.667948326608172,19.0,0.7939,0.0,1.0,27.0,0.04655,0.0,1.39395,0.0040338590252482175,0.031707909519308776,0.04585
J. Michael Sturdivant,WR,GB,TB,GB@TB,False,1.0,,False,,,,,,,,,,,,,0.0,0.0367,0.0372,4,0.0,0.0,0.0,64.0,7.5059853078892225,0.0,11.121163690504364,20.0,0.64945,0.0,1.0,18.0,0.0372,0.0,1.127,0.004840630830297861,0.025661210819242147,0.0367
Skyy Moore,WR,GB,TB,GB@TB,False,1.0,,False,,,,,,,,,,,,,0.0,0.17435,0.1899,36,0.0,0.0,0.0,78.0,19.616996192880883,2.896112360040521,29.37205902297758,37.0,1.7136,1.0,3.0,43.0,0.1899,0.0,3.03725,0.0040338590252482175,0.06892510430865523,0.17435
Jonnu Smith,TE,GB,TB,GB@TB,False,1.0,,False,,,,,,,,,,,,,0.0,0.11215,0.118,16,0.0,0.0,0.0,70.0,15.778405346566048,1.9227326232142021,23.503395561522236,29.0,1.68695,1.0,2.0,52.0,0.118,0.0,2.70585,0.0040338590252482175,0.06495765294524869,0.11215
Christian Watson,WR,GB,TB,GB@TB,False,1.0,,False,,,,,,,,,,,,,0.0,0.4127,0.51855,77,0.0,0.0,0.0,97.0,84.75143704133502,47.998582968991705,111.99968919848412,77.0,5.6544,4.0,7.0,84.0,0.51855,0.0,10.04,0.0040338590252482175,0.2294997740755688,0.4127
Jalon Daniels,QB,TB,GB,GB@TB,False,1.0,,False,21.5137,18.0,24.0,53.0,232.99888300079246,176.01771415194364,279.3453074088186,48.0,1.3843,1.0,2.0,39.0,0.1537,0.14375,0.1537,19,,,,,,,,,,,,,,,,,,0.14375
Payne Durham,TE,TB,GB,GB@TB,False,1.0,,False,,,,,,,,,,,,,0.0,0.01235,0.01235,1,0.0,0.0,0.0,61.0,2.8700897530063774,0.0,0.0,61.0,0.2823,0.0,0.0,61.0,0.01235,0.0,0.432,0.004031067598683822,0.011496661950966977,0.01235
Emeka Egbuka,WR,TB,GB,GB@TB,False,1.0,,False,,,,,,,,,,,,,0.00865,0.24805,0.28285,41,1.1594982596907728,0.0,0.0,87.0,54.07533092687731,26.96371419332352,74.09603399452703,61.0,4.17405,3.0,6.0,66.0,0.2742,0.2584,7.2805,0.009405824396928919,0.20988922303322183,0.24805
Kenny Gainwell,RB,TB,GB,GB@TB,False,1.0,,False,,,,,,,,,,,,,0.17985,0.2874,0.33365,35,20.520162767006504,7.841623198882472,27.68685732272936,48.0,17.59991938031756,5.743293999359699,25.33550111521517,44.0,2.412,1.0,3.0,52.0,0.1538,5.01465,3.3232,0.18402720569832287,0.09431425421677939,0.2874
Chris Godwin Jr.,WR,TB,GB,GB@TB,False,0.9479829842591244,Full,False,,,,,,,,,,,,,0.016052381455275107,0.14547470693843068,0.15598268032527193,16,1.9561546751377499,0.0,0.958336732010444,57.0,33.0256335915364,12.668394766622491,46.95629055241386,42.0,2.8311859752877813,1.0,4.0,41.0,0.13993029886999683,0.4418101172246277,4.565529622980251,0.01612427039473529,0.13276393565331426,0.13790754681771505
Ted Hurst III,WR,TB,GB,GB@TB,False,1.0,,False,,,,,,,,,,,,,0.0,0.16375,0.178,30,0.0,0.0,0.0,78.0,34.42062392123816,12.153294371265044,49.756247721683664,45.0,2.5411,1.0,4.0,42.0,0.178,0.0,4.2707,0.004031067598683822,0.12313462829329262,0.16375
Bucky Irving,RB,TB,GB,GB@TB,False,0.9508674235277402,Full,False,,,,,,,,,,,,,0.5700851108542608,0.5649889671114847,0.8083955027844909,72,63.56917641373151,41.50079706744742,80.18136613578191,72.0,25.299082088714922,10.765564539333978,35.52850305165138,61.0,3.2858568876746874,2.0,4.0,72.0,0.23831039193023013,14.428076074393191,4.424188294630661,0.5641843775666591,0.12676991240072408,0.5372296034788966
Kameron Johnson,WR,TB,GB,GB@TB,False,1.0,,False,,,,,,,,,,,,,0.0,0.011,0.011,1,0.0,0.0,0.0,60.0,2.722892555240936,0.0,0.0,60.0,0.21335,0.0,0.0,60.0,0.011,0.0,0.353,0.004031067598683822,0.01017560986849046,0.011
Tez Johnson,WR,TB,GB,GB@TB,False,1.0,,False,,,,,,,,,,,,,0.01045,0.1259,0.13295,21,1.2869013856187554,0.0,0.0,70.0,18.489256190191917,0.0,27.988251486422545,24.0,1.3982,0.0,2.0,27.0,0.1225,0.2923,2.38115,0.010749513596490193,0.06795565339302032,0.1259
Cade Otton,TE,TB,GB,GB@TB,False,1.0,,False,,,,,,,,,,,,,0.0,0.22965,0.2565,36,0.0,0.0,0.0,83.0,44.550079330190094,22.697921118313804,60.5956882187523,58.0,4.375,3.0,6.0,63.0,0.2565,0.0,6.58815,0.004031067598683822,0.17817762212893093,0.22965
Bauer Sharp,TE,TB,GB,GB@TB,False,1.0,,False,,,,,,,,,,,,,0.0,0.0057,0.0057,1,0.0,0.0,0.0,60.0,1.081560263832605,0.0,0.0,60.0,0.10535,0.0,0.0,60.0,0.0057,0.0,0.1599,0.004031067598683822,0.004344251723652188,0.0057
Josh Williams,RB,TB,GB,GB@TB,False,1.0,,False,,,,,,,,,,,,,0.0,0.00615,0.00615,1,0.0,0.0,0.0,60.0,0.940972258047624,0.0,0.0,60.0,0.12365,0.0,0.0,60.0,0.00615,0.0,0.1746,0.0045181753576006185,0.0048760774093593,0.00615
Malik Willis,QB,MIA,MIN,MIA@MIN,False,1.0,,False,17.66975,15.0,20.0,90.0,218.74727297718562,165.63005838712832,262.76804718100914,85.0,0.88435,0.0,1.0,64.0,0.14995,0.1405,0.14995,60,,,,,,,,,,,,,,,,,,0.1405
Chris Bell,WR,MIA,MIN,MIA@MIN,False,0.9479829842591244,Full,False,,,,,,,,,,,,,0.0,0.11413330516531107,0.12173867117355022,17,0.0,0.0,0.0,72.0,41.32431609255912,15.096886728127213,59.167117434610745,42.0,2.690398225414598,1.0,4.0,40.0,0.12173867117355022,0.0,4.778493715010035,0.004001563023420691,0.10139379171137435,0.10819643123396894
Kevin Coleman Jr.,WR,MIA,MIN,MIA@MIN,False,1.0,,False,,,,,,,,,,,,,0.0,0.06725,0.06955,11,0.0,0.0,0.0,70.0,21.424455472432545,0.0,32.596711355534,24.0,1.51825,0.0,2.0,30.0,0.06955,0.0,2.7278,0.004001563023420691,0.05773344426580865,0.06725
Greg Dulcich,TE,MIA,MIN,MIA@MIN,False,1.0,,False,,,,,,,,,,,,,0.0,0.24825,0.28195,32,0.0,0.0,0.0,79.0,59.3571447668357,31.588127944926264,79.74050110102336,55.0,4.8549,3.0,6.0,61.0,0.28195,0.0,7.60315,0.004001563023420691,0.14886597117357067,0.24825
Ollie Gordon II,RB,MIA,MIN,MIA@MIN,False,1.0,,False,,,,,,,,,,,,,0.2176,0.22215,0.24915,41,35.42906157109838,18.022868295106257,46.88509587345847,53.0,7.470103521084422,0.0,11.43939546968388,31.0,0.881,0.0,1.0,43.0,0.03155,10.4594,1.30175,0.18704568009449923,0.023623722340357117,0.22215
DJ Herman,RB,MIA,MIN,MIA@MIN,False,1.0,,False,,,,,,,,,,,,,0.00655,0.05735,0.0592,4,1.5125149307722663,0.0,0.0,64.0,12.204525093033364,0.0,18.612469827825624,18.0,1.40605,0.0,2.0,21.0,0.05265,0.3676,2.0833,0.006727658245005016,0.03799336378142615,0.05735
Will Kacmarek,TE,MIA,MIN,MIA@MIN,False,1.0,,False,,,,,,,,,,,,,0.0,0.02605,0.02655,4,0.0,0.0,0.0,63.0,7.542295353857195,0.0,11.329598900108504,18.0,0.6534,0.0,1.0,17.0,0.02655,0.0,1.06195,0.004001563023420691,0.020482710836783245,0.02605
Ryan Miller,WR,MIA,MIN,MIA@MIN,False,1.0,,False,,,,,,,,,,,,,0.0,0.0336,0.0343,7,0.0,0.0,0.0,66.0,12.974610846334928,0.0,19.924598641667306,20.0,0.791,0.0,1.0,28.0,0.0343,0.0,1.3841,0.004001563023420691,0.028815894781872173,0.0336
Malik Washington,WR,MIA,MIN,MIA@MIN,False,1.0,,False,,,,,,,,,,,,,0.0163,0.2675,0.3047,51,3.954572777775368,0.0,4.713611930685936,61.0,68.08954442738182,38.53752450489212,90.2748636189762,74.0,5.60175,4.0,7.0,81.0,0.2884,0.967,9.8469,0.017206572629814523,0.20567907818009576,0.2675
Jaylen Wright,RB,MIA,MIN,MIA@MIN,False,0.9508674235277402,Full,False,,,,,,,,,,,,,0.13036624454836845,0.14586726919237034,0.1568493510587988,12,22.143831615763226,8.908262223689057,29.92155431667387,32.0,5.787751301757314,0.0,8.703837717203879,16.0,0.6783143292522726,0.0,1.0,17.0,0.02648310651043035,5.4849981608953815,1.0008407335400136,0.1000089387528074,0.01838610199745518,0.1387004344339765
Kyler Murray,QB,MIN,MIA,MIA@MIN,False,1.0,,False,17.19735,14.0,20.0,62.0,193.41685611208848,143.67812622179738,232.98181044919116,59.0,1.56815,1.0,2.0,53.0,0.0726,0.06935,0.0726,31,,,,,,,,,,,,,,,,,,0.06935
Jordan Addison,WR,MIN,MIA,MIA@MIN,False,1.0,,False,,,,,,,,,,,,,0.0,0.39545,0.49095,34,0.0,0.0,0.0,86.0,70.63521765725122,37.87690058934581,95.36107130884491,61.0,4.81995,3.0,6.0,67.0,0.49095,0.0,8.111,0.0033383944339874095,0.18234840808783934,0.39545
Max Bredeson,RB,MIN,MIA,MIA@MIN,False,1.0,,False,,,,,,,,,,,,,0.0106,0.02315,0.02335,1,1.5655319230425209,0.0,0.0,60.0,1.379579973832466,0.0,0.0,60.0,0.1768,0.0,0.0,60.0,0.01275,0.38195,0.2351,0.008769845334279734,0.00587157094026069,0.02315
Demond Claiborne,RB,MIN,MIA,MIA@MIN,False,1.0,,False,,,,,,,,,,,,,0.05075,0.0904,0.09385,3,7.207306895015665,0.0,9.467408947453503,23.0,4.725280676526105,0.0,6.810573717702037,20.0,0.6068,0.0,1.0,13.0,0.0431,1.84505,0.80685,0.04334558443983785,0.019987273385591902,0.0904
DeeJay Dallas,RB,MIN,MIA,MIA@MIN,False,1.0,,False,,,,,,,,,,,,,0.03815,0.09505,0.0985,5,5.3034811591372595,0.0,7.0107945855499905,25.0,6.941039567944959,0.0,10.597573514000182,19.0,0.88215,0.0,1.0,31.0,0.06035,1.3293,1.16335,0.03119074554426042,0.028897787921873298,0.09505
Tai Felton,WR,MIN,MIA,MIA@MIN,False,1.0,,False,,,,,,,,,,,,,0.0,0.05345,0.05425,4,0.0,0.0,0.0,63.0,8.426072958693965,0.0,12.265391999874604,20.0,0.631,0.0,1.0,16.0,0.05425,0.0,0.99615,0.0033383944339874095,0.02231923737032758,0.05345
T.J. Hockenson,TE,MIN,MIA,MIA@MIN,False,1.0,,False,,,,,,,,,,,,,0.0,0.4068,0.50905,34,0.0,0.0,0.0,81.0,50.83503708259702,27.172499899834705,68.32383765775609,57.0,5.0554,3.0,7.0,57.0,0.50905,0.0,7.12895,0.0033383944339874095,0.17401394545929222,0.4068
Jauan Jennings,WR,MIN,MIA,MIA@MIN,False,1.0,,False,,,,,,,,,,,,,0.0,0.19885,0.21995,4,0.0,0.0,0.0,64.0,34.183771161736395,12.62014575373194,48.86916104637695,32.0,2.71285,1.0,4.0,31.0,0.21995,0.0,4.32655,0.0040060733207848915,0.0972796575552155,0.19885
Aaron Jones,RB,MIN,MIA,MIA@MIN,False,0.9951309141019752,Limited,False,,,,,,,,,,,,,0.6162422781377128,0.5760634824971121,0.8261764853598513,66,77.41116463498793,53.10919502504623,96.53475843503324,83.0,23.214373186350706,9.163262382747906,32.966952215620864,69.0,3.0118025212194266,2.0,4.0,80.0,0.2099342072221385,19.836622972226408,4.095223745668224,0.4695496220428691,0.10180579744853953,0.5732585799181183
Myles Price,WR,MIN,MIA,MIA@MIN,False,1.0,,False,,,,,,,,,,,,,0.0,0.0391,0.0398,2,0.0,0.0,0.0,62.0,6.070630059993206,0.0,7.32771396441392,25.0,0.46355,0.0,1.0,2.0,0.0398,0.0,0.73135,0.0033383944339874095,0.016916054206660962,0.0391
Patrick Mahomes,QB,KC,LV,KC@LV,False,0.98,Full,False,18.94548977614604,16.0,22.0,89.0,221.54513672121112,167.14738427657443,266.2066608536529,85.0,1.5533119167813982,1.0,2.0,79.0,0.0868390189179542,0.08388149507929224,0.0868390189179542,60,,,,,,,,,,,,,,,,,,0.08220386517770639
Cyrus Allen,WR,KC,LV,KC@LV,False,1.0,,False,,,,,,,,,,,,,0.0,0.01675,0.01685,2,0.0,0.0,0.0,62.0,3.781278081963482,0.0,0.0,62.0,0.27485,0.0,0.0,62.0,0.01685,0.0,0.44795,0.004045413728572829,0.014432767438542021,0.01675
Jake Briningstool,TE,KC,LV,KC@LV,False,1.0,,False,,,,,,,,,,,,,0.0,0.02585,0.0263,4,0.0,0.0,0.0,63.0,5.339173926340476,0.0,7.048151715857757,24.0,0.48105,0.0,1.0,3.0,0.0263,0.0,0.72745,0.004045413728572829,0.02194829542168554,0.02585
Noah Gray,TE,KC,LV,KC@LV,False,1.0,,False,,,,,,,,,,,,,0.0,0.0985,0.10305,14,0.0,0.0,0.0,68.0,13.79614047066275,0.0,21.12764095146387,22.0,1.28275,0.0,2.0,21.0,0.10305,0.0,2.0156,0.004045413728572829,0.061691541629526704,0.0985
Emmett Johnson,RB,KC,LV,KC@LV,False,1.0,,False,,,,,,,,,,,,,0.13325,0.1627,0.17635,23,27.981552634647464,13.3629934260626,37.293508441420364,50.0,7.115086867997011,0.0,11.000691830043587,30.0,0.83545,0.0,1.0,40.0,0.0431,6.62125,1.14775,0.21925236725652777,0.03553406150255956,0.1627
Travis Kelce,TE,KC,LV,KC@LV,False,1.0,,False,,,,,,,,,,,,,0.0,0.25525,0.2905,43,0.0,0.0,0.0,89.0,50.670419971776035,25.44941339318133,69.31186928083046,63.0,4.20105,3.0,6.0,67.0,0.2905,0.0,6.2883,0.004045413728572829,0.19231230956075604,0.25525
Nikko Remigio,WR,KC,LV,KC@LV,False,1.0,,False,,,,,,,,,,,,,0.0,0.00355,0.00355,1,0.0,0.0,0.0,60.0,0.9452583237986961,0.0,0.0,60.0,0.06715,0.0,0.0,60.0,0.00355,0.0,0.1079,0.004045413728572829,0.003443678636554231,0.00355
Rashee Rice,WR,KC,LV,KC@LV,False,0.9479829842591244,Full,False,,,,,,,,,,,,,0.0,0.3118712273641851,0.3702742772424018,49,0.0,0.0,0.0,83.0,64.00742592923963,33.729937164970934,86.76594376146038,59.0,4.594302658053585,3.0,6.0,64.0,0.3702742772424018,0.0,7.271894525045007,0.004045413728572829,0.23864733221057446,0.2956486168212561
Jalen Royals,WR,KC,LV,KC@LV,False,1.0,,False,,,,,,,,,,,,,0.0,0.0516,0.05265,11,0.0,0.0,0.0,65.0,5.618105414970439,0.0,6.496065324279506,30.0,0.42465,0.0,1.0,5.0,0.05265,0.0,0.6828,0.004045413728572829,0.021699623823015622,0.0516
Brashard Smith,RB,KC,LV,KC@LV,False,1.0,,False,,,,,,,,,,,,,0.01045,0.0731,0.0754,7,2.0055128850264907,0.0,1.177308712925221,44.0,5.946109967675641,0.0,9.099040105324447,15.0,0.74905,0.0,1.0,21.0,0.06495,0.4709,1.04115,0.015448556699523958,0.0323598722102208,0.0731
Tyquan Thornton,WR,KC,LV,KC@LV,False,1.0,,False,,,,,,,,,,,,,0.0,0.08715,0.0906,12,0.0,0.0,0.0,71.0,20.570939270286452,0.0,31.251600791718623,26.0,1.38305,0.0,2.0,28.0,0.0906,0.0,2.35395,0.004045413728572829,0.07554250020051258,0.08715
Ben VanSumeren,RB,KC,LV,KC@LV,False,1.0,,False,,,,,,,,,,,,,0.0,0.00455,0.0046,1,0.0,0.0,0.0,60.0,0.7565598446096731,0.0,0.0,60.0,0.09115,0.0,0.0,60.0,0.0046,0.0,0.12345,0.004024486731542844,0.003850358337044487,0.00455
Kenneth Walker III,RB,KC,LV,KC@LV,False,1.0,,False,,,,,,,,,,,,,0.50855,0.56715,0.8074,85,92.95972913373829,66.35004840365119,114.76451848059318,84.0,28.54790722574333,12.45466036702303,39.93840558822556,71.0,3.37105,2.0,5.0,73.0,0.29885,17.90405,4.59425,0.5944292440339229,0.14362057362029831,0.56715
Xavier Worthy,WR,KC,LV,KC@LV,False,1.0,,False,,,,,,,,,,,,,0.0,0.2485,0.28145,48,0.0,0.0,0.0,84.0,33.67604028948662,13.037344044928162,47.94299958573812,53.0,2.7768,1.0,4.0,52.0,0.28145,0.0,4.6319,0.004045413728572829,0.1498792931398061,0.2485
Kirk Cousins,QB,LV,KC,KC@LV,False,1.0,,False,18.83045,16.0,22.0,90.0,191.507856161455,143.84940534694107,230.3764735683093,86.0,1.47405,1.0,2.0,80.0,0.04675,0.04535,0.04675,62,,,,,,,,,,,,,,,,,,0.04535
Cody White,WR,LV,KC,KC@LV,False,0.9575230478992892,Limited,False,,,,,,,,,,,,,0.0,0.14645225291077116,0.15684227014044796,31,0.0,0.0,0.0,67.0,10.27006339662211,0.0,15.666184261088178,23.0,0.8661306322769279,0.0,1.0,33.0,0.15684227014044796,0.0,1.4406098261368976,0.003992461328319908,0.045033350685395185,0.14023140757883915
Malik Benson,WR,LV,KC,KC@LV,False,0.9479829842591244,Full,False,,,,,,,,,,,,,0.004271250790972369,0.042026998523518246,0.04265977641847712,7,0.9966790840017801,0.0,0.0,63.0,7.466011192307456,0.0,10.984231281587713,21.0,0.6227589116220207,0.0,1.0,17.0,0.03838852562750475,0.24335583210293188,1.0335899599240665,0.0075892733358153205,0.0323588442106611,0.03984087947977864
Brock Bowers,TE,LV,KC,KC@LV,False,0.9575230478992892,Limited,False,,,,,,,,,,,,,0.0,0.35143586803564913,0.42773753061969044,30,0.0,0.0,0.0,71.0,61.72497142264229,36.30297219580054,81.57363229972665,50.0,6.222077448272268,4.0,8.0,52.0,0.42773753061969044,0.0,9.266169802470422,0.005988691992479861,0.25778897195443734,0.33650794350262714
Connor Heyward,RB,LV,KC,KC@LV,False,1.0,,False,,,,,,,,,,,,,0.02355,0.02775,0.02815,1,5.570810799003227,0.0,7.210819835010794,23.0,0.6419195380763115,0.0,0.0,61.0,0.0887,0.0,0.0,61.0,0.0046,1.37235,0.12305,0.04289942249749157,0.0037607662119331585,0.02775
Ashton Jeanty,RB,LV,KC,KC@LV,False,0.9508674235277402,Full,False,,,,,,,,,,,,,0.41564175339009773,0.5182907600126143,0.7015137180700095,84,65.15790818493879,42.83018027451609,82.37034249966607,78.0,23.8871600195035,10.488392734811598,33.30377075828181,68.0,3.42930726374435,2.0,5.0,70.0,0.2858719646799117,18.278355933985072,4.770261747082939,0.6139401900465825,0.1473875392383217,0.4928257996114289
Dylan Laube,RB,LV,KC,KC@LV,False,1.0,,False,,,,,,,,,,,,,0.00555,0.0103,0.0104,1,1.0604869532858072,0.0,0.0,60.0,0.5744518673579955,0.0,0.0,60.0,0.08,0.0,0.0,60.0,0.00485,0.26215,0.11215,0.008286859198696222,0.0036024008729398827,0.0103
Michael Mayer,TE,LV,KC,KC@LV,False,1.0,,False,,,,,,,,,,,,,0.0,0.22875,0.2569,36,0.0,0.0,0.0,82.0,31.977977175745718,14.305484037019975,44.24314286236788,54.0,3.44265,2.0,5.0,56.0,0.2569,0.0,5.1651,0.003992461328319908,0.141344136944197,0.22875
Jalen Nailor,WR,LV,KC,KC@LV,False,1.0,,False,,,,,,,,,,,,,0.0,0.1373,0.14575,25,0.0,0.0,0.0,78.0,23.441974832201907,5.418029772104436,34.658112202219016,40.0,1.89315,1.0,3.0,46.0,0.14575,0.0,3.25095,0.003992461328319908,0.10191907914310318,0.1373
Ian Thomas,TE,LV,KC,KC@LV,False,1.0,,False,,,,,,,,,,,,,0.0,0.02315,0.0234,2,0.0,0.0,0.0,62.0,4.067042760135002,0.0,4.4849593223182085,29.0,0.41455,0.0,1.0,2.0,0.0234,0.0,0.6342,0.003992461328319908,0.01747081207462083,0.02315
Tre Tucker,WR,LV,KC,KC@LV,False,1.0,,False,,,,,,,,,,,,,0.0,0.1918,0.2117,32,0.0,0.0,0.0,84.0,40.345761699221775,16.75163895694647,56.95984513040425,54.0,3.0618,2.0,4.0,64.0,0.2117,0.0,5.0447,0.003992461328319908,0.1576834791053455,0.1918
Mike Washington Jr.,RB,LV,KC,KC@LV,False,1.0,,False,,,,,,,,,,,,,0.13505,0.138,0.14935,23,32.06827803336502,14.72974977713531,42.53290924852429,45.0,2.066553676502352,0.0,0.0,71.0,0.2864,0.0,0.0,71.0,0.0143,6.78465,0.3951,0.2096170532759599,0.012194789120689845,0.138
Dareke Young,WR,LV,KC,KC@LV,False,1.0,,False,,,,,,,,,,,,,0.0,0.016,0.0161,2,0.0,0.0,0.0,62.0,3.0605639287359825,0.0,0.0,62.0,0.2449,0.0,0.0,62.0,0.0161,0.0,0.4015,0.003992461328319908,0.01248216955849858,0.016
Justin Herbert,QB,LAC,SEA,LAC@SEA,False,1.0,,False,18.16695,15.0,21.0,89.0,184.3225922894825,139.02243430200394,220.811524367431,86.0,1.11205,0.0,2.0,45.0,0.0955,0.09195,0.0955,61,,,,,,,,,,,,,,,,,,0.09195
Derius Davis,WR,LAC,SEA,LAC@SEA,False,1.0,,False,,,,,,,,,,,,,0.0,0.018,0.01805,4,0.0,0.0,0.0,63.0,4.186845316526636,0.0,3.4406884802767017,39.0,0.3735,0.0,1.0,3.0,0.01805,0.0,0.6369,0.0037908474855020105,0.014230332899761404,0.018
Oronde Gadsden II,TE,LAC,SEA,LAC@SEA,False,1.0,,False,,,,,,,,,,,,,0.0,0.1753,0.19085,23,0.0,0.0,0.0,71.0,28.934303146267986,11.040433340732685,41.12908402388279,40.0,2.89165,1.0,4.0,40.0,0.19085,0.0,4.4883,0.0037908474855020105,0.10281199231670671,0.1753
Omarion Hampton,RB,LAC,SEA,LAC@SEA,False,1.0,,False,,,,,,,,,,,,,0.28915,0.30765,0.3592,85,55.48877445458671,34.7515613036376,70.77902114326552,78.0,12.110664416904253,2.310344566129542,18.061787594372856,58.0,1.8854,1.0,3.0,66.0,0.07005,14.5485,2.5739,0.5296110354865731,0.05754512565454453,0.30765
Tre Harris,WR,LAC,SEA,LAC@SEA,False,1.0,,False,,,,,,,,,,,,,0.0,0.2343,0.2639,45,0.0,0.0,0.0,86.0,36.985710102447364,15.711247827746194,52.13304584231285,56.0,3.27295,2.0,4.0,67.0,0.2639,0.0,5.4467,0.0037908474855020105,0.1233765965738993,0.2343
Alec Ingold,RB,LAC,SEA,LAC@SEA,False,1.0,,False,,,,,,,,,,,,,0.00205,0.07,0.0722,11,0.5461420791708289,0.0,0.0,65.0,5.910207010757789,0.0,9.07372896669825,19.0,0.85895,0.0,1.0,30.0,0.07015,0.1369,1.2218,0.005007004558139298,0.027566883064968573,0.07
Quentin Johnston,WR,LAC,SEA,LAC@SEA,False,1.0,,False,,,,,,,,,,,,,0.0032,0.1995,0.221,30,0.8543468605185862,0.0,0.0,87.0,52.692203630545244,26.857752034401607,71.9088772500753,62.0,4.4589,3.0,6.0,67.0,0.2178,0.2163,7.95695,0.007739646949566604,0.17855517590416997,0.1995
Ladd McConkey,WR,LAC,SEA,LAC@SEA,False,0.6667342299285288,Questionable; Limited,False,,,,,,,,,,,,,0.0,0.22427381220445847,0.25264580049538393,25,0.0,0.0,0.0,56.0,45.509727793890825,22.029093033988843,62.388553389134394,38.0,3.828717255873302,2.0,5.0,40.0,0.25264580049538393,0.0,6.397132777902875,0.0037908474855020105,0.16887993185588768,0.1495310274732751
Keaton Mitchell,RB,LAC,SEA,LAC@SEA,False,0.9508674235277402,Full,False,,,,,,,,,,,,,0.09469077872093637,0.15737860494543154,0.17182474824695523,38,22.36981028844085,9.510497637853694,30.204507901020705,47.0,6.960487710422328,0.0,10.699248484303311,29.0,1.0570991722465335,0.0,2.0,19.0,0.07713396952601888,5.245900775030316,1.5026097959614066,0.19330370778071188,0.034332277575663,0.14964618860285256
Hayden Rucci,TE,LAC,SEA,LAC@SEA,False,1.0,,False,,,,,,,,,,,,,0.0,0.0059,0.00595,1,0.0,0.0,0.0,60.0,1.188103925020417,0.0,0.0,60.0,0.13105,0.0,0.0,60.0,0.00595,0.0,0.2066,0.005686271228253015,0.004893812218768463,0.0059
Marquez Valdes-Scantling,WR,LAC,SEA,LAC@SEA,False,1.0,,False,,,,,,,,,,,,,0.0,0.04385,0.0447,1,0.0,0.0,0.0,61.0,11.166889249648687,0.0,17.30911181297973,15.0,0.9741,0.0,2.0,1.0,0.0447,0.0,1.71075,0.005686271228253015,0.03844010378474763,0.04385
Kimani Vidal,RB,LAC,SEA,LAC@SEA,False,1.0,,False,,,,,,,,,,,,,0.03715,0.0773,0.08005,11,9.376908655077793,1.4798042035298073,12.617952892046873,29.0,6.9625525133225095,0.0,10.814165053689699,18.0,1.0204,0.0,2.0,6.0,0.0429,2.3634,1.4739,0.08577602028574885,0.0330731257398265,0.0773
Sam Darnold,QB,SEA,LAC,LAC@SEA,False,1.0,,False,20.0908,17.0,23.0,68.0,255.94430720762242,192.92551578896718,305.9737813789644,64.0,1.94645,1.0,3.0,47.0,0.04205,0.0415,0.04205,37,,,,,,,,,,,,,,,,,,0.0415
Elijah Arroyo,TE,SEA,LAC,LAC@SEA,False,1.0,,False,,,,,,,,,,,,,0.0,0.05365,0.05485,2,0.0,0.0,0.0,62.0,8.370067521760971,0.0,12.93392963987045,15.0,0.77335,0.0,1.0,23.0,0.05485,0.0,1.15405,0.003935996736425529,0.033123162865189966,0.05365
AJ Barner,TE,SEA,LAC,LAC@SEA,False,1.0,,False,,,,,,,,,,,,,0.029,0.3179,0.37815,49,1.2950908727865127,0.0,0.0,79.0,35.50441212048179,15.32039919230218,49.36716126026174,50.0,3.30345,2.0,4.0,61.0,0.34915,0.30155,4.6295,0.007215994016780135,0.132259381887268,0.3179
Montorie Foster Jr,WR,SEA,LAC,LAC@SEA,False,1.0,,False,,,,,,,,,,,,,0.0,0.01285,0.0129,1,0.0,0.0,0.0,60.0,2.604180578074179,0.0,0.0,60.0,0.19245,0.0,0.0,60.0,0.0129,0.0,0.29605,0.005903995104638292,0.008568804660695761,0.01285
George Holani,RB,SEA,LAC,LAC@SEA,False,0.9951309141019752,Limited,False,,,,,,,,,,,,,0.2343899130958959,0.29567488823027077,0.3473150148189079,59,31.749590496030315,15.848040695435298,42.23779492456316,54.0,10.104719455596907,0.0,15.483865607678174,33.0,1.2723162706585622,0.0,2.0,32.0,0.11292510172301201,7.717285377003064,1.6634852062088712,0.18117197450171257,0.047763572916747016,0.2942352218015887
Tory Horton,WR,SEA,LAC,LAC@SEA,False,1.0,,False,,,,,,,,,,,,,0.0,0.0946,0.09835,4,0.0,0.0,0.0,64.0,18.86438896370448,0.0,28.587769393549415,19.0,1.3875,0.0,2.0,21.0,0.09835,0.0,2.17285,0.004723196083710635,0.06357411857620636,0.0946
Cooper Kupp,WR,SEA,LAC,LAC@SEA,False,1.0,,False,,,,,,,,,,,,,0.0,0.1982,0.21825,23,0.0,0.0,0.0,76.0,36.48713135354083,13.743419989562694,51.905032808346746,45.0,2.72955,1.0,4.0,43.0,0.21825,0.0,4.1305,0.003935996736425529,0.11939799237840043,0.1982
Brady Russell,RB,SEA,LAC,LAC@SEA,False,1.0,,False,,,,,,,,,,,,,0.0,0.032,0.03225,4,0.0,0.0,0.0,64.0,4.213887293110237,0.0,5.743615982174977,23.0,0.5291,0.0,1.0,7.0,0.03225,0.0,0.68865,0.0034465752222346963,0.020028988373006415,0.032
Eric Saubert,TE,SEA,LAC,LAC@SEA,False,1.0,,False,,,,,,,,,,,,,0.0,0.10105,0.1059,16,0.0,0.0,0.0,65.0,6.0278515651312405,0.0,8.661601422691975,22.0,0.5652,0.0,1.0,12.0,0.1059,0.0,0.805,0.003935996736425529,0.022943869645718897,0.10105
Rashid Shaheed,WR,SEA,LAC,LAC@SEA,False,0.9479829842591244,Full,False,,,,,,,,,,,,,0.006282335550628234,0.19760320979833174,0.2166613873930947,25,1.3753806478980874,0.0,0.0,75.0,36.790520516284545,15.122339899720403,52.02603494670511,47.0,3.0150459296800762,2.0,4.0,56.0,0.21037905184246647,0.3086791257522965,4.770457185091331,0.007215994016780135,0.13957040757275127,0.18732448052380438
Jaxon Smith-Njigba,WR,SEA,LAC,LAC@SEA,False,1.0,,False,,,,,,,,,,,,,0.0,0.5641,0.79565,85,0.0,0.0,0.0,97.0,113.71633969261788,70.17134274659193,146.77246854924397,80.0,7.4783,5.0,9.0,84.0,0.79565,0.0,10.9729,0.003935996736425529,0.3184807476222622,0.5641
Emanuel Wilson,RB,SEA,LAC,LAC@SEA,False,1.0,,False,,,,,,,,,,,,,0.477,0.42055,0.5366,69,61.325270979947646,39.29242146104412,77.90182493215386,64.0,3.4817913166632817,0.0,4.040875420876008,48.0,0.4394,0.0,1.0,23.0,0.0596,15.5603,0.57385,0.36321926835032287,0.01686542105714638,0.42055
Bo Nix,QB,DEN,SF,DEN@SF,False,1.0,,False,20.2573,17.0,23.0,91.0,216.02817292491645,164.5220065746811,258.5199486840688,87.0,1.3894,1.0,2.0,78.0,0.1527,0.1412,0.1527,62,,,,,,,,,,,,,,,,,,0.1412
Nate Adkins,TE,DEN,SF,DEN@SF,False,1.0,,False,,,,,,,,,,,,,0.006,0.1163,0.1228,25,1.1424739882445432,0.0,0.0,68.0,8.302795265019725,0.0,12.666516941132004,22.0,0.8414,0.0,1.0,32.0,0.1168,0.2616,1.28675,0.008018484110048463,0.03557229965909327,0.1163
Tyler Badie,RB,DEN,SF,DEN@SF,False,1.0,,False,,,,,,,,,,,,,0.0245,0.1272,0.13485,17,4.626771619841856,0.0,5.903875772622275,27.0,9.051583039175245,0.0,13.898426428131364,19.0,1.21155,0.0,2.0,16.0,0.11035,1.1029,1.77665,0.03396559901557302,0.046416352928676324,0.1272
Pat Bryant,WR,DEN,SF,DEN@SF,False,1.0,,False,,,,,,,,,,,,,0.00635,0.11525,0.1217,21,1.0799335583934462,0.0,0.0,74.0,22.343928749934978,4.206463294490568,33.31898536133413,35.0,1.79875,1.0,3.0,41.0,0.11535,0.2548,2.9697,0.008018484110048463,0.08455405883962124,0.11525
J.K. Dobbins,RB,DEN,SF,DEN@SF,False,0.9508674235277402,Full,False,,,,,,,,,,,,,0.4631689401888772,0.3941762854144806,0.49029380902413433,59,59.50032077179286,37.96645927027366,75.74217557319602,64.0,4.757996434059581,0.0,6.989840819199605,40.0,0.6478488982161595,0.0,1.0,38.0,0.027124868835257082,14.474396642182581,0.9021511017838405,0.47612819126331196,0.023578353035792796,0.3748093889278023
Evan Engram,TE,DEN,SF,DEN@SF,False,1.0,,False,,,,,,,,,,,,,0.0,0.12215,0.12885,20,0.0,0.0,0.0,73.0,22.105783084063376,6.789722181397564,32.18424176616596,38.0,2.26495,1.0,3.0,46.0,0.12885,0.0,3.49655,0.003660612311109081,0.09478496739455596,0.12215
Troy Franklin,WR,DEN,SF,DEN@SF,False,1.0,,False,,,,,,,,,,,,,0.0097,0.11945,0.12695,13,1.633491495142232,0.0,0.0,66.0,22.2822785193816,4.552461260436828,33.359562706302796,28.0,1.8115,1.0,3.0,33.0,0.11725,0.379,3.00925,0.011795306335795928,0.08561764261290092,0.11945
RJ Harvey,RB,DEN,SF,DEN@SF,False,1.0,,False,,,,,,,,,,,,,0.102,0.25165,0.2893,28,18.102060140727144,6.1745702565828555,24.408791394481472,45.0,23.518408980282224,9.984289672145367,32.99210345480862,46.0,3.23255,2.0,4.0,56.0,0.1873,4.25895,4.39585,0.13197896018929048,0.11468883448904334,0.25165
Lil'Jordan Humphrey,WR,DEN,SF,DEN@SF,False,1.0,,False,,,,,,,,,,,,,0.0,0.05185,0.0535,1,0.0,0.0,0.0,61.0,11.542030950650556,0.0,17.85825951028932,15.0,0.9384,0.0,1.0,29.0,0.0535,0.0,1.6468,0.005490918466663622,0.04645420735912489,0.05185
Kolbe Katsis,WR,DEN,SF,DEN@SF,False,1.0,,False,,,,,,,,,,,,,0.0,0.0068,0.0068,1,0.0,0.0,0.0,60.0,1.8365077676901258,0.0,0.0,60.0,0.14435,0.0,0.0,60.0,0.0068,0.0,0.2334,0.005490918466663622,0.006694939713418782,0.0068
Marvin Mims Jr.,WR,DEN,SF,DEN@SF,False,0.9479829842591244,Full,False,,,,,,,,,,,,,0.0,0.054407822110077275,0.05582715659990538,1,0.0,0.0,0.0,57.0,11.639759263830609,0.0,17.857374450355138,13.0,1.1246911633286023,0.0,2.0,6.0,0.05582715659990538,0.0,1.801030331703727,0.005490918466663622,0.051418350126101055,0.05157768957095063
Adam Prentice,RB,DEN,SF,DEN@SF,False,1.0,,False,,,,,,,,,,,,,0.0,0.011,0.0111,1,0.0,0.0,0.0,61.0,1.9364271964415392,0.0,0.0,61.0,0.26565,0.0,0.0,61.0,0.0111,0.0,0.3694,0.004624047078271475,0.009442481131332163,0.011
Courtland Sutton,WR,DEN,SF,DEN@SF,False,1.0,,False,,,,,,,,,,,,,0.0,0.25395,0.28835,56,0.0,0.0,0.0,86.0,38.809546936193804,16.50630065250997,54.772198588442535,56.0,3.16025,2.0,4.0,67.0,0.28835,0.0,5.4014,0.003660612311109081,0.15351726654230824,0.25395
Adam Trautman,TE,DEN,SF,DEN@SF,False,1.0,,False,,,,,,,,,,,,,0.0,0.03085,0.03115,5,0.0,0.0,0.0,65.0,6.260298370552812,0.0,9.315497678144638,20.0,0.6598,0.0,1.0,19.0,0.03115,0.0,0.95635,0.003660612311109081,0.02631629996518489,0.03085
Jaylen Waddle,WR,DEN,SF,DEN@SF,False,0.9479829842591244,Full,False,,,,,,,,,,,,,0.00633445945945946,0.20845650337837837,0.2302048141891892,39,1.197057679954579,0.0,0.0,87.0,50.37319726406924,24.325429003706958,69.59535959805793,62.0,3.8803315033783785,2.0,5.0,65.0,0.22387035472972974,0.2747043918918919,6.508868243243243,0.00854142872592119,0.18734126492938988,0.1976132181608574
Brock Purdy,QB,SF,DEN,DEN@SF,False,1.0,,False,18.6747,16.0,21.0,89.0,229.82974682725276,170.1174467690079,276.53145330335775,83.0,1.9034,1.0,3.0,65.0,0.10175,0.0968,0.10175,58,,,,,,,,,,,,,,,,,,0.0968
Kaelon Black,RB,SF,DEN,DEN@SF,False,1.0,,False,,,,,,,,,,,,,0.24715,0.24545,0.27725,43,42.70697442771595,23.168825633558562,56.55313905565983,56.0,4.081795878969902,0.0,5.114292466367781,42.0,0.4671,0.0,1.0,19.0,0.0301,8.0071,0.668,0.24891945126204418,0.017069154423332972,0.24545
Jacob Cowing,WR,SF,DEN,DEN@SF,False,1.0,,False,,,,,,,,,,,,,0.0,0.03545,0.0362,4,0.0,0.0,0.0,63.0,7.006570681874579,0.0,9.049862243881883,24.0,0.4802,0.0,1.0,3.0,0.0362,0.0,0.81825,0.003573081114369162,0.021963988147486662,0.03545
Mike Evans,WR,SF,DEN,DEN@SF,False,0.6667342299285288,Questionable; Limited,False,,,,,,,,,,,,,0.0,0.302604010775217,0.3518407662376534,26,0.0,0.0,0.0,57.0,47.01758662914893,20.18735468645365,65.75443973886236,38.0,3.296692607003891,2.0,4.0,45.0,0.3518407662376534,0.0,5.646438192158037,0.003573081114369162,0.17378020190537355,0.20175645209749854
Luke Farrell,TE,SF,DEN,DEN@SF,False,1.0,,False,,,,,,,,,,,,,0.0,0.0446,0.0453,5,0.0,0.0,0.0,65.0,7.329968348532533,0.0,10.769166037587881,21.0,0.62585,0.0,1.0,17.0,0.0453,0.0,0.965,0.003573081114369162,0.025976971345210258,0.0446
Jordan James,RB,SF,DEN,DEN@SF,False,1.0,,False,,,,,,,,,,,,,0.0716,0.0797,0.0829,2,12.893988248280847,2.528193291097483,18.258764919002108,26.0,1.3843501647816034,0.0,0.0,62.0,0.1605,0.0,0.0,62.0,0.0113,2.48975,0.22965,0.07791179701481467,0.005850639311514084,0.0797
Kyle Juszczyk,RB,SF,DEN,DEN@SF,False,1.0,,False,,,,,,,,,,,,,0.0,0.1564,0.16795,17,0.0,0.0,0.0,65.0,12.196999222069573,0.0,18.433894902440542,20.0,1.30875,0.0,2.0,19.0,0.16795,0.0,1.8137,0.0040821452562378666,0.04640435390968829,0.1564
George Kittle,TE,SF,DEN,DEN@SF,False,1.0,,False,,,,,,,,,,,,,0.0,0.42075,0.53115,56,0.0,0.0,0.0,86.0,61.21957101430236,31.890286922977356,81.89010487669809,61.0,4.9123,3.0,6.0,67.0,0.53115,0.0,7.28615,0.003573081114369162,0.195409568875346,0.42075
Christian McCaffrey,RB,SF,DEN,DEN@SF,False,0.9508674235277402,Full,False,,,,,,,,,,,,,0.5306639902804923,0.6474565527441762,0.9936611906396915,84,74.41211691429497,50.035913317363104,93.56160729594562,78.0,47.95863178521871,25.813432706191712,64.11184061492895,72.0,5.193650625957424,3.0,7.0,73.0,0.4629972003591992,13.603665944746712,7.3333157255295545,0.44275317139235504,0.19092005027216466,0.6156453441540073
Deebo Samuel Sr.,WR,SF,DEN,DEN@SF,False,1.0,,False,,,,,,,,,,,,,0.0198,0.3291,0.3976,36,3.682529490593027,0.0,4.461414585152222,41.0,53.52376382867992,23.009420968529245,74.57546353243973,49.0,3.44845,2.0,5.0,52.0,0.3778,0.706,5.64035,0.022311139346997556,0.1508177428708796,0.3291
Jordan Watkins,WR,SF,DEN,DEN@SF,False,1.0,,False,,,,,,,,,,,,,0.0,0.0835,0.08805,2,0.0,0.0,0.0,62.0,18.32017121878791,0.0,28.190610792524254,16.0,1.15265,0.0,2.0,10.0,0.08805,0.0,1.93825,0.005359621671553742,0.051656749172312215,0.0835
Brayden Willis,TE,SF,DEN,DEN@SF,False,1.0,,False,,,,,,,,,,,,,0.0,0.00585,0.00585,1,0.0,0.0,0.0,60.0,0.9810210387000807,0.0,0.0,60.0,0.08385,0.0,0.0,60.0,0.00585,0.0,0.1325,0.004287697337242994,0.0036261717429202627,0.00585
Jared Goff,QB,DET,CAR,DET@CAR,False,1.0,,False,21.20755,18.0,24.0,92.0,219.122507916075,165.1024702595031,262.0247762273625,87.0,1.7366,1.0,2.0,83.0,0.05845,0.0566,0.05845,62,,,,,,,,,,,,,,,,,,0.0566
Jahmyr Gibbs,RB,DET,CAR,DET@CAR,False,1.0,,False,,,,,,,,,,,,,0.9589,0.74565,1.2767,85,109.82315933956406,80.72742302705484,133.6004479790542,86.0,30.056596432202728,14.589444571424709,40.95826987842603,74.0,4.0732,2.0,5.0,78.0,0.3178,20.43945,5.4296,0.7353193782287176,0.17056578397255723,0.74565
Tom Kennedy,WR,DET,CAR,DET@CAR,False,1.0,,False,,,,,,,,,,,,,0.0,0.0145,0.0147,1,0.0,0.0,0.0,60.0,2.8620870076793143,0.0,0.0,60.0,0.2401,0.0,0.0,60.0,0.0147,0.0,0.39165,0.004563660195744673,0.011709040824510464,0.0145
Sam LaPorta,TE,DET,CAR,DET@CAR,False,1.0,,False,,,,,,,,,,,,,0.0,0.3418,0.4088,61,0.0,0.0,0.0,90.0,50.40404440902107,27.158377543112955,67.78390929365563,66.0,5.04255,3.0,7.0,67.0,0.4088,0.0,7.21175,0.004563660195744673,0.1843402705526969,0.3418
Tay Martin,WR,DET,CAR,DET@CAR,False,1.0,,False,,,,,,,,,,,,,0.0,0.01305,0.01305,1,0.0,0.0,0.0,60.0,2.3830508045017873,0.0,0.0,60.0,0.19675,0.0,0.0,60.0,0.01305,0.0,0.32265,0.004563660195744673,0.009676893243397077,0.01305
Jackson Meeks,WR,DET,CAR,DET@CAR,False,1.0,,False,,,,,,,,,,,,,0.0,0.028,0.0282,2,0.0,0.0,0.0,62.0,5.3225446412475375,0.0,6.784828687562966,23.0,0.4524,0.0,1.0,2.0,0.0282,0.0,0.73625,0.004563660195744673,0.02215271895924376,0.028
Jacob Saylors,RB,DET,CAR,DET@CAR,False,1.0,,False,,,,,,,,,,,,,0.01125,0.018,0.01805,1,1.6720906768662178,0.0,0.0,60.0,0.8562145948678317,0.0,0.0,60.0,0.1191,0.0,0.0,60.0,0.0068,0.33505,0.16275,0.011988575606114403,0.005250653417118613,0.018
Amon-Ra St. Brown,WR,DET,CAR,DET@CAR,False,1.0,,False,,,,,,,,,,,,,0.0,0.44855,0.58235,85,0.0,0.0,0.0,97.0,65.481326780617,38.01614413048527,86.0408784303686,78.0,6.13405,4.0,8.0,80.0,0.58235,0.0,9.804,0.004563660195744673,0.29254432005340364,0.44855
Isaac TeSlaa,WR,DET,CAR,DET@CAR,False,1.0,,False,,,,,,,,,,,,,0.0,0.11935,0.12655,27,0.0,0.0,0.0,74.0,17.067354260521707,0.0,25.81063115004862,29.0,1.3475,0.0,2.0,30.0,0.12655,0.0,2.23535,0.004563660195744673,0.06617639500570466,0.11935
Sione Vaki,RB,DET,CAR,DET@CAR,False,1.0,,False,,,,,,,,,,,,,0.1424,0.16035,0.1747,16,21.115487166058138,8.33469588544924,29.404268073813085,40.0,4.893829530418257,0.0,7.387331915808327,25.0,0.6798,0.0,1.0,26.0,0.0323,4.21245,0.923,0.15073081942880007,0.02885744515558088,0.16035
Jameson Williams,WR,DET,CAR,DET@CAR,False,1.0,,False,,,,,,,,,,,,,0.0,0.20435,0.22585,35,0.0,0.0,0.0,87.0,44.53199576563282,18.972123640484256,62.56379843332464,58.0,3.27075,2.0,4.0,69.0,0.22585,0.0,5.331,0.004563660195744673,0.1587035073771584,0.20435
Brock Wright,TE,DET,CAR,DET@CAR,False,1.0,,False,,,,,,,,,,,,,0.0,0.06455,0.0665,5,0.0,0.0,0.0,65.0,11.042767197726665,0.0,17.082374942515976,18.0,1.1759,0.0,2.0,14.0,0.0665,0.0,1.7944,0.004563660195744673,0.045540475264919195,0.06455
Bryce Young,QB,CAR,DET,DET@CAR,False,0.98,Full,False,22.381996626284312,19.0,25.0,90.0,275.0768996828975,209.17149614964092,328.1144236156939,85.0,1.8845269130501456,1.0,3.0,67.0,0.09799110565864132,0.09308388284005521,0.09799110565864132,60,,,,,,,,,,,,,,,,,,0.09122220518325411
Jalen Coker,WR,CAR,DET,DET@CAR,False,0.6667342299285288,Questionable; Limited,False,,,,,,,,,,,,,0.0,0.3387810180673214,0.40685208786265836,44,0.0,0.0,0.0,63.0,54.355280289986645,25.934771958283388,75.09801724113504,45.0,4.086513231876452,2.0,5.0,49.0,0.40685208786265836,0.0,6.246120398830497,0.0036017860441965605,0.1558458290074983,0.22587690119551856
AJ Dillon,RB,CAR,DET,DET@CAR,False,1.0,,False,,,,,,,,,,,,,0.12635,0.1317,0.14235,10,20.01310818672121,6.899292979188724,26.946005813887396,39.0,2.509838768795199,0.0,0.0,69.0,0.31405,0.0,0.0,69.0,0.016,4.6264,0.43365,0.13093538301240798,0.008256103728936698,0.1317
Mitchell Evans,TE,CAR,DET,DET@CAR,False,1.0,,False,,,,,,,,,,,,,0.0,0.13945,0.1501,22,0.0,0.0,0.0,70.0,14.771015869306721,0.0,22.615703812280483,24.0,1.36275,0.0,2.0,26.0,0.1501,0.0,2.0132,0.0036017860441965605,0.04145720362657479,0.13945
Feleipe Franks,TE,CAR,DET,DET@CAR,False,1.0,,False,,,,,,,,,,,,,0.0,0.00355,0.0036,1,0.0,0.0,0.0,60.0,0.6999270226372497,0.0,0.0,60.0,0.06345,0.0,0.0,60.0,0.0036,0.0,0.096,0.0036017860441965605,0.0020209285776467264,0.00355
Jimmy Horn Jr.,WR,CAR,DET,DET@CAR,False,1.0,,False,,,,,,,,,,,,,0.0,0.05345,0.0548,1,0.0,0.0,0.0,61.0,12.591147664949267,0.0,19.08805434356843,16.0,0.91975,0.0,1.0,28.0,0.0548,0.0,1.526,0.005402679066294841,0.03295347890858793,0.05345
Chuba Hubbard,RB,CAR,DET,DET@CAR,False,0.9508674235277402,Full,False,,,,,,,,,,,,,0.5653751117186268,0.5528100520477367,0.7714631197097944,83,71.2399106665043,47.719653106685406,89.51178147041969,78.0,21.298075196385003,7.109116031764088,30.58966108680871,63.0,2.6105882971452603,1.0,4.0,62.0,0.20608800799116767,15.61316439724515,3.59160927396036,0.48015997382310005,0.06850935130770748,0.5256490698908673
Tetairoa McMillan,WR,CAR,DET,DET@CAR,False,1.0,,False,,,,,,,,,,,,,0.0,0.42495,0.53515,68,0.0,0.0,0.0,97.0,85.2953015258274,46.608092037884674,113.60614903508232,73.0,5.5371,4.0,7.0,80.0,0.53515,0.0,9.5217,0.0036017860441965605,0.2079302471377643,0.42495
John Metchie III,WR,CAR,DET,DET@CAR,False,1.0,,False,,,,,,,,,,,,,0.0,0.12935,0.1381,13,0.0,0.0,0.0,67.0,20.34707186990295,2.2532452835523595,30.34888453851523,25.0,1.6567,1.0,2.0,49.0,0.1381,0.0,2.71535,0.004322143253035873,0.059925631516801345,0.12935
David Moore,WR,CAR,DET,DET@CAR,False,1.0,,False,,,,,,,,,,,,,0.0,0.0409,0.0415,2,0.0,0.0,0.0,62.0,9.004308860536591,0.0,13.458749534346078,17.0,0.6637,0.0,1.0,17.0,0.0415,0.0,1.10345,0.005402679066294841,0.024180261720335043,0.0409
Brycen Tremayne,WR,CAR,DET,DET@CAR,False,1.0,,False,,,,,,,,,,,,,0.0,0.0556,0.057,11,0.0,0.0,0.0,70.0,13.228395028905826,0.0,20.219550854088777,24.0,0.8943,0.0,1.0,36.0,0.057,0.0,1.46185,0.0036017860441965605,0.03193488024592266,0.0556
Tommy Tremble,TE,CAR,DET,DET@CAR,False,1.0,,False,,,,,,,,,,,,,0.0,0.1956,0.2153,25,0.0,0.0,0.0,78.0,33.5343026360726,13.452168805744508,47.23347374837605,47.0,3.1617,2.0,4.0,59.0,0.2153,0.0,4.7557,0.0036017860441965605,0.09835148777272693,0.1956
Anthony Tyus III,RB,CAR,DET,DET@CAR,False,1.0,,False,,,,,,,,,,,,,0.0,0.00755,0.0076,1,0.0,0.0,0.0,60.0,1.2161098854763086,0.0,0.0,60.0,0.1482,0.0,0.0,60.0,0.0076,0.0,0.20225,0.003548162203347307,0.003987301932070379,0.00755
Darren Waller,TE,CAR,DET,DET@CAR,False,0.9479829842591244,Full,False,,,,,,,,,,,,,0.0,0.2677198525539758,0.30647709320695105,32,0.0,0.0,0.0,77.0,47.22150402799866,22.82241167716127,64.74739329404997,51.0,4.23001579778831,3.0,6.0,56.0,0.30647709320695105,0.0,6.388467614533965,0.0036017860441965605,0.13336362420145703,0.25379386476953075
Michael Penix Jr.,QB,ATL,NO,ATL@NO,False,1.0,,False,17.08865,14.0,20.0,57.0,186.1280609958508,137.99799219420885,224.87238583726975,53.0,1.11935,0.0,2.0,14.0,0.04105,0.04005,0.04105,26,,,,,,,,,,,,,,,,,,0.04005
Chris Blair,WR,ATL,NO,ATL@NO,False,1.0,,False,,,,,,,,,,,,,0.0,0.034,0.03455,5,0.0,0.0,0.0,65.0,6.231981354368927,0.0,8.679957554378397,23.0,0.52085,0.0,1.0,7.0,0.03455,0.0,0.8776,0.003686234688171161,0.029359713507702022,0.034
Zachariah Branch,WR,ATL,NO,ATL@NO,False,1.0,,False,,,,,,,,,,,,,0.0,0.0486,0.0495,7,0.0,0.0,0.0,66.0,8.664039823950324,0.0,13.188015830382033,21.0,0.7425,0.0,1.0,26.0,0.0495,0.0,1.2342,0.003686234688171161,0.0412946700509672,0.0486
Jahan Dotson,WR,ATL,NO,ATL@NO,False,1.0,,False,,,,,,,,,,,,,0.0,0.12445,0.1313,18,0.0,0.0,0.0,76.0,23.047834559642617,6.029014118141262,33.89932235212997,40.0,1.94525,1.0,3.0,45.0,0.1313,0.0,3.38665,0.003686234688171161,0.11497225072911339,0.12445
Austin Hooper,TE,ATL,NO,ATL@NO,False,1.0,,False,,,,,,,,,,,,,0.0,0.1161,0.12115,16,0.0,0.0,0.0,70.0,11.55856368556649,0.0,17.561216658561165,24.0,1.1636,0.0,2.0,18.0,0.12115,0.0,1.7366,0.003686234688171161,0.05920537550407646,0.1161
Drake London,WR,ATL,NO,ATL@NO,False,1.0,,False,,,,,,,,,,,,,0.00755,0.2703,0.30985,33,1.7567029252687243,0.0,0.0,90.0,67.35386765960247,36.29849650490795,90.49387990175666,66.0,4.74265,3.0,6.0,71.0,0.3023,0.36765,7.7712,0.011489755701436724,0.2610326419999095,0.2703
Nick Muse,TE,ATL,NO,ATL@NO,False,1.0,,False,,,,,,,,,,,,,0.0,0.00765,0.0077,1,0.0,0.0,0.0,60.0,1.3734903251164443,0.0,0.0,60.0,0.1405,0.0,0.0,60.0,0.0077,0.0,0.2139,0.003686234688171161,0.007150789762353575,0.00765
Kyle Pitts,TE,ATL,NO,ATL@NO,False,1.0,,False,,,,,,,,,,,,,0.0,0.1578,0.1716,11,0.0,0.0,0.0,70.0,27.968211088576446,11.132370751860568,39.80388884874378,39.0,2.85665,2.0,4.0,49.0,0.1716,0.0,4.31445,0.003686234688171161,0.14632157177459895,0.1578
Bijan Robinson,RB,ATL,NO,ATL@NO,False,1.0,,False,,,,,,,,,,,,,0.50765,0.52765,0.7223,85,95.26313449372174,67.9042182614126,117.22038768713483,84.0,30.722345927912674,14.701353846482055,42.466739982017614,73.0,3.8495,2.0,5.0,77.0,0.21465,17.1137,5.3481,0.531278601853038,0.20319122728193406,0.52765
Brian Robinson,RB,ATL,NO,ATL@NO,False,1.0,,False,,,,,,,,,,,,,0.18445,0.18735,0.20565,30,36.889362631562605,19.676423395594732,48.87145852206336,59.0,2.660522587537211,0.0,2.236603633516223,57.0,0.36815,0.0,1.0,23.0,0.0212,7.58785,0.51045,0.23370088360555538,0.019608096488972607,0.18735
Charlie Woerner,TE,ATL,NO,ATL@NO,False,1.0,,False,,,,,,,,,,,,,0.0,0.0144,0.0145,2,0.0,0.0,0.0,62.0,2.7111234403757964,0.0,0.0,62.0,0.27905,0.0,0.0,62.0,0.0145,0.0,0.42905,0.003686234688171161,0.014721993370818004,0.0144
Olamide Zaccheaus,WR,ATL,NO,ATL@NO,False,1.0,,False,,,,,,,,,,,,,0.0,0.10075,0.10555,11,0.0,0.0,0.0,70.0,16.953957137313346,2.736663318772286,25.43833348496964,29.0,1.67635,1.0,2.0,52.0,0.10555,0.0,2.79285,0.003686234688171161,0.0944351738251504,0.10075
Tyler Shough,QB,NO,ATL,ATL@NO,False,1.0,,False,21.8776,19.0,25.0,92.0,238.87406906053,181.78460728542495,284.3693712438313,87.0,1.9154,1.0,3.0,69.0,0.1403,0.13195,0.1403,62,,,,,,,,,,,,,,,,,,0.13195
Kevin Austin Jr.,WR,NO,ATL,ATL@NO,False,1.0,,False,,,,,,,,,,,,,0.0,0.0681,0.0699,2,0.0,0.0,0.0,62.0,12.780786858081235,0.0,19.59444592496461,16.0,1.029,0.0,2.0,3.0,0.0699,0.0,1.7933,0.003332389871668485,0.044291850698501146,0.0681
Barion Brown,WR,NO,ATL,ATL@NO,False,0.9479829842591244,Full,False,,,,,,,,,,,,,0.0077024531785808495,0.021841202848852544,0.02210498549195463,1,1.629989915135241,0.0,0.0,57.0,2.723869965140608,0.0,0.0,57.0,0.21524663677130046,0.0,0.0,57.0,0.01440253231337378,0.3937219730941704,0.37145871801635455,0.009330691640671757,0.009074282181376526,0.020705088656464126
Oscar Delp,TE,NO,ATL,ATL@NO,False,1.0,,False,,,,,,,,,,,,,0.0,0.0263,0.0267,1,0.0,0.0,0.0,61.0,4.880301011727798,0.0,6.161974584413464,23.0,0.48685,0.0,1.0,1.0,0.0267,0.0,0.7571,0.003998867846002182,0.01677375977595977,0.0263
CJ Donaldson,RB,NO,ATL,ATL@NO,False,1.0,,False,,,,,,,,,,,,,0.0546,0.0754,0.0782,11,6.501214760682891,0.0,8.665115039569157,25.0,2.9847021019772795,0.0,3.030171046177459,35.0,0.4019,0.0,1.0,5.0,0.0236,1.6514,0.57065,0.03908062596400464,0.013371007488053786,0.0754
Noah Fant,TE,NO,ATL,ATL@NO,False,0.6667342299285288,Questionable; Limited,False,,,,,,,,,,,,,0.0,0.20167181263649372,0.2220046690262821,25,0.0,0.0,0.0,53.0,18.45467574038687,3.796992225110638,27.50696136986263,27.0,1.8720536184953687,1.0,3.0,31.0,0.2220046690262821,0.0,2.871903004744333,0.003332389871668485,0.07077182565309295,0.1344615006964832
Juwan Johnson,TE,NO,ATL,ATL@NO,False,1.0,,False,,,,,,,,,,,,,0.0,0.4128,0.5164,66,0.0,0.0,0.0,90.0,52.96901710602613,28.300841612924096,71.16594092564381,66.0,4.99405,3.0,6.0,72.0,0.5164,0.0,7.6289,0.003332389871668485,0.1697533667800427,0.4128
Alvin Kamara,RB,NO,ATL,ATL@NO,False,1.0,,False,,,,,,,,,,,,,0.21165,0.3553,0.4264,36,39.936546682272436,22.13174369735486,52.178010931933756,55.0,22.06126936873485,9.15423920829979,31.043055723213286,48.0,3.2399,2.0,4.0,59.0,0.21475,11.05535,4.5023,0.26317348302825083,0.1033163552853583,0.3553
Bryce Lance,WR,NO,ATL,ATL@NO,False,1.0,,False,,,,,,,,,,,,,0.0,0.0684,0.07035,14,0.0,0.0,0.0,73.0,13.533049007721607,0.0,21.05456052188207,26.0,1.0645,0.0,2.0,16.0,0.07035,0.0,1.7983,0.003332389871668485,0.04472201059179554,0.0684
Kendre Miller,RB,NO,ATL,ATL@NO,False,1.0,,False,,,,,,,,,,,,,0.1877,0.2102,0.2337,23,28.113927368985454,13.329906883074084,37.519536182976836,45.0,5.9203217391633265,0.0,8.954349457613766,25.0,0.80075,0.0,1.0,33.0,0.046,7.2523,1.14565,0.17286051574649386,0.026414792220666394,0.2102
Jalen Cropper,WR,NO,ATL,ATL@NO,False,1.0,,False,,,,,,,,,,,,,0.0,0.01505,0.0151,1,0.0,0.0,0.0,60.0,2.787268889580371,0.0,0.0,60.0,0.22,0.0,0.0,60.0,0.0151,0.0,0.37205,0.0049985848075027265,0.009020588203971934,0.01505
Chris Olave,WR,NO,ATL,ATL@NO,False,1.0,,False,,,,,,,,,,,,,0.0,0.43485,0.55845,66,0.0,0.0,0.0,97.0,84.7628191850339,50.13608988757221,110.66391850127019,79.0,6.52525,5.0,8.0,86.0,0.55845,0.0,10.7194,0.003332389871668485,0.2664160110167168,0.43485
Devaughn Vele,WR,NO,ATL,ATL@NO,False,1.0,,False,,,,,,,,,,,,,0.0,0.26405,0.30155,55,0.0,0.0,0.0,95.0,37.41267147002248,15.144960446410863,52.69903989191515,65.0,3.12535,2.0,4.0,76.0,0.30155,0.0,5.2623,0.003332389871668485,0.13046428301322247,0.26405
Treyton Welch,TE,NO,ATL,ATL@NO,False,0.8055616699684496,DNP,False,,,,,,,,,,,,,0.0,0.008381969452377996,0.008444058114988204,1,0.0,0.0,0.0,48.0,1.3024417871090697,0.0,0.0,48.0,0.12988948218055382,0.0,0.0,48.0,0.008444058114988204,0.0,0.20296783807276791,0.003998867846002182,0.004365721037379572,0.006752193309682149
