player,team,opp,pos,game,market,prob,fair_odds,rush_td_mean,rec_td_mean,confidence,injury_flag,key_drivers,p_active,note
Aaron Rodgers,PIT,CLE,QB,PIT@CLE,anytime_td,0.01895,5177,0.01905,0.0,B,-,team att 36.7; ypa 6.68; opp d_ypa 0.99; pass rate 63.7%,1.0,PLAYED (final score in nflverse)
Aaron Rodgers,PIT,CLE,QB,PIT@CLE,first_td,0.004379464285714285,22734,0.01905,0.0,B,-,team att 36.7; ypa 6.68; opp d_ypa 0.99; pass rate 63.7%,1.0,PLAYED (final score in nflverse)
Aaron Rodgers,PIT,CLE,QB,PIT@CLE,last_td,0.004379464285714285,22734,0.01905,0.0,B,-,team att 36.7; ypa 6.68; opp d_ypa 0.99; pass rate 63.7%,1.0,PLAYED (final score in nflverse)
Aaron Rodgers,PIT,CLE,QB,PIT@CLE,2plus_td,0.0001,999900,0.01905,0.0,B,-,team att 36.7; ypa 6.68; opp d_ypa 0.99; pass rate 63.7%,1.0,PLAYED (final score in nflverse)
Germie Bernard,PIT,CLE,WR,PIT@CLE,anytime_td,0.1253,698,0.0,0.1338,C,-,tgt_sh 4.9%; team att 36.7; opp DvP 0.96; RZ tgt 2,1.0,PLAYED (final score in nflverse)
Germie Bernard,PIT,CLE,WR,PIT@CLE,first_td,0.029511466450216448,3289,0.0,0.1338,C,-,tgt_sh 4.9%; team att 36.7; opp DvP 0.96; RZ tgt 2,1.0,PLAYED (final score in nflverse)
Germie Bernard,PIT,CLE,WR,PIT@CLE,last_td,0.029511466450216448,3289,0.0,0.1338,C,-,tgt_sh 4.9%; team att 36.7; opp DvP 0.96; RZ tgt 2,1.0,PLAYED (final score in nflverse)
Germie Bernard,PIT,CLE,WR,PIT@CLE,2plus_td,0.0083,11948,0.0,0.1338,C,-,tgt_sh 4.9%; team att 36.7; opp DvP 0.96; RZ tgt 2,1.0,PLAYED (final score in nflverse)
Pat Freiermuth,PIT,CLE,TE,PIT@CLE,anytime_td,0.2468,305,0.0049,0.27545,B,-,tgt_sh 13.2%; team att 36.7; opp DvP 0.90; RZ tgt 3,1.0,PLAYED (final score in nflverse)
Pat Freiermuth,PIT,CLE,TE,PIT@CLE,first_td,0.06206710317460318,1511,0.0049,0.27545,B,-,tgt_sh 13.2%; team att 36.7; opp DvP 0.90; RZ tgt 3,1.0,PLAYED (final score in nflverse)
Pat Freiermuth,PIT,CLE,TE,PIT@CLE,last_td,0.06206710317460318,1511,0.0049,0.27545,B,-,tgt_sh 13.2%; team att 36.7; opp DvP 0.90; RZ tgt 3,1.0,PLAYED (final score in nflverse)
Pat Freiermuth,PIT,CLE,TE,PIT@CLE,2plus_td,0.0309,3136,0.0049,0.27545,B,-,tgt_sh 13.2%; team att 36.7; opp DvP 0.90; RZ tgt 3,1.0,PLAYED (final score in nflverse)
Travis Homer,PIT,CLE,RB,PIT@CLE,anytime_td,0.0547,1728,0.0472,0.00895,C,-,w_td 0.11; team TD 2.14,1.0,PLAYED (final score in nflverse)
Travis Homer,PIT,CLE,RB,PIT@CLE,first_td,0.012243775252525253,8067,0.0472,0.00895,C,-,w_td 0.11; team TD 2.14,1.0,PLAYED (final score in nflverse)
Travis Homer,PIT,CLE,RB,PIT@CLE,last_td,0.012243775252525253,8067,0.0472,0.00895,C,-,w_td 0.11; team TD 2.14,1.0,PLAYED (final score in nflverse)
Travis Homer,PIT,CLE,RB,PIT@CLE,2plus_td,0.00145,68866,0.0472,0.00895,C,-,w_td 0.11; team TD 2.14,1.0,PLAYED (final score in nflverse)
DK Metcalf,PIT,CLE,WR,PIT@CLE,anytime_td,0.296,238,0.0,0.34535,B,-,tgt_sh 22.2%; team att 36.7; opp DvP 0.96; RZ tgt 1,1.0,PLAYED (final score in nflverse)
DK Metcalf,PIT,CLE,WR,PIT@CLE,first_td,0.0755621626984127,1223,0.0,0.34535,B,-,tgt_sh 22.2%; team att 36.7; opp DvP 0.96; RZ tgt 1,1.0,PLAYED (final score in nflverse)
DK Metcalf,PIT,CLE,WR,PIT@CLE,last_td,0.0755621626984127,1223,0.0,0.34535,B,-,tgt_sh 22.2%; team att 36.7; opp DvP 0.96; RZ tgt 1,1.0,PLAYED (final score in nflverse)
DK Metcalf,PIT,CLE,WR,PIT@CLE,2plus_td,0.0447,2137,0.0,0.34535,B,-,tgt_sh 22.2%; team att 36.7; opp DvP 0.96; RZ tgt 1,1.0,PLAYED (final score in nflverse)
Lew Nichols III,PIT,CLE,RB,PIT@CLE,anytime_td,0.03445,2803,0.0258,0.00915,C,-,w_td 0.06; team TD 2.14,1.0,PLAYED (final score in nflverse)
Lew Nichols III,PIT,CLE,RB,PIT@CLE,first_td,0.007669924242424241,12938,0.0258,0.00915,C,-,w_td 0.06; team TD 2.14,1.0,PLAYED (final score in nflverse)
Lew Nichols III,PIT,CLE,RB,PIT@CLE,last_td,0.007669924242424241,12938,0.0258,0.00915,C,-,w_td 0.06; team TD 2.14,1.0,PLAYED (final score in nflverse)
Lew Nichols III,PIT,CLE,RB,PIT@CLE,2plus_td,0.0005,199900,0.0258,0.00915,C,-,w_td 0.06; team TD 2.14,1.0,PLAYED (final score in nflverse)
Michael Pittman,PIT,CLE,WR,PIT@CLE,anytime_td,0.17185,482,0.0,0.18655,C,-,tgt_sh 13.5%; team att 36.7; opp DvP 0.96; RZ tgt 0,1.0,PLAYED (final score in nflverse)
Michael Pittman,PIT,CLE,WR,PIT@CLE,first_td,0.04082219877344877,2350,0.0,0.18655,C,-,tgt_sh 13.5%; team att 36.7; opp DvP 0.96; RZ tgt 0,1.0,PLAYED (final score in nflverse)
Michael Pittman,PIT,CLE,WR,PIT@CLE,last_td,0.04082219877344877,2350,0.0,0.18655,C,-,tgt_sh 13.5%; team att 36.7; opp DvP 0.96; RZ tgt 0,1.0,PLAYED (final score in nflverse)
Michael Pittman,PIT,CLE,WR,PIT@CLE,2plus_td,0.01375,7173,0.0,0.18655,C,-,tgt_sh 13.5%; team att 36.7; opp DvP 0.96; RZ tgt 0,1.0,PLAYED (final score in nflverse)
Ben Skowronek,PIT,CLE,WR,PIT@CLE,anytime_td,0.0595,1581,0.0,0.0614,C,-,w_td 0.03; team TD 2.14,1.0,PLAYED (final score in nflverse)
Ben Skowronek,PIT,CLE,WR,PIT@CLE,first_td,0.013491993145743146,7312,0.0,0.0614,C,-,w_td 0.03; team TD 2.14,1.0,PLAYED (final score in nflverse)
Ben Skowronek,PIT,CLE,WR,PIT@CLE,last_td,0.013491993145743146,7312,0.0,0.0614,C,-,w_td 0.03; team TD 2.14,1.0,PLAYED (final score in nflverse)
Ben Skowronek,PIT,CLE,WR,PIT@CLE,2plus_td,0.0018,55456,0.0,0.0614,C,-,w_td 0.03; team TD 2.14,1.0,PLAYED (final score in nflverse)
Robert Tonyan,PIT,CLE,TE,PIT@CLE,anytime_td,0.04015,2391,0.0,0.04075,C,-,w_td 0.02; team TD 2.14,1.0,PLAYED (final score in nflverse)
Robert Tonyan,PIT,CLE,TE,PIT@CLE,first_td,0.009131194083694083,10851,0.0,0.04075,C,-,w_td 0.02; team TD 2.14,1.0,PLAYED (final score in nflverse)
Robert Tonyan,PIT,CLE,TE,PIT@CLE,last_td,0.009131194083694083,10851,0.0,0.04075,C,-,w_td 0.02; team TD 2.14,1.0,PLAYED (final score in nflverse)
Robert Tonyan,PIT,CLE,TE,PIT@CLE,2plus_td,0.0006,166567,0.0,0.04075,C,-,w_td 0.02; team TD 2.14,1.0,PLAYED (final score in nflverse)
Jaylen Warren,PIT,CLE,RB,PIT@CLE,anytime_td,0.41715,140,0.2059,0.31695,B,-,tgt_sh 11.9%; team att 36.7; opp DvP 1.05; RZ tgt 4; car_sh 47.8%; team rush 22.7; opp d_ypc 1.05; inside-10 car 0,1.0,PLAYED (final score in nflverse)
Jaylen Warren,PIT,CLE,RB,PIT@CLE,first_td,0.11585142496392496,763,0.2059,0.31695,B,-,tgt_sh 11.9%; team att 36.7; opp DvP 1.05; RZ tgt 4; car_sh 47.8%; team rush 22.7; opp d_ypc 1.05; inside-10 car 0,1.0,PLAYED (final score in nflverse)
Jaylen Warren,PIT,CLE,RB,PIT@CLE,last_td,0.11585142496392496,763,0.2059,0.31695,B,-,tgt_sh 11.9%; team att 36.7; opp DvP 1.05; RZ tgt 4; car_sh 47.8%; team rush 22.7; opp d_ypc 1.05; inside-10 car 0,1.0,PLAYED (final score in nflverse)
Jaylen Warren,PIT,CLE,RB,PIT@CLE,2plus_td,0.09055,1004,0.2059,0.31695,B,-,tgt_sh 11.9%; team att 36.7; opp DvP 1.05; RZ tgt 4; car_sh 47.8%; team rush 22.7; opp d_ypc 1.05; inside-10 car 0,1.0,PLAYED (final score in nflverse)
Darnell Washington,PIT,CLE,TE,PIT@CLE,anytime_td,0.1576,535,0.0,0.1719,C,-,tgt_sh 8.0%; team att 36.7; opp DvP 0.90; RZ tgt 2,1.0,PLAYED (final score in nflverse)
Darnell Washington,PIT,CLE,TE,PIT@CLE,first_td,0.03788431998556998,2540,0.0,0.1719,C,-,tgt_sh 8.0%; team att 36.7; opp DvP 0.90; RZ tgt 2,1.0,PLAYED (final score in nflverse)
Darnell Washington,PIT,CLE,TE,PIT@CLE,last_td,0.03788431998556998,2540,0.0,0.1719,C,-,tgt_sh 8.0%; team att 36.7; opp DvP 0.90; RZ tgt 2,1.0,PLAYED (final score in nflverse)
Darnell Washington,PIT,CLE,TE,PIT@CLE,2plus_td,0.0136,7253,0.0,0.1719,C,-,tgt_sh 8.0%; team att 36.7; opp DvP 0.90; RZ tgt 2,1.0,PLAYED (final score in nflverse)
Roman Wilson,PIT,CLE,WR,PIT@CLE,anytime_td,0.21135,373,0.0,0.2321,B,-,tgt_sh 12.0%; team att 36.7; opp DvP 0.96; RZ tgt 2,1.0,PLAYED (final score in nflverse)
Roman Wilson,PIT,CLE,WR,PIT@CLE,first_td,0.051350048701298695,1847,0.0,0.2321,B,-,tgt_sh 12.0%; team att 36.7; opp DvP 0.96; RZ tgt 2,1.0,PLAYED (final score in nflverse)
Roman Wilson,PIT,CLE,WR,PIT@CLE,last_td,0.051350048701298695,1847,0.0,0.2321,B,-,tgt_sh 12.0%; team att 36.7; opp DvP 0.96; RZ tgt 2,1.0,PLAYED (final score in nflverse)
Roman Wilson,PIT,CLE,WR,PIT@CLE,2plus_td,0.01955,5015,0.0,0.2321,B,-,tgt_sh 12.0%; team att 36.7; opp DvP 0.96; RZ tgt 2,1.0,PLAYED (final score in nflverse)
Deshaun Watson,CLE,PIT,QB,PIT@CLE,anytime_td,0.1309,664,0.13965,0.0,B,-,team att 29.8; ypa 7.66; opp d_ypa 1.05; pass rate 55.7%,1.0,PLAYED (final score in nflverse)
Deshaun Watson,CLE,PIT,QB,PIT@CLE,first_td,0.03138979978354978,3086,0.13965,0.0,B,-,team att 29.8; ypa 7.66; opp d_ypa 1.05; pass rate 55.7%,1.0,PLAYED (final score in nflverse)
Deshaun Watson,CLE,PIT,QB,PIT@CLE,last_td,0.03138979978354978,3086,0.13965,0.0,B,-,team att 29.8; ypa 7.66; opp d_ypa 1.05; pass rate 55.7%,1.0,PLAYED (final score in nflverse)
Deshaun Watson,CLE,PIT,QB,PIT@CLE,2plus_td,0.00855,11596,0.13965,0.0,B,-,team att 29.8; ypa 7.66; opp d_ypa 1.05; pass rate 55.7%,1.0,PLAYED (final score in nflverse)
Isaiah Bond,CLE,PIT,WR,PIT@CLE,anytime_td,0.04835,1968,0.0,0.0497,C,-,w_td 0.03; team TD 2.14,1.0,PLAYED (final score in nflverse)
Isaiah Bond,CLE,PIT,WR,PIT@CLE,first_td,0.010674691558441559,9268,0.0,0.0497,C,-,w_td 0.03; team TD 2.14,1.0,PLAYED (final score in nflverse)
Isaiah Bond,CLE,PIT,WR,PIT@CLE,last_td,0.010674691558441559,9268,0.0,0.0497,C,-,w_td 0.03; team TD 2.14,1.0,PLAYED (final score in nflverse)
Isaiah Bond,CLE,PIT,WR,PIT@CLE,2plus_td,0.00135,73974,0.0,0.0497,C,-,w_td 0.03; team TD 2.14,1.0,PLAYED (final score in nflverse)
Denzel Boston,CLE,PIT,WR,PIT@CLE,anytime_td,0.22845,338,0.0,0.25625,B,-,tgt_sh 14.5%; team att 29.8; opp DvP 1.06; RZ tgt 3,1.0,PLAYED (final score in nflverse)
Denzel Boston,CLE,PIT,WR,PIT@CLE,first_td,0.05662085858585858,1666,0.0,0.25625,B,-,tgt_sh 14.5%; team att 29.8; opp DvP 1.06; RZ tgt 3,1.0,PLAYED (final score in nflverse)
Denzel Boston,CLE,PIT,WR,PIT@CLE,last_td,0.05662085858585858,1666,0.0,0.25625,B,-,tgt_sh 14.5%; team att 29.8; opp DvP 1.06; RZ tgt 3,1.0,PLAYED (final score in nflverse)
Denzel Boston,CLE,PIT,WR,PIT@CLE,2plus_td,0.0261,3731,0.0,0.25625,B,-,tgt_sh 14.5%; team att 29.8; opp DvP 1.06; RZ tgt 3,1.0,PLAYED (final score in nflverse)
Michael Burton,CLE,PIT,RB,PIT@CLE,anytime_td,0.0164,5998,0.00575,0.0107,C,-,w_td 0.01; team TD 2.14,1.0,PLAYED (final score in nflverse)
Michael Burton,CLE,PIT,RB,PIT@CLE,first_td,0.0036326190476190477,27428,0.00575,0.0107,C,-,w_td 0.01; team TD 2.14,1.0,PLAYED (final score in nflverse)
Michael Burton,CLE,PIT,RB,PIT@CLE,last_td,0.0036326190476190477,27428,0.00575,0.0107,C,-,w_td 0.01; team TD 2.14,1.0,PLAYED (final score in nflverse)
Michael Burton,CLE,PIT,RB,PIT@CLE,2plus_td,5e-05,999900,0.00575,0.0107,C,-,w_td 0.01; team TD 2.14,1.0,PLAYED (final score in nflverse)
KC Concepcion,CLE,PIT,WR,PIT@CLE,anytime_td,0.2993,234,0.0138,0.3335,B,-,tgt_sh 20.8%; team att 29.8; opp DvP 1.06; RZ tgt 3,1.0,PLAYED (final score in nflverse)
KC Concepcion,CLE,PIT,WR,PIT@CLE,first_td,0.0766340367965368,1205,0.0138,0.3335,B,-,tgt_sh 20.8%; team att 29.8; opp DvP 1.06; RZ tgt 3,1.0,PLAYED (final score in nflverse)
KC Concepcion,CLE,PIT,WR,PIT@CLE,last_td,0.0766340367965368,1205,0.0138,0.3335,B,-,tgt_sh 20.8%; team att 29.8; opp DvP 1.06; RZ tgt 3,1.0,PLAYED (final score in nflverse)
KC Concepcion,CLE,PIT,WR,PIT@CLE,2plus_td,0.0446,2142,0.0138,0.3335,B,-,tgt_sh 20.8%; team att 29.8; opp DvP 1.06; RZ tgt 3,1.0,PLAYED (final score in nflverse)
Malachi Corley,CLE,PIT,WR,PIT@CLE,anytime_td,0.0201,4875,0.0,0.02035,C,-,w_td 0.02; team TD 2.14,1.0,PLAYED (final score in nflverse)
Malachi Corley,CLE,PIT,WR,PIT@CLE,first_td,0.0043629599567099565,22820,0.0,0.02035,C,-,w_td 0.02; team TD 2.14,1.0,PLAYED (final score in nflverse)
Malachi Corley,CLE,PIT,WR,PIT@CLE,last_td,0.0043629599567099565,22820,0.0,0.02035,C,-,w_td 0.02; team TD 2.14,1.0,PLAYED (final score in nflverse)
Malachi Corley,CLE,PIT,WR,PIT@CLE,2plus_td,0.00025,399900,0.0,0.02035,C,-,w_td 0.02; team TD 2.14,1.0,PLAYED (final score in nflverse)
Harold Fannin Jr.,CLE,PIT,TE,PIT@CLE,anytime_td,0.27,270,0.0,0.31225,B,-,tgt_sh 18.9%; team att 29.8; opp DvP 1.07; RZ tgt 3,1.0,PLAYED (final score in nflverse)
Harold Fannin Jr.,CLE,PIT,TE,PIT@CLE,first_td,0.06830093795093795,1364,0.0,0.31225,B,-,tgt_sh 18.9%; team att 29.8; opp DvP 1.07; RZ tgt 3,1.0,PLAYED (final score in nflverse)
Harold Fannin Jr.,CLE,PIT,TE,PIT@CLE,last_td,0.06830093795093795,1364,0.0,0.31225,B,-,tgt_sh 18.9%; team att 29.8; opp DvP 1.07; RZ tgt 3,1.0,PLAYED (final score in nflverse)
Harold Fannin Jr.,CLE,PIT,TE,PIT@CLE,2plus_td,0.0383,2511,0.0,0.31225,B,-,tgt_sh 18.9%; team att 29.8; opp DvP 1.07; RZ tgt 3,1.0,PLAYED (final score in nflverse)
Jerry Jeudy,CLE,PIT,WR,PIT@CLE,anytime_td,0.12205,719,0.0,0.12855,C,-,tgt_sh 11.0%; team att 29.8; opp DvP 1.06; RZ tgt 0,1.0,PLAYED (final score in nflverse)
Jerry Jeudy,CLE,PIT,WR,PIT@CLE,first_td,0.028984218975468976,3350,0.0,0.12855,C,-,tgt_sh 11.0%; team att 29.8; opp DvP 1.06; RZ tgt 0,1.0,PLAYED (final score in nflverse)
Jerry Jeudy,CLE,PIT,WR,PIT@CLE,last_td,0.028984218975468976,3350,0.0,0.12855,C,-,tgt_sh 11.0%; team att 29.8; opp DvP 1.06; RZ tgt 0,1.0,PLAYED (final score in nflverse)
Jerry Jeudy,CLE,PIT,WR,PIT@CLE,2plus_td,0.00645,15404,0.0,0.12855,C,-,tgt_sh 11.0%; team att 29.8; opp DvP 1.06; RZ tgt 0,1.0,PLAYED (final score in nflverse)
Quinshon Judkins,CLE,PIT,RB,PIT@CLE,anytime_td,0.4464,124,0.3836,0.19125,B,-,tgt_sh 9.9%; team att 29.8; opp DvP 0.92; RZ tgt 3; car_sh 51.3%; team rush 26.3; opp d_ypc 1.02; inside-10 car 4,1.0,PLAYED (final score in nflverse)
Quinshon Judkins,CLE,PIT,RB,PIT@CLE,first_td,0.1265008333333333,691,0.3836,0.19125,B,-,tgt_sh 9.9%; team att 29.8; opp DvP 0.92; RZ tgt 3; car_sh 51.3%; team rush 26.3; opp d_ypc 1.02; inside-10 car 4,1.0,PLAYED (final score in nflverse)
Quinshon Judkins,CLE,PIT,RB,PIT@CLE,last_td,0.1265008333333333,691,0.3836,0.19125,B,-,tgt_sh 9.9%; team att 29.8; opp DvP 0.92; RZ tgt 3; car_sh 51.3%; team rush 26.3; opp d_ypc 1.02; inside-10 car 4,1.0,PLAYED (final score in nflverse)
Quinshon Judkins,CLE,PIT,RB,PIT@CLE,2plus_td,0.1104,806,0.3836,0.19125,B,-,tgt_sh 9.9%; team att 29.8; opp DvP 0.92; RZ tgt 3; car_sh 51.3%; team rush 26.3; opp d_ypc 1.02; inside-10 car 4,1.0,PLAYED (final score in nflverse)
Jaleel McLaughlin,CLE,PIT,RB,PIT@CLE,anytime_td,0.04975,1910,0.0362,0.015,C,-,w_td 0.06; team TD 2.14,1.0,PLAYED (final score in nflverse)
Jaleel McLaughlin,CLE,PIT,RB,PIT@CLE,first_td,0.011187287157287156,8839,0.0362,0.015,C,-,w_td 0.06; team TD 2.14,1.0,PLAYED (final score in nflverse)
Jaleel McLaughlin,CLE,PIT,RB,PIT@CLE,last_td,0.011187287157287156,8839,0.0362,0.015,C,-,w_td 0.06; team TD 2.14,1.0,PLAYED (final score in nflverse)
Jaleel McLaughlin,CLE,PIT,RB,PIT@CLE,2plus_td,0.00145,68866,0.0362,0.015,C,-,w_td 0.06; team TD 2.14,1.0,PLAYED (final score in nflverse)
Raheim Sanders,CLE,PIT,RB,PIT@CLE,anytime_td,0.13045,667,0.05595,0.0835,C,-,tgt_sh 8.0%; team att 29.8; opp DvP 0.92; RZ tgt 0; car_sh 9.5%; team rush 26.3; opp d_ypc 1.02; inside-10 car 0,1.0,PLAYED (final score in nflverse)
Raheim Sanders,CLE,PIT,RB,PIT@CLE,first_td,0.03134102633477634,3091,0.05595,0.0835,C,-,tgt_sh 8.0%; team att 29.8; opp DvP 0.92; RZ tgt 0; car_sh 9.5%; team rush 26.3; opp d_ypc 1.02; inside-10 car 0,1.0,PLAYED (final score in nflverse)
Raheim Sanders,CLE,PIT,RB,PIT@CLE,last_td,0.03134102633477634,3091,0.05595,0.0835,C,-,tgt_sh 8.0%; team att 29.8; opp DvP 0.92; RZ tgt 0; car_sh 9.5%; team rush 26.3; opp d_ypc 1.02; inside-10 car 0,1.0,PLAYED (final score in nflverse)
Raheim Sanders,CLE,PIT,RB,PIT@CLE,2plus_td,0.0088,11264,0.05595,0.0835,C,-,tgt_sh 8.0%; team att 29.8; opp DvP 0.92; RZ tgt 0; car_sh 9.5%; team rush 26.3; opp d_ypc 1.02; inside-10 car 0,1.0,PLAYED (final score in nflverse)
Blake Whiteheart,CLE,PIT,TE,PIT@CLE,anytime_td,0.0531,1783,0.0,0.05405,C,-,w_td 0.04; team TD 2.14,1.0,PLAYED (final score in nflverse)
Blake Whiteheart,CLE,PIT,TE,PIT@CLE,first_td,0.011648556998556998,8485,0.0,0.05405,C,-,w_td 0.04; team TD 2.14,1.0,PLAYED (final score in nflverse)
Blake Whiteheart,CLE,PIT,TE,PIT@CLE,last_td,0.011648556998556998,8485,0.0,0.05405,C,-,w_td 0.04; team TD 2.14,1.0,PLAYED (final score in nflverse)
Blake Whiteheart,CLE,PIT,TE,PIT@CLE,2plus_td,0.00095,105163,0.0,0.05405,C,-,w_td 0.04; team TD 2.14,1.0,PLAYED (final score in nflverse)
Daniel Jones,IND,WAS,QB,IND@WAS,anytime_td,0.082,1120,0.0866,0.0,B,-,team att 31.9; ypa 7.39; opp d_ypa 1.10; pass rate 55.5%,1.0,INTL neutral site
Daniel Jones,IND,WAS,QB,IND@WAS,first_td,0.015275179126429126,6447,0.0866,0.0,B,-,team att 31.9; ypa 7.39; opp d_ypa 1.10; pass rate 55.5%,1.0,INTL neutral site
Daniel Jones,IND,WAS,QB,IND@WAS,last_td,0.015275179126429126,6447,0.0866,0.0,B,-,team att 31.9; ypa 7.39; opp d_ypa 1.10; pass rate 55.5%,1.0,INTL neutral site
Daniel Jones,IND,WAS,QB,IND@WAS,2plus_td,0.00415,23996,0.0866,0.0,B,-,team att 31.9; ypa 7.39; opp d_ypa 1.10; pass rate 55.5%,1.0,INTL neutral site
Mo Alie-Cox,IND,WAS,TE,IND@WAS,anytime_td,0.03790594685786588,2538,0.0,0.03890763390974272,C,no game designation yet (Full),w_td 0.02; team TD 2.74,0.9479829842591244,INTL neutral site
Mo Alie-Cox,IND,WAS,TE,IND@WAS,first_td,0.0068828034810215315,14429,0.0,0.03890763390974272,C,no game designation yet (Full),w_td 0.02; team TD 2.74,0.9479829842591244,INTL neutral site
Mo Alie-Cox,IND,WAS,TE,IND@WAS,last_td,0.0068828034810215315,14429,0.0,0.03890763390974272,C,no game designation yet (Full),w_td 0.02; team TD 2.74,0.9479829842591244,INTL neutral site
Mo Alie-Cox,IND,WAS,TE,IND@WAS,2plus_td,0.0010016870518768453,99732,0.0,0.03890763390974272,C,no game designation yet (Full),w_td 0.02; team TD 2.74,0.9479829842591244,INTL neutral site
Keenan Allen,IND,WAS,WR,IND@WAS,anytime_td,0.3450556056507364,190,0.0,0.41609057208696526,B,Questionable (DNP),tgt_sh 18.7%; team att 31.9; opp DvP 1.03; RZ tgt 3,0.4981574884199691,INTL neutral site
Keenan Allen,IND,WAS,WR,IND@WAS,first_td,0.07290691641458097,1272,0.0,0.41609057208696526,B,Questionable (DNP),tgt_sh 18.7%; team att 31.9; opp DvP 1.03; RZ tgt 3,0.4981574884199691,INTL neutral site
Keenan Allen,IND,WAS,WR,IND@WAS,last_td,0.07290691641458097,1272,0.0,0.41609057208696526,B,Questionable (DNP),tgt_sh 18.7%; team att 31.9; opp DvP 1.03; RZ tgt 3,0.4981574884199691,INTL neutral site
Keenan Allen,IND,WAS,WR,IND@WAS,2plus_td,0.062418595331129145,1502,0.0,0.41609057208696526,B,Questionable (DNP),tgt_sh 18.7%; team att 31.9; opp DvP 1.03; RZ tgt 3,0.4981574884199691,INTL neutral site
Deion Burks,IND,WAS,WR,IND@WAS,anytime_td,0.02785,3491,0.01115,0.017,C,-,w_td 0.02; team TD 2.74,1.0,INTL neutral site
Deion Burks,IND,WAS,WR,IND@WAS,first_td,0.005102511377511378,19498,0.01115,0.017,C,-,w_td 0.02; team TD 2.74,1.0,INTL neutral site
Deion Burks,IND,WAS,WR,IND@WAS,last_td,0.005102511377511378,19498,0.01115,0.017,C,-,w_td 0.02; team TD 2.74,1.0,INTL neutral site
Deion Burks,IND,WAS,WR,IND@WAS,2plus_td,0.0003,333233,0.01115,0.017,C,-,w_td 0.02; team TD 2.74,1.0,INTL neutral site
Josh Downs,IND,WAS,WR,IND@WAS,anytime_td,0.4312,132,0.0,0.5468,B,-,tgt_sh 20.4%; team att 31.9; opp DvP 1.03; RZ tgt 4,1.0,INTL neutral site
Josh Downs,IND,WAS,WR,IND@WAS,first_td,0.09675547383172384,934,0.0,0.5468,B,-,tgt_sh 20.4%; team att 31.9; opp DvP 1.03; RZ tgt 4,1.0,INTL neutral site
Josh Downs,IND,WAS,WR,IND@WAS,last_td,0.09675547383172384,934,0.0,0.5468,B,-,tgt_sh 20.4%; team att 31.9; opp DvP 1.03; RZ tgt 4,1.0,INTL neutral site
Josh Downs,IND,WAS,WR,IND@WAS,2plus_td,0.0994,906,0.0,0.5468,B,-,tgt_sh 20.4%; team att 31.9; opp DvP 1.03; RZ tgt 4,1.0,INTL neutral site
Ashton Dulin,IND,WAS,WR,IND@WAS,anytime_td,0.05063291139240506,1875,0.0,0.05201740506329114,C,Questionable (Full),w_td 0.03; team TD 2.74,0.7549608892548374,INTL neutral site
Ashton Dulin,IND,WAS,WR,IND@WAS,first_td,0.009115114440470454,10871,0.0,0.05201740506329114,C,Questionable (Full),w_td 0.03; team TD 2.74,0.7549608892548374,INTL neutral site
Ashton Dulin,IND,WAS,WR,IND@WAS,last_td,0.009115114440470454,10871,0.0,0.05201740506329114,C,Questionable (Full),w_td 0.03; team TD 2.74,0.7549608892548374,INTL neutral site
Ashton Dulin,IND,WAS,WR,IND@WAS,2plus_td,0.001384493670886076,72129,0.0,0.05201740506329114,C,Questionable (Full),w_td 0.03; team TD 2.74,0.7549608892548374,INTL neutral site
Seth McGowan,IND,WAS,RB,IND@WAS,anytime_td,0.16215,517,0.15085,0.0283,C,-,car_sh 11.9%; team rush 27.0; opp d_ypc 0.97; inside-10 car 1,1.0,INTL neutral site
Seth McGowan,IND,WAS,RB,IND@WAS,first_td,0.03229180000555001,2997,0.15085,0.0283,C,-,car_sh 11.9%; team rush 27.0; opp d_ypc 0.97; inside-10 car 1,1.0,INTL neutral site
Seth McGowan,IND,WAS,RB,IND@WAS,last_td,0.03229180000555001,2997,0.15085,0.0283,C,-,car_sh 11.9%; team rush 27.0; opp d_ypc 0.97; inside-10 car 1,1.0,INTL neutral site
Seth McGowan,IND,WAS,RB,IND@WAS,2plus_td,0.01565,6290,0.15085,0.0283,C,-,car_sh 11.9%; team rush 27.0; opp d_ypc 0.97; inside-10 car 1,1.0,INTL neutral site
Andrew Ogletree,IND,WAS,TE,IND@WAS,anytime_td,0.03575,2697,0.0,0.0365,C,-,w_td 0.02; team TD 2.74,1.0,INTL neutral site
Andrew Ogletree,IND,WAS,TE,IND@WAS,first_td,0.006370258491508492,15598,0.0,0.0365,C,-,w_td 0.02; team TD 2.74,1.0,INTL neutral site
Andrew Ogletree,IND,WAS,TE,IND@WAS,last_td,0.006370258491508492,15598,0.0,0.0365,C,-,w_td 0.02; team TD 2.74,1.0,INTL neutral site
Andrew Ogletree,IND,WAS,TE,IND@WAS,2plus_td,0.00075,133233,0.0,0.0365,C,-,w_td 0.02; team TD 2.74,1.0,INTL neutral site
Jonathan Taylor,IND,WAS,RB,IND@WAS,anytime_td,0.65144813059505,-187,0.7477619799894681,0.25013164823591366,B,no game designation yet (Full),tgt_sh 10.7%; team att 31.9; opp DvP 1.14; RZ tgt 1; car_sh 72.3%; team rush 27.0; opp d_ypc 0.97; inside-10 car 6,0.9508674235277402,INTL neutral site
Jonathan Taylor,IND,WAS,RB,IND@WAS,first_td,0.17810636265612567,461,0.7477619799894681,0.25013164823591366,B,no game designation yet (Full),tgt_sh 10.7%; team att 31.9; opp DvP 1.14; RZ tgt 1; car_sh 72.3%; team rush 27.0; opp d_ypc 0.97; inside-10 car 6,0.9508674235277402,INTL neutral site
Jonathan Taylor,IND,WAS,RB,IND@WAS,last_td,0.17810636265612567,461,0.7477619799894681,0.25013164823591366,B,no game designation yet (Full),tgt_sh 10.7%; team att 31.9; opp DvP 1.14; RZ tgt 1; car_sh 72.3%; team rush 27.0; opp d_ypc 0.97; inside-10 car 6,0.9508674235277402,INTL neutral site
Jonathan Taylor,IND,WAS,RB,IND@WAS,2plus_td,0.2651922064244339,277,0.7477619799894681,0.25013164823591366,B,no game designation yet (Full),tgt_sh 10.7%; team att 31.9; opp DvP 1.14; RZ tgt 1; car_sh 72.3%; team rush 27.0; opp d_ypc 0.97; inside-10 car 6,0.9508674235277402,INTL neutral site
Laquon Treadwell,IND,WAS,WR,IND@WAS,anytime_td,0.04775,1994,0.0,0.04895,C,-,w_td 0.02; team TD 2.74,1.0,INTL neutral site
Laquon Treadwell,IND,WAS,WR,IND@WAS,first_td,0.008571657509157508,11566,0.0,0.04895,C,-,w_td 0.02; team TD 2.74,1.0,INTL neutral site
Laquon Treadwell,IND,WAS,WR,IND@WAS,last_td,0.008571657509157508,11566,0.0,0.04895,C,-,w_td 0.02; team TD 2.74,1.0,INTL neutral site
Laquon Treadwell,IND,WAS,WR,IND@WAS,2plus_td,0.0011,90809,0.0,0.04895,C,-,w_td 0.02; team TD 2.74,1.0,INTL neutral site
Tyler Warren,IND,WAS,TE,IND@WAS,anytime_td,0.4347,130,0.0124,0.5496,B,-,tgt_sh 22.2%; team att 31.9; opp DvP 1.11; RZ tgt 3,1.0,INTL neutral site
Tyler Warren,IND,WAS,TE,IND@WAS,first_td,0.09927053196803197,907,0.0124,0.5496,B,-,tgt_sh 22.2%; team att 31.9; opp DvP 1.11; RZ tgt 3,1.0,INTL neutral site
Tyler Warren,IND,WAS,TE,IND@WAS,last_td,0.09927053196803197,907,0.0124,0.5496,B,-,tgt_sh 22.2%; team att 31.9; opp DvP 1.11; RZ tgt 3,1.0,INTL neutral site
Tyler Warren,IND,WAS,TE,IND@WAS,2plus_td,0.1089,818,0.0124,0.5496,B,-,tgt_sh 22.2%; team att 31.9; opp DvP 1.11; RZ tgt 3,1.0,INTL neutral site
Marcus Mariota,WAS,IND,QB,IND@WAS,anytime_td,0.17095,485,0.18505,0.0,C,-,team att 32.1; ypa 6.94; opp d_ypa 1.11; pass rate 53.7%,1.0,INTL neutral site
Marcus Mariota,WAS,IND,QB,IND@WAS,first_td,0.03329782745032745,2903,0.18505,0.0,C,-,team att 32.1; ypa 6.94; opp d_ypa 1.11; pass rate 53.7%,1.0,INTL neutral site
Marcus Mariota,WAS,IND,QB,IND@WAS,last_td,0.03329782745032745,2903,0.18505,0.0,C,-,team att 32.1; ypa 6.94; opp d_ypa 1.11; pass rate 53.7%,1.0,INTL neutral site
Marcus Mariota,WAS,IND,QB,IND@WAS,2plus_td,0.0134,7363,0.18505,0.0,C,-,team att 32.1; ypa 6.94; opp d_ypa 1.11; pass rate 53.7%,1.0,INTL neutral site
Kaytron Allen,WAS,IND,RB,IND@WAS,anytime_td,0.10005,900,0.09945,0.0052,C,-,car_sh 7.9%; team rush 29.3; opp d_ypc 1.08; inside-10 car 1,1.0,INTL neutral site
Kaytron Allen,WAS,IND,RB,IND@WAS,first_td,0.01888727494727495,5195,0.09945,0.0052,C,-,car_sh 7.9%; team rush 29.3; opp d_ypc 1.08; inside-10 car 1,1.0,INTL neutral site
Kaytron Allen,WAS,IND,RB,IND@WAS,last_td,0.01888727494727495,5195,0.09945,0.0052,C,-,car_sh 7.9%; team rush 29.3; opp d_ypc 1.08; inside-10 car 1,1.0,INTL neutral site
Kaytron Allen,WAS,IND,RB,IND@WAS,2plus_td,0.0045,22122,0.09945,0.0052,C,-,car_sh 7.9%; team rush 29.3; opp d_ypc 1.08; inside-10 car 1,1.0,INTL neutral site
John Bates,WAS,IND,TE,IND@WAS,anytime_td,0.1008,892,0.0,0.1055,C,-,tgt_sh 3.4%; team att 32.1; opp DvP 1.19; RZ tgt 1,1.0,INTL neutral site
John Bates,WAS,IND,TE,IND@WAS,first_td,0.01859336455211455,5278,0.0,0.1055,C,-,tgt_sh 3.4%; team att 32.1; opp DvP 1.19; RZ tgt 1,1.0,INTL neutral site
John Bates,WAS,IND,TE,IND@WAS,last_td,0.01859336455211455,5278,0.0,0.1055,C,-,tgt_sh 3.4%; team att 32.1; opp DvP 1.19; RZ tgt 1,1.0,INTL neutral site
John Bates,WAS,IND,TE,IND@WAS,2plus_td,0.00455,21878,0.0,0.1055,C,-,tgt_sh 3.4%; team att 32.1; opp DvP 1.19; RZ tgt 1,1.0,INTL neutral site
Dyami Brown,WAS,IND,WR,IND@WAS,anytime_td,0.15545,543,0.0,0.1673,C,-,tgt_sh 7.3%; team att 32.1; opp DvP 1.17; RZ tgt 1,1.0,INTL neutral site
Dyami Brown,WAS,IND,WR,IND@WAS,first_td,0.029323342907092907,3310,0.0,0.1673,C,-,tgt_sh 7.3%; team att 32.1; opp DvP 1.17; RZ tgt 1,1.0,INTL neutral site
Dyami Brown,WAS,IND,WR,IND@WAS,last_td,0.029323342907092907,3310,0.0,0.1673,C,-,tgt_sh 7.3%; team att 32.1; opp DvP 1.17; RZ tgt 1,1.0,INTL neutral site
Dyami Brown,WAS,IND,WR,IND@WAS,2plus_td,0.0115,8596,0.0,0.1673,C,-,tgt_sh 7.3%; team att 32.1; opp DvP 1.17; RZ tgt 1,1.0,INTL neutral site
Treylon Burks,WAS,IND,WR,IND@WAS,anytime_td,0.15705,537,0.0,0.1697,C,-,tgt_sh 7.2%; team att 32.1; opp DvP 1.17; RZ tgt 1,1.0,INTL neutral site
Treylon Burks,WAS,IND,WR,IND@WAS,first_td,0.029696933483183485,3267,0.0,0.1697,C,-,tgt_sh 7.2%; team att 32.1; opp DvP 1.17; RZ tgt 1,1.0,INTL neutral site
Treylon Burks,WAS,IND,WR,IND@WAS,last_td,0.029696933483183485,3267,0.0,0.1697,C,-,tgt_sh 7.2%; team att 32.1; opp DvP 1.17; RZ tgt 1,1.0,INTL neutral site
Treylon Burks,WAS,IND,WR,IND@WAS,2plus_td,0.0122,8097,0.0,0.1697,C,-,tgt_sh 7.2%; team att 32.1; opp DvP 1.17; RZ tgt 1,1.0,INTL neutral site
Jacory Croskey-Merritt,WAS,IND,RB,IND@WAS,anytime_td,0.37055,170,0.4202,0.0346,B,-,car_sh 39.9%; team rush 29.3; opp d_ypc 1.08; inside-10 car 2,1.0,INTL neutral site
Jacory Croskey-Merritt,WAS,IND,RB,IND@WAS,first_td,0.08143165473415473,1128,0.4202,0.0346,B,-,car_sh 39.9%; team rush 29.3; opp d_ypc 1.08; inside-10 car 2,1.0,INTL neutral site
Jacory Croskey-Merritt,WAS,IND,RB,IND@WAS,last_td,0.08143165473415473,1128,0.4202,0.0346,B,-,car_sh 39.9%; team rush 29.3; opp d_ypc 1.08; inside-10 car 2,1.0,INTL neutral site
Jacory Croskey-Merritt,WAS,IND,RB,IND@WAS,2plus_td,0.0744,1244,0.4202,0.0346,B,-,car_sh 39.9%; team rush 29.3; opp d_ypc 1.08; inside-10 car 2,1.0,INTL neutral site
Stefon Diggs,WAS,IND,WR,IND@WAS,anytime_td,0.39845,151,0.0,0.5006,B,-,tgt_sh 19.0%; team att 32.1; opp DvP 1.17; RZ tgt 4,1.0,INTL neutral site
Stefon Diggs,WAS,IND,WR,IND@WAS,first_td,0.08875032314907315,1027,0.0,0.5006,B,-,tgt_sh 19.0%; team att 32.1; opp DvP 1.17; RZ tgt 4,1.0,INTL neutral site
Stefon Diggs,WAS,IND,WR,IND@WAS,last_td,0.08875032314907315,1027,0.0,0.5006,B,-,tgt_sh 19.0%; team att 32.1; opp DvP 1.17; RZ tgt 4,1.0,INTL neutral site
Stefon Diggs,WAS,IND,WR,IND@WAS,2plus_td,0.08915,1022,0.0,0.5006,B,-,tgt_sh 19.0%; team att 32.1; opp DvP 1.17; RZ tgt 4,1.0,INTL neutral site
Jaylin Lane,WAS,IND,WR,IND@WAS,anytime_td,0.06735,1385,0.0,0.0698,C,-,tgt_sh 4.0%; team att 32.1; opp DvP 1.17; RZ tgt 0,1.0,INTL neutral site
Jaylin Lane,WAS,IND,WR,IND@WAS,first_td,0.01248572802197802,7909,0.0,0.0698,C,-,tgt_sh 4.0%; team att 32.1; opp DvP 1.17; RZ tgt 0,1.0,INTL neutral site
Jaylin Lane,WAS,IND,WR,IND@WAS,last_td,0.01248572802197802,7909,0.0,0.0698,C,-,tgt_sh 4.0%; team att 32.1; opp DvP 1.17; RZ tgt 0,1.0,INTL neutral site
Jaylin Lane,WAS,IND,WR,IND@WAS,2plus_td,0.0024,41567,0.0,0.0698,C,-,tgt_sh 4.0%; team att 32.1; opp DvP 1.17; RZ tgt 0,1.0,INTL neutral site
Terry McLaurin,WAS,IND,WR,IND@WAS,anytime_td,0.3167444661948502,216,0.0,0.37336244541484714,B,Questionable (Limited),tgt_sh 18.3%; team att 32.1; opp DvP 1.17; RZ tgt 2,0.6667342299285288,INTL neutral site
Terry McLaurin,WAS,IND,WR,IND@WAS,first_td,0.06629926357000593,1408,0.0,0.37336244541484714,B,Questionable (Limited),tgt_sh 18.3%; team att 32.1; opp DvP 1.17; RZ tgt 2,0.6667342299285288,INTL neutral site
Terry McLaurin,WAS,IND,WR,IND@WAS,last_td,0.06629926357000593,1408,0.0,0.37336244541484714,B,Questionable (Limited),tgt_sh 18.3%; team att 32.1; opp DvP 1.17; RZ tgt 2,0.6667342299285288,INTL neutral site
Terry McLaurin,WAS,IND,WR,IND@WAS,2plus_td,0.051422978467098326,1845,0.0,0.37336244541484714,B,Questionable (Limited),tgt_sh 18.3%; team att 32.1; opp DvP 1.17; RZ tgt 2,0.6667342299285288,INTL neutral site
Chig Okonkwo,WAS,IND,TE,IND@WAS,anytime_td,0.19012139842650966,426,0.0,0.20934715781795446,C,no game designation yet (Limited),tgt_sh 12.0%; team att 32.1; opp DvP 1.19; RZ tgt 0,0.9575230478992892,INTL neutral site
Chig Okonkwo,WAS,IND,TE,IND@WAS,first_td,0.03682354944533864,2616,0.0,0.20934715781795446,C,no game designation yet (Limited),tgt_sh 12.0%; team att 32.1; opp DvP 1.19; RZ tgt 0,0.9575230478992892,INTL neutral site
Chig Okonkwo,WAS,IND,TE,IND@WAS,last_td,0.03682354944533864,2616,0.0,0.20934715781795446,C,no game designation yet (Limited),tgt_sh 12.0%; team att 32.1; opp DvP 1.19; RZ tgt 0,0.9575230478992892,INTL neutral site
Chig Okonkwo,WAS,IND,TE,IND@WAS,2plus_td,0.018079508154014483,5431,0.0,0.20934715781795446,C,no game designation yet (Limited),tgt_sh 12.0%; team att 32.1; opp DvP 1.19; RZ tgt 0,0.9575230478992892,INTL neutral site
Ben Sinnott,WAS,IND,TE,IND@WAS,anytime_td,0.035861350013031014,2689,0.0,0.0364347146207975,C,no game designation yet (Limited),w_td 0.02; team TD 2.65,0.9575230478992892,INTL neutral site
Ben Sinnott,WAS,IND,TE,IND@WAS,first_td,0.006262508956019511,15868,0.0,0.0364347146207975,C,no game designation yet (Limited),w_td 0.02; team TD 2.65,0.9575230478992892,INTL neutral site
Ben Sinnott,WAS,IND,TE,IND@WAS,last_td,0.006262508956019511,15868,0.0,0.0364347146207975,C,no game designation yet (Limited),w_td 0.02; team TD 2.65,0.9575230478992892,INTL neutral site
Ben Sinnott,WAS,IND,TE,IND@WAS,2plus_td,0.0005733646077664842,174309,0.0,0.0364347146207975,C,no game designation yet (Limited),w_td 0.02; team TD 2.65,0.9575230478992892,INTL neutral site
Antonio Williams,WAS,IND,WR,IND@WAS,anytime_td,0.2499,300,0.0,0.2848,C,-,tgt_sh 11.3%; team att 32.1; opp DvP 1.17; RZ tgt 2,1.0,INTL neutral site
Antonio Williams,WAS,IND,WR,IND@WAS,first_td,0.05016750402375402,1893,0.0,0.2848,C,-,tgt_sh 11.3%; team att 32.1; opp DvP 1.17; RZ tgt 2,1.0,INTL neutral site
Antonio Williams,WAS,IND,WR,IND@WAS,last_td,0.05016750402375402,1893,0.0,0.2848,C,-,tgt_sh 11.3%; team att 32.1; opp DvP 1.17; RZ tgt 2,1.0,INTL neutral site
Antonio Williams,WAS,IND,WR,IND@WAS,2plus_td,0.032,3025,0.0,0.2848,C,-,tgt_sh 11.3%; team att 32.1; opp DvP 1.17; RZ tgt 2,1.0,INTL neutral site
Colson Yankoff,WAS,IND,TE,IND@WAS,anytime_td,0.02975,3261,0.0,0.03055,C,-,w_td 0.02; team TD 2.65,1.0,INTL neutral site
Colson Yankoff,WAS,IND,TE,IND@WAS,first_td,0.005364951853701854,18539,0.0,0.03055,C,-,w_td 0.02; team TD 2.65,1.0,INTL neutral site
Colson Yankoff,WAS,IND,TE,IND@WAS,last_td,0.005364951853701854,18539,0.0,0.03055,C,-,w_td 0.02; team TD 2.65,1.0,INTL neutral site
Colson Yankoff,WAS,IND,TE,IND@WAS,2plus_td,0.00075,133233,0.0,0.03055,C,-,w_td 0.02; team TD 2.65,1.0,INTL neutral site
Cam Ward,TEN,BAL,QB,TEN@BAL,anytime_td,0.1348,642,0.14515,0.0,B,-,team att 34.1; ypa 6.30; opp d_ypa 0.96; pass rate 60.4%,1.0,
Cam Ward,TEN,BAL,QB,TEN@BAL,first_td,0.02795197441447442,3478,0.14515,0.0,B,-,team att 34.1; ypa 6.30; opp d_ypa 0.96; pass rate 60.4%,1.0,
Cam Ward,TEN,BAL,QB,TEN@BAL,last_td,0.02795197441447442,3478,0.14515,0.0,B,-,team att 34.1; ypa 6.30; opp d_ypa 0.96; pass rate 60.4%,1.0,
Cam Ward,TEN,BAL,QB,TEN@BAL,2plus_td,0.00975,10156,0.14515,0.0,B,-,team att 34.1; ypa 6.30; opp d_ypa 0.96; pass rate 60.4%,1.0,
Elic Ayomanor,TEN,BAL,WR,TEN@BAL,anytime_td,0.1993,402,0.0,0.2192,B,-,tgt_sh 12.8%; team att 34.1; opp DvP 1.01; RZ tgt 5,1.0,
Elic Ayomanor,TEN,BAL,WR,TEN@BAL,first_td,0.041652457819957814,2301,0.0,0.2192,B,-,tgt_sh 12.8%; team att 34.1; opp DvP 1.01; RZ tgt 5,1.0,
Elic Ayomanor,TEN,BAL,WR,TEN@BAL,last_td,0.041652457819957814,2301,0.0,0.2192,B,-,tgt_sh 12.8%; team att 34.1; opp DvP 1.01; RZ tgt 5,1.0,
Elic Ayomanor,TEN,BAL,WR,TEN@BAL,2plus_td,0.0189,5191,0.0,0.2192,B,-,tgt_sh 12.8%; team att 34.1; opp DvP 1.01; RZ tgt 5,1.0,
Daniel Bellinger,TEN,BAL,TE,TEN@BAL,anytime_td,0.02735,3556,0.0,0.028,C,-,tgt_sh 4.0%; team att 34.1; opp DvP 0.83; RZ tgt 0,1.0,
Daniel Bellinger,TEN,BAL,TE,TEN@BAL,first_td,0.005595647546897547,17771,0.0,0.028,C,-,tgt_sh 4.0%; team att 34.1; opp DvP 0.83; RZ tgt 0,1.0,
Daniel Bellinger,TEN,BAL,TE,TEN@BAL,last_td,0.005595647546897547,17771,0.0,0.028,C,-,tgt_sh 4.0%; team att 34.1; opp DvP 0.83; RZ tgt 0,1.0,
Daniel Bellinger,TEN,BAL,TE,TEN@BAL,2plus_td,0.00065,153746,0.0,0.028,C,-,tgt_sh 4.0%; team att 34.1; opp DvP 0.83; RZ tgt 0,1.0,
Chimere Dike,TEN,BAL,WR,TEN@BAL,anytime_td,0.0525,1805,0.0,0.054,C,-,tgt_sh 6.4%; team att 34.1; opp DvP 1.01; RZ tgt 0,1.0,
Chimere Dike,TEN,BAL,WR,TEN@BAL,first_td,0.010298133116883117,9610,0.0,0.054,C,-,tgt_sh 6.4%; team att 34.1; opp DvP 1.01; RZ tgt 0,1.0,
Chimere Dike,TEN,BAL,WR,TEN@BAL,last_td,0.010298133116883117,9610,0.0,0.054,C,-,tgt_sh 6.4%; team att 34.1; opp DvP 1.01; RZ tgt 0,1.0,
Chimere Dike,TEN,BAL,WR,TEN@BAL,2plus_td,0.0015,66567,0.0,0.054,C,-,tgt_sh 6.4%; team att 34.1; opp DvP 1.01; RZ tgt 0,1.0,
Gunnar Helm,TEN,BAL,TE,TEN@BAL,anytime_td,0.1458,586,0.0,0.157,C,-,tgt_sh 12.6%; team att 34.1; opp DvP 0.83; RZ tgt 3,1.0,
Gunnar Helm,TEN,BAL,TE,TEN@BAL,first_td,0.02999314574314575,3234,0.0,0.157,C,-,tgt_sh 12.6%; team att 34.1; opp DvP 0.83; RZ tgt 3,1.0,
Gunnar Helm,TEN,BAL,TE,TEN@BAL,last_td,0.02999314574314575,3234,0.0,0.157,C,-,tgt_sh 12.6%; team att 34.1; opp DvP 0.83; RZ tgt 3,1.0,
Gunnar Helm,TEN,BAL,TE,TEN@BAL,2plus_td,0.01085,9117,0.0,0.157,C,-,tgt_sh 12.6%; team att 34.1; opp DvP 0.83; RZ tgt 3,1.0,
Tony Pollard,TEN,BAL,RB,TEN@BAL,anytime_td,0.397387472458294,152,0.4422411079634876,0.05067673906200818,B,no game designation yet (Full),tgt_sh 6.2%; team att 34.1; opp DvP 1.00; RZ tgt 0; car_sh 55.3%; team rush 23.7; opp d_ypc 0.99; inside-10 car 5,0.9508674235277402,
Tony Pollard,TEN,BAL,RB,TEN@BAL,first_td,0.09653078970831568,936,0.4422411079634876,0.05067673906200818,B,no game designation yet (Full),tgt_sh 6.2%; team att 34.1; opp DvP 1.00; RZ tgt 0; car_sh 55.3%; team rush 23.7; opp d_ypc 0.99; inside-10 car 5,0.9508674235277402,
Tony Pollard,TEN,BAL,RB,TEN@BAL,last_td,0.09653078970831568,936,0.4422411079634876,0.05067673906200818,B,no game designation yet (Full),tgt_sh 6.2%; team att 34.1; opp DvP 1.00; RZ tgt 0; car_sh 55.3%; team rush 23.7; opp d_ypc 0.99; inside-10 car 5,0.9508674235277402,
Tony Pollard,TEN,BAL,RB,TEN@BAL,2plus_td,0.08419892980799497,1088,0.4422411079634876,0.05067673906200818,B,no game designation yet (Full),tgt_sh 6.2%; team att 34.1; opp DvP 1.00; RZ tgt 0; car_sh 55.3%; team rush 23.7; opp d_ypc 0.99; inside-10 car 5,0.9508674235277402,
Calvin Ridley,TEN,BAL,WR,TEN@BAL,anytime_td,0.0617,1521,0.0,0.0638,C,-,tgt_sh 8.5%; team att 34.1; opp DvP 1.01; RZ tgt 0,1.0,
Calvin Ridley,TEN,BAL,WR,TEN@BAL,first_td,0.012473122294372294,7917,0.0,0.0638,C,-,tgt_sh 8.5%; team att 34.1; opp DvP 1.01; RZ tgt 0,1.0,
Calvin Ridley,TEN,BAL,WR,TEN@BAL,last_td,0.012473122294372294,7917,0.0,0.0638,C,-,tgt_sh 8.5%; team att 34.1; opp DvP 1.01; RZ tgt 0,1.0,
Calvin Ridley,TEN,BAL,WR,TEN@BAL,2plus_td,0.0021,47519,0.0,0.0638,C,-,tgt_sh 8.5%; team att 34.1; opp DvP 1.01; RZ tgt 0,1.0,
Wan'Dale Robinson,TEN,BAL,WR,TEN@BAL,anytime_td,0.19615,410,0.0,0.21725,B,-,tgt_sh 18.8%; team att 34.1; opp DvP 1.01; RZ tgt 3,1.0,
Wan'Dale Robinson,TEN,BAL,WR,TEN@BAL,first_td,0.04201239774114774,2280,0.0,0.21725,B,-,tgt_sh 18.8%; team att 34.1; opp DvP 1.01; RZ tgt 3,1.0,
Wan'Dale Robinson,TEN,BAL,WR,TEN@BAL,last_td,0.04201239774114774,2280,0.0,0.21725,B,-,tgt_sh 18.8%; team att 34.1; opp DvP 1.01; RZ tgt 3,1.0,
Wan'Dale Robinson,TEN,BAL,WR,TEN@BAL,2plus_td,0.0199,4925,0.0,0.21725,B,-,tgt_sh 18.8%; team att 34.1; opp DvP 1.01; RZ tgt 3,1.0,
Nicholas Singleton,TEN,BAL,RB,TEN@BAL,anytime_td,0.0608,1545,0.05645,0.00585,C,-,w_td 0.07; team TD 1.77,1.0,
Nicholas Singleton,TEN,BAL,RB,TEN@BAL,first_td,0.012336147186147185,8006,0.05645,0.00585,C,-,w_td 0.07; team TD 1.77,1.0,
Nicholas Singleton,TEN,BAL,RB,TEN@BAL,last_td,0.012336147186147185,8006,0.05645,0.00585,C,-,w_td 0.07; team TD 1.77,1.0,
Nicholas Singleton,TEN,BAL,RB,TEN@BAL,2plus_td,0.0015,66567,0.05645,0.00585,C,-,w_td 0.07; team TD 1.77,1.0,
Tyjae Spears,TEN,BAL,RB,TEN@BAL,anytime_td,0.19033727052796356,425,0.13996015369289883,0.0687348797495375,B,Questionable (Full),tgt_sh 8.4%; team att 34.1; opp DvP 1.00; RZ tgt 0; car_sh 22.2%; team rush 23.7; opp d_ypc 0.99; inside-10 car 0,0.7075836643559986,
Tyjae Spears,TEN,BAL,RB,TEN@BAL,first_td,0.040445467400426836,2372,0.13996015369289883,0.0687348797495375,B,Questionable (Full),tgt_sh 8.4%; team att 34.1; opp DvP 1.00; RZ tgt 0; car_sh 22.2%; team rush 23.7; opp d_ypc 0.99; inside-10 car 0,0.7075836643559986,
Tyjae Spears,TEN,BAL,RB,TEN@BAL,last_td,0.040445467400426836,2372,0.13996015369289883,0.0687348797495375,B,Questionable (Full),tgt_sh 8.4%; team att 34.1; opp DvP 1.00; RZ tgt 0; car_sh 22.2%; team rush 23.7; opp d_ypc 0.99; inside-10 car 0,0.7075836643559986,
Tyjae Spears,TEN,BAL,RB,TEN@BAL,2plus_td,0.016934680518001993,5805,0.13996015369289883,0.0687348797495375,B,Questionable (Full),tgt_sh 8.4%; team att 34.1; opp DvP 1.00; RZ tgt 0; car_sh 22.2%; team rush 23.7; opp d_ypc 0.99; inside-10 car 0,0.7075836643559986,
Carnell Tate,TEN,BAL,WR,TEN@BAL,anytime_td,0.17205,481,0.0,0.18885,B,-,tgt_sh 20.5%; team att 34.1; opp DvP 1.01; RZ tgt 1,1.0,
Carnell Tate,TEN,BAL,WR,TEN@BAL,first_td,0.03638063672438672,2649,0.0,0.18885,B,-,tgt_sh 20.5%; team att 34.1; opp DvP 1.01; RZ tgt 1,1.0,
Carnell Tate,TEN,BAL,WR,TEN@BAL,last_td,0.03638063672438672,2649,0.0,0.18885,B,-,tgt_sh 20.5%; team att 34.1; opp DvP 1.01; RZ tgt 1,1.0,
Carnell Tate,TEN,BAL,WR,TEN@BAL,2plus_td,0.01595,6170,0.0,0.18885,B,-,tgt_sh 20.5%; team att 34.1; opp DvP 1.01; RZ tgt 1,1.0,
Lamar Jackson,BAL,TEN,QB,TEN@BAL,anytime_td,0.21424192889252144,367,0.2395279934613813,0.0,B,no game designation yet (Full),team att 26.8; ypa 8.07; opp d_ypa 1.00; pass rate 47.1%,0.98,
Lamar Jackson,BAL,TEN,QB,TEN@BAL,first_td,0.04823733314998129,1973,0.2395279934613813,0.0,B,no game designation yet (Full),team att 26.8; ypa 8.07; opp d_ypa 1.00; pass rate 47.1%,0.98,
Lamar Jackson,BAL,TEN,QB,TEN@BAL,last_td,0.04823733314998129,1973,0.2395279934613813,0.0,B,no game designation yet (Full),team att 26.8; ypa 8.07; opp d_ypa 1.00; pass rate 47.1%,0.98,
Lamar Jackson,BAL,TEN,QB,TEN@BAL,2plus_td,0.02375357580711075,4110,0.2395279934613813,0.0,B,no game designation yet (Full),team att 26.8; ypa 8.07; opp d_ypa 1.00; pass rate 47.1%,0.98,
Rasheen Ali,BAL,TEN,RB,TEN@BAL,anytime_td,0.0571,1651,0.0257,0.03315,C,-,w_td 0.03; team TD 3.05,1.0,
Rasheen Ali,BAL,TEN,RB,TEN@BAL,first_td,0.01169562950937951,8450,0.0257,0.03315,C,-,w_td 0.03; team TD 3.05,1.0,
Rasheen Ali,BAL,TEN,RB,TEN@BAL,last_td,0.01169562950937951,8450,0.0257,0.03315,C,-,w_td 0.03; team TD 3.05,1.0,
Rasheen Ali,BAL,TEN,RB,TEN@BAL,2plus_td,0.00175,57043,0.0257,0.03315,C,-,w_td 0.03; team TD 3.05,1.0,
Mark Andrews,BAL,TEN,TE,TEN@BAL,anytime_td,0.31738168019394963,215,0.0,0.37656793506904185,B,no game designation yet (Full),tgt_sh 19.8%; team att 26.8; opp DvP 0.97; RZ tgt 1,0.9479829842591244,
Mark Andrews,BAL,TEN,TE,TEN@BAL,first_td,0.07470337437529384,1239,0.0,0.37656793506904185,B,no game designation yet (Full),tgt_sh 19.8%; team att 26.8; opp DvP 0.97; RZ tgt 1,0.9479829842591244,
Mark Andrews,BAL,TEN,TE,TEN@BAL,last_td,0.07470337437529384,1239,0.0,0.37656793506904185,B,no game designation yet (Full),tgt_sh 19.8%; team att 26.8; opp DvP 0.97; RZ tgt 1,0.9479829842591244,
Mark Andrews,BAL,TEN,TE,TEN@BAL,2plus_td,0.052123959101928956,1819,0.0,0.37656793506904185,B,no game designation yet (Full),tgt_sh 19.8%; team att 26.8; opp DvP 0.97; RZ tgt 1,0.9479829842591244,
Rashod Bateman,BAL,TEN,WR,TEN@BAL,anytime_td,0.2787,259,0.0,0.32575,C,-,tgt_sh 12.6%; team att 26.8; opp DvP 1.06; RZ tgt 2,1.0,
Rashod Bateman,BAL,TEN,WR,TEN@BAL,first_td,0.06481089577089576,1443,0.0,0.32575,C,-,tgt_sh 12.6%; team att 26.8; opp DvP 1.06; RZ tgt 2,1.0,
Rashod Bateman,BAL,TEN,WR,TEN@BAL,last_td,0.06481089577089576,1443,0.0,0.32575,C,-,tgt_sh 12.6%; team att 26.8; opp DvP 1.06; RZ tgt 2,1.0,
Rashod Bateman,BAL,TEN,WR,TEN@BAL,2plus_td,0.04225,2267,0.0,0.32575,C,-,tgt_sh 12.6%; team att 26.8; opp DvP 1.06; RZ tgt 2,1.0,
Josh Cuevas,BAL,TEN,TE,TEN@BAL,anytime_td,0.0187,5248,0.0,0.01895,C,-,w_td 0.01; team TD 3.05,1.0,
Josh Cuevas,BAL,TEN,TE,TEN@BAL,first_td,0.0038132575757575766,26124,0.0,0.01895,C,-,w_td 0.01; team TD 3.05,1.0,
Josh Cuevas,BAL,TEN,TE,TEN@BAL,last_td,0.0038132575757575766,26124,0.0,0.01895,C,-,w_td 0.01; team TD 3.05,1.0,
Josh Cuevas,BAL,TEN,TE,TEN@BAL,2plus_td,0.00025,399900,0.0,0.01895,C,-,w_td 0.01; team TD 3.05,1.0,
Zay Flowers,BAL,TEN,WR,TEN@BAL,anytime_td,0.39390552823722247,154,0.01214424079868872,0.4783936820146029,C,Questionable (Limited),tgt_sh 24.9%; team att 26.8; opp DvP 1.06; RZ tgt 2,0.6667342299285288,
Zay Flowers,BAL,TEN,WR,TEN@BAL,first_td,0.09705872345009584,930,0.01214424079868872,0.4783936820146029,C,Questionable (Limited),tgt_sh 24.9%; team att 26.8; opp DvP 1.06; RZ tgt 2,0.6667342299285288,
Zay Flowers,BAL,TEN,WR,TEN@BAL,last_td,0.09705872345009584,930,0.01214424079868872,0.4783936820146029,C,Questionable (Limited),tgt_sh 24.9%; team att 26.8; opp DvP 1.06; RZ tgt 2,0.6667342299285288,
Zay Flowers,BAL,TEN,WR,TEN@BAL,2plus_td,0.08322157651616749,1102,0.01214424079868872,0.4783936820146029,C,Questionable (Limited),tgt_sh 24.9%; team att 26.8; opp DvP 1.06; RZ tgt 2,0.6667342299285288,
Derrick Henry,BAL,TEN,RB,TEN@BAL,anytime_td,0.71185,-247,1.09355,0.0863,B,-,tgt_sh 5.0%; team att 26.8; opp DvP 0.99; RZ tgt 0; car_sh 63.2%; team rush 32.7; opp d_ypc 0.93; inside-10 car 14,1.0,
Derrick Henry,BAL,TEN,RB,TEN@BAL,first_td,0.23711479603729604,322,1.09355,0.0863,B,-,tgt_sh 5.0%; team att 26.8; opp DvP 0.99; RZ tgt 0; car_sh 63.2%; team rush 32.7; opp d_ypc 0.93; inside-10 car 14,1.0,
Derrick Henry,BAL,TEN,RB,TEN@BAL,last_td,0.23711479603729604,322,1.09355,0.0863,B,-,tgt_sh 5.0%; team att 26.8; opp DvP 0.99; RZ tgt 0; car_sh 63.2%; team rush 32.7; opp d_ypc 0.93; inside-10 car 14,1.0,
Derrick Henry,BAL,TEN,RB,TEN@BAL,2plus_td,0.3387,195,1.09355,0.0863,B,-,tgt_sh 5.0%; team att 26.8; opp DvP 0.99; RZ tgt 0; car_sh 63.2%; team rush 32.7; opp d_ypc 0.93; inside-10 car 14,1.0,
Matthew Hibner,BAL,TEN,TE,TEN@BAL,anytime_td,0.0905,1005,0.0,0.09525,C,-,w_td 0.05; team TD 3.05,1.0,
Matthew Hibner,BAL,TEN,TE,TEN@BAL,first_td,0.01873736471861472,5237,0.0,0.09525,C,-,w_td 0.05; team TD 3.05,1.0,
Matthew Hibner,BAL,TEN,TE,TEN@BAL,last_td,0.01873736471861472,5237,0.0,0.09525,C,-,w_td 0.05; team TD 3.05,1.0,
Matthew Hibner,BAL,TEN,TE,TEN@BAL,2plus_td,0.00475,20953,0.0,0.09525,C,-,w_td 0.05; team TD 3.05,1.0,
Justice Hill,BAL,TEN,RB,TEN@BAL,anytime_td,0.2244,346,0.1605,0.08995,C,-,tgt_sh 5.1%; team att 26.8; opp DvP 0.99; RZ tgt 0; car_sh 13.8%; team rush 32.7; opp d_ypc 0.93; inside-10 car 0,1.0,
Justice Hill,BAL,TEN,RB,TEN@BAL,first_td,0.049903021284271286,1904,0.1605,0.08995,C,-,tgt_sh 5.1%; team att 26.8; opp DvP 0.99; RZ tgt 0; car_sh 13.8%; team rush 32.7; opp d_ypc 0.93; inside-10 car 0,1.0,
Justice Hill,BAL,TEN,RB,TEN@BAL,last_td,0.049903021284271286,1904,0.1605,0.08995,C,-,tgt_sh 5.1%; team att 26.8; opp DvP 0.99; RZ tgt 0; car_sh 13.8%; team rush 32.7; opp d_ypc 0.93; inside-10 car 0,1.0,
Justice Hill,BAL,TEN,RB,TEN@BAL,2plus_td,0.02425,4024,0.1605,0.08995,C,-,tgt_sh 5.1%; team att 26.8; opp DvP 0.99; RZ tgt 0; car_sh 13.8%; team rush 32.7; opp d_ypc 0.93; inside-10 car 0,1.0,
Durham Smythe,BAL,TEN,TE,TEN@BAL,anytime_td,0.07665100564852452,1205,0.0,0.079290503088212,C,no game designation yet (Full),w_td 0.04; team TD 3.05,0.9479829842591244,
Durham Smythe,BAL,TEN,TE,TEN@BAL,first_td,0.015692181732407672,6273,0.0,0.079290503088212,C,no game designation yet (Full),w_td 0.04; team TD 3.05,0.9479829842591244,
Durham Smythe,BAL,TEN,TE,TEN@BAL,last_td,0.015692181732407672,6273,0.0,0.079290503088212,C,no game designation yet (Full),w_td 0.04; team TD 3.05,0.9479829842591244,
Durham Smythe,BAL,TEN,TE,TEN@BAL,2plus_td,0.002586707490893734,38559,0.0,0.079290503088212,C,no game designation yet (Full),w_td 0.04; team TD 3.05,0.9479829842591244,
Devontez Walker,BAL,TEN,WR,TEN@BAL,anytime_td,0.06615,1412,0.0,0.0683,C,-,tgt_sh 3.8%; team att 26.8; opp DvP 1.06; RZ tgt 0,1.0,
Devontez Walker,BAL,TEN,WR,TEN@BAL,first_td,0.013508858225108224,7303,0.0,0.0683,C,-,tgt_sh 3.8%; team att 26.8; opp DvP 1.06; RZ tgt 0,1.0,
Devontez Walker,BAL,TEN,WR,TEN@BAL,last_td,0.013508858225108224,7303,0.0,0.0683,C,-,tgt_sh 3.8%; team att 26.8; opp DvP 1.06; RZ tgt 0,1.0,
Devontez Walker,BAL,TEN,WR,TEN@BAL,2plus_td,0.00205,48680,0.0,0.0683,C,-,tgt_sh 3.8%; team att 26.8; opp DvP 1.06; RZ tgt 0,1.0,
LaJohntay Wester,BAL,TEN,WR,TEN@BAL,anytime_td,0.03745,2570,0.0,0.03815,C,-,w_td 0.02; team TD 3.05,1.0,
LaJohntay Wester,BAL,TEN,WR,TEN@BAL,first_td,0.007375364357864359,13459,0.0,0.03815,C,-,w_td 0.02; team TD 3.05,1.0,
LaJohntay Wester,BAL,TEN,WR,TEN@BAL,last_td,0.007375364357864359,13459,0.0,0.03815,C,-,w_td 0.02; team TD 3.05,1.0,
LaJohntay Wester,BAL,TEN,WR,TEN@BAL,2plus_td,0.0007,142757,0.0,0.03815,C,-,w_td 0.02; team TD 3.05,1.0,
Drake Maye,NE,BUF,QB,NE@BUF,anytime_td,0.11943805874840357,737,0.1275095785440613,0.0,B,no game designation yet (Full),team att 31.3; ypa 7.52; opp d_ypa 1.03; pass rate 55.1%,0.98,
Drake Maye,NE,BUF,QB,NE@BUF,first_td,0.023393373619427258,4175,0.1275095785440613,0.0,B,no game designation yet (Full),team att 31.3; ypa 7.52; opp d_ypa 1.03; pass rate 55.1%,0.98,
Drake Maye,NE,BUF,QB,NE@BUF,last_td,0.023393373619427258,4175,0.1275095785440613,0.0,B,no game designation yet (Full),team att 31.3; ypa 7.52; opp d_ypa 1.03; pass rate 55.1%,0.98,
Drake Maye,NE,BUF,QB,NE@BUF,2plus_td,0.007662835249042145,12950,0.1275095785440613,0.0,B,no game designation yet (Full),team att 31.3; ypa 7.52; opp d_ypa 1.03; pass rate 55.1%,0.98,
Efton Chism III,NE,BUF,WR,NE@BUF,anytime_td,0.0743,1246,0.0,0.0772,C,-,w_td 0.05; team TD 2.24,1.0,
Efton Chism III,NE,BUF,WR,NE@BUF,first_td,0.014047379703629704,7019,0.0,0.0772,C,-,w_td 0.05; team TD 2.24,1.0,
Efton Chism III,NE,BUF,WR,NE@BUF,last_td,0.014047379703629704,7019,0.0,0.0772,C,-,w_td 0.05; team TD 2.24,1.0,
Efton Chism III,NE,BUF,WR,NE@BUF,2plus_td,0.00285,34988,0.0,0.0772,C,-,w_td 0.05; team TD 2.24,1.0,
Romeo Doubs,NE,BUF,WR,NE@BUF,anytime_td,0.2133,369,0.0,0.23745,C,-,tgt_sh 14.1%; team att 31.3; opp DvP 1.01; RZ tgt 1,1.0,
Romeo Doubs,NE,BUF,WR,NE@BUF,first_td,0.043098055555555556,2220,0.0,0.23745,C,-,tgt_sh 14.1%; team att 31.3; opp DvP 1.01; RZ tgt 1,1.0,
Romeo Doubs,NE,BUF,WR,NE@BUF,last_td,0.043098055555555556,2220,0.0,0.23745,C,-,tgt_sh 14.1%; team att 31.3; opp DvP 1.01; RZ tgt 1,1.0,
Romeo Doubs,NE,BUF,WR,NE@BUF,2plus_td,0.02245,4354,0.0,0.23745,C,-,tgt_sh 14.1%; team att 31.3; opp DvP 1.01; RZ tgt 1,1.0,
DeMario Douglas,NE,BUF,WR,NE@BUF,anytime_td,0.18935,428,0.0,0.207,C,-,tgt_sh 11.8%; team att 31.3; opp DvP 1.01; RZ tgt 1,1.0,
DeMario Douglas,NE,BUF,WR,NE@BUF,first_td,0.03752654942279942,2565,0.0,0.207,C,-,tgt_sh 11.8%; team att 31.3; opp DvP 1.01; RZ tgt 1,1.0,
DeMario Douglas,NE,BUF,WR,NE@BUF,last_td,0.03752654942279942,2565,0.0,0.207,C,-,tgt_sh 11.8%; team att 31.3; opp DvP 1.01; RZ tgt 1,1.0,
DeMario Douglas,NE,BUF,WR,NE@BUF,2plus_td,0.0168,5852,0.0,0.207,C,-,tgt_sh 11.8%; team att 31.3; opp DvP 1.01; RZ tgt 1,1.0,
Reggie Gilliam,NE,BUF,RB,NE@BUF,anytime_td,0.027450372208436723,3543,0.0,0.02799317617866005,C,Questionable (Limited),w_td 0.02; team TD 2.24,0.6469461218980005,
Reggie Gilliam,NE,BUF,RB,NE@BUF,first_td,0.004927003440108279,20196,0.0,0.02799317617866005,C,Questionable (Limited),w_td 0.02; team TD 2.24,0.6469461218980005,
Reggie Gilliam,NE,BUF,RB,NE@BUF,last_td,0.004927003440108279,20196,0.0,0.02799317617866005,C,Questionable (Limited),w_td 0.02; team TD 2.24,0.6469461218980005,
Reggie Gilliam,NE,BUF,RB,NE@BUF,2plus_td,0.0005428039702233251,184129,0.0,0.02799317617866005,C,Questionable (Limited),w_td 0.02; team TD 2.24,0.6469461218980005,
TreVeyon Henderson,NE,BUF,RB,NE@BUF,anytime_td,0.28525,251,0.2724,0.0593,B,-,tgt_sh 4.1%; team att 31.3; opp DvP 0.99; RZ tgt 0; car_sh 39.2%; team rush 28.0; opp d_ypc 0.98; inside-10 car 0,1.0,
TreVeyon Henderson,NE,BUF,RB,NE@BUF,first_td,0.06080063367188368,1545,0.2724,0.0593,B,-,tgt_sh 4.1%; team att 31.3; opp DvP 0.99; RZ tgt 0; car_sh 39.2%; team rush 28.0; opp d_ypc 0.98; inside-10 car 0,1.0,
TreVeyon Henderson,NE,BUF,RB,NE@BUF,last_td,0.06080063367188368,1545,0.2724,0.0593,B,-,tgt_sh 4.1%; team att 31.3; opp DvP 0.99; RZ tgt 0; car_sh 39.2%; team rush 28.0; opp d_ypc 0.98; inside-10 car 0,1.0,
TreVeyon Henderson,NE,BUF,RB,NE@BUF,2plus_td,0.0422,2270,0.2724,0.0593,B,-,tgt_sh 4.1%; team att 31.3; opp DvP 0.99; RZ tgt 0; car_sh 39.2%; team rush 28.0; opp d_ypc 0.98; inside-10 car 0,1.0,
Hunter Henry,NE,BUF,TE,NE@BUF,anytime_td,0.1903,425,0.0,0.20895,C,-,tgt_sh 14.2%; team att 31.3; opp DvP 0.81; RZ tgt 1,1.0,
Hunter Henry,NE,BUF,TE,NE@BUF,first_td,0.037994742618492616,2532,0.0,0.20895,C,-,tgt_sh 14.2%; team att 31.3; opp DvP 0.81; RZ tgt 1,1.0,
Hunter Henry,NE,BUF,TE,NE@BUF,last_td,0.037994742618492616,2532,0.0,0.20895,C,-,tgt_sh 14.2%; team att 31.3; opp DvP 0.81; RZ tgt 1,1.0,
Hunter Henry,NE,BUF,TE,NE@BUF,2plus_td,0.01755,5598,0.0,0.20895,C,-,tgt_sh 14.2%; team att 31.3; opp DvP 0.81; RZ tgt 1,1.0,
Mack Hollins,NE,BUF,WR,NE@BUF,anytime_td,0.32695,206,0.0,0.38755,B,-,tgt_sh 15.8%; team att 31.3; opp DvP 1.01; RZ tgt 4,1.0,
Mack Hollins,NE,BUF,WR,NE@BUF,first_td,0.07061431096681096,1316,0.0,0.38755,B,-,tgt_sh 15.8%; team att 31.3; opp DvP 1.01; RZ tgt 4,1.0,
Mack Hollins,NE,BUF,WR,NE@BUF,last_td,0.07061431096681096,1316,0.0,0.38755,B,-,tgt_sh 15.8%; team att 31.3; opp DvP 1.01; RZ tgt 4,1.0,
Mack Hollins,NE,BUF,WR,NE@BUF,2plus_td,0.05395,1754,0.0,0.38755,B,-,tgt_sh 15.8%; team att 31.3; opp DvP 1.01; RZ tgt 4,1.0,
Corey Kiner,NE,BUF,RB,NE@BUF,anytime_td,0.08405,1090,0.0763,0.01125,C,-,car_sh 11.1%; team rush 28.0; opp d_ypc 0.98; inside-10 car 0,1.0,
Corey Kiner,NE,BUF,RB,NE@BUF,first_td,0.015761196442446442,6245,0.0763,0.01125,C,-,car_sh 11.1%; team rush 28.0; opp d_ypc 0.98; inside-10 car 0,1.0,
Corey Kiner,NE,BUF,RB,NE@BUF,last_td,0.015761196442446442,6245,0.0763,0.01125,C,-,car_sh 11.1%; team rush 28.0; opp d_ypc 0.98; inside-10 car 0,1.0,
Corey Kiner,NE,BUF,RB,NE@BUF,2plus_td,0.0035,28471,0.0763,0.01125,C,-,car_sh 11.1%; team rush 28.0; opp d_ypc 0.98; inside-10 car 0,1.0,
Lan Larison,NE,BUF,RB,NE@BUF,anytime_td,0.04635,2057,0.0035,0.044,C,-,tgt_sh 3.1%; team att 31.3; opp DvP 0.99; RZ tgt 0,1.0,
Lan Larison,NE,BUF,RB,NE@BUF,first_td,0.008608109668109667,11517,0.0035,0.044,C,-,tgt_sh 3.1%; team att 31.3; opp DvP 0.99; RZ tgt 0,1.0,
Lan Larison,NE,BUF,RB,NE@BUF,last_td,0.008608109668109667,11517,0.0035,0.044,C,-,tgt_sh 3.1%; team att 31.3; opp DvP 0.99; RZ tgt 0,1.0,
Lan Larison,NE,BUF,RB,NE@BUF,2plus_td,0.00115,86857,0.0035,0.044,C,-,tgt_sh 3.1%; team att 31.3; opp DvP 0.99; RZ tgt 0,1.0,
Eli Raridon,NE,BUF,TE,NE@BUF,anytime_td,0.06297323637454082,1488,0.0,0.06454756728390434,C,Questionable (Limited),w_td 0.04; team TD 2.24,0.6667342299285288,
Eli Raridon,NE,BUF,TE,NE@BUF,first_td,0.011599216187266267,8521,0.0,0.06454756728390434,C,Questionable (Limited),w_td 0.04; team TD 2.24,0.6667342299285288,
Eli Raridon,NE,BUF,TE,NE@BUF,last_td,0.011599216187266267,8521,0.0,0.06454756728390434,C,Questionable (Limited),w_td 0.04; team TD 2.24,0.6667342299285288,
Eli Raridon,NE,BUF,TE,NE@BUF,2plus_td,0.0014993627708224004,66595,0.0,0.06454756728390434,C,Questionable (Limited),w_td 0.04; team TD 2.24,0.6667342299285288,
Rhamondre Stevenson,NE,BUF,RB,NE@BUF,anytime_td,0.30265,230,0.21385,0.14005,B,-,tgt_sh 10.0%; team att 31.3; opp DvP 0.99; RZ tgt 0; car_sh 26.6%; team rush 28.0; opp d_ypc 0.98; inside-10 car 1,1.0,
Rhamondre Stevenson,NE,BUF,RB,NE@BUF,first_td,0.06454196067821068,1449,0.21385,0.14005,B,-,tgt_sh 10.0%; team att 31.3; opp DvP 0.99; RZ tgt 0; car_sh 26.6%; team rush 28.0; opp d_ypc 0.98; inside-10 car 1,1.0,
Rhamondre Stevenson,NE,BUF,RB,NE@BUF,last_td,0.06454196067821068,1449,0.21385,0.14005,B,-,tgt_sh 10.0%; team att 31.3; opp DvP 0.99; RZ tgt 0; car_sh 26.6%; team rush 28.0; opp d_ypc 0.98; inside-10 car 1,1.0,
Rhamondre Stevenson,NE,BUF,RB,NE@BUF,2plus_td,0.0464,2055,0.21385,0.14005,B,-,tgt_sh 10.0%; team att 31.3; opp DvP 0.99; RZ tgt 0; car_sh 26.6%; team rush 28.0; opp d_ypc 0.98; inside-10 car 1,1.0,
Kyle Williams,NE,BUF,WR,NE@BUF,anytime_td,0.0604,1556,0.0,0.06155,C,-,tgt_sh 4.4%; team att 31.3; opp DvP 1.01; RZ tgt 0,1.0,
Kyle Williams,NE,BUF,WR,NE@BUF,first_td,0.011127566738816739,8887,0.0,0.06155,C,-,tgt_sh 4.4%; team att 31.3; opp DvP 1.01; RZ tgt 0,1.0,
Kyle Williams,NE,BUF,WR,NE@BUF,last_td,0.011127566738816739,8887,0.0,0.06155,C,-,tgt_sh 4.4%; team att 31.3; opp DvP 1.01; RZ tgt 0,1.0,
Kyle Williams,NE,BUF,WR,NE@BUF,2plus_td,0.00115,86857,0.0,0.06155,C,-,tgt_sh 4.4%; team att 31.3; opp DvP 1.01; RZ tgt 0,1.0,
Josh Allen,BUF,NE,QB,NE@BUF,anytime_td,0.3198,213,0.38135,0.0,B,-,team att 29.1; ypa 7.85; opp d_ypa 0.93; pass rate 51.9%,1.0,
Josh Allen,BUF,NE,QB,NE@BUF,first_td,0.07073675199800199,1314,0.38135,0.0,B,-,team att 29.1; ypa 7.85; opp d_ypa 0.93; pass rate 51.9%,1.0,
Josh Allen,BUF,NE,QB,NE@BUF,last_td,0.07073675199800199,1314,0.38135,0.0,B,-,team att 29.1; ypa 7.85; opp d_ypa 0.93; pass rate 51.9%,1.0,
Josh Allen,BUF,NE,QB,NE@BUF,2plus_td,0.05605,1684,0.38135,0.0,B,-,team att 29.1; ypa 7.85; opp d_ypa 0.93; pass rate 51.9%,1.0,
Keon Coleman,BUF,NE,WR,NE@BUF,anytime_td,0.15899712718725517,529,0.0,0.17336119091146512,C,no game designation yet (Limited),tgt_sh 11.3%; team att 29.1; opp DvP 1.07; RZ tgt 1,0.9575230478992892,
Keon Coleman,BUF,NE,WR,NE@BUF,first_td,0.031217297980160347,3103,0.0,0.17336119091146512,C,no game designation yet (Limited),tgt_sh 11.3%; team att 29.1; opp DvP 1.07; RZ tgt 1,0.9575230478992892,
Keon Coleman,BUF,NE,WR,NE@BUF,last_td,0.031217297980160347,3103,0.0,0.17336119091146512,C,no game designation yet (Limited),tgt_sh 11.3%; team att 29.1; opp DvP 1.07; RZ tgt 1,0.9575230478992892,
Keon Coleman,BUF,NE,WR,NE@BUF,2plus_td,0.013841734134238705,7125,0.0,0.17336119091146512,C,no game designation yet (Limited),tgt_sh 11.3%; team att 29.1; opp DvP 1.07; RZ tgt 1,0.9575230478992892,
James Cook,BUF,NE,RB,NE@BUF,anytime_td,0.6421,-179,0.81285,0.1657,B,-,tgt_sh 7.4%; team att 29.1; opp DvP 1.13; RZ tgt 2; car_sh 57.4%; team rush 29.3; opp d_ypc 1.02; inside-10 car 5,1.0,
James Cook,BUF,NE,RB,NE@BUF,first_td,0.18189165334665336,450,0.81285,0.1657,B,-,tgt_sh 7.4%; team att 29.1; opp DvP 1.13; RZ tgt 2; car_sh 57.4%; team rush 29.3; opp d_ypc 1.02; inside-10 car 5,1.0,
James Cook,BUF,NE,RB,NE@BUF,last_td,0.18189165334665336,450,0.81285,0.1657,B,-,tgt_sh 7.4%; team att 29.1; opp DvP 1.13; RZ tgt 2; car_sh 57.4%; team rush 29.3; opp d_ypc 1.02; inside-10 car 5,1.0,
James Cook,BUF,NE,RB,NE@BUF,2plus_td,0.258,288,0.81285,0.1657,B,-,tgt_sh 7.4%; team att 29.1; opp DvP 1.13; RZ tgt 2; car_sh 57.4%; team rush 29.3; opp d_ypc 1.02; inside-10 car 5,1.0,
Ray Davis,BUF,NE,RB,NE@BUF,anytime_td,0.07271457395623157,1275,0.06355734906099643,0.011873350923482849,C,Questionable (Limited),w_td 0.05; team TD 2.98,0.6469461218980005,
Ray Davis,BUF,NE,RB,NE@BUF,first_td,0.013848922474562705,7121,0.06355734906099643,0.011873350923482849,C,Questionable (Limited),w_td 0.05; team TD 2.98,0.6469461218980005,
Ray Davis,BUF,NE,RB,NE@BUF,last_td,0.013848922474562705,7121,0.06355734906099643,0.011873350923482849,C,Questionable (Limited),w_td 0.05; team TD 2.98,0.6469461218980005,
Ray Davis,BUF,NE,RB,NE@BUF,2plus_td,0.0027161260282477107,36717,0.06355734906099643,0.011873350923482849,C,Questionable (Limited),w_td 0.05; team TD 2.98,0.6469461218980005,
Greg Dortch,BUF,NE,WR,NE@BUF,anytime_td,0.02735,3556,0.0,0.02775,C,-,w_td 0.02; team TD 2.98,1.0,
Greg Dortch,BUF,NE,WR,NE@BUF,first_td,0.005161183261183261,19275,0.0,0.02775,C,-,w_td 0.02; team TD 2.98,1.0,
Greg Dortch,BUF,NE,WR,NE@BUF,last_td,0.005161183261183261,19275,0.0,0.02775,C,-,w_td 0.02; team TD 2.98,1.0,
Greg Dortch,BUF,NE,WR,NE@BUF,2plus_td,0.0004,249900,0.0,0.02775,C,-,w_td 0.02; team TD 2.98,1.0,
Frank Gore Jr.,BUF,NE,RB,NE@BUF,anytime_td,0.1214,724,0.1223,0.00655,C,-,car_sh 10.6%; team rush 29.3; opp d_ypc 1.02; inside-10 car 0,1.0,
Frank Gore Jr.,BUF,NE,RB,NE@BUF,first_td,0.023824897186147182,4097,0.1223,0.00655,C,-,car_sh 10.6%; team rush 29.3; opp d_ypc 1.02; inside-10 car 0,1.0,
Frank Gore Jr.,BUF,NE,RB,NE@BUF,last_td,0.023824897186147182,4097,0.1223,0.00655,C,-,car_sh 10.6%; team rush 29.3; opp d_ypc 1.02; inside-10 car 0,1.0,
Frank Gore Jr.,BUF,NE,RB,NE@BUF,2plus_td,0.00725,13693,0.1223,0.00655,C,-,car_sh 10.6%; team rush 29.3; opp d_ypc 1.02; inside-10 car 0,1.0,
Jackson Hawes,BUF,NE,TE,NE@BUF,anytime_td,0.0248,3932,0.0,0.02505,C,-,w_td 0.02; team TD 2.98,1.0,
Jackson Hawes,BUF,NE,TE,NE@BUF,first_td,0.004621796536796536,21537,0.0,0.02505,C,-,w_td 0.02; team TD 2.98,1.0,
Jackson Hawes,BUF,NE,TE,NE@BUF,last_td,0.004621796536796536,21537,0.0,0.02505,C,-,w_td 0.02; team TD 2.98,1.0,
Jackson Hawes,BUF,NE,TE,NE@BUF,2plus_td,0.0002,499900,0.0,0.02505,C,-,w_td 0.02; team TD 2.98,1.0,
Ty Johnson,BUF,NE,RB,NE@BUF,anytime_td,0.12565,696,0.02805,0.1063,C,-,tgt_sh 8.5%; team att 29.1; opp DvP 1.13; RZ tgt 0,1.0,
Ty Johnson,BUF,NE,RB,NE@BUF,first_td,0.024821410533910536,3929,0.02805,0.1063,C,-,tgt_sh 8.5%; team att 29.1; opp DvP 1.13; RZ tgt 0,1.0,
Ty Johnson,BUF,NE,RB,NE@BUF,last_td,0.024821410533910536,3929,0.02805,0.1063,C,-,tgt_sh 8.5%; team att 29.1; opp DvP 1.13; RZ tgt 0,1.0,
Ty Johnson,BUF,NE,RB,NE@BUF,2plus_td,0.00825,12021,0.02805,0.1063,C,-,tgt_sh 8.5%; team att 29.1; opp DvP 1.13; RZ tgt 0,1.0,
Dalton Kincaid,BUF,NE,TE,NE@BUF,anytime_td,0.2126,370,0.0,0.23585,B,-,tgt_sh 17.5%; team att 29.1; opp DvP 0.91; RZ tgt 1,1.0,
Dalton Kincaid,BUF,NE,TE,NE@BUF,first_td,0.04313834415584415,2218,0.0,0.23585,B,-,tgt_sh 17.5%; team att 29.1; opp DvP 0.91; RZ tgt 1,1.0,
Dalton Kincaid,BUF,NE,TE,NE@BUF,last_td,0.04313834415584415,2218,0.0,0.23585,B,-,tgt_sh 17.5%; team att 29.1; opp DvP 0.91; RZ tgt 1,1.0,
Dalton Kincaid,BUF,NE,TE,NE@BUF,2plus_td,0.022,4445,0.0,0.23585,B,-,tgt_sh 17.5%; team att 29.1; opp DvP 0.91; RZ tgt 1,1.0,
Dawson Knox,BUF,NE,TE,NE@BUF,anytime_td,0.1054,849,0.0097,0.10115,C,-,tgt_sh 5.6%; team att 29.1; opp DvP 0.91; RZ tgt 1,1.0,
Dawson Knox,BUF,NE,TE,NE@BUF,first_td,0.020480815295815295,4783,0.0097,0.10115,C,-,tgt_sh 5.6%; team att 29.1; opp DvP 0.91; RZ tgt 1,1.0,
Dawson Knox,BUF,NE,TE,NE@BUF,last_td,0.020480815295815295,4783,0.0097,0.10115,C,-,tgt_sh 5.6%; team att 29.1; opp DvP 0.91; RZ tgt 1,1.0,
Dawson Knox,BUF,NE,TE,NE@BUF,2plus_td,0.0054,18419,0.0097,0.10115,C,-,tgt_sh 5.6%; team att 29.1; opp DvP 0.91; RZ tgt 1,1.0,
DJ Moore,BUF,NE,WR,NE@BUF,anytime_td,0.26499266093520657,277,0.007915705598658,0.29744181170056616,B,no game designation yet (Limited),tgt_sh 18.5%; team att 29.1; opp DvP 1.07; RZ tgt 2,0.9575230478992892,
DJ Moore,BUF,NE,WR,NE@BUF,first_td,0.05564965020301568,1697,0.007915705598658,0.29744181170056616,B,no game designation yet (Limited),tgt_sh 18.5%; team att 29.1; opp DvP 1.07; RZ tgt 2,0.9575230478992892,
DJ Moore,BUF,NE,WR,NE@BUF,last_td,0.05564965020301568,1697,0.007915705598658,0.29744181170056616,B,no game designation yet (Limited),tgt_sh 18.5%; team att 29.1; opp DvP 1.07; RZ tgt 2,0.9575230478992892,
DJ Moore,BUF,NE,WR,NE@BUF,2plus_td,0.037062277206961626,2598,0.007915705598658,0.29744181170056616,B,no game designation yet (Limited),tgt_sh 18.5%; team att 29.1; opp DvP 1.07; RZ tgt 2,0.9575230478992892,
Josh Palmer,BUF,NE,WR,NE@BUF,anytime_td,0.0804,1144,0.0,0.084,C,-,tgt_sh 6.8%; team att 29.1; opp DvP 1.07; RZ tgt 0,1.0,
Josh Palmer,BUF,NE,WR,NE@BUF,first_td,0.015357236652236652,6412,0.0,0.084,C,-,tgt_sh 6.8%; team att 29.1; opp DvP 1.07; RZ tgt 0,1.0,
Josh Palmer,BUF,NE,WR,NE@BUF,last_td,0.015357236652236652,6412,0.0,0.084,C,-,tgt_sh 6.8%; team att 29.1; opp DvP 1.07; RZ tgt 0,1.0,
Josh Palmer,BUF,NE,WR,NE@BUF,2plus_td,0.00355,28069,0.0,0.084,C,-,tgt_sh 6.8%; team att 29.1; opp DvP 1.07; RZ tgt 0,1.0,
Khalil Shakir,BUF,NE,WR,NE@BUF,anytime_td,0.2987,235,0.0,0.35135,B,-,tgt_sh 16.8%; team att 29.1; opp DvP 1.07; RZ tgt 4,1.0,
Khalil Shakir,BUF,NE,WR,NE@BUF,first_td,0.0644578817016317,1451,0.0,0.35135,B,-,tgt_sh 16.8%; team att 29.1; opp DvP 1.07; RZ tgt 4,1.0,
Khalil Shakir,BUF,NE,WR,NE@BUF,last_td,0.0644578817016317,1451,0.0,0.35135,B,-,tgt_sh 16.8%; team att 29.1; opp DvP 1.07; RZ tgt 4,1.0,
Khalil Shakir,BUF,NE,WR,NE@BUF,2plus_td,0.04835,1968,0.0,0.35135,B,-,tgt_sh 16.8%; team att 29.1; opp DvP 1.07; RZ tgt 4,1.0,
Geno Smith,NYJ,CHI,QB,NYJ@CHI,anytime_td,0.16005,525,0.1741,0.0,B,-,team att 32.5; ypa 7.84; opp d_ypa 1.04; pass rate 58.5%,1.0,
Geno Smith,NYJ,CHI,QB,NYJ@CHI,first_td,0.03225655469530469,3000,0.1741,0.0,B,-,team att 32.5; ypa 7.84; opp d_ypa 1.04; pass rate 58.5%,1.0,
Geno Smith,NYJ,CHI,QB,NYJ@CHI,last_td,0.03225655469530469,3000,0.1741,0.0,B,-,team att 32.5; ypa 7.84; opp d_ypa 1.04; pass rate 58.5%,1.0,
Geno Smith,NYJ,CHI,QB,NYJ@CHI,2plus_td,0.0132,7476,0.1741,0.0,B,-,team att 32.5; ypa 7.84; opp d_ypa 1.04; pass rate 58.5%,1.0,
Braelon Allen,NYJ,CHI,RB,NYJ@CHI,anytime_td,0.4804,108,0.44215,0.1926,B,-,tgt_sh 3.0%; team att 32.5; opp DvP 1.04; RZ tgt 3; car_sh 23.5%; team rush 25.1; opp d_ypc 1.09; inside-10 car 1,1.0,
Braelon Allen,NYJ,CHI,RB,NYJ@CHI,first_td,0.11711495393495396,754,0.44215,0.1926,B,-,tgt_sh 3.0%; team att 32.5; opp DvP 1.04; RZ tgt 3; car_sh 23.5%; team rush 25.1; opp d_ypc 1.09; inside-10 car 1,1.0,
Braelon Allen,NYJ,CHI,RB,NYJ@CHI,last_td,0.11711495393495396,754,0.44215,0.1926,B,-,tgt_sh 3.0%; team att 32.5; opp DvP 1.04; RZ tgt 3; car_sh 23.5%; team rush 25.1; opp d_ypc 1.09; inside-10 car 1,1.0,
Braelon Allen,NYJ,CHI,RB,NYJ@CHI,2plus_td,0.12895,675,0.44215,0.1926,B,-,tgt_sh 3.0%; team att 32.5; opp DvP 1.04; RZ tgt 3; car_sh 23.5%; team rush 25.1; opp d_ypc 1.09; inside-10 car 1,1.0,
Andrew Beck,NYJ,CHI,RB,NYJ@CHI,anytime_td,0.03365,2872,0.0237,0.01025,C,-,w_td 0.02; team TD 1.91,1.0,
Andrew Beck,NYJ,CHI,RB,NYJ@CHI,first_td,0.006365059523809524,15611,0.0237,0.01025,C,-,w_td 0.02; team TD 1.91,1.0,
Andrew Beck,NYJ,CHI,RB,NYJ@CHI,last_td,0.006365059523809524,15611,0.0237,0.01025,C,-,w_td 0.02; team TD 1.91,1.0,
Andrew Beck,NYJ,CHI,RB,NYJ@CHI,2plus_td,0.0003,333233,0.0237,0.01025,C,-,w_td 0.02; team TD 1.91,1.0,
Isaiah Davis,NYJ,CHI,RB,NYJ@CHI,anytime_td,0.05885,1599,0.0304,0.03065,C,-,tgt_sh 1.9%; team att 32.5; opp DvP 1.04; RZ tgt 0,1.0,
Isaiah Davis,NYJ,CHI,RB,NYJ@CHI,first_td,0.011154848484848483,8865,0.0304,0.03065,C,-,tgt_sh 1.9%; team att 32.5; opp DvP 1.04; RZ tgt 0,1.0,
Isaiah Davis,NYJ,CHI,RB,NYJ@CHI,last_td,0.011154848484848483,8865,0.0304,0.03065,C,-,tgt_sh 1.9%; team att 32.5; opp DvP 1.04; RZ tgt 0,1.0,
Isaiah Davis,NYJ,CHI,RB,NYJ@CHI,2plus_td,0.0022,45355,0.0304,0.03065,C,-,tgt_sh 1.9%; team att 32.5; opp DvP 1.04; RZ tgt 0,1.0,
Jeremy Ruckert,NYJ,CHI,TE,NYJ@CHI,anytime_td,0.14580474934036938,586,0.0,0.15646437994722956,C,no game designation yet (Full),tgt_sh 5.3%; team att 32.5; opp DvP 0.83; RZ tgt 2,0.9479829842591244,
Jeremy Ruckert,NYJ,CHI,TE,NYJ@CHI,first_td,0.028680701298115546,3387,0.0,0.15646437994722956,C,no game designation yet (Full),tgt_sh 5.3%; team att 32.5; opp DvP 0.83; RZ tgt 2,0.9479829842591244,
Jeremy Ruckert,NYJ,CHI,TE,NYJ@CHI,last_td,0.028680701298115546,3387,0.0,0.15646437994722956,C,no game designation yet (Full),tgt_sh 5.3%; team att 32.5; opp DvP 0.83; RZ tgt 2,0.9479829842591244,
Jeremy Ruckert,NYJ,CHI,TE,NYJ@CHI,2plus_td,0.010184696569920845,9719,0.0,0.15646437994722956,C,no game designation yet (Full),tgt_sh 5.3%; team att 32.5; opp DvP 0.83; RZ tgt 2,0.9479829842591244,
Kenyon Sadiq,NYJ,CHI,TE,NYJ@CHI,anytime_td,0.22074349442379182,353,0.06817843866171004,0.1779182156133829,C,Questionable (Limited),tgt_sh 13.7%; team att 32.5; opp DvP 0.83; RZ tgt 0,0.6667342299285288,
Kenyon Sadiq,NYJ,CHI,TE,NYJ@CHI,first_td,0.044825039066674746,2131,0.06817843866171004,0.1779182156133829,C,Questionable (Limited),tgt_sh 13.7%; team att 32.5; opp DvP 0.83; RZ tgt 0,0.6667342299285288,
Kenyon Sadiq,NYJ,CHI,TE,NYJ@CHI,last_td,0.044825039066674746,2131,0.06817843866171004,0.1779182156133829,C,Questionable (Limited),tgt_sh 13.7%; team att 32.5; opp DvP 0.83; RZ tgt 0,0.6667342299285288,
Kenyon Sadiq,NYJ,CHI,TE,NYJ@CHI,2plus_td,0.023866171003717473,4090,0.06817843866171004,0.1779182156133829,C,Questionable (Limited),tgt_sh 13.7%; team att 32.5; opp DvP 0.83; RZ tgt 0,0.6667342299285288,
Sterling Shepard,NYJ,CHI,WR,NYJ@CHI,anytime_td,0.06975,1334,0.0,0.07255,C,-,tgt_sh 5.2%; team att 32.5; opp DvP 0.95; RZ tgt 0,1.0,
Sterling Shepard,NYJ,CHI,WR,NYJ@CHI,first_td,0.013200512820512822,7475,0.0,0.07255,C,-,tgt_sh 5.2%; team att 32.5; opp DvP 0.95; RZ tgt 0,1.0,
Sterling Shepard,NYJ,CHI,WR,NYJ@CHI,last_td,0.013200512820512822,7475,0.0,0.07255,C,-,tgt_sh 5.2%; team att 32.5; opp DvP 0.95; RZ tgt 0,1.0,
Sterling Shepard,NYJ,CHI,WR,NYJ@CHI,2plus_td,0.00275,36264,0.0,0.07255,C,-,tgt_sh 5.2%; team att 32.5; opp DvP 0.95; RZ tgt 0,1.0,
Isaiah Williams,NYJ,CHI,WR,NYJ@CHI,anytime_td,0.1675,497,0.01485,0.16585,C,-,tgt_sh 8.3%; team att 32.5; opp DvP 0.95; RZ tgt 1,1.0,
Isaiah Williams,NYJ,CHI,WR,NYJ@CHI,first_td,0.03293608988233989,2936,0.01485,0.16585,C,-,tgt_sh 8.3%; team att 32.5; opp DvP 0.95; RZ tgt 1,1.0,
Isaiah Williams,NYJ,CHI,WR,NYJ@CHI,last_td,0.03293608988233989,2936,0.01485,0.16585,C,-,tgt_sh 8.3%; team att 32.5; opp DvP 0.95; RZ tgt 1,1.0,
Isaiah Williams,NYJ,CHI,WR,NYJ@CHI,2plus_td,0.01265,7805,0.01485,0.16585,C,-,tgt_sh 8.3%; team att 32.5; opp DvP 0.95; RZ tgt 1,1.0,
Garrett Wilson,NYJ,CHI,WR,NYJ@CHI,anytime_td,0.333,200,0.0,0.4023,B,-,tgt_sh 24.6%; team att 32.5; opp DvP 0.95; RZ tgt 1,1.0,
Garrett Wilson,NYJ,CHI,WR,NYJ@CHI,first_td,0.07313447899322899,1267,0.0,0.4023,B,-,tgt_sh 24.6%; team att 32.5; opp DvP 0.95; RZ tgt 1,1.0,
Garrett Wilson,NYJ,CHI,WR,NYJ@CHI,last_td,0.07313447899322899,1267,0.0,0.4023,B,-,tgt_sh 24.6%; team att 32.5; opp DvP 0.95; RZ tgt 1,1.0,
Garrett Wilson,NYJ,CHI,WR,NYJ@CHI,2plus_td,0.0614,1529,0.0,0.4023,B,-,tgt_sh 24.6%; team att 32.5; opp DvP 0.95; RZ tgt 1,1.0,
Tyson Bagent,CHI,NYJ,QB,NYJ@CHI,anytime_td,0.20905,378,0.23355,0.0,C,-,team att 28.5; ypa 6.62; opp d_ypa 0.92; pass rate 49.9%,1.0,
Tyson Bagent,CHI,NYJ,QB,NYJ@CHI,first_td,0.044257236513486516,2160,0.23355,0.0,C,-,team att 28.5; ypa 6.62; opp d_ypa 0.92; pass rate 49.9%,1.0,
Tyson Bagent,CHI,NYJ,QB,NYJ@CHI,last_td,0.044257236513486516,2160,0.23355,0.0,C,-,team att 28.5; ypa 6.62; opp d_ypa 0.92; pass rate 49.9%,1.0,
Tyson Bagent,CHI,NYJ,QB,NYJ@CHI,2plus_td,0.0227,4305,0.23355,0.0,C,-,team att 28.5; ypa 6.62; opp d_ypa 0.92; pass rate 49.9%,1.0,
Luther Burden III,CHI,NYJ,WR,NYJ@CHI,anytime_td,0.3417,193,0.01155,0.3977,B,-,tgt_sh 19.1%; team att 28.5; opp DvP 0.95; RZ tgt 6,1.0,
Luther Burden III,CHI,NYJ,WR,NYJ@CHI,first_td,0.07607869810744809,1214,0.01155,0.3977,B,-,tgt_sh 19.1%; team att 28.5; opp DvP 0.95; RZ tgt 6,1.0,
Luther Burden III,CHI,NYJ,WR,NYJ@CHI,last_td,0.07607869810744809,1214,0.01155,0.3977,B,-,tgt_sh 19.1%; team att 28.5; opp DvP 0.95; RZ tgt 6,1.0,
Luther Burden III,CHI,NYJ,WR,NYJ@CHI,2plus_td,0.0603,1558,0.01155,0.3977,B,-,tgt_sh 19.1%; team att 28.5; opp DvP 0.95; RZ tgt 6,1.0,
Roschon Johnson,CHI,NYJ,RB,NYJ@CHI,anytime_td,0.0163,6035,0.01095,0.00575,C,-,w_td 0.01; team TD 3.22,1.0,
Roschon Johnson,CHI,NYJ,RB,NYJ@CHI,first_td,0.00325931277056277,30581,0.01095,0.00575,C,-,w_td 0.01; team TD 3.22,1.0,
Roschon Johnson,CHI,NYJ,RB,NYJ@CHI,last_td,0.00325931277056277,30581,0.01095,0.00575,C,-,w_td 0.01; team TD 3.22,1.0,
Roschon Johnson,CHI,NYJ,RB,NYJ@CHI,2plus_td,0.0004,249900,0.01095,0.00575,C,-,w_td 0.01; team TD 3.22,1.0,
Cole Kmet,CHI,NYJ,TE,NYJ@CHI,anytime_td,0.0828,1108,0.0,0.08585,C,-,tgt_sh 7.1%; team att 28.5; opp DvP 0.86; RZ tgt 0,1.0,
Cole Kmet,CHI,NYJ,TE,NYJ@CHI,first_td,0.016289895937395937,6039,0.0,0.08585,C,-,tgt_sh 7.1%; team att 28.5; opp DvP 0.86; RZ tgt 0,1.0,
Cole Kmet,CHI,NYJ,TE,NYJ@CHI,last_td,0.016289895937395937,6039,0.0,0.08585,C,-,tgt_sh 7.1%; team att 28.5; opp DvP 0.86; RZ tgt 0,1.0,
Cole Kmet,CHI,NYJ,TE,NYJ@CHI,2plus_td,0.00295,33798,0.0,0.08585,C,-,tgt_sh 7.1%; team att 28.5; opp DvP 0.86; RZ tgt 0,1.0,
Colston Loveland,CHI,NYJ,TE,NYJ@CHI,anytime_td,0.22065,353,0.0,0.2473,C,-,tgt_sh 14.2%; team att 28.5; opp DvP 0.86; RZ tgt 3,1.0,
Colston Loveland,CHI,NYJ,TE,NYJ@CHI,first_td,0.04622655774780774,2063,0.0,0.2473,C,-,tgt_sh 14.2%; team att 28.5; opp DvP 0.86; RZ tgt 3,1.0,
Colston Loveland,CHI,NYJ,TE,NYJ@CHI,last_td,0.04622655774780774,2063,0.0,0.2473,C,-,tgt_sh 14.2%; team att 28.5; opp DvP 0.86; RZ tgt 3,1.0,
Colston Loveland,CHI,NYJ,TE,NYJ@CHI,2plus_td,0.02495,3908,0.0,0.2473,C,-,tgt_sh 14.2%; team att 28.5; opp DvP 0.86; RZ tgt 3,1.0,
Kyle Monangai,CHI,NYJ,RB,NYJ@CHI,anytime_td,0.39225,155,0.39625,0.09135,B,-,tgt_sh 4.9%; team att 28.5; opp DvP 0.99; RZ tgt 1; car_sh 25.6%; team rush 30.9; opp d_ypc 1.00; inside-10 car 4,1.0,
Kyle Monangai,CHI,NYJ,RB,NYJ@CHI,first_td,0.09207273421023421,986,0.39625,0.09135,B,-,tgt_sh 4.9%; team att 28.5; opp DvP 0.99; RZ tgt 1; car_sh 25.6%; team rush 30.9; opp d_ypc 1.00; inside-10 car 4,1.0,
Kyle Monangai,CHI,NYJ,RB,NYJ@CHI,last_td,0.09207273421023421,986,0.39625,0.09135,B,-,tgt_sh 4.9%; team att 28.5; opp DvP 0.99; RZ tgt 1; car_sh 25.6%; team rush 30.9; opp d_ypc 1.00; inside-10 car 4,1.0,
Kyle Monangai,CHI,NYJ,RB,NYJ@CHI,2plus_td,0.0823,1115,0.39625,0.09135,B,-,tgt_sh 4.9%; team att 28.5; opp DvP 0.99; RZ tgt 1; car_sh 25.6%; team rush 30.9; opp d_ypc 1.00; inside-10 car 4,1.0,
Rome Odunze,CHI,NYJ,WR,NYJ@CHI,anytime_td,0.25725,289,0.0,0.29505,B,-,tgt_sh 18.7%; team att 28.5; opp DvP 0.95; RZ tgt 2,1.0,
Rome Odunze,CHI,NYJ,WR,NYJ@CHI,first_td,0.0550347834110334,1717,0.0,0.29505,B,-,tgt_sh 18.7%; team att 28.5; opp DvP 0.95; RZ tgt 2,1.0,
Rome Odunze,CHI,NYJ,WR,NYJ@CHI,last_td,0.0550347834110334,1717,0.0,0.29505,B,-,tgt_sh 18.7%; team att 28.5; opp DvP 0.95; RZ tgt 2,1.0,
Rome Odunze,CHI,NYJ,WR,NYJ@CHI,2plus_td,0.03475,2778,0.0,0.29505,B,-,tgt_sh 18.7%; team att 28.5; opp DvP 0.95; RZ tgt 2,1.0,
Kalif Raymond,CHI,NYJ,WR,NYJ@CHI,anytime_td,0.25245,296,0.0,0.2866,B,-,tgt_sh 16.5%; team att 28.5; opp DvP 0.95; RZ tgt 3,1.0,
Kalif Raymond,CHI,NYJ,WR,NYJ@CHI,first_td,0.05372559454434455,1761,0.0,0.2866,B,-,tgt_sh 16.5%; team att 28.5; opp DvP 0.95; RZ tgt 3,1.0,
Kalif Raymond,CHI,NYJ,WR,NYJ@CHI,last_td,0.05372559454434455,1761,0.0,0.2866,B,-,tgt_sh 16.5%; team att 28.5; opp DvP 0.95; RZ tgt 3,1.0,
Kalif Raymond,CHI,NYJ,WR,NYJ@CHI,2plus_td,0.03145,3080,0.0,0.2866,B,-,tgt_sh 16.5%; team att 28.5; opp DvP 0.95; RZ tgt 3,1.0,
Sam Roush,CHI,NYJ,TE,NYJ@CHI,anytime_td,0.0617,1521,0.0,0.0637,C,-,w_td 0.04; team TD 3.22,1.0,
Sam Roush,CHI,NYJ,TE,NYJ@CHI,first_td,0.011771231962481962,8395,0.0,0.0637,C,-,w_td 0.04; team TD 3.22,1.0,
Sam Roush,CHI,NYJ,TE,NYJ@CHI,last_td,0.011771231962481962,8395,0.0,0.0637,C,-,w_td 0.04; team TD 3.22,1.0,
Sam Roush,CHI,NYJ,TE,NYJ@CHI,2plus_td,0.0019,52532,0.0,0.0637,C,-,w_td 0.04; team TD 3.22,1.0,
D'Andre Swift,CHI,NYJ,RB,NYJ@CHI,anytime_td,0.6076708581049087,-155,0.7396748566317672,0.14889251328457936,B,no game designation yet (Full),tgt_sh 9.4%; team att 28.5; opp DvP 0.99; RZ tgt 1; car_sh 46.4%; team rush 30.9; opp d_ypc 1.00; inside-10 car 10,0.9508674235277402,
D'Andre Swift,CHI,NYJ,RB,NYJ@CHI,first_td,0.1683176306749201,494,0.7396748566317672,0.14889251328457936,B,no game designation yet (Full),tgt_sh 9.4%; team att 28.5; opp DvP 0.99; RZ tgt 1; car_sh 46.4%; team rush 30.9; opp d_ypc 1.00; inside-10 car 10,0.9508674235277402,
D'Andre Swift,CHI,NYJ,RB,NYJ@CHI,last_td,0.1683176306749201,494,0.7396748566317672,0.14889251328457936,B,no game designation yet (Full),tgt_sh 9.4%; team att 28.5; opp DvP 0.99; RZ tgt 1; car_sh 46.4%; team rush 30.9; opp d_ypc 1.00; inside-10 car 10,0.9508674235277402,
D'Andre Swift,CHI,NYJ,RB,NYJ@CHI,2plus_td,0.2217604040616615,351,0.7396748566317672,0.14889251328457936,B,no game designation yet (Full),tgt_sh 9.4%; team att 28.5; opp DvP 0.99; RZ tgt 1; car_sh 46.4%; team rush 30.9; opp d_ypc 1.00; inside-10 car 10,0.9508674235277402,
Zavion Thomas,CHI,NYJ,WR,NYJ@CHI,anytime_td,0.0185,5305,0.0,0.0189,C,-,w_td 0.01; team TD 3.22,1.0,
Zavion Thomas,CHI,NYJ,WR,NYJ@CHI,first_td,0.0035557593795093796,28023,0.0,0.0189,C,-,w_td 0.01; team TD 3.22,1.0,
Zavion Thomas,CHI,NYJ,WR,NYJ@CHI,last_td,0.0035557593795093796,28023,0.0,0.0189,C,-,w_td 0.01; team TD 3.22,1.0,
Zavion Thomas,CHI,NYJ,WR,NYJ@CHI,2plus_td,0.0004,249900,0.0,0.0189,C,-,w_td 0.01; team TD 3.22,1.0,
Jahdae Walker,CHI,NYJ,WR,NYJ@CHI,anytime_td,0.06195,1514,0.0,0.06355,C,-,w_td 0.04; team TD 3.22,1.0,
Jahdae Walker,CHI,NYJ,WR,NYJ@CHI,first_td,0.011822374292374292,8359,0.0,0.06355,C,-,w_td 0.04; team TD 3.22,1.0,
Jahdae Walker,CHI,NYJ,WR,NYJ@CHI,last_td,0.011822374292374292,8359,0.0,0.06355,C,-,w_td 0.04; team TD 3.22,1.0,
Jahdae Walker,CHI,NYJ,WR,NYJ@CHI,2plus_td,0.0016,62400,0.0,0.06355,C,-,w_td 0.04; team TD 3.22,1.0,
Trevor Lawrence,JAX,CIN,QB,JAX@CIN,anytime_td,0.08875,1027,0.0925,0.0,B,-,team att 29.5; ypa 7.52; opp d_ypa 1.01; pass rate 51.5%,1.0,
Trevor Lawrence,JAX,CIN,QB,JAX@CIN,first_td,0.016883817293817292,5823,0.0925,0.0,B,-,team att 29.5; ypa 7.52; opp d_ypa 1.01; pass rate 51.5%,1.0,
Trevor Lawrence,JAX,CIN,QB,JAX@CIN,last_td,0.016883817293817292,5823,0.0925,0.0,B,-,team att 29.5; ypa 7.52; opp d_ypa 1.01; pass rate 51.5%,1.0,
Trevor Lawrence,JAX,CIN,QB,JAX@CIN,2plus_td,0.00365,27297,0.0925,0.0,B,-,team att 29.5; ypa 7.52; opp d_ypa 1.01; pass rate 51.5%,1.0,
Ameer Abdullah,JAX,CIN,RB,JAX@CIN,anytime_td,0.1639,510,0.0849,0.09305,C,-,tgt_sh 3.9%; team att 29.5; opp DvP 0.93; RZ tgt 1; car_sh 10.1%; team rush 29.5; opp d_ypc 1.05; inside-10 car 0,1.0,
Ameer Abdullah,JAX,CIN,RB,JAX@CIN,first_td,0.032870656981906984,2942,0.0849,0.09305,C,-,tgt_sh 3.9%; team att 29.5; opp DvP 0.93; RZ tgt 1; car_sh 10.1%; team rush 29.5; opp d_ypc 1.05; inside-10 car 0,1.0,
Ameer Abdullah,JAX,CIN,RB,JAX@CIN,last_td,0.032870656981906984,2942,0.0849,0.09305,C,-,tgt_sh 3.9%; team att 29.5; opp DvP 0.93; RZ tgt 1; car_sh 10.1%; team rush 29.5; opp d_ypc 1.05; inside-10 car 0,1.0,
Ameer Abdullah,JAX,CIN,RB,JAX@CIN,2plus_td,0.01325,7447,0.0849,0.09305,C,-,tgt_sh 3.9%; team att 29.5; opp DvP 0.93; RZ tgt 1; car_sh 10.1%; team rush 29.5; opp d_ypc 1.05; inside-10 car 0,1.0,
LeQuint Allen Jr.,JAX,CIN,RB,JAX@CIN,anytime_td,0.09047499371701433,1005,0.0132696657451621,0.0802211610957527,C,no game designation yet (Limited),w_td 0.05; team TD 2.92,0.9951309141019752,
LeQuint Allen Jr.,JAX,CIN,RB,JAX@CIN,first_td,0.017310970981491213,5677,0.0132696657451621,0.0802211610957527,C,no game designation yet (Limited),w_td 0.05; team TD 2.92,0.9951309141019752,
LeQuint Allen Jr.,JAX,CIN,RB,JAX@CIN,last_td,0.017310970981491213,5677,0.0132696657451621,0.0802211610957527,C,no game designation yet (Limited),w_td 0.05; team TD 2.92,0.9951309141019752,
LeQuint Allen Jr.,JAX,CIN,RB,JAX@CIN,2plus_td,0.0030158331239004774,33058,0.0132696657451621,0.0802211610957527,C,no game designation yet (Limited),w_td 0.05; team TD 2.92,0.9951309141019752,
Nate Boerkircher,JAX,CIN,TE,JAX@CIN,anytime_td,0.0658518596565167,1419,0.0,0.0682225266041513,C,no game designation yet (Full),w_td 0.04; team TD 2.92,0.9479829842591244,
Nate Boerkircher,JAX,CIN,TE,JAX@CIN,first_td,0.01249070472018528,7906,0.0,0.0682225266041513,C,no game designation yet (Full),w_td 0.04; team TD 2.92,0.9479829842591244,
Nate Boerkircher,JAX,CIN,TE,JAX@CIN,last_td,0.01249070472018528,7906,0.0,0.0682225266041513,C,no game designation yet (Full),w_td 0.04; team TD 2.92,0.9479829842591244,
Nate Boerkircher,JAX,CIN,TE,JAX@CIN,2plus_td,0.0023179854599093878,43041,0.0,0.0682225266041513,C,no game designation yet (Full),w_td 0.04; team TD 2.92,0.9479829842591244,
Josh Cameron,JAX,CIN,WR,JAX@CIN,anytime_td,0.1499,567,0.0,0.16155,C,-,tgt_sh 5.5%; team att 29.5; opp DvP 0.99; RZ tgt 2,1.0,
Josh Cameron,JAX,CIN,WR,JAX@CIN,first_td,0.02919513875013875,3325,0.0,0.16155,C,-,tgt_sh 5.5%; team att 29.5; opp DvP 0.99; RZ tgt 2,1.0,
Josh Cameron,JAX,CIN,WR,JAX@CIN,last_td,0.02919513875013875,3325,0.0,0.16155,C,-,tgt_sh 5.5%; team att 29.5; opp DvP 0.99; RZ tgt 2,1.0,
Josh Cameron,JAX,CIN,WR,JAX@CIN,2plus_td,0.0112,8829,0.0,0.16155,C,-,tgt_sh 5.5%; team att 29.5; opp DvP 0.99; RZ tgt 2,1.0,
Jakobi Meyers,JAX,CIN,WR,JAX@CIN,anytime_td,0.3046710248840152,228,0.00616828342471531,0.3515921552087727,C,no game designation yet (Full),tgt_sh 18.4%; team att 29.5; opp DvP 0.99; RZ tgt 2,0.9479829842591244,
Jakobi Meyers,JAX,CIN,WR,JAX@CIN,first_td,0.06560361442531412,1424,0.00616828342471531,0.3515921552087727,C,no game designation yet (Full),tgt_sh 18.4%; team att 29.5; opp DvP 0.99; RZ tgt 2,0.9479829842591244,
Jakobi Meyers,JAX,CIN,WR,JAX@CIN,last_td,0.06560361442531412,1424,0.00616828342471531,0.3515921552087727,C,no game designation yet (Full),tgt_sh 18.4%; team att 29.5; opp DvP 0.99; RZ tgt 2,0.9479829842591244,
Jakobi Meyers,JAX,CIN,WR,JAX@CIN,2plus_td,0.048028258118937156,1982,0.00616828342471531,0.3515921552087727,C,no game designation yet (Full),tgt_sh 18.4%; team att 29.5; opp DvP 0.99; RZ tgt 2,0.9479829842591244,
Quintin Morris,JAX,CIN,TE,JAX@CIN,anytime_td,0.03565,2705,0.0,0.03615,C,-,w_td 0.02; team TD 2.92,1.0,
Quintin Morris,JAX,CIN,TE,JAX@CIN,first_td,0.00656529637029637,15132,0.0,0.03615,C,-,w_td 0.02; team TD 2.92,1.0,
Quintin Morris,JAX,CIN,TE,JAX@CIN,last_td,0.00656529637029637,15132,0.0,0.03615,C,-,w_td 0.02; team TD 2.92,1.0,
Quintin Morris,JAX,CIN,TE,JAX@CIN,2plus_td,0.0005,199900,0.0,0.03615,C,-,w_td 0.02; team TD 2.92,1.0,
Chris Rodriguez Jr.,JAX,CIN,RB,JAX@CIN,anytime_td,0.25525,292,0.28205,0.0082,B,-,car_sh 23.4%; team rush 29.5; opp d_ypc 1.05; inside-10 car 3,1.0,
Chris Rodriguez Jr.,JAX,CIN,RB,JAX@CIN,first_td,0.054092228049728054,1749,0.28205,0.0082,B,-,car_sh 23.4%; team rush 29.5; opp d_ypc 1.05; inside-10 car 3,1.0,
Chris Rodriguez Jr.,JAX,CIN,RB,JAX@CIN,last_td,0.054092228049728054,1749,0.28205,0.0082,B,-,car_sh 23.4%; team rush 29.5; opp d_ypc 1.05; inside-10 car 3,1.0,
Chris Rodriguez Jr.,JAX,CIN,RB,JAX@CIN,2plus_td,0.0331,2921,0.28205,0.0082,B,-,car_sh 23.4%; team rush 29.5; opp d_ypc 1.05; inside-10 car 3,1.0,
Brenton Strange,JAX,CIN,TE,JAX@CIN,anytime_td,0.2567,290,0.0,0.29245,C,-,tgt_sh 15.4%; team att 29.5; opp DvP 0.85; RZ tgt 2,1.0,
Brenton Strange,JAX,CIN,TE,JAX@CIN,first_td,0.053469619130869124,1770,0.0,0.29245,C,-,tgt_sh 15.4%; team att 29.5; opp DvP 0.85; RZ tgt 2,1.0,
Brenton Strange,JAX,CIN,TE,JAX@CIN,last_td,0.053469619130869124,1770,0.0,0.29245,C,-,tgt_sh 15.4%; team att 29.5; opp DvP 0.85; RZ tgt 2,1.0,
Brenton Strange,JAX,CIN,TE,JAX@CIN,2plus_td,0.0328,2949,0.0,0.29245,C,-,tgt_sh 15.4%; team att 29.5; opp DvP 0.85; RZ tgt 2,1.0,
Brian Thomas Jr.,JAX,CIN,WR,JAX@CIN,anytime_td,0.2391,318,0.0,0.2691,C,-,tgt_sh 17.8%; team att 29.5; opp DvP 0.99; RZ tgt 0,1.0,
Brian Thomas Jr.,JAX,CIN,WR,JAX@CIN,first_td,0.049078923715173715,1938,0.0,0.2691,C,-,tgt_sh 17.8%; team att 29.5; opp DvP 0.99; RZ tgt 0,1.0,
Brian Thomas Jr.,JAX,CIN,WR,JAX@CIN,last_td,0.049078923715173715,1938,0.0,0.2691,C,-,tgt_sh 17.8%; team att 29.5; opp DvP 0.99; RZ tgt 0,1.0,
Brian Thomas Jr.,JAX,CIN,WR,JAX@CIN,2plus_td,0.02785,3491,0.0,0.2691,C,-,tgt_sh 17.8%; team att 29.5; opp DvP 0.99; RZ tgt 0,1.0,
Bhayshul Tuten,JAX,CIN,RB,JAX@CIN,anytime_td,0.4285,133,0.42325,0.117,B,-,tgt_sh 5.4%; team att 29.5; opp DvP 0.93; RZ tgt 1; car_sh 43.2%; team rush 29.5; opp d_ypc 1.05; inside-10 car 2,1.0,
Bhayshul Tuten,JAX,CIN,RB,JAX@CIN,first_td,0.09997124042624042,900,0.42325,0.117,B,-,tgt_sh 5.4%; team att 29.5; opp DvP 0.93; RZ tgt 1; car_sh 43.2%; team rush 29.5; opp d_ypc 1.05; inside-10 car 2,1.0,
Bhayshul Tuten,JAX,CIN,RB,JAX@CIN,last_td,0.09997124042624042,900,0.42325,0.117,B,-,tgt_sh 5.4%; team att 29.5; opp DvP 0.93; RZ tgt 1; car_sh 43.2%; team rush 29.5; opp d_ypc 1.05; inside-10 car 2,1.0,
Bhayshul Tuten,JAX,CIN,RB,JAX@CIN,2plus_td,0.09655,936,0.42325,0.117,B,-,tgt_sh 5.4%; team att 29.5; opp DvP 0.93; RZ tgt 1; car_sh 43.2%; team rush 29.5; opp d_ypc 1.05; inside-10 car 2,1.0,
Parker Washington,JAX,CIN,WR,JAX@CIN,anytime_td,0.381,162,0.0,0.4675,B,-,tgt_sh 23.5%; team att 29.5; opp DvP 0.99; RZ tgt 3,1.0,
Parker Washington,JAX,CIN,WR,JAX@CIN,first_td,0.08638814019314019,1058,0.0,0.4675,B,-,tgt_sh 23.5%; team att 29.5; opp DvP 0.99; RZ tgt 3,1.0,
Parker Washington,JAX,CIN,WR,JAX@CIN,last_td,0.08638814019314019,1058,0.0,0.4675,B,-,tgt_sh 23.5%; team att 29.5; opp DvP 0.99; RZ tgt 3,1.0,
Parker Washington,JAX,CIN,WR,JAX@CIN,2plus_td,0.0754,1226,0.0,0.4675,B,-,tgt_sh 23.5%; team att 29.5; opp DvP 0.99; RZ tgt 3,1.0,
Joe Burrow,CIN,JAX,QB,JAX@CIN,anytime_td,0.03605,2674,0.03685,0.0,B,-,team att 33.7; ypa 7.91; opp d_ypa 1.10; pass rate 60.6%,1.0,
Joe Burrow,CIN,JAX,QB,JAX@CIN,first_td,0.00662032287157287,15005,0.03685,0.0,B,-,team att 33.7; ypa 7.91; opp d_ypa 1.10; pass rate 60.6%,1.0,
Joe Burrow,CIN,JAX,QB,JAX@CIN,last_td,0.00662032287157287,15005,0.03685,0.0,B,-,team att 33.7; ypa 7.91; opp d_ypa 1.10; pass rate 60.6%,1.0,
Joe Burrow,CIN,JAX,QB,JAX@CIN,2plus_td,0.0008,124900,0.03685,0.0,B,-,team att 33.7; ypa 7.91; opp d_ypa 1.10; pass rate 60.6%,1.0,
Erick All,CIN,JAX,TE,JAX@CIN,anytime_td,0.03135,3090,0.0,0.03195,C,-,w_td 0.02; team TD 2.31,1.0,
Erick All,CIN,JAX,TE,JAX@CIN,first_td,0.005717054473304474,17392,0.0,0.03195,C,-,w_td 0.02; team TD 2.31,1.0,
Erick All,CIN,JAX,TE,JAX@CIN,last_td,0.005717054473304474,17392,0.0,0.03195,C,-,w_td 0.02; team TD 2.31,1.0,
Erick All,CIN,JAX,TE,JAX@CIN,2plus_td,0.0006,166567,0.0,0.03195,C,-,w_td 0.02; team TD 2.31,1.0,
Tahj Brooks,CIN,JAX,RB,JAX@CIN,anytime_td,0.01895,5177,0.01255,0.00665,C,-,w_td 0.03; team TD 2.31,1.0,
Tahj Brooks,CIN,JAX,RB,JAX@CIN,first_td,0.003453353174603175,28857,0.01255,0.00665,C,-,w_td 0.03; team TD 2.31,1.0,
Tahj Brooks,CIN,JAX,RB,JAX@CIN,last_td,0.003453353174603175,28857,0.01255,0.00665,C,-,w_td 0.03; team TD 2.31,1.0,
Tahj Brooks,CIN,JAX,RB,JAX@CIN,2plus_td,0.00025,399900,0.01255,0.00665,C,-,w_td 0.03; team TD 2.31,1.0,
Chase Brown,CIN,JAX,RB,JAX@CIN,anytime_td,0.48955,104,0.4318,0.21475,B,-,tgt_sh 12.7%; team att 33.7; opp DvP 0.98; RZ tgt 1; car_sh 64.7%; team rush 23.6; opp d_ypc 0.94; inside-10 car 3,1.0,
Chase Brown,CIN,JAX,RB,JAX@CIN,first_td,0.1175019615107115,751,0.4318,0.21475,B,-,tgt_sh 12.7%; team att 33.7; opp DvP 0.98; RZ tgt 1; car_sh 64.7%; team rush 23.6; opp d_ypc 0.94; inside-10 car 3,1.0,
Chase Brown,CIN,JAX,RB,JAX@CIN,last_td,0.1175019615107115,751,0.4318,0.21475,B,-,tgt_sh 12.7%; team att 33.7; opp DvP 0.98; RZ tgt 1; car_sh 64.7%; team rush 23.6; opp d_ypc 0.94; inside-10 car 3,1.0,
Chase Brown,CIN,JAX,RB,JAX@CIN,2plus_td,0.13205,657,0.4318,0.21475,B,-,tgt_sh 12.7%; team att 33.7; opp DvP 0.98; RZ tgt 1; car_sh 64.7%; team rush 23.6; opp d_ypc 0.94; inside-10 car 3,1.0,
Ja'Marr Chase,CIN,JAX,WR,JAX@CIN,anytime_td,0.4248,135,0.0,0.5361,B,-,tgt_sh 26.5%; team att 33.7; opp DvP 0.98; RZ tgt 4,1.0,
Ja'Marr Chase,CIN,JAX,WR,JAX@CIN,first_td,0.09686987984237982,932,0.0,0.5361,B,-,tgt_sh 26.5%; team att 33.7; opp DvP 0.98; RZ tgt 4,1.0,
Ja'Marr Chase,CIN,JAX,WR,JAX@CIN,last_td,0.09686987984237982,932,0.0,0.5361,B,-,tgt_sh 26.5%; team att 33.7; opp DvP 0.98; RZ tgt 4,1.0,
Ja'Marr Chase,CIN,JAX,WR,JAX@CIN,2plus_td,0.09635,938,0.0,0.5361,B,-,tgt_sh 26.5%; team att 33.7; opp DvP 0.98; RZ tgt 4,1.0,
Mike Gesicki,CIN,JAX,TE,JAX@CIN,anytime_td,0.2287,337,0.0,0.2557,C,-,tgt_sh 11.1%; team att 33.7; opp DvP 1.12; RZ tgt 2,1.0,
Mike Gesicki,CIN,JAX,TE,JAX@CIN,first_td,0.04561620407370407,2092,0.0,0.2557,C,-,tgt_sh 11.1%; team att 33.7; opp DvP 1.12; RZ tgt 2,1.0,
Mike Gesicki,CIN,JAX,TE,JAX@CIN,last_td,0.04561620407370407,2092,0.0,0.2557,C,-,tgt_sh 11.1%; team att 33.7; opp DvP 1.12; RZ tgt 2,1.0,
Mike Gesicki,CIN,JAX,TE,JAX@CIN,2plus_td,0.0255,3822,0.0,0.2557,C,-,tgt_sh 11.1%; team att 33.7; opp DvP 1.12; RZ tgt 2,1.0,
Tee Higgins,CIN,JAX,WR,JAX@CIN,anytime_td,0.2655,277,0.0,0.30815,B,-,tgt_sh 19.0%; team att 33.7; opp DvP 0.98; RZ tgt 1,1.0,
Tee Higgins,CIN,JAX,WR,JAX@CIN,first_td,0.05613934634809634,1681,0.0,0.30815,B,-,tgt_sh 19.0%; team att 33.7; opp DvP 0.98; RZ tgt 1,1.0,
Tee Higgins,CIN,JAX,WR,JAX@CIN,last_td,0.05613934634809634,1681,0.0,0.30815,B,-,tgt_sh 19.0%; team att 33.7; opp DvP 0.98; RZ tgt 1,1.0,
Tee Higgins,CIN,JAX,WR,JAX@CIN,2plus_td,0.03945,2435,0.0,0.30815,B,-,tgt_sh 19.0%; team att 33.7; opp DvP 0.98; RZ tgt 1,1.0,
Tanner Hudson,CIN,JAX,TE,JAX@CIN,anytime_td,0.05275,1796,0.0,0.054,C,-,tgt_sh 3.7%; team att 33.7; opp DvP 1.12; RZ tgt 0,1.0,
Tanner Hudson,CIN,JAX,TE,JAX@CIN,first_td,0.009831894494394495,10071,0.0,0.054,C,-,tgt_sh 3.7%; team att 33.7; opp DvP 1.12; RZ tgt 0,1.0,
Tanner Hudson,CIN,JAX,TE,JAX@CIN,last_td,0.009831894494394495,10071,0.0,0.054,C,-,tgt_sh 3.7%; team att 33.7; opp DvP 1.12; RZ tgt 0,1.0,
Tanner Hudson,CIN,JAX,TE,JAX@CIN,2plus_td,0.00125,79900,0.0,0.054,C,-,tgt_sh 3.7%; team att 33.7; opp DvP 1.12; RZ tgt 0,1.0,
Dohnte Meyers,CIN,JAX,WR,JAX@CIN,anytime_td,0.0804,1144,0.00485,0.07855,C,-,tgt_sh 5.6%; team att 33.7; opp DvP 0.98; RZ tgt 0,1.0,
Dohnte Meyers,CIN,JAX,WR,JAX@CIN,first_td,0.015193653152403152,6482,0.00485,0.07855,C,-,tgt_sh 5.6%; team att 33.7; opp DvP 0.98; RZ tgt 0,1.0,
Dohnte Meyers,CIN,JAX,WR,JAX@CIN,last_td,0.015193653152403152,6482,0.00485,0.07855,C,-,tgt_sh 5.6%; team att 33.7; opp DvP 0.98; RZ tgt 0,1.0,
Dohnte Meyers,CIN,JAX,WR,JAX@CIN,2plus_td,0.003,33233,0.00485,0.07855,C,-,tgt_sh 5.6%; team att 33.7; opp DvP 0.98; RZ tgt 0,1.0,
Samaje Perine,CIN,JAX,RB,JAX@CIN,anytime_td,0.20095,398,0.13955,0.0822,B,-,tgt_sh 5.7%; team att 33.7; opp DvP 0.98; RZ tgt 0; car_sh 20.6%; team rush 23.6; opp d_ypc 0.94; inside-10 car 1,1.0,
Samaje Perine,CIN,JAX,RB,JAX@CIN,first_td,0.04068972458097458,2358,0.13955,0.0822,B,-,tgt_sh 5.7%; team att 33.7; opp DvP 0.98; RZ tgt 0; car_sh 20.6%; team rush 23.6; opp d_ypc 0.94; inside-10 car 1,1.0,
Samaje Perine,CIN,JAX,RB,JAX@CIN,last_td,0.04068972458097458,2358,0.13955,0.0822,B,-,tgt_sh 5.7%; team att 33.7; opp DvP 0.98; RZ tgt 0; car_sh 20.6%; team rush 23.6; opp d_ypc 0.94; inside-10 car 1,1.0,
Samaje Perine,CIN,JAX,RB,JAX@CIN,2plus_td,0.01985,4938,0.13955,0.0822,B,-,tgt_sh 5.7%; team att 33.7; opp DvP 0.98; RZ tgt 0; car_sh 20.6%; team rush 23.6; opp d_ypc 0.94; inside-10 car 1,1.0,
Drew Sample,CIN,JAX,TE,JAX@CIN,anytime_td,0.09485,954,0.0,0.0987,C,-,tgt_sh 3.7%; team att 33.7; opp DvP 1.12; RZ tgt 1,1.0,
Drew Sample,CIN,JAX,TE,JAX@CIN,first_td,0.017865918664668662,5497,0.0,0.0987,C,-,tgt_sh 3.7%; team att 33.7; opp DvP 1.12; RZ tgt 1,1.0,
Drew Sample,CIN,JAX,TE,JAX@CIN,last_td,0.017865918664668662,5497,0.0,0.0987,C,-,tgt_sh 3.7%; team att 33.7; opp DvP 1.12; RZ tgt 1,1.0,
Drew Sample,CIN,JAX,TE,JAX@CIN,2plus_td,0.00385,25874,0.0,0.0987,C,-,tgt_sh 3.7%; team att 33.7; opp DvP 1.12; RZ tgt 1,1.0,
Dak Prescott,DAL,HOU,QB,DAL@HOU,anytime_td,0.08125,1131,0.08445,0.0,B,-,team att 34.5; ypa 7.53; opp d_ypa 1.06; pass rate 59.8%,1.0,
Dak Prescott,DAL,HOU,QB,DAL@HOU,first_td,0.01544898865023865,6373,0.08445,0.0,B,-,team att 34.5; ypa 7.53; opp d_ypa 1.06; pass rate 59.8%,1.0,
Dak Prescott,DAL,HOU,QB,DAL@HOU,last_td,0.01544898865023865,6373,0.08445,0.0,B,-,team att 34.5; ypa 7.53; opp d_ypa 1.06; pass rate 59.8%,1.0,
Dak Prescott,DAL,HOU,QB,DAL@HOU,2plus_td,0.0031,32158,0.08445,0.0,B,-,team att 34.5; ypa 7.53; opp d_ypa 1.06; pass rate 59.8%,1.0,
Jake Ferguson,DAL,HOU,TE,DAL@HOU,anytime_td,0.244,310,0.0,0.2728,B,-,tgt_sh 12.9%; team att 34.5; opp DvP 1.08; RZ tgt 4,1.0,
Jake Ferguson,DAL,HOU,TE,DAL@HOU,first_td,0.05006675907425907,1897,0.0,0.2728,B,-,tgt_sh 12.9%; team att 34.5; opp DvP 1.08; RZ tgt 4,1.0,
Jake Ferguson,DAL,HOU,TE,DAL@HOU,last_td,0.05006675907425907,1897,0.0,0.2728,B,-,tgt_sh 12.9%; team att 34.5; opp DvP 1.08; RZ tgt 4,1.0,
Jake Ferguson,DAL,HOU,TE,DAL@HOU,2plus_td,0.02685,3624,0.0,0.2728,B,-,tgt_sh 12.9%; team att 34.5; opp DvP 1.08; RZ tgt 4,1.0,
Ryan Flournoy,DAL,HOU,WR,DAL@HOU,anytime_td,0.2418,314,0.0,0.2771,B,-,tgt_sh 13.7%; team att 34.5; opp DvP 0.97; RZ tgt 4,1.0,
Ryan Flournoy,DAL,HOU,WR,DAL@HOU,first_td,0.049865251137751136,1905,0.0,0.2771,B,-,tgt_sh 13.7%; team att 34.5; opp DvP 0.97; RZ tgt 4,1.0,
Ryan Flournoy,DAL,HOU,WR,DAL@HOU,last_td,0.049865251137751136,1905,0.0,0.2771,B,-,tgt_sh 13.7%; team att 34.5; opp DvP 0.97; RZ tgt 4,1.0,
Ryan Flournoy,DAL,HOU,WR,DAL@HOU,2plus_td,0.03215,3010,0.0,0.2771,B,-,tgt_sh 13.7%; team att 34.5; opp DvP 0.97; RZ tgt 4,1.0,
Tyler Goodson,DAL,HOU,RB,DAL@HOU,anytime_td,0.12455,703,0.1095,0.0225,C,-,car_sh 15.5%; team rush 24.5; opp d_ypc 0.92; inside-10 car 0,1.0,
Tyler Goodson,DAL,HOU,RB,DAL@HOU,first_td,0.024386628649128647,4001,0.1095,0.0225,C,-,car_sh 15.5%; team rush 24.5; opp d_ypc 0.92; inside-10 car 0,1.0,
Tyler Goodson,DAL,HOU,RB,DAL@HOU,last_td,0.024386628649128647,4001,0.1095,0.0225,C,-,car_sh 15.5%; team rush 24.5; opp d_ypc 0.92; inside-10 car 0,1.0,
Tyler Goodson,DAL,HOU,RB,DAL@HOU,2plus_td,0.0072,13789,0.1095,0.0225,C,-,car_sh 15.5%; team rush 24.5; opp d_ypc 0.92; inside-10 car 0,1.0,
CeeDee Lamb,DAL,HOU,WR,DAL@HOU,anytime_td,0.3132,219,0.0069,0.36115,B,-,tgt_sh 23.5%; team att 34.5; opp DvP 0.97; RZ tgt 3,1.0,
CeeDee Lamb,DAL,HOU,WR,DAL@HOU,first_td,0.06667753413253413,1400,0.0069,0.36115,B,-,tgt_sh 23.5%; team att 34.5; opp DvP 0.97; RZ tgt 3,1.0,
CeeDee Lamb,DAL,HOU,WR,DAL@HOU,last_td,0.06667753413253413,1400,0.0069,0.36115,B,-,tgt_sh 23.5%; team att 34.5; opp DvP 0.97; RZ tgt 3,1.0,
CeeDee Lamb,DAL,HOU,WR,DAL@HOU,2plus_td,0.0491,1937,0.0069,0.36115,B,-,tgt_sh 23.5%; team att 34.5; opp DvP 0.97; RZ tgt 3,1.0,
Hunter Luepke,DAL,HOU,RB,DAL@HOU,anytime_td,0.03715,2592,0.0238,0.01385,C,-,w_td 0.04; team TD 2.46,1.0,
Hunter Luepke,DAL,HOU,RB,DAL@HOU,first_td,0.006950946969696971,14287,0.0238,0.01385,C,-,w_td 0.04; team TD 2.46,1.0,
Hunter Luepke,DAL,HOU,RB,DAL@HOU,last_td,0.006950946969696971,14287,0.0238,0.01385,C,-,w_td 0.04; team TD 2.46,1.0,
Hunter Luepke,DAL,HOU,RB,DAL@HOU,2plus_td,0.0005,199900,0.0238,0.01385,C,-,w_td 0.04; team TD 2.46,1.0,
Jonathan Mingo,DAL,HOU,WR,DAL@HOU,anytime_td,0.0224,4364,0.0,0.02265,C,-,w_td 0.02; team TD 2.46,1.0,
Jonathan Mingo,DAL,HOU,WR,DAL@HOU,first_td,0.004189469696969697,23769,0.0,0.02265,C,-,w_td 0.02; team TD 2.46,1.0,
Jonathan Mingo,DAL,HOU,WR,DAL@HOU,last_td,0.004189469696969697,23769,0.0,0.02265,C,-,w_td 0.02; team TD 2.46,1.0,
Jonathan Mingo,DAL,HOU,WR,DAL@HOU,2plus_td,0.00025,399900,0.0,0.02265,C,-,w_td 0.02; team TD 2.46,1.0,
George Pickens,DAL,HOU,WR,DAL@HOU,anytime_td,0.2967,237,0.0,0.3448,B,-,tgt_sh 21.9%; team att 34.5; opp DvP 0.97; RZ tgt 3,1.0,
George Pickens,DAL,HOU,WR,DAL@HOU,first_td,0.06275317793317793,1494,0.0,0.3448,B,-,tgt_sh 21.9%; team att 34.5; opp DvP 0.97; RZ tgt 3,1.0,
George Pickens,DAL,HOU,WR,DAL@HOU,last_td,0.06275317793317793,1494,0.0,0.3448,B,-,tgt_sh 21.9%; team att 34.5; opp DvP 0.97; RZ tgt 3,1.0,
George Pickens,DAL,HOU,WR,DAL@HOU,2plus_td,0.04395,2175,0.0,0.3448,B,-,tgt_sh 21.9%; team att 34.5; opp DvP 0.97; RZ tgt 3,1.0,
Luke Schoonmaker,DAL,HOU,TE,DAL@HOU,anytime_td,0.0346,2790,0.0,0.0352,C,-,w_td 0.02; team TD 2.46,1.0,
Luke Schoonmaker,DAL,HOU,TE,DAL@HOU,first_td,0.006581666666666666,15094,0.0,0.0352,C,-,w_td 0.02; team TD 2.46,1.0,
Luke Schoonmaker,DAL,HOU,TE,DAL@HOU,last_td,0.006581666666666666,15094,0.0,0.0352,C,-,w_td 0.02; team TD 2.46,1.0,
Luke Schoonmaker,DAL,HOU,TE,DAL@HOU,2plus_td,0.0006,166567,0.0,0.0352,C,-,w_td 0.02; team TD 2.46,1.0,
Brevyn Spann-Ford,DAL,HOU,TE,DAL@HOU,anytime_td,0.03875,2481,0.0,0.0393,C,-,tgt_sh 3.3%; team att 34.5; opp DvP 1.08; RZ tgt 0,1.0,
Brevyn Spann-Ford,DAL,HOU,TE,DAL@HOU,first_td,0.007108961038961039,13967,0.0,0.0393,C,-,tgt_sh 3.3%; team att 34.5; opp DvP 1.08; RZ tgt 0,1.0,
Brevyn Spann-Ford,DAL,HOU,TE,DAL@HOU,last_td,0.007108961038961039,13967,0.0,0.0393,C,-,tgt_sh 3.3%; team att 34.5; opp DvP 1.08; RZ tgt 0,1.0,
Brevyn Spann-Ford,DAL,HOU,TE,DAL@HOU,2plus_td,0.00055,181718,0.0,0.0393,C,-,tgt_sh 3.3%; team att 34.5; opp DvP 1.08; RZ tgt 0,1.0,
KaVontae Turpin,DAL,HOU,WR,DAL@HOU,anytime_td,0.10645,839,0.0286,0.0835,C,-,tgt_sh 4.8%; team att 34.5; opp DvP 0.97; RZ tgt 1,1.0,
KaVontae Turpin,DAL,HOU,WR,DAL@HOU,first_td,0.020302028527028525,4826,0.0286,0.0835,C,-,tgt_sh 4.8%; team att 34.5; opp DvP 0.97; RZ tgt 1,1.0,
KaVontae Turpin,DAL,HOU,WR,DAL@HOU,last_td,0.020302028527028525,4826,0.0286,0.0835,C,-,tgt_sh 4.8%; team att 34.5; opp DvP 0.97; RZ tgt 1,1.0,
KaVontae Turpin,DAL,HOU,WR,DAL@HOU,2plus_td,0.00555,17918,0.0286,0.0835,C,-,tgt_sh 4.8%; team att 34.5; opp DvP 0.97; RZ tgt 1,1.0,
Javonte Williams,DAL,HOU,RB,DAL@HOU,anytime_td,0.52825,-112,0.51255,0.214,B,-,tgt_sh 10.4%; team att 34.5; opp DvP 1.06; RZ tgt 3; car_sh 54.2%; team rush 24.5; opp d_ypc 0.92; inside-10 car 7,1.0,
Javonte Williams,DAL,HOU,RB,DAL@HOU,first_td,0.13320010184260184,651,0.51255,0.214,B,-,tgt_sh 10.4%; team att 34.5; opp DvP 1.06; RZ tgt 3; car_sh 54.2%; team rush 24.5; opp d_ypc 0.92; inside-10 car 7,1.0,
Javonte Williams,DAL,HOU,RB,DAL@HOU,last_td,0.13320010184260184,651,0.51255,0.214,B,-,tgt_sh 10.4%; team att 34.5; opp DvP 1.06; RZ tgt 3; car_sh 54.2%; team rush 24.5; opp d_ypc 0.92; inside-10 car 7,1.0,
Javonte Williams,DAL,HOU,RB,DAL@HOU,2plus_td,0.16215,517,0.51255,0.214,B,-,tgt_sh 10.4%; team att 34.5; opp DvP 1.06; RZ tgt 3; car_sh 54.2%; team rush 24.5; opp d_ypc 0.92; inside-10 car 7,1.0,
C.J. Stroud,HOU,DAL,QB,DAL@HOU,anytime_td,0.0865,1056,0.0901,0.0,B,-,team att 37.1; ypa 7.04; opp d_ypa 1.02; pass rate 62.1%,1.0,
C.J. Stroud,HOU,DAL,QB,DAL@HOU,first_td,0.01669520798645799,5890,0.0901,0.0,B,-,team att 37.1; ypa 7.04; opp d_ypa 1.02; pass rate 62.1%,1.0,
C.J. Stroud,HOU,DAL,QB,DAL@HOU,last_td,0.01669520798645799,5890,0.0901,0.0,B,-,team att 37.1; ypa 7.04; opp d_ypa 1.02; pass rate 62.1%,1.0,
C.J. Stroud,HOU,DAL,QB,DAL@HOU,2plus_td,0.00345,28886,0.0901,0.0,B,-,team att 37.1; ypa 7.04; opp d_ypa 1.02; pass rate 62.1%,1.0,
Lewis Bond,HOU,DAL,WR,DAL@HOU,anytime_td,0.0253,3853,0.0,0.02555,C,-,w_td 0.02; team TD 2.76,1.0,
Lewis Bond,HOU,DAL,WR,DAL@HOU,first_td,0.004740274170274171,20996,0.0,0.02555,C,-,w_td 0.02; team TD 2.76,1.0,
Lewis Bond,HOU,DAL,WR,DAL@HOU,last_td,0.004740274170274171,20996,0.0,0.02555,C,-,w_td 0.02; team TD 2.76,1.0,
Lewis Bond,HOU,DAL,WR,DAL@HOU,2plus_td,0.00025,399900,0.0,0.02555,C,-,w_td 0.02; team TD 2.76,1.0,
Kayshon Boutte,HOU,DAL,WR,DAL@HOU,anytime_td,0.1579,533,0.0,0.17115,C,-,tgt_sh 7.4%; team att 37.1; opp DvP 1.09; RZ tgt 2,1.0,
Kayshon Boutte,HOU,DAL,WR,DAL@HOU,first_td,0.031038576146076146,3122,0.0,0.17115,C,-,tgt_sh 7.4%; team att 37.1; opp DvP 1.09; RZ tgt 2,1.0,
Kayshon Boutte,HOU,DAL,WR,DAL@HOU,last_td,0.031038576146076146,3122,0.0,0.17115,C,-,tgt_sh 7.4%; team att 37.1; opp DvP 1.09; RZ tgt 2,1.0,
Kayshon Boutte,HOU,DAL,WR,DAL@HOU,2plus_td,0.0122,8097,0.0,0.17115,C,-,tgt_sh 7.4%; team att 37.1; opp DvP 1.09; RZ tgt 2,1.0,
Nico Collins,HOU,DAL,WR,DAL@HOU,anytime_td,0.3185994930291508,214,0.011089987325728771,0.3654414871144909,C,no game designation yet (Full),tgt_sh 21.8%; team att 37.1; opp DvP 1.09; RZ tgt 2,0.9479829842591244,
Nico Collins,HOU,DAL,WR,DAL@HOU,first_td,0.06896740247500703,1350,0.011089987325728771,0.3654414871144909,C,no game designation yet (Full),tgt_sh 21.8%; team att 37.1; opp DvP 1.09; RZ tgt 2,0.9479829842591244,
Nico Collins,HOU,DAL,WR,DAL@HOU,last_td,0.06896740247500703,1350,0.011089987325728771,0.3654414871144909,C,no game designation yet (Full),tgt_sh 21.8%; team att 37.1; opp DvP 1.09; RZ tgt 2,0.9479829842591244,
Nico Collins,HOU,DAL,WR,DAL@HOU,2plus_td,0.05212294043092522,1819,0.011089987325728771,0.3654414871144909,C,no game designation yet (Full),tgt_sh 21.8%; team att 37.1; opp DvP 1.09; RZ tgt 2,0.9479829842591244,
Xavier Hutchinson,HOU,DAL,WR,DAL@HOU,anytime_td,0.2059,386,0.0155,0.21395,B,-,tgt_sh 12.9%; team att 37.1; opp DvP 1.09; RZ tgt 1,1.0,
Xavier Hutchinson,HOU,DAL,WR,DAL@HOU,first_td,0.041346270396270396,2319,0.0155,0.21395,B,-,tgt_sh 12.9%; team att 37.1; opp DvP 1.09; RZ tgt 1,1.0,
Xavier Hutchinson,HOU,DAL,WR,DAL@HOU,last_td,0.041346270396270396,2319,0.0155,0.21395,B,-,tgt_sh 12.9%; team att 37.1; opp DvP 1.09; RZ tgt 1,1.0,
Xavier Hutchinson,HOU,DAL,WR,DAL@HOU,2plus_td,0.022,4445,0.0155,0.21395,B,-,tgt_sh 12.9%; team att 37.1; opp DvP 1.09; RZ tgt 1,1.0,
Woody Marks,HOU,DAL,RB,DAL@HOU,anytime_td,0.3942,154,0.35775,0.12925,B,-,tgt_sh 5.2%; team att 37.1; opp DvP 0.84; RZ tgt 2; car_sh 32.5%; team rush 24.1; opp d_ypc 1.11; inside-10 car 2,1.0,
Woody Marks,HOU,DAL,RB,DAL@HOU,first_td,0.09032046203796204,1007,0.35775,0.12925,B,-,tgt_sh 5.2%; team att 37.1; opp DvP 0.84; RZ tgt 2; car_sh 32.5%; team rush 24.1; opp d_ypc 1.11; inside-10 car 2,1.0,
Woody Marks,HOU,DAL,RB,DAL@HOU,last_td,0.09032046203796204,1007,0.35775,0.12925,B,-,tgt_sh 5.2%; team att 37.1; opp DvP 0.84; RZ tgt 2; car_sh 32.5%; team rush 24.1; opp d_ypc 1.11; inside-10 car 2,1.0,
Woody Marks,HOU,DAL,RB,DAL@HOU,2plus_td,0.08245,1113,0.35775,0.12925,B,-,tgt_sh 5.2%; team att 37.1; opp DvP 0.84; RZ tgt 2; car_sh 32.5%; team rush 24.1; opp d_ypc 1.11; inside-10 car 2,1.0,
David Montgomery,HOU,DAL,RB,DAL@HOU,anytime_td,0.4813,108,0.54705,0.0917,B,-,tgt_sh 4.7%; team att 37.1; opp DvP 0.84; RZ tgt 1; car_sh 48.1%; team rush 24.1; opp d_ypc 1.11; inside-10 car 4,1.0,
David Montgomery,HOU,DAL,RB,DAL@HOU,first_td,0.11844365107115107,744,0.54705,0.0917,B,-,tgt_sh 4.7%; team att 37.1; opp DvP 0.84; RZ tgt 1; car_sh 48.1%; team rush 24.1; opp d_ypc 1.11; inside-10 car 4,1.0,
David Montgomery,HOU,DAL,RB,DAL@HOU,last_td,0.11844365107115107,744,0.54705,0.0917,B,-,tgt_sh 4.7%; team att 37.1; opp DvP 0.84; RZ tgt 1; car_sh 48.1%; team rush 24.1; opp d_ypc 1.11; inside-10 car 4,1.0,
David Montgomery,HOU,DAL,RB,DAL@HOU,2plus_td,0.13215,657,0.54705,0.0917,B,-,tgt_sh 4.7%; team att 37.1; opp DvP 0.84; RZ tgt 1; car_sh 48.1%; team rush 24.1; opp d_ypc 1.11; inside-10 car 4,1.0,
Foster Moreau,HOU,DAL,TE,DAL@HOU,anytime_td,0.151,562,0.0,0.16195,C,-,tgt_sh 6.8%; team att 37.1; opp DvP 1.00; RZ tgt 2,1.0,
Foster Moreau,HOU,DAL,TE,DAL@HOU,first_td,0.029908683122433128,3244,0.0,0.16195,C,-,tgt_sh 6.8%; team att 37.1; opp DvP 1.00; RZ tgt 2,1.0,
Foster Moreau,HOU,DAL,TE,DAL@HOU,last_td,0.029908683122433128,3244,0.0,0.16195,C,-,tgt_sh 6.8%; team att 37.1; opp DvP 1.00; RZ tgt 2,1.0,
Foster Moreau,HOU,DAL,TE,DAL@HOU,2plus_td,0.0106,9334,0.0,0.16195,C,-,tgt_sh 6.8%; team att 37.1; opp DvP 1.00; RZ tgt 2,1.0,
Jaylin Noel,HOU,DAL,WR,DAL@HOU,anytime_td,0.0958,944,0.0174,0.083,C,-,tgt_sh 5.6%; team att 37.1; opp DvP 1.09; RZ tgt 0,1.0,
Jaylin Noel,HOU,DAL,WR,DAL@HOU,first_td,0.018325016788766788,5357,0.0174,0.083,C,-,tgt_sh 5.6%; team att 37.1; opp DvP 1.09; RZ tgt 0,1.0,
Jaylin Noel,HOU,DAL,WR,DAL@HOU,last_td,0.018325016788766788,5357,0.0174,0.083,C,-,tgt_sh 5.6%; team att 37.1; opp DvP 1.09; RZ tgt 0,1.0,
Jaylin Noel,HOU,DAL,WR,DAL@HOU,2plus_td,0.00445,22372,0.0174,0.083,C,-,tgt_sh 5.6%; team att 37.1; opp DvP 1.09; RZ tgt 0,1.0,
Dalton Schultz,HOU,DAL,TE,DAL@HOU,anytime_td,0.2454450806871421,307,0.0,0.27771993753253515,B,no game designation yet (Limited),tgt_sh 18.8%; team att 37.1; opp DvP 1.00; RZ tgt 1,0.9575230478992892,
Dalton Schultz,HOU,DAL,TE,DAL@HOU,first_td,0.05094500877686718,1863,0.0,0.27771993753253515,B,no game designation yet (Limited),tgt_sh 18.8%; team att 37.1; opp DvP 1.00; RZ tgt 1,0.9575230478992892,
Dalton Schultz,HOU,DAL,TE,DAL@HOU,last_td,0.05094500877686718,1863,0.0,0.27771993753253515,B,no game designation yet (Limited),tgt_sh 18.8%; team att 37.1; opp DvP 1.00; RZ tgt 1,0.9575230478992892,
Dalton Schultz,HOU,DAL,TE,DAL@HOU,2plus_td,0.030140551795939614,3218,0.0,0.27771993753253515,B,no game designation yet (Limited),tgt_sh 18.8%; team att 37.1; opp DvP 1.00; RZ tgt 1,0.9575230478992892,
Cade Stover,HOU,DAL,TE,DAL@HOU,anytime_td,0.0341,2833,0.0,0.03455,C,-,w_td 0.02; team TD 2.76,1.0,
Cade Stover,HOU,DAL,TE,DAL@HOU,first_td,0.006379736652236651,15575,0.0,0.03455,C,-,w_td 0.02; team TD 2.76,1.0,
Cade Stover,HOU,DAL,TE,DAL@HOU,last_td,0.006379736652236651,15575,0.0,0.03455,C,-,w_td 0.02; team TD 2.76,1.0,
Cade Stover,HOU,DAL,TE,DAL@HOU,2plus_td,0.00045,222122,0.0,0.03455,C,-,w_td 0.02; team TD 2.76,1.0,
Jared Wayne,HOU,DAL,WR,DAL@HOU,anytime_td,0.1721,481,0.0,0.18685,C,-,tgt_sh 10.9%; team att 37.1; opp DvP 1.09; RZ tgt 1,1.0,
Jared Wayne,HOU,DAL,WR,DAL@HOU,first_td,0.03438776751026751,2808,0.0,0.18685,C,-,tgt_sh 10.9%; team att 37.1; opp DvP 1.09; RZ tgt 1,1.0,
Jared Wayne,HOU,DAL,WR,DAL@HOU,last_td,0.03438776751026751,2808,0.0,0.18685,C,-,tgt_sh 10.9%; team att 37.1; opp DvP 1.09; RZ tgt 1,1.0,
Jared Wayne,HOU,DAL,WR,DAL@HOU,2plus_td,0.01415,6967,0.0,0.18685,C,-,tgt_sh 10.9%; team att 37.1; opp DvP 1.09; RZ tgt 1,1.0,
Jacoby Brissett,ARI,NYG,QB,ARI@NYG,anytime_td,0.0902,1009,0.09405,0.0,B,-,team att 35.7; ypa 6.20; opp d_ypa 0.98; pass rate 60.0%,1.0,
Jacoby Brissett,ARI,NYG,QB,ARI@NYG,first_td,0.019844985569985568,4939,0.09405,0.0,B,-,team att 35.7; ypa 6.20; opp d_ypa 0.98; pass rate 60.0%,1.0,
Jacoby Brissett,ARI,NYG,QB,ARI@NYG,last_td,0.019844985569985568,4939,0.09405,0.0,B,-,team att 35.7; ypa 6.20; opp d_ypa 0.98; pass rate 60.0%,1.0,
Jacoby Brissett,ARI,NYG,QB,ARI@NYG,2plus_td,0.0037,26927,0.09405,0.0,B,-,team att 35.7; ypa 6.20; opp d_ypa 0.98; pass rate 60.0%,1.0,
Tyler Allgeier,ARI,NYG,RB,ARI@NYG,anytime_td,0.2227,349,0.1608,0.0865,B,-,tgt_sh 5.0%; team att 35.7; opp DvP 0.93; RZ tgt 2; car_sh 26.3%; team rush 24.6; opp d_ypc 1.05; inside-10 car 2,1.0,
Tyler Allgeier,ARI,NYG,RB,ARI@NYG,first_td,0.05254191364191364,1803,0.1608,0.0865,B,-,tgt_sh 5.0%; team att 35.7; opp DvP 0.93; RZ tgt 2; car_sh 26.3%; team rush 24.6; opp d_ypc 1.05; inside-10 car 2,1.0,
Tyler Allgeier,ARI,NYG,RB,ARI@NYG,last_td,0.05254191364191364,1803,0.1608,0.0865,B,-,tgt_sh 5.0%; team att 35.7; opp DvP 0.93; RZ tgt 2; car_sh 26.3%; team rush 24.6; opp d_ypc 1.05; inside-10 car 2,1.0,
Tyler Allgeier,ARI,NYG,RB,ARI@NYG,2plus_td,0.0233,4192,0.1608,0.0865,B,-,tgt_sh 5.0%; team att 35.7; opp DvP 0.93; RZ tgt 2; car_sh 26.3%; team rush 24.6; opp d_ypc 1.05; inside-10 car 2,1.0,
Kendrick Bourne,ARI,NYG,WR,ARI@NYG,anytime_td,0.1528,554,0.0,0.1633,C,-,tgt_sh 11.6%; team att 35.7; opp DvP 1.08; RZ tgt 2,1.0,
Kendrick Bourne,ARI,NYG,WR,ARI@NYG,first_td,0.034522914169164164,2797,0.0,0.1633,C,-,tgt_sh 11.6%; team att 35.7; opp DvP 1.08; RZ tgt 2,1.0,
Kendrick Bourne,ARI,NYG,WR,ARI@NYG,last_td,0.034522914169164164,2797,0.0,0.1633,C,-,tgt_sh 11.6%; team att 35.7; opp DvP 1.08; RZ tgt 2,1.0,
Kendrick Bourne,ARI,NYG,WR,ARI@NYG,2plus_td,0.01005,9850,0.0,0.1633,C,-,tgt_sh 11.6%; team att 35.7; opp DvP 1.08; RZ tgt 2,1.0,
Jalen Brooks,ARI,NYG,WR,ARI@NYG,anytime_td,0.01675,5870,0.0,0.01695,C,-,w_td 0.02; team TD 2.07,1.0,
Jalen Brooks,ARI,NYG,WR,ARI@NYG,first_td,0.00348607683982684,28586,0.0,0.01695,C,-,w_td 0.02; team TD 2.07,1.0,
Jalen Brooks,ARI,NYG,WR,ARI@NYG,last_td,0.00348607683982684,28586,0.0,0.01695,C,-,w_td 0.02; team TD 2.07,1.0,
Jalen Brooks,ARI,NYG,WR,ARI@NYG,2plus_td,0.0002,499900,0.0,0.01695,C,-,w_td 0.02; team TD 2.07,1.0,
Marvin Harrison Jr.,ARI,NYG,WR,ARI@NYG,anytime_td,0.12065,729,0.0,0.1281,C,-,tgt_sh 11.8%; team att 35.7; opp DvP 1.08; RZ tgt 0,1.0,
Marvin Harrison Jr.,ARI,NYG,WR,ARI@NYG,first_td,0.027185868575868573,3578,0.0,0.1281,C,-,tgt_sh 11.8%; team att 35.7; opp DvP 1.08; RZ tgt 0,1.0,
Marvin Harrison Jr.,ARI,NYG,WR,ARI@NYG,last_td,0.027185868575868573,3578,0.0,0.1281,C,-,tgt_sh 11.8%; team att 35.7; opp DvP 1.08; RZ tgt 0,1.0,
Marvin Harrison Jr.,ARI,NYG,WR,ARI@NYG,2plus_td,0.0072,13789,0.0,0.1281,C,-,tgt_sh 11.8%; team att 35.7; opp DvP 1.08; RZ tgt 0,1.0,
Elijah Higgins,ARI,NYG,TE,ARI@NYG,anytime_td,0.03635,2651,0.0,0.0371,C,-,tgt_sh 3.8%; team att 35.7; opp DvP 1.09; RZ tgt 0,1.0,
Elijah Higgins,ARI,NYG,TE,ARI@NYG,first_td,0.007700257936507936,12887,0.0,0.0371,C,-,tgt_sh 3.8%; team att 35.7; opp DvP 1.09; RZ tgt 0,1.0,
Elijah Higgins,ARI,NYG,TE,ARI@NYG,last_td,0.007700257936507936,12887,0.0,0.0371,C,-,tgt_sh 3.8%; team att 35.7; opp DvP 1.09; RZ tgt 0,1.0,
Elijah Higgins,ARI,NYG,TE,ARI@NYG,2plus_td,0.00075,133233,0.0,0.0371,C,-,tgt_sh 3.8%; team att 35.7; opp DvP 1.09; RZ tgt 0,1.0,
Bam Knight,ARI,NYG,RB,ARI@NYG,anytime_td,0.07205,1288,0.04995,0.02445,C,-,w_td 0.10; team TD 2.07,1.0,
Bam Knight,ARI,NYG,RB,ARI@NYG,first_td,0.01593553751803752,6175,0.04995,0.02445,C,-,w_td 0.10; team TD 2.07,1.0,
Bam Knight,ARI,NYG,RB,ARI@NYG,last_td,0.01593553751803752,6175,0.04995,0.02445,C,-,w_td 0.10; team TD 2.07,1.0,
Bam Knight,ARI,NYG,RB,ARI@NYG,2plus_td,0.00215,46412,0.04995,0.02445,C,-,w_td 0.10; team TD 2.07,1.0,
Hunter Long,ARI,NYG,TE,ARI@NYG,anytime_td,0.0247,3949,0.0,0.025,C,-,w_td 0.02; team TD 2.07,1.0,
Hunter Long,ARI,NYG,TE,ARI@NYG,first_td,0.005237186147186147,18994,0.0,0.025,C,-,w_td 0.02; team TD 2.07,1.0,
Hunter Long,ARI,NYG,TE,ARI@NYG,last_td,0.005237186147186147,18994,0.0,0.025,C,-,w_td 0.02; team TD 2.07,1.0,
Hunter Long,ARI,NYG,TE,ARI@NYG,2plus_td,0.0003,333233,0.0,0.025,C,-,w_td 0.02; team TD 2.07,1.0,
Jeremiyah Love,ARI,NYG,RB,ARI@NYG,anytime_td,0.37925,164,0.3137,0.15005,B,-,tgt_sh 9.8%; team att 35.7; opp DvP 0.93; RZ tgt 3; car_sh 50.2%; team rush 24.6; opp d_ypc 1.05; inside-10 car 4,1.0,
Jeremiyah Love,ARI,NYG,RB,ARI@NYG,first_td,0.09937973290598291,906,0.3137,0.15005,B,-,tgt_sh 9.8%; team att 35.7; opp DvP 0.93; RZ tgt 3; car_sh 50.2%; team rush 24.6; opp d_ypc 1.05; inside-10 car 4,1.0,
Jeremiyah Love,ARI,NYG,RB,ARI@NYG,last_td,0.09937973290598291,906,0.3137,0.15005,B,-,tgt_sh 9.8%; team att 35.7; opp DvP 0.93; RZ tgt 3; car_sh 50.2%; team rush 24.6; opp d_ypc 1.05; inside-10 car 4,1.0,
Jeremiyah Love,ARI,NYG,RB,ARI@NYG,2plus_td,0.07655,1206,0.3137,0.15005,B,-,tgt_sh 9.8%; team att 35.7; opp DvP 0.93; RZ tgt 3; car_sh 50.2%; team rush 24.6; opp d_ypc 1.05; inside-10 car 4,1.0,
Trey McBride,ARI,NYG,TE,ARI@NYG,anytime_td,0.38195,162,0.0,0.46965,B,-,tgt_sh 28.3%; team att 35.7; opp DvP 1.09; RZ tgt 8,1.0,
Trey McBride,ARI,NYG,TE,ARI@NYG,first_td,0.09872337287712286,913,0.0,0.46965,B,-,tgt_sh 28.3%; team att 35.7; opp DvP 1.09; RZ tgt 8,1.0,
Trey McBride,ARI,NYG,TE,ARI@NYG,last_td,0.09872337287712286,913,0.0,0.46965,B,-,tgt_sh 28.3%; team att 35.7; opp DvP 1.09; RZ tgt 8,1.0,
Trey McBride,ARI,NYG,TE,ARI@NYG,2plus_td,0.07755,1189,0.0,0.46965,B,-,tgt_sh 28.3%; team att 35.7; opp DvP 1.09; RZ tgt 8,1.0,
Michael Wilson,ARI,NYG,WR,ARI@NYG,anytime_td,0.28025,257,0.0,0.32485,B,-,tgt_sh 20.3%; team att 35.7; opp DvP 1.08; RZ tgt 5,1.0,
Michael Wilson,ARI,NYG,WR,ARI@NYG,first_td,0.06877242715617715,1354,0.0,0.32485,B,-,tgt_sh 20.3%; team att 35.7; opp DvP 1.08; RZ tgt 5,1.0,
Michael Wilson,ARI,NYG,WR,ARI@NYG,last_td,0.06877242715617715,1354,0.0,0.32485,B,-,tgt_sh 20.3%; team att 35.7; opp DvP 1.08; RZ tgt 5,1.0,
Michael Wilson,ARI,NYG,WR,ARI@NYG,2plus_td,0.0409,2345,0.0,0.32485,B,-,tgt_sh 20.3%; team att 35.7; opp DvP 1.08; RZ tgt 5,1.0,
Jameis Winston,NYG,ARI,QB,ARI@NYG,anytime_td,0.0334,2894,0.03385,0.0,C,-,team att 29.0; ypa 7.34; opp d_ypa 1.13; pass rate 51.6%,1.0,
Jameis Winston,NYG,ARI,QB,ARI@NYG,first_td,0.007223355533355533,13744,0.03385,0.0,C,-,team att 29.0; ypa 7.34; opp d_ypa 1.13; pass rate 51.6%,1.0,
Jameis Winston,NYG,ARI,QB,ARI@NYG,last_td,0.007223355533355533,13744,0.03385,0.0,C,-,team att 29.0; ypa 7.34; opp d_ypa 1.13; pass rate 51.6%,1.0,
Jameis Winston,NYG,ARI,QB,ARI@NYG,2plus_td,0.00045,222122,0.03385,0.0,C,-,team att 29.0; ypa 7.34; opp d_ypa 1.13; pass rate 51.6%,1.0,
Braxton Berrios,NYG,ARI,WR,ARI@NYG,anytime_td,0.01615,6092,0.0,0.01625,C,-,w_td 0.01; team TD 2.38,1.0,
Braxton Berrios,NYG,ARI,WR,ARI@NYG,first_td,0.003621332972582972,27514,0.0,0.01625,C,-,w_td 0.01; team TD 2.38,1.0,
Braxton Berrios,NYG,ARI,WR,ARI@NYG,last_td,0.003621332972582972,27514,0.0,0.01625,C,-,w_td 0.01; team TD 2.38,1.0,
Braxton Berrios,NYG,ARI,WR,ARI@NYG,2plus_td,0.0001,999900,0.0,0.01625,C,-,w_td 0.01; team TD 2.38,1.0,
Malachi Fields,NYG,ARI,WR,ARI@NYG,anytime_td,0.18865,430,0.0,0.20735,C,-,tgt_sh 13.8%; team att 29.0; opp DvP 1.04; RZ tgt 0,1.0,
Malachi Fields,NYG,ARI,WR,ARI@NYG,first_td,0.043884738455988455,2179,0.0,0.20735,C,-,tgt_sh 13.8%; team att 29.0; opp DvP 1.04; RZ tgt 0,1.0,
Malachi Fields,NYG,ARI,WR,ARI@NYG,last_td,0.043884738455988455,2179,0.0,0.20735,C,-,tgt_sh 13.8%; team att 29.0; opp DvP 1.04; RZ tgt 0,1.0,
Malachi Fields,NYG,ARI,WR,ARI@NYG,2plus_td,0.0176,5582,0.0,0.20735,C,-,tgt_sh 13.8%; team att 29.0; opp DvP 1.04; RZ tgt 0,1.0,
Najee Harris,NYG,ARI,RB,ARI@NYG,anytime_td,0.1697,489,0.17525,0.00815,C,-,car_sh 19.8%; team rush 29.1; opp d_ypc 1.04; inside-10 car 2,1.0,
Najee Harris,NYG,ARI,RB,ARI@NYG,first_td,0.039193939393939385,2451,0.17525,0.00815,C,-,car_sh 19.8%; team rush 29.1; opp d_ypc 1.04; inside-10 car 2,1.0,
Najee Harris,NYG,ARI,RB,ARI@NYG,last_td,0.039193939393939385,2451,0.17525,0.00815,C,-,car_sh 19.8%; team rush 29.1; opp d_ypc 1.04; inside-10 car 2,1.0,
Najee Harris,NYG,ARI,RB,ARI@NYG,2plus_td,0.0132,7476,0.17525,0.00815,C,-,car_sh 19.8%; team rush 29.1; opp d_ypc 1.04; inside-10 car 2,1.0,
Theo Johnson,NYG,ARI,TE,ARI@NYG,anytime_td,0.1169,755,0.0,0.12435,C,-,tgt_sh 8.6%; team att 29.0; opp DvP 0.97; RZ tgt 0,1.0,
Theo Johnson,NYG,ARI,TE,ARI@NYG,first_td,0.026677478354978353,3648,0.0,0.12435,C,-,tgt_sh 8.6%; team att 29.0; opp DvP 0.97; RZ tgt 0,1.0,
Theo Johnson,NYG,ARI,TE,ARI@NYG,last_td,0.026677478354978353,3648,0.0,0.12435,C,-,tgt_sh 8.6%; team att 29.0; opp DvP 0.97; RZ tgt 0,1.0,
Theo Johnson,NYG,ARI,TE,ARI@NYG,2plus_td,0.0072,13789,0.0,0.12435,C,-,tgt_sh 8.6%; team att 29.0; opp DvP 0.97; RZ tgt 0,1.0,
Isaiah Likely,NYG,ARI,TE,ARI@NYG,anytime_td,0.3811,162,0.0,0.46955,B,-,tgt_sh 21.2%; team att 29.0; opp DvP 0.97; RZ tgt 4,1.0,
Isaiah Likely,NYG,ARI,TE,ARI@NYG,first_td,0.09980300185925185,902,0.0,0.46955,B,-,tgt_sh 21.2%; team att 29.0; opp DvP 0.97; RZ tgt 4,1.0,
Isaiah Likely,NYG,ARI,TE,ARI@NYG,last_td,0.09980300185925185,902,0.0,0.46955,B,-,tgt_sh 21.2%; team att 29.0; opp DvP 0.97; RZ tgt 4,1.0,
Isaiah Likely,NYG,ARI,TE,ARI@NYG,2plus_td,0.0778,1185,0.0,0.46955,B,-,tgt_sh 21.2%; team att 29.0; opp DvP 0.97; RZ tgt 4,1.0,
Darnell Mooney,NYG,ARI,WR,ARI@NYG,anytime_td,0.15945,527,0.00365,0.17025,C,-,tgt_sh 11.2%; team att 29.0; opp DvP 1.04; RZ tgt 0,1.0,
Darnell Mooney,NYG,ARI,WR,ARI@NYG,first_td,0.03668916125541125,2626,0.00365,0.17025,C,-,tgt_sh 11.2%; team att 29.0; opp DvP 1.04; RZ tgt 0,1.0,
Darnell Mooney,NYG,ARI,WR,ARI@NYG,last_td,0.03668916125541125,2626,0.00365,0.17025,C,-,tgt_sh 11.2%; team att 29.0; opp DvP 1.04; RZ tgt 0,1.0,
Darnell Mooney,NYG,ARI,WR,ARI@NYG,2plus_td,0.0139,7094,0.00365,0.17025,C,-,tgt_sh 11.2%; team att 29.0; opp DvP 1.04; RZ tgt 0,1.0,
Malik Nabers,NYG,ARI,WR,ARI@NYG,anytime_td,0.3507,185,0.0,0.42335,B,-,tgt_sh 19.2%; team att 29.0; opp DvP 1.04; RZ tgt 3,1.0,
Malik Nabers,NYG,ARI,WR,ARI@NYG,first_td,0.09020283771783771,1009,0.0,0.42335,B,-,tgt_sh 19.2%; team att 29.0; opp DvP 1.04; RZ tgt 3,1.0,
Malik Nabers,NYG,ARI,WR,ARI@NYG,last_td,0.09020283771783771,1009,0.0,0.42335,B,-,tgt_sh 19.2%; team att 29.0; opp DvP 1.04; RZ tgt 3,1.0,
Malik Nabers,NYG,ARI,WR,ARI@NYG,2plus_td,0.0657,1422,0.0,0.42335,B,-,tgt_sh 19.2%; team att 29.0; opp DvP 1.04; RZ tgt 3,1.0,
Patrick Ricard,NYG,ARI,RB,ARI@NYG,anytime_td,0.017781274586939417,5524,0.0,0.01788617886178862,C,no game designation yet (Full),w_td 0.01; team TD 2.38,0.9508674235277402,
Patrick Ricard,NYG,ARI,RB,ARI@NYG,first_td,0.00380767511766725,26163,0.0,0.01788617886178862,C,no game designation yet (Full),w_td 0.01; team TD 2.38,0.9508674235277402,
Patrick Ricard,NYG,ARI,RB,ARI@NYG,last_td,0.00380767511766725,26163,0.0,0.01788617886178862,C,no game designation yet (Full),w_td 0.01; team TD 2.38,0.9508674235277402,
Patrick Ricard,NYG,ARI,RB,ARI@NYG,2plus_td,0.0001049042748492001,953150,0.0,0.01788617886178862,C,no game designation yet (Full),w_td 0.01; team TD 2.38,0.9508674235277402,
Cam Skattebo,NYG,ARI,RB,ARI@NYG,anytime_td,0.4304,132,0.3901,0.15605,B,-,tgt_sh 10.7%; team att 29.0; opp DvP 1.01; RZ tgt 0; car_sh 40.9%; team rush 29.1; opp d_ypc 1.04; inside-10 car 5,1.0,
Cam Skattebo,NYG,ARI,RB,ARI@NYG,first_td,0.11782996184371183,749,0.3901,0.15605,B,-,tgt_sh 10.7%; team att 29.0; opp DvP 1.01; RZ tgt 0; car_sh 40.9%; team rush 29.1; opp d_ypc 1.04; inside-10 car 5,1.0,
Cam Skattebo,NYG,ARI,RB,ARI@NYG,last_td,0.11782996184371183,749,0.3901,0.15605,B,-,tgt_sh 10.7%; team att 29.0; opp DvP 1.01; RZ tgt 0; car_sh 40.9%; team rush 29.1; opp d_ypc 1.04; inside-10 car 5,1.0,
Cam Skattebo,NYG,ARI,RB,ARI@NYG,2plus_td,0.1,900,0.3901,0.15605,B,-,tgt_sh 10.7%; team att 29.0; opp DvP 1.01; RZ tgt 0; car_sh 40.9%; team rush 29.1; opp d_ypc 1.04; inside-10 car 5,1.0,
Tyrone Tracy Jr.,NYG,ARI,RB,ARI@NYG,anytime_td,0.09205899333438304,986,0.04125334592977484,0.05594919435259539,C,no game designation yet (Full),tgt_sh 3.9%; team att 29.0; opp DvP 1.01; RZ tgt 0,0.9508674235277402,
Tyrone Tracy Jr.,NYG,ARI,RB,ARI@NYG,first_td,0.020434318796781398,4794,0.04125334592977484,0.05594919435259539,C,no game designation yet (Full),tgt_sh 3.9%; team att 29.0; opp DvP 1.01; RZ tgt 0,0.9508674235277402,
Tyrone Tracy Jr.,NYG,ARI,RB,ARI@NYG,last_td,0.020434318796781398,4794,0.04125334592977484,0.05594919435259539,C,no game designation yet (Full),tgt_sh 3.9%; team att 29.0; opp DvP 1.01; RZ tgt 0,0.9508674235277402,
Tyrone Tracy Jr.,NYG,ARI,RB,ARI@NYG,2plus_td,0.004986091429171259,19956,0.04125334592977484,0.05594919435259539,C,no game designation yet (Full),tgt_sh 3.9%; team att 29.0; opp DvP 1.01; RZ tgt 0,0.9508674235277402,
Matthew Stafford,LA,PHI,QB,LA@PHI,anytime_td,0.064,1462,0.0658,0.0,B,-,team att 35.3; ypa 7.35; opp d_ypa 0.98; pass rate 58.5%,1.0,
Matthew Stafford,LA,PHI,QB,LA@PHI,first_td,0.013177320179820179,7489,0.0658,0.0,B,-,team att 35.3; ypa 7.35; opp d_ypa 0.98; pass rate 58.5%,1.0,
Matthew Stafford,LA,PHI,QB,LA@PHI,last_td,0.013177320179820179,7489,0.0658,0.0,B,-,team att 35.3; ypa 7.35; opp d_ypa 0.98; pass rate 58.5%,1.0,
Matthew Stafford,LA,PHI,QB,LA@PHI,2plus_td,0.00175,57043,0.0658,0.0,B,-,team att 35.3; ypa 7.35; opp d_ypa 0.98; pass rate 58.5%,1.0,
Davante Adams,LA,PHI,WR,LA@PHI,anytime_td,0.36277967886285867,176,0.0,0.44311660963411426,B,no game designation yet (Full),tgt_sh 20.5%; team att 35.3; opp DvP 0.98; RZ tgt 2,0.9479829842591244,
Davante Adams,LA,PHI,WR,LA@PHI,first_td,0.08566466597659017,1067,0.0,0.44311660963411426,B,no game designation yet (Full),tgt_sh 20.5%; team att 35.3; opp DvP 0.98; RZ tgt 2,0.9479829842591244,
Davante Adams,LA,PHI,WR,LA@PHI,last_td,0.08566466597659017,1067,0.0,0.44311660963411426,B,no game designation yet (Full),tgt_sh 20.5%; team att 35.3; opp DvP 0.98; RZ tgt 2,0.9479829842591244,
Davante Adams,LA,PHI,WR,LA@PHI,2plus_td,0.07028165306659648,1323,0.0,0.44311660963411426,B,no game designation yet (Full),tgt_sh 20.5%; team att 35.3; opp DvP 0.98; RZ tgt 2,0.9479829842591244,
Davis Allen,LA,PHI,TE,LA@PHI,anytime_td,0.0593,1586,0.0,0.06085,C,-,tgt_sh 3.6%; team att 35.3; opp DvP 0.84; RZ tgt 0,1.0,
Davis Allen,LA,PHI,TE,LA@PHI,first_td,0.01167546287046287,8465,0.0,0.06085,C,-,tgt_sh 3.6%; team att 35.3; opp DvP 0.84; RZ tgt 0,1.0,
Davis Allen,LA,PHI,TE,LA@PHI,last_td,0.01167546287046287,8465,0.0,0.06085,C,-,tgt_sh 3.6%; team att 35.3; opp DvP 0.84; RZ tgt 0,1.0,
Davis Allen,LA,PHI,TE,LA@PHI,2plus_td,0.00155,64416,0.0,0.06085,C,-,tgt_sh 3.6%; team att 35.3; opp DvP 0.84; RZ tgt 0,1.0,
Tutu Atwell,LA,PHI,WR,LA@PHI,anytime_td,0.064,1462,0.0,0.066,C,-,tgt_sh 3.6%; team att 35.3; opp DvP 0.98; RZ tgt 0,1.0,
Tutu Atwell,LA,PHI,WR,LA@PHI,first_td,0.012640918109668109,7811,0.0,0.066,C,-,tgt_sh 3.6%; team att 35.3; opp DvP 0.98; RZ tgt 0,1.0,
Tutu Atwell,LA,PHI,WR,LA@PHI,last_td,0.012640918109668109,7811,0.0,0.066,C,-,tgt_sh 3.6%; team att 35.3; opp DvP 0.98; RZ tgt 0,1.0,
Tutu Atwell,LA,PHI,WR,LA@PHI,2plus_td,0.002,49900,0.0,0.066,C,-,tgt_sh 3.6%; team att 35.3; opp DvP 0.98; RZ tgt 0,1.0,
Blake Corum,LA,PHI,RB,LA@PHI,anytime_td,0.25275,296,0.20235,0.0852,B,-,car_sh 28.2%; team rush 25.9; opp d_ypc 0.97; inside-10 car 0,1.0,
Blake Corum,LA,PHI,RB,LA@PHI,first_td,0.05669259435009435,1664,0.20235,0.0852,B,-,car_sh 28.2%; team rush 25.9; opp d_ypc 0.97; inside-10 car 0,1.0,
Blake Corum,LA,PHI,RB,LA@PHI,last_td,0.05669259435009435,1664,0.20235,0.0852,B,-,car_sh 28.2%; team rush 25.9; opp d_ypc 0.97; inside-10 car 0,1.0,
Blake Corum,LA,PHI,RB,LA@PHI,2plus_td,0.03185,3040,0.20235,0.0852,B,-,car_sh 28.2%; team rush 25.9; opp d_ypc 0.97; inside-10 car 0,1.0,
Tyler Higbee,LA,PHI,TE,LA@PHI,anytime_td,0.20154990700557968,396,0.0,0.22157470551766895,C,no game designation yet (DNP),tgt_sh 9.1%; team att 35.3; opp DvP 0.84; RZ tgt 2,0.8055616699684496,
Tyler Higbee,LA,PHI,TE,LA@PHI,first_td,0.043116458178454456,2219,0.0,0.22157470551766895,C,no game designation yet (DNP),tgt_sh 9.1%; team att 35.3; opp DvP 0.84; RZ tgt 2,0.8055616699684496,
Tyler Higbee,LA,PHI,TE,LA@PHI,last_td,0.043116458178454456,2219,0.0,0.22157470551766895,C,no game designation yet (DNP),tgt_sh 9.1%; team att 35.3; opp DvP 0.84; RZ tgt 2,0.8055616699684496,
Tyler Higbee,LA,PHI,TE,LA@PHI,2plus_td,0.01884686918784873,5206,0.0,0.22157470551766895,C,no game designation yet (DNP),tgt_sh 9.1%; team att 35.3; opp DvP 0.84; RZ tgt 2,0.8055616699684496,
Konata Mumpfield,LA,PHI,WR,LA@PHI,anytime_td,0.12195,720,0.0,0.12945,C,-,tgt_sh 4.9%; team att 35.3; opp DvP 0.98; RZ tgt 1,1.0,
Konata Mumpfield,LA,PHI,WR,LA@PHI,first_td,0.02477066724941725,3937,0.0,0.12945,C,-,tgt_sh 4.9%; team att 35.3; opp DvP 0.98; RZ tgt 1,1.0,
Konata Mumpfield,LA,PHI,WR,LA@PHI,last_td,0.02477066724941725,3937,0.0,0.12945,C,-,tgt_sh 4.9%; team att 35.3; opp DvP 0.98; RZ tgt 1,1.0,
Konata Mumpfield,LA,PHI,WR,LA@PHI,2plus_td,0.00735,13505,0.0,0.12945,C,-,tgt_sh 4.9%; team att 35.3; opp DvP 0.98; RZ tgt 1,1.0,
Puka Nacua,LA,PHI,WR,LA@PHI,anytime_td,0.37473595268272075,167,0.0,0.4629277566539924,C,no game designation yet (Full),tgt_sh 24.2%; team att 35.3; opp DvP 0.98; RZ tgt 1,0.9479829842591244,
Puka Nacua,LA,PHI,WR,LA@PHI,first_td,0.08951568399445457,1017,0.0,0.4629277566539924,C,no game designation yet (Full),tgt_sh 24.2%; team att 35.3; opp DvP 0.98; RZ tgt 1,0.9479829842591244,
Puka Nacua,LA,PHI,WR,LA@PHI,last_td,0.08951568399445457,1017,0.0,0.4629277566539924,C,no game designation yet (Full),tgt_sh 24.2%; team att 35.3; opp DvP 0.98; RZ tgt 1,0.9479829842591244,
Puka Nacua,LA,PHI,WR,LA@PHI,2plus_td,0.07657372201098436,1206,0.0,0.4629277566539924,C,no game designation yet (Full),tgt_sh 24.2%; team att 35.3; opp DvP 0.98; RZ tgt 1,0.9479829842591244,
Colby Parkinson,LA,PHI,TE,LA@PHI,anytime_td,0.1587429492344883,530,0.0,0.17183722804190169,C,Questionable (DNP),w_td 0.08; team TD 2.47,0.4981574884199691,
Colby Parkinson,LA,PHI,TE,LA@PHI,first_td,0.03326599423497086,2906,0.0,0.17183722804190169,C,Questionable (DNP),w_td 0.08; team TD 2.47,0.4981574884199691,
Colby Parkinson,LA,PHI,TE,LA@PHI,last_td,0.03326599423497086,2906,0.0,0.17183722804190169,C,Questionable (DNP),w_td 0.08; team TD 2.47,0.4981574884199691,
Colby Parkinson,LA,PHI,TE,LA@PHI,2plus_td,0.012389202256244963,7972,0.0,0.17183722804190169,C,Questionable (DNP),w_td 0.08; team TD 2.47,0.4981574884199691,
Jordan Whittington,LA,PHI,WR,LA@PHI,anytime_td,0.0506,1876,0.0,0.05175,C,-,w_td 0.02; team TD 2.47,1.0,
Jordan Whittington,LA,PHI,WR,LA@PHI,first_td,0.01030270548895549,9606,0.0,0.05175,C,-,w_td 0.02; team TD 2.47,1.0,
Jordan Whittington,LA,PHI,WR,LA@PHI,last_td,0.01030270548895549,9606,0.0,0.05175,C,-,w_td 0.02; team TD 2.47,1.0,
Jordan Whittington,LA,PHI,WR,LA@PHI,2plus_td,0.00115,86857,0.0,0.05175,C,-,w_td 0.02; team TD 2.47,1.0,
Kyren Williams,LA,PHI,RB,LA@PHI,anytime_td,0.47115,112,0.43955,0.1829,B,-,tgt_sh 8.0%; team att 35.3; opp DvP 0.93; RZ tgt 1; car_sh 46.6%; team rush 25.9; opp d_ypc 0.97; inside-10 car 4,1.0,
Kyren Williams,LA,PHI,RB,LA@PHI,first_td,0.12095651986901985,727,0.43955,0.1829,B,-,tgt_sh 8.0%; team att 35.3; opp DvP 0.93; RZ tgt 1; car_sh 46.6%; team rush 25.9; opp d_ypc 0.97; inside-10 car 4,1.0,
Kyren Williams,LA,PHI,RB,LA@PHI,last_td,0.12095651986901985,727,0.43955,0.1829,B,-,tgt_sh 8.0%; team att 35.3; opp DvP 0.93; RZ tgt 1; car_sh 46.6%; team rush 25.9; opp d_ypc 0.97; inside-10 car 4,1.0,
Kyren Williams,LA,PHI,RB,LA@PHI,2plus_td,0.1276,684,0.43955,0.1829,B,-,tgt_sh 8.0%; team att 35.3; opp DvP 0.93; RZ tgt 1; car_sh 46.6%; team rush 25.9; opp d_ypc 0.97; inside-10 car 4,1.0,
Jalen Hurts,PHI,LA,QB,LA@PHI,anytime_td,0.16455,508,0.17935,0.0,B,-,team att 31.9; ypa 6.37; opp d_ypa 0.87; pass rate 56.3%,1.0,
Jalen Hurts,PHI,LA,QB,LA@PHI,first_td,0.03532490731490731,2731,0.17935,0.0,B,-,team att 31.9; ypa 6.37; opp d_ypa 0.87; pass rate 56.3%,1.0,
Jalen Hurts,PHI,LA,QB,LA@PHI,last_td,0.03532490731490731,2731,0.17935,0.0,B,-,team att 31.9; ypa 6.37; opp d_ypa 0.87; pass rate 56.3%,1.0,
Jalen Hurts,PHI,LA,QB,LA@PHI,2plus_td,0.0142,6942,0.17935,0.0,B,-,team att 31.9; ypa 6.37; opp d_ypa 0.87; pass rate 56.3%,1.0,
Saquon Barkley,PHI,LA,RB,LA@PHI,anytime_td,0.4212,137,0.3601,0.17075,B,-,tgt_sh 7.3%; team att 31.9; opp DvP 0.92; RZ tgt 0; car_sh 50.7%; team rush 26.3; opp d_ypc 0.98; inside-10 car 2,1.0,
Saquon Barkley,PHI,LA,RB,LA@PHI,first_td,0.10341302086802089,867,0.3601,0.17075,B,-,tgt_sh 7.3%; team att 31.9; opp DvP 0.92; RZ tgt 0; car_sh 50.7%; team rush 26.3; opp d_ypc 0.98; inside-10 car 2,1.0,
Saquon Barkley,PHI,LA,RB,LA@PHI,last_td,0.10341302086802089,867,0.3601,0.17075,B,-,tgt_sh 7.3%; team att 31.9; opp DvP 0.92; RZ tgt 0; car_sh 50.7%; team rush 26.3; opp d_ypc 0.98; inside-10 car 2,1.0,
Saquon Barkley,PHI,LA,RB,LA@PHI,2plus_td,0.0957,945,0.3601,0.17075,B,-,tgt_sh 7.3%; team att 31.9; opp DvP 0.92; RZ tgt 0; car_sh 50.7%; team rush 26.3; opp d_ypc 0.98; inside-10 car 2,1.0,
Tank Bigsby,PHI,LA,RB,LA@PHI,anytime_td,0.15867585916530708,530,0.12204620809431083,0.04773432977211726,B,no game designation yet (Full),car_sh 15.2%; team rush 26.3; opp d_ypc 0.98; inside-10 car 1,0.9508674235277402,
Tank Bigsby,PHI,LA,RB,LA@PHI,first_td,0.03324434586868143,2908,0.12204620809431083,0.04773432977211726,B,no game designation yet (Full),car_sh 15.2%; team rush 26.3; opp d_ypc 0.98; inside-10 car 1,0.9508674235277402,
Tank Bigsby,PHI,LA,RB,LA@PHI,last_td,0.03324434586868143,2908,0.12204620809431083,0.04773432977211726,B,no game designation yet (Full),car_sh 15.2%; team rush 26.3; opp d_ypc 0.98; inside-10 car 1,0.9508674235277402,
Tank Bigsby,PHI,LA,RB,LA@PHI,2plus_td,0.010578390611020472,9353,0.12204620809431083,0.04773432977211726,B,no game designation yet (Full),car_sh 15.2%; team rush 26.3; opp d_ypc 0.98; inside-10 car 1,0.9508674235277402,
Darius Cooper,PHI,LA,WR,LA@PHI,anytime_td,0.11820193929173693,746,0.0,0.12405143338954469,C,no game designation yet (Full),w_td 0.04; team TD 2.43,0.9479829842591244,
Darius Cooper,PHI,LA,WR,LA@PHI,first_td,0.02370957033293669,4118,0.0,0.12405143338954469,C,no game designation yet (Full),w_td 0.04; team TD 2.43,0.9479829842591244,
Darius Cooper,PHI,LA,WR,LA@PHI,last_td,0.02370957033293669,4118,0.0,0.12405143338954469,C,no game designation yet (Full),w_td 0.04; team TD 2.43,0.9479829842591244,
Darius Cooper,PHI,LA,WR,LA@PHI,2plus_td,0.005691399662731872,17470,0.0,0.12405143338954469,C,no game designation yet (Full),w_td 0.04; team TD 2.43,0.9479829842591244,
Britain Covey,PHI,LA,WR,LA@PHI,anytime_td,0.0171,5748,0.0,0.0172,C,-,w_td 0.01; team TD 2.43,1.0,
Britain Covey,PHI,LA,WR,LA@PHI,first_td,0.003395604256854257,29350,0.0,0.0172,C,-,w_td 0.01; team TD 2.43,1.0,
Britain Covey,PHI,LA,WR,LA@PHI,last_td,0.003395604256854257,29350,0.0,0.0172,C,-,w_td 0.01; team TD 2.43,1.0,
Britain Covey,PHI,LA,WR,LA@PHI,2plus_td,0.0001,999900,0.0,0.0172,C,-,w_td 0.01; team TD 2.43,1.0,
Zach Ertz,PHI,LA,TE,LA@PHI,anytime_td,0.27785,260,0.0,0.32075,C,-,tgt_sh 11.9%; team att 31.9; opp DvP 0.82; RZ tgt 1,1.0,
Zach Ertz,PHI,LA,TE,LA@PHI,first_td,0.06222043706293706,1507,0.0,0.32075,C,-,tgt_sh 11.9%; team att 31.9; opp DvP 0.82; RZ tgt 1,1.0,
Zach Ertz,PHI,LA,TE,LA@PHI,last_td,0.06222043706293706,1507,0.0,0.32075,C,-,tgt_sh 11.9%; team att 31.9; opp DvP 0.82; RZ tgt 1,1.0,
Zach Ertz,PHI,LA,TE,LA@PHI,2plus_td,0.0394,2438,0.0,0.32075,C,-,tgt_sh 11.9%; team att 31.9; opp DvP 0.82; RZ tgt 1,1.0,
Makai Lemon,PHI,LA,WR,LA@PHI,anytime_td,0.22875,337,0.0046,0.25385,C,-,tgt_sh 10.6%; team att 31.9; opp DvP 1.03; RZ tgt 0,1.0,
Makai Lemon,PHI,LA,WR,LA@PHI,first_td,0.05009080377955378,1896,0.0046,0.25385,C,-,tgt_sh 10.6%; team att 31.9; opp DvP 1.03; RZ tgt 0,1.0,
Makai Lemon,PHI,LA,WR,LA@PHI,last_td,0.05009080377955378,1896,0.0046,0.25385,C,-,tgt_sh 10.6%; team att 31.9; opp DvP 1.03; RZ tgt 0,1.0,
Makai Lemon,PHI,LA,WR,LA@PHI,2plus_td,0.02755,3530,0.0046,0.25385,C,-,tgt_sh 10.6%; team att 31.9; opp DvP 1.03; RZ tgt 0,1.0,
Johnny Mundt,PHI,LA,TE,LA@PHI,anytime_td,0.06965,1336,0.0,0.07215,C,-,tgt_sh 3.2%; team att 31.9; opp DvP 0.82; RZ tgt 0,1.0,
Johnny Mundt,PHI,LA,TE,LA@PHI,first_td,0.013922998945498944,7082,0.0,0.07215,C,-,tgt_sh 3.2%; team att 31.9; opp DvP 0.82; RZ tgt 0,1.0,
Johnny Mundt,PHI,LA,TE,LA@PHI,last_td,0.013922998945498944,7082,0.0,0.07215,C,-,tgt_sh 3.2%; team att 31.9; opp DvP 0.82; RZ tgt 0,1.0,
Johnny Mundt,PHI,LA,TE,LA@PHI,2plus_td,0.00245,40716,0.0,0.07215,C,-,tgt_sh 3.2%; team att 31.9; opp DvP 0.82; RZ tgt 0,1.0,
Will Shipley,PHI,LA,RB,LA@PHI,anytime_td,0.132790331056227,653,0.05643720441408303,0.08570677877036259,C,no game designation yet (Full),tgt_sh 3.7%; team att 31.9; opp DvP 0.92; RZ tgt 0,0.9508674235277402,
Will Shipley,PHI,LA,RB,LA@PHI,first_td,0.027423614220776597,3546,0.05643720441408303,0.08570677877036259,C,no game designation yet (Full),tgt_sh 3.7%; team att 31.9; opp DvP 0.92; RZ tgt 0,0.9508674235277402,
Will Shipley,PHI,LA,RB,LA@PHI,last_td,0.027423614220776597,3546,0.05643720441408303,0.08570677877036259,C,no game designation yet (Full),tgt_sh 3.7%; team att 31.9; opp DvP 0.92; RZ tgt 0,0.9508674235277402,
Will Shipley,PHI,LA,RB,LA@PHI,2plus_td,0.009038360483447189,10964,0.05643720441408303,0.08570677877036259,C,no game designation yet (Full),tgt_sh 3.7%; team att 31.9; opp DvP 0.92; RZ tgt 0,0.9508674235277402,
Dontayvion Wicks,PHI,LA,WR,LA@PHI,anytime_td,0.46065,117,0.0,0.60505,B,-,tgt_sh 13.5%; team att 31.9; opp DvP 1.03; RZ tgt 4,1.0,
Dontayvion Wicks,PHI,LA,WR,LA@PHI,first_td,0.11665411838161838,757,0.0,0.60505,B,-,tgt_sh 13.5%; team att 31.9; opp DvP 1.03; RZ tgt 4,1.0,
Dontayvion Wicks,PHI,LA,WR,LA@PHI,last_td,0.11665411838161838,757,0.0,0.60505,B,-,tgt_sh 13.5%; team att 31.9; opp DvP 1.03; RZ tgt 4,1.0,
Dontayvion Wicks,PHI,LA,WR,LA@PHI,2plus_td,0.1216,722,0.0,0.60505,B,-,tgt_sh 13.5%; team att 31.9; opp DvP 1.03; RZ tgt 4,1.0,
Jordan Love,GB,TB,QB,GB@TB,anytime_td,0.03385,2854,0.0343,0.0,B,-,team att 38.3; ypa 6.93; opp d_ypa 0.99; pass rate 68.2%,1.0,
Jordan Love,GB,TB,QB,GB@TB,first_td,0.0068276262626262635,14546,0.0343,0.0,B,-,team att 38.3; ypa 6.93; opp d_ypa 0.99; pass rate 68.2%,1.0,
Jordan Love,GB,TB,QB,GB@TB,last_td,0.0068276262626262635,14546,0.0343,0.0,B,-,team att 38.3; ypa 6.93; opp d_ypa 0.99; pass rate 68.2%,1.0,
Jordan Love,GB,TB,QB,GB@TB,2plus_td,0.00045,222122,0.0343,0.0,B,-,team att 38.3; ypa 6.93; opp d_ypa 0.99; pass rate 68.2%,1.0,
Chris Brooks,GB,TB,RB,GB@TB,anytime_td,0.1442,593,0.0985,0.0564,B,-,tgt_sh 3.5%; team att 38.3; opp DvP 1.17; RZ tgt 0; car_sh 15.9%; team rush 19.2; opp d_ypc 0.89; inside-10 car 2,1.0,
Chris Brooks,GB,TB,RB,GB@TB,first_td,0.03085092893217893,3141,0.0985,0.0564,B,-,tgt_sh 3.5%; team att 38.3; opp DvP 1.17; RZ tgt 0; car_sh 15.9%; team rush 19.2; opp d_ypc 0.89; inside-10 car 2,1.0,
Chris Brooks,GB,TB,RB,GB@TB,last_td,0.03085092893217893,3141,0.0985,0.0564,B,-,tgt_sh 3.5%; team att 38.3; opp DvP 1.17; RZ tgt 0; car_sh 15.9%; team rush 19.2; opp d_ypc 0.89; inside-10 car 2,1.0,
Chris Brooks,GB,TB,RB,GB@TB,2plus_td,0.0102,9704,0.0985,0.0564,B,-,tgt_sh 3.5%; team att 38.3; opp DvP 1.17; RZ tgt 0; car_sh 15.9%; team rush 19.2; opp d_ypc 0.89; inside-10 car 2,1.0,
Matthew Golden,GB,TB,WR,GB@TB,anytime_td,0.327,206,0.0,0.388,B,-,tgt_sh 17.9%; team att 38.3; opp DvP 1.05; RZ tgt 4,1.0,
Matthew Golden,GB,TB,WR,GB@TB,first_td,0.07890365440115439,1167,0.0,0.388,B,-,tgt_sh 17.9%; team att 38.3; opp DvP 1.05; RZ tgt 4,1.0,
Matthew Golden,GB,TB,WR,GB@TB,last_td,0.07890365440115439,1167,0.0,0.388,B,-,tgt_sh 17.9%; team att 38.3; opp DvP 1.05; RZ tgt 4,1.0,
Matthew Golden,GB,TB,WR,GB@TB,2plus_td,0.0553,1708,0.0,0.388,B,-,tgt_sh 17.9%; team att 38.3; opp DvP 1.05; RZ tgt 4,1.0,
Kaleb Johnson,GB,TB,RB,GB@TB,anytime_td,0.12075,728,0.10505,0.02285,B,-,car_sh 24.1%; team rush 19.2; opp d_ypc 0.89; inside-10 car 0,1.0,
Kaleb Johnson,GB,TB,RB,GB@TB,first_td,0.026273095238095238,3706,0.10505,0.02285,B,-,car_sh 24.1%; team rush 19.2; opp d_ypc 0.89; inside-10 car 0,1.0,
Kaleb Johnson,GB,TB,RB,GB@TB,last_td,0.026273095238095238,3706,0.10505,0.02285,B,-,car_sh 24.1%; team rush 19.2; opp d_ypc 0.89; inside-10 car 0,1.0,
Kaleb Johnson,GB,TB,RB,GB@TB,2plus_td,0.007,14186,0.10505,0.02285,B,-,car_sh 24.1%; team rush 19.2; opp d_ypc 0.89; inside-10 car 0,1.0,
Tucker Kraft,GB,TB,TE,GB@TB,anytime_td,0.24515,308,0.0,0.2776,C,-,tgt_sh 17.9%; team att 38.3; opp DvP 0.94; RZ tgt 1,1.0,
Tucker Kraft,GB,TB,TE,GB@TB,first_td,0.056723499278499276,1663,0.0,0.2776,C,-,tgt_sh 17.9%; team att 38.3; opp DvP 0.94; RZ tgt 1,1.0,
Tucker Kraft,GB,TB,TE,GB@TB,last_td,0.056723499278499276,1663,0.0,0.2776,C,-,tgt_sh 17.9%; team att 38.3; opp DvP 0.94; RZ tgt 1,1.0,
Tucker Kraft,GB,TB,TE,GB@TB,2plus_td,0.0306,3168,0.0,0.2776,C,-,tgt_sh 17.9%; team att 38.3; opp DvP 0.94; RZ tgt 1,1.0,
MarShawn Lloyd,GB,TB,RB,GB@TB,anytime_td,0.33035,203,0.2543,0.1407,B,-,tgt_sh 4.7%; team att 38.3; opp DvP 1.17; RZ tgt 2; car_sh 49.1%; team rush 19.2; opp d_ypc 0.89; inside-10 car 3,1.0,
MarShawn Lloyd,GB,TB,RB,GB@TB,first_td,0.07975909992784992,1154,0.2543,0.1407,B,-,tgt_sh 4.7%; team att 38.3; opp DvP 1.17; RZ tgt 2; car_sh 49.1%; team rush 19.2; opp d_ypc 0.89; inside-10 car 3,1.0,
MarShawn Lloyd,GB,TB,RB,GB@TB,last_td,0.07975909992784992,1154,0.2543,0.1407,B,-,tgt_sh 4.7%; team att 38.3; opp DvP 1.17; RZ tgt 2; car_sh 49.1%; team rush 19.2; opp d_ypc 0.89; inside-10 car 3,1.0,
MarShawn Lloyd,GB,TB,RB,GB@TB,2plus_td,0.0576,1636,0.2543,0.1407,B,-,tgt_sh 4.7%; team att 38.3; opp DvP 1.17; RZ tgt 2; car_sh 49.1%; team rush 19.2; opp d_ypc 0.89; inside-10 car 3,1.0,
Bo Melton,GB,TB,WR,GB@TB,anytime_td,0.04585,2081,0.0,0.04655,C,-,w_td 0.03; team TD 2.30,1.0,
Bo Melton,GB,TB,WR,GB@TB,first_td,0.00925201479076479,10708,0.0,0.04655,C,-,w_td 0.03; team TD 2.30,1.0,
Bo Melton,GB,TB,WR,GB@TB,last_td,0.00925201479076479,10708,0.0,0.04655,C,-,w_td 0.03; team TD 2.30,1.0,
Bo Melton,GB,TB,WR,GB@TB,2plus_td,0.0007,142757,0.0,0.04655,C,-,w_td 0.03; team TD 2.30,1.0,
J. Michael Sturdivant,GB,TB,WR,GB@TB,anytime_td,0.0367,2625,0.0,0.0372,C,-,w_td 0.02; team TD 2.30,1.0,
J. Michael Sturdivant,GB,TB,WR,GB@TB,first_td,0.0075872132034632035,13080,0.0,0.0372,C,-,w_td 0.02; team TD 2.30,1.0,
J. Michael Sturdivant,GB,TB,WR,GB@TB,last_td,0.0075872132034632035,13080,0.0,0.0372,C,-,w_td 0.02; team TD 2.30,1.0,
J. Michael Sturdivant,GB,TB,WR,GB@TB,2plus_td,0.0005,199900,0.0,0.0372,C,-,w_td 0.02; team TD 2.30,1.0,
Skyy Moore,GB,TB,WR,GB@TB,anytime_td,0.17435,474,0.0,0.1899,C,-,tgt_sh 6.9%; team att 38.3; opp DvP 1.05; RZ tgt 3,1.0,
Skyy Moore,GB,TB,WR,GB@TB,first_td,0.03842409090909091,2503,0.0,0.1899,C,-,tgt_sh 6.9%; team att 38.3; opp DvP 1.05; RZ tgt 3,1.0,
Skyy Moore,GB,TB,WR,GB@TB,last_td,0.03842409090909091,2503,0.0,0.1899,C,-,tgt_sh 6.9%; team att 38.3; opp DvP 1.05; RZ tgt 3,1.0,
Skyy Moore,GB,TB,WR,GB@TB,2plus_td,0.015,6567,0.0,0.1899,C,-,tgt_sh 6.9%; team att 38.3; opp DvP 1.05; RZ tgt 3,1.0,
Jonnu Smith,GB,TB,TE,GB@TB,anytime_td,0.11215,792,0.0,0.118,C,-,tgt_sh 6.5%; team att 38.3; opp DvP 0.94; RZ tgt 1,1.0,
Jonnu Smith,GB,TB,TE,GB@TB,first_td,0.023848028499278497,4093,0.0,0.118,C,-,tgt_sh 6.5%; team att 38.3; opp DvP 0.94; RZ tgt 1,1.0,
Jonnu Smith,GB,TB,TE,GB@TB,last_td,0.023848028499278497,4093,0.0,0.118,C,-,tgt_sh 6.5%; team att 38.3; opp DvP 0.94; RZ tgt 1,1.0,
Jonnu Smith,GB,TB,TE,GB@TB,2plus_td,0.0057,17444,0.0,0.118,C,-,tgt_sh 6.5%; team att 38.3; opp DvP 0.94; RZ tgt 1,1.0,
Christian Watson,GB,TB,WR,GB@TB,anytime_td,0.4127,142,0.0,0.51855,B,-,tgt_sh 22.9%; team att 38.3; opp DvP 1.05; RZ tgt 6,1.0,
Christian Watson,GB,TB,WR,GB@TB,first_td,0.10500545995670996,852,0.0,0.51855,B,-,tgt_sh 22.9%; team att 38.3; opp DvP 1.05; RZ tgt 6,1.0,
Christian Watson,GB,TB,WR,GB@TB,last_td,0.10500545995670996,852,0.0,0.51855,B,-,tgt_sh 22.9%; team att 38.3; opp DvP 1.05; RZ tgt 6,1.0,
Christian Watson,GB,TB,WR,GB@TB,2plus_td,0.09235,983,0.0,0.51855,B,-,tgt_sh 22.9%; team att 38.3; opp DvP 1.05; RZ tgt 6,1.0,
Jalon Daniels,TB,GB,QB,GB@TB,anytime_td,0.14375,596,0.1537,0.0,C,-,team att 33.6; ypa 6.84; opp d_ypa 1.01; pass rate 60.3%,1.0,
Jalon Daniels,TB,GB,QB,GB@TB,first_td,0.03161742243867244,3063,0.1537,0.0,C,-,team att 33.6; ypa 6.84; opp d_ypa 1.01; pass rate 60.3%,1.0,
Jalon Daniels,TB,GB,QB,GB@TB,last_td,0.03161742243867244,3063,0.1537,0.0,C,-,team att 33.6; ypa 6.84; opp d_ypa 1.01; pass rate 60.3%,1.0,
Jalon Daniels,TB,GB,QB,GB@TB,2plus_td,0.0097,10209,0.1537,0.0,C,-,team att 33.6; ypa 6.84; opp d_ypa 1.01; pass rate 60.3%,1.0,
Emeka Egbuka,TB,GB,WR,GB@TB,anytime_td,0.24805,303,0.00865,0.2742,B,-,tgt_sh 21.0%; team att 33.6; opp DvP 0.92; RZ tgt 2,1.0,
Emeka Egbuka,TB,GB,WR,GB@TB,first_td,0.057235351731601734,1647,0.00865,0.2742,B,-,tgt_sh 21.0%; team att 33.6; opp DvP 0.92; RZ tgt 2,1.0,
Emeka Egbuka,TB,GB,WR,GB@TB,last_td,0.057235351731601734,1647,0.00865,0.2742,B,-,tgt_sh 21.0%; team att 33.6; opp DvP 0.92; RZ tgt 2,1.0,
Emeka Egbuka,TB,GB,WR,GB@TB,2plus_td,0.0319,3035,0.00865,0.2742,B,-,tgt_sh 21.0%; team att 33.6; opp DvP 0.92; RZ tgt 2,1.0,
Kenny Gainwell,TB,GB,RB,GB@TB,anytime_td,0.2874,248,0.17985,0.1538,B,-,tgt_sh 9.4%; team att 33.6; opp DvP 0.94; RZ tgt 2; car_sh 18.4%; team rush 24.7; opp d_ypc 0.99; inside-10 car 0,1.0,
Kenny Gainwell,TB,GB,RB,GB@TB,first_td,0.06736890512265511,1384,0.17985,0.1538,B,-,tgt_sh 9.4%; team att 33.6; opp DvP 0.94; RZ tgt 2; car_sh 18.4%; team rush 24.7; opp d_ypc 0.99; inside-10 car 0,1.0,
Kenny Gainwell,TB,GB,RB,GB@TB,last_td,0.06736890512265511,1384,0.17985,0.1538,B,-,tgt_sh 9.4%; team att 33.6; opp DvP 0.94; RZ tgt 2; car_sh 18.4%; team rush 24.7; opp d_ypc 0.99; inside-10 car 0,1.0,
Kenny Gainwell,TB,GB,RB,GB@TB,2plus_td,0.04155,2307,0.17985,0.1538,B,-,tgt_sh 9.4%; team att 33.6; opp DvP 0.94; RZ tgt 2; car_sh 18.4%; team rush 24.7; opp d_ypc 0.99; inside-10 car 0,1.0,
Chris Godwin Jr.,TB,GB,WR,GB@TB,anytime_td,0.14547470693843068,587,0.016052381455275107,0.13993029886999683,C,no game designation yet (Full),tgt_sh 13.3%; team att 33.6; opp DvP 0.92; RZ tgt 0,0.9479829842591244,
Chris Godwin Jr.,TB,GB,WR,GB@TB,first_td,0.0320258809143591,3022,0.016052381455275107,0.13993029886999683,C,no game designation yet (Full),tgt_sh 13.3%; team att 33.6; opp DvP 0.92; RZ tgt 0,0.9479829842591244,
Chris Godwin Jr.,TB,GB,WR,GB@TB,last_td,0.0320258809143591,3022,0.016052381455275107,0.13993029886999683,C,no game designation yet (Full),tgt_sh 13.3%; team att 33.6; opp DvP 0.92; RZ tgt 0,0.9479829842591244,
Chris Godwin Jr.,TB,GB,WR,GB@TB,2plus_td,0.01024395395501109,9662,0.016052381455275107,0.13993029886999683,C,no game designation yet (Full),tgt_sh 13.3%; team att 33.6; opp DvP 0.92; RZ tgt 0,0.9479829842591244,
Ted Hurst III,TB,GB,WR,GB@TB,anytime_td,0.16375,511,0.0,0.178,C,-,tgt_sh 12.3%; team att 33.6; opp DvP 0.92; RZ tgt 2,1.0,
Ted Hurst III,TB,GB,WR,GB@TB,first_td,0.03566551226551227,2704,0.0,0.178,C,-,tgt_sh 12.3%; team att 33.6; opp DvP 0.92; RZ tgt 2,1.0,
Ted Hurst III,TB,GB,WR,GB@TB,last_td,0.03566551226551227,2704,0.0,0.178,C,-,tgt_sh 12.3%; team att 33.6; opp DvP 0.92; RZ tgt 2,1.0,
Ted Hurst III,TB,GB,WR,GB@TB,2plus_td,0.01345,7335,0.0,0.178,C,-,tgt_sh 12.3%; team att 33.6; opp DvP 0.92; RZ tgt 2,1.0,
Bucky Irving,TB,GB,RB,GB@TB,anytime_td,0.5649889671114847,-130,0.5700851108542608,0.23831039193023013,B,no game designation yet (Full),tgt_sh 12.7%; team att 33.6; opp DvP 0.94; RZ tgt 4; car_sh 56.4%; team rush 24.7; opp d_ypc 0.99; inside-10 car 1,0.9508674235277402,
Bucky Irving,TB,GB,RB,GB@TB,first_td,0.1655138632455539,504,0.5700851108542608,0.23831039193023013,B,no game designation yet (Full),tgt_sh 12.7%; team att 33.6; opp DvP 0.94; RZ tgt 4; car_sh 56.4%; team rush 24.7; opp d_ypc 0.99; inside-10 car 1,0.9508674235277402,
Bucky Irving,TB,GB,RB,GB@TB,last_td,0.1655138632455539,504,0.5700851108542608,0.23831039193023013,B,no game designation yet (Full),tgt_sh 12.7%; team att 33.6; opp DvP 0.94; RZ tgt 4; car_sh 56.4%; team rush 24.7; opp d_ypc 0.99; inside-10 car 1,0.9508674235277402,
Bucky Irving,TB,GB,RB,GB@TB,2plus_td,0.19543973941368079,412,0.5700851108542608,0.23831039193023013,B,no game designation yet (Full),tgt_sh 12.7%; team att 33.6; opp DvP 0.94; RZ tgt 4; car_sh 56.4%; team rush 24.7; opp d_ypc 0.99; inside-10 car 1,0.9508674235277402,
Tez Johnson,TB,GB,WR,GB@TB,anytime_td,0.1259,694,0.01045,0.1225,C,-,tgt_sh 6.8%; team att 33.6; opp DvP 0.92; RZ tgt 2,1.0,
Tez Johnson,TB,GB,WR,GB@TB,first_td,0.02701013167388167,3602,0.01045,0.1225,C,-,tgt_sh 6.8%; team att 33.6; opp DvP 0.92; RZ tgt 2,1.0,
Tez Johnson,TB,GB,WR,GB@TB,last_td,0.02701013167388167,3602,0.01045,0.1225,C,-,tgt_sh 6.8%; team att 33.6; opp DvP 0.92; RZ tgt 2,1.0,
Tez Johnson,TB,GB,WR,GB@TB,2plus_td,0.00685,14499,0.01045,0.1225,C,-,tgt_sh 6.8%; team att 33.6; opp DvP 0.92; RZ tgt 2,1.0,
Cade Otton,TB,GB,TE,GB@TB,anytime_td,0.22965,335,0.0,0.2565,B,-,tgt_sh 17.8%; team att 33.6; opp DvP 1.04; RZ tgt 2,1.0,
Cade Otton,TB,GB,TE,GB@TB,first_td,0.05259371031746032,1801,0.0,0.2565,B,-,tgt_sh 17.8%; team att 33.6; opp DvP 1.04; RZ tgt 2,1.0,
Cade Otton,TB,GB,TE,GB@TB,last_td,0.05259371031746032,1801,0.0,0.2565,B,-,tgt_sh 17.8%; team att 33.6; opp DvP 1.04; RZ tgt 2,1.0,
Cade Otton,TB,GB,TE,GB@TB,2plus_td,0.0251,3884,0.0,0.2565,B,-,tgt_sh 17.8%; team att 33.6; opp DvP 1.04; RZ tgt 2,1.0,
Malik Willis,MIA,MIN,QB,MIA@MIN,anytime_td,0.1405,612,0.14995,0.0,B,-,team att 31.7; ypa 7.26; opp d_ypa 0.99; pass rate 57.3%,1.0,
Malik Willis,MIA,MIN,QB,MIA@MIN,first_td,0.03460854437229437,2789,0.14995,0.0,B,-,team att 31.7; ypa 7.26; opp d_ypa 0.99; pass rate 57.3%,1.0,
Malik Willis,MIA,MIN,QB,MIA@MIN,last_td,0.03460854437229437,2789,0.14995,0.0,B,-,team att 31.7; ypa 7.26; opp d_ypa 0.99; pass rate 57.3%,1.0,
Malik Willis,MIA,MIN,QB,MIA@MIN,2plus_td,0.009,11011,0.14995,0.0,B,-,team att 31.7; ypa 7.26; opp d_ypa 0.99; pass rate 57.3%,1.0,
Chris Bell,MIA,MIN,WR,MIA@MIN,anytime_td,0.11413330516531107,776,0.0,0.12173867117355022,C,no game designation yet (Full),tgt_sh 10.1%; team att 31.7; opp DvP 0.91; RZ tgt 0,0.9479829842591244,
Chris Bell,MIA,MIN,WR,MIA@MIN,first_td,0.027640553934522458,3518,0.0,0.12173867117355022,C,no game designation yet (Full),tgt_sh 10.1%; team att 31.7; opp DvP 0.91; RZ tgt 0,0.9479829842591244,
Chris Bell,MIA,MIN,WR,MIA@MIN,last_td,0.027640553934522458,3518,0.0,0.12173867117355022,C,no game designation yet (Full),tgt_sh 10.1%; team att 31.7; opp DvP 0.91; RZ tgt 0,0.9479829842591244,
Chris Bell,MIA,MIN,WR,MIA@MIN,2plus_td,0.007446920883067498,13328,0.0,0.12173867117355022,C,no game designation yet (Full),tgt_sh 10.1%; team att 31.7; opp DvP 0.91; RZ tgt 0,0.9479829842591244,
Kevin Coleman Jr.,MIA,MIN,WR,MIA@MIN,anytime_td,0.06725,1387,0.0,0.06955,C,-,tgt_sh 5.8%; team att 31.7; opp DvP 0.91; RZ tgt 0,1.0,
Kevin Coleman Jr.,MIA,MIN,WR,MIA@MIN,first_td,0.015820638528138527,6221,0.0,0.06955,C,-,tgt_sh 5.8%; team att 31.7; opp DvP 0.91; RZ tgt 0,1.0,
Kevin Coleman Jr.,MIA,MIN,WR,MIA@MIN,last_td,0.015820638528138527,6221,0.0,0.06955,C,-,tgt_sh 5.8%; team att 31.7; opp DvP 0.91; RZ tgt 0,1.0,
Kevin Coleman Jr.,MIA,MIN,WR,MIA@MIN,2plus_td,0.0023,43378,0.0,0.06955,C,-,tgt_sh 5.8%; team att 31.7; opp DvP 0.91; RZ tgt 0,1.0,
Greg Dulcich,MIA,MIN,TE,MIA@MIN,anytime_td,0.24825,303,0.0,0.28195,B,-,tgt_sh 14.9%; team att 31.7; opp DvP 1.05; RZ tgt 2,1.0,
Greg Dulcich,MIA,MIN,TE,MIA@MIN,first_td,0.06411585497835498,1460,0.0,0.28195,B,-,tgt_sh 14.9%; team att 31.7; opp DvP 1.05; RZ tgt 2,1.0,
Greg Dulcich,MIA,MIN,TE,MIA@MIN,last_td,0.06411585497835498,1460,0.0,0.28195,B,-,tgt_sh 14.9%; team att 31.7; opp DvP 1.05; RZ tgt 2,1.0,
Greg Dulcich,MIA,MIN,TE,MIA@MIN,2plus_td,0.03115,3110,0.0,0.28195,B,-,tgt_sh 14.9%; team att 31.7; opp DvP 1.05; RZ tgt 2,1.0,
Ollie Gordon II,MIA,MIN,RB,MIA@MIN,anytime_td,0.22215,350,0.2176,0.03155,B,-,tgt_sh 2.4%; team att 31.7; opp DvP 1.20; RZ tgt 0; car_sh 18.7%; team rush 26.4; opp d_ypc 0.93; inside-10 car 1,1.0,
Ollie Gordon II,MIA,MIN,RB,MIA@MIN,first_td,0.05870654761904762,1603,0.2176,0.03155,B,-,tgt_sh 2.4%; team att 31.7; opp DvP 1.20; RZ tgt 0; car_sh 18.7%; team rush 26.4; opp d_ypc 0.93; inside-10 car 1,1.0,
Ollie Gordon II,MIA,MIN,RB,MIA@MIN,last_td,0.05870654761904762,1603,0.2176,0.03155,B,-,tgt_sh 2.4%; team att 31.7; opp DvP 1.20; RZ tgt 0; car_sh 18.7%; team rush 26.4; opp d_ypc 0.93; inside-10 car 1,1.0,
Ollie Gordon II,MIA,MIN,RB,MIA@MIN,2plus_td,0.02555,3814,0.2176,0.03155,B,-,tgt_sh 2.4%; team att 31.7; opp DvP 1.20; RZ tgt 0; car_sh 18.7%; team rush 26.4; opp d_ypc 0.93; inside-10 car 1,1.0,
DJ Herman,MIA,MIN,RB,MIA@MIN,anytime_td,0.05735,1644,0.00655,0.05265,C,-,tgt_sh 3.8%; team att 31.7; opp DvP 1.20; RZ tgt 0,1.0,
DJ Herman,MIA,MIN,RB,MIA@MIN,first_td,0.013578874458874457,7264,0.00655,0.05265,C,-,tgt_sh 3.8%; team att 31.7; opp DvP 1.20; RZ tgt 0,1.0,
DJ Herman,MIA,MIN,RB,MIA@MIN,last_td,0.013578874458874457,7264,0.00655,0.05265,C,-,tgt_sh 3.8%; team att 31.7; opp DvP 1.20; RZ tgt 0,1.0,
DJ Herman,MIA,MIN,RB,MIA@MIN,2plus_td,0.00185,53954,0.00655,0.05265,C,-,tgt_sh 3.8%; team att 31.7; opp DvP 1.20; RZ tgt 0,1.0,
Will Kacmarek,MIA,MIN,TE,MIA@MIN,anytime_td,0.02605,3739,0.0,0.02655,C,-,w_td 0.02; team TD 1.46,1.0,
Will Kacmarek,MIA,MIN,TE,MIA@MIN,first_td,0.006077748917748918,16353,0.0,0.02655,C,-,w_td 0.02; team TD 1.46,1.0,
Will Kacmarek,MIA,MIN,TE,MIA@MIN,last_td,0.006077748917748918,16353,0.0,0.02655,C,-,w_td 0.02; team TD 1.46,1.0,
Will Kacmarek,MIA,MIN,TE,MIA@MIN,2plus_td,0.0005,199900,0.0,0.02655,C,-,w_td 0.02; team TD 1.46,1.0,
Ryan Miller,MIA,MIN,WR,MIA@MIN,anytime_td,0.0336,2876,0.0,0.0343,C,-,w_td 0.03; team TD 1.46,1.0,
Ryan Miller,MIA,MIN,WR,MIA@MIN,first_td,0.007859523809523811,12623,0.0,0.0343,C,-,w_td 0.03; team TD 1.46,1.0,
Ryan Miller,MIA,MIN,WR,MIA@MIN,last_td,0.007859523809523811,12623,0.0,0.0343,C,-,w_td 0.03; team TD 1.46,1.0,
Ryan Miller,MIA,MIN,WR,MIA@MIN,2plus_td,0.0007,142757,0.0,0.0343,C,-,w_td 0.03; team TD 1.46,1.0,
Malik Washington,MIA,MIN,WR,MIA@MIN,anytime_td,0.2675,274,0.0163,0.2884,B,-,tgt_sh 20.6%; team att 31.7; opp DvP 0.91; RZ tgt 1,1.0,
Malik Washington,MIA,MIN,WR,MIA@MIN,first_td,0.0704280303030303,1320,0.0163,0.2884,B,-,tgt_sh 20.6%; team att 31.7; opp DvP 0.91; RZ tgt 1,1.0,
Malik Washington,MIA,MIN,WR,MIA@MIN,last_td,0.0704280303030303,1320,0.0163,0.2884,B,-,tgt_sh 20.6%; team att 31.7; opp DvP 0.91; RZ tgt 1,1.0,
Malik Washington,MIA,MIN,WR,MIA@MIN,2plus_td,0.0346,2790,0.0163,0.2884,B,-,tgt_sh 20.6%; team att 31.7; opp DvP 0.91; RZ tgt 1,1.0,
Jaylen Wright,MIA,MIN,RB,MIA@MIN,anytime_td,0.14586726919237034,586,0.13036624454836845,0.02648310651043035,C,no game designation yet (Full),car_sh 10.0%; team rush 26.4; opp d_ypc 0.93; inside-10 car 1,0.9508674235277402,
Jaylen Wright,MIA,MIN,RB,MIA@MIN,first_td,0.035733535464238006,2698,0.13036624454836845,0.02648310651043035,C,no game designation yet (Full),car_sh 10.0%; team rush 26.4; opp d_ypc 0.93; inside-10 car 1,0.9508674235277402,
Jaylen Wright,MIA,MIN,RB,MIA@MIN,last_td,0.035733535464238006,2698,0.13036624454836845,0.02648310651043035,C,no game designation yet (Full),car_sh 10.0%; team rush 26.4; opp d_ypc 0.93; inside-10 car 1,0.9508674235277402,
Jaylen Wright,MIA,MIN,RB,MIA@MIN,2plus_td,0.010561715096421629,9368,0.13036624454836845,0.02648310651043035,C,no game designation yet (Full),car_sh 10.0%; team rush 26.4; opp d_ypc 0.93; inside-10 car 1,0.9508674235277402,
Kyler Murray,MIN,MIA,QB,MIA@MIN,anytime_td,0.06935,1342,0.0726,0.0,C,-,team att 27.8; ypa 7.63; opp d_ypa 1.11; pass rate 49.9%,1.0,
Kyler Murray,MIN,MIA,QB,MIA@MIN,first_td,0.017563499278499276,5594,0.0726,0.0,C,-,team att 27.8; ypa 7.63; opp d_ypa 1.11; pass rate 49.9%,1.0,
Kyler Murray,MIN,MIA,QB,MIA@MIN,last_td,0.017563499278499276,5594,0.0726,0.0,C,-,team att 27.8; ypa 7.63; opp d_ypa 1.11; pass rate 49.9%,1.0,
Kyler Murray,MIN,MIA,QB,MIA@MIN,2plus_td,0.00315,31646,0.0726,0.0,C,-,team att 27.8; ypa 7.63; opp d_ypa 1.11; pass rate 49.9%,1.0,
Jordan Addison,MIN,MIA,WR,MIA@MIN,anytime_td,0.39545,153,0.0,0.49095,B,-,tgt_sh 18.2%; team att 27.8; opp DvP 1.04; RZ tgt 1,1.0,
Jordan Addison,MIN,MIA,WR,MIA@MIN,first_td,0.11676585317460317,756,0.0,0.49095,B,-,tgt_sh 18.2%; team att 27.8; opp DvP 1.04; RZ tgt 1,1.0,
Jordan Addison,MIN,MIA,WR,MIA@MIN,last_td,0.11676585317460317,756,0.0,0.49095,B,-,tgt_sh 18.2%; team att 27.8; opp DvP 1.04; RZ tgt 1,1.0,
Jordan Addison,MIN,MIA,WR,MIA@MIN,2plus_td,0.083,1105,0.0,0.49095,B,-,tgt_sh 18.2%; team att 27.8; opp DvP 1.04; RZ tgt 1,1.0,
Max Bredeson,MIN,MIA,RB,MIA@MIN,anytime_td,0.02315,4220,0.0106,0.01275,C,-,w_td 0.01; team TD 2.54,1.0,
Max Bredeson,MIN,MIA,RB,MIA@MIN,first_td,0.005552579365079365,17910,0.0106,0.01275,C,-,w_td 0.01; team TD 2.54,1.0,
Max Bredeson,MIN,MIA,RB,MIA@MIN,last_td,0.005552579365079365,17910,0.0106,0.01275,C,-,w_td 0.01; team TD 2.54,1.0,
Max Bredeson,MIN,MIA,RB,MIA@MIN,2plus_td,0.0002,499900,0.0106,0.01275,C,-,w_td 0.01; team TD 2.54,1.0,
Demond Claiborne,MIN,MIA,RB,MIA@MIN,anytime_td,0.0904,1006,0.05075,0.0431,C,-,w_td 0.05; team TD 2.54,1.0,
Demond Claiborne,MIN,MIA,RB,MIA@MIN,first_td,0.02282683080808081,4281,0.05075,0.0431,C,-,w_td 0.05; team TD 2.54,1.0,
Demond Claiborne,MIN,MIA,RB,MIA@MIN,last_td,0.02282683080808081,4281,0.05075,0.0431,C,-,w_td 0.05; team TD 2.54,1.0,
Demond Claiborne,MIN,MIA,RB,MIA@MIN,2plus_td,0.0034,29312,0.05075,0.0431,C,-,w_td 0.05; team TD 2.54,1.0,
DeeJay Dallas,MIN,MIA,RB,MIA@MIN,anytime_td,0.09505,952,0.03815,0.06035,C,-,tgt_sh 2.9%; team att 27.8; opp DvP 0.86; RZ tgt 0,1.0,
DeeJay Dallas,MIN,MIA,RB,MIA@MIN,first_td,0.023419949494949494,4170,0.03815,0.06035,C,-,tgt_sh 2.9%; team att 27.8; opp DvP 0.86; RZ tgt 0,1.0,
DeeJay Dallas,MIN,MIA,RB,MIA@MIN,last_td,0.023419949494949494,4170,0.03815,0.06035,C,-,tgt_sh 2.9%; team att 27.8; opp DvP 0.86; RZ tgt 0,1.0,
DeeJay Dallas,MIN,MIA,RB,MIA@MIN,2plus_td,0.0034,29312,0.03815,0.06035,C,-,tgt_sh 2.9%; team att 27.8; opp DvP 0.86; RZ tgt 0,1.0,
Tai Felton,MIN,MIA,WR,MIA@MIN,anytime_td,0.05345,1771,0.0,0.05425,C,-,w_td 0.02; team TD 2.54,1.0,
Tai Felton,MIN,MIA,WR,MIA@MIN,first_td,0.012562126623376623,7860,0.0,0.05425,C,-,w_td 0.02; team TD 2.54,1.0,
Tai Felton,MIN,MIA,WR,MIA@MIN,last_td,0.012562126623376623,7860,0.0,0.05425,C,-,w_td 0.02; team TD 2.54,1.0,
Tai Felton,MIN,MIA,WR,MIA@MIN,2plus_td,0.0008,124900,0.0,0.05425,C,-,w_td 0.02; team TD 2.54,1.0,
T.J. Hockenson,MIN,MIA,TE,MIA@MIN,anytime_td,0.4068,146,0.0,0.50905,B,-,tgt_sh 17.4%; team att 27.8; opp DvP 0.89; RZ tgt 2,1.0,
T.J. Hockenson,MIN,MIA,TE,MIA@MIN,first_td,0.11952258116883117,737,0.0,0.50905,B,-,tgt_sh 17.4%; team att 27.8; opp DvP 0.89; RZ tgt 2,1.0,
T.J. Hockenson,MIN,MIA,TE,MIA@MIN,last_td,0.11952258116883117,737,0.0,0.50905,B,-,tgt_sh 17.4%; team att 27.8; opp DvP 0.89; RZ tgt 2,1.0,
T.J. Hockenson,MIN,MIA,TE,MIA@MIN,2plus_td,0.08985,1013,0.0,0.50905,B,-,tgt_sh 17.4%; team att 27.8; opp DvP 0.89; RZ tgt 2,1.0,
Jauan Jennings,MIN,MIA,WR,MIA@MIN,anytime_td,0.19885,403,0.0,0.21995,C,-,tgt_sh 9.7%; team att 27.8; opp DvP 1.04; RZ tgt 0,1.0,
Jauan Jennings,MIN,MIA,WR,MIA@MIN,first_td,0.05204731240981241,1821,0.0,0.21995,C,-,tgt_sh 9.7%; team att 27.8; opp DvP 1.04; RZ tgt 0,1.0,
Jauan Jennings,MIN,MIA,WR,MIA@MIN,last_td,0.05204731240981241,1821,0.0,0.21995,C,-,tgt_sh 9.7%; team att 27.8; opp DvP 1.04; RZ tgt 0,1.0,
Jauan Jennings,MIN,MIA,WR,MIA@MIN,2plus_td,0.01985,4938,0.0,0.21995,C,-,tgt_sh 9.7%; team att 27.8; opp DvP 1.04; RZ tgt 0,1.0,
Aaron Jones,MIN,MIA,RB,MIA@MIN,anytime_td,0.5760634824971121,-136,0.6162422781377128,0.2099342072221385,B,no game designation yet (Limited),tgt_sh 10.2%; team att 27.8; opp DvP 0.86; RZ tgt 0; car_sh 47.0%; team rush 29.5; opp d_ypc 0.92; inside-10 car 1,0.9951309141019752,
Aaron Jones,MIN,MIA,RB,MIA@MIN,first_td,0.1962407062075587,410,0.6162422781377128,0.2099342072221385,B,no game designation yet (Limited),tgt_sh 10.2%; team att 27.8; opp DvP 0.86; RZ tgt 0; car_sh 47.0%; team rush 29.5; opp d_ypc 0.92; inside-10 car 1,0.9951309141019752,
Aaron Jones,MIN,MIA,RB,MIA@MIN,last_td,0.1962407062075587,410,0.6162422781377128,0.2099342072221385,B,no game designation yet (Limited),tgt_sh 10.2%; team att 27.8; opp DvP 0.86; RZ tgt 0; car_sh 47.0%; team rush 29.5; opp d_ypc 0.92; inside-10 car 1,0.9951309141019752,
Aaron Jones,MIN,MIA,RB,MIA@MIN,2plus_td,0.20039174325749587,399,0.6162422781377128,0.2099342072221385,B,no game designation yet (Limited),tgt_sh 10.2%; team att 27.8; opp DvP 0.86; RZ tgt 0; car_sh 47.0%; team rush 29.5; opp d_ypc 0.92; inside-10 car 1,0.9951309141019752,
Myles Price,MIN,MIA,WR,MIA@MIN,anytime_td,0.0391,2458,0.0,0.0398,C,-,w_td 0.02; team TD 2.54,1.0,
Myles Price,MIN,MIA,WR,MIA@MIN,first_td,0.009234843073593074,10729,0.0,0.0398,C,-,w_td 0.02; team TD 2.54,1.0,
Myles Price,MIN,MIA,WR,MIA@MIN,last_td,0.009234843073593074,10729,0.0,0.0398,C,-,w_td 0.02; team TD 2.54,1.0,
Myles Price,MIN,MIA,WR,MIA@MIN,2plus_td,0.0007,142757,0.0,0.0398,C,-,w_td 0.02; team TD 2.54,1.0,
Patrick Mahomes,KC,LV,QB,KC@LV,anytime_td,0.08388149507929224,1092,0.0868390189179542,0.0,B,no game designation yet (Full),team att 31.2; ypa 7.53; opp d_ypa 0.99; pass rate 53.5%,0.98,
Patrick Mahomes,KC,LV,QB,KC@LV,first_td,0.018495910686517996,5307,0.0868390189179542,0.0,B,no game designation yet (Full),team att 31.2; ypa 7.53; opp d_ypa 0.99; pass rate 53.5%,0.98,
Patrick Mahomes,KC,LV,QB,KC@LV,last_td,0.018495910686517996,5307,0.0868390189179542,0.0,B,no game designation yet (Full),team att 31.2; ypa 7.53; opp d_ypa 0.99; pass rate 53.5%,0.98,
Patrick Mahomes,KC,LV,QB,KC@LV,2plus_td,0.002804548467696701,35556,0.0868390189179542,0.0,B,no game designation yet (Full),team att 31.2; ypa 7.53; opp d_ypa 0.99; pass rate 53.5%,0.98,
Cyrus Allen,KC,LV,WR,KC@LV,anytime_td,0.01675,5870,0.0,0.01685,C,-,w_td 0.01; team TD 2.38,1.0,
Cyrus Allen,KC,LV,WR,KC@LV,first_td,0.003390856782106782,29391,0.0,0.01685,C,-,w_td 0.01; team TD 2.38,1.0,
Cyrus Allen,KC,LV,WR,KC@LV,last_td,0.003390856782106782,29391,0.0,0.01685,C,-,w_td 0.01; team TD 2.38,1.0,
Cyrus Allen,KC,LV,WR,KC@LV,2plus_td,0.0001,999900,0.0,0.01685,C,-,w_td 0.01; team TD 2.38,1.0,
Jake Briningstool,KC,LV,TE,KC@LV,anytime_td,0.02585,3768,0.0,0.0263,C,-,w_td 0.02; team TD 2.38,1.0,
Jake Briningstool,KC,LV,TE,KC@LV,first_td,0.005471356421356421,18177,0.0,0.0263,C,-,w_td 0.02; team TD 2.38,1.0,
Jake Briningstool,KC,LV,TE,KC@LV,last_td,0.005471356421356421,18177,0.0,0.0263,C,-,w_td 0.02; team TD 2.38,1.0,
Jake Briningstool,KC,LV,TE,KC@LV,2plus_td,0.00035,285614,0.0,0.0263,C,-,w_td 0.02; team TD 2.38,1.0,
Noah Gray,KC,LV,TE,KC@LV,anytime_td,0.0985,915,0.0,0.10305,C,-,tgt_sh 6.2%; team att 31.2; opp DvP 1.00; RZ tgt 1,1.0,
Noah Gray,KC,LV,TE,KC@LV,first_td,0.022049969336219333,4435,0.0,0.10305,C,-,tgt_sh 6.2%; team att 31.2; opp DvP 1.00; RZ tgt 1,1.0,
Noah Gray,KC,LV,TE,KC@LV,last_td,0.022049969336219333,4435,0.0,0.10305,C,-,tgt_sh 6.2%; team att 31.2; opp DvP 1.00; RZ tgt 1,1.0,
Noah Gray,KC,LV,TE,KC@LV,2plus_td,0.00445,22372,0.0,0.10305,C,-,tgt_sh 6.2%; team att 31.2; opp DvP 1.00; RZ tgt 1,1.0,
Emmett Johnson,KC,LV,RB,KC@LV,anytime_td,0.1627,515,0.13325,0.0431,B,-,tgt_sh 3.6%; team att 31.2; opp DvP 0.96; RZ tgt 0; car_sh 21.9%; team rush 28.9; opp d_ypc 1.03; inside-10 car 0,1.0,
Emmett Johnson,KC,LV,RB,KC@LV,first_td,0.03740625111000111,2573,0.13325,0.0431,B,-,tgt_sh 3.6%; team att 31.2; opp DvP 0.96; RZ tgt 0; car_sh 21.9%; team rush 28.9; opp d_ypc 1.03; inside-10 car 0,1.0,
Emmett Johnson,KC,LV,RB,KC@LV,last_td,0.03740625111000111,2573,0.13325,0.0431,B,-,tgt_sh 3.6%; team att 31.2; opp DvP 0.96; RZ tgt 0; car_sh 21.9%; team rush 28.9; opp d_ypc 1.03; inside-10 car 0,1.0,
Emmett Johnson,KC,LV,RB,KC@LV,2plus_td,0.0128,7712,0.13325,0.0431,B,-,tgt_sh 3.6%; team att 31.2; opp DvP 0.96; RZ tgt 0; car_sh 21.9%; team rush 28.9; opp d_ypc 1.03; inside-10 car 0,1.0,
Travis Kelce,KC,LV,TE,KC@LV,anytime_td,0.25525,292,0.0,0.2905,B,-,tgt_sh 19.2%; team att 31.2; opp DvP 1.00; RZ tgt 2,1.0,
Travis Kelce,KC,LV,TE,KC@LV,first_td,0.059816122488622475,1572,0.0,0.2905,B,-,tgt_sh 19.2%; team att 31.2; opp DvP 1.00; RZ tgt 2,1.0,
Travis Kelce,KC,LV,TE,KC@LV,last_td,0.059816122488622475,1572,0.0,0.2905,B,-,tgt_sh 19.2%; team att 31.2; opp DvP 1.00; RZ tgt 2,1.0,
Travis Kelce,KC,LV,TE,KC@LV,2plus_td,0.03255,2972,0.0,0.2905,B,-,tgt_sh 19.2%; team att 31.2; opp DvP 1.00; RZ tgt 2,1.0,
Rashee Rice,KC,LV,WR,KC@LV,anytime_td,0.3118712273641851,221,0.0,0.3702742772424018,C,no game designation yet (Full),tgt_sh 23.9%; team att 31.2; opp DvP 0.89; RZ tgt 4,0.9479829842591244,
Rashee Rice,KC,LV,WR,KC@LV,first_td,0.07621873417039149,1212,0.0,0.3702742772424018,C,no game designation yet (Full),tgt_sh 23.9%; team att 31.2; opp DvP 0.89; RZ tgt 4,0.9479829842591244,
Rashee Rice,KC,LV,WR,KC@LV,last_td,0.07621873417039149,1212,0.0,0.3702742772424018,C,no game designation yet (Full),tgt_sh 23.9%; team att 31.2; opp DvP 0.89; RZ tgt 4,0.9479829842591244,
Rashee Rice,KC,LV,WR,KC@LV,2plus_td,0.051625542730064596,1837,0.0,0.3702742772424018,C,no game designation yet (Full),tgt_sh 23.9%; team att 31.2; opp DvP 0.89; RZ tgt 4,0.9479829842591244,
Jalen Royals,KC,LV,WR,KC@LV,anytime_td,0.0516,1838,0.0,0.05265,C,-,w_td 0.03; team TD 2.38,1.0,
Jalen Royals,KC,LV,WR,KC@LV,first_td,0.011265685425685425,8777,0.0,0.05265,C,-,w_td 0.03; team TD 2.38,1.0,
Jalen Royals,KC,LV,WR,KC@LV,last_td,0.011265685425685425,8777,0.0,0.05265,C,-,w_td 0.03; team TD 2.38,1.0,
Jalen Royals,KC,LV,WR,KC@LV,2plus_td,0.00105,95138,0.0,0.05265,C,-,w_td 0.03; team TD 2.38,1.0,
Brashard Smith,KC,LV,RB,KC@LV,anytime_td,0.0731,1268,0.01045,0.06495,C,-,w_td 0.05; team TD 2.38,1.0,
Brashard Smith,KC,LV,RB,KC@LV,first_td,0.01590284451659452,6188,0.01045,0.06495,C,-,w_td 0.05; team TD 2.38,1.0,
Brashard Smith,KC,LV,RB,KC@LV,last_td,0.01590284451659452,6188,0.01045,0.06495,C,-,w_td 0.05; team TD 2.38,1.0,
Brashard Smith,KC,LV,RB,KC@LV,2plus_td,0.00225,44344,0.01045,0.06495,C,-,w_td 0.05; team TD 2.38,1.0,
Tyquan Thornton,KC,LV,WR,KC@LV,anytime_td,0.08715,1047,0.0,0.0906,C,-,tgt_sh 7.6%; team att 31.2; opp DvP 0.89; RZ tgt 0,1.0,
Tyquan Thornton,KC,LV,WR,KC@LV,first_td,0.01878641414141414,5223,0.0,0.0906,C,-,tgt_sh 7.6%; team att 31.2; opp DvP 0.89; RZ tgt 0,1.0,
Tyquan Thornton,KC,LV,WR,KC@LV,last_td,0.01878641414141414,5223,0.0,0.0906,C,-,tgt_sh 7.6%; team att 31.2; opp DvP 0.89; RZ tgt 0,1.0,
Tyquan Thornton,KC,LV,WR,KC@LV,2plus_td,0.00335,29751,0.0,0.0906,C,-,tgt_sh 7.6%; team att 31.2; opp DvP 0.89; RZ tgt 0,1.0,
Kenneth Walker III,KC,LV,RB,KC@LV,anytime_td,0.56715,-131,0.50855,0.29885,B,-,tgt_sh 14.4%; team att 31.2; opp DvP 0.96; RZ tgt 5; car_sh 59.4%; team rush 28.9; opp d_ypc 1.03; inside-10 car 8,1.0,
Kenneth Walker III,KC,LV,RB,KC@LV,first_td,0.16874295634920633,493,0.50855,0.29885,B,-,tgt_sh 14.4%; team att 31.2; opp DvP 0.96; RZ tgt 5; car_sh 59.4%; team rush 28.9; opp d_ypc 1.03; inside-10 car 8,1.0,
Kenneth Walker III,KC,LV,RB,KC@LV,last_td,0.16874295634920633,493,0.50855,0.29885,B,-,tgt_sh 14.4%; team att 31.2; opp DvP 0.96; RZ tgt 5; car_sh 59.4%; team rush 28.9; opp d_ypc 1.03; inside-10 car 8,1.0,
Kenneth Walker III,KC,LV,RB,KC@LV,2plus_td,0.1925,419,0.50855,0.29885,B,-,tgt_sh 14.4%; team att 31.2; opp DvP 0.96; RZ tgt 5; car_sh 59.4%; team rush 28.9; opp d_ypc 1.03; inside-10 car 8,1.0,
Xavier Worthy,KC,LV,WR,KC@LV,anytime_td,0.2485,302,0.0,0.28145,B,-,tgt_sh 15.0%; team att 31.2; opp DvP 0.89; RZ tgt 4,1.0,
Xavier Worthy,KC,LV,WR,KC@LV,first_td,0.05924085678210679,1588,0.0,0.28145,B,-,tgt_sh 15.0%; team att 31.2; opp DvP 0.89; RZ tgt 4,1.0,
Xavier Worthy,KC,LV,WR,KC@LV,last_td,0.05924085678210679,1588,0.0,0.28145,B,-,tgt_sh 15.0%; team att 31.2; opp DvP 0.89; RZ tgt 4,1.0,
Xavier Worthy,KC,LV,WR,KC@LV,2plus_td,0.03065,3163,0.0,0.28145,B,-,tgt_sh 15.0%; team att 31.2; opp DvP 0.89; RZ tgt 4,1.0,
Kirk Cousins,LV,KC,QB,KC@LV,anytime_td,0.04535,2105,0.04675,0.0,B,-,team att 31.1; ypa 6.55; opp d_ypa 0.91; pass rate 53.2%,1.0,
Kirk Cousins,LV,KC,QB,KC@LV,first_td,0.009679992784992786,10231,0.04675,0.0,B,-,team att 31.1; ypa 6.55; opp d_ypa 0.91; pass rate 53.2%,1.0,
Kirk Cousins,LV,KC,QB,KC@LV,last_td,0.009679992784992786,10231,0.04675,0.0,B,-,team att 31.1; ypa 6.55; opp d_ypa 0.91; pass rate 53.2%,1.0,
Kirk Cousins,LV,KC,QB,KC@LV,2plus_td,0.0014,71329,0.04675,0.0,B,-,team att 31.1; ypa 6.55; opp d_ypa 0.91; pass rate 53.2%,1.0,
Cody White,LV,KC,WR,KC@LV,anytime_td,0.14645225291077116,583,0.0,0.15684227014044796,C,no game designation yet (Limited),tgt_sh 4.5%; team att 31.1; opp DvP 0.91; RZ tgt 4,0.9575230478992892,
Cody White,LV,KC,WR,KC@LV,first_td,0.0328989863579745,2940,0.0,0.15684227014044796,C,no game designation yet (Limited),tgt_sh 4.5%; team att 31.1; opp DvP 0.91; RZ tgt 4,0.9575230478992892,
Cody White,LV,KC,WR,KC@LV,last_td,0.0328989863579745,2940,0.0,0.15684227014044796,C,no game designation yet (Limited),tgt_sh 4.5%; team att 31.1; opp DvP 0.91; RZ tgt 4,0.9575230478992892,
Cody White,LV,KC,WR,KC@LV,2plus_td,0.009972328094815434,9928,0.0,0.15684227014044796,C,no game designation yet (Limited),tgt_sh 4.5%; team att 31.1; opp DvP 0.91; RZ tgt 4,0.9575230478992892,
Malik Benson,LV,KC,WR,KC@LV,anytime_td,0.042026998523518246,2279,0.004271250790972369,0.03838852562750475,C,no game designation yet (Full),w_td 0.03; team TD 2.16,0.9479829842591244,
Malik Benson,LV,KC,WR,KC@LV,first_td,0.008969861228087342,11048,0.004271250790972369,0.03838852562750475,C,no game designation yet (Full),w_td 0.03; team TD 2.16,0.9479829842591244,
Malik Benson,LV,KC,WR,KC@LV,last_td,0.008969861228087342,11048,0.004271250790972369,0.03838852562750475,C,no game designation yet (Full),w_td 0.03; team TD 2.16,0.9479829842591244,
Malik Benson,LV,KC,WR,KC@LV,2plus_td,0.0006327778949588694,157933,0.004271250790972369,0.03838852562750475,C,no game designation yet (Full),w_td 0.03; team TD 2.16,0.9479829842591244,
Brock Bowers,LV,KC,TE,KC@LV,anytime_td,0.35143586803564913,185,0.0,0.42773753061969044,C,no game designation yet (Limited),tgt_sh 25.8%; team att 31.1; opp DvP 1.19; RZ tgt 3,0.9575230478992892,
Brock Bowers,LV,KC,TE,KC@LV,first_td,0.08823282975312995,1033,0.0,0.42773753061969044,C,no game designation yet (Limited),tgt_sh 25.8%; team att 31.1; opp DvP 1.19; RZ tgt 3,0.9575230478992892,
Brock Bowers,LV,KC,TE,KC@LV,last_td,0.08823282975312995,1033,0.0,0.42773753061969044,C,no game designation yet (Limited),tgt_sh 25.8%; team att 31.1; opp DvP 1.19; RZ tgt 3,0.9575230478992892,
Brock Bowers,LV,KC,TE,KC@LV,2plus_td,0.06811903893261062,1368,0.0,0.42773753061969044,C,no game designation yet (Limited),tgt_sh 25.8%; team att 31.1; opp DvP 1.19; RZ tgt 3,0.9575230478992892,
Connor Heyward,LV,KC,RB,KC@LV,anytime_td,0.02775,3504,0.02355,0.0046,C,-,w_td 0.04; team TD 2.16,1.0,
Connor Heyward,LV,KC,RB,KC@LV,first_td,0.006025975829725829,16495,0.02355,0.0046,C,-,w_td 0.04; team TD 2.16,1.0,
Connor Heyward,LV,KC,RB,KC@LV,last_td,0.006025975829725829,16495,0.02355,0.0046,C,-,w_td 0.04; team TD 2.16,1.0,
Connor Heyward,LV,KC,RB,KC@LV,2plus_td,0.0004,249900,0.02355,0.0046,C,-,w_td 0.04; team TD 2.16,1.0,
Ashton Jeanty,LV,KC,RB,KC@LV,anytime_td,0.5182907600126143,-108,0.41564175339009773,0.2858719646799117,B,no game designation yet (Full),tgt_sh 14.7%; team att 31.1; opp DvP 0.93; RZ tgt 4; car_sh 61.4%; team rush 28.7; opp d_ypc 0.96; inside-10 car 7,0.9508674235277402,
Ashton Jeanty,LV,KC,RB,KC@LV,first_td,0.1463742558468197,583,0.41564175339009773,0.2858719646799117,B,no game designation yet (Full),tgt_sh 14.7%; team att 31.1; opp DvP 0.93; RZ tgt 4; car_sh 61.4%; team rush 28.7; opp d_ypc 0.96; inside-10 car 7,0.9508674235277402,
Ashton Jeanty,LV,KC,RB,KC@LV,last_td,0.1463742558468197,583,0.41564175339009773,0.2858719646799117,B,no game designation yet (Full),tgt_sh 14.7%; team att 31.1; opp DvP 0.93; RZ tgt 4; car_sh 61.4%; team rush 28.7; opp d_ypc 0.96; inside-10 car 7,0.9508674235277402,
Ashton Jeanty,LV,KC,RB,KC@LV,2plus_td,0.1513192473457374,561,0.41564175339009773,0.2858719646799117,B,no game designation yet (Full),tgt_sh 14.7%; team att 31.1; opp DvP 0.93; RZ tgt 4; car_sh 61.4%; team rush 28.7; opp d_ypc 0.96; inside-10 car 7,0.9508674235277402,
Michael Mayer,LV,KC,TE,KC@LV,anytime_td,0.22875,337,0.0,0.2569,B,-,tgt_sh 14.1%; team att 31.1; opp DvP 1.19; RZ tgt 2,1.0,
Michael Mayer,LV,KC,TE,KC@LV,first_td,0.053093626096126105,1783,0.0,0.2569,B,-,tgt_sh 14.1%; team att 31.1; opp DvP 1.19; RZ tgt 2,1.0,
Michael Mayer,LV,KC,TE,KC@LV,last_td,0.053093626096126105,1783,0.0,0.2569,B,-,tgt_sh 14.1%; team att 31.1; opp DvP 1.19; RZ tgt 2,1.0,
Michael Mayer,LV,KC,TE,KC@LV,2plus_td,0.0261,3731,0.0,0.2569,B,-,tgt_sh 14.1%; team att 31.1; opp DvP 1.19; RZ tgt 2,1.0,
Jalen Nailor,LV,KC,WR,KC@LV,anytime_td,0.1373,628,0.0,0.14575,C,-,tgt_sh 10.2%; team att 31.1; opp DvP 0.91; RZ tgt 1,1.0,
Jalen Nailor,LV,KC,WR,KC@LV,first_td,0.030345506854256854,3195,0.0,0.14575,C,-,tgt_sh 10.2%; team att 31.1; opp DvP 0.91; RZ tgt 1,1.0,
Jalen Nailor,LV,KC,WR,KC@LV,last_td,0.030345506854256854,3195,0.0,0.14575,C,-,tgt_sh 10.2%; team att 31.1; opp DvP 0.91; RZ tgt 1,1.0,
Jalen Nailor,LV,KC,WR,KC@LV,2plus_td,0.00825,12021,0.0,0.14575,C,-,tgt_sh 10.2%; team att 31.1; opp DvP 0.91; RZ tgt 1,1.0,
Ian Thomas,LV,KC,TE,KC@LV,anytime_td,0.02315,4220,0.0,0.0234,C,-,w_td 0.02; team TD 2.16,1.0,
Ian Thomas,LV,KC,TE,KC@LV,first_td,0.004892126623376623,20341,0.0,0.0234,C,-,w_td 0.02; team TD 2.16,1.0,
Ian Thomas,LV,KC,TE,KC@LV,last_td,0.004892126623376623,20341,0.0,0.0234,C,-,w_td 0.02; team TD 2.16,1.0,
Ian Thomas,LV,KC,TE,KC@LV,2plus_td,0.00025,399900,0.0,0.0234,C,-,w_td 0.02; team TD 2.16,1.0,
Tre Tucker,LV,KC,WR,KC@LV,anytime_td,0.1918,421,0.0,0.2117,C,-,tgt_sh 15.8%; team att 31.1; opp DvP 0.91; RZ tgt 1,1.0,
Tre Tucker,LV,KC,WR,KC@LV,first_td,0.04335083513708513,2207,0.0,0.2117,C,-,tgt_sh 15.8%; team att 31.1; opp DvP 0.91; RZ tgt 1,1.0,
Tre Tucker,LV,KC,WR,KC@LV,last_td,0.04335083513708513,2207,0.0,0.2117,C,-,tgt_sh 15.8%; team att 31.1; opp DvP 0.91; RZ tgt 1,1.0,
Tre Tucker,LV,KC,WR,KC@LV,2plus_td,0.0187,5248,0.0,0.2117,C,-,tgt_sh 15.8%; team att 31.1; opp DvP 0.91; RZ tgt 1,1.0,
Mike Washington Jr.,LV,KC,RB,KC@LV,anytime_td,0.138,625,0.13505,0.0143,B,-,car_sh 21.0%; team rush 28.7; opp d_ypc 0.96; inside-10 car 1,1.0,
Mike Washington Jr.,LV,KC,RB,KC@LV,first_td,0.03121393578643578,3104,0.13505,0.0143,B,-,car_sh 21.0%; team rush 28.7; opp d_ypc 0.96; inside-10 car 1,1.0,
Mike Washington Jr.,LV,KC,RB,KC@LV,last_td,0.03121393578643578,3104,0.13505,0.0143,B,-,car_sh 21.0%; team rush 28.7; opp d_ypc 0.96; inside-10 car 1,1.0,
Mike Washington Jr.,LV,KC,RB,KC@LV,2plus_td,0.0109,9074,0.13505,0.0143,B,-,car_sh 21.0%; team rush 28.7; opp d_ypc 0.96; inside-10 car 1,1.0,
Dareke Young,LV,KC,WR,KC@LV,anytime_td,0.016,6150,0.0,0.0161,C,-,w_td 0.01; team TD 2.16,1.0,
Dareke Young,LV,KC,WR,KC@LV,first_td,0.0032663943001443,30515,0.0,0.0161,C,-,w_td 0.01; team TD 2.16,1.0,
Dareke Young,LV,KC,WR,KC@LV,last_td,0.0032663943001443,30515,0.0,0.0161,C,-,w_td 0.01; team TD 2.16,1.0,
Dareke Young,LV,KC,WR,KC@LV,2plus_td,0.0001,999900,0.0,0.0161,C,-,w_td 0.01; team TD 2.16,1.0,
Justin Herbert,LAC,SEA,QB,LAC@SEA,anytime_td,0.09195,988,0.0955,0.0,B,-,team att 31.6; ypa 6.19; opp d_ypa 0.86; pass rate 56.9%,1.0,
Justin Herbert,LAC,SEA,QB,LAC@SEA,first_td,0.01987109543234543,4932,0.0955,0.0,B,-,team att 31.6; ypa 6.19; opp d_ypa 0.86; pass rate 56.9%,1.0,
Justin Herbert,LAC,SEA,QB,LAC@SEA,last_td,0.01987109543234543,4932,0.0955,0.0,B,-,team att 31.6; ypa 6.19; opp d_ypa 0.86; pass rate 56.9%,1.0,
Justin Herbert,LAC,SEA,QB,LAC@SEA,2plus_td,0.0034,29312,0.0955,0.0,B,-,team att 31.6; ypa 6.19; opp d_ypa 0.86; pass rate 56.9%,1.0,
Derius Davis,LAC,SEA,WR,LAC@SEA,anytime_td,0.018,5456,0.0,0.01805,C,-,w_td 0.01; team TD 1.69,1.0,
Derius Davis,LAC,SEA,WR,LAC@SEA,first_td,0.0036655375180375182,27181,0.0,0.01805,C,-,w_td 0.01; team TD 1.69,1.0,
Derius Davis,LAC,SEA,WR,LAC@SEA,last_td,0.0036655375180375182,27181,0.0,0.01805,C,-,w_td 0.01; team TD 1.69,1.0,
Derius Davis,LAC,SEA,WR,LAC@SEA,2plus_td,5e-05,999900,0.0,0.01805,C,-,w_td 0.01; team TD 1.69,1.0,
Oronde Gadsden II,LAC,SEA,TE,LAC@SEA,anytime_td,0.1753,470,0.0,0.19085,C,-,tgt_sh 10.3%; team att 31.6; opp DvP 0.97; RZ tgt 2,1.0,
Oronde Gadsden II,LAC,SEA,TE,LAC@SEA,first_td,0.038819354256854254,2476,0.0,0.19085,C,-,tgt_sh 10.3%; team att 31.6; opp DvP 0.97; RZ tgt 2,1.0,
Oronde Gadsden II,LAC,SEA,TE,LAC@SEA,last_td,0.038819354256854254,2476,0.0,0.19085,C,-,tgt_sh 10.3%; team att 31.6; opp DvP 0.97; RZ tgt 2,1.0,
Oronde Gadsden II,LAC,SEA,TE,LAC@SEA,2plus_td,0.01475,6680,0.0,0.19085,C,-,tgt_sh 10.3%; team att 31.6; opp DvP 0.97; RZ tgt 2,1.0,
Omarion Hampton,LAC,SEA,RB,LAC@SEA,anytime_td,0.30765,225,0.28915,0.07005,B,-,tgt_sh 5.8%; team att 31.6; opp DvP 1.01; RZ tgt 0; car_sh 53.0%; team rush 26.0; opp d_ypc 0.90; inside-10 car 5,1.0,
Omarion Hampton,LAC,SEA,RB,LAC@SEA,first_td,0.0740781641969142,1250,0.28915,0.07005,B,-,tgt_sh 5.8%; team att 31.6; opp DvP 1.01; RZ tgt 0; car_sh 53.0%; team rush 26.0; opp d_ypc 0.90; inside-10 car 5,1.0,
Omarion Hampton,LAC,SEA,RB,LAC@SEA,last_td,0.0740781641969142,1250,0.28915,0.07005,B,-,tgt_sh 5.8%; team att 31.6; opp DvP 1.01; RZ tgt 0; car_sh 53.0%; team rush 26.0; opp d_ypc 0.90; inside-10 car 5,1.0,
Omarion Hampton,LAC,SEA,RB,LAC@SEA,2plus_td,0.0467,2041,0.28915,0.07005,B,-,tgt_sh 5.8%; team att 31.6; opp DvP 1.01; RZ tgt 0; car_sh 53.0%; team rush 26.0; opp d_ypc 0.90; inside-10 car 5,1.0,
Tre Harris,LAC,SEA,WR,LAC@SEA,anytime_td,0.2343,327,0.0,0.2639,B,-,tgt_sh 12.3%; team att 31.6; opp DvP 1.01; RZ tgt 3,1.0,
Tre Harris,LAC,SEA,WR,LAC@SEA,first_td,0.053327442834942826,1775,0.0,0.2639,B,-,tgt_sh 12.3%; team att 31.6; opp DvP 1.01; RZ tgt 3,1.0,
Tre Harris,LAC,SEA,WR,LAC@SEA,last_td,0.053327442834942826,1775,0.0,0.2639,B,-,tgt_sh 12.3%; team att 31.6; opp DvP 1.01; RZ tgt 3,1.0,
Tre Harris,LAC,SEA,WR,LAC@SEA,2plus_td,0.0273,3563,0.0,0.2639,B,-,tgt_sh 12.3%; team att 31.6; opp DvP 1.01; RZ tgt 3,1.0,
Alec Ingold,LAC,SEA,RB,LAC@SEA,anytime_td,0.07,1329,0.00205,0.07015,C,-,tgt_sh 2.8%; team att 31.6; opp DvP 1.01; RZ tgt 1,1.0,
Alec Ingold,LAC,SEA,RB,LAC@SEA,first_td,0.014552647907647907,6772,0.00205,0.07015,C,-,tgt_sh 2.8%; team att 31.6; opp DvP 1.01; RZ tgt 1,1.0,
Alec Ingold,LAC,SEA,RB,LAC@SEA,last_td,0.014552647907647907,6772,0.00205,0.07015,C,-,tgt_sh 2.8%; team att 31.6; opp DvP 1.01; RZ tgt 1,1.0,
Alec Ingold,LAC,SEA,RB,LAC@SEA,2plus_td,0.00205,48680,0.00205,0.07015,C,-,tgt_sh 2.8%; team att 31.6; opp DvP 1.01; RZ tgt 1,1.0,
Quentin Johnston,LAC,SEA,WR,LAC@SEA,anytime_td,0.1995,401,0.0032,0.2178,B,-,tgt_sh 17.9%; team att 31.6; opp DvP 1.01; RZ tgt 0,1.0,
Quentin Johnston,LAC,SEA,WR,LAC@SEA,first_td,0.04439064685314685,2153,0.0032,0.2178,B,-,tgt_sh 17.9%; team att 31.6; opp DvP 1.01; RZ tgt 0,1.0,
Quentin Johnston,LAC,SEA,WR,LAC@SEA,last_td,0.04439064685314685,2153,0.0032,0.2178,B,-,tgt_sh 17.9%; team att 31.6; opp DvP 1.01; RZ tgt 0,1.0,
Quentin Johnston,LAC,SEA,WR,LAC@SEA,2plus_td,0.02035,4814,0.0032,0.2178,B,-,tgt_sh 17.9%; team att 31.6; opp DvP 1.01; RZ tgt 0,1.0,
Ladd McConkey,LAC,SEA,WR,LAC@SEA,anytime_td,0.22427381220445847,346,0.0,0.25264580049538393,C,Questionable (Limited),tgt_sh 16.9%; team att 31.6; opp DvP 1.01; RZ tgt 2,0.6667342299285288,
Ladd McConkey,LAC,SEA,WR,LAC@SEA,first_td,0.05151001766628878,1841,0.0,0.25264580049538393,C,Questionable (Limited),tgt_sh 16.9%; team att 31.6; opp DvP 1.01; RZ tgt 2,0.6667342299285288,
Ladd McConkey,LAC,SEA,WR,LAC@SEA,last_td,0.05151001766628878,1841,0.0,0.25264580049538393,C,Questionable (Limited),tgt_sh 16.9%; team att 31.6; opp DvP 1.01; RZ tgt 2,0.6667342299285288,
Ladd McConkey,LAC,SEA,WR,LAC@SEA,2plus_td,0.026945883059371012,3611,0.0,0.25264580049538393,C,Questionable (Limited),tgt_sh 16.9%; team att 31.6; opp DvP 1.01; RZ tgt 2,0.6667342299285288,
Keaton Mitchell,LAC,SEA,RB,LAC@SEA,anytime_td,0.15737860494543154,535,0.09469077872093637,0.07713396952601888,B,no game designation yet (Full),tgt_sh 3.4%; team att 31.6; opp DvP 1.01; RZ tgt 1; car_sh 19.3%; team rush 26.0; opp d_ypc 0.90; inside-10 car 1,0.9508674235277402,
Keaton Mitchell,LAC,SEA,RB,LAC@SEA,first_td,0.03494051319880392,2762,0.09469077872093637,0.07713396952601888,B,no game designation yet (Full),tgt_sh 3.4%; team att 31.6; opp DvP 1.01; RZ tgt 1; car_sh 19.3%; team rush 26.0; opp d_ypc 0.90; inside-10 car 1,0.9508674235277402,
Keaton Mitchell,LAC,SEA,RB,LAC@SEA,last_td,0.03494051319880392,2762,0.09469077872093637,0.07713396952601888,B,no game designation yet (Full),tgt_sh 3.4%; team att 31.6; opp DvP 1.01; RZ tgt 1; car_sh 19.3%; team rush 26.0; opp d_ypc 0.90; inside-10 car 1,0.9508674235277402,
Keaton Mitchell,LAC,SEA,RB,LAC@SEA,2plus_td,0.013180787683871988,7487,0.09469077872093637,0.07713396952601888,B,no game designation yet (Full),tgt_sh 3.4%; team att 31.6; opp DvP 1.01; RZ tgt 1; car_sh 19.3%; team rush 26.0; opp d_ypc 0.90; inside-10 car 1,0.9508674235277402,
Marquez Valdes-Scantling,LAC,SEA,WR,LAC@SEA,anytime_td,0.04385,2181,0.0,0.0447,C,-,tgt_sh 3.8%; team att 31.6; opp DvP 1.01; RZ tgt 0,1.0,
Marquez Valdes-Scantling,LAC,SEA,WR,LAC@SEA,first_td,0.008952314213564213,11070,0.0,0.0447,C,-,tgt_sh 3.8%; team att 31.6; opp DvP 1.01; RZ tgt 0,1.0,
Marquez Valdes-Scantling,LAC,SEA,WR,LAC@SEA,last_td,0.008952314213564213,11070,0.0,0.0447,C,-,tgt_sh 3.8%; team att 31.6; opp DvP 1.01; RZ tgt 0,1.0,
Marquez Valdes-Scantling,LAC,SEA,WR,LAC@SEA,2plus_td,0.00085,117547,0.0,0.0447,C,-,tgt_sh 3.8%; team att 31.6; opp DvP 1.01; RZ tgt 0,1.0,
Kimani Vidal,LAC,SEA,RB,LAC@SEA,anytime_td,0.0773,1194,0.03715,0.0429,C,-,tgt_sh 3.3%; team att 31.6; opp DvP 1.01; RZ tgt 0,1.0,
Kimani Vidal,LAC,SEA,RB,LAC@SEA,first_td,0.01636275974025974,6011,0.03715,0.0429,C,-,tgt_sh 3.3%; team att 31.6; opp DvP 1.01; RZ tgt 0,1.0,
Kimani Vidal,LAC,SEA,RB,LAC@SEA,last_td,0.01636275974025974,6011,0.03715,0.0429,C,-,tgt_sh 3.3%; team att 31.6; opp DvP 1.01; RZ tgt 0,1.0,
Kimani Vidal,LAC,SEA,RB,LAC@SEA,2plus_td,0.00275,36264,0.03715,0.0429,C,-,tgt_sh 3.3%; team att 31.6; opp DvP 1.01; RZ tgt 0,1.0,
Sam Darnold,SEA,LAC,QB,LAC@SEA,anytime_td,0.0415,2310,0.04205,0.0,C,-,team att 31.7; ypa 8.36; opp d_ypa 1.05; pass rate 53.8%,1.0,
Sam Darnold,SEA,LAC,QB,LAC@SEA,first_td,0.008683183621933621,11417,0.04205,0.0,C,-,team att 31.7; ypa 8.36; opp d_ypa 1.05; pass rate 53.8%,1.0,
Sam Darnold,SEA,LAC,QB,LAC@SEA,last_td,0.008683183621933621,11417,0.04205,0.0,C,-,team att 31.7; ypa 8.36; opp d_ypa 1.05; pass rate 53.8%,1.0,
Sam Darnold,SEA,LAC,QB,LAC@SEA,2plus_td,0.00055,181718,0.04205,0.0,C,-,team att 31.7; ypa 8.36; opp d_ypa 1.05; pass rate 53.8%,1.0,
Elijah Arroyo,SEA,LAC,TE,LAC@SEA,anytime_td,0.05365,1764,0.0,0.05485,C,-,w_td 0.03; team TD 2.89,1.0,
Elijah Arroyo,SEA,LAC,TE,LAC@SEA,first_td,0.011530162892662892,8573,0.0,0.05485,C,-,w_td 0.03; team TD 2.89,1.0,
Elijah Arroyo,SEA,LAC,TE,LAC@SEA,last_td,0.011530162892662892,8573,0.0,0.05485,C,-,w_td 0.03; team TD 2.89,1.0,
Elijah Arroyo,SEA,LAC,TE,LAC@SEA,2plus_td,0.0012,83233,0.0,0.05485,C,-,w_td 0.03; team TD 2.89,1.0,
AJ Barner,SEA,LAC,TE,LAC@SEA,anytime_td,0.3179,215,0.029,0.34915,B,-,tgt_sh 13.2%; team att 31.7; opp DvP 0.93; RZ tgt 4,1.0,
AJ Barner,SEA,LAC,TE,LAC@SEA,first_td,0.07881036602286602,1169,0.029,0.34915,B,-,tgt_sh 13.2%; team att 31.7; opp DvP 0.93; RZ tgt 4,1.0,
AJ Barner,SEA,LAC,TE,LAC@SEA,last_td,0.07881036602286602,1169,0.029,0.34915,B,-,tgt_sh 13.2%; team att 31.7; opp DvP 0.93; RZ tgt 4,1.0,
AJ Barner,SEA,LAC,TE,LAC@SEA,2plus_td,0.0549,1721,0.029,0.34915,B,-,tgt_sh 13.2%; team att 31.7; opp DvP 0.93; RZ tgt 4,1.0,
George Holani,SEA,LAC,RB,LAC@SEA,anytime_td,0.29567488823027077,238,0.2343899130958959,0.11292510172301201,B,no game designation yet (Limited),tgt_sh 4.8%; team att 31.7; opp DvP 0.91; RZ tgt 1; car_sh 18.1%; team rush 28.6; opp d_ypc 0.93; inside-10 car 3,0.9951309141019752,
George Holani,SEA,LAC,RB,LAC@SEA,first_td,0.07255887771912287,1278,0.2343899130958959,0.11292510172301201,B,no game designation yet (Limited),tgt_sh 4.8%; team att 31.7; opp DvP 0.91; RZ tgt 1; car_sh 18.1%; team rush 28.6; opp d_ypc 0.93; inside-10 car 3,0.9951309141019752,
George Holani,SEA,LAC,RB,LAC@SEA,last_td,0.07255887771912287,1278,0.2343899130958959,0.11292510172301201,B,no game designation yet (Limited),tgt_sh 4.8%; team att 31.7; opp DvP 0.91; RZ tgt 1; car_sh 18.1%; team rush 28.6; opp d_ypc 0.93; inside-10 car 3,0.9951309141019752,
George Holani,SEA,LAC,RB,LAC@SEA,2plus_td,0.04621489928165972,2064,0.2343899130958959,0.11292510172301201,B,no game designation yet (Limited),tgt_sh 4.8%; team att 31.7; opp DvP 0.91; RZ tgt 1; car_sh 18.1%; team rush 28.6; opp d_ypc 0.93; inside-10 car 3,0.9951309141019752,
Tory Horton,SEA,LAC,WR,LAC@SEA,anytime_td,0.0946,957,0.0,0.09835,C,-,tgt_sh 6.4%; team att 31.7; opp DvP 0.90; RZ tgt 0,1.0,
Tory Horton,SEA,LAC,WR,LAC@SEA,first_td,0.020520723304473302,4773,0.0,0.09835,C,-,tgt_sh 6.4%; team att 31.7; opp DvP 0.90; RZ tgt 0,1.0,
Tory Horton,SEA,LAC,WR,LAC@SEA,last_td,0.020520723304473302,4773,0.0,0.09835,C,-,tgt_sh 6.4%; team att 31.7; opp DvP 0.90; RZ tgt 0,1.0,
Tory Horton,SEA,LAC,WR,LAC@SEA,2plus_td,0.0037,26927,0.0,0.09835,C,-,tgt_sh 6.4%; team att 31.7; opp DvP 0.90; RZ tgt 0,1.0,
Cooper Kupp,SEA,LAC,WR,LAC@SEA,anytime_td,0.1982,405,0.0,0.21825,C,-,tgt_sh 11.9%; team att 31.7; opp DvP 0.90; RZ tgt 1,1.0,
Cooper Kupp,SEA,LAC,WR,LAC@SEA,first_td,0.045725465367965366,2087,0.0,0.21825,C,-,tgt_sh 11.9%; team att 31.7; opp DvP 0.90; RZ tgt 1,1.0,
Cooper Kupp,SEA,LAC,WR,LAC@SEA,last_td,0.045725465367965366,2087,0.0,0.21825,C,-,tgt_sh 11.9%; team att 31.7; opp DvP 0.90; RZ tgt 1,1.0,
Cooper Kupp,SEA,LAC,WR,LAC@SEA,2plus_td,0.0192,5108,0.0,0.21825,C,-,tgt_sh 11.9%; team att 31.7; opp DvP 0.90; RZ tgt 1,1.0,
Brady Russell,SEA,LAC,RB,LAC@SEA,anytime_td,0.032,3025,0.0,0.03225,C,-,w_td 0.02; team TD 2.89,1.0,
Brady Russell,SEA,LAC,RB,LAC@SEA,first_td,0.0065708585858585845,15119,0.0,0.03225,C,-,w_td 0.02; team TD 2.89,1.0,
Brady Russell,SEA,LAC,RB,LAC@SEA,last_td,0.0065708585858585845,15119,0.0,0.03225,C,-,w_td 0.02; team TD 2.89,1.0,
Brady Russell,SEA,LAC,RB,LAC@SEA,2plus_td,0.00025,399900,0.0,0.03225,C,-,w_td 0.02; team TD 2.89,1.0,
Eric Saubert,SEA,LAC,TE,LAC@SEA,anytime_td,0.10105,890,0.0,0.1059,C,-,w_td 0.05; team TD 2.89,1.0,
Eric Saubert,SEA,LAC,TE,LAC@SEA,first_td,0.02235731782106782,4373,0.0,0.1059,C,-,w_td 0.05; team TD 2.89,1.0,
Eric Saubert,SEA,LAC,TE,LAC@SEA,last_td,0.02235731782106782,4373,0.0,0.1059,C,-,w_td 0.05; team TD 2.89,1.0,
Eric Saubert,SEA,LAC,TE,LAC@SEA,2plus_td,0.0048,20733,0.0,0.1059,C,-,w_td 0.05; team TD 2.89,1.0,
Rashid Shaheed,SEA,LAC,WR,LAC@SEA,anytime_td,0.19760320979833174,406,0.006282335550628234,0.21037905184246647,C,no game designation yet (Full),tgt_sh 14.0%; team att 31.7; opp DvP 0.90; RZ tgt 0,0.9479829842591244,
Rashid Shaheed,SEA,LAC,WR,LAC@SEA,first_td,0.04529708331181248,2108,0.006282335550628234,0.21037905184246647,C,no game designation yet (Full),tgt_sh 14.0%; team att 31.7; opp DvP 0.90; RZ tgt 0,0.9479829842591244,
Rashid Shaheed,SEA,LAC,WR,LAC@SEA,last_td,0.04529708331181248,2108,0.006282335550628234,0.21037905184246647,C,no game designation yet (Full),tgt_sh 14.0%; team att 31.7; opp DvP 0.90; RZ tgt 0,0.9479829842591244,
Rashid Shaheed,SEA,LAC,WR,LAC@SEA,2plus_td,0.01810790835181079,5422,0.006282335550628234,0.21037905184246647,C,no game designation yet (Full),tgt_sh 14.0%; team att 31.7; opp DvP 0.90; RZ tgt 0,0.9479829842591244,
Jaxon Smith-Njigba,SEA,LAC,WR,LAC@SEA,anytime_td,0.5641,-129,0.0,0.79565,B,-,tgt_sh 31.8%; team att 31.7; opp DvP 0.90; RZ tgt 9,1.0,
Jaxon Smith-Njigba,SEA,LAC,WR,LAC@SEA,first_td,0.16522714993339993,505,0.0,0.79565,B,-,tgt_sh 31.8%; team att 31.7; opp DvP 0.90; RZ tgt 9,1.0,
Jaxon Smith-Njigba,SEA,LAC,WR,LAC@SEA,last_td,0.16522714993339993,505,0.0,0.79565,B,-,tgt_sh 31.8%; team att 31.7; opp DvP 0.90; RZ tgt 9,1.0,
Jaxon Smith-Njigba,SEA,LAC,WR,LAC@SEA,2plus_td,0.18725,434,0.0,0.79565,B,-,tgt_sh 31.8%; team att 31.7; opp DvP 0.90; RZ tgt 9,1.0,
Emanuel Wilson,SEA,LAC,RB,LAC@SEA,anytime_td,0.42055,138,0.477,0.0596,B,-,car_sh 36.3%; team rush 28.6; opp d_ypc 0.93; inside-10 car 7,1.0,
Emanuel Wilson,SEA,LAC,RB,LAC@SEA,first_td,0.11221511405261406,791,0.477,0.0596,B,-,car_sh 36.3%; team rush 28.6; opp d_ypc 0.93; inside-10 car 7,1.0,
Emanuel Wilson,SEA,LAC,RB,LAC@SEA,last_td,0.11221511405261406,791,0.477,0.0596,B,-,car_sh 36.3%; team rush 28.6; opp d_ypc 0.93; inside-10 car 7,1.0,
Emanuel Wilson,SEA,LAC,RB,LAC@SEA,2plus_td,0.09975,903,0.477,0.0596,B,-,car_sh 36.3%; team rush 28.6; opp d_ypc 0.93; inside-10 car 7,1.0,
Bo Nix,DEN,SF,QB,DEN@SF,anytime_td,0.1412,608,0.1527,0.0,B,-,team att 34.4; ypa 6.63; opp d_ypa 0.94; pass rate 59.4%,1.0,
Bo Nix,DEN,SF,QB,DEN@SF,first_td,0.02774648199023199,3504,0.1527,0.0,B,-,team att 34.4; ypa 6.63; opp d_ypa 0.94; pass rate 59.4%,1.0,
Bo Nix,DEN,SF,QB,DEN@SF,last_td,0.02774648199023199,3504,0.1527,0.0,B,-,team att 34.4; ypa 6.63; opp d_ypa 0.94; pass rate 59.4%,1.0,
Bo Nix,DEN,SF,QB,DEN@SF,2plus_td,0.01065,9290,0.1527,0.0,B,-,team att 34.4; ypa 6.63; opp d_ypa 0.94; pass rate 59.4%,1.0,
Nate Adkins,DEN,SF,TE,DEN@SF,anytime_td,0.1163,760,0.006,0.1168,C,-,tgt_sh 3.6%; team att 34.4; opp DvP 1.02; RZ tgt 3,1.0,
Nate Adkins,DEN,SF,TE,DEN@SF,first_td,0.02199269771894772,4447,0.006,0.1168,C,-,tgt_sh 3.6%; team att 34.4; opp DvP 1.02; RZ tgt 3,1.0,
Nate Adkins,DEN,SF,TE,DEN@SF,last_td,0.02199269771894772,4447,0.006,0.1168,C,-,tgt_sh 3.6%; team att 34.4; opp DvP 1.02; RZ tgt 3,1.0,
Nate Adkins,DEN,SF,TE,DEN@SF,2plus_td,0.0063,15773,0.006,0.1168,C,-,tgt_sh 3.6%; team att 34.4; opp DvP 1.02; RZ tgt 3,1.0,
Tyler Badie,DEN,SF,RB,DEN@SF,anytime_td,0.1272,686,0.0245,0.11035,C,-,tgt_sh 4.6%; team att 34.4; opp DvP 1.13; RZ tgt 2,1.0,
Tyler Badie,DEN,SF,RB,DEN@SF,first_td,0.02467419067044067,3953,0.0245,0.11035,C,-,tgt_sh 4.6%; team att 34.4; opp DvP 1.13; RZ tgt 2,1.0,
Tyler Badie,DEN,SF,RB,DEN@SF,last_td,0.02467419067044067,3953,0.0245,0.11035,C,-,tgt_sh 4.6%; team att 34.4; opp DvP 1.13; RZ tgt 2,1.0,
Tyler Badie,DEN,SF,RB,DEN@SF,2plus_td,0.0073,13599,0.0245,0.11035,C,-,tgt_sh 4.6%; team att 34.4; opp DvP 1.13; RZ tgt 2,1.0,
Pat Bryant,DEN,SF,WR,DEN@SF,anytime_td,0.11525,768,0.00635,0.11535,C,-,tgt_sh 8.5%; team att 34.4; opp DvP 0.95; RZ tgt 1,1.0,
Pat Bryant,DEN,SF,WR,DEN@SF,first_td,0.021542415084915088,4542,0.00635,0.11535,C,-,tgt_sh 8.5%; team att 34.4; opp DvP 0.95; RZ tgt 1,1.0,
Pat Bryant,DEN,SF,WR,DEN@SF,last_td,0.021542415084915088,4542,0.00635,0.11535,C,-,tgt_sh 8.5%; team att 34.4; opp DvP 0.95; RZ tgt 1,1.0,
Pat Bryant,DEN,SF,WR,DEN@SF,2plus_td,0.00605,16429,0.00635,0.11535,C,-,tgt_sh 8.5%; team att 34.4; opp DvP 0.95; RZ tgt 1,1.0,
J.K. Dobbins,DEN,SF,RB,DEN@SF,anytime_td,0.3941762854144806,154,0.4631689401888772,0.027124868835257082,B,no game designation yet (Full),car_sh 47.6%; team rush 24.7; opp d_ypc 0.95; inside-10 car 5,0.9508674235277402,
J.K. Dobbins,DEN,SF,RB,DEN@SF,first_td,0.08941410169636822,1018,0.4631689401888772,0.027124868835257082,B,no game designation yet (Full),car_sh 47.6%; team rush 24.7; opp d_ypc 0.95; inside-10 car 5,0.9508674235277402,
J.K. Dobbins,DEN,SF,RB,DEN@SF,last_td,0.08941410169636822,1018,0.4631689401888772,0.027124868835257082,B,no game designation yet (Full),car_sh 47.6%; team rush 24.7; opp d_ypc 0.95; inside-10 car 5,0.9508674235277402,
J.K. Dobbins,DEN,SF,RB,DEN@SF,2plus_td,0.08310598111227702,1103,0.4631689401888772,0.027124868835257082,B,no game designation yet (Full),car_sh 47.6%; team rush 24.7; opp d_ypc 0.95; inside-10 car 5,0.9508674235277402,
Evan Engram,DEN,SF,TE,DEN@SF,anytime_td,0.12215,719,0.0,0.12885,C,-,tgt_sh 9.5%; team att 34.4; opp DvP 1.02; RZ tgt 1,1.0,
Evan Engram,DEN,SF,TE,DEN@SF,first_td,0.023526982184482185,4150,0.0,0.12885,C,-,tgt_sh 9.5%; team att 34.4; opp DvP 1.02; RZ tgt 1,1.0,
Evan Engram,DEN,SF,TE,DEN@SF,last_td,0.023526982184482185,4150,0.0,0.12885,C,-,tgt_sh 9.5%; team att 34.4; opp DvP 1.02; RZ tgt 1,1.0,
Evan Engram,DEN,SF,TE,DEN@SF,2plus_td,0.0066,15052,0.0,0.12885,C,-,tgt_sh 9.5%; team att 34.4; opp DvP 1.02; RZ tgt 1,1.0,
Troy Franklin,DEN,SF,WR,DEN@SF,anytime_td,0.11945,737,0.0097,0.11725,C,-,tgt_sh 8.6%; team att 34.4; opp DvP 0.95; RZ tgt 1,1.0,
Troy Franklin,DEN,SF,WR,DEN@SF,first_td,0.022784529775779775,4289,0.0097,0.11725,C,-,tgt_sh 8.6%; team att 34.4; opp DvP 0.95; RZ tgt 1,1.0,
Troy Franklin,DEN,SF,WR,DEN@SF,last_td,0.022784529775779775,4289,0.0097,0.11725,C,-,tgt_sh 8.6%; team att 34.4; opp DvP 0.95; RZ tgt 1,1.0,
Troy Franklin,DEN,SF,WR,DEN@SF,2plus_td,0.00715,13886,0.0097,0.11725,C,-,tgt_sh 8.6%; team att 34.4; opp DvP 0.95; RZ tgt 1,1.0,
RJ Harvey,DEN,SF,RB,DEN@SF,anytime_td,0.25165,297,0.102,0.1873,C,-,tgt_sh 11.5%; team att 34.4; opp DvP 1.13; RZ tgt 2; car_sh 13.2%; team rush 24.7; opp d_ypc 0.95; inside-10 car 0,1.0,
RJ Harvey,DEN,SF,RB,DEN@SF,first_td,0.051974183871683864,1824,0.102,0.1873,C,-,tgt_sh 11.5%; team att 34.4; opp DvP 1.13; RZ tgt 2; car_sh 13.2%; team rush 24.7; opp d_ypc 0.95; inside-10 car 0,1.0,
RJ Harvey,DEN,SF,RB,DEN@SF,last_td,0.051974183871683864,1824,0.102,0.1873,C,-,tgt_sh 11.5%; team att 34.4; opp DvP 1.13; RZ tgt 2; car_sh 13.2%; team rush 24.7; opp d_ypc 0.95; inside-10 car 0,1.0,
RJ Harvey,DEN,SF,RB,DEN@SF,2plus_td,0.03505,2753,0.102,0.1873,C,-,tgt_sh 11.5%; team att 34.4; opp DvP 1.13; RZ tgt 2; car_sh 13.2%; team rush 24.7; opp d_ypc 0.95; inside-10 car 0,1.0,
Lil'Jordan Humphrey,DEN,SF,WR,DEN@SF,anytime_td,0.05185,1829,0.0,0.0535,C,-,tgt_sh 4.6%; team att 34.4; opp DvP 0.95; RZ tgt 0,1.0,
Lil'Jordan Humphrey,DEN,SF,WR,DEN@SF,first_td,0.00934670634920635,10599,0.0,0.0535,C,-,tgt_sh 4.6%; team att 34.4; opp DvP 0.95; RZ tgt 0,1.0,
Lil'Jordan Humphrey,DEN,SF,WR,DEN@SF,last_td,0.00934670634920635,10599,0.0,0.0535,C,-,tgt_sh 4.6%; team att 34.4; opp DvP 0.95; RZ tgt 0,1.0,
Lil'Jordan Humphrey,DEN,SF,WR,DEN@SF,2plus_td,0.00165,60506,0.0,0.0535,C,-,tgt_sh 4.6%; team att 34.4; opp DvP 0.95; RZ tgt 0,1.0,
Marvin Mims Jr.,DEN,SF,WR,DEN@SF,anytime_td,0.054407822110077275,1738,0.0,0.05582715659990538,C,no game designation yet (Full),tgt_sh 5.1%; team att 34.4; opp DvP 0.95; RZ tgt 0,0.9479829842591244,
Marvin Mims Jr.,DEN,SF,WR,DEN@SF,first_td,0.010132383985088604,9769,0.0,0.05582715659990538,C,no game designation yet (Full),tgt_sh 5.1%; team att 34.4; opp DvP 0.95; RZ tgt 0,0.9479829842591244,
Marvin Mims Jr.,DEN,SF,WR,DEN@SF,last_td,0.010132383985088604,9769,0.0,0.05582715659990538,C,no game designation yet (Full),tgt_sh 5.1%; team att 34.4; opp DvP 0.95; RZ tgt 0,0.9479829842591244,
Marvin Mims Jr.,DEN,SF,WR,DEN@SF,2plus_td,0.0014193344898281027,70356,0.0,0.05582715659990538,C,no game designation yet (Full),tgt_sh 5.1%; team att 34.4; opp DvP 0.95; RZ tgt 0,0.9479829842591244,
Courtland Sutton,DEN,SF,WR,DEN@SF,anytime_td,0.25395,294,0.0,0.28835,B,-,tgt_sh 15.4%; team att 34.4; opp DvP 0.95; RZ tgt 5,1.0,
Courtland Sutton,DEN,SF,WR,DEN@SF,first_td,0.052155246836496826,1817,0.0,0.28835,B,-,tgt_sh 15.4%; team att 34.4; opp DvP 0.95; RZ tgt 5,1.0,
Courtland Sutton,DEN,SF,WR,DEN@SF,last_td,0.052155246836496826,1817,0.0,0.28835,B,-,tgt_sh 15.4%; team att 34.4; opp DvP 0.95; RZ tgt 5,1.0,
Courtland Sutton,DEN,SF,WR,DEN@SF,2plus_td,0.03265,2963,0.0,0.28835,B,-,tgt_sh 15.4%; team att 34.4; opp DvP 0.95; RZ tgt 5,1.0,
Adam Trautman,DEN,SF,TE,DEN@SF,anytime_td,0.03085,3141,0.0,0.03115,C,-,w_td 0.02; team TD 2.22,1.0,
Adam Trautman,DEN,SF,TE,DEN@SF,first_td,0.005487059884559884,18125,0.0,0.03115,C,-,w_td 0.02; team TD 2.22,1.0,
Adam Trautman,DEN,SF,TE,DEN@SF,last_td,0.005487059884559884,18125,0.0,0.03115,C,-,w_td 0.02; team TD 2.22,1.0,
Adam Trautman,DEN,SF,TE,DEN@SF,2plus_td,0.0003,333233,0.0,0.03115,C,-,w_td 0.02; team TD 2.22,1.0,
Jaylen Waddle,DEN,SF,WR,DEN@SF,anytime_td,0.20845650337837837,380,0.00633445945945946,0.22387035472972974,B,no game designation yet (Full),tgt_sh 18.7%; team att 34.4; opp DvP 0.95; RZ tgt 1,0.9479829842591244,
Jaylen Waddle,DEN,SF,WR,DEN@SF,first_td,0.041532288944398324,2308,0.00633445945945946,0.22387035472972974,B,no game designation yet (Full),tgt_sh 18.7%; team att 34.4; opp DvP 0.95; RZ tgt 1,0.9479829842591244,
Jaylen Waddle,DEN,SF,WR,DEN@SF,last_td,0.041532288944398324,2308,0.00633445945945946,0.22387035472972974,B,no game designation yet (Full),tgt_sh 18.7%; team att 34.4; opp DvP 0.95; RZ tgt 1,0.9479829842591244,
Jaylen Waddle,DEN,SF,WR,DEN@SF,2plus_td,0.01979518581081081,4952,0.00633445945945946,0.22387035472972974,B,no game designation yet (Full),tgt_sh 18.7%; team att 34.4; opp DvP 0.95; RZ tgt 1,0.9479829842591244,
Brock Purdy,SF,DEN,QB,DEN@SF,anytime_td,0.0968,933,0.10175,0.0,B,-,team att 30.8; ypa 8.02; opp d_ypa 0.98; pass rate 51.7%,1.0,
Brock Purdy,SF,DEN,QB,DEN@SF,first_td,0.01882566128316128,5212,0.10175,0.0,B,-,team att 30.8; ypa 8.02; opp d_ypa 0.98; pass rate 51.7%,1.0,
Brock Purdy,SF,DEN,QB,DEN@SF,last_td,0.01882566128316128,5212,0.10175,0.0,B,-,team att 30.8; ypa 8.02; opp d_ypa 0.98; pass rate 51.7%,1.0,
Brock Purdy,SF,DEN,QB,DEN@SF,2plus_td,0.0048,20733,0.10175,0.0,B,-,team att 30.8; ypa 8.02; opp d_ypa 0.98; pass rate 51.7%,1.0,
Kaelon Black,SF,DEN,RB,DEN@SF,anytime_td,0.24545,307,0.24715,0.0301,B,-,car_sh 24.9%; team rush 29.6; opp d_ypc 1.10; inside-10 car 1,1.0,
Kaelon Black,SF,DEN,RB,DEN@SF,first_td,0.05123309745809745,1852,0.24715,0.0301,B,-,car_sh 24.9%; team rush 29.6; opp d_ypc 1.10; inside-10 car 1,1.0,
Kaelon Black,SF,DEN,RB,DEN@SF,last_td,0.05123309745809745,1852,0.24715,0.0301,B,-,car_sh 24.9%; team rush 29.6; opp d_ypc 1.10; inside-10 car 1,1.0,
Kaelon Black,SF,DEN,RB,DEN@SF,2plus_td,0.0294,3301,0.24715,0.0301,B,-,car_sh 24.9%; team rush 29.6; opp d_ypc 1.10; inside-10 car 1,1.0,
Jacob Cowing,SF,DEN,WR,DEN@SF,anytime_td,0.03545,2721,0.0,0.0362,C,-,w_td 0.02; team TD 3.02,1.0,
Jacob Cowing,SF,DEN,WR,DEN@SF,first_td,0.006571931818181818,15116,0.0,0.0362,C,-,w_td 0.02; team TD 3.02,1.0,
Jacob Cowing,SF,DEN,WR,DEN@SF,last_td,0.006571931818181818,15116,0.0,0.0362,C,-,w_td 0.02; team TD 3.02,1.0,
Jacob Cowing,SF,DEN,WR,DEN@SF,2plus_td,0.0007,142757,0.0,0.0362,C,-,w_td 0.02; team TD 3.02,1.0,
Mike Evans,SF,DEN,WR,DEN@SF,anytime_td,0.302604010775217,230,0.0,0.3518407662376534,C,Questionable (Limited),tgt_sh 17.4%; team att 30.8; opp DvP 0.95; RZ tgt 2,0.6667342299285288,
Mike Evans,SF,DEN,WR,DEN@SF,first_td,0.06425098231443636,1456,0.0,0.3518407662376534,C,Questionable (Limited),tgt_sh 17.4%; team att 30.8; opp DvP 0.95; RZ tgt 2,0.6667342299285288,
Mike Evans,SF,DEN,WR,DEN@SF,last_td,0.06425098231443636,1456,0.0,0.3518407662376534,C,Questionable (Limited),tgt_sh 17.4%; team att 30.8; opp DvP 0.95; RZ tgt 2,0.6667342299285288,
Mike Evans,SF,DEN,WR,DEN@SF,2plus_td,0.04467225381622269,2139,0.0,0.3518407662376534,C,Questionable (Limited),tgt_sh 17.4%; team att 30.8; opp DvP 0.95; RZ tgt 2,0.6667342299285288,
Luke Farrell,SF,DEN,TE,DEN@SF,anytime_td,0.0446,2142,0.0,0.0453,C,-,w_td 0.02; team TD 3.02,1.0,
Luke Farrell,SF,DEN,TE,DEN@SF,first_td,0.008387509573759572,11822,0.0,0.0453,C,-,w_td 0.02; team TD 3.02,1.0,
Luke Farrell,SF,DEN,TE,DEN@SF,last_td,0.008387509573759572,11822,0.0,0.0453,C,-,w_td 0.02; team TD 3.02,1.0,
Luke Farrell,SF,DEN,TE,DEN@SF,2plus_td,0.0007,142757,0.0,0.0453,C,-,w_td 0.02; team TD 3.02,1.0,
Jordan James,SF,DEN,RB,DEN@SF,anytime_td,0.0797,1155,0.0716,0.0113,C,-,w_td 0.07; team TD 3.02,1.0,
Jordan James,SF,DEN,RB,DEN@SF,first_td,0.015454683649683647,6371,0.0716,0.0113,C,-,w_td 0.07; team TD 3.02,1.0,
Jordan James,SF,DEN,RB,DEN@SF,last_td,0.015454683649683647,6371,0.0716,0.0113,C,-,w_td 0.07; team TD 3.02,1.0,
Jordan James,SF,DEN,RB,DEN@SF,2plus_td,0.0031,32158,0.0716,0.0113,C,-,w_td 0.07; team TD 3.02,1.0,
Kyle Juszczyk,SF,DEN,RB,DEN@SF,anytime_td,0.1564,539,0.0,0.16795,C,-,tgt_sh 4.6%; team att 30.8; opp DvP 1.02; RZ tgt 2,1.0,
Kyle Juszczyk,SF,DEN,RB,DEN@SF,first_td,0.030751358225108227,3152,0.0,0.16795,C,-,tgt_sh 4.6%; team att 30.8; opp DvP 1.02; RZ tgt 2,1.0,
Kyle Juszczyk,SF,DEN,RB,DEN@SF,last_td,0.030751358225108227,3152,0.0,0.16795,C,-,tgt_sh 4.6%; team att 30.8; opp DvP 1.02; RZ tgt 2,1.0,
Kyle Juszczyk,SF,DEN,RB,DEN@SF,2plus_td,0.01115,8869,0.0,0.16795,C,-,tgt_sh 4.6%; team att 30.8; opp DvP 1.02; RZ tgt 2,1.0,
George Kittle,SF,DEN,TE,DEN@SF,anytime_td,0.42075,138,0.0,0.53115,B,-,tgt_sh 19.5%; team att 30.8; opp DvP 0.94; RZ tgt 5,1.0,
George Kittle,SF,DEN,TE,DEN@SF,first_td,0.09733458236208235,927,0.0,0.53115,B,-,tgt_sh 19.5%; team att 30.8; opp DvP 0.94; RZ tgt 5,1.0,
George Kittle,SF,DEN,TE,DEN@SF,last_td,0.09733458236208235,927,0.0,0.53115,B,-,tgt_sh 19.5%; team att 30.8; opp DvP 0.94; RZ tgt 5,1.0,
George Kittle,SF,DEN,TE,DEN@SF,2plus_td,0.0959,943,0.0,0.53115,B,-,tgt_sh 19.5%; team att 30.8; opp DvP 0.94; RZ tgt 5,1.0,
Christian McCaffrey,SF,DEN,RB,DEN@SF,anytime_td,0.6474565527441762,-184,0.5306639902804923,0.4629972003591992,B,no game designation yet (Full),tgt_sh 19.1%; team att 30.8; opp DvP 1.02; RZ tgt 3; car_sh 44.3%; team rush 29.6; opp d_ypc 1.10; inside-10 car 6,0.9508674235277402,
Christian McCaffrey,SF,DEN,RB,DEN@SF,first_td,0.1845978747304615,442,0.5306639902804923,0.4629972003591992,B,no game designation yet (Full),tgt_sh 19.1%; team att 30.8; opp DvP 1.02; RZ tgt 3; car_sh 44.3%; team rush 29.6; opp d_ypc 1.10; inside-10 car 6,0.9508674235277402,
Christian McCaffrey,SF,DEN,RB,DEN@SF,last_td,0.1845978747304615,442,0.5306639902804923,0.4629972003591992,B,no game designation yet (Full),tgt_sh 19.1%; team att 30.8; opp DvP 1.02; RZ tgt 3; car_sh 44.3%; team rush 29.6; opp d_ypc 1.10; inside-10 car 6,0.9508674235277402,
Christian McCaffrey,SF,DEN,RB,DEN@SF,2plus_td,0.2622682372827637,281,0.5306639902804923,0.4629972003591992,B,no game designation yet (Full),tgt_sh 19.1%; team att 30.8; opp DvP 1.02; RZ tgt 3; car_sh 44.3%; team rush 29.6; opp d_ypc 1.10; inside-10 car 6,0.9508674235277402,
Deebo Samuel Sr.,SF,DEN,WR,DEN@SF,anytime_td,0.3291,204,0.0198,0.3778,B,-,tgt_sh 15.1%; team att 30.8; opp DvP 0.95; RZ tgt 3,1.0,
Deebo Samuel Sr.,SF,DEN,WR,DEN@SF,first_td,0.07221606712731712,1285,0.0198,0.3778,B,-,tgt_sh 15.1%; team att 30.8; opp DvP 0.95; RZ tgt 3,1.0,
Deebo Samuel Sr.,SF,DEN,WR,DEN@SF,last_td,0.07221606712731712,1285,0.0198,0.3778,B,-,tgt_sh 15.1%; team att 30.8; opp DvP 0.95; RZ tgt 3,1.0,
Deebo Samuel Sr.,SF,DEN,WR,DEN@SF,2plus_td,0.0607,1547,0.0198,0.3778,B,-,tgt_sh 15.1%; team att 30.8; opp DvP 0.95; RZ tgt 3,1.0,
Jordan Watkins,SF,DEN,WR,DEN@SF,anytime_td,0.0835,1098,0.0,0.08805,C,-,tgt_sh 5.2%; team att 30.8; opp DvP 0.95; RZ tgt 0,1.0,
Jordan Watkins,SF,DEN,WR,DEN@SF,first_td,0.016181766428016428,6080,0.0,0.08805,C,-,tgt_sh 5.2%; team att 30.8; opp DvP 0.95; RZ tgt 0,1.0,
Jordan Watkins,SF,DEN,WR,DEN@SF,last_td,0.016181766428016428,6080,0.0,0.08805,C,-,tgt_sh 5.2%; team att 30.8; opp DvP 0.95; RZ tgt 0,1.0,
Jordan Watkins,SF,DEN,WR,DEN@SF,2plus_td,0.00435,22889,0.0,0.08805,C,-,tgt_sh 5.2%; team att 30.8; opp DvP 0.95; RZ tgt 0,1.0,
Jared Goff,DET,CAR,QB,DET@CAR,anytime_td,0.0566,1667,0.05845,0.0,B,-,team att 34.5; ypa 6.75; opp d_ypa 0.93; pass rate 57.8%,1.0,
Jared Goff,DET,CAR,QB,DET@CAR,first_td,0.009892706043956043,10008,0.05845,0.0,B,-,team att 34.5; ypa 6.75; opp d_ypa 0.93; pass rate 57.8%,1.0,
Jared Goff,DET,CAR,QB,DET@CAR,last_td,0.009892706043956043,10008,0.05845,0.0,B,-,team att 34.5; ypa 6.75; opp d_ypa 0.93; pass rate 57.8%,1.0,
Jared Goff,DET,CAR,QB,DET@CAR,2plus_td,0.0018,55456,0.05845,0.0,B,-,team att 34.5; ypa 6.75; opp d_ypa 0.93; pass rate 57.8%,1.0,
Jahmyr Gibbs,DET,CAR,RB,DET@CAR,anytime_td,0.74565,-293,0.9589,0.3178,B,-,tgt_sh 17.1%; team att 34.5; opp DvP 0.99; RZ tgt 5; car_sh 73.5%; team rush 26.8; opp d_ypc 1.20; inside-10 car 9,1.0,
Jahmyr Gibbs,DET,CAR,RB,DET@CAR,first_td,0.21277831085581084,370,0.9589,0.3178,B,-,tgt_sh 17.1%; team att 34.5; opp DvP 0.99; RZ tgt 5; car_sh 73.5%; team rush 26.8; opp d_ypc 1.20; inside-10 car 9,1.0,
Jahmyr Gibbs,DET,CAR,RB,DET@CAR,last_td,0.21277831085581084,370,0.9589,0.3178,B,-,tgt_sh 17.1%; team att 34.5; opp DvP 0.99; RZ tgt 5; car_sh 73.5%; team rush 26.8; opp d_ypc 1.20; inside-10 car 9,1.0,
Jahmyr Gibbs,DET,CAR,RB,DET@CAR,2plus_td,0.37135,169,0.9589,0.3178,B,-,tgt_sh 17.1%; team att 34.5; opp DvP 0.99; RZ tgt 5; car_sh 73.5%; team rush 26.8; opp d_ypc 1.20; inside-10 car 9,1.0,
Sam LaPorta,DET,CAR,TE,DET@CAR,anytime_td,0.3418,193,0.0,0.4088,B,-,tgt_sh 18.4%; team att 34.5; opp DvP 1.51; RZ tgt 5,1.0,
Sam LaPorta,DET,CAR,TE,DET@CAR,first_td,0.06714703185703186,1389,0.0,0.4088,B,-,tgt_sh 18.4%; team att 34.5; opp DvP 1.51; RZ tgt 5,1.0,
Sam LaPorta,DET,CAR,TE,DET@CAR,last_td,0.06714703185703186,1389,0.0,0.4088,B,-,tgt_sh 18.4%; team att 34.5; opp DvP 1.51; RZ tgt 5,1.0,
Sam LaPorta,DET,CAR,TE,DET@CAR,2plus_td,0.0591,1592,0.0,0.4088,B,-,tgt_sh 18.4%; team att 34.5; opp DvP 1.51; RZ tgt 5,1.0,
Jackson Meeks,DET,CAR,WR,DET@CAR,anytime_td,0.028,3471,0.0,0.0282,C,-,w_td 0.02; team TD 3.00,1.0,
Jackson Meeks,DET,CAR,WR,DET@CAR,first_td,0.004686709817959817,21237,0.0,0.0282,C,-,w_td 0.02; team TD 3.00,1.0,
Jackson Meeks,DET,CAR,WR,DET@CAR,last_td,0.004686709817959817,21237,0.0,0.0282,C,-,w_td 0.02; team TD 3.00,1.0,
Jackson Meeks,DET,CAR,WR,DET@CAR,2plus_td,0.0002,499900,0.0,0.0282,C,-,w_td 0.02; team TD 3.00,1.0,
Jacob Saylors,DET,CAR,RB,DET@CAR,anytime_td,0.018,5456,0.01125,0.0068,C,-,w_td 0.01; team TD 3.00,1.0,
Jacob Saylors,DET,CAR,RB,DET@CAR,first_td,0.003007243173493173,33153,0.01125,0.0068,C,-,w_td 0.01; team TD 3.00,1.0,
Jacob Saylors,DET,CAR,RB,DET@CAR,last_td,0.003007243173493173,33153,0.01125,0.0068,C,-,w_td 0.01; team TD 3.00,1.0,
Jacob Saylors,DET,CAR,RB,DET@CAR,2plus_td,5e-05,999900,0.01125,0.0068,C,-,w_td 0.01; team TD 3.00,1.0,
Amon-Ra St. Brown,DET,CAR,WR,DET@CAR,anytime_td,0.44855,123,0.0,0.58235,B,-,tgt_sh 29.3%; team att 34.5; opp DvP 1.09; RZ tgt 9,1.0,
Amon-Ra St. Brown,DET,CAR,WR,DET@CAR,first_td,0.09550897033522032,947,0.0,0.58235,B,-,tgt_sh 29.3%; team att 34.5; opp DvP 1.09; RZ tgt 9,1.0,
Amon-Ra St. Brown,DET,CAR,WR,DET@CAR,last_td,0.09550897033522032,947,0.0,0.58235,B,-,tgt_sh 29.3%; team att 34.5; opp DvP 1.09; RZ tgt 9,1.0,
Amon-Ra St. Brown,DET,CAR,WR,DET@CAR,2plus_td,0.1137,780,0.0,0.58235,B,-,tgt_sh 29.3%; team att 34.5; opp DvP 1.09; RZ tgt 9,1.0,
Isaac TeSlaa,DET,CAR,WR,DET@CAR,anytime_td,0.11935,738,0.0,0.12655,C,-,tgt_sh 6.6%; team att 34.5; opp DvP 1.09; RZ tgt 2,1.0,
Isaac TeSlaa,DET,CAR,WR,DET@CAR,first_td,0.02088639957264957,4688,0.0,0.12655,C,-,tgt_sh 6.6%; team att 34.5; opp DvP 1.09; RZ tgt 2,1.0,
Isaac TeSlaa,DET,CAR,WR,DET@CAR,last_td,0.02088639957264957,4688,0.0,0.12655,C,-,tgt_sh 6.6%; team att 34.5; opp DvP 1.09; RZ tgt 2,1.0,
Isaac TeSlaa,DET,CAR,WR,DET@CAR,2plus_td,0.00705,14084,0.0,0.12655,C,-,tgt_sh 6.6%; team att 34.5; opp DvP 1.09; RZ tgt 2,1.0,
Sione Vaki,DET,CAR,RB,DET@CAR,anytime_td,0.16035,524,0.1424,0.0323,C,-,car_sh 15.1%; team rush 26.8; opp d_ypc 1.20; inside-10 car 0,1.0,
Sione Vaki,DET,CAR,RB,DET@CAR,first_td,0.02923779512154512,3320,0.1424,0.0323,C,-,car_sh 15.1%; team rush 26.8; opp d_ypc 1.20; inside-10 car 0,1.0,
Sione Vaki,DET,CAR,RB,DET@CAR,last_td,0.02923779512154512,3320,0.1424,0.0323,C,-,car_sh 15.1%; team rush 26.8; opp d_ypc 1.20; inside-10 car 0,1.0,
Sione Vaki,DET,CAR,RB,DET@CAR,2plus_td,0.01355,7280,0.1424,0.0323,C,-,car_sh 15.1%; team rush 26.8; opp d_ypc 1.20; inside-10 car 0,1.0,
Jameson Williams,DET,CAR,WR,DET@CAR,anytime_td,0.20435,389,0.0,0.22585,C,-,tgt_sh 15.9%; team att 34.5; opp DvP 1.09; RZ tgt 1,1.0,
Jameson Williams,DET,CAR,WR,DET@CAR,first_td,0.03741431582306582,2573,0.0,0.22585,C,-,tgt_sh 15.9%; team att 34.5; opp DvP 1.09; RZ tgt 1,1.0,
Jameson Williams,DET,CAR,WR,DET@CAR,last_td,0.03741431582306582,2573,0.0,0.22585,C,-,tgt_sh 15.9%; team att 34.5; opp DvP 1.09; RZ tgt 1,1.0,
Jameson Williams,DET,CAR,WR,DET@CAR,2plus_td,0.0197,4976,0.0,0.22585,C,-,tgt_sh 15.9%; team att 34.5; opp DvP 1.09; RZ tgt 1,1.0,
Brock Wright,DET,CAR,TE,DET@CAR,anytime_td,0.06455,1449,0.0,0.0665,C,-,tgt_sh 4.6%; team att 34.5; opp DvP 1.51; RZ tgt 0,1.0,
Brock Wright,DET,CAR,TE,DET@CAR,first_td,0.010836825813075813,9128,0.0,0.0665,C,-,tgt_sh 4.6%; team att 34.5; opp DvP 1.51; RZ tgt 0,1.0,
Brock Wright,DET,CAR,TE,DET@CAR,last_td,0.010836825813075813,9128,0.0,0.0665,C,-,tgt_sh 4.6%; team att 34.5; opp DvP 1.51; RZ tgt 0,1.0,
Brock Wright,DET,CAR,TE,DET@CAR,2plus_td,0.00195,51182,0.0,0.0665,C,-,tgt_sh 4.6%; team att 34.5; opp DvP 1.51; RZ tgt 0,1.0,
Bryce Young,CAR,DET,QB,DET@CAR,anytime_td,0.09308388284005521,974,0.09799110565864132,0.0,B,no game designation yet (Full),team att 37.6; ypa 7.75; opp d_ypa 1.06; pass rate 62.8%,0.98,
Bryce Young,CAR,DET,QB,DET@CAR,first_td,0.016504641002417417,5959,0.09799110565864132,0.0,B,no game designation yet (Full),team att 37.6; ypa 7.75; opp d_ypa 1.06; pass rate 62.8%,0.98,
Bryce Young,CAR,DET,QB,DET@CAR,last_td,0.016504641002417417,5959,0.09799110565864132,0.0,B,no game designation yet (Full),team att 37.6; ypa 7.75; opp d_ypa 1.06; pass rate 62.8%,0.98,
Bryce Young,CAR,DET,QB,DET@CAR,2plus_td,0.0046516382967847466,21398,0.09799110565864132,0.0,B,no game designation yet (Full),team att 37.6; ypa 7.75; opp d_ypa 1.06; pass rate 62.8%,0.98,
Jalen Coker,CAR,DET,WR,DET@CAR,anytime_td,0.3387810180673214,195,0.0,0.40685208786265836,B,Questionable (Limited),tgt_sh 15.6%; team att 37.6; opp DvP 0.90; RZ tgt 5,0.6667342299285288,
Jalen Coker,CAR,DET,WR,DET@CAR,first_td,0.06733522160840551,1385,0.0,0.40685208786265836,B,Questionable (Limited),tgt_sh 15.6%; team att 37.6; opp DvP 0.90; RZ tgt 5,0.6667342299285288,
Jalen Coker,CAR,DET,WR,DET@CAR,last_td,0.06733522160840551,1385,0.0,0.40685208786265836,B,Questionable (Limited),tgt_sh 15.6%; team att 37.6; opp DvP 0.90; RZ tgt 5,0.6667342299285288,
Jalen Coker,CAR,DET,WR,DET@CAR,2plus_td,0.0613989054651773,1529,0.0,0.40685208786265836,B,Questionable (Limited),tgt_sh 15.6%; team att 37.6; opp DvP 0.90; RZ tgt 5,0.6667342299285288,
AJ Dillon,CAR,DET,RB,DET@CAR,anytime_td,0.1317,659,0.12635,0.016,C,-,car_sh 13.1%; team rush 23.9; opp d_ypc 1.02; inside-10 car 0,1.0,
AJ Dillon,CAR,DET,RB,DET@CAR,first_td,0.023427828005328003,4168,0.12635,0.016,C,-,car_sh 13.1%; team rush 23.9; opp d_ypc 1.02; inside-10 car 0,1.0,
AJ Dillon,CAR,DET,RB,DET@CAR,last_td,0.023427828005328003,4168,0.12635,0.016,C,-,car_sh 13.1%; team rush 23.9; opp d_ypc 1.02; inside-10 car 0,1.0,
AJ Dillon,CAR,DET,RB,DET@CAR,2plus_td,0.01,9900,0.12635,0.016,C,-,car_sh 13.1%; team rush 23.9; opp d_ypc 1.02; inside-10 car 0,1.0,
Mitchell Evans,CAR,DET,TE,DET@CAR,anytime_td,0.13945,617,0.0,0.1501,C,-,tgt_sh 4.1%; team att 37.6; opp DvP 1.00; RZ tgt 2,1.0,
Mitchell Evans,CAR,DET,TE,DET@CAR,first_td,0.024840690281940282,3926,0.0,0.1501,C,-,tgt_sh 4.1%; team att 37.6; opp DvP 1.00; RZ tgt 2,1.0,
Mitchell Evans,CAR,DET,TE,DET@CAR,last_td,0.024840690281940282,3926,0.0,0.1501,C,-,tgt_sh 4.1%; team att 37.6; opp DvP 1.00; RZ tgt 2,1.0,
Mitchell Evans,CAR,DET,TE,DET@CAR,2plus_td,0.01025,9656,0.0,0.1501,C,-,tgt_sh 4.1%; team att 37.6; opp DvP 1.00; RZ tgt 2,1.0,
Jimmy Horn Jr.,CAR,DET,WR,DET@CAR,anytime_td,0.05345,1771,0.0,0.0548,C,-,tgt_sh 3.3%; team att 37.6; opp DvP 0.90; RZ tgt 0,1.0,
Jimmy Horn Jr.,CAR,DET,WR,DET@CAR,first_td,0.009127158813408814,10856,0.0,0.0548,C,-,tgt_sh 3.3%; team att 37.6; opp DvP 0.90; RZ tgt 0,1.0,
Jimmy Horn Jr.,CAR,DET,WR,DET@CAR,last_td,0.009127158813408814,10856,0.0,0.0548,C,-,tgt_sh 3.3%; team att 37.6; opp DvP 0.90; RZ tgt 0,1.0,
Jimmy Horn Jr.,CAR,DET,WR,DET@CAR,2plus_td,0.00135,73974,0.0,0.0548,C,-,tgt_sh 3.3%; team att 37.6; opp DvP 0.90; RZ tgt 0,1.0,
Chuba Hubbard,CAR,DET,RB,DET@CAR,anytime_td,0.5528100520477367,-124,0.5653751117186268,0.20608800799116767,B,no game designation yet (Full),tgt_sh 6.9%; team att 37.6; opp DvP 1.18; RZ tgt 2; car_sh 48.0%; team rush 23.9; opp d_ypc 1.02; inside-10 car 5,0.9508674235277402,
Chuba Hubbard,CAR,DET,RB,DET@CAR,first_td,0.1285814838532887,678,0.5653751117186268,0.20608800799116767,B,no game designation yet (Full),tgt_sh 6.9%; team att 37.6; opp DvP 1.18; RZ tgt 2; car_sh 48.0%; team rush 23.9; opp d_ypc 1.02; inside-10 car 5,0.9508674235277402,
Chuba Hubbard,CAR,DET,RB,DET@CAR,last_td,0.1285814838532887,678,0.5653751117186268,0.20608800799116767,B,no game designation yet (Full),tgt_sh 6.9%; team att 37.6; opp DvP 1.18; RZ tgt 2; car_sh 48.0%; team rush 23.9; opp d_ypc 1.02; inside-10 car 5,0.9508674235277402,
Chuba Hubbard,CAR,DET,RB,DET@CAR,2plus_td,0.17759318647810315,463,0.5653751117186268,0.20608800799116767,B,no game designation yet (Full),tgt_sh 6.9%; team att 37.6; opp DvP 1.18; RZ tgt 2; car_sh 48.0%; team rush 23.9; opp d_ypc 1.02; inside-10 car 5,0.9508674235277402,
Tetairoa McMillan,CAR,DET,WR,DET@CAR,anytime_td,0.42495,135,0.0,0.53515,B,-,tgt_sh 20.8%; team att 37.6; opp DvP 0.90; RZ tgt 5,1.0,
Tetairoa McMillan,CAR,DET,WR,DET@CAR,first_td,0.08820204198579198,1034,0.0,0.53515,B,-,tgt_sh 20.8%; team att 37.6; opp DvP 0.90; RZ tgt 5,1.0,
Tetairoa McMillan,CAR,DET,WR,DET@CAR,last_td,0.08820204198579198,1034,0.0,0.53515,B,-,tgt_sh 20.8%; team att 37.6; opp DvP 0.90; RZ tgt 5,1.0,
Tetairoa McMillan,CAR,DET,WR,DET@CAR,2plus_td,0.09595,942,0.0,0.53515,B,-,tgt_sh 20.8%; team att 37.6; opp DvP 0.90; RZ tgt 5,1.0,
John Metchie III,CAR,DET,WR,DET@CAR,anytime_td,0.12935,673,0.0,0.1381,C,-,tgt_sh 6.0%; team att 37.6; opp DvP 0.90; RZ tgt 1,1.0,
John Metchie III,CAR,DET,WR,DET@CAR,first_td,0.022718293234543233,4302,0.0,0.1381,C,-,tgt_sh 6.0%; team att 37.6; opp DvP 0.90; RZ tgt 1,1.0,
John Metchie III,CAR,DET,WR,DET@CAR,last_td,0.022718293234543233,4302,0.0,0.1381,C,-,tgt_sh 6.0%; team att 37.6; opp DvP 0.90; RZ tgt 1,1.0,
John Metchie III,CAR,DET,WR,DET@CAR,2plus_td,0.0082,12095,0.0,0.1381,C,-,tgt_sh 6.0%; team att 37.6; opp DvP 0.90; RZ tgt 1,1.0,
David Moore,CAR,DET,WR,DET@CAR,anytime_td,0.0409,2345,0.0,0.0415,C,-,w_td 0.02; team TD 2.80,1.0,
David Moore,CAR,DET,WR,DET@CAR,first_td,0.006833875013875013,14533,0.0,0.0415,C,-,w_td 0.02; team TD 2.80,1.0,
David Moore,CAR,DET,WR,DET@CAR,last_td,0.006833875013875013,14533,0.0,0.0415,C,-,w_td 0.02; team TD 2.80,1.0,
David Moore,CAR,DET,WR,DET@CAR,2plus_td,0.0006,166567,0.0,0.0415,C,-,w_td 0.02; team TD 2.80,1.0,
Brycen Tremayne,CAR,DET,WR,DET@CAR,anytime_td,0.0556,1699,0.0,0.057,C,-,tgt_sh 3.2%; team att 37.6; opp DvP 0.90; RZ tgt 0,1.0,
Brycen Tremayne,CAR,DET,WR,DET@CAR,first_td,0.009442169774669775,10491,0.0,0.057,C,-,tgt_sh 3.2%; team att 37.6; opp DvP 0.90; RZ tgt 0,1.0,
Brycen Tremayne,CAR,DET,WR,DET@CAR,last_td,0.009442169774669775,10491,0.0,0.057,C,-,tgt_sh 3.2%; team att 37.6; opp DvP 0.90; RZ tgt 0,1.0,
Brycen Tremayne,CAR,DET,WR,DET@CAR,2plus_td,0.00135,73974,0.0,0.057,C,-,tgt_sh 3.2%; team att 37.6; opp DvP 0.90; RZ tgt 0,1.0,
Tommy Tremble,CAR,DET,TE,DET@CAR,anytime_td,0.1956,411,0.0,0.2153,C,-,tgt_sh 9.8%; team att 37.6; opp DvP 1.00; RZ tgt 1,1.0,
Tommy Tremble,CAR,DET,TE,DET@CAR,first_td,0.03577907883782884,2695,0.0,0.2153,C,-,tgt_sh 9.8%; team att 37.6; opp DvP 1.00; RZ tgt 1,1.0,
Tommy Tremble,CAR,DET,TE,DET@CAR,last_td,0.03577907883782884,2695,0.0,0.2153,C,-,tgt_sh 9.8%; team att 37.6; opp DvP 1.00; RZ tgt 1,1.0,
Tommy Tremble,CAR,DET,TE,DET@CAR,2plus_td,0.01865,5262,0.0,0.2153,C,-,tgt_sh 9.8%; team att 37.6; opp DvP 1.00; RZ tgt 1,1.0,
Darren Waller,CAR,DET,TE,DET@CAR,anytime_td,0.2677198525539758,274,0.0,0.30647709320695105,C,no game designation yet (Full),tgt_sh 13.3%; team att 37.6; opp DvP 1.00; RZ tgt 2,0.9479829842591244,
Darren Waller,CAR,DET,TE,DET@CAR,first_td,0.050681389291183924,1873,0.0,0.30647709320695105,C,no game designation yet (Full),tgt_sh 13.3%; team att 37.6; opp DvP 1.00; RZ tgt 2,0.9479829842591244,
Darren Waller,CAR,DET,TE,DET@CAR,last_td,0.050681389291183924,1873,0.0,0.30647709320695105,C,no game designation yet (Full),tgt_sh 13.3%; team att 37.6; opp DvP 1.00; RZ tgt 2,0.9479829842591244,
Darren Waller,CAR,DET,TE,DET@CAR,2plus_td,0.03501843075302791,2756,0.0,0.30647709320695105,C,no game designation yet (Full),tgt_sh 13.3%; team att 37.6; opp DvP 1.00; RZ tgt 2,0.9479829842591244,
Michael Penix Jr.,ATL,NO,QB,ATL@NO,anytime_td,0.04005,2397,0.04105,0.0,C,-,team att 28.8; ypa 6.85; opp d_ypa 0.97; pass rate 49.7%,1.0,
Michael Penix Jr.,ATL,NO,QB,ATL@NO,first_td,0.008413817293817294,11785,0.04105,0.0,C,-,team att 28.8; ypa 6.85; opp d_ypa 0.97; pass rate 49.7%,1.0,
Michael Penix Jr.,ATL,NO,QB,ATL@NO,last_td,0.008413817293817294,11785,0.04105,0.0,C,-,team att 28.8; ypa 6.85; opp d_ypa 0.97; pass rate 49.7%,1.0,
Michael Penix Jr.,ATL,NO,QB,ATL@NO,2plus_td,0.001,99900,0.04105,0.0,C,-,team att 28.8; ypa 6.85; opp d_ypa 0.97; pass rate 49.7%,1.0,
Chris Blair,ATL,NO,WR,ATL@NO,anytime_td,0.034,2841,0.0,0.03455,C,-,w_td 0.03; team TD 2.01,1.0,
Chris Blair,ATL,NO,WR,ATL@NO,first_td,0.007012043650793651,14161,0.0,0.03455,C,-,w_td 0.03; team TD 2.01,1.0,
Chris Blair,ATL,NO,WR,ATL@NO,last_td,0.007012043650793651,14161,0.0,0.03455,C,-,w_td 0.03; team TD 2.01,1.0,
Chris Blair,ATL,NO,WR,ATL@NO,2plus_td,0.00055,181718,0.0,0.03455,C,-,w_td 0.03; team TD 2.01,1.0,
Zachariah Branch,ATL,NO,WR,ATL@NO,anytime_td,0.0486,1958,0.0,0.0495,C,-,w_td 0.04; team TD 2.01,1.0,
Zachariah Branch,ATL,NO,WR,ATL@NO,first_td,0.010096693722943724,9804,0.0,0.0495,C,-,w_td 0.04; team TD 2.01,1.0,
Zachariah Branch,ATL,NO,WR,ATL@NO,last_td,0.010096693722943724,9804,0.0,0.0495,C,-,w_td 0.04; team TD 2.01,1.0,
Zachariah Branch,ATL,NO,WR,ATL@NO,2plus_td,0.0009,111011,0.0,0.0495,C,-,w_td 0.04; team TD 2.01,1.0,
Jahan Dotson,ATL,NO,WR,ATL@NO,anytime_td,0.12445,704,0.0,0.1313,C,-,tgt_sh 11.5%; team att 28.8; opp DvP 1.08; RZ tgt 0,1.0,
Jahan Dotson,ATL,NO,WR,ATL@NO,first_td,0.026735673354423357,3640,0.0,0.1313,C,-,tgt_sh 11.5%; team att 28.8; opp DvP 1.08; RZ tgt 0,1.0,
Jahan Dotson,ATL,NO,WR,ATL@NO,last_td,0.026735673354423357,3640,0.0,0.1313,C,-,tgt_sh 11.5%; team att 28.8; opp DvP 1.08; RZ tgt 0,1.0,
Jahan Dotson,ATL,NO,WR,ATL@NO,2plus_td,0.0066,15052,0.0,0.1313,C,-,tgt_sh 11.5%; team att 28.8; opp DvP 1.08; RZ tgt 0,1.0,
Austin Hooper,ATL,NO,TE,ATL@NO,anytime_td,0.1161,761,0.0,0.12115,C,-,tgt_sh 5.9%; team att 28.8; opp DvP 1.08; RZ tgt 1,1.0,
Austin Hooper,ATL,NO,TE,ATL@NO,first_td,0.02461714577089577,3962,0.0,0.12115,C,-,tgt_sh 5.9%; team att 28.8; opp DvP 1.08; RZ tgt 1,1.0,
Austin Hooper,ATL,NO,TE,ATL@NO,last_td,0.02461714577089577,3962,0.0,0.12115,C,-,tgt_sh 5.9%; team att 28.8; opp DvP 1.08; RZ tgt 1,1.0,
Austin Hooper,ATL,NO,TE,ATL@NO,2plus_td,0.005,19900,0.0,0.12115,C,-,tgt_sh 5.9%; team att 28.8; opp DvP 1.08; RZ tgt 1,1.0,
Drake London,ATL,NO,WR,ATL@NO,anytime_td,0.2703,270,0.00755,0.3023,B,-,tgt_sh 26.1%; team att 28.8; opp DvP 1.08; RZ tgt 0,1.0,
Drake London,ATL,NO,WR,ATL@NO,first_td,0.06307317668442668,1485,0.00755,0.3023,B,-,tgt_sh 26.1%; team att 28.8; opp DvP 1.08; RZ tgt 0,1.0,
Drake London,ATL,NO,WR,ATL@NO,last_td,0.06307317668442668,1485,0.00755,0.3023,B,-,tgt_sh 26.1%; team att 28.8; opp DvP 1.08; RZ tgt 0,1.0,
Drake London,ATL,NO,WR,ATL@NO,2plus_td,0.0363,2655,0.00755,0.3023,B,-,tgt_sh 26.1%; team att 28.8; opp DvP 1.08; RZ tgt 0,1.0,
Kyle Pitts,ATL,NO,TE,ATL@NO,anytime_td,0.1578,534,0.0,0.1716,C,-,tgt_sh 14.6%; team att 28.8; opp DvP 1.08; RZ tgt 0,1.0,
Kyle Pitts,ATL,NO,TE,ATL@NO,first_td,0.03473940767565768,2779,0.0,0.1716,C,-,tgt_sh 14.6%; team att 28.8; opp DvP 1.08; RZ tgt 0,1.0,
Kyle Pitts,ATL,NO,TE,ATL@NO,last_td,0.03473940767565768,2779,0.0,0.1716,C,-,tgt_sh 14.6%; team att 28.8; opp DvP 1.08; RZ tgt 0,1.0,
Kyle Pitts,ATL,NO,TE,ATL@NO,2plus_td,0.01325,7447,0.0,0.1716,C,-,tgt_sh 14.6%; team att 28.8; opp DvP 1.08; RZ tgt 0,1.0,
Bijan Robinson,ATL,NO,RB,ATL@NO,anytime_td,0.52765,-112,0.50765,0.21465,B,-,tgt_sh 20.3%; team att 28.8; opp DvP 0.86; RZ tgt 0; car_sh 53.1%; team rush 31.3; opp d_ypc 1.06; inside-10 car 7,1.0,
Bijan Robinson,ATL,NO,RB,ATL@NO,first_td,0.14718662656787657,579,0.50765,0.21465,B,-,tgt_sh 20.3%; team att 28.8; opp DvP 0.86; RZ tgt 0; car_sh 53.1%; team rush 31.3; opp d_ypc 1.06; inside-10 car 7,1.0,
Bijan Robinson,ATL,NO,RB,ATL@NO,last_td,0.14718662656787657,579,0.50765,0.21465,B,-,tgt_sh 20.3%; team att 28.8; opp DvP 0.86; RZ tgt 0; car_sh 53.1%; team rush 31.3; opp d_ypc 1.06; inside-10 car 7,1.0,
Bijan Robinson,ATL,NO,RB,ATL@NO,2plus_td,0.1594,527,0.50765,0.21465,B,-,tgt_sh 20.3%; team att 28.8; opp DvP 0.86; RZ tgt 0; car_sh 53.1%; team rush 31.3; opp d_ypc 1.06; inside-10 car 7,1.0,
Brian Robinson,ATL,NO,RB,ATL@NO,anytime_td,0.18735,434,0.18445,0.0212,B,-,car_sh 23.4%; team rush 31.3; opp d_ypc 1.06; inside-10 car 1,1.0,
Brian Robinson,ATL,NO,RB,ATL@NO,first_td,0.04214629329004329,2273,0.18445,0.0212,B,-,car_sh 23.4%; team rush 31.3; opp d_ypc 1.06; inside-10 car 1,1.0,
Brian Robinson,ATL,NO,RB,ATL@NO,last_td,0.04214629329004329,2273,0.18445,0.0212,B,-,car_sh 23.4%; team rush 31.3; opp d_ypc 1.06; inside-10 car 1,1.0,
Brian Robinson,ATL,NO,RB,ATL@NO,2plus_td,0.01755,5598,0.18445,0.0212,B,-,car_sh 23.4%; team rush 31.3; opp d_ypc 1.06; inside-10 car 1,1.0,
Olamide Zaccheaus,ATL,NO,WR,ATL@NO,anytime_td,0.10075,893,0.0,0.10555,C,-,tgt_sh 9.4%; team att 28.8; opp DvP 1.08; RZ tgt 0,1.0,
Olamide Zaccheaus,ATL,NO,WR,ATL@NO,first_td,0.021267003274503277,4602,0.0,0.10555,C,-,tgt_sh 9.4%; team att 28.8; opp DvP 1.08; RZ tgt 0,1.0,
Olamide Zaccheaus,ATL,NO,WR,ATL@NO,last_td,0.021267003274503277,4602,0.0,0.10555,C,-,tgt_sh 9.4%; team att 28.8; opp DvP 1.08; RZ tgt 0,1.0,
Olamide Zaccheaus,ATL,NO,WR,ATL@NO,2plus_td,0.0046,21639,0.0,0.10555,C,-,tgt_sh 9.4%; team att 28.8; opp DvP 1.08; RZ tgt 0,1.0,
Tyler Shough,NO,ATL,QB,ATL@NO,anytime_td,0.13195,658,0.1403,0.0,B,-,team att 37.1; ypa 6.65; opp d_ypa 0.94; pass rate 61.0%,1.0,
Tyler Shough,NO,ATL,QB,ATL@NO,first_td,0.029340015540015536,3308,0.1403,0.0,B,-,team att 37.1; ypa 6.65; opp d_ypa 0.94; pass rate 61.0%,1.0,
Tyler Shough,NO,ATL,QB,ATL@NO,last_td,0.029340015540015536,3308,0.1403,0.0,B,-,team att 37.1; ypa 6.65; opp d_ypa 0.94; pass rate 61.0%,1.0,
Tyler Shough,NO,ATL,QB,ATL@NO,2plus_td,0.00815,12170,0.1403,0.0,B,-,team att 37.1; ypa 6.65; opp d_ypa 0.94; pass rate 61.0%,1.0,
Kevin Austin Jr.,NO,ATL,WR,ATL@NO,anytime_td,0.0681,1368,0.0,0.0699,C,-,tgt_sh 4.4%; team att 37.1; opp DvP 0.96; RZ tgt 0,1.0,
Kevin Austin Jr.,NO,ATL,WR,ATL@NO,first_td,0.013994293484293485,7046,0.0,0.0699,C,-,tgt_sh 4.4%; team att 37.1; opp DvP 0.96; RZ tgt 0,1.0,
Kevin Austin Jr.,NO,ATL,WR,ATL@NO,last_td,0.013994293484293485,7046,0.0,0.0699,C,-,tgt_sh 4.4%; team att 37.1; opp DvP 0.96; RZ tgt 0,1.0,
Kevin Austin Jr.,NO,ATL,WR,ATL@NO,2plus_td,0.0018,55456,0.0,0.0699,C,-,tgt_sh 4.4%; team att 37.1; opp DvP 0.96; RZ tgt 0,1.0,
Barion Brown,NO,ATL,WR,ATL@NO,anytime_td,0.021841202848852544,4479,0.0077024531785808495,0.01440253231337378,C,no game designation yet (Full),w_td 0.01; team TD 2.62,0.9479829842591244,
Barion Brown,NO,ATL,WR,ATL@NO,first_td,0.004560912284468074,21825,0.0077024531785808495,0.01440253231337378,C,no game designation yet (Full),w_td 0.01; team TD 2.62,0.9479829842591244,
Barion Brown,NO,ATL,WR,ATL@NO,last_td,0.004560912284468074,21825,0.0077024531785808495,0.01440253231337378,C,no game designation yet (Full),w_td 0.01; team TD 2.62,0.9479829842591244,
Barion Brown,NO,ATL,WR,ATL@NO,2plus_td,0.0002637826431020839,379000,0.0077024531785808495,0.01440253231337378,C,no game designation yet (Full),w_td 0.01; team TD 2.62,0.9479829842591244,
Oscar Delp,NO,ATL,TE,ATL@NO,anytime_td,0.0263,3702,0.0,0.0267,C,-,w_td 0.02; team TD 2.62,1.0,
Oscar Delp,NO,ATL,TE,ATL@NO,first_td,0.0054168488455988454,18361,0.0,0.0267,C,-,w_td 0.02; team TD 2.62,1.0,
Oscar Delp,NO,ATL,TE,ATL@NO,last_td,0.0054168488455988454,18361,0.0,0.0267,C,-,w_td 0.02; team TD 2.62,1.0,
Oscar Delp,NO,ATL,TE,ATL@NO,2plus_td,0.0004,249900,0.0,0.0267,C,-,w_td 0.02; team TD 2.62,1.0,
CJ Donaldson,NO,ATL,RB,ATL@NO,anytime_td,0.0754,1226,0.0546,0.0236,C,-,w_td 0.07; team TD 2.62,1.0,
CJ Donaldson,NO,ATL,RB,ATL@NO,first_td,0.016263784271284273,6049,0.0546,0.0236,C,-,w_td 0.07; team TD 2.62,1.0,
CJ Donaldson,NO,ATL,RB,ATL@NO,last_td,0.016263784271284273,6049,0.0546,0.0236,C,-,w_td 0.07; team TD 2.62,1.0,
CJ Donaldson,NO,ATL,RB,ATL@NO,2plus_td,0.0028,35614,0.0546,0.0236,C,-,w_td 0.07; team TD 2.62,1.0,
Noah Fant,NO,ATL,TE,ATL@NO,anytime_td,0.20167181263649372,396,0.0,0.2220046690262821,C,Questionable (Limited),tgt_sh 7.1%; team att 37.1; opp DvP 1.19; RZ tgt 3,0.6667342299285288,
Noah Fant,NO,ATL,TE,ATL@NO,first_td,0.04562962119254009,2092,0.0,0.2220046690262821,C,Questionable (Limited),tgt_sh 7.1%; team att 37.1; opp DvP 1.19; RZ tgt 3,0.6667342299285288,
Noah Fant,NO,ATL,TE,ATL@NO,last_td,0.04562962119254009,2092,0.0,0.2220046690262821,C,Questionable (Limited),tgt_sh 7.1%; team att 37.1; opp DvP 1.19; RZ tgt 3,0.6667342299285288,
Noah Fant,NO,ATL,TE,ATL@NO,2plus_td,0.018676105128398224,5254,0.0,0.2220046690262821,C,Questionable (Limited),tgt_sh 7.1%; team att 37.1; opp DvP 1.19; RZ tgt 3,0.6667342299285288,
Juwan Johnson,NO,ATL,TE,ATL@NO,anytime_td,0.4128,142,0.0,0.5164,B,-,tgt_sh 17.0%; team att 37.1; opp DvP 1.19; RZ tgt 6,1.0,
Juwan Johnson,NO,ATL,TE,ATL@NO,first_td,0.1056507158119658,847,0.0,0.5164,B,-,tgt_sh 17.0%; team att 37.1; opp DvP 1.19; RZ tgt 6,1.0,
Juwan Johnson,NO,ATL,TE,ATL@NO,last_td,0.1056507158119658,847,0.0,0.5164,B,-,tgt_sh 17.0%; team att 37.1; opp DvP 1.19; RZ tgt 6,1.0,
Juwan Johnson,NO,ATL,TE,ATL@NO,2plus_td,0.08875,1027,0.0,0.5164,B,-,tgt_sh 17.0%; team att 37.1; opp DvP 1.19; RZ tgt 6,1.0,
Alvin Kamara,NO,ATL,RB,ATL@NO,anytime_td,0.3553,181,0.21165,0.21475,B,-,tgt_sh 10.3%; team att 37.1; opp DvP 1.11; RZ tgt 1; car_sh 26.3%; team rush 25.1; opp d_ypc 0.87; inside-10 car 0,1.0,
Alvin Kamara,NO,ATL,RB,ATL@NO,first_td,0.08846577547452547,1030,0.21165,0.21475,B,-,tgt_sh 10.3%; team att 37.1; opp DvP 1.11; RZ tgt 1; car_sh 26.3%; team rush 25.1; opp d_ypc 0.87; inside-10 car 0,1.0,
Alvin Kamara,NO,ATL,RB,ATL@NO,last_td,0.08846577547452547,1030,0.21165,0.21475,B,-,tgt_sh 10.3%; team att 37.1; opp DvP 1.11; RZ tgt 1; car_sh 26.3%; team rush 25.1; opp d_ypc 0.87; inside-10 car 0,1.0,
Alvin Kamara,NO,ATL,RB,ATL@NO,2plus_td,0.0628,1492,0.21165,0.21475,B,-,tgt_sh 10.3%; team att 37.1; opp DvP 1.11; RZ tgt 1; car_sh 26.3%; team rush 25.1; opp d_ypc 0.87; inside-10 car 0,1.0,
Bryce Lance,NO,ATL,WR,ATL@NO,anytime_td,0.0684,1362,0.0,0.07035,C,-,tgt_sh 4.5%; team att 37.1; opp DvP 0.96; RZ tgt 0,1.0,
Bryce Lance,NO,ATL,WR,ATL@NO,first_td,0.01416700382950383,6959,0.0,0.07035,C,-,tgt_sh 4.5%; team att 37.1; opp DvP 0.96; RZ tgt 0,1.0,
Bryce Lance,NO,ATL,WR,ATL@NO,last_td,0.01416700382950383,6959,0.0,0.07035,C,-,tgt_sh 4.5%; team att 37.1; opp DvP 0.96; RZ tgt 0,1.0,
Bryce Lance,NO,ATL,WR,ATL@NO,2plus_td,0.0019,52532,0.0,0.07035,C,-,tgt_sh 4.5%; team att 37.1; opp DvP 0.96; RZ tgt 0,1.0,
Kendre Miller,NO,ATL,RB,ATL@NO,anytime_td,0.2102,376,0.1877,0.046,C,-,tgt_sh 2.6%; team att 37.1; opp DvP 1.11; RZ tgt 0; car_sh 17.3%; team rush 25.1; opp d_ypc 0.87; inside-10 car 2,1.0,
Kendre Miller,NO,ATL,RB,ATL@NO,first_td,0.04817556915306915,1976,0.1877,0.046,C,-,tgt_sh 2.6%; team att 37.1; opp DvP 1.11; RZ tgt 0; car_sh 17.3%; team rush 25.1; opp d_ypc 0.87; inside-10 car 2,1.0,
Kendre Miller,NO,ATL,RB,ATL@NO,last_td,0.04817556915306915,1976,0.1877,0.046,C,-,tgt_sh 2.6%; team att 37.1; opp DvP 1.11; RZ tgt 0; car_sh 17.3%; team rush 25.1; opp d_ypc 0.87; inside-10 car 2,1.0,
Kendre Miller,NO,ATL,RB,ATL@NO,2plus_td,0.0221,4425,0.1877,0.046,C,-,tgt_sh 2.6%; team att 37.1; opp DvP 1.11; RZ tgt 0; car_sh 17.3%; team rush 25.1; opp d_ypc 0.87; inside-10 car 2,1.0,
Jalen Cropper,NO,ATL,WR,ATL@NO,anytime_td,0.01505,6545,0.0,0.0151,C,-,w_td 0.01; team TD 2.62,1.0,
Jalen Cropper,NO,ATL,WR,ATL@NO,first_td,0.003166987734487734,31476,0.0,0.0151,C,-,w_td 0.01; team TD 2.62,1.0,
Jalen Cropper,NO,ATL,WR,ATL@NO,last_td,0.003166987734487734,31476,0.0,0.0151,C,-,w_td 0.01; team TD 2.62,1.0,
Jalen Cropper,NO,ATL,WR,ATL@NO,2plus_td,5e-05,999900,0.0,0.0151,C,-,w_td 0.01; team TD 2.62,1.0,
Chris Olave,NO,ATL,WR,ATL@NO,anytime_td,0.43485,130,0.0,0.55845,B,-,tgt_sh 26.6%; team att 37.1; opp DvP 0.96; RZ tgt 4,1.0,
Chris Olave,NO,ATL,WR,ATL@NO,first_td,0.11476916278166277,771,0.0,0.55845,B,-,tgt_sh 26.6%; team att 37.1; opp DvP 0.96; RZ tgt 4,1.0,
Chris Olave,NO,ATL,WR,ATL@NO,last_td,0.11476916278166277,771,0.0,0.55845,B,-,tgt_sh 26.6%; team att 37.1; opp DvP 0.96; RZ tgt 4,1.0,
Chris Olave,NO,ATL,WR,ATL@NO,2plus_td,0.10605,843,0.0,0.55845,B,-,tgt_sh 26.6%; team att 37.1; opp DvP 0.96; RZ tgt 4,1.0,
Devaughn Vele,NO,ATL,WR,ATL@NO,anytime_td,0.26405,279,0.0,0.30155,B,-,tgt_sh 13.0%; team att 37.1; opp DvP 0.96; RZ tgt 3,1.0,
Devaughn Vele,NO,ATL,WR,ATL@NO,first_td,0.06123420856920857,1533,0.0,0.30155,B,-,tgt_sh 13.0%; team att 37.1; opp DvP 0.96; RZ tgt 3,1.0,
Devaughn Vele,NO,ATL,WR,ATL@NO,last_td,0.06123420856920857,1533,0.0,0.30155,B,-,tgt_sh 13.0%; team att 37.1; opp DvP 0.96; RZ tgt 3,1.0,
Devaughn Vele,NO,ATL,WR,ATL@NO,2plus_td,0.0344,2807,0.0,0.30155,B,-,tgt_sh 13.0%; team att 37.1; opp DvP 0.96; RZ tgt 3,1.0,
