player,pos,team,opp,game,played,p_active,status,proxy,pass_cmp_mean,pass_cmp_p25,pass_cmp_p75,pass_cmp_conf,pass_yds_mean,pass_yds_p25,pass_yds_p75,pass_yds_conf,pass_td_mean,pass_td_p25,pass_td_p75,pass_td_conf,rush_td_mean,any_td_pct,exp_td,td_conf,rush_yds_mean,rush_yds_p25,rush_yds_p75,rush_yds_conf,rec_yds_mean,rec_yds_p25,rec_yds_p75,rec_yds_conf,rec_mean,rec_p25,rec_p75,rec_conf,rec_td_mean,rush_att_mean,tgt_mean,car_sh,tgt_sh,any_td_pct_wt
Aaron Rodgers,QB,PIT,CLE,PIT@CLE,True,1.0,,False,20.1276,17.0,23.0,91.0,234.6886276850124,178.15869669530798,280.330249807364,87.0,1.644,1.0,2.0,82.0,0.02005,0.01985,0.02005,62,,,,,,,,,,,,,,,,,,0.01985
Germie Bernard,WR,PIT,CLE,PIT@CLE,True,1.0,,False,,,,,,,,,,,,,0.0,0.12035,0.1272,30,0.0,0.0,0.0,78.0,13.771938413844849,0.0,21.21265267640417,31.0,1.11975,0.0,2.0,24.0,0.1272,0.0,1.96025,0.002783512338617426,0.04920819490473396,0.12035
Pat Freiermuth,TE,PIT,CLE,PIT@CLE,True,1.0,,False,,,,,,,,,,,,,0.00445,0.2385,0.2677,50,1.6072651896809123,0.0,0.0,90.0,34.46266319565864,14.57973035651347,48.38815921523076,61.0,3.2148,2.0,4.0,72.0,0.26325,0.3665,5.10045,0.010851664044754891,0.13203059049486404,0.2385
Eli Heidenreich,RB,PIT,CLE,PIT@CLE,True,1.0,,False,,,,,,,,,,,,,0.00415,0.0158,0.0159,1,1.1103165994829196,0.0,0.0,60.0,1.5929586714646333,0.0,0.0,60.0,0.2067,0.0,0.0,60.0,0.01175,0.26905,0.30805,0.008088545411842035,0.007667384255273657,0.0158
Travis Homer,RB,PIT,CLE,PIT@CLE,True,1.0,,False,,,,,,,,,,,,,0.0506,0.05725,0.059,20,10.160383987575184,1.5567166466797444,13.82996072199567,27.0,1.189668079067637,0.0,0.0,63.0,0.15275,0.0,0.0,63.0,0.0084,2.41225,0.22215,0.07057112458935205,0.00536894383615806,0.05725
DK Metcalf,WR,PIT,CLE,PIT@CLE,True,1.0,,False,,,,,,,,,,,,,0.0,0.2851,0.3322,50,0.0,0.0,0.0,97.0,65.81845619352492,34.974422134783126,87.99071109097939,76.0,4.74605,3.0,6.0,81.0,0.3322,0.0,8.84725,0.002783512338617426,0.22236427917111726,0.2851
Lew Nichols III,RB,PIT,CLE,PIT@CLE,True,1.0,,False,,,,,,,,,,,,,0.02795,0.03465,0.03545,6,2.929528087821937,0.0,3.1723859619987818,28.0,1.226396641705868,0.0,0.0,61.0,0.15975,0.0,0.0,61.0,0.0075,0.69295,0.2318,0.02026106233988231,0.005489665650225519,0.03465
Riley Nowakowski,RB,PIT,CLE,PIT@CLE,True,1.0,,False,,,,,,,,,,,,,0.0,0.0054,0.0054,1,0.0,0.0,0.0,60.0,0.7153312228464636,0.0,0.0,60.0,0.09435,0.0,0.0,60.0,0.0054,0.0,0.141,0.003867604358672992,0.003381025856006241,0.0054
Michael Pittman,WR,PIT,CLE,PIT@CLE,True,1.0,,False,,,,,,,,,,,,,0.0,0.1651,0.17955,21,0.0,0.0,0.0,79.0,38.7453154930544,16.14926995872557,54.47222155889276,50.0,3.11085,2.0,4.0,60.0,0.17955,0.0,5.4086,0.00324743106172033,0.1353091789490617,0.1651
Ben Skowronek,WR,PIT,CLE,PIT@CLE,True,1.0,,False,,,,,,,,,,,,,0.0,0.05645,0.0576,13,0.0,0.0,0.0,66.0,6.127538483330986,0.0,7.81707718849159,28.0,0.47355,0.0,1.0,6.0,0.0576,0.0,0.8281,0.002783512338617426,0.020885617313412957,0.05645
Robert Tonyan,TE,PIT,CLE,PIT@CLE,True,1.0,,False,,,,,,,,,,,,,0.0,0.04115,0.042,7,0.0,0.0,0.0,62.0,2.0782649149237615,0.0,0.0,62.0,0.20305,0.0,0.0,62.0,0.042,0.0,0.3262,0.002783512338617426,0.008346914857342862,0.04115
Jaylen Warren,RB,PIT,CLE,PIT@CLE,True,1.0,,False,,,,,,,,,,,,,0.21555,0.4132,0.51505,82,81.68712349209099,56.794478582070425,101.68311832348414,84.0,28.815897339327297,12.82259615700035,40.098338752241,72.0,3.4737,2.0,5.0,74.0,0.2995,16.20695,4.9737,0.47774323509836253,0.11945307577556553,0.4132
Darnell Washington,TE,PIT,CLE,PIT@CLE,True,1.0,,False,,,,,,,,,,,,,0.0,0.1495,0.16135,34,0.0,0.0,0.0,81.0,20.961052557212295,4.920822794185386,31.0343538705489,43.0,1.9079,1.0,3.0,49.0,0.16135,0.0,3.07595,0.002783512338617426,0.07996535359795272,0.1495
Kaden Wetjen,WR,PIT,CLE,PIT@CLE,True,1.0,,False,,,,,,,,,,,,,0.0,0.0052,0.0052,1,0.0,0.0,0.0,60.0,1.0979823616203017,0.0,0.0,60.0,0.0856,0.0,0.0,60.0,0.0052,0.0,0.14805,0.002783512338617426,0.0036825314401287756,0.0052
Roman Wilson,WR,PIT,CLE,PIT@CLE,True,1.0,,False,,,,,,,,,,,,,0.0,0.20285,0.22505,53,0.0,0.0,0.0,97.0,35.02067723893217,12.92565064576582,49.97593186050372,67.0,2.62795,1.0,4.0,64.0,0.22505,0.0,4.76365,0.002783512338617426,0.11961607441485711,0.20285
Deshaun Watson,QB,CLE,PIT,PIT@CLE,True,1.0,,False,19.32225,16.0,22.0,91.0,220.12118628436764,167.08273236639695,263.7225919533982,87.0,1.06345,0.0,2.0,44.0,0.1115,0.10675,0.1115,62,,,,,,,,,,,,,,,,,,0.10675
Isaiah Bond,WR,CLE,PIT,PIT@CLE,True,1.0,,False,,,,,,,,,,,,,0.0,0.0344,0.0349,4,0.0,0.0,0.0,63.0,10.281955798367681,0.0,16.26090024973932,16.0,0.79825,0.0,1.0,26.0,0.0349,0.0,1.32505,0.0031591414519928493,0.04102174167680726,0.0344
Denzel Boston,WR,CLE,PIT,PIT@CLE,True,1.0,,False,,,,,,,,,,,,,0.0,0.18195,0.19545,55,0.0,0.0,0.0,95.0,50.33639010911983,21.32333356467725,70.89051621965737,66.0,3.09805,2.0,4.0,76.0,0.19545,0.0,4.72815,0.0031591414519928493,0.1451872475658341,0.18195
Michael Burton,RB,CLE,PIT,PIT@CLE,True,1.0,,False,,,,,,,,,,,,,0.0044,0.01125,0.01125,1,0.9974830792715514,0.0,0.0,61.0,1.9299608620216175,0.0,0.0,61.0,0.2448,0.0,0.0,61.0,0.00685,0.2293,0.31155,0.008298954024434394,0.009953208567108797,0.01125
KC Concepcion,WR,CLE,PIT,PIT@CLE,True,1.0,,False,,,,,,,,,,,,,0.011,0.23685,0.2659,60,2.699734770378693,0.0,2.7807747090476664,69.0,51.23135437329399,26.46971219916983,69.4338561735547,75.0,4.36735,3.0,6.0,79.0,0.2549,0.61235,6.6984,0.02209734119714102,0.20796591322232244,0.23685
Malachi Corley,WR,CLE,PIT,PIT@CLE,True,1.0,,False,,,,,,,,,,,,,0.0,0.01635,0.01645,1,0.0,0.0,0.0,60.0,5.130690196340896,0.0,5.29113883731021,29.0,0.38885,0.0,1.0,1.0,0.01645,0.0,0.5886,0.0031591414519928493,0.018448907381079037,0.01635
Harold Fannin Jr.,TE,CLE,PIT,PIT@CLE,True,1.0,,False,,,,,,,,,,,,,0.0,0.21205,0.2356,57,0.0,0.0,0.0,97.0,46.37541254308435,23.853210025166533,62.88774247307614,72.0,4.4107,3.0,6.0,76.0,0.2356,0.0,6.197,0.0031591414519928493,0.18909122834304024,0.21205
Jerry Jeudy,WR,CLE,PIT,PIT@CLE,True,1.0,,False,,,,,,,,,,,,,0.0,0.0939,0.0988,14,0.0,0.0,0.0,73.0,28.309093405193604,8.498764679148625,41.41366502121538,38.0,2.1821,1.0,3.0,45.0,0.0988,0.0,3.5506,0.0031591414519928493,0.10966123213441185,0.0939
Quinshon Judkins,RB,CLE,PIT,PIT@CLE,True,1.0,,False,,,,,,,,,,,,,0.30725,0.37375,0.45415,85,51.20596428117972,31.383449086143038,65.82716029250894,80.0,17.4898041028118,5.369374841765435,25.39118905462503,66.0,2.29865,1.0,3.0,74.0,0.1469,14.14545,2.9493,0.5132748925046645,0.09867086556281471,0.37375
Jaleel McLaughlin,RB,CLE,PIT,PIT@CLE,True,1.0,,False,,,,,,,,,,,,,0.03065,0.0431,0.0441,3,8.698572898448097,0.0,12.211135035813355,21.0,2.691371988658342,0.0,1.2522206570889813,49.0,0.33845,0.0,1.0,3.0,0.01345,1.75565,0.4381,0.0639658170434973,0.014508555894653958,0.0431
Carsen Ryan,TE,CLE,PIT,PIT@CLE,True,1.0,,False,,,,,,,,,,,,,0.0,0.0048,0.0048,1,0.0,0.0,0.0,60.0,1.2571970711064395,0.0,0.0,60.0,0.11805,0.0,0.0,60.0,0.0048,0.0,0.1633,0.0031591414519928493,0.004900222034082455,0.0048
Raheim Sanders,RB,CLE,PIT,PIT@CLE,True,1.0,,False,,,,,,,,,,,,,0.0465,0.1056,0.11135,21,11.932672721979264,2.5442855072053083,16.455976950066002,44.0,15.102783169805102,3.420776872083775,22.396694446111354,41.0,1.9185,1.0,3.0,47.0,0.06485,2.64175,2.4387,0.09524747652710921,0.08047370751115547,0.1056
Blake Whiteheart,TE,CLE,PIT,PIT@CLE,True,1.0,,False,,,,,,,,,,,,,0.0,0.04095,0.0416,11,0.0,0.0,0.0,65.0,5.738923753099997,0.0,8.082868609829857,23.0,0.53825,0.0,1.0,9.0,0.0416,0.0,0.752,0.0031591414519928493,0.02288177144498253,0.04095
Daniel Jones,QB,IND,WAS,IND@WAS,True,1.0,,False,19.6356,17.0,22.0,92.0,187.07061102776413,141.01560970605314,224.01294322776207,87.0,1.27345,0.0,2.0,53.0,0.12945,0.11995,0.12945,62,,,,,,,,,,,,,,,,,,0.11995
Mo Alie-Cox,TE,IND,WAS,IND@WAS,True,0.9479829842591244,Full,False,,,,,,,,,,,,,0.0,0.021230639553260985,0.021388684016436624,2,0.0,0.0,0.0,58.0,4.417507910531241,0.0,5.518937049593733,23.0,0.4668633442208408,0.0,1.0,2.0,0.021388684016436624,0.0,0.6992413865767569,0.0034489121802405683,0.016457358566172902,0.02012628504143015
Keenan Allen,WR,IND,WAS,IND@WAS,True,0.4981574884199691,Questionable; DNP,False,,,,,,,,,,,,,0.0,0.25,0.282665857605178,26,0.0,0.0,0.0,46.0,38.56641238649435,18.160228723737912,53.19012187345653,32.0,3.8992718446601944,2.0,5.0,34.0,0.282665857605178,0.0,6.224413430420712,0.0040237308769473295,0.17596018235274297,0.12453937210499227
Deion Burks,WR,IND,WAS,IND@WAS,True,1.0,,False,,,,,,,,,,,,,0.0114,0.0347,0.03575,4,1.477899771971947,0.0,0.0,63.0,5.717556242704209,0.0,7.578751683130119,23.0,0.49965,0.0,1.0,3.0,0.02435,0.34245,0.80945,0.010634145889075085,0.019044891397022243,0.0347
Josh Downs,WR,IND,WAS,IND@WAS,True,1.0,,False,,,,,,,,,,,,,0.0,0.3169,0.37395,66,0.0,0.0,0.0,97.0,52.41973773909572,27.580427749309983,70.94177417371218,75.0,4.91355,3.0,6.0,82.0,0.37395,0.0,7.90235,0.0034489121802405683,0.18505786014031486,0.3169
Ashton Dulin,WR,IND,WAS,IND@WAS,True,0.7549608892548374,Questionable; Full,False,,,,,,,,,,,,,0.0,0.07215541165587419,0.07453416149068323,8,0.0,0.0,0.0,52.0,16.907237428481228,0.0,25.542068897334413,18.0,1.4530196907625215,0.0,2.0,21.0,0.07453416149068323,0.0,2.3502048367913306,0.004828477052336796,0.05990410789329066,0.05447451374826764
Anthony Gould,WR,IND,WAS,IND@WAS,True,1.0,,False,,,,,,,,,,,,,0.0,0.0086,0.00865,1,0.0,0.0,0.0,60.0,2.012471382864503,0.0,0.0,60.0,0.17005,0.0,0.0,60.0,0.00865,0.0,0.2665,0.0040237308769473295,0.00608187588893364,0.0086
Seth McGowan,RB,IND,WAS,IND@WAS,True,1.0,,False,,,,,,,,,,,,,0.24815,0.2393,0.2763,30,23.144815841664933,8.719731943650803,30.676372843983042,44.0,5.18960931248254,0.0,7.819147968362716,27.0,0.74575,0.0,1.0,32.0,0.02815,5.4771,1.0029,0.16897625108702213,0.02289887582914574,0.2393
Andrew Ogletree,TE,IND,WAS,IND@WAS,True,1.0,,False,,,,,,,,,,,,,0.0,0.01895,0.01905,4,0.0,0.0,0.0,63.0,4.043835941129108,0.0,4.608534297195794,29.0,0.4325,0.0,1.0,3.0,0.01905,0.0,0.63505,0.0034489121802405683,0.014919734764024957,0.01895
Jonathan Taylor,RB,IND,WAS,IND@WAS,True,0.9508674235277402,Full,False,,,,,,,,,,,,,0.870200904596613,0.6680866729778058,1.043178710423898,84,84.85666025142321,59.51752949478824,105.26290049535147,80.0,24.365478941290878,10.299079201678197,34.04174949612496,67.0,3.4294730198800885,2.0,5.0,70.0,0.17297780582728517,19.704007573366994,4.548595771536762,0.6822637079269377,0.10574547695583532,0.6352618534276261
Laquon Treadwell,WR,IND,WAS,IND@WAS,True,1.0,,False,,,,,,,,,,,,,0.0,0.11155,0.11835,30,0.0,0.0,0.0,78.0,13.698059060160796,0.0,20.861965990162773,32.0,1.1468,0.0,2.0,25.0,0.11835,0.0,1.81295,0.0034489121802405683,0.042122482355063814,0.11155
Tyler Warren,TE,IND,WAS,IND@WAS,True,1.0,,False,,,,,,,,,,,,,0.0117,0.31295,0.3716,60,1.5363587773650365,0.0,0.0,97.0,52.68532507909129,29.452785994524955,69.5297850332813,77.0,5.9416,4.0,8.0,80.0,0.3599,0.34615,8.70825,0.01075003675534661,0.20536436169452982,0.31295
Nick Westbrook-Ikhine,WR,IND,WAS,IND@WAS,True,1.0,,False,,,,,,,,,,,,,0.0,0.02405,0.02435,1,0.0,0.0,0.0,60.0,5.326530998064162,0.0,6.624892766464693,23.0,0.45635,0.0,1.0,1.0,0.02435,0.0,0.75145,0.004828477052336796,0.017628819326595314,0.02405
Marcus Mariota,QB,WAS,IND,IND@WAS,True,1.0,,False,19.65995,17.0,22.0,75.0,230.13411333055996,172.62424339399337,276.835493962838,69.0,1.53375,1.0,2.0,63.0,0.12065,0.1138,0.12065,43,,,,,,,,,,,,,,,,,,0.1138
Kaytron Allen,RB,WAS,IND,IND@WAS,True,1.0,,False,,,,,,,,,,,,,0.0756,0.07585,0.07895,29,8.333351786065807,0.0,11.636910851679666,25.0,0.5122642533131934,0.0,0.0,67.0,0.0657,0.0,0.0,67.0,0.00335,1.87855,0.09725,0.05360105611292911,0.0027043561471170453,0.07585
John Bates,TE,WAS,IND,IND@WAS,True,1.0,,False,,,,,,,,,,,,,0.0,0.06715,0.0692,11,0.0,0.0,0.0,65.0,6.948654348756755,0.0,10.487044514025756,20.0,0.6801,0.0,1.0,21.0,0.0692,0.0,1.08725,0.0024754432439919424,0.027507412384126222,0.06715
Dyami Brown,WR,WAS,IND,IND@WAS,True,1.0,,False,,,,,,,,,,,,,0.0,0.1244,0.132,25,0.0,0.0,0.0,78.0,20.052534344704334,1.672216895827542,29.965266774997666,35.0,1.59225,1.0,2.0,59.0,0.132,0.0,2.8363,0.0024754432439919424,0.07207841759820452,0.1244
Treylon Burks,WR,WAS,IND,IND@WAS,True,1.0,,False,,,,,,,,,,,,,0.0,0.1177,0.1245,14,0.0,0.0,0.0,68.0,19.62270952287947,0.0,29.49798834716494,23.0,1.4496,0.0,2.0,27.0,0.1245,0.0,2.7257,0.0028880171179905996,0.06844322508467017,0.1177
Jacory Croskey-Merritt,RB,WAS,IND,IND@WAS,True,1.0,,False,,,,,,,,,,,,,0.25805,0.2809,0.3249,76,46.255898526535205,27.457131922340583,59.88282045424119,73.0,6.101439015947327,0.0,9.295519519265639,48.0,0.79685,0.0,1.0,56.0,0.06685,11.8186,1.1619,0.3376168174555437,0.03242184597118344,0.2809
Stefon Diggs,WR,WAS,IND,IND@WAS,True,1.0,,False,,,,,,,,,,,,,0.0,0.32215,0.382,59,0.0,0.0,0.0,94.0,48.74568999729379,24.062416032424295,66.82113456887953,68.0,4.2166,3.0,6.0,73.0,0.382,0.0,7.22585,0.0024754432439919424,0.18400602354900697,0.32215
Austin Ekeler,RB,WAS,IND,IND@WAS,True,1.0,,False,,,,,,,,,,,,,0.05255,0.0791,0.08235,3,14.790676680615434,3.782907647851517,21.01538834403475,28.0,4.802224278916013,0.0,7.154571960982427,18.0,0.6235,0.0,1.0,15.0,0.0298,2.97245,0.91795,0.08464890542951037,0.025360374483649403,0.0791
Jaylin Lane,WR,WAS,IND,IND@WAS,True,1.0,,False,,,,,,,,,,,,,0.0,0.04555,0.04675,3,0.0,0.0,0.0,63.0,9.59933302720048,0.0,14.764034359329425,17.0,0.74415,0.0,1.0,22.0,0.04675,0.0,1.35585,0.0024754432439919424,0.034286676106973876,0.04555
Luke McCaffrey,WR,WAS,IND,IND@WAS,True,1.0,,False,,,,,,,,,,,,,0.0,0.05175,0.05345,1,0.0,0.0,0.0,60.0,11.067581874598002,0.0,17.10772032902826,14.0,0.86655,0.0,1.0,25.0,0.05345,0.0,1.50095,0.004332025676985899,0.03825980806377789,0.05175
Terry McLaurin,WR,WAS,IND,IND@WAS,True,0.6667342299285288,Questionable; Limited,False,,,,,,,,,,,,,0.0,0.24837964687476718,0.2807122103851598,29,0.0,0.0,0.0,60.0,47.758014373389656,20.860970045718553,66.854660900158,41.0,3.3301795425761753,2.0,5.0,42.0,0.2807122103851598,0.0,6.01415480891008,0.0028880171179905996,0.17636925054622415,0.16560321258896782
Chig Okonkwo,TE,WAS,IND,IND@WAS,True,0.9575230478992892,Limited,False,,,,,,,,,,,,,0.0,0.14699900922980655,0.15680241956510402,8,0.0,0.0,0.0,65.0,28.35354873732056,10.632600585208007,40.45326600677215,35.0,2.7977264431350055,1.0,4.0,34.0,0.15680241956510402,0.0,4.4662877405225005,0.0034656205415887196,0.11243476927075288,0.1407549393559001
Craig Reynolds,RB,WAS,IND,IND@WAS,True,1.0,,False,,,,,,,,,,,,,0.0211,0.02455,0.02485,1,4.810079509777945,0.0,6.462409703825981,20.0,0.49702721184724186,0.0,0.0,61.0,0.06565,0.0,0.0,61.0,0.00375,1.0625,0.09505,0.030879145394776174,0.002569512904324506,0.02455
Ben Sinnott,TE,WAS,IND,IND@WAS,True,0.9575230478992892,Limited,False,,,,,,,,,,,,,0.0,0.021780006267627702,0.022302308576203907,3,0.0,0.0,0.0,60.0,4.369001299334284,0.0,4.874236042982428,28.0,0.42400501410216235,0.0,1.0,3.0,0.022302308576203907,0.0,0.6726209129844354,0.0024754432439919424,0.01723481115978686,0.0208548579846445
Antonio Williams,WR,WAS,IND,IND@WAS,True,1.0,,False,,,,,,,,,,,,,0.0,0.2036,0.2249,39,0.0,0.0,0.0,86.0,32.12043977852764,11.271432634720867,46.48086420554724,53.0,2.6095,1.0,4.0,51.0,0.2249,0.0,4.5487,0.0024754432439919424,0.11611493368533124,0.2036
Colson Yankoff,TE,WAS,IND,IND@WAS,True,1.0,,False,,,,,,,,,,,,,0.0,0.02215,0.0223,6,0.0,0.0,0.0,65.0,4.285250872425195,0.0,4.414500103800657,35.0,0.41335,0.0,1.0,5.0,0.0223,0.0,0.6605,0.0024754432439919424,0.016487898761306075,0.02215
Cam Ward,QB,TEN,BAL,TEN@BAL,True,1.0,,False,20.5336,18.0,23.0,93.0,208.85765604692992,160.29765157679805,248.90705170185527,87.0,0.78695,0.0,1.0,62.0,0.10735,0.1018,0.10735,62,,,,,,,,,,,,,,,,,,0.1018
Elic Ayomanor,WR,TEN,BAL,TEN@BAL,True,1.0,,False,,,,,,,,,,,,,0.0,0.1464,0.1565,45,0.0,0.0,0.0,76.0,32.11591378839077,10.997836705029844,46.54228280658135,43.0,2.44685,1.0,3.0,51.0,0.1565,0.0,4.29455,0.0034032966473759173,0.11952025434403818,0.1464
Daniel Bellinger,TE,TEN,BAL,TEN@BAL,True,1.0,,False,,,,,,,,,,,,,0.0,0.0228,0.023,9,0.0,0.0,0.0,68.0,8.259845966676412,0.0,12.803683821384642,21.0,0.8876,0.0,1.0,34.0,0.023,0.0,1.29515,0.0034032966473759173,0.0386962689363568,0.0228
Julius Chestnut,RB,TEN,BAL,TEN@BAL,True,1.0,,False,,,,,,,,,,,,,0.0064,0.0088,0.00885,1,1.450877721672338,0.0,0.0,60.0,0.6597720565488422,0.0,0.0,60.0,0.0909,0.0,0.0,60.0,0.00245,0.33105,0.12205,0.011639165073220558,0.003375947687650576,0.0088
Chimere Dike,WR,TEN,BAL,TEN@BAL,True,1.0,,False,,,,,,,,,,,,,0.0,0.03795,0.03885,5,0.0,0.0,0.0,65.0,13.773490227142736,0.0,21.05826733821791,19.0,1.3947,0.0,2.0,22.0,0.03885,0.0,2.20865,0.0034032966473759173,0.06170382132071537,0.03795
Gunnar Helm,TE,TEN,BAL,TEN@BAL,True,1.0,,False,,,,,,,,,,,,,0.0,0.1154,0.1215,38,0.0,0.0,0.0,79.0,24.555138349255518,9.2943133550545,35.107512279141176,48.0,2.79245,1.0,4.0,47.0,0.1215,0.0,3.9712,0.0034032966473759173,0.11777973363272605,0.1154
Tony Pollard,RB,TEN,BAL,TEN@BAL,True,0.9508674235277402,Full,False,,,,,,,,,,,,,0.4426186338020751,0.39579712434823827,0.4897034813293306,84,62.84683453259436,40.536169214288215,79.90197722102454,77.0,12.746296950536358,3.071334810530257,18.89906545285054,60.0,1.9723495022910413,1.0,3.0,66.0,0.04708484752725549,14.82282614420393,2.6392795070311266,0.5658595986309986,0.07578772794743012,0.37635059186869796
Calvin Ridley,WR,TEN,BAL,TEN@BAL,True,1.0,,False,,,,,,,,,,,,,0.0,0.0519,0.05315,9,0.0,0.0,0.0,68.0,21.271754037349396,3.825724564006379,31.964183409447642,28.0,1.75275,1.0,3.0,34.0,0.05315,0.0,3.04855,0.0034032966473759173,0.08509358606863238,0.0519
Wan'Dale Robinson,WR,TEN,BAL,TEN@BAL,True,1.0,,False,,,,,,,,,,,,,0.00425,0.1761,0.1922,62,0.9517804678848027,0.0,0.0,97.0,42.396868326750464,21.420210902067208,57.75019816260175,71.0,4.2408,3.0,6.0,76.0,0.18795,0.2155,6.71925,0.007766497477345042,0.1876951431409486,0.1761
Nicholas Singleton,RB,TEN,BAL,TEN@BAL,True,1.0,,False,,,,,,,,,,,,,0.04885,0.05065,0.0525,16,10.119771617113223,1.501183152181416,13.287682854130713,30.0,1.0325143246445139,0.0,0.0,65.0,0.1455,0.0,0.0,65.0,0.00365,2.53425,0.19515,0.08912936792522247,0.005568787615294937,0.05065
Tyjae Spears,RB,TEN,BAL,TEN@BAL,True,0.7075836643559986,Questionable; Full,False,,,,,,,,,,,,,0.10902362653003131,0.14382294335325932,0.15528038713350412,23,22.52030793180762,8.750837402178455,30.393465429821667,36.0,12.175604538631958,2.3783995598467924,18.108309477922898,29.0,1.8232280102476517,1.0,3.0,33.0,0.046256760603472814,5.258682038144037,2.360446911471677,0.2037300701717431,0.07375069902724024,0.10176676527636444
Carnell Tate,WR,TEN,BAL,TEN@BAL,True,1.0,,False,,,,,,,,,,,,,0.0,0.15445,0.16525,50,0.0,0.0,0.0,97.0,59.04489390593234,32.5600395617345,78.79845387907903,77.0,5.07685,3.0,7.0,76.0,0.16525,0.0,8.09355,0.0034032966473759173,0.2267606581893331,0.15445
Lamar Jackson,QB,BAL,TEN,TEN@BAL,True,0.98,Full,False,18.188393221723153,15.0,21.0,88.0,211.22885621130686,156.07467425638436,254.81063991143753,84.0,1.4530420579828502,1.0,2.0,78.0,0.19987750102082483,0.1832890975908534,0.19987750102082483,60,,,,,,,,,,,,,,,,,,0.17962331563903633
Rasheen Ali,RB,BAL,TEN,TEN@BAL,True,1.0,,False,,,,,,,,,,,,,0.01705,0.0401,0.0408,1,2.042491355912546,0.0,1.323270649894652,41.0,3.325847538384193,0.0,3.9156532704837494,25.0,0.4487,0.0,1.0,1.0,0.02375,0.49675,0.55005,0.014580223883062873,0.015559063618153094,0.0401
Mark Andrews,TE,BAL,TEN,TEN@BAL,True,0.9479829842591244,Full,False,,,,,,,,,,,,,0.0,0.3177491454115172,0.3815408887720221,56,0.0,0.0,0.0,93.0,46.56037701844925,23.98789537492416,62.682532297332,70.0,4.847699184854062,3.0,6.0,76.0,0.3815408887720221,0.0,6.478201419931633,0.0033505810797807047,0.18896138485415612,0.30122078311299655
Rashod Bateman,WR,BAL,TEN,TEN@BAL,True,1.0,,False,,,,,,,,,,,,,0.0,0.2238,0.2526,37,0.0,0.0,0.0,84.0,37.30052252752528,13.81817967978047,53.34697378207491,52.0,2.8013,1.0,4.0,52.0,0.2526,0.0,4.2267,0.0033505810797807047,0.11304039849100514,0.2238
Josh Cuevas,TE,BAL,TEN,TEN@BAL,True,1.0,,False,,,,,,,,,,,,,0.0,0.0142,0.01435,2,0.0,0.0,0.0,62.0,2.51948987765057,0.0,0.0,62.0,0.24685,0.0,0.0,62.0,0.01435,0.0,0.3282,0.0033505810797807047,0.009294297494993331,0.0142
Zay Flowers,WR,BAL,TEN,TEN@BAL,True,0.6667342299285288,Questionable; Limited,False,,,,,,,,,,,,,0.008743498907062637,0.3875782015527248,0.4823245647094294,40,1.050826997151998,0.0,0.0,63.0,86.5157768751661,48.02471681514615,115.02116435522134,48.0,5.503354187080727,4.0,7.0,52.0,0.47358106580236675,0.26192809225898844,7.514434310695711,0.007337968505133763,0.24387230716373148,0.2584116537493401
Derrick Henry,RB,BAL,TEN,TEN@BAL,True,1.0,,False,,,,,,,,,,,,,1.0997,0.71405,1.17475,85,86.89603498219641,60.78588704267945,107.83049898200255,84.0,10.249037694837709,0.0,15.561869463212503,54.0,1.37425,0.0,2.0,56.0,0.07505,20.8315,1.70285,0.6096151480726455,0.047920297792953204,0.71405
Matthew Hibner,TE,BAL,TEN,TEN@BAL,True,1.0,,False,,,,,,,,,,,,,0.0,0.0789,0.08235,14,0.0,0.0,0.0,68.0,7.7027162658686255,0.0,11.720759009294754,22.0,0.75515,0.0,1.0,28.0,0.08235,0.0,1.0006,0.0033505810797807047,0.028866262668102594,0.0789
Justice Hill,RB,BAL,TEN,TEN@BAL,True,1.0,,False,,,,,,,,,,,,,0.10495,0.17435,0.18905,19,13.489643308192841,3.545173552076812,18.188207639953553,45.0,12.154162113967171,0.0,18.161865385120663,32.0,1.58845,0.0,2.0,40.0,0.0841,3.24355,1.9342,0.09454470175228535,0.05464796245885075,0.17435
Chris Moore,WR,BAL,TEN,TEN@BAL,True,0.6667342299285288,Questionable; Limited,False,,,,,,,,,,,,,0.0,0.12776652412033912,0.13676945007127317,11,0.0,0.0,0.0,46.0,20.382862132675868,0.0,30.74453306163352,16.0,1.533798484507465,0.0,2.0,20.0,0.13676945007127317,0.0,2.2874184109835696,0.0039090112597441554,0.06779387238461833,0.0851863150700191
Elijah Sarratt,WR,BAL,TEN,TEN@BAL,True,1.0,,False,,,,,,,,,,,,,0.0,0.07415,0.0771,2,0.0,0.0,0.0,62.0,15.766929929208592,0.0,24.029979833315306,16.0,1.26065,0.0,2.0,15.0,0.0771,0.0,1.8203,0.005863516889616232,0.04788492639190103,0.07415
Durham Smythe,TE,BAL,TEN,TEN@BAL,True,0.9479829842591244,Full,False,,,,,,,,,,,,,0.0,0.057228598504790985,0.058386859008107826,9,0.0,0.0,0.0,60.0,3.460467793865756,0.0,1.8741974325369004,45.0,0.3452142781931136,0.0,1.0,3.0,0.058386859008107826,0.0,0.46372538696430454,0.0033505810797807047,0.013433887728135368,0.05425173759553902
Devontez Walker,WR,BAL,TEN,TEN@BAL,True,1.0,,False,,,,,,,,,,,,,0.0,0.05845,0.06035,9,0.0,0.0,0.0,68.0,13.275169939998648,0.0,20.369410167972553,22.0,0.9568,0.0,1.0,37.0,0.06035,0.0,1.4023,0.0039090112597441554,0.03731054551729006,0.05845
LaJohntay Wester,WR,BAL,TEN,TEN@BAL,True,1.0,,False,,,,,,,,,,,,,0.0,0.02585,0.02615,7,0.0,0.0,0.0,66.0,5.130888811431794,0.0,5.618628490658806,34.0,0.4213,0.0,1.0,6.0,0.02615,0.0,0.6092,0.0033505810797807047,0.016153341357279926,0.02585
Drake Maye,QB,NE,BUF,NE@BUF,True,0.98,Full,False,19.379171344014697,16.0,22.0,89.0,232.23216344855933,173.86244891323247,279.92390333037713,85.0,1.481120522502296,1.0,2.0,78.0,0.13215634248392694,0.12399224410654149,0.13215634248392694,60,,,,,,,,,,,,,,,,,,0.12151239922441065
Efton Chism III,WR,NE,BUF,NE@BUF,True,1.0,,False,,,,,,,,,,,,,0.0,0.08145,0.08435,18,0.0,0.0,0.0,71.0,11.314396545920264,0.0,17.555893886289823,25.0,0.86535,0.0,1.0,36.0,0.08435,0.0,1.45275,0.003499168491966171,0.03645230699516258,0.08145
Romeo Doubs,WR,NE,BUF,NE@BUF,True,1.0,,False,,,,,,,,,,,,,0.0,0.3118,0.36865,57,0.0,0.0,0.0,92.0,59.05555429002658,28.849985586084763,81.03192872147784,65.0,4.0059,2.0,5.0,69.0,0.36865,0.0,6.7192,0.002999287278828147,0.16788266977106447,0.3118
DeMario Douglas,WR,NE,BUF,NE@BUF,True,1.0,,False,,,,,,,,,,,,,0.0,0.19285,0.21175,41,0.0,0.0,0.0,87.0,33.10449597515842,11.358600566501607,47.39255929961254,54.0,2.51975,1.0,4.0,51.0,0.21175,0.0,4.2278,0.002999287278828147,0.106385942012053,0.19285
Reggie Gilliam,RB,NE,BUF,NE@BUF,True,0.6469461218980005,Questionable; Limited,False,,,,,,,,,,,,,0.0,0.021131666537657714,0.021673504141187398,2,0.0,0.0,0.0,41.0,2.893763303162543,0.0,2.2979797937603488,25.0,0.37100394767396855,0.0,1.0,2.0,0.021673504141187398,0.0,0.5164486415357226,0.0030218523112235116,0.01456980222303602,0.013671049715779406
TreVeyon Henderson,RB,NE,BUF,NE@BUF,True,1.0,,False,,,,,,,,,,,,,0.2726,0.2824,0.3283,43,47.996225785010296,28.656544800323996,61.84435268928503,69.0,8.894262348342833,0.0,13.722571402570129,43.0,1.1733,0.0,2.0,38.0,0.0557,11.53845,1.6282,0.39146713209197664,0.04155424563554903,0.2824
Hunter Henry,TE,NE,BUF,NE@BUF,True,1.0,,False,,,,,,,,,,,,,0.0,0.1805,0.1986,32,0.0,0.0,0.0,84.0,36.14538657403705,15.11695946472199,50.98098152452968,54.0,3.17885,2.0,4.0,65.0,0.1986,0.0,4.86615,0.002999287278828147,0.1384559137814865,0.1805
Mack Hollins,WR,NE,BUF,NE@BUF,True,1.0,,False,,,,,,,,,,,,,0.0,0.27825,0.3191,57,0.0,0.0,0.0,92.0,47.94929995444617,21.55462469765339,66.60004991942195,64.0,3.5439,2.0,5.0,67.0,0.3191,0.0,5.6564,0.002999287278828147,0.1412286434015457,0.27825
Corey Kiner,RB,NE,BUF,NE@BUF,True,1.0,,False,,,,,,,,,,,,,0.05945,0.06825,0.07025,12,10.845804346439094,2.325900544587863,14.42482128827439,37.0,1.750588900838374,0.0,0.0,71.0,0.21565,0.0,0.0,71.0,0.0108,2.8559,0.2993,0.0968969694497785,0.0076054612021585885,0.06825
Lan Larison,RB,NE,BUF,NE@BUF,True,1.0,,False,,,,,,,,,,,,,0.00345,0.04155,0.04245,2,0.6865655660693541,0.0,0.0,62.0,6.586017674882591,0.0,9.99353542272429,16.0,0.83975,0.0,1.0,26.0,0.039,0.15925,1.1749,0.005221600846862721,0.030049996242021704,0.04155
Cameron Latu,TE,NE,BUF,NE@BUF,True,1.0,,False,,,,,,,,,,,,,0.0,0.0016,0.0016,1,0.0,0.0,0.0,60.0,0.40596566407527146,0.0,0.0,60.0,0.03665,0.0,0.0,60.0,0.0016,0.0,0.05655,0.002999287278828147,0.0015760740921569342,0.0016
Eli Raridon,TE,NE,BUF,NE@BUF,True,0.6667342299285288,Questionable; Limited,False,,,,,,,,,,,,,0.0,0.08325215436493069,0.08669913825402772,12,0.0,0.0,0.0,44.0,5.5549415068102785,0.0,7.437933909665577,17.0,0.5132259273136006,0.0,1.0,5.0,0.08669913825402772,0.0,0.785013113525665,0.003499168491966171,0.024336736714599332,0.05550706103039307
Rhamondre Stevenson,RB,NE,BUF,NE@BUF,True,1.0,,False,,,,,,,,,,,,,0.2231,0.30635,0.35865,55,33.623356241306944,17.724315012865883,44.389827692687774,76.0,25.008582068748254,9.662011999721447,35.68742194093479,69.0,2.87465,1.0,4.0,69.0,0.13555,8.23175,3.91115,0.2787494754744057,0.10072983615160054,0.30635
Kyle Williams,WR,NE,BUF,NE@BUF,True,1.0,,False,,,,,,,,,,,,,0.0,0.05425,0.0559,12,0.0,0.0,0.0,71.0,13.012990111924566,0.0,20.130751532831653,25.0,0.93005,0.0,1.0,39.0,0.0559,0.0,1.6966,0.002999287278828147,0.04207383967008675,0.05425
Josh Allen,QB,BUF,NE,NE@BUF,True,1.0,,False,18.27335,15.0,21.0,90.0,224.34994073945424,166.74382104863759,270.03065018773833,86.0,1.47985,1.0,2.0,80.0,0.4442,0.3669,0.4442,62,,,,,,,,,,,,,,,,,,0.3669
Keon Coleman,WR,BUF,NE,NE@BUF,True,0.9575230478992892,Limited,False,,,,,,,,,,,,,0.0,0.18714427445042034,0.20562894887995406,37,0.0,0.0,0.0,82.0,34.96773465307062,12.523605163665806,50.01797638552725,51.0,2.5383530886115606,1.0,4.0,48.0,0.20562894887995406,0.0,4.00140984804971,0.003392941625850868,0.1301267530969299,0.17919495606866756
James Cook,RB,BUF,NE,NE@BUF,True,1.0,,False,,,,,,,,,,,,,0.9892,0.6988,1.12955,85,94.13459628087485,66.54168992944868,116.40296021716912,84.0,14.156611230972217,2.465315276341617,20.997178798685514,61.0,1.72535,1.0,3.0,65.0,0.14035,16.93575,2.321,0.5745358041937717,0.07355259779299152,0.6988
Ray Davis,RB,BUF,NE,NE@BUF,True,0.6469461218980005,Questionable; Limited,False,,,,,,,,,,,,,0.06366292480393665,0.0770413655236045,0.07950176841457789,2,6.990504987733325,0.0,9.785231081380644,13.0,2.345337336687185,0.0,0.0,41.0,0.29732431185606645,0.0,0.0,41.0,0.015838843610641244,1.557588805166846,0.3986621559280332,0.05343878027049583,0.01374792486684495,0.04984161265122224
Greg Dortch,WR,BUF,NE,NE@BUF,True,1.0,,False,,,,,,,,,,,,,0.0,0.02515,0.02535,1,0.0,0.0,0.0,60.0,4.866114273717428,0.0,5.585697083741783,26.0,0.4081,0.0,1.0,1.0,0.02535,0.0,0.6352,0.003392941625850868,0.020426963710725405,0.02515
Frank Gore Jr.,RB,BUF,NE,NE@BUF,True,1.0,,False,,,,,,,,,,,,,0.04485,0.04975,0.0508,1,4.6465869514605815,0.0,6.141189814592828,21.0,0.904769491945934,0.0,0.0,61.0,0.1137,0.0,0.0,61.0,0.00595,1.0617,0.15735,0.035398489107721476,0.005049536016710262,0.04975
Jackson Hawes,TE,BUF,NE,NE@BUF,True,1.0,,False,,,,,,,,,,,,,0.0,0.0217,0.0219,2,0.0,0.0,0.0,62.0,4.137635905186554,0.0,4.127528770175709,32.0,0.3871,0.0,1.0,2.0,0.0219,0.0,0.57295,0.003392941625850868,0.020000343307203145,0.0217
Ty Johnson,RB,BUF,NE,NE@BUF,True,1.0,,False,,,,,,,,,,,,,0.12225,0.2185,0.24245,19,12.28670965802948,2.8662218893860034,16.80567505484953,33.0,16.21845403038605,3.242533787675284,23.951704067517024,29.0,1.7891,1.0,3.0,34.0,0.1202,2.79695,2.4552,0.09494932660053809,0.07891110438646139,0.2185
Dalton Kincaid,TE,BUF,NE,NE@BUF,True,1.0,,False,,,,,,,,,,,,,0.0,0.1839,0.2032,39,0.0,0.0,0.0,90.0,41.962014375840894,18.04890617566595,58.5325733658043,61.0,3.25905,2.0,4.0,72.0,0.2032,0.0,4.70345,0.003392941625850868,0.16248131867061974,0.1839
Dawson Knox,TE,BUF,NE,NE@BUF,True,1.0,,False,,,,,,,,,,,,,0.00825,0.1166,0.12305,22,0.8791954446831732,0.0,0.0,70.0,12.542274970922723,0.0,19.28365231334695,23.0,1.1588,0.0,2.0,18.0,0.1148,0.1976,1.69495,0.006820155389336594,0.05831967232573491,0.1166
Keleki Latu,TE,BUF,NE,NE@BUF,True,1.0,,False,,,,,,,,,,,,,0.0,0.0043,0.0043,1,0.0,0.0,0.0,60.0,0.797685117427744,0.0,0.0,60.0,0.07545,0.0,0.0,60.0,0.0043,0.0,0.10915,0.003392941625850868,0.00375454697026336,0.0043
DJ Moore,WR,BUF,NE,NE@BUF,True,0.9575230478992892,Limited,False,,,,,,,,,,,,,0.014997125986309244,0.24873282123634843,0.28269843758164814,50,1.6144909772999874,0.0,0.0,88.0,43.37826232747952,17.9345182307416,61.53792236314788,59.0,2.9996342164393583,2.0,4.0,69.0,0.2677013115953389,0.36223023462402676,4.943355802894915,0.012189456952130896,0.15987487467626524,0.2381674091028174
Josh Palmer,WR,BUF,NE,NE@BUF,True,1.0,,False,,,,,,,,,,,,,0.0,0.08445,0.0878,16,0.0,0.0,0.0,74.0,21.434358958968044,0.0,32.79215391484883,29.0,1.3793,0.0,2.0,31.0,0.0878,0.0,2.32805,0.003392941625850868,0.07456817171400026,0.08445
Khalil Shakir,WR,BUF,NE,NE@BUF,True,1.0,,False,,,,,,,,,,,,,0.0,0.30815,0.3668,68,0.0,0.0,0.0,97.0,46.970373595451505,22.429878908877654,64.70358722994186,70.0,3.81035,2.0,5.0,73.0,0.3668,0.0,5.95625,0.003392941625850868,0.19028190712246992,0.30815
Geno Smith,QB,NYJ,CHI,NYJ@CHI,True,1.0,,False,18.3443,16.0,21.0,92.0,220.0457360338065,165.67097517092623,263.6313938194802,87.0,1.18425,0.0,2.0,49.0,0.13215,0.12445,0.13215,62,,,,,,,,,,,,,,,,,,0.12445
Braelon Allen,RB,NYJ,CHI,NYJ@CHI,True,1.0,,False,,,,,,,,,,,,,0.50695,0.52595,0.72375,78,74.57369016976759,50.631768148198645,93.35755927179963,74.0,15.169283277030047,2.31718627168772,22.478362590034553,51.0,1.81755,1.0,3.0,58.0,0.2168,17.02935,2.4248,0.31097232225564514,0.04619038262928906,0.52595
Andrew Beck,RB,NYJ,CHI,NYJ@CHI,True,1.0,,False,,,,,,,,,,,,,0.01605,0.0242,0.0246,1,2.7876316488838873,0.0,2.484949855215709,33.0,1.9626249205758635,0.0,0.0,60.0,0.22445,0.0,0.0,60.0,0.00855,0.6019,0.2988,0.011038045941153147,0.0056047981885137006,0.0242
Isaiah Davis,RB,NYJ,CHI,NYJ@CHI,True,1.0,,False,,,,,,,,,,,,,0.0221,0.0455,0.0467,1,4.130740367490755,0.0,5.009692073196817,24.0,5.621243474872061,0.0,8.216054606189868,16.0,0.62895,0.0,1.0,12.0,0.0246,0.8319,0.85275,0.015156307452448666,0.01626507465792667,0.0455
Malik McClain,WR,NYJ,CHI,NYJ@CHI,True,1.0,,False,,,,,,,,,,,,,0.0,0.00685,0.00685,1,0.0,0.0,0.0,60.0,2.2302353292743455,0.0,0.0,60.0,0.15345,0.0,0.0,60.0,0.00685,0.0,0.2397,0.004342407155705016,0.004790164406357162,0.00685
Kene Nwangwu,RB,NYJ,CHI,NYJ@CHI,True,0.9508674235277402,Full,False,,,,,,,,,,,,,0.01163586584531143,0.016953614489548782,0.017058916442900016,1,1.8369231229498,0.0,0.0,57.0,1.239074315944008,0.0,0.0,57.0,0.14115726846733007,0.0,0.0,57.0,0.005423050597588585,0.402727320591797,0.18785868477860265,0.007542050653743224,0.00356818044386148,0.016120639729159815
Jamaal Pritchett,WR,NYJ,CHI,NYJ@CHI,True,1.0,,False,,,,,,,,,,,,,0.0,0.0058,0.0058,1,0.0,0.0,0.0,60.0,1.9301814751543973,0.0,0.0,60.0,0.1343,0.0,0.0,60.0,0.0058,0.0,0.21455,0.00542800894463127,0.004350927877746556,0.0058
Jeremy Ruckert,TE,NYJ,CHI,NYJ@CHI,True,0.9479829842591244,Full,False,,,,,,,,,,,,,0.0,0.13282732447817835,0.1420514442336074,24,0.0,0.0,0.0,69.0,14.944976420719255,0.0,22.929467673371438,25.0,1.4207252793590555,0.0,2.0,29.0,0.1420514442336074,0.0,1.9937275985663083,0.003101719396932155,0.041961152678637995,0.12591804344997856
Kenyon Sadiq,TE,NYJ,CHI,NYJ@CHI,True,0.6667342299285288,Questionable; Limited,False,,,,,,,,,,,,,0.05720481567337172,0.2238091677260151,0.2511029686682121,25,1.5299210205737845,0.0,0.0,59.0,46.86904294737339,22.792333785086633,64.50972000583647,41.0,4.0173483885440815,2.0,5.0,44.0,0.19389815299484034,0.318701861960667,5.886263366484708,0.005752761616532287,0.14398590720008275,0.14922123309474963
Sterling Shepard,WR,NYJ,CHI,NYJ@CHI,True,1.0,,False,,,,,,,,,,,,,0.0,0.115,0.1214,8,0.0,0.0,0.0,63.0,21.58067129414354,1.4574399621939382,32.418175474403554,20.0,1.63425,1.0,2.0,44.0,0.1214,0.0,2.55295,0.004342407155705016,0.05193660299887978,0.115
Isaiah Williams,WR,NYJ,CHI,NYJ@CHI,True,1.0,,False,,,,,,,,,,,,,0.01045,0.173,0.18905,27,1.7023599491867782,0.0,0.0,79.0,37.043005179892454,14.42774269625099,52.12929832239767,49.0,2.9798,2.0,4.0,59.0,0.1786,0.374,4.50435,0.006931002603021234,0.09227384790988157,0.173
Garrett Wilson,WR,NYJ,CHI,NYJ@CHI,True,1.0,,False,,,,,,,,,,,,,0.0,0.3248,0.38695,50,0.0,0.0,0.0,97.0,97.62987410478378,59.45667482794981,127.08389875615396,79.0,7.42395,5.0,9.0,84.0,0.38695,0.0,11.5486,0.003101719396932155,0.23573209362519917,0.3248
Jelani Woods,TE,NYJ,CHI,NYJ@CHI,True,1.0,,False,,,,,,,,,,,,,0.0,0.02105,0.0213,4,0.0,0.0,0.0,63.0,5.354860741615065,0.0,6.606054910895714,26.0,0.4595,0.0,1.0,3.0,0.0213,0.0,0.6747,0.003101719396932155,0.014217229347736083,0.02105
Tyson Bagent,QB,CHI,NYJ,NYJ@CHI,True,1.0,,False,19.95085,17.0,23.0,67.0,206.28175040320008,155.54133988518254,246.53721246573366,63.0,1.1568,0.0,2.0,24.0,0.16415,0.1526,0.16415,35,,,,,,,,,,,,,,,,,,0.1526
Luther Burden III,WR,CHI,NYJ,NYJ@CHI,True,1.0,,False,,,,,,,,,,,,,0.0091,0.22835,0.25545,76,1.7444938433317525,0.0,0.0,94.0,43.6982636683318,21.24194801912843,60.08351636206278,67.0,3.8546,2.0,5.0,71.0,0.24635,0.37465,5.74155,0.010494882669346561,0.19078742471437515,0.22835
Kaden Davis,WR,CHI,NYJ,NYJ@CHI,True,1.0,,False,,,,,,,,,,,,,0.0,0.00655,0.00655,1,0.0,0.0,0.0,60.0,2.186909110809511,0.0,0.0,60.0,0.19105,0.0,0.0,60.0,0.00655,0.0,0.2952,0.005363341994079816,0.009573433962276123,0.00655
Roschon Johnson,RB,CHI,NYJ,NYJ@CHI,True,1.0,,False,,,,,,,,,,,,,0.0387,0.0615,0.0631,20,3.8719829737748483,0.0,4.784292521785184,26.0,1.7965540263482478,0.0,0.0,63.0,0.2609,0.0,0.0,63.0,0.0244,0.84725,0.34185,0.02354508875885919,0.011284707157814879,0.0615
Cole Kmet,TE,CHI,NYJ,NYJ@CHI,True,1.0,,False,,,,,,,,,,,,,0.0,0.0568,0.0584,10,0.0,0.0,0.0,70.0,12.667360409172662,0.0,19.374897225960556,24.0,1.3463,0.0,2.0,25.0,0.0584,0.0,2.0018,0.003064766853759895,0.07042647932975149,0.0568
Colston Loveland,TE,CHI,NYJ,NYJ@CHI,True,1.0,,False,,,,,,,,,,,,,0.0,0.19315,0.21355,60,0.0,0.0,0.0,84.0,30.281926051041506,12.910229617844212,42.60379815520751,55.0,3.2111,2.0,4.0,66.0,0.21355,0.0,4.6099,0.003064766853759895,0.16126204877221192,0.19315
Kyle Monangai,RB,CHI,NYJ,NYJ@CHI,True,1.0,,False,,,,,,,,,,,,,0.4362,0.39545,0.4918,81,54.071609054412555,31.9568419809276,70.28919424040885,73.0,6.826800606972084,0.0,10.637673498579055,47.0,1.0086,0.0,2.0,35.0,0.0556,10.19145,1.394,0.28303593843613295,0.04656533559162238,0.39545
Rome Odunze,WR,CHI,NYJ,NYJ@CHI,True,1.0,,False,,,,,,,,,,,,,0.0,0.17505,0.18975,41,0.0,0.0,0.0,87.0,46.82999414473423,21.428588467346014,64.9243155484981,59.0,3.5045,2.0,5.0,62.0,0.18975,0.0,5.7148,0.003064766853759895,0.19009910417067508,0.17505
Kalif Raymond,WR,CHI,NYJ,NYJ@CHI,True,1.0,,False,,,,,,,,,,,,,0.0,0.1716,0.1864,56,0.0,0.0,0.0,91.0,33.827058616329865,14.586604487429794,47.49814999544301,62.0,3.21265,2.0,4.0,73.0,0.1864,0.0,4.6551,0.003064766853759895,0.15331887716269374,0.1716
Sam Roush,TE,CHI,NYJ,NYJ@CHI,True,1.0,,False,,,,,,,,,,,,,0.0,0.0391,0.0398,13,0.0,0.0,0.0,67.0,5.850292687603281,0.0,8.900173840957589,21.0,0.63845,0.0,1.0,20.0,0.0398,0.0,0.927,0.003064766853759895,0.03251259118366673,0.0391
D'Andre Swift,RB,CHI,NYJ,NYJ@CHI,True,0.9508674235277402,Full,False,,,,,,,,,,,,,0.5830831621635856,0.49760362353189025,0.6715120872175699,77,69.94680756172005,46.155835146658895,88.69414305587287,72.0,14.196280702739728,3.631742745105221,20.868536456267712,55.0,2.0167483014694265,1.0,3.0,61.0,0.08842892505398431,14.582503818402065,2.693000474008532,0.4219069698864568,0.08955285868227841,0.47315507544583607
Zavion Thomas,WR,CHI,NYJ,NYJ@CHI,True,1.0,,False,,,,,,,,,,,,,0.0,0.0095,0.00955,1,0.0,0.0,0.0,61.0,2.6458157382801653,0.0,0.0,61.0,0.23795,0.0,0.0,61.0,0.00955,0.0,0.37135,0.003064766853759895,0.012153866782092057,0.0095
Jahdae Walker,WR,CHI,NYJ,NYJ@CHI,True,1.0,,False,,,,,,,,,,,,,0.0,0.0381,0.03845,7,0.0,0.0,0.0,61.0,5.5449259440753975,0.0,7.787745617847129,19.0,0.5054,0.0,1.0,2.0,0.03845,0.0,0.77855,0.003064766853759895,0.025826891116866826,0.0381
Trevor Lawrence,QB,JAX,CIN,JAX@CIN,True,1.0,,False,17.91785,15.0,21.0,90.0,220.03597710764305,163.42221436005835,265.14084925061064,86.0,1.61095,1.0,2.0,81.0,0.0844,0.08075,0.0844,62,,,,,,,,,,,,,,,,,,0.08075
Ameer Abdullah,RB,JAX,CIN,JAX@CIN,True,1.0,,False,,,,,,,,,,,,,0.052,0.11495,0.1212,17,8.66326346253069,0.22238970345245684,12.131591240156022,29.0,5.155524308159584,0.0,7.833322376306112,25.0,0.6722,0.0,1.0,26.0,0.0692,1.87865,0.89255,0.06508261724990548,0.031296401557482964,0.11495
LeQuint Allen Jr.,RB,JAX,CIN,JAX@CIN,True,0.9951309141019752,Limited,False,,,,,,,,,,,,,0.007586795960407978,0.06526654273225142,0.06692458423353263,10,1.4213850162534833,0.0,0.0,64.0,4.077936815930181,0.0,5.600506506990853,23.0,0.5212279555845852,0.0,1.0,6.0,0.05933778827312466,0.31507812892528764,0.6868311309852786,0.010772790204745926,0.023793769772415523,0.06494875432942099
Nate Boerkircher,TE,JAX,CIN,JAX@CIN,True,0.9479829842591244,Full,False,,,,,,,,,,,,,0.0,0.07192502106149957,0.07397851727042966,12,0.0,0.0,0.0,63.0,7.575081703398656,0.0,11.53489469466098,20.0,0.7038226621735467,0.0,1.0,23.0,0.07397851727042966,0.0,1.0301179443976411,0.0033053015952202052,0.03738291875188893,0.06818369610878075
Josh Cameron,WR,JAX,CIN,JAX@CIN,True,1.0,,False,,,,,,,,,,,,,0.0,0.1274,0.13495,22,0.0,0.0,0.0,70.0,15.02598661583276,0.0,23.007750729444382,24.0,1.11465,0.0,2.0,16.0,0.13495,0.0,1.73975,0.0033053015952202052,0.05783646588478995,0.1274
Jakobi Meyers,WR,JAX,CIN,JAX@CIN,True,0.9479829842591244,Full,False,,,,,,,,,,,,,0.005014515703351808,0.2788070731063605,0.32114014251781475,41,0.8615147128484373,0.0,0.0,80.0,46.104086114817875,21.15867736314325,63.85652310925195,53.0,3.596357878068092,2.0,5.0,56.0,0.31612562681446293,0.19303246239113223,5.408603853259435,0.006748324090241252,0.1803647262275648,0.2643043611959195
Quintin Morris,TE,JAX,CIN,JAX@CIN,True,1.0,,False,,,,,,,,,,,,,0.0,0.0267,0.0269,4,0.0,0.0,0.0,63.0,4.625927875138899,0.0,5.67952981183335,26.0,0.4379,0.0,1.0,3.0,0.0269,0.0,0.62725,0.0033053015952202052,0.02305625794337751,0.0267
Chris Rodriguez Jr.,RB,JAX,CIN,JAX@CIN,True,1.0,,False,,,,,,,,,,,,,0.27135,0.2452,0.27675,52,31.79263038901386,16.116010881718587,42.24227453473001,53.0,0.7552806494923426,0.0,0.0,77.0,0.0978,0.0,0.0,77.0,0.0054,6.9467,0.12945,0.237229681979755,0.004562918953128341,0.2452
Brenton Strange,TE,JAX,CIN,JAX@CIN,True,1.0,,False,,,,,,,,,,,,,0.0,0.24605,0.27635,43,0.0,0.0,0.0,89.0,42.57432542030958,20.146458169396354,58.721872122353965,62.0,3.79655,2.0,5.0,65.0,0.27635,0.0,5.32115,0.0033053015952202052,0.1920058349909452,0.24605
Brian Thomas Jr.,WR,JAX,CIN,JAX@CIN,True,1.0,,False,,,,,,,,,,,,,0.0,0.21295,0.23525,30,0.0,0.0,0.0,82.0,40.529048712601124,16.506023897068125,57.41009421886206,52.0,2.9262,2.0,4.0,62.0,0.23525,0.0,4.7916,0.0033053015952202052,0.15772406346721526,0.21295
Bhayshul Tuten,RB,JAX,CIN,JAX@CIN,True,1.0,,False,,,,,,,,,,,,,0.44705,0.4304,0.5488,85,64.86818129357822,42.22761560261988,82.5545489707365,81.0,9.876144215830385,0.0,15.117579311779462,54.0,1.25075,0.0,2.0,52.0,0.10175,13.6048,1.63945,0.4677057200951923,0.057852987238084366,0.4304
Parker Washington,WR,JAX,CIN,JAX@CIN,True,1.0,,False,,,,,,,,,,,,,0.00555,0.33825,0.40705,66,0.992553590529897,0.0,0.0,97.0,60.481002024412504,29.805750861106496,83.15147456373326,74.0,4.14605,3.0,5.0,86.0,0.4015,0.2184,6.64155,0.007385920848578482,0.2195184884027325,0.33825
Joe Burrow,QB,CIN,JAX,JAX@CIN,True,1.0,,False,24.28775,21.0,27.0,93.0,280.2748978795967,213.2117890964214,333.6666098332894,87.0,1.88965,1.0,3.0,68.0,0.09515,0.09125,0.09515,62,,,,,,,,,,,,,,,,,,0.09125
Erick All,TE,CIN,JAX,JAX@CIN,True,1.0,,False,,,,,,,,,,,,,0.0,0.0267,0.02705,5,0.0,0.0,0.0,65.0,5.554456152046505,0.0,7.609966916349997,24.0,0.5241,0.0,1.0,8.0,0.02705,0.0,0.71585,0.003539925613483851,0.01711712027769189,0.0267
Tahj Brooks,RB,CIN,JAX,JAX@CIN,True,1.0,,False,,,,,,,,,,,,,0.01705,0.0228,0.02325,1,2.242168564769058,0.0,1.8653986038919614,35.0,0.8725693043406831,0.0,0.0,60.0,0.1093,0.0,0.0,60.0,0.0062,0.5394,0.1377,0.022836924406049224,0.0034197594595343265,0.0228
Chase Brown,RB,CIN,JAX,JAX@CIN,True,1.0,,False,,,,,,,,,,,,,0.58755,0.57895,0.8256,85,55.59729755767614,34.81675348614196,70.57536911372745,81.0,30.69132822914581,14.842668047915332,42.303130587856124,73.0,4.24175,3.0,6.0,79.0,0.23805,14.98935,5.2147,0.6405465317026622,0.1314977498564562,0.57895
Ja'Marr Chase,WR,CIN,JAX,JAX@CIN,True,1.0,,False,,,,,,,,,,,,,0.0,0.4,0.4964,66,0.0,0.0,0.0,97.0,72.98204870572097,41.855050458960356,96.68363971428118,77.0,6.1744,4.0,8.0,81.0,0.4964,0.0,8.8393,0.003539925613483851,0.22537391623472627,0.4
Mike Gesicki,TE,CIN,JAX,JAX@CIN,True,1.0,,False,,,,,,,,,,,,,0.0,0.24365,0.27515,43,0.0,0.0,0.0,84.0,32.584502516736684,12.415018354499047,46.19957183219721,53.0,2.93125,2.0,4.0,64.0,0.27515,0.0,4.0347,0.003539925613483851,0.09498194128093662,0.24365
Tee Higgins,WR,CIN,JAX,JAX@CIN,True,1.0,,False,,,,,,,,,,,,,0.0,0.31845,0.3751,55,0.0,0.0,0.0,97.0,80.67526502099601,43.625088217848244,107.92290727674826,76.0,5.2348,3.0,7.0,77.0,0.3751,0.0,7.89445,0.003539925613483851,0.20042997900290802,0.31845
Tanner Hudson,TE,CIN,JAX,JAX@CIN,True,1.0,,False,,,,,,,,,,,,,0.0,0.0887,0.0934,13,0.0,0.0,0.0,66.0,10.958987154706918,0.0,17.048910260341,20.0,1.05235,0.0,2.0,9.0,0.0934,0.0,1.39305,0.004129913215731159,0.03291161456846782,0.0887
Dohnte Meyers,WR,CIN,JAX,JAX@CIN,True,1.0,,False,,,,,,,,,,,,,0.0056,0.1012,0.10595,28,0.7503133094514381,0.0,0.0,86.0,22.372082160839323,3.2201238858795636,33.35276949019834,45.0,1.7225,1.0,3.0,51.0,0.10035,0.19045,2.5399,0.007910204148649099,0.06480917799194279,0.1012
Samaje Perine,RB,CIN,JAX,JAX@CIN,True,1.0,,False,,,,,,,,,,,,,0.1962,0.23585,0.2641,38,18.53504691231489,7.055632021549426,24.882273454667867,50.0,11.0685317346346,0.0,16.747560158835586,34.0,1.39505,0.0,2.0,36.0,0.0679,4.81105,1.71785,0.20526079895628735,0.043335581664010574,0.23585
Drew Sample,TE,CIN,JAX,JAX@CIN,True,1.0,,False,,,,,,,,,,,,,0.0,0.08465,0.08865,14,0.0,0.0,0.0,68.0,10.157912661393041,0.0,15.703010555977992,22.0,0.98325,0.0,2.0,8.0,0.08865,0.0,1.31155,0.003539925613483851,0.03042267817445308,0.08465
Mitchell Tinsley,WR,CIN,JAX,JAX@CIN,True,1.0,,False,,,,,,,,,,,,,0.0,0.19275,0.20935,25,0.0,0.0,0.0,67.0,21.286085549254246,1.4842009343515152,31.793522980060967,25.0,1.56375,1.0,2.0,48.0,0.20935,0.0,2.6524,0.006194869823596739,0.06741354678791864,0.19275
Ke'Shawn Williams,WR,CIN,JAX,JAX@CIN,True,1.0,,False,,,,,,,,,,,,,0.0,0.00595,0.00595,1,0.0,0.0,0.0,60.0,1.3836075962016006,0.0,0.0,60.0,0.10775,0.0,0.0,60.0,0.00595,0.0,0.1617,0.006194869823596739,0.00412741017456581,0.00595
Dak Prescott,QB,DAL,HOU,DAL@HOU,True,1.0,,False,23.51305,20.0,27.0,91.0,261.127267605675,200.03686913969557,310.12405182786244,87.0,1.3026,0.0,2.0,54.0,0.0954,0.0913,0.0954,62,,,,,,,,,,,,,,,,,,0.0913
Emari Demercado,RB,DAL,HOU,DAL@HOU,True,1.0,,False,,,,,,,,,,,,,0.0841,0.09395,0.09895,9,12.803379284047391,3.295438860624583,17.25873856860912,30.0,3.230170529734306,0.0,3.6987598441868106,28.0,0.4365,0.0,1.0,3.0,0.01485,3.0306,0.57255,0.12353996795378273,0.015791255399411376,0.09395
Jake Ferguson,TE,DAL,HOU,DAL@HOU,True,1.0,,False,,,,,,,,,,,,,0.0,0.17625,0.19055,48,0.0,0.0,0.0,84.0,30.50451730663661,13.451832882413408,42.677113201785744,55.0,3.36075,2.0,5.0,57.0,0.19055,0.0,4.56075,0.003240218807938776,0.12569182489849864,0.17625
Ryan Flournoy,WR,DAL,HOU,DAL@HOU,True,1.0,,False,,,,,,,,,,,,,0.0,0.19625,0.21565,68,0.0,0.0,0.0,97.0,35.24782485837586,15.111569247803718,49.68880268969757,67.0,3.25005,2.0,4.0,78.0,0.21565,0.0,4.93915,0.003240218807938776,0.1344436003442413,0.19625
Tyler Goodson,RB,DAL,HOU,DAL@HOU,True,1.0,,False,,,,,,,,,,,,,0.1077,0.11985,0.1275,13,14.37812559960064,4.43533490145327,19.308700173179382,36.0,4.217582615401345,0.0,5.989245689545591,25.0,0.58025,0.0,1.0,16.0,0.0198,3.5951,0.75055,0.14611655240725888,0.021125895223643984,0.11985
CeeDee Lamb,WR,DAL,HOU,DAL@HOU,True,1.0,,False,,,,,,,,,,,,,0.01065,0.319,0.38105,77,1.3306098699487663,0.0,0.0,97.0,86.9244691039579,51.619395105094405,113.67445819624209,79.0,6.5267,5.0,8.0,86.0,0.3704,0.3342,9.5018,0.013560915751743766,0.2609931179496327,0.319
Hunter Luepke,RB,DAL,HOU,DAL@HOU,True,1.0,,False,,,,,,,,,,,,,0.0221,0.0354,0.0358,3,2.9620257982031233,0.0,3.2939490030334717,29.0,2.713369299744122,0.0,1.9465598445674743,41.0,0.3669,0.0,1.0,3.0,0.0137,0.73005,0.4684,0.029764246203682,0.013164480316647386,0.0354
Jonathan Mingo,WR,DAL,HOU,DAL@HOU,True,1.0,,False,,,,,,,,,,,,,0.0,0.02045,0.0207,5,0.0,0.0,0.0,65.0,6.537692016665422,0.0,8.966030677925954,24.0,0.5302,0.0,1.0,8.0,0.0207,0.0,0.81515,0.003240218807938776,0.022145294618225557,0.02045
George Pickens,WR,DAL,HOU,DAL@HOU,True,1.0,,False,,,,,,,,,,,,,0.0,0.2267,0.2542,60,0.0,0.0,0.0,97.0,65.00606151308793,34.58246281313317,87.73472988653445,75.0,4.89385,3.0,6.0,82.0,0.2542,0.0,7.41,0.003240218807938776,0.20243366466953672,0.2267
Luke Schoonmaker,TE,DAL,HOU,DAL@HOU,True,1.0,,False,,,,,,,,,,,,,0.0,0.02115,0.0213,4,0.0,0.0,0.0,63.0,5.627766489072093,0.0,7.885293067008176,21.0,0.5583,0.0,1.0,9.0,0.0213,0.0,0.8177,0.003240218807938776,0.02232006296428136,0.02115
Brevyn Spann-Ford,TE,DAL,HOU,DAL@HOU,True,1.0,,False,,,,,,,,,,,,,0.0,0.0294,0.02975,7,0.0,0.0,0.0,66.0,8.237502952913538,0.0,12.670775271801709,20.0,0.83145,0.0,1.0,30.0,0.02975,0.0,1.1625,0.003240218807938776,0.0319694367618813,0.0294
KaVontae Turpin,WR,DAL,HOU,DAL@HOU,True,1.0,,False,,,,,,,,,,,,,0.02555,0.08265,0.08555,22,1.1780649775907823,0.0,0.0,65.0,13.54183809742944,0.0,20.91592101989429,18.0,1.00585,0.0,2.0,5.0,0.06,0.2871,1.51265,0.011983666384916422,0.04116689372648019,0.08265
Javonte Williams,RB,DAL,HOU,DAL@HOU,True,1.0,,False,,,,,,,,,,,,,0.611,0.554,0.76835,85,52.43932818713628,32.25841802447017,66.91234529285614,80.0,18.302534623786975,7.004661612801961,25.93979928180424,69.0,2.87845,2.0,4.0,79.0,0.15735,13.7779,3.7688,0.5633079993770369,0.10518415146505598,0.554
C.J. Stroud,QB,HOU,DAL,DAL@HOU,True,1.0,,False,22.0475,19.0,25.0,92.0,277.01741743444063,210.46897918321616,331.21354272365744,87.0,1.647,1.0,2.0,82.0,0.09015,0.08745,0.09015,62,,,,,,,,,,,,,,,,,,0.08745
Lewis Bond,WR,HOU,DAL,DAL@HOU,True,1.0,,False,,,,,,,,,,,,,0.0,0.0209,0.02125,1,0.0,0.0,0.0,61.0,4.985416553599591,0.0,4.448558411178911,35.0,0.37275,0.0,1.0,1.0,0.02125,0.0,0.59815,0.005001526990171276,0.015723701729659555,0.0209
Kayshon Boutte,WR,HOU,DAL,DAL@HOU,True,1.0,,False,,,,,,,,,,,,,0.0,0.1905,0.2091,34,0.0,0.0,0.0,81.0,35.664231549866635,12.751300413443314,50.825004208660104,49.0,2.55015,1.0,4.0,46.0,0.2091,0.0,3.96645,0.0035725192786937687,0.10266625751077764,0.1905
Nico Collins,WR,HOU,DAL,DAL@HOU,True,0.9479829842591244,Full,False,,,,,,,,,,,,,0.010291323622545916,0.35354654844838507,0.4288051509394131,41,1.3196852256421638,0.0,0.0,80.0,82.29079320001074,46.27837045450824,109.64009794291817,58.0,5.5619590458095844,4.0,7.0,64.0,0.4185138273168672,0.2620857082541693,8.81465062275702,0.010211450938266354,0.2323569070531275,0.3351561120726132
Xavier Hutchinson,WR,HOU,DAL,DAL@HOU,True,1.0,,False,,,,,,,,,,,,,0.01395,0.21685,0.24145,50,1.8159628335955058,0.0,0.06692066439684824,97.0,43.74306134745336,18.559945236082097,61.18873656505313,71.0,3.2522,2.0,4.0,82.0,0.2275,0.3706,5.4385,0.014913850322166048,0.14151949478557854,0.21685
Brevin Jordan,TE,HOU,DAL,DAL@HOU,True,1.0,,False,,,,,,,,,,,,,0.0,0.02305,0.0232,1,0.0,0.0,0.0,61.0,4.537466487989127,0.0,5.015980372786631,28.0,0.42595,0.0,1.0,1.0,0.0232,0.0,0.6279,0.006251908737714093,0.017667927991959022,0.02305
Marlin Klein,TE,HOU,DAL,DAL@HOU,True,1.0,,False,,,,,,,,,,,,,0.0,0.01135,0.0114,2,0.0,0.0,0.0,62.0,2.207409421499179,0.0,0.0,62.0,0.20445,0.0,0.0,62.0,0.0114,0.0,0.30215,0.004167939158476063,0.008381972765037212,0.01135
Woody Marks,RB,HOU,DAL,DAL@HOU,True,1.0,,False,,,,,,,,,,,,,0.36995,0.4004,0.4967,67,34.859967292065555,18.527025449824578,46.02685204741379,67.0,10.284674997742483,0.0,15.628959882419908,45.0,1.28815,0.0,2.0,44.0,0.12675,7.99105,1.775,0.32251633558029147,0.051742170505394966,0.4004
David Montgomery,RB,HOU,DAL,DAL@HOU,True,1.0,,False,,,,,,,,,,,,,0.58195,0.49425,0.6592,85,49.194477609887635,29.632359230938302,63.15657782160935,80.0,8.579190796292332,0.0,13.089531824960266,54.0,1.069,0.0,2.0,44.0,0.07725,12.0201,1.39965,0.48491564333068404,0.04053766351227808,0.49425
Foster Moreau,TE,HOU,DAL,DAL@HOU,True,1.0,,False,,,,,,,,,,,,,0.0,0.11195,0.11805,27,0.0,0.0,0.0,74.0,12.455648610386119,0.0,19.135318535130768,28.0,1.1949,0.0,2.0,24.0,0.11805,0.0,1.7387,0.0035725192786937687,0.04894025919952424,0.11195
Jaylin Noel,WR,HOU,DAL,DAL@HOU,True,1.0,,False,,,,,,,,,,,,,0.0211,0.1118,0.11725,21,2.7453347338438228,0.0,2.64979726519441,50.0,26.758522493845614,4.505245346546495,39.81256755088321,40.0,1.7805,1.0,3.0,46.0,0.09615,0.54665,2.7368,0.022126538924374297,0.07065530638764188,0.1118
Dalton Schultz,TE,HOU,DAL,DAL@HOU,True,0.9575230478992892,Limited,False,,,,,,,,,,,,,0.0,0.2502220132685577,0.2840202685054589,53,0.0,0.0,0.0,96.0,45.72642815532959,22.70561245372954,62.551625248275585,71.0,4.357467481585958,3.0,6.0,76.0,0.2840202685054589,0.0,6.180274774068851,0.0035725192786937687,0.17727732686437084,0.23959334479640576
Cade Stover,TE,HOU,DAL,DAL@HOU,True,1.0,,False,,,,,,,,,,,,,0.0,0.0334,0.034,4,0.0,0.0,0.0,63.0,6.902320628847054,0.0,10.313314145008105,18.0,0.655,0.0,1.0,17.0,0.034,0.0,0.95875,0.0035725192786937687,0.027404500900949452,0.0334
Jared Wayne,WR,HOU,DAL,DAL@HOU,True,1.0,,False,,,,,,,,,,,,,0.0,0.1096,0.11555,27,0.0,0.0,0.0,79.0,19.284014478526277,0.0,28.925321329485293,34.0,1.40955,0.0,2.0,37.0,0.11555,0.0,2.3234,0.0035725192786937687,0.06058127687358076,0.1096
Jacoby Brissett,QB,ARI,NYG,ARI@NYG,True,1.0,,False,21.8644,19.0,25.0,92.0,191.15820883869617,145.6548998135658,227.22288121384926,87.0,1.58235,1.0,2.0,81.0,0.1151,0.1089,0.1151,62,,,,,,,,,,,,,,,,,,0.1089
Tyler Allgeier,RB,ARI,NYG,ARI@NYG,True,1.0,,False,,,,,,,,,,,,,0.2172,0.2657,0.3048,82,30.531809157740323,15.324301856874683,40.66079957078622,70.0,7.5907010507086685,0.0,11.539181067750459,49.0,1.25535,0.0,2.0,47.0,0.0876,7.0607,1.66205,0.27039062559705973,0.0509188139512105,0.2657
Kendrick Bourne,WR,ARI,NYG,ARI@NYG,True,1.0,,False,,,,,,,,,,,,,0.0,0.14525,0.15555,36,0.0,0.0,0.0,82.0,24.165703168304432,8.1779795096797,35.147925354997945,49.0,2.3895,1.0,3.0,57.0,0.15555,0.0,3.68105,0.0033244354637554452,0.10411967540266356,0.14525
Jalen Brooks,WR,ARI,NYG,ARI@NYG,True,1.0,,False,,,,,,,,,,,,,0.0,0.01675,0.0168,2,0.0,0.0,0.0,62.0,3.475564667988119,0.0,1.2944667734729838,50.0,0.3269,0.0,1.0,2.0,0.0168,0.0,0.52,0.0033244354637554452,0.014732886342860475,0.01675
Devin Duvernay,WR,ARI,NYG,ARI@NYG,True,1.0,,False,,,,,,,,,,,,,0.0,0.01335,0.01345,1,0.0,0.0,0.0,60.0,2.5195095840914523,0.0,0.0,60.0,0.24175,0.0,0.0,60.0,0.01345,0.0,0.37865,0.0033244354637554452,0.010542776554545575,0.01335
Simi Fehoko,WR,ARI,NYG,ARI@NYG,True,1.0,,False,,,,,,,,,,,,,0.0,0.00775,0.00785,1,0.0,0.0,0.0,60.0,1.7052486232684307,0.0,0.0,60.0,0.1581,0.0,0.0,60.0,0.00785,0.0,0.25055,0.0033244354637554452,0.007046354049481222,0.00775
Marvin Harrison Jr.,WR,ARI,NYG,ARI@NYG,True,1.0,,False,,,,,,,,,,,,,0.0,0.16165,0.175,34,0.0,0.0,0.0,81.0,29.31841740830662,10.17194179769663,42.15679584972276,48.0,2.45185,1.0,3.0,56.0,0.175,0.0,4.14435,0.0033244354637554452,0.11746819027839879,0.16165
Elijah Higgins,TE,ARI,NYG,ARI@NYG,True,1.0,,False,,,,,,,,,,,,,0.0,0.0639,0.0665,14,0.0,0.0,0.0,68.0,8.858733150349359,0.0,13.64147363683156,22.0,1.0545,0.0,2.0,11.0,0.0665,0.0,1.4729,0.0033244354637554452,0.04052966017172565,0.0639
Bam Knight,RB,ARI,NYG,ARI@NYG,True,1.0,,False,,,,,,,,,,,,,0.0547,0.077,0.0798,1,10.801532871887225,1.7087855439344017,15.073387122529002,24.0,3.6406415221033464,0.0,5.2315277914907075,18.0,0.58055,0.0,1.0,10.0,0.0251,2.2247,0.78555,0.08497460504531658,0.023708042913553586,0.077
Hunter Long,TE,ARI,NYG,ARI@NYG,True,1.0,,False,,,,,,,,,,,,,0.0,0.0319,0.0325,4,0.0,0.0,0.0,63.0,5.551963466799924,0.0,8.450487538533393,18.0,0.6653,0.0,1.0,18.0,0.0325,0.0,0.9662,0.0033244354637554452,0.02694991129920112,0.0319
Jeremiyah Love,RB,ARI,NYG,ARI@NYG,True,1.0,,False,,,,,,,,,,,,,0.38325,0.42145,0.52685,85,60.9817731973073,39.482059343185114,77.58114102662346,81.0,13.088298259047924,3.7632973444685214,19.055513991984988,65.0,2.1844,1.0,3.0,73.0,0.1436,13.25945,2.8956,0.5092720640104171,0.08845686991752004,0.42145
Trey McBride,TE,ARI,NYG,ARI@NYG,True,1.0,,False,,,,,,,,,,,,,0.0,0.4141,0.5201,85,0.0,0.0,0.0,97.0,58.95018276247764,36.53404188048689,76.23699845529202,80.0,7.4167,5.0,9.0,84.0,0.5201,0.0,10.6564,0.0033244354637554452,0.2923659792745885,0.4141
Michael Wilson,WR,ARI,NYG,ARI@NYG,True,1.0,,False,,,,,,,,,,,,,0.0,0.34425,0.41295,85,0.0,0.0,0.0,97.0,46.1566268865395,24.173240641406885,62.03080103686774,75.0,4.71885,3.0,6.0,81.0,0.41295,0.0,7.74915,0.0033244354637554452,0.21968868570910857,0.34425
Jameis Winston,QB,NYG,ARI,ARI@NYG,True,1.0,,False,17.0862,14.0,20.0,84.0,213.12722019158994,158.84433782491072,257.064477142348,81.0,1.4374,1.0,2.0,74.0,0.018,0.0179,0.018,56,,,,,,,,,,,,,,,,,,0.0179
Braxton Berrios,WR,NYG,ARI,ARI@NYG,True,1.0,,False,,,,,,,,,,,,,0.0,0.01495,0.0151,2,0.0,0.0,0.0,62.0,3.5568438637958906,0.0,0.0,62.0,0.24055,0.0,0.0,62.0,0.0151,0.0,0.4001,0.0026848875854960145,0.013524222569408802,0.01495
Malachi Fields,WR,NYG,ARI,ARI@NYG,True,1.0,,False,,,,,,,,,,,,,0.0,0.16905,0.1824,32,0.0,0.0,0.0,84.0,35.33225657181648,11.211846851922559,51.691406638735955,50.0,2.2872,1.0,3.0,58.0,0.1824,0.0,3.89675,0.0026848875854960145,0.1305476429031845,0.16905
Najee Harris,RB,NYG,ARI,ARI@NYG,True,1.0,,False,,,,,,,,,,,,,0.11215,0.1114,0.1179,49,25.441934149923497,11.825540616668341,34.047462008291696,48.0,0.9214757379610139,0.0,0.0,75.0,0.10675,0.0,0.0,75.0,0.00575,5.9328,0.15215,0.20354173321119806,0.005045813974046512,0.1114
Theo Johnson,TE,NYG,ARI,ARI@NYG,True,1.0,,False,,,,,,,,,,,,,0.0,0.1148,0.1203,16,0.0,0.0,0.0,70.0,17.85155208012497,0.0,27.101669618312165,24.0,1.461,0.0,2.0,29.0,0.1203,0.0,2.35845,0.0026848875854960145,0.07875675256653479,0.1148
Charlie Jones,WR,NYG,ARI,ARI@NYG,True,1.0,,False,,,,,,,,,,,,,0.0,0.00905,0.00905,1,0.0,0.0,0.0,60.0,2.218051773095039,0.0,0.0,60.0,0.15235,0.0,0.0,60.0,0.00905,0.0,0.2577,0.004698553274618026,0.008877511322265053,0.00905
Isaiah Likely,TE,NYG,ARI,ARI@NYG,True,1.0,,False,,,,,,,,,,,,,0.0,0.3683,0.44895,77,0.0,0.0,0.0,97.0,52.47863438806038,27.131318458945483,71.55041179725934,75.0,4.51805,3.0,6.0,80.0,0.44895,0.0,7.01445,0.0026848875854960145,0.23143569418998988,0.3683
Chris Manhertz,TE,NYG,ARI,ARI@NYG,True,1.0,,False,,,,,,,,,,,,,0.0,0.00345,0.00345,1,0.0,0.0,0.0,60.0,0.7028667519795914,0.0,0.0,60.0,0.0601,0.0,0.0,60.0,0.00345,0.0,0.0912,0.0026848875854960145,0.0029990637505012126,0.00345
Darnell Mooney,WR,NYG,ARI,ARI@NYG,True,1.0,,False,,,,,,,,,,,,,0.00255,0.12395,0.13185,18,0.6979240450000955,0.0,0.0,76.0,30.035616109459625,7.521171621804412,44.46739794706282,39.0,1.9402,1.0,3.0,45.0,0.1293,0.1534,3.3929,0.005396895247613202,0.11314520300117165,0.12395
Malik Nabers,WR,NYG,ARI,ARI@NYG,True,1.0,,False,,,,,,,,,,,,,0.0,0.2668,0.30745,60,0.0,0.0,0.0,97.0,48.93846787733724,22.439967574577125,67.85729474309596,72.0,3.43705,2.0,5.0,74.0,0.30745,0.0,5.721,0.0026848875854960145,0.19204592689433111,0.2668
Patrick Ricard,RB,NYG,ARI,ARI@NYG,True,0.9508674235277402,Full,False,,,,,,,,,,,,,0.0,0.02217318200924758,0.022540983606557378,4,0.0,0.0,0.0,61.0,3.692341188463897,0.0,4.216200839914194,28.0,0.42349726775956287,0.0,1.0,4.0,0.022540983606557378,0.0,0.6014081546868432,0.0012952193829769384,0.020047456754605522,0.02108375644854489
Devin Singletary,RB,NYG,ARI,ARI@NYG,True,1.0,,False,,,,,,,,,,,,,0.05775,0.1667,0.18055,28,15.422902567909713,4.975998030449056,20.936224642592716,40.0,9.589708513461987,0.0,14.776542553064044,24.0,1.1205,0.0,2.0,17.0,0.1228,3.8148,1.589,0.13032656225796127,0.053710523098078396,0.1667
Cam Skattebo,RB,NYG,ARI,ARI@NYG,True,1.0,,False,,,,,,,,,,,,,0.244,0.2982,0.35085,85,47.58734211767988,28.438206087563618,61.764916137537526,79.0,17.565886858404795,4.2612121729273005,25.698653376180015,63.0,1.9422,1.0,3.0,69.0,0.10685,12.192,2.7605,0.4157126255641552,0.09252972581603958,0.2982
Tyrone Tracy Jr.,RB,NYG,ARI,ARI@NYG,True,0.9508674235277402,Full,False,,,,,,,,,,,,,0.0217150687819533,0.05813524482158857,0.05961102619511938,3,6.876329036972967,0.0,9.280562963838277,21.0,6.022684648342332,0.0,9.057377807661698,17.0,0.6771201180625099,0.0,1.0,17.0,0.03789595741316608,1.5890475939492963,0.9739102935750804,0.05496836392116209,0.032556244698139655,0.055278910459658326
Matthew Stafford,QB,LA,PHI,LA@PHI,True,1.0,,False,21.56235,19.0,24.0,93.0,252.99900205388124,193.33296647701823,302.0211931881853,87.0,1.322,1.0,2.0,77.0,0.09155,0.0883,0.09155,62,,,,,,,,,,,,,,,,,,0.0883
Davante Adams,WR,LA,PHI,LA@PHI,True,0.9479829842591244,Full,False,,,,,,,,,,,,,0.0,0.32969121140142515,0.3936658749010293,63,0.0,0.0,0.0,95.0,77.65881797334123,42.81718613419225,103.27282937353593,73.0,5.334811295856427,4.0,7.0,79.0,0.3936658749010293,0.0,9.510108207970442,0.0031610623920732108,0.19858760247758686,0.3125416584683289
Davis Allen,TE,LA,PHI,LA@PHI,True,1.0,,False,,,,,,,,,,,,,0.0,0.04445,0.04525,12,0.0,0.0,0.0,71.0,9.758352267553866,0.0,14.8298182532165,26.0,1.03475,0.0,2.0,13.0,0.04525,0.0,1.59335,0.0031610623920732108,0.03588219245948672,0.04445
Tutu Atwell,WR,LA,PHI,LA@PHI,True,1.0,,False,,,,,,,,,,,,,0.0,0.04255,0.04335,4,0.0,0.0,0.0,64.0,11.467092054972746,0.0,17.47921294928296,18.0,0.9286,0.0,1.0,32.0,0.04335,0.0,1.56105,0.004425487348902494,0.03211023049436882,0.04255
Alex Bachman,WR,LA,PHI,LA@PHI,True,1.0,,False,,,,,,,,,,,,,0.0,0.0087,0.00875,1,0.0,0.0,0.0,60.0,2.3779821811604784,0.0,0.0,60.0,0.1875,0.0,0.0,60.0,0.00875,0.0,0.31645,0.005531859186128118,0.006649207669315253,0.0087
Dean Connors,RB,LA,PHI,LA@PHI,True,1.0,,False,,,,,,,,,,,,,0.0055,0.0091,0.0092,1,0.8435373297441727,0.0,0.0,60.0,0.7110193942624171,0.0,0.0,60.0,0.0982,0.0,0.0,60.0,0.0037,0.1872,0.1388,0.006149077883509232,0.003046940170706678,0.0091
Blake Corum,RB,LA,PHI,LA@PHI,True,1.0,,False,,,,,,,,,,,,,0.25905,0.28305,0.3227,40,37.42105681619927,20.300182018545076,49.40379538384832,68.0,6.162314791814494,0.0,9.367804297852292,46.0,0.8526,0.0,1.0,56.0,0.06365,7.8551,1.2053,0.26616492567221123,0.025578523476510427,0.28305
Tyler Higbee,TE,LA,PHI,LA@PHI,True,0.8055616699684496,DNP,False,,,,,,,,,,,,,0.0,0.15621514437972486,0.16922790928243897,36,0.0,0.0,0.0,73.0,26.610854340159054,9.304448811375853,38.315367769995845,46.0,2.6577642830586194,1.0,4.0,46.0,0.16922790928243897,0.0,4.1081918453339945,0.0031610623920732108,0.09300987547845861,0.12584093258089363
Konata Mumpfield,WR,LA,PHI,LA@PHI,True,1.0,,False,,,,,,,,,,,,,0.0,0.0933,0.09815,30,0.0,0.0,0.0,82.0,16.77317255868929,0.0,25.412673103284682,37.0,1.2601,0.0,2.0,35.0,0.09815,0.0,2.35645,0.0031610623920732108,0.048509016879966,0.0933
Puka Nacua,WR,LA,PHI,LA@PHI,True,0.9479829842591244,Full,False,,,,,,,,,,,,,0.04133319292333614,0.3255054759898905,0.3871630160067397,40,1.3473450300479575,0.0,0.0,83.0,91.68716485925516,55.28073869183409,118.90037821809611,64.0,7.036015164279696,5.0,9.0,67.0,0.34582982308340354,0.30349620893007584,11.264953664700927,0.010326137147439155,0.23532980121091074,0.30857365252158314
Colby Parkinson,TE,LA,PHI,LA@PHI,True,0.4981574884199691,Questionable; DNP,False,,,,,,,,,,,,,0.0,0.11460203470975464,0.12178336325553561,10,0.0,0.0,0.0,34.0,14.660644309501201,0.0,21.94975841801072,11.0,1.528126870137642,0.0,2.0,14.0,0.12178336325553561,0.0,2.3022142429682826,0.0036879061240854124,0.05739634136622299,0.05708986177882949
Jordan Whittington,WR,LA,PHI,LA@PHI,True,1.0,,False,,,,,,,,,,,,,0.0,0.03645,0.0377,5,0.0,0.0,0.0,65.0,10.091353249635658,0.0,15.574319651614006,19.0,0.85245,0.0,1.0,30.0,0.0377,0.0,1.38495,0.0036879061240854124,0.0283203498503757,0.03645
Kyren Williams,RB,LA,PHI,LA@PHI,True,1.0,,False,,,,,,,,,,,,,0.6798,0.59025,0.8682,85,71.8090307473222,48.32954164977155,90.26222904594866,82.0,24.46498145108622,10.070421976273954,34.33168786065538,70.0,3.26285,2.0,4.0,82.0,0.1884,14.15575,4.64135,0.47929651004145757,0.09969113861169691,0.59025
Jalen Hurts,QB,PHI,LA,LA@PHI,True,1.0,,False,17.42935,15.0,20.0,91.0,160.84921390020773,120.07857687794623,193.97634252209548,86.0,1.47075,1.0,2.0,80.0,0.12205,0.1153,0.12205,62,,,,,,,,,,,,,,,,,,0.1153
Saquon Barkley,RB,PHI,LA,LA@PHI,True,1.0,,False,,,,,,,,,,,,,0.21635,0.29365,0.3442,64,54.871037645878644,34.40472871128593,70.11617112973778,74.0,14.96286355515772,4.484150168594133,21.814425528295157,59.0,2.35125,1.0,3.0,68.0,0.12785,12.11285,3.51855,0.43262906816732555,0.06458804284306881,0.29365
Tank Bigsby,RB,PHI,LA,LA@PHI,True,0.9508674235277402,Full,False,,,,,,,,,,,,,0.13634455985730773,0.1619452313503305,0.1762669184765502,51,25.782421814769787,11.902708464764391,34.38944997178888,55.0,5.052043135032975,0.0,7.625224978242624,37.0,0.7885321582205435,0.0,1.0,44.0,0.039922358619242475,6.322998636029798,1.15926975133774,0.22725689217010084,0.021265348623390593,0.15398844488669258
Darius Cooper,WR,PHI,LA,LA@PHI,True,0.9479829842591244,Full,False,,,,,,,,,,,,,0.0,0.2613288264497729,0.29840498573993873,38,0.0,0.0,0.0,72.0,16.503823306169366,0.0,24.838952643097834,29.0,1.512200274638217,0.0,2.0,34.0,0.29840498573993873,0.0,2.6806274426956795,0.003269221239832472,0.048662373019196126,0.24773528077079052
Britain Covey,WR,PHI,LA,LA@PHI,True,1.0,,False,,,,,,,,,,,,,0.0,0.0103,0.01035,1,0.0,0.0,0.0,60.0,2.085167324516337,0.0,0.0,60.0,0.19005,0.0,0.0,60.0,0.01035,0.0,0.3318,0.003269221239832472,0.006044617612485444,0.0103
Zach Ertz,TE,PHI,LA,LA@PHI,True,1.0,,False,,,,,,,,,,,,,0.0,0.22455,0.25205,14,0.0,0.0,0.0,68.0,32.42533911156774,14.859000498407385,44.781407824344974,40.0,3.71575,2.0,5.0,44.0,0.25205,0.0,6.0119,0.004576909735765461,0.11998560182124589,0.22455
E.J. Jenkins,TE,PHI,LA,LA@PHI,True,1.0,,False,,,,,,,,,,,,,0.0,0.0054,0.0054,1,0.0,0.0,0.0,60.0,0.8344117308191983,0.0,0.0,60.0,0.0909,0.0,0.0,60.0,0.0054,0.0,0.14625,0.003269221239832472,0.002908121407983334,0.0054
Makai Lemon,WR,PHI,LA,LA@PHI,True,1.0,,False,,,,,,,,,,,,,0.0035,0.22285,0.2462,26,0.8034363478489599,0.0,0.0,84.0,36.95768390289468,17.245271553390104,51.050483810152755,57.0,3.8396,2.0,5.0,61.0,0.2427,0.1868,6.716,0.00667466003132463,0.12135280513193081,0.22285
Johnny Mundt,TE,PHI,LA,LA@PHI,True,1.0,,False,,,,,,,,,,,,,0.0,0.04435,0.04535,7,0.0,0.0,0.0,66.0,6.818352985230554,0.0,10.288413192790497,21.0,0.79365,0.0,1.0,29.0,0.04535,0.0,1.2751,0.003269221239832472,0.025509007502868688,0.04435
Will Shipley,RB,PHI,LA,LA@PHI,True,0.9508674235277402,Full,False,,,,,,,,,,,,,0.06731021457426158,0.1287445569487435,0.13624678663239073,55,11.416222893067829,2.626994678434399,15.325622382868307,42.0,8.388059854659959,0.0,12.841279779246799,30.0,1.2849798016893133,0.0,2.0,30.0,0.06893657205812917,2.8636482870783273,1.8993756885787734,0.10242081262595748,0.03475311081167535,0.12241900515907217
Dontayvion Wicks,WR,PHI,LA,LA@PHI,True,1.0,,False,,,,,,,,,,,,,0.0,0.3774,0.46825,57,0.0,0.0,0.0,92.0,49.379279028077775,24.765174236131067,67.34426153059937,66.0,4.2494,3.0,6.0,71.0,0.46825,0.0,7.47545,0.003269221239832472,0.13463464780074746,0.3774
Jordan Love,QB,GB,TB,GB@TB,True,1.0,,False,21.0054,18.0,24.0,91.0,234.9069254982425,178.46440843537175,281.04311868609835,87.0,1.64575,1.0,2.0,82.0,0.02515,0.02505,0.02515,62,,,,,,,,,,,,,,,,,,0.02505
Chris Brooks,RB,GB,TB,GB@TB,True,1.0,,False,,,,,,,,,,,,,0.08485,0.12195,0.1297,51,13.511810011283242,4.034441674930788,18.14628248045392,45.0,7.438875593290842,0.0,11.438553903729677,31.0,1.0646,0.0,2.0,20.0,0.04485,3.44175,1.5074,0.15953856584065562,0.03422908462649621,0.12195
Matthew Golden,WR,GB,TB,GB@TB,True,1.0,,False,,,,,,,,,,,,,0.00305,0.3217,0.37525,72,0.6762784233669354,0.0,0.0,97.0,56.040957467215904,28.880184445206858,75.7463408504455,75.0,4.47365,3.0,6.0,80.0,0.3722,0.17735,7.8896,0.00812262644824608,0.18819997542987954,0.3217
Kaleb Johnson,RB,GB,TB,GB@TB,True,1.0,,False,,,,,,,,,,,,,0.10035,0.11115,0.117,30,19.838448200176597,8.464702550445887,26.29732103231442,50.0,2.652067395013848,0.0,2.1793205654261127,53.0,0.3809,0.0,1.0,17.0,0.01665,5.45805,0.5402,0.253271826831261,0.012013840949086021,0.11115
Tucker Kraft,TE,GB,TB,GB@TB,True,1.0,,False,,,,,,,,,,,,,0.01175,0.2873,0.33275,70,0.6540488616355169,0.0,0.0,97.0,49.18849579391119,25.80921206902665,66.20415181726224,74.0,4.7173,3.0,6.0,79.0,0.321,0.17375,7.306,0.00812262644824608,0.18331362184689942,0.2873
MarShawn Lloyd,RB,GB,TB,GB@TB,True,1.0,,False,,,,,,,,,,,,,0.1901,0.3014,0.3533,82,33.55040370808602,17.491895086605794,44.016631934131226,71.0,13.44670701387535,2.9495859802747635,19.783857562786732,57.0,1.96295,1.0,3.0,64.0,0.1632,9.9768,2.781,0.4635748829249969,0.06274155331360505,0.3014
Bo Melton,WR,GB,TB,GB@TB,True,1.0,,False,,,,,,,,,,,,,0.0,0.0435,0.0441,7,0.0,0.0,0.0,66.0,8.728524114307564,0.0,13.442756129951466,20.0,0.75905,0.0,1.0,27.0,0.0441,0.0,1.29355,0.0034811256206768917,0.031053572215054115,0.0435
J. Michael Sturdivant,WR,GB,TB,GB@TB,True,1.0,,False,,,,,,,,,,,,,0.0,0.03325,0.03375,7,0.0,0.0,0.0,66.0,7.236587742955113,0.0,10.94445052645861,21.0,0.64545,0.0,1.0,20.0,0.03375,0.0,1.07985,0.00406131322412304,0.025922737281007118,0.03325
Skyy Moore,WR,GB,TB,GB@TB,True,1.0,,False,,,,,,,,,,,,,0.0,0.16805,0.1825,45,0.0,0.0,0.0,81.0,17.29893807174766,1.7974945554249788,25.92187107394463,39.0,1.62415,1.0,2.0,62.0,0.1825,0.0,2.7936,0.0034811256206768917,0.06687632327675677,0.16805
Mark Redman,TE,GB,TB,GB@TB,True,1.0,,False,,,,,,,,,,,,,0.0,0.0191,0.0192,4,0.0,0.0,0.0,63.0,3.6163549590312827,0.0,3.046990051221356,38.0,0.3813,0.0,1.0,3.0,0.0192,0.0,0.58535,0.0034811256206768917,0.014614222037191142,0.0191
Jonnu Smith,TE,GB,TB,GB@TB,True,1.0,,False,,,,,,,,,,,,,0.0,0.0943,0.09835,18,0.0,0.0,0.0,71.0,14.441716845869793,0.2718509013606685,21.882112098832117,26.0,1.56425,1.0,2.0,52.0,0.09835,0.0,2.42385,0.0034811256206768917,0.06024863870336624,0.0943
Christian Watson,WR,GB,TB,GB@TB,True,1.0,,False,,,,,,,,,,,,,0.0,0.3587,0.43355,82,0.0,0.0,0.0,97.0,71.81041706295574,38.703199568418505,96.28529254435239,76.0,4.9476,3.0,6.0,82.0,0.43355,0.0,8.42885,0.0034811256206768917,0.20185851657403997,0.3587
Jalon Daniels,QB,TB,GB,GB@TB,True,1.0,,False,21.4618,18.0,24.0,63.0,217.95142791564137,166.57933294878495,259.4704691850391,58.0,0.8733,0.0,1.0,37.0,0.09715,0.0923,0.09715,30,,,,,,,,,,,,,,,,,,0.0923
Payne Durham,TE,TB,GB,GB@TB,True,1.0,,False,,,,,,,,,,,,,0.0,0.00625,0.00625,1,0.0,0.0,0.0,61.0,2.2068186142405124,0.0,0.0,61.0,0.2286,0.0,0.0,61.0,0.00625,0.0,0.3453,0.003287353969414842,0.009318311268794476,0.00625
Emeka Egbuka,WR,TB,GB,GB@TB,True,1.0,,False,,,,,,,,,,,,,0.00435,0.16385,0.1767,52,0.945356112505215,0.0,0.0,93.0,47.910078702070535,23.692998856761008,65.72733210976581,66.0,3.96205,2.0,5.0,70.0,0.17235,0.2117,6.77875,0.007670492595301297,0.20209923074861524,0.16385
Kenny Gainwell,RB,TB,GB,GB@TB,True,1.0,,False,,,,,,,,,,,,,0.09785,0.18605,0.2049,45,16.714066920742336,5.448798076544622,22.580666472115738,50.0,16.02116484114491,4.995063648166244,23.267441681254617,47.0,2.29805,1.0,3.0,55.0,0.10705,4.13485,3.07975,0.14945060347026437,0.09088058916832992,0.18605
Chris Godwin Jr.,WR,TB,GB,GB@TB,True,0.9479829842591244,Full,False,,,,,,,,,,,,,0.009085146841326854,0.10294739066131418,0.1084935558842172,26,1.628553621628566,0.0,0.0,80.0,33.64581550838915,14.52282304193161,47.125003659607614,53.0,3.2582928375237694,2.0,4.0,63.0,0.09940840904289035,0.3598140714134798,5.057046270864145,0.013149415877659368,0.15223889395602858,0.09759237462080253
Ted Hurst III,WR,TB,GB,GB@TB,True,1.0,,False,,,,,,,,,,,,,0.0,0.10285,0.10805,35,0.0,0.0,0.0,82.0,31.426686721719893,10.91517355728182,45.572010348282575,49.0,2.45825,1.0,3.0,57.0,0.10805,0.0,4.05825,0.003287353969414842,0.12114458694794951,0.10285
Bucky Irving,RB,TB,GB,GB@TB,True,0.9508674235277402,Full,False,,,,,,,,,,,,,0.35605423586293883,0.3952070632751734,0.48486441034265293,77,60.76260327342357,39.34202140990363,76.92460108701951,72.0,19.718535092228453,7.481513311950551,28.31573389240621,59.0,2.706537733865882,1.0,4.0,58.0,0.1288101744797141,13.691770023123818,3.5676897204120244,0.5290940125963268,0.10557880874949259,0.37578952201642873
Kameron Johnson,WR,TB,GB,GB@TB,True,1.0,,False,,,,,,,,,,,,,0.0,0.0122,0.0122,3,0.0,0.0,0.0,63.0,4.469080356664243,0.0,4.345585536076152,34.0,0.38465,0.0,1.0,3.0,0.0122,0.0,0.6308,0.003287353969414842,0.018780290334762667,0.0122
Tez Johnson,WR,TB,GB,GB@TB,True,1.0,,False,,,,,,,,,,,,,0.0084,0.0805,0.08375,24,1.5192689805571973,0.0,0.0,72.0,16.997733185720367,0.0,26.049147412965073,26.0,1.38605,0.0,2.0,29.0,0.07535,0.34255,2.28435,0.012301066466197472,0.06821727053543897,0.0805
Cade Otton,TE,TB,GB,GB@TB,True,1.0,,False,,,,,,,,,,,,,0.0,0.15235,0.162,45,0.0,0.0,0.0,91.0,44.44890611976649,23.261142161077814,60.157628094629075,66.0,4.6138,3.0,6.0,72.0,0.162,0.0,6.82845,0.003287353969414842,0.184557216811812,0.15235
Bauer Sharp,TE,TB,GB,GB@TB,True,1.0,,False,,,,,,,,,,,,,0.0,0.00235,0.00235,1,0.0,0.0,0.0,60.0,0.928943565066957,0.0,0.0,60.0,0.0931,0.0,0.0,60.0,0.00235,0.0,0.14,0.003287353969414842,0.0038560688890242425,0.00235
Sean Tucker,RB,TB,GB,GB@TB,True,1.0,,False,,,,,,,,,,,,,0.0628,0.0662,0.068,18,6.481767080728205,0.0,8.742520213582734,21.0,1.4579014859069517,0.0,0.0,62.0,0.2041,0.0,0.0,62.0,0.0052,1.49865,0.2792,0.05437529994803188,0.008240622121029903,0.0662
Josh Williams,RB,TB,GB,GB@TB,True,1.0,,False,,,,,,,,,,,,,0.0,0.00315,0.00315,1,0.0,0.0,0.0,60.0,0.7605614047889965,0.0,0.0,60.0,0.10425,0.0,0.0,60.0,0.00315,0.0,0.14315,0.0037781466713654385,0.004279524024042941,0.00315
Malik Willis,QB,MIA,MIN,MIA@MIN,True,1.0,,False,16.45945,14.0,19.0,91.0,198.15377735194005,149.1263633539656,237.88901711970448,87.0,0.6656,0.0,1.0,55.0,0.103,0.09815,0.103,62,,,,,,,,,,,,,,,,,,0.09815
Chris Bell,WR,MIA,MIN,MIA@MIN,True,0.9479829842591244,Full,False,,,,,,,,,,,,,0.0,0.09471016788089959,0.09856403758842783,22,0.0,0.0,0.0,77.0,40.49597125929409,15.405407880719297,57.69344388369153,47.0,2.768081511983951,1.0,4.0,46.0,0.09856403758842783,0.0,5.018266286558969,0.003156639636909862,0.11786435793031069,0.08978362758741787
Kevin Coleman Jr.,WR,MIA,MIN,MIA@MIN,True,1.0,,False,,,,,,,,,,,,,0.0,0.0753,0.07895,18,0.0,0.0,0.0,76.0,28.88521872250432,8.814720415363412,42.115187851473564,41.0,2.19755,1.0,3.0,49.0,0.07895,0.0,4.0327,0.003156639636909862,0.0937732613290441,0.0753
Greg Dulcich,TE,MIA,MIN,MIA@MIN,True,1.0,,False,,,,,,,,,,,,,0.0,0.16105,0.1745,32,0.0,0.0,0.0,79.0,34.9282109988617,13.923288376017322,49.52502446085536,49.0,2.9868,2.0,4.0,59.0,0.1745,0.0,4.70135,0.003156639636909862,0.09634596687614097,0.16105
Ollie Gordon II,RB,MIA,MIN,MIA@MIN,True,1.0,,False,,,,,,,,,,,,,0.2476,0.24545,0.2807,51,53.51482362372673,32.94986150357673,69.00352216779558,66.0,9.420564821993457,0.0,14.471388573577718,40.0,1.19035,0.0,2.0,36.0,0.0331,11.93285,1.74165,0.24174311254954098,0.03539247829399241,0.24545
DJ Herman,RB,MIA,MIN,MIA@MIN,True,1.0,,False,,,,,,,,,,,,,0.00535,0.0268,0.0272,4,1.1460899913632312,0.0,0.0,64.0,6.7885751298178105,0.0,10.315224764986127,18.0,0.82365,0.0,1.0,28.0,0.02185,0.2603,1.21675,0.005307124380015946,0.02491205840437122,0.0268
Will Kacmarek,TE,MIA,MIN,MIA@MIN,True,1.0,,False,,,,,,,,,,,,,0.0,0.0319,0.0325,7,0.0,0.0,0.0,66.0,11.367608319630667,0.0,17.72687156003432,20.0,1.03445,0.0,2.0,8.0,0.0325,0.0,1.68495,0.003156639636909862,0.03443170706299964,0.0319
Ryan Miller,WR,MIA,MIN,MIA@MIN,True,1.0,,False,,,,,,,,,,,,,0.0,0.0178,0.0183,7,0.0,0.0,0.0,66.0,7.968727367374121,0.0,11.022037139107734,25.0,0.51375,0.0,1.0,8.0,0.0183,0.0,0.89735,0.003156639636909862,0.020734875645646546,0.0178
Jalen Tolbert,WR,MIA,MIN,MIA@MIN,True,1.0,,False,,,,,,,,,,,,,0.0,0.03275,0.0333,1,0.0,0.0,0.0,61.0,11.966618325121093,0.0,18.574886119784697,15.0,0.8709,0.0,1.0,27.0,0.0333,0.0,1.5747,0.004419295491673807,0.0363517144733051,0.03275
Malik Washington,WR,MIA,MIN,MIA@MIN,True,1.0,,False,,,,,,,,,,,,,0.0224,0.1985,0.2202,55,5.524063743572628,0.0,7.291296302216286,60.0,58.707825900884494,32.048973132213504,79.1259540528114,76.0,4.9321,3.0,6.0,82.0,0.1978,1.259,8.5208,0.025264691310566866,0.1983090704070458,0.1985
Jaylen Wright,RB,MIA,MIN,MIA@MIN,True,0.9508674235277402,Full,False,,,,,,,,,,,,,0.13335438374907904,0.13609093779602147,0.14545837280286286,16,23.38912920679457,9.90511123481608,31.75596220935703,35.0,3.687676648235336,0.0,4.4930148930885005,27.0,0.4609514787917061,0.0,1.0,5.0,0.012103989053783811,5.780444163772234,0.6849279023260709,0.11830215969367812,0.013904828425627425,0.1294044393875769
Kyler Murray,QB,MIN,MIA,MIA@MIN,True,1.0,,False,18.3281,16.0,21.0,83.0,193.03039589345286,144.5352957326474,231.74313724179302,78.0,1.38715,1.0,2.0,70.0,0.07835,0.0753,0.07835,52,,,,,,,,,,,,,,,,,,0.0753
Jordan Addison,WR,MIN,MIA,MIA@MIN,True,1.0,,False,,,,,,,,,,,,,0.0067,0.3338,0.39415,44,1.066325996622933,0.0,0.0,95.0,63.040342384512954,32.31139233725024,85.46064518892109,70.0,4.5309,3.0,6.0,75.0,0.38745,0.25465,7.40445,0.005793007510784161,0.16800598234687883,0.3338
Gavin Bartholomew,TE,MIN,MIA,MIA@MIN,True,1.0,,False,,,,,,,,,,,,,0.0,0.01595,0.0161,2,0.0,0.0,0.0,62.0,2.658068893381329,0.0,0.0,62.0,0.2635,0.0,0.0,62.0,0.0161,0.0,0.37035,0.0027914492150410727,0.009011099977123474,0.01595
Max Bredeson,RB,MIN,MIA,MIA@MIN,True,1.0,,False,,,,,,,,,,,,,0.0,0.00765,0.0077,1,0.0,0.0,0.0,60.0,0.9842839914185916,0.0,0.0,60.0,0.1305,0.0,0.0,60.0,0.0077,0.0,0.1681,0.004693145207801837,0.004033226291906301,0.00765
Demond Claiborne,RB,MIN,MIA,MIA@MIN,True,1.0,,False,,,,,,,,,,,,,0.06105,0.08515,0.08865,6,7.977018897802394,0.15487023013753315,10.551141374318984,26.0,3.502350100024913,0.0,4.275372699736427,29.0,0.4735,0.0,1.0,5.0,0.0276,2.0762,0.6052,0.04805394306687309,0.014295876224277835,0.08515
DeeJay Dallas,RB,MIN,MIA,MIA@MIN,True,1.0,,False,,,,,,,,,,,,,0.02945,0.07725,0.08055,7,4.570132071981569,0.0,5.667584405865333,29.0,6.693177545105698,0.0,10.34630555203871,20.0,0.89315,0.0,1.0,32.0,0.0511,1.1206,1.1444,0.02608061566352346,0.027334465666994788,0.07725
Tai Felton,WR,MIN,MIA,MIA@MIN,True,1.0,,False,,,,,,,,,,,,,0.0,0.04195,0.04305,5,0.0,0.0,0.0,65.0,7.640140728035296,0.0,11.136406065006014,21.0,0.6072,0.0,1.0,15.0,0.04305,0.0,0.92975,0.0027914492150410727,0.021043022723246423,0.04195
T.J. Hockenson,TE,MIN,MIA,MIA@MIN,True,1.0,,False,,,,,,,,,,,,,0.0,0.38555,0.4781,55,0.0,0.0,0.0,97.0,55.609572445132954,31.69156115508867,73.4347580671316,77.0,5.7963,4.0,7.0,84.0,0.4781,0.0,7.8452,0.0027914492150410727,0.19282578375718704,0.38555
Jauan Jennings,WR,MIN,MIA,MIA@MIN,True,1.0,,False,,,,,,,,,,,,,0.0,0.1536,0.16425,7,0.0,0.0,0.0,66.0,28.470028269499913,9.117291836224567,41.255467282052706,33.0,2.40725,1.0,3.0,41.0,0.16425,0.0,3.7118,0.0032566907508812513,0.08442790028753078,0.1536
Aaron Jones,RB,MIN,MIA,MIA@MIN,True,0.9951309141019752,Limited,False,,,,,,,,,,,,,0.586624459853281,0.5647171138579037,0.7967540950658225,66,79.27166402066078,54.73124087669535,97.95444230954128,83.0,26.273692362153245,11.569298047098933,36.839992886093,71.0,3.5555220580846147,2.0,5.0,74.0,0.21012963521254147,19.802934378454427,4.729373932268114,0.4658590711844335,0.1129134423401349,0.5619674577224449
Jeshaun Jones,WR,MIN,MIA,MIA@MIN,True,1.0,,False,,,,,,,,,,,,,0.0,0.01585,0.0162,1,0.0,0.0,0.0,60.0,2.9798613307939164,0.0,0.0,60.0,0.23915,0.0,0.0,60.0,0.0162,0.0,0.36345,0.004885036126321876,0.008278647270481554,0.01585
Myles Price,WR,MIN,MIA,MIA@MIN,True,1.0,,False,,,,,,,,,,,,,0.0053,0.05545,0.05685,5,0.9603200468694657,0.0,0.0,65.0,8.666087877637764,0.0,13.175713118017956,19.0,0.7245,0.0,1.0,23.0,0.05155,0.24755,1.1048,0.005793007510784161,0.02536021165918079,0.05545
Patrick Mahomes,QB,KC,LV,KC@LV,True,0.98,Full,False,17.73327213382293,15.0,20.0,90.0,220.58971365455864,162.73468030537163,266.30886088735645,84.0,1.71812525499796,1.0,2.0,81.0,0.12066503467972256,0.11342309261525908,0.12066503467972256,60,,,,,,,,,,,,,,,,,,0.1111546307629539
Cyrus Allen,WR,KC,LV,KC@LV,True,1.0,,False,,,,,,,,,,,,,0.0,0.02245,0.02275,4,0.0,0.0,0.0,63.0,4.700424917058455,0.0,1.4454747101178254,54.0,0.31885,0.0,1.0,3.0,0.02275,0.0,0.5496,0.003460962269264519,0.018736283534051188,0.02245
Jake Briningstool,TE,KC,LV,KC@LV,True,1.0,,False,,,,,,,,,,,,,0.0,0.0278,0.0282,4,0.0,0.0,0.0,63.0,4.94298480974183,0.0,5.812918040901493,28.0,0.43075,0.0,1.0,3.0,0.0282,0.0,0.67695,0.003460962269264519,0.019693438009523376,0.0278
Noah Gray,TE,KC,LV,KC@LV,True,1.0,,False,,,,,,,,,,,,,0.0,0.1267,0.1348,20,0.0,0.0,0.0,73.0,15.917908354927079,0.0,23.978338729279475,28.0,1.4404,0.0,2.0,31.0,0.1348,0.0,2.3758,0.003460962269264519,0.0686125201588481,0.1267
Emmett Johnson,RB,KC,LV,KC@LV,True,1.0,,False,,,,,,,,,,,,,0.1585,0.18295,0.2002,25,25.740297064482043,11.772715701165431,34.85266024969859,50.0,6.2205562384777595,0.0,9.340429937940714,32.0,0.70375,0.0,1.0,35.0,0.0417,5.6213,1.00255,0.18757640662614591,0.0327211422993521,0.18295
Travis Kelce,TE,KC,LV,KC@LV,True,1.0,,False,,,,,,,,,,,,,0.0,0.29945,0.3525,50,0.0,0.0,0.0,95.0,53.58701691347791,26.885152835181586,73.05983284353695,69.0,4.28815,3.0,6.0,74.0,0.3525,0.0,6.68685,0.003460962269264519,0.19415953435282013,0.29945
Nikko Remigio,WR,KC,LV,KC@LV,True,1.0,,False,,,,,,,,,,,,,0.0,0.00395,0.00395,1,0.0,0.0,0.0,60.0,0.7344273985591693,0.0,0.0,60.0,0.053,0.0,0.0,60.0,0.00395,0.0,0.08885,0.003460962269264519,0.0030898924244793396,0.00395
Rashee Rice,WR,KC,LV,KC@LV,True,0.9479829842591244,Full,False,,,,,,,,,,,,,0.0,0.2970323124769385,0.34890095408781824,49,0.0,0.0,0.0,83.0,50.899622102285875,23.154322209735696,70.28567887237988,56.0,3.5457804016657004,2.0,5.0,59.0,0.34890095408781824,0.0,5.8749143429444945,0.003460962269264519,0.20219464020401473,0.28158157800327693
Jalen Royals,WR,KC,LV,KC@LV,True,1.0,,False,,,,,,,,,,,,,0.0,0.0556,0.05715,14,0.0,0.0,0.0,68.0,6.782383442759601,0.0,8.951579754959532,28.0,0.48875,0.0,1.0,8.0,0.05715,0.0,0.82945,0.003460962269264519,0.028656908667824194,0.0556
Brashard Smith,RB,KC,LV,KC@LV,True,1.0,,False,,,,,,,,,,,,,0.0107,0.0733,0.07555,7,1.7781569698114872,0.0,0.2683130286947964,57.0,4.849745146504746,0.0,6.952611022465687,18.0,0.5769,0.0,1.0,9.0,0.06485,0.3967,0.84865,0.01321666347103352,0.027715096664208794,0.0733
Tyquan Thornton,WR,KC,LV,KC@LV,True,1.0,,False,,,,,,,,,,,,,0.0,0.11805,0.12475,26,0.0,0.0,0.0,84.0,27.451120743733803,4.030976872124972,41.29973381801374,43.0,1.64855,1.0,2.0,66.0,0.12475,0.0,2.92595,0.003460962269264519,0.09951224195934513,0.11805
Ben VanSumeren,RB,KC,LV,KC@LV,True,1.0,,False,,,,,,,,,,,,,0.0,0.0046,0.0046,1,0.0,0.0,0.0,60.0,0.6202237805859805,0.0,0.0,60.0,0.07175,0.0,0.0,60.0,0.0046,0.0,0.10425,0.003443058650008414,0.003331406474270285,0.0046
Kenneth Walker III,RB,KC,LV,KC@LV,True,1.0,,False,,,,,,,,,,,,,0.73145,0.66305,1.03515,85,116.17064783010493,85.56857049128527,141.7907725991076,85.0,22.749874511086066,8.257643175255382,32.47495295974418,68.0,2.62925,1.0,4.0,66.0,0.3037,18.8513,3.7396,0.6276431018248757,0.12066586120949652,0.66305
Xavier Worthy,WR,KC,LV,KC@LV,True,1.0,,False,,,,,,,,,,,,,0.0,0.28475,0.3307,61,0.0,0.0,0.0,95.0,39.526065077844876,16.146419473535882,55.67099405532659,65.0,2.98015,2.0,4.0,75.0,0.3307,0.0,5.20325,0.003460962269264519,0.1768154211934652,0.28475
Kirk Cousins,QB,LV,KC,KC@LV,True,1.0,,False,20.6109,18.0,24.0,91.0,218.35625269629898,166.5062613559685,260.91117636097493,87.0,1.4639,1.0,2.0,80.0,0.03295,0.03265,0.03295,62,,,,,,,,,,,,,,,,,,0.03265
Cody White,WR,LV,KC,KC@LV,True,0.9575230478992892,Limited,False,,,,,,,,,,,,,0.0,0.15291046724092927,0.16653615244061604,38,0.0,0.0,0.0,73.0,14.884969908424022,0.0,22.866746288375946,29.0,1.1798486034977813,0.0,2.0,24.0,0.16653615244061604,0.0,2.017749934742887,0.0034255578784995926,0.054762679400640224,0.14641529664823902
Malik Benson,WR,LV,KC,KC@LV,True,0.9479829842591244,Full,False,,,,,,,,,,,,,0.003213570751238015,0.0358760931408703,0.03656095248129807,7,0.7610896558449097,0.0,0.0,63.0,7.546744416794355,0.0,11.153470030907531,21.0,0.604203982720472,0.0,1.0,16.0,0.033347381730060056,0.19971551996628384,1.0405647455484144,0.006511646057328055,0.028399677261067607,0.03400992583924053
Brock Bowers,TE,LV,KC,KC@LV,True,0.9575230478992892,Limited,False,,,,,,,,,,,,,0.0,0.3410597755155312,0.4083007047768207,50,0.0,0.0,0.0,88.0,66.31075250867198,38.98374552522023,87.27137822187265,67.0,6.323570869224746,4.0,8.0,70.0,0.4083007047768207,0.0,9.774367006003654,0.00479578102989943,0.25034393203975536,0.32657259576747877
Connor Heyward,RB,LV,KC,KC@LV,True,1.0,,False,,,,,,,,,,,,,0.0224,0.029,0.03,4,5.2404022961234995,0.0,6.599442576211427,26.0,1.1716722364321068,0.0,0.0,64.0,0.1548,0.0,0.0,64.0,0.0076,1.4604,0.22225,0.04752383222992902,0.006114776369486277,0.029
Ashton Jeanty,RB,LV,KC,KC@LV,True,0.9508674235277402,Full,False,,,,,,,,,,,,,0.3460425979489876,0.4775177491454115,0.6331843281619773,84,58.247801809924134,36.87651309483691,74.05601830703762,77.0,28.284100140979124,13.094084394518765,39.27821208498527,69.0,3.822193005521956,2.0,5.0,73.0,0.2871417302129897,17.196423875887458,5.468577438864055,0.6071335481671585,0.14573538844504513,0.4540560718186632
Dylan Laube,RB,LV,KC,KC@LV,True,1.0,,False,,,,,,,,,,,,,0.00335,0.0074,0.00745,1,0.8506289091246625,0.0,0.0,60.0,0.5872672866477182,0.0,0.0,60.0,0.0792,0.0,0.0,60.0,0.0041,0.213,0.1135,0.007110179280823846,0.003048724462912178,0.0074
Michael Mayer,TE,LV,KC,KC@LV,True,1.0,,False,,,,,,,,,,,,,0.0,0.2307,0.25765,53,0.0,0.0,0.0,97.0,38.949779736448775,18.82050386726785,53.32343134573235,72.0,4.03135,2.0,5.0,76.0,0.25765,0.0,6.246,0.0034255578784995926,0.156591426382505,0.2307
Jalen Nailor,WR,LV,KC,KC@LV,True,1.0,,False,,,,,,,,,,,,,0.0,0.12385,0.1318,25,0.0,0.0,0.0,78.0,24.398789238427014,5.4294693819446165,35.98620897265836,40.0,1.8954,1.0,3.0,46.0,0.1318,0.0,3.3301,0.0034255578784995926,0.08944908339636284,0.12385
Ian Thomas,TE,LV,KC,KC@LV,True,1.0,,False,,,,,,,,,,,,,0.0,0.0254,0.0258,5,0.0,0.0,0.0,65.0,5.0619402171708385,0.0,7.048550662657109,23.0,0.50485,0.0,1.0,5.0,0.0258,0.0,0.792,0.0034255578784995926,0.0198833975145798,0.0254
Tre Tucker,WR,LV,KC,KC@LV,True,1.0,,False,,,,,,,,,,,,,0.0,0.19285,0.2114,46,0.0,0.0,0.0,97.0,44.767737934014285,19.14427301652787,62.41640128161749,68.0,3.3129,2.0,4.25,76.0,0.2114,0.0,5.6421,0.0034255578784995926,0.15231366414891231,0.19285
Mike Washington Jr.,RB,LV,KC,KC@LV,True,1.0,,False,,,,,,,,,,,,,0.1166,0.12655,0.1354,33,28.885200901437983,12.97132738685371,38.27579412708353,54.0,3.024251110478268,0.0,3.10499011759474,49.0,0.4038,0.0,1.0,20.0,0.0188,6.9859,0.58205,0.2280741146327831,0.015570692276569792,0.12655
Dareke Young,WR,LV,KC,KC@LV,True,1.0,,False,,,,,,,,,,,,,0.0,0.01945,0.01965,5,0.0,0.0,0.0,65.0,4.335201292854837,0.0,1.9675898960035403,51.0,0.3328,0.0,1.0,5.0,0.01965,0.0,0.55965,0.0034255578784995926,0.01503844061738861,0.01945
Justin Herbert,QB,LAC,SEA,LAC@SEA,True,1.0,,False,17.7372,15.0,20.0,92.0,177.41710282813722,132.8372083966903,213.5091302995218,86.0,1.0627,0.0,2.0,44.0,0.1128,0.10685,0.1128,62,,,,,,,,,,,,,,,,,,0.10685
Derius Davis,WR,LAC,SEA,LAC@SEA,True,1.0,,False,,,,,,,,,,,,,0.0,0.01855,0.01865,5,0.0,0.0,0.0,65.0,4.3617267092329985,0.0,3.931726941940648,38.0,0.39015,0.0,1.0,5.0,0.01865,0.0,0.6756,0.0032887126712387916,0.015441017995093948,0.01855
Oronde Gadsden II,TE,LAC,SEA,LAC@SEA,True,1.0,,False,,,,,,,,,,,,,0.003,0.1838,0.19975,37,0.8100633657593429,0.0,0.0,84.0,29.618769643743313,11.953442176993956,42.034422402466525,54.0,3.0482,2.0,4.0,64.0,0.19675,0.19665,4.83555,0.006714455037112532,0.11684819885310287,0.1838
Omarion Hampton,RB,LAC,SEA,LAC@SEA,True,1.0,,False,,,,,,,,,,,,,0.32005,0.32325,0.38525,85,56.71239786926098,35.89381700111624,72.19759709139281,81.0,11.4228946888477,1.8366134613510419,17.051966317111194,60.0,1.7963,1.0,3.0,67.0,0.0652,14.1389,2.4812,0.497073526770105,0.05605332974370755,0.32325
Tre Harris,WR,LAC,SEA,LAC@SEA,True,1.0,,False,,,,,,,,,,,,,0.0,0.2215,0.24995,53,0.0,0.0,0.0,94.0,38.788806190151014,16.833173550015257,54.25147916775634,65.0,3.3229,2.0,5.0,67.0,0.24995,0.0,5.64795,0.0032887126712387916,0.12922691808948278,0.2215
Patrick Herbert,TE,LAC,SEA,LAC@SEA,True,1.0,,False,,,,,,,,,,,,,0.0,0.00425,0.0043,1,0.0,0.0,0.0,60.0,0.9893938285645115,0.0,0.0,60.0,0.10905,0.0,0.0,60.0,0.0043,0.0,0.16785,0.0046041977397343085,0.0040823085174451264,0.00425
Alec Ingold,RB,LAC,SEA,LAC@SEA,True,1.0,,False,,,,,,,,,,,,,0.0,0.05975,0.06085,11,0.0,0.0,0.0,65.0,4.36791404000012,0.0,6.422436568039046,21.0,0.64865,0.0,1.0,19.0,0.06085,0.0,0.9397,0.0036952945753489157,0.02139757814074709,0.05975
Quentin Johnston,WR,LAC,SEA,LAC@SEA,True,1.0,,False,,,,,,,,,,,,,0.00525,0.1713,0.1862,33,1.0740297254412223,0.0,0.0,90.0,45.60493155009752,21.03984797825837,63.13825625868835,63.0,3.6851,2.0,5.0,66.0,0.18095,0.28155,6.7232,0.010140197402986275,0.15388130756618928,0.1713
Ladd McConkey,WR,LAC,SEA,LAC@SEA,True,0.6667342299285288,Questionable; Limited,False,,,,,,,,,,,,,0.0,0.20297179061698598,0.22484537637652738,27,0.0,0.0,0.0,58.0,38.382066872612405,16.35685359994787,53.73851059901111,39.0,3.2862422688188264,2.0,4.0,46.0,0.22484537637652738,0.0,5.6664655302458895,0.0032887126712387916,0.14996745811321108,0.13532824051423073
Keaton Mitchell,RB,LAC,SEA,LAC@SEA,True,0.9508674235277402,Full,False,,,,,,,,,,,,,0.11569162903056401,0.19430732065959458,0.21300283583657179,54,25.52705282838367,11.890265422146566,34.19085345636046,62.0,11.220001794803517,1.5461509695840887,16.856881375339988,48.0,1.7280222665686378,1.0,3.0,54.0,0.09731120680600777,5.937506564436509,2.4838252284423903,0.20949279853215524,0.05638636291142218,0.18476050136816716
Hayden Rucci,TE,LAC,SEA,LAC@SEA,True,1.0,,False,,,,,,,,,,,,,0.0,0.0046,0.0046,1,0.0,0.0,0.0,60.0,0.846285686732213,0.0,0.0,60.0,0.09765,0.0,0.0,60.0,0.0046,0.0,0.15155,0.0046041977397343085,0.003587966470410755,0.0046
Marquez Valdes-Scantling,WR,LAC,SEA,LAC@SEA,True,1.0,,False,,,,,,,,,,,,,0.0,0.0421,0.04305,3,0.0,0.0,0.0,63.0,9.670065652555582,0.0,15.02705137872588,16.0,0.86,0.0,1.0,28.0,0.04305,0.0,1.5705,0.0046041977397343085,0.036091110957891595,0.0421
Kimani Vidal,RB,LAC,SEA,LAC@SEA,True,1.0,,False,,,,,,,,,,,,,0.0493,0.09395,0.09825,19,11.405442329926057,2.463441927613122,15.324278082683708,38.0,8.162454588978214,0.0,12.506139241313603,26.0,1.21045,0.0,2.0,22.0,0.04895,2.7309,1.7888,0.09531117616028195,0.04046362227468789,0.09395
Sam Darnold,QB,SEA,LAC,LAC@SEA,True,1.0,,False,18.76225,16.0,22.0,81.0,243.9471578427514,182.19520316679169,293.83414974827843,77.0,1.73815,1.0,2.0,73.0,0.0446,0.04385,0.0446,51,,,,,,,,,,,,,,,,,,0.04385
Elijah Arroyo,TE,SEA,LAC,LAC@SEA,True,1.0,,False,,,,,,,,,,,,,0.0,0.0398,0.04085,2,0.0,0.0,0.0,62.0,6.81127423914785,0.0,10.152686303805647,17.0,0.62205,0.0,1.0,13.0,0.04085,0.0,0.94355,0.003262229815323455,0.02872645490818688,0.0398
AJ Barner,TE,SEA,LAC,LAC@SEA,True,1.0,,False,,,,,,,,,,,,,0.02905,0.29255,0.3386,54,1.141421400151081,0.0,0.0,84.0,34.33406036766536,14.245925983112514,48.41803458056175,54.0,3.09745,2.0,4.0,65.0,0.30955,0.262,4.4585,0.005980754661426334,0.13364013716976386,0.29255
Montorie Foster Jr,WR,SEA,LAC,LAC@SEA,True,1.0,,False,,,,,,,,,,,,,0.0,0.012,0.01205,1,0.0,0.0,0.0,60.0,2.3590236234452338,0.0,0.0,60.0,0.17095,0.0,0.0,60.0,0.01205,0.0,0.2749,0.005708902176816046,0.00854305500139244,0.012
George Holani,RB,SEA,LAC,LAC@SEA,True,0.9951309141019752,Limited,False,,,,,,,,,,,,,0.25065366049879323,0.29992960579243766,0.3512670957361223,66,31.280185978117757,15.541227195522682,41.66236542462843,60.0,9.950187755593792,0.0,15.316160725718206,39.0,1.2102775543041029,0.0,2.0,36.0,0.10061343523732905,7.701779967819791,1.61695494770716,0.17829966896321653,0.047136227034003074,0.29846922277847354
Tory Horton,WR,SEA,LAC,LAC@SEA,True,1.0,,False,,,,,,,,,,,,,0.0,0.08165,0.0847,7,0.0,0.0,0.0,66.0,16.960039843046893,0.0,25.643496165132078,21.0,1.22955,0.0,2.0,18.0,0.0847,0.0,1.96625,0.0038059347845440313,0.06098935874830184,0.08165
Cooper Kupp,WR,SEA,LAC,LAC@SEA,True,1.0,,False,,,,,,,,,,,,,0.0,0.17355,0.1893,27,0.0,0.0,0.0,79.0,33.22815652077907,10.920234144893923,47.8478642094742,46.0,2.4063,1.0,3.0,54.0,0.1893,0.0,3.73555,0.003262229815323455,0.11564225014598997,0.17355
Brady Russell,RB,SEA,LAC,LAC@SEA,True,1.0,,False,,,,,,,,,,,,,0.0,0.02115,0.0215,4,0.0,0.0,0.0,64.0,3.412196789683813,0.0,3.5266721601137765,33.0,0.4098,0.0,1.0,4.0,0.0215,0.0,0.5447,0.0028565878489370602,0.015908084359317815,0.02115
Eric Saubert,TE,SEA,LAC,LAC@SEA,True,1.0,,False,,,,,,,,,,,,,0.0,0.0861,0.08985,16,0.0,0.0,0.0,65.0,4.786002971579827,0.0,5.574184262006956,30.0,0.43895,0.0,1.0,5.0,0.08985,0.0,0.6468,0.003262229815323455,0.019484648712587753,0.0861
Rashid Shaheed,WR,SEA,LAC,LAC@SEA,True,0.9479829842591244,Full,False,,,,,,,,,,,,,0.011853959222380275,0.18123386544439177,0.19756598703967124,30,2.416464569261272,0.0,1.864751181930297,58.0,35.09910475447854,13.306652167783017,50.16036928466346,50.0,2.7326273642063117,1.0,4.0,48.0,0.185712027817291,0.5406459090669617,4.454243717401612,0.012571117924706042,0.1384342180920213,0.17180662061279112
Jaxon Smith-Njigba,WR,SEA,LAC,LAC@SEA,True,1.0,,False,,,,,,,,,,,,,0.0,0.5142,0.70015,85,0.0,0.0,0.0,97.0,107.11408441536148,64.587168411576,139.12762544946463,79.0,6.8076,5.0,9.0,82.0,0.70015,0.0,10.1748,0.003262229815323455,0.3117321820838493,0.5142
Emanuel Wilson,RB,SEA,LAC,LAC@SEA,True,1.0,,False,,,,,,,,,,,,,0.5506,0.4834,0.6472,85,67.45977234385417,44.358963627402446,85.27101681335775,82.0,9.237735518091712,0.0,14.14420102963598,54.0,1.1118,0.0,2.0,46.0,0.0966,16.66375,1.4909,0.3854656705746217,0.04332789584955171,0.4834
Bo Nix,QB,DEN,SF,DEN@SF,True,1.0,,False,20.69575,18.0,23.0,93.0,208.1225589434139,158.11731969848506,248.36339902573175,87.0,1.5929,1.0,2.0,81.0,0.15395,0.1428,0.15395,62,,,,,,,,,,,,,,,,,,0.1428
Nate Adkins,TE,DEN,SF,DEN@SF,True,1.0,,False,,,,,,,,,,,,,0.00545,0.125,0.1332,25,0.8685849038072058,0.0,0.0,68.0,7.243677141746194,0.0,11.107538227830208,22.0,0.75445,0.0,1.0,28.0,0.12775,0.20165,1.17165,0.006422897744400225,0.030238715716941568,0.125
Tyler Badie,RB,DEN,SF,DEN@SF,True,1.0,,False,,,,,,,,,,,,,0.0316,0.14345,0.1543,23,5.074201392483079,0.0,6.604292943046837,32.0,8.978974336342374,0.0,13.564191135322208,25.0,1.2205,0.0,2.0,22.0,0.1227,1.21695,1.81045,0.03909802006384808,0.046025053483506904,0.14345
Pat Bryant,WR,DEN,SF,DEN@SF,True,1.0,,False,,,,,,,,,,,,,0.0066,0.11805,0.1247,27,0.8492697060276844,0.0,0.0,79.0,21.25207406611513,3.5701813778985034,31.661962725823162,40.0,1.73365,1.0,3.0,45.0,0.1181,0.1967,2.90725,0.006422897744400225,0.07903685310951225,0.11805
J.K. Dobbins,RB,DEN,SF,DEN@SF,True,0.9508674235277402,Full,False,,,,,,,,,,,,,0.47324669858473195,0.4056926395538486,0.5086547061608881,69,51.96756706944207,31.95831679587993,66.55619709617963,72.0,5.107584764301666,0.0,7.797236783056915,48.0,0.7252065028673647,0.0,1.0,52.0,0.035408007576156156,12.928184353133057,1.0364602514862946,0.4410053888598924,0.02628217469292448,0.3857599149167362
Evan Engram,TE,DEN,SF,DEN@SF,True,1.0,,False,,,,,,,,,,,,,0.0,0.1585,0.17085,28,0.0,0.0,0.0,81.0,24.36587056096252,8.76929712950037,35.19605839350572,48.0,2.59255,1.0,4.0,46.0,0.17085,0.0,4.1497,0.0029321924485305375,0.10736752306578656,0.1585
Troy Franklin,WR,DEN,SF,DEN@SF,True,1.0,,False,,,,,,,,,,,,,0.00805,0.1221,0.1288,13,1.3010133888091158,0.0,0.0,66.0,19.315522775745926,2.1020853564862976,29.080533317097927,24.0,1.62245,1.0,2.0,48.0,0.12075,0.29385,2.78275,0.009448175667487287,0.07607370667536914,0.1221
RJ Harvey,RB,DEN,SF,DEN@SF,True,1.0,,False,,,,,,,,,,,,,0.17085,0.3459,0.4162,51,25.91757023988115,11.315579198748562,34.8332142831013,69.0,27.30021132163182,12.926221445404865,37.40278215918879,69.0,3.89225,2.0,5.0,73.0,0.24535,6.21485,5.38385,0.20073208573694062,0.1365977071880779,0.3459
Lil'Jordan Humphrey,WR,DEN,SF,DEN@SF,True,1.0,,False,,,,,,,,,,,,,0.0,0.0572,0.05905,1,0.0,0.0,0.0,61.0,11.38918572817412,0.0,17.56988556628408,15.0,0.95595,0.0,2.0,1.0,0.05905,0.0,1.7062,0.00513133678492844,0.0467505019066748,0.0572
Kolbe Katsis,WR,DEN,SF,DEN@SF,True,1.0,,False,,,,,,,,,,,,,0.0,0.0074,0.0074,1,0.0,0.0,0.0,60.0,1.5852074821879762,0.0,0.0,60.0,0.13015,0.0,0.0,60.0,0.0074,0.0,0.2177,0.00513133678492844,0.005869234307416399,0.0074
Marvin Mims Jr.,WR,DEN,SF,DEN@SF,True,0.9479829842591244,Full,False,,,,,,,,,,,,,0.0,0.06742754957134592,0.06995213801083469,4,0.0,0.0,0.0,61.0,12.358154211122304,0.0,19.205153549448163,16.0,1.2273707463314574,0.0,2.0,14.0,0.06995213801083469,0.0,2.0322410981959713,0.004105069427942753,0.05571593851608424,0.06392016966392455
Adam Prentice,RB,DEN,SF,DEN@SF,True,1.0,,False,,,,,,,,,,,,,0.0,0.0113,0.0113,1,0.0,0.0,0.0,61.0,1.551373815890971,0.0,0.0,61.0,0.2192,0.0,0.0,61.0,0.0113,0.0,0.3089,0.0037039147476530692,0.008033467134708908,0.0113
Courtland Sutton,WR,DEN,SF,DEN@SF,True,1.0,,False,,,,,,,,,,,,,0.0,0.2875,0.3335,66,0.0,0.0,0.0,95.0,36.33038456812199,15.111790355805407,50.8925863079572,66.0,3.1032,2.0,4.0,76.0,0.3335,0.0,5.5594,0.0029321924485305375,0.15152625818913287,0.2875
Adam Trautman,TE,DEN,SF,DEN@SF,True,1.0,,False,,,,,,,,,,,,,0.0,0.03455,0.0352,7,0.0,0.0,0.0,66.0,6.279276754495553,0.0,9.296793198819552,22.0,0.66705,0.0,1.0,21.0,0.0352,0.0,0.98315,0.0029321924485305375,0.025166779502502058,0.03455
Jaylen Waddle,WR,DEN,SF,DEN@SF,True,0.9479829842591244,Full,False,,,,,,,,,,,,,0.005276766397551581,0.21291752414120627,0.23814046752150284,47,0.9097695622906244,0.0,0.0,95.0,43.13409280968643,20.11944295857132,59.67528222710331,69.0,3.63273705873041,2.0,5.0,71.0,0.23286370112395124,0.20790459606353226,6.206268798480291,0.006841782379904587,0.16910443801837943,0.20184218993644487
Brock Purdy,QB,SF,DEN,DEN@SF,True,1.0,,False,18.6755,16.0,21.0,92.0,228.02668998124255,169.54531726063956,276.34334711299135,86.0,1.83325,1.0,3.0,67.0,0.12045,0.1144,0.12045,62,,,,,,,,,,,,,,,,,,0.1144
Kaelon Black,RB,SF,DEN,DEN@SF,True,1.0,,False,,,,,,,,,,,,,0.23885,0.23175,0.26245,48,38.51633034642372,20.13181871916017,51.15764387698316,59.0,3.143889608852299,0.0,2.546823119485912,59.0,0.3691,0.0,1.0,23.0,0.0236,7.6681,0.52695,0.23535440655223241,0.013060571821693389,0.23175
Brandin Cooks,WR,SF,DEN,DEN@SF,True,1.0,,False,,,,,,,,,,,,,0.0,0.07055,0.0729,1,0.0,0.0,0.0,61.0,13.655401865713047,0.0,20.938931194660114,15.0,0.9527,0.0,1.0,30.0,0.0729,0.0,1.61515,0.005374325016067712,0.042895629934630516,0.07055
Jacob Cowing,WR,SF,DEN,DEN@SF,True,1.0,,False,,,,,,,,,,,,,0.00525,0.0405,0.0411,5,0.9997764906109798,0.0,0.0,65.0,7.077230077672908,0.0,9.261943323578853,26.0,0.4886,0.0,1.0,5.0,0.03585,0.19435,0.8385,0.005995845596157175,0.022039752282132303,0.0405
Mike Evans,WR,SF,DEN,DEN@SF,True,0.6667342299285288,Questionable; Limited,False,,,,,,,,,,,,,0.0,0.31706399939836055,0.3773783560201549,35,0.0,0.0,0.0,66.0,53.34728306403457,24.66050446863946,73.21288649873547,47.0,3.712190719711213,2.0,5.0,49.0,0.3773783560201549,0.0,6.338046175829135,0.0030710428663244076,0.19581578636827604,0.21139742147692545
Luke Farrell,TE,SF,DEN,DEN@SF,True,1.0,,False,,,,,,,,,,,,,0.0,0.0317,0.03225,5,0.0,0.0,0.0,65.0,5.540577612878965,0.0,7.1639087681291045,26.0,0.47295,0.0,1.0,5.0,0.03225,0.0,0.7302,0.0030710428663244076,0.020232908814165798,0.0317
Jordan James,RB,SF,DEN,DEN@SF,True,1.0,,False,,,,,,,,,,,,,0.072,0.0773,0.0804,2,13.320165188368597,2.729495410755135,18.699451010248055,26.0,1.1870846926699643,0.0,0.0,62.0,0.1357,0.0,0.0,62.0,0.0084,2.54925,0.1948,0.07812553672694611,0.0047922598112984304,0.0773
Kyle Juszczyk,RB,SF,DEN,DEN@SF,True,1.0,,False,,,,,,,,,,,,,0.0,0.15585,0.16885,20,0.0,0.0,0.0,68.0,12.762782375636862,0.0,19.27552563501226,23.0,1.382,0.0,2.0,25.0,0.16885,0.0,1.90635,0.002997415283144682,0.04771474741454408,0.15585
George Kittle,TE,SF,DEN,DEN@SF,True,1.0,,False,,,,,,,,,,,,,0.0,0.3981,0.493,66,0.0,0.0,0.0,95.0,58.70970170672446,30.053338319344885,79.51139256718186,70.0,4.64815,3.0,6.0,76.0,0.493,0.0,6.8971,0.0030710428663244076,0.18884963429795898,0.3981
Christian McCaffrey,RB,SF,DEN,DEN@SF,True,0.9508674235277402,Full,False,,,,,,,,,,,,,0.5357199179940072,0.6339168375124848,0.9526888503390633,84,71.78868774021578,48.09912753408795,90.86471282721277,78.0,43.75108293791983,22.587560630529868,59.25940727745967,71.0,4.828418230563003,3.0,6.0,77.0,0.416968932345056,13.645902328759922,6.8316774430952005,0.43406771894400925,0.17103836063161115,0.6027708700163497
Deebo Samuel Sr.,WR,SF,DEN,DEN@SF,True,1.0,,False,,,,,,,,,,,,,0.02515,0.32625,0.3858,46,4.745326194923904,0.0,6.30949009280797,47.0,49.84649673867153,21.60367456823946,69.77446836959678,58.0,3.4837,2.0,5.0,61.0,0.36065,0.9176,5.6539,0.02795070537895178,0.14850278240898987,0.32625
Jordan Watkins,WR,SF,DEN,DEN@SF,True,1.0,,False,,,,,,,,,,,,,0.0,0.0572,0.05815,3,0.0,0.0,0.0,63.0,12.148687492552368,0.0,18.28887387776715,18.0,0.76705,0.0,1.0,24.0,0.05815,0.0,1.27765,0.004299460012854171,0.033760965478700264,0.0572
Brayden Willis,TE,SF,DEN,DEN@SF,True,1.0,,False,,,,,,,,,,,,,0.0,0.0053,0.0053,1,0.0,0.0,0.0,60.0,0.7436042337933352,0.0,0.0,60.0,0.06525,0.0,0.0,60.0,0.0053,0.0,0.10555,0.003582883344045142,0.002838696348869022,0.0053
Jared Goff,QB,DET,CAR,DET@CAR,True,1.0,,False,22.43735,19.0,25.0,92.0,249.8026372229958,188.88663955345996,298.91675319199794,87.0,1.77115,1.0,3.0,66.0,0.05815,0.05665,0.05815,62,,,,,,,,,,,,,,,,,,0.05665
Jahmyr Gibbs,RB,DET,CAR,DET@CAR,True,1.0,,False,,,,,,,,,,,,,1.13475,0.79235,1.4508,85,102.99607207841778,75.03748040920223,126.45811458162962,85.0,32.461869648790184,15.825479573248442,44.498261505598364,74.0,4.1365,3.0,6.0,78.0,0.31605,20.26785,5.63985,0.7751850110497327,0.16214117450103904,0.79235
Tom Kennedy,WR,DET,CAR,DET@CAR,True,1.0,,False,,,,,,,,,,,,,0.0,0.01245,0.01245,1,0.0,0.0,0.0,60.0,2.918341302501191,0.0,0.0,60.0,0.23275,0.0,0.0,60.0,0.01245,0.0,0.3824,0.0038415130614106482,0.010432581648908028,0.01245
Sam LaPorta,TE,DET,CAR,DET@CAR,True,1.0,,False,,,,,,,,,,,,,0.0,0.3439,0.4119,72,0.0,0.0,0.0,97.0,58.53202291614538,32.39124252469726,77.46996504874835,77.0,5.4575,4.0,7.0,84.0,0.4119,0.0,8.0119,0.0038415130614106482,0.19841174899369102,0.3439
Tay Martin,WR,DET,CAR,DET@CAR,True,1.0,,False,,,,,,,,,,,,,0.0,0.01165,0.01165,1,0.0,0.0,0.0,60.0,2.370882612583843,0.0,0.0,60.0,0.18755,0.0,0.0,60.0,0.01165,0.0,0.3118,0.0038415130614106482,0.008621968304882667,0.01165
Jackson Meeks,WR,DET,CAR,DET@CAR,True,1.0,,False,,,,,,,,,,,,,0.0,0.02505,0.02525,2,0.0,0.0,0.0,62.0,5.547488578603667,0.0,6.443911080917408,27.0,0.43965,0.0,1.0,2.0,0.02525,0.0,0.7231,0.0038415130614106482,0.019737743915269484,0.02505
Jacob Saylors,RB,DET,CAR,DET@CAR,True,1.0,,False,,,,,,,,,,,,,0.01115,0.01705,0.01725,1,1.304507421039234,0.0,0.0,60.0,0.8444229665684001,0.0,0.0,60.0,0.1112,0.0,0.0,60.0,0.0061,0.2634,0.1541,0.010091520359368623,0.004511173780891067,0.01705
Amon-Ra St. Brown,WR,DET,CAR,DET@CAR,True,1.0,,False,,,,,,,,,,,,,0.0,0.4548,0.59425,85,0.0,0.0,0.0,97.0,71.97318181774556,42.26736628056954,94.12681164583023,78.0,6.4469,5.0,8.0,86.0,0.59425,0.0,10.41565,0.0038415130614106482,0.28363227156916554,0.4548
Isaac TeSlaa,WR,DET,CAR,DET@CAR,True,1.0,,False,,,,,,,,,,,,,0.0,0.1429,0.15285,41,0.0,0.0,0.0,87.0,23.4310315432822,2.527872630224576,35.38498176330318,45.0,1.6044,1.0,2.0,69.0,0.15285,0.0,2.7465,0.0038415130614106482,0.07567463907937996,0.1429
Sione Vaki,RB,DET,CAR,DET@CAR,True,1.0,,False,,,,,,,,,,,,,0.1344,0.15855,0.1717,19,16.3622176954222,5.148525338147197,22.76564594596345,40.0,5.895424074071947,0.0,9.013047957743751,27.0,0.76745,0.0,1.0,34.0,0.0373,3.32165,1.05755,0.12687938776265129,0.030165145527173934,0.15855
Jameson Williams,WR,DET,CAR,DET@CAR,True,1.0,,False,,,,,,,,,,,,,0.0,0.2072,0.22915,50,0.0,0.0,0.0,97.0,52.412199834123165,23.36479794078674,72.94069688067417,72.0,3.50955,2.0,5.0,74.0,0.22915,0.0,5.8024,0.0038415130614106482,0.1581149233879144,0.2072
Brock Wright,TE,DET,CAR,DET@CAR,True,1.0,,False,,,,,,,,,,,,,0.0,0.0619,0.064,9,0.0,0.0,0.0,68.0,11.678338155378922,0.0,17.936125389202896,22.0,1.1697,0.0,2.0,17.0,0.064,0.0,1.8214,0.0038415130614106482,0.04523149968397011,0.0619
Bryce Young,QB,CAR,DET,DET@CAR,True,0.98,Full,False,23.65925434793696,21.0,27.0,91.0,288.94386467535156,221.95329820129132,342.81263259659215,86.0,1.565971336767481,1.0,2.0,79.0,0.10154536645075739,0.09598612740347835,0.10154536645075739,60,,,,,,,,,,,,,,,,,,0.09406640485540878
Jalen Coker,WR,CAR,DET,DET@CAR,True,0.6667342299285288,Questionable; Limited,False,,,,,,,,,,,,,0.0,0.29157894736842105,0.33789473684210525,44,0.0,0.0,0.0,63.0,54.78932602775753,26.4345345075413,75.48612860264372,45.0,4.182631578947368,3.0,6.0,49.0,0.33789473684210525,0.0,6.213684210526316,0.0035307351427573174,0.15147965006591754,0.19440566493705524
AJ Dillon,RB,CAR,DET,DET@CAR,True,1.0,,False,,,,,,,,,,,,,0.1253,0.12945,0.139,15,18.85533299150726,6.244428429554196,25.495465907431257,43.0,2.9719752379104905,0.0,2.0417207731370763,53.0,0.37135,0.0,1.0,14.0,0.0137,4.6801,0.49695,0.13199343321025747,0.009712745580033936,0.12945
Mitchell Evans,TE,CAR,DET,DET@CAR,True,1.0,,False,,,,,,,,,,,,,0.0,0.1094,0.1154,23,0.0,0.0,0.0,71.0,13.923989073621348,0.0,21.302482165022482,25.0,1.29695,0.0,2.0,25.0,0.1154,0.0,1.86365,0.003026344408077701,0.037352850608313046,0.1094
Feleipe Franks,TE,CAR,DET,DET@CAR,True,1.0,,False,,,,,,,,,,,,,0.0,0.00235,0.00235,1,0.0,0.0,0.0,60.0,0.5223681229786845,0.0,0.0,60.0,0.049,0.0,0.0,60.0,0.00235,0.0,0.0707,0.003026344408077701,0.0015210066250703376,0.00235
Jimmy Horn Jr.,WR,CAR,DET,DET@CAR,True,1.0,,False,,,,,,,,,,,,,0.0,0.045,0.046,1,0.0,0.0,0.0,61.0,12.72909040870487,0.0,19.8511021372189,14.0,0.9541,0.0,1.0,30.0,0.046,0.0,1.53115,0.005296102714135976,0.03248095748972875,0.045
Chuba Hubbard,RB,CAR,DET,DET@CAR,True,0.9508674235277402,Full,False,,,,,,,,,,,,,0.558801814154625,0.5269486341103259,0.7213374116654362,84,76.47610715508117,52.3576276741052,95.48872956226091,79.0,18.907387551595928,5.454073826908271,27.65090437817802,61.0,2.366206096403333,1.0,3.0,71.0,0.1625355975108111,15.798280772070457,3.1529374538550785,0.49135500995861664,0.062163413551186875,0.5010582900479474
Tetairoa McMillan,WR,CAR,DET,DET@CAR,True,1.0,,False,,,,,,,,,,,,,0.0,0.37025,0.4531,71,0.0,0.0,0.0,97.0,94.56895470252182,54.697727218863335,124.60909075047613,78.0,6.30905,4.0,8.0,81.0,0.4531,0.0,10.2559,0.003026344408077701,0.21779607881569354,0.37025
John Metchie III,WR,CAR,DET,DET@CAR,True,1.0,,False,,,,,,,,,,,,,0.0,0.12065,0.1274,23,0.0,0.0,0.0,76.0,24.552484365329637,5.635895023284191,36.33793716308597,38.0,2.00875,1.0,3.0,46.0,0.1274,0.0,3.22565,0.0035307351427573174,0.06815146549448262,0.12065
David Moore,WR,CAR,DET,DET@CAR,True,1.0,,False,,,,,,,,,,,,,0.0,0.0171,0.01715,3,0.0,0.0,0.0,63.0,5.042635713246195,0.0,3.762574329131894,40.0,0.37475,0.0,1.0,3.0,0.01715,0.0,0.596,0.0042368821713087805,0.012619781290885682,0.0171
Ja'Seem Reed,WR,CAR,DET,DET@CAR,True,1.0,,False,,,,,,,,,,,,,0.0,0.01805,0.0182,1,0.0,0.0,0.0,61.0,5.292727668250231,0.0,4.62475751315439,35.0,0.3942,0.0,1.0,1.0,0.0182,0.0,0.63145,0.005296102714135976,0.01306068359160382,0.01805
Brycen Tremayne,WR,CAR,DET,DET@CAR,True,1.0,,False,,,,,,,,,,,,,0.0,0.0506,0.05155,16,0.0,0.0,0.0,74.0,15.177744151252217,0.0,23.650756303180803,28.0,1.0611,0.0,2.0,18.0,0.05155,0.0,1.69955,0.003026344408077701,0.03602429211252918,0.0506
Tommy Tremble,TE,CAR,DET,DET@CAR,True,1.0,,False,,,,,,,,,,,,,0.0,0.15935,0.1738,32,0.0,0.0,0.0,84.0,33.26916159821054,13.548813717178929,46.9834237518225,54.0,3.23565,2.0,4.0,65.0,0.1738,0.0,4.71415,0.003026344408077701,0.09560103471134852,0.15935
Anthony Tyus III,RB,CAR,DET,DET@CAR,True,1.0,,False,,,,,,,,,,,,,0.0,0.00355,0.00355,1,0.0,0.0,0.0,60.0,0.8142466407887253,0.0,0.0,60.0,0.10295,0.0,0.0,60.0,0.00355,0.0,0.13805,0.002464806349763803,0.002746441433877648,0.00355
Darren Waller,TE,CAR,DET,DET@CAR,True,0.9479829842591244,Full,False,,,,,,,,,,,,,0.0,0.22153862333701424,0.24914550139349004,42,0.0,0.0,0.0,86.0,48.779812843035025,24.425989803353694,66.50531103983464,61.0,4.401219961087448,3.0,6.0,66.0,0.24914550139349004,0.0,6.48114844612715,0.003026344408077701,0.13116439683901093,0.21001484527968087
Michael Penix Jr.,QB,ATL,NO,ATL@NO,False,1.0,,False,17.00315,14.0,20.0,57.0,185.26936870669132,137.7938451076779,223.53642523730466,54.0,1.3248,1.0,2.0,45.0,0.0533,0.0519,0.0533,26,,,,,,,,,,,,,,,,,,0.0519
Chris Blair,WR,ATL,NO,ATL@NO,False,1.0,,False,,,,,,,,,,,,,0.0,0.0412,0.04185,5,0.0,0.0,0.0,65.0,6.197543608035274,0.0,8.703556922540907,23.0,0.5159,0.0,1.0,7.0,0.04185,0.0,0.85615,0.003686234688171161,0.029359713507702022,0.0412
Zachariah Branch,WR,ATL,NO,ATL@NO,False,1.0,,False,,,,,,,,,,,,,0.0,0.0511,0.05265,7,0.0,0.0,0.0,66.0,8.599908102801521,0.0,13.153522662499448,21.0,0.7338,0.0,1.0,26.0,0.05265,0.0,1.21195,0.003686234688171161,0.0412946700509672,0.0511
Jahan Dotson,WR,ATL,NO,ATL@NO,False,1.0,,False,,,,,,,,,,,,,0.0,0.14595,0.157,18,0.0,0.0,0.0,76.0,22.945383894980292,5.896530821474299,33.74908758627552,40.0,1.94275,1.0,3.0,45.0,0.157,0.0,3.3793,0.003686234688171161,0.11497225072911339,0.14595
Austin Hooper,TE,ATL,NO,ATL@NO,False,1.0,,False,,,,,,,,,,,,,0.0,0.13455,0.1442,16,0.0,0.0,0.0,70.0,11.655440037469106,0.0,17.99635924227245,23.0,1.17505,0.0,2.0,19.0,0.1442,0.0,1.74875,0.003686234688171161,0.05920537550407646,0.13455
Drake London,WR,ATL,NO,ATL@NO,False,1.0,,False,,,,,,,,,,,,,0.0092,0.31265,0.36655,33,1.8153133805952646,0.0,0.0,90.0,66.8477951476363,35.72567537444303,90.01043463454965,66.0,4.70255,3.0,6.0,71.0,0.35735,0.3809,7.69275,0.011489755701436724,0.2610326419999095,0.31265
Nick Muse,TE,ATL,NO,ATL@NO,False,1.0,,False,,,,,,,,,,,,,0.0,0.0106,0.01065,1,0.0,0.0,0.0,60.0,1.3648427972794515,0.0,0.0,60.0,0.13925,0.0,0.0,60.0,0.01065,0.0,0.21335,0.003686234688171161,0.007150789762353575,0.0106
Kyle Pitts,TE,ATL,NO,ATL@NO,False,1.0,,False,,,,,,,,,,,,,0.0,0.1879,0.2051,11,0.0,0.0,0.0,70.0,28.14358866960305,11.323198949368095,39.76567854965235,39.0,2.8787,2.0,4.0,49.0,0.2051,0.0,4.33465,0.003686234688171161,0.14632157177459895,0.1879
Bijan Robinson,RB,ATL,NO,ATL@NO,False,1.0,,False,,,,,,,,,,,,,0.6414,0.60745,0.8887,85,96.68994768494355,69.21651516062386,119.02253285753358,85.0,30.39536302850187,14.677512893322973,42.15393063758277,73.0,3.8264,2.0,5.0,76.0,0.2473,17.41005,5.31835,0.531278601853038,0.20319122728193406,0.60745
Brian Robinson,RB,ATL,NO,ATL@NO,False,1.0,,False,,,,,,,,,,,,,0.22995,0.22775,0.25535,30,37.38519071353263,19.7630334112905,49.896657275007286,58.0,2.6237860881796595,0.0,2.334682316715016,56.0,0.36875,0.0,1.0,23.0,0.0254,7.6443,0.51365,0.23370088360555538,0.019608096488972607,0.22775
Charlie Woerner,TE,ATL,NO,ATL@NO,False,1.0,,False,,,,,,,,,,,,,0.0,0.0207,0.0211,2,0.0,0.0,0.0,62.0,2.7484589281468863,0.0,0.0,62.0,0.2791,0.0,0.0,62.0,0.0211,0.0,0.4307,0.003686234688171161,0.014721993370818004,0.0207
Olamide Zaccheaus,WR,ATL,NO,ATL@NO,False,1.0,,False,,,,,,,,,,,,,0.0,0.1201,0.12635,11,0.0,0.0,0.0,70.0,16.80460464198224,2.454548499072928,25.10266012210952,29.0,1.6506,1.0,2.0,51.0,0.12635,0.0,2.74645,0.003686234688171161,0.0944351738251504,0.1201
Tyler Shough,QB,NO,ATL,ATL@NO,False,1.0,,False,22.12225,19.0,25.0,92.0,243.59172694017198,185.6557595264331,291.1154457813914,87.0,1.9569,1.0,3.0,69.0,0.15175,0.14075,0.15175,62,,,,,,,,,,,,,,,,,,0.14075
Kevin Austin Jr.,WR,NO,ATL,ATL@NO,False,1.0,,False,,,,,,,,,,,,,0.0,0.0755,0.0778,2,0.0,0.0,0.0,62.0,13.86809330166708,0.0,21.2798732661183,16.0,1.1008,0.0,2.0,7.0,0.0778,0.0,1.91455,0.003332389871668485,0.044291850698501146,0.0755
Barion Brown,WR,NO,ATL,ATL@NO,False,0.9479829842591244,Full,False,,,,,,,,,,,,,0.007901390644753476,0.02291403286978508,0.023230088495575223,1,1.5393650803373449,0.0,0.0,57.0,3.049527741736911,0.0,0.0,57.0,0.2402549515381374,0.0,0.0,57.0,0.015328697850821745,0.38564053940160137,0.39591234723978086,0.009330691640671757,0.009074282181376526,0.02172211326131053
Oscar Delp,TE,NO,ATL,ATL@NO,False,1.0,,False,,,,,,,,,,,,,0.0,0.03155,0.03195,1,0.0,0.0,0.0,61.0,5.296195464702778,0.0,6.957408619394752,22.0,0.52285,0.0,1.0,4.0,0.03195,0.0,0.81045,0.003998867846002182,0.01677375977595977,0.03155
CJ Donaldson,RB,NO,ATL,ATL@NO,False,1.0,,False,,,,,,,,,,,,,0.05975,0.082,0.08515,11,6.4811188290708115,0.0,8.480148322559762,26.0,3.224852777472383,0.0,3.4520653220126594,33.0,0.42975,0.0,1.0,5.0,0.0254,1.62385,0.61375,0.03908062596400464,0.013371007488053786,0.082
Juwan Johnson,TE,NO,ATL,ATL@NO,False,1.0,,False,,,,,,,,,,,,,0.0,0.4496,0.57635,66,0.0,0.0,0.0,90.0,57.02925272629825,31.29783545350817,76.03494527205771,67.0,5.35295,4.0,7.0,74.0,0.57635,0.0,8.1721,0.003332389871668485,0.1697533667800427,0.4496
Alvin Kamara,RB,NO,ATL,ATL@NO,False,1.0,,False,,,,,,,,,,,,,0.2311,0.3771,0.4648,36,39.55864327665554,21.885629950294827,51.63745928213123,55.0,23.48014171716378,10.090899996453667,32.74752325782087,49.0,3.43965,2.0,5.0,52.0,0.2337,10.91985,4.77355,0.26317348302825083,0.1033163552853583,0.3771
Bryce Lance,WR,NO,ATL,ATL@NO,False,1.0,,False,,,,,,,,,,,,,0.0,0.07655,0.07935,14,0.0,0.0,0.0,73.0,14.084499956881471,0.0,21.75115054991737,26.0,1.11405,0.0,2.0,19.0,0.07935,0.0,1.90985,0.003332389871668485,0.04472201059179554,0.07655
Kendre Miller,RB,NO,ATL,ATL@NO,False,1.0,,False,,,,,,,,,,,,,0.19995,0.22515,0.25005,23,28.013203400693786,13.29902735346743,37.33638647535416,45.0,6.409414468791587,0.0,9.748407553371816,25.0,0.85675,0.0,1.0,36.0,0.0501,7.19745,1.22505,0.17286051574649386,0.026414792220666394,0.22515
Jalen Cropper,WR,NO,ATL,ATL@NO,False,1.0,,False,,,,,,,,,,,,,0.0,0.01555,0.0157,1,0.0,0.0,0.0,60.0,2.868070516737512,0.0,0.0,60.0,0.23085,0.0,0.0,60.0,0.0157,0.0,0.39025,0.0049985848075027265,0.009020588203971934,0.01555
Chris Olave,WR,NO,ATL,ATL@NO,False,1.0,,False,,,,,,,,,,,,,0.0,0.46475,0.6043,66,0.0,0.0,0.0,97.0,90.83708835508472,54.76312954213817,117.7984907932852,79.0,6.97995,5.0,9.0,83.0,0.6043,0.0,11.4821,0.003332389871668485,0.2664160110167168,0.46475
Devaughn Vele,WR,NO,ATL,ATL@NO,False,1.0,,False,,,,,,,,,,,,,0.0,0.2904,0.3372,55,0.0,0.0,0.0,95.0,39.91243573427451,17.155943528768876,55.93897826960265,66.0,3.33915,2.0,5.0,68.0,0.3372,0.0,5.6219,0.003332389871668485,0.13046428301322247,0.2904
Treyton Welch,TE,NO,ATL,ATL@NO,False,0.8055616699684496,DNP,False,,,,,,,,,,,,,0.0,0.007759155803848541,0.007759155803848541,1,0.0,0.0,0.0,48.0,1.3783297005117316,0.0,0.0,48.0,0.13600248292985723,0.0,0.0,48.0,0.007759155803848541,0.0,0.2116697703289882,0.003998867846002182,0.004365721037379572,0.0062504785068936185
