player,team,opp,pos,game,market,prob,fair_odds,rush_td_mean,rec_td_mean,confidence,injury_flag,key_drivers,p_active,note
Aaron Rodgers,PIT,CLE,QB,PIT@CLE,anytime_td,0.01985,4938,0.02005,0.0,B,-,team att 36.4; ypa 6.68; opp d_ypa 0.99; pass rate 63.1%,1.0,PLAYED (final score in nflverse)
Aaron Rodgers,PIT,CLE,QB,PIT@CLE,first_td,0.004956785714285714,20074,0.02005,0.0,B,-,team att 36.4; ypa 6.68; opp d_ypa 0.99; pass rate 63.1%,1.0,PLAYED (final score in nflverse)
Aaron Rodgers,PIT,CLE,QB,PIT@CLE,last_td,0.004956785714285714,20074,0.02005,0.0,B,-,team att 36.4; ypa 6.68; opp d_ypa 0.99; pass rate 63.1%,1.0,PLAYED (final score in nflverse)
Aaron Rodgers,PIT,CLE,QB,PIT@CLE,2plus_td,0.0002,499900,0.02005,0.0,B,-,team att 36.4; ypa 6.68; opp d_ypa 0.99; pass rate 63.1%,1.0,PLAYED (final score in nflverse)
Germie Bernard,PIT,CLE,WR,PIT@CLE,anytime_td,0.12035,731,0.0,0.1272,C,-,tgt_sh 4.9%; team att 36.4; opp DvP 0.95; RZ tgt 2,1.0,PLAYED (final score in nflverse)
Germie Bernard,PIT,CLE,WR,PIT@CLE,first_td,0.03118599025974026,3107,0.0,0.1272,C,-,tgt_sh 4.9%; team att 36.4; opp DvP 0.95; RZ tgt 2,1.0,PLAYED (final score in nflverse)
Germie Bernard,PIT,CLE,WR,PIT@CLE,last_td,0.03118599025974026,3107,0.0,0.1272,C,-,tgt_sh 4.9%; team att 36.4; opp DvP 0.95; RZ tgt 2,1.0,PLAYED (final score in nflverse)
Germie Bernard,PIT,CLE,WR,PIT@CLE,2plus_td,0.00685,14499,0.0,0.1272,C,-,tgt_sh 4.9%; team att 36.4; opp DvP 0.95; RZ tgt 2,1.0,PLAYED (final score in nflverse)
Pat Freiermuth,PIT,CLE,TE,PIT@CLE,anytime_td,0.2385,319,0.00445,0.26325,B,-,tgt_sh 13.2%; team att 36.4; opp DvP 0.90; RZ tgt 3,1.0,PLAYED (final score in nflverse)
Pat Freiermuth,PIT,CLE,TE,PIT@CLE,first_td,0.06666698593073594,1400,0.00445,0.26325,B,-,tgt_sh 13.2%; team att 36.4; opp DvP 0.90; RZ tgt 3,1.0,PLAYED (final score in nflverse)
Pat Freiermuth,PIT,CLE,TE,PIT@CLE,last_td,0.06666698593073594,1400,0.00445,0.26325,B,-,tgt_sh 13.2%; team att 36.4; opp DvP 0.90; RZ tgt 3,1.0,PLAYED (final score in nflverse)
Pat Freiermuth,PIT,CLE,TE,PIT@CLE,2plus_td,0.02775,3504,0.00445,0.26325,B,-,tgt_sh 13.2%; team att 36.4; opp DvP 0.90; RZ tgt 3,1.0,PLAYED (final score in nflverse)
Eli Heidenreich,PIT,CLE,RB,PIT@CLE,anytime_td,0.0158,6229,0.00415,0.01175,C,-,w_td 0.01; team TD 2.08,1.0,PLAYED (final score in nflverse)
Eli Heidenreich,PIT,CLE,RB,PIT@CLE,first_td,0.0037841865079365077,26326,0.00415,0.01175,C,-,w_td 0.01; team TD 2.08,1.0,PLAYED (final score in nflverse)
Eli Heidenreich,PIT,CLE,RB,PIT@CLE,last_td,0.0037841865079365077,26326,0.00415,0.01175,C,-,w_td 0.01; team TD 2.08,1.0,PLAYED (final score in nflverse)
Eli Heidenreich,PIT,CLE,RB,PIT@CLE,2plus_td,0.0001,999900,0.00415,0.01175,C,-,w_td 0.01; team TD 2.08,1.0,PLAYED (final score in nflverse)
Travis Homer,PIT,CLE,RB,PIT@CLE,anytime_td,0.05725,1647,0.0506,0.0084,C,-,w_td 0.11; team TD 2.08,1.0,PLAYED (final score in nflverse)
Travis Homer,PIT,CLE,RB,PIT@CLE,first_td,0.014569884559884559,6763,0.0506,0.0084,C,-,w_td 0.11; team TD 2.08,1.0,PLAYED (final score in nflverse)
Travis Homer,PIT,CLE,RB,PIT@CLE,last_td,0.014569884559884559,6763,0.0506,0.0084,C,-,w_td 0.11; team TD 2.08,1.0,PLAYED (final score in nflverse)
Travis Homer,PIT,CLE,RB,PIT@CLE,2plus_td,0.00175,57043,0.0506,0.0084,C,-,w_td 0.11; team TD 2.08,1.0,PLAYED (final score in nflverse)
DK Metcalf,PIT,CLE,WR,PIT@CLE,anytime_td,0.2851,251,0.0,0.3322,B,-,tgt_sh 22.2%; team att 36.4; opp DvP 0.95; RZ tgt 1,1.0,PLAYED (final score in nflverse)
DK Metcalf,PIT,CLE,WR,PIT@CLE,first_td,0.08249262806637807,1112,0.0,0.3322,B,-,tgt_sh 22.2%; team att 36.4; opp DvP 0.95; RZ tgt 1,1.0,PLAYED (final score in nflverse)
DK Metcalf,PIT,CLE,WR,PIT@CLE,last_td,0.08249262806637807,1112,0.0,0.3322,B,-,tgt_sh 22.2%; team att 36.4; opp DvP 0.95; RZ tgt 1,1.0,PLAYED (final score in nflverse)
DK Metcalf,PIT,CLE,WR,PIT@CLE,2plus_td,0.04265,2245,0.0,0.3322,B,-,tgt_sh 22.2%; team att 36.4; opp DvP 0.95; RZ tgt 1,1.0,PLAYED (final score in nflverse)
Lew Nichols III,PIT,CLE,RB,PIT@CLE,anytime_td,0.03465,2786,0.02795,0.0075,C,-,w_td 0.06; team TD 2.08,1.0,PLAYED (final score in nflverse)
Lew Nichols III,PIT,CLE,RB,PIT@CLE,first_td,0.008909507575757576,11124,0.02795,0.0075,C,-,w_td 0.06; team TD 2.08,1.0,PLAYED (final score in nflverse)
Lew Nichols III,PIT,CLE,RB,PIT@CLE,last_td,0.008909507575757576,11124,0.02795,0.0075,C,-,w_td 0.06; team TD 2.08,1.0,PLAYED (final score in nflverse)
Lew Nichols III,PIT,CLE,RB,PIT@CLE,2plus_td,0.0008,124900,0.02795,0.0075,C,-,w_td 0.06; team TD 2.08,1.0,PLAYED (final score in nflverse)
Michael Pittman,PIT,CLE,WR,PIT@CLE,anytime_td,0.1651,506,0.0,0.17955,C,-,tgt_sh 13.5%; team att 36.4; opp DvP 0.95; RZ tgt 0,1.0,PLAYED (final score in nflverse)
Michael Pittman,PIT,CLE,WR,PIT@CLE,first_td,0.04461699675324675,2141,0.0,0.17955,C,-,tgt_sh 13.5%; team att 36.4; opp DvP 0.95; RZ tgt 0,1.0,PLAYED (final score in nflverse)
Michael Pittman,PIT,CLE,WR,PIT@CLE,last_td,0.04461699675324675,2141,0.0,0.17955,C,-,tgt_sh 13.5%; team att 36.4; opp DvP 0.95; RZ tgt 0,1.0,PLAYED (final score in nflverse)
Michael Pittman,PIT,CLE,WR,PIT@CLE,2plus_td,0.01375,7173,0.0,0.17955,C,-,tgt_sh 13.5%; team att 36.4; opp DvP 0.95; RZ tgt 0,1.0,PLAYED (final score in nflverse)
Ben Skowronek,PIT,CLE,WR,PIT@CLE,anytime_td,0.05645,1671,0.0,0.0576,C,-,w_td 0.03; team TD 2.08,1.0,PLAYED (final score in nflverse)
Ben Skowronek,PIT,CLE,WR,PIT@CLE,first_td,0.014225878427128427,6929,0.0,0.0576,C,-,w_td 0.03; team TD 2.08,1.0,PLAYED (final score in nflverse)
Ben Skowronek,PIT,CLE,WR,PIT@CLE,last_td,0.014225878427128427,6929,0.0,0.0576,C,-,w_td 0.03; team TD 2.08,1.0,PLAYED (final score in nflverse)
Ben Skowronek,PIT,CLE,WR,PIT@CLE,2plus_td,0.0011,90809,0.0,0.0576,C,-,w_td 0.03; team TD 2.08,1.0,PLAYED (final score in nflverse)
Robert Tonyan,PIT,CLE,TE,PIT@CLE,anytime_td,0.04115,2330,0.0,0.042,C,-,w_td 0.02; team TD 2.08,1.0,PLAYED (final score in nflverse)
Robert Tonyan,PIT,CLE,TE,PIT@CLE,first_td,0.010469206349206348,9452,0.0,0.042,C,-,w_td 0.02; team TD 2.08,1.0,PLAYED (final score in nflverse)
Robert Tonyan,PIT,CLE,TE,PIT@CLE,last_td,0.010469206349206348,9452,0.0,0.042,C,-,w_td 0.02; team TD 2.08,1.0,PLAYED (final score in nflverse)
Robert Tonyan,PIT,CLE,TE,PIT@CLE,2plus_td,0.00085,117547,0.0,0.042,C,-,w_td 0.02; team TD 2.08,1.0,PLAYED (final score in nflverse)
Jaylen Warren,PIT,CLE,RB,PIT@CLE,anytime_td,0.4132,142,0.21555,0.2995,B,-,tgt_sh 11.9%; team att 36.4; opp DvP 1.05; RZ tgt 4; car_sh 47.8%; team rush 23.1; opp d_ypc 1.05; inside-10 car 0,1.0,PLAYED (final score in nflverse)
Jaylen Warren,PIT,CLE,RB,PIT@CLE,first_td,0.13129469516594516,662,0.21555,0.2995,B,-,tgt_sh 11.9%; team att 36.4; opp DvP 1.05; RZ tgt 4; car_sh 47.8%; team rush 23.1; opp d_ypc 1.05; inside-10 car 0,1.0,PLAYED (final score in nflverse)
Jaylen Warren,PIT,CLE,RB,PIT@CLE,last_td,0.13129469516594516,662,0.21555,0.2995,B,-,tgt_sh 11.9%; team att 36.4; opp DvP 1.05; RZ tgt 4; car_sh 47.8%; team rush 23.1; opp d_ypc 1.05; inside-10 car 0,1.0,PLAYED (final score in nflverse)
Jaylen Warren,PIT,CLE,RB,PIT@CLE,2plus_td,0.0884,1031,0.21555,0.2995,B,-,tgt_sh 11.9%; team att 36.4; opp DvP 1.05; RZ tgt 4; car_sh 47.8%; team rush 23.1; opp d_ypc 1.05; inside-10 car 0,1.0,PLAYED (final score in nflverse)
Darnell Washington,PIT,CLE,TE,PIT@CLE,anytime_td,0.1495,569,0.0,0.16135,C,-,tgt_sh 8.0%; team att 36.4; opp DvP 0.90; RZ tgt 2,1.0,PLAYED (final score in nflverse)
Darnell Washington,PIT,CLE,TE,PIT@CLE,first_td,0.04069692821067821,2357,0.0,0.16135,C,-,tgt_sh 8.0%; team att 36.4; opp DvP 0.90; RZ tgt 2,1.0,PLAYED (final score in nflverse)
Darnell Washington,PIT,CLE,TE,PIT@CLE,last_td,0.04069692821067821,2357,0.0,0.16135,C,-,tgt_sh 8.0%; team att 36.4; opp DvP 0.90; RZ tgt 2,1.0,PLAYED (final score in nflverse)
Darnell Washington,PIT,CLE,TE,PIT@CLE,2plus_td,0.01115,8869,0.0,0.16135,C,-,tgt_sh 8.0%; team att 36.4; opp DvP 0.90; RZ tgt 2,1.0,PLAYED (final score in nflverse)
Roman Wilson,PIT,CLE,WR,PIT@CLE,anytime_td,0.20285,393,0.0,0.22505,B,-,tgt_sh 12.0%; team att 36.4; opp DvP 0.95; RZ tgt 2,1.0,PLAYED (final score in nflverse)
Roman Wilson,PIT,CLE,WR,PIT@CLE,first_td,0.05675012445887446,1662,0.0,0.22505,B,-,tgt_sh 12.0%; team att 36.4; opp DvP 0.95; RZ tgt 2,1.0,PLAYED (final score in nflverse)
Roman Wilson,PIT,CLE,WR,PIT@CLE,last_td,0.05675012445887446,1662,0.0,0.22505,B,-,tgt_sh 12.0%; team att 36.4; opp DvP 0.95; RZ tgt 2,1.0,PLAYED (final score in nflverse)
Roman Wilson,PIT,CLE,WR,PIT@CLE,2plus_td,0.0209,4685,0.0,0.22505,B,-,tgt_sh 12.0%; team att 36.4; opp DvP 0.95; RZ tgt 2,1.0,PLAYED (final score in nflverse)
Deshaun Watson,CLE,PIT,QB,PIT@CLE,anytime_td,0.10675,837,0.1115,0.0,B,-,team att 30.2; ypa 7.66; opp d_ypa 1.06; pass rate 56.4%,1.0,PLAYED (final score in nflverse)
Deshaun Watson,CLE,PIT,QB,PIT@CLE,first_td,0.027613396464646462,3521,0.1115,0.0,B,-,team att 30.2; ypa 7.66; opp d_ypa 1.06; pass rate 56.4%,1.0,PLAYED (final score in nflverse)
Deshaun Watson,CLE,PIT,QB,PIT@CLE,last_td,0.027613396464646462,3521,0.1115,0.0,B,-,team att 30.2; ypa 7.66; opp d_ypa 1.06; pass rate 56.4%,1.0,PLAYED (final score in nflverse)
Deshaun Watson,CLE,PIT,QB,PIT@CLE,2plus_td,0.00455,21878,0.1115,0.0,B,-,team att 30.2; ypa 7.66; opp d_ypa 1.06; pass rate 56.4%,1.0,PLAYED (final score in nflverse)
Isaiah Bond,CLE,PIT,WR,PIT@CLE,anytime_td,0.0344,2807,0.0,0.0349,C,-,w_td 0.03; team TD 1.66,1.0,PLAYED (final score in nflverse)
Isaiah Bond,CLE,PIT,WR,PIT@CLE,first_td,0.008629289321789323,11488,0.0,0.0349,C,-,w_td 0.03; team TD 1.66,1.0,PLAYED (final score in nflverse)
Isaiah Bond,CLE,PIT,WR,PIT@CLE,last_td,0.008629289321789323,11488,0.0,0.0349,C,-,w_td 0.03; team TD 1.66,1.0,PLAYED (final score in nflverse)
Isaiah Bond,CLE,PIT,WR,PIT@CLE,2plus_td,0.0005,199900,0.0,0.0349,C,-,w_td 0.03; team TD 1.66,1.0,PLAYED (final score in nflverse)
Denzel Boston,CLE,PIT,WR,PIT@CLE,anytime_td,0.18195,450,0.0,0.19545,B,-,tgt_sh 14.5%; team att 30.2; opp DvP 1.05; RZ tgt 3,1.0,PLAYED (final score in nflverse)
Denzel Boston,CLE,PIT,WR,PIT@CLE,first_td,0.048607788600288596,1957,0.0,0.19545,B,-,tgt_sh 14.5%; team att 30.2; opp DvP 1.05; RZ tgt 3,1.0,PLAYED (final score in nflverse)
Denzel Boston,CLE,PIT,WR,PIT@CLE,last_td,0.048607788600288596,1957,0.0,0.19545,B,-,tgt_sh 14.5%; team att 30.2; opp DvP 1.05; RZ tgt 3,1.0,PLAYED (final score in nflverse)
Denzel Boston,CLE,PIT,WR,PIT@CLE,2plus_td,0.0129,7652,0.0,0.19545,B,-,tgt_sh 14.5%; team att 30.2; opp DvP 1.05; RZ tgt 3,1.0,PLAYED (final score in nflverse)
KC Concepcion,CLE,PIT,WR,PIT@CLE,anytime_td,0.23685,322,0.011,0.2549,B,-,tgt_sh 20.8%; team att 30.2; opp DvP 1.05; RZ tgt 3,1.0,PLAYED (final score in nflverse)
KC Concepcion,CLE,PIT,WR,PIT@CLE,first_td,0.0653281240981241,1431,0.011,0.2549,B,-,tgt_sh 20.8%; team att 30.2; opp DvP 1.05; RZ tgt 3,1.0,PLAYED (final score in nflverse)
KC Concepcion,CLE,PIT,WR,PIT@CLE,last_td,0.0653281240981241,1431,0.011,0.2549,B,-,tgt_sh 20.8%; team att 30.2; opp DvP 1.05; RZ tgt 3,1.0,PLAYED (final score in nflverse)
KC Concepcion,CLE,PIT,WR,PIT@CLE,2plus_td,0.0271,3590,0.011,0.2549,B,-,tgt_sh 20.8%; team att 30.2; opp DvP 1.05; RZ tgt 3,1.0,PLAYED (final score in nflverse)
Malachi Corley,CLE,PIT,WR,PIT@CLE,anytime_td,0.01635,6016,0.0,0.01645,C,-,w_td 0.02; team TD 1.66,1.0,PLAYED (final score in nflverse)
Malachi Corley,CLE,PIT,WR,PIT@CLE,first_td,0.00401254329004329,24822,0.0,0.01645,C,-,w_td 0.02; team TD 1.66,1.0,PLAYED (final score in nflverse)
Malachi Corley,CLE,PIT,WR,PIT@CLE,last_td,0.00401254329004329,24822,0.0,0.01645,C,-,w_td 0.02; team TD 1.66,1.0,PLAYED (final score in nflverse)
Malachi Corley,CLE,PIT,WR,PIT@CLE,2plus_td,0.0001,999900,0.0,0.01645,C,-,w_td 0.02; team TD 1.66,1.0,PLAYED (final score in nflverse)
Harold Fannin Jr.,CLE,PIT,TE,PIT@CLE,anytime_td,0.21205,372,0.0,0.2356,B,-,tgt_sh 18.9%; team att 30.2; opp DvP 1.07; RZ tgt 3,1.0,PLAYED (final score in nflverse)
Harold Fannin Jr.,CLE,PIT,TE,PIT@CLE,first_td,0.05808152597402597,1622,0.0,0.2356,B,-,tgt_sh 18.9%; team att 30.2; opp DvP 1.07; RZ tgt 3,1.0,PLAYED (final score in nflverse)
Harold Fannin Jr.,CLE,PIT,TE,PIT@CLE,last_td,0.05808152597402597,1622,0.0,0.2356,B,-,tgt_sh 18.9%; team att 30.2; opp DvP 1.07; RZ tgt 3,1.0,PLAYED (final score in nflverse)
Harold Fannin Jr.,CLE,PIT,TE,PIT@CLE,2plus_td,0.0216,4530,0.0,0.2356,B,-,tgt_sh 18.9%; team att 30.2; opp DvP 1.07; RZ tgt 3,1.0,PLAYED (final score in nflverse)
Jerry Jeudy,CLE,PIT,WR,PIT@CLE,anytime_td,0.0939,965,0.0,0.0988,C,-,tgt_sh 11.0%; team att 30.2; opp DvP 1.05; RZ tgt 0,1.0,PLAYED (final score in nflverse)
Jerry Jeudy,CLE,PIT,WR,PIT@CLE,first_td,0.02469369769119769,3950,0.0,0.0988,C,-,tgt_sh 11.0%; team att 30.2; opp DvP 1.05; RZ tgt 0,1.0,PLAYED (final score in nflverse)
Jerry Jeudy,CLE,PIT,WR,PIT@CLE,last_td,0.02469369769119769,3950,0.0,0.0988,C,-,tgt_sh 11.0%; team att 30.2; opp DvP 1.05; RZ tgt 0,1.0,PLAYED (final score in nflverse)
Jerry Jeudy,CLE,PIT,WR,PIT@CLE,2plus_td,0.00485,20519,0.0,0.0988,C,-,tgt_sh 11.0%; team att 30.2; opp DvP 1.05; RZ tgt 0,1.0,PLAYED (final score in nflverse)
Quinshon Judkins,CLE,PIT,RB,PIT@CLE,anytime_td,0.37375,168,0.30725,0.1469,B,-,tgt_sh 9.9%; team att 30.2; opp DvP 0.92; RZ tgt 3; car_sh 51.3%; team rush 25.9; opp d_ypc 1.02; inside-10 car 4,1.0,PLAYED (final score in nflverse)
Quinshon Judkins,CLE,PIT,RB,PIT@CLE,first_td,0.11264331890331888,788,0.30725,0.1469,B,-,tgt_sh 9.9%; team att 30.2; opp DvP 0.92; RZ tgt 3; car_sh 51.3%; team rush 25.9; opp d_ypc 1.02; inside-10 car 4,1.0,PLAYED (final score in nflverse)
Quinshon Judkins,CLE,PIT,RB,PIT@CLE,last_td,0.11264331890331888,788,0.30725,0.1469,B,-,tgt_sh 9.9%; team att 30.2; opp DvP 0.92; RZ tgt 3; car_sh 51.3%; team rush 25.9; opp d_ypc 1.02; inside-10 car 4,1.0,PLAYED (final score in nflverse)
Quinshon Judkins,CLE,PIT,RB,PIT@CLE,2plus_td,0.0722,1285,0.30725,0.1469,B,-,tgt_sh 9.9%; team att 30.2; opp DvP 0.92; RZ tgt 3; car_sh 51.3%; team rush 25.9; opp d_ypc 1.02; inside-10 car 4,1.0,PLAYED (final score in nflverse)
Jaleel McLaughlin,CLE,PIT,RB,PIT@CLE,anytime_td,0.0431,2220,0.03065,0.01345,C,-,w_td 0.06; team TD 1.66,1.0,PLAYED (final score in nflverse)
Jaleel McLaughlin,CLE,PIT,RB,PIT@CLE,first_td,0.010793392857142857,9165,0.03065,0.01345,C,-,w_td 0.06; team TD 1.66,1.0,PLAYED (final score in nflverse)
Jaleel McLaughlin,CLE,PIT,RB,PIT@CLE,last_td,0.010793392857142857,9165,0.03065,0.01345,C,-,w_td 0.06; team TD 1.66,1.0,PLAYED (final score in nflverse)
Jaleel McLaughlin,CLE,PIT,RB,PIT@CLE,2plus_td,0.001,99900,0.03065,0.01345,C,-,w_td 0.06; team TD 1.66,1.0,PLAYED (final score in nflverse)
Raheim Sanders,CLE,PIT,RB,PIT@CLE,anytime_td,0.1056,847,0.0465,0.06485,C,-,tgt_sh 8.0%; team att 30.2; opp DvP 0.92; RZ tgt 0; car_sh 9.5%; team rush 25.9; opp d_ypc 1.02; inside-10 car 0,1.0,PLAYED (final score in nflverse)
Raheim Sanders,CLE,PIT,RB,PIT@CLE,first_td,0.027351695526695526,3556,0.0465,0.06485,C,-,tgt_sh 8.0%; team att 30.2; opp DvP 0.92; RZ tgt 0; car_sh 9.5%; team rush 25.9; opp d_ypc 1.02; inside-10 car 0,1.0,PLAYED (final score in nflverse)
Raheim Sanders,CLE,PIT,RB,PIT@CLE,last_td,0.027351695526695526,3556,0.0465,0.06485,C,-,tgt_sh 8.0%; team att 30.2; opp DvP 0.92; RZ tgt 0; car_sh 9.5%; team rush 25.9; opp d_ypc 1.02; inside-10 car 0,1.0,PLAYED (final score in nflverse)
Raheim Sanders,CLE,PIT,RB,PIT@CLE,2plus_td,0.0054,18419,0.0465,0.06485,C,-,tgt_sh 8.0%; team att 30.2; opp DvP 0.92; RZ tgt 0; car_sh 9.5%; team rush 25.9; opp d_ypc 1.02; inside-10 car 0,1.0,PLAYED (final score in nflverse)
Blake Whiteheart,CLE,PIT,TE,PIT@CLE,anytime_td,0.04095,2342,0.0,0.0416,C,-,w_td 0.04; team TD 1.66,1.0,PLAYED (final score in nflverse)
Blake Whiteheart,CLE,PIT,TE,PIT@CLE,first_td,0.010337123015873015,9574,0.0,0.0416,C,-,w_td 0.04; team TD 1.66,1.0,PLAYED (final score in nflverse)
Blake Whiteheart,CLE,PIT,TE,PIT@CLE,last_td,0.010337123015873015,9574,0.0,0.0416,C,-,w_td 0.04; team TD 1.66,1.0,PLAYED (final score in nflverse)
Blake Whiteheart,CLE,PIT,TE,PIT@CLE,2plus_td,0.00065,153746,0.0,0.0416,C,-,w_td 0.04; team TD 1.66,1.0,PLAYED (final score in nflverse)
Daniel Jones,IND,WAS,QB,IND@WAS,anytime_td,0.11995,734,0.12945,0.0,B,-,team att 31.9; ypa 6.60; opp d_ypa 1.03; pass rate 54.7%,1.0,PLAYED (final score in nflverse)
Daniel Jones,IND,WAS,QB,IND@WAS,first_td,0.0260115404040404,3744,0.12945,0.0,B,-,team att 31.9; ypa 6.60; opp d_ypa 1.03; pass rate 54.7%,1.0,PLAYED (final score in nflverse)
Daniel Jones,IND,WAS,QB,IND@WAS,last_td,0.0260115404040404,3744,0.12945,0.0,B,-,team att 31.9; ypa 6.60; opp d_ypa 1.03; pass rate 54.7%,1.0,PLAYED (final score in nflverse)
Daniel Jones,IND,WAS,QB,IND@WAS,2plus_td,0.00895,11073,0.12945,0.0,B,-,team att 31.9; ypa 6.60; opp d_ypa 1.03; pass rate 54.7%,1.0,PLAYED (final score in nflverse)
Mo Alie-Cox,IND,WAS,TE,IND@WAS,anytime_td,0.021230639553260985,4610,0.0,0.021388684016436624,C,no game designation yet (Full),w_td 0.02; team TD 2.57,0.9479829842591244,PLAYED (final score in nflverse)
Mo Alie-Cox,IND,WAS,TE,IND@WAS,first_td,0.004334055822307851,22973,0.0,0.021388684016436624,C,no game designation yet (Full),w_td 0.02; team TD 2.57,0.9479829842591244,PLAYED (final score in nflverse)
Mo Alie-Cox,IND,WAS,TE,IND@WAS,last_td,0.004334055822307851,22973,0.0,0.021388684016436624,C,no game designation yet (Full),w_td 0.02; team TD 2.57,0.9479829842591244,PLAYED (final score in nflverse)
Mo Alie-Cox,IND,WAS,TE,IND@WAS,2plus_td,0.00015804446317564007,632633,0.0,0.021388684016436624,C,no game designation yet (Full),w_td 0.02; team TD 2.57,0.9479829842591244,PLAYED (final score in nflverse)
Keenan Allen,IND,WAS,WR,IND@WAS,anytime_td,0.25,300,0.0,0.282665857605178,B,Questionable (DNP),tgt_sh 17.6%; team att 31.9; opp DvP 1.03; RZ tgt 3,0.4981574884199691,PLAYED (final score in nflverse)
Keenan Allen,IND,WAS,WR,IND@WAS,first_td,0.05683113828593196,1660,0.0,0.282665857605178,B,Questionable (DNP),tgt_sh 17.6%; team att 31.9; opp DvP 1.03; RZ tgt 3,0.4981574884199691,PLAYED (final score in nflverse)
Keenan Allen,IND,WAS,WR,IND@WAS,last_td,0.05683113828593196,1660,0.0,0.282665857605178,B,Questionable (DNP),tgt_sh 17.6%; team att 31.9; opp DvP 1.03; RZ tgt 3,0.4981574884199691,PLAYED (final score in nflverse)
Keenan Allen,IND,WAS,WR,IND@WAS,2plus_td,0.03044093851132686,3185,0.0,0.282665857605178,B,Questionable (DNP),tgt_sh 17.6%; team att 31.9; opp DvP 1.03; RZ tgt 3,0.4981574884199691,PLAYED (final score in nflverse)
Deion Burks,IND,WAS,WR,IND@WAS,anytime_td,0.0347,2782,0.0114,0.02435,C,-,w_td 0.02; team TD 2.57,1.0,PLAYED (final score in nflverse)
Deion Burks,IND,WAS,WR,IND@WAS,first_td,0.0072082215007215015,13773,0.0114,0.02435,C,-,w_td 0.02; team TD 2.57,1.0,PLAYED (final score in nflverse)
Deion Burks,IND,WAS,WR,IND@WAS,last_td,0.0072082215007215015,13773,0.0114,0.02435,C,-,w_td 0.02; team TD 2.57,1.0,PLAYED (final score in nflverse)
Deion Burks,IND,WAS,WR,IND@WAS,2plus_td,0.00105,95138,0.0114,0.02435,C,-,w_td 0.02; team TD 2.57,1.0,PLAYED (final score in nflverse)
Josh Downs,IND,WAS,WR,IND@WAS,anytime_td,0.3169,216,0.0,0.37395,B,-,tgt_sh 18.5%; team att 31.9; opp DvP 1.03; RZ tgt 4,1.0,PLAYED (final score in nflverse)
Josh Downs,IND,WAS,WR,IND@WAS,first_td,0.07529128538128539,1228,0.0,0.37395,B,-,tgt_sh 18.5%; team att 31.9; opp DvP 1.03; RZ tgt 4,1.0,PLAYED (final score in nflverse)
Josh Downs,IND,WAS,WR,IND@WAS,last_td,0.07529128538128539,1228,0.0,0.37395,B,-,tgt_sh 18.5%; team att 31.9; opp DvP 1.03; RZ tgt 4,1.0,PLAYED (final score in nflverse)
Josh Downs,IND,WAS,WR,IND@WAS,2plus_td,0.0517,1834,0.0,0.37395,B,-,tgt_sh 18.5%; team att 31.9; opp DvP 1.03; RZ tgt 4,1.0,PLAYED (final score in nflverse)
Ashton Dulin,IND,WAS,WR,IND@WAS,anytime_td,0.07215541165587419,1286,0.0,0.07453416149068323,C,Questionable (Full),tgt_sh 6.0%; team att 31.9; opp DvP 1.03; RZ tgt 0,0.7549608892548374,PLAYED (final score in nflverse)
Ashton Dulin,IND,WAS,WR,IND@WAS,first_td,0.01482667535099146,6645,0.0,0.07453416149068323,C,Questionable (Full),tgt_sh 6.0%; team att 31.9; opp DvP 1.03; RZ tgt 0,0.7549608892548374,PLAYED (final score in nflverse)
Ashton Dulin,IND,WAS,WR,IND@WAS,last_td,0.01482667535099146,6645,0.0,0.07453416149068323,C,Questionable (Full),tgt_sh 6.0%; team att 31.9; opp DvP 1.03; RZ tgt 0,0.7549608892548374,PLAYED (final score in nflverse)
Ashton Dulin,IND,WAS,WR,IND@WAS,2plus_td,0.002378749834809039,41939,0.0,0.07453416149068323,C,Questionable (Full),tgt_sh 6.0%; team att 31.9; opp DvP 1.03; RZ tgt 0,0.7549608892548374,PLAYED (final score in nflverse)
Seth McGowan,IND,WAS,RB,IND@WAS,anytime_td,0.2393,318,0.24815,0.02815,B,-,car_sh 16.9%; team rush 27.9; opp d_ypc 0.98; inside-10 car 2,1.0,PLAYED (final score in nflverse)
Seth McGowan,IND,WAS,RB,IND@WAS,first_td,0.056853689227439226,1659,0.24815,0.02815,B,-,car_sh 16.9%; team rush 27.9; opp d_ypc 0.98; inside-10 car 2,1.0,PLAYED (final score in nflverse)
Seth McGowan,IND,WAS,RB,IND@WAS,last_td,0.056853689227439226,1659,0.24815,0.02815,B,-,car_sh 16.9%; team rush 27.9; opp d_ypc 0.98; inside-10 car 2,1.0,PLAYED (final score in nflverse)
Seth McGowan,IND,WAS,RB,IND@WAS,2plus_td,0.03365,2872,0.24815,0.02815,B,-,car_sh 16.9%; team rush 27.9; opp d_ypc 0.98; inside-10 car 2,1.0,PLAYED (final score in nflverse)
Andrew Ogletree,IND,WAS,TE,IND@WAS,anytime_td,0.01895,5177,0.0,0.01905,C,-,w_td 0.01; team TD 2.57,1.0,PLAYED (final score in nflverse)
Andrew Ogletree,IND,WAS,TE,IND@WAS,first_td,0.0037785119047619047,26365,0.0,0.01905,C,-,w_td 0.01; team TD 2.57,1.0,PLAYED (final score in nflverse)
Andrew Ogletree,IND,WAS,TE,IND@WAS,last_td,0.0037785119047619047,26365,0.0,0.01905,C,-,w_td 0.01; team TD 2.57,1.0,PLAYED (final score in nflverse)
Andrew Ogletree,IND,WAS,TE,IND@WAS,2plus_td,0.0001,999900,0.0,0.01905,C,-,w_td 0.01; team TD 2.57,1.0,PLAYED (final score in nflverse)
Jonathan Taylor,IND,WAS,RB,IND@WAS,anytime_td,0.6680866729778058,-201,0.870200904596613,0.17297780582728517,B,no game designation yet (Full),tgt_sh 10.6%; team att 31.9; opp DvP 1.06; RZ tgt 1; car_sh 68.2%; team rush 27.9; opp d_ypc 0.98; inside-10 car 8,0.9508674235277402,PLAYED (final score in nflverse)
Jonathan Taylor,IND,WAS,RB,IND@WAS,first_td,0.2111795959145281,374,0.870200904596613,0.17297780582728517,B,no game designation yet (Full),tgt_sh 10.6%; team att 31.9; opp DvP 1.06; RZ tgt 1; car_sh 68.2%; team rush 27.9; opp d_ypc 0.98; inside-10 car 8,0.9508674235277402,PLAYED (final score in nflverse)
Jonathan Taylor,IND,WAS,RB,IND@WAS,last_td,0.2111795959145281,374,0.870200904596613,0.17297780582728517,B,no game designation yet (Full),tgt_sh 10.6%; team att 31.9; opp DvP 1.06; RZ tgt 1; car_sh 68.2%; team rush 27.9; opp d_ypc 0.98; inside-10 car 8,0.9508674235277402,PLAYED (final score in nflverse)
Jonathan Taylor,IND,WAS,RB,IND@WAS,2plus_td,0.2790575365520143,258,0.870200904596613,0.17297780582728517,B,no game designation yet (Full),tgt_sh 10.6%; team att 31.9; opp DvP 1.06; RZ tgt 1; car_sh 68.2%; team rush 27.9; opp d_ypc 0.98; inside-10 car 8,0.9508674235277402,PLAYED (final score in nflverse)
Laquon Treadwell,IND,WAS,WR,IND@WAS,anytime_td,0.11155,796,0.0,0.11835,C,-,tgt_sh 4.2%; team att 31.9; opp DvP 1.03; RZ tgt 2,1.0,PLAYED (final score in nflverse)
Laquon Treadwell,IND,WAS,WR,IND@WAS,first_td,0.023812891414141415,4099,0.0,0.11835,C,-,tgt_sh 4.2%; team att 31.9; opp DvP 1.03; RZ tgt 2,1.0,PLAYED (final score in nflverse)
Laquon Treadwell,IND,WAS,WR,IND@WAS,last_td,0.023812891414141415,4099,0.0,0.11835,C,-,tgt_sh 4.2%; team att 31.9; opp DvP 1.03; RZ tgt 2,1.0,PLAYED (final score in nflverse)
Laquon Treadwell,IND,WAS,WR,IND@WAS,2plus_td,0.0065,15285,0.0,0.11835,C,-,tgt_sh 4.2%; team att 31.9; opp DvP 1.03; RZ tgt 2,1.0,PLAYED (final score in nflverse)
Tyler Warren,IND,WAS,TE,IND@WAS,anytime_td,0.31295,220,0.0117,0.3599,B,-,tgt_sh 20.5%; team att 31.9; opp DvP 1.02; RZ tgt 3,1.0,PLAYED (final score in nflverse)
Tyler Warren,IND,WAS,TE,IND@WAS,first_td,0.07465654692529693,1239,0.0117,0.3599,B,-,tgt_sh 20.5%; team att 31.9; opp DvP 1.02; RZ tgt 3,1.0,PLAYED (final score in nflverse)
Tyler Warren,IND,WAS,TE,IND@WAS,last_td,0.07465654692529693,1239,0.0117,0.3599,B,-,tgt_sh 20.5%; team att 31.9; opp DvP 1.02; RZ tgt 3,1.0,PLAYED (final score in nflverse)
Tyler Warren,IND,WAS,TE,IND@WAS,2plus_td,0.0525,1805,0.0117,0.3599,B,-,tgt_sh 20.5%; team att 31.9; opp DvP 1.02; RZ tgt 3,1.0,PLAYED (final score in nflverse)
Nick Westbrook-Ikhine,IND,WAS,WR,IND@WAS,anytime_td,0.02405,4058,0.0,0.02435,C,-,w_td 0.02; team TD 2.57,1.0,PLAYED (final score in nflverse)
Nick Westbrook-Ikhine,IND,WAS,WR,IND@WAS,first_td,0.005045892857142857,19718,0.0,0.02435,C,-,w_td 0.02; team TD 2.57,1.0,PLAYED (final score in nflverse)
Nick Westbrook-Ikhine,IND,WAS,WR,IND@WAS,last_td,0.005045892857142857,19718,0.0,0.02435,C,-,w_td 0.02; team TD 2.57,1.0,PLAYED (final score in nflverse)
Nick Westbrook-Ikhine,IND,WAS,WR,IND@WAS,2plus_td,0.0003,333233,0.0,0.02435,C,-,w_td 0.02; team TD 2.57,1.0,PLAYED (final score in nflverse)
Marcus Mariota,WAS,IND,QB,IND@WAS,anytime_td,0.1138,779,0.12065,0.0,C,-,team att 33.5; ypa 6.73; opp d_ypa 1.08; pass rate 56.2%,1.0,PLAYED (final score in nflverse)
Marcus Mariota,WAS,IND,QB,IND@WAS,first_td,0.024294862914862915,4016,0.12065,0.0,C,-,team att 33.5; ypa 6.73; opp d_ypa 1.08; pass rate 56.2%,1.0,PLAYED (final score in nflverse)
Marcus Mariota,WAS,IND,QB,IND@WAS,last_td,0.024294862914862915,4016,0.12065,0.0,C,-,team att 33.5; ypa 6.73; opp d_ypa 1.08; pass rate 56.2%,1.0,PLAYED (final score in nflverse)
Marcus Mariota,WAS,IND,QB,IND@WAS,2plus_td,0.00655,15167,0.12065,0.0,C,-,team att 33.5; ypa 6.73; opp d_ypa 1.08; pass rate 56.2%,1.0,PLAYED (final score in nflverse)
Kaytron Allen,WAS,IND,RB,IND@WAS,anytime_td,0.07585,1218,0.0756,0.00335,C,-,w_td 0.10; team TD 2.14,1.0,PLAYED (final score in nflverse)
Kaytron Allen,WAS,IND,RB,IND@WAS,first_td,0.016115113636363632,6105,0.0756,0.00335,C,-,w_td 0.10; team TD 2.14,1.0,PLAYED (final score in nflverse)
Kaytron Allen,WAS,IND,RB,IND@WAS,last_td,0.016115113636363632,6105,0.0756,0.00335,C,-,w_td 0.10; team TD 2.14,1.0,PLAYED (final score in nflverse)
Kaytron Allen,WAS,IND,RB,IND@WAS,2plus_td,0.00295,33798,0.0756,0.00335,C,-,w_td 0.10; team TD 2.14,1.0,PLAYED (final score in nflverse)
John Bates,WAS,IND,TE,IND@WAS,anytime_td,0.06715,1389,0.0,0.0692,C,-,w_td 0.04; team TD 2.14,1.0,PLAYED (final score in nflverse)
John Bates,WAS,IND,TE,IND@WAS,first_td,0.014074323593073592,7005,0.0,0.0692,C,-,w_td 0.04; team TD 2.14,1.0,PLAYED (final score in nflverse)
John Bates,WAS,IND,TE,IND@WAS,last_td,0.014074323593073592,7005,0.0,0.0692,C,-,w_td 0.04; team TD 2.14,1.0,PLAYED (final score in nflverse)
John Bates,WAS,IND,TE,IND@WAS,2plus_td,0.002,49900,0.0,0.0692,C,-,w_td 0.04; team TD 2.14,1.0,PLAYED (final score in nflverse)
Dyami Brown,WAS,IND,WR,IND@WAS,anytime_td,0.1244,704,0.0,0.132,C,-,tgt_sh 7.2%; team att 33.5; opp DvP 1.09; RZ tgt 1,1.0,PLAYED (final score in nflverse)
Dyami Brown,WAS,IND,WR,IND@WAS,first_td,0.02663786852036852,3654,0.0,0.132,C,-,tgt_sh 7.2%; team att 33.5; opp DvP 1.09; RZ tgt 1,1.0,PLAYED (final score in nflverse)
Dyami Brown,WAS,IND,WR,IND@WAS,last_td,0.02663786852036852,3654,0.0,0.132,C,-,tgt_sh 7.2%; team att 33.5; opp DvP 1.09; RZ tgt 1,1.0,PLAYED (final score in nflverse)
Dyami Brown,WAS,IND,WR,IND@WAS,2plus_td,0.0073,13599,0.0,0.132,C,-,tgt_sh 7.2%; team att 33.5; opp DvP 1.09; RZ tgt 1,1.0,PLAYED (final score in nflverse)
Treylon Burks,WAS,IND,WR,IND@WAS,anytime_td,0.1177,750,0.0,0.1245,C,-,tgt_sh 6.8%; team att 33.5; opp DvP 1.09; RZ tgt 1,1.0,PLAYED (final score in nflverse)
Treylon Burks,WAS,IND,WR,IND@WAS,first_td,0.024583043484293483,3968,0.0,0.1245,C,-,tgt_sh 6.8%; team att 33.5; opp DvP 1.09; RZ tgt 1,1.0,PLAYED (final score in nflverse)
Treylon Burks,WAS,IND,WR,IND@WAS,last_td,0.024583043484293483,3968,0.0,0.1245,C,-,tgt_sh 6.8%; team att 33.5; opp DvP 1.09; RZ tgt 1,1.0,PLAYED (final score in nflverse)
Treylon Burks,WAS,IND,WR,IND@WAS,2plus_td,0.00655,15167,0.0,0.1245,C,-,tgt_sh 6.8%; team att 33.5; opp DvP 1.09; RZ tgt 1,1.0,PLAYED (final score in nflverse)
Jacory Croskey-Merritt,WAS,IND,RB,IND@WAS,anytime_td,0.2809,256,0.25805,0.06685,B,-,car_sh 33.8%; team rush 27.6; opp d_ypc 1.08; inside-10 car 2,1.0,PLAYED (final score in nflverse)
Jacory Croskey-Merritt,WAS,IND,RB,IND@WAS,first_td,0.06555196844821844,1426,0.25805,0.06685,B,-,car_sh 33.8%; team rush 27.6; opp d_ypc 1.08; inside-10 car 2,1.0,PLAYED (final score in nflverse)
Jacory Croskey-Merritt,WAS,IND,RB,IND@WAS,last_td,0.06555196844821844,1426,0.25805,0.06685,B,-,car_sh 33.8%; team rush 27.6; opp d_ypc 1.08; inside-10 car 2,1.0,PLAYED (final score in nflverse)
Jacory Croskey-Merritt,WAS,IND,RB,IND@WAS,2plus_td,0.04045,2372,0.25805,0.06685,B,-,car_sh 33.8%; team rush 27.6; opp d_ypc 1.08; inside-10 car 2,1.0,PLAYED (final score in nflverse)
Stefon Diggs,WAS,IND,WR,IND@WAS,anytime_td,0.32215,210,0.0,0.382,B,-,tgt_sh 18.4%; team att 33.5; opp DvP 1.09; RZ tgt 4,1.0,PLAYED (final score in nflverse)
Stefon Diggs,WAS,IND,WR,IND@WAS,first_td,0.07606817932067932,1215,0.0,0.382,B,-,tgt_sh 18.4%; team att 33.5; opp DvP 1.09; RZ tgt 4,1.0,PLAYED (final score in nflverse)
Stefon Diggs,WAS,IND,WR,IND@WAS,last_td,0.07606817932067932,1215,0.0,0.382,B,-,tgt_sh 18.4%; team att 33.5; opp DvP 1.09; RZ tgt 4,1.0,PLAYED (final score in nflverse)
Stefon Diggs,WAS,IND,WR,IND@WAS,2plus_td,0.0539,1755,0.0,0.382,B,-,tgt_sh 18.4%; team att 33.5; opp DvP 1.09; RZ tgt 4,1.0,PLAYED (final score in nflverse)
Austin Ekeler,WAS,IND,RB,IND@WAS,anytime_td,0.0791,1164,0.05255,0.0298,C,-,car_sh 8.5%; team rush 27.6; opp d_ypc 1.08; inside-10 car 0,1.0,PLAYED (final score in nflverse)
Austin Ekeler,WAS,IND,RB,IND@WAS,first_td,0.016765343267843267,5865,0.05255,0.0298,C,-,car_sh 8.5%; team rush 27.6; opp d_ypc 1.08; inside-10 car 0,1.0,PLAYED (final score in nflverse)
Austin Ekeler,WAS,IND,RB,IND@WAS,last_td,0.016765343267843267,5865,0.05255,0.0298,C,-,car_sh 8.5%; team rush 27.6; opp d_ypc 1.08; inside-10 car 0,1.0,PLAYED (final score in nflverse)
Austin Ekeler,WAS,IND,RB,IND@WAS,2plus_td,0.00315,31646,0.05255,0.0298,C,-,car_sh 8.5%; team rush 27.6; opp d_ypc 1.08; inside-10 car 0,1.0,PLAYED (final score in nflverse)
Jaylin Lane,WAS,IND,WR,IND@WAS,anytime_td,0.04555,2095,0.0,0.04675,C,-,w_td 0.03; team TD 2.14,1.0,PLAYED (final score in nflverse)
Jaylin Lane,WAS,IND,WR,IND@WAS,first_td,0.009304060245310245,10648,0.0,0.04675,C,-,w_td 0.03; team TD 2.14,1.0,PLAYED (final score in nflverse)
Jaylin Lane,WAS,IND,WR,IND@WAS,last_td,0.009304060245310245,10648,0.0,0.04675,C,-,w_td 0.03; team TD 2.14,1.0,PLAYED (final score in nflverse)
Jaylin Lane,WAS,IND,WR,IND@WAS,2plus_td,0.0012,83233,0.0,0.04675,C,-,w_td 0.03; team TD 2.14,1.0,PLAYED (final score in nflverse)
Luke McCaffrey,WAS,IND,WR,IND@WAS,anytime_td,0.05175,1832,0.0,0.05345,C,-,tgt_sh 3.8%; team att 33.5; opp DvP 1.09; RZ tgt 0,1.0,PLAYED (final score in nflverse)
Luke McCaffrey,WAS,IND,WR,IND@WAS,first_td,0.010697235403485404,9248,0.0,0.05345,C,-,tgt_sh 3.8%; team att 33.5; opp DvP 1.09; RZ tgt 0,1.0,PLAYED (final score in nflverse)
Luke McCaffrey,WAS,IND,WR,IND@WAS,last_td,0.010697235403485404,9248,0.0,0.05345,C,-,tgt_sh 3.8%; team att 33.5; opp DvP 1.09; RZ tgt 0,1.0,PLAYED (final score in nflverse)
Luke McCaffrey,WAS,IND,WR,IND@WAS,2plus_td,0.0017,58724,0.0,0.05345,C,-,tgt_sh 3.8%; team att 33.5; opp DvP 1.09; RZ tgt 0,1.0,PLAYED (final score in nflverse)
Terry McLaurin,WAS,IND,WR,IND@WAS,anytime_td,0.24837964687476718,303,0.0,0.2807122103851598,B,Questionable (Limited),tgt_sh 17.6%; team att 33.5; opp DvP 1.09; RZ tgt 2,0.6667342299285288,PLAYED (final score in nflverse)
Terry McLaurin,WAS,IND,WR,IND@WAS,first_td,0.05633458770983914,1675,0.0,0.2807122103851598,B,Questionable (Limited),tgt_sh 17.6%; team att 33.5; opp DvP 1.09; RZ tgt 2,0.6667342299285288,PLAYED (final score in nflverse)
Terry McLaurin,WAS,IND,WR,IND@WAS,last_td,0.05633458770983914,1675,0.0,0.2807122103851598,B,Questionable (Limited),tgt_sh 17.6%; team att 33.5; opp DvP 1.09; RZ tgt 2,0.6667342299285288,PLAYED (final score in nflverse)
Terry McLaurin,WAS,IND,WR,IND@WAS,2plus_td,0.03024659167101244,3206,0.0,0.2807122103851598,B,Questionable (Limited),tgt_sh 17.6%; team att 33.5; opp DvP 1.09; RZ tgt 2,0.6667342299285288,PLAYED (final score in nflverse)
Chig Okonkwo,WAS,IND,TE,IND@WAS,anytime_td,0.14699900922980655,580,0.0,0.15680241956510402,C,no game designation yet (Limited),tgt_sh 11.2%; team att 33.5; opp DvP 1.11; RZ tgt 0,0.9575230478992892,PLAYED (final score in nflverse)
Chig Okonkwo,WAS,IND,TE,IND@WAS,first_td,0.03132046408106272,3093,0.0,0.15680241956510402,C,no game designation yet (Limited),tgt_sh 11.2%; team att 33.5; opp DvP 1.11; RZ tgt 0,0.9575230478992892,PLAYED (final score in nflverse)
Chig Okonkwo,WAS,IND,TE,IND@WAS,last_td,0.03132046408106272,3093,0.0,0.15680241956510402,C,no game designation yet (Limited),tgt_sh 11.2%; team att 33.5; opp DvP 1.11; RZ tgt 0,0.9575230478992892,PLAYED (final score in nflverse)
Chig Okonkwo,WAS,IND,TE,IND@WAS,2plus_td,0.009542681337018303,10379,0.0,0.15680241956510402,C,no game designation yet (Limited),tgt_sh 11.2%; team att 33.5; opp DvP 1.11; RZ tgt 0,0.9575230478992892,PLAYED (final score in nflverse)
Craig Reynolds,WAS,IND,RB,IND@WAS,anytime_td,0.02455,3973,0.0211,0.00375,C,-,w_td 0.03; team TD 2.14,1.0,PLAYED (final score in nflverse)
Craig Reynolds,WAS,IND,RB,IND@WAS,first_td,0.005083914141414141,19570,0.0211,0.00375,C,-,w_td 0.03; team TD 2.14,1.0,PLAYED (final score in nflverse)
Craig Reynolds,WAS,IND,RB,IND@WAS,last_td,0.005083914141414141,19570,0.0211,0.00375,C,-,w_td 0.03; team TD 2.14,1.0,PLAYED (final score in nflverse)
Craig Reynolds,WAS,IND,RB,IND@WAS,2plus_td,0.0003,333233,0.0211,0.00375,C,-,w_td 0.03; team TD 2.14,1.0,PLAYED (final score in nflverse)
Ben Sinnott,WAS,IND,TE,IND@WAS,anytime_td,0.021780006267627702,4491,0.0,0.022302308576203907,C,no game designation yet (Limited),w_td 0.02; team TD 2.14,0.9575230478992892,PLAYED (final score in nflverse)
Ben Sinnott,WAS,IND,TE,IND@WAS,first_td,0.004505611094454716,22095,0.0,0.022302308576203907,C,no game designation yet (Limited),w_td 0.02; team TD 2.14,0.9575230478992892,PLAYED (final score in nflverse)
Ben Sinnott,WAS,IND,TE,IND@WAS,last_td,0.004505611094454716,22095,0.0,0.022302308576203907,C,no game designation yet (Limited),w_td 0.02; team TD 2.14,0.9575230478992892,PLAYED (final score in nflverse)
Ben Sinnott,WAS,IND,TE,IND@WAS,2plus_td,0.0004700720777185835,212633,0.0,0.022302308576203907,C,no game designation yet (Limited),w_td 0.02; team TD 2.14,0.9575230478992892,PLAYED (final score in nflverse)
Antonio Williams,WAS,IND,WR,IND@WAS,anytime_td,0.2036,391,0.0,0.2249,B,-,tgt_sh 11.6%; team att 33.5; opp DvP 1.09; RZ tgt 2,1.0,PLAYED (final score in nflverse)
Antonio Williams,WAS,IND,WR,IND@WAS,first_td,0.045401661116661114,2103,0.0,0.2249,B,-,tgt_sh 11.6%; team att 33.5; opp DvP 1.09; RZ tgt 2,1.0,PLAYED (final score in nflverse)
Antonio Williams,WAS,IND,WR,IND@WAS,last_td,0.045401661116661114,2103,0.0,0.2249,B,-,tgt_sh 11.6%; team att 33.5; opp DvP 1.09; RZ tgt 2,1.0,PLAYED (final score in nflverse)
Antonio Williams,WAS,IND,WR,IND@WAS,2plus_td,0.02,4900,0.0,0.2249,B,-,tgt_sh 11.6%; team att 33.5; opp DvP 1.09; RZ tgt 2,1.0,PLAYED (final score in nflverse)
Colson Yankoff,WAS,IND,TE,IND@WAS,anytime_td,0.02215,4415,0.0,0.0223,C,-,w_td 0.01; team TD 2.14,1.0,PLAYED (final score in nflverse)
Colson Yankoff,WAS,IND,TE,IND@WAS,first_td,0.004498893051393052,22128,0.0,0.0223,C,-,w_td 0.01; team TD 2.14,1.0,PLAYED (final score in nflverse)
Colson Yankoff,WAS,IND,TE,IND@WAS,last_td,0.004498893051393052,22128,0.0,0.0223,C,-,w_td 0.01; team TD 2.14,1.0,PLAYED (final score in nflverse)
Colson Yankoff,WAS,IND,TE,IND@WAS,2plus_td,0.00015,666567,0.0,0.0223,C,-,w_td 0.01; team TD 2.14,1.0,PLAYED (final score in nflverse)
Cam Ward,TEN,BAL,QB,TEN@BAL,anytime_td,0.1018,882,0.10735,0.0,B,-,team att 34.2; ypa 6.42; opp d_ypa 0.97; pass rate 60.3%,1.0,PLAYED (final score in nflverse)
Cam Ward,TEN,BAL,QB,TEN@BAL,first_td,0.021974960872460873,4451,0.10735,0.0,B,-,team att 34.2; ypa 6.42; opp d_ypa 0.97; pass rate 60.3%,1.0,PLAYED (final score in nflverse)
Cam Ward,TEN,BAL,QB,TEN@BAL,last_td,0.021974960872460873,4451,0.10735,0.0,B,-,team att 34.2; ypa 6.42; opp d_ypa 0.97; pass rate 60.3%,1.0,PLAYED (final score in nflverse)
Cam Ward,TEN,BAL,QB,TEN@BAL,2plus_td,0.00535,18592,0.10735,0.0,B,-,team att 34.2; ypa 6.42; opp d_ypa 0.97; pass rate 60.3%,1.0,PLAYED (final score in nflverse)
Elic Ayomanor,TEN,BAL,WR,TEN@BAL,anytime_td,0.1464,583,0.0,0.1565,B,-,tgt_sh 12.0%; team att 34.2; opp DvP 1.03; RZ tgt 5,1.0,PLAYED (final score in nflverse)
Elic Ayomanor,TEN,BAL,WR,TEN@BAL,first_td,0.03183279761904762,3041,0.0,0.1565,B,-,tgt_sh 12.0%; team att 34.2; opp DvP 1.03; RZ tgt 5,1.0,PLAYED (final score in nflverse)
Elic Ayomanor,TEN,BAL,WR,TEN@BAL,last_td,0.03183279761904762,3041,0.0,0.1565,B,-,tgt_sh 12.0%; team att 34.2; opp DvP 1.03; RZ tgt 5,1.0,PLAYED (final score in nflverse)
Elic Ayomanor,TEN,BAL,WR,TEN@BAL,2plus_td,0.0097,10209,0.0,0.1565,B,-,tgt_sh 12.0%; team att 34.2; opp DvP 1.03; RZ tgt 5,1.0,PLAYED (final score in nflverse)
Daniel Bellinger,TEN,BAL,TE,TEN@BAL,anytime_td,0.0228,4286,0.0,0.023,C,-,tgt_sh 3.9%; team att 34.2; opp DvP 0.91; RZ tgt 0,1.0,PLAYED (final score in nflverse)
Daniel Bellinger,TEN,BAL,TE,TEN@BAL,first_td,0.004605966810966811,21611,0.0,0.023,C,-,tgt_sh 3.9%; team att 34.2; opp DvP 0.91; RZ tgt 0,1.0,PLAYED (final score in nflverse)
Daniel Bellinger,TEN,BAL,TE,TEN@BAL,last_td,0.004605966810966811,21611,0.0,0.023,C,-,tgt_sh 3.9%; team att 34.2; opp DvP 0.91; RZ tgt 0,1.0,PLAYED (final score in nflverse)
Daniel Bellinger,TEN,BAL,TE,TEN@BAL,2plus_td,0.0002,499900,0.0,0.023,C,-,tgt_sh 3.9%; team att 34.2; opp DvP 0.91; RZ tgt 0,1.0,PLAYED (final score in nflverse)
Chimere Dike,TEN,BAL,WR,TEN@BAL,anytime_td,0.03795,2535,0.0,0.03885,C,-,tgt_sh 6.2%; team att 34.2; opp DvP 1.03; RZ tgt 0,1.0,PLAYED (final score in nflverse)
Chimere Dike,TEN,BAL,WR,TEN@BAL,first_td,0.007786408036408036,12743,0.0,0.03885,C,-,tgt_sh 6.2%; team att 34.2; opp DvP 1.03; RZ tgt 0,1.0,PLAYED (final score in nflverse)
Chimere Dike,TEN,BAL,WR,TEN@BAL,last_td,0.007786408036408036,12743,0.0,0.03885,C,-,tgt_sh 6.2%; team att 34.2; opp DvP 1.03; RZ tgt 0,1.0,PLAYED (final score in nflverse)
Chimere Dike,TEN,BAL,WR,TEN@BAL,2plus_td,0.0009,111011,0.0,0.03885,C,-,tgt_sh 6.2%; team att 34.2; opp DvP 1.03; RZ tgt 0,1.0,PLAYED (final score in nflverse)
Gunnar Helm,TEN,BAL,TE,TEN@BAL,anytime_td,0.1154,767,0.0,0.1215,C,-,tgt_sh 11.8%; team att 34.2; opp DvP 0.91; RZ tgt 3,1.0,PLAYED (final score in nflverse)
Gunnar Helm,TEN,BAL,TE,TEN@BAL,first_td,0.024733229825729824,3943,0.0,0.1215,C,-,tgt_sh 11.8%; team att 34.2; opp DvP 0.91; RZ tgt 3,1.0,PLAYED (final score in nflverse)
Gunnar Helm,TEN,BAL,TE,TEN@BAL,last_td,0.024733229825729824,3943,0.0,0.1215,C,-,tgt_sh 11.8%; team att 34.2; opp DvP 0.91; RZ tgt 3,1.0,PLAYED (final score in nflverse)
Gunnar Helm,TEN,BAL,TE,TEN@BAL,2plus_td,0.00595,16707,0.0,0.1215,C,-,tgt_sh 11.8%; team att 34.2; opp DvP 0.91; RZ tgt 3,1.0,PLAYED (final score in nflverse)
Tony Pollard,TEN,BAL,RB,TEN@BAL,anytime_td,0.39579712434823827,153,0.4426186338020751,0.04708484752725549,B,no game designation yet (Full),tgt_sh 7.6%; team att 34.2; opp DvP 0.99; RZ tgt 0; car_sh 56.6%; team rush 23.8; opp d_ypc 0.96; inside-10 car 13,0.9508674235277402,PLAYED (final score in nflverse)
Tony Pollard,TEN,BAL,RB,TEN@BAL,first_td,0.10021156315989624,898,0.4426186338020751,0.04708484752725549,B,no game designation yet (Full),tgt_sh 7.6%; team att 34.2; opp DvP 0.99; RZ tgt 0; car_sh 56.6%; team rush 23.8; opp d_ypc 0.96; inside-10 car 13,0.9508674235277402,PLAYED (final score in nflverse)
Tony Pollard,TEN,BAL,RB,TEN@BAL,last_td,0.10021156315989624,898,0.4426186338020751,0.04708484752725549,B,no game designation yet (Full),tgt_sh 7.6%; team att 34.2; opp DvP 0.99; RZ tgt 0; car_sh 56.6%; team rush 23.8; opp d_ypc 0.96; inside-10 car 13,0.9508674235277402,PLAYED (final score in nflverse)
Tony Pollard,TEN,BAL,RB,TEN@BAL,2plus_td,0.0824774845947227,1112,0.4426186338020751,0.04708484752725549,B,no game designation yet (Full),tgt_sh 7.6%; team att 34.2; opp DvP 0.99; RZ tgt 0; car_sh 56.6%; team rush 23.8; opp d_ypc 0.96; inside-10 car 13,0.9508674235277402,PLAYED (final score in nflverse)
Calvin Ridley,TEN,BAL,WR,TEN@BAL,anytime_td,0.0519,1827,0.0,0.05315,C,-,tgt_sh 8.5%; team att 34.2; opp DvP 1.03; RZ tgt 0,1.0,PLAYED (final score in nflverse)
Calvin Ridley,TEN,BAL,WR,TEN@BAL,first_td,0.010594116161616162,9339,0.0,0.05315,C,-,tgt_sh 8.5%; team att 34.2; opp DvP 1.03; RZ tgt 0,1.0,PLAYED (final score in nflverse)
Calvin Ridley,TEN,BAL,WR,TEN@BAL,last_td,0.010594116161616162,9339,0.0,0.05315,C,-,tgt_sh 8.5%; team att 34.2; opp DvP 1.03; RZ tgt 0,1.0,PLAYED (final score in nflverse)
Calvin Ridley,TEN,BAL,WR,TEN@BAL,2plus_td,0.00125,79900,0.0,0.05315,C,-,tgt_sh 8.5%; team att 34.2; opp DvP 1.03; RZ tgt 0,1.0,PLAYED (final score in nflverse)
Wan'Dale Robinson,TEN,BAL,WR,TEN@BAL,anytime_td,0.1761,468,0.00425,0.18795,B,-,tgt_sh 18.8%; team att 34.2; opp DvP 1.03; RZ tgt 4,1.0,PLAYED (final score in nflverse)
Wan'Dale Robinson,TEN,BAL,WR,TEN@BAL,first_td,0.038167241924741926,2520,0.00425,0.18795,B,-,tgt_sh 18.8%; team att 34.2; opp DvP 1.03; RZ tgt 4,1.0,PLAYED (final score in nflverse)
Wan'Dale Robinson,TEN,BAL,WR,TEN@BAL,last_td,0.038167241924741926,2520,0.00425,0.18795,B,-,tgt_sh 18.8%; team att 34.2; opp DvP 1.03; RZ tgt 4,1.0,PLAYED (final score in nflverse)
Wan'Dale Robinson,TEN,BAL,WR,TEN@BAL,2plus_td,0.0154,6394,0.00425,0.18795,B,-,tgt_sh 18.8%; team att 34.2; opp DvP 1.03; RZ tgt 4,1.0,PLAYED (final score in nflverse)
Nicholas Singleton,TEN,BAL,RB,TEN@BAL,anytime_td,0.05065,1874,0.04885,0.00365,C,-,car_sh 8.9%; team rush 23.8; opp d_ypc 0.96; inside-10 car 0,1.0,PLAYED (final score in nflverse)
Nicholas Singleton,TEN,BAL,RB,TEN@BAL,first_td,0.010859748029748031,9108,0.04885,0.00365,C,-,car_sh 8.9%; team rush 23.8; opp d_ypc 0.96; inside-10 car 0,1.0,PLAYED (final score in nflverse)
Nicholas Singleton,TEN,BAL,RB,TEN@BAL,last_td,0.010859748029748031,9108,0.04885,0.00365,C,-,car_sh 8.9%; team rush 23.8; opp d_ypc 0.96; inside-10 car 0,1.0,PLAYED (final score in nflverse)
Nicholas Singleton,TEN,BAL,RB,TEN@BAL,2plus_td,0.00175,57043,0.04885,0.00365,C,-,car_sh 8.9%; team rush 23.8; opp d_ypc 0.96; inside-10 car 0,1.0,PLAYED (final score in nflverse)
Tyjae Spears,TEN,BAL,RB,TEN@BAL,anytime_td,0.14382294335325932,595,0.10902362653003131,0.046256760603472814,B,Questionable (Full),tgt_sh 7.4%; team att 34.2; opp DvP 0.99; RZ tgt 0; car_sh 20.4%; team rush 23.8; opp d_ypc 0.96; inside-10 car 0,0.7075836643559986,PLAYED (final score in nflverse)
Tyjae Spears,TEN,BAL,RB,TEN@BAL,first_td,0.03165527165847405,3059,0.10902362653003131,0.046256760603472814,B,Questionable (Full),tgt_sh 7.4%; team att 34.2; opp DvP 0.99; RZ tgt 0; car_sh 20.4%; team rush 23.8; opp d_ypc 0.96; inside-10 car 0,0.7075836643559986,PLAYED (final score in nflverse)
Tyjae Spears,TEN,BAL,RB,TEN@BAL,last_td,0.03165527165847405,3059,0.10902362653003131,0.046256760603472814,B,Questionable (Full),tgt_sh 7.4%; team att 34.2; opp DvP 0.99; RZ tgt 0; car_sh 20.4%; team rush 23.8; opp d_ypc 0.96; inside-10 car 0,0.7075836643559986,PLAYED (final score in nflverse)
Tyjae Spears,TEN,BAL,RB,TEN@BAL,2plus_td,0.010816965556504412,9145,0.10902362653003131,0.046256760603472814,B,Questionable (Full),tgt_sh 7.4%; team att 34.2; opp DvP 0.99; RZ tgt 0; car_sh 20.4%; team rush 23.8; opp d_ypc 0.96; inside-10 car 0,0.7075836643559986,PLAYED (final score in nflverse)
Carnell Tate,TEN,BAL,WR,TEN@BAL,anytime_td,0.15445,547,0.0,0.16525,B,-,tgt_sh 22.7%; team att 34.2; opp DvP 1.03; RZ tgt 1,1.0,PLAYED (final score in nflverse)
Carnell Tate,TEN,BAL,WR,TEN@BAL,first_td,0.03363122474747474,2873,0.0,0.16525,B,-,tgt_sh 22.7%; team att 34.2; opp DvP 1.03; RZ tgt 1,1.0,PLAYED (final score in nflverse)
Carnell Tate,TEN,BAL,WR,TEN@BAL,last_td,0.03363122474747474,2873,0.0,0.16525,B,-,tgt_sh 22.7%; team att 34.2; opp DvP 1.03; RZ tgt 1,1.0,PLAYED (final score in nflverse)
Carnell Tate,TEN,BAL,WR,TEN@BAL,2plus_td,0.01015,9752,0.0,0.16525,B,-,tgt_sh 22.7%; team att 34.2; opp DvP 1.03; RZ tgt 1,1.0,PLAYED (final score in nflverse)
Lamar Jackson,BAL,TEN,QB,TEN@BAL,anytime_td,0.1832890975908534,446,0.19987750102082483,0.0,B,no game designation yet (Full),team att 26.8; ypa 8.64; opp d_ypa 1.05; pass rate 47.1%,0.98,PLAYED (final score in nflverse)
Lamar Jackson,BAL,TEN,QB,TEN@BAL,first_td,0.04226411249813659,2266,0.19987750102082483,0.0,B,no game designation yet (Full),team att 26.8; ypa 8.64; opp d_ypa 1.05; pass rate 47.1%,0.98,PLAYED (final score in nflverse)
Lamar Jackson,BAL,TEN,QB,TEN@BAL,last_td,0.04226411249813659,2266,0.19987750102082483,0.0,B,no game designation yet (Full),team att 26.8; ypa 8.64; opp d_ypa 1.05; pass rate 47.1%,0.98,PLAYED (final score in nflverse)
Lamar Jackson,BAL,TEN,QB,TEN@BAL,2plus_td,0.015822784810126583,6220,0.19987750102082483,0.0,B,no game designation yet (Full),team att 26.8; ypa 8.64; opp d_ypa 1.05; pass rate 47.1%,0.98,PLAYED (final score in nflverse)
Rasheen Ali,BAL,TEN,RB,TEN@BAL,anytime_td,0.0401,2394,0.01705,0.02375,C,-,w_td 0.02; team TD 3.06,1.0,PLAYED (final score in nflverse)
Rasheen Ali,BAL,TEN,RB,TEN@BAL,first_td,0.008427124819624819,11766,0.01705,0.02375,C,-,w_td 0.02; team TD 3.06,1.0,PLAYED (final score in nflverse)
Rasheen Ali,BAL,TEN,RB,TEN@BAL,last_td,0.008427124819624819,11766,0.01705,0.02375,C,-,w_td 0.02; team TD 3.06,1.0,PLAYED (final score in nflverse)
Rasheen Ali,BAL,TEN,RB,TEN@BAL,2plus_td,0.00065,153746,0.01705,0.02375,C,-,w_td 0.02; team TD 3.06,1.0,PLAYED (final score in nflverse)
Mark Andrews,BAL,TEN,TE,TEN@BAL,anytime_td,0.3177491454115172,215,0.0,0.3815408887720221,B,no game designation yet (Full),tgt_sh 18.9%; team att 26.8; opp DvP 0.92; RZ tgt 3,0.9479829842591244,PLAYED (final score in nflverse)
Mark Andrews,BAL,TEN,TE,TEN@BAL,first_td,0.07913922478608254,1164,0.0,0.3815408887720221,B,no game designation yet (Full),tgt_sh 18.9%; team att 26.8; opp DvP 0.92; RZ tgt 3,0.9479829842591244,PLAYED (final score in nflverse)
Mark Andrews,BAL,TEN,TE,TEN@BAL,last_td,0.07913922478608254,1164,0.0,0.3815408887720221,B,no game designation yet (Full),tgt_sh 18.9%; team att 26.8; opp DvP 0.92; RZ tgt 3,0.9479829842591244,PLAYED (final score in nflverse)
Mark Andrews,BAL,TEN,TE,TEN@BAL,2plus_td,0.056744675256376546,1662,0.0,0.3815408887720221,B,no game designation yet (Full),tgt_sh 18.9%; team att 26.8; opp DvP 0.92; RZ tgt 3,0.9479829842591244,PLAYED (final score in nflverse)
Rashod Bateman,BAL,TEN,WR,TEN@BAL,anytime_td,0.2238,347,0.0,0.2526,C,-,tgt_sh 11.3%; team att 26.8; opp DvP 1.07; RZ tgt 2,1.0,PLAYED (final score in nflverse)
Rashod Bateman,BAL,TEN,WR,TEN@BAL,first_td,0.05233588619713619,1811,0.0,0.2526,C,-,tgt_sh 11.3%; team att 26.8; opp DvP 1.07; RZ tgt 2,1.0,PLAYED (final score in nflverse)
Rashod Bateman,BAL,TEN,WR,TEN@BAL,last_td,0.05233588619713619,1811,0.0,0.2526,C,-,tgt_sh 11.3%; team att 26.8; opp DvP 1.07; RZ tgt 2,1.0,PLAYED (final score in nflverse)
Rashod Bateman,BAL,TEN,WR,TEN@BAL,2plus_td,0.0268,3631,0.0,0.2526,C,-,tgt_sh 11.3%; team att 26.8; opp DvP 1.07; RZ tgt 2,1.0,PLAYED (final score in nflverse)
Zay Flowers,BAL,TEN,WR,TEN@BAL,anytime_td,0.3875782015527248,158,0.008743498907062637,0.47358106580236675,B,Questionable (Limited),tgt_sh 24.4%; team att 26.8; opp DvP 1.07; RZ tgt 4,0.6667342299285288,PLAYED (final score in nflverse)
Zay Flowers,BAL,TEN,WR,TEN@BAL,first_td,0.1002966596563491,897,0.008743498907062637,0.47358106580236675,B,Questionable (Limited),tgt_sh 24.4%; team att 26.8; opp DvP 1.07; RZ tgt 4,0.6667342299285288,PLAYED (final score in nflverse)
Zay Flowers,BAL,TEN,WR,TEN@BAL,last_td,0.1002966596563491,897,0.008743498907062637,0.47358106580236675,B,Questionable (Limited),tgt_sh 24.4%; team att 26.8; opp DvP 1.07; RZ tgt 4,0.6667342299285288,PLAYED (final score in nflverse)
Zay Flowers,BAL,TEN,WR,TEN@BAL,2plus_td,0.0820833647395794,1118,0.008743498907062637,0.47358106580236675,B,Questionable (Limited),tgt_sh 24.4%; team att 26.8; opp DvP 1.07; RZ tgt 4,0.6667342299285288,PLAYED (final score in nflverse)
Derrick Henry,BAL,TEN,RB,TEN@BAL,anytime_td,0.71405,-250,1.0997,0.07505,B,-,tgt_sh 4.8%; team att 26.8; opp DvP 0.96; RZ tgt 0; car_sh 61.0%; team rush 32.7; opp d_ypc 0.93; inside-10 car 17,1.0,PLAYED (final score in nflverse)
Derrick Henry,BAL,TEN,RB,TEN@BAL,first_td,0.24928458402708403,301,1.0997,0.07505,B,-,tgt_sh 4.8%; team att 26.8; opp DvP 0.96; RZ tgt 0; car_sh 61.0%; team rush 32.7; opp d_ypc 0.93; inside-10 car 17,1.0,PLAYED (final score in nflverse)
Derrick Henry,BAL,TEN,RB,TEN@BAL,last_td,0.24928458402708403,301,1.0997,0.07505,B,-,tgt_sh 4.8%; team att 26.8; opp DvP 0.96; RZ tgt 0; car_sh 61.0%; team rush 32.7; opp d_ypc 0.93; inside-10 car 17,1.0,PLAYED (final score in nflverse)
Derrick Henry,BAL,TEN,RB,TEN@BAL,2plus_td,0.33325,200,1.0997,0.07505,B,-,tgt_sh 4.8%; team att 26.8; opp DvP 0.96; RZ tgt 0; car_sh 61.0%; team rush 32.7; opp d_ypc 0.93; inside-10 car 17,1.0,PLAYED (final score in nflverse)
Matthew Hibner,BAL,TEN,TE,TEN@BAL,anytime_td,0.0789,1167,0.0,0.08235,C,-,w_td 0.04; team TD 3.06,1.0,PLAYED (final score in nflverse)
Matthew Hibner,BAL,TEN,TE,TEN@BAL,first_td,0.017030900627150625,5772,0.0,0.08235,C,-,w_td 0.04; team TD 3.06,1.0,PLAYED (final score in nflverse)
Matthew Hibner,BAL,TEN,TE,TEN@BAL,last_td,0.017030900627150625,5772,0.0,0.08235,C,-,w_td 0.04; team TD 3.06,1.0,PLAYED (final score in nflverse)
Matthew Hibner,BAL,TEN,TE,TEN@BAL,2plus_td,0.0034,29312,0.0,0.08235,C,-,w_td 0.04; team TD 3.06,1.0,PLAYED (final score in nflverse)
Justice Hill,BAL,TEN,RB,TEN@BAL,anytime_td,0.17435,474,0.10495,0.0841,B,-,tgt_sh 5.5%; team att 26.8; opp DvP 0.96; RZ tgt 0; car_sh 9.5%; team rush 32.7; opp d_ypc 0.93; inside-10 car 0,1.0,PLAYED (final score in nflverse)
Justice Hill,BAL,TEN,RB,TEN@BAL,first_td,0.039662611832611834,2421,0.10495,0.0841,B,-,tgt_sh 5.5%; team att 26.8; opp DvP 0.96; RZ tgt 0; car_sh 9.5%; team rush 32.7; opp d_ypc 0.93; inside-10 car 0,1.0,PLAYED (final score in nflverse)
Justice Hill,BAL,TEN,RB,TEN@BAL,last_td,0.039662611832611834,2421,0.10495,0.0841,B,-,tgt_sh 5.5%; team att 26.8; opp DvP 0.96; RZ tgt 0; car_sh 9.5%; team rush 32.7; opp d_ypc 0.93; inside-10 car 0,1.0,PLAYED (final score in nflverse)
Justice Hill,BAL,TEN,RB,TEN@BAL,2plus_td,0.0139,7094,0.10495,0.0841,B,-,tgt_sh 5.5%; team att 26.8; opp DvP 0.96; RZ tgt 0; car_sh 9.5%; team rush 32.7; opp d_ypc 0.93; inside-10 car 0,1.0,PLAYED (final score in nflverse)
Chris Moore,BAL,TEN,WR,TEN@BAL,anytime_td,0.12776652412033912,683,0.0,0.13676945007127317,C,Questionable (Limited),tgt_sh 6.8%; team att 26.8; opp DvP 1.07; RZ tgt 1,0.6667342299285288,PLAYED (final score in nflverse)
Chris Moore,BAL,TEN,WR,TEN@BAL,first_td,0.028929591511180526,3357,0.0,0.13676945007127317,C,Questionable (Limited),tgt_sh 6.8%; team att 26.8; opp DvP 1.07; RZ tgt 1,0.6667342299285288,PLAYED (final score in nflverse)
Chris Moore,BAL,TEN,WR,TEN@BAL,last_td,0.028929591511180526,3357,0.0,0.13676945007127317,C,Questionable (Limited),tgt_sh 6.8%; team att 26.8; opp DvP 1.07; RZ tgt 1,0.6667342299285288,PLAYED (final score in nflverse)
Chris Moore,BAL,TEN,WR,TEN@BAL,2plus_td,0.008927901568009603,11101,0.0,0.13676945007127317,C,Questionable (Limited),tgt_sh 6.8%; team att 26.8; opp DvP 1.07; RZ tgt 1,0.6667342299285288,PLAYED (final score in nflverse)
Elijah Sarratt,BAL,TEN,WR,TEN@BAL,anytime_td,0.07415,1249,0.0,0.0771,C,-,tgt_sh 4.8%; team att 26.8; opp DvP 1.07; RZ tgt 0,1.0,PLAYED (final score in nflverse)
Elijah Sarratt,BAL,TEN,WR,TEN@BAL,first_td,0.01613463258963259,6098,0.0,0.0771,C,-,tgt_sh 4.8%; team att 26.8; opp DvP 1.07; RZ tgt 0,1.0,PLAYED (final score in nflverse)
Elijah Sarratt,BAL,TEN,WR,TEN@BAL,last_td,0.01613463258963259,6098,0.0,0.0771,C,-,tgt_sh 4.8%; team att 26.8; opp DvP 1.07; RZ tgt 0,1.0,PLAYED (final score in nflverse)
Elijah Sarratt,BAL,TEN,WR,TEN@BAL,2plus_td,0.0029,34383,0.0,0.0771,C,-,tgt_sh 4.8%; team att 26.8; opp DvP 1.07; RZ tgt 0,1.0,PLAYED (final score in nflverse)
Durham Smythe,BAL,TEN,TE,TEN@BAL,anytime_td,0.057228598504790985,1647,0.0,0.058386859008107826,C,no game designation yet (Full),w_td 0.03; team TD 3.06,0.9479829842591244,PLAYED (final score in nflverse)
Durham Smythe,BAL,TEN,TE,TEN@BAL,first_td,0.012412509395767267,7956,0.0,0.058386859008107826,C,no game designation yet (Full),w_td 0.03; team TD 3.06,0.9479829842591244,PLAYED (final score in nflverse)
Durham Smythe,BAL,TEN,TE,TEN@BAL,last_td,0.012412509395767267,7956,0.0,0.058386859008107826,C,no game designation yet (Full),w_td 0.03; team TD 3.06,0.9479829842591244,PLAYED (final score in nflverse)
Durham Smythe,BAL,TEN,TE,TEN@BAL,2plus_td,0.001158260503316837,86236,0.0,0.058386859008107826,C,no game designation yet (Full),w_td 0.03; team TD 3.06,0.9479829842591244,PLAYED (final score in nflverse)
Devontez Walker,BAL,TEN,WR,TEN@BAL,anytime_td,0.05845,1611,0.0,0.06035,C,-,tgt_sh 3.7%; team att 26.8; opp DvP 1.07; RZ tgt 0,1.0,PLAYED (final score in nflverse)
Devontez Walker,BAL,TEN,WR,TEN@BAL,first_td,0.012779017510267507,7725,0.0,0.06035,C,-,tgt_sh 3.7%; team att 26.8; opp DvP 1.07; RZ tgt 0,1.0,PLAYED (final score in nflverse)
Devontez Walker,BAL,TEN,WR,TEN@BAL,last_td,0.012779017510267507,7725,0.0,0.06035,C,-,tgt_sh 3.7%; team att 26.8; opp DvP 1.07; RZ tgt 0,1.0,PLAYED (final score in nflverse)
Devontez Walker,BAL,TEN,WR,TEN@BAL,2plus_td,0.00185,53954,0.0,0.06035,C,-,tgt_sh 3.7%; team att 26.8; opp DvP 1.07; RZ tgt 0,1.0,PLAYED (final score in nflverse)
LaJohntay Wester,BAL,TEN,WR,TEN@BAL,anytime_td,0.02585,3768,0.0,0.02615,C,-,w_td 0.01; team TD 3.06,1.0,PLAYED (final score in nflverse)
LaJohntay Wester,BAL,TEN,WR,TEN@BAL,first_td,0.005404172077922078,18404,0.0,0.02615,C,-,w_td 0.01; team TD 3.06,1.0,PLAYED (final score in nflverse)
LaJohntay Wester,BAL,TEN,WR,TEN@BAL,last_td,0.005404172077922078,18404,0.0,0.02615,C,-,w_td 0.01; team TD 3.06,1.0,PLAYED (final score in nflverse)
LaJohntay Wester,BAL,TEN,WR,TEN@BAL,2plus_td,0.0003,333233,0.0,0.02615,C,-,w_td 0.01; team TD 3.06,1.0,PLAYED (final score in nflverse)
Drake Maye,NE,BUF,QB,NE@BUF,anytime_td,0.12399224410654149,707,0.13215634248392694,0.0,B,no game designation yet (Full),team att 32.7; ypa 7.52; opp d_ypa 1.03; pass rate 55.2%,0.98,PLAYED (final score in nflverse)
Drake Maye,NE,BUF,QB,NE@BUF,first_td,0.022892721683414607,4268,0.13215634248392694,0.0,B,no game designation yet (Full),team att 32.7; ypa 7.52; opp d_ypa 1.03; pass rate 55.2%,0.98,PLAYED (final score in nflverse)
Drake Maye,NE,BUF,QB,NE@BUF,last_td,0.022892721683414607,4268,0.13215634248392694,0.0,B,no game designation yet (Full),team att 32.7; ypa 7.52; opp d_ypa 1.03; pass rate 55.2%,0.98,PLAYED (final score in nflverse)
Drake Maye,NE,BUF,QB,NE@BUF,2plus_td,0.007806919073374834,12709,0.13215634248392694,0.0,B,no game designation yet (Full),team att 32.7; ypa 7.52; opp d_ypa 1.03; pass rate 55.2%,0.98,PLAYED (final score in nflverse)
Efton Chism III,NE,BUF,WR,NE@BUF,anytime_td,0.08145,1128,0.0,0.08435,C,-,tgt_sh 3.6%; team att 32.7; opp DvP 1.04; RZ tgt 1,1.0,PLAYED (final score in nflverse)
Efton Chism III,NE,BUF,WR,NE@BUF,first_td,0.014145619241869242,6969,0.0,0.08435,C,-,tgt_sh 3.6%; team att 32.7; opp DvP 1.04; RZ tgt 1,1.0,PLAYED (final score in nflverse)
Efton Chism III,NE,BUF,WR,NE@BUF,last_td,0.014145619241869242,6969,0.0,0.08435,C,-,tgt_sh 3.6%; team att 32.7; opp DvP 1.04; RZ tgt 1,1.0,PLAYED (final score in nflverse)
Efton Chism III,NE,BUF,WR,NE@BUF,2plus_td,0.0028,35614,0.0,0.08435,C,-,tgt_sh 3.6%; team att 32.7; opp DvP 1.04; RZ tgt 1,1.0,PLAYED (final score in nflverse)
Romeo Doubs,NE,BUF,WR,NE@BUF,anytime_td,0.3118,221,0.0,0.36865,B,-,tgt_sh 16.8%; team att 32.7; opp DvP 1.04; RZ tgt 4,1.0,PLAYED (final score in nflverse)
Romeo Doubs,NE,BUF,WR,NE@BUF,first_td,0.06348057151182152,1475,0.0,0.36865,B,-,tgt_sh 16.8%; team att 32.7; opp DvP 1.04; RZ tgt 4,1.0,PLAYED (final score in nflverse)
Romeo Doubs,NE,BUF,WR,NE@BUF,last_td,0.06348057151182152,1475,0.0,0.36865,B,-,tgt_sh 16.8%; team att 32.7; opp DvP 1.04; RZ tgt 4,1.0,PLAYED (final score in nflverse)
Romeo Doubs,NE,BUF,WR,NE@BUF,2plus_td,0.05075,1870,0.0,0.36865,B,-,tgt_sh 16.8%; team att 32.7; opp DvP 1.04; RZ tgt 4,1.0,PLAYED (final score in nflverse)
DeMario Douglas,NE,BUF,WR,NE@BUF,anytime_td,0.19285,419,0.0,0.21175,C,-,tgt_sh 10.6%; team att 32.7; opp DvP 1.04; RZ tgt 2,1.0,PLAYED (final score in nflverse)
DeMario Douglas,NE,BUF,WR,NE@BUF,first_td,0.035900581085581085,2685,0.0,0.21175,C,-,tgt_sh 10.6%; team att 32.7; opp DvP 1.04; RZ tgt 2,1.0,PLAYED (final score in nflverse)
DeMario Douglas,NE,BUF,WR,NE@BUF,last_td,0.035900581085581085,2685,0.0,0.21175,C,-,tgt_sh 10.6%; team att 32.7; opp DvP 1.04; RZ tgt 2,1.0,PLAYED (final score in nflverse)
DeMario Douglas,NE,BUF,WR,NE@BUF,2plus_td,0.0184,5335,0.0,0.21175,C,-,tgt_sh 10.6%; team att 32.7; opp DvP 1.04; RZ tgt 2,1.0,PLAYED (final score in nflverse)
Reggie Gilliam,NE,BUF,RB,NE@BUF,anytime_td,0.021131666537657714,4632,0.0,0.021673504141187398,C,Questionable (Limited),w_td 0.01; team TD 2.28,0.6469461218980005,PLAYED (final score in nflverse)
Reggie Gilliam,NE,BUF,RB,NE@BUF,first_td,0.003631206371356538,27439,0.0,0.021673504141187398,C,Questionable (Limited),w_td 0.01; team TD 2.28,0.6469461218980005,PLAYED (final score in nflverse)
Reggie Gilliam,NE,BUF,RB,NE@BUF,last_td,0.003631206371356538,27439,0.0,0.021673504141187398,C,Questionable (Limited),w_td 0.01; team TD 2.28,0.6469461218980005,PLAYED (final score in nflverse)
Reggie Gilliam,NE,BUF,RB,NE@BUF,2plus_td,0.000541837603529685,184457,0.0,0.021673504141187398,C,Questionable (Limited),w_td 0.01; team TD 2.28,0.6469461218980005,PLAYED (final score in nflverse)
TreVeyon Henderson,NE,BUF,RB,NE@BUF,anytime_td,0.2824,254,0.2726,0.0557,B,-,tgt_sh 4.2%; team att 32.7; opp DvP 0.98; RZ tgt 0; car_sh 39.1%; team rush 28.5; opp d_ypc 0.98; inside-10 car 1,1.0,PLAYED (final score in nflverse)
TreVeyon Henderson,NE,BUF,RB,NE@BUF,first_td,0.05721693861693861,1648,0.2726,0.0557,B,-,tgt_sh 4.2%; team att 32.7; opp DvP 0.98; RZ tgt 0; car_sh 39.1%; team rush 28.5; opp d_ypc 0.98; inside-10 car 1,1.0,PLAYED (final score in nflverse)
TreVeyon Henderson,NE,BUF,RB,NE@BUF,last_td,0.05721693861693861,1648,0.2726,0.0557,B,-,tgt_sh 4.2%; team att 32.7; opp DvP 0.98; RZ tgt 0; car_sh 39.1%; team rush 28.5; opp d_ypc 0.98; inside-10 car 1,1.0,PLAYED (final score in nflverse)
TreVeyon Henderson,NE,BUF,RB,NE@BUF,2plus_td,0.04225,2267,0.2726,0.0557,B,-,tgt_sh 4.2%; team att 32.7; opp DvP 0.98; RZ tgt 0; car_sh 39.1%; team rush 28.5; opp d_ypc 0.98; inside-10 car 1,1.0,PLAYED (final score in nflverse)
Hunter Henry,NE,BUF,TE,NE@BUF,anytime_td,0.1805,454,0.0,0.1986,C,-,tgt_sh 13.8%; team att 32.7; opp DvP 0.80; RZ tgt 1,1.0,PLAYED (final score in nflverse)
Hunter Henry,NE,BUF,TE,NE@BUF,first_td,0.03422641011766012,2822,0.0,0.1986,C,-,tgt_sh 13.8%; team att 32.7; opp DvP 0.80; RZ tgt 1,1.0,PLAYED (final score in nflverse)
Hunter Henry,NE,BUF,TE,NE@BUF,last_td,0.03422641011766012,2822,0.0,0.1986,C,-,tgt_sh 13.8%; team att 32.7; opp DvP 0.80; RZ tgt 1,1.0,PLAYED (final score in nflverse)
Hunter Henry,NE,BUF,TE,NE@BUF,2plus_td,0.01735,5664,0.0,0.1986,C,-,tgt_sh 13.8%; team att 32.7; opp DvP 0.80; RZ tgt 1,1.0,PLAYED (final score in nflverse)
Mack Hollins,NE,BUF,WR,NE@BUF,anytime_td,0.27825,259,0.0,0.3191,B,-,tgt_sh 14.1%; team att 32.7; opp DvP 1.04; RZ tgt 4,1.0,PLAYED (final score in nflverse)
Mack Hollins,NE,BUF,WR,NE@BUF,first_td,0.054739518537018535,1727,0.0,0.3191,B,-,tgt_sh 14.1%; team att 32.7; opp DvP 1.04; RZ tgt 4,1.0,PLAYED (final score in nflverse)
Mack Hollins,NE,BUF,WR,NE@BUF,last_td,0.054739518537018535,1727,0.0,0.3191,B,-,tgt_sh 14.1%; team att 32.7; opp DvP 1.04; RZ tgt 4,1.0,PLAYED (final score in nflverse)
Mack Hollins,NE,BUF,WR,NE@BUF,2plus_td,0.03705,2599,0.0,0.3191,B,-,tgt_sh 14.1%; team att 32.7; opp DvP 1.04; RZ tgt 4,1.0,PLAYED (final score in nflverse)
Corey Kiner,NE,BUF,RB,NE@BUF,anytime_td,0.06825,1365,0.05945,0.0108,C,-,car_sh 9.7%; team rush 28.5; opp d_ypc 0.98; inside-10 car 0,1.0,PLAYED (final score in nflverse)
Corey Kiner,NE,BUF,RB,NE@BUF,first_td,0.012029193722943723,8213,0.05945,0.0108,C,-,car_sh 9.7%; team rush 28.5; opp d_ypc 0.98; inside-10 car 0,1.0,PLAYED (final score in nflverse)
Corey Kiner,NE,BUF,RB,NE@BUF,last_td,0.012029193722943723,8213,0.05945,0.0108,C,-,car_sh 9.7%; team rush 28.5; opp d_ypc 0.98; inside-10 car 0,1.0,PLAYED (final score in nflverse)
Corey Kiner,NE,BUF,RB,NE@BUF,2plus_td,0.00195,51182,0.05945,0.0108,C,-,car_sh 9.7%; team rush 28.5; opp d_ypc 0.98; inside-10 car 0,1.0,PLAYED (final score in nflverse)
Lan Larison,NE,BUF,RB,NE@BUF,anytime_td,0.04155,2307,0.00345,0.039,C,-,tgt_sh 3.0%; team att 32.7; opp DvP 0.98; RZ tgt 0,1.0,PLAYED (final score in nflverse)
Lan Larison,NE,BUF,RB,NE@BUF,first_td,0.00737937950937951,13451,0.00345,0.039,C,-,tgt_sh 3.0%; team att 32.7; opp DvP 0.98; RZ tgt 0,1.0,PLAYED (final score in nflverse)
Lan Larison,NE,BUF,RB,NE@BUF,last_td,0.00737937950937951,13451,0.00345,0.039,C,-,tgt_sh 3.0%; team att 32.7; opp DvP 0.98; RZ tgt 0,1.0,PLAYED (final score in nflverse)
Lan Larison,NE,BUF,RB,NE@BUF,2plus_td,0.0009,111011,0.00345,0.039,C,-,tgt_sh 3.0%; team att 32.7; opp DvP 0.98; RZ tgt 0,1.0,PLAYED (final score in nflverse)
Eli Raridon,NE,BUF,TE,NE@BUF,anytime_td,0.08325215436493069,1101,0.0,0.08669913825402772,C,Questionable (Limited),w_td 0.05; team TD 2.28,0.6667342299285288,PLAYED (final score in nflverse)
Eli Raridon,NE,BUF,TE,NE@BUF,first_td,0.014761656061768462,6674,0.0,0.08669913825402772,C,Questionable (Limited),w_td 0.05; team TD 2.28,0.6667342299285288,PLAYED (final score in nflverse)
Eli Raridon,NE,BUF,TE,NE@BUF,last_td,0.014761656061768462,6674,0.0,0.08669913825402772,C,Questionable (Limited),w_td 0.05; team TD 2.28,0.6667342299285288,PLAYED (final score in nflverse)
Eli Raridon,NE,BUF,TE,NE@BUF,2plus_td,0.0032971150243536907,30230,0.0,0.08669913825402772,C,Questionable (Limited),w_td 0.05; team TD 2.28,0.6667342299285288,PLAYED (final score in nflverse)
Rhamondre Stevenson,NE,BUF,RB,NE@BUF,anytime_td,0.30635,226,0.2231,0.13555,B,-,tgt_sh 10.1%; team att 32.7; opp DvP 0.98; RZ tgt 0; car_sh 27.9%; team rush 28.5; opp d_ypc 0.98; inside-10 car 2,1.0,PLAYED (final score in nflverse)
Rhamondre Stevenson,NE,BUF,RB,NE@BUF,first_td,0.06130277458652458,1531,0.2231,0.13555,B,-,tgt_sh 10.1%; team att 32.7; opp DvP 0.98; RZ tgt 0; car_sh 27.9%; team rush 28.5; opp d_ypc 0.98; inside-10 car 2,1.0,PLAYED (final score in nflverse)
Rhamondre Stevenson,NE,BUF,RB,NE@BUF,last_td,0.06130277458652458,1531,0.2231,0.13555,B,-,tgt_sh 10.1%; team att 32.7; opp DvP 0.98; RZ tgt 0; car_sh 27.9%; team rush 28.5; opp d_ypc 0.98; inside-10 car 2,1.0,PLAYED (final score in nflverse)
Rhamondre Stevenson,NE,BUF,RB,NE@BUF,2plus_td,0.0469,2032,0.2231,0.13555,B,-,tgt_sh 10.1%; team att 32.7; opp DvP 0.98; RZ tgt 0; car_sh 27.9%; team rush 28.5; opp d_ypc 0.98; inside-10 car 2,1.0,PLAYED (final score in nflverse)
Kyle Williams,NE,BUF,WR,NE@BUF,anytime_td,0.05425,1743,0.0,0.0559,C,-,tgt_sh 4.2%; team att 32.7; opp DvP 1.04; RZ tgt 0,1.0,PLAYED (final score in nflverse)
Kyle Williams,NE,BUF,WR,NE@BUF,first_td,0.009512596015096015,10412,0.0,0.0559,C,-,tgt_sh 4.2%; team att 32.7; opp DvP 1.04; RZ tgt 0,1.0,PLAYED (final score in nflverse)
Kyle Williams,NE,BUF,WR,NE@BUF,last_td,0.009512596015096015,10412,0.0,0.0559,C,-,tgt_sh 4.2%; team att 32.7; opp DvP 1.04; RZ tgt 0,1.0,PLAYED (final score in nflverse)
Kyle Williams,NE,BUF,WR,NE@BUF,2plus_td,0.0016,62400,0.0,0.0559,C,-,tgt_sh 4.2%; team att 32.7; opp DvP 1.04; RZ tgt 0,1.0,PLAYED (final score in nflverse)
Josh Allen,BUF,NE,QB,NE@BUF,anytime_td,0.3669,173,0.4442,0.0,B,-,team att 29.9; ypa 7.95; opp d_ypa 0.96; pass rate 53.1%,1.0,PLAYED (final score in nflverse)
Josh Allen,BUF,NE,QB,NE@BUF,first_td,0.07859843614718615,1172,0.4442,0.0,B,-,team att 29.9; ypa 7.95; opp d_ypa 0.96; pass rate 53.1%,1.0,PLAYED (final score in nflverse)
Josh Allen,BUF,NE,QB,NE@BUF,last_td,0.07859843614718615,1172,0.4442,0.0,B,-,team att 29.9; ypa 7.95; opp d_ypa 0.96; pass rate 53.1%,1.0,PLAYED (final score in nflverse)
Josh Allen,BUF,NE,QB,NE@BUF,2plus_td,0.0686,1358,0.4442,0.0,B,-,team att 29.9; ypa 7.95; opp d_ypa 0.96; pass rate 53.1%,1.0,PLAYED (final score in nflverse)
Keon Coleman,BUF,NE,WR,NE@BUF,anytime_td,0.18714427445042034,434,0.0,0.20562894887995406,C,no game designation yet (Limited),tgt_sh 13.0%; team att 29.9; opp DvP 1.09; RZ tgt 2,0.9575230478992892,PLAYED (final score in nflverse)
Keon Coleman,BUF,NE,WR,NE@BUF,first_td,0.0358683678484211,2688,0.0,0.20562894887995406,C,no game designation yet (Limited),tgt_sh 13.0%; team att 29.9; opp DvP 1.09; RZ tgt 2,0.9575230478992892,PLAYED (final score in nflverse)
Keon Coleman,BUF,NE,WR,NE@BUF,last_td,0.0358683678484211,2688,0.0,0.20562894887995406,C,no game designation yet (Limited),tgt_sh 13.0%; team att 29.9; opp DvP 1.09; RZ tgt 2,0.9575230478992892,PLAYED (final score in nflverse)
Keon Coleman,BUF,NE,WR,NE@BUF,2plus_td,0.017074826379823507,5757,0.0,0.20562894887995406,C,no game designation yet (Limited),tgt_sh 13.0%; team att 29.9; opp DvP 1.09; RZ tgt 2,0.9575230478992892,PLAYED (final score in nflverse)
James Cook,BUF,NE,RB,NE@BUF,anytime_td,0.6988,-232,0.9892,0.14035,B,-,tgt_sh 7.4%; team att 29.9; opp DvP 1.10; RZ tgt 2; car_sh 57.5%; team rush 28.2; opp d_ypc 1.03; inside-10 car 8,1.0,PLAYED (final score in nflverse)
James Cook,BUF,NE,RB,NE@BUF,first_td,0.19900840395715394,402,0.9892,0.14035,B,-,tgt_sh 7.4%; team att 29.9; opp DvP 1.10; RZ tgt 2; car_sh 57.5%; team rush 28.2; opp d_ypc 1.03; inside-10 car 8,1.0,PLAYED (final score in nflverse)
James Cook,BUF,NE,RB,NE@BUF,last_td,0.19900840395715394,402,0.9892,0.14035,B,-,tgt_sh 7.4%; team att 29.9; opp DvP 1.10; RZ tgt 2; car_sh 57.5%; team rush 28.2; opp d_ypc 1.03; inside-10 car 8,1.0,PLAYED (final score in nflverse)
James Cook,BUF,NE,RB,NE@BUF,2plus_td,0.31355,219,0.9892,0.14035,B,-,tgt_sh 7.4%; team att 29.9; opp DvP 1.10; RZ tgt 2; car_sh 57.5%; team rush 28.2; opp d_ypc 1.03; inside-10 car 8,1.0,PLAYED (final score in nflverse)
Ray Davis,BUF,NE,RB,NE@BUF,anytime_td,0.0770413655236045,1198,0.06366292480393665,0.015838843610641244,C,Questionable (Limited),w_td 0.05; team TD 3.23,0.6469461218980005,PLAYED (final score in nflverse)
Ray Davis,BUF,NE,RB,NE@BUF,first_td,0.01423266129363315,6926,0.06366292480393665,0.015838843610641244,C,Questionable (Limited),w_td 0.05; team TD 3.23,0.6469461218980005,PLAYED (final score in nflverse)
Ray Davis,BUF,NE,RB,NE@BUF,last_td,0.01423266129363315,6926,0.06366292480393665,0.015838843610641244,C,Questionable (Limited),w_td 0.05; team TD 3.23,0.6469461218980005,PLAYED (final score in nflverse)
Ray Davis,BUF,NE,RB,NE@BUF,2plus_td,0.002383515300630478,41855,0.06366292480393665,0.015838843610641244,C,Questionable (Limited),w_td 0.05; team TD 3.23,0.6469461218980005,PLAYED (final score in nflverse)
Greg Dortch,BUF,NE,WR,NE@BUF,anytime_td,0.02515,3876,0.0,0.02535,C,-,w_td 0.02; team TD 3.23,1.0,PLAYED (final score in nflverse)
Greg Dortch,BUF,NE,WR,NE@BUF,first_td,0.004480399739149739,22219,0.0,0.02535,C,-,w_td 0.02; team TD 3.23,1.0,PLAYED (final score in nflverse)
Greg Dortch,BUF,NE,WR,NE@BUF,last_td,0.004480399739149739,22219,0.0,0.02535,C,-,w_td 0.02; team TD 3.23,1.0,PLAYED (final score in nflverse)
Greg Dortch,BUF,NE,WR,NE@BUF,2plus_td,0.00015,666567,0.0,0.02535,C,-,w_td 0.02; team TD 3.23,1.0,PLAYED (final score in nflverse)
Frank Gore Jr.,BUF,NE,RB,NE@BUF,anytime_td,0.04975,1910,0.04485,0.00595,C,-,w_td 0.03; team TD 3.23,1.0,PLAYED (final score in nflverse)
Frank Gore Jr.,BUF,NE,RB,NE@BUF,first_td,0.008871831363081364,11172,0.04485,0.00595,C,-,w_td 0.03; team TD 3.23,1.0,PLAYED (final score in nflverse)
Frank Gore Jr.,BUF,NE,RB,NE@BUF,last_td,0.008871831363081364,11172,0.04485,0.00595,C,-,w_td 0.03; team TD 3.23,1.0,PLAYED (final score in nflverse)
Frank Gore Jr.,BUF,NE,RB,NE@BUF,2plus_td,0.00105,95138,0.04485,0.00595,C,-,w_td 0.03; team TD 3.23,1.0,PLAYED (final score in nflverse)
Jackson Hawes,BUF,NE,TE,NE@BUF,anytime_td,0.0217,4508,0.0,0.0219,C,-,w_td 0.02; team TD 3.23,1.0,PLAYED (final score in nflverse)
Jackson Hawes,BUF,NE,TE,NE@BUF,first_td,0.0039039688089688085,25515,0.0,0.0219,C,-,w_td 0.02; team TD 3.23,1.0,PLAYED (final score in nflverse)
Jackson Hawes,BUF,NE,TE,NE@BUF,last_td,0.0039039688089688085,25515,0.0,0.0219,C,-,w_td 0.02; team TD 3.23,1.0,PLAYED (final score in nflverse)
Jackson Hawes,BUF,NE,TE,NE@BUF,2plus_td,0.0002,499900,0.0,0.0219,C,-,w_td 0.02; team TD 3.23,1.0,PLAYED (final score in nflverse)
Ty Johnson,BUF,NE,RB,NE@BUF,anytime_td,0.2185,358,0.12225,0.1202,C,-,tgt_sh 7.9%; team att 29.9; opp DvP 1.10; RZ tgt 1; car_sh 9.5%; team rush 28.2; opp d_ypc 1.03; inside-10 car 0,1.0,PLAYED (final score in nflverse)
Ty Johnson,BUF,NE,RB,NE@BUF,first_td,0.042502281468531466,2253,0.12225,0.1202,C,-,tgt_sh 7.9%; team att 29.9; opp DvP 1.10; RZ tgt 1; car_sh 9.5%; team rush 28.2; opp d_ypc 1.03; inside-10 car 0,1.0,PLAYED (final score in nflverse)
Ty Johnson,BUF,NE,RB,NE@BUF,last_td,0.042502281468531466,2253,0.12225,0.1202,C,-,tgt_sh 7.9%; team att 29.9; opp DvP 1.10; RZ tgt 1; car_sh 9.5%; team rush 28.2; opp d_ypc 1.03; inside-10 car 0,1.0,PLAYED (final score in nflverse)
Ty Johnson,BUF,NE,RB,NE@BUF,2plus_td,0.0226,4325,0.12225,0.1202,C,-,tgt_sh 7.9%; team att 29.9; opp DvP 1.10; RZ tgt 1; car_sh 9.5%; team rush 28.2; opp d_ypc 1.03; inside-10 car 0,1.0,PLAYED (final score in nflverse)
Dalton Kincaid,BUF,NE,TE,NE@BUF,anytime_td,0.1839,444,0.0,0.2032,B,-,tgt_sh 16.2%; team att 29.9; opp DvP 0.93; RZ tgt 1,1.0,PLAYED (final score in nflverse)
Dalton Kincaid,BUF,NE,TE,NE@BUF,first_td,0.0353601375013875,2728,0.0,0.2032,B,-,tgt_sh 16.2%; team att 29.9; opp DvP 0.93; RZ tgt 1,1.0,PLAYED (final score in nflverse)
Dalton Kincaid,BUF,NE,TE,NE@BUF,last_td,0.0353601375013875,2728,0.0,0.2032,B,-,tgt_sh 16.2%; team att 29.9; opp DvP 0.93; RZ tgt 1,1.0,PLAYED (final score in nflverse)
Dalton Kincaid,BUF,NE,TE,NE@BUF,2plus_td,0.01795,5471,0.0,0.2032,B,-,tgt_sh 16.2%; team att 29.9; opp DvP 0.93; RZ tgt 1,1.0,PLAYED (final score in nflverse)
Dawson Knox,BUF,NE,TE,NE@BUF,anytime_td,0.1166,758,0.00825,0.1148,C,-,tgt_sh 5.8%; team att 29.9; opp DvP 0.93; RZ tgt 2,1.0,PLAYED (final score in nflverse)
Dawson Knox,BUF,NE,TE,NE@BUF,first_td,0.02143993548118548,4564,0.00825,0.1148,C,-,tgt_sh 5.8%; team att 29.9; opp DvP 0.93; RZ tgt 2,1.0,PLAYED (final score in nflverse)
Dawson Knox,BUF,NE,TE,NE@BUF,last_td,0.02143993548118548,4564,0.00825,0.1148,C,-,tgt_sh 5.8%; team att 29.9; opp DvP 0.93; RZ tgt 2,1.0,PLAYED (final score in nflverse)
Dawson Knox,BUF,NE,TE,NE@BUF,2plus_td,0.00605,16429,0.00825,0.1148,C,-,tgt_sh 5.8%; team att 29.9; opp DvP 0.93; RZ tgt 2,1.0,PLAYED (final score in nflverse)
DJ Moore,BUF,NE,WR,NE@BUF,anytime_td,0.24873282123634843,302,0.014997125986309244,0.2677013115953389,B,no game designation yet (Limited),tgt_sh 16.0%; team att 29.9; opp DvP 1.09; RZ tgt 3,0.9575230478992892,PLAYED (final score in nflverse)
DJ Moore,BUF,NE,WR,NE@BUF,first_td,0.048981209143460276,1942,0.014997125986309244,0.2677013115953389,B,no game designation yet (Limited),tgt_sh 16.0%; team att 29.9; opp DvP 1.09; RZ tgt 3,0.9575230478992892,PLAYED (final score in nflverse)
DJ Moore,BUF,NE,WR,NE@BUF,last_td,0.048981209143460276,1942,0.014997125986309244,0.2677013115953389,B,no game designation yet (Limited),tgt_sh 16.0%; team att 29.9; opp DvP 1.09; RZ tgt 3,0.9575230478992892,PLAYED (final score in nflverse)
DJ Moore,BUF,NE,WR,NE@BUF,2plus_td,0.030987093065788784,3127,0.014997125986309244,0.2677013115953389,B,no game designation yet (Limited),tgt_sh 16.0%; team att 29.9; opp DvP 1.09; RZ tgt 3,0.9575230478992892,PLAYED (final score in nflverse)
Josh Palmer,BUF,NE,WR,NE@BUF,anytime_td,0.08445,1084,0.0,0.0878,C,-,tgt_sh 7.5%; team att 29.9; opp DvP 1.09; RZ tgt 0,1.0,PLAYED (final score in nflverse)
Josh Palmer,BUF,NE,WR,NE@BUF,first_td,0.015273787185037184,6447,0.0,0.0878,C,-,tgt_sh 7.5%; team att 29.9; opp DvP 1.09; RZ tgt 0,1.0,PLAYED (final score in nflverse)
Josh Palmer,BUF,NE,WR,NE@BUF,last_td,0.015273787185037184,6447,0.0,0.0878,C,-,tgt_sh 7.5%; team att 29.9; opp DvP 1.09; RZ tgt 0,1.0,PLAYED (final score in nflverse)
Josh Palmer,BUF,NE,WR,NE@BUF,2plus_td,0.00325,30669,0.0,0.0878,C,-,tgt_sh 7.5%; team att 29.9; opp DvP 1.09; RZ tgt 0,1.0,PLAYED (final score in nflverse)
Khalil Shakir,BUF,NE,WR,NE@BUF,anytime_td,0.30815,225,0.0,0.3668,B,-,tgt_sh 19.0%; team att 29.9; opp DvP 1.09; RZ tgt 5,1.0,PLAYED (final score in nflverse)
Khalil Shakir,BUF,NE,WR,NE@BUF,first_td,0.06373647005772005,1469,0.0,0.3668,B,-,tgt_sh 19.0%; team att 29.9; opp DvP 1.09; RZ tgt 5,1.0,PLAYED (final score in nflverse)
Khalil Shakir,BUF,NE,WR,NE@BUF,last_td,0.06373647005772005,1469,0.0,0.3668,B,-,tgt_sh 19.0%; team att 29.9; opp DvP 1.09; RZ tgt 5,1.0,PLAYED (final score in nflverse)
Khalil Shakir,BUF,NE,WR,NE@BUF,2plus_td,0.0535,1769,0.0,0.3668,B,-,tgt_sh 19.0%; team att 29.9; opp DvP 1.09; RZ tgt 5,1.0,PLAYED (final score in nflverse)
Geno Smith,NYJ,CHI,QB,NYJ@CHI,anytime_td,0.12445,704,0.13215,0.0,B,-,team att 29.5; ypa 7.91; opp d_ypa 1.05; pass rate 57.4%,1.0,PLAYED (final score in nflverse)
Geno Smith,NYJ,CHI,QB,NYJ@CHI,first_td,0.027770023448773447,3501,0.13215,0.0,B,-,team att 29.5; ypa 7.91; opp d_ypa 1.05; pass rate 57.4%,1.0,PLAYED (final score in nflverse)
Geno Smith,NYJ,CHI,QB,NYJ@CHI,last_td,0.027770023448773447,3501,0.13215,0.0,B,-,team att 29.5; ypa 7.91; opp d_ypa 1.05; pass rate 57.4%,1.0,PLAYED (final score in nflverse)
Geno Smith,NYJ,CHI,QB,NYJ@CHI,2plus_td,0.0075,13233,0.13215,0.0,B,-,team att 29.5; ypa 7.91; opp d_ypa 1.05; pass rate 57.4%,1.0,PLAYED (final score in nflverse)
Braelon Allen,NYJ,CHI,RB,NYJ@CHI,anytime_td,0.52595,-111,0.50695,0.2168,B,-,tgt_sh 4.6%; team att 29.5; opp DvP 1.11; RZ tgt 3; car_sh 31.1%; team rush 24.3; opp d_ypc 1.09; inside-10 car 1,1.0,PLAYED (final score in nflverse)
Braelon Allen,NYJ,CHI,RB,NYJ@CHI,first_td,0.15414257492507494,549,0.50695,0.2168,B,-,tgt_sh 4.6%; team att 29.5; opp DvP 1.11; RZ tgt 3; car_sh 31.1%; team rush 24.3; opp d_ypc 1.09; inside-10 car 1,1.0,PLAYED (final score in nflverse)
Braelon Allen,NYJ,CHI,RB,NYJ@CHI,last_td,0.15414257492507494,549,0.50695,0.2168,B,-,tgt_sh 4.6%; team att 29.5; opp DvP 1.11; RZ tgt 3; car_sh 31.1%; team rush 24.3; opp d_ypc 1.09; inside-10 car 1,1.0,PLAYED (final score in nflverse)
Braelon Allen,NYJ,CHI,RB,NYJ@CHI,2plus_td,0.16125,520,0.50695,0.2168,B,-,tgt_sh 4.6%; team att 29.5; opp DvP 1.11; RZ tgt 3; car_sh 31.1%; team rush 24.3; opp d_ypc 1.09; inside-10 car 1,1.0,PLAYED (final score in nflverse)
Andrew Beck,NYJ,CHI,RB,NYJ@CHI,anytime_td,0.0242,4032,0.01605,0.00855,C,-,w_td 0.01; team TD 1.99,1.0,PLAYED (final score in nflverse)
Andrew Beck,NYJ,CHI,RB,NYJ@CHI,first_td,0.005330955988455989,18658,0.01605,0.00855,C,-,w_td 0.01; team TD 1.99,1.0,PLAYED (final score in nflverse)
Andrew Beck,NYJ,CHI,RB,NYJ@CHI,last_td,0.005330955988455989,18658,0.01605,0.00855,C,-,w_td 0.01; team TD 1.99,1.0,PLAYED (final score in nflverse)
Andrew Beck,NYJ,CHI,RB,NYJ@CHI,2plus_td,0.0004,249900,0.01605,0.00855,C,-,w_td 0.01; team TD 1.99,1.0,PLAYED (final score in nflverse)
Isaiah Davis,NYJ,CHI,RB,NYJ@CHI,anytime_td,0.0455,2098,0.0221,0.0246,C,-,w_td 0.03; team TD 1.99,1.0,PLAYED (final score in nflverse)
Isaiah Davis,NYJ,CHI,RB,NYJ@CHI,first_td,0.009853642329892331,10049,0.0221,0.0246,C,-,w_td 0.03; team TD 1.99,1.0,PLAYED (final score in nflverse)
Isaiah Davis,NYJ,CHI,RB,NYJ@CHI,last_td,0.009853642329892331,10049,0.0221,0.0246,C,-,w_td 0.03; team TD 1.99,1.0,PLAYED (final score in nflverse)
Isaiah Davis,NYJ,CHI,RB,NYJ@CHI,2plus_td,0.0012,83233,0.0221,0.0246,C,-,w_td 0.03; team TD 1.99,1.0,PLAYED (final score in nflverse)
Kene Nwangwu,NYJ,CHI,RB,NYJ@CHI,anytime_td,0.016953614489548782,5798,0.01163586584531143,0.005423050597588585,C,no game designation yet (Full),w_td 0.01; team TD 1.99,0.9508674235277402,PLAYED (final score in nflverse)
Kene Nwangwu,NYJ,CHI,RB,NYJ@CHI,first_td,0.003566123586657468,27942,0.01163586584531143,0.005423050597588585,C,no game designation yet (Full),w_td 0.01; team TD 1.99,0.9508674235277402,PLAYED (final score in nflverse)
Kene Nwangwu,NYJ,CHI,RB,NYJ@CHI,last_td,0.003566123586657468,27942,0.01163586584531143,0.005423050597588585,C,no game designation yet (Full),w_td 0.01; team TD 1.99,0.9508674235277402,PLAYED (final score in nflverse)
Kene Nwangwu,NYJ,CHI,RB,NYJ@CHI,2plus_td,0.00010530195335123467,949550,0.01163586584531143,0.005423050597588585,C,no game designation yet (Full),w_td 0.01; team TD 1.99,0.9508674235277402,PLAYED (final score in nflverse)
Jeremy Ruckert,NYJ,CHI,TE,NYJ@CHI,anytime_td,0.13282732447817835,653,0.0,0.1420514442336074,C,no game designation yet (Full),tgt_sh 4.2%; team att 29.5; opp DvP 0.90; RZ tgt 2,0.9479829842591244,PLAYED (final score in nflverse)
Jeremy Ruckert,NYJ,CHI,TE,NYJ@CHI,first_td,0.029819866513414898,3253,0.0,0.1420514442336074,C,no game designation yet (Full),tgt_sh 4.2%; team att 29.5; opp DvP 0.90; RZ tgt 2,0.9479829842591244,PLAYED (final score in nflverse)
Jeremy Ruckert,NYJ,CHI,TE,NYJ@CHI,last_td,0.029819866513414898,3253,0.0,0.1420514442336074,C,no game designation yet (Full),tgt_sh 4.2%; team att 29.5; opp DvP 0.90; RZ tgt 2,0.9479829842591244,PLAYED (final score in nflverse)
Jeremy Ruckert,NYJ,CHI,TE,NYJ@CHI,2plus_td,0.009013282732447819,10995,0.0,0.1420514442336074,C,no game designation yet (Full),tgt_sh 4.2%; team att 29.5; opp DvP 0.90; RZ tgt 2,0.9479829842591244,PLAYED (final score in nflverse)
Kenyon Sadiq,NYJ,CHI,TE,NYJ@CHI,anytime_td,0.2238091677260151,347,0.05720481567337172,0.19389815299484034,C,Questionable (Limited),tgt_sh 14.4%; team att 29.5; opp DvP 0.90; RZ tgt 0,0.6667342299285288,PLAYED (final score in nflverse)
Kenyon Sadiq,NYJ,CHI,TE,NYJ@CHI,first_td,0.05217092951333586,1817,0.05720481567337172,0.19389815299484034,C,Questionable (Limited),tgt_sh 14.4%; team att 29.5; opp DvP 0.90; RZ tgt 0,0.6667342299285288,PLAYED (final score in nflverse)
Kenyon Sadiq,NYJ,CHI,TE,NYJ@CHI,last_td,0.05217092951333586,1817,0.05720481567337172,0.19389815299484034,C,Questionable (Limited),tgt_sh 14.4%; team att 29.5; opp DvP 0.90; RZ tgt 0,0.6667342299285288,PLAYED (final score in nflverse)
Kenyon Sadiq,NYJ,CHI,TE,NYJ@CHI,2plus_td,0.02549914005832648,3822,0.05720481567337172,0.19389815299484034,C,Questionable (Limited),tgt_sh 14.4%; team att 29.5; opp DvP 0.90; RZ tgt 0,0.6667342299285288,PLAYED (final score in nflverse)
Sterling Shepard,NYJ,CHI,WR,NYJ@CHI,anytime_td,0.115,770,0.0,0.1214,C,-,tgt_sh 5.2%; team att 29.5; opp DvP 0.95; RZ tgt 1,1.0,PLAYED (final score in nflverse)
Sterling Shepard,NYJ,CHI,WR,NYJ@CHI,first_td,0.02522673437673438,3864,0.0,0.1214,C,-,tgt_sh 5.2%; team att 29.5; opp DvP 0.95; RZ tgt 1,1.0,PLAYED (final score in nflverse)
Sterling Shepard,NYJ,CHI,WR,NYJ@CHI,last_td,0.02522673437673438,3864,0.0,0.1214,C,-,tgt_sh 5.2%; team att 29.5; opp DvP 0.95; RZ tgt 1,1.0,PLAYED (final score in nflverse)
Sterling Shepard,NYJ,CHI,WR,NYJ@CHI,2plus_td,0.0063,15773,0.0,0.1214,C,-,tgt_sh 5.2%; team att 29.5; opp DvP 0.95; RZ tgt 1,1.0,PLAYED (final score in nflverse)
Isaiah Williams,NYJ,CHI,WR,NYJ@CHI,anytime_td,0.173,478,0.01045,0.1786,C,-,tgt_sh 9.2%; team att 29.5; opp DvP 0.95; RZ tgt 1,1.0,PLAYED (final score in nflverse)
Isaiah Williams,NYJ,CHI,WR,NYJ@CHI,first_td,0.03899934454434454,2464,0.01045,0.1786,C,-,tgt_sh 9.2%; team att 29.5; opp DvP 0.95; RZ tgt 1,1.0,PLAYED (final score in nflverse)
Isaiah Williams,NYJ,CHI,WR,NYJ@CHI,last_td,0.03899934454434454,2464,0.01045,0.1786,C,-,tgt_sh 9.2%; team att 29.5; opp DvP 0.95; RZ tgt 1,1.0,PLAYED (final score in nflverse)
Isaiah Williams,NYJ,CHI,WR,NYJ@CHI,2plus_td,0.0152,6479,0.01045,0.1786,C,-,tgt_sh 9.2%; team att 29.5; opp DvP 0.95; RZ tgt 1,1.0,PLAYED (final score in nflverse)
Garrett Wilson,NYJ,CHI,WR,NYJ@CHI,anytime_td,0.3248,208,0.0,0.38695,B,-,tgt_sh 23.6%; team att 29.5; opp DvP 0.95; RZ tgt 1,1.0,PLAYED (final score in nflverse)
Garrett Wilson,NYJ,CHI,WR,NYJ@CHI,first_td,0.08109841325341326,1133,0.0,0.38695,B,-,tgt_sh 23.6%; team att 29.5; opp DvP 0.95; RZ tgt 1,1.0,PLAYED (final score in nflverse)
Garrett Wilson,NYJ,CHI,WR,NYJ@CHI,last_td,0.08109841325341326,1133,0.0,0.38695,B,-,tgt_sh 23.6%; team att 29.5; opp DvP 0.95; RZ tgt 1,1.0,PLAYED (final score in nflverse)
Garrett Wilson,NYJ,CHI,WR,NYJ@CHI,2plus_td,0.05605,1684,0.0,0.38695,B,-,tgt_sh 23.6%; team att 29.5; opp DvP 0.95; RZ tgt 1,1.0,PLAYED (final score in nflverse)
Jelani Woods,NYJ,CHI,TE,NYJ@CHI,anytime_td,0.02105,4651,0.0,0.0213,C,-,w_td 0.01; team TD 1.99,1.0,PLAYED (final score in nflverse)
Jelani Woods,NYJ,CHI,TE,NYJ@CHI,first_td,0.004561313131313131,21824,0.0,0.0213,C,-,w_td 0.01; team TD 1.99,1.0,PLAYED (final score in nflverse)
Jelani Woods,NYJ,CHI,TE,NYJ@CHI,last_td,0.004561313131313131,21824,0.0,0.0213,C,-,w_td 0.01; team TD 1.99,1.0,PLAYED (final score in nflverse)
Jelani Woods,NYJ,CHI,TE,NYJ@CHI,2plus_td,0.00025,399900,0.0,0.0213,C,-,w_td 0.01; team TD 1.99,1.0,PLAYED (final score in nflverse)
Tyson Bagent,CHI,NYJ,QB,NYJ@CHI,anytime_td,0.1526,555,0.16415,0.0,C,-,team att 29.5; ypa 6.88; opp d_ypa 0.95; pass rate 48.3%,1.0,PLAYED (final score in nflverse)
Tyson Bagent,CHI,NYJ,QB,NYJ@CHI,first_td,0.03587494463869464,2687,0.16415,0.0,C,-,team att 29.5; ypa 6.88; opp d_ypa 0.95; pass rate 48.3%,1.0,PLAYED (final score in nflverse)
Tyson Bagent,CHI,NYJ,QB,NYJ@CHI,last_td,0.03587494463869464,2687,0.16415,0.0,C,-,team att 29.5; ypa 6.88; opp d_ypa 0.95; pass rate 48.3%,1.0,PLAYED (final score in nflverse)
Tyson Bagent,CHI,NYJ,QB,NYJ@CHI,2plus_td,0.01125,8789,0.16415,0.0,C,-,team att 29.5; ypa 6.88; opp d_ypa 0.95; pass rate 48.3%,1.0,PLAYED (final score in nflverse)
Luther Burden III,CHI,NYJ,WR,NYJ@CHI,anytime_td,0.22835,338,0.0091,0.24635,B,-,tgt_sh 19.1%; team att 29.5; opp DvP 0.93; RZ tgt 6,1.0,PLAYED (final score in nflverse)
Luther Burden III,CHI,NYJ,WR,NYJ@CHI,first_td,0.05389699592074592,1755,0.0091,0.24635,B,-,tgt_sh 19.1%; team att 29.5; opp DvP 0.93; RZ tgt 6,1.0,PLAYED (final score in nflverse)
Luther Burden III,CHI,NYJ,WR,NYJ@CHI,last_td,0.05389699592074592,1755,0.0091,0.24635,B,-,tgt_sh 19.1%; team att 29.5; opp DvP 0.93; RZ tgt 6,1.0,PLAYED (final score in nflverse)
Luther Burden III,CHI,NYJ,WR,NYJ@CHI,2plus_td,0.02495,3908,0.0091,0.24635,B,-,tgt_sh 19.1%; team att 29.5; opp DvP 0.93; RZ tgt 6,1.0,PLAYED (final score in nflverse)
Roschon Johnson,CHI,NYJ,RB,NYJ@CHI,anytime_td,0.0615,1526,0.0387,0.0244,C,-,w_td 0.05; team TD 2.48,1.0,PLAYED (final score in nflverse)
Roschon Johnson,CHI,NYJ,RB,NYJ@CHI,first_td,0.013544884559884559,7283,0.0387,0.0244,C,-,w_td 0.05; team TD 2.48,1.0,PLAYED (final score in nflverse)
Roschon Johnson,CHI,NYJ,RB,NYJ@CHI,last_td,0.013544884559884559,7283,0.0387,0.0244,C,-,w_td 0.05; team TD 2.48,1.0,PLAYED (final score in nflverse)
Roschon Johnson,CHI,NYJ,RB,NYJ@CHI,2plus_td,0.00155,64416,0.0387,0.0244,C,-,w_td 0.05; team TD 2.48,1.0,PLAYED (final score in nflverse)
Cole Kmet,CHI,NYJ,TE,NYJ@CHI,anytime_td,0.0568,1661,0.0,0.0584,C,-,tgt_sh 7.0%; team att 29.5; opp DvP 0.82; RZ tgt 0,1.0,PLAYED (final score in nflverse)
Cole Kmet,CHI,NYJ,TE,NYJ@CHI,first_td,0.012481459235209234,7912,0.0,0.0584,C,-,tgt_sh 7.0%; team att 29.5; opp DvP 0.82; RZ tgt 0,1.0,PLAYED (final score in nflverse)
Cole Kmet,CHI,NYJ,TE,NYJ@CHI,last_td,0.012481459235209234,7912,0.0,0.0584,C,-,tgt_sh 7.0%; team att 29.5; opp DvP 0.82; RZ tgt 0,1.0,PLAYED (final score in nflverse)
Cole Kmet,CHI,NYJ,TE,NYJ@CHI,2plus_td,0.0016,62400,0.0,0.0584,C,-,tgt_sh 7.0%; team att 29.5; opp DvP 0.82; RZ tgt 0,1.0,PLAYED (final score in nflverse)
Colston Loveland,CHI,NYJ,TE,NYJ@CHI,anytime_td,0.19315,418,0.0,0.21355,B,-,tgt_sh 16.1%; team att 29.5; opp DvP 0.82; RZ tgt 6,1.0,PLAYED (final score in nflverse)
Colston Loveland,CHI,NYJ,TE,NYJ@CHI,first_td,0.044395898823398824,2152,0.0,0.21355,B,-,tgt_sh 16.1%; team att 29.5; opp DvP 0.82; RZ tgt 6,1.0,PLAYED (final score in nflverse)
Colston Loveland,CHI,NYJ,TE,NYJ@CHI,last_td,0.044395898823398824,2152,0.0,0.21355,B,-,tgt_sh 16.1%; team att 29.5; opp DvP 0.82; RZ tgt 6,1.0,PLAYED (final score in nflverse)
Colston Loveland,CHI,NYJ,TE,NYJ@CHI,2plus_td,0.0195,5028,0.0,0.21355,B,-,tgt_sh 16.1%; team att 29.5; opp DvP 0.82; RZ tgt 6,1.0,PLAYED (final score in nflverse)
Kyle Monangai,CHI,NYJ,RB,NYJ@CHI,anytime_td,0.39545,153,0.4362,0.0556,B,-,tgt_sh 4.7%; team att 29.5; opp DvP 0.94; RZ tgt 1; car_sh 28.3%; team rush 33.7; opp d_ypc 1.01; inside-10 car 11,1.0,PLAYED (final score in nflverse)
Kyle Monangai,CHI,NYJ,RB,NYJ@CHI,first_td,0.10502324786324785,852,0.4362,0.0556,B,-,tgt_sh 4.7%; team att 29.5; opp DvP 0.94; RZ tgt 1; car_sh 28.3%; team rush 33.7; opp d_ypc 1.01; inside-10 car 11,1.0,PLAYED (final score in nflverse)
Kyle Monangai,CHI,NYJ,RB,NYJ@CHI,last_td,0.10502324786324785,852,0.4362,0.0556,B,-,tgt_sh 4.7%; team att 29.5; opp DvP 0.94; RZ tgt 1; car_sh 28.3%; team rush 33.7; opp d_ypc 1.01; inside-10 car 11,1.0,PLAYED (final score in nflverse)
Kyle Monangai,CHI,NYJ,RB,NYJ@CHI,2plus_td,0.08385,1093,0.4362,0.0556,B,-,tgt_sh 4.7%; team att 29.5; opp DvP 0.94; RZ tgt 1; car_sh 28.3%; team rush 33.7; opp d_ypc 1.01; inside-10 car 11,1.0,PLAYED (final score in nflverse)
Rome Odunze,CHI,NYJ,WR,NYJ@CHI,anytime_td,0.17505,471,0.0,0.18975,B,-,tgt_sh 19.0%; team att 29.5; opp DvP 0.93; RZ tgt 2,1.0,PLAYED (final score in nflverse)
Rome Odunze,CHI,NYJ,WR,NYJ@CHI,first_td,0.04032600455100455,2380,0.0,0.18975,B,-,tgt_sh 19.0%; team att 29.5; opp DvP 0.93; RZ tgt 2,1.0,PLAYED (final score in nflverse)
Rome Odunze,CHI,NYJ,WR,NYJ@CHI,last_td,0.04032600455100455,2380,0.0,0.18975,B,-,tgt_sh 19.0%; team att 29.5; opp DvP 0.93; RZ tgt 2,1.0,PLAYED (final score in nflverse)
Rome Odunze,CHI,NYJ,WR,NYJ@CHI,2plus_td,0.0142,6942,0.0,0.18975,B,-,tgt_sh 19.0%; team att 29.5; opp DvP 0.93; RZ tgt 2,1.0,PLAYED (final score in nflverse)
Kalif Raymond,CHI,NYJ,WR,NYJ@CHI,anytime_td,0.1716,483,0.0,0.1864,B,-,tgt_sh 15.3%; team att 29.5; opp DvP 0.93; RZ tgt 4,1.0,PLAYED (final score in nflverse)
Kalif Raymond,CHI,NYJ,WR,NYJ@CHI,first_td,0.03969743145743146,2419,0.0,0.1864,B,-,tgt_sh 15.3%; team att 29.5; opp DvP 0.93; RZ tgt 4,1.0,PLAYED (final score in nflverse)
Kalif Raymond,CHI,NYJ,WR,NYJ@CHI,last_td,0.03969743145743146,2419,0.0,0.1864,B,-,tgt_sh 15.3%; team att 29.5; opp DvP 0.93; RZ tgt 4,1.0,PLAYED (final score in nflverse)
Kalif Raymond,CHI,NYJ,WR,NYJ@CHI,2plus_td,0.0141,6992,0.0,0.1864,B,-,tgt_sh 15.3%; team att 29.5; opp DvP 0.93; RZ tgt 4,1.0,PLAYED (final score in nflverse)
Sam Roush,CHI,NYJ,TE,NYJ@CHI,anytime_td,0.0391,2458,0.0,0.0398,C,-,w_td 0.03; team TD 2.48,1.0,PLAYED (final score in nflverse)
Sam Roush,CHI,NYJ,TE,NYJ@CHI,first_td,0.008521973304473305,11634,0.0,0.0398,C,-,w_td 0.03; team TD 2.48,1.0,PLAYED (final score in nflverse)
Sam Roush,CHI,NYJ,TE,NYJ@CHI,last_td,0.008521973304473305,11634,0.0,0.0398,C,-,w_td 0.03; team TD 2.48,1.0,PLAYED (final score in nflverse)
Sam Roush,CHI,NYJ,TE,NYJ@CHI,2plus_td,0.0007,142757,0.0,0.0398,C,-,w_td 0.03; team TD 2.48,1.0,PLAYED (final score in nflverse)
D'Andre Swift,CHI,NYJ,RB,NYJ@CHI,anytime_td,0.49760362353189025,101,0.5830831621635856,0.08842892505398431,B,no game designation yet (Full),tgt_sh 9.0%; team att 29.5; opp DvP 0.94; RZ tgt 1; car_sh 42.2%; team rush 33.7; opp d_ypc 1.01; inside-10 car 13,0.9508674235277402,PLAYED (final score in nflverse)
D'Andre Swift,CHI,NYJ,RB,NYJ@CHI,first_td,0.1424805470507793,602,0.5830831621635856,0.08842892505398431,B,no game designation yet (Full),tgt_sh 9.0%; team att 29.5; opp DvP 0.94; RZ tgt 1; car_sh 42.2%; team rush 33.7; opp d_ypc 1.01; inside-10 car 13,0.9508674235277402,PLAYED (final score in nflverse)
D'Andre Swift,CHI,NYJ,RB,NYJ@CHI,last_td,0.1424805470507793,602,0.5830831621635856,0.08842892505398431,B,no game designation yet (Full),tgt_sh 9.0%; team att 29.5; opp DvP 0.94; RZ tgt 1; car_sh 42.2%; team rush 33.7; opp d_ypc 1.01; inside-10 car 13,0.9508674235277402,PLAYED (final score in nflverse)
D'Andre Swift,CHI,NYJ,RB,NYJ@CHI,2plus_td,0.14236056249012483,602,0.5830831621635856,0.08842892505398431,B,no game designation yet (Full),tgt_sh 9.0%; team att 29.5; opp DvP 0.94; RZ tgt 1; car_sh 42.2%; team rush 33.7; opp d_ypc 1.01; inside-10 car 13,0.9508674235277402,PLAYED (final score in nflverse)
Jahdae Walker,CHI,NYJ,WR,NYJ@CHI,anytime_td,0.0381,2525,0.0,0.03845,C,-,w_td 0.03; team TD 2.48,1.0,PLAYED (final score in nflverse)
Jahdae Walker,CHI,NYJ,WR,NYJ@CHI,first_td,0.008264132395382396,12000,0.0,0.03845,C,-,w_td 0.03; team TD 2.48,1.0,PLAYED (final score in nflverse)
Jahdae Walker,CHI,NYJ,WR,NYJ@CHI,last_td,0.008264132395382396,12000,0.0,0.03845,C,-,w_td 0.03; team TD 2.48,1.0,PLAYED (final score in nflverse)
Jahdae Walker,CHI,NYJ,WR,NYJ@CHI,2plus_td,0.00035,285614,0.0,0.03845,C,-,w_td 0.03; team TD 2.48,1.0,PLAYED (final score in nflverse)
Trevor Lawrence,JAX,CIN,QB,JAX@CIN,anytime_td,0.08075,1138,0.0844,0.0,B,-,team att 28.9; ypa 8.04; opp d_ypa 1.05; pass rate 52.4%,1.0,PLAYED (final score in nflverse)
Trevor Lawrence,JAX,CIN,QB,JAX@CIN,first_td,0.014745529054279055,6682,0.0844,0.0,B,-,team att 28.9; ypa 8.04; opp d_ypa 1.05; pass rate 52.4%,1.0,PLAYED (final score in nflverse)
Trevor Lawrence,JAX,CIN,QB,JAX@CIN,last_td,0.014745529054279055,6682,0.0844,0.0,B,-,team att 28.9; ypa 8.04; opp d_ypa 1.05; pass rate 52.4%,1.0,PLAYED (final score in nflverse)
Trevor Lawrence,JAX,CIN,QB,JAX@CIN,2plus_td,0.00365,27297,0.0844,0.0,B,-,team att 28.9; ypa 8.04; opp d_ypa 1.05; pass rate 52.4%,1.0,PLAYED (final score in nflverse)
Ameer Abdullah,JAX,CIN,RB,JAX@CIN,anytime_td,0.11495,770,0.052,0.0692,C,-,w_td 0.09; team TD 2.64,1.0,PLAYED (final score in nflverse)
Ameer Abdullah,JAX,CIN,RB,JAX@CIN,first_td,0.02113159326784327,4632,0.052,0.0692,C,-,w_td 0.09; team TD 2.64,1.0,PLAYED (final score in nflverse)
Ameer Abdullah,JAX,CIN,RB,JAX@CIN,last_td,0.02113159326784327,4632,0.052,0.0692,C,-,w_td 0.09; team TD 2.64,1.0,PLAYED (final score in nflverse)
Ameer Abdullah,JAX,CIN,RB,JAX@CIN,2plus_td,0.00605,16429,0.052,0.0692,C,-,w_td 0.09; team TD 2.64,1.0,PLAYED (final score in nflverse)
LeQuint Allen Jr.,JAX,CIN,RB,JAX@CIN,anytime_td,0.06526654273225142,1432,0.007586795960407978,0.05933778827312466,C,no game designation yet (Limited),w_td 0.04; team TD 2.64,0.9951309141019752,PLAYED (final score in nflverse)
LeQuint Allen Jr.,JAX,CIN,RB,JAX@CIN,first_td,0.011523586977036206,8578,0.007586795960407978,0.05933778827312466,C,no game designation yet (Limited),w_td 0.04; team TD 2.64,0.9951309141019752,PLAYED (final score in nflverse)
LeQuint Allen Jr.,JAX,CIN,RB,JAX@CIN,last_td,0.011523586977036206,8578,0.007586795960407978,0.05933778827312466,C,no game designation yet (Limited),w_td 0.04; team TD 2.64,0.9951309141019752,PLAYED (final score in nflverse)
LeQuint Allen Jr.,JAX,CIN,RB,JAX@CIN,2plus_td,0.0016580415012812139,60212,0.007586795960407978,0.05933778827312466,C,no game designation yet (Limited),w_td 0.04; team TD 2.64,0.9951309141019752,PLAYED (final score in nflverse)
Nate Boerkircher,JAX,CIN,TE,JAX@CIN,anytime_td,0.07192502106149957,1290,0.0,0.07397851727042966,C,no game designation yet (Full),w_td 0.04; team TD 2.64,0.9479829842591244,PLAYED (final score in nflverse)
Nate Boerkircher,JAX,CIN,TE,JAX@CIN,first_td,0.01289713106793983,7654,0.0,0.07397851727042966,C,no game designation yet (Full),w_td 0.04; team TD 2.64,0.9479829842591244,PLAYED (final score in nflverse)
Nate Boerkircher,JAX,CIN,TE,JAX@CIN,last_td,0.01289713106793983,7654,0.0,0.07397851727042966,C,no game designation yet (Full),w_td 0.04; team TD 2.64,0.9479829842591244,PLAYED (final score in nflverse)
Nate Boerkircher,JAX,CIN,TE,JAX@CIN,2plus_td,0.0019481887110362258,51230,0.0,0.07397851727042966,C,no game designation yet (Full),w_td 0.04; team TD 2.64,0.9479829842591244,PLAYED (final score in nflverse)
Josh Cameron,JAX,CIN,WR,JAX@CIN,anytime_td,0.1274,685,0.0,0.13495,C,-,tgt_sh 5.8%; team att 28.9; opp DvP 1.06; RZ tgt 2,1.0,PLAYED (final score in nflverse)
Josh Cameron,JAX,CIN,WR,JAX@CIN,first_td,0.02333699245199245,4185,0.0,0.13495,C,-,tgt_sh 5.8%; team att 28.9; opp DvP 1.06; RZ tgt 2,1.0,PLAYED (final score in nflverse)
Josh Cameron,JAX,CIN,WR,JAX@CIN,last_td,0.02333699245199245,4185,0.0,0.13495,C,-,tgt_sh 5.8%; team att 28.9; opp DvP 1.06; RZ tgt 2,1.0,PLAYED (final score in nflverse)
Josh Cameron,JAX,CIN,WR,JAX@CIN,2plus_td,0.00745,13323,0.0,0.13495,C,-,tgt_sh 5.8%; team att 28.9; opp DvP 1.06; RZ tgt 2,1.0,PLAYED (final score in nflverse)
Jakobi Meyers,JAX,CIN,WR,JAX@CIN,anytime_td,0.2788070731063605,259,0.005014515703351808,0.31612562681446293,C,no game designation yet (Full),tgt_sh 18.0%; team att 28.9; opp DvP 1.06; RZ tgt 3,0.9479829842591244,PLAYED (final score in nflverse)
Jakobi Meyers,JAX,CIN,WR,JAX@CIN,first_td,0.05505581175810788,1716,0.005014515703351808,0.31612562681446293,C,no game designation yet (Full),tgt_sh 18.0%; team att 28.9; opp DvP 1.06; RZ tgt 3,0.9479829842591244,PLAYED (final score in nflverse)
Jakobi Meyers,JAX,CIN,WR,JAX@CIN,last_td,0.05505581175810788,1716,0.005014515703351808,0.31612562681446293,C,no game designation yet (Full),tgt_sh 18.0%; team att 28.9; opp DvP 1.06; RZ tgt 3,0.9479829842591244,PLAYED (final score in nflverse)
Jakobi Meyers,JAX,CIN,WR,JAX@CIN,2plus_td,0.038321456848772764,2510,0.005014515703351808,0.31612562681446293,C,no game designation yet (Full),tgt_sh 18.0%; team att 28.9; opp DvP 1.06; RZ tgt 3,0.9479829842591244,PLAYED (final score in nflverse)
Quintin Morris,JAX,CIN,TE,JAX@CIN,anytime_td,0.0267,3645,0.0,0.0269,C,-,w_td 0.02; team TD 2.64,1.0,PLAYED (final score in nflverse)
Quintin Morris,JAX,CIN,TE,JAX@CIN,first_td,0.004487383866133866,22185,0.0,0.0269,C,-,w_td 0.02; team TD 2.64,1.0,PLAYED (final score in nflverse)
Quintin Morris,JAX,CIN,TE,JAX@CIN,last_td,0.004487383866133866,22185,0.0,0.0269,C,-,w_td 0.02; team TD 2.64,1.0,PLAYED (final score in nflverse)
Quintin Morris,JAX,CIN,TE,JAX@CIN,2plus_td,0.0002,499900,0.0,0.0269,C,-,w_td 0.02; team TD 2.64,1.0,PLAYED (final score in nflverse)
Chris Rodriguez Jr.,JAX,CIN,RB,JAX@CIN,anytime_td,0.2452,308,0.27135,0.0054,B,-,car_sh 23.7%; team rush 28.6; opp d_ypc 1.04; inside-10 car 3,1.0,PLAYED (final score in nflverse)
Chris Rodriguez Jr.,JAX,CIN,RB,JAX@CIN,first_td,0.04872527486402486,1952,0.27135,0.0054,B,-,car_sh 23.7%; team rush 28.6; opp d_ypc 1.04; inside-10 car 3,1.0,PLAYED (final score in nflverse)
Chris Rodriguez Jr.,JAX,CIN,RB,JAX@CIN,last_td,0.04872527486402486,1952,0.27135,0.0054,B,-,car_sh 23.7%; team rush 28.6; opp d_ypc 1.04; inside-10 car 3,1.0,PLAYED (final score in nflverse)
Chris Rodriguez Jr.,JAX,CIN,RB,JAX@CIN,2plus_td,0.0293,3313,0.27135,0.0054,B,-,car_sh 23.7%; team rush 28.6; opp d_ypc 1.04; inside-10 car 3,1.0,PLAYED (final score in nflverse)
Brenton Strange,JAX,CIN,TE,JAX@CIN,anytime_td,0.24605,306,0.0,0.27635,B,-,tgt_sh 19.2%; team att 28.9; opp DvP 0.89; RZ tgt 2,1.0,PLAYED (final score in nflverse)
Brenton Strange,JAX,CIN,TE,JAX@CIN,first_td,0.047610692918192914,2000,0.0,0.27635,B,-,tgt_sh 19.2%; team att 28.9; opp DvP 0.89; RZ tgt 2,1.0,PLAYED (final score in nflverse)
Brenton Strange,JAX,CIN,TE,JAX@CIN,last_td,0.047610692918192914,2000,0.0,0.27635,B,-,tgt_sh 19.2%; team att 28.9; opp DvP 0.89; RZ tgt 2,1.0,PLAYED (final score in nflverse)
Brenton Strange,JAX,CIN,TE,JAX@CIN,2plus_td,0.02855,3403,0.0,0.27635,B,-,tgt_sh 19.2%; team att 28.9; opp DvP 0.89; RZ tgt 2,1.0,PLAYED (final score in nflverse)
Brian Thomas Jr.,JAX,CIN,WR,JAX@CIN,anytime_td,0.21295,370,0.0,0.23525,C,-,tgt_sh 15.8%; team att 28.9; opp DvP 1.06; RZ tgt 1,1.0,PLAYED (final score in nflverse)
Brian Thomas Jr.,JAX,CIN,WR,JAX@CIN,first_td,0.04077391441891442,2353,0.0,0.23525,C,-,tgt_sh 15.8%; team att 28.9; opp DvP 1.06; RZ tgt 1,1.0,PLAYED (final score in nflverse)
Brian Thomas Jr.,JAX,CIN,WR,JAX@CIN,last_td,0.04077391441891442,2353,0.0,0.23525,C,-,tgt_sh 15.8%; team att 28.9; opp DvP 1.06; RZ tgt 1,1.0,PLAYED (final score in nflverse)
Brian Thomas Jr.,JAX,CIN,WR,JAX@CIN,2plus_td,0.0211,4639,0.0,0.23525,C,-,tgt_sh 15.8%; team att 28.9; opp DvP 1.06; RZ tgt 1,1.0,PLAYED (final score in nflverse)
Bhayshul Tuten,JAX,CIN,RB,JAX@CIN,anytime_td,0.4304,132,0.44705,0.10175,B,-,tgt_sh 5.8%; team att 28.9; opp DvP 0.94; RZ tgt 1; car_sh 46.8%; team rush 28.6; opp d_ypc 1.04; inside-10 car 3,1.0,PLAYED (final score in nflverse)
Bhayshul Tuten,JAX,CIN,RB,JAX@CIN,first_td,0.0952490705128205,950,0.44705,0.10175,B,-,tgt_sh 5.8%; team att 28.9; opp DvP 0.94; RZ tgt 1; car_sh 46.8%; team rush 28.6; opp d_ypc 1.04; inside-10 car 3,1.0,PLAYED (final score in nflverse)
Bhayshul Tuten,JAX,CIN,RB,JAX@CIN,last_td,0.0952490705128205,950,0.44705,0.10175,B,-,tgt_sh 5.8%; team att 28.9; opp DvP 0.94; RZ tgt 1; car_sh 46.8%; team rush 28.6; opp d_ypc 1.04; inside-10 car 3,1.0,PLAYED (final score in nflverse)
Bhayshul Tuten,JAX,CIN,RB,JAX@CIN,2plus_td,0.10085,892,0.44705,0.10175,B,-,tgt_sh 5.8%; team att 28.9; opp DvP 0.94; RZ tgt 1; car_sh 46.8%; team rush 28.6; opp d_ypc 1.04; inside-10 car 3,1.0,PLAYED (final score in nflverse)
Parker Washington,JAX,CIN,WR,JAX@CIN,anytime_td,0.33825,196,0.00555,0.4015,B,-,tgt_sh 22.0%; team att 28.9; opp DvP 1.06; RZ tgt 4,1.0,PLAYED (final score in nflverse)
Parker Washington,JAX,CIN,WR,JAX@CIN,first_td,0.06996900377400377,1329,0.00555,0.4015,B,-,tgt_sh 22.0%; team att 28.9; opp DvP 1.06; RZ tgt 4,1.0,PLAYED (final score in nflverse)
Parker Washington,JAX,CIN,WR,JAX@CIN,last_td,0.06996900377400377,1329,0.00555,0.4015,B,-,tgt_sh 22.0%; team att 28.9; opp DvP 1.06; RZ tgt 4,1.0,PLAYED (final score in nflverse)
Parker Washington,JAX,CIN,WR,JAX@CIN,2plus_td,0.0604,1556,0.00555,0.4015,B,-,tgt_sh 22.0%; team att 28.9; opp DvP 1.06; RZ tgt 4,1.0,PLAYED (final score in nflverse)
Joe Burrow,CIN,JAX,QB,JAX@CIN,anytime_td,0.09125,996,0.09515,0.0,B,-,team att 36.7; ypa 8.09; opp d_ypa 1.10; pass rate 63.5%,1.0,PLAYED (final score in nflverse)
Joe Burrow,CIN,JAX,QB,JAX@CIN,first_td,0.016648500943500944,5907,0.09515,0.0,B,-,team att 36.7; ypa 8.09; opp d_ypa 1.10; pass rate 63.5%,1.0,PLAYED (final score in nflverse)
Joe Burrow,CIN,JAX,QB,JAX@CIN,last_td,0.016648500943500944,5907,0.09515,0.0,B,-,team att 36.7; ypa 8.09; opp d_ypa 1.10; pass rate 63.5%,1.0,PLAYED (final score in nflverse)
Joe Burrow,CIN,JAX,QB,JAX@CIN,2plus_td,0.00375,26567,0.09515,0.0,B,-,team att 36.7; ypa 8.09; opp d_ypa 1.10; pass rate 63.5%,1.0,PLAYED (final score in nflverse)
Erick All,CIN,JAX,TE,JAX@CIN,anytime_td,0.0267,3645,0.0,0.02705,C,-,w_td 0.02; team TD 2.89,1.0,PLAYED (final score in nflverse)
Erick All,CIN,JAX,TE,JAX@CIN,first_td,0.004469793123543124,22272,0.0,0.02705,C,-,w_td 0.02; team TD 2.89,1.0,PLAYED (final score in nflverse)
Erick All,CIN,JAX,TE,JAX@CIN,last_td,0.004469793123543124,22272,0.0,0.02705,C,-,w_td 0.02; team TD 2.89,1.0,PLAYED (final score in nflverse)
Erick All,CIN,JAX,TE,JAX@CIN,2plus_td,0.00035,285614,0.0,0.02705,C,-,w_td 0.02; team TD 2.89,1.0,PLAYED (final score in nflverse)
Tahj Brooks,CIN,JAX,RB,JAX@CIN,anytime_td,0.0228,4286,0.01705,0.0062,C,-,w_td 0.02; team TD 2.89,1.0,PLAYED (final score in nflverse)
Tahj Brooks,CIN,JAX,RB,JAX@CIN,first_td,0.0038379767454767453,25955,0.01705,0.0062,C,-,w_td 0.02; team TD 2.89,1.0,PLAYED (final score in nflverse)
Tahj Brooks,CIN,JAX,RB,JAX@CIN,last_td,0.0038379767454767453,25955,0.01705,0.0062,C,-,w_td 0.02; team TD 2.89,1.0,PLAYED (final score in nflverse)
Tahj Brooks,CIN,JAX,RB,JAX@CIN,2plus_td,0.00045,222122,0.01705,0.0062,C,-,w_td 0.02; team TD 2.89,1.0,PLAYED (final score in nflverse)
Chase Brown,CIN,JAX,RB,JAX@CIN,anytime_td,0.57895,-138,0.58755,0.23805,B,-,tgt_sh 13.1%; team att 36.7; opp DvP 0.97; RZ tgt 1; car_sh 64.1%; team rush 22.4; opp d_ypc 0.89; inside-10 car 3,1.0,PLAYED (final score in nflverse)
Chase Brown,CIN,JAX,RB,JAX@CIN,first_td,0.14482377053502052,590,0.58755,0.23805,B,-,tgt_sh 13.1%; team att 36.7; opp DvP 0.97; RZ tgt 1; car_sh 64.1%; team rush 22.4; opp d_ypc 0.89; inside-10 car 3,1.0,PLAYED (final score in nflverse)
Chase Brown,CIN,JAX,RB,JAX@CIN,last_td,0.14482377053502052,590,0.58755,0.23805,B,-,tgt_sh 13.1%; team att 36.7; opp DvP 0.97; RZ tgt 1; car_sh 64.1%; team rush 22.4; opp d_ypc 0.89; inside-10 car 3,1.0,PLAYED (final score in nflverse)
Chase Brown,CIN,JAX,RB,JAX@CIN,2plus_td,0.19665,409,0.58755,0.23805,B,-,tgt_sh 13.1%; team att 36.7; opp DvP 0.97; RZ tgt 1; car_sh 64.1%; team rush 22.4; opp d_ypc 0.89; inside-10 car 3,1.0,PLAYED (final score in nflverse)
Ja'Marr Chase,CIN,JAX,WR,JAX@CIN,anytime_td,0.4,150,0.0,0.4964,B,-,tgt_sh 22.5%; team att 36.7; opp DvP 0.96; RZ tgt 4,1.0,PLAYED (final score in nflverse)
Ja'Marr Chase,CIN,JAX,WR,JAX@CIN,first_td,0.08576142565767565,1066,0.0,0.4964,B,-,tgt_sh 22.5%; team att 36.7; opp DvP 0.96; RZ tgt 4,1.0,PLAYED (final score in nflverse)
Ja'Marr Chase,CIN,JAX,WR,JAX@CIN,last_td,0.08576142565767565,1066,0.0,0.4964,B,-,tgt_sh 22.5%; team att 36.7; opp DvP 0.96; RZ tgt 4,1.0,PLAYED (final score in nflverse)
Ja'Marr Chase,CIN,JAX,WR,JAX@CIN,2plus_td,0.08455,1083,0.0,0.4964,B,-,tgt_sh 22.5%; team att 36.7; opp DvP 0.96; RZ tgt 4,1.0,PLAYED (final score in nflverse)
Mike Gesicki,CIN,JAX,TE,JAX@CIN,anytime_td,0.24365,310,0.0,0.27515,C,-,tgt_sh 9.5%; team att 36.7; opp DvP 1.12; RZ tgt 3,1.0,PLAYED (final score in nflverse)
Mike Gesicki,CIN,JAX,TE,JAX@CIN,first_td,0.047435222000221995,2008,0.0,0.27515,C,-,tgt_sh 9.5%; team att 36.7; opp DvP 1.12; RZ tgt 3,1.0,PLAYED (final score in nflverse)
Mike Gesicki,CIN,JAX,TE,JAX@CIN,last_td,0.047435222000221995,2008,0.0,0.27515,C,-,tgt_sh 9.5%; team att 36.7; opp DvP 1.12; RZ tgt 3,1.0,PLAYED (final score in nflverse)
Mike Gesicki,CIN,JAX,TE,JAX@CIN,2plus_td,0.0298,3256,0.0,0.27515,C,-,tgt_sh 9.5%; team att 36.7; opp DvP 1.12; RZ tgt 3,1.0,PLAYED (final score in nflverse)
Tee Higgins,CIN,JAX,WR,JAX@CIN,anytime_td,0.31845,214,0.0,0.3751,B,-,tgt_sh 20.0%; team att 36.7; opp DvP 0.96; RZ tgt 2,1.0,PLAYED (final score in nflverse)
Tee Higgins,CIN,JAX,WR,JAX@CIN,first_td,0.06507298174048173,1437,0.0,0.3751,B,-,tgt_sh 20.0%; team att 36.7; opp DvP 0.96; RZ tgt 2,1.0,PLAYED (final score in nflverse)
Tee Higgins,CIN,JAX,WR,JAX@CIN,last_td,0.06507298174048173,1437,0.0,0.3751,B,-,tgt_sh 20.0%; team att 36.7; opp DvP 0.96; RZ tgt 2,1.0,PLAYED (final score in nflverse)
Tee Higgins,CIN,JAX,WR,JAX@CIN,2plus_td,0.0519,1827,0.0,0.3751,B,-,tgt_sh 20.0%; team att 36.7; opp DvP 0.96; RZ tgt 2,1.0,PLAYED (final score in nflverse)
Tanner Hudson,CIN,JAX,TE,JAX@CIN,anytime_td,0.0887,1027,0.0,0.0934,C,-,tgt_sh 3.3%; team att 36.7; opp DvP 1.12; RZ tgt 1,1.0,PLAYED (final score in nflverse)
Tanner Hudson,CIN,JAX,TE,JAX@CIN,first_td,0.016055076867576866,6129,0.0,0.0934,C,-,tgt_sh 3.3%; team att 36.7; opp DvP 1.12; RZ tgt 1,1.0,PLAYED (final score in nflverse)
Tanner Hudson,CIN,JAX,TE,JAX@CIN,last_td,0.016055076867576866,6129,0.0,0.0934,C,-,tgt_sh 3.3%; team att 36.7; opp DvP 1.12; RZ tgt 1,1.0,PLAYED (final score in nflverse)
Tanner Hudson,CIN,JAX,TE,JAX@CIN,2plus_td,0.00455,21878,0.0,0.0934,C,-,tgt_sh 3.3%; team att 36.7; opp DvP 1.12; RZ tgt 1,1.0,PLAYED (final score in nflverse)
Dohnte Meyers,CIN,JAX,WR,JAX@CIN,anytime_td,0.1012,888,0.0056,0.10035,C,-,tgt_sh 6.5%; team att 36.7; opp DvP 0.96; RZ tgt 0,1.0,PLAYED (final score in nflverse)
Dohnte Meyers,CIN,JAX,WR,JAX@CIN,first_td,0.01877669053169053,5226,0.0056,0.10035,C,-,tgt_sh 6.5%; team att 36.7; opp DvP 0.96; RZ tgt 0,1.0,PLAYED (final score in nflverse)
Dohnte Meyers,CIN,JAX,WR,JAX@CIN,last_td,0.01877669053169053,5226,0.0056,0.10035,C,-,tgt_sh 6.5%; team att 36.7; opp DvP 0.96; RZ tgt 0,1.0,PLAYED (final score in nflverse)
Dohnte Meyers,CIN,JAX,WR,JAX@CIN,2plus_td,0.00465,21405,0.0056,0.10035,C,-,tgt_sh 6.5%; team att 36.7; opp DvP 0.96; RZ tgt 0,1.0,PLAYED (final score in nflverse)
Samaje Perine,CIN,JAX,RB,JAX@CIN,anytime_td,0.23585,324,0.1962,0.0679,B,-,tgt_sh 4.3%; team att 36.7; opp DvP 0.97; RZ tgt 0; car_sh 20.5%; team rush 22.4; opp d_ypc 0.89; inside-10 car 1,1.0,PLAYED (final score in nflverse)
Samaje Perine,CIN,JAX,RB,JAX@CIN,first_td,0.04644493339993339,2053,0.1962,0.0679,B,-,tgt_sh 4.3%; team att 36.7; opp DvP 0.97; RZ tgt 0; car_sh 20.5%; team rush 22.4; opp d_ypc 0.89; inside-10 car 1,1.0,PLAYED (final score in nflverse)
Samaje Perine,CIN,JAX,RB,JAX@CIN,last_td,0.04644493339993339,2053,0.1962,0.0679,B,-,tgt_sh 4.3%; team att 36.7; opp DvP 0.97; RZ tgt 0; car_sh 20.5%; team rush 22.4; opp d_ypc 0.89; inside-10 car 1,1.0,PLAYED (final score in nflverse)
Samaje Perine,CIN,JAX,RB,JAX@CIN,2plus_td,0.02655,3666,0.1962,0.0679,B,-,tgt_sh 4.3%; team att 36.7; opp DvP 0.97; RZ tgt 0; car_sh 20.5%; team rush 22.4; opp d_ypc 0.89; inside-10 car 1,1.0,PLAYED (final score in nflverse)
Drew Sample,CIN,JAX,TE,JAX@CIN,anytime_td,0.08465,1081,0.0,0.08865,C,-,tgt_sh 3.0%; team att 36.7; opp DvP 1.12; RZ tgt 1,1.0,PLAYED (final score in nflverse)
Drew Sample,CIN,JAX,TE,JAX@CIN,first_td,0.015408050699300698,6390,0.0,0.08865,C,-,tgt_sh 3.0%; team att 36.7; opp DvP 1.12; RZ tgt 1,1.0,PLAYED (final score in nflverse)
Drew Sample,CIN,JAX,TE,JAX@CIN,last_td,0.015408050699300698,6390,0.0,0.08865,C,-,tgt_sh 3.0%; team att 36.7; opp DvP 1.12; RZ tgt 1,1.0,PLAYED (final score in nflverse)
Drew Sample,CIN,JAX,TE,JAX@CIN,2plus_td,0.00395,25216,0.0,0.08865,C,-,tgt_sh 3.0%; team att 36.7; opp DvP 1.12; RZ tgt 1,1.0,PLAYED (final score in nflverse)
Mitchell Tinsley,CIN,JAX,WR,JAX@CIN,anytime_td,0.19275,419,0.0,0.20935,C,-,tgt_sh 6.7%; team att 36.7; opp DvP 0.96; RZ tgt 3,1.0,PLAYED (final score in nflverse)
Mitchell Tinsley,CIN,JAX,WR,JAX@CIN,first_td,0.03632569694194694,2653,0.0,0.20935,C,-,tgt_sh 6.7%; team att 36.7; opp DvP 0.96; RZ tgt 3,1.0,PLAYED (final score in nflverse)
Mitchell Tinsley,CIN,JAX,WR,JAX@CIN,last_td,0.03632569694194694,2653,0.0,0.20935,C,-,tgt_sh 6.7%; team att 36.7; opp DvP 0.96; RZ tgt 3,1.0,PLAYED (final score in nflverse)
Mitchell Tinsley,CIN,JAX,WR,JAX@CIN,2plus_td,0.016,6150,0.0,0.20935,C,-,tgt_sh 6.7%; team att 36.7; opp DvP 0.96; RZ tgt 3,1.0,PLAYED (final score in nflverse)
Dak Prescott,DAL,HOU,QB,DAL@HOU,anytime_td,0.0913,995,0.0954,0.0,B,-,team att 36.4; ypa 7.59; opp d_ypa 1.06; pass rate 61.6%,1.0,PLAYED (final score in nflverse)
Dak Prescott,DAL,HOU,QB,DAL@HOU,first_td,0.017796433843933847,5519,0.0954,0.0,B,-,team att 36.4; ypa 7.59; opp d_ypa 1.06; pass rate 61.6%,1.0,PLAYED (final score in nflverse)
Dak Prescott,DAL,HOU,QB,DAL@HOU,last_td,0.017796433843933847,5519,0.0954,0.0,B,-,team att 36.4; ypa 7.59; opp d_ypa 1.06; pass rate 61.6%,1.0,PLAYED (final score in nflverse)
Dak Prescott,DAL,HOU,QB,DAL@HOU,2plus_td,0.00405,24591,0.0954,0.0,B,-,team att 36.4; ypa 7.59; opp d_ypa 1.06; pass rate 61.6%,1.0,PLAYED (final score in nflverse)
Emari Demercado,DAL,HOU,RB,DAL@HOU,anytime_td,0.09395,964,0.0841,0.01485,C,-,car_sh 12.4%; team rush 24.0; opp d_ypc 0.90; inside-10 car 0,1.0,PLAYED (final score in nflverse)
Emari Demercado,DAL,HOU,RB,DAL@HOU,first_td,0.01837864108114108,5341,0.0841,0.01485,C,-,car_sh 12.4%; team rush 24.0; opp d_ypc 0.90; inside-10 car 0,1.0,PLAYED (final score in nflverse)
Emari Demercado,DAL,HOU,RB,DAL@HOU,last_td,0.01837864108114108,5341,0.0841,0.01485,C,-,car_sh 12.4%; team rush 24.0; opp d_ypc 0.90; inside-10 car 0,1.0,PLAYED (final score in nflverse)
Emari Demercado,DAL,HOU,RB,DAL@HOU,2plus_td,0.0049,20308,0.0841,0.01485,C,-,car_sh 12.4%; team rush 24.0; opp d_ypc 0.90; inside-10 car 0,1.0,PLAYED (final score in nflverse)
Jake Ferguson,DAL,HOU,TE,DAL@HOU,anytime_td,0.17625,467,0.0,0.19055,C,-,tgt_sh 12.6%; team att 36.4; opp DvP 1.04; RZ tgt 4,1.0,PLAYED (final score in nflverse)
Jake Ferguson,DAL,HOU,TE,DAL@HOU,first_td,0.0346600783938284,2785,0.0,0.19055,C,-,tgt_sh 12.6%; team att 36.4; opp DvP 1.04; RZ tgt 4,1.0,PLAYED (final score in nflverse)
Jake Ferguson,DAL,HOU,TE,DAL@HOU,last_td,0.0346600783938284,2785,0.0,0.19055,C,-,tgt_sh 12.6%; team att 36.4; opp DvP 1.04; RZ tgt 4,1.0,PLAYED (final score in nflverse)
Jake Ferguson,DAL,HOU,TE,DAL@HOU,2plus_td,0.014,7043,0.0,0.19055,C,-,tgt_sh 12.6%; team att 36.4; opp DvP 1.04; RZ tgt 4,1.0,PLAYED (final score in nflverse)
Ryan Flournoy,DAL,HOU,WR,DAL@HOU,anytime_td,0.19625,410,0.0,0.21565,B,-,tgt_sh 13.4%; team att 36.4; opp DvP 1.04; RZ tgt 5,1.0,PLAYED (final score in nflverse)
Ryan Flournoy,DAL,HOU,WR,DAL@HOU,first_td,0.039585144577644574,2426,0.0,0.21565,B,-,tgt_sh 13.4%; team att 36.4; opp DvP 1.04; RZ tgt 5,1.0,PLAYED (final score in nflverse)
Ryan Flournoy,DAL,HOU,WR,DAL@HOU,last_td,0.039585144577644574,2426,0.0,0.21565,B,-,tgt_sh 13.4%; team att 36.4; opp DvP 1.04; RZ tgt 5,1.0,PLAYED (final score in nflverse)
Ryan Flournoy,DAL,HOU,WR,DAL@HOU,2plus_td,0.0181,5425,0.0,0.21565,B,-,tgt_sh 13.4%; team att 36.4; opp DvP 1.04; RZ tgt 5,1.0,PLAYED (final score in nflverse)
Tyler Goodson,DAL,HOU,RB,DAL@HOU,anytime_td,0.11985,734,0.1077,0.0198,C,-,car_sh 14.6%; team rush 24.0; opp d_ypc 0.90; inside-10 car 0,1.0,PLAYED (final score in nflverse)
Tyler Goodson,DAL,HOU,RB,DAL@HOU,first_td,0.023663187645687644,4126,0.1077,0.0198,C,-,car_sh 14.6%; team rush 24.0; opp d_ypc 0.90; inside-10 car 0,1.0,PLAYED (final score in nflverse)
Tyler Goodson,DAL,HOU,RB,DAL@HOU,last_td,0.023663187645687644,4126,0.1077,0.0198,C,-,car_sh 14.6%; team rush 24.0; opp d_ypc 0.90; inside-10 car 0,1.0,PLAYED (final score in nflverse)
Tyler Goodson,DAL,HOU,RB,DAL@HOU,2plus_td,0.00735,13505,0.1077,0.0198,C,-,car_sh 14.6%; team rush 24.0; opp d_ypc 0.90; inside-10 car 0,1.0,PLAYED (final score in nflverse)
CeeDee Lamb,DAL,HOU,WR,DAL@HOU,anytime_td,0.319,213,0.01065,0.3704,B,-,tgt_sh 26.1%; team att 36.4; opp DvP 1.04; RZ tgt 6,1.0,PLAYED (final score in nflverse)
CeeDee Lamb,DAL,HOU,WR,DAL@HOU,first_td,0.06963356088356087,1336,0.01065,0.3704,B,-,tgt_sh 26.1%; team att 36.4; opp DvP 1.04; RZ tgt 6,1.0,PLAYED (final score in nflverse)
CeeDee Lamb,DAL,HOU,WR,DAL@HOU,last_td,0.06963356088356087,1336,0.01065,0.3704,B,-,tgt_sh 26.1%; team att 36.4; opp DvP 1.04; RZ tgt 6,1.0,PLAYED (final score in nflverse)
CeeDee Lamb,DAL,HOU,WR,DAL@HOU,2plus_td,0.0558,1692,0.01065,0.3704,B,-,tgt_sh 26.1%; team att 36.4; opp DvP 1.04; RZ tgt 6,1.0,PLAYED (final score in nflverse)
Hunter Luepke,DAL,HOU,RB,DAL@HOU,anytime_td,0.0354,2725,0.0221,0.0137,C,-,w_td 0.03; team TD 2.33,1.0,PLAYED (final score in nflverse)
Hunter Luepke,DAL,HOU,RB,DAL@HOU,first_td,0.006829091464091464,14543,0.0221,0.0137,C,-,w_td 0.03; team TD 2.33,1.0,PLAYED (final score in nflverse)
Hunter Luepke,DAL,HOU,RB,DAL@HOU,last_td,0.006829091464091464,14543,0.0221,0.0137,C,-,w_td 0.03; team TD 2.33,1.0,PLAYED (final score in nflverse)
Hunter Luepke,DAL,HOU,RB,DAL@HOU,2plus_td,0.0004,249900,0.0221,0.0137,C,-,w_td 0.03; team TD 2.33,1.0,PLAYED (final score in nflverse)
Jonathan Mingo,DAL,HOU,WR,DAL@HOU,anytime_td,0.02045,4790,0.0,0.0207,C,-,w_td 0.02; team TD 2.33,1.0,PLAYED (final score in nflverse)
Jonathan Mingo,DAL,HOU,WR,DAL@HOU,first_td,0.003884433621933622,25644,0.0,0.0207,C,-,w_td 0.02; team TD 2.33,1.0,PLAYED (final score in nflverse)
Jonathan Mingo,DAL,HOU,WR,DAL@HOU,last_td,0.003884433621933622,25644,0.0,0.0207,C,-,w_td 0.02; team TD 2.33,1.0,PLAYED (final score in nflverse)
Jonathan Mingo,DAL,HOU,WR,DAL@HOU,2plus_td,0.00025,399900,0.0,0.0207,C,-,w_td 0.02; team TD 2.33,1.0,PLAYED (final score in nflverse)
George Pickens,DAL,HOU,WR,DAL@HOU,anytime_td,0.2267,341,0.0,0.2542,B,-,tgt_sh 20.2%; team att 36.4; opp DvP 1.04; RZ tgt 3,1.0,PLAYED (final score in nflverse)
George Pickens,DAL,HOU,WR,DAL@HOU,first_td,0.04660690628815629,2046,0.0,0.2542,B,-,tgt_sh 20.2%; team att 36.4; opp DvP 1.04; RZ tgt 3,1.0,PLAYED (final score in nflverse)
George Pickens,DAL,HOU,WR,DAL@HOU,last_td,0.04660690628815629,2046,0.0,0.2542,B,-,tgt_sh 20.2%; team att 36.4; opp DvP 1.04; RZ tgt 3,1.0,PLAYED (final score in nflverse)
George Pickens,DAL,HOU,WR,DAL@HOU,2plus_td,0.02545,3829,0.0,0.2542,B,-,tgt_sh 20.2%; team att 36.4; opp DvP 1.04; RZ tgt 3,1.0,PLAYED (final score in nflverse)
Luke Schoonmaker,DAL,HOU,TE,DAL@HOU,anytime_td,0.02115,4628,0.0,0.0213,C,-,w_td 0.02; team TD 2.33,1.0,PLAYED (final score in nflverse)
Luke Schoonmaker,DAL,HOU,TE,DAL@HOU,first_td,0.0038488762626262625,25882,0.0,0.0213,C,-,w_td 0.02; team TD 2.33,1.0,PLAYED (final score in nflverse)
Luke Schoonmaker,DAL,HOU,TE,DAL@HOU,last_td,0.0038488762626262625,25882,0.0,0.0213,C,-,w_td 0.02; team TD 2.33,1.0,PLAYED (final score in nflverse)
Luke Schoonmaker,DAL,HOU,TE,DAL@HOU,2plus_td,0.00015,666567,0.0,0.0213,C,-,w_td 0.02; team TD 2.33,1.0,PLAYED (final score in nflverse)
Brevyn Spann-Ford,DAL,HOU,TE,DAL@HOU,anytime_td,0.0294,3301,0.0,0.02975,C,-,tgt_sh 3.2%; team att 36.4; opp DvP 1.04; RZ tgt 0,1.0,PLAYED (final score in nflverse)
Brevyn Spann-Ford,DAL,HOU,TE,DAL@HOU,first_td,0.005495195221445221,18098,0.0,0.02975,C,-,tgt_sh 3.2%; team att 36.4; opp DvP 1.04; RZ tgt 0,1.0,PLAYED (final score in nflverse)
Brevyn Spann-Ford,DAL,HOU,TE,DAL@HOU,last_td,0.005495195221445221,18098,0.0,0.02975,C,-,tgt_sh 3.2%; team att 36.4; opp DvP 1.04; RZ tgt 0,1.0,PLAYED (final score in nflverse)
Brevyn Spann-Ford,DAL,HOU,TE,DAL@HOU,2plus_td,0.00035,285614,0.0,0.02975,C,-,tgt_sh 3.2%; team att 36.4; opp DvP 1.04; RZ tgt 0,1.0,PLAYED (final score in nflverse)
KaVontae Turpin,DAL,HOU,WR,DAL@HOU,anytime_td,0.08265,1110,0.02555,0.06,C,-,tgt_sh 4.1%; team att 36.4; opp DvP 1.04; RZ tgt 1,1.0,PLAYED (final score in nflverse)
KaVontae Turpin,DAL,HOU,WR,DAL@HOU,first_td,0.015947933455433456,6170,0.02555,0.06,C,-,tgt_sh 4.1%; team att 36.4; opp DvP 1.04; RZ tgt 1,1.0,PLAYED (final score in nflverse)
KaVontae Turpin,DAL,HOU,WR,DAL@HOU,last_td,0.015947933455433456,6170,0.02555,0.06,C,-,tgt_sh 4.1%; team att 36.4; opp DvP 1.04; RZ tgt 1,1.0,PLAYED (final score in nflverse)
KaVontae Turpin,DAL,HOU,WR,DAL@HOU,2plus_td,0.00285,34988,0.02555,0.06,C,-,tgt_sh 4.1%; team att 36.4; opp DvP 1.04; RZ tgt 1,1.0,PLAYED (final score in nflverse)
Javonte Williams,DAL,HOU,RB,DAL@HOU,anytime_td,0.554,-124,0.611,0.15735,B,-,tgt_sh 10.5%; team att 36.4; opp DvP 1.00; RZ tgt 3; car_sh 56.3%; team rush 24.0; opp d_ypc 0.90; inside-10 car 13,1.0,PLAYED (final score in nflverse)
Javonte Williams,DAL,HOU,RB,DAL@HOU,first_td,0.14330620906870906,598,0.611,0.15735,B,-,tgt_sh 10.5%; team att 36.4; opp DvP 1.00; RZ tgt 3; car_sh 56.3%; team rush 24.0; opp d_ypc 0.90; inside-10 car 13,1.0,PLAYED (final score in nflverse)
Javonte Williams,DAL,HOU,RB,DAL@HOU,last_td,0.14330620906870906,598,0.611,0.15735,B,-,tgt_sh 10.5%; team att 36.4; opp DvP 1.00; RZ tgt 3; car_sh 56.3%; team rush 24.0; opp d_ypc 0.90; inside-10 car 13,1.0,PLAYED (final score in nflverse)
Javonte Williams,DAL,HOU,RB,DAL@HOU,2plus_td,0.173,478,0.611,0.15735,B,-,tgt_sh 10.5%; team att 36.4; opp DvP 1.00; RZ tgt 3; car_sh 56.3%; team rush 24.0; opp d_ypc 0.90; inside-10 car 13,1.0,PLAYED (final score in nflverse)
C.J. Stroud,HOU,DAL,QB,DAL@HOU,anytime_td,0.08745,1044,0.09015,0.0,B,-,team att 36.2; ypa 8.08; opp d_ypa 1.09; pass rate 61.9%,1.0,PLAYED (final score in nflverse)
C.J. Stroud,HOU,DAL,QB,DAL@HOU,first_td,0.017040932955932953,5768,0.09015,0.0,B,-,team att 36.2; ypa 8.08; opp d_ypa 1.09; pass rate 61.9%,1.0,PLAYED (final score in nflverse)
C.J. Stroud,HOU,DAL,QB,DAL@HOU,last_td,0.017040932955932953,5768,0.09015,0.0,B,-,team att 36.2; ypa 8.08; opp d_ypa 1.09; pass rate 61.9%,1.0,PLAYED (final score in nflverse)
C.J. Stroud,HOU,DAL,QB,DAL@HOU,2plus_td,0.0027,36937,0.09015,0.0,B,-,team att 36.2; ypa 8.08; opp d_ypa 1.09; pass rate 61.9%,1.0,PLAYED (final score in nflverse)
Lewis Bond,HOU,DAL,WR,DAL@HOU,anytime_td,0.0209,4685,0.0,0.02125,C,-,w_td 0.02; team TD 2.82,1.0,PLAYED (final score in nflverse)
Lewis Bond,HOU,DAL,WR,DAL@HOU,first_td,0.0038694341769341762,25744,0.0,0.02125,C,-,w_td 0.02; team TD 2.82,1.0,PLAYED (final score in nflverse)
Lewis Bond,HOU,DAL,WR,DAL@HOU,last_td,0.0038694341769341762,25744,0.0,0.02125,C,-,w_td 0.02; team TD 2.82,1.0,PLAYED (final score in nflverse)
Lewis Bond,HOU,DAL,WR,DAL@HOU,2plus_td,0.00035,285614,0.0,0.02125,C,-,w_td 0.02; team TD 2.82,1.0,PLAYED (final score in nflverse)
Kayshon Boutte,HOU,DAL,WR,DAL@HOU,anytime_td,0.1905,425,0.0,0.2091,C,-,tgt_sh 10.3%; team att 36.2; opp DvP 1.14; RZ tgt 2,1.0,PLAYED (final score in nflverse)
Kayshon Boutte,HOU,DAL,WR,DAL@HOU,first_td,0.03858896936396936,2491,0.0,0.2091,C,-,tgt_sh 10.3%; team att 36.2; opp DvP 1.14; RZ tgt 2,1.0,PLAYED (final score in nflverse)
Kayshon Boutte,HOU,DAL,WR,DAL@HOU,last_td,0.03858896936396936,2491,0.0,0.2091,C,-,tgt_sh 10.3%; team att 36.2; opp DvP 1.14; RZ tgt 2,1.0,PLAYED (final score in nflverse)
Kayshon Boutte,HOU,DAL,WR,DAL@HOU,2plus_td,0.0177,5550,0.0,0.2091,C,-,tgt_sh 10.3%; team att 36.2; opp DvP 1.14; RZ tgt 2,1.0,PLAYED (final score in nflverse)
Nico Collins,HOU,DAL,WR,DAL@HOU,anytime_td,0.35354654844838507,183,0.010291323622545916,0.4185138273168672,C,no game designation yet (Full),tgt_sh 23.2%; team att 36.2; opp DvP 1.14; RZ tgt 3,0.9479829842591244,PLAYED (final score in nflverse)
Nico Collins,HOU,DAL,WR,DAL@HOU,first_td,0.07939726664394176,1159,0.010291323622545916,0.4185138273168672,C,no game designation yet (Full),tgt_sh 23.2%; team att 36.2; opp DvP 1.14; RZ tgt 3,0.9479829842591244,PLAYED (final score in nflverse)
Nico Collins,HOU,DAL,WR,DAL@HOU,last_td,0.07939726664394176,1159,0.010291323622545916,0.4185138273168672,C,no game designation yet (Full),tgt_sh 23.2%; team att 36.2; opp DvP 1.14; RZ tgt 3,0.9479829842591244,PLAYED (final score in nflverse)
Nico Collins,HOU,DAL,WR,DAL@HOU,2plus_td,0.06570614312856238,1422,0.010291323622545916,0.4185138273168672,C,no game designation yet (Full),tgt_sh 23.2%; team att 36.2; opp DvP 1.14; RZ tgt 3,0.9479829842591244,PLAYED (final score in nflverse)
Xavier Hutchinson,HOU,DAL,WR,DAL@HOU,anytime_td,0.21685,361,0.01395,0.2275,B,-,tgt_sh 14.2%; team att 36.2; opp DvP 1.14; RZ tgt 1,1.0,PLAYED (final score in nflverse)
Xavier Hutchinson,HOU,DAL,WR,DAL@HOU,first_td,0.044754031940281935,2134,0.01395,0.2275,B,-,tgt_sh 14.2%; team att 36.2; opp DvP 1.14; RZ tgt 1,1.0,PLAYED (final score in nflverse)
Xavier Hutchinson,HOU,DAL,WR,DAL@HOU,last_td,0.044754031940281935,2134,0.01395,0.2275,B,-,tgt_sh 14.2%; team att 36.2; opp DvP 1.14; RZ tgt 1,1.0,PLAYED (final score in nflverse)
Xavier Hutchinson,HOU,DAL,WR,DAL@HOU,2plus_td,0.02335,4183,0.01395,0.2275,B,-,tgt_sh 14.2%; team att 36.2; opp DvP 1.14; RZ tgt 1,1.0,PLAYED (final score in nflverse)
Brevin Jordan,HOU,DAL,TE,DAL@HOU,anytime_td,0.02305,4238,0.0,0.0232,C,-,w_td 0.02; team TD 2.82,1.0,PLAYED (final score in nflverse)
Brevin Jordan,HOU,DAL,TE,DAL@HOU,first_td,0.004297180042180043,23171,0.0,0.0232,C,-,w_td 0.02; team TD 2.82,1.0,PLAYED (final score in nflverse)
Brevin Jordan,HOU,DAL,TE,DAL@HOU,last_td,0.004297180042180043,23171,0.0,0.0232,C,-,w_td 0.02; team TD 2.82,1.0,PLAYED (final score in nflverse)
Brevin Jordan,HOU,DAL,TE,DAL@HOU,2plus_td,0.00015,666567,0.0,0.0232,C,-,w_td 0.02; team TD 2.82,1.0,PLAYED (final score in nflverse)
Woody Marks,HOU,DAL,RB,DAL@HOU,anytime_td,0.4004,150,0.36995,0.12675,B,-,tgt_sh 5.2%; team att 36.2; opp DvP 0.93; RZ tgt 2; car_sh 32.3%; team rush 23.7; opp d_ypc 1.08; inside-10 car 3,1.0,PLAYED (final score in nflverse)
Woody Marks,HOU,DAL,RB,DAL@HOU,first_td,0.0935480081030081,969,0.36995,0.12675,B,-,tgt_sh 5.2%; team att 36.2; opp DvP 0.93; RZ tgt 2; car_sh 32.3%; team rush 23.7; opp d_ypc 1.08; inside-10 car 3,1.0,PLAYED (final score in nflverse)
Woody Marks,HOU,DAL,RB,DAL@HOU,last_td,0.0935480081030081,969,0.36995,0.12675,B,-,tgt_sh 5.2%; team att 36.2; opp DvP 0.93; RZ tgt 2; car_sh 32.3%; team rush 23.7; opp d_ypc 1.08; inside-10 car 3,1.0,PLAYED (final score in nflverse)
Woody Marks,HOU,DAL,RB,DAL@HOU,2plus_td,0.0847,1081,0.36995,0.12675,B,-,tgt_sh 5.2%; team att 36.2; opp DvP 0.93; RZ tgt 2; car_sh 32.3%; team rush 23.7; opp d_ypc 1.08; inside-10 car 3,1.0,PLAYED (final score in nflverse)
David Montgomery,HOU,DAL,RB,DAL@HOU,anytime_td,0.49425,102,0.58195,0.07725,B,-,tgt_sh 4.1%; team att 36.2; opp DvP 0.93; RZ tgt 1; car_sh 48.5%; team rush 23.7; opp d_ypc 1.08; inside-10 car 5,1.0,PLAYED (final score in nflverse)
David Montgomery,HOU,DAL,RB,DAL@HOU,first_td,0.1236660472860473,709,0.58195,0.07725,B,-,tgt_sh 4.1%; team att 36.2; opp DvP 0.93; RZ tgt 1; car_sh 48.5%; team rush 23.7; opp d_ypc 1.08; inside-10 car 5,1.0,PLAYED (final score in nflverse)
David Montgomery,HOU,DAL,RB,DAL@HOU,last_td,0.1236660472860473,709,0.58195,0.07725,B,-,tgt_sh 4.1%; team att 36.2; opp DvP 0.93; RZ tgt 1; car_sh 48.5%; team rush 23.7; opp d_ypc 1.08; inside-10 car 5,1.0,PLAYED (final score in nflverse)
David Montgomery,HOU,DAL,RB,DAL@HOU,2plus_td,0.13795,625,0.58195,0.07725,B,-,tgt_sh 4.1%; team att 36.2; opp DvP 0.93; RZ tgt 1; car_sh 48.5%; team rush 23.7; opp d_ypc 1.08; inside-10 car 5,1.0,PLAYED (final score in nflverse)
Foster Moreau,HOU,DAL,TE,DAL@HOU,anytime_td,0.11195,793,0.0,0.11805,C,-,tgt_sh 4.9%; team att 36.2; opp DvP 0.94; RZ tgt 2,1.0,PLAYED (final score in nflverse)
Foster Moreau,HOU,DAL,TE,DAL@HOU,first_td,0.0218516761016761,4476,0.0,0.11805,C,-,tgt_sh 4.9%; team att 36.2; opp DvP 0.94; RZ tgt 2,1.0,PLAYED (final score in nflverse)
Foster Moreau,HOU,DAL,TE,DAL@HOU,last_td,0.0218516761016761,4476,0.0,0.11805,C,-,tgt_sh 4.9%; team att 36.2; opp DvP 0.94; RZ tgt 2,1.0,PLAYED (final score in nflverse)
Foster Moreau,HOU,DAL,TE,DAL@HOU,2plus_td,0.00605,16429,0.0,0.11805,C,-,tgt_sh 4.9%; team att 36.2; opp DvP 0.94; RZ tgt 2,1.0,PLAYED (final score in nflverse)
Jaylin Noel,HOU,DAL,WR,DAL@HOU,anytime_td,0.1118,794,0.0211,0.09615,C,-,tgt_sh 7.1%; team att 36.2; opp DvP 1.14; RZ tgt 0,1.0,PLAYED (final score in nflverse)
Jaylin Noel,HOU,DAL,WR,DAL@HOU,first_td,0.02187445263070263,4472,0.0211,0.09615,C,-,tgt_sh 7.1%; team att 36.2; opp DvP 1.14; RZ tgt 0,1.0,PLAYED (final score in nflverse)
Jaylin Noel,HOU,DAL,WR,DAL@HOU,last_td,0.02187445263070263,4472,0.0211,0.09615,C,-,tgt_sh 7.1%; team att 36.2; opp DvP 1.14; RZ tgt 0,1.0,PLAYED (final score in nflverse)
Jaylin Noel,HOU,DAL,WR,DAL@HOU,2plus_td,0.00525,18948,0.0211,0.09615,C,-,tgt_sh 7.1%; team att 36.2; opp DvP 1.14; RZ tgt 0,1.0,PLAYED (final score in nflverse)
Dalton Schultz,HOU,DAL,TE,DAL@HOU,anytime_td,0.2502220132685577,300,0.0,0.2840202685054589,B,no game designation yet (Limited),tgt_sh 17.7%; team att 36.2; opp DvP 0.94; RZ tgt 2,0.9575230478992892,PLAYED (final score in nflverse)
Dalton Schultz,HOU,DAL,TE,DAL@HOU,first_td,0.05259628117330672,1801,0.0,0.2840202685054589,B,no game designation yet (Limited),tgt_sh 17.7%; team att 36.2; opp DvP 0.94; RZ tgt 2,0.9575230478992892,PLAYED (final score in nflverse)
Dalton Schultz,HOU,DAL,TE,DAL@HOU,last_td,0.05259628117330672,1801,0.0,0.2840202685054589,B,no game designation yet (Limited),tgt_sh 17.7%; team att 36.2; opp DvP 0.94; RZ tgt 2,0.9575230478992892,PLAYED (final score in nflverse)
Dalton Schultz,HOU,DAL,TE,DAL@HOU,2plus_td,0.03149976492712741,3075,0.0,0.2840202685054589,B,no game designation yet (Limited),tgt_sh 17.7%; team att 36.2; opp DvP 0.94; RZ tgt 2,0.9575230478992892,PLAYED (final score in nflverse)
Cade Stover,HOU,DAL,TE,DAL@HOU,anytime_td,0.0334,2894,0.0,0.034,C,-,w_td 0.02; team TD 2.82,1.0,PLAYED (final score in nflverse)
Cade Stover,HOU,DAL,TE,DAL@HOU,first_td,0.006272373737373736,15843,0.0,0.034,C,-,w_td 0.02; team TD 2.82,1.0,PLAYED (final score in nflverse)
Cade Stover,HOU,DAL,TE,DAL@HOU,last_td,0.006272373737373736,15843,0.0,0.034,C,-,w_td 0.02; team TD 2.82,1.0,PLAYED (final score in nflverse)
Cade Stover,HOU,DAL,TE,DAL@HOU,2plus_td,0.0006,166567,0.0,0.034,C,-,w_td 0.02; team TD 2.82,1.0,PLAYED (final score in nflverse)
Jared Wayne,HOU,DAL,WR,DAL@HOU,anytime_td,0.1096,812,0.0,0.11555,C,-,tgt_sh 6.1%; team att 36.2; opp DvP 1.14; RZ tgt 1,1.0,PLAYED (final score in nflverse)
Jared Wayne,HOU,DAL,WR,DAL@HOU,first_td,0.0215072823010323,4550,0.0,0.11555,C,-,tgt_sh 6.1%; team att 36.2; opp DvP 1.14; RZ tgt 1,1.0,PLAYED (final score in nflverse)
Jared Wayne,HOU,DAL,WR,DAL@HOU,last_td,0.0215072823010323,4550,0.0,0.11555,C,-,tgt_sh 6.1%; team att 36.2; opp DvP 1.14; RZ tgt 1,1.0,PLAYED (final score in nflverse)
Jared Wayne,HOU,DAL,WR,DAL@HOU,2plus_td,0.00565,17599,0.0,0.11555,C,-,tgt_sh 6.1%; team att 36.2; opp DvP 1.14; RZ tgt 1,1.0,PLAYED (final score in nflverse)
Jacoby Brissett,ARI,NYG,QB,ARI@NYG,anytime_td,0.1089,818,0.1151,0.0,B,-,team att 35.3; ypa 5.74; opp d_ypa 0.93; pass rate 59.0%,1.0,PLAYED (final score in nflverse)
Jacoby Brissett,ARI,NYG,QB,ARI@NYG,first_td,0.02477166305916306,3937,0.1151,0.0,B,-,team att 35.3; ypa 5.74; opp d_ypa 0.93; pass rate 59.0%,1.0,PLAYED (final score in nflverse)
Jacoby Brissett,ARI,NYG,QB,ARI@NYG,last_td,0.02477166305916306,3937,0.1151,0.0,B,-,team att 35.3; ypa 5.74; opp d_ypa 0.93; pass rate 59.0%,1.0,PLAYED (final score in nflverse)
Jacoby Brissett,ARI,NYG,QB,ARI@NYG,2plus_td,0.00585,16994,0.1151,0.0,B,-,team att 35.3; ypa 5.74; opp d_ypa 0.93; pass rate 59.0%,1.0,PLAYED (final score in nflverse)
Tyler Allgeier,ARI,NYG,RB,ARI@NYG,anytime_td,0.2657,276,0.2172,0.0876,B,-,tgt_sh 5.1%; team att 35.3; opp DvP 0.91; RZ tgt 2; car_sh 27.0%; team rush 25.3; opp d_ypc 1.06; inside-10 car 3,1.0,PLAYED (final score in nflverse)
Tyler Allgeier,ARI,NYG,RB,ARI@NYG,first_td,0.06472418886668888,1445,0.2172,0.0876,B,-,tgt_sh 5.1%; team att 35.3; opp DvP 0.91; RZ tgt 2; car_sh 27.0%; team rush 25.3; opp d_ypc 1.06; inside-10 car 3,1.0,PLAYED (final score in nflverse)
Tyler Allgeier,ARI,NYG,RB,ARI@NYG,last_td,0.06472418886668888,1445,0.2172,0.0876,B,-,tgt_sh 5.1%; team att 35.3; opp DvP 0.91; RZ tgt 2; car_sh 27.0%; team rush 25.3; opp d_ypc 1.06; inside-10 car 3,1.0,PLAYED (final score in nflverse)
Tyler Allgeier,ARI,NYG,RB,ARI@NYG,2plus_td,0.03565,2705,0.2172,0.0876,B,-,tgt_sh 5.1%; team att 35.3; opp DvP 0.91; RZ tgt 2; car_sh 27.0%; team rush 25.3; opp d_ypc 1.06; inside-10 car 3,1.0,PLAYED (final score in nflverse)
Kendrick Bourne,ARI,NYG,WR,ARI@NYG,anytime_td,0.14525,588,0.0,0.15555,C,-,tgt_sh 10.4%; team att 35.3; opp DvP 1.07; RZ tgt 2,1.0,PLAYED (final score in nflverse)
Kendrick Bourne,ARI,NYG,WR,ARI@NYG,first_td,0.03355123667998668,2881,0.0,0.15555,C,-,tgt_sh 10.4%; team att 35.3; opp DvP 1.07; RZ tgt 2,1.0,PLAYED (final score in nflverse)
Kendrick Bourne,ARI,NYG,WR,ARI@NYG,last_td,0.03355123667998668,2881,0.0,0.15555,C,-,tgt_sh 10.4%; team att 35.3; opp DvP 1.07; RZ tgt 2,1.0,PLAYED (final score in nflverse)
Kendrick Bourne,ARI,NYG,WR,ARI@NYG,2plus_td,0.00995,9950,0.0,0.15555,C,-,tgt_sh 10.4%; team att 35.3; opp DvP 1.07; RZ tgt 2,1.0,PLAYED (final score in nflverse)
Jalen Brooks,ARI,NYG,WR,ARI@NYG,anytime_td,0.01675,5870,0.0,0.0168,C,-,w_td 0.01; team TD 2.43,1.0,PLAYED (final score in nflverse)
Jalen Brooks,ARI,NYG,WR,ARI@NYG,first_td,0.003707106782106782,26875,0.0,0.0168,C,-,w_td 0.01; team TD 2.43,1.0,PLAYED (final score in nflverse)
Jalen Brooks,ARI,NYG,WR,ARI@NYG,last_td,0.003707106782106782,26875,0.0,0.0168,C,-,w_td 0.01; team TD 2.43,1.0,PLAYED (final score in nflverse)
Jalen Brooks,ARI,NYG,WR,ARI@NYG,2plus_td,5e-05,999900,0.0,0.0168,C,-,w_td 0.01; team TD 2.43,1.0,PLAYED (final score in nflverse)
Marvin Harrison Jr.,ARI,NYG,WR,ARI@NYG,anytime_td,0.16165,519,0.0,0.175,C,-,tgt_sh 11.7%; team att 35.3; opp DvP 1.07; RZ tgt 2,1.0,PLAYED (final score in nflverse)
Marvin Harrison Jr.,ARI,NYG,WR,ARI@NYG,first_td,0.03714640873015873,2592,0.0,0.175,C,-,tgt_sh 11.7%; team att 35.3; opp DvP 1.07; RZ tgt 2,1.0,PLAYED (final score in nflverse)
Marvin Harrison Jr.,ARI,NYG,WR,ARI@NYG,last_td,0.03714640873015873,2592,0.0,0.175,C,-,tgt_sh 11.7%; team att 35.3; opp DvP 1.07; RZ tgt 2,1.0,PLAYED (final score in nflverse)
Marvin Harrison Jr.,ARI,NYG,WR,ARI@NYG,2plus_td,0.0126,7837,0.0,0.175,C,-,tgt_sh 11.7%; team att 35.3; opp DvP 1.07; RZ tgt 2,1.0,PLAYED (final score in nflverse)
Elijah Higgins,ARI,NYG,TE,ARI@NYG,anytime_td,0.0639,1465,0.0,0.0665,C,-,tgt_sh 4.1%; team att 35.3; opp DvP 1.12; RZ tgt 1,1.0,PLAYED (final score in nflverse)
Elijah Higgins,ARI,NYG,TE,ARI@NYG,first_td,0.014212288961038962,6936,0.0,0.0665,C,-,tgt_sh 4.1%; team att 35.3; opp DvP 1.12; RZ tgt 1,1.0,PLAYED (final score in nflverse)
Elijah Higgins,ARI,NYG,TE,ARI@NYG,last_td,0.014212288961038962,6936,0.0,0.0665,C,-,tgt_sh 4.1%; team att 35.3; opp DvP 1.12; RZ tgt 1,1.0,PLAYED (final score in nflverse)
Elijah Higgins,ARI,NYG,TE,ARI@NYG,2plus_td,0.0025,39900,0.0,0.0665,C,-,tgt_sh 4.1%; team att 35.3; opp DvP 1.12; RZ tgt 1,1.0,PLAYED (final score in nflverse)
Bam Knight,ARI,NYG,RB,ARI@NYG,anytime_td,0.077,1199,0.0547,0.0251,C,-,w_td 0.08; team TD 2.43,1.0,PLAYED (final score in nflverse)
Bam Knight,ARI,NYG,RB,ARI@NYG,first_td,0.016786737012987014,5857,0.0547,0.0251,C,-,w_td 0.08; team TD 2.43,1.0,PLAYED (final score in nflverse)
Bam Knight,ARI,NYG,RB,ARI@NYG,last_td,0.016786737012987014,5857,0.0547,0.0251,C,-,w_td 0.08; team TD 2.43,1.0,PLAYED (final score in nflverse)
Bam Knight,ARI,NYG,RB,ARI@NYG,2plus_td,0.0027,36937,0.0547,0.0251,C,-,w_td 0.08; team TD 2.43,1.0,PLAYED (final score in nflverse)
Hunter Long,ARI,NYG,TE,ARI@NYG,anytime_td,0.0319,3035,0.0,0.0325,C,-,w_td 0.02; team TD 2.43,1.0,PLAYED (final score in nflverse)
Hunter Long,ARI,NYG,TE,ARI@NYG,first_td,0.006784166666666667,14640,0.0,0.0325,C,-,w_td 0.02; team TD 2.43,1.0,PLAYED (final score in nflverse)
Hunter Long,ARI,NYG,TE,ARI@NYG,last_td,0.006784166666666667,14640,0.0,0.0325,C,-,w_td 0.02; team TD 2.43,1.0,PLAYED (final score in nflverse)
Hunter Long,ARI,NYG,TE,ARI@NYG,2plus_td,0.0006,166567,0.0,0.0325,C,-,w_td 0.02; team TD 2.43,1.0,PLAYED (final score in nflverse)
Jeremiyah Love,ARI,NYG,RB,ARI@NYG,anytime_td,0.42145,137,0.38325,0.1436,B,-,tgt_sh 8.8%; team att 35.3; opp DvP 0.91; RZ tgt 3; car_sh 50.9%; team rush 25.3; opp d_ypc 1.06; inside-10 car 4,1.0,PLAYED (final score in nflverse)
Jeremiyah Love,ARI,NYG,RB,ARI@NYG,first_td,0.1140392223054723,777,0.38325,0.1436,B,-,tgt_sh 8.8%; team att 35.3; opp DvP 0.91; RZ tgt 3; car_sh 50.9%; team rush 25.3; opp d_ypc 1.06; inside-10 car 4,1.0,PLAYED (final score in nflverse)
Jeremiyah Love,ARI,NYG,RB,ARI@NYG,last_td,0.1140392223054723,777,0.38325,0.1436,B,-,tgt_sh 8.8%; team att 35.3; opp DvP 0.91; RZ tgt 3; car_sh 50.9%; team rush 25.3; opp d_ypc 1.06; inside-10 car 4,1.0,PLAYED (final score in nflverse)
Jeremiyah Love,ARI,NYG,RB,ARI@NYG,2plus_td,0.0904,1006,0.38325,0.1436,B,-,tgt_sh 8.8%; team att 35.3; opp DvP 0.91; RZ tgt 3; car_sh 50.9%; team rush 25.3; opp d_ypc 1.06; inside-10 car 4,1.0,PLAYED (final score in nflverse)
Trey McBride,ARI,NYG,TE,ARI@NYG,anytime_td,0.4141,141,0.0,0.5201,B,-,tgt_sh 29.2%; team att 35.3; opp DvP 1.12; RZ tgt 9,1.0,PLAYED (final score in nflverse)
Trey McBride,ARI,NYG,TE,ARI@NYG,first_td,0.11150498071373072,797,0.0,0.5201,B,-,tgt_sh 29.2%; team att 35.3; opp DvP 1.12; RZ tgt 9,1.0,PLAYED (final score in nflverse)
Trey McBride,ARI,NYG,TE,ARI@NYG,last_td,0.11150498071373072,797,0.0,0.5201,B,-,tgt_sh 29.2%; team att 35.3; opp DvP 1.12; RZ tgt 9,1.0,PLAYED (final score in nflverse)
Trey McBride,ARI,NYG,TE,ARI@NYG,2plus_td,0.0931,974,0.0,0.5201,B,-,tgt_sh 29.2%; team att 35.3; opp DvP 1.12; RZ tgt 9,1.0,PLAYED (final score in nflverse)
Michael Wilson,ARI,NYG,WR,ARI@NYG,anytime_td,0.34425,190,0.0,0.41295,B,-,tgt_sh 22.0%; team att 35.3; opp DvP 1.07; RZ tgt 9,1.0,PLAYED (final score in nflverse)
Michael Wilson,ARI,NYG,WR,ARI@NYG,first_td,0.08745817682317683,1043,0.0,0.41295,B,-,tgt_sh 22.0%; team att 35.3; opp DvP 1.07; RZ tgt 9,1.0,PLAYED (final score in nflverse)
Michael Wilson,ARI,NYG,WR,ARI@NYG,last_td,0.08745817682317683,1043,0.0,0.41295,B,-,tgt_sh 22.0%; team att 35.3; opp DvP 1.07; RZ tgt 9,1.0,PLAYED (final score in nflverse)
Michael Wilson,ARI,NYG,WR,ARI@NYG,2plus_td,0.06105,1538,0.0,0.41295,B,-,tgt_sh 22.0%; team att 35.3; opp DvP 1.07; RZ tgt 9,1.0,PLAYED (final score in nflverse)
Jameis Winston,NYG,ARI,QB,ARI@NYG,anytime_td,0.0179,5487,0.018,0.0,B,-,team att 29.2; ypa 7.71; opp d_ypa 1.14; pass rate 53.0%,1.0,PLAYED (final score in nflverse)
Jameis Winston,NYG,ARI,QB,ARI@NYG,first_td,0.003819307359307359,26083,0.018,0.0,B,-,team att 29.2; ypa 7.71; opp d_ypa 1.14; pass rate 53.0%,1.0,PLAYED (final score in nflverse)
Jameis Winston,NYG,ARI,QB,ARI@NYG,last_td,0.003819307359307359,26083,0.018,0.0,B,-,team att 29.2; ypa 7.71; opp d_ypa 1.14; pass rate 53.0%,1.0,PLAYED (final score in nflverse)
Jameis Winston,NYG,ARI,QB,ARI@NYG,2plus_td,0.0001,999900,0.018,0.0,B,-,team att 29.2; ypa 7.71; opp d_ypa 1.14; pass rate 53.0%,1.0,PLAYED (final score in nflverse)
Malachi Fields,NYG,ARI,WR,ARI@NYG,anytime_td,0.16905,492,0.0,0.1824,C,-,tgt_sh 13.1%; team att 29.2; opp DvP 1.00; RZ tgt 1,1.0,PLAYED (final score in nflverse)
Malachi Fields,NYG,ARI,WR,ARI@NYG,first_td,0.03854696664446665,2494,0.0,0.1824,C,-,tgt_sh 13.1%; team att 29.2; opp DvP 1.00; RZ tgt 1,1.0,PLAYED (final score in nflverse)
Malachi Fields,NYG,ARI,WR,ARI@NYG,last_td,0.03854696664446665,2494,0.0,0.1824,C,-,tgt_sh 13.1%; team att 29.2; opp DvP 1.00; RZ tgt 1,1.0,PLAYED (final score in nflverse)
Malachi Fields,NYG,ARI,WR,ARI@NYG,2plus_td,0.0127,7774,0.0,0.1824,C,-,tgt_sh 13.1%; team att 29.2; opp DvP 1.00; RZ tgt 1,1.0,PLAYED (final score in nflverse)
Najee Harris,NYG,ARI,RB,ARI@NYG,anytime_td,0.1114,798,0.11215,0.00575,B,-,car_sh 20.4%; team rush 28.4; opp d_ypc 1.00; inside-10 car 2,1.0,PLAYED (final score in nflverse)
Najee Harris,NYG,ARI,RB,ARI@NYG,first_td,0.024999140165390166,3900,0.11215,0.00575,B,-,car_sh 20.4%; team rush 28.4; opp d_ypc 1.00; inside-10 car 2,1.0,PLAYED (final score in nflverse)
Najee Harris,NYG,ARI,RB,ARI@NYG,last_td,0.024999140165390166,3900,0.11215,0.00575,B,-,car_sh 20.4%; team rush 28.4; opp d_ypc 1.00; inside-10 car 2,1.0,PLAYED (final score in nflverse)
Najee Harris,NYG,ARI,RB,ARI@NYG,2plus_td,0.0061,16293,0.11215,0.00575,B,-,car_sh 20.4%; team rush 28.4; opp d_ypc 1.00; inside-10 car 2,1.0,PLAYED (final score in nflverse)
Theo Johnson,NYG,ARI,TE,ARI@NYG,anytime_td,0.1148,771,0.0,0.1203,C,-,tgt_sh 7.9%; team att 29.2; opp DvP 1.03; RZ tgt 1,1.0,PLAYED (final score in nflverse)
Theo Johnson,NYG,ARI,TE,ARI@NYG,first_td,0.024938986846486846,3910,0.0,0.1203,C,-,tgt_sh 7.9%; team att 29.2; opp DvP 1.03; RZ tgt 1,1.0,PLAYED (final score in nflverse)
Theo Johnson,NYG,ARI,TE,ARI@NYG,last_td,0.024938986846486846,3910,0.0,0.1203,C,-,tgt_sh 7.9%; team att 29.2; opp DvP 1.03; RZ tgt 1,1.0,PLAYED (final score in nflverse)
Theo Johnson,NYG,ARI,TE,ARI@NYG,2plus_td,0.0055,18082,0.0,0.1203,C,-,tgt_sh 7.9%; team att 29.2; opp DvP 1.03; RZ tgt 1,1.0,PLAYED (final score in nflverse)
Isaiah Likely,NYG,ARI,TE,ARI@NYG,anytime_td,0.3683,172,0.0,0.44895,B,-,tgt_sh 23.1%; team att 29.2; opp DvP 1.03; RZ tgt 6,1.0,PLAYED (final score in nflverse)
Isaiah Likely,NYG,ARI,TE,ARI@NYG,first_td,0.0943565132090132,960,0.0,0.44895,B,-,tgt_sh 23.1%; team att 29.2; opp DvP 1.03; RZ tgt 6,1.0,PLAYED (final score in nflverse)
Isaiah Likely,NYG,ARI,TE,ARI@NYG,last_td,0.0943565132090132,960,0.0,0.44895,B,-,tgt_sh 23.1%; team att 29.2; opp DvP 1.03; RZ tgt 6,1.0,PLAYED (final score in nflverse)
Isaiah Likely,NYG,ARI,TE,ARI@NYG,2plus_td,0.07125,1304,0.0,0.44895,B,-,tgt_sh 23.1%; team att 29.2; opp DvP 1.03; RZ tgt 6,1.0,PLAYED (final score in nflverse)
Darnell Mooney,NYG,ARI,WR,ARI@NYG,anytime_td,0.12395,707,0.00255,0.1293,C,-,tgt_sh 11.3%; team att 29.2; opp DvP 1.00; RZ tgt 0,1.0,PLAYED (final score in nflverse)
Darnell Mooney,NYG,ARI,WR,ARI@NYG,first_td,0.02817561494061494,3449,0.00255,0.1293,C,-,tgt_sh 11.3%; team att 29.2; opp DvP 1.00; RZ tgt 0,1.0,PLAYED (final score in nflverse)
Darnell Mooney,NYG,ARI,WR,ARI@NYG,last_td,0.02817561494061494,3449,0.00255,0.1293,C,-,tgt_sh 11.3%; team att 29.2; opp DvP 1.00; RZ tgt 0,1.0,PLAYED (final score in nflverse)
Darnell Mooney,NYG,ARI,WR,ARI@NYG,2plus_td,0.00745,13323,0.00255,0.1293,C,-,tgt_sh 11.3%; team att 29.2; opp DvP 1.00; RZ tgt 0,1.0,PLAYED (final score in nflverse)
Malik Nabers,NYG,ARI,WR,ARI@NYG,anytime_td,0.2668,275,0.0,0.30745,B,-,tgt_sh 19.2%; team att 29.2; opp DvP 1.00; RZ tgt 3,1.0,PLAYED (final score in nflverse)
Malik Nabers,NYG,ARI,WR,ARI@NYG,first_td,0.06518680000555001,1434,0.0,0.30745,B,-,tgt_sh 19.2%; team att 29.2; opp DvP 1.00; RZ tgt 3,1.0,PLAYED (final score in nflverse)
Malik Nabers,NYG,ARI,WR,ARI@NYG,last_td,0.06518680000555001,1434,0.0,0.30745,B,-,tgt_sh 19.2%; team att 29.2; opp DvP 1.00; RZ tgt 3,1.0,PLAYED (final score in nflverse)
Malik Nabers,NYG,ARI,WR,ARI@NYG,2plus_td,0.0372,2588,0.0,0.30745,B,-,tgt_sh 19.2%; team att 29.2; opp DvP 1.00; RZ tgt 3,1.0,PLAYED (final score in nflverse)
Patrick Ricard,NYG,ARI,RB,ARI@NYG,anytime_td,0.02217318200924758,4410,0.0,0.022540983606557378,C,no game designation yet (Full),w_td 0.02; team TD 2.02,0.9508674235277402,PLAYED (final score in nflverse)
Patrick Ricard,NYG,ARI,RB,ARI@NYG,first_td,0.00489021831234946,20349,0.0,0.022540983606557378,C,no game designation yet (Full),w_td 0.02; team TD 2.02,0.9508674235277402,PLAYED (final score in nflverse)
Patrick Ricard,NYG,ARI,RB,ARI@NYG,last_td,0.00489021831234946,20349,0.0,0.022540983606557378,C,no game designation yet (Full),w_td 0.02; team TD 2.02,0.9508674235277402,PLAYED (final score in nflverse)
Patrick Ricard,NYG,ARI,RB,ARI@NYG,2plus_td,0.00036780159730979403,271786,0.0,0.022540983606557378,C,no game designation yet (Full),w_td 0.02; team TD 2.02,0.9508674235277402,PLAYED (final score in nflverse)
Devin Singletary,NYG,ARI,RB,ARI@NYG,anytime_td,0.1667,500,0.05775,0.1228,C,-,tgt_sh 5.4%; team att 29.2; opp DvP 0.99; RZ tgt 2; car_sh 13.0%; team rush 28.4; opp d_ypc 1.00; inside-10 car 0,1.0,PLAYED (final score in nflverse)
Devin Singletary,NYG,ARI,RB,ARI@NYG,first_td,0.03790479548229548,2538,0.05775,0.1228,C,-,tgt_sh 5.4%; team att 29.2; opp DvP 0.99; RZ tgt 2; car_sh 13.0%; team rush 28.4; opp d_ypc 1.00; inside-10 car 0,1.0,PLAYED (final score in nflverse)
Devin Singletary,NYG,ARI,RB,ARI@NYG,last_td,0.03790479548229548,2538,0.05775,0.1228,C,-,tgt_sh 5.4%; team att 29.2; opp DvP 0.99; RZ tgt 2; car_sh 13.0%; team rush 28.4; opp d_ypc 1.00; inside-10 car 0,1.0,PLAYED (final score in nflverse)
Devin Singletary,NYG,ARI,RB,ARI@NYG,2plus_td,0.0133,7419,0.05775,0.1228,C,-,tgt_sh 5.4%; team att 29.2; opp DvP 0.99; RZ tgt 2; car_sh 13.0%; team rush 28.4; opp d_ypc 1.00; inside-10 car 0,1.0,PLAYED (final score in nflverse)
Cam Skattebo,NYG,ARI,RB,ARI@NYG,anytime_td,0.2982,235,0.244,0.10685,B,-,tgt_sh 9.3%; team att 29.2; opp DvP 0.99; RZ tgt 0; car_sh 41.6%; team rush 28.4; opp d_ypc 1.00; inside-10 car 5,1.0,PLAYED (final score in nflverse)
Cam Skattebo,NYG,ARI,RB,ARI@NYG,first_td,0.0745001225163725,1242,0.244,0.10685,B,-,tgt_sh 9.3%; team att 29.2; opp DvP 0.99; RZ tgt 0; car_sh 41.6%; team rush 28.4; opp d_ypc 1.00; inside-10 car 5,1.0,PLAYED (final score in nflverse)
Cam Skattebo,NYG,ARI,RB,ARI@NYG,last_td,0.0745001225163725,1242,0.244,0.10685,B,-,tgt_sh 9.3%; team att 29.2; opp DvP 0.99; RZ tgt 0; car_sh 41.6%; team rush 28.4; opp d_ypc 1.00; inside-10 car 5,1.0,PLAYED (final score in nflverse)
Cam Skattebo,NYG,ARI,RB,ARI@NYG,2plus_td,0.0472,2019,0.244,0.10685,B,-,tgt_sh 9.3%; team att 29.2; opp DvP 0.99; RZ tgt 0; car_sh 41.6%; team rush 28.4; opp d_ypc 1.00; inside-10 car 5,1.0,PLAYED (final score in nflverse)
Tyrone Tracy Jr.,NYG,ARI,RB,ARI@NYG,anytime_td,0.05813524482158857,1620,0.0217150687819533,0.03789595741316608,C,no game designation yet (Full),w_td 0.07; team TD 2.02,0.9508674235277402,PLAYED (final score in nflverse)
Tyrone Tracy Jr.,NYG,ARI,RB,ARI@NYG,first_td,0.012791621228610633,7718,0.0217150687819533,0.03789595741316608,C,no game designation yet (Full),w_td 0.07; team TD 2.02,0.9508674235277402,PLAYED (final score in nflverse)
Tyrone Tracy Jr.,NYG,ARI,RB,ARI@NYG,last_td,0.012791621228610633,7718,0.0217150687819533,0.03789595741316608,C,no game designation yet (Full),w_td 0.07; team TD 2.02,0.9508674235277402,PLAYED (final score in nflverse)
Tyrone Tracy Jr.,NYG,ARI,RB,ARI@NYG,2plus_td,0.0014230748959047066,70170,0.0217150687819533,0.03789595741316608,C,no game designation yet (Full),w_td 0.07; team TD 2.02,0.9508674235277402,PLAYED (final score in nflverse)
Matthew Stafford,LA,PHI,QB,LA@PHI,anytime_td,0.0883,1033,0.09155,0.0,B,-,team att 37.5; ypa 6.99; opp d_ypa 0.96; pass rate 60.0%,1.0,PLAYED (final score in nflverse)
Matthew Stafford,LA,PHI,QB,LA@PHI,first_td,0.01892704365079365,5183,0.09155,0.0,B,-,team att 37.5; ypa 6.99; opp d_ypa 0.96; pass rate 60.0%,1.0,PLAYED (final score in nflverse)
Matthew Stafford,LA,PHI,QB,LA@PHI,last_td,0.01892704365079365,5183,0.09155,0.0,B,-,team att 37.5; ypa 6.99; opp d_ypa 0.96; pass rate 60.0%,1.0,PLAYED (final score in nflverse)
Matthew Stafford,LA,PHI,QB,LA@PHI,2plus_td,0.0032,31150,0.09155,0.0,B,-,team att 37.5; ypa 6.99; opp d_ypa 0.96; pass rate 60.0%,1.0,PLAYED (final score in nflverse)
Davante Adams,LA,PHI,WR,LA@PHI,anytime_td,0.32969121140142515,203,0.0,0.3936658749010293,B,no game designation yet (Full),tgt_sh 19.9%; team att 37.5; opp DvP 0.97; RZ tgt 4,0.9479829842591244,PLAYED (final score in nflverse)
Davante Adams,LA,PHI,WR,LA@PHI,first_td,0.08185506613851823,1122,0.0,0.3936658749010293,B,no game designation yet (Full),tgt_sh 19.9%; team att 37.5; opp DvP 0.97; RZ tgt 4,0.9479829842591244,PLAYED (final score in nflverse)
Davante Adams,LA,PHI,WR,LA@PHI,last_td,0.08185506613851823,1122,0.0,0.3936658749010293,B,no game designation yet (Full),tgt_sh 19.9%; team att 37.5; opp DvP 0.97; RZ tgt 4,0.9479829842591244,PLAYED (final score in nflverse)
Davante Adams,LA,PHI,WR,LA@PHI,2plus_td,0.05663763525996305,1666,0.0,0.3936658749010293,B,no game designation yet (Full),tgt_sh 19.9%; team att 37.5; opp DvP 0.97; RZ tgt 4,0.9479829842591244,PLAYED (final score in nflverse)
Davis Allen,LA,PHI,TE,LA@PHI,anytime_td,0.04445,2150,0.0,0.04525,C,-,tgt_sh 3.6%; team att 37.5; opp DvP 0.82; RZ tgt 0,1.0,PLAYED (final score in nflverse)
Davis Allen,LA,PHI,TE,LA@PHI,first_td,0.009325521839271838,10623,0.0,0.04525,C,-,tgt_sh 3.6%; team att 37.5; opp DvP 0.82; RZ tgt 0,1.0,PLAYED (final score in nflverse)
Davis Allen,LA,PHI,TE,LA@PHI,last_td,0.009325521839271838,10623,0.0,0.04525,C,-,tgt_sh 3.6%; team att 37.5; opp DvP 0.82; RZ tgt 0,1.0,PLAYED (final score in nflverse)
Davis Allen,LA,PHI,TE,LA@PHI,2plus_td,0.0008,124900,0.0,0.04525,C,-,tgt_sh 3.6%; team att 37.5; opp DvP 0.82; RZ tgt 0,1.0,PLAYED (final score in nflverse)
Tutu Atwell,LA,PHI,WR,LA@PHI,anytime_td,0.04255,2250,0.0,0.04335,C,-,tgt_sh 3.2%; team att 37.5; opp DvP 0.97; RZ tgt 0,1.0,PLAYED (final score in nflverse)
Tutu Atwell,LA,PHI,WR,LA@PHI,first_td,0.008755149711399712,11322,0.0,0.04335,C,-,tgt_sh 3.2%; team att 37.5; opp DvP 0.97; RZ tgt 0,1.0,PLAYED (final score in nflverse)
Tutu Atwell,LA,PHI,WR,LA@PHI,last_td,0.008755149711399712,11322,0.0,0.04335,C,-,tgt_sh 3.2%; team att 37.5; opp DvP 0.97; RZ tgt 0,1.0,PLAYED (final score in nflverse)
Tutu Atwell,LA,PHI,WR,LA@PHI,2plus_td,0.00075,133233,0.0,0.04335,C,-,tgt_sh 3.2%; team att 37.5; opp DvP 0.97; RZ tgt 0,1.0,PLAYED (final score in nflverse)
Blake Corum,LA,PHI,RB,LA@PHI,anytime_td,0.28305,253,0.25905,0.06365,B,-,tgt_sh 2.6%; team att 37.5; opp DvP 0.90; RZ tgt 1; car_sh 26.6%; team rush 25.9; opp d_ypc 0.98; inside-10 car 0,1.0,PLAYED (final score in nflverse)
Blake Corum,LA,PHI,RB,LA@PHI,first_td,0.06684765026640027,1396,0.25905,0.06365,B,-,tgt_sh 2.6%; team att 37.5; opp DvP 0.90; RZ tgt 1; car_sh 26.6%; team rush 25.9; opp d_ypc 0.98; inside-10 car 0,1.0,PLAYED (final score in nflverse)
Blake Corum,LA,PHI,RB,LA@PHI,last_td,0.06684765026640027,1396,0.25905,0.06365,B,-,tgt_sh 2.6%; team att 37.5; opp DvP 0.90; RZ tgt 1; car_sh 26.6%; team rush 25.9; opp d_ypc 0.98; inside-10 car 0,1.0,PLAYED (final score in nflverse)
Blake Corum,LA,PHI,RB,LA@PHI,2plus_td,0.036,2678,0.25905,0.06365,B,-,tgt_sh 2.6%; team att 37.5; opp DvP 0.90; RZ tgt 1; car_sh 26.6%; team rush 25.9; opp d_ypc 0.98; inside-10 car 0,1.0,PLAYED (final score in nflverse)
Tyler Higbee,LA,PHI,TE,LA@PHI,anytime_td,0.15621514437972486,540,0.0,0.16922790928243897,C,no game designation yet (DNP),tgt_sh 9.3%; team att 37.5; opp DvP 0.82; RZ tgt 2,0.8055616699684496,PLAYED (final score in nflverse)
Tyler Higbee,LA,PHI,TE,LA@PHI,first_td,0.03476418085570397,2777,0.0,0.16922790928243897,C,no game designation yet (DNP),tgt_sh 9.3%; team att 37.5; opp DvP 0.82; RZ tgt 2,0.8055616699684496,PLAYED (final score in nflverse)
Tyler Higbee,LA,PHI,TE,LA@PHI,last_td,0.03476418085570397,2777,0.0,0.16922790928243897,C,no game designation yet (DNP),tgt_sh 9.3%; team att 37.5; opp DvP 0.82; RZ tgt 2,0.8055616699684496,PLAYED (final score in nflverse)
Tyler Higbee,LA,PHI,TE,LA@PHI,2plus_td,0.012579006072623621,7850,0.0,0.16922790928243897,C,no game designation yet (DNP),tgt_sh 9.3%; team att 37.5; opp DvP 0.82; RZ tgt 2,0.8055616699684496,PLAYED (final score in nflverse)
Konata Mumpfield,LA,PHI,WR,LA@PHI,anytime_td,0.0933,972,0.0,0.09815,C,-,tgt_sh 4.9%; team att 37.5; opp DvP 0.97; RZ tgt 1,1.0,PLAYED (final score in nflverse)
Konata Mumpfield,LA,PHI,WR,LA@PHI,first_td,0.020007757936507938,4898,0.0,0.09815,C,-,tgt_sh 4.9%; team att 37.5; opp DvP 0.97; RZ tgt 1,1.0,PLAYED (final score in nflverse)
Konata Mumpfield,LA,PHI,WR,LA@PHI,last_td,0.020007757936507938,4898,0.0,0.09815,C,-,tgt_sh 4.9%; team att 37.5; opp DvP 0.97; RZ tgt 1,1.0,PLAYED (final score in nflverse)
Konata Mumpfield,LA,PHI,WR,LA@PHI,2plus_td,0.00465,21405,0.0,0.09815,C,-,tgt_sh 4.9%; team att 37.5; opp DvP 0.97; RZ tgt 1,1.0,PLAYED (final score in nflverse)
Puka Nacua,LA,PHI,WR,LA@PHI,anytime_td,0.3255054759898905,207,0.04133319292333614,0.34582982308340354,C,no game designation yet (Full),tgt_sh 23.5%; team att 37.5; opp DvP 0.97; RZ tgt 1,0.9479829842591244,PLAYED (final score in nflverse)
Puka Nacua,LA,PHI,WR,LA@PHI,first_td,0.07969593371736379,1155,0.04133319292333614,0.34582982308340354,C,no game designation yet (Full),tgt_sh 23.5%; team att 37.5; opp DvP 0.97; RZ tgt 1,0.9479829842591244,PLAYED (final score in nflverse)
Puka Nacua,LA,PHI,WR,LA@PHI,last_td,0.07969593371736379,1155,0.04133319292333614,0.34582982308340354,C,no game designation yet (Full),tgt_sh 23.5%; team att 37.5; opp DvP 0.97; RZ tgt 1,0.9479829842591244,PLAYED (final score in nflverse)
Puka Nacua,LA,PHI,WR,LA@PHI,2plus_td,0.054180707666385844,1746,0.04133319292333614,0.34582982308340354,C,no game designation yet (Full),tgt_sh 23.5%; team att 37.5; opp DvP 0.97; RZ tgt 1,0.9479829842591244,PLAYED (final score in nflverse)
Colby Parkinson,LA,PHI,TE,LA@PHI,anytime_td,0.11460203470975464,773,0.0,0.12178336325553561,C,Questionable (DNP),w_td 0.07; team TD 2.52,0.4981574884199691,PLAYED (final score in nflverse)
Colby Parkinson,LA,PHI,TE,LA@PHI,first_td,0.02527532671907298,3856,0.0,0.12178336325553561,C,Questionable (DNP),w_td 0.07; team TD 2.52,0.4981574884199691,PLAYED (final score in nflverse)
Colby Parkinson,LA,PHI,TE,LA@PHI,last_td,0.02527532671907298,3856,0.0,0.12178336325553561,C,Questionable (DNP),w_td 0.07; team TD 2.52,0.4981574884199691,PLAYED (final score in nflverse)
Colby Parkinson,LA,PHI,TE,LA@PHI,2plus_td,0.006981847197287053,14223,0.0,0.12178336325553561,C,Questionable (DNP),w_td 0.07; team TD 2.52,0.4981574884199691,PLAYED (final score in nflverse)
Jordan Whittington,LA,PHI,WR,LA@PHI,anytime_td,0.03645,2643,0.0,0.0377,C,-,tgt_sh 2.8%; team att 37.5; opp DvP 0.97; RZ tgt 0,1.0,PLAYED (final score in nflverse)
Jordan Whittington,LA,PHI,WR,LA@PHI,first_td,0.0077115458152958154,12868,0.0,0.0377,C,-,tgt_sh 2.8%; team att 37.5; opp DvP 0.97; RZ tgt 0,1.0,PLAYED (final score in nflverse)
Jordan Whittington,LA,PHI,WR,LA@PHI,last_td,0.0077115458152958154,12868,0.0,0.0377,C,-,tgt_sh 2.8%; team att 37.5; opp DvP 0.97; RZ tgt 0,1.0,PLAYED (final score in nflverse)
Jordan Whittington,LA,PHI,WR,LA@PHI,2plus_td,0.00125,79900,0.0,0.0377,C,-,tgt_sh 2.8%; team att 37.5; opp DvP 0.97; RZ tgt 0,1.0,PLAYED (final score in nflverse)
Kyren Williams,LA,PHI,RB,LA@PHI,anytime_td,0.59025,-144,0.6798,0.1884,B,-,tgt_sh 10.0%; team att 37.5; opp DvP 0.90; RZ tgt 2; car_sh 47.9%; team rush 25.9; opp d_ypc 0.98; inside-10 car 7,1.0,PLAYED (final score in nflverse)
Kyren Williams,LA,PHI,RB,LA@PHI,first_td,0.1791505042180042,458,0.6798,0.1884,B,-,tgt_sh 10.0%; team att 37.5; opp DvP 0.90; RZ tgt 2; car_sh 47.9%; team rush 25.9; opp d_ypc 0.98; inside-10 car 7,1.0,PLAYED (final score in nflverse)
Kyren Williams,LA,PHI,RB,LA@PHI,last_td,0.1791505042180042,458,0.6798,0.1884,B,-,tgt_sh 10.0%; team att 37.5; opp DvP 0.90; RZ tgt 2; car_sh 47.9%; team rush 25.9; opp d_ypc 0.98; inside-10 car 7,1.0,PLAYED (final score in nflverse)
Kyren Williams,LA,PHI,RB,LA@PHI,2plus_td,0.2158,363,0.6798,0.1884,B,-,tgt_sh 10.0%; team att 37.5; opp DvP 0.90; RZ tgt 2; car_sh 47.9%; team rush 25.9; opp d_ypc 0.98; inside-10 car 7,1.0,PLAYED (final score in nflverse)
Jalen Hurts,PHI,LA,QB,LA@PHI,anytime_td,0.1153,767,0.12205,0.0,B,-,team att 31.1; ypa 5.70; opp d_ypa 0.83; pass rate 56.4%,1.0,PLAYED (final score in nflverse)
Jalen Hurts,PHI,LA,QB,LA@PHI,first_td,0.02539390873015873,3838,0.12205,0.0,B,-,team att 31.1; ypa 5.70; opp d_ypa 0.83; pass rate 56.4%,1.0,PLAYED (final score in nflverse)
Jalen Hurts,PHI,LA,QB,LA@PHI,last_td,0.02539390873015873,3838,0.12205,0.0,B,-,team att 31.1; ypa 5.70; opp d_ypa 0.83; pass rate 56.4%,1.0,PLAYED (final score in nflverse)
Jalen Hurts,PHI,LA,QB,LA@PHI,2plus_td,0.00645,15404,0.12205,0.0,B,-,team att 31.1; ypa 5.70; opp d_ypa 0.83; pass rate 56.4%,1.0,PLAYED (final score in nflverse)
Saquon Barkley,PHI,LA,RB,LA@PHI,anytime_td,0.29365,241,0.21635,0.12785,B,-,tgt_sh 6.5%; team att 31.1; opp DvP 1.01; RZ tgt 0; car_sh 43.3%; team rush 26.2; opp d_ypc 0.97; inside-10 car 2,1.0,PLAYED (final score in nflverse)
Saquon Barkley,PHI,LA,RB,LA@PHI,first_td,0.07082343545343545,1312,0.21635,0.12785,B,-,tgt_sh 6.5%; team att 31.1; opp DvP 1.01; RZ tgt 0; car_sh 43.3%; team rush 26.2; opp d_ypc 0.97; inside-10 car 2,1.0,PLAYED (final score in nflverse)
Saquon Barkley,PHI,LA,RB,LA@PHI,last_td,0.07082343545343545,1312,0.21635,0.12785,B,-,tgt_sh 6.5%; team att 31.1; opp DvP 1.01; RZ tgt 0; car_sh 43.3%; team rush 26.2; opp d_ypc 0.97; inside-10 car 2,1.0,PLAYED (final score in nflverse)
Saquon Barkley,PHI,LA,RB,LA@PHI,2plus_td,0.0463,2060,0.21635,0.12785,B,-,tgt_sh 6.5%; team att 31.1; opp DvP 1.01; RZ tgt 0; car_sh 43.3%; team rush 26.2; opp d_ypc 0.97; inside-10 car 2,1.0,PLAYED (final score in nflverse)
Tank Bigsby,PHI,LA,RB,LA@PHI,anytime_td,0.1619452313503305,517,0.13634455985730773,0.039922358619242475,B,no game designation yet (Full),car_sh 22.7%; team rush 26.2; opp d_ypc 0.97; inside-10 car 3,0.9508674235277402,PLAYED (final score in nflverse)
Tank Bigsby,PHI,LA,RB,LA@PHI,first_td,0.0364112430487942,2646,0.13634455985730773,0.039922358619242475,B,no game designation yet (Full),car_sh 22.7%; team rush 26.2; opp d_ypc 0.97; inside-10 car 3,0.9508674235277402,PLAYED (final score in nflverse)
Tank Bigsby,PHI,LA,RB,LA@PHI,last_td,0.0364112430487942,2646,0.13634455985730773,0.039922358619242475,B,no game designation yet (Full),car_sh 22.7%; team rush 26.2; opp d_ypc 0.97; inside-10 car 3,0.9508674235277402,PLAYED (final score in nflverse)
Tank Bigsby,PHI,LA,RB,LA@PHI,2plus_td,0.013639702024971147,7232,0.13634455985730773,0.039922358619242475,B,no game designation yet (Full),car_sh 22.7%; team rush 26.2; opp d_ypc 0.97; inside-10 car 3,0.9508674235277402,PLAYED (final score in nflverse)
Darius Cooper,PHI,LA,WR,LA@PHI,anytime_td,0.2613288264497729,283,0.0,0.29840498573993873,C,no game designation yet (Full),tgt_sh 4.9%; team att 31.1; opp DvP 1.05; RZ tgt 4,0.9479829842591244,PLAYED (final score in nflverse)
Darius Cooper,PHI,LA,WR,LA@PHI,first_td,0.06062274022821186,1550,0.0,0.29840498573993873,C,no game designation yet (Full),tgt_sh 4.9%; team att 31.1; opp DvP 1.05; RZ tgt 4,0.9479829842591244,PLAYED (final score in nflverse)
Darius Cooper,PHI,LA,WR,LA@PHI,last_td,0.06062274022821186,1550,0.0,0.29840498573993873,C,no game designation yet (Full),tgt_sh 4.9%; team att 31.1; opp DvP 1.05; RZ tgt 4,0.9479829842591244,PLAYED (final score in nflverse)
Darius Cooper,PHI,LA,WR,LA@PHI,2plus_td,0.03353755149466568,2882,0.0,0.29840498573993873,C,no game designation yet (Full),tgt_sh 4.9%; team att 31.1; opp DvP 1.05; RZ tgt 4,0.9479829842591244,PLAYED (final score in nflverse)
Zach Ertz,PHI,LA,TE,LA@PHI,anytime_td,0.22455,345,0.0,0.25205,C,-,tgt_sh 12.0%; team att 31.1; opp DvP 0.85; RZ tgt 1,1.0,PLAYED (final score in nflverse)
Zach Ertz,PHI,LA,TE,LA@PHI,first_td,0.05106812770562771,1858,0.0,0.25205,C,-,tgt_sh 12.0%; team att 31.1; opp DvP 0.85; RZ tgt 1,1.0,PLAYED (final score in nflverse)
Zach Ertz,PHI,LA,TE,LA@PHI,last_td,0.05106812770562771,1858,0.0,0.25205,C,-,tgt_sh 12.0%; team att 31.1; opp DvP 0.85; RZ tgt 1,1.0,PLAYED (final score in nflverse)
Zach Ertz,PHI,LA,TE,LA@PHI,2plus_td,0.0255,3822,0.0,0.25205,C,-,tgt_sh 12.0%; team att 31.1; opp DvP 0.85; RZ tgt 1,1.0,PLAYED (final score in nflverse)
Makai Lemon,PHI,LA,WR,LA@PHI,anytime_td,0.22285,349,0.0035,0.2427,C,-,tgt_sh 12.1%; team att 31.1; opp DvP 1.05; RZ tgt 0,1.0,PLAYED (final score in nflverse)
Makai Lemon,PHI,LA,WR,LA@PHI,first_td,0.05066746572871573,1874,0.0035,0.2427,C,-,tgt_sh 12.1%; team att 31.1; opp DvP 1.05; RZ tgt 0,1.0,PLAYED (final score in nflverse)
Makai Lemon,PHI,LA,WR,LA@PHI,last_td,0.05066746572871573,1874,0.0035,0.2427,C,-,tgt_sh 12.1%; team att 31.1; opp DvP 1.05; RZ tgt 0,1.0,PLAYED (final score in nflverse)
Makai Lemon,PHI,LA,WR,LA@PHI,2plus_td,0.0218,4487,0.0035,0.2427,C,-,tgt_sh 12.1%; team att 31.1; opp DvP 1.05; RZ tgt 0,1.0,PLAYED (final score in nflverse)
Johnny Mundt,PHI,LA,TE,LA@PHI,anytime_td,0.04435,2155,0.0,0.04535,C,-,w_td 0.02; team TD 2.09,1.0,PLAYED (final score in nflverse)
Johnny Mundt,PHI,LA,TE,LA@PHI,first_td,0.009192097763347762,10779,0.0,0.04535,C,-,w_td 0.02; team TD 2.09,1.0,PLAYED (final score in nflverse)
Johnny Mundt,PHI,LA,TE,LA@PHI,last_td,0.009192097763347762,10779,0.0,0.04535,C,-,w_td 0.02; team TD 2.09,1.0,PLAYED (final score in nflverse)
Johnny Mundt,PHI,LA,TE,LA@PHI,2plus_td,0.001,99900,0.0,0.04535,C,-,w_td 0.02; team TD 2.09,1.0,PLAYED (final score in nflverse)
Will Shipley,PHI,LA,RB,LA@PHI,anytime_td,0.1287445569487435,677,0.06731021457426158,0.06893657205812917,B,no game designation yet (Full),tgt_sh 3.5%; team att 31.1; opp DvP 1.01; RZ tgt 0; car_sh 10.2%; team rush 26.2; opp d_ypc 0.97; inside-10 car 2,0.9508674235277402,PLAYED (final score in nflverse)
Will Shipley,PHI,LA,RB,LA@PHI,first_td,0.028738962394069676,3380,0.06731021457426158,0.06893657205812917,B,no game designation yet (Full),tgt_sh 3.5%; team att 31.1; opp DvP 1.01; RZ tgt 0; car_sh 10.2%; team rush 26.2; opp d_ypc 0.97; inside-10 car 2,0.9508674235277402,PLAYED (final score in nflverse)
Will Shipley,PHI,LA,RB,LA@PHI,last_td,0.028738962394069676,3380,0.06731021457426158,0.06893657205812917,B,no game designation yet (Full),tgt_sh 3.5%; team att 31.1; opp DvP 1.01; RZ tgt 0; car_sh 10.2%; team rush 26.2; opp d_ypc 0.97; inside-10 car 2,0.9508674235277402,PLAYED (final score in nflverse)
Will Shipley,PHI,LA,RB,LA@PHI,2plus_td,0.00697759823723834,14232,0.06731021457426158,0.06893657205812917,B,no game designation yet (Full),tgt_sh 3.5%; team att 31.1; opp DvP 1.01; RZ tgt 0; car_sh 10.2%; team rush 26.2; opp d_ypc 0.97; inside-10 car 2,0.9508674235277402,PLAYED (final score in nflverse)
Dontayvion Wicks,PHI,LA,WR,LA@PHI,anytime_td,0.3774,165,0.0,0.46825,B,-,tgt_sh 13.5%; team att 31.1; opp DvP 1.05; RZ tgt 4,1.0,PLAYED (final score in nflverse)
Dontayvion Wicks,PHI,LA,WR,LA@PHI,first_td,0.094648658008658,957,0.0,0.46825,B,-,tgt_sh 13.5%; team att 31.1; opp DvP 1.05; RZ tgt 4,1.0,PLAYED (final score in nflverse)
Dontayvion Wicks,PHI,LA,WR,LA@PHI,last_td,0.094648658008658,957,0.0,0.46825,B,-,tgt_sh 13.5%; team att 31.1; opp DvP 1.05; RZ tgt 4,1.0,PLAYED (final score in nflverse)
Dontayvion Wicks,PHI,LA,WR,LA@PHI,2plus_td,0.0796,1156,0.0,0.46825,B,-,tgt_sh 13.5%; team att 31.1; opp DvP 1.05; RZ tgt 4,1.0,PLAYED (final score in nflverse)
Jordan Love,GB,TB,QB,GB@TB,anytime_td,0.02505,3892,0.02515,0.0,B,-,team att 36.7; ypa 6.83; opp d_ypa 0.98; pass rate 64.9%,1.0,PLAYED (final score in nflverse)
Jordan Love,GB,TB,QB,GB@TB,first_td,0.006365873015873016,15609,0.02515,0.0,B,-,team att 36.7; ypa 6.83; opp d_ypa 0.98; pass rate 64.9%,1.0,PLAYED (final score in nflverse)
Jordan Love,GB,TB,QB,GB@TB,last_td,0.006365873015873016,15609,0.02515,0.0,B,-,team att 36.7; ypa 6.83; opp d_ypa 0.98; pass rate 64.9%,1.0,PLAYED (final score in nflverse)
Jordan Love,GB,TB,QB,GB@TB,2plus_td,0.0001,999900,0.02515,0.0,B,-,team att 36.7; ypa 6.83; opp d_ypa 0.98; pass rate 64.9%,1.0,PLAYED (final score in nflverse)
Chris Brooks,GB,TB,RB,GB@TB,anytime_td,0.12195,720,0.08485,0.04485,B,-,tgt_sh 3.4%; team att 36.7; opp DvP 1.13; RZ tgt 0; car_sh 16.0%; team rush 21.0; opp d_ypc 0.88; inside-10 car 4,1.0,PLAYED (final score in nflverse)
Chris Brooks,GB,TB,RB,GB@TB,first_td,0.032940560966810965,2936,0.08485,0.04485,B,-,tgt_sh 3.4%; team att 36.7; opp DvP 1.13; RZ tgt 0; car_sh 16.0%; team rush 21.0; opp d_ypc 0.88; inside-10 car 4,1.0,PLAYED (final score in nflverse)
Chris Brooks,GB,TB,RB,GB@TB,last_td,0.032940560966810965,2936,0.08485,0.04485,B,-,tgt_sh 3.4%; team att 36.7; opp DvP 1.13; RZ tgt 0; car_sh 16.0%; team rush 21.0; opp d_ypc 0.88; inside-10 car 4,1.0,PLAYED (final score in nflverse)
Chris Brooks,GB,TB,RB,GB@TB,2plus_td,0.00745,13323,0.08485,0.04485,B,-,tgt_sh 3.4%; team att 36.7; opp DvP 1.13; RZ tgt 0; car_sh 16.0%; team rush 21.0; opp d_ypc 0.88; inside-10 car 4,1.0,PLAYED (final score in nflverse)
Matthew Golden,GB,TB,WR,GB@TB,anytime_td,0.3217,211,0.00305,0.3722,B,-,tgt_sh 18.8%; team att 36.7; opp DvP 1.00; RZ tgt 5,1.0,PLAYED (final score in nflverse)
Matthew Golden,GB,TB,WR,GB@TB,first_td,0.09564344336219335,946,0.00305,0.3722,B,-,tgt_sh 18.8%; team att 36.7; opp DvP 1.00; RZ tgt 5,1.0,PLAYED (final score in nflverse)
Matthew Golden,GB,TB,WR,GB@TB,last_td,0.09564344336219335,946,0.00305,0.3722,B,-,tgt_sh 18.8%; team att 36.7; opp DvP 1.00; RZ tgt 5,1.0,PLAYED (final score in nflverse)
Matthew Golden,GB,TB,WR,GB@TB,2plus_td,0.0483,1970,0.00305,0.3722,B,-,tgt_sh 18.8%; team att 36.7; opp DvP 1.00; RZ tgt 5,1.0,PLAYED (final score in nflverse)
Kaleb Johnson,GB,TB,RB,GB@TB,anytime_td,0.11115,800,0.10035,0.01665,B,-,car_sh 25.3%; team rush 21.0; opp d_ypc 0.88; inside-10 car 2,1.0,PLAYED (final score in nflverse)
Kaleb Johnson,GB,TB,RB,GB@TB,first_td,0.02979258297258297,3257,0.10035,0.01665,B,-,car_sh 25.3%; team rush 21.0; opp d_ypc 0.88; inside-10 car 2,1.0,PLAYED (final score in nflverse)
Kaleb Johnson,GB,TB,RB,GB@TB,last_td,0.02979258297258297,3257,0.10035,0.01665,B,-,car_sh 25.3%; team rush 21.0; opp d_ypc 0.88; inside-10 car 2,1.0,PLAYED (final score in nflverse)
Kaleb Johnson,GB,TB,RB,GB@TB,2plus_td,0.0057,17444,0.10035,0.01665,B,-,car_sh 25.3%; team rush 21.0; opp d_ypc 0.88; inside-10 car 2,1.0,PLAYED (final score in nflverse)
Tucker Kraft,GB,TB,TE,GB@TB,anytime_td,0.2873,248,0.01175,0.321,B,-,tgt_sh 18.3%; team att 36.7; opp DvP 0.92; RZ tgt 4,1.0,PLAYED (final score in nflverse)
Tucker Kraft,GB,TB,TE,GB@TB,first_td,0.08389697510822511,1092,0.01175,0.321,B,-,tgt_sh 18.3%; team att 36.7; opp DvP 0.92; RZ tgt 4,1.0,PLAYED (final score in nflverse)
Tucker Kraft,GB,TB,TE,GB@TB,last_td,0.08389697510822511,1092,0.01175,0.321,B,-,tgt_sh 18.3%; team att 36.7; opp DvP 0.92; RZ tgt 4,1.0,PLAYED (final score in nflverse)
Tucker Kraft,GB,TB,TE,GB@TB,2plus_td,0.04125,2324,0.01175,0.321,B,-,tgt_sh 18.3%; team att 36.7; opp DvP 0.92; RZ tgt 4,1.0,PLAYED (final score in nflverse)
MarShawn Lloyd,GB,TB,RB,GB@TB,anytime_td,0.3014,232,0.1901,0.1632,B,-,tgt_sh 6.3%; team att 36.7; opp DvP 1.13; RZ tgt 3; car_sh 46.4%; team rush 21.0; opp d_ypc 0.88; inside-10 car 5,1.0,PLAYED (final score in nflverse)
MarShawn Lloyd,GB,TB,RB,GB@TB,first_td,0.08917223484848484,1021,0.1901,0.1632,B,-,tgt_sh 6.3%; team att 36.7; opp DvP 1.13; RZ tgt 3; car_sh 46.4%; team rush 21.0; opp d_ypc 0.88; inside-10 car 5,1.0,PLAYED (final score in nflverse)
MarShawn Lloyd,GB,TB,RB,GB@TB,last_td,0.08917223484848484,1021,0.1901,0.1632,B,-,tgt_sh 6.3%; team att 36.7; opp DvP 1.13; RZ tgt 3; car_sh 46.4%; team rush 21.0; opp d_ypc 0.88; inside-10 car 5,1.0,PLAYED (final score in nflverse)
MarShawn Lloyd,GB,TB,RB,GB@TB,2plus_td,0.0483,1970,0.1901,0.1632,B,-,tgt_sh 6.3%; team att 36.7; opp DvP 1.13; RZ tgt 3; car_sh 46.4%; team rush 21.0; opp d_ypc 0.88; inside-10 car 5,1.0,PLAYED (final score in nflverse)
Bo Melton,GB,TB,WR,GB@TB,anytime_td,0.0435,2199,0.0,0.0441,C,-,w_td 0.02; team TD 2.15,1.0,PLAYED (final score in nflverse)
Bo Melton,GB,TB,WR,GB@TB,first_td,0.011004345238095237,8987,0.0,0.0441,C,-,w_td 0.02; team TD 2.15,1.0,PLAYED (final score in nflverse)
Bo Melton,GB,TB,WR,GB@TB,last_td,0.011004345238095237,8987,0.0,0.0441,C,-,w_td 0.02; team TD 2.15,1.0,PLAYED (final score in nflverse)
Bo Melton,GB,TB,WR,GB@TB,2plus_td,0.0006,166567,0.0,0.0441,C,-,w_td 0.02; team TD 2.15,1.0,PLAYED (final score in nflverse)
J. Michael Sturdivant,GB,TB,WR,GB@TB,anytime_td,0.03325,2908,0.0,0.03375,C,-,w_td 0.02; team TD 2.15,1.0,PLAYED (final score in nflverse)
J. Michael Sturdivant,GB,TB,WR,GB@TB,first_td,0.008360259740259739,11861,0.0,0.03375,C,-,w_td 0.02; team TD 2.15,1.0,PLAYED (final score in nflverse)
J. Michael Sturdivant,GB,TB,WR,GB@TB,last_td,0.008360259740259739,11861,0.0,0.03375,C,-,w_td 0.02; team TD 2.15,1.0,PLAYED (final score in nflverse)
J. Michael Sturdivant,GB,TB,WR,GB@TB,2plus_td,0.0005,199900,0.0,0.03375,C,-,w_td 0.02; team TD 2.15,1.0,PLAYED (final score in nflverse)
Skyy Moore,GB,TB,WR,GB@TB,anytime_td,0.16805,495,0.0,0.1825,C,-,tgt_sh 6.7%; team att 36.7; opp DvP 1.00; RZ tgt 4,1.0,PLAYED (final score in nflverse)
Skyy Moore,GB,TB,WR,GB@TB,first_td,0.04544306457431457,2101,0.0,0.1825,C,-,tgt_sh 6.7%; team att 36.7; opp DvP 1.00; RZ tgt 4,1.0,PLAYED (final score in nflverse)
Skyy Moore,GB,TB,WR,GB@TB,last_td,0.04544306457431457,2101,0.0,0.1825,C,-,tgt_sh 6.7%; team att 36.7; opp DvP 1.00; RZ tgt 4,1.0,PLAYED (final score in nflverse)
Skyy Moore,GB,TB,WR,GB@TB,2plus_td,0.0135,7307,0.0,0.1825,C,-,tgt_sh 6.7%; team att 36.7; opp DvP 1.00; RZ tgt 4,1.0,PLAYED (final score in nflverse)
Mark Redman,GB,TB,TE,GB@TB,anytime_td,0.0191,5136,0.0,0.0192,C,-,w_td 0.01; team TD 2.15,1.0,PLAYED (final score in nflverse)
Mark Redman,GB,TB,TE,GB@TB,first_td,0.004863930375180375,20460,0.0,0.0192,C,-,w_td 0.01; team TD 2.15,1.0,PLAYED (final score in nflverse)
Mark Redman,GB,TB,TE,GB@TB,last_td,0.004863930375180375,20460,0.0,0.0192,C,-,w_td 0.01; team TD 2.15,1.0,PLAYED (final score in nflverse)
Mark Redman,GB,TB,TE,GB@TB,2plus_td,0.0001,999900,0.0,0.0192,C,-,w_td 0.01; team TD 2.15,1.0,PLAYED (final score in nflverse)
Jonnu Smith,GB,TB,TE,GB@TB,anytime_td,0.0943,960,0.0,0.09835,C,-,tgt_sh 6.0%; team att 36.7; opp DvP 0.92; RZ tgt 1,1.0,PLAYED (final score in nflverse)
Jonnu Smith,GB,TB,TE,GB@TB,first_td,0.024525122655122657,3977,0.0,0.09835,C,-,tgt_sh 6.0%; team att 36.7; opp DvP 0.92; RZ tgt 1,1.0,PLAYED (final score in nflverse)
Jonnu Smith,GB,TB,TE,GB@TB,last_td,0.024525122655122657,3977,0.0,0.09835,C,-,tgt_sh 6.0%; team att 36.7; opp DvP 0.92; RZ tgt 1,1.0,PLAYED (final score in nflverse)
Jonnu Smith,GB,TB,TE,GB@TB,2plus_td,0.00405,24591,0.0,0.09835,C,-,tgt_sh 6.0%; team att 36.7; opp DvP 0.92; RZ tgt 1,1.0,PLAYED (final score in nflverse)
Christian Watson,GB,TB,WR,GB@TB,anytime_td,0.3587,179,0.0,0.43355,B,-,tgt_sh 20.2%; team att 36.7; opp DvP 1.00; RZ tgt 7,1.0,PLAYED (final score in nflverse)
Christian Watson,GB,TB,WR,GB@TB,first_td,0.10855490620490621,821,0.0,0.43355,B,-,tgt_sh 20.2%; team att 36.7; opp DvP 1.00; RZ tgt 7,1.0,PLAYED (final score in nflverse)
Christian Watson,GB,TB,WR,GB@TB,last_td,0.10855490620490621,821,0.0,0.43355,B,-,tgt_sh 20.2%; team att 36.7; opp DvP 1.00; RZ tgt 7,1.0,PLAYED (final score in nflverse)
Christian Watson,GB,TB,WR,GB@TB,2plus_td,0.06655,1403,0.0,0.43355,B,-,tgt_sh 20.2%; team att 36.7; opp DvP 1.00; RZ tgt 7,1.0,PLAYED (final score in nflverse)
Jalon Daniels,TB,GB,QB,GB@TB,anytime_td,0.0923,983,0.09715,0.0,C,-,team att 32.9; ypa 6.53; opp d_ypa 0.98; pass rate 59.4%,1.0,PLAYED (final score in nflverse)
Jalon Daniels,TB,GB,QB,GB@TB,first_td,0.023996493506493504,4067,0.09715,0.0,C,-,team att 32.9; ypa 6.53; opp d_ypa 0.98; pass rate 59.4%,1.0,PLAYED (final score in nflverse)
Jalon Daniels,TB,GB,QB,GB@TB,last_td,0.023996493506493504,4067,0.09715,0.0,C,-,team att 32.9; ypa 6.53; opp d_ypa 0.98; pass rate 59.4%,1.0,PLAYED (final score in nflverse)
Jalon Daniels,TB,GB,QB,GB@TB,2plus_td,0.00475,20953,0.09715,0.0,C,-,team att 32.9; ypa 6.53; opp d_ypa 0.98; pass rate 59.4%,1.0,PLAYED (final score in nflverse)
Emeka Egbuka,TB,GB,WR,GB@TB,anytime_td,0.16385,510,0.00435,0.17235,B,-,tgt_sh 20.2%; team att 32.9; opp DvP 0.90; RZ tgt 3,1.0,PLAYED (final score in nflverse)
Emeka Egbuka,TB,GB,WR,GB@TB,first_td,0.0434681259018759,2201,0.00435,0.17235,B,-,tgt_sh 20.2%; team att 32.9; opp DvP 0.90; RZ tgt 3,1.0,PLAYED (final score in nflverse)
Emeka Egbuka,TB,GB,WR,GB@TB,last_td,0.0434681259018759,2201,0.00435,0.17235,B,-,tgt_sh 20.2%; team att 32.9; opp DvP 0.90; RZ tgt 3,1.0,PLAYED (final score in nflverse)
Emeka Egbuka,TB,GB,WR,GB@TB,2plus_td,0.0122,8097,0.00435,0.17235,B,-,tgt_sh 20.2%; team att 32.9; opp DvP 0.90; RZ tgt 3,1.0,PLAYED (final score in nflverse)
Kenny Gainwell,TB,GB,RB,GB@TB,anytime_td,0.18605,437,0.09785,0.10705,B,-,tgt_sh 9.1%; team att 32.9; opp DvP 0.93; RZ tgt 3; car_sh 14.9%; team rush 25.2; opp d_ypc 1.00; inside-10 car 0,1.0,PLAYED (final score in nflverse)
Kenny Gainwell,TB,GB,RB,GB@TB,first_td,0.05118300865800865,1854,0.09785,0.10705,B,-,tgt_sh 9.1%; team att 32.9; opp DvP 0.93; RZ tgt 3; car_sh 14.9%; team rush 25.2; opp d_ypc 1.00; inside-10 car 0,1.0,PLAYED (final score in nflverse)
Kenny Gainwell,TB,GB,RB,GB@TB,last_td,0.05118300865800865,1854,0.09785,0.10705,B,-,tgt_sh 9.1%; team att 32.9; opp DvP 0.93; RZ tgt 3; car_sh 14.9%; team rush 25.2; opp d_ypc 1.00; inside-10 car 0,1.0,PLAYED (final score in nflverse)
Kenny Gainwell,TB,GB,RB,GB@TB,2plus_td,0.018,5456,0.09785,0.10705,B,-,tgt_sh 9.1%; team att 32.9; opp DvP 0.93; RZ tgt 3; car_sh 14.9%; team rush 25.2; opp d_ypc 1.00; inside-10 car 0,1.0,PLAYED (final score in nflverse)
Chris Godwin Jr.,TB,GB,WR,GB@TB,anytime_td,0.10294739066131418,871,0.009085146841326854,0.09940840904289035,C,no game designation yet (Full),tgt_sh 15.2%; team att 32.9; opp DvP 0.90; RZ tgt 0,0.9479829842591244,PLAYED (final score in nflverse)
Chris Godwin Jr.,TB,GB,WR,GB@TB,first_td,0.02739441668503574,3550,0.009085146841326854,0.09940840904289035,C,no game designation yet (Full),tgt_sh 15.2%; team att 32.9; opp DvP 0.90; RZ tgt 0,0.9479829842591244,PLAYED (final score in nflverse)
Chris Godwin Jr.,TB,GB,WR,GB@TB,last_td,0.02739441668503574,3550,0.009085146841326854,0.09940840904289035,C,no game designation yet (Full),tgt_sh 15.2%; team att 32.9; opp DvP 0.90; RZ tgt 0,0.9479829842591244,PLAYED (final score in nflverse)
Chris Godwin Jr.,TB,GB,WR,GB@TB,2plus_td,0.005334882738221002,18645,0.009085146841326854,0.09940840904289035,C,no game designation yet (Full),tgt_sh 15.2%; team att 32.9; opp DvP 0.90; RZ tgt 0,0.9479829842591244,PLAYED (final score in nflverse)
Ted Hurst III,TB,GB,WR,GB@TB,anytime_td,0.10285,872,0.0,0.10805,C,-,tgt_sh 12.1%; team att 32.9; opp DvP 0.90; RZ tgt 2,1.0,PLAYED (final score in nflverse)
Ted Hurst III,TB,GB,WR,GB@TB,first_td,0.0262663943001443,3707,0.0,0.10805,C,-,tgt_sh 12.1%; team att 32.9; opp DvP 0.90; RZ tgt 2,1.0,PLAYED (final score in nflverse)
Ted Hurst III,TB,GB,WR,GB@TB,last_td,0.0262663943001443,3707,0.0,0.10805,C,-,tgt_sh 12.1%; team att 32.9; opp DvP 0.90; RZ tgt 2,1.0,PLAYED (final score in nflverse)
Ted Hurst III,TB,GB,WR,GB@TB,2plus_td,0.00515,19317,0.0,0.10805,C,-,tgt_sh 12.1%; team att 32.9; opp DvP 0.90; RZ tgt 2,1.0,PLAYED (final score in nflverse)
Bucky Irving,TB,GB,RB,GB@TB,anytime_td,0.3952070632751734,153,0.35605423586293883,0.1288101744797141,B,no game designation yet (Full),tgt_sh 10.6%; team att 32.9; opp DvP 0.93; RZ tgt 4; car_sh 52.9%; team rush 25.2; opp d_ypc 1.00; inside-10 car 1,0.9508674235277402,PLAYED (final score in nflverse)
Bucky Irving,TB,GB,RB,GB@TB,first_td,0.12220553078762035,718,0.35605423586293883,0.1288101744797141,B,no game designation yet (Full),tgt_sh 10.6%; team att 32.9; opp DvP 0.93; RZ tgt 4; car_sh 52.9%; team rush 25.2; opp d_ypc 1.00; inside-10 car 1,0.9508674235277402,PLAYED (final score in nflverse)
Bucky Irving,TB,GB,RB,GB@TB,last_td,0.12220553078762035,718,0.35605423586293883,0.1288101744797141,B,no game designation yet (Full),tgt_sh 10.6%; team att 32.9; opp DvP 0.93; RZ tgt 4; car_sh 52.9%; team rush 25.2; opp d_ypc 1.00; inside-10 car 1,0.9508674235277402,PLAYED (final score in nflverse)
Bucky Irving,TB,GB,RB,GB@TB,2plus_td,0.07893630439352534,1167,0.35605423586293883,0.1288101744797141,B,no game designation yet (Full),tgt_sh 10.6%; team att 32.9; opp DvP 0.93; RZ tgt 4; car_sh 52.9%; team rush 25.2; opp d_ypc 1.00; inside-10 car 1,0.9508674235277402,PLAYED (final score in nflverse)
Tez Johnson,TB,GB,WR,GB@TB,anytime_td,0.0805,1142,0.0084,0.07535,C,-,tgt_sh 6.8%; team att 32.9; opp DvP 0.90; RZ tgt 2,1.0,PLAYED (final score in nflverse)
Tez Johnson,TB,GB,WR,GB@TB,first_td,0.0203102398989899,4824,0.0084,0.07535,C,-,tgt_sh 6.8%; team att 32.9; opp DvP 0.90; RZ tgt 2,1.0,PLAYED (final score in nflverse)
Tez Johnson,TB,GB,WR,GB@TB,last_td,0.0203102398989899,4824,0.0084,0.07535,C,-,tgt_sh 6.8%; team att 32.9; opp DvP 0.90; RZ tgt 2,1.0,PLAYED (final score in nflverse)
Tez Johnson,TB,GB,WR,GB@TB,2plus_td,0.00315,31646,0.0084,0.07535,C,-,tgt_sh 6.8%; team att 32.9; opp DvP 0.90; RZ tgt 2,1.0,PLAYED (final score in nflverse)
Cade Otton,TB,GB,TE,GB@TB,anytime_td,0.15235,556,0.0,0.162,B,-,tgt_sh 18.5%; team att 32.9; opp DvP 1.10; RZ tgt 2,1.0,PLAYED (final score in nflverse)
Cade Otton,TB,GB,TE,GB@TB,first_td,0.040480663780663784,2370,0.0,0.162,B,-,tgt_sh 18.5%; team att 32.9; opp DvP 1.10; RZ tgt 2,1.0,PLAYED (final score in nflverse)
Cade Otton,TB,GB,TE,GB@TB,last_td,0.040480663780663784,2370,0.0,0.162,B,-,tgt_sh 18.5%; team att 32.9; opp DvP 1.10; RZ tgt 2,1.0,PLAYED (final score in nflverse)
Cade Otton,TB,GB,TE,GB@TB,2plus_td,0.00935,10595,0.0,0.162,B,-,tgt_sh 18.5%; team att 32.9; opp DvP 1.10; RZ tgt 2,1.0,PLAYED (final score in nflverse)
Sean Tucker,TB,GB,RB,GB@TB,anytime_td,0.0662,1411,0.0628,0.0052,C,-,w_td 0.09; team TD 1.56,1.0,PLAYED (final score in nflverse)
Sean Tucker,TB,GB,RB,GB@TB,first_td,0.017119525613275614,5741,0.0628,0.0052,C,-,w_td 0.09; team TD 1.56,1.0,PLAYED (final score in nflverse)
Sean Tucker,TB,GB,RB,GB@TB,last_td,0.017119525613275614,5741,0.0628,0.0052,C,-,w_td 0.09; team TD 1.56,1.0,PLAYED (final score in nflverse)
Sean Tucker,TB,GB,RB,GB@TB,2plus_td,0.0018,55456,0.0628,0.0052,C,-,w_td 0.09; team TD 1.56,1.0,PLAYED (final score in nflverse)
Malik Willis,MIA,MIN,QB,MIA@MIN,anytime_td,0.09815,919,0.103,0.0,B,-,team att 29.9; ypa 6.95; opp d_ypa 0.97; pass rate 57.2%,1.0,PLAYED (final score in nflverse)
Malik Willis,MIA,MIN,QB,MIA@MIN,first_td,0.026366706349206345,3693,0.103,0.0,B,-,team att 29.9; ypa 6.95; opp d_ypa 0.97; pass rate 57.2%,1.0,PLAYED (final score in nflverse)
Malik Willis,MIA,MIN,QB,MIA@MIN,last_td,0.026366706349206345,3693,0.103,0.0,B,-,team att 29.9; ypa 6.95; opp d_ypa 0.97; pass rate 57.2%,1.0,PLAYED (final score in nflverse)
Malik Willis,MIA,MIN,QB,MIA@MIN,2plus_td,0.0047,21177,0.103,0.0,B,-,team att 29.9; ypa 6.95; opp d_ypa 0.97; pass rate 57.2%,1.0,PLAYED (final score in nflverse)
Chris Bell,MIA,MIN,WR,MIA@MIN,anytime_td,0.09471016788089959,956,0.0,0.09856403758842783,C,no game designation yet (Full),tgt_sh 11.8%; team att 29.9; opp DvP 0.88; RZ tgt 0,0.9479829842591244,PLAYED (final score in nflverse)
Chris Bell,MIA,MIN,WR,MIA@MIN,first_td,0.02469824342646642,3949,0.0,0.09856403758842783,C,no game designation yet (Full),tgt_sh 11.8%; team att 29.9; opp DvP 0.88; RZ tgt 0,0.9479829842591244,PLAYED (final score in nflverse)
Chris Bell,MIA,MIN,WR,MIA@MIN,last_td,0.02469824342646642,3949,0.0,0.09856403758842783,C,no game designation yet (Full),tgt_sh 11.8%; team att 29.9; opp DvP 0.88; RZ tgt 0,0.9479829842591244,PLAYED (final score in nflverse)
Chris Bell,MIA,MIN,WR,MIA@MIN,2plus_td,0.003801076971808679,26208,0.0,0.09856403758842783,C,no game designation yet (Full),tgt_sh 11.8%; team att 29.9; opp DvP 0.88; RZ tgt 0,0.9479829842591244,PLAYED (final score in nflverse)
Kevin Coleman Jr.,MIA,MIN,WR,MIA@MIN,anytime_td,0.0753,1228,0.0,0.07895,C,-,tgt_sh 9.4%; team att 29.9; opp DvP 0.88; RZ tgt 0,1.0,PLAYED (final score in nflverse)
Kevin Coleman Jr.,MIA,MIN,WR,MIA@MIN,first_td,0.02006799963924964,4883,0.0,0.07895,C,-,tgt_sh 9.4%; team att 29.9; opp DvP 0.88; RZ tgt 0,1.0,PLAYED (final score in nflverse)
Kevin Coleman Jr.,MIA,MIN,WR,MIA@MIN,last_td,0.02006799963924964,4883,0.0,0.07895,C,-,tgt_sh 9.4%; team att 29.9; opp DvP 0.88; RZ tgt 0,1.0,PLAYED (final score in nflverse)
Kevin Coleman Jr.,MIA,MIN,WR,MIA@MIN,2plus_td,0.0034,29312,0.0,0.07895,C,-,tgt_sh 9.4%; team att 29.9; opp DvP 0.88; RZ tgt 0,1.0,PLAYED (final score in nflverse)
Greg Dulcich,MIA,MIN,TE,MIA@MIN,anytime_td,0.16105,521,0.0,0.1745,B,-,tgt_sh 9.6%; team att 29.9; opp DvP 1.14; RZ tgt 2,1.0,PLAYED (final score in nflverse)
Greg Dulcich,MIA,MIN,TE,MIA@MIN,first_td,0.044426372655122656,2151,0.0,0.1745,B,-,tgt_sh 9.6%; team att 29.9; opp DvP 1.14; RZ tgt 2,1.0,PLAYED (final score in nflverse)
Greg Dulcich,MIA,MIN,TE,MIA@MIN,last_td,0.044426372655122656,2151,0.0,0.1745,B,-,tgt_sh 9.6%; team att 29.9; opp DvP 1.14; RZ tgt 2,1.0,PLAYED (final score in nflverse)
Greg Dulcich,MIA,MIN,TE,MIA@MIN,2plus_td,0.01255,7868,0.0,0.1745,B,-,tgt_sh 9.6%; team att 29.9; opp DvP 1.14; RZ tgt 2,1.0,PLAYED (final score in nflverse)
Ollie Gordon II,MIA,MIN,RB,MIA@MIN,anytime_td,0.24545,307,0.2476,0.0331,B,-,tgt_sh 3.5%; team att 29.9; opp DvP 1.14; RZ tgt 0; car_sh 24.2%; team rush 25.2; opp d_ypc 1.00; inside-10 car 1,1.0,PLAYED (final score in nflverse)
Ollie Gordon II,MIA,MIN,RB,MIA@MIN,first_td,0.07187887806637806,1291,0.2476,0.0331,B,-,tgt_sh 3.5%; team att 29.9; opp DvP 1.14; RZ tgt 0; car_sh 24.2%; team rush 25.2; opp d_ypc 1.00; inside-10 car 1,1.0,PLAYED (final score in nflverse)
Ollie Gordon II,MIA,MIN,RB,MIA@MIN,last_td,0.07187887806637806,1291,0.2476,0.0331,B,-,tgt_sh 3.5%; team att 29.9; opp DvP 1.14; RZ tgt 0; car_sh 24.2%; team rush 25.2; opp d_ypc 1.00; inside-10 car 1,1.0,PLAYED (final score in nflverse)
Ollie Gordon II,MIA,MIN,RB,MIA@MIN,2plus_td,0.0328,2949,0.2476,0.0331,B,-,tgt_sh 3.5%; team att 29.9; opp DvP 1.14; RZ tgt 0; car_sh 24.2%; team rush 25.2; opp d_ypc 1.00; inside-10 car 1,1.0,PLAYED (final score in nflverse)
DJ Herman,MIA,MIN,RB,MIA@MIN,anytime_td,0.0268,3631,0.00535,0.02185,C,-,tgt_sh 2.5%; team att 29.9; opp DvP 1.14; RZ tgt 0,1.0,PLAYED (final score in nflverse)
DJ Herman,MIA,MIN,RB,MIA@MIN,first_td,0.0067629978354978365,14686,0.00535,0.02185,C,-,tgt_sh 2.5%; team att 29.9; opp DvP 1.14; RZ tgt 0,1.0,PLAYED (final score in nflverse)
DJ Herman,MIA,MIN,RB,MIA@MIN,last_td,0.0067629978354978365,14686,0.00535,0.02185,C,-,tgt_sh 2.5%; team att 29.9; opp DvP 1.14; RZ tgt 0,1.0,PLAYED (final score in nflverse)
DJ Herman,MIA,MIN,RB,MIA@MIN,2plus_td,0.0004,249900,0.00535,0.02185,C,-,tgt_sh 2.5%; team att 29.9; opp DvP 1.14; RZ tgt 0,1.0,PLAYED (final score in nflverse)
Will Kacmarek,MIA,MIN,TE,MIA@MIN,anytime_td,0.0319,3035,0.0,0.0325,C,-,tgt_sh 3.4%; team att 29.9; opp DvP 1.14; RZ tgt 0,1.0,PLAYED (final score in nflverse)
Will Kacmarek,MIA,MIN,TE,MIA@MIN,first_td,0.008173630952380953,12134,0.0,0.0325,C,-,tgt_sh 3.4%; team att 29.9; opp DvP 1.14; RZ tgt 0,1.0,PLAYED (final score in nflverse)
Will Kacmarek,MIA,MIN,TE,MIA@MIN,last_td,0.008173630952380953,12134,0.0,0.0325,C,-,tgt_sh 3.4%; team att 29.9; opp DvP 1.14; RZ tgt 0,1.0,PLAYED (final score in nflverse)
Will Kacmarek,MIA,MIN,TE,MIA@MIN,2plus_td,0.0006,166567,0.0,0.0325,C,-,tgt_sh 3.4%; team att 29.9; opp DvP 1.14; RZ tgt 0,1.0,PLAYED (final score in nflverse)
Ryan Miller,MIA,MIN,WR,MIA@MIN,anytime_td,0.0178,5518,0.0,0.0183,C,-,w_td 0.02; team TD 1.22,1.0,PLAYED (final score in nflverse)
Ryan Miller,MIA,MIN,WR,MIA@MIN,first_td,0.004556648629148629,21846,0.0,0.0183,C,-,w_td 0.02; team TD 1.22,1.0,PLAYED (final score in nflverse)
Ryan Miller,MIA,MIN,WR,MIA@MIN,last_td,0.004556648629148629,21846,0.0,0.0183,C,-,w_td 0.02; team TD 1.22,1.0,PLAYED (final score in nflverse)
Ryan Miller,MIA,MIN,WR,MIA@MIN,2plus_td,0.0005,199900,0.0,0.0183,C,-,w_td 0.02; team TD 1.22,1.0,PLAYED (final score in nflverse)
Jalen Tolbert,MIA,MIN,WR,MIA@MIN,anytime_td,0.03275,2953,0.0,0.0333,C,-,tgt_sh 3.6%; team att 29.9; opp DvP 0.88; RZ tgt 0,1.0,PLAYED (final score in nflverse)
Jalen Tolbert,MIA,MIN,WR,MIA@MIN,first_td,0.008348795093795092,11878,0.0,0.0333,C,-,tgt_sh 3.6%; team att 29.9; opp DvP 0.88; RZ tgt 0,1.0,PLAYED (final score in nflverse)
Jalen Tolbert,MIA,MIN,WR,MIA@MIN,last_td,0.008348795093795092,11878,0.0,0.0333,C,-,tgt_sh 3.6%; team att 29.9; opp DvP 0.88; RZ tgt 0,1.0,PLAYED (final score in nflverse)
Jalen Tolbert,MIA,MIN,WR,MIA@MIN,2plus_td,0.0005,199900,0.0,0.0333,C,-,tgt_sh 3.6%; team att 29.9; opp DvP 0.88; RZ tgt 0,1.0,PLAYED (final score in nflverse)
Malik Washington,MIA,MIN,WR,MIA@MIN,anytime_td,0.1985,404,0.0224,0.1978,B,-,tgt_sh 19.8%; team att 29.9; opp DvP 0.88; RZ tgt 1,1.0,PLAYED (final score in nflverse)
Malik Washington,MIA,MIN,WR,MIA@MIN,first_td,0.056300779220779223,1676,0.0224,0.1978,B,-,tgt_sh 19.8%; team att 29.9; opp DvP 0.88; RZ tgt 1,1.0,PLAYED (final score in nflverse)
Malik Washington,MIA,MIN,WR,MIA@MIN,last_td,0.056300779220779223,1676,0.0224,0.1978,B,-,tgt_sh 19.8%; team att 29.9; opp DvP 0.88; RZ tgt 1,1.0,PLAYED (final score in nflverse)
Malik Washington,MIA,MIN,WR,MIA@MIN,2plus_td,0.0207,4731,0.0224,0.1978,B,-,tgt_sh 19.8%; team att 29.9; opp DvP 0.88; RZ tgt 1,1.0,PLAYED (final score in nflverse)
Jaylen Wright,MIA,MIN,RB,MIA@MIN,anytime_td,0.13609093779602147,635,0.13335438374907904,0.012103989053783811,C,no game designation yet (Full),car_sh 11.8%; team rush 25.2; opp d_ypc 1.00; inside-10 car 1,0.9508674235277402,PLAYED (final score in nflverse)
Jaylen Wright,MIA,MIN,RB,MIA@MIN,first_td,0.0380392745170137,2529,0.13335438374907904,0.012103989053783811,C,no game designation yet (Full),car_sh 11.8%; team rush 25.2; opp d_ypc 1.00; inside-10 car 1,0.9508674235277402,PLAYED (final score in nflverse)
Jaylen Wright,MIA,MIN,RB,MIA@MIN,last_td,0.0380392745170137,2529,0.13335438374907904,0.012103989053783811,C,no game designation yet (Full),car_sh 11.8%; team rush 25.2; opp d_ypc 1.00; inside-10 car 1,0.9508674235277402,PLAYED (final score in nflverse)
Jaylen Wright,MIA,MIN,RB,MIA@MIN,2plus_td,0.008735922534470055,11347,0.13335438374907904,0.012103989053783811,C,no game designation yet (Full),car_sh 11.8%; team rush 25.2; opp d_ypc 1.00; inside-10 car 1,0.9508674235277402,PLAYED (final score in nflverse)
Kyler Murray,MIN,MIA,QB,MIA@MIN,anytime_td,0.0753,1228,0.07835,0.0,B,-,team att 28.5; ypa 7.43; opp d_ypa 1.09; pass rate 50.8%,1.0,PLAYED (final score in nflverse)
Kyler Murray,MIN,MIA,QB,MIA@MIN,first_td,0.02112914862914863,4633,0.07835,0.0,B,-,team att 28.5; ypa 7.43; opp d_ypa 1.09; pass rate 50.8%,1.0,PLAYED (final score in nflverse)
Kyler Murray,MIN,MIA,QB,MIA@MIN,last_td,0.02112914862914863,4633,0.07835,0.0,B,-,team att 28.5; ypa 7.43; opp d_ypa 1.09; pass rate 50.8%,1.0,PLAYED (final score in nflverse)
Kyler Murray,MIN,MIA,QB,MIA@MIN,2plus_td,0.00305,32687,0.07835,0.0,B,-,team att 28.5; ypa 7.43; opp d_ypa 1.09; pass rate 50.8%,1.0,PLAYED (final score in nflverse)
Jordan Addison,MIN,MIA,WR,MIA@MIN,anytime_td,0.3338,200,0.0067,0.38745,B,-,tgt_sh 16.8%; team att 28.5; opp DvP 0.98; RZ tgt 1,1.0,PLAYED (final score in nflverse)
Jordan Addison,MIN,MIA,WR,MIA@MIN,first_td,0.10458685245310244,856,0.0067,0.38745,B,-,tgt_sh 16.8%; team att 28.5; opp DvP 0.98; RZ tgt 1,1.0,PLAYED (final score in nflverse)
Jordan Addison,MIN,MIA,WR,MIA@MIN,last_td,0.10458685245310244,856,0.0067,0.38745,B,-,tgt_sh 16.8%; team att 28.5; opp DvP 0.98; RZ tgt 1,1.0,PLAYED (final score in nflverse)
Jordan Addison,MIN,MIA,WR,MIA@MIN,2plus_td,0.05435,1740,0.0067,0.38745,B,-,tgt_sh 16.8%; team att 28.5; opp DvP 0.98; RZ tgt 1,1.0,PLAYED (final score in nflverse)
Gavin Bartholomew,MIN,MIA,TE,MIA@MIN,anytime_td,0.01595,6170,0.0,0.0161,C,-,w_td 0.01; team TD 2.32,1.0,PLAYED (final score in nflverse)
Gavin Bartholomew,MIN,MIA,TE,MIA@MIN,first_td,0.00431811507936508,23058,0.0,0.0161,C,-,w_td 0.01; team TD 2.32,1.0,PLAYED (final score in nflverse)
Gavin Bartholomew,MIN,MIA,TE,MIA@MIN,last_td,0.00431811507936508,23058,0.0,0.0161,C,-,w_td 0.01; team TD 2.32,1.0,PLAYED (final score in nflverse)
Gavin Bartholomew,MIN,MIA,TE,MIA@MIN,2plus_td,0.00015,666567,0.0,0.0161,C,-,w_td 0.01; team TD 2.32,1.0,PLAYED (final score in nflverse)
Demond Claiborne,MIN,MIA,RB,MIA@MIN,anytime_td,0.08515,1074,0.06105,0.0276,C,-,w_td 0.05; team TD 2.32,1.0,PLAYED (final score in nflverse)
Demond Claiborne,MIN,MIA,RB,MIA@MIN,first_td,0.023012404401154398,4245,0.06105,0.0276,C,-,w_td 0.05; team TD 2.32,1.0,PLAYED (final score in nflverse)
Demond Claiborne,MIN,MIA,RB,MIA@MIN,last_td,0.023012404401154398,4245,0.06105,0.0276,C,-,w_td 0.05; team TD 2.32,1.0,PLAYED (final score in nflverse)
Demond Claiborne,MIN,MIA,RB,MIA@MIN,2plus_td,0.00345,28886,0.06105,0.0276,C,-,w_td 0.05; team TD 2.32,1.0,PLAYED (final score in nflverse)
DeeJay Dallas,MIN,MIA,RB,MIA@MIN,anytime_td,0.07725,1194,0.02945,0.0511,C,-,tgt_sh 2.7%; team att 28.5; opp DvP 0.89; RZ tgt 0,1.0,PLAYED (final score in nflverse)
DeeJay Dallas,MIN,MIA,RB,MIA@MIN,first_td,0.021554206349206347,4539,0.02945,0.0511,C,-,tgt_sh 2.7%; team att 28.5; opp DvP 0.89; RZ tgt 0,1.0,PLAYED (final score in nflverse)
DeeJay Dallas,MIN,MIA,RB,MIA@MIN,last_td,0.021554206349206347,4539,0.02945,0.0511,C,-,tgt_sh 2.7%; team att 28.5; opp DvP 0.89; RZ tgt 0,1.0,PLAYED (final score in nflverse)
DeeJay Dallas,MIN,MIA,RB,MIA@MIN,2plus_td,0.00315,31646,0.02945,0.0511,C,-,tgt_sh 2.7%; team att 28.5; opp DvP 0.89; RZ tgt 0,1.0,PLAYED (final score in nflverse)
Tai Felton,MIN,MIA,WR,MIA@MIN,anytime_td,0.04195,2284,0.0,0.04305,C,-,w_td 0.02; team TD 2.32,1.0,PLAYED (final score in nflverse)
Tai Felton,MIN,MIA,WR,MIA@MIN,first_td,0.011473115079365078,8616,0.0,0.04305,C,-,w_td 0.02; team TD 2.32,1.0,PLAYED (final score in nflverse)
Tai Felton,MIN,MIA,WR,MIA@MIN,last_td,0.011473115079365078,8616,0.0,0.04305,C,-,w_td 0.02; team TD 2.32,1.0,PLAYED (final score in nflverse)
Tai Felton,MIN,MIA,WR,MIA@MIN,2plus_td,0.0011,90809,0.0,0.04305,C,-,w_td 0.02; team TD 2.32,1.0,PLAYED (final score in nflverse)
T.J. Hockenson,MIN,MIA,TE,MIA@MIN,anytime_td,0.38555,159,0.0,0.4781,B,-,tgt_sh 19.3%; team att 28.5; opp DvP 0.84; RZ tgt 2,1.0,PLAYED (final score in nflverse)
T.J. Hockenson,MIN,MIA,TE,MIA@MIN,first_td,0.12442258477633478,704,0.0,0.4781,B,-,tgt_sh 19.3%; team att 28.5; opp DvP 0.84; RZ tgt 2,1.0,PLAYED (final score in nflverse)
T.J. Hockenson,MIN,MIA,TE,MIA@MIN,last_td,0.12442258477633478,704,0.0,0.4781,B,-,tgt_sh 19.3%; team att 28.5; opp DvP 0.84; RZ tgt 2,1.0,PLAYED (final score in nflverse)
T.J. Hockenson,MIN,MIA,TE,MIA@MIN,2plus_td,0.0808,1138,0.0,0.4781,B,-,tgt_sh 19.3%; team att 28.5; opp DvP 0.84; RZ tgt 2,1.0,PLAYED (final score in nflverse)
Jauan Jennings,MIN,MIA,WR,MIA@MIN,anytime_td,0.1536,551,0.0,0.16425,C,-,tgt_sh 8.4%; team att 28.5; opp DvP 0.98; RZ tgt 0,1.0,PLAYED (final score in nflverse)
Jauan Jennings,MIN,MIA,WR,MIA@MIN,first_td,0.04260373196248196,2247,0.0,0.16425,C,-,tgt_sh 8.4%; team att 28.5; opp DvP 0.98; RZ tgt 0,1.0,PLAYED (final score in nflverse)
Jauan Jennings,MIN,MIA,WR,MIA@MIN,last_td,0.04260373196248196,2247,0.0,0.16425,C,-,tgt_sh 8.4%; team att 28.5; opp DvP 0.98; RZ tgt 0,1.0,PLAYED (final score in nflverse)
Jauan Jennings,MIN,MIA,WR,MIA@MIN,2plus_td,0.01015,9752,0.0,0.16425,C,-,tgt_sh 8.4%; team att 28.5; opp DvP 0.98; RZ tgt 0,1.0,PLAYED (final score in nflverse)
Aaron Jones,MIN,MIA,RB,MIA@MIN,anytime_td,0.5647171138579037,-130,0.586624459853281,0.21012963521254147,B,no game designation yet (Limited),tgt_sh 11.3%; team att 28.5; opp DvP 0.89; RZ tgt 0; car_sh 46.6%; team rush 29.8; opp d_ypc 0.93; inside-10 car 1,0.9951309141019752,PLAYED (final score in nflverse)
Aaron Jones,MIN,MIA,RB,MIA@MIN,first_td,0.21118927006400628,374,0.586624459853281,0.21012963521254147,B,no game designation yet (Limited),tgt_sh 11.3%; team att 28.5; opp DvP 0.89; RZ tgt 0; car_sh 46.6%; team rush 29.8; opp d_ypc 0.93; inside-10 car 1,0.9951309141019752,PLAYED (final score in nflverse)
Aaron Jones,MIN,MIA,RB,MIA@MIN,last_td,0.21118927006400628,374,0.586624459853281,0.21012963521254147,B,no game designation yet (Limited),tgt_sh 11.3%; team att 28.5; opp DvP 0.89; RZ tgt 0; car_sh 46.6%; team rush 29.8; opp d_ypc 0.93; inside-10 car 1,0.9951309141019752,PLAYED (final score in nflverse)
Aaron Jones,MIN,MIA,RB,MIA@MIN,2plus_td,0.18490603959401064,441,0.586624459853281,0.21012963521254147,B,no game designation yet (Limited),tgt_sh 11.3%; team att 28.5; opp DvP 0.89; RZ tgt 0; car_sh 46.6%; team rush 29.8; opp d_ypc 0.93; inside-10 car 1,0.9951309141019752,PLAYED (final score in nflverse)
Jeshaun Jones,MIN,MIA,WR,MIA@MIN,anytime_td,0.01585,6209,0.0,0.0162,C,-,w_td 0.01; team TD 2.32,1.0,PLAYED (final score in nflverse)
Jeshaun Jones,MIN,MIA,WR,MIA@MIN,first_td,0.004360717893217893,22832,0.0,0.0162,C,-,w_td 0.01; team TD 2.32,1.0,PLAYED (final score in nflverse)
Jeshaun Jones,MIN,MIA,WR,MIA@MIN,last_td,0.004360717893217893,22832,0.0,0.0162,C,-,w_td 0.01; team TD 2.32,1.0,PLAYED (final score in nflverse)
Jeshaun Jones,MIN,MIA,WR,MIA@MIN,2plus_td,0.00035,285614,0.0,0.0162,C,-,w_td 0.01; team TD 2.32,1.0,PLAYED (final score in nflverse)
Myles Price,MIN,MIA,WR,MIA@MIN,anytime_td,0.05545,1703,0.0053,0.05155,C,-,w_td 0.03; team TD 2.32,1.0,PLAYED (final score in nflverse)
Myles Price,MIN,MIA,WR,MIA@MIN,first_td,0.014853253968253967,6633,0.0053,0.05155,C,-,w_td 0.03; team TD 2.32,1.0,PLAYED (final score in nflverse)
Myles Price,MIN,MIA,WR,MIA@MIN,last_td,0.014853253968253967,6633,0.0053,0.05155,C,-,w_td 0.03; team TD 2.32,1.0,PLAYED (final score in nflverse)
Myles Price,MIN,MIA,WR,MIA@MIN,2plus_td,0.0013,76823,0.0053,0.05155,C,-,w_td 0.03; team TD 2.32,1.0,PLAYED (final score in nflverse)
Patrick Mahomes,KC,LV,QB,KC@LV,anytime_td,0.11342309261525908,782,0.12066503467972256,0.0,B,no game designation yet (Full),team att 30.7; ypa 7.56; opp d_ypa 1.00; pass rate 53.2%,0.98,PLAYED (final score in nflverse)
Patrick Mahomes,KC,LV,QB,KC@LV,first_td,0.02386781018971961,4090,0.12066503467972256,0.0,B,no game designation yet (Full),team att 30.7; ypa 7.56; opp d_ypa 1.00; pass rate 53.2%,0.98,PLAYED (final score in nflverse)
Patrick Mahomes,KC,LV,QB,KC@LV,last_td,0.02386781018971961,4090,0.12066503467972256,0.0,B,no game designation yet (Full),team att 30.7; ypa 7.56; opp d_ypa 1.00; pass rate 53.2%,0.98,PLAYED (final score in nflverse)
Patrick Mahomes,KC,LV,QB,KC@LV,2plus_td,0.007037943696450428,14109,0.12066503467972256,0.0,B,no game designation yet (Full),team att 30.7; ypa 7.56; opp d_ypa 1.00; pass rate 53.2%,0.98,PLAYED (final score in nflverse)
Cyrus Allen,KC,LV,WR,KC@LV,anytime_td,0.02245,4354,0.0,0.02275,C,-,w_td 0.02; team TD 2.85,1.0,PLAYED (final score in nflverse)
Cyrus Allen,KC,LV,WR,KC@LV,first_td,0.004415698051948051,22546,0.0,0.02275,C,-,w_td 0.02; team TD 2.85,1.0,PLAYED (final score in nflverse)
Cyrus Allen,KC,LV,WR,KC@LV,last_td,0.004415698051948051,22546,0.0,0.02275,C,-,w_td 0.02; team TD 2.85,1.0,PLAYED (final score in nflverse)
Cyrus Allen,KC,LV,WR,KC@LV,2plus_td,0.0003,333233,0.0,0.02275,C,-,w_td 0.02; team TD 2.85,1.0,PLAYED (final score in nflverse)
Jake Briningstool,KC,LV,TE,KC@LV,anytime_td,0.0278,3497,0.0,0.0282,C,-,w_td 0.02; team TD 2.85,1.0,PLAYED (final score in nflverse)
Jake Briningstool,KC,LV,TE,KC@LV,first_td,0.005625781024531024,17675,0.0,0.0282,C,-,w_td 0.02; team TD 2.85,1.0,PLAYED (final score in nflverse)
Jake Briningstool,KC,LV,TE,KC@LV,last_td,0.005625781024531024,17675,0.0,0.0282,C,-,w_td 0.02; team TD 2.85,1.0,PLAYED (final score in nflverse)
Jake Briningstool,KC,LV,TE,KC@LV,2plus_td,0.0004,249900,0.0,0.0282,C,-,w_td 0.02; team TD 2.85,1.0,PLAYED (final score in nflverse)
Noah Gray,KC,LV,TE,KC@LV,anytime_td,0.1267,689,0.0,0.1348,C,-,tgt_sh 6.9%; team att 30.7; opp DvP 1.22; RZ tgt 1,1.0,PLAYED (final score in nflverse)
Noah Gray,KC,LV,TE,KC@LV,first_td,0.026608125901875907,3658,0.0,0.1348,C,-,tgt_sh 6.9%; team att 30.7; opp DvP 1.22; RZ tgt 1,1.0,PLAYED (final score in nflverse)
Noah Gray,KC,LV,TE,KC@LV,last_td,0.026608125901875907,3658,0.0,0.1348,C,-,tgt_sh 6.9%; team att 30.7; opp DvP 1.22; RZ tgt 1,1.0,PLAYED (final score in nflverse)
Noah Gray,KC,LV,TE,KC@LV,2plus_td,0.0079,12558,0.0,0.1348,C,-,tgt_sh 6.9%; team att 30.7; opp DvP 1.22; RZ tgt 1,1.0,PLAYED (final score in nflverse)
Emmett Johnson,KC,LV,RB,KC@LV,anytime_td,0.18295,447,0.1585,0.0417,B,-,car_sh 18.8%; team rush 29.0; opp d_ypc 1.13; inside-10 car 0,1.0,PLAYED (final score in nflverse)
Emmett Johnson,KC,LV,RB,KC@LV,first_td,0.03939065947940948,2439,0.1585,0.0417,B,-,car_sh 18.8%; team rush 29.0; opp d_ypc 1.13; inside-10 car 0,1.0,PLAYED (final score in nflverse)
Emmett Johnson,KC,LV,RB,KC@LV,last_td,0.03939065947940948,2439,0.1585,0.0417,B,-,car_sh 18.8%; team rush 29.0; opp d_ypc 1.13; inside-10 car 0,1.0,PLAYED (final score in nflverse)
Emmett Johnson,KC,LV,RB,KC@LV,2plus_td,0.01635,6016,0.1585,0.0417,B,-,car_sh 18.8%; team rush 29.0; opp d_ypc 1.13; inside-10 car 0,1.0,PLAYED (final score in nflverse)
Travis Kelce,KC,LV,TE,KC@LV,anytime_td,0.29945,234,0.0,0.3525,B,-,tgt_sh 19.4%; team att 30.7; opp DvP 1.22; RZ tgt 2,1.0,PLAYED (final score in nflverse)
Travis Kelce,KC,LV,TE,KC@LV,first_td,0.06903762182262183,1348,0.0,0.3525,B,-,tgt_sh 19.4%; team att 30.7; opp DvP 1.22; RZ tgt 2,1.0,PLAYED (final score in nflverse)
Travis Kelce,KC,LV,TE,KC@LV,last_td,0.06903762182262183,1348,0.0,0.3525,B,-,tgt_sh 19.4%; team att 30.7; opp DvP 1.22; RZ tgt 2,1.0,PLAYED (final score in nflverse)
Travis Kelce,KC,LV,TE,KC@LV,2plus_td,0.04815,1977,0.0,0.3525,B,-,tgt_sh 19.4%; team att 30.7; opp DvP 1.22; RZ tgt 2,1.0,PLAYED (final score in nflverse)
Rashee Rice,KC,LV,WR,KC@LV,anytime_td,0.2970323124769385,237,0.0,0.34890095408781824,C,no game designation yet (Full),tgt_sh 20.2%; team att 30.7; opp DvP 0.87; RZ tgt 4,0.9479829842591244,PLAYED (final score in nflverse)
Rashee Rice,KC,LV,WR,KC@LV,first_td,0.06815406625247962,1367,0.0,0.34890095408781824,C,no game designation yet (Full),tgt_sh 20.2%; team att 30.7; opp DvP 0.87; RZ tgt 4,0.9479829842591244,PLAYED (final score in nflverse)
Rashee Rice,KC,LV,WR,KC@LV,last_td,0.06815406625247962,1367,0.0,0.34890095408781824,C,no game designation yet (Full),tgt_sh 20.2%; team att 30.7; opp DvP 0.87; RZ tgt 4,0.9479829842591244,PLAYED (final score in nflverse)
Rashee Rice,KC,LV,WR,KC@LV,2plus_td,0.04680828633176954,2036,0.0,0.34890095408781824,C,no game designation yet (Full),tgt_sh 20.2%; team att 30.7; opp DvP 0.87; RZ tgt 4,0.9479829842591244,PLAYED (final score in nflverse)
Jalen Royals,KC,LV,WR,KC@LV,anytime_td,0.0556,1699,0.0,0.05715,C,-,w_td 0.04; team TD 2.85,1.0,PLAYED (final score in nflverse)
Jalen Royals,KC,LV,WR,KC@LV,first_td,0.011231687062937062,8803,0.0,0.05715,C,-,w_td 0.04; team TD 2.85,1.0,PLAYED (final score in nflverse)
Jalen Royals,KC,LV,WR,KC@LV,last_td,0.011231687062937062,8803,0.0,0.05715,C,-,w_td 0.04; team TD 2.85,1.0,PLAYED (final score in nflverse)
Jalen Royals,KC,LV,WR,KC@LV,2plus_td,0.0015,66567,0.0,0.05715,C,-,w_td 0.04; team TD 2.85,1.0,PLAYED (final score in nflverse)
Brashard Smith,KC,LV,RB,KC@LV,anytime_td,0.0733,1264,0.0107,0.06485,C,-,w_td 0.05; team TD 2.85,1.0,PLAYED (final score in nflverse)
Brashard Smith,KC,LV,RB,KC@LV,first_td,0.014847766816516816,6635,0.0107,0.06485,C,-,w_td 0.05; team TD 2.85,1.0,PLAYED (final score in nflverse)
Brashard Smith,KC,LV,RB,KC@LV,last_td,0.014847766816516816,6635,0.0107,0.06485,C,-,w_td 0.05; team TD 2.85,1.0,PLAYED (final score in nflverse)
Brashard Smith,KC,LV,RB,KC@LV,2plus_td,0.0022,45355,0.0107,0.06485,C,-,w_td 0.05; team TD 2.85,1.0,PLAYED (final score in nflverse)
Tyquan Thornton,KC,LV,WR,KC@LV,anytime_td,0.11805,747,0.0,0.12475,C,-,tgt_sh 10.0%; team att 30.7; opp DvP 0.87; RZ tgt 0,1.0,PLAYED (final score in nflverse)
Tyquan Thornton,KC,LV,WR,KC@LV,first_td,0.024088092185592186,4051,0.0,0.12475,C,-,tgt_sh 10.0%; team att 30.7; opp DvP 0.87; RZ tgt 0,1.0,PLAYED (final score in nflverse)
Tyquan Thornton,KC,LV,WR,KC@LV,last_td,0.024088092185592186,4051,0.0,0.12475,C,-,tgt_sh 10.0%; team att 30.7; opp DvP 0.87; RZ tgt 0,1.0,PLAYED (final score in nflverse)
Tyquan Thornton,KC,LV,WR,KC@LV,2plus_td,0.0065,15285,0.0,0.12475,C,-,tgt_sh 10.0%; team att 30.7; opp DvP 0.87; RZ tgt 0,1.0,PLAYED (final score in nflverse)
Kenneth Walker III,KC,LV,RB,KC@LV,anytime_td,0.66305,-197,0.73145,0.3037,B,-,tgt_sh 12.1%; team att 30.7; opp DvP 0.97; RZ tgt 5; car_sh 62.8%; team rush 29.0; opp d_ypc 1.13; inside-10 car 8,1.0,PLAYED (final score in nflverse)
Kenneth Walker III,KC,LV,RB,KC@LV,first_td,0.2037038863913864,391,0.73145,0.3037,B,-,tgt_sh 12.1%; team att 30.7; opp DvP 0.97; RZ tgt 5; car_sh 62.8%; team rush 29.0; opp d_ypc 1.13; inside-10 car 8,1.0,PLAYED (final score in nflverse)
Kenneth Walker III,KC,LV,RB,KC@LV,last_td,0.2037038863913864,391,0.73145,0.3037,B,-,tgt_sh 12.1%; team att 30.7; opp DvP 0.97; RZ tgt 5; car_sh 62.8%; team rush 29.0; opp d_ypc 1.13; inside-10 car 8,1.0,PLAYED (final score in nflverse)
Kenneth Walker III,KC,LV,RB,KC@LV,2plus_td,0.27875,259,0.73145,0.3037,B,-,tgt_sh 12.1%; team att 30.7; opp DvP 0.97; RZ tgt 5; car_sh 62.8%; team rush 29.0; opp d_ypc 1.13; inside-10 car 8,1.0,PLAYED (final score in nflverse)
Xavier Worthy,KC,LV,WR,KC@LV,anytime_td,0.28475,251,0.0,0.3307,B,-,tgt_sh 17.7%; team att 30.7; opp DvP 0.87; RZ tgt 4,1.0,PLAYED (final score in nflverse)
Xavier Worthy,KC,LV,WR,KC@LV,first_td,0.06452909063159064,1450,0.0,0.3307,B,-,tgt_sh 17.7%; team att 30.7; opp DvP 0.87; RZ tgt 4,1.0,PLAYED (final score in nflverse)
Xavier Worthy,KC,LV,WR,KC@LV,last_td,0.06452909063159064,1450,0.0,0.3307,B,-,tgt_sh 17.7%; team att 30.7; opp DvP 0.87; RZ tgt 4,1.0,PLAYED (final score in nflverse)
Xavier Worthy,KC,LV,WR,KC@LV,2plus_td,0.0421,2275,0.0,0.3307,B,-,tgt_sh 17.7%; team att 30.7; opp DvP 0.87; RZ tgt 4,1.0,PLAYED (final score in nflverse)
Kirk Cousins,LV,KC,QB,KC@LV,anytime_td,0.03265,2963,0.03295,0.0,B,-,team att 35.1; ypa 6.62; opp d_ypa 0.93; pass rate 56.9%,1.0,PLAYED (final score in nflverse)
Kirk Cousins,LV,KC,QB,KC@LV,first_td,0.0061000306637806635,16293,0.03295,0.0,B,-,team att 35.1; ypa 6.62; opp d_ypa 0.93; pass rate 56.9%,1.0,PLAYED (final score in nflverse)
Kirk Cousins,LV,KC,QB,KC@LV,last_td,0.0061000306637806635,16293,0.03295,0.0,B,-,team att 35.1; ypa 6.62; opp d_ypa 0.93; pass rate 56.9%,1.0,PLAYED (final score in nflverse)
Kirk Cousins,LV,KC,QB,KC@LV,2plus_td,0.0003,333233,0.03295,0.0,B,-,team att 35.1; ypa 6.62; opp d_ypa 0.93; pass rate 56.9%,1.0,PLAYED (final score in nflverse)
Cody White,LV,KC,WR,KC@LV,anytime_td,0.15291046724092927,554,0.0,0.16653615244061604,C,no game designation yet (Limited),tgt_sh 5.5%; team att 35.1; opp DvP 0.95; RZ tgt 4,0.9575230478992892,PLAYED (final score in nflverse)
Cody White,LV,KC,WR,KC@LV,first_td,0.03200144847756437,3025,0.0,0.16653615244061604,C,no game designation yet (Limited),tgt_sh 5.5%; team att 35.1; opp DvP 0.95; RZ tgt 4,0.9575230478992892,PLAYED (final score in nflverse)
Cody White,LV,KC,WR,KC@LV,last_td,0.03200144847756437,3025,0.0,0.16653615244061604,C,no game designation yet (Limited),tgt_sh 5.5%; team att 35.1; opp DvP 0.95; RZ tgt 4,0.9575230478992892,PLAYED (final score in nflverse)
Cody White,LV,KC,WR,KC@LV,2plus_td,0.01331245105716523,7412,0.0,0.16653615244061604,C,no game designation yet (Limited),tgt_sh 5.5%; team att 35.1; opp DvP 0.95; RZ tgt 4,0.9575230478992892,PLAYED (final score in nflverse)
Malik Benson,LV,KC,WR,KC@LV,anytime_td,0.0358760931408703,2687,0.003213570751238015,0.033347381730060056,C,no game designation yet (Full),w_td 0.03; team TD 2.05,0.9479829842591244,PLAYED (final score in nflverse)
Malik Benson,LV,KC,WR,KC@LV,first_td,0.007177235044425015,13833,0.003213570751238015,0.033347381730060056,C,no game designation yet (Full),w_td 0.03; team TD 2.05,0.9479829842591244,PLAYED (final score in nflverse)
Malik Benson,LV,KC,WR,KC@LV,last_td,0.007177235044425015,13833,0.003213570751238015,0.033347381730060056,C,no game designation yet (Full),w_td 0.03; team TD 2.05,0.9479829842591244,PLAYED (final score in nflverse)
Malik Benson,LV,KC,WR,KC@LV,2plus_td,0.0006848593404277737,145915,0.003213570751238015,0.033347381730060056,C,no game designation yet (Full),w_td 0.03; team TD 2.05,0.9479829842591244,PLAYED (final score in nflverse)
Brock Bowers,LV,KC,TE,KC@LV,anytime_td,0.3410597755155312,193,0.0,0.4083007047768207,B,no game designation yet (Limited),tgt_sh 25.0%; team att 35.1; opp DvP 1.10; RZ tgt 3,0.9575230478992892,PLAYED (final score in nflverse)
Brock Bowers,LV,KC,TE,KC@LV,first_td,0.0786511416307814,1171,0.0,0.4083007047768207,B,no game designation yet (Limited),tgt_sh 25.0%; team att 35.1; opp DvP 1.10; RZ tgt 3,0.9575230478992892,PLAYED (final score in nflverse)
Brock Bowers,LV,KC,TE,KC@LV,last_td,0.0786511416307814,1171,0.0,0.4083007047768207,B,no game designation yet (Limited),tgt_sh 25.0%; team att 35.1; opp DvP 1.10; RZ tgt 3,0.9575230478992892,PLAYED (final score in nflverse)
Brock Bowers,LV,KC,TE,KC@LV,2plus_td,0.060819629339598016,1544,0.0,0.4083007047768207,B,no game designation yet (Limited),tgt_sh 25.0%; team att 35.1; opp DvP 1.10; RZ tgt 3,0.9575230478992892,PLAYED (final score in nflverse)
Connor Heyward,LV,KC,RB,KC@LV,anytime_td,0.029,3348,0.0224,0.0076,C,-,w_td 0.04; team TD 2.05,1.0,PLAYED (final score in nflverse)
Connor Heyward,LV,KC,RB,KC@LV,first_td,0.005817945526695526,17088,0.0224,0.0076,C,-,w_td 0.04; team TD 2.05,1.0,PLAYED (final score in nflverse)
Connor Heyward,LV,KC,RB,KC@LV,last_td,0.005817945526695526,17088,0.0224,0.0076,C,-,w_td 0.04; team TD 2.05,1.0,PLAYED (final score in nflverse)
Connor Heyward,LV,KC,RB,KC@LV,2plus_td,0.001,99900,0.0224,0.0076,C,-,w_td 0.04; team TD 2.05,1.0,PLAYED (final score in nflverse)
Ashton Jeanty,LV,KC,RB,KC@LV,anytime_td,0.4775177491454115,109,0.3460425979489876,0.2871417302129897,B,no game designation yet (Full),tgt_sh 14.6%; team att 35.1; opp DvP 1.00; RZ tgt 4; car_sh 60.7%; team rush 27.5; opp d_ypc 0.92; inside-10 car 7,0.9508674235277402,PLAYED (final score in nflverse)
Ashton Jeanty,LV,KC,RB,KC@LV,first_td,0.12249625283414396,716,0.3460425979489876,0.2871417302129897,B,no game designation yet (Full),tgt_sh 14.6%; team att 35.1; opp DvP 1.00; RZ tgt 4; car_sh 60.7%; team rush 27.5; opp d_ypc 0.92; inside-10 car 7,0.9508674235277402,PLAYED (final score in nflverse)
Ashton Jeanty,LV,KC,RB,KC@LV,last_td,0.12249625283414396,716,0.3460425979489876,0.2871417302129897,B,no game designation yet (Full),tgt_sh 14.6%; team att 35.1; opp DvP 1.00; RZ tgt 4; car_sh 60.7%; team rush 27.5; opp d_ypc 0.92; inside-10 car 7,0.9508674235277402,PLAYED (final score in nflverse)
Ashton Jeanty,LV,KC,RB,KC@LV,2plus_td,0.13010780962398108,669,0.3460425979489876,0.2871417302129897,B,no game designation yet (Full),tgt_sh 14.6%; team att 35.1; opp DvP 1.00; RZ tgt 4; car_sh 60.7%; team rush 27.5; opp d_ypc 0.92; inside-10 car 7,0.9508674235277402,PLAYED (final score in nflverse)
Michael Mayer,LV,KC,TE,KC@LV,anytime_td,0.2307,333,0.0,0.25765,B,-,tgt_sh 15.7%; team att 35.1; opp DvP 1.10; RZ tgt 2,1.0,PLAYED (final score in nflverse)
Michael Mayer,LV,KC,TE,KC@LV,first_td,0.04980728521478521,1908,0.0,0.25765,B,-,tgt_sh 15.7%; team att 35.1; opp DvP 1.10; RZ tgt 2,1.0,PLAYED (final score in nflverse)
Michael Mayer,LV,KC,TE,KC@LV,last_td,0.04980728521478521,1908,0.0,0.25765,B,-,tgt_sh 15.7%; team att 35.1; opp DvP 1.10; RZ tgt 2,1.0,PLAYED (final score in nflverse)
Michael Mayer,LV,KC,TE,KC@LV,2plus_td,0.02515,3876,0.0,0.25765,B,-,tgt_sh 15.7%; team att 35.1; opp DvP 1.10; RZ tgt 2,1.0,PLAYED (final score in nflverse)
Jalen Nailor,LV,KC,WR,KC@LV,anytime_td,0.12385,707,0.0,0.1318,C,-,tgt_sh 8.9%; team att 35.1; opp DvP 0.95; RZ tgt 1,1.0,PLAYED (final score in nflverse)
Jalen Nailor,LV,KC,WR,KC@LV,first_td,0.025472441586191587,3826,0.0,0.1318,C,-,tgt_sh 8.9%; team att 35.1; opp DvP 0.95; RZ tgt 1,1.0,PLAYED (final score in nflverse)
Jalen Nailor,LV,KC,WR,KC@LV,last_td,0.025472441586191587,3826,0.0,0.1318,C,-,tgt_sh 8.9%; team att 35.1; opp DvP 0.95; RZ tgt 1,1.0,PLAYED (final score in nflverse)
Jalen Nailor,LV,KC,WR,KC@LV,2plus_td,0.0074,13414,0.0,0.1318,C,-,tgt_sh 8.9%; team att 35.1; opp DvP 0.95; RZ tgt 1,1.0,PLAYED (final score in nflverse)
Ian Thomas,LV,KC,TE,KC@LV,anytime_td,0.0254,3837,0.0,0.0258,C,-,w_td 0.02; team TD 2.05,1.0,PLAYED (final score in nflverse)
Ian Thomas,LV,KC,TE,KC@LV,first_td,0.004910410561660561,20265,0.0,0.0258,C,-,w_td 0.02; team TD 2.05,1.0,PLAYED (final score in nflverse)
Ian Thomas,LV,KC,TE,KC@LV,last_td,0.004910410561660561,20265,0.0,0.0258,C,-,w_td 0.02; team TD 2.05,1.0,PLAYED (final score in nflverse)
Ian Thomas,LV,KC,TE,KC@LV,2plus_td,0.0004,249900,0.0,0.0258,C,-,w_td 0.02; team TD 2.05,1.0,PLAYED (final score in nflverse)
Tre Tucker,LV,KC,WR,KC@LV,anytime_td,0.19285,419,0.0,0.2114,B,-,tgt_sh 15.2%; team att 35.1; opp DvP 0.95; RZ tgt 1,1.0,PLAYED (final score in nflverse)
Tre Tucker,LV,KC,WR,KC@LV,first_td,0.04052086607836608,2368,0.0,0.2114,B,-,tgt_sh 15.2%; team att 35.1; opp DvP 0.95; RZ tgt 1,1.0,PLAYED (final score in nflverse)
Tre Tucker,LV,KC,WR,KC@LV,last_td,0.04052086607836608,2368,0.0,0.2114,B,-,tgt_sh 15.2%; team att 35.1; opp DvP 0.95; RZ tgt 1,1.0,PLAYED (final score in nflverse)
Tre Tucker,LV,KC,WR,KC@LV,2plus_td,0.0176,5582,0.0,0.2114,B,-,tgt_sh 15.2%; team att 35.1; opp DvP 0.95; RZ tgt 1,1.0,PLAYED (final score in nflverse)
Mike Washington Jr.,LV,KC,RB,KC@LV,anytime_td,0.12655,690,0.1166,0.0188,B,-,car_sh 22.8%; team rush 27.5; opp d_ypc 0.92; inside-10 car 1,1.0,PLAYED (final score in nflverse)
Mike Washington Jr.,LV,KC,RB,KC@LV,first_td,0.026189040404040406,3718,0.1166,0.0188,B,-,car_sh 22.8%; team rush 27.5; opp d_ypc 0.92; inside-10 car 1,1.0,PLAYED (final score in nflverse)
Mike Washington Jr.,LV,KC,RB,KC@LV,last_td,0.026189040404040406,3718,0.1166,0.0188,B,-,car_sh 22.8%; team rush 27.5; opp d_ypc 0.92; inside-10 car 1,1.0,PLAYED (final score in nflverse)
Mike Washington Jr.,LV,KC,RB,KC@LV,2plus_td,0.0084,11805,0.1166,0.0188,B,-,car_sh 22.8%; team rush 27.5; opp d_ypc 0.92; inside-10 car 1,1.0,PLAYED (final score in nflverse)
Dareke Young,LV,KC,WR,KC@LV,anytime_td,0.01945,5041,0.0,0.01965,C,-,w_td 0.01; team TD 2.05,1.0,PLAYED (final score in nflverse)
Dareke Young,LV,KC,WR,KC@LV,first_td,0.003939054834054834,25287,0.0,0.01965,C,-,w_td 0.01; team TD 2.05,1.0,PLAYED (final score in nflverse)
Dareke Young,LV,KC,WR,KC@LV,last_td,0.003939054834054834,25287,0.0,0.01965,C,-,w_td 0.01; team TD 2.05,1.0,PLAYED (final score in nflverse)
Dareke Young,LV,KC,WR,KC@LV,2plus_td,0.0002,499900,0.0,0.01965,C,-,w_td 0.01; team TD 2.05,1.0,PLAYED (final score in nflverse)
Justin Herbert,LAC,SEA,QB,LAC@SEA,anytime_td,0.10685,836,0.1128,0.0,B,-,team att 31.2; ypa 6.01; opp d_ypa 0.86; pass rate 56.2%,1.0,PLAYED (final score in nflverse)
Justin Herbert,LAC,SEA,QB,LAC@SEA,first_td,0.023172614746364745,4215,0.1128,0.0,B,-,team att 31.2; ypa 6.01; opp d_ypa 0.86; pass rate 56.2%,1.0,PLAYED (final score in nflverse)
Justin Herbert,LAC,SEA,QB,LAC@SEA,last_td,0.023172614746364745,4215,0.1128,0.0,B,-,team att 31.2; ypa 6.01; opp d_ypa 0.86; pass rate 56.2%,1.0,PLAYED (final score in nflverse)
Justin Herbert,LAC,SEA,QB,LAC@SEA,2plus_td,0.0058,17141,0.1128,0.0,B,-,team att 31.2; ypa 6.01; opp d_ypa 0.86; pass rate 56.2%,1.0,PLAYED (final score in nflverse)
Derius Davis,LAC,SEA,WR,LAC@SEA,anytime_td,0.01855,5291,0.0,0.01865,C,-,w_td 0.01; team TD 1.72,1.0,PLAYED (final score in nflverse)
Derius Davis,LAC,SEA,WR,LAC@SEA,first_td,0.003932622655122655,25328,0.0,0.01865,C,-,w_td 0.01; team TD 1.72,1.0,PLAYED (final score in nflverse)
Derius Davis,LAC,SEA,WR,LAC@SEA,last_td,0.003932622655122655,25328,0.0,0.01865,C,-,w_td 0.01; team TD 1.72,1.0,PLAYED (final score in nflverse)
Derius Davis,LAC,SEA,WR,LAC@SEA,2plus_td,0.0001,999900,0.0,0.01865,C,-,w_td 0.01; team TD 1.72,1.0,PLAYED (final score in nflverse)
Oronde Gadsden II,LAC,SEA,TE,LAC@SEA,anytime_td,0.1838,444,0.003,0.19675,C,-,tgt_sh 11.7%; team att 31.2; opp DvP 0.91; RZ tgt 2,1.0,PLAYED (final score in nflverse)
Oronde Gadsden II,LAC,SEA,TE,LAC@SEA,first_td,0.041655252525252526,2301,0.003,0.19675,C,-,tgt_sh 11.7%; team att 31.2; opp DvP 0.91; RZ tgt 2,1.0,PLAYED (final score in nflverse)
Oronde Gadsden II,LAC,SEA,TE,LAC@SEA,last_td,0.041655252525252526,2301,0.003,0.19675,C,-,tgt_sh 11.7%; team att 31.2; opp DvP 0.91; RZ tgt 2,1.0,PLAYED (final score in nflverse)
Oronde Gadsden II,LAC,SEA,TE,LAC@SEA,2plus_td,0.01525,6457,0.003,0.19675,C,-,tgt_sh 11.7%; team att 31.2; opp DvP 0.91; RZ tgt 2,1.0,PLAYED (final score in nflverse)
Omarion Hampton,LAC,SEA,RB,LAC@SEA,anytime_td,0.32325,209,0.32005,0.0652,B,-,tgt_sh 5.6%; team att 31.2; opp DvP 1.03; RZ tgt 0; car_sh 49.7%; team rush 27.0; opp d_ypc 0.93; inside-10 car 5,1.0,PLAYED (final score in nflverse)
Omarion Hampton,LAC,SEA,RB,LAC@SEA,first_td,0.08116611638361639,1132,0.32005,0.0652,B,-,tgt_sh 5.6%; team att 31.2; opp DvP 1.03; RZ tgt 0; car_sh 49.7%; team rush 27.0; opp d_ypc 0.93; inside-10 car 5,1.0,PLAYED (final score in nflverse)
Omarion Hampton,LAC,SEA,RB,LAC@SEA,last_td,0.08116611638361639,1132,0.32005,0.0652,B,-,tgt_sh 5.6%; team att 31.2; opp DvP 1.03; RZ tgt 0; car_sh 49.7%; team rush 27.0; opp d_ypc 0.93; inside-10 car 5,1.0,PLAYED (final score in nflverse)
Omarion Hampton,LAC,SEA,RB,LAC@SEA,2plus_td,0.05665,1665,0.32005,0.0652,B,-,tgt_sh 5.6%; team att 31.2; opp DvP 1.03; RZ tgt 0; car_sh 49.7%; team rush 27.0; opp d_ypc 0.93; inside-10 car 5,1.0,PLAYED (final score in nflverse)
Tre Harris,LAC,SEA,WR,LAC@SEA,anytime_td,0.2215,351,0.0,0.24995,B,-,tgt_sh 12.9%; team att 31.2; opp DvP 1.01; RZ tgt 3,1.0,PLAYED (final score in nflverse)
Tre Harris,LAC,SEA,WR,LAC@SEA,first_td,0.05119372460872461,1853,0.0,0.24995,B,-,tgt_sh 12.9%; team att 31.2; opp DvP 1.01; RZ tgt 3,1.0,PLAYED (final score in nflverse)
Tre Harris,LAC,SEA,WR,LAC@SEA,last_td,0.05119372460872461,1853,0.0,0.24995,B,-,tgt_sh 12.9%; team att 31.2; opp DvP 1.01; RZ tgt 3,1.0,PLAYED (final score in nflverse)
Tre Harris,LAC,SEA,WR,LAC@SEA,2plus_td,0.0269,3617,0.0,0.24995,B,-,tgt_sh 12.9%; team att 31.2; opp DvP 1.01; RZ tgt 3,1.0,PLAYED (final score in nflverse)
Alec Ingold,LAC,SEA,RB,LAC@SEA,anytime_td,0.05975,1574,0.0,0.06085,C,-,w_td 0.04; team TD 1.72,1.0,PLAYED (final score in nflverse)
Alec Ingold,LAC,SEA,RB,LAC@SEA,first_td,0.012757631673881673,7738,0.0,0.06085,C,-,w_td 0.04; team TD 1.72,1.0,PLAYED (final score in nflverse)
Alec Ingold,LAC,SEA,RB,LAC@SEA,last_td,0.012757631673881673,7738,0.0,0.06085,C,-,w_td 0.04; team TD 1.72,1.0,PLAYED (final score in nflverse)
Alec Ingold,LAC,SEA,RB,LAC@SEA,2plus_td,0.0011,90809,0.0,0.06085,C,-,w_td 0.04; team TD 1.72,1.0,PLAYED (final score in nflverse)
Quentin Johnston,LAC,SEA,WR,LAC@SEA,anytime_td,0.1713,484,0.00525,0.18095,B,-,tgt_sh 15.4%; team att 31.2; opp DvP 1.01; RZ tgt 0,1.0,PLAYED (final score in nflverse)
Quentin Johnston,LAC,SEA,WR,LAC@SEA,first_td,0.03820924242424242,2517,0.00525,0.18095,B,-,tgt_sh 15.4%; team att 31.2; opp DvP 1.01; RZ tgt 0,1.0,PLAYED (final score in nflverse)
Quentin Johnston,LAC,SEA,WR,LAC@SEA,last_td,0.03820924242424242,2517,0.00525,0.18095,B,-,tgt_sh 15.4%; team att 31.2; opp DvP 1.01; RZ tgt 0,1.0,PLAYED (final score in nflverse)
Quentin Johnston,LAC,SEA,WR,LAC@SEA,2plus_td,0.01385,7120,0.00525,0.18095,B,-,tgt_sh 15.4%; team att 31.2; opp DvP 1.01; RZ tgt 0,1.0,PLAYED (final score in nflverse)
Ladd McConkey,LAC,SEA,WR,LAC@SEA,anytime_td,0.20297179061698598,393,0.0,0.22484537637652738,C,Questionable (Limited),tgt_sh 15.0%; team att 31.2; opp DvP 1.01; RZ tgt 2,0.6667342299285288,PLAYED (final score in nflverse)
Ladd McConkey,LAC,SEA,WR,LAC@SEA,first_td,0.04603170333295541,2072,0.0,0.22484537637652738,C,Questionable (Limited),tgt_sh 15.0%; team att 31.2; opp DvP 1.01; RZ tgt 2,0.6667342299285288,PLAYED (final score in nflverse)
Ladd McConkey,LAC,SEA,WR,LAC@SEA,last_td,0.04603170333295541,2072,0.0,0.22484537637652738,C,Questionable (Limited),tgt_sh 15.0%; team att 31.2; opp DvP 1.01; RZ tgt 2,0.6667342299285288,PLAYED (final score in nflverse)
Ladd McConkey,LAC,SEA,WR,LAC@SEA,2plus_td,0.020365062603710966,4810,0.0,0.22484537637652738,C,Questionable (Limited),tgt_sh 15.0%; team att 31.2; opp DvP 1.01; RZ tgt 2,0.6667342299285288,PLAYED (final score in nflverse)
Keaton Mitchell,LAC,SEA,RB,LAC@SEA,anytime_td,0.19430732065959458,415,0.11569162903056401,0.09731120680600777,B,no game designation yet (Full),tgt_sh 5.6%; team att 31.2; opp DvP 1.03; RZ tgt 1; car_sh 20.9%; team rush 27.0; opp d_ypc 0.93; inside-10 car 1,0.9508674235277402,PLAYED (final score in nflverse)
Keaton Mitchell,LAC,SEA,RB,LAC@SEA,first_td,0.0446872729261659,2138,0.11569162903056401,0.09731120680600777,B,no game designation yet (Full),tgt_sh 5.6%; team att 31.2; opp DvP 1.03; RZ tgt 1; car_sh 20.9%; team rush 27.0; opp d_ypc 0.93; inside-10 car 1,0.9508674235277402,PLAYED (final score in nflverse)
Keaton Mitchell,LAC,SEA,RB,LAC@SEA,last_td,0.0446872729261659,2138,0.11569162903056401,0.09731120680600777,B,no game designation yet (Full),tgt_sh 5.6%; team att 31.2; opp DvP 1.03; RZ tgt 1; car_sh 20.9%; team rush 27.0; opp d_ypc 0.93; inside-10 car 1,0.9508674235277402,PLAYED (final score in nflverse)
Keaton Mitchell,LAC,SEA,RB,LAC@SEA,2plus_td,0.017750236319714317,5534,0.11569162903056401,0.09731120680600777,B,no game designation yet (Full),tgt_sh 5.6%; team att 31.2; opp DvP 1.03; RZ tgt 1; car_sh 20.9%; team rush 27.0; opp d_ypc 0.93; inside-10 car 1,0.9508674235277402,PLAYED (final score in nflverse)
Marquez Valdes-Scantling,LAC,SEA,WR,LAC@SEA,anytime_td,0.0421,2275,0.0,0.04305,C,-,tgt_sh 3.6%; team att 31.2; opp DvP 1.01; RZ tgt 0,1.0,PLAYED (final score in nflverse)
Marquez Valdes-Scantling,LAC,SEA,WR,LAC@SEA,first_td,0.008696021478521478,11400,0.0,0.04305,C,-,tgt_sh 3.6%; team att 31.2; opp DvP 1.01; RZ tgt 0,1.0,PLAYED (final score in nflverse)
Marquez Valdes-Scantling,LAC,SEA,WR,LAC@SEA,last_td,0.008696021478521478,11400,0.0,0.04305,C,-,tgt_sh 3.6%; team att 31.2; opp DvP 1.01; RZ tgt 0,1.0,PLAYED (final score in nflverse)
Marquez Valdes-Scantling,LAC,SEA,WR,LAC@SEA,2plus_td,0.00095,105163,0.0,0.04305,C,-,tgt_sh 3.6%; team att 31.2; opp DvP 1.01; RZ tgt 0,1.0,PLAYED (final score in nflverse)
Kimani Vidal,LAC,SEA,RB,LAC@SEA,anytime_td,0.09395,964,0.0493,0.04895,C,-,tgt_sh 4.0%; team att 31.2; opp DvP 1.03; RZ tgt 0; car_sh 9.5%; team rush 27.0; opp d_ypc 0.93; inside-10 car 0,1.0,PLAYED (final score in nflverse)
Kimani Vidal,LAC,SEA,RB,LAC@SEA,first_td,0.020723358585858585,4725,0.0493,0.04895,C,-,tgt_sh 4.0%; team att 31.2; opp DvP 1.03; RZ tgt 0; car_sh 9.5%; team rush 27.0; opp d_ypc 0.93; inside-10 car 0,1.0,PLAYED (final score in nflverse)
Kimani Vidal,LAC,SEA,RB,LAC@SEA,last_td,0.020723358585858585,4725,0.0493,0.04895,C,-,tgt_sh 4.0%; team att 31.2; opp DvP 1.03; RZ tgt 0; car_sh 9.5%; team rush 27.0; opp d_ypc 0.93; inside-10 car 0,1.0,PLAYED (final score in nflverse)
Kimani Vidal,LAC,SEA,RB,LAC@SEA,2plus_td,0.0041,24290,0.0493,0.04895,C,-,tgt_sh 4.0%; team att 31.2; opp DvP 1.03; RZ tgt 0; car_sh 9.5%; team rush 27.0; opp d_ypc 0.93; inside-10 car 0,1.0,PLAYED (final score in nflverse)
Sam Darnold,SEA,LAC,QB,LAC@SEA,anytime_td,0.04385,2181,0.0446,0.0,B,-,team att 30.2; ypa 8.35; opp d_ypa 1.06; pass rate 52.1%,1.0,PLAYED (final score in nflverse)
Sam Darnold,SEA,LAC,QB,LAC@SEA,first_td,0.010060602453102453,9840,0.0446,0.0,B,-,team att 30.2; ypa 8.35; opp d_ypa 1.06; pass rate 52.1%,1.0,PLAYED (final score in nflverse)
Sam Darnold,SEA,LAC,QB,LAC@SEA,last_td,0.010060602453102453,9840,0.0446,0.0,B,-,team att 30.2; ypa 8.35; opp d_ypa 1.06; pass rate 52.1%,1.0,PLAYED (final score in nflverse)
Sam Darnold,SEA,LAC,QB,LAC@SEA,2plus_td,0.00075,133233,0.0446,0.0,B,-,team att 30.2; ypa 8.35; opp d_ypa 1.06; pass rate 52.1%,1.0,PLAYED (final score in nflverse)
Elijah Arroyo,SEA,LAC,TE,LAC@SEA,anytime_td,0.0398,2413,0.0,0.04085,C,-,w_td 0.02; team TD 2.77,1.0,PLAYED (final score in nflverse)
Elijah Arroyo,SEA,LAC,TE,LAC@SEA,first_td,0.008747267871017872,11332,0.0,0.04085,C,-,w_td 0.02; team TD 2.77,1.0,PLAYED (final score in nflverse)
Elijah Arroyo,SEA,LAC,TE,LAC@SEA,last_td,0.008747267871017872,11332,0.0,0.04085,C,-,w_td 0.02; team TD 2.77,1.0,PLAYED (final score in nflverse)
Elijah Arroyo,SEA,LAC,TE,LAC@SEA,2plus_td,0.001,99900,0.0,0.04085,C,-,w_td 0.02; team TD 2.77,1.0,PLAYED (final score in nflverse)
AJ Barner,SEA,LAC,TE,LAC@SEA,anytime_td,0.29255,242,0.02905,0.30955,B,-,tgt_sh 13.4%; team att 30.2; opp DvP 0.92; RZ tgt 4,1.0,PLAYED (final score in nflverse)
AJ Barner,SEA,LAC,TE,LAC@SEA,first_td,0.0724224716949717,1281,0.02905,0.30955,B,-,tgt_sh 13.4%; team att 30.2; opp DvP 0.92; RZ tgt 4,1.0,PLAYED (final score in nflverse)
AJ Barner,SEA,LAC,TE,LAC@SEA,last_td,0.0724224716949717,1281,0.02905,0.30955,B,-,tgt_sh 13.4%; team att 30.2; opp DvP 0.92; RZ tgt 4,1.0,PLAYED (final score in nflverse)
AJ Barner,SEA,LAC,TE,LAC@SEA,2plus_td,0.04205,2278,0.02905,0.30955,B,-,tgt_sh 13.4%; team att 30.2; opp DvP 0.92; RZ tgt 4,1.0,PLAYED (final score in nflverse)
George Holani,SEA,LAC,RB,LAC@SEA,anytime_td,0.29992960579243766,233,0.25065366049879323,0.10061343523732905,B,no game designation yet (Limited),tgt_sh 4.7%; team att 30.2; opp DvP 0.99; RZ tgt 1; car_sh 17.8%; team rush 29.6; opp d_ypc 0.94; inside-10 car 3,0.9951309141019752,PLAYED (final score in nflverse)
George Holani,SEA,LAC,RB,LAC@SEA,first_td,0.07557763772943779,1223,0.25065366049879323,0.10061343523732905,B,no game designation yet (Limited),tgt_sh 4.7%; team att 30.2; opp DvP 0.99; RZ tgt 1; car_sh 17.8%; team rush 29.6; opp d_ypc 0.94; inside-10 car 3,0.9951309141019752,PLAYED (final score in nflverse)
George Holani,SEA,LAC,RB,LAC@SEA,last_td,0.07557763772943779,1223,0.25065366049879323,0.10061343523732905,B,no game designation yet (Limited),tgt_sh 4.7%; team att 30.2; opp DvP 0.99; RZ tgt 1; car_sh 17.8%; team rush 29.6; opp d_ypc 0.94; inside-10 car 3,0.9951309141019752,PLAYED (final score in nflverse)
George Holani,SEA,LAC,RB,LAC@SEA,2plus_td,0.04605792437650845,2071,0.25065366049879323,0.10061343523732905,B,no game designation yet (Limited),tgt_sh 4.7%; team att 30.2; opp DvP 0.99; RZ tgt 1; car_sh 17.8%; team rush 29.6; opp d_ypc 0.94; inside-10 car 3,0.9951309141019752,PLAYED (final score in nflverse)
Tory Horton,SEA,LAC,WR,LAC@SEA,anytime_td,0.08165,1125,0.0,0.0847,C,-,tgt_sh 6.1%; team att 30.2; opp DvP 0.88; RZ tgt 0,1.0,PLAYED (final score in nflverse)
Tory Horton,SEA,LAC,WR,LAC@SEA,first_td,0.017730176767676766,5540,0.0,0.0847,C,-,tgt_sh 6.1%; team att 30.2; opp DvP 0.88; RZ tgt 0,1.0,PLAYED (final score in nflverse)
Tory Horton,SEA,LAC,WR,LAC@SEA,last_td,0.017730176767676766,5540,0.0,0.0847,C,-,tgt_sh 6.1%; team att 30.2; opp DvP 0.88; RZ tgt 0,1.0,PLAYED (final score in nflverse)
Tory Horton,SEA,LAC,WR,LAC@SEA,2plus_td,0.003,33233,0.0,0.0847,C,-,tgt_sh 6.1%; team att 30.2; opp DvP 0.88; RZ tgt 0,1.0,PLAYED (final score in nflverse)
Cooper Kupp,SEA,LAC,WR,LAC@SEA,anytime_td,0.17355,476,0.0,0.1893,C,-,tgt_sh 11.6%; team att 30.2; opp DvP 0.88; RZ tgt 1,1.0,PLAYED (final score in nflverse)
Cooper Kupp,SEA,LAC,WR,LAC@SEA,first_td,0.0401159385059385,2393,0.0,0.1893,C,-,tgt_sh 11.6%; team att 30.2; opp DvP 0.88; RZ tgt 1,1.0,PLAYED (final score in nflverse)
Cooper Kupp,SEA,LAC,WR,LAC@SEA,last_td,0.0401159385059385,2393,0.0,0.1893,C,-,tgt_sh 11.6%; team att 30.2; opp DvP 0.88; RZ tgt 1,1.0,PLAYED (final score in nflverse)
Cooper Kupp,SEA,LAC,WR,LAC@SEA,2plus_td,0.0148,6657,0.0,0.1893,C,-,tgt_sh 11.6%; team att 30.2; opp DvP 0.88; RZ tgt 1,1.0,PLAYED (final score in nflverse)
Brady Russell,SEA,LAC,RB,LAC@SEA,anytime_td,0.02115,4628,0.0,0.0215,C,-,w_td 0.01; team TD 2.77,1.0,PLAYED (final score in nflverse)
Brady Russell,SEA,LAC,RB,LAC@SEA,first_td,0.004487003968253968,22187,0.0,0.0215,C,-,w_td 0.01; team TD 2.77,1.0,PLAYED (final score in nflverse)
Brady Russell,SEA,LAC,RB,LAC@SEA,last_td,0.004487003968253968,22187,0.0,0.0215,C,-,w_td 0.01; team TD 2.77,1.0,PLAYED (final score in nflverse)
Brady Russell,SEA,LAC,RB,LAC@SEA,2plus_td,0.00035,285614,0.0,0.0215,C,-,w_td 0.01; team TD 2.77,1.0,PLAYED (final score in nflverse)
Eric Saubert,SEA,LAC,TE,LAC@SEA,anytime_td,0.0861,1061,0.0,0.08985,C,-,w_td 0.05; team TD 2.77,1.0,PLAYED (final score in nflverse)
Eric Saubert,SEA,LAC,TE,LAC@SEA,first_td,0.018854490093240094,5204,0.0,0.08985,C,-,w_td 0.05; team TD 2.77,1.0,PLAYED (final score in nflverse)
Eric Saubert,SEA,LAC,TE,LAC@SEA,last_td,0.018854490093240094,5204,0.0,0.08985,C,-,w_td 0.05; team TD 2.77,1.0,PLAYED (final score in nflverse)
Eric Saubert,SEA,LAC,TE,LAC@SEA,2plus_td,0.0037,26927,0.0,0.08985,C,-,w_td 0.05; team TD 2.77,1.0,PLAYED (final score in nflverse)
Rashid Shaheed,SEA,LAC,WR,LAC@SEA,anytime_td,0.18123386544439177,452,0.011853959222380275,0.185712027817291,C,no game designation yet (Full),tgt_sh 13.8%; team att 30.2; opp DvP 0.88; RZ tgt 0,0.9479829842591244,PLAYED (final score in nflverse)
Rashid Shaheed,SEA,LAC,WR,LAC@SEA,first_td,0.04168642896713072,2299,0.011853959222380275,0.185712027817291,C,no game designation yet (Full),tgt_sh 13.8%; team att 30.2; opp DvP 0.88; RZ tgt 0,0.9479829842591244,PLAYED (final score in nflverse)
Rashid Shaheed,SEA,LAC,WR,LAC@SEA,last_td,0.04168642896713072,2299,0.011853959222380275,0.185712027817291,C,no game designation yet (Full),tgt_sh 13.8%; team att 30.2; opp DvP 0.88; RZ tgt 0,0.9479829842591244,PLAYED (final score in nflverse)
Rashid Shaheed,SEA,LAC,WR,LAC@SEA,2plus_td,0.015541857647120806,6334,0.011853959222380275,0.185712027817291,C,no game designation yet (Full),tgt_sh 13.8%; team att 30.2; opp DvP 0.88; RZ tgt 0,0.9479829842591244,PLAYED (final score in nflverse)
Jaxon Smith-Njigba,SEA,LAC,WR,LAC@SEA,anytime_td,0.5142,-106,0.0,0.70015,B,-,tgt_sh 31.2%; team att 30.2; opp DvP 0.88; RZ tgt 9,1.0,PLAYED (final score in nflverse)
Jaxon Smith-Njigba,SEA,LAC,WR,LAC@SEA,first_td,0.14900381368631369,571,0.0,0.70015,B,-,tgt_sh 31.2%; team att 30.2; opp DvP 0.88; RZ tgt 9,1.0,PLAYED (final score in nflverse)
Jaxon Smith-Njigba,SEA,LAC,WR,LAC@SEA,last_td,0.14900381368631369,571,0.0,0.70015,B,-,tgt_sh 31.2%; team att 30.2; opp DvP 0.88; RZ tgt 9,1.0,PLAYED (final score in nflverse)
Jaxon Smith-Njigba,SEA,LAC,WR,LAC@SEA,2plus_td,0.15285,554,0.0,0.70015,B,-,tgt_sh 31.2%; team att 30.2; opp DvP 0.88; RZ tgt 9,1.0,PLAYED (final score in nflverse)
Emanuel Wilson,SEA,LAC,RB,LAC@SEA,anytime_td,0.4834,107,0.5506,0.0966,B,-,tgt_sh 4.3%; team att 30.2; opp DvP 0.99; RZ tgt 1; car_sh 38.5%; team rush 29.6; opp d_ypc 0.94; inside-10 car 7,1.0,PLAYED (final score in nflverse)
Emanuel Wilson,SEA,LAC,RB,LAC@SEA,first_td,0.13848667596292594,622,0.5506,0.0966,B,-,tgt_sh 4.3%; team att 30.2; opp DvP 0.99; RZ tgt 1; car_sh 38.5%; team rush 29.6; opp d_ypc 0.94; inside-10 car 7,1.0,PLAYED (final score in nflverse)
Emanuel Wilson,SEA,LAC,RB,LAC@SEA,last_td,0.13848667596292594,622,0.5506,0.0966,B,-,tgt_sh 4.3%; team att 30.2; opp DvP 0.99; RZ tgt 1; car_sh 38.5%; team rush 29.6; opp d_ypc 0.94; inside-10 car 7,1.0,PLAYED (final score in nflverse)
Emanuel Wilson,SEA,LAC,RB,LAC@SEA,2plus_td,0.13535,639,0.5506,0.0966,B,-,tgt_sh 4.3%; team att 30.2; opp DvP 0.99; RZ tgt 1; car_sh 38.5%; team rush 29.6; opp d_ypc 0.94; inside-10 car 7,1.0,PLAYED (final score in nflverse)
Bo Nix,DEN,SF,QB,DEN@SF,anytime_td,0.1428,600,0.15395,0.0,B,-,team att 35.9; ypa 6.11; opp d_ypa 0.90; pass rate 60.4%,1.0,PLAYED (final score in nflverse)
Bo Nix,DEN,SF,QB,DEN@SF,first_td,0.027105969030969033,3589,0.15395,0.0,B,-,team att 35.9; ypa 6.11; opp d_ypa 0.90; pass rate 60.4%,1.0,PLAYED (final score in nflverse)
Bo Nix,DEN,SF,QB,DEN@SF,last_td,0.027105969030969033,3589,0.15395,0.0,B,-,team att 35.9; ypa 6.11; opp d_ypa 0.90; pass rate 60.4%,1.0,PLAYED (final score in nflverse)
Bo Nix,DEN,SF,QB,DEN@SF,2plus_td,0.01075,9202,0.15395,0.0,B,-,team att 35.9; ypa 6.11; opp d_ypa 0.90; pass rate 60.4%,1.0,PLAYED (final score in nflverse)
Nate Adkins,DEN,SF,TE,DEN@SF,anytime_td,0.125,700,0.00545,0.12775,C,-,w_td 0.08; team TD 2.51,1.0,PLAYED (final score in nflverse)
Nate Adkins,DEN,SF,TE,DEN@SF,first_td,0.022880129037629038,4271,0.00545,0.12775,C,-,w_td 0.08; team TD 2.51,1.0,PLAYED (final score in nflverse)
Nate Adkins,DEN,SF,TE,DEN@SF,last_td,0.022880129037629038,4271,0.00545,0.12775,C,-,w_td 0.08; team TD 2.51,1.0,PLAYED (final score in nflverse)
Nate Adkins,DEN,SF,TE,DEN@SF,2plus_td,0.00795,12479,0.00545,0.12775,C,-,w_td 0.08; team TD 2.51,1.0,PLAYED (final score in nflverse)
Tyler Badie,DEN,SF,RB,DEN@SF,anytime_td,0.14345,597,0.0316,0.1227,C,-,tgt_sh 4.6%; team att 35.9; opp DvP 1.09; RZ tgt 2,1.0,PLAYED (final score in nflverse)
Tyler Badie,DEN,SF,RB,DEN@SF,first_td,0.02667534312909313,3649,0.0316,0.1227,C,-,tgt_sh 4.6%; team att 35.9; opp DvP 1.09; RZ tgt 2,1.0,PLAYED (final score in nflverse)
Tyler Badie,DEN,SF,RB,DEN@SF,last_td,0.02667534312909313,3649,0.0316,0.1227,C,-,tgt_sh 4.6%; team att 35.9; opp DvP 1.09; RZ tgt 2,1.0,PLAYED (final score in nflverse)
Tyler Badie,DEN,SF,RB,DEN@SF,2plus_td,0.01045,9469,0.0316,0.1227,C,-,tgt_sh 4.6%; team att 35.9; opp DvP 1.09; RZ tgt 2,1.0,PLAYED (final score in nflverse)
Pat Bryant,DEN,SF,WR,DEN@SF,anytime_td,0.11805,747,0.0066,0.1181,C,-,tgt_sh 7.9%; team att 35.9; opp DvP 0.96; RZ tgt 1,1.0,PLAYED (final score in nflverse)
Pat Bryant,DEN,SF,WR,DEN@SF,first_td,0.02130234584859585,4594,0.0066,0.1181,C,-,tgt_sh 7.9%; team att 35.9; opp DvP 0.96; RZ tgt 1,1.0,PLAYED (final score in nflverse)
Pat Bryant,DEN,SF,WR,DEN@SF,last_td,0.02130234584859585,4594,0.0066,0.1181,C,-,tgt_sh 7.9%; team att 35.9; opp DvP 0.96; RZ tgt 1,1.0,PLAYED (final score in nflverse)
Pat Bryant,DEN,SF,WR,DEN@SF,2plus_td,0.0065,15285,0.0066,0.1181,C,-,tgt_sh 7.9%; team att 35.9; opp DvP 0.96; RZ tgt 1,1.0,PLAYED (final score in nflverse)
J.K. Dobbins,DEN,SF,RB,DEN@SF,anytime_td,0.4056926395538486,146,0.47324669858473195,0.035408007576156156,B,no game designation yet (Full),car_sh 44.1%; team rush 24.3; opp d_ypc 0.94; inside-10 car 5,0.9508674235277402,PLAYED (final score in nflverse)
J.K. Dobbins,DEN,SF,RB,DEN@SF,first_td,0.08941487769288053,1018,0.47324669858473195,0.035408007576156156,B,no game designation yet (Full),car_sh 44.1%; team rush 24.3; opp d_ypc 0.94; inside-10 car 5,0.9508674235277402,PLAYED (final score in nflverse)
J.K. Dobbins,DEN,SF,RB,DEN@SF,last_td,0.08941487769288053,1018,0.47324669858473195,0.035408007576156156,B,no game designation yet (Full),car_sh 44.1%; team rush 24.3; opp d_ypc 0.94; inside-10 car 5,0.9508674235277402,PLAYED (final score in nflverse)
J.K. Dobbins,DEN,SF,RB,DEN@SF,2plus_td,0.08859893723365075,1029,0.47324669858473195,0.035408007576156156,B,no game designation yet (Full),car_sh 44.1%; team rush 24.3; opp d_ypc 0.94; inside-10 car 5,0.9508674235277402,PLAYED (final score in nflverse)
Evan Engram,DEN,SF,TE,DEN@SF,anytime_td,0.1585,531,0.0,0.17085,C,-,tgt_sh 10.7%; team att 35.9; opp DvP 1.04; RZ tgt 1,1.0,PLAYED (final score in nflverse)
Evan Engram,DEN,SF,TE,DEN@SF,first_td,0.029659141136641136,3272,0.0,0.17085,C,-,tgt_sh 10.7%; team att 35.9; opp DvP 1.04; RZ tgt 1,1.0,PLAYED (final score in nflverse)
Evan Engram,DEN,SF,TE,DEN@SF,last_td,0.029659141136641136,3272,0.0,0.17085,C,-,tgt_sh 10.7%; team att 35.9; opp DvP 1.04; RZ tgt 1,1.0,PLAYED (final score in nflverse)
Evan Engram,DEN,SF,TE,DEN@SF,2plus_td,0.01175,8411,0.0,0.17085,C,-,tgt_sh 10.7%; team att 35.9; opp DvP 1.04; RZ tgt 1,1.0,PLAYED (final score in nflverse)
Troy Franklin,DEN,SF,WR,DEN@SF,anytime_td,0.1221,719,0.00805,0.12075,C,-,tgt_sh 7.6%; team att 35.9; opp DvP 0.96; RZ tgt 1,1.0,PLAYED (final score in nflverse)
Troy Franklin,DEN,SF,WR,DEN@SF,first_td,0.022268888195138194,4391,0.00805,0.12075,C,-,tgt_sh 7.6%; team att 35.9; opp DvP 0.96; RZ tgt 1,1.0,PLAYED (final score in nflverse)
Troy Franklin,DEN,SF,WR,DEN@SF,last_td,0.022268888195138194,4391,0.00805,0.12075,C,-,tgt_sh 7.6%; team att 35.9; opp DvP 0.96; RZ tgt 1,1.0,PLAYED (final score in nflverse)
Troy Franklin,DEN,SF,WR,DEN@SF,2plus_td,0.00655,15167,0.00805,0.12075,C,-,tgt_sh 7.6%; team att 35.9; opp DvP 0.96; RZ tgt 1,1.0,PLAYED (final score in nflverse)
RJ Harvey,DEN,SF,RB,DEN@SF,anytime_td,0.3459,189,0.17085,0.24535,B,-,tgt_sh 13.7%; team att 35.9; opp DvP 1.09; RZ tgt 2; car_sh 20.1%; team rush 24.3; opp d_ypc 0.94; inside-10 car 0,1.0,PLAYED (final score in nflverse)
RJ Harvey,DEN,SF,RB,DEN@SF,first_td,0.07197697122322122,1289,0.17085,0.24535,B,-,tgt_sh 13.7%; team att 35.9; opp DvP 1.09; RZ tgt 2; car_sh 20.1%; team rush 24.3; opp d_ypc 0.94; inside-10 car 0,1.0,PLAYED (final score in nflverse)
RJ Harvey,DEN,SF,RB,DEN@SF,last_td,0.07197697122322122,1289,0.17085,0.24535,B,-,tgt_sh 13.7%; team att 35.9; opp DvP 1.09; RZ tgt 2; car_sh 20.1%; team rush 24.3; opp d_ypc 0.94; inside-10 car 0,1.0,PLAYED (final score in nflverse)
RJ Harvey,DEN,SF,RB,DEN@SF,2plus_td,0.06305,1486,0.17085,0.24535,B,-,tgt_sh 13.7%; team att 35.9; opp DvP 1.09; RZ tgt 2; car_sh 20.1%; team rush 24.3; opp d_ypc 0.94; inside-10 car 0,1.0,PLAYED (final score in nflverse)
Lil'Jordan Humphrey,DEN,SF,WR,DEN@SF,anytime_td,0.0572,1648,0.0,0.05905,C,-,tgt_sh 4.7%; team att 35.9; opp DvP 0.96; RZ tgt 0,1.0,PLAYED (final score in nflverse)
Lil'Jordan Humphrey,DEN,SF,WR,DEN@SF,first_td,0.010107577422577422,9794,0.0,0.05905,C,-,tgt_sh 4.7%; team att 35.9; opp DvP 0.96; RZ tgt 0,1.0,PLAYED (final score in nflverse)
Lil'Jordan Humphrey,DEN,SF,WR,DEN@SF,last_td,0.010107577422577422,9794,0.0,0.05905,C,-,tgt_sh 4.7%; team att 35.9; opp DvP 0.96; RZ tgt 0,1.0,PLAYED (final score in nflverse)
Lil'Jordan Humphrey,DEN,SF,WR,DEN@SF,2plus_td,0.00185,53954,0.0,0.05905,C,-,tgt_sh 4.7%; team att 35.9; opp DvP 0.96; RZ tgt 0,1.0,PLAYED (final score in nflverse)
Marvin Mims Jr.,DEN,SF,WR,DEN@SF,anytime_td,0.06742754957134592,1383,0.0,0.06995213801083469,C,no game designation yet (Full),tgt_sh 5.6%; team att 35.9; opp DvP 0.96; RZ tgt 0,0.9479829842591244,PLAYED (final score in nflverse)
Marvin Mims Jr.,DEN,SF,WR,DEN@SF,first_td,0.012031302352398444,8212,0.0,0.06995213801083469,C,no game designation yet (Full),tgt_sh 5.6%; team att 35.9; opp DvP 0.96; RZ tgt 0,0.9479829842591244,PLAYED (final score in nflverse)
Marvin Mims Jr.,DEN,SF,WR,DEN@SF,last_td,0.012031302352398444,8212,0.0,0.06995213801083469,C,no game designation yet (Full),tgt_sh 5.6%; team att 35.9; opp DvP 0.96; RZ tgt 0,0.9479829842591244,PLAYED (final score in nflverse)
Marvin Mims Jr.,DEN,SF,WR,DEN@SF,2plus_td,0.0024719928469994212,40353,0.0,0.06995213801083469,C,no game designation yet (Full),tgt_sh 5.6%; team att 35.9; opp DvP 0.96; RZ tgt 0,0.9479829842591244,PLAYED (final score in nflverse)
Courtland Sutton,DEN,SF,WR,DEN@SF,anytime_td,0.2875,248,0.0,0.3335,B,-,tgt_sh 15.2%; team att 35.9; opp DvP 0.96; RZ tgt 5,1.0,PLAYED (final score in nflverse)
Courtland Sutton,DEN,SF,WR,DEN@SF,first_td,0.05793597763347764,1626,0.0,0.3335,B,-,tgt_sh 15.2%; team att 35.9; opp DvP 0.96; RZ tgt 5,1.0,PLAYED (final score in nflverse)
Courtland Sutton,DEN,SF,WR,DEN@SF,last_td,0.05793597763347764,1626,0.0,0.3335,B,-,tgt_sh 15.2%; team att 35.9; opp DvP 0.96; RZ tgt 5,1.0,PLAYED (final score in nflverse)
Courtland Sutton,DEN,SF,WR,DEN@SF,2plus_td,0.0413,2321,0.0,0.3335,B,-,tgt_sh 15.2%; team att 35.9; opp DvP 0.96; RZ tgt 5,1.0,PLAYED (final score in nflverse)
Adam Trautman,DEN,SF,TE,DEN@SF,anytime_td,0.03455,2794,0.0,0.0352,C,-,w_td 0.02; team TD 2.51,1.0,PLAYED (final score in nflverse)
Adam Trautman,DEN,SF,TE,DEN@SF,first_td,0.0060026443001443,16559,0.0,0.0352,C,-,w_td 0.02; team TD 2.51,1.0,PLAYED (final score in nflverse)
Adam Trautman,DEN,SF,TE,DEN@SF,last_td,0.0060026443001443,16559,0.0,0.0352,C,-,w_td 0.02; team TD 2.51,1.0,PLAYED (final score in nflverse)
Adam Trautman,DEN,SF,TE,DEN@SF,2plus_td,0.00065,153746,0.0,0.0352,C,-,w_td 0.02; team TD 2.51,1.0,PLAYED (final score in nflverse)
Jaylen Waddle,DEN,SF,WR,DEN@SF,anytime_td,0.21291752414120627,370,0.005276766397551581,0.23286370112395124,C,no game designation yet (Full),tgt_sh 16.9%; team att 35.9; opp DvP 0.96; RZ tgt 1,0.9479829842591244,PLAYED (final score in nflverse)
Jaylen Waddle,DEN,SF,WR,DEN@SF,first_td,0.04097392004626451,2341,0.005276766397551581,0.23286370112395124,C,no game designation yet (Full),tgt_sh 16.9%; team att 35.9; opp DvP 0.96; RZ tgt 1,0.9479829842591244,PLAYED (final score in nflverse)
Jaylen Waddle,DEN,SF,WR,DEN@SF,last_td,0.04097392004626451,2341,0.005276766397551581,0.23286370112395124,C,no game designation yet (Full),tgt_sh 16.9%; team att 35.9; opp DvP 0.96; RZ tgt 1,0.9479829842591244,PLAYED (final score in nflverse)
Jaylen Waddle,DEN,SF,WR,DEN@SF,2plus_td,0.02374544878898211,4111,0.005276766397551581,0.23286370112395124,C,no game designation yet (Full),tgt_sh 16.9%; team att 35.9; opp DvP 0.96; RZ tgt 1,0.9479829842591244,PLAYED (final score in nflverse)
Brock Purdy,SF,DEN,QB,DEN@SF,anytime_td,0.1144,774,0.12045,0.0,B,-,team att 30.9; ypa 7.93; opp d_ypa 0.99; pass rate 51.0%,1.0,PLAYED (final score in nflverse)
Brock Purdy,SF,DEN,QB,DEN@SF,first_td,0.0212217538017538,4612,0.12045,0.0,B,-,team att 30.9; ypa 7.93; opp d_ypa 0.99; pass rate 51.0%,1.0,PLAYED (final score in nflverse)
Brock Purdy,SF,DEN,QB,DEN@SF,last_td,0.0212217538017538,4612,0.12045,0.0,B,-,team att 30.9; ypa 7.93; opp d_ypa 0.99; pass rate 51.0%,1.0,PLAYED (final score in nflverse)
Brock Purdy,SF,DEN,QB,DEN@SF,2plus_td,0.0058,17141,0.12045,0.0,B,-,team att 30.9; ypa 7.93; opp d_ypa 0.99; pass rate 51.0%,1.0,PLAYED (final score in nflverse)
Kaelon Black,SF,DEN,RB,DEN@SF,anytime_td,0.23175,331,0.23885,0.0236,B,-,car_sh 23.5%; team rush 30.4; opp d_ypc 1.08; inside-10 car 1,1.0,PLAYED (final score in nflverse)
Kaelon Black,SF,DEN,RB,DEN@SF,first_td,0.0462783442945943,2061,0.23885,0.0236,B,-,car_sh 23.5%; team rush 30.4; opp d_ypc 1.08; inside-10 car 1,1.0,PLAYED (final score in nflverse)
Kaelon Black,SF,DEN,RB,DEN@SF,last_td,0.0462783442945943,2061,0.23885,0.0236,B,-,car_sh 23.5%; team rush 30.4; opp d_ypc 1.08; inside-10 car 1,1.0,PLAYED (final score in nflverse)
Kaelon Black,SF,DEN,RB,DEN@SF,2plus_td,0.0284,3421,0.23885,0.0236,B,-,car_sh 23.5%; team rush 30.4; opp d_ypc 1.08; inside-10 car 1,1.0,PLAYED (final score in nflverse)
Brandin Cooks,SF,DEN,WR,DEN@SF,anytime_td,0.07055,1317,0.0,0.0729,C,-,tgt_sh 4.3%; team att 30.9; opp DvP 0.94; RZ tgt 0,1.0,PLAYED (final score in nflverse)
Brandin Cooks,SF,DEN,WR,DEN@SF,first_td,0.012681362248862248,7786,0.0,0.0729,C,-,tgt_sh 4.3%; team att 30.9; opp DvP 0.94; RZ tgt 0,1.0,PLAYED (final score in nflverse)
Brandin Cooks,SF,DEN,WR,DEN@SF,last_td,0.012681362248862248,7786,0.0,0.0729,C,-,tgt_sh 4.3%; team att 30.9; opp DvP 0.94; RZ tgt 0,1.0,PLAYED (final score in nflverse)
Brandin Cooks,SF,DEN,WR,DEN@SF,2plus_td,0.00225,44344,0.0,0.0729,C,-,tgt_sh 4.3%; team att 30.9; opp DvP 0.94; RZ tgt 0,1.0,PLAYED (final score in nflverse)
Jacob Cowing,SF,DEN,WR,DEN@SF,anytime_td,0.0405,2369,0.00525,0.03585,C,-,w_td 0.02; team TD 2.98,1.0,PLAYED (final score in nflverse)
Jacob Cowing,SF,DEN,WR,DEN@SF,first_td,0.007000459817959818,14185,0.00525,0.03585,C,-,w_td 0.02; team TD 2.98,1.0,PLAYED (final score in nflverse)
Jacob Cowing,SF,DEN,WR,DEN@SF,last_td,0.007000459817959818,14185,0.00525,0.03585,C,-,w_td 0.02; team TD 2.98,1.0,PLAYED (final score in nflverse)
Jacob Cowing,SF,DEN,WR,DEN@SF,2plus_td,0.0006,166567,0.00525,0.03585,C,-,w_td 0.02; team TD 2.98,1.0,PLAYED (final score in nflverse)
Mike Evans,SF,DEN,WR,DEN@SF,anytime_td,0.31706399939836055,215,0.0,0.3773783560201549,B,Questionable (Limited),tgt_sh 19.6%; team att 30.9; opp DvP 0.94; RZ tgt 2,0.6667342299285288,PLAYED (final score in nflverse)
Mike Evans,SF,DEN,WR,DEN@SF,first_td,0.06602905212742018,1414,0.0,0.3773783560201549,B,Questionable (Limited),tgt_sh 19.6%; team att 30.9; opp DvP 0.94; RZ tgt 2,0.6667342299285288,PLAYED (final score in nflverse)
Mike Evans,SF,DEN,WR,DEN@SF,last_td,0.06602905212742018,1414,0.0,0.3773783560201549,B,Questionable (Limited),tgt_sh 19.6%; team att 30.9; opp DvP 0.94; RZ tgt 2,0.6667342299285288,PLAYED (final score in nflverse)
Mike Evans,SF,DEN,WR,DEN@SF,2plus_td,0.05474919154696548,1727,0.0,0.3773783560201549,B,Questionable (Limited),tgt_sh 19.6%; team att 30.9; opp DvP 0.94; RZ tgt 2,0.6667342299285288,PLAYED (final score in nflverse)
Luke Farrell,SF,DEN,TE,DEN@SF,anytime_td,0.0317,3055,0.0,0.03225,C,-,w_td 0.02; team TD 2.98,1.0,PLAYED (final score in nflverse)
Luke Farrell,SF,DEN,TE,DEN@SF,first_td,0.005639752192252192,17631,0.0,0.03225,C,-,w_td 0.02; team TD 2.98,1.0,PLAYED (final score in nflverse)
Luke Farrell,SF,DEN,TE,DEN@SF,last_td,0.005639752192252192,17631,0.0,0.03225,C,-,w_td 0.02; team TD 2.98,1.0,PLAYED (final score in nflverse)
Luke Farrell,SF,DEN,TE,DEN@SF,2plus_td,0.00055,181718,0.0,0.03225,C,-,w_td 0.02; team TD 2.98,1.0,PLAYED (final score in nflverse)
Jordan James,SF,DEN,RB,DEN@SF,anytime_td,0.0773,1194,0.072,0.0084,C,-,car_sh 7.8%; team rush 30.4; opp d_ypc 1.08; inside-10 car 0,1.0,PLAYED (final score in nflverse)
Jordan James,SF,DEN,RB,DEN@SF,first_td,0.014213962148962148,6935,0.072,0.0084,C,-,car_sh 7.8%; team rush 30.4; opp d_ypc 1.08; inside-10 car 0,1.0,PLAYED (final score in nflverse)
Jordan James,SF,DEN,RB,DEN@SF,last_td,0.014213962148962148,6935,0.072,0.0084,C,-,car_sh 7.8%; team rush 30.4; opp d_ypc 1.08; inside-10 car 0,1.0,PLAYED (final score in nflverse)
Jordan James,SF,DEN,RB,DEN@SF,2plus_td,0.003,33233,0.072,0.0084,C,-,car_sh 7.8%; team rush 30.4; opp d_ypc 1.08; inside-10 car 0,1.0,PLAYED (final score in nflverse)
Kyle Juszczyk,SF,DEN,RB,DEN@SF,anytime_td,0.15585,542,0.0,0.16885,C,-,tgt_sh 4.8%; team att 30.9; opp DvP 1.06; RZ tgt 2,1.0,PLAYED (final score in nflverse)
Kyle Juszczyk,SF,DEN,RB,DEN@SF,first_td,0.02951449411699412,3288,0.0,0.16885,C,-,tgt_sh 4.8%; team att 30.9; opp DvP 1.06; RZ tgt 2,1.0,PLAYED (final score in nflverse)
Kyle Juszczyk,SF,DEN,RB,DEN@SF,last_td,0.02951449411699412,3288,0.0,0.16885,C,-,tgt_sh 4.8%; team att 30.9; opp DvP 1.06; RZ tgt 2,1.0,PLAYED (final score in nflverse)
Kyle Juszczyk,SF,DEN,RB,DEN@SF,2plus_td,0.0123,8030,0.0,0.16885,C,-,tgt_sh 4.8%; team att 30.9; opp DvP 1.06; RZ tgt 2,1.0,PLAYED (final score in nflverse)
George Kittle,SF,DEN,TE,DEN@SF,anytime_td,0.3981,151,0.0,0.493,B,-,tgt_sh 18.9%; team att 30.9; opp DvP 0.88; RZ tgt 5,1.0,PLAYED (final score in nflverse)
George Kittle,SF,DEN,TE,DEN@SF,first_td,0.08578825924075924,1066,0.0,0.493,B,-,tgt_sh 18.9%; team att 30.9; opp DvP 0.88; RZ tgt 5,1.0,PLAYED (final score in nflverse)
George Kittle,SF,DEN,TE,DEN@SF,last_td,0.08578825924075924,1066,0.0,0.493,B,-,tgt_sh 18.9%; team att 30.9; opp DvP 0.88; RZ tgt 5,1.0,PLAYED (final score in nflverse)
George Kittle,SF,DEN,TE,DEN@SF,2plus_td,0.08165,1125,0.0,0.493,B,-,tgt_sh 18.9%; team att 30.9; opp DvP 0.88; RZ tgt 5,1.0,PLAYED (final score in nflverse)
Christian McCaffrey,SF,DEN,RB,DEN@SF,anytime_td,0.6339168375124848,-173,0.5357199179940072,0.416968932345056,B,no game designation yet (Full),tgt_sh 17.1%; team att 30.9; opp DvP 1.06; RZ tgt 3; car_sh 43.4%; team rush 30.4; opp d_ypc 1.08; inside-10 car 6,0.9508674235277402,PLAYED (final score in nflverse)
Christian McCaffrey,SF,DEN,RB,DEN@SF,first_td,0.1673755730213702,497,0.5357199179940072,0.416968932345056,B,no game designation yet (Full),tgt_sh 17.1%; team att 30.9; opp DvP 1.06; RZ tgt 3; car_sh 43.4%; team rush 30.4; opp d_ypc 1.08; inside-10 car 6,0.9508674235277402,PLAYED (final score in nflverse)
Christian McCaffrey,SF,DEN,RB,DEN@SF,last_td,0.1673755730213702,497,0.5357199179940072,0.416968932345056,B,no game designation yet (Full),tgt_sh 17.1%; team att 30.9; opp DvP 1.06; RZ tgt 3; car_sh 43.4%; team rush 30.4; opp d_ypc 1.08; inside-10 car 6,0.9508674235277402,PLAYED (final score in nflverse)
Christian McCaffrey,SF,DEN,RB,DEN@SF,2plus_td,0.2428639015928087,312,0.5357199179940072,0.416968932345056,B,no game designation yet (Full),tgt_sh 17.1%; team att 30.9; opp DvP 1.06; RZ tgt 3; car_sh 43.4%; team rush 30.4; opp d_ypc 1.08; inside-10 car 6,0.9508674235277402,PLAYED (final score in nflverse)
Deebo Samuel Sr.,SF,DEN,WR,DEN@SF,anytime_td,0.32625,207,0.02515,0.36065,B,-,tgt_sh 14.9%; team att 30.9; opp DvP 0.94; RZ tgt 3,1.0,PLAYED (final score in nflverse)
Deebo Samuel Sr.,SF,DEN,WR,DEN@SF,first_td,0.06724859917859917,1387,0.02515,0.36065,B,-,tgt_sh 14.9%; team att 30.9; opp DvP 0.94; RZ tgt 3,1.0,PLAYED (final score in nflverse)
Deebo Samuel Sr.,SF,DEN,WR,DEN@SF,last_td,0.06724859917859917,1387,0.02515,0.36065,B,-,tgt_sh 14.9%; team att 30.9; opp DvP 0.94; RZ tgt 3,1.0,PLAYED (final score in nflverse)
Deebo Samuel Sr.,SF,DEN,WR,DEN@SF,2plus_td,0.0535,1769,0.02515,0.36065,B,-,tgt_sh 14.9%; team att 30.9; opp DvP 0.94; RZ tgt 3,1.0,PLAYED (final score in nflverse)
Jordan Watkins,SF,DEN,WR,DEN@SF,anytime_td,0.0572,1648,0.0,0.05815,C,-,w_td 0.03; team TD 2.98,1.0,PLAYED (final score in nflverse)
Jordan Watkins,SF,DEN,WR,DEN@SF,first_td,0.010198760128760129,9705,0.0,0.05815,C,-,w_td 0.03; team TD 2.98,1.0,PLAYED (final score in nflverse)
Jordan Watkins,SF,DEN,WR,DEN@SF,last_td,0.010198760128760129,9705,0.0,0.05815,C,-,w_td 0.03; team TD 2.98,1.0,PLAYED (final score in nflverse)
Jordan Watkins,SF,DEN,WR,DEN@SF,2plus_td,0.00095,105163,0.0,0.05815,C,-,w_td 0.03; team TD 2.98,1.0,PLAYED (final score in nflverse)
Jared Goff,DET,CAR,QB,DET@CAR,anytime_td,0.05665,1665,0.05815,0.0,B,-,team att 37.2; ypa 7.12; opp d_ypa 0.97; pass rate 60.7%,1.0,PLAYED (final score in nflverse)
Jared Goff,DET,CAR,QB,DET@CAR,first_td,0.009957033938283937,9943,0.05815,0.0,B,-,team att 37.2; ypa 7.12; opp d_ypa 0.97; pass rate 60.7%,1.0,PLAYED (final score in nflverse)
Jared Goff,DET,CAR,QB,DET@CAR,last_td,0.009957033938283937,9943,0.05815,0.0,B,-,team att 37.2; ypa 7.12; opp d_ypa 0.97; pass rate 60.7%,1.0,PLAYED (final score in nflverse)
Jared Goff,DET,CAR,QB,DET@CAR,2plus_td,0.00145,68866,0.05815,0.0,B,-,team att 37.2; ypa 7.12; opp d_ypa 0.97; pass rate 60.7%,1.0,PLAYED (final score in nflverse)
Jahmyr Gibbs,DET,CAR,RB,DET@CAR,anytime_td,0.79235,-382,1.13475,0.31605,B,-,tgt_sh 16.2%; team att 37.2; opp DvP 1.02; RZ tgt 5; car_sh 77.5%; team rush 25.3; opp d_ypc 1.17; inside-10 car 9,1.0,PLAYED (final score in nflverse)
Jahmyr Gibbs,DET,CAR,RB,DET@CAR,first_td,0.248814025974026,302,1.13475,0.31605,B,-,tgt_sh 16.2%; team att 37.2; opp DvP 1.02; RZ tgt 5; car_sh 77.5%; team rush 25.3; opp d_ypc 1.17; inside-10 car 9,1.0,PLAYED (final score in nflverse)
Jahmyr Gibbs,DET,CAR,RB,DET@CAR,last_td,0.248814025974026,302,1.13475,0.31605,B,-,tgt_sh 16.2%; team att 37.2; opp DvP 1.02; RZ tgt 5; car_sh 77.5%; team rush 25.3; opp d_ypc 1.17; inside-10 car 9,1.0,PLAYED (final score in nflverse)
Jahmyr Gibbs,DET,CAR,RB,DET@CAR,2plus_td,0.43805,128,1.13475,0.31605,B,-,tgt_sh 16.2%; team att 37.2; opp DvP 1.02; RZ tgt 5; car_sh 77.5%; team rush 25.3; opp d_ypc 1.17; inside-10 car 9,1.0,PLAYED (final score in nflverse)
Sam LaPorta,DET,CAR,TE,DET@CAR,anytime_td,0.3439,191,0.0,0.4119,B,-,tgt_sh 19.8%; team att 37.2; opp DvP 1.39; RZ tgt 5,1.0,PLAYED (final score in nflverse)
Sam LaPorta,DET,CAR,TE,DET@CAR,first_td,0.07025174214674214,1323,0.0,0.4119,B,-,tgt_sh 19.8%; team att 37.2; opp DvP 1.39; RZ tgt 5,1.0,PLAYED (final score in nflverse)
Sam LaPorta,DET,CAR,TE,DET@CAR,last_td,0.07025174214674214,1323,0.0,0.4119,B,-,tgt_sh 19.8%; team att 37.2; opp DvP 1.39; RZ tgt 5,1.0,PLAYED (final score in nflverse)
Sam LaPorta,DET,CAR,TE,DET@CAR,2plus_td,0.0617,1521,0.0,0.4119,B,-,tgt_sh 19.8%; team att 37.2; opp DvP 1.39; RZ tgt 5,1.0,PLAYED (final score in nflverse)
Jackson Meeks,DET,CAR,WR,DET@CAR,anytime_td,0.02505,3892,0.0,0.02525,C,-,w_td 0.02; team TD 3.21,1.0,PLAYED (final score in nflverse)
Jackson Meeks,DET,CAR,WR,DET@CAR,first_td,0.004380245865245865,22730,0.0,0.02525,C,-,w_td 0.02; team TD 3.21,1.0,PLAYED (final score in nflverse)
Jackson Meeks,DET,CAR,WR,DET@CAR,last_td,0.004380245865245865,22730,0.0,0.02525,C,-,w_td 0.02; team TD 3.21,1.0,PLAYED (final score in nflverse)
Jackson Meeks,DET,CAR,WR,DET@CAR,2plus_td,0.0002,499900,0.0,0.02525,C,-,w_td 0.02; team TD 3.21,1.0,PLAYED (final score in nflverse)
Jacob Saylors,DET,CAR,RB,DET@CAR,anytime_td,0.01705,5765,0.01115,0.0061,C,-,w_td 0.01; team TD 3.21,1.0,PLAYED (final score in nflverse)
Jacob Saylors,DET,CAR,RB,DET@CAR,first_td,0.0029375636863136867,33942,0.01115,0.0061,C,-,w_td 0.01; team TD 3.21,1.0,PLAYED (final score in nflverse)
Jacob Saylors,DET,CAR,RB,DET@CAR,last_td,0.0029375636863136867,33942,0.01115,0.0061,C,-,w_td 0.01; team TD 3.21,1.0,PLAYED (final score in nflverse)
Jacob Saylors,DET,CAR,RB,DET@CAR,2plus_td,0.0002,499900,0.01115,0.0061,C,-,w_td 0.01; team TD 3.21,1.0,PLAYED (final score in nflverse)
Amon-Ra St. Brown,DET,CAR,WR,DET@CAR,anytime_td,0.4548,120,0.0,0.59425,B,-,tgt_sh 28.4%; team att 37.2; opp DvP 1.14; RZ tgt 9,1.0,PLAYED (final score in nflverse)
Amon-Ra St. Brown,DET,CAR,WR,DET@CAR,first_td,0.10055502608502609,894,0.0,0.59425,B,-,tgt_sh 28.4%; team att 37.2; opp DvP 1.14; RZ tgt 9,1.0,PLAYED (final score in nflverse)
Amon-Ra St. Brown,DET,CAR,WR,DET@CAR,last_td,0.10055502608502609,894,0.0,0.59425,B,-,tgt_sh 28.4%; team att 37.2; opp DvP 1.14; RZ tgt 9,1.0,PLAYED (final score in nflverse)
Amon-Ra St. Brown,DET,CAR,WR,DET@CAR,2plus_td,0.1185,744,0.0,0.59425,B,-,tgt_sh 28.4%; team att 37.2; opp DvP 1.14; RZ tgt 9,1.0,PLAYED (final score in nflverse)
Isaac TeSlaa,DET,CAR,WR,DET@CAR,anytime_td,0.1429,600,0.0,0.15285,C,-,tgt_sh 7.6%; team att 37.2; opp DvP 1.14; RZ tgt 2,1.0,PLAYED (final score in nflverse)
Isaac TeSlaa,DET,CAR,WR,DET@CAR,first_td,0.02630008172383172,3702,0.0,0.15285,C,-,tgt_sh 7.6%; team att 37.2; opp DvP 1.14; RZ tgt 2,1.0,PLAYED (final score in nflverse)
Isaac TeSlaa,DET,CAR,WR,DET@CAR,last_td,0.02630008172383172,3702,0.0,0.15285,C,-,tgt_sh 7.6%; team att 37.2; opp DvP 1.14; RZ tgt 2,1.0,PLAYED (final score in nflverse)
Isaac TeSlaa,DET,CAR,WR,DET@CAR,2plus_td,0.0096,10317,0.0,0.15285,C,-,tgt_sh 7.6%; team att 37.2; opp DvP 1.14; RZ tgt 2,1.0,PLAYED (final score in nflverse)
Sione Vaki,DET,CAR,RB,DET@CAR,anytime_td,0.15855,531,0.1344,0.0373,C,-,car_sh 12.7%; team rush 25.3; opp d_ypc 1.17; inside-10 car 0,1.0,PLAYED (final score in nflverse)
Sione Vaki,DET,CAR,RB,DET@CAR,first_td,0.029302840492840494,3313,0.1344,0.0373,C,-,car_sh 12.7%; team rush 25.3; opp d_ypc 1.17; inside-10 car 0,1.0,PLAYED (final score in nflverse)
Sione Vaki,DET,CAR,RB,DET@CAR,last_td,0.029302840492840494,3313,0.1344,0.0373,C,-,car_sh 12.7%; team rush 25.3; opp d_ypc 1.17; inside-10 car 0,1.0,PLAYED (final score in nflverse)
Sione Vaki,DET,CAR,RB,DET@CAR,2plus_td,0.01245,7932,0.1344,0.0373,C,-,car_sh 12.7%; team rush 25.3; opp d_ypc 1.17; inside-10 car 0,1.0,PLAYED (final score in nflverse)
Jameson Williams,DET,CAR,WR,DET@CAR,anytime_td,0.2072,383,0.0,0.22915,B,-,tgt_sh 15.8%; team att 37.2; opp DvP 1.14; RZ tgt 1,1.0,PLAYED (final score in nflverse)
Jameson Williams,DET,CAR,WR,DET@CAR,first_td,0.03869980783105783,2484,0.0,0.22915,B,-,tgt_sh 15.8%; team att 37.2; opp DvP 1.14; RZ tgt 1,1.0,PLAYED (final score in nflverse)
Jameson Williams,DET,CAR,WR,DET@CAR,last_td,0.03869980783105783,2484,0.0,0.22915,B,-,tgt_sh 15.8%; team att 37.2; opp DvP 1.14; RZ tgt 1,1.0,PLAYED (final score in nflverse)
Jameson Williams,DET,CAR,WR,DET@CAR,2plus_td,0.0204,4802,0.0,0.22915,B,-,tgt_sh 15.8%; team att 37.2; opp DvP 1.14; RZ tgt 1,1.0,PLAYED (final score in nflverse)
Brock Wright,DET,CAR,TE,DET@CAR,anytime_td,0.0619,1516,0.0,0.064,C,-,tgt_sh 4.5%; team att 37.2; opp DvP 1.39; RZ tgt 0,1.0,PLAYED (final score in nflverse)
Brock Wright,DET,CAR,TE,DET@CAR,first_td,0.01082554625929626,9137,0.0,0.064,C,-,tgt_sh 4.5%; team att 37.2; opp DvP 1.39; RZ tgt 0,1.0,PLAYED (final score in nflverse)
Brock Wright,DET,CAR,TE,DET@CAR,last_td,0.01082554625929626,9137,0.0,0.064,C,-,tgt_sh 4.5%; team att 37.2; opp DvP 1.39; RZ tgt 0,1.0,PLAYED (final score in nflverse)
Brock Wright,DET,CAR,TE,DET@CAR,2plus_td,0.002,49900,0.0,0.064,C,-,tgt_sh 4.5%; team att 37.2; opp DvP 1.39; RZ tgt 0,1.0,PLAYED (final score in nflverse)
Bryce Young,CAR,DET,QB,DET@CAR,anytime_td,0.09598612740347835,942,0.10154536645075739,0.0,B,no game designation yet (Full),team att 38.6; ypa 7.91; opp d_ypa 1.07; pass rate 63.6%,0.98,PLAYED (final score in nflverse)
Bryce Young,CAR,DET,QB,DET@CAR,first_td,0.017347128710417332,5665,0.10154536645075739,0.0,B,no game designation yet (Full),team att 38.6; ypa 7.91; opp d_ypa 1.07; pass rate 63.6%,0.98,PLAYED (final score in nflverse)
Bryce Young,CAR,DET,QB,DET@CAR,last_td,0.017347128710417332,5665,0.10154536645075739,0.0,B,no game designation yet (Full),team att 38.6; ypa 7.91; opp d_ypa 1.07; pass rate 63.6%,0.98,PLAYED (final score in nflverse)
Bryce Young,CAR,DET,QB,DET@CAR,2plus_td,0.005253225888713214,18936,0.10154536645075739,0.0,B,no game designation yet (Full),team att 38.6; ypa 7.91; opp d_ypa 1.07; pass rate 63.6%,0.98,PLAYED (final score in nflverse)
Jalen Coker,CAR,DET,WR,DET@CAR,anytime_td,0.29157894736842105,243,0.0,0.33789473684210525,B,Questionable (Limited),tgt_sh 15.1%; team att 38.6; opp DvP 0.96; RZ tgt 5,0.6667342299285288,PLAYED (final score in nflverse)
Jalen Coker,CAR,DET,WR,DET@CAR,first_td,0.05697810147246238,1655,0.0,0.33789473684210525,B,Questionable (Limited),tgt_sh 15.1%; team att 38.6; opp DvP 0.96; RZ tgt 5,0.6667342299285288,PLAYED (final score in nflverse)
Jalen Coker,CAR,DET,WR,DET@CAR,last_td,0.05697810147246238,1655,0.0,0.33789473684210525,B,Questionable (Limited),tgt_sh 15.1%; team att 38.6; opp DvP 0.96; RZ tgt 5,0.6667342299285288,PLAYED (final score in nflverse)
Jalen Coker,CAR,DET,WR,DET@CAR,2plus_td,0.04195488721804511,2284,0.0,0.33789473684210525,B,Questionable (Limited),tgt_sh 15.1%; team att 38.6; opp DvP 0.96; RZ tgt 5,0.6667342299285288,PLAYED (final score in nflverse)
AJ Dillon,CAR,DET,RB,DET@CAR,anytime_td,0.12945,672,0.1253,0.0137,B,-,car_sh 13.2%; team rush 23.9; opp d_ypc 1.04; inside-10 car 0,1.0,PLAYED (final score in nflverse)
AJ Dillon,CAR,DET,RB,DET@CAR,first_td,0.023502493894993894,4155,0.1253,0.0137,B,-,car_sh 13.2%; team rush 23.9; opp d_ypc 1.04; inside-10 car 0,1.0,PLAYED (final score in nflverse)
AJ Dillon,CAR,DET,RB,DET@CAR,last_td,0.023502493894993894,4155,0.1253,0.0137,B,-,car_sh 13.2%; team rush 23.9; opp d_ypc 1.04; inside-10 car 0,1.0,PLAYED (final score in nflverse)
AJ Dillon,CAR,DET,RB,DET@CAR,2plus_td,0.0092,10770,0.1253,0.0137,B,-,car_sh 13.2%; team rush 23.9; opp d_ypc 1.04; inside-10 car 0,1.0,PLAYED (final score in nflverse)
Mitchell Evans,CAR,DET,TE,DET@CAR,anytime_td,0.1094,814,0.0,0.1154,C,-,tgt_sh 3.7%; team att 38.6; opp DvP 1.07; RZ tgt 2,1.0,PLAYED (final score in nflverse)
Mitchell Evans,CAR,DET,TE,DET@CAR,first_td,0.01932954767454767,5073,0.0,0.1154,C,-,tgt_sh 3.7%; team att 38.6; opp DvP 1.07; RZ tgt 2,1.0,PLAYED (final score in nflverse)
Mitchell Evans,CAR,DET,TE,DET@CAR,last_td,0.01932954767454767,5073,0.0,0.1154,C,-,tgt_sh 3.7%; team att 38.6; opp DvP 1.07; RZ tgt 2,1.0,PLAYED (final score in nflverse)
Mitchell Evans,CAR,DET,TE,DET@CAR,2plus_td,0.00575,17291,0.0,0.1154,C,-,tgt_sh 3.7%; team att 38.6; opp DvP 1.07; RZ tgt 2,1.0,PLAYED (final score in nflverse)
Jimmy Horn Jr.,CAR,DET,WR,DET@CAR,anytime_td,0.045,2122,0.0,0.046,C,-,tgt_sh 3.2%; team att 38.6; opp DvP 0.96; RZ tgt 0,1.0,PLAYED (final score in nflverse)
Jimmy Horn Jr.,CAR,DET,WR,DET@CAR,first_td,0.007773245365745366,12765,0.0,0.046,C,-,tgt_sh 3.2%; team att 38.6; opp DvP 0.96; RZ tgt 0,1.0,PLAYED (final score in nflverse)
Jimmy Horn Jr.,CAR,DET,WR,DET@CAR,last_td,0.007773245365745366,12765,0.0,0.046,C,-,tgt_sh 3.2%; team att 38.6; opp DvP 0.96; RZ tgt 0,1.0,PLAYED (final score in nflverse)
Jimmy Horn Jr.,CAR,DET,WR,DET@CAR,2plus_td,0.001,99900,0.0,0.046,C,-,tgt_sh 3.2%; team att 38.6; opp DvP 0.96; RZ tgt 0,1.0,PLAYED (final score in nflverse)
Chuba Hubbard,CAR,DET,RB,DET@CAR,anytime_td,0.5269486341103259,-111,0.558801814154625,0.1625355975108111,B,no game designation yet (Full),tgt_sh 6.2%; team att 38.6; opp DvP 1.12; RZ tgt 2; car_sh 49.1%; team rush 23.9; opp d_ypc 1.04; inside-10 car 5,0.9508674235277402,PLAYED (final score in nflverse)
Chuba Hubbard,CAR,DET,RB,DET@CAR,first_td,0.12231869447221201,718,0.558801814154625,0.1625355975108111,B,no game designation yet (Full),tgt_sh 6.2%; team att 38.6; opp DvP 1.12; RZ tgt 2; car_sh 49.1%; team rush 23.9; opp d_ypc 1.04; inside-10 car 5,0.9508674235277402,PLAYED (final score in nflverse)
Chuba Hubbard,CAR,DET,RB,DET@CAR,last_td,0.12231869447221201,718,0.558801814154625,0.1625355975108111,B,no game designation yet (Full),tgt_sh 6.2%; team att 38.6; opp DvP 1.12; RZ tgt 2; car_sh 49.1%; team rush 23.9; opp d_ypc 1.04; inside-10 car 5,0.9508674235277402,PLAYED (final score in nflverse)
Chuba Hubbard,CAR,DET,RB,DET@CAR,2plus_td,0.16047885244172555,523,0.558801814154625,0.1625355975108111,B,no game designation yet (Full),tgt_sh 6.2%; team att 38.6; opp DvP 1.12; RZ tgt 2; car_sh 49.1%; team rush 23.9; opp d_ypc 1.04; inside-10 car 5,0.9508674235277402,PLAYED (final score in nflverse)
Tetairoa McMillan,CAR,DET,WR,DET@CAR,anytime_td,0.37025,170,0.0,0.4531,B,-,tgt_sh 21.8%; team att 38.6; opp DvP 0.96; RZ tgt 5,1.0,PLAYED (final score in nflverse)
Tetairoa McMillan,CAR,DET,WR,DET@CAR,first_td,0.07615707042957043,1213,0.0,0.4531,B,-,tgt_sh 21.8%; team att 38.6; opp DvP 0.96; RZ tgt 5,1.0,PLAYED (final score in nflverse)
Tetairoa McMillan,CAR,DET,WR,DET@CAR,last_td,0.07615707042957043,1213,0.0,0.4531,B,-,tgt_sh 21.8%; team att 38.6; opp DvP 0.96; RZ tgt 5,1.0,PLAYED (final score in nflverse)
Tetairoa McMillan,CAR,DET,WR,DET@CAR,2plus_td,0.0725,1279,0.0,0.4531,B,-,tgt_sh 21.8%; team att 38.6; opp DvP 0.96; RZ tgt 5,1.0,PLAYED (final score in nflverse)
John Metchie III,CAR,DET,WR,DET@CAR,anytime_td,0.12065,729,0.0,0.1274,C,-,tgt_sh 6.8%; team att 38.6; opp DvP 0.96; RZ tgt 1,1.0,PLAYED (final score in nflverse)
John Metchie III,CAR,DET,WR,DET@CAR,first_td,0.021316978576978576,4591,0.0,0.1274,C,-,tgt_sh 6.8%; team att 38.6; opp DvP 0.96; RZ tgt 1,1.0,PLAYED (final score in nflverse)
John Metchie III,CAR,DET,WR,DET@CAR,last_td,0.021316978576978576,4591,0.0,0.1274,C,-,tgt_sh 6.8%; team att 38.6; opp DvP 0.96; RZ tgt 1,1.0,PLAYED (final score in nflverse)
John Metchie III,CAR,DET,WR,DET@CAR,2plus_td,0.0065,15285,0.0,0.1274,C,-,tgt_sh 6.8%; team att 38.6; opp DvP 0.96; RZ tgt 1,1.0,PLAYED (final score in nflverse)
David Moore,CAR,DET,WR,DET@CAR,anytime_td,0.0171,5748,0.0,0.01715,C,-,w_td 0.01; team TD 2.45,1.0,PLAYED (final score in nflverse)
David Moore,CAR,DET,WR,DET@CAR,first_td,0.0028677206127206128,34771,0.0,0.01715,C,-,w_td 0.01; team TD 2.45,1.0,PLAYED (final score in nflverse)
David Moore,CAR,DET,WR,DET@CAR,last_td,0.0028677206127206128,34771,0.0,0.01715,C,-,w_td 0.01; team TD 2.45,1.0,PLAYED (final score in nflverse)
David Moore,CAR,DET,WR,DET@CAR,2plus_td,5e-05,999900,0.0,0.01715,C,-,w_td 0.01; team TD 2.45,1.0,PLAYED (final score in nflverse)
Ja'Seem Reed,CAR,DET,WR,DET@CAR,anytime_td,0.01805,5440,0.0,0.0182,C,-,w_td 0.01; team TD 2.45,1.0,PLAYED (final score in nflverse)
Ja'Seem Reed,CAR,DET,WR,DET@CAR,first_td,0.0030618481518481515,32560,0.0,0.0182,C,-,w_td 0.01; team TD 2.45,1.0,PLAYED (final score in nflverse)
Ja'Seem Reed,CAR,DET,WR,DET@CAR,last_td,0.0030618481518481515,32560,0.0,0.0182,C,-,w_td 0.01; team TD 2.45,1.0,PLAYED (final score in nflverse)
Ja'Seem Reed,CAR,DET,WR,DET@CAR,2plus_td,0.00015,666567,0.0,0.0182,C,-,w_td 0.01; team TD 2.45,1.0,PLAYED (final score in nflverse)
Brycen Tremayne,CAR,DET,WR,DET@CAR,anytime_td,0.0506,1876,0.0,0.05155,C,-,tgt_sh 3.6%; team att 38.6; opp DvP 0.96; RZ tgt 0,1.0,PLAYED (final score in nflverse)
Brycen Tremayne,CAR,DET,WR,DET@CAR,first_td,0.008653229270729269,11456,0.0,0.05155,C,-,tgt_sh 3.6%; team att 38.6; opp DvP 0.96; RZ tgt 0,1.0,PLAYED (final score in nflverse)
Brycen Tremayne,CAR,DET,WR,DET@CAR,last_td,0.008653229270729269,11456,0.0,0.05155,C,-,tgt_sh 3.6%; team att 38.6; opp DvP 0.96; RZ tgt 0,1.0,PLAYED (final score in nflverse)
Brycen Tremayne,CAR,DET,WR,DET@CAR,2plus_td,0.00095,105163,0.0,0.05155,C,-,tgt_sh 3.6%; team att 38.6; opp DvP 0.96; RZ tgt 0,1.0,PLAYED (final score in nflverse)
Tommy Tremble,CAR,DET,TE,DET@CAR,anytime_td,0.15935,528,0.0,0.1738,C,-,tgt_sh 9.6%; team att 38.6; opp DvP 1.07; RZ tgt 1,1.0,PLAYED (final score in nflverse)
Tommy Tremble,CAR,DET,TE,DET@CAR,first_td,0.029200195082695085,3325,0.0,0.1738,C,-,tgt_sh 9.6%; team att 38.6; opp DvP 1.07; RZ tgt 1,1.0,PLAYED (final score in nflverse)
Tommy Tremble,CAR,DET,TE,DET@CAR,last_td,0.029200195082695085,3325,0.0,0.1738,C,-,tgt_sh 9.6%; team att 38.6; opp DvP 1.07; RZ tgt 1,1.0,PLAYED (final score in nflverse)
Tommy Tremble,CAR,DET,TE,DET@CAR,2plus_td,0.01365,7226,0.0,0.1738,C,-,tgt_sh 9.6%; team att 38.6; opp DvP 1.07; RZ tgt 1,1.0,PLAYED (final score in nflverse)
Darren Waller,CAR,DET,TE,DET@CAR,anytime_td,0.22153862333701424,351,0.0,0.24914550139349004,C,no game designation yet (Full),tgt_sh 13.1%; team att 38.6; opp DvP 1.07; RZ tgt 2,0.9479829842591244,PLAYED (final score in nflverse)
Darren Waller,CAR,DET,TE,DET@CAR,first_td,0.04192658463048114,2285,0.0,0.24914550139349004,C,no game designation yet (Full),tgt_sh 13.1%; team att 38.6; opp DvP 1.07; RZ tgt 2,0.9479829842591244,PLAYED (final score in nflverse)
Darren Waller,CAR,DET,TE,DET@CAR,last_td,0.04192658463048114,2285,0.0,0.24914550139349004,C,no game designation yet (Full),tgt_sh 13.1%; team att 38.6; opp DvP 1.07; RZ tgt 2,0.9479829842591244,PLAYED (final score in nflverse)
Darren Waller,CAR,DET,TE,DET@CAR,2plus_td,0.02513540516380081,3878,0.0,0.24914550139349004,C,no game designation yet (Full),tgt_sh 13.1%; team att 38.6; opp DvP 1.07; RZ tgt 2,0.9479829842591244,PLAYED (final score in nflverse)
Michael Penix Jr.,ATL,NO,QB,ATL@NO,anytime_td,0.0519,1827,0.0533,0.0,C,-,team att 28.6; ypa 6.84; opp d_ypa 0.97; pass rate 49.3%,1.0,
Michael Penix Jr.,ATL,NO,QB,ATL@NO,first_td,0.010004816017316016,9895,0.0533,0.0,C,-,team att 28.6; ypa 6.84; opp d_ypa 0.97; pass rate 49.3%,1.0,
Michael Penix Jr.,ATL,NO,QB,ATL@NO,last_td,0.010004816017316016,9895,0.0533,0.0,C,-,team att 28.6; ypa 6.84; opp d_ypa 0.97; pass rate 49.3%,1.0,
Michael Penix Jr.,ATL,NO,QB,ATL@NO,2plus_td,0.00135,73974,0.0533,0.0,C,-,team att 28.6; ypa 6.84; opp d_ypa 0.97; pass rate 49.3%,1.0,
Chris Blair,ATL,NO,WR,ATL@NO,anytime_td,0.0412,2327,0.0,0.04185,C,-,w_td 0.03; team TD 2.44,1.0,
Chris Blair,ATL,NO,WR,ATL@NO,first_td,0.007797349594849595,12725,0.0,0.04185,C,-,w_td 0.03; team TD 2.44,1.0,
Chris Blair,ATL,NO,WR,ATL@NO,last_td,0.007797349594849595,12725,0.0,0.04185,C,-,w_td 0.03; team TD 2.44,1.0,
Chris Blair,ATL,NO,WR,ATL@NO,2plus_td,0.00065,153746,0.0,0.04185,C,-,w_td 0.03; team TD 2.44,1.0,
Zachariah Branch,ATL,NO,WR,ATL@NO,anytime_td,0.0511,1857,0.0,0.05265,C,-,w_td 0.04; team TD 2.44,1.0,
Zachariah Branch,ATL,NO,WR,ATL@NO,first_td,0.009708387445887446,10200,0.0,0.05265,C,-,w_td 0.04; team TD 2.44,1.0,
Zachariah Branch,ATL,NO,WR,ATL@NO,last_td,0.009708387445887446,10200,0.0,0.05265,C,-,w_td 0.04; team TD 2.44,1.0,
Zachariah Branch,ATL,NO,WR,ATL@NO,2plus_td,0.00155,64416,0.0,0.05265,C,-,w_td 0.04; team TD 2.44,1.0,
Jahan Dotson,ATL,NO,WR,ATL@NO,anytime_td,0.14595,585,0.0,0.157,C,-,tgt_sh 11.5%; team att 28.6; opp DvP 1.08; RZ tgt 0,1.0,
Jahan Dotson,ATL,NO,WR,ATL@NO,first_td,0.028969743867243863,3352,0.0,0.157,C,-,tgt_sh 11.5%; team att 28.6; opp DvP 1.08; RZ tgt 0,1.0,
Jahan Dotson,ATL,NO,WR,ATL@NO,last_td,0.028969743867243863,3352,0.0,0.157,C,-,tgt_sh 11.5%; team att 28.6; opp DvP 1.08; RZ tgt 0,1.0,
Jahan Dotson,ATL,NO,WR,ATL@NO,2plus_td,0.01045,9469,0.0,0.157,C,-,tgt_sh 11.5%; team att 28.6; opp DvP 1.08; RZ tgt 0,1.0,
Austin Hooper,ATL,NO,TE,ATL@NO,anytime_td,0.13455,643,0.0,0.1442,C,-,tgt_sh 5.9%; team att 28.6; opp DvP 1.08; RZ tgt 1,1.0,
Austin Hooper,ATL,NO,TE,ATL@NO,first_td,0.02631282162282162,3700,0.0,0.1442,C,-,tgt_sh 5.9%; team att 28.6; opp DvP 1.08; RZ tgt 1,1.0,
Austin Hooper,ATL,NO,TE,ATL@NO,last_td,0.02631282162282162,3700,0.0,0.1442,C,-,tgt_sh 5.9%; team att 28.6; opp DvP 1.08; RZ tgt 1,1.0,
Austin Hooper,ATL,NO,TE,ATL@NO,2plus_td,0.00925,10711,0.0,0.1442,C,-,tgt_sh 5.9%; team att 28.6; opp DvP 1.08; RZ tgt 1,1.0,
Drake London,ATL,NO,WR,ATL@NO,anytime_td,0.31265,220,0.0092,0.35735,B,-,tgt_sh 26.1%; team att 28.6; opp DvP 1.08; RZ tgt 0,1.0,
Drake London,ATL,NO,WR,ATL@NO,first_td,0.06723305361305361,1387,0.0092,0.35735,B,-,tgt_sh 26.1%; team att 28.6; opp DvP 1.08; RZ tgt 0,1.0,
Drake London,ATL,NO,WR,ATL@NO,last_td,0.06723305361305361,1387,0.0092,0.35735,B,-,tgt_sh 26.1%; team att 28.6; opp DvP 1.08; RZ tgt 0,1.0,
Drake London,ATL,NO,WR,ATL@NO,2plus_td,0.04895,1943,0.0092,0.35735,B,-,tgt_sh 26.1%; team att 28.6; opp DvP 1.08; RZ tgt 0,1.0,
Kyle Pitts,ATL,NO,TE,ATL@NO,anytime_td,0.1879,432,0.0,0.2051,C,-,tgt_sh 14.6%; team att 28.6; opp DvP 1.08; RZ tgt 0,1.0,
Kyle Pitts,ATL,NO,TE,ATL@NO,first_td,0.03762394660894661,2558,0.0,0.2051,C,-,tgt_sh 14.6%; team att 28.6; opp DvP 1.08; RZ tgt 0,1.0,
Kyle Pitts,ATL,NO,TE,ATL@NO,last_td,0.03762394660894661,2558,0.0,0.2051,C,-,tgt_sh 14.6%; team att 28.6; opp DvP 1.08; RZ tgt 0,1.0,
Kyle Pitts,ATL,NO,TE,ATL@NO,2plus_td,0.01635,6016,0.0,0.2051,C,-,tgt_sh 14.6%; team att 28.6; opp DvP 1.08; RZ tgt 0,1.0,
Bijan Robinson,ATL,NO,RB,ATL@NO,anytime_td,0.60745,-155,0.6414,0.2473,B,-,tgt_sh 20.3%; team att 28.6; opp DvP 0.86; RZ tgt 0; car_sh 53.1%; team rush 31.8; opp d_ypc 1.06; inside-10 car 7,1.0,
Bijan Robinson,ATL,NO,RB,ATL@NO,first_td,0.1652685094072594,505,0.6414,0.2473,B,-,tgt_sh 20.3%; team att 28.6; opp DvP 0.86; RZ tgt 0; car_sh 53.1%; team rush 31.8; opp d_ypc 1.06; inside-10 car 7,1.0,
Bijan Robinson,ATL,NO,RB,ATL@NO,last_td,0.1652685094072594,505,0.6414,0.2473,B,-,tgt_sh 20.3%; team att 28.6; opp DvP 0.86; RZ tgt 0; car_sh 53.1%; team rush 31.8; opp d_ypc 1.06; inside-10 car 7,1.0,
Bijan Robinson,ATL,NO,RB,ATL@NO,2plus_td,0.2222,350,0.6414,0.2473,B,-,tgt_sh 20.3%; team att 28.6; opp DvP 0.86; RZ tgt 0; car_sh 53.1%; team rush 31.8; opp d_ypc 1.06; inside-10 car 7,1.0,
Brian Robinson,ATL,NO,RB,ATL@NO,anytime_td,0.22775,339,0.22995,0.0254,B,-,car_sh 23.4%; team rush 31.8; opp d_ypc 1.06; inside-10 car 1,1.0,
Brian Robinson,ATL,NO,RB,ATL@NO,first_td,0.0473692488067488,2011,0.22995,0.0254,B,-,car_sh 23.4%; team rush 31.8; opp d_ypc 1.06; inside-10 car 1,1.0,
Brian Robinson,ATL,NO,RB,ATL@NO,last_td,0.0473692488067488,2011,0.22995,0.0254,B,-,car_sh 23.4%; team rush 31.8; opp d_ypc 1.06; inside-10 car 1,1.0,
Brian Robinson,ATL,NO,RB,ATL@NO,2plus_td,0.02575,3783,0.22995,0.0254,B,-,car_sh 23.4%; team rush 31.8; opp d_ypc 1.06; inside-10 car 1,1.0,
Charlie Woerner,ATL,NO,TE,ATL@NO,anytime_td,0.0207,4731,0.0,0.0211,C,-,w_td 0.02; team TD 2.44,1.0,
Charlie Woerner,ATL,NO,TE,ATL@NO,first_td,0.0038493560606060605,25878,0.0,0.0211,C,-,w_td 0.02; team TD 2.44,1.0,
Charlie Woerner,ATL,NO,TE,ATL@NO,last_td,0.0038493560606060605,25878,0.0,0.0211,C,-,w_td 0.02; team TD 2.44,1.0,
Charlie Woerner,ATL,NO,TE,ATL@NO,2plus_td,0.0004,249900,0.0,0.0211,C,-,w_td 0.02; team TD 2.44,1.0,
Olamide Zaccheaus,ATL,NO,WR,ATL@NO,anytime_td,0.1201,733,0.0,0.12635,C,-,tgt_sh 9.4%; team att 28.6; opp DvP 1.08; RZ tgt 0,1.0,
Olamide Zaccheaus,ATL,NO,WR,ATL@NO,first_td,0.02327123126873127,4197,0.0,0.12635,C,-,tgt_sh 9.4%; team att 28.6; opp DvP 1.08; RZ tgt 0,1.0,
Olamide Zaccheaus,ATL,NO,WR,ATL@NO,last_td,0.02327123126873127,4197,0.0,0.12635,C,-,tgt_sh 9.4%; team att 28.6; opp DvP 1.08; RZ tgt 0,1.0,
Olamide Zaccheaus,ATL,NO,WR,ATL@NO,2plus_td,0.00585,16994,0.0,0.12635,C,-,tgt_sh 9.4%; team att 28.6; opp DvP 1.08; RZ tgt 0,1.0,
Tyler Shough,NO,ATL,QB,ATL@NO,anytime_td,0.14075,610,0.15175,0.0,B,-,team att 37.6; ypa 6.65; opp d_ypa 0.94; pass rate 61.6%,1.0,
Tyler Shough,NO,ATL,QB,ATL@NO,first_td,0.02845193958818959,3415,0.15175,0.0,B,-,team att 37.6; ypa 6.65; opp d_ypa 0.94; pass rate 61.6%,1.0,
Tyler Shough,NO,ATL,QB,ATL@NO,last_td,0.02845193958818959,3415,0.15175,0.0,B,-,team att 37.6; ypa 6.65; opp d_ypa 0.94; pass rate 61.6%,1.0,
Tyler Shough,NO,ATL,QB,ATL@NO,2plus_td,0.0104,9515,0.15175,0.0,B,-,team att 37.6; ypa 6.65; opp d_ypa 0.94; pass rate 61.6%,1.0,
Kevin Austin Jr.,NO,ATL,WR,ATL@NO,anytime_td,0.0755,1225,0.0,0.0778,C,-,tgt_sh 4.4%; team att 37.6; opp DvP 0.96; RZ tgt 0,1.0,
Kevin Austin Jr.,NO,ATL,WR,ATL@NO,first_td,0.014320256132756134,6883,0.0,0.0778,C,-,tgt_sh 4.4%; team att 37.6; opp DvP 0.96; RZ tgt 0,1.0,
Kevin Austin Jr.,NO,ATL,WR,ATL@NO,last_td,0.014320256132756134,6883,0.0,0.0778,C,-,tgt_sh 4.4%; team att 37.6; opp DvP 0.96; RZ tgt 0,1.0,
Kevin Austin Jr.,NO,ATL,WR,ATL@NO,2plus_td,0.00215,46412,0.0,0.0778,C,-,tgt_sh 4.4%; team att 37.6; opp DvP 0.96; RZ tgt 0,1.0,
Barion Brown,NO,ATL,WR,ATL@NO,anytime_td,0.02291403286978508,4264,0.007901390644753476,0.015328697850821745,C,no game designation yet (Full),w_td 0.01; team TD 2.71,0.9479829842591244,
Barion Brown,NO,ATL,WR,ATL@NO,first_td,0.004235174474586611,23512,0.007901390644753476,0.015328697850821745,C,no game designation yet (Full),w_td 0.01; team TD 2.71,0.9479829842591244,
Barion Brown,NO,ATL,WR,ATL@NO,last_td,0.004235174474586611,23512,0.007901390644753476,0.015328697850821745,C,no game designation yet (Full),w_td 0.01; team TD 2.71,0.9479829842591244,
Barion Brown,NO,ATL,WR,ATL@NO,2plus_td,0.0003160556257901391,316300,0.007901390644753476,0.015328697850821745,C,no game designation yet (Full),w_td 0.01; team TD 2.71,0.9479829842591244,
Oscar Delp,NO,ATL,TE,ATL@NO,anytime_td,0.03155,3070,0.0,0.03195,C,-,w_td 0.02; team TD 2.71,1.0,
Oscar Delp,NO,ATL,TE,ATL@NO,first_td,0.006020384754134754,16510,0.0,0.03195,C,-,w_td 0.02; team TD 2.71,1.0,
Oscar Delp,NO,ATL,TE,ATL@NO,last_td,0.006020384754134754,16510,0.0,0.03195,C,-,w_td 0.02; team TD 2.71,1.0,
Oscar Delp,NO,ATL,TE,ATL@NO,2plus_td,0.0004,249900,0.0,0.03195,C,-,w_td 0.02; team TD 2.71,1.0,
CJ Donaldson,NO,ATL,RB,ATL@NO,anytime_td,0.082,1120,0.05975,0.0254,C,-,w_td 0.07; team TD 2.71,1.0,
CJ Donaldson,NO,ATL,RB,ATL@NO,first_td,0.01594722027972028,6171,0.05975,0.0254,C,-,w_td 0.07; team TD 2.71,1.0,
CJ Donaldson,NO,ATL,RB,ATL@NO,last_td,0.01594722027972028,6171,0.05975,0.0254,C,-,w_td 0.07; team TD 2.71,1.0,
CJ Donaldson,NO,ATL,RB,ATL@NO,2plus_td,0.00315,31646,0.05975,0.0254,C,-,w_td 0.07; team TD 2.71,1.0,
Juwan Johnson,NO,ATL,TE,ATL@NO,anytime_td,0.4496,122,0.0,0.57635,B,-,tgt_sh 17.0%; team att 37.6; opp DvP 1.20; RZ tgt 6,1.0,
Juwan Johnson,NO,ATL,TE,ATL@NO,first_td,0.10654333832833832,839,0.0,0.57635,B,-,tgt_sh 17.0%; team att 37.6; opp DvP 1.20; RZ tgt 6,1.0,
Juwan Johnson,NO,ATL,TE,ATL@NO,last_td,0.10654333832833832,839,0.0,0.57635,B,-,tgt_sh 17.0%; team att 37.6; opp DvP 1.20; RZ tgt 6,1.0,
Juwan Johnson,NO,ATL,TE,ATL@NO,2plus_td,0.10965,812,0.0,0.57635,B,-,tgt_sh 17.0%; team att 37.6; opp DvP 1.20; RZ tgt 6,1.0,
Alvin Kamara,NO,ATL,RB,ATL@NO,anytime_td,0.3771,165,0.2311,0.2337,B,-,tgt_sh 10.3%; team att 37.6; opp DvP 1.10; RZ tgt 1; car_sh 26.3%; team rush 24.8; opp d_ypc 0.88; inside-10 car 0,1.0,
Alvin Kamara,NO,ATL,RB,ATL@NO,first_td,0.08732136335886335,1045,0.2311,0.2337,B,-,tgt_sh 10.3%; team att 37.6; opp DvP 1.10; RZ tgt 1; car_sh 26.3%; team rush 24.8; opp d_ypc 0.88; inside-10 car 0,1.0,
Alvin Kamara,NO,ATL,RB,ATL@NO,last_td,0.08732136335886335,1045,0.2311,0.2337,B,-,tgt_sh 10.3%; team att 37.6; opp DvP 1.10; RZ tgt 1; car_sh 26.3%; team rush 24.8; opp d_ypc 0.88; inside-10 car 0,1.0,
Alvin Kamara,NO,ATL,RB,ATL@NO,2plus_td,0.07755,1189,0.2311,0.2337,B,-,tgt_sh 10.3%; team att 37.6; opp DvP 1.10; RZ tgt 1; car_sh 26.3%; team rush 24.8; opp d_ypc 0.88; inside-10 car 0,1.0,
Bryce Lance,NO,ATL,WR,ATL@NO,anytime_td,0.07655,1206,0.0,0.07935,C,-,tgt_sh 4.5%; team att 37.6; opp DvP 0.96; RZ tgt 0,1.0,
Bryce Lance,NO,ATL,WR,ATL@NO,first_td,0.014598483044733044,6750,0.0,0.07935,C,-,tgt_sh 4.5%; team att 37.6; opp DvP 0.96; RZ tgt 0,1.0,
Bryce Lance,NO,ATL,WR,ATL@NO,last_td,0.014598483044733044,6750,0.0,0.07935,C,-,tgt_sh 4.5%; team att 37.6; opp DvP 0.96; RZ tgt 0,1.0,
Bryce Lance,NO,ATL,WR,ATL@NO,2plus_td,0.0028,35614,0.0,0.07935,C,-,tgt_sh 4.5%; team att 37.6; opp DvP 0.96; RZ tgt 0,1.0,
Kendre Miller,NO,ATL,RB,ATL@NO,anytime_td,0.22515,344,0.19995,0.0501,C,-,tgt_sh 2.6%; team att 37.6; opp DvP 1.10; RZ tgt 0; car_sh 17.3%; team rush 24.8; opp d_ypc 0.88; inside-10 car 2,1.0,
Kendre Miller,NO,ATL,RB,ATL@NO,first_td,0.04738968711843712,2010,0.19995,0.0501,C,-,tgt_sh 2.6%; team att 37.6; opp DvP 1.10; RZ tgt 0; car_sh 17.3%; team rush 24.8; opp d_ypc 0.88; inside-10 car 2,1.0,
Kendre Miller,NO,ATL,RB,ATL@NO,last_td,0.04738968711843712,2010,0.19995,0.0501,C,-,tgt_sh 2.6%; team att 37.6; opp DvP 1.10; RZ tgt 0; car_sh 17.3%; team rush 24.8; opp d_ypc 0.88; inside-10 car 2,1.0,
Kendre Miller,NO,ATL,RB,ATL@NO,2plus_td,0.02345,4164,0.19995,0.0501,C,-,tgt_sh 2.6%; team att 37.6; opp DvP 1.10; RZ tgt 0; car_sh 17.3%; team rush 24.8; opp d_ypc 0.88; inside-10 car 2,1.0,
Jalen Cropper,NO,ATL,WR,ATL@NO,anytime_td,0.01555,6331,0.0,0.0157,C,-,w_td 0.01; team TD 2.71,1.0,
Jalen Cropper,NO,ATL,WR,ATL@NO,first_td,0.003022840909090909,32981,0.0,0.0157,C,-,w_td 0.01; team TD 2.71,1.0,
Jalen Cropper,NO,ATL,WR,ATL@NO,last_td,0.003022840909090909,32981,0.0,0.0157,C,-,w_td 0.01; team TD 2.71,1.0,
Jalen Cropper,NO,ATL,WR,ATL@NO,2plus_td,0.00015,666567,0.0,0.0157,C,-,w_td 0.01; team TD 2.71,1.0,
Chris Olave,NO,ATL,WR,ATL@NO,anytime_td,0.46475,115,0.0,0.6043,B,-,tgt_sh 26.6%; team att 37.6; opp DvP 0.96; RZ tgt 4,1.0,
Chris Olave,NO,ATL,WR,ATL@NO,first_td,0.11181259657009655,794,0.0,0.6043,B,-,tgt_sh 26.6%; team att 37.6; opp DvP 0.96; RZ tgt 4,1.0,
Chris Olave,NO,ATL,WR,ATL@NO,last_td,0.11181259657009655,794,0.0,0.6043,B,-,tgt_sh 26.6%; team att 37.6; opp DvP 0.96; RZ tgt 4,1.0,
Chris Olave,NO,ATL,WR,ATL@NO,2plus_td,0.1192,739,0.0,0.6043,B,-,tgt_sh 26.6%; team att 37.6; opp DvP 0.96; RZ tgt 4,1.0,
Devaughn Vele,NO,ATL,WR,ATL@NO,anytime_td,0.2904,244,0.0,0.3372,B,-,tgt_sh 13.0%; team att 37.6; opp DvP 0.96; RZ tgt 3,1.0,
Devaughn Vele,NO,ATL,WR,ATL@NO,first_td,0.062124150294150284,1510,0.0,0.3372,B,-,tgt_sh 13.0%; team att 37.6; opp DvP 0.96; RZ tgt 3,1.0,
Devaughn Vele,NO,ATL,WR,ATL@NO,last_td,0.062124150294150284,1510,0.0,0.3372,B,-,tgt_sh 13.0%; team att 37.6; opp DvP 0.96; RZ tgt 3,1.0,
Devaughn Vele,NO,ATL,WR,ATL@NO,2plus_td,0.04235,2261,0.0,0.3372,B,-,tgt_sh 13.0%; team att 37.6; opp DvP 0.96; RZ tgt 3,1.0,
