player,pos,team,opp,game,played,p_active,status,proxy,pass_cmp_mean,pass_cmp_p25,pass_cmp_p75,pass_cmp_conf,pass_yds_mean,pass_yds_p25,pass_yds_p75,pass_yds_conf,pass_td_mean,pass_td_p25,pass_td_p75,pass_td_conf,rush_td_mean,any_td_pct,exp_td,td_conf,rush_yds_mean,rush_yds_p25,rush_yds_p75,rush_yds_conf,rec_yds_mean,rec_yds_p25,rec_yds_p75,rec_yds_conf,rec_mean,rec_p25,rec_p75,rec_conf,rec_td_mean,rush_att_mean,tgt_mean,car_sh,tgt_sh,any_td_pct_wt
Jalon Daniels,QB,TB,DAL,TB@DAL,False,1.0,,False,22.53945,19.0,26.0,62.0,246.85250334347654,187.7452913324069,294.4563020188185,58.0,1.40535,1.0,2.0,50.0,0.1216,0.1155,0.1216,30,,,,,,,,,,,,,,,,,,0.1155
Payne Durham,TE,TB,DAL,TB@DAL,False,1.0,,False,,,,,,,,,,,,,0.0,0.0108,0.01085,1,0.0,0.0,0.0,61.0,2.4604152866349915,0.0,0.0,61.0,0.2353,0.0,0.0,61.0,0.01085,0.0,0.3424,0.003287353969414842,0.009318311268794476,0.0108
Emeka Egbuka,WR,TB,DAL,TB@DAL,False,1.0,,False,,,,,,,,,,,,,0.00615,0.25445,0.28805,52,0.9226295069458874,0.0,0.0,93.0,53.52250628982664,26.83909756869518,72.87746028937266,67.0,4.0954,3.0,5.0,78.0,0.2819,0.1911,6.81535,0.007670492595301297,0.20209923074861524,0.25445
Kenny Gainwell,RB,TB,DAL,TB@DAL,False,1.0,,False,,,,,,,,,,,,,0.12645,0.2574,0.29245,45,16.55760191611426,5.480139097720489,22.647045346082297,50.0,17.847575092274877,5.465375636430123,25.937170211330137,47.0,2.3656,1.0,3.0,56.0,0.166,3.773,3.1077,0.14945060347026437,0.09088058916832992,0.2574
Chris Godwin Jr.,WR,TB,DAL,TB@DAL,False,1.0,,False,,,,,,,,,,,,,0.01075,0.1528,0.1641,27,1.6231382386436446,0.0,0.0,84.0,37.451037557079864,16.456045183134496,52.58942338722213,56.0,3.36695,2.0,5.0,58.0,0.15335,0.3304,5.1135,0.013149415877659368,0.15223889395602858,0.1528
Ted Hurst III,WR,TB,DAL,TB@DAL,False,1.0,,False,,,,,,,,,,,,,0.0,0.15865,0.17125,35,0.0,0.0,0.0,82.0,34.64622642615173,12.217528179159437,49.67435086448993,49.0,2.5041,1.0,3.0,58.0,0.17125,0.0,4.02385,0.003287353969414842,0.12114458694794951,0.15865
Bucky Irving,RB,TB,DAL,TB@DAL,False,1.0,,False,,,,,,,,,,,,,0.47965,0.5088,0.68485,81,63.90209319849319,41.89265483078631,81.17733303034207,76.0,21.94825918086771,8.449747529486913,31.109141660602024,63.0,2.78725,1.0,4.0,62.0,0.2052,13.33005,3.5731,0.5290940125963268,0.10557880874949259,0.5088
Kameron Johnson,WR,TB,DAL,TB@DAL,False,1.0,,False,,,,,,,,,,,,,0.0,0.01855,0.01865,3,0.0,0.0,0.0,63.0,5.11551701418348,0.0,5.303337397052298,32.0,0.4007,0.0,1.0,3.0,0.01865,0.0,0.63615,0.003287353969414842,0.018780290334762667,0.01855
Tez Johnson,WR,TB,DAL,TB@DAL,False,1.0,,False,,,,,,,,,,,,,0.00985,0.12095,0.1276,24,1.5303756427446253,0.0,0.0,72.0,18.869842748403048,0.0,28.6255968860971,27.0,1.4247,0.0,2.0,30.0,0.11775,0.31545,2.2823,0.012301066466197472,0.06821727053543897,0.12095
Ko Kieft,TE,TB,DAL,TB@DAL,False,0.9479829842591244,Full,False,,,,,,,,,,,,,0.0,0.005897219882055603,0.005897219882055603,1,0.0,0.0,0.0,57.0,1.533329677170549,0.0,0.0,57.0,0.15101095197978096,0.0,0.0,57.0,0.005897219882055603,0.0,0.21630160067396798,0.0038352462976506485,0.005904605486318371,0.005590464102623312
Cade Otton,TE,TB,DAL,TB@DAL,False,1.0,,False,,,,,,,,,,,,,0.0,0.2266,0.2537,45,0.0,0.0,0.0,91.0,49.26499318370559,25.982168356740424,66.52177518211994,67.0,4.7277,3.0,6.0,72.0,0.2537,0.0,6.8507,0.003287353969414842,0.184557216811812,0.2266
Bauer Sharp,TE,TB,DAL,TB@DAL,False,1.0,,False,,,,,,,,,,,,,0.0,0.004,0.004,1,0.0,0.0,0.0,60.0,0.9989131842782577,0.0,0.0,60.0,0.09725,0.0,0.0,60.0,0.004,0.0,0.14135,0.003287353969414842,0.0038560688890242425,0.004
Sean Tucker,RB,TB,DAL,TB@DAL,False,1.0,,False,,,,,,,,,,,,,0.0808,0.08455,0.08865,18,6.336033296126427,0.0,8.87749928291967,20.0,1.6209328410144697,0.0,0.0,62.0,0.21255,0.0,0.0,62.0,0.00785,1.3792,0.28075,0.05437529994803188,0.008240622121029903,0.08455
Josh Williams,RB,TB,DAL,TB@DAL,False,1.0,,False,,,,,,,,,,,,,0.0,0.00485,0.00485,1,0.0,0.0,0.0,60.0,0.820446483929705,0.0,0.0,60.0,0.1071,0.0,0.0,60.0,0.00485,0.0,0.14325,0.0037781466713654385,0.004279524024042941,0.00485
Dak Prescott,QB,DAL,TB,TB@DAL,False,1.0,,False,22.59995,20.0,26.0,92.0,231.41966727103846,175.04117466030766,276.8990509254137,87.0,1.8858,1.0,3.0,68.0,0.12055,0.1131,0.12055,62,,,,,,,,,,,,,,,,,,0.1131
Emari Demercado,RB,DAL,TB,TB@DAL,False,1.0,,False,,,,,,,,,,,,,0.1057,0.12295,0.12985,9,12.673361024322167,3.4060085062997874,17.06187219509227,30.0,2.8376717102304254,0.0,2.9695833265395453,31.0,0.4184,0.0,1.0,3.0,0.02415,3.1208,0.54905,0.12353996795378273,0.015791255399411376,0.12295
Jake Ferguson,TE,DAL,TB,TB@DAL,False,1.0,,False,,,,,,,,,,,,,0.0,0.25345,0.28945,48,0.0,0.0,0.0,84.0,28.16197718526441,12.114385266989096,39.41194460071408,55.0,3.34825,2.0,5.0,57.0,0.28945,0.0,4.5033,0.003240218807938776,0.12569182489849864,0.25345
Ryan Flournoy,WR,DAL,TB,TB@DAL,False,1.0,,False,,,,,,,,,,,,,0.0,0.28725,0.33685,68,0.0,0.0,0.0,97.0,32.23447281207653,13.554197787727183,44.994334489852996,68.0,3.21465,2.0,4.0,78.0,0.33685,0.0,4.83135,0.003240218807938776,0.1344436003442413,0.28725
Tyler Goodson,RB,DAL,TB,TB@DAL,False,0.9508674235277402,Full,False,,,,,,,,,,,,,0.12668520169962755,0.1471961391176625,0.1569532602423543,13,14.14806756472372,4.230272180238799,19.11075149898535,34.0,3.929364205927336,0.0,5.655382280385294,23.0,0.582804385458742,0.0,1.0,15.0,0.03026805854272675,3.6642711010858733,0.7519802759271887,0.14611655240725888,0.021125895223643984,0.13996401355604254
CeeDee Lamb,WR,DAL,TB,TB@DAL,False,0.9479829842591244,Full,False,,,,,,,,,,,,,0.011613175675675675,0.42578125,0.5398543074324325,73,1.327616466887782,0.0,0.0,95.0,78.84608427605961,46.33303037681212,103.48958734365402,74.0,6.382654138513513,4.0,8.0,77.0,0.5282411317567568,0.3403716216216216,9.212204391891891,0.013560915751743766,0.2609931179496327,0.40363338001658033
Hunter Luepke,RB,DAL,TB,TB@DAL,False,1.0,,False,,,,,,,,,,,,,0.02535,0.04365,0.04415,3,2.904162951507862,0.0,3.2358591934343535,29.0,2.4813492106053725,0.0,1.6966797510212777,42.0,0.36225,0.0,1.0,3.0,0.0188,0.7463,0.4643,0.029764246203682,0.013164480316647386,0.04365
Jonathan Mingo,WR,DAL,TB,TB@DAL,False,0.4981574884199691,Questionable; DNP,False,,,,,,,,,,,,,0.0,0.029258517034068135,0.02975951903807615,3,0.0,0.0,0.0,32.0,5.352226888091223,0.0,6.769641857925809,13.0,0.47274549098196395,0.0,1.0,2.0,0.02975951903807615,0.0,0.7273547094188377,0.003240218807938776,0.022145294618225557,0.014575349360584265
George Pickens,WR,DAL,TB,TB@DAL,False,1.0,,False,,,,,,,,,,,,,0.0,0.3135,0.3719,60,0.0,0.0,0.0,97.0,59.59550909325927,31.455435678185296,80.31888442808444,75.0,4.8412,3.0,6.0,81.0,0.3719,0.0,7.3125,0.003240218807938776,0.20243366466953672,0.3135
Luke Schoonmaker,TE,DAL,TB,TB@DAL,False,1.0,,False,,,,,,,,,,,,,0.0,0.03235,0.03285,4,0.0,0.0,0.0,63.0,5.131341957902029,0.0,7.15309852037875,21.0,0.55225,0.0,1.0,9.0,0.03285,0.0,0.80215,0.003240218807938776,0.02232006296428136,0.03235
Brevyn Spann-Ford,TE,DAL,TB,TB@DAL,False,1.0,,False,,,,,,,,,,,,,0.0,0.04685,0.0477,7,0.0,0.0,0.0,66.0,7.552807118770701,0.0,11.591374842857112,20.0,0.81655,0.0,1.0,30.0,0.0477,0.0,1.1509,0.003240218807938776,0.0319694367618813,0.04685
KaVontae Turpin,WR,DAL,TB,TB@DAL,False,1.0,,False,,,,,,,,,,,,,0.0303,0.11045,0.11685,22,1.088655220063288,0.0,0.0,65.0,12.348314934527929,0.0,18.947905745983725,19.0,0.99135,0.0,2.0,5.0,0.08655,0.29415,1.48125,0.011983666384916422,0.04116689372648019,0.11045
Javonte Williams,RB,DAL,TB,TB@DAL,False,1.0,,False,,,,,,,,,,,,,0.76635,0.6502,0.9926,85,52.394842439535275,31.776771857927034,67.31683111879477,80.0,16.73553980937825,6.1933170039275405,23.741349075847687,69.0,2.8441,1.0,4.0,68.0,0.22625,14.2011,3.70375,0.5633079993770369,0.10518415146505598,0.6502
Jalen Hurts,QB,PHI,JAX,PHI@JAX,False,1.0,,False,18.61495,16.0,21.0,92.0,219.13188136110062,165.12532587941408,262.77132496409894,87.0,1.30965,0.0,2.0,54.0,0.1852,0.17045,0.1852,62,,,,,,,,,,,,,,,,,,0.17045
Saquon Barkley,RB,PHI,JAX,PHI@JAX,False,1.0,,False,,,,,,,,,,,,,0.311,0.32025,0.3793,64,62.451990716278715,40.56455080794146,78.89546237577109,75.0,11.521602310608731,0.0,17.282806933044554,48.0,1.50335,0.0,2.0,53.0,0.0683,15.07025,2.11035,0.43262906816732555,0.06458804284306881,0.32025
Marquise Brown,WR,PHI,JAX,PHI@JAX,False,1.0,,False,,,,,,,,,,,,,0.01145,0.06685,0.06865,1,2.4184893065726354,0.0,2.15953645274472,33.0,13.76496312770116,0.0,21.222283311229088,14.0,1.0571,0.0,2.0,3.0,0.0572,0.6186,1.7346,0.01764017293992938,0.05272041830836792,0.06685
Darius Cooper,WR,PHI,JAX,PHI@JAX,False,1.0,,False,,,,,,,,,,,,,0.0,0.14825,0.1588,40,0.0,0.0,0.0,76.0,12.635149660488885,0.0,19.656716373879586,29.0,0.96545,0.0,2.0,16.0,0.1588,0.0,1.6155,0.003269221239832472,0.048662373019196126,0.14825
Britain Covey,WR,PHI,JAX,PHI@JAX,False,1.0,,False,,,,,,,,,,,,,0.0,0.00665,0.0067,1,0.0,0.0,0.0,60.0,1.6331456537512397,0.0,0.0,60.0,0.1225,0.0,0.0,60.0,0.0067,0.0,0.20465,0.003269221239832472,0.006044617612485444,0.00665
Zach Ertz,TE,PHI,JAX,PHI@JAX,False,1.0,,False,,,,,,,,,,,,,0.0,0.13395,0.14285,14,0.0,0.0,0.0,68.0,24.89572601738212,8.251719666511386,35.82550266866461,35.0,2.36675,1.0,3.0,43.0,0.14285,0.0,3.615,0.004576909735765461,0.11998560182124589,0.13395
Dallas Goedert,TE,PHI,JAX,PHI@JAX,False,1.0,,False,,,,,,,,,,,,,0.0,0.17115,0.18605,21,0.0,0.0,0.0,69.0,30.667275730280693,11.828423908405458,43.972675123112005,38.0,2.83775,2.0,4.0,48.0,0.18605,0.0,4.25985,0.004576909735765461,0.14248100154575033,0.17115
E.J. Jenkins,TE,PHI,JAX,PHI@JAX,False,1.0,,False,,,,,,,,,,,,,0.0,0.00285,0.00285,1,0.0,0.0,0.0,60.0,0.6668689908468446,0.0,0.0,60.0,0.06045,0.0,0.0,60.0,0.00285,0.0,0.09145,0.003269221239832472,0.002908121407983334,0.00285
Makai Lemon,WR,PHI,JAX,PHI@JAX,False,1.0,,False,,,,,,,,,,,,,0.00435,0.13095,0.1396,26,0.9052087974890041,0.0,0.0,84.0,28.77959476471599,10.183764731436037,41.08973181159967,52.0,2.4689,1.0,3.0,60.0,0.13525,0.2334,4.0484,0.00667466003132463,0.12135280513193081,0.13095
Johnny Mundt,TE,PHI,JAX,PHI@JAX,False,1.0,,False,,,,,,,,,,,,,0.0,0.02475,0.0251,7,0.0,0.0,0.0,66.0,5.185960065274901,0.0,7.078116996867438,25.0,0.5009,0.0,1.0,7.0,0.0251,0.0,0.7565,0.003269221239832472,0.025509007502868688,0.02475
Will Shipley,RB,PHI,JAX,PHI@JAX,False,1.0,,False,,,,,,,,,,,,,0.103,0.1314,0.1397,58,13.197906108874443,3.689190882342602,17.470935350456443,47.0,6.385033179734238,0.0,9.77993689624411,32.0,0.81745,0.0,1.0,41.0,0.0367,3.58455,1.13765,0.10242081262595748,0.03475311081167535,0.1314
DeVonta Smith,WR,PHI,JAX,PHI@JAX,False,1.0,,False,,,,,,,,,,,,,0.0,0.2584,0.29435,55,0.0,0.0,0.0,97.0,60.624137036609426,31.858072007487614,81.62792583317344,75.0,4.53895,3.0,6.0,80.0,0.29435,0.0,7.29095,0.0038140914464712176,0.2196699014943888,0.2584
Dontayvion Wicks,WR,PHI,JAX,PHI@JAX,False,1.0,,False,,,,,,,,,,,,,0.0,0.2307,0.25905,57,0.0,0.0,0.0,92.0,38.0403679214253,14.276868169080668,54.50147725232747,60.0,2.693,1.0,4.0,59.0,0.25905,0.0,4.47275,0.003269221239832472,0.13463464780074746,0.2307
Trevor Lawrence,QB,JAX,PHI,PHI@JAX,False,1.0,,False,18.1443,15.0,21.0,90.0,203.65385251988593,152.7019382003136,244.47944042936837,86.0,1.4721,1.0,2.0,80.0,0.10165,0.09725,0.10165,62,,,,,,,,,,,,,,,,,,0.09725
Ameer Abdullah,RB,JAX,PHI,PHI@JAX,False,1.0,,False,,,,,,,,,,,,,0.06475,0.11845,0.1258,17,8.78606104481612,0.5800420268950957,12.131723085454137,31.0,4.765555539689514,0.0,7.202192226971812,25.0,0.6712,0.0,1.0,26.0,0.06105,1.99895,0.89545,0.06508261724990548,0.031296401557482964,0.11845
LeQuint Allen Jr.,RB,JAX,PHI,PHI@JAX,False,0.9508674235277402,Full,False,,,,,,,,,,,,,0.01014828057629614,0.05973288463560837,0.06157324639814912,9,1.452772906587331,0.0,0.0,61.0,3.7461018699097184,0.0,4.961688658454904,23.0,0.5163529288042906,0.0,1.0,6.0,0.051424965821852985,0.3343148596066884,0.6850878115469555,0.010772790204745926,0.023793769772415523,0.05679805411334067
Nate Boerkircher,TE,JAX,PHI,PHI@JAX,False,1.0,,False,,,,,,,,,,,,,0.0,0.062,0.0645,13,0.0,0.0,0.0,66.0,7.038968286779608,0.0,10.741195313758762,21.0,0.72375,0.0,1.0,25.0,0.0645,0.0,1.04525,0.0033053015952202052,0.03738291875188893,0.062
Josh Cameron,WR,JAX,PHI,PHI@JAX,False,1.0,,False,,,,,,,,,,,,,0.0,0.116,0.12165,22,0.0,0.0,0.0,70.0,14.193841169552591,0.0,21.865229700481823,23.0,1.14865,0.0,2.0,17.0,0.12165,0.0,1.78655,0.0033053015952202052,0.05783646588478995,0.116
Jakobi Meyers,WR,JAX,PHI,PHI@JAX,False,0.9479829842591244,Full,False,,,,,,,,,,,,,0.006957621758380772,0.2642842083069787,0.30323634830276197,41,0.8728545633922749,0.0,0.0,80.0,42.297569371509766,19.70542411533015,58.670919869445584,53.0,3.6224963103520977,2.0,5.0,56.0,0.2962787265443812,0.20271979759645795,5.502213788741303,0.006748324090241252,0.1803647262275648,0.25053693248340975
Quintin Morris,TE,JAX,PHI,PHI@JAX,False,1.0,,False,,,,,,,,,,,,,0.0,0.0259,0.02625,4,0.0,0.0,0.0,63.0,4.306163424433858,0.0,5.212435113750608,27.0,0.44715,0.0,1.0,3.0,0.02625,0.0,0.65535,0.0033053015952202052,0.02305625794337751,0.0259
Chris Rodriguez Jr.,RB,JAX,PHI,PHI@JAX,False,1.0,,False,,,,,,,,,,,,,0.32565,0.28745,0.33145,52,31.806657001127956,16.006471093918556,42.29663032423447,53.0,0.7417653902439207,0.0,0.0,77.0,0.10105,0.0,0.0,77.0,0.0058,7.3152,0.13435,0.237229681979755,0.004562918953128341,0.28745
Brenton Strange,TE,JAX,PHI,PHI@JAX,False,1.0,,False,,,,,,,,,,,,,0.0,0.2272,0.25465,43,0.0,0.0,0.0,89.0,39.23545434912547,18.75655887578509,54.07560775381442,62.0,3.8395,2.0,5.0,65.0,0.25465,0.0,5.44175,0.0033053015952202052,0.1920058349909452,0.2272
Brian Thomas Jr.,WR,JAX,PHI,PHI@JAX,False,1.0,,False,,,,,,,,,,,,,0.0,0.1966,0.2164,30,0.0,0.0,0.0,82.0,37.512854130035215,15.658385287924432,52.79466740627665,53.0,2.9526,2.0,4.0,62.0,0.2164,0.0,4.874,0.0033053015952202052,0.15772406346721526,0.1966
Bhayshul Tuten,RB,JAX,PHI,PHI@JAX,False,1.0,,False,,,,,,,,,,,,,0.5537,0.48395,0.64225,85,65.2998458754177,42.65669970950287,82.56028472634897,82.0,9.10691945389594,0.0,13.892681942825114,54.0,1.2692,0.0,2.0,53.0,0.08855,14.4921,1.67055,0.4677057200951923,0.057852987238084366,0.48395
Parker Washington,WR,JAX,PHI,PHI@JAX,False,1.0,,False,,,,,,,,,,,,,0.00695,0.31755,0.373,66,0.9913091745814189,0.0,0.0,97.0,55.97987779948204,28.223289472323934,76.31853279017905,74.0,4.204,3.0,6.0,79.0,0.36605,0.22845,6.76705,0.007385920848578482,0.2195184884027325,0.31755
Caleb Williams,QB,CHI,GB,CHI@GB,False,0.98,DNP,False,18.666649697093114,16.0,21.0,71.0,203.15120702393327,152.60917067004408,244.48634462025095,65.0,1.1403044341495698,0.0,2.0,27.0,0.32846306572315837,0.27190347706562135,0.32846306572315837,39,,,,,,,,,,,,,,,,,,0.2664654075243089
Luther Burden III,WR,CHI,GB,CHI@GB,False,1.0,,False,,,,,,,,,,,,,0.0188,0.2557,0.29355,82,2.787480761174236,0.0,2.13528608660142,77.0,48.41164724142352,24.208275572261314,66.05023770496561,74.0,4.1373,3.0,5.0,85.0,0.27475,0.6207,6.1551,0.010494882669346561,0.19078742471437515,0.2557
Kaden Davis,WR,CHI,GB,CHI@GB,False,1.0,,False,,,,,,,,,,,,,0.0,0.0081,0.0081,1,0.0,0.0,0.0,60.0,2.313901038789328,0.0,0.0,60.0,0.1935,0.0,0.0,60.0,0.0081,0.0,0.3012,0.005363341994079816,0.009573433962276123,0.0081
Roschon Johnson,RB,CHI,GB,CHI@GB,False,1.0,,False,,,,,,,,,,,,,0.07425,0.09465,0.10035,21,6.245473552049917,0.0,7.955055579653214,26.0,1.96236702937267,0.0,0.0,64.0,0.27905,0.0,0.0,64.0,0.0261,1.4174,0.36425,0.02354508875885919,0.011284707157814879,0.09465
Cole Kmet,TE,CHI,GB,CHI@GB,False,1.0,,False,,,,,,,,,,,,,0.0,0.05905,0.0604,12,0.0,0.0,0.0,71.0,14.145267197501765,0.0,21.468709776033457,26.0,1.43555,0.0,2.0,29.0,0.0604,0.0,2.1302,0.003064766853759895,0.07042647932975149,0.05905
Colston Loveland,TE,CHI,GB,CHI@GB,False,1.0,,False,,,,,,,,,,,,,0.0,0.20795,0.2303,65,0.0,0.0,0.0,89.0,32.8788025579129,14.50374378139209,45.784944825058574,60.0,3.389,2.0,5.0,62.0,0.2303,0.0,4.88265,0.003064766853759895,0.16126204877221192,0.20795
Kyle Monangai,RB,CHI,GB,CHI@GB,False,0.5949864089398973,DNP,False,,,,,,,,,,,,,0.6276200135226504,0.5028735632183908,0.6851757944557133,52,66.91477563072856,38.4905171980629,88.24467480998597,46.0,7.473771760261808,0.0,11.658585303760262,32.0,1.0759803921568627,0.0,2.0,26.0,0.05755578093306288,12.922751859364435,1.4647565922920893,0.28303593843613295,0.04656533559162238,0.2992029355301208
Rome Odunze,WR,CHI,GB,CHI@GB,False,1.0,,False,,,,,,,,,,,,,0.0,0.18635,0.2054,46,0.0,0.0,0.0,92.0,51.75584217572892,24.22038813142165,71.36444850165768,65.0,3.7611,2.0,5.0,68.0,0.2054,0.0,6.12765,0.003064766853759895,0.19009910417067508,0.18635
Kalif Raymond,WR,CHI,GB,CHI@GB,False,1.0,,False,,,,,,,,,,,,,0.0,0.1853,0.20315,62,0.0,0.0,0.0,97.0,37.169653404002936,16.24777673254564,51.913059052821794,68.0,3.43845,2.0,5.0,71.0,0.20315,0.0,4.94815,0.003064766853759895,0.15331887716269374,0.1853
Sam Roush,TE,CHI,GB,CHI@GB,False,1.0,,False,,,,,,,,,,,,,0.0,0.0444,0.0456,14,0.0,0.0,0.0,68.0,6.480606944335333,0.0,9.95188208998791,22.0,0.6923,0.0,1.0,25.0,0.0456,0.0,0.98505,0.003064766853759895,0.03251259118366673,0.0444
D'Andre Swift,RB,CHI,GB,CHI@GB,False,0.5949864089398973,DNP,False,,,,,,,,,,,,,0.7805917753259779,0.5883483784687396,0.8732865262454029,52,80.6251802604117,52.88675367819668,102.38223550905248,48.0,15.235640361412086,4.083751104150552,22.267075335545304,38.0,2.078986960882648,1.0,3.0,42.0,0.09269475091942495,17.2170678702775,2.7534269475091944,0.4219069698864568,0.08955285868227841,0.35005928891072696
Zavion Thomas,WR,CHI,GB,CHI@GB,False,1.0,,False,,,,,,,,,,,,,0.0,0.0107,0.0107,2,0.0,0.0,0.0,62.0,2.941850375014943,0.0,0.0,62.0,0.259,0.0,0.0,62.0,0.0107,0.0,0.3974,0.003064766853759895,0.012153866782092057,0.0107
Jahdae Walker,WR,CHI,GB,CHI@GB,False,1.0,,False,,,,,,,,,,,,,0.0,0.04155,0.04225,7,0.0,0.0,0.0,62.0,6.181243969903421,0.0,8.729027401157865,19.0,0.5402,0.0,1.0,6.0,0.04225,0.0,0.836,0.003064766853759895,0.025826891116866826,0.04155
Jordan Love,QB,GB,CHI,CHI@GB,False,1.0,,False,19.55265,17.0,22.0,92.0,242.8520618564981,183.1553295725725,290.80440898560715,87.0,1.65575,1.0,2.0,82.0,0.03735,0.03665,0.03735,62,,,,,,,,,,,,,,,,,,0.03665
Chris Brooks,RB,GB,CHI,CHI@GB,False,0.5949864089398973,DNP,False,,,,,,,,,,,,,0.11831867388362652,0.1553619756427605,0.1662719891745602,31,15.60749481107432,4.80295094959388,21.704470151157082,26.0,7.507670504772011,0.0,11.522932570260132,18.0,0.9999154262516915,0.0,2.0,10.0,0.0479533152909337,3.209066305818674,1.469215155615697,0.15953856584065562,0.03422908462649621,0.09243826397349386
Matthew Golden,WR,GB,CHI,CHI@GB,False,1.0,,False,,,,,,,,,,,,,0.0042,0.31855,0.37645,72,0.8255634334978553,0.0,0.0,97.0,59.24333591953876,30.032508519963457,80.64337913259074,74.0,4.2565,3.0,6.0,79.0,0.37225,0.17145,7.7901,0.00812262644824608,0.18819997542987954,0.31855
Kaleb Johnson,RB,GB,CHI,CHI@GB,False,1.0,,False,,,,,,,,,,,,,0.15215,0.15635,0.16875,30,24.690144503669377,11.077321677532208,33.24824187182453,50.0,2.682776212184913,0.0,1.6844405272383518,58.0,0.3533,0.0,1.0,17.0,0.0166,5.4782,0.52395,0.253271826831261,0.012013840949086021,0.15635
Tucker Kraft,TE,GB,CHI,CHI@GB,False,1.0,,False,,,,,,,,,,,,,0.01585,0.29325,0.34025,70,0.8094676633873827,0.0,0.0,97.0,51.699139828168356,26.598815354105817,69.74737291618042,73.0,4.51465,3.0,6.0,78.0,0.3244,0.17575,7.2699,0.00812262644824608,0.18331362184689942,0.29325
MarShawn Lloyd,RB,GB,CHI,CHI@GB,False,1.0,,False,,,,,,,,,,,,,0.3037,0.38225,0.46735,82,41.28599133529424,23.411374040992495,53.89637804544896,73.0,13.857812482862087,2.4804552738942096,20.67796038365537,55.0,1.843,1.0,3.0,62.0,0.16365,10.0005,2.71895,0.4635748829249969,0.06274155331360505,0.38225
Bo Melton,WR,GB,CHI,CHI@GB,False,1.0,,False,,,,,,,,,,,,,0.0,0.0427,0.04325,7,0.0,0.0,0.0,66.0,9.191830437486818,0.0,13.9447062103488,21.0,0.7196,0.0,1.0,25.0,0.04325,0.0,1.28255,0.0034811256206768917,0.031053572215054115,0.0427
J. Michael Sturdivant,WR,GB,CHI,CHI@GB,False,1.0,,False,,,,,,,,,,,,,0.0,0.03565,0.03605,7,0.0,0.0,0.0,66.0,7.689029095286616,0.0,11.526036658784324,21.0,0.6228,0.0,1.0,18.0,0.03605,0.0,1.0877,0.00406131322412304,0.025922737281007118,0.03565
Skyy Moore,WR,GB,CHI,CHI@GB,False,1.0,,False,,,,,,,,,,,,,0.0,0.1716,0.1877,45,0.0,0.0,0.0,81.0,17.951163831254245,1.0121896517225386,27.25398725053359,37.0,1.53415,1.0,2.0,61.0,0.1877,0.0,2.74155,0.0034811256206768917,0.06687632327675677,0.1716
Mark Redman,TE,GB,CHI,CHI@GB,False,1.0,,False,,,,,,,,,,,,,0.0,0.01875,0.01885,4,0.0,0.0,0.0,63.0,3.746585628233705,0.0,2.5082937052553063,43.0,0.3546,0.0,1.0,3.0,0.01885,0.0,0.5728,0.0034811256206768917,0.014614222037191142,0.01875
Jonnu Smith,TE,GB,CHI,CHI@GB,False,1.0,,False,,,,,,,,,,,,,0.0,0.09935,0.1039,18,0.0,0.0,0.0,71.0,14.60230954610068,0.0,22.258503425984365,25.0,1.4523,0.0,2.0,30.0,0.1039,0.0,2.36005,0.0034811256206768917,0.06024863870336624,0.09935
Christian Watson,WR,GB,CHI,CHI@GB,False,1.0,,False,,,,,,,,,,,,,0.0,0.36425,0.44445,82,0.0,0.0,0.0,97.0,75.29334349545954,39.45291439280626,101.10561962423009,75.0,4.7074,3.0,6.0,81.0,0.44445,0.0,8.32345,0.0034811256206768917,0.20185851657403997,0.36425
Joe Burrow,QB,CIN,MIA,CIN@MIA,False,1.0,,False,25.96105,23.0,29.0,93.0,274.8235497186232,212.53614652081276,325.53250385924923,88.0,1.5619,1.0,2.0,81.0,0.07555,0.07265,0.07555,62,,,,,,,,,,,,,,,,,,0.07265
Erick All,TE,CIN,MIA,CIN@MIA,False,1.0,,False,,,,,,,,,,,,,0.0,0.0257,0.0261,5,0.0,0.0,0.0,65.0,6.171274774980759,0.0,8.834937919714726,22.0,0.6292,0.0,1.0,17.0,0.0261,0.0,0.81315,0.003539925613483851,0.01711712027769189,0.0257
Tahj Brooks,RB,CIN,MIA,CIN@MIA,False,1.0,,False,,,,,,,,,,,,,0.014,0.019,0.0192,1,2.2430319747498433,0.0,2.040786300660774,33.0,0.9317878599141776,0.0,0.0,60.0,0.1283,0.0,0.0,60.0,0.0052,0.5407,0.15025,0.022836924406049224,0.0034197594595343265,0.019
Chase Brown,RB,CIN,MIA,CIN@MIA,False,1.0,,False,,,,,,,,,,,,,0.50095,0.5237,0.7167,85,57.661257180909814,36.44399428084618,72.97649472128212,81.0,33.434209346651194,16.831602578039114,45.425509414838274,74.0,4.9503,3.0,7.0,76.0,0.21575,14.9777,5.8056,0.6405465317026622,0.1314977498564562,0.5237
Ja'Marr Chase,WR,CIN,MIA,CIN@MIA,False,0.8055616699684496,DNP,False,,,,,,,,,,,,,0.0,0.35236429508401523,0.4266350178024861,53,0.0,0.0,0.0,81.0,75.14632476153616,44.347483191891875,98.25079123962354,63.0,6.8551439815104,5.0,9.0,66.0,0.4266350178024861,0.0,9.327565744268849,0.003539925613483851,0.22537391623472627,0.2838511699851349
Mike Gesicki,TE,CIN,MIA,CIN@MIA,False,1.0,,False,,,,,,,,,,,,,0.0,0.2233,0.25165,43,0.0,0.0,0.0,84.0,36.11749003477207,14.909306756457646,50.619579946601526,54.0,3.4642,2.0,5.0,58.0,0.25165,0.0,4.5335,0.003539925613483851,0.09498194128093662,0.2233
Tee Higgins,WR,CIN,MIA,CIN@MIA,False,0.8055616699684496,DNP,False,,,,,,,,,,,,,0.0,0.28687055915971577,0.33209762125424774,44,0.0,0.0,0.0,81.0,83.82576458210299,47.57022800621582,110.19375823787217,63.0,5.845165276490578,4.0,7.0,68.0,0.33209762125424774,0.0,8.34933580475749,0.003539925613483851,0.20042997900290802,0.23109192670148354
Tanner Hudson,TE,CIN,MIA,CIN@MIA,False,1.0,,False,,,,,,,,,,,,,0.0,0.08015,0.08295,13,0.0,0.0,0.0,66.0,12.086181362863385,0.0,18.39857322898621,21.0,1.25145,0.0,2.0,18.0,0.08295,0.0,1.57395,0.004129913215731159,0.03291161456846782,0.08015
Dohnte Meyers,WR,CIN,MIA,CIN@MIA,False,1.0,,False,,,,,,,,,,,,,0.00525,0.09245,0.0971,28,0.7867265052512145,0.0,0.0,86.0,24.707707181029836,5.865660291744934,36.195871057982664,49.0,2.03035,1.0,3.0,56.0,0.09185,0.1846,2.84705,0.007910204148649099,0.06480917799194279,0.09245
Samaje Perine,RB,CIN,MIA,CIN@MIA,False,1.0,,False,,,,,,,,,,,,,0.1608,0.1982,0.21795,38,19.371752146857396,7.689952904127617,25.962371761707526,51.0,12.065651939884832,0.0,18.103396301479,34.0,1.6209,0.0,2.0,42.0,0.05715,4.7957,1.90565,0.20526079895628735,0.043335581664010574,0.1982
Drew Sample,TE,CIN,MIA,CIN@MIA,False,1.0,,False,,,,,,,,,,,,,0.0,0.0786,0.08235,14,0.0,0.0,0.0,68.0,11.1227575805311,0.0,17.099320628798694,22.0,1.1468,0.0,2.0,16.0,0.08235,0.0,1.45255,0.003539925613483851,0.03042267817445308,0.0786
Mitchell Tinsley,WR,CIN,MIA,CIN@MIA,False,1.0,,False,,,,,,,,,,,,,0.0,0.17485,0.18975,25,0.0,0.0,0.0,67.0,23.103756746567726,3.8847472427069616,34.51502836535996,28.0,1.82135,1.0,3.0,35.0,0.18975,0.0,2.9542,0.006194869823596739,0.06741354678791864,0.17485
Ke'Shawn Williams,WR,CIN,MIA,CIN@MIA,False,1.0,,False,,,,,,,,,,,,,0.0,0.00555,0.00555,1,0.0,0.0,0.0,60.0,1.5742849270742165,0.0,0.0,60.0,0.12525,0.0,0.0,60.0,0.00555,0.0,0.1778,0.006194869823596739,0.00412741017456581,0.00555
Colbie Young,WR,CIN,MIA,CIN@MIA,False,0.9575230478992892,Limited,False,,,,,,,,,,,,,0.0,0.020367662419051597,0.02057656152078546,3,0.0,0.0,0.0,61.0,5.529511877799866,0.0,6.504560549040583,27.0,0.4685084604136202,0.0,1.0,3.0,0.02057656152078546,0.0,0.648945059536244,0.004129913215731159,0.014532040035759766,0.019502506198074095
Malik Willis,QB,MIA,CIN,CIN@MIA,False,1.0,,False,16.25515,14.0,19.0,91.0,213.72637551668845,158.40228219857727,258.4203167286457,86.0,1.12275,0.0,2.0,47.0,0.1846,0.1693,0.1846,62,,,,,,,,,,,,,,,,,,0.1693
Chris Bell,WR,MIA,CIN,CIN@MIA,False,0.9575230478992892,Limited,False,,,,,,,,,,,,,0.0,0.12721475983902159,0.13505461767626614,22,0.0,0.0,0.0,77.0,35.51439499539241,11.352262090538293,51.581985815723755,45.0,2.305127267025558,1.0,3.0,52.0,0.13505461767626614,0.0,4.169445460722312,0.003156639636909862,0.11786435793031069,0.12181106457883605
Kevin Coleman Jr.,WR,MIA,CIN,CIN@MIA,False,1.0,,False,,,,,,,,,,,,,0.0,0.14225,0.15205,23,0.0,0.0,0.0,76.0,25.4549505549398,5.468094313652562,37.6922195102343,38.0,1.8354,1.0,3.0,43.0,0.15205,0.0,3.33905,0.003156639636909862,0.0937732613290441,0.14225
Caleb Douglas,WR,MIA,CIN,CIN@MIA,False,0.8055616699684496,DNP,False,,,,,,,,,,,,,0.0,0.20717007057647868,0.23034164012241584,16,0.0,0.0,0.0,59.0,52.15674345707118,23.176933916510336,72.71036544581263,36.0,3.37467990756355,2.0,5.0,38.0,0.23034164012241584,0.0,5.89244894135282,0.004419295491673807,0.17234430603336268,0.16688826802106974
Greg Dulcich,TE,MIA,CIN,CIN@MIA,False,1.0,,False,,,,,,,,,,,,,0.0,0.20535,0.22645,32,0.0,0.0,0.0,79.0,31.229851997899747,10.651905181042201,44.68609765530368,47.0,2.50745,1.0,4.0,43.0,0.22645,0.0,3.923,0.003156639636909862,0.09634596687614097,0.20535
Ollie Gordon II,RB,MIA,CIN,CIN@MIA,False,1.0,,False,,,,,,,,,,,,,0.44715,0.3965,0.49395,62,57.4389483826712,36.088395878991456,73.64994201554588,66.0,8.147313739107974,0.0,12.553812006715644,40.0,0.97705,0.0,2.0,26.0,0.0468,12.27455,1.42795,0.24174311254954098,0.03539247829399241,0.3965
DJ Herman,RB,MIA,CIN,CIN@MIA,False,1.0,,False,,,,,,,,,,,,,0.0085,0.04195,0.04275,4,1.2525650002922462,0.0,0.0,64.0,6.079430445764547,0.0,9.266032553990682,18.0,0.6851,0.0,1.0,20.0,0.03425,0.2656,1.01225,0.005307124380015946,0.02491205840437122,0.04195
Will Kacmarek,TE,MIA,CIN,CIN@MIA,False,1.0,,False,,,,,,,,,,,,,0.0,0.04425,0.0451,7,0.0,0.0,0.0,66.0,10.002679496031911,0.0,15.61594975677887,20.0,0.86695,0.0,1.0,32.0,0.0451,0.0,1.3938,0.003156639636909862,0.03443170706299964,0.04425
Ryan Miller,WR,MIA,CIN,CIN@MIA,False,1.0,,False,,,,,,,,,,,,,0.0,0.02335,0.0236,7,0.0,0.0,0.0,66.0,7.149996726063351,0.0,8.328265705337337,31.0,0.4343,0.0,1.0,6.0,0.0236,0.0,0.74215,0.003156639636909862,0.020734875645646546,0.02335
Jalen Tolbert,WR,MIA,CIN,CIN@MIA,False,1.0,,False,,,,,,,,,,,,,0.0,0.0432,0.04415,1,0.0,0.0,0.0,61.0,10.5414444149924,0.0,16.153152721224153,15.0,0.7153,0.0,1.0,19.0,0.04415,0.0,1.29935,0.004419295491673807,0.0363517144733051,0.0432
Malik Washington,WR,MIA,CIN,CIN@MIA,False,1.0,,False,,,,,,,,,,,,,0.1006,0.31455,0.37285,60,5.74719269308058,0.0,7.713915444013393,60.0,51.19000869856829,25.232314447230525,70.04219367980788,74.0,4.0855,2.0,5.0,78.0,0.27225,1.26285,7.07405,0.025264691310566866,0.1983090704070458,0.31455
Jaylen Wright,RB,MIA,CIN,CIN@MIA,False,1.0,,False,,,,,,,,,,,,,0.2507,0.2397,0.2702,17,25.333341753204063,10.988804254369288,34.44622648801469,38.0,3.292173314369565,0.0,2.9175990567879087,39.0,0.38045,0.0,1.0,5.0,0.0195,6.01735,0.5609,0.11830215969367812,0.013904828425627425,0.2397
Kirk Cousins,QB,LV,NE,LV@NE,False,1.0,,False,20.45965,17.0,23.0,91.0,221.67440479771662,168.7992342385037,265.04084457930196,87.0,1.23845,0.0,2.0,52.0,0.02585,0.0253,0.02585,62,,,,,,,,,,,,,,,,,,0.0253
Cody White,WR,LV,NE,LV@NE,False,1.0,,False,,,,,,,,,,,,,0.0,0.1209,0.1279,40,0.0,0.0,0.0,76.0,14.575556915519552,0.0,22.382952005767,30.0,1.12805,0.0,2.0,23.0,0.1279,0.0,1.88595,0.0034255578784995926,0.054762679400640224,0.1209
Malik Benson,WR,LV,NE,LV@NE,False,1.0,,False,,,,,,,,,,,,,0.0032,0.0311,0.0314,7,0.7712193930265084,0.0,0.0,66.0,7.4644583405509595,0.0,10.827867459919261,23.0,0.5876,0.0,1.0,15.0,0.0282,0.17765,0.98545,0.006511646057328055,0.028399677261067607,0.0311
Brock Bowers,TE,LV,NE,LV@NE,False,1.0,,False,,,,,,,,,,,,,0.0,0.2932,0.3429,57,0.0,0.0,0.0,92.0,67.06510852193719,39.29209534994507,88.31185278235783,70.0,6.2093,4.0,8.0,73.0,0.3429,0.0,9.3502,0.00479578102989943,0.25034393203975536,0.2932
Connor Heyward,RB,LV,NE,LV@NE,False,1.0,,False,,,,,,,,,,,,,0.0181,0.0243,0.0249,4,5.213384441673392,0.0,6.824153631378179,25.0,1.2314523226076122,0.0,0.0,64.0,0.1609,0.0,0.0,64.0,0.0068,1.3041,0.22225,0.04752383222992902,0.006114776369486277,0.0243
Ashton Jeanty,RB,LV,NE,LV@NE,False,1.0,,False,,,,,,,,,,,,,0.3064,0.4429,0.571,85,62.689031860743626,41.06312714111486,79.02648507297386,82.0,28.12168158258398,12.927733459278048,38.88584073483334,72.0,3.7099,2.0,5.0,76.0,0.2646,16.66055,5.1611,0.6071335481671585,0.14573538844504513,0.4429
Dylan Laube,RB,LV,NE,LV@NE,False,1.0,,False,,,,,,,,,,,,,0.0026,0.00615,0.0062,1,0.7951867205222773,0.0,0.0,60.0,0.6051249729165067,0.0,0.0,60.0,0.07805,0.0,0.0,60.0,0.0036,0.1943,0.10935,0.007110179280823846,0.003048724462912178,0.00615
Michael Mayer,TE,LV,NE,LV@NE,False,1.0,,False,,,,,,,,,,,,,0.0,0.185,0.20215,53,0.0,0.0,0.0,97.0,38.384879636363614,18.379748595758286,52.98559263712461,71.0,3.87065,2.0,5.0,75.0,0.20215,0.0,5.8027,0.0034255578784995926,0.156591426382505,0.185
Jalen Nailor,WR,LV,NE,LV@NE,False,1.0,,False,,,,,,,,,,,,,0.0,0.0997,0.1043,25,0.0,0.0,0.0,78.0,24.144291564205382,5.1746135094204995,35.82649789133838,40.0,1.8152,1.0,3.0,45.0,0.1043,0.0,3.1031,0.0034255578784995926,0.08944908339636284,0.0997
Ian Thomas,TE,LV,NE,LV@NE,False,1.0,,False,,,,,,,,,,,,,0.0,0.01945,0.01965,5,0.0,0.0,0.0,65.0,5.221669807174907,0.0,6.929547914484135,25.0,0.50205,0.0,1.0,5.0,0.01965,0.0,0.75435,0.0034255578784995926,0.0198833975145798,0.01945
Tre Tucker,WR,LV,NE,LV@NE,False,1.0,,False,,,,,,,,,,,,,0.0,0.1566,0.1688,46,0.0,0.0,0.0,97.0,43.62745638283084,18.570065737731923,61.17440436036485,68.0,3.1595,2.0,4.0,78.0,0.1688,0.0,5.26585,0.0034255578784995926,0.15231366414891231,0.1566
Mike Washington Jr.,RB,LV,NE,LV@NE,False,1.0,,False,,,,,,,,,,,,,0.095,0.1064,0.1117,44,28.82025589308322,14.037825211727323,38.346579255142025,55.0,3.0388212252502216,0.0,2.99615649518072,50.0,0.3998,0.0,1.0,20.0,0.0167,6.24275,0.55805,0.2280741146327831,0.015570692276569792,0.1064
Dareke Young,WR,LV,NE,LV@NE,False,1.0,,False,,,,,,,,,,,,,0.0,0.01535,0.01545,5,0.0,0.0,0.0,65.0,4.167339887920287,0.0,0.0,65.0,0.3139,0.0,0.0,65.0,0.01545,0.0,0.5135,0.0034255578784995926,0.01503844061738861,0.01535
Drake Maye,QB,NE,LV,LV@NE,False,0.98,Full,False,17.10815087020875,14.0,20.0,88.0,201.94173587607517,148.9419239046232,244.181216040887,84.0,1.6472719848925637,1.0,2.0,80.0,0.1783289950492523,0.16480375644362782,0.1783289950492523,60,,,,,,,,,,,,,,,,,,0.16150768131475526
Efton Chism III,WR,NE,LV,LV@NE,False,1.0,,False,,,,,,,,,,,,,0.0,0.0926,0.09685,18,0.0,0.0,0.0,71.0,10.121989123296022,0.0,15.401793559714015,26.0,0.7827,0.0,1.0,33.0,0.09685,0.0,1.3578,0.003499168491966171,0.03645230699516258,0.0926
Romeo Doubs,WR,NE,LV,LV@NE,False,1.0,,False,,,,,,,,,,,,,0.0,0.3408,0.40885,57,0.0,0.0,0.0,92.0,52.922342679498925,24.3277082276576,73.36509056129702,64.0,3.6142,2.0,5.0,67.0,0.40885,0.0,6.27305,0.002999287278828147,0.16788266977106447,0.3408
DeMario Douglas,WR,NE,LV,LV@NE,False,1.0,,False,,,,,,,,,,,,,0.0,0.2126,0.2357,41,0.0,0.0,0.0,87.0,30.14398398492001,9.38776154841615,43.58103783959507,53.0,2.28475,1.0,3.0,61.0,0.2357,0.0,3.97745,0.002999287278828147,0.106385942012053,0.2126
Reggie Gilliam,RB,NE,LV,LV@NE,False,0.9951309141019752,Limited,False,,,,,,,,,,,,,0.0,0.02021014529184053,0.020360967271630386,3,0.0,0.0,0.0,62.0,2.893175993816966,0.0,2.3833758740212776,38.0,0.3699663164245136,0.0,1.0,3.0,0.020360967271630386,0.0,0.5342617264089287,0.0030218523112235116,0.01456980222303602,0.020111740358402998
TreVeyon Henderson,RB,NE,LV,LV@NE,False,1.0,,False,,,,,,,,,,,,,0.37,0.3586,0.43335,43,55.8093653778171,34.845580913285914,72.0082029462764,69.0,7.996475924650007,0.0,12.364865821771557,43.0,1.05895,0.0,2.0,33.0,0.06335,11.916,1.514,0.39146713209197664,0.04155424563554903,0.3586
Hunter Henry,TE,NE,LV,LV@NE,False,1.0,,False,,,,,,,,,,,,,0.0,0.2013,0.22305,32,0.0,0.0,0.0,84.0,32.24136461625391,12.457869420459424,45.62229860835234,53.0,2.86625,2.0,4.0,63.0,0.22305,0.0,4.5271,0.002999287278828147,0.1384559137814865,0.2013
Mack Hollins,WR,NE,LV,LV@NE,False,0.8055616699684496,DNP,False,,,,,,,,,,,,,0.0,0.3086258401792382,0.36196166293253673,46,0.0,0.0,0.0,74.0,41.21493331609829,17.277312401580755,57.55017083386092,50.0,3.0725665919840677,2.0,4.0,58.0,0.36196166293253673,0.0,5.103497635051033,0.002999287278828147,0.1412286434015457,0.24861714721020298
Corey Kiner,RB,NE,LV,LV@NE,False,1.0,,False,,,,,,,,,,,,,0.0794,0.0872,0.0913,12,12.49496963010999,3.073898145534425,17.12424132083784,37.0,1.4969086506022902,0.0,0.0,71.0,0.1912,0.0,0.0,71.0,0.0119,2.9391,0.2793,0.0968969694497785,0.0076054612021585885,0.0872
Lan Larison,RB,NE,LV,LV@NE,False,1.0,,False,,,,,,,,,,,,,0.0042,0.0497,0.05105,2,0.7171836052325112,0.0,0.0,62.0,5.8120716573241165,0.0,8.849906358163183,16.0,0.7525,0.0,1.0,22.0,0.04685,0.153,1.09145,0.005221600846862721,0.030049996242021704,0.0497
Cameron Latu,TE,NE,LV,LV@NE,False,1.0,,False,,,,,,,,,,,,,0.0,0.002,0.002,1,0.0,0.0,0.0,60.0,0.34783739852253465,0.0,0.0,60.0,0.03175,0.0,0.0,60.0,0.002,0.0,0.05115,0.002999287278828147,0.0015760740921569342,0.002
Eli Raridon,TE,NE,LV,LV@NE,False,1.0,,False,,,,,,,,,,,,,0.0,0.0986,0.1035,18,0.0,0.0,0.0,66.0,5.444485612870674,0.0,7.244074572473658,26.0,0.5087,0.0,1.0,7.0,0.1035,0.0,0.8036,0.003499168491966171,0.024336736714599332,0.0986
Rhamondre Stevenson,RB,NE,LV,LV@NE,False,0.9951309141019752,Limited,False,,,,,,,,,,,,,0.30686846339501206,0.37731295253419145,0.46369670152855996,55,38.5863915195055,21.257150418812497,50.680593276932825,77.0,22.424308650356874,7.703373853979939,32.16865774322646,67.0,2.6041834271922766,1.0,4.0,65.0,0.15682823813354788,8.428298471440064,3.676236926790024,0.2787494754744057,0.10072983615160054,0.37547578335786513
Kyle Williams,WR,NE,LV,LV@NE,False,1.0,,False,,,,,,,,,,,,,0.0,0.06695,0.06935,12,0.0,0.0,0.0,71.0,11.489840928234688,0.0,17.697681164464232,25.0,0.8236,0.0,1.0,35.0,0.06935,0.0,1.56105,0.002999287278828147,0.04207383967008675,0.06695
Kyler Murray,QB,MIN,NO,MIN@NO,False,1.0,,False,17.70105,15.0,20.0,83.0,191.05011008757597,143.06063722336785,229.9849344353247,78.0,1.13855,0.0,2.0,39.0,0.1722,0.159,0.1722,52,,,,,,,,,,,,,,,,,,0.159
Jordan Addison,WR,MIN,NO,MIN@NO,False,0.8055616699684496,DNP,False,,,,,,,,,,,,,0.005616925669350309,0.18691880421893528,0.2037071709417712,36,1.1678094277242244,0.0,0.0,77.0,44.276521694311676,19.438488016923067,61.88628241574014,54.0,3.2518255008425387,2.0,4.0,62.0,0.1980902452724209,0.24589652374711352,5.619297260188479,0.005793007510784161,0.16800598234687883,0.15057462407511119
Gavin Bartholomew,TE,MIN,NO,MIN@NO,False,1.0,,False,,,,,,,,,,,,,0.0,0.0091,0.0091,2,0.0,0.0,0.0,62.0,1.9770231208440863,0.0,0.0,62.0,0.1988,0.0,0.0,62.0,0.0091,0.0,0.29075,0.0027914492150410727,0.009011099977123474,0.0091
Max Bredeson,RB,MIN,NO,MIN@NO,False,1.0,,False,,,,,,,,,,,,,0.0,0.0036,0.0036,1,0.0,0.0,0.0,60.0,0.7594220797184841,0.0,0.0,60.0,0.1025,0.0,0.0,60.0,0.0036,0.0,0.13925,0.004693145207801837,0.004033226291906301,0.0036
Demond Claiborne,RB,MIN,NO,MIN@NO,False,1.0,,False,,,,,,,,,,,,,0.04895,0.0613,0.06325,6,9.08070190252152,0.3744643718809419,12.542385950018975,25.0,2.5874734336308634,0.0,1.9010423367695464,43.0,0.35825,0.0,1.0,5.0,0.0143,2.029,0.4857,0.04805394306687309,0.014295876224277835,0.0613
DeeJay Dallas,RB,MIN,NO,MIN@NO,False,1.0,,False,,,,,,,,,,,,,0.02625,0.05285,0.0539,7,5.220722699014339,0.0,6.916402948015223,26.0,5.010921660877027,0.0,7.684049664516405,20.0,0.68215,0.0,1.0,22.0,0.02765,1.0942,0.923,0.02608061566352346,0.027334465666994788,0.05285
Tai Felton,WR,MIN,NO,MIN@NO,False,1.0,,False,,,,,,,,,,,,,0.0,0.02155,0.02165,5,0.0,0.0,0.0,65.0,5.5972043565934815,0.0,7.128982766392569,27.0,0.4587,0.0,1.0,5.0,0.02165,0.0,0.7427,0.0027914492150410727,0.021043022723246423,0.02155
T.J. Hockenson,TE,MIN,NO,MIN@NO,False,1.0,,False,,,,,,,,,,,,,0.0,0.28285,0.32755,72,0.0,0.0,0.0,97.0,41.68239183138093,21.03586793880505,56.43180905226666,75.0,4.427,3.0,6.0,80.0,0.32755,0.0,6.33055,0.0027914492150410727,0.19282578375718704,0.28285
Justin Jefferson,WR,MIN,NO,MIN@NO,False,0.9575230478992892,Limited,False,,,,,,,,,,,,,0.0,0.29193228132511234,0.34287804368272545,44,0.0,0.0,0.0,83.0,64.88958024431913,35.278509933256615,87.10594892091538,61.0,5.120806771867489,3.0,7.0,61.0,0.34287804368272545,0.0,8.262984637893197,0.0032566907508812513,0.23973382591278367,0.2795318877946143
Jauan Jennings,WR,MIN,NO,MIN@NO,False,1.0,,False,,,,,,,,,,,,,0.0,0.08615,0.08995,7,0.0,0.0,0.0,66.0,21.198465415585186,4.263627803291124,31.57549483739615,28.0,1.8201,1.0,3.0,33.0,0.08995,0.0,2.9642,0.0032566907508812513,0.08442790028753078,0.08615
Aaron Jones,RB,MIN,NO,MIN@NO,False,0.9951309141019752,Limited,False,,,,,,,,,,,,,0.5062026015770177,0.5036412033549295,0.6795238812716589,85,90.49565465142973,64.07647925897048,111.60904531924936,84.0,19.6446501311721,7.135192235656059,28.16976253399224,68.0,2.681331927075486,1.0,4.0,66.0,0.17332127969464114,19.333383556827883,3.7837878559590177,0.4658590711844335,0.1129134423401349,0.5011889310740097
Jeshaun Jones,WR,MIN,NO,MIN@NO,False,1.0,,False,,,,,,,,,,,,,0.0,0.00965,0.0097,1,0.0,0.0,0.0,60.0,2.171392864801949,0.0,0.0,60.0,0.18015,0.0,0.0,60.0,0.0097,0.0,0.2905,0.004885036126321876,0.008278647270481554,0.00965
Myles Price,WR,MIN,NO,MIN@NO,False,1.0,,False,,,,,,,,,,,,,0.00535,0.0337,0.0341,5,1.1678453807447085,0.0,0.0,65.0,6.419535964190092,0.0,9.180138263398462,22.0,0.5486,0.0,1.0,10.0,0.02875,0.24265,0.8854,0.005793007510784161,0.02536021165918079,0.0337
Tyler Shough,QB,NO,MIN,MIN@NO,False,0.98,Limited,False,21.31678474947755,18.0,24.0,90.0,243.9074676555568,185.48474268354022,291.3549587683435,85.0,1.4443651562261073,1.0,2.0,78.0,0.18578928589632498,0.17054895764310107,0.18578928589632498,60,,,,,,,,,,,,,,,,,,0.16713797849023904
Kevin Austin Jr.,WR,NO,MIN,MIN@NO,False,1.0,,False,,,,,,,,,,,,,0.0,0.0477,0.0485,2,0.0,0.0,0.0,62.0,12.954343585924924,0.0,20.030501409135198,15.0,0.98015,0.0,2.0,2.0,0.0485,0.0,1.76025,0.002777200439916615,0.038718527505196845,0.0477
Barion Brown,WR,NO,MIN,MIN@NO,False,0.8055616699684496,DNP,False,,,,,,,,,,,,,0.015997510115157175,0.024151882975412386,0.02433862433862434,4,2.8056287358020406,0.0,2.5471424102399314,26.0,2.3612902763576944,0.0,0.0,48.0,0.1738562091503268,0.0,0.0,48.0,0.008341114223467165,0.6310613134142546,0.3027077497665733,0.01324448513890058,0.0066534002223840125,0.01945583118255577
Oscar Delp,TE,NO,MIN,MIN@NO,False,1.0,,False,,,,,,,,,,,,,0.0,0.017,0.01705,2,0.0,0.0,0.0,62.0,4.1188321287987195,0.0,3.585855438273632,35.0,0.39055,0.0,1.0,2.0,0.01705,0.0,0.61895,0.003240067179902717,0.01245125086906069,0.017
CJ Donaldson,RB,NO,MIN,MIN@NO,False,1.0,,False,,,,,,,,,,,,,0.08935,0.1103,0.11575,16,11.04550014566865,1.3158863948673396,15.18070658550248,32.0,4.779079473858678,0.0,6.859908241512445,27.0,0.6243,0.0,1.0,22.0,0.0264,2.49445,0.92525,0.05040218814043627,0.018315391317958764,0.1103
Noah Fant,TE,NO,MIN,MIN@NO,False,0.9575230478992892,Limited,False,,,,,,,,,,,,,0.0,0.1461149089391014,0.15702134321348432,36,0.0,0.0,0.0,76.0,22.194978559700868,5.57329902101047,32.601276546586504,41.0,2.1439753692010646,1.0,3.0,49.0,0.15702134321348432,0.0,3.3919532432291395,0.003240067179902717,0.06959978956161296,0.13990839295089547
Juwan Johnson,TE,NO,MIN,MIN@NO,False,1.0,,False,,,,,,,,,,,,,0.0,0.32625,0.3876,82,0.0,0.0,0.0,97.0,57.799184624414785,30.428311967338086,77.91634640300735,75.0,5.1954,3.0,7.0,77.0,0.3876,0.0,8.2057,0.002777200439916615,0.16775253921279976,0.32625
Alvin Kamara,RB,NO,MIN,MIN@NO,False,0.5949864089398973,DNP,False,,,,,,,,,,,,,0.29854389361164885,0.3833852369329181,0.4746233482030132,43,38.411504173521195,20.837446849373357,50.779688245815635,43.0,25.689032847693763,11.19192951784406,35.85215631674491,40.0,3.5462503156299974,2.0,5.0,42.0,0.17607945459136437,9.852032657183738,5.123895295008838,0.26177945945775255,0.10747443925681736,0.22810900536328862
Bryce Lance,WR,NO,MIN,MIN@NO,False,1.0,,False,,,,,,,,,,,,,0.0,0.07965,0.08225,28,0.0,0.0,0.0,81.0,16.389495626717018,0.0,25.035919589640635,35.0,1.25105,0.0,2.0,33.0,0.08225,0.0,2.25685,0.002777200439916615,0.0499532780423149,0.07965
Kendre Miller,RB,NO,MIN,MIN@NO,False,1.0,,False,,,,,,,,,,,,,0.2786,0.295,0.34585,39,35.99852793577683,17.163623852840544,48.61742419549247,54.0,8.30684824957259,0.0,12.739758909268494,35.0,1.07405,0.0,2.0,25.0,0.06725,8.9844,1.5994,0.18166884697543167,0.03142063231011228,0.295
Jalen Cropper,WR,NO,MIN,MIN@NO,False,1.0,,False,,,,,,,,,,,,,0.0,0.0099,0.00995,1,0.0,0.0,0.0,60.0,2.61437454535998,0.0,0.0,60.0,0.1963,0.0,0.0,60.0,0.00995,0.0,0.34305,0.0048601007698540755,0.007649147194441482,0.0099
Chris Olave,WR,NO,MIN,MIN@NO,False,0.8055616699684496,DNP,False,,,,,,,,,,,,,0.0,0.33374636020073106,0.40090452883960104,57,0.0,0.0,0.0,80.0,87.785178120578,51.48707036352414,115.58747621449798,63.0,6.327922681370423,4.0,8.0,65.0,0.40090452883960104,0.0,10.796233194969332,0.002777200439916615,0.2589533296832683,0.2688532752691926
Devaughn Vele,WR,NO,MIN,MIN@NO,False,1.0,,False,,,,,,,,,,,,,0.0,0.24915,0.28355,77,0.0,0.0,0.0,97.0,42.46671203857754,18.204722514429854,59.378262465451265,71.0,3.46505,2.0,5.0,74.0,0.28355,0.0,6.0412,0.002777200439916615,0.13359342094210783,0.24915
Treyton Welch,TE,NO,MIN,MIN@NO,False,1.0,,False,,,,,,,,,,,,,0.0,0.0109,0.011,2,0.0,0.0,0.0,62.0,2.850876169456502,0.0,0.0,62.0,0.2629,0.0,0.0,62.0,0.011,0.0,0.4223,0.003240067179902717,0.008592347804693963,0.0109
Deshaun Watson,QB,CLE,NYJ,CLE@NYJ,False,1.0,,False,19.89655,17.0,23.0,91.0,208.05789315372022,157.41924924921838,248.9584161158636,87.0,1.2433,0.0,2.0,52.0,0.1399,0.1316,0.1399,62,,,,,,,,,,,,,,,,,,0.1316
Isaiah Bond,WR,CLE,NYJ,CLE@NYJ,False,1.0,,False,,,,,,,,,,,,,0.0,0.03895,0.03985,4,0.0,0.0,0.0,63.0,9.53511233096184,0.0,14.799762358148175,17.0,0.81385,0.0,1.0,26.0,0.03985,0.0,1.35375,0.0031591414519928493,0.04102174167680726,0.03895
Denzel Boston,WR,CLE,NYJ,CLE@NYJ,False,1.0,,False,,,,,,,,,,,,,0.0,0.2071,0.2301,55,0.0,0.0,0.0,95.0,46.749741151253424,19.525545556346167,65.6491271464419,66.0,3.13225,2.0,4.0,76.0,0.2301,0.0,4.8281,0.0031591414519928493,0.1451872475658341,0.2071
Michael Burton,RB,CLE,NYJ,CLE@NYJ,False,1.0,,False,,,,,,,,,,,,,0.00535,0.0162,0.01655,1,1.0425006619304247,0.0,0.0,61.0,1.7587782708562758,0.0,0.0,61.0,0.24125,0.0,0.0,61.0,0.0112,0.23405,0.31525,0.008298954024434394,0.009953208567108797,0.0162
KC Concepcion,WR,CLE,NYJ,CLE@NYJ,False,1.0,,False,,,,,,,,,,,,,0.01215,0.26505,0.30045,60,2.823058773033029,0.0,2.9590517692373726,69.0,48.3054444020939,24.87057492243651,65.37825662694875,75.0,4.4953,3.0,6.0,80.0,0.2883,0.6312,6.91495,0.02209734119714102,0.20796591322232244,0.26505
Malachi Corley,WR,CLE,NYJ,CLE@NYJ,False,1.0,,False,,,,,,,,,,,,,0.0,0.01815,0.01815,1,0.0,0.0,0.0,60.0,4.902555320124935,0.0,5.026227739952098,29.0,0.39715,0.0,1.0,1.0,0.01815,0.0,0.61105,0.0031591414519928493,0.018448907381079037,0.01815
Harold Fannin Jr.,TE,CLE,NYJ,CLE@NYJ,False,1.0,,False,,,,,,,,,,,,,0.0,0.2478,0.2811,57,0.0,0.0,0.0,97.0,43.17979669958771,22.090257732644655,58.841849017167604,71.0,4.4855,3.0,6.0,77.0,0.2811,0.0,6.37295,0.0031591414519928493,0.18909122834304024,0.2478
Jerry Jeudy,WR,CLE,NYJ,CLE@NYJ,False,1.0,,False,,,,,,,,,,,,,0.0,0.105,0.10975,14,0.0,0.0,0.0,73.0,26.778422206372383,8.45996788882076,38.948613252898426,39.0,2.238,1.0,3.0,46.0,0.10975,0.0,3.6601,0.0031591414519928493,0.10966123213441185,0.105
Quinshon Judkins,RB,CLE,NYJ,CLE@NYJ,False,1.0,,False,,,,,,,,,,,,,0.38735,0.4337,0.55585,85,54.03892856085816,33.432846292245344,68.97371779441063,80.0,16.638790664970173,5.328750131885557,24.14285908028965,66.0,2.3928,1.0,3.0,75.0,0.1685,14.5697,3.09315,0.5132748925046645,0.09867086556281471,0.4337
Jaleel McLaughlin,RB,CLE,NYJ,CLE@NYJ,False,1.0,,False,,,,,,,,,,,,,0.0388,0.05075,0.05235,3,9.20170898856889,0.24307933812381222,13.006163267280934,21.0,2.5263304848088004,0.0,1.5901726286896152,44.0,0.34695,0.0,1.0,3.0,0.01355,1.8304,0.45015,0.0639658170434973,0.014508555894653958,0.05075
Carsen Ryan,TE,CLE,NYJ,CLE@NYJ,False,1.0,,False,,,,,,,,,,,,,0.0,0.00535,0.00535,1,0.0,0.0,0.0,60.0,1.1581052040916635,0.0,0.0,60.0,0.11745,0.0,0.0,60.0,0.00535,0.0,0.1614,0.0031591414519928493,0.004900222034082455,0.00535
Raheim Sanders,RB,CLE,NYJ,CLE@NYJ,False,1.0,,False,,,,,,,,,,,,,0.0565,0.1266,0.1345,21,12.407058277230146,2.914141934388138,17.09320048812198,44.0,14.09071938333828,3.3231161892947494,20.82449260450535,41.0,1.9514,1.0,3.0,48.0,0.078,2.72045,2.5064,0.09524747652710921,0.08047370751115547,0.1266
Tylan Wallace,WR,CLE,NYJ,CLE@NYJ,False,0.8055616699684496,DNP,False,,,,,,,,,,,,,0.0,0.00961001922003844,0.009672019344038689,1,0.0,0.0,0.0,48.0,2.277507029613728,0.0,0.0,48.0,0.1845743691487383,0.0,0.0,48.0,0.009672019344038689,0.0,0.2843945687891376,0.0036856650273249907,0.008302442082672445,0.007741463131323063
Blake Whiteheart,TE,CLE,NYJ,CLE@NYJ,False,1.0,,False,,,,,,,,,,,,,0.0,0.04995,0.0515,11,0.0,0.0,0.0,65.0,5.513490795555985,0.0,7.9614497582792465,21.0,0.5562,0.0,1.0,11.0,0.0515,0.0,0.78505,0.0031591414519928493,0.02288177144498253,0.04995
Geno Smith,QB,NYJ,CLE,CLE@NYJ,False,1.0,,False,19.45875,17.0,22.0,92.0,216.9840046078899,164.25320062763242,259.9334337493488,87.0,1.43455,1.0,2.0,79.0,0.07965,0.0756,0.07965,62,,,,,,,,,,,,,,,,,,0.0756
Braelon Allen,RB,NYJ,CLE,CLE@NYJ,False,1.0,,False,,,,,,,,,,,,,0.2958,0.389,0.48875,78,54.23927539273701,27.37507824600484,74.34988200510324,65.0,10.09388809169219,0.0,15.361936096093514,46.0,1.3136,0.0,2.0,46.0,0.19295,12.5952,1.7428,0.31097232225564514,0.04619038262928906,0.389
Andrew Beck,RB,NYJ,CLE,CLE@NYJ,False,1.0,,False,,,,,,,,,,,,,0.0104,0.01845,0.01865,1,2.0442097072906042,0.0,0.5587526856443246,52.0,1.251624202814885,0.0,0.0,60.0,0.15845,0.0,0.0,60.0,0.00825,0.4491,0.2124,0.011038045941153147,0.0056047981885137006,0.01845
Isaiah Davis,RB,NYJ,CLE,CLE@NYJ,False,1.0,,False,,,,,,,,,,,,,0.01255,0.03335,0.034,1,3.0460654255412423,0.0,2.993353823744229,31.0,3.755442033725405,0.0,4.4232293929142985,25.0,0.45385,0.0,1.0,1.0,0.02145,0.6177,0.6092,0.015156307452448666,0.01626507465792667,0.03335
Breece Hall,RB,NYJ,CLE,CLE@NYJ,False,0.5949864089398973,DNP,False,,,,,,,,,,,,,0.37390360036755493,0.3869350931417593,0.47489766936763844,52,56.96958829027677,36.49127863108577,72.00221911423604,48.0,18.53322632894447,5.1718587093846935,26.874168026822673,39.0,2.1463536880795253,1.0,3.0,43.0,0.10099406900008354,14.1466042937098,2.862501044190126,0.5104831892187008,0.07850323510831876,0.23022112156124003
Malik McClain,WR,NYJ,CLE,CLE@NYJ,False,1.0,,False,,,,,,,,,,,,,0.0,0.00665,0.00665,1,0.0,0.0,0.0,60.0,1.4131208004150093,0.0,0.0,60.0,0.10425,0.0,0.0,60.0,0.00665,0.0,0.1623,0.004342407155705016,0.004790164406357162,0.00665
Adonai Mitchell,WR,NYJ,CLE,CLE@NYJ,False,0.8055616699684496,DNP,False,,,,,,,,,,,,,0.0,0.19763092269326682,0.2172069825436409,22,0.0,0.0,0.0,64.0,38.76235539641883,14.93799782925831,55.67078547500964,39.0,2.7688902743142143,1.0,4.0,38.0,0.2172069825436409,0.0,4.776184538653367,0.004342407155705016,0.13963559627909103,0.15920389612219357
Kene Nwangwu,RB,NYJ,CLE,CLE@NYJ,False,1.0,,False,,,,,,,,,,,,,0.00605,0.01035,0.01045,1,1.441459893717364,0.0,0.0,60.0,0.845663242010712,0.0,0.0,60.0,0.10785,0.0,0.0,60.0,0.0044,0.3069,0.1416,0.007542050653743224,0.00356818044386148,0.01035
Jamaal Pritchett,WR,NYJ,CLE,CLE@NYJ,False,1.0,,False,,,,,,,,,,,,,0.0,0.0073,0.00735,1,0.0,0.0,0.0,60.0,1.2674349010225725,0.0,0.0,60.0,0.0952,0.0,0.0,60.0,0.00735,0.0,0.15235,0.00542800894463127,0.004350927877746556,0.0073
Jeremy Ruckert,TE,NYJ,CLE,CLE@NYJ,False,1.0,,False,,,,,,,,,,,,,0.0,0.11845,0.126,25,0.0,0.0,0.0,73.0,10.231457573851209,0.0,15.79191343599807,26.0,1.03675,0.0,2.0,15.0,0.126,0.0,1.4519,0.003101719396932155,0.041961152678637995,0.11845
Kenyon Sadiq,TE,NYJ,CLE,CLE@NYJ,False,1.0,,False,,,,,,,,,,,,,0.0318,0.19505,0.2161,37,1.041499708216522,0.0,0.0,89.0,36.59680144247155,15.932180197406574,50.96771497327177,60.0,3.3759,2.0,5.0,62.0,0.1843,0.2309,4.9295,0.005752761616532287,0.14398590720008275,0.19505
Sterling Shepard,WR,NYJ,CLE,CLE@NYJ,False,1.0,,False,,,,,,,,,,,,,0.0,0.1037,0.10805,8,0.0,0.0,0.0,63.0,14.314076429333646,0.0,22.083201240187876,16.0,1.17125,0.0,2.0,11.0,0.10805,0.0,1.8231,0.004342407155705016,0.05193660299887978,0.1037
Mason Taylor,TE,NYJ,CLE,CLE@NYJ,False,0.9479829842591244,Full,False,,,,,,,,,,,,,0.0,0.08982067510548523,0.09298523206751055,4,0.0,0.0,0.0,61.0,17.997447792916322,3.2362879072422777,26.772295829001152,23.0,1.790506329113924,1.0,3.0,29.0,0.09298523206751055,0.0,2.618512658227848,0.004342407155705016,0.07701767187444296,0.08514847163466714
Isaiah Williams,WR,NYJ,CLE,CLE@NYJ,False,1.0,,False,,,,,,,,,,,,,0.0055,0.15395,0.1648,27,1.2547297572131804,0.0,0.0,79.0,24.60764996415151,6.903314405435574,35.81749212242589,44.0,2.14245,1.0,3.0,51.0,0.1593,0.2717,3.2313,0.006931002603021234,0.09227384790988157,0.15395
Garrett Wilson,WR,NYJ,CLE,CLE@NYJ,False,1.0,,False,,,,,,,,,,,,,0.0,0.2933,0.3407,50,0.0,0.0,0.0,97.0,65.15437214035083,35.6590498009063,87.33769226076895,76.0,5.33545,4.0,7.0,83.0,0.3407,0.0,8.3027,0.003101719396932155,0.23573209362519917,0.2933
Jelani Woods,TE,NYJ,CLE,CLE@NYJ,False,1.0,,False,,,,,,,,,,,,,0.0,0.01635,0.01635,4,0.0,0.0,0.0,63.0,3.59423198411809,0.0,1.5062726904874846,51.0,0.33475,0.0,1.0,3.0,0.01635,0.0,0.48425,0.003101719396932155,0.014217229347736083,0.01635
Daniel Jones,QB,IND,PIT,IND@PIT,False,1.0,,False,19.53885,17.0,22.0,92.0,188.73382154834957,143.13869483255993,225.27320526572367,87.0,1.0905,0.0,2.0,45.0,0.11125,0.1062,0.11125,62,,,,,,,,,,,,,,,,,,0.1062
Mo Alie-Cox,TE,IND,PIT,IND@PIT,False,1.0,,False,,,,,,,,,,,,,0.0,0.014,0.01415,2,0.0,0.0,0.0,62.0,4.027581247598403,0.0,4.325259437556182,29.0,0.41615,0.0,1.0,2.0,0.01415,0.0,0.6123,0.0034489121802405683,0.016457358566172902,0.014
Keenan Allen,WR,IND,PIT,IND@PIT,False,0.9575230478992892,Limited,False,,,,,,,,,,,,,0.0,0.21774950464073417,0.24142246323912817,50,0.0,0.0,0.0,88.0,40.69589196720998,19.976637516720842,55.56129247451579,63.0,4.095265408280321,3.0,5.0,74.0,0.24142246323912817,0.0,6.462665554280947,0.0040237308769473295,0.17596018235274297,0.2085001693621562
Deion Burks,WR,IND,PIT,IND@PIT,False,1.0,,False,,,,,,,,,,,,,0.0101,0.02895,0.02905,4,1.3781084509113446,0.0,0.0,63.0,5.128660089690216,0.0,6.0575584902624175,28.0,0.43835,0.0,1.0,3.0,0.01895,0.3017,0.70605,0.010634145889075085,0.019044891397022243,0.02895
Josh Downs,WR,IND,PIT,IND@PIT,False,1.0,,False,,,,,,,,,,,,,0.0,0.24555,0.27825,66,0.0,0.0,0.0,97.0,46.23344090904512,23.318186182935683,63.294584193298874,74.0,4.28685,3.0,6.0,79.0,0.27825,0.0,6.84745,0.0034489121802405683,0.18505786014031486,0.24555
Ashton Dulin,WR,IND,PIT,IND@PIT,False,0.8055616699684496,DNP,False,,,,,,,,,,,,,0.0,0.05582403965303594,0.057496902106567535,8,0.0,0.0,0.0,56.0,15.710498516999936,0.0,23.81531527731381,19.0,1.3409541511771994,0.0,2.0,20.0,0.057496902106567535,0.0,2.168091697645601,0.004828477052336796,0.05990410789329066,0.044969706607284575
Anthony Gould,WR,IND,PIT,IND@PIT,False,1.0,,False,,,,,,,,,,,,,0.0,0.00595,0.00595,1,0.0,0.0,0.0,60.0,1.7053615439463334,0.0,0.0,60.0,0.14235,0.0,0.0,60.0,0.00595,0.0,0.225,0.0040237308769473295,0.00608187588893364,0.00595
Seth McGowan,RB,IND,PIT,IND@PIT,False,1.0,,False,,,,,,,,,,,,,0.21495,0.2125,0.2378,30,21.043621424281586,8.224661893451916,28.764977138041964,43.0,4.50420239164279,0.0,6.58884645671545,28.0,0.6389,0.0,1.0,25.0,0.02285,4.80935,0.85535,0.16897625108702213,0.02289887582914574,0.2125
Andrew Ogletree,TE,IND,PIT,IND@PIT,False,1.0,,False,,,,,,,,,,,,,0.0,0.01465,0.01475,4,0.0,0.0,0.0,63.0,3.48680426061148,0.0,2.7047342158773278,40.0,0.3642,0.0,1.0,3.0,0.01475,0.0,0.53795,0.0034489121802405683,0.014919734764024957,0.01465
Jonathan Taylor,RB,IND,PIT,IND@PIT,False,0.9951309141019752,Limited,False,,,,,,,,,,,,,0.8315747161089337,0.6389810069339765,0.9637724851773691,85,84.87803752065213,59.38240983478324,105.16003966065146,83.0,21.748627321836793,8.640186494569534,30.930684612149495,69.0,3.0307506783237868,2.0,4.0,80.0,0.13219776906843533,19.109888453421767,4.000753693096171,0.6822637079269377,0.10574547695583532,0.6358697535240087
Laquon Treadwell,WR,IND,PIT,IND@PIT,False,1.0,,False,,,,,,,,,,,,,0.0,0.0864,0.08915,30,0.0,0.0,0.0,78.0,12.231214191730366,0.0,18.910079317593166,31.0,1.0015,0.0,2.0,18.0,0.08915,0.0,1.56155,0.0034489121802405683,0.042122482355063814,0.0864
Tyler Warren,TE,IND,PIT,IND@PIT,False,1.0,,False,,,,,,,,,,,,,0.01075,0.252,0.2859,60,1.3449305135292802,0.0,0.0,97.0,46.811737652684435,25.83331015411284,62.373806708760284,77.0,5.23185,3.0,7.0,77.0,0.27515,0.3004,7.59455,0.01075003675534661,0.20536436169452982,0.252
Nick Westbrook-Ikhine,WR,IND,PIT,IND@PIT,False,1.0,,False,,,,,,,,,,,,,0.0,0.0169,0.01725,1,0.0,0.0,0.0,60.0,4.736344837623379,0.0,4.8339274153181,29.0,0.4041,0.0,1.0,1.0,0.01725,0.0,0.65675,0.004828477052336796,0.017628819326595314,0.0169
Aaron Rodgers,QB,PIT,IND,IND@PIT,False,1.0,,False,20.70495,18.0,23.0,93.0,253.0015922444353,190.13199759217505,303.29597643316094,87.0,1.77165,1.0,3.0,66.0,0.0282,0.02775,0.0282,62,,,,,,,,,,,,,,,,,,0.02775
Germie Bernard,WR,PIT,IND,IND@PIT,False,1.0,,False,,,,,,,,,,,,,0.0,0.12345,0.1312,30,0.0,0.0,0.0,78.0,13.529746616826236,0.0,21.069322053265005,31.0,1.02945,0.0,2.0,19.0,0.1312,0.0,1.8011,0.002783512338617426,0.04920819490473396,0.12345
Rico Dowdle,RB,PIT,IND,IND@PIT,False,0.9951309141019752,Limited,False,,,,,,,,,,,,,0.18684355997788835,0.27277752650886977,0.3113724307754159,23,28.765311339967262,14.293901448275957,38.04529783150309,51.0,17.864855020610353,5.023687308787417,25.907042934036113,41.0,2.1489522086537014,1.0,3.0,48.0,0.12452887079752752,6.78732599628122,3.1838283330820643,0.29184312776109067,0.08225749445008776,0.27144934930124737
Pat Freiermuth,TE,PIT,IND,IND@PIT,False,1.0,,False,,,,,,,,,,,,,0.0063,0.2438,0.27565,50,1.1720379928928006,0.0,0.0,90.0,35.155755127004,14.247390419167996,49.710881649844225,60.0,3.0356,2.0,4.0,71.0,0.26935,0.25175,4.7844,0.010851664044754891,0.13203059049486404,0.2438
Eli Heidenreich,RB,PIT,IND,IND@PIT,False,1.0,,False,,,,,,,,,,,,,0.0055,0.01505,0.0152,1,0.8884710797326694,0.0,0.0,60.0,1.661807954964962,0.0,0.0,60.0,0.1974,0.0,0.0,60.0,0.0097,0.1934,0.29385,0.008088545411842035,0.007667384255273657,0.01505
Travis Homer,RB,PIT,IND,IND@PIT,False,1.0,,False,,,,,,,,,,,,,0.07135,0.0749,0.07795,20,7.581873446170488,0.0,10.476847131883305,22.0,1.1682940235258392,0.0,0.0,63.0,0.1414,0.0,0.0,63.0,0.0066,1.6544,0.20675,0.07057112458935205,0.00536894383615806,0.0749
DK Metcalf,WR,PIT,IND,IND@PIT,False,1.0,,False,,,,,,,,,,,,,0.0,0.28975,0.33235,50,0.0,0.0,0.0,97.0,67.13872913145548,34.671624715118526,91.16150548183337,75.0,4.4496,3.0,6.0,80.0,0.33235,0.0,8.2674,0.002783512338617426,0.22236427917111726,0.28975
Lew Nichols III,RB,PIT,IND,IND@PIT,False,1.0,,False,,,,,,,,,,,,,0.04035,0.0468,0.04785,6,2.128487334731024,0.0,1.4434930780895525,40.0,1.2299884374490542,0.0,0.0,61.0,0.14495,0.0,0.0,61.0,0.0075,0.46775,0.2117,0.02026106233988231,0.005489665650225519,0.0468
Riley Nowakowski,RB,PIT,IND,IND@PIT,False,1.0,,False,,,,,,,,,,,,,0.0,0.0049,0.0049,1,0.0,0.0,0.0,60.0,0.7331402535390494,0.0,0.0,60.0,0.085,0.0,0.0,60.0,0.0049,0.0,0.1287,0.003867604358672992,0.003381025856006241,0.0049
Michael Pittman,WR,PIT,IND,IND@PIT,False,0.9575230478992892,Limited,False,,,,,,,,,,,,,0.0,0.16317490097977902,0.1766729205753596,20,0.0,0.0,0.0,76.0,39.06385944555157,15.5213090920724,55.12695993477463,47.0,2.8906087137794456,2.0,4.0,56.0,0.1766729205753596,0.0,5.021575984990619,0.00324743106172033,0.1353091789490617,0.15624372852682272
Ben Skowronek,WR,PIT,IND,IND@PIT,False,1.0,,False,,,,,,,,,,,,,0.0,0.05845,0.0604,13,0.0,0.0,0.0,66.0,6.185701131647954,0.0,7.438904515294982,30.0,0.44445,0.0,1.0,6.0,0.0604,0.0,0.77655,0.002783512338617426,0.020885617313412957,0.05845
Robert Tonyan,TE,PIT,IND,IND@PIT,False,1.0,,False,,,,,,,,,,,,,0.0,0.03985,0.04065,7,0.0,0.0,0.0,62.0,2.144300348493151,0.0,0.0,62.0,0.19315,0.0,0.0,62.0,0.04065,0.0,0.3093,0.002783512338617426,0.008346914857342862,0.03985
Jaylen Warren,RB,PIT,IND,IND@PIT,False,1.0,,False,,,,,,,,,,,,,0.31645,0.46885,0.6154,82,61.70248419774556,39.628921693709444,79.05544765703522,81.0,28.955570188536473,12.305226288407844,40.571136427511476,71.0,3.2323,2.0,4.0,81.0,0.29895,11.2086,4.63315,0.47774323509836253,0.11945307577556553,0.46885
Darnell Washington,TE,PIT,IND,IND@PIT,False,1.0,,False,,,,,,,,,,,,,0.0,0.15495,0.16725,34,0.0,0.0,0.0,81.0,21.661798767692765,4.247793091902271,32.25793736855006,42.0,1.80625,1.0,3.0,48.0,0.16725,0.0,2.8891,0.002783512338617426,0.07996535359795272,0.15495
Kaden Wetjen,WR,PIT,IND,IND@PIT,False,1.0,,False,,,,,,,,,,,,,0.0,0.0053,0.0053,1,0.0,0.0,0.0,60.0,1.0852865020861744,0.0,0.0,60.0,0.0757,0.0,0.0,60.0,0.0053,0.0,0.1339,0.002783512338617426,0.0036825314401287756,0.0053
Roman Wilson,WR,PIT,IND,IND@PIT,False,1.0,,False,,,,,,,,,,,,,0.0,0.20435,0.22615,53,0.0,0.0,0.0,97.0,35.43167708324756,11.929784463174995,51.27147411007837,65.0,2.4513,1.0,3.0,74.0,0.22615,0.0,4.46755,0.002783512338617426,0.11961607441485711,0.20435
C.J. Stroud,QB,HOU,TEN,HOU@TEN,False,1.0,,False,22.1058,19.0,25.0,92.0,263.13687832581167,201.51980896563146,312.4140642996555,87.0,1.2269,0.0,2.0,51.0,0.07665,0.0741,0.07665,62,,,,,,,,,,,,,,,,,,0.0741
Lewis Bond,WR,HOU,TEN,HOU@TEN,False,1.0,,False,,,,,,,,,,,,,0.0,0.01605,0.0161,1,0.0,0.0,0.0,61.0,4.630449940032671,0.0,4.015026886762891,35.0,0.37265,0.0,1.0,1.0,0.0161,0.0,0.58715,0.005001526990171276,0.015723701729659555,0.01605
Kayshon Boutte,WR,HOU,TEN,HOU@TEN,False,1.0,,False,,,,,,,,,,,,,0.0,0.13845,0.14885,34,0.0,0.0,0.0,81.0,33.25820171096888,11.522522362696472,47.82294653320658,48.0,2.5015,1.0,4.0,45.0,0.14885,0.0,3.8767,0.0035725192786937687,0.10266625751077764,0.13845
Nico Collins,WR,HOU,TEN,HOU@TEN,False,0.9575230478992892,Limited,False,,,,,,,,,,,,,0.009693476552266178,0.27277966989782554,0.3156929525805606,41,1.0989095674894032,0.0,0.0,80.0,77.37053503875367,43.642414121051914,103.32456354451813,58.0,5.533822373591826,4.0,7.0,65.0,0.30599947602829447,0.26083311501178935,8.641288970395598,0.010211450938266354,0.2323569070531275,0.2611928209255279
Xavier Hutchinson,WR,HOU,TEN,HOU@TEN,False,1.0,,False,,,,,,,,,,,,,0.013,0.16795,0.1827,50,1.6163761572855904,0.0,0.0,97.0,41.708401126273735,17.81674025410622,58.58022383268096,71.0,3.2569,2.0,4.0,82.0,0.1697,0.36935,5.38445,0.014913850322166048,0.14151949478557854,0.16795
Brevin Jordan,TE,HOU,TEN,HOU@TEN,False,1.0,,False,,,,,,,,,,,,,0.0,0.01525,0.0155,1,0.0,0.0,0.0,61.0,4.180322354295759,0.0,4.590073263744612,28.0,0.42155,0.0,1.0,1.0,0.0155,0.0,0.60555,0.006251908737714093,0.017667927991959022,0.01525
Marlin Klein,TE,HOU,TEN,HOU@TEN,False,1.0,,False,,,,,,,,,,,,,0.0,0.00655,0.00655,2,0.0,0.0,0.0,62.0,2.0585790161552637,0.0,0.0,62.0,0.20305,0.0,0.0,62.0,0.00655,0.0,0.293,0.004167939158476063,0.008381972765037212,0.00655
Woody Marks,RB,HOU,TEN,HOU@TEN,False,1.0,,False,,,,,,,,,,,,,0.3334,0.35135,0.4261,67,30.903375428500283,15.558226998899787,40.9856856039201,66.0,9.651593871895946,0.0,14.749698018721837,45.0,1.27535,0.0,2.0,44.0,0.0927,8.06325,1.7542,0.32251633558029147,0.051742170505394966,0.35135
David Montgomery,RB,HOU,TEN,HOU@TEN,False,1.0,,False,,,,,,,,,,,,,0.51615,0.44515,0.5763,85,43.71244467245696,25.332497862079865,56.750806851536325,78.0,8.022572598553955,0.0,12.480240150724352,53.0,1.04595,0.0,2.0,43.0,0.06015,12.21675,1.3595,0.48491564333068404,0.04053766351227808,0.44515
Foster Moreau,TE,HOU,TEN,HOU@TEN,False,1.0,,False,,,,,,,,,,,,,0.0,0.0868,0.0905,27,0.0,0.0,0.0,74.0,11.534296505507891,0.0,17.577430324779016,29.0,1.15805,0.0,2.0,23.0,0.0905,0.0,1.6768,0.0035725192786937687,0.04894025919952424,0.0868
Jaylin Noel,WR,HOU,TEN,HOU@TEN,False,1.0,,False,,,,,,,,,,,,,0.01645,0.08565,0.0901,21,2.423728389088926,0.0,2.264890332335195,51.0,24.852204470490022,4.220402674767039,37.254904434823494,39.0,1.7498,1.0,3.0,45.0,0.07365,0.5524,2.66555,0.022126538924374297,0.07065530638764188,0.08565
Dalton Schultz,TE,HOU,TEN,HOU@TEN,False,1.0,,False,,,,,,,,,,,,,0.0,0.1857,0.20645,55,0.0,0.0,0.0,97.0,43.50958067829171,21.628708804793618,59.28811243751471,74.0,4.36305,3.0,6.0,79.0,0.20645,0.0,6.1233,0.0035725192786937687,0.17727732686437084,0.1857
Cade Stover,TE,HOU,TEN,HOU@TEN,False,1.0,,False,,,,,,,,,,,,,0.0,0.0265,0.0266,4,0.0,0.0,0.0,63.0,6.564907352730222,0.0,9.945838878507924,18.0,0.65545,0.0,1.0,17.0,0.0266,0.0,0.95005,0.0035725192786937687,0.027404500900949452,0.0265
Jared Wayne,WR,HOU,TEN,HOU@TEN,False,1.0,,False,,,,,,,,,,,,,0.0,0.08635,0.0899,27,0.0,0.0,0.0,79.0,18.44026583773294,0.0,27.876735774000885,34.0,1.4178,0.0,2.0,37.0,0.0899,0.0,2.2929,0.0035725192786937687,0.06058127687358076,0.08635
Cam Ward,QB,TEN,HOU,HOU@TEN,False,1.0,,False,19.98785,17.0,23.0,91.0,219.53689749615415,167.5944393843705,261.25982521005403,87.0,1.07415,0.0,2.0,44.0,0.18995,0.1691,0.18995,62,,,,,,,,,,,,,,,,,,0.1691
Elic Ayomanor,WR,TEN,HOU,HOU@TEN,False,1.0,,False,,,,,,,,,,,,,0.0,0.19625,0.2166,45,0.0,0.0,0.0,76.0,33.68828674050361,11.047182887944743,48.59572422125983,43.0,2.3748,1.0,3.0,51.0,0.2166,0.0,4.1125,0.0034032966473759173,0.11952025434403818,0.19625
Daniel Bellinger,TE,TEN,HOU,HOU@TEN,False,1.0,,False,,,,,,,,,,,,,0.0,0.0326,0.03295,9,0.0,0.0,0.0,68.0,8.656416264760828,0.0,13.567645294192756,21.0,0.85945,0.0,1.0,33.0,0.03295,0.0,1.25645,0.0034032966473759173,0.0386962689363568,0.0326
Julius Chestnut,RB,TEN,HOU,HOU@TEN,False,1.0,,False,,,,,,,,,,,,,0.011,0.014,0.01405,1,1.847912327950178,0.0,0.6320560944487994,50.0,0.6538722260652358,0.0,0.0,60.0,0.08715,0.0,0.0,60.0,0.00305,0.46715,0.1161,0.011639165073220558,0.003375947687650576,0.014
Chimere Dike,WR,TEN,HOU,HOU@TEN,False,1.0,,False,,,,,,,,,,,,,0.0,0.05055,0.0515,5,0.0,0.0,0.0,65.0,14.51607774530648,0.0,22.167830866289695,19.0,1.3505,0.0,2.0,20.0,0.0515,0.0,2.12535,0.0034032966473759173,0.06170382132071537,0.05055
Gunnar Helm,TE,TEN,HOU,HOU@TEN,False,1.0,,False,,,,,,,,,,,,,0.0,0.14785,0.15875,38,0.0,0.0,0.0,79.0,25.675362213203645,9.686098507374915,36.42720611895378,48.0,2.7082,1.0,4.0,46.0,0.15875,0.0,3.83645,0.0034032966473759173,0.11777973363272605,0.14785
Tony Pollard,RB,TEN,HOU,HOU@TEN,False,0.5949864089398973,DNP,False,,,,,,,,,,,,,0.5264398787470529,0.45587739979791175,0.5913607275176828,52,57.95068858462887,36.972466965115196,73.42161505999,48.0,12.939903439470102,2.8571733698547033,19.167596966506757,37.0,1.88009430784776,1.0,3.0,41.0,0.06492084877062984,14.509514988211519,2.486022229706972,0.5658595986309986,0.07578772794743012,0.27124085702261735
Calvin Ridley,WR,TEN,HOU,HOU@TEN,False,1.0,,False,,,,,,,,,,,,,0.0,0.0746,0.077,9,0.0,0.0,0.0,68.0,22.58888218023048,3.866716244271378,33.71640754098328,28.0,1.7351,1.0,3.0,33.0,0.077,0.0,2.9484,0.0034032966473759173,0.08509358606863238,0.0746
Wan'Dale Robinson,WR,TEN,HOU,HOU@TEN,False,1.0,,False,,,,,,,,,,,,,0.00735,0.2344,0.2654,62,1.241839401835813,0.0,0.0,97.0,43.99052861739113,21.88049598224087,59.91056297990854,71.0,4.1122,3.0,5.0,82.0,0.25805,0.31035,6.48265,0.007766497477345042,0.1876951431409486,0.2344
Nicholas Singleton,RB,TEN,HOU,HOU@TEN,False,1.0,,False,,,,,,,,,,,,,0.0959,0.0952,0.10105,16,13.399641382759278,2.6585004759326476,18.11844652057046,30.0,1.0383789279253945,0.0,0.0,65.0,0.1375,0.0,0.0,65.0,0.00515,3.5345,0.18495,0.08912936792522247,0.005568787615294937,0.0952
Tyjae Spears,RB,TEN,HOU,HOU@TEN,False,1.0,,False,,,,,,,,,,,,,0.21275,0.23955,0.27535,32,32.42494499066116,12.702533680911577,45.59876339161333,49.0,13.88576784320944,3.099211210666247,20.464877828944594,42.0,1.92935,1.0,3.0,48.0,0.0626,8.10365,2.4773,0.2037300701717431,0.07375069902724024,0.23955
Carnell Tate,WR,TEN,HOU,HOU@TEN,False,1.0,,False,,,,,,,,,,,,,0.0,0.20315,0.22205,50,0.0,0.0,0.0,97.0,62.82976127603487,33.977844845255056,84.35545319420962,76.0,4.997,3.0,6.0,82.0,0.22205,0.0,7.845,0.0034032966473759173,0.2267606581893331,0.20315
Jameis Winston,QB,NYG,WAS,NYG@WAS,False,1.0,,False,17.7527,15.0,20.0,86.0,195.44526927239573,146.41301673059002,236.09046663856566,81.0,1.58765,1.0,2.0,76.0,0.0235,0.0232,0.0235,56,,,,,,,,,,,,,,,,,,0.0232
Malachi Fields,WR,NYG,WAS,NYG@WAS,False,1.0,,False,,,,,,,,,,,,,0.0,0.1935,0.2125,32,0.0,0.0,0.0,84.0,34.89264080069334,12.156965072099554,49.92531178608992,52.0,2.5481,1.0,4.0,49.0,0.2125,0.0,4.25325,0.0026848875854960145,0.1305476429031845,0.1935
Najee Harris,RB,NYG,WAS,NYG@WAS,False,0.5949864089398973,DNP,False,,,,,,,,,,,,,0.13021312160468032,0.12887588800668617,0.13756790639364813,29,25.449259785446017,11.562859875642422,34.115084183552476,29.0,0.9032240291793989,0.0,0.0,44.0,0.11383201002925199,0.0,0.0,44.0,0.007354784788967823,6.0411199331383205,0.1581278729628082,0.20354173321119806,0.005045813974046512,0.07667940180403858
Theo Johnson,TE,NYG,WAS,NYG@WAS,False,1.0,,False,,,,,,,,,,,,,0.0,0.13395,0.14355,16,0.0,0.0,0.0,70.0,17.966087663907498,2.1896169892531567,26.714794167866778,29.0,1.6549,1.0,2.0,51.0,0.14355,0.0,2.6062,0.0026848875854960145,0.07875675256653479,0.13395
Charlie Jones,WR,NYG,WAS,NYG@WAS,False,1.0,,False,,,,,,,,,,,,,0.0,0.01325,0.01325,1,0.0,0.0,0.0,60.0,2.315377815261852,0.0,0.0,60.0,0.177,0.0,0.0,60.0,0.01325,0.0,0.28825,0.004698553274618026,0.008877511322265053,0.01325
Isaiah Likely,TE,NYG,WAS,NYG@WAS,False,0.9575230478992892,Limited,False,,,,,,,,,,,,,0.0,0.41934474123539234,0.5291110183639399,74,0.0,0.0,0.0,96.0,51.3001537845414,27.683834730065445,69.05585238747945,73.0,4.968280467445743,3.0,6.0,78.0,0.5291110183639399,0.0,7.561352253756261,0.0026848875854960145,0.23143569418998988,0.4015322547482516
Chris Manhertz,TE,NYG,WAS,NYG@WAS,False,0.9575230478992892,Limited,False,,,,,,,,,,,,,0.0,0.004174711683974325,0.004174711683974325,1,0.0,0.0,0.0,57.0,0.6694732159463777,0.0,0.0,57.0,0.0655429734383969,0.0,0.0,57.0,0.004174711683974325,0.0,0.09982779314303605,0.0026848875854960145,0.0029990637505012126,0.00399738265573987
Darnell Mooney,WR,NYG,WAS,NYG@WAS,False,1.0,,False,,,,,,,,,,,,,0.00295,0.1488,0.1597,18,0.7364684927599341,0.0,0.0,76.0,29.76772603796617,8.383913139676842,43.60193149670032,41.0,2.14465,1.0,3.0,48.0,0.15675,0.1719,3.66865,0.005396895247613202,0.11314520300117165,0.1488
Malik Nabers,WR,NYG,WAS,NYG@WAS,False,0.8055616699684496,DNP,False,,,,,,,,,,,,,0.0,0.29969665077694546,0.3476753544233269,49,0.0,0.0,0.0,81.0,46.650933365703985,21.91876619356687,64.47415783431616,59.0,3.694236364761964,2.0,5.0,61.0,0.3476753544233269,0.0,6.026806166037269,0.0026848875854960145,0.19204592689433111,0.24142413448382744
Patrick Ricard,RB,NYG,WAS,NYG@WAS,False,1.0,,False,,,,,,,,,,,,,0.0,0.0274,0.02775,4,0.0,0.0,0.0,64.0,3.5635230919518364,0.0,4.48170536010426,26.0,0.462,0.0,1.0,4.0,0.02775,0.0,0.6434,0.0012952193829769384,0.020047456754605522,0.0274
Devin Singletary,RB,NYG,WAS,NYG@WAS,False,1.0,,False,,,,,,,,,,,,,0.0658,0.1891,0.2075,28,17.0779151834408,5.877466350684538,23.205860390400314,40.0,9.541360158763768,0.0,14.591645429935902,25.0,1.24385,0.0,2.0,22.0,0.1417,4.3049,1.73175,0.13032656225796127,0.053710523098078396,0.1891
Cam Skattebo,RB,NYG,WAS,NYG@WAS,False,0.9951309141019752,Limited,False,,,,,,,,,,,,,0.30912654538144535,0.36269976882098703,0.43712935973464667,85,51.9151287033934,31.41820242608781,66.48732201855391,79.0,17.39538921297614,4.863467904814248,25.569750482299966,64.0,2.159614031560961,1.0,3.0,72.0,0.12800281435320132,13.612724896974571,2.993416423761182,0.4157126255641552,0.09252972581603958,0.3609337524914039
Tyrone Tracy Jr.,RB,NYG,WAS,NYG@WAS,False,1.0,,False,,,,,,,,,,,,,0.02715,0.0695,0.0719,3,7.552179793215433,0.0,10.292356282397815,22.0,6.006059357455698,0.0,9.142823625469482,17.0,0.7581,0.0,1.0,23.0,0.04475,1.7885,1.0549,0.05496836392116209,0.032556244698139655,0.0695
Jayden Daniels,QB,WAS,NYG,NYG@WAS,False,0.98,Full,False,18.63055315251132,16.0,21.0,69.0,184.33659192870752,138.6560584021426,220.95955537787722,64.0,1.7925296422573915,1.0,3.0,45.0,0.0827438807185385,0.08025036893796754,0.0827438807185385,38,,,,,,,,,,,,,,,,,,0.07864536155920819
Kaytron Allen,RB,WAS,NYG,NYG@WAS,False,1.0,,False,,,,,,,,,,,,,0.0553,0.05685,0.0589,31,6.928575555237243,0.0,9.563536395630024,27.0,0.44146908710399496,0.0,0.0,68.0,0.06725,0.0,0.0,68.0,0.0036,1.56155,0.096,0.05360105611292911,0.0027043561471170453,0.05685
John Bates,TE,WAS,NYG,NYG@WAS,False,1.0,,False,,,,,,,,,,,,,0.0,0.0792,0.0816,13,0.0,0.0,0.0,66.0,6.095066650216193,0.0,9.214764528368141,21.0,0.6914,0.0,1.0,23.0,0.0816,0.0,1.07655,0.0024754432439919424,0.027507412384126222,0.0792
Dyami Brown,WR,WAS,NYG,NYG@WAS,False,1.0,,False,,,,,,,,,,,,,0.0,0.14945,0.16065,28,0.0,0.0,0.0,81.0,17.09942979950958,1.35385168192356,25.8079077935498,38.0,1.566,1.0,2.0,62.0,0.16065,0.0,2.75955,0.0024754432439919424,0.07207841759820452,0.14945
Treylon Burks,WR,WAS,NYG,NYG@WAS,False,0.9479829842591244,Full,False,,,,,,,,,,,,,0.0,0.13957532009062648,0.14942831550661256,15,0.0,0.0,0.0,66.0,16.559195952574793,0.0,25.059437242549812,23.0,1.4147742241424732,0.0,2.0,26.0,0.14942831550661256,0.0,2.595447599978924,0.0028880171179905996,0.06844322508467017,0.13231502846843463
Jacory Croskey-Merritt,RB,WAS,NYG,NYG@WAS,False,0.9951309141019752,Limited,False,,,,,,,,,,,,,0.1764912809688929,0.2302125734961556,0.25951052816724457,82,36.755231051168,19.99365691747898,48.203728940111986,76.0,5.354041600783326,0.0,8.222213064152232,54.0,0.8023016231971456,0.0,1.0,62.0,0.08301924719835167,9.6472687069702,1.1376953615759586,0.3376168174555437,0.03242184597118344,0.22909164870099746
Stefon Diggs,WR,WAS,NYG,NYG@WAS,False,0.8055616699684496,DNP,False,,,,,,,,,,,,,0.0,0.3540249783603314,0.4280944726103623,53,0.0,0.0,0.0,80.0,40.487521952787596,19.832892287277588,55.3838382359469,59.0,4.033819710646717,2.0,5.0,62.0,0.4280944726103623,0.0,6.712687028564362,0.0024754432439919424,0.18400602354900697,0.2851889527784928
Austin Ekeler,RB,WAS,NYG,NYG@WAS,False,1.0,,False,,,,,,,,,,,,,0.0413,0.07685,0.07925,4,11.71968658569168,2.0979707535746597,16.34887718103822,27.0,4.191961667659854,0.0,6.202525320734637,19.0,0.6274,0.0,1.0,16.0,0.03795,2.4186,0.8972,0.08464890542951037,0.025360374483649403,0.07685
Luke McCaffrey,WR,WAS,NYG,NYG@WAS,False,1.0,,False,,,,,,,,,,,,,0.0,0.06255,0.06445,1,0.0,0.0,0.0,60.0,9.785180729740691,0.0,15.124758543692618,14.0,0.87055,0.0,1.0,26.0,0.06445,0.0,1.4768,0.004332025676985899,0.03825980806377789,0.06255
Terry McLaurin,WR,WAS,NYG,NYG@WAS,False,0.8055616699684496,DNP,False,,,,,,,,,,,,,0.0,0.29619734062383496,0.34857710948179443,40,0.0,0.0,0.0,77.0,45.0356189928936,20.291308716306855,62.65048960890143,54.0,3.6154467503417425,2.0,5.0,57.0,0.34857710948179443,0.0,6.427239965204424,0.0028880171179905996,0.17636925054622415,0.23860522435315018
Chig Okonkwo,TE,WAS,NYG,NYG@WAS,False,0.9575230478992892,Limited,False,,,,,,,,,,,,,0.0,0.17475575988715322,0.19053340995768245,10,0.0,0.0,0.0,66.0,24.523504856287072,9.01829070387449,34.805676322640906,36.0,2.78694948017345,1.0,4.0,35.0,0.19053340995768245,0.0,4.341100255994984,0.0034656205415887196,0.11243476927075288,0.1673326678451033
Craig Reynolds,RB,WAS,NYG,NYG@WAS,False,1.0,,False,,,,,,,,,,,,,0.0159,0.0194,0.0196,1,3.946279230959673,0.0,5.098645873315646,22.0,0.3970332617889917,0.0,0.0,61.0,0.0591,0.0,0.0,61.0,0.0037,0.88585,0.08475,0.030879145394776174,0.002569512904324506,0.0194
Ben Sinnott,TE,WAS,NYG,NYG@WAS,False,0.9575230478992892,Limited,False,,,,,,,,,,,,,0.0,0.02711298816413786,0.027530111058970748,3,0.0,0.0,0.0,61.0,3.820964670734373,0.0,4.287206565284633,28.0,0.4260910370717973,0.0,1.0,3.0,0.027530111058970748,0.0,0.6648417540017728,0.0024754432439919424,0.01723481115978686,0.02596131106458264
Rachaad White,RB,WAS,NYG,NYG@WAS,False,0.9951309141019752,Limited,False,,,,,,,,,,,,,0.11202048604137377,0.2447780678851175,0.2760092388029725,62,24.484667723687203,10.86070574694427,33.303794395306596,59.0,9.732157849048455,0.334948621349809,14.650204103859028,42.0,1.5466961237196224,1.0,2.0,67.0,0.16398875276159872,5.203454508937537,2.139485840530227,0.18172018281551977,0.061099697678809836,0.2435862224466323
Antonio Williams,WR,WAS,NYG,NYG@WAS,False,1.0,,False,,,,,,,,,,,,,0.0,0.23565,0.2653,44,0.0,0.0,0.0,90.0,27.697040514200292,9.832273062930975,39.74023963177906,58.0,2.6074,1.0,4.0,56.0,0.2653,0.0,4.4258,0.0024754432439919424,0.11611493368533124,0.23565
Colson Yankoff,TE,WAS,NYG,NYG@WAS,False,1.0,,False,,,,,,,,,,,,,0.0,0.02695,0.0272,7,0.0,0.0,0.0,66.0,3.627491720661671,0.0,3.7133990774857946,36.0,0.4062,0.0,1.0,6.0,0.0272,0.0,0.63135,0.0024754432439919424,0.016487898761306075,0.02695
Bo Nix,QB,DEN,LAC,DEN@LAC,False,1.0,,False,20.00175,17.0,23.0,91.0,224.8632375945489,170.4574108952722,268.4288295392907,87.0,1.32615,1.0,2.0,77.0,0.1457,0.13635,0.1457,62,,,,,,,,,,,,,,,,,,0.13635
Nate Adkins,TE,DEN,LAC,DEN@LAC,False,1.0,,False,,,,,,,,,,,,,0.00515,0.10395,0.1087,25,0.814587560713107,0.0,0.0,68.0,7.639697650946586,0.0,11.78085664024412,22.0,0.7135,0.0,1.0,26.0,0.10355,0.19075,1.10345,0.006422897744400225,0.030238715716941568,0.10395
Tyler Badie,RB,DEN,LAC,DEN@LAC,False,1.0,,False,,,,,,,,,,,,,0.0313,0.12205,0.1294,23,4.7793784462319335,0.0,6.238553990497486,32.0,9.591919703568355,0.0,14.733983701598243,25.0,1.16005,0.0,2.0,19.0,0.0981,1.16095,1.7162,0.03909802006384808,0.046025053483506904,0.12205
Pat Bryant,WR,DEN,LAC,DEN@LAC,False,1.0,,False,,,,,,,,,,,,,0.00555,0.10435,0.1092,27,0.889008814465873,0.0,0.0,79.0,22.604755839768664,3.013649604962947,33.495147265387146,39.0,1.64185,1.0,2.0,61.0,0.10365,0.19865,2.7464,0.006422897744400225,0.07903685310951225,0.10435
J.K. Dobbins,RB,DEN,LAC,DEN@LAC,False,1.0,,False,,,,,,,,,,,,,0.4781,0.40155,0.50635,73,52.470219596667945,32.38650577388749,67.65002230590954,76.0,5.4725724966559355,0.0,8.236145023950607,51.0,0.69665,0.0,1.0,53.0,0.02825,13.12195,0.9885,0.4410053888598924,0.02628217469292448,0.40155
Evan Engram,TE,DEN,LAC,DEN@LAC,False,1.0,,False,,,,,,,,,,,,,0.0,0.13125,0.139,28,0.0,0.0,0.0,81.0,26.00430546193148,9.046253620781687,37.18720098261014,48.0,2.4697,1.0,3.0,57.0,0.139,0.0,3.91655,0.0029321924485305375,0.10736752306578656,0.13125
Troy Franklin,WR,DEN,LAC,DEN@LAC,False,1.0,,False,,,,,,,,,,,,,0.0078,0.09785,0.10275,13,1.215514646817736,0.0,0.0,66.0,20.54590635634386,1.6366665610610545,31.03806703617437,23.0,1.55535,1.0,2.0,47.0,0.09495,0.2823,2.6447,0.009448175667487287,0.07607370667536914,0.09785
RJ Harvey,RB,DEN,LAC,DEN@LAC,False,1.0,,False,,,,,,,,,,,,,0.168,0.30805,0.3645,51,24.653355698315174,10.9696983185351,33.20425171963105,69.0,28.92649573127503,13.565444637636933,39.85489499321172,69.0,3.6912,2.0,5.0,72.0,0.1965,5.9663,5.08735,0.20073208573694062,0.1365977071880779,0.30805
Lil'Jordan Humphrey,WR,DEN,LAC,DEN@LAC,False,1.0,,False,,,,,,,,,,,,,0.0,0.04605,0.0466,1,0.0,0.0,0.0,61.0,12.243445866301894,0.0,18.96679463595089,15.0,0.9168,0.0,1.0,28.0,0.0466,0.0,1.62475,0.00513133678492844,0.0467505019066748,0.04605
Kolbe Katsis,WR,DEN,LAC,DEN@LAC,False,1.0,,False,,,,,,,,,,,,,0.0,0.0061,0.0061,1,0.0,0.0,0.0,60.0,1.591127112781809,0.0,0.0,60.0,0.11865,0.0,0.0,60.0,0.0061,0.0,0.2043,0.00513133678492844,0.005869234307416399,0.0061
Marvin Mims Jr.,WR,DEN,LAC,DEN@LAC,False,1.0,,False,,,,,,,,,,,,,0.0,0.05535,0.0567,4,0.0,0.0,0.0,64.0,13.375479733926486,0.0,20.482851605688875,18.0,1.18815,0.0,2.0,14.0,0.0567,0.0,1.96355,0.004105069427942753,0.05571593851608424,0.05535
Adam Prentice,RB,DEN,LAC,DEN@LAC,False,1.0,,False,,,,,,,,,,,,,0.0,0.00795,0.00795,1,0.0,0.0,0.0,61.0,1.6740234129311844,0.0,0.0,61.0,0.2169,0.0,0.0,61.0,0.00795,0.0,0.30545,0.0037039147476530692,0.008033467134708908,0.00795
Courtland Sutton,WR,DEN,LAC,DEN@LAC,False,1.0,,False,,,,,,,,,,,,,0.0,0.23985,0.2691,66,0.0,0.0,0.0,95.0,38.871223796185895,15.921646737076417,54.50378176476792,65.0,2.96715,2.0,4.0,75.0,0.2691,0.0,5.2969,0.0029321924485305375,0.15152625818913287,0.23985
Adam Trautman,TE,DEN,LAC,DEN@LAC,False,1.0,,False,,,,,,,,,,,,,0.0,0.0249,0.02505,7,0.0,0.0,0.0,66.0,6.553003686473062,0.0,9.56709766036369,23.0,0.62545,0.0,1.0,18.0,0.02505,0.0,0.91815,0.0029321924485305375,0.025166779502502058,0.0249
Jaylen Waddle,WR,DEN,LAC,DEN@LAC,False,1.0,,False,,,,,,,,,,,,,0.0056,0.20275,0.224,55,0.8996071118911637,0.0,0.0,97.0,45.97255241208915,21.047107983928193,63.82703679739981,72.0,3.47935,2.0,5.0,74.0,0.2184,0.202,5.8856,0.006841782379904587,0.16910443801837943,0.20275
Justin Herbert,QB,LAC,DEN,DEN@LAC,False,1.0,,False,17.752,15.0,20.0,92.0,210.07014968978422,156.24752236884538,253.08067570403054,86.0,1.2042,0.0,2.0,50.0,0.15705,0.14635,0.15705,62,,,,,,,,,,,,,,,,,,0.14635
Derius Davis,WR,LAC,DEN,DEN@LAC,False,1.0,,False,,,,,,,,,,,,,0.0,0.01665,0.0169,5,0.0,0.0,0.0,65.0,4.2256937655885425,0.0,2.1700306463897983,49.0,0.3318,0.0,1.0,5.0,0.0169,0.0,0.5873,0.0032887126712387916,0.015441017995093948,0.01665
Oronde Gadsden II,TE,LAC,DEN,DEN@LAC,False,1.0,,False,,,,,,,,,,,,,0.0044,0.1929,0.2126,43,0.9302788387861687,0.0,0.0,84.0,28.994121009648243,10.262510357060656,42.06517416323089,51.0,2.57395,1.0,4.0,49.0,0.2082,0.20205,4.1529,0.006714455037112532,0.11684819885310287,0.1929
Omarion Hampton,RB,LAC,DEN,DEN@LAC,False,1.0,,False,,,,,,,,,,,,,0.4414,0.4049,0.50355,85,67.56728974292825,44.88334366285575,85.13783515735324,82.0,11.314645385638062,0.0,17.05901409142909,55.0,1.52505,0.0,2.0,61.0,0.06215,14.763,2.14535,0.497073526770105,0.05605332974370755,0.4049
Tre Harris,WR,LAC,DEN,DEN@LAC,False,1.0,,False,,,,,,,,,,,,,0.0,0.2103,0.2324,53,0.0,0.0,0.0,94.0,38.11674141640937,14.688596624834673,54.22594094908292,62.0,2.80985,1.0,4.0,62.0,0.2324,0.0,4.8601,0.0032887126712387916,0.12922691808948278,0.2103
Patrick Herbert,TE,LAC,DEN,DEN@LAC,False,1.0,,False,,,,,,,,,,,,,0.0,0.0044,0.0044,1,0.0,0.0,0.0,60.0,0.9414613464509027,0.0,0.0,60.0,0.09005,0.0,0.0,60.0,0.0044,0.0,0.14575,0.0046041977397343085,0.0040823085174451264,0.0044
Alec Ingold,RB,LAC,DEN,DEN@LAC,False,1.0,,False,,,,,,,,,,,,,0.0,0.0523,0.05365,11,0.0,0.0,0.0,65.0,4.3052168590049815,0.0,6.0312247584758785,23.0,0.5464,0.0,1.0,10.0,0.05365,0.0,0.8072,0.0036952945753489157,0.02139757814074709,0.0523
Quentin Johnston,WR,LAC,DEN,DEN@LAC,False,1.0,,False,,,,,,,,,,,,,0.00625,0.16175,0.1755,33,1.4429270994131558,0.0,0.0,90.0,45.05056197964949,19.221172743607077,63.26195994679746,61.0,3.10535,2.0,4.0,71.0,0.16925,0.30865,5.75405,0.010140197402986275,0.15388130756618928,0.16175
Charlie Kolar,TE,LAC,DEN,DEN@LAC,False,1.0,,False,,,,,,,,,,,,,0.0,0.04125,0.04215,4,0.0,0.0,0.0,64.0,8.598686388181095,0.0,13.398263481836544,17.0,0.81135,0.0,1.0,27.0,0.04215,0.0,1.3101,0.0046041977397343085,0.03760014043237683,0.04125
Ladd McConkey,WR,LAC,DEN,DEN@LAC,False,1.0,,False,,,,,,,,,,,,,0.0,0.2021,0.2237,41,0.0,0.0,0.0,87.0,44.2947365055561,18.86603932629049,62.0185976469855,58.0,3.21935,2.0,4.0,69.0,0.2237,0.0,5.63575,0.0032887126712387916,0.14996745811321108,0.2021
Keaton Mitchell,RB,LAC,DEN,DEN@LAC,False,1.0,,False,,,,,,,,,,,,,0.1517,0.21975,0.24545,56,30.973599259508493,15.296707567058913,41.84898904837458,66.0,10.958845976052658,0.0,16.520112419173877,46.0,1.4494,0.0,2.0,50.0,0.09375,6.2154,2.1342,0.20949279853215524,0.05638636291142218,0.21975
Hayden Rucci,TE,LAC,DEN,DEN@LAC,False,1.0,,False,,,,,,,,,,,,,0.0,0.0032,0.0032,1,0.0,0.0,0.0,60.0,0.9037121602818832,0.0,0.0,60.0,0.0826,0.0,0.0,60.0,0.0032,0.0,0.13075,0.0046041977397343085,0.003587966470410755,0.0032
Brenen Thompson,WR,LAC,DEN,DEN@LAC,False,1.0,,False,,,,,,,,,,,,,0.0,0.03915,0.0399,4,0.0,0.0,0.0,64.0,9.570246534711377,0.0,14.65589917940386,18.0,0.7212,0.0,1.0,22.0,0.0399,0.0,1.27105,0.0046041977397343085,0.03348966677736562,0.03915
Marquez Valdes-Scantling,WR,LAC,DEN,DEN@LAC,False,1.0,,False,,,,,,,,,,,,,0.0,0.0393,0.0402,3,0.0,0.0,0.0,63.0,9.818325183798398,0.0,15.048758665336198,17.0,0.7429,0.0,1.0,22.0,0.0402,0.0,1.36445,0.0046041977397343085,0.036091110957891595,0.0393
Kimani Vidal,RB,LAC,DEN,DEN@LAC,False,1.0,,False,,,,,,,,,,,,,0.0609,0.1289,0.13665,24,13.297968990842785,3.28864005688957,18.472348112167893,38.0,7.941331524858452,0.0,12.351825918353406,25.0,1.01305,0.0,2.0,13.0,0.07575,2.7971,1.5267,0.09531117616028195,0.04046362227468789,0.1289
Jared Goff,QB,DET,ARI,DET@ARI,False,1.0,,False,21.9751,19.0,25.0,92.0,278.8370718435142,211.16654664039604,333.742735931879,87.0,1.98155,1.0,3.0,70.0,0.043,0.04225,0.043,62,,,,,,,,,,,,,,,,,,0.04225
Jahmyr Gibbs,RB,DET,ARI,DET@ARI,False,1.0,,False,,,,,,,,,,,,,0.8667,0.71575,1.18935,85,86.42979565610185,61.21094971818814,106.6898839486033,84.0,35.95625741301789,17.14168316576264,49.48794345551201,73.0,4.01825,2.0,5.0,78.0,0.32265,19.21225,5.39605,0.7751850110497327,0.16214117450103904,0.71575
Tom Kennedy,WR,DET,ARI,DET@ARI,False,1.0,,False,,,,,,,,,,,,,0.0,0.0139,0.0139,1,0.0,0.0,0.0,60.0,3.374214895967544,0.0,0.0,60.0,0.22975,0.0,0.0,60.0,0.0139,0.0,0.36775,0.0038415130614106482,0.010432581648908028,0.0139
Sam LaPorta,TE,DET,ARI,DET@ARI,False,1.0,,False,,,,,,,,,,,,,0.0,0.4021,0.5015,85,0.0,0.0,0.0,97.0,65.12353800134247,35.73159454392575,86.87047164318943,76.0,5.35685,4.0,7.0,83.0,0.5015,0.0,7.71825,0.0038415130614106482,0.19841174899369102,0.4021
Tay Martin,WR,DET,ARI,DET@ARI,False,1.0,,False,,,,,,,,,,,,,0.0,0.011,0.01105,1,0.0,0.0,0.0,60.0,2.732870885149719,0.0,0.0,60.0,0.1864,0.0,0.0,60.0,0.01105,0.0,0.30255,0.0038415130614106482,0.008621968304882667,0.011
Jackson Meeks,WR,DET,ARI,DET@ARI,False,1.0,,False,,,,,,,,,,,,,0.0,0.0267,0.0273,2,0.0,0.0,0.0,62.0,6.249081833427679,0.0,7.475432571332982,26.0,0.4358,0.0,1.0,2.0,0.0273,0.0,0.70185,0.0038415130614106482,0.019737743915269484,0.0267
Jacob Saylors,RB,DET,ARI,DET@ARI,False,1.0,,False,,,,,,,,,,,,,0.0082,0.01415,0.0142,1,1.087459696570459,0.0,0.0,60.0,0.9511878895346519,0.0,0.0,60.0,0.11025,0.0,0.0,60.0,0.006,0.24585,0.15155,0.010091520359368623,0.004511173780891067,0.01415
Amon-Ra St. Brown,WR,DET,ARI,DET@ARI,False,1.0,,False,,,,,,,,,,,,,0.0,0.4851,0.64095,85,0.0,0.0,0.0,97.0,80.32964532640787,47.17970385503221,105.23211357038744,78.0,6.3196,4.0,8.0,81.0,0.64095,0.0,10.018,0.0038415130614106482,0.28363227156916554,0.4851
Isaac TeSlaa,WR,DET,ARI,DET@ARI,False,1.0,,False,,,,,,,,,,,,,0.0,0.1542,0.1671,46,0.0,0.0,0.0,87.0,26.356045642213186,2.775904781781348,39.45056522960415,45.0,1.5786,1.0,2.0,68.0,0.1671,0.0,2.6533,0.0038415130614106482,0.07567463907937996,0.1542
Sione Vaki,RB,DET,ARI,DET@ARI,False,1.0,,False,,,,,,,,,,,,,0.11055,0.1376,0.1474,19,14.058046641411545,3.9382679813154127,19.033796522230126,40.0,6.692347268616825,0.0,10.238917398100703,27.0,0.75475,0.0,1.0,33.0,0.03685,3.17205,1.03065,0.12687938776265129,0.030165145527173934,0.1376
Jameson Williams,WR,DET,ARI,DET@ARI,False,1.0,,False,,,,,,,,,,,,,0.0,0.22825,0.25735,55,0.0,0.0,0.0,97.0,58.16608928739553,25.679902481057134,81.08453924369147,71.0,3.4387,2.0,5.0,74.0,0.25735,0.0,5.5798,0.0038415130614106482,0.1581149233879144,0.22825
Brock Wright,TE,DET,ARI,DET@ARI,False,1.0,,False,,,,,,,,,,,,,0.0,0.0882,0.09185,14,0.0,0.0,0.0,68.0,13.249449037558941,0.0,20.222292989863895,22.0,1.15955,0.0,2.0,16.0,0.09185,0.0,1.77145,0.0038415130614106482,0.04523149968397011,0.0882
Jacoby Brissett,QB,ARI,DET,DET@ARI,False,1.0,,False,23.7093,21.0,27.0,92.0,227.96673991524764,174.2296312103927,272.02383733176544,87.0,1.6922,1.0,2.0,82.0,0.1494,0.1391,0.1494,62,,,,,,,,,,,,,,,,,,0.1391
Tyler Allgeier,RB,ARI,DET,DET@ARI,False,1.0,,False,,,,,,,,,,,,,0.27085,0.3163,0.3707,82,30.993192957848247,15.738541333895972,41.082310185782056,70.0,9.302350071093585,0.0,13.992069525433896,50.0,1.40415,0.0,2.0,52.0,0.09985,7.28145,1.7928,0.27039062559705973,0.0509188139512105,0.3163
Kendrick Bourne,WR,ARI,DET,DET@ARI,False,1.0,,False,,,,,,,,,,,,,0.0,0.16015,0.1732,36,0.0,0.0,0.0,82.0,29.74058856392413,10.899506016403757,42.48925839618375,51.0,2.69115,1.0,4.0,49.0,0.1732,0.0,3.9619,0.0033244354637554452,0.10411967540266356,0.16015
Jalen Brooks,WR,ARI,DET,DET@ARI,False,1.0,,False,,,,,,,,,,,,,0.0,0.02035,0.02055,2,0.0,0.0,0.0,62.0,4.168789555114739,0.0,3.1604626350578187,39.0,0.3577,0.0,1.0,2.0,0.02055,0.0,0.55135,0.0033244354637554452,0.014732886342860475,0.02035
Devin Duvernay,WR,ARI,DET,DET@ARI,False,1.0,,False,,,,,,,,,,,,,0.0,0.01345,0.01355,1,0.0,0.0,0.0,60.0,3.0294114448002385,0.0,0.0,60.0,0.26355,0.0,0.0,60.0,0.01355,0.0,0.4024,0.0033244354637554452,0.010542776554545575,0.01345
Simi Fehoko,WR,ARI,DET,DET@ARI,False,1.0,,False,,,,,,,,,,,,,0.0,0.009,0.00905,1,0.0,0.0,0.0,60.0,2.0522724517270463,0.0,0.0,60.0,0.1744,0.0,0.0,60.0,0.00905,0.0,0.2681,0.0033244354637554452,0.007046354049481222,0.009
Marvin Harrison Jr.,WR,ARI,DET,DET@ARI,False,1.0,,False,,,,,,,,,,,,,0.0,0.17315,0.18735,34,0.0,0.0,0.0,81.0,35.93149069594975,13.29675639043311,51.188124355542094,49.0,2.75095,1.0,4.0,48.0,0.18735,0.0,4.4725,0.0033244354637554452,0.11746819027839879,0.17315
Elijah Higgins,TE,ARI,DET,DET@ARI,False,1.0,,False,,,,,,,,,,,,,0.0,0.07025,0.07255,14,0.0,0.0,0.0,68.0,10.855390420978999,0.0,16.677909114387475,22.0,1.1842,0.0,2.0,17.0,0.07255,0.0,1.59225,0.0033244354637554452,0.04052966017172565,0.07025
Bam Knight,RB,ARI,DET,DET@ARI,False,1.0,,False,,,,,,,,,,,,,0.0642,0.08705,0.09115,1,10.838219341354291,1.7518227326873363,15.192445587124961,24.0,4.303312721042139,0.0,6.4755611063074,16.0,0.63275,0.0,1.0,14.0,0.02695,2.28055,0.8305,0.08497460504531658,0.023708042913553586,0.08705
Jeremiyah Love,RB,ARI,DET,DET@ARI,False,1.0,,False,,,,,,,,,,,,,0.47165,0.4759,0.6277,85,62.0236867702966,40.22183588621628,78.86069079238412,81.0,16.037452404598252,5.148542551393534,23.134817142694356,66.0,2.41775,1.0,3.0,75.0,0.15605,13.74025,3.09695,0.5092720640104171,0.08845686991752004,0.4759
Trey McBride,TE,ARI,DET,DET@ARI,False,1.0,,False,,,,,,,,,,,,,0.0,0.43545,0.55605,85,0.0,0.0,0.0,97.0,71.78407586267194,45.44598404260856,92.44443342599942,80.0,8.24775,6.0,10.0,85.0,0.55605,0.0,11.4414,0.0033244354637554452,0.2923659792745885,0.43545
Michael Wilson,WR,ARI,DET,DET@ARI,False,1.0,,False,,,,,,,,,,,,,0.0,0.37535,0.45905,85,0.0,0.0,0.0,97.0,57.249043336441765,31.73637418512234,76.27933964514204,77.0,5.30095,4.0,7.0,83.0,0.45905,0.0,8.3671,0.0033244354637554452,0.21968868570910857,0.37535
Brock Purdy,QB,SF,SEA,SF@SEA,False,1.0,,False,19.16335,16.0,22.0,91.0,200.75517527907692,150.8352771690492,241.09974597409789,87.0,1.73815,1.0,2.0,83.0,0.0954,0.0915,0.0954,62,,,,,,,,,,,,,,,,,,0.0915
Kaelon Black,RB,SF,SEA,SF@SEA,False,1.0,,False,,,,,,,,,,,,,0.162,0.1681,0.18205,64,31.396961259364883,15.650646956424552,42.03678789766818,58.0,2.4493689302981,0.0,1.0302039835951209,71.0,0.33715,0.0,1.0,23.0,0.02005,7.08075,0.4598,0.23535440655223241,0.013060571821693389,0.1681
Brandin Cooks,WR,SF,SEA,SF@SEA,False,1.0,,False,,,,,,,,,,,,,0.0,0.0581,0.05935,1,0.0,0.0,0.0,61.0,10.818241099401641,0.0,16.619225814657717,15.0,0.8952,0.0,1.0,28.0,0.05935,0.0,1.44285,0.005374325016067712,0.042895629934630516,0.0581
Jacob Cowing,WR,SF,SEA,SF@SEA,False,1.0,,False,,,,,,,,,,,,,0.00355,0.0334,0.0339,5,0.8541258081038071,0.0,0.0,65.0,5.577500534250467,0.0,6.7466864796242305,29.0,0.4566,0.0,1.0,5.0,0.03035,0.1846,0.7494,0.005995845596157175,0.022039752282132303,0.0334
Mike Evans,WR,SF,SEA,SF@SEA,False,1.0,,False,,,,,,,,,,,,,0.0,0.32585,0.3906,64,0.0,0.0,0.0,97.0,49.30250144835537,24.23065503575382,67.33603126299074,72.0,4.0233,2.0,5.0,76.0,0.3906,0.0,6.59885,0.0030710428663244076,0.19581578636827604,0.32585
Luke Farrell,TE,SF,SEA,SF@SEA,False,1.0,,False,,,,,,,,,,,,,0.0,0.0266,0.0267,5,0.0,0.0,0.0,65.0,4.328188732572593,0.0,5.2133928631551445,29.0,0.43745,0.0,1.0,5.0,0.0267,0.0,0.652,0.0030710428663244076,0.020232908814165798,0.0266
Jordan James,RB,SF,SEA,SF@SEA,False,1.0,,False,,,,,,,,,,,,,0.04905,0.05515,0.0565,2,10.681462432301837,1.6962180857372022,14.679995396933254,26.0,0.8866496786474815,0.0,0.0,62.0,0.1232,0.0,0.0,62.0,0.00745,2.34745,0.16865,0.07812553672694611,0.0047922598112984304,0.05515
Kyle Juszczyk,RB,SF,SEA,SF@SEA,False,1.0,,False,,,,,,,,,,,,,0.0,0.1217,0.1295,20,0.0,0.0,0.0,68.0,10.069656397113636,0.0,15.374416069640917,22.0,1.2854,0.0,2.0,21.0,0.1295,0.0,1.71315,0.002997415283144682,0.04771474741454408,0.1217
George Kittle,TE,SF,SEA,SF@SEA,False,1.0,,False,,,,,,,,,,,,,0.0,0.3314,0.3972,66,0.0,0.0,0.0,95.0,46.08869809732463,23.10631985226199,62.91106633612104,69.0,4.33285,3.0,6.0,74.0,0.3972,0.0,6.1716,0.0030710428663244076,0.18884963429795898,0.3314
Christian McCaffrey,RB,SF,SEA,SF@SEA,False,1.0,,False,,,,,,,,,,,,,0.4093,0.54425,0.7587,85,59.831726796652305,38.56194867463006,76.04055082258634,81.0,34.48445973854249,17.543338712775274,46.85344340556813,75.0,4.4799,3.0,6.0,80.0,0.3494,13.0384,6.078,0.43406771894400925,0.17103836063161115,0.54425
Deebo Samuel Sr.,WR,SF,SEA,SF@SEA,False,1.0,,False,,,,,,,,,,,,,0.0139,0.3062,0.3587,57,3.8062188425894288,0.0,4.833605514123655,49.0,38.88321544318175,16.73340158990177,54.47847640963633,58.0,3.2093,2.0,4.0,69.0,0.3448,0.827,5.00165,0.02795070537895178,0.14850278240898987,0.3062
Jordan Watkins,WR,SF,SEA,SF@SEA,False,1.0,,False,,,,,,,,,,,,,0.0,0.0469,0.048,3,0.0,0.0,0.0,63.0,9.74000909839754,0.0,14.831885824884374,17.0,0.7253,0.0,1.0,21.0,0.048,0.0,1.16235,0.004299460012854171,0.033760965478700264,0.0469
Brayden Willis,TE,SF,SEA,SF@SEA,False,1.0,,False,,,,,,,,,,,,,0.0,0.00405,0.00405,1,0.0,0.0,0.0,60.0,0.6225799663337083,0.0,0.0,60.0,0.06315,0.0,0.0,60.0,0.00405,0.0,0.0947,0.003582883344045142,0.002838696348869022,0.00405
Sam Darnold,QB,SEA,SF,SF@SEA,False,1.0,,False,19.4487,16.0,22.0,81.0,217.61027238706555,162.6887210887238,261.6537272368936,77.0,1.8656,1.0,3.0,59.0,0.06015,0.0585,0.06015,51,,,,,,,,,,,,,,,,,,0.0585
Elijah Arroyo,TE,SEA,SF,SF@SEA,False,1.0,,False,,,,,,,,,,,,,0.0,0.0397,0.04045,2,0.0,0.0,0.0,62.0,6.1437376569888595,0.0,9.10291308728287,17.0,0.64305,0.0,1.0,15.0,0.04045,0.0,0.99105,0.003262229815323455,0.02872645490818688,0.0397
AJ Barner,TE,SEA,SF,SF@SEA,False,1.0,,False,,,,,,,,,,,,,0.02575,0.31595,0.37145,59,1.1439033076310767,0.0,0.0,84.0,30.18094194245654,12.628264187818246,42.55128624791742,54.0,3.17295,2.0,4.0,65.0,0.3457,0.2544,4.60695,0.005980754661426334,0.13364013716976386,0.31595
Montorie Foster Jr,WR,SEA,SF,SF@SEA,False,1.0,,False,,,,,,,,,,,,,0.0,0.0129,0.01295,1,0.0,0.0,0.0,60.0,2.1291619338834935,0.0,0.0,60.0,0.1827,0.0,0.0,60.0,0.01295,0.0,0.28805,0.005708902176816046,0.00854305500139244,0.0129
George Holani,RB,SEA,SF,SF@SEA,False,1.0,,False,,,,,,,,,,,,,0.21235,0.27605,0.3174,66,30.70330243469354,15.18318601068152,40.58432573238729,61.0,8.982360875794283,0.0,13.782714591751619,39.0,1.28225,0.0,2.0,39.0,0.10505,7.52655,1.71075,0.17829966896321653,0.047136227034003074,0.27605
Tory Horton,WR,SEA,SF,SF@SEA,False,1.0,,False,,,,,,,,,,,,,0.0,0.1097,0.1155,13,0.0,0.0,0.0,66.0,15.240020019116649,0.0,23.081292450846696,21.0,1.2653,0.0,2.0,19.0,0.1155,0.0,2.03325,0.0038059347845440313,0.06098935874830184,0.1097
Cooper Kupp,WR,SEA,SF,SF@SEA,False,1.0,,False,,,,,,,,,,,,,0.0,0.17825,0.19625,27,0.0,0.0,0.0,79.0,29.565872582269733,10.146415941644994,42.55044060147514,46.0,2.5002,1.0,4.0,43.0,0.19625,0.0,3.90225,0.003262229815323455,0.11564225014598997,0.17825
Brady Russell,RB,SEA,SF,SF@SEA,False,1.0,,False,,,,,,,,,,,,,0.0,0.0256,0.02585,4,0.0,0.0,0.0,64.0,2.971182723300857,0.0,3.181246793001674,32.0,0.41465,0.0,1.0,4.0,0.02585,0.0,0.55765,0.0028565878489370602,0.015908084359317815,0.0256
Eric Saubert,TE,SEA,SF,SF@SEA,False,1.0,,False,,,,,,,,,,,,,0.0,0.08415,0.0875,16,0.0,0.0,0.0,65.0,4.241044949606051,0.0,5.016909675961544,29.0,0.4489,0.0,1.0,5.0,0.0875,0.0,0.66155,0.003262229815323455,0.019484648712587753,0.08415
Rashid Shaheed,WR,SEA,SF,SF@SEA,False,1.0,,False,,,,,,,,,,,,,0.0102,0.1927,0.2109,37,2.376217716271861,0.0,1.7497158636693908,62.0,31.231384566112375,11.828713763737387,44.44028332045265,53.0,2.8237,1.0,4.0,52.0,0.2007,0.5354,4.62355,0.012571117924706042,0.1384342180920213,0.1927
Jaxon Smith-Njigba,WR,SEA,SF,SF@SEA,False,1.0,,False,,,,,,,,,,,,,0.0,0.53365,0.7346,85,0.0,0.0,0.0,97.0,94.4324631532749,57.34927052531165,122.84648789457806,79.0,6.9646,5.0,9.0,83.0,0.7346,0.0,10.42845,0.003262229815323455,0.3117321820838493,0.53365
Emanuel Wilson,RB,SEA,SF,SF@SEA,False,1.0,,False,,,,,,,,,,,,,0.4977,0.4557,0.5927,85,65.7989075234372,43.034954209147685,83.15283411614755,82.0,8.121490004415321,0.0,12.486191820441672,54.0,1.13705,0.0,2.0,47.0,0.095,16.3044,1.53775,0.3854656705746217,0.04332789584955171,0.4557
Lamar Jackson,QB,BAL,ATL,BAL@ATL,False,0.98,DNP,False,17.8119378577269,15.0,20.0,90.0,214.10461994525357,158.7197277893069,257.8149742892217,84.0,1.4036181520850368,1.0,2.0,77.0,0.15785977105478333,0.14677023712183157,0.15785977105478333,60,,,,,,,,,,,,,,,,,,0.14383483237939493
Rasheen Ali,RB,BAL,ATL,BAL@ATL,False,1.0,,False,,,,,,,,,,,,,0.012,0.03145,0.0317,1,1.8705256210110675,0.0,0.9891624613031982,44.0,2.7918289376141283,0.0,2.4748994638370063,33.0,0.38005,0.0,1.0,1.0,0.0197,0.47155,0.5115,0.014580223883062873,0.015559063618153094,0.03145
Mark Andrews,TE,BAL,ATL,BAL@ATL,False,0.9479829842591244,Full,False,,,,,,,,,,,,,0.0,0.2831806871724284,0.33093334745089736,56,0.0,0.0,0.0,93.0,39.530517925881554,19.270738037131316,53.990557845342025,68.0,4.182116575784848,3.0,6.0,73.0,0.33093334745089736,0.0,6.146646196198846,0.0033505810797807047,0.18896138485415612,0.26845047291026825
Rashod Bateman,WR,BAL,ATL,BAL@ATL,False,0.9575230478992892,Limited,False,,,,,,,,,,,,,0.0,0.20161879895561358,0.22381201044386423,36,0.0,0.0,0.0,80.0,31.62124043257779,10.098960172236211,45.6119650889854,48.0,2.388093994778068,1.0,3.0,56.0,0.22381201044386423,0.0,3.9813577023498694,0.0033505810797807047,0.11304039849100514,0.19305464688977314
Josh Cuevas,TE,BAL,ATL,BAL@ATL,False,1.0,,False,,,,,,,,,,,,,0.0,0.0115,0.01165,2,0.0,0.0,0.0,62.0,2.053742604607487,0.0,0.0,62.0,0.20595,0.0,0.0,62.0,0.01165,0.0,0.30115,0.0033505810797807047,0.009294297494993331,0.0115
Zay Flowers,WR,BAL,ATL,BAL@ATL,False,0.9575230478992892,Limited,False,,,,,,,,,,,,,0.0061042416653623414,0.3850889549746961,0.47774821307455523,58,0.9301547057349451,0.0,0.0,91.0,87.82429336009632,49.5663254181052,116.28150908910041,69.0,5.664684092450566,4.0,7.0,76.0,0.4716439714091929,0.23357854646006157,8.541868837063703,0.007337968505133763,0.24387230716373148,0.3687315498797231
Derrick Henry,RB,BAL,ATL,BAL@ATL,False,1.0,,False,,,,,,,,,,,,,0.8389,0.61115,0.89965,85,78.54355428559164,53.87653999816715,97.85314913942346,83.0,8.687717415264403,0.0,13.136619983864069,55.0,1.1772,0.0,2.0,49.0,0.06075,19.78205,1.6066,0.6096151480726455,0.047920297792953204,0.61115
Matthew Hibner,TE,BAL,ATL,BAL@ATL,False,1.0,,False,,,,,,,,,,,,,0.0,0.0664,0.0687,14,0.0,0.0,0.0,68.0,6.560411779823793,0.0,9.70863099023812,24.0,0.6469,0.0,1.0,22.0,0.0687,0.0,0.949,0.0033505810797807047,0.028866262668102594,0.0664
Justice Hill,RB,BAL,ATL,BAL@ATL,False,1.0,,False,,,,,,,,,,,,,0.0809,0.1428,0.15305,19,12.212312186014948,2.9499503447642432,16.340996807962927,44.0,10.329164557678434,0.0,15.665765216853604,32.0,1.36685,0.0,2.0,33.0,0.07215,3.08445,1.8244,0.09454470175228535,0.05464796245885075,0.1428
Chris Moore,WR,BAL,ATL,BAL@ATL,False,0.9575230478992892,Limited,False,,,,,,,,,,,,,0.0,0.11962372615625816,0.12714920303109487,15,0.0,0.0,0.0,67.0,18.91608317231544,0.0,28.652844033,23.0,1.4342304677292919,0.0,2.0,27.0,0.12714920303109487,0.0,2.401411026914032,0.0039090112597441554,0.06779387238461833,0.11454247487021024
Elijah Sarratt,WR,BAL,ATL,BAL@ATL,False,1.0,,False,,,,,,,,,,,,,0.0,0.0657,0.0676,2,0.0,0.0,0.0,62.0,13.313647166903085,0.0,20.59468198595171,16.0,1.06925,0.0,2.0,6.0,0.0676,0.0,1.7122,0.005863516889616232,0.04788492639190103,0.0657
Devontez Walker,WR,BAL,ATL,BAL@ATL,False,1.0,,False,,,,,,,,,,,,,0.0,0.0487,0.05025,9,0.0,0.0,0.0,68.0,11.277149975907866,0.0,17.370228372962345,22.0,0.8277,0.0,1.0,32.0,0.05025,0.0,1.33935,0.0039090112597441554,0.03731054551729006,0.0487
LaJohntay Wester,WR,BAL,ATL,BAL@ATL,False,1.0,,False,,,,,,,,,,,,,0.0,0.022,0.0222,7,0.0,0.0,0.0,66.0,4.389022033716173,0.0,3.3400081045817283,44.0,0.35845,0.0,1.0,6.0,0.0222,0.0,0.57535,0.0033505810797807047,0.016153341357279926,0.022
Michael Penix Jr.,QB,ATL,BAL,BAL@ATL,False,1.0,,False,16.5081,14.0,19.0,68.0,186.3455849768491,137.7092588308446,225.61195492820215,63.0,1.0903,0.0,2.0,22.0,0.0678,0.066,0.0678,36,,,,,,,,,,,,,,,,,,0.066
Chris Blair,WR,ATL,BAL,BAL@ATL,False,1.0,,False,,,,,,,,,,,,,0.0,0.0224,0.0225,5,0.0,0.0,0.0,65.0,4.913786937733169,0.0,5.4566456572115705,31.0,0.4029,0.0,1.0,5.0,0.0225,0.0,0.6497,0.0031502759534442386,0.022943739101831354,0.0224
Zachariah Branch,WR,ATL,BAL,BAL@ATL,False,1.0,,False,,,,,,,,,,,,,0.0,0.04545,0.04645,11,0.0,0.0,0.0,70.0,9.258028695690006,0.0,14.430219779450384,23.0,0.8073,0.0,1.0,32.0,0.04645,0.0,1.2995,0.0031502759534442386,0.047572260203136776,0.04545
Jahan Dotson,WR,ATL,BAL,BAL@ATL,False,1.0,,False,,,,,,,,,,,,,0.0,0.1134,0.11995,23,0.0,0.0,0.0,81.0,24.631486195781285,6.066394983697363,36.52776942943619,44.0,1.9159,1.0,3.0,49.0,0.11995,0.0,3.27855,0.0031502759534442386,0.11891367777770208,0.1134
Austin Hooper,TE,ATL,BAL,BAL@ATL,False,1.0,,False,,,,,,,,,,,,,0.0,0.08785,0.09125,18,0.0,0.0,0.0,71.0,11.2722316214674,0.0,17.39825574611365,25.0,1.11155,0.0,2.0,17.0,0.09125,0.0,1.62635,0.0031502759534442386,0.05896569395380625,0.08785
Drake London,WR,ATL,BAL,BAL@ATL,False,1.0,,False,,,,,,,,,,,,,0.0116,0.2449,0.27605,44,1.4442866426499368,0.0,0.0,97.0,69.03455998940684,36.677502576855574,93.23458675203872,75.0,4.6447,3.0,6.0,81.0,0.26445,0.33475,7.41515,0.009819206903275791,0.2657058886880604,0.2449
Nick Muse,TE,ATL,BAL,BAL@ATL,False,1.0,,False,,,,,,,,,,,,,0.0,0.00625,0.00635,1,0.0,0.0,0.0,60.0,1.221423947582727,0.0,0.0,60.0,0.1214,0.0,0.0,60.0,0.00635,0.0,0.18075,0.0031502759534442386,0.006412526636874322,0.00625
Kyle Pitts,TE,ATL,BAL,BAL@ATL,False,1.0,,False,,,,,,,,,,,,,0.0,0.13665,0.1458,16,0.0,0.0,0.0,74.0,28.065276025039697,10.900255143392895,39.62776069076524,44.0,2.78285,1.0,4.0,42.0,0.1458,0.0,4.1255,0.0031502759534442386,0.14883344518443625,0.13665
Bijan Robinson,RB,ATL,BAL,BAL@ATL,False,1.0,,False,,,,,,,,,,,,,0.8645,0.679,1.0694,85,94.25554854216647,66.44903532800194,116.97039241507737,84.0,28.610491196386185,13.006096550841171,39.76970504964514,72.0,3.5535,2.0,5.0,75.0,0.2049,17.49835,4.86235,0.5235796372245433,0.18925834294243946,0.679
Brian Robinson,RB,ATL,BAL,BAL@ATL,False,1.0,,False,,,,,,,,,,,,,0.38195,0.362,0.4391,70,37.31945587795502,19.976583603638534,49.43942636585344,70.0,3.421796059729616,0.0,4.4841861856700405,54.0,0.472,0.0,1.0,33.0,0.05715,8.4066,0.64285,0.25096651855602936,0.02478586043366652,0.362
Charlie Woerner,TE,ATL,BAL,BAL@ATL,False,1.0,,False,,,,,,,,,,,,,0.0,0.05575,0.05775,9,0.0,0.0,0.0,63.0,3.4887897686510043,0.0,2.429898508373741,42.0,0.35305,0.0,1.0,3.0,0.05775,0.0,0.5323,0.0031502759534442386,0.019074873176285142,0.05575
Olamide Zaccheaus,WR,ATL,BAL,BAL@ATL,False,1.0,,False,,,,,,,,,,,,,0.0,0.12125,0.1291,18,0.0,0.0,0.0,71.0,15.743755218503024,1.3882619135298826,23.750717213755237,29.0,1.5211,1.0,2.0,51.0,0.1291,0.0,2.49535,0.0031502759534442386,0.08995595154860761,0.12125
Josh Allen,QB,BUF,LA,BUF@LA,False,1.0,,False,17.6759,15.0,20.0,92.0,198.41424145001025,147.2139114025544,239.60864194589186,86.0,1.42885,1.0,2.0,79.0,0.35075,0.29925,0.35075,62,,,,,,,,,,,,,,,,,,0.29925
Keon Coleman,WR,BUF,LA,BUF@LA,False,1.0,,False,,,,,,,,,,,,,0.0,0.1778,0.1959,39,0.0,0.0,0.0,86.0,30.621814216549044,10.432732848532751,44.05347736949546,53.0,2.43415,1.0,3.0,61.0,0.1959,0.0,4.14005,0.003392941625850868,0.1301267530969299,0.1778
James Cook,RB,BUF,LA,BUF@LA,False,1.0,,False,,,,,,,,,,,,,0.77115,0.60955,0.9043,85,86.01100856416917,59.84972335780622,107.32029012491203,83.0,12.069188970231611,1.274249684095298,18.06296335622649,58.0,1.6155,1.0,2.0,81.0,0.13315,16.13045,2.36015,0.5745358041937717,0.07355259779299152,0.60955
Ray Davis,RB,BUF,LA,BUF@LA,False,1.0,,False,,,,,,,,,,,,,0.0556,0.0683,0.0703,3,6.4583768135808555,0.0,8.625767715815426,23.0,2.1993572393863374,0.0,0.0,63.0,0.29815,0.0,0.0,63.0,0.0147,1.4966,0.4403,0.05343878027049583,0.01374792486684495,0.0683
Greg Dortch,WR,BUF,LA,BUF@LA,False,1.0,,False,,,,,,,,,,,,,0.0,0.0215,0.02175,1,0.0,0.0,0.0,60.0,4.2829381786869165,0.0,4.292092829944042,30.0,0.3875,0.0,1.0,1.0,0.02175,0.0,0.65075,0.003392941625850868,0.020426963710725405,0.0215
Frank Gore Jr.,RB,BUF,LA,BUF@LA,False,1.0,,False,,,,,,,,,,,,,0.0361,0.0404,0.04105,1,4.173030409080806,0.0,5.330820983934134,22.0,0.8140604938559133,0.0,0.0,61.0,0.1083,0.0,0.0,61.0,0.00495,1.00225,0.1566,0.035398489107721476,0.005049536016710262,0.0404
Jackson Hawes,TE,BUF,LA,BUF@LA,False,1.0,,False,,,,,,,,,,,,,0.0,0.02145,0.0216,2,0.0,0.0,0.0,62.0,3.6550246285014296,0.0,3.2715801022239512,35.0,0.36905,0.0,1.0,2.0,0.0216,0.0,0.59695,0.003392941625850868,0.020000343307203145,0.02145
Ty Johnson,RB,BUF,LA,BUF@LA,False,1.0,,False,,,,,,,,,,,,,0.0968,0.1906,0.21,19,11.056759555495649,2.2351156370191614,14.984447873586914,33.0,13.882214340453887,2.0589265457098493,20.631184812980024,27.0,1.67705,1.0,2.0,49.0,0.1132,2.6625,2.48715,0.09494932660053809,0.07891110438646139,0.1906
Dalton Kincaid,TE,BUF,LA,BUF@LA,False,1.0,,False,,,,,,,,,,,,,0.0,0.17445,0.191,39,0.0,0.0,0.0,90.0,36.692445199967,15.610941662225834,51.710909229131495,61.0,3.1177,2.0,4.0,71.0,0.191,0.0,4.83355,0.003392941625850868,0.16248131867061974,0.17445
Dawson Knox,TE,BUF,LA,BUF@LA,False,1.0,,False,,,,,,,,,,,,,0.00615,0.1085,0.1138,22,0.8385101971741955,0.0,0.0,70.0,10.930980483048153,0.0,16.78894470440691,24.0,1.08985,0.0,2.0,15.0,0.10765,0.1901,1.7245,0.006820155389336594,0.05831967232573491,0.1085
Keleki Latu,TE,BUF,LA,BUF@LA,False,1.0,,False,,,,,,,,,,,,,0.0,0.0038,0.0038,1,0.0,0.0,0.0,60.0,0.7104529899520634,0.0,0.0,60.0,0.0708,0.0,0.0,60.0,0.0038,0.0,0.11155,0.003392941625850868,0.00375454697026336,0.0038
DJ Moore,WR,BUF,LA,BUF@LA,False,1.0,,False,,,,,,,,,,,,,0.012,0.2395,0.26955,52,1.5017786322327917,0.0,0.0,92.0,37.83576426666746,14.868810220710067,53.69601349963272,61.0,2.8584,2.0,4.0,71.0,0.25755,0.3428,5.0975,0.012189456952130896,0.15987487467626524,0.2395
Josh Palmer,WR,BUF,LA,BUF@LA,False,1.0,,False,,,,,,,,,,,,,0.0,0.082,0.0853,16,0.0,0.0,0.0,74.0,18.53823018870111,0.0,28.01367245581217,29.0,1.29985,0.0,2.0,28.0,0.0853,0.0,2.3739,0.003392941625850868,0.07456817171400026,0.082
Khalil Shakir,WR,BUF,LA,BUF@LA,False,1.0,,False,,,,,,,,,,,,,0.0,0.2972,0.34645,68,0.0,0.0,0.0,97.0,40.45482518673571,18.892265642871116,56.13805500406396,69.0,3.6119,2.0,5.0,72.0,0.34645,0.0,6.06565,0.003392941625850868,0.19028190712246992,0.2972
Matthew Stafford,QB,LA,BUF,BUF@LA,False,1.0,,False,22.00565,19.0,25.0,92.0,270.0102360018194,203.19876739869764,321.98018649442554,87.0,1.84445,1.0,3.0,67.0,0.0841,0.0806,0.0841,62,,,,,,,,,,,,,,,,,,0.0806
Davante Adams,WR,LA,BUF,BUF@LA,False,1.0,,False,,,,,,,,,,,,,0.0,0.4013,0.49955,66,0.0,0.0,0.0,97.0,77.12828066484781,40.83734663233167,103.17168617302963,76.0,5.0263,3.0,7.0,76.0,0.49955,0.0,8.83065,0.0031610623920732108,0.19858760247758686,0.4013
Davis Allen,TE,LA,BUF,BUF@LA,False,1.0,,False,,,,,,,,,,,,,0.0,0.05575,0.0578,12,0.0,0.0,0.0,71.0,9.422124026626035,0.0,14.536113766576527,25.0,0.9526,0.0,1.0,40.0,0.0578,0.0,1.45565,0.0031610623920732108,0.03588219245948672,0.05575
Tutu Atwell,WR,LA,BUF,BUF@LA,False,1.0,,False,,,,,,,,,,,,,0.0,0.0526,0.05435,4,0.0,0.0,0.0,64.0,11.120839529739865,0.0,17.123588520482436,18.0,0.8617,0.0,1.0,29.0,0.05435,0.0,1.4279,0.004425487348902494,0.03211023049436882,0.0526
Alex Bachman,WR,LA,BUF,BUF@LA,False,1.0,,False,,,,,,,,,,,,,0.0,0.012,0.01205,1,0.0,0.0,0.0,60.0,2.268512441479752,0.0,0.0,60.0,0.17695,0.0,0.0,60.0,0.01205,0.0,0.29735,0.005531859186128118,0.006649207669315253,0.012
Dean Connors,RB,LA,BUF,BUF@LA,False,1.0,,False,,,,,,,,,,,,,0.0051,0.01045,0.01065,1,0.7521804782256453,0.0,0.0,60.0,0.7467335124505222,0.0,0.0,60.0,0.09415,0.0,0.0,60.0,0.00555,0.17695,0.128,0.006149077883509232,0.003046940170706678,0.01045
Blake Corum,RB,LA,BUF,BUF@LA,False,1.0,,False,,,,,,,,,,,,,0.2428,0.2795,0.32405,40,37.188745694657015,20.002792684804362,49.3385551722931,68.0,5.958503082172684,0.0,8.969946777040064,46.0,0.7901,0.0,1.0,53.0,0.08125,7.79305,1.10555,0.26616492567221123,0.025578523476510427,0.2795
Tyler Higbee,TE,LA,BUF,BUF@LA,False,1.0,,False,,,,,,,,,,,,,0.0,0.2011,0.2213,44,0.0,0.0,0.0,90.0,26.43770283578725,8.770719524626843,37.887707529255565,57.0,2.5102,1.0,4.0,55.0,0.2213,0.0,3.8086,0.0031610623920732108,0.09300987547845861,0.2011
Konata Mumpfield,WR,LA,BUF,BUF@LA,False,1.0,,False,,,,,,,,,,,,,0.0,0.11765,0.1259,30,0.0,0.0,0.0,82.0,16.350025745087503,0.0,24.91486206092465,37.0,1.17235,0.0,2.0,31.0,0.1259,0.0,2.1665,0.0031610623920732108,0.048509016879966,0.11765
Puka Nacua,WR,LA,BUF,BUF@LA,False,1.0,,False,,,,,,,,,,,,,0.0355,0.3852,0.4735,42,1.3257089904325148,0.0,0.0,88.0,90.59095131518636,53.37849676815884,118.00687236236733,67.0,6.61725,5.0,8.0,74.0,0.438,0.31285,10.481,0.010326137147439155,0.23532980121091074,0.3852
Colby Parkinson,TE,LA,BUF,BUF@LA,False,1.0,,False,,,,,,,,,,,,,0.0,0.14785,0.15945,20,0.0,0.0,0.0,68.0,15.684165345681786,0.0,23.565482768124205,23.0,1.55535,0.0,2.0,29.0,0.15945,0.0,2.3322,0.0036879061240854124,0.05739634136622299,0.14785
Jordan Whittington,WR,LA,BUF,BUF@LA,False,1.0,,False,,,,,,,,,,,,,0.0,0.0463,0.04745,5,0.0,0.0,0.0,65.0,9.847625933387258,0.0,15.138492196978914,19.0,0.79175,0.0,1.0,27.0,0.04745,0.0,1.2706,0.0036879061240854124,0.0283203498503757,0.0463
Kyren Williams,RB,LA,BUF,BUF@LA,False,1.0,,False,,,,,,,,,,,,,0.63875,0.59635,0.87445,85,70.88863401573217,46.933344951162226,89.53328950039594,82.0,24.005638476199085,9.33759944857871,33.908695363705604,69.0,3.04905,2.0,4.0,80.0,0.2357,14.0269,4.30225,0.47929651004145757,0.09969113861169691,0.59635
