player,team,opp,pos,game,market,prob,fair_odds,rush_td_mean,rec_td_mean,confidence,injury_flag,key_drivers,p_active,note
Jalon Daniels,TB,DAL,QB,TB@DAL,anytime_td,0.1155,766.0,0.1216,0.0,C,-,team att 33.6; ypa 7.24; opp d_ypa 1.09; pass rate 59.9%,1.0,
Jalon Daniels,TB,DAL,QB,TB@DAL,first_td,0.02106601245976246,4647.0,0.1216,0.0,C,-,team att 33.6; ypa 7.24; opp d_ypa 1.09; pass rate 59.9%,1.0,
Jalon Daniels,TB,DAL,QB,TB@DAL,last_td,0.02106601245976246,4647.0,0.1216,0.0,C,-,team att 33.6; ypa 7.24; opp d_ypa 1.09; pass rate 59.9%,1.0,
Jalon Daniels,TB,DAL,QB,TB@DAL,2plus_td,0.00585,16994.0,0.1216,0.0,C,-,team att 33.6; ypa 7.24; opp d_ypa 1.09; pass rate 59.9%,1.0,
Emeka Egbuka,TB,DAL,WR,TB@DAL,anytime_td,0.25445,293.0,0.00615,0.2819,B,-,tgt_sh 20.2%; team att 33.6; opp DvP 0.90; RZ tgt 3,1.0,
Emeka Egbuka,TB,DAL,WR,TB@DAL,first_td,0.049485692918192915,1921.0,0.00615,0.2819,B,-,tgt_sh 20.2%; team att 33.6; opp DvP 0.90; RZ tgt 3,1.0,
Emeka Egbuka,TB,DAL,WR,TB@DAL,last_td,0.049485692918192915,1921.0,0.00615,0.2819,B,-,tgt_sh 20.2%; team att 33.6; opp DvP 0.90; RZ tgt 3,1.0,
Emeka Egbuka,TB,DAL,WR,TB@DAL,2plus_td,0.0311,3115.0,0.00615,0.2819,B,-,tgt_sh 20.2%; team att 33.6; opp DvP 0.90; RZ tgt 3,1.0,
Kenny Gainwell,TB,DAL,RB,TB@DAL,anytime_td,0.2574,289.0,0.12645,0.166,B,-,tgt_sh 9.1%; team att 33.6; opp DvP 0.93; RZ tgt 3; car_sh 14.9%; team rush 24.5; opp d_ypc 1.08; inside-10 car 0,1.0,
Kenny Gainwell,TB,DAL,RB,TB@DAL,first_td,0.05066319819069819,1874.0,0.12645,0.166,B,-,tgt_sh 9.1%; team att 33.6; opp DvP 0.93; RZ tgt 3; car_sh 14.9%; team rush 24.5; opp d_ypc 1.08; inside-10 car 0,1.0,
Kenny Gainwell,TB,DAL,RB,TB@DAL,last_td,0.05066319819069819,1874.0,0.12645,0.166,B,-,tgt_sh 9.1%; team att 33.6; opp DvP 0.93; RZ tgt 3; car_sh 14.9%; team rush 24.5; opp d_ypc 1.08; inside-10 car 0,1.0,
Kenny Gainwell,TB,DAL,RB,TB@DAL,2plus_td,0.03245,2982.0,0.12645,0.166,B,-,tgt_sh 9.1%; team att 33.6; opp DvP 0.93; RZ tgt 3; car_sh 14.9%; team rush 24.5; opp d_ypc 1.08; inside-10 car 0,1.0,
Chris Godwin Jr.,TB,DAL,WR,TB@DAL,anytime_td,0.1528,554.0,0.01075,0.15335,B,-,tgt_sh 15.2%; team att 33.6; opp DvP 0.90; RZ tgt 0,1.0,
Chris Godwin Jr.,TB,DAL,WR,TB@DAL,first_td,0.028447635142635142,3415.0,0.01075,0.15335,B,-,tgt_sh 15.2%; team att 33.6; opp DvP 0.90; RZ tgt 0,1.0,
Chris Godwin Jr.,TB,DAL,WR,TB@DAL,last_td,0.028447635142635142,3415.0,0.01075,0.15335,B,-,tgt_sh 15.2%; team att 33.6; opp DvP 0.90; RZ tgt 0,1.0,
Chris Godwin Jr.,TB,DAL,WR,TB@DAL,2plus_td,0.0108,9159.0,0.01075,0.15335,B,-,tgt_sh 15.2%; team att 33.6; opp DvP 0.90; RZ tgt 0,1.0,
Ted Hurst III,TB,DAL,WR,TB@DAL,anytime_td,0.15865,530.0,0.0,0.17125,C,-,tgt_sh 12.1%; team att 33.6; opp DvP 0.90; RZ tgt 2,1.0,
Ted Hurst III,TB,DAL,WR,TB@DAL,first_td,0.02914755383505383,3331.0,0.0,0.17125,C,-,tgt_sh 12.1%; team att 33.6; opp DvP 0.90; RZ tgt 2,1.0,
Ted Hurst III,TB,DAL,WR,TB@DAL,last_td,0.02914755383505383,3331.0,0.0,0.17125,C,-,tgt_sh 12.1%; team att 33.6; opp DvP 0.90; RZ tgt 2,1.0,
Ted Hurst III,TB,DAL,WR,TB@DAL,2plus_td,0.01205,8199.0,0.0,0.17125,C,-,tgt_sh 12.1%; team att 33.6; opp DvP 0.90; RZ tgt 2,1.0,
Bucky Irving,TB,DAL,RB,TB@DAL,anytime_td,0.5088,-104.0,0.47965,0.2052,B,-,tgt_sh 10.6%; team att 33.6; opp DvP 0.93; RZ tgt 4; car_sh 52.9%; team rush 24.5; opp d_ypc 1.08; inside-10 car 1,1.0,
Bucky Irving,TB,DAL,RB,TB@DAL,first_td,0.11878169067044066,742.0,0.47965,0.2052,B,-,tgt_sh 10.6%; team att 33.6; opp DvP 0.93; RZ tgt 4; car_sh 52.9%; team rush 24.5; opp d_ypc 1.08; inside-10 car 1,1.0,
Bucky Irving,TB,DAL,RB,TB@DAL,last_td,0.11878169067044066,742.0,0.47965,0.2052,B,-,tgt_sh 10.6%; team att 33.6; opp DvP 0.93; RZ tgt 4; car_sh 52.9%; team rush 24.5; opp d_ypc 1.08; inside-10 car 1,1.0,
Bucky Irving,TB,DAL,RB,TB@DAL,2plus_td,0.14545,588.0,0.47965,0.2052,B,-,tgt_sh 10.6%; team att 33.6; opp DvP 0.93; RZ tgt 4; car_sh 52.9%; team rush 24.5; opp d_ypc 1.08; inside-10 car 1,1.0,
Kameron Johnson,TB,DAL,WR,TB@DAL,anytime_td,0.01855,5291.0,0.0,0.01865,C,-,w_td 0.02; team TD 2.33,1.0,
Kameron Johnson,TB,DAL,WR,TB@DAL,first_td,0.0032649440836940834,30528.0,0.0,0.01865,C,-,w_td 0.02; team TD 2.33,1.0,
Kameron Johnson,TB,DAL,WR,TB@DAL,last_td,0.0032649440836940834,30528.0,0.0,0.01865,C,-,w_td 0.02; team TD 2.33,1.0,
Kameron Johnson,TB,DAL,WR,TB@DAL,2plus_td,0.0001,999900.0,0.0,0.01865,C,-,w_td 0.02; team TD 2.33,1.0,
Tez Johnson,TB,DAL,WR,TB@DAL,anytime_td,0.12095,727.0,0.00985,0.11775,C,-,tgt_sh 6.8%; team att 33.6; opp DvP 0.90; RZ tgt 2,1.0,
Tez Johnson,TB,DAL,WR,TB@DAL,first_td,0.02191447372072372,4463.0,0.00985,0.11775,C,-,tgt_sh 6.8%; team att 33.6; opp DvP 0.90; RZ tgt 2,1.0,
Tez Johnson,TB,DAL,WR,TB@DAL,last_td,0.02191447372072372,4463.0,0.00985,0.11775,C,-,tgt_sh 6.8%; team att 33.6; opp DvP 0.90; RZ tgt 2,1.0,
Tez Johnson,TB,DAL,WR,TB@DAL,2plus_td,0.0063,15773.0,0.00985,0.11775,C,-,tgt_sh 6.8%; team att 33.6; opp DvP 0.90; RZ tgt 2,1.0,
Cade Otton,TB,DAL,TE,TB@DAL,anytime_td,0.2266,341.0,0.0,0.2537,B,-,tgt_sh 18.5%; team att 33.6; opp DvP 1.11; RZ tgt 2,1.0,
Cade Otton,TB,DAL,TE,TB@DAL,first_td,0.04396724358974359,2174.0,0.0,0.2537,B,-,tgt_sh 18.5%; team att 33.6; opp DvP 1.11; RZ tgt 2,1.0,
Cade Otton,TB,DAL,TE,TB@DAL,last_td,0.04396724358974359,2174.0,0.0,0.2537,B,-,tgt_sh 18.5%; team att 33.6; opp DvP 1.11; RZ tgt 2,1.0,
Cade Otton,TB,DAL,TE,TB@DAL,2plus_td,0.02585,3768.0,0.0,0.2537,B,-,tgt_sh 18.5%; team att 33.6; opp DvP 1.11; RZ tgt 2,1.0,
Sean Tucker,TB,DAL,RB,TB@DAL,anytime_td,0.08455,1083.0,0.0808,0.00785,C,-,w_td 0.09; team TD 2.33,1.0,
Sean Tucker,TB,DAL,RB,TB@DAL,first_td,0.015538687423687423,6336.0,0.0808,0.00785,C,-,w_td 0.09; team TD 2.33,1.0,
Sean Tucker,TB,DAL,RB,TB@DAL,last_td,0.015538687423687423,6336.0,0.0808,0.00785,C,-,w_td 0.09; team TD 2.33,1.0,
Sean Tucker,TB,DAL,RB,TB@DAL,2plus_td,0.00385,25874.0,0.0808,0.00785,C,-,w_td 0.09; team TD 2.33,1.0,
Dak Prescott,DAL,TB,QB,TB@DAL,anytime_td,0.1131,784.0,0.12055,0.0,B,-,team att 34.7; ypa 7.09; opp d_ypa 0.98; pass rate 59.7%,1.0,
Dak Prescott,DAL,TB,QB,TB@DAL,first_td,0.021092792762792762,4641.0,0.12055,0.0,B,-,team att 34.7; ypa 7.09; opp d_ypa 0.98; pass rate 59.7%,1.0,
Dak Prescott,DAL,TB,QB,TB@DAL,last_td,0.021092792762792762,4641.0,0.12055,0.0,B,-,team att 34.7; ypa 7.09; opp d_ypa 0.98; pass rate 59.7%,1.0,
Dak Prescott,DAL,TB,QB,TB@DAL,2plus_td,0.0072,13789.0,0.12055,0.0,B,-,team att 34.7; ypa 7.09; opp d_ypa 0.98; pass rate 59.7%,1.0,
Emari Demercado,DAL,TB,RB,TB@DAL,anytime_td,0.12295,713.0,0.1057,0.02415,C,-,car_sh 12.4%; team rush 24.5; opp d_ypc 0.88; inside-10 car 0,1.0,
Emari Demercado,DAL,TB,RB,TB@DAL,first_td,0.022779389638139635,4290.0,0.1057,0.02415,C,-,car_sh 12.4%; team rush 24.5; opp d_ypc 0.88; inside-10 car 0,1.0,
Emari Demercado,DAL,TB,RB,TB@DAL,last_td,0.022779389638139635,4290.0,0.1057,0.02415,C,-,car_sh 12.4%; team rush 24.5; opp d_ypc 0.88; inside-10 car 0,1.0,
Emari Demercado,DAL,TB,RB,TB@DAL,2plus_td,0.00675,14715.0,0.1057,0.02415,C,-,car_sh 12.4%; team rush 24.5; opp d_ypc 0.88; inside-10 car 0,1.0,
Jake Ferguson,DAL,TB,TE,TB@DAL,anytime_td,0.25345,295.0,0.0,0.28945,C,-,tgt_sh 12.6%; team att 34.7; opp DvP 1.04; RZ tgt 4,1.0,
Jake Ferguson,DAL,TB,TE,TB@DAL,first_td,0.050606500444000446,1876.0,0.0,0.28945,C,-,tgt_sh 12.6%; team att 34.7; opp DvP 1.04; RZ tgt 4,1.0,
Jake Ferguson,DAL,TB,TE,TB@DAL,last_td,0.050606500444000446,1876.0,0.0,0.28945,C,-,tgt_sh 12.6%; team att 34.7; opp DvP 1.04; RZ tgt 4,1.0,
Jake Ferguson,DAL,TB,TE,TB@DAL,2plus_td,0.0331,2921.0,0.0,0.28945,C,-,tgt_sh 12.6%; team att 34.7; opp DvP 1.04; RZ tgt 4,1.0,
Ryan Flournoy,DAL,TB,WR,TB@DAL,anytime_td,0.28725,248.0,0.0,0.33685,B,-,tgt_sh 13.4%; team att 34.7; opp DvP 1.04; RZ tgt 5,1.0,
Ryan Flournoy,DAL,TB,WR,TB@DAL,first_td,0.058793687701187695,1601.0,0.0,0.33685,B,-,tgt_sh 13.4%; team att 34.7; opp DvP 1.04; RZ tgt 5,1.0,
Ryan Flournoy,DAL,TB,WR,TB@DAL,last_td,0.058793687701187695,1601.0,0.0,0.33685,B,-,tgt_sh 13.4%; team att 34.7; opp DvP 1.04; RZ tgt 5,1.0,
Ryan Flournoy,DAL,TB,WR,TB@DAL,2plus_td,0.0451,2117.0,0.0,0.33685,B,-,tgt_sh 13.4%; team att 34.7; opp DvP 1.04; RZ tgt 5,1.0,
Tyler Goodson,DAL,TB,RB,TB@DAL,anytime_td,0.1471961391176625,579.0,0.12668520169962755,0.03026805854272675,C,no game designation yet (Full),car_sh 14.6%; team rush 24.5; opp d_ypc 0.88; inside-10 car 0,0.9508674235277402,
Tyler Goodson,DAL,TB,RB,TB@DAL,first_td,0.02797984494071154,3474.0,0.12668520169962755,0.03026805854272675,C,no game designation yet (Full),car_sh 14.6%; team rush 24.5; opp d_ypc 0.88; inside-10 car 0,0.9508674235277402,
Tyler Goodson,DAL,TB,RB,TB@DAL,last_td,0.02797984494071154,3474.0,0.12668520169962755,0.03026805854272675,C,no game designation yet (Full),car_sh 14.6%; team rush 24.5; opp d_ypc 0.88; inside-10 car 0,0.9508674235277402,
Tyler Goodson,DAL,TB,RB,TB@DAL,2plus_td,0.009442375281959818,10491.0,0.12668520169962755,0.03026805854272675,C,no game designation yet (Full),car_sh 14.6%; team rush 24.5; opp d_ypc 0.88; inside-10 car 0,0.9508674235277402,
CeeDee Lamb,DAL,TB,WR,TB@DAL,anytime_td,0.42578125,135.0,0.011613175675675675,0.5282411317567568,B,no game designation yet (Full),tgt_sh 26.1%; team att 34.7; opp DvP 1.04; RZ tgt 6,0.9479829842591244,
CeeDee Lamb,DAL,TB,WR,TB@DAL,first_td,0.09416663171545984,962.0,0.011613175675675675,0.5282411317567568,B,no game designation yet (Full),tgt_sh 26.1%; team att 34.7; opp DvP 1.04; RZ tgt 6,0.9479829842591244,
CeeDee Lamb,DAL,TB,WR,TB@DAL,last_td,0.09416663171545984,962.0,0.011613175675675675,0.5282411317567568,B,no game designation yet (Full),tgt_sh 26.1%; team att 34.7; opp DvP 1.04; RZ tgt 6,0.9479829842591244,
CeeDee Lamb,DAL,TB,WR,TB@DAL,2plus_td,0.09728673986486487,928.0,0.011613175675675675,0.5282411317567568,B,no game designation yet (Full),tgt_sh 26.1%; team att 34.7; opp DvP 1.04; RZ tgt 6,0.9479829842591244,
Hunter Luepke,DAL,TB,RB,TB@DAL,anytime_td,0.04365,2191.0,0.02535,0.0188,C,-,w_td 0.03; team TD 3.17,1.0,
Hunter Luepke,DAL,TB,RB,TB@DAL,first_td,0.007739025974025974,12822.0,0.02535,0.0188,C,-,w_td 0.03; team TD 3.17,1.0,
Hunter Luepke,DAL,TB,RB,TB@DAL,last_td,0.007739025974025974,12822.0,0.02535,0.0188,C,-,w_td 0.03; team TD 3.17,1.0,
Hunter Luepke,DAL,TB,RB,TB@DAL,2plus_td,0.0005,199900.0,0.02535,0.0188,C,-,w_td 0.03; team TD 3.17,1.0,
Jonathan Mingo,DAL,TB,WR,TB@DAL,anytime_td,0.029258517034068135,3318.0,0.0,0.02975951903807615,C,Questionable (DNP),w_td 0.02; team TD 3.17,0.4981574884199691,
Jonathan Mingo,DAL,TB,WR,TB@DAL,first_td,0.005125313063689817,19411.0,0.0,0.02975951903807615,C,Questionable (DNP),w_td 0.02; team TD 3.17,0.4981574884199691,
Jonathan Mingo,DAL,TB,WR,TB@DAL,last_td,0.005125313063689817,19411.0,0.0,0.02975951903807615,C,Questionable (DNP),w_td 0.02; team TD 3.17,0.4981574884199691,
Jonathan Mingo,DAL,TB,WR,TB@DAL,2plus_td,0.000501002004008016,199500.0,0.0,0.02975951903807615,C,Questionable (DNP),w_td 0.02; team TD 3.17,0.4981574884199691,
George Pickens,DAL,TB,WR,TB@DAL,anytime_td,0.3135,219.0,0.0,0.3719,B,-,tgt_sh 20.2%; team att 34.7; opp DvP 1.04; RZ tgt 3,1.0,
George Pickens,DAL,TB,WR,TB@DAL,first_td,0.06504498765123765,1437.0,0.0,0.3719,B,-,tgt_sh 20.2%; team att 34.7; opp DvP 1.04; RZ tgt 3,1.0,
George Pickens,DAL,TB,WR,TB@DAL,last_td,0.06504498765123765,1437.0,0.0,0.3719,B,-,tgt_sh 20.2%; team att 34.7; opp DvP 1.04; RZ tgt 3,1.0,
George Pickens,DAL,TB,WR,TB@DAL,2plus_td,0.05235,1810.0,0.0,0.3719,B,-,tgt_sh 20.2%; team att 34.7; opp DvP 1.04; RZ tgt 3,1.0,
Luke Schoonmaker,DAL,TB,TE,TB@DAL,anytime_td,0.03235,2991.0,0.0,0.03285,C,-,w_td 0.02; team TD 3.17,1.0,
Luke Schoonmaker,DAL,TB,TE,TB@DAL,first_td,0.005806073232323232,17123.0,0.0,0.03285,C,-,w_td 0.02; team TD 3.17,1.0,
Luke Schoonmaker,DAL,TB,TE,TB@DAL,last_td,0.005806073232323232,17123.0,0.0,0.03285,C,-,w_td 0.02; team TD 3.17,1.0,
Luke Schoonmaker,DAL,TB,TE,TB@DAL,2plus_td,0.0005,199900.0,0.0,0.03285,C,-,w_td 0.02; team TD 3.17,1.0,
Brevyn Spann-Ford,DAL,TB,TE,TB@DAL,anytime_td,0.04685,2034.0,0.0,0.0477,C,-,tgt_sh 3.2%; team att 34.7; opp DvP 1.04; RZ tgt 0,1.0,
Brevyn Spann-Ford,DAL,TB,TE,TB@DAL,first_td,0.008395516289266288,11811.0,0.0,0.0477,C,-,tgt_sh 3.2%; team att 34.7; opp DvP 1.04; RZ tgt 0,1.0,
Brevyn Spann-Ford,DAL,TB,TE,TB@DAL,last_td,0.008395516289266288,11811.0,0.0,0.0477,C,-,tgt_sh 3.2%; team att 34.7; opp DvP 1.04; RZ tgt 0,1.0,
Brevyn Spann-Ford,DAL,TB,TE,TB@DAL,2plus_td,0.00085,117547.0,0.0,0.0477,C,-,tgt_sh 3.2%; team att 34.7; opp DvP 1.04; RZ tgt 0,1.0,
KaVontae Turpin,DAL,TB,WR,TB@DAL,anytime_td,0.11045,805.0,0.0303,0.08655,C,-,tgt_sh 4.1%; team att 34.7; opp DvP 1.04; RZ tgt 1,1.0,
KaVontae Turpin,DAL,TB,WR,TB@DAL,first_td,0.02066042735042735,4740.0,0.0303,0.08655,C,-,tgt_sh 4.1%; team att 34.7; opp DvP 1.04; RZ tgt 1,1.0,
KaVontae Turpin,DAL,TB,WR,TB@DAL,last_td,0.02066042735042735,4740.0,0.0303,0.08655,C,-,tgt_sh 4.1%; team att 34.7; opp DvP 1.04; RZ tgt 1,1.0,
KaVontae Turpin,DAL,TB,WR,TB@DAL,2plus_td,0.0061,16293.0,0.0303,0.08655,C,-,tgt_sh 4.1%; team att 34.7; opp DvP 1.04; RZ tgt 1,1.0,
Javonte Williams,DAL,TB,RB,TB@DAL,anytime_td,0.6502,-186.0,0.76635,0.22625,B,-,tgt_sh 10.5%; team att 34.7; opp DvP 1.00; RZ tgt 3; car_sh 56.3%; team rush 24.5; opp d_ypc 0.88; inside-10 car 13,1.0,
Javonte Williams,DAL,TB,RB,TB@DAL,first_td,0.17551531385281388,470.0,0.76635,0.22625,B,-,tgt_sh 10.5%; team att 34.7; opp DvP 1.00; RZ tgt 3; car_sh 56.3%; team rush 24.5; opp d_ypc 0.88; inside-10 car 13,1.0,
Javonte Williams,DAL,TB,RB,TB@DAL,last_td,0.17551531385281388,470.0,0.76635,0.22625,B,-,tgt_sh 10.5%; team att 34.7; opp DvP 1.00; RZ tgt 3; car_sh 56.3%; team rush 24.5; opp d_ypc 0.88; inside-10 car 13,1.0,
Javonte Williams,DAL,TB,RB,TB@DAL,2plus_td,0.2616,282.0,0.76635,0.22625,B,-,tgt_sh 10.5%; team att 34.7; opp DvP 1.00; RZ tgt 3; car_sh 56.3%; team rush 24.5; opp d_ypc 0.88; inside-10 car 13,1.0,
Jalen Hurts,PHI,JAX,QB,PHI@JAX,anytime_td,0.17045,487.0,0.1852,0.0,B,-,team att 31.5; ypa 7.32; opp d_ypa 1.10; pass rate 57.0%,1.0,INTL neutral site
Jalen Hurts,PHI,JAX,QB,PHI@JAX,first_td,0.037319823787323785,2580.0,0.1852,0.0,B,-,team att 31.5; ypa 7.32; opp d_ypa 1.10; pass rate 57.0%,1.0,INTL neutral site
Jalen Hurts,PHI,JAX,QB,PHI@JAX,last_td,0.037319823787323785,2580.0,0.1852,0.0,B,-,team att 31.5; ypa 7.32; opp d_ypa 1.10; pass rate 57.0%,1.0,INTL neutral site
Jalen Hurts,PHI,JAX,QB,PHI@JAX,2plus_td,0.0142,6942.0,0.1852,0.0,B,-,team att 31.5; ypa 7.32; opp d_ypa 1.10; pass rate 57.0%,1.0,INTL neutral site
Saquon Barkley,PHI,JAX,RB,PHI@JAX,anytime_td,0.32025,212.0,0.311,0.0683,B,-,tgt_sh 6.5%; team att 31.5; opp DvP 1.00; RZ tgt 0; car_sh 43.3%; team rush 25.9; opp d_ypc 0.89; inside-10 car 2,1.0,INTL neutral site
Saquon Barkley,PHI,JAX,RB,PHI@JAX,first_td,0.0760408356920857,1215.0,0.311,0.0683,B,-,tgt_sh 6.5%; team att 31.5; opp DvP 1.00; RZ tgt 0; car_sh 43.3%; team rush 25.9; opp d_ypc 0.89; inside-10 car 2,1.0,INTL neutral site
Saquon Barkley,PHI,JAX,RB,PHI@JAX,last_td,0.0760408356920857,1215.0,0.311,0.0683,B,-,tgt_sh 6.5%; team att 31.5; opp DvP 1.00; RZ tgt 0; car_sh 43.3%; team rush 25.9; opp d_ypc 0.89; inside-10 car 2,1.0,INTL neutral site
Saquon Barkley,PHI,JAX,RB,PHI@JAX,2plus_td,0.05405,1750.0,0.311,0.0683,B,-,tgt_sh 6.5%; team att 31.5; opp DvP 1.00; RZ tgt 0; car_sh 43.3%; team rush 25.9; opp d_ypc 0.89; inside-10 car 2,1.0,INTL neutral site
Marquise Brown,PHI,JAX,WR,PHI@JAX,anytime_td,0.06685,1396.0,0.01145,0.0572,C,-,tgt_sh 5.3%; team att 31.5; opp DvP 1.05; RZ tgt 0,1.0,INTL neutral site
Marquise Brown,PHI,JAX,WR,PHI@JAX,first_td,0.013788009213009213,7153.0,0.01145,0.0572,C,-,tgt_sh 5.3%; team att 31.5; opp DvP 1.05; RZ tgt 0,1.0,INTL neutral site
Marquise Brown,PHI,JAX,WR,PHI@JAX,last_td,0.013788009213009213,7153.0,0.01145,0.0572,C,-,tgt_sh 5.3%; team att 31.5; opp DvP 1.05; RZ tgt 0,1.0,INTL neutral site
Marquise Brown,PHI,JAX,WR,PHI@JAX,2plus_td,0.0018,55456.0,0.01145,0.0572,C,-,tgt_sh 5.3%; team att 31.5; opp DvP 1.05; RZ tgt 0,1.0,INTL neutral site
Darius Cooper,PHI,JAX,WR,PHI@JAX,anytime_td,0.14825,575.0,0.0,0.1588,C,-,tgt_sh 4.9%; team att 31.5; opp DvP 1.05; RZ tgt 4,1.0,INTL neutral site
Darius Cooper,PHI,JAX,WR,PHI@JAX,first_td,0.031760616189366195,3049.0,0.0,0.1588,C,-,tgt_sh 4.9%; team att 31.5; opp DvP 1.05; RZ tgt 4,1.0,INTL neutral site
Darius Cooper,PHI,JAX,WR,PHI@JAX,last_td,0.031760616189366195,3049.0,0.0,0.1588,C,-,tgt_sh 4.9%; team att 31.5; opp DvP 1.05; RZ tgt 4,1.0,INTL neutral site
Darius Cooper,PHI,JAX,WR,PHI@JAX,2plus_td,0.00995,9950.0,0.0,0.1588,C,-,tgt_sh 4.9%; team att 31.5; opp DvP 1.05; RZ tgt 4,1.0,INTL neutral site
Zach Ertz,PHI,JAX,TE,PHI@JAX,anytime_td,0.13395,647.0,0.0,0.14285,C,-,tgt_sh 12.0%; team att 31.5; opp DvP 0.85; RZ tgt 1,1.0,INTL neutral site
Zach Ertz,PHI,JAX,TE,PHI@JAX,first_td,0.028308259934509937,3433.0,0.0,0.14285,C,-,tgt_sh 12.0%; team att 31.5; opp DvP 0.85; RZ tgt 1,1.0,INTL neutral site
Zach Ertz,PHI,JAX,TE,PHI@JAX,last_td,0.028308259934509937,3433.0,0.0,0.14285,C,-,tgt_sh 12.0%; team att 31.5; opp DvP 0.85; RZ tgt 1,1.0,INTL neutral site
Zach Ertz,PHI,JAX,TE,PHI@JAX,2plus_td,0.00845,11734.0,0.0,0.14285,C,-,tgt_sh 12.0%; team att 31.5; opp DvP 0.85; RZ tgt 1,1.0,INTL neutral site
Dallas Goedert,PHI,JAX,TE,PHI@JAX,anytime_td,0.17115,484.0,0.0,0.18605,C,-,tgt_sh 14.2%; team att 31.5; opp DvP 0.85; RZ tgt 2,1.0,INTL neutral site
Dallas Goedert,PHI,JAX,TE,PHI@JAX,first_td,0.03750472818847819,2566.0,0.0,0.18605,C,-,tgt_sh 14.2%; team att 31.5; opp DvP 0.85; RZ tgt 2,1.0,INTL neutral site
Dallas Goedert,PHI,JAX,TE,PHI@JAX,last_td,0.03750472818847819,2566.0,0.0,0.18605,C,-,tgt_sh 14.2%; team att 31.5; opp DvP 0.85; RZ tgt 2,1.0,INTL neutral site
Dallas Goedert,PHI,JAX,TE,PHI@JAX,2plus_td,0.01425,6918.0,0.0,0.18605,C,-,tgt_sh 14.2%; team att 31.5; opp DvP 0.85; RZ tgt 2,1.0,INTL neutral site
Makai Lemon,PHI,JAX,WR,PHI@JAX,anytime_td,0.13095,664.0,0.00435,0.13525,C,-,tgt_sh 12.1%; team att 31.5; opp DvP 1.05; RZ tgt 0,1.0,INTL neutral site
Makai Lemon,PHI,JAX,WR,PHI@JAX,first_td,0.027930669191919198,3480.0,0.00435,0.13525,C,-,tgt_sh 12.1%; team att 31.5; opp DvP 1.05; RZ tgt 0,1.0,INTL neutral site
Makai Lemon,PHI,JAX,WR,PHI@JAX,last_td,0.027930669191919198,3480.0,0.00435,0.13525,C,-,tgt_sh 12.1%; team att 31.5; opp DvP 1.05; RZ tgt 0,1.0,INTL neutral site
Makai Lemon,PHI,JAX,WR,PHI@JAX,2plus_td,0.0082,12095.0,0.00435,0.13525,C,-,tgt_sh 12.1%; team att 31.5; opp DvP 1.05; RZ tgt 0,1.0,INTL neutral site
Johnny Mundt,PHI,JAX,TE,PHI@JAX,anytime_td,0.02475,3940.0,0.0,0.0251,C,-,w_td 0.02; team TD 2.00,1.0,INTL neutral site
Johnny Mundt,PHI,JAX,TE,PHI@JAX,first_td,0.004959276695526696,20064.0,0.0,0.0251,C,-,w_td 0.02; team TD 2.00,1.0,INTL neutral site
Johnny Mundt,PHI,JAX,TE,PHI@JAX,last_td,0.004959276695526696,20064.0,0.0,0.0251,C,-,w_td 0.02; team TD 2.00,1.0,INTL neutral site
Johnny Mundt,PHI,JAX,TE,PHI@JAX,2plus_td,0.00035,285614.0,0.0,0.0251,C,-,w_td 0.02; team TD 2.00,1.0,INTL neutral site
Will Shipley,PHI,JAX,RB,PHI@JAX,anytime_td,0.1314,661.0,0.103,0.0367,B,-,tgt_sh 3.5%; team att 31.5; opp DvP 1.00; RZ tgt 0; car_sh 10.2%; team rush 25.9; opp d_ypc 0.89; inside-10 car 2,1.0,INTL neutral site
Will Shipley,PHI,JAX,RB,PHI@JAX,first_td,0.028071578282828285,3462.0,0.103,0.0367,B,-,tgt_sh 3.5%; team att 31.5; opp DvP 1.00; RZ tgt 0; car_sh 10.2%; team rush 25.9; opp d_ypc 0.89; inside-10 car 2,1.0,INTL neutral site
Will Shipley,PHI,JAX,RB,PHI@JAX,last_td,0.028071578282828285,3462.0,0.103,0.0367,B,-,tgt_sh 3.5%; team att 31.5; opp DvP 1.00; RZ tgt 0; car_sh 10.2%; team rush 25.9; opp d_ypc 0.89; inside-10 car 2,1.0,INTL neutral site
Will Shipley,PHI,JAX,RB,PHI@JAX,2plus_td,0.00805,12322.0,0.103,0.0367,B,-,tgt_sh 3.5%; team att 31.5; opp DvP 1.00; RZ tgt 0; car_sh 10.2%; team rush 25.9; opp d_ypc 0.89; inside-10 car 2,1.0,INTL neutral site
DeVonta Smith,PHI,JAX,WR,PHI@JAX,anytime_td,0.2584,287.0,0.0,0.29435,B,-,tgt_sh 22.0%; team att 31.5; opp DvP 1.05; RZ tgt 2,1.0,INTL neutral site
DeVonta Smith,PHI,JAX,WR,PHI@JAX,first_td,0.05840408355533356,1612.0,0.0,0.29435,B,-,tgt_sh 22.0%; team att 31.5; opp DvP 1.05; RZ tgt 2,1.0,INTL neutral site
DeVonta Smith,PHI,JAX,WR,PHI@JAX,last_td,0.05840408355533356,1612.0,0.0,0.29435,B,-,tgt_sh 22.0%; team att 31.5; opp DvP 1.05; RZ tgt 2,1.0,INTL neutral site
DeVonta Smith,PHI,JAX,WR,PHI@JAX,2plus_td,0.0335,2885.0,0.0,0.29435,B,-,tgt_sh 22.0%; team att 31.5; opp DvP 1.05; RZ tgt 2,1.0,INTL neutral site
Dontayvion Wicks,PHI,JAX,WR,PHI@JAX,anytime_td,0.2307,333.0,0.0,0.25905,B,-,tgt_sh 13.5%; team att 31.5; opp DvP 1.05; RZ tgt 4,1.0,INTL neutral site
Dontayvion Wicks,PHI,JAX,WR,PHI@JAX,first_td,0.05123959346209347,1852.0,0.0,0.25905,B,-,tgt_sh 13.5%; team att 31.5; opp DvP 1.05; RZ tgt 4,1.0,INTL neutral site
Dontayvion Wicks,PHI,JAX,WR,PHI@JAX,last_td,0.05123959346209347,1852.0,0.0,0.25905,B,-,tgt_sh 13.5%; team att 31.5; opp DvP 1.05; RZ tgt 4,1.0,INTL neutral site
Dontayvion Wicks,PHI,JAX,WR,PHI@JAX,2plus_td,0.02645,3681.0,0.0,0.25905,B,-,tgt_sh 13.5%; team att 31.5; opp DvP 1.05; RZ tgt 4,1.0,INTL neutral site
Trevor Lawrence,JAX,PHI,QB,PHI@JAX,anytime_td,0.09725,928.0,0.10165,0.0,B,-,team att 29.5; ypa 7.29; opp d_ypa 0.96; pass rate 50.5%,1.0,INTL neutral site
Trevor Lawrence,JAX,PHI,QB,PHI@JAX,first_td,0.02091043525918526,4682.0,0.10165,0.0,B,-,team att 29.5; ypa 7.29; opp d_ypa 0.96; pass rate 50.5%,1.0,INTL neutral site
Trevor Lawrence,JAX,PHI,QB,PHI@JAX,last_td,0.02091043525918526,4682.0,0.10165,0.0,B,-,team att 29.5; ypa 7.29; opp d_ypa 0.96; pass rate 50.5%,1.0,INTL neutral site
Trevor Lawrence,JAX,PHI,QB,PHI@JAX,2plus_td,0.0042,23710.0,0.10165,0.0,B,-,team att 29.5; ypa 7.29; opp d_ypa 0.96; pass rate 50.5%,1.0,INTL neutral site
Ameer Abdullah,JAX,PHI,RB,PHI@JAX,anytime_td,0.11845,744.0,0.06475,0.06105,C,-,w_td 0.09; team TD 2.71,1.0,INTL neutral site
Ameer Abdullah,JAX,PHI,RB,PHI@JAX,first_td,0.025193021284271283,3869.0,0.06475,0.06105,C,-,w_td 0.09; team TD 2.71,1.0,INTL neutral site
Ameer Abdullah,JAX,PHI,RB,PHI@JAX,last_td,0.025193021284271283,3869.0,0.06475,0.06105,C,-,w_td 0.09; team TD 2.71,1.0,INTL neutral site
Ameer Abdullah,JAX,PHI,RB,PHI@JAX,2plus_td,0.00725,13693.0,0.06475,0.06105,C,-,w_td 0.09; team TD 2.71,1.0,INTL neutral site
LeQuint Allen Jr.,JAX,PHI,RB,PHI@JAX,anytime_td,0.05973288463560837,1574.0,0.01014828057629614,0.051424965821852985,C,no game designation yet (Full),w_td 0.04; team TD 2.71,0.9508674235277402,INTL neutral site
LeQuint Allen Jr.,JAX,PHI,RB,PHI@JAX,first_td,0.01245336118876975,7930.0,0.01014828057629614,0.051424965821852985,C,no game designation yet (Full),w_td 0.04; team TD 2.71,0.9508674235277402,INTL neutral site
LeQuint Allen Jr.,JAX,PHI,RB,PHI@JAX,last_td,0.01245336118876975,7930.0,0.01014828057629614,0.051424965821852985,C,no game designation yet (Full),w_td 0.04; team TD 2.71,0.9508674235277402,INTL neutral site
LeQuint Allen Jr.,JAX,PHI,RB,PHI@JAX,2plus_td,0.0018403617625407508,54237.0,0.01014828057629614,0.051424965821852985,C,no game designation yet (Full),w_td 0.04; team TD 2.71,0.9508674235277402,INTL neutral site
Nate Boerkircher,JAX,PHI,TE,PHI@JAX,anytime_td,0.062,1513.0,0.0,0.0645,C,-,w_td 0.04; team TD 2.71,1.0,INTL neutral site
Nate Boerkircher,JAX,PHI,TE,PHI@JAX,first_td,0.013572329198579201,7268.0,0.0,0.0645,C,-,w_td 0.04; team TD 2.71,1.0,INTL neutral site
Nate Boerkircher,JAX,PHI,TE,PHI@JAX,last_td,0.013572329198579201,7268.0,0.0,0.0645,C,-,w_td 0.04; team TD 2.71,1.0,INTL neutral site
Nate Boerkircher,JAX,PHI,TE,PHI@JAX,2plus_td,0.0025,39900.0,0.0,0.0645,C,-,w_td 0.04; team TD 2.71,1.0,INTL neutral site
Josh Cameron,JAX,PHI,WR,PHI@JAX,anytime_td,0.116,762.0,0.0,0.12165,C,-,tgt_sh 5.8%; team att 29.5; opp DvP 1.06; RZ tgt 2,1.0,INTL neutral site
Josh Cameron,JAX,PHI,WR,PHI@JAX,first_td,0.02515679834054834,3875.0,0.0,0.12165,C,-,tgt_sh 5.8%; team att 29.5; opp DvP 1.06; RZ tgt 2,1.0,INTL neutral site
Josh Cameron,JAX,PHI,WR,PHI@JAX,last_td,0.02515679834054834,3875.0,0.0,0.12165,C,-,tgt_sh 5.8%; team att 29.5; opp DvP 1.06; RZ tgt 2,1.0,INTL neutral site
Josh Cameron,JAX,PHI,WR,PHI@JAX,2plus_td,0.0055,18082.0,0.0,0.12165,C,-,tgt_sh 5.8%; team att 29.5; opp DvP 1.06; RZ tgt 2,1.0,INTL neutral site
Jakobi Meyers,JAX,PHI,WR,PHI@JAX,anytime_td,0.2642842083069787,278.0,0.006957621758380772,0.2962787265443812,C,no game designation yet (Full),tgt_sh 18.0%; team att 29.5; opp DvP 1.06; RZ tgt 3,0.9479829842591244,INTL neutral site
Jakobi Meyers,JAX,PHI,WR,PHI@JAX,first_td,0.0618357612823141,1517.0,0.006957621758380772,0.2962787265443812,C,no game designation yet (Full),tgt_sh 18.0%; team att 29.5; opp DvP 1.06; RZ tgt 3,0.9479829842591244,INTL neutral site
Jakobi Meyers,JAX,PHI,WR,PHI@JAX,last_td,0.0618357612823141,1517.0,0.006957621758380772,0.2962787265443812,C,no game designation yet (Full),tgt_sh 18.0%; team att 29.5; opp DvP 1.06; RZ tgt 3,0.9479829842591244,INTL neutral site
Jakobi Meyers,JAX,PHI,WR,PHI@JAX,2plus_td,0.035895003162555346,2686.0,0.006957621758380772,0.2962787265443812,C,no game designation yet (Full),tgt_sh 18.0%; team att 29.5; opp DvP 1.06; RZ tgt 3,0.9479829842591244,INTL neutral site
Quintin Morris,JAX,PHI,TE,PHI@JAX,anytime_td,0.0259,3761.0,0.0,0.02625,C,-,w_td 0.02; team TD 2.71,1.0,INTL neutral site
Quintin Morris,JAX,PHI,TE,PHI@JAX,first_td,0.005658874458874459,17571.0,0.0,0.02625,C,-,w_td 0.02; team TD 2.71,1.0,INTL neutral site
Quintin Morris,JAX,PHI,TE,PHI@JAX,last_td,0.005658874458874459,17571.0,0.0,0.02625,C,-,w_td 0.02; team TD 2.71,1.0,INTL neutral site
Quintin Morris,JAX,PHI,TE,PHI@JAX,2plus_td,0.00035,285614.0,0.0,0.02625,C,-,w_td 0.02; team TD 2.71,1.0,INTL neutral site
Chris Rodriguez Jr.,JAX,PHI,RB,PHI@JAX,anytime_td,0.28745,248.0,0.32565,0.0058,B,-,car_sh 23.7%; team rush 30.4; opp d_ypc 0.98; inside-10 car 3,1.0,INTL neutral site
Chris Rodriguez Jr.,JAX,PHI,RB,PHI@JAX,first_td,0.06697841686091685,1393.0,0.32565,0.0058,B,-,car_sh 23.7%; team rush 30.4; opp d_ypc 0.98; inside-10 car 3,1.0,INTL neutral site
Chris Rodriguez Jr.,JAX,PHI,RB,PHI@JAX,last_td,0.06697841686091685,1393.0,0.32565,0.0058,B,-,car_sh 23.7%; team rush 30.4; opp d_ypc 0.98; inside-10 car 3,1.0,INTL neutral site
Chris Rodriguez Jr.,JAX,PHI,RB,PHI@JAX,2plus_td,0.0402,2388.0,0.32565,0.0058,B,-,car_sh 23.7%; team rush 30.4; opp d_ypc 0.98; inside-10 car 3,1.0,INTL neutral site
Brenton Strange,JAX,PHI,TE,PHI@JAX,anytime_td,0.2272,340.0,0.0,0.25465,B,-,tgt_sh 19.2%; team att 29.5; opp DvP 0.89; RZ tgt 2,1.0,INTL neutral site
Brenton Strange,JAX,PHI,TE,PHI@JAX,first_td,0.05224603951603951,1814.0,0.0,0.25465,B,-,tgt_sh 19.2%; team att 29.5; opp DvP 0.89; RZ tgt 2,1.0,INTL neutral site
Brenton Strange,JAX,PHI,TE,PHI@JAX,last_td,0.05224603951603951,1814.0,0.0,0.25465,B,-,tgt_sh 19.2%; team att 29.5; opp DvP 0.89; RZ tgt 2,1.0,INTL neutral site
Brenton Strange,JAX,PHI,TE,PHI@JAX,2plus_td,0.02585,3768.0,0.0,0.25465,B,-,tgt_sh 19.2%; team att 29.5; opp DvP 0.89; RZ tgt 2,1.0,INTL neutral site
Brian Thomas Jr.,JAX,PHI,WR,PHI@JAX,anytime_td,0.1966,409.0,0.0,0.2164,C,-,tgt_sh 15.8%; team att 29.5; opp DvP 1.06; RZ tgt 1,1.0,INTL neutral site
Brian Thomas Jr.,JAX,PHI,WR,PHI@JAX,first_td,0.04353277292152292,2197.0,0.0,0.2164,C,-,tgt_sh 15.8%; team att 29.5; opp DvP 1.06; RZ tgt 1,1.0,INTL neutral site
Brian Thomas Jr.,JAX,PHI,WR,PHI@JAX,last_td,0.04353277292152292,2197.0,0.0,0.2164,C,-,tgt_sh 15.8%; team att 29.5; opp DvP 1.06; RZ tgt 1,1.0,INTL neutral site
Brian Thomas Jr.,JAX,PHI,WR,PHI@JAX,2plus_td,0.01885,5205.0,0.0,0.2164,C,-,tgt_sh 15.8%; team att 29.5; opp DvP 1.06; RZ tgt 1,1.0,INTL neutral site
Bhayshul Tuten,JAX,PHI,RB,PHI@JAX,anytime_td,0.48395,107.0,0.5537,0.08855,B,-,tgt_sh 5.8%; team att 29.5; opp DvP 0.93; RZ tgt 1; car_sh 46.8%; team rush 30.4; opp d_ypc 0.98; inside-10 car 3,1.0,INTL neutral site
Bhayshul Tuten,JAX,PHI,RB,PHI@JAX,first_td,0.13118456446331447,662.0,0.5537,0.08855,B,-,tgt_sh 5.8%; team att 29.5; opp DvP 0.93; RZ tgt 1; car_sh 46.8%; team rush 30.4; opp d_ypc 0.98; inside-10 car 3,1.0,INTL neutral site
Bhayshul Tuten,JAX,PHI,RB,PHI@JAX,last_td,0.13118456446331447,662.0,0.5537,0.08855,B,-,tgt_sh 5.8%; team att 29.5; opp DvP 0.93; RZ tgt 1; car_sh 46.8%; team rush 30.4; opp d_ypc 0.98; inside-10 car 3,1.0,INTL neutral site
Bhayshul Tuten,JAX,PHI,RB,PHI@JAX,2plus_td,0.13225,656.0,0.5537,0.08855,B,-,tgt_sh 5.8%; team att 29.5; opp DvP 0.93; RZ tgt 1; car_sh 46.8%; team rush 30.4; opp d_ypc 0.98; inside-10 car 3,1.0,INTL neutral site
Parker Washington,JAX,PHI,WR,PHI@JAX,anytime_td,0.31755,215.0,0.00695,0.36605,B,-,tgt_sh 22.0%; team att 29.5; opp DvP 1.06; RZ tgt 4,1.0,INTL neutral site
Parker Washington,JAX,PHI,WR,PHI@JAX,first_td,0.0751624512987013,1230.0,0.00695,0.36605,B,-,tgt_sh 22.0%; team att 29.5; opp DvP 1.06; RZ tgt 4,1.0,INTL neutral site
Parker Washington,JAX,PHI,WR,PHI@JAX,last_td,0.0751624512987013,1230.0,0.00695,0.36605,B,-,tgt_sh 22.0%; team att 29.5; opp DvP 1.06; RZ tgt 4,1.0,INTL neutral site
Parker Washington,JAX,PHI,WR,PHI@JAX,2plus_td,0.05,1900.0,0.00695,0.36605,B,-,tgt_sh 22.0%; team att 29.5; opp DvP 1.06; RZ tgt 4,1.0,INTL neutral site
Caleb Williams,CHI,GB,QB,CHI@GB,anytime_td,0.27190347706562135,268.0,0.32846306572315837,0.0,C,no game designation yet (DNP),team att 29.7; ypa 7.11; opp d_ypa 0.98; pass rate 48.4%,0.98,
Caleb Williams,CHI,GB,QB,CHI@GB,first_td,0.0626904787305439,1495.0,0.32846306572315837,0.0,C,no game designation yet (DNP),team att 29.7; ypa 7.11; opp d_ypa 0.98; pass rate 48.4%,0.98,
Caleb Williams,CHI,GB,QB,CHI@GB,last_td,0.0626904787305439,1495.0,0.32846306572315837,0.0,C,no game designation yet (DNP),team att 29.7; ypa 7.11; opp d_ypa 0.98; pass rate 48.4%,0.98,
Caleb Williams,CHI,GB,QB,CHI@GB,2plus_td,0.04800692358601028,1983.0,0.32846306572315837,0.0,C,no game designation yet (DNP),team att 29.7; ypa 7.11; opp d_ypa 0.98; pass rate 48.4%,0.98,
Luther Burden III,CHI,GB,WR,CHI@GB,anytime_td,0.2557,291.0,0.0188,0.27475,B,-,tgt_sh 19.1%; team att 29.7; opp DvP 0.93; RZ tgt 6,1.0,
Luther Burden III,CHI,GB,WR,CHI@GB,first_td,0.05543462773337774,1704.0,0.0188,0.27475,B,-,tgt_sh 19.1%; team att 29.7; opp DvP 0.93; RZ tgt 6,1.0,
Luther Burden III,CHI,GB,WR,CHI@GB,last_td,0.05543462773337774,1704.0,0.0188,0.27475,B,-,tgt_sh 19.1%; team att 29.7; opp DvP 0.93; RZ tgt 6,1.0,
Luther Burden III,CHI,GB,WR,CHI@GB,2plus_td,0.03495,2761.0,0.0188,0.27475,B,-,tgt_sh 19.1%; team att 29.7; opp DvP 0.93; RZ tgt 6,1.0,
Roschon Johnson,CHI,GB,RB,CHI@GB,anytime_td,0.09465,957.0,0.07425,0.0261,C,-,w_td 0.05; team TD 2.70,1.0,
Roschon Johnson,CHI,GB,RB,CHI@GB,first_td,0.019472888916638915,5035.0,0.07425,0.0261,C,-,w_td 0.05; team TD 2.70,1.0,
Roschon Johnson,CHI,GB,RB,CHI@GB,last_td,0.019472888916638915,5035.0,0.07425,0.0261,C,-,w_td 0.05; team TD 2.70,1.0,
Roschon Johnson,CHI,GB,RB,CHI@GB,2plus_td,0.00555,17918.0,0.07425,0.0261,C,-,w_td 0.05; team TD 2.70,1.0,
Cole Kmet,CHI,GB,TE,CHI@GB,anytime_td,0.05905,1593.0,0.0,0.0604,C,-,tgt_sh 7.0%; team att 29.7; opp DvP 0.82; RZ tgt 0,1.0,
Cole Kmet,CHI,GB,TE,CHI@GB,first_td,0.011593089826839827,8526.0,0.0,0.0604,C,-,tgt_sh 7.0%; team att 29.7; opp DvP 0.82; RZ tgt 0,1.0,
Cole Kmet,CHI,GB,TE,CHI@GB,last_td,0.011593089826839827,8526.0,0.0,0.0604,C,-,tgt_sh 7.0%; team att 29.7; opp DvP 0.82; RZ tgt 0,1.0,
Cole Kmet,CHI,GB,TE,CHI@GB,2plus_td,0.00135,73974.0,0.0,0.0604,C,-,tgt_sh 7.0%; team att 29.7; opp DvP 0.82; RZ tgt 0,1.0,
Colston Loveland,CHI,GB,TE,CHI@GB,anytime_td,0.20795,381.0,0.0,0.2303,B,-,tgt_sh 16.1%; team att 29.7; opp DvP 0.82; RZ tgt 6,1.0,
Colston Loveland,CHI,GB,TE,CHI@GB,first_td,0.043278361360861356,2211.0,0.0,0.2303,B,-,tgt_sh 16.1%; team att 29.7; opp DvP 0.82; RZ tgt 6,1.0,
Colston Loveland,CHI,GB,TE,CHI@GB,last_td,0.043278361360861356,2211.0,0.0,0.2303,B,-,tgt_sh 16.1%; team att 29.7; opp DvP 0.82; RZ tgt 6,1.0,
Colston Loveland,CHI,GB,TE,CHI@GB,2plus_td,0.02095,4673.0,0.0,0.2303,B,-,tgt_sh 16.1%; team att 29.7; opp DvP 0.82; RZ tgt 6,1.0,
Kyle Monangai,CHI,GB,RB,CHI@GB,anytime_td,0.5028735632183908,-101.0,0.6276200135226504,0.05755578093306288,B,no game designation yet (DNP),car_sh 28.3%; team rush 34.0; opp d_ypc 1.00; inside-10 car 11,0.5949864089398973,
Kyle Monangai,CHI,GB,RB,CHI@GB,first_td,0.13161686653065963,660.0,0.6276200135226504,0.05755578093306288,B,no game designation yet (DNP),car_sh 28.3%; team rush 34.0; opp d_ypc 1.00; inside-10 car 11,0.5949864089398973,
Kyle Monangai,CHI,GB,RB,CHI@GB,last_td,0.13161686653065963,660.0,0.6276200135226504,0.05755578093306288,B,no game designation yet (DNP),car_sh 28.3%; team rush 34.0; opp d_ypc 1.00; inside-10 car 11,0.5949864089398973,
Kyle Monangai,CHI,GB,RB,CHI@GB,2plus_td,0.14874915483434753,572.0,0.6276200135226504,0.05755578093306288,B,no game designation yet (DNP),car_sh 28.3%; team rush 34.0; opp d_ypc 1.00; inside-10 car 11,0.5949864089398973,
Rome Odunze,CHI,GB,WR,CHI@GB,anytime_td,0.18635,437.0,0.0,0.2054,B,-,tgt_sh 19.0%; team att 29.7; opp DvP 0.93; RZ tgt 2,1.0,
Rome Odunze,CHI,GB,WR,CHI@GB,first_td,0.03921688658563658,2450.0,0.0,0.2054,B,-,tgt_sh 19.0%; team att 29.7; opp DvP 0.93; RZ tgt 2,1.0,
Rome Odunze,CHI,GB,WR,CHI@GB,last_td,0.03921688658563658,2450.0,0.0,0.2054,B,-,tgt_sh 19.0%; team att 29.7; opp DvP 0.93; RZ tgt 2,1.0,
Rome Odunze,CHI,GB,WR,CHI@GB,2plus_td,0.01805,5440.0,0.0,0.2054,B,-,tgt_sh 19.0%; team att 29.7; opp DvP 0.93; RZ tgt 2,1.0,
Kalif Raymond,CHI,GB,WR,CHI@GB,anytime_td,0.1853,440.0,0.0,0.20315,B,-,tgt_sh 15.3%; team att 29.7; opp DvP 0.93; RZ tgt 4,1.0,
Kalif Raymond,CHI,GB,WR,CHI@GB,first_td,0.0379943204018204,2532.0,0.0,0.20315,B,-,tgt_sh 15.3%; team att 29.7; opp DvP 0.93; RZ tgt 4,1.0,
Kalif Raymond,CHI,GB,WR,CHI@GB,last_td,0.0379943204018204,2532.0,0.0,0.20315,B,-,tgt_sh 15.3%; team att 29.7; opp DvP 0.93; RZ tgt 4,1.0,
Kalif Raymond,CHI,GB,WR,CHI@GB,2plus_td,0.01655,5942.0,0.0,0.20315,B,-,tgt_sh 15.3%; team att 29.7; opp DvP 0.93; RZ tgt 4,1.0,
Sam Roush,CHI,GB,TE,CHI@GB,anytime_td,0.0444,2152.0,0.0,0.0456,C,-,w_td 0.03; team TD 2.70,1.0,
Sam Roush,CHI,GB,TE,CHI@GB,first_td,0.008628026695526696,11490.0,0.0,0.0456,C,-,w_td 0.03; team TD 2.70,1.0,
Sam Roush,CHI,GB,TE,CHI@GB,last_td,0.008628026695526696,11490.0,0.0,0.0456,C,-,w_td 0.03; team TD 2.70,1.0,
Sam Roush,CHI,GB,TE,CHI@GB,2plus_td,0.00115,86857.0,0.0,0.0456,C,-,w_td 0.03; team TD 2.70,1.0,
D'Andre Swift,CHI,GB,RB,CHI@GB,anytime_td,0.5883483784687396,-143.0,0.7805917753259779,0.09269475091942495,B,no game designation yet (DNP),tgt_sh 9.0%; team att 29.7; opp DvP 0.93; RZ tgt 1; car_sh 42.2%; team rush 34.0; opp d_ypc 1.00; inside-10 car 13,0.5949864089398973,
D'Andre Swift,CHI,GB,RB,CHI@GB,first_td,0.1657363446668863,503.0,0.7805917753259779,0.09269475091942495,B,no game designation yet (DNP),tgt_sh 9.0%; team att 29.7; opp DvP 0.93; RZ tgt 1; car_sh 42.2%; team rush 34.0; opp d_ypc 1.00; inside-10 car 13,0.5949864089398973,
D'Andre Swift,CHI,GB,RB,CHI@GB,last_td,0.1657363446668863,503.0,0.7805917753259779,0.09269475091942495,B,no game designation yet (DNP),tgt_sh 9.0%; team att 29.7; opp DvP 0.93; RZ tgt 1; car_sh 42.2%; team rush 34.0; opp d_ypc 1.00; inside-10 car 13,0.5949864089398973,
D'Andre Swift,CHI,GB,RB,CHI@GB,2plus_td,0.22166499498495487,351.0,0.7805917753259779,0.09269475091942495,B,no game designation yet (DNP),tgt_sh 9.0%; team att 29.7; opp DvP 0.93; RZ tgt 1; car_sh 42.2%; team rush 34.0; opp d_ypc 1.00; inside-10 car 13,0.5949864089398973,
Jahdae Walker,CHI,GB,WR,CHI@GB,anytime_td,0.04155,2307.0,0.0,0.04225,C,-,w_td 0.03; team TD 2.70,1.0,
Jahdae Walker,CHI,GB,WR,CHI@GB,first_td,0.007928919552669554,12512.0,0.0,0.04225,C,-,w_td 0.03; team TD 2.70,1.0,
Jahdae Walker,CHI,GB,WR,CHI@GB,last_td,0.007928919552669554,12512.0,0.0,0.04225,C,-,w_td 0.03; team TD 2.70,1.0,
Jahdae Walker,CHI,GB,WR,CHI@GB,2plus_td,0.0007,142757.0,0.0,0.04225,C,-,w_td 0.03; team TD 2.70,1.0,
Jordan Love,GB,CHI,QB,CHI@GB,anytime_td,0.03665,2629.0,0.03735,0.0,B,-,team att 35.7; ypa 7.18; opp d_ypa 1.05; pass rate 66.2%,1.0,
Jordan Love,GB,CHI,QB,CHI@GB,first_td,0.007418631507381508,13380.0,0.03735,0.0,B,-,team att 35.7; ypa 7.18; opp d_ypa 1.05; pass rate 66.2%,1.0,
Jordan Love,GB,CHI,QB,CHI@GB,last_td,0.007418631507381508,13380.0,0.03735,0.0,B,-,team att 35.7; ypa 7.18; opp d_ypa 1.05; pass rate 66.2%,1.0,
Jordan Love,GB,CHI,QB,CHI@GB,2plus_td,0.0007,142757.0,0.03735,0.0,B,-,team att 35.7; ypa 7.18; opp d_ypa 1.05; pass rate 66.2%,1.0,
Chris Brooks,GB,CHI,RB,CHI@GB,anytime_td,0.1553619756427605,544.0,0.11831867388362652,0.0479533152909337,B,no game designation yet (DNP),w_td 0.23; team TD 2.33,0.5949864089398973,
Chris Brooks,GB,CHI,RB,CHI@GB,first_td,0.03162830582062653,3062.0,0.11831867388362652,0.0479533152909337,B,no game designation yet (DNP),w_td 0.23; team TD 2.33,0.5949864089398973,
Chris Brooks,GB,CHI,RB,CHI@GB,last_td,0.03162830582062653,3062.0,0.11831867388362652,0.0479533152909337,B,no game designation yet (DNP),w_td 0.23; team TD 2.33,0.5949864089398973,
Chris Brooks,GB,CHI,RB,CHI@GB,2plus_td,0.010571718538565629,9359.0,0.11831867388362652,0.0479533152909337,B,no game designation yet (DNP),w_td 0.23; team TD 2.33,0.5949864089398973,
Matthew Golden,GB,CHI,WR,CHI@GB,anytime_td,0.31855,214.0,0.0042,0.37225,B,-,tgt_sh 18.8%; team att 35.7; opp DvP 1.00; RZ tgt 5,1.0,
Matthew Golden,GB,CHI,WR,CHI@GB,first_td,0.07048785339660339,1319.0,0.0042,0.37225,B,-,tgt_sh 18.8%; team att 35.7; opp DvP 1.00; RZ tgt 5,1.0,
Matthew Golden,GB,CHI,WR,CHI@GB,last_td,0.07048785339660339,1319.0,0.0042,0.37225,B,-,tgt_sh 18.8%; team att 35.7; opp DvP 1.00; RZ tgt 5,1.0,
Matthew Golden,GB,CHI,WR,CHI@GB,2plus_td,0.05195,1825.0,0.0042,0.37225,B,-,tgt_sh 18.8%; team att 35.7; opp DvP 1.00; RZ tgt 5,1.0,
Kaleb Johnson,GB,CHI,RB,CHI@GB,anytime_td,0.15635,540.0,0.15215,0.0166,B,-,car_sh 25.3%; team rush 19.5; opp d_ypc 1.09; inside-10 car 2,1.0,
Kaleb Johnson,GB,CHI,RB,CHI@GB,first_td,0.03205437520812521,3020.0,0.15215,0.0166,B,-,car_sh 25.3%; team rush 19.5; opp d_ypc 1.09; inside-10 car 2,1.0,
Kaleb Johnson,GB,CHI,RB,CHI@GB,last_td,0.03205437520812521,3020.0,0.15215,0.0166,B,-,car_sh 25.3%; team rush 19.5; opp d_ypc 1.09; inside-10 car 2,1.0,
Kaleb Johnson,GB,CHI,RB,CHI@GB,2plus_td,0.01195,8268.0,0.15215,0.0166,B,-,car_sh 25.3%; team rush 19.5; opp d_ypc 1.09; inside-10 car 2,1.0,
Tucker Kraft,GB,CHI,TE,CHI@GB,anytime_td,0.29325,241.0,0.01585,0.3244,B,-,tgt_sh 18.3%; team att 35.7; opp DvP 0.92; RZ tgt 4,1.0,
Tucker Kraft,GB,CHI,TE,CHI@GB,first_td,0.06395921398046399,1463.0,0.01585,0.3244,B,-,tgt_sh 18.3%; team att 35.7; opp DvP 0.92; RZ tgt 4,1.0,
Tucker Kraft,GB,CHI,TE,CHI@GB,last_td,0.06395921398046399,1463.0,0.01585,0.3244,B,-,tgt_sh 18.3%; team att 35.7; opp DvP 0.92; RZ tgt 4,1.0,
Tucker Kraft,GB,CHI,TE,CHI@GB,2plus_td,0.0427,2242.0,0.01585,0.3244,B,-,tgt_sh 18.3%; team att 35.7; opp DvP 0.92; RZ tgt 4,1.0,
MarShawn Lloyd,GB,CHI,RB,CHI@GB,anytime_td,0.38225,162.0,0.3037,0.16365,B,-,tgt_sh 6.3%; team att 35.7; opp DvP 1.12; RZ tgt 3; car_sh 46.4%; team rush 19.5; opp d_ypc 1.09; inside-10 car 5,1.0,
MarShawn Lloyd,GB,CHI,RB,CHI@GB,first_td,0.08862236319236319,1028.0,0.3037,0.16365,B,-,tgt_sh 6.3%; team att 35.7; opp DvP 1.12; RZ tgt 3; car_sh 46.4%; team rush 19.5; opp d_ypc 1.09; inside-10 car 5,1.0,
MarShawn Lloyd,GB,CHI,RB,CHI@GB,last_td,0.08862236319236319,1028.0,0.3037,0.16365,B,-,tgt_sh 6.3%; team att 35.7; opp DvP 1.12; RZ tgt 3; car_sh 46.4%; team rush 19.5; opp d_ypc 1.09; inside-10 car 5,1.0,
MarShawn Lloyd,GB,CHI,RB,CHI@GB,2plus_td,0.07585,1218.0,0.3037,0.16365,B,-,tgt_sh 6.3%; team att 35.7; opp DvP 1.12; RZ tgt 3; car_sh 46.4%; team rush 19.5; opp d_ypc 1.09; inside-10 car 5,1.0,
Bo Melton,GB,CHI,WR,CHI@GB,anytime_td,0.0427,2242.0,0.0,0.04325,C,-,w_td 0.02; team TD 2.33,1.0,
Bo Melton,GB,CHI,WR,CHI@GB,first_td,0.008021353368853368,12367.0,0.0,0.04325,C,-,w_td 0.02; team TD 2.33,1.0,
Bo Melton,GB,CHI,WR,CHI@GB,last_td,0.008021353368853368,12367.0,0.0,0.04325,C,-,w_td 0.02; team TD 2.33,1.0,
Bo Melton,GB,CHI,WR,CHI@GB,2plus_td,0.00055,181718.0,0.0,0.04325,C,-,w_td 0.02; team TD 2.33,1.0,
J. Michael Sturdivant,GB,CHI,WR,CHI@GB,anytime_td,0.03565,2705.0,0.0,0.03605,C,-,w_td 0.02; team TD 2.33,1.0,
J. Michael Sturdivant,GB,CHI,WR,CHI@GB,first_td,0.00699869227994228,14188.0,0.0,0.03605,C,-,w_td 0.02; team TD 2.33,1.0,
J. Michael Sturdivant,GB,CHI,WR,CHI@GB,last_td,0.00699869227994228,14188.0,0.0,0.03605,C,-,w_td 0.02; team TD 2.33,1.0,
J. Michael Sturdivant,GB,CHI,WR,CHI@GB,2plus_td,0.0004,249900.0,0.0,0.03605,C,-,w_td 0.02; team TD 2.33,1.0,
Skyy Moore,GB,CHI,WR,CHI@GB,anytime_td,0.1716,483.0,0.0,0.1877,C,-,tgt_sh 6.7%; team att 35.7; opp DvP 1.00; RZ tgt 4,1.0,
Skyy Moore,GB,CHI,WR,CHI@GB,first_td,0.0356804988067488,2703.0,0.0,0.1877,C,-,tgt_sh 6.7%; team att 35.7; opp DvP 1.00; RZ tgt 4,1.0,
Skyy Moore,GB,CHI,WR,CHI@GB,last_td,0.0356804988067488,2703.0,0.0,0.1877,C,-,tgt_sh 6.7%; team att 35.7; opp DvP 1.00; RZ tgt 4,1.0,
Skyy Moore,GB,CHI,WR,CHI@GB,2plus_td,0.0152,6479.0,0.0,0.1877,C,-,tgt_sh 6.7%; team att 35.7; opp DvP 1.00; RZ tgt 4,1.0,
Mark Redman,GB,CHI,TE,CHI@GB,anytime_td,0.01875,5233.0,0.0,0.01885,C,-,w_td 0.01; team TD 2.33,1.0,
Mark Redman,GB,CHI,TE,CHI@GB,first_td,0.0035464502164502163,28097.0,0.0,0.01885,C,-,w_td 0.01; team TD 2.33,1.0,
Mark Redman,GB,CHI,TE,CHI@GB,last_td,0.0035464502164502163,28097.0,0.0,0.01885,C,-,w_td 0.01; team TD 2.33,1.0,
Mark Redman,GB,CHI,TE,CHI@GB,2plus_td,0.0001,999900.0,0.0,0.01885,C,-,w_td 0.01; team TD 2.33,1.0,
Jonnu Smith,GB,CHI,TE,CHI@GB,anytime_td,0.09935,907.0,0.0,0.1039,C,-,tgt_sh 6.0%; team att 35.7; opp DvP 0.92; RZ tgt 1,1.0,
Jonnu Smith,GB,CHI,TE,CHI@GB,first_td,0.019305065490065488,5080.0,0.0,0.1039,C,-,tgt_sh 6.0%; team att 35.7; opp DvP 0.92; RZ tgt 1,1.0,
Jonnu Smith,GB,CHI,TE,CHI@GB,last_td,0.019305065490065488,5080.0,0.0,0.1039,C,-,tgt_sh 6.0%; team att 35.7; opp DvP 0.92; RZ tgt 1,1.0,
Jonnu Smith,GB,CHI,TE,CHI@GB,2plus_td,0.0045,22122.0,0.0,0.1039,C,-,tgt_sh 6.0%; team att 35.7; opp DvP 0.92; RZ tgt 1,1.0,
Christian Watson,GB,CHI,WR,CHI@GB,anytime_td,0.36425,175.0,0.0,0.44445,B,-,tgt_sh 20.2%; team att 35.7; opp DvP 1.00; RZ tgt 7,1.0,
Christian Watson,GB,CHI,WR,CHI@GB,first_td,0.08387502983127984,1092.0,0.0,0.44445,B,-,tgt_sh 20.2%; team att 35.7; opp DvP 1.00; RZ tgt 7,1.0,
Christian Watson,GB,CHI,WR,CHI@GB,last_td,0.08387502983127984,1092.0,0.0,0.44445,B,-,tgt_sh 20.2%; team att 35.7; opp DvP 1.00; RZ tgt 7,1.0,
Christian Watson,GB,CHI,WR,CHI@GB,2plus_td,0.0719,1291.0,0.0,0.44445,B,-,tgt_sh 20.2%; team att 35.7; opp DvP 1.00; RZ tgt 7,1.0,
Joe Burrow,CIN,MIA,QB,CIN@MIA,anytime_td,0.07265,1276.0,0.07555,0.0,B,-,team att 37.2; ypa 7.94; opp d_ypa 1.09; pass rate 63.5%,1.0,
Joe Burrow,CIN,MIA,QB,CIN@MIA,first_td,0.0160638474025974,6125.0,0.07555,0.0,B,-,team att 37.2; ypa 7.94; opp d_ypa 1.09; pass rate 63.5%,1.0,
Joe Burrow,CIN,MIA,QB,CIN@MIA,last_td,0.0160638474025974,6125.0,0.07555,0.0,B,-,team att 37.2; ypa 7.94; opp d_ypa 1.09; pass rate 63.5%,1.0,
Joe Burrow,CIN,MIA,QB,CIN@MIA,2plus_td,0.0029,34383.0,0.07555,0.0,B,-,team att 37.2; ypa 7.94; opp d_ypa 1.09; pass rate 63.5%,1.0,
Erick All,CIN,MIA,TE,CIN@MIA,anytime_td,0.0257,3791.0,0.0,0.0261,C,-,w_td 0.02; team TD 2.40,1.0,
Erick All,CIN,MIA,TE,CIN@MIA,first_td,0.0054638701576201565,18202.0,0.0,0.0261,C,-,w_td 0.02; team TD 2.40,1.0,
Erick All,CIN,MIA,TE,CIN@MIA,last_td,0.0054638701576201565,18202.0,0.0,0.0261,C,-,w_td 0.02; team TD 2.40,1.0,
Erick All,CIN,MIA,TE,CIN@MIA,2plus_td,0.0004,249900.0,0.0,0.0261,C,-,w_td 0.02; team TD 2.40,1.0,
Tahj Brooks,CIN,MIA,RB,CIN@MIA,anytime_td,0.019,5163.0,0.014,0.0052,C,-,w_td 0.02; team TD 2.40,1.0,
Tahj Brooks,CIN,MIA,RB,CIN@MIA,first_td,0.0039256421356421356,25374.0,0.014,0.0052,C,-,w_td 0.02; team TD 2.40,1.0,
Tahj Brooks,CIN,MIA,RB,CIN@MIA,last_td,0.0039256421356421356,25374.0,0.014,0.0052,C,-,w_td 0.02; team TD 2.40,1.0,
Tahj Brooks,CIN,MIA,RB,CIN@MIA,2plus_td,0.0002,499900.0,0.014,0.0052,C,-,w_td 0.02; team TD 2.40,1.0,
Chase Brown,CIN,MIA,RB,CIN@MIA,anytime_td,0.5237,-110.0,0.50095,0.21575,B,-,tgt_sh 13.1%; team att 37.2; opp DvP 0.97; RZ tgt 1; car_sh 64.1%; team rush 22.3; opp d_ypc 0.93; inside-10 car 3,1.0,
Chase Brown,CIN,MIA,RB,CIN@MIA,first_td,0.14760268675768676,577.0,0.50095,0.21575,B,-,tgt_sh 13.1%; team att 37.2; opp DvP 0.97; RZ tgt 1; car_sh 64.1%; team rush 22.3; opp d_ypc 0.93; inside-10 car 3,1.0,
Chase Brown,CIN,MIA,RB,CIN@MIA,last_td,0.14760268675768676,577.0,0.50095,0.21575,B,-,tgt_sh 13.1%; team att 37.2; opp DvP 0.97; RZ tgt 1; car_sh 64.1%; team rush 22.3; opp d_ypc 0.93; inside-10 car 3,1.0,
Chase Brown,CIN,MIA,RB,CIN@MIA,2plus_td,0.1581,533.0,0.50095,0.21575,B,-,tgt_sh 13.1%; team att 37.2; opp DvP 0.97; RZ tgt 1; car_sh 64.1%; team rush 22.3; opp d_ypc 0.93; inside-10 car 3,1.0,
Ja'Marr Chase,CIN,MIA,WR,CIN@MIA,anytime_td,0.35236429508401523,184.0,0.0,0.4266350178024861,B,no game designation yet (DNP),tgt_sh 22.5%; team att 37.2; opp DvP 0.96; RZ tgt 4,0.8055616699684496,
Ja'Marr Chase,CIN,MIA,WR,CIN@MIA,first_td,0.08833928059988401,1032.0,0.0,0.4266350178024861,B,no game designation yet (DNP),tgt_sh 22.5%; team att 37.2; opp DvP 0.96; RZ tgt 4,0.8055616699684496,
Ja'Marr Chase,CIN,MIA,WR,CIN@MIA,last_td,0.08833928059988401,1032.0,0.0,0.4266350178024861,B,no game designation yet (DNP),tgt_sh 22.5%; team att 37.2; opp DvP 0.96; RZ tgt 4,0.8055616699684496,
Ja'Marr Chase,CIN,MIA,WR,CIN@MIA,2plus_td,0.06658754450621525,1402.0,0.0,0.4266350178024861,B,no game designation yet (DNP),tgt_sh 22.5%; team att 37.2; opp DvP 0.96; RZ tgt 4,0.8055616699684496,
Mike Gesicki,CIN,MIA,TE,CIN@MIA,anytime_td,0.2233,348.0,0.0,0.25165,C,-,tgt_sh 9.5%; team att 37.2; opp DvP 1.13; RZ tgt 3,1.0,
Mike Gesicki,CIN,MIA,TE,CIN@MIA,first_td,0.05157096195471195,1839.0,0.0,0.25165,C,-,tgt_sh 9.5%; team att 37.2; opp DvP 1.13; RZ tgt 3,1.0,
Mike Gesicki,CIN,MIA,TE,CIN@MIA,last_td,0.05157096195471195,1839.0,0.0,0.25165,C,-,tgt_sh 9.5%; team att 37.2; opp DvP 1.13; RZ tgt 3,1.0,
Mike Gesicki,CIN,MIA,TE,CIN@MIA,2plus_td,0.02615,3724.0,0.0,0.25165,C,-,tgt_sh 9.5%; team att 37.2; opp DvP 1.13; RZ tgt 3,1.0,
Tee Higgins,CIN,MIA,WR,CIN@MIA,anytime_td,0.28687055915971577,249.0,0.0,0.33209762125424774,B,no game designation yet (DNP),tgt_sh 20.0%; team att 37.2; opp DvP 0.96; RZ tgt 2,0.8055616699684496,
Tee Higgins,CIN,MIA,WR,CIN@MIA,first_td,0.06917149253108475,1346.0,0.0,0.33209762125424774,B,no game designation yet (DNP),tgt_sh 20.0%; team att 37.2; opp DvP 0.96; RZ tgt 2,0.8055616699684496,
Tee Higgins,CIN,MIA,WR,CIN@MIA,last_td,0.06917149253108475,1346.0,0.0,0.33209762125424774,B,no game designation yet (DNP),tgt_sh 20.0%; team att 37.2; opp DvP 0.96; RZ tgt 2,0.8055616699684496,
Tee Higgins,CIN,MIA,WR,CIN@MIA,2plus_td,0.04164349706518381,2301.0,0.0,0.33209762125424774,B,no game designation yet (DNP),tgt_sh 20.0%; team att 37.2; opp DvP 0.96; RZ tgt 2,0.8055616699684496,
Tanner Hudson,CIN,MIA,TE,CIN@MIA,anytime_td,0.08015,1148.0,0.0,0.08295,C,-,tgt_sh 3.3%; team att 37.2; opp DvP 1.13; RZ tgt 1,1.0,
Tanner Hudson,CIN,MIA,TE,CIN@MIA,first_td,0.01725033064158064,5697.0,0.0,0.08295,C,-,tgt_sh 3.3%; team att 37.2; opp DvP 1.13; RZ tgt 1,1.0,
Tanner Hudson,CIN,MIA,TE,CIN@MIA,last_td,0.01725033064158064,5697.0,0.0,0.08295,C,-,tgt_sh 3.3%; team att 37.2; opp DvP 1.13; RZ tgt 1,1.0,
Tanner Hudson,CIN,MIA,TE,CIN@MIA,2plus_td,0.00275,36264.0,0.0,0.08295,C,-,tgt_sh 3.3%; team att 37.2; opp DvP 1.13; RZ tgt 1,1.0,
Dohnte Meyers,CIN,MIA,WR,CIN@MIA,anytime_td,0.09245,982.0,0.00525,0.09185,C,-,tgt_sh 6.5%; team att 37.2; opp DvP 0.96; RZ tgt 0,1.0,
Dohnte Meyers,CIN,MIA,WR,CIN@MIA,first_td,0.01995926864801865,4910.0,0.00525,0.09185,C,-,tgt_sh 6.5%; team att 37.2; opp DvP 0.96; RZ tgt 0,1.0,
Dohnte Meyers,CIN,MIA,WR,CIN@MIA,last_td,0.01995926864801865,4910.0,0.00525,0.09185,C,-,tgt_sh 6.5%; team att 37.2; opp DvP 0.96; RZ tgt 0,1.0,
Dohnte Meyers,CIN,MIA,WR,CIN@MIA,2plus_td,0.0046,21639.0,0.00525,0.09185,C,-,tgt_sh 6.5%; team att 37.2; opp DvP 0.96; RZ tgt 0,1.0,
Samaje Perine,CIN,MIA,RB,CIN@MIA,anytime_td,0.1982,405.0,0.1608,0.05715,B,-,tgt_sh 4.3%; team att 37.2; opp DvP 0.97; RZ tgt 0; car_sh 20.5%; team rush 22.3; opp d_ypc 0.93; inside-10 car 1,1.0,
Samaje Perine,CIN,MIA,RB,CIN@MIA,first_td,0.044991279415029416,2123.0,0.1608,0.05715,B,-,tgt_sh 4.3%; team att 37.2; opp DvP 0.97; RZ tgt 0; car_sh 20.5%; team rush 22.3; opp d_ypc 0.93; inside-10 car 1,1.0,
Samaje Perine,CIN,MIA,RB,CIN@MIA,last_td,0.044991279415029416,2123.0,0.1608,0.05715,B,-,tgt_sh 4.3%; team att 37.2; opp DvP 0.97; RZ tgt 0; car_sh 20.5%; team rush 22.3; opp d_ypc 0.93; inside-10 car 1,1.0,
Samaje Perine,CIN,MIA,RB,CIN@MIA,2plus_td,0.019,5163.0,0.1608,0.05715,B,-,tgt_sh 4.3%; team att 37.2; opp DvP 0.97; RZ tgt 0; car_sh 20.5%; team rush 22.3; opp d_ypc 0.93; inside-10 car 1,1.0,
Drew Sample,CIN,MIA,TE,CIN@MIA,anytime_td,0.0786,1172.0,0.0,0.08235,C,-,tgt_sh 3.0%; team att 37.2; opp DvP 1.13; RZ tgt 1,1.0,
Drew Sample,CIN,MIA,TE,CIN@MIA,first_td,0.01652380647130647,5952.0,0.0,0.08235,C,-,tgt_sh 3.0%; team att 37.2; opp DvP 1.13; RZ tgt 1,1.0,
Drew Sample,CIN,MIA,TE,CIN@MIA,last_td,0.01652380647130647,5952.0,0.0,0.08235,C,-,tgt_sh 3.0%; team att 37.2; opp DvP 1.13; RZ tgt 1,1.0,
Drew Sample,CIN,MIA,TE,CIN@MIA,2plus_td,0.0037,26927.0,0.0,0.08235,C,-,tgt_sh 3.0%; team att 37.2; opp DvP 1.13; RZ tgt 1,1.0,
Mitchell Tinsley,CIN,MIA,WR,CIN@MIA,anytime_td,0.17485,472.0,0.0,0.18975,C,-,tgt_sh 6.7%; team att 37.2; opp DvP 0.96; RZ tgt 3,1.0,
Mitchell Tinsley,CIN,MIA,WR,CIN@MIA,first_td,0.038650728715728715,2487.0,0.0,0.18975,C,-,tgt_sh 6.7%; team att 37.2; opp DvP 0.96; RZ tgt 3,1.0,
Mitchell Tinsley,CIN,MIA,WR,CIN@MIA,last_td,0.038650728715728715,2487.0,0.0,0.18975,C,-,tgt_sh 6.7%; team att 37.2; opp DvP 0.96; RZ tgt 3,1.0,
Mitchell Tinsley,CIN,MIA,WR,CIN@MIA,2plus_td,0.01455,6773.0,0.0,0.18975,C,-,tgt_sh 6.7%; team att 37.2; opp DvP 0.96; RZ tgt 3,1.0,
Colbie Young,CIN,MIA,WR,CIN@MIA,anytime_td,0.020367662419051597,4810.0,0.0,0.02057656152078546,C,no game designation yet (Limited),w_td 0.01; team TD 2.40,0.9575230478992892,
Colbie Young,CIN,MIA,WR,CIN@MIA,first_td,0.004294849099789563,23184.0,0.0,0.02057656152078546,C,no game designation yet (Limited),w_td 0.01; team TD 2.40,0.9575230478992892,
Colbie Young,CIN,MIA,WR,CIN@MIA,last_td,0.004294849099789563,23184.0,0.0,0.02057656152078546,C,no game designation yet (Limited),w_td 0.01; team TD 2.40,0.9575230478992892,
Colbie Young,CIN,MIA,WR,CIN@MIA,2plus_td,0.00020889910173386254,478600.0,0.0,0.02057656152078546,C,no game designation yet (Limited),w_td 0.01; team TD 2.40,0.9575230478992892,
Malik Willis,MIA,CIN,QB,CIN@MIA,anytime_td,0.1693,491.0,0.1846,0.0,B,-,team att 29.6; ypa 7.36; opp d_ypa 1.05; pass rate 55.6%,1.0,
Malik Willis,MIA,CIN,QB,CIN@MIA,first_td,0.03808576354201354,2526.0,0.1846,0.0,B,-,team att 29.6; ypa 7.36; opp d_ypa 1.05; pass rate 55.6%,1.0,
Malik Willis,MIA,CIN,QB,CIN@MIA,last_td,0.03808576354201354,2526.0,0.1846,0.0,B,-,team att 29.6; ypa 7.36; opp d_ypa 1.05; pass rate 55.6%,1.0,
Malik Willis,MIA,CIN,QB,CIN@MIA,2plus_td,0.0149,6611.0,0.1846,0.0,B,-,team att 29.6; ypa 7.36; opp d_ypa 1.05; pass rate 55.6%,1.0,
Chris Bell,MIA,CIN,WR,CIN@MIA,anytime_td,0.12721475983902159,686.0,0.0,0.13505461767626614,C,no game designation yet (Limited),tgt_sh 11.8%; team att 29.6; opp DvP 0.88; RZ tgt 0,0.9575230478992892,
Chris Bell,MIA,CIN,WR,CIN@MIA,first_td,0.027406911775541894,3549.0,0.0,0.13505461767626614,C,no game designation yet (Limited),tgt_sh 11.8%; team att 29.6; opp DvP 0.88; RZ tgt 0,0.9575230478992892,
Chris Bell,MIA,CIN,WR,CIN@MIA,last_td,0.027406911775541894,3549.0,0.0,0.13505461767626614,C,no game designation yet (Limited),tgt_sh 11.8%; team att 29.6; opp DvP 0.88; RZ tgt 0,0.9575230478992892,
Chris Bell,MIA,CIN,WR,CIN@MIA,2plus_td,0.007369466367009878,13470.0,0.0,0.13505461767626614,C,no game designation yet (Limited),tgt_sh 11.8%; team att 29.6; opp DvP 0.88; RZ tgt 0,0.9575230478992892,
Kevin Coleman Jr.,MIA,CIN,WR,CIN@MIA,anytime_td,0.14225,603.0,0.0,0.15205,C,-,tgt_sh 9.4%; team att 29.6; opp DvP 0.88; RZ tgt 1,1.0,
Kevin Coleman Jr.,MIA,CIN,WR,CIN@MIA,first_td,0.031498858780108774,3075.0,0.0,0.15205,C,-,tgt_sh 9.4%; team att 29.6; opp DvP 0.88; RZ tgt 1,1.0,
Kevin Coleman Jr.,MIA,CIN,WR,CIN@MIA,last_td,0.031498858780108774,3075.0,0.0,0.15205,C,-,tgt_sh 9.4%; team att 29.6; opp DvP 0.88; RZ tgt 1,1.0,
Kevin Coleman Jr.,MIA,CIN,WR,CIN@MIA,2plus_td,0.0093,10653.0,0.0,0.15205,C,-,tgt_sh 9.4%; team att 29.6; opp DvP 0.88; RZ tgt 1,1.0,
Caleb Douglas,MIA,CIN,WR,CIN@MIA,anytime_td,0.20717007057647868,383.0,0.0,0.23034164012241584,C,no game designation yet (DNP),tgt_sh 17.2%; team att 29.6; opp DvP 0.88; RZ tgt 1,0.8055616699684496,
Caleb Douglas,MIA,CIN,WR,CIN@MIA,first_td,0.04737945747407992,2011.0,0.0,0.23034164012241584,C,no game designation yet (DNP),tgt_sh 17.2%; team att 29.6; opp DvP 0.88; RZ tgt 1,0.8055616699684496,
Caleb Douglas,MIA,CIN,WR,CIN@MIA,last_td,0.04737945747407992,2011.0,0.0,0.23034164012241584,C,no game designation yet (DNP),tgt_sh 17.2%; team att 29.6; opp DvP 0.88; RZ tgt 1,0.8055616699684496,
Caleb Douglas,MIA,CIN,WR,CIN@MIA,2plus_td,0.021235400662044844,4609.0,0.0,0.23034164012241584,C,no game designation yet (DNP),tgt_sh 17.2%; team att 29.6; opp DvP 0.88; RZ tgt 1,0.8055616699684496,
Greg Dulcich,MIA,CIN,TE,CIN@MIA,anytime_td,0.20535,387.0,0.0,0.22645,B,-,tgt_sh 9.6%; team att 29.6; opp DvP 1.14; RZ tgt 2,1.0,
Greg Dulcich,MIA,CIN,TE,CIN@MIA,first_td,0.04697049533799534,2029.0,0.0,0.22645,B,-,tgt_sh 9.6%; team att 29.6; opp DvP 1.14; RZ tgt 2,1.0,
Greg Dulcich,MIA,CIN,TE,CIN@MIA,last_td,0.04697049533799534,2029.0,0.0,0.22645,B,-,tgt_sh 9.6%; team att 29.6; opp DvP 1.14; RZ tgt 2,1.0,
Greg Dulcich,MIA,CIN,TE,CIN@MIA,2plus_td,0.01975,4963.0,0.0,0.22645,B,-,tgt_sh 9.6%; team att 29.6; opp DvP 1.14; RZ tgt 2,1.0,
Ollie Gordon II,MIA,CIN,RB,CIN@MIA,anytime_td,0.3965,152.0,0.44715,0.0468,B,-,tgt_sh 3.5%; team att 29.6; opp DvP 1.13; RZ tgt 0; car_sh 24.2%; team rush 26.3; opp d_ypc 1.04; inside-10 car 1,1.0,
Ollie Gordon II,MIA,CIN,RB,CIN@MIA,first_td,0.1021496842046842,879.0,0.44715,0.0468,B,-,tgt_sh 3.5%; team att 29.6; opp DvP 1.13; RZ tgt 0; car_sh 24.2%; team rush 26.3; opp d_ypc 1.04; inside-10 car 1,1.0,
Ollie Gordon II,MIA,CIN,RB,CIN@MIA,last_td,0.1021496842046842,879.0,0.44715,0.0468,B,-,tgt_sh 3.5%; team att 29.6; opp DvP 1.13; RZ tgt 0; car_sh 24.2%; team rush 26.3; opp d_ypc 1.04; inside-10 car 1,1.0,
Ollie Gordon II,MIA,CIN,RB,CIN@MIA,2plus_td,0.0853,1072.0,0.44715,0.0468,B,-,tgt_sh 3.5%; team att 29.6; opp DvP 1.13; RZ tgt 0; car_sh 24.2%; team rush 26.3; opp d_ypc 1.04; inside-10 car 1,1.0,
DJ Herman,MIA,CIN,RB,CIN@MIA,anytime_td,0.04195,2284.0,0.0085,0.03425,C,-,w_td 0.03; team TD 2.19,1.0,
DJ Herman,MIA,CIN,RB,CIN@MIA,first_td,0.008604361471861471,11522.0,0.0085,0.03425,C,-,w_td 0.03; team TD 2.19,1.0,
DJ Herman,MIA,CIN,RB,CIN@MIA,last_td,0.008604361471861471,11522.0,0.0085,0.03425,C,-,w_td 0.03; team TD 2.19,1.0,
DJ Herman,MIA,CIN,RB,CIN@MIA,2plus_td,0.0008,124900.0,0.0085,0.03425,C,-,w_td 0.03; team TD 2.19,1.0,
Will Kacmarek,MIA,CIN,TE,CIN@MIA,anytime_td,0.04425,2160.0,0.0,0.0451,C,-,tgt_sh 3.4%; team att 29.6; opp DvP 1.14; RZ tgt 0,1.0,
Will Kacmarek,MIA,CIN,TE,CIN@MIA,first_td,0.009408534104784105,10529.0,0.0,0.0451,C,-,tgt_sh 3.4%; team att 29.6; opp DvP 1.14; RZ tgt 0,1.0,
Will Kacmarek,MIA,CIN,TE,CIN@MIA,last_td,0.009408534104784105,10529.0,0.0,0.0451,C,-,tgt_sh 3.4%; team att 29.6; opp DvP 1.14; RZ tgt 0,1.0,
Will Kacmarek,MIA,CIN,TE,CIN@MIA,2plus_td,0.0008,124900.0,0.0,0.0451,C,-,tgt_sh 3.4%; team att 29.6; opp DvP 1.14; RZ tgt 0,1.0,
Ryan Miller,MIA,CIN,WR,CIN@MIA,anytime_td,0.02335,4183.0,0.0,0.0236,C,-,w_td 0.02; team TD 2.19,1.0,
Ryan Miller,MIA,CIN,WR,CIN@MIA,first_td,0.004816782661782661,20661.0,0.0,0.0236,C,-,w_td 0.02; team TD 2.19,1.0,
Ryan Miller,MIA,CIN,WR,CIN@MIA,last_td,0.004816782661782661,20661.0,0.0,0.0236,C,-,w_td 0.02; team TD 2.19,1.0,
Ryan Miller,MIA,CIN,WR,CIN@MIA,2plus_td,0.00025,399900.0,0.0,0.0236,C,-,w_td 0.02; team TD 2.19,1.0,
Jalen Tolbert,MIA,CIN,WR,CIN@MIA,anytime_td,0.0432,2215.0,0.0,0.04415,C,-,w_td 0.03; team TD 2.19,1.0,
Jalen Tolbert,MIA,CIN,WR,CIN@MIA,first_td,0.008905938505938505,11128.0,0.0,0.04415,C,-,w_td 0.03; team TD 2.19,1.0,
Jalen Tolbert,MIA,CIN,WR,CIN@MIA,last_td,0.008905938505938505,11128.0,0.0,0.04415,C,-,w_td 0.03; team TD 2.19,1.0,
Jalen Tolbert,MIA,CIN,WR,CIN@MIA,2plus_td,0.00095,105163.0,0.0,0.04415,C,-,w_td 0.03; team TD 2.19,1.0,
Malik Washington,MIA,CIN,WR,CIN@MIA,anytime_td,0.31455,218.0,0.1006,0.27225,B,-,tgt_sh 19.8%; team att 29.6; opp DvP 0.88; RZ tgt 1,1.0,
Malik Washington,MIA,CIN,WR,CIN@MIA,first_td,0.07641808788433789,1209.0,0.1006,0.27225,B,-,tgt_sh 19.8%; team att 29.6; opp DvP 0.88; RZ tgt 1,1.0,
Malik Washington,MIA,CIN,WR,CIN@MIA,last_td,0.07641808788433789,1209.0,0.1006,0.27225,B,-,tgt_sh 19.8%; team att 29.6; opp DvP 0.88; RZ tgt 1,1.0,
Malik Washington,MIA,CIN,WR,CIN@MIA,2plus_td,0.0531,1783.0,0.1006,0.27225,B,-,tgt_sh 19.8%; team att 29.6; opp DvP 0.88; RZ tgt 1,1.0,
Jaylen Wright,MIA,CIN,RB,CIN@MIA,anytime_td,0.2397,317.0,0.2507,0.0195,C,-,car_sh 11.8%; team rush 26.3; opp d_ypc 1.04; inside-10 car 1,1.0,
Jaylen Wright,MIA,CIN,RB,CIN@MIA,first_td,0.05604779872904873,1684.0,0.2507,0.0195,C,-,car_sh 11.8%; team rush 26.3; opp d_ypc 1.04; inside-10 car 1,1.0,
Jaylen Wright,MIA,CIN,RB,CIN@MIA,last_td,0.05604779872904873,1684.0,0.2507,0.0195,C,-,car_sh 11.8%; team rush 26.3; opp d_ypc 1.04; inside-10 car 1,1.0,
Jaylen Wright,MIA,CIN,RB,CIN@MIA,2plus_td,0.0282,3446.0,0.2507,0.0195,C,-,car_sh 11.8%; team rush 26.3; opp d_ypc 1.04; inside-10 car 1,1.0,
Kirk Cousins,LV,NE,QB,LV@NE,anytime_td,0.0253,3853.0,0.02585,0.0,B,-,team att 33.8; ypa 6.97; opp d_ypa 0.96; pass rate 56.9%,1.0,
Kirk Cousins,LV,NE,QB,LV@NE,first_td,0.0052792297979797976,18842.0,0.02585,0.0,B,-,team att 33.8; ypa 6.97; opp d_ypa 0.96; pass rate 56.9%,1.0,
Kirk Cousins,LV,NE,QB,LV@NE,last_td,0.0052792297979797976,18842.0,0.02585,0.0,B,-,team att 33.8; ypa 6.97; opp d_ypa 0.96; pass rate 56.9%,1.0,
Kirk Cousins,LV,NE,QB,LV@NE,2plus_td,0.00055,181718.0,0.02585,0.0,B,-,team att 33.8; ypa 6.97; opp d_ypa 0.96; pass rate 56.9%,1.0,
Cody White,LV,NE,WR,LV@NE,anytime_td,0.1209,727.0,0.0,0.1279,C,-,tgt_sh 5.5%; team att 33.8; opp DvP 0.95; RZ tgt 4,1.0,
Cody White,LV,NE,WR,LV@NE,first_td,0.026833712121212126,3627.0,0.0,0.1279,C,-,tgt_sh 5.5%; team att 33.8; opp DvP 0.95; RZ tgt 4,1.0,
Cody White,LV,NE,WR,LV@NE,last_td,0.026833712121212126,3627.0,0.0,0.1279,C,-,tgt_sh 5.5%; team att 33.8; opp DvP 0.95; RZ tgt 4,1.0,
Cody White,LV,NE,WR,LV@NE,2plus_td,0.0065,15285.0,0.0,0.1279,C,-,tgt_sh 5.5%; team att 33.8; opp DvP 0.95; RZ tgt 4,1.0,
Malik Benson,LV,NE,WR,LV@NE,anytime_td,0.0311,3115.0,0.0032,0.0282,C,-,w_td 0.02; team TD 1.76,1.0,
Malik Benson,LV,NE,WR,LV@NE,first_td,0.0062612355699855704,15871.0,0.0032,0.0282,C,-,w_td 0.02; team TD 1.76,1.0,
Malik Benson,LV,NE,WR,LV@NE,last_td,0.0062612355699855704,15871.0,0.0032,0.0282,C,-,w_td 0.02; team TD 1.76,1.0,
Malik Benson,LV,NE,WR,LV@NE,2plus_td,0.0003,333233.0,0.0032,0.0282,C,-,w_td 0.02; team TD 1.76,1.0,
Brock Bowers,LV,NE,TE,LV@NE,anytime_td,0.2932,241.0,0.0,0.3429,B,-,tgt_sh 25.0%; team att 33.8; opp DvP 1.11; RZ tgt 4,1.0,
Brock Bowers,LV,NE,TE,LV@NE,first_td,0.07171853826728827,1294.0,0.0,0.3429,B,-,tgt_sh 25.0%; team att 33.8; opp DvP 1.11; RZ tgt 4,1.0,
Brock Bowers,LV,NE,TE,LV@NE,last_td,0.07171853826728827,1294.0,0.0,0.3429,B,-,tgt_sh 25.0%; team att 33.8; opp DvP 1.11; RZ tgt 4,1.0,
Brock Bowers,LV,NE,TE,LV@NE,2plus_td,0.0446,2142.0,0.0,0.3429,B,-,tgt_sh 25.0%; team att 33.8; opp DvP 1.11; RZ tgt 4,1.0,
Connor Heyward,LV,NE,RB,LV@NE,anytime_td,0.0243,4015.0,0.0181,0.0068,C,-,w_td 0.04; team TD 1.76,1.0,
Connor Heyward,LV,NE,RB,LV@NE,first_td,0.00531299963924964,18722.0,0.0181,0.0068,C,-,w_td 0.04; team TD 1.76,1.0,
Connor Heyward,LV,NE,RB,LV@NE,last_td,0.00531299963924964,18722.0,0.0181,0.0068,C,-,w_td 0.04; team TD 1.76,1.0,
Connor Heyward,LV,NE,RB,LV@NE,2plus_td,0.0006,166567.0,0.0181,0.0068,C,-,w_td 0.04; team TD 1.76,1.0,
Ashton Jeanty,LV,NE,RB,LV@NE,anytime_td,0.4429,126.0,0.3064,0.2646,B,-,tgt_sh 14.6%; team att 33.8; opp DvP 1.00; RZ tgt 6; car_sh 60.7%; team rush 26.6; opp d_ypc 1.03; inside-10 car 7,1.0,
Ashton Jeanty,LV,NE,RB,LV@NE,first_td,0.11919861763236764,739.0,0.3064,0.2646,B,-,tgt_sh 14.6%; team att 33.8; opp DvP 1.00; RZ tgt 6; car_sh 60.7%; team rush 26.6; opp d_ypc 1.03; inside-10 car 7,1.0,
Ashton Jeanty,LV,NE,RB,LV@NE,last_td,0.11919861763236764,739.0,0.3064,0.2646,B,-,tgt_sh 14.6%; team att 33.8; opp DvP 1.00; RZ tgt 6; car_sh 60.7%; team rush 26.6; opp d_ypc 1.03; inside-10 car 7,1.0,
Ashton Jeanty,LV,NE,RB,LV@NE,2plus_td,0.1098,811.0,0.3064,0.2646,B,-,tgt_sh 14.6%; team att 33.8; opp DvP 1.00; RZ tgt 6; car_sh 60.7%; team rush 26.6; opp d_ypc 1.03; inside-10 car 7,1.0,
Michael Mayer,LV,NE,TE,LV@NE,anytime_td,0.185,441.0,0.0,0.20215,B,-,tgt_sh 15.7%; team att 33.8; opp DvP 1.11; RZ tgt 2,1.0,
Michael Mayer,LV,NE,TE,LV@NE,first_td,0.04180102272727273,2292.0,0.0,0.20215,B,-,tgt_sh 15.7%; team att 33.8; opp DvP 1.11; RZ tgt 2,1.0,
Michael Mayer,LV,NE,TE,LV@NE,last_td,0.04180102272727273,2292.0,0.0,0.20215,B,-,tgt_sh 15.7%; team att 33.8; opp DvP 1.11; RZ tgt 2,1.0,
Michael Mayer,LV,NE,TE,LV@NE,2plus_td,0.016,6150.0,0.0,0.20215,B,-,tgt_sh 15.7%; team att 33.8; opp DvP 1.11; RZ tgt 2,1.0,
Jalen Nailor,LV,NE,WR,LV@NE,anytime_td,0.0997,903.0,0.0,0.1043,C,-,tgt_sh 8.9%; team att 33.8; opp DvP 0.95; RZ tgt 1,1.0,
Jalen Nailor,LV,NE,WR,LV@NE,first_td,0.0220159632034632,4442.0,0.0,0.1043,C,-,tgt_sh 8.9%; team att 33.8; opp DvP 0.95; RZ tgt 1,1.0,
Jalen Nailor,LV,NE,WR,LV@NE,last_td,0.0220159632034632,4442.0,0.0,0.1043,C,-,tgt_sh 8.9%; team att 33.8; opp DvP 0.95; RZ tgt 1,1.0,
Jalen Nailor,LV,NE,WR,LV@NE,2plus_td,0.00455,21878.0,0.0,0.1043,C,-,tgt_sh 8.9%; team att 33.8; opp DvP 0.95; RZ tgt 1,1.0,
Ian Thomas,LV,NE,TE,LV@NE,anytime_td,0.01945,5041.0,0.0,0.01965,C,-,w_td 0.02; team TD 1.76,1.0,
Ian Thomas,LV,NE,TE,LV@NE,first_td,0.00425429292929293,23406.0,0.0,0.01965,C,-,w_td 0.02; team TD 1.76,1.0,
Ian Thomas,LV,NE,TE,LV@NE,last_td,0.00425429292929293,23406.0,0.0,0.01965,C,-,w_td 0.02; team TD 1.76,1.0,
Ian Thomas,LV,NE,TE,LV@NE,2plus_td,0.0002,499900.0,0.0,0.01965,C,-,w_td 0.02; team TD 1.76,1.0,
Tre Tucker,LV,NE,WR,LV@NE,anytime_td,0.1566,539.0,0.0,0.1688,B,-,tgt_sh 15.2%; team att 33.8; opp DvP 0.95; RZ tgt 1,1.0,
Tre Tucker,LV,NE,WR,LV@NE,first_td,0.03502094516594516,2755.0,0.0,0.1688,B,-,tgt_sh 15.2%; team att 33.8; opp DvP 0.95; RZ tgt 1,1.0,
Tre Tucker,LV,NE,WR,LV@NE,last_td,0.03502094516594516,2755.0,0.0,0.1688,B,-,tgt_sh 15.2%; team att 33.8; opp DvP 0.95; RZ tgt 1,1.0,
Tre Tucker,LV,NE,WR,LV@NE,2plus_td,0.0117,8447.0,0.0,0.1688,B,-,tgt_sh 15.2%; team att 33.8; opp DvP 0.95; RZ tgt 1,1.0,
Mike Washington Jr.,LV,NE,RB,LV@NE,anytime_td,0.1064,840.0,0.095,0.0167,B,-,car_sh 22.8%; team rush 26.6; opp d_ypc 1.03; inside-10 car 1,1.0,
Mike Washington Jr.,LV,NE,RB,LV@NE,first_td,0.02375265331890332,4110.0,0.095,0.0167,B,-,car_sh 22.8%; team rush 26.6; opp d_ypc 1.03; inside-10 car 1,1.0,
Mike Washington Jr.,LV,NE,RB,LV@NE,last_td,0.02375265331890332,4110.0,0.095,0.0167,B,-,car_sh 22.8%; team rush 26.6; opp d_ypc 1.03; inside-10 car 1,1.0,
Mike Washington Jr.,LV,NE,RB,LV@NE,2plus_td,0.0052,19131.0,0.095,0.0167,B,-,car_sh 22.8%; team rush 26.6; opp d_ypc 1.03; inside-10 car 1,1.0,
Dareke Young,LV,NE,WR,LV@NE,anytime_td,0.01535,6415.0,0.0,0.01545,C,-,w_td 0.01; team TD 1.76,1.0,
Dareke Young,LV,NE,WR,LV@NE,first_td,0.0033127597402597404,30086.0,0.0,0.01545,C,-,w_td 0.01; team TD 1.76,1.0,
Dareke Young,LV,NE,WR,LV@NE,last_td,0.0033127597402597404,30086.0,0.0,0.01545,C,-,w_td 0.01; team TD 1.76,1.0,
Dareke Young,LV,NE,WR,LV@NE,2plus_td,0.0001,999900.0,0.0,0.01545,C,-,w_td 0.01; team TD 1.76,1.0,
Drake Maye,NE,LV,QB,LV@NE,anytime_td,0.16480375644362782,507.0,0.1783289950492523,0.0,B,no game designation yet (Full),team att 29.8; ypa 7.20; opp d_ypa 1.00; pass rate 52.6%,0.98,
Drake Maye,NE,LV,QB,LV@NE,first_td,0.03844122427417481,2501.0,0.1783289950492523,0.0,B,no game designation yet (Full),team att 29.8; ypa 7.20; opp d_ypa 1.00; pass rate 52.6%,0.98,
Drake Maye,NE,LV,QB,LV@NE,last_td,0.03844122427417481,2501.0,0.1783289950492523,0.0,B,no game designation yet (Full),team att 29.8; ypa 7.20; opp d_ypa 1.00; pass rate 52.6%,0.98,
Drake Maye,NE,LV,QB,LV@NE,2plus_td,0.012963813606900423,7614.0,0.1783289950492523,0.0,B,no game designation yet (Full),team att 29.8; ypa 7.20; opp d_ypa 1.00; pass rate 52.6%,0.98,
Efton Chism III,NE,LV,WR,LV@NE,anytime_td,0.0926,980.0,0.0,0.09685,C,-,w_td 0.05; team TD 2.71,1.0,
Efton Chism III,NE,LV,WR,LV@NE,first_td,0.020210175518925518,4848.0,0.0,0.09685,C,-,w_td 0.05; team TD 2.71,1.0,
Efton Chism III,NE,LV,WR,LV@NE,last_td,0.020210175518925518,4848.0,0.0,0.09685,C,-,w_td 0.05; team TD 2.71,1.0,
Efton Chism III,NE,LV,WR,LV@NE,2plus_td,0.0041,24290.0,0.0,0.09685,C,-,w_td 0.05; team TD 2.71,1.0,
Romeo Doubs,NE,LV,WR,LV@NE,anytime_td,0.3408,193.0,0.0,0.40885,B,-,tgt_sh 16.8%; team att 29.8; opp DvP 1.04; RZ tgt 4,1.0,
Romeo Doubs,NE,LV,WR,LV@NE,first_td,0.08675847222222223,1053.0,0.0,0.40885,B,-,tgt_sh 16.8%; team att 29.8; opp DvP 1.04; RZ tgt 4,1.0,
Romeo Doubs,NE,LV,WR,LV@NE,last_td,0.08675847222222223,1053.0,0.0,0.40885,B,-,tgt_sh 16.8%; team att 29.8; opp DvP 1.04; RZ tgt 4,1.0,
Romeo Doubs,NE,LV,WR,LV@NE,2plus_td,0.06065,1549.0,0.0,0.40885,B,-,tgt_sh 16.8%; team att 29.8; opp DvP 1.04; RZ tgt 4,1.0,
DeMario Douglas,NE,LV,WR,LV@NE,anytime_td,0.2126,370.0,0.0,0.2357,C,-,tgt_sh 10.6%; team att 29.8; opp DvP 1.04; RZ tgt 2,1.0,
DeMario Douglas,NE,LV,WR,LV@NE,first_td,0.04968012806637806,1913.0,0.0,0.2357,C,-,tgt_sh 10.6%; team att 29.8; opp DvP 1.04; RZ tgt 2,1.0,
DeMario Douglas,NE,LV,WR,LV@NE,last_td,0.04968012806637806,1913.0,0.0,0.2357,C,-,tgt_sh 10.6%; team att 29.8; opp DvP 1.04; RZ tgt 2,1.0,
DeMario Douglas,NE,LV,WR,LV@NE,2plus_td,0.0211,4639.0,0.0,0.2357,C,-,tgt_sh 10.6%; team att 29.8; opp DvP 1.04; RZ tgt 2,1.0,
Reggie Gilliam,NE,LV,RB,LV@NE,anytime_td,0.02021014529184053,4848.0,0.0,0.020360967271630386,C,no game designation yet (Limited),w_td 0.01; team TD 2.71,0.9951309141019752,
Reggie Gilliam,NE,LV,RB,LV@NE,first_td,0.004251919911011962,23419.0,0.0,0.020360967271630386,C,no game designation yet (Limited),w_td 0.01; team TD 2.71,0.9951309141019752,
Reggie Gilliam,NE,LV,RB,LV@NE,last_td,0.004251919911011962,23419.0,0.0,0.020360967271630386,C,no game designation yet (Limited),w_td 0.01; team TD 2.71,0.9951309141019752,
Reggie Gilliam,NE,LV,RB,LV@NE,2plus_td,0.0001508219797898547,662933.0,0.0,0.020360967271630386,C,no game designation yet (Limited),w_td 0.01; team TD 2.71,0.9951309141019752,
TreVeyon Henderson,NE,LV,RB,LV@NE,anytime_td,0.3586,179.0,0.37,0.06335,B,-,tgt_sh 4.2%; team att 29.8; opp DvP 0.98; RZ tgt 0; car_sh 39.1%; team rush 29.3; opp d_ypc 1.13; inside-10 car 1,1.0,
TreVeyon Henderson,NE,LV,RB,LV@NE,first_td,0.09365159146409147,968.0,0.37,0.06335,B,-,tgt_sh 4.2%; team att 29.8; opp DvP 0.98; RZ tgt 0; car_sh 39.1%; team rush 29.3; opp d_ypc 1.13; inside-10 car 1,1.0,
TreVeyon Henderson,NE,LV,RB,LV@NE,last_td,0.09365159146409147,968.0,0.37,0.06335,B,-,tgt_sh 4.2%; team att 29.8; opp DvP 0.98; RZ tgt 0; car_sh 39.1%; team rush 29.3; opp d_ypc 1.13; inside-10 car 1,1.0,
TreVeyon Henderson,NE,LV,RB,LV@NE,2plus_td,0.06665,1400.0,0.37,0.06335,B,-,tgt_sh 4.2%; team att 29.8; opp DvP 0.98; RZ tgt 0; car_sh 39.1%; team rush 29.3; opp d_ypc 1.13; inside-10 car 1,1.0,
Hunter Henry,NE,LV,TE,LV@NE,anytime_td,0.2013,397.0,0.0,0.22305,C,-,tgt_sh 13.8%; team att 29.8; opp DvP 0.80; RZ tgt 1,1.0,
Hunter Henry,NE,LV,TE,LV@NE,first_td,0.047471343795093796,2007.0,0.0,0.22305,C,-,tgt_sh 13.8%; team att 29.8; opp DvP 0.80; RZ tgt 1,1.0,
Hunter Henry,NE,LV,TE,LV@NE,last_td,0.047471343795093796,2007.0,0.0,0.22305,C,-,tgt_sh 13.8%; team att 29.8; opp DvP 0.80; RZ tgt 1,1.0,
Hunter Henry,NE,LV,TE,LV@NE,2plus_td,0.0201,4875.0,0.0,0.22305,C,-,tgt_sh 13.8%; team att 29.8; opp DvP 0.80; RZ tgt 1,1.0,
Mack Hollins,NE,LV,WR,LV@NE,anytime_td,0.3086258401792382,224.0,0.0,0.36196166293253673,B,no game designation yet (DNP),tgt_sh 14.1%; team att 29.8; opp DvP 1.04; RZ tgt 4,0.8055616699684496,
Mack Hollins,NE,LV,WR,LV@NE,first_td,0.0773076534839044,1194.0,0.0,0.36196166293253673,B,no game designation yet (DNP),tgt_sh 14.1%; team att 29.8; opp DvP 1.04; RZ tgt 4,0.8055616699684496,
Mack Hollins,NE,LV,WR,LV@NE,last_td,0.0773076534839044,1194.0,0.0,0.36196166293253673,B,no game designation yet (DNP),tgt_sh 14.1%; team att 29.8; opp DvP 1.04; RZ tgt 4,0.8055616699684496,
Mack Hollins,NE,LV,WR,LV@NE,2plus_td,0.04841921832213095,1965.0,0.0,0.36196166293253673,B,no game designation yet (DNP),tgt_sh 14.1%; team att 29.8; opp DvP 1.04; RZ tgt 4,0.8055616699684496,
Corey Kiner,NE,LV,RB,LV@NE,anytime_td,0.0872,1047.0,0.0794,0.0119,C,-,car_sh 9.7%; team rush 29.3; opp d_ypc 1.13; inside-10 car 0,1.0,
Corey Kiner,NE,LV,RB,LV@NE,first_td,0.01937028499278499,5063.0,0.0794,0.0119,C,-,car_sh 9.7%; team rush 29.3; opp d_ypc 1.13; inside-10 car 0,1.0,
Corey Kiner,NE,LV,RB,LV@NE,last_td,0.01937028499278499,5063.0,0.0794,0.0119,C,-,car_sh 9.7%; team rush 29.3; opp d_ypc 1.13; inside-10 car 0,1.0,
Corey Kiner,NE,LV,RB,LV@NE,2plus_td,0.00405,24591.0,0.0794,0.0119,C,-,car_sh 9.7%; team rush 29.3; opp d_ypc 1.13; inside-10 car 0,1.0,
Lan Larison,NE,LV,RB,LV@NE,anytime_td,0.0497,1912.0,0.0042,0.04685,C,-,w_td 0.03; team TD 2.71,1.0,
Lan Larison,NE,LV,RB,LV@NE,first_td,0.010603494422244423,9331.0,0.0042,0.04685,C,-,w_td 0.03; team TD 2.71,1.0,
Lan Larison,NE,LV,RB,LV@NE,last_td,0.010603494422244423,9331.0,0.0042,0.04685,C,-,w_td 0.03; team TD 2.71,1.0,
Lan Larison,NE,LV,RB,LV@NE,2plus_td,0.00135,73974.0,0.0042,0.04685,C,-,w_td 0.03; team TD 2.71,1.0,
Eli Raridon,NE,LV,TE,LV@NE,anytime_td,0.0986,914.0,0.0,0.1035,C,-,w_td 0.05; team TD 2.71,1.0,
Eli Raridon,NE,LV,TE,LV@NE,first_td,0.02157165764790765,4536.0,0.0,0.1035,C,-,w_td 0.05; team TD 2.71,1.0,
Eli Raridon,NE,LV,TE,LV@NE,last_td,0.02157165764790765,4536.0,0.0,0.1035,C,-,w_td 0.05; team TD 2.71,1.0,
Eli Raridon,NE,LV,TE,LV@NE,2plus_td,0.00485,20519.0,0.0,0.1035,C,-,w_td 0.05; team TD 2.71,1.0,
Rhamondre Stevenson,NE,LV,RB,LV@NE,anytime_td,0.37731295253419145,165.0,0.30686846339501206,0.15682823813354788,B,no game designation yet (Limited),tgt_sh 10.1%; team att 29.8; opp DvP 0.98; RZ tgt 0; car_sh 27.9%; team rush 29.3; opp d_ypc 1.13; inside-10 car 2,0.9951309141019752,
Rhamondre Stevenson,NE,LV,RB,LV@NE,first_td,0.09976107237269748,902.0,0.30686846339501206,0.15682823813354788,B,no game designation yet (Limited),tgt_sh 10.1%; team att 29.8; opp DvP 0.98; RZ tgt 0; car_sh 27.9%; team rush 29.3; opp d_ypc 1.13; inside-10 car 2,0.9951309141019752,
Rhamondre Stevenson,NE,LV,RB,LV@NE,last_td,0.09976107237269748,902.0,0.30686846339501206,0.15682823813354788,B,no game designation yet (Limited),tgt_sh 10.1%; team att 29.8; opp DvP 0.98; RZ tgt 0; car_sh 27.9%; team rush 29.3; opp d_ypc 1.13; inside-10 car 2,0.9951309141019752,
Rhamondre Stevenson,NE,LV,RB,LV@NE,2plus_td,0.07632743362831858,1210.0,0.30686846339501206,0.15682823813354788,B,no game designation yet (Limited),tgt_sh 10.1%; team att 29.8; opp DvP 0.98; RZ tgt 0; car_sh 27.9%; team rush 29.3; opp d_ypc 1.13; inside-10 car 2,0.9951309141019752,
Kyle Williams,NE,LV,WR,LV@NE,anytime_td,0.06695,1394.0,0.0,0.06935,C,-,tgt_sh 4.2%; team att 29.8; opp DvP 1.04; RZ tgt 0,1.0,
Kyle Williams,NE,LV,WR,LV@NE,first_td,0.014759987373737375,6675.0,0.0,0.06935,C,-,tgt_sh 4.2%; team att 29.8; opp DvP 1.04; RZ tgt 0,1.0,
Kyle Williams,NE,LV,WR,LV@NE,last_td,0.014759987373737375,6675.0,0.0,0.06935,C,-,tgt_sh 4.2%; team att 29.8; opp DvP 1.04; RZ tgt 0,1.0,
Kyle Williams,NE,LV,WR,LV@NE,2plus_td,0.00235,42453.0,0.0,0.06935,C,-,tgt_sh 4.2%; team att 29.8; opp DvP 1.04; RZ tgt 0,1.0,
Kyler Murray,MIN,NO,QB,MIN@NO,anytime_td,0.159,529.0,0.1722,0.0,B,-,team att 29.4; ypa 6.91; opp d_ypa 1.02; pass rate 52.7%,1.0,
Kyler Murray,MIN,NO,QB,MIN@NO,first_td,0.037744936174936176,2549.0,0.1722,0.0,B,-,team att 29.4; ypa 6.91; opp d_ypa 1.02; pass rate 52.7%,1.0,
Kyler Murray,MIN,NO,QB,MIN@NO,last_td,0.037744936174936176,2549.0,0.1722,0.0,B,-,team att 29.4; ypa 6.91; opp d_ypa 1.02; pass rate 52.7%,1.0,
Kyler Murray,MIN,NO,QB,MIN@NO,2plus_td,0.01285,7682.0,0.1722,0.0,B,-,team att 29.4; ypa 6.91; opp d_ypa 1.02; pass rate 52.7%,1.0,
Jordan Addison,MIN,NO,WR,MIN@NO,anytime_td,0.18691880421893528,435.0,0.005616925669350309,0.1980902452724209,B,no game designation yet (DNP),tgt_sh 16.8%; team att 29.4; opp DvP 0.98; RZ tgt 1,0.8055616699684496,
Jordan Addison,MIN,NO,WR,MIN@NO,first_td,0.044315003025918585,2157.0,0.005616925669350309,0.1980902452724209,B,no game designation yet (DNP),tgt_sh 16.8%; team att 29.4; opp DvP 0.98; RZ tgt 1,0.8055616699684496,
Jordan Addison,MIN,NO,WR,MIN@NO,last_td,0.044315003025918585,2157.0,0.005616925669350309,0.1980902452724209,B,no game designation yet (DNP),tgt_sh 16.8%; team att 29.4; opp DvP 0.98; RZ tgt 1,0.8055616699684496,
Jordan Addison,MIN,NO,WR,MIN@NO,2plus_td,0.016101853585470886,6110.0,0.005616925669350309,0.1980902452724209,B,no game designation yet (DNP),tgt_sh 16.8%; team att 29.4; opp DvP 0.98; RZ tgt 1,0.8055616699684496,
Demond Claiborne,MIN,NO,RB,MIN@NO,anytime_td,0.0613,1531.0,0.04895,0.0143,C,-,w_td 0.05; team TD 2.04,1.0,
Demond Claiborne,MIN,NO,RB,MIN@NO,first_td,0.014002527056277057,7042.0,0.04895,0.0143,C,-,w_td 0.05; team TD 2.04,1.0,
Demond Claiborne,MIN,NO,RB,MIN@NO,last_td,0.014002527056277057,7042.0,0.04895,0.0143,C,-,w_td 0.05; team TD 2.04,1.0,
Demond Claiborne,MIN,NO,RB,MIN@NO,2plus_td,0.00195,51182.0,0.04895,0.0143,C,-,w_td 0.05; team TD 2.04,1.0,
DeeJay Dallas,MIN,NO,RB,MIN@NO,anytime_td,0.05285,1792.0,0.02625,0.02765,C,-,w_td 0.04; team TD 2.04,1.0,
DeeJay Dallas,MIN,NO,RB,MIN@NO,first_td,0.012017252886002885,8221.0,0.02625,0.02765,C,-,w_td 0.04; team TD 2.04,1.0,
DeeJay Dallas,MIN,NO,RB,MIN@NO,last_td,0.012017252886002885,8221.0,0.02625,0.02765,C,-,w_td 0.04; team TD 2.04,1.0,
DeeJay Dallas,MIN,NO,RB,MIN@NO,2plus_td,0.00105,95138.0,0.02625,0.02765,C,-,w_td 0.04; team TD 2.04,1.0,
Tai Felton,MIN,NO,WR,MIN@NO,anytime_td,0.02155,4540.0,0.0,0.02165,C,-,w_td 0.02; team TD 2.04,1.0,
Tai Felton,MIN,NO,WR,MIN@NO,first_td,0.004774366883116883,20845.0,0.0,0.02165,C,-,w_td 0.02; team TD 2.04,1.0,
Tai Felton,MIN,NO,WR,MIN@NO,last_td,0.004774366883116883,20845.0,0.0,0.02165,C,-,w_td 0.02; team TD 2.04,1.0,
Tai Felton,MIN,NO,WR,MIN@NO,2plus_td,0.0001,999900.0,0.0,0.02165,C,-,w_td 0.02; team TD 2.04,1.0,
T.J. Hockenson,MIN,NO,TE,MIN@NO,anytime_td,0.28285,254.0,0.0,0.32755,B,-,tgt_sh 19.3%; team att 29.4; opp DvP 0.85; RZ tgt 5,1.0,
T.J. Hockenson,MIN,NO,TE,MIN@NO,first_td,0.07164428987678988,1296.0,0.0,0.32755,B,-,tgt_sh 19.3%; team att 29.4; opp DvP 0.85; RZ tgt 5,1.0,
T.J. Hockenson,MIN,NO,TE,MIN@NO,last_td,0.07164428987678988,1296.0,0.0,0.32755,B,-,tgt_sh 19.3%; team att 29.4; opp DvP 0.85; RZ tgt 5,1.0,
T.J. Hockenson,MIN,NO,TE,MIN@NO,2plus_td,0.0401,2394.0,0.0,0.32755,B,-,tgt_sh 19.3%; team att 29.4; opp DvP 0.85; RZ tgt 5,1.0,
Justin Jefferson,MIN,NO,WR,MIN@NO,anytime_td,0.29193228132511234,243.0,0.0,0.34287804368272545,B,no game designation yet (Limited),tgt_sh 24.0%; team att 29.4; opp DvP 0.98; RZ tgt 3,0.9575230478992892,
Justin Jefferson,MIN,NO,WR,MIN@NO,first_td,0.0746190310368908,1240.0,0.0,0.34287804368272545,B,no game designation yet (Limited),tgt_sh 24.0%; team att 29.4; opp DvP 0.98; RZ tgt 3,0.9575230478992892,
Justin Jefferson,MIN,NO,WR,MIN@NO,last_td,0.0746190310368908,1240.0,0.0,0.34287804368272545,B,no game designation yet (Limited),tgt_sh 24.0%; team att 29.4; opp DvP 0.98; RZ tgt 3,0.9575230478992892,
Justin Jefferson,MIN,NO,WR,MIN@NO,2plus_td,0.0459295642177866,2077.0,0.0,0.34287804368272545,B,no game designation yet (Limited),tgt_sh 24.0%; team att 29.4; opp DvP 0.98; RZ tgt 3,0.9575230478992892,
Jauan Jennings,MIN,NO,WR,MIN@NO,anytime_td,0.08615,1061.0,0.0,0.08995,C,-,tgt_sh 8.4%; team att 29.4; opp DvP 0.98; RZ tgt 0,1.0,
Jauan Jennings,MIN,NO,WR,MIN@NO,first_td,0.019765169552669555,4959.0,0.0,0.08995,C,-,tgt_sh 8.4%; team att 29.4; opp DvP 0.98; RZ tgt 0,1.0,
Jauan Jennings,MIN,NO,WR,MIN@NO,last_td,0.019765169552669555,4959.0,0.0,0.08995,C,-,tgt_sh 8.4%; team att 29.4; opp DvP 0.98; RZ tgt 0,1.0,
Jauan Jennings,MIN,NO,WR,MIN@NO,2plus_td,0.00375,26567.0,0.0,0.08995,C,-,tgt_sh 8.4%; team att 29.4; opp DvP 0.98; RZ tgt 0,1.0,
Aaron Jones,MIN,NO,RB,MIN@NO,anytime_td,0.5036412033549295,-101.0,0.5062026015770177,0.17332127969464114,B,no game designation yet (Limited),tgt_sh 11.3%; team att 29.4; opp DvP 0.89; RZ tgt 2; car_sh 46.6%; team rush 29.0; opp d_ypc 1.12; inside-10 car 1,0.9951309141019752,
Aaron Jones,MIN,NO,RB,MIN@NO,first_td,0.1480865740546319,575.0,0.5062026015770177,0.17332127969464114,B,no game designation yet (Limited),tgt_sh 11.3%; team att 29.4; opp DvP 0.89; RZ tgt 2; car_sh 46.6%; team rush 29.0; opp d_ypc 1.12; inside-10 car 1,0.9951309141019752,
Aaron Jones,MIN,NO,RB,MIN@NO,last_td,0.1480865740546319,575.0,0.5062026015770177,0.17332127969464114,B,no game designation yet (Limited),tgt_sh 11.3%; team att 29.4; opp DvP 0.89; RZ tgt 2; car_sh 46.6%; team rush 29.0; opp d_ypc 1.12; inside-10 car 1,0.9951309141019752,
Aaron Jones,MIN,NO,RB,MIN@NO,2plus_td,0.14680327457184472,581.0,0.5062026015770177,0.17332127969464114,B,no game designation yet (Limited),tgt_sh 11.3%; team att 29.4; opp DvP 0.89; RZ tgt 2; car_sh 46.6%; team rush 29.0; opp d_ypc 1.12; inside-10 car 1,0.9951309141019752,
Myles Price,MIN,NO,WR,MIN@NO,anytime_td,0.0337,2867.0,0.00535,0.02875,C,-,w_td 0.02; team TD 2.04,1.0,
Myles Price,MIN,NO,WR,MIN@NO,first_td,0.007285762987012987,13625.0,0.00535,0.02875,C,-,w_td 0.02; team TD 2.04,1.0,
Myles Price,MIN,NO,WR,MIN@NO,last_td,0.007285762987012987,13625.0,0.00535,0.02875,C,-,w_td 0.02; team TD 2.04,1.0,
Myles Price,MIN,NO,WR,MIN@NO,2plus_td,0.0004,249900.0,0.00535,0.02875,C,-,w_td 0.02; team TD 2.04,1.0,
Tyler Shough,NO,MIN,QB,MIN@NO,anytime_td,0.17054895764310107,486.0,0.18578928589632498,0.0,B,no game designation yet (Limited),team att 37.5; ypa 6.70; opp d_ypa 0.97; pass rate 64.1%,0.98,
Tyler Shough,NO,MIN,QB,MIN@NO,first_td,0.041571153048547416,2306.0,0.18578928589632498,0.0,B,no game designation yet (Limited),team att 37.5; ypa 6.70; opp d_ypa 0.97; pass rate 64.1%,0.98,
Tyler Shough,NO,MIN,QB,MIN@NO,last_td,0.041571153048547416,2306.0,0.18578928589632498,0.0,B,no game designation yet (Limited),team att 37.5; ypa 6.70; opp d_ypa 0.97; pass rate 64.1%,0.98,
Tyler Shough,NO,MIN,QB,MIN@NO,2plus_td,0.014017024313165809,7034.0,0.18578928589632498,0.0,B,no game designation yet (Limited),team att 37.5; ypa 6.70; opp d_ypa 0.97; pass rate 64.1%,0.98,
Kevin Austin Jr.,NO,MIN,WR,MIN@NO,anytime_td,0.0477,1996.0,0.0,0.0485,C,-,tgt_sh 3.9%; team att 37.5; opp DvP 0.96; RZ tgt 0,1.0,
Kevin Austin Jr.,NO,MIN,WR,MIN@NO,first_td,0.010830155122655121,9133.0,0.0,0.0485,C,-,tgt_sh 3.9%; team att 37.5; opp DvP 0.96; RZ tgt 0,1.0,
Kevin Austin Jr.,NO,MIN,WR,MIN@NO,last_td,0.010830155122655121,9133.0,0.0,0.0485,C,-,tgt_sh 3.9%; team att 37.5; opp DvP 0.96; RZ tgt 0,1.0,
Kevin Austin Jr.,NO,MIN,WR,MIN@NO,2plus_td,0.0008,124900.0,0.0,0.0485,C,-,tgt_sh 3.9%; team att 37.5; opp DvP 0.96; RZ tgt 0,1.0,
Barion Brown,NO,MIN,WR,MIN@NO,anytime_td,0.024151882975412386,4040.0,0.015997510115157175,0.008341114223467165,C,no game designation yet (DNP),w_td 0.01; team TD 2.27,0.8055616699684496,
Barion Brown,NO,MIN,WR,MIN@NO,first_td,0.005476318473517353,18160.0,0.015997510115157175,0.008341114223467165,C,no game designation yet (DNP),w_td 0.01; team TD 2.27,0.8055616699684496,
Barion Brown,NO,MIN,WR,MIN@NO,last_td,0.005476318473517353,18160.0,0.015997510115157175,0.008341114223467165,C,no game designation yet (DNP),w_td 0.01; team TD 2.27,0.8055616699684496,
Barion Brown,NO,MIN,WR,MIN@NO,2plus_td,0.00018674136321195143,535400.0,0.015997510115157175,0.008341114223467165,C,no game designation yet (DNP),w_td 0.01; team TD 2.27,0.8055616699684496,
Oscar Delp,NO,MIN,TE,MIN@NO,anytime_td,0.017,5782.0,0.0,0.01705,C,-,w_td 0.01; team TD 2.27,1.0,
Oscar Delp,NO,MIN,TE,MIN@NO,first_td,0.0034890873015873012,28561.0,0.0,0.01705,C,-,w_td 0.01; team TD 2.27,1.0,
Oscar Delp,NO,MIN,TE,MIN@NO,last_td,0.0034890873015873012,28561.0,0.0,0.01705,C,-,w_td 0.01; team TD 2.27,1.0,
Oscar Delp,NO,MIN,TE,MIN@NO,2plus_td,5e-05,999900.0,0.0,0.01705,C,-,w_td 0.01; team TD 2.27,1.0,
CJ Donaldson,NO,MIN,RB,MIN@NO,anytime_td,0.1103,807.0,0.08935,0.0264,C,-,w_td 0.08; team TD 2.27,1.0,
CJ Donaldson,NO,MIN,RB,MIN@NO,first_td,0.025453033910533905,3829.0,0.08935,0.0264,C,-,w_td 0.08; team TD 2.27,1.0,
CJ Donaldson,NO,MIN,RB,MIN@NO,last_td,0.025453033910533905,3829.0,0.08935,0.0264,C,-,w_td 0.08; team TD 2.27,1.0,
CJ Donaldson,NO,MIN,RB,MIN@NO,2plus_td,0.00535,18592.0,0.08935,0.0264,C,-,w_td 0.08; team TD 2.27,1.0,
Noah Fant,NO,MIN,TE,MIN@NO,anytime_td,0.1461149089391014,584.0,0.0,0.15702134321348432,C,no game designation yet (Limited),tgt_sh 7.0%; team att 37.5; opp DvP 1.13; RZ tgt 3,0.9575230478992892,
Noah Fant,NO,MIN,TE,MIN@NO,first_td,0.03492260086739031,2763.0,0.0,0.15702134321348432,C,no game designation yet (Limited),tgt_sh 7.0%; team att 37.5; opp DvP 1.13; RZ tgt 3,0.9575230478992892,
Noah Fant,NO,MIN,TE,MIN@NO,last_td,0.03492260086739031,2763.0,0.0,0.15702134321348432,C,no game designation yet (Limited),tgt_sh 7.0%; team att 37.5; opp DvP 1.13; RZ tgt 3,0.9575230478992892,
Noah Fant,NO,MIN,TE,MIN@NO,2plus_td,0.010384595313886134,9530.0,0.0,0.15702134321348432,C,no game designation yet (Limited),tgt_sh 7.0%; team att 37.5; opp DvP 1.13; RZ tgt 3,0.9575230478992892,
Juwan Johnson,NO,MIN,TE,MIN@NO,anytime_td,0.32625,207.0,0.0,0.3876,B,-,tgt_sh 16.8%; team att 37.5; opp DvP 1.13; RZ tgt 7,1.0,
Juwan Johnson,NO,MIN,TE,MIN@NO,first_td,0.08498637903762904,1077.0,0.0,0.3876,B,-,tgt_sh 16.8%; team att 37.5; opp DvP 1.13; RZ tgt 7,1.0,
Juwan Johnson,NO,MIN,TE,MIN@NO,last_td,0.08498637903762904,1077.0,0.0,0.3876,B,-,tgt_sh 16.8%; team att 37.5; opp DvP 1.13; RZ tgt 7,1.0,
Juwan Johnson,NO,MIN,TE,MIN@NO,2plus_td,0.05595,1687.0,0.0,0.3876,B,-,tgt_sh 16.8%; team att 37.5; opp DvP 1.13; RZ tgt 7,1.0,
Alvin Kamara,NO,MIN,RB,MIN@NO,anytime_td,0.3833852369329181,161.0,0.29854389361164885,0.17607945459136437,B,no game designation yet (DNP),tgt_sh 10.7%; team att 37.5; opp DvP 1.20; RZ tgt 1; car_sh 26.2%; team rush 23.0; opp d_ypc 1.00; inside-10 car 2,0.5949864089398973,
Alvin Kamara,NO,MIN,RB,MIN@NO,first_td,0.10328721582824774,868.0,0.29854389361164885,0.17607945459136437,B,no game designation yet (DNP),tgt_sh 10.7%; team att 37.5; opp DvP 1.20; RZ tgt 1; car_sh 26.2%; team rush 23.0; opp d_ypc 1.00; inside-10 car 2,0.5949864089398973,
Alvin Kamara,NO,MIN,RB,MIN@NO,last_td,0.10328721582824774,868.0,0.29854389361164885,0.17607945459136437,B,no game designation yet (DNP),tgt_sh 10.7%; team att 37.5; opp DvP 1.20; RZ tgt 1; car_sh 26.2%; team rush 23.0; opp d_ypc 1.00; inside-10 car 2,0.5949864089398973,
Alvin Kamara,NO,MIN,RB,MIN@NO,2plus_td,0.07911791936705664,1164.0,0.29854389361164885,0.17607945459136437,B,no game designation yet (DNP),tgt_sh 10.7%; team att 37.5; opp DvP 1.20; RZ tgt 1; car_sh 26.2%; team rush 23.0; opp d_ypc 1.00; inside-10 car 2,0.5949864089398973,
Bryce Lance,NO,MIN,WR,MIN@NO,anytime_td,0.07965,1155.0,0.0,0.08225,C,-,tgt_sh 5.0%; team att 37.5; opp DvP 0.96; RZ tgt 1,1.0,
Bryce Lance,NO,MIN,WR,MIN@NO,first_td,0.01810903194028194,5422.0,0.0,0.08225,C,-,tgt_sh 5.0%; team att 37.5; opp DvP 0.96; RZ tgt 1,1.0,
Bryce Lance,NO,MIN,WR,MIN@NO,last_td,0.01810903194028194,5422.0,0.0,0.08225,C,-,tgt_sh 5.0%; team att 37.5; opp DvP 0.96; RZ tgt 1,1.0,
Bryce Lance,NO,MIN,WR,MIN@NO,2plus_td,0.0026,38362.0,0.0,0.08225,C,-,tgt_sh 5.0%; team att 37.5; opp DvP 0.96; RZ tgt 1,1.0,
Kendre Miller,NO,MIN,RB,MIN@NO,anytime_td,0.295,239.0,0.2786,0.06725,B,-,tgt_sh 3.1%; team att 37.5; opp DvP 1.20; RZ tgt 1; car_sh 18.2%; team rush 23.0; opp d_ypc 1.00; inside-10 car 2,1.0,
Kendre Miller,NO,MIN,RB,MIN@NO,first_td,0.076525038988789,1207.0,0.2786,0.06725,B,-,tgt_sh 3.1%; team att 37.5; opp DvP 1.20; RZ tgt 1; car_sh 18.2%; team rush 23.0; opp d_ypc 1.00; inside-10 car 2,1.0,
Kendre Miller,NO,MIN,RB,MIN@NO,last_td,0.076525038988789,1207.0,0.2786,0.06725,B,-,tgt_sh 3.1%; team att 37.5; opp DvP 1.20; RZ tgt 1; car_sh 18.2%; team rush 23.0; opp d_ypc 1.00; inside-10 car 2,1.0,
Kendre Miller,NO,MIN,RB,MIN@NO,2plus_td,0.04545,2100.0,0.2786,0.06725,B,-,tgt_sh 3.1%; team att 37.5; opp DvP 1.20; RZ tgt 1; car_sh 18.2%; team rush 23.0; opp d_ypc 1.00; inside-10 car 2,1.0,
Chris Olave,NO,MIN,WR,MIN@NO,anytime_td,0.33374636020073106,200.0,0.0,0.40090452883960104,B,no game designation yet (DNP),tgt_sh 25.9%; team att 37.5; opp DvP 0.96; RZ tgt 5,0.8055616699684496,
Chris Olave,NO,MIN,WR,MIN@NO,first_td,0.08672418987300345,1053.0,0.0,0.40090452883960104,B,no game designation yet (DNP),tgt_sh 25.9%; team att 37.5; opp DvP 0.96; RZ tgt 5,0.8055616699684496,
Chris Olave,NO,MIN,WR,MIN@NO,last_td,0.08672418987300345,1053.0,0.0,0.40090452883960104,B,no game designation yet (DNP),tgt_sh 25.9%; team att 37.5; opp DvP 0.96; RZ tgt 5,0.8055616699684496,
Chris Olave,NO,MIN,WR,MIN@NO,2plus_td,0.05978563905582058,1573.0,0.0,0.40090452883960104,B,no game designation yet (DNP),tgt_sh 25.9%; team att 37.5; opp DvP 0.96; RZ tgt 5,0.8055616699684496,
Devaughn Vele,NO,MIN,WR,MIN@NO,anytime_td,0.24915,301.0,0.0,0.28355,B,-,tgt_sh 13.4%; team att 37.5; opp DvP 0.96; RZ tgt 6,1.0,
Devaughn Vele,NO,MIN,WR,MIN@NO,first_td,0.061818371767121766,1518.0,0.0,0.28355,B,-,tgt_sh 13.4%; team att 37.5; opp DvP 0.96; RZ tgt 6,1.0,
Devaughn Vele,NO,MIN,WR,MIN@NO,last_td,0.061818371767121766,1518.0,0.0,0.28355,B,-,tgt_sh 13.4%; team att 37.5; opp DvP 0.96; RZ tgt 6,1.0,
Devaughn Vele,NO,MIN,WR,MIN@NO,2plus_td,0.03135,3090.0,0.0,0.28355,B,-,tgt_sh 13.4%; team att 37.5; opp DvP 0.96; RZ tgt 6,1.0,
Deshaun Watson,CLE,NYJ,QB,CLE@NYJ,anytime_td,0.1316,660.0,0.1399,0.0,B,-,team att 31.4; ypa 6.95; opp d_ypa 0.95; pass rate 56.1%,1.0,
Deshaun Watson,CLE,NYJ,QB,CLE@NYJ,first_td,0.032025768398268394,3022.0,0.1399,0.0,B,-,team att 31.4; ypa 6.95; opp d_ypa 0.95; pass rate 56.1%,1.0,
Deshaun Watson,CLE,NYJ,QB,CLE@NYJ,last_td,0.032025768398268394,3022.0,0.1399,0.0,B,-,team att 31.4; ypa 6.95; opp d_ypa 0.95; pass rate 56.1%,1.0,
Deshaun Watson,CLE,NYJ,QB,CLE@NYJ,2plus_td,0.008,12400.0,0.1399,0.0,B,-,team att 31.4; ypa 6.95; opp d_ypa 0.95; pass rate 56.1%,1.0,
Isaiah Bond,CLE,NYJ,WR,CLE@NYJ,anytime_td,0.03895,2467.0,0.0,0.03985,C,-,tgt_sh 4.1%; team att 31.4; opp DvP 1.05; RZ tgt 0,1.0,
Isaiah Bond,CLE,NYJ,WR,CLE@NYJ,first_td,0.008687308802308802,11411.0,0.0,0.03985,C,-,tgt_sh 4.1%; team att 31.4; opp DvP 1.05; RZ tgt 0,1.0,
Isaiah Bond,CLE,NYJ,WR,CLE@NYJ,last_td,0.008687308802308802,11411.0,0.0,0.03985,C,-,tgt_sh 4.1%; team att 31.4; opp DvP 1.05; RZ tgt 0,1.0,
Isaiah Bond,CLE,NYJ,WR,CLE@NYJ,2plus_td,0.0009,111011.0,0.0,0.03985,C,-,tgt_sh 4.1%; team att 31.4; opp DvP 1.05; RZ tgt 0,1.0,
Denzel Boston,CLE,NYJ,WR,CLE@NYJ,anytime_td,0.2071,383.0,0.0,0.2301,B,-,tgt_sh 14.5%; team att 31.4; opp DvP 1.05; RZ tgt 3,1.0,
Denzel Boston,CLE,NYJ,WR,CLE@NYJ,first_td,0.05195439033189033,1825.0,0.0,0.2301,B,-,tgt_sh 14.5%; team att 31.4; opp DvP 1.05; RZ tgt 3,1.0,
Denzel Boston,CLE,NYJ,WR,CLE@NYJ,last_td,0.05195439033189033,1825.0,0.0,0.2301,B,-,tgt_sh 14.5%; team att 31.4; opp DvP 1.05; RZ tgt 3,1.0,
Denzel Boston,CLE,NYJ,WR,CLE@NYJ,2plus_td,0.0214,4573.0,0.0,0.2301,B,-,tgt_sh 14.5%; team att 31.4; opp DvP 1.05; RZ tgt 3,1.0,
Michael Burton,CLE,NYJ,RB,CLE@NYJ,anytime_td,0.0162,6073.0,0.00535,0.0112,C,-,w_td 0.01; team TD 1.99,1.0,
Michael Burton,CLE,NYJ,RB,CLE@NYJ,first_td,0.003685164141414141,27036.0,0.00535,0.0112,C,-,w_td 0.01; team TD 1.99,1.0,
Michael Burton,CLE,NYJ,RB,CLE@NYJ,last_td,0.003685164141414141,27036.0,0.00535,0.0112,C,-,w_td 0.01; team TD 1.99,1.0,
Michael Burton,CLE,NYJ,RB,CLE@NYJ,2plus_td,0.00035,285614.0,0.00535,0.0112,C,-,w_td 0.01; team TD 1.99,1.0,
KC Concepcion,CLE,NYJ,WR,CLE@NYJ,anytime_td,0.26505,277.0,0.01215,0.2883,B,-,tgt_sh 20.8%; team att 31.4; opp DvP 1.05; RZ tgt 3,1.0,
KC Concepcion,CLE,NYJ,WR,CLE@NYJ,first_td,0.06720736346986347,1388.0,0.01215,0.2883,B,-,tgt_sh 20.8%; team att 31.4; opp DvP 1.05; RZ tgt 3,1.0,
KC Concepcion,CLE,NYJ,WR,CLE@NYJ,last_td,0.06720736346986347,1388.0,0.01215,0.2883,B,-,tgt_sh 20.8%; team att 31.4; opp DvP 1.05; RZ tgt 3,1.0,
KC Concepcion,CLE,NYJ,WR,CLE@NYJ,2plus_td,0.03305,2926.0,0.01215,0.2883,B,-,tgt_sh 20.8%; team att 31.4; opp DvP 1.05; RZ tgt 3,1.0,
Malachi Corley,CLE,NYJ,WR,CLE@NYJ,anytime_td,0.01815,5410.0,0.0,0.01815,C,-,w_td 0.02; team TD 1.99,1.0,
Malachi Corley,CLE,NYJ,WR,CLE@NYJ,first_td,0.004154592352092351,23970.0,0.0,0.01815,C,-,w_td 0.02; team TD 1.99,1.0,
Malachi Corley,CLE,NYJ,WR,CLE@NYJ,last_td,0.004154592352092351,23970.0,0.0,0.01815,C,-,w_td 0.02; team TD 1.99,1.0,
Malachi Corley,CLE,NYJ,WR,CLE@NYJ,2plus_td,0.0,,0.0,0.01815,C,-,w_td 0.02; team TD 1.99,1.0,
Harold Fannin Jr.,CLE,NYJ,TE,CLE@NYJ,anytime_td,0.2478,304.0,0.0,0.2811,B,-,tgt_sh 18.9%; team att 31.4; opp DvP 1.08; RZ tgt 3,1.0,
Harold Fannin Jr.,CLE,NYJ,TE,CLE@NYJ,first_td,0.06224892968142967,1506.0,0.0,0.2811,B,-,tgt_sh 18.9%; team att 31.4; opp DvP 1.08; RZ tgt 3,1.0,
Harold Fannin Jr.,CLE,NYJ,TE,CLE@NYJ,last_td,0.06224892968142967,1506.0,0.0,0.2811,B,-,tgt_sh 18.9%; team att 31.4; opp DvP 1.08; RZ tgt 3,1.0,
Harold Fannin Jr.,CLE,NYJ,TE,CLE@NYJ,2plus_td,0.0309,3136.0,0.0,0.2811,B,-,tgt_sh 18.9%; team att 31.4; opp DvP 1.08; RZ tgt 3,1.0,
Jerry Jeudy,CLE,NYJ,WR,CLE@NYJ,anytime_td,0.105,852.0,0.0,0.10975,C,-,tgt_sh 11.0%; team att 31.4; opp DvP 1.05; RZ tgt 0,1.0,
Jerry Jeudy,CLE,NYJ,WR,CLE@NYJ,first_td,0.024635113636363632,3959.0,0.0,0.10975,C,-,tgt_sh 11.0%; team att 31.4; opp DvP 1.05; RZ tgt 0,1.0,
Jerry Jeudy,CLE,NYJ,WR,CLE@NYJ,last_td,0.024635113636363632,3959.0,0.0,0.10975,C,-,tgt_sh 11.0%; team att 31.4; opp DvP 1.05; RZ tgt 0,1.0,
Jerry Jeudy,CLE,NYJ,WR,CLE@NYJ,2plus_td,0.0046,21639.0,0.0,0.10975,C,-,tgt_sh 11.0%; team att 31.4; opp DvP 1.05; RZ tgt 0,1.0,
Quinshon Judkins,CLE,NYJ,RB,CLE@NYJ,anytime_td,0.4337,131.0,0.38735,0.1685,B,-,tgt_sh 9.9%; team att 31.4; opp DvP 0.91; RZ tgt 3; car_sh 51.3%; team rush 26.7; opp d_ypc 1.01; inside-10 car 4,1.0,
Quinshon Judkins,CLE,NYJ,RB,CLE@NYJ,first_td,0.12675489954489955,689.0,0.38735,0.1685,B,-,tgt_sh 9.9%; team att 31.4; opp DvP 0.91; RZ tgt 3; car_sh 51.3%; team rush 26.7; opp d_ypc 1.01; inside-10 car 4,1.0,
Quinshon Judkins,CLE,NYJ,RB,CLE@NYJ,last_td,0.12675489954489955,689.0,0.38735,0.1685,B,-,tgt_sh 9.9%; team att 31.4; opp DvP 0.91; RZ tgt 3; car_sh 51.3%; team rush 26.7; opp d_ypc 1.01; inside-10 car 4,1.0,
Quinshon Judkins,CLE,NYJ,RB,CLE@NYJ,2plus_td,0.105,852.0,0.38735,0.1685,B,-,tgt_sh 9.9%; team att 31.4; opp DvP 0.91; RZ tgt 3; car_sh 51.3%; team rush 26.7; opp d_ypc 1.01; inside-10 car 4,1.0,
Jaleel McLaughlin,CLE,NYJ,RB,CLE@NYJ,anytime_td,0.05075,1870.0,0.0388,0.01355,C,-,w_td 0.06; team TD 1.99,1.0,
Jaleel McLaughlin,CLE,NYJ,RB,CLE@NYJ,first_td,0.012119451659451658,8151.0,0.0388,0.01355,C,-,w_td 0.06; team TD 1.99,1.0,
Jaleel McLaughlin,CLE,NYJ,RB,CLE@NYJ,last_td,0.012119451659451658,8151.0,0.0388,0.01355,C,-,w_td 0.06; team TD 1.99,1.0,
Jaleel McLaughlin,CLE,NYJ,RB,CLE@NYJ,2plus_td,0.00155,64416.0,0.0388,0.01355,C,-,w_td 0.06; team TD 1.99,1.0,
Raheim Sanders,CLE,NYJ,RB,CLE@NYJ,anytime_td,0.1266,690.0,0.0565,0.078,C,-,tgt_sh 8.0%; team att 31.4; opp DvP 0.91; RZ tgt 0; car_sh 9.5%; team rush 26.7; opp d_ypc 1.01; inside-10 car 0,1.0,
Raheim Sanders,CLE,NYJ,RB,CLE@NYJ,first_td,0.030639184704184703,3164.0,0.0565,0.078,C,-,tgt_sh 8.0%; team att 31.4; opp DvP 0.91; RZ tgt 0; car_sh 9.5%; team rush 26.7; opp d_ypc 1.01; inside-10 car 0,1.0,
Raheim Sanders,CLE,NYJ,RB,CLE@NYJ,last_td,0.030639184704184703,3164.0,0.0565,0.078,C,-,tgt_sh 8.0%; team att 31.4; opp DvP 0.91; RZ tgt 0; car_sh 9.5%; team rush 26.7; opp d_ypc 1.01; inside-10 car 0,1.0,
Raheim Sanders,CLE,NYJ,RB,CLE@NYJ,2plus_td,0.0076,13058.0,0.0565,0.078,C,-,tgt_sh 8.0%; team att 31.4; opp DvP 0.91; RZ tgt 0; car_sh 9.5%; team rush 26.7; opp d_ypc 1.01; inside-10 car 0,1.0,
Blake Whiteheart,CLE,NYJ,TE,CLE@NYJ,anytime_td,0.04995,1902.0,0.0,0.0515,C,-,w_td 0.04; team TD 1.99,1.0,
Blake Whiteheart,CLE,NYJ,TE,CLE@NYJ,first_td,0.011558080808080809,8552.0,0.0,0.0515,C,-,w_td 0.04; team TD 1.99,1.0,
Blake Whiteheart,CLE,NYJ,TE,CLE@NYJ,last_td,0.011558080808080809,8552.0,0.0,0.0515,C,-,w_td 0.04; team TD 1.99,1.0,
Blake Whiteheart,CLE,NYJ,TE,CLE@NYJ,2plus_td,0.00155,64416.0,0.0,0.0515,C,-,w_td 0.04; team TD 1.99,1.0,
Geno Smith,NYJ,CLE,QB,CLE@NYJ,anytime_td,0.0756,1223.0,0.07965,0.0,B,-,team att 31.4; ypa 7.37; opp d_ypa 0.99; pass rate 56.4%,1.0,
Geno Smith,NYJ,CLE,QB,CLE@NYJ,first_td,0.018155916305916304,5408.0,0.07965,0.0,B,-,team att 31.4; ypa 7.37; opp d_ypa 0.99; pass rate 56.4%,1.0,
Geno Smith,NYJ,CLE,QB,CLE@NYJ,last_td,0.018155916305916304,5408.0,0.07965,0.0,B,-,team att 31.4; ypa 7.37; opp d_ypa 0.99; pass rate 56.4%,1.0,
Geno Smith,NYJ,CLE,QB,CLE@NYJ,2plus_td,0.0039,25541.0,0.07965,0.0,B,-,team att 31.4; ypa 7.37; opp d_ypa 0.99; pass rate 56.4%,1.0,
Braelon Allen,NYJ,CLE,RB,CLE@NYJ,anytime_td,0.389,157.0,0.2958,0.19295,B,-,tgt_sh 4.6%; team att 31.4; opp DvP 1.10; RZ tgt 3; car_sh 31.1%; team rush 26.6; opp d_ypc 1.05; inside-10 car 1,1.0,
Braelon Allen,NYJ,CLE,RB,CLE@NYJ,first_td,0.11174882326007325,795.0,0.2958,0.19295,B,-,tgt_sh 4.6%; team att 31.4; opp DvP 1.10; RZ tgt 3; car_sh 31.1%; team rush 26.6; opp d_ypc 1.05; inside-10 car 1,1.0,
Braelon Allen,NYJ,CLE,RB,CLE@NYJ,last_td,0.11174882326007325,795.0,0.2958,0.19295,B,-,tgt_sh 4.6%; team att 31.4; opp DvP 1.10; RZ tgt 3; car_sh 31.1%; team rush 26.6; opp d_ypc 1.05; inside-10 car 1,1.0,
Braelon Allen,NYJ,CLE,RB,CLE@NYJ,2plus_td,0.08585,1065.0,0.2958,0.19295,B,-,tgt_sh 4.6%; team att 31.4; opp DvP 1.10; RZ tgt 3; car_sh 31.1%; team rush 26.6; opp d_ypc 1.05; inside-10 car 1,1.0,
Andrew Beck,NYJ,CLE,RB,CLE@NYJ,anytime_td,0.01845,5320.0,0.0104,0.00825,C,-,w_td 0.01; team TD 2.17,1.0,
Andrew Beck,NYJ,CLE,RB,CLE@NYJ,first_td,0.004090952380952381,24344.0,0.0104,0.00825,C,-,w_td 0.01; team TD 2.17,1.0,
Andrew Beck,NYJ,CLE,RB,CLE@NYJ,last_td,0.004090952380952381,24344.0,0.0104,0.00825,C,-,w_td 0.01; team TD 2.17,1.0,
Andrew Beck,NYJ,CLE,RB,CLE@NYJ,2plus_td,0.0002,499900.0,0.0104,0.00825,C,-,w_td 0.01; team TD 2.17,1.0,
Isaiah Davis,NYJ,CLE,RB,CLE@NYJ,anytime_td,0.03335,2899.0,0.01255,0.02145,C,-,w_td 0.03; team TD 2.17,1.0,
Isaiah Davis,NYJ,CLE,RB,CLE@NYJ,first_td,0.007576569264069264,13099.0,0.01255,0.02145,C,-,w_td 0.03; team TD 2.17,1.0,
Isaiah Davis,NYJ,CLE,RB,CLE@NYJ,last_td,0.007576569264069264,13099.0,0.01255,0.02145,C,-,w_td 0.03; team TD 2.17,1.0,
Isaiah Davis,NYJ,CLE,RB,CLE@NYJ,2plus_td,0.00065,153746.0,0.01255,0.02145,C,-,w_td 0.03; team TD 2.17,1.0,
Breece Hall,NYJ,CLE,RB,CLE@NYJ,anytime_td,0.3869350931417593,158.0,0.37390360036755493,0.10099406900008354,B,no game designation yet (DNP),tgt_sh 7.9%; team att 31.4; opp DvP 1.10; RZ tgt 0; car_sh 51.0%; team rush 26.6; opp d_ypc 1.05; inside-10 car 4,0.5949864089398973,
Breece Hall,NYJ,CLE,RB,CLE@NYJ,first_td,0.1077995517787515,828.0,0.37390360036755493,0.10099406900008354,B,no game designation yet (DNP),tgt_sh 7.9%; team att 31.4; opp DvP 1.10; RZ tgt 0; car_sh 51.0%; team rush 26.6; opp d_ypc 1.05; inside-10 car 4,0.5949864089398973,
Breece Hall,NYJ,CLE,RB,CLE@NYJ,last_td,0.1077995517787515,828.0,0.37390360036755493,0.10099406900008354,B,no game designation yet (DNP),tgt_sh 7.9%; team att 31.4; opp DvP 1.10; RZ tgt 0; car_sh 51.0%; team rush 26.6; opp d_ypc 1.05; inside-10 car 4,0.5949864089398973,
Breece Hall,NYJ,CLE,RB,CLE@NYJ,2plus_td,0.07727006933422438,1194.0,0.37390360036755493,0.10099406900008354,B,no game designation yet (DNP),tgt_sh 7.9%; team att 31.4; opp DvP 1.10; RZ tgt 0; car_sh 51.0%; team rush 26.6; opp d_ypc 1.05; inside-10 car 4,0.5949864089398973,
Adonai Mitchell,NYJ,CLE,WR,CLE@NYJ,anytime_td,0.19763092269326682,406.0,0.0,0.2172069825436409,C,no game designation yet (DNP),tgt_sh 14.0%; team att 31.4; opp DvP 0.95; RZ tgt 1,0.8055616699684496,
Adonai Mitchell,NYJ,CLE,WR,CLE@NYJ,first_td,0.0489483684090916,1943.0,0.0,0.2172069825436409,C,no game designation yet (DNP),tgt_sh 14.0%; team att 31.4; opp DvP 0.95; RZ tgt 1,0.8055616699684496,
Adonai Mitchell,NYJ,CLE,WR,CLE@NYJ,last_td,0.0489483684090916,1943.0,0.0,0.2172069825436409,C,no game designation yet (DNP),tgt_sh 14.0%; team att 31.4; opp DvP 0.95; RZ tgt 1,0.8055616699684496,
Adonai Mitchell,NYJ,CLE,WR,CLE@NYJ,2plus_td,0.0185785536159601,5283.0,0.0,0.2172069825436409,C,no game designation yet (DNP),tgt_sh 14.0%; team att 31.4; opp DvP 0.95; RZ tgt 1,0.8055616699684496,
Jeremy Ruckert,NYJ,CLE,TE,CLE@NYJ,anytime_td,0.11845,744.0,0.0,0.126,C,-,tgt_sh 4.2%; team att 31.4; opp DvP 0.90; RZ tgt 2,1.0,
Jeremy Ruckert,NYJ,CLE,TE,CLE@NYJ,first_td,0.028727525807525807,3381.0,0.0,0.126,C,-,tgt_sh 4.2%; team att 31.4; opp DvP 0.90; RZ tgt 2,1.0,
Jeremy Ruckert,NYJ,CLE,TE,CLE@NYJ,last_td,0.028727525807525807,3381.0,0.0,0.126,C,-,tgt_sh 4.2%; team att 31.4; opp DvP 0.90; RZ tgt 2,1.0,
Jeremy Ruckert,NYJ,CLE,TE,CLE@NYJ,2plus_td,0.00725,13693.0,0.0,0.126,C,-,tgt_sh 4.2%; team att 31.4; opp DvP 0.90; RZ tgt 2,1.0,
Kenyon Sadiq,NYJ,CLE,TE,CLE@NYJ,anytime_td,0.19505,413.0,0.0318,0.1843,B,-,tgt_sh 14.4%; team att 31.4; opp DvP 0.90; RZ tgt 0,1.0,
Kenyon Sadiq,NYJ,CLE,TE,CLE@NYJ,first_td,0.04883222818847819,1948.0,0.0318,0.1843,B,-,tgt_sh 14.4%; team att 31.4; opp DvP 0.90; RZ tgt 0,1.0,
Kenyon Sadiq,NYJ,CLE,TE,CLE@NYJ,last_td,0.04883222818847819,1948.0,0.0318,0.1843,B,-,tgt_sh 14.4%; team att 31.4; opp DvP 0.90; RZ tgt 0,1.0,
Kenyon Sadiq,NYJ,CLE,TE,CLE@NYJ,2plus_td,0.0198,4951.0,0.0318,0.1843,B,-,tgt_sh 14.4%; team att 31.4; opp DvP 0.90; RZ tgt 0,1.0,
Sterling Shepard,NYJ,CLE,WR,CLE@NYJ,anytime_td,0.1037,864.0,0.0,0.10805,C,-,tgt_sh 5.2%; team att 31.4; opp DvP 0.95; RZ tgt 1,1.0,
Sterling Shepard,NYJ,CLE,WR,CLE@NYJ,first_td,0.02449551406926407,3982.0,0.0,0.10805,C,-,tgt_sh 5.2%; team att 31.4; opp DvP 0.95; RZ tgt 1,1.0,
Sterling Shepard,NYJ,CLE,WR,CLE@NYJ,last_td,0.02449551406926407,3982.0,0.0,0.10805,C,-,tgt_sh 5.2%; team att 31.4; opp DvP 0.95; RZ tgt 1,1.0,
Sterling Shepard,NYJ,CLE,WR,CLE@NYJ,2plus_td,0.0042,23710.0,0.0,0.10805,C,-,tgt_sh 5.2%; team att 31.4; opp DvP 0.95; RZ tgt 1,1.0,
Mason Taylor,NYJ,CLE,TE,CLE@NYJ,anytime_td,0.08982067510548523,1013.0,0.0,0.09298523206751055,C,no game designation yet (Full),tgt_sh 7.7%; team att 31.4; opp DvP 0.90; RZ tgt 0,0.9479829842591244,
Mason Taylor,NYJ,CLE,TE,CLE@NYJ,first_td,0.021220862178140662,4612.0,0.0,0.09298523206751055,C,no game designation yet (Full),tgt_sh 7.7%; team att 31.4; opp DvP 0.90; RZ tgt 0,0.9479829842591244,
Mason Taylor,NYJ,CLE,TE,CLE@NYJ,last_td,0.021220862178140662,4612.0,0.0,0.09298523206751055,C,no game designation yet (Full),tgt_sh 7.7%; team att 31.4; opp DvP 0.90; RZ tgt 0,0.9479829842591244,
Mason Taylor,NYJ,CLE,TE,CLE@NYJ,2plus_td,0.003111814345991561,32036.0,0.0,0.09298523206751055,C,no game designation yet (Full),tgt_sh 7.7%; team att 31.4; opp DvP 0.90; RZ tgt 0,0.9479829842591244,
Isaiah Williams,NYJ,CLE,WR,CLE@NYJ,anytime_td,0.15395,550.0,0.0055,0.1593,C,-,tgt_sh 9.2%; team att 31.4; opp DvP 0.95; RZ tgt 1,1.0,
Isaiah Williams,NYJ,CLE,WR,CLE@NYJ,first_td,0.03802332972582973,2530.0,0.0055,0.1593,C,-,tgt_sh 9.2%; team att 31.4; opp DvP 0.95; RZ tgt 1,1.0,
Isaiah Williams,NYJ,CLE,WR,CLE@NYJ,last_td,0.03802332972582973,2530.0,0.0055,0.1593,C,-,tgt_sh 9.2%; team att 31.4; opp DvP 0.95; RZ tgt 1,1.0,
Isaiah Williams,NYJ,CLE,WR,CLE@NYJ,2plus_td,0.01035,9562.0,0.0055,0.1593,C,-,tgt_sh 9.2%; team att 31.4; opp DvP 0.95; RZ tgt 1,1.0,
Garrett Wilson,NYJ,CLE,WR,CLE@NYJ,anytime_td,0.2933,241.0,0.0,0.3407,B,-,tgt_sh 23.6%; team att 31.4; opp DvP 0.95; RZ tgt 1,1.0,
Garrett Wilson,NYJ,CLE,WR,CLE@NYJ,first_td,0.07711311563436564,1197.0,0.0,0.3407,B,-,tgt_sh 23.6%; team att 31.4; opp DvP 0.95; RZ tgt 1,1.0,
Garrett Wilson,NYJ,CLE,WR,CLE@NYJ,last_td,0.07711311563436564,1197.0,0.0,0.3407,B,-,tgt_sh 23.6%; team att 31.4; opp DvP 0.95; RZ tgt 1,1.0,
Garrett Wilson,NYJ,CLE,WR,CLE@NYJ,2plus_td,0.04245,2256.0,0.0,0.3407,B,-,tgt_sh 23.6%; team att 31.4; opp DvP 0.95; RZ tgt 1,1.0,
Jelani Woods,NYJ,CLE,TE,CLE@NYJ,anytime_td,0.01635,6016.0,0.0,0.01635,C,-,w_td 0.01; team TD 2.17,1.0,
Jelani Woods,NYJ,CLE,TE,CLE@NYJ,first_td,0.0034829184704184704,28612.0,0.0,0.01635,C,-,w_td 0.01; team TD 2.17,1.0,
Jelani Woods,NYJ,CLE,TE,CLE@NYJ,last_td,0.0034829184704184704,28612.0,0.0,0.01635,C,-,w_td 0.01; team TD 2.17,1.0,
Jelani Woods,NYJ,CLE,TE,CLE@NYJ,2plus_td,0.0,,0.0,0.01635,C,-,w_td 0.01; team TD 2.17,1.0,
Daniel Jones,IND,PIT,QB,IND@PIT,anytime_td,0.1062,842.0,0.11125,0.0,B,-,team att 31.6; ypa 6.74; opp d_ypa 1.06; pass rate 55.7%,1.0,
Daniel Jones,IND,PIT,QB,IND@PIT,first_td,0.021919846681096682,4462.0,0.11125,0.0,B,-,team att 31.6; ypa 6.74; opp d_ypa 1.06; pass rate 55.7%,1.0,
Daniel Jones,IND,PIT,QB,IND@PIT,last_td,0.021919846681096682,4462.0,0.11125,0.0,B,-,team att 31.6; ypa 6.74; opp d_ypa 1.06; pass rate 55.7%,1.0,
Daniel Jones,IND,PIT,QB,IND@PIT,2plus_td,0.0049,20308.0,0.11125,0.0,B,-,team att 31.6; ypa 6.74; opp d_ypa 1.06; pass rate 55.7%,1.0,
Keenan Allen,IND,PIT,WR,IND@PIT,anytime_td,0.21774950464073417,359.0,0.0,0.24142246323912817,B,no game designation yet (Limited),tgt_sh 17.6%; team att 31.6; opp DvP 1.03; RZ tgt 3,0.9575230478992892,
Keenan Allen,IND,PIT,WR,IND@PIT,first_td,0.04660601837184379,2046.0,0.0,0.24142246323912817,B,no game designation yet (Limited),tgt_sh 17.6%; team att 31.6; opp DvP 1.03; RZ tgt 3,0.9575230478992892,
Keenan Allen,IND,PIT,WR,IND@PIT,last_td,0.04660601837184379,2046.0,0.0,0.24142246323912817,B,no game designation yet (Limited),tgt_sh 17.6%; team att 31.6; opp DvP 1.03; RZ tgt 3,0.9575230478992892,
Keenan Allen,IND,PIT,WR,IND@PIT,2plus_td,0.022317238502450727,4381.0,0.0,0.24142246323912817,B,no game designation yet (Limited),tgt_sh 17.6%; team att 31.6; opp DvP 1.03; RZ tgt 3,0.9575230478992892,
Deion Burks,IND,PIT,WR,IND@PIT,anytime_td,0.02895,3354.0,0.0101,0.01895,C,-,w_td 0.02; team TD 2.33,1.0,
Deion Burks,IND,PIT,WR,IND@PIT,first_td,0.0055066576479076475,18060.0,0.0101,0.01895,C,-,w_td 0.02; team TD 2.33,1.0,
Deion Burks,IND,PIT,WR,IND@PIT,last_td,0.0055066576479076475,18060.0,0.0101,0.01895,C,-,w_td 0.02; team TD 2.33,1.0,
Deion Burks,IND,PIT,WR,IND@PIT,2plus_td,0.0001,999900.0,0.0101,0.01895,C,-,w_td 0.02; team TD 2.33,1.0,
Josh Downs,IND,PIT,WR,IND@PIT,anytime_td,0.24555,307.0,0.0,0.27825,B,-,tgt_sh 18.5%; team att 31.6; opp DvP 1.03; RZ tgt 4,1.0,
Josh Downs,IND,PIT,WR,IND@PIT,first_td,0.05419877580752581,1745.0,0.0,0.27825,B,-,tgt_sh 18.5%; team att 31.6; opp DvP 1.03; RZ tgt 4,1.0,
Josh Downs,IND,PIT,WR,IND@PIT,last_td,0.05419877580752581,1745.0,0.0,0.27825,B,-,tgt_sh 18.5%; team att 31.6; opp DvP 1.03; RZ tgt 4,1.0,
Josh Downs,IND,PIT,WR,IND@PIT,2plus_td,0.0308,3147.0,0.0,0.27825,B,-,tgt_sh 18.5%; team att 31.6; opp DvP 1.03; RZ tgt 4,1.0,
Ashton Dulin,IND,PIT,WR,IND@PIT,anytime_td,0.05582403965303594,1691.0,0.0,0.057496902106567535,C,no game designation yet (DNP),tgt_sh 6.0%; team att 31.6; opp DvP 1.03; RZ tgt 0,0.8055616699684496,
Ashton Dulin,IND,PIT,WR,IND@PIT,first_td,0.011184608968066218,8841.0,0.0,0.057496902106567535,C,no game designation yet (DNP),tgt_sh 6.0%; team att 31.6; opp DvP 1.03; RZ tgt 0,0.8055616699684496,
Ashton Dulin,IND,PIT,WR,IND@PIT,last_td,0.011184608968066218,8841.0,0.0,0.057496902106567535,C,no game designation yet (DNP),tgt_sh 6.0%; team att 31.6; opp DvP 1.03; RZ tgt 0,0.8055616699684496,
Ashton Dulin,IND,PIT,WR,IND@PIT,2plus_td,0.0016728624535315986,59678.0,0.0,0.057496902106567535,C,no game designation yet (DNP),tgt_sh 6.0%; team att 31.6; opp DvP 1.03; RZ tgt 0,0.8055616699684496,
Seth McGowan,IND,PIT,RB,IND@PIT,anytime_td,0.2125,371.0,0.21495,0.02285,B,-,car_sh 16.9%; team rush 27.0; opp d_ypc 1.02; inside-10 car 2,1.0,
Seth McGowan,IND,PIT,RB,IND@PIT,first_td,0.04595565836940837,2076.0,0.21495,0.02285,B,-,car_sh 16.9%; team rush 27.0; opp d_ypc 1.02; inside-10 car 2,1.0,
Seth McGowan,IND,PIT,RB,IND@PIT,last_td,0.04595565836940837,2076.0,0.21495,0.02285,B,-,car_sh 16.9%; team rush 27.0; opp d_ypc 1.02; inside-10 car 2,1.0,
Seth McGowan,IND,PIT,RB,IND@PIT,2plus_td,0.0233,4192.0,0.21495,0.02285,B,-,car_sh 16.9%; team rush 27.0; opp d_ypc 1.02; inside-10 car 2,1.0,
Jonathan Taylor,IND,PIT,RB,IND@PIT,anytime_td,0.6389810069339765,-177.0,0.8315747161089337,0.13219776906843533,B,no game designation yet (Limited),tgt_sh 10.6%; team att 31.6; opp DvP 1.05; RZ tgt 1; car_sh 68.2%; team rush 27.0; opp d_ypc 1.02; inside-10 car 8,0.9951309141019752,
Jonathan Taylor,IND,PIT,RB,IND@PIT,first_td,0.1887246458696564,430.0,0.8315747161089337,0.13219776906843533,B,no game designation yet (Limited),tgt_sh 10.6%; team att 31.6; opp DvP 1.05; RZ tgt 1; car_sh 68.2%; team rush 27.0; opp d_ypc 1.02; inside-10 car 8,0.9951309141019752,
Jonathan Taylor,IND,PIT,RB,IND@PIT,last_td,0.1887246458696564,430.0,0.8315747161089337,0.13219776906843533,B,no game designation yet (Limited),tgt_sh 10.6%; team att 31.6; opp DvP 1.05; RZ tgt 1; car_sh 68.2%; team rush 27.0; opp d_ypc 1.02; inside-10 car 8,0.9951309141019752,
Jonathan Taylor,IND,PIT,RB,IND@PIT,2plus_td,0.25047733896090846,299.0,0.8315747161089337,0.13219776906843533,B,no game designation yet (Limited),tgt_sh 10.6%; team att 31.6; opp DvP 1.05; RZ tgt 1; car_sh 68.2%; team rush 27.0; opp d_ypc 1.02; inside-10 car 8,0.9951309141019752,
Laquon Treadwell,IND,PIT,WR,IND@PIT,anytime_td,0.0864,1057.0,0.0,0.08915,C,-,tgt_sh 4.2%; team att 31.6; opp DvP 1.03; RZ tgt 2,1.0,
Laquon Treadwell,IND,PIT,WR,IND@PIT,first_td,0.017430093795093794,5637.0,0.0,0.08915,C,-,tgt_sh 4.2%; team att 31.6; opp DvP 1.03; RZ tgt 2,1.0,
Laquon Treadwell,IND,PIT,WR,IND@PIT,last_td,0.017430093795093794,5637.0,0.0,0.08915,C,-,tgt_sh 4.2%; team att 31.6; opp DvP 1.03; RZ tgt 2,1.0,
Laquon Treadwell,IND,PIT,WR,IND@PIT,2plus_td,0.00275,36264.0,0.0,0.08915,C,-,tgt_sh 4.2%; team att 31.6; opp DvP 1.03; RZ tgt 2,1.0,
Tyler Warren,IND,PIT,TE,IND@PIT,anytime_td,0.252,297.0,0.01075,0.27515,B,-,tgt_sh 20.5%; team att 31.6; opp DvP 1.02; RZ tgt 3,1.0,
Tyler Warren,IND,PIT,TE,IND@PIT,first_td,0.055482956904206904,1702.0,0.01075,0.27515,B,-,tgt_sh 20.5%; team att 31.6; opp DvP 1.02; RZ tgt 3,1.0,
Tyler Warren,IND,PIT,TE,IND@PIT,last_td,0.055482956904206904,1702.0,0.01075,0.27515,B,-,tgt_sh 20.5%; team att 31.6; opp DvP 1.02; RZ tgt 3,1.0,
Tyler Warren,IND,PIT,TE,IND@PIT,2plus_td,0.0309,3136.0,0.01075,0.27515,B,-,tgt_sh 20.5%; team att 31.6; opp DvP 1.02; RZ tgt 3,1.0,
Nick Westbrook-Ikhine,IND,PIT,WR,IND@PIT,anytime_td,0.0169,5817.0,0.0,0.01725,C,-,w_td 0.02; team TD 2.33,1.0,
Nick Westbrook-Ikhine,IND,PIT,WR,IND@PIT,first_td,0.003331114718614718,29920.0,0.0,0.01725,C,-,w_td 0.02; team TD 2.33,1.0,
Nick Westbrook-Ikhine,IND,PIT,WR,IND@PIT,last_td,0.003331114718614718,29920.0,0.0,0.01725,C,-,w_td 0.02; team TD 2.33,1.0,
Nick Westbrook-Ikhine,IND,PIT,WR,IND@PIT,2plus_td,0.00035,285614.0,0.0,0.01725,C,-,w_td 0.02; team TD 2.33,1.0,
Aaron Rodgers,PIT,IND,QB,IND@PIT,anytime_td,0.02775,3504.0,0.0282,0.0,B,-,team att 37.0; ypa 7.21; opp d_ypa 1.08; pass rate 63.7%,1.0,
Aaron Rodgers,PIT,IND,QB,IND@PIT,first_td,0.005629352453102453,17664.0,0.0282,0.0,B,-,team att 37.0; ypa 7.21; opp d_ypa 1.08; pass rate 63.7%,1.0,
Aaron Rodgers,PIT,IND,QB,IND@PIT,last_td,0.005629352453102453,17664.0,0.0282,0.0,B,-,team att 37.0; ypa 7.21; opp d_ypa 1.08; pass rate 63.7%,1.0,
Aaron Rodgers,PIT,IND,QB,IND@PIT,2plus_td,0.00045,222122.0,0.0282,0.0,B,-,team att 37.0; ypa 7.21; opp d_ypa 1.08; pass rate 63.7%,1.0,
Germie Bernard,PIT,IND,WR,IND@PIT,anytime_td,0.12345,710.0,0.0,0.1312,C,-,tgt_sh 4.9%; team att 37.0; opp DvP 0.95; RZ tgt 2,1.0,
Germie Bernard,PIT,IND,WR,IND@PIT,first_td,0.02544870670995671,3829.0,0.0,0.1312,C,-,tgt_sh 4.9%; team att 37.0; opp DvP 0.95; RZ tgt 2,1.0,
Germie Bernard,PIT,IND,WR,IND@PIT,last_td,0.02544870670995671,3829.0,0.0,0.1312,C,-,tgt_sh 4.9%; team att 37.0; opp DvP 0.95; RZ tgt 2,1.0,
Germie Bernard,PIT,IND,WR,IND@PIT,2plus_td,0.00765,12972.0,0.0,0.1312,C,-,tgt_sh 4.9%; team att 37.0; opp DvP 0.95; RZ tgt 2,1.0,
Rico Dowdle,PIT,IND,RB,IND@PIT,anytime_td,0.27277752650886977,267.0,0.18684355997788835,0.12452887079752752,B,no game designation yet (Limited),tgt_sh 8.2%; team att 37.0; opp DvP 1.04; RZ tgt 0; car_sh 29.2%; team rush 22.8; opp d_ypc 1.08; inside-10 car 0,0.9951309141019752,
Rico Dowdle,PIT,IND,RB,IND@PIT,first_td,0.06158753985906104,1524.0,0.18684355997788835,0.12452887079752752,B,no game designation yet (Limited),tgt_sh 8.2%; team att 37.0; opp DvP 1.04; RZ tgt 0; car_sh 29.2%; team rush 22.8; opp d_ypc 1.08; inside-10 car 0,0.9951309141019752,
Rico Dowdle,PIT,IND,RB,IND@PIT,last_td,0.06158753985906104,1524.0,0.18684355997788835,0.12452887079752752,B,no game designation yet (Limited),tgt_sh 8.2%; team att 37.0; opp DvP 1.04; RZ tgt 0; car_sh 29.2%; team rush 22.8; opp d_ypc 1.08; inside-10 car 0,0.9951309141019752,
Rico Dowdle,PIT,IND,RB,IND@PIT,2plus_td,0.035680184933916274,2703.0,0.18684355997788835,0.12452887079752752,B,no game designation yet (Limited),tgt_sh 8.2%; team att 37.0; opp DvP 1.04; RZ tgt 0; car_sh 29.2%; team rush 22.8; opp d_ypc 1.08; inside-10 car 0,0.9951309141019752,
Pat Freiermuth,PIT,IND,TE,IND@PIT,anytime_td,0.2438,310.0,0.0063,0.26935,B,-,tgt_sh 13.2%; team att 37.0; opp DvP 0.90; RZ tgt 3,1.0,
Pat Freiermuth,PIT,IND,TE,IND@PIT,first_td,0.05383186688311689,1758.0,0.0063,0.26935,B,-,tgt_sh 13.2%; team att 37.0; opp DvP 0.90; RZ tgt 3,1.0,
Pat Freiermuth,PIT,IND,TE,IND@PIT,last_td,0.05383186688311689,1758.0,0.0063,0.26935,B,-,tgt_sh 13.2%; team att 37.0; opp DvP 0.90; RZ tgt 3,1.0,
Pat Freiermuth,PIT,IND,TE,IND@PIT,2plus_td,0.0297,3267.0,0.0063,0.26935,B,-,tgt_sh 13.2%; team att 37.0; opp DvP 0.90; RZ tgt 3,1.0,
Eli Heidenreich,PIT,IND,RB,IND@PIT,anytime_td,0.01505,6545.0,0.0055,0.0097,C,-,w_td 0.01; team TD 2.55,1.0,
Eli Heidenreich,PIT,IND,RB,IND@PIT,first_td,0.00307107683982684,32462.0,0.0055,0.0097,C,-,w_td 0.01; team TD 2.55,1.0,
Eli Heidenreich,PIT,IND,RB,IND@PIT,last_td,0.00307107683982684,32462.0,0.0055,0.0097,C,-,w_td 0.01; team TD 2.55,1.0,
Eli Heidenreich,PIT,IND,RB,IND@PIT,2plus_td,0.00015,666567.0,0.0055,0.0097,C,-,w_td 0.01; team TD 2.55,1.0,
Travis Homer,PIT,IND,RB,IND@PIT,anytime_td,0.0749,1235.0,0.07135,0.0066,C,-,w_td 0.11; team TD 2.55,1.0,
Travis Homer,PIT,IND,RB,IND@PIT,first_td,0.015503787878787879,6350.0,0.07135,0.0066,C,-,w_td 0.11; team TD 2.55,1.0,
Travis Homer,PIT,IND,RB,IND@PIT,last_td,0.015503787878787879,6350.0,0.07135,0.0066,C,-,w_td 0.11; team TD 2.55,1.0,
Travis Homer,PIT,IND,RB,IND@PIT,2plus_td,0.003,33233.0,0.07135,0.0066,C,-,w_td 0.11; team TD 2.55,1.0,
DK Metcalf,PIT,IND,WR,IND@PIT,anytime_td,0.28975,245.0,0.0,0.33235,B,-,tgt_sh 22.2%; team att 37.0; opp DvP 0.95; RZ tgt 1,1.0,
DK Metcalf,PIT,IND,WR,IND@PIT,first_td,0.06562968184593185,1424.0,0.0,0.33235,B,-,tgt_sh 22.2%; team att 37.0; opp DvP 0.95; RZ tgt 1,1.0,
DK Metcalf,PIT,IND,WR,IND@PIT,last_td,0.06562968184593185,1424.0,0.0,0.33235,B,-,tgt_sh 22.2%; team att 37.0; opp DvP 0.95; RZ tgt 1,1.0,
DK Metcalf,PIT,IND,WR,IND@PIT,2plus_td,0.03925,2448.0,0.0,0.33235,B,-,tgt_sh 22.2%; team att 37.0; opp DvP 0.95; RZ tgt 1,1.0,
Lew Nichols III,PIT,IND,RB,IND@PIT,anytime_td,0.0468,2037.0,0.04035,0.0075,C,-,w_td 0.06; team TD 2.55,1.0,
Lew Nichols III,PIT,IND,RB,IND@PIT,first_td,0.00950818722943723,10417.0,0.04035,0.0075,C,-,w_td 0.06; team TD 2.55,1.0,
Lew Nichols III,PIT,IND,RB,IND@PIT,last_td,0.00950818722943723,10417.0,0.04035,0.0075,C,-,w_td 0.06; team TD 2.55,1.0,
Lew Nichols III,PIT,IND,RB,IND@PIT,2plus_td,0.001,99900.0,0.04035,0.0075,C,-,w_td 0.06; team TD 2.55,1.0,
Michael Pittman,PIT,IND,WR,IND@PIT,anytime_td,0.16317490097977902,513.0,0.0,0.1766729205753596,C,no game designation yet (Limited),tgt_sh 13.5%; team att 37.0; opp DvP 0.95; RZ tgt 0,0.9575230478992892,
Michael Pittman,PIT,IND,WR,IND@PIT,first_td,0.034678648691312854,2784.0,0.0,0.1766729205753596,C,no game designation yet (Limited),tgt_sh 13.5%; team att 37.0; opp DvP 0.95; RZ tgt 0,0.9575230478992892,
Michael Pittman,PIT,IND,WR,IND@PIT,last_td,0.034678648691312854,2784.0,0.0,0.1766729205753596,C,no game designation yet (Limited),tgt_sh 13.5%; team att 37.0; opp DvP 0.95; RZ tgt 0,0.9575230478992892,
Michael Pittman,PIT,IND,WR,IND@PIT,2plus_td,0.012872628726287264,7668.0,0.0,0.1766729205753596,C,no game designation yet (Limited),tgt_sh 13.5%; team att 37.0; opp DvP 0.95; RZ tgt 0,0.9575230478992892,
Ben Skowronek,PIT,IND,WR,IND@PIT,anytime_td,0.05845,1611.0,0.0,0.0604,C,-,w_td 0.03; team TD 2.55,1.0,
Ben Skowronek,PIT,IND,WR,IND@PIT,first_td,0.011576167582417583,8538.0,0.0,0.0604,C,-,w_td 0.03; team TD 2.55,1.0,
Ben Skowronek,PIT,IND,WR,IND@PIT,last_td,0.011576167582417583,8538.0,0.0,0.0604,C,-,w_td 0.03; team TD 2.55,1.0,
Ben Skowronek,PIT,IND,WR,IND@PIT,2plus_td,0.00175,57043.0,0.0,0.0604,C,-,w_td 0.03; team TD 2.55,1.0,
Robert Tonyan,PIT,IND,TE,IND@PIT,anytime_td,0.03985,2409.0,0.0,0.04065,C,-,w_td 0.02; team TD 2.55,1.0,
Robert Tonyan,PIT,IND,TE,IND@PIT,first_td,0.008192092352092352,12107.0,0.0,0.04065,C,-,w_td 0.02; team TD 2.55,1.0,
Robert Tonyan,PIT,IND,TE,IND@PIT,last_td,0.008192092352092352,12107.0,0.0,0.04065,C,-,w_td 0.02; team TD 2.55,1.0,
Robert Tonyan,PIT,IND,TE,IND@PIT,2plus_td,0.0008,124900.0,0.0,0.04065,C,-,w_td 0.02; team TD 2.55,1.0,
Jaylen Warren,PIT,IND,RB,IND@PIT,anytime_td,0.46885,113.0,0.31645,0.29895,B,-,tgt_sh 11.9%; team att 37.0; opp DvP 1.04; RZ tgt 4; car_sh 47.8%; team rush 22.8; opp d_ypc 1.08; inside-10 car 0,1.0,
Jaylen Warren,PIT,IND,RB,IND@PIT,first_td,0.11995873362748362,734.0,0.31645,0.29895,B,-,tgt_sh 11.9%; team att 37.0; opp DvP 1.04; RZ tgt 4; car_sh 47.8%; team rush 22.8; opp d_ypc 1.08; inside-10 car 0,1.0,
Jaylen Warren,PIT,IND,RB,IND@PIT,last_td,0.11995873362748362,734.0,0.31645,0.29895,B,-,tgt_sh 11.9%; team att 37.0; opp DvP 1.04; RZ tgt 4; car_sh 47.8%; team rush 22.8; opp d_ypc 1.08; inside-10 car 0,1.0,
Jaylen Warren,PIT,IND,RB,IND@PIT,2plus_td,0.1249,701.0,0.31645,0.29895,B,-,tgt_sh 11.9%; team att 37.0; opp DvP 1.04; RZ tgt 4; car_sh 47.8%; team rush 22.8; opp d_ypc 1.08; inside-10 car 0,1.0,
Darnell Washington,PIT,IND,TE,IND@PIT,anytime_td,0.15495,545.0,0.0,0.16725,C,-,tgt_sh 8.0%; team att 37.0; opp DvP 0.90; RZ tgt 2,1.0,
Darnell Washington,PIT,IND,TE,IND@PIT,first_td,0.03256042207792208,2971.0,0.0,0.16725,C,-,tgt_sh 8.0%; team att 37.0; opp DvP 0.90; RZ tgt 2,1.0,
Darnell Washington,PIT,IND,TE,IND@PIT,last_td,0.03256042207792208,2971.0,0.0,0.16725,C,-,tgt_sh 8.0%; team att 37.0; opp DvP 0.90; RZ tgt 2,1.0,
Darnell Washington,PIT,IND,TE,IND@PIT,2plus_td,0.01175,8411.0,0.0,0.16725,C,-,tgt_sh 8.0%; team att 37.0; opp DvP 0.90; RZ tgt 2,1.0,
Roman Wilson,PIT,IND,WR,IND@PIT,anytime_td,0.20435,389.0,0.0,0.22615,B,-,tgt_sh 12.0%; team att 37.0; opp DvP 0.95; RZ tgt 2,1.0,
Roman Wilson,PIT,IND,WR,IND@PIT,first_td,0.04436916000666001,2154.0,0.0,0.22615,B,-,tgt_sh 12.0%; team att 37.0; opp DvP 0.95; RZ tgt 2,1.0,
Roman Wilson,PIT,IND,WR,IND@PIT,last_td,0.04436916000666001,2154.0,0.0,0.22615,B,-,tgt_sh 12.0%; team att 37.0; opp DvP 0.95; RZ tgt 2,1.0,
Roman Wilson,PIT,IND,WR,IND@PIT,2plus_td,0.0206,4754.0,0.0,0.22615,B,-,tgt_sh 12.0%; team att 37.0; opp DvP 0.95; RZ tgt 2,1.0,
C.J. Stroud,HOU,TEN,QB,HOU@TEN,anytime_td,0.0741,1250.0,0.07665,0.0,B,-,team att 35.9; ypa 7.76; opp d_ypa 1.05; pass rate 61.8%,1.0,
C.J. Stroud,HOU,TEN,QB,HOU@TEN,first_td,0.017122849927849928,5740.0,0.07665,0.0,B,-,team att 35.9; ypa 7.76; opp d_ypa 1.05; pass rate 61.8%,1.0,
C.J. Stroud,HOU,TEN,QB,HOU@TEN,last_td,0.017122849927849928,5740.0,0.07665,0.0,B,-,team att 35.9; ypa 7.76; opp d_ypa 1.05; pass rate 61.8%,1.0,
C.J. Stroud,HOU,TEN,QB,HOU@TEN,2plus_td,0.00245,40716.0,0.07665,0.0,B,-,team att 35.9; ypa 7.76; opp d_ypa 1.05; pass rate 61.8%,1.0,
Lewis Bond,HOU,TEN,WR,HOU@TEN,anytime_td,0.01605,6131.0,0.0,0.0161,C,-,w_td 0.02; team TD 2.26,1.0,
Lewis Bond,HOU,TEN,WR,HOU@TEN,first_td,0.0034342063492063487,29019.0,0.0,0.0161,C,-,w_td 0.02; team TD 2.26,1.0,
Lewis Bond,HOU,TEN,WR,HOU@TEN,last_td,0.0034342063492063487,29019.0,0.0,0.0161,C,-,w_td 0.02; team TD 2.26,1.0,
Lewis Bond,HOU,TEN,WR,HOU@TEN,2plus_td,5e-05,999900.0,0.0,0.0161,C,-,w_td 0.02; team TD 2.26,1.0,
Kayshon Boutte,HOU,TEN,WR,HOU@TEN,anytime_td,0.13845,622.0,0.0,0.14885,C,-,tgt_sh 10.3%; team att 35.9; opp DvP 1.14; RZ tgt 2,1.0,
Kayshon Boutte,HOU,TEN,WR,HOU@TEN,first_td,0.03292912878787879,2937.0,0.0,0.14885,C,-,tgt_sh 10.3%; team att 35.9; opp DvP 1.14; RZ tgt 2,1.0,
Kayshon Boutte,HOU,TEN,WR,HOU@TEN,last_td,0.03292912878787879,2937.0,0.0,0.14885,C,-,tgt_sh 10.3%; team att 35.9; opp DvP 1.14; RZ tgt 2,1.0,
Kayshon Boutte,HOU,TEN,WR,HOU@TEN,2plus_td,0.01005,9850.0,0.0,0.14885,C,-,tgt_sh 10.3%; team att 35.9; opp DvP 1.14; RZ tgt 2,1.0,
Nico Collins,HOU,TEN,WR,HOU@TEN,anytime_td,0.27277966989782554,267.0,0.009693476552266178,0.30599947602829447,B,no game designation yet (Limited),tgt_sh 23.2%; team att 35.9; opp DvP 1.14; RZ tgt 3,0.9575230478992892,
Nico Collins,HOU,TEN,WR,HOU@TEN,first_td,0.0706801235907864,1315.0,0.009693476552266178,0.30599947602829447,B,no game designation yet (Limited),tgt_sh 23.2%; team att 35.9; opp DvP 1.14; RZ tgt 3,0.9575230478992892,
Nico Collins,HOU,TEN,WR,HOU@TEN,last_td,0.0706801235907864,1315.0,0.009693476552266178,0.30599947602829447,B,no game designation yet (Limited),tgt_sh 23.2%; team att 35.9; opp DvP 1.14; RZ tgt 3,0.9575230478992892,
Nico Collins,HOU,TEN,WR,HOU@TEN,2plus_td,0.03929787791459261,2445.0,0.009693476552266178,0.30599947602829447,B,no game designation yet (Limited),tgt_sh 23.2%; team att 35.9; opp DvP 1.14; RZ tgt 3,0.9575230478992892,
Xavier Hutchinson,HOU,TEN,WR,HOU@TEN,anytime_td,0.16795,495.0,0.013,0.1697,B,-,tgt_sh 14.2%; team att 35.9; opp DvP 1.14; RZ tgt 1,1.0,
Xavier Hutchinson,HOU,TEN,WR,HOU@TEN,first_td,0.04114468253968254,2330.0,0.013,0.1697,B,-,tgt_sh 14.2%; team att 35.9; opp DvP 1.14; RZ tgt 1,1.0,
Xavier Hutchinson,HOU,TEN,WR,HOU@TEN,last_td,0.04114468253968254,2330.0,0.013,0.1697,B,-,tgt_sh 14.2%; team att 35.9; opp DvP 1.14; RZ tgt 1,1.0,
Xavier Hutchinson,HOU,TEN,WR,HOU@TEN,2plus_td,0.0141,6992.0,0.013,0.1697,B,-,tgt_sh 14.2%; team att 35.9; opp DvP 1.14; RZ tgt 1,1.0,
Brevin Jordan,HOU,TEN,TE,HOU@TEN,anytime_td,0.01525,6457.0,0.0,0.0155,C,-,w_td 0.02; team TD 2.26,1.0,
Brevin Jordan,HOU,TEN,TE,HOU@TEN,first_td,0.003355557359307359,29701.0,0.0,0.0155,C,-,w_td 0.02; team TD 2.26,1.0,
Brevin Jordan,HOU,TEN,TE,HOU@TEN,last_td,0.003355557359307359,29701.0,0.0,0.0155,C,-,w_td 0.02; team TD 2.26,1.0,
Brevin Jordan,HOU,TEN,TE,HOU@TEN,2plus_td,0.00025,399900.0,0.0,0.0155,C,-,w_td 0.02; team TD 2.26,1.0,
Woody Marks,HOU,TEN,RB,HOU@TEN,anytime_td,0.35135,185.0,0.3334,0.0927,B,-,tgt_sh 5.2%; team att 35.9; opp DvP 0.92; RZ tgt 2; car_sh 32.3%; team rush 24.0; opp d_ypc 0.93; inside-10 car 3,1.0,
Woody Marks,HOU,TEN,RB,HOU@TEN,first_td,0.09497467893217892,953.0,0.3334,0.0927,B,-,tgt_sh 5.2%; team att 35.9; opp DvP 0.92; RZ tgt 2; car_sh 32.3%; team rush 24.0; opp d_ypc 0.93; inside-10 car 3,1.0,
Woody Marks,HOU,TEN,RB,HOU@TEN,last_td,0.09497467893217892,953.0,0.3334,0.0927,B,-,tgt_sh 5.2%; team att 35.9; opp DvP 0.92; RZ tgt 2; car_sh 32.3%; team rush 24.0; opp d_ypc 0.93; inside-10 car 3,1.0,
Woody Marks,HOU,TEN,RB,HOU@TEN,2plus_td,0.0658,1420.0,0.3334,0.0927,B,-,tgt_sh 5.2%; team att 35.9; opp DvP 0.92; RZ tgt 2; car_sh 32.3%; team rush 24.0; opp d_ypc 0.93; inside-10 car 3,1.0,
David Montgomery,HOU,TEN,RB,HOU@TEN,anytime_td,0.44515,125.0,0.51615,0.06015,B,-,tgt_sh 4.1%; team att 35.9; opp DvP 0.92; RZ tgt 1; car_sh 48.5%; team rush 24.0; opp d_ypc 0.93; inside-10 car 5,1.0,
David Montgomery,HOU,TEN,RB,HOU@TEN,first_td,0.12981709235209235,670.0,0.51615,0.06015,B,-,tgt_sh 4.1%; team att 35.9; opp DvP 0.92; RZ tgt 1; car_sh 48.5%; team rush 24.0; opp d_ypc 0.93; inside-10 car 5,1.0,
David Montgomery,HOU,TEN,RB,HOU@TEN,last_td,0.12981709235209235,670.0,0.51615,0.06015,B,-,tgt_sh 4.1%; team att 35.9; opp DvP 0.92; RZ tgt 1; car_sh 48.5%; team rush 24.0; opp d_ypc 0.93; inside-10 car 5,1.0,
David Montgomery,HOU,TEN,RB,HOU@TEN,2plus_td,0.11105,800.0,0.51615,0.06015,B,-,tgt_sh 4.1%; team att 35.9; opp DvP 0.92; RZ tgt 1; car_sh 48.5%; team rush 24.0; opp d_ypc 0.93; inside-10 car 5,1.0,
Foster Moreau,HOU,TEN,TE,HOU@TEN,anytime_td,0.0868,1052.0,0.0,0.0905,C,-,tgt_sh 4.9%; team att 35.9; opp DvP 0.95; RZ tgt 2,1.0,
Foster Moreau,HOU,TEN,TE,HOU@TEN,first_td,0.020290880230880232,4828.0,0.0,0.0905,C,-,tgt_sh 4.9%; team att 35.9; opp DvP 0.95; RZ tgt 2,1.0,
Foster Moreau,HOU,TEN,TE,HOU@TEN,last_td,0.020290880230880232,4828.0,0.0,0.0905,C,-,tgt_sh 4.9%; team att 35.9; opp DvP 0.95; RZ tgt 2,1.0,
Foster Moreau,HOU,TEN,TE,HOU@TEN,2plus_td,0.00355,28069.0,0.0,0.0905,C,-,tgt_sh 4.9%; team att 35.9; opp DvP 0.95; RZ tgt 2,1.0,
Jaylin Noel,HOU,TEN,WR,HOU@TEN,anytime_td,0.08565,1068.0,0.01645,0.07365,C,-,tgt_sh 7.1%; team att 35.9; opp DvP 1.14; RZ tgt 0,1.0,
Jaylin Noel,HOU,TEN,WR,HOU@TEN,first_td,0.020183733766233763,4854.0,0.01645,0.07365,C,-,tgt_sh 7.1%; team att 35.9; opp DvP 1.14; RZ tgt 0,1.0,
Jaylin Noel,HOU,TEN,WR,HOU@TEN,last_td,0.020183733766233763,4854.0,0.01645,0.07365,C,-,tgt_sh 7.1%; team att 35.9; opp DvP 1.14; RZ tgt 0,1.0,
Jaylin Noel,HOU,TEN,WR,HOU@TEN,2plus_td,0.0044,22627.0,0.01645,0.07365,C,-,tgt_sh 7.1%; team att 35.9; opp DvP 1.14; RZ tgt 0,1.0,
Dalton Schultz,HOU,TEN,TE,HOU@TEN,anytime_td,0.1857,439.0,0.0,0.20645,B,-,tgt_sh 17.7%; team att 35.9; opp DvP 0.95; RZ tgt 2,1.0,
Dalton Schultz,HOU,TEN,TE,HOU@TEN,first_td,0.045756531385281386,2085.0,0.0,0.20645,B,-,tgt_sh 17.7%; team att 35.9; opp DvP 0.95; RZ tgt 2,1.0,
Dalton Schultz,HOU,TEN,TE,HOU@TEN,last_td,0.045756531385281386,2085.0,0.0,0.20645,B,-,tgt_sh 17.7%; team att 35.9; opp DvP 0.95; RZ tgt 2,1.0,
Dalton Schultz,HOU,TEN,TE,HOU@TEN,2plus_td,0.01945,5041.0,0.0,0.20645,B,-,tgt_sh 17.7%; team att 35.9; opp DvP 0.95; RZ tgt 2,1.0,
Cade Stover,HOU,TEN,TE,HOU@TEN,anytime_td,0.0265,3674.0,0.0,0.0266,C,-,w_td 0.02; team TD 2.26,1.0,
Cade Stover,HOU,TEN,TE,HOU@TEN,first_td,0.005807786796536797,17118.0,0.0,0.0266,C,-,w_td 0.02; team TD 2.26,1.0,
Cade Stover,HOU,TEN,TE,HOU@TEN,last_td,0.005807786796536797,17118.0,0.0,0.0266,C,-,w_td 0.02; team TD 2.26,1.0,
Cade Stover,HOU,TEN,TE,HOU@TEN,2plus_td,0.0001,999900.0,0.0,0.0266,C,-,w_td 0.02; team TD 2.26,1.0,
Jared Wayne,HOU,TEN,WR,HOU@TEN,anytime_td,0.08635,1058.0,0.0,0.0899,C,-,tgt_sh 6.1%; team att 35.9; opp DvP 1.14; RZ tgt 1,1.0,
Jared Wayne,HOU,TEN,WR,HOU@TEN,first_td,0.020320225468975467,4821.0,0.0,0.0899,C,-,tgt_sh 6.1%; team att 35.9; opp DvP 1.14; RZ tgt 1,1.0,
Jared Wayne,HOU,TEN,WR,HOU@TEN,last_td,0.020320225468975467,4821.0,0.0,0.0899,C,-,tgt_sh 6.1%; team att 35.9; opp DvP 1.14; RZ tgt 1,1.0,
Jared Wayne,HOU,TEN,WR,HOU@TEN,2plus_td,0.0035,28471.0,0.0,0.0899,C,-,tgt_sh 6.1%; team att 35.9; opp DvP 1.14; RZ tgt 1,1.0,
Cam Ward,TEN,HOU,QB,HOU@TEN,anytime_td,0.1691,491.0,0.18995,0.0,B,-,team att 33.0; ypa 6.96; opp d_ypa 1.06; pass rate 58.5%,1.0,
Cam Ward,TEN,HOU,QB,HOU@TEN,first_td,0.0420976461038961,2275.0,0.18995,0.0,B,-,team att 33.0; ypa 6.96; opp d_ypa 1.06; pass rate 58.5%,1.0,
Cam Ward,TEN,HOU,QB,HOU@TEN,last_td,0.0420976461038961,2275.0,0.18995,0.0,B,-,team att 33.0; ypa 6.96; opp d_ypa 1.06; pass rate 58.5%,1.0,
Cam Ward,TEN,HOU,QB,HOU@TEN,2plus_td,0.01865,5262.0,0.18995,0.0,B,-,team att 33.0; ypa 6.96; opp d_ypa 1.06; pass rate 58.5%,1.0,
Elic Ayomanor,TEN,HOU,WR,HOU@TEN,anytime_td,0.19625,410.0,0.0,0.2166,B,-,tgt_sh 12.0%; team att 33.0; opp DvP 1.02; RZ tgt 5,1.0,
Elic Ayomanor,TEN,HOU,WR,HOU@TEN,first_td,0.04715906746031746,2020.0,0.0,0.2166,B,-,tgt_sh 12.0%; team att 33.0; opp DvP 1.02; RZ tgt 5,1.0,
Elic Ayomanor,TEN,HOU,WR,HOU@TEN,last_td,0.04715906746031746,2020.0,0.0,0.2166,B,-,tgt_sh 12.0%; team att 33.0; opp DvP 1.02; RZ tgt 5,1.0,
Elic Ayomanor,TEN,HOU,WR,HOU@TEN,2plus_td,0.0186,5276.0,0.0,0.2166,B,-,tgt_sh 12.0%; team att 33.0; opp DvP 1.02; RZ tgt 5,1.0,
Daniel Bellinger,TEN,HOU,TE,HOU@TEN,anytime_td,0.0326,2967.0,0.0,0.03295,C,-,tgt_sh 3.9%; team att 33.0; opp DvP 0.91; RZ tgt 0,1.0,
Daniel Bellinger,TEN,HOU,TE,HOU@TEN,first_td,0.007431351010101011,13357.0,0.0,0.03295,C,-,tgt_sh 3.9%; team att 33.0; opp DvP 0.91; RZ tgt 0,1.0,
Daniel Bellinger,TEN,HOU,TE,HOU@TEN,last_td,0.007431351010101011,13357.0,0.0,0.03295,C,-,tgt_sh 3.9%; team att 33.0; opp DvP 0.91; RZ tgt 0,1.0,
Daniel Bellinger,TEN,HOU,TE,HOU@TEN,2plus_td,0.00035,285614.0,0.0,0.03295,C,-,tgt_sh 3.9%; team att 33.0; opp DvP 0.91; RZ tgt 0,1.0,
Chimere Dike,TEN,HOU,WR,HOU@TEN,anytime_td,0.05055,1878.0,0.0,0.0515,C,-,tgt_sh 6.2%; team att 33.0; opp DvP 1.02; RZ tgt 0,1.0,
Chimere Dike,TEN,HOU,WR,HOU@TEN,first_td,0.01110539862914863,8905.0,0.0,0.0515,C,-,tgt_sh 6.2%; team att 33.0; opp DvP 1.02; RZ tgt 0,1.0,
Chimere Dike,TEN,HOU,WR,HOU@TEN,last_td,0.01110539862914863,8905.0,0.0,0.0515,C,-,tgt_sh 6.2%; team att 33.0; opp DvP 1.02; RZ tgt 0,1.0,
Chimere Dike,TEN,HOU,WR,HOU@TEN,2plus_td,0.00095,105163.0,0.0,0.0515,C,-,tgt_sh 6.2%; team att 33.0; opp DvP 1.02; RZ tgt 0,1.0,
Gunnar Helm,TEN,HOU,TE,HOU@TEN,anytime_td,0.14785,576.0,0.0,0.15875,C,-,tgt_sh 11.8%; team att 33.0; opp DvP 0.91; RZ tgt 3,1.0,
Gunnar Helm,TEN,HOU,TE,HOU@TEN,first_td,0.03511060064935065,2748.0,0.0,0.15875,C,-,tgt_sh 11.8%; team att 33.0; opp DvP 0.91; RZ tgt 3,1.0,
Gunnar Helm,TEN,HOU,TE,HOU@TEN,last_td,0.03511060064935065,2748.0,0.0,0.15875,C,-,tgt_sh 11.8%; team att 33.0; opp DvP 0.91; RZ tgt 3,1.0,
Gunnar Helm,TEN,HOU,TE,HOU@TEN,2plus_td,0.0104,9515.0,0.0,0.15875,C,-,tgt_sh 11.8%; team att 33.0; opp DvP 0.91; RZ tgt 3,1.0,
Tony Pollard,TEN,HOU,RB,HOU@TEN,anytime_td,0.45587739979791175,119.0,0.5264398787470529,0.06492084877062984,B,no game designation yet (DNP),tgt_sh 7.6%; team att 33.0; opp DvP 0.99; RZ tgt 0; car_sh 56.6%; team rush 25.0; opp d_ypc 0.90; inside-10 car 13,0.5949864089398973,
Tony Pollard,TEN,HOU,RB,HOU@TEN,first_td,0.13385149733878263,647.0,0.5264398787470529,0.06492084877062984,B,no game designation yet (DNP),tgt_sh 7.6%; team att 33.0; opp DvP 0.99; RZ tgt 0; car_sh 56.6%; team rush 25.0; opp d_ypc 0.90; inside-10 car 13,0.5949864089398973,
Tony Pollard,TEN,HOU,RB,HOU@TEN,last_td,0.13385149733878263,647.0,0.5264398787470529,0.06492084877062984,B,no game designation yet (DNP),tgt_sh 7.6%; team att 33.0; opp DvP 0.99; RZ tgt 0; car_sh 56.6%; team rush 25.0; opp d_ypc 0.90; inside-10 car 13,0.5949864089398973,
Tony Pollard,TEN,HOU,RB,HOU@TEN,2plus_td,0.11645335129673291,759.0,0.5264398787470529,0.06492084877062984,B,no game designation yet (DNP),tgt_sh 7.6%; team att 33.0; opp DvP 0.99; RZ tgt 0; car_sh 56.6%; team rush 25.0; opp d_ypc 0.90; inside-10 car 13,0.5949864089398973,
Calvin Ridley,TEN,HOU,WR,HOU@TEN,anytime_td,0.0746,1240.0,0.0,0.077,C,-,tgt_sh 8.5%; team att 33.0; opp DvP 1.02; RZ tgt 0,1.0,
Calvin Ridley,TEN,HOU,WR,HOU@TEN,first_td,0.017216361832611833,5708.0,0.0,0.077,C,-,tgt_sh 8.5%; team att 33.0; opp DvP 1.02; RZ tgt 0,1.0,
Calvin Ridley,TEN,HOU,WR,HOU@TEN,last_td,0.017216361832611833,5708.0,0.0,0.077,C,-,tgt_sh 8.5%; team att 33.0; opp DvP 1.02; RZ tgt 0,1.0,
Calvin Ridley,TEN,HOU,WR,HOU@TEN,2plus_td,0.00225,44344.0,0.0,0.077,C,-,tgt_sh 8.5%; team att 33.0; opp DvP 1.02; RZ tgt 0,1.0,
Wan'Dale Robinson,TEN,HOU,WR,HOU@TEN,anytime_td,0.2344,327.0,0.00735,0.25805,B,-,tgt_sh 18.8%; team att 33.0; opp DvP 1.02; RZ tgt 4,1.0,
Wan'Dale Robinson,TEN,HOU,WR,HOU@TEN,first_td,0.05924545274170274,1588.0,0.00735,0.25805,B,-,tgt_sh 18.8%; team att 33.0; opp DvP 1.02; RZ tgt 4,1.0,
Wan'Dale Robinson,TEN,HOU,WR,HOU@TEN,last_td,0.05924545274170274,1588.0,0.00735,0.25805,B,-,tgt_sh 18.8%; team att 33.0; opp DvP 1.02; RZ tgt 4,1.0,
Wan'Dale Robinson,TEN,HOU,WR,HOU@TEN,2plus_td,0.0289,3360.0,0.00735,0.25805,B,-,tgt_sh 18.8%; team att 33.0; opp DvP 1.02; RZ tgt 4,1.0,
Nicholas Singleton,TEN,HOU,RB,HOU@TEN,anytime_td,0.0952,950.0,0.0959,0.00515,C,-,car_sh 8.9%; team rush 25.0; opp d_ypc 0.90; inside-10 car 0,1.0,
Nicholas Singleton,TEN,HOU,RB,HOU@TEN,first_td,0.022511922799422796,4342.0,0.0959,0.00515,C,-,car_sh 8.9%; team rush 25.0; opp d_ypc 0.90; inside-10 car 0,1.0,
Nicholas Singleton,TEN,HOU,RB,HOU@TEN,last_td,0.022511922799422796,4342.0,0.0959,0.00515,C,-,car_sh 8.9%; team rush 25.0; opp d_ypc 0.90; inside-10 car 0,1.0,
Nicholas Singleton,TEN,HOU,RB,HOU@TEN,2plus_td,0.0055,18082.0,0.0959,0.00515,C,-,car_sh 8.9%; team rush 25.0; opp d_ypc 0.90; inside-10 car 0,1.0,
Tyjae Spears,TEN,HOU,RB,HOU@TEN,anytime_td,0.23955,317.0,0.21275,0.0626,B,-,tgt_sh 7.4%; team att 33.0; opp DvP 0.99; RZ tgt 0; car_sh 20.4%; team rush 25.0; opp d_ypc 0.90; inside-10 car 0,1.0,
Tyjae Spears,TEN,HOU,RB,HOU@TEN,first_td,0.06166808802308802,1522.0,0.21275,0.0626,B,-,tgt_sh 7.4%; team att 33.0; opp DvP 0.99; RZ tgt 0; car_sh 20.4%; team rush 25.0; opp d_ypc 0.90; inside-10 car 0,1.0,
Tyjae Spears,TEN,HOU,RB,HOU@TEN,last_td,0.06166808802308802,1522.0,0.21275,0.0626,B,-,tgt_sh 7.4%; team att 33.0; opp DvP 0.99; RZ tgt 0; car_sh 20.4%; team rush 25.0; opp d_ypc 0.90; inside-10 car 0,1.0,
Tyjae Spears,TEN,HOU,RB,HOU@TEN,2plus_td,0.03265,2963.0,0.21275,0.0626,B,-,tgt_sh 7.4%; team att 33.0; opp DvP 0.99; RZ tgt 0; car_sh 20.4%; team rush 25.0; opp d_ypc 0.90; inside-10 car 0,1.0,
Carnell Tate,TEN,HOU,WR,HOU@TEN,anytime_td,0.20315,392.0,0.0,0.22205,B,-,tgt_sh 22.7%; team att 33.0; opp DvP 1.02; RZ tgt 1,1.0,
Carnell Tate,TEN,HOU,WR,HOU@TEN,first_td,0.049438946608946606,1923.0,0.0,0.22205,B,-,tgt_sh 22.7%; team att 33.0; opp DvP 1.02; RZ tgt 1,1.0,
Carnell Tate,TEN,HOU,WR,HOU@TEN,last_td,0.049438946608946606,1923.0,0.0,0.22205,B,-,tgt_sh 22.7%; team att 33.0; opp DvP 1.02; RZ tgt 1,1.0,
Carnell Tate,TEN,HOU,WR,HOU@TEN,2plus_td,0.0177,5550.0,0.0,0.22205,B,-,tgt_sh 22.7%; team att 33.0; opp DvP 1.02; RZ tgt 1,1.0,
Jameis Winston,NYG,WAS,QB,NYG@WAS,anytime_td,0.0232,4210.0,0.0235,0.0,B,-,team att 29.6; ypa 7.03; opp d_ypa 1.03; pass rate 52.6%,1.0,
Jameis Winston,NYG,WAS,QB,NYG@WAS,first_td,0.004851857864357864,20511.0,0.0235,0.0,B,-,team att 29.6; ypa 7.03; opp d_ypa 1.03; pass rate 52.6%,1.0,
Jameis Winston,NYG,WAS,QB,NYG@WAS,last_td,0.004851857864357864,20511.0,0.0235,0.0,B,-,team att 29.6; ypa 7.03; opp d_ypa 1.03; pass rate 52.6%,1.0,
Jameis Winston,NYG,WAS,QB,NYG@WAS,2plus_td,0.0003,333233.0,0.0235,0.0,B,-,team att 29.6; ypa 7.03; opp d_ypa 1.03; pass rate 52.6%,1.0,
Malachi Fields,NYG,WAS,WR,NYG@WAS,anytime_td,0.1935,417.0,0.0,0.2125,C,-,tgt_sh 13.1%; team att 29.6; opp DvP 1.00; RZ tgt 1,1.0,
Malachi Fields,NYG,WAS,WR,NYG@WAS,first_td,0.04323518093018092,2213.0,0.0,0.2125,C,-,tgt_sh 13.1%; team att 29.6; opp DvP 1.00; RZ tgt 1,1.0,
Malachi Fields,NYG,WAS,WR,NYG@WAS,last_td,0.04323518093018092,2213.0,0.0,0.2125,C,-,tgt_sh 13.1%; team att 29.6; opp DvP 1.00; RZ tgt 1,1.0,
Malachi Fields,NYG,WAS,WR,NYG@WAS,2plus_td,0.01775,5534.0,0.0,0.2125,C,-,tgt_sh 13.1%; team att 29.6; opp DvP 1.00; RZ tgt 1,1.0,
Najee Harris,NYG,WAS,RB,NYG@WAS,anytime_td,0.12887588800668617,676.0,0.13021312160468032,0.007354784788967823,B,no game designation yet (DNP),car_sh 20.4%; team rush 28.8; opp d_ypc 0.98; inside-10 car 2,0.5949864089398973,
Najee Harris,NYG,WAS,RB,NYG@WAS,first_td,0.028396726549672645,3422.0,0.13021312160468032,0.007354784788967823,B,no game designation yet (DNP),car_sh 20.4%; team rush 28.8; opp d_ypc 0.98; inside-10 car 2,0.5949864089398973,
Najee Harris,NYG,WAS,RB,NYG@WAS,last_td,0.028396726549672645,3422.0,0.13021312160468032,0.007354784788967823,B,no game designation yet (DNP),car_sh 20.4%; team rush 28.8; opp d_ypc 0.98; inside-10 car 2,0.5949864089398973,
Najee Harris,NYG,WAS,RB,NYG@WAS,2plus_td,0.00844128708733807,11747.0,0.13021312160468032,0.007354784788967823,B,no game designation yet (DNP),car_sh 20.4%; team rush 28.8; opp d_ypc 0.98; inside-10 car 2,0.5949864089398973,
Theo Johnson,NYG,WAS,TE,NYG@WAS,anytime_td,0.13395,647.0,0.0,0.14355,C,-,tgt_sh 7.9%; team att 29.6; opp DvP 1.03; RZ tgt 1,1.0,
Theo Johnson,NYG,WAS,TE,NYG@WAS,first_td,0.02908168761793762,3339.0,0.0,0.14355,C,-,tgt_sh 7.9%; team att 29.6; opp DvP 1.03; RZ tgt 1,1.0,
Theo Johnson,NYG,WAS,TE,NYG@WAS,last_td,0.02908168761793762,3339.0,0.0,0.14355,C,-,tgt_sh 7.9%; team att 29.6; opp DvP 1.03; RZ tgt 1,1.0,
Theo Johnson,NYG,WAS,TE,NYG@WAS,2plus_td,0.00905,10950.0,0.0,0.14355,C,-,tgt_sh 7.9%; team att 29.6; opp DvP 1.03; RZ tgt 1,1.0,
Isaiah Likely,NYG,WAS,TE,NYG@WAS,anytime_td,0.41934474123539234,138.0,0.0,0.5291110183639399,B,no game designation yet (Limited),tgt_sh 23.1%; team att 29.6; opp DvP 1.03; RZ tgt 6,0.9575230478992892,
Isaiah Likely,NYG,WAS,TE,NYG@WAS,first_td,0.10667688121908696,837.0,0.0,0.5291110183639399,B,no game designation yet (Limited),tgt_sh 23.1%; team att 29.6; opp DvP 1.03; RZ tgt 6,0.9575230478992892,
Isaiah Likely,NYG,WAS,TE,NYG@WAS,last_td,0.10667688121908696,837.0,0.0,0.5291110183639399,B,no game designation yet (Limited),tgt_sh 23.1%; team att 29.6; opp DvP 1.03; RZ tgt 6,0.9575230478992892,
Isaiah Likely,NYG,WAS,TE,NYG@WAS,2plus_td,0.09463689482470784,957.0,0.0,0.5291110183639399,B,no game designation yet (Limited),tgt_sh 23.1%; team att 29.6; opp DvP 1.03; RZ tgt 6,0.9575230478992892,
Darnell Mooney,NYG,WAS,WR,NYG@WAS,anytime_td,0.1488,572.0,0.00295,0.15675,C,-,tgt_sh 11.3%; team att 29.6; opp DvP 1.00; RZ tgt 0,1.0,
Darnell Mooney,NYG,WAS,WR,NYG@WAS,first_td,0.03252953823953824,2974.0,0.00295,0.15675,C,-,tgt_sh 11.3%; team att 29.6; opp DvP 1.00; RZ tgt 0,1.0,
Darnell Mooney,NYG,WAS,WR,NYG@WAS,last_td,0.03252953823953824,2974.0,0.00295,0.15675,C,-,tgt_sh 11.3%; team att 29.6; opp DvP 1.00; RZ tgt 0,1.0,
Darnell Mooney,NYG,WAS,WR,NYG@WAS,2plus_td,0.01055,9379.0,0.00295,0.15675,C,-,tgt_sh 11.3%; team att 29.6; opp DvP 1.00; RZ tgt 0,1.0,
Malik Nabers,NYG,WAS,WR,NYG@WAS,anytime_td,0.29969665077694546,234.0,0.0,0.3476753544233269,B,no game designation yet (DNP),tgt_sh 19.2%; team att 29.6; opp DvP 1.00; RZ tgt 3,0.8055616699684496,
Malik Nabers,NYG,WAS,WR,NYG@WAS,first_td,0.070447969661738,1319.0,0.0,0.3476753544233269,B,no game designation yet (DNP),tgt_sh 19.2%; team att 29.6; opp DvP 1.00; RZ tgt 3,0.8055616699684496,
Malik Nabers,NYG,WAS,WR,NYG@WAS,last_td,0.070447969661738,1319.0,0.0,0.3476753544233269,B,no game designation yet (DNP),tgt_sh 19.2%; team att 29.6; opp DvP 1.00; RZ tgt 3,0.8055616699684496,
Malik Nabers,NYG,WAS,WR,NYG@WAS,2plus_td,0.04383086733114592,2181.0,0.0,0.3476753544233269,B,no game designation yet (DNP),tgt_sh 19.2%; team att 29.6; opp DvP 1.00; RZ tgt 3,0.8055616699684496,
Patrick Ricard,NYG,WAS,RB,NYG@WAS,anytime_td,0.0274,3550.0,0.0,0.02775,C,-,w_td 0.02; team TD 2.24,1.0,
Patrick Ricard,NYG,WAS,RB,NYG@WAS,first_td,0.005644251443001442,17617.0,0.0,0.02775,C,-,w_td 0.02; team TD 2.24,1.0,
Patrick Ricard,NYG,WAS,RB,NYG@WAS,last_td,0.005644251443001442,17617.0,0.0,0.02775,C,-,w_td 0.02; team TD 2.24,1.0,
Patrick Ricard,NYG,WAS,RB,NYG@WAS,2plus_td,0.00035,285614.0,0.0,0.02775,C,-,w_td 0.02; team TD 2.24,1.0,
Devin Singletary,NYG,WAS,RB,NYG@WAS,anytime_td,0.1891,429.0,0.0658,0.1417,C,-,tgt_sh 5.4%; team att 29.6; opp DvP 0.99; RZ tgt 2; car_sh 13.0%; team rush 28.8; opp d_ypc 0.98; inside-10 car 0,1.0,
Devin Singletary,NYG,WAS,RB,NYG@WAS,first_td,0.042564396853146856,2249.0,0.0658,0.1417,C,-,tgt_sh 5.4%; team att 29.6; opp DvP 0.99; RZ tgt 2; car_sh 13.0%; team rush 28.8; opp d_ypc 0.98; inside-10 car 0,1.0,
Devin Singletary,NYG,WAS,RB,NYG@WAS,last_td,0.042564396853146856,2249.0,0.0658,0.1417,C,-,tgt_sh 5.4%; team att 29.6; opp DvP 0.99; RZ tgt 2; car_sh 13.0%; team rush 28.8; opp d_ypc 0.98; inside-10 car 0,1.0,
Devin Singletary,NYG,WAS,RB,NYG@WAS,2plus_td,0.0177,5550.0,0.0658,0.1417,C,-,tgt_sh 5.4%; team att 29.6; opp DvP 0.99; RZ tgt 2; car_sh 13.0%; team rush 28.8; opp d_ypc 0.98; inside-10 car 0,1.0,
Cam Skattebo,NYG,WAS,RB,NYG@WAS,anytime_td,0.36269976882098703,176.0,0.30912654538144535,0.12800281435320132,B,no game designation yet (Limited),tgt_sh 9.3%; team att 29.6; opp DvP 0.99; RZ tgt 0; car_sh 41.6%; team rush 28.8; opp d_ypc 0.98; inside-10 car 5,0.9951309141019752,
Cam Skattebo,NYG,WAS,RB,NYG@WAS,first_td,0.08946401149135091,1018.0,0.30912654538144535,0.12800281435320132,B,no game designation yet (Limited),tgt_sh 9.3%; team att 29.6; opp DvP 0.99; RZ tgt 0; car_sh 41.6%; team rush 28.8; opp d_ypc 0.98; inside-10 car 5,0.9951309141019752,
Cam Skattebo,NYG,WAS,RB,NYG@WAS,last_td,0.08946401149135091,1018.0,0.30912654538144535,0.12800281435320132,B,no game designation yet (Limited),tgt_sh 9.3%; team att 29.6; opp DvP 0.99; RZ tgt 0; car_sh 41.6%; team rush 28.8; opp d_ypc 0.98; inside-10 car 5,0.9951309141019752,
Cam Skattebo,NYG,WAS,RB,NYG@WAS,2plus_td,0.06669011961001106,1399.0,0.30912654538144535,0.12800281435320132,B,no game designation yet (Limited),tgt_sh 9.3%; team att 29.6; opp DvP 0.99; RZ tgt 0; car_sh 41.6%; team rush 28.8; opp d_ypc 0.98; inside-10 car 5,0.9951309141019752,
Tyrone Tracy Jr.,NYG,WAS,RB,NYG@WAS,anytime_td,0.0695,1339.0,0.02715,0.04475,C,-,w_td 0.07; team TD 2.24,1.0,
Tyrone Tracy Jr.,NYG,WAS,RB,NYG@WAS,first_td,0.015050856088356091,6544.0,0.02715,0.04475,C,-,w_td 0.07; team TD 2.24,1.0,
Tyrone Tracy Jr.,NYG,WAS,RB,NYG@WAS,last_td,0.015050856088356091,6544.0,0.02715,0.04475,C,-,w_td 0.07; team TD 2.24,1.0,
Tyrone Tracy Jr.,NYG,WAS,RB,NYG@WAS,2plus_td,0.00235,42453.0,0.02715,0.04475,C,-,w_td 0.07; team TD 2.24,1.0,
Jayden Daniels,WAS,NYG,QB,NYG@WAS,anytime_td,0.08025036893796754,1146.0,0.0827438807185385,0.0,C,no game designation yet (Full),team att 32.9; ypa 5.98; opp d_ypa 0.93; pass rate 55.1%,0.98,
Jayden Daniels,WAS,NYG,QB,NYG@WAS,first_td,0.01692729748044999,5808.0,0.0827438807185385,0.0,C,no game designation yet (Full),team att 32.9; ypa 5.98; opp d_ypa 0.93; pass rate 55.1%,0.98,
Jayden Daniels,WAS,NYG,QB,NYG@WAS,last_td,0.01692729748044999,5808.0,0.0827438807185385,0.0,C,no game designation yet (Full),team att 32.9; ypa 5.98; opp d_ypa 0.93; pass rate 55.1%,0.98,
Jayden Daniels,WAS,NYG,QB,NYG@WAS,2plus_td,0.0023917357895272507,41711.0,0.0827438807185385,0.0,C,no game designation yet (Full),team att 32.9; ypa 5.98; opp d_ypa 0.93; pass rate 55.1%,0.98,
Kaytron Allen,WAS,NYG,RB,NYG@WAS,anytime_td,0.05685,1659.0,0.0553,0.0036,C,-,w_td 0.10; team TD 2.43,1.0,
Kaytron Allen,WAS,NYG,RB,NYG@WAS,first_td,0.012297454906204906,8032.0,0.0553,0.0036,C,-,w_td 0.10; team TD 2.43,1.0,
Kaytron Allen,WAS,NYG,RB,NYG@WAS,last_td,0.012297454906204906,8032.0,0.0553,0.0036,C,-,w_td 0.10; team TD 2.43,1.0,
Kaytron Allen,WAS,NYG,RB,NYG@WAS,2plus_td,0.00205,48680.0,0.0553,0.0036,C,-,w_td 0.10; team TD 2.43,1.0,
John Bates,WAS,NYG,TE,NYG@WAS,anytime_td,0.0792,1163.0,0.0,0.0816,C,-,w_td 0.04; team TD 2.43,1.0,
John Bates,WAS,NYG,TE,NYG@WAS,first_td,0.016291551226551227,6038.0,0.0,0.0816,C,-,w_td 0.04; team TD 2.43,1.0,
John Bates,WAS,NYG,TE,NYG@WAS,last_td,0.016291551226551227,6038.0,0.0,0.0816,C,-,w_td 0.04; team TD 2.43,1.0,
John Bates,WAS,NYG,TE,NYG@WAS,2plus_td,0.00235,42453.0,0.0,0.0816,C,-,w_td 0.04; team TD 2.43,1.0,
Dyami Brown,WAS,NYG,WR,NYG@WAS,anytime_td,0.14945,569.0,0.0,0.16065,C,-,tgt_sh 7.2%; team att 32.9; opp DvP 1.09; RZ tgt 1,1.0,
Dyami Brown,WAS,NYG,WR,NYG@WAS,first_td,0.032478689227439225,2979.0,0.0,0.16065,C,-,tgt_sh 7.2%; team att 32.9; opp DvP 1.09; RZ tgt 1,1.0,
Dyami Brown,WAS,NYG,WR,NYG@WAS,last_td,0.032478689227439225,2979.0,0.0,0.16065,C,-,tgt_sh 7.2%; team att 32.9; opp DvP 1.09; RZ tgt 1,1.0,
Dyami Brown,WAS,NYG,WR,NYG@WAS,2plus_td,0.0108,9159.0,0.0,0.16065,C,-,tgt_sh 7.2%; team att 32.9; opp DvP 1.09; RZ tgt 1,1.0,
Treylon Burks,WAS,NYG,WR,NYG@WAS,anytime_td,0.13957532009062648,616.0,0.0,0.14942831550661256,C,no game designation yet (Full),tgt_sh 6.8%; team att 32.9; opp DvP 1.09; RZ tgt 1,0.9479829842591244,
Treylon Burks,WAS,NYG,WR,NYG@WAS,first_td,0.030411304100644947,3188.0,0.0,0.14942831550661256,C,no game designation yet (Full),tgt_sh 6.8%; team att 32.9; opp DvP 1.09; RZ tgt 1,0.9479829842591244,
Treylon Burks,WAS,NYG,WR,NYG@WAS,last_td,0.030411304100644947,3188.0,0.0,0.14942831550661256,C,no game designation yet (Full),tgt_sh 6.8%; team att 32.9; opp DvP 1.09; RZ tgt 1,0.9479829842591244,
Treylon Burks,WAS,NYG,WR,NYG@WAS,2plus_td,0.009378787080457347,10562.0,0.0,0.14942831550661256,C,no game designation yet (Full),tgt_sh 6.8%; team att 32.9; opp DvP 1.09; RZ tgt 1,0.9479829842591244,
Jacory Croskey-Merritt,WAS,NYG,RB,NYG@WAS,anytime_td,0.2302125734961556,334.0,0.1764912809688929,0.08301924719835167,B,no game designation yet (Limited),car_sh 33.8%; team rush 27.7; opp d_ypc 1.06; inside-10 car 2,0.9951309141019752,
Jacory Croskey-Merritt,WAS,NYG,RB,NYG@WAS,first_td,0.0530199627666837,1786.0,0.1764912809688929,0.08301924719835167,B,no game designation yet (Limited),car_sh 33.8%; team rush 27.7; opp d_ypc 1.06; inside-10 car 2,0.9951309141019752,
Jacory Croskey-Merritt,WAS,NYG,RB,NYG@WAS,last_td,0.0530199627666837,1786.0,0.1764912809688929,0.08301924719835167,B,no game designation yet (Limited),car_sh 33.8%; team rush 27.7; opp d_ypc 1.06; inside-10 car 2,0.9951309141019752,
Jacory Croskey-Merritt,WAS,NYG,RB,NYG@WAS,2plus_td,0.027338057188803458,3558.0,0.1764912809688929,0.08301924719835167,B,no game designation yet (Limited),car_sh 33.8%; team rush 27.7; opp d_ypc 1.06; inside-10 car 2,0.9951309141019752,
Stefon Diggs,WAS,NYG,WR,NYG@WAS,anytime_td,0.3540249783603314,182.0,0.0,0.4280944726103623,B,no game designation yet (DNP),tgt_sh 18.4%; team att 32.9; opp DvP 1.09; RZ tgt 4,0.8055616699684496,
Stefon Diggs,WAS,NYG,WR,NYG@WAS,first_td,0.08723604720575168,1046.0,0.0,0.4280944726103623,B,no game designation yet (DNP),tgt_sh 18.4%; team att 32.9; opp DvP 1.09; RZ tgt 4,0.8055616699684496,
Stefon Diggs,WAS,NYG,WR,NYG@WAS,last_td,0.08723604720575168,1046.0,0.0,0.4280944726103623,B,no game designation yet (DNP),tgt_sh 18.4%; team att 32.9; opp DvP 1.09; RZ tgt 4,0.8055616699684496,
Stefon Diggs,WAS,NYG,WR,NYG@WAS,2plus_td,0.06665017930011129,1400.0,0.0,0.4280944726103623,B,no game designation yet (DNP),tgt_sh 18.4%; team att 32.9; opp DvP 1.09; RZ tgt 4,0.8055616699684496,
Austin Ekeler,WAS,NYG,RB,NYG@WAS,anytime_td,0.07685,1201.0,0.0413,0.03795,C,-,w_td 0.09; team TD 2.43,1.0,
Austin Ekeler,WAS,NYG,RB,NYG@WAS,first_td,0.016278629148629147,6043.0,0.0413,0.03795,C,-,w_td 0.09; team TD 2.43,1.0,
Austin Ekeler,WAS,NYG,RB,NYG@WAS,last_td,0.016278629148629147,6043.0,0.0413,0.03795,C,-,w_td 0.09; team TD 2.43,1.0,
Austin Ekeler,WAS,NYG,RB,NYG@WAS,2plus_td,0.0023,43378.0,0.0413,0.03795,C,-,w_td 0.09; team TD 2.43,1.0,
Luke McCaffrey,WAS,NYG,WR,NYG@WAS,anytime_td,0.06255,1499.0,0.0,0.06445,C,-,tgt_sh 3.8%; team att 32.9; opp DvP 1.09; RZ tgt 0,1.0,
Luke McCaffrey,WAS,NYG,WR,NYG@WAS,first_td,0.013324343434343433,7405.0,0.0,0.06445,C,-,tgt_sh 3.8%; team att 32.9; opp DvP 1.09; RZ tgt 0,1.0,
Luke McCaffrey,WAS,NYG,WR,NYG@WAS,last_td,0.013324343434343433,7405.0,0.0,0.06445,C,-,tgt_sh 3.8%; team att 32.9; opp DvP 1.09; RZ tgt 0,1.0,
Luke McCaffrey,WAS,NYG,WR,NYG@WAS,2plus_td,0.0019,52532.0,0.0,0.06445,C,-,tgt_sh 3.8%; team att 32.9; opp DvP 1.09; RZ tgt 0,1.0,
Terry McLaurin,WAS,NYG,WR,NYG@WAS,anytime_td,0.29619734062383496,238.0,0.0,0.34857710948179443,B,no game designation yet (DNP),tgt_sh 17.6%; team att 32.9; opp DvP 1.09; RZ tgt 2,0.8055616699684496,
Terry McLaurin,WAS,NYG,WR,NYG@WAS,first_td,0.07056167808000788,1317.0,0.0,0.34857710948179443,B,no game designation yet (DNP),tgt_sh 17.6%; team att 32.9; opp DvP 1.09; RZ tgt 2,0.8055616699684496,
Terry McLaurin,WAS,NYG,WR,NYG@WAS,last_td,0.07056167808000788,1317.0,0.0,0.34857710948179443,B,no game designation yet (DNP),tgt_sh 17.6%; team att 32.9; opp DvP 1.09; RZ tgt 2,0.8055616699684496,
Terry McLaurin,WAS,NYG,WR,NYG@WAS,2plus_td,0.04709829750217472,2023.0,0.0,0.34857710948179443,B,no game designation yet (DNP),tgt_sh 17.6%; team att 32.9; opp DvP 1.09; RZ tgt 2,0.8055616699684496,
Chig Okonkwo,WAS,NYG,TE,NYG@WAS,anytime_td,0.17475575988715322,472.0,0.0,0.19053340995768245,C,no game designation yet (Limited),tgt_sh 11.2%; team att 32.9; opp DvP 1.12; RZ tgt 0,0.9575230478992892,
Chig Okonkwo,WAS,NYG,TE,NYG@WAS,first_td,0.039391229050860205,2439.0,0.0,0.19053340995768245,C,no game designation yet (Limited),tgt_sh 11.2%; team att 32.9; opp DvP 1.12; RZ tgt 0,0.9575230478992892,
Chig Okonkwo,WAS,NYG,TE,NYG@WAS,last_td,0.039391229050860205,2439.0,0.0,0.19053340995768245,C,no game designation yet (Limited),tgt_sh 11.2%; team att 32.9; opp DvP 1.12; RZ tgt 0,0.9575230478992892,
Chig Okonkwo,WAS,NYG,TE,NYG@WAS,2plus_td,0.014680528708008986,6712.0,0.0,0.19053340995768245,C,no game designation yet (Limited),tgt_sh 11.2%; team att 32.9; opp DvP 1.12; RZ tgt 0,0.9575230478992892,
Craig Reynolds,WAS,NYG,RB,NYG@WAS,anytime_td,0.0194,5055.0,0.0159,0.0037,C,-,w_td 0.03; team TD 2.43,1.0,
Craig Reynolds,WAS,NYG,RB,NYG@WAS,first_td,0.0037994715007215007,26219.0,0.0159,0.0037,C,-,w_td 0.03; team TD 2.43,1.0,
Craig Reynolds,WAS,NYG,RB,NYG@WAS,last_td,0.0037994715007215007,26219.0,0.0159,0.0037,C,-,w_td 0.03; team TD 2.43,1.0,
Craig Reynolds,WAS,NYG,RB,NYG@WAS,2plus_td,0.0002,499900.0,0.0159,0.0037,C,-,w_td 0.03; team TD 2.43,1.0,
Ben Sinnott,WAS,NYG,TE,NYG@WAS,anytime_td,0.02711298816413786,3588.0,0.0,0.027530111058970748,C,no game designation yet (Limited),w_td 0.02; team TD 2.43,0.9575230478992892,
Ben Sinnott,WAS,NYG,TE,NYG@WAS,first_td,0.005644510172900599,17616.0,0.0,0.027530111058970748,C,no game designation yet (Limited),w_td 0.02; team TD 2.43,0.9575230478992892,
Ben Sinnott,WAS,NYG,TE,NYG@WAS,last_td,0.005644510172900599,17616.0,0.0,0.027530111058970748,C,no game designation yet (Limited),w_td 0.02; team TD 2.43,0.9575230478992892,
Ben Sinnott,WAS,NYG,TE,NYG@WAS,2plus_td,0.00041712289483289015,239638.0,0.0,0.027530111058970748,C,no game designation yet (Limited),w_td 0.02; team TD 2.43,0.9575230478992892,
Rachaad White,WAS,NYG,RB,NYG@WAS,anytime_td,0.2447780678851175,309.0,0.11202048604137377,0.16398875276159872,B,no game designation yet (Limited),tgt_sh 6.1%; team att 32.9; opp DvP 0.91; RZ tgt 2; car_sh 18.2%; team rush 27.7; opp d_ypc 1.06; inside-10 car 2,0.9951309141019752,
Rachaad White,WAS,NYG,RB,NYG@WAS,first_td,0.056220317669654886,1679.0,0.11202048604137377,0.16398875276159872,B,no game designation yet (Limited),tgt_sh 6.1%; team att 32.9; opp DvP 0.91; RZ tgt 2; car_sh 18.2%; team rush 27.7; opp d_ypc 1.06; inside-10 car 2,0.9951309141019752,
Rachaad White,WAS,NYG,RB,NYG@WAS,last_td,0.056220317669654886,1679.0,0.11202048604137377,0.16398875276159872,B,no game designation yet (Limited),tgt_sh 6.1%; team att 32.9; opp DvP 0.91; RZ tgt 2; car_sh 18.2%; team rush 27.7; opp d_ypc 1.06; inside-10 car 2,0.9951309141019752,
Rachaad White,WAS,NYG,RB,NYG@WAS,2plus_td,0.0293733681462141,3304.0,0.11202048604137377,0.16398875276159872,B,no game designation yet (Limited),tgt_sh 6.1%; team att 32.9; opp DvP 0.91; RZ tgt 2; car_sh 18.2%; team rush 27.7; opp d_ypc 1.06; inside-10 car 2,0.9951309141019752,
Antonio Williams,WAS,NYG,WR,NYG@WAS,anytime_td,0.23565,324.0,0.0,0.2653,B,-,tgt_sh 11.6%; team att 32.9; opp DvP 1.09; RZ tgt 2,1.0,
Antonio Williams,WAS,NYG,WR,NYG@WAS,first_td,0.05398668997668997,1752.0,0.0,0.2653,B,-,tgt_sh 11.6%; team att 32.9; opp DvP 1.09; RZ tgt 2,1.0,
Antonio Williams,WAS,NYG,WR,NYG@WAS,last_td,0.05398668997668997,1752.0,0.0,0.2653,B,-,tgt_sh 11.6%; team att 32.9; opp DvP 1.09; RZ tgt 2,1.0,
Antonio Williams,WAS,NYG,WR,NYG@WAS,2plus_td,0.0279,3484.0,0.0,0.2653,B,-,tgt_sh 11.6%; team att 32.9; opp DvP 1.09; RZ tgt 2,1.0,
Colson Yankoff,WAS,NYG,TE,NYG@WAS,anytime_td,0.02695,3611.0,0.0,0.0272,C,-,w_td 0.02; team TD 2.43,1.0,
Colson Yankoff,WAS,NYG,TE,NYG@WAS,first_td,0.0055057593795093795,18063.0,0.0,0.0272,C,-,w_td 0.02; team TD 2.43,1.0,
Colson Yankoff,WAS,NYG,TE,NYG@WAS,last_td,0.0055057593795093795,18063.0,0.0,0.0272,C,-,w_td 0.02; team TD 2.43,1.0,
Colson Yankoff,WAS,NYG,TE,NYG@WAS,2plus_td,0.00025,399900.0,0.0,0.0272,C,-,w_td 0.02; team TD 2.43,1.0,
Bo Nix,DEN,LAC,QB,DEN@LAC,anytime_td,0.13635,633.0,0.1457,0.0,B,-,team att 34.5; ypa 6.87; opp d_ypa 1.06; pass rate 59.6%,1.0,
Bo Nix,DEN,LAC,QB,DEN@LAC,first_td,0.032070802669552666,3018.0,0.1457,0.0,B,-,team att 34.5; ypa 6.87; opp d_ypa 1.06; pass rate 59.6%,1.0,
Bo Nix,DEN,LAC,QB,DEN@LAC,last_td,0.032070802669552666,3018.0,0.1457,0.0,B,-,team att 34.5; ypa 6.87; opp d_ypa 1.06; pass rate 59.6%,1.0,
Bo Nix,DEN,LAC,QB,DEN@LAC,2plus_td,0.00905,10950.0,0.1457,0.0,B,-,team att 34.5; ypa 6.87; opp d_ypa 1.06; pass rate 59.6%,1.0,
Nate Adkins,DEN,LAC,TE,DEN@LAC,anytime_td,0.10395,862.0,0.00515,0.10355,C,-,w_td 0.08; team TD 2.25,1.0,
Nate Adkins,DEN,LAC,TE,DEN@LAC,first_td,0.02342916305916306,4168.0,0.00515,0.10355,C,-,w_td 0.08; team TD 2.25,1.0,
Nate Adkins,DEN,LAC,TE,DEN@LAC,last_td,0.02342916305916306,4168.0,0.00515,0.10355,C,-,w_td 0.08; team TD 2.25,1.0,
Nate Adkins,DEN,LAC,TE,DEN@LAC,2plus_td,0.00465,21405.0,0.00515,0.10355,C,-,w_td 0.08; team TD 2.25,1.0,
Tyler Badie,DEN,LAC,RB,DEN@LAC,anytime_td,0.12205,719.0,0.0313,0.0981,C,-,tgt_sh 4.6%; team att 34.5; opp DvP 1.09; RZ tgt 2,1.0,
Tyler Badie,DEN,LAC,RB,DEN@LAC,first_td,0.02791731060606061,3482.0,0.0313,0.0981,C,-,tgt_sh 4.6%; team att 34.5; opp DvP 1.09; RZ tgt 2,1.0,
Tyler Badie,DEN,LAC,RB,DEN@LAC,last_td,0.02791731060606061,3482.0,0.0313,0.0981,C,-,tgt_sh 4.6%; team att 34.5; opp DvP 1.09; RZ tgt 2,1.0,
Tyler Badie,DEN,LAC,RB,DEN@LAC,2plus_td,0.0072,13789.0,0.0313,0.0981,C,-,tgt_sh 4.6%; team att 34.5; opp DvP 1.09; RZ tgt 2,1.0,
Pat Bryant,DEN,LAC,WR,DEN@LAC,anytime_td,0.10435,858.0,0.00555,0.10365,C,-,tgt_sh 7.9%; team att 34.5; opp DvP 0.96; RZ tgt 1,1.0,
Pat Bryant,DEN,LAC,WR,DEN@LAC,first_td,0.024066778499278497,4055.0,0.00555,0.10365,C,-,tgt_sh 7.9%; team att 34.5; opp DvP 0.96; RZ tgt 1,1.0,
Pat Bryant,DEN,LAC,WR,DEN@LAC,last_td,0.024066778499278497,4055.0,0.00555,0.10365,C,-,tgt_sh 7.9%; team att 34.5; opp DvP 0.96; RZ tgt 1,1.0,
Pat Bryant,DEN,LAC,WR,DEN@LAC,2plus_td,0.00485,20519.0,0.00555,0.10365,C,-,tgt_sh 7.9%; team att 34.5; opp DvP 0.96; RZ tgt 1,1.0,
J.K. Dobbins,DEN,LAC,RB,DEN@LAC,anytime_td,0.40155,149.0,0.4781,0.02825,B,-,car_sh 44.1%; team rush 24.7; opp d_ypc 0.94; inside-10 car 5,1.0,
J.K. Dobbins,DEN,LAC,RB,DEN@LAC,first_td,0.11073227799977799,803.0,0.4781,0.02825,B,-,car_sh 44.1%; team rush 24.7; opp d_ypc 0.94; inside-10 car 5,1.0,
J.K. Dobbins,DEN,LAC,RB,DEN@LAC,last_td,0.11073227799977799,803.0,0.4781,0.02825,B,-,car_sh 44.1%; team rush 24.7; opp d_ypc 0.94; inside-10 car 5,1.0,
J.K. Dobbins,DEN,LAC,RB,DEN@LAC,2plus_td,0.09075,1002.0,0.4781,0.02825,B,-,car_sh 44.1%; team rush 24.7; opp d_ypc 0.94; inside-10 car 5,1.0,
Evan Engram,DEN,LAC,TE,DEN@LAC,anytime_td,0.13125,662.0,0.0,0.139,C,-,tgt_sh 10.7%; team att 34.5; opp DvP 1.05; RZ tgt 1,1.0,
Evan Engram,DEN,LAC,TE,DEN@LAC,first_td,0.03001205142080142,3232.0,0.0,0.139,C,-,tgt_sh 10.7%; team att 34.5; opp DvP 1.05; RZ tgt 1,1.0,
Evan Engram,DEN,LAC,TE,DEN@LAC,last_td,0.03001205142080142,3232.0,0.0,0.139,C,-,tgt_sh 10.7%; team att 34.5; opp DvP 1.05; RZ tgt 1,1.0,
Evan Engram,DEN,LAC,TE,DEN@LAC,2plus_td,0.00735,13505.0,0.0,0.139,C,-,tgt_sh 10.7%; team att 34.5; opp DvP 1.05; RZ tgt 1,1.0,
Troy Franklin,DEN,LAC,WR,DEN@LAC,anytime_td,0.09785,922.0,0.0078,0.09495,C,-,tgt_sh 7.6%; team att 34.5; opp DvP 0.96; RZ tgt 1,1.0,
Troy Franklin,DEN,LAC,WR,DEN@LAC,first_td,0.022235981795981796,4397.0,0.0078,0.09495,C,-,tgt_sh 7.6%; team att 34.5; opp DvP 0.96; RZ tgt 1,1.0,
Troy Franklin,DEN,LAC,WR,DEN@LAC,last_td,0.022235981795981796,4397.0,0.0078,0.09495,C,-,tgt_sh 7.6%; team att 34.5; opp DvP 0.96; RZ tgt 1,1.0,
Troy Franklin,DEN,LAC,WR,DEN@LAC,2plus_td,0.0048,20733.0,0.0078,0.09495,C,-,tgt_sh 7.6%; team att 34.5; opp DvP 0.96; RZ tgt 1,1.0,
RJ Harvey,DEN,LAC,RB,DEN@LAC,anytime_td,0.30805,225.0,0.168,0.1965,B,-,tgt_sh 13.7%; team att 34.5; opp DvP 1.09; RZ tgt 2; car_sh 20.1%; team rush 24.7; opp d_ypc 0.94; inside-10 car 0,1.0,
RJ Harvey,DEN,LAC,RB,DEN@LAC,first_td,0.07894056929181929,1167.0,0.168,0.1965,B,-,tgt_sh 13.7%; team att 34.5; opp DvP 1.09; RZ tgt 2; car_sh 20.1%; team rush 24.7; opp d_ypc 0.94; inside-10 car 0,1.0,
RJ Harvey,DEN,LAC,RB,DEN@LAC,last_td,0.07894056929181929,1167.0,0.168,0.1965,B,-,tgt_sh 13.7%; team att 34.5; opp DvP 1.09; RZ tgt 2; car_sh 20.1%; team rush 24.7; opp d_ypc 0.94; inside-10 car 0,1.0,
RJ Harvey,DEN,LAC,RB,DEN@LAC,2plus_td,0.05135,1847.0,0.168,0.1965,B,-,tgt_sh 13.7%; team att 34.5; opp DvP 1.09; RZ tgt 2; car_sh 20.1%; team rush 24.7; opp d_ypc 0.94; inside-10 car 0,1.0,
Lil'Jordan Humphrey,DEN,LAC,WR,DEN@LAC,anytime_td,0.04605,2072.0,0.0,0.0466,C,-,tgt_sh 4.7%; team att 34.5; opp DvP 0.96; RZ tgt 0,1.0,
Lil'Jordan Humphrey,DEN,LAC,WR,DEN@LAC,first_td,0.010546116522366521,9382.0,0.0,0.0466,C,-,tgt_sh 4.7%; team att 34.5; opp DvP 0.96; RZ tgt 0,1.0,
Lil'Jordan Humphrey,DEN,LAC,WR,DEN@LAC,last_td,0.010546116522366521,9382.0,0.0,0.0466,C,-,tgt_sh 4.7%; team att 34.5; opp DvP 0.96; RZ tgt 0,1.0,
Lil'Jordan Humphrey,DEN,LAC,WR,DEN@LAC,2plus_td,0.00055,181718.0,0.0,0.0466,C,-,tgt_sh 4.7%; team att 34.5; opp DvP 0.96; RZ tgt 0,1.0,
Marvin Mims Jr.,DEN,LAC,WR,DEN@LAC,anytime_td,0.05535,1707.0,0.0,0.0567,C,-,tgt_sh 5.6%; team att 34.5; opp DvP 0.96; RZ tgt 0,1.0,
Marvin Mims Jr.,DEN,LAC,WR,DEN@LAC,first_td,0.012336931818181818,8006.0,0.0,0.0567,C,-,tgt_sh 5.6%; team att 34.5; opp DvP 0.96; RZ tgt 0,1.0,
Marvin Mims Jr.,DEN,LAC,WR,DEN@LAC,last_td,0.012336931818181818,8006.0,0.0,0.0567,C,-,tgt_sh 5.6%; team att 34.5; opp DvP 0.96; RZ tgt 0,1.0,
Marvin Mims Jr.,DEN,LAC,WR,DEN@LAC,2plus_td,0.00135,73974.0,0.0,0.0567,C,-,tgt_sh 5.6%; team att 34.5; opp DvP 0.96; RZ tgt 0,1.0,
Courtland Sutton,DEN,LAC,WR,DEN@LAC,anytime_td,0.23985,317.0,0.0,0.2691,B,-,tgt_sh 15.2%; team att 34.5; opp DvP 0.96; RZ tgt 5,1.0,
Courtland Sutton,DEN,LAC,WR,DEN@LAC,first_td,0.05855189504939506,1608.0,0.0,0.2691,B,-,tgt_sh 15.2%; team att 34.5; opp DvP 0.96; RZ tgt 5,1.0,
Courtland Sutton,DEN,LAC,WR,DEN@LAC,last_td,0.05855189504939506,1608.0,0.0,0.2691,B,-,tgt_sh 15.2%; team att 34.5; opp DvP 0.96; RZ tgt 5,1.0,
Courtland Sutton,DEN,LAC,WR,DEN@LAC,2plus_td,0.0271,3590.0,0.0,0.2691,B,-,tgt_sh 15.2%; team att 34.5; opp DvP 0.96; RZ tgt 5,1.0,
Adam Trautman,DEN,LAC,TE,DEN@LAC,anytime_td,0.0249,3916.0,0.0,0.02505,C,-,w_td 0.02; team TD 2.25,1.0,
Adam Trautman,DEN,LAC,TE,DEN@LAC,first_td,0.005452179487179487,18241.0,0.0,0.02505,C,-,w_td 0.02; team TD 2.25,1.0,
Adam Trautman,DEN,LAC,TE,DEN@LAC,last_td,0.005452179487179487,18241.0,0.0,0.02505,C,-,w_td 0.02; team TD 2.25,1.0,
Adam Trautman,DEN,LAC,TE,DEN@LAC,2plus_td,0.00015,666567.0,0.0,0.02505,C,-,w_td 0.02; team TD 2.25,1.0,
Jaylen Waddle,DEN,LAC,WR,DEN@LAC,anytime_td,0.20275,393.0,0.0056,0.2184,B,-,tgt_sh 16.9%; team att 34.5; opp DvP 0.96; RZ tgt 2,1.0,
Jaylen Waddle,DEN,LAC,WR,DEN@LAC,first_td,0.04811021991896992,1979.0,0.0056,0.2184,B,-,tgt_sh 16.9%; team att 34.5; opp DvP 0.96; RZ tgt 2,1.0,
Jaylen Waddle,DEN,LAC,WR,DEN@LAC,last_td,0.04811021991896992,1979.0,0.0056,0.2184,B,-,tgt_sh 16.9%; team att 34.5; opp DvP 0.96; RZ tgt 2,1.0,
Jaylen Waddle,DEN,LAC,WR,DEN@LAC,2plus_td,0.01995,4913.0,0.0056,0.2184,B,-,tgt_sh 16.9%; team att 34.5; opp DvP 0.96; RZ tgt 2,1.0,
Justin Herbert,LAC,DEN,QB,DEN@LAC,anytime_td,0.14635,583.0,0.15705,0.0,B,-,team att 32.0; ypa 6.87; opp d_ypa 0.99; pass rate 54.8%,1.0,
Justin Herbert,LAC,DEN,QB,DEN@LAC,first_td,0.03454512737262737,2795.0,0.15705,0.0,B,-,team att 32.0; ypa 6.87; opp d_ypa 0.99; pass rate 54.8%,1.0,
Justin Herbert,LAC,DEN,QB,DEN@LAC,last_td,0.03454512737262737,2795.0,0.15705,0.0,B,-,team att 32.0; ypa 6.87; opp d_ypa 0.99; pass rate 54.8%,1.0,
Justin Herbert,LAC,DEN,QB,DEN@LAC,2plus_td,0.0104,9515.0,0.15705,0.0,B,-,team att 32.0; ypa 6.87; opp d_ypa 0.99; pass rate 54.8%,1.0,
Derius Davis,LAC,DEN,WR,DEN@LAC,anytime_td,0.01665,5906.0,0.0,0.0169,C,-,w_td 0.01; team TD 2.09,1.0,
Derius Davis,LAC,DEN,WR,DEN@LAC,first_td,0.00365853354978355,27233.0,0.0,0.0169,C,-,w_td 0.01; team TD 2.09,1.0,
Derius Davis,LAC,DEN,WR,DEN@LAC,last_td,0.00365853354978355,27233.0,0.0,0.0169,C,-,w_td 0.01; team TD 2.09,1.0,
Derius Davis,LAC,DEN,WR,DEN@LAC,2plus_td,0.00025,399900.0,0.0,0.0169,C,-,w_td 0.01; team TD 2.09,1.0,
Oronde Gadsden II,LAC,DEN,TE,DEN@LAC,anytime_td,0.1929,418.0,0.0044,0.2082,C,-,tgt_sh 11.7%; team att 32.0; opp DvP 0.91; RZ tgt 3,1.0,
Oronde Gadsden II,LAC,DEN,TE,DEN@LAC,first_td,0.045520601759351756,2097.0,0.0044,0.2082,C,-,tgt_sh 11.7%; team att 32.0; opp DvP 0.91; RZ tgt 3,1.0,
Oronde Gadsden II,LAC,DEN,TE,DEN@LAC,last_td,0.045520601759351756,2097.0,0.0044,0.2082,C,-,tgt_sh 11.7%; team att 32.0; opp DvP 0.91; RZ tgt 3,1.0,
Oronde Gadsden II,LAC,DEN,TE,DEN@LAC,2plus_td,0.0185,5305.0,0.0044,0.2082,C,-,tgt_sh 11.7%; team att 32.0; opp DvP 0.91; RZ tgt 3,1.0,
Omarion Hampton,LAC,DEN,RB,DEN@LAC,anytime_td,0.4049,147.0,0.4414,0.06215,B,-,tgt_sh 5.6%; team att 32.0; opp DvP 1.03; RZ tgt 0; car_sh 49.7%; team rush 28.5; opp d_ypc 1.08; inside-10 car 7,1.0,
Omarion Hampton,LAC,DEN,RB,DEN@LAC,first_td,0.11105580919080917,800.0,0.4414,0.06215,B,-,tgt_sh 5.6%; team att 32.0; opp DvP 1.03; RZ tgt 0; car_sh 49.7%; team rush 28.5; opp d_ypc 1.08; inside-10 car 7,1.0,
Omarion Hampton,LAC,DEN,RB,DEN@LAC,last_td,0.11105580919080917,800.0,0.4414,0.06215,B,-,tgt_sh 5.6%; team att 32.0; opp DvP 1.03; RZ tgt 0; car_sh 49.7%; team rush 28.5; opp d_ypc 1.08; inside-10 car 7,1.0,
Omarion Hampton,LAC,DEN,RB,DEN@LAC,2plus_td,0.0856,1068.0,0.4414,0.06215,B,-,tgt_sh 5.6%; team att 32.0; opp DvP 1.03; RZ tgt 0; car_sh 49.7%; team rush 28.5; opp d_ypc 1.08; inside-10 car 7,1.0,
Tre Harris,LAC,DEN,WR,DEN@LAC,anytime_td,0.2103,376.0,0.0,0.2324,B,-,tgt_sh 12.9%; team att 32.0; opp DvP 1.01; RZ tgt 3,1.0,
Tre Harris,LAC,DEN,WR,DEN@LAC,first_td,0.050648200410700416,1874.0,0.0,0.2324,B,-,tgt_sh 12.9%; team att 32.0; opp DvP 1.01; RZ tgt 3,1.0,
Tre Harris,LAC,DEN,WR,DEN@LAC,last_td,0.050648200410700416,1874.0,0.0,0.2324,B,-,tgt_sh 12.9%; team att 32.0; opp DvP 1.01; RZ tgt 3,1.0,
Tre Harris,LAC,DEN,WR,DEN@LAC,2plus_td,0.0206,4754.0,0.0,0.2324,B,-,tgt_sh 12.9%; team att 32.0; opp DvP 1.01; RZ tgt 3,1.0,
Alec Ingold,LAC,DEN,RB,DEN@LAC,anytime_td,0.0523,1812.0,0.0,0.05365,C,-,w_td 0.04; team TD 2.09,1.0,
Alec Ingold,LAC,DEN,RB,DEN@LAC,first_td,0.011957126623376623,8263.0,0.0,0.05365,C,-,w_td 0.04; team TD 2.09,1.0,
Alec Ingold,LAC,DEN,RB,DEN@LAC,last_td,0.011957126623376623,8263.0,0.0,0.05365,C,-,w_td 0.04; team TD 2.09,1.0,
Alec Ingold,LAC,DEN,RB,DEN@LAC,2plus_td,0.00135,73974.0,0.0,0.05365,C,-,w_td 0.04; team TD 2.09,1.0,
Quentin Johnston,LAC,DEN,WR,DEN@LAC,anytime_td,0.16175,518.0,0.00625,0.16925,B,-,tgt_sh 15.4%; team att 32.0; opp DvP 1.01; RZ tgt 0,1.0,
Quentin Johnston,LAC,DEN,WR,DEN@LAC,first_td,0.037506146492396496,2566.0,0.00625,0.16925,B,-,tgt_sh 15.4%; team att 32.0; opp DvP 1.01; RZ tgt 0,1.0,
Quentin Johnston,LAC,DEN,WR,DEN@LAC,last_td,0.037506146492396496,2566.0,0.00625,0.16925,B,-,tgt_sh 15.4%; team att 32.0; opp DvP 1.01; RZ tgt 0,1.0,
Quentin Johnston,LAC,DEN,WR,DEN@LAC,2plus_td,0.01305,7563.0,0.00625,0.16925,B,-,tgt_sh 15.4%; team att 32.0; opp DvP 1.01; RZ tgt 0,1.0,
Charlie Kolar,LAC,DEN,TE,DEN@LAC,anytime_td,0.04125,2324.0,0.0,0.04215,C,-,tgt_sh 3.8%; team att 32.0; opp DvP 0.91; RZ tgt 0,1.0,
Charlie Kolar,LAC,DEN,TE,DEN@LAC,first_td,0.00922405303030303,10741.0,0.0,0.04215,C,-,tgt_sh 3.8%; team att 32.0; opp DvP 0.91; RZ tgt 0,1.0,
Charlie Kolar,LAC,DEN,TE,DEN@LAC,last_td,0.00922405303030303,10741.0,0.0,0.04215,C,-,tgt_sh 3.8%; team att 32.0; opp DvP 0.91; RZ tgt 0,1.0,
Charlie Kolar,LAC,DEN,TE,DEN@LAC,2plus_td,0.0009,111011.0,0.0,0.04215,C,-,tgt_sh 3.8%; team att 32.0; opp DvP 0.91; RZ tgt 0,1.0,
Ladd McConkey,LAC,DEN,WR,DEN@LAC,anytime_td,0.2021,395.0,0.0,0.2237,B,-,tgt_sh 15.0%; team att 32.0; opp DvP 1.01; RZ tgt 2,1.0,
Ladd McConkey,LAC,DEN,WR,DEN@LAC,first_td,0.047980720251970255,1984.0,0.0,0.2237,B,-,tgt_sh 15.0%; team att 32.0; opp DvP 1.01; RZ tgt 2,1.0,
Ladd McConkey,LAC,DEN,WR,DEN@LAC,last_td,0.047980720251970255,1984.0,0.0,0.2237,B,-,tgt_sh 15.0%; team att 32.0; opp DvP 1.01; RZ tgt 2,1.0,
Ladd McConkey,LAC,DEN,WR,DEN@LAC,2plus_td,0.02005,4888.0,0.0,0.2237,B,-,tgt_sh 15.0%; team att 32.0; opp DvP 1.01; RZ tgt 2,1.0,
Keaton Mitchell,LAC,DEN,RB,DEN@LAC,anytime_td,0.21975,355.0,0.1517,0.09375,B,-,tgt_sh 5.6%; team att 32.0; opp DvP 1.03; RZ tgt 1; car_sh 20.9%; team rush 28.5; opp d_ypc 1.08; inside-10 car 1,1.0,
Keaton Mitchell,LAC,DEN,RB,DEN@LAC,first_td,0.05300239538239539,1787.0,0.1517,0.09375,B,-,tgt_sh 5.6%; team att 32.0; opp DvP 1.03; RZ tgt 1; car_sh 20.9%; team rush 28.5; opp d_ypc 1.08; inside-10 car 1,1.0,
Keaton Mitchell,LAC,DEN,RB,DEN@LAC,last_td,0.05300239538239539,1787.0,0.1517,0.09375,B,-,tgt_sh 5.6%; team att 32.0; opp DvP 1.03; RZ tgt 1; car_sh 20.9%; team rush 28.5; opp d_ypc 1.08; inside-10 car 1,1.0,
Keaton Mitchell,LAC,DEN,RB,DEN@LAC,2plus_td,0.02415,4041.0,0.1517,0.09375,B,-,tgt_sh 5.6%; team att 32.0; opp DvP 1.03; RZ tgt 1; car_sh 20.9%; team rush 28.5; opp d_ypc 1.08; inside-10 car 1,1.0,
Brenen Thompson,LAC,DEN,WR,DEN@LAC,anytime_td,0.03915,2454.0,0.0,0.0399,C,-,w_td 0.03; team TD 2.09,1.0,
Brenen Thompson,LAC,DEN,WR,DEN@LAC,first_td,0.008718060966810966,11370.0,0.0,0.0399,C,-,w_td 0.03; team TD 2.09,1.0,
Brenen Thompson,LAC,DEN,WR,DEN@LAC,last_td,0.008718060966810966,11370.0,0.0,0.0399,C,-,w_td 0.03; team TD 2.09,1.0,
Brenen Thompson,LAC,DEN,WR,DEN@LAC,2plus_td,0.0007,142757.0,0.0,0.0399,C,-,w_td 0.03; team TD 2.09,1.0,
Marquez Valdes-Scantling,LAC,DEN,WR,DEN@LAC,anytime_td,0.0393,2445.0,0.0,0.0402,C,-,w_td 0.03; team TD 2.09,1.0,
Marquez Valdes-Scantling,LAC,DEN,WR,DEN@LAC,first_td,0.008824128787878787,11233.0,0.0,0.0402,C,-,w_td 0.03; team TD 2.09,1.0,
Marquez Valdes-Scantling,LAC,DEN,WR,DEN@LAC,last_td,0.008824128787878787,11233.0,0.0,0.0402,C,-,w_td 0.03; team TD 2.09,1.0,
Marquez Valdes-Scantling,LAC,DEN,WR,DEN@LAC,2plus_td,0.0009,111011.0,0.0,0.0402,C,-,w_td 0.03; team TD 2.09,1.0,
Kimani Vidal,LAC,DEN,RB,DEN@LAC,anytime_td,0.1289,676.0,0.0609,0.07575,C,-,tgt_sh 4.0%; team att 32.0; opp DvP 1.03; RZ tgt 1; car_sh 9.5%; team rush 28.5; opp d_ypc 1.08; inside-10 car 0,1.0,
Kimani Vidal,LAC,DEN,RB,DEN@LAC,first_td,0.029831570374070374,3252.0,0.0609,0.07575,C,-,tgt_sh 4.0%; team att 32.0; opp DvP 1.03; RZ tgt 1; car_sh 9.5%; team rush 28.5; opp d_ypc 1.08; inside-10 car 0,1.0,
Kimani Vidal,LAC,DEN,RB,DEN@LAC,last_td,0.029831570374070374,3252.0,0.0609,0.07575,C,-,tgt_sh 4.0%; team att 32.0; opp DvP 1.03; RZ tgt 1; car_sh 9.5%; team rush 28.5; opp d_ypc 1.08; inside-10 car 0,1.0,
Kimani Vidal,LAC,DEN,RB,DEN@LAC,2plus_td,0.00715,13886.0,0.0609,0.07575,C,-,tgt_sh 4.0%; team att 32.0; opp DvP 1.03; RZ tgt 1; car_sh 9.5%; team rush 28.5; opp d_ypc 1.08; inside-10 car 0,1.0,
Jared Goff,DET,ARI,QB,DET@ARI,anytime_td,0.04225,2267.0,0.043,0.0,B,-,team att 35.8; ypa 8.26; opp d_ypa 1.14; pass rate 61.2%,1.0,
Jared Goff,DET,ARI,QB,DET@ARI,first_td,0.00701332597957598,14159.0,0.043,0.0,B,-,team att 35.8; ypa 8.26; opp d_ypa 1.14; pass rate 61.2%,1.0,
Jared Goff,DET,ARI,QB,DET@ARI,last_td,0.00701332597957598,14159.0,0.043,0.0,B,-,team att 35.8; ypa 8.26; opp d_ypa 1.14; pass rate 61.2%,1.0,
Jared Goff,DET,ARI,QB,DET@ARI,2plus_td,0.00075,133233.0,0.043,0.0,B,-,team att 35.8; ypa 8.26; opp d_ypa 1.14; pass rate 61.2%,1.0,
Jahmyr Gibbs,DET,ARI,RB,DET@ARI,anytime_td,0.71575,-252.0,0.8667,0.32265,B,-,tgt_sh 16.2%; team att 35.8; opp DvP 1.01; RZ tgt 6; car_sh 77.5%; team rush 24.1; opp d_ypc 1.00; inside-10 car 10,1.0,
Jahmyr Gibbs,DET,ARI,RB,DET@ARI,first_td,0.19782347444222445,406.0,0.8667,0.32265,B,-,tgt_sh 16.2%; team att 35.8; opp DvP 1.01; RZ tgt 6; car_sh 77.5%; team rush 24.1; opp d_ypc 1.00; inside-10 car 10,1.0,
Jahmyr Gibbs,DET,ARI,RB,DET@ARI,last_td,0.19782347444222445,406.0,0.8667,0.32265,B,-,tgt_sh 16.2%; team att 35.8; opp DvP 1.01; RZ tgt 6; car_sh 77.5%; team rush 24.1; opp d_ypc 1.00; inside-10 car 10,1.0,
Jahmyr Gibbs,DET,ARI,RB,DET@ARI,2plus_td,0.3387,195.0,0.8667,0.32265,B,-,tgt_sh 16.2%; team att 35.8; opp DvP 1.01; RZ tgt 6; car_sh 77.5%; team rush 24.1; opp d_ypc 1.00; inside-10 car 10,1.0,
Sam LaPorta,DET,ARI,TE,DET@ARI,anytime_td,0.4021,149.0,0.0,0.5015,B,-,tgt_sh 19.8%; team att 35.8; opp DvP 1.39; RZ tgt 9,1.0,
Sam LaPorta,DET,ARI,TE,DET@ARI,first_td,0.08262672688422688,1110.0,0.0,0.5015,B,-,tgt_sh 19.8%; team att 35.8; opp DvP 1.39; RZ tgt 9,1.0,
Sam LaPorta,DET,ARI,TE,DET@ARI,last_td,0.08262672688422688,1110.0,0.0,0.5015,B,-,tgt_sh 19.8%; team att 35.8; opp DvP 1.39; RZ tgt 9,1.0,
Sam LaPorta,DET,ARI,TE,DET@ARI,2plus_td,0.08715,1047.0,0.0,0.5015,B,-,tgt_sh 19.8%; team att 35.8; opp DvP 1.39; RZ tgt 9,1.0,
Jackson Meeks,DET,ARI,WR,DET@ARI,anytime_td,0.0267,3645.0,0.0,0.0273,C,-,w_td 0.02; team TD 3.11,1.0,
Jackson Meeks,DET,ARI,WR,DET@ARI,first_td,0.004483896381396382,22202.0,0.0,0.0273,C,-,w_td 0.02; team TD 3.11,1.0,
Jackson Meeks,DET,ARI,WR,DET@ARI,last_td,0.004483896381396382,22202.0,0.0,0.0273,C,-,w_td 0.02; team TD 3.11,1.0,
Jackson Meeks,DET,ARI,WR,DET@ARI,2plus_td,0.0006,166567.0,0.0,0.0273,C,-,w_td 0.02; team TD 3.11,1.0,
Amon-Ra St. Brown,DET,ARI,WR,DET@ARI,anytime_td,0.4851,106.0,0.0,0.64095,B,-,tgt_sh 28.4%; team att 35.8; opp DvP 1.14; RZ tgt 12,1.0,
Amon-Ra St. Brown,DET,ARI,WR,DET@ARI,first_td,0.10529324654512154,850.0,0.0,0.64095,B,-,tgt_sh 28.4%; team att 35.8; opp DvP 1.14; RZ tgt 12,1.0,
Amon-Ra St. Brown,DET,ARI,WR,DET@ARI,last_td,0.10529324654512154,850.0,0.0,0.64095,B,-,tgt_sh 28.4%; team att 35.8; opp DvP 1.14; RZ tgt 12,1.0,
Amon-Ra St. Brown,DET,ARI,WR,DET@ARI,2plus_td,0.13205,657.0,0.0,0.64095,B,-,tgt_sh 28.4%; team att 35.8; opp DvP 1.14; RZ tgt 12,1.0,
Isaac TeSlaa,DET,ARI,WR,DET@ARI,anytime_td,0.1542,549.0,0.0,0.1671,C,-,tgt_sh 7.6%; team att 35.8; opp DvP 1.14; RZ tgt 3,1.0,
Isaac TeSlaa,DET,ARI,WR,DET@ARI,first_td,0.027510068334443333,3535.0,0.0,0.1671,C,-,tgt_sh 7.6%; team att 35.8; opp DvP 1.14; RZ tgt 3,1.0,
Isaac TeSlaa,DET,ARI,WR,DET@ARI,last_td,0.027510068334443333,3535.0,0.0,0.1671,C,-,tgt_sh 7.6%; team att 35.8; opp DvP 1.14; RZ tgt 3,1.0,
Isaac TeSlaa,DET,ARI,WR,DET@ARI,2plus_td,0.01225,8063.0,0.0,0.1671,C,-,tgt_sh 7.6%; team att 35.8; opp DvP 1.14; RZ tgt 3,1.0,
Sione Vaki,DET,ARI,RB,DET@ARI,anytime_td,0.1376,627.0,0.11055,0.03685,C,-,car_sh 12.7%; team rush 24.1; opp d_ypc 1.00; inside-10 car 0,1.0,
Sione Vaki,DET,ARI,RB,DET@ARI,first_td,0.024471257908757905,3986.0,0.11055,0.03685,C,-,car_sh 12.7%; team rush 24.1; opp d_ypc 1.00; inside-10 car 0,1.0,
Sione Vaki,DET,ARI,RB,DET@ARI,last_td,0.024471257908757905,3986.0,0.11055,0.03685,C,-,car_sh 12.7%; team rush 24.1; opp d_ypc 1.00; inside-10 car 0,1.0,
Sione Vaki,DET,ARI,RB,DET@ARI,2plus_td,0.00945,10482.0,0.11055,0.03685,C,-,car_sh 12.7%; team rush 24.1; opp d_ypc 1.00; inside-10 car 0,1.0,
Jameson Williams,DET,ARI,WR,DET@ARI,anytime_td,0.22825,338.0,0.0,0.25735,B,-,tgt_sh 15.8%; team att 35.8; opp DvP 1.14; RZ tgt 2,1.0,
Jameson Williams,DET,ARI,WR,DET@ARI,first_td,0.042110429431679426,2275.0,0.0,0.25735,B,-,tgt_sh 15.8%; team att 35.8; opp DvP 1.14; RZ tgt 2,1.0,
Jameson Williams,DET,ARI,WR,DET@ARI,last_td,0.042110429431679426,2275.0,0.0,0.25735,B,-,tgt_sh 15.8%; team att 35.8; opp DvP 1.14; RZ tgt 2,1.0,
Jameson Williams,DET,ARI,WR,DET@ARI,2plus_td,0.02675,3638.0,0.0,0.25735,B,-,tgt_sh 15.8%; team att 35.8; opp DvP 1.14; RZ tgt 2,1.0,
Brock Wright,DET,ARI,TE,DET@ARI,anytime_td,0.0882,1034.0,0.0,0.09185,C,-,tgt_sh 4.5%; team att 35.8; opp DvP 1.39; RZ tgt 1,1.0,
Brock Wright,DET,ARI,TE,DET@ARI,first_td,0.015127374708624708,6511.0,0.0,0.09185,C,-,tgt_sh 4.5%; team att 35.8; opp DvP 1.39; RZ tgt 1,1.0,
Brock Wright,DET,ARI,TE,DET@ARI,last_td,0.015127374708624708,6511.0,0.0,0.09185,C,-,tgt_sh 4.5%; team att 35.8; opp DvP 1.39; RZ tgt 1,1.0,
Brock Wright,DET,ARI,TE,DET@ARI,2plus_td,0.0036,27678.0,0.0,0.09185,C,-,tgt_sh 4.5%; team att 35.8; opp DvP 1.39; RZ tgt 1,1.0,
Jacoby Brissett,ARI,DET,QB,DET@ARI,anytime_td,0.1391,619.0,0.1494,0.0,B,-,team att 36.9; ypa 6.53; opp d_ypa 1.07; pass rate 60.0%,1.0,
Jacoby Brissett,ARI,DET,QB,DET@ARI,first_td,0.02478272761960262,3935.0,0.1494,0.0,B,-,team att 36.9; ypa 6.53; opp d_ypa 1.07; pass rate 60.0%,1.0,
Jacoby Brissett,ARI,DET,QB,DET@ARI,last_td,0.02478272761960262,3935.0,0.1494,0.0,B,-,team att 36.9; ypa 6.53; opp d_ypa 1.07; pass rate 60.0%,1.0,
Jacoby Brissett,ARI,DET,QB,DET@ARI,2plus_td,0.0099,10001.0,0.1494,0.0,B,-,team att 36.9; ypa 6.53; opp d_ypa 1.07; pass rate 60.0%,1.0,
Tyler Allgeier,ARI,DET,RB,DET@ARI,anytime_td,0.3163,216.0,0.27085,0.09985,B,-,tgt_sh 5.1%; team att 36.9; opp DvP 0.90; RZ tgt 2; car_sh 27.0%; team rush 26.1; opp d_ypc 1.03; inside-10 car 3,1.0,
Tyler Allgeier,ARI,DET,RB,DET@ARI,first_td,0.06077665431790432,1545.0,0.27085,0.09985,B,-,tgt_sh 5.1%; team att 36.9; opp DvP 0.90; RZ tgt 2; car_sh 27.0%; team rush 26.1; opp d_ypc 1.03; inside-10 car 3,1.0,
Tyler Allgeier,ARI,DET,RB,DET@ARI,last_td,0.06077665431790432,1545.0,0.27085,0.09985,B,-,tgt_sh 5.1%; team att 36.9; opp DvP 0.90; RZ tgt 2; car_sh 27.0%; team rush 26.1; opp d_ypc 1.03; inside-10 car 3,1.0,
Tyler Allgeier,ARI,DET,RB,DET@ARI,2plus_td,0.0487,1953.0,0.27085,0.09985,B,-,tgt_sh 5.1%; team att 36.9; opp DvP 0.90; RZ tgt 2; car_sh 27.0%; team rush 26.1; opp d_ypc 1.03; inside-10 car 3,1.0,
Kendrick Bourne,ARI,DET,WR,DET@ARI,anytime_td,0.16015,524.0,0.0,0.1732,C,-,tgt_sh 10.4%; team att 36.9; opp DvP 1.07; RZ tgt 2,1.0,
Kendrick Bourne,ARI,DET,WR,DET@ARI,first_td,0.028007798937173936,3470.0,0.0,0.1732,C,-,tgt_sh 10.4%; team att 36.9; opp DvP 1.07; RZ tgt 2,1.0,
Kendrick Bourne,ARI,DET,WR,DET@ARI,last_td,0.028007798937173936,3470.0,0.0,0.1732,C,-,tgt_sh 10.4%; team att 36.9; opp DvP 1.07; RZ tgt 2,1.0,
Kendrick Bourne,ARI,DET,WR,DET@ARI,2plus_td,0.0121,8164.0,0.0,0.1732,C,-,tgt_sh 10.4%; team att 36.9; opp DvP 1.07; RZ tgt 2,1.0,
Jalen Brooks,ARI,DET,WR,DET@ARI,anytime_td,0.02035,4814.0,0.0,0.02055,C,-,w_td 0.01; team TD 2.74,1.0,
Jalen Brooks,ARI,DET,WR,DET@ARI,first_td,0.0033446181596181596,29799.0,0.0,0.02055,C,-,w_td 0.01; team TD 2.74,1.0,
Jalen Brooks,ARI,DET,WR,DET@ARI,last_td,0.0033446181596181596,29799.0,0.0,0.02055,C,-,w_td 0.01; team TD 2.74,1.0,
Jalen Brooks,ARI,DET,WR,DET@ARI,2plus_td,0.0002,499900.0,0.0,0.02055,C,-,w_td 0.01; team TD 2.74,1.0,
Marvin Harrison Jr.,ARI,DET,WR,DET@ARI,anytime_td,0.17315,478.0,0.0,0.18735,C,-,tgt_sh 11.7%; team att 36.9; opp DvP 1.07; RZ tgt 2,1.0,
Marvin Harrison Jr.,ARI,DET,WR,DET@ARI,first_td,0.030335065767565766,3197.0,0.0,0.18735,C,-,tgt_sh 11.7%; team att 36.9; opp DvP 1.07; RZ tgt 2,1.0,
Marvin Harrison Jr.,ARI,DET,WR,DET@ARI,last_td,0.030335065767565766,3197.0,0.0,0.18735,C,-,tgt_sh 11.7%; team att 36.9; opp DvP 1.07; RZ tgt 2,1.0,
Marvin Harrison Jr.,ARI,DET,WR,DET@ARI,2plus_td,0.01355,7280.0,0.0,0.18735,C,-,tgt_sh 11.7%; team att 36.9; opp DvP 1.07; RZ tgt 2,1.0,
Elijah Higgins,ARI,DET,TE,DET@ARI,anytime_td,0.07025,1323.0,0.0,0.07255,C,-,tgt_sh 4.1%; team att 36.9; opp DvP 1.13; RZ tgt 1,1.0,
Elijah Higgins,ARI,DET,TE,DET@ARI,first_td,0.011617562298812298,8508.0,0.0,0.07255,C,-,tgt_sh 4.1%; team att 36.9; opp DvP 1.13; RZ tgt 1,1.0,
Elijah Higgins,ARI,DET,TE,DET@ARI,last_td,0.011617562298812298,8508.0,0.0,0.07255,C,-,tgt_sh 4.1%; team att 36.9; opp DvP 1.13; RZ tgt 1,1.0,
Elijah Higgins,ARI,DET,TE,DET@ARI,2plus_td,0.0023,43378.0,0.0,0.07255,C,-,tgt_sh 4.1%; team att 36.9; opp DvP 1.13; RZ tgt 1,1.0,
Bam Knight,ARI,DET,RB,DET@ARI,anytime_td,0.08705,1049.0,0.0642,0.02695,C,-,w_td 0.08; team TD 2.74,1.0,
Bam Knight,ARI,DET,RB,DET@ARI,first_td,0.015159346209346211,6497.0,0.0642,0.02695,C,-,w_td 0.08; team TD 2.74,1.0,
Bam Knight,ARI,DET,RB,DET@ARI,last_td,0.015159346209346211,6497.0,0.0642,0.02695,C,-,w_td 0.08; team TD 2.74,1.0,
Bam Knight,ARI,DET,RB,DET@ARI,2plus_td,0.0041,24290.0,0.0642,0.02695,C,-,w_td 0.08; team TD 2.74,1.0,
Jeremiyah Love,ARI,DET,RB,DET@ARI,anytime_td,0.4759,110.0,0.47165,0.15605,B,-,tgt_sh 8.8%; team att 36.9; opp DvP 0.90; RZ tgt 3; car_sh 50.9%; team rush 26.1; opp d_ypc 1.03; inside-10 car 4,1.0,
Jeremiyah Love,ARI,DET,RB,DET@ARI,first_td,0.10293653298090799,871.0,0.47165,0.15605,B,-,tgt_sh 8.8%; team att 36.9; opp DvP 0.90; RZ tgt 3; car_sh 50.9%; team rush 26.1; opp d_ypc 1.03; inside-10 car 4,1.0,
Jeremiyah Love,ARI,DET,RB,DET@ARI,last_td,0.10293653298090799,871.0,0.47165,0.15605,B,-,tgt_sh 8.8%; team att 36.9; opp DvP 0.90; RZ tgt 3; car_sh 50.9%; team rush 26.1; opp d_ypc 1.03; inside-10 car 4,1.0,
Jeremiyah Love,ARI,DET,RB,DET@ARI,2plus_td,0.1277,683.0,0.47165,0.15605,B,-,tgt_sh 8.8%; team att 36.9; opp DvP 0.90; RZ tgt 3; car_sh 50.9%; team rush 26.1; opp d_ypc 1.03; inside-10 car 4,1.0,
Trey McBride,ARI,DET,TE,DET@ARI,anytime_td,0.43545,130.0,0.0,0.55605,B,-,tgt_sh 29.2%; team att 36.9; opp DvP 1.13; RZ tgt 9,1.0,
Trey McBride,ARI,DET,TE,DET@ARI,first_td,0.09089112796925297,1000.0,0.0,0.55605,B,-,tgt_sh 29.2%; team att 36.9; opp DvP 1.13; RZ tgt 9,1.0,
Trey McBride,ARI,DET,TE,DET@ARI,last_td,0.09089112796925297,1000.0,0.0,0.55605,B,-,tgt_sh 29.2%; team att 36.9; opp DvP 1.13; RZ tgt 9,1.0,
Trey McBride,ARI,DET,TE,DET@ARI,2plus_td,0.10265,874.0,0.0,0.55605,B,-,tgt_sh 29.2%; team att 36.9; opp DvP 1.13; RZ tgt 9,1.0,
Michael Wilson,ARI,DET,WR,DET@ARI,anytime_td,0.37535,166.0,0.0,0.45905,B,-,tgt_sh 22.0%; team att 36.9; opp DvP 1.07; RZ tgt 9,1.0,
Michael Wilson,ARI,DET,WR,DET@ARI,first_td,0.07463378364690865,1240.0,0.0,0.45905,B,-,tgt_sh 22.0%; team att 36.9; opp DvP 1.07; RZ tgt 9,1.0,
Michael Wilson,ARI,DET,WR,DET@ARI,last_td,0.07463378364690865,1240.0,0.0,0.45905,B,-,tgt_sh 22.0%; team att 36.9; opp DvP 1.07; RZ tgt 9,1.0,
Michael Wilson,ARI,DET,WR,DET@ARI,2plus_td,0.07335,1263.0,0.0,0.45905,B,-,tgt_sh 22.0%; team att 36.9; opp DvP 1.07; RZ tgt 9,1.0,
Brock Purdy,SF,SEA,QB,SF@SEA,anytime_td,0.0915,993.0,0.0954,0.0,B,-,team att 30.7; ypa 6.99; opp d_ypa 0.86; pass rate 52.0%,1.0,
Brock Purdy,SF,SEA,QB,SF@SEA,first_td,0.017405686951936953,5645.0,0.0954,0.0,B,-,team att 30.7; ypa 6.99; opp d_ypa 0.86; pass rate 52.0%,1.0,
Brock Purdy,SF,SEA,QB,SF@SEA,last_td,0.017405686951936953,5645.0,0.0954,0.0,B,-,team att 30.7; ypa 6.99; opp d_ypa 0.86; pass rate 52.0%,1.0,
Brock Purdy,SF,SEA,QB,SF@SEA,2plus_td,0.0038,26216.0,0.0954,0.0,B,-,team att 30.7; ypa 6.99; opp d_ypa 0.86; pass rate 52.0%,1.0,
Kaelon Black,SF,SEA,RB,SF@SEA,anytime_td,0.1681,495.0,0.162,0.02005,B,-,car_sh 23.5%; team rush 29.0; opp d_ypc 0.93; inside-10 car 1,1.0,
Kaelon Black,SF,SEA,RB,SF@SEA,first_td,0.032364466505716505,2990.0,0.162,0.02005,B,-,car_sh 23.5%; team rush 29.0; opp d_ypc 0.93; inside-10 car 1,1.0,
Kaelon Black,SF,SEA,RB,SF@SEA,last_td,0.032364466505716505,2990.0,0.162,0.02005,B,-,car_sh 23.5%; team rush 29.0; opp d_ypc 0.93; inside-10 car 1,1.0,
Kaelon Black,SF,SEA,RB,SF@SEA,2plus_td,0.01335,7391.0,0.162,0.02005,B,-,car_sh 23.5%; team rush 29.0; opp d_ypc 0.93; inside-10 car 1,1.0,
Brandin Cooks,SF,SEA,WR,SF@SEA,anytime_td,0.0581,1621.0,0.0,0.05935,C,-,tgt_sh 4.3%; team att 30.7; opp DvP 0.94; RZ tgt 0,1.0,
Brandin Cooks,SF,SEA,WR,SF@SEA,first_td,0.010452832445332445,9467.0,0.0,0.05935,C,-,tgt_sh 4.3%; team att 30.7; opp DvP 0.94; RZ tgt 0,1.0,
Brandin Cooks,SF,SEA,WR,SF@SEA,last_td,0.010452832445332445,9467.0,0.0,0.05935,C,-,tgt_sh 4.3%; team att 30.7; opp DvP 0.94; RZ tgt 0,1.0,
Brandin Cooks,SF,SEA,WR,SF@SEA,2plus_td,0.00125,79900.0,0.0,0.05935,C,-,tgt_sh 4.3%; team att 30.7; opp DvP 0.94; RZ tgt 0,1.0,
Jacob Cowing,SF,SEA,WR,SF@SEA,anytime_td,0.0334,2894.0,0.00355,0.03035,C,-,w_td 0.02; team TD 2.61,1.0,
Jacob Cowing,SF,SEA,WR,SF@SEA,first_td,0.006165259740259741,16120.0,0.00355,0.03035,C,-,w_td 0.02; team TD 2.61,1.0,
Jacob Cowing,SF,SEA,WR,SF@SEA,last_td,0.006165259740259741,16120.0,0.00355,0.03035,C,-,w_td 0.02; team TD 2.61,1.0,
Jacob Cowing,SF,SEA,WR,SF@SEA,2plus_td,0.0005,199900.0,0.00355,0.03035,C,-,w_td 0.02; team TD 2.61,1.0,
Mike Evans,SF,SEA,WR,SF@SEA,anytime_td,0.32585,207.0,0.0,0.3906,B,-,tgt_sh 19.6%; team att 30.7; opp DvP 0.94; RZ tgt 4,1.0,
Mike Evans,SF,SEA,WR,SF@SEA,first_td,0.06816200591075591,1367.0,0.0,0.3906,B,-,tgt_sh 19.6%; team att 30.7; opp DvP 0.94; RZ tgt 4,1.0,
Mike Evans,SF,SEA,WR,SF@SEA,last_td,0.06816200591075591,1367.0,0.0,0.3906,B,-,tgt_sh 19.6%; team att 30.7; opp DvP 0.94; RZ tgt 4,1.0,
Mike Evans,SF,SEA,WR,SF@SEA,2plus_td,0.05825,1617.0,0.0,0.3906,B,-,tgt_sh 19.6%; team att 30.7; opp DvP 0.94; RZ tgt 4,1.0,
Luke Farrell,SF,SEA,TE,SF@SEA,anytime_td,0.0266,3659.0,0.0,0.0267,C,-,w_td 0.02; team TD 2.61,1.0,
Luke Farrell,SF,SEA,TE,SF@SEA,first_td,0.004625047452547452,21521.0,0.0,0.0267,C,-,w_td 0.02; team TD 2.61,1.0,
Luke Farrell,SF,SEA,TE,SF@SEA,last_td,0.004625047452547452,21521.0,0.0,0.0267,C,-,w_td 0.02; team TD 2.61,1.0,
Luke Farrell,SF,SEA,TE,SF@SEA,2plus_td,0.0001,999900.0,0.0,0.0267,C,-,w_td 0.02; team TD 2.61,1.0,
Jordan James,SF,SEA,RB,SF@SEA,anytime_td,0.05515,1713.0,0.04905,0.00745,C,-,w_td 0.06; team TD 2.61,1.0,
Jordan James,SF,SEA,RB,SF@SEA,first_td,0.010245572344322343,9660.0,0.04905,0.00745,C,-,w_td 0.06; team TD 2.61,1.0,
Jordan James,SF,SEA,RB,SF@SEA,last_td,0.010245572344322343,9660.0,0.04905,0.00745,C,-,w_td 0.06; team TD 2.61,1.0,
Jordan James,SF,SEA,RB,SF@SEA,2plus_td,0.00135,73974.0,0.04905,0.00745,C,-,w_td 0.06; team TD 2.61,1.0,
Kyle Juszczyk,SF,SEA,RB,SF@SEA,anytime_td,0.1217,722.0,0.0,0.1295,C,-,tgt_sh 4.8%; team att 30.7; opp DvP 1.05; RZ tgt 2,1.0,
Kyle Juszczyk,SF,SEA,RB,SF@SEA,first_td,0.022935854700854703,4260.0,0.0,0.1295,C,-,tgt_sh 4.8%; team att 30.7; opp DvP 1.05; RZ tgt 2,1.0,
Kyle Juszczyk,SF,SEA,RB,SF@SEA,last_td,0.022935854700854703,4260.0,0.0,0.1295,C,-,tgt_sh 4.8%; team att 30.7; opp DvP 1.05; RZ tgt 2,1.0,
Kyle Juszczyk,SF,SEA,RB,SF@SEA,2plus_td,0.00755,13145.0,0.0,0.1295,C,-,tgt_sh 4.8%; team att 30.7; opp DvP 1.05; RZ tgt 2,1.0,
George Kittle,SF,SEA,TE,SF@SEA,anytime_td,0.3314,202.0,0.0,0.3972,B,-,tgt_sh 18.9%; team att 30.7; opp DvP 0.88; RZ tgt 5,1.0,
George Kittle,SF,SEA,TE,SF@SEA,first_td,0.06946319347319348,1340.0,0.0,0.3972,B,-,tgt_sh 18.9%; team att 30.7; opp DvP 0.88; RZ tgt 5,1.0,
George Kittle,SF,SEA,TE,SF@SEA,last_td,0.06946319347319348,1340.0,0.0,0.3972,B,-,tgt_sh 18.9%; team att 30.7; opp DvP 0.88; RZ tgt 5,1.0,
George Kittle,SF,SEA,TE,SF@SEA,2plus_td,0.05985,1571.0,0.0,0.3972,B,-,tgt_sh 18.9%; team att 30.7; opp DvP 0.88; RZ tgt 5,1.0,
Christian McCaffrey,SF,SEA,RB,SF@SEA,anytime_td,0.54425,-119.0,0.4093,0.3494,B,-,tgt_sh 17.1%; team att 30.7; opp DvP 1.05; RZ tgt 3; car_sh 43.4%; team rush 29.0; opp d_ypc 0.93; inside-10 car 9,1.0,
Christian McCaffrey,SF,SEA,RB,SF@SEA,first_td,0.13336603937728936,650.0,0.4093,0.3494,B,-,tgt_sh 17.1%; team att 30.7; opp DvP 1.05; RZ tgt 3; car_sh 43.4%; team rush 29.0; opp d_ypc 0.93; inside-10 car 9,1.0,
Christian McCaffrey,SF,SEA,RB,SF@SEA,last_td,0.13336603937728936,650.0,0.4093,0.3494,B,-,tgt_sh 17.1%; team att 30.7; opp DvP 1.05; RZ tgt 3; car_sh 43.4%; team rush 29.0; opp d_ypc 0.93; inside-10 car 9,1.0,
Christian McCaffrey,SF,SEA,RB,SF@SEA,2plus_td,0.1738,475.0,0.4093,0.3494,B,-,tgt_sh 17.1%; team att 30.7; opp DvP 1.05; RZ tgt 3; car_sh 43.4%; team rush 29.0; opp d_ypc 0.93; inside-10 car 9,1.0,
Deebo Samuel Sr.,SF,SEA,WR,SF@SEA,anytime_td,0.3062,227.0,0.0139,0.3448,B,-,tgt_sh 14.9%; team att 30.7; opp DvP 0.94; RZ tgt 5,1.0,
Deebo Samuel Sr.,SF,SEA,WR,SF@SEA,first_td,0.06345045634920635,1476.0,0.0139,0.3448,B,-,tgt_sh 14.9%; team att 30.7; opp DvP 0.94; RZ tgt 5,1.0,
Deebo Samuel Sr.,SF,SEA,WR,SF@SEA,last_td,0.06345045634920635,1476.0,0.0139,0.3448,B,-,tgt_sh 14.9%; team att 30.7; opp DvP 0.94; RZ tgt 5,1.0,
Deebo Samuel Sr.,SF,SEA,WR,SF@SEA,2plus_td,0.04675,2039.0,0.0139,0.3448,B,-,tgt_sh 14.9%; team att 30.7; opp DvP 0.94; RZ tgt 5,1.0,
Jordan Watkins,SF,SEA,WR,SF@SEA,anytime_td,0.0469,2032.0,0.0,0.048,C,-,w_td 0.03; team TD 2.61,1.0,
Jordan Watkins,SF,SEA,WR,SF@SEA,first_td,0.008518711982461983,11639.0,0.0,0.048,C,-,w_td 0.03; team TD 2.61,1.0,
Jordan Watkins,SF,SEA,WR,SF@SEA,last_td,0.008518711982461983,11639.0,0.0,0.048,C,-,w_td 0.03; team TD 2.61,1.0,
Jordan Watkins,SF,SEA,WR,SF@SEA,2plus_td,0.0011,90809.0,0.0,0.048,C,-,w_td 0.03; team TD 2.61,1.0,
Sam Darnold,SEA,SF,QB,SF@SEA,anytime_td,0.0585,1609.0,0.06015,0.0,B,-,team att 31.5; ypa 7.13; opp d_ypa 0.90; pass rate 53.2%,1.0,
Sam Darnold,SEA,SF,QB,SF@SEA,first_td,0.010806218087468088,9154.0,0.06015,0.0,B,-,team att 31.5; ypa 7.13; opp d_ypa 0.90; pass rate 53.2%,1.0,
Sam Darnold,SEA,SF,QB,SF@SEA,last_td,0.010806218087468088,9154.0,0.06015,0.0,B,-,team att 31.5; ypa 7.13; opp d_ypa 0.90; pass rate 53.2%,1.0,
Sam Darnold,SEA,SF,QB,SF@SEA,2plus_td,0.00165,60506.0,0.06015,0.0,B,-,team att 31.5; ypa 7.13; opp d_ypa 0.90; pass rate 53.2%,1.0,
Elijah Arroyo,SEA,SF,TE,SF@SEA,anytime_td,0.0397,2419.0,0.0,0.04045,C,-,w_td 0.02; team TD 2.82,1.0,
Elijah Arroyo,SEA,SF,TE,SF@SEA,first_td,0.007156640165390165,13873.0,0.0,0.04045,C,-,w_td 0.02; team TD 2.82,1.0,
Elijah Arroyo,SEA,SF,TE,SF@SEA,last_td,0.007156640165390165,13873.0,0.0,0.04045,C,-,w_td 0.02; team TD 2.82,1.0,
Elijah Arroyo,SEA,SF,TE,SF@SEA,2plus_td,0.00075,133233.0,0.0,0.04045,C,-,w_td 0.02; team TD 2.82,1.0,
AJ Barner,SEA,SF,TE,SF@SEA,anytime_td,0.31595,217.0,0.02575,0.3457,B,-,tgt_sh 13.4%; team att 31.5; opp DvP 0.92; RZ tgt 5,1.0,
AJ Barner,SEA,SF,TE,SF@SEA,first_td,0.06550242895992896,1427.0,0.02575,0.3457,B,-,tgt_sh 13.4%; team att 31.5; opp DvP 0.92; RZ tgt 5,1.0,
AJ Barner,SEA,SF,TE,SF@SEA,last_td,0.06550242895992896,1427.0,0.02575,0.3457,B,-,tgt_sh 13.4%; team att 31.5; opp DvP 0.92; RZ tgt 5,1.0,
AJ Barner,SEA,SF,TE,SF@SEA,2plus_td,0.05015,1894.0,0.02575,0.3457,B,-,tgt_sh 13.4%; team att 31.5; opp DvP 0.92; RZ tgt 5,1.0,
George Holani,SEA,SF,RB,SF@SEA,anytime_td,0.27605,262.0,0.21235,0.10505,B,-,tgt_sh 4.7%; team att 31.5; opp DvP 0.98; RZ tgt 1; car_sh 17.8%; team rush 29.0; opp d_ypc 0.94; inside-10 car 3,1.0,
George Holani,SEA,SF,RB,SF@SEA,first_td,0.056213637057387064,1679.0,0.21235,0.10505,B,-,tgt_sh 4.7%; team att 31.5; opp DvP 0.98; RZ tgt 1; car_sh 17.8%; team rush 29.0; opp d_ypc 0.94; inside-10 car 3,1.0,
George Holani,SEA,SF,RB,SF@SEA,last_td,0.056213637057387064,1679.0,0.21235,0.10505,B,-,tgt_sh 4.7%; team att 31.5; opp DvP 0.98; RZ tgt 1; car_sh 17.8%; team rush 29.0; opp d_ypc 0.94; inside-10 car 3,1.0,
George Holani,SEA,SF,RB,SF@SEA,2plus_td,0.03765,2556.0,0.21235,0.10505,B,-,tgt_sh 4.7%; team att 31.5; opp DvP 0.98; RZ tgt 1; car_sh 17.8%; team rush 29.0; opp d_ypc 0.94; inside-10 car 3,1.0,
Tory Horton,SEA,SF,WR,SF@SEA,anytime_td,0.1097,812.0,0.0,0.1155,C,-,tgt_sh 6.1%; team att 31.5; opp DvP 0.88; RZ tgt 1,1.0,
Tory Horton,SEA,SF,WR,SF@SEA,first_td,0.020479476773226774,4783.0,0.0,0.1155,C,-,tgt_sh 6.1%; team att 31.5; opp DvP 0.88; RZ tgt 1,1.0,
Tory Horton,SEA,SF,WR,SF@SEA,last_td,0.020479476773226774,4783.0,0.0,0.1155,C,-,tgt_sh 6.1%; team att 31.5; opp DvP 0.88; RZ tgt 1,1.0,
Tory Horton,SEA,SF,WR,SF@SEA,2plus_td,0.00565,17599.0,0.0,0.1155,C,-,tgt_sh 6.1%; team att 31.5; opp DvP 0.88; RZ tgt 1,1.0,
Cooper Kupp,SEA,SF,WR,SF@SEA,anytime_td,0.17825,461.0,0.0,0.19625,C,-,tgt_sh 11.6%; team att 31.5; opp DvP 0.88; RZ tgt 1,1.0,
Cooper Kupp,SEA,SF,WR,SF@SEA,first_td,0.034178329309579314,2826.0,0.0,0.19625,C,-,tgt_sh 11.6%; team att 31.5; opp DvP 0.88; RZ tgt 1,1.0,
Cooper Kupp,SEA,SF,WR,SF@SEA,last_td,0.034178329309579314,2826.0,0.0,0.19625,C,-,tgt_sh 11.6%; team att 31.5; opp DvP 0.88; RZ tgt 1,1.0,
Cooper Kupp,SEA,SF,WR,SF@SEA,2plus_td,0.01715,5731.0,0.0,0.19625,C,-,tgt_sh 11.6%; team att 31.5; opp DvP 0.88; RZ tgt 1,1.0,
Brady Russell,SEA,SF,RB,SF@SEA,anytime_td,0.0256,3806.0,0.0,0.02585,C,-,w_td 0.01; team TD 2.82,1.0,
Brady Russell,SEA,SF,RB,SF@SEA,first_td,0.004493694638694639,22153.0,0.0,0.02585,C,-,w_td 0.01; team TD 2.82,1.0,
Brady Russell,SEA,SF,RB,SF@SEA,last_td,0.004493694638694639,22153.0,0.0,0.02585,C,-,w_td 0.01; team TD 2.82,1.0,
Brady Russell,SEA,SF,RB,SF@SEA,2plus_td,0.00025,399900.0,0.0,0.02585,C,-,w_td 0.01; team TD 2.82,1.0,
Eric Saubert,SEA,SF,TE,SF@SEA,anytime_td,0.08415,1088.0,0.0,0.0875,C,-,w_td 0.04; team TD 2.82,1.0,
Eric Saubert,SEA,SF,TE,SF@SEA,first_td,0.01548205669330669,6359.0,0.0,0.0875,C,-,w_td 0.04; team TD 2.82,1.0,
Eric Saubert,SEA,SF,TE,SF@SEA,last_td,0.01548205669330669,6359.0,0.0,0.0875,C,-,w_td 0.04; team TD 2.82,1.0,
Eric Saubert,SEA,SF,TE,SF@SEA,2plus_td,0.0032,31150.0,0.0,0.0875,C,-,w_td 0.04; team TD 2.82,1.0,
Rashid Shaheed,SEA,SF,WR,SF@SEA,anytime_td,0.1927,419.0,0.0102,0.2007,B,-,tgt_sh 13.8%; team att 31.5; opp DvP 0.88; RZ tgt 0,1.0,
Rashid Shaheed,SEA,SF,WR,SF@SEA,first_td,0.0372248618048618,2586.0,0.0102,0.2007,B,-,tgt_sh 13.8%; team att 31.5; opp DvP 0.88; RZ tgt 0,1.0,
Rashid Shaheed,SEA,SF,WR,SF@SEA,last_td,0.0372248618048618,2586.0,0.0102,0.2007,B,-,tgt_sh 13.8%; team att 31.5; opp DvP 0.88; RZ tgt 0,1.0,
Rashid Shaheed,SEA,SF,WR,SF@SEA,2plus_td,0.01735,5664.0,0.0102,0.2007,B,-,tgt_sh 13.8%; team att 31.5; opp DvP 0.88; RZ tgt 0,1.0,
Jaxon Smith-Njigba,SEA,SF,WR,SF@SEA,anytime_td,0.53365,-114.0,0.0,0.7346,B,-,tgt_sh 31.2%; team att 31.5; opp DvP 0.88; RZ tgt 10,1.0,
Jaxon Smith-Njigba,SEA,SF,WR,SF@SEA,first_td,0.1292896737984238,673.0,0.0,0.7346,B,-,tgt_sh 31.2%; team att 31.5; opp DvP 0.88; RZ tgt 10,1.0,
Jaxon Smith-Njigba,SEA,SF,WR,SF@SEA,last_td,0.1292896737984238,673.0,0.0,0.7346,B,-,tgt_sh 31.2%; team att 31.5; opp DvP 0.88; RZ tgt 10,1.0,
Jaxon Smith-Njigba,SEA,SF,WR,SF@SEA,2plus_td,0.166,502.0,0.0,0.7346,B,-,tgt_sh 31.2%; team att 31.5; opp DvP 0.88; RZ tgt 10,1.0,
Emanuel Wilson,SEA,SF,RB,SF@SEA,anytime_td,0.4557,119.0,0.4977,0.095,B,-,tgt_sh 4.3%; team att 31.5; opp DvP 0.98; RZ tgt 1; car_sh 38.5%; team rush 29.0; opp d_ypc 0.94; inside-10 car 9,1.0,
Emanuel Wilson,SEA,SF,RB,SF@SEA,first_td,0.10562966810966809,847.0,0.4977,0.095,B,-,tgt_sh 4.3%; team att 31.5; opp DvP 0.98; RZ tgt 1; car_sh 38.5%; team rush 29.0; opp d_ypc 0.94; inside-10 car 9,1.0,
Emanuel Wilson,SEA,SF,RB,SF@SEA,last_td,0.10562966810966809,847.0,0.4977,0.095,B,-,tgt_sh 4.3%; team att 31.5; opp DvP 0.98; RZ tgt 1; car_sh 38.5%; team rush 29.0; opp d_ypc 0.94; inside-10 car 9,1.0,
Emanuel Wilson,SEA,SF,RB,SF@SEA,2plus_td,0.11755,751.0,0.4977,0.095,B,-,tgt_sh 4.3%; team att 31.5; opp DvP 0.98; RZ tgt 1; car_sh 38.5%; team rush 29.0; opp d_ypc 0.94; inside-10 car 9,1.0,
Lamar Jackson,BAL,ATL,QB,BAL@ATL,anytime_td,0.14677023712183157,581.0,0.15785977105478333,0.0,B,no game designation yet (DNP),team att 29.0; ypa 7.79; opp d_ypa 0.92; pass rate 49.5%,0.98,
Lamar Jackson,BAL,ATL,QB,BAL@ATL,first_td,0.02870165204333234,3384.0,0.15785977105478333,0.0,B,no game designation yet (DNP),team att 29.0; ypa 7.79; opp d_ypa 0.92; pass rate 49.5%,0.98,
Lamar Jackson,BAL,ATL,QB,BAL@ATL,last_td,0.02870165204333234,3384.0,0.15785977105478333,0.0,B,no game designation yet (DNP),team att 29.0; ypa 7.79; opp d_ypa 0.92; pass rate 49.5%,0.98,
Lamar Jackson,BAL,ATL,QB,BAL@ATL,2plus_td,0.01062959934587081,9308.0,0.15785977105478333,0.0,B,no game designation yet (DNP),team att 29.0; ypa 7.79; opp d_ypa 0.92; pass rate 49.5%,0.98,
Rasheen Ali,BAL,ATL,RB,BAL@ATL,anytime_td,0.03145,3080.0,0.012,0.0197,C,-,w_td 0.02; team TD 2.66,1.0,
Rasheen Ali,BAL,ATL,RB,BAL@ATL,first_td,0.0057914051226551225,17167.0,0.012,0.0197,C,-,w_td 0.02; team TD 2.66,1.0,
Rasheen Ali,BAL,ATL,RB,BAL@ATL,last_td,0.0057914051226551225,17167.0,0.012,0.0197,C,-,w_td 0.02; team TD 2.66,1.0,
Rasheen Ali,BAL,ATL,RB,BAL@ATL,2plus_td,0.00025,399900.0,0.012,0.0197,C,-,w_td 0.02; team TD 2.66,1.0,
Mark Andrews,BAL,ATL,TE,BAL@ATL,anytime_td,0.2831806871724284,253.0,0.0,0.33093334745089736,B,no game designation yet (Full),tgt_sh 18.9%; team att 29.0; opp DvP 0.92; RZ tgt 3,0.9479829842591244,
Mark Andrews,BAL,ATL,TE,BAL@ATL,first_td,0.0590454803753549,1594.0,0.0,0.33093334745089736,B,no game designation yet (Full),tgt_sh 18.9%; team att 29.0; opp DvP 0.92; RZ tgt 3,0.9479829842591244,
Mark Andrews,BAL,ATL,TE,BAL@ATL,last_td,0.0590454803753549,1594.0,0.0,0.33093334745089736,B,no game designation yet (Full),tgt_sh 18.9%; team att 29.0; opp DvP 0.92; RZ tgt 3,0.9479829842591244,
Mark Andrews,BAL,ATL,TE,BAL@ATL,2plus_td,0.04351739107417015,2198.0,0.0,0.33093334745089736,B,no game designation yet (Full),tgt_sh 18.9%; team att 29.0; opp DvP 0.92; RZ tgt 3,0.9479829842591244,
Rashod Bateman,BAL,ATL,WR,BAL@ATL,anytime_td,0.20161879895561358,396.0,0.0,0.22381201044386423,C,no game designation yet (Limited),tgt_sh 11.3%; team att 29.0; opp DvP 1.07; RZ tgt 2,0.9575230478992892,
Rashod Bateman,BAL,ATL,WR,BAL@ATL,first_td,0.040025882588545766,2398.0,0.0,0.22381201044386423,C,no game designation yet (Limited),tgt_sh 11.3%; team att 29.0; opp DvP 1.07; RZ tgt 2,0.9575230478992892,
Rashod Bateman,BAL,ATL,WR,BAL@ATL,last_td,0.040025882588545766,2398.0,0.0,0.22381201044386423,C,no game designation yet (Limited),tgt_sh 11.3%; team att 29.0; opp DvP 1.07; RZ tgt 2,0.9575230478992892,
Rashod Bateman,BAL,ATL,WR,BAL@ATL,2plus_td,0.020992167101827677,4664.0,0.0,0.22381201044386423,C,no game designation yet (Limited),tgt_sh 11.3%; team att 29.0; opp DvP 1.07; RZ tgt 2,0.9575230478992892,
Zay Flowers,BAL,ATL,WR,BAL@ATL,anytime_td,0.3850889549746961,160.0,0.0061042416653623414,0.4716439714091929,B,no game designation yet (Limited),tgt_sh 24.4%; team att 29.0; opp DvP 1.07; RZ tgt 4,0.9575230478992892,
Zay Flowers,BAL,ATL,WR,BAL@ATL,first_td,0.08561873930084918,1068.0,0.0061042416653623414,0.4716439714091929,B,no game designation yet (Limited),tgt_sh 24.4%; team att 29.0; opp DvP 1.07; RZ tgt 4,0.9575230478992892,
Zay Flowers,BAL,ATL,WR,BAL@ATL,last_td,0.08561873930084918,1068.0,0.0061042416653623414,0.4716439714091929,B,no game designation yet (Limited),tgt_sh 24.4%; team att 29.0; opp DvP 1.07; RZ tgt 4,0.9575230478992892,
Zay Flowers,BAL,ATL,WR,BAL@ATL,2plus_td,0.0821203109511139,1118.0,0.0061042416653623414,0.4716439714091929,B,no game designation yet (Limited),tgt_sh 24.4%; team att 29.0; opp DvP 1.07; RZ tgt 4,0.9575230478992892,
Derrick Henry,BAL,ATL,RB,BAL@ATL,anytime_td,0.61115,-157.0,0.8389,0.06075,B,-,tgt_sh 4.8%; team att 29.0; opp DvP 0.95; RZ tgt 0; car_sh 61.0%; team rush 31.2; opp d_ypc 0.85; inside-10 car 17,1.0,
Derrick Henry,BAL,ATL,RB,BAL@ATL,first_td,0.16404059093684092,510.0,0.8389,0.06075,B,-,tgt_sh 4.8%; team att 29.0; opp DvP 0.95; RZ tgt 0; car_sh 61.0%; team rush 31.2; opp d_ypc 0.85; inside-10 car 17,1.0,
Derrick Henry,BAL,ATL,RB,BAL@ATL,last_td,0.16404059093684092,510.0,0.8389,0.06075,B,-,tgt_sh 4.8%; team att 29.0; opp DvP 0.95; RZ tgt 0; car_sh 61.0%; team rush 31.2; opp d_ypc 0.85; inside-10 car 17,1.0,
Derrick Henry,BAL,ATL,RB,BAL@ATL,2plus_td,0.22505,344.0,0.8389,0.06075,B,-,tgt_sh 4.8%; team att 29.0; opp DvP 0.95; RZ tgt 0; car_sh 61.0%; team rush 31.2; opp d_ypc 0.85; inside-10 car 17,1.0,
Matthew Hibner,BAL,ATL,TE,BAL@ATL,anytime_td,0.0664,1406.0,0.0,0.0687,C,-,w_td 0.04; team TD 2.66,1.0,
Matthew Hibner,BAL,ATL,TE,BAL@ATL,first_td,0.012350685425685425,7997.0,0.0,0.0687,C,-,w_td 0.04; team TD 2.66,1.0,
Matthew Hibner,BAL,ATL,TE,BAL@ATL,last_td,0.012350685425685425,7997.0,0.0,0.0687,C,-,w_td 0.04; team TD 2.66,1.0,
Matthew Hibner,BAL,ATL,TE,BAL@ATL,2plus_td,0.0023,43378.0,0.0,0.0687,C,-,w_td 0.04; team TD 2.66,1.0,
Justice Hill,BAL,ATL,RB,BAL@ATL,anytime_td,0.1428,600.0,0.0809,0.07215,B,-,tgt_sh 5.5%; team att 29.0; opp DvP 0.95; RZ tgt 0; car_sh 9.5%; team rush 31.2; opp d_ypc 0.85; inside-10 car 0,1.0,
Justice Hill,BAL,ATL,RB,BAL@ATL,first_td,0.02740121073371073,3549.0,0.0809,0.07215,B,-,tgt_sh 5.5%; team att 29.0; opp DvP 0.95; RZ tgt 0; car_sh 9.5%; team rush 31.2; opp d_ypc 0.85; inside-10 car 0,1.0,
Justice Hill,BAL,ATL,RB,BAL@ATL,last_td,0.02740121073371073,3549.0,0.0809,0.07215,B,-,tgt_sh 5.5%; team att 29.0; opp DvP 0.95; RZ tgt 0; car_sh 9.5%; team rush 31.2; opp d_ypc 0.85; inside-10 car 0,1.0,
Justice Hill,BAL,ATL,RB,BAL@ATL,2plus_td,0.00995,9950.0,0.0809,0.07215,B,-,tgt_sh 5.5%; team att 29.0; opp DvP 0.95; RZ tgt 0; car_sh 9.5%; team rush 31.2; opp d_ypc 0.85; inside-10 car 0,1.0,
Chris Moore,BAL,ATL,WR,BAL@ATL,anytime_td,0.11962372615625816,736.0,0.0,0.12714920303109487,C,no game designation yet (Limited),tgt_sh 6.8%; team att 29.0; opp DvP 1.07; RZ tgt 1,0.9575230478992892,
Chris Moore,BAL,ATL,WR,BAL@ATL,first_td,0.02306535348343553,4236.0,0.0,0.12714920303109487,C,no game designation yet (Limited),tgt_sh 6.8%; team att 29.0; opp DvP 1.07; RZ tgt 1,0.9575230478992892,
Chris Moore,BAL,ATL,WR,BAL@ATL,last_td,0.02306535348343553,4236.0,0.0,0.12714920303109487,C,no game designation yet (Limited),tgt_sh 6.8%; team att 29.0; opp DvP 1.07; RZ tgt 1,0.9575230478992892,
Chris Moore,BAL,ATL,WR,BAL@ATL,2plus_td,0.0073164358505356675,13568.0,0.0,0.12714920303109487,C,no game designation yet (Limited),tgt_sh 6.8%; team att 29.0; opp DvP 1.07; RZ tgt 1,0.9575230478992892,
Elijah Sarratt,BAL,ATL,WR,BAL@ATL,anytime_td,0.0657,1422.0,0.0,0.0676,C,-,tgt_sh 4.8%; team att 29.0; opp DvP 1.07; RZ tgt 0,1.0,
Elijah Sarratt,BAL,ATL,WR,BAL@ATL,first_td,0.012193713647463647,8101.0,0.0,0.0676,C,-,tgt_sh 4.8%; team att 29.0; opp DvP 1.07; RZ tgt 0,1.0,
Elijah Sarratt,BAL,ATL,WR,BAL@ATL,last_td,0.012193713647463647,8101.0,0.0,0.0676,C,-,tgt_sh 4.8%; team att 29.0; opp DvP 1.07; RZ tgt 0,1.0,
Elijah Sarratt,BAL,ATL,WR,BAL@ATL,2plus_td,0.0019,52532.0,0.0,0.0676,C,-,tgt_sh 4.8%; team att 29.0; opp DvP 1.07; RZ tgt 0,1.0,
Devontez Walker,BAL,ATL,WR,BAL@ATL,anytime_td,0.0487,1953.0,0.0,0.05025,C,-,tgt_sh 3.7%; team att 29.0; opp DvP 1.07; RZ tgt 0,1.0,
Devontez Walker,BAL,ATL,WR,BAL@ATL,first_td,0.009060419025419026,10937.0,0.0,0.05025,C,-,tgt_sh 3.7%; team att 29.0; opp DvP 1.07; RZ tgt 0,1.0,
Devontez Walker,BAL,ATL,WR,BAL@ATL,last_td,0.009060419025419026,10937.0,0.0,0.05025,C,-,tgt_sh 3.7%; team att 29.0; opp DvP 1.07; RZ tgt 0,1.0,
Devontez Walker,BAL,ATL,WR,BAL@ATL,2plus_td,0.00145,68866.0,0.0,0.05025,C,-,tgt_sh 3.7%; team att 29.0; opp DvP 1.07; RZ tgt 0,1.0,
LaJohntay Wester,BAL,ATL,WR,BAL@ATL,anytime_td,0.022,4445.0,0.0,0.0222,C,-,w_td 0.01; team TD 2.66,1.0,
LaJohntay Wester,BAL,ATL,WR,BAL@ATL,first_td,0.004022076673326673,24763.0,0.0,0.0222,C,-,w_td 0.01; team TD 2.66,1.0,
LaJohntay Wester,BAL,ATL,WR,BAL@ATL,last_td,0.004022076673326673,24763.0,0.0,0.0222,C,-,w_td 0.01; team TD 2.66,1.0,
LaJohntay Wester,BAL,ATL,WR,BAL@ATL,2plus_td,0.0002,499900.0,0.0,0.0222,C,-,w_td 0.01; team TD 2.66,1.0,
Michael Penix Jr.,ATL,BAL,QB,BAL@ATL,anytime_td,0.066,1415.0,0.0678,0.0,C,-,team att 27.2; ypa 7.25; opp d_ypa 0.97; pass rate 47.1%,1.0,
Michael Penix Jr.,ATL,BAL,QB,BAL@ATL,first_td,0.011963064435564434,8259.0,0.0678,0.0,C,-,team att 27.2; ypa 7.25; opp d_ypa 0.97; pass rate 47.1%,1.0,
Michael Penix Jr.,ATL,BAL,QB,BAL@ATL,last_td,0.011963064435564434,8259.0,0.0678,0.0,C,-,team att 27.2; ypa 7.25; opp d_ypa 0.97; pass rate 47.1%,1.0,
Michael Penix Jr.,ATL,BAL,QB,BAL@ATL,2plus_td,0.0018,55456.0,0.0678,0.0,C,-,team att 27.2; ypa 7.25; opp d_ypa 0.97; pass rate 47.1%,1.0,
Chris Blair,ATL,BAL,WR,BAL@ATL,anytime_td,0.0224,4364.0,0.0,0.0225,C,-,w_td 0.02; team TD 2.63,1.0,
Chris Blair,ATL,BAL,WR,BAL@ATL,first_td,0.003995761183261184,24927.0,0.0,0.0225,C,-,w_td 0.02; team TD 2.63,1.0,
Chris Blair,ATL,BAL,WR,BAL@ATL,last_td,0.003995761183261184,24927.0,0.0,0.0225,C,-,w_td 0.02; team TD 2.63,1.0,
Chris Blair,ATL,BAL,WR,BAL@ATL,2plus_td,0.0001,999900.0,0.0,0.0225,C,-,w_td 0.02; team TD 2.63,1.0,
Zachariah Branch,ATL,BAL,WR,BAL@ATL,anytime_td,0.04545,2100.0,0.0,0.04645,C,-,tgt_sh 4.8%; team att 27.2; opp DvP 1.08; RZ tgt 0,1.0,
Zachariah Branch,ATL,BAL,WR,BAL@ATL,first_td,0.008204399350649351,12089.0,0.0,0.04645,C,-,tgt_sh 4.8%; team att 27.2; opp DvP 1.08; RZ tgt 0,1.0,
Zachariah Branch,ATL,BAL,WR,BAL@ATL,last_td,0.008204399350649351,12089.0,0.0,0.04645,C,-,tgt_sh 4.8%; team att 27.2; opp DvP 1.08; RZ tgt 0,1.0,
Zachariah Branch,ATL,BAL,WR,BAL@ATL,2plus_td,0.001,99900.0,0.0,0.04645,C,-,tgt_sh 4.8%; team att 27.2; opp DvP 1.08; RZ tgt 0,1.0,
Jahan Dotson,ATL,BAL,WR,BAL@ATL,anytime_td,0.1134,782.0,0.0,0.11995,C,-,tgt_sh 11.9%; team att 27.2; opp DvP 1.08; RZ tgt 0,1.0,
Jahan Dotson,ATL,BAL,WR,BAL@ATL,first_td,0.02132695623820624,4589.0,0.0,0.11995,C,-,tgt_sh 11.9%; team att 27.2; opp DvP 1.08; RZ tgt 0,1.0,
Jahan Dotson,ATL,BAL,WR,BAL@ATL,last_td,0.02132695623820624,4589.0,0.0,0.11995,C,-,tgt_sh 11.9%; team att 27.2; opp DvP 1.08; RZ tgt 0,1.0,
Jahan Dotson,ATL,BAL,WR,BAL@ATL,2plus_td,0.00635,15648.0,0.0,0.11995,C,-,tgt_sh 11.9%; team att 27.2; opp DvP 1.08; RZ tgt 0,1.0,
Austin Hooper,ATL,BAL,TE,BAL@ATL,anytime_td,0.08785,1038.0,0.0,0.09125,C,-,tgt_sh 5.9%; team att 27.2; opp DvP 1.06; RZ tgt 1,1.0,
Austin Hooper,ATL,BAL,TE,BAL@ATL,first_td,0.016360630619380617,6012.0,0.0,0.09125,C,-,tgt_sh 5.9%; team att 27.2; opp DvP 1.06; RZ tgt 1,1.0,
Austin Hooper,ATL,BAL,TE,BAL@ATL,last_td,0.016360630619380617,6012.0,0.0,0.09125,C,-,tgt_sh 5.9%; team att 27.2; opp DvP 1.06; RZ tgt 1,1.0,
Austin Hooper,ATL,BAL,TE,BAL@ATL,2plus_td,0.0033,30203.0,0.0,0.09125,C,-,tgt_sh 5.9%; team att 27.2; opp DvP 1.06; RZ tgt 1,1.0,
Drake London,ATL,BAL,WR,BAL@ATL,anytime_td,0.2449,308.0,0.0116,0.26445,B,-,tgt_sh 26.6%; team att 27.2; opp DvP 1.08; RZ tgt 0,1.0,
Drake London,ATL,BAL,WR,BAL@ATL,first_td,0.04986247488622489,1906.0,0.0116,0.26445,B,-,tgt_sh 26.6%; team att 27.2; opp DvP 1.08; RZ tgt 0,1.0,
Drake London,ATL,BAL,WR,BAL@ATL,last_td,0.04986247488622489,1906.0,0.0116,0.26445,B,-,tgt_sh 26.6%; team att 27.2; opp DvP 1.08; RZ tgt 0,1.0,
Drake London,ATL,BAL,WR,BAL@ATL,2plus_td,0.0294,3301.0,0.0116,0.26445,B,-,tgt_sh 26.6%; team att 27.2; opp DvP 1.08; RZ tgt 0,1.0,
Kyle Pitts,ATL,BAL,TE,BAL@ATL,anytime_td,0.13665,632.0,0.0,0.1458,C,-,tgt_sh 14.9%; team att 27.2; opp DvP 1.06; RZ tgt 0,1.0,
Kyle Pitts,ATL,BAL,TE,BAL@ATL,first_td,0.026119779526029528,3729.0,0.0,0.1458,C,-,tgt_sh 14.9%; team att 27.2; opp DvP 1.06; RZ tgt 0,1.0,
Kyle Pitts,ATL,BAL,TE,BAL@ATL,last_td,0.026119779526029528,3729.0,0.0,0.1458,C,-,tgt_sh 14.9%; team att 27.2; opp DvP 1.06; RZ tgt 0,1.0,
Kyle Pitts,ATL,BAL,TE,BAL@ATL,2plus_td,0.00885,11199.0,0.0,0.1458,C,-,tgt_sh 14.9%; team att 27.2; opp DvP 1.06; RZ tgt 0,1.0,
Bijan Robinson,ATL,BAL,RB,BAL@ATL,anytime_td,0.679,-212.0,0.8645,0.2049,B,-,tgt_sh 18.9%; team att 27.2; opp DvP 0.92; RZ tgt 1; car_sh 52.4%; team rush 32.6; opp d_ypc 0.96; inside-10 car 8,1.0,
Bijan Robinson,ATL,BAL,RB,BAL@ATL,first_td,0.19492961677211676,413.0,0.8645,0.2049,B,-,tgt_sh 18.9%; team att 27.2; opp DvP 0.92; RZ tgt 1; car_sh 52.4%; team rush 32.6; opp d_ypc 0.96; inside-10 car 8,1.0,
Bijan Robinson,ATL,BAL,RB,BAL@ATL,last_td,0.19492961677211676,413.0,0.8645,0.2049,B,-,tgt_sh 18.9%; team att 27.2; opp DvP 0.92; RZ tgt 1; car_sh 52.4%; team rush 32.6; opp d_ypc 0.96; inside-10 car 8,1.0,
Bijan Robinson,ATL,BAL,RB,BAL@ATL,2plus_td,0.2953,239.0,0.8645,0.2049,B,-,tgt_sh 18.9%; team att 27.2; opp DvP 0.92; RZ tgt 1; car_sh 52.4%; team rush 32.6; opp d_ypc 0.96; inside-10 car 8,1.0,
Brian Robinson,ATL,BAL,RB,BAL@ATL,anytime_td,0.362,176.0,0.38195,0.05715,B,-,car_sh 25.1%; team rush 32.6; opp d_ypc 0.96; inside-10 car 3,1.0,
Brian Robinson,ATL,BAL,RB,BAL@ATL,first_td,0.07946765179265179,1158.0,0.38195,0.05715,B,-,car_sh 25.1%; team rush 32.6; opp d_ypc 0.96; inside-10 car 3,1.0,
Brian Robinson,ATL,BAL,RB,BAL@ATL,last_td,0.07946765179265179,1158.0,0.38195,0.05715,B,-,car_sh 25.1%; team rush 32.6; opp d_ypc 0.96; inside-10 car 3,1.0,
Brian Robinson,ATL,BAL,RB,BAL@ATL,2plus_td,0.06845,1361.0,0.38195,0.05715,B,-,car_sh 25.1%; team rush 32.6; opp d_ypc 0.96; inside-10 car 3,1.0,
Charlie Woerner,ATL,BAL,TE,BAL@ATL,anytime_td,0.05575,1694.0,0.0,0.05775,C,-,w_td 0.05; team TD 2.63,1.0,
Charlie Woerner,ATL,BAL,TE,BAL@ATL,first_td,0.009960767149517151,9939.0,0.0,0.05775,C,-,w_td 0.05; team TD 2.63,1.0,
Charlie Woerner,ATL,BAL,TE,BAL@ATL,last_td,0.009960767149517151,9939.0,0.0,0.05775,C,-,w_td 0.05; team TD 2.63,1.0,
Charlie Woerner,ATL,BAL,TE,BAL@ATL,2plus_td,0.002,49900.0,0.0,0.05775,C,-,w_td 0.05; team TD 2.63,1.0,
Olamide Zaccheaus,ATL,BAL,WR,BAL@ATL,anytime_td,0.12125,725.0,0.0,0.1291,C,-,tgt_sh 9.0%; team att 27.2; opp DvP 1.08; RZ tgt 1,1.0,
Olamide Zaccheaus,ATL,BAL,WR,BAL@ATL,first_td,0.023261814158064158,4199.0,0.0,0.1291,C,-,tgt_sh 9.0%; team att 27.2; opp DvP 1.08; RZ tgt 1,1.0,
Olamide Zaccheaus,ATL,BAL,WR,BAL@ATL,last_td,0.023261814158064158,4199.0,0.0,0.1291,C,-,tgt_sh 9.0%; team att 27.2; opp DvP 1.08; RZ tgt 1,1.0,
Olamide Zaccheaus,ATL,BAL,WR,BAL@ATL,2plus_td,0.00745,13323.0,0.0,0.1291,C,-,tgt_sh 9.0%; team att 27.2; opp DvP 1.08; RZ tgt 1,1.0,
Josh Allen,BUF,LA,QB,BUF@LA,anytime_td,0.29925,234.0,0.35075,0.0,B,-,team att 31.1; ypa 6.72; opp d_ypa 0.83; pass rate 54.8%,1.0,
Josh Allen,BUF,LA,QB,BUF@LA,first_td,0.05842961524586524,1611.0,0.35075,0.0,B,-,team att 31.1; ypa 6.72; opp d_ypa 0.83; pass rate 54.8%,1.0,
Josh Allen,BUF,LA,QB,BUF@LA,last_td,0.05842961524586524,1611.0,0.35075,0.0,B,-,team att 31.1; ypa 6.72; opp d_ypa 0.83; pass rate 54.8%,1.0,
Josh Allen,BUF,LA,QB,BUF@LA,2plus_td,0.0461,2069.0,0.35075,0.0,B,-,team att 31.1; ypa 6.72; opp d_ypa 0.83; pass rate 54.8%,1.0,
Keon Coleman,BUF,LA,WR,BUF@LA,anytime_td,0.1778,462.0,0.0,0.1959,C,-,tgt_sh 13.0%; team att 31.1; opp DvP 1.09; RZ tgt 2,1.0,
Keon Coleman,BUF,LA,WR,BUF@LA,first_td,0.03233234765234765,2993.0,0.0,0.1959,C,-,tgt_sh 13.0%; team att 31.1; opp DvP 1.09; RZ tgt 2,1.0,
Keon Coleman,BUF,LA,WR,BUF@LA,last_td,0.03233234765234765,2993.0,0.0,0.1959,C,-,tgt_sh 13.0%; team att 31.1; opp DvP 1.09; RZ tgt 2,1.0,
Keon Coleman,BUF,LA,WR,BUF@LA,2plus_td,0.01745,5631.0,0.0,0.1959,C,-,tgt_sh 13.0%; team att 31.1; opp DvP 1.09; RZ tgt 2,1.0,
James Cook,BUF,LA,RB,BUF@LA,anytime_td,0.60955,-156.0,0.77115,0.13315,B,-,tgt_sh 7.4%; team att 31.1; opp DvP 1.09; RZ tgt 2; car_sh 57.5%; team rush 27.4; opp d_ypc 0.97; inside-10 car 8,1.0,
James Cook,BUF,LA,RB,BUF@LA,first_td,0.14944870837495836,569.0,0.77115,0.13315,B,-,tgt_sh 7.4%; team att 31.1; opp DvP 1.09; RZ tgt 2; car_sh 57.5%; team rush 27.4; opp d_ypc 0.97; inside-10 car 8,1.0,
James Cook,BUF,LA,RB,BUF@LA,last_td,0.14944870837495836,569.0,0.77115,0.13315,B,-,tgt_sh 7.4%; team att 31.1; opp DvP 1.09; RZ tgt 2; car_sh 57.5%; team rush 27.4; opp d_ypc 0.97; inside-10 car 8,1.0,
James Cook,BUF,LA,RB,BUF@LA,2plus_td,0.22905,337.0,0.77115,0.13315,B,-,tgt_sh 7.4%; team att 31.1; opp DvP 1.09; RZ tgt 2; car_sh 57.5%; team rush 27.4; opp d_ypc 0.97; inside-10 car 8,1.0,
Ray Davis,BUF,LA,RB,BUF@LA,anytime_td,0.0683,1364.0,0.0556,0.0147,C,-,w_td 0.05; team TD 2.83,1.0,
Ray Davis,BUF,LA,RB,BUF@LA,first_td,0.011428267704517703,8650.0,0.0556,0.0147,C,-,w_td 0.05; team TD 2.83,1.0,
Ray Davis,BUF,LA,RB,BUF@LA,last_td,0.011428267704517703,8650.0,0.0556,0.0147,C,-,w_td 0.05; team TD 2.83,1.0,
Ray Davis,BUF,LA,RB,BUF@LA,2plus_td,0.00195,51182.0,0.0556,0.0147,C,-,w_td 0.05; team TD 2.83,1.0,
Greg Dortch,BUF,LA,WR,BUF@LA,anytime_td,0.0215,4551.0,0.0,0.02175,C,-,w_td 0.02; team TD 2.83,1.0,
Greg Dortch,BUF,LA,WR,BUF@LA,first_td,0.0036400487012987013,27372.0,0.0,0.02175,C,-,w_td 0.02; team TD 2.83,1.0,
Greg Dortch,BUF,LA,WR,BUF@LA,last_td,0.0036400487012987013,27372.0,0.0,0.02175,C,-,w_td 0.02; team TD 2.83,1.0,
Greg Dortch,BUF,LA,WR,BUF@LA,2plus_td,0.00025,399900.0,0.0,0.02175,C,-,w_td 0.02; team TD 2.83,1.0,
Frank Gore Jr.,BUF,LA,RB,BUF@LA,anytime_td,0.0404,2375.0,0.0361,0.00495,C,-,w_td 0.03; team TD 2.83,1.0,
Frank Gore Jr.,BUF,LA,RB,BUF@LA,first_td,0.006830341464091464,14541.0,0.0361,0.00495,C,-,w_td 0.03; team TD 2.83,1.0,
Frank Gore Jr.,BUF,LA,RB,BUF@LA,last_td,0.006830341464091464,14541.0,0.0361,0.00495,C,-,w_td 0.03; team TD 2.83,1.0,
Frank Gore Jr.,BUF,LA,RB,BUF@LA,2plus_td,0.00065,153746.0,0.0361,0.00495,C,-,w_td 0.03; team TD 2.83,1.0,
Jackson Hawes,BUF,LA,TE,BUF@LA,anytime_td,0.02145,4562.0,0.0,0.0216,C,-,w_td 0.02; team TD 2.83,1.0,
Jackson Hawes,BUF,LA,TE,BUF@LA,first_td,0.0035052958152958155,28428.0,0.0,0.0216,C,-,w_td 0.02; team TD 2.83,1.0,
Jackson Hawes,BUF,LA,TE,BUF@LA,last_td,0.0035052958152958155,28428.0,0.0,0.0216,C,-,w_td 0.02; team TD 2.83,1.0,
Jackson Hawes,BUF,LA,TE,BUF@LA,2plus_td,0.00015,666567.0,0.0,0.0216,C,-,w_td 0.02; team TD 2.83,1.0,
Ty Johnson,BUF,LA,RB,BUF@LA,anytime_td,0.1906,425.0,0.0968,0.1132,C,-,tgt_sh 7.9%; team att 31.1; opp DvP 1.09; RZ tgt 1; car_sh 9.5%; team rush 27.4; opp d_ypc 0.97; inside-10 car 0,1.0,
Ty Johnson,BUF,LA,RB,BUF@LA,first_td,0.03460972471972472,2789.0,0.0968,0.1132,C,-,tgt_sh 7.9%; team att 31.1; opp DvP 1.09; RZ tgt 1; car_sh 9.5%; team rush 27.4; opp d_ypc 0.97; inside-10 car 0,1.0,
Ty Johnson,BUF,LA,RB,BUF@LA,last_td,0.03460972471972472,2789.0,0.0968,0.1132,C,-,tgt_sh 7.9%; team att 31.1; opp DvP 1.09; RZ tgt 1; car_sh 9.5%; team rush 27.4; opp d_ypc 0.97; inside-10 car 0,1.0,
Ty Johnson,BUF,LA,RB,BUF@LA,2plus_td,0.01845,5320.0,0.0968,0.1132,C,-,tgt_sh 7.9%; team att 31.1; opp DvP 1.09; RZ tgt 1; car_sh 9.5%; team rush 27.4; opp d_ypc 0.97; inside-10 car 0,1.0,
Dalton Kincaid,BUF,LA,TE,BUF@LA,anytime_td,0.17445,473.0,0.0,0.191,B,-,tgt_sh 16.2%; team att 31.1; opp DvP 0.94; RZ tgt 1,1.0,
Dalton Kincaid,BUF,LA,TE,BUF@LA,first_td,0.031218064019314023,3103.0,0.0,0.191,B,-,tgt_sh 16.2%; team att 31.1; opp DvP 0.94; RZ tgt 1,1.0,
Dalton Kincaid,BUF,LA,TE,BUF@LA,last_td,0.031218064019314023,3103.0,0.0,0.191,B,-,tgt_sh 16.2%; team att 31.1; opp DvP 0.94; RZ tgt 1,1.0,
Dalton Kincaid,BUF,LA,TE,BUF@LA,2plus_td,0.0156,6310.0,0.0,0.191,B,-,tgt_sh 16.2%; team att 31.1; opp DvP 0.94; RZ tgt 1,1.0,
Dawson Knox,BUF,LA,TE,BUF@LA,anytime_td,0.1085,822.0,0.00615,0.10765,C,-,tgt_sh 5.8%; team att 31.1; opp DvP 0.94; RZ tgt 2,1.0,
Dawson Knox,BUF,LA,TE,BUF@LA,first_td,0.018671373071373072,5256.0,0.00615,0.10765,C,-,tgt_sh 5.8%; team att 31.1; opp DvP 0.94; RZ tgt 2,1.0,
Dawson Knox,BUF,LA,TE,BUF@LA,last_td,0.018671373071373072,5256.0,0.00615,0.10765,C,-,tgt_sh 5.8%; team att 31.1; opp DvP 0.94; RZ tgt 2,1.0,
Dawson Knox,BUF,LA,TE,BUF@LA,2plus_td,0.00515,19317.0,0.00615,0.10765,C,-,tgt_sh 5.8%; team att 31.1; opp DvP 0.94; RZ tgt 2,1.0,
DJ Moore,BUF,LA,WR,BUF@LA,anytime_td,0.2395,318.0,0.012,0.25755,B,-,tgt_sh 16.0%; team att 31.1; opp DvP 1.09; RZ tgt 3,1.0,
DJ Moore,BUF,LA,WR,BUF@LA,first_td,0.0445480574980575,2145.0,0.012,0.25755,B,-,tgt_sh 16.0%; team att 31.1; opp DvP 1.09; RZ tgt 3,1.0,
DJ Moore,BUF,LA,WR,BUF@LA,last_td,0.0445480574980575,2145.0,0.012,0.25755,B,-,tgt_sh 16.0%; team att 31.1; opp DvP 1.09; RZ tgt 3,1.0,
DJ Moore,BUF,LA,WR,BUF@LA,2plus_td,0.02815,3452.0,0.012,0.25755,B,-,tgt_sh 16.0%; team att 31.1; opp DvP 1.09; RZ tgt 3,1.0,
Josh Palmer,BUF,LA,WR,BUF@LA,anytime_td,0.082,1120.0,0.0,0.0853,C,-,tgt_sh 7.5%; team att 31.1; opp DvP 1.09; RZ tgt 0,1.0,
Josh Palmer,BUF,LA,WR,BUF@LA,first_td,0.01417868561993562,6953.0,0.0,0.0853,C,-,tgt_sh 7.5%; team att 31.1; opp DvP 1.09; RZ tgt 0,1.0,
Josh Palmer,BUF,LA,WR,BUF@LA,last_td,0.01417868561993562,6953.0,0.0,0.0853,C,-,tgt_sh 7.5%; team att 31.1; opp DvP 1.09; RZ tgt 0,1.0,
Josh Palmer,BUF,LA,WR,BUF@LA,2plus_td,0.00315,31646.0,0.0,0.0853,C,-,tgt_sh 7.5%; team att 31.1; opp DvP 1.09; RZ tgt 0,1.0,
Khalil Shakir,BUF,LA,WR,BUF@LA,anytime_td,0.2972,236.0,0.0,0.34645,B,-,tgt_sh 19.0%; team att 31.1; opp DvP 1.09; RZ tgt 5,1.0,
Khalil Shakir,BUF,LA,WR,BUF@LA,first_td,0.05622887862137861,1678.0,0.0,0.34645,B,-,tgt_sh 19.0%; team att 31.1; opp DvP 1.09; RZ tgt 5,1.0,
Khalil Shakir,BUF,LA,WR,BUF@LA,last_td,0.05622887862137861,1678.0,0.0,0.34645,B,-,tgt_sh 19.0%; team att 31.1; opp DvP 1.09; RZ tgt 5,1.0,
Khalil Shakir,BUF,LA,WR,BUF@LA,2plus_td,0.04495,2125.0,0.0,0.34645,B,-,tgt_sh 19.0%; team att 31.1; opp DvP 1.09; RZ tgt 5,1.0,
Matthew Stafford,LA,BUF,QB,BUF@LA,anytime_td,0.0806,1141.0,0.0841,0.0,B,-,team att 37.7; ypa 7.39; opp d_ypa 1.03; pass rate 60.5%,1.0,
Matthew Stafford,LA,BUF,QB,BUF@LA,first_td,0.01398462343212343,7051.0,0.0841,0.0,B,-,team att 37.7; ypa 7.39; opp d_ypa 1.03; pass rate 60.5%,1.0,
Matthew Stafford,LA,BUF,QB,BUF@LA,last_td,0.01398462343212343,7051.0,0.0841,0.0,B,-,team att 37.7; ypa 7.39; opp d_ypa 1.03; pass rate 60.5%,1.0,
Matthew Stafford,LA,BUF,QB,BUF@LA,2plus_td,0.00335,29751.0,0.0841,0.0,B,-,team att 37.7; ypa 7.39; opp d_ypa 1.03; pass rate 60.5%,1.0,
Davante Adams,LA,BUF,WR,BUF@LA,anytime_td,0.4013,149.0,0.0,0.49955,B,-,tgt_sh 19.9%; team att 37.7; opp DvP 0.97; RZ tgt 4,1.0,
Davante Adams,LA,BUF,WR,BUF@LA,first_td,0.08176752705627705,1123.0,0.0,0.49955,B,-,tgt_sh 19.9%; team att 37.7; opp DvP 0.97; RZ tgt 4,1.0,
Davante Adams,LA,BUF,WR,BUF@LA,last_td,0.08176752705627705,1123.0,0.0,0.49955,B,-,tgt_sh 19.9%; team att 37.7; opp DvP 0.97; RZ tgt 4,1.0,
Davante Adams,LA,BUF,WR,BUF@LA,2plus_td,0.08655,1055.0,0.0,0.49955,B,-,tgt_sh 19.9%; team att 37.7; opp DvP 0.97; RZ tgt 4,1.0,
Davis Allen,LA,BUF,TE,BUF@LA,anytime_td,0.05575,1694.0,0.0,0.0578,C,-,tgt_sh 3.6%; team att 37.7; opp DvP 0.82; RZ tgt 0,1.0,
Davis Allen,LA,BUF,TE,BUF@LA,first_td,0.009530625763125761,10392.0,0.0,0.0578,C,-,tgt_sh 3.6%; team att 37.7; opp DvP 0.82; RZ tgt 0,1.0,
Davis Allen,LA,BUF,TE,BUF@LA,last_td,0.009530625763125761,10392.0,0.0,0.0578,C,-,tgt_sh 3.6%; team att 37.7; opp DvP 0.82; RZ tgt 0,1.0,
Davis Allen,LA,BUF,TE,BUF@LA,2plus_td,0.002,49900.0,0.0,0.0578,C,-,tgt_sh 3.6%; team att 37.7; opp DvP 0.82; RZ tgt 0,1.0,
Tutu Atwell,LA,BUF,WR,BUF@LA,anytime_td,0.0526,1801.0,0.0,0.05435,C,-,tgt_sh 3.2%; team att 37.7; opp DvP 0.97; RZ tgt 0,1.0,
Tutu Atwell,LA,BUF,WR,BUF@LA,first_td,0.008990881340881341,11022.0,0.0,0.05435,C,-,tgt_sh 3.2%; team att 37.7; opp DvP 0.97; RZ tgt 0,1.0,
Tutu Atwell,LA,BUF,WR,BUF@LA,last_td,0.008990881340881341,11022.0,0.0,0.05435,C,-,tgt_sh 3.2%; team att 37.7; opp DvP 0.97; RZ tgt 0,1.0,
Tutu Atwell,LA,BUF,WR,BUF@LA,2plus_td,0.00175,57043.0,0.0,0.05435,C,-,tgt_sh 3.2%; team att 37.7; opp DvP 0.97; RZ tgt 0,1.0,
Blake Corum,LA,BUF,RB,BUF@LA,anytime_td,0.2795,258.0,0.2428,0.08125,B,-,car_sh 26.6%; team rush 25.7; opp d_ypc 0.98; inside-10 car 0,1.0,
Blake Corum,LA,BUF,RB,BUF@LA,first_td,0.05378374500499501,1759.0,0.2428,0.08125,B,-,car_sh 26.6%; team rush 25.7; opp d_ypc 0.98; inside-10 car 0,1.0,
Blake Corum,LA,BUF,RB,BUF@LA,last_td,0.05378374500499501,1759.0,0.2428,0.08125,B,-,car_sh 26.6%; team rush 25.7; opp d_ypc 0.98; inside-10 car 0,1.0,
Blake Corum,LA,BUF,RB,BUF@LA,2plus_td,0.0404,2375.0,0.2428,0.08125,B,-,car_sh 26.6%; team rush 25.7; opp d_ypc 0.98; inside-10 car 0,1.0,
Tyler Higbee,LA,BUF,TE,BUF@LA,anytime_td,0.2011,397.0,0.0,0.2213,B,-,tgt_sh 9.3%; team att 37.7; opp DvP 0.82; RZ tgt 2,1.0,
Tyler Higbee,LA,BUF,TE,BUF@LA,first_td,0.036089881091131086,2671.0,0.0,0.2213,B,-,tgt_sh 9.3%; team att 37.7; opp DvP 0.82; RZ tgt 2,1.0,
Tyler Higbee,LA,BUF,TE,BUF@LA,last_td,0.036089881091131086,2671.0,0.0,0.2213,B,-,tgt_sh 9.3%; team att 37.7; opp DvP 0.82; RZ tgt 2,1.0,
Tyler Higbee,LA,BUF,TE,BUF@LA,2plus_td,0.0191,5136.0,0.0,0.2213,B,-,tgt_sh 9.3%; team att 37.7; opp DvP 0.82; RZ tgt 2,1.0,
Konata Mumpfield,LA,BUF,WR,BUF@LA,anytime_td,0.11765,750.0,0.0,0.1259,C,-,tgt_sh 4.9%; team att 37.7; opp DvP 0.97; RZ tgt 1,1.0,
Konata Mumpfield,LA,BUF,WR,BUF@LA,first_td,0.020424161116661118,4796.0,0.0,0.1259,C,-,tgt_sh 4.9%; team att 37.7; opp DvP 0.97; RZ tgt 1,1.0,
Konata Mumpfield,LA,BUF,WR,BUF@LA,last_td,0.020424161116661118,4796.0,0.0,0.1259,C,-,tgt_sh 4.9%; team att 37.7; opp DvP 0.97; RZ tgt 1,1.0,
Konata Mumpfield,LA,BUF,WR,BUF@LA,2plus_td,0.008,12400.0,0.0,0.1259,C,-,tgt_sh 4.9%; team att 37.7; opp DvP 0.97; RZ tgt 1,1.0,
Puka Nacua,LA,BUF,WR,BUF@LA,anytime_td,0.3852,160.0,0.0355,0.438,B,-,tgt_sh 23.5%; team att 37.7; opp DvP 0.97; RZ tgt 1,1.0,
Puka Nacua,LA,BUF,WR,BUF@LA,first_td,0.07730649045399045,1194.0,0.0355,0.438,B,-,tgt_sh 23.5%; team att 37.7; opp DvP 0.97; RZ tgt 1,1.0,
Puka Nacua,LA,BUF,WR,BUF@LA,last_td,0.07730649045399045,1194.0,0.0355,0.438,B,-,tgt_sh 23.5%; team att 37.7; opp DvP 0.97; RZ tgt 1,1.0,
Puka Nacua,LA,BUF,WR,BUF@LA,2plus_td,0.0774,1192.0,0.0355,0.438,B,-,tgt_sh 23.5%; team att 37.7; opp DvP 0.97; RZ tgt 1,1.0,
Colby Parkinson,LA,BUF,TE,BUF@LA,anytime_td,0.14785,576.0,0.0,0.15945,C,-,tgt_sh 5.7%; team att 37.7; opp DvP 0.82; RZ tgt 2,1.0,
Colby Parkinson,LA,BUF,TE,BUF@LA,first_td,0.026013920385170388,3744.0,0.0,0.15945,C,-,tgt_sh 5.7%; team att 37.7; opp DvP 0.82; RZ tgt 2,1.0,
Colby Parkinson,LA,BUF,TE,BUF@LA,last_td,0.026013920385170388,3744.0,0.0,0.15945,C,-,tgt_sh 5.7%; team att 37.7; opp DvP 0.82; RZ tgt 2,1.0,
Colby Parkinson,LA,BUF,TE,BUF@LA,2plus_td,0.0109,9074.0,0.0,0.15945,C,-,tgt_sh 5.7%; team att 37.7; opp DvP 0.82; RZ tgt 2,1.0,
Jordan Whittington,LA,BUF,WR,BUF@LA,anytime_td,0.0463,2060.0,0.0,0.04745,C,-,w_td 0.02; team TD 3.00,1.0,
Jordan Whittington,LA,BUF,WR,BUF@LA,first_td,0.0077242213342213345,12846.0,0.0,0.04745,C,-,w_td 0.02; team TD 3.00,1.0,
Jordan Whittington,LA,BUF,WR,BUF@LA,last_td,0.0077242213342213345,12846.0,0.0,0.04745,C,-,w_td 0.02; team TD 3.00,1.0,
Jordan Whittington,LA,BUF,WR,BUF@LA,2plus_td,0.00115,86857.0,0.0,0.04745,C,-,w_td 0.02; team TD 3.00,1.0,
Kyren Williams,LA,BUF,RB,BUF@LA,anytime_td,0.59635,-148.0,0.63875,0.2357,B,-,tgt_sh 10.0%; team att 37.7; opp DvP 0.89; RZ tgt 2; car_sh 47.9%; team rush 25.7; opp d_ypc 0.98; inside-10 car 7,1.0,
Kyren Williams,LA,BUF,RB,BUF@LA,first_td,0.14487468836718836,590.0,0.63875,0.2357,B,-,tgt_sh 10.0%; team att 37.7; opp DvP 0.89; RZ tgt 2; car_sh 47.9%; team rush 25.7; opp d_ypc 0.98; inside-10 car 7,1.0,
Kyren Williams,LA,BUF,RB,BUF@LA,last_td,0.14487468836718836,590.0,0.63875,0.2357,B,-,tgt_sh 10.0%; team att 37.7; opp DvP 0.89; RZ tgt 2; car_sh 47.9%; team rush 25.7; opp d_ypc 0.98; inside-10 car 7,1.0,
Kyren Williams,LA,BUF,RB,BUF@LA,2plus_td,0.2157,364.0,0.63875,0.2357,B,-,tgt_sh 10.0%; team att 37.7; opp DvP 0.89; RZ tgt 2; car_sh 47.9%; team rush 25.7; opp d_ypc 0.98; inside-10 car 7,1.0,
