player,pos,team,opp,game,played,p_active,status,proxy,pass_cmp_mean,pass_cmp_p25,pass_cmp_p75,pass_cmp_conf,pass_yds_mean,pass_yds_p25,pass_yds_p75,pass_yds_conf,pass_td_mean,pass_td_p25,pass_td_p75,pass_td_conf,rush_td_mean,any_td_pct,exp_td,td_conf,rush_yds_mean,rush_yds_p25,rush_yds_p75,rush_yds_conf,rec_yds_mean,rec_yds_p25,rec_yds_p75,rec_yds_conf,rec_mean,rec_p25,rec_p75,rec_conf,rec_td_mean,rush_att_mean,tgt_mean,car_sh,tgt_sh,any_td_pct_wt
Aaron Rodgers,QB,PIT,CLE,PIT@CLE,True,1.0,,False,20.2995,17.0,23.0,91.0,236.47806693639663,179.9999186262697,282.05618057228276,87.0,1.7139,1.0,2.0,82.0,0.01905,0.01895,0.01905,62,,,,,,,,,,,,,,,,,,0.01895
Germie Bernard,WR,PIT,CLE,PIT@CLE,True,1.0,,False,,,,,,,,,,,,,0.0,0.1253,0.1338,30,0.0,0.0,0.0,78.0,13.837599661622004,0.0,21.291711809186232,31.0,1.1338,0.0,2.0,25.0,0.1338,0.0,1.9725,0.002783512338617426,0.04920819490473396,0.1253
Pat Freiermuth,TE,PIT,CLE,PIT@CLE,True,1.0,,False,,,,,,,,,,,,,0.0049,0.2468,0.28035,50,1.5451681177834888,0.0,0.0,90.0,34.57477803431327,14.844219227658288,48.56561738246881,61.0,3.2297,2.0,4.0,72.0,0.27545,0.3569,5.11435,0.010851664044754891,0.13203059049486404,0.2468
Eli Heidenreich,RB,PIT,CLE,PIT@CLE,True,1.0,,False,,,,,,,,,,,,,0.00345,0.0145,0.0146,1,1.1772982054683803,0.0,0.0,60.0,1.7088220859579895,0.0,0.0,60.0,0.21895,0.0,0.0,60.0,0.01115,0.2637,0.31965,0.008088545411842035,0.007667384255273657,0.0145
Travis Homer,RB,PIT,CLE,PIT@CLE,True,1.0,,False,,,,,,,,,,,,,0.0472,0.0547,0.05615,20,10.058198219273642,1.4825762052097402,13.736478648735305,27.0,1.1919934727079464,0.0,0.0,63.0,0.1543,0.0,0.0,63.0,0.00895,2.3924,0.22415,0.07057112458935205,0.00536894383615806,0.0547
DK Metcalf,WR,PIT,CLE,PIT@CLE,True,1.0,,False,,,,,,,,,,,,,0.0,0.296,0.34535,50,0.0,0.0,0.0,97.0,66.72572348746891,36.15720735582806,89.7092990504983,76.0,4.8223,3.0,6.0,81.0,0.34535,0.0,8.9483,0.002783512338617426,0.22236427917111726,0.296
Lew Nichols III,RB,PIT,CLE,PIT@CLE,True,1.0,,False,,,,,,,,,,,,,0.0258,0.03445,0.03495,6,2.888260137187872,0.0,3.126215401639601,28.0,1.20202521966652,0.0,0.0,61.0,0.15575,0.0,0.0,61.0,0.00915,0.6784,0.22945,0.02026106233988231,0.005489665650225519,0.03445
Riley Nowakowski,RB,PIT,CLE,PIT@CLE,True,1.0,,False,,,,,,,,,,,,,0.0,0.0049,0.0049,1,0.0,0.0,0.0,60.0,0.6964546355539395,0.0,0.0,60.0,0.0919,0.0,0.0,60.0,0.0049,0.0,0.13695,0.003867604358672992,0.003381025856006241,0.0049
Michael Pittman,WR,PIT,CLE,PIT@CLE,True,1.0,,False,,,,,,,,,,,,,0.0,0.17185,0.18655,21,0.0,0.0,0.0,79.0,38.77442860959589,16.45972779810701,54.58687001252173,50.0,3.12155,2.0,4.0,60.0,0.18655,0.0,5.43175,0.00324743106172033,0.1353091789490617,0.17185
Ben Skowronek,WR,PIT,CLE,PIT@CLE,True,1.0,,False,,,,,,,,,,,,,0.0,0.0595,0.0614,13,0.0,0.0,0.0,66.0,6.237819801914411,0.0,8.165089047682125,27.0,0.48085,0.0,1.0,6.0,0.0614,0.0,0.83775,0.002783512338617426,0.020885617313412957,0.0595
Robert Tonyan,TE,PIT,CLE,PIT@CLE,True,1.0,,False,,,,,,,,,,,,,0.0,0.04015,0.04075,7,0.0,0.0,0.0,62.0,2.0663107953856885,0.0,0.0,62.0,0.2011,0.0,0.0,62.0,0.04075,0.0,0.33005,0.002783512338617426,0.008346914857342862,0.04015
Jaylen Warren,RB,PIT,CLE,PIT@CLE,True,1.0,,False,,,,,,,,,,,,,0.2059,0.41715,0.52285,82,80.34564647832381,56.20986219424595,99.64855422142318,84.0,29.15954713309955,13.049137743958052,40.55751254437267,72.0,3.50595,2.0,5.0,74.0,0.31695,15.89485,5.01325,0.47774323509836253,0.11945307577556553,0.41715
Darnell Washington,TE,PIT,CLE,PIT@CLE,True,1.0,,False,,,,,,,,,,,,,0.0,0.1576,0.1719,34,0.0,0.0,0.0,81.0,21.446498485388013,4.725353815317085,31.975556604045003,43.0,1.93425,1.0,3.0,50.0,0.1719,0.0,3.11685,0.002783512338617426,0.07996535359795272,0.1576
Kaden Wetjen,WR,PIT,CLE,PIT@CLE,True,1.0,,False,,,,,,,,,,,,,0.0,0.0054,0.0054,1,0.0,0.0,0.0,60.0,1.0997772382707176,0.0,0.0,60.0,0.08295,0.0,0.0,60.0,0.0054,0.0,0.14725,0.002783512338617426,0.0036825314401287756,0.0054
Roman Wilson,WR,PIT,CLE,PIT@CLE,True,1.0,,False,,,,,,,,,,,,,0.0,0.21135,0.2321,53,0.0,0.0,0.0,97.0,34.85268454749608,12.735319249702298,49.72943489142902,67.0,2.62045,1.0,4.0,64.0,0.2321,0.0,4.78835,0.002783512338617426,0.11961607441485711,0.21135
Deshaun Watson,QB,CLE,PIT,PIT@CLE,True,1.0,,False,19.0138,16.0,22.0,91.0,217.01437844818122,162.96827429215887,260.7480923596574,86.0,1.3886,1.0,2.0,78.0,0.13965,0.1309,0.13965,62,,,,,,,,,,,,,,,,,,0.1309
Isaiah Bond,WR,CLE,PIT,PIT@CLE,True,1.0,,False,,,,,,,,,,,,,0.0,0.04835,0.0497,4,0.0,0.0,0.0,63.0,10.219733783163786,0.0,15.782951094009661,17.0,0.7951,0.0,1.0,25.0,0.0497,0.0,1.31785,0.0031591414519928493,0.04102174167680726,0.04835
Denzel Boston,WR,CLE,PIT,PIT@CLE,True,1.0,,False,,,,,,,,,,,,,0.0,0.22845,0.25625,55,0.0,0.0,0.0,95.0,49.318732346618965,20.22473354430934,69.30090101848022,65.0,3.02765,2.0,4.0,75.0,0.25625,0.0,4.63695,0.0031591414519928493,0.1451872475658341,0.22845
Michael Burton,RB,CLE,PIT,PIT@CLE,True,1.0,,False,,,,,,,,,,,,,0.00575,0.0164,0.01645,1,1.0206008043098955,0.0,0.0,61.0,1.8169448129731547,0.0,0.0,61.0,0.23045,0.0,0.0,61.0,0.0107,0.23385,0.297,0.008298954024434394,0.009953208567108797,0.0164
KC Concepcion,WR,CLE,PIT,PIT@CLE,True,1.0,,False,,,,,,,,,,,,,0.0138,0.2993,0.3473,60,2.7005734843390488,0.0,2.847752154795062,68.0,50.773067003357156,25.953981812007527,68.91614964958195,75.0,4.3094,3.0,6.0,79.0,0.3335,0.6227,6.61515,0.02209734119714102,0.20796591322232244,0.2993
Malachi Corley,WR,CLE,PIT,PIT@CLE,True,1.0,,False,,,,,,,,,,,,,0.0,0.0201,0.02035,1,0.0,0.0,0.0,60.0,5.131295000783755,0.0,4.787483679126855,32.0,0.38835,0.0,1.0,1.0,0.02035,0.0,0.5865,0.0031591414519928493,0.018448907381079037,0.0201
Harold Fannin Jr.,TE,CLE,PIT,PIT@CLE,True,1.0,,False,,,,,,,,,,,,,0.0,0.27,0.31225,57,0.0,0.0,0.0,97.0,45.445614474962305,23.085918469593803,61.62612227392538,71.0,4.3165,3.0,6.0,76.0,0.31225,0.0,6.0795,0.0031591414519928493,0.18909122834304024,0.27
Jerry Jeudy,WR,CLE,PIT,PIT@CLE,True,1.0,,False,,,,,,,,,,,,,0.0,0.12205,0.12855,14,0.0,0.0,0.0,73.0,27.818492036762425,7.963629192379891,40.67450930850465,38.0,2.14335,1.0,3.0,45.0,0.12855,0.0,3.4881,0.0031591414519928493,0.10966123213441185,0.12205
Quinshon Judkins,RB,CLE,PIT,PIT@CLE,True,1.0,,False,,,,,,,,,,,,,0.3836,0.4464,0.57485,85,51.92526850457414,31.763523087525698,66.47828896114342,80.0,17.368304581256915,5.4090817385648355,25.526824931502773,65.0,2.2854,1.0,3.0,74.0,0.19125,14.31375,2.9417,0.5132748925046645,0.09867086556281471,0.4464
Jaleel McLaughlin,RB,CLE,PIT,PIT@CLE,True,1.0,,False,,,,,,,,,,,,,0.0362,0.04975,0.0512,3,8.89151174396837,0.0796506604226693,12.455875140275811,21.0,2.6921841221981033,0.0,1.5628931266647026,45.0,0.3456,0.0,1.0,3.0,0.015,1.79635,0.4401,0.0639658170434973,0.014508555894653958,0.04975
Carsen Ryan,TE,CLE,PIT,PIT@CLE,True,1.0,,False,,,,,,,,,,,,,0.0,0.00585,0.0059,1,0.0,0.0,0.0,60.0,1.1896378249840271,0.0,0.0,60.0,0.1123,0.0,0.0,60.0,0.0059,0.0,0.155,0.0031591414519928493,0.004900222034082455,0.00585
Raheim Sanders,RB,CLE,PIT,PIT@CLE,True,1.0,,False,,,,,,,,,,,,,0.05595,0.13045,0.13945,21,12.085820026523283,2.7597320671229117,16.565912843882728,44.0,15.187234182212286,3.433973358013383,22.370772051121243,41.0,1.89755,1.0,3.0,47.0,0.0835,2.6848,2.40865,0.09524747652710921,0.08047370751115547,0.13045
Blake Whiteheart,TE,CLE,PIT,PIT@CLE,True,1.0,,False,,,,,,,,,,,,,0.0,0.0531,0.05405,11,0.0,0.0,0.0,65.0,5.603932104556737,0.0,7.6647703569500525,24.0,0.52335,0.0,1.0,7.0,0.05405,0.0,0.7305,0.0031591414519928493,0.02288177144498253,0.0531
Daniel Jones,QB,IND,WAS,IND@WAS,False,1.0,,False,20.484,17.0,23.0,91.0,207.9179964565125,156.36272713436787,248.7267378944643,87.0,1.67995,1.0,2.0,82.0,0.0866,0.082,0.0866,62,,,,,,,,,,,,,,,,,,0.082
Mo Alie-Cox,TE,IND,WAS,IND@WAS,False,0.9479829842591244,Full,False,,,,,,,,,,,,,0.0,0.03790594685786588,0.03890763390974272,2,0.0,0.0,0.0,58.0,6.4213124187780375,0.0,9.360191369502985,17.0,0.6333825390130746,0.0,1.0,13.0,0.03890763390974272,0.0,0.9088464782792071,0.004234097619595359,0.02040525306751215,0.035934192623487474
Keenan Allen,WR,IND,WAS,IND@WAS,False,0.4981574884199691,Questionable; DNP,False,,,,,,,,,,,,,0.0,0.3450556056507364,0.41609057208696526,26,0.0,0.0,0.0,46.0,45.441977950040354,22.982482852783477,61.39713279356759,33.0,4.2957619477006315,3.0,6.0,35.0,0.41609057208696526,0.0,6.594529606251879,0.004234097619595359,0.18666181575426488,0.17189203387620214
Deion Burks,WR,IND,WAS,IND@WAS,False,1.0,,False,,,,,,,,,,,,,0.01115,0.02785,0.02815,1,1.8232074857793616,0.0,0.1731072536268542,57.0,3.4315816746754355,0.0,0.0,60.0,0.26735,0.0,0.0,60.0,0.017,0.4141,0.40855,0.01305513432708569,0.009688074268750457,0.02785
Josh Downs,WR,IND,WAS,IND@WAS,False,1.0,,False,,,,,,,,,,,,,0.0,0.4312,0.5468,64,0.0,0.0,0.0,97.0,66.38287659855678,36.18970721978844,88.21188806838747,75.0,5.62845,4.0,7.0,82.0,0.5468,0.0,8.7718,0.004234097619595359,0.20433937833760832,0.4312
Ashton Dulin,WR,IND,WAS,IND@WAS,False,0.7549608892548374,Questionable; Full,False,,,,,,,,,,,,,0.0,0.05063291139240506,0.05201740506329114,1,0.0,0.0,0.0,46.0,9.362296938160394,0.0,14.213497004186019,12.0,0.7534941983122363,0.0,1.0,16.0,0.05201740506329114,0.0,1.1707542194092826,0.006351146429393038,0.02949662056359085,0.03822586781037152
Anthony Gould,WR,IND,WAS,IND@WAS,False,1.0,,False,,,,,,,,,,,,,0.0,0.01295,0.013,1,0.0,0.0,0.0,60.0,2.5960508691156896,0.0,0.0,60.0,0.2091,0.0,0.0,60.0,0.013,0.0,0.3246,0.005080917143514431,0.007373447342728105,0.01295
Seth McGowan,RB,IND,WAS,IND@WAS,False,1.0,,False,,,,,,,,,,,,,0.15085,0.16215,0.17915,11,15.710613961061542,4.234967306193974,20.259006567120327,35.0,3.8178864590660377,0.0,5.097891023765847,25.0,0.52095,0.0,1.0,8.0,0.0283,3.85215,0.6744,0.11934294658762354,0.01484945448596578,0.16215
Andrew Ogletree,TE,IND,WAS,IND@WAS,False,1.0,,False,,,,,,,,,,,,,0.0,0.03575,0.0365,4,0.0,0.0,0.0,63.0,6.439805950479006,0.0,9.39729915126304,19.0,0.6417,0.0,1.0,16.0,0.0365,0.0,0.91215,0.004234097619595359,0.020283965765838994,0.03575
Jonathan Taylor,RB,IND,WAS,IND@WAS,False,0.9508674235277402,Full,False,,,,,,,,,,,,,0.7477619799894681,0.65144813059505,0.9978936282253817,84,84.5699663693374,59.578346702939,104.57209008015971,80.0,28.738844465414832,12.900679082442227,39.794392451021636,68.0,3.777461822011585,2.0,5.0,72.0,0.25013164823591366,20.284518167456557,4.789468141126909,0.7227979778520776,0.10662468522123161,0.6194408055008781
Laquon Treadwell,WR,IND,WAS,IND@WAS,False,1.0,,False,,,,,,,,,,,,,0.0,0.04775,0.04895,9,0.0,0.0,0.0,68.0,10.480650129870922,0.0,15.761348726045556,23.0,0.78015,0.0,1.0,30.0,0.04895,0.0,1.188,0.004234097619595359,0.02766083386441836,0.04775
Tyler Warren,TE,IND,WAS,IND@WAS,False,1.0,,False,,,,,,,,,,,,,0.0124,0.4347,0.562,55,1.8541929798408914,0.0,0.40224442373712144,89.0,66.01701510426945,38.91370228705085,86.35875911781989,74.0,6.9563,5.0,9.0,78.0,0.5496,0.42925,9.8852,0.013197409112690371,0.22208651744733474,0.4347
Marcus Mariota,QB,WAS,IND,IND@WAS,False,1.0,,False,20.0536,17.0,23.0,68.0,227.03312298262975,169.65105367857444,273.1772096933535,64.0,1.86045,1.0,3.0,45.0,0.1879,0.17295,0.1879,37,,,,,,,,,,,,,,,,,,0.17295
Kaytron Allen,RB,WAS,IND,IND@WAS,False,1.0,,False,,,,,,,,,,,,,0.09805,0.0987,0.10315,22,14.707871168217125,3.749272979839218,20.47828483280098,31.0,0.6926001991472309,0.0,0.0,65.0,0.0923,0.0,0.0,65.0,0.0051,3.05525,0.12495,0.07861718138388828,0.0038034958122500715,0.0987
John Bates,TE,WAS,IND,IND@WAS,False,1.0,,False,,,,,,,,,,,,,0.0,0.0981,0.1034,11,0.0,0.0,0.0,65.0,8.650590300089045,0.0,13.32847808173397,19.0,0.88765,0.0,1.0,32.0,0.1034,0.0,1.3204,0.0033335219393587755,0.034271209042520505,0.0981
Dyami Brown,WR,WAS,IND,IND@WAS,False,1.0,,False,,,,,,,,,,,,,0.0,0.1522,0.1631,19,0.0,0.0,0.0,72.0,18.568918404611225,2.2696964541731175,27.673671413523167,31.0,1.65365,1.0,2.0,54.0,0.1631,0.0,2.7713,0.0033335219393587755,0.07299162430800638,0.1522
Treylon Burks,WR,WAS,IND,IND@WAS,False,1.0,,False,,,,,,,,,,,,,0.0,0.14835,0.15955,9,0.0,0.0,0.0,63.0,18.342870754062425,1.119859158780983,27.84836442450763,20.0,1.5523,1.0,2.0,44.0,0.15955,0.0,2.72135,0.004000226327230531,0.07162474647974579,0.14835
Jacory Croskey-Merritt,RB,WAS,IND,IND@WAS,False,1.0,,False,,,,,,,,,,,,,0.41795,0.36795,0.4507,61,63.69602533942754,41.56021160169997,80.4083746887634,72.0,4.141283838921819,0.0,5.7618717209134,48.0,0.57595,0.0,1.0,38.0,0.03275,15.58625,0.7924,0.39918940712735934,0.02425711959796394,0.36795
Stefon Diggs,WR,WAS,IND,IND@WAS,False,1.0,,False,,,,,,,,,,,,,0.0,0.391,0.48395,55,0.0,0.0,0.0,90.0,52.16147984007393,26.51578438975792,70.60932690247209,65.0,4.5333,3.0,6.0,70.0,0.48395,0.0,7.20065,0.0033335219393587755,0.18975821957203062,0.391
Jaylin Lane,WR,WAS,IND,IND@WAS,False,1.0,,False,,,,,,,,,,,,,0.0,0.0645,0.0663,3,0.0,0.0,0.0,63.0,10.924297577709385,0.0,16.714572144835124,17.0,0.89455,0.0,1.0,29.0,0.0663,0.0,1.52185,0.0033335219393587755,0.040422631107111785,0.0645
Luke McCaffrey,WR,WAS,IND,IND@WAS,False,1.0,,False,,,,,,,,,,,,,0.0,0.0612,0.06295,1,0.0,0.0,0.0,60.0,11.439948811078951,0.0,17.60957399785393,14.0,0.9393,0.0,1.0,28.0,0.06295,0.0,1.52215,0.0050002829090381624,0.040041123792524475,0.0612
Terry McLaurin,WR,WAS,IND,IND@WAS,False,0.6667342299285288,Questionable; Limited,False,,,,,,,,,,,,,0.0,0.3074085228128294,0.3589067911459118,29,0.0,0.0,0.0,60.0,47.631203504282624,21.86233161028603,66.42927378073621,41.0,3.498042463484415,2.0,5.0,43.0,0.3589067911459118,0.0,5.953169703357928,0.0033335219393587755,0.18332672094247834,0.20495978473107837
Chig Okonkwo,TE,WAS,IND,IND@WAS,False,0.9575230478992892,Limited,False,,,,,,,,,,,,,0.0,0.18709946334601157,0.2064815297243787,3,0.0,0.0,0.0,60.0,29.50069865258749,11.74114396650467,41.5904093772735,31.0,3.0199030896681083,2.0,4.0,41.0,0.2064815297243787,0.0,4.539311207210963,0.0050002829090381624,0.11956676576009709,0.17915204840339435
Ben Sinnott,TE,WAS,IND,IND@WAS,False,0.9575230478992892,Limited,False,,,,,,,,,,,,,0.0,0.03461037268699505,0.03534010946051603,3,0.0,0.0,0.0,60.0,5.067318678518113,0.0,7.006716581906012,20.0,0.5227521501172792,0.0,1.0,5.0,0.03534010946051603,0.0,0.7937972374250717,0.0033335219393587755,0.020538393728769776,0.03314022954418181
Antonio Williams,WR,WAS,IND,IND@WAS,False,1.0,,False,,,,,,,,,,,,,0.0,0.244,0.2763,27,0.0,0.0,0.0,75.0,32.29002897917235,11.741392878803724,46.229762664498224,43.0,2.6952,1.0,4.0,42.0,0.2763,0.0,4.29955,0.0033335219393587755,0.11319162781627881,0.244
Colson Yankoff,TE,WAS,IND,IND@WAS,False,1.0,,False,,,,,,,,,,,,,0.0,0.02895,0.0294,4,0.0,0.0,0.0,64.0,4.095769204456772,0.0,4.532297574094088,31.0,0.4223,0.0,1.0,4.0,0.0294,0.0,0.63705,0.0033335219393587755,0.01678339158996669,0.02895
Cam Ward,QB,TEN,BAL,TEN@BAL,False,1.0,,False,20.4513,18.0,23.0,92.0,204.1321407200577,156.47338687303662,243.1805561059212,86.0,0.97565,0.0,2.0,39.0,0.14155,0.1324,0.14155,61,,,,,,,,,,,,,,,,,,0.1324
Elic Ayomanor,WR,TEN,BAL,TEN@BAL,False,1.0,,False,,,,,,,,,,,,,0.0,0.19405,0.21255,43,0.0,0.0,0.0,74.0,33.74295328286451,12.747703903013848,47.95716949838111,43.0,2.6407,1.0,4.0,40.0,0.21255,0.0,4.6083,0.003916249950316416,0.12817674761548592,0.19405
Daniel Bellinger,TE,TEN,BAL,TEN@BAL,False,1.0,,False,,,,,,,,,,,,,0.0,0.02955,0.03015,7,0.0,0.0,0.0,66.0,8.334036967071679,0.0,12.846770740572696,20.0,0.8972,0.0,1.0,33.0,0.03015,0.0,1.3205,0.003916249950316416,0.0403877529490561,0.02955
Julius Chestnut,RB,TEN,BAL,TEN@BAL,False,1.0,,False,,,,,,,,,,,,,0.0107,0.01385,0.0139,1,1.995261495757255,0.0,0.928010365780243,46.0,0.7400118580672893,0.0,0.0,60.0,0.105,0.0,0.0,60.0,0.0032,0.45415,0.1422,0.01575545560465996,0.003863917885209165,0.01385
Chimere Dike,WR,TEN,BAL,TEN@BAL,False,1.0,,False,,,,,,,,,,,,,0.0,0.0507,0.0514,4,0.0,0.0,0.0,63.0,14.080212574130908,0.0,21.477830257993777,17.0,1.45315,0.0,2.0,22.0,0.0514,0.0,2.29875,0.003916249950316416,0.06436667964399567,0.0507
Gunnar Helm,TE,TEN,BAL,TEN@BAL,False,1.0,,False,,,,,,,,,,,,,0.0,0.1438,0.1539,36,0.0,0.0,0.0,78.0,25.18044368119026,9.643817026964163,35.73558612046182,47.0,2.87155,2.0,4.0,57.0,0.1539,0.0,4.1073,0.003916249950316416,0.12582907651581074,0.1438
Tony Pollard,RB,TEN,BAL,TEN@BAL,False,0.9508674235277402,Full,False,,,,,,,,,,,,,0.4449411022297013,0.3985065208245688,0.4965292385359697,78,67.44592938873656,44.08721333361481,85.01781963023642,73.0,11.009754699298822,1.4507835151558068,16.471989917156705,51.0,1.6765881363062685,1.0,2.0,73.0,0.051588136306268406,14.67874421539756,2.239219604543542,0.5531406939270431,0.062499661100723136,0.3789268687154615
Calvin Ridley,WR,TEN,BAL,TEN@BAL,False,1.0,,False,,,,,,,,,,,,,0.0,0.0666,0.06875,5,0.0,0.0,0.0,65.0,21.136204828436238,4.039723479869872,31.513776436793098,26.0,1.77155,1.0,3.0,31.0,0.06875,0.0,3.03305,0.003916249950316416,0.08522327060765761,0.0666
Wan'Dale Robinson,WR,TEN,BAL,TEN@BAL,False,1.0,,False,,,,,,,,,,,,,0.0,0.19485,0.21445,48,0.0,0.0,0.0,89.0,43.46266430197192,22.000672775085395,59.13508120486789,63.0,4.28995,3.0,6.0,68.0,0.21445,0.0,6.77865,0.003916249950316416,0.18848402126991512,0.19485
Nicholas Singleton,RB,TEN,BAL,TEN@BAL,False,1.0,,False,,,,,,,,,,,,,0.0562,0.0591,0.0611,8,10.319364029681488,1.3630872446898128,13.923734135467146,26.0,1.1908390319577313,0.0,0.0,62.0,0.16785,0.0,0.0,62.0,0.0049,2.41505,0.22965,0.08344204357451426,0.006555824082885112,0.0591
Tyjae Spears,RB,TEN,BAL,TEN@BAL,False,0.7075836643559986,Questionable; Full,False,,,,,,,,,,,,,0.14861514486080613,0.19543812424736134,0.21505985691010837,17,25.572862328120628,11.163050988354568,34.24645036039131,35.0,14.046436117498201,3.8184412375632935,20.59837803395306,29.0,2.1048381384146775,1.0,3.0,34.0,0.06644471204930226,5.739604731883545,2.718707940780619,0.22218593794611782,0.0837617310257656,0.1382888241098109
Carnell Tate,WR,TEN,BAL,TEN@BAL,False,1.0,,False,,,,,,,,,,,,,0.0,0.1725,0.1864,41,0.0,0.0,0.0,92.0,50.21791188296323,26.3151210759076,67.83006103904339,67.0,4.62275,3.0,6.0,73.0,0.1864,0.0,7.4119,0.003916249950316416,0.2054629431648236,0.1725
Lamar Jackson,QB,BAL,TEN,TEN@BAL,False,0.98,Full,False,17.363460066343453,15.0,20.0,83.0,195.18400570482717,144.03042694036952,236.08819680116142,78.0,1.4509313600408267,1.0,2.0,72.0,0.2300076550140342,0.20729778004593008,0.2300076550140342,54,,,,,,,,,,,,,,,,,,0.20315182444501148
Rasheen Ali,RB,BAL,TEN,TEN@BAL,False,1.0,,False,,,,,,,,,,,,,0.02395,0.05315,0.0549,1,2.9593794439807475,0.0,3.2579487463498804,27.0,4.044953793562441,0.0,5.552090011611504,19.0,0.55515,0.0,1.0,6.0,0.03095,0.7122,0.7066,0.02088902312650093,0.01921409995921496,0.05315
Mark Andrews,TE,BAL,TEN,TEN@BAL,False,0.9479829842591244,Full,False,,,,,,,,,,,,,0.0,0.30016872297796054,0.35426552778656545,35,0.0,0.0,0.0,84.0,47.232296234075,24.602583105106962,63.880572906176866,60.0,4.971897078983444,3.0,6.0,67.0,0.35426552778656545,0.0,6.9496994621955075,0.004189832939065345,0.19783456999272037,0.28455484178989743
Rashod Bateman,WR,BAL,TEN,TEN@BAL,False,1.0,,False,,,,,,,,,,,,,0.0,0.26725,0.30745,34,0.0,0.0,0.0,81.0,37.60863074086251,14.554162401202046,52.91045750994157,50.0,2.97735,2.0,4.0,61.0,0.30745,0.0,4.73125,0.004189832939065345,0.12597866564176702,0.26725
Josh Cuevas,TE,BAL,TEN,TEN@BAL,False,1.0,,False,,,,,,,,,,,,,0.0,0.01835,0.01835,2,0.0,0.0,0.0,62.0,3.0359979051156567,0.0,0.0,62.0,0.30735,0.0,0.0,62.0,0.01835,0.0,0.42835,0.004189832939065345,0.011822419975294082,0.01835
Zay Flowers,WR,BAL,TEN,TEN@BAL,False,0.6667342299285288,Questionable; Limited,False,,,,,,,,,,,,,0.011736382786638579,0.37496238338850435,0.45922359313873007,19,1.2876453050978949,0.0,0.0,51.0,82.7565091231434,45.60692267771091,110.83801187245535,35.0,5.354122780619922,4.0,7.0,39.0,0.4474872103520915,0.32004213060487513,7.71155582305146,0.00943814998905246,0.24921450437358095,0.25000025594070024
Derrick Henry,RB,BAL,TEN,TEN@BAL,False,1.0,,False,,,,,,,,,,,,,1.11435,0.71955,1.19785,85,94.66288931892399,67.61920523974226,116.98255001615954,84.0,10.232986360467883,0.0,15.530947535713288,54.0,1.39625,0.0,2.0,57.0,0.0835,21.6135,1.80255,0.631681562654459,0.04985149463156766,0.71955
Matthew Hibner,TE,BAL,TEN,TEN@BAL,False,1.0,,False,,,,,,,,,,,,,0.0,0.08355,0.0867,11,0.0,0.0,0.0,65.0,6.922294195213393,0.0,10.446702785121174,20.0,0.7063,0.0,1.0,22.0,0.0867,0.0,0.98065,0.004189832939065345,0.027525703874102046,0.08355
Justice Hill,RB,BAL,TEN,TEN@BAL,False,1.0,,False,,,,,,,,,,,,,0.162,0.22045,0.2457,14,19.604691585852574,7.492601098447286,26.74503944552365,43.0,10.959004622382523,0.0,16.284358776769558,28.0,1.47145,0.0,2.0,32.0,0.0837,4.71705,1.8582,0.13847395340698126,0.0513104263548793,0.22045
Chris Moore,WR,BAL,TEN,TEN@BAL,False,0.6667342299285288,Questionable; Limited,False,,,,,,,,,,,,,0.0,0.15077222971959814,0.1634427950217424,11,0.0,0.0,0.0,46.0,19.953413096638446,0.0,29.9703784361459,16.0,1.518668466036887,0.0,2.0,20.0,0.1634427950217424,0.0,2.3972859499175287,0.004189832939065345,0.07122709913016065,0.10052500647670351
Durham Smythe,TE,BAL,TEN,TEN@BAL,False,0.9479829842591244,Full,False,,,,,,,,,,,,,0.0,0.06725701033101412,0.06920725279359055,9,0.0,0.0,0.0,60.0,4.034939856711451,0.0,4.0030979538047475,32.0,0.40876027830487033,0.0,1.0,3.0,0.06920725279359055,0.0,0.5755323634830276,0.004189832939065345,0.01641612211368583,0.06375850136594154
Devontez Walker,WR,BAL,TEN,TEN@BAL,False,1.0,,False,,,,,,,,,,,,,0.0,0.0608,0.06305,4,0.0,0.0,0.0,64.0,12.365699529664283,0.0,19.023096407518402,18.0,0.92955,0.0,1.0,32.0,0.06305,0.0,1.4132,0.005027799526878414,0.03755867941962394,0.0608
LaJohntay Wester,WR,BAL,TEN,TEN@BAL,False,1.0,,False,,,,,,,,,,,,,0.0,0.03525,0.03625,7,0.0,0.0,0.0,66.0,6.355439302733092,0.0,8.472704871541605,26.0,0.52225,0.0,1.0,9.0,0.03625,0.0,0.78735,0.004189832939065345,0.021086804748606518,0.03525
Drake Maye,QB,NE,BUF,NE@BUF,False,0.98,Full,False,19.027551020408165,16.0,22.0,84.0,222.57510962424354,167.6095951781516,266.69191210057227,81.0,1.4036224489795919,1.0,2.0,73.0,0.12229591836734693,0.11535714285714285,0.12229591836734693,56,,,,,,,,,,,,,,,,,,0.11305
Efton Chism III,WR,NE,BUF,NE@BUF,False,1.0,,False,,,,,,,,,,,,,0.0,0.0714,0.074,10,0.0,0.0,0.0,64.0,7.405476484514095,0.0,10.936220506139701,20.0,0.60655,0.0,1.0,15.0,0.074,0.0,0.98825,0.004104728878331038,0.02599433436293474,0.0714
Romeo Doubs,WR,NE,BUF,NE@BUF,False,1.0,,False,,,,,,,,,,,,,0.0,0.20895,0.23285,25,0.0,0.0,0.0,78.0,49.355820009470236,21.054939531878894,68.96360419933706,48.0,3.2608,2.0,4.0,59.0,0.23285,0.0,5.35885,0.003420607398609198,0.14054922021133662,0.20895
DeMario Douglas,WR,NE,BUF,NE@BUF,False,1.0,,False,,,,,,,,,,,,,0.0,0.1845,0.20045,30,0.0,0.0,0.0,82.0,36.16455948800885,13.583091721398988,51.36727569798686,51.0,2.7347,1.0,4.0,49.0,0.20045,0.0,4.50745,0.003420607398609198,0.11754833174869968,0.1845
Reggie Gilliam,RB,NE,BUF,NE@BUF,False,0.6469461218980005,Questionable; Limited,False,,,,,,,,,,,,,0.0,0.02595502156500308,0.026417128773875538,2,0.0,0.0,0.0,41.0,3.4759864484329595,0.0,4.260139300384507,17.0,0.4554066543438078,0.0,1.0,2.0,0.026417128773875538,0.0,0.6213801601971657,0.0034463422181132495,0.017823402695611345,0.016791500545257715
TreVeyon Henderson,RB,NE,BUF,NE@BUF,False,1.0,,False,,,,,,,,,,,,,0.27975,0.28635,0.33445,21,48.94990657158148,29.27842114684747,63.13978998385727,54.0,8.376901811471283,0.0,12.891515575940296,28.0,1.13655,0.0,2.0,22.0,0.0547,11.3757,1.52885,0.3924435384291572,0.04081260347257565,0.28635
Hunter Henry,TE,NE,BUF,NE@BUF,False,1.0,,False,,,,,,,,,,,,,0.0,0.1924,0.2116,23,0.0,0.0,0.0,76.0,35.90290309767607,15.240610876147779,50.61085775786134,46.0,3.22255,2.0,4.0,57.0,0.2116,0.0,4.8729,0.003420607398609198,0.1419579598071125,0.1924
Mack Hollins,WR,NE,BUF,NE@BUF,False,1.0,,False,,,,,,,,,,,,,0.0,0.3247,0.38515,50,0.0,0.0,0.0,86.0,49.382662303830145,23.52277991213707,67.79564476684713,59.0,3.8397,2.0,5.0,62.0,0.38515,0.0,6.0339,0.003420607398609198,0.15778306240303785,0.3247
Corey Kiner,RB,NE,BUF,NE@BUF,False,1.0,,False,,,,,,,,,,,,,0.0791,0.0872,0.0907,12,11.926459354999205,3.0504228942242815,15.985348061171287,38.0,1.943665173940323,0.0,0.0,71.0,0.25375,0.0,0.0,71.0,0.0116,3.2027,0.3491,0.1105084174304975,0.009062667900630667,0.0872
Lan Larison,RB,NE,BUF,NE@BUF,False,1.0,,False,,,,,,,,,,,,,0.0037,0.0447,0.04575,2,0.6224101966104273,0.0,0.0,62.0,6.5413005474115415,0.0,10.090138216036737,15.0,0.8475,0.0,1.0,26.0,0.04205,0.1464,1.16245,0.005104368803723028,0.03069220871512116,0.0447
Cameron Latu,TE,NE,BUF,NE@BUF,False,1.0,,False,,,,,,,,,,,,,0.0,0.00205,0.00205,1,0.0,0.0,0.0,60.0,0.44256260285282367,0.0,0.0,60.0,0.0423,0.0,0.0,60.0,0.00205,0.0,0.0597,0.003420607398609198,0.0018109767442914804,0.00205
Eli Raridon,TE,NE,BUF,NE@BUF,False,0.6667342299285288,Questionable; Limited,False,,,,,,,,,,,,,0.0,0.058858768908192305,0.06073086715590834,6,0.0,0.0,0.0,42.0,4.673984473085641,0.0,5.329758623626259,19.0,0.43979332035345214,0.0,1.0,2.0,0.06073086715590834,0.0,0.6509660026958215,0.004104728878331038,0.020575221191581387,0.03924315596254483
Rhamondre Stevenson,RB,NE,BUF,NE@BUF,False,1.0,,False,,,,,,,,,,,,,0.21205,0.29915,0.3491,44,31.43611944830928,16.05315737116071,41.41519954514466,71.0,24.27541187945711,9.146324129484361,34.45220345999329,64.0,2.8436,1.0,4.0,64.0,0.13705,7.68785,3.76625,0.26623890526220995,0.09952766459605898,0.29915
Kyle Williams,WR,NE,BUF,NE@BUF,False,1.0,,False,,,,,,,,,,,,,0.0,0.06055,0.06195,9,0.0,0.0,0.0,68.0,13.054887028012352,0.0,20.211620483545975,22.0,0.96585,0.0,2.0,8.0,0.06195,0.0,1.69825,0.003420607398609198,0.04437913907952491,0.06055
Josh Allen,QB,BUF,NE,NE@BUF,False,1.0,,False,17.43195,15.0,20.0,90.0,215.5526646769701,159.80539800638556,260.06220051074223,84.0,1.49915,1.0,2.0,78.0,0.39055,0.32675,0.39055,60,,,,,,,,,,,,,,,,,,0.32675
Keon Coleman,WR,BUF,NE,NE@BUF,False,0.9575230478992892,Limited,False,,,,,,,,,,,,,0.0,0.15820210658045677,0.17269788299092712,20,0.0,0.0,0.0,71.0,27.25844538721178,7.940465425715956,39.9299988385197,38.0,2.10225258108249,1.0,3.0,44.0,0.17269788299092712,0.0,3.4126603399728856,0.003959113026160915,0.11333156500661175,0.15148216327700717
James Cook,RB,BUF,NE,NE@BUF,False,1.0,,False,,,,,,,,,,,,,0.81945,0.64555,0.98965,85,96.18488836473433,68.55887211069576,118.87353334983783,84.0,13.886980288480109,1.9566052191947694,20.79871883013005,59.0,1.65925,1.0,2.0,82.0,0.1702,17.66335,2.28035,0.5738047511578297,0.07437672408091413,0.64555
Ray Davis,RB,BUF,NE,NE@BUF,False,0.6469461218980005,Questionable; Limited,False,,,,,,,,,,,,,0.05649234594762608,0.06799285103737664,0.06985779780868755,1,7.304510872380989,0.0,9.888193827896181,13.0,1.883539420448675,0.0,0.0,39.0,0.22317196363353797,0.0,0.0,39.0,0.013365451861061466,1.6268552335068769,0.31152381692439196,0.054305774939304295,0.010831313726771204,0.04398771129541926
Greg Dortch,WR,BUF,NE,NE@BUF,False,1.0,,False,,,,,,,,,,,,,0.0,0.02905,0.0295,1,0.0,0.0,0.0,60.0,5.339273042281426,0.0,6.4073889676128335,24.0,0.43545,0.0,1.0,1.0,0.0295,0.0,0.6866,0.003959113026160915,0.022544626678764963,0.02905
Frank Gore Jr.,RB,BUF,NE,NE@BUF,False,1.0,,False,,,,,,,,,,,,,0.12155,0.12055,0.1279,1,14.333042182522458,3.906493530324846,19.743196889669314,27.0,0.9602658561612317,0.0,0.0,61.0,0.11425,0.0,0.0,61.0,0.00635,3.26405,0.1559,0.10610591379796977,0.004953796734762246,0.12055
Jackson Hawes,TE,BUF,NE,NE@BUF,False,1.0,,False,,,,,,,,,,,,,0.0,0.02445,0.025,2,0.0,0.0,0.0,62.0,4.413967617945928,0.0,4.7502574147422765,29.0,0.4059,0.0,1.0,2.0,0.025,0.0,0.62335,0.003959113026160915,0.022073778545525103,0.02445
Ty Johnson,RB,BUF,NE,NE@BUF,False,1.0,,False,,,,,,,,,,,,,0.02475,0.12725,0.1353,4,3.0793420989463125,0.0,3.4865900852969975,30.0,17.26099544732964,3.7873394152221964,25.534382416393655,26.0,1.8772,1.0,3.0,32.0,0.11055,0.70875,2.6435,0.023271027301122724,0.08514220090294018,0.12725
Dalton Kincaid,TE,BUF,NE,NE@BUF,False,1.0,,False,,,,,,,,,,,,,0.0,0.21055,0.23445,35,0.0,0.0,0.0,87.0,43.952165391486076,18.887133379081522,61.726661394950256,58.0,3.3492,2.0,5.0,60.0,0.23445,0.0,4.90305,0.003959113026160915,0.1751742787490198,0.21055
Dawson Knox,TE,BUF,NE,NE@BUF,False,1.0,,False,,,,,,,,,,,,,0.0093,0.1007,0.1059,13,1.0913609976861083,0.0,0.0,66.0,11.850433413932482,0.0,18.205188412517437,20.0,1.0515,0.0,2.0,9.0,0.0966,0.2409,1.5792,0.007958217092990123,0.05616927416501355,0.1007
Keleki Latu,TE,BUF,NE,NE@BUF,False,1.0,,False,,,,,,,,,,,,,0.0,0.0032,0.00325,1,0.0,0.0,0.0,60.0,0.8363624849756357,0.0,0.0,60.0,0.0745,0.0,0.0,60.0,0.00325,0.0,0.11415,0.003959113026160915,0.004143780788528634,0.0032
DJ Moore,WR,BUF,NE,NE@BUF,False,0.9575230478992892,Limited,False,,,,,,,,,,,,,0.00835291046724093,0.2670843121900287,0.3062385800052206,41,0.970181848179309,0.0,0.0,85.0,48.42712344491981,20.94889247115411,67.54979114051923,57.0,3.3009135995823544,2.0,4.0,68.0,0.2978856695379796,0.2283476898981989,5.542625946228139,0.007624958420754353,0.18465351018489073,0.2557393846542816
Josh Palmer,WR,BUF,NE,NE@BUF,False,1.0,,False,,,,,,,,,,,,,0.0,0.0785,0.08185,9,0.0,0.0,0.0,68.0,19.246377198828764,0.0,29.33115757376799,22.0,1.19575,0.0,2.0,18.0,0.08185,0.0,2.0346,0.003959113026160915,0.06758716995596198,0.0785
Khalil Shakir,WR,BUF,NE,NE@BUF,False,1.0,,False,,,,,,,,,,,,,0.0,0.3018,0.3549,48,0.0,0.0,0.0,84.0,39.39579923436501,16.99121351506977,55.2065684352405,55.0,3.1769,2.0,4.0,65.0,0.3549,0.0,5.11445,0.003959113026160915,0.16828850277929394,0.3018
Geno Smith,QB,NYJ,CHI,NYJ@CHI,False,1.0,,False,20.76575,18.0,24.0,91.0,239.82007185107108,184.17788772822703,285.07421624192926,87.0,1.12095,0.0,2.0,46.0,0.1724,0.1591,0.1724,62,,,,,,,,,,,,,,,,,,0.1591
Braelon Allen,RB,NYJ,CHI,NYJ@CHI,False,1.0,,False,,,,,,,,,,,,,0.43695,0.47455,0.62475,54,65.48289623252796,42.29619088493597,83.23379867275926,61.0,10.89598587503719,0.0,16.57975255249786,34.0,1.3526,0.0,2.0,35.0,0.1878,15.0363,1.754,0.23478858634676514,0.030165411344866562,0.47455
Andrew Beck,RB,NYJ,CHI,NYJ@CHI,False,1.0,,False,,,,,,,,,,,,,0.0216,0.03115,0.0315,1,4.233231414568142,0.0,5.086819573040219,24.0,2.5102544476982978,0.0,0.0,60.0,0.30215,0.0,0.0,60.0,0.0099,0.9043,0.39175,0.014021137332171342,0.006716844245156507,0.03115
Isaiah Davis,RB,NYJ,CHI,NYJ@CHI,False,1.0,,False,,,,,,,,,,,,,0.0308,0.05765,0.0591,1,6.3335038415613205,0.0,8.508045783640181,20.0,7.501322414929752,0.0,11.46801079489797,14.0,0.87275,0.0,1.0,26.0,0.0283,1.2477,1.1334,0.019252381206994136,0.019492222456292747,0.05765
Malik McClain,WR,NYJ,CHI,NYJ@CHI,False,1.0,,False,,,,,,,,,,,,,0.0,0.00765,0.00765,1,0.0,0.0,0.0,60.0,2.8571656284953533,0.0,0.0,60.0,0.2054,0.0,0.0,60.0,0.00765,0.0,0.31565,0.005909963665050036,0.005740579257988565,0.00765
Jamaal Pritchett,WR,NYJ,CHI,NYJ@CHI,False,1.0,,False,,,,,,,,,,,,,0.0,0.00705,0.0071,1,0.0,0.0,0.0,60.0,2.5428772581134,0.0,0.0,60.0,0.1814,0.0,0.0,60.0,0.0071,0.0,0.28205,0.005909963665050036,0.005045430988466511,0.00705
Jeremy Ruckert,TE,NYJ,CHI,NYJ@CHI,False,0.9479829842591244,Full,False,,,,,,,,,,,,,0.0,0.15007890583903208,0.15938979484481852,24,0.0,0.0,0.0,69.0,20.47638549102902,4.382058422523056,30.404250690138543,33.0,2.0111520252498685,1.0,3.0,41.0,0.15938979484481852,0.0,2.7542872172540767,0.003939975776700024,0.05291565284241248,0.14227224903162977
Kenyon Sadiq,TE,NYJ,CHI,NYJ@CHI,False,0.6667342299285288,Questionable; Limited,False,,,,,,,,,,,,,0.06528590724898695,0.21822002101155635,0.24343388863875132,20,2.1680327383074025,0.0,0.5515394974738261,50.0,49.422560107959676,24.910197387771746,67.61094964873243,38.0,4.386612636950323,3.0,6.0,41.0,0.17814798138976437,0.4669067987393066,6.189254089749362,0.007307476440546198,0.1369951058256915,0.1454947576641274
Sterling Shepard,WR,NYJ,CHI,NYJ@CHI,False,1.0,,False,,,,,,,,,,,,,0.0,0.07425,0.07665,1,0.0,0.0,0.0,61.0,24.47009530267967,4.285213154084398,36.53935626507496,22.0,1.9169,1.0,3.0,30.0,0.07665,0.0,2.89385,0.005909963665050036,0.05193267172975959,0.07425
Isaiah Williams,WR,NYJ,CHI,NYJ@CHI,False,1.0,,False,,,,,,,,,,,,,0.01345,0.1725,0.187,21,2.665032361396256,0.0,1.891077433729576,53.0,33.0779278947897,13.062707483681192,46.53952233033236,44.0,3.1521,2.0,4.0,55.0,0.17355,0.57365,4.63765,0.008804143402255608,0.08277554326648588,0.1725
Garrett Wilson,WR,NYJ,CHI,NYJ@CHI,False,1.0,,False,,,,,,,,,,,,,0.0,0.33535,0.40415,50,0.0,0.0,0.0,97.0,116.32771334518702,74.80056127496974,149.59692368587565,81.0,9.04415,7.0,11.0,87.0,0.40415,0.0,13.7051,0.003939975776700024,0.24603286285780593,0.33535
Jelani Woods,TE,NYJ,CHI,NYJ@CHI,False,1.0,,False,,,,,,,,,,,,,0.0,0.0112,0.01125,2,0.0,0.0,0.0,62.0,3.435129172432249,0.0,0.0,62.0,0.30575,0.0,0.0,62.0,0.01125,0.0,0.43075,0.003939975776700024,0.008119210245422335,0.0112
Case Keenum,QB,CHI,NYJ,NYJ@CHI,False,1.0,,False,18.57575,16.0,21.0,62.0,191.3248681793231,140.7798291063466,231.5101621490121,56.0,1.7023,1.0,2.0,52.0,0.22485,0.2036,0.22485,29,,,,,,,,,,,,,,,,,,0.2036
Luther Burden III,WR,CHI,NYJ,NYJ@CHI,False,1.0,,False,,,,,,,,,,,,,0.0107,0.347,0.41875,73,1.5141663914609067,0.0,0.0,91.0,39.973961093980016,18.622735025163266,55.318774076141366,64.0,3.59125,2.0,5.0,66.0,0.40805,0.33505,5.51225,0.010305244691985637,0.19133378722720462,0.347
Kaden Davis,WR,CHI,NYJ,NYJ@CHI,False,1.0,,False,,,,,,,,,,,,,0.0,0.01395,0.01415,1,0.0,0.0,0.0,60.0,2.3164585295255056,0.0,0.0,60.0,0.2019,0.0,0.0,60.0,0.01415,0.0,0.3243,0.005506739062246349,0.011275716217398493,0.01395
Roschon Johnson,RB,CHI,NYJ,NYJ@CHI,False,1.0,,False,,,,,,,,,,,,,0.0114,0.01675,0.0168,1,1.4945871233722312,0.0,0.0,60.0,0.6967571725239725,0.0,0.0,60.0,0.10325,0.0,0.0,60.0,0.0054,0.3157,0.14105,0.009644007187102652,0.004653028498385358,0.01675
Cole Kmet,TE,CHI,NYJ,NYJ@CHI,False,1.0,,False,,,,,,,,,,,,,0.0,0.0803,0.08295,7,0.0,0.0,0.0,67.0,12.114900332955557,0.0,18.52970619599521,21.0,1.2717,0.0,2.0,20.0,0.08295,0.0,1.9475,0.0036711593748308996,0.07057297439755689,0.0803
Colston Loveland,TE,CHI,NYJ,NYJ@CHI,False,1.0,,False,,,,,,,,,,,,,0.0,0.2156,0.24065,30,0.0,0.0,0.0,72.0,24.751544404126065,8.9803527744821,35.32271178875314,40.0,2.6085,1.0,4.0,38.0,0.24065,0.0,3.8752,0.0036711593748308996,0.14183715580885023,0.2156
Kyle Monangai,RB,CHI,NYJ,NYJ@CHI,False,1.0,,False,,,,,,,,,,,,,0.4012,0.39595,0.49105,62,45.459039255481656,25.332002821865025,59.60705143650459,59.0,7.0007599418209026,0.0,10.792597019221459,35.0,1.03165,0.0,2.0,23.0,0.08985,8.52995,1.46465,0.2560962134541158,0.04917172397461692,0.39595
Rome Odunze,WR,CHI,NYJ,NYJ@CHI,False,1.0,,False,,,,,,,,,,,,,0.0,0.2518,0.2844,30,0.0,0.0,0.0,78.0,40.9409332781706,17.4126261127397,57.00333538921761,49.0,3.1306,2.0,4.0,59.0,0.2844,0.0,5.353,0.0036711593748308996,0.18654489546444142,0.2518
Kalif Raymond,WR,CHI,NYJ,NYJ@CHI,False,1.0,,False,,,,,,,,,,,,,0.0,0.25465,0.28965,48,0.0,0.0,0.0,89.0,34.73819304181474,14.904977253346926,48.509020152199156,60.0,3.2232,2.0,4.0,70.0,0.28965,0.0,4.8131,0.0036711593748308996,0.16507778349184551,0.25465
Sam Roush,TE,CHI,NYJ,NYJ@CHI,False,1.0,,False,,,,,,,,,,,,,0.0,0.06085,0.06255,11,0.0,0.0,0.0,65.0,5.527286786924556,0.0,8.149641499662946,21.0,0.60095,0.0,1.0,16.0,0.06255,0.0,0.88545,0.0036711593748308996,0.0322373795249698,0.06085
D'Andre Swift,RB,CHI,NYJ,NYJ@CHI,False,0.9508674235277402,Full,False,,,,,,,,,,,,,0.7540845810349357,0.6106120304701865,0.900026267402154,77,72.51473623589396,48.297839215105455,91.33047124359838,72.0,14.230882171648606,3.6743619932931573,20.77798524260983,55.0,2.0147097452061993,1.0,3.0,61.0,0.14594168636721827,14.8301024428684,2.768006304176517,0.46391466934679054,0.09415438828880474,0.5806110881882283
Zavion Thomas,WR,CHI,NYJ,NYJ@CHI,False,1.0,,False,,,,,,,,,,,,,0.0,0.0188,0.0188,1,0.0,0.0,0.0,61.0,3.1228057675980287,0.0,0.0,61.0,0.28635,0.0,0.0,61.0,0.0188,0.0,0.4588,0.0036711593748308996,0.0158355534296039,0.0188
Jahdae Walker,WR,CHI,NYJ,NYJ@CHI,False,1.0,,False,,,,,,,,,,,,,0.0,0.05935,0.0608,7,0.0,0.0,0.0,61.0,5.843360391871166,0.0,8.336875435715104,19.0,0.5307,0.0,1.0,5.0,0.0608,0.0,0.848,0.0036711593748308996,0.02915928246233834,0.05935
Trevor Lawrence,QB,JAX,CIN,JAX@CIN,False,1.0,,False,17.52685,15.0,20.0,87.0,208.26298371996322,154.78778762339948,250.70758622923955,82.0,1.86455,1.0,3.0,64.0,0.08795,0.0849,0.08795,57,,,,,,,,,,,,,,,,,,0.0849
Ameer Abdullah,RB,JAX,CIN,JAX@CIN,False,1.0,,False,,,,,,,,,,,,,0.0847,0.16675,0.1803,17,14.50666245250436,3.9224038471380958,19.915247848683787,38.0,6.2053748364275805,0.0,9.412119551260435,25.0,0.8369,0.0,1.0,35.0,0.0956,3.08875,1.14045,0.1012339773294711,0.03897586367971787,0.16675
LeQuint Allen Jr.,RB,JAX,CIN,JAX@CIN,False,0.9951309141019752,Limited,False,,,,,,,,,,,,,0.011448656791363294,0.08450916394677378,0.08827516947024856,10,1.9934719530498493,0.0,0.944501902779943,50.0,4.585335304468814,0.0,6.817465747875731,19.0,0.6138086869194075,0.0,1.0,15.0,0.07682651267888527,0.4369068541300527,0.8406226462465478,0.014411611963900142,0.028842503785887787,0.08409768156834668
Nate Boerkircher,TE,JAX,CIN,JAX@CIN,False,0.9479829842591244,Full,False,,,,,,,,,,,,,0.0,0.06282639658173762,0.06504193701535053,9,0.0,0.0,0.0,60.0,4.424043818464704,0.0,5.177426742106459,27.0,0.43377116632378543,0.0,1.0,3.0,0.06504193701535053,0.0,0.6546394471699108,0.003731281965321853,0.02316884689475601,0.059558354921802885
Josh Cameron,WR,JAX,CIN,JAX@CIN,False,1.0,,False,,,,,,,,,,,,,0.0,0.1517,0.16215,18,0.0,0.0,0.0,66.0,13.261993551473145,0.0,20.451300000622528,20.0,1.04745,0.0,2.0,9.0,0.16215,0.0,1.7015,0.003731281965321853,0.055206768305918905,0.1517
Jakobi Meyers,WR,JAX,CIN,JAX@CIN,False,0.9479829842591244,Full,False,,,,,,,,,,,,,0.007735213639233846,0.30846137655230477,0.36197642601557567,29,1.062385844281124,0.0,0.0,74.0,43.82184988617693,20.09811531005989,61.215018091299285,47.0,3.558303515049463,2.0,5.0,50.0,0.3542412123763418,0.22732056409177015,5.557303725531467,0.007618034012532117,0.18433128756821218,0.2924161362727314
Quintin Morris,TE,JAX,CIN,JAX@CIN,False,1.0,,False,,,,,,,,,,,,,0.0,0.03785,0.0383,4,0.0,0.0,0.0,63.0,4.907618568033472,0.0,6.5260210484153,23.0,0.48755,0.0,1.0,3.0,0.0383,0.0,0.7366,0.003731281965321853,0.026344403442872016,0.03785
Chris Rodriguez Jr.,RB,JAX,CIN,JAX@CIN,False,1.0,,False,,,,,,,,,,,,,0.282,0.25385,0.28895,42,31.640987562476575,15.910730275569222,42.18488108135766,48.0,0.9020326753391983,0.0,0.0,73.0,0.1181,0.0,0.0,73.0,0.00695,7.06845,0.163,0.23408361488355425,0.005406753480438396,0.25385
Brenton Strange,TE,JAX,CIN,JAX@CIN,False,1.0,,False,,,,,,,,,,,,,0.0,0.25415,0.2903,29,0.0,0.0,0.0,76.0,31.475824423110847,12.454739297449393,44.3673007535565,46.0,2.96465,2.0,4.0,56.0,0.2903,0.0,4.34095,0.003731281965321853,0.15382111911821386,0.25415
Brian Thomas Jr.,WR,JAX,CIN,JAX@CIN,False,1.0,,False,,,,,,,,,,,,,0.0,0.24045,0.2709,21,0.0,0.0,0.0,79.0,43.15784371920024,18.31931935464744,59.95737426444465,50.0,3.163,2.0,4.0,60.0,0.2709,0.0,5.4074,0.003731281965321853,0.17753827286255672,0.24045
Bhayshul Tuten,RB,JAX,CIN,JAX@CIN,False,1.0,,False,,,,,,,,,,,,,0.4221,0.4253,0.5391,77,62.97461430584248,40.90844903023892,79.87795817020995,77.0,8.865915035907957,0.0,13.638848121005893,49.0,1.1747,0.0,2.0,44.0,0.117,13.06835,1.5934,0.43244341261558644,0.05404793252586473,0.4253
Parker Washington,WR,JAX,CIN,JAX@CIN,False,1.0,,False,,,,,,,,,,,,,0.0,0.38435,0.4764,57,0.0,0.0,0.0,97.0,61.54500780363399,31.118677107420737,83.3647880382857,71.0,4.3636,3.0,6.0,76.0,0.4764,0.0,7.197,0.003731281965321853,0.23450791901632653,0.38435
Joe Burrow,QB,CIN,JAX,JAX@CIN,False,1.0,,False,21.66825,19.0,25.0,92.0,251.09254757093805,190.52635154203165,300.0398203889754,87.0,1.59815,1.0,2.0,81.0,0.0374,0.0371,0.0374,62,,,,,,,,,,,,,,,,,,0.0371
Erick All,TE,CIN,JAX,JAX@CIN,False,1.0,,False,,,,,,,,,,,,,0.0,0.0325,0.03305,5,0.0,0.0,0.0,65.0,6.208699492116404,0.0,8.854065786283854,22.0,0.58215,0.0,1.0,13.0,0.03305,0.0,0.8297,0.00413472599357225,0.021523188759094373,0.0325
Tahj Brooks,RB,CIN,JAX,JAX@CIN,False,1.0,,False,,,,,,,,,,,,,0.0127,0.0188,0.01895,1,2.784493647564117,0.0,3.0070370513804843,28.0,0.951360939761342,0.0,0.0,60.0,0.11965,0.0,0.0,60.0,0.00625,0.65285,0.1588,0.02667412687861754,0.004337945783848672,0.0188
Chase Brown,RB,CIN,JAX,JAX@CIN,False,1.0,,False,,,,,,,,,,,,,0.4261,0.4814,0.6386,82,65.76972284188543,43.525705890735736,82.6343897825771,82.0,26.350382310646598,11.700606843194215,36.54936235813544,72.0,3.57695,2.0,5.0,75.0,0.2125,15.90275,4.63965,0.6472878408039563,0.1265709806088277,0.4814
Ja'Marr Chase,WR,CIN,JAX,JAX@CIN,False,1.0,,False,,,,,,,,,,,,,0.0,0.4232,0.53675,66,0.0,0.0,0.0,97.0,77.86334796384045,45.658946321790275,101.55836896734101,78.0,6.43705,4.0,8.0,81.0,0.53675,0.0,9.70915,0.00413472599357225,0.2650837233849418,0.4232
Mike Gesicki,TE,CIN,JAX,JAX@CIN,False,1.0,,False,,,,,,,,,,,,,0.0,0.2262,0.2505,29,0.0,0.0,0.0,76.0,34.105599966381504,13.82021729261302,48.19786970304821,46.0,3.0065,2.0,4.0,56.0,0.2505,0.0,4.29775,0.00413472599357225,0.11094734731330717,0.2262
Tee Higgins,WR,CIN,JAX,JAX@CIN,False,1.0,,False,,,,,,,,,,,,,0.0,0.27265,0.3109,46,0.0,0.0,0.0,97.0,69.15126205942498,35.05662978858865,94.27094656025805,71.0,4.37175,3.0,6.0,76.0,0.3109,0.0,6.89385,0.00413472599357225,0.19010284318632523,0.27265
Tanner Hudson,TE,CIN,JAX,JAX@CIN,False,1.0,,False,,,,,,,,,,,,,0.0,0.0547,0.05565,4,0.0,0.0,0.0,64.0,11.2247999447852,0.0,17.333936629171852,18.0,1.05125,0.0,2.0,7.0,0.05565,0.0,1.4438,0.0049616711922867,0.03740035518705615,0.0547
Dohnte Meyers,WR,CIN,JAX,JAX@CIN,False,1.0,,False,,,,,,,,,,,,,0.00535,0.08265,0.0855,12,0.9454746182810863,0.0,0.0,71.0,17.61701162690485,0.0,26.709444643093335,26.0,1.3147,0.0,2.0,26.0,0.08015,0.223,2.0377,0.009239325985636756,0.05561048031259868,0.08265
Samaje Perine,RB,CIN,JAX,JAX@CIN,False,1.0,,False,,,,,,,,,,,,,0.1392,0.2009,0.2205,29,20.99501899088564,8.722541235023133,28.123450789920454,48.0,12.940621765349483,0.5298646367150581,19.378922085754485,32.0,1.59295,1.0,2.0,57.0,0.0813,5.0709,2.0488,0.20612089386050284,0.05673666024646542,0.2009
Drew Sample,TE,CIN,JAX,JAX@CIN,False,1.0,,False,,,,,,,,,,,,,0.0,0.0979,0.1015,14,0.0,0.0,0.0,68.0,11.122622637138347,0.0,17.02086445818651,22.0,1.0444,0.0,2.0,11.0,0.1015,0.0,1.45545,0.00413472599357225,0.036992000577719036,0.0979
Ke'Shawn Williams,WR,CIN,JAX,JAX@CIN,False,1.0,,False,,,,,,,,,,,,,0.0,0.0062,0.0063,1,0.0,0.0,0.0,60.0,1.4263114932686562,0.0,0.0,60.0,0.10575,0.0,0.0,60.0,0.0063,0.0,0.1651,0.006202088990358376,0.004542986839624691,0.0062
Dak Prescott,QB,DAL,HOU,DAL@HOU,False,1.0,,False,21.71285,19.0,25.0,92.0,244.70163522226633,185.87078573172863,292.22792957632316,87.0,1.616,1.0,2.0,81.0,0.0761,0.0738,0.0761,62,,,,,,,,,,,,,,,,,,0.0738
Emari Demercado,RB,DAL,HOU,DAL@HOU,False,1.0,,False,,,,,,,,,,,,,0.0769,0.0928,0.09675,9,13.522632932103402,3.565137691961611,18.42119415520552,30.0,3.210493844579023,0.0,3.5844007356279106,29.0,0.42775,0.0,1.0,3.0,0.01985,3.07355,0.57155,0.12382359507220966,0.01641180341718999,0.0928
Jake Ferguson,TE,DAL,HOU,DAL@HOU,False,1.0,,False,,,,,,,,,,,,,0.0,0.2387,0.27155,41,0.0,0.0,0.0,78.0,31.21070935452414,13.403405565410914,43.567723698791625,49.0,3.33,2.0,5.0,51.0,0.27155,0.0,4.60405,0.003788934110224781,0.12892449113833512,0.2387
Ryan Flournoy,WR,DAL,HOU,DAL@HOU,False,1.0,,False,,,,,,,,,,,,,0.0,0.2384,0.26965,54,0.0,0.0,0.0,89.0,33.73474356442277,13.688253462082045,47.46241067482863,59.0,2.9919,2.0,4.0,69.0,0.26965,0.0,4.66895,0.003788934110224781,0.13724462754810904,0.2384
Tyler Goodson,RB,DAL,HOU,DAL@HOU,False,1.0,,False,,,,,,,,,,,,,0.09945,0.1164,0.12305,9,16.09863914509625,5.39992651653127,21.649737879213184,33.0,3.58467921776891,0.0,4.622339884179853,25.0,0.48155,0.0,1.0,4.0,0.0236,3.8735,0.6336,0.15533001680093902,0.018024068567615528,0.1164
CeeDee Lamb,WR,DAL,HOU,DAL@HOU,False,1.0,,False,,,,,,,,,,,,,0.007,0.3167,0.3721,60,1.1410041732281235,0.0,0.0,97.0,75.47678566645423,41.75916395127439,100.37026421131023,77.0,5.25435,3.0,7.0,77.0,0.3651,0.2698,7.93235,0.010805478758789188,0.23453211669030724,0.3167
Hunter Luepke,RB,DAL,HOU,DAL@HOU,False,1.0,,False,,,,,,,,,,,,,0.0219,0.03535,0.03605,1,3.6604315438160238,0.0,4.550334424774801,24.0,2.290342447136113,0.0,0.0,61.0,0.30355,0.0,0.0,61.0,0.01415,0.88005,0.3985,0.03480467659466474,0.011351132874442062,0.03535
Jonathan Mingo,WR,DAL,HOU,DAL@HOU,False,1.0,,False,,,,,,,,,,,,,0.0,0.0211,0.02125,2,0.0,0.0,0.0,62.0,5.0547186226283225,0.0,5.187682678574909,31.0,0.4003,0.0,1.0,2.0,0.02125,0.0,0.62315,0.003788934110224781,0.018586510268320998,0.0211
George Pickens,WR,DAL,HOU,DAL@HOU,False,1.0,,False,,,,,,,,,,,,,0.0,0.2972,0.3435,60,0.0,0.0,0.0,97.0,60.03008591142951,31.851092574420214,80.80240630806995,76.0,4.81555,3.0,6.0,81.0,0.3435,0.0,7.45595,0.003788934110224781,0.21944210798844124,0.2972
Luke Schoonmaker,TE,DAL,HOU,DAL@HOU,False,1.0,,False,,,,,,,,,,,,,0.0,0.0324,0.03305,4,0.0,0.0,0.0,63.0,6.3947243207560165,0.0,9.225210910875822,20.0,0.6233,0.0,1.0,15.0,0.03305,0.0,0.9288,0.003788934110224781,0.0261781961012032,0.0324
Brevyn Spann-Ford,TE,DAL,HOU,DAL@HOU,False,1.0,,False,,,,,,,,,,,,,0.0,0.04035,0.0412,5,0.0,0.0,0.0,65.0,8.407012817981395,0.0,12.725090487433611,19.0,0.82205,0.0,1.0,28.0,0.0412,0.0,1.17865,0.003788934110224781,0.0328463930960007,0.04035
KaVontae Turpin,WR,DAL,HOU,DAL@HOU,False,1.0,,False,,,,,,,,,,,,,0.0278,0.1071,0.1124,22,1.4995409138674805,0.0,0.0,65.0,14.596232198233047,0.0,22.60317731947009,18.0,1.06,0.0,2.0,8.0,0.0846,0.3557,1.6279,0.014013042026704347,0.04777100741973718,0.1071
Javonte Williams,RB,DAL,HOU,DAL@HOU,False,1.0,,False,,,,,,,,,,,,,0.46805,0.5014,0.6792,85,55.86592197838479,35.00540987434493,71.39103598413067,80.0,18.197146012479706,6.80582694130762,26.051959822930986,68.0,2.755,1.0,4.0,67.0,0.21115,13.58465,3.6867,0.5415981468935401,0.10398067628201126,0.5014
C.J. Stroud,QB,HOU,DAL,DAL@HOU,False,1.0,,False,22.3426,19.0,25.0,92.0,247.3163034163056,188.59608962555853,294.5288053970772,87.0,1.6135,1.0,2.0,81.0,0.09265,0.0896,0.09265,62,,,,,,,,,,,,,,,,,,0.0896
Lewis Bond,WR,HOU,DAL,DAL@HOU,False,1.0,,False,,,,,,,,,,,,,0.0,0.023,0.02335,1,0.0,0.0,0.0,61.0,5.069401192432735,0.0,5.398911631298742,29.0,0.42045,0.0,1.0,1.0,0.02335,0.0,0.6833,0.005043335685979333,0.017434048938545523,0.023
Kayshon Boutte,WR,HOU,DAL,DAL@HOU,False,1.0,,False,,,,,,,,,,,,,0.0,0.15955,0.17385,27,0.0,0.0,0.0,74.0,23.580232105916053,4.680955401290811,35.20402617053926,36.0,1.827,1.0,3.0,42.0,0.17385,0.0,2.87175,0.004202779738316111,0.07405539583567827,0.15955
British Brooks,RB,HOU,DAL,DAL@HOU,False,0.5949864089398973,DNP,False,,,,,,,,,,,,,0.011862695608278647,0.013124684502776375,0.013124684502776375,1,1.4866708936838429,0.0,0.0,36.0,0.1746560671911622,0.0,0.0,36.0,0.02557630826182063,0.0,0.0,36.0,0.0012619888944977284,0.29875483762409555,0.03356890459363958,0.01229254279267678,0.0010345662308345856,0.007809008900776037
Nico Collins,WR,HOU,DAL,DAL@HOU,False,0.9479829842591244,Full,False,,,,,,,,,,,,,0.011232399936718873,0.31392712123609134,0.37140747771977006,22,1.65374414559905,0.0,0.0,67.0,66.42432406346241,36.48809195487429,88.81496034320898,45.0,5.178769182091441,3.0,7.0,45.0,0.3601750777830512,0.32152085640457734,8.425512840795232,0.012871012948593089,0.21815729774871698,0.29759756922926583
Xavier Hutchinson,WR,HOU,DAL,DAL@HOU,False,1.0,,False,,,,,,,,,,,,,0.0155,0.2028,0.22445,42,2.240656958790659,0.0,1.3388194405522713,76.0,36.171428802749325,14.261807677304947,51.091892303872555,63.0,2.996,2.0,4.0,74.0,0.20895,0.42805,5.04885,0.017544937637732332,0.12897755670948935,0.2028
Marlin Klein,TE,HOU,DAL,DAL@HOU,False,1.0,,False,,,,,,,,,,,,,0.0,0.01185,0.0119,2,0.0,0.0,0.0,62.0,2.510257063538279,0.0,0.0,62.0,0.2601,0.0,0.0,62.0,0.0119,0.0,0.38365,0.004202779738316111,0.010059658176595324,0.01185
Woody Marks,RB,HOU,DAL,DAL@HOU,False,1.0,,False,,,,,,,,,,,,,0.35655,0.39335,0.48405,55,36.02772027328916,19.591816026071807,47.548548228101026,62.0,9.365465290471734,0.0,14.125677403552125,40.0,1.29655,0.0,2.0,39.0,0.1275,8.131,1.79955,0.3254418215293464,0.052439376546490245,0.39335
David Montgomery,RB,HOU,DAL,DAL@HOU,False,1.0,,False,,,,,,,,,,,,,0.54545,0.47875,0.6333,81,52.056450163090624,31.965499879615805,67.43600086142469,74.0,8.751219390613015,0.0,13.276856803106412,48.0,1.21845,0.0,2.0,45.0,0.08785,11.9964,1.6221,0.48050976778317295,0.04712366165599306,0.47875
Foster Moreau,TE,HOU,DAL,DAL@HOU,False,1.0,,False,,,,,,,,,,,,,0.0,0.1482,0.15905,25,0.0,0.0,0.0,73.0,16.50909455561028,2.4058307359058313,24.572277229459573,33.0,1.71675,1.0,3.0,38.0,0.15905,0.0,2.5409,0.004202779738316111,0.06758461795132445,0.1482
Jaylin Noel,WR,HOU,DAL,DAL@HOU,False,1.0,,False,,,,,,,,,,,,,0.01795,0.09205,0.09525,16,2.3199450767441423,0.0,1.79919824023021,51.0,17.6433471835706,0.0,26.668743309643094,29.0,1.40735,0.0,2.0,32.0,0.0773,0.4665,2.1982,0.018656784129350353,0.05646175690647104,0.09205
Dalton Schultz,TE,HOU,DAL,DAL@HOU,False,0.9575230478992892,Limited,False,,,,,,,,,,,,,0.0,0.24337299102483823,0.2743164266332707,47,0.0,0.0,0.0,96.0,46.542956767765936,24.421668322493197,62.90099136349862,72.0,4.8693383427259445,3.0,6.0,78.0,0.2743164266332707,0.0,6.993320809851806,0.004202779738316111,0.1884575305919926,0.23303524814246945
Cade Stover,TE,HOU,DAL,DAL@HOU,False,1.0,,False,,,,,,,,,,,,,0.0,0.03455,0.03515,2,0.0,0.0,0.0,62.0,6.161268043689259,0.0,8.906405110755824,18.0,0.64595,0.0,1.0,15.0,0.03515,0.0,0.949,0.004202779738316111,0.025231271717919168,0.03455
Jared Wayne,WR,HOU,DAL,DAL@HOU,False,1.0,,False,,,,,,,,,,,,,0.0,0.16675,0.1805,27,0.0,0.0,0.0,79.0,31.658662983256253,10.940669259506844,45.18198397373836,47.0,2.5725,1.0,4.0,44.0,0.1805,0.0,4.25395,0.004202779738316111,0.10867900941266526,0.16675
Jacoby Brissett,QB,ARI,NYG,ARI@NYG,False,1.0,,False,22.7322,20.0,26.0,92.0,209.1835668417753,160.9645691853399,248.2097900954971,87.0,1.37485,1.0,2.0,78.0,0.09485,0.09035,0.09485,62,,,,,,,,,,,,,,,,,,0.09035
Tyler Allgeier,RB,ARI,NYG,ARI@NYG,False,1.0,,False,,,,,,,,,,,,,0.158,0.2198,0.24455,62,27.662086185915406,13.309465630382082,36.863059171184915,61.0,8.26618503208519,0.0,12.644936079283633,41.0,1.28835,0.0,2.0,40.0,0.08655,6.71305,1.6849,0.2631685649469273,0.050214706342924534,0.2198
Kendrick Bourne,WR,ARI,NYG,ARI@NYG,False,1.0,,False,,,,,,,,,,,,,0.0,0.1492,0.16045,36,0.0,0.0,0.0,82.0,29.543806406588118,11.165609298794495,42.17012062354118,51.0,2.8043,1.0,4.0,50.0,0.16045,0.0,4.20065,0.003823930748269516,0.11641912720977952,0.1492
Jalen Brooks,WR,ARI,NYG,ARI@NYG,False,1.0,,False,,,,,,,,,,,,,0.0,0.01835,0.01845,2,0.0,0.0,0.0,62.0,4.584308858852633,0.0,4.9795119736875195,29.0,0.4097,0.0,1.0,2.0,0.01845,0.0,0.6384,0.003823930748269516,0.017403380504758204,0.01835
Devin Duvernay,WR,ARI,NYG,ARI@NYG,False,1.0,,False,,,,,,,,,,,,,0.0,0.01295,0.01305,1,0.0,0.0,0.0,60.0,3.038407243562635,0.0,0.0,60.0,0.274,0.0,0.0,60.0,0.01305,0.0,0.4285,0.003823930748269516,0.01178817394600256,0.01295
Simi Fehoko,WR,ARI,NYG,ARI@NYG,False,1.0,,False,,,,,,,,,,,,,0.0,0.00845,0.00845,1,0.0,0.0,0.0,60.0,2.0296637162736113,0.0,0.0,60.0,0.1852,0.0,0.0,60.0,0.00845,0.0,0.28595,0.003823930748269516,0.0078787259495309,0.00845
Marvin Harrison Jr.,WR,ARI,NYG,ARI@NYG,False,1.0,,False,,,,,,,,,,,,,0.0,0.1184,0.12535,16,0.0,0.0,0.0,74.0,32.958552591470934,11.804283757548431,47.08347194350861,42.0,2.6268,1.0,4.0,40.0,0.12535,0.0,4.28845,0.003823930748269516,0.11810291959089204,0.1184
Elijah Higgins,TE,ARI,NYG,ARI@NYG,False,1.0,,False,,,,,,,,,,,,,0.0,0.0388,0.0394,5,0.0,0.0,0.0,65.0,8.907144862288906,0.0,13.65154447672508,19.0,1.00655,0.0,2.0,5.0,0.0394,0.0,1.38355,0.003823930748269516,0.037939910490828725,0.0388
Bam Knight,RB,ARI,NYG,ARI@NYG,False,1.0,,False,,,,,,,,,,,,,0.0496,0.0758,0.07895,1,11.68611496292232,2.3583551525606667,16.30655110795612,26.0,4.552809825058935,0.0,6.90400588989516,16.0,0.69605,0.0,1.0,18.0,0.02935,2.4634,0.9303,0.09774201021420319,0.027490428251367955,0.0758
Hunter Long,TE,ARI,NYG,ARI@NYG,False,1.0,,False,,,,,,,,,,,,,0.0,0.02565,0.02595,2,0.0,0.0,0.0,62.0,5.68492530108956,0.0,8.421064261242284,17.0,0.64065,0.0,1.0,15.0,0.02595,0.0,0.91945,0.003823930748269516,0.025046316676960854,0.02565
Jeremiyah Love,RB,ARI,NYG,ARI@NYG,False,1.0,,False,,,,,,,,,,,,,0.3057,0.3747,0.4577,85,57.04324041092864,36.20316203228162,72.79375432546152,81.0,16.11153341842023,5.469118971800924,23.194480815535563,67.0,2.52325,1.0,4.0,64.0,0.152,12.7597,3.28795,0.5020557379545316,0.09815544243541655,0.3747
Trey McBride,TE,ARI,NYG,ARI@NYG,False,1.0,,False,,,,,,,,,,,,,0.0,0.3774,0.4636,85,0.0,0.0,0.0,97.0,62.45200597644766,38.54722050694217,81.11286838924309,80.0,7.3225,5.0,9.0,84.0,0.4636,0.0,10.2796,0.003823930748269516,0.2826379647269515,0.3774
Michael Wilson,WR,ARI,NYG,ARI@NYG,False,1.0,,False,,,,,,,,,,,,,0.0,0.2796,0.32235,72,0.0,0.0,0.0,97.0,46.037813607026095,23.962949984710683,62.107808728131104,75.0,4.5992,3.0,6.0,80.0,0.32235,0.0,7.3329,0.003823930748269516,0.2026050189562565,0.2796
Jameis Winston,QB,NYG,ARI,ARI@NYG,False,1.0,,False,16.95195,14.0,20.0,68.0,200.19564048804924,148.48495767050986,241.3062782062143,64.0,1.57745,1.0,2.0,59.0,0.0296,0.0293,0.0296,38,,,,,,,,,,,,,,,,,,0.0293
Odell Beckham Jr.,WR,NYG,ARI,ARI@NYG,False,1.0,,False,,,,,,,,,,,,,0.0,0.03035,0.0307,2,0.0,0.0,0.0,62.0,5.831280997897959,0.0,6.516245872992483,28.0,0.41225,0.0,1.0,2.0,0.0307,0.0,0.7002,0.003174876390494577,0.023523215422799518,0.03035
Braxton Berrios,WR,NYG,ARI,ARI@NYG,False,1.0,,False,,,,,,,,,,,,,0.0,0.01655,0.0167,1,0.0,0.0,0.0,60.0,2.7533584801655913,0.0,0.0,60.0,0.1984,0.0,0.0,60.0,0.0167,0.0,0.33205,0.003174876390494577,0.011481428516071942,0.01655
Malachi Fields,WR,NYG,ARI,ARI@NYG,False,1.0,,False,,,,,,,,,,,,,0.0,0.1689,0.1835,21,0.0,0.0,0.0,79.0,33.45073539680233,10.933557553458066,48.443864101071355,46.0,2.3651,1.0,3.0,54.0,0.1835,0.0,4.04315,0.003174876390494577,0.1377277938265995,0.1689
Najee Harris,RB,NYG,ARI,ARI@NYG,False,1.0,,False,,,,,,,,,,,,,0.15775,0.15285,0.16455,24,27.402559847715068,12.915311688741848,37.02634819593399,41.0,1.1228719245674692,0.0,0.0,67.0,0.128,0.0,0.0,67.0,0.0068,5.90325,0.179,0.19776445049813943,0.006178303016430381,0.15285
Theo Johnson,TE,NYG,ARI,ARI@NYG,False,1.0,,False,,,,,,,,,,,,,0.0,0.1064,0.112,9,0.0,0.0,0.0,68.0,17.862730448428227,0.5662659281741405,26.83626682191341,24.0,1.50935,1.0,2.0,48.0,0.112,0.0,2.4337,0.003174876390494577,0.08590066315972086,0.1064
Isaiah Likely,TE,NYG,ARI,ARI@NYG,False,1.0,,False,,,,,,,,,,,,,0.0,0.3492,0.42075,62,0.0,0.0,0.0,97.0,44.130403330917005,21.39443258561473,60.31541297435227,70.0,3.92205,2.0,5.0,74.0,0.42075,0.0,6.0267,0.003174876390494577,0.211604686432372,0.3492
Darnell Mooney,WR,NYG,ARI,ARI@NYG,False,1.0,,False,,,,,,,,,,,,,0.0043,0.1455,0.15645,14,0.8387081757860835,0.0,0.0,73.0,28.892864749577072,6.890906187141781,42.496617001569,36.0,1.92535,1.0,3.0,42.0,0.15215,0.18975,3.31965,0.006381822239478998,0.1121445721318939,0.1455
Malik Nabers,WR,NYG,ARI,ARI@NYG,False,1.0,,False,,,,,,,,,,,,,0.0,0.319,0.37625,50,0.0,0.0,0.0,90.0,43.033531091997475,19.16438761408855,60.15925382282435,62.0,3.37005,2.0,5.0,64.0,0.37625,0.0,5.67075,0.003174876390494577,0.1921496692649209,0.319
Patrick Ricard,RB,NYG,ARI,ARI@NYG,False,0.9508674235277402,Full,False,,,,,,,,,,,,,0.0,0.015898083807117287,0.0160560117919562,1,0.0,0.0,0.0,58.0,2.112764091724741,0.0,0.0,58.0,0.24731522425773847,0.0,0.0,58.0,0.0160560117919562,0.0,0.3523899768372289,0.0018507391043628726,0.011867537471466781,0.015116969988701701
Devin Singletary,RB,NYG,ARI,ARI@NYG,False,1.0,,False,,,,,,,,,,,,,0.0764,0.20605,0.22925,28,16.618889681319292,5.615983746289252,22.48180725050141,40.0,9.403881876224427,0.0,14.45740495569688,24.0,1.1243,0.0,2.0,17.0,0.15285,3.94115,1.58525,0.13209514760714108,0.054804485556039194,0.20605
Cam Skattebo,RB,NYG,ARI,ARI@NYG,False,1.0,,False,,,,,,,,,,,,,0.34635,0.39345,0.4834,85,51.09190122289692,31.30445547271232,65.57656042533408,80.0,19.295806844366524,5.678702978423877,27.89088276706256,65.0,2.20405,1.0,3.0,73.0,0.13705,12.2101,3.12465,0.4085793475336377,0.10694472200235326,0.39345
Tyrone Tracy Jr.,RB,NYG,ARI,ARI@NYG,False,0.9508674235277402,Full,False,,,,,,,,,,,,,0.037774508773773245,0.08511085426079647,0.08800042030051487,2,8.454837744988902,0.0,11.719276518360823,19.0,6.894511211640463,0.0,10.71763625425692,15.0,0.7938951350215404,0.0,1.0,23.0,0.05022591152674162,1.7901649679520857,1.1199957969948513,0.06038889524934998,0.03902886558661997,0.08092913870520853
Matthew Stafford,QB,LA,PHI,LA@PHI,False,1.0,,False,20.30975,17.0,23.0,91.0,251.91955525476988,189.83902755024008,301.6256726267811,87.0,1.62245,1.0,2.0,82.0,0.06845,0.06645,0.06845,62,,,,,,,,,,,,,,,,,,0.06645
Davante Adams,WR,LA,PHI,LA@PHI,False,0.9479829842591244,Full,False,,,,,,,,,,,,,0.0,0.3451706800740937,0.4187351151098174,52,0.0,0.0,0.0,95.0,80.64573417359068,43.74448052319433,108.29653297784239,72.0,5.171632707065362,3.0,7.0,73.0,0.4187351151098174,0.0,9.041810002646203,0.0037094996240090196,0.205438371562181,0.32721593137539084
Davis Allen,TE,LA,PHI,LA@PHI,False,1.0,,False,,,,,,,,,,,,,0.0,0.05365,0.0549,9,0.0,0.0,0.0,68.0,9.730750429249564,0.0,14.864441451499886,22.0,0.9838,0.0,2.0,8.0,0.0549,0.0,1.4864,0.0037094996240090196,0.035878303383514304,0.05365
Tutu Atwell,WR,LA,PHI,LA@PHI,False,1.0,,False,,,,,,,,,,,,,0.0,0.05835,0.06035,2,0.0,0.0,0.0,62.0,12.706068691373009,0.0,19.432922276120664,16.0,0.97855,0.0,2.0,2.0,0.06035,0.0,1.62655,0.0055642494360135285,0.036419750050495796,0.05835
Dean Connors,RB,LA,PHI,LA@PHI,False,1.0,,False,,,,,,,,,,,,,0.0086,0.01525,0.01545,1,1.4997508905699268,0.0,0.0,60.0,1.0067380936190433,0.0,0.0,60.0,0.13305,0.0,0.0,60.0,0.00685,0.344,0.18965,0.01154930450937464,0.004344665738020907,0.01525
Blake Corum,RB,LA,PHI,LA@PHI,False,1.0,,False,,,,,,,,,,,,,0.20585,0.25575,0.29005,33,40.94501283778189,22.972621294992614,53.78439150119852,63.0,5.664441010974148,0.0,8.519900147451533,40.0,0.75545,0.0,1.0,46.0,0.0842,8.38525,1.0647,0.28217334608852357,0.02442207887920161,0.25575
Tyler Higbee,TE,LA,PHI,LA@PHI,False,0.8055616699684496,DNP,False,,,,,,,,,,,,,0.0,0.19349272861720482,0.21327335469558786,27,0.0,0.0,0.0,65.0,24.870491249222884,7.952246145418977,35.855030822998806,38.0,2.416810451072221,1.0,3.0,45.0,0.21327335469558786,0.0,3.7063100813408925,0.0037094996240090196,0.09112591147814199,0.15587032559162753
Konata Mumpfield,WR,LA,PHI,LA@PHI,False,1.0,,False,,,,,,,,,,,,,0.0,0.116,0.12305,25,0.0,0.0,0.0,78.0,16.310233842314354,0.0,24.89931570055355,32.0,1.17005,0.0,2.0,26.0,0.12305,0.0,2.16385,0.0037094996240090196,0.04853014105889319,0.116
Puka Nacua,WR,LA,PHI,LA@PHI,False,0.9479829842591244,Full,False,,,,,,,,,,,,,0.0,0.3604657288867815,0.43738475317422687,15,0.0,0.0,0.0,66.0,87.96620867386802,52.26455732270239,114.65090257059578,46.0,6.603814340656446,5.0,8.0,53.0,0.43738475317422687,0.0,10.612085769980506,0.0055642494360135285,0.2422819490604486,0.3417153773932316
Colby Parkinson,TE,LA,PHI,LA@PHI,False,0.4981574884199691,Questionable; DNP,False,,,,,,,,,,,,,0.0,0.1466560031990403,0.15685294411676498,10,0.0,0.0,0.0,34.0,13.769631677590246,0.0,20.89822128038081,11.0,1.3847845646306107,0.0,2.0,12.0,0.15685294411676498,0.0,2.088073577926622,0.0037094996240090196,0.05573077410504164,0.07305778621534487
Xavier Smith,WR,LA,PHI,LA@PHI,False,1.0,,False,,,,,,,,,,,,,0.0,0.0848,0.08795,7,0.0,0.0,0.0,62.0,8.792849567502232,0.0,13.168203757672181,17.0,0.69285,0.0,1.0,18.0,0.08795,0.0,1.1221,0.0037094996240090196,0.02515479483131187,0.0848
Jordan Whittington,WR,LA,PHI,LA@PHI,False,1.0,,False,,,,,,,,,,,,,0.0,0.0425,0.04345,1,0.0,0.0,0.0,61.0,9.539817340133478,0.0,14.750039580518026,15.0,0.7613,0.0,1.0,22.0,0.04345,0.0,1.2274,0.004451399548810823,0.02735777448413341,0.0425
Kyren Williams,RB,LA,PHI,LA@PHI,False,1.0,,False,,,,,,,,,,,,,0.44085,0.46685,0.61685,85,69.87768191408415,46.44051937188211,88.41819963822556,82.0,19.278351578967914,6.099085294027722,27.85579096882422,66.0,2.4586,1.0,3.0,76.0,0.176,13.87155,3.496,0.4659074688288857,0.07975243494787163,0.46685
Jalen Hurts,QB,PHI,LA,LA@PHI,False,1.0,,False,18.22035,15.0,21.0,89.0,184.75475144604601,138.27350474361901,221.9719862258611,85.0,1.62185,1.0,2.0,80.0,0.1746,0.16165,0.1746,60,,,,,,,,,,,,,,,,,,0.16165
Saquon Barkley,RB,PHI,LA,LA@PHI,False,1.0,,False,,,,,,,,,,,,,0.3582,0.41895,0.52625,61,64.68071374104626,42.26953418859795,81.35306464616728,73.0,19.393976989386925,6.877702893019556,27.631893072549254,59.0,2.79455,1.0,4.0,58.0,0.16805,14.28515,4.13065,0.5066954607132254,0.07317225500178123,0.41895
Tank Bigsby,RB,PHI,LA,LA@PHI,False,0.9508674235277402,Full,False,,,,,,,,,,,,,0.11238255209700278,0.14587160778961733,0.1565797071019894,30,17.414170805539783,6.302011924159283,23.55369176011861,41.0,5.439100506385184,0.0,8.153857903946523,27.0,0.7753923678547058,0.0,1.0,33.0,0.04419715500498662,4.262505905201826,1.1366332475985512,0.1524993004829911,0.020020015140222006,0.13870455986476246
Darius Cooper,WR,PHI,LA,LA@PHI,False,0.9479829842591244,Full,False,,,,,,,,,,,,,0.0,0.11481540001053352,0.12382156212145153,10,0.0,0.0,0.0,61.0,9.634443119722624,0.0,14.533856151379704,19.0,0.8038658029177859,0.0,1.0,26.0,0.12382156212145153,0.0,1.3863696213198504,0.003918102731914374,0.023017613013095545,0.10884304554089066
Britain Covey,WR,PHI,LA,LA@PHI,False,1.0,,False,,,,,,,,,,,,,0.0,0.0174,0.01755,1,0.0,0.0,0.0,60.0,2.8538309966214337,0.0,0.0,60.0,0.242,0.0,0.0,60.0,0.01755,0.0,0.41885,0.003918102731914374,0.006990110553482418,0.0174
Zach Ertz,TE,PHI,LA,LA@PHI,False,1.0,,False,,,,,,,,,,,,,0.0,0.27735,0.3198,8,0.0,0.0,0.0,62.0,38.28440499851101,18.095439604958553,52.54709961026873,35.0,4.005,2.0,5.0,40.0,0.3198,0.0,6.3855,0.005877154097871561,0.11945663418304525,0.27735
E.J. Jenkins,TE,PHI,LA,LA@PHI,False,1.0,,False,,,,,,,,,,,,,0.0,0.0077,0.00775,1,0.0,0.0,0.0,60.0,1.0311694068273274,0.0,0.0,60.0,0.10835,0.0,0.0,60.0,0.00775,0.0,0.177,0.003918102731914374,0.0033630068017476934,0.0077
Makai Lemon,WR,PHI,LA,LA@PHI,False,1.0,,False,,,,,,,,,,,,,0.0054,0.23055,0.25875,16,0.9100797414590847,0.0,0.0,74.0,39.28121626058461,18.112327940111104,54.34671925702053,47.0,3.6786,2.0,5.0,50.0,0.25335,0.21895,6.29535,0.00799945974432518,0.1055486079456173,0.23055
Johnny Mundt,TE,PHI,LA,LA@PHI,False,1.0,,False,,,,,,,,,,,,,0.0,0.0664,0.0682,7,0.0,0.0,0.0,66.0,9.877556582446564,0.0,15.168029683521464,20.0,1.0449,0.0,2.0,9.0,0.0682,0.0,1.68075,0.003918102731914374,0.03162725326156454,0.0664
Will Shipley,RB,PHI,LA,LA@PHI,False,0.9508674235277402,Full,False,,,,,,,,,,,,,0.05554678870127821,0.13155541528588713,0.14018199989479774,34,9.824174224195568,1.550848885331222,13.011807026966054,36.0,10.257020483357207,0.0,15.564872431862494,26.0,1.4456893377518278,0.0,2.0,30.0,0.08463521119351954,2.432013045079165,2.0964704644679397,0.08734145840937704,0.036972446743345155,0.12509175878401338
Dontayvion Wicks,WR,PHI,LA,LA@PHI,False,1.0,,False,,,,,,,,,,,,,0.0,0.4744,0.61865,48,0.0,0.0,0.0,84.0,62.237175541370505,32.22900072282192,84.4515914172147,59.0,4.682,3.0,6.0,65.0,0.61865,0.0,8.14635,0.003918102731914374,0.1351349138313996,0.4744
Jordan Love,QB,GB,TB,GB@TB,False,1.0,,False,21.0614,18.0,24.0,91.0,250.550090125614,189.38345292281974,299.92178975472734,87.0,1.72055,1.0,2.0,83.0,0.0317,0.031,0.0317,62,,,,,,,,,,,,,,,,,,0.031
Chris Brooks,RB,GB,TB,GB@TB,False,1.0,,False,,,,,,,,,,,,,0.10075,0.1464,0.15795,36,11.666433299024453,3.131568490965026,15.40460385851281,41.0,8.05238610055752,0.0,12.223963315661937,27.0,1.11495,0.0,2.0,19.0,0.0572,3.13805,1.6465,0.1586231360316892,0.03545245369331911,0.1464
Matthew Golden,WR,GB,TB,GB@TB,False,1.0,,False,,,,,,,,,,,,,0.0,0.3291,0.3932,66,0.0,0.0,0.0,97.0,58.54481943154777,29.35435040113317,79.75822168309446,74.0,4.36415,3.0,6.0,79.0,0.3932,0.0,7.84845,0.0040338590252482175,0.17944285542252625,0.3291
Kaleb Johnson,RB,GB,TB,GB@TB,False,1.0,,False,,,,,,,,,,,,,0.1053,0.1237,0.1303,13,17.065702726992313,6.306430644755208,22.350201825409833,44.0,3.38393780786118,0.0,4.15813362101402,35.0,0.472,0.0,1.0,12.0,0.025,4.77115,0.69935,0.24099239564424177,0.014913634654722084,0.1237
Tucker Kraft,TE,GB,TB,GB@TB,False,1.0,,False,,,,,,,,,,,,,0.0,0.24695,0.28,35,0.0,0.0,0.0,87.0,50.78559712291125,26.06168246660246,68.68419182921942,62.0,4.63465,3.0,6.0,68.0,0.28,0.0,7.4739,0.0040338590252482175,0.17927638077196362,0.24695
MarShawn Lloyd,RB,GB,TB,GB@TB,False,1.0,,False,,,,,,,,,,,,,0.255,0.33025,0.3937,70,34.66719604439288,18.59543163889582,45.00391847142474,60.0,10.474277067397946,0.0,15.649069834744243,39.0,1.48605,0.0,2.0,43.0,0.1387,9.8162,2.19065,0.4912491318250138,0.04739769159254864,0.33025
Bo Melton,WR,GB,TB,GB@TB,False,1.0,,False,,,,,,,,,,,,,0.0,0.04615,0.04695,5,0.0,0.0,0.0,65.0,9.432136924395559,0.0,14.502033668394576,19.0,0.783,0.0,1.0,26.0,0.04695,0.0,1.3889,0.0040338590252482175,0.031707909519308776,0.04615
J. Michael Sturdivant,WR,GB,TB,GB@TB,False,1.0,,False,,,,,,,,,,,,,0.0,0.03655,0.0372,4,0.0,0.0,0.0,64.0,7.606641588772962,0.0,11.25346919850481,20.0,0.65005,0.0,1.0,18.0,0.0372,0.0,1.1276,0.004840630830297861,0.025661210819242147,0.03655
Skyy Moore,WR,GB,TB,GB@TB,False,1.0,,False,,,,,,,,,,,,,0.0,0.178,0.1928,36,0.0,0.0,0.0,78.0,19.892843753608712,3.325237930351921,29.382752724486203,38.0,1.7305,1.0,3.0,43.0,0.1928,0.0,3.07155,0.0040338590252482175,0.06892510430865523,0.178
Jonnu Smith,TE,GB,TB,GB@TB,False,1.0,,False,,,,,,,,,,,,,0.0,0.11075,0.1163,16,0.0,0.0,0.0,70.0,15.785443865763806,2.0414161001467956,23.67163467030428,28.0,1.6807,1.0,2.0,52.0,0.1163,0.0,2.712,0.0040338590252482175,0.06495765294524869,0.11075
Christian Watson,WR,GB,TB,GB@TB,False,1.0,,False,,,,,,,,,,,,,0.0,0.4129,0.5157,77,0.0,0.0,0.0,97.0,84.57531646139905,47.720248556068206,112.37039554348506,77.0,5.648,4.0,7.0,84.0,0.5157,0.0,10.03735,0.0040338590252482175,0.2294997740755688,0.4129
Jalon Daniels,QB,TB,GB,GB@TB,False,1.0,,False,21.52175,19.0,24.0,54.0,233.32328606310784,176.53642959041355,279.0316108946667,48.0,1.3884,1.0,2.0,39.0,0.152,0.14065,0.152,19,,,,,,,,,,,,,,,,,,0.14065
Payne Durham,TE,TB,GB,GB@TB,False,1.0,,False,,,,,,,,,,,,,0.0,0.0131,0.01315,1,0.0,0.0,0.0,61.0,2.9156212308440197,0.0,0.0,61.0,0.2855,0.0,0.0,61.0,0.01315,0.0,0.43815,0.004031067598683822,0.011496661950966977,0.0131
Emeka Egbuka,WR,TB,GB,GB@TB,False,1.0,,False,,,,,,,,,,,,,0.0093,0.2449,0.27715,41,1.1516603028340855,0.0,0.0,87.0,54.26485411819313,27.111467487565747,73.6699849578597,61.0,4.18155,3.0,6.0,66.0,0.26785,0.2576,7.28455,0.009405824396928919,0.20988922303322183,0.2449
Kenny Gainwell,RB,TB,GB,GB@TB,False,1.0,,False,,,,,,,,,,,,,0.18555,0.29405,0.33975,35,20.308795433492463,7.663917025655298,27.255577853635636,48.0,17.534339157870505,5.631988926650209,25.376573353369505,43.0,2.40525,1.0,3.0,52.0,0.1542,4.99485,3.3067,0.18402720569832287,0.09431425421677939,0.29405
Chris Godwin Jr.,WR,TB,GB,GB@TB,False,0.9479829842591244,Full,False,,,,,,,,,,,,,0.015687513160665405,0.14213518635502212,0.1547167824805222,16,1.9139275038366952,0.0,0.983349186351237,56.0,33.602995954214606,13.340281527550896,47.57975555194656,42.0,2.8586018109075595,2.0,4.0,51.0,0.13902926931985682,0.4481996209728364,4.57743735523268,0.01612427039473529,0.13276393565331426,0.13474173812906065
Ted Hurst III,WR,TB,GB,GB@TB,False,1.0,,False,,,,,,,,,,,,,0.0,0.1673,0.1813,30,0.0,0.0,0.0,78.0,34.21849745503674,11.843726696791766,49.608053263494014,45.0,2.5315,1.0,4.0,42.0,0.1813,0.0,4.27615,0.004031067598683822,0.12313462829329262,0.1673
Bucky Irving,RB,TB,GB,GB@TB,False,0.9508674235277402,Full,False,,,,,,,,,,,,,0.5678357660401134,0.5780216318387063,0.8134516433896881,72,63.42309142516447,41.66114703311962,80.14605601822117,72.0,25.444379311280567,10.876446524723608,35.867115829558855,61.0,3.3010605901501626,2.0,4.0,72.0,0.2456158773495747,14.388953061010186,4.435367006195527,0.5641843775666591,0.12676991240072408,0.5496219398097706
Kameron Johnson,WR,TB,GB,GB@TB,False,1.0,,False,,,,,,,,,,,,,0.0,0.01095,0.011,1,0.0,0.0,0.0,60.0,2.677160972388005,0.0,0.0,60.0,0.213,0.0,0.0,60.0,0.011,0.0,0.354,0.004031067598683822,0.01017560986849046,0.01095
Tez Johnson,WR,TB,GB,GB@TB,False,1.0,,False,,,,,,,,,,,,,0.0117,0.12635,0.1342,21,1.265776140391956,0.0,0.0,70.0,18.414613697092193,0.0,27.858085737944393,24.0,1.39145,0.0,2.0,26.0,0.1225,0.28985,2.36685,0.010749513596490193,0.06795565339302032,0.12635
Cade Otton,TE,TB,GB,GB@TB,False,1.0,,False,,,,,,,,,,,,,0.0,0.22775,0.25725,36,0.0,0.0,0.0,83.0,44.244387832266234,22.378469591076296,59.89388357937358,58.0,4.34485,3.0,6.0,62.0,0.25725,0.0,6.5918,0.004031067598683822,0.17817762212893093,0.22775
Bauer Sharp,TE,TB,GB,GB@TB,False,1.0,,False,,,,,,,,,,,,,0.0,0.0046,0.0046,1,0.0,0.0,0.0,60.0,1.0501905400392852,0.0,0.0,60.0,0.1046,0.0,0.0,60.0,0.0046,0.0,0.1591,0.004031067598683822,0.004344251723652188,0.0046
Josh Williams,RB,TB,GB,GB@TB,False,1.0,,False,,,,,,,,,,,,,0.0,0.00525,0.00525,1,0.0,0.0,0.0,60.0,0.9316508496011735,0.0,0.0,60.0,0.12275,0.0,0.0,60.0,0.00525,0.0,0.1715,0.0045181753576006185,0.0048760774093593,0.00525
Malik Willis,QB,MIA,MIN,MIA@MIN,False,1.0,,False,17.673,15.0,20.0,90.0,218.44239251781298,164.92292179663508,262.80071877879243,85.0,0.89665,0.0,1.0,65.0,0.15,0.1412,0.15,60,,,,,,,,,,,,,,,,,,0.1412
Chris Bell,WR,MIA,MIN,MIA@MIN,False,0.9479829842591244,Full,False,,,,,,,,,,,,,0.0,0.11155609421931813,0.11909153185435001,17,0.0,0.0,0.0,72.0,41.37894073407386,15.157612902484146,59.1496978562013,42.0,2.6912051430679242,1.0,4.0,40.0,0.11909153185435001,0.0,4.787005322232176,0.004001563023420691,0.10139379171137435,0.10575327911032126
Kevin Coleman Jr.,WR,MIA,MIN,MIA@MIN,False,1.0,,False,,,,,,,,,,,,,0.0,0.07005,0.0719,11,0.0,0.0,0.0,70.0,21.47796323860764,0.0,32.609978951520766,24.0,1.5251,0.0,2.0,30.0,0.0719,0.0,2.7426,0.004001563023420691,0.05773344426580865,0.07005
Greg Dulcich,TE,MIA,MIN,MIA@MIN,False,1.0,,False,,,,,,,,,,,,,0.0,0.25545,0.29065,32,0.0,0.0,0.0,79.0,60.00978689154611,31.948713447348364,80.77528205941509,55.0,4.88705,3.0,6.0,61.0,0.29065,0.0,7.62765,0.004001563023420691,0.14886597117357067,0.25545
Ollie Gordon II,RB,MIA,MIN,MIA@MIN,False,1.0,,False,,,,,,,,,,,,,0.21755,0.22165,0.24875,41,35.728841341314066,18.348464306855384,47.19742951098889,53.0,7.451627996221734,0.0,11.531752616660494,31.0,0.8746,0.0,1.0,43.0,0.0312,10.5305,1.28665,0.18704568009449923,0.023623722340357117,0.22165
DJ Herman,RB,MIA,MIN,MIA@MIN,False,1.0,,False,,,,,,,,,,,,,0.00715,0.05865,0.06,4,1.4949297036502764,0.0,0.0,64.0,12.120851897895552,0.0,18.495685466716417,18.0,1.39455,0.0,2.0,21.0,0.05285,0.36935,2.06165,0.006727658245005016,0.03799336378142615,0.05865
Will Kacmarek,TE,MIA,MIN,MIA@MIN,False,1.0,,False,,,,,,,,,,,,,0.0,0.0256,0.02575,4,0.0,0.0,0.0,63.0,7.368303493909486,0.0,10.889493613381202,19.0,0.6416,0.0,1.0,16.0,0.02575,0.0,1.03735,0.004001563023420691,0.020482710836783245,0.0256
Ryan Miller,WR,MIA,MIN,MIA@MIN,False,1.0,,False,,,,,,,,,,,,,0.0,0.0326,0.033,7,0.0,0.0,0.0,66.0,12.87838196540006,0.0,19.77287440315525,20.0,0.79,0.0,1.0,28.0,0.033,0.0,1.366,0.004001563023420691,0.028815894781872173,0.0326
Malik Washington,WR,MIA,MIN,MIA@MIN,False,1.0,,False,,,,,,,,,,,,,0.0164,0.2724,0.3109,51,3.8985063545483034,0.0,4.716856611708014,61.0,67.19346518629371,38.03728757931398,89.50939564968625,74.0,5.5618,4.0,7.0,81.0,0.2945,0.96005,9.79095,0.017206572629814523,0.20567907818009576,0.2724
Jaylen Wright,RB,MIA,MIN,MIA@MIN,False,0.9508674235277402,Full,False,,,,,,,,,,,,,0.13326669121902457,0.14741937181038564,0.15852054506234545,12,22.16088885662489,8.770601585503574,30.401108447538657,31.0,5.890064516090547,0.0,8.860054938077429,16.0,0.6806439732730046,0.0,1.0,17.0,0.02525385384332088,5.510548745199137,1.005734729310254,0.1000089387528074,0.01838610199745518,0.14017627825141937
Kyler Murray,QB,MIN,MIA,MIA@MIN,False,1.0,,False,17.1947,14.0,20.0,62.0,193.7259462537233,143.29423769094169,234.24285048057203,59.0,1.56235,1.0,2.0,53.0,0.0688,0.06685,0.0688,31,,,,,,,,,,,,,,,,,,0.06685
Jordan Addison,WR,MIN,MIA,MIA@MIN,False,1.0,,False,,,,,,,,,,,,,0.0,0.3983,0.49255,34,0.0,0.0,0.0,86.0,71.01742008902589,37.807118160762336,95.61054329616326,61.0,4.8252,3.0,6.0,67.0,0.49255,0.0,8.1113,0.0033383944339874095,0.18234840808783934,0.3983
Max Bredeson,RB,MIN,MIA,MIA@MIN,False,1.0,,False,,,,,,,,,,,,,0.01075,0.02225,0.0226,1,1.523531692571902,0.0,0.0,60.0,1.4306848657303763,0.0,0.0,60.0,0.1791,0.0,0.0,60.0,0.01185,0.3726,0.23535,0.008769845334279734,0.00587157094026069,0.02225
Demond Claiborne,RB,MIN,MIA,MIA@MIN,False,1.0,,False,,,,,,,,,,,,,0.05365,0.0911,0.0955,3,7.276368467285877,0.0,9.613711732579597,23.0,4.6971829356579615,0.0,6.723913222451235,20.0,0.6086,0.0,1.0,13.0,0.04185,1.86395,0.79995,0.04334558443983785,0.019987273385591902,0.0911
DeeJay Dallas,RB,MIN,MIA,MIA@MIN,False,1.0,,False,,,,,,,,,,,,,0.0377,0.0938,0.0986,5,5.390064680811528,0.0,7.088108977254064,25.0,6.9198713838704995,0.0,10.533941721954669,19.0,0.8791,0.0,1.0,31.0,0.0609,1.3286,1.15935,0.03119074554426042,0.028897787921873298,0.0938
Tai Felton,WR,MIN,MIA,MIA@MIN,False,1.0,,False,,,,,,,,,,,,,0.0,0.05025,0.05145,4,0.0,0.0,0.0,63.0,8.1640831892755,0.0,11.897371715935348,19.0,0.6239,0.0,1.0,15.0,0.05145,0.0,0.99745,0.0033383944339874095,0.02231923737032758,0.05025
T.J. Hockenson,TE,MIN,MIA,MIA@MIN,False,1.0,,False,,,,,,,,,,,,,0.0,0.4038,0.5048,34,0.0,0.0,0.0,81.0,50.67175519989765,27.589351995292752,68.2148928883712,57.0,5.0322,3.0,7.0,57.0,0.5048,0.0,7.10595,0.0033383944339874095,0.17401394545929222,0.4038
Jauan Jennings,WR,MIN,MIA,MIA@MIN,False,1.0,,False,,,,,,,,,,,,,0.0,0.19815,0.2187,4,0.0,0.0,0.0,64.0,34.16030763638724,12.77375157850593,48.88902813122689,32.0,2.7119,1.0,4.0,31.0,0.2187,0.0,4.3275,0.0040060733207848915,0.0972796575552155,0.19815
Aaron Jones,RB,MIN,MIA,MIA@MIN,False,0.9951309141019752,Limited,False,,,,,,,,,,,,,0.605372834546824,0.5702234496610595,0.8162189304544313,66,77.64259260258858,53.49176345925095,96.77369832070733,83.0,23.24867475599685,8.988546169502946,32.76332725153523,69.0,3.0140597539543057,2.0,4.0,80.0,0.21084609590760733,19.833693196083356,4.087973889028371,0.4695496220428691,0.10180579744853953,0.5674469827035918
Myles Price,WR,MIN,MIA,MIA@MIN,False,1.0,,False,,,,,,,,,,,,,0.0,0.03985,0.0406,2,0.0,0.0,0.0,62.0,6.364919635120867,0.0,7.971134683111958,24.0,0.47815,0.0,1.0,2.0,0.0406,0.0,0.75395,0.0033383944339874095,0.016916054206660962,0.03985
Patrick Mahomes,QB,KC,LV,KC@LV,False,0.98,Full,False,18.93734067502804,16.0,22.0,89.0,221.27780858913735,165.64205191279777,266.10294077942257,85.0,1.5533292546140511,1.0,2.0,79.0,0.09146527990211074,0.08738656061996533,0.09146527990211074,60,,,,,,,,,,,,,,,,,,0.08563882940756602
Cyrus Allen,WR,KC,LV,KC@LV,False,1.0,,False,,,,,,,,,,,,,0.0,0.0185,0.01865,2,0.0,0.0,0.0,62.0,3.733915043314616,0.0,0.0,62.0,0.2703,0.0,0.0,62.0,0.01865,0.0,0.4445,0.004045413728572829,0.014432767438542021,0.0185
Jake Briningstool,TE,KC,LV,KC@LV,False,1.0,,False,,,,,,,,,,,,,0.0,0.02805,0.0283,4,0.0,0.0,0.0,63.0,5.3653710833364805,0.0,6.892910269809778,25.0,0.4823,0.0,1.0,3.0,0.0283,0.0,0.72315,0.004045413728572829,0.02194829542168554,0.02805
Noah Gray,TE,KC,LV,KC@LV,False,1.0,,False,,,,,,,,,,,,,0.0,0.0969,0.1008,14,0.0,0.0,0.0,68.0,13.65632902614793,0.0,20.975573666793778,22.0,1.28475,0.0,2.0,21.0,0.1008,0.0,2.0189,0.004045413728572829,0.061691541629526704,0.0969
Emmett Johnson,RB,KC,LV,KC@LV,False,1.0,,False,,,,,,,,,,,,,0.1326,0.1621,0.17615,23,27.76940120462619,13.377191853695564,37.10442491898692,50.0,7.078626906501013,0.0,10.76678391419451,30.0,0.8219,0.0,1.0,39.0,0.04355,6.6122,1.1335,0.21925236725652777,0.03553406150255956,0.1621
Travis Kelce,TE,KC,LV,KC@LV,False,1.0,,False,,,,,,,,,,,,,0.0,0.26445,0.30095,43,0.0,0.0,0.0,89.0,50.870955463198804,25.48278604164461,69.70998233471734,63.0,4.20565,3.0,6.0,67.0,0.30095,0.0,6.29155,0.004045413728572829,0.19231230956075604,0.26445
Nikko Remigio,WR,KC,LV,KC@LV,False,1.0,,False,,,,,,,,,,,,,0.0,0.00375,0.00375,1,0.0,0.0,0.0,60.0,0.8740031221242578,0.0,0.0,60.0,0.06365,0.0,0.0,60.0,0.00375,0.0,0.1059,0.004045413728572829,0.003443678636554231,0.00375
Rashee Rice,WR,KC,LV,KC@LV,False,0.9479829842591244,Full,False,,,,,,,,,,,,,0.0,0.31516750197836985,0.3738327618042733,49,0.0,0.0,0.0,83.0,63.53789247203214,32.88981172098475,86.62105502902693,59.0,4.585017145871801,3.0,6.0,64.0,0.3738327618042733,0.0,7.273542600896861,0.004045413728572829,0.23864733221057446,0.29877342906694854
Jalen Royals,WR,KC,LV,KC@LV,False,1.0,,False,,,,,,,,,,,,,0.0,0.04815,0.0495,11,0.0,0.0,0.0,65.0,5.58417074586405,0.0,6.286341210773261,31.0,0.4184,0.0,1.0,5.0,0.0495,0.0,0.67395,0.004045413728572829,0.021699623823015622,0.04815
Brashard Smith,RB,KC,LV,KC@LV,False,1.0,,False,,,,,,,,,,,,,0.0101,0.0748,0.07765,7,1.9095412908672846,0.0,1.1018741157867054,44.0,5.965166667779423,0.0,9.03188202877816,16.0,0.73965,0.0,1.0,21.0,0.06755,0.45625,1.03635,0.015448556699523958,0.0323598722102208,0.0748
Tyquan Thornton,WR,KC,LV,KC@LV,False,1.0,,False,,,,,,,,,,,,,0.0,0.0838,0.08795,12,0.0,0.0,0.0,71.0,20.732263636920578,0.0,31.639312467885773,25.0,1.4002,0.0,2.0,28.0,0.08795,0.0,2.352,0.004045413728572829,0.07554250020051258,0.0838
Ben VanSumeren,RB,KC,LV,KC@LV,False,1.0,,False,,,,,,,,,,,,,0.0,0.00495,0.00495,1,0.0,0.0,0.0,60.0,0.7256272534899487,0.0,0.0,60.0,0.09025,0.0,0.0,60.0,0.00495,0.0,0.1233,0.004024486731542844,0.003850358337044487,0.00495
Kenneth Walker III,RB,KC,LV,KC@LV,False,1.0,,False,,,,,,,,,,,,,0.5105,0.57325,0.8131,85,92.86182786324953,66.38575219884129,114.42922146979885,84.0,28.412988415195596,12.446464141825139,39.450738060901394,71.0,3.36425,2.0,5.0,73.0,0.3026,17.8886,4.5922,0.5944292440339229,0.14362057362029831,0.57325
Xavier Worthy,WR,KC,LV,KC@LV,False,1.0,,False,,,,,,,,,,,,,0.0,0.23945,0.26865,48,0.0,0.0,0.0,84.0,33.71885072817609,13.10350445349778,47.802842499479816,53.0,2.7817,1.0,4.0,52.0,0.26865,0.0,4.63875,0.004045413728572829,0.1498792931398061,0.23945
Kirk Cousins,QB,LV,KC,KC@LV,False,1.0,,False,18.80585,16.0,22.0,90.0,191.5273940175207,143.68042894870575,229.8628081365986,87.0,1.48995,1.0,2.0,80.0,0.04795,0.0468,0.04795,62,,,,,,,,,,,,,,,,,,0.0468
Cody White,WR,LV,KC,KC@LV,False,0.9575230478992892,Limited,False,,,,,,,,,,,,,0.0,0.14984293193717277,0.16146596858638743,31,0.0,0.0,0.0,67.0,10.304595397211823,0.0,16.093244848605714,22.0,0.8702094240837697,0.0,1.0,34.0,0.16146596858638743,0.0,1.4446596858638743,0.003992461328319908,0.045033350685395185,0.1434780608946474
Malik Benson,WR,LV,KC,KC@LV,False,0.9479829842591244,Full,False,,,,,,,,,,,,,0.00374512079333263,0.04146006962759785,0.04209304778985125,7,1.0578400298698467,0.0,0.0,63.0,7.297844720729229,0.0,10.784191078838697,21.0,0.6178921827196961,0.0,1.0,17.0,0.03834792699651862,0.2502901149910328,1.0319653971937968,0.0075892733358153205,0.0323588442106611,0.039303440533161295
Brock Bowers,TE,LV,KC,KC@LV,False,0.9575230478992892,Limited,False,,,,,,,,,,,,,0.0,0.3641826923076923,0.44251672240802675,30,0.0,0.0,0.0,71.0,61.991389170256845,36.11356005464408,81.3307574351939,50.0,6.242422658862877,4.0,8.0,52.0,0.44251672240802675,0.0,9.305236204013378,0.005988691992479861,0.25778897195443734,0.34871332153063056
Connor Heyward,RB,LV,KC,KC@LV,False,1.0,,False,,,,,,,,,,,,,0.0264,0.0311,0.03165,1,5.393990713953828,0.0,6.975490472010595,23.0,0.6603872342122777,0.0,0.0,61.0,0.09255,0.0,0.0,61.0,0.00525,1.3629,0.12555,0.04289942249749157,0.0037607662119331585,0.0311
Ashton Jeanty,RB,LV,KC,KC@LV,False,0.9508674235277402,Full,False,,,,,,,,,,,,,0.4132884068653259,0.5088975465936612,0.6910076866378857,84,64.97327718534412,42.61535252514618,82.3477342180818,78.0,23.71388074263232,10.464187781398989,32.992098498378795,68.0,3.3950721280404337,2.0,5.0,70.0,0.2777192797725598,18.342002737706643,4.736969569337686,0.6139401900465825,0.1473875392383217,0.48389409896910274
Dylan Laube,RB,LV,KC,KC@LV,False,1.0,,False,,,,,,,,,,,,,0.0042,0.00855,0.00855,1,1.104231576548404,0.0,0.0,60.0,0.5946800481110737,0.0,0.0,60.0,0.0838,0.0,0.0,60.0,0.00435,0.2756,0.1153,0.008286859198696222,0.0036024008729398827,0.00855
Michael Mayer,TE,LV,KC,KC@LV,False,1.0,,False,,,,,,,,,,,,,0.0,0.2322,0.2614,36,0.0,0.0,0.0,82.0,32.18692745329265,14.131562852765985,44.99020773373118,54.0,3.43185,2.0,5.0,56.0,0.2614,0.0,5.18075,0.003992461328319908,0.141344136944197,0.2322
Jalen Nailor,WR,LV,KC,KC@LV,False,1.0,,False,,,,,,,,,,,,,0.0,0.13665,0.145,25,0.0,0.0,0.0,78.0,23.714533837583136,5.554507140843983,35.13820608961843,40.0,1.91075,1.0,3.0,46.0,0.145,0.0,3.28525,0.003992461328319908,0.10191907914310318,0.13665
Ian Thomas,TE,LV,KC,KC@LV,False,1.0,,False,,,,,,,,,,,,,0.0,0.0229,0.0229,2,0.0,0.0,0.0,62.0,3.9971204778679703,0.0,4.263501624582686,30.0,0.4146,0.0,1.0,2.0,0.0229,0.0,0.6288,0.003992461328319908,0.01747081207462083,0.0229
Tre Tucker,WR,LV,KC,KC@LV,False,1.0,,False,,,,,,,,,,,,,0.0,0.1948,0.2125,32,0.0,0.0,0.0,84.0,40.26360630279695,16.5658970072033,56.33147215563787,54.0,3.0598,2.0,4.0,64.0,0.2125,0.0,5.0404,0.003992461328319908,0.1576834791053455,0.1948
Mike Washington Jr.,RB,LV,KC,KC@LV,False,1.0,,False,,,,,,,,,,,,,0.1331,0.1378,0.14835,23,32.1695469363599,14.864609469398733,42.48854586869125,46.0,2.096893830474663,0.0,0.0,71.0,0.2912,0.0,0.0,71.0,0.01525,6.80195,0.40575,0.2096170532759599,0.012194789120689845,0.1378
Dareke Young,WR,LV,KC,KC@LV,False,1.0,,False,,,,,,,,,,,,,0.0,0.0164,0.01655,2,0.0,0.0,0.0,62.0,2.9672547800990348,0.0,0.0,62.0,0.23395,0.0,0.0,62.0,0.01655,0.0,0.38855,0.003992461328319908,0.01248216955849858,0.0164
Justin Herbert,QB,LAC,SEA,LAC@SEA,False,1.0,,False,18.1559,15.0,21.0,89.0,184.21030324236327,138.70706331722386,221.24301090004977,86.0,1.1118,0.0,2.0,45.0,0.09475,0.09045,0.09475,61,,,,,,,,,,,,,,,,,,0.09045
Derius Davis,WR,LAC,SEA,LAC@SEA,False,1.0,,False,,,,,,,,,,,,,0.0,0.01615,0.01625,4,0.0,0.0,0.0,63.0,4.317936671451116,0.0,3.6321839730046843,38.0,0.37505,0.0,1.0,3.0,0.01625,0.0,0.6389,0.0037908474855020105,0.014230332899761404,0.01615
Oronde Gadsden II,TE,LAC,SEA,LAC@SEA,False,1.0,,False,,,,,,,,,,,,,0.0,0.1759,0.19215,23,0.0,0.0,0.0,71.0,28.528276511781126,10.647745063447767,40.87081660919751,39.0,2.8622,1.0,4.0,40.0,0.19215,0.0,4.45565,0.0037908474855020105,0.10281199231670671,0.1759
Omarion Hampton,RB,LAC,SEA,LAC@SEA,False,1.0,,False,,,,,,,,,,,,,0.2876,0.3045,0.359,85,55.47288819519359,34.97097547829124,70.25073194811154,78.0,12.174687880511415,2.303043474593542,18.047911224534335,59.0,1.8892,1.0,3.0,66.0,0.0714,14.56285,2.5664,0.5296110354865731,0.05754512565454453,0.3045
Tre Harris,WR,LAC,SEA,LAC@SEA,False,1.0,,False,,,,,,,,,,,,,0.0,0.23245,0.26125,45,0.0,0.0,0.0,86.0,37.308001986491384,15.82461934277,52.26351781913633,56.0,3.30495,2.0,4.0,67.0,0.26125,0.0,5.48445,0.0037908474855020105,0.1233765965738993,0.23245
Alec Ingold,RB,LAC,SEA,LAC@SEA,False,1.0,,False,,,,,,,,,,,,,0.00175,0.0689,0.0709,11,0.5396142482932627,0.0,0.0,65.0,6.038426912110901,0.0,9.30341358103472,19.0,0.8782,0.0,1.0,31.0,0.06915,0.14335,1.23655,0.005007004558139298,0.027566883064968573,0.0689
Quentin Johnston,WR,LAC,SEA,LAC@SEA,False,1.0,,False,,,,,,,,,,,,,0.00385,0.20075,0.2219,30,0.8433584120811322,0.0,0.0,87.0,52.28437132123411,26.68105475549323,71.54164424962657,61.0,4.42095,3.0,6.0,67.0,0.21805,0.2198,7.906,0.007739646949566604,0.17855517590416997,0.20075
Ladd McConkey,WR,LAC,SEA,LAC@SEA,False,0.6667342299285288,Questionable; Limited,False,,,,,,,,,,,,,0.0,0.2318448353631033,0.2593594948128101,25,0.0,0.0,0.0,56.0,45.679519362066515,21.84494144720498,63.124164468543235,38.0,3.839422643211547,2.0,5.0,40.0,0.2593594948128101,0.0,6.406480228537062,0.0037908474855020105,0.16887993185588768,0.15457888776872522
Keaton Mitchell,RB,LAC,SEA,LAC@SEA,False,0.9508674235277402,Full,False,,,,,,,,,,,,,0.09279326670173593,0.15702261967385586,0.1700683850604945,38,22.652442842020655,9.608889502104873,30.654145618231023,46.0,7.154703388478907,0.0,10.974400230874178,29.0,1.0720147290899527,0.0,2.0,20.0,0.07727511835875855,5.23224618621778,1.5209363492898476,0.19330370778071188,0.034332277575663,0.1493076938048556
Hayden Rucci,TE,LAC,SEA,LAC@SEA,False,1.0,,False,,,,,,,,,,,,,0.0,0.0052,0.0052,1,0.0,0.0,0.0,60.0,1.266161108165459,0.0,0.0,60.0,0.13855,0.0,0.0,60.0,0.0052,0.0,0.217,0.005686271228253015,0.004893812218768463,0.0052
Marquez Valdes-Scantling,WR,LAC,SEA,LAC@SEA,False,1.0,,False,,,,,,,,,,,,,0.0,0.04425,0.0448,1,0.0,0.0,0.0,61.0,11.024864600499841,0.0,17.137541266463526,14.0,0.97095,0.0,2.0,1.0,0.0448,0.0,1.7021,0.005686271228253015,0.03844010378474763,0.04425
Kimani Vidal,RB,LAC,SEA,LAC@SEA,False,1.0,,False,,,,,,,,,,,,,0.03695,0.07355,0.0767,11,9.491425213818312,1.4284270322016657,12.780543255237774,29.0,6.836732390996438,0.0,10.601578719884687,18.0,1.0106,0.0,2.0,5.0,0.03975,2.3656,1.46675,0.08577602028574885,0.0330731257398265,0.07355
Sam Darnold,QB,SEA,LAC,LAC@SEA,False,1.0,,False,20.1665,17.0,23.0,68.0,258.02497400590295,193.75421679025686,309.31049928027414,64.0,1.93615,1.0,3.0,46.0,0.037,0.03635,0.037,37,,,,,,,,,,,,,,,,,,0.03635
Elijah Arroyo,TE,SEA,LAC,LAC@SEA,False,1.0,,False,,,,,,,,,,,,,0.0,0.0516,0.0528,2,0.0,0.0,0.0,62.0,8.291005578060314,0.0,12.837282443814926,15.0,0.77145,0.0,1.0,23.0,0.0528,0.0,1.1489,0.003935996736425529,0.033123162865189966,0.0516
AJ Barner,TE,SEA,LAC,LAC@SEA,False,1.0,,False,,,,,,,,,,,,,0.03025,0.317,0.37755,49,1.2635446452899306,0.0,0.0,79.0,36.100556144080926,15.687651674139186,50.28222593403029,50.0,3.3488,2.0,5.0,52.0,0.3473,0.3015,4.6577,0.007215994016780135,0.132259381887268,0.317
Montorie Foster Jr,WR,SEA,LAC,LAC@SEA,False,1.0,,False,,,,,,,,,,,,,0.0,0.01285,0.01295,1,0.0,0.0,0.0,60.0,2.54791787239388,0.0,0.0,60.0,0.1899,0.0,0.0,60.0,0.01295,0.0,0.2941,0.005903995104638292,0.008568804660695761,0.01285
George Holani,RB,SEA,LAC,LAC@SEA,False,0.9951309141019752,Limited,False,,,,,,,,,,,,,0.22858866103739445,0.2925211097708082,0.3403699236027342,59,31.720785649343252,15.798971987446256,42.334873116170854,54.0,10.174816126843718,0.0,15.54413158625754,33.0,1.2727683956574185,0.0,2.0,32.0,0.11178126256533977,7.7408524326497785,1.6518395657418576,0.18117197450171257,0.047763572916747016,0.2910967993603486
Tory Horton,WR,SEA,LAC,LAC@SEA,False,1.0,,False,,,,,,,,,,,,,0.0,0.0988,0.1033,4,0.0,0.0,0.0,64.0,19.166854358115142,0.0,28.853455006717343,19.0,1.3918,0.0,2.0,21.0,0.1033,0.0,2.1767,0.004723196083710635,0.06357411857620636,0.0988
Cooper Kupp,WR,SEA,LAC,LAC@SEA,False,1.0,,False,,,,,,,,,,,,,0.0,0.1972,0.2158,23,0.0,0.0,0.0,76.0,36.64620435400955,13.798986183012746,51.97300510766703,45.0,2.72435,1.0,4.0,43.0,0.2158,0.0,4.11865,0.003935996736425529,0.11939799237840043,0.1972
Brady Russell,RB,SEA,LAC,LAC@SEA,False,1.0,,False,,,,,,,,,,,,,0.0,0.031,0.0312,4,0.0,0.0,0.0,64.0,4.3959335729830915,0.0,6.106027851678791,22.0,0.545,0.0,1.0,9.0,0.0312,0.0,0.7044,0.0034465752222346963,0.020028988373006415,0.031
Eric Saubert,TE,SEA,LAC,LAC@SEA,False,1.0,,False,,,,,,,,,,,,,0.0,0.1002,0.1052,16,0.0,0.0,0.0,65.0,5.897014658050234,0.0,8.311076989041927,23.0,0.55695,0.0,1.0,11.0,0.1052,0.0,0.80085,0.003935996736425529,0.022943869645718897,0.1002
Rashid Shaheed,WR,SEA,LAC,LAC@SEA,False,0.9479829842591244,Full,False,,,,,,,,,,,,,0.006065720765863179,0.20454665330449917,0.22580304868400233,25,1.2942545775207148,0.0,0.0,75.0,37.169525130965674,15.122472085894149,52.49048536660659,46.0,3.027269370747402,2.0,4.0,56.0,0.21973732791813913,0.3032860382931589,4.785800938868084,0.007215994016780135,0.13957040757275127,0.19390674681981562
Jaxon Smith-Njigba,WR,SEA,LAC,LAC@SEA,False,1.0,,False,,,,,,,,,,,,,0.0,0.5549,0.78325,85,0.0,0.0,0.0,97.0,114.46664403605007,70.74314030806615,148.18863735930978,80.0,7.48515,5.0,9.0,84.0,0.78325,0.0,11.0033,0.003935996736425529,0.3184807476222622,0.5549
Emanuel Wilson,RB,SEA,LAC,LAC@SEA,False,1.0,,False,,,,,,,,,,,,,0.47915,0.42775,0.5392,69,61.340530318921026,39.357381710723935,77.75473057505843,64.0,3.5220491828295244,0.0,4.172513431803897,47.0,0.44605,0.0,1.0,23.0,0.06005,15.52935,0.5816,0.36321926835032287,0.01686542105714638,0.42775
Bo Nix,QB,DEN,SF,DEN@SF,False,1.0,,False,20.23145,17.0,23.0,91.0,216.58516031498792,163.40092843599462,259.01386865439986,87.0,1.40035,1.0,2.0,79.0,0.1535,0.14225,0.1535,62,,,,,,,,,,,,,,,,,,0.14225
Nate Adkins,TE,DEN,SF,DEN@SF,False,1.0,,False,,,,,,,,,,,,,0.0071,0.11895,0.12665,25,1.0831365048970545,0.0,0.0,68.0,8.515282546570395,0.0,12.93552162486704,22.0,0.85735,0.0,1.0,33.0,0.11955,0.2504,1.2976,0.008018484110048463,0.03557229965909327,0.11895
Tyler Badie,RB,DEN,SF,DEN@SF,False,1.0,,False,,,,,,,,,,,,,0.0267,0.1262,0.1345,17,4.702647368130462,0.0,5.990924596725293,27.0,8.996794460148166,0.0,13.654045321395131,20.0,1.20185,0.0,2.0,16.0,0.1078,1.11365,1.7657,0.03396559901557302,0.046416352928676324,0.1262
Pat Bryant,WR,DEN,SF,DEN@SF,False,1.0,,False,,,,,,,,,,,,,0.0065,0.11905,0.12595,21,1.140427611798867,0.0,0.0,74.0,22.44919844178374,4.320004156782276,33.452544874495,35.0,1.7869,1.0,3.0,41.0,0.11945,0.26235,2.9789,0.008018484110048463,0.08455405883962124,0.11905
J.K. Dobbins,RB,DEN,SF,DEN@SF,False,0.9508674235277402,Full,False,,,,,,,,,,,,,0.4510349900178628,0.38531049700535885,0.4797205001576127,59,59.16510179598924,38.377185265632974,75.04166723512539,64.0,4.665236085226985,0.0,6.907476054929985,40.0,0.6454239781443732,0.0,1.0,38.0,0.02868551013974992,14.492592203425449,0.8974992119365346,0.47612819126331196,0.023578353035792796,0.36637919954567866
Evan Engram,TE,DEN,SF,DEN@SF,False,1.0,,False,,,,,,,,,,,,,0.0,0.12045,0.12805,20,0.0,0.0,0.0,73.0,22.08413584667548,6.569262632868319,32.0944173998858,38.0,2.26095,1.0,3.0,46.0,0.12805,0.0,3.48135,0.003660612311109081,0.09478496739455596,0.12045
Troy Franklin,WR,DEN,SF,DEN@SF,False,1.0,,False,,,,,,,,,,,,,0.00915,0.1143,0.12175,13,1.6025892758259426,0.0,0.0,66.0,22.47287004441033,4.620645023687504,33.383410562900224,28.0,1.82245,1.0,3.0,33.0,0.1126,0.3828,3.0336,0.011795306335795928,0.08561764261290092,0.1143
RJ Harvey,RB,DEN,SF,DEN@SF,False,1.0,,False,,,,,,,,,,,,,0.10425,0.25975,0.2959,28,18.11381153896821,6.144746698720241,24.51374503306893,45.0,23.48990862283405,9.911381003346705,33.03108689656392,45.0,3.21505,2.0,4.0,56.0,0.19165,4.26815,4.3682,0.13197896018929048,0.11468883448904334,0.25975
Lil'Jordan Humphrey,WR,DEN,SF,DEN@SF,False,1.0,,False,,,,,,,,,,,,,0.0,0.05165,0.05285,1,0.0,0.0,0.0,61.0,11.628207611599533,0.0,17.899722262210023,15.0,0.9361,0.0,1.0,29.0,0.05285,0.0,1.6289,0.005490918466663622,0.04645420735912489,0.05165
Kolbe Katsis,WR,DEN,SF,DEN@SF,False,1.0,,False,,,,,,,,,,,,,0.0,0.007,0.0071,1,0.0,0.0,0.0,60.0,1.789501465049629,0.0,0.0,60.0,0.143,0.0,0.0,60.0,0.0071,0.0,0.23535,0.005490918466663622,0.006694939713418782,0.007
Marvin Mims Jr.,WR,DEN,SF,DEN@SF,False,0.9479829842591244,Full,False,,,,,,,,,,,,,0.0,0.055221201562664975,0.05627705627705628,1,0.0,0.0,0.0,57.0,11.886551608042009,0.0,18.366908069377303,13.0,1.1388448949424559,0.0,2.0,7.0,0.05627705627705628,0.0,1.8227747861894203,0.005490918466663622,0.051418350126101055,0.052348759451749764
Adam Prentice,RB,DEN,SF,DEN@SF,False,1.0,,False,,,,,,,,,,,,,0.0,0.0114,0.0115,1,0.0,0.0,0.0,61.0,1.958294971936638,0.0,0.0,61.0,0.266,0.0,0.0,61.0,0.0115,0.0,0.36965,0.004624047078271475,0.009442481131332163,0.0114
Courtland Sutton,WR,DEN,SF,DEN@SF,False,1.0,,False,,,,,,,,,,,,,0.0,0.2591,0.29505,56,0.0,0.0,0.0,86.0,38.769324468833766,16.233557469658386,54.53036631452641,56.0,3.1483,2.0,4.0,67.0,0.29505,0.0,5.3731,0.003660612311109081,0.15351726654230824,0.2591
Adam Trautman,TE,DEN,SF,DEN@SF,False,1.0,,False,,,,,,,,,,,,,0.0,0.02875,0.0289,5,0.0,0.0,0.0,65.0,6.4443292025564745,0.0,9.782737772717914,19.0,0.65915,0.0,1.0,19.0,0.0289,0.0,0.9525,0.003660612311109081,0.02631629996518489,0.02875
Jaylen Waddle,WR,DEN,SF,DEN@SF,False,0.9479829842591244,Full,False,,,,,,,,,,,,,0.006584145377929945,0.20853305240979722,0.2295496444561496,39,1.2083183599815346,0.0,0.0,87.0,50.11021265455742,24.247164690789184,69.20077405600696,62.0,3.8688438240716354,2.0,5.0,65.0,0.22296549907821964,0.2796418224914406,6.495285751909402,0.00854142872592119,0.18734126492938988,0.19768578534010398
Brock Purdy,QB,SF,DEN,DEN@SF,False,1.0,,False,18.67485,16.0,21.0,89.0,229.8282385253749,170.8308165501515,277.3686011277604,83.0,1.863,1.0,3.0,65.0,0.1016,0.0976,0.1016,58,,,,,,,,,,,,,,,,,,0.0976
Kaelon Black,RB,SF,DEN,DEN@SF,False,1.0,,False,,,,,,,,,,,,,0.2462,0.2464,0.27725,43,41.933858868564236,22.551521143596972,55.70022449184378,56.0,4.030653021979663,0.0,5.060119676061671,42.0,0.46685,0.0,1.0,19.0,0.03105,7.94105,0.66175,0.24891945126204418,0.017069154423332972,0.2464
Jacob Cowing,WR,SF,DEN,DEN@SF,False,1.0,,False,,,,,,,,,,,,,0.0,0.03395,0.03435,4,0.0,0.0,0.0,63.0,7.102015311633174,0.0,9.058660090533122,25.0,0.47795,0.0,1.0,3.0,0.03435,0.0,0.8135,0.003573081114369162,0.021963988147486662,0.03395
Mike Evans,WR,SF,DEN,DEN@SF,False,0.6667342299285288,Questionable; Limited,False,,,,,,,,,,,,,0.0,0.29524886877828055,0.34487179487179487,26,0.0,0.0,0.0,57.0,45.76957134680585,19.47029394876335,64.26367661356956,37.0,3.246078431372549,2.0,4.0,45.0,0.34487179487179487,0.0,5.535822021116139,0.003573081114369162,0.17378020190537355,0.19685252716215615
Luke Farrell,TE,SF,DEN,DEN@SF,False,1.0,,False,,,,,,,,,,,,,0.0,0.04155,0.04225,5,0.0,0.0,0.0,65.0,7.189625655318392,0.0,10.519224520964816,21.0,0.6115,0.0,1.0,16.0,0.04225,0.0,0.94445,0.003573081114369162,0.025976971345210258,0.04155
KhaDarel Hodge,WR,SF,DEN,DEN@SF,False,0.8055616699684496,DNP,False,,,,,,,,,,,,,0.0,0.03078171828171828,0.03184315684315684,1,0.0,0.0,0.0,50.0,5.887895120263779,0.0,6.050010356010522,25.0,0.3991008991008991,0.0,1.0,1.0,0.03184315684315684,0.0,0.6836913086913087,0.003573081114369162,0.01880056894570884,0.024796572383519334
Jordan James,RB,SF,DEN,DEN@SF,False,1.0,,False,,,,,,,,,,,,,0.07115,0.07835,0.0809,2,13.078559970391892,2.4885760659096086,18.452783037525055,26.0,1.3753737323657005,0.0,0.0,62.0,0.15705,0.0,0.0,62.0,0.00975,2.484,0.22535,0.07791179701481467,0.005850639311514084,0.07835
Kyle Juszczyk,RB,SF,DEN,DEN@SF,False,1.0,,False,,,,,,,,,,,,,0.0,0.148,0.1591,17,0.0,0.0,0.0,65.0,11.682581491858098,0.0,17.55559624429167,20.0,1.2624,0.0,2.0,18.0,0.1591,0.0,1.752,0.0040821452562378666,0.04640435390968829,0.148
George Kittle,TE,SF,DEN,DEN@SF,False,1.0,,False,,,,,,,,,,,,,0.0,0.40615,0.51285,56,0.0,0.0,0.0,86.0,59.74354792574411,31.133017154982255,80.56260666960672,61.0,4.8048,3.0,6.0,67.0,0.51285,0.0,7.16835,0.003573081114369162,0.195409568875346,0.40615
Christian McCaffrey,RB,SF,DEN,DEN@SF,False,0.9508674235277402,Full,False,,,,,,,,,,,,,0.5408040253682059,0.6472561455002883,0.9903034750248965,84,74.40154042758623,49.82127933239169,93.63156940139942,78.0,47.1123279508594,25.185938521885717,63.07841339026392,72.0,5.117563813617066,3.0,7.0,73.0,0.4494994496566906,13.582315634991351,7.241050369516222,0.44275317139235504,0.19092005027216466,0.6154547834343553
Deebo Samuel Sr.,WR,SF,DEN,DEN@SF,False,1.0,,False,,,,,,,,,,,,,0.0192,0.32135,0.38295,36,3.697572911567176,0.0,4.477936028541828,41.0,52.70664437011965,23.18823672048334,73.44669984634929,49.0,3.4091,2.0,5.0,51.0,0.36375,0.70135,5.569,0.022311139346997556,0.1508177428708796,0.32135
Jordan Watkins,WR,SF,DEN,DEN@SF,False,1.0,,False,,,,,,,,,,,,,0.0,0.08295,0.08615,2,0.0,0.0,0.0,62.0,18.212229915571285,0.0,28.090703066145622,16.0,1.1325,0.0,2.0,9.0,0.08615,0.0,1.8917,0.005359621671553742,0.051656749172312215,0.08295
Brayden Willis,TE,SF,DEN,DEN@SF,False,1.0,,False,,,,,,,,,,,,,0.0,0.00585,0.00585,1,0.0,0.0,0.0,60.0,0.9551560675441689,0.0,0.0,60.0,0.08285,0.0,0.0,60.0,0.00585,0.0,0.12715,0.004287697337242994,0.0036261717429202627,0.00585
Jared Goff,QB,DET,CAR,DET@CAR,False,1.0,,False,21.26105,18.0,24.0,92.0,219.96827350079232,166.85076549316926,262.5409570221263,87.0,1.7355,1.0,2.0,83.0,0.05875,0.05695,0.05875,62,,,,,,,,,,,,,,,,,,0.05695
Jahmyr Gibbs,RB,DET,CAR,DET@CAR,False,1.0,,False,,,,,,,,,,,,,0.96565,0.74835,1.27705,85,109.81395473231845,80.9861005325663,133.52075769409407,86.0,30.026051165287242,14.490763569080853,41.36590107786508,73.0,4.0755,2.0,5.0,78.0,0.3114,20.4511,5.43005,0.7353193782287176,0.17056578397255723,0.74835
Tom Kennedy,WR,DET,CAR,DET@CAR,False,1.0,,False,,,,,,,,,,,,,0.0,0.0144,0.0144,1,0.0,0.0,0.0,60.0,2.9807010993283765,0.0,0.0,60.0,0.2484,0.0,0.0,60.0,0.0144,0.0,0.39475,0.004563660195744673,0.011709040824510464,0.0144
Sam LaPorta,TE,DET,CAR,DET@CAR,False,1.0,,False,,,,,,,,,,,,,0.0,0.34325,0.41265,61,0.0,0.0,0.0,90.0,51.07089700732145,27.84659074876643,68.43963676796524,67.0,5.08635,3.0,7.0,67.0,0.41265,0.0,7.24725,0.004563660195744673,0.1843402705526969,0.34325
Tay Martin,WR,DET,CAR,DET@CAR,False,1.0,,False,,,,,,,,,,,,,0.0,0.01375,0.01375,1,0.0,0.0,0.0,60.0,2.3091717549380943,0.0,0.0,60.0,0.19985,0.0,0.0,60.0,0.01375,0.0,0.3237,0.004563660195744673,0.009676893243397077,0.01375
Jackson Meeks,WR,DET,CAR,DET@CAR,False,1.0,,False,,,,,,,,,,,,,0.0,0.0251,0.02535,2,0.0,0.0,0.0,62.0,5.3933151749106125,0.0,6.846543420594099,24.0,0.45425,0.0,1.0,2.0,0.02535,0.0,0.73135,0.004563660195744673,0.02215271895924376,0.0251
Jacob Saylors,RB,DET,CAR,DET@CAR,False,1.0,,False,,,,,,,,,,,,,0.01145,0.0184,0.0185,1,1.6613151242828812,0.0,0.0,60.0,0.910657457734954,0.0,0.0,60.0,0.1275,0.0,0.0,60.0,0.00705,0.33735,0.17165,0.011988575606114403,0.005250653417118613,0.0184
Amon-Ra St. Brown,WR,DET,CAR,DET@CAR,False,1.0,,False,,,,,,,,,,,,,0.0,0.4468,0.57625,85,0.0,0.0,0.0,97.0,65.11594788685511,37.99454766471018,85.58764134329988,78.0,6.11715,4.0,8.0,80.0,0.57625,0.0,9.78055,0.004563660195744673,0.29254432005340364,0.4468
Isaac TeSlaa,WR,DET,CAR,DET@CAR,False,1.0,,False,,,,,,,,,,,,,0.0,0.12295,0.12995,27,0.0,0.0,0.0,74.0,16.987213860680615,0.0,25.80664207903656,29.0,1.33765,0.0,2.0,30.0,0.12995,0.0,2.2239,0.004563660195744673,0.06617639500570466,0.12295
Sione Vaki,RB,DET,CAR,DET@CAR,False,1.0,,False,,,,,,,,,,,,,0.1456,0.1672,0.1804,16,20.960565708810794,8.011969708971733,28.786567595532585,40.0,4.994267635453592,0.0,7.5688488250274215,25.0,0.692,0.0,1.0,27.0,0.0348,4.1965,0.93115,0.15073081942880007,0.02885744515558088,0.1672
Jameson Williams,WR,DET,CAR,DET@CAR,False,1.0,,False,,,,,,,,,,,,,0.0,0.2035,0.22475,35,0.0,0.0,0.0,87.0,44.744308921686546,19.195201448409726,62.393930072461984,58.0,3.2719,2.0,4.0,69.0,0.22475,0.0,5.3262,0.004563660195744673,0.1587035073771584,0.2035
Brock Wright,TE,DET,CAR,DET@CAR,False,1.0,,False,,,,,,,,,,,,,0.0,0.0646,0.0672,5,0.0,0.0,0.0,65.0,11.253446056412503,0.0,17.346248157905727,19.0,1.1817,0.0,2.0,14.0,0.0672,0.0,1.7869,0.004563660195744673,0.045540475264919195,0.0646
Bryce Young,QB,CAR,DET,DET@CAR,False,0.98,Full,False,22.345535304028182,19.0,25.0,90.0,274.5069977542763,208.65077692688038,327.39766798118546,85.0,1.8665441364170112,1.0,3.0,66.0,0.10016847909327616,0.09511410629499158,0.10016847909327616,60,,,,,,,,,,,,,,,,,,0.09321182416909174
Jalen Coker,WR,CAR,DET,DET@CAR,False,0.6667342299285288,Questionable; Limited,False,,,,,,,,,,,,,0.0,0.3305778856362809,0.3972394964356135,44,0.0,0.0,0.0,63.0,54.433351719101246,26.31882649564338,74.18052353780584,46.0,4.099120279083877,2.0,5.0,49.0,0.3972394964356135,0.0,6.263461246776885,0.0036017860441965605,0.1558458290074983,0.220407592011107
AJ Dillon,RB,CAR,DET,DET@CAR,False,1.0,,False,,,,,,,,,,,,,0.12775,0.1342,0.14295,10,20.137480784580234,7.043524459876944,27.175220084627988,39.0,2.5475028798203145,0.0,0.0,69.0,0.3124,0.0,0.0,69.0,0.0152,4.62935,0.43875,0.13093538301240798,0.008256103728936698,0.1342
Mitchell Evans,TE,CAR,DET,DET@CAR,False,1.0,,False,,,,,,,,,,,,,0.0,0.14195,0.1523,22,0.0,0.0,0.0,70.0,14.751980289963283,0.0,22.35000804641815,24.0,1.35095,0.0,2.0,25.0,0.1523,0.0,1.99515,0.0036017860441965605,0.04145720362657479,0.14195
Feleipe Franks,TE,CAR,DET,DET@CAR,False,1.0,,False,,,,,,,,,,,,,0.0,0.00375,0.0038,1,0.0,0.0,0.0,60.0,0.7028866655935165,0.0,0.0,60.0,0.06465,0.0,0.0,60.0,0.0038,0.0,0.09885,0.0036017860441965605,0.0020209285776467264,0.00375
Jimmy Horn Jr.,WR,CAR,DET,DET@CAR,False,1.0,,False,,,,,,,,,,,,,0.0,0.05375,0.05505,1,0.0,0.0,0.0,61.0,12.348963309972053,0.0,18.872337073753258,15.0,0.9169,0.0,1.0,28.0,0.05505,0.0,1.5156,0.005402679066294841,0.03295347890858793,0.05375
Chuba Hubbard,RB,CAR,DET,DET@CAR,False,0.9508674235277402,Full,False,,,,,,,,,,,,,0.5404127934457224,0.5433538154508691,0.7521138595661992,83,71.18798792388611,47.585023879280754,89.33594129630231,78.0,21.132035509773306,7.197729119957776,30.426240786601063,63.0,2.60726852581272,1.0,4.0,62.0,0.21170106612047687,15.59046268578331,3.5800115540150204,0.48015997382310005,0.06850935130770748,0.5166574425617352
Tetairoa McMillan,WR,CAR,DET,DET@CAR,False,1.0,,False,,,,,,,,,,,,,0.0,0.41715,0.5295,68,0.0,0.0,0.0,97.0,85.13275926829384,46.831447293326036,113.39217976044681,73.0,5.52205,4.0,7.0,80.0,0.5295,0.0,9.53025,0.0036017860441965605,0.2079302471377643,0.41715
John Metchie III,WR,CAR,DET,DET@CAR,False,1.0,,False,,,,,,,,,,,,,0.0,0.1273,0.13445,13,0.0,0.0,0.0,67.0,20.474608016677784,2.459845606574083,30.487284663879016,26.0,1.6739,1.0,2.0,49.0,0.13445,0.0,2.7717,0.004322143253035873,0.059925631516801345,0.1273
David Moore,WR,CAR,DET,DET@CAR,False,1.0,,False,,,,,,,,,,,,,0.0,0.04195,0.0425,2,0.0,0.0,0.0,62.0,9.295796676265992,0.0,13.88945915026962,17.0,0.68145,0.0,1.0,18.0,0.0425,0.0,1.12265,0.005402679066294841,0.024180261720335043,0.04195
Brycen Tremayne,WR,CAR,DET,DET@CAR,False,1.0,,False,,,,,,,,,,,,,0.0,0.05235,0.0535,11,0.0,0.0,0.0,70.0,12.94134077218427,0.0,19.60332307309465,24.0,0.88745,0.0,1.0,36.0,0.0535,0.0,1.45125,0.0036017860441965605,0.03193488024592266,0.05235
Tommy Tremble,TE,CAR,DET,DET@CAR,False,1.0,,False,,,,,,,,,,,,,0.0,0.1907,0.2104,25,0.0,0.0,0.0,78.0,33.81939674407288,13.575521496838345,47.70412338527791,47.0,3.17725,2.0,4.0,59.0,0.2104,0.0,4.7746,0.0036017860441965605,0.09835148777272693,0.1907
Anthony Tyus III,RB,CAR,DET,DET@CAR,False,1.0,,False,,,,,,,,,,,,,0.0,0.00815,0.00825,1,0.0,0.0,0.0,60.0,1.2086130577360443,0.0,0.0,60.0,0.1504,0.0,0.0,60.0,0.00825,0.0,0.20585,0.003548162203347307,0.003987301932070379,0.00815
Darren Waller,TE,CAR,DET,DET@CAR,False,0.9479829842591244,Full,False,,,,,,,,,,,,,0.0,0.2660017941005752,0.30805762228906125,32,0.0,0.0,0.0,77.0,47.26342934423143,22.605154713129636,64.56597453703998,51.0,4.230330853253126,3.0,6.0,56.0,0.30805762228906125,0.0,6.374175505250382,0.0036017860441965605,0.13336362420145703,0.2521651745897444
Michael Penix Jr.,QB,ATL,NO,ATL@NO,False,1.0,,False,17.0994,14.0,20.0,57.0,185.8083071646014,138.75922128854987,223.4901352894759,54.0,1.1334,0.0,2.0,14.0,0.04135,0.04055,0.04135,26,,,,,,,,,,,,,,,,,,0.04055
Chris Blair,WR,ATL,NO,ATL@NO,False,1.0,,False,,,,,,,,,,,,,0.0,0.0335,0.03395,5,0.0,0.0,0.0,65.0,6.370026994487888,0.0,9.008477262482183,22.0,0.52865,0.0,1.0,8.0,0.03395,0.0,0.8739,0.003686234688171161,0.029359713507702022,0.0335
Zachariah Branch,WR,ATL,NO,ATL@NO,False,1.0,,False,,,,,,,,,,,,,0.0,0.0472,0.0484,7,0.0,0.0,0.0,66.0,8.59372437803416,0.0,13.131890715496459,21.0,0.7384,0.0,1.0,26.0,0.0484,0.0,1.2153,0.003686234688171161,0.0412946700509672,0.0472
Jahan Dotson,WR,ATL,NO,ATL@NO,False,1.0,,False,,,,,,,,,,,,,0.0,0.127,0.13465,18,0.0,0.0,0.0,76.0,23.081416153773414,5.936396046124319,34.17853928794394,39.0,1.9502,1.0,3.0,45.0,0.13465,0.0,3.38285,0.003686234688171161,0.11497225072911339,0.127
Austin Hooper,TE,ATL,NO,ATL@NO,False,1.0,,False,,,,,,,,,,,,,0.0,0.1185,0.12505,16,0.0,0.0,0.0,70.0,11.360755011924642,0.0,17.670010747632286,23.0,1.15785,0.0,2.0,18.0,0.12505,0.0,1.7354,0.003686234688171161,0.05920537550407646,0.1185
Drake London,WR,ATL,NO,ATL@NO,False,1.0,,False,,,,,,,,,,,,,0.00775,0.2711,0.31015,33,1.8346773797257898,0.0,0.0,90.0,66.95925324351848,36.22246497120589,89.77336254282962,66.0,4.74115,3.0,6.0,71.0,0.3024,0.378,7.7316,0.011489755701436724,0.2610326419999095,0.2711
Nick Muse,TE,ATL,NO,ATL@NO,False,1.0,,False,,,,,,,,,,,,,0.0,0.0091,0.0092,1,0.0,0.0,0.0,60.0,1.3384546567568478,0.0,0.0,60.0,0.1383,0.0,0.0,60.0,0.0092,0.0,0.21115,0.003686234688171161,0.007150789762353575,0.0091
Kyle Pitts,TE,ATL,NO,ATL@NO,False,1.0,,False,,,,,,,,,,,,,0.0,0.1565,0.1697,11,0.0,0.0,0.0,70.0,28.09864030853829,11.254255221669844,40.00782699807745,39.0,2.8667,2.0,4.0,49.0,0.1697,0.0,4.32665,0.003686234688171161,0.14632157177459895,0.1565
Bijan Robinson,RB,ATL,NO,ATL@NO,False,1.0,,False,,,,,,,,,,,,,0.51105,0.5325,0.7248,85,94.07965884917539,67.00889000421043,116.25591701270474,84.0,30.517093089008203,14.696560226260578,42.00500045138129,73.0,3.8307,2.0,5.0,77.0,0.21375,17.185,5.32215,0.531278601853038,0.20319122728193406,0.5325
Brian Robinson,RB,ATL,NO,ATL@NO,False,1.0,,False,,,,,,,,,,,,,0.1751,0.18,0.19605,30,36.42929904636616,19.246860572817898,48.61032040425758,58.0,2.719719256519664,0.0,2.557264878921994,54.0,0.37725,0.0,1.0,23.0,0.02095,7.5824,0.52695,0.23370088360555538,0.019608096488972607,0.18
Charlie Woerner,TE,ATL,NO,ATL@NO,False,1.0,,False,,,,,,,,,,,,,0.0,0.0173,0.0175,2,0.0,0.0,0.0,62.0,2.733894594737285,0.0,0.0,62.0,0.28375,0.0,0.0,62.0,0.0175,0.0,0.43,0.003686234688171161,0.014721993370818004,0.0173
Olamide Zaccheaus,WR,ATL,NO,ATL@NO,False,1.0,,False,,,,,,,,,,,,,0.0,0.1077,0.1131,11,0.0,0.0,0.0,70.0,17.147855614669943,2.96808989301017,25.667281825377163,30.0,1.683,1.0,2.0,52.0,0.1131,0.0,2.7913,0.003686234688171161,0.0944351738251504,0.1077
Tyler Shough,QB,NO,ATL,ATL@NO,False,1.0,,False,21.89115,19.0,25.0,92.0,238.19947123148535,181.0948229355909,284.09170539430875,87.0,1.8963,1.0,3.0,68.0,0.1399,0.1309,0.1399,62,,,,,,,,,,,,,,,,,,0.1309
Kevin Austin Jr.,WR,NO,ATL,ATL@NO,False,1.0,,False,,,,,,,,,,,,,0.0,0.06635,0.06865,2,0.0,0.0,0.0,62.0,12.4315779805521,0.0,19.29443176014398,15.0,0.9925,0.0,2.0,2.0,0.06865,0.0,1.73305,0.003332389871668485,0.044291850698501146,0.06635
Barion Brown,WR,NO,ATL,ATL@NO,False,0.9575230478992892,Limited,False,,,,,,,,,,,,,0.007564296520423601,0.02149303563044499,0.021753873441494077,1,1.655614274285962,0.0,0.0,57.0,2.5970014002333546,0.0,0.0,57.0,0.20387083311596849,0.0,0.0,57.0,0.01418957692107048,0.3970473159789243,0.35119202879649436,0.009330691640671757,0.009074282181376526,0.020580076985471707
Oscar Delp,TE,NO,ATL,ATL@NO,False,1.0,,False,,,,,,,,,,,,,0.0,0.02855,0.02895,1,0.0,0.0,0.0,61.0,4.706560504401143,0.0,5.680739124743969,25.0,0.4692,0.0,1.0,1.0,0.02895,0.0,0.7372,0.003998867846002182,0.01677375977595977,0.02855
CJ Donaldson,RB,NO,ATL,ATL@NO,False,1.0,,False,,,,,,,,,,,,,0.05435,0.0755,0.07805,11,6.410348231748418,0.0,8.461135948260726,26.0,2.872487989156007,0.0,2.5605604880732953,39.0,0.38665,0.0,1.0,5.0,0.0237,1.6254,0.54965,0.03908062596400464,0.013371007488053786,0.0755
Noah Fant,TE,NO,ATL,ATL@NO,False,0.9575230478992892,Limited,False,,,,,,,,,,,,,0.0,0.19950777609048542,0.22013928889354348,36,0.0,0.0,0.0,76.0,19.752886262473446,4.7171944131564345,29.226702798105663,40.0,2.008797193276431,1.0,3.0,47.0,0.22013928889354348,0.0,3.0762947059747603,0.003332389871668485,0.07077182565309295,0.19103329384177054
Juwan Johnson,TE,NO,ATL,ATL@NO,False,1.0,,False,,,,,,,,,,,,,0.0,0.39715,0.49095,66,0.0,0.0,0.0,90.0,51.45083363259348,27.43388046879755,69.55721562505698,66.0,4.84455,3.0,6.0,72.0,0.49095,0.0,7.39435,0.003332389871668485,0.1697533667800427,0.39715
Alvin Kamara,RB,NO,ATL,ATL@NO,False,1.0,,False,,,,,,,,,,,,,0.2007,0.33485,0.4029,36,40.07569516904921,22.25792089640489,52.23220235314923,55.0,21.17724073039347,8.495329026867926,29.972851763729693,47.0,3.13355,2.0,4.0,59.0,0.2022,11.0541,4.33155,0.26317348302825083,0.1033163552853583,0.33485
Bryce Lance,WR,NO,ATL,ATL@NO,False,1.0,,False,,,,,,,,,,,,,0.0,0.06415,0.06625,14,0.0,0.0,0.0,73.0,12.926014532284366,0.0,20.119371388378383,26.0,1.02125,0.0,2.0,14.0,0.06625,0.0,1.75765,0.003332389871668485,0.04472201059179554,0.06415
Kendre Miller,RB,NO,ATL,ATL@NO,False,1.0,,False,,,,,,,,,,,,,0.18585,0.20655,0.2281,23,27.95323269794356,13.395644525726297,37.36691273808723,45.0,5.786951767716268,0.0,8.995194635278487,24.0,0.7751,0.0,1.0,32.0,0.04225,7.2471,1.1103,0.17286051574649386,0.026414792220666394,0.20655
Jalen Cropper,WR,NO,ATL,ATL@NO,False,1.0,,False,,,,,,,,,,,,,0.0,0.01335,0.01345,1,0.0,0.0,0.0,60.0,2.7177838794257894,0.0,0.0,60.0,0.2142,0.0,0.0,60.0,0.01345,0.0,0.3629,0.0049985848075027265,0.009020588203971934,0.01335
Chris Olave,WR,NO,ATL,ATL@NO,False,1.0,,False,,,,,,,,,,,,,0.0,0.4203,0.53025,66,0.0,0.0,0.0,97.0,82.06599614124768,47.58918655514783,107.8495427575532,78.0,6.3338,4.0,8.0,81.0,0.53025,0.0,10.4322,0.003332389871668485,0.2664160110167168,0.4203
Devaughn Vele,WR,NO,ATL,ATL@NO,False,1.0,,False,,,,,,,,,,,,,0.0,0.25595,0.291,55,0.0,0.0,0.0,95.0,36.531532440742446,14.676377875127747,51.89626892261897,65.0,3.0464,2.0,4.0,76.0,0.291,0.0,5.11195,0.003332389871668485,0.13046428301322247,0.25595
Treyton Welch,TE,NO,ATL,ATL@NO,False,1.0,,False,,,,,,,,,,,,,0.0,0.0071,0.00715,1,0.0,0.0,0.0,60.0,1.253423020821837,0.0,0.0,60.0,0.1224,0.0,0.0,60.0,0.00715,0.0,0.1896,0.003998867846002182,0.004365721037379572,0.0071
