player,team,opp,pos,game,market,prob,fair_odds,rush_td_mean,rec_td_mean,confidence,injury_flag,key_drivers,p_active,note
Aaron Rodgers,PIT,CLE,QB,PIT@CLE,anytime_td,0.01895,5177.0,0.01905,0.0,B,-,team att 36.7; ypa 6.68; opp d_ypa 0.99; pass rate 63.7%,1.0,PLAYED (final score in nflverse)
Aaron Rodgers,PIT,CLE,QB,PIT@CLE,first_td,0.004379464285714285,22734.0,0.01905,0.0,B,-,team att 36.7; ypa 6.68; opp d_ypa 0.99; pass rate 63.7%,1.0,PLAYED (final score in nflverse)
Aaron Rodgers,PIT,CLE,QB,PIT@CLE,last_td,0.004379464285714285,22734.0,0.01905,0.0,B,-,team att 36.7; ypa 6.68; opp d_ypa 0.99; pass rate 63.7%,1.0,PLAYED (final score in nflverse)
Aaron Rodgers,PIT,CLE,QB,PIT@CLE,2plus_td,0.0001,999900.0,0.01905,0.0,B,-,team att 36.7; ypa 6.68; opp d_ypa 0.99; pass rate 63.7%,1.0,PLAYED (final score in nflverse)
Germie Bernard,PIT,CLE,WR,PIT@CLE,anytime_td,0.1253,698.0,0.0,0.1338,C,-,tgt_sh 4.9%; team att 36.7; opp DvP 0.96; RZ tgt 2,1.0,PLAYED (final score in nflverse)
Germie Bernard,PIT,CLE,WR,PIT@CLE,first_td,0.029511466450216448,3289.0,0.0,0.1338,C,-,tgt_sh 4.9%; team att 36.7; opp DvP 0.96; RZ tgt 2,1.0,PLAYED (final score in nflverse)
Germie Bernard,PIT,CLE,WR,PIT@CLE,last_td,0.029511466450216448,3289.0,0.0,0.1338,C,-,tgt_sh 4.9%; team att 36.7; opp DvP 0.96; RZ tgt 2,1.0,PLAYED (final score in nflverse)
Germie Bernard,PIT,CLE,WR,PIT@CLE,2plus_td,0.0083,11948.0,0.0,0.1338,C,-,tgt_sh 4.9%; team att 36.7; opp DvP 0.96; RZ tgt 2,1.0,PLAYED (final score in nflverse)
Pat Freiermuth,PIT,CLE,TE,PIT@CLE,anytime_td,0.2468,305.0,0.0049,0.27545,B,-,tgt_sh 13.2%; team att 36.7; opp DvP 0.90; RZ tgt 3,1.0,PLAYED (final score in nflverse)
Pat Freiermuth,PIT,CLE,TE,PIT@CLE,first_td,0.06206710317460318,1511.0,0.0049,0.27545,B,-,tgt_sh 13.2%; team att 36.7; opp DvP 0.90; RZ tgt 3,1.0,PLAYED (final score in nflverse)
Pat Freiermuth,PIT,CLE,TE,PIT@CLE,last_td,0.06206710317460318,1511.0,0.0049,0.27545,B,-,tgt_sh 13.2%; team att 36.7; opp DvP 0.90; RZ tgt 3,1.0,PLAYED (final score in nflverse)
Pat Freiermuth,PIT,CLE,TE,PIT@CLE,2plus_td,0.0309,3136.0,0.0049,0.27545,B,-,tgt_sh 13.2%; team att 36.7; opp DvP 0.90; RZ tgt 3,1.0,PLAYED (final score in nflverse)
Travis Homer,PIT,CLE,RB,PIT@CLE,anytime_td,0.0547,1728.0,0.0472,0.00895,C,-,w_td 0.11; team TD 2.14,1.0,PLAYED (final score in nflverse)
Travis Homer,PIT,CLE,RB,PIT@CLE,first_td,0.012243775252525253,8067.0,0.0472,0.00895,C,-,w_td 0.11; team TD 2.14,1.0,PLAYED (final score in nflverse)
Travis Homer,PIT,CLE,RB,PIT@CLE,last_td,0.012243775252525253,8067.0,0.0472,0.00895,C,-,w_td 0.11; team TD 2.14,1.0,PLAYED (final score in nflverse)
Travis Homer,PIT,CLE,RB,PIT@CLE,2plus_td,0.00145,68866.0,0.0472,0.00895,C,-,w_td 0.11; team TD 2.14,1.0,PLAYED (final score in nflverse)
DK Metcalf,PIT,CLE,WR,PIT@CLE,anytime_td,0.296,238.0,0.0,0.34535,B,-,tgt_sh 22.2%; team att 36.7; opp DvP 0.96; RZ tgt 1,1.0,PLAYED (final score in nflverse)
DK Metcalf,PIT,CLE,WR,PIT@CLE,first_td,0.0755621626984127,1223.0,0.0,0.34535,B,-,tgt_sh 22.2%; team att 36.7; opp DvP 0.96; RZ tgt 1,1.0,PLAYED (final score in nflverse)
DK Metcalf,PIT,CLE,WR,PIT@CLE,last_td,0.0755621626984127,1223.0,0.0,0.34535,B,-,tgt_sh 22.2%; team att 36.7; opp DvP 0.96; RZ tgt 1,1.0,PLAYED (final score in nflverse)
DK Metcalf,PIT,CLE,WR,PIT@CLE,2plus_td,0.0447,2137.0,0.0,0.34535,B,-,tgt_sh 22.2%; team att 36.7; opp DvP 0.96; RZ tgt 1,1.0,PLAYED (final score in nflverse)
Lew Nichols III,PIT,CLE,RB,PIT@CLE,anytime_td,0.03445,2803.0,0.0258,0.00915,C,-,w_td 0.06; team TD 2.14,1.0,PLAYED (final score in nflverse)
Lew Nichols III,PIT,CLE,RB,PIT@CLE,first_td,0.007669924242424241,12938.0,0.0258,0.00915,C,-,w_td 0.06; team TD 2.14,1.0,PLAYED (final score in nflverse)
Lew Nichols III,PIT,CLE,RB,PIT@CLE,last_td,0.007669924242424241,12938.0,0.0258,0.00915,C,-,w_td 0.06; team TD 2.14,1.0,PLAYED (final score in nflverse)
Lew Nichols III,PIT,CLE,RB,PIT@CLE,2plus_td,0.0005,199900.0,0.0258,0.00915,C,-,w_td 0.06; team TD 2.14,1.0,PLAYED (final score in nflverse)
Michael Pittman,PIT,CLE,WR,PIT@CLE,anytime_td,0.17185,482.0,0.0,0.18655,C,-,tgt_sh 13.5%; team att 36.7; opp DvP 0.96; RZ tgt 0,1.0,PLAYED (final score in nflverse)
Michael Pittman,PIT,CLE,WR,PIT@CLE,first_td,0.04082219877344877,2350.0,0.0,0.18655,C,-,tgt_sh 13.5%; team att 36.7; opp DvP 0.96; RZ tgt 0,1.0,PLAYED (final score in nflverse)
Michael Pittman,PIT,CLE,WR,PIT@CLE,last_td,0.04082219877344877,2350.0,0.0,0.18655,C,-,tgt_sh 13.5%; team att 36.7; opp DvP 0.96; RZ tgt 0,1.0,PLAYED (final score in nflverse)
Michael Pittman,PIT,CLE,WR,PIT@CLE,2plus_td,0.01375,7173.0,0.0,0.18655,C,-,tgt_sh 13.5%; team att 36.7; opp DvP 0.96; RZ tgt 0,1.0,PLAYED (final score in nflverse)
Ben Skowronek,PIT,CLE,WR,PIT@CLE,anytime_td,0.0595,1581.0,0.0,0.0614,C,-,w_td 0.03; team TD 2.14,1.0,PLAYED (final score in nflverse)
Ben Skowronek,PIT,CLE,WR,PIT@CLE,first_td,0.013491993145743146,7312.0,0.0,0.0614,C,-,w_td 0.03; team TD 2.14,1.0,PLAYED (final score in nflverse)
Ben Skowronek,PIT,CLE,WR,PIT@CLE,last_td,0.013491993145743146,7312.0,0.0,0.0614,C,-,w_td 0.03; team TD 2.14,1.0,PLAYED (final score in nflverse)
Ben Skowronek,PIT,CLE,WR,PIT@CLE,2plus_td,0.0018,55456.0,0.0,0.0614,C,-,w_td 0.03; team TD 2.14,1.0,PLAYED (final score in nflverse)
Robert Tonyan,PIT,CLE,TE,PIT@CLE,anytime_td,0.04015,2391.0,0.0,0.04075,C,-,w_td 0.02; team TD 2.14,1.0,PLAYED (final score in nflverse)
Robert Tonyan,PIT,CLE,TE,PIT@CLE,first_td,0.009131194083694083,10851.0,0.0,0.04075,C,-,w_td 0.02; team TD 2.14,1.0,PLAYED (final score in nflverse)
Robert Tonyan,PIT,CLE,TE,PIT@CLE,last_td,0.009131194083694083,10851.0,0.0,0.04075,C,-,w_td 0.02; team TD 2.14,1.0,PLAYED (final score in nflverse)
Robert Tonyan,PIT,CLE,TE,PIT@CLE,2plus_td,0.0006,166567.0,0.0,0.04075,C,-,w_td 0.02; team TD 2.14,1.0,PLAYED (final score in nflverse)
Jaylen Warren,PIT,CLE,RB,PIT@CLE,anytime_td,0.41715,140.0,0.2059,0.31695,B,-,tgt_sh 11.9%; team att 36.7; opp DvP 1.05; RZ tgt 4; car_sh 47.8%; team rush 22.7; opp d_ypc 1.05; inside-10 car 0,1.0,PLAYED (final score in nflverse)
Jaylen Warren,PIT,CLE,RB,PIT@CLE,first_td,0.11585142496392496,763.0,0.2059,0.31695,B,-,tgt_sh 11.9%; team att 36.7; opp DvP 1.05; RZ tgt 4; car_sh 47.8%; team rush 22.7; opp d_ypc 1.05; inside-10 car 0,1.0,PLAYED (final score in nflverse)
Jaylen Warren,PIT,CLE,RB,PIT@CLE,last_td,0.11585142496392496,763.0,0.2059,0.31695,B,-,tgt_sh 11.9%; team att 36.7; opp DvP 1.05; RZ tgt 4; car_sh 47.8%; team rush 22.7; opp d_ypc 1.05; inside-10 car 0,1.0,PLAYED (final score in nflverse)
Jaylen Warren,PIT,CLE,RB,PIT@CLE,2plus_td,0.09055,1004.0,0.2059,0.31695,B,-,tgt_sh 11.9%; team att 36.7; opp DvP 1.05; RZ tgt 4; car_sh 47.8%; team rush 22.7; opp d_ypc 1.05; inside-10 car 0,1.0,PLAYED (final score in nflverse)
Darnell Washington,PIT,CLE,TE,PIT@CLE,anytime_td,0.1576,535.0,0.0,0.1719,C,-,tgt_sh 8.0%; team att 36.7; opp DvP 0.90; RZ tgt 2,1.0,PLAYED (final score in nflverse)
Darnell Washington,PIT,CLE,TE,PIT@CLE,first_td,0.03788431998556998,2540.0,0.0,0.1719,C,-,tgt_sh 8.0%; team att 36.7; opp DvP 0.90; RZ tgt 2,1.0,PLAYED (final score in nflverse)
Darnell Washington,PIT,CLE,TE,PIT@CLE,last_td,0.03788431998556998,2540.0,0.0,0.1719,C,-,tgt_sh 8.0%; team att 36.7; opp DvP 0.90; RZ tgt 2,1.0,PLAYED (final score in nflverse)
Darnell Washington,PIT,CLE,TE,PIT@CLE,2plus_td,0.0136,7253.0,0.0,0.1719,C,-,tgt_sh 8.0%; team att 36.7; opp DvP 0.90; RZ tgt 2,1.0,PLAYED (final score in nflverse)
Roman Wilson,PIT,CLE,WR,PIT@CLE,anytime_td,0.21135,373.0,0.0,0.2321,B,-,tgt_sh 12.0%; team att 36.7; opp DvP 0.96; RZ tgt 2,1.0,PLAYED (final score in nflverse)
Roman Wilson,PIT,CLE,WR,PIT@CLE,first_td,0.051350048701298695,1847.0,0.0,0.2321,B,-,tgt_sh 12.0%; team att 36.7; opp DvP 0.96; RZ tgt 2,1.0,PLAYED (final score in nflverse)
Roman Wilson,PIT,CLE,WR,PIT@CLE,last_td,0.051350048701298695,1847.0,0.0,0.2321,B,-,tgt_sh 12.0%; team att 36.7; opp DvP 0.96; RZ tgt 2,1.0,PLAYED (final score in nflverse)
Roman Wilson,PIT,CLE,WR,PIT@CLE,2plus_td,0.01955,5015.0,0.0,0.2321,B,-,tgt_sh 12.0%; team att 36.7; opp DvP 0.96; RZ tgt 2,1.0,PLAYED (final score in nflverse)
Deshaun Watson,CLE,PIT,QB,PIT@CLE,anytime_td,0.1309,664.0,0.13965,0.0,B,-,team att 29.8; ypa 7.66; opp d_ypa 1.05; pass rate 55.7%,1.0,PLAYED (final score in nflverse)
Deshaun Watson,CLE,PIT,QB,PIT@CLE,first_td,0.03138979978354978,3086.0,0.13965,0.0,B,-,team att 29.8; ypa 7.66; opp d_ypa 1.05; pass rate 55.7%,1.0,PLAYED (final score in nflverse)
Deshaun Watson,CLE,PIT,QB,PIT@CLE,last_td,0.03138979978354978,3086.0,0.13965,0.0,B,-,team att 29.8; ypa 7.66; opp d_ypa 1.05; pass rate 55.7%,1.0,PLAYED (final score in nflverse)
Deshaun Watson,CLE,PIT,QB,PIT@CLE,2plus_td,0.00855,11596.0,0.13965,0.0,B,-,team att 29.8; ypa 7.66; opp d_ypa 1.05; pass rate 55.7%,1.0,PLAYED (final score in nflverse)
Isaiah Bond,CLE,PIT,WR,PIT@CLE,anytime_td,0.04835,1968.0,0.0,0.0497,C,-,w_td 0.03; team TD 2.14,1.0,PLAYED (final score in nflverse)
Isaiah Bond,CLE,PIT,WR,PIT@CLE,first_td,0.010674691558441559,9268.0,0.0,0.0497,C,-,w_td 0.03; team TD 2.14,1.0,PLAYED (final score in nflverse)
Isaiah Bond,CLE,PIT,WR,PIT@CLE,last_td,0.010674691558441559,9268.0,0.0,0.0497,C,-,w_td 0.03; team TD 2.14,1.0,PLAYED (final score in nflverse)
Isaiah Bond,CLE,PIT,WR,PIT@CLE,2plus_td,0.00135,73974.0,0.0,0.0497,C,-,w_td 0.03; team TD 2.14,1.0,PLAYED (final score in nflverse)
Denzel Boston,CLE,PIT,WR,PIT@CLE,anytime_td,0.22845,338.0,0.0,0.25625,B,-,tgt_sh 14.5%; team att 29.8; opp DvP 1.06; RZ tgt 3,1.0,PLAYED (final score in nflverse)
Denzel Boston,CLE,PIT,WR,PIT@CLE,first_td,0.05662085858585858,1666.0,0.0,0.25625,B,-,tgt_sh 14.5%; team att 29.8; opp DvP 1.06; RZ tgt 3,1.0,PLAYED (final score in nflverse)
Denzel Boston,CLE,PIT,WR,PIT@CLE,last_td,0.05662085858585858,1666.0,0.0,0.25625,B,-,tgt_sh 14.5%; team att 29.8; opp DvP 1.06; RZ tgt 3,1.0,PLAYED (final score in nflverse)
Denzel Boston,CLE,PIT,WR,PIT@CLE,2plus_td,0.0261,3731.0,0.0,0.25625,B,-,tgt_sh 14.5%; team att 29.8; opp DvP 1.06; RZ tgt 3,1.0,PLAYED (final score in nflverse)
Michael Burton,CLE,PIT,RB,PIT@CLE,anytime_td,0.0164,5998.0,0.00575,0.0107,C,-,w_td 0.01; team TD 2.14,1.0,PLAYED (final score in nflverse)
Michael Burton,CLE,PIT,RB,PIT@CLE,first_td,0.0036326190476190477,27428.0,0.00575,0.0107,C,-,w_td 0.01; team TD 2.14,1.0,PLAYED (final score in nflverse)
Michael Burton,CLE,PIT,RB,PIT@CLE,last_td,0.0036326190476190477,27428.0,0.00575,0.0107,C,-,w_td 0.01; team TD 2.14,1.0,PLAYED (final score in nflverse)
Michael Burton,CLE,PIT,RB,PIT@CLE,2plus_td,5e-05,999900.0,0.00575,0.0107,C,-,w_td 0.01; team TD 2.14,1.0,PLAYED (final score in nflverse)
KC Concepcion,CLE,PIT,WR,PIT@CLE,anytime_td,0.2993,234.0,0.0138,0.3335,B,-,tgt_sh 20.8%; team att 29.8; opp DvP 1.06; RZ tgt 3,1.0,PLAYED (final score in nflverse)
KC Concepcion,CLE,PIT,WR,PIT@CLE,first_td,0.0766340367965368,1205.0,0.0138,0.3335,B,-,tgt_sh 20.8%; team att 29.8; opp DvP 1.06; RZ tgt 3,1.0,PLAYED (final score in nflverse)
KC Concepcion,CLE,PIT,WR,PIT@CLE,last_td,0.0766340367965368,1205.0,0.0138,0.3335,B,-,tgt_sh 20.8%; team att 29.8; opp DvP 1.06; RZ tgt 3,1.0,PLAYED (final score in nflverse)
KC Concepcion,CLE,PIT,WR,PIT@CLE,2plus_td,0.0446,2142.0,0.0138,0.3335,B,-,tgt_sh 20.8%; team att 29.8; opp DvP 1.06; RZ tgt 3,1.0,PLAYED (final score in nflverse)
Malachi Corley,CLE,PIT,WR,PIT@CLE,anytime_td,0.0201,4875.0,0.0,0.02035,C,-,w_td 0.02; team TD 2.14,1.0,PLAYED (final score in nflverse)
Malachi Corley,CLE,PIT,WR,PIT@CLE,first_td,0.0043629599567099565,22820.0,0.0,0.02035,C,-,w_td 0.02; team TD 2.14,1.0,PLAYED (final score in nflverse)
Malachi Corley,CLE,PIT,WR,PIT@CLE,last_td,0.0043629599567099565,22820.0,0.0,0.02035,C,-,w_td 0.02; team TD 2.14,1.0,PLAYED (final score in nflverse)
Malachi Corley,CLE,PIT,WR,PIT@CLE,2plus_td,0.00025,399900.0,0.0,0.02035,C,-,w_td 0.02; team TD 2.14,1.0,PLAYED (final score in nflverse)
Harold Fannin Jr.,CLE,PIT,TE,PIT@CLE,anytime_td,0.27,270.0,0.0,0.31225,B,-,tgt_sh 18.9%; team att 29.8; opp DvP 1.07; RZ tgt 3,1.0,PLAYED (final score in nflverse)
Harold Fannin Jr.,CLE,PIT,TE,PIT@CLE,first_td,0.06830093795093795,1364.0,0.0,0.31225,B,-,tgt_sh 18.9%; team att 29.8; opp DvP 1.07; RZ tgt 3,1.0,PLAYED (final score in nflverse)
Harold Fannin Jr.,CLE,PIT,TE,PIT@CLE,last_td,0.06830093795093795,1364.0,0.0,0.31225,B,-,tgt_sh 18.9%; team att 29.8; opp DvP 1.07; RZ tgt 3,1.0,PLAYED (final score in nflverse)
Harold Fannin Jr.,CLE,PIT,TE,PIT@CLE,2plus_td,0.0383,2511.0,0.0,0.31225,B,-,tgt_sh 18.9%; team att 29.8; opp DvP 1.07; RZ tgt 3,1.0,PLAYED (final score in nflverse)
Jerry Jeudy,CLE,PIT,WR,PIT@CLE,anytime_td,0.12205,719.0,0.0,0.12855,C,-,tgt_sh 11.0%; team att 29.8; opp DvP 1.06; RZ tgt 0,1.0,PLAYED (final score in nflverse)
Jerry Jeudy,CLE,PIT,WR,PIT@CLE,first_td,0.028984218975468976,3350.0,0.0,0.12855,C,-,tgt_sh 11.0%; team att 29.8; opp DvP 1.06; RZ tgt 0,1.0,PLAYED (final score in nflverse)
Jerry Jeudy,CLE,PIT,WR,PIT@CLE,last_td,0.028984218975468976,3350.0,0.0,0.12855,C,-,tgt_sh 11.0%; team att 29.8; opp DvP 1.06; RZ tgt 0,1.0,PLAYED (final score in nflverse)
Jerry Jeudy,CLE,PIT,WR,PIT@CLE,2plus_td,0.00645,15404.0,0.0,0.12855,C,-,tgt_sh 11.0%; team att 29.8; opp DvP 1.06; RZ tgt 0,1.0,PLAYED (final score in nflverse)
Quinshon Judkins,CLE,PIT,RB,PIT@CLE,anytime_td,0.4464,124.0,0.3836,0.19125,B,-,tgt_sh 9.9%; team att 29.8; opp DvP 0.92; RZ tgt 3; car_sh 51.3%; team rush 26.3; opp d_ypc 1.02; inside-10 car 4,1.0,PLAYED (final score in nflverse)
Quinshon Judkins,CLE,PIT,RB,PIT@CLE,first_td,0.1265008333333333,691.0,0.3836,0.19125,B,-,tgt_sh 9.9%; team att 29.8; opp DvP 0.92; RZ tgt 3; car_sh 51.3%; team rush 26.3; opp d_ypc 1.02; inside-10 car 4,1.0,PLAYED (final score in nflverse)
Quinshon Judkins,CLE,PIT,RB,PIT@CLE,last_td,0.1265008333333333,691.0,0.3836,0.19125,B,-,tgt_sh 9.9%; team att 29.8; opp DvP 0.92; RZ tgt 3; car_sh 51.3%; team rush 26.3; opp d_ypc 1.02; inside-10 car 4,1.0,PLAYED (final score in nflverse)
Quinshon Judkins,CLE,PIT,RB,PIT@CLE,2plus_td,0.1104,806.0,0.3836,0.19125,B,-,tgt_sh 9.9%; team att 29.8; opp DvP 0.92; RZ tgt 3; car_sh 51.3%; team rush 26.3; opp d_ypc 1.02; inside-10 car 4,1.0,PLAYED (final score in nflverse)
Jaleel McLaughlin,CLE,PIT,RB,PIT@CLE,anytime_td,0.04975,1910.0,0.0362,0.015,C,-,w_td 0.06; team TD 2.14,1.0,PLAYED (final score in nflverse)
Jaleel McLaughlin,CLE,PIT,RB,PIT@CLE,first_td,0.011187287157287156,8839.0,0.0362,0.015,C,-,w_td 0.06; team TD 2.14,1.0,PLAYED (final score in nflverse)
Jaleel McLaughlin,CLE,PIT,RB,PIT@CLE,last_td,0.011187287157287156,8839.0,0.0362,0.015,C,-,w_td 0.06; team TD 2.14,1.0,PLAYED (final score in nflverse)
Jaleel McLaughlin,CLE,PIT,RB,PIT@CLE,2plus_td,0.00145,68866.0,0.0362,0.015,C,-,w_td 0.06; team TD 2.14,1.0,PLAYED (final score in nflverse)
Raheim Sanders,CLE,PIT,RB,PIT@CLE,anytime_td,0.13045,667.0,0.05595,0.0835,C,-,tgt_sh 8.0%; team att 29.8; opp DvP 0.92; RZ tgt 0; car_sh 9.5%; team rush 26.3; opp d_ypc 1.02; inside-10 car 0,1.0,PLAYED (final score in nflverse)
Raheim Sanders,CLE,PIT,RB,PIT@CLE,first_td,0.03134102633477634,3091.0,0.05595,0.0835,C,-,tgt_sh 8.0%; team att 29.8; opp DvP 0.92; RZ tgt 0; car_sh 9.5%; team rush 26.3; opp d_ypc 1.02; inside-10 car 0,1.0,PLAYED (final score in nflverse)
Raheim Sanders,CLE,PIT,RB,PIT@CLE,last_td,0.03134102633477634,3091.0,0.05595,0.0835,C,-,tgt_sh 8.0%; team att 29.8; opp DvP 0.92; RZ tgt 0; car_sh 9.5%; team rush 26.3; opp d_ypc 1.02; inside-10 car 0,1.0,PLAYED (final score in nflverse)
Raheim Sanders,CLE,PIT,RB,PIT@CLE,2plus_td,0.0088,11264.0,0.05595,0.0835,C,-,tgt_sh 8.0%; team att 29.8; opp DvP 0.92; RZ tgt 0; car_sh 9.5%; team rush 26.3; opp d_ypc 1.02; inside-10 car 0,1.0,PLAYED (final score in nflverse)
Blake Whiteheart,CLE,PIT,TE,PIT@CLE,anytime_td,0.0531,1783.0,0.0,0.05405,C,-,w_td 0.04; team TD 2.14,1.0,PLAYED (final score in nflverse)
Blake Whiteheart,CLE,PIT,TE,PIT@CLE,first_td,0.011648556998556998,8485.0,0.0,0.05405,C,-,w_td 0.04; team TD 2.14,1.0,PLAYED (final score in nflverse)
Blake Whiteheart,CLE,PIT,TE,PIT@CLE,last_td,0.011648556998556998,8485.0,0.0,0.05405,C,-,w_td 0.04; team TD 2.14,1.0,PLAYED (final score in nflverse)
Blake Whiteheart,CLE,PIT,TE,PIT@CLE,2plus_td,0.00095,105163.0,0.0,0.05405,C,-,w_td 0.04; team TD 2.14,1.0,PLAYED (final score in nflverse)
Daniel Jones,IND,WAS,QB,IND@WAS,anytime_td,0.082,1120.0,0.0866,0.0,B,-,team att 31.9; ypa 7.39; opp d_ypa 1.10; pass rate 55.5%,1.0,INTL neutral site
Daniel Jones,IND,WAS,QB,IND@WAS,first_td,0.015275179126429126,6447.0,0.0866,0.0,B,-,team att 31.9; ypa 7.39; opp d_ypa 1.10; pass rate 55.5%,1.0,INTL neutral site
Daniel Jones,IND,WAS,QB,IND@WAS,last_td,0.015275179126429126,6447.0,0.0866,0.0,B,-,team att 31.9; ypa 7.39; opp d_ypa 1.10; pass rate 55.5%,1.0,INTL neutral site
Daniel Jones,IND,WAS,QB,IND@WAS,2plus_td,0.00415,23996.0,0.0866,0.0,B,-,team att 31.9; ypa 7.39; opp d_ypa 1.10; pass rate 55.5%,1.0,INTL neutral site
Mo Alie-Cox,IND,WAS,TE,IND@WAS,anytime_td,0.03790594685786588,2538.0,0.0,0.03890763390974272,C,no game designation yet (Full),w_td 0.02; team TD 2.74,0.9479829842591244,INTL neutral site
Mo Alie-Cox,IND,WAS,TE,IND@WAS,first_td,0.0068828034810215315,14429.0,0.0,0.03890763390974272,C,no game designation yet (Full),w_td 0.02; team TD 2.74,0.9479829842591244,INTL neutral site
Mo Alie-Cox,IND,WAS,TE,IND@WAS,last_td,0.0068828034810215315,14429.0,0.0,0.03890763390974272,C,no game designation yet (Full),w_td 0.02; team TD 2.74,0.9479829842591244,INTL neutral site
Mo Alie-Cox,IND,WAS,TE,IND@WAS,2plus_td,0.0010016870518768453,99732.0,0.0,0.03890763390974272,C,no game designation yet (Full),w_td 0.02; team TD 2.74,0.9479829842591244,INTL neutral site
Keenan Allen,IND,WAS,WR,IND@WAS,anytime_td,0.3450556056507364,190.0,0.0,0.41609057208696526,B,Questionable (DNP),tgt_sh 18.7%; team att 31.9; opp DvP 1.03; RZ tgt 3,0.4981574884199691,INTL neutral site
Keenan Allen,IND,WAS,WR,IND@WAS,first_td,0.07290691641458097,1272.0,0.0,0.41609057208696526,B,Questionable (DNP),tgt_sh 18.7%; team att 31.9; opp DvP 1.03; RZ tgt 3,0.4981574884199691,INTL neutral site
Keenan Allen,IND,WAS,WR,IND@WAS,last_td,0.07290691641458097,1272.0,0.0,0.41609057208696526,B,Questionable (DNP),tgt_sh 18.7%; team att 31.9; opp DvP 1.03; RZ tgt 3,0.4981574884199691,INTL neutral site
Keenan Allen,IND,WAS,WR,IND@WAS,2plus_td,0.062418595331129145,1502.0,0.0,0.41609057208696526,B,Questionable (DNP),tgt_sh 18.7%; team att 31.9; opp DvP 1.03; RZ tgt 3,0.4981574884199691,INTL neutral site
Deion Burks,IND,WAS,WR,IND@WAS,anytime_td,0.02785,3491.0,0.01115,0.017,C,-,w_td 0.02; team TD 2.74,1.0,INTL neutral site
Deion Burks,IND,WAS,WR,IND@WAS,first_td,0.005102511377511378,19498.0,0.01115,0.017,C,-,w_td 0.02; team TD 2.74,1.0,INTL neutral site
Deion Burks,IND,WAS,WR,IND@WAS,last_td,0.005102511377511378,19498.0,0.01115,0.017,C,-,w_td 0.02; team TD 2.74,1.0,INTL neutral site
Deion Burks,IND,WAS,WR,IND@WAS,2plus_td,0.0003,333233.0,0.01115,0.017,C,-,w_td 0.02; team TD 2.74,1.0,INTL neutral site
Josh Downs,IND,WAS,WR,IND@WAS,anytime_td,0.4312,132.0,0.0,0.5468,B,-,tgt_sh 20.4%; team att 31.9; opp DvP 1.03; RZ tgt 4,1.0,INTL neutral site
Josh Downs,IND,WAS,WR,IND@WAS,first_td,0.09675547383172384,934.0,0.0,0.5468,B,-,tgt_sh 20.4%; team att 31.9; opp DvP 1.03; RZ tgt 4,1.0,INTL neutral site
Josh Downs,IND,WAS,WR,IND@WAS,last_td,0.09675547383172384,934.0,0.0,0.5468,B,-,tgt_sh 20.4%; team att 31.9; opp DvP 1.03; RZ tgt 4,1.0,INTL neutral site
Josh Downs,IND,WAS,WR,IND@WAS,2plus_td,0.0994,906.0,0.0,0.5468,B,-,tgt_sh 20.4%; team att 31.9; opp DvP 1.03; RZ tgt 4,1.0,INTL neutral site
Ashton Dulin,IND,WAS,WR,IND@WAS,anytime_td,0.05063291139240506,1875.0,0.0,0.05201740506329114,C,Questionable (Full),w_td 0.03; team TD 2.74,0.7549608892548374,INTL neutral site
Ashton Dulin,IND,WAS,WR,IND@WAS,first_td,0.009115114440470454,10871.0,0.0,0.05201740506329114,C,Questionable (Full),w_td 0.03; team TD 2.74,0.7549608892548374,INTL neutral site
Ashton Dulin,IND,WAS,WR,IND@WAS,last_td,0.009115114440470454,10871.0,0.0,0.05201740506329114,C,Questionable (Full),w_td 0.03; team TD 2.74,0.7549608892548374,INTL neutral site
Ashton Dulin,IND,WAS,WR,IND@WAS,2plus_td,0.001384493670886076,72129.0,0.0,0.05201740506329114,C,Questionable (Full),w_td 0.03; team TD 2.74,0.7549608892548374,INTL neutral site
Seth McGowan,IND,WAS,RB,IND@WAS,anytime_td,0.16215,517.0,0.15085,0.0283,C,-,car_sh 11.9%; team rush 27.0; opp d_ypc 0.97; inside-10 car 1,1.0,INTL neutral site
Seth McGowan,IND,WAS,RB,IND@WAS,first_td,0.03229180000555001,2997.0,0.15085,0.0283,C,-,car_sh 11.9%; team rush 27.0; opp d_ypc 0.97; inside-10 car 1,1.0,INTL neutral site
Seth McGowan,IND,WAS,RB,IND@WAS,last_td,0.03229180000555001,2997.0,0.15085,0.0283,C,-,car_sh 11.9%; team rush 27.0; opp d_ypc 0.97; inside-10 car 1,1.0,INTL neutral site
Seth McGowan,IND,WAS,RB,IND@WAS,2plus_td,0.01565,6290.0,0.15085,0.0283,C,-,car_sh 11.9%; team rush 27.0; opp d_ypc 0.97; inside-10 car 1,1.0,INTL neutral site
Andrew Ogletree,IND,WAS,TE,IND@WAS,anytime_td,0.03575,2697.0,0.0,0.0365,C,-,w_td 0.02; team TD 2.74,1.0,INTL neutral site
Andrew Ogletree,IND,WAS,TE,IND@WAS,first_td,0.006370258491508492,15598.0,0.0,0.0365,C,-,w_td 0.02; team TD 2.74,1.0,INTL neutral site
Andrew Ogletree,IND,WAS,TE,IND@WAS,last_td,0.006370258491508492,15598.0,0.0,0.0365,C,-,w_td 0.02; team TD 2.74,1.0,INTL neutral site
Andrew Ogletree,IND,WAS,TE,IND@WAS,2plus_td,0.00075,133233.0,0.0,0.0365,C,-,w_td 0.02; team TD 2.74,1.0,INTL neutral site
Jonathan Taylor,IND,WAS,RB,IND@WAS,anytime_td,0.65144813059505,-187.0,0.7477619799894681,0.25013164823591366,B,no game designation yet (Full),tgt_sh 10.7%; team att 31.9; opp DvP 1.14; RZ tgt 1; car_sh 72.3%; team rush 27.0; opp d_ypc 0.97; inside-10 car 6,0.9508674235277402,INTL neutral site
Jonathan Taylor,IND,WAS,RB,IND@WAS,first_td,0.17810636265612567,461.0,0.7477619799894681,0.25013164823591366,B,no game designation yet (Full),tgt_sh 10.7%; team att 31.9; opp DvP 1.14; RZ tgt 1; car_sh 72.3%; team rush 27.0; opp d_ypc 0.97; inside-10 car 6,0.9508674235277402,INTL neutral site
Jonathan Taylor,IND,WAS,RB,IND@WAS,last_td,0.17810636265612567,461.0,0.7477619799894681,0.25013164823591366,B,no game designation yet (Full),tgt_sh 10.7%; team att 31.9; opp DvP 1.14; RZ tgt 1; car_sh 72.3%; team rush 27.0; opp d_ypc 0.97; inside-10 car 6,0.9508674235277402,INTL neutral site
Jonathan Taylor,IND,WAS,RB,IND@WAS,2plus_td,0.2651922064244339,277.0,0.7477619799894681,0.25013164823591366,B,no game designation yet (Full),tgt_sh 10.7%; team att 31.9; opp DvP 1.14; RZ tgt 1; car_sh 72.3%; team rush 27.0; opp d_ypc 0.97; inside-10 car 6,0.9508674235277402,INTL neutral site
Laquon Treadwell,IND,WAS,WR,IND@WAS,anytime_td,0.04775,1994.0,0.0,0.04895,C,-,w_td 0.02; team TD 2.74,1.0,INTL neutral site
Laquon Treadwell,IND,WAS,WR,IND@WAS,first_td,0.008571657509157508,11566.0,0.0,0.04895,C,-,w_td 0.02; team TD 2.74,1.0,INTL neutral site
Laquon Treadwell,IND,WAS,WR,IND@WAS,last_td,0.008571657509157508,11566.0,0.0,0.04895,C,-,w_td 0.02; team TD 2.74,1.0,INTL neutral site
Laquon Treadwell,IND,WAS,WR,IND@WAS,2plus_td,0.0011,90809.0,0.0,0.04895,C,-,w_td 0.02; team TD 2.74,1.0,INTL neutral site
Tyler Warren,IND,WAS,TE,IND@WAS,anytime_td,0.4347,130.0,0.0124,0.5496,B,-,tgt_sh 22.2%; team att 31.9; opp DvP 1.11; RZ tgt 3,1.0,INTL neutral site
Tyler Warren,IND,WAS,TE,IND@WAS,first_td,0.09927053196803197,907.0,0.0124,0.5496,B,-,tgt_sh 22.2%; team att 31.9; opp DvP 1.11; RZ tgt 3,1.0,INTL neutral site
Tyler Warren,IND,WAS,TE,IND@WAS,last_td,0.09927053196803197,907.0,0.0124,0.5496,B,-,tgt_sh 22.2%; team att 31.9; opp DvP 1.11; RZ tgt 3,1.0,INTL neutral site
Tyler Warren,IND,WAS,TE,IND@WAS,2plus_td,0.1089,818.0,0.0124,0.5496,B,-,tgt_sh 22.2%; team att 31.9; opp DvP 1.11; RZ tgt 3,1.0,INTL neutral site
Marcus Mariota,WAS,IND,QB,IND@WAS,anytime_td,0.17295,478.0,0.1879,0.0,C,-,team att 32.1; ypa 6.94; opp d_ypa 1.11; pass rate 53.7%,1.0,INTL neutral site
Marcus Mariota,WAS,IND,QB,IND@WAS,first_td,0.03353570082695082,2882.0,0.1879,0.0,C,-,team att 32.1; ypa 6.94; opp d_ypa 1.11; pass rate 53.7%,1.0,INTL neutral site
Marcus Mariota,WAS,IND,QB,IND@WAS,last_td,0.03353570082695082,2882.0,0.1879,0.0,C,-,team att 32.1; ypa 6.94; opp d_ypa 1.11; pass rate 53.7%,1.0,INTL neutral site
Marcus Mariota,WAS,IND,QB,IND@WAS,2plus_td,0.0142,6942.0,0.1879,0.0,C,-,team att 32.1; ypa 6.94; opp d_ypa 1.11; pass rate 53.7%,1.0,INTL neutral site
Kaytron Allen,WAS,IND,RB,IND@WAS,anytime_td,0.0987,913.0,0.09805,0.0051,C,-,car_sh 7.9%; team rush 29.3; opp d_ypc 1.08; inside-10 car 1,1.0,INTL neutral site
Kaytron Allen,WAS,IND,RB,IND@WAS,first_td,0.018761564962814965,5230.0,0.09805,0.0051,C,-,car_sh 7.9%; team rush 29.3; opp d_ypc 1.08; inside-10 car 1,1.0,INTL neutral site
Kaytron Allen,WAS,IND,RB,IND@WAS,last_td,0.018761564962814965,5230.0,0.09805,0.0051,C,-,car_sh 7.9%; team rush 29.3; opp d_ypc 1.08; inside-10 car 1,1.0,INTL neutral site
Kaytron Allen,WAS,IND,RB,IND@WAS,2plus_td,0.0043,23156.0,0.09805,0.0051,C,-,car_sh 7.9%; team rush 29.3; opp d_ypc 1.08; inside-10 car 1,1.0,INTL neutral site
John Bates,WAS,IND,TE,IND@WAS,anytime_td,0.0981,919.0,0.0,0.1034,C,-,tgt_sh 3.4%; team att 32.1; opp DvP 1.19; RZ tgt 1,1.0,INTL neutral site
John Bates,WAS,IND,TE,IND@WAS,first_td,0.01823912393162393,5383.0,0.0,0.1034,C,-,tgt_sh 3.4%; team att 32.1; opp DvP 1.19; RZ tgt 1,1.0,INTL neutral site
John Bates,WAS,IND,TE,IND@WAS,last_td,0.01823912393162393,5383.0,0.0,0.1034,C,-,tgt_sh 3.4%; team att 32.1; opp DvP 1.19; RZ tgt 1,1.0,INTL neutral site
John Bates,WAS,IND,TE,IND@WAS,2plus_td,0.0051,19508.0,0.0,0.1034,C,-,tgt_sh 3.4%; team att 32.1; opp DvP 1.19; RZ tgt 1,1.0,INTL neutral site
Dyami Brown,WAS,IND,WR,IND@WAS,anytime_td,0.1522,557.0,0.0,0.1631,C,-,tgt_sh 7.3%; team att 32.1; opp DvP 1.17; RZ tgt 1,1.0,INTL neutral site
Dyami Brown,WAS,IND,WR,IND@WAS,first_td,0.028868653152403154,3364.0,0.0,0.1631,C,-,tgt_sh 7.3%; team att 32.1; opp DvP 1.17; RZ tgt 1,1.0,INTL neutral site
Dyami Brown,WAS,IND,WR,IND@WAS,last_td,0.028868653152403154,3364.0,0.0,0.1631,C,-,tgt_sh 7.3%; team att 32.1; opp DvP 1.17; RZ tgt 1,1.0,INTL neutral site
Dyami Brown,WAS,IND,WR,IND@WAS,2plus_td,0.01035,9562.0,0.0,0.1631,C,-,tgt_sh 7.3%; team att 32.1; opp DvP 1.17; RZ tgt 1,1.0,INTL neutral site
Treylon Burks,WAS,IND,WR,IND@WAS,anytime_td,0.14835,574.0,0.0,0.15955,C,-,tgt_sh 7.2%; team att 32.1; opp DvP 1.17; RZ tgt 1,1.0,INTL neutral site
Treylon Burks,WAS,IND,WR,IND@WAS,first_td,0.02820169053169053,3446.0,0.0,0.15955,C,-,tgt_sh 7.2%; team att 32.1; opp DvP 1.17; RZ tgt 1,1.0,INTL neutral site
Treylon Burks,WAS,IND,WR,IND@WAS,last_td,0.02820169053169053,3446.0,0.0,0.15955,C,-,tgt_sh 7.2%; team att 32.1; opp DvP 1.17; RZ tgt 1,1.0,INTL neutral site
Treylon Burks,WAS,IND,WR,IND@WAS,2plus_td,0.01075,9202.0,0.0,0.15955,C,-,tgt_sh 7.2%; team att 32.1; opp DvP 1.17; RZ tgt 1,1.0,INTL neutral site
Jacory Croskey-Merritt,WAS,IND,RB,IND@WAS,anytime_td,0.36795,172.0,0.41795,0.03275,B,-,car_sh 39.9%; team rush 29.3; opp d_ypc 1.08; inside-10 car 2,1.0,INTL neutral site
Jacory Croskey-Merritt,WAS,IND,RB,IND@WAS,first_td,0.08102369588744589,1134.0,0.41795,0.03275,B,-,car_sh 39.9%; team rush 29.3; opp d_ypc 1.08; inside-10 car 2,1.0,INTL neutral site
Jacory Croskey-Merritt,WAS,IND,RB,IND@WAS,last_td,0.08102369588744589,1134.0,0.41795,0.03275,B,-,car_sh 39.9%; team rush 29.3; opp d_ypc 1.08; inside-10 car 2,1.0,INTL neutral site
Jacory Croskey-Merritt,WAS,IND,RB,IND@WAS,2plus_td,0.0729,1272.0,0.41795,0.03275,B,-,car_sh 39.9%; team rush 29.3; opp d_ypc 1.08; inside-10 car 2,1.0,INTL neutral site
Stefon Diggs,WAS,IND,WR,IND@WAS,anytime_td,0.391,156.0,0.0,0.48395,B,-,tgt_sh 19.0%; team att 32.1; opp DvP 1.17; RZ tgt 4,1.0,INTL neutral site
Stefon Diggs,WAS,IND,WR,IND@WAS,first_td,0.0852600634088134,1073.0,0.0,0.48395,B,-,tgt_sh 19.0%; team att 32.1; opp DvP 1.17; RZ tgt 4,1.0,INTL neutral site
Stefon Diggs,WAS,IND,WR,IND@WAS,last_td,0.0852600634088134,1073.0,0.0,0.48395,B,-,tgt_sh 19.0%; team att 32.1; opp DvP 1.17; RZ tgt 4,1.0,INTL neutral site
Stefon Diggs,WAS,IND,WR,IND@WAS,2plus_td,0.08195,1120.0,0.0,0.48395,B,-,tgt_sh 19.0%; team att 32.1; opp DvP 1.17; RZ tgt 4,1.0,INTL neutral site
Jaylin Lane,WAS,IND,WR,IND@WAS,anytime_td,0.0645,1450.0,0.0,0.0663,C,-,tgt_sh 4.0%; team att 32.1; opp DvP 1.17; RZ tgt 0,1.0,INTL neutral site
Jaylin Lane,WAS,IND,WR,IND@WAS,first_td,0.011616142884892884,8509.0,0.0,0.0663,C,-,tgt_sh 4.0%; team att 32.1; opp DvP 1.17; RZ tgt 0,1.0,INTL neutral site
Jaylin Lane,WAS,IND,WR,IND@WAS,last_td,0.011616142884892884,8509.0,0.0,0.0663,C,-,tgt_sh 4.0%; team att 32.1; opp DvP 1.17; RZ tgt 0,1.0,INTL neutral site
Jaylin Lane,WAS,IND,WR,IND@WAS,2plus_td,0.0017,58724.0,0.0,0.0663,C,-,tgt_sh 4.0%; team att 32.1; opp DvP 1.17; RZ tgt 0,1.0,INTL neutral site
Luke McCaffrey,WAS,IND,WR,IND@WAS,anytime_td,0.0612,1534.0,0.0,0.06295,C,-,tgt_sh 4.0%; team att 32.1; opp DvP 1.17; RZ tgt 0,1.0,INTL neutral site
Luke McCaffrey,WAS,IND,WR,IND@WAS,first_td,0.010967866716616715,9018.0,0.0,0.06295,C,-,tgt_sh 4.0%; team att 32.1; opp DvP 1.17; RZ tgt 0,1.0,INTL neutral site
Luke McCaffrey,WAS,IND,WR,IND@WAS,last_td,0.010967866716616715,9018.0,0.0,0.06295,C,-,tgt_sh 4.0%; team att 32.1; opp DvP 1.17; RZ tgt 0,1.0,INTL neutral site
Luke McCaffrey,WAS,IND,WR,IND@WAS,2plus_td,0.0017,58724.0,0.0,0.06295,C,-,tgt_sh 4.0%; team att 32.1; opp DvP 1.17; RZ tgt 0,1.0,INTL neutral site
Terry McLaurin,WAS,IND,WR,IND@WAS,anytime_td,0.3074085228128294,225.0,0.0,0.3589067911459118,B,Questionable (Limited),tgt_sh 18.3%; team att 32.1; opp DvP 1.17; RZ tgt 2,0.6667342299285288,INTL neutral site
Terry McLaurin,WAS,IND,WR,IND@WAS,first_td,0.06381088544542843,1467.0,0.0,0.3589067911459118,B,Questionable (Limited),tgt_sh 18.3%; team att 32.1; opp DvP 1.17; RZ tgt 2,0.6667342299285288,INTL neutral site
Terry McLaurin,WAS,IND,WR,IND@WAS,last_td,0.06381088544542843,1467.0,0.0,0.3589067911459118,B,Questionable (Limited),tgt_sh 18.3%; team att 32.1; opp DvP 1.17; RZ tgt 2,0.6667342299285288,INTL neutral site
Terry McLaurin,WAS,IND,WR,IND@WAS,2plus_td,0.0466797169101039,2042.0,0.0,0.3589067911459118,B,Questionable (Limited),tgt_sh 18.3%; team att 32.1; opp DvP 1.17; RZ tgt 2,0.6667342299285288,INTL neutral site
Chig Okonkwo,WAS,IND,TE,IND@WAS,anytime_td,0.18709946334601157,434.0,0.0,0.2064815297243787,C,no game designation yet (Limited),tgt_sh 12.0%; team att 32.1; opp DvP 1.19; RZ tgt 0,0.9575230478992892,INTL neutral site
Chig Okonkwo,WAS,IND,TE,IND@WAS,first_td,0.03684735825490268,2614.0,0.0,0.2064815297243787,C,no game designation yet (Limited),tgt_sh 12.0%; team att 32.1; opp DvP 1.19; RZ tgt 0,0.9575230478992892,INTL neutral site
Chig Okonkwo,WAS,IND,TE,IND@WAS,last_td,0.03684735825490268,2614.0,0.0,0.2064815297243787,C,no game designation yet (Limited),tgt_sh 12.0%; team att 32.1; opp DvP 1.19; RZ tgt 0,0.9575230478992892,INTL neutral site
Chig Okonkwo,WAS,IND,TE,IND@WAS,2plus_td,0.018600531443755536,5276.0,0.0,0.2064815297243787,C,no game designation yet (Limited),tgt_sh 12.0%; team att 32.1; opp DvP 1.19; RZ tgt 0,0.9575230478992892,INTL neutral site
Ben Sinnott,WAS,IND,TE,IND@WAS,anytime_td,0.03461037268699505,2789.0,0.0,0.03534010946051603,C,no game designation yet (Limited),w_td 0.02; team TD 2.65,0.9575230478992892,INTL neutral site
Ben Sinnott,WAS,IND,TE,IND@WAS,first_td,0.006232913121107022,15944.0,0.0,0.03534010946051603,C,no game designation yet (Limited),w_td 0.02; team TD 2.65,0.9575230478992892,INTL neutral site
Ben Sinnott,WAS,IND,TE,IND@WAS,last_td,0.006232913121107022,15944.0,0.0,0.03534010946051603,C,no game designation yet (Limited),w_td 0.02; team TD 2.65,0.9575230478992892,INTL neutral site
Ben Sinnott,WAS,IND,TE,IND@WAS,2plus_td,0.0007297367735209799,136936.0,0.0,0.03534010946051603,C,no game designation yet (Limited),w_td 0.02; team TD 2.65,0.9575230478992892,INTL neutral site
Antonio Williams,WAS,IND,WR,IND@WAS,anytime_td,0.244,310.0,0.0,0.2763,C,-,tgt_sh 11.3%; team att 32.1; opp DvP 1.17; RZ tgt 2,1.0,INTL neutral site
Antonio Williams,WAS,IND,WR,IND@WAS,first_td,0.04851577547452547,1961.0,0.0,0.2763,C,-,tgt_sh 11.3%; team att 32.1; opp DvP 1.17; RZ tgt 2,1.0,INTL neutral site
Antonio Williams,WAS,IND,WR,IND@WAS,last_td,0.04851577547452547,1961.0,0.0,0.2763,C,-,tgt_sh 11.3%; team att 32.1; opp DvP 1.17; RZ tgt 2,1.0,INTL neutral site
Antonio Williams,WAS,IND,WR,IND@WAS,2plus_td,0.03055,3173.0,0.0,0.2763,C,-,tgt_sh 11.3%; team att 32.1; opp DvP 1.17; RZ tgt 2,1.0,INTL neutral site
Colson Yankoff,WAS,IND,TE,IND@WAS,anytime_td,0.02895,3354.0,0.0,0.0294,C,-,w_td 0.02; team TD 2.65,1.0,INTL neutral site
Colson Yankoff,WAS,IND,TE,IND@WAS,first_td,0.005112035187035187,19462.0,0.0,0.0294,C,-,w_td 0.02; team TD 2.65,1.0,INTL neutral site
Colson Yankoff,WAS,IND,TE,IND@WAS,last_td,0.005112035187035187,19462.0,0.0,0.0294,C,-,w_td 0.02; team TD 2.65,1.0,INTL neutral site
Colson Yankoff,WAS,IND,TE,IND@WAS,2plus_td,0.00045,222122.0,0.0,0.0294,C,-,w_td 0.02; team TD 2.65,1.0,INTL neutral site
Cam Ward,TEN,BAL,QB,TEN@BAL,anytime_td,0.1324,655.0,0.14155,0.0,B,-,team att 34.1; ypa 6.30; opp d_ypa 0.96; pass rate 60.4%,1.0,
Cam Ward,TEN,BAL,QB,TEN@BAL,first_td,0.027735192307692308,3506.0,0.14155,0.0,B,-,team att 34.1; ypa 6.30; opp d_ypa 0.96; pass rate 60.4%,1.0,
Cam Ward,TEN,BAL,QB,TEN@BAL,last_td,0.027735192307692308,3506.0,0.14155,0.0,B,-,team att 34.1; ypa 6.30; opp d_ypa 0.96; pass rate 60.4%,1.0,
Cam Ward,TEN,BAL,QB,TEN@BAL,2plus_td,0.00885,11199.0,0.14155,0.0,B,-,team att 34.1; ypa 6.30; opp d_ypa 0.96; pass rate 60.4%,1.0,
Elic Ayomanor,TEN,BAL,WR,TEN@BAL,anytime_td,0.19405,415.0,0.0,0.21255,B,-,tgt_sh 12.8%; team att 34.1; opp DvP 1.01; RZ tgt 5,1.0,
Elic Ayomanor,TEN,BAL,WR,TEN@BAL,first_td,0.04104555125430125,2336.0,0.0,0.21255,B,-,tgt_sh 12.8%; team att 34.1; opp DvP 1.01; RZ tgt 5,1.0,
Elic Ayomanor,TEN,BAL,WR,TEN@BAL,last_td,0.04104555125430125,2336.0,0.0,0.21255,B,-,tgt_sh 12.8%; team att 34.1; opp DvP 1.01; RZ tgt 5,1.0,
Elic Ayomanor,TEN,BAL,WR,TEN@BAL,2plus_td,0.0176,5582.0,0.0,0.21255,B,-,tgt_sh 12.8%; team att 34.1; opp DvP 1.01; RZ tgt 5,1.0,
Daniel Bellinger,TEN,BAL,TE,TEN@BAL,anytime_td,0.02955,3284.0,0.0,0.03015,C,-,tgt_sh 4.0%; team att 34.1; opp DvP 0.83; RZ tgt 0,1.0,
Daniel Bellinger,TEN,BAL,TE,TEN@BAL,first_td,0.0056570292207792205,17577.0,0.0,0.03015,C,-,tgt_sh 4.0%; team att 34.1; opp DvP 0.83; RZ tgt 0,1.0,
Daniel Bellinger,TEN,BAL,TE,TEN@BAL,last_td,0.0056570292207792205,17577.0,0.0,0.03015,C,-,tgt_sh 4.0%; team att 34.1; opp DvP 0.83; RZ tgt 0,1.0,
Daniel Bellinger,TEN,BAL,TE,TEN@BAL,2plus_td,0.0006,166567.0,0.0,0.03015,C,-,tgt_sh 4.0%; team att 34.1; opp DvP 0.83; RZ tgt 0,1.0,
Chimere Dike,TEN,BAL,WR,TEN@BAL,anytime_td,0.0507,1872.0,0.0,0.0514,C,-,tgt_sh 6.4%; team att 34.1; opp DvP 1.01; RZ tgt 0,1.0,
Chimere Dike,TEN,BAL,WR,TEN@BAL,first_td,0.010035593989343988,9865.0,0.0,0.0514,C,-,tgt_sh 6.4%; team att 34.1; opp DvP 1.01; RZ tgt 0,1.0,
Chimere Dike,TEN,BAL,WR,TEN@BAL,last_td,0.010035593989343988,9865.0,0.0,0.0514,C,-,tgt_sh 6.4%; team att 34.1; opp DvP 1.01; RZ tgt 0,1.0,
Chimere Dike,TEN,BAL,WR,TEN@BAL,2plus_td,0.0007,142757.0,0.0,0.0514,C,-,tgt_sh 6.4%; team att 34.1; opp DvP 1.01; RZ tgt 0,1.0,
Gunnar Helm,TEN,BAL,TE,TEN@BAL,anytime_td,0.1438,595.0,0.0,0.1539,C,-,tgt_sh 12.6%; team att 34.1; opp DvP 0.83; RZ tgt 3,1.0,
Gunnar Helm,TEN,BAL,TE,TEN@BAL,first_td,0.03008184274059274,3224.0,0.0,0.1539,C,-,tgt_sh 12.6%; team att 34.1; opp DvP 0.83; RZ tgt 3,1.0,
Gunnar Helm,TEN,BAL,TE,TEN@BAL,last_td,0.03008184274059274,3224.0,0.0,0.1539,C,-,tgt_sh 12.6%; team att 34.1; opp DvP 0.83; RZ tgt 3,1.0,
Gunnar Helm,TEN,BAL,TE,TEN@BAL,2plus_td,0.0097,10209.0,0.0,0.1539,C,-,tgt_sh 12.6%; team att 34.1; opp DvP 0.83; RZ tgt 3,1.0,
Tony Pollard,TEN,BAL,RB,TEN@BAL,anytime_td,0.3985065208245688,151.0,0.4449411022297013,0.051588136306268406,B,no game designation yet (Full),tgt_sh 6.2%; team att 34.1; opp DvP 1.00; RZ tgt 0; car_sh 55.3%; team rush 23.7; opp d_ypc 0.99; inside-10 car 5,0.9508674235277402,
Tony Pollard,TEN,BAL,RB,TEN@BAL,first_td,0.09629541011272186,938.0,0.4449411022297013,0.051588136306268406,B,no game designation yet (Full),tgt_sh 6.2%; team att 34.1; opp DvP 1.00; RZ tgt 0; car_sh 55.3%; team rush 23.7; opp d_ypc 0.99; inside-10 car 5,0.9508674235277402,
Tony Pollard,TEN,BAL,RB,TEN@BAL,last_td,0.09629541011272186,938.0,0.4449411022297013,0.051588136306268406,B,no game designation yet (Full),tgt_sh 6.2%; team att 34.1; opp DvP 1.00; RZ tgt 0; car_sh 55.3%; team rush 23.7; opp d_ypc 0.99; inside-10 car 5,0.9508674235277402,
Tony Pollard,TEN,BAL,RB,TEN@BAL,2plus_td,0.08629575094657131,1059.0,0.4449411022297013,0.051588136306268406,B,no game designation yet (Full),tgt_sh 6.2%; team att 34.1; opp DvP 1.00; RZ tgt 0; car_sh 55.3%; team rush 23.7; opp d_ypc 0.99; inside-10 car 5,0.9508674235277402,
Calvin Ridley,TEN,BAL,WR,TEN@BAL,anytime_td,0.0666,1402.0,0.0,0.06875,C,-,tgt_sh 8.5%; team att 34.1; opp DvP 1.01; RZ tgt 0,1.0,
Calvin Ridley,TEN,BAL,WR,TEN@BAL,first_td,0.013126511544011545,7518.0,0.0,0.06875,C,-,tgt_sh 8.5%; team att 34.1; opp DvP 1.01; RZ tgt 0,1.0,
Calvin Ridley,TEN,BAL,WR,TEN@BAL,last_td,0.013126511544011545,7518.0,0.0,0.06875,C,-,tgt_sh 8.5%; team att 34.1; opp DvP 1.01; RZ tgt 0,1.0,
Calvin Ridley,TEN,BAL,WR,TEN@BAL,2plus_td,0.00215,46412.0,0.0,0.06875,C,-,tgt_sh 8.5%; team att 34.1; opp DvP 1.01; RZ tgt 0,1.0,
Wan'Dale Robinson,TEN,BAL,WR,TEN@BAL,anytime_td,0.19485,413.0,0.0,0.21445,B,-,tgt_sh 18.8%; team att 34.1; opp DvP 1.01; RZ tgt 3,1.0,
Wan'Dale Robinson,TEN,BAL,WR,TEN@BAL,first_td,0.04119513389388389,2327.0,0.0,0.21445,B,-,tgt_sh 18.8%; team att 34.1; opp DvP 1.01; RZ tgt 3,1.0,
Wan'Dale Robinson,TEN,BAL,WR,TEN@BAL,last_td,0.04119513389388389,2327.0,0.0,0.21445,B,-,tgt_sh 18.8%; team att 34.1; opp DvP 1.01; RZ tgt 3,1.0,
Wan'Dale Robinson,TEN,BAL,WR,TEN@BAL,2plus_td,0.01835,5350.0,0.0,0.21445,B,-,tgt_sh 18.8%; team att 34.1; opp DvP 1.01; RZ tgt 3,1.0,
Nicholas Singleton,TEN,BAL,RB,TEN@BAL,anytime_td,0.0591,1592.0,0.0562,0.0049,C,-,w_td 0.07; team TD 1.77,1.0,
Nicholas Singleton,TEN,BAL,RB,TEN@BAL,first_td,0.012002518592518592,8232.0,0.0562,0.0049,C,-,w_td 0.07; team TD 1.77,1.0,
Nicholas Singleton,TEN,BAL,RB,TEN@BAL,last_td,0.012002518592518592,8232.0,0.0562,0.0049,C,-,w_td 0.07; team TD 1.77,1.0,
Nicholas Singleton,TEN,BAL,RB,TEN@BAL,2plus_td,0.002,49900.0,0.0562,0.0049,C,-,w_td 0.07; team TD 1.77,1.0,
Tyjae Spears,TEN,BAL,RB,TEN@BAL,anytime_td,0.19543812424736134,412.0,0.14861514486080613,0.06644471204930226,B,Questionable (Full),tgt_sh 8.4%; team att 34.1; opp DvP 1.00; RZ tgt 0; car_sh 22.2%; team rush 23.7; opp d_ypc 0.99; inside-10 car 0,0.7075836643559986,
Tyjae Spears,TEN,BAL,RB,TEN@BAL,first_td,0.04186103775251611,2289.0,0.14861514486080613,0.06644471204930226,B,Questionable (Full),tgt_sh 8.4%; team att 34.1; opp DvP 1.00; RZ tgt 0; car_sh 22.2%; team rush 23.7; opp d_ypc 0.99; inside-10 car 0,0.7075836643559986,
Tyjae Spears,TEN,BAL,RB,TEN@BAL,last_td,0.04186103775251611,2289.0,0.14861514486080613,0.06644471204930226,B,Questionable (Full),tgt_sh 8.4%; team att 34.1; opp DvP 1.00; RZ tgt 0; car_sh 22.2%; team rush 23.7; opp d_ypc 0.99; inside-10 car 0,0.7075836643559986,
Tyjae Spears,TEN,BAL,RB,TEN@BAL,2plus_td,0.018275837642558617,5372.0,0.14861514486080613,0.06644471204930226,B,Questionable (Full),tgt_sh 8.4%; team att 34.1; opp DvP 1.00; RZ tgt 0; car_sh 22.2%; team rush 23.7; opp d_ypc 0.99; inside-10 car 0,0.7075836643559986,
Carnell Tate,TEN,BAL,WR,TEN@BAL,anytime_td,0.1725,480.0,0.0,0.1864,B,-,tgt_sh 20.5%; team att 34.1; opp DvP 1.01; RZ tgt 1,1.0,
Carnell Tate,TEN,BAL,WR,TEN@BAL,first_td,0.03582584415584415,2691.0,0.0,0.1864,B,-,tgt_sh 20.5%; team att 34.1; opp DvP 1.01; RZ tgt 1,1.0,
Carnell Tate,TEN,BAL,WR,TEN@BAL,last_td,0.03582584415584415,2691.0,0.0,0.1864,B,-,tgt_sh 20.5%; team att 34.1; opp DvP 1.01; RZ tgt 1,1.0,
Carnell Tate,TEN,BAL,WR,TEN@BAL,2plus_td,0.01325,7447.0,0.0,0.1864,B,-,tgt_sh 20.5%; team att 34.1; opp DvP 1.01; RZ tgt 1,1.0,
Lamar Jackson,BAL,TEN,QB,TEN@BAL,anytime_td,0.20729778004593008,382.0,0.2300076550140342,0.0,B,no game designation yet (Full),team att 26.8; ypa 8.07; opp d_ypa 1.00; pass rate 47.1%,0.98,
Lamar Jackson,BAL,TEN,QB,TEN@BAL,first_td,0.0463393144804219,2058.0,0.2300076550140342,0.0,B,no game designation yet (Full),team att 26.8; ypa 8.07; opp d_ypa 1.00; pass rate 47.1%,0.98,
Lamar Jackson,BAL,TEN,QB,TEN@BAL,last_td,0.0463393144804219,2058.0,0.2300076550140342,0.0,B,no game designation yet (Full),team att 26.8; ypa 8.07; opp d_ypa 1.00; pass rate 47.1%,0.98,
Lamar Jackson,BAL,TEN,QB,TEN@BAL,2plus_td,0.02153610614952794,4543.0,0.2300076550140342,0.0,B,no game designation yet (Full),team att 26.8; ypa 8.07; opp d_ypa 1.00; pass rate 47.1%,0.98,
Rasheen Ali,BAL,TEN,RB,TEN@BAL,anytime_td,0.05315,1781.0,0.02395,0.03095,C,-,w_td 0.03; team TD 3.07,1.0,
Rasheen Ali,BAL,TEN,RB,TEN@BAL,first_td,0.010506562049062048,9418.0,0.02395,0.03095,C,-,w_td 0.03; team TD 3.07,1.0,
Rasheen Ali,BAL,TEN,RB,TEN@BAL,last_td,0.010506562049062048,9418.0,0.02395,0.03095,C,-,w_td 0.03; team TD 3.07,1.0,
Rasheen Ali,BAL,TEN,RB,TEN@BAL,2plus_td,0.00175,57043.0,0.02395,0.03095,C,-,w_td 0.03; team TD 3.07,1.0,
Mark Andrews,BAL,TEN,TE,TEN@BAL,anytime_td,0.30016872297796054,233.0,0.0,0.35426552778656545,B,no game designation yet (Full),tgt_sh 19.8%; team att 26.8; opp DvP 0.97; RZ tgt 1,0.9479829842591244,
Mark Andrews,BAL,TEN,TE,TEN@BAL,first_td,0.07001605214591611,1328.0,0.0,0.35426552778656545,B,no game designation yet (Full),tgt_sh 19.8%; team att 26.8; opp DvP 0.97; RZ tgt 1,0.9479829842591244,
Mark Andrews,BAL,TEN,TE,TEN@BAL,last_td,0.07001605214591611,1328.0,0.0,0.35426552778656545,B,no game designation yet (Full),tgt_sh 19.8%; team att 26.8; opp DvP 0.97; RZ tgt 1,0.9479829842591244,
Mark Andrews,BAL,TEN,TE,TEN@BAL,2plus_td,0.04871875988611199,1953.0,0.0,0.35426552778656545,B,no game designation yet (Full),tgt_sh 19.8%; team att 26.8; opp DvP 0.97; RZ tgt 1,0.9479829842591244,
Rashod Bateman,BAL,TEN,WR,TEN@BAL,anytime_td,0.26725,274.0,0.0,0.30745,C,-,tgt_sh 12.6%; team att 26.8; opp DvP 1.06; RZ tgt 2,1.0,
Rashod Bateman,BAL,TEN,WR,TEN@BAL,first_td,0.060556616577866575,1551.0,0.0,0.30745,C,-,tgt_sh 12.6%; team att 26.8; opp DvP 1.06; RZ tgt 2,1.0,
Rashod Bateman,BAL,TEN,WR,TEN@BAL,last_td,0.060556616577866575,1551.0,0.0,0.30745,C,-,tgt_sh 12.6%; team att 26.8; opp DvP 1.06; RZ tgt 2,1.0,
Rashod Bateman,BAL,TEN,WR,TEN@BAL,2plus_td,0.0363,2655.0,0.0,0.30745,C,-,tgt_sh 12.6%; team att 26.8; opp DvP 1.06; RZ tgt 2,1.0,
Josh Cuevas,BAL,TEN,TE,TEN@BAL,anytime_td,0.01835,5350.0,0.0,0.01835,C,-,w_td 0.01; team TD 3.07,1.0,
Josh Cuevas,BAL,TEN,TE,TEN@BAL,first_td,0.0035793903318903316,27838.0,0.0,0.01835,C,-,w_td 0.01; team TD 3.07,1.0,
Josh Cuevas,BAL,TEN,TE,TEN@BAL,last_td,0.0035793903318903316,27838.0,0.0,0.01835,C,-,w_td 0.01; team TD 3.07,1.0,
Josh Cuevas,BAL,TEN,TE,TEN@BAL,2plus_td,0.0,,0.0,0.01835,C,-,w_td 0.01; team TD 3.07,1.0,
Zay Flowers,BAL,TEN,WR,TEN@BAL,anytime_td,0.37496238338850435,167.0,0.011736382786638579,0.4474872103520915,C,Questionable (Limited),tgt_sh 24.9%; team att 26.8; opp DvP 1.06; RZ tgt 2,0.6667342299285288,
Zay Flowers,BAL,TEN,WR,TEN@BAL,first_td,0.09083958598328144,1001.0,0.011736382786638579,0.4474872103520915,C,Questionable (Limited),tgt_sh 24.9%; team att 26.8; opp DvP 1.06; RZ tgt 2,0.6667342299285288,
Zay Flowers,BAL,TEN,WR,TEN@BAL,last_td,0.09083958598328144,1001.0,0.011736382786638579,0.4474872103520915,C,Questionable (Limited),tgt_sh 24.9%; team att 26.8; opp DvP 1.06; RZ tgt 2,0.6667342299285288,
Zay Flowers,BAL,TEN,WR,TEN@BAL,2plus_td,0.07478182365332531,1237.0,0.011736382786638579,0.4474872103520915,C,Questionable (Limited),tgt_sh 24.9%; team att 26.8; opp DvP 1.06; RZ tgt 2,0.6667342299285288,
Derrick Henry,BAL,TEN,RB,TEN@BAL,anytime_td,0.71955,-257.0,1.11435,0.0835,B,-,tgt_sh 5.0%; team att 26.8; opp DvP 0.99; RZ tgt 0; car_sh 63.2%; team rush 32.6; opp d_ypc 0.93; inside-10 car 14,1.0,
Derrick Henry,BAL,TEN,RB,TEN@BAL,first_td,0.23927889263514263,318.0,1.11435,0.0835,B,-,tgt_sh 5.0%; team att 26.8; opp DvP 0.99; RZ tgt 0; car_sh 63.2%; team rush 32.6; opp d_ypc 0.93; inside-10 car 14,1.0,
Derrick Henry,BAL,TEN,RB,TEN@BAL,last_td,0.23927889263514263,318.0,1.11435,0.0835,B,-,tgt_sh 5.0%; team att 26.8; opp DvP 0.99; RZ tgt 0; car_sh 63.2%; team rush 32.6; opp d_ypc 0.93; inside-10 car 14,1.0,
Derrick Henry,BAL,TEN,RB,TEN@BAL,2plus_td,0.3423,192.0,1.11435,0.0835,B,-,tgt_sh 5.0%; team att 26.8; opp DvP 0.99; RZ tgt 0; car_sh 63.2%; team rush 32.6; opp d_ypc 0.93; inside-10 car 14,1.0,
Matthew Hibner,BAL,TEN,TE,TEN@BAL,anytime_td,0.08355,1097.0,0.0,0.0867,C,-,w_td 0.05; team TD 3.07,1.0,
Matthew Hibner,BAL,TEN,TE,TEN@BAL,first_td,0.017021776001776002,5775.0,0.0,0.0867,C,-,w_td 0.05; team TD 3.07,1.0,
Matthew Hibner,BAL,TEN,TE,TEN@BAL,last_td,0.017021776001776002,5775.0,0.0,0.0867,C,-,w_td 0.05; team TD 3.07,1.0,
Matthew Hibner,BAL,TEN,TE,TEN@BAL,2plus_td,0.0031,32158.0,0.0,0.0867,C,-,w_td 0.05; team TD 3.07,1.0,
Justice Hill,BAL,TEN,RB,TEN@BAL,anytime_td,0.22045,354.0,0.162,0.0837,C,-,tgt_sh 5.1%; team att 26.8; opp DvP 0.99; RZ tgt 0; car_sh 13.8%; team rush 32.6; opp d_ypc 0.93; inside-10 car 0,1.0,
Justice Hill,BAL,TEN,RB,TEN@BAL,first_td,0.04903709998334998,1939.0,0.162,0.0837,C,-,tgt_sh 5.1%; team att 26.8; opp DvP 0.99; RZ tgt 0; car_sh 13.8%; team rush 32.6; opp d_ypc 0.93; inside-10 car 0,1.0,
Justice Hill,BAL,TEN,RB,TEN@BAL,last_td,0.04903709998334998,1939.0,0.162,0.0837,C,-,tgt_sh 5.1%; team att 26.8; opp DvP 0.99; RZ tgt 0; car_sh 13.8%; team rush 32.6; opp d_ypc 0.93; inside-10 car 0,1.0,
Justice Hill,BAL,TEN,RB,TEN@BAL,2plus_td,0.02345,4164.0,0.162,0.0837,C,-,tgt_sh 5.1%; team att 26.8; opp DvP 0.99; RZ tgt 0; car_sh 13.8%; team rush 32.6; opp d_ypc 0.93; inside-10 car 0,1.0,
Chris Moore,BAL,TEN,WR,TEN@BAL,anytime_td,0.15077222971959814,563.0,0.0,0.1634427950217424,C,Questionable (Limited),tgt_sh 7.1%; team att 26.8; opp DvP 1.06; RZ tgt 1,0.6667342299285288,
Chris Moore,BAL,TEN,WR,TEN@BAL,first_td,0.03220315779919918,3005.0,0.0,0.1634427950217424,C,Questionable (Limited),tgt_sh 7.1%; team att 26.8; opp DvP 1.06; RZ tgt 1,0.6667342299285288,
Chris Moore,BAL,TEN,WR,TEN@BAL,last_td,0.03220315779919918,3005.0,0.0,0.1634427950217424,C,Questionable (Limited),tgt_sh 7.1%; team att 26.8; opp DvP 1.06; RZ tgt 1,0.6667342299285288,
Chris Moore,BAL,TEN,WR,TEN@BAL,2plus_td,0.012070775228669966,8184.0,0.0,0.1634427950217424,C,Questionable (Limited),tgt_sh 7.1%; team att 26.8; opp DvP 1.06; RZ tgt 1,0.6667342299285288,
Durham Smythe,BAL,TEN,TE,TEN@BAL,anytime_td,0.06725701033101412,1387.0,0.0,0.06920725279359055,C,no game designation yet (Full),w_td 0.04; team TD 3.07,0.9479829842591244,
Durham Smythe,BAL,TEN,TE,TEN@BAL,first_td,0.013580498495109498,7263.0,0.0,0.06920725279359055,C,no game designation yet (Full),w_td 0.04; team TD 3.07,0.9479829842591244,
Durham Smythe,BAL,TEN,TE,TEN@BAL,last_td,0.013580498495109498,7263.0,0.0,0.06920725279359055,C,no game designation yet (Full),w_td 0.04; team TD 3.07,0.9479829842591244,
Durham Smythe,BAL,TEN,TE,TEN@BAL,2plus_td,0.0018975332068311196,52600.0,0.0,0.06920725279359055,C,no game designation yet (Full),w_td 0.04; team TD 3.07,0.9479829842591244,
Devontez Walker,BAL,TEN,WR,TEN@BAL,anytime_td,0.0608,1545.0,0.0,0.06305,C,-,tgt_sh 3.8%; team att 26.8; opp DvP 1.06; RZ tgt 0,1.0,
Devontez Walker,BAL,TEN,WR,TEN@BAL,first_td,0.012488682567432567,7907.0,0.0,0.06305,C,-,tgt_sh 3.8%; team att 26.8; opp DvP 1.06; RZ tgt 0,1.0,
Devontez Walker,BAL,TEN,WR,TEN@BAL,last_td,0.012488682567432567,7907.0,0.0,0.06305,C,-,tgt_sh 3.8%; team att 26.8; opp DvP 1.06; RZ tgt 0,1.0,
Devontez Walker,BAL,TEN,WR,TEN@BAL,2plus_td,0.00225,44344.0,0.0,0.06305,C,-,tgt_sh 3.8%; team att 26.8; opp DvP 1.06; RZ tgt 0,1.0,
LaJohntay Wester,BAL,TEN,WR,TEN@BAL,anytime_td,0.03525,2737.0,0.0,0.03625,C,-,w_td 0.02; team TD 3.07,1.0,
LaJohntay Wester,BAL,TEN,WR,TEN@BAL,first_td,0.007082487373737374,14019.0,0.0,0.03625,C,-,w_td 0.02; team TD 3.07,1.0,
LaJohntay Wester,BAL,TEN,WR,TEN@BAL,last_td,0.007082487373737374,14019.0,0.0,0.03625,C,-,w_td 0.02; team TD 3.07,1.0,
LaJohntay Wester,BAL,TEN,WR,TEN@BAL,2plus_td,0.00095,105163.0,0.0,0.03625,C,-,w_td 0.02; team TD 3.07,1.0,
Drake Maye,NE,BUF,QB,NE@BUF,anytime_td,0.11535714285714285,767.0,0.12229591836734693,0.0,B,no game designation yet (Full),team att 31.3; ypa 7.52; opp d_ypa 1.03; pass rate 55.1%,0.98,
Drake Maye,NE,BUF,QB,NE@BUF,first_td,0.022513936601946807,4342.0,0.12229591836734693,0.0,B,no game designation yet (Full),team att 31.3; ypa 7.52; opp d_ypa 1.03; pass rate 55.1%,0.98,
Drake Maye,NE,BUF,QB,NE@BUF,last_td,0.022513936601946807,4342.0,0.12229591836734693,0.0,B,no game designation yet (Full),team att 31.3; ypa 7.52; opp d_ypa 1.03; pass rate 55.1%,0.98,
Drake Maye,NE,BUF,QB,NE@BUF,2plus_td,0.0067857142857142855,14637.0,0.12229591836734693,0.0,B,no game designation yet (Full),team att 31.3; ypa 7.52; opp d_ypa 1.03; pass rate 55.1%,0.98,
Efton Chism III,NE,BUF,WR,NE@BUF,anytime_td,0.0714,1301.0,0.0,0.074,C,-,w_td 0.05; team TD 2.21,1.0,
Efton Chism III,NE,BUF,WR,NE@BUF,first_td,0.013392373043623042,7367.0,0.0,0.074,C,-,w_td 0.05; team TD 2.21,1.0,
Efton Chism III,NE,BUF,WR,NE@BUF,last_td,0.013392373043623042,7367.0,0.0,0.074,C,-,w_td 0.05; team TD 2.21,1.0,
Efton Chism III,NE,BUF,WR,NE@BUF,2plus_td,0.00255,39116.0,0.0,0.074,C,-,w_td 0.05; team TD 2.21,1.0,
Romeo Doubs,NE,BUF,WR,NE@BUF,anytime_td,0.20895,379.0,0.0,0.23285,C,-,tgt_sh 14.1%; team att 31.3; opp DvP 1.01; RZ tgt 1,1.0,
Romeo Doubs,NE,BUF,WR,NE@BUF,first_td,0.04214985361860362,2272.0,0.0,0.23285,C,-,tgt_sh 14.1%; team att 31.3; opp DvP 1.01; RZ tgt 1,1.0,
Romeo Doubs,NE,BUF,WR,NE@BUF,last_td,0.04214985361860362,2272.0,0.0,0.23285,C,-,tgt_sh 14.1%; team att 31.3; opp DvP 1.01; RZ tgt 1,1.0,
Romeo Doubs,NE,BUF,WR,NE@BUF,2plus_td,0.0223,4384.0,0.0,0.23285,C,-,tgt_sh 14.1%; team att 31.3; opp DvP 1.01; RZ tgt 1,1.0,
DeMario Douglas,NE,BUF,WR,NE@BUF,anytime_td,0.1845,442.0,0.0,0.20045,C,-,tgt_sh 11.8%; team att 31.3; opp DvP 1.01; RZ tgt 1,1.0,
DeMario Douglas,NE,BUF,WR,NE@BUF,first_td,0.03677627553002553,2619.0,0.0,0.20045,C,-,tgt_sh 11.8%; team att 31.3; opp DvP 1.01; RZ tgt 1,1.0,
DeMario Douglas,NE,BUF,WR,NE@BUF,last_td,0.03677627553002553,2619.0,0.0,0.20045,C,-,tgt_sh 11.8%; team att 31.3; opp DvP 1.01; RZ tgt 1,1.0,
DeMario Douglas,NE,BUF,WR,NE@BUF,2plus_td,0.0154,6394.0,0.0,0.20045,C,-,tgt_sh 11.8%; team att 31.3; opp DvP 1.01; RZ tgt 1,1.0,
Reggie Gilliam,NE,BUF,RB,NE@BUF,anytime_td,0.02595502156500308,3753.0,0.0,0.026417128773875538,C,Questionable (Limited),w_td 0.02; team TD 2.21,0.6469461218980005,
Reggie Gilliam,NE,BUF,RB,NE@BUF,first_td,0.004743081805235225,20983.0,0.0,0.026417128773875538,C,Questionable (Limited),w_td 0.02; team TD 2.21,0.6469461218980005,
Reggie Gilliam,NE,BUF,RB,NE@BUF,last_td,0.004743081805235225,20983.0,0.0,0.026417128773875538,C,Questionable (Limited),w_td 0.02; team TD 2.21,0.6469461218980005,
Reggie Gilliam,NE,BUF,RB,NE@BUF,2plus_td,0.0004621072088724584,216300.0,0.0,0.026417128773875538,C,Questionable (Limited),w_td 0.02; team TD 2.21,0.6469461218980005,
TreVeyon Henderson,NE,BUF,RB,NE@BUF,anytime_td,0.28635,249.0,0.27975,0.0547,B,-,tgt_sh 4.1%; team att 31.3; opp DvP 0.99; RZ tgt 0; car_sh 39.2%; team rush 27.9; opp d_ypc 0.98; inside-10 car 0,1.0,
TreVeyon Henderson,NE,BUF,RB,NE@BUF,first_td,0.06175371836496836,1519.0,0.27975,0.0547,B,-,tgt_sh 4.1%; team att 31.3; opp DvP 0.99; RZ tgt 0; car_sh 39.2%; team rush 27.9; opp d_ypc 0.98; inside-10 car 0,1.0,
TreVeyon Henderson,NE,BUF,RB,NE@BUF,last_td,0.06175371836496836,1519.0,0.27975,0.0547,B,-,tgt_sh 4.1%; team att 31.3; opp DvP 0.99; RZ tgt 0; car_sh 39.2%; team rush 27.9; opp d_ypc 0.98; inside-10 car 0,1.0,
TreVeyon Henderson,NE,BUF,RB,NE@BUF,2plus_td,0.0434,2204.0,0.27975,0.0547,B,-,tgt_sh 4.1%; team att 31.3; opp DvP 0.99; RZ tgt 0; car_sh 39.2%; team rush 27.9; opp d_ypc 0.98; inside-10 car 0,1.0,
Hunter Henry,NE,BUF,TE,NE@BUF,anytime_td,0.1924,420.0,0.0,0.2116,C,-,tgt_sh 14.2%; team att 31.3; opp DvP 0.81; RZ tgt 1,1.0,
Hunter Henry,NE,BUF,TE,NE@BUF,first_td,0.03878697080697081,2478.0,0.0,0.2116,C,-,tgt_sh 14.2%; team att 31.3; opp DvP 0.81; RZ tgt 1,1.0,
Hunter Henry,NE,BUF,TE,NE@BUF,last_td,0.03878697080697081,2478.0,0.0,0.2116,C,-,tgt_sh 14.2%; team att 31.3; opp DvP 0.81; RZ tgt 1,1.0,
Hunter Henry,NE,BUF,TE,NE@BUF,2plus_td,0.0185,5305.0,0.0,0.2116,C,-,tgt_sh 14.2%; team att 31.3; opp DvP 0.81; RZ tgt 1,1.0,
Mack Hollins,NE,BUF,WR,NE@BUF,anytime_td,0.3247,208.0,0.0,0.38515,B,-,tgt_sh 15.8%; team att 31.3; opp DvP 1.01; RZ tgt 4,1.0,
Mack Hollins,NE,BUF,WR,NE@BUF,first_td,0.07001396006771007,1328.0,0.0,0.38515,B,-,tgt_sh 15.8%; team att 31.3; opp DvP 1.01; RZ tgt 4,1.0,
Mack Hollins,NE,BUF,WR,NE@BUF,last_td,0.07001396006771007,1328.0,0.0,0.38515,B,-,tgt_sh 15.8%; team att 31.3; opp DvP 1.01; RZ tgt 4,1.0,
Mack Hollins,NE,BUF,WR,NE@BUF,2plus_td,0.05505,1717.0,0.0,0.38515,B,-,tgt_sh 15.8%; team att 31.3; opp DvP 1.01; RZ tgt 4,1.0,
Corey Kiner,NE,BUF,RB,NE@BUF,anytime_td,0.0872,1047.0,0.0791,0.0116,C,-,car_sh 11.1%; team rush 27.9; opp d_ypc 0.98; inside-10 car 0,1.0,
Corey Kiner,NE,BUF,RB,NE@BUF,first_td,0.016594007659007662,5926.0,0.0791,0.0116,C,-,car_sh 11.1%; team rush 27.9; opp d_ypc 0.98; inside-10 car 0,1.0,
Corey Kiner,NE,BUF,RB,NE@BUF,last_td,0.016594007659007662,5926.0,0.0791,0.0116,C,-,car_sh 11.1%; team rush 27.9; opp d_ypc 0.98; inside-10 car 0,1.0,
Corey Kiner,NE,BUF,RB,NE@BUF,2plus_td,0.00345,28886.0,0.0791,0.0116,C,-,car_sh 11.1%; team rush 27.9; opp d_ypc 0.98; inside-10 car 0,1.0,
Lan Larison,NE,BUF,RB,NE@BUF,anytime_td,0.0447,2137.0,0.0037,0.04205,C,-,tgt_sh 3.1%; team att 31.3; opp DvP 0.99; RZ tgt 0,1.0,
Lan Larison,NE,BUF,RB,NE@BUF,first_td,0.008294365079365078,11956.0,0.0037,0.04205,C,-,tgt_sh 3.1%; team att 31.3; opp DvP 0.99; RZ tgt 0,1.0,
Lan Larison,NE,BUF,RB,NE@BUF,last_td,0.008294365079365078,11956.0,0.0037,0.04205,C,-,tgt_sh 3.1%; team att 31.3; opp DvP 0.99; RZ tgt 0,1.0,
Lan Larison,NE,BUF,RB,NE@BUF,2plus_td,0.00105,95138.0,0.0037,0.04205,C,-,tgt_sh 3.1%; team att 31.3; opp DvP 0.99; RZ tgt 0,1.0,
Eli Raridon,NE,BUF,TE,NE@BUF,anytime_td,0.058858768908192305,1599.0,0.0,0.06073086715590834,C,Questionable (Limited),w_td 0.04; team TD 2.21,0.6667342299285288,
Eli Raridon,NE,BUF,TE,NE@BUF,first_td,0.010949915119077917,9032.0,0.0,0.06073086715590834,C,Questionable (Limited),w_td 0.04; team TD 2.21,0.6667342299285288,
Eli Raridon,NE,BUF,TE,NE@BUF,last_td,0.010949915119077917,9032.0,0.0,0.06073086715590834,C,Questionable (Limited),w_td 0.04; team TD 2.21,0.6667342299285288,
Eli Raridon,NE,BUF,TE,NE@BUF,2plus_td,0.0017972143178073986,55542.0,0.0,0.06073086715590834,C,Questionable (Limited),w_td 0.04; team TD 2.21,0.6667342299285288,
Rhamondre Stevenson,NE,BUF,RB,NE@BUF,anytime_td,0.29915,234.0,0.21205,0.13705,B,-,tgt_sh 10.0%; team att 31.3; opp DvP 0.99; RZ tgt 0; car_sh 26.6%; team rush 27.9; opp d_ypc 0.98; inside-10 car 1,1.0,
Rhamondre Stevenson,NE,BUF,RB,NE@BUF,first_td,0.06353286643911644,1474.0,0.21205,0.13705,B,-,tgt_sh 10.0%; team att 31.3; opp DvP 0.99; RZ tgt 0; car_sh 26.6%; team rush 27.9; opp d_ypc 0.98; inside-10 car 1,1.0,
Rhamondre Stevenson,NE,BUF,RB,NE@BUF,last_td,0.06353286643911644,1474.0,0.21205,0.13705,B,-,tgt_sh 10.0%; team att 31.3; opp DvP 0.99; RZ tgt 0; car_sh 26.6%; team rush 27.9; opp d_ypc 0.98; inside-10 car 1,1.0,
Rhamondre Stevenson,NE,BUF,RB,NE@BUF,2plus_td,0.0453,2108.0,0.21205,0.13705,B,-,tgt_sh 10.0%; team att 31.3; opp DvP 0.99; RZ tgt 0; car_sh 26.6%; team rush 27.9; opp d_ypc 0.98; inside-10 car 1,1.0,
Kyle Williams,NE,BUF,WR,NE@BUF,anytime_td,0.06055,1552.0,0.0,0.06195,C,-,tgt_sh 4.4%; team att 31.3; opp DvP 1.01; RZ tgt 0,1.0,
Kyle Williams,NE,BUF,WR,NE@BUF,first_td,0.011198594877344877,8830.0,0.0,0.06195,C,-,tgt_sh 4.4%; team att 31.3; opp DvP 1.01; RZ tgt 0,1.0,
Kyle Williams,NE,BUF,WR,NE@BUF,last_td,0.011198594877344877,8830.0,0.0,0.06195,C,-,tgt_sh 4.4%; team att 31.3; opp DvP 1.01; RZ tgt 0,1.0,
Kyle Williams,NE,BUF,WR,NE@BUF,2plus_td,0.0014,71329.0,0.0,0.06195,C,-,tgt_sh 4.4%; team att 31.3; opp DvP 1.01; RZ tgt 0,1.0,
Josh Allen,BUF,NE,QB,NE@BUF,anytime_td,0.32675,206.0,0.39055,0.0,B,-,team att 29.0; ypa 7.85; opp d_ypa 0.93; pass rate 51.8%,1.0,
Josh Allen,BUF,NE,QB,NE@BUF,first_td,0.0728566964979465,1273.0,0.39055,0.0,B,-,team att 29.0; ypa 7.85; opp d_ypa 0.93; pass rate 51.8%,1.0,
Josh Allen,BUF,NE,QB,NE@BUF,last_td,0.0728566964979465,1273.0,0.39055,0.0,B,-,team att 29.0; ypa 7.85; opp d_ypa 0.93; pass rate 51.8%,1.0,
Josh Allen,BUF,NE,QB,NE@BUF,2plus_td,0.0576,1636.0,0.39055,0.0,B,-,team att 29.0; ypa 7.85; opp d_ypa 0.93; pass rate 51.8%,1.0,
Keon Coleman,BUF,NE,WR,NE@BUF,anytime_td,0.15820210658045677,532.0,0.0,0.17269788299092712,C,no game designation yet (Limited),tgt_sh 11.3%; team att 29.0; opp DvP 1.07; RZ tgt 1,0.9575230478992892,
Keon Coleman,BUF,NE,WR,NE@BUF,first_td,0.03180964916938428,3044.0,0.0,0.17269788299092712,C,no game designation yet (Limited),tgt_sh 11.3%; team att 29.0; opp DvP 1.07; RZ tgt 1,0.9575230478992892,
Keon Coleman,BUF,NE,WR,NE@BUF,last_td,0.03180964916938428,3044.0,0.0,0.17269788299092712,C,no game designation yet (Limited),tgt_sh 11.3%; team att 29.0; opp DvP 1.07; RZ tgt 1,0.9575230478992892,
Keon Coleman,BUF,NE,WR,NE@BUF,2plus_td,0.013765773281885494,7164.0,0.0,0.17269788299092712,C,no game designation yet (Limited),tgt_sh 11.3%; team att 29.0; opp DvP 1.07; RZ tgt 1,0.9575230478992892,
James Cook,BUF,NE,RB,NE@BUF,anytime_td,0.64555,-182.0,0.81945,0.1702,B,-,tgt_sh 7.4%; team att 29.0; opp DvP 1.13; RZ tgt 2; car_sh 57.4%; team rush 29.3; opp d_ypc 1.02; inside-10 car 5,1.0,
James Cook,BUF,NE,RB,NE@BUF,first_td,0.18291302794427794,447.0,0.81945,0.1702,B,-,tgt_sh 7.4%; team att 29.0; opp DvP 1.13; RZ tgt 2; car_sh 57.4%; team rush 29.3; opp d_ypc 1.02; inside-10 car 5,1.0,
James Cook,BUF,NE,RB,NE@BUF,last_td,0.18291302794427794,447.0,0.81945,0.1702,B,-,tgt_sh 7.4%; team att 29.0; opp DvP 1.13; RZ tgt 2; car_sh 57.4%; team rush 29.3; opp d_ypc 1.02; inside-10 car 5,1.0,
James Cook,BUF,NE,RB,NE@BUF,2plus_td,0.26115,283.0,0.81945,0.1702,B,-,tgt_sh 7.4%; team att 29.0; opp DvP 1.13; RZ tgt 2; car_sh 57.4%; team rush 29.3; opp d_ypc 1.02; inside-10 car 5,1.0,
Ray Davis,BUF,NE,RB,NE@BUF,anytime_td,0.06799285103737664,1371.0,0.05649234594762608,0.013365451861061466,C,Questionable (Limited),w_td 0.05; team TD 2.99,0.6469461218980005,
Ray Davis,BUF,NE,RB,NE@BUF,first_td,0.012921652388588436,7639.0,0.05649234594762608,0.013365451861061466,C,Questionable (Limited),w_td 0.05; team TD 2.99,0.6469461218980005,
Ray Davis,BUF,NE,RB,NE@BUF,last_td,0.012921652388588436,7639.0,0.05649234594762608,0.013365451861061466,C,Questionable (Limited),w_td 0.05; team TD 2.99,0.6469461218980005,
Ray Davis,BUF,NE,RB,NE@BUF,2plus_td,0.0018649467713109022,53521.0,0.05649234594762608,0.013365451861061466,C,Questionable (Limited),w_td 0.05; team TD 2.99,0.6469461218980005,
Greg Dortch,BUF,NE,WR,NE@BUF,anytime_td,0.02905,3342.0,0.0,0.0295,C,-,w_td 0.02; team TD 2.99,1.0,
Greg Dortch,BUF,NE,WR,NE@BUF,first_td,0.0057335593573093575,17341.0,0.0,0.0295,C,-,w_td 0.02; team TD 2.99,1.0,
Greg Dortch,BUF,NE,WR,NE@BUF,last_td,0.0057335593573093575,17341.0,0.0,0.0295,C,-,w_td 0.02; team TD 2.99,1.0,
Greg Dortch,BUF,NE,WR,NE@BUF,2plus_td,0.00045,222122.0,0.0,0.0295,C,-,w_td 0.02; team TD 2.99,1.0,
Frank Gore Jr.,BUF,NE,RB,NE@BUF,anytime_td,0.12055,730.0,0.12155,0.00635,C,-,car_sh 10.6%; team rush 29.3; opp d_ypc 1.02; inside-10 car 0,1.0,
Frank Gore Jr.,BUF,NE,RB,NE@BUF,first_td,0.02395799048174048,4074.0,0.12155,0.00635,C,-,car_sh 10.6%; team rush 29.3; opp d_ypc 1.02; inside-10 car 0,1.0,
Frank Gore Jr.,BUF,NE,RB,NE@BUF,last_td,0.02395799048174048,4074.0,0.12155,0.00635,C,-,car_sh 10.6%; team rush 29.3; opp d_ypc 1.02; inside-10 car 0,1.0,
Frank Gore Jr.,BUF,NE,RB,NE@BUF,2plus_td,0.00705,14084.0,0.12155,0.00635,C,-,car_sh 10.6%; team rush 29.3; opp d_ypc 1.02; inside-10 car 0,1.0,
Jackson Hawes,BUF,NE,TE,NE@BUF,anytime_td,0.02445,3990.0,0.0,0.025,C,-,w_td 0.02; team TD 2.99,1.0,
Jackson Hawes,BUF,NE,TE,NE@BUF,first_td,0.004576832611832612,21749.0,0.0,0.025,C,-,w_td 0.02; team TD 2.99,1.0,
Jackson Hawes,BUF,NE,TE,NE@BUF,last_td,0.004576832611832612,21749.0,0.0,0.025,C,-,w_td 0.02; team TD 2.99,1.0,
Jackson Hawes,BUF,NE,TE,NE@BUF,2plus_td,0.00055,181718.0,0.0,0.025,C,-,w_td 0.02; team TD 2.99,1.0,
Ty Johnson,BUF,NE,RB,NE@BUF,anytime_td,0.12725,686.0,0.02475,0.11055,C,-,tgt_sh 8.5%; team att 29.0; opp DvP 1.13; RZ tgt 0,1.0,
Ty Johnson,BUF,NE,RB,NE@BUF,first_td,0.024830427905427905,3927.0,0.02475,0.11055,C,-,tgt_sh 8.5%; team att 29.0; opp DvP 1.13; RZ tgt 0,1.0,
Ty Johnson,BUF,NE,RB,NE@BUF,last_td,0.024830427905427905,3927.0,0.02475,0.11055,C,-,tgt_sh 8.5%; team att 29.0; opp DvP 1.13; RZ tgt 0,1.0,
Ty Johnson,BUF,NE,RB,NE@BUF,2plus_td,0.00775,12803.0,0.02475,0.11055,C,-,tgt_sh 8.5%; team att 29.0; opp DvP 1.13; RZ tgt 0,1.0,
Dalton Kincaid,BUF,NE,TE,NE@BUF,anytime_td,0.21055,375.0,0.0,0.23445,B,-,tgt_sh 17.5%; team att 29.0; opp DvP 0.91; RZ tgt 1,1.0,
Dalton Kincaid,BUF,NE,TE,NE@BUF,first_td,0.04336214507714508,2206.0,0.0,0.23445,B,-,tgt_sh 17.5%; team att 29.0; opp DvP 0.91; RZ tgt 1,1.0,
Dalton Kincaid,BUF,NE,TE,NE@BUF,last_td,0.04336214507714508,2206.0,0.0,0.23445,B,-,tgt_sh 17.5%; team att 29.0; opp DvP 0.91; RZ tgt 1,1.0,
Dalton Kincaid,BUF,NE,TE,NE@BUF,2plus_td,0.02215,4415.0,0.0,0.23445,B,-,tgt_sh 17.5%; team att 29.0; opp DvP 0.91; RZ tgt 1,1.0,
Dawson Knox,BUF,NE,TE,NE@BUF,anytime_td,0.1007,893.0,0.0093,0.0966,C,-,tgt_sh 5.6%; team att 29.0; opp DvP 0.91; RZ tgt 1,1.0,
Dawson Knox,BUF,NE,TE,NE@BUF,first_td,0.019382113997114,5059.0,0.0093,0.0966,C,-,tgt_sh 5.6%; team att 29.0; opp DvP 0.91; RZ tgt 1,1.0,
Dawson Knox,BUF,NE,TE,NE@BUF,last_td,0.019382113997114,5059.0,0.0093,0.0966,C,-,tgt_sh 5.6%; team att 29.0; opp DvP 0.91; RZ tgt 1,1.0,
Dawson Knox,BUF,NE,TE,NE@BUF,2plus_td,0.0052,19131.0,0.0093,0.0966,C,-,tgt_sh 5.6%; team att 29.0; opp DvP 0.91; RZ tgt 1,1.0,
DJ Moore,BUF,NE,WR,NE@BUF,anytime_td,0.2670843121900287,274.0,0.00835291046724093,0.2978856695379796,B,no game designation yet (Limited),tgt_sh 18.5%; team att 29.0; opp DvP 1.07; RZ tgt 2,0.9575230478992892,
DJ Moore,BUF,NE,WR,NE@BUF,first_td,0.05649247240476683,1670.0,0.00835291046724093,0.2978856695379796,B,no game designation yet (Limited),tgt_sh 18.5%; team att 29.0; opp DvP 1.07; RZ tgt 2,0.9575230478992892,
DJ Moore,BUF,NE,WR,NE@BUF,last_td,0.05649247240476683,1670.0,0.00835291046724093,0.2978856695379796,B,no game designation yet (Limited),tgt_sh 18.5%; team att 29.0; opp DvP 1.07; RZ tgt 2,0.9575230478992892,
DJ Moore,BUF,NE,WR,NE@BUF,2plus_td,0.035813103628295484,2692.0,0.00835291046724093,0.2978856695379796,B,no game designation yet (Limited),tgt_sh 18.5%; team att 29.0; opp DvP 1.07; RZ tgt 2,0.9575230478992892,
Josh Palmer,BUF,NE,WR,NE@BUF,anytime_td,0.0785,1174.0,0.0,0.08185,C,-,tgt_sh 6.8%; team att 29.0; opp DvP 1.07; RZ tgt 0,1.0,
Josh Palmer,BUF,NE,WR,NE@BUF,first_td,0.015016371128871128,6559.0,0.0,0.08185,C,-,tgt_sh 6.8%; team att 29.0; opp DvP 1.07; RZ tgt 0,1.0,
Josh Palmer,BUF,NE,WR,NE@BUF,last_td,0.015016371128871128,6559.0,0.0,0.08185,C,-,tgt_sh 6.8%; team att 29.0; opp DvP 1.07; RZ tgt 0,1.0,
Josh Palmer,BUF,NE,WR,NE@BUF,2plus_td,0.0033,30203.0,0.0,0.08185,C,-,tgt_sh 6.8%; team att 29.0; opp DvP 1.07; RZ tgt 0,1.0,
Khalil Shakir,BUF,NE,WR,NE@BUF,anytime_td,0.3018,231.0,0.0,0.3549,B,-,tgt_sh 16.8%; team att 29.0; opp DvP 1.07; RZ tgt 4,1.0,
Khalil Shakir,BUF,NE,WR,NE@BUF,first_td,0.06495882478632478,1439.0,0.0,0.3549,B,-,tgt_sh 16.8%; team att 29.0; opp DvP 1.07; RZ tgt 4,1.0,
Khalil Shakir,BUF,NE,WR,NE@BUF,last_td,0.06495882478632478,1439.0,0.0,0.3549,B,-,tgt_sh 16.8%; team att 29.0; opp DvP 1.07; RZ tgt 4,1.0,
Khalil Shakir,BUF,NE,WR,NE@BUF,2plus_td,0.04735,2012.0,0.0,0.3549,B,-,tgt_sh 16.8%; team att 29.0; opp DvP 1.07; RZ tgt 4,1.0,
Geno Smith,NYJ,CHI,QB,NYJ@CHI,anytime_td,0.1591,529.0,0.1724,0.0,B,-,team att 32.5; ypa 7.84; opp d_ypa 1.04; pass rate 58.5%,1.0,
Geno Smith,NYJ,CHI,QB,NYJ@CHI,first_td,0.031821237789987786,3043.0,0.1724,0.0,B,-,team att 32.5; ypa 7.84; opp d_ypa 1.04; pass rate 58.5%,1.0,
Geno Smith,NYJ,CHI,QB,NYJ@CHI,last_td,0.031821237789987786,3043.0,0.1724,0.0,B,-,team att 32.5; ypa 7.84; opp d_ypa 1.04; pass rate 58.5%,1.0,
Geno Smith,NYJ,CHI,QB,NYJ@CHI,2plus_td,0.0128,7712.0,0.1724,0.0,B,-,team att 32.5; ypa 7.84; opp d_ypa 1.04; pass rate 58.5%,1.0,
Braelon Allen,NYJ,CHI,RB,NYJ@CHI,anytime_td,0.47455,111.0,0.43695,0.1878,B,-,tgt_sh 3.0%; team att 32.5; opp DvP 1.04; RZ tgt 3; car_sh 23.5%; team rush 25.2; opp d_ypc 1.09; inside-10 car 1,1.0,
Braelon Allen,NYJ,CHI,RB,NYJ@CHI,first_td,0.11582626734376736,763.0,0.43695,0.1878,B,-,tgt_sh 3.0%; team att 32.5; opp DvP 1.04; RZ tgt 3; car_sh 23.5%; team rush 25.2; opp d_ypc 1.09; inside-10 car 1,1.0,
Braelon Allen,NYJ,CHI,RB,NYJ@CHI,last_td,0.11582626734376736,763.0,0.43695,0.1878,B,-,tgt_sh 3.0%; team att 32.5; opp DvP 1.04; RZ tgt 3; car_sh 23.5%; team rush 25.2; opp d_ypc 1.09; inside-10 car 1,1.0,
Braelon Allen,NYJ,CHI,RB,NYJ@CHI,2plus_td,0.1274,685.0,0.43695,0.1878,B,-,tgt_sh 3.0%; team att 32.5; opp DvP 1.04; RZ tgt 3; car_sh 23.5%; team rush 25.2; opp d_ypc 1.09; inside-10 car 1,1.0,
Andrew Beck,NYJ,CHI,RB,NYJ@CHI,anytime_td,0.03115,3110.0,0.0216,0.0099,C,-,w_td 0.02; team TD 1.91,1.0,
Andrew Beck,NYJ,CHI,RB,NYJ@CHI,first_td,0.005935820707070706,16747.0,0.0216,0.0099,C,-,w_td 0.02; team TD 1.91,1.0,
Andrew Beck,NYJ,CHI,RB,NYJ@CHI,last_td,0.005935820707070706,16747.0,0.0216,0.0099,C,-,w_td 0.02; team TD 1.91,1.0,
Andrew Beck,NYJ,CHI,RB,NYJ@CHI,2plus_td,0.00035,285614.0,0.0216,0.0099,C,-,w_td 0.02; team TD 1.91,1.0,
Isaiah Davis,NYJ,CHI,RB,NYJ@CHI,anytime_td,0.05765,1635.0,0.0308,0.0283,C,-,tgt_sh 1.9%; team att 32.5; opp DvP 1.04; RZ tgt 0,1.0,
Isaiah Davis,NYJ,CHI,RB,NYJ@CHI,first_td,0.011046047979797979,8953.0,0.0308,0.0283,C,-,tgt_sh 1.9%; team att 32.5; opp DvP 1.04; RZ tgt 0,1.0,
Isaiah Davis,NYJ,CHI,RB,NYJ@CHI,last_td,0.011046047979797979,8953.0,0.0308,0.0283,C,-,tgt_sh 1.9%; team att 32.5; opp DvP 1.04; RZ tgt 0,1.0,
Isaiah Davis,NYJ,CHI,RB,NYJ@CHI,2plus_td,0.0014,71329.0,0.0308,0.0283,C,-,tgt_sh 1.9%; team att 32.5; opp DvP 1.04; RZ tgt 0,1.0,
Jeremy Ruckert,NYJ,CHI,TE,NYJ@CHI,anytime_td,0.15007890583903208,566.0,0.0,0.15938979484481852,C,no game designation yet (Full),tgt_sh 5.3%; team att 32.5; opp DvP 0.83; RZ tgt 2,0.9479829842591244,
Jeremy Ruckert,NYJ,CHI,TE,NYJ@CHI,first_td,0.029179114765648165,3327.0,0.0,0.15938979484481852,C,no game designation yet (Full),tgt_sh 5.3%; team att 32.5; opp DvP 0.83; RZ tgt 2,0.9479829842591244,
Jeremy Ruckert,NYJ,CHI,TE,NYJ@CHI,last_td,0.029179114765648165,3327.0,0.0,0.15938979484481852,C,no game designation yet (Full),tgt_sh 5.3%; team att 32.5; opp DvP 0.83; RZ tgt 2,0.9479829842591244,
Jeremy Ruckert,NYJ,CHI,TE,NYJ@CHI,2plus_td,0.008890057864281957,11149.0,0.0,0.15938979484481852,C,no game designation yet (Full),tgt_sh 5.3%; team att 32.5; opp DvP 0.83; RZ tgt 2,0.9479829842591244,
Kenyon Sadiq,NYJ,CHI,TE,NYJ@CHI,anytime_td,0.21822002101155635,358.0,0.06528590724898695,0.17814798138976437,C,Questionable (Limited),tgt_sh 13.7%; team att 32.5; opp DvP 0.83; RZ tgt 0,0.6667342299285288,
Kenyon Sadiq,NYJ,CHI,TE,NYJ@CHI,first_td,0.044600002445567506,2142.0,0.06528590724898695,0.17814798138976437,C,Questionable (Limited),tgt_sh 13.7%; team att 32.5; opp DvP 0.83; RZ tgt 0,0.6667342299285288,
Kenyon Sadiq,NYJ,CHI,TE,NYJ@CHI,last_td,0.044600002445567506,2142.0,0.06528590724898695,0.17814798138976437,C,Questionable (Limited),tgt_sh 13.7%; team att 32.5; opp DvP 0.83; RZ tgt 0,0.6667342299285288,
Kenyon Sadiq,NYJ,CHI,TE,NYJ@CHI,2plus_td,0.023487918355095304,4158.0,0.06528590724898695,0.17814798138976437,C,Questionable (Limited),tgt_sh 13.7%; team att 32.5; opp DvP 0.83; RZ tgt 0,0.6667342299285288,
Sterling Shepard,NYJ,CHI,WR,NYJ@CHI,anytime_td,0.07425,1247.0,0.0,0.07665,C,-,tgt_sh 5.2%; team att 32.5; opp DvP 0.95; RZ tgt 0,1.0,
Sterling Shepard,NYJ,CHI,WR,NYJ@CHI,first_td,0.013965019841269839,7061.0,0.0,0.07665,C,-,tgt_sh 5.2%; team att 32.5; opp DvP 0.95; RZ tgt 0,1.0,
Sterling Shepard,NYJ,CHI,WR,NYJ@CHI,last_td,0.013965019841269839,7061.0,0.0,0.07665,C,-,tgt_sh 5.2%; team att 32.5; opp DvP 0.95; RZ tgt 0,1.0,
Sterling Shepard,NYJ,CHI,WR,NYJ@CHI,2plus_td,0.0023,43378.0,0.0,0.07665,C,-,tgt_sh 5.2%; team att 32.5; opp DvP 0.95; RZ tgt 0,1.0,
Isaiah Williams,NYJ,CHI,WR,NYJ@CHI,anytime_td,0.1725,480.0,0.01345,0.17355,C,-,tgt_sh 8.3%; team att 32.5; opp DvP 0.95; RZ tgt 1,1.0,
Isaiah Williams,NYJ,CHI,WR,NYJ@CHI,first_td,0.03420294594294594,2824.0,0.01345,0.17355,C,-,tgt_sh 8.3%; team att 32.5; opp DvP 0.95; RZ tgt 1,1.0,
Isaiah Williams,NYJ,CHI,WR,NYJ@CHI,last_td,0.03420294594294594,2824.0,0.01345,0.17355,C,-,tgt_sh 8.3%; team att 32.5; opp DvP 0.95; RZ tgt 1,1.0,
Isaiah Williams,NYJ,CHI,WR,NYJ@CHI,2plus_td,0.0134,7363.0,0.01345,0.17355,C,-,tgt_sh 8.3%; team att 32.5; opp DvP 0.95; RZ tgt 1,1.0,
Garrett Wilson,NYJ,CHI,WR,NYJ@CHI,anytime_td,0.33535,198.0,0.0,0.40415,B,-,tgt_sh 24.6%; team att 32.5; opp DvP 0.95; RZ tgt 1,1.0,
Garrett Wilson,NYJ,CHI,WR,NYJ@CHI,first_td,0.07368944416694417,1257.0,0.0,0.40415,B,-,tgt_sh 24.6%; team att 32.5; opp DvP 0.95; RZ tgt 1,1.0,
Garrett Wilson,NYJ,CHI,WR,NYJ@CHI,last_td,0.07368944416694417,1257.0,0.0,0.40415,B,-,tgt_sh 24.6%; team att 32.5; opp DvP 0.95; RZ tgt 1,1.0,
Garrett Wilson,NYJ,CHI,WR,NYJ@CHI,2plus_td,0.061,1539.0,0.0,0.40415,B,-,tgt_sh 24.6%; team att 32.5; opp DvP 0.95; RZ tgt 1,1.0,
Case Keenum,CHI,NYJ,QB,NYJ@CHI,anytime_td,0.2036,391.0,0.22485,0.0,C,-,team att 28.4; ypa 6.62; opp d_ypa 0.92; pass rate 49.9%,1.0,
Case Keenum,CHI,NYJ,QB,NYJ@CHI,first_td,0.042668699217449216,2244.0,0.22485,0.0,C,-,team att 28.4; ypa 6.62; opp d_ypa 0.92; pass rate 49.9%,1.0,
Case Keenum,CHI,NYJ,QB,NYJ@CHI,last_td,0.042668699217449216,2244.0,0.22485,0.0,C,-,team att 28.4; ypa 6.62; opp d_ypa 0.92; pass rate 49.9%,1.0,
Case Keenum,CHI,NYJ,QB,NYJ@CHI,2plus_td,0.01985,4938.0,0.22485,0.0,C,-,team att 28.4; ypa 6.62; opp d_ypa 0.92; pass rate 49.9%,1.0,
Luther Burden III,CHI,NYJ,WR,NYJ@CHI,anytime_td,0.347,188.0,0.0107,0.40805,B,-,tgt_sh 19.1%; team att 28.4; opp DvP 0.95; RZ tgt 6,1.0,
Luther Burden III,CHI,NYJ,WR,NYJ@CHI,first_td,0.07837917970917971,1176.0,0.0107,0.40805,B,-,tgt_sh 19.1%; team att 28.4; opp DvP 0.95; RZ tgt 6,1.0,
Luther Burden III,CHI,NYJ,WR,NYJ@CHI,last_td,0.07837917970917971,1176.0,0.0107,0.40805,B,-,tgt_sh 19.1%; team att 28.4; opp DvP 0.95; RZ tgt 6,1.0,
Luther Burden III,CHI,NYJ,WR,NYJ@CHI,2plus_td,0.0637,1470.0,0.0107,0.40805,B,-,tgt_sh 19.1%; team att 28.4; opp DvP 0.95; RZ tgt 6,1.0,
Roschon Johnson,CHI,NYJ,RB,NYJ@CHI,anytime_td,0.01675,5870.0,0.0114,0.0054,C,-,w_td 0.01; team TD 3.22,1.0,
Roschon Johnson,CHI,NYJ,RB,NYJ@CHI,first_td,0.0031788335275835275,31358.0,0.0114,0.0054,C,-,w_td 0.01; team TD 3.22,1.0,
Roschon Johnson,CHI,NYJ,RB,NYJ@CHI,last_td,0.0031788335275835275,31358.0,0.0114,0.0054,C,-,w_td 0.01; team TD 3.22,1.0,
Roschon Johnson,CHI,NYJ,RB,NYJ@CHI,2plus_td,5e-05,999900.0,0.0114,0.0054,C,-,w_td 0.01; team TD 3.22,1.0,
Cole Kmet,CHI,NYJ,TE,NYJ@CHI,anytime_td,0.0803,1145.0,0.0,0.08295,C,-,tgt_sh 7.1%; team att 28.4; opp DvP 0.86; RZ tgt 0,1.0,
Cole Kmet,CHI,NYJ,TE,NYJ@CHI,first_td,0.015584996947496947,6316.0,0.0,0.08295,C,-,tgt_sh 7.1%; team att 28.4; opp DvP 0.86; RZ tgt 0,1.0,
Cole Kmet,CHI,NYJ,TE,NYJ@CHI,last_td,0.015584996947496947,6316.0,0.0,0.08295,C,-,tgt_sh 7.1%; team att 28.4; opp DvP 0.86; RZ tgt 0,1.0,
Cole Kmet,CHI,NYJ,TE,NYJ@CHI,2plus_td,0.0025,39900.0,0.0,0.08295,C,-,tgt_sh 7.1%; team att 28.4; opp DvP 0.86; RZ tgt 0,1.0,
Colston Loveland,CHI,NYJ,TE,NYJ@CHI,anytime_td,0.2156,364.0,0.0,0.24065,C,-,tgt_sh 14.2%; team att 28.4; opp DvP 0.86; RZ tgt 3,1.0,
Colston Loveland,CHI,NYJ,TE,NYJ@CHI,first_td,0.04543042582417583,2101.0,0.0,0.24065,C,-,tgt_sh 14.2%; team att 28.4; opp DvP 0.86; RZ tgt 3,1.0,
Colston Loveland,CHI,NYJ,TE,NYJ@CHI,last_td,0.04543042582417583,2101.0,0.0,0.24065,C,-,tgt_sh 14.2%; team att 28.4; opp DvP 0.86; RZ tgt 3,1.0,
Colston Loveland,CHI,NYJ,TE,NYJ@CHI,2plus_td,0.02375,4111.0,0.0,0.24065,C,-,tgt_sh 14.2%; team att 28.4; opp DvP 0.86; RZ tgt 3,1.0,
Kyle Monangai,CHI,NYJ,RB,NYJ@CHI,anytime_td,0.39595,153.0,0.4012,0.08985,B,-,tgt_sh 4.9%; team att 28.4; opp DvP 0.99; RZ tgt 1; car_sh 25.6%; team rush 30.9; opp d_ypc 1.00; inside-10 car 4,1.0,
Kyle Monangai,CHI,NYJ,RB,NYJ@CHI,first_td,0.093806356005106,966.0,0.4012,0.08985,B,-,tgt_sh 4.9%; team att 28.4; opp DvP 0.99; RZ tgt 1; car_sh 25.6%; team rush 30.9; opp d_ypc 1.00; inside-10 car 4,1.0,
Kyle Monangai,CHI,NYJ,RB,NYJ@CHI,last_td,0.093806356005106,966.0,0.4012,0.08985,B,-,tgt_sh 4.9%; team att 28.4; opp DvP 0.99; RZ tgt 1; car_sh 25.6%; team rush 30.9; opp d_ypc 1.00; inside-10 car 4,1.0,
Kyle Monangai,CHI,NYJ,RB,NYJ@CHI,2plus_td,0.083,1105.0,0.4012,0.08985,B,-,tgt_sh 4.9%; team att 28.4; opp DvP 0.99; RZ tgt 1; car_sh 25.6%; team rush 30.9; opp d_ypc 1.00; inside-10 car 4,1.0,
Rome Odunze,CHI,NYJ,WR,NYJ@CHI,anytime_td,0.2518,297.0,0.0,0.2844,B,-,tgt_sh 18.7%; team att 28.4; opp DvP 0.95; RZ tgt 2,1.0,
Rome Odunze,CHI,NYJ,WR,NYJ@CHI,first_td,0.0534461686924187,1771.0,0.0,0.2844,B,-,tgt_sh 18.7%; team att 28.4; opp DvP 0.95; RZ tgt 2,1.0,
Rome Odunze,CHI,NYJ,WR,NYJ@CHI,last_td,0.0534461686924187,1771.0,0.0,0.2844,B,-,tgt_sh 18.7%; team att 28.4; opp DvP 0.95; RZ tgt 2,1.0,
Rome Odunze,CHI,NYJ,WR,NYJ@CHI,2plus_td,0.03015,3217.0,0.0,0.2844,B,-,tgt_sh 18.7%; team att 28.4; opp DvP 0.95; RZ tgt 2,1.0,
Kalif Raymond,CHI,NYJ,WR,NYJ@CHI,anytime_td,0.25465,293.0,0.0,0.28965,B,-,tgt_sh 16.5%; team att 28.4; opp DvP 0.95; RZ tgt 3,1.0,
Kalif Raymond,CHI,NYJ,WR,NYJ@CHI,first_td,0.054082959262959265,1749.0,0.0,0.28965,B,-,tgt_sh 16.5%; team att 28.4; opp DvP 0.95; RZ tgt 3,1.0,
Kalif Raymond,CHI,NYJ,WR,NYJ@CHI,last_td,0.054082959262959265,1749.0,0.0,0.28965,B,-,tgt_sh 16.5%; team att 28.4; opp DvP 0.95; RZ tgt 3,1.0,
Kalif Raymond,CHI,NYJ,WR,NYJ@CHI,2plus_td,0.0325,2977.0,0.0,0.28965,B,-,tgt_sh 16.5%; team att 28.4; opp DvP 0.95; RZ tgt 3,1.0,
Sam Roush,CHI,NYJ,TE,NYJ@CHI,anytime_td,0.06085,1543.0,0.0,0.06255,C,-,w_td 0.04; team TD 3.22,1.0,
Sam Roush,CHI,NYJ,TE,NYJ@CHI,first_td,0.011757574508824507,8405.0,0.0,0.06255,C,-,w_td 0.04; team TD 3.22,1.0,
Sam Roush,CHI,NYJ,TE,NYJ@CHI,last_td,0.011757574508824507,8405.0,0.0,0.06255,C,-,w_td 0.04; team TD 3.22,1.0,
Sam Roush,CHI,NYJ,TE,NYJ@CHI,2plus_td,0.0017,58724.0,0.0,0.06255,C,-,w_td 0.04; team TD 3.22,1.0,
D'Andre Swift,CHI,NYJ,RB,NYJ@CHI,anytime_td,0.6106120304701865,-157.0,0.7540845810349357,0.14594168636721827,B,no game designation yet (Full),tgt_sh 9.4%; team att 28.4; opp DvP 0.99; RZ tgt 1; car_sh 46.4%; team rush 30.9; opp d_ypc 1.00; inside-10 car 10,0.9508674235277402,
D'Andre Swift,CHI,NYJ,RB,NYJ@CHI,first_td,0.16981405571634098,489.0,0.7540845810349357,0.14594168636721827,B,no game designation yet (Full),tgt_sh 9.4%; team att 28.4; opp DvP 0.99; RZ tgt 1; car_sh 46.4%; team rush 30.9; opp d_ypc 1.00; inside-10 car 10,0.9508674235277402,
D'Andre Swift,CHI,NYJ,RB,NYJ@CHI,last_td,0.16981405571634098,489.0,0.7540845810349357,0.14594168636721827,B,no game designation yet (Full),tgt_sh 9.4%; team att 28.4; opp DvP 0.99; RZ tgt 1; car_sh 46.4%; team rush 30.9; opp d_ypc 1.00; inside-10 car 10,0.9508674235277402,
D'Andre Swift,CHI,NYJ,RB,NYJ@CHI,2plus_td,0.22558444969792488,343.0,0.7540845810349357,0.14594168636721827,B,no game designation yet (Full),tgt_sh 9.4%; team att 28.4; opp DvP 0.99; RZ tgt 1; car_sh 46.4%; team rush 30.9; opp d_ypc 1.00; inside-10 car 10,0.9508674235277402,
Zavion Thomas,CHI,NYJ,WR,NYJ@CHI,anytime_td,0.0188,5219.0,0.0,0.0188,C,-,w_td 0.01; team TD 3.22,1.0,
Zavion Thomas,CHI,NYJ,WR,NYJ@CHI,first_td,0.0034989195526695526,28480.0,0.0,0.0188,C,-,w_td 0.01; team TD 3.22,1.0,
Zavion Thomas,CHI,NYJ,WR,NYJ@CHI,last_td,0.0034989195526695526,28480.0,0.0,0.0188,C,-,w_td 0.01; team TD 3.22,1.0,
Zavion Thomas,CHI,NYJ,WR,NYJ@CHI,2plus_td,0.0,,0.0,0.0188,C,-,w_td 0.01; team TD 3.22,1.0,
Jahdae Walker,CHI,NYJ,WR,NYJ@CHI,anytime_td,0.05935,1585.0,0.0,0.0608,C,-,w_td 0.04; team TD 3.22,1.0,
Jahdae Walker,CHI,NYJ,WR,NYJ@CHI,first_td,0.011414574314574315,8661.0,0.0,0.0608,C,-,w_td 0.04; team TD 3.22,1.0,
Jahdae Walker,CHI,NYJ,WR,NYJ@CHI,last_td,0.011414574314574315,8661.0,0.0,0.0608,C,-,w_td 0.04; team TD 3.22,1.0,
Jahdae Walker,CHI,NYJ,WR,NYJ@CHI,2plus_td,0.00145,68866.0,0.0,0.0608,C,-,w_td 0.04; team TD 3.22,1.0,
Trevor Lawrence,JAX,CIN,QB,JAX@CIN,anytime_td,0.0849,1078.0,0.08795,0.0,B,-,team att 29.5; ypa 7.52; opp d_ypa 1.01; pass rate 51.5%,1.0,
Trevor Lawrence,JAX,CIN,QB,JAX@CIN,first_td,0.016324022921522918,6026.0,0.08795,0.0,B,-,team att 29.5; ypa 7.52; opp d_ypa 1.01; pass rate 51.5%,1.0,
Trevor Lawrence,JAX,CIN,QB,JAX@CIN,last_td,0.016324022921522918,6026.0,0.08795,0.0,B,-,team att 29.5; ypa 7.52; opp d_ypa 1.01; pass rate 51.5%,1.0,
Trevor Lawrence,JAX,CIN,QB,JAX@CIN,2plus_td,0.003,33233.0,0.08795,0.0,B,-,team att 29.5; ypa 7.52; opp d_ypa 1.01; pass rate 51.5%,1.0,
Ameer Abdullah,JAX,CIN,RB,JAX@CIN,anytime_td,0.16675,500.0,0.0847,0.0956,C,-,tgt_sh 3.9%; team att 29.5; opp DvP 0.93; RZ tgt 1; car_sh 10.1%; team rush 29.5; opp d_ypc 1.05; inside-10 car 0,1.0,
Ameer Abdullah,JAX,CIN,RB,JAX@CIN,first_td,0.03313453213453214,2918.0,0.0847,0.0956,C,-,tgt_sh 3.9%; team att 29.5; opp DvP 0.93; RZ tgt 1; car_sh 10.1%; team rush 29.5; opp d_ypc 1.05; inside-10 car 0,1.0,
Ameer Abdullah,JAX,CIN,RB,JAX@CIN,last_td,0.03313453213453214,2918.0,0.0847,0.0956,C,-,tgt_sh 3.9%; team att 29.5; opp DvP 0.93; RZ tgt 1; car_sh 10.1%; team rush 29.5; opp d_ypc 1.05; inside-10 car 0,1.0,
Ameer Abdullah,JAX,CIN,RB,JAX@CIN,2plus_td,0.01295,7622.0,0.0847,0.0956,C,-,tgt_sh 3.9%; team att 29.5; opp DvP 0.93; RZ tgt 1; car_sh 10.1%; team rush 29.5; opp d_ypc 1.05; inside-10 car 0,1.0,
LeQuint Allen Jr.,JAX,CIN,RB,JAX@CIN,anytime_td,0.08450916394677378,1083.0,0.011448656791363294,0.07682651267888527,C,no game designation yet (Limited),w_td 0.05; team TD 2.93,0.9951309141019752,
LeQuint Allen Jr.,JAX,CIN,RB,JAX@CIN,first_td,0.01623770725327341,6059.0,0.011448656791363294,0.07682651267888527,C,no game designation yet (Limited),w_td 0.05; team TD 2.93,0.9951309141019752,
LeQuint Allen Jr.,JAX,CIN,RB,JAX@CIN,last_td,0.01623770725327341,6059.0,0.011448656791363294,0.07682651267888527,C,no game designation yet (Limited),w_td 0.05; team TD 2.93,0.9951309141019752,
LeQuint Allen Jr.,JAX,CIN,RB,JAX@CIN,2plus_td,0.0037157921164951042,26812.0,0.011448656791363294,0.07682651267888527,C,no game designation yet (Limited),w_td 0.05; team TD 2.93,0.9951309141019752,
Nate Boerkircher,JAX,CIN,TE,JAX@CIN,anytime_td,0.06282639658173762,1492.0,0.0,0.06504193701535053,C,no game designation yet (Full),w_td 0.04; team TD 2.93,0.9479829842591244,
Nate Boerkircher,JAX,CIN,TE,JAX@CIN,first_td,0.01194076272411452,8275.0,0.0,0.06504193701535053,C,no game designation yet (Full),w_td 0.04; team TD 2.93,0.9479829842591244,
Nate Boerkircher,JAX,CIN,TE,JAX@CIN,last_td,0.01194076272411452,8275.0,0.0,0.06504193701535053,C,no game designation yet (Full),w_td 0.04; team TD 2.93,0.9479829842591244,
Nate Boerkircher,JAX,CIN,TE,JAX@CIN,2plus_td,0.0022155404336129136,45036.0,0.0,0.06504193701535053,C,no game designation yet (Full),w_td 0.04; team TD 2.93,0.9479829842591244,
Josh Cameron,JAX,CIN,WR,JAX@CIN,anytime_td,0.1517,559.0,0.0,0.16215,C,-,tgt_sh 5.5%; team att 29.5; opp DvP 0.99; RZ tgt 2,1.0,
Josh Cameron,JAX,CIN,WR,JAX@CIN,first_td,0.030077977022977022,3225.0,0.0,0.16215,C,-,tgt_sh 5.5%; team att 29.5; opp DvP 0.99; RZ tgt 2,1.0,
Josh Cameron,JAX,CIN,WR,JAX@CIN,last_td,0.030077977022977022,3225.0,0.0,0.16215,C,-,tgt_sh 5.5%; team att 29.5; opp DvP 0.99; RZ tgt 2,1.0,
Josh Cameron,JAX,CIN,WR,JAX@CIN,2plus_td,0.0103,9609.0,0.0,0.16215,C,-,tgt_sh 5.5%; team att 29.5; opp DvP 0.99; RZ tgt 2,1.0,
Jakobi Meyers,JAX,CIN,WR,JAX@CIN,anytime_td,0.30846137655230477,224.0,0.007735213639233846,0.3542412123763418,C,no game designation yet (Full),tgt_sh 18.4%; team att 29.5; opp DvP 0.99; RZ tgt 2,0.9479829842591244,
Jakobi Meyers,JAX,CIN,WR,JAX@CIN,first_td,0.06615490469679061,1412.0,0.007735213639233846,0.3542412123763418,C,no game designation yet (Full),tgt_sh 18.4%; team att 29.5; opp DvP 0.99; RZ tgt 2,0.9479829842591244,
Jakobi Meyers,JAX,CIN,WR,JAX@CIN,last_td,0.06615490469679061,1412.0,0.007735213639233846,0.3542412123763418,C,no game designation yet (Full),tgt_sh 18.4%; team att 29.5; opp DvP 0.99; RZ tgt 2,0.9479829842591244,
Jakobi Meyers,JAX,CIN,WR,JAX@CIN,2plus_td,0.04872658387707851,1952.0,0.007735213639233846,0.3542412123763418,C,no game designation yet (Full),tgt_sh 18.4%; team att 29.5; opp DvP 0.99; RZ tgt 2,0.9479829842591244,
Quintin Morris,JAX,CIN,TE,JAX@CIN,anytime_td,0.03785,2542.0,0.0,0.0383,C,-,w_td 0.02; team TD 2.93,1.0,
Quintin Morris,JAX,CIN,TE,JAX@CIN,first_td,0.007059437229437229,14065.0,0.0,0.0383,C,-,w_td 0.02; team TD 2.93,1.0,
Quintin Morris,JAX,CIN,TE,JAX@CIN,last_td,0.007059437229437229,14065.0,0.0,0.0383,C,-,w_td 0.02; team TD 2.93,1.0,
Quintin Morris,JAX,CIN,TE,JAX@CIN,2plus_td,0.00045,222122.0,0.0,0.0383,C,-,w_td 0.02; team TD 2.93,1.0,
Chris Rodriguez Jr.,JAX,CIN,RB,JAX@CIN,anytime_td,0.25385,294.0,0.282,0.00695,B,-,car_sh 23.4%; team rush 29.5; opp d_ypc 1.05; inside-10 car 3,1.0,
Chris Rodriguez Jr.,JAX,CIN,RB,JAX@CIN,first_td,0.05380035755910756,1759.0,0.282,0.00695,B,-,car_sh 23.4%; team rush 29.5; opp d_ypc 1.05; inside-10 car 3,1.0,
Chris Rodriguez Jr.,JAX,CIN,RB,JAX@CIN,last_td,0.05380035755910756,1759.0,0.282,0.00695,B,-,car_sh 23.4%; team rush 29.5; opp d_ypc 1.05; inside-10 car 3,1.0,
Chris Rodriguez Jr.,JAX,CIN,RB,JAX@CIN,2plus_td,0.0324,2986.0,0.282,0.00695,B,-,car_sh 23.4%; team rush 29.5; opp d_ypc 1.05; inside-10 car 3,1.0,
Brenton Strange,JAX,CIN,TE,JAX@CIN,anytime_td,0.25415,293.0,0.0,0.2903,C,-,tgt_sh 15.4%; team att 29.5; opp DvP 0.85; RZ tgt 2,1.0,
Brenton Strange,JAX,CIN,TE,JAX@CIN,first_td,0.05351232905982906,1769.0,0.0,0.2903,C,-,tgt_sh 15.4%; team att 29.5; opp DvP 0.85; RZ tgt 2,1.0,
Brenton Strange,JAX,CIN,TE,JAX@CIN,last_td,0.05351232905982906,1769.0,0.0,0.2903,C,-,tgt_sh 15.4%; team att 29.5; opp DvP 0.85; RZ tgt 2,1.0,
Brenton Strange,JAX,CIN,TE,JAX@CIN,2plus_td,0.03375,2863.0,0.0,0.2903,C,-,tgt_sh 15.4%; team att 29.5; opp DvP 0.85; RZ tgt 2,1.0,
Brian Thomas Jr.,JAX,CIN,WR,JAX@CIN,anytime_td,0.24045,316.0,0.0,0.2709,C,-,tgt_sh 17.8%; team att 29.5; opp DvP 0.99; RZ tgt 0,1.0,
Brian Thomas Jr.,JAX,CIN,WR,JAX@CIN,first_td,0.049574058025308024,1917.0,0.0,0.2709,C,-,tgt_sh 17.8%; team att 29.5; opp DvP 0.99; RZ tgt 0,1.0,
Brian Thomas Jr.,JAX,CIN,WR,JAX@CIN,last_td,0.049574058025308024,1917.0,0.0,0.2709,C,-,tgt_sh 17.8%; team att 29.5; opp DvP 0.99; RZ tgt 0,1.0,
Brian Thomas Jr.,JAX,CIN,WR,JAX@CIN,2plus_td,0.02795,3478.0,0.0,0.2709,C,-,tgt_sh 17.8%; team att 29.5; opp DvP 0.99; RZ tgt 0,1.0,
Bhayshul Tuten,JAX,CIN,RB,JAX@CIN,anytime_td,0.4253,135.0,0.4221,0.117,B,-,tgt_sh 5.4%; team att 29.5; opp DvP 0.93; RZ tgt 1; car_sh 43.2%; team rush 29.5; opp d_ypc 1.05; inside-10 car 2,1.0,
Bhayshul Tuten,JAX,CIN,RB,JAX@CIN,first_td,0.10011610028860028,899.0,0.4221,0.117,B,-,tgt_sh 5.4%; team att 29.5; opp DvP 0.93; RZ tgt 1; car_sh 43.2%; team rush 29.5; opp d_ypc 1.05; inside-10 car 2,1.0,
Bhayshul Tuten,JAX,CIN,RB,JAX@CIN,last_td,0.10011610028860028,899.0,0.4221,0.117,B,-,tgt_sh 5.4%; team att 29.5; opp DvP 0.93; RZ tgt 1; car_sh 43.2%; team rush 29.5; opp d_ypc 1.05; inside-10 car 2,1.0,
Bhayshul Tuten,JAX,CIN,RB,JAX@CIN,2plus_td,0.0993,907.0,0.4221,0.117,B,-,tgt_sh 5.4%; team att 29.5; opp DvP 0.93; RZ tgt 1; car_sh 43.2%; team rush 29.5; opp d_ypc 1.05; inside-10 car 2,1.0,
Parker Washington,JAX,CIN,WR,JAX@CIN,anytime_td,0.38435,160.0,0.0,0.4764,B,-,tgt_sh 23.5%; team att 29.5; opp DvP 0.99; RZ tgt 3,1.0,
Parker Washington,JAX,CIN,WR,JAX@CIN,first_td,0.0870402238039738,1049.0,0.0,0.4764,B,-,tgt_sh 23.5%; team att 29.5; opp DvP 0.99; RZ tgt 3,1.0,
Parker Washington,JAX,CIN,WR,JAX@CIN,last_td,0.0870402238039738,1049.0,0.0,0.4764,B,-,tgt_sh 23.5%; team att 29.5; opp DvP 0.99; RZ tgt 3,1.0,
Parker Washington,JAX,CIN,WR,JAX@CIN,2plus_td,0.0799,1152.0,0.0,0.4764,B,-,tgt_sh 23.5%; team att 29.5; opp DvP 0.99; RZ tgt 3,1.0,
Joe Burrow,CIN,JAX,QB,JAX@CIN,anytime_td,0.0371,2595.0,0.0374,0.0,B,-,team att 33.8; ypa 7.91; opp d_ypa 1.10; pass rate 60.6%,1.0,
Joe Burrow,CIN,JAX,QB,JAX@CIN,first_td,0.006951636002886002,14285.0,0.0374,0.0,B,-,team att 33.8; ypa 7.91; opp d_ypa 1.10; pass rate 60.6%,1.0,
Joe Burrow,CIN,JAX,QB,JAX@CIN,last_td,0.006951636002886002,14285.0,0.0374,0.0,B,-,team att 33.8; ypa 7.91; opp d_ypa 1.10; pass rate 60.6%,1.0,
Joe Burrow,CIN,JAX,QB,JAX@CIN,2plus_td,0.0003,333233.0,0.0374,0.0,B,-,team att 33.8; ypa 7.91; opp d_ypa 1.10; pass rate 60.6%,1.0,
Erick All,CIN,JAX,TE,JAX@CIN,anytime_td,0.0325,2977.0,0.0,0.03305,C,-,w_td 0.02; team TD 2.30,1.0,
Erick All,CIN,JAX,TE,JAX@CIN,first_td,0.006001062964812965,16564.0,0.0,0.03305,C,-,w_td 0.02; team TD 2.30,1.0,
Erick All,CIN,JAX,TE,JAX@CIN,last_td,0.006001062964812965,16564.0,0.0,0.03305,C,-,w_td 0.02; team TD 2.30,1.0,
Erick All,CIN,JAX,TE,JAX@CIN,2plus_td,0.00055,181718.0,0.0,0.03305,C,-,w_td 0.02; team TD 2.30,1.0,
Tahj Brooks,CIN,JAX,RB,JAX@CIN,anytime_td,0.0188,5219.0,0.0127,0.00625,C,-,w_td 0.03; team TD 2.30,1.0,
Tahj Brooks,CIN,JAX,RB,JAX@CIN,first_td,0.0035988551726051725,27687.0,0.0127,0.00625,C,-,w_td 0.03; team TD 2.30,1.0,
Tahj Brooks,CIN,JAX,RB,JAX@CIN,last_td,0.0035988551726051725,27687.0,0.0127,0.00625,C,-,w_td 0.03; team TD 2.30,1.0,
Tahj Brooks,CIN,JAX,RB,JAX@CIN,2plus_td,0.00015,666567.0,0.0127,0.00625,C,-,w_td 0.03; team TD 2.30,1.0,
Chase Brown,CIN,JAX,RB,JAX@CIN,anytime_td,0.4814,108.0,0.4261,0.2125,B,-,tgt_sh 12.7%; team att 33.8; opp DvP 0.98; RZ tgt 1; car_sh 64.7%; team rush 23.6; opp d_ypc 0.94; inside-10 car 3,1.0,
Chase Brown,CIN,JAX,RB,JAX@CIN,first_td,0.116007828005328,762.0,0.4261,0.2125,B,-,tgt_sh 12.7%; team att 33.8; opp DvP 0.98; RZ tgt 1; car_sh 64.7%; team rush 23.6; opp d_ypc 0.94; inside-10 car 3,1.0,
Chase Brown,CIN,JAX,RB,JAX@CIN,last_td,0.116007828005328,762.0,0.4261,0.2125,B,-,tgt_sh 12.7%; team att 33.8; opp DvP 0.98; RZ tgt 1; car_sh 64.7%; team rush 23.6; opp d_ypc 0.94; inside-10 car 3,1.0,
Chase Brown,CIN,JAX,RB,JAX@CIN,2plus_td,0.1308,665.0,0.4261,0.2125,B,-,tgt_sh 12.7%; team att 33.8; opp DvP 0.98; RZ tgt 1; car_sh 64.7%; team rush 23.6; opp d_ypc 0.94; inside-10 car 3,1.0,
Ja'Marr Chase,CIN,JAX,WR,JAX@CIN,anytime_td,0.4232,136.0,0.0,0.53675,B,-,tgt_sh 26.5%; team att 33.8; opp DvP 0.98; RZ tgt 4,1.0,
Ja'Marr Chase,CIN,JAX,WR,JAX@CIN,first_td,0.09680858946608946,933.0,0.0,0.53675,B,-,tgt_sh 26.5%; team att 33.8; opp DvP 0.98; RZ tgt 4,1.0,
Ja'Marr Chase,CIN,JAX,WR,JAX@CIN,last_td,0.09680858946608946,933.0,0.0,0.53675,B,-,tgt_sh 26.5%; team att 33.8; opp DvP 0.98; RZ tgt 4,1.0,
Ja'Marr Chase,CIN,JAX,WR,JAX@CIN,2plus_td,0.0979,921.0,0.0,0.53675,B,-,tgt_sh 26.5%; team att 33.8; opp DvP 0.98; RZ tgt 4,1.0,
Mike Gesicki,CIN,JAX,TE,JAX@CIN,anytime_td,0.2262,342.0,0.0,0.2505,C,-,tgt_sh 11.1%; team att 33.8; opp DvP 1.12; RZ tgt 2,1.0,
Mike Gesicki,CIN,JAX,TE,JAX@CIN,first_td,0.04529333916083916,2108.0,0.0,0.2505,C,-,tgt_sh 11.1%; team att 33.8; opp DvP 1.12; RZ tgt 2,1.0,
Mike Gesicki,CIN,JAX,TE,JAX@CIN,last_td,0.04529333916083916,2108.0,0.0,0.2505,C,-,tgt_sh 11.1%; team att 33.8; opp DvP 1.12; RZ tgt 2,1.0,
Mike Gesicki,CIN,JAX,TE,JAX@CIN,2plus_td,0.02315,4220.0,0.0,0.2505,C,-,tgt_sh 11.1%; team att 33.8; opp DvP 1.12; RZ tgt 2,1.0,
Tee Higgins,CIN,JAX,WR,JAX@CIN,anytime_td,0.27265,267.0,0.0,0.3109,B,-,tgt_sh 19.0%; team att 33.8; opp DvP 0.98; RZ tgt 1,1.0,
Tee Higgins,CIN,JAX,WR,JAX@CIN,first_td,0.05638089674214674,1674.0,0.0,0.3109,B,-,tgt_sh 19.0%; team att 33.8; opp DvP 0.98; RZ tgt 1,1.0,
Tee Higgins,CIN,JAX,WR,JAX@CIN,last_td,0.05638089674214674,1674.0,0.0,0.3109,B,-,tgt_sh 19.0%; team att 33.8; opp DvP 0.98; RZ tgt 1,1.0,
Tee Higgins,CIN,JAX,WR,JAX@CIN,2plus_td,0.03585,2689.0,0.0,0.3109,B,-,tgt_sh 19.0%; team att 33.8; opp DvP 0.98; RZ tgt 1,1.0,
Tanner Hudson,CIN,JAX,TE,JAX@CIN,anytime_td,0.0547,1728.0,0.0,0.05565,C,-,tgt_sh 3.7%; team att 33.8; opp DvP 1.12; RZ tgt 0,1.0,
Tanner Hudson,CIN,JAX,TE,JAX@CIN,first_td,0.0101458836996337,9756.0,0.0,0.05565,C,-,tgt_sh 3.7%; team att 33.8; opp DvP 1.12; RZ tgt 0,1.0,
Tanner Hudson,CIN,JAX,TE,JAX@CIN,last_td,0.0101458836996337,9756.0,0.0,0.05565,C,-,tgt_sh 3.7%; team att 33.8; opp DvP 1.12; RZ tgt 0,1.0,
Tanner Hudson,CIN,JAX,TE,JAX@CIN,2plus_td,0.0009,111011.0,0.0,0.05565,C,-,tgt_sh 3.7%; team att 33.8; opp DvP 1.12; RZ tgt 0,1.0,
Dohnte Meyers,CIN,JAX,WR,JAX@CIN,anytime_td,0.08265,1110.0,0.00535,0.08015,C,-,tgt_sh 5.6%; team att 33.8; opp DvP 0.98; RZ tgt 0,1.0,
Dohnte Meyers,CIN,JAX,WR,JAX@CIN,first_td,0.015183779415029415,6486.0,0.00535,0.08015,C,-,tgt_sh 5.6%; team att 33.8; opp DvP 0.98; RZ tgt 0,1.0,
Dohnte Meyers,CIN,JAX,WR,JAX@CIN,last_td,0.015183779415029415,6486.0,0.00535,0.08015,C,-,tgt_sh 5.6%; team att 33.8; opp DvP 0.98; RZ tgt 0,1.0,
Dohnte Meyers,CIN,JAX,WR,JAX@CIN,2plus_td,0.00285,34988.0,0.00535,0.08015,C,-,tgt_sh 5.6%; team att 33.8; opp DvP 0.98; RZ tgt 0,1.0,
Samaje Perine,CIN,JAX,RB,JAX@CIN,anytime_td,0.2009,398.0,0.1392,0.0813,B,-,tgt_sh 5.7%; team att 33.8; opp DvP 0.98; RZ tgt 0; car_sh 20.6%; team rush 23.6; opp d_ypc 0.94; inside-10 car 1,1.0,
Samaje Perine,CIN,JAX,RB,JAX@CIN,first_td,0.04026854298479299,2383.0,0.1392,0.0813,B,-,tgt_sh 5.7%; team att 33.8; opp DvP 0.98; RZ tgt 0; car_sh 20.6%; team rush 23.6; opp d_ypc 0.94; inside-10 car 1,1.0,
Samaje Perine,CIN,JAX,RB,JAX@CIN,last_td,0.04026854298479299,2383.0,0.1392,0.0813,B,-,tgt_sh 5.7%; team att 33.8; opp DvP 0.98; RZ tgt 0; car_sh 20.6%; team rush 23.6; opp d_ypc 0.94; inside-10 car 1,1.0,
Samaje Perine,CIN,JAX,RB,JAX@CIN,2plus_td,0.01885,5205.0,0.1392,0.0813,B,-,tgt_sh 5.7%; team att 33.8; opp DvP 0.98; RZ tgt 0; car_sh 20.6%; team rush 23.6; opp d_ypc 0.94; inside-10 car 1,1.0,
Drew Sample,CIN,JAX,TE,JAX@CIN,anytime_td,0.0979,921.0,0.0,0.1015,C,-,tgt_sh 3.7%; team att 33.8; opp DvP 1.12; RZ tgt 1,1.0,
Drew Sample,CIN,JAX,TE,JAX@CIN,first_td,0.018659675879675878,5259.0,0.0,0.1015,C,-,tgt_sh 3.7%; team att 33.8; opp DvP 1.12; RZ tgt 1,1.0,
Drew Sample,CIN,JAX,TE,JAX@CIN,last_td,0.018659675879675878,5259.0,0.0,0.1015,C,-,tgt_sh 3.7%; team att 33.8; opp DvP 1.12; RZ tgt 1,1.0,
Drew Sample,CIN,JAX,TE,JAX@CIN,2plus_td,0.0035,28471.0,0.0,0.1015,C,-,tgt_sh 3.7%; team att 33.8; opp DvP 1.12; RZ tgt 1,1.0,
Dak Prescott,DAL,HOU,QB,DAL@HOU,anytime_td,0.0738,1255.0,0.0761,0.0,B,-,team att 34.4; ypa 7.53; opp d_ypa 1.06; pass rate 59.7%,1.0,
Dak Prescott,DAL,HOU,QB,DAL@HOU,first_td,0.01425405289155289,6916.0,0.0761,0.0,B,-,team att 34.4; ypa 7.53; opp d_ypa 1.06; pass rate 59.7%,1.0,
Dak Prescott,DAL,HOU,QB,DAL@HOU,last_td,0.01425405289155289,6916.0,0.0761,0.0,B,-,team att 34.4; ypa 7.53; opp d_ypa 1.06; pass rate 59.7%,1.0,
Dak Prescott,DAL,HOU,QB,DAL@HOU,2plus_td,0.0023,43378.0,0.0761,0.0,B,-,team att 34.4; ypa 7.53; opp d_ypa 1.06; pass rate 59.7%,1.0,
Emari Demercado,DAL,HOU,RB,DAL@HOU,anytime_td,0.0928,978.0,0.0769,0.01985,C,-,car_sh 12.4%; team rush 24.5; opp d_ypc 0.92; inside-10 car 0,1.0,
Emari Demercado,DAL,HOU,RB,DAL@HOU,first_td,0.01781209831834832,5514.0,0.0769,0.01985,C,-,car_sh 12.4%; team rush 24.5; opp d_ypc 0.92; inside-10 car 0,1.0,
Emari Demercado,DAL,HOU,RB,DAL@HOU,last_td,0.01781209831834832,5514.0,0.0769,0.01985,C,-,car_sh 12.4%; team rush 24.5; opp d_ypc 0.92; inside-10 car 0,1.0,
Emari Demercado,DAL,HOU,RB,DAL@HOU,2plus_td,0.0039,25541.0,0.0769,0.01985,C,-,car_sh 12.4%; team rush 24.5; opp d_ypc 0.92; inside-10 car 0,1.0,
Jake Ferguson,DAL,HOU,TE,DAL@HOU,anytime_td,0.2387,319.0,0.0,0.27155,B,-,tgt_sh 12.9%; team att 34.4; opp DvP 1.08; RZ tgt 4,1.0,
Jake Ferguson,DAL,HOU,TE,DAL@HOU,first_td,0.049299491064491066,1928.0,0.0,0.27155,B,-,tgt_sh 12.9%; team att 34.4; opp DvP 1.08; RZ tgt 4,1.0,
Jake Ferguson,DAL,HOU,TE,DAL@HOU,last_td,0.049299491064491066,1928.0,0.0,0.27155,B,-,tgt_sh 12.9%; team att 34.4; opp DvP 1.08; RZ tgt 4,1.0,
Jake Ferguson,DAL,HOU,TE,DAL@HOU,2plus_td,0.03015,3217.0,0.0,0.27155,B,-,tgt_sh 12.9%; team att 34.4; opp DvP 1.08; RZ tgt 4,1.0,
Ryan Flournoy,DAL,HOU,WR,DAL@HOU,anytime_td,0.2384,319.0,0.0,0.26965,B,-,tgt_sh 13.7%; team att 34.4; opp DvP 0.97; RZ tgt 4,1.0,
Ryan Flournoy,DAL,HOU,WR,DAL@HOU,first_td,0.04885147685647686,1947.0,0.0,0.26965,B,-,tgt_sh 13.7%; team att 34.4; opp DvP 0.97; RZ tgt 4,1.0,
Ryan Flournoy,DAL,HOU,WR,DAL@HOU,last_td,0.04885147685647686,1947.0,0.0,0.26965,B,-,tgt_sh 13.7%; team att 34.4; opp DvP 0.97; RZ tgt 4,1.0,
Ryan Flournoy,DAL,HOU,WR,DAL@HOU,2plus_td,0.0289,3360.0,0.0,0.26965,B,-,tgt_sh 13.7%; team att 34.4; opp DvP 0.97; RZ tgt 4,1.0,
Tyler Goodson,DAL,HOU,RB,DAL@HOU,anytime_td,0.1164,759.0,0.09945,0.0236,C,-,car_sh 15.5%; team rush 24.5; opp d_ypc 0.92; inside-10 car 0,1.0,
Tyler Goodson,DAL,HOU,RB,DAL@HOU,first_td,0.02206982364857365,4431.0,0.09945,0.0236,C,-,car_sh 15.5%; team rush 24.5; opp d_ypc 0.92; inside-10 car 0,1.0,
Tyler Goodson,DAL,HOU,RB,DAL@HOU,last_td,0.02206982364857365,4431.0,0.09945,0.0236,C,-,car_sh 15.5%; team rush 24.5; opp d_ypc 0.92; inside-10 car 0,1.0,
Tyler Goodson,DAL,HOU,RB,DAL@HOU,2plus_td,0.0064,15525.0,0.09945,0.0236,C,-,car_sh 15.5%; team rush 24.5; opp d_ypc 0.92; inside-10 car 0,1.0,
CeeDee Lamb,DAL,HOU,WR,DAL@HOU,anytime_td,0.3167,216.0,0.007,0.3651,B,-,tgt_sh 23.5%; team att 34.4; opp DvP 0.97; RZ tgt 3,1.0,
CeeDee Lamb,DAL,HOU,WR,DAL@HOU,first_td,0.06733285103785104,1385.0,0.007,0.3651,B,-,tgt_sh 23.5%; team att 34.4; opp DvP 0.97; RZ tgt 3,1.0,
CeeDee Lamb,DAL,HOU,WR,DAL@HOU,last_td,0.06733285103785104,1385.0,0.007,0.3651,B,-,tgt_sh 23.5%; team att 34.4; opp DvP 0.97; RZ tgt 3,1.0,
CeeDee Lamb,DAL,HOU,WR,DAL@HOU,2plus_td,0.05135,1847.0,0.007,0.3651,B,-,tgt_sh 23.5%; team att 34.4; opp DvP 0.97; RZ tgt 3,1.0,
Hunter Luepke,DAL,HOU,RB,DAL@HOU,anytime_td,0.03535,2729.0,0.0219,0.01415,C,-,w_td 0.04; team TD 2.48,1.0,
Hunter Luepke,DAL,HOU,RB,DAL@HOU,first_td,0.006507186147186147,15268.0,0.0219,0.01415,C,-,w_td 0.04; team TD 2.48,1.0,
Hunter Luepke,DAL,HOU,RB,DAL@HOU,last_td,0.006507186147186147,15268.0,0.0219,0.01415,C,-,w_td 0.04; team TD 2.48,1.0,
Hunter Luepke,DAL,HOU,RB,DAL@HOU,2plus_td,0.0007,142757.0,0.0219,0.01415,C,-,w_td 0.04; team TD 2.48,1.0,
Jonathan Mingo,DAL,HOU,WR,DAL@HOU,anytime_td,0.0211,4639.0,0.0,0.02125,C,-,w_td 0.02; team TD 2.48,1.0,
Jonathan Mingo,DAL,HOU,WR,DAL@HOU,first_td,0.0038456006493506494,25904.0,0.0,0.02125,C,-,w_td 0.02; team TD 2.48,1.0,
Jonathan Mingo,DAL,HOU,WR,DAL@HOU,last_td,0.0038456006493506494,25904.0,0.0,0.02125,C,-,w_td 0.02; team TD 2.48,1.0,
Jonathan Mingo,DAL,HOU,WR,DAL@HOU,2plus_td,0.00015,666567.0,0.0,0.02125,C,-,w_td 0.02; team TD 2.48,1.0,
George Pickens,DAL,HOU,WR,DAL@HOU,anytime_td,0.2972,236.0,0.0,0.3435,B,-,tgt_sh 21.9%; team att 34.4; opp DvP 0.97; RZ tgt 3,1.0,
George Pickens,DAL,HOU,WR,DAL@HOU,first_td,0.0625254329004329,1499.0,0.0,0.3435,B,-,tgt_sh 21.9%; team att 34.4; opp DvP 0.97; RZ tgt 3,1.0,
George Pickens,DAL,HOU,WR,DAL@HOU,last_td,0.0625254329004329,1499.0,0.0,0.3435,B,-,tgt_sh 21.9%; team att 34.4; opp DvP 0.97; RZ tgt 3,1.0,
George Pickens,DAL,HOU,WR,DAL@HOU,2plus_td,0.042,2281.0,0.0,0.3435,B,-,tgt_sh 21.9%; team att 34.4; opp DvP 0.97; RZ tgt 3,1.0,
Luke Schoonmaker,DAL,HOU,TE,DAL@HOU,anytime_td,0.0324,2986.0,0.0,0.03305,C,-,w_td 0.02; team TD 2.48,1.0,
Luke Schoonmaker,DAL,HOU,TE,DAL@HOU,first_td,0.005835912698412697,17035.0,0.0,0.03305,C,-,w_td 0.02; team TD 2.48,1.0,
Luke Schoonmaker,DAL,HOU,TE,DAL@HOU,last_td,0.005835912698412697,17035.0,0.0,0.03305,C,-,w_td 0.02; team TD 2.48,1.0,
Luke Schoonmaker,DAL,HOU,TE,DAL@HOU,2plus_td,0.00065,153746.0,0.0,0.03305,C,-,w_td 0.02; team TD 2.48,1.0,
Brevyn Spann-Ford,DAL,HOU,TE,DAL@HOU,anytime_td,0.04035,2378.0,0.0,0.0412,C,-,tgt_sh 3.3%; team att 34.4; opp DvP 1.08; RZ tgt 0,1.0,
Brevyn Spann-Ford,DAL,HOU,TE,DAL@HOU,first_td,0.007496792096792097,13239.0,0.0,0.0412,C,-,tgt_sh 3.3%; team att 34.4; opp DvP 1.08; RZ tgt 0,1.0,
Brevyn Spann-Ford,DAL,HOU,TE,DAL@HOU,last_td,0.007496792096792097,13239.0,0.0,0.0412,C,-,tgt_sh 3.3%; team att 34.4; opp DvP 1.08; RZ tgt 0,1.0,
Brevyn Spann-Ford,DAL,HOU,TE,DAL@HOU,2plus_td,0.0008,124900.0,0.0,0.0412,C,-,tgt_sh 3.3%; team att 34.4; opp DvP 1.08; RZ tgt 0,1.0,
KaVontae Turpin,DAL,HOU,WR,DAL@HOU,anytime_td,0.1071,834.0,0.0278,0.0846,C,-,tgt_sh 4.8%; team att 34.4; opp DvP 0.97; RZ tgt 1,1.0,
KaVontae Turpin,DAL,HOU,WR,DAL@HOU,first_td,0.020350450105450103,4814.0,0.0278,0.0846,C,-,tgt_sh 4.8%; team att 34.4; opp DvP 0.97; RZ tgt 1,1.0,
KaVontae Turpin,DAL,HOU,WR,DAL@HOU,last_td,0.020350450105450103,4814.0,0.0278,0.0846,C,-,tgt_sh 4.8%; team att 34.4; opp DvP 0.97; RZ tgt 1,1.0,
KaVontae Turpin,DAL,HOU,WR,DAL@HOU,2plus_td,0.00495,20102.0,0.0278,0.0846,C,-,tgt_sh 4.8%; team att 34.4; opp DvP 0.97; RZ tgt 1,1.0,
Javonte Williams,DAL,HOU,RB,DAL@HOU,anytime_td,0.5014,-101.0,0.46805,0.21115,B,-,tgt_sh 10.4%; team att 34.4; opp DvP 1.06; RZ tgt 3; car_sh 54.2%; team rush 24.5; opp d_ypc 0.92; inside-10 car 7,1.0,
Javonte Williams,DAL,HOU,RB,DAL@HOU,first_td,0.12406763902763901,706.0,0.46805,0.21115,B,-,tgt_sh 10.4%; team att 34.4; opp DvP 1.06; RZ tgt 3; car_sh 54.2%; team rush 24.5; opp d_ypc 0.92; inside-10 car 7,1.0,
Javonte Williams,DAL,HOU,RB,DAL@HOU,last_td,0.12406763902763901,706.0,0.46805,0.21115,B,-,tgt_sh 10.4%; team att 34.4; opp DvP 1.06; RZ tgt 3; car_sh 54.2%; team rush 24.5; opp d_ypc 0.92; inside-10 car 7,1.0,
Javonte Williams,DAL,HOU,RB,DAL@HOU,2plus_td,0.14565,587.0,0.46805,0.21115,B,-,tgt_sh 10.4%; team att 34.4; opp DvP 1.06; RZ tgt 3; car_sh 54.2%; team rush 24.5; opp d_ypc 0.92; inside-10 car 7,1.0,
C.J. Stroud,HOU,DAL,QB,DAL@HOU,anytime_td,0.0896,1016.0,0.09265,0.0,B,-,team att 37.2; ypa 7.04; opp d_ypa 1.02; pass rate 62.1%,1.0,
C.J. Stroud,HOU,DAL,QB,DAL@HOU,first_td,0.017265503108003108,5692.0,0.09265,0.0,B,-,team att 37.2; ypa 7.04; opp d_ypa 1.02; pass rate 62.1%,1.0,
C.J. Stroud,HOU,DAL,QB,DAL@HOU,last_td,0.017265503108003108,5692.0,0.09265,0.0,B,-,team att 37.2; ypa 7.04; opp d_ypa 1.02; pass rate 62.1%,1.0,
C.J. Stroud,HOU,DAL,QB,DAL@HOU,2plus_td,0.00295,33798.0,0.09265,0.0,B,-,team att 37.2; ypa 7.04; opp d_ypa 1.02; pass rate 62.1%,1.0,
Lewis Bond,HOU,DAL,WR,DAL@HOU,anytime_td,0.023,4248.0,0.0,0.02335,C,-,w_td 0.02; team TD 2.74,1.0,
Lewis Bond,HOU,DAL,WR,DAL@HOU,first_td,0.004336311882561882,22961.0,0.0,0.02335,C,-,w_td 0.02; team TD 2.74,1.0,
Lewis Bond,HOU,DAL,WR,DAL@HOU,last_td,0.004336311882561882,22961.0,0.0,0.02335,C,-,w_td 0.02; team TD 2.74,1.0,
Lewis Bond,HOU,DAL,WR,DAL@HOU,2plus_td,0.00035,285614.0,0.0,0.02335,C,-,w_td 0.02; team TD 2.74,1.0,
Kayshon Boutte,HOU,DAL,WR,DAL@HOU,anytime_td,0.15955,527.0,0.0,0.17385,C,-,tgt_sh 7.4%; team att 37.2; opp DvP 1.09; RZ tgt 2,1.0,
Kayshon Boutte,HOU,DAL,WR,DAL@HOU,first_td,0.03166619616494617,3058.0,0.0,0.17385,C,-,tgt_sh 7.4%; team att 37.2; opp DvP 1.09; RZ tgt 2,1.0,
Kayshon Boutte,HOU,DAL,WR,DAL@HOU,last_td,0.03166619616494617,3058.0,0.0,0.17385,C,-,tgt_sh 7.4%; team att 37.2; opp DvP 1.09; RZ tgt 2,1.0,
Kayshon Boutte,HOU,DAL,WR,DAL@HOU,2plus_td,0.0137,7199.0,0.0,0.17385,C,-,tgt_sh 7.4%; team att 37.2; opp DvP 1.09; RZ tgt 2,1.0,
Nico Collins,HOU,DAL,WR,DAL@HOU,anytime_td,0.31392712123609134,219.0,0.011232399936718873,0.3601750777830512,C,no game designation yet (Full),tgt_sh 21.8%; team att 37.2; opp DvP 1.09; RZ tgt 2,0.9479829842591244,
Nico Collins,HOU,DAL,WR,DAL@HOU,first_td,0.06787253861292779,1373.0,0.011232399936718873,0.3601750777830512,C,no game designation yet (Full),tgt_sh 21.8%; team att 37.2; opp DvP 1.09; RZ tgt 2,0.9479829842591244,
Nico Collins,HOU,DAL,WR,DAL@HOU,last_td,0.06787253861292779,1373.0,0.011232399936718873,0.3601750777830512,C,no game designation yet (Full),tgt_sh 21.8%; team att 37.2; opp DvP 1.09; RZ tgt 2,0.9479829842591244,
Nico Collins,HOU,DAL,WR,DAL@HOU,2plus_td,0.052470600643358116,1806.0,0.011232399936718873,0.3601750777830512,C,no game designation yet (Full),tgt_sh 21.8%; team att 37.2; opp DvP 1.09; RZ tgt 2,0.9479829842591244,
Xavier Hutchinson,HOU,DAL,WR,DAL@HOU,anytime_td,0.2028,393.0,0.0155,0.20895,B,-,tgt_sh 12.9%; team att 37.2; opp DvP 1.09; RZ tgt 1,1.0,
Xavier Hutchinson,HOU,DAL,WR,DAL@HOU,first_td,0.04128259324009324,2322.0,0.0155,0.20895,B,-,tgt_sh 12.9%; team att 37.2; opp DvP 1.09; RZ tgt 1,1.0,
Xavier Hutchinson,HOU,DAL,WR,DAL@HOU,last_td,0.04128259324009324,2322.0,0.0155,0.20895,B,-,tgt_sh 12.9%; team att 37.2; opp DvP 1.09; RZ tgt 1,1.0,
Xavier Hutchinson,HOU,DAL,WR,DAL@HOU,2plus_td,0.02055,4766.0,0.0155,0.20895,B,-,tgt_sh 12.9%; team att 37.2; opp DvP 1.09; RZ tgt 1,1.0,
Woody Marks,HOU,DAL,RB,DAL@HOU,anytime_td,0.39335,154.0,0.35655,0.1275,B,-,tgt_sh 5.2%; team att 37.2; opp DvP 0.84; RZ tgt 2; car_sh 32.5%; team rush 24.1; opp d_ypc 1.11; inside-10 car 2,1.0,
Woody Marks,HOU,DAL,RB,DAL@HOU,first_td,0.08957096306471306,1016.0,0.35655,0.1275,B,-,tgt_sh 5.2%; team att 37.2; opp DvP 0.84; RZ tgt 2; car_sh 32.5%; team rush 24.1; opp d_ypc 1.11; inside-10 car 2,1.0,
Woody Marks,HOU,DAL,RB,DAL@HOU,last_td,0.08957096306471306,1016.0,0.35655,0.1275,B,-,tgt_sh 5.2%; team att 37.2; opp DvP 0.84; RZ tgt 2; car_sh 32.5%; team rush 24.1; opp d_ypc 1.11; inside-10 car 2,1.0,
Woody Marks,HOU,DAL,RB,DAL@HOU,2plus_td,0.0798,1153.0,0.35655,0.1275,B,-,tgt_sh 5.2%; team att 37.2; opp DvP 0.84; RZ tgt 2; car_sh 32.5%; team rush 24.1; opp d_ypc 1.11; inside-10 car 2,1.0,
David Montgomery,HOU,DAL,RB,DAL@HOU,anytime_td,0.47875,109.0,0.54545,0.08785,B,-,tgt_sh 4.7%; team att 37.2; opp DvP 0.84; RZ tgt 1; car_sh 48.1%; team rush 24.1; opp d_ypc 1.11; inside-10 car 4,1.0,
David Montgomery,HOU,DAL,RB,DAL@HOU,first_td,0.11690205974580974,755.0,0.54545,0.08785,B,-,tgt_sh 4.7%; team att 37.2; opp DvP 0.84; RZ tgt 1; car_sh 48.1%; team rush 24.1; opp d_ypc 1.11; inside-10 car 4,1.0,
David Montgomery,HOU,DAL,RB,DAL@HOU,last_td,0.11690205974580974,755.0,0.54545,0.08785,B,-,tgt_sh 4.7%; team att 37.2; opp DvP 0.84; RZ tgt 1; car_sh 48.1%; team rush 24.1; opp d_ypc 1.11; inside-10 car 4,1.0,
David Montgomery,HOU,DAL,RB,DAL@HOU,2plus_td,0.1308,665.0,0.54545,0.08785,B,-,tgt_sh 4.7%; team att 37.2; opp DvP 0.84; RZ tgt 1; car_sh 48.1%; team rush 24.1; opp d_ypc 1.11; inside-10 car 4,1.0,
Foster Moreau,HOU,DAL,TE,DAL@HOU,anytime_td,0.1482,575.0,0.0,0.15905,C,-,tgt_sh 6.8%; team att 37.2; opp DvP 1.00; RZ tgt 2,1.0,
Foster Moreau,HOU,DAL,TE,DAL@HOU,first_td,0.0290433855033855,3343.0,0.0,0.15905,C,-,tgt_sh 6.8%; team att 37.2; opp DvP 1.00; RZ tgt 2,1.0,
Foster Moreau,HOU,DAL,TE,DAL@HOU,last_td,0.0290433855033855,3343.0,0.0,0.15905,C,-,tgt_sh 6.8%; team att 37.2; opp DvP 1.00; RZ tgt 2,1.0,
Foster Moreau,HOU,DAL,TE,DAL@HOU,2plus_td,0.01055,9379.0,0.0,0.15905,C,-,tgt_sh 6.8%; team att 37.2; opp DvP 1.00; RZ tgt 2,1.0,
Jaylin Noel,HOU,DAL,WR,DAL@HOU,anytime_td,0.09205,986.0,0.01795,0.0773,C,-,tgt_sh 5.6%; team att 37.2; opp DvP 1.09; RZ tgt 0,1.0,
Jaylin Noel,HOU,DAL,WR,DAL@HOU,first_td,0.017475824175824176,5622.0,0.01795,0.0773,C,-,tgt_sh 5.6%; team att 37.2; opp DvP 1.09; RZ tgt 0,1.0,
Jaylin Noel,HOU,DAL,WR,DAL@HOU,last_td,0.017475824175824176,5622.0,0.01795,0.0773,C,-,tgt_sh 5.6%; team att 37.2; opp DvP 1.09; RZ tgt 0,1.0,
Jaylin Noel,HOU,DAL,WR,DAL@HOU,2plus_td,0.003,33233.0,0.01795,0.0773,C,-,tgt_sh 5.6%; team att 37.2; opp DvP 1.09; RZ tgt 0,1.0,
Dalton Schultz,HOU,DAL,TE,DAL@HOU,anytime_td,0.24337299102483823,311.0,0.0,0.2743164266332707,B,no game designation yet (Limited),tgt_sh 18.8%; team att 37.2; opp DvP 1.00; RZ tgt 1,0.9575230478992892,
Dalton Schultz,HOU,DAL,TE,DAL@HOU,first_td,0.0502109200488975,1892.0,0.0,0.2743164266332707,B,no game designation yet (Limited),tgt_sh 18.8%; team att 37.2; opp DvP 1.00; RZ tgt 1,0.9575230478992892,
Dalton Schultz,HOU,DAL,TE,DAL@HOU,last_td,0.0502109200488975,1892.0,0.0,0.2743164266332707,B,no game designation yet (Limited),tgt_sh 18.8%; team att 37.2; opp DvP 1.00; RZ tgt 1,0.9575230478992892,
Dalton Schultz,HOU,DAL,TE,DAL@HOU,2plus_td,0.028960551033187225,3353.0,0.0,0.2743164266332707,B,no game designation yet (Limited),tgt_sh 18.8%; team att 37.2; opp DvP 1.00; RZ tgt 1,0.9575230478992892,
Cade Stover,HOU,DAL,TE,DAL@HOU,anytime_td,0.03455,2794.0,0.0,0.03515,C,-,w_td 0.02; team TD 2.74,1.0,
Cade Stover,HOU,DAL,TE,DAL@HOU,first_td,0.006554975302475302,15156.0,0.0,0.03515,C,-,w_td 0.02; team TD 2.74,1.0,
Cade Stover,HOU,DAL,TE,DAL@HOU,last_td,0.006554975302475302,15156.0,0.0,0.03515,C,-,w_td 0.02; team TD 2.74,1.0,
Cade Stover,HOU,DAL,TE,DAL@HOU,2plus_td,0.00055,181718.0,0.0,0.03515,C,-,w_td 0.02; team TD 2.74,1.0,
Jared Wayne,HOU,DAL,WR,DAL@HOU,anytime_td,0.16675,500.0,0.0,0.1805,C,-,tgt_sh 10.9%; team att 37.2; opp DvP 1.09; RZ tgt 1,1.0,
Jared Wayne,HOU,DAL,WR,DAL@HOU,first_td,0.03304616924741925,2926.0,0.0,0.1805,C,-,tgt_sh 10.9%; team att 37.2; opp DvP 1.09; RZ tgt 1,1.0,
Jared Wayne,HOU,DAL,WR,DAL@HOU,last_td,0.03304616924741925,2926.0,0.0,0.1805,C,-,tgt_sh 10.9%; team att 37.2; opp DvP 1.09; RZ tgt 1,1.0,
Jared Wayne,HOU,DAL,WR,DAL@HOU,2plus_td,0.0132,7476.0,0.0,0.1805,C,-,tgt_sh 10.9%; team att 37.2; opp DvP 1.09; RZ tgt 1,1.0,
Jacoby Brissett,ARI,NYG,QB,ARI@NYG,anytime_td,0.09035,1007.0,0.09485,0.0,B,-,team att 35.8; ypa 6.20; opp d_ypa 0.98; pass rate 60.0%,1.0,
Jacoby Brissett,ARI,NYG,QB,ARI@NYG,first_td,0.020251729104229104,4838.0,0.09485,0.0,B,-,team att 35.8; ypa 6.20; opp d_ypa 0.98; pass rate 60.0%,1.0,
Jacoby Brissett,ARI,NYG,QB,ARI@NYG,last_td,0.020251729104229104,4838.0,0.09485,0.0,B,-,team att 35.8; ypa 6.20; opp d_ypa 0.98; pass rate 60.0%,1.0,
Jacoby Brissett,ARI,NYG,QB,ARI@NYG,2plus_td,0.00445,22372.0,0.09485,0.0,B,-,team att 35.8; ypa 6.20; opp d_ypa 0.98; pass rate 60.0%,1.0,
Tyler Allgeier,ARI,NYG,RB,ARI@NYG,anytime_td,0.2198,355.0,0.158,0.08655,B,-,tgt_sh 5.0%; team att 35.8; opp DvP 0.93; RZ tgt 2; car_sh 26.3%; team rush 24.6; opp d_ypc 1.05; inside-10 car 2,1.0,
Tyler Allgeier,ARI,NYG,RB,ARI@NYG,first_td,0.05203401626151626,1822.0,0.158,0.08655,B,-,tgt_sh 5.0%; team att 35.8; opp DvP 0.93; RZ tgt 2; car_sh 26.3%; team rush 24.6; opp d_ypc 1.05; inside-10 car 2,1.0,
Tyler Allgeier,ARI,NYG,RB,ARI@NYG,last_td,0.05203401626151626,1822.0,0.158,0.08655,B,-,tgt_sh 5.0%; team att 35.8; opp DvP 0.93; RZ tgt 2; car_sh 26.3%; team rush 24.6; opp d_ypc 1.05; inside-10 car 2,1.0,
Tyler Allgeier,ARI,NYG,RB,ARI@NYG,2plus_td,0.023,4248.0,0.158,0.08655,B,-,tgt_sh 5.0%; team att 35.8; opp DvP 0.93; RZ tgt 2; car_sh 26.3%; team rush 24.6; opp d_ypc 1.05; inside-10 car 2,1.0,
Kendrick Bourne,ARI,NYG,WR,ARI@NYG,anytime_td,0.1492,570.0,0.0,0.16045,C,-,tgt_sh 11.6%; team att 35.8; opp DvP 1.08; RZ tgt 2,1.0,
Kendrick Bourne,ARI,NYG,WR,ARI@NYG,first_td,0.034350019147519145,2811.0,0.0,0.16045,C,-,tgt_sh 11.6%; team att 35.8; opp DvP 1.08; RZ tgt 2,1.0,
Kendrick Bourne,ARI,NYG,WR,ARI@NYG,last_td,0.034350019147519145,2811.0,0.0,0.16045,C,-,tgt_sh 11.6%; team att 35.8; opp DvP 1.08; RZ tgt 2,1.0,
Kendrick Bourne,ARI,NYG,WR,ARI@NYG,2plus_td,0.011,8991.0,0.0,0.16045,C,-,tgt_sh 11.6%; team att 35.8; opp DvP 1.08; RZ tgt 2,1.0,
Jalen Brooks,ARI,NYG,WR,ARI@NYG,anytime_td,0.01835,5350.0,0.0,0.01845,C,-,w_td 0.02; team TD 2.06,1.0,
Jalen Brooks,ARI,NYG,WR,ARI@NYG,first_td,0.004001511544011543,24891.0,0.0,0.01845,C,-,w_td 0.02; team TD 2.06,1.0,
Jalen Brooks,ARI,NYG,WR,ARI@NYG,last_td,0.004001511544011543,24891.0,0.0,0.01845,C,-,w_td 0.02; team TD 2.06,1.0,
Jalen Brooks,ARI,NYG,WR,ARI@NYG,2plus_td,0.0001,999900.0,0.0,0.01845,C,-,w_td 0.02; team TD 2.06,1.0,
Marvin Harrison Jr.,ARI,NYG,WR,ARI@NYG,anytime_td,0.1184,745.0,0.0,0.12535,C,-,tgt_sh 11.8%; team att 35.8; opp DvP 1.08; RZ tgt 0,1.0,
Marvin Harrison Jr.,ARI,NYG,WR,ARI@NYG,first_td,0.026559441391941392,3665.0,0.0,0.12535,C,-,tgt_sh 11.8%; team att 35.8; opp DvP 1.08; RZ tgt 0,1.0,
Marvin Harrison Jr.,ARI,NYG,WR,ARI@NYG,last_td,0.026559441391941392,3665.0,0.0,0.12535,C,-,tgt_sh 11.8%; team att 35.8; opp DvP 1.08; RZ tgt 0,1.0,
Marvin Harrison Jr.,ARI,NYG,WR,ARI@NYG,2plus_td,0.0066,15052.0,0.0,0.12535,C,-,tgt_sh 11.8%; team att 35.8; opp DvP 1.08; RZ tgt 0,1.0,
Elijah Higgins,ARI,NYG,TE,ARI@NYG,anytime_td,0.0388,2477.0,0.0,0.0394,C,-,tgt_sh 3.8%; team att 35.8; opp DvP 1.09; RZ tgt 0,1.0,
Elijah Higgins,ARI,NYG,TE,ARI@NYG,first_td,0.008533656204906205,11618.0,0.0,0.0394,C,-,tgt_sh 3.8%; team att 35.8; opp DvP 1.09; RZ tgt 0,1.0,
Elijah Higgins,ARI,NYG,TE,ARI@NYG,last_td,0.008533656204906205,11618.0,0.0,0.0394,C,-,tgt_sh 3.8%; team att 35.8; opp DvP 1.09; RZ tgt 0,1.0,
Elijah Higgins,ARI,NYG,TE,ARI@NYG,2plus_td,0.0006,166567.0,0.0,0.0394,C,-,tgt_sh 3.8%; team att 35.8; opp DvP 1.09; RZ tgt 0,1.0,
Bam Knight,ARI,NYG,RB,ARI@NYG,anytime_td,0.0758,1219.0,0.0496,0.02935,C,-,w_td 0.10; team TD 2.06,1.0,
Bam Knight,ARI,NYG,RB,ARI@NYG,first_td,0.01682147186147186,5845.0,0.0496,0.02935,C,-,w_td 0.10; team TD 2.06,1.0,
Bam Knight,ARI,NYG,RB,ARI@NYG,last_td,0.01682147186147186,5845.0,0.0496,0.02935,C,-,w_td 0.10; team TD 2.06,1.0,
Bam Knight,ARI,NYG,RB,ARI@NYG,2plus_td,0.0031,32158.0,0.0496,0.02935,C,-,w_td 0.10; team TD 2.06,1.0,
Hunter Long,ARI,NYG,TE,ARI@NYG,anytime_td,0.02565,3799.0,0.0,0.02595,C,-,w_td 0.02; team TD 2.06,1.0,
Hunter Long,ARI,NYG,TE,ARI@NYG,first_td,0.005364868326118326,18540.0,0.0,0.02595,C,-,w_td 0.02; team TD 2.06,1.0,
Hunter Long,ARI,NYG,TE,ARI@NYG,last_td,0.005364868326118326,18540.0,0.0,0.02595,C,-,w_td 0.02; team TD 2.06,1.0,
Hunter Long,ARI,NYG,TE,ARI@NYG,2plus_td,0.0003,333233.0,0.0,0.02595,C,-,w_td 0.02; team TD 2.06,1.0,
Jeremiyah Love,ARI,NYG,RB,ARI@NYG,anytime_td,0.3747,167.0,0.3057,0.152,B,-,tgt_sh 9.8%; team att 35.8; opp DvP 0.93; RZ tgt 3; car_sh 50.2%; team rush 24.6; opp d_ypc 1.05; inside-10 car 4,1.0,
Jeremiyah Love,ARI,NYG,RB,ARI@NYG,first_td,0.09670218961593961,934.0,0.3057,0.152,B,-,tgt_sh 9.8%; team att 35.8; opp DvP 0.93; RZ tgt 3; car_sh 50.2%; team rush 24.6; opp d_ypc 1.05; inside-10 car 4,1.0,
Jeremiyah Love,ARI,NYG,RB,ARI@NYG,last_td,0.09670218961593961,934.0,0.3057,0.152,B,-,tgt_sh 9.8%; team att 35.8; opp DvP 0.93; RZ tgt 3; car_sh 50.2%; team rush 24.6; opp d_ypc 1.05; inside-10 car 4,1.0,
Jeremiyah Love,ARI,NYG,RB,ARI@NYG,2plus_td,0.07245,1280.0,0.3057,0.152,B,-,tgt_sh 9.8%; team att 35.8; opp DvP 0.93; RZ tgt 3; car_sh 50.2%; team rush 24.6; opp d_ypc 1.05; inside-10 car 4,1.0,
Trey McBride,ARI,NYG,TE,ARI@NYG,anytime_td,0.3774,165.0,0.0,0.4636,B,-,tgt_sh 28.3%; team att 35.8; opp DvP 1.09; RZ tgt 8,1.0,
Trey McBride,ARI,NYG,TE,ARI@NYG,first_td,0.09766968226218226,924.0,0.0,0.4636,B,-,tgt_sh 28.3%; team att 35.8; opp DvP 1.09; RZ tgt 8,1.0,
Trey McBride,ARI,NYG,TE,ARI@NYG,last_td,0.09766968226218226,924.0,0.0,0.4636,B,-,tgt_sh 28.3%; team att 35.8; opp DvP 1.09; RZ tgt 8,1.0,
Trey McBride,ARI,NYG,TE,ARI@NYG,2plus_td,0.0755,1225.0,0.0,0.4636,B,-,tgt_sh 28.3%; team att 35.8; opp DvP 1.09; RZ tgt 8,1.0,
Michael Wilson,ARI,NYG,WR,ARI@NYG,anytime_td,0.2796,258.0,0.0,0.32235,B,-,tgt_sh 20.3%; team att 35.8; opp DvP 1.08; RZ tgt 5,1.0,
Michael Wilson,ARI,NYG,WR,ARI@NYG,first_td,0.06841776196026196,1362.0,0.0,0.32235,B,-,tgt_sh 20.3%; team att 35.8; opp DvP 1.08; RZ tgt 5,1.0,
Michael Wilson,ARI,NYG,WR,ARI@NYG,last_td,0.06841776196026196,1362.0,0.0,0.32235,B,-,tgt_sh 20.3%; team att 35.8; opp DvP 1.08; RZ tgt 5,1.0,
Michael Wilson,ARI,NYG,WR,ARI@NYG,2plus_td,0.039,2464.0,0.0,0.32235,B,-,tgt_sh 20.3%; team att 35.8; opp DvP 1.08; RZ tgt 5,1.0,
Jameis Winston,NYG,ARI,QB,ARI@NYG,anytime_td,0.0293,3313.0,0.0296,0.0,C,-,team att 28.9; ypa 7.34; opp d_ypa 1.13; pass rate 51.6%,1.0,
Jameis Winston,NYG,ARI,QB,ARI@NYG,first_td,0.0064287175324675315,15455.0,0.0296,0.0,C,-,team att 28.9; ypa 7.34; opp d_ypa 1.13; pass rate 51.6%,1.0,
Jameis Winston,NYG,ARI,QB,ARI@NYG,last_td,0.0064287175324675315,15455.0,0.0296,0.0,C,-,team att 28.9; ypa 7.34; opp d_ypa 1.13; pass rate 51.6%,1.0,
Jameis Winston,NYG,ARI,QB,ARI@NYG,2plus_td,0.0003,333233.0,0.0296,0.0,C,-,team att 28.9; ypa 7.34; opp d_ypa 1.13; pass rate 51.6%,1.0,
Odell Beckham Jr.,NYG,ARI,WR,ARI@NYG,anytime_td,0.03035,3195.0,0.0,0.0307,C,-,w_td 0.02; team TD 2.38,1.0,
Odell Beckham Jr.,NYG,ARI,WR,ARI@NYG,first_td,0.006676534992784993,14878.0,0.0,0.0307,C,-,w_td 0.02; team TD 2.38,1.0,
Odell Beckham Jr.,NYG,ARI,WR,ARI@NYG,last_td,0.006676534992784993,14878.0,0.0,0.0307,C,-,w_td 0.02; team TD 2.38,1.0,
Odell Beckham Jr.,NYG,ARI,WR,ARI@NYG,2plus_td,0.00035,285614.0,0.0,0.0307,C,-,w_td 0.02; team TD 2.38,1.0,
Braxton Berrios,NYG,ARI,WR,ARI@NYG,anytime_td,0.01655,5942.0,0.0,0.0167,C,-,w_td 0.01; team TD 2.38,1.0,
Braxton Berrios,NYG,ARI,WR,ARI@NYG,first_td,0.0034313780663780664,29043.0,0.0,0.0167,C,-,w_td 0.01; team TD 2.38,1.0,
Braxton Berrios,NYG,ARI,WR,ARI@NYG,last_td,0.0034313780663780664,29043.0,0.0,0.0167,C,-,w_td 0.01; team TD 2.38,1.0,
Braxton Berrios,NYG,ARI,WR,ARI@NYG,2plus_td,0.00015,666567.0,0.0,0.0167,C,-,w_td 0.01; team TD 2.38,1.0,
Malachi Fields,NYG,ARI,WR,ARI@NYG,anytime_td,0.1689,492.0,0.0,0.1835,C,-,tgt_sh 13.8%; team att 28.9; opp DvP 1.04; RZ tgt 0,1.0,
Malachi Fields,NYG,ARI,WR,ARI@NYG,first_td,0.03961777833277833,2424.0,0.0,0.1835,C,-,tgt_sh 13.8%; team att 28.9; opp DvP 1.04; RZ tgt 0,1.0,
Malachi Fields,NYG,ARI,WR,ARI@NYG,last_td,0.03961777833277833,2424.0,0.0,0.1835,C,-,tgt_sh 13.8%; team att 28.9; opp DvP 1.04; RZ tgt 0,1.0,
Malachi Fields,NYG,ARI,WR,ARI@NYG,2plus_td,0.014,7043.0,0.0,0.1835,C,-,tgt_sh 13.8%; team att 28.9; opp DvP 1.04; RZ tgt 0,1.0,
Najee Harris,NYG,ARI,RB,ARI@NYG,anytime_td,0.15285,554.0,0.15775,0.0068,C,-,car_sh 19.8%; team rush 29.1; opp d_ypc 1.04; inside-10 car 2,1.0,
Najee Harris,NYG,ARI,RB,ARI@NYG,first_td,0.03514610805860806,2745.0,0.15775,0.0068,C,-,car_sh 19.8%; team rush 29.1; opp d_ypc 1.04; inside-10 car 2,1.0,
Najee Harris,NYG,ARI,RB,ARI@NYG,last_td,0.03514610805860806,2745.0,0.15775,0.0068,C,-,car_sh 19.8%; team rush 29.1; opp d_ypc 1.04; inside-10 car 2,1.0,
Najee Harris,NYG,ARI,RB,ARI@NYG,2plus_td,0.0111,8909.0,0.15775,0.0068,C,-,car_sh 19.8%; team rush 29.1; opp d_ypc 1.04; inside-10 car 2,1.0,
Theo Johnson,NYG,ARI,TE,ARI@NYG,anytime_td,0.1064,840.0,0.0,0.112,C,-,tgt_sh 8.6%; team att 28.9; opp DvP 0.97; RZ tgt 0,1.0,
Theo Johnson,NYG,ARI,TE,ARI@NYG,first_td,0.023550327034077036,4146.0,0.0,0.112,C,-,tgt_sh 8.6%; team att 28.9; opp DvP 0.97; RZ tgt 0,1.0,
Theo Johnson,NYG,ARI,TE,ARI@NYG,last_td,0.023550327034077036,4146.0,0.0,0.112,C,-,tgt_sh 8.6%; team att 28.9; opp DvP 0.97; RZ tgt 0,1.0,
Theo Johnson,NYG,ARI,TE,ARI@NYG,2plus_td,0.00525,18948.0,0.0,0.112,C,-,tgt_sh 8.6%; team att 28.9; opp DvP 0.97; RZ tgt 0,1.0,
Isaiah Likely,NYG,ARI,TE,ARI@NYG,anytime_td,0.3492,186.0,0.0,0.42075,B,-,tgt_sh 21.2%; team att 28.9; opp DvP 0.97; RZ tgt 4,1.0,
Isaiah Likely,NYG,ARI,TE,ARI@NYG,first_td,0.08940245546120545,1019.0,0.0,0.42075,B,-,tgt_sh 21.2%; team att 28.9; opp DvP 0.97; RZ tgt 4,1.0,
Isaiah Likely,NYG,ARI,TE,ARI@NYG,last_td,0.08940245546120545,1019.0,0.0,0.42075,B,-,tgt_sh 21.2%; team att 28.9; opp DvP 0.97; RZ tgt 4,1.0,
Isaiah Likely,NYG,ARI,TE,ARI@NYG,2plus_td,0.0636,1472.0,0.0,0.42075,B,-,tgt_sh 21.2%; team att 28.9; opp DvP 0.97; RZ tgt 4,1.0,
Darnell Mooney,NYG,ARI,WR,ARI@NYG,anytime_td,0.1455,587.0,0.0043,0.15215,C,-,tgt_sh 11.2%; team att 28.9; opp DvP 1.04; RZ tgt 0,1.0,
Darnell Mooney,NYG,ARI,WR,ARI@NYG,first_td,0.03311855394605394,2919.0,0.0043,0.15215,C,-,tgt_sh 11.2%; team att 28.9; opp DvP 1.04; RZ tgt 0,1.0,
Darnell Mooney,NYG,ARI,WR,ARI@NYG,last_td,0.03311855394605394,2919.0,0.0043,0.15215,C,-,tgt_sh 11.2%; team att 28.9; opp DvP 1.04; RZ tgt 0,1.0,
Darnell Mooney,NYG,ARI,WR,ARI@NYG,2plus_td,0.01075,9202.0,0.0043,0.15215,C,-,tgt_sh 11.2%; team att 28.9; opp DvP 1.04; RZ tgt 0,1.0,
Malik Nabers,NYG,ARI,WR,ARI@NYG,anytime_td,0.319,213.0,0.0,0.37625,B,-,tgt_sh 19.2%; team att 28.9; opp DvP 1.04; RZ tgt 3,1.0,
Malik Nabers,NYG,ARI,WR,ARI@NYG,first_td,0.08004148268398269,1149.0,0.0,0.37625,B,-,tgt_sh 19.2%; team att 28.9; opp DvP 1.04; RZ tgt 3,1.0,
Malik Nabers,NYG,ARI,WR,ARI@NYG,last_td,0.08004148268398269,1149.0,0.0,0.37625,B,-,tgt_sh 19.2%; team att 28.9; opp DvP 1.04; RZ tgt 3,1.0,
Malik Nabers,NYG,ARI,WR,ARI@NYG,2plus_td,0.05185,1829.0,0.0,0.37625,B,-,tgt_sh 19.2%; team att 28.9; opp DvP 1.04; RZ tgt 3,1.0,
Patrick Ricard,NYG,ARI,RB,ARI@NYG,anytime_td,0.015898083807117287,6190.0,0.0,0.0160560117919562,C,no game designation yet (Full),w_td 0.01; team TD 2.38,0.9508674235277402,
Patrick Ricard,NYG,ARI,RB,ARI@NYG,first_td,0.0034104734436383203,29221.0,0.0,0.0160560117919562,C,no game designation yet (Full),w_td 0.01; team TD 2.38,0.9508674235277402,
Patrick Ricard,NYG,ARI,RB,ARI@NYG,last_td,0.0034104734436383203,29221.0,0.0,0.0160560117919562,C,no game designation yet (Full),w_td 0.01; team TD 2.38,0.9508674235277402,
Patrick Ricard,NYG,ARI,RB,ARI@NYG,2plus_td,0.00015792798483891344,633100.0,0.0,0.0160560117919562,C,no game designation yet (Full),w_td 0.01; team TD 2.38,0.9508674235277402,
Devin Singletary,NYG,ARI,RB,ARI@NYG,anytime_td,0.20605,385.0,0.0764,0.15285,C,-,tgt_sh 5.5%; team att 28.9; opp DvP 1.01; RZ tgt 2; car_sh 13.2%; team rush 29.1; opp d_ypc 1.04; inside-10 car 0,1.0,
Devin Singletary,NYG,ARI,RB,ARI@NYG,first_td,0.049094070374070375,1937.0,0.0764,0.15285,C,-,tgt_sh 5.5%; team att 28.9; opp DvP 1.01; RZ tgt 2; car_sh 13.2%; team rush 29.1; opp d_ypc 1.04; inside-10 car 0,1.0,
Devin Singletary,NYG,ARI,RB,ARI@NYG,last_td,0.049094070374070375,1937.0,0.0764,0.15285,C,-,tgt_sh 5.5%; team att 28.9; opp DvP 1.01; RZ tgt 2; car_sh 13.2%; team rush 29.1; opp d_ypc 1.04; inside-10 car 0,1.0,
Devin Singletary,NYG,ARI,RB,ARI@NYG,2plus_td,0.0219,4466.0,0.0764,0.15285,C,-,tgt_sh 5.5%; team att 28.9; opp DvP 1.01; RZ tgt 2; car_sh 13.2%; team rush 29.1; opp d_ypc 1.04; inside-10 car 0,1.0,
Cam Skattebo,NYG,ARI,RB,ARI@NYG,anytime_td,0.39345,154.0,0.34635,0.13705,B,-,tgt_sh 10.7%; team att 28.9; opp DvP 1.01; RZ tgt 0; car_sh 40.9%; team rush 29.1; opp d_ypc 1.04; inside-10 car 5,1.0,
Cam Skattebo,NYG,ARI,RB,ARI@NYG,first_td,0.1034226893939394,867.0,0.34635,0.13705,B,-,tgt_sh 10.7%; team att 28.9; opp DvP 1.01; RZ tgt 0; car_sh 40.9%; team rush 29.1; opp d_ypc 1.04; inside-10 car 5,1.0,
Cam Skattebo,NYG,ARI,RB,ARI@NYG,last_td,0.1034226893939394,867.0,0.34635,0.13705,B,-,tgt_sh 10.7%; team att 28.9; opp DvP 1.01; RZ tgt 0; car_sh 40.9%; team rush 29.1; opp d_ypc 1.04; inside-10 car 5,1.0,
Cam Skattebo,NYG,ARI,RB,ARI@NYG,2plus_td,0.07945,1159.0,0.34635,0.13705,B,-,tgt_sh 10.7%; team att 28.9; opp DvP 1.01; RZ tgt 0; car_sh 40.9%; team rush 29.1; opp d_ypc 1.04; inside-10 car 5,1.0,
Tyrone Tracy Jr.,NYG,ARI,RB,ARI@NYG,anytime_td,0.08511085426079647,1075.0,0.037774508773773245,0.05022591152674162,C,no game designation yet (Full),w_td 0.08; team TD 2.38,0.9508674235277402,
Tyrone Tracy Jr.,NYG,ARI,RB,ARI@NYG,first_td,0.018734065748618654,5238.0,0.037774508773773245,0.05022591152674162,C,no game designation yet (Full),w_td 0.08; team TD 2.38,0.9508674235277402,
Tyrone Tracy Jr.,NYG,ARI,RB,ARI@NYG,last_td,0.018734065748618654,5238.0,0.037774508773773245,0.05022591152674162,C,no game designation yet (Full),w_td 0.08; team TD 2.38,0.9508674235277402,
Tyrone Tracy Jr.,NYG,ARI,RB,ARI@NYG,2plus_td,0.002784490911001366,35813.0,0.037774508773773245,0.05022591152674162,C,no game designation yet (Full),w_td 0.08; team TD 2.38,0.9508674235277402,
Matthew Stafford,LA,PHI,QB,LA@PHI,anytime_td,0.06645,1405.0,0.06845,0.0,B,-,team att 35.2; ypa 7.35; opp d_ypa 0.98; pass rate 58.5%,1.0,
Matthew Stafford,LA,PHI,QB,LA@PHI,first_td,0.013190162337662337,7481.0,0.06845,0.0,B,-,team att 35.2; ypa 7.35; opp d_ypa 0.98; pass rate 58.5%,1.0,
Matthew Stafford,LA,PHI,QB,LA@PHI,last_td,0.013190162337662337,7481.0,0.06845,0.0,B,-,team att 35.2; ypa 7.35; opp d_ypa 0.98; pass rate 58.5%,1.0,
Matthew Stafford,LA,PHI,QB,LA@PHI,2plus_td,0.002,49900.0,0.06845,0.0,B,-,team att 35.2; ypa 7.35; opp d_ypa 0.98; pass rate 58.5%,1.0,
Davante Adams,LA,PHI,WR,LA@PHI,anytime_td,0.3451706800740937,190.0,0.0,0.4187351151098174,B,no game designation yet (Full),tgt_sh 20.5%; team att 35.2; opp DvP 0.98; RZ tgt 2,0.9479829842591244,
Davante Adams,LA,PHI,WR,LA@PHI,first_td,0.08103641602583121,1134.0,0.0,0.4187351151098174,B,no game designation yet (Full),tgt_sh 20.5%; team att 35.2; opp DvP 0.98; RZ tgt 2,0.9479829842591244,
Davante Adams,LA,PHI,WR,LA@PHI,last_td,0.08103641602583121,1134.0,0.0,0.4187351151098174,B,no game designation yet (Full),tgt_sh 20.5%; team att 35.2; opp DvP 0.98; RZ tgt 2,0.9479829842591244,
Davante Adams,LA,PHI,WR,LA@PHI,2plus_td,0.06525535856046573,1432.0,0.0,0.4187351151098174,B,no game designation yet (Full),tgt_sh 20.5%; team att 35.2; opp DvP 0.98; RZ tgt 2,0.9479829842591244,
Davis Allen,LA,PHI,TE,LA@PHI,anytime_td,0.05365,1764.0,0.0,0.0549,C,-,tgt_sh 3.6%; team att 35.2; opp DvP 0.84; RZ tgt 0,1.0,
Davis Allen,LA,PHI,TE,LA@PHI,first_td,0.010830905483405484,9133.0,0.0,0.0549,C,-,tgt_sh 3.6%; team att 35.2; opp DvP 0.84; RZ tgt 0,1.0,
Davis Allen,LA,PHI,TE,LA@PHI,last_td,0.010830905483405484,9133.0,0.0,0.0549,C,-,tgt_sh 3.6%; team att 35.2; opp DvP 0.84; RZ tgt 0,1.0,
Davis Allen,LA,PHI,TE,LA@PHI,2plus_td,0.00125,79900.0,0.0,0.0549,C,-,tgt_sh 3.6%; team att 35.2; opp DvP 0.84; RZ tgt 0,1.0,
Tutu Atwell,LA,PHI,WR,LA@PHI,anytime_td,0.05835,1614.0,0.0,0.06035,C,-,tgt_sh 3.6%; team att 35.2; opp DvP 0.98; RZ tgt 0,1.0,
Tutu Atwell,LA,PHI,WR,LA@PHI,first_td,0.011766583694083692,8399.0,0.0,0.06035,C,-,tgt_sh 3.6%; team att 35.2; opp DvP 0.98; RZ tgt 0,1.0,
Tutu Atwell,LA,PHI,WR,LA@PHI,last_td,0.011766583694083692,8399.0,0.0,0.06035,C,-,tgt_sh 3.6%; team att 35.2; opp DvP 0.98; RZ tgt 0,1.0,
Tutu Atwell,LA,PHI,WR,LA@PHI,2plus_td,0.00195,51182.0,0.0,0.06035,C,-,tgt_sh 3.6%; team att 35.2; opp DvP 0.98; RZ tgt 0,1.0,
Dean Connors,LA,PHI,RB,LA@PHI,anytime_td,0.01525,6457.0,0.0086,0.00685,C,-,w_td 0.01; team TD 2.47,1.0,
Dean Connors,LA,PHI,RB,LA@PHI,first_td,0.003215854978354979,30996.0,0.0086,0.00685,C,-,w_td 0.01; team TD 2.47,1.0,
Dean Connors,LA,PHI,RB,LA@PHI,last_td,0.003215854978354979,30996.0,0.0086,0.00685,C,-,w_td 0.01; team TD 2.47,1.0,
Dean Connors,LA,PHI,RB,LA@PHI,2plus_td,0.0002,499900.0,0.0086,0.00685,C,-,w_td 0.01; team TD 2.47,1.0,
Blake Corum,LA,PHI,RB,LA@PHI,anytime_td,0.25575,291.0,0.20585,0.0842,B,-,car_sh 28.2%; team rush 26.0; opp d_ypc 0.97; inside-10 car 0,1.0,
Blake Corum,LA,PHI,RB,LA@PHI,first_td,0.05751351551226551,1639.0,0.20585,0.0842,B,-,car_sh 28.2%; team rush 26.0; opp d_ypc 0.97; inside-10 car 0,1.0,
Blake Corum,LA,PHI,RB,LA@PHI,last_td,0.05751351551226551,1639.0,0.20585,0.0842,B,-,car_sh 28.2%; team rush 26.0; opp d_ypc 0.97; inside-10 car 0,1.0,
Blake Corum,LA,PHI,RB,LA@PHI,2plus_td,0.0319,3035.0,0.20585,0.0842,B,-,car_sh 28.2%; team rush 26.0; opp d_ypc 0.97; inside-10 car 0,1.0,
Tyler Higbee,LA,PHI,TE,LA@PHI,anytime_td,0.19349272861720482,417.0,0.0,0.21327335469558786,C,no game designation yet (DNP),tgt_sh 9.1%; team att 35.2; opp DvP 0.84; RZ tgt 2,0.8055616699684496,
Tyler Higbee,LA,PHI,TE,LA@PHI,first_td,0.041400881148539515,2315.0,0.0,0.21327335469558786,C,no game designation yet (DNP),tgt_sh 9.1%; team att 35.2; opp DvP 0.84; RZ tgt 2,0.8055616699684496,
Tyler Higbee,LA,PHI,TE,LA@PHI,last_td,0.041400881148539515,2315.0,0.0,0.21327335469558786,C,no game designation yet (DNP),tgt_sh 9.1%; team att 35.2; opp DvP 0.84; RZ tgt 2,0.8055616699684496,
Tyler Higbee,LA,PHI,TE,LA@PHI,2plus_td,0.01817845698792211,5401.0,0.0,0.21327335469558786,C,no game designation yet (DNP),tgt_sh 9.1%; team att 35.2; opp DvP 0.84; RZ tgt 2,0.8055616699684496,
Konata Mumpfield,LA,PHI,WR,LA@PHI,anytime_td,0.116,762.0,0.0,0.12305,C,-,tgt_sh 4.9%; team att 35.2; opp DvP 0.98; RZ tgt 1,1.0,
Konata Mumpfield,LA,PHI,WR,LA@PHI,first_td,0.02363193362193362,4132.0,0.0,0.12305,C,-,tgt_sh 4.9%; team att 35.2; opp DvP 0.98; RZ tgt 1,1.0,
Konata Mumpfield,LA,PHI,WR,LA@PHI,last_td,0.02363193362193362,4132.0,0.0,0.12305,C,-,tgt_sh 4.9%; team att 35.2; opp DvP 0.98; RZ tgt 1,1.0,
Konata Mumpfield,LA,PHI,WR,LA@PHI,2plus_td,0.0069,14393.0,0.0,0.12305,C,-,tgt_sh 4.9%; team att 35.2; opp DvP 0.98; RZ tgt 1,1.0,
Puka Nacua,LA,PHI,WR,LA@PHI,anytime_td,0.3604657288867815,177.0,0.0,0.43738475317422687,C,no game designation yet (Full),tgt_sh 24.2%; team att 35.2; opp DvP 0.98; RZ tgt 1,0.9479829842591244,
Puka Nacua,LA,PHI,WR,LA@PHI,first_td,0.08494482368751374,1077.0,0.0,0.43738475317422687,C,no game designation yet (Full),tgt_sh 24.2%; team att 35.2; opp DvP 0.98; RZ tgt 1,0.9479829842591244,
Puka Nacua,LA,PHI,WR,LA@PHI,last_td,0.08494482368751374,1077.0,0.0,0.43738475317422687,C,no game designation yet (Full),tgt_sh 24.2%; team att 35.2; opp DvP 0.98; RZ tgt 1,0.9479829842591244,
Puka Nacua,LA,PHI,WR,LA@PHI,2plus_td,0.06764659396238344,1378.0,0.0,0.43738475317422687,C,no game designation yet (Full),tgt_sh 24.2%; team att 35.2; opp DvP 0.98; RZ tgt 1,0.9479829842591244,
Colby Parkinson,LA,PHI,TE,LA@PHI,anytime_td,0.1466560031990403,582.0,0.0,0.15685294411676498,C,Questionable (DNP),w_td 0.08; team TD 2.47,0.4981574884199691,
Colby Parkinson,LA,PHI,TE,LA@PHI,first_td,0.030524406891496766,3176.0,0.0,0.15685294411676498,C,Questionable (DNP),w_td 0.08; team TD 2.47,0.4981574884199691,
Colby Parkinson,LA,PHI,TE,LA@PHI,last_td,0.030524406891496766,3176.0,0.0,0.15685294411676498,C,Questionable (DNP),w_td 0.08; team TD 2.47,0.4981574884199691,
Colby Parkinson,LA,PHI,TE,LA@PHI,2plus_td,0.009997000899730081,9903.0,0.0,0.15685294411676498,C,Questionable (DNP),w_td 0.08; team TD 2.47,0.4981574884199691,
Xavier Smith,LA,PHI,WR,LA@PHI,anytime_td,0.0848,1079.0,0.0,0.08795,C,-,w_td 0.04; team TD 2.47,1.0,
Xavier Smith,LA,PHI,WR,LA@PHI,first_td,0.016776569264069265,5861.0,0.0,0.08795,C,-,w_td 0.04; team TD 2.47,1.0,
Xavier Smith,LA,PHI,WR,LA@PHI,last_td,0.016776569264069265,5861.0,0.0,0.08795,C,-,w_td 0.04; team TD 2.47,1.0,
Xavier Smith,LA,PHI,WR,LA@PHI,2plus_td,0.0031,32158.0,0.0,0.08795,C,-,w_td 0.04; team TD 2.47,1.0,
Jordan Whittington,LA,PHI,WR,LA@PHI,anytime_td,0.0425,2253.0,0.0,0.04345,C,-,w_td 0.02; team TD 2.47,1.0,
Jordan Whittington,LA,PHI,WR,LA@PHI,first_td,0.0084003841991342,11804.0,0.0,0.04345,C,-,w_td 0.02; team TD 2.47,1.0,
Jordan Whittington,LA,PHI,WR,LA@PHI,last_td,0.0084003841991342,11804.0,0.0,0.04345,C,-,w_td 0.02; team TD 2.47,1.0,
Jordan Whittington,LA,PHI,WR,LA@PHI,2plus_td,0.00095,105163.0,0.0,0.04345,C,-,w_td 0.02; team TD 2.47,1.0,
Kyren Williams,LA,PHI,RB,LA@PHI,anytime_td,0.46685,114.0,0.44085,0.176,B,-,tgt_sh 8.0%; team att 35.2; opp DvP 0.93; RZ tgt 1; car_sh 46.6%; team rush 26.0; opp d_ypc 0.97; inside-10 car 4,1.0,
Kyren Williams,LA,PHI,RB,LA@PHI,first_td,0.12088120310245311,727.0,0.44085,0.176,B,-,tgt_sh 8.0%; team att 35.2; opp DvP 0.93; RZ tgt 1; car_sh 46.6%; team rush 26.0; opp d_ypc 0.97; inside-10 car 4,1.0,
Kyren Williams,LA,PHI,RB,LA@PHI,last_td,0.12088120310245311,727.0,0.44085,0.176,B,-,tgt_sh 8.0%; team att 35.2; opp DvP 0.93; RZ tgt 1; car_sh 46.6%; team rush 26.0; opp d_ypc 0.97; inside-10 car 4,1.0,
Kyren Williams,LA,PHI,RB,LA@PHI,2plus_td,0.12595,694.0,0.44085,0.176,B,-,tgt_sh 8.0%; team att 35.2; opp DvP 0.93; RZ tgt 1; car_sh 46.6%; team rush 26.0; opp d_ypc 0.97; inside-10 car 4,1.0,
Jalen Hurts,PHI,LA,QB,LA@PHI,anytime_td,0.16165,519.0,0.1746,0.0,B,-,team att 31.9; ypa 6.37; opp d_ypa 0.87; pass rate 56.4%,1.0,
Jalen Hurts,PHI,LA,QB,LA@PHI,first_td,0.03433711940836941,2812.0,0.1746,0.0,B,-,team att 31.9; ypa 6.37; opp d_ypa 0.87; pass rate 56.4%,1.0,
Jalen Hurts,PHI,LA,QB,LA@PHI,last_td,0.03433711940836941,2812.0,0.1746,0.0,B,-,team att 31.9; ypa 6.37; opp d_ypa 0.87; pass rate 56.4%,1.0,
Jalen Hurts,PHI,LA,QB,LA@PHI,2plus_td,0.0123,8030.0,0.1746,0.0,B,-,team att 31.9; ypa 6.37; opp d_ypa 0.87; pass rate 56.4%,1.0,
Saquon Barkley,PHI,LA,RB,LA@PHI,anytime_td,0.41895,139.0,0.3582,0.16805,B,-,tgt_sh 7.3%; team att 31.9; opp DvP 0.92; RZ tgt 0; car_sh 50.7%; team rush 26.3; opp d_ypc 0.98; inside-10 car 2,1.0,
Saquon Barkley,PHI,LA,RB,LA@PHI,first_td,0.10299829545454545,871.0,0.3582,0.16805,B,-,tgt_sh 7.3%; team att 31.9; opp DvP 0.92; RZ tgt 0; car_sh 50.7%; team rush 26.3; opp d_ypc 0.98; inside-10 car 2,1.0,
Saquon Barkley,PHI,LA,RB,LA@PHI,last_td,0.10299829545454545,871.0,0.3582,0.16805,B,-,tgt_sh 7.3%; team att 31.9; opp DvP 0.92; RZ tgt 0; car_sh 50.7%; team rush 26.3; opp d_ypc 0.98; inside-10 car 2,1.0,
Saquon Barkley,PHI,LA,RB,LA@PHI,2plus_td,0.09305,975.0,0.3582,0.16805,B,-,tgt_sh 7.3%; team att 31.9; opp DvP 0.92; RZ tgt 0; car_sh 50.7%; team rush 26.3; opp d_ypc 0.98; inside-10 car 2,1.0,
Tank Bigsby,PHI,LA,RB,LA@PHI,anytime_td,0.14587160778961733,586.0,0.11238255209700278,0.04419715500498662,B,no game designation yet (Full),car_sh 15.2%; team rush 26.3; opp d_ypc 0.98; inside-10 car 1,0.9508674235277402,
Tank Bigsby,PHI,LA,RB,LA@PHI,first_td,0.030570645680088757,3171.0,0.11238255209700278,0.04419715500498662,B,no game designation yet (Full),car_sh 15.2%; team rush 26.3; opp d_ypc 0.98; inside-10 car 1,0.9508674235277402,
Tank Bigsby,PHI,LA,RB,LA@PHI,last_td,0.030570645680088757,3171.0,0.11238255209700278,0.04419715500498662,B,no game designation yet (Full),car_sh 15.2%; team rush 26.3; opp d_ypc 0.98; inside-10 car 1,0.9508674235277402,
Tank Bigsby,PHI,LA,RB,LA@PHI,2plus_td,0.010288173849141777,9620.0,0.11238255209700278,0.04419715500498662,B,no game designation yet (Full),car_sh 15.2%; team rush 26.3; opp d_ypc 0.98; inside-10 car 1,0.9508674235277402,
Darius Cooper,PHI,LA,WR,LA@PHI,anytime_td,0.11481540001053352,771.0,0.0,0.12382156212145153,C,no game designation yet (Full),w_td 0.04; team TD 2.41,0.9479829842591244,
Darius Cooper,PHI,LA,WR,LA@PHI,first_td,0.023693704456858193,4121.0,0.0,0.12382156212145153,C,no game designation yet (Full),w_td 0.04; team TD 2.41,0.9479829842591244,
Darius Cooper,PHI,LA,WR,LA@PHI,last_td,0.023693704456858193,4121.0,0.0,0.12382156212145153,C,no game designation yet (Full),w_td 0.04; team TD 2.41,0.9479829842591244,
Darius Cooper,PHI,LA,WR,LA@PHI,2plus_td,0.00858482119344815,11548.0,0.0,0.12382156212145153,C,no game designation yet (Full),w_td 0.04; team TD 2.41,0.9479829842591244,
Britain Covey,PHI,LA,WR,LA@PHI,anytime_td,0.0174,5647.0,0.0,0.01755,C,-,w_td 0.01; team TD 2.41,1.0,
Britain Covey,PHI,LA,WR,LA@PHI,first_td,0.003547420634920634,28089.0,0.0,0.01755,C,-,w_td 0.01; team TD 2.41,1.0,
Britain Covey,PHI,LA,WR,LA@PHI,last_td,0.003547420634920634,28089.0,0.0,0.01755,C,-,w_td 0.01; team TD 2.41,1.0,
Britain Covey,PHI,LA,WR,LA@PHI,2plus_td,0.00015,666567.0,0.0,0.01755,C,-,w_td 0.01; team TD 2.41,1.0,
Zach Ertz,PHI,LA,TE,LA@PHI,anytime_td,0.27735,261.0,0.0,0.3198,C,-,tgt_sh 11.9%; team att 31.9; opp DvP 0.82; RZ tgt 1,1.0,
Zach Ertz,PHI,LA,TE,LA@PHI,first_td,0.0621815367965368,1508.0,0.0,0.3198,C,-,tgt_sh 11.9%; team att 31.9; opp DvP 0.82; RZ tgt 1,1.0,
Zach Ertz,PHI,LA,TE,LA@PHI,last_td,0.0621815367965368,1508.0,0.0,0.3198,C,-,tgt_sh 11.9%; team att 31.9; opp DvP 0.82; RZ tgt 1,1.0,
Zach Ertz,PHI,LA,TE,LA@PHI,2plus_td,0.0385,2497.0,0.0,0.3198,C,-,tgt_sh 11.9%; team att 31.9; opp DvP 0.82; RZ tgt 1,1.0,
Makai Lemon,PHI,LA,WR,LA@PHI,anytime_td,0.23055,334.0,0.0054,0.25335,C,-,tgt_sh 10.6%; team att 31.9; opp DvP 1.03; RZ tgt 0,1.0,
Makai Lemon,PHI,LA,WR,LA@PHI,first_td,0.050347224025974024,1886.0,0.0054,0.25335,C,-,tgt_sh 10.6%; team att 31.9; opp DvP 1.03; RZ tgt 0,1.0,
Makai Lemon,PHI,LA,WR,LA@PHI,last_td,0.050347224025974024,1886.0,0.0054,0.25335,C,-,tgt_sh 10.6%; team att 31.9; opp DvP 1.03; RZ tgt 0,1.0,
Makai Lemon,PHI,LA,WR,LA@PHI,2plus_td,0.0265,3674.0,0.0054,0.25335,C,-,tgt_sh 10.6%; team att 31.9; opp DvP 1.03; RZ tgt 0,1.0,
Johnny Mundt,PHI,LA,TE,LA@PHI,anytime_td,0.0664,1406.0,0.0,0.0682,C,-,tgt_sh 3.2%; team att 31.9; opp DvP 0.82; RZ tgt 0,1.0,
Johnny Mundt,PHI,LA,TE,LA@PHI,first_td,0.013757036435786438,7169.0,0.0,0.0682,C,-,tgt_sh 3.2%; team att 31.9; opp DvP 0.82; RZ tgt 0,1.0,
Johnny Mundt,PHI,LA,TE,LA@PHI,last_td,0.013757036435786438,7169.0,0.0,0.0682,C,-,tgt_sh 3.2%; team att 31.9; opp DvP 0.82; RZ tgt 0,1.0,
Johnny Mundt,PHI,LA,TE,LA@PHI,2plus_td,0.0018,55456.0,0.0,0.0682,C,-,tgt_sh 3.2%; team att 31.9; opp DvP 0.82; RZ tgt 0,1.0,
Will Shipley,PHI,LA,RB,LA@PHI,anytime_td,0.13155541528588713,660.0,0.05554678870127821,0.08463521119351954,C,no game designation yet (Full),tgt_sh 3.7%; team att 31.9; opp DvP 0.92; RZ tgt 0,0.9508674235277402,
Will Shipley,PHI,LA,RB,LA@PHI,first_td,0.0275315601061222,3532.0,0.05554678870127821,0.08463521119351954,C,no game designation yet (Full),tgt_sh 3.7%; team att 31.9; opp DvP 0.92; RZ tgt 0,0.9508674235277402,
Will Shipley,PHI,LA,RB,LA@PHI,last_td,0.0275315601061222,3532.0,0.05554678870127821,0.08463521119351954,C,no game designation yet (Full),tgt_sh 3.7%; team att 31.9; opp DvP 0.92; RZ tgt 0,0.9508674235277402,
Will Shipley,PHI,LA,RB,LA@PHI,2plus_td,0.008363578980590185,11857.0,0.05554678870127821,0.08463521119351954,C,no game designation yet (Full),tgt_sh 3.7%; team att 31.9; opp DvP 0.92; RZ tgt 0,0.9508674235277402,
Dontayvion Wicks,PHI,LA,WR,LA@PHI,anytime_td,0.4744,111.0,0.0,0.61865,B,-,tgt_sh 13.5%; team att 31.9; opp DvP 1.03; RZ tgt 4,1.0,
Dontayvion Wicks,PHI,LA,WR,LA@PHI,first_td,0.12035948593073592,731.0,0.0,0.61865,B,-,tgt_sh 13.5%; team att 31.9; opp DvP 1.03; RZ tgt 4,1.0,
Dontayvion Wicks,PHI,LA,WR,LA@PHI,last_td,0.12035948593073592,731.0,0.0,0.61865,B,-,tgt_sh 13.5%; team att 31.9; opp DvP 1.03; RZ tgt 4,1.0,
Dontayvion Wicks,PHI,LA,WR,LA@PHI,2plus_td,0.1212,725.0,0.0,0.61865,B,-,tgt_sh 13.5%; team att 31.9; opp DvP 1.03; RZ tgt 4,1.0,
Jordan Love,GB,TB,QB,GB@TB,anytime_td,0.031,3126.0,0.0317,0.0,B,-,team att 38.3; ypa 6.93; opp d_ypa 0.99; pass rate 68.2%,1.0,
Jordan Love,GB,TB,QB,GB@TB,first_td,0.006482844516594515,15325.0,0.0317,0.0,B,-,team att 38.3; ypa 6.93; opp d_ypa 0.99; pass rate 68.2%,1.0,
Jordan Love,GB,TB,QB,GB@TB,last_td,0.006482844516594515,15325.0,0.0317,0.0,B,-,team att 38.3; ypa 6.93; opp d_ypa 0.99; pass rate 68.2%,1.0,
Jordan Love,GB,TB,QB,GB@TB,2plus_td,0.00065,153746.0,0.0317,0.0,B,-,team att 38.3; ypa 6.93; opp d_ypa 0.99; pass rate 68.2%,1.0,
Chris Brooks,GB,TB,RB,GB@TB,anytime_td,0.1464,583.0,0.10075,0.0572,B,-,tgt_sh 3.5%; team att 38.3; opp DvP 1.17; RZ tgt 0; car_sh 15.9%; team rush 19.2; opp d_ypc 0.89; inside-10 car 2,1.0,
Chris Brooks,GB,TB,RB,GB@TB,first_td,0.032008847263847263,3024.0,0.10075,0.0572,B,-,tgt_sh 3.5%; team att 38.3; opp DvP 1.17; RZ tgt 0; car_sh 15.9%; team rush 19.2; opp d_ypc 0.89; inside-10 car 2,1.0,
Chris Brooks,GB,TB,RB,GB@TB,last_td,0.032008847263847263,3024.0,0.10075,0.0572,B,-,tgt_sh 3.5%; team att 38.3; opp DvP 1.17; RZ tgt 0; car_sh 15.9%; team rush 19.2; opp d_ypc 0.89; inside-10 car 2,1.0,
Chris Brooks,GB,TB,RB,GB@TB,2plus_td,0.0109,9074.0,0.10075,0.0572,B,-,tgt_sh 3.5%; team att 38.3; opp DvP 1.17; RZ tgt 0; car_sh 15.9%; team rush 19.2; opp d_ypc 0.89; inside-10 car 2,1.0,
Matthew Golden,GB,TB,WR,GB@TB,anytime_td,0.3291,204.0,0.0,0.3932,B,-,tgt_sh 17.9%; team att 38.3; opp DvP 1.05; RZ tgt 4,1.0,
Matthew Golden,GB,TB,WR,GB@TB,first_td,0.07875736707736708,1170.0,0.0,0.3932,B,-,tgt_sh 17.9%; team att 38.3; opp DvP 1.05; RZ tgt 4,1.0,
Matthew Golden,GB,TB,WR,GB@TB,last_td,0.07875736707736708,1170.0,0.0,0.3932,B,-,tgt_sh 17.9%; team att 38.3; opp DvP 1.05; RZ tgt 4,1.0,
Matthew Golden,GB,TB,WR,GB@TB,2plus_td,0.0572,1648.0,0.0,0.3932,B,-,tgt_sh 17.9%; team att 38.3; opp DvP 1.05; RZ tgt 4,1.0,
Kaleb Johnson,GB,TB,RB,GB@TB,anytime_td,0.1237,708.0,0.1053,0.025,B,-,car_sh 24.1%; team rush 19.2; opp d_ypc 0.89; inside-10 car 0,1.0,
Kaleb Johnson,GB,TB,RB,GB@TB,first_td,0.0267605038017538,3637.0,0.1053,0.025,B,-,car_sh 24.1%; team rush 19.2; opp d_ypc 0.89; inside-10 car 0,1.0,
Kaleb Johnson,GB,TB,RB,GB@TB,last_td,0.0267605038017538,3637.0,0.1053,0.025,B,-,car_sh 24.1%; team rush 19.2; opp d_ypc 0.89; inside-10 car 0,1.0,
Kaleb Johnson,GB,TB,RB,GB@TB,2plus_td,0.0064,15525.0,0.1053,0.025,B,-,car_sh 24.1%; team rush 19.2; opp d_ypc 0.89; inside-10 car 0,1.0,
Tucker Kraft,GB,TB,TE,GB@TB,anytime_td,0.24695,305.0,0.0,0.28,C,-,tgt_sh 17.9%; team att 38.3; opp DvP 0.94; RZ tgt 1,1.0,
Tucker Kraft,GB,TB,TE,GB@TB,first_td,0.056149225357975355,1681.0,0.0,0.28,C,-,tgt_sh 17.9%; team att 38.3; opp DvP 0.94; RZ tgt 1,1.0,
Tucker Kraft,GB,TB,TE,GB@TB,last_td,0.056149225357975355,1681.0,0.0,0.28,C,-,tgt_sh 17.9%; team att 38.3; opp DvP 0.94; RZ tgt 1,1.0,
Tucker Kraft,GB,TB,TE,GB@TB,2plus_td,0.03065,3163.0,0.0,0.28,C,-,tgt_sh 17.9%; team att 38.3; opp DvP 0.94; RZ tgt 1,1.0,
MarShawn Lloyd,GB,TB,RB,GB@TB,anytime_td,0.33025,203.0,0.255,0.1387,B,-,tgt_sh 4.7%; team att 38.3; opp DvP 1.17; RZ tgt 2; car_sh 49.1%; team rush 19.2; opp d_ypc 0.89; inside-10 car 3,1.0,
MarShawn Lloyd,GB,TB,RB,GB@TB,first_td,0.08072630272505273,1139.0,0.255,0.1387,B,-,tgt_sh 4.7%; team att 38.3; opp DvP 1.17; RZ tgt 2; car_sh 49.1%; team rush 19.2; opp d_ypc 0.89; inside-10 car 3,1.0,
MarShawn Lloyd,GB,TB,RB,GB@TB,last_td,0.08072630272505273,1139.0,0.255,0.1387,B,-,tgt_sh 4.7%; team att 38.3; opp DvP 1.17; RZ tgt 2; car_sh 49.1%; team rush 19.2; opp d_ypc 0.89; inside-10 car 3,1.0,
MarShawn Lloyd,GB,TB,RB,GB@TB,2plus_td,0.05745,1641.0,0.255,0.1387,B,-,tgt_sh 4.7%; team att 38.3; opp DvP 1.17; RZ tgt 2; car_sh 49.1%; team rush 19.2; opp d_ypc 0.89; inside-10 car 3,1.0,
Bo Melton,GB,TB,WR,GB@TB,anytime_td,0.04615,2067.0,0.0,0.04695,C,-,w_td 0.03; team TD 2.30,1.0,
Bo Melton,GB,TB,WR,GB@TB,first_td,0.009410981795981797,10526.0,0.0,0.04695,C,-,w_td 0.03; team TD 2.30,1.0,
Bo Melton,GB,TB,WR,GB@TB,last_td,0.009410981795981797,10526.0,0.0,0.04695,C,-,w_td 0.03; team TD 2.30,1.0,
Bo Melton,GB,TB,WR,GB@TB,2plus_td,0.0008,124900.0,0.0,0.04695,C,-,w_td 0.03; team TD 2.30,1.0,
J. Michael Sturdivant,GB,TB,WR,GB@TB,anytime_td,0.03655,2636.0,0.0,0.0372,C,-,w_td 0.02; team TD 2.30,1.0,
J. Michael Sturdivant,GB,TB,WR,GB@TB,first_td,0.007585457459207459,13083.0,0.0,0.0372,C,-,w_td 0.02; team TD 2.30,1.0,
J. Michael Sturdivant,GB,TB,WR,GB@TB,last_td,0.007585457459207459,13083.0,0.0,0.0372,C,-,w_td 0.02; team TD 2.30,1.0,
J. Michael Sturdivant,GB,TB,WR,GB@TB,2plus_td,0.00065,153746.0,0.0,0.0372,C,-,w_td 0.02; team TD 2.30,1.0,
Skyy Moore,GB,TB,WR,GB@TB,anytime_td,0.178,462.0,0.0,0.1928,C,-,tgt_sh 6.9%; team att 38.3; opp DvP 1.05; RZ tgt 3,1.0,
Skyy Moore,GB,TB,WR,GB@TB,first_td,0.039394722083472083,2438.0,0.0,0.1928,C,-,tgt_sh 6.9%; team att 38.3; opp DvP 1.05; RZ tgt 3,1.0,
Skyy Moore,GB,TB,WR,GB@TB,last_td,0.039394722083472083,2438.0,0.0,0.1928,C,-,tgt_sh 6.9%; team att 38.3; opp DvP 1.05; RZ tgt 3,1.0,
Skyy Moore,GB,TB,WR,GB@TB,2plus_td,0.01405,7017.0,0.0,0.1928,C,-,tgt_sh 6.9%; team att 38.3; opp DvP 1.05; RZ tgt 3,1.0,
Jonnu Smith,GB,TB,TE,GB@TB,anytime_td,0.11075,803.0,0.0,0.1163,C,-,tgt_sh 6.5%; team att 38.3; opp DvP 0.94; RZ tgt 1,1.0,
Jonnu Smith,GB,TB,TE,GB@TB,first_td,0.02320314393939394,4210.0,0.0,0.1163,C,-,tgt_sh 6.5%; team att 38.3; opp DvP 0.94; RZ tgt 1,1.0,
Jonnu Smith,GB,TB,TE,GB@TB,last_td,0.02320314393939394,4210.0,0.0,0.1163,C,-,tgt_sh 6.5%; team att 38.3; opp DvP 0.94; RZ tgt 1,1.0,
Jonnu Smith,GB,TB,TE,GB@TB,2plus_td,0.00545,18249.0,0.0,0.1163,C,-,tgt_sh 6.5%; team att 38.3; opp DvP 0.94; RZ tgt 1,1.0,
Christian Watson,GB,TB,WR,GB@TB,anytime_td,0.4129,142.0,0.0,0.5157,B,-,tgt_sh 22.9%; team att 38.3; opp DvP 1.05; RZ tgt 6,1.0,
Christian Watson,GB,TB,WR,GB@TB,first_td,0.10478494325119325,854.0,0.0,0.5157,B,-,tgt_sh 22.9%; team att 38.3; opp DvP 1.05; RZ tgt 6,1.0,
Christian Watson,GB,TB,WR,GB@TB,last_td,0.10478494325119325,854.0,0.0,0.5157,B,-,tgt_sh 22.9%; team att 38.3; opp DvP 1.05; RZ tgt 6,1.0,
Christian Watson,GB,TB,WR,GB@TB,2plus_td,0.08905,1023.0,0.0,0.5157,B,-,tgt_sh 22.9%; team att 38.3; opp DvP 1.05; RZ tgt 6,1.0,
Jalon Daniels,TB,GB,QB,GB@TB,anytime_td,0.14065,611.0,0.152,0.0,C,-,team att 33.7; ypa 6.84; opp d_ypa 1.01; pass rate 60.3%,1.0,
Jalon Daniels,TB,GB,QB,GB@TB,first_td,0.03088296106671106,3138.0,0.152,0.0,C,-,team att 33.7; ypa 6.84; opp d_ypa 1.01; pass rate 60.3%,1.0,
Jalon Daniels,TB,GB,QB,GB@TB,last_td,0.03088296106671106,3138.0,0.152,0.0,C,-,team att 33.7; ypa 6.84; opp d_ypa 1.01; pass rate 60.3%,1.0,
Jalon Daniels,TB,GB,QB,GB@TB,2plus_td,0.01065,9290.0,0.152,0.0,C,-,team att 33.7; ypa 6.84; opp d_ypa 1.01; pass rate 60.3%,1.0,
Emeka Egbuka,TB,GB,WR,GB@TB,anytime_td,0.2449,308.0,0.0093,0.26785,B,-,tgt_sh 21.0%; team att 33.7; opp DvP 0.92; RZ tgt 2,1.0,
Emeka Egbuka,TB,GB,WR,GB@TB,first_td,0.05544473415473416,1704.0,0.0093,0.26785,B,-,tgt_sh 21.0%; team att 33.7; opp DvP 0.92; RZ tgt 2,1.0,
Emeka Egbuka,TB,GB,WR,GB@TB,last_td,0.05544473415473416,1704.0,0.0093,0.26785,B,-,tgt_sh 21.0%; team att 33.7; opp DvP 0.92; RZ tgt 2,1.0,
Emeka Egbuka,TB,GB,WR,GB@TB,2plus_td,0.0303,3200.0,0.0093,0.26785,B,-,tgt_sh 21.0%; team att 33.7; opp DvP 0.92; RZ tgt 2,1.0,
Kenny Gainwell,TB,GB,RB,GB@TB,anytime_td,0.29405,240.0,0.18555,0.1542,B,-,tgt_sh 9.4%; team att 33.7; opp DvP 0.94; RZ tgt 2; car_sh 18.4%; team rush 24.6; opp d_ypc 0.99; inside-10 car 0,1.0,
Kenny Gainwell,TB,GB,RB,GB@TB,first_td,0.06886591741591742,1352.0,0.18555,0.1542,B,-,tgt_sh 9.4%; team att 33.7; opp DvP 0.94; RZ tgt 2; car_sh 18.4%; team rush 24.6; opp d_ypc 0.99; inside-10 car 0,1.0,
Kenny Gainwell,TB,GB,RB,GB@TB,last_td,0.06886591741591742,1352.0,0.18555,0.1542,B,-,tgt_sh 9.4%; team att 33.7; opp DvP 0.94; RZ tgt 2; car_sh 18.4%; team rush 24.6; opp d_ypc 0.99; inside-10 car 0,1.0,
Kenny Gainwell,TB,GB,RB,GB@TB,2plus_td,0.041,2339.0,0.18555,0.1542,B,-,tgt_sh 9.4%; team att 33.7; opp DvP 0.94; RZ tgt 2; car_sh 18.4%; team rush 24.6; opp d_ypc 0.99; inside-10 car 0,1.0,
Chris Godwin Jr.,TB,GB,WR,GB@TB,anytime_td,0.14213518635502212,604.0,0.015687513160665405,0.13902926931985682,C,no game designation yet (Full),tgt_sh 13.3%; team att 33.7; opp DvP 0.92; RZ tgt 0,0.9479829842591244,
Chris Godwin Jr.,TB,GB,WR,GB@TB,first_td,0.030887924077279732,3138.0,0.015687513160665405,0.13902926931985682,C,no game designation yet (Full),tgt_sh 13.3%; team att 33.7; opp DvP 0.92; RZ tgt 0,0.9479829842591244,
Chris Godwin Jr.,TB,GB,WR,GB@TB,last_td,0.030887924077279732,3138.0,0.015687513160665405,0.13902926931985682,C,no game designation yet (Full),tgt_sh 13.3%; team att 33.7; opp DvP 0.92; RZ tgt 0,0.9479829842591244,
Chris Godwin Jr.,TB,GB,WR,GB@TB,2plus_td,0.011844598862918509,8343.0,0.015687513160665405,0.13902926931985682,C,no game designation yet (Full),tgt_sh 13.3%; team att 33.7; opp DvP 0.92; RZ tgt 0,0.9479829842591244,
Ted Hurst III,TB,GB,WR,GB@TB,anytime_td,0.1673,498.0,0.0,0.1813,C,-,tgt_sh 12.3%; team att 33.7; opp DvP 0.92; RZ tgt 2,1.0,
Ted Hurst III,TB,GB,WR,GB@TB,first_td,0.0368893716006216,2611.0,0.0,0.1813,C,-,tgt_sh 12.3%; team att 33.7; opp DvP 0.92; RZ tgt 2,1.0,
Ted Hurst III,TB,GB,WR,GB@TB,last_td,0.0368893716006216,2611.0,0.0,0.1813,C,-,tgt_sh 12.3%; team att 33.7; opp DvP 0.92; RZ tgt 2,1.0,
Ted Hurst III,TB,GB,WR,GB@TB,2plus_td,0.013,7592.0,0.0,0.1813,C,-,tgt_sh 12.3%; team att 33.7; opp DvP 0.92; RZ tgt 2,1.0,
Bucky Irving,TB,GB,RB,GB@TB,anytime_td,0.5780216318387063,-137.0,0.5678357660401134,0.2456158773495747,B,no game designation yet (Full),tgt_sh 12.7%; team att 33.7; opp DvP 0.94; RZ tgt 4; car_sh 56.4%; team rush 24.6; opp d_ypc 0.99; inside-10 car 1,0.9508674235277402,
Bucky Irving,TB,GB,RB,GB@TB,first_td,0.16683247548652355,499.0,0.5678357660401134,0.2456158773495747,B,no game designation yet (Full),tgt_sh 12.7%; team att 33.7; opp DvP 0.94; RZ tgt 4; car_sh 56.4%; team rush 24.6; opp d_ypc 0.99; inside-10 car 1,0.9508674235277402,
Bucky Irving,TB,GB,RB,GB@TB,last_td,0.16683247548652355,499.0,0.5678357660401134,0.2456158773495747,B,no game designation yet (Full),tgt_sh 12.7%; team att 33.7; opp DvP 0.94; RZ tgt 4; car_sh 56.4%; team rush 24.6; opp d_ypc 0.99; inside-10 car 1,0.9508674235277402,
Bucky Irving,TB,GB,RB,GB@TB,2plus_td,0.19048619132626274,425.0,0.5678357660401134,0.2456158773495747,B,no game designation yet (Full),tgt_sh 12.7%; team att 33.7; opp DvP 0.94; RZ tgt 4; car_sh 56.4%; team rush 24.6; opp d_ypc 0.99; inside-10 car 1,0.9508674235277402,
Tez Johnson,TB,GB,WR,GB@TB,anytime_td,0.12635,691.0,0.0117,0.1225,C,-,tgt_sh 6.8%; team att 33.7; opp DvP 0.92; RZ tgt 2,1.0,
Tez Johnson,TB,GB,WR,GB@TB,first_td,0.026832367077367074,3627.0,0.0117,0.1225,C,-,tgt_sh 6.8%; team att 33.7; opp DvP 0.92; RZ tgt 2,1.0,
Tez Johnson,TB,GB,WR,GB@TB,last_td,0.026832367077367074,3627.0,0.0117,0.1225,C,-,tgt_sh 6.8%; team att 33.7; opp DvP 0.92; RZ tgt 2,1.0,
Tez Johnson,TB,GB,WR,GB@TB,2plus_td,0.0077,12887.0,0.0117,0.1225,C,-,tgt_sh 6.8%; team att 33.7; opp DvP 0.92; RZ tgt 2,1.0,
Cade Otton,TB,GB,TE,GB@TB,anytime_td,0.22775,339.0,0.0,0.25725,B,-,tgt_sh 17.8%; team att 33.7; opp DvP 1.04; RZ tgt 2,1.0,
Cade Otton,TB,GB,TE,GB@TB,first_td,0.052029220640470636,1822.0,0.0,0.25725,B,-,tgt_sh 17.8%; team att 33.7; opp DvP 1.04; RZ tgt 2,1.0,
Cade Otton,TB,GB,TE,GB@TB,last_td,0.052029220640470636,1822.0,0.0,0.25725,B,-,tgt_sh 17.8%; team att 33.7; opp DvP 1.04; RZ tgt 2,1.0,
Cade Otton,TB,GB,TE,GB@TB,2plus_td,0.02805,3465.0,0.0,0.25725,B,-,tgt_sh 17.8%; team att 33.7; opp DvP 1.04; RZ tgt 2,1.0,
Malik Willis,MIA,MIN,QB,MIA@MIN,anytime_td,0.1412,608.0,0.15,0.0,B,-,team att 31.6; ypa 7.26; opp d_ypa 0.99; pass rate 57.3%,1.0,
Malik Willis,MIA,MIN,QB,MIA@MIN,first_td,0.034866056998556993,2768.0,0.15,0.0,B,-,team att 31.6; ypa 7.26; opp d_ypa 0.99; pass rate 57.3%,1.0,
Malik Willis,MIA,MIN,QB,MIA@MIN,last_td,0.034866056998556993,2768.0,0.15,0.0,B,-,team att 31.6; ypa 7.26; opp d_ypa 0.99; pass rate 57.3%,1.0,
Malik Willis,MIA,MIN,QB,MIA@MIN,2plus_td,0.0086,11528.0,0.15,0.0,B,-,team att 31.6; ypa 7.26; opp d_ypa 0.99; pass rate 57.3%,1.0,
Chris Bell,MIA,MIN,WR,MIA@MIN,anytime_td,0.11155609421931813,796.0,0.0,0.11909153185435001,C,no game designation yet (Full),tgt_sh 10.1%; team att 31.6; opp DvP 0.91; RZ tgt 0,0.9479829842591244,
Chris Bell,MIA,MIN,WR,MIA@MIN,first_td,0.027077089065285307,3593.0,0.0,0.11909153185435001,C,no game designation yet (Full),tgt_sh 10.1%; team att 31.6; opp DvP 0.91; RZ tgt 0,0.9479829842591244,
Chris Bell,MIA,MIN,WR,MIA@MIN,last_td,0.027077089065285307,3593.0,0.0,0.11909153185435001,C,no game designation yet (Full),tgt_sh 10.1%; team att 31.6; opp DvP 0.91; RZ tgt 0,0.9479829842591244,
Chris Bell,MIA,MIN,WR,MIA@MIN,2plus_td,0.007219265426569005,13752.0,0.0,0.11909153185435001,C,no game designation yet (Full),tgt_sh 10.1%; team att 31.6; opp DvP 0.91; RZ tgt 0,0.9479829842591244,
Kevin Coleman Jr.,MIA,MIN,WR,MIA@MIN,anytime_td,0.07005,1328.0,0.0,0.0719,C,-,tgt_sh 5.8%; team att 31.6; opp DvP 0.91; RZ tgt 0,1.0,
Kevin Coleman Jr.,MIA,MIN,WR,MIA@MIN,first_td,0.016161396103896105,6088.0,0.0,0.0719,C,-,tgt_sh 5.8%; team att 31.6; opp DvP 0.91; RZ tgt 0,1.0,
Kevin Coleman Jr.,MIA,MIN,WR,MIA@MIN,last_td,0.016161396103896105,6088.0,0.0,0.0719,C,-,tgt_sh 5.8%; team att 31.6; opp DvP 0.91; RZ tgt 0,1.0,
Kevin Coleman Jr.,MIA,MIN,WR,MIA@MIN,2plus_td,0.0018,55456.0,0.0,0.0719,C,-,tgt_sh 5.8%; team att 31.6; opp DvP 0.91; RZ tgt 0,1.0,
Greg Dulcich,MIA,MIN,TE,MIA@MIN,anytime_td,0.25545,291.0,0.0,0.29065,B,-,tgt_sh 14.9%; team att 31.6; opp DvP 1.05; RZ tgt 2,1.0,
Greg Dulcich,MIA,MIN,TE,MIA@MIN,first_td,0.06752763528138528,1381.0,0.0,0.29065,B,-,tgt_sh 14.9%; team att 31.6; opp DvP 1.05; RZ tgt 2,1.0,
Greg Dulcich,MIA,MIN,TE,MIA@MIN,last_td,0.06752763528138528,1381.0,0.0,0.29065,B,-,tgt_sh 14.9%; team att 31.6; opp DvP 1.05; RZ tgt 2,1.0,
Greg Dulcich,MIA,MIN,TE,MIA@MIN,2plus_td,0.0325,2977.0,0.0,0.29065,B,-,tgt_sh 14.9%; team att 31.6; opp DvP 1.05; RZ tgt 2,1.0,
Ollie Gordon II,MIA,MIN,RB,MIA@MIN,anytime_td,0.22165,351.0,0.21755,0.0312,B,-,tgt_sh 2.4%; team att 31.6; opp DvP 1.20; RZ tgt 0; car_sh 18.7%; team rush 26.5; opp d_ypc 0.93; inside-10 car 1,1.0,
Ollie Gordon II,MIA,MIN,RB,MIA@MIN,first_td,0.057740887445887436,1632.0,0.21755,0.0312,B,-,tgt_sh 2.4%; team att 31.6; opp DvP 1.20; RZ tgt 0; car_sh 18.7%; team rush 26.5; opp d_ypc 0.93; inside-10 car 1,1.0,
Ollie Gordon II,MIA,MIN,RB,MIA@MIN,last_td,0.057740887445887436,1632.0,0.21755,0.0312,B,-,tgt_sh 2.4%; team att 31.6; opp DvP 1.20; RZ tgt 0; car_sh 18.7%; team rush 26.5; opp d_ypc 0.93; inside-10 car 1,1.0,
Ollie Gordon II,MIA,MIN,RB,MIA@MIN,2plus_td,0.02555,3814.0,0.21755,0.0312,B,-,tgt_sh 2.4%; team att 31.6; opp DvP 1.20; RZ tgt 0; car_sh 18.7%; team rush 26.5; opp d_ypc 0.93; inside-10 car 1,1.0,
DJ Herman,MIA,MIN,RB,MIA@MIN,anytime_td,0.05865,1605.0,0.00715,0.05285,C,-,tgt_sh 3.8%; team att 31.6; opp DvP 1.20; RZ tgt 0,1.0,
DJ Herman,MIA,MIN,RB,MIA@MIN,first_td,0.014050380591630591,7017.0,0.00715,0.05285,C,-,tgt_sh 3.8%; team att 31.6; opp DvP 1.20; RZ tgt 0,1.0,
DJ Herman,MIA,MIN,RB,MIA@MIN,last_td,0.014050380591630591,7017.0,0.00715,0.05285,C,-,tgt_sh 3.8%; team att 31.6; opp DvP 1.20; RZ tgt 0,1.0,
DJ Herman,MIA,MIN,RB,MIA@MIN,2plus_td,0.00135,73974.0,0.00715,0.05285,C,-,tgt_sh 3.8%; team att 31.6; opp DvP 1.20; RZ tgt 0,1.0,
Will Kacmarek,MIA,MIN,TE,MIA@MIN,anytime_td,0.0256,3806.0,0.0,0.02575,C,-,w_td 0.02; team TD 1.48,1.0,
Will Kacmarek,MIA,MIN,TE,MIA@MIN,first_td,0.005822821067821067,17074.0,0.0,0.02575,C,-,w_td 0.02; team TD 1.48,1.0,
Will Kacmarek,MIA,MIN,TE,MIA@MIN,last_td,0.005822821067821067,17074.0,0.0,0.02575,C,-,w_td 0.02; team TD 1.48,1.0,
Will Kacmarek,MIA,MIN,TE,MIA@MIN,2plus_td,0.00015,666567.0,0.0,0.02575,C,-,w_td 0.02; team TD 1.48,1.0,
Ryan Miller,MIA,MIN,WR,MIA@MIN,anytime_td,0.0326,2967.0,0.0,0.033,C,-,w_td 0.03; team TD 1.48,1.0,
Ryan Miller,MIA,MIN,WR,MIA@MIN,first_td,0.007520676406926407,13197.0,0.0,0.033,C,-,w_td 0.03; team TD 1.48,1.0,
Ryan Miller,MIA,MIN,WR,MIA@MIN,last_td,0.007520676406926407,13197.0,0.0,0.033,C,-,w_td 0.03; team TD 1.48,1.0,
Ryan Miller,MIA,MIN,WR,MIA@MIN,2plus_td,0.0004,249900.0,0.0,0.033,C,-,w_td 0.03; team TD 1.48,1.0,
Malik Washington,MIA,MIN,WR,MIA@MIN,anytime_td,0.2724,267.0,0.0164,0.2945,B,-,tgt_sh 20.6%; team att 31.6; opp DvP 0.91; RZ tgt 1,1.0,
Malik Washington,MIA,MIN,WR,MIA@MIN,first_td,0.0714788997113997,1299.0,0.0164,0.2945,B,-,tgt_sh 20.6%; team att 31.6; opp DvP 0.91; RZ tgt 1,1.0,
Malik Washington,MIA,MIN,WR,MIA@MIN,last_td,0.0714788997113997,1299.0,0.0164,0.2945,B,-,tgt_sh 20.6%; team att 31.6; opp DvP 0.91; RZ tgt 1,1.0,
Malik Washington,MIA,MIN,WR,MIA@MIN,2plus_td,0.0353,2733.0,0.0164,0.2945,B,-,tgt_sh 20.6%; team att 31.6; opp DvP 0.91; RZ tgt 1,1.0,
Jaylen Wright,MIA,MIN,RB,MIA@MIN,anytime_td,0.14741937181038564,578.0,0.13326669121902457,0.02525385384332088,C,no game designation yet (Full),car_sh 10.0%; team rush 26.5; opp d_ypc 0.93; inside-10 car 1,0.9508674235277402,
Jaylen Wright,MIA,MIN,RB,MIA@MIN,first_td,0.03715776734796044,2591.0,0.13326669121902457,0.02525385384332088,C,no game designation yet (Full),car_sh 10.0%; team rush 26.5; opp d_ypc 0.93; inside-10 car 1,0.9508674235277402,
Jaylen Wright,MIA,MIN,RB,MIA@MIN,last_td,0.03715776734796044,2591.0,0.13326669121902457,0.02525385384332088,C,no game designation yet (Full),car_sh 10.0%; team rush 26.5; opp d_ypc 0.93; inside-10 car 1,0.9508674235277402,
Jaylen Wright,MIA,MIN,RB,MIA@MIN,2plus_td,0.010627663492397538,9309.0,0.13326669121902457,0.02525385384332088,C,no game designation yet (Full),car_sh 10.0%; team rush 26.5; opp d_ypc 0.93; inside-10 car 1,0.9508674235277402,
Kyler Murray,MIN,MIA,QB,MIA@MIN,anytime_td,0.06685,1396.0,0.0688,0.0,C,-,team att 27.8; ypa 7.63; opp d_ypa 1.11; pass rate 49.9%,1.0,
Kyler Murray,MIN,MIA,QB,MIA@MIN,first_td,0.01595168831168831,6169.0,0.0688,0.0,C,-,team att 27.8; ypa 7.63; opp d_ypa 1.11; pass rate 49.9%,1.0,
Kyler Murray,MIN,MIA,QB,MIA@MIN,last_td,0.01595168831168831,6169.0,0.0688,0.0,C,-,team att 27.8; ypa 7.63; opp d_ypa 1.11; pass rate 49.9%,1.0,
Kyler Murray,MIN,MIA,QB,MIA@MIN,2plus_td,0.0018,55456.0,0.0688,0.0,C,-,team att 27.8; ypa 7.63; opp d_ypa 1.11; pass rate 49.9%,1.0,
Jordan Addison,MIN,MIA,WR,MIA@MIN,anytime_td,0.3983,151.0,0.0,0.49255,B,-,tgt_sh 18.2%; team att 27.8; opp DvP 1.04; RZ tgt 1,1.0,
Jordan Addison,MIN,MIA,WR,MIA@MIN,first_td,0.11626492243867244,760.0,0.0,0.49255,B,-,tgt_sh 18.2%; team att 27.8; opp DvP 1.04; RZ tgt 1,1.0,
Jordan Addison,MIN,MIA,WR,MIA@MIN,last_td,0.11626492243867244,760.0,0.0,0.49255,B,-,tgt_sh 18.2%; team att 27.8; opp DvP 1.04; RZ tgt 1,1.0,
Jordan Addison,MIN,MIA,WR,MIA@MIN,2plus_td,0.0826,1111.0,0.0,0.49255,B,-,tgt_sh 18.2%; team att 27.8; opp DvP 1.04; RZ tgt 1,1.0,
Max Bredeson,MIN,MIA,RB,MIA@MIN,anytime_td,0.02225,4394.0,0.01075,0.01185,C,-,w_td 0.01; team TD 2.52,1.0,
Max Bredeson,MIN,MIA,RB,MIA@MIN,first_td,0.005496507936507936,18093.0,0.01075,0.01185,C,-,w_td 0.01; team TD 2.52,1.0,
Max Bredeson,MIN,MIA,RB,MIA@MIN,last_td,0.005496507936507936,18093.0,0.01075,0.01185,C,-,w_td 0.01; team TD 2.52,1.0,
Max Bredeson,MIN,MIA,RB,MIA@MIN,2plus_td,0.00035,285614.0,0.01075,0.01185,C,-,w_td 0.01; team TD 2.52,1.0,
Demond Claiborne,MIN,MIA,RB,MIA@MIN,anytime_td,0.0911,998.0,0.05365,0.04185,C,-,w_td 0.05; team TD 2.52,1.0,
Demond Claiborne,MIN,MIA,RB,MIA@MIN,first_td,0.022667902236652236,4312.0,0.05365,0.04185,C,-,w_td 0.05; team TD 2.52,1.0,
Demond Claiborne,MIN,MIA,RB,MIA@MIN,last_td,0.022667902236652236,4312.0,0.05365,0.04185,C,-,w_td 0.05; team TD 2.52,1.0,
Demond Claiborne,MIN,MIA,RB,MIA@MIN,2plus_td,0.0043,23156.0,0.05365,0.04185,C,-,w_td 0.05; team TD 2.52,1.0,
DeeJay Dallas,MIN,MIA,RB,MIA@MIN,anytime_td,0.0938,966.0,0.0377,0.0609,C,-,tgt_sh 2.9%; team att 27.8; opp DvP 0.86; RZ tgt 0,1.0,
DeeJay Dallas,MIN,MIA,RB,MIA@MIN,first_td,0.02348553932178932,4158.0,0.0377,0.0609,C,-,tgt_sh 2.9%; team att 27.8; opp DvP 0.86; RZ tgt 0,1.0,
DeeJay Dallas,MIN,MIA,RB,MIA@MIN,last_td,0.02348553932178932,4158.0,0.0377,0.0609,C,-,tgt_sh 2.9%; team att 27.8; opp DvP 0.86; RZ tgt 0,1.0,
DeeJay Dallas,MIN,MIA,RB,MIA@MIN,2plus_td,0.0046,21639.0,0.0377,0.0609,C,-,tgt_sh 2.9%; team att 27.8; opp DvP 0.86; RZ tgt 0,1.0,
Tai Felton,MIN,MIA,WR,MIA@MIN,anytime_td,0.05025,1890.0,0.0,0.05145,C,-,w_td 0.02; team TD 2.52,1.0,
Tai Felton,MIN,MIA,WR,MIA@MIN,first_td,0.012119825036075036,8151.0,0.0,0.05145,C,-,w_td 0.02; team TD 2.52,1.0,
Tai Felton,MIN,MIA,WR,MIA@MIN,last_td,0.012119825036075036,8151.0,0.0,0.05145,C,-,w_td 0.02; team TD 2.52,1.0,
Tai Felton,MIN,MIA,WR,MIA@MIN,2plus_td,0.0012,83233.0,0.0,0.05145,C,-,w_td 0.02; team TD 2.52,1.0,
T.J. Hockenson,MIN,MIA,TE,MIA@MIN,anytime_td,0.4038,148.0,0.0,0.5048,B,-,tgt_sh 17.4%; team att 27.8; opp DvP 0.89; RZ tgt 2,1.0,
T.J. Hockenson,MIN,MIA,TE,MIA@MIN,first_td,0.11920401875901876,739.0,0.0,0.5048,B,-,tgt_sh 17.4%; team att 27.8; opp DvP 0.89; RZ tgt 2,1.0,
T.J. Hockenson,MIN,MIA,TE,MIA@MIN,last_td,0.11920401875901876,739.0,0.0,0.5048,B,-,tgt_sh 17.4%; team att 27.8; opp DvP 0.89; RZ tgt 2,1.0,
T.J. Hockenson,MIN,MIA,TE,MIA@MIN,2plus_td,0.0887,1027.0,0.0,0.5048,B,-,tgt_sh 17.4%; team att 27.8; opp DvP 0.89; RZ tgt 2,1.0,
Jauan Jennings,MIN,MIA,WR,MIA@MIN,anytime_td,0.19815,405.0,0.0,0.2187,C,-,tgt_sh 9.7%; team att 27.8; opp DvP 1.04; RZ tgt 0,1.0,
Jauan Jennings,MIN,MIA,WR,MIA@MIN,first_td,0.05129965367965368,1849.0,0.0,0.2187,C,-,tgt_sh 9.7%; team att 27.8; opp DvP 1.04; RZ tgt 0,1.0,
Jauan Jennings,MIN,MIA,WR,MIA@MIN,last_td,0.05129965367965368,1849.0,0.0,0.2187,C,-,tgt_sh 9.7%; team att 27.8; opp DvP 1.04; RZ tgt 0,1.0,
Jauan Jennings,MIN,MIA,WR,MIA@MIN,2plus_td,0.01945,5041.0,0.0,0.2187,C,-,tgt_sh 9.7%; team att 27.8; opp DvP 1.04; RZ tgt 0,1.0,
Aaron Jones,MIN,MIA,RB,MIA@MIN,anytime_td,0.5702234496610595,-133.0,0.605372834546824,0.21084609590760733,B,no game designation yet (Limited),tgt_sh 10.2%; team att 27.8; opp DvP 0.86; RZ tgt 0; car_sh 47.0%; team rush 29.5; opp d_ypc 0.92; inside-10 car 1,0.9951309141019752,
Aaron Jones,MIN,MIA,RB,MIA@MIN,first_td,0.19403296260188052,415.0,0.605372834546824,0.21084609590760733,B,no game designation yet (Limited),tgt_sh 10.2%; team att 27.8; opp DvP 0.86; RZ tgt 0; car_sh 47.0%; team rush 29.5; opp d_ypc 0.92; inside-10 car 1,0.9951309141019752,
Aaron Jones,MIN,MIA,RB,MIA@MIN,last_td,0.19403296260188052,415.0,0.605372834546824,0.21084609590760733,B,no game designation yet (Limited),tgt_sh 10.2%; team att 27.8; opp DvP 0.86; RZ tgt 0; car_sh 47.0%; team rush 29.5; opp d_ypc 0.92; inside-10 car 1,0.9951309141019752,
Aaron Jones,MIN,MIA,RB,MIA@MIN,2plus_td,0.1951795129299523,412.0,0.605372834546824,0.21084609590760733,B,no game designation yet (Limited),tgt_sh 10.2%; team att 27.8; opp DvP 0.86; RZ tgt 0; car_sh 47.0%; team rush 29.5; opp d_ypc 0.92; inside-10 car 1,0.9951309141019752,
Myles Price,MIN,MIA,WR,MIA@MIN,anytime_td,0.03985,2409.0,0.0,0.0406,C,-,w_td 0.02; team TD 2.52,1.0,
Myles Price,MIN,MIA,WR,MIA@MIN,first_td,0.009722700216450216,10185.0,0.0,0.0406,C,-,w_td 0.02; team TD 2.52,1.0,
Myles Price,MIN,MIA,WR,MIA@MIN,last_td,0.009722700216450216,10185.0,0.0,0.0406,C,-,w_td 0.02; team TD 2.52,1.0,
Myles Price,MIN,MIA,WR,MIA@MIN,2plus_td,0.0007,142757.0,0.0,0.0406,C,-,w_td 0.02; team TD 2.52,1.0,
Patrick Mahomes,KC,LV,QB,KC@LV,anytime_td,0.08738656061996533,1044.0,0.09146527990211074,0.0,B,no game designation yet (Full),team att 31.2; ypa 7.53; opp d_ypa 0.99; pass rate 53.5%,0.98,
Patrick Mahomes,KC,LV,QB,KC@LV,first_td,0.018874242210889503,5198.0,0.09146527990211074,0.0,B,no game designation yet (Full),team att 31.2; ypa 7.53; opp d_ypa 0.99; pass rate 53.5%,0.98,
Patrick Mahomes,KC,LV,QB,KC@LV,last_td,0.018874242210889503,5198.0,0.09146527990211074,0.0,B,no game designation yet (Full),team att 31.2; ypa 7.53; opp d_ypa 0.99; pass rate 53.5%,0.98,
Patrick Mahomes,KC,LV,QB,KC@LV,2plus_td,0.004027735291118589,24728.0,0.09146527990211074,0.0,B,no game designation yet (Full),team att 31.2; ypa 7.53; opp d_ypa 0.99; pass rate 53.5%,0.98,
Cyrus Allen,KC,LV,WR,KC@LV,anytime_td,0.0185,5305.0,0.0,0.01865,C,-,w_td 0.01; team TD 2.39,1.0,
Cyrus Allen,KC,LV,WR,KC@LV,first_td,0.004015853174603174,24801.0,0.0,0.01865,C,-,w_td 0.01; team TD 2.39,1.0,
Cyrus Allen,KC,LV,WR,KC@LV,last_td,0.004015853174603174,24801.0,0.0,0.01865,C,-,w_td 0.01; team TD 2.39,1.0,
Cyrus Allen,KC,LV,WR,KC@LV,2plus_td,0.00015,666567.0,0.0,0.01865,C,-,w_td 0.01; team TD 2.39,1.0,
Jake Briningstool,KC,LV,TE,KC@LV,anytime_td,0.02805,3465.0,0.0,0.0283,C,-,w_td 0.02; team TD 2.39,1.0,
Jake Briningstool,KC,LV,TE,KC@LV,first_td,0.006047205988455988,16437.0,0.0,0.0283,C,-,w_td 0.02; team TD 2.39,1.0,
Jake Briningstool,KC,LV,TE,KC@LV,last_td,0.006047205988455988,16437.0,0.0,0.0283,C,-,w_td 0.02; team TD 2.39,1.0,
Jake Briningstool,KC,LV,TE,KC@LV,2plus_td,0.00025,399900.0,0.0,0.0283,C,-,w_td 0.02; team TD 2.39,1.0,
Noah Gray,KC,LV,TE,KC@LV,anytime_td,0.0969,932.0,0.0,0.1008,C,-,tgt_sh 6.2%; team att 31.2; opp DvP 1.00; RZ tgt 1,1.0,
Noah Gray,KC,LV,TE,KC@LV,first_td,0.02092235028860029,4680.0,0.0,0.1008,C,-,tgt_sh 6.2%; team att 31.2; opp DvP 1.00; RZ tgt 1,1.0,
Noah Gray,KC,LV,TE,KC@LV,last_td,0.02092235028860029,4680.0,0.0,0.1008,C,-,tgt_sh 6.2%; team att 31.2; opp DvP 1.00; RZ tgt 1,1.0,
Noah Gray,KC,LV,TE,KC@LV,2plus_td,0.0038,26216.0,0.0,0.1008,C,-,tgt_sh 6.2%; team att 31.2; opp DvP 1.00; RZ tgt 1,1.0,
Emmett Johnson,KC,LV,RB,KC@LV,anytime_td,0.1621,517.0,0.1326,0.04355,B,-,tgt_sh 3.6%; team att 31.2; opp DvP 0.96; RZ tgt 0; car_sh 21.9%; team rush 28.9; opp d_ypc 1.03; inside-10 car 0,1.0,
Emmett Johnson,KC,LV,RB,KC@LV,first_td,0.03653399281274281,2637.0,0.1326,0.04355,B,-,tgt_sh 3.6%; team att 31.2; opp DvP 0.96; RZ tgt 0; car_sh 21.9%; team rush 28.9; opp d_ypc 1.03; inside-10 car 0,1.0,
Emmett Johnson,KC,LV,RB,KC@LV,last_td,0.03653399281274281,2637.0,0.1326,0.04355,B,-,tgt_sh 3.6%; team att 31.2; opp DvP 0.96; RZ tgt 0; car_sh 21.9%; team rush 28.9; opp d_ypc 1.03; inside-10 car 0,1.0,
Emmett Johnson,KC,LV,RB,KC@LV,2plus_td,0.013,7592.0,0.1326,0.04355,B,-,tgt_sh 3.6%; team att 31.2; opp DvP 0.96; RZ tgt 0; car_sh 21.9%; team rush 28.9; opp d_ypc 1.03; inside-10 car 0,1.0,
Travis Kelce,KC,LV,TE,KC@LV,anytime_td,0.26445,278.0,0.0,0.30095,B,-,tgt_sh 19.2%; team att 31.2; opp DvP 1.00; RZ tgt 2,1.0,
Travis Kelce,KC,LV,TE,KC@LV,first_td,0.06247017496392496,1501.0,0.0,0.30095,B,-,tgt_sh 19.2%; team att 31.2; opp DvP 1.00; RZ tgt 2,1.0,
Travis Kelce,KC,LV,TE,KC@LV,last_td,0.06247017496392496,1501.0,0.0,0.30095,B,-,tgt_sh 19.2%; team att 31.2; opp DvP 1.00; RZ tgt 2,1.0,
Travis Kelce,KC,LV,TE,KC@LV,2plus_td,0.03365,2872.0,0.0,0.30095,B,-,tgt_sh 19.2%; team att 31.2; opp DvP 1.00; RZ tgt 2,1.0,
Rashee Rice,KC,LV,WR,KC@LV,anytime_td,0.31516750197836985,217.0,0.0,0.3738327618042733,C,no game designation yet (Full),tgt_sh 23.9%; team att 31.2; opp DvP 0.89; RZ tgt 4,0.9479829842591244,
Rashee Rice,KC,LV,WR,KC@LV,first_td,0.07660139839643927,1205.0,0.0,0.3738327618042733,C,no game designation yet (Full),tgt_sh 23.9%; team att 31.2; opp DvP 0.89; RZ tgt 4,0.9479829842591244,
Rashee Rice,KC,LV,WR,KC@LV,last_td,0.07660139839643927,1205.0,0.0,0.3738327618042733,C,no game designation yet (Full),tgt_sh 23.9%; team att 31.2; opp DvP 0.89; RZ tgt 4,0.9479829842591244,
Rashee Rice,KC,LV,WR,KC@LV,2plus_td,0.05270377209179636,1797.0,0.0,0.3738327618042733,C,no game designation yet (Full),tgt_sh 23.9%; team att 31.2; opp DvP 0.89; RZ tgt 4,0.9479829842591244,
Jalen Royals,KC,LV,WR,KC@LV,anytime_td,0.04815,1977.0,0.0,0.0495,C,-,w_td 0.03; team TD 2.39,1.0,
Jalen Royals,KC,LV,WR,KC@LV,first_td,0.010425108225108224,9492.0,0.0,0.0495,C,-,w_td 0.03; team TD 2.39,1.0,
Jalen Royals,KC,LV,WR,KC@LV,last_td,0.010425108225108224,9492.0,0.0,0.0495,C,-,w_td 0.03; team TD 2.39,1.0,
Jalen Royals,KC,LV,WR,KC@LV,2plus_td,0.00135,73974.0,0.0,0.0495,C,-,w_td 0.03; team TD 2.39,1.0,
Brashard Smith,KC,LV,RB,KC@LV,anytime_td,0.0748,1237.0,0.0101,0.06755,C,-,w_td 0.05; team TD 2.39,1.0,
Brashard Smith,KC,LV,RB,KC@LV,first_td,0.01605785409035409,6127.0,0.0101,0.06755,C,-,w_td 0.05; team TD 2.39,1.0,
Brashard Smith,KC,LV,RB,KC@LV,last_td,0.01605785409035409,6127.0,0.0101,0.06755,C,-,w_td 0.05; team TD 2.39,1.0,
Brashard Smith,KC,LV,RB,KC@LV,2plus_td,0.00275,36264.0,0.0101,0.06755,C,-,w_td 0.05; team TD 2.39,1.0,
Tyquan Thornton,KC,LV,WR,KC@LV,anytime_td,0.0838,1093.0,0.0,0.08795,C,-,tgt_sh 7.6%; team att 31.2; opp DvP 0.89; RZ tgt 0,1.0,
Tyquan Thornton,KC,LV,WR,KC@LV,first_td,0.018111152597402598,5421.0,0.0,0.08795,C,-,tgt_sh 7.6%; team att 31.2; opp DvP 0.89; RZ tgt 0,1.0,
Tyquan Thornton,KC,LV,WR,KC@LV,last_td,0.018111152597402598,5421.0,0.0,0.08795,C,-,tgt_sh 7.6%; team att 31.2; opp DvP 0.89; RZ tgt 0,1.0,
Tyquan Thornton,KC,LV,WR,KC@LV,2plus_td,0.004,24900.0,0.0,0.08795,C,-,tgt_sh 7.6%; team att 31.2; opp DvP 0.89; RZ tgt 0,1.0,
Kenneth Walker III,KC,LV,RB,KC@LV,anytime_td,0.57325,-134.0,0.5105,0.3026,B,-,tgt_sh 14.4%; team att 31.2; opp DvP 0.96; RZ tgt 5; car_sh 59.4%; team rush 28.9; opp d_ypc 1.03; inside-10 car 8,1.0,
Kenneth Walker III,KC,LV,RB,KC@LV,first_td,0.17042063936063936,487.0,0.5105,0.3026,B,-,tgt_sh 14.4%; team att 31.2; opp DvP 0.96; RZ tgt 5; car_sh 59.4%; team rush 28.9; opp d_ypc 1.03; inside-10 car 8,1.0,
Kenneth Walker III,KC,LV,RB,KC@LV,last_td,0.17042063936063936,487.0,0.5105,0.3026,B,-,tgt_sh 14.4%; team att 31.2; opp DvP 0.96; RZ tgt 5; car_sh 59.4%; team rush 28.9; opp d_ypc 1.03; inside-10 car 8,1.0,
Kenneth Walker III,KC,LV,RB,KC@LV,2plus_td,0.19185,421.0,0.5105,0.3026,B,-,tgt_sh 14.4%; team att 31.2; opp DvP 0.96; RZ tgt 5; car_sh 59.4%; team rush 28.9; opp d_ypc 1.03; inside-10 car 8,1.0,
Xavier Worthy,KC,LV,WR,KC@LV,anytime_td,0.23945,318.0,0.0,0.26865,B,-,tgt_sh 15.0%; team att 31.2; opp DvP 0.89; RZ tgt 4,1.0,
Xavier Worthy,KC,LV,WR,KC@LV,first_td,0.05655436313686314,1668.0,0.0,0.26865,B,-,tgt_sh 15.0%; team att 31.2; opp DvP 0.89; RZ tgt 4,1.0,
Xavier Worthy,KC,LV,WR,KC@LV,last_td,0.05655436313686314,1668.0,0.0,0.26865,B,-,tgt_sh 15.0%; team att 31.2; opp DvP 0.89; RZ tgt 4,1.0,
Xavier Worthy,KC,LV,WR,KC@LV,2plus_td,0.02755,3530.0,0.0,0.26865,B,-,tgt_sh 15.0%; team att 31.2; opp DvP 0.89; RZ tgt 4,1.0,
Kirk Cousins,LV,KC,QB,KC@LV,anytime_td,0.0468,2037.0,0.04795,0.0,B,-,team att 31.1; ypa 6.55; opp d_ypa 0.91; pass rate 53.2%,1.0,
Kirk Cousins,LV,KC,QB,KC@LV,first_td,0.009912272727272728,9989.0,0.04795,0.0,B,-,team att 31.1; ypa 6.55; opp d_ypa 0.91; pass rate 53.2%,1.0,
Kirk Cousins,LV,KC,QB,KC@LV,last_td,0.009912272727272728,9989.0,0.04795,0.0,B,-,team att 31.1; ypa 6.55; opp d_ypa 0.91; pass rate 53.2%,1.0,
Kirk Cousins,LV,KC,QB,KC@LV,2plus_td,0.0011,90809.0,0.04795,0.0,B,-,team att 31.1; ypa 6.55; opp d_ypa 0.91; pass rate 53.2%,1.0,
Cody White,LV,KC,WR,KC@LV,anytime_td,0.14984293193717277,567.0,0.0,0.16146596858638743,C,no game designation yet (Limited),tgt_sh 4.5%; team att 31.1; opp DvP 0.91; RZ tgt 4,0.9575230478992892,
Cody White,LV,KC,WR,KC@LV,first_td,0.03382947840408573,2856.0,0.0,0.16146596858638743,C,no game designation yet (Limited),tgt_sh 4.5%; team att 31.1; opp DvP 0.91; RZ tgt 4,0.9575230478992892,
Cody White,LV,KC,WR,KC@LV,last_td,0.03382947840408573,2856.0,0.0,0.16146596858638743,C,no game designation yet (Limited),tgt_sh 4.5%; team att 31.1; opp DvP 0.91; RZ tgt 4,0.9575230478992892,
Cody White,LV,KC,WR,KC@LV,2plus_td,0.011413612565445026,8661.0,0.0,0.16146596858638743,C,no game designation yet (Limited),tgt_sh 4.5%; team att 31.1; opp DvP 0.91; RZ tgt 4,0.9575230478992892,
Malik Benson,LV,KC,WR,KC@LV,anytime_td,0.04146006962759785,2312.0,0.00374512079333263,0.03834792699651862,C,no game designation yet (Full),w_td 0.03; team TD 2.18,0.9479829842591244,
Malik Benson,LV,KC,WR,KC@LV,first_td,0.008720164738732097,11368.0,0.00374512079333263,0.03834792699651862,C,no game designation yet (Full),w_td 0.03; team TD 2.18,0.9479829842591244,
Malik Benson,LV,KC,WR,KC@LV,last_td,0.008720164738732097,11368.0,0.00374512079333263,0.03834792699651862,C,no game designation yet (Full),w_td 0.03; team TD 2.18,0.9479829842591244,
Malik Benson,LV,KC,WR,KC@LV,2plus_td,0.0006329781622534023,157883.0,0.00374512079333263,0.03834792699651862,C,no game designation yet (Full),w_td 0.03; team TD 2.18,0.9479829842591244,
Brock Bowers,LV,KC,TE,KC@LV,anytime_td,0.3641826923076923,175.0,0.0,0.44251672240802675,C,no game designation yet (Limited),tgt_sh 25.8%; team att 31.1; opp DvP 1.19; RZ tgt 3,0.9575230478992892,
Brock Bowers,LV,KC,TE,KC@LV,first_td,0.09141141078588821,994.0,0.0,0.44251672240802675,C,no game designation yet (Limited),tgt_sh 25.8%; team att 31.1; opp DvP 1.19; RZ tgt 3,0.9575230478992892,
Brock Bowers,LV,KC,TE,KC@LV,last_td,0.09141141078588821,994.0,0.0,0.44251672240802675,C,no game designation yet (Limited),tgt_sh 25.8%; team att 31.1; opp DvP 1.19; RZ tgt 3,0.9575230478992892,
Brock Bowers,LV,KC,TE,KC@LV,2plus_td,0.06971153846153846,1334.0,0.0,0.44251672240802675,C,no game designation yet (Limited),tgt_sh 25.8%; team att 31.1; opp DvP 1.19; RZ tgt 3,0.9575230478992892,
Connor Heyward,LV,KC,RB,KC@LV,anytime_td,0.0311,3115.0,0.0264,0.00525,C,-,w_td 0.04; team TD 2.18,1.0,
Connor Heyward,LV,KC,RB,KC@LV,first_td,0.006771867438117436,14667.0,0.0264,0.00525,C,-,w_td 0.04; team TD 2.18,1.0,
Connor Heyward,LV,KC,RB,KC@LV,last_td,0.006771867438117436,14667.0,0.0264,0.00525,C,-,w_td 0.04; team TD 2.18,1.0,
Connor Heyward,LV,KC,RB,KC@LV,2plus_td,0.00055,181718.0,0.0264,0.00525,C,-,w_td 0.04; team TD 2.18,1.0,
Ashton Jeanty,LV,KC,RB,KC@LV,anytime_td,0.5088975465936612,-104.0,0.4132884068653259,0.2777192797725598,B,no game designation yet (Full),tgt_sh 14.7%; team att 31.1; opp DvP 0.93; RZ tgt 4; car_sh 61.4%; team rush 28.8; opp d_ypc 0.96; inside-10 car 7,0.9508674235277402,
Ashton Jeanty,LV,KC,RB,KC@LV,first_td,0.14301931192133363,599.0,0.4132884068653259,0.2777192797725598,B,no game designation yet (Full),tgt_sh 14.7%; team att 31.1; opp DvP 0.93; RZ tgt 4; car_sh 61.4%; team rush 28.8; opp d_ypc 0.96; inside-10 car 7,0.9508674235277402,
Ashton Jeanty,LV,KC,RB,KC@LV,last_td,0.14301931192133363,599.0,0.4132884068653259,0.2777192797725598,B,no game designation yet (Full),tgt_sh 14.7%; team att 31.1; opp DvP 0.93; RZ tgt 4; car_sh 61.4%; team rush 28.8; opp d_ypc 0.96; inside-10 car 7,0.9508674235277402,
Ashton Jeanty,LV,KC,RB,KC@LV,2plus_td,0.1492576603137833,570.0,0.4132884068653259,0.2777192797725598,B,no game designation yet (Full),tgt_sh 14.7%; team att 31.1; opp DvP 0.93; RZ tgt 4; car_sh 61.4%; team rush 28.8; opp d_ypc 0.96; inside-10 car 7,0.9508674235277402,
Michael Mayer,LV,KC,TE,KC@LV,anytime_td,0.2322,331.0,0.0,0.2614,B,-,tgt_sh 14.1%; team att 31.1; opp DvP 1.19; RZ tgt 2,1.0,
Michael Mayer,LV,KC,TE,KC@LV,first_td,0.05419830322455322,1745.0,0.0,0.2614,B,-,tgt_sh 14.1%; team att 31.1; opp DvP 1.19; RZ tgt 2,1.0,
Michael Mayer,LV,KC,TE,KC@LV,last_td,0.05419830322455322,1745.0,0.0,0.2614,B,-,tgt_sh 14.1%; team att 31.1; opp DvP 1.19; RZ tgt 2,1.0,
Michael Mayer,LV,KC,TE,KC@LV,2plus_td,0.0271,3590.0,0.0,0.2614,B,-,tgt_sh 14.1%; team att 31.1; opp DvP 1.19; RZ tgt 2,1.0,
Jalen Nailor,LV,KC,WR,KC@LV,anytime_td,0.13665,632.0,0.0,0.145,C,-,tgt_sh 10.2%; team att 31.1; opp DvP 0.91; RZ tgt 1,1.0,
Jalen Nailor,LV,KC,WR,KC@LV,first_td,0.029618219003219003,3276.0,0.0,0.145,C,-,tgt_sh 10.2%; team att 31.1; opp DvP 0.91; RZ tgt 1,1.0,
Jalen Nailor,LV,KC,WR,KC@LV,last_td,0.029618219003219003,3276.0,0.0,0.145,C,-,tgt_sh 10.2%; team att 31.1; opp DvP 0.91; RZ tgt 1,1.0,
Jalen Nailor,LV,KC,WR,KC@LV,2plus_td,0.008,12400.0,0.0,0.145,C,-,tgt_sh 10.2%; team att 31.1; opp DvP 0.91; RZ tgt 1,1.0,
Ian Thomas,LV,KC,TE,KC@LV,anytime_td,0.0229,4267.0,0.0,0.0229,C,-,w_td 0.02; team TD 2.18,1.0,
Ian Thomas,LV,KC,TE,KC@LV,first_td,0.004764325396825397,20889.0,0.0,0.0229,C,-,w_td 0.02; team TD 2.18,1.0,
Ian Thomas,LV,KC,TE,KC@LV,last_td,0.004764325396825397,20889.0,0.0,0.0229,C,-,w_td 0.02; team TD 2.18,1.0,
Ian Thomas,LV,KC,TE,KC@LV,2plus_td,0.0,,0.0,0.0229,C,-,w_td 0.02; team TD 2.18,1.0,
Tre Tucker,LV,KC,WR,KC@LV,anytime_td,0.1948,413.0,0.0,0.2125,C,-,tgt_sh 15.8%; team att 31.1; opp DvP 0.91; RZ tgt 1,1.0,
Tre Tucker,LV,KC,WR,KC@LV,first_td,0.043934965728715726,2176.0,0.0,0.2125,C,-,tgt_sh 15.8%; team att 31.1; opp DvP 0.91; RZ tgt 1,1.0,
Tre Tucker,LV,KC,WR,KC@LV,last_td,0.043934965728715726,2176.0,0.0,0.2125,C,-,tgt_sh 15.8%; team att 31.1; opp DvP 0.91; RZ tgt 1,1.0,
Tre Tucker,LV,KC,WR,KC@LV,2plus_td,0.0171,5748.0,0.0,0.2125,C,-,tgt_sh 15.8%; team att 31.1; opp DvP 0.91; RZ tgt 1,1.0,
Mike Washington Jr.,LV,KC,RB,KC@LV,anytime_td,0.1378,626.0,0.1331,0.01525,B,-,car_sh 21.0%; team rush 28.8; opp d_ypc 0.96; inside-10 car 1,1.0,
Mike Washington Jr.,LV,KC,RB,KC@LV,first_td,0.0310605747030747,3120.0,0.1331,0.01525,B,-,car_sh 21.0%; team rush 28.8; opp d_ypc 0.96; inside-10 car 1,1.0,
Mike Washington Jr.,LV,KC,RB,KC@LV,last_td,0.0310605747030747,3120.0,0.1331,0.01525,B,-,car_sh 21.0%; team rush 28.8; opp d_ypc 0.96; inside-10 car 1,1.0,
Mike Washington Jr.,LV,KC,RB,KC@LV,2plus_td,0.01,9900.0,0.1331,0.01525,B,-,car_sh 21.0%; team rush 28.8; opp d_ypc 0.96; inside-10 car 1,1.0,
Dareke Young,LV,KC,WR,KC@LV,anytime_td,0.0164,5998.0,0.0,0.01655,C,-,w_td 0.01; team TD 2.18,1.0,
Dareke Young,LV,KC,WR,KC@LV,first_td,0.0033611327561327564,29652.0,0.0,0.01655,C,-,w_td 0.01; team TD 2.18,1.0,
Dareke Young,LV,KC,WR,KC@LV,last_td,0.0033611327561327564,29652.0,0.0,0.01655,C,-,w_td 0.01; team TD 2.18,1.0,
Dareke Young,LV,KC,WR,KC@LV,2plus_td,0.00015,666567.0,0.0,0.01655,C,-,w_td 0.01; team TD 2.18,1.0,
Justin Herbert,LAC,SEA,QB,LAC@SEA,anytime_td,0.09045,1006.0,0.09475,0.0,B,-,team att 31.6; ypa 6.19; opp d_ypa 0.86; pass rate 56.9%,1.0,
Justin Herbert,LAC,SEA,QB,LAC@SEA,first_td,0.019557804834054834,5013.0,0.09475,0.0,B,-,team att 31.6; ypa 6.19; opp d_ypa 0.86; pass rate 56.9%,1.0,
Justin Herbert,LAC,SEA,QB,LAC@SEA,last_td,0.019557804834054834,5013.0,0.09475,0.0,B,-,team att 31.6; ypa 6.19; opp d_ypa 0.86; pass rate 56.9%,1.0,
Justin Herbert,LAC,SEA,QB,LAC@SEA,2plus_td,0.00415,23996.0,0.09475,0.0,B,-,team att 31.6; ypa 6.19; opp d_ypa 0.86; pass rate 56.9%,1.0,
Derius Davis,LAC,SEA,WR,LAC@SEA,anytime_td,0.01615,6092.0,0.0,0.01625,C,-,w_td 0.01; team TD 1.68,1.0,
Derius Davis,LAC,SEA,WR,LAC@SEA,first_td,0.0033921067821067814,29380.0,0.0,0.01625,C,-,w_td 0.01; team TD 1.68,1.0,
Derius Davis,LAC,SEA,WR,LAC@SEA,last_td,0.0033921067821067814,29380.0,0.0,0.01625,C,-,w_td 0.01; team TD 1.68,1.0,
Derius Davis,LAC,SEA,WR,LAC@SEA,2plus_td,0.0001,999900.0,0.0,0.01625,C,-,w_td 0.01; team TD 1.68,1.0,
Oronde Gadsden II,LAC,SEA,TE,LAC@SEA,anytime_td,0.1759,469.0,0.0,0.19215,C,-,tgt_sh 10.3%; team att 31.6; opp DvP 0.97; RZ tgt 2,1.0,
Oronde Gadsden II,LAC,SEA,TE,LAC@SEA,first_td,0.03900385281385282,2464.0,0.0,0.19215,C,-,tgt_sh 10.3%; team att 31.6; opp DvP 0.97; RZ tgt 2,1.0,
Oronde Gadsden II,LAC,SEA,TE,LAC@SEA,last_td,0.03900385281385282,2464.0,0.0,0.19215,C,-,tgt_sh 10.3%; team att 31.6; opp DvP 0.97; RZ tgt 2,1.0,
Oronde Gadsden II,LAC,SEA,TE,LAC@SEA,2plus_td,0.01535,6415.0,0.0,0.19215,C,-,tgt_sh 10.3%; team att 31.6; opp DvP 0.97; RZ tgt 2,1.0,
Omarion Hampton,LAC,SEA,RB,LAC@SEA,anytime_td,0.3045,228.0,0.2876,0.0714,B,-,tgt_sh 5.8%; team att 31.6; opp DvP 1.01; RZ tgt 0; car_sh 53.0%; team rush 26.1; opp d_ypc 0.90; inside-10 car 5,1.0,
Omarion Hampton,LAC,SEA,RB,LAC@SEA,first_td,0.07378440836940837,1255.0,0.2876,0.0714,B,-,tgt_sh 5.8%; team att 31.6; opp DvP 1.01; RZ tgt 0; car_sh 53.0%; team rush 26.1; opp d_ypc 0.90; inside-10 car 5,1.0,
Omarion Hampton,LAC,SEA,RB,LAC@SEA,last_td,0.07378440836940837,1255.0,0.2876,0.0714,B,-,tgt_sh 5.8%; team att 31.6; opp DvP 1.01; RZ tgt 0; car_sh 53.0%; team rush 26.1; opp d_ypc 0.90; inside-10 car 5,1.0,
Omarion Hampton,LAC,SEA,RB,LAC@SEA,2plus_td,0.04915,1935.0,0.2876,0.0714,B,-,tgt_sh 5.8%; team att 31.6; opp DvP 1.01; RZ tgt 0; car_sh 53.0%; team rush 26.1; opp d_ypc 0.90; inside-10 car 5,1.0,
Tre Harris,LAC,SEA,WR,LAC@SEA,anytime_td,0.23245,330.0,0.0,0.26125,B,-,tgt_sh 12.3%; team att 31.6; opp DvP 1.01; RZ tgt 3,1.0,
Tre Harris,LAC,SEA,WR,LAC@SEA,first_td,0.052598996420246416,1801.0,0.0,0.26125,B,-,tgt_sh 12.3%; team att 31.6; opp DvP 1.01; RZ tgt 3,1.0,
Tre Harris,LAC,SEA,WR,LAC@SEA,last_td,0.052598996420246416,1801.0,0.0,0.26125,B,-,tgt_sh 12.3%; team att 31.6; opp DvP 1.01; RZ tgt 3,1.0,
Tre Harris,LAC,SEA,WR,LAC@SEA,2plus_td,0.0269,3617.0,0.0,0.26125,B,-,tgt_sh 12.3%; team att 31.6; opp DvP 1.01; RZ tgt 3,1.0,
Alec Ingold,LAC,SEA,RB,LAC@SEA,anytime_td,0.0689,1351.0,0.00175,0.06915,C,-,tgt_sh 2.8%; team att 31.6; opp DvP 1.01; RZ tgt 1,1.0,
Alec Ingold,LAC,SEA,RB,LAC@SEA,first_td,0.014528324314574315,6783.0,0.00175,0.06915,C,-,tgt_sh 2.8%; team att 31.6; opp DvP 1.01; RZ tgt 1,1.0,
Alec Ingold,LAC,SEA,RB,LAC@SEA,last_td,0.014528324314574315,6783.0,0.00175,0.06915,C,-,tgt_sh 2.8%; team att 31.6; opp DvP 1.01; RZ tgt 1,1.0,
Alec Ingold,LAC,SEA,RB,LAC@SEA,2plus_td,0.00195,51182.0,0.00175,0.06915,C,-,tgt_sh 2.8%; team att 31.6; opp DvP 1.01; RZ tgt 1,1.0,
Quentin Johnston,LAC,SEA,WR,LAC@SEA,anytime_td,0.20075,398.0,0.00385,0.21805,B,-,tgt_sh 17.9%; team att 31.6; opp DvP 1.01; RZ tgt 0,1.0,
Quentin Johnston,LAC,SEA,WR,LAC@SEA,first_td,0.04497803932178932,2123.0,0.00385,0.21805,B,-,tgt_sh 17.9%; team att 31.6; opp DvP 1.01; RZ tgt 0,1.0,
Quentin Johnston,LAC,SEA,WR,LAC@SEA,last_td,0.04497803932178932,2123.0,0.00385,0.21805,B,-,tgt_sh 17.9%; team att 31.6; opp DvP 1.01; RZ tgt 0,1.0,
Quentin Johnston,LAC,SEA,WR,LAC@SEA,2plus_td,0.02,4900.0,0.00385,0.21805,B,-,tgt_sh 17.9%; team att 31.6; opp DvP 1.01; RZ tgt 0,1.0,
Ladd McConkey,LAC,SEA,WR,LAC@SEA,anytime_td,0.2318448353631033,331.0,0.0,0.2593594948128101,C,Questionable (Limited),tgt_sh 16.9%; team att 31.6; opp DvP 1.01; RZ tgt 2,0.6667342299285288,
Ladd McConkey,LAC,SEA,WR,LAC@SEA,first_td,0.05293732479118135,1789.0,0.0,0.2593594948128101,C,Questionable (Limited),tgt_sh 16.9%; team att 31.6; opp DvP 1.01; RZ tgt 2,0.6667342299285288,
Ladd McConkey,LAC,SEA,WR,LAC@SEA,last_td,0.05293732479118135,1789.0,0.0,0.2593594948128101,C,Questionable (Limited),tgt_sh 16.9%; team att 31.6; opp DvP 1.01; RZ tgt 2,0.6667342299285288,
Ladd McConkey,LAC,SEA,WR,LAC@SEA,2plus_td,0.026011126146444144,3745.0,0.0,0.2593594948128101,C,Questionable (Limited),tgt_sh 16.9%; team att 31.6; opp DvP 1.01; RZ tgt 2,0.6667342299285288,
Keaton Mitchell,LAC,SEA,RB,LAC@SEA,anytime_td,0.15702261967385586,537.0,0.09279326670173593,0.07727511835875855,B,no game designation yet (Full),tgt_sh 3.4%; team att 31.6; opp DvP 1.01; RZ tgt 1; car_sh 19.3%; team rush 26.1; opp d_ypc 0.90; inside-10 car 1,0.9508674235277402,
Keaton Mitchell,LAC,SEA,RB,LAC@SEA,first_td,0.03475491806107272,2777.0,0.09279326670173593,0.07727511835875855,B,no game designation yet (Full),tgt_sh 3.4%; team att 31.6; opp DvP 1.01; RZ tgt 1; car_sh 19.3%; team rush 26.1; opp d_ypc 0.90; inside-10 car 1,0.9508674235277402,
Keaton Mitchell,LAC,SEA,RB,LAC@SEA,last_td,0.03475491806107272,2777.0,0.09279326670173593,0.07727511835875855,B,no game designation yet (Full),tgt_sh 3.4%; team att 31.6; opp DvP 1.01; RZ tgt 1; car_sh 19.3%; team rush 26.1; opp d_ypc 0.90; inside-10 car 1,0.9508674235277402,
Keaton Mitchell,LAC,SEA,RB,LAC@SEA,2plus_td,0.012519726459758022,7887.0,0.09279326670173593,0.07727511835875855,B,no game designation yet (Full),tgt_sh 3.4%; team att 31.6; opp DvP 1.01; RZ tgt 1; car_sh 19.3%; team rush 26.1; opp d_ypc 0.90; inside-10 car 1,0.9508674235277402,
Marquez Valdes-Scantling,LAC,SEA,WR,LAC@SEA,anytime_td,0.04425,2160.0,0.0,0.0448,C,-,tgt_sh 3.8%; team att 31.6; opp DvP 1.01; RZ tgt 0,1.0,
Marquez Valdes-Scantling,LAC,SEA,WR,LAC@SEA,first_td,0.009106709956709957,10881.0,0.0,0.0448,C,-,tgt_sh 3.8%; team att 31.6; opp DvP 1.01; RZ tgt 0,1.0,
Marquez Valdes-Scantling,LAC,SEA,WR,LAC@SEA,last_td,0.009106709956709957,10881.0,0.0,0.0448,C,-,tgt_sh 3.8%; team att 31.6; opp DvP 1.01; RZ tgt 0,1.0,
Marquez Valdes-Scantling,LAC,SEA,WR,LAC@SEA,2plus_td,0.00055,181718.0,0.0,0.0448,C,-,tgt_sh 3.8%; team att 31.6; opp DvP 1.01; RZ tgt 0,1.0,
Kimani Vidal,LAC,SEA,RB,LAC@SEA,anytime_td,0.07355,1260.0,0.03695,0.03975,C,-,tgt_sh 3.3%; team att 31.6; opp DvP 1.01; RZ tgt 0,1.0,
Kimani Vidal,LAC,SEA,RB,LAC@SEA,first_td,0.01572996447996448,6257.0,0.03695,0.03975,C,-,tgt_sh 3.3%; team att 31.6; opp DvP 1.01; RZ tgt 0,1.0,
Kimani Vidal,LAC,SEA,RB,LAC@SEA,last_td,0.01572996447996448,6257.0,0.03695,0.03975,C,-,tgt_sh 3.3%; team att 31.6; opp DvP 1.01; RZ tgt 0,1.0,
Kimani Vidal,LAC,SEA,RB,LAC@SEA,2plus_td,0.0029,34383.0,0.03695,0.03975,C,-,tgt_sh 3.3%; team att 31.6; opp DvP 1.01; RZ tgt 0,1.0,
Sam Darnold,SEA,LAC,QB,LAC@SEA,anytime_td,0.03635,2651.0,0.037,0.0,C,-,team att 31.8; ypa 8.36; opp d_ypa 1.05; pass rate 53.8%,1.0,
Sam Darnold,SEA,LAC,QB,LAC@SEA,first_td,0.007843595432345432,12649.0,0.037,0.0,C,-,team att 31.8; ypa 8.36; opp d_ypa 1.05; pass rate 53.8%,1.0,
Sam Darnold,SEA,LAC,QB,LAC@SEA,last_td,0.007843595432345432,12649.0,0.037,0.0,C,-,team att 31.8; ypa 8.36; opp d_ypa 1.05; pass rate 53.8%,1.0,
Sam Darnold,SEA,LAC,QB,LAC@SEA,2plus_td,0.00065,153746.0,0.037,0.0,C,-,team att 31.8; ypa 8.36; opp d_ypa 1.05; pass rate 53.8%,1.0,
Elijah Arroyo,SEA,LAC,TE,LAC@SEA,anytime_td,0.0516,1838.0,0.0,0.0528,C,-,w_td 0.03; team TD 2.88,1.0,
Elijah Arroyo,SEA,LAC,TE,LAC@SEA,first_td,0.011126751443001442,8887.0,0.0,0.0528,C,-,w_td 0.03; team TD 2.88,1.0,
Elijah Arroyo,SEA,LAC,TE,LAC@SEA,last_td,0.011126751443001442,8887.0,0.0,0.0528,C,-,w_td 0.03; team TD 2.88,1.0,
Elijah Arroyo,SEA,LAC,TE,LAC@SEA,2plus_td,0.00115,86857.0,0.0,0.0528,C,-,w_td 0.03; team TD 2.88,1.0,
AJ Barner,SEA,LAC,TE,LAC@SEA,anytime_td,0.317,215.0,0.03025,0.3473,B,-,tgt_sh 13.2%; team att 31.8; opp DvP 0.93; RZ tgt 4,1.0,
AJ Barner,SEA,LAC,TE,LAC@SEA,first_td,0.07873698287823289,1170.0,0.03025,0.3473,B,-,tgt_sh 13.2%; team att 31.8; opp DvP 0.93; RZ tgt 4,1.0,
AJ Barner,SEA,LAC,TE,LAC@SEA,last_td,0.07873698287823289,1170.0,0.03025,0.3473,B,-,tgt_sh 13.2%; team att 31.8; opp DvP 0.93; RZ tgt 4,1.0,
AJ Barner,SEA,LAC,TE,LAC@SEA,2plus_td,0.05495,1720.0,0.03025,0.3473,B,-,tgt_sh 13.2%; team att 31.8; opp DvP 0.93; RZ tgt 4,1.0,
George Holani,SEA,LAC,RB,LAC@SEA,anytime_td,0.2925211097708082,242.0,0.22858866103739445,0.11178126256533977,B,no game designation yet (Limited),tgt_sh 4.8%; team att 31.8; opp DvP 0.91; RZ tgt 1; car_sh 18.1%; team rush 28.6; opp d_ypc 0.93; inside-10 car 3,0.9951309141019752,
George Holani,SEA,LAC,RB,LAC@SEA,first_td,0.07204093863849594,1288.0,0.22858866103739445,0.11178126256533977,B,no game designation yet (Limited),tgt_sh 4.8%; team att 31.8; opp DvP 0.91; RZ tgt 1; car_sh 18.1%; team rush 28.6; opp d_ypc 0.93; inside-10 car 3,0.9951309141019752,
George Holani,SEA,LAC,RB,LAC@SEA,last_td,0.07204093863849594,1288.0,0.22858866103739445,0.11178126256533977,B,no game designation yet (Limited),tgt_sh 4.8%; team att 31.8; opp DvP 0.91; RZ tgt 1; car_sh 18.1%; team rush 28.6; opp d_ypc 0.93; inside-10 car 3,0.9951309141019752,
George Holani,SEA,LAC,RB,LAC@SEA,2plus_td,0.044129473260956974,2166.0,0.22858866103739445,0.11178126256533977,B,no game designation yet (Limited),tgt_sh 4.8%; team att 31.8; opp DvP 0.91; RZ tgt 1; car_sh 18.1%; team rush 28.6; opp d_ypc 0.93; inside-10 car 3,0.9951309141019752,
Tory Horton,SEA,LAC,WR,LAC@SEA,anytime_td,0.0988,912.0,0.0,0.1033,C,-,tgt_sh 6.4%; team att 31.8; opp DvP 0.90; RZ tgt 0,1.0,
Tory Horton,SEA,LAC,WR,LAC@SEA,first_td,0.021801946248196247,4487.0,0.0,0.1033,C,-,tgt_sh 6.4%; team att 31.8; opp DvP 0.90; RZ tgt 0,1.0,
Tory Horton,SEA,LAC,WR,LAC@SEA,last_td,0.021801946248196247,4487.0,0.0,0.1033,C,-,tgt_sh 6.4%; team att 31.8; opp DvP 0.90; RZ tgt 0,1.0,
Tory Horton,SEA,LAC,WR,LAC@SEA,2plus_td,0.00445,22372.0,0.0,0.1033,C,-,tgt_sh 6.4%; team att 31.8; opp DvP 0.90; RZ tgt 0,1.0,
Cooper Kupp,SEA,LAC,WR,LAC@SEA,anytime_td,0.1972,407.0,0.0,0.2158,C,-,tgt_sh 11.9%; team att 31.8; opp DvP 0.90; RZ tgt 1,1.0,
Cooper Kupp,SEA,LAC,WR,LAC@SEA,first_td,0.04510212301587302,2117.0,0.0,0.2158,C,-,tgt_sh 11.9%; team att 31.8; opp DvP 0.90; RZ tgt 1,1.0,
Cooper Kupp,SEA,LAC,WR,LAC@SEA,last_td,0.04510212301587302,2117.0,0.0,0.2158,C,-,tgt_sh 11.9%; team att 31.8; opp DvP 0.90; RZ tgt 1,1.0,
Cooper Kupp,SEA,LAC,WR,LAC@SEA,2plus_td,0.01745,5631.0,0.0,0.2158,C,-,tgt_sh 11.9%; team att 31.8; opp DvP 0.90; RZ tgt 1,1.0,
Brady Russell,SEA,LAC,RB,LAC@SEA,anytime_td,0.031,3126.0,0.0,0.0312,C,-,w_td 0.02; team TD 2.88,1.0,
Brady Russell,SEA,LAC,RB,LAC@SEA,first_td,0.0064612987012987,15377.0,0.0,0.0312,C,-,w_td 0.02; team TD 2.88,1.0,
Brady Russell,SEA,LAC,RB,LAC@SEA,last_td,0.0064612987012987,15377.0,0.0,0.0312,C,-,w_td 0.02; team TD 2.88,1.0,
Brady Russell,SEA,LAC,RB,LAC@SEA,2plus_td,0.0002,499900.0,0.0,0.0312,C,-,w_td 0.02; team TD 2.88,1.0,
Eric Saubert,SEA,LAC,TE,LAC@SEA,anytime_td,0.1002,898.0,0.0,0.1052,C,-,w_td 0.05; team TD 2.88,1.0,
Eric Saubert,SEA,LAC,TE,LAC@SEA,first_td,0.021988920107670104,4448.0,0.0,0.1052,C,-,w_td 0.05; team TD 2.88,1.0,
Eric Saubert,SEA,LAC,TE,LAC@SEA,last_td,0.021988920107670104,4448.0,0.0,0.1052,C,-,w_td 0.05; team TD 2.88,1.0,
Eric Saubert,SEA,LAC,TE,LAC@SEA,2plus_td,0.00475,20953.0,0.0,0.1052,C,-,w_td 0.05; team TD 2.88,1.0,
Rashid Shaheed,SEA,LAC,WR,LAC@SEA,anytime_td,0.20454665330449917,389.0,0.006065720765863179,0.21973732791813913,C,no game designation yet (Full),tgt_sh 14.0%; team att 31.8; opp DvP 0.90; RZ tgt 0,0.9479829842591244,
Rashid Shaheed,SEA,LAC,WR,LAC@SEA,first_td,0.047071057389375864,2024.0,0.006065720765863179,0.21973732791813913,C,no game designation yet (Full),tgt_sh 14.0%; team att 31.8; opp DvP 0.90; RZ tgt 0,0.9479829842591244,
Rashid Shaheed,SEA,LAC,WR,LAC@SEA,last_td,0.047071057389375864,2024.0,0.006065720765863179,0.21973732791813913,C,no game designation yet (Full),tgt_sh 14.0%; team att 31.8; opp DvP 0.90; RZ tgt 0,0.9479829842591244,
Rashid Shaheed,SEA,LAC,WR,LAC@SEA,2plus_td,0.020306978216150642,4824.0,0.006065720765863179,0.21973732791813913,C,no game designation yet (Full),tgt_sh 14.0%; team att 31.8; opp DvP 0.90; RZ tgt 0,0.9479829842591244,
Jaxon Smith-Njigba,SEA,LAC,WR,LAC@SEA,anytime_td,0.5549,-125.0,0.0,0.78325,B,-,tgt_sh 31.8%; team att 31.8; opp DvP 0.90; RZ tgt 9,1.0,
Jaxon Smith-Njigba,SEA,LAC,WR,LAC@SEA,first_td,0.1626644556832057,515.0,0.0,0.78325,B,-,tgt_sh 31.8%; team att 31.8; opp DvP 0.90; RZ tgt 9,1.0,
Jaxon Smith-Njigba,SEA,LAC,WR,LAC@SEA,last_td,0.1626644556832057,515.0,0.0,0.78325,B,-,tgt_sh 31.8%; team att 31.8; opp DvP 0.90; RZ tgt 9,1.0,
Jaxon Smith-Njigba,SEA,LAC,WR,LAC@SEA,2plus_td,0.18145,451.0,0.0,0.78325,B,-,tgt_sh 31.8%; team att 31.8; opp DvP 0.90; RZ tgt 9,1.0,
Emanuel Wilson,SEA,LAC,RB,LAC@SEA,anytime_td,0.42775,134.0,0.47915,0.06005,B,-,car_sh 36.3%; team rush 28.6; opp d_ypc 0.93; inside-10 car 7,1.0,
Emanuel Wilson,SEA,LAC,RB,LAC@SEA,first_td,0.11493605339105338,770.0,0.47915,0.06005,B,-,car_sh 36.3%; team rush 28.6; opp d_ypc 0.93; inside-10 car 7,1.0,
Emanuel Wilson,SEA,LAC,RB,LAC@SEA,last_td,0.11493605339105338,770.0,0.47915,0.06005,B,-,car_sh 36.3%; team rush 28.6; opp d_ypc 0.93; inside-10 car 7,1.0,
Emanuel Wilson,SEA,LAC,RB,LAC@SEA,2plus_td,0.0969,932.0,0.47915,0.06005,B,-,car_sh 36.3%; team rush 28.6; opp d_ypc 0.93; inside-10 car 7,1.0,
Bo Nix,DEN,SF,QB,DEN@SF,anytime_td,0.14225,603.0,0.1535,0.0,B,-,team att 34.4; ypa 6.63; opp d_ypa 0.94; pass rate 59.3%,1.0,
Bo Nix,DEN,SF,QB,DEN@SF,first_td,0.028189876096126096,3447.0,0.1535,0.0,B,-,team att 34.4; ypa 6.63; opp d_ypa 0.94; pass rate 59.3%,1.0,
Bo Nix,DEN,SF,QB,DEN@SF,last_td,0.028189876096126096,3447.0,0.1535,0.0,B,-,team att 34.4; ypa 6.63; opp d_ypa 0.94; pass rate 59.3%,1.0,
Bo Nix,DEN,SF,QB,DEN@SF,2plus_td,0.01055,9379.0,0.1535,0.0,B,-,team att 34.4; ypa 6.63; opp d_ypa 0.94; pass rate 59.3%,1.0,
Nate Adkins,DEN,SF,TE,DEN@SF,anytime_td,0.11895,741.0,0.0071,0.11955,C,-,tgt_sh 3.6%; team att 34.4; opp DvP 1.02; RZ tgt 3,1.0,
Nate Adkins,DEN,SF,TE,DEN@SF,first_td,0.023143255772005773,4221.0,0.0071,0.11955,C,-,tgt_sh 3.6%; team att 34.4; opp DvP 1.02; RZ tgt 3,1.0,
Nate Adkins,DEN,SF,TE,DEN@SF,last_td,0.023143255772005773,4221.0,0.0071,0.11955,C,-,tgt_sh 3.6%; team att 34.4; opp DvP 1.02; RZ tgt 3,1.0,
Nate Adkins,DEN,SF,TE,DEN@SF,2plus_td,0.0075,13233.0,0.0071,0.11955,C,-,tgt_sh 3.6%; team att 34.4; opp DvP 1.02; RZ tgt 3,1.0,
Tyler Badie,DEN,SF,RB,DEN@SF,anytime_td,0.1262,692.0,0.0267,0.1078,C,-,tgt_sh 4.6%; team att 34.4; opp DvP 1.13; RZ tgt 2,1.0,
Tyler Badie,DEN,SF,RB,DEN@SF,first_td,0.02460062631812632,3965.0,0.0267,0.1078,C,-,tgt_sh 4.6%; team att 34.4; opp DvP 1.13; RZ tgt 2,1.0,
Tyler Badie,DEN,SF,RB,DEN@SF,last_td,0.02460062631812632,3965.0,0.0267,0.1078,C,-,tgt_sh 4.6%; team att 34.4; opp DvP 1.13; RZ tgt 2,1.0,
Tyler Badie,DEN,SF,RB,DEN@SF,2plus_td,0.008,12400.0,0.0267,0.1078,C,-,tgt_sh 4.6%; team att 34.4; opp DvP 1.13; RZ tgt 2,1.0,
Pat Bryant,DEN,SF,WR,DEN@SF,anytime_td,0.11905,740.0,0.0065,0.11945,C,-,tgt_sh 8.5%; team att 34.4; opp DvP 0.95; RZ tgt 1,1.0,
Pat Bryant,DEN,SF,WR,DEN@SF,first_td,0.02306161075036075,4236.0,0.0065,0.11945,C,-,tgt_sh 8.5%; team att 34.4; opp DvP 0.95; RZ tgt 1,1.0,
Pat Bryant,DEN,SF,WR,DEN@SF,last_td,0.02306161075036075,4236.0,0.0065,0.11945,C,-,tgt_sh 8.5%; team att 34.4; opp DvP 0.95; RZ tgt 1,1.0,
Pat Bryant,DEN,SF,WR,DEN@SF,2plus_td,0.00665,14938.0,0.0065,0.11945,C,-,tgt_sh 8.5%; team att 34.4; opp DvP 0.95; RZ tgt 1,1.0,
J.K. Dobbins,DEN,SF,RB,DEN@SF,anytime_td,0.38531049700535885,160.0,0.4510349900178628,0.02868551013974992,B,no game designation yet (Full),car_sh 47.6%; team rush 24.7; opp d_ypc 0.95; inside-10 car 5,0.9508674235277402,
J.K. Dobbins,DEN,SF,RB,DEN@SF,first_td,0.08762654400460432,1041.0,0.4510349900178628,0.02868551013974992,B,no game designation yet (Full),car_sh 47.6%; team rush 24.7; opp d_ypc 0.95; inside-10 car 5,0.9508674235277402,
J.K. Dobbins,DEN,SF,RB,DEN@SF,last_td,0.08762654400460432,1041.0,0.4510349900178628,0.02868551013974992,B,no game designation yet (Full),car_sh 47.6%; team rush 24.7; opp d_ypc 0.95; inside-10 car 5,0.9508674235277402,
J.K. Dobbins,DEN,SF,RB,DEN@SF,2plus_td,0.08243143847851214,1113.0,0.4510349900178628,0.02868551013974992,B,no game designation yet (Full),car_sh 47.6%; team rush 24.7; opp d_ypc 0.95; inside-10 car 5,0.9508674235277402,
Evan Engram,DEN,SF,TE,DEN@SF,anytime_td,0.12045,730.0,0.0,0.12805,C,-,tgt_sh 9.5%; team att 34.4; opp DvP 1.02; RZ tgt 1,1.0,
Evan Engram,DEN,SF,TE,DEN@SF,first_td,0.023178006854256854,4214.0,0.0,0.12805,C,-,tgt_sh 9.5%; team att 34.4; opp DvP 1.02; RZ tgt 1,1.0,
Evan Engram,DEN,SF,TE,DEN@SF,last_td,0.023178006854256854,4214.0,0.0,0.12805,C,-,tgt_sh 9.5%; team att 34.4; opp DvP 1.02; RZ tgt 1,1.0,
Evan Engram,DEN,SF,TE,DEN@SF,2plus_td,0.00725,13693.0,0.0,0.12805,C,-,tgt_sh 9.5%; team att 34.4; opp DvP 1.02; RZ tgt 1,1.0,
Troy Franklin,DEN,SF,WR,DEN@SF,anytime_td,0.1143,775.0,0.00915,0.1126,C,-,tgt_sh 8.6%; team att 34.4; opp DvP 0.95; RZ tgt 1,1.0,
Troy Franklin,DEN,SF,WR,DEN@SF,first_td,0.021662614746364748,4516.0,0.00915,0.1126,C,-,tgt_sh 8.6%; team att 34.4; opp DvP 0.95; RZ tgt 1,1.0,
Troy Franklin,DEN,SF,WR,DEN@SF,last_td,0.021662614746364748,4516.0,0.00915,0.1126,C,-,tgt_sh 8.6%; team att 34.4; opp DvP 0.95; RZ tgt 1,1.0,
Troy Franklin,DEN,SF,WR,DEN@SF,2plus_td,0.0073,13599.0,0.00915,0.1126,C,-,tgt_sh 8.6%; team att 34.4; opp DvP 0.95; RZ tgt 1,1.0,
RJ Harvey,DEN,SF,RB,DEN@SF,anytime_td,0.25975,285.0,0.10425,0.19165,C,-,tgt_sh 11.5%; team att 34.4; opp DvP 1.13; RZ tgt 2; car_sh 13.2%; team rush 24.7; opp d_ypc 0.95; inside-10 car 0,1.0,
RJ Harvey,DEN,SF,RB,DEN@SF,first_td,0.0537879428904429,1759.0,0.10425,0.19165,C,-,tgt_sh 11.5%; team att 34.4; opp DvP 1.13; RZ tgt 2; car_sh 13.2%; team rush 24.7; opp d_ypc 0.95; inside-10 car 0,1.0,
RJ Harvey,DEN,SF,RB,DEN@SF,last_td,0.0537879428904429,1759.0,0.10425,0.19165,C,-,tgt_sh 11.5%; team att 34.4; opp DvP 1.13; RZ tgt 2; car_sh 13.2%; team rush 24.7; opp d_ypc 0.95; inside-10 car 0,1.0,
RJ Harvey,DEN,SF,RB,DEN@SF,2plus_td,0.0334,2894.0,0.10425,0.19165,C,-,tgt_sh 11.5%; team att 34.4; opp DvP 1.13; RZ tgt 2; car_sh 13.2%; team rush 24.7; opp d_ypc 0.95; inside-10 car 0,1.0,
Lil'Jordan Humphrey,DEN,SF,WR,DEN@SF,anytime_td,0.05165,1836.0,0.0,0.05285,C,-,tgt_sh 4.6%; team att 34.4; opp DvP 0.95; RZ tgt 0,1.0,
Lil'Jordan Humphrey,DEN,SF,WR,DEN@SF,first_td,0.009487143412143411,10441.0,0.0,0.05285,C,-,tgt_sh 4.6%; team att 34.4; opp DvP 0.95; RZ tgt 0,1.0,
Lil'Jordan Humphrey,DEN,SF,WR,DEN@SF,last_td,0.009487143412143411,10441.0,0.0,0.05285,C,-,tgt_sh 4.6%; team att 34.4; opp DvP 0.95; RZ tgt 0,1.0,
Lil'Jordan Humphrey,DEN,SF,WR,DEN@SF,2plus_td,0.0012,83233.0,0.0,0.05285,C,-,tgt_sh 4.6%; team att 34.4; opp DvP 0.95; RZ tgt 0,1.0,
Marvin Mims Jr.,DEN,SF,WR,DEN@SF,anytime_td,0.055221201562664975,1711.0,0.0,0.05627705627705628,C,no game designation yet (Full),tgt_sh 5.1%; team att 34.4; opp DvP 0.95; RZ tgt 0,0.9479829842591244,
Marvin Mims Jr.,DEN,SF,WR,DEN@SF,first_td,0.010378962916973686,9535.0,0.0,0.05627705627705628,C,no game designation yet (Full),tgt_sh 5.1%; team att 34.4; opp DvP 0.95; RZ tgt 0,0.9479829842591244,
Marvin Mims Jr.,DEN,SF,WR,DEN@SF,last_td,0.010378962916973686,9535.0,0.0,0.05627705627705628,C,no game designation yet (Full),tgt_sh 5.1%; team att 34.4; opp DvP 0.95; RZ tgt 0,0.9479829842591244,
Marvin Mims Jr.,DEN,SF,WR,DEN@SF,2plus_td,0.0010558547143912998,94610.0,0.0,0.05627705627705628,C,no game designation yet (Full),tgt_sh 5.1%; team att 34.4; opp DvP 0.95; RZ tgt 0,0.9479829842591244,
Courtland Sutton,DEN,SF,WR,DEN@SF,anytime_td,0.2591,286.0,0.0,0.29505,B,-,tgt_sh 15.4%; team att 34.4; opp DvP 0.95; RZ tgt 5,1.0,
Courtland Sutton,DEN,SF,WR,DEN@SF,first_td,0.05305641455766455,1785.0,0.0,0.29505,B,-,tgt_sh 15.4%; team att 34.4; opp DvP 0.95; RZ tgt 5,1.0,
Courtland Sutton,DEN,SF,WR,DEN@SF,last_td,0.05305641455766455,1785.0,0.0,0.29505,B,-,tgt_sh 15.4%; team att 34.4; opp DvP 0.95; RZ tgt 5,1.0,
Courtland Sutton,DEN,SF,WR,DEN@SF,2plus_td,0.0336,2876.0,0.0,0.29505,B,-,tgt_sh 15.4%; team att 34.4; opp DvP 0.95; RZ tgt 5,1.0,
Adam Trautman,DEN,SF,TE,DEN@SF,anytime_td,0.02875,3378.0,0.0,0.0289,C,-,w_td 0.02; team TD 2.22,1.0,
Adam Trautman,DEN,SF,TE,DEN@SF,first_td,0.0053077927627927625,18740.0,0.0,0.0289,C,-,w_td 0.02; team TD 2.22,1.0,
Adam Trautman,DEN,SF,TE,DEN@SF,last_td,0.0053077927627927625,18740.0,0.0,0.0289,C,-,w_td 0.02; team TD 2.22,1.0,
Adam Trautman,DEN,SF,TE,DEN@SF,2plus_td,0.00015,666567.0,0.0,0.0289,C,-,w_td 0.02; team TD 2.22,1.0,
Jaylen Waddle,DEN,SF,WR,DEN@SF,anytime_td,0.20853305240979722,380.0,0.006584145377929945,0.22296549907821964,B,no game designation yet (Full),tgt_sh 18.7%; team att 34.4; opp DvP 0.95; RZ tgt 1,0.9479829842591244,
Jaylen Waddle,DEN,SF,WR,DEN@SF,first_td,0.04166478095105959,2300.0,0.006584145377929945,0.22296549907821964,B,no game designation yet (Full),tgt_sh 18.7%; team att 34.4; opp DvP 0.95; RZ tgt 1,0.9479829842591244,
Jaylen Waddle,DEN,SF,WR,DEN@SF,last_td,0.04166478095105959,2300.0,0.006584145377929945,0.22296549907821964,B,no game designation yet (Full),tgt_sh 18.7%; team att 34.4; opp DvP 0.95; RZ tgt 1,0.9479829842591244,
Jaylen Waddle,DEN,SF,WR,DEN@SF,2plus_td,0.02006847511193047,4883.0,0.006584145377929945,0.22296549907821964,B,no game designation yet (Full),tgt_sh 18.7%; team att 34.4; opp DvP 0.95; RZ tgt 1,0.9479829842591244,
Brock Purdy,SF,DEN,QB,DEN@SF,anytime_td,0.0976,925.0,0.1016,0.0,B,-,team att 30.8; ypa 8.02; opp d_ypa 0.98; pass rate 51.8%,1.0,
Brock Purdy,SF,DEN,QB,DEN@SF,first_td,0.019085304834054833,5140.0,0.1016,0.0,B,-,team att 30.8; ypa 8.02; opp d_ypa 0.98; pass rate 51.8%,1.0,
Brock Purdy,SF,DEN,QB,DEN@SF,last_td,0.019085304834054833,5140.0,0.1016,0.0,B,-,team att 30.8; ypa 8.02; opp d_ypa 0.98; pass rate 51.8%,1.0,
Brock Purdy,SF,DEN,QB,DEN@SF,2plus_td,0.00375,26567.0,0.1016,0.0,B,-,team att 30.8; ypa 8.02; opp d_ypa 0.98; pass rate 51.8%,1.0,
Kaelon Black,SF,DEN,RB,DEN@SF,anytime_td,0.2464,306.0,0.2462,0.03105,B,-,car_sh 24.9%; team rush 29.5; opp d_ypc 1.10; inside-10 car 1,1.0,
Kaelon Black,SF,DEN,RB,DEN@SF,first_td,0.05159513930513931,1838.0,0.2462,0.03105,B,-,car_sh 24.9%; team rush 29.5; opp d_ypc 1.10; inside-10 car 1,1.0,
Kaelon Black,SF,DEN,RB,DEN@SF,last_td,0.05159513930513931,1838.0,0.2462,0.03105,B,-,car_sh 24.9%; team rush 29.5; opp d_ypc 1.10; inside-10 car 1,1.0,
Kaelon Black,SF,DEN,RB,DEN@SF,2plus_td,0.02835,3427.0,0.2462,0.03105,B,-,car_sh 24.9%; team rush 29.5; opp d_ypc 1.10; inside-10 car 1,1.0,
Jacob Cowing,SF,DEN,WR,DEN@SF,anytime_td,0.03395,2846.0,0.0,0.03435,C,-,w_td 0.02; team TD 2.99,1.0,
Jacob Cowing,SF,DEN,WR,DEN@SF,first_td,0.006291423715173715,15795.0,0.0,0.03435,C,-,w_td 0.02; team TD 2.99,1.0,
Jacob Cowing,SF,DEN,WR,DEN@SF,last_td,0.006291423715173715,15795.0,0.0,0.03435,C,-,w_td 0.02; team TD 2.99,1.0,
Jacob Cowing,SF,DEN,WR,DEN@SF,2plus_td,0.0004,249900.0,0.0,0.03435,C,-,w_td 0.02; team TD 2.99,1.0,
Mike Evans,SF,DEN,WR,DEN@SF,anytime_td,0.29524886877828055,239.0,0.0,0.34487179487179487,C,Questionable (Limited),tgt_sh 17.4%; team att 30.8; opp DvP 0.95; RZ tgt 2,0.6667342299285288,
Mike Evans,SF,DEN,WR,DEN@SF,first_td,0.06337243994483813,1478.0,0.0,0.34487179487179487,C,Questionable (Limited),tgt_sh 17.4%; team att 30.8; opp DvP 0.95; RZ tgt 2,0.6667342299285288,
Mike Evans,SF,DEN,WR,DEN@SF,last_td,0.06337243994483813,1478.0,0.0,0.34487179487179487,C,Questionable (Limited),tgt_sh 17.4%; team att 30.8; opp DvP 0.95; RZ tgt 2,0.6667342299285288,
Mike Evans,SF,DEN,WR,DEN@SF,2plus_td,0.044947209653092006,2125.0,0.0,0.34487179487179487,C,Questionable (Limited),tgt_sh 17.4%; team att 30.8; opp DvP 0.95; RZ tgt 2,0.6667342299285288,
Luke Farrell,SF,DEN,TE,DEN@SF,anytime_td,0.04155,2307.0,0.0,0.04225,C,-,w_td 0.02; team TD 2.99,1.0,
Luke Farrell,SF,DEN,TE,DEN@SF,first_td,0.007782487234987234,12749.0,0.0,0.04225,C,-,w_td 0.02; team TD 2.99,1.0,
Luke Farrell,SF,DEN,TE,DEN@SF,last_td,0.007782487234987234,12749.0,0.0,0.04225,C,-,w_td 0.02; team TD 2.99,1.0,
Luke Farrell,SF,DEN,TE,DEN@SF,2plus_td,0.00065,153746.0,0.0,0.04225,C,-,w_td 0.02; team TD 2.99,1.0,
KhaDarel Hodge,SF,DEN,WR,DEN@SF,anytime_td,0.03078171828171828,3149.0,0.0,0.03184315684315684,C,no game designation yet (DNP),w_td 0.02; team TD 2.99,0.8055616699684496,
KhaDarel Hodge,SF,DEN,WR,DEN@SF,first_td,0.005780788025106207,17199.0,0.0,0.03184315684315684,C,no game designation yet (DNP),w_td 0.02; team TD 2.99,0.8055616699684496,
KhaDarel Hodge,SF,DEN,WR,DEN@SF,last_td,0.005780788025106207,17199.0,0.0,0.03184315684315684,C,no game designation yet (DNP),w_td 0.02; team TD 2.99,0.8055616699684496,
KhaDarel Hodge,SF,DEN,WR,DEN@SF,2plus_td,0.000999000999000999,100000.0,0.0,0.03184315684315684,C,no game designation yet (DNP),w_td 0.02; team TD 2.99,0.8055616699684496,
Jordan James,SF,DEN,RB,DEN@SF,anytime_td,0.07835,1176.0,0.07115,0.00975,C,-,w_td 0.07; team TD 2.99,1.0,
Jordan James,SF,DEN,RB,DEN@SF,first_td,0.01497792388167388,6576.0,0.07115,0.00975,C,-,w_td 0.07; team TD 2.99,1.0,
Jordan James,SF,DEN,RB,DEN@SF,last_td,0.01497792388167388,6576.0,0.07115,0.00975,C,-,w_td 0.07; team TD 2.99,1.0,
Jordan James,SF,DEN,RB,DEN@SF,2plus_td,0.00255,39116.0,0.07115,0.00975,C,-,w_td 0.07; team TD 2.99,1.0,
Kyle Juszczyk,SF,DEN,RB,DEN@SF,anytime_td,0.148,576.0,0.0,0.1591,C,-,tgt_sh 4.6%; team att 30.8; opp DvP 1.02; RZ tgt 2,1.0,
Kyle Juszczyk,SF,DEN,RB,DEN@SF,first_td,0.02958254745254745,3280.0,0.0,0.1591,C,-,tgt_sh 4.6%; team att 30.8; opp DvP 1.02; RZ tgt 2,1.0,
Kyle Juszczyk,SF,DEN,RB,DEN@SF,last_td,0.02958254745254745,3280.0,0.0,0.1591,C,-,tgt_sh 4.6%; team att 30.8; opp DvP 1.02; RZ tgt 2,1.0,
Kyle Juszczyk,SF,DEN,RB,DEN@SF,2plus_td,0.0106,9334.0,0.0,0.1591,C,-,tgt_sh 4.6%; team att 30.8; opp DvP 1.02; RZ tgt 2,1.0,
George Kittle,SF,DEN,TE,DEN@SF,anytime_td,0.40615,146.0,0.0,0.51285,B,-,tgt_sh 19.5%; team att 30.8; opp DvP 0.94; RZ tgt 5,1.0,
George Kittle,SF,DEN,TE,DEN@SF,first_td,0.09409463245088244,963.0,0.0,0.51285,B,-,tgt_sh 19.5%; team att 30.8; opp DvP 0.94; RZ tgt 5,1.0,
George Kittle,SF,DEN,TE,DEN@SF,last_td,0.09409463245088244,963.0,0.0,0.51285,B,-,tgt_sh 19.5%; team att 30.8; opp DvP 0.94; RZ tgt 5,1.0,
George Kittle,SF,DEN,TE,DEN@SF,2plus_td,0.0925,981.0,0.0,0.51285,B,-,tgt_sh 19.5%; team att 30.8; opp DvP 0.94; RZ tgt 5,1.0,
Christian McCaffrey,SF,DEN,RB,DEN@SF,anytime_td,0.6472561455002883,-183.0,0.5408040253682059,0.4494994496566906,B,no game designation yet (Full),tgt_sh 19.1%; team att 30.8; opp DvP 1.02; RZ tgt 3; car_sh 44.3%; team rush 29.5; opp d_ypc 1.10; inside-10 car 6,0.9508674235277402,
Christian McCaffrey,SF,DEN,RB,DEN@SF,first_td,0.18445890814463592,442.0,0.5408040253682059,0.4494994496566906,B,no game designation yet (Full),tgt_sh 19.1%; team att 30.8; opp DvP 1.02; RZ tgt 3; car_sh 44.3%; team rush 29.5; opp d_ypc 1.10; inside-10 car 6,0.9508674235277402,
Christian McCaffrey,SF,DEN,RB,DEN@SF,last_td,0.18445890814463592,442.0,0.5408040253682059,0.4494994496566906,B,no game designation yet (Full),tgt_sh 19.1%; team att 30.8; opp DvP 1.02; RZ tgt 3; car_sh 44.3%; team rush 29.5; opp d_ypc 1.10; inside-10 car 6,0.9508674235277402,
Christian McCaffrey,SF,DEN,RB,DEN@SF,2plus_td,0.26243513810996383,281.0,0.5408040253682059,0.4494994496566906,B,no game designation yet (Full),tgt_sh 19.1%; team att 30.8; opp DvP 1.02; RZ tgt 3; car_sh 44.3%; team rush 29.5; opp d_ypc 1.10; inside-10 car 6,0.9508674235277402,
Deebo Samuel Sr.,SF,DEN,WR,DEN@SF,anytime_td,0.32135,211.0,0.0192,0.36375,B,-,tgt_sh 15.1%; team att 30.8; opp DvP 0.95; RZ tgt 3,1.0,
Deebo Samuel Sr.,SF,DEN,WR,DEN@SF,first_td,0.07016684149184148,1325.0,0.0192,0.36375,B,-,tgt_sh 15.1%; team att 30.8; opp DvP 0.95; RZ tgt 3,1.0,
Deebo Samuel Sr.,SF,DEN,WR,DEN@SF,last_td,0.07016684149184148,1325.0,0.0192,0.36375,B,-,tgt_sh 15.1%; team att 30.8; opp DvP 0.95; RZ tgt 3,1.0,
Deebo Samuel Sr.,SF,DEN,WR,DEN@SF,2plus_td,0.0554,1705.0,0.0192,0.36375,B,-,tgt_sh 15.1%; team att 30.8; opp DvP 0.95; RZ tgt 3,1.0,
Jordan Watkins,SF,DEN,WR,DEN@SF,anytime_td,0.08295,1106.0,0.0,0.08615,C,-,tgt_sh 5.2%; team att 30.8; opp DvP 0.95; RZ tgt 0,1.0,
Jordan Watkins,SF,DEN,WR,DEN@SF,first_td,0.015748935092685094,6250.0,0.0,0.08615,C,-,tgt_sh 5.2%; team att 30.8; opp DvP 0.95; RZ tgt 0,1.0,
Jordan Watkins,SF,DEN,WR,DEN@SF,last_td,0.015748935092685094,6250.0,0.0,0.08615,C,-,tgt_sh 5.2%; team att 30.8; opp DvP 0.95; RZ tgt 0,1.0,
Jordan Watkins,SF,DEN,WR,DEN@SF,2plus_td,0.0031,32158.0,0.0,0.08615,C,-,tgt_sh 5.2%; team att 30.8; opp DvP 0.95; RZ tgt 0,1.0,
Jared Goff,DET,CAR,QB,DET@CAR,anytime_td,0.05695,1656.0,0.05875,0.0,B,-,team att 34.5; ypa 6.75; opp d_ypa 0.93; pass rate 57.8%,1.0,
Jared Goff,DET,CAR,QB,DET@CAR,first_td,0.009690941974691974,10219.0,0.05875,0.0,B,-,team att 34.5; ypa 6.75; opp d_ypa 0.93; pass rate 57.8%,1.0,
Jared Goff,DET,CAR,QB,DET@CAR,last_td,0.009690941974691974,10219.0,0.05875,0.0,B,-,team att 34.5; ypa 6.75; opp d_ypa 0.93; pass rate 57.8%,1.0,
Jared Goff,DET,CAR,QB,DET@CAR,2plus_td,0.0018,55456.0,0.05875,0.0,B,-,team att 34.5; ypa 6.75; opp d_ypa 0.93; pass rate 57.8%,1.0,
Jahmyr Gibbs,DET,CAR,RB,DET@CAR,anytime_td,0.74835,-297.0,0.96565,0.3114,B,-,tgt_sh 17.1%; team att 34.5; opp DvP 0.99; RZ tgt 5; car_sh 73.5%; team rush 26.8; opp d_ypc 1.20; inside-10 car 9,1.0,
Jahmyr Gibbs,DET,CAR,RB,DET@CAR,first_td,0.2147100826257076,366.0,0.96565,0.3114,B,-,tgt_sh 17.1%; team att 34.5; opp DvP 0.99; RZ tgt 5; car_sh 73.5%; team rush 26.8; opp d_ypc 1.20; inside-10 car 9,1.0,
Jahmyr Gibbs,DET,CAR,RB,DET@CAR,last_td,0.2147100826257076,366.0,0.96565,0.3114,B,-,tgt_sh 17.1%; team att 34.5; opp DvP 0.99; RZ tgt 5; car_sh 73.5%; team rush 26.8; opp d_ypc 1.20; inside-10 car 9,1.0,
Jahmyr Gibbs,DET,CAR,RB,DET@CAR,2plus_td,0.37075,170.0,0.96565,0.3114,B,-,tgt_sh 17.1%; team att 34.5; opp DvP 0.99; RZ tgt 5; car_sh 73.5%; team rush 26.8; opp d_ypc 1.20; inside-10 car 9,1.0,
Sam LaPorta,DET,CAR,TE,DET@CAR,anytime_td,0.34325,191.0,0.0,0.41265,B,-,tgt_sh 18.4%; team att 34.5; opp DvP 1.51; RZ tgt 5,1.0,
Sam LaPorta,DET,CAR,TE,DET@CAR,first_td,0.06867519140581639,1356.0,0.0,0.41265,B,-,tgt_sh 18.4%; team att 34.5; opp DvP 1.51; RZ tgt 5,1.0,
Sam LaPorta,DET,CAR,TE,DET@CAR,last_td,0.06867519140581639,1356.0,0.0,0.41265,B,-,tgt_sh 18.4%; team att 34.5; opp DvP 1.51; RZ tgt 5,1.0,
Sam LaPorta,DET,CAR,TE,DET@CAR,2plus_td,0.06155,1525.0,0.0,0.41265,B,-,tgt_sh 18.4%; team att 34.5; opp DvP 1.51; RZ tgt 5,1.0,
Jackson Meeks,DET,CAR,WR,DET@CAR,anytime_td,0.0251,3884.0,0.0,0.02535,C,-,w_td 0.02; team TD 3.01,1.0,
Jackson Meeks,DET,CAR,WR,DET@CAR,first_td,0.0042700539738039734,23319.0,0.0,0.02535,C,-,w_td 0.02; team TD 3.01,1.0,
Jackson Meeks,DET,CAR,WR,DET@CAR,last_td,0.0042700539738039734,23319.0,0.0,0.02535,C,-,w_td 0.02; team TD 3.01,1.0,
Jackson Meeks,DET,CAR,WR,DET@CAR,2plus_td,0.00025,399900.0,0.0,0.02535,C,-,w_td 0.02; team TD 3.01,1.0,
Jacob Saylors,DET,CAR,RB,DET@CAR,anytime_td,0.0184,5335.0,0.01145,0.00705,C,-,w_td 0.01; team TD 3.01,1.0,
Jacob Saylors,DET,CAR,RB,DET@CAR,first_td,0.003139274753024753,31754.0,0.01145,0.00705,C,-,w_td 0.01; team TD 3.01,1.0,
Jacob Saylors,DET,CAR,RB,DET@CAR,last_td,0.003139274753024753,31754.0,0.01145,0.00705,C,-,w_td 0.01; team TD 3.01,1.0,
Jacob Saylors,DET,CAR,RB,DET@CAR,2plus_td,0.0001,999900.0,0.01145,0.00705,C,-,w_td 0.01; team TD 3.01,1.0,
Amon-Ra St. Brown,DET,CAR,WR,DET@CAR,anytime_td,0.4468,124.0,0.0,0.57625,B,-,tgt_sh 29.3%; team att 34.5; opp DvP 1.09; RZ tgt 9,1.0,
Amon-Ra St. Brown,DET,CAR,WR,DET@CAR,first_td,0.09578275661838162,944.0,0.0,0.57625,B,-,tgt_sh 29.3%; team att 34.5; opp DvP 1.09; RZ tgt 9,1.0,
Amon-Ra St. Brown,DET,CAR,WR,DET@CAR,last_td,0.09578275661838162,944.0,0.0,0.57625,B,-,tgt_sh 29.3%; team att 34.5; opp DvP 1.09; RZ tgt 9,1.0,
Amon-Ra St. Brown,DET,CAR,WR,DET@CAR,2plus_td,0.1112,799.0,0.0,0.57625,B,-,tgt_sh 29.3%; team att 34.5; opp DvP 1.09; RZ tgt 9,1.0,
Isaac TeSlaa,DET,CAR,WR,DET@CAR,anytime_td,0.12295,713.0,0.0,0.12995,C,-,tgt_sh 6.6%; team att 34.5; opp DvP 1.09; RZ tgt 2,1.0,
Isaac TeSlaa,DET,CAR,WR,DET@CAR,first_td,0.02199605672105672,4446.0,0.0,0.12995,C,-,tgt_sh 6.6%; team att 34.5; opp DvP 1.09; RZ tgt 2,1.0,
Isaac TeSlaa,DET,CAR,WR,DET@CAR,last_td,0.02199605672105672,4446.0,0.0,0.12995,C,-,tgt_sh 6.6%; team att 34.5; opp DvP 1.09; RZ tgt 2,1.0,
Isaac TeSlaa,DET,CAR,WR,DET@CAR,2plus_td,0.0068,14606.0,0.0,0.12995,C,-,tgt_sh 6.6%; team att 34.5; opp DvP 1.09; RZ tgt 2,1.0,
Sione Vaki,DET,CAR,RB,DET@CAR,anytime_td,0.1672,498.0,0.1456,0.0348,C,-,car_sh 15.1%; team rush 26.8; opp d_ypc 1.20; inside-10 car 0,1.0,
Sione Vaki,DET,CAR,RB,DET@CAR,first_td,0.030168344988344985,3215.0,0.1456,0.0348,C,-,car_sh 15.1%; team rush 26.8; opp d_ypc 1.20; inside-10 car 0,1.0,
Sione Vaki,DET,CAR,RB,DET@CAR,last_td,0.030168344988344985,3215.0,0.1456,0.0348,C,-,car_sh 15.1%; team rush 26.8; opp d_ypc 1.20; inside-10 car 0,1.0,
Sione Vaki,DET,CAR,RB,DET@CAR,2plus_td,0.0124,7965.0,0.1456,0.0348,C,-,car_sh 15.1%; team rush 26.8; opp d_ypc 1.20; inside-10 car 0,1.0,
Jameson Williams,DET,CAR,WR,DET@CAR,anytime_td,0.2035,391.0,0.0,0.22475,C,-,tgt_sh 15.9%; team att 34.5; opp DvP 1.09; RZ tgt 1,1.0,
Jameson Williams,DET,CAR,WR,DET@CAR,first_td,0.03710195318570319,2595.0,0.0,0.22475,C,-,tgt_sh 15.9%; team att 34.5; opp DvP 1.09; RZ tgt 1,1.0,
Jameson Williams,DET,CAR,WR,DET@CAR,last_td,0.03710195318570319,2595.0,0.0,0.22475,C,-,tgt_sh 15.9%; team att 34.5; opp DvP 1.09; RZ tgt 1,1.0,
Jameson Williams,DET,CAR,WR,DET@CAR,2plus_td,0.02015,4863.0,0.0,0.22475,C,-,tgt_sh 15.9%; team att 34.5; opp DvP 1.09; RZ tgt 1,1.0,
Brock Wright,DET,CAR,TE,DET@CAR,anytime_td,0.0646,1448.0,0.0,0.0672,C,-,tgt_sh 4.6%; team att 34.5; opp DvP 1.51; RZ tgt 0,1.0,
Brock Wright,DET,CAR,TE,DET@CAR,first_td,0.011293214008214009,8755.0,0.0,0.0672,C,-,tgt_sh 4.6%; team att 34.5; opp DvP 1.51; RZ tgt 0,1.0,
Brock Wright,DET,CAR,TE,DET@CAR,last_td,0.011293214008214009,8755.0,0.0,0.0672,C,-,tgt_sh 4.6%; team att 34.5; opp DvP 1.51; RZ tgt 0,1.0,
Brock Wright,DET,CAR,TE,DET@CAR,2plus_td,0.00255,39116.0,0.0,0.0672,C,-,tgt_sh 4.6%; team att 34.5; opp DvP 1.51; RZ tgt 0,1.0,
Bryce Young,CAR,DET,QB,DET@CAR,anytime_td,0.09511410629499158,951.0,0.10016847909327616,0.0,B,no game designation yet (Full),team att 37.7; ypa 7.75; opp d_ypa 1.06; pass rate 62.9%,0.98,
Bryce Young,CAR,DET,QB,DET@CAR,first_td,0.016836411632705092,5840.0,0.10016847909327616,0.0,B,no game designation yet (Full),team att 37.7; ypa 7.75; opp d_ypa 1.06; pass rate 62.9%,0.98,
Bryce Young,CAR,DET,QB,DET@CAR,last_td,0.016836411632705092,5840.0,0.10016847909327616,0.0,B,no game designation yet (Full),team att 37.7; ypa 7.75; opp d_ypa 1.06; pass rate 62.9%,0.98,
Bryce Young,CAR,DET,QB,DET@CAR,2plus_td,0.004799101444835861,20737.0,0.10016847909327616,0.0,B,no game designation yet (Full),team att 37.7; ypa 7.75; opp d_ypa 1.06; pass rate 62.9%,0.98,
Jalen Coker,CAR,DET,WR,DET@CAR,anytime_td,0.3305778856362809,203.0,0.0,0.3972394964356135,B,Questionable (Limited),tgt_sh 15.6%; team att 37.7; opp DvP 0.90; RZ tgt 5,0.6667342299285288,
Jalen Coker,CAR,DET,WR,DET@CAR,first_td,0.06582718044969675,1419.0,0.0,0.3972394964356135,B,Questionable (Limited),tgt_sh 15.6%; team att 37.7; opp DvP 0.90; RZ tgt 5,0.6667342299285288,
Jalen Coker,CAR,DET,WR,DET@CAR,last_td,0.06582718044969675,1419.0,0.0,0.3972394964356135,B,Questionable (Limited),tgt_sh 15.6%; team att 37.7; opp DvP 0.90; RZ tgt 5,0.6667342299285288,
Jalen Coker,CAR,DET,WR,DET@CAR,2plus_td,0.06021537994843015,1561.0,0.0,0.3972394964356135,B,Questionable (Limited),tgt_sh 15.6%; team att 37.7; opp DvP 0.90; RZ tgt 5,0.6667342299285288,
AJ Dillon,CAR,DET,RB,DET@CAR,anytime_td,0.1342,645.0,0.12775,0.0152,C,-,car_sh 13.1%; team rush 23.9; opp d_ypc 1.02; inside-10 car 0,1.0,
AJ Dillon,CAR,DET,RB,DET@CAR,first_td,0.024093298645798643,4051.0,0.12775,0.0152,C,-,car_sh 13.1%; team rush 23.9; opp d_ypc 1.02; inside-10 car 0,1.0,
AJ Dillon,CAR,DET,RB,DET@CAR,last_td,0.024093298645798643,4051.0,0.12775,0.0152,C,-,car_sh 13.1%; team rush 23.9; opp d_ypc 1.02; inside-10 car 0,1.0,
AJ Dillon,CAR,DET,RB,DET@CAR,2plus_td,0.00845,11734.0,0.12775,0.0152,C,-,car_sh 13.1%; team rush 23.9; opp d_ypc 1.02; inside-10 car 0,1.0,
Mitchell Evans,CAR,DET,TE,DET@CAR,anytime_td,0.14195,604.0,0.0,0.1523,C,-,tgt_sh 4.1%; team att 37.7; opp DvP 1.00; RZ tgt 2,1.0,
Mitchell Evans,CAR,DET,TE,DET@CAR,first_td,0.025141486360861363,3877.0,0.0,0.1523,C,-,tgt_sh 4.1%; team att 37.7; opp DvP 1.00; RZ tgt 2,1.0,
Mitchell Evans,CAR,DET,TE,DET@CAR,last_td,0.025141486360861363,3877.0,0.0,0.1523,C,-,tgt_sh 4.1%; team att 37.7; opp DvP 1.00; RZ tgt 2,1.0,
Mitchell Evans,CAR,DET,TE,DET@CAR,2plus_td,0.0098,10104.0,0.0,0.1523,C,-,tgt_sh 4.1%; team att 37.7; opp DvP 1.00; RZ tgt 2,1.0,
Jimmy Horn Jr.,CAR,DET,WR,DET@CAR,anytime_td,0.05375,1760.0,0.0,0.05505,C,-,tgt_sh 3.3%; team att 37.7; opp DvP 0.90; RZ tgt 0,1.0,
Jimmy Horn Jr.,CAR,DET,WR,DET@CAR,first_td,0.009204234931734931,10765.0,0.0,0.05505,C,-,tgt_sh 3.3%; team att 37.7; opp DvP 0.90; RZ tgt 0,1.0,
Jimmy Horn Jr.,CAR,DET,WR,DET@CAR,last_td,0.009204234931734931,10765.0,0.0,0.05505,C,-,tgt_sh 3.3%; team att 37.7; opp DvP 0.90; RZ tgt 0,1.0,
Jimmy Horn Jr.,CAR,DET,WR,DET@CAR,2plus_td,0.0013,76823.0,0.0,0.05505,C,-,tgt_sh 3.3%; team att 37.7; opp DvP 0.90; RZ tgt 0,1.0,
Chuba Hubbard,CAR,DET,RB,DET@CAR,anytime_td,0.5433538154508691,-119.0,0.5404127934457224,0.21170106612047687,B,no game designation yet (Full),tgt_sh 6.9%; team att 37.7; opp DvP 1.18; RZ tgt 2; car_sh 48.0%; team rush 23.9; opp d_ypc 1.02; inside-10 car 5,0.9508674235277402,
Chuba Hubbard,CAR,DET,RB,DET@CAR,first_td,0.12564461073008418,696.0,0.5404127934457224,0.21170106612047687,B,no game designation yet (Full),tgt_sh 6.9%; team att 37.7; opp DvP 1.18; RZ tgt 2; car_sh 48.0%; team rush 23.9; opp d_ypc 1.02; inside-10 car 5,0.9508674235277402,
Chuba Hubbard,CAR,DET,RB,DET@CAR,last_td,0.12564461073008418,696.0,0.5404127934457224,0.21170106612047687,B,no game designation yet (Full),tgt_sh 6.9%; team att 37.7; opp DvP 1.18; RZ tgt 2; car_sh 48.0%; team rush 23.9; opp d_ypc 1.02; inside-10 car 5,0.9508674235277402,
Chuba Hubbard,CAR,DET,RB,DET@CAR,2plus_td,0.16979150254713513,489.0,0.5404127934457224,0.21170106612047687,B,no game designation yet (Full),tgt_sh 6.9%; team att 37.7; opp DvP 1.18; RZ tgt 2; car_sh 48.0%; team rush 23.9; opp d_ypc 1.02; inside-10 car 5,0.9508674235277402,
Tetairoa McMillan,CAR,DET,WR,DET@CAR,anytime_td,0.41715,140.0,0.0,0.5295,B,-,tgt_sh 20.8%; team att 37.7; opp DvP 0.90; RZ tgt 5,1.0,
Tetairoa McMillan,CAR,DET,WR,DET@CAR,first_td,0.0877953479159729,1039.0,0.0,0.5295,B,-,tgt_sh 20.8%; team att 37.7; opp DvP 0.90; RZ tgt 5,1.0,
Tetairoa McMillan,CAR,DET,WR,DET@CAR,last_td,0.0877953479159729,1039.0,0.0,0.5295,B,-,tgt_sh 20.8%; team att 37.7; opp DvP 0.90; RZ tgt 5,1.0,
Tetairoa McMillan,CAR,DET,WR,DET@CAR,2plus_td,0.09715,929.0,0.0,0.5295,B,-,tgt_sh 20.8%; team att 37.7; opp DvP 0.90; RZ tgt 5,1.0,
John Metchie III,CAR,DET,WR,DET@CAR,anytime_td,0.1273,686.0,0.0,0.13445,C,-,tgt_sh 6.0%; team att 37.7; opp DvP 0.90; RZ tgt 1,1.0,
John Metchie III,CAR,DET,WR,DET@CAR,first_td,0.02232897324897325,4378.0,0.0,0.13445,C,-,tgt_sh 6.0%; team att 37.7; opp DvP 0.90; RZ tgt 1,1.0,
John Metchie III,CAR,DET,WR,DET@CAR,last_td,0.02232897324897325,4378.0,0.0,0.13445,C,-,tgt_sh 6.0%; team att 37.7; opp DvP 0.90; RZ tgt 1,1.0,
John Metchie III,CAR,DET,WR,DET@CAR,2plus_td,0.007,14186.0,0.0,0.13445,C,-,tgt_sh 6.0%; team att 37.7; opp DvP 0.90; RZ tgt 1,1.0,
David Moore,CAR,DET,WR,DET@CAR,anytime_td,0.04195,2284.0,0.0,0.0425,C,-,w_td 0.02; team TD 2.76,1.0,
David Moore,CAR,DET,WR,DET@CAR,first_td,0.006949707098457098,14289.0,0.0,0.0425,C,-,w_td 0.02; team TD 2.76,1.0,
David Moore,CAR,DET,WR,DET@CAR,last_td,0.006949707098457098,14289.0,0.0,0.0425,C,-,w_td 0.02; team TD 2.76,1.0,
David Moore,CAR,DET,WR,DET@CAR,2plus_td,0.00055,181718.0,0.0,0.0425,C,-,w_td 0.02; team TD 2.76,1.0,
Brycen Tremayne,CAR,DET,WR,DET@CAR,anytime_td,0.05235,1810.0,0.0,0.0535,C,-,tgt_sh 3.2%; team att 37.7; opp DvP 0.90; RZ tgt 0,1.0,
Brycen Tremayne,CAR,DET,WR,DET@CAR,first_td,0.008840144022644023,11212.0,0.0,0.0535,C,-,tgt_sh 3.2%; team att 37.7; opp DvP 0.90; RZ tgt 0,1.0,
Brycen Tremayne,CAR,DET,WR,DET@CAR,last_td,0.008840144022644023,11212.0,0.0,0.0535,C,-,tgt_sh 3.2%; team att 37.7; opp DvP 0.90; RZ tgt 0,1.0,
Brycen Tremayne,CAR,DET,WR,DET@CAR,2plus_td,0.00115,86857.0,0.0,0.0535,C,-,tgt_sh 3.2%; team att 37.7; opp DvP 0.90; RZ tgt 0,1.0,
Tommy Tremble,CAR,DET,TE,DET@CAR,anytime_td,0.1907,424.0,0.0,0.2104,C,-,tgt_sh 9.8%; team att 37.7; opp DvP 1.00; RZ tgt 1,1.0,
Tommy Tremble,CAR,DET,TE,DET@CAR,first_td,0.034883817293817294,2767.0,0.0,0.2104,C,-,tgt_sh 9.8%; team att 37.7; opp DvP 1.00; RZ tgt 1,1.0,
Tommy Tremble,CAR,DET,TE,DET@CAR,last_td,0.034883817293817294,2767.0,0.0,0.2104,C,-,tgt_sh 9.8%; team att 37.7; opp DvP 1.00; RZ tgt 1,1.0,
Tommy Tremble,CAR,DET,TE,DET@CAR,2plus_td,0.0189,5191.0,0.0,0.2104,C,-,tgt_sh 9.8%; team att 37.7; opp DvP 1.00; RZ tgt 1,1.0,
Darren Waller,CAR,DET,TE,DET@CAR,anytime_td,0.2660017941005752,276.0,0.0,0.30805762228906125,C,no game designation yet (Full),tgt_sh 13.3%; team att 37.7; opp DvP 1.00; RZ tgt 2,0.9479829842591244,
Darren Waller,CAR,DET,TE,DET@CAR,first_td,0.05083423061498097,1867.0,0.0,0.30805762228906125,C,no game designation yet (Full),tgt_sh 13.3%; team att 37.7; opp DvP 1.00; RZ tgt 2,0.9479829842591244,
Darren Waller,CAR,DET,TE,DET@CAR,last_td,0.05083423061498097,1867.0,0.0,0.30805762228906125,C,no game designation yet (Full),tgt_sh 13.3%; team att 37.7; opp DvP 1.00; RZ tgt 2,0.9479829842591244,
Darren Waller,CAR,DET,TE,DET@CAR,2plus_td,0.038414859374175506,2503.0,0.0,0.30805762228906125,C,no game designation yet (Full),tgt_sh 13.3%; team att 37.7; opp DvP 1.00; RZ tgt 2,0.9479829842591244,
Michael Penix Jr.,ATL,NO,QB,ATL@NO,anytime_td,0.04055,2366.0,0.04135,0.0,C,-,team att 28.7; ypa 6.84; opp d_ypa 0.97; pass rate 49.7%,1.0,
Michael Penix Jr.,ATL,NO,QB,ATL@NO,first_td,0.008692406204906205,11404.0,0.04135,0.0,C,-,team att 28.7; ypa 6.84; opp d_ypa 0.97; pass rate 49.7%,1.0,
Michael Penix Jr.,ATL,NO,QB,ATL@NO,last_td,0.008692406204906205,11404.0,0.04135,0.0,C,-,team att 28.7; ypa 6.84; opp d_ypa 0.97; pass rate 49.7%,1.0,
Michael Penix Jr.,ATL,NO,QB,ATL@NO,2plus_td,0.0008,124900.0,0.04135,0.0,C,-,team att 28.7; ypa 6.84; opp d_ypa 0.97; pass rate 49.7%,1.0,
Chris Blair,ATL,NO,WR,ATL@NO,anytime_td,0.0335,2885.0,0.0,0.03395,C,-,w_td 0.03; team TD 2.02,1.0,
Chris Blair,ATL,NO,WR,ATL@NO,first_td,0.006744309163059162,14727.0,0.0,0.03395,C,-,w_td 0.03; team TD 2.02,1.0,
Chris Blair,ATL,NO,WR,ATL@NO,last_td,0.006744309163059162,14727.0,0.0,0.03395,C,-,w_td 0.03; team TD 2.02,1.0,
Chris Blair,ATL,NO,WR,ATL@NO,2plus_td,0.0004,249900.0,0.0,0.03395,C,-,w_td 0.03; team TD 2.02,1.0,
Zachariah Branch,ATL,NO,WR,ATL@NO,anytime_td,0.0472,2019.0,0.0,0.0484,C,-,w_td 0.04; team TD 2.02,1.0,
Zachariah Branch,ATL,NO,WR,ATL@NO,first_td,0.00983125,10072.0,0.0,0.0484,C,-,w_td 0.04; team TD 2.02,1.0,
Zachariah Branch,ATL,NO,WR,ATL@NO,last_td,0.00983125,10072.0,0.0,0.0484,C,-,w_td 0.04; team TD 2.02,1.0,
Zachariah Branch,ATL,NO,WR,ATL@NO,2plus_td,0.0012,83233.0,0.0,0.0484,C,-,w_td 0.04; team TD 2.02,1.0,
Jahan Dotson,ATL,NO,WR,ATL@NO,anytime_td,0.127,687.0,0.0,0.13465,C,-,tgt_sh 11.5%; team att 28.7; opp DvP 1.08; RZ tgt 0,1.0,
Jahan Dotson,ATL,NO,WR,ATL@NO,first_td,0.027816405122655125,3495.0,0.0,0.13465,C,-,tgt_sh 11.5%; team att 28.7; opp DvP 1.08; RZ tgt 0,1.0,
Jahan Dotson,ATL,NO,WR,ATL@NO,last_td,0.027816405122655125,3495.0,0.0,0.13465,C,-,tgt_sh 11.5%; team att 28.7; opp DvP 1.08; RZ tgt 0,1.0,
Jahan Dotson,ATL,NO,WR,ATL@NO,2plus_td,0.00745,13323.0,0.0,0.13465,C,-,tgt_sh 11.5%; team att 28.7; opp DvP 1.08; RZ tgt 0,1.0,
Austin Hooper,ATL,NO,TE,ATL@NO,anytime_td,0.1185,744.0,0.0,0.12505,C,-,tgt_sh 5.9%; team att 28.7; opp DvP 1.08; RZ tgt 1,1.0,
Austin Hooper,ATL,NO,TE,ATL@NO,first_td,0.02515407287157287,3875.0,0.0,0.12505,C,-,tgt_sh 5.9%; team att 28.7; opp DvP 1.08; RZ tgt 1,1.0,
Austin Hooper,ATL,NO,TE,ATL@NO,last_td,0.02515407287157287,3875.0,0.0,0.12505,C,-,tgt_sh 5.9%; team att 28.7; opp DvP 1.08; RZ tgt 1,1.0,
Austin Hooper,ATL,NO,TE,ATL@NO,2plus_td,0.0063,15773.0,0.0,0.12505,C,-,tgt_sh 5.9%; team att 28.7; opp DvP 1.08; RZ tgt 1,1.0,
Drake London,ATL,NO,WR,ATL@NO,anytime_td,0.2711,269.0,0.00775,0.3024,B,-,tgt_sh 26.1%; team att 28.7; opp DvP 1.08; RZ tgt 0,1.0,
Drake London,ATL,NO,WR,ATL@NO,first_td,0.06356312465312465,1473.0,0.00775,0.3024,B,-,tgt_sh 26.1%; team att 28.7; opp DvP 1.08; RZ tgt 0,1.0,
Drake London,ATL,NO,WR,ATL@NO,last_td,0.06356312465312465,1473.0,0.00775,0.3024,B,-,tgt_sh 26.1%; team att 28.7; opp DvP 1.08; RZ tgt 0,1.0,
Drake London,ATL,NO,WR,ATL@NO,2plus_td,0.035,2757.0,0.00775,0.3024,B,-,tgt_sh 26.1%; team att 28.7; opp DvP 1.08; RZ tgt 0,1.0,
Kyle Pitts,ATL,NO,TE,ATL@NO,anytime_td,0.1565,539.0,0.0,0.1697,C,-,tgt_sh 14.6%; team att 28.7; opp DvP 1.08; RZ tgt 0,1.0,
Kyle Pitts,ATL,NO,TE,ATL@NO,first_td,0.0341713696026196,2826.0,0.0,0.1697,C,-,tgt_sh 14.6%; team att 28.7; opp DvP 1.08; RZ tgt 0,1.0,
Kyle Pitts,ATL,NO,TE,ATL@NO,last_td,0.0341713696026196,2826.0,0.0,0.1697,C,-,tgt_sh 14.6%; team att 28.7; opp DvP 1.08; RZ tgt 0,1.0,
Kyle Pitts,ATL,NO,TE,ATL@NO,2plus_td,0.0126,7837.0,0.0,0.1697,C,-,tgt_sh 14.6%; team att 28.7; opp DvP 1.08; RZ tgt 0,1.0,
Bijan Robinson,ATL,NO,RB,ATL@NO,anytime_td,0.5325,-114.0,0.51105,0.21375,B,-,tgt_sh 20.3%; team att 28.7; opp DvP 0.86; RZ tgt 0; car_sh 53.1%; team rush 31.4; opp d_ypc 1.06; inside-10 car 7,1.0,
Bijan Robinson,ATL,NO,RB,ATL@NO,first_td,0.14812976426351426,575.0,0.51105,0.21375,B,-,tgt_sh 20.3%; team att 28.7; opp DvP 0.86; RZ tgt 0; car_sh 53.1%; team rush 31.4; opp d_ypc 1.06; inside-10 car 7,1.0,
Bijan Robinson,ATL,NO,RB,ATL@NO,last_td,0.14812976426351426,575.0,0.51105,0.21375,B,-,tgt_sh 20.3%; team att 28.7; opp DvP 0.86; RZ tgt 0; car_sh 53.1%; team rush 31.4; opp d_ypc 1.06; inside-10 car 7,1.0,
Bijan Robinson,ATL,NO,RB,ATL@NO,2plus_td,0.15835,532.0,0.51105,0.21375,B,-,tgt_sh 20.3%; team att 28.7; opp DvP 0.86; RZ tgt 0; car_sh 53.1%; team rush 31.4; opp d_ypc 1.06; inside-10 car 7,1.0,
Brian Robinson,ATL,NO,RB,ATL@NO,anytime_td,0.18,456.0,0.1751,0.02095,B,-,car_sh 23.4%; team rush 31.4; opp d_ypc 1.06; inside-10 car 1,1.0,
Brian Robinson,ATL,NO,RB,ATL@NO,first_td,0.040557046009546016,2366.0,0.1751,0.02095,B,-,car_sh 23.4%; team rush 31.4; opp d_ypc 1.06; inside-10 car 1,1.0,
Brian Robinson,ATL,NO,RB,ATL@NO,last_td,0.040557046009546016,2366.0,0.1751,0.02095,B,-,car_sh 23.4%; team rush 31.4; opp d_ypc 1.06; inside-10 car 1,1.0,
Brian Robinson,ATL,NO,RB,ATL@NO,2plus_td,0.0151,6523.0,0.1751,0.02095,B,-,car_sh 23.4%; team rush 31.4; opp d_ypc 1.06; inside-10 car 1,1.0,
Charlie Woerner,ATL,NO,TE,ATL@NO,anytime_td,0.0173,5680.0,0.0,0.0175,C,-,w_td 0.02; team TD 2.02,1.0,
Charlie Woerner,ATL,NO,TE,ATL@NO,first_td,0.0035253445165945164,28266.0,0.0,0.0175,C,-,w_td 0.02; team TD 2.02,1.0,
Charlie Woerner,ATL,NO,TE,ATL@NO,last_td,0.0035253445165945164,28266.0,0.0,0.0175,C,-,w_td 0.02; team TD 2.02,1.0,
Charlie Woerner,ATL,NO,TE,ATL@NO,2plus_td,0.0002,499900.0,0.0,0.0175,C,-,w_td 0.02; team TD 2.02,1.0,
Olamide Zaccheaus,ATL,NO,WR,ATL@NO,anytime_td,0.1077,829.0,0.0,0.1131,C,-,tgt_sh 9.4%; team att 28.7; opp DvP 1.08; RZ tgt 0,1.0,
Olamide Zaccheaus,ATL,NO,WR,ATL@NO,first_td,0.022975367965367963,4252.0,0.0,0.1131,C,-,tgt_sh 9.4%; team att 28.7; opp DvP 1.08; RZ tgt 0,1.0,
Olamide Zaccheaus,ATL,NO,WR,ATL@NO,last_td,0.022975367965367963,4252.0,0.0,0.1131,C,-,tgt_sh 9.4%; team att 28.7; opp DvP 1.08; RZ tgt 0,1.0,
Olamide Zaccheaus,ATL,NO,WR,ATL@NO,2plus_td,0.0051,19508.0,0.0,0.1131,C,-,tgt_sh 9.4%; team att 28.7; opp DvP 1.08; RZ tgt 0,1.0,
Tyler Shough,NO,ATL,QB,ATL@NO,anytime_td,0.1309,664.0,0.1399,0.0,B,-,team att 37.1; ypa 6.64; opp d_ypa 0.94; pass rate 61.1%,1.0,
Tyler Shough,NO,ATL,QB,ATL@NO,first_td,0.02978752886002886,3257.0,0.1399,0.0,B,-,team att 37.1; ypa 6.64; opp d_ypa 0.94; pass rate 61.1%,1.0,
Tyler Shough,NO,ATL,QB,ATL@NO,last_td,0.02978752886002886,3257.0,0.1399,0.0,B,-,team att 37.1; ypa 6.64; opp d_ypa 0.94; pass rate 61.1%,1.0,
Tyler Shough,NO,ATL,QB,ATL@NO,2plus_td,0.00845,11734.0,0.1399,0.0,B,-,team att 37.1; ypa 6.64; opp d_ypa 0.94; pass rate 61.1%,1.0,
Kevin Austin Jr.,NO,ATL,WR,ATL@NO,anytime_td,0.06635,1407.0,0.0,0.06865,C,-,tgt_sh 4.4%; team att 37.1; opp DvP 0.96; RZ tgt 0,1.0,
Kevin Austin Jr.,NO,ATL,WR,ATL@NO,first_td,0.014071857864357863,7006.0,0.0,0.06865,C,-,tgt_sh 4.4%; team att 37.1; opp DvP 0.96; RZ tgt 0,1.0,
Kevin Austin Jr.,NO,ATL,WR,ATL@NO,last_td,0.014071857864357863,7006.0,0.0,0.06865,C,-,tgt_sh 4.4%; team att 37.1; opp DvP 0.96; RZ tgt 0,1.0,
Kevin Austin Jr.,NO,ATL,WR,ATL@NO,2plus_td,0.0022,45355.0,0.0,0.06865,C,-,tgt_sh 4.4%; team att 37.1; opp DvP 0.96; RZ tgt 0,1.0,
Barion Brown,NO,ATL,WR,ATL@NO,anytime_td,0.02149303563044499,4553.0,0.007564296520423601,0.01418957692107048,C,no game designation yet (Limited),w_td 0.01; team TD 2.58,0.9575230478992892,
Barion Brown,NO,ATL,WR,ATL@NO,first_td,0.004635131187116163,21474.0,0.007564296520423601,0.01418957692107048,C,no game designation yet (Limited),w_td 0.01; team TD 2.58,0.9575230478992892,
Barion Brown,NO,ATL,WR,ATL@NO,last_td,0.004635131187116163,21474.0,0.007564296520423601,0.01418957692107048,C,no game designation yet (Limited),w_td 0.01; team TD 2.58,0.9575230478992892,
Barion Brown,NO,ATL,WR,ATL@NO,2plus_td,0.0002608378110490897,383280.0,0.007564296520423601,0.01418957692107048,C,no game designation yet (Limited),w_td 0.01; team TD 2.58,0.9575230478992892,
Oscar Delp,NO,ATL,TE,ATL@NO,anytime_td,0.02855,3403.0,0.0,0.02895,C,-,w_td 0.02; team TD 2.58,1.0,
Oscar Delp,NO,ATL,TE,ATL@NO,first_td,0.006183217893217892,16073.0,0.0,0.02895,C,-,w_td 0.02; team TD 2.58,1.0,
Oscar Delp,NO,ATL,TE,ATL@NO,last_td,0.006183217893217892,16073.0,0.0,0.02895,C,-,w_td 0.02; team TD 2.58,1.0,
Oscar Delp,NO,ATL,TE,ATL@NO,2plus_td,0.0004,249900.0,0.0,0.02895,C,-,w_td 0.02; team TD 2.58,1.0,
CJ Donaldson,NO,ATL,RB,ATL@NO,anytime_td,0.0755,1225.0,0.05435,0.0237,C,-,w_td 0.07; team TD 2.58,1.0,
CJ Donaldson,NO,ATL,RB,ATL@NO,first_td,0.01611017010767011,6107.0,0.05435,0.0237,C,-,w_td 0.07; team TD 2.58,1.0,
CJ Donaldson,NO,ATL,RB,ATL@NO,last_td,0.01611017010767011,6107.0,0.05435,0.0237,C,-,w_td 0.07; team TD 2.58,1.0,
CJ Donaldson,NO,ATL,RB,ATL@NO,2plus_td,0.00245,40716.0,0.05435,0.0237,C,-,w_td 0.07; team TD 2.58,1.0,
Noah Fant,NO,ATL,TE,ATL@NO,anytime_td,0.19950777609048542,401.0,0.0,0.22013928889354348,C,no game designation yet (Limited),tgt_sh 7.1%; team att 37.1; opp DvP 1.19; RZ tgt 3,0.9575230478992892,
Noah Fant,NO,ATL,TE,ATL@NO,first_td,0.04548102343043957,2099.0,0.0,0.22013928889354348,C,no game designation yet (Limited),tgt_sh 7.1%; team att 37.1; opp DvP 1.19; RZ tgt 3,0.9575230478992892,
Noah Fant,NO,ATL,TE,ATL@NO,last_td,0.04548102343043957,2099.0,0.0,0.22013928889354348,C,no game designation yet (Limited),tgt_sh 7.1%; team att 37.1; opp DvP 1.19; RZ tgt 3,0.9575230478992892,
Noah Fant,NO,ATL,TE,ATL@NO,2plus_td,0.019427135152118132,5047.0,0.0,0.22013928889354348,C,no game designation yet (Limited),tgt_sh 7.1%; team att 37.1; opp DvP 1.19; RZ tgt 3,0.9575230478992892,
Juwan Johnson,NO,ATL,TE,ATL@NO,anytime_td,0.39715,152.0,0.0,0.49095,B,-,tgt_sh 17.0%; team att 37.1; opp DvP 1.19; RZ tgt 6,1.0,
Juwan Johnson,NO,ATL,TE,ATL@NO,first_td,0.10094701298701297,891.0,0.0,0.49095,B,-,tgt_sh 17.0%; team att 37.1; opp DvP 1.19; RZ tgt 6,1.0,
Juwan Johnson,NO,ATL,TE,ATL@NO,last_td,0.10094701298701297,891.0,0.0,0.49095,B,-,tgt_sh 17.0%; team att 37.1; opp DvP 1.19; RZ tgt 6,1.0,
Juwan Johnson,NO,ATL,TE,ATL@NO,2plus_td,0.0823,1115.0,0.0,0.49095,B,-,tgt_sh 17.0%; team att 37.1; opp DvP 1.19; RZ tgt 6,1.0,
Alvin Kamara,NO,ATL,RB,ATL@NO,anytime_td,0.33485,199.0,0.2007,0.2022,B,-,tgt_sh 10.3%; team att 37.1; opp DvP 1.11; RZ tgt 1; car_sh 26.3%; team rush 25.0; opp d_ypc 0.87; inside-10 car 0,1.0,
Alvin Kamara,NO,ATL,RB,ATL@NO,first_td,0.08354068542568541,1097.0,0.2007,0.2022,B,-,tgt_sh 10.3%; team att 37.1; opp DvP 1.11; RZ tgt 1; car_sh 26.3%; team rush 25.0; opp d_ypc 0.87; inside-10 car 0,1.0,
Alvin Kamara,NO,ATL,RB,ATL@NO,last_td,0.08354068542568541,1097.0,0.2007,0.2022,B,-,tgt_sh 10.3%; team att 37.1; opp DvP 1.11; RZ tgt 1; car_sh 26.3%; team rush 25.0; opp d_ypc 0.87; inside-10 car 0,1.0,
Alvin Kamara,NO,ATL,RB,ATL@NO,2plus_td,0.0613,1531.0,0.2007,0.2022,B,-,tgt_sh 10.3%; team att 37.1; opp DvP 1.11; RZ tgt 1; car_sh 26.3%; team rush 25.0; opp d_ypc 0.87; inside-10 car 0,1.0,
Bryce Lance,NO,ATL,WR,ATL@NO,anytime_td,0.06415,1459.0,0.0,0.06625,C,-,tgt_sh 4.5%; team att 37.1; opp DvP 0.96; RZ tgt 0,1.0,
Bryce Lance,NO,ATL,WR,ATL@NO,first_td,0.013846764624264625,7122.0,0.0,0.06625,C,-,tgt_sh 4.5%; team att 37.1; opp DvP 0.96; RZ tgt 0,1.0,
Bryce Lance,NO,ATL,WR,ATL@NO,last_td,0.013846764624264625,7122.0,0.0,0.06625,C,-,tgt_sh 4.5%; team att 37.1; opp DvP 0.96; RZ tgt 0,1.0,
Bryce Lance,NO,ATL,WR,ATL@NO,2plus_td,0.00205,48680.0,0.0,0.06625,C,-,tgt_sh 4.5%; team att 37.1; opp DvP 0.96; RZ tgt 0,1.0,
Kendre Miller,NO,ATL,RB,ATL@NO,anytime_td,0.20655,384.0,0.18585,0.04225,C,-,car_sh 17.3%; team rush 25.0; opp d_ypc 0.87; inside-10 car 2,1.0,
Kendre Miller,NO,ATL,RB,ATL@NO,first_td,0.04778207542457542,1993.0,0.18585,0.04225,C,-,car_sh 17.3%; team rush 25.0; opp d_ypc 0.87; inside-10 car 2,1.0,
Kendre Miller,NO,ATL,RB,ATL@NO,last_td,0.04778207542457542,1993.0,0.18585,0.04225,C,-,car_sh 17.3%; team rush 25.0; opp d_ypc 0.87; inside-10 car 2,1.0,
Kendre Miller,NO,ATL,RB,ATL@NO,2plus_td,0.0204,4802.0,0.18585,0.04225,C,-,car_sh 17.3%; team rush 25.0; opp d_ypc 0.87; inside-10 car 2,1.0,
Chris Olave,NO,ATL,WR,ATL@NO,anytime_td,0.4203,138.0,0.0,0.53025,B,-,tgt_sh 26.6%; team att 37.1; opp DvP 0.96; RZ tgt 4,1.0,
Chris Olave,NO,ATL,WR,ATL@NO,first_td,0.11005488150738152,809.0,0.0,0.53025,B,-,tgt_sh 26.6%; team att 37.1; opp DvP 0.96; RZ tgt 4,1.0,
Chris Olave,NO,ATL,WR,ATL@NO,last_td,0.11005488150738152,809.0,0.0,0.53025,B,-,tgt_sh 26.6%; team att 37.1; opp DvP 0.96; RZ tgt 4,1.0,
Chris Olave,NO,ATL,WR,ATL@NO,2plus_td,0.095,953.0,0.0,0.53025,B,-,tgt_sh 26.6%; team att 37.1; opp DvP 0.96; RZ tgt 4,1.0,
Devaughn Vele,NO,ATL,WR,ATL@NO,anytime_td,0.25595,291.0,0.0,0.291,B,-,tgt_sh 13.0%; team att 37.1; opp DvP 0.96; RZ tgt 3,1.0,
Devaughn Vele,NO,ATL,WR,ATL@NO,first_td,0.05979150308025307,1572.0,0.0,0.291,B,-,tgt_sh 13.0%; team att 37.1; opp DvP 0.96; RZ tgt 3,1.0,
Devaughn Vele,NO,ATL,WR,ATL@NO,last_td,0.05979150308025307,1572.0,0.0,0.291,B,-,tgt_sh 13.0%; team att 37.1; opp DvP 0.96; RZ tgt 3,1.0,
Devaughn Vele,NO,ATL,WR,ATL@NO,2plus_td,0.0327,2958.0,0.0,0.291,B,-,tgt_sh 13.0%; team att 37.1; opp DvP 0.96; RZ tgt 3,1.0,
