player,pos,team,opp,game,played,p_active,status,proxy,pass_cmp_mean,pass_cmp_p25,pass_cmp_p75,pass_cmp_conf,pass_yds_mean,pass_yds_p25,pass_yds_p75,pass_yds_conf,pass_td_mean,pass_td_p25,pass_td_p75,pass_td_conf,rush_td_mean,any_td_pct,exp_td,td_conf,rush_yds_mean,rush_yds_p25,rush_yds_p75,rush_yds_conf,rec_yds_mean,rec_yds_p25,rec_yds_p75,rec_yds_conf,rec_mean,rec_p25,rec_p75,rec_conf,rec_td_mean,rush_att_mean,tgt_mean,car_sh,tgt_sh,any_td_pct_wt
Aaron Rodgers,QB,PIT,CLE,PIT@CLE,True,1.0,,False,20.33775,17.0,23.0,91.0,237.1177754525525,180.1487296091552,283.5094961981397,87.0,1.6947,1.0,2.0,82.0,0.0197,0.0194,0.0197,62,,,,,,,,,,,,,,,,,,0.0194
Germie Bernard,WR,PIT,CLE,PIT@CLE,True,1.0,,False,,,,,,,,,,,,,0.0,0.12455,0.13175,30,0.0,0.0,0.0,78.0,13.763038557790999,0.0,21.268490784033588,31.0,1.1248,0.0,2.0,24.0,0.13175,0.0,1.9733,0.002783512338617426,0.04920819490473396,0.12455
Pat Freiermuth,TE,PIT,CLE,PIT@CLE,True,1.0,,False,,,,,,,,,,,,,0.00425,0.2433,0.27415,50,1.5310192605343904,0.0,0.0,90.0,34.94514068206961,14.977258570323457,48.97917862182965,61.0,3.2569,2.0,4.0,72.0,0.2699,0.3566,5.14315,0.010851664044754891,0.13203059049486404,0.2433
Eli Heidenreich,RB,PIT,CLE,PIT@CLE,True,1.0,,False,,,,,,,,,,,,,0.00435,0.0165,0.0166,1,1.1916447690796104,0.0,0.0,60.0,1.7120882854877781,0.0,0.0,60.0,0.21895,0.0,0.0,60.0,0.01225,0.2725,0.32215,0.008088545411842035,0.007667384255273657,0.0165
Travis Homer,RB,PIT,CLE,PIT@CLE,True,1.0,,False,,,,,,,,,,,,,0.04805,0.0555,0.0568,20,9.887238851540266,1.4194403633345707,13.467390294842911,27.0,1.2020326644719312,0.0,0.0,63.0,0.1576,0.0,0.0,63.0,0.00875,2.3575,0.2292,0.07057112458935205,0.00536894383615806,0.0555
DK Metcalf,WR,PIT,CLE,PIT@CLE,True,1.0,,False,,,,,,,,,,,,,0.0,0.2903,0.33805,50,0.0,0.0,0.0,97.0,66.63231865796904,35.52649803967311,89.84446795894388,76.0,4.8036,3.0,6.0,81.0,0.33805,0.0,8.95515,0.002783512338617426,0.22236427917111726,0.2903
Lew Nichols III,RB,PIT,CLE,PIT@CLE,True,1.0,,False,,,,,,,,,,,,,0.02745,0.035,0.0356,6,2.8610477976771507,0.0,3.0605564386582254,28.0,1.237514399339307,0.0,0.0,61.0,0.15875,0.0,0.0,61.0,0.00815,0.67435,0.2329,0.02026106233988231,0.005489665650225519,0.035
Riley Nowakowski,RB,PIT,CLE,PIT@CLE,True,1.0,,False,,,,,,,,,,,,,0.0,0.00455,0.00455,1,0.0,0.0,0.0,60.0,0.7355208312554606,0.0,0.0,60.0,0.0947,0.0,0.0,60.0,0.00455,0.0,0.1399,0.003867604358672992,0.003381025856006241,0.00455
Michael Pittman,WR,PIT,CLE,PIT@CLE,True,1.0,,False,,,,,,,,,,,,,0.0,0.1711,0.18665,21,0.0,0.0,0.0,79.0,39.01678712868698,16.36583669573634,54.93951035597327,50.0,3.13335,2.0,4.0,60.0,0.18665,0.0,5.4608,0.00324743106172033,0.1353091789490617,0.1711
Ben Skowronek,WR,PIT,CLE,PIT@CLE,True,1.0,,False,,,,,,,,,,,,,0.0,0.0587,0.06035,13,0.0,0.0,0.0,66.0,6.1912917330282475,0.0,7.776190630099045,29.0,0.4772,0.0,1.0,6.0,0.06035,0.0,0.8242,0.002783512338617426,0.020885617313412957,0.0587
Robert Tonyan,TE,PIT,CLE,PIT@CLE,True,1.0,,False,,,,,,,,,,,,,0.0,0.04135,0.04235,7,0.0,0.0,0.0,62.0,2.0726513461239944,0.0,0.0,62.0,0.1989,0.0,0.0,62.0,0.04235,0.0,0.3288,0.002783512338617426,0.008346914857342862,0.04135
Jaylen Warren,RB,PIT,CLE,PIT@CLE,True,1.0,,False,,,,,,,,,,,,,0.21615,0.4214,0.5284,82,80.46286113673135,56.10097192945743,99.66166298096664,84.0,29.065865900679672,13.145841576265152,40.2438427290649,72.0,3.50605,2.0,5.0,74.0,0.31225,15.91515,5.0339,0.47774323509836253,0.11945307577556553,0.4214
Darnell Washington,TE,PIT,CLE,PIT@CLE,True,1.0,,False,,,,,,,,,,,,,0.0,0.1598,0.1727,34,0.0,0.0,0.0,81.0,21.670944456700546,5.063933259001303,32.09476634469604,43.0,1.954,1.0,3.0,50.0,0.1727,0.0,3.1315,0.002783512338617426,0.07996535359795272,0.1598
Kaden Wetjen,WR,PIT,CLE,PIT@CLE,True,1.0,,False,,,,,,,,,,,,,0.0,0.00515,0.00515,1,0.0,0.0,0.0,60.0,1.1426551465595862,0.0,0.0,60.0,0.0826,0.0,0.0,60.0,0.00515,0.0,0.14475,0.002783512338617426,0.0036825314401287756,0.00515
Roman Wilson,WR,PIT,CLE,PIT@CLE,True,1.0,,False,,,,,,,,,,,,,0.0,0.20765,0.22835,53,0.0,0.0,0.0,97.0,34.91634183943372,12.836788605776333,50.267771691134385,66.0,2.63395,1.0,4.0,64.0,0.22835,0.0,4.79735,0.002783512338617426,0.11961607441485711,0.20765
Deshaun Watson,QB,CLE,PIT,PIT@CLE,True,1.0,,False,19.08855,16.0,22.0,91.0,218.19220207224078,164.58054546106564,261.69810691687826,87.0,1.35985,1.0,2.0,78.0,0.14555,0.1355,0.14555,62,,,,,,,,,,,,,,,,,,0.1355
Isaiah Bond,WR,CLE,PIT,PIT@CLE,True,1.0,,False,,,,,,,,,,,,,0.0,0.04845,0.04935,4,0.0,0.0,0.0,63.0,10.282696351567177,0.0,15.973545761631751,17.0,0.793,0.0,1.0,25.0,0.04935,0.0,1.3188,0.0031591414519928493,0.04102174167680726,0.04845
Denzel Boston,WR,CLE,PIT,PIT@CLE,True,1.0,,False,,,,,,,,,,,,,0.0,0.2221,0.24885,55,0.0,0.0,0.0,95.0,49.17920275177015,20.554143142226888,69.16235599510138,66.0,3.02255,2.0,4.0,75.0,0.24885,0.0,4.64085,0.0031591414519928493,0.1451872475658341,0.2221
Michael Burton,RB,CLE,PIT,PIT@CLE,True,1.0,,False,,,,,,,,,,,,,0.00625,0.0156,0.0157,1,1.0097624757089567,0.0,0.0,61.0,1.8484736839735367,0.0,0.0,61.0,0.23195,0.0,0.0,61.0,0.00945,0.2353,0.30065,0.008298954024434394,0.009953208567108797,0.0156
KC Concepcion,WR,CLE,PIT,PIT@CLE,True,1.0,,False,,,,,,,,,,,,,0.014,0.2954,0.3451,60,2.667169802311157,0.0,2.769177412418644,69.0,50.97309218332183,25.817938697242468,69.12014714213026,75.0,4.33975,3.0,6.0,79.0,0.3311,0.61365,6.6379,0.02209734119714102,0.20796591322232244,0.2954
Malachi Corley,WR,CLE,PIT,PIT@CLE,True,1.0,,False,,,,,,,,,,,,,0.0,0.0198,0.02,1,0.0,0.0,0.0,60.0,5.20577427059734,0.0,5.418541246242214,29.0,0.38765,0.0,1.0,1.0,0.02,0.0,0.5878,0.0031591414519928493,0.018448907381079037,0.0198
Harold Fannin Jr.,TE,CLE,PIT,PIT@CLE,True,1.0,,False,,,,,,,,,,,,,0.0,0.2656,0.30445,57,0.0,0.0,0.0,97.0,46.077666761232166,23.344500991889944,62.625419811854684,71.0,4.35405,3.0,6.0,76.0,0.30445,0.0,6.12985,0.0031591414519928493,0.18909122834304024,0.2656
Jerry Jeudy,WR,CLE,PIT,PIT@CLE,True,1.0,,False,,,,,,,,,,,,,0.0,0.11595,0.12335,14,0.0,0.0,0.0,73.0,28.163726484334877,8.157605738681731,41.140223070466035,38.0,2.16115,1.0,3.0,45.0,0.12335,0.0,3.50115,0.0031591414519928493,0.10966123213441185,0.11595
Quinshon Judkins,RB,CLE,PIT,PIT@CLE,True,1.0,,False,,,,,,,,,,,,,0.40235,0.45385,0.5867,85,51.8992473700626,31.889033655071074,66.40858687037522,80.0,17.464595331718854,5.481107542960679,25.392900171493128,66.0,2.28455,1.0,3.0,74.0,0.18435,14.32565,2.93555,0.5132748925046645,0.09867086556281471,0.45385
Jaleel McLaughlin,RB,CLE,PIT,PIT@CLE,True,1.0,,False,,,,,,,,,,,,,0.0379,0.05145,0.05285,3,8.923458960754305,0.0,12.672692643493914,20.0,2.7327222722032687,0.0,1.473062000520429,46.0,0.3426,0.0,1.0,3.0,0.01495,1.80305,0.4411,0.0639658170434973,0.014508555894653958,0.05145
Carsen Ryan,TE,CLE,PIT,PIT@CLE,True,1.0,,False,,,,,,,,,,,,,0.0,0.00515,0.0052,1,0.0,0.0,0.0,60.0,1.236814710680183,0.0,0.0,60.0,0.1155,0.0,0.0,60.0,0.0052,0.0,0.16115,0.0031591414519928493,0.004900222034082455,0.00515
Raheim Sanders,RB,CLE,PIT,PIT@CLE,True,1.0,,False,,,,,,,,,,,,,0.0556,0.13345,0.1414,21,11.99235078593824,2.596949809035028,16.686722924912118,43.0,14.926241305715571,3.0781066046272088,22.16438005176377,40.0,1.89415,1.0,3.0,47.0,0.0858,2.6736,2.40335,0.09524747652710921,0.08047370751115547,0.13345
Blake Whiteheart,TE,CLE,PIT,PIT@CLE,True,1.0,,False,,,,,,,,,,,,,0.0,0.05205,0.05335,11,0.0,0.0,0.0,65.0,5.76207930441369,0.0,8.02953799371393,23.0,0.5328,0.0,1.0,8.0,0.05335,0.0,0.7378,0.0031591414519928493,0.02288177144498253,0.05205
Daniel Jones,QB,IND,WAS,IND@WAS,True,1.0,,False,19.67965,17.0,22.0,92.0,187.23388248357998,141.1662414698318,224.1083674407388,87.0,1.35625,1.0,2.0,78.0,0.1386,0.127,0.1386,62,,,,,,,,,,,,,,,,,,0.127
Mo Alie-Cox,TE,IND,WAS,IND@WAS,True,0.9479829842591244,Full,False,,,,,,,,,,,,,0.0,0.023320846304015194,0.023637418878277847,2,0.0,0.0,0.0,58.0,4.549349751035135,0.0,5.670694605424288,23.0,0.47406742995831797,0.0,1.0,2.0,0.023637418878277847,0.0,0.7064316994671028,0.0034489121802405683,0.016457358566172902,0.022107765474728695
Keenan Allen,WR,IND,WAS,IND@WAS,True,0.4981574884199691,Questionable; DNP,False,,,,,,,,,,,,,0.0,0.2700472884596036,0.3116007646644532,26,0.0,0.0,0.0,46.0,38.997790167313035,18.522519434984034,53.30676727627403,33.0,3.940839118623604,2.0,5.0,34.0,0.3116007646644532,0.0,6.287051011168126,0.0040237308769473295,0.17596018235274297,0.134526078973659
Deion Burks,WR,IND,WAS,IND@WAS,True,1.0,,False,,,,,,,,,,,,,0.01185,0.03695,0.03775,4,1.5436158676256555,0.0,0.0,63.0,5.939162579585657,0.0,8.067796969180957,22.0,0.5145,0.0,1.0,5.0,0.0259,0.35235,0.817,0.010634145889075085,0.019044891397022243,0.03695
Josh Downs,WR,IND,WAS,IND@WAS,True,1.0,,False,,,,,,,,,,,,,0.0,0.32595,0.3906,66,0.0,0.0,0.0,97.0,52.514250467150475,27.498405205477013,70.89565054031708,75.0,4.9256,3.0,6.0,82.0,0.3906,0.0,7.92695,0.0034489121802405683,0.18505786014031486,0.32595
Ashton Dulin,WR,IND,WAS,IND@WAS,True,0.7549608892548374,Questionable; Full,False,,,,,,,,,,,,,0.0,0.07810853530031613,0.08140147523709168,8,0.0,0.0,0.0,52.0,16.531210665412377,0.0,25.268091660334385,18.0,1.4359852476290833,0.0,2.0,21.0,0.08140147523709168,0.0,2.329886722866175,0.004828477052336796,0.05990410789329066,0.05896888926871952
Anthony Gould,WR,IND,WAS,IND@WAS,True,1.0,,False,,,,,,,,,,,,,0.0,0.0089,0.00895,1,0.0,0.0,0.0,60.0,1.8892681359134011,0.0,0.0,60.0,0.1623,0.0,0.0,60.0,0.00895,0.0,0.2652,0.0040237308769473295,0.00608187588893364,0.0089
Seth McGowan,RB,IND,WAS,IND@WAS,True,1.0,,False,,,,,,,,,,,,,0.26605,0.25575,0.2957,30,23.14544903548419,8.706203374520081,30.564512634567826,44.0,5.084755575119653,0.0,7.633675557608249,27.0,0.7377,0.0,1.0,31.0,0.02965,5.4506,0.9957,0.16897625108702213,0.02289887582914574,0.25575
Andrew Ogletree,TE,IND,WAS,IND@WAS,True,1.0,,False,,,,,,,,,,,,,0.0,0.02005,0.0202,4,0.0,0.0,0.0,63.0,4.061311610471252,0.0,4.355551734204074,31.0,0.4282,0.0,1.0,3.0,0.0202,0.0,0.63485,0.0034489121802405683,0.014919734764024957,0.02005
Jonathan Taylor,RB,IND,WAS,IND@WAS,True,0.9508674235277402,Full,False,,,,,,,,,,,,,0.9386916675445065,0.6959338459917834,1.1214052459707153,84,84.79335786221144,59.21584067900694,105.6042278429482,79.0,24.432179196431488,10.500252352115021,34.01768224474676,68.0,3.4474349520699463,2.0,5.0,70.0,0.18271357842620878,19.674233645844307,4.559517539239439,0.6822637079269377,0.10574547695583532,0.6617408230839583
Laquon Treadwell,WR,IND,WAS,IND@WAS,True,1.0,,False,,,,,,,,,,,,,0.0,0.1188,0.1254,30,0.0,0.0,0.0,78.0,13.88387713522113,0.0,21.53182828144822,31.0,1.156,0.0,2.0,26.0,0.1254,0.0,1.8124,0.0034489121802405683,0.042122482355063814,0.1188
Tyler Warren,TE,IND,WAS,IND@WAS,True,1.0,,False,,,,,,,,,,,,,0.01275,0.33385,0.3983,60,1.4679437424790585,0.0,0.0,97.0,52.24434683602528,29.365339925218557,69.53712615472955,77.0,5.9323,4.0,8.0,80.0,0.38555,0.34305,8.71375,0.01075003675534661,0.20536436169452982,0.33385
Nick Westbrook-Ikhine,WR,IND,WAS,IND@WAS,True,1.0,,False,,,,,,,,,,,,,0.0,0.02605,0.02625,1,0.0,0.0,0.0,60.0,5.427381748761573,0.0,6.724041648339791,23.0,0.4619,0.0,1.0,1.0,0.02625,0.0,0.75455,0.004828477052336796,0.017628819326595314,0.02605
Marcus Mariota,QB,WAS,IND,IND@WAS,True,1.0,,False,19.58805,17.0,22.0,75.0,229.17924268067563,171.52718674456042,275.70291726072884,69.0,1.6969,1.0,2.0,65.0,0.1288,0.1222,0.1288,43,,,,,,,,,,,,,,,,,,0.1222
Kaytron Allen,RB,WAS,IND,IND@WAS,True,1.0,,False,,,,,,,,,,,,,0.0869,0.08725,0.0905,29,8.482542792031577,0.0,11.698246109093786,25.0,0.5224196972090793,0.0,0.0,67.0,0.06815,0.0,0.0,67.0,0.0036,1.88075,0.09895,0.05360105611292911,0.0027043561471170453,0.08725
John Bates,TE,WAS,IND,IND@WAS,True,1.0,,False,,,,,,,,,,,,,0.0,0.0751,0.07845,11,0.0,0.0,0.0,65.0,6.956568173846393,0.0,10.608611165485085,20.0,0.68155,0.0,1.0,21.0,0.07845,0.0,1.0877,0.0024754432439919424,0.027507412384126222,0.0751
Dyami Brown,WR,WAS,IND,IND@WAS,True,1.0,,False,,,,,,,,,,,,,0.0,0.13215,0.14255,25,0.0,0.0,0.0,78.0,20.10331328498353,1.8192283903963307,30.218174597136148,35.0,1.58745,1.0,2.0,59.0,0.14255,0.0,2.84155,0.0024754432439919424,0.07207841759820452,0.13215
Treylon Burks,WR,WAS,IND,IND@WAS,True,1.0,,False,,,,,,,,,,,,,0.0,0.1286,0.13695,14,0.0,0.0,0.0,68.0,19.275427822198385,0.0,29.322303624003794,23.0,1.41955,0.0,2.0,26.0,0.13695,0.0,2.68415,0.0028880171179905996,0.06844322508467017,0.1286
Jacory Croskey-Merritt,RB,WAS,IND,IND@WAS,True,1.0,,False,,,,,,,,,,,,,0.2905,0.3105,0.36835,76,46.63736407168088,27.377128717726446,60.286376127882974,73.0,6.031043134381995,0.0,9.25656269281583,48.0,0.79585,0.0,1.0,56.0,0.07785,11.91215,1.16,0.3376168174555437,0.03242184597118344,0.3105
Stefon Diggs,WR,WAS,IND,IND@WAS,True,1.0,,False,,,,,,,,,,,,,0.0,0.3499,0.421,59,0.0,0.0,0.0,94.0,48.929040209628376,24.262262582818032,66.48412766548762,68.0,4.2362,3.0,6.0,73.0,0.421,0.0,7.26055,0.0024754432439919424,0.18400602354900697,0.3499
Austin Ekeler,RB,WAS,IND,IND@WAS,True,1.0,,False,,,,,,,,,,,,,0.0607,0.08955,0.09375,3,14.796964130260848,3.9232449757385144,20.775701842757538,29.0,4.733386994069577,0.0,6.7430980878920455,20.0,0.61605,0.0,1.0,14.0,0.03305,2.97495,0.9044,0.08464890542951037,0.025360374483649403,0.08955
Jaylin Lane,WR,WAS,IND,IND@WAS,True,1.0,,False,,,,,,,,,,,,,0.0,0.0503,0.05155,3,0.0,0.0,0.0,63.0,9.480209822024266,0.0,14.565652172763293,17.0,0.7356,0.0,1.0,22.0,0.05155,0.0,1.33695,0.0024754432439919424,0.034286676106973876,0.0503
Luke McCaffrey,WR,WAS,IND,IND@WAS,True,1.0,,False,,,,,,,,,,,,,0.0,0.05615,0.0573,1,0.0,0.0,0.0,60.0,11.320882849023013,0.0,17.429796748672217,14.0,0.87615,0.0,1.0,26.0,0.0573,0.0,1.50175,0.004332025676985899,0.03825980806377789,0.05615
Terry McLaurin,WR,WAS,IND,IND@WAS,True,0.6667342299285288,Questionable; Limited,False,,,,,,,,,,,,,0.0,0.2744862756862157,0.3126593670316484,29,0.0,0.0,0.0,60.0,47.542906985737346,20.979925320870272,66.3859883328567,41.0,3.3259337033148344,2.0,5.0,42.0,0.3126593670316484,0.0,6.012974351282436,0.0028880171179905996,0.17636925054622415,0.1830093956455989
Chig Okonkwo,TE,WAS,IND,IND@WAS,True,0.9575230478992892,Limited,False,,,,,,,,,,,,,0.0,0.15394262423577362,0.16690181324136488,8,0.0,0.0,0.0,65.0,27.95199003845498,10.356318132694236,39.337863610363826,35.0,2.76788420337566,1.0,4.0,34.0,0.16690181324136488,0.0,4.433819302921043,0.0034656205415887196,0.11243476927075288,0.14740361075985295
Craig Reynolds,RB,WAS,IND,IND@WAS,True,1.0,,False,,,,,,,,,,,,,0.0248,0.02735,0.02755,1,4.963003958132677,0.0,6.508846127523161,21.0,0.4873110794058006,0.0,0.0,61.0,0.06185,0.0,0.0,61.0,0.00275,1.07365,0.09115,0.030879145394776174,0.002569512904324506,0.02735
Ben Sinnott,TE,WAS,IND,IND@WAS,True,0.9575230478992892,Limited,False,,,,,,,,,,,,,0.0,0.02510460251046025,0.025418410041841005,3,0.0,0.0,0.0,60.0,4.414996553296688,0.0,5.000499421832551,28.0,0.4315899581589958,0.0,1.0,3.0,0.025418410041841005,0.0,0.6869246861924686,0.0024754432439919424,0.01723481115978686,0.024038235512116046
Antonio Williams,WR,WAS,IND,IND@WAS,True,1.0,,False,,,,,,,,,,,,,0.0,0.23215,0.25825,39,0.0,0.0,0.0,86.0,32.07377410500898,11.621296976273575,45.96431228227423,54.0,2.6135,1.0,4.0,51.0,0.25825,0.0,4.5413,0.0024754432439919424,0.11611493368533124,0.23215
Colson Yankoff,TE,WAS,IND,IND@WAS,True,1.0,,False,,,,,,,,,,,,,0.0,0.0248,0.025,6,0.0,0.0,0.0,65.0,4.191897427670726,0.0,4.352262094679817,34.0,0.4058,0.0,1.0,5.0,0.025,0.0,0.6619,0.0024754432439919424,0.016487898761306075,0.0248
Cam Ward,QB,TEN,BAL,TEN@BAL,True,1.0,,False,20.3564,17.0,23.0,91.0,206.83751407196237,157.9047502047103,246.58493833655294,87.0,0.95265,0.0,1.0,69.0,0.11995,0.11215,0.11995,62,,,,,,,,,,,,,,,,,,0.11215
Elic Ayomanor,WR,TEN,BAL,TEN@BAL,True,1.0,,False,,,,,,,,,,,,,0.0,0.175,0.1911,45,0.0,0.0,0.0,76.0,31.417738639490224,10.490070647329162,45.40200180745301,43.0,2.3942,1.0,3.0,51.0,0.1911,0.0,4.20065,0.0034032966473759173,0.11952025434403818,0.175
Daniel Bellinger,TE,TEN,BAL,TEN@BAL,True,1.0,,False,,,,,,,,,,,,,0.0,0.0294,0.02965,9,0.0,0.0,0.0,68.0,8.131920734168276,0.0,12.5077466395953,22.0,0.8753,0.0,1.0,34.0,0.02965,0.0,1.28845,0.0034032966473759173,0.0386962689363568,0.0294
Julius Chestnut,RB,TEN,BAL,TEN@BAL,True,1.0,,False,,,,,,,,,,,,,0.0074,0.00995,0.01,1,1.437830708486714,0.0,0.0,60.0,0.6016894455812737,0.0,0.0,60.0,0.08455,0.0,0.0,60.0,0.0026,0.33715,0.1136,0.011639165073220558,0.003375947687650576,0.00995
Chimere Dike,WR,TEN,BAL,TEN@BAL,True,1.0,,False,,,,,,,,,,,,,0.0,0.04495,0.0462,5,0.0,0.0,0.0,65.0,13.71361740065807,0.0,20.707105631156473,20.0,1.39225,0.0,2.0,22.0,0.0462,0.0,2.1974,0.0034032966473759173,0.06170382132071537,0.04495
Gunnar Helm,TE,TEN,BAL,TEN@BAL,True,1.0,,False,,,,,,,,,,,,,0.0,0.1332,0.1427,38,0.0,0.0,0.0,79.0,24.305661321232858,9.253635197622538,34.53692335333345,48.0,2.7702,1.0,4.0,47.0,0.1427,0.0,3.97195,0.0034032966473759173,0.11777973363272605,0.1332
Tony Pollard,RB,TEN,BAL,TEN@BAL,True,0.9508674235277402,Full,False,,,,,,,,,,,,,0.5196713540843735,0.44988676462842997,0.577711065465845,84,63.53954227918721,40.9806911297283,80.57444678049801,77.0,12.710891806658811,3.03568500860755,18.74072779335951,60.0,1.967504081740138,1.0,3.0,66.0,0.058039711381471536,14.95328382577553,2.630747353452362,0.5658595986309986,0.07578772794743012,0.4277826687614661
Calvin Ridley,WR,TEN,BAL,TEN@BAL,True,1.0,,False,,,,,,,,,,,,,0.0,0.06085,0.063,9,0.0,0.0,0.0,68.0,21.24659261795908,3.9770295235213395,31.628752829921638,29.0,1.75455,1.0,3.0,34.0,0.063,0.0,3.009,0.0034032966473759173,0.08509358606863238,0.06085
Wan'Dale Robinson,WR,TEN,BAL,TEN@BAL,True,1.0,,False,,,,,,,,,,,,,0.00585,0.20835,0.23115,62,0.9859059166202907,0.0,0.0,97.0,41.86984289808435,20.887286001122792,57.26964846093807,71.0,4.2011,3.0,6.0,75.0,0.2253,0.22805,6.66835,0.007766497477345042,0.1876951431409486,0.20835
Nicholas Singleton,RB,TEN,BAL,TEN@BAL,True,1.0,,False,,,,,,,,,,,,,0.05985,0.0619,0.0641,16,10.062191892171464,1.3826635232889815,13.070758495256804,30.0,0.9983974755486059,0.0,0.0,65.0,0.1425,0.0,0.0,65.0,0.00425,2.52765,0.1929,0.08912936792522247,0.005568787615294937,0.0619
Tyjae Spears,RB,TEN,BAL,TEN@BAL,True,0.7075836643559986,Questionable; Full,False,,,,,,,,,,,,,0.12530816369655562,0.1620060576178066,0.17820666337958724,23,22.76679739051603,9.337956533393143,30.84751256480336,36.0,12.179655034553548,2.3639009295638225,18.088020375184414,29.0,1.8219342114531238,1.0,3.0,33.0,0.052898499683031626,5.361837007818553,2.362541381982109,0.2037300701717431,0.07375069902724024,0.11463283989707664
Carnell Tate,WR,TEN,BAL,TEN@BAL,True,1.0,,False,,,,,,,,,,,,,0.0,0.1827,0.20115,50,0.0,0.0,0.0,97.0,58.59044097337597,32.00845306826332,78.35236836508786,76.0,5.04475,3.0,7.0,76.0,0.20115,0.0,8.0455,0.0034032966473759173,0.2267606581893331,0.1827
Lamar Jackson,QB,BAL,TEN,TEN@BAL,True,0.98,Full,False,18.314971895758813,15.0,21.0,88.0,212.183325125759,156.80413507750447,256.6510601159231,84.0,1.4670413898824732,1.0,2.0,78.0,0.19207971384772612,0.17516607051609606,0.19207971384772612,60,,,,,,,,,,,,,,,,,,0.17166274910577414
Rasheen Ali,RB,BAL,TEN,TEN@BAL,True,1.0,,False,,,,,,,,,,,,,0.0153,0.03835,0.039,1,2.0271886794434244,0.0,1.2951944333963135,41.0,3.3651295152355467,0.0,3.8974845021157263,25.0,0.4495,0.0,1.0,1.0,0.0237,0.49235,0.55155,0.014580223883062873,0.015559063618153094,0.03835
Mark Andrews,TE,BAL,TEN,TEN@BAL,True,0.9479829842591244,Full,False,,,,,,,,,,,,,0.0,0.32329953527672156,0.38550908322771443,56,0.0,0.0,0.0,93.0,46.66373460004081,23.887642652383693,63.55403217468576,69.0,4.888096746937051,3.0,6.0,76.0,0.38550908322771443,0.0,6.528569919729615,0.0033505810797807047,0.18896138485415612,0.30648245826121456
Rashod Bateman,WR,BAL,TEN,TEN@BAL,True,1.0,,False,,,,,,,,,,,,,0.0,0.22895,0.25725,37,0.0,0.0,0.0,84.0,37.516610398216955,13.729095341658741,53.5316798017945,52.0,2.81925,1.0,4.0,52.0,0.25725,0.0,4.2615,0.0033505810797807047,0.11304039849100514,0.22895
Josh Cuevas,TE,BAL,TEN,TEN@BAL,True,1.0,,False,,,,,,,,,,,,,0.0,0.0129,0.01305,2,0.0,0.0,0.0,62.0,2.4355400838682963,0.0,0.0,62.0,0.24325,0.0,0.0,62.0,0.01305,0.0,0.3258,0.0033505810797807047,0.009294297494993331,0.0129
Zay Flowers,WR,BAL,TEN,TEN@BAL,True,0.6667342299285288,Questionable; Limited,False,,,,,,,,,,,,,0.008688487753726312,0.3951014905250543,0.49194816867650365,40,1.052401242503277,0.0,0.0,63.0,87.03833685152115,49.23558745946158,115.42763910202606,48.0,5.561530971462812,4.0,7.0,53.0,0.4832596809227773,0.2509175342670961,7.618006141862033,0.007337968505133763,0.24387230716373148,0.263427688028836
Derrick Henry,RB,BAL,TEN,TEN@BAL,True,1.0,,False,,,,,,,,,,,,,1.0748,0.70445,1.15075,85,86.05460003788224,60.11730482900944,107.13475588938597,83.0,10.174784467589564,0.0,15.403476748333674,54.0,1.3913,0.0,2.0,57.0,0.07595,20.6123,1.7201,0.6096151480726455,0.047920297792953204,0.70445
Matthew Hibner,TE,BAL,TEN,TEN@BAL,True,1.0,,False,,,,,,,,,,,,,0.0,0.07645,0.07955,14,0.0,0.0,0.0,68.0,7.98174365773671,0.0,12.240064129289117,22.0,0.77435,0.0,1.0,29.0,0.07955,0.0,1.0239,0.0033505810797807047,0.028866262668102594,0.07645
Justice Hill,RB,BAL,TEN,TEN@BAL,True,1.0,,False,,,,,,,,,,,,,0.10545,0.1735,0.19065,19,13.487745761293958,3.491745123947315,18.437054837160463,44.0,12.360824157262044,0.6702278425866074,18.390304051903055,34.0,1.61375,1.0,2.0,59.0,0.0852,3.2134,1.9642,0.09454470175228535,0.05464796245885075,0.1735
Chris Moore,WR,BAL,TEN,TEN@BAL,True,0.6667342299285288,Questionable; Limited,False,,,,,,,,,,,,,0.0,0.13457929895669143,0.14366133753659086,11,0.0,0.0,0.0,46.0,20.45469072129742,0.0,30.90977430897172,16.0,1.5316370186894843,0.0,2.0,20.0,0.14366133753659086,0.0,2.3119417548600163,0.0039090112597441554,0.06779387238461833,0.08972862525421092
Elijah Sarratt,WR,BAL,TEN,TEN@BAL,True,1.0,,False,,,,,,,,,,,,,0.0,0.07305,0.0751,2,0.0,0.0,0.0,62.0,15.437698035988017,0.0,23.96396746120176,16.0,1.23715,0.0,2.0,14.0,0.0751,0.0,1.8089,0.005863516889616232,0.04788492639190103,0.07305
Durham Smythe,TE,BAL,TEN,TEN@BAL,True,0.9479829842591244,Full,False,,,,,,,,,,,,,0.0,0.05526024946055471,0.05673385611283616,9,0.0,0.0,0.0,60.0,3.445058383581341,0.0,1.5114418997745473,47.0,0.34756065470238406,0.0,1.0,3.0,0.05673385611283616,0.0,0.4641334666596495,0.0033505810797807047,0.013433887728135368,0.052385776194520325
Devontez Walker,WR,BAL,TEN,TEN@BAL,True,1.0,,False,,,,,,,,,,,,,0.0,0.05895,0.06015,9,0.0,0.0,0.0,68.0,13.25917402297227,0.0,20.368591270040806,22.0,0.9552,0.0,1.0,37.0,0.06015,0.0,1.4143,0.0039090112597441554,0.03731054551729006,0.05895
LaJohntay Wester,WR,BAL,TEN,TEN@BAL,True,1.0,,False,,,,,,,,,,,,,0.0,0.02585,0.02625,7,0.0,0.0,0.0,66.0,5.27773930278862,0.0,5.750093149716555,34.0,0.42565,0.0,1.0,6.0,0.02625,0.0,0.61735,0.0033505810797807047,0.016153341357279926,0.02585
Drake Maye,QB,NE,BUF,NE@BUF,True,0.98,Full,False,19.13747262262517,16.0,22.0,89.0,228.65020245045537,171.29247478697607,274.6800571462884,85.0,1.565272755055264,1.0,2.0,79.0,0.14358478072632813,0.13630112565578362,0.14358478072632813,60,,,,,,,,,,,,,,,,,,0.13357510314266793
Efton Chism III,WR,NE,BUF,NE@BUF,True,1.0,,False,,,,,,,,,,,,,0.0,0.0822,0.08505,18,0.0,0.0,0.0,71.0,11.007101711587119,0.0,17.048244889232592,25.0,0.8485,0.0,1.0,36.0,0.08505,0.0,1.4258,0.003499168491966171,0.03645230699516258,0.0822
Romeo Doubs,WR,NE,BUF,NE@BUF,True,1.0,,False,,,,,,,,,,,,,0.0,0.31895,0.3804,57,0.0,0.0,0.0,92.0,57.933647082351264,28.11707779445245,79.40471041103878,65.0,3.944,2.0,5.0,69.0,0.3804,0.0,6.6353,0.002999287278828147,0.16788266977106447,0.31895
DeMario Douglas,WR,NE,BUF,NE@BUF,True,1.0,,False,,,,,,,,,,,,,0.0,0.2066,0.23005,41,0.0,0.0,0.0,87.0,32.52673356929093,11.36305219471824,46.47159352427981,55.0,2.49185,1.0,3.0,63.0,0.23005,0.0,4.18635,0.002999287278828147,0.106385942012053,0.2066
Reggie Gilliam,RB,NE,BUF,NE@BUF,True,0.6469461218980005,Questionable; Limited,False,,,,,,,,,,,,,0.0,0.019076305220883535,0.019230769230769232,2,0.0,0.0,0.0,41.0,2.8210728504296165,0.0,2.1388223191423927,26.0,0.36105962310781586,0.0,1.0,2.0,0.019230769230769232,0.0,0.5105807846771703,0.0030218523112235116,0.01456980222303602,0.012341341682793184
TreVeyon Henderson,RB,NE,BUF,NE@BUF,True,1.0,,False,,,,,,,,,,,,,0.2935,0.2982,0.3494,43,48.50997780511094,29.422775434632165,62.08532217414487,69.0,8.827037841054644,0.0,13.503988304682165,43.0,1.16195,0.0,2.0,38.0,0.0559,11.72325,1.59675,0.39146713209197664,0.04155424563554903,0.2982
Hunter Henry,TE,NE,BUF,NE@BUF,True,1.0,,False,,,,,,,,,,,,,0.0,0.18705,0.2049,32,0.0,0.0,0.0,84.0,35.82875742507378,15.236698649626513,49.83346723005893,55.0,3.14835,2.0,4.0,65.0,0.2049,0.0,4.82715,0.002999287278828147,0.1384559137814865,0.18705
Mack Hollins,WR,NE,BUF,NE@BUF,True,1.0,,False,,,,,,,,,,,,,0.0,0.2997,0.35185,57,0.0,0.0,0.0,92.0,47.19061466092445,21.07270564932534,65.78636639596793,63.0,3.48925,2.0,5.0,66.0,0.35185,0.0,5.59365,0.002999287278828147,0.1412286434015457,0.2997
Corey Kiner,RB,NE,BUF,NE@BUF,True,1.0,,False,,,,,,,,,,,,,0.0649,0.0724,0.0753,12,11.045626886994404,2.3953916849355705,14.710211163994627,37.0,1.7083799141300646,0.0,0.0,71.0,0.2121,0.0,0.0,71.0,0.0104,2.90865,0.29425,0.0968969694497785,0.0076054612021585885,0.0724
Lan Larison,RB,NE,BUF,NE@BUF,True,1.0,,False,,,,,,,,,,,,,0.00415,0.04385,0.0449,2,0.7221161905899374,0.0,0.0,62.0,6.516002219624438,0.0,10.09830465425717,15.0,0.8282,0.0,1.0,26.0,0.04075,0.15985,1.15485,0.005221600846862721,0.030049996242021704,0.04385
Cameron Latu,TE,NE,BUF,NE@BUF,True,1.0,,False,,,,,,,,,,,,,0.0,0.00255,0.00255,1,0.0,0.0,0.0,60.0,0.3332171628292427,0.0,0.0,60.0,0.03125,0.0,0.0,60.0,0.00255,0.0,0.0497,0.002999287278828147,0.0015760740921569342,0.00255
Eli Raridon,TE,NE,BUF,NE@BUF,True,0.6667342299285288,Questionable; Limited,False,,,,,,,,,,,,,0.0,0.08747855917667238,0.09172943545379969,12,0.0,0.0,0.0,44.0,5.4064210119739595,0.0,7.530932980634501,16.0,0.505108509210232,0.0,1.0,5.0,0.09172943545379969,0.0,0.7747035573122529,0.003499168491966171,0.024336736714599332,0.0583249497879159
Rhamondre Stevenson,RB,NE,BUF,NE@BUF,True,1.0,,False,,,,,,,,,,,,,0.2345,0.31855,0.375,55,34.089357423076294,17.911190916007058,44.77941069809526,76.0,24.816240015385258,9.18823845449942,35.33139448451795,68.0,2.8407,1.0,4.0,68.0,0.1405,8.362,3.8604,0.2787494754744057,0.10072983615160054,0.31855
Kyle Williams,WR,NE,BUF,NE@BUF,True,1.0,,False,,,,,,,,,,,,,0.0,0.0625,0.06395,12,0.0,0.0,0.0,71.0,12.875407576909144,0.0,19.806995327915505,25.0,0.92815,0.0,1.0,39.0,0.06395,0.0,1.6874,0.002999287278828147,0.04207383967008675,0.0625
Josh Allen,QB,BUF,NE,NE@BUF,True,1.0,,False,18.48715,16.0,21.0,92.0,226.68894173947797,169.47042037828066,272.7831857379946,86.0,1.3407,1.0,2.0,78.0,0.3983,0.33485,0.3983,62,,,,,,,,,,,,,,,,,,0.33485
Keon Coleman,WR,BUF,NE,NE@BUF,True,0.9575230478992892,Limited,False,,,,,,,,,,,,,0.0,0.17167135856532165,0.1867375664685643,37,0.0,0.0,0.0,82.0,35.91783054744379,13.085177492502307,51.160291728579686,52.0,2.5861745386299657,1.0,4.0,49.0,0.1867375664685643,0.0,4.067146282973621,0.003392941625850868,0.1301267530969299,0.16437928249047853
James Cook,RB,BUF,NE,NE@BUF,True,1.0,,False,,,,,,,,,,,,,0.89055,0.6584,1.01995,85,92.77377940606605,65.4300201517897,114.86451242008954,84.0,14.299648276942293,2.527674672483783,21.215843860570317,61.0,1.74805,1.0,3.0,66.0,0.1294,16.68295,2.35265,0.5745358041937717,0.07355259779299152,0.6584
Ray Davis,RB,BUF,NE,NE@BUF,True,0.6469461218980005,Questionable; Limited,False,,,,,,,,,,,,,0.06000308499151627,0.07064630572265926,0.07357704766311893,2,6.931265704313841,0.0,9.490243793617273,14.0,2.4403531340286357,0.0,0.0,41.0,0.30163504550362485,0.0,0.0,41.0,0.013573962671602654,1.5199753200678698,0.4107666203917939,0.05343878027049583,0.01374792486684495,0.04570435351369492
Greg Dortch,WR,BUF,NE,NE@BUF,True,1.0,,False,,,,,,,,,,,,,0.0,0.02325,0.0234,1,0.0,0.0,0.0,60.0,5.109363973100455,0.0,5.614235998077957,27.0,0.41645,0.0,1.0,1.0,0.0234,0.0,0.64085,0.003392941625850868,0.020426963710725405,0.02325
Frank Gore Jr.,RB,BUF,NE,NE@BUF,True,1.0,,False,,,,,,,,,,,,,0.0409,0.04435,0.04535,1,4.541888923046348,0.0,6.0295744671473095,21.0,0.9753257314147857,0.0,0.0,61.0,0.1223,0.0,0.0,61.0,0.00445,1.04085,0.1658,0.035398489107721476,0.005049536016710262,0.04435
Jackson Hawes,TE,BUF,NE,NE@BUF,True,1.0,,False,,,,,,,,,,,,,0.0,0.0189,0.0192,2,0.0,0.0,0.0,62.0,4.304292882282121,0.0,4.326826745242427,31.0,0.40015,0.0,1.0,2.0,0.0192,0.0,0.5923,0.003392941625850868,0.020000343307203145,0.0189
Ty Johnson,RB,BUF,NE,NE@BUF,True,1.0,,False,,,,,,,,,,,,,0.10995,0.1995,0.22045,19,12.18422854017331,2.7506231815969526,16.718057263885875,33.0,16.5082042844803,3.247767205367433,24.426283680848258,29.0,1.8194,1.0,3.0,34.0,0.1105,2.78505,2.50465,0.09494932660053809,0.07891110438646139,0.1995
Dalton Kincaid,TE,BUF,NE,NE@BUF,True,1.0,,False,,,,,,,,,,,,,0.0,0.16775,0.18235,39,0.0,0.0,0.0,90.0,42.25942460142438,18.39245291240351,59.21508994702357,61.0,3.2859,2.0,4.0,72.0,0.18235,0.0,4.74395,0.003392941625850868,0.16248131867061974,0.16775
Dawson Knox,TE,BUF,NE,NE@BUF,True,1.0,,False,,,,,,,,,,,,,0.00865,0.10155,0.1066,22,0.8931339793685558,0.0,0.0,70.0,12.724550780926416,0.0,19.38496260028928,24.0,1.1563,0.0,2.0,18.0,0.09795,0.1987,1.6998,0.006820155389336594,0.05831967232573491,0.10155
Keleki Latu,TE,BUF,NE,NE@BUF,True,1.0,,False,,,,,,,,,,,,,0.0,0.00395,0.00405,1,0.0,0.0,0.0,60.0,0.7722387443680052,0.0,0.0,60.0,0.0712,0.0,0.0,60.0,0.00405,0.0,0.1065,0.003392941625850868,0.00375454697026336,0.00395
DJ Moore,WR,BUF,NE,NE@BUF,True,0.9575230478992892,Limited,False,,,,,,,,,,,,,0.014745098039215686,0.22990849673202615,0.2593464052287582,50,1.492372745083129,0.0,0.0,88.0,43.10001332288098,17.36320428536568,60.930501479208466,59.0,2.9976470588235293,2.0,4.0,69.0,0.24460130718954248,0.34912418300653597,4.965385620915033,0.012189456952130896,0.15987487467626524,0.22014268452879346
Josh Palmer,WR,BUF,NE,NE@BUF,True,1.0,,False,,,,,,,,,,,,,0.0,0.0799,0.08285,16,0.0,0.0,0.0,74.0,21.534170240811466,0.0,32.56996523729199,29.0,1.39695,0.0,2.0,31.0,0.08285,0.0,2.3701,0.003392941625850868,0.07456817171400026,0.0799
Khalil Shakir,WR,BUF,NE,NE@BUF,True,1.0,,False,,,,,,,,,,,,,0.0,0.28665,0.3325,68,0.0,0.0,0.0,97.0,47.2506913450737,22.747423641639216,65.09566567763397,70.0,3.85575,2.0,5.0,73.0,0.3325,0.0,6.019,0.003392941625850868,0.19028190712246992,0.28665
Geno Smith,QB,NYJ,CHI,NYJ@CHI,True,1.0,,False,18.69745,16.0,21.0,92.0,224.89840697497976,170.27042726464535,269.4147489321459,87.0,1.0727,0.0,2.0,44.0,0.11265,0.1077,0.11265,62,,,,,,,,,,,,,,,,,,0.1077
Braelon Allen,RB,NYJ,CHI,NYJ@CHI,True,1.0,,False,,,,,,,,,,,,,0.4446,0.48575,0.64265,78,72.27179221718542,49.0294027340459,90.57852409790898,74.0,15.526725536439242,2.6822526740315724,23.121588738674532,52.0,1.8644,1.0,3.0,59.0,0.19805,16.54705,2.47555,0.31097232225564514,0.04619038262928906,0.48575
Andrew Beck,RB,NYJ,CHI,NYJ@CHI,True,1.0,,False,,,,,,,,,,,,,0.0166,0.02435,0.02475,1,2.737832930247685,0.0,2.2712772153786336,35.0,1.9238648457064607,0.0,0.0,60.0,0.219,0.0,0.0,60.0,0.00815,0.5875,0.2956,0.011038045941153147,0.0056047981885137006,0.02435
Isaiah Davis,RB,NYJ,CHI,NYJ@CHI,True,1.0,,False,,,,,,,,,,,,,0.02215,0.0454,0.04615,1,3.9056918091861275,0.0,4.6821173391243525,24.0,5.773243729006705,0.0,8.325029123416494,17.0,0.6461,0.0,1.0,14.0,0.024,0.7912,0.8709,0.015156307452448666,0.01626507465792667,0.0454
Malik McClain,WR,NYJ,CHI,NYJ@CHI,True,1.0,,False,,,,,,,,,,,,,0.0,0.00625,0.00625,1,0.0,0.0,0.0,60.0,2.2423860965074356,0.0,0.0,60.0,0.1526,0.0,0.0,60.0,0.00625,0.0,0.24,0.004342407155705016,0.004790164406357162,0.00625
Kene Nwangwu,RB,NYJ,CHI,NYJ@CHI,True,0.9508674235277402,Full,False,,,,,,,,,,,,,0.009505803266635155,0.01460007352555013,0.01460007352555013,1,1.9078308866595877,0.0,0.0,57.0,1.2155104494435685,0.0,0.0,57.0,0.14489785200357125,0.0,0.0,57.0,0.005094270258914973,0.40680636521191116,0.19127146683472507,0.007542050653743224,0.00356818044386148,0.013882734296555422
Jamaal Pritchett,WR,NYJ,CHI,NYJ@CHI,True,1.0,,False,,,,,,,,,,,,,0.0,0.00525,0.0053,1,0.0,0.0,0.0,60.0,1.9852919939822233,0.0,0.0,60.0,0.13945,0.0,0.0,60.0,0.0053,0.0,0.21895,0.00542800894463127,0.004350927877746556,0.00525
Jeremy Ruckert,TE,NYJ,CHI,NYJ@CHI,True,0.9479829842591244,Full,False,,,,,,,,,,,,,0.0,0.12557919123841618,0.1333719460825611,24,0.0,0.0,0.0,69.0,14.946100573350751,0.0,22.829466386379288,26.0,1.4169650379106993,0.0,2.0,29.0,0.1333719460825611,0.0,1.99589300758214,0.003101719396932155,0.041961152678637995,0.11904693647104106
Kenyon Sadiq,TE,NYJ,CHI,NYJ@CHI,True,0.6667342299285288,Questionable; Limited,False,,,,,,,,,,,,,0.04743436754176611,0.19809069212410502,0.21986873508353222,25,1.482652727796968,0.0,0.0,59.0,48.222132783436265,23.498536711116877,65.78305801056783,42.0,4.1180638424821,3.0,5.0,49.0,0.1724343675417661,0.31145584725536996,6.016930190930788,0.005752761616532287,0.14398590720008275,0.13207384506937445
Sterling Shepard,WR,NYJ,CHI,NYJ@CHI,True,1.0,,False,,,,,,,,,,,,,0.0,0.10425,0.1095,8,0.0,0.0,0.0,63.0,22.046205928973375,1.9453120825055799,33.104742453477016,20.0,1.66505,1.0,2.0,45.0,0.1095,0.0,2.6012,0.004342407155705016,0.05193660299887978,0.10425
Isaiah Williams,WR,NYJ,CHI,NYJ@CHI,True,1.0,,False,,,,,,,,,,,,,0.0099,0.15885,0.17155,27,1.739480284059934,0.0,0.0,79.0,37.948034293549476,14.914021551042923,53.43345030744911,49.0,3.0465,2.0,4.0,60.0,0.16165,0.36705,4.60955,0.006931002603021234,0.09227384790988157,0.15885
Garrett Wilson,WR,NYJ,CHI,NYJ@CHI,True,1.0,,False,,,,,,,,,,,,,0.0,0.2945,0.34505,50,0.0,0.0,0.0,97.0,99.82429701943951,60.894761909944236,129.11525480845103,79.0,7.55375,5.0,10.0,80.0,0.34505,0.0,11.7434,0.003101719396932155,0.23573209362519917,0.2945
Jelani Woods,TE,NYJ,CHI,NYJ@CHI,True,1.0,,False,,,,,,,,,,,,,0.0,0.0181,0.01825,4,0.0,0.0,0.0,63.0,5.439723861412236,0.0,6.770666186675681,26.0,0.4703,0.0,1.0,3.0,0.01825,0.0,0.68405,0.003101719396932155,0.014217229347736083,0.0181
Tyson Bagent,QB,CHI,NYJ,NYJ@CHI,True,1.0,,False,19.45395,16.0,22.0,67.0,201.11726677226318,149.81116596461212,241.89779618447167,62.0,1.3929,1.0,2.0,54.0,0.20075,0.1821,0.20075,35,,,,,,,,,,,,,,,,,,0.1821
Luther Burden III,WR,CHI,NYJ,NYJ@CHI,True,1.0,,False,,,,,,,,,,,,,0.0128,0.2721,0.3133,76,1.7665001577401396,0.0,0.0,94.0,42.69619251509296,20.17578225813071,58.97410275462234,67.0,3.7652,2.0,5.0,70.0,0.3005,0.3808,5.6134,0.010494882669346561,0.19078742471437515,0.2721
Kaden Davis,WR,CHI,NYJ,NYJ@CHI,True,1.0,,False,,,,,,,,,,,,,0.0,0.00855,0.00855,1,0.0,0.0,0.0,60.0,2.0990310732423607,0.0,0.0,60.0,0.1818,0.0,0.0,60.0,0.00855,0.0,0.2853,0.005363341994079816,0.009573433962276123,0.00855
Roschon Johnson,RB,CHI,NYJ,NYJ@CHI,True,1.0,,False,,,,,,,,,,,,,0.0451,0.07415,0.0766,20,4.015106730438316,0.0,4.940535286524936,26.0,1.7165932996593205,0.0,0.0,63.0,0.25855,0.0,0.0,63.0,0.0315,0.88065,0.3416,0.02354508875885919,0.011284707157814879,0.07415
Cole Kmet,TE,CHI,NYJ,NYJ@CHI,True,1.0,,False,,,,,,,,,,,,,0.0,0.06655,0.06845,10,0.0,0.0,0.0,70.0,12.466559209619406,0.0,18.960912904527717,24.0,1.31445,0.0,2.0,24.0,0.06845,0.0,1.94805,0.003064766853759895,0.07042647932975149,0.06655
Colston Loveland,TE,CHI,NYJ,NYJ@CHI,True,1.0,,False,,,,,,,,,,,,,0.0,0.2293,0.25885,60,0.0,0.0,0.0,84.0,28.995944670751168,12.026882400903435,40.79960964498559,55.0,3.08475,2.0,4.0,65.0,0.25885,0.0,4.4526,0.003064766853759895,0.16126204877221192,0.2293
Kyle Monangai,RB,CHI,NYJ,NYJ@CHI,True,1.0,,False,,,,,,,,,,,,,0.54845,0.46655,0.6136,81,55.25473616499943,32.66709778703893,71.68314639747078,73.0,6.669278570928886,0.0,10.271483100957099,48.0,0.98415,0.0,2.0,34.0,0.06515,10.37135,1.3582,0.28303593843613295,0.04656533559162238,0.46655
Rome Odunze,WR,CHI,NYJ,NYJ@CHI,True,1.0,,False,,,,,,,,,,,,,0.0,0.2011,0.22335,41,0.0,0.0,0.0,87.0,45.55956793991162,20.417233165684173,63.30360396757162,59.0,3.41945,2.0,5.0,61.0,0.22335,0.0,5.56325,0.003064766853759895,0.19009910417067508,0.2011
Kalif Raymond,WR,CHI,NYJ,NYJ@CHI,True,1.0,,False,,,,,,,,,,,,,0.0,0.2038,0.2269,56,0.0,0.0,0.0,91.0,32.90862064424552,13.948282757785085,46.34554931601507,62.0,3.1325,2.0,4.0,72.0,0.2269,0.0,4.52595,0.003064766853759895,0.15331887716269374,0.2038
Sam Roush,TE,CHI,NYJ,NYJ@CHI,True,1.0,,False,,,,,,,,,,,,,0.0,0.0457,0.0467,13,0.0,0.0,0.0,67.0,5.832280178276919,0.0,8.738812663634242,22.0,0.63285,0.0,1.0,19.0,0.0467,0.0,0.90845,0.003064766853759895,0.03251259118366673,0.0457
D'Andre Swift,RB,CHI,NYJ,NYJ@CHI,True,0.9508674235277402,Full,False,,,,,,,,,,,,,0.7106964520367937,0.5758212877792378,0.8181340341655716,77,72.02319936369058,47.71189920071534,90.63399029547217,72.0,14.059302230075456,3.5529283421645657,20.700514885541743,55.0,1.9765571616294348,1.0,3.0,61.0,0.10743758212877792,14.96431011826544,2.631222076215506,0.4219069698864568,0.08955285868227841,0.5475297043230692
Zavion Thomas,WR,CHI,NYJ,NYJ@CHI,True,1.0,,False,,,,,,,,,,,,,0.0,0.0125,0.01265,1,0.0,0.0,0.0,61.0,2.5963042321835053,0.0,0.0,61.0,0.2365,0.0,0.0,61.0,0.01265,0.0,0.36385,0.003064766853759895,0.012153866782092057,0.0125
Jahdae Walker,WR,CHI,NYJ,NYJ@CHI,True,1.0,,False,,,,,,,,,,,,,0.0,0.0431,0.04385,7,0.0,0.0,0.0,61.0,5.58003416716602,0.0,7.516119235889144,21.0,0.50055,0.0,1.0,1.0,0.04385,0.0,0.77235,0.003064766853759895,0.025826891116866826,0.0431
Trevor Lawrence,QB,JAX,CIN,JAX@CIN,True,1.0,,False,17.4586,15.0,20.0,91.0,213.58498304709843,158.68315746089655,256.91208049341714,86.0,1.687,1.0,2.0,82.0,0.0885,0.08525,0.0885,62,,,,,,,,,,,,,,,,,,0.08525
Ameer Abdullah,RB,JAX,CIN,JAX@CIN,True,1.0,,False,,,,,,,,,,,,,0.05385,0.11555,0.12165,17,8.996041659185217,0.48387392614996094,12.351501992499024,31.0,5.165932519135294,0.0,7.662916411232931,26.0,0.6649,0.0,1.0,26.0,0.0678,1.94425,0.8781,0.06508261724990548,0.031296401557482964,0.11555
LeQuint Allen Jr.,RB,JAX,CIN,JAX@CIN,True,0.9951309141019752,Limited,False,,,,,,,,,,,,,0.009749723590310583,0.06714242637451,0.06930344758267162,10,1.4796426985929798,0.0,0.0,64.0,3.8821800943155464,0.0,5.237541259640961,23.0,0.5013066639863303,0.0,1.0,4.0,0.05955372399236104,0.3218916474017489,0.6583073675746306,0.010772790204745926,0.023793769772415523,0.0668155041330907
Nate Boerkircher,TE,JAX,CIN,JAX@CIN,True,0.9479829842591244,Full,False,,,,,,,,,,,,,0.0,0.07178374947101143,0.07479898434193821,12,0.0,0.0,0.0,63.0,7.311137765785742,0.0,10.951711176602668,20.0,0.690224291155311,0.0,1.0,22.0,0.07479898434193821,0.0,1.0011637748624629,0.0033053015952202052,0.03738291875188893,0.06804977304483877
Josh Cameron,WR,JAX,CIN,JAX@CIN,True,1.0,,False,,,,,,,,,,,,,0.0,0.1305,0.13915,22,0.0,0.0,0.0,70.0,14.709245628075779,0.0,22.623560453365094,23.0,1.08795,0.0,2.0,14.0,0.13915,0.0,1.7017,0.0033053015952202052,0.05783646588478995,0.1305
Jakobi Meyers,WR,JAX,CIN,JAX@CIN,True,0.9479829842591244,Full,False,,,,,,,,,,,,,0.005741072369114084,0.2890024228378805,0.3381965658906563,41,0.9708767225710998,0.0,0.0,80.0,44.42742870416727,20.338488311203008,61.64371180525157,53.0,3.4984725587274834,2.0,5.0,55.0,0.3324554935215422,0.20483514168334563,5.267512904245233,0.006748324090241252,0.1803647262275648,0.27396937925997134
Quintin Morris,TE,JAX,CIN,JAX@CIN,True,1.0,,False,,,,,,,,,,,,,0.0,0.02865,0.0291,4,0.0,0.0,0.0,63.0,4.398114300766096,0.0,4.9764069805307365,29.0,0.42125,0.0,1.0,3.0,0.0291,0.0,0.61605,0.0033053015952202052,0.02305625794337751,0.02865
Chris Rodriguez Jr.,RB,JAX,CIN,JAX@CIN,True,1.0,,False,,,,,,,,,,,,,0.2859,0.25565,0.29275,52,32.50595550417708,16.43983623070929,43.126470854505186,53.0,0.7556920433297327,0.0,0.0,77.0,0.0962,0.0,0.0,77.0,0.00685,7.11335,0.12665,0.237229681979755,0.004562918953128341,0.25565
Brenton Strange,TE,JAX,CIN,JAX@CIN,True,1.0,,False,,,,,,,,,,,,,0.0,0.26145,0.29655,43,0.0,0.0,0.0,89.0,41.31392722291234,19.461038740613272,57.22490676864487,61.0,3.70455,2.0,5.0,65.0,0.29655,0.0,5.19185,0.0033053015952202052,0.1920058349909452,0.26145
Brian Thomas Jr.,WR,JAX,CIN,JAX@CIN,True,1.0,,False,,,,,,,,,,,,,0.0,0.22085,0.24565,30,0.0,0.0,0.0,82.0,39.83479449275108,15.584629141743838,56.341943064563125,52.0,2.84755,2.0,4.0,61.0,0.24565,0.0,4.66685,0.0033053015952202052,0.15772406346721526,0.22085
Bhayshul Tuten,RB,JAX,CIN,JAX@CIN,True,1.0,,False,,,,,,,,,,,,,0.49145,0.45925,0.5975,85,66.74010376284268,43.888500397732926,84.3712114887863,82.0,9.728137315049421,0.0,14.815536840304965,54.0,1.2275,0.0,2.0,51.0,0.10605,13.9912,1.60695,0.4677057200951923,0.057852987238084366,0.45925
Parker Washington,WR,JAX,CIN,JAX@CIN,True,1.0,,False,,,,,,,,,,,,,0.00635,0.3507,0.4236,66,1.0265213124613315,0.0,0.0,97.0,58.24133154035162,28.79890935859753,79.18191214305443,74.0,4.03175,3.0,5.0,85.0,0.41725,0.22015,6.47715,0.007385920848578482,0.2195184884027325,0.3507
Joe Burrow,QB,CIN,JAX,JAX@CIN,True,1.0,,False,24.7255,22.0,28.0,93.0,284.5216168465302,218.97718320194753,337.0212059904785,88.0,1.4681,1.0,2.0,80.0,0.0733,0.07175,0.0733,62,,,,,,,,,,,,,,,,,,0.07175
Erick All,TE,CIN,JAX,JAX@CIN,True,1.0,,False,,,,,,,,,,,,,0.0,0.02225,0.02265,5,0.0,0.0,0.0,65.0,5.679701755424533,0.0,7.805671599324919,24.0,0.5417,0.0,1.0,9.0,0.02265,0.0,0.74345,0.003539925613483851,0.01711712027769189,0.02225
Tahj Brooks,RB,CIN,JAX,JAX@CIN,True,1.0,,False,,,,,,,,,,,,,0.0141,0.0185,0.01855,1,2.0731261238488927,0.0,1.7473693447594019,35.0,0.9152448681745318,0.0,0.0,60.0,0.1149,0.0,0.0,60.0,0.00445,0.52465,0.14125,0.022836924406049224,0.0034197594595343265,0.0185
Chase Brown,RB,CIN,JAX,JAX@CIN,True,1.0,,False,,,,,,,,,,,,,0.46625,0.48955,0.65135,85,53.61651603349936,33.34588174773977,68.3371425045278,80.0,31.147352018738,15.320958151492578,42.6219407240919,74.0,4.32145,3.0,6.0,79.0,0.1851,14.50225,5.33405,0.6405465317026622,0.1314977498564562,0.48955
Ja'Marr Chase,WR,CIN,JAX,JAX@CIN,True,1.0,,False,,,,,,,,,,,,,0.0,0.32125,0.3817,66,0.0,0.0,0.0,97.0,73.8134446338991,43.20542562463877,97.1650625395925,78.0,6.2684,4.0,8.0,81.0,0.3817,0.0,9.0108,0.003539925613483851,0.22537391623472627,0.32125
Mike Gesicki,TE,CIN,JAX,JAX@CIN,True,1.0,,False,,,,,,,,,,,,,0.0,0.19185,0.2113,43,0.0,0.0,0.0,84.0,33.228340881560015,12.76420815032121,47.43385166197272,53.0,2.97675,2.0,4.0,64.0,0.2113,0.0,4.10935,0.003539925613483851,0.09498194128093662,0.19185
Tee Higgins,WR,CIN,JAX,JAX@CIN,True,1.0,,False,,,,,,,,,,,,,0.0,0.25855,0.295,55,0.0,0.0,0.0,97.0,81.83491463609231,44.526704575730534,109.72917065944308,76.0,5.34225,4.0,7.0,83.0,0.295,0.0,8.0369,0.003539925613483851,0.20042997900290802,0.25855
Tanner Hudson,TE,CIN,JAX,JAX@CIN,True,1.0,,False,,,,,,,,,,,,,0.0,0.0709,0.07345,13,0.0,0.0,0.0,66.0,11.079278539886673,0.0,17.168153809689098,20.0,1.06525,0.0,2.0,10.0,0.07345,0.0,1.41285,0.004129913215731159,0.03291161456846782,0.0709
Dohnte Meyers,WR,CIN,JAX,JAX@CIN,True,1.0,,False,,,,,,,,,,,,,0.0041,0.0816,0.0846,28,0.7166279398002493,0.0,0.0,86.0,23.03953104705691,4.083507293059273,34.39185890277983,46.0,1.77845,1.0,3.0,52.0,0.0805,0.17665,2.61785,0.007910204148649099,0.06480917799194279,0.0816
Samaje Perine,RB,CIN,JAX,JAX@CIN,True,1.0,,False,,,,,,,,,,,,,0.1481,0.18365,0.1997,38,18.016225926032583,6.816495678283278,24.240223219585403,50.0,11.186807818157352,0.0,16.980218372859497,34.0,1.41235,0.0,2.0,37.0,0.0516,4.64895,1.74835,0.20526079895628735,0.043335581664010574,0.18365
Drew Sample,TE,CIN,JAX,JAX@CIN,True,1.0,,False,,,,,,,,,,,,,0.0,0.06645,0.0683,14,0.0,0.0,0.0,68.0,10.071725674312338,0.0,15.211798079706217,23.0,0.97955,0.0,2.0,8.0,0.0683,0.0,1.3137,0.003539925613483851,0.03042267817445308,0.06645
Mitchell Tinsley,WR,CIN,JAX,JAX@CIN,True,1.0,,False,,,,,,,,,,,,,0.0,0.15425,0.1656,25,0.0,0.0,0.0,67.0,21.605064696475672,2.117574950613491,32.51939962005882,25.0,1.5973,1.0,2.0,49.0,0.1656,0.0,2.71345,0.006194869823596739,0.06741354678791864,0.15425
Ke'Shawn Williams,WR,CIN,JAX,JAX@CIN,True,1.0,,False,,,,,,,,,,,,,0.0,0.00485,0.0049,1,0.0,0.0,0.0,60.0,1.5222881696215547,0.0,0.0,60.0,0.1116,0.0,0.0,60.0,0.0049,0.0,0.16295,0.006194869823596739,0.00412741017456581,0.00485
Dak Prescott,QB,DAL,HOU,DAL@HOU,True,1.0,,False,23.32175,20.0,26.0,92.0,258.2266546376442,197.84600272440588,306.88519149627376,87.0,1.48805,1.0,2.0,80.0,0.1069,0.10225,0.1069,62,,,,,,,,,,,,,,,,,,0.10225
Emari Demercado,RB,DAL,HOU,DAL@HOU,True,1.0,,False,,,,,,,,,,,,,0.10425,0.1143,0.1211,9,12.924276787873403,3.3932291827016194,17.53782706836119,30.0,3.1899026494606835,0.0,3.6414558880558276,29.0,0.4336,0.0,1.0,3.0,0.01685,3.05865,0.57035,0.12353996795378273,0.015791255399411376,0.1143
Jake Ferguson,TE,DAL,HOU,DAL@HOU,True,1.0,,False,,,,,,,,,,,,,0.0,0.2009,0.22365,48,0.0,0.0,0.0,84.0,30.325670681352086,13.013399726537758,42.55451635754494,55.0,3.343,2.0,5.0,57.0,0.22365,0.0,4.5207,0.003240218807938776,0.12569182489849864,0.2009
Ryan Flournoy,WR,DAL,HOU,DAL@HOU,True,1.0,,False,,,,,,,,,,,,,0.0,0.2238,0.2516,68,0.0,0.0,0.0,97.0,34.81650419216787,14.567887815531995,49.109969438947786,67.0,3.22605,2.0,4.0,78.0,0.2516,0.0,4.896,0.003240218807938776,0.1344436003442413,0.2238
Tyler Goodson,RB,DAL,HOU,DAL@HOU,True,1.0,,False,,,,,,,,,,,,,0.11505,0.1304,0.1389,13,14.406724671131734,4.519160006890814,19.38800478099889,36.0,4.326626496554943,0.0,6.355488321612156,23.0,0.5846,0.0,1.0,16.0,0.02385,3.6404,0.751,0.14611655240725888,0.021125895223643984,0.1304
CeeDee Lamb,WR,DAL,HOU,DAL@HOU,True,1.0,,False,,,,,,,,,,,,,0.0101,0.3473,0.4188,77,1.3701861728305218,0.0,0.0,97.0,86.37610465218052,51.13526285067962,113.63486400757374,78.0,6.4814,5.0,8.0,86.0,0.4087,0.336,9.41635,0.013560915751743766,0.2609931179496327,0.3473
Hunter Luepke,RB,DAL,HOU,DAL@HOU,True,1.0,,False,,,,,,,,,,,,,0.02365,0.0359,0.03665,3,2.949689976914587,0.0,3.4082824659869804,28.0,2.754398240890003,0.0,2.043972587077181,40.0,0.3723,0.0,1.0,3.0,0.013,0.73725,0.47885,0.029764246203682,0.013164480316647386,0.0359
Jonathan Mingo,WR,DAL,HOU,DAL@HOU,True,1.0,,False,,,,,,,,,,,,,0.0,0.0247,0.0249,5,0.0,0.0,0.0,65.0,6.422398979187073,0.0,8.622066325283562,25.0,0.5183,0.0,1.0,7.0,0.0249,0.0,0.79975,0.003240218807938776,0.022145294618225557,0.0247
George Pickens,WR,DAL,HOU,DAL@HOU,True,1.0,,False,,,,,,,,,,,,,0.0,0.259,0.29535,60,0.0,0.0,0.0,97.0,63.65147634426137,33.46922267452402,85.59396233744302,75.0,4.8142,3.0,6.0,81.0,0.29535,0.0,7.28815,0.003240218807938776,0.20243366466953672,0.259
Luke Schoonmaker,TE,DAL,HOU,DAL@HOU,True,1.0,,False,,,,,,,,,,,,,0.0,0.0232,0.02335,4,0.0,0.0,0.0,63.0,5.45208835774167,0.0,7.625890991209733,21.0,0.54725,0.0,1.0,8.0,0.02335,0.0,0.7966,0.003240218807938776,0.02232006296428136,0.0232
Brevyn Spann-Ford,TE,DAL,HOU,DAL@HOU,True,1.0,,False,,,,,,,,,,,,,0.0,0.0357,0.03625,7,0.0,0.0,0.0,66.0,8.225238105270027,0.0,12.584712593124195,20.0,0.8236,0.0,1.0,30.0,0.03625,0.0,1.16405,0.003240218807938776,0.0319694367618813,0.0357
KaVontae Turpin,WR,DAL,HOU,DAL@HOU,True,1.0,,False,,,,,,,,,,,,,0.02795,0.0895,0.0936,22,1.2024122049444435,0.0,0.0,65.0,13.302359408164229,0.0,20.555869552490343,18.0,0.99015,0.0,2.0,5.0,0.06565,0.2997,1.4925,0.011983666384916422,0.04116689372648019,0.0895
Javonte Williams,RB,DAL,HOU,DAL@HOU,True,1.0,,False,,,,,,,,,,,,,0.68845,0.5969,0.8654,85,53.10557912686689,33.10002298267038,67.95108323615452,80.0,18.11806041429797,6.939317008916746,25.791150808932144,69.0,2.8635,1.0,4.0,69.0,0.17695,13.95165,3.76145,0.5633079993770369,0.10518415146505598,0.5969
C.J. Stroud,QB,HOU,DAL,DAL@HOU,True,1.0,,False,22.23345,19.0,25.0,92.0,279.04168863943966,212.12709635443846,332.6972602707617,87.0,1.62585,1.0,2.0,82.0,0.0854,0.0821,0.0854,62,,,,,,,,,,,,,,,,,,0.0821
Lewis Bond,WR,HOU,DAL,DAL@HOU,True,1.0,,False,,,,,,,,,,,,,0.0,0.0207,0.02095,1,0.0,0.0,0.0,61.0,5.025263756234437,0.0,4.556794143159987,34.0,0.3797,0.0,1.0,1.0,0.02095,0.0,0.60365,0.005001526990171276,0.015723701729659555,0.0207
Kayshon Boutte,WR,HOU,DAL,DAL@HOU,True,1.0,,False,,,,,,,,,,,,,0.0,0.1911,0.21025,34,0.0,0.0,0.0,81.0,36.377580985833774,12.566504149741446,52.038143232629594,48.0,2.5596,1.0,4.0,46.0,0.21025,0.0,3.99565,0.0035725192786937687,0.10266625751077764,0.1911
Nico Collins,WR,HOU,DAL,DAL@HOU,True,0.9479829842591244,Full,False,,,,,,,,,,,,,0.008854688241184842,0.34765192642175724,0.4194381489485058,41,1.2255786462172873,0.0,0.0,80.0,81.93638705533479,45.90580096409084,108.89359815129714,58.0,5.568650187107996,4.0,7.0,64.0,0.41058346070732094,0.24998682338059347,8.840299372792916,0.010211450938266354,0.2323569070531275,0.32956811069273095
Xavier Hutchinson,WR,HOU,DAL,DAL@HOU,True,1.0,,False,,,,,,,,,,,,,0.01295,0.2161,0.24065,50,1.821249502702163,0.0,0.0,97.0,44.26320254344841,19.154490150272355,61.64764522110721,71.0,3.3058,2.0,4.0,82.0,0.2277,0.3591,5.533,0.014913850322166048,0.14151949478557854,0.2161
Brevin Jordan,TE,HOU,DAL,DAL@HOU,True,1.0,,False,,,,,,,,,,,,,0.0,0.02385,0.02415,1,0.0,0.0,0.0,61.0,4.413666975696887,0.0,4.711789757072113,29.0,0.4169,0.0,1.0,1.0,0.02415,0.0,0.61725,0.006251908737714093,0.017667927991959022,0.02385
Marlin Klein,TE,HOU,DAL,DAL@HOU,True,1.0,,False,,,,,,,,,,,,,0.0,0.01075,0.01075,2,0.0,0.0,0.0,62.0,2.2067867239657972,0.0,0.0,62.0,0.20535,0.0,0.0,62.0,0.01075,0.0,0.30105,0.004167939158476063,0.008381972765037212,0.01075
Woody Marks,RB,HOU,DAL,DAL@HOU,True,1.0,,False,,,,,,,,,,,,,0.37135,0.39775,0.49375,67,34.259241627163554,18.084911882448065,45.45455897445741,67.0,10.548493030737683,0.0,16.143885633329944,45.0,1.3174,0.0,2.0,45.0,0.1224,7.8581,1.82505,0.32251633558029147,0.051742170505394966,0.39775
David Montgomery,RB,HOU,DAL,DAL@HOU,True,1.0,,False,,,,,,,,,,,,,0.55785,0.4801,0.6345,85,48.83236873742617,29.4781620839262,62.81204780742483,80.0,8.64742680113403,0.0,13.239647450608656,54.0,1.07215,0.0,2.0,44.0,0.07665,11.88165,1.4128,0.48491564333068404,0.04053766351227808,0.4801
Foster Moreau,TE,HOU,DAL,DAL@HOU,True,1.0,,False,,,,,,,,,,,,,0.0,0.111,0.1167,27,0.0,0.0,0.0,74.0,12.637892675302105,0.0,19.42237911607888,28.0,1.20345,0.0,2.0,25.0,0.1167,0.0,1.75155,0.0035725192786937687,0.04894025919952424,0.111
Jaylin Noel,WR,HOU,DAL,DAL@HOU,True,1.0,,False,,,,,,,,,,,,,0.0186,0.10875,0.1148,21,2.6208731764922186,0.0,2.5634318365606004,50.0,27.01056135670167,4.793052640333608,40.37355609278518,40.0,1.79925,1.0,3.0,46.0,0.0962,0.5417,2.7625,0.022126538924374297,0.07065530638764188,0.10875
Dalton Schultz,TE,HOU,DAL,DAL@HOU,True,0.9575230478992892,Limited,False,,,,,,,,,,,,,0.0,0.24592391304347827,0.2781668060200669,53,0.0,0.0,0.0,96.0,45.7443979730292,23.233999422475886,61.756999808360554,72.0,4.379859949832776,3.0,6.0,76.0,0.2781668060200669,0.0,6.213419732441472,0.0035725192786937687,0.17727732686437084,0.23547781476871107
Cade Stover,TE,HOU,DAL,DAL@HOU,True,1.0,,False,,,,,,,,,,,,,0.0,0.033,0.03345,4,0.0,0.0,0.0,63.0,6.9589491873463585,0.0,10.534556763813722,18.0,0.6667,0.0,1.0,18.0,0.03345,0.0,0.97645,0.0035725192786937687,0.027404500900949452,0.033
Jared Wayne,WR,HOU,DAL,DAL@HOU,True,1.0,,False,,,,,,,,,,,,,0.0,0.1093,0.11605,27,0.0,0.0,0.0,79.0,19.719379024164176,0.0,29.66032837671237,34.0,1.43745,0.0,2.0,37.0,0.11605,0.0,2.35645,0.0035725192786937687,0.06058127687358076,0.1093
Jacoby Brissett,QB,ARI,NYG,ARI@NYG,True,1.0,,False,22.3092,19.0,25.0,92.0,195.75072411062152,150.01805202605476,233.565001970376,87.0,1.4225,1.0,2.0,79.0,0.1,0.09595,0.1,62,,,,,,,,,,,,,,,,,,0.09595
Tyler Allgeier,RB,ARI,NYG,ARI@NYG,True,1.0,,False,,,,,,,,,,,,,0.19275,0.24025,0.27045,82,29.646798563051398,14.89009008830721,39.27643688441125,70.0,7.678128523794081,0.0,11.838666965020119,48.0,1.27405,0.0,2.0,48.0,0.0777,6.83765,1.67685,0.27039062559705973,0.0509188139512105,0.24025
Kendrick Bourne,WR,ARI,NYG,ARI@NYG,True,1.0,,False,,,,,,,,,,,,,0.0,0.13475,0.144,36,0.0,0.0,0.0,82.0,24.806253204190767,8.302935196998858,35.747925975309755,49.0,2.45565,1.0,3.0,58.0,0.144,0.0,3.7668,0.0033244354637554452,0.10411967540266356,0.13475
Jalen Brooks,WR,ARI,NYG,ARI@NYG,True,1.0,,False,,,,,,,,,,,,,0.0,0.015,0.01505,2,0.0,0.0,0.0,62.0,3.556215627839093,0.0,1.5806247199170131,48.0,0.3319,0.0,1.0,2.0,0.01505,0.0,0.53225,0.0033244354637554452,0.014732886342860475,0.015
Devin Duvernay,WR,ARI,NYG,ARI@NYG,True,1.0,,False,,,,,,,,,,,,,0.0,0.01275,0.01275,1,0.0,0.0,0.0,60.0,2.4743957340601894,0.0,0.0,60.0,0.23245,0.0,0.0,60.0,0.01275,0.0,0.37435,0.0033244354637554452,0.010542776554545575,0.01275
Simi Fehoko,WR,ARI,NYG,ARI@NYG,True,1.0,,False,,,,,,,,,,,,,0.0,0.0071,0.0071,1,0.0,0.0,0.0,60.0,1.7200807438432753,0.0,0.0,60.0,0.1627,0.0,0.0,60.0,0.0071,0.0,0.2563,0.0033244354637554452,0.007046354049481222,0.0071
Marvin Harrison Jr.,WR,ARI,NYG,ARI@NYG,True,1.0,,False,,,,,,,,,,,,,0.0,0.1466,0.1566,34,0.0,0.0,0.0,81.0,30.302460836042954,10.628291349217333,43.29516478470198,48.0,2.5264,1.0,4.0,45.0,0.1566,0.0,4.23775,0.0033244354637554452,0.11746819027839879,0.1466
Elijah Higgins,TE,ARI,NYG,ARI@NYG,True,1.0,,False,,,,,,,,,,,,,0.0,0.05905,0.06145,14,0.0,0.0,0.0,68.0,8.925631598205362,0.0,13.716502551911145,22.0,1.06645,0.0,2.0,12.0,0.06145,0.0,1.49845,0.0033244354637554452,0.04052966017172565,0.05905
Bam Knight,RB,ARI,NYG,ARI@NYG,True,1.0,,False,,,,,,,,,,,,,0.0464,0.0653,0.06785,1,10.463805267182954,1.3162278056844217,14.687592161747297,23.0,3.7133899615640993,0.0,5.448994010550028,17.0,0.5911,0.0,1.0,11.0,0.02145,2.15335,0.7999,0.08497460504531658,0.023708042913553586,0.0653
Hunter Long,TE,ARI,NYG,ARI@NYG,True,1.0,,False,,,,,,,,,,,,,0.0,0.02865,0.0293,4,0.0,0.0,0.0,63.0,5.8795308594977564,0.0,8.870151430362947,18.0,0.6922,0.0,1.0,20.0,0.0293,0.0,1.0039,0.0033244354637554452,0.02694991129920112,0.02865
Jeremiyah Love,RB,ARI,NYG,ARI@NYG,True,1.0,,False,,,,,,,,,,,,,0.3308,0.3788,0.4616,85,59.63401890277805,38.51924166943181,75.67390827368828,81.0,13.409832720370261,3.855673485972254,19.42567778983701,65.0,2.22255,1.0,3.0,73.0,0.1308,12.9422,2.9476,0.5092720640104171,0.08845686991752004,0.3788
Trey McBride,TE,ARI,NYG,ARI@NYG,True,1.0,,False,,,,,,,,,,,,,0.0,0.3794,0.46635,85,0.0,0.0,0.0,97.0,59.82754181972498,37.057319657655185,77.25282827916303,80.0,7.52615,5.0,9.0,84.0,0.46635,0.0,10.84155,0.0033244354637554452,0.2923659792745885,0.3794
Michael Wilson,WR,ARI,NYG,ARI@NYG,True,1.0,,False,,,,,,,,,,,,,0.0,0.3152,0.37115,85,0.0,0.0,0.0,97.0,47.63450565339729,25.271800272085628,64.32757012810669,75.0,4.84575,3.0,6.0,81.0,0.37115,0.0,7.9349,0.0033244354637554452,0.21968868570910857,0.3152
Jameis Winston,QB,NYG,ARI,ARI@NYG,True,1.0,,False,16.64675,14.0,19.0,86.0,207.2379912245835,152.25642534985974,250.9365897052072,80.0,1.8102,1.0,3.0,62.0,0.02375,0.0235,0.02375,56,,,,,,,,,,,,,,,,,,0.0235
Braxton Berrios,WR,NYG,ARI,ARI@NYG,True,1.0,,False,,,,,,,,,,,,,0.0,0.01905,0.01925,2,0.0,0.0,0.0,62.0,3.4473178174149623,0.0,0.0,62.0,0.23455,0.0,0.0,62.0,0.01925,0.0,0.3988,0.0026848875854960145,0.013524222569408802,0.01905
Malachi Fields,WR,NYG,ARI,ARI@NYG,True,1.0,,False,,,,,,,,,,,,,0.0,0.20555,0.22685,32,0.0,0.0,0.0,84.0,34.24174685498483,10.365500322484355,49.65982233111659,50.0,2.2357,1.0,3.0,57.0,0.22685,0.0,3.82315,0.0026848875854960145,0.1305476429031845,0.20555
Najee Harris,RB,NYG,ARI,ARI@NYG,True,1.0,,False,,,,,,,,,,,,,0.14565,0.14095,0.153,49,26.32197381744215,12.165280722043702,35.37018753378102,48.0,0.8894593068956852,0.0,0.0,75.0,0.1026,0.0,0.0,75.0,0.00735,6.11375,0.14455,0.20354173321119806,0.005045813974046512,0.14095
Theo Johnson,TE,NYG,ARI,ARI@NYG,True,1.0,,False,,,,,,,,,,,,,0.0,0.1403,0.15115,16,0.0,0.0,0.0,70.0,17.44650637916242,0.0,26.31973838284673,24.0,1.4285,0.0,2.0,28.0,0.15115,0.0,2.31165,0.0026848875854960145,0.07875675256653479,0.1403
Charlie Jones,WR,NYG,ARI,ARI@NYG,True,1.0,,False,,,,,,,,,,,,,0.0,0.01255,0.0126,1,0.0,0.0,0.0,60.0,2.2200780800144653,0.0,0.0,60.0,0.1538,0.0,0.0,60.0,0.0126,0.0,0.2594,0.004698553274618026,0.008877511322265053,0.01255
Isaiah Likely,TE,NYG,ARI,ARI@NYG,True,1.0,,False,,,,,,,,,,,,,0.0,0.44285,0.5654,77,0.0,0.0,0.0,97.0,50.906955563604846,25.995428677042526,69.17453036912192,75.0,4.38525,3.0,6.0,79.0,0.5654,0.0,6.81935,0.0026848875854960145,0.23143569418998988,0.44285
Chris Manhertz,TE,NYG,ARI,ARI@NYG,True,1.0,,False,,,,,,,,,,,,,0.0,0.0041,0.0041,1,0.0,0.0,0.0,60.0,0.6426033640746427,0.0,0.0,60.0,0.05445,0.0,0.0,60.0,0.0041,0.0,0.08355,0.0026848875854960145,0.0029990637505012126,0.0041
Darnell Mooney,WR,NYG,ARI,ARI@NYG,True,1.0,,False,,,,,,,,,,,,,0.0028,0.1539,0.1653,18,0.6961990623258494,0.0,0.0,76.0,29.37851346603626,6.94568865850384,43.39732598134849,39.0,1.89215,1.0,3.0,44.0,0.1625,0.16205,3.32195,0.005396895247613202,0.11314520300117165,0.1539
Malik Nabers,WR,NYG,ARI,ARI@NYG,True,1.0,,False,,,,,,,,,,,,,0.0,0.32885,0.38785,60,0.0,0.0,0.0,97.0,47.48004526523304,21.566907568631517,65.90416709329955,72.0,3.35495,2.0,5.0,73.0,0.38785,0.0,5.6111,0.0026848875854960145,0.19204592689433111,0.32885
Patrick Ricard,RB,NYG,ARI,ARI@NYG,True,0.9508674235277402,Full,False,,,,,,,,,,,,,0.0,0.02811181434599156,0.02869198312236287,4,0.0,0.0,0.0,61.0,3.4277637914472545,0.0,3.6741424506895695,30.0,0.40627637130801686,0.0,1.0,4.0,0.02869198312236287,0.0,0.585126582278481,0.0012952193829769384,0.020047456754605522,0.02673060847786316
Devin Singletary,RB,NYG,ARI,ARI@NYG,True,1.0,,False,,,,,,,,,,,,,0.06775,0.20065,0.2226,28,15.786709734479484,5.229556052974883,21.39842471293722,40.0,9.450979710663951,0.0,14.526058778016303,24.0,1.093,0.0,2.0,16.0,0.15485,3.9204,1.55505,0.13032656225796127,0.053710523098078396,0.20065
Cam Skattebo,RB,NYG,ARI,ARI@NYG,True,1.0,,False,,,,,,,,,,,,,0.3138,0.36855,0.45,85,48.58574805640546,29.187019687266318,62.63608762426651,79.0,17.084270852292796,3.9316737394087773,24.969409612876262,63.0,1.89505,1.0,3.0,68.0,0.1362,12.48955,2.6994,0.4157126255641552,0.09252972581603958,0.36855
Tyrone Tracy Jr.,RB,NYG,ARI,ARI@NYG,True,0.9508674235277402,Full,False,,,,,,,,,,,,,0.029813860553160165,0.0718266905037333,0.0745083605005784,3,7.073451811885313,0.0,9.684049128611216,21.0,5.946323001947237,0.0,9.031757493860878,16.0,0.6735724050899148,0.0,1.0,17.0,0.04469449994741823,1.6278262698496162,0.9532548112314649,0.05496836392116209,0.032556244698139655,0.0682976601398093
Matthew Stafford,QB,LA,PHI,LA@PHI,True,1.0,,False,21.74255,19.0,25.0,92.0,254.6910477032275,194.56325738378473,303.67132472474606,87.0,1.35755,1.0,2.0,78.0,0.08765,0.0846,0.08765,62,,,,,,,,,,,,,,,,,,0.0846
Davante Adams,WR,LA,PHI,LA@PHI,True,0.9479829842591244,Full,False,,,,,,,,,,,,,0.0,0.3381238155401137,0.40271636133922933,63,0.0,0.0,0.0,95.0,78.42451436706149,43.08087887090453,104.82999466154604,72.0,5.384449357759529,4.0,7.0,79.0,0.40271636133922933,0.0,9.58501789850495,0.0031610623920732108,0.19858760247758686,0.3205356237047987
Davis Allen,TE,LA,PHI,LA@PHI,True,1.0,,False,,,,,,,,,,,,,0.0,0.047,0.0476,12,0.0,0.0,0.0,71.0,9.987225500436589,0.0,15.390398841331528,25.0,1.0501,0.0,2.0,14.0,0.0476,0.0,1.6219,0.0031610623920732108,0.03588219245948672,0.047
Tutu Atwell,WR,LA,PHI,LA@PHI,True,1.0,,False,,,,,,,,,,,,,0.0,0.0441,0.0455,4,0.0,0.0,0.0,64.0,11.509179096842962,0.0,17.641809969071648,18.0,0.93325,0.0,1.0,32.0,0.0455,0.0,1.57135,0.004425487348902494,0.03211023049436882,0.0441
Alex Bachman,WR,LA,PHI,LA@PHI,True,1.0,,False,,,,,,,,,,,,,0.0,0.00955,0.00955,1,0.0,0.0,0.0,60.0,2.3371207962582763,0.0,0.0,60.0,0.1922,0.0,0.0,60.0,0.00955,0.0,0.32905,0.005531859186128118,0.006649207669315253,0.00955
Dean Connors,RB,LA,PHI,LA@PHI,True,1.0,,False,,,,,,,,,,,,,0.0058,0.0097,0.00975,1,0.7893318708151205,0.0,0.0,60.0,0.7288426042106062,0.0,0.0,60.0,0.10305,0.0,0.0,60.0,0.00395,0.1831,0.14385,0.006149077883509232,0.003046940170706678,0.0097
Blake Corum,RB,LA,PHI,LA@PHI,True,1.0,,False,,,,,,,,,,,,,0.25965,0.28055,0.3255,40,37.038602043351496,19.849507196011135,49.183210132198504,68.0,6.141317252348013,0.0,9.414645897620712,45.0,0.8543,0.0,1.0,56.0,0.06585,7.78275,1.20505,0.26616492567221123,0.025578523476510427,0.28055
Tyler Higbee,TE,LA,PHI,LA@PHI,True,0.8055616699684496,DNP,False,,,,,,,,,,,,,0.0,0.15448156824066084,0.16742695105412403,36,0.0,0.0,0.0,73.0,26.651690887850297,9.237141928429757,38.50642394754749,46.0,2.657995315004315,1.0,4.0,46.0,0.16742695105412403,0.0,4.072000986314881,0.0031610623920732108,0.09300987547845861,0.12444443009129175
Konata Mumpfield,WR,LA,PHI,LA@PHI,True,1.0,,False,,,,,,,,,,,,,0.0,0.0936,0.0976,30,0.0,0.0,0.0,82.0,16.575216302213658,0.0,25.634247900047914,36.0,1.2617,0.0,2.0,35.0,0.0976,0.0,2.36025,0.0031610623920732108,0.048509016879966,0.0936
Puka Nacua,WR,LA,PHI,LA@PHI,True,0.9479829842591244,Full,False,,,,,,,,,,,,,0.04006950294860994,0.32950716090985677,0.39463984835720306,40,1.3512275771015227,0.0,0.0,83.0,91.90788548865194,55.23249016091042,119.4460397973755,64.0,7.065659224936815,5.0,9.0,67.0,0.3545703454085931,0.30812973883740524,11.3056550126369,0.010326137147439155,0.23532980121091074,0.3123671817340775
Colby Parkinson,TE,LA,PHI,LA@PHI,True,0.4981574884199691,Questionable; DNP,False,,,,,,,,,,,,,0.0,0.12404028317878153,0.13261541529564264,10,0.0,0.0,0.0,34.0,14.593513125618667,0.0,22.188555466339704,11.0,1.5201914448100509,0.0,2.0,14.0,0.13261541529564264,0.0,2.314787117359657,0.0036879061240854124,0.05739634136622299,0.061791595931243545
Jordan Whittington,WR,LA,PHI,LA@PHI,True,1.0,,False,,,,,,,,,,,,,0.0,0.0396,0.0401,5,0.0,0.0,0.0,65.0,10.036681166472418,0.0,15.425917687099629,19.0,0.8437,0.0,1.0,29.0,0.0401,0.0,1.38125,0.0036879061240854124,0.0283203498503757,0.0396
Kyren Williams,RB,LA,PHI,LA@PHI,True,1.0,,False,,,,,,,,,,,,,0.6793,0.5926,0.87,85,71.18777541773855,47.50423418984342,89.65140457381344,82.0,25.02399802194561,10.209125717036384,35.07324818558968,70.0,3.3256,2.0,5.0,73.0,0.1907,14.0419,4.712,0.47929651004145757,0.09969113861169691,0.5926
Jalen Hurts,QB,PHI,LA,LA@PHI,True,1.0,,False,17.3786,15.0,20.0,91.0,160.90623451084863,119.10773660603972,193.9426953065656,86.0,1.6415,1.0,2.0,82.0,0.14035,0.1313,0.14035,62,,,,,,,,,,,,,,,,,,0.1313
Saquon Barkley,RB,PHI,LA,LA@PHI,True,1.0,,False,,,,,,,,,,,,,0.24695,0.32585,0.38955,64,55.52603817239604,34.785384959521174,70.92329900336549,74.0,15.020090963470796,4.49059948328321,21.966658915730203,58.0,2.35255,1.0,3.0,68.0,0.1426,12.2458,3.5095,0.43262906816732555,0.06458804284306881,0.32585
Tank Bigsby,RB,PHI,LA,LA@PHI,True,0.9508674235277402,Full,False,,,,,,,,,,,,,0.1531072853243754,0.1817132059626286,0.19850934285114424,51,25.757716360673903,11.944064793953485,34.61861506682969,55.0,5.0916466051814515,0.0,7.665877305906187,37.0,0.786741549443628,0.0,1.0,44.0,0.045402057526768846,6.338967037581356,1.1608754986353138,0.22725689217010084,0.021265348623390593,0.17278516797465027
Darius Cooper,WR,PHI,LA,LA@PHI,True,0.9479829842591244,Full,False,,,,,,,,,,,,,0.0,0.2846623185356617,0.33389438249526615,38,0.0,0.0,0.0,72.0,16.52113440071557,0.0,24.980201922770448,29.0,1.5191458026509572,0.0,2.0,35.0,0.33389438249526615,0.0,2.6957710919419315,0.003269221239832472,0.048662373019196126,0.26985503423155804
Britain Covey,WR,PHI,LA,LA@PHI,True,1.0,,False,,,,,,,,,,,,,0.0,0.0145,0.0146,1,0.0,0.0,0.0,60.0,2.121482419749735,0.0,0.0,60.0,0.19595,0.0,0.0,60.0,0.0146,0.0,0.33465,0.003269221239832472,0.006044617612485444,0.0145
Zach Ertz,TE,PHI,LA,LA@PHI,True,1.0,,False,,,,,,,,,,,,,0.0,0.2504,0.2823,14,0.0,0.0,0.0,68.0,32.134430291296624,14.402087132780611,44.58858633316275,40.0,3.6837,2.0,5.0,44.0,0.2823,0.0,5.95515,0.004576909735765461,0.11998560182124589,0.2504
E.J. Jenkins,TE,PHI,LA,LA@PHI,True,1.0,,False,,,,,,,,,,,,,0.0,0.006,0.006,1,0.0,0.0,0.0,60.0,0.7940943698957778,0.0,0.0,60.0,0.08965,0.0,0.0,60.0,0.006,0.0,0.1409,0.003269221239832472,0.002908121407983334,0.006
Makai Lemon,WR,PHI,LA,LA@PHI,True,1.0,,False,,,,,,,,,,,,,0.00385,0.24395,0.27645,26,0.8062325272842082,0.0,0.0,84.0,36.94811076638095,17.169113463358865,50.852105161252624,57.0,3.82295,2.0,5.0,60.0,0.2726,0.19225,6.68645,0.00667466003132463,0.12135280513193081,0.24395
Johnny Mundt,TE,PHI,LA,LA@PHI,True,1.0,,False,,,,,,,,,,,,,0.0,0.05,0.0509,7,0.0,0.0,0.0,66.0,6.879049637546381,0.0,10.596338560616108,20.0,0.79195,0.0,1.0,29.0,0.0509,0.0,1.2759,0.003269221239832472,0.025509007502868688,0.05
Will Shipley,RB,PHI,LA,LA@PHI,True,0.9508674235277402,Full,False,,,,,,,,,,,,,0.07520891364902507,0.14064224523046198,0.15068061176223263,55,11.440347100385749,2.597639732792321,15.391479692539363,42.0,8.347008311692408,0.0,12.703967169166777,31.0,1.2714563515004993,0.0,2.0,29.0,0.07547169811320754,2.8611972460188153,1.8731276606926999,0.10242081262595748,0.03475311081167535,0.133732129361446
Dontayvion Wicks,WR,PHI,LA,LA@PHI,True,1.0,,False,,,,,,,,,,,,,0.0,0.4143,0.51805,57,0.0,0.0,0.0,92.0,49.56050131588951,24.742588849260734,67.8667545974923,66.0,4.24035,3.0,6.0,71.0,0.51805,0.0,7.44725,0.003269221239832472,0.13463464780074746,0.4143
Jordan Love,QB,GB,TB,GB@TB,True,1.0,,False,21.41015,18.0,24.0,92.0,240.50175946769238,183.07152429463943,286.82539561816463,87.0,1.72965,1.0,2.0,83.0,0.02545,0.0252,0.02545,62,,,,,,,,,,,,,,,,,,0.0252
Chris Brooks,RB,GB,TB,GB@TB,True,1.0,,False,,,,,,,,,,,,,0.0889,0.13125,0.13985,51,13.157977291065533,3.8891369963171556,17.376847894834118,46.0,7.437667192726169,0.0,11.393505820410798,31.0,1.07055,0.0,2.0,21.0,0.05095,3.34555,1.5228,0.15953856584065562,0.03422908462649621,0.13125
Matthew Golden,WR,GB,TB,GB@TB,True,1.0,,False,,,,,,,,,,,,,0.0023,0.32405,0.38595,72,0.6721087632625983,0.0,0.0,97.0,57.854806896121104,30.390294622824346,77.95364313359308,75.0,4.60135,3.0,6.0,80.0,0.38365,0.17225,8.0611,0.00812262644824608,0.18819997542987954,0.32405
Kaleb Johnson,RB,GB,TB,GB@TB,True,1.0,,False,,,,,,,,,,,,,0.10125,0.11405,0.11995,30,19.430188042520214,7.984898578820241,25.635761289624877,50.0,2.645574328126205,0.0,2.1379121055675023,53.0,0.3812,0.0,1.0,17.0,0.0187,5.30685,0.54235,0.253271826831261,0.012013840949086021,0.11405
Tucker Kraft,TE,GB,TB,GB@TB,True,1.0,,False,,,,,,,,,,,,,0.00995,0.2961,0.3421,70,0.6167983354667487,0.0,0.0,97.0,50.25704250861002,26.14202855802877,67.87528737278647,73.0,4.7968,3.0,6.0,80.0,0.33215,0.16225,7.4161,0.00812262644824608,0.18331362184689942,0.2961
MarShawn Lloyd,RB,GB,TB,GB@TB,True,1.0,,False,,,,,,,,,,,,,0.19595,0.31425,0.3696,82,32.67136824260941,16.938570625457896,42.900618700363246,71.0,13.673608103003854,3.1595112475430107,20.381894681772195,57.0,2.0057,1.0,3.0,65.0,0.17365,9.723,2.83395,0.4635748829249969,0.06274155331360505,0.31425
Bo Melton,WR,GB,TB,GB@TB,True,1.0,,False,,,,,,,,,,,,,0.0,0.04435,0.0453,7,0.0,0.0,0.0,66.0,9.049529335890899,0.0,13.873433919610289,20.0,0.77605,0.0,1.0,28.0,0.0453,0.0,1.3152,0.0034811256206768917,0.031053572215054115,0.04435
J. Michael Sturdivant,WR,GB,TB,GB@TB,True,1.0,,False,,,,,,,,,,,,,0.0,0.0357,0.0365,7,0.0,0.0,0.0,66.0,7.387994863448266,0.0,11.230395314911357,21.0,0.65675,0.0,1.0,21.0,0.0365,0.0,1.1046,0.00406131322412304,0.025922737281007118,0.0357
Skyy Moore,WR,GB,TB,GB@TB,True,1.0,,False,,,,,,,,,,,,,0.0,0.1765,0.19325,45,0.0,0.0,0.0,81.0,17.62654952047777,2.2218603133075194,26.489619877910783,39.0,1.6547,1.0,2.0,63.0,0.19325,0.0,2.8373,0.0034811256206768917,0.06687632327675677,0.1765
Mark Redman,TE,GB,TB,GB@TB,True,1.0,,False,,,,,,,,,,,,,0.0,0.02,0.02015,4,0.0,0.0,0.0,63.0,3.5747687667122254,0.0,3.025041429860691,38.0,0.37735,0.0,1.0,3.0,0.02015,0.0,0.58865,0.0034811256206768917,0.014614222037191142,0.02
Jonnu Smith,TE,GB,TB,GB@TB,True,1.0,,False,,,,,,,,,,,,,0.0,0.09855,0.10275,18,0.0,0.0,0.0,71.0,14.58307128637567,0.86041736977076,22.03977445023697,28.0,1.58335,1.0,2.0,52.0,0.10275,0.0,2.4572,0.0034811256206768917,0.06024863870336624,0.09855
Christian Watson,WR,GB,TB,GB@TB,True,1.0,,False,,,,,,,,,,,,,0.0,0.37415,0.45725,82,0.0,0.0,0.0,97.0,73.80596728100278,40.133836806858874,98.56619817631815,76.0,5.0451,3.0,7.0,76.0,0.45725,0.0,8.5352,0.0034811256206768917,0.20185851657403997,0.37415
Jalon Daniels,QB,TB,GB,GB@TB,True,1.0,,False,21.10805,18.0,24.0,63.0,214.46839683277375,161.60810775304842,256.6060198432484,58.0,1.2825,0.0,2.0,24.0,0.1426,0.1342,0.1426,30,,,,,,,,,,,,,,,,,,0.1342
Payne Durham,TE,TB,GB,GB@TB,True,1.0,,False,,,,,,,,,,,,,0.0,0.0085,0.0085,1,0.0,0.0,0.0,61.0,2.056361235424694,0.0,0.0,61.0,0.2174,0.0,0.0,61.0,0.0085,0.0,0.32725,0.003287353969414842,0.009318311268794476,0.0085
Emeka Egbuka,WR,TB,GB,GB@TB,True,1.0,,False,,,,,,,,,,,,,0.00835,0.23695,0.26915,52,0.9708715849839046,0.0,0.0,93.0,47.314380252312006,22.90288742404097,64.94218267040178,66.0,3.91235,2.0,5.0,70.0,0.2608,0.2161,6.6582,0.007670492595301297,0.20209923074861524,0.23695
Kenny Gainwell,RB,TB,GB,GB@TB,True,1.0,,False,,,,,,,,,,,,,0.1488,0.2604,0.2982,45,17.199507740874086,5.753943276826613,23.140960879446077,51.0,15.59287256962845,4.592950969967159,22.743494211017534,46.0,2.2441,1.0,3.0,54.0,0.1494,4.2454,3.0231,0.14945060347026437,0.09088058916832992,0.2604
Chris Godwin Jr.,WR,TB,GB,GB@TB,True,0.9479829842591244,Full,False,,,,,,,,,,,,,0.011020881670533642,0.14364058215566336,0.15418688040497786,26,1.6227663361001337,0.0,0.0,80.0,33.34626239957906,14.217324373708829,46.9153950588946,52.0,3.2155663362159883,2.0,4.0,62.0,0.14316599873444422,0.3627926597764185,4.991088377979329,0.013149415877659368,0.15223889395602858,0.1361688277326437
Ted Hurst III,WR,TB,GB,GB@TB,True,1.0,,False,,,,,,,,,,,,,0.0,0.1461,0.15655,35,0.0,0.0,0.0,82.0,30.62486974962759,10.376001028441728,44.47768130217628,48.0,2.4103,1.0,3.0,57.0,0.15655,0.0,3.9867,0.003287353969414842,0.12114458694794951,0.1461
Bucky Irving,RB,TB,GB,GB@TB,True,0.9508674235277402,Full,False,,,,,,,,,,,,,0.5417937125433708,0.5369046367364104,0.7314162548627905,77,62.64053859293174,40.786202509663035,79.27086342309353,72.0,19.484679370013513,6.944554552503828,27.934911177547335,59.0,2.668541688571128,1.0,4.0,57.0,0.1896225423194196,14.075544106823678,3.5094627273683106,0.5290940125963268,0.10557880874949259,0.5105251286136478
Kameron Johnson,WR,TB,GB,GB@TB,True,1.0,,False,,,,,,,,,,,,,0.0,0.01865,0.01875,3,0.0,0.0,0.0,63.0,4.567840016461302,0.0,4.549635015228649,33.0,0.3882,0.0,1.0,3.0,0.01875,0.0,0.62655,0.003287353969414842,0.018780290334762667,0.01865
Tez Johnson,WR,TB,GB,GB@TB,True,1.0,,False,,,,,,,,,,,,,0.01195,0.11425,0.1196,24,1.5536340427125235,0.0,0.0,72.0,16.811592981936435,0.0,25.83363005489231,26.0,1.3621,0.0,2.0,28.0,0.10765,0.3477,2.24,0.012301066466197472,0.06821727053543897,0.11425
Cade Otton,TE,TB,GB,GB@TB,True,1.0,,False,,,,,,,,,,,,,0.0,0.2179,0.24325,45,0.0,0.0,0.0,91.0,43.5453077855865,22.20728591834792,58.980192935615136,66.0,4.52175,3.0,6.0,71.0,0.24325,0.0,6.6871,0.003287353969414842,0.184557216811812,0.2179
Bauer Sharp,TE,TB,GB,GB@TB,True,1.0,,False,,,,,,,,,,,,,0.0,0.00495,0.00495,1,0.0,0.0,0.0,60.0,0.8851260676401757,0.0,0.0,60.0,0.09055,0.0,0.0,60.0,0.00495,0.0,0.1358,0.003287353969414842,0.0038560688890242425,0.00495
Sean Tucker,RB,TB,GB,GB@TB,True,1.0,,False,,,,,,,,,,,,,0.0915,0.09525,0.1,18,6.672336133759695,0.0,8.971661049256682,21.0,1.4320451648144938,0.0,0.0,62.0,0.2016,0.0,0.0,62.0,0.0085,1.52845,0.27465,0.05437529994803188,0.008240622121029903,0.09525
Josh Williams,RB,TB,GB,GB@TB,True,1.0,,False,,,,,,,,,,,,,0.0,0.00415,0.00415,1,0.0,0.0,0.0,60.0,0.742485657913751,0.0,0.0,60.0,0.10215,0.0,0.0,60.0,0.00415,0.0,0.1383,0.0037781466713654385,0.004279524024042941,0.00415
Malik Willis,QB,MIA,MIN,MIA@MIN,True,1.0,,False,16.3315,14.0,19.0,91.0,195.72257833771766,147.14944447191704,235.2242083622863,87.0,0.76165,0.0,1.0,61.0,0.1214,0.1141,0.1214,62,,,,,,,,,,,,,,,,,,0.1141
Chris Bell,WR,MIA,MIN,MIA@MIN,True,0.9479829842591244,Full,False,,,,,,,,,,,,,0.0,0.1078684891023273,0.11362077154467254,22,0.0,0.0,0.0,77.0,39.89011254958282,15.421774374852681,56.821899030677514,47.0,2.7515436170774183,1.0,4.0,46.0,0.11362077154467254,0.0,5.007124386511162,0.003156639636909862,0.11786435793031069,0.10225749220674707
Kevin Coleman Jr.,WR,MIA,MIN,MIA@MIN,True,1.0,,False,,,,,,,,,,,,,0.0,0.09135,0.0954,18,0.0,0.0,0.0,76.0,28.270350060354446,8.30287787488332,41.45744424031015,41.0,2.1689,1.0,3.0,48.0,0.0954,0.0,3.9703,0.003156639636909862,0.0937732613290441,0.09135
Greg Dulcich,TE,MIA,MIN,MIA@MIN,True,1.0,,False,,,,,,,,,,,,,0.0,0.1755,0.19095,32,0.0,0.0,0.0,79.0,34.9795331551621,14.1373805255819,49.736219034707645,49.0,2.99145,2.0,4.0,59.0,0.19095,0.0,4.68345,0.003156639636909862,0.09634596687614097,0.1755
Ollie Gordon II,RB,MIA,MIN,MIA@MIN,True,1.0,,False,,,,,,,,,,,,,0.2868,0.28245,0.32555,51,54.02362731389208,33.23459389133708,69.55765971565629,66.0,9.238894861081647,0.0,14.267190227876673,40.0,1.1628,0.0,2.0,34.0,0.03875,12.0359,1.70335,0.24174311254954098,0.03539247829399241,0.28245
DJ Herman,RB,MIA,MIN,MIA@MIN,True,1.0,,False,,,,,,,,,,,,,0.0049,0.03295,0.03335,4,1.1696419425906046,0.0,0.0,64.0,6.712668876466806,0.0,10.450299472400095,17.0,0.82245,0.0,1.0,28.0,0.02845,0.2684,1.21275,0.005307124380015946,0.02491205840437122,0.03295
Will Kacmarek,TE,MIA,MIN,MIA@MIN,True,1.0,,False,,,,,,,,,,,,,0.0,0.03875,0.03945,7,0.0,0.0,0.0,66.0,11.459465414425274,0.0,17.825190314207518,20.0,1.0297,0.0,2.0,8.0,0.03945,0.0,1.66685,0.003156639636909862,0.03443170706299964,0.03875
Ryan Miller,WR,MIA,MIN,MIA@MIN,True,1.0,,False,,,,,,,,,,,,,0.0,0.0208,0.02095,7,0.0,0.0,0.0,66.0,7.988836570078667,0.0,10.916516951941755,25.0,0.5166,0.0,1.0,8.0,0.02095,0.0,0.8921,0.003156639636909862,0.020734875645646546,0.0208
Jalen Tolbert,WR,MIA,MIN,MIA@MIN,True,1.0,,False,,,,,,,,,,,,,0.0,0.0357,0.03635,1,0.0,0.0,0.0,61.0,11.842971093552359,0.0,18.38603400260101,15.0,0.8611,0.0,1.0,26.0,0.03635,0.0,1.5509,0.004419295491673807,0.0363517144733051,0.0357
Malik Washington,WR,MIA,MIN,MIA@MIN,True,1.0,,False,,,,,,,,,,,,,0.02655,0.22595,0.2538,55,5.5774476790360445,0.0,7.373514083386134,60.0,57.447965274743005,30.474895775979657,77.39937469623143,75.0,4.86105,3.0,6.0,81.0,0.22725,1.27095,8.4323,0.025264691310566866,0.1983090704070458,0.22595
Jaylen Wright,RB,MIA,MIN,MIA@MIN,True,0.9508674235277402,Full,False,,,,,,,,,,,,,0.15903247809433863,0.16170837924340206,0.1745631984889029,16,23.78654690560581,9.88348607140602,32.18543942200945,35.0,3.7671478030024046,0.0,4.567491606948871,28.0,0.45983524843905765,0.0,1.0,5.0,0.015530720394564247,5.825331864211134,0.6787869248124245,0.11830215969367812,0.013904828425627425,0.15376322993402042
Kyler Murray,QB,MIN,MIA,MIA@MIN,True,1.0,,False,18.58185,16.0,21.0,83.0,195.33304137795452,146.60340596469666,234.78019378089715,78.0,1.33235,1.0,2.0,69.0,0.06955,0.0675,0.06955,52,,,,,,,,,,,,,,,,,,0.0675
Jordan Addison,WR,MIN,MIA,MIA@MIN,True,1.0,,False,,,,,,,,,,,,,0.0066,0.3234,0.38615,44,1.0325149538910834,0.0,0.0,95.0,63.71468919762948,33.230539793327196,86.56602751904893,70.0,4.59585,3.0,6.0,76.0,0.37955,0.25155,7.48115,0.005793007510784161,0.16800598234687883,0.3234
Gavin Bartholomew,TE,MIN,MIA,MIA@MIN,True,1.0,,False,,,,,,,,,,,,,0.0,0.01585,0.01595,2,0.0,0.0,0.0,62.0,2.7017215365388525,0.0,0.0,62.0,0.265,0.0,0.0,62.0,0.01595,0.0,0.3701,0.0027914492150410727,0.009011099977123474,0.01585
Max Bredeson,RB,MIN,MIA,MIA@MIN,True,1.0,,False,,,,,,,,,,,,,0.0,0.00755,0.00755,1,0.0,0.0,0.0,60.0,0.9884194543119255,0.0,0.0,60.0,0.13525,0.0,0.0,60.0,0.00755,0.0,0.1713,0.004693145207801837,0.004033226291906301,0.00755
Demond Claiborne,RB,MIN,MIA,MIA@MIN,True,1.0,,False,,,,,,,,,,,,,0.0534,0.076,0.07925,6,7.869966387426814,0.08096191139230305,10.48762511751867,26.0,3.5708910461080494,0.0,4.391223373034686,28.0,0.4815,0.0,1.0,5.0,0.02585,2.04385,0.61765,0.04805394306687309,0.014295876224277835,0.076
DeeJay Dallas,RB,MIN,MIA,MIA@MIN,True,1.0,,False,,,,,,,,,,,,,0.02675,0.0756,0.0775,7,4.593124674247887,0.0,5.757408342891973,28.0,6.737437220007943,0.0,10.332300653544511,20.0,0.90775,0.0,1.0,33.0,0.05075,1.1134,1.15135,0.02608061566352346,0.027334465666994788,0.0756
Tai Felton,WR,MIN,MIA,MIA@MIN,True,1.0,,False,,,,,,,,,,,,,0.0,0.0389,0.03935,5,0.0,0.0,0.0,65.0,7.677744033499556,0.0,11.313230007800843,21.0,0.61075,0.0,1.0,16.0,0.03935,0.0,0.94565,0.0027914492150410727,0.021043022723246423,0.0389
T.J. Hockenson,TE,MIN,MIA,MIA@MIN,True,1.0,,False,,,,,,,,,,,,,0.0,0.3716,0.4573,55,0.0,0.0,0.0,97.0,56.01684633391637,32.01757220405137,74.20949766838834,77.0,5.85065,4.0,8.0,79.0,0.4573,0.0,7.9258,0.0027914492150410727,0.19282578375718704,0.3716
Jauan Jennings,WR,MIN,MIA,MIA@MIN,True,1.0,,False,,,,,,,,,,,,,0.0,0.1469,0.1586,7,0.0,0.0,0.0,66.0,28.69791646919289,9.294987406972794,41.22177592558562,33.0,2.4142,1.0,3.0,42.0,0.1586,0.0,3.7214,0.0032566907508812513,0.08442790028753078,0.1469
Aaron Jones,RB,MIN,MIA,MIA@MIN,True,0.9951309141019752,Limited,False,,,,,,,,,,,,,0.5388713000653299,0.5382682546861651,0.7412432785567113,66,78.4954107343283,53.84275207259412,97.59858196130017,83.0,26.82024264467381,12.029401999443945,37.287427441462235,71.0,3.622845369114026,2.0,5.0,75.0,0.20237197849138147,19.60033167495854,4.811900095482185,0.4658590711844335,0.1129134423401349,0.5356473803179183
Jeshaun Jones,WR,MIN,MIA,MIA@MIN,True,1.0,,False,,,,,,,,,,,,,0.0,0.0162,0.0163,1,0.0,0.0,0.0,60.0,3.0838869564827376,0.0,0.0,60.0,0.24265,0.0,0.0,60.0,0.0163,0.0,0.3687,0.004885036126321876,0.008278647270481554,0.0162
Myles Price,WR,MIN,MIA,MIA@MIN,True,1.0,,False,,,,,,,,,,,,,0.00635,0.05145,0.0526,5,1.0401611036963174,0.0,0.0,65.0,8.911230742670917,0.0,13.518200525391075,19.0,0.73985,0.0,1.0,24.0,0.04625,0.24745,1.12735,0.005793007510784161,0.02536021165918079,0.05145
Patrick Mahomes,QB,KC,LV,KC@LV,True,0.98,Full,False,17.96912101910828,15.0,21.0,88.0,222.74556277252753,166.83641260660247,268.4787248016439,85.0,1.5548535031847133,1.0,2.0,79.0,0.1076687898089172,0.10242038216560509,0.1076687898089172,60,,,,,,,,,,,,,,,,,,0.10037197452229299
Cyrus Allen,WR,KC,LV,KC@LV,True,1.0,,False,,,,,,,,,,,,,0.0,0.02,0.0202,4,0.0,0.0,0.0,63.0,4.690080023065875,0.0,1.7009522775234542,52.0,0.3236,0.0,1.0,3.0,0.0202,0.0,0.5621,0.003460962269264519,0.018736283534051188,0.02
Jake Briningstool,TE,KC,LV,KC@LV,True,1.0,,False,,,,,,,,,,,,,0.0,0.02485,0.02505,4,0.0,0.0,0.0,63.0,5.0986902803080225,0.0,6.270272917815143,26.0,0.445,0.0,1.0,3.0,0.02505,0.0,0.69905,0.003460962269264519,0.019693438009523376,0.02485
Noah Gray,TE,KC,LV,KC@LV,True,1.0,,False,,,,,,,,,,,,,0.0,0.11475,0.12125,20,0.0,0.0,0.0,73.0,16.12255518909854,0.0,24.383385560424273,27.0,1.4595,0.0,2.0,32.0,0.12125,0.0,2.4015,0.003460962269264519,0.0686125201588481,0.11475
Emmett Johnson,RB,KC,LV,KC@LV,True,1.0,,False,,,,,,,,,,,,,0.1404,0.1671,0.18125,25,25.467845072675434,11.385495499583495,34.52882748249672,50.0,6.2898183151172065,0.0,9.551676931023188,32.0,0.71165,0.0,1.0,35.0,0.04085,5.5543,1.01785,0.18757640662614591,0.0327211422993521,0.1671
Travis Kelce,TE,KC,LV,KC@LV,True,1.0,,False,,,,,,,,,,,,,0.0,0.2746,0.31655,50,0.0,0.0,0.0,95.0,54.388185572851754,27.796045933516247,73.70908658698794,70.0,4.36795,3.0,6.0,74.0,0.31655,0.0,6.8217,0.003460962269264519,0.19415953435282013,0.2746
Nikko Remigio,WR,KC,LV,KC@LV,True,1.0,,False,,,,,,,,,,,,,0.0,0.00295,0.003,1,0.0,0.0,0.0,60.0,0.7749448687290467,0.0,0.0,60.0,0.05305,0.0,0.0,60.0,0.003,0.0,0.09265,0.003460962269264519,0.0030898924244793396,0.00295
Rashee Rice,WR,KC,LV,KC@LV,True,0.9479829842591244,Full,False,,,,,,,,,,,,,0.0,0.28271114641249667,0.3266084193804607,49,0.0,0.0,0.0,83.0,50.94062257749423,23.829191534430926,70.50171473513498,57.0,3.5704527402700554,2.0,5.0,59.0,0.3266084193804607,0.0,5.922848821816256,0.003460962269264519,0.20219464020401473,0.26800535625943683
Jalen Royals,WR,KC,LV,KC@LV,True,1.0,,False,,,,,,,,,,,,,0.0,0.05485,0.0564,14,0.0,0.0,0.0,68.0,6.8060374169635,0.0,9.091352776439926,28.0,0.49675,0.0,1.0,8.0,0.0564,0.0,0.84575,0.003460962269264519,0.028656908667824194,0.05485
Brashard Smith,RB,KC,LV,KC@LV,True,1.0,,False,,,,,,,,,,,,,0.01105,0.0664,0.0686,7,1.7744922619181924,0.0,0.09497550806036614,60.0,4.952499987789031,0.0,7.270100988238187,17.0,0.59335,0.0,1.0,11.0,0.05755,0.3916,0.86185,0.01321666347103352,0.027715096664208794,0.0664
Tyquan Thornton,WR,KC,LV,KC@LV,True,1.0,,False,,,,,,,,,,,,,0.0,0.10645,0.11155,26,0.0,0.0,0.0,84.0,27.752399752597302,4.3762664028854825,41.65932825533314,44.0,1.6751,1.0,2.0,66.0,0.11155,0.0,2.95355,0.003460962269264519,0.09951224195934513,0.10645
Ben VanSumeren,RB,KC,LV,KC@LV,True,1.0,,False,,,,,,,,,,,,,0.0,0.00425,0.00425,1,0.0,0.0,0.0,60.0,0.6107697227790025,0.0,0.0,60.0,0.0713,0.0,0.0,60.0,0.00425,0.0,0.1031,0.003443058650008414,0.003331406474270285,0.00425
Kenneth Walker III,RB,KC,LV,KC@LV,True,1.0,,False,,,,,,,,,,,,,0.64945,0.6196,0.9178,85,113.69986987012786,83.50296298904932,139.07819483447406,85.0,23.163667293852754,8.626108437695773,33.04848895171489,68.0,2.6604,1.0,4.0,66.0,0.26835,18.5226,3.7861,0.6276431018248757,0.12066586120949652,0.6196
Xavier Worthy,WR,KC,LV,KC@LV,True,1.0,,False,,,,,,,,,,,,,0.0,0.25725,0.29575,61,0.0,0.0,0.0,95.0,39.95462891086648,16.578009467639088,56.51414301791151,65.0,3.0262,2.0,4.0,75.0,0.29575,0.0,5.29155,0.003460962269264519,0.1768154211934652,0.25725
Kirk Cousins,QB,LV,KC,KC@LV,True,1.0,,False,20.43915,17.0,23.0,91.0,216.79273061948206,163.89107491065892,258.9314900928521,87.0,1.54475,1.0,2.0,81.0,0.0346,0.03385,0.0346,62,,,,,,,,,,,,,,,,,,0.03385
Cody White,WR,LV,KC,KC@LV,True,0.9575230478992892,Limited,False,,,,,,,,,,,,,0.0,0.16443864229765012,0.1804177545691906,38,0.0,0.0,0.0,73.0,14.909416048660194,0.0,22.62356404188357,29.0,1.1681462140992167,0.0,2.0,24.0,0.1804177545691906,0.0,1.9907049608355092,0.0034255578784995926,0.054762679400640224,0.15745378996526693
Malik Benson,WR,LV,KC,KC@LV,True,0.9479829842591244,Full,False,,,,,,,,,,,,,0.0034867135083733953,0.03909345448782292,0.0398858893760896,7,0.7761766706431704,0.0,0.0,63.0,7.552507462373138,0.0,11.039106956705659,21.0,0.606793808442073,0.0,1.0,16.0,0.0363991758677162,0.1972634581858524,1.0387764805325161,0.006511646057328055,0.028399677261067607,0.037059929650364636
Brock Bowers,TE,LV,KC,KC@LV,True,0.9575230478992892,Limited,False,,,,,,,,,,,,,0.0,0.3577065802540114,0.42967647519991636,50,0.0,0.0,0.0,88.0,66.05293080001968,38.75658089023149,86.23222609755265,67.0,6.280771442011185,4.0,8.0,70.0,0.42967647519991636,0.0,9.68483771494277,0.00479578102989943,0.25034393203975536,0.3425122949784527
Connor Heyward,RB,LV,KC,KC@LV,True,1.0,,False,,,,,,,,,,,,,0.0219,0.0301,0.0305,4,5.257538308347389,0.0,6.5830414288563235,26.0,1.2202676395224004,0.0,0.0,64.0,0.1594,0.0,0.0,64.0,0.0086,1.48545,0.2248,0.04752383222992902,0.006114776369486277,0.0301
Ashton Jeanty,RB,LV,KC,KC@LV,True,0.9508674235277402,Full,False,,,,,,,,,,,,,0.3580104106419896,0.493821967506178,0.6583416583416584,84,59.30779506993721,37.602912297016786,75.24509226310244,77.0,28.20986111143206,12.915901309192957,38.95804584704348,69.0,3.782796151217204,2.0,5.0,72.0,0.30033124769966874,17.39392186760608,5.417582417582418,0.6071335481671585,0.14573538844504513,0.46955922192399896
Dylan Laube,RB,LV,KC,KC@LV,True,1.0,,False,,,,,,,,,,,,,0.00345,0.0075,0.00755,1,0.8732115287416881,0.0,0.0,60.0,0.5951779734149558,0.0,0.0,60.0,0.0792,0.0,0.0,60.0,0.0041,0.2244,0.11075,0.007110179280823846,0.003048724462912178,0.0075
Michael Mayer,TE,LV,KC,KC@LV,True,1.0,,False,,,,,,,,,,,,,0.0,0.23855,0.2695,53,0.0,0.0,0.0,97.0,39.02017325195939,18.829606822281548,53.3760668706056,72.0,4.00955,2.0,5.0,76.0,0.2695,0.0,6.1977,0.0034255578784995926,0.156591426382505,0.23855
Jalen Nailor,WR,LV,KC,KC@LV,True,1.0,,False,,,,,,,,,,,,,0.0,0.1364,0.14535,25,0.0,0.0,0.0,78.0,24.172251644428574,5.271970540153545,35.76829560544767,40.0,1.8711,1.0,3.0,46.0,0.14535,0.0,3.2879,0.0034255578784995926,0.08944908339636284,0.1364
Ian Thomas,TE,LV,KC,KC@LV,True,1.0,,False,,,,,,,,,,,,,0.0,0.02475,0.0251,5,0.0,0.0,0.0,65.0,5.138293474826749,0.0,6.78663969650017,25.0,0.5062,0.0,1.0,6.0,0.0251,0.0,0.78225,0.0034255578784995926,0.0198833975145798,0.02475
Tre Tucker,WR,LV,KC,KC@LV,True,1.0,,False,,,,,,,,,,,,,0.0,0.2008,0.224,46,0.0,0.0,0.0,97.0,43.43879819147572,18.66417040271581,60.79391279024697,68.0,3.25135,2.0,4.0,78.0,0.224,0.0,5.5563,0.0034255578784995926,0.15231366414891231,0.2008
Mike Washington Jr.,RB,LV,KC,KC@LV,True,1.0,,False,,,,,,,,,,,,,0.12705,0.13705,0.1477,33,29.336312325048418,13.336158002605277,38.59743686430939,54.0,3.067038321964697,0.0,3.1293773858369063,49.0,0.4172,0.0,1.0,20.0,0.02065,7.09765,0.5895,0.2280741146327831,0.015570692276569792,0.13705
Dareke Young,WR,LV,KC,KC@LV,True,1.0,,False,,,,,,,,,,,,,0.0,0.02,0.0201,5,0.0,0.0,0.0,65.0,4.3125511060628146,0.0,1.5481208069153416,54.0,0.32705,0.0,1.0,5.0,0.0201,0.0,0.5576,0.0034255578784995926,0.01503844061738861,0.02
Justin Herbert,QB,LAC,SEA,LAC@SEA,True,1.0,,False,17.86625,15.0,20.0,92.0,179.3322701879422,134.17661316224292,216.30411976716923,86.0,1.06545,0.0,2.0,44.0,0.1074,0.10195,0.1074,62,,,,,,,,,,,,,,,,,,0.10195
Derius Davis,WR,LAC,SEA,LAC@SEA,True,1.0,,False,,,,,,,,,,,,,0.0,0.0173,0.0173,5,0.0,0.0,0.0,65.0,4.403696256243607,0.0,4.037652625399712,37.0,0.39275,0.0,1.0,5.0,0.0173,0.0,0.67995,0.0032887126712387916,0.015441017995093948,0.0173
Oronde Gadsden II,TE,LAC,SEA,LAC@SEA,True,1.0,,False,,,,,,,,,,,,,0.00325,0.17665,0.1935,37,0.8369803826757641,0.0,0.0,84.0,29.90498130238019,12.056173880985668,42.58587756569385,53.0,3.07355,2.0,4.0,64.0,0.19025,0.19405,4.8769,0.006714455037112532,0.11684819885310287,0.17665
Omarion Hampton,RB,LAC,SEA,LAC@SEA,True,1.0,,False,,,,,,,,,,,,,0.30345,0.31455,0.37235,85,56.49927747681397,35.264677054150106,72.31848466246001,80.0,11.480254670430172,1.8886912523241801,17.12786337373349,60.0,1.8012,1.0,3.0,67.0,0.0689,14.05,2.4853,0.497073526770105,0.05605332974370755,0.31455
Tre Harris,WR,LAC,SEA,LAC@SEA,True,1.0,,False,,,,,,,,,,,,,0.0,0.2292,0.2572,53,0.0,0.0,0.0,94.0,39.14072597011488,17.119219577270098,54.51818450984738,65.0,3.34465,2.0,5.0,67.0,0.2572,0.0,5.6712,0.0032887126712387916,0.12922691808948278,0.2292
Patrick Herbert,TE,LAC,SEA,LAC@SEA,True,1.0,,False,,,,,,,,,,,,,0.0,0.0042,0.0042,1,0.0,0.0,0.0,60.0,0.9501934538493406,0.0,0.0,60.0,0.10575,0.0,0.0,60.0,0.0042,0.0,0.16895,0.0046041977397343085,0.0040823085174451264,0.0042
Alec Ingold,RB,LAC,SEA,LAC@SEA,True,1.0,,False,,,,,,,,,,,,,0.0,0.057,0.05855,11,0.0,0.0,0.0,65.0,4.5137689003153145,0.0,6.667737042052955,21.0,0.66215,0.0,1.0,20.0,0.05855,0.0,0.9561,0.0036952945753489157,0.02139757814074709,0.057
Quentin Johnston,WR,LAC,SEA,LAC@SEA,True,1.0,,False,,,,,,,,,,,,,0.00485,0.1721,0.18685,33,1.1435551299155438,0.0,0.0,90.0,46.069506768488324,21.438522219634333,63.95450703400991,63.0,3.6874,2.0,5.0,66.0,0.182,0.2854,6.72665,0.010140197402986275,0.15388130756618928,0.1721
Ladd McConkey,WR,LAC,SEA,LAC@SEA,True,0.6667342299285288,Questionable; Limited,False,,,,,,,,,,,,,0.0,0.20292697646348823,0.22276704888352444,27,0.0,0.0,0.0,58.0,38.59619224368778,16.903651962199575,53.594532116407144,39.0,3.291792395896198,2.0,4.0,46.0,0.22276704888352444,0.0,5.668904646952323,0.0032887126712387916,0.14996745811321108,0.13529836138410853
Keaton Mitchell,RB,LAC,SEA,LAC@SEA,True,0.9508674235277402,Full,False,,,,,,,,,,,,,0.11442342955938598,0.1970975009168544,0.21606328914968304,54,25.56175935479474,11.824109460443573,34.38707970142769,62.0,11.547426409521567,1.731531251152825,17.237919796343757,49.0,1.7593650128359617,1.0,3.0,54.0,0.10163985959029706,5.909205218211348,2.5172630586262903,0.20949279853215524,0.05638636291142218,0.18741359288056578
Hayden Rucci,TE,LAC,SEA,LAC@SEA,True,1.0,,False,,,,,,,,,,,,,0.0,0.0037,0.0037,1,0.0,0.0,0.0,60.0,0.8746964131578965,0.0,0.0,60.0,0.09565,0.0,0.0,60.0,0.0037,0.0,0.15255,0.0046041977397343085,0.003587966470410755,0.0037
Marquez Valdes-Scantling,WR,LAC,SEA,LAC@SEA,True,1.0,,False,,,,,,,,,,,,,0.0,0.04095,0.04155,3,0.0,0.0,0.0,63.0,9.92802471260578,0.0,15.297722376097799,16.0,0.87875,0.0,1.0,29.0,0.04155,0.0,1.58345,0.0046041977397343085,0.036091110957891595,0.04095
Kimani Vidal,RB,LAC,SEA,LAC@SEA,True,1.0,,False,,,,,,,,,,,,,0.0466,0.08965,0.0936,19,11.109683742900089,2.319916032334977,15.320520336863437,37.0,8.160689035965273,0.0,12.487103418891433,26.0,1.21305,0.0,2.0,23.0,0.047,2.6905,1.78545,0.09531117616028195,0.04046362227468789,0.08965
Sam Darnold,QB,SEA,LAC,LAC@SEA,True,1.0,,False,18.5889,16.0,21.0,83.0,241.25211712725283,180.44537383485178,290.406885446005,77.0,1.8519,1.0,3.0,58.0,0.05345,0.05255,0.05345,51,,,,,,,,,,,,,,,,,,0.05255
Elijah Arroyo,TE,SEA,LAC,LAC@SEA,True,1.0,,False,,,,,,,,,,,,,0.0,0.04225,0.0427,2,0.0,0.0,0.0,62.0,6.650301386947036,0.0,9.93473765937941,17.0,0.60995,0.0,1.0,12.0,0.0427,0.0,0.93895,0.003262229815323455,0.02872645490818688,0.04225
AJ Barner,TE,SEA,LAC,LAC@SEA,True,1.0,,False,,,,,,,,,,,,,0.0323,0.3128,0.37015,54,1.1702665653974877,0.0,0.0,84.0,33.71362200830112,13.594278233670163,47.45583700309609,54.0,3.05785,2.0,4.0,64.0,0.33785,0.2637,4.40255,0.005980754661426334,0.13364013716976386,0.3128
Montorie Foster Jr,WR,SEA,LAC,LAC@SEA,True,1.0,,False,,,,,,,,,,,,,0.0,0.0127,0.01275,1,0.0,0.0,0.0,60.0,2.3497741890705903,0.0,0.0,60.0,0.17305,0.0,0.0,60.0,0.01275,0.0,0.2753,0.005708902176816046,0.00854305500139244,0.0127
George Holani,RB,SEA,LAC,LAC@SEA,True,0.9951309141019752,Limited,False,,,,,,,,,,,,,0.2629145728643216,0.3107537688442211,0.36527638190954775,66,31.77215949495227,15.856089337806178,42.40701737373801,60.0,9.73846232139506,0.0,14.883010998978943,39.0,1.194673366834171,0.0,2.0,35.0,0.10236180904522613,7.747738693467337,1.6005527638190955,0.17829966896321653,0.047136227034003074,0.30924068205058364
Tory Horton,WR,SEA,LAC,LAC@SEA,True,1.0,,False,,,,,,,,,,,,,0.0,0.0881,0.09175,7,0.0,0.0,0.0,66.0,16.788966132716702,0.0,25.569143624648966,21.0,1.2187,0.0,2.0,17.0,0.09175,0.0,1.96605,0.0038059347845440313,0.06098935874830184,0.0881
Cooper Kupp,WR,SEA,LAC,LAC@SEA,True,1.0,,False,,,,,,,,,,,,,0.0,0.1829,0.2005,27,0.0,0.0,0.0,79.0,33.025339795967625,11.052689892496208,47.709605830506916,46.0,2.4019,1.0,3.0,54.0,0.2005,0.0,3.7362,0.003262229815323455,0.11564225014598997,0.1829
Brady Russell,RB,SEA,LAC,LAC@SEA,True,1.0,,False,,,,,,,,,,,,,0.0,0.02395,0.0241,4,0.0,0.0,0.0,64.0,3.348594734960346,0.0,3.4967473405687204,33.0,0.4037,0.0,1.0,4.0,0.0241,0.0,0.54285,0.0028565878489370602,0.015908084359317815,0.02395
Eric Saubert,TE,SEA,LAC,LAC@SEA,True,1.0,,False,,,,,,,,,,,,,0.0,0.08995,0.0943,16,0.0,0.0,0.0,65.0,4.829771744918948,0.0,5.613824522565894,30.0,0.4432,0.0,1.0,5.0,0.0943,0.0,0.64905,0.003262229815323455,0.019484648712587753,0.08995
Rashid Shaheed,WR,SEA,LAC,LAC@SEA,True,0.9479829842591244,Full,False,,,,,,,,,,,,,0.012725736614214805,0.19389587073608616,0.21348611257788574,30,2.425594905723745,0.0,1.7377748497298982,59.0,34.82133129484721,13.36548641261048,49.86574454769986,50.0,2.7179744429189987,1.0,4.0,48.0,0.20076037596367094,0.5392332875699651,4.419896504382723,0.012571117924706042,0.1384342180920213,0.1838099861759164
Jaxon Smith-Njigba,WR,SEA,LAC,LAC@SEA,True,1.0,,False,,,,,,,,,,,,,0.0,0.53885,0.7461,85,0.0,0.0,0.0,97.0,105.91680384842827,63.59101531752013,138.20543807599913,79.0,6.7456,5.0,8.0,87.0,0.7461,0.0,10.0588,0.003262229815323455,0.3117321820838493,0.53885
Emanuel Wilson,RB,SEA,LAC,LAC@SEA,True,1.0,,False,,,,,,,,,,,,,0.6022,0.51795,0.7042,85,68.29227338052769,45.05461458772908,86.6408243841391,82.0,9.25249580660798,0.0,14.219162146535695,54.0,1.1095,0.0,2.0,46.0,0.102,16.7948,1.47965,0.3854656705746217,0.04332789584955171,0.51795
Bo Nix,QB,DEN,SF,DEN@SF,True,1.0,,False,20.9041,18.0,24.0,91.0,210.43032276071548,160.1329586788726,250.6721748550894,87.0,1.3163,1.0,2.0,77.0,0.12705,0.1185,0.12705,62,,,,,,,,,,,,,,,,,,0.1185
Nate Adkins,TE,DEN,SF,DEN@SF,True,1.0,,False,,,,,,,,,,,,,0.005,0.1052,0.11015,25,0.8513954129746067,0.0,0.0,68.0,7.339872518991888,0.0,11.279692013212046,22.0,0.76585,0.0,1.0,29.0,0.10515,0.20065,1.1886,0.006422897744400225,0.030238715716941568,0.1052
Tyler Badie,RB,DEN,SF,DEN@SF,True,1.0,,False,,,,,,,,,,,,,0.02825,0.1218,0.129,23,4.946857997309912,0.0,6.380560933898158,32.0,9.12254077081883,0.0,13.977110466913391,25.0,1.22735,0.0,2.0,22.0,0.10075,1.1908,1.83525,0.03909802006384808,0.046025053483506904,0.1218
Pat Bryant,WR,DEN,SF,DEN@SF,True,1.0,,False,,,,,,,,,,,,,0.00475,0.1055,0.1103,27,0.8568693504043089,0.0,0.0,79.0,21.153934615103857,3.5278971516768416,31.57221299081253,39.0,1.72355,1.0,3.0,44.0,0.10555,0.1962,2.9073,0.006422897744400225,0.07903685310951225,0.1055
J.K. Dobbins,RB,DEN,SF,DEN@SF,True,0.9508674235277402,Full,False,,,,,,,,,,,,,0.38830403200336877,0.3446152226550163,0.4174123591957048,69,51.18895833521468,31.19851274970786,65.34441555135405,72.0,5.207613672765404,0.0,7.952543752605917,48.0,0.7373407727129172,0.0,1.0,53.0,0.029108327192336036,12.74192020212654,1.0557953468786188,0.4410053888598924,0.02628217469292448,0.3276833888744139
Evan Engram,TE,DEN,SF,DEN@SF,True,1.0,,False,,,,,,,,,,,,,0.0,0.12885,0.1367,28,0.0,0.0,0.0,81.0,24.73972391468905,9.06408855887346,35.61991533565573,49.0,2.6161,1.0,4.0,46.0,0.1367,0.0,4.1704,0.0029321924485305375,0.10736752306578656,0.12885
Troy Franklin,WR,DEN,SF,DEN@SF,True,1.0,,False,,,,,,,,,,,,,0.00765,0.1046,0.10925,13,1.228983658251284,0.0,0.0,66.0,19.58513708122561,2.493096958657464,29.691076164630225,25.0,1.64695,1.0,2.0,48.0,0.1016,0.28805,2.81325,0.009448175667487287,0.07607370667536914,0.1046
RJ Harvey,RB,DEN,SF,DEN@SF,True,1.0,,False,,,,,,,,,,,,,0.14035,0.2944,0.34175,51,25.378794917355215,11.097052794357708,34.16994053571721,69.0,27.55350354996419,12.922024098784819,38.03908919778583,69.0,3.91645,2.0,5.0,73.0,0.2014,6.1115,5.43705,0.20073208573694062,0.1365977071880779,0.2944
Lil'Jordan Humphrey,WR,DEN,SF,DEN@SF,True,1.0,,False,,,,,,,,,,,,,0.0,0.04815,0.0491,1,0.0,0.0,0.0,61.0,11.784456509327473,0.0,18.232234196252943,15.0,0.9792,0.0,2.0,1.0,0.0491,0.0,1.73885,0.00513133678492844,0.0467505019066748,0.04815
Kolbe Katsis,WR,DEN,SF,DEN@SF,True,1.0,,False,,,,,,,,,,,,,0.0,0.0067,0.0068,1,0.0,0.0,0.0,60.0,1.5727226730228587,0.0,0.0,60.0,0.12985,0.0,0.0,60.0,0.0068,0.0,0.21745,0.00513133678492844,0.005869234307416399,0.0067
Marvin Mims Jr.,WR,DEN,SF,DEN@SF,True,0.9479829842591244,Full,False,,,,,,,,,,,,,0.0,0.054275366122513255,0.05590257729253058,4,0.0,0.0,0.0,61.0,12.745055954584418,0.0,19.715553305239837,17.0,1.2616135635924624,0.0,2.0,16.0,0.05590257729253058,0.0,2.0781586268437353,0.004105069427942753,0.05571593851608424,0.0514521235485767
Adam Prentice,RB,DEN,SF,DEN@SF,True,1.0,,False,,,,,,,,,,,,,0.0,0.0084,0.00855,1,0.0,0.0,0.0,61.0,1.550732692230671,0.0,0.0,61.0,0.22405,0.0,0.0,61.0,0.00855,0.0,0.3174,0.0037039147476530692,0.008033467134708908,0.0084
Courtland Sutton,WR,DEN,SF,DEN@SF,True,1.0,,False,,,,,,,,,,,,,0.0,0.2384,0.2689,66,0.0,0.0,0.0,95.0,36.478705803153865,15.281535227564454,51.51543388606267,65.0,3.1282,2.0,4.0,76.0,0.2689,0.0,5.63045,0.0029321924485305375,0.15152625818913287,0.2384
Adam Trautman,TE,DEN,SF,DEN@SF,True,1.0,,False,,,,,,,,,,,,,0.0,0.0297,0.0299,7,0.0,0.0,0.0,66.0,6.3933145916259155,0.0,9.455019976994073,22.0,0.67475,0.0,1.0,22.0,0.0299,0.0,0.9938,0.0029321924485305375,0.025166779502502058,0.0297
Jaylen Waddle,WR,DEN,SF,DEN@SF,True,0.9479829842591244,Full,False,,,,,,,,,,,,,0.004592725545056221,0.18112231431135511,0.19717045874465502,47,0.9245452064816192,0.0,0.0,95.0,43.49160012842444,20.10404070558544,60.09068911433904,69.0,3.6563902233014836,2.0,5.0,71.0,0.19257773319959878,0.21100142532861743,6.21723063928628,0.006841782379904587,0.16910443801837943,0.17170087203679754
Brock Purdy,QB,SF,DEN,DEN@SF,True,1.0,,False,18.43785,16.0,21.0,92.0,225.31160922658304,167.56254641260085,270.99744045586783,86.0,1.84215,1.0,3.0,67.0,0.11545,0.10915,0.11545,62,,,,,,,,,,,,,,,,,,0.10915
Kaelon Black,RB,SF,DEN,DEN@SF,True,1.0,,False,,,,,,,,,,,,,0.2471,0.2398,0.2715,48,39.47453878212903,21.080381919762647,52.313953217907844,60.0,3.127977506157411,0.0,2.294043222899099,61.0,0.3629,0.0,1.0,23.0,0.0244,7.7826,0.5181,0.23535440655223241,0.013060571821693389,0.2398
Brandin Cooks,WR,SF,DEN,DEN@SF,True,1.0,,False,,,,,,,,,,,,,0.0,0.07305,0.0761,1,0.0,0.0,0.0,61.0,13.462863965393082,0.0,20.773949323753403,15.0,0.94825,0.0,1.0,29.0,0.0761,0.0,1.5949,0.005374325016067712,0.042895629934630516,0.07305
Jacob Cowing,WR,SF,DEN,DEN@SF,True,1.0,,False,,,,,,,,,,,,,0.0056,0.04315,0.04415,5,1.0526802122645273,0.0,0.0,65.0,6.864798178842099,0.0,8.889451165940022,26.0,0.4733,0.0,1.0,5.0,0.03855,0.20185,0.8139,0.005995845596157175,0.022039752282132303,0.04315
Mike Evans,WR,SF,DEN,DEN@SF,True,0.6667342299285288,Questionable; Limited,False,,,,,,,,,,,,,0.0,0.31570297325564023,0.3746451516509786,35,0.0,0.0,0.0,66.0,53.23305906392799,24.967605823383742,73.69836233653434,47.0,3.6852681906469447,2.0,5.0,49.0,0.3746451516509786,0.0,6.337292693859256,0.0030710428663244076,0.19581578636827604,0.2104899787597462
Luke Farrell,TE,SF,DEN,DEN@SF,True,1.0,,False,,,,,,,,,,,,,0.0,0.03345,0.03365,5,0.0,0.0,0.0,65.0,5.514893799596794,0.0,6.853511817296329,28.0,0.47095,0.0,1.0,5.0,0.03365,0.0,0.72705,0.0030710428663244076,0.020232908814165798,0.03345
Jordan James,RB,SF,DEN,DEN@SF,True,1.0,,False,,,,,,,,,,,,,0.06795,0.07395,0.0764,2,13.566026913724468,2.794618804982153,19.08396573949549,26.0,1.1994976103897028,0.0,0.0,62.0,0.13575,0.0,0.0,62.0,0.00845,2.60415,0.1917,0.07812553672694611,0.0047922598112984304,0.07395
Kyle Juszczyk,RB,SF,DEN,DEN@SF,True,1.0,,False,,,,,,,,,,,,,0.0,0.14965,0.1605,20,0.0,0.0,0.0,68.0,12.593016134956809,0.0,19.150122473094854,22.0,1.35635,0.0,2.0,24.0,0.1605,0.0,1.8741,0.002997415283144682,0.04771474741454408,0.14965
George Kittle,TE,SF,DEN,DEN@SF,True,1.0,,False,,,,,,,,,,,,,0.0,0.3978,0.4953,66,0.0,0.0,0.0,95.0,57.8686977810347,29.378972942798768,78.4956675862817,70.0,4.5942,3.0,6.0,76.0,0.4953,0.0,6.80845,0.0030710428663244076,0.18884963429795898,0.3978
Christian McCaffrey,RB,SF,DEN,DEN@SF,True,0.9508674235277402,Full,False,,,,,,,,,,,,,0.5217643338954469,0.6303752107925801,0.9426117200674536,84,72.38779790603883,48.17715136543846,91.41827358675648,78.0,42.99227082796276,22.31107196863408,58.29477633411773,71.0,4.7514228499156825,3.0,6.0,77.0,0.42084738617200673,13.827993254637438,6.713901770657673,0.43406771894400925,0.17103836063161115,0.5994032525420968
Deebo Samuel Sr.,WR,SF,DEN,DEN@SF,True,1.0,,False,,,,,,,,,,,,,0.0252,0.32775,0.3895,46,4.8740093541591865,0.0,6.488685958985492,47.0,49.19882050941395,21.30487105749153,69.05752600324101,58.0,3.4371,2.0,5.0,61.0,0.3643,0.92775,5.55785,0.02795070537895178,0.14850278240898987,0.32775
Jordan Watkins,WR,SF,DEN,DEN@SF,True,1.0,,False,,,,,,,,,,,,,0.0,0.0558,0.0572,3,0.0,0.0,0.0,63.0,11.943624263171808,0.0,18.238659740444998,17.0,0.7526,0.0,1.0,23.0,0.0572,0.0,1.25885,0.004299460012854171,0.033760965478700264,0.0558
Brayden Willis,TE,SF,DEN,DEN@SF,True,1.0,,False,,,,,,,,,,,,,0.0,0.005,0.005,1,0.0,0.0,0.0,60.0,0.7999038093979801,0.0,0.0,60.0,0.06955,0.0,0.0,60.0,0.005,0.0,0.10655,0.003582883344045142,0.002838696348869022,0.005
Jared Goff,QB,DET,CAR,DET@CAR,True,1.0,,False,22.9252,20.0,26.0,92.0,255.26308684833666,194.31062242908814,304.08795698648584,87.0,1.61165,1.0,2.0,81.0,0.0521,0.05055,0.0521,62,,,,,,,,,,,,,,,,,,0.05055
Jahmyr Gibbs,RB,DET,CAR,DET@CAR,True,1.0,,False,,,,,,,,,,,,,0.986,0.7421,1.2724,85,99.70184815372723,71.89035453506187,122.70225004962703,85.0,32.867578733689435,16.12825931114726,44.78633667903365,74.0,4.2013,3.0,6.0,79.0,0.2864,19.6219,5.7232,0.7751850110497327,0.16214117450103904,0.7421
Tom Kennedy,WR,DET,CAR,DET@CAR,True,1.0,,False,,,,,,,,,,,,,0.0,0.0125,0.0126,1,0.0,0.0,0.0,60.0,3.0886971676945616,0.0,0.0,60.0,0.24085,0.0,0.0,60.0,0.0126,0.0,0.3957,0.0038415130614106482,0.010432581648908028,0.0125
Sam LaPorta,TE,DET,CAR,DET@CAR,True,1.0,,False,,,,,,,,,,,,,0.0,0.31985,0.3823,72,0.0,0.0,0.0,97.0,60.241199620081204,33.98302791422728,79.78182412971336,77.0,5.61595,4.0,7.0,84.0,0.3823,0.0,8.223,0.0038415130614106482,0.19841174899369102,0.31985
Tay Martin,WR,DET,CAR,DET@CAR,True,1.0,,False,,,,,,,,,,,,,0.0,0.0101,0.0101,1,0.0,0.0,0.0,60.0,2.4246860106111163,0.0,0.0,60.0,0.19125,0.0,0.0,60.0,0.0101,0.0,0.3166,0.0038415130614106482,0.008621968304882667,0.0101
Jackson Meeks,WR,DET,CAR,DET@CAR,True,1.0,,False,,,,,,,,,,,,,0.0,0.02325,0.02335,2,0.0,0.0,0.0,62.0,5.691717308552408,0.0,7.040754492881573,24.0,0.4462,0.0,1.0,2.0,0.02335,0.0,0.73615,0.0038415130614106482,0.019737743915269484,0.02325
Jacob Saylors,RB,DET,CAR,DET@CAR,True,1.0,,False,,,,,,,,,,,,,0.01045,0.0149,0.0151,1,1.2455959576488422,0.0,0.0,60.0,0.8749049929809302,0.0,0.0,60.0,0.11555,0.0,0.0,60.0,0.00465,0.25195,0.15945,0.010091520359368623,0.004511173780891067,0.0149
Amon-Ra St. Brown,WR,DET,CAR,DET@CAR,True,1.0,,False,,,,,,,,,,,,,0.0,0.42675,0.5399,85,0.0,0.0,0.0,97.0,73.19387291814503,43.712661281345945,95.63297138312153,79.0,6.5755,5.0,8.0,86.0,0.5399,0.0,10.59375,0.0038415130614106482,0.28363227156916554,0.42675
Isaac TeSlaa,WR,DET,CAR,DET@CAR,True,1.0,,False,,,,,,,,,,,,,0.0,0.12835,0.13575,41,0.0,0.0,0.0,87.0,24.163876919037897,3.304270696001299,35.9400881840792,47.0,1.6613,1.0,2.0,69.0,0.13575,0.0,2.82345,0.0038415130614106482,0.07567463907937996,0.12835
Sione Vaki,RB,DET,CAR,DET@CAR,True,1.0,,False,,,,,,,,,,,,,0.11525,0.1368,0.14625,19,15.789644381186086,4.861470953223533,21.80888662161031,40.0,5.997962324003457,0.0,9.15408735082283,27.0,0.7741,0.0,1.0,34.0,0.031,3.21825,1.07125,0.12687938776265129,0.030165145527173934,0.1368
Jameson Williams,WR,DET,CAR,DET@CAR,True,1.0,,False,,,,,,,,,,,,,0.0,0.1862,0.2055,50,0.0,0.0,0.0,97.0,53.31247560228232,24.168400140740495,73.92146504250724,72.0,3.56285,2.0,5.0,75.0,0.2055,0.0,5.8865,0.0038415130614106482,0.1581149233879144,0.1862
Brock Wright,TE,DET,CAR,DET@CAR,True,1.0,,False,,,,,,,,,,,,,0.0,0.0581,0.0605,9,0.0,0.0,0.0,68.0,12.040741937527208,0.0,18.591189920982387,22.0,1.1958,0.0,2.0,18.0,0.0605,0.0,1.8518,0.0038415130614106482,0.04523149968397011,0.0581
Bryce Young,QB,CAR,DET,DET@CAR,True,0.98,Full,False,23.202244897959183,20.0,26.0,90.0,283.88361433619417,216.13941958215221,338.8211544035047,85.0,1.8218367346938775,1.0,3.0,66.0,0.1186734693877551,0.11081632653061224,0.1186734693877551,60,,,,,,,,,,,,,,,,,,0.10859999999999999
Jalen Coker,WR,CAR,DET,DET@CAR,True,0.6667342299285288,Questionable; Limited,False,,,,,,,,,,,,,0.0,0.32379529323870004,0.3864774000747105,44,0.0,0.0,0.0,63.0,53.63359119454511,25.71176825849926,73.31507841693244,46.0,4.094882330967501,2.0,5.0,49.0,0.3864774000747105,0.0,6.121479267837131,0.0035307351427573174,0.15147965006591754,0.21588540549198684
AJ Dillon,RB,CAR,DET,DET@CAR,True,1.0,,False,,,,,,,,,,,,,0.15305,0.1582,0.17165,15,19.00166376673998,6.426450034394736,25.28176390794852,44.0,2.847799136080058,0.0,1.6505607515456617,57.0,0.3616,0.0,1.0,14.0,0.0186,4.7925,0.4886,0.13199343321025747,0.009712745580033936,0.1582
Mitchell Evans,TE,CAR,DET,DET@CAR,True,1.0,,False,,,,,,,,,,,,,0.0,0.12735,0.13585,23,0.0,0.0,0.0,71.0,13.522698753593053,0.0,20.672364057706535,25.0,1.2574,0.0,2.0,23.0,0.13585,0.0,1.8015,0.003026344408077701,0.037352850608313046,0.12735
Feleipe Franks,TE,CAR,DET,DET@CAR,True,1.0,,False,,,,,,,,,,,,,0.0,0.00215,0.00215,1,0.0,0.0,0.0,60.0,0.5116037486778156,0.0,0.0,60.0,0.049,0.0,0.0,60.0,0.00215,0.0,0.0734,0.003026344408077701,0.0015210066250703376,0.00215
Jimmy Horn Jr.,WR,CAR,DET,DET@CAR,True,1.0,,False,,,,,,,,,,,,,0.0,0.05495,0.0563,1,0.0,0.0,0.0,61.0,12.624120702380958,0.0,19.247058004411926,15.0,0.94095,0.0,1.0,29.0,0.0563,0.0,1.5035,0.005296102714135976,0.03248095748972875,0.05495
Chuba Hubbard,RB,CAR,DET,DET@CAR,True,0.9508674235277402,Full,False,,,,,,,,,,,,,0.6825956528603758,0.5912320404189253,0.8592705647071207,84,79.19146392520462,54.44310750926446,98.91995371341412,79.0,18.57728847577925,5.311984141868207,26.96145951775465,62.0,2.307246987000684,1.0,3.0,70.0,0.17667491184674491,16.32561444134519,3.089995263407189,0.49135500995861664,0.062163413551186875,0.5621832869801923
Tetairoa McMillan,WR,CAR,DET,DET@CAR,True,1.0,,False,,,,,,,,,,,,,0.0,0.4175,0.52865,71,0.0,0.0,0.0,97.0,93.10963997361674,53.12767148651092,122.97734694403856,77.0,6.1978,4.0,8.0,81.0,0.52865,0.0,10.0492,0.003026344408077701,0.21779607881569354,0.4175
John Metchie III,WR,CAR,DET,DET@CAR,True,1.0,,False,,,,,,,,,,,,,0.0,0.1382,0.1469,23,0.0,0.0,0.0,76.0,23.906644243388293,5.069845963154195,35.385466747545706,38.0,1.96045,1.0,3.0,45.0,0.1469,0.0,3.15015,0.0035307351427573174,0.06815146549448262,0.1382
David Moore,WR,CAR,DET,DET@CAR,True,1.0,,False,,,,,,,,,,,,,0.0,0.01925,0.01935,3,0.0,0.0,0.0,63.0,4.90877066212221,0.0,3.423853249705518,42.0,0.3641,0.0,1.0,3.0,0.01935,0.0,0.57915,0.0042368821713087805,0.012619781290885682,0.01925
Ja'Seem Reed,WR,CAR,DET,DET@CAR,True,1.0,,False,,,,,,,,,,,,,0.0,0.0211,0.0213,1,0.0,0.0,0.0,61.0,5.183063634427068,0.0,4.394067920586642,36.0,0.3866,0.0,1.0,1.0,0.0213,0.0,0.61765,0.005296102714135976,0.01306068359160382,0.0211
Brycen Tremayne,WR,CAR,DET,DET@CAR,True,1.0,,False,,,,,,,,,,,,,0.0,0.05955,0.06135,16,0.0,0.0,0.0,74.0,15.327444623722617,0.0,23.56386550809072,28.0,1.0475,0.0,2.0,17.0,0.06135,0.0,1.6738,0.003026344408077701,0.03602429211252918,0.05955
Tommy Tremble,TE,CAR,DET,DET@CAR,True,1.0,,False,,,,,,,,,,,,,0.0,0.1828,0.201,32,0.0,0.0,0.0,84.0,32.55726006425166,12.95790853957209,46.23012114301565,53.0,3.17985,2.0,4.0,65.0,0.201,0.0,4.6531,0.003026344408077701,0.09560103471134852,0.1828
Anthony Tyus III,RB,CAR,DET,DET@CAR,True,1.0,,False,,,,,,,,,,,,,0.0,0.0055,0.0055,1,0.0,0.0,0.0,60.0,0.7960808855498517,0.0,0.0,60.0,0.10055,0.0,0.0,60.0,0.0055,0.0,0.1357,0.002464806349763803,0.002746441433877648,0.0055
Darren Waller,TE,CAR,DET,DET@CAR,True,0.9479829842591244,Full,False,,,,,,,,,,,,,0.0,0.26424843148626564,0.3044234723467074,42,0.0,0.0,0.0,86.0,47.883978806392385,23.51757965051781,64.97068535853617,61.0,4.306321505773185,3.0,6.0,66.0,0.3044234723467074,0.0,6.347709179100543,0.003026344408077701,0.13116439683901093,0.2505030166661429
Michael Penix Jr.,QB,ATL,NO,ATL@NO,False,1.0,,False,17.1724,14.0,20.0,57.0,186.11295597248377,139.5009023536674,224.11616568355998,54.0,1.0875,0.0,2.0,12.0,0.043,0.042,0.043,26,,,,,,,,,,,,,,,,,,0.042
Chris Blair,WR,ATL,NO,ATL@NO,False,1.0,,False,,,,,,,,,,,,,0.0,0.03295,0.03345,5,0.0,0.0,0.0,65.0,6.193269862592725,0.0,8.73090950488039,23.0,0.52065,0.0,1.0,7.0,0.03345,0.0,0.87135,0.003686234688171161,0.029359713507702022,0.03295
Zachariah Branch,WR,ATL,NO,ATL@NO,False,1.0,,False,,,,,,,,,,,,,0.0,0.04555,0.04665,7,0.0,0.0,0.0,66.0,8.642198712540162,0.0,13.130054080187284,21.0,0.74735,0.0,1.0,26.0,0.04665,0.0,1.2186,0.003686234688171161,0.0412946700509672,0.04555
Jahan Dotson,WR,ATL,NO,ATL@NO,False,1.0,,False,,,,,,,,,,,,,0.0,0.11985,0.1274,18,0.0,0.0,0.0,76.0,23.08381613220369,5.8877078022688085,34.15750615528454,39.0,1.9581,1.0,3.0,45.0,0.1274,0.0,3.41185,0.003686234688171161,0.11497225072911339,0.11985
Austin Hooper,TE,ATL,NO,ATL@NO,False,1.0,,False,,,,,,,,,,,,,0.0,0.1129,0.12025,16,0.0,0.0,0.0,70.0,11.536349294153553,0.0,17.9708464762786,23.0,1.17,0.0,2.0,18.0,0.12025,0.0,1.75585,0.003686234688171161,0.05920537550407646,0.1129
Drake London,WR,ATL,NO,ATL@NO,False,1.0,,False,,,,,,,,,,,,,0.00805,0.2587,0.2954,33,1.7595977424054225,0.0,0.0,90.0,66.91597836493915,35.673522565700345,90.00457280405492,66.0,4.7319,3.0,6.0,71.0,0.28735,0.37595,7.75845,0.011489755701436724,0.2610326419999095,0.2587
Nick Muse,TE,ATL,NO,ATL@NO,False,1.0,,False,,,,,,,,,,,,,0.0,0.00785,0.00785,1,0.0,0.0,0.0,60.0,1.4126187791942275,0.0,0.0,60.0,0.14585,0.0,0.0,60.0,0.00785,0.0,0.21855,0.003686234688171161,0.007150789762353575,0.00785
Kyle Pitts,TE,ATL,NO,ATL@NO,False,1.0,,False,,,,,,,,,,,,,0.0,0.1521,0.163,11,0.0,0.0,0.0,70.0,28.20103426874982,11.281762887274656,40.0588243101633,39.0,2.89595,2.0,4.0,49.0,0.163,0.0,4.361,0.003686234688171161,0.14632157177459895,0.1521
Bijan Robinson,RB,ATL,NO,ATL@NO,False,1.0,,False,,,,,,,,,,,,,0.5165,0.5257,0.7194,85,95.35849590208414,67.86939894772632,117.74538442842602,84.0,30.783581906212145,14.979091006374805,42.228626259724884,73.0,3.8785,2.0,5.0,77.0,0.2029,17.1969,5.39465,0.531278601853038,0.20319122728193406,0.5257
Brian Robinson,RB,ATL,NO,ATL@NO,False,1.0,,False,,,,,,,,,,,,,0.1882,0.1904,0.20885,30,37.116078008194364,19.78843159507033,49.260034893304535,59.0,2.7136139638476275,0.0,2.4023637417435575,56.0,0.37205,0.0,1.0,23.0,0.02065,7.5955,0.51675,0.23370088360555538,0.019608096488972607,0.1904
Charlie Woerner,TE,ATL,NO,ATL@NO,False,1.0,,False,,,,,,,,,,,,,0.0,0.01475,0.01485,2,0.0,0.0,0.0,62.0,2.7478732723636092,0.0,0.0,62.0,0.2871,0.0,0.0,62.0,0.01485,0.0,0.43865,0.003686234688171161,0.014721993370818004,0.01475
Olamide Zaccheaus,WR,ATL,NO,ATL@NO,False,1.0,,False,,,,,,,,,,,,,0.0,0.1086,0.11495,11,0.0,0.0,0.0,70.0,17.017968532733324,2.913200022983743,25.444796536423073,30.0,1.6709,1.0,2.0,52.0,0.11495,0.0,2.7822,0.003686234688171161,0.0944351738251504,0.1086
Tyler Shough,QB,NO,ATL,ATL@NO,False,1.0,,False,21.9319,19.0,25.0,92.0,240.99334894350775,183.25596081673137,286.79451308300304,87.0,1.8694,1.0,3.0,68.0,0.1411,0.13195,0.1411,62,,,,,,,,,,,,,,,,,,0.13195
Kevin Austin Jr.,WR,NO,ATL,ATL@NO,False,1.0,,False,,,,,,,,,,,,,0.0,0.07355,0.07575,2,0.0,0.0,0.0,62.0,13.622497434230882,0.0,20.96900680493721,15.0,1.08995,0.0,2.0,7.0,0.07575,0.0,1.89185,0.003332389871668485,0.044291850698501146,0.07355
Barion Brown,WR,NO,ATL,ATL@NO,False,0.9479829842591244,Full,False,,,,,,,,,,,,,0.00680021085925145,0.02224565102793885,0.022403795466526093,1,1.5880603875923032,0.0,0.0,57.0,2.885582640095966,0.0,0.0,57.0,0.2242488139167106,0.0,0.0,57.0,0.015603584607274644,0.3918819188191882,0.38028465998945704,0.009330691640671757,0.009074282181376526,0.021088498648252532
Oscar Delp,TE,NO,ATL,ATL@NO,False,1.0,,False,,,,,,,,,,,,,0.0,0.03185,0.0322,1,0.0,0.0,0.0,61.0,5.241791223543337,0.0,7.140833701726081,20.0,0.5174,0.0,1.0,3.0,0.0322,0.0,0.80685,0.003998867846002182,0.01677375977595977,0.03185
CJ Donaldson,RB,NO,ATL,ATL@NO,False,1.0,,False,,,,,,,,,,,,,0.0571,0.07945,0.0827,11,6.572150610372133,0.0,8.608233617857215,26.0,3.1758613446828323,0.0,3.4325402421403277,33.0,0.42885,0.0,1.0,5.0,0.0256,1.6565,0.6111,0.03908062596400464,0.013371007488053786,0.07945
Juwan Johnson,TE,NO,ATL,ATL@NO,False,1.0,,False,,,,,,,,,,,,,0.0,0.43265,0.54745,66,0.0,0.0,0.0,90.0,56.38727169235151,30.751065762683062,75.50578515687647,67.0,5.31205,4.0,7.0,73.0,0.54745,0.0,8.09985,0.003332389871668485,0.1697533667800427,0.43265
Alvin Kamara,RB,NO,ATL,ATL@NO,False,1.0,,False,,,,,,,,,,,,,0.22225,0.36565,0.4448,36,40.06534462128495,22.245619282782435,52.43771770072286,55.0,23.23034817086342,9.98923387080811,32.33120555140418,49.0,3.4082,2.0,5.0,51.0,0.22255,11.0424,4.74315,0.26317348302825083,0.1033163552853583,0.36565
Bryce Lance,WR,NO,ATL,ATL@NO,False,1.0,,False,,,,,,,,,,,,,0.0,0.0662,0.0685,14,0.0,0.0,0.0,73.0,14.013182984269731,0.0,21.613734583923993,27.0,1.1194,0.0,2.0,19.0,0.0685,0.0,1.90425,0.003332389871668485,0.04472201059179554,0.0662
Kendre Miller,RB,NO,ATL,ATL@NO,False,1.0,,False,,,,,,,,,,,,,0.2027,0.22435,0.25045,23,28.288809633492008,13.341724092485439,37.67565233462156,45.0,6.320432411697618,0.0,9.641207177774373,25.0,0.848,0.0,1.0,35.0,0.04775,7.2928,1.20655,0.17286051574649386,0.026414792220666394,0.22435
Jalen Cropper,WR,NO,ATL,ATL@NO,False,1.0,,False,,,,,,,,,,,,,0.0,0.015,0.015,1,0.0,0.0,0.0,60.0,2.8332122695440516,0.0,0.0,60.0,0.22365,0.0,0.0,60.0,0.015,0.0,0.3839,0.0049985848075027265,0.009020588203971934,0.015
Chris Olave,WR,NO,ATL,ATL@NO,False,1.0,,False,,,,,,,,,,,,,0.0,0.44835,0.57865,66,0.0,0.0,0.0,97.0,90.27519845899018,54.28582888725774,117.5503930038278,79.0,6.93515,5.0,9.0,83.0,0.57865,0.0,11.40325,0.003332389871668485,0.2664160110167168,0.44835
Devaughn Vele,WR,NO,ATL,ATL@NO,False,1.0,,False,,,,,,,,,,,,,0.0,0.2822,0.3261,55,0.0,0.0,0.0,95.0,39.34318377242242,17.1337373577051,55.21449016709368,66.0,3.30085,2.0,4.0,77.0,0.3261,0.0,5.5618,0.003332389871668485,0.13046428301322247,0.2822
Treyton Welch,TE,NO,ATL,ATL@NO,False,0.8055616699684496,DNP,False,,,,,,,,,,,,,0.0,0.007323733862959285,0.007323733862959285,1,0.0,0.0,0.0,48.0,1.3107111529626916,0.0,0.0,48.0,0.13362711022840118,0.0,0.0,48.0,0.007323733862959285,0.0,0.20978152929493546,0.003998867846002182,0.004365721037379572,0.005899719281049967
