player,team,opp,pos,game,market,prob,fair_odds,rush_td_mean,rec_td_mean,confidence,injury_flag,key_drivers,p_active,note
Aaron Rodgers,PIT,CLE,QB,PIT@CLE,anytime_td,0.0194,5055.0,0.0197,0.0,B,-,team att 36.8; ypa 6.68; opp d_ypa 0.99; pass rate 63.8%,1.0,PLAYED (final score in nflverse)
Aaron Rodgers,PIT,CLE,QB,PIT@CLE,first_td,0.004352539682539683,22875.0,0.0197,0.0,B,-,team att 36.8; ypa 6.68; opp d_ypa 0.99; pass rate 63.8%,1.0,PLAYED (final score in nflverse)
Aaron Rodgers,PIT,CLE,QB,PIT@CLE,last_td,0.004352539682539683,22875.0,0.0197,0.0,B,-,team att 36.8; ypa 6.68; opp d_ypa 0.99; pass rate 63.8%,1.0,PLAYED (final score in nflverse)
Aaron Rodgers,PIT,CLE,QB,PIT@CLE,2plus_td,0.0003,333233.0,0.0197,0.0,B,-,team att 36.8; ypa 6.68; opp d_ypa 0.99; pass rate 63.8%,1.0,PLAYED (final score in nflverse)
Germie Bernard,PIT,CLE,WR,PIT@CLE,anytime_td,0.12455,703.0,0.0,0.13175,C,-,tgt_sh 4.9%; team att 36.8; opp DvP 0.95; RZ tgt 2,1.0,PLAYED (final score in nflverse)
Germie Bernard,PIT,CLE,WR,PIT@CLE,first_td,0.029430272366522365,3298.0,0.0,0.13175,C,-,tgt_sh 4.9%; team att 36.8; opp DvP 0.95; RZ tgt 2,1.0,PLAYED (final score in nflverse)
Germie Bernard,PIT,CLE,WR,PIT@CLE,last_td,0.029430272366522365,3298.0,0.0,0.13175,C,-,tgt_sh 4.9%; team att 36.8; opp DvP 0.95; RZ tgt 2,1.0,PLAYED (final score in nflverse)
Germie Bernard,PIT,CLE,WR,PIT@CLE,2plus_td,0.00695,14288.0,0.0,0.13175,C,-,tgt_sh 4.9%; team att 36.8; opp DvP 0.95; RZ tgt 2,1.0,PLAYED (final score in nflverse)
Pat Freiermuth,PIT,CLE,TE,PIT@CLE,anytime_td,0.2433,311.0,0.00425,0.2699,B,-,tgt_sh 13.2%; team att 36.8; opp DvP 0.90; RZ tgt 3,1.0,PLAYED (final score in nflverse)
Pat Freiermuth,PIT,CLE,TE,PIT@CLE,first_td,0.06050417929292929,1553.0,0.00425,0.2699,B,-,tgt_sh 13.2%; team att 36.8; opp DvP 0.90; RZ tgt 3,1.0,PLAYED (final score in nflverse)
Pat Freiermuth,PIT,CLE,TE,PIT@CLE,last_td,0.06050417929292929,1553.0,0.00425,0.2699,B,-,tgt_sh 13.2%; team att 36.8; opp DvP 0.90; RZ tgt 3,1.0,PLAYED (final score in nflverse)
Pat Freiermuth,PIT,CLE,TE,PIT@CLE,2plus_td,0.02865,3390.0,0.00425,0.2699,B,-,tgt_sh 13.2%; team att 36.8; opp DvP 0.90; RZ tgt 3,1.0,PLAYED (final score in nflverse)
Eli Heidenreich,PIT,CLE,RB,PIT@CLE,anytime_td,0.0165,5961.0,0.00435,0.01225,C,-,w_td 0.01; team TD 2.13,1.0,PLAYED (final score in nflverse)
Eli Heidenreich,PIT,CLE,RB,PIT@CLE,first_td,0.003629662698412698,27451.0,0.00435,0.01225,C,-,w_td 0.01; team TD 2.13,1.0,PLAYED (final score in nflverse)
Eli Heidenreich,PIT,CLE,RB,PIT@CLE,last_td,0.003629662698412698,27451.0,0.00435,0.01225,C,-,w_td 0.01; team TD 2.13,1.0,PLAYED (final score in nflverse)
Eli Heidenreich,PIT,CLE,RB,PIT@CLE,2plus_td,0.0001,999900.0,0.00435,0.01225,C,-,w_td 0.01; team TD 2.13,1.0,PLAYED (final score in nflverse)
Travis Homer,PIT,CLE,RB,PIT@CLE,anytime_td,0.0555,1702.0,0.04805,0.00875,C,-,w_td 0.11; team TD 2.13,1.0,PLAYED (final score in nflverse)
Travis Homer,PIT,CLE,RB,PIT@CLE,first_td,0.012643823953823952,7809.0,0.04805,0.00875,C,-,w_td 0.11; team TD 2.13,1.0,PLAYED (final score in nflverse)
Travis Homer,PIT,CLE,RB,PIT@CLE,last_td,0.012643823953823952,7809.0,0.04805,0.00875,C,-,w_td 0.11; team TD 2.13,1.0,PLAYED (final score in nflverse)
Travis Homer,PIT,CLE,RB,PIT@CLE,2plus_td,0.00125,79900.0,0.04805,0.00875,C,-,w_td 0.11; team TD 2.13,1.0,PLAYED (final score in nflverse)
DK Metcalf,PIT,CLE,WR,PIT@CLE,anytime_td,0.2903,244.0,0.0,0.33805,B,-,tgt_sh 22.2%; team att 36.8; opp DvP 0.95; RZ tgt 1,1.0,PLAYED (final score in nflverse)
DK Metcalf,PIT,CLE,WR,PIT@CLE,first_td,0.07532147366522367,1228.0,0.0,0.33805,B,-,tgt_sh 22.2%; team att 36.8; opp DvP 0.95; RZ tgt 1,1.0,PLAYED (final score in nflverse)
DK Metcalf,PIT,CLE,WR,PIT@CLE,last_td,0.07532147366522367,1228.0,0.0,0.33805,B,-,tgt_sh 22.2%; team att 36.8; opp DvP 0.95; RZ tgt 1,1.0,PLAYED (final score in nflverse)
DK Metcalf,PIT,CLE,WR,PIT@CLE,2plus_td,0.04335,2207.0,0.0,0.33805,B,-,tgt_sh 22.2%; team att 36.8; opp DvP 0.95; RZ tgt 1,1.0,PLAYED (final score in nflverse)
Lew Nichols III,PIT,CLE,RB,PIT@CLE,anytime_td,0.035,2757.0,0.02745,0.00815,C,-,w_td 0.06; team TD 2.13,1.0,PLAYED (final score in nflverse)
Lew Nichols III,PIT,CLE,RB,PIT@CLE,first_td,0.007895797258297258,12565.0,0.02745,0.00815,C,-,w_td 0.06; team TD 2.13,1.0,PLAYED (final score in nflverse)
Lew Nichols III,PIT,CLE,RB,PIT@CLE,last_td,0.007895797258297258,12565.0,0.02745,0.00815,C,-,w_td 0.06; team TD 2.13,1.0,PLAYED (final score in nflverse)
Lew Nichols III,PIT,CLE,RB,PIT@CLE,2plus_td,0.00055,181718.0,0.02745,0.00815,C,-,w_td 0.06; team TD 2.13,1.0,PLAYED (final score in nflverse)
Michael Pittman,PIT,CLE,WR,PIT@CLE,anytime_td,0.1711,484.0,0.0,0.18665,C,-,tgt_sh 13.5%; team att 36.8; opp DvP 0.95; RZ tgt 0,1.0,PLAYED (final score in nflverse)
Michael Pittman,PIT,CLE,WR,PIT@CLE,first_td,0.04137897005772006,2317.0,0.0,0.18665,C,-,tgt_sh 13.5%; team att 36.8; opp DvP 0.95; RZ tgt 0,1.0,PLAYED (final score in nflverse)
Michael Pittman,PIT,CLE,WR,PIT@CLE,last_td,0.04137897005772006,2317.0,0.0,0.18665,C,-,tgt_sh 13.5%; team att 36.8; opp DvP 0.95; RZ tgt 0,1.0,PLAYED (final score in nflverse)
Michael Pittman,PIT,CLE,WR,PIT@CLE,2plus_td,0.0148,6657.0,0.0,0.18665,C,-,tgt_sh 13.5%; team att 36.8; opp DvP 0.95; RZ tgt 0,1.0,PLAYED (final score in nflverse)
Ben Skowronek,PIT,CLE,WR,PIT@CLE,anytime_td,0.0587,1604.0,0.0,0.06035,C,-,w_td 0.03; team TD 2.13,1.0,PLAYED (final score in nflverse)
Ben Skowronek,PIT,CLE,WR,PIT@CLE,first_td,0.013566747835497836,7271.0,0.0,0.06035,C,-,w_td 0.03; team TD 2.13,1.0,PLAYED (final score in nflverse)
Ben Skowronek,PIT,CLE,WR,PIT@CLE,last_td,0.013566747835497836,7271.0,0.0,0.06035,C,-,w_td 0.03; team TD 2.13,1.0,PLAYED (final score in nflverse)
Ben Skowronek,PIT,CLE,WR,PIT@CLE,2plus_td,0.00165,60506.0,0.0,0.06035,C,-,w_td 0.03; team TD 2.13,1.0,PLAYED (final score in nflverse)
Robert Tonyan,PIT,CLE,TE,PIT@CLE,anytime_td,0.04135,2318.0,0.0,0.04235,C,-,w_td 0.02; team TD 2.13,1.0,PLAYED (final score in nflverse)
Robert Tonyan,PIT,CLE,TE,PIT@CLE,first_td,0.009528576839826839,10395.0,0.0,0.04235,C,-,w_td 0.02; team TD 2.13,1.0,PLAYED (final score in nflverse)
Robert Tonyan,PIT,CLE,TE,PIT@CLE,last_td,0.009528576839826839,10395.0,0.0,0.04235,C,-,w_td 0.02; team TD 2.13,1.0,PLAYED (final score in nflverse)
Robert Tonyan,PIT,CLE,TE,PIT@CLE,2plus_td,0.00095,105163.0,0.0,0.04235,C,-,w_td 0.02; team TD 2.13,1.0,PLAYED (final score in nflverse)
Jaylen Warren,PIT,CLE,RB,PIT@CLE,anytime_td,0.4214,137.0,0.21615,0.31225,B,-,tgt_sh 11.9%; team att 36.8; opp DvP 1.05; RZ tgt 4; car_sh 47.8%; team rush 22.7; opp d_ypc 1.05; inside-10 car 0,1.0,PLAYED (final score in nflverse)
Jaylen Warren,PIT,CLE,RB,PIT@CLE,first_td,0.11675488275613277,756.0,0.21615,0.31225,B,-,tgt_sh 11.9%; team att 36.8; opp DvP 1.05; RZ tgt 4; car_sh 47.8%; team rush 22.7; opp d_ypc 1.05; inside-10 car 0,1.0,PLAYED (final score in nflverse)
Jaylen Warren,PIT,CLE,RB,PIT@CLE,last_td,0.11675488275613277,756.0,0.21615,0.31225,B,-,tgt_sh 11.9%; team att 36.8; opp DvP 1.05; RZ tgt 4; car_sh 47.8%; team rush 22.7; opp d_ypc 1.05; inside-10 car 0,1.0,PLAYED (final score in nflverse)
Jaylen Warren,PIT,CLE,RB,PIT@CLE,2plus_td,0.093,975.0,0.21615,0.31225,B,-,tgt_sh 11.9%; team att 36.8; opp DvP 1.05; RZ tgt 4; car_sh 47.8%; team rush 22.7; opp d_ypc 1.05; inside-10 car 0,1.0,PLAYED (final score in nflverse)
Darnell Washington,PIT,CLE,TE,PIT@CLE,anytime_td,0.1598,526.0,0.0,0.1727,C,-,tgt_sh 8.0%; team att 36.8; opp DvP 0.90; RZ tgt 2,1.0,PLAYED (final score in nflverse)
Darnell Washington,PIT,CLE,TE,PIT@CLE,first_td,0.03825655483405483,2514.0,0.0,0.1727,C,-,tgt_sh 8.0%; team att 36.8; opp DvP 0.90; RZ tgt 2,1.0,PLAYED (final score in nflverse)
Darnell Washington,PIT,CLE,TE,PIT@CLE,last_td,0.03825655483405483,2514.0,0.0,0.1727,C,-,tgt_sh 8.0%; team att 36.8; opp DvP 0.90; RZ tgt 2,1.0,PLAYED (final score in nflverse)
Darnell Washington,PIT,CLE,TE,PIT@CLE,2plus_td,0.01225,8063.0,0.0,0.1727,C,-,tgt_sh 8.0%; team att 36.8; opp DvP 0.90; RZ tgt 2,1.0,PLAYED (final score in nflverse)
Roman Wilson,PIT,CLE,WR,PIT@CLE,anytime_td,0.20765,382.0,0.0,0.22835,B,-,tgt_sh 12.0%; team att 36.8; opp DvP 0.95; RZ tgt 2,1.0,PLAYED (final score in nflverse)
Roman Wilson,PIT,CLE,WR,PIT@CLE,first_td,0.049784215367965366,1909.0,0.0,0.22835,B,-,tgt_sh 12.0%; team att 36.8; opp DvP 0.95; RZ tgt 2,1.0,PLAYED (final score in nflverse)
Roman Wilson,PIT,CLE,WR,PIT@CLE,last_td,0.049784215367965366,1909.0,0.0,0.22835,B,-,tgt_sh 12.0%; team att 36.8; opp DvP 0.95; RZ tgt 2,1.0,PLAYED (final score in nflverse)
Roman Wilson,PIT,CLE,WR,PIT@CLE,2plus_td,0.0196,5002.0,0.0,0.22835,B,-,tgt_sh 12.0%; team att 36.8; opp DvP 0.95; RZ tgt 2,1.0,PLAYED (final score in nflverse)
Deshaun Watson,CLE,PIT,QB,PIT@CLE,anytime_td,0.1355,638.0,0.14555,0.0,B,-,team att 29.9; ypa 7.66; opp d_ypa 1.06; pass rate 55.8%,1.0,PLAYED (final score in nflverse)
Deshaun Watson,CLE,PIT,QB,PIT@CLE,first_td,0.03212289141414141,3013.0,0.14555,0.0,B,-,team att 29.9; ypa 7.66; opp d_ypa 1.06; pass rate 55.8%,1.0,PLAYED (final score in nflverse)
Deshaun Watson,CLE,PIT,QB,PIT@CLE,last_td,0.03212289141414141,3013.0,0.14555,0.0,B,-,team att 29.9; ypa 7.66; opp d_ypa 1.06; pass rate 55.8%,1.0,PLAYED (final score in nflverse)
Deshaun Watson,CLE,PIT,QB,PIT@CLE,2plus_td,0.00985,10052.0,0.14555,0.0,B,-,team att 29.9; ypa 7.66; opp d_ypa 1.06; pass rate 55.8%,1.0,PLAYED (final score in nflverse)
Isaiah Bond,CLE,PIT,WR,PIT@CLE,anytime_td,0.04845,1964.0,0.0,0.04935,C,-,w_td 0.03; team TD 2.14,1.0,PLAYED (final score in nflverse)
Isaiah Bond,CLE,PIT,WR,PIT@CLE,first_td,0.01029570165945166,9613.0,0.0,0.04935,C,-,w_td 0.03; team TD 2.14,1.0,PLAYED (final score in nflverse)
Isaiah Bond,CLE,PIT,WR,PIT@CLE,last_td,0.01029570165945166,9613.0,0.0,0.04935,C,-,w_td 0.03; team TD 2.14,1.0,PLAYED (final score in nflverse)
Isaiah Bond,CLE,PIT,WR,PIT@CLE,2plus_td,0.00085,117547.0,0.0,0.04935,C,-,w_td 0.03; team TD 2.14,1.0,PLAYED (final score in nflverse)
Denzel Boston,CLE,PIT,WR,PIT@CLE,anytime_td,0.2221,350.0,0.0,0.24885,B,-,tgt_sh 14.5%; team att 29.9; opp DvP 1.05; RZ tgt 3,1.0,PLAYED (final score in nflverse)
Denzel Boston,CLE,PIT,WR,PIT@CLE,first_td,0.054474356060606056,1736.0,0.0,0.24885,B,-,tgt_sh 14.5%; team att 29.9; opp DvP 1.05; RZ tgt 3,1.0,PLAYED (final score in nflverse)
Denzel Boston,CLE,PIT,WR,PIT@CLE,last_td,0.054474356060606056,1736.0,0.0,0.24885,B,-,tgt_sh 14.5%; team att 29.9; opp DvP 1.05; RZ tgt 3,1.0,PLAYED (final score in nflverse)
Denzel Boston,CLE,PIT,WR,PIT@CLE,2plus_td,0.02545,3829.0,0.0,0.24885,B,-,tgt_sh 14.5%; team att 29.9; opp DvP 1.05; RZ tgt 3,1.0,PLAYED (final score in nflverse)
Michael Burton,CLE,PIT,RB,PIT@CLE,anytime_td,0.0156,6310.0,0.00625,0.00945,C,-,w_td 0.01; team TD 2.14,1.0,PLAYED (final score in nflverse)
Michael Burton,CLE,PIT,RB,PIT@CLE,first_td,0.0035200036075036076,28309.0,0.00625,0.00945,C,-,w_td 0.01; team TD 2.14,1.0,PLAYED (final score in nflverse)
Michael Burton,CLE,PIT,RB,PIT@CLE,last_td,0.0035200036075036076,28309.0,0.00625,0.00945,C,-,w_td 0.01; team TD 2.14,1.0,PLAYED (final score in nflverse)
Michael Burton,CLE,PIT,RB,PIT@CLE,2plus_td,0.0001,999900.0,0.00625,0.00945,C,-,w_td 0.01; team TD 2.14,1.0,PLAYED (final score in nflverse)
KC Concepcion,CLE,PIT,WR,PIT@CLE,anytime_td,0.2954,239.0,0.014,0.3311,B,-,tgt_sh 20.8%; team att 29.9; opp DvP 1.05; RZ tgt 3,1.0,PLAYED (final score in nflverse)
KC Concepcion,CLE,PIT,WR,PIT@CLE,first_td,0.07682969155844156,1202.0,0.014,0.3311,B,-,tgt_sh 20.8%; team att 29.9; opp DvP 1.05; RZ tgt 3,1.0,PLAYED (final score in nflverse)
KC Concepcion,CLE,PIT,WR,PIT@CLE,last_td,0.07682969155844156,1202.0,0.014,0.3311,B,-,tgt_sh 20.8%; team att 29.9; opp DvP 1.05; RZ tgt 3,1.0,PLAYED (final score in nflverse)
KC Concepcion,CLE,PIT,WR,PIT@CLE,2plus_td,0.0456,2093.0,0.014,0.3311,B,-,tgt_sh 20.8%; team att 29.9; opp DvP 1.05; RZ tgt 3,1.0,PLAYED (final score in nflverse)
Malachi Corley,CLE,PIT,WR,PIT@CLE,anytime_td,0.0198,4951.0,0.0,0.02,C,-,w_td 0.02; team TD 2.14,1.0,PLAYED (final score in nflverse)
Malachi Corley,CLE,PIT,WR,PIT@CLE,first_td,0.0045097077922077915,22074.0,0.0,0.02,C,-,w_td 0.02; team TD 2.14,1.0,PLAYED (final score in nflverse)
Malachi Corley,CLE,PIT,WR,PIT@CLE,last_td,0.0045097077922077915,22074.0,0.0,0.02,C,-,w_td 0.02; team TD 2.14,1.0,PLAYED (final score in nflverse)
Malachi Corley,CLE,PIT,WR,PIT@CLE,2plus_td,0.0002,499900.0,0.0,0.02,C,-,w_td 0.02; team TD 2.14,1.0,PLAYED (final score in nflverse)
Harold Fannin Jr.,CLE,PIT,TE,PIT@CLE,anytime_td,0.2656,277.0,0.0,0.30445,B,-,tgt_sh 18.9%; team att 29.9; opp DvP 1.07; RZ tgt 3,1.0,PLAYED (final score in nflverse)
Harold Fannin Jr.,CLE,PIT,TE,PIT@CLE,first_td,0.0665606727994228,1402.0,0.0,0.30445,B,-,tgt_sh 18.9%; team att 29.9; opp DvP 1.07; RZ tgt 3,1.0,PLAYED (final score in nflverse)
Harold Fannin Jr.,CLE,PIT,TE,PIT@CLE,last_td,0.0665606727994228,1402.0,0.0,0.30445,B,-,tgt_sh 18.9%; team att 29.9; opp DvP 1.07; RZ tgt 3,1.0,PLAYED (final score in nflverse)
Harold Fannin Jr.,CLE,PIT,TE,PIT@CLE,2plus_td,0.0357,2701.0,0.0,0.30445,B,-,tgt_sh 18.9%; team att 29.9; opp DvP 1.07; RZ tgt 3,1.0,PLAYED (final score in nflverse)
Jerry Jeudy,CLE,PIT,WR,PIT@CLE,anytime_td,0.11595,762.0,0.0,0.12335,C,-,tgt_sh 11.0%; team att 29.9; opp DvP 1.05; RZ tgt 0,1.0,PLAYED (final score in nflverse)
Jerry Jeudy,CLE,PIT,WR,PIT@CLE,first_td,0.027683048340548334,3512.0,0.0,0.12335,C,-,tgt_sh 11.0%; team att 29.9; opp DvP 1.05; RZ tgt 0,1.0,PLAYED (final score in nflverse)
Jerry Jeudy,CLE,PIT,WR,PIT@CLE,last_td,0.027683048340548334,3512.0,0.0,0.12335,C,-,tgt_sh 11.0%; team att 29.9; opp DvP 1.05; RZ tgt 0,1.0,PLAYED (final score in nflverse)
Jerry Jeudy,CLE,PIT,WR,PIT@CLE,2plus_td,0.0073,13599.0,0.0,0.12335,C,-,tgt_sh 11.0%; team att 29.9; opp DvP 1.05; RZ tgt 0,1.0,PLAYED (final score in nflverse)
Quinshon Judkins,CLE,PIT,RB,PIT@CLE,anytime_td,0.45385,120.0,0.40235,0.18435,B,-,tgt_sh 9.9%; team att 29.9; opp DvP 0.92; RZ tgt 3; car_sh 51.3%; team rush 26.3; opp d_ypc 1.02; inside-10 car 4,1.0,PLAYED (final score in nflverse)
Quinshon Judkins,CLE,PIT,RB,PIT@CLE,first_td,0.12991460317460315,670.0,0.40235,0.18435,B,-,tgt_sh 9.9%; team att 29.9; opp DvP 0.92; RZ tgt 3; car_sh 51.3%; team rush 26.3; opp d_ypc 1.02; inside-10 car 4,1.0,PLAYED (final score in nflverse)
Quinshon Judkins,CLE,PIT,RB,PIT@CLE,last_td,0.12991460317460315,670.0,0.40235,0.18435,B,-,tgt_sh 9.9%; team att 29.9; opp DvP 0.92; RZ tgt 3; car_sh 51.3%; team rush 26.3; opp d_ypc 1.02; inside-10 car 4,1.0,PLAYED (final score in nflverse)
Quinshon Judkins,CLE,PIT,RB,PIT@CLE,2plus_td,0.1127,787.0,0.40235,0.18435,B,-,tgt_sh 9.9%; team att 29.9; opp DvP 0.92; RZ tgt 3; car_sh 51.3%; team rush 26.3; opp d_ypc 1.02; inside-10 car 4,1.0,PLAYED (final score in nflverse)
Jaleel McLaughlin,CLE,PIT,RB,PIT@CLE,anytime_td,0.05145,1844.0,0.0379,0.01495,C,-,w_td 0.06; team TD 2.14,1.0,PLAYED (final score in nflverse)
Jaleel McLaughlin,CLE,PIT,RB,PIT@CLE,first_td,0.012048257575757575,8200.0,0.0379,0.01495,C,-,w_td 0.06; team TD 2.14,1.0,PLAYED (final score in nflverse)
Jaleel McLaughlin,CLE,PIT,RB,PIT@CLE,last_td,0.012048257575757575,8200.0,0.0379,0.01495,C,-,w_td 0.06; team TD 2.14,1.0,PLAYED (final score in nflverse)
Jaleel McLaughlin,CLE,PIT,RB,PIT@CLE,2plus_td,0.0014,71329.0,0.0379,0.01495,C,-,w_td 0.06; team TD 2.14,1.0,PLAYED (final score in nflverse)
Raheim Sanders,CLE,PIT,RB,PIT@CLE,anytime_td,0.13345,649.0,0.0556,0.0858,C,-,tgt_sh 8.0%; team att 29.9; opp DvP 0.92; RZ tgt 0; car_sh 9.5%; team rush 26.3; opp d_ypc 1.02; inside-10 car 0,1.0,PLAYED (final score in nflverse)
Raheim Sanders,CLE,PIT,RB,PIT@CLE,first_td,0.031124347041847047,3113.0,0.0556,0.0858,C,-,tgt_sh 8.0%; team att 29.9; opp DvP 0.92; RZ tgt 0; car_sh 9.5%; team rush 26.3; opp d_ypc 1.02; inside-10 car 0,1.0,PLAYED (final score in nflverse)
Raheim Sanders,CLE,PIT,RB,PIT@CLE,last_td,0.031124347041847047,3113.0,0.0556,0.0858,C,-,tgt_sh 8.0%; team att 29.9; opp DvP 0.92; RZ tgt 0; car_sh 9.5%; team rush 26.3; opp d_ypc 1.02; inside-10 car 0,1.0,PLAYED (final score in nflverse)
Raheim Sanders,CLE,PIT,RB,PIT@CLE,2plus_td,0.00785,12639.0,0.0556,0.0858,C,-,tgt_sh 8.0%; team att 29.9; opp DvP 0.92; RZ tgt 0; car_sh 9.5%; team rush 26.3; opp d_ypc 1.02; inside-10 car 0,1.0,PLAYED (final score in nflverse)
Blake Whiteheart,CLE,PIT,TE,PIT@CLE,anytime_td,0.05205,1821.0,0.0,0.05335,C,-,w_td 0.04; team TD 2.14,1.0,PLAYED (final score in nflverse)
Blake Whiteheart,CLE,PIT,TE,PIT@CLE,first_td,0.011813517316017317,8365.0,0.0,0.05335,C,-,w_td 0.04; team TD 2.14,1.0,PLAYED (final score in nflverse)
Blake Whiteheart,CLE,PIT,TE,PIT@CLE,last_td,0.011813517316017317,8365.0,0.0,0.05335,C,-,w_td 0.04; team TD 2.14,1.0,PLAYED (final score in nflverse)
Blake Whiteheart,CLE,PIT,TE,PIT@CLE,2plus_td,0.0013,76823.0,0.0,0.05335,C,-,w_td 0.04; team TD 2.14,1.0,PLAYED (final score in nflverse)
Daniel Jones,IND,WAS,QB,IND@WAS,anytime_td,0.127,687.0,0.1386,0.0,B,-,team att 31.9; ypa 6.60; opp d_ypa 1.03; pass rate 54.8%,1.0,PLAYED (final score in nflverse)
Daniel Jones,IND,WAS,QB,IND@WAS,first_td,0.025682688700188704,3794.0,0.1386,0.0,B,-,team att 31.9; ypa 6.60; opp d_ypa 1.03; pass rate 54.8%,1.0,PLAYED (final score in nflverse)
Daniel Jones,IND,WAS,QB,IND@WAS,last_td,0.025682688700188704,3794.0,0.1386,0.0,B,-,team att 31.9; ypa 6.60; opp d_ypa 1.03; pass rate 54.8%,1.0,PLAYED (final score in nflverse)
Daniel Jones,IND,WAS,QB,IND@WAS,2plus_td,0.011,8991.0,0.1386,0.0,B,-,team att 31.9; ypa 6.60; opp d_ypa 1.03; pass rate 54.8%,1.0,PLAYED (final score in nflverse)
Mo Alie-Cox,IND,WAS,TE,IND@WAS,anytime_td,0.023320846304015194,4188.0,0.0,0.023637418878277847,C,no game designation yet (Full),w_td 0.02; team TD 2.75,0.9479829842591244,PLAYED (final score in nflverse)
Mo Alie-Cox,IND,WAS,TE,IND@WAS,first_td,0.004294029454953847,23188.0,0.0,0.023637418878277847,C,no game designation yet (Full),w_td 0.02; team TD 2.75,0.9479829842591244,PLAYED (final score in nflverse)
Mo Alie-Cox,IND,WAS,TE,IND@WAS,last_td,0.004294029454953847,23188.0,0.0,0.023637418878277847,C,no game designation yet (Full),w_td 0.02; team TD 2.75,0.9479829842591244,PLAYED (final score in nflverse)
Mo Alie-Cox,IND,WAS,TE,IND@WAS,2plus_td,0.00031657257426264974,315783.0,0.0,0.023637418878277847,C,no game designation yet (Full),w_td 0.02; team TD 2.75,0.9479829842591244,PLAYED (final score in nflverse)
Keenan Allen,IND,WAS,WR,IND@WAS,anytime_td,0.2700472884596036,270.0,0.0,0.3116007646644532,B,Questionable (DNP),tgt_sh 17.6%; team att 31.9; opp DvP 1.03; RZ tgt 3,0.4981574884199691,PLAYED (final score in nflverse)
Keenan Allen,IND,WAS,WR,IND@WAS,first_td,0.057600630970688314,1636.0,0.0,0.3116007646644532,B,Questionable (DNP),tgt_sh 17.6%; team att 31.9; opp DvP 1.03; RZ tgt 3,0.4981574884199691,PLAYED (final score in nflverse)
Keenan Allen,IND,WAS,WR,IND@WAS,last_td,0.057600630970688314,1636.0,0.0,0.3116007646644532,B,Questionable (DNP),tgt_sh 17.6%; team att 31.9; opp DvP 1.03; RZ tgt 3,0.4981574884199691,PLAYED (final score in nflverse)
Keenan Allen,IND,WAS,WR,IND@WAS,2plus_td,0.038132608914377704,2522.0,0.0,0.3116007646644532,B,Questionable (DNP),tgt_sh 17.6%; team att 31.9; opp DvP 1.03; RZ tgt 3,0.4981574884199691,PLAYED (final score in nflverse)
Deion Burks,IND,WAS,WR,IND@WAS,anytime_td,0.03695,2606.0,0.01185,0.0259,C,-,w_td 0.02; team TD 2.75,1.0,PLAYED (final score in nflverse)
Deion Burks,IND,WAS,WR,IND@WAS,first_td,0.006984217726717726,14218.0,0.01185,0.0259,C,-,w_td 0.02; team TD 2.75,1.0,PLAYED (final score in nflverse)
Deion Burks,IND,WAS,WR,IND@WAS,last_td,0.006984217726717726,14218.0,0.01185,0.0259,C,-,w_td 0.02; team TD 2.75,1.0,PLAYED (final score in nflverse)
Deion Burks,IND,WAS,WR,IND@WAS,2plus_td,0.00075,133233.0,0.01185,0.0259,C,-,w_td 0.02; team TD 2.75,1.0,PLAYED (final score in nflverse)
Josh Downs,IND,WAS,WR,IND@WAS,anytime_td,0.32595,207.0,0.0,0.3906,B,-,tgt_sh 18.5%; team att 31.9; opp DvP 1.03; RZ tgt 4,1.0,PLAYED (final score in nflverse)
Josh Downs,IND,WAS,WR,IND@WAS,first_td,0.07252436771561771,1279.0,0.0,0.3906,B,-,tgt_sh 18.5%; team att 31.9; opp DvP 1.03; RZ tgt 4,1.0,PLAYED (final score in nflverse)
Josh Downs,IND,WAS,WR,IND@WAS,last_td,0.07252436771561771,1279.0,0.0,0.3906,B,-,tgt_sh 18.5%; team att 31.9; opp DvP 1.03; RZ tgt 4,1.0,PLAYED (final score in nflverse)
Josh Downs,IND,WAS,WR,IND@WAS,2plus_td,0.05755,1638.0,0.0,0.3906,B,-,tgt_sh 18.5%; team att 31.9; opp DvP 1.03; RZ tgt 4,1.0,PLAYED (final score in nflverse)
Ashton Dulin,IND,WAS,WR,IND@WAS,anytime_td,0.07810853530031613,1180.0,0.0,0.08140147523709168,C,Questionable (Full),tgt_sh 6.0%; team att 31.9; opp DvP 1.03; RZ tgt 0,0.7549608892548374,PLAYED (final score in nflverse)
Ashton Dulin,IND,WAS,WR,IND@WAS,first_td,0.015131955256428384,6509.0,0.0,0.08140147523709168,C,Questionable (Full),tgt_sh 6.0%; team att 31.9; opp DvP 1.03; RZ tgt 0,0.7549608892548374,PLAYED (final score in nflverse)
Ashton Dulin,IND,WAS,WR,IND@WAS,last_td,0.015131955256428384,6509.0,0.0,0.08140147523709168,C,Questionable (Full),tgt_sh 6.0%; team att 31.9; opp DvP 1.03; RZ tgt 0,0.7549608892548374,PLAYED (final score in nflverse)
Ashton Dulin,IND,WAS,WR,IND@WAS,2plus_td,0.0032929399367755533,30268.0,0.0,0.08140147523709168,C,Questionable (Full),tgt_sh 6.0%; team att 31.9; opp DvP 1.03; RZ tgt 0,0.7549608892548374,PLAYED (final score in nflverse)
Seth McGowan,IND,WAS,RB,IND@WAS,anytime_td,0.25575,291.0,0.26605,0.02965,B,-,car_sh 16.9%; team rush 27.8; opp d_ypc 0.98; inside-10 car 2,1.0,PLAYED (final score in nflverse)
Seth McGowan,IND,WAS,RB,IND@WAS,first_td,0.0553983911921412,1705.0,0.26605,0.02965,B,-,car_sh 16.9%; team rush 27.8; opp d_ypc 0.98; inside-10 car 2,1.0,PLAYED (final score in nflverse)
Seth McGowan,IND,WAS,RB,IND@WAS,last_td,0.0553983911921412,1705.0,0.26605,0.02965,B,-,car_sh 16.9%; team rush 27.8; opp d_ypc 0.98; inside-10 car 2,1.0,PLAYED (final score in nflverse)
Seth McGowan,IND,WAS,RB,IND@WAS,2plus_td,0.03595,2682.0,0.26605,0.02965,B,-,car_sh 16.9%; team rush 27.8; opp d_ypc 0.98; inside-10 car 2,1.0,PLAYED (final score in nflverse)
Andrew Ogletree,IND,WAS,TE,IND@WAS,anytime_td,0.02005,4888.0,0.0,0.0202,C,-,w_td 0.01; team TD 2.75,1.0,PLAYED (final score in nflverse)
Andrew Ogletree,IND,WAS,TE,IND@WAS,first_td,0.0036616365578865584,27210.0,0.0,0.0202,C,-,w_td 0.01; team TD 2.75,1.0,PLAYED (final score in nflverse)
Andrew Ogletree,IND,WAS,TE,IND@WAS,last_td,0.0036616365578865584,27210.0,0.0,0.0202,C,-,w_td 0.01; team TD 2.75,1.0,PLAYED (final score in nflverse)
Andrew Ogletree,IND,WAS,TE,IND@WAS,2plus_td,0.00015,666567.0,0.0,0.0202,C,-,w_td 0.01; team TD 2.75,1.0,PLAYED (final score in nflverse)
Jonathan Taylor,IND,WAS,RB,IND@WAS,anytime_td,0.6959338459917834,-229.0,0.9386916675445065,0.18271357842620878,B,no game designation yet (Full),tgt_sh 10.6%; team att 31.9; opp DvP 1.06; RZ tgt 1; car_sh 68.2%; team rush 27.8; opp d_ypc 0.98; inside-10 car 8,0.9508674235277402,PLAYED (final score in nflverse)
Jonathan Taylor,IND,WAS,RB,IND@WAS,first_td,0.20973846108945657,377.0,0.9386916675445065,0.18271357842620878,B,no game designation yet (Full),tgt_sh 10.6%; team att 31.9; opp DvP 1.06; RZ tgt 1; car_sh 68.2%; team rush 27.8; opp d_ypc 0.98; inside-10 car 8,0.9508674235277402,PLAYED (final score in nflverse)
Jonathan Taylor,IND,WAS,RB,IND@WAS,last_td,0.20973846108945657,377.0,0.9386916675445065,0.18271357842620878,B,no game designation yet (Full),tgt_sh 10.6%; team att 31.9; opp DvP 1.06; RZ tgt 1; car_sh 68.2%; team rush 27.8; opp d_ypc 0.98; inside-10 car 8,0.9508674235277402,PLAYED (final score in nflverse)
Jonathan Taylor,IND,WAS,RB,IND@WAS,2plus_td,0.31233540503528917,220.0,0.9386916675445065,0.18271357842620878,B,no game designation yet (Full),tgt_sh 10.6%; team att 31.9; opp DvP 1.06; RZ tgt 1; car_sh 68.2%; team rush 27.8; opp d_ypc 0.98; inside-10 car 8,0.9508674235277402,PLAYED (final score in nflverse)
Laquon Treadwell,IND,WAS,WR,IND@WAS,anytime_td,0.1188,742.0,0.0,0.1254,C,-,tgt_sh 4.2%; team att 31.9; opp DvP 1.03; RZ tgt 2,1.0,PLAYED (final score in nflverse)
Laquon Treadwell,IND,WAS,WR,IND@WAS,first_td,0.02319450133200133,4211.0,0.0,0.1254,C,-,tgt_sh 4.2%; team att 31.9; opp DvP 1.03; RZ tgt 2,1.0,PLAYED (final score in nflverse)
Laquon Treadwell,IND,WAS,WR,IND@WAS,last_td,0.02319450133200133,4211.0,0.0,0.1254,C,-,tgt_sh 4.2%; team att 31.9; opp DvP 1.03; RZ tgt 2,1.0,PLAYED (final score in nflverse)
Laquon Treadwell,IND,WAS,WR,IND@WAS,2plus_td,0.00625,15900.0,0.0,0.1254,C,-,tgt_sh 4.2%; team att 31.9; opp DvP 1.03; RZ tgt 2,1.0,PLAYED (final score in nflverse)
Tyler Warren,IND,WAS,TE,IND@WAS,anytime_td,0.33385,200.0,0.01275,0.38555,B,-,tgt_sh 20.5%; team att 31.9; opp DvP 1.02; RZ tgt 3,1.0,PLAYED (final score in nflverse)
Tyler Warren,IND,WAS,TE,IND@WAS,first_td,0.0744407455044955,1243.0,0.01275,0.38555,B,-,tgt_sh 20.5%; team att 31.9; opp DvP 1.02; RZ tgt 3,1.0,PLAYED (final score in nflverse)
Tyler Warren,IND,WAS,TE,IND@WAS,last_td,0.0744407455044955,1243.0,0.01275,0.38555,B,-,tgt_sh 20.5%; team att 31.9; opp DvP 1.02; RZ tgt 3,1.0,PLAYED (final score in nflverse)
Tyler Warren,IND,WAS,TE,IND@WAS,2plus_td,0.05855,1608.0,0.01275,0.38555,B,-,tgt_sh 20.5%; team att 31.9; opp DvP 1.02; RZ tgt 3,1.0,PLAYED (final score in nflverse)
Nick Westbrook-Ikhine,IND,WAS,WR,IND@WAS,anytime_td,0.02605,3739.0,0.0,0.02625,C,-,w_td 0.02; team TD 2.75,1.0,PLAYED (final score in nflverse)
Nick Westbrook-Ikhine,IND,WAS,WR,IND@WAS,first_td,0.004873532856032856,20419.0,0.0,0.02625,C,-,w_td 0.02; team TD 2.75,1.0,PLAYED (final score in nflverse)
Nick Westbrook-Ikhine,IND,WAS,WR,IND@WAS,last_td,0.004873532856032856,20419.0,0.0,0.02625,C,-,w_td 0.02; team TD 2.75,1.0,PLAYED (final score in nflverse)
Nick Westbrook-Ikhine,IND,WAS,WR,IND@WAS,2plus_td,0.0002,499900.0,0.0,0.02625,C,-,w_td 0.02; team TD 2.75,1.0,PLAYED (final score in nflverse)
Marcus Mariota,WAS,IND,QB,IND@WAS,anytime_td,0.1222,718.0,0.1288,0.0,C,-,team att 33.5; ypa 6.73; opp d_ypa 1.08; pass rate 56.1%,1.0,PLAYED (final score in nflverse)
Marcus Mariota,WAS,IND,QB,IND@WAS,first_td,0.024126307026307026,4045.0,0.1288,0.0,C,-,team att 33.5; ypa 6.73; opp d_ypa 1.08; pass rate 56.1%,1.0,PLAYED (final score in nflverse)
Marcus Mariota,WAS,IND,QB,IND@WAS,last_td,0.024126307026307026,4045.0,0.1288,0.0,C,-,team att 33.5; ypa 6.73; opp d_ypa 1.08; pass rate 56.1%,1.0,PLAYED (final score in nflverse)
Marcus Mariota,WAS,IND,QB,IND@WAS,2plus_td,0.00635,15648.0,0.1288,0.0,C,-,team att 33.5; ypa 6.73; opp d_ypa 1.08; pass rate 56.1%,1.0,PLAYED (final score in nflverse)
Kaytron Allen,WAS,IND,RB,IND@WAS,anytime_td,0.08725,1046.0,0.0869,0.0036,C,-,w_td 0.10; team TD 2.38,1.0,PLAYED (final score in nflverse)
Kaytron Allen,WAS,IND,RB,IND@WAS,first_td,0.017008482905982905,5779.0,0.0869,0.0036,C,-,w_td 0.10; team TD 2.38,1.0,PLAYED (final score in nflverse)
Kaytron Allen,WAS,IND,RB,IND@WAS,last_td,0.017008482905982905,5779.0,0.0869,0.0036,C,-,w_td 0.10; team TD 2.38,1.0,PLAYED (final score in nflverse)
Kaytron Allen,WAS,IND,RB,IND@WAS,2plus_td,0.0031,32158.0,0.0869,0.0036,C,-,w_td 0.10; team TD 2.38,1.0,PLAYED (final score in nflverse)
John Bates,WAS,IND,TE,IND@WAS,anytime_td,0.0751,1232.0,0.0,0.07845,C,-,w_td 0.04; team TD 2.38,1.0,PLAYED (final score in nflverse)
John Bates,WAS,IND,TE,IND@WAS,first_td,0.014395592185592188,6847.0,0.0,0.07845,C,-,w_td 0.04; team TD 2.38,1.0,PLAYED (final score in nflverse)
John Bates,WAS,IND,TE,IND@WAS,last_td,0.014395592185592188,6847.0,0.0,0.07845,C,-,w_td 0.04; team TD 2.38,1.0,PLAYED (final score in nflverse)
John Bates,WAS,IND,TE,IND@WAS,2plus_td,0.0032,31150.0,0.0,0.07845,C,-,w_td 0.04; team TD 2.38,1.0,PLAYED (final score in nflverse)
Dyami Brown,WAS,IND,WR,IND@WAS,anytime_td,0.13215,657.0,0.0,0.14255,C,-,tgt_sh 7.2%; team att 33.5; opp DvP 1.09; RZ tgt 1,1.0,PLAYED (final score in nflverse)
Dyami Brown,WAS,IND,WR,IND@WAS,first_td,0.02614817377067377,3724.0,0.0,0.14255,C,-,tgt_sh 7.2%; team att 33.5; opp DvP 1.09; RZ tgt 1,1.0,PLAYED (final score in nflverse)
Dyami Brown,WAS,IND,WR,IND@WAS,last_td,0.02614817377067377,3724.0,0.0,0.14255,C,-,tgt_sh 7.2%; team att 33.5; opp DvP 1.09; RZ tgt 1,1.0,PLAYED (final score in nflverse)
Dyami Brown,WAS,IND,WR,IND@WAS,2plus_td,0.01,9900.0,0.0,0.14255,C,-,tgt_sh 7.2%; team att 33.5; opp DvP 1.09; RZ tgt 1,1.0,PLAYED (final score in nflverse)
Treylon Burks,WAS,IND,WR,IND@WAS,anytime_td,0.1286,678.0,0.0,0.13695,C,-,tgt_sh 6.8%; team att 33.5; opp DvP 1.09; RZ tgt 1,1.0,PLAYED (final score in nflverse)
Treylon Burks,WAS,IND,WR,IND@WAS,first_td,0.025126862581862582,3880.0,0.0,0.13695,C,-,tgt_sh 6.8%; team att 33.5; opp DvP 1.09; RZ tgt 1,1.0,PLAYED (final score in nflverse)
Treylon Burks,WAS,IND,WR,IND@WAS,last_td,0.025126862581862582,3880.0,0.0,0.13695,C,-,tgt_sh 6.8%; team att 33.5; opp DvP 1.09; RZ tgt 1,1.0,PLAYED (final score in nflverse)
Treylon Burks,WAS,IND,WR,IND@WAS,2plus_td,0.0081,12246.0,0.0,0.13695,C,-,tgt_sh 6.8%; team att 33.5; opp DvP 1.09; RZ tgt 1,1.0,PLAYED (final score in nflverse)
Jacory Croskey-Merritt,WAS,IND,RB,IND@WAS,anytime_td,0.3105,222.0,0.2905,0.07785,B,-,car_sh 33.8%; team rush 27.7; opp d_ypc 1.08; inside-10 car 2,1.0,PLAYED (final score in nflverse)
Jacory Croskey-Merritt,WAS,IND,RB,IND@WAS,first_td,0.06804119297369297,1370.0,0.2905,0.07785,B,-,car_sh 33.8%; team rush 27.7; opp d_ypc 1.08; inside-10 car 2,1.0,PLAYED (final score in nflverse)
Jacory Croskey-Merritt,WAS,IND,RB,IND@WAS,last_td,0.06804119297369297,1370.0,0.2905,0.07785,B,-,car_sh 33.8%; team rush 27.7; opp d_ypc 1.08; inside-10 car 2,1.0,PLAYED (final score in nflverse)
Jacory Croskey-Merritt,WAS,IND,RB,IND@WAS,2plus_td,0.0525,1805.0,0.2905,0.07785,B,-,car_sh 33.8%; team rush 27.7; opp d_ypc 1.08; inside-10 car 2,1.0,PLAYED (final score in nflverse)
Stefon Diggs,WAS,IND,WR,IND@WAS,anytime_td,0.3499,186.0,0.0,0.421,B,-,tgt_sh 18.4%; team att 33.5; opp DvP 1.09; RZ tgt 4,1.0,PLAYED (final score in nflverse)
Stefon Diggs,WAS,IND,WR,IND@WAS,first_td,0.07792279456654456,1183.0,0.0,0.421,B,-,tgt_sh 18.4%; team att 33.5; opp DvP 1.09; RZ tgt 4,1.0,PLAYED (final score in nflverse)
Stefon Diggs,WAS,IND,WR,IND@WAS,last_td,0.07792279456654456,1183.0,0.0,0.421,B,-,tgt_sh 18.4%; team att 33.5; opp DvP 1.09; RZ tgt 4,1.0,PLAYED (final score in nflverse)
Stefon Diggs,WAS,IND,WR,IND@WAS,2plus_td,0.0632,1482.0,0.0,0.421,B,-,tgt_sh 18.4%; team att 33.5; opp DvP 1.09; RZ tgt 4,1.0,PLAYED (final score in nflverse)
Austin Ekeler,WAS,IND,RB,IND@WAS,anytime_td,0.08955,1017.0,0.0607,0.03305,C,-,car_sh 8.5%; team rush 27.7; opp d_ypc 1.08; inside-10 car 0,1.0,PLAYED (final score in nflverse)
Austin Ekeler,WAS,IND,RB,IND@WAS,first_td,0.01768028485403485,5556.0,0.0607,0.03305,C,-,car_sh 8.5%; team rush 27.7; opp d_ypc 1.08; inside-10 car 0,1.0,PLAYED (final score in nflverse)
Austin Ekeler,WAS,IND,RB,IND@WAS,last_td,0.01768028485403485,5556.0,0.0607,0.03305,C,-,car_sh 8.5%; team rush 27.7; opp d_ypc 1.08; inside-10 car 0,1.0,PLAYED (final score in nflverse)
Austin Ekeler,WAS,IND,RB,IND@WAS,2plus_td,0.0039,25541.0,0.0607,0.03305,C,-,car_sh 8.5%; team rush 27.7; opp d_ypc 1.08; inside-10 car 0,1.0,PLAYED (final score in nflverse)
Jaylin Lane,WAS,IND,WR,IND@WAS,anytime_td,0.0503,1888.0,0.0,0.05155,C,-,w_td 0.03; team TD 2.38,1.0,PLAYED (final score in nflverse)
Jaylin Lane,WAS,IND,WR,IND@WAS,first_td,0.009357398296148296,10587.0,0.0,0.05155,C,-,w_td 0.03; team TD 2.38,1.0,PLAYED (final score in nflverse)
Jaylin Lane,WAS,IND,WR,IND@WAS,last_td,0.009357398296148296,10587.0,0.0,0.05155,C,-,w_td 0.03; team TD 2.38,1.0,PLAYED (final score in nflverse)
Jaylin Lane,WAS,IND,WR,IND@WAS,2plus_td,0.0012,83233.0,0.0,0.05155,C,-,w_td 0.03; team TD 2.38,1.0,PLAYED (final score in nflverse)
Luke McCaffrey,WAS,IND,WR,IND@WAS,anytime_td,0.05615,1681.0,0.0,0.0573,C,-,tgt_sh 3.8%; team att 33.5; opp DvP 1.09; RZ tgt 0,1.0,PLAYED (final score in nflverse)
Luke McCaffrey,WAS,IND,WR,IND@WAS,first_td,0.010496505439005438,9427.0,0.0,0.0573,C,-,tgt_sh 3.8%; team att 33.5; opp DvP 1.09; RZ tgt 0,1.0,PLAYED (final score in nflverse)
Luke McCaffrey,WAS,IND,WR,IND@WAS,last_td,0.010496505439005438,9427.0,0.0,0.0573,C,-,tgt_sh 3.8%; team att 33.5; opp DvP 1.09; RZ tgt 0,1.0,PLAYED (final score in nflverse)
Luke McCaffrey,WAS,IND,WR,IND@WAS,2plus_td,0.0011,90809.0,0.0,0.0573,C,-,tgt_sh 3.8%; team att 33.5; opp DvP 1.09; RZ tgt 0,1.0,PLAYED (final score in nflverse)
Terry McLaurin,WAS,IND,WR,IND@WAS,anytime_td,0.2744862756862157,264.0,0.0,0.3126593670316484,B,Questionable (Limited),tgt_sh 17.6%; team att 33.5; opp DvP 1.09; RZ tgt 2,0.6667342299285288,PLAYED (final score in nflverse)
Terry McLaurin,WAS,IND,WR,IND@WAS,first_td,0.05821520029559627,1618.0,0.0,0.3126593670316484,B,Questionable (Limited),tgt_sh 17.6%; team att 33.5; opp DvP 1.09; RZ tgt 2,0.6667342299285288,PLAYED (final score in nflverse)
Terry McLaurin,WAS,IND,WR,IND@WAS,last_td,0.05821520029559627,1618.0,0.0,0.3126593670316484,B,Questionable (Limited),tgt_sh 17.6%; team att 33.5; opp DvP 1.09; RZ tgt 2,0.6667342299285288,PLAYED (final score in nflverse)
Terry McLaurin,WAS,IND,WR,IND@WAS,2plus_td,0.035473226338683064,2719.0,0.0,0.3126593670316484,B,Questionable (Limited),tgt_sh 17.6%; team att 33.5; opp DvP 1.09; RZ tgt 2,0.6667342299285288,PLAYED (final score in nflverse)
Chig Okonkwo,WAS,IND,TE,IND@WAS,anytime_td,0.15394262423577362,550.0,0.0,0.16690181324136488,C,no game designation yet (Limited),tgt_sh 11.2%; team att 33.5; opp DvP 1.11; RZ tgt 0,0.9575230478992892,PLAYED (final score in nflverse)
Chig Okonkwo,WAS,IND,TE,IND@WAS,first_td,0.031135690498443277,3112.0,0.0,0.16690181324136488,C,no game designation yet (Limited),tgt_sh 11.2%; team att 33.5; opp DvP 1.11; RZ tgt 0,0.9575230478992892,PLAYED (final score in nflverse)
Chig Okonkwo,WAS,IND,TE,IND@WAS,last_td,0.031135690498443277,3112.0,0.0,0.16690181324136488,C,no game designation yet (Limited),tgt_sh 11.2%; team att 33.5; opp DvP 1.11; RZ tgt 0,0.9575230478992892,PLAYED (final score in nflverse)
Chig Okonkwo,WAS,IND,TE,IND@WAS,2plus_td,0.012332131473062653,8009.0,0.0,0.16690181324136488,C,no game designation yet (Limited),tgt_sh 11.2%; team att 33.5; opp DvP 1.11; RZ tgt 0,0.9575230478992892,PLAYED (final score in nflverse)
Craig Reynolds,WAS,IND,RB,IND@WAS,anytime_td,0.02735,3556.0,0.0248,0.00275,C,-,w_td 0.03; team TD 2.38,1.0,PLAYED (final score in nflverse)
Craig Reynolds,WAS,IND,RB,IND@WAS,first_td,0.005305528499278499,18748.0,0.0248,0.00275,C,-,w_td 0.03; team TD 2.38,1.0,PLAYED (final score in nflverse)
Craig Reynolds,WAS,IND,RB,IND@WAS,last_td,0.005305528499278499,18748.0,0.0248,0.00275,C,-,w_td 0.03; team TD 2.38,1.0,PLAYED (final score in nflverse)
Craig Reynolds,WAS,IND,RB,IND@WAS,2plus_td,0.0002,499900.0,0.0248,0.00275,C,-,w_td 0.03; team TD 2.38,1.0,PLAYED (final score in nflverse)
Ben Sinnott,WAS,IND,TE,IND@WAS,anytime_td,0.02510460251046025,3883.0,0.0,0.025418410041841005,C,no game designation yet (Limited),w_td 0.02; team TD 2.38,0.9575230478992892,PLAYED (final score in nflverse)
Ben Sinnott,WAS,IND,TE,IND@WAS,first_td,0.004840573623261907,20559.0,0.0,0.025418410041841005,C,no game designation yet (Limited),w_td 0.02; team TD 2.38,0.9575230478992892,PLAYED (final score in nflverse)
Ben Sinnott,WAS,IND,TE,IND@WAS,last_td,0.004840573623261907,20559.0,0.0,0.025418410041841005,C,no game designation yet (Limited),w_td 0.02; team TD 2.38,0.9575230478992892,PLAYED (final score in nflverse)
Ben Sinnott,WAS,IND,TE,IND@WAS,2plus_td,0.00031380753138075313,318567.0,0.0,0.025418410041841005,C,no game designation yet (Limited),w_td 0.02; team TD 2.38,0.9575230478992892,PLAYED (final score in nflverse)
Antonio Williams,WAS,IND,WR,IND@WAS,anytime_td,0.23215,331.0,0.0,0.25825,B,-,tgt_sh 11.6%; team att 33.5; opp DvP 1.09; RZ tgt 2,1.0,PLAYED (final score in nflverse)
Antonio Williams,WAS,IND,WR,IND@WAS,first_td,0.047396643356643356,2010.0,0.0,0.25825,B,-,tgt_sh 11.6%; team att 33.5; opp DvP 1.09; RZ tgt 2,1.0,PLAYED (final score in nflverse)
Antonio Williams,WAS,IND,WR,IND@WAS,last_td,0.047396643356643356,2010.0,0.0,0.25825,B,-,tgt_sh 11.6%; team att 33.5; opp DvP 1.09; RZ tgt 2,1.0,PLAYED (final score in nflverse)
Antonio Williams,WAS,IND,WR,IND@WAS,2plus_td,0.02485,3924.0,0.0,0.25825,B,-,tgt_sh 11.6%; team att 33.5; opp DvP 1.09; RZ tgt 2,1.0,PLAYED (final score in nflverse)
Colson Yankoff,WAS,IND,TE,IND@WAS,anytime_td,0.0248,3932.0,0.0,0.025,C,-,w_td 0.01; team TD 2.38,1.0,PLAYED (final score in nflverse)
Colson Yankoff,WAS,IND,TE,IND@WAS,first_td,0.004597625013875014,21650.0,0.0,0.025,C,-,w_td 0.01; team TD 2.38,1.0,PLAYED (final score in nflverse)
Colson Yankoff,WAS,IND,TE,IND@WAS,last_td,0.004597625013875014,21650.0,0.0,0.025,C,-,w_td 0.01; team TD 2.38,1.0,PLAYED (final score in nflverse)
Colson Yankoff,WAS,IND,TE,IND@WAS,2plus_td,0.0002,499900.0,0.0,0.025,C,-,w_td 0.01; team TD 2.38,1.0,PLAYED (final score in nflverse)
Cam Ward,TEN,BAL,QB,TEN@BAL,anytime_td,0.11215,792.0,0.11995,0.0,B,-,team att 34.0; ypa 6.42; opp d_ypa 0.97; pass rate 59.8%,1.0,PLAYED (final score in nflverse)
Cam Ward,TEN,BAL,QB,TEN@BAL,first_td,0.023484187062937062,4158.0,0.11995,0.0,B,-,team att 34.0; ypa 6.42; opp d_ypa 0.97; pass rate 59.8%,1.0,PLAYED (final score in nflverse)
Cam Ward,TEN,BAL,QB,TEN@BAL,last_td,0.023484187062937062,4158.0,0.11995,0.0,B,-,team att 34.0; ypa 6.42; opp d_ypa 0.97; pass rate 59.8%,1.0,PLAYED (final score in nflverse)
Cam Ward,TEN,BAL,QB,TEN@BAL,2plus_td,0.0073,13599.0,0.11995,0.0,B,-,team att 34.0; ypa 6.42; opp d_ypa 0.97; pass rate 59.8%,1.0,PLAYED (final score in nflverse)
Elic Ayomanor,TEN,BAL,WR,TEN@BAL,anytime_td,0.175,471.0,0.0,0.1911,B,-,tgt_sh 12.0%; team att 34.0; opp DvP 1.03; RZ tgt 5,1.0,PLAYED (final score in nflverse)
Elic Ayomanor,TEN,BAL,WR,TEN@BAL,first_td,0.03703078643578643,2600.0,0.0,0.1911,B,-,tgt_sh 12.0%; team att 34.0; opp DvP 1.03; RZ tgt 5,1.0,PLAYED (final score in nflverse)
Elic Ayomanor,TEN,BAL,WR,TEN@BAL,last_td,0.03703078643578643,2600.0,0.0,0.1911,B,-,tgt_sh 12.0%; team att 34.0; opp DvP 1.03; RZ tgt 5,1.0,PLAYED (final score in nflverse)
Elic Ayomanor,TEN,BAL,WR,TEN@BAL,2plus_td,0.0153,6436.0,0.0,0.1911,B,-,tgt_sh 12.0%; team att 34.0; opp DvP 1.03; RZ tgt 5,1.0,PLAYED (final score in nflverse)
Daniel Bellinger,TEN,BAL,TE,TEN@BAL,anytime_td,0.0294,3301.0,0.0,0.02965,C,-,tgt_sh 3.9%; team att 34.0; opp DvP 0.91; RZ tgt 0,1.0,PLAYED (final score in nflverse)
Daniel Bellinger,TEN,BAL,TE,TEN@BAL,first_td,0.005738084415584416,17327.0,0.0,0.02965,C,-,tgt_sh 3.9%; team att 34.0; opp DvP 0.91; RZ tgt 0,1.0,PLAYED (final score in nflverse)
Daniel Bellinger,TEN,BAL,TE,TEN@BAL,last_td,0.005738084415584416,17327.0,0.0,0.02965,C,-,tgt_sh 3.9%; team att 34.0; opp DvP 0.91; RZ tgt 0,1.0,PLAYED (final score in nflverse)
Daniel Bellinger,TEN,BAL,TE,TEN@BAL,2plus_td,0.00025,399900.0,0.0,0.02965,C,-,tgt_sh 3.9%; team att 34.0; opp DvP 0.91; RZ tgt 0,1.0,PLAYED (final score in nflverse)
Chimere Dike,TEN,BAL,WR,TEN@BAL,anytime_td,0.04495,2125.0,0.0,0.0462,C,-,tgt_sh 6.2%; team att 34.0; opp DvP 1.03; RZ tgt 0,1.0,PLAYED (final score in nflverse)
Chimere Dike,TEN,BAL,WR,TEN@BAL,first_td,0.008962284659784658,11058.0,0.0,0.0462,C,-,tgt_sh 6.2%; team att 34.0; opp DvP 1.03; RZ tgt 0,1.0,PLAYED (final score in nflverse)
Chimere Dike,TEN,BAL,WR,TEN@BAL,last_td,0.008962284659784658,11058.0,0.0,0.0462,C,-,tgt_sh 6.2%; team att 34.0; opp DvP 1.03; RZ tgt 0,1.0,PLAYED (final score in nflverse)
Chimere Dike,TEN,BAL,WR,TEN@BAL,2plus_td,0.00125,79900.0,0.0,0.0462,C,-,tgt_sh 6.2%; team att 34.0; opp DvP 1.03; RZ tgt 0,1.0,PLAYED (final score in nflverse)
Gunnar Helm,TEN,BAL,TE,TEN@BAL,anytime_td,0.1332,651.0,0.0,0.1427,C,-,tgt_sh 11.8%; team att 34.0; opp DvP 0.91; RZ tgt 3,1.0,PLAYED (final score in nflverse)
Gunnar Helm,TEN,BAL,TE,TEN@BAL,first_td,0.027586692474192476,3525.0,0.0,0.1427,C,-,tgt_sh 11.8%; team att 34.0; opp DvP 0.91; RZ tgt 3,1.0,PLAYED (final score in nflverse)
Gunnar Helm,TEN,BAL,TE,TEN@BAL,last_td,0.027586692474192476,3525.0,0.0,0.1427,C,-,tgt_sh 11.8%; team att 34.0; opp DvP 0.91; RZ tgt 3,1.0,PLAYED (final score in nflverse)
Gunnar Helm,TEN,BAL,TE,TEN@BAL,2plus_td,0.00935,10595.0,0.0,0.1427,C,-,tgt_sh 11.8%; team att 34.0; opp DvP 0.91; RZ tgt 3,1.0,PLAYED (final score in nflverse)
Tony Pollard,TEN,BAL,RB,TEN@BAL,anytime_td,0.44988676462842997,122.0,0.5196713540843735,0.058039711381471536,B,no game designation yet (Full),tgt_sh 7.6%; team att 34.0; opp DvP 0.99; RZ tgt 0; car_sh 56.6%; team rush 24.0; opp d_ypc 0.96; inside-10 car 13,0.9508674235277402,PLAYED (final score in nflverse)
Tony Pollard,TEN,BAL,RB,TEN@BAL,first_td,0.1128667805512489,786.0,0.5196713540843735,0.058039711381471536,B,no game designation yet (Full),tgt_sh 7.6%; team att 34.0; opp DvP 0.99; RZ tgt 0; car_sh 56.6%; team rush 24.0; opp d_ypc 0.96; inside-10 car 13,0.9508674235277402,PLAYED (final score in nflverse)
Tony Pollard,TEN,BAL,RB,TEN@BAL,last_td,0.1128667805512489,786.0,0.5196713540843735,0.058039711381471536,B,no game designation yet (Full),tgt_sh 7.6%; team att 34.0; opp DvP 0.99; RZ tgt 0; car_sh 56.6%; team rush 24.0; opp d_ypc 0.96; inside-10 car 13,0.9508674235277402,PLAYED (final score in nflverse)
Tony Pollard,TEN,BAL,RB,TEN@BAL,2plus_td,0.10975930900089535,811.0,0.5196713540843735,0.058039711381471536,B,no game designation yet (Full),tgt_sh 7.6%; team att 34.0; opp DvP 0.99; RZ tgt 0; car_sh 56.6%; team rush 24.0; opp d_ypc 0.96; inside-10 car 13,0.9508674235277402,PLAYED (final score in nflverse)
Calvin Ridley,TEN,BAL,WR,TEN@BAL,anytime_td,0.06085,1543.0,0.0,0.063,C,-,tgt_sh 8.5%; team att 34.0; opp DvP 1.03; RZ tgt 0,1.0,PLAYED (final score in nflverse)
Calvin Ridley,TEN,BAL,WR,TEN@BAL,first_td,0.01230830142080142,8025.0,0.0,0.063,C,-,tgt_sh 8.5%; team att 34.0; opp DvP 1.03; RZ tgt 0,1.0,PLAYED (final score in nflverse)
Calvin Ridley,TEN,BAL,WR,TEN@BAL,last_td,0.01230830142080142,8025.0,0.0,0.063,C,-,tgt_sh 8.5%; team att 34.0; opp DvP 1.03; RZ tgt 0,1.0,PLAYED (final score in nflverse)
Calvin Ridley,TEN,BAL,WR,TEN@BAL,2plus_td,0.00215,46412.0,0.0,0.063,C,-,tgt_sh 8.5%; team att 34.0; opp DvP 1.03; RZ tgt 0,1.0,PLAYED (final score in nflverse)
Wan'Dale Robinson,TEN,BAL,WR,TEN@BAL,anytime_td,0.20835,380.0,0.00585,0.2253,B,-,tgt_sh 18.8%; team att 34.0; opp DvP 1.03; RZ tgt 4,1.0,PLAYED (final score in nflverse)
Wan'Dale Robinson,TEN,BAL,WR,TEN@BAL,first_td,0.04412898143523143,2166.0,0.00585,0.2253,B,-,tgt_sh 18.8%; team att 34.0; opp DvP 1.03; RZ tgt 4,1.0,PLAYED (final score in nflverse)
Wan'Dale Robinson,TEN,BAL,WR,TEN@BAL,last_td,0.04412898143523143,2166.0,0.00585,0.2253,B,-,tgt_sh 18.8%; team att 34.0; opp DvP 1.03; RZ tgt 4,1.0,PLAYED (final score in nflverse)
Wan'Dale Robinson,TEN,BAL,WR,TEN@BAL,2plus_td,0.02125,4606.0,0.00585,0.2253,B,-,tgt_sh 18.8%; team att 34.0; opp DvP 1.03; RZ tgt 4,1.0,PLAYED (final score in nflverse)
Nicholas Singleton,TEN,BAL,RB,TEN@BAL,anytime_td,0.0619,1516.0,0.05985,0.00425,C,-,car_sh 8.9%; team rush 24.0; opp d_ypc 0.96; inside-10 car 0,1.0,PLAYED (final score in nflverse)
Nicholas Singleton,TEN,BAL,RB,TEN@BAL,first_td,0.012601942640692641,7835.0,0.05985,0.00425,C,-,car_sh 8.9%; team rush 24.0; opp d_ypc 0.96; inside-10 car 0,1.0,PLAYED (final score in nflverse)
Nicholas Singleton,TEN,BAL,RB,TEN@BAL,last_td,0.012601942640692641,7835.0,0.05985,0.00425,C,-,car_sh 8.9%; team rush 24.0; opp d_ypc 0.96; inside-10 car 0,1.0,PLAYED (final score in nflverse)
Nicholas Singleton,TEN,BAL,RB,TEN@BAL,2plus_td,0.00215,46412.0,0.05985,0.00425,C,-,car_sh 8.9%; team rush 24.0; opp d_ypc 0.96; inside-10 car 0,1.0,PLAYED (final score in nflverse)
Tyjae Spears,TEN,BAL,RB,TEN@BAL,anytime_td,0.1620060576178066,517.0,0.12530816369655562,0.052898499683031626,B,Questionable (Full),tgt_sh 7.4%; team att 34.0; opp DvP 0.99; RZ tgt 0; car_sh 20.4%; team rush 24.0; opp d_ypc 0.96; inside-10 car 0,0.7075836643559986,PLAYED (final score in nflverse)
Tyjae Spears,TEN,BAL,RB,TEN@BAL,first_td,0.034756743417023755,2777.0,0.12530816369655562,0.052898499683031626,B,Questionable (Full),tgt_sh 7.4%; team att 34.0; opp DvP 0.99; RZ tgt 0; car_sh 20.4%; team rush 24.0; opp d_ypc 0.96; inside-10 car 0,0.7075836643559986,PLAYED (final score in nflverse)
Tyjae Spears,TEN,BAL,RB,TEN@BAL,last_td,0.034756743417023755,2777.0,0.12530816369655562,0.052898499683031626,B,Questionable (Full),tgt_sh 7.4%; team att 34.0; opp DvP 0.99; RZ tgt 0; car_sh 20.4%; team rush 24.0; opp d_ypc 0.96; inside-10 car 0,0.7075836643559986,PLAYED (final score in nflverse)
Tyjae Spears,TEN,BAL,RB,TEN@BAL,2plus_td,0.015707543847291682,6266.0,0.12530816369655562,0.052898499683031626,B,Questionable (Full),tgt_sh 7.4%; team att 34.0; opp DvP 0.99; RZ tgt 0; car_sh 20.4%; team rush 24.0; opp d_ypc 0.96; inside-10 car 0,0.7075836643559986,PLAYED (final score in nflverse)
Carnell Tate,TEN,BAL,WR,TEN@BAL,anytime_td,0.1827,447.0,0.0,0.20115,B,-,tgt_sh 22.7%; team att 34.0; opp DvP 1.03; RZ tgt 1,1.0,PLAYED (final score in nflverse)
Carnell Tate,TEN,BAL,WR,TEN@BAL,first_td,0.038213540071040074,2517.0,0.0,0.20115,B,-,tgt_sh 22.7%; team att 34.0; opp DvP 1.03; RZ tgt 1,1.0,PLAYED (final score in nflverse)
Carnell Tate,TEN,BAL,WR,TEN@BAL,last_td,0.038213540071040074,2517.0,0.0,0.20115,B,-,tgt_sh 22.7%; team att 34.0; opp DvP 1.03; RZ tgt 1,1.0,PLAYED (final score in nflverse)
Carnell Tate,TEN,BAL,WR,TEN@BAL,2plus_td,0.01745,5631.0,0.0,0.20115,B,-,tgt_sh 22.7%; team att 34.0; opp DvP 1.03; RZ tgt 1,1.0,PLAYED (final score in nflverse)
Lamar Jackson,BAL,TEN,QB,TEN@BAL,anytime_td,0.17516607051609606,471.0,0.19207971384772612,0.0,B,no game designation yet (Full),team att 27.1; ypa 8.64; opp d_ypa 1.05; pass rate 47.5%,0.98,PLAYED (final score in nflverse)
Lamar Jackson,BAL,TEN,QB,TEN@BAL,first_td,0.038186410052787154,2519.0,0.19207971384772612,0.0,B,no game designation yet (Full),team att 27.1; ypa 8.64; opp d_ypa 1.05; pass rate 47.5%,0.98,PLAYED (final score in nflverse)
Lamar Jackson,BAL,TEN,QB,TEN@BAL,last_td,0.038186410052787154,2519.0,0.19207971384772612,0.0,B,no game designation yet (Full),team att 27.1; ypa 8.64; opp d_ypa 1.05; pass rate 47.5%,0.98,PLAYED (final score in nflverse)
Lamar Jackson,BAL,TEN,QB,TEN@BAL,2plus_td,0.01594276954522228,6172.0,0.19207971384772612,0.0,B,no game designation yet (Full),team att 27.1; ypa 8.64; opp d_ypa 1.05; pass rate 47.5%,0.98,PLAYED (final score in nflverse)
Rasheen Ali,BAL,TEN,RB,TEN@BAL,anytime_td,0.03835,2508.0,0.0153,0.0237,C,-,w_td 0.02; team TD 3.05,1.0,PLAYED (final score in nflverse)
Rasheen Ali,BAL,TEN,RB,TEN@BAL,first_td,0.008087864357864356,12264.0,0.0153,0.0237,C,-,w_td 0.02; team TD 3.05,1.0,PLAYED (final score in nflverse)
Rasheen Ali,BAL,TEN,RB,TEN@BAL,last_td,0.008087864357864356,12264.0,0.0153,0.0237,C,-,w_td 0.02; team TD 3.05,1.0,PLAYED (final score in nflverse)
Rasheen Ali,BAL,TEN,RB,TEN@BAL,2plus_td,0.00065,153746.0,0.0153,0.0237,C,-,w_td 0.02; team TD 3.05,1.0,PLAYED (final score in nflverse)
Mark Andrews,BAL,TEN,TE,TEN@BAL,anytime_td,0.32329953527672156,209.0,0.0,0.38550908322771443,B,no game designation yet (Full),tgt_sh 18.9%; team att 27.1; opp DvP 0.92; RZ tgt 3,0.9479829842591244,PLAYED (final score in nflverse)
Mark Andrews,BAL,TEN,TE,TEN@BAL,first_td,0.07667226655661383,1204.0,0.0,0.38550908322771443,B,no game designation yet (Full),tgt_sh 18.9%; team att 27.1; opp DvP 0.92; RZ tgt 3,0.9479829842591244,PLAYED (final score in nflverse)
Mark Andrews,BAL,TEN,TE,TEN@BAL,last_td,0.07667226655661383,1204.0,0.0,0.38550908322771443,B,no game designation yet (Full),tgt_sh 18.9%; team att 27.1; opp DvP 0.92; RZ tgt 3,0.9479829842591244,PLAYED (final score in nflverse)
Mark Andrews,BAL,TEN,TE,TEN@BAL,2plus_td,0.055819602872834814,1691.0,0.0,0.38550908322771443,B,no game designation yet (Full),tgt_sh 18.9%; team att 27.1; opp DvP 0.92; RZ tgt 3,0.9479829842591244,PLAYED (final score in nflverse)
Rashod Bateman,BAL,TEN,WR,TEN@BAL,anytime_td,0.22895,337.0,0.0,0.25725,C,-,tgt_sh 11.3%; team att 27.1; opp DvP 1.07; RZ tgt 2,1.0,PLAYED (final score in nflverse)
Rashod Bateman,BAL,TEN,WR,TEN@BAL,first_td,0.050634119769119766,1875.0,0.0,0.25725,C,-,tgt_sh 11.3%; team att 27.1; opp DvP 1.07; RZ tgt 2,1.0,PLAYED (final score in nflverse)
Rashod Bateman,BAL,TEN,WR,TEN@BAL,last_td,0.050634119769119766,1875.0,0.0,0.25725,C,-,tgt_sh 11.3%; team att 27.1; opp DvP 1.07; RZ tgt 2,1.0,PLAYED (final score in nflverse)
Rashod Bateman,BAL,TEN,WR,TEN@BAL,2plus_td,0.02595,3754.0,0.0,0.25725,C,-,tgt_sh 11.3%; team att 27.1; opp DvP 1.07; RZ tgt 2,1.0,PLAYED (final score in nflverse)
Zay Flowers,BAL,TEN,WR,TEN@BAL,anytime_td,0.3951014905250543,153.0,0.008688487753726312,0.4832596809227773,B,Questionable (Limited),tgt_sh 24.4%; team att 27.1; opp DvP 1.07; RZ tgt 4,0.6667342299285288,PLAYED (final score in nflverse)
Zay Flowers,BAL,TEN,WR,TEN@BAL,first_td,0.09737821932226846,927.0,0.008688487753726312,0.4832596809227773,B,Questionable (Limited),tgt_sh 24.4%; team att 27.1; opp DvP 1.07; RZ tgt 4,0.6667342299285288,PLAYED (final score in nflverse)
Zay Flowers,BAL,TEN,WR,TEN@BAL,last_td,0.09737821932226846,927.0,0.008688487753726312,0.4832596809227773,B,Questionable (Limited),tgt_sh 24.4%; team att 27.1; opp DvP 1.07; RZ tgt 4,0.6667342299285288,PLAYED (final score in nflverse)
Zay Flowers,BAL,TEN,WR,TEN@BAL,2plus_td,0.08523706089431503,1073.0,0.008688487753726312,0.4832596809227773,B,Questionable (Limited),tgt_sh 24.4%; team att 27.1; opp DvP 1.07; RZ tgt 4,0.6667342299285288,PLAYED (final score in nflverse)
Derrick Henry,BAL,TEN,RB,TEN@BAL,anytime_td,0.70445,-238.0,1.0748,0.07595,B,-,tgt_sh 4.8%; team att 27.1; opp DvP 0.96; RZ tgt 0; car_sh 61.0%; team rush 32.4; opp d_ypc 0.93; inside-10 car 17,1.0,PLAYED (final score in nflverse)
Derrick Henry,BAL,TEN,RB,TEN@BAL,first_td,0.23090697358197357,333.0,1.0748,0.07595,B,-,tgt_sh 4.8%; team att 27.1; opp DvP 0.96; RZ tgt 0; car_sh 61.0%; team rush 32.4; opp d_ypc 0.93; inside-10 car 17,1.0,PLAYED (final score in nflverse)
Derrick Henry,BAL,TEN,RB,TEN@BAL,last_td,0.23090697358197357,333.0,1.0748,0.07595,B,-,tgt_sh 4.8%; team att 27.1; opp DvP 0.96; RZ tgt 0; car_sh 61.0%; team rush 32.4; opp d_ypc 0.93; inside-10 car 17,1.0,PLAYED (final score in nflverse)
Derrick Henry,BAL,TEN,RB,TEN@BAL,2plus_td,0.32485,208.0,1.0748,0.07595,B,-,tgt_sh 4.8%; team att 27.1; opp DvP 0.96; RZ tgt 0; car_sh 61.0%; team rush 32.4; opp d_ypc 0.93; inside-10 car 17,1.0,PLAYED (final score in nflverse)
Matthew Hibner,BAL,TEN,TE,TEN@BAL,anytime_td,0.07645,1208.0,0.0,0.07955,C,-,w_td 0.04; team TD 3.05,1.0,PLAYED (final score in nflverse)
Matthew Hibner,BAL,TEN,TE,TEN@BAL,first_td,0.015463695887445885,6367.0,0.0,0.07955,C,-,w_td 0.04; team TD 3.05,1.0,PLAYED (final score in nflverse)
Matthew Hibner,BAL,TEN,TE,TEN@BAL,last_td,0.015463695887445885,6367.0,0.0,0.07955,C,-,w_td 0.04; team TD 3.05,1.0,PLAYED (final score in nflverse)
Matthew Hibner,BAL,TEN,TE,TEN@BAL,2plus_td,0.00285,34988.0,0.0,0.07955,C,-,w_td 0.04; team TD 3.05,1.0,PLAYED (final score in nflverse)
Justice Hill,BAL,TEN,RB,TEN@BAL,anytime_td,0.1735,476.0,0.10545,0.0852,B,-,tgt_sh 5.5%; team att 27.1; opp DvP 0.96; RZ tgt 0; car_sh 9.5%; team rush 32.4; opp d_ypc 0.93; inside-10 car 0,1.0,PLAYED (final score in nflverse)
Justice Hill,BAL,TEN,RB,TEN@BAL,first_td,0.03754123556998557,2564.0,0.10545,0.0852,B,-,tgt_sh 5.5%; team att 27.1; opp DvP 0.96; RZ tgt 0; car_sh 9.5%; team rush 32.4; opp d_ypc 0.93; inside-10 car 0,1.0,PLAYED (final score in nflverse)
Justice Hill,BAL,TEN,RB,TEN@BAL,last_td,0.03754123556998557,2564.0,0.10545,0.0852,B,-,tgt_sh 5.5%; team att 27.1; opp DvP 0.96; RZ tgt 0; car_sh 9.5%; team rush 32.4; opp d_ypc 0.93; inside-10 car 0,1.0,PLAYED (final score in nflverse)
Justice Hill,BAL,TEN,RB,TEN@BAL,2plus_td,0.0162,6073.0,0.10545,0.0852,B,-,tgt_sh 5.5%; team att 27.1; opp DvP 0.96; RZ tgt 0; car_sh 9.5%; team rush 32.4; opp d_ypc 0.93; inside-10 car 0,1.0,PLAYED (final score in nflverse)
Chris Moore,BAL,TEN,WR,TEN@BAL,anytime_td,0.13457929895669143,643.0,0.0,0.14366133753659086,C,Questionable (Limited),tgt_sh 6.8%; team att 27.1; opp DvP 1.07; RZ tgt 1,0.6667342299285288,PLAYED (final score in nflverse)
Chris Moore,BAL,TEN,WR,TEN@BAL,first_td,0.028253832076169386,3439.0,0.0,0.14366133753659086,C,Questionable (Limited),tgt_sh 6.8%; team att 27.1; opp DvP 1.07; RZ tgt 1,0.6667342299285288,PLAYED (final score in nflverse)
Chris Moore,BAL,TEN,WR,TEN@BAL,last_td,0.028253832076169386,3439.0,0.0,0.14366133753659086,C,Questionable (Limited),tgt_sh 6.8%; team att 27.1; opp DvP 1.07; RZ tgt 1,0.6667342299285288,PLAYED (final score in nflverse)
Chris Moore,BAL,TEN,WR,TEN@BAL,2plus_td,0.008856864069653981,11191.0,0.0,0.14366133753659086,C,Questionable (Limited),tgt_sh 6.8%; team att 27.1; opp DvP 1.07; RZ tgt 1,0.6667342299285288,PLAYED (final score in nflverse)
Elijah Sarratt,BAL,TEN,WR,TEN@BAL,anytime_td,0.07305,1269.0,0.0,0.0751,C,-,tgt_sh 4.8%; team att 27.1; opp DvP 1.07; RZ tgt 0,1.0,PLAYED (final score in nflverse)
Elijah Sarratt,BAL,TEN,WR,TEN@BAL,first_td,0.014588311688311689,6755.0,0.0,0.0751,C,-,tgt_sh 4.8%; team att 27.1; opp DvP 1.07; RZ tgt 0,1.0,PLAYED (final score in nflverse)
Elijah Sarratt,BAL,TEN,WR,TEN@BAL,last_td,0.014588311688311689,6755.0,0.0,0.0751,C,-,tgt_sh 4.8%; team att 27.1; opp DvP 1.07; RZ tgt 0,1.0,PLAYED (final score in nflverse)
Elijah Sarratt,BAL,TEN,WR,TEN@BAL,2plus_td,0.00205,48680.0,0.0,0.0751,C,-,tgt_sh 4.8%; team att 27.1; opp DvP 1.07; RZ tgt 0,1.0,PLAYED (final score in nflverse)
Durham Smythe,BAL,TEN,TE,TEN@BAL,anytime_td,0.05526024946055471,1710.0,0.0,0.05673385611283616,C,no game designation yet (Full),w_td 0.03; team TD 3.05,0.9479829842591244,PLAYED (final score in nflverse)
Durham Smythe,BAL,TEN,TE,TEN@BAL,first_td,0.011017415882949275,8977.0,0.0,0.05673385611283616,C,no game designation yet (Full),w_td 0.03; team TD 3.05,0.9479829842591244,PLAYED (final score in nflverse)
Durham Smythe,BAL,TEN,TE,TEN@BAL,last_td,0.011017415882949275,8977.0,0.0,0.05673385611283616,C,no game designation yet (Full),w_td 0.03; team TD 3.05,0.9479829842591244,PLAYED (final score in nflverse)
Durham Smythe,BAL,TEN,TE,TEN@BAL,2plus_td,0.0013683490342613546,72981.0,0.0,0.05673385611283616,C,no game designation yet (Full),w_td 0.03; team TD 3.05,0.9479829842591244,PLAYED (final score in nflverse)
Devontez Walker,BAL,TEN,WR,TEN@BAL,anytime_td,0.05895,1596.0,0.0,0.06015,C,-,tgt_sh 3.7%; team att 27.1; opp DvP 1.07; RZ tgt 0,1.0,PLAYED (final score in nflverse)
Devontez Walker,BAL,TEN,WR,TEN@BAL,first_td,0.011867851731601733,8326.0,0.0,0.06015,C,-,tgt_sh 3.7%; team att 27.1; opp DvP 1.07; RZ tgt 0,1.0,PLAYED (final score in nflverse)
Devontez Walker,BAL,TEN,WR,TEN@BAL,last_td,0.011867851731601733,8326.0,0.0,0.06015,C,-,tgt_sh 3.7%; team att 27.1; opp DvP 1.07; RZ tgt 0,1.0,PLAYED (final score in nflverse)
Devontez Walker,BAL,TEN,WR,TEN@BAL,2plus_td,0.0012,83233.0,0.0,0.06015,C,-,tgt_sh 3.7%; team att 27.1; opp DvP 1.07; RZ tgt 0,1.0,PLAYED (final score in nflverse)
LaJohntay Wester,BAL,TEN,WR,TEN@BAL,anytime_td,0.02585,3768.0,0.0,0.02625,C,-,w_td 0.01; team TD 3.05,1.0,PLAYED (final score in nflverse)
LaJohntay Wester,BAL,TEN,WR,TEN@BAL,first_td,0.005226316738816739,19034.0,0.0,0.02625,C,-,w_td 0.01; team TD 3.05,1.0,PLAYED (final score in nflverse)
LaJohntay Wester,BAL,TEN,WR,TEN@BAL,last_td,0.005226316738816739,19034.0,0.0,0.02625,C,-,w_td 0.01; team TD 3.05,1.0,PLAYED (final score in nflverse)
LaJohntay Wester,BAL,TEN,WR,TEN@BAL,2plus_td,0.0004,249900.0,0.0,0.02625,C,-,w_td 0.01; team TD 3.05,1.0,PLAYED (final score in nflverse)
Drake Maye,NE,BUF,QB,NE@BUF,anytime_td,0.13630112565578362,634.0,0.14358478072632813,0.0,B,no game designation yet (Full),team att 32.3; ypa 7.52; opp d_ypa 1.03; pass rate 54.5%,0.98,PLAYED (final score in nflverse)
Drake Maye,NE,BUF,QB,NE@BUF,first_td,0.025484619541819152,3824.0,0.14358478072632813,0.0,B,no game designation yet (Full),team att 32.3; ypa 7.52; opp d_ypa 1.03; pass rate 54.5%,0.98,PLAYED (final score in nflverse)
Drake Maye,NE,BUF,QB,NE@BUF,last_td,0.025484619541819152,3824.0,0.14358478072632813,0.0,B,no game designation yet (Full),team att 32.3; ypa 7.52; opp d_ypa 1.03; pass rate 54.5%,0.98,PLAYED (final score in nflverse)
Drake Maye,NE,BUF,QB,NE@BUF,2plus_td,0.007079916467172618,14024.0,0.14358478072632813,0.0,B,no game designation yet (Full),team att 32.3; ypa 7.52; opp d_ypa 1.03; pass rate 54.5%,0.98,PLAYED (final score in nflverse)
Efton Chism III,NE,BUF,WR,NE@BUF,anytime_td,0.0822,1117.0,0.0,0.08505,C,-,tgt_sh 3.6%; team att 32.3; opp DvP 1.04; RZ tgt 1,1.0,PLAYED (final score in nflverse)
Efton Chism III,NE,BUF,WR,NE@BUF,first_td,0.015279036519036521,6445.0,0.0,0.08505,C,-,tgt_sh 3.6%; team att 32.3; opp DvP 1.04; RZ tgt 1,1.0,PLAYED (final score in nflverse)
Efton Chism III,NE,BUF,WR,NE@BUF,last_td,0.015279036519036521,6445.0,0.0,0.08505,C,-,tgt_sh 3.6%; team att 32.3; opp DvP 1.04; RZ tgt 1,1.0,PLAYED (final score in nflverse)
Efton Chism III,NE,BUF,WR,NE@BUF,2plus_td,0.0028,35614.0,0.0,0.08505,C,-,tgt_sh 3.6%; team att 32.3; opp DvP 1.04; RZ tgt 1,1.0,PLAYED (final score in nflverse)
Romeo Doubs,NE,BUF,WR,NE@BUF,anytime_td,0.31895,214.0,0.0,0.3804,B,-,tgt_sh 16.8%; team att 32.3; opp DvP 1.04; RZ tgt 4,1.0,PLAYED (final score in nflverse)
Romeo Doubs,NE,BUF,WR,NE@BUF,first_td,0.06775012931512932,1376.0,0.0,0.3804,B,-,tgt_sh 16.8%; team att 32.3; opp DvP 1.04; RZ tgt 4,1.0,PLAYED (final score in nflverse)
Romeo Doubs,NE,BUF,WR,NE@BUF,last_td,0.06775012931512932,1376.0,0.0,0.3804,B,-,tgt_sh 16.8%; team att 32.3; opp DvP 1.04; RZ tgt 4,1.0,PLAYED (final score in nflverse)
Romeo Doubs,NE,BUF,WR,NE@BUF,2plus_td,0.0544,1738.0,0.0,0.3804,B,-,tgt_sh 16.8%; team att 32.3; opp DvP 1.04; RZ tgt 4,1.0,PLAYED (final score in nflverse)
DeMario Douglas,NE,BUF,WR,NE@BUF,anytime_td,0.2066,384.0,0.0,0.23005,C,-,tgt_sh 10.6%; team att 32.3; opp DvP 1.04; RZ tgt 2,1.0,PLAYED (final score in nflverse)
DeMario Douglas,NE,BUF,WR,NE@BUF,first_td,0.04037589618714618,2377.0,0.0,0.23005,C,-,tgt_sh 10.6%; team att 32.3; opp DvP 1.04; RZ tgt 2,1.0,PLAYED (final score in nflverse)
DeMario Douglas,NE,BUF,WR,NE@BUF,last_td,0.04037589618714618,2377.0,0.0,0.23005,C,-,tgt_sh 10.6%; team att 32.3; opp DvP 1.04; RZ tgt 2,1.0,PLAYED (final score in nflverse)
DeMario Douglas,NE,BUF,WR,NE@BUF,2plus_td,0.02165,4519.0,0.0,0.23005,C,-,tgt_sh 10.6%; team att 32.3; opp DvP 1.04; RZ tgt 2,1.0,PLAYED (final score in nflverse)
Reggie Gilliam,NE,BUF,RB,NE@BUF,anytime_td,0.019076305220883535,5142.0,0.0,0.019230769230769232,C,Questionable (Limited),w_td 0.01; team TD 2.43,0.6469461218980005,PLAYED (final score in nflverse)
Reggie Gilliam,NE,BUF,RB,NE@BUF,first_td,0.003509681973537395,28393.0,0.0,0.019230769230769232,C,Questionable (Limited),w_td 0.01; team TD 2.43,0.6469461218980005,PLAYED (final score in nflverse)
Reggie Gilliam,NE,BUF,RB,NE@BUF,last_td,0.003509681973537395,28393.0,0.0,0.019230769230769232,C,Questionable (Limited),w_td 0.01; team TD 2.43,0.6469461218980005,PLAYED (final score in nflverse)
Reggie Gilliam,NE,BUF,RB,NE@BUF,2plus_td,0.00015446400988569664,647300.0,0.0,0.019230769230769232,C,Questionable (Limited),w_td 0.01; team TD 2.43,0.6469461218980005,PLAYED (final score in nflverse)
TreVeyon Henderson,NE,BUF,RB,NE@BUF,anytime_td,0.2982,235.0,0.2935,0.0559,B,-,tgt_sh 4.2%; team att 32.3; opp DvP 0.98; RZ tgt 0; car_sh 39.1%; team rush 29.0; opp d_ypc 0.98; inside-10 car 1,1.0,PLAYED (final score in nflverse)
TreVeyon Henderson,NE,BUF,RB,NE@BUF,first_td,0.06295972305472305,1488.0,0.2935,0.0559,B,-,tgt_sh 4.2%; team att 32.3; opp DvP 0.98; RZ tgt 0; car_sh 39.1%; team rush 29.0; opp d_ypc 0.98; inside-10 car 1,1.0,PLAYED (final score in nflverse)
TreVeyon Henderson,NE,BUF,RB,NE@BUF,last_td,0.06295972305472305,1488.0,0.2935,0.0559,B,-,tgt_sh 4.2%; team att 32.3; opp DvP 0.98; RZ tgt 0; car_sh 39.1%; team rush 29.0; opp d_ypc 0.98; inside-10 car 1,1.0,PLAYED (final score in nflverse)
TreVeyon Henderson,NE,BUF,RB,NE@BUF,2plus_td,0.04635,2057.0,0.2935,0.0559,B,-,tgt_sh 4.2%; team att 32.3; opp DvP 0.98; RZ tgt 0; car_sh 39.1%; team rush 29.0; opp d_ypc 0.98; inside-10 car 1,1.0,PLAYED (final score in nflverse)
Hunter Henry,NE,BUF,TE,NE@BUF,anytime_td,0.18705,435.0,0.0,0.2049,C,-,tgt_sh 13.8%; team att 32.3; opp DvP 0.80; RZ tgt 1,1.0,PLAYED (final score in nflverse)
Hunter Henry,NE,BUF,TE,NE@BUF,first_td,0.036279616217116215,2656.0,0.0,0.2049,C,-,tgt_sh 13.8%; team att 32.3; opp DvP 0.80; RZ tgt 1,1.0,PLAYED (final score in nflverse)
Hunter Henry,NE,BUF,TE,NE@BUF,last_td,0.036279616217116215,2656.0,0.0,0.2049,C,-,tgt_sh 13.8%; team att 32.3; opp DvP 0.80; RZ tgt 1,1.0,PLAYED (final score in nflverse)
Hunter Henry,NE,BUF,TE,NE@BUF,2plus_td,0.0167,5888.0,0.0,0.2049,C,-,tgt_sh 13.8%; team att 32.3; opp DvP 0.80; RZ tgt 1,1.0,PLAYED (final score in nflverse)
Mack Hollins,NE,BUF,WR,NE@BUF,anytime_td,0.2997,234.0,0.0,0.35185,B,-,tgt_sh 14.1%; team att 32.3; opp DvP 1.04; RZ tgt 4,1.0,PLAYED (final score in nflverse)
Mack Hollins,NE,BUF,WR,NE@BUF,first_td,0.06230489357864358,1505.0,0.0,0.35185,B,-,tgt_sh 14.1%; team att 32.3; opp DvP 1.04; RZ tgt 4,1.0,PLAYED (final score in nflverse)
Mack Hollins,NE,BUF,WR,NE@BUF,last_td,0.06230489357864358,1505.0,0.0,0.35185,B,-,tgt_sh 14.1%; team att 32.3; opp DvP 1.04; RZ tgt 4,1.0,PLAYED (final score in nflverse)
Mack Hollins,NE,BUF,WR,NE@BUF,2plus_td,0.0469,2032.0,0.0,0.35185,B,-,tgt_sh 14.1%; team att 32.3; opp DvP 1.04; RZ tgt 4,1.0,PLAYED (final score in nflverse)
Corey Kiner,NE,BUF,RB,NE@BUF,anytime_td,0.0724,1281.0,0.0649,0.0104,C,-,car_sh 9.7%; team rush 29.0; opp d_ypc 0.98; inside-10 car 0,1.0,PLAYED (final score in nflverse)
Corey Kiner,NE,BUF,RB,NE@BUF,first_td,0.013562574508824508,7273.0,0.0649,0.0104,C,-,car_sh 9.7%; team rush 29.0; opp d_ypc 0.98; inside-10 car 0,1.0,PLAYED (final score in nflverse)
Corey Kiner,NE,BUF,RB,NE@BUF,last_td,0.013562574508824508,7273.0,0.0649,0.0104,C,-,car_sh 9.7%; team rush 29.0; opp d_ypc 0.98; inside-10 car 0,1.0,PLAYED (final score in nflverse)
Corey Kiner,NE,BUF,RB,NE@BUF,2plus_td,0.0028,35614.0,0.0649,0.0104,C,-,car_sh 9.7%; team rush 29.0; opp d_ypc 0.98; inside-10 car 0,1.0,PLAYED (final score in nflverse)
Lan Larison,NE,BUF,RB,NE@BUF,anytime_td,0.04385,2181.0,0.00415,0.04075,C,-,tgt_sh 3.0%; team att 32.3; opp DvP 0.98; RZ tgt 0,1.0,PLAYED (final score in nflverse)
Lan Larison,NE,BUF,RB,NE@BUF,first_td,0.007970613830613829,12446.0,0.00415,0.04075,C,-,tgt_sh 3.0%; team att 32.3; opp DvP 0.98; RZ tgt 0,1.0,PLAYED (final score in nflverse)
Lan Larison,NE,BUF,RB,NE@BUF,last_td,0.007970613830613829,12446.0,0.00415,0.04075,C,-,tgt_sh 3.0%; team att 32.3; opp DvP 0.98; RZ tgt 0,1.0,PLAYED (final score in nflverse)
Lan Larison,NE,BUF,RB,NE@BUF,2plus_td,0.001,99900.0,0.00415,0.04075,C,-,tgt_sh 3.0%; team att 32.3; opp DvP 0.98; RZ tgt 0,1.0,PLAYED (final score in nflverse)
Eli Raridon,NE,BUF,TE,NE@BUF,anytime_td,0.08747855917667238,1043.0,0.0,0.09172943545379969,C,Questionable (Limited),w_td 0.05; team TD 2.43,0.6667342299285288,PLAYED (final score in nflverse)
Eli Raridon,NE,BUF,TE,NE@BUF,first_td,0.01620492640330063,6071.0,0.0,0.09172943545379969,C,Questionable (Limited),w_td 0.05; team TD 2.43,0.6667342299285288,PLAYED (final score in nflverse)
Eli Raridon,NE,BUF,TE,NE@BUF,last_td,0.01620492640330063,6071.0,0.0,0.09172943545379969,C,Questionable (Limited),w_td 0.05; team TD 2.43,0.6667342299285288,PLAYED (final score in nflverse)
Eli Raridon,NE,BUF,TE,NE@BUF,2plus_td,0.004250876277127303,23425.0,0.0,0.09172943545379969,C,Questionable (Limited),w_td 0.05; team TD 2.43,0.6667342299285288,PLAYED (final score in nflverse)
Rhamondre Stevenson,NE,BUF,RB,NE@BUF,anytime_td,0.31855,214.0,0.2345,0.1405,B,-,tgt_sh 10.1%; team att 32.3; opp DvP 0.98; RZ tgt 0; car_sh 27.9%; team rush 29.0; opp d_ypc 0.98; inside-10 car 2,1.0,PLAYED (final score in nflverse)
Rhamondre Stevenson,NE,BUF,RB,NE@BUF,first_td,0.06746479284604284,1382.0,0.2345,0.1405,B,-,tgt_sh 10.1%; team att 32.3; opp DvP 0.98; RZ tgt 0; car_sh 27.9%; team rush 29.0; opp d_ypc 0.98; inside-10 car 2,1.0,PLAYED (final score in nflverse)
Rhamondre Stevenson,NE,BUF,RB,NE@BUF,last_td,0.06746479284604284,1382.0,0.2345,0.1405,B,-,tgt_sh 10.1%; team att 32.3; opp DvP 0.98; RZ tgt 0; car_sh 27.9%; team rush 29.0; opp d_ypc 0.98; inside-10 car 2,1.0,PLAYED (final score in nflverse)
Rhamondre Stevenson,NE,BUF,RB,NE@BUF,2plus_td,0.05035,1886.0,0.2345,0.1405,B,-,tgt_sh 10.1%; team att 32.3; opp DvP 0.98; RZ tgt 0; car_sh 27.9%; team rush 29.0; opp d_ypc 0.98; inside-10 car 2,1.0,PLAYED (final score in nflverse)
Kyle Williams,NE,BUF,WR,NE@BUF,anytime_td,0.0625,1500.0,0.0,0.06395,C,-,tgt_sh 4.2%; team att 32.3; opp DvP 1.04; RZ tgt 0,1.0,PLAYED (final score in nflverse)
Kyle Williams,NE,BUF,WR,NE@BUF,first_td,0.011406119436119435,8667.0,0.0,0.06395,C,-,tgt_sh 4.2%; team att 32.3; opp DvP 1.04; RZ tgt 0,1.0,PLAYED (final score in nflverse)
Kyle Williams,NE,BUF,WR,NE@BUF,last_td,0.011406119436119435,8667.0,0.0,0.06395,C,-,tgt_sh 4.2%; team att 32.3; opp DvP 1.04; RZ tgt 0,1.0,PLAYED (final score in nflverse)
Kyle Williams,NE,BUF,WR,NE@BUF,2plus_td,0.00145,68866.0,0.0,0.06395,C,-,tgt_sh 4.2%; team att 32.3; opp DvP 1.04; RZ tgt 0,1.0,PLAYED (final score in nflverse)
Josh Allen,BUF,NE,QB,NE@BUF,anytime_td,0.33485,199.0,0.3983,0.0,B,-,team att 30.2; ypa 7.95; opp d_ypa 0.96; pass rate 53.8%,1.0,PLAYED (final score in nflverse)
Josh Allen,BUF,NE,QB,NE@BUF,first_td,0.07305729034854035,1269.0,0.3983,0.0,B,-,team att 30.2; ypa 7.95; opp d_ypa 0.96; pass rate 53.8%,1.0,PLAYED (final score in nflverse)
Josh Allen,BUF,NE,QB,NE@BUF,last_td,0.07305729034854035,1269.0,0.3983,0.0,B,-,team att 30.2; ypa 7.95; opp d_ypa 0.96; pass rate 53.8%,1.0,PLAYED (final score in nflverse)
Josh Allen,BUF,NE,QB,NE@BUF,2plus_td,0.05625,1678.0,0.3983,0.0,B,-,team att 30.2; ypa 7.95; opp d_ypa 0.96; pass rate 53.8%,1.0,PLAYED (final score in nflverse)
Keon Coleman,BUF,NE,WR,NE@BUF,anytime_td,0.17167135856532165,483.0,0.0,0.1867375664685643,C,no game designation yet (Limited),tgt_sh 13.0%; team att 30.2; opp DvP 1.09; RZ tgt 2,0.9575230478992892,PLAYED (final score in nflverse)
Keon Coleman,BUF,NE,WR,NE@BUF,first_td,0.03332326103674243,2901.0,0.0,0.1867375664685643,C,no game designation yet (Limited),tgt_sh 13.0%; team att 30.2; opp DvP 1.09; RZ tgt 2,0.9575230478992892,PLAYED (final score in nflverse)
Keon Coleman,BUF,NE,WR,NE@BUF,last_td,0.03332326103674243,2901.0,0.0,0.1867375664685643,C,no game designation yet (Limited),tgt_sh 13.0%; team att 30.2; opp DvP 1.09; RZ tgt 2,0.9575230478992892,PLAYED (final score in nflverse)
Keon Coleman,BUF,NE,WR,NE@BUF,2plus_td,0.0140235637576895,7031.0,0.0,0.1867375664685643,C,no game designation yet (Limited),tgt_sh 13.0%; team att 30.2; opp DvP 1.09; RZ tgt 2,0.9575230478992892,PLAYED (final score in nflverse)
James Cook,BUF,NE,RB,NE@BUF,anytime_td,0.6584,-193.0,0.89055,0.1294,B,-,tgt_sh 7.4%; team att 30.2; opp DvP 1.10; RZ tgt 2; car_sh 57.5%; team rush 27.8; opp d_ypc 1.03; inside-10 car 8,1.0,PLAYED (final score in nflverse)
James Cook,BUF,NE,RB,NE@BUF,first_td,0.18469151737151737,441.0,0.89055,0.1294,B,-,tgt_sh 7.4%; team att 30.2; opp DvP 1.10; RZ tgt 2; car_sh 57.5%; team rush 27.8; opp d_ypc 1.03; inside-10 car 8,1.0,PLAYED (final score in nflverse)
James Cook,BUF,NE,RB,NE@BUF,last_td,0.18469151737151737,441.0,0.89055,0.1294,B,-,tgt_sh 7.4%; team att 30.2; opp DvP 1.10; RZ tgt 2; car_sh 57.5%; team rush 27.8; opp d_ypc 1.03; inside-10 car 8,1.0,PLAYED (final score in nflverse)
James Cook,BUF,NE,RB,NE@BUF,2plus_td,0.27185,268.0,0.89055,0.1294,B,-,tgt_sh 7.4%; team att 30.2; opp DvP 1.10; RZ tgt 2; car_sh 57.5%; team rush 27.8; opp d_ypc 1.03; inside-10 car 8,1.0,PLAYED (final score in nflverse)
Ray Davis,BUF,NE,RB,NE@BUF,anytime_td,0.07064630572265926,1316.0,0.06000308499151627,0.013573962671602654,C,Questionable (Limited),w_td 0.05; team TD 2.92,0.6469461218980005,PLAYED (final score in nflverse)
Ray Davis,BUF,NE,RB,NE@BUF,first_td,0.013198659062842311,7477.0,0.06000308499151627,0.013573962671602654,C,Questionable (Limited),w_td 0.05; team TD 2.92,0.6469461218980005,PLAYED (final score in nflverse)
Ray Davis,BUF,NE,RB,NE@BUF,last_td,0.013198659062842311,7477.0,0.06000308499151627,0.013573962671602654,C,Questionable (Limited),w_td 0.05; team TD 2.92,0.6469461218980005,PLAYED (final score in nflverse)
Ray Davis,BUF,NE,RB,NE@BUF,2plus_td,0.0028536171525528303,34943.0,0.06000308499151627,0.013573962671602654,C,Questionable (Limited),w_td 0.05; team TD 2.92,0.6469461218980005,PLAYED (final score in nflverse)
Greg Dortch,BUF,NE,WR,NE@BUF,anytime_td,0.02325,4201.0,0.0,0.0234,C,-,w_td 0.02; team TD 2.92,1.0,PLAYED (final score in nflverse)
Greg Dortch,BUF,NE,WR,NE@BUF,first_td,0.004091636557886557,24340.0,0.0,0.0234,C,-,w_td 0.02; team TD 2.92,1.0,PLAYED (final score in nflverse)
Greg Dortch,BUF,NE,WR,NE@BUF,last_td,0.004091636557886557,24340.0,0.0,0.0234,C,-,w_td 0.02; team TD 2.92,1.0,PLAYED (final score in nflverse)
Greg Dortch,BUF,NE,WR,NE@BUF,2plus_td,0.00015,666567.0,0.0,0.0234,C,-,w_td 0.02; team TD 2.92,1.0,PLAYED (final score in nflverse)
Frank Gore Jr.,BUF,NE,RB,NE@BUF,anytime_td,0.04435,2155.0,0.0409,0.00445,C,-,w_td 0.03; team TD 2.92,1.0,PLAYED (final score in nflverse)
Frank Gore Jr.,BUF,NE,RB,NE@BUF,first_td,0.008211082251082252,12079.0,0.0409,0.00445,C,-,w_td 0.03; team TD 2.92,1.0,PLAYED (final score in nflverse)
Frank Gore Jr.,BUF,NE,RB,NE@BUF,last_td,0.008211082251082252,12079.0,0.0409,0.00445,C,-,w_td 0.03; team TD 2.92,1.0,PLAYED (final score in nflverse)
Frank Gore Jr.,BUF,NE,RB,NE@BUF,2plus_td,0.001,99900.0,0.0409,0.00445,C,-,w_td 0.03; team TD 2.92,1.0,PLAYED (final score in nflverse)
Jackson Hawes,BUF,NE,TE,NE@BUF,anytime_td,0.0189,5191.0,0.0,0.0192,C,-,w_td 0.02; team TD 2.92,1.0,PLAYED (final score in nflverse)
Jackson Hawes,BUF,NE,TE,NE@BUF,first_td,0.003538387445887446,28161.0,0.0,0.0192,C,-,w_td 0.02; team TD 2.92,1.0,PLAYED (final score in nflverse)
Jackson Hawes,BUF,NE,TE,NE@BUF,last_td,0.003538387445887446,28161.0,0.0,0.0192,C,-,w_td 0.02; team TD 2.92,1.0,PLAYED (final score in nflverse)
Jackson Hawes,BUF,NE,TE,NE@BUF,2plus_td,0.0003,333233.0,0.0,0.0192,C,-,w_td 0.02; team TD 2.92,1.0,PLAYED (final score in nflverse)
Ty Johnson,BUF,NE,RB,NE@BUF,anytime_td,0.1995,401.0,0.10995,0.1105,C,-,tgt_sh 7.9%; team att 30.2; opp DvP 1.10; RZ tgt 1; car_sh 9.5%; team rush 27.8; opp d_ypc 1.03; inside-10 car 0,1.0,PLAYED (final score in nflverse)
Ty Johnson,BUF,NE,RB,NE@BUF,first_td,0.03962784951159951,2423.0,0.10995,0.1105,C,-,tgt_sh 7.9%; team att 30.2; opp DvP 1.10; RZ tgt 1; car_sh 9.5%; team rush 27.8; opp d_ypc 1.03; inside-10 car 0,1.0,PLAYED (final score in nflverse)
Ty Johnson,BUF,NE,RB,NE@BUF,last_td,0.03962784951159951,2423.0,0.10995,0.1105,C,-,tgt_sh 7.9%; team att 30.2; opp DvP 1.10; RZ tgt 1; car_sh 9.5%; team rush 27.8; opp d_ypc 1.03; inside-10 car 0,1.0,PLAYED (final score in nflverse)
Ty Johnson,BUF,NE,RB,NE@BUF,2plus_td,0.0197,4976.0,0.10995,0.1105,C,-,tgt_sh 7.9%; team att 30.2; opp DvP 1.10; RZ tgt 1; car_sh 9.5%; team rush 27.8; opp d_ypc 1.03; inside-10 car 0,1.0,PLAYED (final score in nflverse)
Dalton Kincaid,BUF,NE,TE,NE@BUF,anytime_td,0.16775,496.0,0.0,0.18235,B,-,tgt_sh 16.2%; team att 30.2; opp DvP 0.93; RZ tgt 1,1.0,PLAYED (final score in nflverse)
Dalton Kincaid,BUF,NE,TE,NE@BUF,first_td,0.03272300740925741,2956.0,0.0,0.18235,B,-,tgt_sh 16.2%; team att 30.2; opp DvP 0.93; RZ tgt 1,1.0,PLAYED (final score in nflverse)
Dalton Kincaid,BUF,NE,TE,NE@BUF,last_td,0.03272300740925741,2956.0,0.0,0.18235,B,-,tgt_sh 16.2%; team att 30.2; opp DvP 0.93; RZ tgt 1,1.0,PLAYED (final score in nflverse)
Dalton Kincaid,BUF,NE,TE,NE@BUF,2plus_td,0.0139,7094.0,0.0,0.18235,B,-,tgt_sh 16.2%; team att 30.2; opp DvP 0.93; RZ tgt 1,1.0,PLAYED (final score in nflverse)
Dawson Knox,BUF,NE,TE,NE@BUF,anytime_td,0.10155,885.0,0.00865,0.09795,C,-,tgt_sh 5.8%; team att 30.2; opp DvP 0.93; RZ tgt 2,1.0,PLAYED (final score in nflverse)
Dawson Knox,BUF,NE,TE,NE@BUF,first_td,0.018711209484959482,5244.0,0.00865,0.09795,C,-,tgt_sh 5.8%; team att 30.2; opp DvP 0.93; RZ tgt 2,1.0,PLAYED (final score in nflverse)
Dawson Knox,BUF,NE,TE,NE@BUF,last_td,0.018711209484959482,5244.0,0.00865,0.09795,C,-,tgt_sh 5.8%; team att 30.2; opp DvP 0.93; RZ tgt 2,1.0,PLAYED (final score in nflverse)
Dawson Knox,BUF,NE,TE,NE@BUF,2plus_td,0.00475,20953.0,0.00865,0.09795,C,-,tgt_sh 5.8%; team att 30.2; opp DvP 0.93; RZ tgt 2,1.0,PLAYED (final score in nflverse)
DJ Moore,BUF,NE,WR,NE@BUF,anytime_td,0.22990849673202615,335.0,0.014745098039215686,0.24460130718954248,B,no game designation yet (Limited),tgt_sh 16.0%; team att 30.2; opp DvP 1.09; RZ tgt 3,0.9575230478992892,PLAYED (final score in nflverse)
DJ Moore,BUF,NE,WR,NE@BUF,first_td,0.04570247980051901,2088.0,0.014745098039215686,0.24460130718954248,B,no game designation yet (Limited),tgt_sh 16.0%; team att 30.2; opp DvP 1.09; RZ tgt 3,0.9575230478992892,PLAYED (final score in nflverse)
DJ Moore,BUF,NE,WR,NE@BUF,last_td,0.04570247980051901,2088.0,0.014745098039215686,0.24460130718954248,B,no game designation yet (Limited),tgt_sh 16.0%; team att 30.2; opp DvP 1.09; RZ tgt 3,0.9575230478992892,PLAYED (final score in nflverse)
DJ Moore,BUF,NE,WR,NE@BUF,2plus_td,0.02703267973856209,3599.0,0.014745098039215686,0.24460130718954248,B,no game designation yet (Limited),tgt_sh 16.0%; team att 30.2; opp DvP 1.09; RZ tgt 3,0.9575230478992892,PLAYED (final score in nflverse)
Josh Palmer,BUF,NE,WR,NE@BUF,anytime_td,0.0799,1152.0,0.0,0.08285,C,-,tgt_sh 7.5%; team att 30.2; opp DvP 1.09; RZ tgt 0,1.0,PLAYED (final score in nflverse)
Josh Palmer,BUF,NE,WR,NE@BUF,first_td,0.014816178404928404,6649.0,0.0,0.08285,C,-,tgt_sh 7.5%; team att 30.2; opp DvP 1.09; RZ tgt 0,1.0,PLAYED (final score in nflverse)
Josh Palmer,BUF,NE,WR,NE@BUF,last_td,0.014816178404928404,6649.0,0.0,0.08285,C,-,tgt_sh 7.5%; team att 30.2; opp DvP 1.09; RZ tgt 0,1.0,PLAYED (final score in nflverse)
Josh Palmer,BUF,NE,WR,NE@BUF,2plus_td,0.00295,33798.0,0.0,0.08285,C,-,tgt_sh 7.5%; team att 30.2; opp DvP 1.09; RZ tgt 0,1.0,PLAYED (final score in nflverse)
Khalil Shakir,BUF,NE,WR,NE@BUF,anytime_td,0.28665,249.0,0.0,0.3325,B,-,tgt_sh 19.0%; team att 30.2; opp DvP 1.09; RZ tgt 5,1.0,PLAYED (final score in nflverse)
Khalil Shakir,BUF,NE,WR,NE@BUF,first_td,0.059066199633699634,1593.0,0.0,0.3325,B,-,tgt_sh 19.0%; team att 30.2; opp DvP 1.09; RZ tgt 5,1.0,PLAYED (final score in nflverse)
Khalil Shakir,BUF,NE,WR,NE@BUF,last_td,0.059066199633699634,1593.0,0.0,0.3325,B,-,tgt_sh 19.0%; team att 30.2; opp DvP 1.09; RZ tgt 5,1.0,PLAYED (final score in nflverse)
Khalil Shakir,BUF,NE,WR,NE@BUF,2plus_td,0.0417,2298.0,0.0,0.3325,B,-,tgt_sh 19.0%; team att 30.2; opp DvP 1.09; RZ tgt 5,1.0,PLAYED (final score in nflverse)
Geno Smith,NYJ,CHI,QB,NYJ@CHI,anytime_td,0.1077,829.0,0.11265,0.0,B,-,team att 30.0; ypa 7.91; opp d_ypa 1.05; pass rate 58.6%,1.0,PLAYED (final score in nflverse)
Geno Smith,NYJ,CHI,QB,NYJ@CHI,first_td,0.022878315157065156,4271.0,0.11265,0.0,B,-,team att 30.0; ypa 7.91; opp d_ypa 1.05; pass rate 58.6%,1.0,PLAYED (final score in nflverse)
Geno Smith,NYJ,CHI,QB,NYJ@CHI,last_td,0.022878315157065156,4271.0,0.11265,0.0,B,-,team att 30.0; ypa 7.91; opp d_ypa 1.05; pass rate 58.6%,1.0,PLAYED (final score in nflverse)
Geno Smith,NYJ,CHI,QB,NYJ@CHI,2plus_td,0.0049,20308.0,0.11265,0.0,B,-,team att 30.0; ypa 7.91; opp d_ypa 1.05; pass rate 58.6%,1.0,PLAYED (final score in nflverse)
Braelon Allen,NYJ,CHI,RB,NYJ@CHI,anytime_td,0.48575,106.0,0.4446,0.19805,B,-,tgt_sh 4.6%; team att 30.0; opp DvP 1.11; RZ tgt 3; car_sh 31.1%; team rush 23.7; opp d_ypc 1.09; inside-10 car 1,1.0,PLAYED (final score in nflverse)
Braelon Allen,NYJ,CHI,RB,NYJ@CHI,first_td,0.12605123792873793,693.0,0.4446,0.19805,B,-,tgt_sh 4.6%; team att 30.0; opp DvP 1.11; RZ tgt 3; car_sh 31.1%; team rush 23.7; opp d_ypc 1.09; inside-10 car 1,1.0,PLAYED (final score in nflverse)
Braelon Allen,NYJ,CHI,RB,NYJ@CHI,last_td,0.12605123792873793,693.0,0.4446,0.19805,B,-,tgt_sh 4.6%; team att 30.0; opp DvP 1.11; RZ tgt 3; car_sh 31.1%; team rush 23.7; opp d_ypc 1.09; inside-10 car 1,1.0,PLAYED (final score in nflverse)
Braelon Allen,NYJ,CHI,RB,NYJ@CHI,2plus_td,0.13435,644.0,0.4446,0.19805,B,-,tgt_sh 4.6%; team att 30.0; opp DvP 1.11; RZ tgt 3; car_sh 31.1%; team rush 23.7; opp d_ypc 1.09; inside-10 car 1,1.0,PLAYED (final score in nflverse)
Andrew Beck,NYJ,CHI,RB,NYJ@CHI,anytime_td,0.02435,4007.0,0.0166,0.00815,C,-,w_td 0.01; team TD 1.78,1.0,PLAYED (final score in nflverse)
Andrew Beck,NYJ,CHI,RB,NYJ@CHI,first_td,0.005055796009546009,19679.0,0.0166,0.00815,C,-,w_td 0.01; team TD 1.78,1.0,PLAYED (final score in nflverse)
Andrew Beck,NYJ,CHI,RB,NYJ@CHI,last_td,0.005055796009546009,19679.0,0.0166,0.00815,C,-,w_td 0.01; team TD 1.78,1.0,PLAYED (final score in nflverse)
Andrew Beck,NYJ,CHI,RB,NYJ@CHI,2plus_td,0.0004,249900.0,0.0166,0.00815,C,-,w_td 0.01; team TD 1.78,1.0,PLAYED (final score in nflverse)
Isaiah Davis,NYJ,CHI,RB,NYJ@CHI,anytime_td,0.0454,2103.0,0.02215,0.024,C,-,w_td 0.03; team TD 1.78,1.0,PLAYED (final score in nflverse)
Isaiah Davis,NYJ,CHI,RB,NYJ@CHI,first_td,0.009005633116883119,11004.0,0.02215,0.024,C,-,w_td 0.03; team TD 1.78,1.0,PLAYED (final score in nflverse)
Isaiah Davis,NYJ,CHI,RB,NYJ@CHI,last_td,0.009005633116883119,11004.0,0.02215,0.024,C,-,w_td 0.03; team TD 1.78,1.0,PLAYED (final score in nflverse)
Isaiah Davis,NYJ,CHI,RB,NYJ@CHI,2plus_td,0.00075,133233.0,0.02215,0.024,C,-,w_td 0.03; team TD 1.78,1.0,PLAYED (final score in nflverse)
Jeremy Ruckert,NYJ,CHI,TE,NYJ@CHI,anytime_td,0.12557919123841618,696.0,0.0,0.1333719460825611,C,no game designation yet (Full),tgt_sh 4.2%; team att 30.0; opp DvP 0.90; RZ tgt 2,0.9479829842591244,PLAYED (final score in nflverse)
Jeremy Ruckert,NYJ,CHI,TE,NYJ@CHI,first_td,0.025422752648689883,3833.0,0.0,0.1333719460825611,C,no game designation yet (Full),tgt_sh 4.2%; team att 30.0; opp DvP 0.90; RZ tgt 2,0.9479829842591244,PLAYED (final score in nflverse)
Jeremy Ruckert,NYJ,CHI,TE,NYJ@CHI,last_td,0.025422752648689883,3833.0,0.0,0.1333719460825611,C,no game designation yet (Full),tgt_sh 4.2%; team att 30.0; opp DvP 0.90; RZ tgt 2,0.9479829842591244,PLAYED (final score in nflverse)
Jeremy Ruckert,NYJ,CHI,TE,NYJ@CHI,2plus_td,0.007687447346251053,12908.0,0.0,0.1333719460825611,C,no game designation yet (Full),tgt_sh 4.2%; team att 30.0; opp DvP 0.90; RZ tgt 2,0.9479829842591244,PLAYED (final score in nflverse)
Kenyon Sadiq,NYJ,CHI,TE,NYJ@CHI,anytime_td,0.19809069212410502,405.0,0.04743436754176611,0.1724343675417661,C,Questionable (Limited),tgt_sh 14.4%; team att 30.0; opp DvP 0.90; RZ tgt 0,0.6667342299285288,PLAYED (final score in nflverse)
Kenyon Sadiq,NYJ,CHI,TE,NYJ@CHI,first_td,0.04278353532903056,2237.0,0.04743436754176611,0.1724343675417661,C,Questionable (Limited),tgt_sh 14.4%; team att 30.0; opp DvP 0.90; RZ tgt 0,0.6667342299285288,PLAYED (final score in nflverse)
Kenyon Sadiq,NYJ,CHI,TE,NYJ@CHI,last_td,0.04278353532903056,2237.0,0.04743436754176611,0.1724343675417661,C,Questionable (Limited),tgt_sh 14.4%; team att 30.0; opp DvP 0.90; RZ tgt 0,0.6667342299285288,PLAYED (final score in nflverse)
Kenyon Sadiq,NYJ,CHI,TE,NYJ@CHI,2plus_td,0.020733890214797136,4723.0,0.04743436754176611,0.1724343675417661,C,Questionable (Limited),tgt_sh 14.4%; team att 30.0; opp DvP 0.90; RZ tgt 0,0.6667342299285288,PLAYED (final score in nflverse)
Sterling Shepard,NYJ,CHI,WR,NYJ@CHI,anytime_td,0.10425,859.0,0.0,0.1095,C,-,tgt_sh 5.2%; team att 30.0; opp DvP 0.95; RZ tgt 1,1.0,PLAYED (final score in nflverse)
Sterling Shepard,NYJ,CHI,WR,NYJ@CHI,first_td,0.0214397335997336,4564.0,0.0,0.1095,C,-,tgt_sh 5.2%; team att 30.0; opp DvP 0.95; RZ tgt 1,1.0,PLAYED (final score in nflverse)
Sterling Shepard,NYJ,CHI,WR,NYJ@CHI,last_td,0.0214397335997336,4564.0,0.0,0.1095,C,-,tgt_sh 5.2%; team att 30.0; opp DvP 0.95; RZ tgt 1,1.0,PLAYED (final score in nflverse)
Sterling Shepard,NYJ,CHI,WR,NYJ@CHI,2plus_td,0.00505,19702.0,0.0,0.1095,C,-,tgt_sh 5.2%; team att 30.0; opp DvP 0.95; RZ tgt 1,1.0,PLAYED (final score in nflverse)
Isaiah Williams,NYJ,CHI,WR,NYJ@CHI,anytime_td,0.15885,530.0,0.0099,0.16165,C,-,tgt_sh 9.2%; team att 30.0; opp DvP 0.95; RZ tgt 1,1.0,PLAYED (final score in nflverse)
Isaiah Williams,NYJ,CHI,WR,NYJ@CHI,first_td,0.033340073953823955,2899.0,0.0099,0.16165,C,-,tgt_sh 9.2%; team att 30.0; opp DvP 0.95; RZ tgt 1,1.0,PLAYED (final score in nflverse)
Isaiah Williams,NYJ,CHI,WR,NYJ@CHI,last_td,0.033340073953823955,2899.0,0.0099,0.16165,C,-,tgt_sh 9.2%; team att 30.0; opp DvP 0.95; RZ tgt 1,1.0,PLAYED (final score in nflverse)
Isaiah Williams,NYJ,CHI,WR,NYJ@CHI,2plus_td,0.01235,7997.0,0.0099,0.16165,C,-,tgt_sh 9.2%; team att 30.0; opp DvP 0.95; RZ tgt 1,1.0,PLAYED (final score in nflverse)
Garrett Wilson,NYJ,CHI,WR,NYJ@CHI,anytime_td,0.2945,240.0,0.0,0.34505,B,-,tgt_sh 23.6%; team att 30.0; opp DvP 0.95; RZ tgt 1,1.0,PLAYED (final score in nflverse)
Garrett Wilson,NYJ,CHI,WR,NYJ@CHI,first_td,0.06685963425463426,1396.0,0.0,0.34505,B,-,tgt_sh 23.6%; team att 30.0; opp DvP 0.95; RZ tgt 1,1.0,PLAYED (final score in nflverse)
Garrett Wilson,NYJ,CHI,WR,NYJ@CHI,last_td,0.06685963425463426,1396.0,0.0,0.34505,B,-,tgt_sh 23.6%; team att 30.0; opp DvP 0.95; RZ tgt 1,1.0,PLAYED (final score in nflverse)
Garrett Wilson,NYJ,CHI,WR,NYJ@CHI,2plus_td,0.0455,2098.0,0.0,0.34505,B,-,tgt_sh 23.6%; team att 30.0; opp DvP 0.95; RZ tgt 1,1.0,PLAYED (final score in nflverse)
Jelani Woods,NYJ,CHI,TE,NYJ@CHI,anytime_td,0.0181,5425.0,0.0,0.01825,C,-,w_td 0.01; team TD 1.78,1.0,PLAYED (final score in nflverse)
Jelani Woods,NYJ,CHI,TE,NYJ@CHI,first_td,0.0036533387445887443,27272.0,0.0,0.01825,C,-,w_td 0.01; team TD 1.78,1.0,PLAYED (final score in nflverse)
Jelani Woods,NYJ,CHI,TE,NYJ@CHI,last_td,0.0036533387445887443,27272.0,0.0,0.01825,C,-,w_td 0.01; team TD 1.78,1.0,PLAYED (final score in nflverse)
Jelani Woods,NYJ,CHI,TE,NYJ@CHI,2plus_td,0.00015,666567.0,0.0,0.01825,C,-,w_td 0.01; team TD 1.78,1.0,PLAYED (final score in nflverse)
Tyson Bagent,CHI,NYJ,QB,NYJ@CHI,anytime_td,0.1821,449.0,0.20075,0.0,C,-,team att 28.7; ypa 6.88; opp d_ypa 0.95; pass rate 47.1%,1.0,PLAYED (final score in nflverse)
Tyson Bagent,CHI,NYJ,QB,NYJ@CHI,first_td,0.04006543997668997,2396.0,0.20075,0.0,C,-,team att 28.7; ypa 6.88; opp d_ypa 0.95; pass rate 47.1%,1.0,PLAYED (final score in nflverse)
Tyson Bagent,CHI,NYJ,QB,NYJ@CHI,last_td,0.04006543997668997,2396.0,0.20075,0.0,C,-,team att 28.7; ypa 6.88; opp d_ypa 0.95; pass rate 47.1%,1.0,PLAYED (final score in nflverse)
Tyson Bagent,CHI,NYJ,QB,NYJ@CHI,2plus_td,0.0174,5647.0,0.20075,0.0,C,-,team att 28.7; ypa 6.88; opp d_ypa 0.95; pass rate 47.1%,1.0,PLAYED (final score in nflverse)
Luther Burden III,CHI,NYJ,WR,NYJ@CHI,anytime_td,0.2721,268.0,0.0128,0.3005,B,-,tgt_sh 19.1%; team att 28.7; opp DvP 0.93; RZ tgt 6,1.0,PLAYED (final score in nflverse)
Luther Burden III,CHI,NYJ,WR,NYJ@CHI,first_td,0.0625038598901099,1500.0,0.0128,0.3005,B,-,tgt_sh 19.1%; team att 28.7; opp DvP 0.93; RZ tgt 6,1.0,PLAYED (final score in nflverse)
Luther Burden III,CHI,NYJ,WR,NYJ@CHI,last_td,0.0625038598901099,1500.0,0.0128,0.3005,B,-,tgt_sh 19.1%; team att 28.7; opp DvP 0.93; RZ tgt 6,1.0,PLAYED (final score in nflverse)
Luther Burden III,CHI,NYJ,WR,NYJ@CHI,2plus_td,0.03785,2542.0,0.0128,0.3005,B,-,tgt_sh 19.1%; team att 28.7; opp DvP 0.93; RZ tgt 6,1.0,PLAYED (final score in nflverse)
Roschon Johnson,CHI,NYJ,RB,NYJ@CHI,anytime_td,0.07415,1249.0,0.0451,0.0315,C,-,w_td 0.05; team TD 3.02,1.0,PLAYED (final score in nflverse)
Roschon Johnson,CHI,NYJ,RB,NYJ@CHI,first_td,0.015433965201465201,6379.0,0.0451,0.0315,C,-,w_td 0.05; team TD 3.02,1.0,PLAYED (final score in nflverse)
Roschon Johnson,CHI,NYJ,RB,NYJ@CHI,last_td,0.015433965201465201,6379.0,0.0451,0.0315,C,-,w_td 0.05; team TD 3.02,1.0,PLAYED (final score in nflverse)
Roschon Johnson,CHI,NYJ,RB,NYJ@CHI,2plus_td,0.00235,42453.0,0.0451,0.0315,C,-,w_td 0.05; team TD 3.02,1.0,PLAYED (final score in nflverse)
Cole Kmet,CHI,NYJ,TE,NYJ@CHI,anytime_td,0.06655,1403.0,0.0,0.06845,C,-,tgt_sh 7.0%; team att 28.7; opp DvP 0.82; RZ tgt 0,1.0,PLAYED (final score in nflverse)
Cole Kmet,CHI,NYJ,TE,NYJ@CHI,first_td,0.013794080086580084,7149.0,0.0,0.06845,C,-,tgt_sh 7.0%; team att 28.7; opp DvP 0.82; RZ tgt 0,1.0,PLAYED (final score in nflverse)
Cole Kmet,CHI,NYJ,TE,NYJ@CHI,last_td,0.013794080086580084,7149.0,0.0,0.06845,C,-,tgt_sh 7.0%; team att 28.7; opp DvP 0.82; RZ tgt 0,1.0,PLAYED (final score in nflverse)
Cole Kmet,CHI,NYJ,TE,NYJ@CHI,2plus_td,0.0019,52532.0,0.0,0.06845,C,-,tgt_sh 7.0%; team att 28.7; opp DvP 0.82; RZ tgt 0,1.0,PLAYED (final score in nflverse)
Colston Loveland,CHI,NYJ,TE,NYJ@CHI,anytime_td,0.2293,336.0,0.0,0.25885,B,-,tgt_sh 16.1%; team att 28.7; opp DvP 0.82; RZ tgt 6,1.0,PLAYED (final score in nflverse)
Colston Loveland,CHI,NYJ,TE,NYJ@CHI,first_td,0.05098623973248973,1861.0,0.0,0.25885,B,-,tgt_sh 16.1%; team att 28.7; opp DvP 0.82; RZ tgt 6,1.0,PLAYED (final score in nflverse)
Colston Loveland,CHI,NYJ,TE,NYJ@CHI,last_td,0.05098623973248973,1861.0,0.0,0.25885,B,-,tgt_sh 16.1%; team att 28.7; opp DvP 0.82; RZ tgt 6,1.0,PLAYED (final score in nflverse)
Colston Loveland,CHI,NYJ,TE,NYJ@CHI,2plus_td,0.0276,3523.0,0.0,0.25885,B,-,tgt_sh 16.1%; team att 28.7; opp DvP 0.82; RZ tgt 6,1.0,PLAYED (final score in nflverse)
Kyle Monangai,CHI,NYJ,RB,NYJ@CHI,anytime_td,0.46655,114.0,0.54845,0.06515,B,-,tgt_sh 4.7%; team att 28.7; opp DvP 0.94; RZ tgt 1; car_sh 28.3%; team rush 34.5; opp d_ypc 1.01; inside-10 car 11,1.0,PLAYED (final score in nflverse)
Kyle Monangai,CHI,NYJ,RB,NYJ@CHI,first_td,0.12327708916083915,711.0,0.54845,0.06515,B,-,tgt_sh 4.7%; team att 28.7; opp DvP 0.94; RZ tgt 1; car_sh 28.3%; team rush 34.5; opp d_ypc 1.01; inside-10 car 11,1.0,PLAYED (final score in nflverse)
Kyle Monangai,CHI,NYJ,RB,NYJ@CHI,last_td,0.12327708916083915,711.0,0.54845,0.06515,B,-,tgt_sh 4.7%; team att 28.7; opp DvP 0.94; RZ tgt 1; car_sh 28.3%; team rush 34.5; opp d_ypc 1.01; inside-10 car 11,1.0,PLAYED (final score in nflverse)
Kyle Monangai,CHI,NYJ,RB,NYJ@CHI,2plus_td,0.12485,701.0,0.54845,0.06515,B,-,tgt_sh 4.7%; team att 28.7; opp DvP 0.94; RZ tgt 1; car_sh 28.3%; team rush 34.5; opp d_ypc 1.01; inside-10 car 11,1.0,PLAYED (final score in nflverse)
Rome Odunze,CHI,NYJ,WR,NYJ@CHI,anytime_td,0.2011,397.0,0.0,0.22335,B,-,tgt_sh 19.0%; team att 28.7; opp DvP 0.93; RZ tgt 2,1.0,PLAYED (final score in nflverse)
Rome Odunze,CHI,NYJ,WR,NYJ@CHI,first_td,0.04391336274836275,2177.0,0.0,0.22335,B,-,tgt_sh 19.0%; team att 28.7; opp DvP 0.93; RZ tgt 2,1.0,PLAYED (final score in nflverse)
Rome Odunze,CHI,NYJ,WR,NYJ@CHI,last_td,0.04391336274836275,2177.0,0.0,0.22335,B,-,tgt_sh 19.0%; team att 28.7; opp DvP 0.93; RZ tgt 2,1.0,PLAYED (final score in nflverse)
Rome Odunze,CHI,NYJ,WR,NYJ@CHI,2plus_td,0.0212,4617.0,0.0,0.22335,B,-,tgt_sh 19.0%; team att 28.7; opp DvP 0.93; RZ tgt 2,1.0,PLAYED (final score in nflverse)
Kalif Raymond,CHI,NYJ,WR,NYJ@CHI,anytime_td,0.2038,391.0,0.0,0.2269,B,-,tgt_sh 15.3%; team att 28.7; opp DvP 0.93; RZ tgt 4,1.0,PLAYED (final score in nflverse)
Kalif Raymond,CHI,NYJ,WR,NYJ@CHI,first_td,0.044923510656010655,2126.0,0.0,0.2269,B,-,tgt_sh 15.3%; team att 28.7; opp DvP 0.93; RZ tgt 4,1.0,PLAYED (final score in nflverse)
Kalif Raymond,CHI,NYJ,WR,NYJ@CHI,last_td,0.044923510656010655,2126.0,0.0,0.2269,B,-,tgt_sh 15.3%; team att 28.7; opp DvP 0.93; RZ tgt 4,1.0,PLAYED (final score in nflverse)
Kalif Raymond,CHI,NYJ,WR,NYJ@CHI,2plus_td,0.02185,4477.0,0.0,0.2269,B,-,tgt_sh 15.3%; team att 28.7; opp DvP 0.93; RZ tgt 4,1.0,PLAYED (final score in nflverse)
Sam Roush,CHI,NYJ,TE,NYJ@CHI,anytime_td,0.0457,2088.0,0.0,0.0467,C,-,w_td 0.03; team TD 3.02,1.0,PLAYED (final score in nflverse)
Sam Roush,CHI,NYJ,TE,NYJ@CHI,first_td,0.009238071789321789,10725.0,0.0,0.0467,C,-,w_td 0.03; team TD 3.02,1.0,PLAYED (final score in nflverse)
Sam Roush,CHI,NYJ,TE,NYJ@CHI,last_td,0.009238071789321789,10725.0,0.0,0.0467,C,-,w_td 0.03; team TD 3.02,1.0,PLAYED (final score in nflverse)
Sam Roush,CHI,NYJ,TE,NYJ@CHI,2plus_td,0.001,99900.0,0.0,0.0467,C,-,w_td 0.03; team TD 3.02,1.0,PLAYED (final score in nflverse)
D'Andre Swift,CHI,NYJ,RB,NYJ@CHI,anytime_td,0.5758212877792378,-136.0,0.7106964520367937,0.10743758212877792,B,no game designation yet (Full),tgt_sh 9.0%; team att 28.7; opp DvP 0.94; RZ tgt 1; car_sh 42.2%; team rush 34.5; opp d_ypc 1.01; inside-10 car 13,0.9508674235277402,PLAYED (final score in nflverse)
D'Andre Swift,CHI,NYJ,RB,NYJ@CHI,first_td,0.16383992456660001,510.0,0.7106964520367937,0.10743758212877792,B,no game designation yet (Full),tgt_sh 9.0%; team att 28.7; opp DvP 0.94; RZ tgt 1; car_sh 42.2%; team rush 34.5; opp d_ypc 1.01; inside-10 car 13,0.9508674235277402,PLAYED (final score in nflverse)
D'Andre Swift,CHI,NYJ,RB,NYJ@CHI,last_td,0.16383992456660001,510.0,0.7106964520367937,0.10743758212877792,B,no game designation yet (Full),tgt_sh 9.0%; team att 28.7; opp DvP 0.94; RZ tgt 1; car_sh 42.2%; team rush 34.5; opp d_ypc 1.01; inside-10 car 13,0.9508674235277402,PLAYED (final score in nflverse)
D'Andre Swift,CHI,NYJ,RB,NYJ@CHI,2plus_td,0.1933245729303548,417.0,0.7106964520367937,0.10743758212877792,B,no game designation yet (Full),tgt_sh 9.0%; team att 28.7; opp DvP 0.94; RZ tgt 1; car_sh 42.2%; team rush 34.5; opp d_ypc 1.01; inside-10 car 13,0.9508674235277402,PLAYED (final score in nflverse)
Jahdae Walker,CHI,NYJ,WR,NYJ@CHI,anytime_td,0.0431,2220.0,0.0,0.04385,C,-,w_td 0.03; team TD 3.02,1.0,PLAYED (final score in nflverse)
Jahdae Walker,CHI,NYJ,WR,NYJ@CHI,first_td,0.008631870490620492,11485.0,0.0,0.04385,C,-,w_td 0.03; team TD 3.02,1.0,PLAYED (final score in nflverse)
Jahdae Walker,CHI,NYJ,WR,NYJ@CHI,last_td,0.008631870490620492,11485.0,0.0,0.04385,C,-,w_td 0.03; team TD 3.02,1.0,PLAYED (final score in nflverse)
Jahdae Walker,CHI,NYJ,WR,NYJ@CHI,2plus_td,0.00075,133233.0,0.0,0.04385,C,-,w_td 0.03; team TD 3.02,1.0,PLAYED (final score in nflverse)
Trevor Lawrence,JAX,CIN,QB,JAX@CIN,anytime_td,0.08525,1073.0,0.0885,0.0,B,-,team att 28.2; ypa 8.04; opp d_ypa 1.05; pass rate 51.2%,1.0,PLAYED (final score in nflverse)
Trevor Lawrence,JAX,CIN,QB,JAX@CIN,first_td,0.01700228590853591,5782.0,0.0885,0.0,B,-,team att 28.2; ypa 8.04; opp d_ypa 1.05; pass rate 51.2%,1.0,PLAYED (final score in nflverse)
Trevor Lawrence,JAX,CIN,QB,JAX@CIN,last_td,0.01700228590853591,5782.0,0.0885,0.0,B,-,team att 28.2; ypa 8.04; opp d_ypa 1.05; pass rate 51.2%,1.0,PLAYED (final score in nflverse)
Trevor Lawrence,JAX,CIN,QB,JAX@CIN,2plus_td,0.0032,31150.0,0.0885,0.0,B,-,team att 28.2; ypa 8.04; opp d_ypa 1.05; pass rate 51.2%,1.0,PLAYED (final score in nflverse)
Ameer Abdullah,JAX,CIN,RB,JAX@CIN,anytime_td,0.11555,765.0,0.05385,0.0678,C,-,w_td 0.09; team TD 2.78,1.0,PLAYED (final score in nflverse)
Ameer Abdullah,JAX,CIN,RB,JAX@CIN,first_td,0.022676338383838385,4310.0,0.05385,0.0678,C,-,w_td 0.09; team TD 2.78,1.0,PLAYED (final score in nflverse)
Ameer Abdullah,JAX,CIN,RB,JAX@CIN,last_td,0.022676338383838385,4310.0,0.05385,0.0678,C,-,w_td 0.09; team TD 2.78,1.0,PLAYED (final score in nflverse)
Ameer Abdullah,JAX,CIN,RB,JAX@CIN,2plus_td,0.00605,16429.0,0.05385,0.0678,C,-,w_td 0.09; team TD 2.78,1.0,PLAYED (final score in nflverse)
LeQuint Allen Jr.,JAX,CIN,RB,JAX@CIN,anytime_td,0.06714242637451,1389.0,0.009749723590310583,0.05955372399236104,C,no game designation yet (Limited),w_td 0.04; team TD 2.78,0.9951309141019752,PLAYED (final score in nflverse)
LeQuint Allen Jr.,JAX,CIN,RB,JAX@CIN,first_td,0.013469143570158748,7324.0,0.009749723590310583,0.05955372399236104,C,no game designation yet (Limited),w_td 0.04; team TD 2.78,0.9951309141019752,PLAYED (final score in nflverse)
LeQuint Allen Jr.,JAX,CIN,RB,JAX@CIN,last_td,0.013469143570158748,7324.0,0.009749723590310583,0.05955372399236104,C,no game designation yet (Limited),w_td 0.04; team TD 2.78,0.9951309141019752,PLAYED (final score in nflverse)
LeQuint Allen Jr.,JAX,CIN,RB,JAX@CIN,2plus_td,0.0020605085938285254,48432.0,0.009749723590310583,0.05955372399236104,C,no game designation yet (Limited),w_td 0.04; team TD 2.78,0.9951309141019752,PLAYED (final score in nflverse)
Nate Boerkircher,JAX,CIN,TE,JAX@CIN,anytime_td,0.07178374947101143,1293.0,0.0,0.07479898434193821,C,no game designation yet (Full),w_td 0.04; team TD 2.78,0.9479829842591244,PLAYED (final score in nflverse)
Nate Boerkircher,JAX,CIN,TE,JAX@CIN,first_td,0.014004771971339891,7040.0,0.0,0.07479898434193821,C,no game designation yet (Full),w_td 0.04; team TD 2.78,0.9479829842591244,PLAYED (final score in nflverse)
Nate Boerkircher,JAX,CIN,TE,JAX@CIN,last_td,0.014004771971339891,7040.0,0.0,0.07479898434193821,C,no game designation yet (Full),w_td 0.04; team TD 2.78,0.9479829842591244,PLAYED (final score in nflverse)
Nate Boerkircher,JAX,CIN,TE,JAX@CIN,2plus_td,0.002909437156157427,34271.0,0.0,0.07479898434193821,C,no game designation yet (Full),w_td 0.04; team TD 2.78,0.9479829842591244,PLAYED (final score in nflverse)
Josh Cameron,JAX,CIN,WR,JAX@CIN,anytime_td,0.1305,666.0,0.0,0.13915,C,-,tgt_sh 5.8%; team att 28.2; opp DvP 1.06; RZ tgt 2,1.0,PLAYED (final score in nflverse)
Josh Cameron,JAX,CIN,WR,JAX@CIN,first_td,0.026008417415917414,3745.0,0.0,0.13915,C,-,tgt_sh 5.8%; team att 28.2; opp DvP 1.06; RZ tgt 2,1.0,PLAYED (final score in nflverse)
Josh Cameron,JAX,CIN,WR,JAX@CIN,last_td,0.026008417415917414,3745.0,0.0,0.13915,C,-,tgt_sh 5.8%; team att 28.2; opp DvP 1.06; RZ tgt 2,1.0,PLAYED (final score in nflverse)
Josh Cameron,JAX,CIN,WR,JAX@CIN,2plus_td,0.0084,11805.0,0.0,0.13915,C,-,tgt_sh 5.8%; team att 28.2; opp DvP 1.06; RZ tgt 2,1.0,PLAYED (final score in nflverse)
Jakobi Meyers,JAX,CIN,WR,JAX@CIN,anytime_td,0.2890024228378805,246.0,0.005741072369114084,0.3324554935215422,C,no game designation yet (Full),tgt_sh 18.0%; team att 28.2; opp DvP 1.06; RZ tgt 3,0.9479829842591244,PLAYED (final score in nflverse)
Jakobi Meyers,JAX,CIN,WR,JAX@CIN,first_td,0.06398497346959371,1463.0,0.005741072369114084,0.3324554935215422,C,no game designation yet (Full),tgt_sh 18.0%; team att 28.2; opp DvP 1.06; RZ tgt 3,0.9479829842591244,PLAYED (final score in nflverse)
Jakobi Meyers,JAX,CIN,WR,JAX@CIN,last_td,0.06398497346959371,1463.0,0.005741072369114084,0.3324554935215422,C,no game designation yet (Full),tgt_sh 18.0%; team att 28.2; opp DvP 1.06; RZ tgt 3,0.9479829842591244,PLAYED (final score in nflverse)
Jakobi Meyers,JAX,CIN,WR,JAX@CIN,2plus_td,0.04450647845781102,2147.0,0.005741072369114084,0.3324554935215422,C,no game designation yet (Full),tgt_sh 18.0%; team att 28.2; opp DvP 1.06; RZ tgt 3,0.9479829842591244,PLAYED (final score in nflverse)
Quintin Morris,JAX,CIN,TE,JAX@CIN,anytime_td,0.02865,3390.0,0.0,0.0291,C,-,w_td 0.02; team TD 2.78,1.0,PLAYED (final score in nflverse)
Quintin Morris,JAX,CIN,TE,JAX@CIN,first_td,0.005409870684870685,18385.0,0.0,0.0291,C,-,w_td 0.02; team TD 2.78,1.0,PLAYED (final score in nflverse)
Quintin Morris,JAX,CIN,TE,JAX@CIN,last_td,0.005409870684870685,18385.0,0.0,0.0291,C,-,w_td 0.02; team TD 2.78,1.0,PLAYED (final score in nflverse)
Quintin Morris,JAX,CIN,TE,JAX@CIN,2plus_td,0.00045,222122.0,0.0,0.0291,C,-,w_td 0.02; team TD 2.78,1.0,PLAYED (final score in nflverse)
Chris Rodriguez Jr.,JAX,CIN,RB,JAX@CIN,anytime_td,0.25565,291.0,0.2859,0.00685,B,-,car_sh 23.7%; team rush 29.5; opp d_ypc 1.04; inside-10 car 3,1.0,PLAYED (final score in nflverse)
Chris Rodriguez Jr.,JAX,CIN,RB,JAX@CIN,first_td,0.05540978826728826,1705.0,0.2859,0.00685,B,-,car_sh 23.7%; team rush 29.5; opp d_ypc 1.04; inside-10 car 3,1.0,PLAYED (final score in nflverse)
Chris Rodriguez Jr.,JAX,CIN,RB,JAX@CIN,last_td,0.05540978826728826,1705.0,0.2859,0.00685,B,-,car_sh 23.7%; team rush 29.5; opp d_ypc 1.04; inside-10 car 3,1.0,PLAYED (final score in nflverse)
Chris Rodriguez Jr.,JAX,CIN,RB,JAX@CIN,2plus_td,0.0337,2867.0,0.2859,0.00685,B,-,car_sh 23.7%; team rush 29.5; opp d_ypc 1.04; inside-10 car 3,1.0,PLAYED (final score in nflverse)
Brenton Strange,JAX,CIN,TE,JAX@CIN,anytime_td,0.26145,282.0,0.0,0.29655,B,-,tgt_sh 19.2%; team att 28.2; opp DvP 0.89; RZ tgt 2,1.0,PLAYED (final score in nflverse)
Brenton Strange,JAX,CIN,TE,JAX@CIN,first_td,0.05630954476079476,1676.0,0.0,0.29655,B,-,tgt_sh 19.2%; team att 28.2; opp DvP 0.89; RZ tgt 2,1.0,PLAYED (final score in nflverse)
Brenton Strange,JAX,CIN,TE,JAX@CIN,last_td,0.05630954476079476,1676.0,0.0,0.29655,B,-,tgt_sh 19.2%; team att 28.2; opp DvP 0.89; RZ tgt 2,1.0,PLAYED (final score in nflverse)
Brenton Strange,JAX,CIN,TE,JAX@CIN,2plus_td,0.0323,2996.0,0.0,0.29655,B,-,tgt_sh 19.2%; team att 28.2; opp DvP 0.89; RZ tgt 2,1.0,PLAYED (final score in nflverse)
Brian Thomas Jr.,JAX,CIN,WR,JAX@CIN,anytime_td,0.22085,353.0,0.0,0.24565,C,-,tgt_sh 15.8%; team att 28.2; opp DvP 1.06; RZ tgt 1,1.0,PLAYED (final score in nflverse)
Brian Thomas Jr.,JAX,CIN,WR,JAX@CIN,first_td,0.046451295648795646,2053.0,0.0,0.24565,C,-,tgt_sh 15.8%; team att 28.2; opp DvP 1.06; RZ tgt 1,1.0,PLAYED (final score in nflverse)
Brian Thomas Jr.,JAX,CIN,WR,JAX@CIN,last_td,0.046451295648795646,2053.0,0.0,0.24565,C,-,tgt_sh 15.8%; team att 28.2; opp DvP 1.06; RZ tgt 1,1.0,PLAYED (final score in nflverse)
Brian Thomas Jr.,JAX,CIN,WR,JAX@CIN,2plus_td,0.02375,4111.0,0.0,0.24565,C,-,tgt_sh 15.8%; team att 28.2; opp DvP 1.06; RZ tgt 1,1.0,PLAYED (final score in nflverse)
Bhayshul Tuten,JAX,CIN,RB,JAX@CIN,anytime_td,0.45925,118.0,0.49145,0.10605,B,-,tgt_sh 5.8%; team att 28.2; opp DvP 0.94; RZ tgt 1; car_sh 46.8%; team rush 29.5; opp d_ypc 1.04; inside-10 car 3,1.0,PLAYED (final score in nflverse)
Bhayshul Tuten,JAX,CIN,RB,JAX@CIN,first_td,0.11507308177933177,769.0,0.49145,0.10605,B,-,tgt_sh 5.8%; team att 28.2; opp DvP 0.94; RZ tgt 1; car_sh 46.8%; team rush 29.5; opp d_ypc 1.04; inside-10 car 3,1.0,PLAYED (final score in nflverse)
Bhayshul Tuten,JAX,CIN,RB,JAX@CIN,last_td,0.11507308177933177,769.0,0.49145,0.10605,B,-,tgt_sh 5.8%; team att 28.2; opp DvP 0.94; RZ tgt 1; car_sh 46.8%; team rush 29.5; opp d_ypc 1.04; inside-10 car 3,1.0,PLAYED (final score in nflverse)
Bhayshul Tuten,JAX,CIN,RB,JAX@CIN,2plus_td,0.11895,741.0,0.49145,0.10605,B,-,tgt_sh 5.8%; team att 28.2; opp DvP 0.94; RZ tgt 1; car_sh 46.8%; team rush 29.5; opp d_ypc 1.04; inside-10 car 3,1.0,PLAYED (final score in nflverse)
Parker Washington,JAX,CIN,WR,JAX@CIN,anytime_td,0.3507,185.0,0.00635,0.41725,B,-,tgt_sh 22.0%; team att 28.2; opp DvP 1.06; RZ tgt 4,1.0,PLAYED (final score in nflverse)
Parker Washington,JAX,CIN,WR,JAX@CIN,first_td,0.07983126415251415,1153.0,0.00635,0.41725,B,-,tgt_sh 22.0%; team att 28.2; opp DvP 1.06; RZ tgt 4,1.0,PLAYED (final score in nflverse)
Parker Washington,JAX,CIN,WR,JAX@CIN,last_td,0.07983126415251415,1153.0,0.00635,0.41725,B,-,tgt_sh 22.0%; team att 28.2; opp DvP 1.06; RZ tgt 4,1.0,PLAYED (final score in nflverse)
Parker Washington,JAX,CIN,WR,JAX@CIN,2plus_td,0.0651,1436.0,0.00635,0.41725,B,-,tgt_sh 22.0%; team att 28.2; opp DvP 1.06; RZ tgt 4,1.0,PLAYED (final score in nflverse)
Joe Burrow,CIN,JAX,QB,JAX@CIN,anytime_td,0.07175,1294.0,0.0733,0.0,B,-,team att 37.5; ypa 8.09; opp d_ypa 1.10; pass rate 64.7%,1.0,PLAYED (final score in nflverse)
Joe Burrow,CIN,JAX,QB,JAX@CIN,first_td,0.013708208874458873,7195.0,0.0733,0.0,B,-,team att 37.5; ypa 8.09; opp d_ypa 1.10; pass rate 64.7%,1.0,PLAYED (final score in nflverse)
Joe Burrow,CIN,JAX,QB,JAX@CIN,last_td,0.013708208874458873,7195.0,0.0733,0.0,B,-,team att 37.5; ypa 8.09; opp d_ypa 1.10; pass rate 64.7%,1.0,PLAYED (final score in nflverse)
Joe Burrow,CIN,JAX,QB,JAX@CIN,2plus_td,0.0015,66567.0,0.0733,0.0,B,-,team att 37.5; ypa 8.09; opp d_ypa 1.10; pass rate 64.7%,1.0,PLAYED (final score in nflverse)
Erick All,CIN,JAX,TE,JAX@CIN,anytime_td,0.02225,4394.0,0.0,0.02265,C,-,w_td 0.02; team TD 2.26,1.0,PLAYED (final score in nflverse)
Erick All,CIN,JAX,TE,JAX@CIN,first_td,0.0043041341991342,23133.0,0.0,0.02265,C,-,w_td 0.02; team TD 2.26,1.0,PLAYED (final score in nflverse)
Erick All,CIN,JAX,TE,JAX@CIN,last_td,0.0043041341991342,23133.0,0.0,0.02265,C,-,w_td 0.02; team TD 2.26,1.0,PLAYED (final score in nflverse)
Erick All,CIN,JAX,TE,JAX@CIN,2plus_td,0.0004,249900.0,0.0,0.02265,C,-,w_td 0.02; team TD 2.26,1.0,PLAYED (final score in nflverse)
Tahj Brooks,CIN,JAX,RB,JAX@CIN,anytime_td,0.0185,5305.0,0.0141,0.00445,C,-,w_td 0.02; team TD 2.26,1.0,PLAYED (final score in nflverse)
Tahj Brooks,CIN,JAX,RB,JAX@CIN,first_td,0.0035289772727272726,28237.0,0.0141,0.00445,C,-,w_td 0.02; team TD 2.26,1.0,PLAYED (final score in nflverse)
Tahj Brooks,CIN,JAX,RB,JAX@CIN,last_td,0.0035289772727272726,28237.0,0.0141,0.00445,C,-,w_td 0.02; team TD 2.26,1.0,PLAYED (final score in nflverse)
Tahj Brooks,CIN,JAX,RB,JAX@CIN,2plus_td,5e-05,999900.0,0.0141,0.00445,C,-,w_td 0.02; team TD 2.26,1.0,PLAYED (final score in nflverse)
Chase Brown,CIN,JAX,RB,JAX@CIN,anytime_td,0.48955,104.0,0.46625,0.1851,B,-,tgt_sh 13.1%; team att 37.5; opp DvP 0.97; RZ tgt 1; car_sh 64.1%; team rush 21.7; opp d_ypc 0.89; inside-10 car 3,1.0,PLAYED (final score in nflverse)
Chase Brown,CIN,JAX,RB,JAX@CIN,first_td,0.12368361124986123,709.0,0.46625,0.1851,B,-,tgt_sh 13.1%; team att 37.5; opp DvP 0.97; RZ tgt 1; car_sh 64.1%; team rush 21.7; opp d_ypc 0.89; inside-10 car 3,1.0,PLAYED (final score in nflverse)
Chase Brown,CIN,JAX,RB,JAX@CIN,last_td,0.12368361124986123,709.0,0.46625,0.1851,B,-,tgt_sh 13.1%; team att 37.5; opp DvP 0.97; RZ tgt 1; car_sh 64.1%; team rush 21.7; opp d_ypc 0.89; inside-10 car 3,1.0,PLAYED (final score in nflverse)
Chase Brown,CIN,JAX,RB,JAX@CIN,2plus_td,0.1348,642.0,0.46625,0.1851,B,-,tgt_sh 13.1%; team att 37.5; opp DvP 0.97; RZ tgt 1; car_sh 64.1%; team rush 21.7; opp d_ypc 0.89; inside-10 car 3,1.0,PLAYED (final score in nflverse)
Ja'Marr Chase,CIN,JAX,WR,JAX@CIN,anytime_td,0.32125,211.0,0.0,0.3817,B,-,tgt_sh 22.5%; team att 37.5; opp DvP 0.96; RZ tgt 4,1.0,PLAYED (final score in nflverse)
Ja'Marr Chase,CIN,JAX,WR,JAX@CIN,first_td,0.07140874000999002,1300.0,0.0,0.3817,B,-,tgt_sh 22.5%; team att 37.5; opp DvP 0.96; RZ tgt 4,1.0,PLAYED (final score in nflverse)
Ja'Marr Chase,CIN,JAX,WR,JAX@CIN,last_td,0.07140874000999002,1300.0,0.0,0.3817,B,-,tgt_sh 22.5%; team att 37.5; opp DvP 0.96; RZ tgt 4,1.0,PLAYED (final score in nflverse)
Ja'Marr Chase,CIN,JAX,WR,JAX@CIN,2plus_td,0.05415,1747.0,0.0,0.3817,B,-,tgt_sh 22.5%; team att 37.5; opp DvP 0.96; RZ tgt 4,1.0,PLAYED (final score in nflverse)
Mike Gesicki,CIN,JAX,TE,JAX@CIN,anytime_td,0.19185,421.0,0.0,0.2113,C,-,tgt_sh 9.5%; team att 37.5; opp DvP 1.12; RZ tgt 3,1.0,PLAYED (final score in nflverse)
Mike Gesicki,CIN,JAX,TE,JAX@CIN,first_td,0.03976289613164613,2415.0,0.0,0.2113,C,-,tgt_sh 9.5%; team att 37.5; opp DvP 1.12; RZ tgt 3,1.0,PLAYED (final score in nflverse)
Mike Gesicki,CIN,JAX,TE,JAX@CIN,last_td,0.03976289613164613,2415.0,0.0,0.2113,C,-,tgt_sh 9.5%; team att 37.5; opp DvP 1.12; RZ tgt 3,1.0,PLAYED (final score in nflverse)
Mike Gesicki,CIN,JAX,TE,JAX@CIN,2plus_td,0.01825,5379.0,0.0,0.2113,C,-,tgt_sh 9.5%; team att 37.5; opp DvP 1.12; RZ tgt 3,1.0,PLAYED (final score in nflverse)
Tee Higgins,CIN,JAX,WR,JAX@CIN,anytime_td,0.25855,287.0,0.0,0.295,B,-,tgt_sh 20.0%; team att 37.5; opp DvP 0.96; RZ tgt 2,1.0,PLAYED (final score in nflverse)
Tee Higgins,CIN,JAX,WR,JAX@CIN,first_td,0.055671885336885336,1696.0,0.0,0.295,B,-,tgt_sh 20.0%; team att 37.5; opp DvP 0.96; RZ tgt 2,1.0,PLAYED (final score in nflverse)
Tee Higgins,CIN,JAX,WR,JAX@CIN,last_td,0.055671885336885336,1696.0,0.0,0.295,B,-,tgt_sh 20.0%; team att 37.5; opp DvP 0.96; RZ tgt 2,1.0,PLAYED (final score in nflverse)
Tee Higgins,CIN,JAX,WR,JAX@CIN,2plus_td,0.0344,2807.0,0.0,0.295,B,-,tgt_sh 20.0%; team att 37.5; opp DvP 0.96; RZ tgt 2,1.0,PLAYED (final score in nflverse)
Tanner Hudson,CIN,JAX,TE,JAX@CIN,anytime_td,0.0709,1310.0,0.0,0.07345,C,-,tgt_sh 3.3%; team att 37.5; opp DvP 1.12; RZ tgt 1,1.0,PLAYED (final score in nflverse)
Tanner Hudson,CIN,JAX,TE,JAX@CIN,first_td,0.013591470057720056,7258.0,0.0,0.07345,C,-,tgt_sh 3.3%; team att 37.5; opp DvP 1.12; RZ tgt 1,1.0,PLAYED (final score in nflverse)
Tanner Hudson,CIN,JAX,TE,JAX@CIN,last_td,0.013591470057720056,7258.0,0.0,0.07345,C,-,tgt_sh 3.3%; team att 37.5; opp DvP 1.12; RZ tgt 1,1.0,PLAYED (final score in nflverse)
Tanner Hudson,CIN,JAX,TE,JAX@CIN,2plus_td,0.00245,40716.0,0.0,0.07345,C,-,tgt_sh 3.3%; team att 37.5; opp DvP 1.12; RZ tgt 1,1.0,PLAYED (final score in nflverse)
Dohnte Meyers,CIN,JAX,WR,JAX@CIN,anytime_td,0.0816,1125.0,0.0041,0.0805,C,-,tgt_sh 6.5%; team att 37.5; opp DvP 0.96; RZ tgt 0,1.0,PLAYED (final score in nflverse)
Dohnte Meyers,CIN,JAX,WR,JAX@CIN,first_td,0.016180696803196802,6080.0,0.0041,0.0805,C,-,tgt_sh 6.5%; team att 37.5; opp DvP 0.96; RZ tgt 0,1.0,PLAYED (final score in nflverse)
Dohnte Meyers,CIN,JAX,WR,JAX@CIN,last_td,0.016180696803196802,6080.0,0.0041,0.0805,C,-,tgt_sh 6.5%; team att 37.5; opp DvP 0.96; RZ tgt 0,1.0,PLAYED (final score in nflverse)
Dohnte Meyers,CIN,JAX,WR,JAX@CIN,2plus_td,0.0029,34383.0,0.0041,0.0805,C,-,tgt_sh 6.5%; team att 37.5; opp DvP 0.96; RZ tgt 0,1.0,PLAYED (final score in nflverse)
Samaje Perine,CIN,JAX,RB,JAX@CIN,anytime_td,0.18365,445.0,0.1481,0.0516,B,-,tgt_sh 4.3%; team att 37.5; opp DvP 0.97; RZ tgt 0; car_sh 20.5%; team rush 21.7; opp d_ypc 0.89; inside-10 car 1,1.0,PLAYED (final score in nflverse)
Samaje Perine,CIN,JAX,RB,JAX@CIN,first_td,0.038183999472749475,2519.0,0.1481,0.0516,B,-,tgt_sh 4.3%; team att 37.5; opp DvP 0.97; RZ tgt 0; car_sh 20.5%; team rush 21.7; opp d_ypc 0.89; inside-10 car 1,1.0,PLAYED (final score in nflverse)
Samaje Perine,CIN,JAX,RB,JAX@CIN,last_td,0.038183999472749475,2519.0,0.1481,0.0516,B,-,tgt_sh 4.3%; team att 37.5; opp DvP 0.97; RZ tgt 0; car_sh 20.5%; team rush 21.7; opp d_ypc 0.89; inside-10 car 1,1.0,PLAYED (final score in nflverse)
Samaje Perine,CIN,JAX,RB,JAX@CIN,2plus_td,0.01545,6372.0,0.1481,0.0516,B,-,tgt_sh 4.3%; team att 37.5; opp DvP 0.97; RZ tgt 0; car_sh 20.5%; team rush 21.7; opp d_ypc 0.89; inside-10 car 1,1.0,PLAYED (final score in nflverse)
Drew Sample,CIN,JAX,TE,JAX@CIN,anytime_td,0.06645,1405.0,0.0,0.0683,C,-,tgt_sh 3.0%; team att 37.5; opp DvP 1.12; RZ tgt 1,1.0,PLAYED (final score in nflverse)
Drew Sample,CIN,JAX,TE,JAX@CIN,first_td,0.012857023115773114,7678.0,0.0,0.0683,C,-,tgt_sh 3.0%; team att 37.5; opp DvP 1.12; RZ tgt 1,1.0,PLAYED (final score in nflverse)
Drew Sample,CIN,JAX,TE,JAX@CIN,last_td,0.012857023115773114,7678.0,0.0,0.0683,C,-,tgt_sh 3.0%; team att 37.5; opp DvP 1.12; RZ tgt 1,1.0,PLAYED (final score in nflverse)
Drew Sample,CIN,JAX,TE,JAX@CIN,2plus_td,0.00175,57043.0,0.0,0.0683,C,-,tgt_sh 3.0%; team att 37.5; opp DvP 1.12; RZ tgt 1,1.0,PLAYED (final score in nflverse)
Mitchell Tinsley,CIN,JAX,WR,JAX@CIN,anytime_td,0.15425,548.0,0.0,0.1656,C,-,tgt_sh 6.7%; team att 37.5; opp DvP 0.96; RZ tgt 3,1.0,PLAYED (final score in nflverse)
Mitchell Tinsley,CIN,JAX,WR,JAX@CIN,first_td,0.031091891996891993,3116.0,0.0,0.1656,C,-,tgt_sh 6.7%; team att 37.5; opp DvP 0.96; RZ tgt 3,1.0,PLAYED (final score in nflverse)
Mitchell Tinsley,CIN,JAX,WR,JAX@CIN,last_td,0.031091891996891993,3116.0,0.0,0.1656,C,-,tgt_sh 6.7%; team att 37.5; opp DvP 0.96; RZ tgt 3,1.0,PLAYED (final score in nflverse)
Mitchell Tinsley,CIN,JAX,WR,JAX@CIN,2plus_td,0.0108,9159.0,0.0,0.1656,C,-,tgt_sh 6.7%; team att 37.5; opp DvP 0.96; RZ tgt 3,1.0,PLAYED (final score in nflverse)
Dak Prescott,DAL,HOU,QB,DAL@HOU,anytime_td,0.10225,878.0,0.1069,0.0,B,-,team att 36.0; ypa 7.59; opp d_ypa 1.06; pass rate 61.0%,1.0,PLAYED (final score in nflverse)
Dak Prescott,DAL,HOU,QB,DAL@HOU,first_td,0.019099144327894328,5136.0,0.1069,0.0,B,-,team att 36.0; ypa 7.59; opp d_ypa 1.06; pass rate 61.0%,1.0,PLAYED (final score in nflverse)
Dak Prescott,DAL,HOU,QB,DAL@HOU,last_td,0.019099144327894328,5136.0,0.1069,0.0,B,-,team att 36.0; ypa 7.59; opp d_ypa 1.06; pass rate 61.0%,1.0,PLAYED (final score in nflverse)
Dak Prescott,DAL,HOU,QB,DAL@HOU,2plus_td,0.00455,21878.0,0.1069,0.0,B,-,team att 36.0; ypa 7.59; opp d_ypa 1.06; pass rate 61.0%,1.0,PLAYED (final score in nflverse)
Emari Demercado,DAL,HOU,RB,DAL@HOU,anytime_td,0.1143,775.0,0.10425,0.01685,C,-,car_sh 12.4%; team rush 24.3; opp d_ypc 0.90; inside-10 car 0,1.0,PLAYED (final score in nflverse)
Emari Demercado,DAL,HOU,RB,DAL@HOU,first_td,0.021132546897546896,4632.0,0.10425,0.01685,C,-,car_sh 12.4%; team rush 24.3; opp d_ypc 0.90; inside-10 car 0,1.0,PLAYED (final score in nflverse)
Emari Demercado,DAL,HOU,RB,DAL@HOU,last_td,0.021132546897546896,4632.0,0.10425,0.01685,C,-,car_sh 12.4%; team rush 24.3; opp d_ypc 0.90; inside-10 car 0,1.0,PLAYED (final score in nflverse)
Emari Demercado,DAL,HOU,RB,DAL@HOU,2plus_td,0.00675,14715.0,0.10425,0.01685,C,-,car_sh 12.4%; team rush 24.3; opp d_ypc 0.90; inside-10 car 0,1.0,PLAYED (final score in nflverse)
Jake Ferguson,DAL,HOU,TE,DAL@HOU,anytime_td,0.2009,398.0,0.0,0.22365,C,-,tgt_sh 12.6%; team att 36.0; opp DvP 1.04; RZ tgt 4,1.0,PLAYED (final score in nflverse)
Jake Ferguson,DAL,HOU,TE,DAL@HOU,first_td,0.03877879911754911,2479.0,0.0,0.22365,C,-,tgt_sh 12.6%; team att 36.0; opp DvP 1.04; RZ tgt 4,1.0,PLAYED (final score in nflverse)
Jake Ferguson,DAL,HOU,TE,DAL@HOU,last_td,0.03877879911754911,2479.0,0.0,0.22365,C,-,tgt_sh 12.6%; team att 36.0; opp DvP 1.04; RZ tgt 4,1.0,PLAYED (final score in nflverse)
Jake Ferguson,DAL,HOU,TE,DAL@HOU,2plus_td,0.0209,4685.0,0.0,0.22365,C,-,tgt_sh 12.6%; team att 36.0; opp DvP 1.04; RZ tgt 4,1.0,PLAYED (final score in nflverse)
Ryan Flournoy,DAL,HOU,WR,DAL@HOU,anytime_td,0.2238,347.0,0.0,0.2516,B,-,tgt_sh 13.4%; team att 36.0; opp DvP 1.04; RZ tgt 5,1.0,PLAYED (final score in nflverse)
Ryan Flournoy,DAL,HOU,WR,DAL@HOU,first_td,0.044410407786657786,2152.0,0.0,0.2516,B,-,tgt_sh 13.4%; team att 36.0; opp DvP 1.04; RZ tgt 5,1.0,PLAYED (final score in nflverse)
Ryan Flournoy,DAL,HOU,WR,DAL@HOU,last_td,0.044410407786657786,2152.0,0.0,0.2516,B,-,tgt_sh 13.4%; team att 36.0; opp DvP 1.04; RZ tgt 5,1.0,PLAYED (final score in nflverse)
Ryan Flournoy,DAL,HOU,WR,DAL@HOU,2plus_td,0.0262,3717.0,0.0,0.2516,B,-,tgt_sh 13.4%; team att 36.0; opp DvP 1.04; RZ tgt 5,1.0,PLAYED (final score in nflverse)
Tyler Goodson,DAL,HOU,RB,DAL@HOU,anytime_td,0.1304,667.0,0.11505,0.02385,C,-,car_sh 14.6%; team rush 24.3; opp d_ypc 0.90; inside-10 car 0,1.0,PLAYED (final score in nflverse)
Tyler Goodson,DAL,HOU,RB,DAL@HOU,first_td,0.02480167388167388,3932.0,0.11505,0.02385,C,-,car_sh 14.6%; team rush 24.3; opp d_ypc 0.90; inside-10 car 0,1.0,PLAYED (final score in nflverse)
Tyler Goodson,DAL,HOU,RB,DAL@HOU,last_td,0.02480167388167388,3932.0,0.11505,0.02385,C,-,car_sh 14.6%; team rush 24.3; opp d_ypc 0.90; inside-10 car 0,1.0,PLAYED (final score in nflverse)
Tyler Goodson,DAL,HOU,RB,DAL@HOU,2plus_td,0.00795,12479.0,0.11505,0.02385,C,-,car_sh 14.6%; team rush 24.3; opp d_ypc 0.90; inside-10 car 0,1.0,PLAYED (final score in nflverse)
CeeDee Lamb,DAL,HOU,WR,DAL@HOU,anytime_td,0.3473,188.0,0.0101,0.4087,B,-,tgt_sh 26.1%; team att 36.0; opp DvP 1.04; RZ tgt 6,1.0,PLAYED (final score in nflverse)
CeeDee Lamb,DAL,HOU,WR,DAL@HOU,first_td,0.07340554556554556,1262.0,0.0101,0.4087,B,-,tgt_sh 26.1%; team att 36.0; opp DvP 1.04; RZ tgt 6,1.0,PLAYED (final score in nflverse)
CeeDee Lamb,DAL,HOU,WR,DAL@HOU,last_td,0.07340554556554556,1262.0,0.0101,0.4087,B,-,tgt_sh 26.1%; team att 36.0; opp DvP 1.04; RZ tgt 6,1.0,PLAYED (final score in nflverse)
CeeDee Lamb,DAL,HOU,WR,DAL@HOU,2plus_td,0.06335,1479.0,0.0101,0.4087,B,-,tgt_sh 26.1%; team att 36.0; opp DvP 1.04; RZ tgt 6,1.0,PLAYED (final score in nflverse)
Hunter Luepke,DAL,HOU,RB,DAL@HOU,anytime_td,0.0359,2686.0,0.02365,0.013,C,-,w_td 0.03; team TD 2.64,1.0,PLAYED (final score in nflverse)
Hunter Luepke,DAL,HOU,RB,DAL@HOU,first_td,0.006539090909090909,15193.0,0.02365,0.013,C,-,w_td 0.03; team TD 2.64,1.0,PLAYED (final score in nflverse)
Hunter Luepke,DAL,HOU,RB,DAL@HOU,last_td,0.006539090909090909,15193.0,0.02365,0.013,C,-,w_td 0.03; team TD 2.64,1.0,PLAYED (final score in nflverse)
Hunter Luepke,DAL,HOU,RB,DAL@HOU,2plus_td,0.00075,133233.0,0.02365,0.013,C,-,w_td 0.03; team TD 2.64,1.0,PLAYED (final score in nflverse)
Jonathan Mingo,DAL,HOU,WR,DAL@HOU,anytime_td,0.0247,3949.0,0.0,0.0249,C,-,w_td 0.02; team TD 2.64,1.0,PLAYED (final score in nflverse)
Jonathan Mingo,DAL,HOU,WR,DAL@HOU,first_td,0.004462375541125541,22310.0,0.0,0.0249,C,-,w_td 0.02; team TD 2.64,1.0,PLAYED (final score in nflverse)
Jonathan Mingo,DAL,HOU,WR,DAL@HOU,last_td,0.004462375541125541,22310.0,0.0,0.0249,C,-,w_td 0.02; team TD 2.64,1.0,PLAYED (final score in nflverse)
Jonathan Mingo,DAL,HOU,WR,DAL@HOU,2plus_td,0.0002,499900.0,0.0,0.0249,C,-,w_td 0.02; team TD 2.64,1.0,PLAYED (final score in nflverse)
George Pickens,DAL,HOU,WR,DAL@HOU,anytime_td,0.259,286.0,0.0,0.29535,B,-,tgt_sh 20.2%; team att 36.0; opp DvP 1.04; RZ tgt 3,1.0,PLAYED (final score in nflverse)
George Pickens,DAL,HOU,WR,DAL@HOU,first_td,0.052008784687534684,1823.0,0.0,0.29535,B,-,tgt_sh 20.2%; team att 36.0; opp DvP 1.04; RZ tgt 3,1.0,PLAYED (final score in nflverse)
George Pickens,DAL,HOU,WR,DAL@HOU,last_td,0.052008784687534684,1823.0,0.0,0.29535,B,-,tgt_sh 20.2%; team att 36.0; opp DvP 1.04; RZ tgt 3,1.0,PLAYED (final score in nflverse)
George Pickens,DAL,HOU,WR,DAL@HOU,2plus_td,0.0336,2876.0,0.0,0.29535,B,-,tgt_sh 20.2%; team att 36.0; opp DvP 1.04; RZ tgt 3,1.0,PLAYED (final score in nflverse)
Luke Schoonmaker,DAL,HOU,TE,DAL@HOU,anytime_td,0.0232,4210.0,0.0,0.02335,C,-,w_td 0.02; team TD 2.64,1.0,PLAYED (final score in nflverse)
Luke Schoonmaker,DAL,HOU,TE,DAL@HOU,first_td,0.004151198246198247,23989.0,0.0,0.02335,C,-,w_td 0.02; team TD 2.64,1.0,PLAYED (final score in nflverse)
Luke Schoonmaker,DAL,HOU,TE,DAL@HOU,last_td,0.004151198246198247,23989.0,0.0,0.02335,C,-,w_td 0.02; team TD 2.64,1.0,PLAYED (final score in nflverse)
Luke Schoonmaker,DAL,HOU,TE,DAL@HOU,2plus_td,0.00015,666567.0,0.0,0.02335,C,-,w_td 0.02; team TD 2.64,1.0,PLAYED (final score in nflverse)
Brevyn Spann-Ford,DAL,HOU,TE,DAL@HOU,anytime_td,0.0357,2701.0,0.0,0.03625,C,-,tgt_sh 3.2%; team att 36.0; opp DvP 1.04; RZ tgt 0,1.0,PLAYED (final score in nflverse)
Brevyn Spann-Ford,DAL,HOU,TE,DAL@HOU,first_td,0.006402693556443556,15518.0,0.0,0.03625,C,-,tgt_sh 3.2%; team att 36.0; opp DvP 1.04; RZ tgt 0,1.0,PLAYED (final score in nflverse)
Brevyn Spann-Ford,DAL,HOU,TE,DAL@HOU,last_td,0.006402693556443556,15518.0,0.0,0.03625,C,-,tgt_sh 3.2%; team att 36.0; opp DvP 1.04; RZ tgt 0,1.0,PLAYED (final score in nflverse)
Brevyn Spann-Ford,DAL,HOU,TE,DAL@HOU,2plus_td,0.00055,181718.0,0.0,0.03625,C,-,tgt_sh 3.2%; team att 36.0; opp DvP 1.04; RZ tgt 0,1.0,PLAYED (final score in nflverse)
KaVontae Turpin,DAL,HOU,WR,DAL@HOU,anytime_td,0.0895,1017.0,0.02795,0.06565,C,-,tgt_sh 4.1%; team att 36.0; opp DvP 1.04; RZ tgt 1,1.0,PLAYED (final score in nflverse)
KaVontae Turpin,DAL,HOU,WR,DAL@HOU,first_td,0.016318005605505604,6028.0,0.02795,0.06565,C,-,tgt_sh 4.1%; team att 36.0; opp DvP 1.04; RZ tgt 1,1.0,PLAYED (final score in nflverse)
KaVontae Turpin,DAL,HOU,WR,DAL@HOU,last_td,0.016318005605505604,6028.0,0.02795,0.06565,C,-,tgt_sh 4.1%; team att 36.0; opp DvP 1.04; RZ tgt 1,1.0,PLAYED (final score in nflverse)
KaVontae Turpin,DAL,HOU,WR,DAL@HOU,2plus_td,0.004,24900.0,0.02795,0.06565,C,-,tgt_sh 4.1%; team att 36.0; opp DvP 1.04; RZ tgt 1,1.0,PLAYED (final score in nflverse)
Javonte Williams,DAL,HOU,RB,DAL@HOU,anytime_td,0.5969,-148.0,0.68845,0.17695,B,-,tgt_sh 10.5%; team att 36.0; opp DvP 1.00; RZ tgt 3; car_sh 56.3%; team rush 24.3; opp d_ypc 0.90; inside-10 car 13,1.0,PLAYED (final score in nflverse)
Javonte Williams,DAL,HOU,RB,DAL@HOU,first_td,0.15412739010989013,549.0,0.68845,0.17695,B,-,tgt_sh 10.5%; team att 36.0; opp DvP 1.00; RZ tgt 3; car_sh 56.3%; team rush 24.3; opp d_ypc 0.90; inside-10 car 13,1.0,PLAYED (final score in nflverse)
Javonte Williams,DAL,HOU,RB,DAL@HOU,last_td,0.15412739010989013,549.0,0.68845,0.17695,B,-,tgt_sh 10.5%; team att 36.0; opp DvP 1.00; RZ tgt 3; car_sh 56.3%; team rush 24.3; opp d_ypc 0.90; inside-10 car 13,1.0,PLAYED (final score in nflverse)
Javonte Williams,DAL,HOU,RB,DAL@HOU,2plus_td,0.21165,372.0,0.68845,0.17695,B,-,tgt_sh 10.5%; team att 36.0; opp DvP 1.00; RZ tgt 3; car_sh 56.3%; team rush 24.3; opp d_ypc 0.90; inside-10 car 13,1.0,PLAYED (final score in nflverse)
C.J. Stroud,HOU,DAL,QB,DAL@HOU,anytime_td,0.0821,1118.0,0.0854,0.0,B,-,team att 36.6; ypa 8.08; opp d_ypa 1.09; pass rate 62.4%,1.0,PLAYED (final score in nflverse)
C.J. Stroud,HOU,DAL,QB,DAL@HOU,first_td,0.015525064796314797,6341.0,0.0854,0.0,B,-,team att 36.6; ypa 8.08; opp d_ypa 1.09; pass rate 62.4%,1.0,PLAYED (final score in nflverse)
C.J. Stroud,HOU,DAL,QB,DAL@HOU,last_td,0.015525064796314797,6341.0,0.0854,0.0,B,-,team att 36.6; ypa 8.08; opp d_ypa 1.09; pass rate 62.4%,1.0,PLAYED (final score in nflverse)
C.J. Stroud,HOU,DAL,QB,DAL@HOU,2plus_td,0.00325,30669.0,0.0854,0.0,B,-,team att 36.6; ypa 8.08; opp d_ypa 1.09; pass rate 62.4%,1.0,PLAYED (final score in nflverse)
Lewis Bond,HOU,DAL,WR,DAL@HOU,anytime_td,0.0207,4731.0,0.0,0.02095,C,-,w_td 0.02; team TD 2.77,1.0,PLAYED (final score in nflverse)
Lewis Bond,HOU,DAL,WR,DAL@HOU,first_td,0.003599601925851926,27681.0,0.0,0.02095,C,-,w_td 0.02; team TD 2.77,1.0,PLAYED (final score in nflverse)
Lewis Bond,HOU,DAL,WR,DAL@HOU,last_td,0.003599601925851926,27681.0,0.0,0.02095,C,-,w_td 0.02; team TD 2.77,1.0,PLAYED (final score in nflverse)
Lewis Bond,HOU,DAL,WR,DAL@HOU,2plus_td,0.00025,399900.0,0.0,0.02095,C,-,w_td 0.02; team TD 2.77,1.0,PLAYED (final score in nflverse)
Kayshon Boutte,HOU,DAL,WR,DAL@HOU,anytime_td,0.1911,423.0,0.0,0.21025,C,-,tgt_sh 10.3%; team att 36.6; opp DvP 1.14; RZ tgt 2,1.0,PLAYED (final score in nflverse)
Kayshon Boutte,HOU,DAL,WR,DAL@HOU,first_td,0.03681404748029748,2616.0,0.0,0.21025,C,-,tgt_sh 10.3%; team att 36.6; opp DvP 1.14; RZ tgt 2,1.0,PLAYED (final score in nflverse)
Kayshon Boutte,HOU,DAL,WR,DAL@HOU,last_td,0.03681404748029748,2616.0,0.0,0.21025,C,-,tgt_sh 10.3%; team att 36.6; opp DvP 1.14; RZ tgt 2,1.0,PLAYED (final score in nflverse)
Kayshon Boutte,HOU,DAL,WR,DAL@HOU,2plus_td,0.0177,5550.0,0.0,0.21025,C,-,tgt_sh 10.3%; team att 36.6; opp DvP 1.14; RZ tgt 2,1.0,PLAYED (final score in nflverse)
Nico Collins,HOU,DAL,WR,DAL@HOU,anytime_td,0.34765192642175724,188.0,0.008854688241184842,0.41058346070732094,C,no game designation yet (Full),tgt_sh 23.2%; team att 36.6; opp DvP 1.14; RZ tgt 3,0.9479829842591244,PLAYED (final score in nflverse)
Nico Collins,HOU,DAL,WR,DAL@HOU,first_td,0.07395022565000955,1252.0,0.008854688241184842,0.41058346070732094,C,no game designation yet (Full),tgt_sh 23.2%; team att 36.6; opp DvP 1.14; RZ tgt 3,0.9479829842591244,PLAYED (final score in nflverse)
Nico Collins,HOU,DAL,WR,DAL@HOU,last_td,0.07395022565000955,1252.0,0.008854688241184842,0.41058346070732094,C,no game designation yet (Full),tgt_sh 23.2%; team att 36.6; opp DvP 1.14; RZ tgt 3,0.9479829842591244,PLAYED (final score in nflverse)
Nico Collins,HOU,DAL,WR,DAL@HOU,2plus_td,0.06303694724081589,1486.0,0.008854688241184842,0.41058346070732094,C,no game designation yet (Full),tgt_sh 23.2%; team att 36.6; opp DvP 1.14; RZ tgt 3,0.9479829842591244,PLAYED (final score in nflverse)
Xavier Hutchinson,HOU,DAL,WR,DAL@HOU,anytime_td,0.2161,363.0,0.01295,0.2277,B,-,tgt_sh 14.2%; team att 36.6; opp DvP 1.14; RZ tgt 1,1.0,PLAYED (final score in nflverse)
Xavier Hutchinson,HOU,DAL,WR,DAL@HOU,first_td,0.042313482905982906,2263.0,0.01295,0.2277,B,-,tgt_sh 14.2%; team att 36.6; opp DvP 1.14; RZ tgt 1,1.0,PLAYED (final score in nflverse)
Xavier Hutchinson,HOU,DAL,WR,DAL@HOU,last_td,0.042313482905982906,2263.0,0.01295,0.2277,B,-,tgt_sh 14.2%; team att 36.6; opp DvP 1.14; RZ tgt 1,1.0,PLAYED (final score in nflverse)
Xavier Hutchinson,HOU,DAL,WR,DAL@HOU,2plus_td,0.0232,4210.0,0.01295,0.2277,B,-,tgt_sh 14.2%; team att 36.6; opp DvP 1.14; RZ tgt 1,1.0,PLAYED (final score in nflverse)
Brevin Jordan,HOU,DAL,TE,DAL@HOU,anytime_td,0.02385,4093.0,0.0,0.02415,C,-,w_td 0.02; team TD 2.77,1.0,PLAYED (final score in nflverse)
Brevin Jordan,HOU,DAL,TE,DAL@HOU,first_td,0.004402226384726385,22616.0,0.0,0.02415,C,-,w_td 0.02; team TD 2.77,1.0,PLAYED (final score in nflverse)
Brevin Jordan,HOU,DAL,TE,DAL@HOU,last_td,0.004402226384726385,22616.0,0.0,0.02415,C,-,w_td 0.02; team TD 2.77,1.0,PLAYED (final score in nflverse)
Brevin Jordan,HOU,DAL,TE,DAL@HOU,2plus_td,0.0003,333233.0,0.0,0.02415,C,-,w_td 0.02; team TD 2.77,1.0,PLAYED (final score in nflverse)
Woody Marks,HOU,DAL,RB,DAL@HOU,anytime_td,0.39775,151.0,0.37135,0.1224,B,-,tgt_sh 5.2%; team att 36.6; opp DvP 0.93; RZ tgt 2; car_sh 32.3%; team rush 23.3; opp d_ypc 1.08; inside-10 car 3,1.0,PLAYED (final score in nflverse)
Woody Marks,HOU,DAL,RB,DAL@HOU,first_td,0.08782037004662005,1039.0,0.37135,0.1224,B,-,tgt_sh 5.2%; team att 36.6; opp DvP 0.93; RZ tgt 2; car_sh 32.3%; team rush 23.3; opp d_ypc 1.08; inside-10 car 3,1.0,PLAYED (final score in nflverse)
Woody Marks,HOU,DAL,RB,DAL@HOU,last_td,0.08782037004662005,1039.0,0.37135,0.1224,B,-,tgt_sh 5.2%; team att 36.6; opp DvP 0.93; RZ tgt 2; car_sh 32.3%; team rush 23.3; opp d_ypc 1.08; inside-10 car 3,1.0,PLAYED (final score in nflverse)
Woody Marks,HOU,DAL,RB,DAL@HOU,2plus_td,0.0842,1088.0,0.37135,0.1224,B,-,tgt_sh 5.2%; team att 36.6; opp DvP 0.93; RZ tgt 2; car_sh 32.3%; team rush 23.3; opp d_ypc 1.08; inside-10 car 3,1.0,PLAYED (final score in nflverse)
David Montgomery,HOU,DAL,RB,DAL@HOU,anytime_td,0.4801,108.0,0.55785,0.07665,B,-,tgt_sh 4.1%; team att 36.6; opp DvP 0.93; RZ tgt 1; car_sh 48.5%; team rush 23.3; opp d_ypc 1.08; inside-10 car 5,1.0,PLAYED (final score in nflverse)
David Montgomery,HOU,DAL,RB,DAL@HOU,first_td,0.11361504828504829,780.0,0.55785,0.07665,B,-,tgt_sh 4.1%; team att 36.6; opp DvP 0.93; RZ tgt 1; car_sh 48.5%; team rush 23.3; opp d_ypc 1.08; inside-10 car 5,1.0,PLAYED (final score in nflverse)
David Montgomery,HOU,DAL,RB,DAL@HOU,last_td,0.11361504828504829,780.0,0.55785,0.07665,B,-,tgt_sh 4.1%; team att 36.6; opp DvP 0.93; RZ tgt 1; car_sh 48.5%; team rush 23.3; opp d_ypc 1.08; inside-10 car 5,1.0,PLAYED (final score in nflverse)
David Montgomery,HOU,DAL,RB,DAL@HOU,2plus_td,0.1294,673.0,0.55785,0.07665,B,-,tgt_sh 4.1%; team att 36.6; opp DvP 0.93; RZ tgt 1; car_sh 48.5%; team rush 23.3; opp d_ypc 1.08; inside-10 car 5,1.0,PLAYED (final score in nflverse)
Foster Moreau,HOU,DAL,TE,DAL@HOU,anytime_td,0.111,801.0,0.0,0.1167,C,-,tgt_sh 4.9%; team att 36.6; opp DvP 0.94; RZ tgt 2,1.0,PLAYED (final score in nflverse)
Foster Moreau,HOU,DAL,TE,DAL@HOU,first_td,0.020703964646464644,4730.0,0.0,0.1167,C,-,tgt_sh 4.9%; team att 36.6; opp DvP 0.94; RZ tgt 2,1.0,PLAYED (final score in nflverse)
Foster Moreau,HOU,DAL,TE,DAL@HOU,last_td,0.020703964646464644,4730.0,0.0,0.1167,C,-,tgt_sh 4.9%; team att 36.6; opp DvP 0.94; RZ tgt 2,1.0,PLAYED (final score in nflverse)
Foster Moreau,HOU,DAL,TE,DAL@HOU,2plus_td,0.0056,17757.0,0.0,0.1167,C,-,tgt_sh 4.9%; team att 36.6; opp DvP 0.94; RZ tgt 2,1.0,PLAYED (final score in nflverse)
Jaylin Noel,HOU,DAL,WR,DAL@HOU,anytime_td,0.10875,820.0,0.0186,0.0962,C,-,tgt_sh 7.1%; team att 36.6; opp DvP 1.14; RZ tgt 0,1.0,PLAYED (final score in nflverse)
Jaylin Noel,HOU,DAL,WR,DAL@HOU,first_td,0.02017113997113997,4858.0,0.0186,0.0962,C,-,tgt_sh 7.1%; team att 36.6; opp DvP 1.14; RZ tgt 0,1.0,PLAYED (final score in nflverse)
Jaylin Noel,HOU,DAL,WR,DAL@HOU,last_td,0.02017113997113997,4858.0,0.0186,0.0962,C,-,tgt_sh 7.1%; team att 36.6; opp DvP 1.14; RZ tgt 0,1.0,PLAYED (final score in nflverse)
Jaylin Noel,HOU,DAL,WR,DAL@HOU,2plus_td,0.0058,17141.0,0.0186,0.0962,C,-,tgt_sh 7.1%; team att 36.6; opp DvP 1.14; RZ tgt 0,1.0,PLAYED (final score in nflverse)
Dalton Schultz,HOU,DAL,TE,DAL@HOU,anytime_td,0.24592391304347827,307.0,0.0,0.2781668060200669,B,no game designation yet (Limited),tgt_sh 17.7%; team att 36.6; opp DvP 0.94; RZ tgt 2,0.9575230478992892,PLAYED (final score in nflverse)
Dalton Schultz,HOU,DAL,TE,DAL@HOU,first_td,0.04876632521255222,1951.0,0.0,0.2781668060200669,B,no game designation yet (Limited),tgt_sh 17.7%; team att 36.6; opp DvP 0.94; RZ tgt 2,0.9575230478992892,PLAYED (final score in nflverse)
Dalton Schultz,HOU,DAL,TE,DAL@HOU,last_td,0.04876632521255222,1951.0,0.0,0.2781668060200669,B,no game designation yet (Limited),tgt_sh 17.7%; team att 36.6; opp DvP 0.94; RZ tgt 2,0.9575230478992892,PLAYED (final score in nflverse)
Dalton Schultz,HOU,DAL,TE,DAL@HOU,2plus_td,0.029839046822742476,3251.0,0.0,0.2781668060200669,B,no game designation yet (Limited),tgt_sh 17.7%; team att 36.6; opp DvP 0.94; RZ tgt 2,0.9575230478992892,PLAYED (final score in nflverse)
Cade Stover,HOU,DAL,TE,DAL@HOU,anytime_td,0.033,2930.0,0.0,0.03345,C,-,w_td 0.02; team TD 2.77,1.0,PLAYED (final score in nflverse)
Cade Stover,HOU,DAL,TE,DAL@HOU,first_td,0.005901295093795093,16845.0,0.0,0.03345,C,-,w_td 0.02; team TD 2.77,1.0,PLAYED (final score in nflverse)
Cade Stover,HOU,DAL,TE,DAL@HOU,last_td,0.005901295093795093,16845.0,0.0,0.03345,C,-,w_td 0.02; team TD 2.77,1.0,PLAYED (final score in nflverse)
Cade Stover,HOU,DAL,TE,DAL@HOU,2plus_td,0.00045,222122.0,0.0,0.03345,C,-,w_td 0.02; team TD 2.77,1.0,PLAYED (final score in nflverse)
Jared Wayne,HOU,DAL,WR,DAL@HOU,anytime_td,0.1093,815.0,0.0,0.11605,C,-,tgt_sh 6.1%; team att 36.6; opp DvP 1.14; RZ tgt 1,1.0,PLAYED (final score in nflverse)
Jared Wayne,HOU,DAL,WR,DAL@HOU,first_td,0.02046552905427905,4786.0,0.0,0.11605,C,-,tgt_sh 6.1%; team att 36.6; opp DvP 1.14; RZ tgt 1,1.0,PLAYED (final score in nflverse)
Jared Wayne,HOU,DAL,WR,DAL@HOU,last_td,0.02046552905427905,4786.0,0.0,0.11605,C,-,tgt_sh 6.1%; team att 36.6; opp DvP 1.14; RZ tgt 1,1.0,PLAYED (final score in nflverse)
Jared Wayne,HOU,DAL,WR,DAL@HOU,2plus_td,0.0062,16029.0,0.0,0.11605,C,-,tgt_sh 6.1%; team att 36.6; opp DvP 1.14; RZ tgt 1,1.0,PLAYED (final score in nflverse)
Jacoby Brissett,ARI,NYG,QB,ARI@NYG,anytime_td,0.09595,942.0,0.1,0.0,B,-,team att 36.0; ypa 5.74; opp d_ypa 0.93; pass rate 60.2%,1.0,PLAYED (final score in nflverse)
Jacoby Brissett,ARI,NYG,QB,ARI@NYG,first_td,0.020358316960816962,4812.0,0.1,0.0,B,-,team att 36.0; ypa 5.74; opp d_ypa 0.93; pass rate 60.2%,1.0,PLAYED (final score in nflverse)
Jacoby Brissett,ARI,NYG,QB,ARI@NYG,last_td,0.020358316960816962,4812.0,0.1,0.0,B,-,team att 36.0; ypa 5.74; opp d_ypa 0.93; pass rate 60.2%,1.0,PLAYED (final score in nflverse)
Jacoby Brissett,ARI,NYG,QB,ARI@NYG,2plus_td,0.0039,25541.0,0.1,0.0,B,-,team att 36.0; ypa 5.74; opp d_ypa 0.93; pass rate 60.2%,1.0,PLAYED (final score in nflverse)
Tyler Allgeier,ARI,NYG,RB,ARI@NYG,anytime_td,0.24025,316.0,0.19275,0.0777,B,-,tgt_sh 5.1%; team att 36.0; opp DvP 0.91; RZ tgt 2; car_sh 27.0%; team rush 24.6; opp d_ypc 1.06; inside-10 car 3,1.0,PLAYED (final score in nflverse)
Tyler Allgeier,ARI,NYG,RB,ARI@NYG,first_td,0.05440626706626706,1738.0,0.19275,0.0777,B,-,tgt_sh 5.1%; team att 36.0; opp DvP 0.91; RZ tgt 2; car_sh 27.0%; team rush 24.6; opp d_ypc 1.06; inside-10 car 3,1.0,PLAYED (final score in nflverse)
Tyler Allgeier,ARI,NYG,RB,ARI@NYG,last_td,0.05440626706626706,1738.0,0.19275,0.0777,B,-,tgt_sh 5.1%; team att 36.0; opp DvP 0.91; RZ tgt 2; car_sh 27.0%; team rush 24.6; opp d_ypc 1.06; inside-10 car 3,1.0,PLAYED (final score in nflverse)
Tyler Allgeier,ARI,NYG,RB,ARI@NYG,2plus_td,0.0276,3523.0,0.19275,0.0777,B,-,tgt_sh 5.1%; team att 36.0; opp DvP 0.91; RZ tgt 2; car_sh 27.0%; team rush 24.6; opp d_ypc 1.06; inside-10 car 3,1.0,PLAYED (final score in nflverse)
Kendrick Bourne,ARI,NYG,WR,ARI@NYG,anytime_td,0.13475,642.0,0.0,0.144,C,-,tgt_sh 10.4%; team att 36.0; opp DvP 1.07; RZ tgt 2,1.0,PLAYED (final score in nflverse)
Kendrick Bourne,ARI,NYG,WR,ARI@NYG,first_td,0.029205620351870347,3324.0,0.0,0.144,C,-,tgt_sh 10.4%; team att 36.0; opp DvP 1.07; RZ tgt 2,1.0,PLAYED (final score in nflverse)
Kendrick Bourne,ARI,NYG,WR,ARI@NYG,last_td,0.029205620351870347,3324.0,0.0,0.144,C,-,tgt_sh 10.4%; team att 36.0; opp DvP 1.07; RZ tgt 2,1.0,PLAYED (final score in nflverse)
Kendrick Bourne,ARI,NYG,WR,ARI@NYG,2plus_td,0.0089,11136.0,0.0,0.144,C,-,tgt_sh 10.4%; team att 36.0; opp DvP 1.07; RZ tgt 2,1.0,PLAYED (final score in nflverse)
Jalen Brooks,ARI,NYG,WR,ARI@NYG,anytime_td,0.015,6567.0,0.0,0.01505,C,-,w_td 0.01; team TD 2.17,1.0,PLAYED (final score in nflverse)
Jalen Brooks,ARI,NYG,WR,ARI@NYG,first_td,0.0028637139249639253,34820.0,0.0,0.01505,C,-,w_td 0.01; team TD 2.17,1.0,PLAYED (final score in nflverse)
Jalen Brooks,ARI,NYG,WR,ARI@NYG,last_td,0.0028637139249639253,34820.0,0.0,0.01505,C,-,w_td 0.01; team TD 2.17,1.0,PLAYED (final score in nflverse)
Jalen Brooks,ARI,NYG,WR,ARI@NYG,2plus_td,5e-05,999900.0,0.0,0.01505,C,-,w_td 0.01; team TD 2.17,1.0,PLAYED (final score in nflverse)
Marvin Harrison Jr.,ARI,NYG,WR,ARI@NYG,anytime_td,0.1466,582.0,0.0,0.1566,C,-,tgt_sh 11.7%; team att 36.0; opp DvP 1.07; RZ tgt 2,1.0,PLAYED (final score in nflverse)
Marvin Harrison Jr.,ARI,NYG,WR,ARI@NYG,first_td,0.03170604673104673,3054.0,0.0,0.1566,C,-,tgt_sh 11.7%; team att 36.0; opp DvP 1.07; RZ tgt 2,1.0,PLAYED (final score in nflverse)
Marvin Harrison Jr.,ARI,NYG,WR,ARI@NYG,last_td,0.03170604673104673,3054.0,0.0,0.1566,C,-,tgt_sh 11.7%; team att 36.0; opp DvP 1.07; RZ tgt 2,1.0,PLAYED (final score in nflverse)
Marvin Harrison Jr.,ARI,NYG,WR,ARI@NYG,2plus_td,0.00965,10263.0,0.0,0.1566,C,-,tgt_sh 11.7%; team att 36.0; opp DvP 1.07; RZ tgt 2,1.0,PLAYED (final score in nflverse)
Elijah Higgins,ARI,NYG,TE,ARI@NYG,anytime_td,0.05905,1593.0,0.0,0.06145,C,-,tgt_sh 4.1%; team att 36.0; opp DvP 1.12; RZ tgt 1,1.0,PLAYED (final score in nflverse)
Elijah Higgins,ARI,NYG,TE,ARI@NYG,first_td,0.012284755244755243,8040.0,0.0,0.06145,C,-,tgt_sh 4.1%; team att 36.0; opp DvP 1.12; RZ tgt 1,1.0,PLAYED (final score in nflverse)
Elijah Higgins,ARI,NYG,TE,ARI@NYG,last_td,0.012284755244755243,8040.0,0.0,0.06145,C,-,tgt_sh 4.1%; team att 36.0; opp DvP 1.12; RZ tgt 1,1.0,PLAYED (final score in nflverse)
Elijah Higgins,ARI,NYG,TE,ARI@NYG,2plus_td,0.00235,42453.0,0.0,0.06145,C,-,tgt_sh 4.1%; team att 36.0; opp DvP 1.12; RZ tgt 1,1.0,PLAYED (final score in nflverse)
Bam Knight,ARI,NYG,RB,ARI@NYG,anytime_td,0.0653,1431.0,0.0464,0.02145,C,-,w_td 0.08; team TD 2.17,1.0,PLAYED (final score in nflverse)
Bam Knight,ARI,NYG,RB,ARI@NYG,first_td,0.013529831002331003,7291.0,0.0464,0.02145,C,-,w_td 0.08; team TD 2.17,1.0,PLAYED (final score in nflverse)
Bam Knight,ARI,NYG,RB,ARI@NYG,last_td,0.013529831002331003,7291.0,0.0464,0.02145,C,-,w_td 0.08; team TD 2.17,1.0,PLAYED (final score in nflverse)
Bam Knight,ARI,NYG,RB,ARI@NYG,2plus_td,0.0025,39900.0,0.0464,0.02145,C,-,w_td 0.08; team TD 2.17,1.0,PLAYED (final score in nflverse)
Hunter Long,ARI,NYG,TE,ARI@NYG,anytime_td,0.02865,3390.0,0.0,0.0293,C,-,w_td 0.02; team TD 2.17,1.0,PLAYED (final score in nflverse)
Hunter Long,ARI,NYG,TE,ARI@NYG,first_td,0.005863295454545454,16955.0,0.0,0.0293,C,-,w_td 0.02; team TD 2.17,1.0,PLAYED (final score in nflverse)
Hunter Long,ARI,NYG,TE,ARI@NYG,last_td,0.005863295454545454,16955.0,0.0,0.0293,C,-,w_td 0.02; team TD 2.17,1.0,PLAYED (final score in nflverse)
Hunter Long,ARI,NYG,TE,ARI@NYG,2plus_td,0.00065,153746.0,0.0,0.0293,C,-,w_td 0.02; team TD 2.17,1.0,PLAYED (final score in nflverse)
Jeremiyah Love,ARI,NYG,RB,ARI@NYG,anytime_td,0.3788,164.0,0.3308,0.1308,B,-,tgt_sh 8.8%; team att 36.0; opp DvP 0.91; RZ tgt 3; car_sh 50.9%; team rush 24.6; opp d_ypc 1.06; inside-10 car 4,1.0,PLAYED (final score in nflverse)
Jeremiyah Love,ARI,NYG,RB,ARI@NYG,first_td,0.09305260198135197,975.0,0.3308,0.1308,B,-,tgt_sh 8.8%; team att 36.0; opp DvP 0.91; RZ tgt 3; car_sh 50.9%; team rush 24.6; opp d_ypc 1.06; inside-10 car 4,1.0,PLAYED (final score in nflverse)
Jeremiyah Love,ARI,NYG,RB,ARI@NYG,last_td,0.09305260198135197,975.0,0.3308,0.1308,B,-,tgt_sh 8.8%; team att 36.0; opp DvP 0.91; RZ tgt 3; car_sh 50.9%; team rush 24.6; opp d_ypc 1.06; inside-10 car 4,1.0,PLAYED (final score in nflverse)
Jeremiyah Love,ARI,NYG,RB,ARI@NYG,2plus_td,0.0738,1255.0,0.3308,0.1308,B,-,tgt_sh 8.8%; team att 36.0; opp DvP 0.91; RZ tgt 3; car_sh 50.9%; team rush 24.6; opp d_ypc 1.06; inside-10 car 4,1.0,PLAYED (final score in nflverse)
Trey McBride,ARI,NYG,TE,ARI@NYG,anytime_td,0.3794,164.0,0.0,0.46635,B,-,tgt_sh 29.2%; team att 36.0; opp DvP 1.12; RZ tgt 9,1.0,PLAYED (final score in nflverse)
Trey McBride,ARI,NYG,TE,ARI@NYG,first_td,0.09396888958263959,964.0,0.0,0.46635,B,-,tgt_sh 29.2%; team att 36.0; opp DvP 1.12; RZ tgt 9,1.0,PLAYED (final score in nflverse)
Trey McBride,ARI,NYG,TE,ARI@NYG,last_td,0.09396888958263959,964.0,0.0,0.46635,B,-,tgt_sh 29.2%; team att 36.0; opp DvP 1.12; RZ tgt 9,1.0,PLAYED (final score in nflverse)
Trey McBride,ARI,NYG,TE,ARI@NYG,2plus_td,0.07615,1213.0,0.0,0.46635,B,-,tgt_sh 29.2%; team att 36.0; opp DvP 1.12; RZ tgt 9,1.0,PLAYED (final score in nflverse)
Michael Wilson,ARI,NYG,WR,ARI@NYG,anytime_td,0.3152,217.0,0.0,0.37115,B,-,tgt_sh 22.0%; team att 36.0; opp DvP 1.07; RZ tgt 9,1.0,PLAYED (final score in nflverse)
Michael Wilson,ARI,NYG,WR,ARI@NYG,first_td,0.0741923729048729,1248.0,0.0,0.37115,B,-,tgt_sh 22.0%; team att 36.0; opp DvP 1.07; RZ tgt 9,1.0,PLAYED (final score in nflverse)
Michael Wilson,ARI,NYG,WR,ARI@NYG,last_td,0.0741923729048729,1248.0,0.0,0.37115,B,-,tgt_sh 22.0%; team att 36.0; opp DvP 1.07; RZ tgt 9,1.0,PLAYED (final score in nflverse)
Michael Wilson,ARI,NYG,WR,ARI@NYG,2plus_td,0.05025,1890.0,0.0,0.37115,B,-,tgt_sh 22.0%; team att 36.0; opp DvP 1.07; RZ tgt 9,1.0,PLAYED (final score in nflverse)
Jameis Winston,NYG,ARI,QB,ARI@NYG,anytime_td,0.0235,4155.0,0.02375,0.0,B,-,team att 28.6; ypa 7.71; opp d_ypa 1.14; pass rate 51.8%,1.0,PLAYED (final score in nflverse)
Jameis Winston,NYG,ARI,QB,ARI@NYG,first_td,0.005018297258297258,19827.0,0.02375,0.0,B,-,team att 28.6; ypa 7.71; opp d_ypa 1.14; pass rate 51.8%,1.0,PLAYED (final score in nflverse)
Jameis Winston,NYG,ARI,QB,ARI@NYG,last_td,0.005018297258297258,19827.0,0.02375,0.0,B,-,team att 28.6; ypa 7.71; opp d_ypa 1.14; pass rate 51.8%,1.0,PLAYED (final score in nflverse)
Jameis Winston,NYG,ARI,QB,ARI@NYG,2plus_td,0.00025,399900.0,0.02375,0.0,B,-,team att 28.6; ypa 7.71; opp d_ypa 1.14; pass rate 51.8%,1.0,PLAYED (final score in nflverse)
Braxton Berrios,NYG,ARI,WR,ARI@NYG,anytime_td,0.01905,5149.0,0.0,0.01925,C,-,w_td 0.01; team TD 2.55,1.0,PLAYED (final score in nflverse)
Braxton Berrios,NYG,ARI,WR,ARI@NYG,first_td,0.003901751443001443,25530.0,0.0,0.01925,C,-,w_td 0.01; team TD 2.55,1.0,PLAYED (final score in nflverse)
Braxton Berrios,NYG,ARI,WR,ARI@NYG,last_td,0.003901751443001443,25530.0,0.0,0.01925,C,-,w_td 0.01; team TD 2.55,1.0,PLAYED (final score in nflverse)
Braxton Berrios,NYG,ARI,WR,ARI@NYG,2plus_td,0.0002,499900.0,0.0,0.01925,C,-,w_td 0.01; team TD 2.55,1.0,PLAYED (final score in nflverse)
Malachi Fields,NYG,ARI,WR,ARI@NYG,anytime_td,0.20555,386.0,0.0,0.22685,C,-,tgt_sh 13.1%; team att 28.6; opp DvP 1.00; RZ tgt 1,1.0,PLAYED (final score in nflverse)
Malachi Fields,NYG,ARI,WR,ARI@NYG,first_td,0.04566141095016095,2090.0,0.0,0.22685,C,-,tgt_sh 13.1%; team att 28.6; opp DvP 1.00; RZ tgt 1,1.0,PLAYED (final score in nflverse)
Malachi Fields,NYG,ARI,WR,ARI@NYG,last_td,0.04566141095016095,2090.0,0.0,0.22685,C,-,tgt_sh 13.1%; team att 28.6; opp DvP 1.00; RZ tgt 1,1.0,PLAYED (final score in nflverse)
Malachi Fields,NYG,ARI,WR,ARI@NYG,2plus_td,0.02035,4814.0,0.0,0.22685,C,-,tgt_sh 13.1%; team att 28.6; opp DvP 1.00; RZ tgt 1,1.0,PLAYED (final score in nflverse)
Najee Harris,NYG,ARI,RB,ARI@NYG,anytime_td,0.14095,609.0,0.14565,0.00735,B,-,car_sh 20.4%; team rush 29.2; opp d_ypc 1.00; inside-10 car 2,1.0,PLAYED (final score in nflverse)
Najee Harris,NYG,ARI,RB,ARI@NYG,first_td,0.030735496031746034,3154.0,0.14565,0.00735,B,-,car_sh 20.4%; team rush 29.2; opp d_ypc 1.00; inside-10 car 2,1.0,PLAYED (final score in nflverse)
Najee Harris,NYG,ARI,RB,ARI@NYG,last_td,0.030735496031746034,3154.0,0.14565,0.00735,B,-,car_sh 20.4%; team rush 29.2; opp d_ypc 1.00; inside-10 car 2,1.0,PLAYED (final score in nflverse)
Najee Harris,NYG,ARI,RB,ARI@NYG,2plus_td,0.0117,8447.0,0.14565,0.00735,B,-,car_sh 20.4%; team rush 29.2; opp d_ypc 1.00; inside-10 car 2,1.0,PLAYED (final score in nflverse)
Theo Johnson,NYG,ARI,TE,ARI@NYG,anytime_td,0.1403,613.0,0.0,0.15115,C,-,tgt_sh 7.9%; team att 28.6; opp DvP 1.03; RZ tgt 1,1.0,PLAYED (final score in nflverse)
Theo Johnson,NYG,ARI,TE,ARI@NYG,first_td,0.030018761932511927,3231.0,0.0,0.15115,C,-,tgt_sh 7.9%; team att 28.6; opp DvP 1.03; RZ tgt 1,1.0,PLAYED (final score in nflverse)
Theo Johnson,NYG,ARI,TE,ARI@NYG,last_td,0.030018761932511927,3231.0,0.0,0.15115,C,-,tgt_sh 7.9%; team att 28.6; opp DvP 1.03; RZ tgt 1,1.0,PLAYED (final score in nflverse)
Theo Johnson,NYG,ARI,TE,ARI@NYG,2plus_td,0.0103,9609.0,0.0,0.15115,C,-,tgt_sh 7.9%; team att 28.6; opp DvP 1.03; RZ tgt 1,1.0,PLAYED (final score in nflverse)
Isaiah Likely,NYG,ARI,TE,ARI@NYG,anytime_td,0.44285,126.0,0.0,0.5654,B,-,tgt_sh 23.1%; team att 28.6; opp DvP 1.03; RZ tgt 6,1.0,PLAYED (final score in nflverse)
Isaiah Likely,NYG,ARI,TE,ARI@NYG,first_td,0.1136920403207903,780.0,0.0,0.5654,B,-,tgt_sh 23.1%; team att 28.6; opp DvP 1.03; RZ tgt 6,1.0,PLAYED (final score in nflverse)
Isaiah Likely,NYG,ARI,TE,ARI@NYG,last_td,0.1136920403207903,780.0,0.0,0.5654,B,-,tgt_sh 23.1%; team att 28.6; opp DvP 1.03; RZ tgt 6,1.0,PLAYED (final score in nflverse)
Isaiah Likely,NYG,ARI,TE,ARI@NYG,2plus_td,0.1047,855.0,0.0,0.5654,B,-,tgt_sh 23.1%; team att 28.6; opp DvP 1.03; RZ tgt 6,1.0,PLAYED (final score in nflverse)
Darnell Mooney,NYG,ARI,WR,ARI@NYG,anytime_td,0.1539,550.0,0.0028,0.1625,C,-,tgt_sh 11.3%; team att 28.6; opp DvP 1.00; RZ tgt 0,1.0,PLAYED (final score in nflverse)
Darnell Mooney,NYG,ARI,WR,ARI@NYG,first_td,0.03348189685314685,2887.0,0.0028,0.1625,C,-,tgt_sh 11.3%; team att 28.6; opp DvP 1.00; RZ tgt 0,1.0,PLAYED (final score in nflverse)
Darnell Mooney,NYG,ARI,WR,ARI@NYG,last_td,0.03348189685314685,2887.0,0.0028,0.1625,C,-,tgt_sh 11.3%; team att 28.6; opp DvP 1.00; RZ tgt 0,1.0,PLAYED (final score in nflverse)
Darnell Mooney,NYG,ARI,WR,ARI@NYG,2plus_td,0.0111,8909.0,0.0028,0.1625,C,-,tgt_sh 11.3%; team att 28.6; opp DvP 1.00; RZ tgt 0,1.0,PLAYED (final score in nflverse)
Malik Nabers,NYG,ARI,WR,ARI@NYG,anytime_td,0.32885,204.0,0.0,0.38785,B,-,tgt_sh 19.2%; team att 28.6; opp DvP 1.00; RZ tgt 3,1.0,PLAYED (final score in nflverse)
Malik Nabers,NYG,ARI,WR,ARI@NYG,first_td,0.07812622807747807,1180.0,0.0,0.38785,B,-,tgt_sh 19.2%; team att 28.6; opp DvP 1.00; RZ tgt 3,1.0,PLAYED (final score in nflverse)
Malik Nabers,NYG,ARI,WR,ARI@NYG,last_td,0.07812622807747807,1180.0,0.0,0.38785,B,-,tgt_sh 19.2%; team att 28.6; opp DvP 1.00; RZ tgt 3,1.0,PLAYED (final score in nflverse)
Malik Nabers,NYG,ARI,WR,ARI@NYG,2plus_td,0.05355,1767.0,0.0,0.38785,B,-,tgt_sh 19.2%; team att 28.6; opp DvP 1.00; RZ tgt 3,1.0,PLAYED (final score in nflverse)
Patrick Ricard,NYG,ARI,RB,ARI@NYG,anytime_td,0.02811181434599156,3457.0,0.0,0.02869198312236287,C,no game designation yet (Full),w_td 0.02; team TD 2.55,0.9508674235277402,PLAYED (final score in nflverse)
Patrick Ricard,NYG,ARI,RB,ARI@NYG,first_td,0.0055979969983134545,17764.0,0.0,0.02869198312236287,C,no game designation yet (Full),w_td 0.02; team TD 2.55,0.9508674235277402,PLAYED (final score in nflverse)
Patrick Ricard,NYG,ARI,RB,ARI@NYG,last_td,0.0055979969983134545,17764.0,0.0,0.02869198312236287,C,no game designation yet (Full),w_td 0.02; team TD 2.55,0.9508674235277402,PLAYED (final score in nflverse)
Patrick Ricard,NYG,ARI,RB,ARI@NYG,2plus_td,0.000580168776371308,172264.0,0.0,0.02869198312236287,C,no game designation yet (Full),w_td 0.02; team TD 2.55,0.9508674235277402,PLAYED (final score in nflverse)
Devin Singletary,NYG,ARI,RB,ARI@NYG,anytime_td,0.20065,398.0,0.06775,0.15485,C,-,tgt_sh 5.4%; team att 28.6; opp DvP 0.99; RZ tgt 2; car_sh 13.0%; team rush 29.2; opp d_ypc 1.00; inside-10 car 0,1.0,PLAYED (final score in nflverse)
Devin Singletary,NYG,ARI,RB,ARI@NYG,first_td,0.04526439685314686,2109.0,0.06775,0.15485,C,-,tgt_sh 5.4%; team att 28.6; opp DvP 0.99; RZ tgt 2; car_sh 13.0%; team rush 29.2; opp d_ypc 1.00; inside-10 car 0,1.0,PLAYED (final score in nflverse)
Devin Singletary,NYG,ARI,RB,ARI@NYG,last_td,0.04526439685314686,2109.0,0.06775,0.15485,C,-,tgt_sh 5.4%; team att 28.6; opp DvP 0.99; RZ tgt 2; car_sh 13.0%; team rush 29.2; opp d_ypc 1.00; inside-10 car 0,1.0,PLAYED (final score in nflverse)
Devin Singletary,NYG,ARI,RB,ARI@NYG,2plus_td,0.02045,4790.0,0.06775,0.15485,C,-,tgt_sh 5.4%; team att 28.6; opp DvP 0.99; RZ tgt 2; car_sh 13.0%; team rush 29.2; opp d_ypc 1.00; inside-10 car 0,1.0,PLAYED (final score in nflverse)
Cam Skattebo,NYG,ARI,RB,ARI@NYG,anytime_td,0.36855,171.0,0.3138,0.1362,B,-,tgt_sh 9.3%; team att 28.6; opp DvP 0.99; RZ tgt 0; car_sh 41.6%; team rush 29.2; opp d_ypc 1.00; inside-10 car 5,1.0,PLAYED (final score in nflverse)
Cam Skattebo,NYG,ARI,RB,ARI@NYG,first_td,0.09138829573204572,994.0,0.3138,0.1362,B,-,tgt_sh 9.3%; team att 28.6; opp DvP 0.99; RZ tgt 0; car_sh 41.6%; team rush 29.2; opp d_ypc 1.00; inside-10 car 5,1.0,PLAYED (final score in nflverse)
Cam Skattebo,NYG,ARI,RB,ARI@NYG,last_td,0.09138829573204572,994.0,0.3138,0.1362,B,-,tgt_sh 9.3%; team att 28.6; opp DvP 0.99; RZ tgt 0; car_sh 41.6%; team rush 29.2; opp d_ypc 1.00; inside-10 car 5,1.0,PLAYED (final score in nflverse)
Cam Skattebo,NYG,ARI,RB,ARI@NYG,2plus_td,0.07195,1290.0,0.3138,0.1362,B,-,tgt_sh 9.3%; team att 28.6; opp DvP 0.99; RZ tgt 0; car_sh 41.6%; team rush 29.2; opp d_ypc 1.00; inside-10 car 5,1.0,PLAYED (final score in nflverse)
Tyrone Tracy Jr.,NYG,ARI,RB,ARI@NYG,anytime_td,0.0718266905037333,1292.0,0.029813860553160165,0.04469449994741823,C,no game designation yet (Full),w_td 0.07; team TD 2.55,0.9508674235277402,PLAYED (final score in nflverse)
Tyrone Tracy Jr.,NYG,ARI,RB,ARI@NYG,first_td,0.014789188913702532,6662.0,0.029813860553160165,0.04469449994741823,C,no game designation yet (Full),w_td 0.07; team TD 2.55,0.9508674235277402,PLAYED (final score in nflverse)
Tyrone Tracy Jr.,NYG,ARI,RB,ARI@NYG,last_td,0.014789188913702532,6662.0,0.029813860553160165,0.04469449994741823,C,no game designation yet (Full),w_td 0.07; team TD 2.55,0.9508674235277402,PLAYED (final score in nflverse)
Tyrone Tracy Jr.,NYG,ARI,RB,ARI@NYG,2plus_td,0.0026290882322010725,37936.0,0.029813860553160165,0.04469449994741823,C,no game designation yet (Full),w_td 0.07; team TD 2.55,0.9508674235277402,PLAYED (final score in nflverse)
Matthew Stafford,LA,PHI,QB,LA@PHI,anytime_td,0.0846,1082.0,0.08765,0.0,B,-,team att 37.8; ypa 6.99; opp d_ypa 0.96; pass rate 60.3%,1.0,PLAYED (final score in nflverse)
Matthew Stafford,LA,PHI,QB,LA@PHI,first_td,0.01723185897435897,5703.0,0.08765,0.0,B,-,team att 37.8; ypa 6.99; opp d_ypa 0.96; pass rate 60.3%,1.0,PLAYED (final score in nflverse)
Matthew Stafford,LA,PHI,QB,LA@PHI,last_td,0.01723185897435897,5703.0,0.08765,0.0,B,-,team att 37.8; ypa 6.99; opp d_ypa 0.96; pass rate 60.3%,1.0,PLAYED (final score in nflverse)
Matthew Stafford,LA,PHI,QB,LA@PHI,2plus_td,0.003,33233.0,0.08765,0.0,B,-,team att 37.8; ypa 6.99; opp d_ypa 0.96; pass rate 60.3%,1.0,PLAYED (final score in nflverse)
Davante Adams,LA,PHI,WR,LA@PHI,anytime_td,0.3381238155401137,196.0,0.0,0.40271636133922933,B,no game designation yet (Full),tgt_sh 19.9%; team att 37.8; opp DvP 0.97; RZ tgt 4,0.9479829842591244,PLAYED (final score in nflverse)
Davante Adams,LA,PHI,WR,LA@PHI,first_td,0.07921065943017933,1162.0,0.0,0.40271636133922933,B,no game designation yet (Full),tgt_sh 19.9%; team att 37.8; opp DvP 0.97; RZ tgt 4,0.9479829842591244,PLAYED (final score in nflverse)
Davante Adams,LA,PHI,WR,LA@PHI,last_td,0.07921065943017933,1162.0,0.0,0.40271636133922933,B,no game designation yet (Full),tgt_sh 19.9%; team att 37.8; opp DvP 0.97; RZ tgt 4,0.9479829842591244,PLAYED (final score in nflverse)
Davante Adams,LA,PHI,WR,LA@PHI,2plus_td,0.05864392503684986,1605.0,0.0,0.40271636133922933,B,no game designation yet (Full),tgt_sh 19.9%; team att 37.8; opp DvP 0.97; RZ tgt 4,0.9479829842591244,PLAYED (final score in nflverse)
Davis Allen,LA,PHI,TE,LA@PHI,anytime_td,0.047,2028.0,0.0,0.0476,C,-,tgt_sh 3.6%; team att 37.8; opp DvP 0.82; RZ tgt 0,1.0,PLAYED (final score in nflverse)
Davis Allen,LA,PHI,TE,LA@PHI,first_td,0.009090131673881674,10901.0,0.0,0.0476,C,-,tgt_sh 3.6%; team att 37.8; opp DvP 0.82; RZ tgt 0,1.0,PLAYED (final score in nflverse)
Davis Allen,LA,PHI,TE,LA@PHI,last_td,0.009090131673881674,10901.0,0.0,0.0476,C,-,tgt_sh 3.6%; team att 37.8; opp DvP 0.82; RZ tgt 0,1.0,PLAYED (final score in nflverse)
Davis Allen,LA,PHI,TE,LA@PHI,2plus_td,0.0006,166567.0,0.0,0.0476,C,-,tgt_sh 3.6%; team att 37.8; opp DvP 0.82; RZ tgt 0,1.0,PLAYED (final score in nflverse)
Tutu Atwell,LA,PHI,WR,LA@PHI,anytime_td,0.0441,2168.0,0.0,0.0455,C,-,tgt_sh 3.2%; team att 37.8; opp DvP 0.97; RZ tgt 0,1.0,PLAYED (final score in nflverse)
Tutu Atwell,LA,PHI,WR,LA@PHI,first_td,0.008782882950382952,11286.0,0.0,0.0455,C,-,tgt_sh 3.2%; team att 37.8; opp DvP 0.97; RZ tgt 0,1.0,PLAYED (final score in nflverse)
Tutu Atwell,LA,PHI,WR,LA@PHI,last_td,0.008782882950382952,11286.0,0.0,0.0455,C,-,tgt_sh 3.2%; team att 37.8; opp DvP 0.97; RZ tgt 0,1.0,PLAYED (final score in nflverse)
Tutu Atwell,LA,PHI,WR,LA@PHI,2plus_td,0.0013,76823.0,0.0,0.0455,C,-,tgt_sh 3.2%; team att 37.8; opp DvP 0.97; RZ tgt 0,1.0,PLAYED (final score in nflverse)
Blake Corum,LA,PHI,RB,LA@PHI,anytime_td,0.28055,256.0,0.25965,0.06585,B,-,tgt_sh 2.6%; team att 37.8; opp DvP 0.90; RZ tgt 1; car_sh 26.6%; team rush 25.7; opp d_ypc 0.98; inside-10 car 0,1.0,PLAYED (final score in nflverse)
Blake Corum,LA,PHI,RB,LA@PHI,first_td,0.06403535353535353,1462.0,0.25965,0.06585,B,-,tgt_sh 2.6%; team att 37.8; opp DvP 0.90; RZ tgt 1; car_sh 26.6%; team rush 25.7; opp d_ypc 0.98; inside-10 car 0,1.0,PLAYED (final score in nflverse)
Blake Corum,LA,PHI,RB,LA@PHI,last_td,0.06403535353535353,1462.0,0.25965,0.06585,B,-,tgt_sh 2.6%; team att 37.8; opp DvP 0.90; RZ tgt 1; car_sh 26.6%; team rush 25.7; opp d_ypc 0.98; inside-10 car 0,1.0,PLAYED (final score in nflverse)
Blake Corum,LA,PHI,RB,LA@PHI,2plus_td,0.04085,2348.0,0.25965,0.06585,B,-,tgt_sh 2.6%; team att 37.8; opp DvP 0.90; RZ tgt 1; car_sh 26.6%; team rush 25.7; opp d_ypc 0.98; inside-10 car 0,1.0,PLAYED (final score in nflverse)
Tyler Higbee,LA,PHI,TE,LA@PHI,anytime_td,0.15448156824066084,547.0,0.0,0.16742695105412403,C,no game designation yet (DNP),tgt_sh 9.3%; team att 37.8; opp DvP 0.82; RZ tgt 2,0.8055616699684496,PLAYED (final score in nflverse)
Tyler Higbee,LA,PHI,TE,LA@PHI,first_td,0.03247812664191656,2979.0,0.0,0.16742695105412403,C,no game designation yet (DNP),tgt_sh 9.3%; team att 37.8; opp DvP 0.82; RZ tgt 2,0.8055616699684496,PLAYED (final score in nflverse)
Tyler Higbee,LA,PHI,TE,LA@PHI,last_td,0.03247812664191656,2979.0,0.0,0.16742695105412403,C,no game designation yet (DNP),tgt_sh 9.3%; team att 37.8; opp DvP 0.82; RZ tgt 2,0.8055616699684496,PLAYED (final score in nflverse)
Tyler Higbee,LA,PHI,TE,LA@PHI,2plus_td,0.012637159413142645,7813.0,0.0,0.16742695105412403,C,no game designation yet (DNP),tgt_sh 9.3%; team att 37.8; opp DvP 0.82; RZ tgt 2,0.8055616699684496,PLAYED (final score in nflverse)
Konata Mumpfield,LA,PHI,WR,LA@PHI,anytime_td,0.0936,968.0,0.0,0.0976,C,-,tgt_sh 4.9%; team att 37.8; opp DvP 0.97; RZ tgt 1,1.0,PLAYED (final score in nflverse)
Konata Mumpfield,LA,PHI,WR,LA@PHI,first_td,0.018735956543456545,5237.0,0.0,0.0976,C,-,tgt_sh 4.9%; team att 37.8; opp DvP 0.97; RZ tgt 1,1.0,PLAYED (final score in nflverse)
Konata Mumpfield,LA,PHI,WR,LA@PHI,last_td,0.018735956543456545,5237.0,0.0,0.0976,C,-,tgt_sh 4.9%; team att 37.8; opp DvP 0.97; RZ tgt 1,1.0,PLAYED (final score in nflverse)
Konata Mumpfield,LA,PHI,WR,LA@PHI,2plus_td,0.0039,25541.0,0.0,0.0976,C,-,tgt_sh 4.9%; team att 37.8; opp DvP 0.97; RZ tgt 1,1.0,PLAYED (final score in nflverse)
Puka Nacua,LA,PHI,WR,LA@PHI,anytime_td,0.32950716090985677,203.0,0.04006950294860994,0.3545703454085931,C,no game designation yet (Full),tgt_sh 23.5%; team att 37.8; opp DvP 0.97; RZ tgt 1,0.9479829842591244,PLAYED (final score in nflverse)
Puka Nacua,LA,PHI,WR,LA@PHI,first_td,0.07678867149302068,1202.0,0.04006950294860994,0.3545703454085931,C,no game designation yet (Full),tgt_sh 23.5%; team att 37.8; opp DvP 0.97; RZ tgt 1,0.9479829842591244,PLAYED (final score in nflverse)
Puka Nacua,LA,PHI,WR,LA@PHI,last_td,0.07678867149302068,1202.0,0.04006950294860994,0.3545703454085931,C,no game designation yet (Full),tgt_sh 23.5%; team att 37.8; opp DvP 0.97; RZ tgt 1,0.9479829842591244,PLAYED (final score in nflverse)
Puka Nacua,LA,PHI,WR,LA@PHI,2plus_td,0.0580770850884583,1622.0,0.04006950294860994,0.3545703454085931,C,no game designation yet (Full),tgt_sh 23.5%; team att 37.8; opp DvP 0.97; RZ tgt 1,0.9479829842591244,PLAYED (final score in nflverse)
Colby Parkinson,LA,PHI,TE,LA@PHI,anytime_td,0.12404028317878153,706.0,0.0,0.13261541529564264,C,Questionable (DNP),w_td 0.07; team TD 2.55,0.4981574884199691,PLAYED (final score in nflverse)
Colby Parkinson,LA,PHI,TE,LA@PHI,first_td,0.025964173593548405,3751.0,0.0,0.13261541529564264,C,Questionable (DNP),w_td 0.07; team TD 2.55,0.4981574884199691,PLAYED (final score in nflverse)
Colby Parkinson,LA,PHI,TE,LA@PHI,last_td,0.025964173593548405,3751.0,0.0,0.13261541529564264,C,Questionable (DNP),w_td 0.07; team TD 2.55,0.4981574884199691,PLAYED (final score in nflverse)
Colby Parkinson,LA,PHI,TE,LA@PHI,2plus_td,0.008375710439724798,11839.0,0.0,0.13261541529564264,C,Questionable (DNP),w_td 0.07; team TD 2.55,0.4981574884199691,PLAYED (final score in nflverse)
Jordan Whittington,LA,PHI,WR,LA@PHI,anytime_td,0.0396,2425.0,0.0,0.0401,C,-,tgt_sh 2.8%; team att 37.8; opp DvP 0.97; RZ tgt 0,1.0,PLAYED (final score in nflverse)
Jordan Whittington,LA,PHI,WR,LA@PHI,first_td,0.007809454573204573,12705.0,0.0,0.0401,C,-,tgt_sh 2.8%; team att 37.8; opp DvP 0.97; RZ tgt 0,1.0,PLAYED (final score in nflverse)
Jordan Whittington,LA,PHI,WR,LA@PHI,last_td,0.007809454573204573,12705.0,0.0,0.0401,C,-,tgt_sh 2.8%; team att 37.8; opp DvP 0.97; RZ tgt 0,1.0,PLAYED (final score in nflverse)
Jordan Whittington,LA,PHI,WR,LA@PHI,2plus_td,0.0005,199900.0,0.0,0.0401,C,-,tgt_sh 2.8%; team att 37.8; opp DvP 0.97; RZ tgt 0,1.0,PLAYED (final score in nflverse)
Kyren Williams,LA,PHI,RB,LA@PHI,anytime_td,0.5926,-145.0,0.6793,0.1907,B,-,tgt_sh 10.0%; team att 37.8; opp DvP 0.90; RZ tgt 2; car_sh 47.9%; team rush 25.7; opp d_ypc 0.98; inside-10 car 7,1.0,PLAYED (final score in nflverse)
Kyren Williams,LA,PHI,RB,LA@PHI,first_td,0.1695615959040959,490.0,0.6793,0.1907,B,-,tgt_sh 10.0%; team att 37.8; opp DvP 0.90; RZ tgt 2; car_sh 47.9%; team rush 25.7; opp d_ypc 0.98; inside-10 car 7,1.0,PLAYED (final score in nflverse)
Kyren Williams,LA,PHI,RB,LA@PHI,last_td,0.1695615959040959,490.0,0.6793,0.1907,B,-,tgt_sh 10.0%; team att 37.8; opp DvP 0.90; RZ tgt 2; car_sh 47.9%; team rush 25.7; opp d_ypc 0.98; inside-10 car 7,1.0,PLAYED (final score in nflverse)
Kyren Williams,LA,PHI,RB,LA@PHI,2plus_td,0.2183,358.0,0.6793,0.1907,B,-,tgt_sh 10.0%; team att 37.8; opp DvP 0.90; RZ tgt 2; car_sh 47.9%; team rush 25.7; opp d_ypc 0.98; inside-10 car 7,1.0,PLAYED (final score in nflverse)
Jalen Hurts,PHI,LA,QB,LA@PHI,anytime_td,0.1313,662.0,0.14035,0.0,B,-,team att 31.0; ypa 5.70; opp d_ypa 0.83; pass rate 56.1%,1.0,PLAYED (final score in nflverse)
Jalen Hurts,PHI,LA,QB,LA@PHI,first_td,0.027422680375180374,3547.0,0.14035,0.0,B,-,team att 31.0; ypa 5.70; opp d_ypa 0.83; pass rate 56.1%,1.0,PLAYED (final score in nflverse)
Jalen Hurts,PHI,LA,QB,LA@PHI,last_td,0.027422680375180374,3547.0,0.14035,0.0,B,-,team att 31.0; ypa 5.70; opp d_ypa 0.83; pass rate 56.1%,1.0,PLAYED (final score in nflverse)
Jalen Hurts,PHI,LA,QB,LA@PHI,2plus_td,0.0086,11528.0,0.14035,0.0,B,-,team att 31.0; ypa 5.70; opp d_ypa 0.83; pass rate 56.1%,1.0,PLAYED (final score in nflverse)
Saquon Barkley,PHI,LA,RB,LA@PHI,anytime_td,0.32585,207.0,0.24695,0.1426,B,-,tgt_sh 6.5%; team att 31.0; opp DvP 1.01; RZ tgt 0; car_sh 43.3%; team rush 26.4; opp d_ypc 0.97; inside-10 car 2,1.0,PLAYED (final score in nflverse)
Saquon Barkley,PHI,LA,RB,LA@PHI,first_td,0.07559492285492285,1223.0,0.24695,0.1426,B,-,tgt_sh 6.5%; team att 31.0; opp DvP 1.01; RZ tgt 0; car_sh 43.3%; team rush 26.4; opp d_ypc 0.97; inside-10 car 2,1.0,PLAYED (final score in nflverse)
Saquon Barkley,PHI,LA,RB,LA@PHI,last_td,0.07559492285492285,1223.0,0.24695,0.1426,B,-,tgt_sh 6.5%; team att 31.0; opp DvP 1.01; RZ tgt 0; car_sh 43.3%; team rush 26.4; opp d_ypc 0.97; inside-10 car 2,1.0,PLAYED (final score in nflverse)
Saquon Barkley,PHI,LA,RB,LA@PHI,2plus_td,0.0576,1636.0,0.24695,0.1426,B,-,tgt_sh 6.5%; team att 31.0; opp DvP 1.01; RZ tgt 0; car_sh 43.3%; team rush 26.4; opp d_ypc 0.97; inside-10 car 2,1.0,PLAYED (final score in nflverse)
Tank Bigsby,PHI,LA,RB,LA@PHI,anytime_td,0.1817132059626286,450.0,0.1531072853243754,0.045402057526768846,B,no game designation yet (Full),car_sh 22.7%; team rush 26.4; opp d_ypc 0.97; inside-10 car 3,0.9508674235277402,PLAYED (final score in nflverse)
Tank Bigsby,PHI,LA,RB,LA@PHI,first_td,0.038796266107047124,2478.0,0.1531072853243754,0.045402057526768846,B,no game designation yet (Full),car_sh 22.7%; team rush 26.4; opp d_ypc 0.97; inside-10 car 3,0.9508674235277402,PLAYED (final score in nflverse)
Tank Bigsby,PHI,LA,RB,LA@PHI,last_td,0.038796266107047124,2478.0,0.1531072853243754,0.045402057526768846,B,no game designation yet (Full),car_sh 22.7%; team rush 26.4; opp d_ypc 0.97; inside-10 car 3,0.9508674235277402,PLAYED (final score in nflverse)
Tank Bigsby,PHI,LA,RB,LA@PHI,2plus_td,0.015746378332983414,6251.0,0.1531072853243754,0.045402057526768846,B,no game designation yet (Full),car_sh 22.7%; team rush 26.4; opp d_ypc 0.97; inside-10 car 3,0.9508674235277402,PLAYED (final score in nflverse)
Darius Cooper,PHI,LA,WR,LA@PHI,anytime_td,0.2846623185356617,251.0,0.0,0.33389438249526615,C,no game designation yet (Full),tgt_sh 4.9%; team att 31.0; opp DvP 1.05; RZ tgt 4,0.9479829842591244,PLAYED (final score in nflverse)
Darius Cooper,PHI,LA,WR,LA@PHI,first_td,0.0644430714807319,1452.0,0.0,0.33389438249526615,C,no game designation yet (Full),tgt_sh 4.9%; team att 31.0; opp DvP 1.05; RZ tgt 4,0.9479829842591244,PLAYED (final score in nflverse)
Darius Cooper,PHI,LA,WR,LA@PHI,last_td,0.0644430714807319,1452.0,0.0,0.33389438249526615,C,no game designation yet (Full),tgt_sh 4.9%; team att 31.0; opp DvP 1.05; RZ tgt 4,0.9479829842591244,PLAYED (final score in nflverse)
Darius Cooper,PHI,LA,WR,LA@PHI,2plus_td,0.044656006732589945,2139.0,0.0,0.33389438249526615,C,no game designation yet (Full),tgt_sh 4.9%; team att 31.0; opp DvP 1.05; RZ tgt 4,0.9479829842591244,PLAYED (final score in nflverse)
Zach Ertz,PHI,LA,TE,LA@PHI,anytime_td,0.2504,299.0,0.0,0.2823,C,-,tgt_sh 12.0%; team att 31.0; opp DvP 0.85; RZ tgt 1,1.0,PLAYED (final score in nflverse)
Zach Ertz,PHI,LA,TE,LA@PHI,first_td,0.05508790376290376,1715.0,0.0,0.2823,C,-,tgt_sh 12.0%; team att 31.0; opp DvP 0.85; RZ tgt 1,1.0,PLAYED (final score in nflverse)
Zach Ertz,PHI,LA,TE,LA@PHI,last_td,0.05508790376290376,1715.0,0.0,0.2823,C,-,tgt_sh 12.0%; team att 31.0; opp DvP 0.85; RZ tgt 1,1.0,PLAYED (final score in nflverse)
Zach Ertz,PHI,LA,TE,LA@PHI,2plus_td,0.0297,3267.0,0.0,0.2823,C,-,tgt_sh 12.0%; team att 31.0; opp DvP 0.85; RZ tgt 1,1.0,PLAYED (final score in nflverse)
Makai Lemon,PHI,LA,WR,LA@PHI,anytime_td,0.24395,310.0,0.00385,0.2726,C,-,tgt_sh 12.1%; team att 31.0; opp DvP 1.05; RZ tgt 0,1.0,PLAYED (final score in nflverse)
Makai Lemon,PHI,LA,WR,LA@PHI,first_td,0.05305889721389722,1785.0,0.00385,0.2726,C,-,tgt_sh 12.1%; team att 31.0; opp DvP 1.05; RZ tgt 0,1.0,PLAYED (final score in nflverse)
Makai Lemon,PHI,LA,WR,LA@PHI,last_td,0.05305889721389722,1785.0,0.00385,0.2726,C,-,tgt_sh 12.1%; team att 31.0; opp DvP 1.05; RZ tgt 0,1.0,PLAYED (final score in nflverse)
Makai Lemon,PHI,LA,WR,LA@PHI,2plus_td,0.0299,3244.0,0.00385,0.2726,C,-,tgt_sh 12.1%; team att 31.0; opp DvP 1.05; RZ tgt 0,1.0,PLAYED (final score in nflverse)
Johnny Mundt,PHI,LA,TE,LA@PHI,anytime_td,0.05,1900.0,0.0,0.0509,C,-,w_td 0.02; team TD 2.34,1.0,PLAYED (final score in nflverse)
Johnny Mundt,PHI,LA,TE,LA@PHI,first_td,0.009783043484293484,10122.0,0.0,0.0509,C,-,w_td 0.02; team TD 2.34,1.0,PLAYED (final score in nflverse)
Johnny Mundt,PHI,LA,TE,LA@PHI,last_td,0.009783043484293484,10122.0,0.0,0.0509,C,-,w_td 0.02; team TD 2.34,1.0,PLAYED (final score in nflverse)
Johnny Mundt,PHI,LA,TE,LA@PHI,2plus_td,0.0009,111011.0,0.0,0.0509,C,-,w_td 0.02; team TD 2.34,1.0,PLAYED (final score in nflverse)
Will Shipley,PHI,LA,RB,LA@PHI,anytime_td,0.14064224523046198,611.0,0.07520891364902507,0.07547169811320754,B,no game designation yet (Full),tgt_sh 3.5%; team att 31.0; opp DvP 1.01; RZ tgt 0; car_sh 10.2%; team rush 26.4; opp d_ypc 0.97; inside-10 car 2,0.9508674235277402,PLAYED (final score in nflverse)
Will Shipley,PHI,LA,RB,LA@PHI,first_td,0.028980392691172106,3351.0,0.07520891364902507,0.07547169811320754,B,no game designation yet (Full),tgt_sh 3.5%; team att 31.0; opp DvP 1.01; RZ tgt 0; car_sh 10.2%; team rush 26.4; opp d_ypc 0.97; inside-10 car 2,0.9508674235277402,PLAYED (final score in nflverse)
Will Shipley,PHI,LA,RB,LA@PHI,last_td,0.028980392691172106,3351.0,0.07520891364902507,0.07547169811320754,B,no game designation yet (Full),tgt_sh 3.5%; team att 31.0; opp DvP 1.01; RZ tgt 0; car_sh 10.2%; team rush 26.4; opp d_ypc 0.97; inside-10 car 2,0.9508674235277402,PLAYED (final score in nflverse)
Will Shipley,PHI,LA,RB,LA@PHI,2plus_td,0.009775582067588164,10130.0,0.07520891364902507,0.07547169811320754,B,no game designation yet (Full),tgt_sh 3.5%; team att 31.0; opp DvP 1.01; RZ tgt 0; car_sh 10.2%; team rush 26.4; opp d_ypc 0.97; inside-10 car 2,0.9508674235277402,PLAYED (final score in nflverse)
Dontayvion Wicks,PHI,LA,WR,LA@PHI,anytime_td,0.4143,141.0,0.0,0.51805,B,-,tgt_sh 13.5%; team att 31.0; opp DvP 1.05; RZ tgt 4,1.0,PLAYED (final score in nflverse)
Dontayvion Wicks,PHI,LA,WR,LA@PHI,first_td,0.1010702577977578,889.0,0.0,0.51805,B,-,tgt_sh 13.5%; team att 31.0; opp DvP 1.05; RZ tgt 4,1.0,PLAYED (final score in nflverse)
Dontayvion Wicks,PHI,LA,WR,LA@PHI,last_td,0.1010702577977578,889.0,0.0,0.51805,B,-,tgt_sh 13.5%; team att 31.0; opp DvP 1.05; RZ tgt 4,1.0,PLAYED (final score in nflverse)
Dontayvion Wicks,PHI,LA,WR,LA@PHI,2plus_td,0.09035,1007.0,0.0,0.51805,B,-,tgt_sh 13.5%; team att 31.0; opp DvP 1.05; RZ tgt 4,1.0,PLAYED (final score in nflverse)
Jordan Love,GB,TB,QB,GB@TB,anytime_td,0.0252,3868.0,0.02545,0.0,B,-,team att 37.3; ypa 6.83; opp d_ypa 0.98; pass rate 65.9%,1.0,PLAYED (final score in nflverse)
Jordan Love,GB,TB,QB,GB@TB,first_td,0.00536211038961039,18549.0,0.02545,0.0,B,-,team att 37.3; ypa 6.83; opp d_ypa 0.98; pass rate 65.9%,1.0,PLAYED (final score in nflverse)
Jordan Love,GB,TB,QB,GB@TB,last_td,0.00536211038961039,18549.0,0.02545,0.0,B,-,team att 37.3; ypa 6.83; opp d_ypa 0.98; pass rate 65.9%,1.0,PLAYED (final score in nflverse)
Jordan Love,GB,TB,QB,GB@TB,2plus_td,0.00025,399900.0,0.02545,0.0,B,-,team att 37.3; ypa 6.83; opp d_ypa 0.98; pass rate 65.9%,1.0,PLAYED (final score in nflverse)
Chris Brooks,GB,TB,RB,GB@TB,anytime_td,0.13125,662.0,0.0889,0.05095,B,-,tgt_sh 3.4%; team att 37.3; opp DvP 1.13; RZ tgt 0; car_sh 16.0%; team rush 20.4; opp d_ypc 0.88; inside-10 car 4,1.0,PLAYED (final score in nflverse)
Chris Brooks,GB,TB,RB,GB@TB,first_td,0.02912464466089466,3334.0,0.0889,0.05095,B,-,tgt_sh 3.4%; team att 37.3; opp DvP 1.13; RZ tgt 0; car_sh 16.0%; team rush 20.4; opp d_ypc 0.88; inside-10 car 4,1.0,PLAYED (final score in nflverse)
Chris Brooks,GB,TB,RB,GB@TB,last_td,0.02912464466089466,3334.0,0.0889,0.05095,B,-,tgt_sh 3.4%; team att 37.3; opp DvP 1.13; RZ tgt 0; car_sh 16.0%; team rush 20.4; opp d_ypc 0.88; inside-10 car 4,1.0,PLAYED (final score in nflverse)
Chris Brooks,GB,TB,RB,GB@TB,2plus_td,0.00835,11876.0,0.0889,0.05095,B,-,tgt_sh 3.4%; team att 37.3; opp DvP 1.13; RZ tgt 0; car_sh 16.0%; team rush 20.4; opp d_ypc 0.88; inside-10 car 4,1.0,PLAYED (final score in nflverse)
Matthew Golden,GB,TB,WR,GB@TB,anytime_td,0.32405,209.0,0.0023,0.38365,B,-,tgt_sh 18.8%; team att 37.3; opp DvP 1.00; RZ tgt 5,1.0,PLAYED (final score in nflverse)
Matthew Golden,GB,TB,WR,GB@TB,first_td,0.07930790459540459,1161.0,0.0023,0.38365,B,-,tgt_sh 18.8%; team att 37.3; opp DvP 1.00; RZ tgt 5,1.0,PLAYED (final score in nflverse)
Matthew Golden,GB,TB,WR,GB@TB,last_td,0.07930790459540459,1161.0,0.0023,0.38365,B,-,tgt_sh 18.8%; team att 37.3; opp DvP 1.00; RZ tgt 5,1.0,PLAYED (final score in nflverse)
Matthew Golden,GB,TB,WR,GB@TB,2plus_td,0.0555,1702.0,0.0023,0.38365,B,-,tgt_sh 18.8%; team att 37.3; opp DvP 1.00; RZ tgt 5,1.0,PLAYED (final score in nflverse)
Kaleb Johnson,GB,TB,RB,GB@TB,anytime_td,0.11405,777.0,0.10125,0.0187,B,-,car_sh 25.3%; team rush 20.4; opp d_ypc 0.88; inside-10 car 2,1.0,PLAYED (final score in nflverse)
Kaleb Johnson,GB,TB,RB,GB@TB,first_td,0.025177154234654234,3872.0,0.10125,0.0187,B,-,car_sh 25.3%; team rush 20.4; opp d_ypc 0.88; inside-10 car 2,1.0,PLAYED (final score in nflverse)
Kaleb Johnson,GB,TB,RB,GB@TB,last_td,0.025177154234654234,3872.0,0.10125,0.0187,B,-,car_sh 25.3%; team rush 20.4; opp d_ypc 0.88; inside-10 car 2,1.0,PLAYED (final score in nflverse)
Kaleb Johnson,GB,TB,RB,GB@TB,2plus_td,0.0057,17444.0,0.10125,0.0187,B,-,car_sh 25.3%; team rush 20.4; opp d_ypc 0.88; inside-10 car 2,1.0,PLAYED (final score in nflverse)
Tucker Kraft,GB,TB,TE,GB@TB,anytime_td,0.2961,238.0,0.00995,0.33215,B,-,tgt_sh 18.3%; team att 37.3; opp DvP 0.92; RZ tgt 4,1.0,PLAYED (final score in nflverse)
Tucker Kraft,GB,TB,TE,GB@TB,first_td,0.07118813061938062,1305.0,0.00995,0.33215,B,-,tgt_sh 18.3%; team att 37.3; opp DvP 0.92; RZ tgt 4,1.0,PLAYED (final score in nflverse)
Tucker Kraft,GB,TB,TE,GB@TB,last_td,0.07118813061938062,1305.0,0.00995,0.33215,B,-,tgt_sh 18.3%; team att 37.3; opp DvP 0.92; RZ tgt 4,1.0,PLAYED (final score in nflverse)
Tucker Kraft,GB,TB,TE,GB@TB,2plus_td,0.0422,2270.0,0.00995,0.33215,B,-,tgt_sh 18.3%; team att 37.3; opp DvP 0.92; RZ tgt 4,1.0,PLAYED (final score in nflverse)
MarShawn Lloyd,GB,TB,RB,GB@TB,anytime_td,0.31425,218.0,0.19595,0.17365,B,-,tgt_sh 6.3%; team att 37.3; opp DvP 1.13; RZ tgt 3; car_sh 46.4%; team rush 20.4; opp d_ypc 0.88; inside-10 car 5,1.0,PLAYED (final score in nflverse)
MarShawn Lloyd,GB,TB,RB,GB@TB,first_td,0.07708784021534021,1197.0,0.19595,0.17365,B,-,tgt_sh 6.3%; team att 37.3; opp DvP 1.13; RZ tgt 3; car_sh 46.4%; team rush 20.4; opp d_ypc 0.88; inside-10 car 5,1.0,PLAYED (final score in nflverse)
MarShawn Lloyd,GB,TB,RB,GB@TB,last_td,0.07708784021534021,1197.0,0.19595,0.17365,B,-,tgt_sh 6.3%; team att 37.3; opp DvP 1.13; RZ tgt 3; car_sh 46.4%; team rush 20.4; opp d_ypc 0.88; inside-10 car 5,1.0,PLAYED (final score in nflverse)
MarShawn Lloyd,GB,TB,RB,GB@TB,2plus_td,0.05,1900.0,0.19595,0.17365,B,-,tgt_sh 6.3%; team att 37.3; opp DvP 1.13; RZ tgt 3; car_sh 46.4%; team rush 20.4; opp d_ypc 0.88; inside-10 car 5,1.0,PLAYED (final score in nflverse)
Bo Melton,GB,TB,WR,GB@TB,anytime_td,0.04435,2155.0,0.0,0.0453,C,-,w_td 0.02; team TD 2.24,1.0,PLAYED (final score in nflverse)
Bo Melton,GB,TB,WR,GB@TB,first_td,0.009356986485736485,10587.0,0.0,0.0453,C,-,w_td 0.02; team TD 2.24,1.0,PLAYED (final score in nflverse)
Bo Melton,GB,TB,WR,GB@TB,last_td,0.009356986485736485,10587.0,0.0,0.0453,C,-,w_td 0.02; team TD 2.24,1.0,PLAYED (final score in nflverse)
Bo Melton,GB,TB,WR,GB@TB,2plus_td,0.00095,105163.0,0.0,0.0453,C,-,w_td 0.02; team TD 2.24,1.0,PLAYED (final score in nflverse)
J. Michael Sturdivant,GB,TB,WR,GB@TB,anytime_td,0.0357,2701.0,0.0,0.0365,C,-,w_td 0.02; team TD 2.24,1.0,PLAYED (final score in nflverse)
J. Michael Sturdivant,GB,TB,WR,GB@TB,first_td,0.00752859126984127,13183.0,0.0,0.0365,C,-,w_td 0.02; team TD 2.24,1.0,PLAYED (final score in nflverse)
J. Michael Sturdivant,GB,TB,WR,GB@TB,last_td,0.00752859126984127,13183.0,0.0,0.0365,C,-,w_td 0.02; team TD 2.24,1.0,PLAYED (final score in nflverse)
J. Michael Sturdivant,GB,TB,WR,GB@TB,2plus_td,0.0008,124900.0,0.0,0.0365,C,-,w_td 0.02; team TD 2.24,1.0,PLAYED (final score in nflverse)
Skyy Moore,GB,TB,WR,GB@TB,anytime_td,0.1765,467.0,0.0,0.19325,C,-,tgt_sh 6.7%; team att 37.3; opp DvP 1.00; RZ tgt 4,1.0,PLAYED (final score in nflverse)
Skyy Moore,GB,TB,WR,GB@TB,first_td,0.04004287212787212,2397.0,0.0,0.19325,C,-,tgt_sh 6.7%; team att 37.3; opp DvP 1.00; RZ tgt 4,1.0,PLAYED (final score in nflverse)
Skyy Moore,GB,TB,WR,GB@TB,last_td,0.04004287212787212,2397.0,0.0,0.19325,C,-,tgt_sh 6.7%; team att 37.3; opp DvP 1.00; RZ tgt 4,1.0,PLAYED (final score in nflverse)
Skyy Moore,GB,TB,WR,GB@TB,2plus_td,0.0157,6269.0,0.0,0.19325,C,-,tgt_sh 6.7%; team att 37.3; opp DvP 1.00; RZ tgt 4,1.0,PLAYED (final score in nflverse)
Mark Redman,GB,TB,TE,GB@TB,anytime_td,0.02,4900.0,0.0,0.02015,C,-,w_td 0.01; team TD 2.24,1.0,PLAYED (final score in nflverse)
Mark Redman,GB,TB,TE,GB@TB,first_td,0.004200456349206349,23707.0,0.0,0.02015,C,-,w_td 0.01; team TD 2.24,1.0,PLAYED (final score in nflverse)
Mark Redman,GB,TB,TE,GB@TB,last_td,0.004200456349206349,23707.0,0.0,0.02015,C,-,w_td 0.01; team TD 2.24,1.0,PLAYED (final score in nflverse)
Mark Redman,GB,TB,TE,GB@TB,2plus_td,0.00015,666567.0,0.0,0.02015,C,-,w_td 0.01; team TD 2.24,1.0,PLAYED (final score in nflverse)
Jonnu Smith,GB,TB,TE,GB@TB,anytime_td,0.09855,915.0,0.0,0.10275,C,-,tgt_sh 6.0%; team att 37.3; opp DvP 0.92; RZ tgt 1,1.0,PLAYED (final score in nflverse)
Jonnu Smith,GB,TB,TE,GB@TB,first_td,0.02145960137085137,4560.0,0.0,0.10275,C,-,tgt_sh 6.0%; team att 37.3; opp DvP 0.92; RZ tgt 1,1.0,PLAYED (final score in nflverse)
Jonnu Smith,GB,TB,TE,GB@TB,last_td,0.02145960137085137,4560.0,0.0,0.10275,C,-,tgt_sh 6.0%; team att 37.3; opp DvP 0.92; RZ tgt 1,1.0,PLAYED (final score in nflverse)
Jonnu Smith,GB,TB,TE,GB@TB,2plus_td,0.0041,24290.0,0.0,0.10275,C,-,tgt_sh 6.0%; team att 37.3; opp DvP 0.92; RZ tgt 1,1.0,PLAYED (final score in nflverse)
Christian Watson,GB,TB,WR,GB@TB,anytime_td,0.37415,167.0,0.0,0.45725,B,-,tgt_sh 20.2%; team att 37.3; opp DvP 1.00; RZ tgt 7,1.0,PLAYED (final score in nflverse)
Christian Watson,GB,TB,WR,GB@TB,first_td,0.09547222263847263,947.0,0.0,0.45725,B,-,tgt_sh 20.2%; team att 37.3; opp DvP 1.00; RZ tgt 7,1.0,PLAYED (final score in nflverse)
Christian Watson,GB,TB,WR,GB@TB,last_td,0.09547222263847263,947.0,0.0,0.45725,B,-,tgt_sh 20.2%; team att 37.3; opp DvP 1.00; RZ tgt 7,1.0,PLAYED (final score in nflverse)
Christian Watson,GB,TB,WR,GB@TB,2plus_td,0.073,1270.0,0.0,0.45725,B,-,tgt_sh 20.2%; team att 37.3; opp DvP 1.00; RZ tgt 7,1.0,PLAYED (final score in nflverse)
Jalon Daniels,TB,GB,QB,GB@TB,anytime_td,0.1342,645.0,0.1426,0.0,C,-,team att 32.3; ypa 6.53; opp d_ypa 0.98; pass rate 58.4%,1.0,PLAYED (final score in nflverse)
Jalon Daniels,TB,GB,QB,GB@TB,first_td,0.03006225885225885,3226.0,0.1426,0.0,C,-,team att 32.3; ypa 6.53; opp d_ypa 0.98; pass rate 58.4%,1.0,PLAYED (final score in nflverse)
Jalon Daniels,TB,GB,QB,GB@TB,last_td,0.03006225885225885,3226.0,0.1426,0.0,C,-,team att 32.3; ypa 6.53; opp d_ypa 0.98; pass rate 58.4%,1.0,PLAYED (final score in nflverse)
Jalon Daniels,TB,GB,QB,GB@TB,2plus_td,0.00805,12322.0,0.1426,0.0,C,-,team att 32.3; ypa 6.53; opp d_ypa 0.98; pass rate 58.4%,1.0,PLAYED (final score in nflverse)
Emeka Egbuka,TB,GB,WR,GB@TB,anytime_td,0.23695,322.0,0.00835,0.2608,B,-,tgt_sh 20.2%; team att 32.3; opp DvP 0.90; RZ tgt 3,1.0,PLAYED (final score in nflverse)
Emeka Egbuka,TB,GB,WR,GB@TB,first_td,0.05507294427794427,1716.0,0.00835,0.2608,B,-,tgt_sh 20.2%; team att 32.3; opp DvP 0.90; RZ tgt 3,1.0,PLAYED (final score in nflverse)
Emeka Egbuka,TB,GB,WR,GB@TB,last_td,0.05507294427794427,1716.0,0.00835,0.2608,B,-,tgt_sh 20.2%; team att 32.3; opp DvP 0.90; RZ tgt 3,1.0,PLAYED (final score in nflverse)
Emeka Egbuka,TB,GB,WR,GB@TB,2plus_td,0.02975,3261.0,0.00835,0.2608,B,-,tgt_sh 20.2%; team att 32.3; opp DvP 0.90; RZ tgt 3,1.0,PLAYED (final score in nflverse)
Kenny Gainwell,TB,GB,RB,GB@TB,anytime_td,0.2604,284.0,0.1488,0.1494,B,-,tgt_sh 9.1%; team att 32.3; opp DvP 0.93; RZ tgt 3; car_sh 14.9%; team rush 25.8; opp d_ypc 1.00; inside-10 car 0,1.0,PLAYED (final score in nflverse)
Kenny Gainwell,TB,GB,RB,GB@TB,first_td,0.06212172133422133,1510.0,0.1488,0.1494,B,-,tgt_sh 9.1%; team att 32.3; opp DvP 0.93; RZ tgt 3; car_sh 14.9%; team rush 25.8; opp d_ypc 1.00; inside-10 car 0,1.0,PLAYED (final score in nflverse)
Kenny Gainwell,TB,GB,RB,GB@TB,last_td,0.06212172133422133,1510.0,0.1488,0.1494,B,-,tgt_sh 9.1%; team att 32.3; opp DvP 0.93; RZ tgt 3; car_sh 14.9%; team rush 25.8; opp d_ypc 1.00; inside-10 car 0,1.0,PLAYED (final score in nflverse)
Kenny Gainwell,TB,GB,RB,GB@TB,2plus_td,0.0345,2799.0,0.1488,0.1494,B,-,tgt_sh 9.1%; team att 32.3; opp DvP 0.93; RZ tgt 3; car_sh 14.9%; team rush 25.8; opp d_ypc 1.00; inside-10 car 0,1.0,PLAYED (final score in nflverse)
Chris Godwin Jr.,TB,GB,WR,GB@TB,anytime_td,0.14364058215566336,596.0,0.011020881670533642,0.14316599873444422,C,no game designation yet (Full),tgt_sh 15.2%; team att 32.3; opp DvP 0.90; RZ tgt 0,0.9479829842591244,PLAYED (final score in nflverse)
Chris Godwin Jr.,TB,GB,WR,GB@TB,first_td,0.03198927630877641,3026.0,0.011020881670533642,0.14316599873444422,C,no game designation yet (Full),tgt_sh 15.2%; team att 32.3; opp DvP 0.90; RZ tgt 0,0.9479829842591244,PLAYED (final score in nflverse)
Chris Godwin Jr.,TB,GB,WR,GB@TB,last_td,0.03198927630877641,3026.0,0.011020881670533642,0.14316599873444422,C,no game designation yet (Full),tgt_sh 15.2%; team att 32.3; opp DvP 0.90; RZ tgt 0,0.9479829842591244,PLAYED (final score in nflverse)
Chris Godwin Jr.,TB,GB,WR,GB@TB,2plus_td,0.009966251845602193,9934.0,0.011020881670533642,0.14316599873444422,C,no game designation yet (Full),tgt_sh 15.2%; team att 32.3; opp DvP 0.90; RZ tgt 0,0.9479829842591244,PLAYED (final score in nflverse)
Ted Hurst III,TB,GB,WR,GB@TB,anytime_td,0.1461,584.0,0.0,0.15655,C,-,tgt_sh 12.1%; team att 32.3; opp DvP 0.90; RZ tgt 2,1.0,PLAYED (final score in nflverse)
Ted Hurst III,TB,GB,WR,GB@TB,first_td,0.03209082486957487,3016.0,0.0,0.15655,C,-,tgt_sh 12.1%; team att 32.3; opp DvP 0.90; RZ tgt 2,1.0,PLAYED (final score in nflverse)
Ted Hurst III,TB,GB,WR,GB@TB,last_td,0.03209082486957487,3016.0,0.0,0.15655,C,-,tgt_sh 12.1%; team att 32.3; opp DvP 0.90; RZ tgt 2,1.0,PLAYED (final score in nflverse)
Ted Hurst III,TB,GB,WR,GB@TB,2plus_td,0.01005,9850.0,0.0,0.15655,C,-,tgt_sh 12.1%; team att 32.3; opp DvP 0.90; RZ tgt 2,1.0,PLAYED (final score in nflverse)
Bucky Irving,TB,GB,RB,GB@TB,anytime_td,0.5369046367364104,-116.0,0.5417937125433708,0.1896225423194196,B,no game designation yet (Full),tgt_sh 10.6%; team att 32.3; opp DvP 0.93; RZ tgt 4; car_sh 52.9%; team rush 25.8; opp d_ypc 1.00; inside-10 car 1,0.9508674235277402,PLAYED (final score in nflverse)
Bucky Irving,TB,GB,RB,GB@TB,first_td,0.1543464960955235,548.0,0.5417937125433708,0.1896225423194196,B,no game designation yet (Full),tgt_sh 10.6%; team att 32.3; opp DvP 0.93; RZ tgt 4; car_sh 52.9%; team rush 25.8; opp d_ypc 1.00; inside-10 car 1,0.9508674235277402,PLAYED (final score in nflverse)
Bucky Irving,TB,GB,RB,GB@TB,last_td,0.1543464960955235,548.0,0.5417937125433708,0.1896225423194196,B,no game designation yet (Full),tgt_sh 10.6%; team att 32.3; opp DvP 0.93; RZ tgt 4; car_sh 52.9%; team rush 25.8; opp d_ypc 1.00; inside-10 car 1,0.9508674235277402,PLAYED (final score in nflverse)
Bucky Irving,TB,GB,RB,GB@TB,2plus_td,0.16044579960046262,523.0,0.5417937125433708,0.1896225423194196,B,no game designation yet (Full),tgt_sh 10.6%; team att 32.3; opp DvP 0.93; RZ tgt 4; car_sh 52.9%; team rush 25.8; opp d_ypc 1.00; inside-10 car 1,0.9508674235277402,PLAYED (final score in nflverse)
Kameron Johnson,TB,GB,WR,GB@TB,anytime_td,0.01865,5262.0,0.0,0.01875,C,-,w_td 0.02; team TD 2.31,1.0,PLAYED (final score in nflverse)
Kameron Johnson,TB,GB,WR,GB@TB,first_td,0.003803335137085137,26193.0,0.0,0.01875,C,-,w_td 0.02; team TD 2.31,1.0,PLAYED (final score in nflverse)
Kameron Johnson,TB,GB,WR,GB@TB,last_td,0.003803335137085137,26193.0,0.0,0.01875,C,-,w_td 0.02; team TD 2.31,1.0,PLAYED (final score in nflverse)
Kameron Johnson,TB,GB,WR,GB@TB,2plus_td,0.0001,999900.0,0.0,0.01875,C,-,w_td 0.02; team TD 2.31,1.0,PLAYED (final score in nflverse)
Tez Johnson,TB,GB,WR,GB@TB,anytime_td,0.11425,775.0,0.01195,0.10765,C,-,tgt_sh 6.8%; team att 32.3; opp DvP 0.90; RZ tgt 2,1.0,PLAYED (final score in nflverse)
Tez Johnson,TB,GB,WR,GB@TB,first_td,0.024686057553557555,3951.0,0.01195,0.10765,C,-,tgt_sh 6.8%; team att 32.3; opp DvP 0.90; RZ tgt 2,1.0,PLAYED (final score in nflverse)
Tez Johnson,TB,GB,WR,GB@TB,last_td,0.024686057553557555,3951.0,0.01195,0.10765,C,-,tgt_sh 6.8%; team att 32.3; opp DvP 0.90; RZ tgt 2,1.0,PLAYED (final score in nflverse)
Tez Johnson,TB,GB,WR,GB@TB,2plus_td,0.00525,18948.0,0.01195,0.10765,C,-,tgt_sh 6.8%; team att 32.3; opp DvP 0.90; RZ tgt 2,1.0,PLAYED (final score in nflverse)
Cade Otton,TB,GB,TE,GB@TB,anytime_td,0.2179,359.0,0.0,0.24325,B,-,tgt_sh 18.5%; team att 32.3; opp DvP 1.10; RZ tgt 2,1.0,PLAYED (final score in nflverse)
Cade Otton,TB,GB,TE,GB@TB,first_td,0.049785373792873795,1909.0,0.0,0.24325,B,-,tgt_sh 18.5%; team att 32.3; opp DvP 1.10; RZ tgt 2,1.0,PLAYED (final score in nflverse)
Cade Otton,TB,GB,TE,GB@TB,last_td,0.049785373792873795,1909.0,0.0,0.24325,B,-,tgt_sh 18.5%; team att 32.3; opp DvP 1.10; RZ tgt 2,1.0,PLAYED (final score in nflverse)
Cade Otton,TB,GB,TE,GB@TB,2plus_td,0.02395,4075.0,0.0,0.24325,B,-,tgt_sh 18.5%; team att 32.3; opp DvP 1.10; RZ tgt 2,1.0,PLAYED (final score in nflverse)
Sean Tucker,TB,GB,RB,GB@TB,anytime_td,0.09525,950.0,0.0915,0.0085,C,-,w_td 0.09; team TD 2.31,1.0,PLAYED (final score in nflverse)
Sean Tucker,TB,GB,RB,GB@TB,first_td,0.020703069985569988,4730.0,0.0915,0.0085,C,-,w_td 0.09; team TD 2.31,1.0,PLAYED (final score in nflverse)
Sean Tucker,TB,GB,RB,GB@TB,last_td,0.020703069985569988,4730.0,0.0915,0.0085,C,-,w_td 0.09; team TD 2.31,1.0,PLAYED (final score in nflverse)
Sean Tucker,TB,GB,RB,GB@TB,2plus_td,0.00455,21878.0,0.0915,0.0085,C,-,w_td 0.09; team TD 2.31,1.0,PLAYED (final score in nflverse)
Malik Willis,MIA,MIN,QB,MIA@MIN,anytime_td,0.1141,776.0,0.1214,0.0,B,-,team att 29.7; ypa 6.95; opp d_ypa 0.97; pass rate 56.7%,1.0,PLAYED (final score in nflverse)
Malik Willis,MIA,MIN,QB,MIA@MIN,first_td,0.030836194083694084,3143.0,0.1214,0.0,B,-,team att 29.7; ypa 6.95; opp d_ypa 0.97; pass rate 56.7%,1.0,PLAYED (final score in nflverse)
Malik Willis,MIA,MIN,QB,MIA@MIN,last_td,0.030836194083694084,3143.0,0.1214,0.0,B,-,team att 29.7; ypa 6.95; opp d_ypa 0.97; pass rate 56.7%,1.0,PLAYED (final score in nflverse)
Malik Willis,MIA,MIN,QB,MIA@MIN,2plus_td,0.007,14186.0,0.1214,0.0,B,-,team att 29.7; ypa 6.95; opp d_ypa 0.97; pass rate 56.7%,1.0,PLAYED (final score in nflverse)
Chris Bell,MIA,MIN,WR,MIA@MIN,anytime_td,0.1078684891023273,827.0,0.0,0.11362077154467254,C,no game designation yet (Full),tgt_sh 11.8%; team att 29.7; opp DvP 0.88; RZ tgt 0,0.9479829842591244,PLAYED (final score in nflverse)
Chris Bell,MIA,MIN,WR,MIA@MIN,first_td,0.028811760008656942,3371.0,0.0,0.11362077154467254,C,no game designation yet (Full),tgt_sh 11.8%; team att 29.7; opp DvP 0.88; RZ tgt 0,0.9479829842591244,PLAYED (final score in nflverse)
Chris Bell,MIA,MIN,WR,MIA@MIN,last_td,0.028811760008656942,3371.0,0.0,0.11362077154467254,C,no game designation yet (Full),tgt_sh 11.8%; team att 29.7; opp DvP 0.88; RZ tgt 0,0.9479829842591244,PLAYED (final score in nflverse)
Chris Bell,MIA,MIN,WR,MIA@MIN,2plus_td,0.00564673597551322,17609.0,0.0,0.11362077154467254,C,no game designation yet (Full),tgt_sh 11.8%; team att 29.7; opp DvP 0.88; RZ tgt 0,0.9479829842591244,PLAYED (final score in nflverse)
Kevin Coleman Jr.,MIA,MIN,WR,MIA@MIN,anytime_td,0.09135,995.0,0.0,0.0954,C,-,tgt_sh 9.4%; team att 29.7; opp DvP 0.88; RZ tgt 0,1.0,PLAYED (final score in nflverse)
Kevin Coleman Jr.,MIA,MIN,WR,MIA@MIN,first_td,0.023695358946608944,4120.0,0.0,0.0954,C,-,tgt_sh 9.4%; team att 29.7; opp DvP 0.88; RZ tgt 0,1.0,PLAYED (final score in nflverse)
Kevin Coleman Jr.,MIA,MIN,WR,MIA@MIN,last_td,0.023695358946608944,4120.0,0.0,0.0954,C,-,tgt_sh 9.4%; team att 29.7; opp DvP 0.88; RZ tgt 0,1.0,PLAYED (final score in nflverse)
Kevin Coleman Jr.,MIA,MIN,WR,MIA@MIN,2plus_td,0.00385,25874.0,0.0,0.0954,C,-,tgt_sh 9.4%; team att 29.7; opp DvP 0.88; RZ tgt 0,1.0,PLAYED (final score in nflverse)
Greg Dulcich,MIA,MIN,TE,MIA@MIN,anytime_td,0.1755,470.0,0.0,0.19095,B,-,tgt_sh 9.6%; team att 29.7; opp DvP 1.14; RZ tgt 2,1.0,PLAYED (final score in nflverse)
Greg Dulcich,MIA,MIN,TE,MIA@MIN,first_td,0.04821497474747474,1974.0,0.0,0.19095,B,-,tgt_sh 9.6%; team att 29.7; opp DvP 1.14; RZ tgt 2,1.0,PLAYED (final score in nflverse)
Greg Dulcich,MIA,MIN,TE,MIA@MIN,last_td,0.04821497474747474,1974.0,0.0,0.19095,B,-,tgt_sh 9.6%; team att 29.7; opp DvP 1.14; RZ tgt 2,1.0,PLAYED (final score in nflverse)
Greg Dulcich,MIA,MIN,TE,MIA@MIN,2plus_td,0.0145,6797.0,0.0,0.19095,B,-,tgt_sh 9.6%; team att 29.7; opp DvP 1.14; RZ tgt 2,1.0,PLAYED (final score in nflverse)
Ollie Gordon II,MIA,MIN,RB,MIA@MIN,anytime_td,0.28245,254.0,0.2868,0.03875,B,-,tgt_sh 3.5%; team att 29.7; opp DvP 1.14; RZ tgt 0; car_sh 24.2%; team rush 25.5; opp d_ypc 1.00; inside-10 car 1,1.0,PLAYED (final score in nflverse)
Ollie Gordon II,MIA,MIN,RB,MIA@MIN,first_td,0.08385489898989898,1093.0,0.2868,0.03875,B,-,tgt_sh 3.5%; team att 29.7; opp DvP 1.14; RZ tgt 0; car_sh 24.2%; team rush 25.5; opp d_ypc 1.00; inside-10 car 1,1.0,PLAYED (final score in nflverse)
Ollie Gordon II,MIA,MIN,RB,MIA@MIN,last_td,0.08385489898989898,1093.0,0.2868,0.03875,B,-,tgt_sh 3.5%; team att 29.7; opp DvP 1.14; RZ tgt 0; car_sh 24.2%; team rush 25.5; opp d_ypc 1.00; inside-10 car 1,1.0,PLAYED (final score in nflverse)
Ollie Gordon II,MIA,MIN,RB,MIA@MIN,2plus_td,0.0387,2484.0,0.2868,0.03875,B,-,tgt_sh 3.5%; team att 29.7; opp DvP 1.14; RZ tgt 0; car_sh 24.2%; team rush 25.5; opp d_ypc 1.00; inside-10 car 1,1.0,PLAYED (final score in nflverse)
DJ Herman,MIA,MIN,RB,MIA@MIN,anytime_td,0.03295,2935.0,0.0049,0.02845,C,-,tgt_sh 2.5%; team att 29.7; opp DvP 1.14; RZ tgt 0,1.0,PLAYED (final score in nflverse)
DJ Herman,MIA,MIN,RB,MIA@MIN,first_td,0.00898218795093795,11033.0,0.0049,0.02845,C,-,tgt_sh 2.5%; team att 29.7; opp DvP 1.14; RZ tgt 0,1.0,PLAYED (final score in nflverse)
DJ Herman,MIA,MIN,RB,MIA@MIN,last_td,0.00898218795093795,11033.0,0.0049,0.02845,C,-,tgt_sh 2.5%; team att 29.7; opp DvP 1.14; RZ tgt 0,1.0,PLAYED (final score in nflverse)
DJ Herman,MIA,MIN,RB,MIA@MIN,2plus_td,0.0004,249900.0,0.0049,0.02845,C,-,tgt_sh 2.5%; team att 29.7; opp DvP 1.14; RZ tgt 0,1.0,PLAYED (final score in nflverse)
Will Kacmarek,MIA,MIN,TE,MIA@MIN,anytime_td,0.03875,2481.0,0.0,0.03945,C,-,tgt_sh 3.4%; team att 29.7; opp DvP 1.14; RZ tgt 0,1.0,PLAYED (final score in nflverse)
Will Kacmarek,MIA,MIN,TE,MIA@MIN,first_td,0.01003385101010101,9866.0,0.0,0.03945,C,-,tgt_sh 3.4%; team att 29.7; opp DvP 1.14; RZ tgt 0,1.0,PLAYED (final score in nflverse)
Will Kacmarek,MIA,MIN,TE,MIA@MIN,last_td,0.01003385101010101,9866.0,0.0,0.03945,C,-,tgt_sh 3.4%; team att 29.7; opp DvP 1.14; RZ tgt 0,1.0,PLAYED (final score in nflverse)
Will Kacmarek,MIA,MIN,TE,MIA@MIN,2plus_td,0.00065,153746.0,0.0,0.03945,C,-,tgt_sh 3.4%; team att 29.7; opp DvP 1.14; RZ tgt 0,1.0,PLAYED (final score in nflverse)
Ryan Miller,MIA,MIN,WR,MIA@MIN,anytime_td,0.0208,4708.0,0.0,0.02095,C,-,w_td 0.02; team TD 1.41,1.0,PLAYED (final score in nflverse)
Ryan Miller,MIA,MIN,WR,MIA@MIN,first_td,0.005294166666666667,18789.0,0.0,0.02095,C,-,w_td 0.02; team TD 1.41,1.0,PLAYED (final score in nflverse)
Ryan Miller,MIA,MIN,WR,MIA@MIN,last_td,0.005294166666666667,18789.0,0.0,0.02095,C,-,w_td 0.02; team TD 1.41,1.0,PLAYED (final score in nflverse)
Ryan Miller,MIA,MIN,WR,MIA@MIN,2plus_td,0.00015,666567.0,0.0,0.02095,C,-,w_td 0.02; team TD 1.41,1.0,PLAYED (final score in nflverse)
Jalen Tolbert,MIA,MIN,WR,MIA@MIN,anytime_td,0.0357,2701.0,0.0,0.03635,C,-,tgt_sh 3.6%; team att 29.7; opp DvP 0.88; RZ tgt 0,1.0,PLAYED (final score in nflverse)
Jalen Tolbert,MIA,MIN,WR,MIA@MIN,first_td,0.00919414862914863,10776.0,0.0,0.03635,C,-,tgt_sh 3.6%; team att 29.7; opp DvP 0.88; RZ tgt 0,1.0,PLAYED (final score in nflverse)
Jalen Tolbert,MIA,MIN,WR,MIA@MIN,last_td,0.00919414862914863,10776.0,0.0,0.03635,C,-,tgt_sh 3.6%; team att 29.7; opp DvP 0.88; RZ tgt 0,1.0,PLAYED (final score in nflverse)
Jalen Tolbert,MIA,MIN,WR,MIA@MIN,2plus_td,0.00065,153746.0,0.0,0.03635,C,-,tgt_sh 3.6%; team att 29.7; opp DvP 0.88; RZ tgt 0,1.0,PLAYED (final score in nflverse)
Malik Washington,MIA,MIN,WR,MIA@MIN,anytime_td,0.22595,343.0,0.02655,0.22725,B,-,tgt_sh 19.8%; team att 29.7; opp DvP 0.88; RZ tgt 1,1.0,PLAYED (final score in nflverse)
Malik Washington,MIA,MIN,WR,MIA@MIN,first_td,0.06323534632034632,1481.0,0.02655,0.22725,B,-,tgt_sh 19.8%; team att 29.7; opp DvP 0.88; RZ tgt 1,1.0,PLAYED (final score in nflverse)
Malik Washington,MIA,MIN,WR,MIA@MIN,last_td,0.06323534632034632,1481.0,0.02655,0.22725,B,-,tgt_sh 19.8%; team att 29.7; opp DvP 0.88; RZ tgt 1,1.0,PLAYED (final score in nflverse)
Malik Washington,MIA,MIN,WR,MIA@MIN,2plus_td,0.02595,3754.0,0.02655,0.22725,B,-,tgt_sh 19.8%; team att 29.7; opp DvP 0.88; RZ tgt 1,1.0,PLAYED (final score in nflverse)
Jaylen Wright,MIA,MIN,RB,MIA@MIN,anytime_td,0.16170837924340206,518.0,0.15903247809433863,0.015530720394564247,C,no game designation yet (Full),car_sh 11.8%; team rush 25.5; opp d_ypc 1.00; inside-10 car 1,0.9508674235277402,PLAYED (final score in nflverse)
Jaylen Wright,MIA,MIN,RB,MIA@MIN,first_td,0.04490203277783948,2127.0,0.15903247809433863,0.015530720394564247,C,no game designation yet (Full),car_sh 11.8%; team rush 25.5; opp d_ypc 1.00; inside-10 car 1,0.9508674235277402,PLAYED (final score in nflverse)
Jaylen Wright,MIA,MIN,RB,MIA@MIN,last_td,0.04490203277783948,2127.0,0.15903247809433863,0.015530720394564247,C,no game designation yet (Full),car_sh 11.8%; team rush 25.5; opp d_ypc 1.00; inside-10 car 1,0.9508674235277402,PLAYED (final score in nflverse)
Jaylen Wright,MIA,MIN,RB,MIA@MIN,2plus_td,0.012172726795739545,8115.0,0.15903247809433863,0.015530720394564247,C,no game designation yet (Full),car_sh 11.8%; team rush 25.5; opp d_ypc 1.00; inside-10 car 1,0.9508674235277402,PLAYED (final score in nflverse)
Kyler Murray,MIN,MIA,QB,MIA@MIN,anytime_td,0.0675,1381.0,0.06955,0.0,B,-,team att 28.8; ypa 7.43; opp d_ypa 1.09; pass rate 51.3%,1.0,PLAYED (final score in nflverse)
Kyler Murray,MIN,MIA,QB,MIA@MIN,first_td,0.017925081168831167,5479.0,0.06955,0.0,B,-,team att 28.8; ypa 7.43; opp d_ypa 1.09; pass rate 51.3%,1.0,PLAYED (final score in nflverse)
Kyler Murray,MIN,MIA,QB,MIA@MIN,last_td,0.017925081168831167,5479.0,0.06955,0.0,B,-,team att 28.8; ypa 7.43; opp d_ypa 1.09; pass rate 51.3%,1.0,PLAYED (final score in nflverse)
Kyler Murray,MIN,MIA,QB,MIA@MIN,2plus_td,0.002,49900.0,0.06955,0.0,B,-,team att 28.8; ypa 7.43; opp d_ypa 1.09; pass rate 51.3%,1.0,PLAYED (final score in nflverse)
Jordan Addison,MIN,MIA,WR,MIA@MIN,anytime_td,0.3234,209.0,0.0066,0.37955,B,-,tgt_sh 16.8%; team att 28.8; opp DvP 0.98; RZ tgt 1,1.0,PLAYED (final score in nflverse)
Jordan Addison,MIN,MIA,WR,MIA@MIN,first_td,0.09938090367965367,906.0,0.0066,0.37955,B,-,tgt_sh 16.8%; team att 28.8; opp DvP 0.98; RZ tgt 1,1.0,PLAYED (final score in nflverse)
Jordan Addison,MIN,MIA,WR,MIA@MIN,last_td,0.09938090367965367,906.0,0.0066,0.37955,B,-,tgt_sh 16.8%; team att 28.8; opp DvP 0.98; RZ tgt 1,1.0,PLAYED (final score in nflverse)
Jordan Addison,MIN,MIA,WR,MIA@MIN,2plus_td,0.0559,1689.0,0.0066,0.37955,B,-,tgt_sh 16.8%; team att 28.8; opp DvP 0.98; RZ tgt 1,1.0,PLAYED (final score in nflverse)
Gavin Bartholomew,MIN,MIA,TE,MIA@MIN,anytime_td,0.01585,6209.0,0.0,0.01595,C,-,w_td 0.01; team TD 2.19,1.0,PLAYED (final score in nflverse)
Gavin Bartholomew,MIN,MIA,TE,MIA@MIN,first_td,0.003968849206349206,25096.0,0.0,0.01595,C,-,w_td 0.01; team TD 2.19,1.0,PLAYED (final score in nflverse)
Gavin Bartholomew,MIN,MIA,TE,MIA@MIN,last_td,0.003968849206349206,25096.0,0.0,0.01595,C,-,w_td 0.01; team TD 2.19,1.0,PLAYED (final score in nflverse)
Gavin Bartholomew,MIN,MIA,TE,MIA@MIN,2plus_td,0.0001,999900.0,0.0,0.01595,C,-,w_td 0.01; team TD 2.19,1.0,PLAYED (final score in nflverse)
Demond Claiborne,MIN,MIA,RB,MIA@MIN,anytime_td,0.076,1216.0,0.0534,0.02585,C,-,w_td 0.05; team TD 2.19,1.0,PLAYED (final score in nflverse)
Demond Claiborne,MIN,MIA,RB,MIA@MIN,first_td,0.02039448593073593,4803.0,0.0534,0.02585,C,-,w_td 0.05; team TD 2.19,1.0,PLAYED (final score in nflverse)
Demond Claiborne,MIN,MIA,RB,MIA@MIN,last_td,0.02039448593073593,4803.0,0.0534,0.02585,C,-,w_td 0.05; team TD 2.19,1.0,PLAYED (final score in nflverse)
Demond Claiborne,MIN,MIA,RB,MIA@MIN,2plus_td,0.00315,31646.0,0.0534,0.02585,C,-,w_td 0.05; team TD 2.19,1.0,PLAYED (final score in nflverse)
DeeJay Dallas,MIN,MIA,RB,MIA@MIN,anytime_td,0.0756,1223.0,0.02675,0.05075,C,-,tgt_sh 2.7%; team att 28.8; opp DvP 0.89; RZ tgt 0,1.0,PLAYED (final score in nflverse)
DeeJay Dallas,MIN,MIA,RB,MIA@MIN,first_td,0.020242027417027415,4840.0,0.02675,0.05075,C,-,tgt_sh 2.7%; team att 28.8; opp DvP 0.89; RZ tgt 0,1.0,PLAYED (final score in nflverse)
DeeJay Dallas,MIN,MIA,RB,MIA@MIN,last_td,0.020242027417027415,4840.0,0.02675,0.05075,C,-,tgt_sh 2.7%; team att 28.8; opp DvP 0.89; RZ tgt 0,1.0,PLAYED (final score in nflverse)
DeeJay Dallas,MIN,MIA,RB,MIA@MIN,2plus_td,0.00185,53954.0,0.02675,0.05075,C,-,tgt_sh 2.7%; team att 28.8; opp DvP 0.89; RZ tgt 0,1.0,PLAYED (final score in nflverse)
Tai Felton,MIN,MIA,WR,MIA@MIN,anytime_td,0.0389,2471.0,0.0,0.03935,C,-,w_td 0.02; team TD 2.19,1.0,PLAYED (final score in nflverse)
Tai Felton,MIN,MIA,WR,MIA@MIN,first_td,0.010155160533910534,9747.0,0.0,0.03935,C,-,w_td 0.02; team TD 2.19,1.0,PLAYED (final score in nflverse)
Tai Felton,MIN,MIA,WR,MIA@MIN,last_td,0.010155160533910534,9747.0,0.0,0.03935,C,-,w_td 0.02; team TD 2.19,1.0,PLAYED (final score in nflverse)
Tai Felton,MIN,MIA,WR,MIA@MIN,2plus_td,0.00045,222122.0,0.0,0.03935,C,-,w_td 0.02; team TD 2.19,1.0,PLAYED (final score in nflverse)
T.J. Hockenson,MIN,MIA,TE,MIA@MIN,anytime_td,0.3716,169.0,0.0,0.4573,B,-,tgt_sh 19.3%; team att 28.8; opp DvP 0.84; RZ tgt 2,1.0,PLAYED (final score in nflverse)
T.J. Hockenson,MIN,MIA,TE,MIA@MIN,first_td,0.11762122294372296,750.0,0.0,0.4573,B,-,tgt_sh 19.3%; team att 28.8; opp DvP 0.84; RZ tgt 2,1.0,PLAYED (final score in nflverse)
T.J. Hockenson,MIN,MIA,TE,MIA@MIN,last_td,0.11762122294372296,750.0,0.0,0.4573,B,-,tgt_sh 19.3%; team att 28.8; opp DvP 0.84; RZ tgt 2,1.0,PLAYED (final score in nflverse)
T.J. Hockenson,MIN,MIA,TE,MIA@MIN,2plus_td,0.0759,1218.0,0.0,0.4573,B,-,tgt_sh 19.3%; team att 28.8; opp DvP 0.84; RZ tgt 2,1.0,PLAYED (final score in nflverse)
Jauan Jennings,MIN,MIA,WR,MIA@MIN,anytime_td,0.1469,581.0,0.0,0.1586,C,-,tgt_sh 8.4%; team att 28.8; opp DvP 0.98; RZ tgt 0,1.0,PLAYED (final score in nflverse)
Jauan Jennings,MIN,MIA,WR,MIA@MIN,first_td,0.041067267316017314,2335.0,0.0,0.1586,C,-,tgt_sh 8.4%; team att 28.8; opp DvP 0.98; RZ tgt 0,1.0,PLAYED (final score in nflverse)
Jauan Jennings,MIN,MIA,WR,MIA@MIN,last_td,0.041067267316017314,2335.0,0.0,0.1586,C,-,tgt_sh 8.4%; team att 28.8; opp DvP 0.98; RZ tgt 0,1.0,PLAYED (final score in nflverse)
Jauan Jennings,MIN,MIA,WR,MIA@MIN,2plus_td,0.0111,8909.0,0.0,0.1586,C,-,tgt_sh 8.4%; team att 28.8; opp DvP 0.98; RZ tgt 0,1.0,PLAYED (final score in nflverse)
Aaron Jones,MIN,MIA,RB,MIA@MIN,anytime_td,0.5382682546861651,-117.0,0.5388713000653299,0.20237197849138147,B,no game designation yet (Limited),tgt_sh 11.3%; team att 28.8; opp DvP 0.89; RZ tgt 0; car_sh 46.6%; team rush 29.5; opp d_ypc 0.93; inside-10 car 1,0.9951309141019752,PLAYED (final score in nflverse)
Aaron Jones,MIN,MIA,RB,MIA@MIN,first_td,0.19306300932262035,418.0,0.5388713000653299,0.20237197849138147,B,no game designation yet (Limited),tgt_sh 11.3%; team att 28.8; opp DvP 0.89; RZ tgt 0; car_sh 46.6%; team rush 29.5; opp d_ypc 0.93; inside-10 car 1,0.9951309141019752,PLAYED (final score in nflverse)
Aaron Jones,MIN,MIA,RB,MIA@MIN,last_td,0.19306300932262035,418.0,0.5388713000653299,0.20237197849138147,B,no game designation yet (Limited),tgt_sh 11.3%; team att 28.8; opp DvP 0.89; RZ tgt 0; car_sh 46.6%; team rush 29.5; opp d_ypc 0.93; inside-10 car 1,0.9951309141019752,PLAYED (final score in nflverse)
Aaron Jones,MIN,MIA,RB,MIA@MIN,2plus_td,0.16588773305191215,503.0,0.5388713000653299,0.20237197849138147,B,no game designation yet (Limited),tgt_sh 11.3%; team att 28.8; opp DvP 0.89; RZ tgt 0; car_sh 46.6%; team rush 29.5; opp d_ypc 0.93; inside-10 car 1,0.9951309141019752,PLAYED (final score in nflverse)
Jeshaun Jones,MIN,MIA,WR,MIA@MIN,anytime_td,0.0162,6073.0,0.0,0.0163,C,-,w_td 0.01; team TD 2.19,1.0,PLAYED (final score in nflverse)
Jeshaun Jones,MIN,MIA,WR,MIA@MIN,first_td,0.004101533189033189,24281.0,0.0,0.0163,C,-,w_td 0.01; team TD 2.19,1.0,PLAYED (final score in nflverse)
Jeshaun Jones,MIN,MIA,WR,MIA@MIN,last_td,0.004101533189033189,24281.0,0.0,0.0163,C,-,w_td 0.01; team TD 2.19,1.0,PLAYED (final score in nflverse)
Jeshaun Jones,MIN,MIA,WR,MIA@MIN,2plus_td,0.0001,999900.0,0.0,0.0163,C,-,w_td 0.01; team TD 2.19,1.0,PLAYED (final score in nflverse)
Myles Price,MIN,MIA,WR,MIA@MIN,anytime_td,0.05145,1844.0,0.00635,0.04625,C,-,w_td 0.03; team TD 2.19,1.0,PLAYED (final score in nflverse)
Myles Price,MIN,MIA,WR,MIA@MIN,first_td,0.013784107142857143,7155.0,0.00635,0.04625,C,-,w_td 0.03; team TD 2.19,1.0,PLAYED (final score in nflverse)
Myles Price,MIN,MIA,WR,MIA@MIN,last_td,0.013784107142857143,7155.0,0.00635,0.04625,C,-,w_td 0.03; team TD 2.19,1.0,PLAYED (final score in nflverse)
Myles Price,MIN,MIA,WR,MIA@MIN,2plus_td,0.00115,86857.0,0.00635,0.04625,C,-,w_td 0.03; team TD 2.19,1.0,PLAYED (final score in nflverse)
Patrick Mahomes,KC,LV,QB,KC@LV,anytime_td,0.10242038216560509,876.0,0.1076687898089172,0.0,B,no game designation yet (Full),team att 31.1; ypa 7.56; opp d_ypa 1.00; pass rate 53.8%,0.98,PLAYED (final score in nflverse)
Patrick Mahomes,KC,LV,QB,KC@LV,first_td,0.022583740958263248,4328.0,0.1076687898089172,0.0,B,no game designation yet (Full),team att 31.1; ypa 7.56; opp d_ypa 1.00; pass rate 53.8%,0.98,PLAYED (final score in nflverse)
Patrick Mahomes,KC,LV,QB,KC@LV,last_td,0.022583740958263248,4328.0,0.1076687898089172,0.0,B,no game designation yet (Full),team att 31.1; ypa 7.56; opp d_ypa 1.00; pass rate 53.8%,0.98,PLAYED (final score in nflverse)
Patrick Mahomes,KC,LV,QB,KC@LV,2plus_td,0.005095541401273885,19525.0,0.1076687898089172,0.0,B,no game designation yet (Full),team att 31.1; ypa 7.56; opp d_ypa 1.00; pass rate 53.8%,0.98,PLAYED (final score in nflverse)
Cyrus Allen,KC,LV,WR,KC@LV,anytime_td,0.02,4900.0,0.0,0.0202,C,-,w_td 0.02; team TD 2.56,1.0,PLAYED (final score in nflverse)
Cyrus Allen,KC,LV,WR,KC@LV,first_td,0.004029612193362194,24716.0,0.0,0.0202,C,-,w_td 0.02; team TD 2.56,1.0,PLAYED (final score in nflverse)
Cyrus Allen,KC,LV,WR,KC@LV,last_td,0.004029612193362194,24716.0,0.0,0.0202,C,-,w_td 0.02; team TD 2.56,1.0,PLAYED (final score in nflverse)
Cyrus Allen,KC,LV,WR,KC@LV,2plus_td,0.0002,499900.0,0.0,0.0202,C,-,w_td 0.02; team TD 2.56,1.0,PLAYED (final score in nflverse)
Jake Briningstool,KC,LV,TE,KC@LV,anytime_td,0.02485,3924.0,0.0,0.02505,C,-,w_td 0.02; team TD 2.56,1.0,PLAYED (final score in nflverse)
Jake Briningstool,KC,LV,TE,KC@LV,first_td,0.0048855808080808085,20368.0,0.0,0.02505,C,-,w_td 0.02; team TD 2.56,1.0,PLAYED (final score in nflverse)
Jake Briningstool,KC,LV,TE,KC@LV,last_td,0.0048855808080808085,20368.0,0.0,0.02505,C,-,w_td 0.02; team TD 2.56,1.0,PLAYED (final score in nflverse)
Jake Briningstool,KC,LV,TE,KC@LV,2plus_td,0.0002,499900.0,0.0,0.02505,C,-,w_td 0.02; team TD 2.56,1.0,PLAYED (final score in nflverse)
Noah Gray,KC,LV,TE,KC@LV,anytime_td,0.11475,771.0,0.0,0.12125,C,-,tgt_sh 6.9%; team att 31.1; opp DvP 1.22; RZ tgt 1,1.0,PLAYED (final score in nflverse)
Noah Gray,KC,LV,TE,KC@LV,first_td,0.024528407703407702,3977.0,0.0,0.12125,C,-,tgt_sh 6.9%; team att 31.1; opp DvP 1.22; RZ tgt 1,1.0,PLAYED (final score in nflverse)
Noah Gray,KC,LV,TE,KC@LV,last_td,0.024528407703407702,3977.0,0.0,0.12125,C,-,tgt_sh 6.9%; team att 31.1; opp DvP 1.22; RZ tgt 1,1.0,PLAYED (final score in nflverse)
Noah Gray,KC,LV,TE,KC@LV,2plus_td,0.00625,15900.0,0.0,0.12125,C,-,tgt_sh 6.9%; team att 31.1; opp DvP 1.22; RZ tgt 1,1.0,PLAYED (final score in nflverse)
Emmett Johnson,KC,LV,RB,KC@LV,anytime_td,0.1671,498.0,0.1404,0.04085,B,-,car_sh 18.8%; team rush 28.5; opp d_ypc 1.13; inside-10 car 0,1.0,PLAYED (final score in nflverse)
Emmett Johnson,KC,LV,RB,KC@LV,first_td,0.03675314088689089,2621.0,0.1404,0.04085,B,-,car_sh 18.8%; team rush 28.5; opp d_ypc 1.13; inside-10 car 0,1.0,PLAYED (final score in nflverse)
Emmett Johnson,KC,LV,RB,KC@LV,last_td,0.03675314088689089,2621.0,0.1404,0.04085,B,-,car_sh 18.8%; team rush 28.5; opp d_ypc 1.13; inside-10 car 0,1.0,PLAYED (final score in nflverse)
Emmett Johnson,KC,LV,RB,KC@LV,2plus_td,0.01335,7391.0,0.1404,0.04085,B,-,car_sh 18.8%; team rush 28.5; opp d_ypc 1.13; inside-10 car 0,1.0,PLAYED (final score in nflverse)
Travis Kelce,KC,LV,TE,KC@LV,anytime_td,0.2746,264.0,0.0,0.31655,B,-,tgt_sh 19.4%; team att 31.1; opp DvP 1.22; RZ tgt 2,1.0,PLAYED (final score in nflverse)
Travis Kelce,KC,LV,TE,KC@LV,first_td,0.06398523726273726,1463.0,0.0,0.31655,B,-,tgt_sh 19.4%; team att 31.1; opp DvP 1.22; RZ tgt 2,1.0,PLAYED (final score in nflverse)
Travis Kelce,KC,LV,TE,KC@LV,last_td,0.06398523726273726,1463.0,0.0,0.31655,B,-,tgt_sh 19.4%; team att 31.1; opp DvP 1.22; RZ tgt 2,1.0,PLAYED (final score in nflverse)
Travis Kelce,KC,LV,TE,KC@LV,2plus_td,0.03905,2461.0,0.0,0.31655,B,-,tgt_sh 19.4%; team att 31.1; opp DvP 1.22; RZ tgt 2,1.0,PLAYED (final score in nflverse)
Rashee Rice,KC,LV,WR,KC@LV,anytime_td,0.28271114641249667,254.0,0.0,0.3266084193804607,C,no game designation yet (Full),tgt_sh 20.2%; team att 31.1; opp DvP 0.87; RZ tgt 4,0.9479829842591244,PLAYED (final score in nflverse)
Rashee Rice,KC,LV,WR,KC@LV,first_td,0.0653002354630631,1431.0,0.0,0.3266084193804607,C,no game designation yet (Full),tgt_sh 20.2%; team att 31.1; opp DvP 0.87; RZ tgt 4,0.9479829842591244,PLAYED (final score in nflverse)
Rashee Rice,KC,LV,WR,KC@LV,last_td,0.0653002354630631,1431.0,0.0,0.3266084193804607,C,no game designation yet (Full),tgt_sh 20.2%; team att 31.1; opp DvP 0.87; RZ tgt 4,0.9479829842591244,PLAYED (final score in nflverse)
Rashee Rice,KC,LV,WR,KC@LV,2plus_td,0.0405612920307122,2365.0,0.0,0.3266084193804607,C,no game designation yet (Full),tgt_sh 20.2%; team att 31.1; opp DvP 0.87; RZ tgt 4,0.9479829842591244,PLAYED (final score in nflverse)
Jalen Royals,KC,LV,WR,KC@LV,anytime_td,0.05485,1723.0,0.0,0.0564,C,-,w_td 0.04; team TD 2.56,1.0,PLAYED (final score in nflverse)
Jalen Royals,KC,LV,WR,KC@LV,first_td,0.0111950487012987,8833.0,0.0,0.0564,C,-,w_td 0.04; team TD 2.56,1.0,PLAYED (final score in nflverse)
Jalen Royals,KC,LV,WR,KC@LV,last_td,0.0111950487012987,8833.0,0.0,0.0564,C,-,w_td 0.04; team TD 2.56,1.0,PLAYED (final score in nflverse)
Jalen Royals,KC,LV,WR,KC@LV,2plus_td,0.00155,64416.0,0.0,0.0564,C,-,w_td 0.04; team TD 2.56,1.0,PLAYED (final score in nflverse)
Brashard Smith,KC,LV,RB,KC@LV,anytime_td,0.0664,1406.0,0.01105,0.05755,C,-,w_td 0.05; team TD 2.56,1.0,PLAYED (final score in nflverse)
Brashard Smith,KC,LV,RB,KC@LV,first_td,0.013808033910533911,7142.0,0.01105,0.05755,C,-,w_td 0.05; team TD 2.56,1.0,PLAYED (final score in nflverse)
Brashard Smith,KC,LV,RB,KC@LV,last_td,0.013808033910533911,7142.0,0.01105,0.05755,C,-,w_td 0.05; team TD 2.56,1.0,PLAYED (final score in nflverse)
Brashard Smith,KC,LV,RB,KC@LV,2plus_td,0.0022,45355.0,0.01105,0.05755,C,-,w_td 0.05; team TD 2.56,1.0,PLAYED (final score in nflverse)
Tyquan Thornton,KC,LV,WR,KC@LV,anytime_td,0.10645,839.0,0.0,0.11155,C,-,tgt_sh 10.0%; team att 31.1; opp DvP 0.87; RZ tgt 0,1.0,PLAYED (final score in nflverse)
Tyquan Thornton,KC,LV,WR,KC@LV,first_td,0.022385328282828285,4367.0,0.0,0.11155,C,-,tgt_sh 10.0%; team att 31.1; opp DvP 0.87; RZ tgt 0,1.0,PLAYED (final score in nflverse)
Tyquan Thornton,KC,LV,WR,KC@LV,last_td,0.022385328282828285,4367.0,0.0,0.11155,C,-,tgt_sh 10.0%; team att 31.1; opp DvP 0.87; RZ tgt 0,1.0,PLAYED (final score in nflverse)
Tyquan Thornton,KC,LV,WR,KC@LV,2plus_td,0.0049,20308.0,0.0,0.11155,C,-,tgt_sh 10.0%; team att 31.1; opp DvP 0.87; RZ tgt 0,1.0,PLAYED (final score in nflverse)
Kenneth Walker III,KC,LV,RB,KC@LV,anytime_td,0.6196,-163.0,0.64945,0.26835,B,-,tgt_sh 12.1%; team att 31.1; opp DvP 0.97; RZ tgt 5; car_sh 62.8%; team rush 28.5; opp d_ypc 1.13; inside-10 car 8,1.0,PLAYED (final score in nflverse)
Kenneth Walker III,KC,LV,RB,KC@LV,first_td,0.18741097333222334,434.0,0.64945,0.26835,B,-,tgt_sh 12.1%; team att 31.1; opp DvP 0.97; RZ tgt 5; car_sh 62.8%; team rush 28.5; opp d_ypc 1.13; inside-10 car 8,1.0,PLAYED (final score in nflverse)
Kenneth Walker III,KC,LV,RB,KC@LV,last_td,0.18741097333222334,434.0,0.64945,0.26835,B,-,tgt_sh 12.1%; team att 31.1; opp DvP 0.97; RZ tgt 5; car_sh 62.8%; team rush 28.5; opp d_ypc 1.13; inside-10 car 8,1.0,PLAYED (final score in nflverse)
Kenneth Walker III,KC,LV,RB,KC@LV,2plus_td,0.2316,332.0,0.64945,0.26835,B,-,tgt_sh 12.1%; team att 31.1; opp DvP 0.97; RZ tgt 5; car_sh 62.8%; team rush 28.5; opp d_ypc 1.13; inside-10 car 8,1.0,PLAYED (final score in nflverse)
Xavier Worthy,KC,LV,WR,KC@LV,anytime_td,0.25725,289.0,0.0,0.29575,B,-,tgt_sh 17.7%; team att 31.1; opp DvP 0.87; RZ tgt 4,1.0,PLAYED (final score in nflverse)
Xavier Worthy,KC,LV,WR,KC@LV,first_td,0.05931784312909313,1586.0,0.0,0.29575,B,-,tgt_sh 17.7%; team att 31.1; opp DvP 0.87; RZ tgt 4,1.0,PLAYED (final score in nflverse)
Xavier Worthy,KC,LV,WR,KC@LV,last_td,0.05931784312909313,1586.0,0.0,0.29575,B,-,tgt_sh 17.7%; team att 31.1; opp DvP 0.87; RZ tgt 4,1.0,PLAYED (final score in nflverse)
Xavier Worthy,KC,LV,WR,KC@LV,2plus_td,0.03525,2737.0,0.0,0.29575,B,-,tgt_sh 17.7%; team att 31.1; opp DvP 0.87; RZ tgt 4,1.0,PLAYED (final score in nflverse)
Kirk Cousins,LV,KC,QB,KC@LV,anytime_td,0.03385,2854.0,0.0346,0.0,B,-,team att 34.7; ypa 6.62; opp d_ypa 0.93; pass rate 56.3%,1.0,PLAYED (final score in nflverse)
Kirk Cousins,LV,KC,QB,KC@LV,first_td,0.007034275446775448,14116.0,0.0346,0.0,B,-,team att 34.7; ypa 6.62; opp d_ypa 0.93; pass rate 56.3%,1.0,PLAYED (final score in nflverse)
Kirk Cousins,LV,KC,QB,KC@LV,last_td,0.007034275446775448,14116.0,0.0346,0.0,B,-,team att 34.7; ypa 6.62; opp d_ypa 0.93; pass rate 56.3%,1.0,PLAYED (final score in nflverse)
Kirk Cousins,LV,KC,QB,KC@LV,2plus_td,0.00075,133233.0,0.0346,0.0,B,-,team att 34.7; ypa 6.62; opp d_ypa 0.93; pass rate 56.3%,1.0,PLAYED (final score in nflverse)
Cody White,LV,KC,WR,KC@LV,anytime_td,0.16443864229765012,508.0,0.0,0.1804177545691906,C,no game designation yet (Limited),tgt_sh 5.5%; team att 34.7; opp DvP 0.95; RZ tgt 4,0.9575230478992892,PLAYED (final score in nflverse)
Cody White,LV,KC,WR,KC@LV,first_td,0.036122638747965126,2668.0,0.0,0.1804177545691906,C,no game designation yet (Limited),tgt_sh 5.5%; team att 34.7; opp DvP 0.95; RZ tgt 4,0.9575230478992892,PLAYED (final score in nflverse)
Cody White,LV,KC,WR,KC@LV,last_td,0.036122638747965126,2668.0,0.0,0.1804177545691906,C,no game designation yet (Limited),tgt_sh 5.5%; team att 34.7; opp DvP 0.95; RZ tgt 4,0.9575230478992892,PLAYED (final score in nflverse)
Cody White,LV,KC,WR,KC@LV,2plus_td,0.015352480417754569,6414.0,0.0,0.1804177545691906,C,no game designation yet (Limited),tgt_sh 5.5%; team att 34.7; opp DvP 0.95; RZ tgt 4,0.9575230478992892,PLAYED (final score in nflverse)
Malik Benson,LV,KC,WR,KC@LV,anytime_td,0.03909345448782292,2458.0,0.0034867135083733953,0.0363991758677162,C,no game designation yet (Full),w_td 0.03; team TD 2.16,0.9479829842591244,PLAYED (final score in nflverse)
Malik Benson,LV,KC,WR,KC@LV,first_td,0.008072234437863894,12288.0,0.0034867135083733953,0.0363991758677162,C,no game designation yet (Full),w_td 0.03; team TD 2.16,0.9479829842591244,PLAYED (final score in nflverse)
Malik Benson,LV,KC,WR,KC@LV,last_td,0.008072234437863894,12288.0,0.0034867135083733953,0.0363991758677162,C,no game designation yet (Full),w_td 0.03; team TD 2.16,0.9479829842591244,PLAYED (final score in nflverse)
Malik Benson,LV,KC,WR,KC@LV,2plus_td,0.0007924348882666808,126093.0,0.0034867135083733953,0.0363991758677162,C,no game designation yet (Full),w_td 0.03; team TD 2.16,0.9479829842591244,PLAYED (final score in nflverse)
Brock Bowers,LV,KC,TE,KC@LV,anytime_td,0.3577065802540114,180.0,0.0,0.42967647519991636,B,no game designation yet (Limited),tgt_sh 25.0%; team att 34.7; opp DvP 1.10; RZ tgt 3,0.9575230478992892,PLAYED (final score in nflverse)
Brock Bowers,LV,KC,TE,KC@LV,first_td,0.08593248160226678,1064.0,0.0,0.42967647519991636,B,no game designation yet (Limited),tgt_sh 25.0%; team att 34.7; opp DvP 1.10; RZ tgt 3,0.9575230478992892,PLAYED (final score in nflverse)
Brock Bowers,LV,KC,TE,KC@LV,last_td,0.08593248160226678,1064.0,0.0,0.42967647519991636,B,no game designation yet (Limited),tgt_sh 25.0%; team att 34.7; opp DvP 1.10; RZ tgt 3,0.9575230478992892,PLAYED (final score in nflverse)
Brock Bowers,LV,KC,TE,KC@LV,2plus_td,0.06465269429781006,1447.0,0.0,0.42967647519991636,B,no game designation yet (Limited),tgt_sh 25.0%; team att 34.7; opp DvP 1.10; RZ tgt 3,0.9575230478992892,PLAYED (final score in nflverse)
Connor Heyward,LV,KC,RB,KC@LV,anytime_td,0.0301,3222.0,0.0219,0.0086,C,-,w_td 0.04; team TD 2.16,1.0,PLAYED (final score in nflverse)
Connor Heyward,LV,KC,RB,KC@LV,first_td,0.006123683261183261,16230.0,0.0219,0.0086,C,-,w_td 0.04; team TD 2.16,1.0,PLAYED (final score in nflverse)
Connor Heyward,LV,KC,RB,KC@LV,last_td,0.006123683261183261,16230.0,0.0219,0.0086,C,-,w_td 0.04; team TD 2.16,1.0,PLAYED (final score in nflverse)
Connor Heyward,LV,KC,RB,KC@LV,2plus_td,0.0004,249900.0,0.0219,0.0086,C,-,w_td 0.04; team TD 2.16,1.0,PLAYED (final score in nflverse)
Ashton Jeanty,LV,KC,RB,KC@LV,anytime_td,0.493821967506178,103.0,0.3580104106419896,0.30033124769966874,B,no game designation yet (Full),tgt_sh 14.6%; team att 34.7; opp DvP 1.00; RZ tgt 4; car_sh 60.7%; team rush 27.8; opp d_ypc 0.92; inside-10 car 7,0.9508674235277402,PLAYED (final score in nflverse)
Ashton Jeanty,LV,KC,RB,KC@LV,first_td,0.13210235456278888,657.0,0.3580104106419896,0.30033124769966874,B,no game designation yet (Full),tgt_sh 14.6%; team att 34.7; opp DvP 1.00; RZ tgt 4; car_sh 60.7%; team rush 27.8; opp d_ypc 0.92; inside-10 car 7,0.9508674235277402,PLAYED (final score in nflverse)
Ashton Jeanty,LV,KC,RB,KC@LV,last_td,0.13210235456278888,657.0,0.3580104106419896,0.30033124769966874,B,no game designation yet (Full),tgt_sh 14.6%; team att 34.7; opp DvP 1.00; RZ tgt 4; car_sh 60.7%; team rush 27.8; opp d_ypc 0.92; inside-10 car 7,0.9508674235277402,PLAYED (final score in nflverse)
Ashton Jeanty,LV,KC,RB,KC@LV,2plus_td,0.13865082286134917,621.0,0.3580104106419896,0.30033124769966874,B,no game designation yet (Full),tgt_sh 14.6%; team att 34.7; opp DvP 1.00; RZ tgt 4; car_sh 60.7%; team rush 27.8; opp d_ypc 0.92; inside-10 car 7,0.9508674235277402,PLAYED (final score in nflverse)
Michael Mayer,LV,KC,TE,KC@LV,anytime_td,0.23855,319.0,0.0,0.2695,B,-,tgt_sh 15.7%; team att 34.7; opp DvP 1.10; RZ tgt 2,1.0,PLAYED (final score in nflverse)
Michael Mayer,LV,KC,TE,KC@LV,first_td,0.05355519702519702,1767.0,0.0,0.2695,B,-,tgt_sh 15.7%; team att 34.7; opp DvP 1.10; RZ tgt 2,1.0,PLAYED (final score in nflverse)
Michael Mayer,LV,KC,TE,KC@LV,last_td,0.05355519702519702,1767.0,0.0,0.2695,B,-,tgt_sh 15.7%; team att 34.7; opp DvP 1.10; RZ tgt 2,1.0,PLAYED (final score in nflverse)
Michael Mayer,LV,KC,TE,KC@LV,2plus_td,0.0281,3459.0,0.0,0.2695,B,-,tgt_sh 15.7%; team att 34.7; opp DvP 1.10; RZ tgt 2,1.0,PLAYED (final score in nflverse)
Jalen Nailor,LV,KC,WR,KC@LV,anytime_td,0.1364,633.0,0.0,0.14535,C,-,tgt_sh 8.9%; team att 34.7; opp DvP 0.95; RZ tgt 1,1.0,PLAYED (final score in nflverse)
Jalen Nailor,LV,KC,WR,KC@LV,first_td,0.029049951714951713,3342.0,0.0,0.14535,C,-,tgt_sh 8.9%; team att 34.7; opp DvP 0.95; RZ tgt 1,1.0,PLAYED (final score in nflverse)
Jalen Nailor,LV,KC,WR,KC@LV,last_td,0.029049951714951713,3342.0,0.0,0.14535,C,-,tgt_sh 8.9%; team att 34.7; opp DvP 0.95; RZ tgt 1,1.0,PLAYED (final score in nflverse)
Jalen Nailor,LV,KC,WR,KC@LV,2plus_td,0.0085,11665.0,0.0,0.14535,C,-,tgt_sh 8.9%; team att 34.7; opp DvP 0.95; RZ tgt 1,1.0,PLAYED (final score in nflverse)
Ian Thomas,LV,KC,TE,KC@LV,anytime_td,0.02475,3940.0,0.0,0.0251,C,-,w_td 0.02; team TD 2.16,1.0,PLAYED (final score in nflverse)
Ian Thomas,LV,KC,TE,KC@LV,first_td,0.005074624819624819,19606.0,0.0,0.0251,C,-,w_td 0.02; team TD 2.16,1.0,PLAYED (final score in nflverse)
Ian Thomas,LV,KC,TE,KC@LV,last_td,0.005074624819624819,19606.0,0.0,0.0251,C,-,w_td 0.02; team TD 2.16,1.0,PLAYED (final score in nflverse)
Ian Thomas,LV,KC,TE,KC@LV,2plus_td,0.00035,285614.0,0.0,0.0251,C,-,w_td 0.02; team TD 2.16,1.0,PLAYED (final score in nflverse)
Tre Tucker,LV,KC,WR,KC@LV,anytime_td,0.2008,398.0,0.0,0.224,B,-,tgt_sh 15.2%; team att 34.7; opp DvP 0.95; RZ tgt 1,1.0,PLAYED (final score in nflverse)
Tre Tucker,LV,KC,WR,KC@LV,first_td,0.044763268814518815,2134.0,0.0,0.224,B,-,tgt_sh 15.2%; team att 34.7; opp DvP 0.95; RZ tgt 1,1.0,PLAYED (final score in nflverse)
Tre Tucker,LV,KC,WR,KC@LV,last_td,0.044763268814518815,2134.0,0.0,0.224,B,-,tgt_sh 15.2%; team att 34.7; opp DvP 0.95; RZ tgt 1,1.0,PLAYED (final score in nflverse)
Tre Tucker,LV,KC,WR,KC@LV,2plus_td,0.0222,4405.0,0.0,0.224,B,-,tgt_sh 15.2%; team att 34.7; opp DvP 0.95; RZ tgt 1,1.0,PLAYED (final score in nflverse)
Mike Washington Jr.,LV,KC,RB,KC@LV,anytime_td,0.13705,630.0,0.12705,0.02065,B,-,car_sh 22.8%; team rush 27.8; opp d_ypc 0.92; inside-10 car 1,1.0,PLAYED (final score in nflverse)
Mike Washington Jr.,LV,KC,RB,KC@LV,first_td,0.02942594391719391,3298.0,0.12705,0.02065,B,-,car_sh 22.8%; team rush 27.8; opp d_ypc 0.92; inside-10 car 1,1.0,PLAYED (final score in nflverse)
Mike Washington Jr.,LV,KC,RB,KC@LV,last_td,0.02942594391719391,3298.0,0.12705,0.02065,B,-,car_sh 22.8%; team rush 27.8; opp d_ypc 0.92; inside-10 car 1,1.0,PLAYED (final score in nflverse)
Mike Washington Jr.,LV,KC,RB,KC@LV,2plus_td,0.0098,10104.0,0.12705,0.02065,B,-,car_sh 22.8%; team rush 27.8; opp d_ypc 0.92; inside-10 car 1,1.0,PLAYED (final score in nflverse)
Dareke Young,LV,KC,WR,KC@LV,anytime_td,0.02,4900.0,0.0,0.0201,C,-,w_td 0.01; team TD 2.16,1.0,PLAYED (final score in nflverse)
Dareke Young,LV,KC,WR,KC@LV,first_td,0.003876571067821068,25696.0,0.0,0.0201,C,-,w_td 0.01; team TD 2.16,1.0,PLAYED (final score in nflverse)
Dareke Young,LV,KC,WR,KC@LV,last_td,0.003876571067821068,25696.0,0.0,0.0201,C,-,w_td 0.01; team TD 2.16,1.0,PLAYED (final score in nflverse)
Dareke Young,LV,KC,WR,KC@LV,2plus_td,0.0001,999900.0,0.0,0.0201,C,-,w_td 0.01; team TD 2.16,1.0,PLAYED (final score in nflverse)
Justin Herbert,LAC,SEA,QB,LAC@SEA,anytime_td,0.10195,881.0,0.1074,0.0,B,-,team att 31.4; ypa 6.01; opp d_ypa 0.86; pass rate 56.5%,1.0,PLAYED (final score in nflverse)
Justin Herbert,LAC,SEA,QB,LAC@SEA,first_td,0.021689507437007437,4511.0,0.1074,0.0,B,-,team att 31.4; ypa 6.01; opp d_ypa 0.86; pass rate 56.5%,1.0,PLAYED (final score in nflverse)
Justin Herbert,LAC,SEA,QB,LAC@SEA,last_td,0.021689507437007437,4511.0,0.1074,0.0,B,-,team att 31.4; ypa 6.01; opp d_ypa 0.86; pass rate 56.5%,1.0,PLAYED (final score in nflverse)
Justin Herbert,LAC,SEA,QB,LAC@SEA,2plus_td,0.00535,18592.0,0.1074,0.0,B,-,team att 31.4; ypa 6.01; opp d_ypa 0.86; pass rate 56.5%,1.0,PLAYED (final score in nflverse)
Derius Davis,LAC,SEA,WR,LAC@SEA,anytime_td,0.0173,5680.0,0.0,0.0173,C,-,w_td 0.01; team TD 1.70,1.0,PLAYED (final score in nflverse)
Derius Davis,LAC,SEA,WR,LAC@SEA,first_td,0.0034091738816738816,29233.0,0.0,0.0173,C,-,w_td 0.01; team TD 1.70,1.0,PLAYED (final score in nflverse)
Derius Davis,LAC,SEA,WR,LAC@SEA,last_td,0.0034091738816738816,29233.0,0.0,0.0173,C,-,w_td 0.01; team TD 1.70,1.0,PLAYED (final score in nflverse)
Derius Davis,LAC,SEA,WR,LAC@SEA,2plus_td,0.0,,0.0,0.0173,C,-,w_td 0.01; team TD 1.70,1.0,PLAYED (final score in nflverse)
Oronde Gadsden II,LAC,SEA,TE,LAC@SEA,anytime_td,0.17665,466.0,0.00325,0.19025,C,-,tgt_sh 11.7%; team att 31.4; opp DvP 0.91; RZ tgt 2,1.0,PLAYED (final score in nflverse)
Oronde Gadsden II,LAC,SEA,TE,LAC@SEA,first_td,0.038469379370629365,2499.0,0.00325,0.19025,C,-,tgt_sh 11.7%; team att 31.4; opp DvP 0.91; RZ tgt 2,1.0,PLAYED (final score in nflverse)
Oronde Gadsden II,LAC,SEA,TE,LAC@SEA,last_td,0.038469379370629365,2499.0,0.00325,0.19025,C,-,tgt_sh 11.7%; team att 31.4; opp DvP 0.91; RZ tgt 2,1.0,PLAYED (final score in nflverse)
Oronde Gadsden II,LAC,SEA,TE,LAC@SEA,2plus_td,0.0159,6189.0,0.00325,0.19025,C,-,tgt_sh 11.7%; team att 31.4; opp DvP 0.91; RZ tgt 2,1.0,PLAYED (final score in nflverse)
Omarion Hampton,LAC,SEA,RB,LAC@SEA,anytime_td,0.31455,218.0,0.30345,0.0689,B,-,tgt_sh 5.6%; team att 31.4; opp DvP 1.03; RZ tgt 0; car_sh 49.7%; team rush 26.9; opp d_ypc 0.93; inside-10 car 5,1.0,PLAYED (final score in nflverse)
Omarion Hampton,LAC,SEA,RB,LAC@SEA,first_td,0.0747200844988345,1238.0,0.30345,0.0689,B,-,tgt_sh 5.6%; team att 31.4; opp DvP 1.03; RZ tgt 0; car_sh 49.7%; team rush 26.9; opp d_ypc 0.93; inside-10 car 5,1.0,PLAYED (final score in nflverse)
Omarion Hampton,LAC,SEA,RB,LAC@SEA,last_td,0.0747200844988345,1238.0,0.30345,0.0689,B,-,tgt_sh 5.6%; team att 31.4; opp DvP 1.03; RZ tgt 0; car_sh 49.7%; team rush 26.9; opp d_ypc 0.93; inside-10 car 5,1.0,PLAYED (final score in nflverse)
Omarion Hampton,LAC,SEA,RB,LAC@SEA,2plus_td,0.05255,1803.0,0.30345,0.0689,B,-,tgt_sh 5.6%; team att 31.4; opp DvP 1.03; RZ tgt 0; car_sh 49.7%; team rush 26.9; opp d_ypc 0.93; inside-10 car 5,1.0,PLAYED (final score in nflverse)
Tre Harris,LAC,SEA,WR,LAC@SEA,anytime_td,0.2292,336.0,0.0,0.2572,B,-,tgt_sh 12.9%; team att 31.4; opp DvP 1.01; RZ tgt 3,1.0,PLAYED (final score in nflverse)
Tre Harris,LAC,SEA,WR,LAC@SEA,first_td,0.05156657092907093,1839.0,0.0,0.2572,B,-,tgt_sh 12.9%; team att 31.4; opp DvP 1.01; RZ tgt 3,1.0,PLAYED (final score in nflverse)
Tre Harris,LAC,SEA,WR,LAC@SEA,last_td,0.05156657092907093,1839.0,0.0,0.2572,B,-,tgt_sh 12.9%; team att 31.4; opp DvP 1.01; RZ tgt 3,1.0,PLAYED (final score in nflverse)
Tre Harris,LAC,SEA,WR,LAC@SEA,2plus_td,0.026,3746.0,0.0,0.2572,B,-,tgt_sh 12.9%; team att 31.4; opp DvP 1.01; RZ tgt 3,1.0,PLAYED (final score in nflverse)
Alec Ingold,LAC,SEA,RB,LAC@SEA,anytime_td,0.057,1654.0,0.0,0.05855,C,-,w_td 0.04; team TD 1.70,1.0,PLAYED (final score in nflverse)
Alec Ingold,LAC,SEA,RB,LAC@SEA,first_td,0.011878571428571428,8319.0,0.0,0.05855,C,-,w_td 0.04; team TD 1.70,1.0,PLAYED (final score in nflverse)
Alec Ingold,LAC,SEA,RB,LAC@SEA,last_td,0.011878571428571428,8319.0,0.0,0.05855,C,-,w_td 0.04; team TD 1.70,1.0,PLAYED (final score in nflverse)
Alec Ingold,LAC,SEA,RB,LAC@SEA,2plus_td,0.00155,64416.0,0.0,0.05855,C,-,w_td 0.04; team TD 1.70,1.0,PLAYED (final score in nflverse)
Quentin Johnston,LAC,SEA,WR,LAC@SEA,anytime_td,0.1721,481.0,0.00485,0.182,B,-,tgt_sh 15.4%; team att 31.4; opp DvP 1.01; RZ tgt 0,1.0,PLAYED (final score in nflverse)
Quentin Johnston,LAC,SEA,WR,LAC@SEA,first_td,0.03762937215562215,2557.0,0.00485,0.182,B,-,tgt_sh 15.4%; team att 31.4; opp DvP 1.01; RZ tgt 0,1.0,PLAYED (final score in nflverse)
Quentin Johnston,LAC,SEA,WR,LAC@SEA,last_td,0.03762937215562215,2557.0,0.00485,0.182,B,-,tgt_sh 15.4%; team att 31.4; opp DvP 1.01; RZ tgt 0,1.0,PLAYED (final score in nflverse)
Quentin Johnston,LAC,SEA,WR,LAC@SEA,2plus_td,0.01395,7068.0,0.00485,0.182,B,-,tgt_sh 15.4%; team att 31.4; opp DvP 1.01; RZ tgt 0,1.0,PLAYED (final score in nflverse)
Ladd McConkey,LAC,SEA,WR,LAC@SEA,anytime_td,0.20292697646348823,393.0,0.0,0.22276704888352444,C,Questionable (Limited),tgt_sh 15.0%; team att 31.4; opp DvP 1.01; RZ tgt 2,0.6667342299285288,PLAYED (final score in nflverse)
Ladd McConkey,LAC,SEA,WR,LAC@SEA,first_td,0.04409891096297252,2168.0,0.0,0.22276704888352444,C,Questionable (Limited),tgt_sh 15.0%; team att 31.4; opp DvP 1.01; RZ tgt 2,0.6667342299285288,PLAYED (final score in nflverse)
Ladd McConkey,LAC,SEA,WR,LAC@SEA,last_td,0.04409891096297252,2168.0,0.0,0.22276704888352444,C,Questionable (Limited),tgt_sh 15.0%; team att 31.4; opp DvP 1.01; RZ tgt 2,0.6667342299285288,PLAYED (final score in nflverse)
Ladd McConkey,LAC,SEA,WR,LAC@SEA,2plus_td,0.01855763427881714,5289.0,0.0,0.22276704888352444,C,Questionable (Limited),tgt_sh 15.0%; team att 31.4; opp DvP 1.01; RZ tgt 2,0.6667342299285288,PLAYED (final score in nflverse)
Keaton Mitchell,LAC,SEA,RB,LAC@SEA,anytime_td,0.1970975009168544,407.0,0.11442342955938598,0.10163985959029706,B,no game designation yet (Full),tgt_sh 5.6%; team att 31.4; opp DvP 1.03; RZ tgt 1; car_sh 20.9%; team rush 26.9; opp d_ypc 0.93; inside-10 car 1,0.9508674235277402,PLAYED (final score in nflverse)
Keaton Mitchell,LAC,SEA,RB,LAC@SEA,first_td,0.04309505685573166,2220.0,0.11442342955938598,0.10163985959029706,B,no game designation yet (Full),tgt_sh 5.6%; team att 31.4; opp DvP 1.03; RZ tgt 1; car_sh 20.9%; team rush 26.9; opp d_ypc 0.93; inside-10 car 1,0.9508674235277402,PLAYED (final score in nflverse)
Keaton Mitchell,LAC,SEA,RB,LAC@SEA,last_td,0.04309505685573166,2220.0,0.11442342955938598,0.10163985959029706,B,no game designation yet (Full),tgt_sh 5.6%; team att 31.4; opp DvP 1.03; RZ tgt 1; car_sh 20.9%; team rush 26.9; opp d_ypc 0.93; inside-10 car 1,0.9508674235277402,PLAYED (final score in nflverse)
Keaton Mitchell,LAC,SEA,RB,LAC@SEA,2plus_td,0.017813171268402577,5514.0,0.11442342955938598,0.10163985959029706,B,no game designation yet (Full),tgt_sh 5.6%; team att 31.4; opp DvP 1.03; RZ tgt 1; car_sh 20.9%; team rush 26.9; opp d_ypc 0.93; inside-10 car 1,0.9508674235277402,PLAYED (final score in nflverse)
Marquez Valdes-Scantling,LAC,SEA,WR,LAC@SEA,anytime_td,0.04095,2342.0,0.0,0.04155,C,-,tgt_sh 3.6%; team att 31.4; opp DvP 1.01; RZ tgt 0,1.0,PLAYED (final score in nflverse)
Marquez Valdes-Scantling,LAC,SEA,WR,LAC@SEA,first_td,0.008220936702186703,12064.0,0.0,0.04155,C,-,tgt_sh 3.6%; team att 31.4; opp DvP 1.01; RZ tgt 0,1.0,PLAYED (final score in nflverse)
Marquez Valdes-Scantling,LAC,SEA,WR,LAC@SEA,last_td,0.008220936702186703,12064.0,0.0,0.04155,C,-,tgt_sh 3.6%; team att 31.4; opp DvP 1.01; RZ tgt 0,1.0,PLAYED (final score in nflverse)
Marquez Valdes-Scantling,LAC,SEA,WR,LAC@SEA,2plus_td,0.0006,166567.0,0.0,0.04155,C,-,tgt_sh 3.6%; team att 31.4; opp DvP 1.01; RZ tgt 0,1.0,PLAYED (final score in nflverse)
Kimani Vidal,LAC,SEA,RB,LAC@SEA,anytime_td,0.08965,1015.0,0.0466,0.047,C,-,tgt_sh 4.0%; team att 31.4; opp DvP 1.03; RZ tgt 0; car_sh 9.5%; team rush 26.9; opp d_ypc 0.93; inside-10 car 0,1.0,PLAYED (final score in nflverse)
Kimani Vidal,LAC,SEA,RB,LAC@SEA,first_td,0.018718189588189587,5242.0,0.0466,0.047,C,-,tgt_sh 4.0%; team att 31.4; opp DvP 1.03; RZ tgt 0; car_sh 9.5%; team rush 26.9; opp d_ypc 0.93; inside-10 car 0,1.0,PLAYED (final score in nflverse)
Kimani Vidal,LAC,SEA,RB,LAC@SEA,last_td,0.018718189588189587,5242.0,0.0466,0.047,C,-,tgt_sh 4.0%; team att 31.4; opp DvP 1.03; RZ tgt 0; car_sh 9.5%; team rush 26.9; opp d_ypc 0.93; inside-10 car 0,1.0,PLAYED (final score in nflverse)
Kimani Vidal,LAC,SEA,RB,LAC@SEA,2plus_td,0.00375,26567.0,0.0466,0.047,C,-,tgt_sh 4.0%; team att 31.4; opp DvP 1.03; RZ tgt 0; car_sh 9.5%; team rush 26.9; opp d_ypc 0.93; inside-10 car 0,1.0,PLAYED (final score in nflverse)
Sam Darnold,SEA,LAC,QB,LAC@SEA,anytime_td,0.05255,1803.0,0.05345,0.0,B,-,team att 29.9; ypa 8.35; opp d_ypa 1.06; pass rate 51.7%,1.0,PLAYED (final score in nflverse)
Sam Darnold,SEA,LAC,QB,LAC@SEA,first_td,0.011099976551226551,8909.0,0.05345,0.0,B,-,team att 29.9; ypa 8.35; opp d_ypa 1.06; pass rate 51.7%,1.0,PLAYED (final score in nflverse)
Sam Darnold,SEA,LAC,QB,LAC@SEA,last_td,0.011099976551226551,8909.0,0.05345,0.0,B,-,team att 29.9; ypa 8.35; opp d_ypa 1.06; pass rate 51.7%,1.0,PLAYED (final score in nflverse)
Sam Darnold,SEA,LAC,QB,LAC@SEA,2plus_td,0.0009,111011.0,0.05345,0.0,B,-,team att 29.9; ypa 8.35; opp d_ypa 1.06; pass rate 51.7%,1.0,PLAYED (final score in nflverse)
Elijah Arroyo,SEA,LAC,TE,LAC@SEA,anytime_td,0.04225,2267.0,0.0,0.0427,C,-,w_td 0.02; team TD 2.97,1.0,PLAYED (final score in nflverse)
Elijah Arroyo,SEA,LAC,TE,LAC@SEA,first_td,0.008718704906204905,11370.0,0.0,0.0427,C,-,w_td 0.02; team TD 2.97,1.0,PLAYED (final score in nflverse)
Elijah Arroyo,SEA,LAC,TE,LAC@SEA,last_td,0.008718704906204905,11370.0,0.0,0.0427,C,-,w_td 0.02; team TD 2.97,1.0,PLAYED (final score in nflverse)
Elijah Arroyo,SEA,LAC,TE,LAC@SEA,2plus_td,0.00045,222122.0,0.0,0.0427,C,-,w_td 0.02; team TD 2.97,1.0,PLAYED (final score in nflverse)
AJ Barner,SEA,LAC,TE,LAC@SEA,anytime_td,0.3128,220.0,0.0323,0.33785,B,-,tgt_sh 13.4%; team att 29.9; opp DvP 0.92; RZ tgt 4,1.0,PLAYED (final score in nflverse)
AJ Barner,SEA,LAC,TE,LAC@SEA,first_td,0.07609290501165501,1214.0,0.0323,0.33785,B,-,tgt_sh 13.4%; team att 29.9; opp DvP 0.92; RZ tgt 4,1.0,PLAYED (final score in nflverse)
AJ Barner,SEA,LAC,TE,LAC@SEA,last_td,0.07609290501165501,1214.0,0.0323,0.33785,B,-,tgt_sh 13.4%; team att 29.9; opp DvP 0.92; RZ tgt 4,1.0,PLAYED (final score in nflverse)
AJ Barner,SEA,LAC,TE,LAC@SEA,2plus_td,0.0522,1816.0,0.0323,0.33785,B,-,tgt_sh 13.4%; team att 29.9; opp DvP 0.92; RZ tgt 4,1.0,PLAYED (final score in nflverse)
George Holani,SEA,LAC,RB,LAC@SEA,anytime_td,0.3107537688442211,222.0,0.2629145728643216,0.10236180904522613,B,no game designation yet (Limited),tgt_sh 4.7%; team att 29.9; opp DvP 0.99; RZ tgt 1; car_sh 17.8%; team rush 29.7; opp d_ypc 0.94; inside-10 car 3,0.9951309141019752,PLAYED (final score in nflverse)
George Holani,SEA,LAC,RB,LAC@SEA,first_td,0.0756163408060393,1222.0,0.2629145728643216,0.10236180904522613,B,no game designation yet (Limited),tgt_sh 4.7%; team att 29.9; opp DvP 0.99; RZ tgt 1; car_sh 17.8%; team rush 29.7; opp d_ypc 0.94; inside-10 car 3,0.9951309141019752,PLAYED (final score in nflverse)
George Holani,SEA,LAC,RB,LAC@SEA,last_td,0.0756163408060393,1222.0,0.2629145728643216,0.10236180904522613,B,no game designation yet (Limited),tgt_sh 4.7%; team att 29.9; opp DvP 0.99; RZ tgt 1; car_sh 17.8%; team rush 29.7; opp d_ypc 0.94; inside-10 car 3,0.9951309141019752,PLAYED (final score in nflverse)
George Holani,SEA,LAC,RB,LAC@SEA,2plus_td,0.049195979899497484,1933.0,0.2629145728643216,0.10236180904522613,B,no game designation yet (Limited),tgt_sh 4.7%; team att 29.9; opp DvP 0.99; RZ tgt 1; car_sh 17.8%; team rush 29.7; opp d_ypc 0.94; inside-10 car 3,0.9951309141019752,PLAYED (final score in nflverse)
Tory Horton,SEA,LAC,WR,LAC@SEA,anytime_td,0.0881,1035.0,0.0,0.09175,C,-,tgt_sh 6.1%; team att 29.9; opp DvP 0.88; RZ tgt 0,1.0,PLAYED (final score in nflverse)
Tory Horton,SEA,LAC,WR,LAC@SEA,first_td,0.018791178959928958,5222.0,0.0,0.09175,C,-,tgt_sh 6.1%; team att 29.9; opp DvP 0.88; RZ tgt 0,1.0,PLAYED (final score in nflverse)
Tory Horton,SEA,LAC,WR,LAC@SEA,last_td,0.018791178959928958,5222.0,0.0,0.09175,C,-,tgt_sh 6.1%; team att 29.9; opp DvP 0.88; RZ tgt 0,1.0,PLAYED (final score in nflverse)
Tory Horton,SEA,LAC,WR,LAC@SEA,2plus_td,0.00355,28069.0,0.0,0.09175,C,-,tgt_sh 6.1%; team att 29.9; opp DvP 0.88; RZ tgt 0,1.0,PLAYED (final score in nflverse)
Cooper Kupp,SEA,LAC,WR,LAC@SEA,anytime_td,0.1829,447.0,0.0,0.2005,C,-,tgt_sh 11.6%; team att 29.9; opp DvP 0.88; RZ tgt 1,1.0,PLAYED (final score in nflverse)
Cooper Kupp,SEA,LAC,WR,LAC@SEA,first_td,0.04098801698301698,2340.0,0.0,0.2005,C,-,tgt_sh 11.6%; team att 29.9; opp DvP 0.88; RZ tgt 1,1.0,PLAYED (final score in nflverse)
Cooper Kupp,SEA,LAC,WR,LAC@SEA,last_td,0.04098801698301698,2340.0,0.0,0.2005,C,-,tgt_sh 11.6%; team att 29.9; opp DvP 0.88; RZ tgt 1,1.0,PLAYED (final score in nflverse)
Cooper Kupp,SEA,LAC,WR,LAC@SEA,2plus_td,0.01675,5870.0,0.0,0.2005,C,-,tgt_sh 11.6%; team att 29.9; opp DvP 0.88; RZ tgt 1,1.0,PLAYED (final score in nflverse)
Brady Russell,SEA,LAC,RB,LAC@SEA,anytime_td,0.02395,4075.0,0.0,0.0241,C,-,w_td 0.01; team TD 2.97,1.0,PLAYED (final score in nflverse)
Brady Russell,SEA,LAC,RB,LAC@SEA,first_td,0.004908851565101565,20271.0,0.0,0.0241,C,-,w_td 0.01; team TD 2.97,1.0,PLAYED (final score in nflverse)
Brady Russell,SEA,LAC,RB,LAC@SEA,last_td,0.004908851565101565,20271.0,0.0,0.0241,C,-,w_td 0.01; team TD 2.97,1.0,PLAYED (final score in nflverse)
Brady Russell,SEA,LAC,RB,LAC@SEA,2plus_td,0.00015,666567.0,0.0,0.0241,C,-,w_td 0.01; team TD 2.97,1.0,PLAYED (final score in nflverse)
Eric Saubert,SEA,LAC,TE,LAC@SEA,anytime_td,0.08995,1012.0,0.0,0.0943,C,-,w_td 0.05; team TD 2.97,1.0,PLAYED (final score in nflverse)
Eric Saubert,SEA,LAC,TE,LAC@SEA,first_td,0.018844320540570537,5207.0,0.0,0.0943,C,-,w_td 0.05; team TD 2.97,1.0,PLAYED (final score in nflverse)
Eric Saubert,SEA,LAC,TE,LAC@SEA,last_td,0.018844320540570537,5207.0,0.0,0.0943,C,-,w_td 0.05; team TD 2.97,1.0,PLAYED (final score in nflverse)
Eric Saubert,SEA,LAC,TE,LAC@SEA,2plus_td,0.0042,23710.0,0.0,0.0943,C,-,w_td 0.05; team TD 2.97,1.0,PLAYED (final score in nflverse)
Rashid Shaheed,SEA,LAC,WR,LAC@SEA,anytime_td,0.19389587073608616,416.0,0.012725736614214805,0.20076037596367094,C,no game designation yet (Full),tgt_sh 13.8%; team att 29.9; opp DvP 0.88; RZ tgt 0,0.9479829842591244,PLAYED (final score in nflverse)
Rashid Shaheed,SEA,LAC,WR,LAC@SEA,first_td,0.04351364245756473,2198.0,0.012725736614214805,0.20076037596367094,C,no game designation yet (Full),tgt_sh 13.8%; team att 29.9; opp DvP 0.88; RZ tgt 0,0.9479829842591244,PLAYED (final score in nflverse)
Rashid Shaheed,SEA,LAC,WR,LAC@SEA,last_td,0.04351364245756473,2198.0,0.012725736614214805,0.20076037596367094,C,no game designation yet (Full),tgt_sh 13.8%; team att 29.9; opp DvP 0.88; RZ tgt 0,0.9479829842591244,PLAYED (final score in nflverse)
Rashid Shaheed,SEA,LAC,WR,LAC@SEA,2plus_td,0.01858696800084486,5280.0,0.012725736614214805,0.20076037596367094,C,no game designation yet (Full),tgt_sh 13.8%; team att 29.9; opp DvP 0.88; RZ tgt 0,0.9479829842591244,PLAYED (final score in nflverse)
Jaxon Smith-Njigba,SEA,LAC,WR,LAC@SEA,anytime_td,0.53885,-117.0,0.0,0.7461,B,-,tgt_sh 31.2%; team att 29.9; opp DvP 0.88; RZ tgt 9,1.0,PLAYED (final score in nflverse)
Jaxon Smith-Njigba,SEA,LAC,WR,LAC@SEA,first_td,0.15295314935064935,554.0,0.0,0.7461,B,-,tgt_sh 31.2%; team att 29.9; opp DvP 0.88; RZ tgt 9,1.0,PLAYED (final score in nflverse)
Jaxon Smith-Njigba,SEA,LAC,WR,LAC@SEA,last_td,0.15295314935064935,554.0,0.0,0.7461,B,-,tgt_sh 31.2%; team att 29.9; opp DvP 0.88; RZ tgt 9,1.0,PLAYED (final score in nflverse)
Jaxon Smith-Njigba,SEA,LAC,WR,LAC@SEA,2plus_td,0.1692,491.0,0.0,0.7461,B,-,tgt_sh 31.2%; team att 29.9; opp DvP 0.88; RZ tgt 9,1.0,PLAYED (final score in nflverse)
Emanuel Wilson,SEA,LAC,RB,LAC@SEA,anytime_td,0.51795,-107.0,0.6022,0.102,B,-,tgt_sh 4.3%; team att 29.9; opp DvP 0.99; RZ tgt 1; car_sh 38.5%; team rush 29.7; opp d_ypc 0.94; inside-10 car 7,1.0,PLAYED (final score in nflverse)
Emanuel Wilson,SEA,LAC,RB,LAC@SEA,first_td,0.1449803952991453,590.0,0.6022,0.102,B,-,tgt_sh 4.3%; team att 29.9; opp DvP 0.99; RZ tgt 1; car_sh 38.5%; team rush 29.7; opp d_ypc 0.94; inside-10 car 7,1.0,PLAYED (final score in nflverse)
Emanuel Wilson,SEA,LAC,RB,LAC@SEA,last_td,0.1449803952991453,590.0,0.6022,0.102,B,-,tgt_sh 4.3%; team att 29.9; opp DvP 0.99; RZ tgt 1; car_sh 38.5%; team rush 29.7; opp d_ypc 0.94; inside-10 car 7,1.0,PLAYED (final score in nflverse)
Emanuel Wilson,SEA,LAC,RB,LAC@SEA,2plus_td,0.15155,560.0,0.6022,0.102,B,-,tgt_sh 4.3%; team att 29.9; opp DvP 0.99; RZ tgt 1; car_sh 38.5%; team rush 29.7; opp d_ypc 0.94; inside-10 car 7,1.0,PLAYED (final score in nflverse)
Bo Nix,DEN,SF,QB,DEN@SF,anytime_td,0.1185,744.0,0.12705,0.0,B,-,team att 36.2; ypa 6.11; opp d_ypa 0.90; pass rate 61.0%,1.0,PLAYED (final score in nflverse)
Bo Nix,DEN,SF,QB,DEN@SF,first_td,0.023859744977244975,4091.0,0.12705,0.0,B,-,team att 36.2; ypa 6.11; opp d_ypa 0.90; pass rate 61.0%,1.0,PLAYED (final score in nflverse)
Bo Nix,DEN,SF,QB,DEN@SF,last_td,0.023859744977244975,4091.0,0.12705,0.0,B,-,team att 36.2; ypa 6.11; opp d_ypa 0.90; pass rate 61.0%,1.0,PLAYED (final score in nflverse)
Bo Nix,DEN,SF,QB,DEN@SF,2plus_td,0.0083,11948.0,0.12705,0.0,B,-,team att 36.2; ypa 6.11; opp d_ypa 0.90; pass rate 61.0%,1.0,PLAYED (final score in nflverse)
Nate Adkins,DEN,SF,TE,DEN@SF,anytime_td,0.1052,851.0,0.005,0.10515,C,-,w_td 0.08; team TD 2.07,1.0,PLAYED (final score in nflverse)
Nate Adkins,DEN,SF,TE,DEN@SF,first_td,0.02036833014208014,4810.0,0.005,0.10515,C,-,w_td 0.08; team TD 2.07,1.0,PLAYED (final score in nflverse)
Nate Adkins,DEN,SF,TE,DEN@SF,last_td,0.02036833014208014,4810.0,0.005,0.10515,C,-,w_td 0.08; team TD 2.07,1.0,PLAYED (final score in nflverse)
Nate Adkins,DEN,SF,TE,DEN@SF,2plus_td,0.0049,20308.0,0.005,0.10515,C,-,w_td 0.08; team TD 2.07,1.0,PLAYED (final score in nflverse)
Tyler Badie,DEN,SF,RB,DEN@SF,anytime_td,0.1218,721.0,0.02825,0.10075,C,-,tgt_sh 4.6%; team att 36.2; opp DvP 1.09; RZ tgt 2,1.0,PLAYED (final score in nflverse)
Tyler Badie,DEN,SF,RB,DEN@SF,first_td,0.023948791486291483,4076.0,0.02825,0.10075,C,-,tgt_sh 4.6%; team att 36.2; opp DvP 1.09; RZ tgt 2,1.0,PLAYED (final score in nflverse)
Tyler Badie,DEN,SF,RB,DEN@SF,last_td,0.023948791486291483,4076.0,0.02825,0.10075,C,-,tgt_sh 4.6%; team att 36.2; opp DvP 1.09; RZ tgt 2,1.0,PLAYED (final score in nflverse)
Tyler Badie,DEN,SF,RB,DEN@SF,2plus_td,0.00695,14288.0,0.02825,0.10075,C,-,tgt_sh 4.6%; team att 36.2; opp DvP 1.09; RZ tgt 2,1.0,PLAYED (final score in nflverse)
Pat Bryant,DEN,SF,WR,DEN@SF,anytime_td,0.1055,848.0,0.00475,0.10555,C,-,tgt_sh 7.9%; team att 36.2; opp DvP 0.96; RZ tgt 1,1.0,PLAYED (final score in nflverse)
Pat Bryant,DEN,SF,WR,DEN@SF,first_td,0.020708580447330444,4729.0,0.00475,0.10555,C,-,tgt_sh 7.9%; team att 36.2; opp DvP 0.96; RZ tgt 1,1.0,PLAYED (final score in nflverse)
Pat Bryant,DEN,SF,WR,DEN@SF,last_td,0.020708580447330444,4729.0,0.00475,0.10555,C,-,tgt_sh 7.9%; team att 36.2; opp DvP 0.96; RZ tgt 1,1.0,PLAYED (final score in nflverse)
Pat Bryant,DEN,SF,WR,DEN@SF,2plus_td,0.0047,21177.0,0.00475,0.10555,C,-,tgt_sh 7.9%; team att 36.2; opp DvP 0.96; RZ tgt 1,1.0,PLAYED (final score in nflverse)
J.K. Dobbins,DEN,SF,RB,DEN@SF,anytime_td,0.3446152226550163,190.0,0.38830403200336877,0.029108327192336036,B,no game designation yet (Full),car_sh 44.1%; team rush 23.9; opp d_ypc 0.94; inside-10 car 5,0.9508674235277402,PLAYED (final score in nflverse)
J.K. Dobbins,DEN,SF,RB,DEN@SF,first_td,0.07872414823014887,1170.0,0.38830403200336877,0.029108327192336036,B,no game designation yet (Full),car_sh 44.1%; team rush 23.9; opp d_ypc 0.94; inside-10 car 5,0.9508674235277402,PLAYED (final score in nflverse)
J.K. Dobbins,DEN,SF,RB,DEN@SF,last_td,0.07872414823014887,1170.0,0.38830403200336877,0.029108327192336036,B,no game designation yet (Full),car_sh 44.1%; team rush 23.9; opp d_ypc 0.94; inside-10 car 5,0.9508674235277402,PLAYED (final score in nflverse)
J.K. Dobbins,DEN,SF,RB,DEN@SF,2plus_td,0.06442783450889568,1452.0,0.38830403200336877,0.029108327192336036,B,no game designation yet (Full),car_sh 44.1%; team rush 23.9; opp d_ypc 0.94; inside-10 car 5,0.9508674235277402,PLAYED (final score in nflverse)
Evan Engram,DEN,SF,TE,DEN@SF,anytime_td,0.12885,676.0,0.0,0.1367,C,-,tgt_sh 10.7%; team att 36.2; opp DvP 1.04; RZ tgt 1,1.0,PLAYED (final score in nflverse)
Evan Engram,DEN,SF,TE,DEN@SF,first_td,0.025504360084360085,3821.0,0.0,0.1367,C,-,tgt_sh 10.7%; team att 36.2; opp DvP 1.04; RZ tgt 1,1.0,PLAYED (final score in nflverse)
Evan Engram,DEN,SF,TE,DEN@SF,last_td,0.025504360084360085,3821.0,0.0,0.1367,C,-,tgt_sh 10.7%; team att 36.2; opp DvP 1.04; RZ tgt 1,1.0,PLAYED (final score in nflverse)
Evan Engram,DEN,SF,TE,DEN@SF,2plus_td,0.0075,13233.0,0.0,0.1367,C,-,tgt_sh 10.7%; team att 36.2; opp DvP 1.04; RZ tgt 1,1.0,PLAYED (final score in nflverse)
Troy Franklin,DEN,SF,WR,DEN@SF,anytime_td,0.1046,856.0,0.00765,0.1016,C,-,tgt_sh 7.6%; team att 36.2; opp DvP 0.96; RZ tgt 1,1.0,PLAYED (final score in nflverse)
Troy Franklin,DEN,SF,WR,DEN@SF,first_td,0.020383241341991338,4806.0,0.00765,0.1016,C,-,tgt_sh 7.6%; team att 36.2; opp DvP 0.96; RZ tgt 1,1.0,PLAYED (final score in nflverse)
Troy Franklin,DEN,SF,WR,DEN@SF,last_td,0.020383241341991338,4806.0,0.00765,0.1016,C,-,tgt_sh 7.6%; team att 36.2; opp DvP 0.96; RZ tgt 1,1.0,PLAYED (final score in nflverse)
Troy Franklin,DEN,SF,WR,DEN@SF,2plus_td,0.0046,21639.0,0.00765,0.1016,C,-,tgt_sh 7.6%; team att 36.2; opp DvP 0.96; RZ tgt 1,1.0,PLAYED (final score in nflverse)
RJ Harvey,DEN,SF,RB,DEN@SF,anytime_td,0.2944,240.0,0.14035,0.2014,B,-,tgt_sh 13.7%; team att 36.2; opp DvP 1.09; RZ tgt 2; car_sh 20.1%; team rush 23.9; opp d_ypc 0.94; inside-10 car 0,1.0,PLAYED (final score in nflverse)
RJ Harvey,DEN,SF,RB,DEN@SF,first_td,0.06433199106449106,1454.0,0.14035,0.2014,B,-,tgt_sh 13.7%; team att 36.2; opp DvP 1.09; RZ tgt 2; car_sh 20.1%; team rush 23.9; opp d_ypc 0.94; inside-10 car 0,1.0,PLAYED (final score in nflverse)
RJ Harvey,DEN,SF,RB,DEN@SF,last_td,0.06433199106449106,1454.0,0.14035,0.2014,B,-,tgt_sh 13.7%; team att 36.2; opp DvP 1.09; RZ tgt 2; car_sh 20.1%; team rush 23.9; opp d_ypc 0.94; inside-10 car 0,1.0,PLAYED (final score in nflverse)
RJ Harvey,DEN,SF,RB,DEN@SF,2plus_td,0.043,2226.0,0.14035,0.2014,B,-,tgt_sh 13.7%; team att 36.2; opp DvP 1.09; RZ tgt 2; car_sh 20.1%; team rush 23.9; opp d_ypc 0.94; inside-10 car 0,1.0,PLAYED (final score in nflverse)
Lil'Jordan Humphrey,DEN,SF,WR,DEN@SF,anytime_td,0.04815,1977.0,0.0,0.0491,C,-,tgt_sh 4.7%; team att 36.2; opp DvP 0.96; RZ tgt 0,1.0,PLAYED (final score in nflverse)
Lil'Jordan Humphrey,DEN,SF,WR,DEN@SF,first_td,0.009053406593406593,10946.0,0.0,0.0491,C,-,tgt_sh 4.7%; team att 36.2; opp DvP 0.96; RZ tgt 0,1.0,PLAYED (final score in nflverse)
Lil'Jordan Humphrey,DEN,SF,WR,DEN@SF,last_td,0.009053406593406593,10946.0,0.0,0.0491,C,-,tgt_sh 4.7%; team att 36.2; opp DvP 0.96; RZ tgt 0,1.0,PLAYED (final score in nflverse)
Lil'Jordan Humphrey,DEN,SF,WR,DEN@SF,2plus_td,0.00095,105163.0,0.0,0.0491,C,-,tgt_sh 4.7%; team att 36.2; opp DvP 0.96; RZ tgt 0,1.0,PLAYED (final score in nflverse)
Marvin Mims Jr.,DEN,SF,WR,DEN@SF,anytime_td,0.054275366122513255,1742.0,0.0,0.05590257729253058,C,no game designation yet (Full),tgt_sh 5.6%; team att 36.2; opp DvP 0.96; RZ tgt 0,0.9479829842591244,PLAYED (final score in nflverse)
Marvin Mims Jr.,DEN,SF,WR,DEN@SF,first_td,0.009992159375393852,9908.0,0.0,0.05590257729253058,C,no game designation yet (Full),tgt_sh 5.6%; team att 36.2; opp DvP 0.96; RZ tgt 0,0.9479829842591244,PLAYED (final score in nflverse)
Marvin Mims Jr.,DEN,SF,WR,DEN@SF,last_td,0.009992159375393852,9908.0,0.0,0.05590257729253058,C,no game designation yet (Full),tgt_sh 5.6%; team att 36.2; opp DvP 0.96; RZ tgt 0,0.9479829842591244,PLAYED (final score in nflverse)
Marvin Mims Jr.,DEN,SF,WR,DEN@SF,2plus_td,0.0015747204871135374,63403.0,0.0,0.05590257729253058,C,no game designation yet (Full),tgt_sh 5.6%; team att 36.2; opp DvP 0.96; RZ tgt 0,0.9479829842591244,PLAYED (final score in nflverse)
Courtland Sutton,DEN,SF,WR,DEN@SF,anytime_td,0.2384,319.0,0.0,0.2689,B,-,tgt_sh 15.2%; team att 36.2; opp DvP 0.96; RZ tgt 5,1.0,PLAYED (final score in nflverse)
Courtland Sutton,DEN,SF,WR,DEN@SF,first_td,0.050376504884004886,1885.0,0.0,0.2689,B,-,tgt_sh 15.2%; team att 36.2; opp DvP 0.96; RZ tgt 5,1.0,PLAYED (final score in nflverse)
Courtland Sutton,DEN,SF,WR,DEN@SF,last_td,0.050376504884004886,1885.0,0.0,0.2689,B,-,tgt_sh 15.2%; team att 36.2; opp DvP 0.96; RZ tgt 5,1.0,PLAYED (final score in nflverse)
Courtland Sutton,DEN,SF,WR,DEN@SF,2plus_td,0.02845,3415.0,0.0,0.2689,B,-,tgt_sh 15.2%; team att 36.2; opp DvP 0.96; RZ tgt 5,1.0,PLAYED (final score in nflverse)
Adam Trautman,DEN,SF,TE,DEN@SF,anytime_td,0.0297,3267.0,0.0,0.0299,C,-,w_td 0.02; team TD 2.07,1.0,PLAYED (final score in nflverse)
Adam Trautman,DEN,SF,TE,DEN@SF,first_td,0.005680066738816738,17505.0,0.0,0.0299,C,-,w_td 0.02; team TD 2.07,1.0,PLAYED (final score in nflverse)
Adam Trautman,DEN,SF,TE,DEN@SF,last_td,0.005680066738816738,17505.0,0.0,0.0299,C,-,w_td 0.02; team TD 2.07,1.0,PLAYED (final score in nflverse)
Adam Trautman,DEN,SF,TE,DEN@SF,2plus_td,0.0002,499900.0,0.0,0.0299,C,-,w_td 0.02; team TD 2.07,1.0,PLAYED (final score in nflverse)
Jaylen Waddle,DEN,SF,WR,DEN@SF,anytime_td,0.18112231431135511,452.0,0.004592725545056221,0.19257773319959878,C,no game designation yet (Full),tgt_sh 16.9%; team att 36.2; opp DvP 0.96; RZ tgt 1,0.9479829842591244,PLAYED (final score in nflverse)
Jaylen Waddle,DEN,SF,WR,DEN@SF,first_td,0.036669151966359385,2627.0,0.004592725545056221,0.19257773319959878,C,no game designation yet (Full),tgt_sh 16.9%; team att 36.2; opp DvP 0.96; RZ tgt 1,0.9479829842591244,PLAYED (final score in nflverse)
Jaylen Waddle,DEN,SF,WR,DEN@SF,last_td,0.036669151966359385,2627.0,0.004592725545056221,0.19257773319959878,C,no game designation yet (Full),tgt_sh 16.9%; team att 36.2; opp DvP 0.96; RZ tgt 1,0.9479829842591244,PLAYED (final score in nflverse)
Jaylen Waddle,DEN,SF,WR,DEN@SF,2plus_td,0.015309085150187404,6432.0,0.004592725545056221,0.19257773319959878,C,no game designation yet (Full),tgt_sh 16.9%; team att 36.2; opp DvP 0.96; RZ tgt 1,0.9479829842591244,PLAYED (final score in nflverse)
Brock Purdy,SF,DEN,QB,DEN@SF,anytime_td,0.10915,816.0,0.11545,0.0,B,-,team att 30.5; ypa 7.93; opp d_ypa 0.99; pass rate 50.3%,1.0,PLAYED (final score in nflverse)
Brock Purdy,SF,DEN,QB,DEN@SF,first_td,0.022275828477078475,4389.0,0.11545,0.0,B,-,team att 30.5; ypa 7.93; opp d_ypa 0.99; pass rate 50.3%,1.0,PLAYED (final score in nflverse)
Brock Purdy,SF,DEN,QB,DEN@SF,last_td,0.022275828477078475,4389.0,0.11545,0.0,B,-,team att 30.5; ypa 7.93; opp d_ypa 0.99; pass rate 50.3%,1.0,PLAYED (final score in nflverse)
Brock Purdy,SF,DEN,QB,DEN@SF,2plus_td,0.00585,16994.0,0.11545,0.0,B,-,team att 30.5; ypa 7.93; opp d_ypa 0.99; pass rate 50.3%,1.0,PLAYED (final score in nflverse)
Kaelon Black,SF,DEN,RB,DEN@SF,anytime_td,0.2398,317.0,0.2471,0.0244,B,-,car_sh 23.5%; team rush 30.8; opp d_ypc 1.08; inside-10 car 1,1.0,PLAYED (final score in nflverse)
Kaelon Black,SF,DEN,RB,DEN@SF,first_td,0.05219354464979465,1816.0,0.2471,0.0244,B,-,car_sh 23.5%; team rush 30.8; opp d_ypc 1.08; inside-10 car 1,1.0,PLAYED (final score in nflverse)
Kaelon Black,SF,DEN,RB,DEN@SF,last_td,0.05219354464979465,1816.0,0.2471,0.0244,B,-,car_sh 23.5%; team rush 30.8; opp d_ypc 1.08; inside-10 car 1,1.0,PLAYED (final score in nflverse)
Kaelon Black,SF,DEN,RB,DEN@SF,2plus_td,0.02945,3296.0,0.2471,0.0244,B,-,car_sh 23.5%; team rush 30.8; opp d_ypc 1.08; inside-10 car 1,1.0,PLAYED (final score in nflverse)
Brandin Cooks,SF,DEN,WR,DEN@SF,anytime_td,0.07305,1269.0,0.0,0.0761,C,-,tgt_sh 4.3%; team att 30.5; opp DvP 0.94; RZ tgt 0,1.0,PLAYED (final score in nflverse)
Brandin Cooks,SF,DEN,WR,DEN@SF,first_td,0.014254340243090243,6915.0,0.0,0.0761,C,-,tgt_sh 4.3%; team att 30.5; opp DvP 0.94; RZ tgt 0,1.0,PLAYED (final score in nflverse)
Brandin Cooks,SF,DEN,WR,DEN@SF,last_td,0.014254340243090243,6915.0,0.0,0.0761,C,-,tgt_sh 4.3%; team att 30.5; opp DvP 0.94; RZ tgt 0,1.0,PLAYED (final score in nflverse)
Brandin Cooks,SF,DEN,WR,DEN@SF,2plus_td,0.00295,33798.0,0.0,0.0761,C,-,tgt_sh 4.3%; team att 30.5; opp DvP 0.94; RZ tgt 0,1.0,PLAYED (final score in nflverse)
Jacob Cowing,SF,DEN,WR,DEN@SF,anytime_td,0.04315,2217.0,0.0056,0.03855,C,-,w_td 0.02; team TD 2.97,1.0,PLAYED (final score in nflverse)
Jacob Cowing,SF,DEN,WR,DEN@SF,first_td,0.008428436147186148,11765.0,0.0056,0.03855,C,-,w_td 0.02; team TD 2.97,1.0,PLAYED (final score in nflverse)
Jacob Cowing,SF,DEN,WR,DEN@SF,last_td,0.008428436147186148,11765.0,0.0056,0.03855,C,-,w_td 0.02; team TD 2.97,1.0,PLAYED (final score in nflverse)
Jacob Cowing,SF,DEN,WR,DEN@SF,2plus_td,0.001,99900.0,0.0056,0.03855,C,-,w_td 0.02; team TD 2.97,1.0,PLAYED (final score in nflverse)
Mike Evans,SF,DEN,WR,DEN@SF,anytime_td,0.31570297325564023,217.0,0.0,0.3746451516509786,B,Questionable (Limited),tgt_sh 19.6%; team att 30.5; opp DvP 0.94; RZ tgt 2,0.6667342299285288,PLAYED (final score in nflverse)
Mike Evans,SF,DEN,WR,DEN@SF,first_td,0.07106983380515429,1307.0,0.0,0.3746451516509786,B,Questionable (Limited),tgt_sh 19.6%; team att 30.5; opp DvP 0.94; RZ tgt 2,0.6667342299285288,PLAYED (final score in nflverse)
Mike Evans,SF,DEN,WR,DEN@SF,last_td,0.07106983380515429,1307.0,0.0,0.3746451516509786,B,Questionable (Limited),tgt_sh 19.6%; team att 30.5; opp DvP 0.94; RZ tgt 2,0.6667342299285288,PLAYED (final score in nflverse)
Mike Evans,SF,DEN,WR,DEN@SF,2plus_td,0.053936949051247574,1754.0,0.0,0.3746451516509786,B,Questionable (Limited),tgt_sh 19.6%; team att 30.5; opp DvP 0.94; RZ tgt 2,0.6667342299285288,PLAYED (final score in nflverse)
Luke Farrell,SF,DEN,TE,DEN@SF,anytime_td,0.03345,2890.0,0.0,0.03365,C,-,w_td 0.02; team TD 2.97,1.0,PLAYED (final score in nflverse)
Luke Farrell,SF,DEN,TE,DEN@SF,first_td,0.0062986255411255415,15776.0,0.0,0.03365,C,-,w_td 0.02; team TD 2.97,1.0,PLAYED (final score in nflverse)
Luke Farrell,SF,DEN,TE,DEN@SF,last_td,0.0062986255411255415,15776.0,0.0,0.03365,C,-,w_td 0.02; team TD 2.97,1.0,PLAYED (final score in nflverse)
Luke Farrell,SF,DEN,TE,DEN@SF,2plus_td,0.0002,499900.0,0.0,0.03365,C,-,w_td 0.02; team TD 2.97,1.0,PLAYED (final score in nflverse)
Jordan James,SF,DEN,RB,DEN@SF,anytime_td,0.07395,1252.0,0.06795,0.00845,C,-,car_sh 7.8%; team rush 30.8; opp d_ypc 1.08; inside-10 car 0,1.0,PLAYED (final score in nflverse)
Jordan James,SF,DEN,RB,DEN@SF,first_td,0.01433006007881008,6878.0,0.06795,0.00845,C,-,car_sh 7.8%; team rush 30.8; opp d_ypc 1.08; inside-10 car 0,1.0,PLAYED (final score in nflverse)
Jordan James,SF,DEN,RB,DEN@SF,last_td,0.01433006007881008,6878.0,0.06795,0.00845,C,-,car_sh 7.8%; team rush 30.8; opp d_ypc 1.08; inside-10 car 0,1.0,PLAYED (final score in nflverse)
Jordan James,SF,DEN,RB,DEN@SF,2plus_td,0.00235,42453.0,0.06795,0.00845,C,-,car_sh 7.8%; team rush 30.8; opp d_ypc 1.08; inside-10 car 0,1.0,PLAYED (final score in nflverse)
Kyle Juszczyk,SF,DEN,RB,DEN@SF,anytime_td,0.14965,568.0,0.0,0.1605,C,-,tgt_sh 4.8%; team att 30.5; opp DvP 1.06; RZ tgt 2,1.0,PLAYED (final score in nflverse)
Kyle Juszczyk,SF,DEN,RB,DEN@SF,first_td,0.030542448801198805,3174.0,0.0,0.1605,C,-,tgt_sh 4.8%; team att 30.5; opp DvP 1.06; RZ tgt 2,1.0,PLAYED (final score in nflverse)
Kyle Juszczyk,SF,DEN,RB,DEN@SF,last_td,0.030542448801198805,3174.0,0.0,0.1605,C,-,tgt_sh 4.8%; team att 30.5; opp DvP 1.06; RZ tgt 2,1.0,PLAYED (final score in nflverse)
Kyle Juszczyk,SF,DEN,RB,DEN@SF,2plus_td,0.0106,9334.0,0.0,0.1605,C,-,tgt_sh 4.8%; team att 30.5; opp DvP 1.06; RZ tgt 2,1.0,PLAYED (final score in nflverse)
George Kittle,SF,DEN,TE,DEN@SF,anytime_td,0.3978,151.0,0.0,0.4953,B,-,tgt_sh 18.9%; team att 30.5; opp DvP 0.88; RZ tgt 5,1.0,PLAYED (final score in nflverse)
George Kittle,SF,DEN,TE,DEN@SF,first_td,0.09410072857697857,963.0,0.0,0.4953,B,-,tgt_sh 18.9%; team att 30.5; opp DvP 0.88; RZ tgt 5,1.0,PLAYED (final score in nflverse)
George Kittle,SF,DEN,TE,DEN@SF,last_td,0.09410072857697857,963.0,0.0,0.4953,B,-,tgt_sh 18.9%; team att 30.5; opp DvP 0.88; RZ tgt 5,1.0,PLAYED (final score in nflverse)
George Kittle,SF,DEN,TE,DEN@SF,2plus_td,0.08505,1076.0,0.0,0.4953,B,-,tgt_sh 18.9%; team att 30.5; opp DvP 0.88; RZ tgt 5,1.0,PLAYED (final score in nflverse)
Christian McCaffrey,SF,DEN,RB,DEN@SF,anytime_td,0.6303752107925801,-171.0,0.5217643338954469,0.42084738617200673,B,no game designation yet (Full),tgt_sh 17.1%; team att 30.5; opp DvP 1.06; RZ tgt 3; car_sh 43.4%; team rush 30.8; opp d_ypc 1.08; inside-10 car 6,0.9508674235277402,PLAYED (final score in nflverse)
Christian McCaffrey,SF,DEN,RB,DEN@SF,first_td,0.18044020546391962,454.0,0.5217643338954469,0.42084738617200673,B,no game designation yet (Full),tgt_sh 17.1%; team att 30.5; opp DvP 1.06; RZ tgt 3; car_sh 43.4%; team rush 30.8; opp d_ypc 1.08; inside-10 car 6,0.9508674235277402,PLAYED (final score in nflverse)
Christian McCaffrey,SF,DEN,RB,DEN@SF,last_td,0.18044020546391962,454.0,0.5217643338954469,0.42084738617200673,B,no game designation yet (Full),tgt_sh 17.1%; team att 30.5; opp DvP 1.06; RZ tgt 3; car_sh 43.4%; team rush 30.8; opp d_ypc 1.08; inside-10 car 6,0.9508674235277402,PLAYED (final score in nflverse)
Christian McCaffrey,SF,DEN,RB,DEN@SF,2plus_td,0.2400400505902192,317.0,0.5217643338954469,0.42084738617200673,B,no game designation yet (Full),tgt_sh 17.1%; team att 30.5; opp DvP 1.06; RZ tgt 3; car_sh 43.4%; team rush 30.8; opp d_ypc 1.08; inside-10 car 6,0.9508674235277402,PLAYED (final score in nflverse)
Deebo Samuel Sr.,SF,DEN,WR,DEN@SF,anytime_td,0.32775,205.0,0.0252,0.3643,B,-,tgt_sh 14.9%; team att 30.5; opp DvP 0.94; RZ tgt 3,1.0,PLAYED (final score in nflverse)
Deebo Samuel Sr.,SF,DEN,WR,DEN@SF,first_td,0.0740805414030414,1250.0,0.0252,0.3643,B,-,tgt_sh 14.9%; team att 30.5; opp DvP 0.94; RZ tgt 3,1.0,PLAYED (final score in nflverse)
Deebo Samuel Sr.,SF,DEN,WR,DEN@SF,last_td,0.0740805414030414,1250.0,0.0252,0.3643,B,-,tgt_sh 14.9%; team att 30.5; opp DvP 0.94; RZ tgt 3,1.0,PLAYED (final score in nflverse)
Deebo Samuel Sr.,SF,DEN,WR,DEN@SF,2plus_td,0.05535,1707.0,0.0252,0.3643,B,-,tgt_sh 14.9%; team att 30.5; opp DvP 0.94; RZ tgt 3,1.0,PLAYED (final score in nflverse)
Jordan Watkins,SF,DEN,WR,DEN@SF,anytime_td,0.0558,1692.0,0.0,0.0572,C,-,w_td 0.03; team TD 2.97,1.0,PLAYED (final score in nflverse)
Jordan Watkins,SF,DEN,WR,DEN@SF,first_td,0.010659605533355532,9281.0,0.0,0.0572,C,-,w_td 0.03; team TD 2.97,1.0,PLAYED (final score in nflverse)
Jordan Watkins,SF,DEN,WR,DEN@SF,last_td,0.010659605533355532,9281.0,0.0,0.0572,C,-,w_td 0.03; team TD 2.97,1.0,PLAYED (final score in nflverse)
Jordan Watkins,SF,DEN,WR,DEN@SF,2plus_td,0.0014,71329.0,0.0,0.0572,C,-,w_td 0.03; team TD 2.97,1.0,PLAYED (final score in nflverse)
Jared Goff,DET,CAR,QB,DET@CAR,anytime_td,0.05055,1878.0,0.0521,0.0,B,-,team att 37.9; ypa 7.12; opp d_ypa 0.97; pass rate 61.9%,1.0,PLAYED (final score in nflverse)
Jared Goff,DET,CAR,QB,DET@CAR,first_td,0.008756167443667444,11321.0,0.0521,0.0,B,-,team att 37.9; ypa 7.12; opp d_ypa 0.97; pass rate 61.9%,1.0,PLAYED (final score in nflverse)
Jared Goff,DET,CAR,QB,DET@CAR,last_td,0.008756167443667444,11321.0,0.0521,0.0,B,-,team att 37.9; ypa 7.12; opp d_ypa 0.97; pass rate 61.9%,1.0,PLAYED (final score in nflverse)
Jared Goff,DET,CAR,QB,DET@CAR,2plus_td,0.00155,64416.0,0.0521,0.0,B,-,team att 37.9; ypa 7.12; opp d_ypa 0.97; pass rate 61.9%,1.0,PLAYED (final score in nflverse)
Jahmyr Gibbs,DET,CAR,RB,DET@CAR,anytime_td,0.7421,-288.0,0.986,0.2864,B,-,tgt_sh 16.2%; team att 37.9; opp DvP 1.02; RZ tgt 5; car_sh 77.5%; team rush 24.5; opp d_ypc 1.17; inside-10 car 9,1.0,PLAYED (final score in nflverse)
Jahmyr Gibbs,DET,CAR,RB,DET@CAR,first_td,0.2130962633200133,369.0,0.986,0.2864,B,-,tgt_sh 16.2%; team att 37.9; opp DvP 1.02; RZ tgt 5; car_sh 77.5%; team rush 24.5; opp d_ypc 1.17; inside-10 car 9,1.0,PLAYED (final score in nflverse)
Jahmyr Gibbs,DET,CAR,RB,DET@CAR,last_td,0.2130962633200133,369.0,0.986,0.2864,B,-,tgt_sh 16.2%; team att 37.9; opp DvP 1.02; RZ tgt 5; car_sh 77.5%; team rush 24.5; opp d_ypc 1.17; inside-10 car 9,1.0,PLAYED (final score in nflverse)
Jahmyr Gibbs,DET,CAR,RB,DET@CAR,2plus_td,0.37135,169.0,0.986,0.2864,B,-,tgt_sh 16.2%; team att 37.9; opp DvP 1.02; RZ tgt 5; car_sh 77.5%; team rush 24.5; opp d_ypc 1.17; inside-10 car 9,1.0,PLAYED (final score in nflverse)
Sam LaPorta,DET,CAR,TE,DET@CAR,anytime_td,0.31985,213.0,0.0,0.3823,B,-,tgt_sh 19.8%; team att 37.9; opp DvP 1.39; RZ tgt 5,1.0,PLAYED (final score in nflverse)
Sam LaPorta,DET,CAR,TE,DET@CAR,first_td,0.06319817293817294,1482.0,0.0,0.3823,B,-,tgt_sh 19.8%; team att 37.9; opp DvP 1.39; RZ tgt 5,1.0,PLAYED (final score in nflverse)
Sam LaPorta,DET,CAR,TE,DET@CAR,last_td,0.06319817293817294,1482.0,0.0,0.3823,B,-,tgt_sh 19.8%; team att 37.9; opp DvP 1.39; RZ tgt 5,1.0,PLAYED (final score in nflverse)
Sam LaPorta,DET,CAR,TE,DET@CAR,2plus_td,0.0555,1702.0,0.0,0.3823,B,-,tgt_sh 19.8%; team att 37.9; opp DvP 1.39; RZ tgt 5,1.0,PLAYED (final score in nflverse)
Jackson Meeks,DET,CAR,WR,DET@CAR,anytime_td,0.02325,4201.0,0.0,0.02335,C,-,w_td 0.02; team TD 2.86,1.0,PLAYED (final score in nflverse)
Jackson Meeks,DET,CAR,WR,DET@CAR,first_td,0.0038171163558663557,26098.0,0.0,0.02335,C,-,w_td 0.02; team TD 2.86,1.0,PLAYED (final score in nflverse)
Jackson Meeks,DET,CAR,WR,DET@CAR,last_td,0.0038171163558663557,26098.0,0.0,0.02335,C,-,w_td 0.02; team TD 2.86,1.0,PLAYED (final score in nflverse)
Jackson Meeks,DET,CAR,WR,DET@CAR,2plus_td,0.0001,999900.0,0.0,0.02335,C,-,w_td 0.02; team TD 2.86,1.0,PLAYED (final score in nflverse)
Amon-Ra St. Brown,DET,CAR,WR,DET@CAR,anytime_td,0.42675,134.0,0.0,0.5399,B,-,tgt_sh 28.4%; team att 37.9; opp DvP 1.14; RZ tgt 9,1.0,PLAYED (final score in nflverse)
Amon-Ra St. Brown,DET,CAR,WR,DET@CAR,first_td,0.08937249625374624,1019.0,0.0,0.5399,B,-,tgt_sh 28.4%; team att 37.9; opp DvP 1.14; RZ tgt 9,1.0,PLAYED (final score in nflverse)
Amon-Ra St. Brown,DET,CAR,WR,DET@CAR,last_td,0.08937249625374624,1019.0,0.0,0.5399,B,-,tgt_sh 28.4%; team att 37.9; opp DvP 1.14; RZ tgt 9,1.0,PLAYED (final score in nflverse)
Amon-Ra St. Brown,DET,CAR,WR,DET@CAR,2plus_td,0.0973,928.0,0.0,0.5399,B,-,tgt_sh 28.4%; team att 37.9; opp DvP 1.14; RZ tgt 9,1.0,PLAYED (final score in nflverse)
Isaac TeSlaa,DET,CAR,WR,DET@CAR,anytime_td,0.12835,679.0,0.0,0.13575,C,-,tgt_sh 7.6%; team att 37.9; opp DvP 1.14; RZ tgt 2,1.0,PLAYED (final score in nflverse)
Isaac TeSlaa,DET,CAR,WR,DET@CAR,first_td,0.02259452713952714,4326.0,0.0,0.13575,C,-,tgt_sh 7.6%; team att 37.9; opp DvP 1.14; RZ tgt 2,1.0,PLAYED (final score in nflverse)
Isaac TeSlaa,DET,CAR,WR,DET@CAR,last_td,0.02259452713952714,4326.0,0.0,0.13575,C,-,tgt_sh 7.6%; team att 37.9; opp DvP 1.14; RZ tgt 2,1.0,PLAYED (final score in nflverse)
Isaac TeSlaa,DET,CAR,WR,DET@CAR,2plus_td,0.00715,13886.0,0.0,0.13575,C,-,tgt_sh 7.6%; team att 37.9; opp DvP 1.14; RZ tgt 2,1.0,PLAYED (final score in nflverse)
Sione Vaki,DET,CAR,RB,DET@CAR,anytime_td,0.1368,631.0,0.11525,0.031,C,-,car_sh 12.7%; team rush 24.5; opp d_ypc 1.17; inside-10 car 0,1.0,PLAYED (final score in nflverse)
Sione Vaki,DET,CAR,RB,DET@CAR,first_td,0.024614363136863136,3963.0,0.11525,0.031,C,-,car_sh 12.7%; team rush 24.5; opp d_ypc 1.17; inside-10 car 0,1.0,PLAYED (final score in nflverse)
Sione Vaki,DET,CAR,RB,DET@CAR,last_td,0.024614363136863136,3963.0,0.11525,0.031,C,-,car_sh 12.7%; team rush 24.5; opp d_ypc 1.17; inside-10 car 0,1.0,PLAYED (final score in nflverse)
Sione Vaki,DET,CAR,RB,DET@CAR,2plus_td,0.00895,11073.0,0.11525,0.031,C,-,car_sh 12.7%; team rush 24.5; opp d_ypc 1.17; inside-10 car 0,1.0,PLAYED (final score in nflverse)
Jameson Williams,DET,CAR,WR,DET@CAR,anytime_td,0.1862,437.0,0.0,0.2055,B,-,tgt_sh 15.8%; team att 37.9; opp DvP 1.14; RZ tgt 1,1.0,PLAYED (final score in nflverse)
Jameson Williams,DET,CAR,WR,DET@CAR,first_td,0.03447342629592629,2801.0,0.0,0.2055,B,-,tgt_sh 15.8%; team att 37.9; opp DvP 1.14; RZ tgt 1,1.0,PLAYED (final score in nflverse)
Jameson Williams,DET,CAR,WR,DET@CAR,last_td,0.03447342629592629,2801.0,0.0,0.2055,B,-,tgt_sh 15.8%; team att 37.9; opp DvP 1.14; RZ tgt 1,1.0,PLAYED (final score in nflverse)
Jameson Williams,DET,CAR,WR,DET@CAR,2plus_td,0.0186,5276.0,0.0,0.2055,B,-,tgt_sh 15.8%; team att 37.9; opp DvP 1.14; RZ tgt 1,1.0,PLAYED (final score in nflverse)
Brock Wright,DET,CAR,TE,DET@CAR,anytime_td,0.0581,1621.0,0.0,0.0605,C,-,tgt_sh 4.5%; team att 37.9; opp DvP 1.39; RZ tgt 0,1.0,PLAYED (final score in nflverse)
Brock Wright,DET,CAR,TE,DET@CAR,first_td,0.009890822372072373,10010.0,0.0,0.0605,C,-,tgt_sh 4.5%; team att 37.9; opp DvP 1.39; RZ tgt 0,1.0,PLAYED (final score in nflverse)
Brock Wright,DET,CAR,TE,DET@CAR,last_td,0.009890822372072373,10010.0,0.0,0.0605,C,-,tgt_sh 4.5%; team att 37.9; opp DvP 1.39; RZ tgt 0,1.0,PLAYED (final score in nflverse)
Brock Wright,DET,CAR,TE,DET@CAR,2plus_td,0.00235,42453.0,0.0,0.0605,C,-,tgt_sh 4.5%; team att 37.9; opp DvP 1.39; RZ tgt 0,1.0,PLAYED (final score in nflverse)
Bryce Young,CAR,DET,QB,DET@CAR,anytime_td,0.11081632653061224,802.0,0.1186734693877551,0.0,B,no game designation yet (Full),team att 37.9; ypa 7.91; opp d_ypa 1.07; pass rate 62.4%,0.98,PLAYED (final score in nflverse)
Bryce Young,CAR,DET,QB,DET@CAR,first_td,0.02022356356795132,4845.0,0.1186734693877551,0.0,B,no game designation yet (Full),team att 37.9; ypa 7.91; opp d_ypa 1.07; pass rate 62.4%,0.98,PLAYED (final score in nflverse)
Bryce Young,CAR,DET,QB,DET@CAR,last_td,0.02022356356795132,4845.0,0.1186734693877551,0.0,B,no game designation yet (Full),team att 37.9; ypa 7.91; opp d_ypa 1.07; pass rate 62.4%,0.98,PLAYED (final score in nflverse)
Bryce Young,CAR,DET,QB,DET@CAR,2plus_td,0.0075,13233.0,0.1186734693877551,0.0,B,no game designation yet (Full),team att 37.9; ypa 7.91; opp d_ypa 1.07; pass rate 62.4%,0.98,PLAYED (final score in nflverse)
Jalen Coker,CAR,DET,WR,DET@CAR,anytime_td,0.32379529323870004,209.0,0.0,0.3864774000747105,B,Questionable (Limited),tgt_sh 15.1%; team att 37.9; opp DvP 0.96; RZ tgt 5,0.6667342299285288,PLAYED (final score in nflverse)
Jalen Coker,CAR,DET,WR,DET@CAR,first_td,0.06399864859334414,1463.0,0.0,0.3864774000747105,B,Questionable (Limited),tgt_sh 15.1%; team att 37.9; opp DvP 0.96; RZ tgt 5,0.6667342299285288,PLAYED (final score in nflverse)
Jalen Coker,CAR,DET,WR,DET@CAR,last_td,0.06399864859334414,1463.0,0.0,0.3864774000747105,B,Questionable (Limited),tgt_sh 15.1%; team att 37.9; opp DvP 0.96; RZ tgt 5,0.6667342299285288,PLAYED (final score in nflverse)
Jalen Coker,CAR,DET,WR,DET@CAR,2plus_td,0.056406425102726934,1673.0,0.0,0.3864774000747105,B,Questionable (Limited),tgt_sh 15.1%; team att 37.9; opp DvP 0.96; RZ tgt 5,0.6667342299285288,PLAYED (final score in nflverse)
AJ Dillon,CAR,DET,RB,DET@CAR,anytime_td,0.1582,532.0,0.15305,0.0186,B,-,car_sh 13.2%; team rush 24.6; opp d_ypc 1.04; inside-10 car 0,1.0,PLAYED (final score in nflverse)
AJ Dillon,CAR,DET,RB,DET@CAR,first_td,0.029036284965034964,3344.0,0.15305,0.0186,B,-,car_sh 13.2%; team rush 24.6; opp d_ypc 1.04; inside-10 car 0,1.0,PLAYED (final score in nflverse)
AJ Dillon,CAR,DET,RB,DET@CAR,last_td,0.029036284965034964,3344.0,0.15305,0.0186,B,-,car_sh 13.2%; team rush 24.6; opp d_ypc 1.04; inside-10 car 0,1.0,PLAYED (final score in nflverse)
AJ Dillon,CAR,DET,RB,DET@CAR,2plus_td,0.0128,7712.0,0.15305,0.0186,B,-,car_sh 13.2%; team rush 24.6; opp d_ypc 1.04; inside-10 car 0,1.0,PLAYED (final score in nflverse)
Mitchell Evans,CAR,DET,TE,DET@CAR,anytime_td,0.12735,685.0,0.0,0.13585,C,-,tgt_sh 3.7%; team att 37.9; opp DvP 1.07; RZ tgt 2,1.0,PLAYED (final score in nflverse)
Mitchell Evans,CAR,DET,TE,DET@CAR,first_td,0.02271747322122322,4302.0,0.0,0.13585,C,-,tgt_sh 3.7%; team att 37.9; opp DvP 1.07; RZ tgt 2,1.0,PLAYED (final score in nflverse)
Mitchell Evans,CAR,DET,TE,DET@CAR,last_td,0.02271747322122322,4302.0,0.0,0.13585,C,-,tgt_sh 3.7%; team att 37.9; opp DvP 1.07; RZ tgt 2,1.0,PLAYED (final score in nflverse)
Mitchell Evans,CAR,DET,TE,DET@CAR,2plus_td,0.0083,11948.0,0.0,0.13585,C,-,tgt_sh 3.7%; team att 37.9; opp DvP 1.07; RZ tgt 2,1.0,PLAYED (final score in nflverse)
Jimmy Horn Jr.,CAR,DET,WR,DET@CAR,anytime_td,0.05495,1720.0,0.0,0.0563,C,-,tgt_sh 3.2%; team att 37.9; opp DvP 0.96; RZ tgt 0,1.0,PLAYED (final score in nflverse)
Jimmy Horn Jr.,CAR,DET,WR,DET@CAR,first_td,0.009362825230325231,10581.0,0.0,0.0563,C,-,tgt_sh 3.2%; team att 37.9; opp DvP 0.96; RZ tgt 0,1.0,PLAYED (final score in nflverse)
Jimmy Horn Jr.,CAR,DET,WR,DET@CAR,last_td,0.009362825230325231,10581.0,0.0,0.0563,C,-,tgt_sh 3.2%; team att 37.9; opp DvP 0.96; RZ tgt 0,1.0,PLAYED (final score in nflverse)
Jimmy Horn Jr.,CAR,DET,WR,DET@CAR,2plus_td,0.00135,73974.0,0.0,0.0563,C,-,tgt_sh 3.2%; team att 37.9; opp DvP 0.96; RZ tgt 0,1.0,PLAYED (final score in nflverse)
Chuba Hubbard,CAR,DET,RB,DET@CAR,anytime_td,0.5912320404189253,-145.0,0.6825956528603758,0.17667491184674491,B,no game designation yet (Full),tgt_sh 6.2%; team att 37.9; opp DvP 1.12; RZ tgt 2; car_sh 49.1%; team rush 24.6; opp d_ypc 1.04; inside-10 car 5,0.9508674235277402,PLAYED (final score in nflverse)
Chuba Hubbard,CAR,DET,RB,DET@CAR,first_td,0.14435708129329516,593.0,0.6825956528603758,0.17667491184674491,B,no game designation yet (Full),tgt_sh 6.2%; team att 37.9; opp DvP 1.12; RZ tgt 2; car_sh 49.1%; team rush 24.6; opp d_ypc 1.04; inside-10 car 5,0.9508674235277402,PLAYED (final score in nflverse)
Chuba Hubbard,CAR,DET,RB,DET@CAR,last_td,0.14435708129329516,593.0,0.6825956528603758,0.17667491184674491,B,no game designation yet (Full),tgt_sh 6.2%; team att 37.9; opp DvP 1.12; RZ tgt 2; car_sh 49.1%; team rush 24.6; opp d_ypc 1.04; inside-10 car 5,0.9508674235277402,PLAYED (final score in nflverse)
Chuba Hubbard,CAR,DET,RB,DET@CAR,2plus_td,0.21172569864743962,372.0,0.6825956528603758,0.17667491184674491,B,no game designation yet (Full),tgt_sh 6.2%; team att 37.9; opp DvP 1.12; RZ tgt 2; car_sh 49.1%; team rush 24.6; opp d_ypc 1.04; inside-10 car 5,0.9508674235277402,PLAYED (final score in nflverse)
Tetairoa McMillan,CAR,DET,WR,DET@CAR,anytime_td,0.4175,140.0,0.0,0.52865,B,-,tgt_sh 21.8%; team att 37.9; opp DvP 0.96; RZ tgt 5,1.0,PLAYED (final score in nflverse)
Tetairoa McMillan,CAR,DET,WR,DET@CAR,first_td,0.08771687812187813,1040.0,0.0,0.52865,B,-,tgt_sh 21.8%; team att 37.9; opp DvP 0.96; RZ tgt 5,1.0,PLAYED (final score in nflverse)
Tetairoa McMillan,CAR,DET,WR,DET@CAR,last_td,0.08771687812187813,1040.0,0.0,0.52865,B,-,tgt_sh 21.8%; team att 37.9; opp DvP 0.96; RZ tgt 5,1.0,PLAYED (final score in nflverse)
Tetairoa McMillan,CAR,DET,WR,DET@CAR,2plus_td,0.09575,944.0,0.0,0.52865,B,-,tgt_sh 21.8%; team att 37.9; opp DvP 0.96; RZ tgt 5,1.0,PLAYED (final score in nflverse)
John Metchie III,CAR,DET,WR,DET@CAR,anytime_td,0.1382,624.0,0.0,0.1469,C,-,tgt_sh 6.8%; team att 37.9; opp DvP 0.96; RZ tgt 1,1.0,PLAYED (final score in nflverse)
John Metchie III,CAR,DET,WR,DET@CAR,first_td,0.02416059731934732,4039.0,0.0,0.1469,C,-,tgt_sh 6.8%; team att 37.9; opp DvP 0.96; RZ tgt 1,1.0,PLAYED (final score in nflverse)
John Metchie III,CAR,DET,WR,DET@CAR,last_td,0.02416059731934732,4039.0,0.0,0.1469,C,-,tgt_sh 6.8%; team att 37.9; opp DvP 0.96; RZ tgt 1,1.0,PLAYED (final score in nflverse)
John Metchie III,CAR,DET,WR,DET@CAR,2plus_td,0.00815,12170.0,0.0,0.1469,C,-,tgt_sh 6.8%; team att 37.9; opp DvP 0.96; RZ tgt 1,1.0,PLAYED (final score in nflverse)
David Moore,CAR,DET,WR,DET@CAR,anytime_td,0.01925,5095.0,0.0,0.01935,C,-,w_td 0.01; team TD 2.90,1.0,PLAYED (final score in nflverse)
David Moore,CAR,DET,WR,DET@CAR,first_td,0.003172251082251082,31423.0,0.0,0.01935,C,-,w_td 0.01; team TD 2.90,1.0,PLAYED (final score in nflverse)
David Moore,CAR,DET,WR,DET@CAR,last_td,0.003172251082251082,31423.0,0.0,0.01935,C,-,w_td 0.01; team TD 2.90,1.0,PLAYED (final score in nflverse)
David Moore,CAR,DET,WR,DET@CAR,2plus_td,0.0001,999900.0,0.0,0.01935,C,-,w_td 0.01; team TD 2.90,1.0,PLAYED (final score in nflverse)
Ja'Seem Reed,CAR,DET,WR,DET@CAR,anytime_td,0.0211,4639.0,0.0,0.0213,C,-,w_td 0.01; team TD 2.90,1.0,PLAYED (final score in nflverse)
Ja'Seem Reed,CAR,DET,WR,DET@CAR,first_td,0.0035935028860028867,27728.0,0.0,0.0213,C,-,w_td 0.01; team TD 2.90,1.0,PLAYED (final score in nflverse)
Ja'Seem Reed,CAR,DET,WR,DET@CAR,last_td,0.0035935028860028867,27728.0,0.0,0.0213,C,-,w_td 0.01; team TD 2.90,1.0,PLAYED (final score in nflverse)
Ja'Seem Reed,CAR,DET,WR,DET@CAR,2plus_td,0.0002,499900.0,0.0,0.0213,C,-,w_td 0.01; team TD 2.90,1.0,PLAYED (final score in nflverse)
Brycen Tremayne,CAR,DET,WR,DET@CAR,anytime_td,0.05955,1579.0,0.0,0.06135,C,-,tgt_sh 3.6%; team att 37.9; opp DvP 0.96; RZ tgt 0,1.0,PLAYED (final score in nflverse)
Brycen Tremayne,CAR,DET,WR,DET@CAR,first_td,0.009968241896991897,9932.0,0.0,0.06135,C,-,tgt_sh 3.6%; team att 37.9; opp DvP 0.96; RZ tgt 0,1.0,PLAYED (final score in nflverse)
Brycen Tremayne,CAR,DET,WR,DET@CAR,last_td,0.009968241896991897,9932.0,0.0,0.06135,C,-,tgt_sh 3.6%; team att 37.9; opp DvP 0.96; RZ tgt 0,1.0,PLAYED (final score in nflverse)
Brycen Tremayne,CAR,DET,WR,DET@CAR,2plus_td,0.0018,55456.0,0.0,0.06135,C,-,tgt_sh 3.6%; team att 37.9; opp DvP 0.96; RZ tgt 0,1.0,PLAYED (final score in nflverse)
Tommy Tremble,CAR,DET,TE,DET@CAR,anytime_td,0.1828,447.0,0.0,0.201,C,-,tgt_sh 9.6%; team att 37.9; opp DvP 1.07; RZ tgt 1,1.0,PLAYED (final score in nflverse)
Tommy Tremble,CAR,DET,TE,DET@CAR,first_td,0.03346297591297591,2888.0,0.0,0.201,C,-,tgt_sh 9.6%; team att 37.9; opp DvP 1.07; RZ tgt 1,1.0,PLAYED (final score in nflverse)
Tommy Tremble,CAR,DET,TE,DET@CAR,last_td,0.03346297591297591,2888.0,0.0,0.201,C,-,tgt_sh 9.6%; team att 37.9; opp DvP 1.07; RZ tgt 1,1.0,PLAYED (final score in nflverse)
Tommy Tremble,CAR,DET,TE,DET@CAR,2plus_td,0.01735,5664.0,0.0,0.201,C,-,tgt_sh 9.6%; team att 37.9; opp DvP 1.07; RZ tgt 1,1.0,PLAYED (final score in nflverse)
Darren Waller,CAR,DET,TE,DET@CAR,anytime_td,0.26424843148626564,278.0,0.0,0.3044234723467074,C,no game designation yet (Full),tgt_sh 13.1%; team att 37.9; opp DvP 1.07; RZ tgt 2,0.9479829842591244,PLAYED (final score in nflverse)
Darren Waller,CAR,DET,TE,DET@CAR,first_td,0.050533814293238555,1879.0,0.0,0.3044234723467074,C,no game designation yet (Full),tgt_sh 13.1%; team att 37.9; opp DvP 1.07; RZ tgt 2,0.9479829842591244,PLAYED (final score in nflverse)
Darren Waller,CAR,DET,TE,DET@CAR,last_td,0.050533814293238555,1879.0,0.0,0.3044234723467074,C,no game designation yet (Full),tgt_sh 13.1%; team att 37.9; opp DvP 1.07; RZ tgt 2,0.9479829842591244,PLAYED (final score in nflverse)
Darren Waller,CAR,DET,TE,DET@CAR,2plus_td,0.036958928665577054,2606.0,0.0,0.3044234723467074,C,no game designation yet (Full),tgt_sh 13.1%; team att 37.9; opp DvP 1.07; RZ tgt 2,0.9479829842591244,PLAYED (final score in nflverse)
Michael Penix Jr.,ATL,NO,QB,ATL@NO,anytime_td,0.042,2281.0,0.043,0.0,C,-,team att 28.9; ypa 6.84; opp d_ypa 0.97; pass rate 49.8%,1.0,
Michael Penix Jr.,ATL,NO,QB,ATL@NO,first_td,0.008927552863802863,11101.0,0.043,0.0,C,-,team att 28.9; ypa 6.84; opp d_ypa 0.97; pass rate 49.8%,1.0,
Michael Penix Jr.,ATL,NO,QB,ATL@NO,last_td,0.008927552863802863,11101.0,0.043,0.0,C,-,team att 28.9; ypa 6.84; opp d_ypa 0.97; pass rate 49.8%,1.0,
Michael Penix Jr.,ATL,NO,QB,ATL@NO,2plus_td,0.001,99900.0,0.043,0.0,C,-,team att 28.9; ypa 6.84; opp d_ypa 0.97; pass rate 49.8%,1.0,
Chris Blair,ATL,NO,WR,ATL@NO,anytime_td,0.03295,2935.0,0.0,0.03345,C,-,w_td 0.03; team TD 1.99,1.0,
Chris Blair,ATL,NO,WR,ATL@NO,first_td,0.006647721861471862,14943.0,0.0,0.03345,C,-,w_td 0.03; team TD 1.99,1.0,
Chris Blair,ATL,NO,WR,ATL@NO,last_td,0.006647721861471862,14943.0,0.0,0.03345,C,-,w_td 0.03; team TD 1.99,1.0,
Chris Blair,ATL,NO,WR,ATL@NO,2plus_td,0.00045,222122.0,0.0,0.03345,C,-,w_td 0.03; team TD 1.99,1.0,
Zachariah Branch,ATL,NO,WR,ATL@NO,anytime_td,0.04555,2095.0,0.0,0.04665,C,-,w_td 0.04; team TD 1.99,1.0,
Zachariah Branch,ATL,NO,WR,ATL@NO,first_td,0.009312959956709957,10638.0,0.0,0.04665,C,-,w_td 0.04; team TD 1.99,1.0,
Zachariah Branch,ATL,NO,WR,ATL@NO,last_td,0.009312959956709957,10638.0,0.0,0.04665,C,-,w_td 0.04; team TD 1.99,1.0,
Zachariah Branch,ATL,NO,WR,ATL@NO,2plus_td,0.0011,90809.0,0.0,0.04665,C,-,w_td 0.04; team TD 1.99,1.0,
Jahan Dotson,ATL,NO,WR,ATL@NO,anytime_td,0.11985,734.0,0.0,0.1274,C,-,tgt_sh 11.5%; team att 28.9; opp DvP 1.08; RZ tgt 0,1.0,
Jahan Dotson,ATL,NO,WR,ATL@NO,first_td,0.025824910367410372,3772.0,0.0,0.1274,C,-,tgt_sh 11.5%; team att 28.9; opp DvP 1.08; RZ tgt 0,1.0,
Jahan Dotson,ATL,NO,WR,ATL@NO,last_td,0.025824910367410372,3772.0,0.0,0.1274,C,-,tgt_sh 11.5%; team att 28.9; opp DvP 1.08; RZ tgt 0,1.0,
Jahan Dotson,ATL,NO,WR,ATL@NO,2plus_td,0.0074,13414.0,0.0,0.1274,C,-,tgt_sh 11.5%; team att 28.9; opp DvP 1.08; RZ tgt 0,1.0,
Austin Hooper,ATL,NO,TE,ATL@NO,anytime_td,0.1129,786.0,0.0,0.12025,C,-,tgt_sh 5.9%; team att 28.9; opp DvP 1.08; RZ tgt 1,1.0,
Austin Hooper,ATL,NO,TE,ATL@NO,first_td,0.024388484848484847,4000.0,0.0,0.12025,C,-,tgt_sh 5.9%; team att 28.9; opp DvP 1.08; RZ tgt 1,1.0,
Austin Hooper,ATL,NO,TE,ATL@NO,last_td,0.024388484848484847,4000.0,0.0,0.12025,C,-,tgt_sh 5.9%; team att 28.9; opp DvP 1.08; RZ tgt 1,1.0,
Austin Hooper,ATL,NO,TE,ATL@NO,2plus_td,0.00725,13693.0,0.0,0.12025,C,-,tgt_sh 5.9%; team att 28.9; opp DvP 1.08; RZ tgt 1,1.0,
Drake London,ATL,NO,WR,ATL@NO,anytime_td,0.2587,287.0,0.00805,0.28735,B,-,tgt_sh 26.1%; team att 28.9; opp DvP 1.08; RZ tgt 0,1.0,
Drake London,ATL,NO,WR,ATL@NO,first_td,0.059788566572316564,1573.0,0.00805,0.28735,B,-,tgt_sh 26.1%; team att 28.9; opp DvP 1.08; RZ tgt 0,1.0,
Drake London,ATL,NO,WR,ATL@NO,last_td,0.059788566572316564,1573.0,0.00805,0.28735,B,-,tgt_sh 26.1%; team att 28.9; opp DvP 1.08; RZ tgt 0,1.0,
Drake London,ATL,NO,WR,ATL@NO,2plus_td,0.03385,2854.0,0.00805,0.28735,B,-,tgt_sh 26.1%; team att 28.9; opp DvP 1.08; RZ tgt 0,1.0,
Kyle Pitts,ATL,NO,TE,ATL@NO,anytime_td,0.1521,557.0,0.0,0.163,C,-,tgt_sh 14.6%; team att 28.9; opp DvP 1.08; RZ tgt 0,1.0,
Kyle Pitts,ATL,NO,TE,ATL@NO,first_td,0.033404460678210686,2894.0,0.0,0.163,C,-,tgt_sh 14.6%; team att 28.9; opp DvP 1.08; RZ tgt 0,1.0,
Kyle Pitts,ATL,NO,TE,ATL@NO,last_td,0.033404460678210686,2894.0,0.0,0.163,C,-,tgt_sh 14.6%; team att 28.9; opp DvP 1.08; RZ tgt 0,1.0,
Kyle Pitts,ATL,NO,TE,ATL@NO,2plus_td,0.01025,9656.0,0.0,0.163,C,-,tgt_sh 14.6%; team att 28.9; opp DvP 1.08; RZ tgt 0,1.0,
Bijan Robinson,ATL,NO,RB,ATL@NO,anytime_td,0.5257,-111.0,0.5165,0.2029,B,-,tgt_sh 20.3%; team att 28.9; opp DvP 0.86; RZ tgt 0; car_sh 53.1%; team rush 31.4; opp d_ypc 1.06; inside-10 car 7,1.0,
Bijan Robinson,ATL,NO,RB,ATL@NO,first_td,0.14750344752469752,578.0,0.5165,0.2029,B,-,tgt_sh 20.3%; team att 28.9; opp DvP 0.86; RZ tgt 0; car_sh 53.1%; team rush 31.4; opp d_ypc 1.06; inside-10 car 7,1.0,
Bijan Robinson,ATL,NO,RB,ATL@NO,last_td,0.14750344752469752,578.0,0.5165,0.2029,B,-,tgt_sh 20.3%; team att 28.9; opp DvP 0.86; RZ tgt 0; car_sh 53.1%; team rush 31.4; opp d_ypc 1.06; inside-10 car 7,1.0,
Bijan Robinson,ATL,NO,RB,ATL@NO,2plus_td,0.161,521.0,0.5165,0.2029,B,-,tgt_sh 20.3%; team att 28.9; opp DvP 0.86; RZ tgt 0; car_sh 53.1%; team rush 31.4; opp d_ypc 1.06; inside-10 car 7,1.0,
Brian Robinson,ATL,NO,RB,ATL@NO,anytime_td,0.1904,425.0,0.1882,0.02065,B,-,car_sh 23.4%; team rush 31.4; opp d_ypc 1.06; inside-10 car 1,1.0,
Brian Robinson,ATL,NO,RB,ATL@NO,first_td,0.042638745143745146,2245.0,0.1882,0.02065,B,-,car_sh 23.4%; team rush 31.4; opp d_ypc 1.06; inside-10 car 1,1.0,
Brian Robinson,ATL,NO,RB,ATL@NO,last_td,0.042638745143745146,2245.0,0.1882,0.02065,B,-,car_sh 23.4%; team rush 31.4; opp d_ypc 1.06; inside-10 car 1,1.0,
Brian Robinson,ATL,NO,RB,ATL@NO,2plus_td,0.0174,5647.0,0.1882,0.02065,B,-,car_sh 23.4%; team rush 31.4; opp d_ypc 1.06; inside-10 car 1,1.0,
Olamide Zaccheaus,ATL,NO,WR,ATL@NO,anytime_td,0.1086,821.0,0.0,0.11495,C,-,tgt_sh 9.4%; team att 28.9; opp DvP 1.08; RZ tgt 0,1.0,
Olamide Zaccheaus,ATL,NO,WR,ATL@NO,first_td,0.02340226787101787,4173.0,0.0,0.11495,C,-,tgt_sh 9.4%; team att 28.9; opp DvP 1.08; RZ tgt 0,1.0,
Olamide Zaccheaus,ATL,NO,WR,ATL@NO,last_td,0.02340226787101787,4173.0,0.0,0.11495,C,-,tgt_sh 9.4%; team att 28.9; opp DvP 1.08; RZ tgt 0,1.0,
Olamide Zaccheaus,ATL,NO,WR,ATL@NO,2plus_td,0.00605,16429.0,0.0,0.11495,C,-,tgt_sh 9.4%; team att 28.9; opp DvP 1.08; RZ tgt 0,1.0,
Tyler Shough,NO,ATL,QB,ATL@NO,anytime_td,0.13195,658.0,0.1411,0.0,B,-,team att 37.3; ypa 6.65; opp d_ypa 0.94; pass rate 61.1%,1.0,
Tyler Shough,NO,ATL,QB,ATL@NO,first_td,0.029631147186147188,3275.0,0.1411,0.0,B,-,team att 37.3; ypa 6.65; opp d_ypa 0.94; pass rate 61.1%,1.0,
Tyler Shough,NO,ATL,QB,ATL@NO,last_td,0.029631147186147188,3275.0,0.1411,0.0,B,-,team att 37.3; ypa 6.65; opp d_ypa 0.94; pass rate 61.1%,1.0,
Tyler Shough,NO,ATL,QB,ATL@NO,2plus_td,0.0087,11394.0,0.1411,0.0,B,-,team att 37.3; ypa 6.65; opp d_ypa 0.94; pass rate 61.1%,1.0,
Kevin Austin Jr.,NO,ATL,WR,ATL@NO,anytime_td,0.07355,1260.0,0.0,0.07575,C,-,tgt_sh 4.4%; team att 37.3; opp DvP 0.96; RZ tgt 0,1.0,
Kevin Austin Jr.,NO,ATL,WR,ATL@NO,first_td,0.015331760461760461,6422.0,0.0,0.07575,C,-,tgt_sh 4.4%; team att 37.3; opp DvP 0.96; RZ tgt 0,1.0,
Kevin Austin Jr.,NO,ATL,WR,ATL@NO,last_td,0.015331760461760461,6422.0,0.0,0.07575,C,-,tgt_sh 4.4%; team att 37.3; opp DvP 0.96; RZ tgt 0,1.0,
Kevin Austin Jr.,NO,ATL,WR,ATL@NO,2plus_td,0.00215,46412.0,0.0,0.07575,C,-,tgt_sh 4.4%; team att 37.3; opp DvP 0.96; RZ tgt 0,1.0,
Barion Brown,NO,ATL,WR,ATL@NO,anytime_td,0.02224565102793885,4395.0,0.00680021085925145,0.015603584607274644,C,no game designation yet (Full),w_td 0.01; team TD 2.60,0.9479829842591244,
Barion Brown,NO,ATL,WR,ATL@NO,first_td,0.004747910234204383,20962.0,0.00680021085925145,0.015603584607274644,C,no game designation yet (Full),w_td 0.01; team TD 2.60,0.9479829842591244,
Barion Brown,NO,ATL,WR,ATL@NO,last_td,0.004747910234204383,20962.0,0.00680021085925145,0.015603584607274644,C,no game designation yet (Full),w_td 0.01; team TD 2.60,0.9479829842591244,
Barion Brown,NO,ATL,WR,ATL@NO,2plus_td,0.000158144438587243,632233.0,0.00680021085925145,0.015603584607274644,C,no game designation yet (Full),w_td 0.01; team TD 2.60,0.9479829842591244,
Oscar Delp,NO,ATL,TE,ATL@NO,anytime_td,0.03185,3040.0,0.0,0.0322,C,-,w_td 0.02; team TD 2.60,1.0,
Oscar Delp,NO,ATL,TE,ATL@NO,first_td,0.006650815295815295,14936.0,0.0,0.0322,C,-,w_td 0.02; team TD 2.60,1.0,
Oscar Delp,NO,ATL,TE,ATL@NO,last_td,0.006650815295815295,14936.0,0.0,0.0322,C,-,w_td 0.02; team TD 2.60,1.0,
Oscar Delp,NO,ATL,TE,ATL@NO,2plus_td,0.00035,285614.0,0.0,0.0322,C,-,w_td 0.02; team TD 2.60,1.0,
CJ Donaldson,NO,ATL,RB,ATL@NO,anytime_td,0.07945,1159.0,0.0571,0.0256,C,-,w_td 0.07; team TD 2.60,1.0,
CJ Donaldson,NO,ATL,RB,ATL@NO,first_td,0.017176464646464648,5722.0,0.0571,0.0256,C,-,w_td 0.07; team TD 2.60,1.0,
CJ Donaldson,NO,ATL,RB,ATL@NO,last_td,0.017176464646464648,5722.0,0.0571,0.0256,C,-,w_td 0.07; team TD 2.60,1.0,
CJ Donaldson,NO,ATL,RB,ATL@NO,2plus_td,0.00315,31646.0,0.0571,0.0256,C,-,w_td 0.07; team TD 2.60,1.0,
Juwan Johnson,NO,ATL,TE,ATL@NO,anytime_td,0.43265,131.0,0.0,0.54745,B,-,tgt_sh 17.0%; team att 37.3; opp DvP 1.20; RZ tgt 6,1.0,
Juwan Johnson,NO,ATL,TE,ATL@NO,first_td,0.11434101426351426,775.0,0.0,0.54745,B,-,tgt_sh 17.0%; team att 37.3; opp DvP 1.20; RZ tgt 6,1.0,
Juwan Johnson,NO,ATL,TE,ATL@NO,last_td,0.11434101426351426,775.0,0.0,0.54745,B,-,tgt_sh 17.0%; team att 37.3; opp DvP 1.20; RZ tgt 6,1.0,
Juwan Johnson,NO,ATL,TE,ATL@NO,2plus_td,0.09765,924.0,0.0,0.54745,B,-,tgt_sh 17.0%; team att 37.3; opp DvP 1.20; RZ tgt 6,1.0,
Alvin Kamara,NO,ATL,RB,ATL@NO,anytime_td,0.36565,173.0,0.22225,0.22255,B,-,tgt_sh 10.3%; team att 37.3; opp DvP 1.10; RZ tgt 1; car_sh 26.3%; team rush 25.1; opp d_ypc 0.88; inside-10 car 0,1.0,
Alvin Kamara,NO,ATL,RB,ATL@NO,first_td,0.09244926462426462,982.0,0.22225,0.22255,B,-,tgt_sh 10.3%; team att 37.3; opp DvP 1.10; RZ tgt 1; car_sh 26.3%; team rush 25.1; opp d_ypc 0.88; inside-10 car 0,1.0,
Alvin Kamara,NO,ATL,RB,ATL@NO,last_td,0.09244926462426462,982.0,0.22225,0.22255,B,-,tgt_sh 10.3%; team att 37.3; opp DvP 1.10; RZ tgt 1; car_sh 26.3%; team rush 25.1; opp d_ypc 0.88; inside-10 car 0,1.0,
Alvin Kamara,NO,ATL,RB,ATL@NO,2plus_td,0.0704,1320.0,0.22225,0.22255,B,-,tgt_sh 10.3%; team att 37.3; opp DvP 1.10; RZ tgt 1; car_sh 26.3%; team rush 25.1; opp d_ypc 0.88; inside-10 car 0,1.0,
Bryce Lance,NO,ATL,WR,ATL@NO,anytime_td,0.0662,1411.0,0.0,0.0685,C,-,tgt_sh 4.5%; team att 37.3; opp DvP 0.96; RZ tgt 0,1.0,
Bryce Lance,NO,ATL,WR,ATL@NO,first_td,0.014742552863802865,6683.0,0.0,0.0685,C,-,tgt_sh 4.5%; team att 37.3; opp DvP 0.96; RZ tgt 0,1.0,
Bryce Lance,NO,ATL,WR,ATL@NO,last_td,0.014742552863802865,6683.0,0.0,0.0685,C,-,tgt_sh 4.5%; team att 37.3; opp DvP 0.96; RZ tgt 0,1.0,
Bryce Lance,NO,ATL,WR,ATL@NO,2plus_td,0.0023,43378.0,0.0,0.0685,C,-,tgt_sh 4.5%; team att 37.3; opp DvP 0.96; RZ tgt 0,1.0,
Kendre Miller,NO,ATL,RB,ATL@NO,anytime_td,0.22435,346.0,0.2027,0.04775,C,-,tgt_sh 2.6%; team att 37.3; opp DvP 1.10; RZ tgt 0; car_sh 17.3%; team rush 25.1; opp d_ypc 0.88; inside-10 car 2,1.0,
Kendre Miller,NO,ATL,RB,ATL@NO,first_td,0.0522155266955267,1815.0,0.2027,0.04775,C,-,tgt_sh 2.6%; team att 37.3; opp DvP 1.10; RZ tgt 0; car_sh 17.3%; team rush 25.1; opp d_ypc 0.88; inside-10 car 2,1.0,
Kendre Miller,NO,ATL,RB,ATL@NO,last_td,0.0522155266955267,1815.0,0.2027,0.04775,C,-,tgt_sh 2.6%; team att 37.3; opp DvP 1.10; RZ tgt 0; car_sh 17.3%; team rush 25.1; opp d_ypc 0.88; inside-10 car 2,1.0,
Kendre Miller,NO,ATL,RB,ATL@NO,2plus_td,0.0245,3982.0,0.2027,0.04775,C,-,tgt_sh 2.6%; team att 37.3; opp DvP 1.10; RZ tgt 0; car_sh 17.3%; team rush 25.1; opp d_ypc 0.88; inside-10 car 2,1.0,
Jalen Cropper,NO,ATL,WR,ATL@NO,anytime_td,0.015,6567.0,0.0,0.015,C,-,w_td 0.01; team TD 2.60,1.0,
Jalen Cropper,NO,ATL,WR,ATL@NO,first_td,0.003051765873015873,32668.0,0.0,0.015,C,-,w_td 0.01; team TD 2.60,1.0,
Jalen Cropper,NO,ATL,WR,ATL@NO,last_td,0.003051765873015873,32668.0,0.0,0.015,C,-,w_td 0.01; team TD 2.60,1.0,
Jalen Cropper,NO,ATL,WR,ATL@NO,2plus_td,0.0,,0.0,0.015,C,-,w_td 0.01; team TD 2.60,1.0,
Chris Olave,NO,ATL,WR,ATL@NO,anytime_td,0.44835,123.0,0.0,0.57865,B,-,tgt_sh 26.6%; team att 37.3; opp DvP 0.96; RZ tgt 4,1.0,
Chris Olave,NO,ATL,WR,ATL@NO,first_td,0.12007811077811077,733.0,0.0,0.57865,B,-,tgt_sh 26.6%; team att 37.3; opp DvP 0.96; RZ tgt 4,1.0,
Chris Olave,NO,ATL,WR,ATL@NO,last_td,0.12007811077811077,733.0,0.0,0.57865,B,-,tgt_sh 26.6%; team att 37.3; opp DvP 0.96; RZ tgt 4,1.0,
Chris Olave,NO,ATL,WR,ATL@NO,2plus_td,0.1124,790.0,0.0,0.57865,B,-,tgt_sh 26.6%; team att 37.3; opp DvP 0.96; RZ tgt 4,1.0,
Devaughn Vele,NO,ATL,WR,ATL@NO,anytime_td,0.2822,254.0,0.0,0.3261,B,-,tgt_sh 13.0%; team att 37.3; opp DvP 0.96; RZ tgt 3,1.0,
Devaughn Vele,NO,ATL,WR,ATL@NO,first_td,0.06852041000666001,1359.0,0.0,0.3261,B,-,tgt_sh 13.0%; team att 37.3; opp DvP 0.96; RZ tgt 3,1.0,
Devaughn Vele,NO,ATL,WR,ATL@NO,last_td,0.06852041000666001,1359.0,0.0,0.3261,B,-,tgt_sh 13.0%; team att 37.3; opp DvP 0.96; RZ tgt 3,1.0,
Devaughn Vele,NO,ATL,WR,ATL@NO,2plus_td,0.03935,2441.0,0.0,0.3261,B,-,tgt_sh 13.0%; team att 37.3; opp DvP 0.96; RZ tgt 3,1.0,
