player,pos,team,opp,game,played,p_active,status,proxy,pass_cmp_mean,pass_cmp_p25,pass_cmp_p75,pass_cmp_conf,pass_yds_mean,pass_yds_p25,pass_yds_p75,pass_yds_conf,pass_td_mean,pass_td_p25,pass_td_p75,pass_td_conf,rush_td_mean,any_td_pct,exp_td,td_conf,rush_yds_mean,rush_yds_p25,rush_yds_p75,rush_yds_conf,rec_yds_mean,rec_yds_p25,rec_yds_p75,rec_yds_conf,rec_mean,rec_p25,rec_p75,rec_conf,rec_td_mean,rush_att_mean,tgt_mean,car_sh,tgt_sh,any_td_pct_wt
Aaron Rodgers,QB,PIT,CLE,PIT@CLE,True,1.0,,False,20.0844,17.0,23.0,91.0,233.9935878989356,177.12223872963776,279.61137862957577,87.0,1.67625,1.0,2.0,82.0,0.01735,0.0172,0.01735,62,,,,,,,,,,,,,,,,,,0.0172
Germie Bernard,WR,PIT,CLE,PIT@CLE,True,1.0,,False,,,,,,,,,,,,,0.0,0.1242,0.13105,30,0.0,0.0,0.0,78.0,13.580736052846262,0.0,21.192477409003466,31.0,1.1142,0.0,2.0,24.0,0.13105,0.0,1.9548,0.002783512338617426,0.04920819490473396,0.1242
Pat Freiermuth,TE,PIT,CLE,PIT@CLE,True,1.0,,False,,,,,,,,,,,,,0.0041,0.24415,0.2751,50,1.6580347333409182,0.0,0.0,90.0,34.11636279933667,14.352544861254941,47.84745868668254,61.0,3.19145,2.0,4.0,72.0,0.271,0.374,5.04995,0.010851664044754891,0.13203059049486404,0.24415
Eli Heidenreich,RB,PIT,CLE,PIT@CLE,True,1.0,,False,,,,,,,,,,,,,0.0036,0.0137,0.0138,1,1.2094169509718886,0.0,0.0,60.0,1.6897274927086474,0.0,0.0,60.0,0.2158,0.0,0.0,60.0,0.0102,0.2732,0.31625,0.008088545411842035,0.007667384255273657,0.0137
Travis Homer,RB,PIT,CLE,PIT@CLE,True,1.0,,False,,,,,,,,,,,,,0.04635,0.0538,0.05515,20,10.188377167025417,1.5035229721309664,13.81698962192068,27.0,1.1885578091948765,0.0,0.0,63.0,0.1512,0.0,0.0,63.0,0.0088,2.4047,0.22545,0.07057112458935205,0.00536894383615806,0.0538
DK Metcalf,WR,PIT,CLE,PIT@CLE,True,1.0,,False,,,,,,,,,,,,,0.0,0.29125,0.3394,50,0.0,0.0,0.0,97.0,65.92390424052162,34.95557806000196,88.80374757047187,75.0,4.7462,3.0,6.0,81.0,0.3394,0.0,8.81765,0.002783512338617426,0.22236427917111726,0.29125
Lew Nichols III,RB,PIT,CLE,PIT@CLE,True,1.0,,False,,,,,,,,,,,,,0.02495,0.03255,0.03345,6,2.864750015961912,0.0,3.077527932108282,28.0,1.2144138671376943,0.0,0.0,61.0,0.1542,0.0,0.0,61.0,0.0085,0.68795,0.23035,0.02026106233988231,0.005489665650225519,0.03255
Riley Nowakowski,RB,PIT,CLE,PIT@CLE,True,1.0,,False,,,,,,,,,,,,,0.0,0.0045,0.0045,1,0.0,0.0,0.0,60.0,0.7377653348670905,0.0,0.0,60.0,0.09345,0.0,0.0,60.0,0.0045,0.0,0.13645,0.003867604358672992,0.003381025856006241,0.0045
Michael Pittman,WR,PIT,CLE,PIT@CLE,True,1.0,,False,,,,,,,,,,,,,0.0,0.16955,0.1838,21,0.0,0.0,0.0,79.0,38.25425531987584,15.83680104772811,54.109944311779245,49.0,3.08155,2.0,4.0,60.0,0.1838,0.0,5.3573,0.00324743106172033,0.1353091789490617,0.16955
Ben Skowronek,WR,PIT,CLE,PIT@CLE,True,1.0,,False,,,,,,,,,,,,,0.0,0.05705,0.0585,13,0.0,0.0,0.0,66.0,6.10267627466797,0.0,7.877430301566802,28.0,0.4685,0.0,1.0,6.0,0.0585,0.0,0.82695,0.002783512338617426,0.020885617313412957,0.05705
Robert Tonyan,TE,PIT,CLE,PIT@CLE,True,1.0,,False,,,,,,,,,,,,,0.0,0.03935,0.0402,7,0.0,0.0,0.0,62.0,2.038249825191525,0.0,0.0,62.0,0.20075,0.0,0.0,62.0,0.0402,0.0,0.3243,0.002783512338617426,0.008346914857342862,0.03935
Jaylen Warren,RB,PIT,CLE,PIT@CLE,True,1.0,,False,,,,,,,,,,,,,0.20445,0.4118,0.51315,82,81.77177320539228,57.05187552297328,101.58196349735006,84.0,28.985162309335557,12.83122763685907,40.31430193124557,72.0,3.49135,2.0,5.0,74.0,0.3087,16.1949,5.01055,0.47774323509836253,0.11945307577556553,0.4118
Darnell Washington,TE,PIT,CLE,PIT@CLE,True,1.0,,False,,,,,,,,,,,,,0.0,0.1554,0.1674,34,0.0,0.0,0.0,81.0,21.261807865127427,4.930399749490548,31.412748194192083,43.0,1.92205,1.0,3.0,50.0,0.1674,0.0,3.0834,0.002783512338617426,0.07996535359795272,0.1554
Kaden Wetjen,WR,PIT,CLE,PIT@CLE,True,1.0,,False,,,,,,,,,,,,,0.0,0.0055,0.00555,1,0.0,0.0,0.0,60.0,1.1059177772528468,0.0,0.0,60.0,0.0842,0.0,0.0,60.0,0.00555,0.0,0.1479,0.002783512338617426,0.0036825314401287756,0.0055
Roman Wilson,WR,PIT,CLE,PIT@CLE,True,1.0,,False,,,,,,,,,,,,,0.0,0.2061,0.2252,53,0.0,0.0,0.0,97.0,34.718774466379195,12.626669312115652,49.80344528669299,66.0,2.61765,1.0,4.0,64.0,0.2252,0.0,4.75135,0.002783512338617426,0.11961607441485711,0.2061
Deshaun Watson,QB,CLE,PIT,PIT@CLE,True,1.0,,False,19.23305,16.0,22.0,91.0,219.1561407355262,166.57076761847847,262.0598895802468,87.0,1.0914,0.0,2.0,45.0,0.1083,0.1038,0.1083,62,,,,,,,,,,,,,,,,,,0.1038
Isaiah Bond,WR,CLE,PIT,PIT@CLE,True,1.0,,False,,,,,,,,,,,,,0.0,0.03865,0.03905,4,0.0,0.0,0.0,63.0,10.176461884133898,0.0,16.043070218057103,16.0,0.8035,0.0,1.0,26.0,0.03905,0.0,1.3217,0.0031591414519928493,0.04102174167680726,0.03865
Denzel Boston,WR,CLE,PIT,PIT@CLE,True,1.0,,False,,,,,,,,,,,,,0.0,0.1868,0.2042,55,0.0,0.0,0.0,95.0,49.64163532583394,20.86507162056541,70.1018593065163,65.0,3.04385,2.0,4.0,75.0,0.2042,0.0,4.6715,0.0031591414519928493,0.1451872475658341,0.1868
Michael Burton,RB,CLE,PIT,PIT@CLE,True,1.0,,False,,,,,,,,,,,,,0.0035,0.01115,0.0113,1,0.9995193941004819,0.0,0.0,61.0,1.8787758223406215,0.0,0.0,61.0,0.2352,0.0,0.0,61.0,0.0078,0.2311,0.2999,0.008298954024434394,0.009953208567108797,0.01115
KC Concepcion,WR,CLE,PIT,PIT@CLE,True,1.0,,False,,,,,,,,,,,,,0.01025,0.23915,0.27005,60,2.6581121445850715,0.0,2.766575412764697,69.0,51.206272764114864,26.22379259175608,69.44356257219872,75.0,4.35725,3.0,6.0,79.0,0.2598,0.62025,6.6805,0.02209734119714102,0.20796591322232244,0.23915
Malachi Corley,WR,CLE,PIT,PIT@CLE,True,1.0,,False,,,,,,,,,,,,,0.0,0.0139,0.014,1,0.0,0.0,0.0,60.0,5.2254239197283265,0.0,5.089363809326539,31.0,0.3879,0.0,1.0,1.0,0.014,0.0,0.5865,0.0031591414519928493,0.018448907381079037,0.0139
Harold Fannin Jr.,TE,CLE,PIT,PIT@CLE,True,1.0,,False,,,,,,,,,,,,,0.0,0.2159,0.2392,57,0.0,0.0,0.0,97.0,46.221311277825876,23.85988360538773,62.93706686101827,71.0,4.3951,3.0,6.0,76.0,0.2392,0.0,6.1927,0.0031591414519928493,0.18909122834304024,0.2159
Jerry Jeudy,WR,CLE,PIT,PIT@CLE,True,1.0,,False,,,,,,,,,,,,,0.0,0.0973,0.10145,14,0.0,0.0,0.0,73.0,28.28078283466564,8.366010354445349,41.51735193572303,38.0,2.1802,1.0,3.0,45.0,0.10145,0.0,3.54465,0.0031591414519928493,0.10966123213441185,0.0973
Quinshon Judkins,RB,CLE,PIT,PIT@CLE,True,1.0,,False,,,,,,,,,,,,,0.29575,0.36275,0.4428,85,51.37464501427439,31.537251616309906,65.73539771548481,80.0,17.564558541840505,5.78305170723842,25.377232584333292,67.0,2.30945,1.0,3.0,74.0,0.14705,14.1621,2.9588,0.5132748925046645,0.09867086556281471,0.36275
Jaleel McLaughlin,RB,CLE,PIT,PIT@CLE,True,1.0,,False,,,,,,,,,,,,,0.03225,0.04465,0.0457,3,8.576320603722555,0.0,12.063320035030362,20.0,2.777893168565527,0.0,1.795375739981564,43.0,0.35135,0.0,1.0,3.0,0.01345,1.74615,0.44645,0.0639658170434973,0.014508555894653958,0.04465
Carsen Ryan,TE,CLE,PIT,PIT@CLE,True,1.0,,False,,,,,,,,,,,,,0.0,0.00465,0.00465,1,0.0,0.0,0.0,60.0,1.211029669005665,0.0,0.0,60.0,0.11575,0.0,0.0,60.0,0.00465,0.0,0.1619,0.0031591414519928493,0.004900222034082455,0.00465
Raheim Sanders,RB,CLE,PIT,PIT@CLE,True,1.0,,False,,,,,,,,,,,,,0.04395,0.11,0.11455,21,11.648771979016662,2.5069707752349926,16.107071743229916,44.0,14.977497938715748,3.1773405582319647,22.438550652641144,40.0,1.8976,1.0,3.0,47.0,0.0706,2.6259,2.4169,0.09524747652710921,0.08047370751115547,0.11
Blake Whiteheart,TE,CLE,PIT,PIT@CLE,True,1.0,,False,,,,,,,,,,,,,0.0,0.0415,0.04225,11,0.0,0.0,0.0,65.0,5.674091834526333,0.0,8.009208802101242,22.0,0.53335,0.0,1.0,9.0,0.04225,0.0,0.74685,0.0031591414519928493,0.02288177144498253,0.0415
Daniel Jones,QB,IND,WAS,IND@WAS,False,1.0,,False,20.2619,17.0,23.0,91.0,206.15850854041489,155.12580893517335,247.46149878488353,87.0,1.60455,1.0,2.0,81.0,0.08325,0.07925,0.08325,62,,,,,,,,,,,,,,,,,,0.07925
Mo Alie-Cox,TE,IND,WAS,IND@WAS,False,0.9479829842591244,Full,False,,,,,,,,,,,,,0.0,0.03410468609983659,0.03478994254388277,2,0.0,0.0,0.0,58.0,6.20086432925988,0.0,9.268305721239429,16.0,0.6246376047651679,0.0,1.0,13.0,0.03478994254388277,0.0,0.9002161193400453,0.004234097619595359,0.02040525306751215,0.03233066210614377
Keenan Allen,WR,IND,WAS,IND@WAS,False,0.4981574884199691,Questionable; DNP,False,,,,,,,,,,,,,0.0,0.3269464720194647,0.3879764801297648,26,0.0,0.0,0.0,46.0,45.05700397739086,22.5139725628384,61.798670986699015,33.0,4.272303325223033,3.0,6.0,35.0,0.3879764801297648,0.0,6.560928629359286,0.004234097619595359,0.18666181575426488,0.16287083334898622
Deion Burks,WR,IND,WAS,IND@WAS,False,1.0,,False,,,,,,,,,,,,,0.01225,0.0293,0.02975,1,1.794946139464418,0.0,0.0865339504007947,59.0,3.2034742338042035,0.0,0.0,60.0,0.25735,0.0,0.0,60.0,0.0175,0.4194,0.4028,0.01305513432708569,0.009688074268750457,0.0293
Josh Downs,WR,IND,WAS,IND@WAS,False,1.0,,False,,,,,,,,,,,,,0.0,0.414,0.52645,64,0.0,0.0,0.0,97.0,66.20535680294887,36.37600058621802,88.16580891956298,75.0,5.5889,4.0,7.0,82.0,0.52645,0.0,8.68685,0.004234097619595359,0.20433937833760832,0.414
Ashton Dulin,WR,IND,WAS,IND@WAS,False,0.7549608892548374,Questionable; Full,False,,,,,,,,,,,,,0.0,0.05092838196286472,0.05212201591511936,1,0.0,0.0,0.0,46.0,9.517093602749437,0.0,14.213543291648685,12.0,0.7529177718832891,0.0,1.0,16.0,0.05212201591511936,0.0,1.1762599469496022,0.006351146429393038,0.02949662056359085,0.03844893653499437
Anthony Gould,WR,IND,WAS,IND@WAS,False,1.0,,False,,,,,,,,,,,,,0.0,0.0133,0.0134,1,0.0,0.0,0.0,60.0,2.567947465285543,0.0,0.0,60.0,0.2027,0.0,0.0,60.0,0.0134,0.0,0.31395,0.005080917143514431,0.007373447342728105,0.0133
Seth McGowan,RB,IND,WAS,IND@WAS,False,1.0,,False,,,,,,,,,,,,,0.14175,0.15075,0.16545,11,15.880575689301763,4.27254713022437,20.72990441009039,34.0,3.7843744755892024,0.0,4.875285572935082,27.0,0.51375,0.0,1.0,7.0,0.0237,3.8775,0.6662,0.11934294658762354,0.01484945448596578,0.15075
Andrew Ogletree,TE,IND,WAS,IND@WAS,False,1.0,,False,,,,,,,,,,,,,0.0,0.0357,0.03635,4,0.0,0.0,0.0,63.0,6.413070106480035,0.0,9.449026931747877,19.0,0.63795,0.0,1.0,16.0,0.03635,0.0,0.9101,0.004234097619595359,0.020283965765838994,0.0357
Jonathan Taylor,RB,IND,WAS,IND@WAS,False,0.9508674235277402,Full,False,,,,,,,,,,,,,0.7224062680759321,0.6336435820581585,0.9555134879318504,84,86.12506294146266,60.897705809153706,105.95047746976303,80.0,28.507846680206367,12.832786322022042,39.415731880009744,68.0,3.7330283430614712,2.0,5.0,72.0,0.2331072198559184,20.577535888941473,4.718620181942472,0.7227979778520776,0.10662468522123161,0.6025110403065295
Laquon Treadwell,WR,IND,WAS,IND@WAS,False,1.0,,False,,,,,,,,,,,,,0.0,0.043,0.04385,9,0.0,0.0,0.0,68.0,10.314523363581323,0.0,15.678569526432312,22.0,0.7696,0.0,1.0,29.0,0.04385,0.0,1.17745,0.004234097619595359,0.02766083386441836,0.043
Tyler Warren,TE,IND,WAS,IND@WAS,False,1.0,,False,,,,,,,,,,,,,0.01375,0.4299,0.5487,55,1.9047342089982773,0.0,0.4395406031866582,88.0,65.67066108092533,38.73549094577473,86.02316177244536,74.0,6.90165,5.0,9.0,78.0,0.53495,0.4305,9.76515,0.013197409112690371,0.22208651744733474,0.4299
Marcus Mariota,QB,WAS,IND,IND@WAS,False,1.0,,False,20.30565,17.0,23.0,69.0,229.2049431070414,172.88382739951888,274.50939319977823,64.0,1.5265,1.0,2.0,58.0,0.1523,0.1414,0.1523,37,,,,,,,,,,,,,,,,,,0.1414
Kaytron Allen,RB,WAS,IND,IND@WAS,False,1.0,,False,,,,,,,,,,,,,0.0791,0.081,0.0834,22,14.133436129227205,3.5422254750770397,19.642740971465663,31.0,0.6762269462187511,0.0,0.0,65.0,0.0925,0.0,0.0,65.0,0.0043,3.0096,0.12785,0.07861718138388828,0.0038034958122500715,0.081
John Bates,TE,WAS,IND,IND@WAS,False,1.0,,False,,,,,,,,,,,,,0.0,0.08055,0.0837,11,0.0,0.0,0.0,65.0,9.118749440411225,0.0,14.185372862268633,19.0,0.93375,0.0,1.0,33.0,0.0837,0.0,1.39195,0.0033335219393587755,0.034271209042520505,0.08055
Dyami Brown,WR,WAS,IND,IND@WAS,False,1.0,,False,,,,,,,,,,,,,0.0,0.1298,0.137,19,0.0,0.0,0.0,72.0,19.457622966752755,3.35215857566857,28.975831897986318,33.0,1.7578,1.0,3.0,38.0,0.137,0.0,2.96845,0.0033335219393587755,0.07299162430800638,0.1298
Treylon Burks,WR,WAS,IND,IND@WAS,False,1.0,,False,,,,,,,,,,,,,0.0,0.12935,0.1379,9,0.0,0.0,0.0,63.0,19.431037640534218,2.374307418500959,29.162178841144165,22.0,1.6357,1.0,2.0,45.0,0.1379,0.0,2.88875,0.004000226327230531,0.07162474647974579,0.12935
Jacory Croskey-Merritt,RB,WAS,IND,IND@WAS,False,1.0,,False,,,,,,,,,,,,,0.34345,0.31235,0.3718,61,63.131104077063526,40.93349784991072,79.40417468385574,72.0,4.388798445601817,0.0,6.5049208651336,46.0,0.6165,0.0,1.0,41.0,0.02835,15.36715,0.839,0.39918940712735934,0.02425711959796394,0.31235
Stefon Diggs,WR,WAS,IND,IND@WAS,False,1.0,,False,,,,,,,,,,,,,0.0,0.34325,0.4132,55,0.0,0.0,0.0,90.0,55.228278235095964,28.881598581402162,74.55920454222323,65.0,4.808,3.0,6.0,71.0,0.4132,0.0,7.6381,0.0033335219393587755,0.18975821957203062,0.34325
Jaylin Lane,WR,WAS,IND,IND@WAS,False,1.0,,False,,,,,,,,,,,,,0.0,0.0538,0.0548,3,0.0,0.0,0.0,63.0,11.712859127933228,0.0,18.355117013610325,16.0,0.95155,0.0,1.0,31.0,0.0548,0.0,1.61715,0.0033335219393587755,0.040422631107111785,0.0538
Terry McLaurin,WR,WAS,IND,IND@WAS,False,0.6667342299285288,Questionable; Limited,False,,,,,,,,,,,,,0.0,0.27553159628631324,0.3149895178197065,29,0.0,0.0,0.0,60.0,51.07342068469858,23.70869988529801,70.90651099940679,41.0,3.75104821802935,2.0,5.0,44.0,0.3149895178197065,0.0,6.361560347409404,0.0033335219393587755,0.18332672094247834,0.18370634667093336
Chig Okonkwo,TE,WAS,IND,IND@WAS,False,0.9575230478992892,Limited,False,,,,,,,,,,,,,0.0,0.159767648751897,0.1710188916217489,3,0.0,0.0,0.0,60.0,31.53282284395585,13.0985532521273,44.499499204670194,31.0,3.2239258987911454,2.0,4.0,42.0,0.1710188916217489,0.0,4.813648019257942,0.0050002829090381624,0.11956676576009709,0.1529812059886195
Ben Sinnott,TE,WAS,IND,IND@WAS,False,0.9575230478992892,Limited,False,,,,,,,,,,,,,0.0,0.030634115740498718,0.03100005227664802,3,0.0,0.0,0.0,60.0,5.532304747242143,0.0,7.89446823115392,19.0,0.5651628417585864,0.0,1.0,9.0,0.03100005227664802,0.0,0.8479272309059543,0.0033335219393587755,0.020538393728769776,0.029332871873541923
Antonio Williams,WR,WAS,IND,IND@WAS,False,1.0,,False,,,,,,,,,,,,,0.0,0.2096,0.23275,27,0.0,0.0,0.0,75.0,34.18792069915903,12.951734176561468,48.55190320249797,44.0,2.8377,1.0,4.0,43.0,0.23275,0.0,4.54285,0.0033335219393587755,0.11319162781627881,0.2096
Colson Yankoff,TE,WAS,IND,IND@WAS,False,1.0,,False,,,,,,,,,,,,,0.0,0.024,0.02435,4,0.0,0.0,0.0,64.0,4.511834947191225,0.0,5.332701301814423,29.0,0.45645,0.0,1.0,4.0,0.02435,0.0,0.6804,0.0033335219393587755,0.01678339158996669,0.024
Cam Ward,QB,TEN,BAL,TEN@BAL,False,1.0,,False,20.60915,18.0,23.0,92.0,205.59262031483806,157.4046063754713,244.55205810158122,86.0,0.8403,0.0,1.0,63.0,0.12485,0.11715,0.12485,61,,,,,,,,,,,,,,,,,,0.11715
Elic Ayomanor,WR,TEN,BAL,TEN@BAL,False,1.0,,False,,,,,,,,,,,,,0.0,0.16245,0.1769,43,0.0,0.0,0.0,74.0,33.952702877489436,12.54757343208049,48.605428744175256,43.0,2.6506,1.0,4.0,40.0,0.1769,0.0,4.61375,0.003916249950316416,0.12817674761548592,0.16245
Daniel Bellinger,TE,TEN,BAL,TEN@BAL,False,1.0,,False,,,,,,,,,,,,,0.0,0.0267,0.02705,7,0.0,0.0,0.0,66.0,8.50261493235469,0.0,13.157661825766901,20.0,0.9048,0.0,1.0,33.0,0.02705,0.0,1.33335,0.003916249950316416,0.0403877529490561,0.0267
Julius Chestnut,RB,TEN,BAL,TEN@BAL,False,1.0,,False,,,,,,,,,,,,,0.00895,0.0109,0.01095,1,2.021210526562178,0.0,0.9550249433842739,46.0,0.6909387020752356,0.0,0.0,60.0,0.10115,0.0,0.0,60.0,0.002,0.4554,0.13725,0.01575545560465996,0.003863917885209165,0.0109
Chimere Dike,WR,TEN,BAL,TEN@BAL,False,1.0,,False,,,,,,,,,,,,,0.0,0.0475,0.04855,4,0.0,0.0,0.0,63.0,14.168869042791687,0.0,21.249245357609244,18.0,1.47065,0.0,2.0,22.0,0.04855,0.0,2.3324,0.003916249950316416,0.06436667964399567,0.0475
Gunnar Helm,TE,TEN,BAL,TEN@BAL,False,1.0,,False,,,,,,,,,,,,,0.0,0.1244,0.1308,36,0.0,0.0,0.0,78.0,25.44798347141849,9.98453651464925,36.1680219684134,47.0,2.8973,2.0,4.0,57.0,0.1308,0.0,4.1299,0.003916249950316416,0.12582907651581074,0.1244
Tony Pollard,RB,TEN,BAL,TEN@BAL,False,0.9508674235277402,Full,False,,,,,,,,,,,,,0.3791289711760993,0.3485693246370713,0.4238375762676205,78,66.91598572558162,43.800240796722484,85.00770312184916,72.0,11.135541560470976,1.598676679388237,16.49040723521467,52.0,1.700873132758258,1.0,3.0,56.0,0.04470860509152114,14.545707973911213,2.262781401220282,0.5531406939270431,0.062499661100723136,0.33144321563845647
Calvin Ridley,WR,TEN,BAL,TEN@BAL,False,1.0,,False,,,,,,,,,,,,,0.0,0.05795,0.0595,5,0.0,0.0,0.0,65.0,21.836135870920913,4.484485275462853,32.49365298384784,26.0,1.81175,1.0,3.0,32.0,0.0595,0.0,3.097,0.003916249950316416,0.08522327060765761,0.05795
Wan'Dale Robinson,WR,TEN,BAL,TEN@BAL,False,1.0,,False,,,,,,,,,,,,,0.0,0.1725,0.1886,48,0.0,0.0,0.0,89.0,43.530872461067005,22.19552367443258,59.2335776252138,63.0,4.307,3.0,6.0,68.0,0.1886,0.0,6.8082,0.003916249950316416,0.18848402126991512,0.1725
Nicholas Singleton,RB,TEN,BAL,TEN@BAL,False,1.0,,False,,,,,,,,,,,,,0.0453,0.04885,0.04995,8,10.200943312269288,1.3220241228858007,13.721775222697033,26.0,1.207685517751493,0.0,0.0,62.0,0.1744,0.0,0.0,62.0,0.00465,2.388,0.2366,0.08344204357451426,0.006555824082885112,0.04885
Tyjae Spears,RB,TEN,BAL,TEN@BAL,False,0.7075836643559986,Questionable; Full,False,,,,,,,,,,,,,0.11711260552296465,0.1619688081270568,0.17491772785806267,17,24.992708335320494,10.721626250150338,33.875272230633,35.0,14.185264869918448,3.8898418191923163,20.778816694043886,29.0,2.1256975246816427,1.0,3.0,34.0,0.05780512233509801,5.704750321934468,2.745385605952211,0.22218593794611782,0.0837617310257656,0.1146064827659165
Carnell Tate,WR,TEN,BAL,TEN@BAL,False,1.0,,False,,,,,,,,,,,,,0.0,0.14865,0.16065,41,0.0,0.0,0.0,92.0,50.23007695198775,26.991780115719912,67.64007794065125,68.0,4.65315,3.0,6.0,73.0,0.16065,0.0,7.44075,0.003916249950316416,0.2054629431648236,0.14865
Lamar Jackson,QB,BAL,TEN,TEN@BAL,False,0.98,Full,False,17.32356389214537,15.0,20.0,83.0,192.77934902361395,140.74530740128057,233.81711789399992,78.0,1.4159233396197564,1.0,2.0,71.0,0.23349813955859117,0.2106631326775065,0.23349813955859117,54,,,,,,,,,,,,,,,,,,0.20644987002395637
Rasheen Ali,RB,BAL,TEN,TEN@BAL,False,1.0,,False,,,,,,,,,,,,,0.02555,0.0563,0.05805,1,2.963326966748774,0.0,3.296993466537509,27.0,4.250413619612745,0.0,6.01468010927826,18.0,0.5847,0.0,1.0,9.0,0.0325,0.7156,0.74655,0.02088902312650093,0.01921409995921496,0.0563
Mark Andrews,TE,BAL,TEN,TEN@BAL,False,0.9479829842591244,Full,False,,,,,,,,,,,,,0.0,0.3160638129837309,0.37387458537355867,35,0.0,0.0,0.0,84.0,49.903382493721175,25.948847494792915,67.09951705606908,61.0,5.257884483757174,3.0,7.0,62.0,0.37387458537355867,0.0,7.363818248828516,0.004189832939065345,0.19783456999272037,0.299623116648635
Rashod Bateman,WR,BAL,TEN,TEN@BAL,False,1.0,,False,,,,,,,,,,,,,0.0,0.2739,0.3205,34,0.0,0.0,0.0,81.0,39.87013512852479,15.642597521938598,56.50235489030243,50.0,3.1644,2.0,4.0,62.0,0.3205,0.0,5.01915,0.004189832939065345,0.12597866564176702,0.2739
Josh Cuevas,TE,BAL,TEN,TEN@BAL,False,1.0,,False,,,,,,,,,,,,,0.0,0.0182,0.01865,2,0.0,0.0,0.0,62.0,3.236853970975397,0.0,0.0,62.0,0.32295,0.0,0.0,62.0,0.01865,0.0,0.44845,0.004189832939065345,0.011822419975294082,0.0182
Zay Flowers,WR,BAL,TEN,TEN@BAL,False,0.6667342299285288,Questionable; Limited,False,,,,,,,,,,,,,0.010777811275248718,0.3883026831474224,0.48191136569189025,19,1.3359672098774642,0.0,0.0,51.0,86.26327117224633,49.21762761452574,113.59371553644549,36.0,5.575293940307507,4.0,7.0,40.0,0.47113355441664156,0.32732891166716915,8.057280675309014,0.00943814998905246,0.24921450437358095,0.2588946904274782
Derrick Henry,RB,BAL,TEN,TEN@BAL,False,1.0,,False,,,,,,,,,,,,,1.10385,0.71675,1.1893,85,95.34442231129559,68.38746431290684,117.55651261949073,84.0,10.800798696103966,0.0,16.229955696844545,55.0,1.47895,0.0,2.0,59.0,0.08545,21.71515,1.9079,0.631681562654459,0.04985149463156766,0.71675
Matthew Hibner,TE,BAL,TEN,TEN@BAL,False,1.0,,False,,,,,,,,,,,,,0.0,0.0909,0.09465,11,0.0,0.0,0.0,65.0,7.3172896604668,0.0,10.996165761629827,20.0,0.73705,0.0,1.0,24.0,0.09465,0.0,1.03875,0.004189832939065345,0.027525703874102046,0.0909
Justice Hill,RB,BAL,TEN,TEN@BAL,False,1.0,,False,,,,,,,,,,,,,0.16545,0.22725,0.25465,14,19.796584632400645,7.4835129203599156,26.875120364837304,43.0,11.60817701648418,0.0,17.441308695478995,28.0,1.56405,0.0,2.0,34.0,0.0892,4.76045,1.98805,0.13847395340698126,0.0513104263548793,0.22725
Durham Smythe,TE,BAL,TEN,TEN@BAL,False,0.9479829842591244,Full,False,,,,,,,,,,,,,0.0,0.07191023074491623,0.07438626066800126,9,0.0,0.0,0.0,60.0,4.34652833374549,0.0,4.9491692133495535,28.0,0.44573806764303026,0.0,1.0,3.0,0.07438626066800126,0.0,0.6190601622589822,0.004189832939065345,0.01641612211368583,0.06816967514032793
Devontez Walker,WR,BAL,TEN,TEN@BAL,False,1.0,,False,,,,,,,,,,,,,0.0,0.06595,0.06795,4,0.0,0.0,0.0,64.0,13.257692253688589,0.0,20.32039595247032,18.0,0.98595,0.0,2.0,4.0,0.06795,0.0,1.49995,0.005027799526878414,0.03755867941962394,0.06595
LaJohntay Wester,WR,BAL,TEN,TEN@BAL,False,1.0,,False,,,,,,,,,,,,,0.0,0.0348,0.03555,7,0.0,0.0,0.0,66.0,6.698519362209465,0.0,9.241858932153368,25.0,0.54875,0.0,1.0,12.0,0.03555,0.0,0.83475,0.004189832939065345,0.021086804748606518,0.0348
Drake Maye,QB,NE,BUF,NE@BUF,False,0.98,Full,False,19.138133387763432,16.0,22.0,84.0,223.6885397238338,168.02056005361376,267.4366431998471,81.0,1.3946522426902077,1.0,2.0,73.0,0.12435576874011328,0.11675256416798489,0.12435576874011328,56,,,,,,,,,,,,,,,,,,0.11441751288462519
Efton Chism III,WR,NE,BUF,NE@BUF,False,1.0,,False,,,,,,,,,,,,,0.0,0.07245,0.07505,10,0.0,0.0,0.0,64.0,7.483086704816502,0.0,10.830429955334981,21.0,0.61305,0.0,1.0,15.0,0.07505,0.0,0.9976,0.004104728878331038,0.02599433436293474,0.07245
Romeo Doubs,WR,NE,BUF,NE@BUF,False,1.0,,False,,,,,,,,,,,,,0.0,0.20775,0.2304,25,0.0,0.0,0.0,78.0,49.97227944460596,21.610858769457415,69.78308246980731,49.0,3.3033,2.0,4.0,59.0,0.2304,0.0,5.44235,0.003420607398609198,0.14054922021133662,0.20775
DeMario Douglas,WR,NE,BUF,NE@BUF,False,1.0,,False,,,,,,,,,,,,,0.0,0.1791,0.1958,30,0.0,0.0,0.0,82.0,36.4158024447328,13.797385805169423,52.090166623148704,51.0,2.74995,1.0,4.0,50.0,0.1958,0.0,4.52415,0.003420607398609198,0.11754833174869968,0.1791
Reggie Gilliam,RB,NE,BUF,NE@BUF,False,0.6469461218980005,Questionable; Limited,False,,,,,,,,,,,,,0.0,0.024677860210855135,0.02530261616556033,2,0.0,0.0,0.0,41.0,3.513290697866014,0.0,4.375194963848398,16.0,0.4542756735650137,0.0,1.0,2.0,0.02530261616556033,0.0,0.6280359234673956,0.0034463422181132495,0.017823402695611345,0.015965245960153703
TreVeyon Henderson,RB,NE,BUF,NE@BUF,False,1.0,,False,,,,,,,,,,,,,0.2703,0.2804,0.327,21,48.46173475511809,29.013202701651725,62.53160665461143,54.0,8.66078230892464,0.0,13.33419963588345,28.0,1.1611,0.0,2.0,23.0,0.0567,11.30305,1.56095,0.3924435384291572,0.04081260347257565,0.2804
Hunter Henry,TE,NE,BUF,NE@BUF,False,1.0,,False,,,,,,,,,,,,,0.0,0.1928,0.21085,23,0.0,0.0,0.0,76.0,35.90454451826972,15.244564660898863,50.274607795965004,47.0,3.2384,2.0,4.0,57.0,0.21085,0.0,4.876,0.003420607398609198,0.1419579598071125,0.1928
Mack Hollins,WR,NE,BUF,NE@BUF,False,1.0,,False,,,,,,,,,,,,,0.0,0.3256,0.3878,50,0.0,0.0,0.0,86.0,49.50281205332135,23.620313834724833,68.04105897335447,59.0,3.85375,2.0,5.0,62.0,0.3878,0.0,6.0797,0.003420607398609198,0.15778306240303785,0.3256
Corey Kiner,RB,NE,BUF,NE@BUF,False,1.0,,False,,,,,,,,,,,,,0.07235,0.08125,0.0848,12,11.883146557435026,2.906201340843936,15.825097711434692,38.0,1.9397036388665183,0.0,0.0,71.0,0.25085,0.0,0.0,71.0,0.01245,3.1551,0.34925,0.1105084174304975,0.009062667900630667,0.08125
Lan Larison,RB,NE,BUF,NE@BUF,False,1.0,,False,,,,,,,,,,,,,0.00345,0.0456,0.0465,2,0.6038128469614759,0.0,0.0,62.0,6.54184950847112,0.0,10.067897680850907,16.0,0.8508,0.0,1.0,27.0,0.04305,0.1449,1.1668,0.005104368803723028,0.03069220871512116,0.0456
Cameron Latu,TE,NE,BUF,NE@BUF,False,1.0,,False,,,,,,,,,,,,,0.0,0.00195,0.00195,1,0.0,0.0,0.0,60.0,0.42244057655482936,0.0,0.0,60.0,0.0404,0.0,0.0,60.0,0.00195,0.0,0.0599,0.003420607398609198,0.0018109767442914804,0.00195
Eli Raridon,TE,NE,BUF,NE@BUF,False,0.6667342299285288,Questionable; Limited,False,,,,,,,,,,,,,0.0,0.05600358422939068,0.05787037037037037,6,0.0,0.0,0.0,42.0,4.486558813714218,0.0,5.2899823115340725,18.0,0.43481182795698925,0.0,1.0,2.0,0.05787037037037037,0.0,0.6574074074074074,0.004104728878331038,0.020575221191581387,0.0373395066044203
Rhamondre Stevenson,RB,NE,BUF,NE@BUF,False,1.0,,False,,,,,,,,,,,,,0.21985,0.29945,0.35115,44,31.061350849981174,15.730267810751876,40.87397366466652,71.0,24.19266956253837,9.398663453894137,34.35611743553763,64.0,2.8516,1.0,4.0,64.0,0.1313,7.63485,3.79415,0.26623890526220995,0.09952766459605898,0.29945
Kyle Williams,WR,NE,BUF,NE@BUF,False,1.0,,False,,,,,,,,,,,,,0.0,0.06065,0.0624,9,0.0,0.0,0.0,68.0,13.043262223848876,0.0,20.31306049384554,21.0,0.96565,0.0,2.0,8.0,0.0624,0.0,1.71235,0.003420607398609198,0.04437913907952491,0.06065
Josh Allen,QB,BUF,NE,NE@BUF,False,1.0,,False,17.2629,15.0,20.0,90.0,213.35135074571286,158.04271878866925,257.24216305214213,84.0,1.61595,1.0,2.0,80.0,0.42805,0.3531,0.42805,60,,,,,,,,,,,,,,,,,,0.3531
Keon Coleman,WR,BUF,NE,NE@BUF,False,0.9575230478992892,Limited,False,,,,,,,,,,,,,0.0,0.17613903240958195,0.1923699180627316,20,0.0,0.0,0.0,71.0,26.69465403802374,7.199164873834485,38.95589920887173,37.0,2.077501174260216,1.0,3.0,44.0,0.1923699180627316,0.0,3.3676739209853346,0.003959113026160915,0.11333156500661175,0.1686571831668546
James Cook,RB,BUF,NE,NE@BUF,False,1.0,,False,,,,,,,,,,,,,0.9028,0.68165,1.08515,85,96.92911053638294,68.86460206577938,119.92045801331142,84.0,13.908817878121335,2.0532547892388204,20.644589492878,60.0,1.6633,1.0,2.0,82.0,0.18235,17.82145,2.2994,0.5738047511578297,0.07437672408091413,0.68165
Ray Davis,RB,BUF,NE,NE@BUF,False,0.6469461218980005,Questionable; Limited,False,,,,,,,,,,,,,0.06631238447319779,0.07817313616759088,0.08271719038817006,1,7.324916014491887,0.0,10.027826790254498,13.0,1.8473935024390784,0.0,0.0,39.0,0.223120764017252,0.0,0.0,39.0,0.016404805914972273,1.6424060382008625,0.3107670979667283,0.054305774939304295,0.010831313726771204,0.050573807280227236
Greg Dortch,WR,BUF,NE,NE@BUF,False,1.0,,False,,,,,,,,,,,,,0.0,0.03155,0.0322,1,0.0,0.0,0.0,60.0,5.155194641902942,0.0,5.978670302566469,25.0,0.42425,0.0,1.0,1.0,0.0322,0.0,0.67005,0.003959113026160915,0.022544626678764963,0.03155
Frank Gore Jr.,RB,BUF,NE,NE@BUF,False,1.0,,False,,,,,,,,,,,,,0.13395,0.1342,0.14175,1,14.192113102339968,3.9866404069164023,19.476439994338797,28.0,0.9189050276903021,0.0,0.0,61.0,0.1121,0.0,0.0,61.0,0.0078,3.2751,0.1573,0.10610591379796977,0.004953796734762246,0.1342
Jackson Hawes,TE,BUF,NE,NE@BUF,False,1.0,,False,,,,,,,,,,,,,0.0,0.0275,0.02795,2,0.0,0.0,0.0,62.0,4.489114052764572,0.0,4.801807950488113,30.0,0.4031,0.0,1.0,2.0,0.02795,0.0,0.61635,0.003959113026160915,0.022073778545525103,0.0275
Ty Johnson,RB,BUF,NE,NE@BUF,False,1.0,,False,,,,,,,,,,,,,0.0272,0.1377,0.14845,4,3.170993361477336,0.0,3.5667356386992983,30.0,17.297663041899256,3.852996393395109,25.59761951002531,26.0,1.8675,1.0,3.0,31.0,0.12125,0.7231,2.62265,0.023271027301122724,0.08514220090294018,0.1377
Dalton Kincaid,TE,BUF,NE,NE@BUF,False,1.0,,False,,,,,,,,,,,,,0.0,0.2229,0.24875,35,0.0,0.0,0.0,87.0,43.04876769292452,18.80284338623059,60.336207289018745,58.0,3.29695,2.0,4.0,69.0,0.24875,0.0,4.8411,0.003959113026160915,0.1751742787490198,0.2229
Dawson Knox,TE,BUF,NE,NE@BUF,False,1.0,,False,,,,,,,,,,,,,0.00985,0.1078,0.1141,13,1.1119704389642318,0.0,0.0,66.0,11.668185460918869,0.0,18.019493821584064,20.0,1.0437,0.0,2.0,9.0,0.10425,0.2459,1.5682,0.007958217092990123,0.05616927416501355,0.1078
Keleki Latu,TE,BUF,NE,NE@BUF,False,1.0,,False,,,,,,,,,,,,,0.0,0.0052,0.0052,1,0.0,0.0,0.0,60.0,0.8622701270775791,0.0,0.0,60.0,0.0755,0.0,0.0,60.0,0.0052,0.0,0.11405,0.003959113026160915,0.004143780788528634,0.0052
DJ Moore,WR,BUF,NE,NE@BUF,False,0.9575230478992892,Limited,False,,,,,,,,,,,,,0.009746182310939698,0.28649606504404024,0.3319956220357534,41,1.0559668931204826,0.0,0.0,85.0,48.252600712427515,21.195143409443972,66.57360541657206,58.0,3.27258039297441,2.0,4.0,67.0,0.3222494397248137,0.23369990097461824,5.49512690884453,0.007624958420754353,0.18465351018489073,0.2743265854121224
Josh Palmer,WR,BUF,NE,NE@BUF,False,1.0,,False,,,,,,,,,,,,,0.0,0.0872,0.09125,9,0.0,0.0,0.0,68.0,19.07352077412766,0.0,29.225951211278005,22.0,1.1868,0.0,2.0,17.0,0.09125,0.0,2.033,0.003959113026160915,0.06758716995596198,0.0872
Khalil Shakir,WR,BUF,NE,NE@BUF,False,1.0,,False,,,,,,,,,,,,,0.0,0.31265,0.37185,48,0.0,0.0,0.0,84.0,38.990390916224705,16.784402508257923,54.360089306387835,55.0,3.14205,2.0,4.0,65.0,0.37185,0.0,5.07355,0.003959113026160915,0.16828850277929394,0.31265
Geno Smith,QB,NYJ,CHI,NYJ@CHI,False,1.0,,False,20.34595,17.0,23.0,91.0,234.94924670669147,180.3017693748423,280.0196878768425,87.0,1.17815,0.0,2.0,49.0,0.1931,0.17585,0.1931,62,,,,,,,,,,,,,,,,,,0.17585
Braelon Allen,RB,NYJ,CHI,NYJ@CHI,False,1.0,,False,,,,,,,,,,,,,0.46495,0.4965,0.66155,54,67.51087262160699,44.31467973530136,85.52612771393328,61.0,10.67137265816516,0.0,16.38660617429199,33.0,1.3275,0.0,2.0,34.0,0.1966,15.46335,1.72415,0.23478858634676514,0.030165411344866562,0.4965
Andrew Beck,RB,NYJ,CHI,NYJ@CHI,False,1.0,,False,,,,,,,,,,,,,0.02455,0.035,0.03555,1,4.370298923191671,0.0,5.3398079106785215,23.0,2.43508650809617,0.0,0.0,60.0,0.2955,0.0,0.0,60.0,0.011,0.926,0.38495,0.014021137332171342,0.006716844245156507,0.035
Isaiah Davis,RB,NYJ,CHI,NYJ@CHI,False,1.0,,False,,,,,,,,,,,,,0.03045,0.06135,0.06305,1,6.416223886099673,0.0,8.626445527844973,20.0,7.375054534768485,0.0,11.112673028538783,15.0,0.85375,0.0,1.0,25.0,0.0326,1.2717,1.1141,0.019252381206994136,0.019492222456292747,0.06135
Malik McClain,WR,NYJ,CHI,NYJ@CHI,False,1.0,,False,,,,,,,,,,,,,0.0,0.0086,0.0086,1,0.0,0.0,0.0,60.0,2.8558884121437527,0.0,0.0,60.0,0.20535,0.0,0.0,60.0,0.0086,0.0,0.31415,0.005909963665050036,0.005740579257988565,0.0086
Jamaal Pritchett,WR,NYJ,CHI,NYJ@CHI,False,1.0,,False,,,,,,,,,,,,,0.0,0.00785,0.0079,1,0.0,0.0,0.0,60.0,2.4141957061319257,0.0,0.0,60.0,0.1773,0.0,0.0,60.0,0.0079,0.0,0.2769,0.005909963665050036,0.005045430988466511,0.00785
Jeremy Ruckert,TE,NYJ,CHI,NYJ@CHI,False,0.9479829842591244,Full,False,,,,,,,,,,,,,0.0,0.1574367088607595,0.1705168776371308,24,0.0,0.0,0.0,69.0,20.093046071130985,4.136943742437155,29.886688576027606,33.0,1.9728902953586498,1.0,3.0,40.0,0.1705168776371308,0.0,2.689240506329114,0.003939975776700024,0.05291565284241248,0.14924732109775773
Kenyon Sadiq,TE,NYJ,CHI,NYJ@CHI,False,0.6667342299285288,Questionable; Limited,False,,,,,,,,,,,,,0.07215189873417721,0.227475800446761,0.2539836187639613,20,2.245029348459727,0.0,0.5422340586321763,50.0,48.527580335256616,24.43835845619069,66.22205698306948,38.0,4.316604616530157,3.0,6.0,41.0,0.18183172002978407,0.4765450483991065,6.065450483991064,0.007307476440546198,0.1369951058256915,0.1516659026382469
Sterling Shepard,WR,NYJ,CHI,NYJ@CHI,False,1.0,,False,,,,,,,,,,,,,0.0,0.0761,0.0792,1,0.0,0.0,0.0,61.0,24.00163195530399,4.276634861825366,35.618275634810225,22.0,1.8871,1.0,3.0,29.0,0.0792,0.0,2.83525,0.005909963665050036,0.05193267172975959,0.0761
Isaiah Williams,WR,NYJ,CHI,NYJ@CHI,False,1.0,,False,,,,,,,,,,,,,0.0152,0.17875,0.1944,21,2.7635068431369794,0.0,2.1547030561202507,51.0,32.23257779495487,12.452380634518299,45.67070692132394,43.0,3.0728,2.0,4.0,55.0,0.1792,0.58915,4.5157,0.008804143402255608,0.08277554326648588,0.17875
Garrett Wilson,WR,NYJ,CHI,NYJ@CHI,False,1.0,,False,,,,,,,,,,,,,0.0,0.35185,0.42335,50,0.0,0.0,0.0,97.0,113.97568332350575,72.57922112062792,146.73087153711862,80.0,8.8588,7.0,11.0,86.0,0.42335,0.0,13.4498,0.003939975776700024,0.24603286285780593,0.35185
Jelani Woods,TE,NYJ,CHI,NYJ@CHI,False,1.0,,False,,,,,,,,,,,,,0.0,0.01155,0.01155,2,0.0,0.0,0.0,62.0,3.2399037374665913,0.0,0.0,62.0,0.28855,0.0,0.0,62.0,0.01155,0.0,0.4097,0.003939975776700024,0.008119210245422335,0.01155
Tyson Bagent,QB,CHI,NYJ,NYJ@CHI,False,1.0,,False,19.07735,16.0,22.0,53.0,196.53986684851748,147.01222621886203,236.58399946196286,49.0,1.37775,1.0,2.0,41.0,0.1711,0.15855,0.1711,21,,,,,,,,,,,,,,,,,,0.15855
Luther Burden III,WR,CHI,NYJ,NYJ@CHI,False,1.0,,False,,,,,,,,,,,,,0.0106,0.28655,0.33175,73,1.579873512884051,0.0,0.0,91.0,40.94933845127566,19.24124108278032,56.67026988514087,64.0,3.6765,2.0,5.0,67.0,0.32115,0.33365,5.6279,0.010305244691985637,0.19133378722720462,0.28655
Kaden Davis,WR,CHI,NYJ,NYJ@CHI,False,1.0,,False,,,,,,,,,,,,,0.0,0.0104,0.0104,1,0.0,0.0,0.0,60.0,2.367864855871209,0.0,0.0,60.0,0.2066,0.0,0.0,60.0,0.0104,0.0,0.3364,0.005506739062246349,0.011275716217398493,0.0104
Roschon Johnson,RB,CHI,NYJ,NYJ@CHI,False,1.0,,False,,,,,,,,,,,,,0.0099,0.01455,0.01475,1,1.4451234105312762,0.0,0.0,60.0,0.6778881504338727,0.0,0.0,60.0,0.10245,0.0,0.0,60.0,0.00485,0.31725,0.1383,0.009644007187102652,0.004653028498385358,0.01455
Cole Kmet,TE,CHI,NYJ,NYJ@CHI,False,1.0,,False,,,,,,,,,,,,,0.0,0.0654,0.0672,7,0.0,0.0,0.0,67.0,12.393855221489494,0.0,18.958165627196475,21.0,1.3036,0.0,2.0,21.0,0.0672,0.0,1.99505,0.0036711593748308996,0.07057297439755689,0.0654
Colston Loveland,TE,CHI,NYJ,NYJ@CHI,False,1.0,,False,,,,,,,,,,,,,0.0,0.1821,0.19925,30,0.0,0.0,0.0,72.0,25.557961368890687,9.681586789159184,36.296241661321346,41.0,2.7148,1.0,4.0,39.0,0.19925,0.0,4.01695,0.0036711593748308996,0.14183715580885023,0.1821
Kyle Monangai,RB,CHI,NYJ,NYJ@CHI,False,1.0,,False,,,,,,,,,,,,,0.321,0.33155,0.39705,62,44.33056633759603,24.524930560902064,58.20420245994564,59.0,7.0347100895542,0.0,10.821254845971296,35.0,1.04815,0.0,2.0,24.0,0.07605,8.33535,1.49365,0.2560962134541158,0.04917172397461692,0.33155
Rome Odunze,WR,CHI,NYJ,NYJ@CHI,False,1.0,,False,,,,,,,,,,,,,0.0,0.20825,0.23105,30,0.0,0.0,0.0,78.0,42.12677683562471,18.467107689793444,59.04411304998513,49.0,3.22585,2.0,4.0,59.0,0.23105,0.0,5.508,0.0036711593748308996,0.18654489546444142,0.20825
Kalif Raymond,WR,CHI,NYJ,NYJ@CHI,False,1.0,,False,,,,,,,,,,,,,0.0,0.2059,0.22705,48,0.0,0.0,0.0,89.0,35.50639004940249,15.436490062973359,49.83998105152575,59.0,3.27595,2.0,4.0,70.0,0.22705,0.0,4.9012,0.0036711593748308996,0.16507778349184551,0.2059
Sam Roush,TE,CHI,NYJ,NYJ@CHI,False,1.0,,False,,,,,,,,,,,,,0.0,0.0495,0.0508,11,0.0,0.0,0.0,65.0,5.65113091006439,0.0,8.235672789252314,22.0,0.6153,0.0,1.0,17.0,0.0508,0.0,0.9114,0.0036711593748308996,0.0322373795249698,0.0495
D'Andre Swift,RB,CHI,NYJ,NYJ@CHI,False,0.9508674235277402,Full,False,,,,,,,,,,,,,0.594340118878544,0.5225395823470622,0.7129556572510651,77,70.76649666336091,47.33926857587727,89.25713951414497,72.0,14.804797959318298,4.127641182952981,21.731213048765845,55.0,2.0925779811687972,1.0,3.0,62.0,0.11861553837252117,14.437167955394246,2.8539266740308245,0.46391466934679054,0.09415438828880474,0.4968658663576125
Zavion Thomas,WR,CHI,NYJ,NYJ@CHI,False,1.0,,False,,,,,,,,,,,,,0.0,0.01675,0.0169,1,0.0,0.0,0.0,61.0,3.320926720953327,0.0,0.0,61.0,0.29585,0.0,0.0,61.0,0.0169,0.0,0.47075,0.0036711593748308996,0.0158355534296039,0.01675
Jahdae Walker,WR,CHI,NYJ,NYJ@CHI,False,1.0,,False,,,,,,,,,,,,,0.0,0.0539,0.05485,7,0.0,0.0,0.0,61.0,6.069198544512813,0.0,8.635182113342083,19.0,0.545,0.0,1.0,6.0,0.05485,0.0,0.8676,0.0036711593748308996,0.02915928246233834,0.0539
Trevor Lawrence,QB,JAX,CIN,JAX@CIN,False,1.0,,False,17.9343,15.0,21.0,86.0,213.7886623750074,158.52882138075591,258.326407025259,82.0,1.73165,1.0,2.0,79.0,0.08015,0.07735,0.08015,57,,,,,,,,,,,,,,,,,,0.07735
Ameer Abdullah,RB,JAX,CIN,JAX@CIN,False,1.0,,False,,,,,,,,,,,,,0.07855,0.1556,0.16775,17,13.909455383852736,3.747753009019546,19.26242125813045,37.0,6.356097205817223,0.0,9.8396992413163,24.0,0.8567,0.0,1.0,36.0,0.0892,2.9903,1.1711,0.1012339773294711,0.03897586367971787,0.1556
LeQuint Allen Jr.,RB,JAX,CIN,JAX@CIN,False,0.9951309141019752,Limited,False,,,,,,,,,,,,,0.011559531587676534,0.08403276875910941,0.08734985173644268,10,2.0111742203556484,0.0,0.7797260226837328,52.0,4.78912041977054,0.0,7.1693539843194936,19.0,0.6326581896768357,0.0,1.0,17.0,0.07579032014876615,0.42654671558526414,0.8663617630798612,0.014411611963900142,0.028842503785887787,0.08362360598977245
Nate Boerkircher,TE,JAX,CIN,JAX@CIN,False,0.9479829842591244,Full,False,,,,,,,,,,,,,0.0,0.06548244692032794,0.06763716628126971,9,0.0,0.0,0.0,60.0,4.53419482666575,0.0,5.598342103624413,25.0,0.4513348749211688,0.0,1.0,3.0,0.06763716628126971,0.0,0.6694345175530797,0.003731281965321853,0.02316884689475601,0.06207624544812219
Josh Cameron,WR,JAX,CIN,JAX@CIN,False,1.0,,False,,,,,,,,,,,,,0.0,0.14035,0.15035,18,0.0,0.0,0.0,66.0,13.584339704402048,0.0,21.145229116636656,20.0,1.08095,0.0,2.0,11.0,0.15035,0.0,1.73745,0.003731281965321853,0.055206768305918905,0.14035
Jakobi Meyers,WR,JAX,CIN,JAX@CIN,False,0.9479829842591244,Full,False,,,,,,,,,,,,,0.0060009475180291625,0.28757172185081853,0.33273674790756436,29,1.0515278780180066,0.0,0.0,74.0,44.8807074593108,20.829207466752923,62.1471059845378,47.0,3.625993577933358,2.0,5.0,50.0,0.3267358003895352,0.2267726483128915,5.669947886508396,0.007618034012532117,0.18433128756821218,0.2726130990686738
Quintin Morris,TE,JAX,CIN,JAX@CIN,False,1.0,,False,,,,,,,,,,,,,0.0,0.03485,0.03555,4,0.0,0.0,0.0,63.0,5.127447888905216,0.0,7.0652623856665535,22.0,0.50785,0.0,1.0,4.0,0.03555,0.0,0.75875,0.003731281965321853,0.026344403442872016,0.03485
Chris Rodriguez Jr.,RB,JAX,CIN,JAX@CIN,False,1.0,,False,,,,,,,,,,,,,0.2619,0.23835,0.26875,42,30.75418493180367,15.500457897820123,41.277995538484625,48.0,0.9207737862080038,0.0,0.0,73.0,0.12275,0.0,0.0,73.0,0.00685,6.89175,0.1695,0.23408361488355425,0.005406753480438396,0.23835
Brenton Strange,TE,JAX,CIN,JAX@CIN,False,1.0,,False,,,,,,,,,,,,,0.0,0.2334,0.2638,29,0.0,0.0,0.0,76.0,31.97030250406275,12.882242489559657,44.94996173381514,46.0,3.01475,2.0,4.0,56.0,0.2638,0.0,4.39465,0.003731281965321853,0.15382111911821386,0.2334
Brian Thomas Jr.,WR,JAX,CIN,JAX@CIN,False,1.0,,False,,,,,,,,,,,,,0.0,0.2194,0.2455,21,0.0,0.0,0.0,79.0,44.33661764099888,19.010171969394566,62.145027760991965,50.0,3.24315,2.0,4.0,61.0,0.2455,0.0,5.53565,0.003731281965321853,0.17753827286255672,0.2194
Bhayshul Tuten,RB,JAX,CIN,JAX@CIN,False,1.0,,False,,,,,,,,,,,,,0.3956,0.40365,0.5056,77,61.64072893637866,39.97528797816661,78.00720538004961,77.0,9.114664857247861,0.0,13.902936369988538,50.0,1.20595,0.0,2.0,46.0,0.11,12.77565,1.63405,0.43244341261558644,0.05404793252586473,0.40365
Parker Washington,WR,JAX,CIN,JAX@CIN,False,1.0,,False,,,,,,,,,,,,,0.0,0.3634,0.4444,57,0.0,0.0,0.0,97.0,63.50977346893232,33.06521018931877,85.7945824510384,72.0,4.461,3.0,6.0,77.0,0.4444,0.0,7.32385,0.003731281965321853,0.23450791901632653,0.3634
Joe Burrow,QB,CIN,JAX,JAX@CIN,False,1.0,,False,21.277,18.0,24.0,92.0,246.88761617614847,186.3224082169541,296.18168768642806,87.0,1.9523,1.0,3.0,69.0,0.04895,0.04795,0.04895,62,,,,,,,,,,,,,,,,,,0.04795
Erick All,TE,CIN,JAX,JAX@CIN,False,1.0,,False,,,,,,,,,,,,,0.0,0.03895,0.03975,5,0.0,0.0,0.0,65.0,6.109680406484321,0.0,8.700205595001854,22.0,0.57535,0.0,1.0,13.0,0.03975,0.0,0.82085,0.00413472599357225,0.021523188759094373,0.03895
Tahj Brooks,RB,CIN,JAX,JAX@CIN,False,1.0,,False,,,,,,,,,,,,,0.01965,0.0262,0.02645,1,2.8789608799402537,0.0,3.2821470569944786,26.0,0.9713049479237922,0.0,0.0,60.0,0.1224,0.0,0.0,60.0,0.0068,0.6882,0.159,0.02667412687861754,0.004337945783848672,0.0262
Chase Brown,RB,CIN,JAX,JAX@CIN,False,1.0,,False,,,,,,,,,,,,,0.53125,0.5628,0.7986,82,67.79569868818473,45.20864856679299,85.28893375824362,82.0,26.060358189468317,11.462757353284992,36.28662994169128,71.0,3.51485,2.0,5.0,74.0,0.26735,16.32825,4.5296,0.6472878408039563,0.1265709806088277,0.5628
Ja'Marr Chase,WR,CIN,JAX,JAX@CIN,False,1.0,,False,,,,,,,,,,,,,0.0,0.49165,0.6478,66,0.0,0.0,0.0,97.0,76.50099416301633,45.14415902021626,100.40750168596651,78.0,6.3088,4.0,8.0,81.0,0.6478,0.0,9.4882,0.00413472599357225,0.2650837233849418,0.49165
Mike Gesicki,TE,CIN,JAX,JAX@CIN,False,1.0,,False,,,,,,,,,,,,,0.0,0.2711,0.3114,29,0.0,0.0,0.0,76.0,33.42348696750674,13.155041800246748,47.34841253721886,45.0,2.94525,2.0,4.0,56.0,0.3114,0.0,4.2277,0.00413472599357225,0.11094734731330717,0.2711
Tee Higgins,WR,CIN,JAX,JAX@CIN,False,1.0,,False,,,,,,,,,,,,,0.0,0.31725,0.3784,46,0.0,0.0,0.0,97.0,67.8120719702665,34.43574312341913,92.40803833140427,71.0,4.30195,3.0,6.0,76.0,0.3784,0.0,6.78245,0.00413472599357225,0.19010284318632523,0.31725
Tanner Hudson,TE,CIN,JAX,JAX@CIN,False,1.0,,False,,,,,,,,,,,,,0.0,0.06555,0.0673,4,0.0,0.0,0.0,64.0,11.26594801606373,0.0,16.97090675787512,19.0,1.04685,0.0,2.0,7.0,0.0673,0.0,1.4409,0.0049616711922867,0.03740035518705615,0.06555
Dohnte Meyers,WR,CIN,JAX,JAX@CIN,False,1.0,,False,,,,,,,,,,,,,0.0066,0.0996,0.10485,12,0.9817741057873606,0.0,0.0,71.0,17.262496173732302,0.0,26.46131324620485,25.0,1.28345,0.0,2.0,24.0,0.09825,0.22945,1.9853,0.009239325985636756,0.05561048031259868,0.0996
Samaje Perine,RB,CIN,JAX,JAX@CIN,False,1.0,,False,,,,,,,,,,,,,0.1706,0.2401,0.26935,29,21.599246500745444,9.012889993144594,29.215878060611857,48.0,12.897904597168564,0.36327473719529935,19.558513039920918,31.0,1.58285,1.0,2.0,57.0,0.09875,5.20475,2.0352,0.20612089386050284,0.05673666024646542,0.2401
Drew Sample,TE,CIN,JAX,JAX@CIN,False,1.0,,False,,,,,,,,,,,,,0.0,0.1158,0.1225,14,0.0,0.0,0.0,68.0,10.661542462580169,0.0,16.39229112669774,22.0,0.99695,0.0,2.0,8.0,0.1225,0.0,1.3906,0.00413472599357225,0.036992000577719036,0.1158
Ke'Shawn Williams,WR,CIN,JAX,JAX@CIN,False,1.0,,False,,,,,,,,,,,,,0.0,0.00755,0.0076,1,0.0,0.0,0.0,60.0,1.4558269001905126,0.0,0.0,60.0,0.10575,0.0,0.0,60.0,0.0076,0.0,0.1636,0.006202088990358376,0.004542986839624691,0.00755
Dak Prescott,QB,DAL,HOU,DAL@HOU,False,1.0,,False,21.9374,19.0,25.0,92.0,248.26294937597197,189.45958616435968,296.25940619115244,87.0,1.5345,1.0,2.0,80.0,0.08185,0.07945,0.08185,62,,,,,,,,,,,,,,,,,,0.07945
Jake Ferguson,TE,DAL,HOU,DAL@HOU,False,1.0,,False,,,,,,,,,,,,,0.0,0.2298,0.2584,41,0.0,0.0,0.0,78.0,32.10943791683104,14.065888786955268,44.88430179891658,49.0,3.4194,2.0,5.0,51.0,0.2584,0.0,4.71555,0.003788934110224781,0.12892449113833512,0.2298
Ryan Flournoy,WR,DAL,HOU,DAL@HOU,False,1.0,,False,,,,,,,,,,,,,0.0,0.23085,0.25805,54,0.0,0.0,0.0,89.0,34.65862563067166,14.457004608205382,48.782698522572915,59.0,3.0821,2.0,4.0,69.0,0.25805,0.0,4.80175,0.003788934110224781,0.13724462754810904,0.23085
Tyler Goodson,RB,DAL,HOU,DAL@HOU,False,1.0,,False,,,,,,,,,,,,,0.1021,0.1175,0.1245,9,18.186764159811073,6.7992013586171085,24.275909964860773,35.0,3.7281906819144,0.0,5.032221648300767,23.0,0.4998,0.0,1.0,4.0,0.0224,4.3714,0.65365,0.15533001680093902,0.018024068567615528,0.1175
CeeDee Lamb,WR,DAL,HOU,DAL@HOU,False,1.0,,False,,,,,,,,,,,,,0.00695,0.30645,0.35815,60,1.3289345091177474,0.0,0.0,97.0,77.51786598393379,43.15162425698057,103.10066060144376,77.0,5.3843,4.0,7.0,83.0,0.3512,0.30865,8.14005,0.010805478758789188,0.23453211669030724,0.30645
Hunter Luepke,RB,DAL,HOU,DAL@HOU,False,1.0,,False,,,,,,,,,,,,,0.02165,0.0357,0.03615,1,4.0584271757352575,0.0,5.229342568660076,23.0,2.4518462752066417,0.0,0.0,61.0,0.31875,0.0,0.0,61.0,0.0145,0.98375,0.41705,0.03480467659466474,0.011351132874442062,0.0357
Jonathan Mingo,WR,DAL,HOU,DAL@HOU,False,1.0,,False,,,,,,,,,,,,,0.0,0.02155,0.0217,2,0.0,0.0,0.0,62.0,5.083955229416287,0.0,5.4631598198692455,29.0,0.4126,0.0,1.0,2.0,0.0217,0.0,0.63795,0.003788934110224781,0.018586510268320998,0.02155
George Pickens,WR,DAL,HOU,DAL@HOU,False,1.0,,False,,,,,,,,,,,,,0.0,0.2817,0.32385,60,0.0,0.0,0.0,97.0,61.680370810224396,32.96646088794985,82.70708354653448,76.0,4.9584,3.0,6.0,82.0,0.32385,0.0,7.6311,0.003788934110224781,0.21944210798844124,0.2817
Luke Schoonmaker,TE,DAL,HOU,DAL@HOU,False,1.0,,False,,,,,,,,,,,,,0.0,0.0315,0.03195,4,0.0,0.0,0.0,63.0,6.509097879937834,0.0,9.751693231262855,18.0,0.64715,0.0,1.0,17.0,0.03195,0.0,0.9541,0.003788934110224781,0.0261781961012032,0.0315
Brevyn Spann-Ford,TE,DAL,HOU,DAL@HOU,False,1.0,,False,,,,,,,,,,,,,0.0,0.03905,0.03955,5,0.0,0.0,0.0,65.0,8.715098085624074,0.0,13.40212827245555,19.0,0.84745,0.0,1.0,29.0,0.03955,0.0,1.2217,0.003788934110224781,0.0328463930960007,0.03905
KaVontae Turpin,WR,DAL,HOU,DAL@HOU,False,1.0,,False,,,,,,,,,,,,,0.02735,0.1015,0.1066,22,1.6712749137348906,0.0,0.19891904063777172,61.0,14.974118480784814,0.0,22.852661953058416,19.0,1.0917,0.0,2.0,10.0,0.07925,0.3955,1.6689,0.014013042026704347,0.04777100741973718,0.1015
Javonte Williams,RB,DAL,HOU,DAL@HOU,False,1.0,,False,,,,,,,,,,,,,0.4976,0.52135,0.70485,85,63.59731173919416,41.69934392716041,80.28614669250133,82.0,18.579476011786287,7.184202241887505,26.437835116558514,69.0,2.82795,1.0,4.0,68.0,0.20725,15.3552,3.7885,0.5415981468935401,0.10398067628201126,0.52135
C.J. Stroud,QB,HOU,DAL,DAL@HOU,False,1.0,,False,22.16595,19.0,25.0,92.0,245.45804220580234,186.5774109301561,293.53125537856045,87.0,1.7288,1.0,2.0,83.0,0.0939,0.09055,0.0939,62,,,,,,,,,,,,,,,,,,0.09055
Lewis Bond,WR,HOU,DAL,DAL@HOU,False,1.0,,False,,,,,,,,,,,,,0.0,0.02535,0.0256,1,0.0,0.0,0.0,61.0,5.217850755848732,0.0,5.867461496605703,28.0,0.43005,0.0,1.0,1.0,0.0256,0.0,0.692,0.005043335685979333,0.017434048938545523,0.02535
Kayshon Boutte,WR,HOU,DAL,DAL@HOU,False,1.0,,False,,,,,,,,,,,,,0.0,0.1685,0.18345,27,0.0,0.0,0.0,74.0,23.28227363927001,4.279731949141677,34.65275562335616,35.0,1.8163,1.0,3.0,41.0,0.18345,0.0,2.8854,0.004202779738316111,0.07405539583567827,0.1685
Nico Collins,WR,HOU,DAL,DAL@HOU,False,0.9479829842591244,Full,False,,,,,,,,,,,,,0.011050886702099668,0.33178971741304003,0.39767405146555806,22,1.6589794591566174,0.0,0.0,67.0,66.56170708483411,35.89260908452067,89.05843943969025,44.0,5.178550755143925,3.0,7.0,45.0,0.3866231647634584,0.3236331105614903,8.412145450718308,0.012871012948593089,0.21815729774871698,0.3145310064597053
Xavier Hutchinson,WR,HOU,DAL,DAL@HOU,False,1.0,,False,,,,,,,,,,,,,0.01645,0.21985,0.2435,42,2.2202052386227855,0.0,1.47056702322624,74.0,36.27297263175087,14.342032578951615,51.53320480934416,63.0,3.0273,2.0,4.0,74.0,0.22705,0.447,5.083,0.017544937637732332,0.12897755670948935,0.21985
Woody Marks,RB,HOU,DAL,DAL@HOU,False,1.0,,False,,,,,,,,,,,,,0.37885,0.4089,0.51335,55,36.6550314536709,19.81286266070888,48.34233893690943,62.0,9.370559347172899,0.0,14.21046644496538,40.0,1.29155,0.0,2.0,39.0,0.1345,8.26805,1.8015,0.3254418215293464,0.052439376546490245,0.4089
David Montgomery,RB,HOU,DAL,DAL@HOU,False,1.0,,False,,,,,,,,,,,,,0.5847,0.5051,0.68095,81,52.85629024935582,32.62471789929466,67.56529078085907,74.0,8.712749928856773,0.0,13.439601714300693,48.0,1.2242,0.0,2.0,45.0,0.09625,12.21305,1.6271,0.48050976778317295,0.04712366165599306,0.5051
Foster Moreau,TE,HOU,DAL,DAL@HOU,False,1.0,,False,,,,,,,,,,,,,0.0,0.15965,0.17315,25,0.0,0.0,0.0,73.0,16.397531646470206,2.5684198114175323,24.254826035471684,33.0,1.727,1.0,3.0,38.0,0.17315,0.0,2.53945,0.004202779738316111,0.06758461795132445,0.15965
Jaylin Noel,WR,HOU,DAL,DAL@HOU,False,1.0,,False,,,,,,,,,,,,,0.0162,0.0976,0.1016,16,2.3670845802060367,0.0,1.727420605935683,53.0,17.783006753663226,0.0,27.012673802639732,29.0,1.4228,0.0,2.0,32.0,0.0854,0.4676,2.2233,0.018656784129350353,0.05646175690647104,0.0976
Dalton Schultz,TE,HOU,DAL,DAL@HOU,False,0.9575230478992892,Limited,False,,,,,,,,,,,,,0.0,0.2602568117757595,0.2998225284476459,47,0.0,0.0,0.0,96.0,47.03242946636432,24.58082250620361,63.456140771342895,72.0,4.907923582837457,3.0,6.0,78.0,0.2998225284476459,0.0,7.048126109197202,0.004202779738316111,0.1884575305919926,0.24920189564807685
Cade Stover,TE,HOU,DAL,DAL@HOU,False,1.0,,False,,,,,,,,,,,,,0.0,0.0348,0.0355,2,0.0,0.0,0.0,62.0,6.106525613849242,0.0,8.888384154380152,18.0,0.64055,0.0,1.0,15.0,0.0355,0.0,0.94025,0.004202779738316111,0.025231271717919168,0.0348
Jared Wayne,WR,HOU,DAL,DAL@HOU,False,1.0,,False,,,,,,,,,,,,,0.0,0.1807,0.19745,27,0.0,0.0,0.0,79.0,31.684315295536276,11.008595456497943,45.28450683745455,47.0,2.5646,1.0,4.0,44.0,0.19745,0.0,4.25625,0.004202779738316111,0.10867900941266526,0.1807
Jacoby Brissett,QB,ARI,NYG,ARI@NYG,False,1.0,,False,22.33645,19.0,25.0,92.0,205.78928245761819,156.76300536388564,244.72672033951162,87.0,1.58915,1.0,2.0,81.0,0.11405,0.10765,0.11405,62,,,,,,,,,,,,,,,,,,0.10765
Tyler Allgeier,RB,ARI,NYG,ARI@NYG,False,1.0,,False,,,,,,,,,,,,,0.1914,0.2547,0.2892,62,28.20597387735074,13.634235737971068,37.63738139186254,61.0,8.14035201604804,0.0,12.495554672852652,41.0,1.2748,0.0,2.0,40.0,0.0978,6.8691,1.664,0.2631685649469273,0.050214706342924534,0.2547
Kendrick Bourne,WR,ARI,NYG,ARI@NYG,False,1.0,,False,,,,,,,,,,,,,0.0,0.17425,0.18705,36,0.0,0.0,0.0,82.0,29.15512139722776,10.76231504724775,41.41587215138247,51.0,2.74875,1.0,4.0,50.0,0.18705,0.0,4.1377,0.003823930748269516,0.11641912720977952,0.17425
Jalen Brooks,WR,ARI,NYG,ARI@NYG,False,1.0,,False,,,,,,,,,,,,,0.0,0.02,0.02025,2,0.0,0.0,0.0,62.0,4.507138432811389,0.0,4.645603671344684,31.0,0.4035,0.0,1.0,2.0,0.02025,0.0,0.6374,0.003823930748269516,0.017403380504758204,0.02
Devin Duvernay,WR,ARI,NYG,ARI@NYG,False,1.0,,False,,,,,,,,,,,,,0.0,0.01475,0.0148,1,0.0,0.0,0.0,60.0,3.0227761119243928,0.0,0.0,60.0,0.27255,0.0,0.0,60.0,0.0148,0.0,0.4237,0.003823930748269516,0.01178817394600256,0.01475
Simi Fehoko,WR,ARI,NYG,ARI@NYG,False,1.0,,False,,,,,,,,,,,,,0.0,0.0096,0.0097,1,0.0,0.0,0.0,60.0,1.9842216215866868,0.0,0.0,60.0,0.1797,0.0,0.0,60.0,0.0097,0.0,0.283,0.003823930748269516,0.0078787259495309,0.0096
Marvin Harrison Jr.,WR,ARI,NYG,ARI@NYG,False,1.0,,False,,,,,,,,,,,,,0.0,0.1341,0.1423,16,0.0,0.0,0.0,74.0,32.39695323713184,11.4265044639781,46.54359163171174,42.0,2.56,1.0,4.0,39.0,0.1423,0.0,4.18945,0.003823930748269516,0.11810291959089204,0.1341
Elijah Higgins,TE,ARI,NYG,ARI@NYG,False,1.0,,False,,,,,,,,,,,,,0.0,0.04385,0.04475,5,0.0,0.0,0.0,65.0,8.77263950640834,0.0,13.609943711261817,18.0,0.99305,0.0,2.0,5.0,0.04475,0.0,1.36465,0.003823930748269516,0.037939910490828725,0.04385
Bam Knight,RB,ARI,NYG,ARI@NYG,False,1.0,,False,,,,,,,,,,,,,0.06095,0.088,0.0912,1,11.917319604477507,2.5204258816383804,16.645433453087943,26.0,4.441200348949228,0.0,6.737244595667709,16.0,0.6798,0.0,1.0,17.0,0.03025,2.53765,0.91,0.09774201021420319,0.027490428251367955,0.088
Hunter Long,TE,ARI,NYG,ARI@NYG,False,1.0,,False,,,,,,,,,,,,,0.0,0.0305,0.0308,2,0.0,0.0,0.0,62.0,5.466702670290218,0.0,7.913682905827031,18.0,0.6185,0.0,1.0,13.0,0.0308,0.0,0.886,0.003823930748269516,0.025046316676960854,0.0305
Jeremiyah Love,RB,ARI,NYG,ARI@NYG,False,1.0,,False,,,,,,,,,,,,,0.3655,0.43055,0.5491,85,58.46365044112735,37.43547451504012,74.41749250642823,81.0,15.95740003041874,5.1879500594121755,23.032570116468772,66.0,2.48875,1.0,3.0,76.0,0.1836,13.10405,3.2451,0.5020557379545316,0.09815544243541655,0.43055
Trey McBride,TE,ARI,NYG,ARI@NYG,False,1.0,,False,,,,,,,,,,,,,0.0,0.42715,0.5418,85,0.0,0.0,0.0,97.0,61.37450389529469,37.33988259121968,79.5553477097609,79.0,7.195,5.0,9.0,83.0,0.5418,0.0,10.1178,0.003823930748269516,0.2826379647269515,0.42715
Michael Wilson,WR,ARI,NYG,ARI@NYG,False,1.0,,False,,,,,,,,,,,,,0.0,0.31195,0.36545,72,0.0,0.0,0.0,97.0,45.33265278250251,23.29360258164359,61.59928709125271,75.0,4.52,3.0,6.0,80.0,0.36545,0.0,7.23805,0.003823930748269516,0.2026050189562565,0.31195
Jameis Winston,QB,NYG,ARI,ARI@NYG,False,1.0,,False,17.1159,14.0,20.0,68.0,204.99045247008323,152.73163856339474,247.16786965280102,64.0,1.4064,1.0,2.0,57.0,0.0303,0.02975,0.0303,38,,,,,,,,,,,,,,,,,,0.02975
Braxton Berrios,WR,NYG,ARI,ARI@NYG,False,1.0,,False,,,,,,,,,,,,,0.0,0.0147,0.0149,1,0.0,0.0,0.0,60.0,3.1909423254868794,0.0,0.0,60.0,0.22635,0.0,0.0,60.0,0.0149,0.0,0.37615,0.003174876390494577,0.011481428516071942,0.0147
Malachi Fields,WR,NYG,ARI,ARI@NYG,False,1.0,,False,,,,,,,,,,,,,0.0,0.1714,0.1864,21,0.0,0.0,0.0,79.0,37.17551637927206,13.647934200427763,53.470307620095255,47.0,2.62565,1.0,4.0,45.0,0.1864,0.0,4.49035,0.003174876390494577,0.1377277938265995,0.1714
Najee Harris,RB,NYG,ARI,ARI@NYG,False,1.0,,False,,,,,,,,,,,,,0.1527,0.1502,0.1611,24,30.54549525177268,14.996875612497263,41.05683344786593,42.0,1.167166991111899,0.0,0.0,67.0,0.13875,0.0,0.0,67.0,0.0084,6.66725,0.1951,0.19776445049813943,0.006178303016430381,0.1502
Theo Johnson,TE,NYG,ARI,ARI@NYG,False,1.0,,False,,,,,,,,,,,,,0.0,0.1066,0.11235,9,0.0,0.0,0.0,68.0,19.332716108819852,2.8739591074859483,28.888826944949486,28.0,1.66345,1.0,2.0,50.0,0.11235,0.0,2.68615,0.003174876390494577,0.08590066315972086,0.1066
Isaiah Likely,TE,NYG,ARI,ARI@NYG,False,1.0,,False,,,,,,,,,,,,,0.0,0.3504,0.42275,62,0.0,0.0,0.0,97.0,48.46926602965869,24.742718323143247,65.80275592597455,71.0,4.3033,3.0,6.0,76.0,0.42275,0.0,6.63695,0.003174876390494577,0.211604686432372,0.3504
Darnell Mooney,WR,NYG,ARI,ARI@NYG,False,1.0,,False,,,,,,,,,,,,,0.00385,0.14115,0.1509,14,0.9645632912608492,0.0,0.0,73.0,32.005557394953186,9.01007110721179,46.52399974322644,38.0,2.12695,1.0,3.0,45.0,0.14705,0.21275,3.68675,0.006381822239478998,0.1121445721318939,0.14115
Malik Nabers,WR,NYG,ARI,ARI@NYG,False,1.0,,False,,,,,,,,,,,,,0.0,0.3169,0.37375,50,0.0,0.0,0.0,90.0,47.443113060932085,22.564514069578635,65.54253869098483,63.0,3.71815,2.0,5.0,66.0,0.37375,0.0,6.24895,0.003174876390494577,0.1921496692649209,0.3169
Patrick Ricard,RB,NYG,ARI,ARI@NYG,False,0.9508674235277402,Full,False,,,,,,,,,,,,,0.0,0.01489003472587604,0.014942649689571715,1,0.0,0.0,0.0,58.0,2.2373452144893053,0.0,0.0,58.0,0.265389876880985,0.0,0.0,58.0,0.014942649689571715,0.0,0.3789855834999474,0.0018507391043628726,0.011867537471466781,0.014158448956032332
Cam Skattebo,RB,NYG,ARI,ARI@NYG,False,1.0,,False,,,,,,,,,,,,,0.3411,0.39005,0.48265,85,57.01794827374289,36.2161819668784,72.86346513221208,81.0,21.293836765100284,7.157964994036024,30.816088687566324,67.0,2.4327,1.0,3.0,75.0,0.14155,13.822,3.4422,0.4085793475336377,0.10694472200235326,0.39005
Tyrone Tracy Jr.,RB,NYG,ARI,ARI@NYG,False,0.9508674235277402,Full,False,,,,,,,,,,,,,0.03343305516191676,0.08418621739358631,0.08712538707815043,2,9.411372297287661,0.6209810258279798,13.096247609453659,21.0,7.58422940053154,0.0,11.72611278110136,15.0,0.8788642208576077,0.0,1.0,26.0,0.05369233191623366,2.019786910197869,1.252243741143127,0.06038889524934998,0.03902886558661997,0.08004993162958564
Matthew Stafford,QB,LA,PHI,LA@PHI,False,1.0,,False,20.1684,17.0,23.0,91.0,250.06155511870412,188.29576600423593,299.75987065617676,87.0,1.66065,1.0,2.0,82.0,0.0678,0.06635,0.0678,62,,,,,,,,,,,,,,,,,,0.06635
Davante Adams,WR,LA,PHI,LA@PHI,False,0.9479829842591244,Full,False,,,,,,,,,,,,,0.0,0.37145582701786,0.4557740208808098,52,0.0,0.0,0.0,95.0,82.75776736753512,44.9820412051371,111.06998546162914,72.0,5.283957814404579,3.0,7.0,73.0,0.4557740208808098,0.0,9.254756478880704,0.0037094996240090196,0.205438371562181,0.35213380341683204
Davis Allen,TE,LA,PHI,LA@PHI,False,1.0,,False,,,,,,,,,,,,,0.0,0.0584,0.0599,9,0.0,0.0,0.0,68.0,10.00268867480082,0.0,15.327080571649027,22.0,1.0267,0.0,2.0,10.0,0.0599,0.0,1.5571,0.0037094996240090196,0.035878303383514304,0.0584
Tutu Atwell,WR,LA,PHI,LA@PHI,False,1.0,,False,,,,,,,,,,,,,0.0,0.0647,0.06695,2,0.0,0.0,0.0,62.0,13.09677871509298,0.0,20.198898510646085,16.0,1.00595,0.0,2.0,2.0,0.06695,0.0,1.67865,0.0055642494360135285,0.036419750050495796,0.0647
Dean Connors,RB,LA,PHI,LA@PHI,False,1.0,,False,,,,,,,,,,,,,0.0082,0.0156,0.0157,1,1.5113605775596712,0.0,0.0,60.0,1.0175365059139534,0.0,0.0,60.0,0.1353,0.0,0.0,60.0,0.0075,0.34385,0.1912,0.01154930450937464,0.004344665738020907,0.0156
Blake Corum,RB,LA,PHI,LA@PHI,False,1.0,,False,,,,,,,,,,,,,0.2061,0.25825,0.2929,33,41.4090627724654,23.300238333056395,54.711384656259426,63.0,5.76903298736545,0.0,8.854864795391498,39.0,0.7684,0.0,1.0,46.0,0.0868,8.49085,1.0907,0.28217334608852357,0.02442207887920161,0.25825
Tyler Higbee,TE,LA,PHI,LA@PHI,False,0.8055616699684496,DNP,False,,,,,,,,,,,,,0.0,0.21065030066331908,0.23395945694625256,27,0.0,0.0,0.0,65.0,25.271720333492357,8.430509461721623,36.50826464285513,38.0,2.467546959270969,1.0,3.0,46.0,0.23395945694625256,0.0,3.7954869505920277,0.0037094996240090196,0.09112591147814199,0.16969180798169933
Konata Mumpfield,WR,LA,PHI,LA@PHI,False,1.0,,False,,,,,,,,,,,,,0.0,0.12595,0.1337,25,0.0,0.0,0.0,78.0,16.93746515132416,0.0,25.86878817478739,32.0,1.2157,0.0,2.0,28.0,0.1337,0.0,2.23665,0.0037094996240090196,0.04853014105889319,0.12595
Puka Nacua,WR,LA,PHI,LA@PHI,False,0.9479829842591244,Full,False,,,,,,,,,,,,,0.0,0.381188641401879,0.4719201942362504,15,0.0,0.0,0.0,66.0,90.57279090454035,54.04869699407556,117.99064819879588,46.0,6.774094795735247,5.0,9.0,49.0,0.4719201942362504,0.0,10.893222843872058,0.0055642494360135285,0.2422819490604486,0.3613603458418345
Colby Parkinson,TE,LA,PHI,LA@PHI,False,0.4981574884199691,Questionable; DNP,False,,,,,,,,,,,,,0.0,0.15387693846923461,0.1667833916958479,10,0.0,0.0,0.0,34.0,13.9813307824222,0.0,21.078111573300845,11.0,1.4141070535267635,0.0,2.0,13.0,0.1667833916958479,0.0,2.12096048024012,0.0037094996240090196,0.05573077410504164,0.07665494919358803
Jordan Whittington,WR,LA,PHI,LA@PHI,False,1.0,,False,,,,,,,,,,,,,0.0,0.0511,0.0523,1,0.0,0.0,0.0,61.0,9.722081952466727,0.0,14.79886463070034,16.0,0.77845,0.0,1.0,23.0,0.0523,0.0,1.26195,0.004451399548810823,0.02735777448413341,0.0511
Kyren Williams,RB,LA,PHI,LA@PHI,False,1.0,,False,,,,,,,,,,,,,0.4407,0.47145,0.6221,85,71.01593062730296,47.55782788894521,89.55592864463519,82.0,19.970114259421976,6.562622527049182,28.831340293639546,67.0,2.55055,1.0,4.0,65.0,0.1814,14.04885,3.60555,0.4659074688288857,0.07975243494787163,0.47145
Jalen Hurts,QB,PHI,LA,LA@PHI,False,1.0,,False,18.34825,15.0,21.0,89.0,185.94416774162775,139.03836237034926,223.57013467412517,85.0,1.43795,1.0,2.0,78.0,0.15495,0.1447,0.15495,60,,,,,,,,,,,,,,,,,,0.1447
Saquon Barkley,RB,PHI,LA,LA@PHI,False,1.0,,False,,,,,,,,,,,,,0.31295,0.37855,0.4599,61,63.63812723267523,41.84175637049405,80.53523517942033,72.0,19.737326294715896,7.268611374795135,28.447581061492173,58.0,2.83835,1.0,4.0,59.0,0.14695,14.10575,4.19335,0.5066954607132254,0.07317225500178123,0.37855
Tank Bigsby,RB,PHI,LA,LA@PHI,False,0.9508674235277402,Full,False,,,,,,,,,,,,,0.10304054054054054,0.13677153716216217,0.14637880067567569,30,17.393713952629206,6.320516755707612,23.595623018792555,41.0,5.409699552932698,0.0,8.020178995540524,27.0,0.7771326013513513,0.0,1.0,33.0,0.043338260135135136,4.237278293918919,1.1364548141891893,0.1524993004829911,0.020020015140222006,0.1300515991533137
Darius Cooper,WR,PHI,LA,LA@PHI,False,0.9479829842591244,Full,False,,,,,,,,,,,,,0.0,0.10452022204599525,0.10933121860956913,10,0.0,0.0,0.0,61.0,9.563258387905266,0.0,14.660353866527341,18.0,0.8035421623050489,0.0,1.0,26.0,0.10933121860956913,0.0,1.3775310600052868,0.003918102731914374,0.023017613013095545,0.0990833920105889
Britain Covey,WR,PHI,LA,LA@PHI,False,1.0,,False,,,,,,,,,,,,,0.0,0.0149,0.015,1,0.0,0.0,0.0,60.0,3.055126542775552,0.0,0.0,60.0,0.25325,0.0,0.0,60.0,0.015,0.0,0.43045,0.003918102731914374,0.006990110553482418,0.0149
Zach Ertz,TE,PHI,LA,LA@PHI,False,1.0,,False,,,,,,,,,,,,,0.0,0.2453,0.27865,8,0.0,0.0,0.0,62.0,38.341309499278275,18.285851858912313,52.792372647302656,35.0,4.00855,2.0,5.0,40.0,0.27865,0.0,6.4209,0.005877154097871561,0.11945663418304525,0.2453
E.J. Jenkins,TE,PHI,LA,LA@PHI,False,1.0,,False,,,,,,,,,,,,,0.0,0.00725,0.00725,1,0.0,0.0,0.0,60.0,1.1282417001051082,0.0,0.0,60.0,0.1168,0.0,0.0,60.0,0.00725,0.0,0.1837,0.003918102731914374,0.0033630068017476934,0.00725
Makai Lemon,WR,PHI,LA,LA@PHI,False,1.0,,False,,,,,,,,,,,,,0.00465,0.2099,0.2333,16,0.911028176323941,0.0,0.0,74.0,39.676584537069054,18.08326240843202,55.20487490287224,46.0,3.7193,2.0,5.0,50.0,0.22865,0.21765,6.36655,0.00799945974432518,0.1055486079456173,0.2099
Johnny Mundt,TE,PHI,LA,LA@PHI,False,1.0,,False,,,,,,,,,,,,,0.0,0.0598,0.06115,7,0.0,0.0,0.0,66.0,9.996985652747993,0.0,15.457998184608773,20.0,1.06265,0.0,2.0,10.0,0.06115,0.0,1.6903,0.003918102731914374,0.03162725326156454,0.0598
Will Shipley,RB,PHI,LA,LA@PHI,False,0.9508674235277402,Full,False,,,,,,,,,,,,,0.049029407122941765,0.12036403808722185,0.12736072386764163,34,9.673426870545624,1.527389793390273,13.010701749310876,35.0,10.222798575967856,0.0,15.521675434971005,26.0,1.4444210637066652,0.0,2.0,30.0,0.07833131674469988,2.3974433163238467,2.1185754116471145,0.08734145840937704,0.036972446743345155,0.11445024278139143
Dontayvion Wicks,WR,PHI,LA,LA@PHI,False,1.0,,False,,,,,,,,,,,,,0.0,0.4298,0.5444,48,0.0,0.0,0.0,84.0,62.48858702200575,32.23151424154066,84.46107532188775,59.0,4.7091,3.0,6.0,65.0,0.5444,0.0,8.1877,0.003918102731914374,0.1351349138313996,0.4298
Jordan Love,QB,GB,TB,GB@TB,False,1.0,,False,20.72225,18.0,24.0,91.0,246.0750274643997,185.83612410677043,294.3845788478819,87.0,1.56585,1.0,2.0,81.0,0.0275,0.02705,0.0275,62,,,,,,,,,,,,,,,,,,0.02705
Chris Brooks,RB,GB,TB,GB@TB,False,1.0,,False,,,,,,,,,,,,,0.0941,0.1341,0.14265,36,12.353169046523965,3.376358770575628,16.25936505008879,41.0,7.835294711401757,0.0,12.063909272228974,26.0,1.08555,0.0,2.0,17.0,0.04855,3.2616,1.60625,0.1586231360316892,0.03545245369331911,0.1341
Matthew Golden,WR,GB,TB,GB@TB,False,1.0,,False,,,,,,,,,,,,,0.0,0.30495,0.35745,66,0.0,0.0,0.0,97.0,57.69976700972831,28.84118075916863,78.89779980650654,74.0,4.3024,3.0,6.0,79.0,0.35745,0.0,7.7543,0.0040338590252482175,0.17944285542252625,0.30495
Kaleb Johnson,RB,GB,TB,GB@TB,False,1.0,,False,,,,,,,,,,,,,0.0971,0.1117,0.11725,13,17.756997946082084,6.876223807245619,23.419502361613947,44.0,3.182075722937909,0.0,3.681186684275875,37.0,0.4452,0.0,1.0,12.0,0.02015,4.97015,0.6676,0.24099239564424177,0.014913634654722084,0.1117
Tucker Kraft,TE,GB,TB,GB@TB,False,1.0,,False,,,,,,,,,,,,,0.0,0.2278,0.25345,35,0.0,0.0,0.0,87.0,49.94158479283152,25.721445784329624,67.67430323362694,62.0,4.5655,3.0,6.0,67.0,0.25345,0.0,7.3561,0.0040338590252482175,0.17927638077196362,0.2278
MarShawn Lloyd,RB,GB,TB,GB@TB,False,1.0,,False,,,,,,,,,,,,,0.2479,0.3187,0.3753,70,35.952021760567845,19.335493828067982,47.09389860204029,60.0,10.350309673611804,0.0,15.71931982453399,38.0,1.4689,0.0,2.0,42.0,0.1274,10.11375,2.16305,0.4912491318250138,0.04739769159254864,0.3187
Bo Melton,WR,GB,TB,GB@TB,False,1.0,,False,,,,,,,,,,,,,0.0,0.041,0.0419,5,0.0,0.0,0.0,65.0,9.286620371234132,0.0,14.384666270752076,18.0,0.77705,0.0,1.0,26.0,0.0419,0.0,1.37095,0.0040338590252482175,0.031707909519308776,0.041
J. Michael Sturdivant,WR,GB,TB,GB@TB,False,1.0,,False,,,,,,,,,,,,,0.0,0.03495,0.03555,4,0.0,0.0,0.0,64.0,7.359552522884992,0.0,10.819016146718504,20.0,0.63695,0.0,1.0,17.0,0.03555,0.0,1.1087,0.004840630830297861,0.025661210819242147,0.03495
Skyy Moore,WR,GB,TB,GB@TB,False,1.0,,False,,,,,,,,,,,,,0.0,0.1604,0.17325,36,0.0,0.0,0.0,78.0,19.267106686787827,2.772113732004155,28.61116505657334,37.0,1.6866,1.0,2.0,60.0,0.17325,0.0,2.9907,0.0040338590252482175,0.06892510430865523,0.1604
Jonnu Smith,TE,GB,TB,GB@TB,False,1.0,,False,,,,,,,,,,,,,0.0,0.104,0.10915,16,0.0,0.0,0.0,70.0,15.586331623211402,2.0269659901183963,23.353445741834488,29.0,1.65955,1.0,2.0,52.0,0.10915,0.0,2.6557,0.0040338590252482175,0.06495765294524869,0.104
Christian Watson,WR,GB,TB,GB@TB,False,1.0,,False,,,,,,,,,,,,,0.0,0.3864,0.4784,77,0.0,0.0,0.0,97.0,83.24442555538106,46.74674077104724,110.36888385448748,77.0,5.56735,4.0,7.0,84.0,0.4784,0.0,9.88835,0.0040338590252482175,0.2294997740755688,0.3864
Jalon Daniels,QB,TB,GB,GB@TB,False,1.0,,False,21.90345,19.0,25.0,53.0,237.17702038343455,181.94122846527424,282.2550093672021,48.0,0.86125,0.0,1.0,26.0,0.09465,0.09055,0.09465,19,,,,,,,,,,,,,,,,,,0.09055
Payne Durham,TE,TB,GB,GB@TB,False,1.0,,False,,,,,,,,,,,,,0.0,0.0079,0.0079,1,0.0,0.0,0.0,61.0,2.8965226807503877,0.0,0.0,61.0,0.28585,0.0,0.0,61.0,0.0079,0.0,0.43485,0.004031067598683822,0.011496661950966977,0.0079
Emeka Egbuka,WR,TB,GB,GB@TB,False,1.0,,False,,,,,,,,,,,,,0.00585,0.1654,0.17935,41,1.0742440022744328,0.0,0.0,87.0,55.35736923356539,27.76162521334726,75.30562658253267,61.0,4.25325,3.0,6.0,66.0,0.1735,0.24915,7.41215,0.009405824396928919,0.20988922303322183,0.1654
Kenny Gainwell,RB,TB,GB,GB@TB,False,1.0,,False,,,,,,,,,,,,,0.1132,0.18675,0.2077,35,19.80324640175817,7.365150003340234,26.578204822558334,48.0,17.821952438388188,5.9945902608360315,25.694248224971666,44.0,2.4467,1.0,3.0,52.0,0.0945,4.88305,3.3741,0.18402720569832287,0.09431425421677939,0.18675
Chris Godwin Jr.,WR,TB,GB,GB@TB,False,0.9479829842591244,Full,False,,,,,,,,,,,,,0.010015286489905646,0.0930367402878077,0.09672658267882557,16,1.9208415483022836,0.0,0.8314480290656723,59.0,33.92472098483404,13.408811805533777,48.17458055709394,42.0,2.8770755363449476,2.0,4.0,51.0,0.08671129618891993,0.43128986347583154,4.645933266564756,0.01612427039473529,0.13276393565331426,0.08819724670377706
Ted Hurst III,WR,TB,GB,GB@TB,False,1.0,,False,,,,,,,,,,,,,0.0,0.1086,0.1143,30,0.0,0.0,0.0,78.0,34.695816596221924,12.474462349662073,49.725352909474346,45.0,2.57855,1.0,4.0,43.0,0.1143,0.0,4.3387,0.004031067598683822,0.12313462829329262,0.1086
Bucky Irving,RB,TB,GB,GB@TB,False,0.9508674235277402,Full,False,,,,,,,,,,,,,0.34207759436442015,0.3934391756913048,0.4853327725791189,72,61.54075236126011,39.867830003870814,78.02766589445196,72.0,25.863853294522066,11.208624398261254,36.39389987720939,62.0,3.361739039007465,2.0,5.0,64.0,0.14325517821469877,13.971454105772263,4.507833035432657,0.5641843775666591,0.12676991240072408,0.37410849530446894
Kameron Johnson,WR,TB,GB,GB@TB,False,1.0,,False,,,,,,,,,,,,,0.0,0.0073,0.0073,1,0.0,0.0,0.0,60.0,2.6466689648118393,0.0,0.0,60.0,0.2118,0.0,0.0,60.0,0.0073,0.0,0.3559,0.004031067598683822,0.01017560986849046,0.0073
Tez Johnson,WR,TB,GB,GB@TB,False,1.0,,False,,,,,,,,,,,,,0.00545,0.0785,0.08115,21,1.2744190986290502,0.0,0.0,70.0,18.726065213017787,0.0,28.90184592793585,23.0,1.42585,0.0,2.0,27.0,0.0757,0.29495,2.41685,0.010749513596490193,0.06795565339302032,0.0785
Cade Otton,TE,TB,GB,GB@TB,False,1.0,,False,,,,,,,,,,,,,0.0,0.1494,0.16,36,0.0,0.0,0.0,83.0,45.15480169968394,23.20931597075889,61.57683352092858,58.0,4.4477,3.0,6.0,63.0,0.16,0.0,6.71445,0.004031067598683822,0.17817762212893093,0.1494
Bauer Sharp,TE,TB,GB,GB@TB,False,1.0,,False,,,,,,,,,,,,,0.0,0.0032,0.0032,1,0.0,0.0,0.0,60.0,1.1878482161382087,0.0,0.0,60.0,0.1145,0.0,0.0,60.0,0.0032,0.0,0.17315,0.004031067598683822,0.004344251723652188,0.0032
Josh Williams,RB,TB,GB,GB@TB,False,1.0,,False,,,,,,,,,,,,,0.0,0.00315,0.00315,1,0.0,0.0,0.0,60.0,0.9181864029309721,0.0,0.0,60.0,0.1217,0.0,0.0,60.0,0.00315,0.0,0.17,0.0045181753576006185,0.0048760774093593,0.00315
Malik Willis,QB,MIA,MIN,MIA@MIN,False,1.0,,False,17.7619,15.0,20.0,90.0,219.9184070522848,166.19997561071452,263.5064903666545,85.0,0.73425,0.0,1.0,57.0,0.1179,0.11125,0.1179,60,,,,,,,,,,,,,,,,,,0.11125
Chris Bell,WR,MIA,MIN,MIA@MIN,False,0.9479829842591244,Full,False,,,,,,,,,,,,,0.0,0.09176631723120687,0.09613865037138493,17,0.0,0.0,0.0,72.0,41.69995958142842,15.282792408346499,59.632290855584706,42.0,2.713743876099668,1.0,4.0,41.0,0.09613865037138493,0.0,4.801032502765632,0.004001563023420691,0.10139379171137435,0.08699290726330901
Kevin Coleman Jr.,WR,MIA,MIN,MIA@MIN,False,1.0,,False,,,,,,,,,,,,,0.0,0.05605,0.0572,11,0.0,0.0,0.0,70.0,21.594210131106543,0.0,32.7779241942798,24.0,1.52775,0.0,2.0,30.0,0.0572,0.0,2.73255,0.004001563023420691,0.05773344426580865,0.05605
Greg Dulcich,TE,MIA,MIN,MIA@MIN,False,1.0,,False,,,,,,,,,,,,,0.0,0.2113,0.235,32,0.0,0.0,0.0,79.0,59.86274691102457,31.517786898898187,80.6525486242524,55.0,4.87545,3.0,6.0,61.0,0.235,0.0,7.62945,0.004001563023420691,0.14886597117357067,0.2113
Ollie Gordon II,RB,MIA,MIN,MIA@MIN,False,1.0,,False,,,,,,,,,,,,,0.17625,0.1867,0.2048,41,35.02483066862157,17.879702539602064,46.62376334459026,53.0,7.685239154408987,0.0,11.834316760012182,31.0,0.8908,0.0,1.0,44.0,0.02855,10.3839,1.31015,0.18704568009449923,0.023623722340357117,0.1867
DJ Herman,RB,MIA,MIN,MIA@MIN,False,1.0,,False,,,,,,,,,,,,,0.00565,0.0488,0.0498,4,1.539843789140545,0.0,0.0,64.0,12.224383919086819,0.0,18.51397848998781,19.0,1.41125,0.0,2.0,21.0,0.04415,0.37645,2.09545,0.006727658245005016,0.03799336378142615,0.0488
Will Kacmarek,TE,MIA,MIN,MIA@MIN,False,1.0,,False,,,,,,,,,,,,,0.0,0.02135,0.0216,4,0.0,0.0,0.0,63.0,7.462059585798334,0.0,11.095273182130082,19.0,0.6537,0.0,1.0,17.0,0.0216,0.0,1.05865,0.004001563023420691,0.020482710836783245,0.02135
Ryan Miller,WR,MIA,MIN,MIA@MIN,False,1.0,,False,,,,,,,,,,,,,0.0,0.0276,0.028,7,0.0,0.0,0.0,66.0,12.9873657874658,0.0,19.74084391025987,21.0,0.79305,0.0,1.0,29.0,0.028,0.0,1.391,0.004001563023420691,0.028815894781872173,0.0276
Malik Washington,WR,MIA,MIN,MIA@MIN,False,1.0,,False,,,,,,,,,,,,,0.01395,0.22925,0.25585,51,3.888169596475445,0.0,4.7342699423819745,60.0,67.95343547773929,38.178179341582215,90.46806217967162,74.0,5.6101,4.0,7.0,81.0,0.2419,0.9544,9.8651,0.017206572629814523,0.20567907818009576,0.22925
Jaylen Wright,RB,MIA,MIN,MIA@MIN,False,0.9508674235277402,Full,False,,,,,,,,,,,,,0.10346999842511417,0.11559661924510473,0.1228410940206835,12,22.203511708786905,8.770538992056064,30.219851057674624,31.0,5.825050435123427,0.0,8.803058913841172,16.0,0.6795632316657042,0.0,1.0,17.0,0.01937109559556932,5.502913538768439,1.0072969709696047,0.1000089387528074,0.01838610199745518,0.10991705951010992
Kyler Murray,QB,MIN,MIA,MIA@MIN,False,1.0,,False,17.04065,14.0,20.0,62.0,191.8394862522392,142.3528837191587,232.43951933329922,59.0,1.54345,1.0,2.0,53.0,0.0727,0.0707,0.0727,31,,,,,,,,,,,,,,,,,,0.0707
Jordan Addison,WR,MIN,MIA,MIA@MIN,False,1.0,,False,,,,,,,,,,,,,0.0,0.3961,0.49175,34,0.0,0.0,0.0,86.0,70.16376557509253,37.10783750119181,94.54776778587018,61.0,4.77635,3.0,6.0,67.0,0.49175,0.0,8.0414,0.0033383944339874095,0.18234840808783934,0.3961
Max Bredeson,RB,MIN,MIA,MIA@MIN,False,1.0,,False,,,,,,,,,,,,,0.0109,0.0233,0.02335,1,1.5522020810513935,0.0,0.0,60.0,1.3667146921241167,0.0,0.0,60.0,0.16765,0.0,0.0,60.0,0.01245,0.38015,0.2219,0.008769845334279734,0.00587157094026069,0.0233
Demond Claiborne,RB,MIN,MIA,MIA@MIN,False,1.0,,False,,,,,,,,,,,,,0.05215,0.0873,0.0909,3,7.219772084117924,0.0,9.478317411872743,23.0,4.83859966154235,0.0,7.003318100289927,19.0,0.61405,0.0,1.0,14.0,0.03875,1.85375,0.8039,0.04334558443983785,0.019987273385591902,0.0873
DeeJay Dallas,RB,MIN,MIA,MIA@MIN,False,1.0,,False,,,,,,,,,,,,,0.0393,0.0915,0.0961,5,5.373514007058882,0.0,7.021836530839613,25.0,6.8829329166633615,0.0,10.49164206050006,19.0,0.8809,0.0,1.0,31.0,0.0568,1.3311,1.1686,0.03119074554426042,0.028897787921873298,0.0915
Tai Felton,WR,MIN,MIA,MIA@MIN,False,1.0,,False,,,,,,,,,,,,,0.0,0.0512,0.0522,4,0.0,0.0,0.0,63.0,8.1409233908453,0.0,11.96302152408711,19.0,0.61935,0.0,1.0,15.0,0.0522,0.0,0.9889,0.0033383944339874095,0.02231923737032758,0.0512
T.J. Hockenson,TE,MIN,MIA,MIA@MIN,False,1.0,,False,,,,,,,,,,,,,0.0,0.39975,0.49735,34,0.0,0.0,0.0,81.0,50.17597209054565,26.76611646217776,67.39606615572801,57.0,4.9924,3.0,7.0,57.0,0.49735,0.0,7.03925,0.0033383944339874095,0.17401394545929222,0.39975
Jauan Jennings,WR,MIN,MIA,MIA@MIN,False,1.0,,False,,,,,,,,,,,,,0.0,0.19985,0.22085,4,0.0,0.0,0.0,64.0,33.79250666940843,12.716439994364258,48.08208845348981,33.0,2.68765,1.0,4.0,31.0,0.22085,0.0,4.2718,0.0040060733207848915,0.0972796575552155,0.19985
Aaron Jones,RB,MIN,MIA,MIA@MIN,False,0.9951309141019752,Limited,False,,,,,,,,,,,,,0.6085668374008235,0.5726624485286733,0.8170633725017575,66,78.27485462864107,53.72888193274723,97.64776117129604,83.0,23.156955755397494,9.02579749681997,32.852773349838856,69.0,2.9960831575775835,2.0,4.0,80.0,0.20849653510093402,20.00793411670182,4.079190519232701,0.4695496220428691,0.10180579744853953,0.569874105876214
Myles Price,WR,MIN,MIA,MIA@MIN,False,1.0,,False,,,,,,,,,,,,,0.0,0.03895,0.0398,2,0.0,0.0,0.0,62.0,6.268617090405574,0.0,7.908555385157409,24.0,0.47095,0.0,1.0,2.0,0.0398,0.0,0.7422,0.0033383944339874095,0.016916054206660962,0.03895
Patrick Mahomes,QB,KC,LV,KC@LV,False,0.98,Full,False,18.699326393141458,16.0,21.0,90.0,218.7293997918092,163.4390282112015,263.29711718393935,85.0,1.8406817717901613,1.0,3.0,66.0,0.10558277199428455,0.10063278220044908,0.10558277199428455,60,,,,,,,,,,,,,,,,,,0.09862012655644009
Cyrus Allen,WR,KC,LV,KC@LV,False,1.0,,False,,,,,,,,,,,,,0.0,0.01925,0.0195,2,0.0,0.0,0.0,62.0,3.7723240662332196,0.0,0.0,62.0,0.2738,0.0,0.0,62.0,0.0195,0.0,0.44755,0.004045413728572829,0.014432767438542021,0.01925
Jake Briningstool,TE,KC,LV,KC@LV,False,1.0,,False,,,,,,,,,,,,,0.0,0.03135,0.0321,4,0.0,0.0,0.0,63.0,5.189681265332636,0.0,6.627579729331261,25.0,0.47395,0.0,1.0,3.0,0.0321,0.0,0.71145,0.004045413728572829,0.02194829542168554,0.03135
Noah Gray,TE,KC,LV,KC@LV,False,1.0,,False,,,,,,,,,,,,,0.0,0.11615,0.1228,14,0.0,0.0,0.0,68.0,13.386516808642375,0.0,20.282039047713766,23.0,1.26065,0.0,2.0,20.0,0.1228,0.0,1.9716,0.004045413728572829,0.061691541629526704,0.11615
Emmett Johnson,RB,KC,LV,KC@LV,False,1.0,,False,,,,,,,,,,,,,0.16055,0.192,0.21225,23,28.194081306240324,13.3176578569919,37.46240139746236,50.0,7.142311892947124,0.0,11.000261658886268,30.0,0.83,0.0,1.0,40.0,0.0517,6.6808,1.1382,0.21925236725652777,0.03553406150255956,0.192
Travis Kelce,TE,KC,LV,KC@LV,False,1.0,,False,,,,,,,,,,,,,0.0,0.29355,0.34155,43,0.0,0.0,0.0,89.0,50.4959551922554,25.199978785105298,68.96654653082132,63.0,4.16585,3.0,6.0,67.0,0.34155,0.0,6.23195,0.004045413728572829,0.19231230956075604,0.29355
Nikko Remigio,WR,KC,LV,KC@LV,False,1.0,,False,,,,,,,,,,,,,0.0,0.0043,0.00435,1,0.0,0.0,0.0,60.0,0.8771238239208715,0.0,0.0,60.0,0.06145,0.0,0.0,60.0,0.00435,0.0,0.10175,0.004045413728572829,0.003443678636554231,0.0043
Rashee Rice,WR,KC,LV,KC@LV,False,0.9479829842591244,Full,False,,,,,,,,,,,,,0.0,0.36662099494097805,0.44540472175379425,49,0.0,0.0,0.0,83.0,62.64079373486601,32.51620578166964,84.41704703314895,59.0,4.520077993254637,3.0,6.0,64.0,0.44540472175379425,0.0,7.173903878583474,0.004045413728572829,0.23864733221057446,0.34755046487619773
Jalen Royals,WR,KC,LV,KC@LV,False,1.0,,False,,,,,,,,,,,,,0.0,0.0586,0.06015,11,0.0,0.0,0.0,65.0,5.304525171907286,0.0,5.569914419889322,33.0,0.4039,0.0,1.0,5.0,0.06015,0.0,0.6515,0.004045413728572829,0.021699623823015622,0.0586
Brashard Smith,RB,KC,LV,KC@LV,False,1.0,,False,,,,,,,,,,,,,0.0125,0.08365,0.0878,7,2.026863336048558,0.0,1.2732116344958115,42.0,5.93669816923254,0.0,9.019077669398879,16.0,0.73895,0.0,1.0,21.0,0.0753,0.47695,1.0312,0.015448556699523958,0.0323598722102208,0.08365
Tyquan Thornton,WR,KC,LV,KC@LV,False,1.0,,False,,,,,,,,,,,,,0.0,0.09815,0.10245,12,0.0,0.0,0.0,71.0,20.56725715755564,0.0,30.896681292899153,26.0,1.37455,0.0,2.0,28.0,0.10245,0.0,2.3244,0.004045413728572829,0.07554250020051258,0.09815
Ben VanSumeren,RB,KC,LV,KC@LV,False,1.0,,False,,,,,,,,,,,,,0.0,0.0059,0.0059,1,0.0,0.0,0.0,60.0,0.7203484954495835,0.0,0.0,60.0,0.0852,0.0,0.0,60.0,0.0059,0.0,0.1169,0.004024486731542844,0.003850358337044487,0.0059
Kenneth Walker III,RB,KC,LV,KC@LV,False,1.0,,False,,,,,,,,,,,,,0.6102,0.6407,0.9677,85,94.09467097508089,67.25023934065642,116.25379831799377,84.0,28.09040399441421,12.202066944555723,39.45946954717592,71.0,3.32955,2.0,5.0,73.0,0.3575,18.1662,4.5512,0.5944292440339229,0.14362057362029831,0.6407
Xavier Worthy,WR,KC,LV,KC@LV,False,1.0,,False,,,,,,,,,,,,,0.0,0.2848,0.33215,48,0.0,0.0,0.0,84.0,33.236625731184546,12.5267502151739,47.28585160695788,53.0,2.74675,1.0,4.0,51.0,0.33215,0.0,4.57655,0.004045413728572829,0.1498792931398061,0.2848
Kirk Cousins,QB,LV,KC,KC@LV,False,1.0,,False,19.0401,16.0,22.0,91.0,194.04772522155378,146.3442237078344,232.65269336580906,87.0,1.5122,1.0,2.0,80.0,0.04245,0.04115,0.04245,62,,,,,,,,,,,,,,,,,,0.04115
Cody White,WR,LV,KC,KC@LV,False,0.9575230478992892,Limited,False,,,,,,,,,,,,,0.0,0.14648049367221003,0.15756720008367325,31,0.0,0.0,0.0,67.0,10.49800633519124,0.0,16.12261585142392,23.0,0.884374019454032,0.0,1.0,34.0,0.15756720008367325,0.0,1.4735383328103755,0.003992461328319908,0.045033350685395185,0.14025844875880708
Malik Benson,WR,LV,KC,KC@LV,False,0.9479829842591244,Full,False,,,,,,,,,,,,,0.00395987328405491,0.0428194297782471,0.04371700105596621,7,0.9883403962013059,0.0,0.0,63.0,7.554280673749327,0.0,11.25844994444804,21.0,0.6329461457233369,0.0,1.0,18.0,0.0397571277719113,0.2420274551214361,1.062935586061246,0.0075892733358153205,0.0323588442106611,0.0405920908254567
Brock Bowers,TE,LV,KC,KC@LV,False,0.9575230478992892,Limited,False,,,,,,,,,,,,,0.0,0.3684786574242977,0.4482722676812425,30,0.0,0.0,0.0,71.0,62.44906447940422,36.68291906099141,81.93733014799534,50.0,6.291447334132486,4.0,8.0,52.0,0.4482722676812425,0.0,9.39875957679679,0.005988691992479861,0.25778897195443734,0.3528268071427516
Connor Heyward,RB,LV,KC,KC@LV,False,1.0,,False,,,,,,,,,,,,,0.02285,0.02835,0.0288,1,5.368486792643199,0.0,7.021701694349526,22.0,0.6218708553260205,0.0,0.0,61.0,0.0863,0.0,0.0,61.0,0.00595,1.3561,0.119,0.04289942249749157,0.0037607662119331585,0.02835
Ashton Jeanty,RB,LV,KC,KC@LV,False,0.9508674235277402,Full,False,,,,,,,,,,,,,0.4110209672321146,0.5167527130966179,0.7017700979875672,84,64.33588775076579,41.74335790090377,80.86362519944802,78.0,24.074865177500477,10.604856602385778,33.586503887118035,68.0,3.4551680539458434,2.0,5.0,70.0,0.29074913075545256,18.01475081656306,4.818670319249816,0.6139401900465825,0.1473875392383217,0.49136332090315055
Dylan Laube,RB,LV,KC,KC@LV,False,1.0,,False,,,,,,,,,,,,,0.00405,0.0083,0.0083,1,1.053726808096921,0.0,0.0,60.0,0.625932045850519,0.0,0.0,60.0,0.08765,0.0,0.0,60.0,0.00425,0.26015,0.1202,0.008286859198696222,0.0036024008729398827,0.0083
Michael Mayer,TE,LV,KC,KC@LV,False,1.0,,False,,,,,,,,,,,,,0.0,0.23025,0.25845,36,0.0,0.0,0.0,82.0,32.44993799423668,14.273636424250853,45.129491429906075,54.0,3.4816,2.0,5.0,57.0,0.25845,0.0,5.2384,0.003992461328319908,0.141344136944197,0.23025
Jalen Nailor,WR,LV,KC,KC@LV,False,1.0,,False,,,,,,,,,,,,,0.0,0.1396,0.1489,25,0.0,0.0,0.0,78.0,23.747935798519546,5.543901104438628,34.80765006833196,41.0,1.9175,1.0,3.0,46.0,0.1489,0.0,3.2819,0.003992461328319908,0.10191907914310318,0.1396
Ian Thomas,TE,LV,KC,KC@LV,False,1.0,,False,,,,,,,,,,,,,0.0,0.0223,0.0225,2,0.0,0.0,0.0,62.0,4.161205321058775,0.0,4.730590864498056,27.0,0.424,0.0,1.0,2.0,0.0225,0.0,0.6435,0.003992461328319908,0.01747081207462083,0.0223
Tre Tucker,WR,LV,KC,KC@LV,False,1.0,,False,,,,,,,,,,,,,0.0,0.2003,0.2212,32,0.0,0.0,0.0,84.0,40.94118844056302,17.067592199386187,57.10035566443169,55.0,3.09265,2.0,4.0,65.0,0.2212,0.0,5.1081,0.003992461328319908,0.1576834791053455,0.2003
Mike Washington Jr.,RB,LV,KC,KC@LV,False,1.0,,False,,,,,,,,,,,,,0.1321,0.13595,0.14765,23,31.46769165365167,14.525476816060735,41.89489679011097,45.0,2.1145207000424526,0.0,0.0,71.0,0.28765,0.0,0.0,71.0,0.01555,6.69085,0.39645,0.2096170532759599,0.012194789120689845,0.13595
Dareke Young,WR,LV,KC,KC@LV,False,1.0,,False,,,,,,,,,,,,,0.0,0.0141,0.0142,2,0.0,0.0,0.0,62.0,3.1678995493007855,0.0,0.0,62.0,0.24705,0.0,0.0,62.0,0.0142,0.0,0.40175,0.003992461328319908,0.01248216955849858,0.0141
Justin Herbert,QB,LAC,SEA,LAC@SEA,False,1.0,,False,18.04515,15.0,21.0,89.0,183.19602452795553,136.97379553101828,220.32055397618046,85.0,1.20595,0.0,2.0,49.0,0.10055,0.09575,0.10055,61,,,,,,,,,,,,,,,,,,0.09575
Derius Davis,WR,LAC,SEA,LAC@SEA,False,1.0,,False,,,,,,,,,,,,,0.0,0.01855,0.0186,4,0.0,0.0,0.0,63.0,4.158140420074805,0.0,3.2215855906407955,40.0,0.3653,0.0,1.0,3.0,0.0186,0.0,0.62915,0.0037908474855020105,0.014230332899761404,0.01855
Oronde Gadsden II,TE,LAC,SEA,LAC@SEA,False,1.0,,False,,,,,,,,,,,,,0.0,0.1852,0.20395,23,0.0,0.0,0.0,71.0,28.681600807008536,10.93111648979442,40.90948389129871,40.0,2.8581,1.0,4.0,40.0,0.20395,0.0,4.46355,0.0037908474855020105,0.10281199231670671,0.1852
Omarion Hampton,RB,LAC,SEA,LAC@SEA,False,1.0,,False,,,,,,,,,,,,,0.3173,0.3304,0.39455,85,56.381000451406116,35.32994429722923,71.79565715694021,78.0,12.123446287401167,2.1392052231558223,17.904474527602048,58.0,1.8766,1.0,3.0,65.0,0.07725,14.67445,2.54105,0.5296110354865731,0.05754512565454453,0.3304
Tre Harris,WR,LAC,SEA,LAC@SEA,False,1.0,,False,,,,,,,,,,,,,0.0,0.24655,0.27925,45,0.0,0.0,0.0,86.0,37.11855722981814,15.810045638479316,51.83670226358398,56.0,3.2831,2.0,4.0,67.0,0.27925,0.0,5.44775,0.0037908474855020105,0.1233765965738993,0.24655
Alec Ingold,RB,LAC,SEA,LAC@SEA,False,1.0,,False,,,,,,,,,,,,,0.0019,0.07355,0.0764,11,0.5746806600637164,0.0,0.0,65.0,5.754839013804795,0.0,8.77898553897877,20.0,0.84145,0.0,1.0,30.0,0.0745,0.14105,1.1953,0.005007004558139298,0.027566883064968573,0.07355
Quentin Johnston,WR,LAC,SEA,LAC@SEA,False,1.0,,False,,,,,,,,,,,,,0.00335,0.2207,0.2449,30,0.8778789315976926,0.0,0.0,87.0,51.95437167436002,26.447748709890657,71.13705491265615,61.0,4.41155,3.0,6.0,67.0,0.24155,0.2162,7.8559,0.007739646949566604,0.17855517590416997,0.2207
Ladd McConkey,WR,LAC,SEA,LAC@SEA,False,0.6667342299285288,Questionable; Limited,False,,,,,,,,,,,,,0.0,0.2439042745334136,0.274157134256472,25,0.0,0.0,0.0,56.0,45.431649203042824,21.71981949421459,62.630433711425965,38.0,3.8181818181818183,2.0,5.0,40.0,0.274157134256472,0.0,6.394491270319085,0.0037908474855020105,0.16887993185588768,0.162619328657312
Keaton Mitchell,RB,LAC,SEA,LAC@SEA,False,0.9508674235277402,Full,False,,,,,,,,,,,,,0.10672914911541702,0.17770640269587196,0.193818449873631,38,22.810556842401038,9.867704085054678,30.662400503559127,47.0,6.965544139206394,0.0,10.720942680617249,29.0,1.0501263689974727,0.0,2.0,19.0,0.08708930075821399,5.306550126368998,1.4857834877843303,0.19330370778071188,0.034332277575663,0.16897522927580683
Hayden Rucci,TE,LAC,SEA,LAC@SEA,False,1.0,,False,,,,,,,,,,,,,0.0,0.00635,0.00635,1,0.0,0.0,0.0,60.0,1.2488898843809186,0.0,0.0,60.0,0.13455,0.0,0.0,60.0,0.00635,0.0,0.212,0.005686271228253015,0.004893812218768463,0.00635
Marquez Valdes-Scantling,WR,LAC,SEA,LAC@SEA,False,1.0,,False,,,,,,,,,,,,,0.0,0.0512,0.05235,1,0.0,0.0,0.0,61.0,11.113892274429109,0.0,17.234644055970946,15.0,0.97465,0.0,2.0,1.0,0.05235,0.0,1.69975,0.005686271228253015,0.03844010378474763,0.0512
Kimani Vidal,RB,LAC,SEA,LAC@SEA,False,1.0,,False,,,,,,,,,,,,,0.03965,0.08225,0.0855,11,9.543289550836379,1.4604384503507968,13.034389514390899,28.0,6.974140444311477,0.0,10.71609251823821,19.0,1.01485,0.0,2.0,6.0,0.04585,2.4042,1.46915,0.08577602028574885,0.0330731257398265,0.08225
Sam Darnold,QB,SEA,LAC,LAC@SEA,False,1.0,,False,20.3372,17.0,23.0,69.0,259.56278161668143,194.98498586017004,310.9536339383833,64.0,1.85955,1.0,3.0,45.0,0.03475,0.03405,0.03475,37,,,,,,,,,,,,,,,,,,0.03405
Elijah Arroyo,TE,SEA,LAC,LAC@SEA,False,1.0,,False,,,,,,,,,,,,,0.0,0.05065,0.052,2,0.0,0.0,0.0,62.0,8.47536646533796,0.0,13.003052542937503,16.0,0.78,0.0,1.0,23.0,0.052,0.0,1.1676,0.003935996736425529,0.033123162865189966,0.05065
AJ Barner,TE,SEA,LAC,LAC@SEA,False,1.0,,False,,,,,,,,,,,,,0.028,0.30615,0.35875,49,1.3113288749943899,0.0,0.0,79.0,36.06156745928405,15.47183739693989,50.0643986010827,50.0,3.3427,2.0,5.0,52.0,0.33075,0.3051,4.67035,0.007215994016780135,0.132259381887268,0.30615
Montorie Foster Jr,WR,SEA,LAC,LAC@SEA,False,1.0,,False,,,,,,,,,,,,,0.0,0.0113,0.0114,1,0.0,0.0,0.0,60.0,2.553424404232147,0.0,0.0,60.0,0.1906,0.0,0.0,60.0,0.0114,0.0,0.2934,0.005903995104638292,0.008568804660695761,0.0113
George Holani,RB,SEA,LAC,LAC@SEA,False,0.9951309141019752,Limited,False,,,,,,,,,,,,,0.21843586650583033,0.2797547245677523,0.3199135504624045,59,31.161255357351475,15.442464581414857,41.63596253129562,54.0,10.199649189173465,0.0,15.677509250814833,33.0,1.2811117812625654,0.0,2.0,32.0,0.10147768395657418,7.628417772416566,1.6642541214314435,0.18117197450171257,0.047763572916747016,0.27839257478345364
Tory Horton,WR,SEA,LAC,LAC@SEA,False,1.0,,False,,,,,,,,,,,,,0.0,0.0893,0.0928,4,0.0,0.0,0.0,64.0,19.536616345870513,0.0,29.35252660478601,19.0,1.4116,0.0,2.0,21.0,0.0928,0.0,2.2146,0.004723196083710635,0.06357411857620636,0.0893
Cooper Kupp,WR,SEA,LAC,LAC@SEA,False,1.0,,False,,,,,,,,,,,,,0.0,0.19395,0.21275,23,0.0,0.0,0.0,76.0,36.75219984641503,13.676008029010621,52.428290223859165,44.0,2.7512,1.0,4.0,43.0,0.21275,0.0,4.1781,0.003935996736425529,0.11939799237840043,0.19395
Brady Russell,RB,SEA,LAC,LAC@SEA,False,1.0,,False,,,,,,,,,,,,,0.0,0.03065,0.0312,4,0.0,0.0,0.0,64.0,4.265117816830985,0.0,5.8431507504107465,23.0,0.5309,0.0,1.0,7.0,0.0312,0.0,0.69895,0.0034465752222346963,0.020028988373006415,0.03065
Eric Saubert,TE,SEA,LAC,LAC@SEA,False,1.0,,False,,,,,,,,,,,,,0.0,0.0914,0.09665,16,0.0,0.0,0.0,65.0,5.854803486192232,0.0,8.37109478846535,22.0,0.5613,0.0,1.0,11.0,0.09665,0.0,0.80315,0.003935996736425529,0.022943869645718897,0.0914
Rashid Shaheed,WR,SEA,LAC,LAC@SEA,False,0.9479829842591244,Full,False,,,,,,,,,,,,,0.006435956952943659,0.19408102975311248,0.2149715129774214,25,1.3276232512734922,0.0,0.0,75.0,37.81646582941964,15.748820129114304,53.049004862112,47.0,3.077336990926356,2.0,4.0,57.0,0.20853555602447774,0.3059189702468875,4.850443131462334,0.007215994016780135,0.13957040757275127,0.1839855137734395
Jaxon Smith-Njigba,WR,SEA,LAC,LAC@SEA,False,1.0,,False,,,,,,,,,,,,,0.0,0.55165,0.76725,85,0.0,0.0,0.0,97.0,114.99645227218979,71.17528145164003,148.13852802875255,80.0,7.55605,5.0,9.0,84.0,0.76725,0.0,11.0911,0.003935996736425529,0.3184807476222622,0.55165
Emanuel Wilson,RB,SEA,LAC,LAC@SEA,False,1.0,,False,,,,,,,,,,,,,0.4559,0.40855,0.5141,69,60.396452761874535,38.47358305492676,76.90679551869218,64.0,3.542076362570503,0.0,4.056968703616152,48.0,0.4476,0.0,1.0,23.0,0.0582,15.3161,0.5807,0.36321926835032287,0.01686542105714638,0.40855
Bo Nix,QB,DEN,SF,DEN@SF,False,1.0,,False,19.979,17.0,23.0,91.0,213.2247010713264,160.3967795314106,254.95611406600605,87.0,1.5971,1.0,2.0,81.0,0.1734,0.1593,0.1734,62,,,,,,,,,,,,,,,,,,0.1593
Nate Adkins,TE,DEN,SF,DEN@SF,False,1.0,,False,,,,,,,,,,,,,0.00625,0.1314,0.13895,25,1.1255699207396104,0.0,0.0,68.0,8.309977499227962,0.0,12.698463917707194,22.0,0.8405,0.0,1.0,32.0,0.1327,0.25995,1.27835,0.008018484110048463,0.03557229965909327,0.1314
Tyler Badie,RB,DEN,SF,DEN@SF,False,1.0,,False,,,,,,,,,,,,,0.03,0.1433,0.1538,17,4.811142195402321,0.0,6.19442785657401,27.0,8.977555131752284,0.0,13.695880778153342,20.0,1.202,0.0,2.0,16.0,0.1238,1.13295,1.75625,0.03396559901557302,0.046416352928676324,0.1433
Pat Bryant,WR,DEN,SF,DEN@SF,False,1.0,,False,,,,,,,,,,,,,0.0073,0.1299,0.13915,21,1.1874341386911598,0.0,0.0,74.0,22.22723790186433,4.363954765784622,32.95556957624931,36.0,1.79005,1.0,3.0,41.0,0.13185,0.26455,2.961,0.008018484110048463,0.08455405883962124,0.1299
J.K. Dobbins,RB,DEN,SF,DEN@SF,False,0.9508674235277402,Full,False,,,,,,,,,,,,,0.5304091411721342,0.4375230372281607,0.5616871149491864,59,60.32337754778049,38.740539926966754,76.47581087238973,64.0,4.690697052882461,0.0,7.011801563954715,39.0,0.6433573798114897,0.0,1.0,37.0,0.03127797377705229,14.675793797061766,0.8927386656837449,0.47612819126331196,0.023578353035792796,0.41602640314317274
Evan Engram,TE,DEN,SF,DEN@SF,False,1.0,,False,,,,,,,,,,,,,0.0,0.1425,0.1529,20,0.0,0.0,0.0,73.0,21.355866351002142,6.3302399270093375,30.823494444615513,38.0,2.20315,1.0,3.0,46.0,0.1529,0.0,3.4128,0.003660612311109081,0.09478496739455596,0.1425
Troy Franklin,WR,DEN,SF,DEN@SF,False,1.0,,False,,,,,,,,,,,,,0.01095,0.1375,0.1464,13,1.653643276427382,0.0,0.0,66.0,21.887972165542248,4.249368450449297,32.240740430996624,28.0,1.7812,1.0,3.0,33.0,0.13545,0.38205,2.96765,0.011795306335795928,0.08561764261290092,0.1375
RJ Harvey,RB,DEN,SF,DEN@SF,False,1.0,,False,,,,,,,,,,,,,0.1228,0.29125,0.33575,28,18.417764730567146,6.267737631710935,24.82530804023227,45.0,23.27240937333777,9.660531685561269,32.70761963009594,45.0,3.19785,2.0,4.0,56.0,0.21295,4.34275,4.35385,0.13197896018929048,0.11468883448904334,0.29125
Lil'Jordan Humphrey,WR,DEN,SF,DEN@SF,False,1.0,,False,,,,,,,,,,,,,0.0,0.05515,0.0562,1,0.0,0.0,0.0,61.0,11.465469863000733,0.0,17.60243016368193,15.0,0.9283,0.0,1.0,29.0,0.0562,0.0,1.622,0.005490918466663622,0.04645420735912489,0.05515
Kolbe Katsis,WR,DEN,SF,DEN@SF,False,1.0,,False,,,,,,,,,,,,,0.0,0.00885,0.00895,1,0.0,0.0,0.0,60.0,1.7695653353581158,0.0,0.0,60.0,0.14505,0.0,0.0,60.0,0.00895,0.0,0.23715,0.005490918466663622,0.006694939713418782,0.00885
Marvin Mims Jr.,WR,DEN,SF,DEN@SF,False,0.9479829842591244,Full,False,,,,,,,,,,,,,0.0,0.06282030961060918,0.06503936175833465,1,0.0,0.0,0.0,57.0,11.593192134252114,0.0,17.7608376804575,13.0,1.1113752839858404,0.0,2.0,6.0,0.06503936175833465,0.0,1.7821630474982828,0.005490918466663622,0.051418350126101055,0.05955258457674745
Adam Prentice,RB,DEN,SF,DEN@SF,False,1.0,,False,,,,,,,,,,,,,0.0,0.01425,0.01435,1,0.0,0.0,0.0,61.0,1.9269808373372064,0.0,0.0,61.0,0.2618,0.0,0.0,61.0,0.01435,0.0,0.363,0.004624047078271475,0.009442481131332163,0.01425
Courtland Sutton,WR,DEN,SF,DEN@SF,False,1.0,,False,,,,,,,,,,,,,0.0,0.2811,0.3279,56,0.0,0.0,0.0,86.0,38.39236011308373,15.85280724406308,54.10687066072458,56.0,3.12275,2.0,4.0,66.0,0.3279,0.0,5.3698,0.003660612311109081,0.15351726654230824,0.2811
Adam Trautman,TE,DEN,SF,DEN@SF,False,1.0,,False,,,,,,,,,,,,,0.0,0.03585,0.03635,5,0.0,0.0,0.0,65.0,6.374105997253363,0.0,9.614544787359135,20.0,0.6552,0.0,1.0,19.0,0.03635,0.0,0.93775,0.003660612311109081,0.02631629996518489,0.03585
Jaylen Waddle,WR,DEN,SF,DEN@SF,False,0.9479829842591244,Full,False,,,,,,,,,,,,,0.009335935439632893,0.240466269318002,0.27153330871881426,39,1.1968163771111506,0.0,0.0,87.0,49.46058039967224,23.677733601573465,68.13697420140997,62.0,3.8255709689329604,2.0,5.0,65.0,0.2621973732791814,0.2795506092093465,6.419958858589588,0.00854142872592119,0.18734126492938988,0.22795793160173786
Brock Purdy,QB,SF,DEN,DEN@SF,False,1.0,,False,18.91035,16.0,22.0,87.0,232.8159736471836,173.25280729904358,280.00982417049056,83.0,1.856,1.0,3.0,65.0,0.10215,0.0976,0.10215,58,,,,,,,,,,,,,,,,,,0.0976
Kaelon Black,RB,SF,DEN,DEN@SF,False,1.0,,False,,,,,,,,,,,,,0.24085,0.2365,0.2697,43,41.65830590013049,22.395359960506703,55.12598196368657,56.0,4.192169919213575,0.0,5.298358575095832,41.0,0.4759,0.0,1.0,19.0,0.02885,7.8524,0.67985,0.24891945126204418,0.017069154423332972,0.2365
Jacob Cowing,WR,SF,DEN,DEN@SF,False,1.0,,False,,,,,,,,,,,,,0.0,0.039,0.03995,4,0.0,0.0,0.0,63.0,7.2545402170212805,0.0,9.562041735785526,24.0,0.49135,0.0,1.0,3.0,0.03995,0.0,0.8351,0.003573081114369162,0.021963988147486662,0.039
Mike Evans,WR,SF,DEN,DEN@SF,False,0.6667342299285288,Questionable; Limited,False,,,,,,,,,,,,,0.0,0.2950329144225015,0.34186116098144825,26,0.0,0.0,0.0,57.0,47.24785323443847,20.736841039499645,65.8126732731917,38.0,3.3255535607420708,2.0,4.0,45.0,0.34186116098144825,0.0,5.707510472770796,0.003573081114369162,0.17378020190537355,0.19670854300105609
Luke Farrell,TE,SF,DEN,DEN@SF,False,1.0,,False,,,,,,,,,,,,,0.0,0.04295,0.0439,5,0.0,0.0,0.0,65.0,7.3525817114619105,0.0,10.702111117634121,21.0,0.62265,0.0,1.0,17.0,0.0439,0.0,0.97625,0.003573081114369162,0.025976971345210258,0.04295
Jordan James,RB,SF,DEN,DEN@SF,False,1.0,,False,,,,,,,,,,,,,0.06975,0.0772,0.0797,2,12.89741056043676,2.3678914047834763,18.312296886294973,25.0,1.3714426127002681,0.0,0.0,62.0,0.15705,0.0,0.0,62.0,0.00995,2.47385,0.22555,0.07791179701481467,0.005850639311514084,0.0772
Kyle Juszczyk,RB,SF,DEN,DEN@SF,False,1.0,,False,,,,,,,,,,,,,0.0,0.14885,0.1587,17,0.0,0.0,0.0,65.0,12.231540342285719,0.0,18.59398612564489,20.0,1.3124,0.0,2.0,20.0,0.1587,0.0,1.82875,0.0040821452562378666,0.04640435390968829,0.14885
George Kittle,TE,SF,DEN,DEN@SF,False,1.0,,False,,,,,,,,,,,,,0.0,0.41255,0.5212,56,0.0,0.0,0.0,86.0,62.11527684202092,32.50372357247585,83.11887000790254,61.0,4.96005,3.0,6.0,67.0,0.5212,0.0,7.36145,0.003573081114369162,0.195409568875346,0.41255
Christian McCaffrey,RB,SF,DEN,DEN@SF,False,0.9508674235277402,Full,False,,,,,,,,,,,,,0.5328463317216733,0.6426844649989489,0.9778221568215262,84,73.43710238481367,49.09088313086165,92.82001937047866,78.0,48.28900683372818,26.09541422333228,64.99046406213107,72.0,5.260090393104898,3.0,7.0,73.0,0.44497582509985284,13.41528274122346,7.407504729871768,0.44275317139235504,0.19092005027216466,0.6111077213748547
Deebo Samuel Sr.,WR,SF,DEN,DEN@SF,False,1.0,,False,,,,,,,,,,,,,0.02115,0.3293,0.3921,36,3.824508444389989,0.0,4.628355336239623,41.0,54.341418930465125,23.840545052898552,75.33105614955332,49.0,3.4876,2.0,5.0,52.0,0.37095,0.70275,5.70635,0.022311139346997556,0.1508177428708796,0.3293
Jordan Watkins,WR,SF,DEN,DEN@SF,False,1.0,,False,,,,,,,,,,,,,0.0,0.08595,0.0895,2,0.0,0.0,0.0,62.0,18.597602759274945,0.0,28.447185352554712,16.0,1.16005,0.0,2.0,10.0,0.0895,0.0,1.94585,0.005359621671553742,0.051656749172312215,0.08595
Brayden Willis,TE,SF,DEN,DEN@SF,False,1.0,,False,,,,,,,,,,,,,0.0,0.00545,0.0055,1,0.0,0.0,0.0,60.0,1.0510108888944443,0.0,0.0,60.0,0.08765,0.0,0.0,60.0,0.0055,0.0,0.13685,0.004287697337242994,0.0036261717429202627,0.00545
Jared Goff,QB,DET,CAR,DET@CAR,False,1.0,,False,20.9241,18.0,24.0,91.0,216.5719194182584,163.37223180721276,259.06446643902365,87.0,1.85245,1.0,3.0,68.0,0.06535,0.0634,0.06535,62,,,,,,,,,,,,,,,,,,0.0634
Jahmyr Gibbs,RB,DET,CAR,DET@CAR,False,1.0,,False,,,,,,,,,,,,,1.0394,0.77385,1.3738,85,112.42118728115321,83.21863464276626,136.58167009569814,86.0,29.34390366319646,14.133794324886624,40.15384208725697,73.0,3.9889,2.0,5.0,77.0,0.3344,20.91365,5.32545,0.7353193782287176,0.17056578397255723,0.77385
Tom Kennedy,WR,DET,CAR,DET@CAR,False,1.0,,False,,,,,,,,,,,,,0.0,0.01385,0.01405,1,0.0,0.0,0.0,60.0,2.8622239600075385,0.0,0.0,60.0,0.2397,0.0,0.0,60.0,0.01405,0.0,0.3871,0.004563660195744673,0.011709040824510464,0.01385
Sam LaPorta,TE,DET,CAR,DET@CAR,False,1.0,,False,,,,,,,,,,,,,0.0,0.36405,0.44595,61,0.0,0.0,0.0,90.0,50.07614139627262,26.960303488390796,67.14667819227776,66.0,4.99405,3.0,6.0,72.0,0.44595,0.0,7.13195,0.004563660195744673,0.1843402705526969,0.36405
Tay Martin,WR,DET,CAR,DET@CAR,False,1.0,,False,,,,,,,,,,,,,0.0,0.01195,0.01215,1,0.0,0.0,0.0,60.0,2.330589513903005,0.0,0.0,60.0,0.19375,0.0,0.0,60.0,0.01215,0.0,0.3131,0.004563660195744673,0.009676893243397077,0.01195
Jackson Meeks,WR,DET,CAR,DET@CAR,False,1.0,,False,,,,,,,,,,,,,0.0,0.0303,0.0307,2,0.0,0.0,0.0,62.0,5.397997903358369,0.0,6.892871836803318,23.0,0.4579,0.0,1.0,2.0,0.0307,0.0,0.73325,0.004563660195744673,0.02215271895924376,0.0303
Jacob Saylors,RB,DET,CAR,DET@CAR,False,1.0,,False,,,,,,,,,,,,,0.0119,0.01825,0.01845,1,1.753771172696346,0.0,0.0,60.0,0.8532525281169081,0.0,0.0,60.0,0.1222,0.0,0.0,60.0,0.00655,0.34855,0.16415,0.011988575606114403,0.005250653417118613,0.01825
Amon-Ra St. Brown,WR,DET,CAR,DET@CAR,False,1.0,,False,,,,,,,,,,,,,0.0,0.4666,0.6138,85,0.0,0.0,0.0,97.0,64.5748994909077,37.83945766181139,84.76480092201014,78.0,6.0383,4.0,8.0,80.0,0.6138,0.0,9.6401,0.004563660195744673,0.29254432005340364,0.4666
Isaac TeSlaa,WR,DET,CAR,DET@CAR,False,1.0,,False,,,,,,,,,,,,,0.0,0.13035,0.1388,27,0.0,0.0,0.0,74.0,16.769701534448686,0.0,25.310484132068602,29.0,1.31545,0.0,2.0,29.0,0.1388,0.0,2.18575,0.004563660195744673,0.06617639500570466,0.13035
Sione Vaki,RB,DET,CAR,DET@CAR,False,1.0,,False,,,,,,,,,,,,,0.15535,0.177,0.1927,16,21.26413873389546,8.469934226619682,29.15463544912982,41.0,4.839079364807261,0.0,7.20314309241622,25.0,0.67525,0.0,1.0,26.0,0.03735,4.26135,0.91195,0.15073081942880007,0.02885744515558088,0.177
Jameson Williams,WR,DET,CAR,DET@CAR,False,1.0,,False,,,,,,,,,,,,,0.0,0.21755,0.2398,35,0.0,0.0,0.0,87.0,44.03700730144241,18.866407369346444,62.19507255228009,58.0,3.219,2.0,4.0,69.0,0.2398,0.0,5.2565,0.004563660195744673,0.1587035073771584,0.21755
Brock Wright,TE,DET,CAR,DET@CAR,False,1.0,,False,,,,,,,,,,,,,0.0,0.0715,0.07395,5,0.0,0.0,0.0,65.0,11.048540254301352,0.0,16.88943243496465,19.0,1.1692,0.0,2.0,13.0,0.07395,0.0,1.7631,0.004563660195744673,0.045540475264919195,0.0715
Bryce Young,QB,CAR,DET,DET@CAR,False,0.98,Full,False,22.648992089818833,20.0,26.0,90.0,278.4230648223768,212.41228226459384,331.21762061210336,85.0,1.6870119928553202,1.0,2.0,81.0,0.08905332993110487,0.0843582546568002,0.08905332993110487,60,,,,,,,,,,,,,,,,,,0.0826710895636642
Jalen Coker,WR,CAR,DET,DET@CAR,False,0.6667342299285288,Questionable; Limited,False,,,,,,,,,,,,,0.0,0.31168927985686595,0.36693007305799913,44,0.0,0.0,0.0,63.0,54.518076771662074,26.56788763548967,74.6679854267964,46.0,4.1259132249888175,2.0,5.0,49.0,0.36693007305799913,0.0,6.2872372148501565,0.0036017860441965605,0.1558458290074983,0.20781391198234522
AJ Dillon,RB,CAR,DET,DET@CAR,False,1.0,,False,,,,,,,,,,,,,0.10645,0.1147,0.12255,10,19.71835860642472,6.791446008191589,26.42478254401268,39.0,2.542780141882586,0.0,0.0,69.0,0.31405,0.0,0.0,69.0,0.0161,4.54585,0.4354,0.13093538301240798,0.008256103728936698,0.1147
Mitchell Evans,TE,CAR,DET,DET@CAR,False,1.0,,False,,,,,,,,,,,,,0.0,0.1255,0.1337,22,0.0,0.0,0.0,70.0,14.789572461901338,0.0,22.47033734287833,24.0,1.36315,0.0,2.0,26.0,0.1337,0.0,2.0245,0.0036017860441965605,0.04145720362657479,0.1255
Feleipe Franks,TE,CAR,DET,DET@CAR,False,1.0,,False,,,,,,,,,,,,,0.0,0.0031,0.0031,1,0.0,0.0,0.0,60.0,0.7172962684282617,0.0,0.0,60.0,0.06465,0.0,0.0,60.0,0.0031,0.0,0.09695,0.0036017860441965605,0.0020209285776467264,0.0031
Jimmy Horn Jr.,WR,CAR,DET,DET@CAR,False,1.0,,False,,,,,,,,,,,,,0.0,0.0474,0.0486,1,0.0,0.0,0.0,61.0,12.4484334115542,0.0,19.07677240786,15.0,0.91675,0.0,1.0,28.0,0.0486,0.0,1.5112,0.005402679066294841,0.03295347890858793,0.0474
Chuba Hubbard,RB,CAR,DET,DET@CAR,False,0.9508674235277402,Full,False,,,,,,,,,,,,,0.4953448003787281,0.5097049076850244,0.685182262900426,83,69.84017515410103,47.03093653559088,87.94632074232422,78.0,21.586638123589708,7.342845433726029,30.97418220975591,63.0,2.6487822839408763,1.0,4.0,62.0,0.18983746252169797,15.274314870338225,3.6216927042238702,0.48015997382310005,0.06850935130770748,0.48466179232990386
Tetairoa McMillan,WR,CAR,DET,DET@CAR,False,1.0,,False,,,,,,,,,,,,,0.0,0.38025,0.47265,68,0.0,0.0,0.0,97.0,86.61512152888938,48.27346090266449,115.45008259495518,73.0,5.60965,4.0,7.0,81.0,0.47265,0.0,9.6624,0.0036017860441965605,0.2079302471377643,0.38025
John Metchie III,WR,CAR,DET,DET@CAR,False,1.0,,False,,,,,,,,,,,,,0.0,0.11335,0.11975,13,0.0,0.0,0.0,67.0,20.55744651420856,2.4889426895685167,30.781454013822163,25.0,1.67595,1.0,2.0,49.0,0.11975,0.0,2.7582,0.004322143253035873,0.059925631516801345,0.11335
David Moore,WR,CAR,DET,DET@CAR,False,1.0,,False,,,,,,,,,,,,,0.0,0.0391,0.03965,2,0.0,0.0,0.0,62.0,9.161868090622825,0.0,13.625931683122591,18.0,0.6712,0.0,1.0,17.0,0.03965,0.0,1.11245,0.005402679066294841,0.024180261720335043,0.0391
Brycen Tremayne,WR,CAR,DET,DET@CAR,False,1.0,,False,,,,,,,,,,,,,0.0,0.05025,0.0513,11,0.0,0.0,0.0,70.0,13.293479954154597,0.0,20.35891286916353,24.0,0.9064,0.0,1.0,36.0,0.0513,0.0,1.48535,0.0036017860441965605,0.03193488024592266,0.05025
Tommy Tremble,TE,CAR,DET,DET@CAR,False,1.0,,False,,,,,,,,,,,,,0.0,0.17325,0.18815,25,0.0,0.0,0.0,78.0,34.32154827784641,13.773647956200296,48.26523371902407,47.0,3.2188,2.0,4.0,59.0,0.18815,0.0,4.8328,0.0036017860441965605,0.09835148777272693,0.17325
Anthony Tyus III,RB,CAR,DET,DET@CAR,False,1.0,,False,,,,,,,,,,,,,0.0,0.0071,0.0071,1,0.0,0.0,0.0,60.0,1.2183154000615977,0.0,0.0,60.0,0.15,0.0,0.0,60.0,0.0071,0.0,0.2067,0.003548162203347307,0.003987301932070379,0.0071
Darren Waller,TE,CAR,DET,DET@CAR,False,0.9479829842591244,Full,False,,,,,,,,,,,,,0.0,0.2452252822623193,0.2785164081460378,32,0.0,0.0,0.0,77.0,47.863856804812166,23.326468797409945,65.61518525977195,51.0,4.288962751925715,3.0,6.0,57.0,0.2785164081460378,0.0,6.463596074707186,0.0036017860441965605,0.13336362420145703,0.23246939489481958
Michael Penix Jr.,QB,ATL,NO,ATL@NO,False,1.0,,False,16.9011,14.0,19.0,59.0,183.6806773895205,136.2863934273627,222.06064786146024,53.0,1.3647,1.0,2.0,45.0,0.04975,0.0487,0.04975,26,,,,,,,,,,,,,,,,,,0.0487
Chris Blair,WR,ATL,NO,ATL@NO,False,1.0,,False,,,,,,,,,,,,,0.0,0.04005,0.04085,5,0.0,0.0,0.0,65.0,6.00175067657956,0.0,8.30852918507599,23.0,0.50935,0.0,1.0,6.0,0.04085,0.0,0.84525,0.003686234688171161,0.029359713507702022,0.04005
Zachariah Branch,WR,ATL,NO,ATL@NO,False,1.0,,False,,,,,,,,,,,,,0.0,0.0558,0.05685,7,0.0,0.0,0.0,66.0,8.564042032079989,0.0,13.166743718250519,20.0,0.7491,0.0,1.0,26.0,0.05685,0.0,1.23195,0.003686234688171161,0.0412946700509672,0.0558
Jahan Dotson,WR,ATL,NO,ATL@NO,False,1.0,,False,,,,,,,,,,,,,0.0,0.15295,0.16435,18,0.0,0.0,0.0,76.0,22.995795567834843,5.839603586020206,33.855663004255725,39.0,1.9387,1.0,3.0,45.0,0.16435,0.0,3.358,0.003686234688171161,0.11497225072911339,0.15295
Austin Hooper,TE,ATL,NO,ATL@NO,False,1.0,,False,,,,,,,,,,,,,0.0,0.1461,0.1565,16,0.0,0.0,0.0,70.0,11.485139012768059,0.0,17.523486041188065,24.0,1.1647,0.0,2.0,18.0,0.1565,0.0,1.7413,0.003686234688171161,0.05920537550407646,0.1461
Drake London,WR,ATL,NO,ATL@NO,False,1.0,,False,,,,,,,,,,,,,0.00855,0.31515,0.36935,33,1.7767324800140418,0.0,0.0,90.0,66.06997847062712,34.67250219159548,88.8882075329742,66.0,4.64675,3.0,6.0,71.0,0.3608,0.3744,7.6003,0.011489755701436724,0.2610326419999095,0.31515
Nick Muse,TE,ATL,NO,ATL@NO,False,1.0,,False,,,,,,,,,,,,,0.0,0.01,0.01,1,0.0,0.0,0.0,60.0,1.3206481045060656,0.0,0.0,60.0,0.13535,0.0,0.0,60.0,0.01,0.0,0.2076,0.003686234688171161,0.007150789762353575,0.01
Kyle Pitts,TE,ATL,NO,ATL@NO,False,1.0,,False,,,,,,,,,,,,,0.0,0.18695,0.2052,11,0.0,0.0,0.0,70.0,27.66404979530828,10.82905930179706,39.17255553064559,39.0,2.8376,2.0,4.0,48.0,0.2052,0.0,4.27545,0.003686234688171161,0.14632157177459895,0.18695
Bijan Robinson,RB,ATL,NO,ATL@NO,False,1.0,,False,,,,,,,,,,,,,0.63005,0.60485,0.8852,85,96.35019069417618,69.03765115813948,118.63314408185528,85.0,30.410670508534107,14.629704653446588,41.59321152091685,73.0,3.8269,2.0,5.0,76.0,0.25515,17.36225,5.3207,0.531278601853038,0.20319122728193406,0.60485
Brian Robinson,RB,ATL,NO,ATL@NO,False,1.0,,False,,,,,,,,,,,,,0.2199,0.2203,0.246,30,37.269737790169565,19.760794750434485,49.412690717725106,59.0,2.610662435603225,0.0,2.1860171968155147,58.0,0.36755,0.0,1.0,23.0,0.0261,7.61955,0.5139,0.23370088360555538,0.019608096488972607,0.2203
Charlie Woerner,TE,ATL,NO,ATL@NO,False,1.0,,False,,,,,,,,,,,,,0.0,0.0197,0.01995,2,0.0,0.0,0.0,62.0,2.6796055329289863,0.0,0.0,62.0,0.27855,0.0,0.0,62.0,0.01995,0.0,0.422,0.003686234688171161,0.014721993370818004,0.0197
Olamide Zaccheaus,WR,ATL,NO,ATL@NO,False,1.0,,False,,,,,,,,,,,,,0.0,0.1257,0.1334,11,0.0,0.0,0.0,70.0,16.78950700577822,2.6004499126239478,25.13684360780443,29.0,1.6469,1.0,2.0,51.0,0.1334,0.0,2.7525,0.003686234688171161,0.0944351738251504,0.1257
Tyler Shough,QB,NO,ATL,ATL@NO,False,1.0,,False,22.0522,19.0,25.0,92.0,240.56161107384233,182.96140651234725,287.13735993722054,87.0,1.98815,1.0,3.0,70.0,0.1412,0.1324,0.1412,62,,,,,,,,,,,,,,,,,,0.1324
Kevin Austin Jr.,WR,NO,ATL,ATL@NO,False,1.0,,False,,,,,,,,,,,,,0.0,0.07235,0.07455,2,0.0,0.0,0.0,62.0,12.802902907097842,0.0,19.559238166404963,16.0,1.02945,0.0,2.0,3.0,0.07455,0.0,1.806,0.003332389871668485,0.044291850698501146,0.07235
Barion Brown,WR,NO,ATL,ATL@NO,False,0.9479829842591244,Full,False,,,,,,,,,,,,,0.0069349584953241564,0.02238100241672796,0.022748765367237574,1,1.6084672929266164,0.0,0.0,57.0,2.8140283595924225,0.0,0.0,57.0,0.21902910581065463,0.0,0.0,57.0,0.01581380687191342,0.3792686771041294,0.3701271409057476,0.009330691640671757,0.009074282181376526,0.02121680946172045
Oscar Delp,TE,NO,ATL,ATL@NO,False,1.0,,False,,,,,,,,,,,,,0.0,0.03005,0.03085,1,0.0,0.0,0.0,61.0,4.915626855374062,0.0,6.265785873620047,23.0,0.4868,0.0,1.0,1.0,0.03085,0.0,0.75535,0.003998867846002182,0.01677375977595977,0.03005
CJ Donaldson,RB,NO,ATL,ATL@NO,False,1.0,,False,,,,,,,,,,,,,0.06125,0.082,0.08485,11,6.6464592469716,0.0,8.602850414349113,27.0,2.9385678410194487,0.0,2.7269064405744645,37.0,0.3975,0.0,1.0,5.0,0.0236,1.6491,0.57405,0.03908062596400464,0.013371007488053786,0.082
Noah Fant,TE,NO,ATL,ATL@NO,False,0.6667342299285288,Questionable; Limited,False,,,,,,,,,,,,,0.0,0.20969914683430624,0.23432120939979045,25,0.0,0.0,0.0,53.0,18.834680043581855,4.1777166516866515,27.745542058989454,28.0,1.91311180960934,1.0,3.0,32.0,0.23432120939979045,0.0,2.9146085915282143,0.003332389871668485,0.07077182565309295,0.13981359918124067
Juwan Johnson,TE,NO,ATL,ATL@NO,False,1.0,,False,,,,,,,,,,,,,0.0,0.42625,0.54,66,0.0,0.0,0.0,90.0,53.47533853008743,28.600331922548254,71.87889194654159,66.0,5.0507,3.0,7.0,67.0,0.54,0.0,7.69135,0.003332389871668485,0.1697533667800427,0.42625
Alvin Kamara,RB,NO,ATL,ATL@NO,False,1.0,,False,,,,,,,,,,,,,0.22275,0.36475,0.44155,36,39.438607242515744,21.927078927390085,51.72303607789814,55.0,22.215081673901626,9.314148016787533,31.199048835388446,48.0,3.2612,2.0,4.0,59.0,0.2188,10.91075,4.535,0.26317348302825083,0.1033163552853583,0.36475
Bryce Lance,WR,NO,ATL,ATL@NO,False,1.0,,False,,,,,,,,,,,,,0.0,0.07335,0.0758,14,0.0,0.0,0.0,73.0,13.550668337714097,0.0,20.945521998622322,26.0,1.05905,0.0,2.0,16.0,0.0758,0.0,1.81965,0.003332389871668485,0.04472201059179554,0.07335
Kendre Miller,RB,NO,ATL,ATL@NO,False,1.0,,False,,,,,,,,,,,,,0.1993,0.21875,0.245,23,27.923938101629354,13.251254594946314,37.19907934029308,45.0,6.070662502371219,0.0,9.194004931694387,25.0,0.8166,0.0,1.0,34.0,0.0457,7.197,1.1598,0.17286051574649386,0.026414792220666394,0.21875
Jalen Cropper,WR,NO,ATL,ATL@NO,False,1.0,,False,,,,,,,,,,,,,0.0,0.0148,0.0149,1,0.0,0.0,0.0,60.0,2.8194629214460383,0.0,0.0,60.0,0.2219,0.0,0.0,60.0,0.0149,0.0,0.3755,0.0049985848075027265,0.009020588203971934,0.0148
Chris Olave,WR,NO,ATL,ATL@NO,False,1.0,,False,,,,,,,,,,,,,0.0,0.44615,0.5747,66,0.0,0.0,0.0,97.0,84.91119403736256,49.97983922877075,111.42286028813942,78.0,6.53515,5.0,8.0,86.0,0.5747,0.0,10.79225,0.003332389871668485,0.2664160110167168,0.44615
Devaughn Vele,WR,NO,ATL,ATL@NO,False,1.0,,False,,,,,,,,,,,,,0.0,0.27115,0.3118,55,0.0,0.0,0.0,95.0,37.814887984658384,15.385399617696017,53.25983636702214,65.0,3.1709,2.0,4.0,76.0,0.3118,0.0,5.33425,0.003332389871668485,0.13046428301322247,0.27115
Treyton Welch,TE,NO,ATL,ATL@NO,False,0.8055616699684496,DNP,False,,,,,,,,,,,,,0.0,0.007847256549678695,0.007847256549678695,1,0.0,0.0,0.0,48.0,1.2462424409606119,0.0,0.0,48.0,0.12209589718240237,0.0,0.0,48.0,0.007847256549678695,0.0,0.19476025704399408,0.003998867846002182,0.004365721037379572,0.006321449090830024
