player,team,opp,pos,game,market,prob,fair_odds,rush_td_mean,rec_td_mean,confidence,injury_flag,key_drivers,p_active,note
Aaron Rodgers,PIT,CLE,QB,PIT@CLE,anytime_td,0.0172,5714,0.01735,0.0,B,-,team att 36.3; ypa 6.68; opp d_ypa 0.99; pass rate 63.1%,1.0,PLAYED (final score in nflverse)
Aaron Rodgers,PIT,CLE,QB,PIT@CLE,first_td,0.004318970057720057,23054,0.01735,0.0,B,-,team att 36.3; ypa 6.68; opp d_ypa 0.99; pass rate 63.1%,1.0,PLAYED (final score in nflverse)
Aaron Rodgers,PIT,CLE,QB,PIT@CLE,last_td,0.004318970057720057,23054,0.01735,0.0,B,-,team att 36.3; ypa 6.68; opp d_ypa 0.99; pass rate 63.1%,1.0,PLAYED (final score in nflverse)
Aaron Rodgers,PIT,CLE,QB,PIT@CLE,2plus_td,0.00015,666567,0.01735,0.0,B,-,team att 36.3; ypa 6.68; opp d_ypa 0.99; pass rate 63.1%,1.0,PLAYED (final score in nflverse)
Germie Bernard,PIT,CLE,WR,PIT@CLE,anytime_td,0.1242,705,0.0,0.13105,C,-,tgt_sh 4.9%; team att 36.3; opp DvP 0.96; RZ tgt 2,1.0,PLAYED (final score in nflverse)
Germie Bernard,PIT,CLE,WR,PIT@CLE,first_td,0.03291766955266955,2938,0.0,0.13105,C,-,tgt_sh 4.9%; team att 36.3; opp DvP 0.96; RZ tgt 2,1.0,PLAYED (final score in nflverse)
Germie Bernard,PIT,CLE,WR,PIT@CLE,last_td,0.03291766955266955,2938,0.0,0.13105,C,-,tgt_sh 4.9%; team att 36.3; opp DvP 0.96; RZ tgt 2,1.0,PLAYED (final score in nflverse)
Germie Bernard,PIT,CLE,WR,PIT@CLE,2plus_td,0.0066,15052,0.0,0.13105,C,-,tgt_sh 4.9%; team att 36.3; opp DvP 0.96; RZ tgt 2,1.0,PLAYED (final score in nflverse)
Pat Freiermuth,PIT,CLE,TE,PIT@CLE,anytime_td,0.24415,310,0.0041,0.271,B,-,tgt_sh 13.2%; team att 36.3; opp DvP 0.90; RZ tgt 3,1.0,PLAYED (final score in nflverse)
Pat Freiermuth,PIT,CLE,TE,PIT@CLE,first_td,0.06741813492063492,1383,0.0041,0.271,B,-,tgt_sh 13.2%; team att 36.3; opp DvP 0.90; RZ tgt 3,1.0,PLAYED (final score in nflverse)
Pat Freiermuth,PIT,CLE,TE,PIT@CLE,last_td,0.06741813492063492,1383,0.0041,0.271,B,-,tgt_sh 13.2%; team att 36.3; opp DvP 0.90; RZ tgt 3,1.0,PLAYED (final score in nflverse)
Pat Freiermuth,PIT,CLE,TE,PIT@CLE,2plus_td,0.02865,3390,0.0041,0.271,B,-,tgt_sh 13.2%; team att 36.3; opp DvP 0.90; RZ tgt 3,1.0,PLAYED (final score in nflverse)
Travis Homer,PIT,CLE,RB,PIT@CLE,anytime_td,0.0538,1759,0.04635,0.0088,C,-,w_td 0.11; team TD 2.09,1.0,PLAYED (final score in nflverse)
Travis Homer,PIT,CLE,RB,PIT@CLE,first_td,0.013475158730158731,7321,0.04635,0.0088,C,-,w_td 0.11; team TD 2.09,1.0,PLAYED (final score in nflverse)
Travis Homer,PIT,CLE,RB,PIT@CLE,last_td,0.013475158730158731,7321,0.04635,0.0088,C,-,w_td 0.11; team TD 2.09,1.0,PLAYED (final score in nflverse)
Travis Homer,PIT,CLE,RB,PIT@CLE,2plus_td,0.00135,73974,0.04635,0.0088,C,-,w_td 0.11; team TD 2.09,1.0,PLAYED (final score in nflverse)
DK Metcalf,PIT,CLE,WR,PIT@CLE,anytime_td,0.29125,243,0.0,0.3394,B,-,tgt_sh 22.2%; team att 36.3; opp DvP 0.96; RZ tgt 1,1.0,PLAYED (final score in nflverse)
DK Metcalf,PIT,CLE,WR,PIT@CLE,first_td,0.08450777777777778,1083,0.0,0.3394,B,-,tgt_sh 22.2%; team att 36.3; opp DvP 0.96; RZ tgt 1,1.0,PLAYED (final score in nflverse)
DK Metcalf,PIT,CLE,WR,PIT@CLE,last_td,0.08450777777777778,1083,0.0,0.3394,B,-,tgt_sh 22.2%; team att 36.3; opp DvP 0.96; RZ tgt 1,1.0,PLAYED (final score in nflverse)
DK Metcalf,PIT,CLE,WR,PIT@CLE,2plus_td,0.04375,2186,0.0,0.3394,B,-,tgt_sh 22.2%; team att 36.3; opp DvP 0.96; RZ tgt 1,1.0,PLAYED (final score in nflverse)
Lew Nichols III,PIT,CLE,RB,PIT@CLE,anytime_td,0.03255,2972,0.02495,0.0085,C,-,w_td 0.06; team TD 2.09,1.0,PLAYED (final score in nflverse)
Lew Nichols III,PIT,CLE,RB,PIT@CLE,first_td,0.008496868686868686,11669,0.02495,0.0085,C,-,w_td 0.06; team TD 2.09,1.0,PLAYED (final score in nflverse)
Lew Nichols III,PIT,CLE,RB,PIT@CLE,last_td,0.008496868686868686,11669,0.02495,0.0085,C,-,w_td 0.06; team TD 2.09,1.0,PLAYED (final score in nflverse)
Lew Nichols III,PIT,CLE,RB,PIT@CLE,2plus_td,0.0009,111011,0.02495,0.0085,C,-,w_td 0.06; team TD 2.09,1.0,PLAYED (final score in nflverse)
Michael Pittman,PIT,CLE,WR,PIT@CLE,anytime_td,0.16955,490,0.0,0.1838,C,-,tgt_sh 13.5%; team att 36.3; opp DvP 0.96; RZ tgt 0,1.0,PLAYED (final score in nflverse)
Michael Pittman,PIT,CLE,WR,PIT@CLE,first_td,0.04570143939393939,2088,0.0,0.1838,C,-,tgt_sh 13.5%; team att 36.3; opp DvP 0.96; RZ tgt 0,1.0,PLAYED (final score in nflverse)
Michael Pittman,PIT,CLE,WR,PIT@CLE,last_td,0.04570143939393939,2088,0.0,0.1838,C,-,tgt_sh 13.5%; team att 36.3; opp DvP 0.96; RZ tgt 0,1.0,PLAYED (final score in nflverse)
Michael Pittman,PIT,CLE,WR,PIT@CLE,2plus_td,0.01385,7120,0.0,0.1838,C,-,tgt_sh 13.5%; team att 36.3; opp DvP 0.96; RZ tgt 0,1.0,PLAYED (final score in nflverse)
Ben Skowronek,PIT,CLE,WR,PIT@CLE,anytime_td,0.05705,1653,0.0,0.0585,C,-,w_td 0.03; team TD 2.09,1.0,PLAYED (final score in nflverse)
Ben Skowronek,PIT,CLE,WR,PIT@CLE,first_td,0.01426607323232323,6910,0.0,0.0585,C,-,w_td 0.03; team TD 2.09,1.0,PLAYED (final score in nflverse)
Ben Skowronek,PIT,CLE,WR,PIT@CLE,last_td,0.01426607323232323,6910,0.0,0.0585,C,-,w_td 0.03; team TD 2.09,1.0,PLAYED (final score in nflverse)
Ben Skowronek,PIT,CLE,WR,PIT@CLE,2plus_td,0.00145,68866,0.0,0.0585,C,-,w_td 0.03; team TD 2.09,1.0,PLAYED (final score in nflverse)
Robert Tonyan,PIT,CLE,TE,PIT@CLE,anytime_td,0.03935,2441,0.0,0.0402,C,-,w_td 0.02; team TD 2.09,1.0,PLAYED (final score in nflverse)
Robert Tonyan,PIT,CLE,TE,PIT@CLE,first_td,0.010134110750360751,9768,0.0,0.0402,C,-,w_td 0.02; team TD 2.09,1.0,PLAYED (final score in nflverse)
Robert Tonyan,PIT,CLE,TE,PIT@CLE,last_td,0.010134110750360751,9768,0.0,0.0402,C,-,w_td 0.02; team TD 2.09,1.0,PLAYED (final score in nflverse)
Robert Tonyan,PIT,CLE,TE,PIT@CLE,2plus_td,0.0008,124900,0.0,0.0402,C,-,w_td 0.02; team TD 2.09,1.0,PLAYED (final score in nflverse)
Jaylen Warren,PIT,CLE,RB,PIT@CLE,anytime_td,0.4118,143,0.20445,0.3087,B,-,tgt_sh 11.9%; team att 36.3; opp DvP 1.05; RZ tgt 4; car_sh 47.8%; team rush 23.1; opp d_ypc 1.05; inside-10 car 0,1.0,PLAYED (final score in nflverse)
Jaylen Warren,PIT,CLE,RB,PIT@CLE,first_td,0.12878002525252522,677,0.20445,0.3087,B,-,tgt_sh 11.9%; team att 36.3; opp DvP 1.05; RZ tgt 4; car_sh 47.8%; team rush 23.1; opp d_ypc 1.05; inside-10 car 0,1.0,PLAYED (final score in nflverse)
Jaylen Warren,PIT,CLE,RB,PIT@CLE,last_td,0.12878002525252522,677,0.20445,0.3087,B,-,tgt_sh 11.9%; team att 36.3; opp DvP 1.05; RZ tgt 4; car_sh 47.8%; team rush 23.1; opp d_ypc 1.05; inside-10 car 0,1.0,PLAYED (final score in nflverse)
Jaylen Warren,PIT,CLE,RB,PIT@CLE,2plus_td,0.0893,1020,0.20445,0.3087,B,-,tgt_sh 11.9%; team att 36.3; opp DvP 1.05; RZ tgt 4; car_sh 47.8%; team rush 23.1; opp d_ypc 1.05; inside-10 car 0,1.0,PLAYED (final score in nflverse)
Darnell Washington,PIT,CLE,TE,PIT@CLE,anytime_td,0.1554,544,0.0,0.1674,C,-,tgt_sh 8.0%; team att 36.3; opp DvP 0.90; RZ tgt 2,1.0,PLAYED (final score in nflverse)
Darnell Washington,PIT,CLE,TE,PIT@CLE,first_td,0.041810351731601726,2292,0.0,0.1674,C,-,tgt_sh 8.0%; team att 36.3; opp DvP 0.90; RZ tgt 2,1.0,PLAYED (final score in nflverse)
Darnell Washington,PIT,CLE,TE,PIT@CLE,last_td,0.041810351731601726,2292,0.0,0.1674,C,-,tgt_sh 8.0%; team att 36.3; opp DvP 0.90; RZ tgt 2,1.0,PLAYED (final score in nflverse)
Darnell Washington,PIT,CLE,TE,PIT@CLE,2plus_td,0.0115,8596,0.0,0.1674,C,-,tgt_sh 8.0%; team att 36.3; opp DvP 0.90; RZ tgt 2,1.0,PLAYED (final score in nflverse)
Roman Wilson,PIT,CLE,WR,PIT@CLE,anytime_td,0.2061,385,0.0,0.2252,B,-,tgt_sh 12.0%; team att 36.3; opp DvP 0.96; RZ tgt 2,1.0,PLAYED (final score in nflverse)
Roman Wilson,PIT,CLE,WR,PIT@CLE,first_td,0.05598012806637806,1686,0.0,0.2252,B,-,tgt_sh 12.0%; team att 36.3; opp DvP 0.96; RZ tgt 2,1.0,PLAYED (final score in nflverse)
Roman Wilson,PIT,CLE,WR,PIT@CLE,last_td,0.05598012806637806,1686,0.0,0.2252,B,-,tgt_sh 12.0%; team att 36.3; opp DvP 0.96; RZ tgt 2,1.0,PLAYED (final score in nflverse)
Roman Wilson,PIT,CLE,WR,PIT@CLE,2plus_td,0.0181,5425,0.0,0.2252,B,-,tgt_sh 12.0%; team att 36.3; opp DvP 0.96; RZ tgt 2,1.0,PLAYED (final score in nflverse)
Deshaun Watson,CLE,PIT,QB,PIT@CLE,anytime_td,0.1038,863,0.1083,0.0,B,-,team att 30.1; ypa 7.66; opp d_ypa 1.05; pass rate 56.3%,1.0,PLAYED (final score in nflverse)
Deshaun Watson,CLE,PIT,QB,PIT@CLE,first_td,0.027273041125541124,3567,0.1083,0.0,B,-,team att 30.1; ypa 7.66; opp d_ypa 1.05; pass rate 56.3%,1.0,PLAYED (final score in nflverse)
Deshaun Watson,CLE,PIT,QB,PIT@CLE,last_td,0.027273041125541124,3567,0.1083,0.0,B,-,team att 30.1; ypa 7.66; opp d_ypa 1.05; pass rate 56.3%,1.0,PLAYED (final score in nflverse)
Deshaun Watson,CLE,PIT,QB,PIT@CLE,2plus_td,0.0043,23156,0.1083,0.0,B,-,team att 30.1; ypa 7.66; opp d_ypa 1.05; pass rate 56.3%,1.0,PLAYED (final score in nflverse)
Isaiah Bond,CLE,PIT,WR,PIT@CLE,anytime_td,0.03865,2487,0.0,0.03905,C,-,tgt_sh 4.1%; team att 30.1; opp DvP 1.06; RZ tgt 0,1.0,PLAYED (final score in nflverse)
Isaiah Bond,CLE,PIT,WR,PIT@CLE,first_td,0.009401630591630591,10536,0.0,0.03905,C,-,tgt_sh 4.1%; team att 30.1; opp DvP 1.06; RZ tgt 0,1.0,PLAYED (final score in nflverse)
Isaiah Bond,CLE,PIT,WR,PIT@CLE,last_td,0.009401630591630591,10536,0.0,0.03905,C,-,tgt_sh 4.1%; team att 30.1; opp DvP 1.06; RZ tgt 0,1.0,PLAYED (final score in nflverse)
Isaiah Bond,CLE,PIT,WR,PIT@CLE,2plus_td,0.0004,249900,0.0,0.03905,C,-,tgt_sh 4.1%; team att 30.1; opp DvP 1.06; RZ tgt 0,1.0,PLAYED (final score in nflverse)
Denzel Boston,CLE,PIT,WR,PIT@CLE,anytime_td,0.1868,435,0.0,0.2042,B,-,tgt_sh 14.5%; team att 30.1; opp DvP 1.06; RZ tgt 3,1.0,PLAYED (final score in nflverse)
Denzel Boston,CLE,PIT,WR,PIT@CLE,first_td,0.05016154581529581,1894,0.0,0.2042,B,-,tgt_sh 14.5%; team att 30.1; opp DvP 1.06; RZ tgt 3,1.0,PLAYED (final score in nflverse)
Denzel Boston,CLE,PIT,WR,PIT@CLE,last_td,0.05016154581529581,1894,0.0,0.2042,B,-,tgt_sh 14.5%; team att 30.1; opp DvP 1.06; RZ tgt 3,1.0,PLAYED (final score in nflverse)
Denzel Boston,CLE,PIT,WR,PIT@CLE,2plus_td,0.01655,5942,0.0,0.2042,B,-,tgt_sh 14.5%; team att 30.1; opp DvP 1.06; RZ tgt 3,1.0,PLAYED (final score in nflverse)
KC Concepcion,CLE,PIT,WR,PIT@CLE,anytime_td,0.23915,318,0.01025,0.2598,B,-,tgt_sh 20.8%; team att 30.1; opp DvP 1.06; RZ tgt 3,1.0,PLAYED (final score in nflverse)
KC Concepcion,CLE,PIT,WR,PIT@CLE,first_td,0.06563319083694083,1424,0.01025,0.2598,B,-,tgt_sh 20.8%; team att 30.1; opp DvP 1.06; RZ tgt 3,1.0,PLAYED (final score in nflverse)
KC Concepcion,CLE,PIT,WR,PIT@CLE,last_td,0.06563319083694083,1424,0.01025,0.2598,B,-,tgt_sh 20.8%; team att 30.1; opp DvP 1.06; RZ tgt 3,1.0,PLAYED (final score in nflverse)
KC Concepcion,CLE,PIT,WR,PIT@CLE,2plus_td,0.02865,3390,0.01025,0.2598,B,-,tgt_sh 20.8%; team att 30.1; opp DvP 1.06; RZ tgt 3,1.0,PLAYED (final score in nflverse)
Harold Fannin Jr.,CLE,PIT,TE,PIT@CLE,anytime_td,0.2159,363,0.0,0.2392,B,-,tgt_sh 18.9%; team att 30.1; opp DvP 1.07; RZ tgt 3,1.0,PLAYED (final score in nflverse)
Harold Fannin Jr.,CLE,PIT,TE,PIT@CLE,first_td,0.05843242604617603,1611,0.0,0.2392,B,-,tgt_sh 18.9%; team att 30.1; opp DvP 1.07; RZ tgt 3,1.0,PLAYED (final score in nflverse)
Harold Fannin Jr.,CLE,PIT,TE,PIT@CLE,last_td,0.05843242604617603,1611,0.0,0.2392,B,-,tgt_sh 18.9%; team att 30.1; opp DvP 1.07; RZ tgt 3,1.0,PLAYED (final score in nflverse)
Harold Fannin Jr.,CLE,PIT,TE,PIT@CLE,2plus_td,0.02145,4562,0.0,0.2392,B,-,tgt_sh 18.9%; team att 30.1; opp DvP 1.07; RZ tgt 3,1.0,PLAYED (final score in nflverse)
Jerry Jeudy,CLE,PIT,WR,PIT@CLE,anytime_td,0.0973,928,0.0,0.10145,C,-,tgt_sh 11.0%; team att 30.1; opp DvP 1.06; RZ tgt 0,1.0,PLAYED (final score in nflverse)
Jerry Jeudy,CLE,PIT,WR,PIT@CLE,first_td,0.024542570346320344,3975,0.0,0.10145,C,-,tgt_sh 11.0%; team att 30.1; opp DvP 1.06; RZ tgt 0,1.0,PLAYED (final score in nflverse)
Jerry Jeudy,CLE,PIT,WR,PIT@CLE,last_td,0.024542570346320344,3975,0.0,0.10145,C,-,tgt_sh 11.0%; team att 30.1; opp DvP 1.06; RZ tgt 0,1.0,PLAYED (final score in nflverse)
Jerry Jeudy,CLE,PIT,WR,PIT@CLE,2plus_td,0.0041,24290,0.0,0.10145,C,-,tgt_sh 11.0%; team att 30.1; opp DvP 1.06; RZ tgt 0,1.0,PLAYED (final score in nflverse)
Quinshon Judkins,CLE,PIT,RB,PIT@CLE,anytime_td,0.36275,176,0.29575,0.14705,B,-,tgt_sh 9.9%; team att 30.1; opp DvP 0.92; RZ tgt 3; car_sh 51.3%; team rush 25.9; opp d_ypc 1.02; inside-10 car 4,1.0,PLAYED (final score in nflverse)
Quinshon Judkins,CLE,PIT,RB,PIT@CLE,first_td,0.10877627164502164,819,0.29575,0.14705,B,-,tgt_sh 9.9%; team att 30.1; opp DvP 0.92; RZ tgt 3; car_sh 51.3%; team rush 25.9; opp d_ypc 1.02; inside-10 car 4,1.0,PLAYED (final score in nflverse)
Quinshon Judkins,CLE,PIT,RB,PIT@CLE,last_td,0.10877627164502164,819,0.29575,0.14705,B,-,tgt_sh 9.9%; team att 30.1; opp DvP 0.92; RZ tgt 3; car_sh 51.3%; team rush 25.9; opp d_ypc 1.02; inside-10 car 4,1.0,PLAYED (final score in nflverse)
Quinshon Judkins,CLE,PIT,RB,PIT@CLE,2plus_td,0.06915,1346,0.29575,0.14705,B,-,tgt_sh 9.9%; team att 30.1; opp DvP 0.92; RZ tgt 3; car_sh 51.3%; team rush 25.9; opp d_ypc 1.02; inside-10 car 4,1.0,PLAYED (final score in nflverse)
Jaleel McLaughlin,CLE,PIT,RB,PIT@CLE,anytime_td,0.04465,2140,0.03225,0.01345,C,-,w_td 0.06; team TD 1.67,1.0,PLAYED (final score in nflverse)
Jaleel McLaughlin,CLE,PIT,RB,PIT@CLE,first_td,0.011226672077922077,8807,0.03225,0.01345,C,-,w_td 0.06; team TD 1.67,1.0,PLAYED (final score in nflverse)
Jaleel McLaughlin,CLE,PIT,RB,PIT@CLE,last_td,0.011226672077922077,8807,0.03225,0.01345,C,-,w_td 0.06; team TD 1.67,1.0,PLAYED (final score in nflverse)
Jaleel McLaughlin,CLE,PIT,RB,PIT@CLE,2plus_td,0.00105,95138,0.03225,0.01345,C,-,w_td 0.06; team TD 1.67,1.0,PLAYED (final score in nflverse)
Raheim Sanders,CLE,PIT,RB,PIT@CLE,anytime_td,0.11,809,0.04395,0.0706,C,-,tgt_sh 8.0%; team att 30.1; opp DvP 0.92; RZ tgt 0; car_sh 9.5%; team rush 25.9; opp d_ypc 1.02; inside-10 car 0,1.0,PLAYED (final score in nflverse)
Raheim Sanders,CLE,PIT,RB,PIT@CLE,first_td,0.027939435425685423,3479,0.04395,0.0706,C,-,tgt_sh 8.0%; team att 30.1; opp DvP 0.92; RZ tgt 0; car_sh 9.5%; team rush 25.9; opp d_ypc 1.02; inside-10 car 0,1.0,PLAYED (final score in nflverse)
Raheim Sanders,CLE,PIT,RB,PIT@CLE,last_td,0.027939435425685423,3479,0.04395,0.0706,C,-,tgt_sh 8.0%; team att 30.1; opp DvP 0.92; RZ tgt 0; car_sh 9.5%; team rush 25.9; opp d_ypc 1.02; inside-10 car 0,1.0,PLAYED (final score in nflverse)
Raheim Sanders,CLE,PIT,RB,PIT@CLE,2plus_td,0.00445,22372,0.04395,0.0706,C,-,tgt_sh 8.0%; team att 30.1; opp DvP 0.92; RZ tgt 0; car_sh 9.5%; team rush 25.9; opp d_ypc 1.02; inside-10 car 0,1.0,PLAYED (final score in nflverse)
Blake Whiteheart,CLE,PIT,TE,PIT@CLE,anytime_td,0.0415,2310,0.0,0.04225,C,-,w_td 0.04; team TD 1.67,1.0,PLAYED (final score in nflverse)
Blake Whiteheart,CLE,PIT,TE,PIT@CLE,first_td,0.010583551587301586,9349,0.0,0.04225,C,-,w_td 0.04; team TD 1.67,1.0,PLAYED (final score in nflverse)
Blake Whiteheart,CLE,PIT,TE,PIT@CLE,last_td,0.010583551587301586,9349,0.0,0.04225,C,-,w_td 0.04; team TD 1.67,1.0,PLAYED (final score in nflverse)
Blake Whiteheart,CLE,PIT,TE,PIT@CLE,2plus_td,0.00075,133233,0.0,0.04225,C,-,w_td 0.04; team TD 1.67,1.0,PLAYED (final score in nflverse)
Daniel Jones,IND,WAS,QB,IND@WAS,anytime_td,0.07925,1162,0.08325,0.0,B,-,team att 31.6; ypa 7.39; opp d_ypa 1.10; pass rate 54.9%,1.0,INTL neutral site
Daniel Jones,IND,WAS,QB,IND@WAS,first_td,0.01675377636252636,5869,0.08325,0.0,B,-,team att 31.6; ypa 7.39; opp d_ypa 1.10; pass rate 54.9%,1.0,INTL neutral site
Daniel Jones,IND,WAS,QB,IND@WAS,last_td,0.01675377636252636,5869,0.08325,0.0,B,-,team att 31.6; ypa 7.39; opp d_ypa 1.10; pass rate 54.9%,1.0,INTL neutral site
Daniel Jones,IND,WAS,QB,IND@WAS,2plus_td,0.00395,25216,0.08325,0.0,B,-,team att 31.6; ypa 7.39; opp d_ypa 1.10; pass rate 54.9%,1.0,INTL neutral site
Mo Alie-Cox,IND,WAS,TE,IND@WAS,anytime_td,0.03410468609983659,2832,0.0,0.03478994254388277,C,no game designation yet (Full),w_td 0.02; team TD 2.63,0.9479829842591244,INTL neutral site
Mo Alie-Cox,IND,WAS,TE,IND@WAS,first_td,0.006823911304434207,14554,0.0,0.03478994254388277,C,no game designation yet (Full),w_td 0.02; team TD 2.63,0.9479829842591244,INTL neutral site
Mo Alie-Cox,IND,WAS,TE,IND@WAS,last_td,0.006823911304434207,14554,0.0,0.03478994254388277,C,no game designation yet (Full),w_td 0.02; team TD 2.63,0.9479829842591244,INTL neutral site
Mo Alie-Cox,IND,WAS,TE,IND@WAS,2plus_td,0.0006852564440461758,145831,0.0,0.03478994254388277,C,no game designation yet (Full),w_td 0.02; team TD 2.63,0.9479829842591244,INTL neutral site
Keenan Allen,IND,WAS,WR,IND@WAS,anytime_td,0.3269464720194647,206,0.0,0.3879764801297648,B,Questionable (DNP),tgt_sh 18.7%; team att 31.6; opp DvP 1.03; RZ tgt 3,0.4981574884199691,INTL neutral site
Keenan Allen,IND,WAS,WR,IND@WAS,first_td,0.07652531977349496,1207,0.0,0.3879764801297648,B,Questionable (DNP),tgt_sh 18.7%; team att 31.6; opp DvP 1.03; RZ tgt 3,0.4981574884199691,INTL neutral site
Keenan Allen,IND,WAS,WR,IND@WAS,last_td,0.07652531977349496,1207,0.0,0.3879764801297648,B,Questionable (DNP),tgt_sh 18.7%; team att 31.6; opp DvP 1.03; RZ tgt 3,0.4981574884199691,INTL neutral site
Keenan Allen,IND,WAS,WR,IND@WAS,2plus_td,0.05494728304947283,1720,0.0,0.3879764801297648,B,Questionable (DNP),tgt_sh 18.7%; team att 31.6; opp DvP 1.03; RZ tgt 3,0.4981574884199691,INTL neutral site
Deion Burks,IND,WAS,WR,IND@WAS,anytime_td,0.0293,3313,0.01225,0.0175,C,-,w_td 0.02; team TD 2.63,1.0,INTL neutral site
Deion Burks,IND,WAS,WR,IND@WAS,first_td,0.005856103896103896,16976,0.01225,0.0175,C,-,w_td 0.02; team TD 2.63,1.0,INTL neutral site
Deion Burks,IND,WAS,WR,IND@WAS,last_td,0.005856103896103896,16976,0.01225,0.0175,C,-,w_td 0.02; team TD 2.63,1.0,INTL neutral site
Deion Burks,IND,WAS,WR,IND@WAS,2plus_td,0.00045,222122,0.01225,0.0175,C,-,w_td 0.02; team TD 2.63,1.0,INTL neutral site
Josh Downs,IND,WAS,WR,IND@WAS,anytime_td,0.414,142,0.0,0.52645,B,-,tgt_sh 20.4%; team att 31.6; opp DvP 1.03; RZ tgt 4,1.0,INTL neutral site
Josh Downs,IND,WAS,WR,IND@WAS,first_td,0.10483325244200244,854,0.0,0.52645,B,-,tgt_sh 20.4%; team att 31.6; opp DvP 1.03; RZ tgt 4,1.0,INTL neutral site
Josh Downs,IND,WAS,WR,IND@WAS,last_td,0.10483325244200244,854,0.0,0.52645,B,-,tgt_sh 20.4%; team att 31.6; opp DvP 1.03; RZ tgt 4,1.0,INTL neutral site
Josh Downs,IND,WAS,WR,IND@WAS,2plus_td,0.09615,940,0.0,0.52645,B,-,tgt_sh 20.4%; team att 31.6; opp DvP 1.03; RZ tgt 4,1.0,INTL neutral site
Ashton Dulin,IND,WAS,WR,IND@WAS,anytime_td,0.05092838196286472,1864,0.0,0.05212201591511936,C,Questionable (Full),w_td 0.03; team TD 2.63,0.7549608892548374,INTL neutral site
Ashton Dulin,IND,WAS,WR,IND@WAS,first_td,0.010459597873390977,9461,0.0,0.05212201591511936,C,Questionable (Full),w_td 0.03; team TD 2.63,0.7549608892548374,INTL neutral site
Ashton Dulin,IND,WAS,WR,IND@WAS,last_td,0.010459597873390977,9461,0.0,0.05212201591511936,C,Questionable (Full),w_td 0.03; team TD 2.63,0.7549608892548374,INTL neutral site
Ashton Dulin,IND,WAS,WR,IND@WAS,2plus_td,0.0011936339522546418,83678,0.0,0.05212201591511936,C,Questionable (Full),w_td 0.03; team TD 2.63,0.7549608892548374,INTL neutral site
Seth McGowan,IND,WAS,RB,IND@WAS,anytime_td,0.15075,563,0.14175,0.0237,C,-,car_sh 11.9%; team rush 27.4; opp d_ypc 0.97; inside-10 car 1,1.0,INTL neutral site
Seth McGowan,IND,WAS,RB,IND@WAS,first_td,0.03304796592296592,2926,0.14175,0.0237,C,-,car_sh 11.9%; team rush 27.4; opp d_ypc 0.97; inside-10 car 1,1.0,INTL neutral site
Seth McGowan,IND,WAS,RB,IND@WAS,last_td,0.03304796592296592,2926,0.14175,0.0237,C,-,car_sh 11.9%; team rush 27.4; opp d_ypc 0.97; inside-10 car 1,1.0,INTL neutral site
Seth McGowan,IND,WAS,RB,IND@WAS,2plus_td,0.0136,7253,0.14175,0.0237,C,-,car_sh 11.9%; team rush 27.4; opp d_ypc 0.97; inside-10 car 1,1.0,INTL neutral site
Andrew Ogletree,IND,WAS,TE,IND@WAS,anytime_td,0.0357,2701,0.0,0.03635,C,-,w_td 0.02; team TD 2.63,1.0,INTL neutral site
Andrew Ogletree,IND,WAS,TE,IND@WAS,first_td,0.007218832972582972,13753,0.0,0.03635,C,-,w_td 0.02; team TD 2.63,1.0,INTL neutral site
Andrew Ogletree,IND,WAS,TE,IND@WAS,last_td,0.007218832972582972,13753,0.0,0.03635,C,-,w_td 0.02; team TD 2.63,1.0,INTL neutral site
Andrew Ogletree,IND,WAS,TE,IND@WAS,2plus_td,0.00065,153746,0.0,0.03635,C,-,w_td 0.02; team TD 2.63,1.0,INTL neutral site
Jonathan Taylor,IND,WAS,RB,IND@WAS,anytime_td,0.6336435820581585,-173,0.7224062680759321,0.2331072198559184,B,no game designation yet (Full),tgt_sh 10.7%; team att 31.6; opp DvP 1.14; RZ tgt 1; car_sh 72.3%; team rush 27.4; opp d_ypc 0.97; inside-10 car 6,0.9508674235277402,INTL neutral site
Jonathan Taylor,IND,WAS,RB,IND@WAS,first_td,0.19015215108053093,426,0.7224062680759321,0.2331072198559184,B,no game designation yet (Full),tgt_sh 10.7%; team att 31.6; opp DvP 1.14; RZ tgt 1; car_sh 72.3%; team rush 27.4; opp d_ypc 0.97; inside-10 car 6,0.9508674235277402,INTL neutral site
Jonathan Taylor,IND,WAS,RB,IND@WAS,last_td,0.19015215108053093,426,0.7224062680759321,0.2331072198559184,B,no game designation yet (Full),tgt_sh 10.7%; team att 31.6; opp DvP 1.14; RZ tgt 1; car_sh 72.3%; team rush 27.4; opp d_ypc 0.97; inside-10 car 6,0.9508674235277402,INTL neutral site
Jonathan Taylor,IND,WAS,RB,IND@WAS,2plus_td,0.246253352263764,306,0.7224062680759321,0.2331072198559184,B,no game designation yet (Full),tgt_sh 10.7%; team att 31.6; opp DvP 1.14; RZ tgt 1; car_sh 72.3%; team rush 27.4; opp d_ypc 0.97; inside-10 car 6,0.9508674235277402,INTL neutral site
Laquon Treadwell,IND,WAS,WR,IND@WAS,anytime_td,0.043,2226,0.0,0.04385,C,-,w_td 0.02; team TD 2.63,1.0,INTL neutral site
Laquon Treadwell,IND,WAS,WR,IND@WAS,first_td,0.00869711455211455,11398,0.0,0.04385,C,-,w_td 0.02; team TD 2.63,1.0,INTL neutral site
Laquon Treadwell,IND,WAS,WR,IND@WAS,last_td,0.00869711455211455,11398,0.0,0.04385,C,-,w_td 0.02; team TD 2.63,1.0,INTL neutral site
Laquon Treadwell,IND,WAS,WR,IND@WAS,2plus_td,0.00085,117547,0.0,0.04385,C,-,w_td 0.02; team TD 2.63,1.0,INTL neutral site
Tyler Warren,IND,WAS,TE,IND@WAS,anytime_td,0.4299,133,0.01375,0.53495,B,-,tgt_sh 22.2%; team att 31.6; opp DvP 1.11; RZ tgt 3,1.0,INTL neutral site
Tyler Warren,IND,WAS,TE,IND@WAS,first_td,0.10824223887223888,824,0.01375,0.53495,B,-,tgt_sh 22.2%; team att 31.6; opp DvP 1.11; RZ tgt 3,1.0,INTL neutral site
Tyler Warren,IND,WAS,TE,IND@WAS,last_td,0.10824223887223888,824,0.01375,0.53495,B,-,tgt_sh 22.2%; team att 31.6; opp DvP 1.11; RZ tgt 3,1.0,INTL neutral site
Tyler Warren,IND,WAS,TE,IND@WAS,2plus_td,0.10125,888,0.01375,0.53495,B,-,tgt_sh 22.2%; team att 31.6; opp DvP 1.11; RZ tgt 3,1.0,INTL neutral site
Marcus Mariota,WAS,IND,QB,IND@WAS,anytime_td,0.1414,607,0.1523,0.0,C,-,team att 32.5; ypa 6.94; opp d_ypa 1.11; pass rate 54.2%,1.0,INTL neutral site
Marcus Mariota,WAS,IND,QB,IND@WAS,first_td,0.03002739108114108,3230,0.1523,0.0,C,-,team att 32.5; ypa 6.94; opp d_ypa 1.11; pass rate 54.2%,1.0,INTL neutral site
Marcus Mariota,WAS,IND,QB,IND@WAS,last_td,0.03002739108114108,3230,0.1523,0.0,C,-,team att 32.5; ypa 6.94; opp d_ypa 1.11; pass rate 54.2%,1.0,INTL neutral site
Marcus Mariota,WAS,IND,QB,IND@WAS,2plus_td,0.0103,9609,0.1523,0.0,C,-,team att 32.5; ypa 6.94; opp d_ypa 1.11; pass rate 54.2%,1.0,INTL neutral site
Kaytron Allen,WAS,IND,RB,IND@WAS,anytime_td,0.081,1135,0.0791,0.0043,C,-,car_sh 7.9%; team rush 28.9; opp d_ypc 1.08; inside-10 car 1,1.0,INTL neutral site
Kaytron Allen,WAS,IND,RB,IND@WAS,first_td,0.016558862387612387,5939,0.0791,0.0043,C,-,car_sh 7.9%; team rush 28.9; opp d_ypc 1.08; inside-10 car 1,1.0,INTL neutral site
Kaytron Allen,WAS,IND,RB,IND@WAS,last_td,0.016558862387612387,5939,0.0791,0.0043,C,-,car_sh 7.9%; team rush 28.9; opp d_ypc 1.08; inside-10 car 1,1.0,INTL neutral site
Kaytron Allen,WAS,IND,RB,IND@WAS,2plus_td,0.0024,41567,0.0791,0.0043,C,-,car_sh 7.9%; team rush 28.9; opp d_ypc 1.08; inside-10 car 1,1.0,INTL neutral site
John Bates,WAS,IND,TE,IND@WAS,anytime_td,0.08055,1141,0.0,0.0837,C,-,tgt_sh 3.4%; team att 32.5; opp DvP 1.19; RZ tgt 1,1.0,INTL neutral site
John Bates,WAS,IND,TE,IND@WAS,first_td,0.016393165584415583,6000,0.0,0.0837,C,-,tgt_sh 3.4%; team att 32.5; opp DvP 1.19; RZ tgt 1,1.0,INTL neutral site
John Bates,WAS,IND,TE,IND@WAS,last_td,0.016393165584415583,6000,0.0,0.0837,C,-,tgt_sh 3.4%; team att 32.5; opp DvP 1.19; RZ tgt 1,1.0,INTL neutral site
John Bates,WAS,IND,TE,IND@WAS,2plus_td,0.0031,32158,0.0,0.0837,C,-,tgt_sh 3.4%; team att 32.5; opp DvP 1.19; RZ tgt 1,1.0,INTL neutral site
Dyami Brown,WAS,IND,WR,IND@WAS,anytime_td,0.1298,670,0.0,0.137,C,-,tgt_sh 7.3%; team att 32.5; opp DvP 1.17; RZ tgt 1,1.0,INTL neutral site
Dyami Brown,WAS,IND,WR,IND@WAS,first_td,0.02750423756798757,3536,0.0,0.137,C,-,tgt_sh 7.3%; team att 32.5; opp DvP 1.17; RZ tgt 1,1.0,INTL neutral site
Dyami Brown,WAS,IND,WR,IND@WAS,last_td,0.02750423756798757,3536,0.0,0.137,C,-,tgt_sh 7.3%; team att 32.5; opp DvP 1.17; RZ tgt 1,1.0,INTL neutral site
Dyami Brown,WAS,IND,WR,IND@WAS,2plus_td,0.00685,14499,0.0,0.137,C,-,tgt_sh 7.3%; team att 32.5; opp DvP 1.17; RZ tgt 1,1.0,INTL neutral site
Treylon Burks,WAS,IND,WR,IND@WAS,anytime_td,0.12935,673,0.0,0.1379,C,-,tgt_sh 7.2%; team att 32.5; opp DvP 1.17; RZ tgt 1,1.0,INTL neutral site
Treylon Burks,WAS,IND,WR,IND@WAS,first_td,0.027249572372072373,3570,0.0,0.1379,C,-,tgt_sh 7.2%; team att 32.5; opp DvP 1.17; RZ tgt 1,1.0,INTL neutral site
Treylon Burks,WAS,IND,WR,IND@WAS,last_td,0.027249572372072373,3570,0.0,0.1379,C,-,tgt_sh 7.2%; team att 32.5; opp DvP 1.17; RZ tgt 1,1.0,INTL neutral site
Treylon Burks,WAS,IND,WR,IND@WAS,2plus_td,0.0082,12095,0.0,0.1379,C,-,tgt_sh 7.2%; team att 32.5; opp DvP 1.17; RZ tgt 1,1.0,INTL neutral site
Jacory Croskey-Merritt,WAS,IND,RB,IND@WAS,anytime_td,0.31235,220,0.34345,0.02835,B,-,car_sh 39.9%; team rush 28.9; opp d_ypc 1.08; inside-10 car 2,1.0,INTL neutral site
Jacory Croskey-Merritt,WAS,IND,RB,IND@WAS,first_td,0.07420950993450993,1248,0.34345,0.02835,B,-,car_sh 39.9%; team rush 28.9; opp d_ypc 1.08; inside-10 car 2,1.0,INTL neutral site
Jacory Croskey-Merritt,WAS,IND,RB,IND@WAS,last_td,0.07420950993450993,1248,0.34345,0.02835,B,-,car_sh 39.9%; team rush 28.9; opp d_ypc 1.08; inside-10 car 2,1.0,INTL neutral site
Jacory Croskey-Merritt,WAS,IND,RB,IND@WAS,2plus_td,0.0538,1759,0.34345,0.02835,B,-,car_sh 39.9%; team rush 28.9; opp d_ypc 1.08; inside-10 car 2,1.0,INTL neutral site
Stefon Diggs,WAS,IND,WR,IND@WAS,anytime_td,0.34325,191,0.0,0.4132,B,-,tgt_sh 19.0%; team att 32.5; opp DvP 1.17; RZ tgt 4,1.0,INTL neutral site
Stefon Diggs,WAS,IND,WR,IND@WAS,first_td,0.08080523434898434,1138,0.0,0.4132,B,-,tgt_sh 19.0%; team att 32.5; opp DvP 1.17; RZ tgt 4,1.0,INTL neutral site
Stefon Diggs,WAS,IND,WR,IND@WAS,last_td,0.08080523434898434,1138,0.0,0.4132,B,-,tgt_sh 19.0%; team att 32.5; opp DvP 1.17; RZ tgt 4,1.0,INTL neutral site
Stefon Diggs,WAS,IND,WR,IND@WAS,2plus_td,0.06225,1506,0.0,0.4132,B,-,tgt_sh 19.0%; team att 32.5; opp DvP 1.17; RZ tgt 4,1.0,INTL neutral site
Jaylin Lane,WAS,IND,WR,IND@WAS,anytime_td,0.0538,1759,0.0,0.0548,C,-,tgt_sh 4.0%; team att 32.5; opp DvP 1.17; RZ tgt 0,1.0,INTL neutral site
Jaylin Lane,WAS,IND,WR,IND@WAS,first_td,0.010709469696969696,9238,0.0,0.0548,C,-,tgt_sh 4.0%; team att 32.5; opp DvP 1.17; RZ tgt 0,1.0,INTL neutral site
Jaylin Lane,WAS,IND,WR,IND@WAS,last_td,0.010709469696969696,9238,0.0,0.0548,C,-,tgt_sh 4.0%; team att 32.5; opp DvP 1.17; RZ tgt 0,1.0,INTL neutral site
Jaylin Lane,WAS,IND,WR,IND@WAS,2plus_td,0.001,99900,0.0,0.0548,C,-,tgt_sh 4.0%; team att 32.5; opp DvP 1.17; RZ tgt 0,1.0,INTL neutral site
Terry McLaurin,WAS,IND,WR,IND@WAS,anytime_td,0.27553159628631324,263,0.0,0.3149895178197065,B,Questionable (Limited),tgt_sh 18.3%; team att 32.5; opp DvP 1.17; RZ tgt 2,0.6667342299285288,INTL neutral site
Terry McLaurin,WAS,IND,WR,IND@WAS,first_td,0.06158004502568743,1524,0.0,0.3149895178197065,B,Questionable (Limited),tgt_sh 18.3%; team att 32.5; opp DvP 1.17; RZ tgt 2,0.6667342299285288,INTL neutral site
Terry McLaurin,WAS,IND,WR,IND@WAS,last_td,0.06158004502568743,1524,0.0,0.3149895178197065,B,Questionable (Limited),tgt_sh 18.3%; team att 32.5; opp DvP 1.17; RZ tgt 2,0.6667342299285288,INTL neutral site
Terry McLaurin,WAS,IND,WR,IND@WAS,2plus_td,0.036088649296196464,2671,0.0,0.3149895178197065,B,Questionable (Limited),tgt_sh 18.3%; team att 32.5; opp DvP 1.17; RZ tgt 2,0.6667342299285288,INTL neutral site
Chig Okonkwo,WAS,IND,TE,IND@WAS,anytime_td,0.159767648751897,526,0.0,0.1710188916217489,C,no game designation yet (Limited),tgt_sh 12.0%; team att 32.5; opp DvP 1.19; RZ tgt 0,0.9575230478992892,INTL neutral site
Chig Okonkwo,WAS,IND,TE,IND@WAS,first_td,0.03374846962423497,2863,0.0,0.1710188916217489,C,no game designation yet (Limited),tgt_sh 12.0%; team att 32.5; opp DvP 1.19; RZ tgt 0,0.9575230478992892,INTL neutral site
Chig Okonkwo,WAS,IND,TE,IND@WAS,last_td,0.03374846962423497,2863,0.0,0.1710188916217489,C,no game designation yet (Limited),tgt_sh 12.0%; team att 32.5; opp DvP 1.19; RZ tgt 0,0.9575230478992892,INTL neutral site
Chig Okonkwo,WAS,IND,TE,IND@WAS,2plus_td,0.010780260610183683,9176,0.0,0.1710188916217489,C,no game designation yet (Limited),tgt_sh 12.0%; team att 32.5; opp DvP 1.19; RZ tgt 0,0.9575230478992892,INTL neutral site
Ben Sinnott,WAS,IND,TE,IND@WAS,anytime_td,0.030634115740498718,3164,0.0,0.03100005227664802,C,no game designation yet (Limited),w_td 0.02; team TD 2.17,0.9575230478992892,INTL neutral site
Ben Sinnott,WAS,IND,TE,IND@WAS,first_td,0.006023963954331459,16500,0.0,0.03100005227664802,C,no game designation yet (Limited),w_td 0.02; team TD 2.17,0.9575230478992892,INTL neutral site
Ben Sinnott,WAS,IND,TE,IND@WAS,last_td,0.006023963954331459,16500,0.0,0.03100005227664802,C,no game designation yet (Limited),w_td 0.02; team TD 2.17,0.9575230478992892,INTL neutral site
Ben Sinnott,WAS,IND,TE,IND@WAS,2plus_td,0.0003659365361493021,273171,0.0,0.03100005227664802,C,no game designation yet (Limited),w_td 0.02; team TD 2.17,0.9575230478992892,INTL neutral site
Antonio Williams,WAS,IND,WR,IND@WAS,anytime_td,0.2096,377,0.0,0.23275,C,-,tgt_sh 11.3%; team att 32.5; opp DvP 1.17; RZ tgt 2,1.0,INTL neutral site
Antonio Williams,WAS,IND,WR,IND@WAS,first_td,0.045617867965367966,2092,0.0,0.23275,C,-,tgt_sh 11.3%; team att 32.5; opp DvP 1.17; RZ tgt 2,1.0,INTL neutral site
Antonio Williams,WAS,IND,WR,IND@WAS,last_td,0.045617867965367966,2092,0.0,0.23275,C,-,tgt_sh 11.3%; team att 32.5; opp DvP 1.17; RZ tgt 2,1.0,INTL neutral site
Antonio Williams,WAS,IND,WR,IND@WAS,2plus_td,0.0218,4487,0.0,0.23275,C,-,tgt_sh 11.3%; team att 32.5; opp DvP 1.17; RZ tgt 2,1.0,INTL neutral site
Colson Yankoff,WAS,IND,TE,IND@WAS,anytime_td,0.024,4067,0.0,0.02435,C,-,w_td 0.02; team TD 2.17,1.0,INTL neutral site
Colson Yankoff,WAS,IND,TE,IND@WAS,first_td,0.004736554834054834,21012,0.0,0.02435,C,-,w_td 0.02; team TD 2.17,1.0,INTL neutral site
Colson Yankoff,WAS,IND,TE,IND@WAS,last_td,0.004736554834054834,21012,0.0,0.02435,C,-,w_td 0.02; team TD 2.17,1.0,INTL neutral site
Colson Yankoff,WAS,IND,TE,IND@WAS,2plus_td,0.00035,285614,0.0,0.02435,C,-,w_td 0.02; team TD 2.17,1.0,INTL neutral site
Cam Ward,TEN,BAL,QB,TEN@BAL,anytime_td,0.11715,754,0.12485,0.0,B,-,team att 34.4; ypa 6.30; opp d_ypa 0.96; pass rate 60.7%,1.0,
Cam Ward,TEN,BAL,QB,TEN@BAL,first_td,0.02587110445110445,3765,0.12485,0.0,B,-,team att 34.4; ypa 6.30; opp d_ypa 0.96; pass rate 60.7%,1.0,
Cam Ward,TEN,BAL,QB,TEN@BAL,last_td,0.02587110445110445,3765,0.12485,0.0,B,-,team att 34.4; ypa 6.30; opp d_ypa 0.96; pass rate 60.7%,1.0,
Cam Ward,TEN,BAL,QB,TEN@BAL,2plus_td,0.00745,13323,0.12485,0.0,B,-,team att 34.4; ypa 6.30; opp d_ypa 0.96; pass rate 60.7%,1.0,
Elic Ayomanor,TEN,BAL,WR,TEN@BAL,anytime_td,0.16245,516,0.0,0.1769,B,-,tgt_sh 12.8%; team att 34.4; opp DvP 1.01; RZ tgt 5,1.0,
Elic Ayomanor,TEN,BAL,WR,TEN@BAL,first_td,0.03555557775557776,2712,0.0,0.1769,B,-,tgt_sh 12.8%; team att 34.4; opp DvP 1.01; RZ tgt 5,1.0,
Elic Ayomanor,TEN,BAL,WR,TEN@BAL,last_td,0.03555557775557776,2712,0.0,0.1769,B,-,tgt_sh 12.8%; team att 34.4; opp DvP 1.01; RZ tgt 5,1.0,
Elic Ayomanor,TEN,BAL,WR,TEN@BAL,2plus_td,0.01385,7120,0.0,0.1769,B,-,tgt_sh 12.8%; team att 34.4; opp DvP 1.01; RZ tgt 5,1.0,
Daniel Bellinger,TEN,BAL,TE,TEN@BAL,anytime_td,0.0267,3645,0.0,0.02705,C,-,tgt_sh 4.0%; team att 34.4; opp DvP 0.83; RZ tgt 0,1.0,
Daniel Bellinger,TEN,BAL,TE,TEN@BAL,first_td,0.005339253246753248,18629,0.0,0.02705,C,-,tgt_sh 4.0%; team att 34.4; opp DvP 0.83; RZ tgt 0,1.0,
Daniel Bellinger,TEN,BAL,TE,TEN@BAL,last_td,0.005339253246753248,18629,0.0,0.02705,C,-,tgt_sh 4.0%; team att 34.4; opp DvP 0.83; RZ tgt 0,1.0,
Daniel Bellinger,TEN,BAL,TE,TEN@BAL,2plus_td,0.00035,285614,0.0,0.02705,C,-,tgt_sh 4.0%; team att 34.4; opp DvP 0.83; RZ tgt 0,1.0,
Chimere Dike,TEN,BAL,WR,TEN@BAL,anytime_td,0.0475,2005,0.0,0.04855,C,-,tgt_sh 6.4%; team att 34.4; opp DvP 1.01; RZ tgt 0,1.0,
Chimere Dike,TEN,BAL,WR,TEN@BAL,first_td,0.009836709956709955,10066,0.0,0.04855,C,-,tgt_sh 6.4%; team att 34.4; opp DvP 1.01; RZ tgt 0,1.0,
Chimere Dike,TEN,BAL,WR,TEN@BAL,last_td,0.009836709956709955,10066,0.0,0.04855,C,-,tgt_sh 6.4%; team att 34.4; opp DvP 1.01; RZ tgt 0,1.0,
Chimere Dike,TEN,BAL,WR,TEN@BAL,2plus_td,0.00105,95138,0.0,0.04855,C,-,tgt_sh 6.4%; team att 34.4; opp DvP 1.01; RZ tgt 0,1.0,
Gunnar Helm,TEN,BAL,TE,TEN@BAL,anytime_td,0.1244,704,0.0,0.1308,C,-,tgt_sh 12.6%; team att 34.4; opp DvP 0.83; RZ tgt 3,1.0,
Gunnar Helm,TEN,BAL,TE,TEN@BAL,first_td,0.026674287518037517,3649,0.0,0.1308,C,-,tgt_sh 12.6%; team att 34.4; opp DvP 0.83; RZ tgt 3,1.0,
Gunnar Helm,TEN,BAL,TE,TEN@BAL,last_td,0.026674287518037517,3649,0.0,0.1308,C,-,tgt_sh 12.6%; team att 34.4; opp DvP 0.83; RZ tgt 3,1.0,
Gunnar Helm,TEN,BAL,TE,TEN@BAL,2plus_td,0.0062,16029,0.0,0.1308,C,-,tgt_sh 12.6%; team att 34.4; opp DvP 0.83; RZ tgt 3,1.0,
Tony Pollard,TEN,BAL,RB,TEN@BAL,anytime_td,0.3485693246370713,187,0.3791289711760993,0.04470860509152114,B,no game designation yet (Full),tgt_sh 6.2%; team att 34.4; opp DvP 1.00; RZ tgt 0; car_sh 55.3%; team rush 23.5; opp d_ypc 0.99; inside-10 car 5,0.9508674235277402,
Tony Pollard,TEN,BAL,RB,TEN@BAL,first_td,0.08656478071452825,1055,0.3791289711760993,0.04470860509152114,B,no game designation yet (Full),tgt_sh 6.2%; team att 34.4; opp DvP 1.00; RZ tgt 0; car_sh 55.3%; team rush 23.5; opp d_ypc 0.99; inside-10 car 5,0.9508674235277402,
Tony Pollard,TEN,BAL,RB,TEN@BAL,last_td,0.08656478071452825,1055,0.3791289711760993,0.04470860509152114,B,no game designation yet (Full),tgt_sh 6.2%; team att 34.4; opp DvP 1.00; RZ tgt 0; car_sh 55.3%; team rush 23.5; opp d_ypc 0.99; inside-10 car 5,0.9508674235277402,
Tony Pollard,TEN,BAL,RB,TEN@BAL,2plus_td,0.06559015358720809,1425,0.3791289711760993,0.04470860509152114,B,no game designation yet (Full),tgt_sh 6.2%; team att 34.4; opp DvP 1.00; RZ tgt 0; car_sh 55.3%; team rush 23.5; opp d_ypc 0.99; inside-10 car 5,0.9508674235277402,
Calvin Ridley,TEN,BAL,WR,TEN@BAL,anytime_td,0.05795,1626,0.0,0.0595,C,-,tgt_sh 8.5%; team att 34.4; opp DvP 1.01; RZ tgt 0,1.0,
Calvin Ridley,TEN,BAL,WR,TEN@BAL,first_td,0.012067509018759017,8187,0.0,0.0595,C,-,tgt_sh 8.5%; team att 34.4; opp DvP 1.01; RZ tgt 0,1.0,
Calvin Ridley,TEN,BAL,WR,TEN@BAL,last_td,0.012067509018759017,8187,0.0,0.0595,C,-,tgt_sh 8.5%; team att 34.4; opp DvP 1.01; RZ tgt 0,1.0,
Calvin Ridley,TEN,BAL,WR,TEN@BAL,2plus_td,0.00145,68866,0.0,0.0595,C,-,tgt_sh 8.5%; team att 34.4; opp DvP 1.01; RZ tgt 0,1.0,
Wan'Dale Robinson,TEN,BAL,WR,TEN@BAL,anytime_td,0.1725,480,0.0,0.1886,B,-,tgt_sh 18.8%; team att 34.4; opp DvP 1.01; RZ tgt 3,1.0,
Wan'Dale Robinson,TEN,BAL,WR,TEN@BAL,first_td,0.03871683441558441,2483,0.0,0.1886,B,-,tgt_sh 18.8%; team att 34.4; opp DvP 1.01; RZ tgt 3,1.0,
Wan'Dale Robinson,TEN,BAL,WR,TEN@BAL,last_td,0.03871683441558441,2483,0.0,0.1886,B,-,tgt_sh 18.8%; team att 34.4; opp DvP 1.01; RZ tgt 3,1.0,
Wan'Dale Robinson,TEN,BAL,WR,TEN@BAL,2plus_td,0.01585,6209,0.0,0.1886,B,-,tgt_sh 18.8%; team att 34.4; opp DvP 1.01; RZ tgt 3,1.0,
Nicholas Singleton,TEN,BAL,RB,TEN@BAL,anytime_td,0.04885,1947,0.0453,0.00465,C,-,w_td 0.07; team TD 1.51,1.0,
Nicholas Singleton,TEN,BAL,RB,TEN@BAL,first_td,0.010261195887445888,9645,0.0453,0.00465,C,-,w_td 0.07; team TD 1.51,1.0,
Nicholas Singleton,TEN,BAL,RB,TEN@BAL,last_td,0.010261195887445888,9645,0.0453,0.00465,C,-,w_td 0.07; team TD 1.51,1.0,
Nicholas Singleton,TEN,BAL,RB,TEN@BAL,2plus_td,0.00105,95138,0.0453,0.00465,C,-,w_td 0.07; team TD 1.51,1.0,
Tyjae Spears,TEN,BAL,RB,TEN@BAL,anytime_td,0.1619688081270568,517,0.11711260552296465,0.05780512233509801,B,Questionable (Full),tgt_sh 8.4%; team att 34.4; opp DvP 1.00; RZ tgt 0; car_sh 22.2%; team rush 23.5; opp d_ypc 0.99; inside-10 car 0,0.7075836643559986,
Tyjae Spears,TEN,BAL,RB,TEN@BAL,first_td,0.03596192801014664,2681,0.11711260552296465,0.05780512233509801,B,Questionable (Full),tgt_sh 8.4%; team att 34.4; opp DvP 1.00; RZ tgt 0; car_sh 22.2%; team rush 23.5; opp d_ypc 0.99; inside-10 car 0,0.7075836643559986,
Tyjae Spears,TEN,BAL,RB,TEN@BAL,last_td,0.03596192801014664,2681,0.11711260552296465,0.05780512233509801,B,Questionable (Full),tgt_sh 8.4%; team att 34.4; opp DvP 1.00; RZ tgt 0; car_sh 22.2%; team rush 23.5; opp d_ypc 0.99; inside-10 car 0,0.7075836643559986,
Tyjae Spears,TEN,BAL,RB,TEN@BAL,2plus_td,0.012090427815138074,8171,0.11711260552296465,0.05780512233509801,B,Questionable (Full),tgt_sh 8.4%; team att 34.4; opp DvP 1.00; RZ tgt 0; car_sh 22.2%; team rush 23.5; opp d_ypc 0.99; inside-10 car 0,0.7075836643559986,
Carnell Tate,TEN,BAL,WR,TEN@BAL,anytime_td,0.14865,573,0.0,0.16065,B,-,tgt_sh 20.5%; team att 34.4; opp DvP 1.01; RZ tgt 1,1.0,
Carnell Tate,TEN,BAL,WR,TEN@BAL,first_td,0.03237451479076479,2989,0.0,0.16065,B,-,tgt_sh 20.5%; team att 34.4; opp DvP 1.01; RZ tgt 1,1.0,
Carnell Tate,TEN,BAL,WR,TEN@BAL,last_td,0.03237451479076479,2989,0.0,0.16065,B,-,tgt_sh 20.5%; team att 34.4; opp DvP 1.01; RZ tgt 1,1.0,
Carnell Tate,TEN,BAL,WR,TEN@BAL,2plus_td,0.0114,8672,0.0,0.16065,B,-,tgt_sh 20.5%; team att 34.4; opp DvP 1.01; RZ tgt 1,1.0,
Lamar Jackson,BAL,TEN,QB,TEN@BAL,anytime_td,0.2106631326775065,375,0.23349813955859117,0.0,B,no game designation yet (Full),team att 26.6; ypa 8.07; opp d_ypa 1.00; pass rate 46.7%,0.98,
Lamar Jackson,BAL,TEN,QB,TEN@BAL,first_td,0.04923205040820618,1931,0.23349813955859117,0.0,B,no game designation yet (Full),team att 26.6; ypa 8.07; opp d_ypa 1.00; pass rate 46.7%,0.98,
Lamar Jackson,BAL,TEN,QB,TEN@BAL,last_td,0.04923205040820618,1931,0.23349813955859117,0.0,B,no game designation yet (Full),team att 26.6; ypa 8.07; opp d_ypa 1.00; pass rate 46.7%,0.98,
Lamar Jackson,BAL,TEN,QB,TEN@BAL,2plus_td,0.021051021968499922,4650,0.23349813955859117,0.0,B,no game designation yet (Full),team att 26.6; ypa 8.07; opp d_ypa 1.00; pass rate 46.7%,0.98,
Rasheen Ali,BAL,TEN,RB,TEN@BAL,anytime_td,0.0563,1676,0.02555,0.0325,C,-,w_td 0.03; team TD 3.03,1.0,
Rasheen Ali,BAL,TEN,RB,TEN@BAL,first_td,0.01235895202020202,7991,0.02555,0.0325,C,-,w_td 0.03; team TD 3.03,1.0,
Rasheen Ali,BAL,TEN,RB,TEN@BAL,last_td,0.01235895202020202,7991,0.02555,0.0325,C,-,w_td 0.03; team TD 3.03,1.0,
Rasheen Ali,BAL,TEN,RB,TEN@BAL,2plus_td,0.00175,57043,0.02555,0.0325,C,-,w_td 0.03; team TD 3.03,1.0,
Mark Andrews,BAL,TEN,TE,TEN@BAL,anytime_td,0.3160638129837309,216,0.0,0.37387458537355867,B,no game designation yet (Full),tgt_sh 19.8%; team att 26.6; opp DvP 0.97; RZ tgt 1,0.9479829842591244,
Mark Andrews,BAL,TEN,TE,TEN@BAL,first_td,0.07889871803550527,1167,0.0,0.37387458537355867,B,no game designation yet (Full),tgt_sh 19.8%; team att 26.6; opp DvP 0.97; RZ tgt 1,0.9479829842591244,
Mark Andrews,BAL,TEN,TE,TEN@BAL,last_td,0.07889871803550527,1167,0.0,0.37387458537355867,B,no game designation yet (Full),tgt_sh 19.8%; team att 26.6; opp DvP 0.97; RZ tgt 1,0.9479829842591244,
Mark Andrews,BAL,TEN,TE,TEN@BAL,2plus_td,0.05212446690886116,1818,0.0,0.37387458537355867,B,no game designation yet (Full),tgt_sh 19.8%; team att 26.6; opp DvP 0.97; RZ tgt 1,0.9479829842591244,
Rashod Bateman,BAL,TEN,WR,TEN@BAL,anytime_td,0.2739,265,0.0,0.3205,C,-,tgt_sh 12.6%; team att 26.6; opp DvP 1.06; RZ tgt 2,1.0,
Rashod Bateman,BAL,TEN,WR,TEN@BAL,first_td,0.06715042374292374,1389,0.0,0.3205,C,-,tgt_sh 12.6%; team att 26.6; opp DvP 1.06; RZ tgt 2,1.0,
Rashod Bateman,BAL,TEN,WR,TEN@BAL,last_td,0.06715042374292374,1389,0.0,0.3205,C,-,tgt_sh 12.6%; team att 26.6; opp DvP 1.06; RZ tgt 2,1.0,
Rashod Bateman,BAL,TEN,WR,TEN@BAL,2plus_td,0.0422,2270,0.0,0.3205,C,-,tgt_sh 12.6%; team att 26.6; opp DvP 1.06; RZ tgt 2,1.0,
Josh Cuevas,BAL,TEN,TE,TEN@BAL,anytime_td,0.0182,5395,0.0,0.01865,C,-,w_td 0.01; team TD 3.03,1.0,
Josh Cuevas,BAL,TEN,TE,TEN@BAL,first_td,0.0038021067821067817,26201,0.0,0.01865,C,-,w_td 0.01; team TD 3.03,1.0,
Josh Cuevas,BAL,TEN,TE,TEN@BAL,last_td,0.0038021067821067817,26201,0.0,0.01865,C,-,w_td 0.01; team TD 3.03,1.0,
Josh Cuevas,BAL,TEN,TE,TEN@BAL,2plus_td,0.00045,222122,0.0,0.01865,C,-,w_td 0.01; team TD 3.03,1.0,
Zay Flowers,BAL,TEN,WR,TEN@BAL,anytime_td,0.3883026831474224,158,0.010777811275248718,0.47113355441664156,C,Questionable (Limited),tgt_sh 24.9%; team att 26.6; opp DvP 1.06; RZ tgt 2,0.6667342299285288,
Zay Flowers,BAL,TEN,WR,TEN@BAL,first_td,0.10187093979112369,882,0.010777811275248718,0.47113355441664156,C,Questionable (Limited),tgt_sh 24.9%; team att 26.6; opp DvP 1.06; RZ tgt 2,0.6667342299285288,
Zay Flowers,BAL,TEN,WR,TEN@BAL,last_td,0.10187093979112369,882,0.010777811275248718,0.47113355441664156,C,Questionable (Limited),tgt_sh 24.9%; team att 26.6; opp DvP 1.06; RZ tgt 2,0.6667342299285288,
Zay Flowers,BAL,TEN,WR,TEN@BAL,2plus_td,0.08056979198070546,1141,0.010777811275248718,0.47113355441664156,C,Questionable (Limited),tgt_sh 24.9%; team att 26.6; opp DvP 1.06; RZ tgt 2,0.6667342299285288,
Derrick Henry,BAL,TEN,RB,TEN@BAL,anytime_td,0.71675,-253,1.10385,0.08545,B,-,tgt_sh 5.0%; team att 26.6; opp DvP 0.99; RZ tgt 0; car_sh 63.2%; team rush 32.9; opp d_ypc 0.93; inside-10 car 14,1.0,
Derrick Henry,BAL,TEN,RB,TEN@BAL,first_td,0.2524767705905206,296,1.10385,0.08545,B,-,tgt_sh 5.0%; team att 26.6; opp DvP 0.99; RZ tgt 0; car_sh 63.2%; team rush 32.9; opp d_ypc 0.93; inside-10 car 14,1.0,
Derrick Henry,BAL,TEN,RB,TEN@BAL,last_td,0.2524767705905206,296,1.10385,0.08545,B,-,tgt_sh 5.0%; team att 26.6; opp DvP 0.99; RZ tgt 0; car_sh 63.2%; team rush 32.9; opp d_ypc 0.93; inside-10 car 14,1.0,
Derrick Henry,BAL,TEN,RB,TEN@BAL,2plus_td,0.3396,194,1.10385,0.08545,B,-,tgt_sh 5.0%; team att 26.6; opp DvP 0.99; RZ tgt 0; car_sh 63.2%; team rush 32.9; opp d_ypc 0.93; inside-10 car 14,1.0,
Matthew Hibner,BAL,TEN,TE,TEN@BAL,anytime_td,0.0909,1000,0.0,0.09465,C,-,w_td 0.05; team TD 3.03,1.0,
Matthew Hibner,BAL,TEN,TE,TEN@BAL,first_td,0.019839017510267506,4941,0.0,0.09465,C,-,w_td 0.05; team TD 3.03,1.0,
Matthew Hibner,BAL,TEN,TE,TEN@BAL,last_td,0.019839017510267506,4941,0.0,0.09465,C,-,w_td 0.05; team TD 3.03,1.0,
Matthew Hibner,BAL,TEN,TE,TEN@BAL,2plus_td,0.00375,26567,0.0,0.09465,C,-,w_td 0.05; team TD 3.03,1.0,
Justice Hill,BAL,TEN,RB,TEN@BAL,anytime_td,0.22725,340,0.16545,0.0892,C,-,tgt_sh 5.1%; team att 26.6; opp DvP 0.99; RZ tgt 0; car_sh 13.8%; team rush 32.9; opp d_ypc 0.93; inside-10 car 0,1.0,
Justice Hill,BAL,TEN,RB,TEN@BAL,first_td,0.05381737914862915,1758,0.16545,0.0892,C,-,tgt_sh 5.1%; team att 26.6; opp DvP 0.99; RZ tgt 0; car_sh 13.8%; team rush 32.9; opp d_ypc 0.93; inside-10 car 0,1.0,
Justice Hill,BAL,TEN,RB,TEN@BAL,last_td,0.05381737914862915,1758,0.16545,0.0892,C,-,tgt_sh 5.1%; team att 26.6; opp DvP 0.99; RZ tgt 0; car_sh 13.8%; team rush 32.9; opp d_ypc 0.93; inside-10 car 0,1.0,
Justice Hill,BAL,TEN,RB,TEN@BAL,2plus_td,0.02575,3783,0.16545,0.0892,C,-,tgt_sh 5.1%; team att 26.6; opp DvP 0.99; RZ tgt 0; car_sh 13.8%; team rush 32.9; opp d_ypc 0.93; inside-10 car 0,1.0,
Durham Smythe,BAL,TEN,TE,TEN@BAL,anytime_td,0.07191023074491623,1291,0.0,0.07438626066800126,C,no game designation yet (Full),w_td 0.04; team TD 3.03,0.9479829842591244,
Durham Smythe,BAL,TEN,TE,TEN@BAL,first_td,0.0155419910227096,6334,0.0,0.07438626066800126,C,no game designation yet (Full),w_td 0.04; team TD 3.03,0.9479829842591244,
Durham Smythe,BAL,TEN,TE,TEN@BAL,last_td,0.0155419910227096,6334,0.0,0.07438626066800126,C,no game designation yet (Full),w_td 0.04; team TD 3.03,0.9479829842591244,
Durham Smythe,BAL,TEN,TE,TEN@BAL,2plus_td,0.002476029923085028,40287,0.0,0.07438626066800126,C,no game designation yet (Full),w_td 0.04; team TD 3.03,0.9479829842591244,
Devontez Walker,BAL,TEN,WR,TEN@BAL,anytime_td,0.06595,1416,0.0,0.06795,C,-,tgt_sh 3.8%; team att 26.6; opp DvP 1.06; RZ tgt 0,1.0,
Devontez Walker,BAL,TEN,WR,TEN@BAL,first_td,0.014177628066378066,6953,0.0,0.06795,C,-,tgt_sh 3.8%; team att 26.6; opp DvP 1.06; RZ tgt 0,1.0,
Devontez Walker,BAL,TEN,WR,TEN@BAL,last_td,0.014177628066378066,6953,0.0,0.06795,C,-,tgt_sh 3.8%; team att 26.6; opp DvP 1.06; RZ tgt 0,1.0,
Devontez Walker,BAL,TEN,WR,TEN@BAL,2plus_td,0.002,49900,0.0,0.06795,C,-,tgt_sh 3.8%; team att 26.6; opp DvP 1.06; RZ tgt 0,1.0,
LaJohntay Wester,BAL,TEN,WR,TEN@BAL,anytime_td,0.0348,2774,0.0,0.03555,C,-,w_td 0.02; team TD 3.03,1.0,
LaJohntay Wester,BAL,TEN,WR,TEN@BAL,first_td,0.007338378427128427,13527,0.0,0.03555,C,-,w_td 0.02; team TD 3.03,1.0,
LaJohntay Wester,BAL,TEN,WR,TEN@BAL,last_td,0.007338378427128427,13527,0.0,0.03555,C,-,w_td 0.02; team TD 3.03,1.0,
LaJohntay Wester,BAL,TEN,WR,TEN@BAL,2plus_td,0.00075,133233,0.0,0.03555,C,-,w_td 0.02; team TD 3.03,1.0,
Drake Maye,NE,BUF,QB,NE@BUF,anytime_td,0.11675256416798489,757,0.12435576874011328,0.0,B,no game designation yet (Full),team att 31.6; ypa 7.52; opp d_ypa 1.03; pass rate 55.6%,0.98,
Drake Maye,NE,BUF,QB,NE@BUF,first_td,0.021416190331075263,4569,0.12435576874011328,0.0,B,no game designation yet (Full),team att 31.6; ypa 7.52; opp d_ypa 1.03; pass rate 55.6%,0.98,
Drake Maye,NE,BUF,QB,NE@BUF,last_td,0.021416190331075263,4569,0.12435576874011328,0.0,B,no game designation yet (Full),team att 31.6; ypa 7.52; opp d_ypa 1.03; pass rate 55.6%,0.98,
Drake Maye,NE,BUF,QB,NE@BUF,2plus_td,0.007348063479103944,13509,0.12435576874011328,0.0,B,no game designation yet (Full),team att 31.6; ypa 7.52; opp d_ypa 1.03; pass rate 55.6%,0.98,
Efton Chism III,NE,BUF,WR,NE@BUF,anytime_td,0.07245,1280,0.0,0.07505,C,-,w_td 0.05; team TD 2.20,1.0,
Efton Chism III,NE,BUF,WR,NE@BUF,first_td,0.012798276168276166,7714,0.0,0.07505,C,-,w_td 0.05; team TD 2.20,1.0,
Efton Chism III,NE,BUF,WR,NE@BUF,last_td,0.012798276168276166,7714,0.0,0.07505,C,-,w_td 0.05; team TD 2.20,1.0,
Efton Chism III,NE,BUF,WR,NE@BUF,2plus_td,0.00255,39116,0.0,0.07505,C,-,w_td 0.05; team TD 2.20,1.0,
Romeo Doubs,NE,BUF,WR,NE@BUF,anytime_td,0.20775,381,0.0,0.2304,C,-,tgt_sh 14.1%; team att 31.6; opp DvP 1.01; RZ tgt 1,1.0,
Romeo Doubs,NE,BUF,WR,NE@BUF,first_td,0.039749001137751136,2416,0.0,0.2304,C,-,tgt_sh 14.1%; team att 31.6; opp DvP 1.01; RZ tgt 1,1.0,
Romeo Doubs,NE,BUF,WR,NE@BUF,last_td,0.039749001137751136,2416,0.0,0.2304,C,-,tgt_sh 14.1%; team att 31.6; opp DvP 1.01; RZ tgt 1,1.0,
Romeo Doubs,NE,BUF,WR,NE@BUF,2plus_td,0.02115,4628,0.0,0.2304,C,-,tgt_sh 14.1%; team att 31.6; opp DvP 1.01; RZ tgt 1,1.0,
DeMario Douglas,NE,BUF,WR,NE@BUF,anytime_td,0.1791,458,0.0,0.1958,C,-,tgt_sh 11.8%; team att 31.6; opp DvP 1.01; RZ tgt 1,1.0,
DeMario Douglas,NE,BUF,WR,NE@BUF,first_td,0.03361857045732046,2875,0.0,0.1958,C,-,tgt_sh 11.8%; team att 31.6; opp DvP 1.01; RZ tgt 1,1.0,
DeMario Douglas,NE,BUF,WR,NE@BUF,last_td,0.03361857045732046,2875,0.0,0.1958,C,-,tgt_sh 11.8%; team att 31.6; opp DvP 1.01; RZ tgt 1,1.0,
DeMario Douglas,NE,BUF,WR,NE@BUF,2plus_td,0.01605,6131,0.0,0.1958,C,-,tgt_sh 11.8%; team att 31.6; opp DvP 1.01; RZ tgt 1,1.0,
Reggie Gilliam,NE,BUF,RB,NE@BUF,anytime_td,0.024677860210855135,3952,0.0,0.02530261616556033,C,Questionable (Limited),w_td 0.02; team TD 2.20,0.6469461218980005,
Reggie Gilliam,NE,BUF,RB,NE@BUF,first_td,0.004269017242465115,23325,0.0,0.02530261616556033,C,Questionable (Limited),w_td 0.02; team TD 2.20,0.6469461218980005,
Reggie Gilliam,NE,BUF,RB,NE@BUF,last_td,0.004269017242465115,23325,0.0,0.02530261616556033,C,Questionable (Limited),w_td 0.02; team TD 2.20,0.6469461218980005,
Reggie Gilliam,NE,BUF,RB,NE@BUF,2plus_td,0.0006247559547051933,159962,0.0,0.02530261616556033,C,Questionable (Limited),w_td 0.02; team TD 2.20,0.6469461218980005,
TreVeyon Henderson,NE,BUF,RB,NE@BUF,anytime_td,0.2804,257,0.2703,0.0567,B,-,tgt_sh 4.1%; team att 31.6; opp DvP 0.99; RZ tgt 0; car_sh 39.2%; team rush 27.7; opp d_ypc 0.98; inside-10 car 0,1.0,
TreVeyon Henderson,NE,BUF,RB,NE@BUF,first_td,0.05748102813852813,1640,0.2703,0.0567,B,-,tgt_sh 4.1%; team att 31.6; opp DvP 0.99; RZ tgt 0; car_sh 39.2%; team rush 27.7; opp d_ypc 0.98; inside-10 car 0,1.0,
TreVeyon Henderson,NE,BUF,RB,NE@BUF,last_td,0.05748102813852813,1640,0.2703,0.0567,B,-,tgt_sh 4.1%; team att 31.6; opp DvP 0.99; RZ tgt 0; car_sh 39.2%; team rush 27.7; opp d_ypc 0.98; inside-10 car 0,1.0,
TreVeyon Henderson,NE,BUF,RB,NE@BUF,2plus_td,0.0425,2253,0.2703,0.0567,B,-,tgt_sh 4.1%; team att 31.6; opp DvP 0.99; RZ tgt 0; car_sh 39.2%; team rush 27.7; opp d_ypc 0.98; inside-10 car 0,1.0,
Hunter Henry,NE,BUF,TE,NE@BUF,anytime_td,0.1928,419,0.0,0.21085,C,-,tgt_sh 14.2%; team att 31.6; opp DvP 0.81; RZ tgt 1,1.0,
Hunter Henry,NE,BUF,TE,NE@BUF,first_td,0.03667776237651237,2626,0.0,0.21085,C,-,tgt_sh 14.2%; team att 31.6; opp DvP 0.81; RZ tgt 1,1.0,
Hunter Henry,NE,BUF,TE,NE@BUF,last_td,0.03667776237651237,2626,0.0,0.21085,C,-,tgt_sh 14.2%; team att 31.6; opp DvP 0.81; RZ tgt 1,1.0,
Hunter Henry,NE,BUF,TE,NE@BUF,2plus_td,0.0172,5714,0.0,0.21085,C,-,tgt_sh 14.2%; team att 31.6; opp DvP 0.81; RZ tgt 1,1.0,
Mack Hollins,NE,BUF,WR,NE@BUF,anytime_td,0.3256,207,0.0,0.3878,B,-,tgt_sh 15.8%; team att 31.6; opp DvP 1.01; RZ tgt 4,1.0,
Mack Hollins,NE,BUF,WR,NE@BUF,first_td,0.06700862387612387,1392,0.0,0.3878,B,-,tgt_sh 15.8%; team att 31.6; opp DvP 1.01; RZ tgt 4,1.0,
Mack Hollins,NE,BUF,WR,NE@BUF,last_td,0.06700862387612387,1392,0.0,0.3878,B,-,tgt_sh 15.8%; team att 31.6; opp DvP 1.01; RZ tgt 4,1.0,
Mack Hollins,NE,BUF,WR,NE@BUF,2plus_td,0.0565,1670,0.0,0.3878,B,-,tgt_sh 15.8%; team att 31.6; opp DvP 1.01; RZ tgt 4,1.0,
Corey Kiner,NE,BUF,RB,NE@BUF,anytime_td,0.08125,1131,0.07235,0.01245,C,-,car_sh 11.1%; team rush 27.7; opp d_ypc 0.98; inside-10 car 0,1.0,
Corey Kiner,NE,BUF,RB,NE@BUF,first_td,0.01481842587967588,6648,0.07235,0.01245,C,-,car_sh 11.1%; team rush 27.7; opp d_ypc 0.98; inside-10 car 0,1.0,
Corey Kiner,NE,BUF,RB,NE@BUF,last_td,0.01481842587967588,6648,0.07235,0.01245,C,-,car_sh 11.1%; team rush 27.7; opp d_ypc 0.98; inside-10 car 0,1.0,
Corey Kiner,NE,BUF,RB,NE@BUF,2plus_td,0.00345,28886,0.07235,0.01245,C,-,car_sh 11.1%; team rush 27.7; opp d_ypc 0.98; inside-10 car 0,1.0,
Lan Larison,NE,BUF,RB,NE@BUF,anytime_td,0.0456,2093,0.00345,0.04305,C,-,tgt_sh 3.1%; team att 31.6; opp DvP 0.99; RZ tgt 0,1.0,
Lan Larison,NE,BUF,RB,NE@BUF,first_td,0.00794765207015207,12482,0.00345,0.04305,C,-,tgt_sh 3.1%; team att 31.6; opp DvP 0.99; RZ tgt 0,1.0,
Lan Larison,NE,BUF,RB,NE@BUF,last_td,0.00794765207015207,12482,0.00345,0.04305,C,-,tgt_sh 3.1%; team att 31.6; opp DvP 0.99; RZ tgt 0,1.0,
Lan Larison,NE,BUF,RB,NE@BUF,2plus_td,0.0009,111011,0.00345,0.04305,C,-,tgt_sh 3.1%; team att 31.6; opp DvP 0.99; RZ tgt 0,1.0,
Eli Raridon,NE,BUF,TE,NE@BUF,anytime_td,0.05600358422939068,1686,0.0,0.05787037037037037,C,Questionable (Limited),w_td 0.04; team TD 2.20,0.6667342299285288,
Eli Raridon,NE,BUF,TE,NE@BUF,first_td,0.009913237814223479,9988,0.0,0.05787037037037037,C,Questionable (Limited),w_td 0.04; team TD 2.20,0.6667342299285288,
Eli Raridon,NE,BUF,TE,NE@BUF,last_td,0.009913237814223479,9988,0.0,0.05787037037037037,C,Questionable (Limited),w_td 0.04; team TD 2.20,0.6667342299285288,
Eli Raridon,NE,BUF,TE,NE@BUF,2plus_td,0.0017921146953405018,55700,0.0,0.05787037037037037,C,Questionable (Limited),w_td 0.04; team TD 2.20,0.6667342299285288,
Rhamondre Stevenson,NE,BUF,RB,NE@BUF,anytime_td,0.29945,234,0.21985,0.1313,B,-,tgt_sh 10.0%; team att 31.6; opp DvP 0.99; RZ tgt 0; car_sh 26.6%; team rush 27.7; opp d_ypc 0.98; inside-10 car 1,1.0,
Rhamondre Stevenson,NE,BUF,RB,NE@BUF,first_td,0.06137903596403596,1529,0.21985,0.1313,B,-,tgt_sh 10.0%; team att 31.6; opp DvP 0.99; RZ tgt 0; car_sh 26.6%; team rush 27.7; opp d_ypc 0.98; inside-10 car 1,1.0,
Rhamondre Stevenson,NE,BUF,RB,NE@BUF,last_td,0.06137903596403596,1529,0.21985,0.1313,B,-,tgt_sh 10.0%; team att 31.6; opp DvP 0.99; RZ tgt 0; car_sh 26.6%; team rush 27.7; opp d_ypc 0.98; inside-10 car 1,1.0,
Rhamondre Stevenson,NE,BUF,RB,NE@BUF,2plus_td,0.0468,2037,0.21985,0.1313,B,-,tgt_sh 10.0%; team att 31.6; opp DvP 0.99; RZ tgt 0; car_sh 26.6%; team rush 27.7; opp d_ypc 0.98; inside-10 car 1,1.0,
Kyle Williams,NE,BUF,WR,NE@BUF,anytime_td,0.06065,1549,0.0,0.0624,C,-,tgt_sh 4.4%; team att 31.6; opp DvP 1.01; RZ tgt 0,1.0,
Kyle Williams,NE,BUF,WR,NE@BUF,first_td,0.01061626318126318,9320,0.0,0.0624,C,-,tgt_sh 4.4%; team att 31.6; opp DvP 1.01; RZ tgt 0,1.0,
Kyle Williams,NE,BUF,WR,NE@BUF,last_td,0.01061626318126318,9320,0.0,0.0624,C,-,tgt_sh 4.4%; team att 31.6; opp DvP 1.01; RZ tgt 0,1.0,
Kyle Williams,NE,BUF,WR,NE@BUF,2plus_td,0.00165,60506,0.0,0.0624,C,-,tgt_sh 4.4%; team att 31.6; opp DvP 1.01; RZ tgt 0,1.0,
Josh Allen,BUF,NE,QB,NE@BUF,anytime_td,0.3531,183,0.42805,0.0,B,-,team att 28.8; ypa 7.85; opp d_ypa 0.93; pass rate 51.4%,1.0,
Josh Allen,BUF,NE,QB,NE@BUF,first_td,0.07682878274503274,1202,0.42805,0.0,B,-,team att 28.8; ypa 7.85; opp d_ypa 0.93; pass rate 51.4%,1.0,
Josh Allen,BUF,NE,QB,NE@BUF,last_td,0.07682878274503274,1202,0.42805,0.0,B,-,team att 28.8; ypa 7.85; opp d_ypa 0.93; pass rate 51.4%,1.0,
Josh Allen,BUF,NE,QB,NE@BUF,2plus_td,0.06665,1400,0.42805,0.0,B,-,team att 28.8; ypa 7.85; opp d_ypa 0.93; pass rate 51.4%,1.0,
Keon Coleman,BUF,NE,WR,NE@BUF,anytime_td,0.17613903240958195,468,0.0,0.1923699180627316,C,no game designation yet (Limited),tgt_sh 11.3%; team att 28.8; opp DvP 1.07; RZ tgt 1,0.9575230478992892,
Keon Coleman,BUF,NE,WR,NE@BUF,first_td,0.033940065003161914,2846,0.0,0.1923699180627316,C,no game designation yet (Limited),tgt_sh 11.3%; team att 28.8; opp DvP 1.07; RZ tgt 1,0.9575230478992892,
Keon Coleman,BUF,NE,WR,NE@BUF,last_td,0.033940065003161914,2846,0.0,0.1923699180627316,C,no game designation yet (Limited),tgt_sh 11.3%; team att 28.8; opp DvP 1.07; RZ tgt 1,0.9575230478992892,
Keon Coleman,BUF,NE,WR,NE@BUF,2plus_td,0.015187098794426179,6485,0.0,0.1923699180627316,C,no game designation yet (Limited),tgt_sh 11.3%; team att 28.8; opp DvP 1.07; RZ tgt 1,0.9575230478992892,
James Cook,BUF,NE,RB,NE@BUF,anytime_td,0.68165,-214,0.9028,0.18235,B,-,tgt_sh 7.4%; team att 28.8; opp DvP 1.13; RZ tgt 2; car_sh 57.4%; team rush 29.5; opp d_ypc 1.02; inside-10 car 5,1.0,
James Cook,BUF,NE,RB,NE@BUF,first_td,0.1925403422965923,419,0.9028,0.18235,B,-,tgt_sh 7.4%; team att 28.8; opp DvP 1.13; RZ tgt 2; car_sh 57.4%; team rush 29.5; opp d_ypc 1.02; inside-10 car 5,1.0,
James Cook,BUF,NE,RB,NE@BUF,last_td,0.1925403422965923,419,0.9028,0.18235,B,-,tgt_sh 7.4%; team att 28.8; opp DvP 1.13; RZ tgt 2; car_sh 57.4%; team rush 29.5; opp d_ypc 1.02; inside-10 car 5,1.0,
James Cook,BUF,NE,RB,NE@BUF,2plus_td,0.2974,236,0.9028,0.18235,B,-,tgt_sh 7.4%; team att 28.8; opp DvP 1.13; RZ tgt 2; car_sh 57.4%; team rush 29.5; opp d_ypc 1.02; inside-10 car 5,1.0,
Ray Davis,BUF,NE,RB,NE@BUF,anytime_td,0.07817313616759088,1179,0.06631238447319779,0.016404805914972273,C,Questionable (Limited),w_td 0.05; team TD 3.26,0.6469461218980005,
Ray Davis,BUF,NE,RB,NE@BUF,first_td,0.0143649166350183,6861,0.06631238447319779,0.016404805914972273,C,Questionable (Limited),w_td 0.05; team TD 3.26,0.6469461218980005,
Ray Davis,BUF,NE,RB,NE@BUF,last_td,0.0143649166350183,6861,0.06631238447319779,0.016404805914972273,C,Questionable (Limited),w_td 0.05; team TD 3.26,0.6469461218980005,
Ray Davis,BUF,NE,RB,NE@BUF,2plus_td,0.004467036352433764,22286,0.06631238447319779,0.016404805914972273,C,Questionable (Limited),w_td 0.05; team TD 3.26,0.6469461218980005,
Greg Dortch,BUF,NE,WR,NE@BUF,anytime_td,0.03155,3070,0.0,0.0322,C,-,w_td 0.02; team TD 3.26,1.0,
Greg Dortch,BUF,NE,WR,NE@BUF,first_td,0.005603320013320014,17747,0.0,0.0322,C,-,w_td 0.02; team TD 3.26,1.0,
Greg Dortch,BUF,NE,WR,NE@BUF,last_td,0.005603320013320014,17747,0.0,0.0322,C,-,w_td 0.02; team TD 3.26,1.0,
Greg Dortch,BUF,NE,WR,NE@BUF,2plus_td,0.00065,153746,0.0,0.0322,C,-,w_td 0.02; team TD 3.26,1.0,
Frank Gore Jr.,BUF,NE,RB,NE@BUF,anytime_td,0.1342,645,0.13395,0.0078,C,-,car_sh 10.6%; team rush 29.5; opp d_ypc 1.02; inside-10 car 0,1.0,
Frank Gore Jr.,BUF,NE,RB,NE@BUF,first_td,0.025133968531468532,3879,0.13395,0.0078,C,-,car_sh 10.6%; team rush 29.5; opp d_ypc 1.02; inside-10 car 0,1.0,
Frank Gore Jr.,BUF,NE,RB,NE@BUF,last_td,0.025133968531468532,3879,0.13395,0.0078,C,-,car_sh 10.6%; team rush 29.5; opp d_ypc 1.02; inside-10 car 0,1.0,
Frank Gore Jr.,BUF,NE,RB,NE@BUF,2plus_td,0.0073,13599,0.13395,0.0078,C,-,car_sh 10.6%; team rush 29.5; opp d_ypc 1.02; inside-10 car 0,1.0,
Jackson Hawes,BUF,NE,TE,NE@BUF,anytime_td,0.0275,3536,0.0,0.02795,C,-,w_td 0.02; team TD 3.26,1.0,
Jackson Hawes,BUF,NE,TE,NE@BUF,first_td,0.004853566572316572,20503,0.0,0.02795,C,-,w_td 0.02; team TD 3.26,1.0,
Jackson Hawes,BUF,NE,TE,NE@BUF,last_td,0.004853566572316572,20503,0.0,0.02795,C,-,w_td 0.02; team TD 3.26,1.0,
Jackson Hawes,BUF,NE,TE,NE@BUF,2plus_td,0.00045,222122,0.0,0.02795,C,-,w_td 0.02; team TD 3.26,1.0,
Ty Johnson,BUF,NE,RB,NE@BUF,anytime_td,0.1377,626,0.0272,0.12125,C,-,tgt_sh 8.5%; team att 28.8; opp DvP 1.13; RZ tgt 0,1.0,
Ty Johnson,BUF,NE,RB,NE@BUF,first_td,0.026094184981684983,3732,0.0272,0.12125,C,-,tgt_sh 8.5%; team att 28.8; opp DvP 1.13; RZ tgt 0,1.0,
Ty Johnson,BUF,NE,RB,NE@BUF,last_td,0.026094184981684983,3732,0.0272,0.12125,C,-,tgt_sh 8.5%; team att 28.8; opp DvP 1.13; RZ tgt 0,1.0,
Ty Johnson,BUF,NE,RB,NE@BUF,2plus_td,0.01005,9850,0.0272,0.12125,C,-,tgt_sh 8.5%; team att 28.8; opp DvP 1.13; RZ tgt 0,1.0,
Dalton Kincaid,BUF,NE,TE,NE@BUF,anytime_td,0.2229,349,0.0,0.24875,B,-,tgt_sh 17.5%; team att 28.8; opp DvP 0.91; RZ tgt 1,1.0,
Dalton Kincaid,BUF,NE,TE,NE@BUF,first_td,0.04417591547341547,2164,0.0,0.24875,B,-,tgt_sh 17.5%; team att 28.8; opp DvP 0.91; RZ tgt 1,1.0,
Dalton Kincaid,BUF,NE,TE,NE@BUF,last_td,0.04417591547341547,2164,0.0,0.24875,B,-,tgt_sh 17.5%; team att 28.8; opp DvP 0.91; RZ tgt 1,1.0,
Dalton Kincaid,BUF,NE,TE,NE@BUF,2plus_td,0.02435,4007,0.0,0.24875,B,-,tgt_sh 17.5%; team att 28.8; opp DvP 0.91; RZ tgt 1,1.0,
Dawson Knox,BUF,NE,TE,NE@BUF,anytime_td,0.1078,828,0.00985,0.10425,C,-,tgt_sh 5.6%; team att 28.8; opp DvP 0.91; RZ tgt 1,1.0,
Dawson Knox,BUF,NE,TE,NE@BUF,first_td,0.020294322205572205,4827,0.00985,0.10425,C,-,tgt_sh 5.6%; team att 28.8; opp DvP 0.91; RZ tgt 1,1.0,
Dawson Knox,BUF,NE,TE,NE@BUF,last_td,0.020294322205572205,4827,0.00985,0.10425,C,-,tgt_sh 5.6%; team att 28.8; opp DvP 0.91; RZ tgt 1,1.0,
Dawson Knox,BUF,NE,TE,NE@BUF,2plus_td,0.00615,16160,0.00985,0.10425,C,-,tgt_sh 5.6%; team att 28.8; opp DvP 0.91; RZ tgt 1,1.0,
DJ Moore,BUF,NE,WR,NE@BUF,anytime_td,0.28649606504404024,249,0.009746182310939698,0.3222494397248137,B,no game designation yet (Limited),tgt_sh 18.5%; team att 28.8; opp DvP 1.07; RZ tgt 2,0.9575230478992892,
DJ Moore,BUF,NE,WR,NE@BUF,first_td,0.05816220849967657,1619,0.009746182310939698,0.3222494397248137,B,no game designation yet (Limited),tgt_sh 18.5%; team att 28.8; opp DvP 1.07; RZ tgt 2,0.9575230478992892,
DJ Moore,BUF,NE,WR,NE@BUF,last_td,0.05816220849967657,1619,0.009746182310939698,0.3222494397248137,B,no game designation yet (Limited),tgt_sh 18.5%; team att 28.8; opp DvP 1.07; RZ tgt 2,0.9575230478992892,
DJ Moore,BUF,NE,WR,NE@BUF,2plus_td,0.0416948975869078,2298,0.009746182310939698,0.3222494397248137,B,no game designation yet (Limited),tgt_sh 18.5%; team att 28.8; opp DvP 1.07; RZ tgt 2,0.9575230478992892,
Josh Palmer,BUF,NE,WR,NE@BUF,anytime_td,0.0872,1047,0.0,0.09125,C,-,tgt_sh 6.8%; team att 28.8; opp DvP 1.07; RZ tgt 0,1.0,
Josh Palmer,BUF,NE,WR,NE@BUF,first_td,0.016196609501609505,6074,0.0,0.09125,C,-,tgt_sh 6.8%; team att 28.8; opp DvP 1.07; RZ tgt 0,1.0,
Josh Palmer,BUF,NE,WR,NE@BUF,last_td,0.016196609501609505,6074,0.0,0.09125,C,-,tgt_sh 6.8%; team att 28.8; opp DvP 1.07; RZ tgt 0,1.0,
Josh Palmer,BUF,NE,WR,NE@BUF,2plus_td,0.00385,25874,0.0,0.09125,C,-,tgt_sh 6.8%; team att 28.8; opp DvP 1.07; RZ tgt 0,1.0,
Khalil Shakir,BUF,NE,WR,NE@BUF,anytime_td,0.31265,220,0.0,0.37185,B,-,tgt_sh 16.8%; team att 28.8; opp DvP 1.07; RZ tgt 4,1.0,
Khalil Shakir,BUF,NE,WR,NE@BUF,first_td,0.0651859928959929,1434,0.0,0.37185,B,-,tgt_sh 16.8%; team att 28.8; opp DvP 1.07; RZ tgt 4,1.0,
Khalil Shakir,BUF,NE,WR,NE@BUF,last_td,0.0651859928959929,1434,0.0,0.37185,B,-,tgt_sh 16.8%; team att 28.8; opp DvP 1.07; RZ tgt 4,1.0,
Khalil Shakir,BUF,NE,WR,NE@BUF,2plus_td,0.0526,1801,0.0,0.37185,B,-,tgt_sh 16.8%; team att 28.8; opp DvP 1.07; RZ tgt 4,1.0,
Geno Smith,NYJ,CHI,QB,NYJ@CHI,anytime_td,0.17585,469,0.1931,0.0,B,-,team att 31.9; ypa 7.84; opp d_ypa 1.04; pass rate 57.4%,1.0,
Geno Smith,NYJ,CHI,QB,NYJ@CHI,first_td,0.039952160894660894,2403,0.1931,0.0,B,-,team att 31.9; ypa 7.84; opp d_ypa 1.04; pass rate 57.4%,1.0,
Geno Smith,NYJ,CHI,QB,NYJ@CHI,last_td,0.039952160894660894,2403,0.1931,0.0,B,-,team att 31.9; ypa 7.84; opp d_ypa 1.04; pass rate 57.4%,1.0,
Geno Smith,NYJ,CHI,QB,NYJ@CHI,2plus_td,0.0165,5961,0.1931,0.0,B,-,team att 31.9; ypa 7.84; opp d_ypa 1.04; pass rate 57.4%,1.0,
Braelon Allen,NYJ,CHI,RB,NYJ@CHI,anytime_td,0.4965,101,0.46495,0.1966,B,-,tgt_sh 3.0%; team att 31.9; opp DvP 1.04; RZ tgt 3; car_sh 23.5%; team rush 25.8; opp d_ypc 1.09; inside-10 car 1,1.0,
Braelon Allen,NYJ,CHI,RB,NYJ@CHI,first_td,0.1366203456265956,632,0.46495,0.1966,B,-,tgt_sh 3.0%; team att 31.9; opp DvP 1.04; RZ tgt 3; car_sh 23.5%; team rush 25.8; opp d_ypc 1.09; inside-10 car 1,1.0,
Braelon Allen,NYJ,CHI,RB,NYJ@CHI,last_td,0.1366203456265956,632,0.46495,0.1966,B,-,tgt_sh 3.0%; team att 31.9; opp DvP 1.04; RZ tgt 3; car_sh 23.5%; team rush 25.8; opp d_ypc 1.09; inside-10 car 1,1.0,
Braelon Allen,NYJ,CHI,RB,NYJ@CHI,2plus_td,0.1398,615,0.46495,0.1966,B,-,tgt_sh 3.0%; team att 31.9; opp DvP 1.04; RZ tgt 3; car_sh 23.5%; team rush 25.8; opp d_ypc 1.09; inside-10 car 1,1.0,
Andrew Beck,NYJ,CHI,RB,NYJ@CHI,anytime_td,0.035,2757,0.02455,0.011,C,-,w_td 0.02; team TD 2.02,1.0,
Andrew Beck,NYJ,CHI,RB,NYJ@CHI,first_td,0.007197669552669552,13793,0.02455,0.011,C,-,w_td 0.02; team TD 2.02,1.0,
Andrew Beck,NYJ,CHI,RB,NYJ@CHI,last_td,0.007197669552669552,13793,0.02455,0.011,C,-,w_td 0.02; team TD 2.02,1.0,
Andrew Beck,NYJ,CHI,RB,NYJ@CHI,2plus_td,0.00055,181718,0.02455,0.011,C,-,w_td 0.02; team TD 2.02,1.0,
Isaiah Davis,NYJ,CHI,RB,NYJ@CHI,anytime_td,0.06135,1530,0.03045,0.0326,C,-,tgt_sh 1.9%; team att 31.9; opp DvP 1.04; RZ tgt 0,1.0,
Isaiah Davis,NYJ,CHI,RB,NYJ@CHI,first_td,0.012850436507936507,7682,0.03045,0.0326,C,-,tgt_sh 1.9%; team att 31.9; opp DvP 1.04; RZ tgt 0,1.0,
Isaiah Davis,NYJ,CHI,RB,NYJ@CHI,last_td,0.012850436507936507,7682,0.03045,0.0326,C,-,tgt_sh 1.9%; team att 31.9; opp DvP 1.04; RZ tgt 0,1.0,
Isaiah Davis,NYJ,CHI,RB,NYJ@CHI,2plus_td,0.0017,58724,0.03045,0.0326,C,-,tgt_sh 1.9%; team att 31.9; opp DvP 1.04; RZ tgt 0,1.0,
Jeremy Ruckert,NYJ,CHI,TE,NYJ@CHI,anytime_td,0.1574367088607595,535,0.0,0.1705168776371308,C,no game designation yet (Full),tgt_sh 5.3%; team att 31.9; opp DvP 0.83; RZ tgt 2,0.9479829842591244,
Jeremy Ruckert,NYJ,CHI,TE,NYJ@CHI,first_td,0.034480900018874695,2800,0.0,0.1705168776371308,C,no game designation yet (Full),tgt_sh 5.3%; team att 31.9; opp DvP 0.83; RZ tgt 2,0.9479829842591244,
Jeremy Ruckert,NYJ,CHI,TE,NYJ@CHI,last_td,0.034480900018874695,2800,0.0,0.1705168776371308,C,no game designation yet (Full),tgt_sh 5.3%; team att 31.9; opp DvP 0.83; RZ tgt 2,0.9479829842591244,
Jeremy Ruckert,NYJ,CHI,TE,NYJ@CHI,2plus_td,0.01271097046413502,7767,0.0,0.1705168776371308,C,no game designation yet (Full),tgt_sh 5.3%; team att 31.9; opp DvP 0.83; RZ tgt 2,0.9479829842591244,
Kenyon Sadiq,NYJ,CHI,TE,NYJ@CHI,anytime_td,0.227475800446761,340,0.07215189873417721,0.18183172002978407,C,Questionable (Limited),tgt_sh 13.7%; team att 31.9; opp DvP 0.83; RZ tgt 0,0.6667342299285288,
Kenyon Sadiq,NYJ,CHI,TE,NYJ@CHI,first_td,0.05173464514305914,1833,0.07215189873417721,0.18183172002978407,C,Questionable (Limited),tgt_sh 13.7%; team att 31.9; opp DvP 0.83; RZ tgt 0,0.6667342299285288,
Kenyon Sadiq,NYJ,CHI,TE,NYJ@CHI,last_td,0.05173464514305914,1833,0.07215189873417721,0.18183172002978407,C,Questionable (Limited),tgt_sh 13.7%; team att 31.9; opp DvP 0.83; RZ tgt 0,0.6667342299285288,
Kenyon Sadiq,NYJ,CHI,TE,NYJ@CHI,2plus_td,0.02479523454951601,3933,0.07215189873417721,0.18183172002978407,C,Questionable (Limited),tgt_sh 13.7%; team att 31.9; opp DvP 0.83; RZ tgt 0,0.6667342299285288,
Sterling Shepard,NYJ,CHI,WR,NYJ@CHI,anytime_td,0.0761,1214,0.0,0.0792,C,-,tgt_sh 5.2%; team att 31.9; opp DvP 0.95; RZ tgt 0,1.0,
Sterling Shepard,NYJ,CHI,WR,NYJ@CHI,first_td,0.016066022727272727,6124,0.0,0.0792,C,-,tgt_sh 5.2%; team att 31.9; opp DvP 0.95; RZ tgt 0,1.0,
Sterling Shepard,NYJ,CHI,WR,NYJ@CHI,last_td,0.016066022727272727,6124,0.0,0.0792,C,-,tgt_sh 5.2%; team att 31.9; opp DvP 0.95; RZ tgt 0,1.0,
Sterling Shepard,NYJ,CHI,WR,NYJ@CHI,2plus_td,0.0031,32158,0.0,0.0792,C,-,tgt_sh 5.2%; team att 31.9; opp DvP 0.95; RZ tgt 0,1.0,
Isaiah Williams,NYJ,CHI,WR,NYJ@CHI,anytime_td,0.17875,459,0.0152,0.1792,C,-,tgt_sh 8.3%; team att 31.9; opp DvP 0.95; RZ tgt 1,1.0,
Isaiah Williams,NYJ,CHI,WR,NYJ@CHI,first_td,0.039624466089466084,2424,0.0152,0.1792,C,-,tgt_sh 8.3%; team att 31.9; opp DvP 0.95; RZ tgt 1,1.0,
Isaiah Williams,NYJ,CHI,WR,NYJ@CHI,last_td,0.039624466089466084,2424,0.0152,0.1792,C,-,tgt_sh 8.3%; team att 31.9; opp DvP 0.95; RZ tgt 1,1.0,
Isaiah Williams,NYJ,CHI,WR,NYJ@CHI,2plus_td,0.01505,6545,0.0152,0.1792,C,-,tgt_sh 8.3%; team att 31.9; opp DvP 0.95; RZ tgt 1,1.0,
Garrett Wilson,NYJ,CHI,WR,NYJ@CHI,anytime_td,0.35185,184,0.0,0.42335,B,-,tgt_sh 24.6%; team att 31.9; opp DvP 0.95; RZ tgt 1,1.0,
Garrett Wilson,NYJ,CHI,WR,NYJ@CHI,first_td,0.08660601662226662,1055,0.0,0.42335,B,-,tgt_sh 24.6%; team att 31.9; opp DvP 0.95; RZ tgt 1,1.0,
Garrett Wilson,NYJ,CHI,WR,NYJ@CHI,last_td,0.08660601662226662,1055,0.0,0.42335,B,-,tgt_sh 24.6%; team att 31.9; opp DvP 0.95; RZ tgt 1,1.0,
Garrett Wilson,NYJ,CHI,WR,NYJ@CHI,2plus_td,0.06425,1456,0.0,0.42335,B,-,tgt_sh 24.6%; team att 31.9; opp DvP 0.95; RZ tgt 1,1.0,
Tyson Bagent,CHI,NYJ,QB,NYJ@CHI,anytime_td,0.15855,531,0.1711,0.0,C,-,team att 29.1; ypa 6.62; opp d_ypa 0.92; pass rate 51.1%,1.0,
Tyson Bagent,CHI,NYJ,QB,NYJ@CHI,first_td,0.03562323232323232,2707,0.1711,0.0,C,-,team att 29.1; ypa 6.62; opp d_ypa 0.92; pass rate 51.1%,1.0,
Tyson Bagent,CHI,NYJ,QB,NYJ@CHI,last_td,0.03562323232323232,2707,0.1711,0.0,C,-,team att 29.1; ypa 6.62; opp d_ypa 0.92; pass rate 51.1%,1.0,
Tyson Bagent,CHI,NYJ,QB,NYJ@CHI,2plus_td,0.01195,8268,0.1711,0.0,C,-,team att 29.1; ypa 6.62; opp d_ypa 0.92; pass rate 51.1%,1.0,
Luther Burden III,CHI,NYJ,WR,NYJ@CHI,anytime_td,0.28655,249,0.0106,0.32115,B,-,tgt_sh 19.1%; team att 29.1; opp DvP 0.95; RZ tgt 6,1.0,
Luther Burden III,CHI,NYJ,WR,NYJ@CHI,first_td,0.06815269355644354,1367,0.0106,0.32115,B,-,tgt_sh 19.1%; team att 29.1; opp DvP 0.95; RZ tgt 6,1.0,
Luther Burden III,CHI,NYJ,WR,NYJ@CHI,last_td,0.06815269355644354,1367,0.0106,0.32115,B,-,tgt_sh 19.1%; team att 29.1; opp DvP 0.95; RZ tgt 6,1.0,
Luther Burden III,CHI,NYJ,WR,NYJ@CHI,2plus_td,0.0415,2310,0.0106,0.32115,B,-,tgt_sh 19.1%; team att 29.1; opp DvP 0.95; RZ tgt 6,1.0,
Cole Kmet,CHI,NYJ,TE,NYJ@CHI,anytime_td,0.0654,1429,0.0,0.0672,C,-,tgt_sh 7.1%; team att 29.1; opp DvP 0.86; RZ tgt 0,1.0,
Cole Kmet,CHI,NYJ,TE,NYJ@CHI,first_td,0.013740351731601732,7178,0.0,0.0672,C,-,tgt_sh 7.1%; team att 29.1; opp DvP 0.86; RZ tgt 0,1.0,
Cole Kmet,CHI,NYJ,TE,NYJ@CHI,last_td,0.013740351731601732,7178,0.0,0.0672,C,-,tgt_sh 7.1%; team att 29.1; opp DvP 0.86; RZ tgt 0,1.0,
Cole Kmet,CHI,NYJ,TE,NYJ@CHI,2plus_td,0.00175,57043,0.0,0.0672,C,-,tgt_sh 7.1%; team att 29.1; opp DvP 0.86; RZ tgt 0,1.0,
Colston Loveland,CHI,NYJ,TE,NYJ@CHI,anytime_td,0.1821,449,0.0,0.19925,C,-,tgt_sh 14.2%; team att 29.1; opp DvP 0.86; RZ tgt 3,1.0,
Colston Loveland,CHI,NYJ,TE,NYJ@CHI,first_td,0.04156580738705738,2306,0.0,0.19925,C,-,tgt_sh 14.2%; team att 29.1; opp DvP 0.86; RZ tgt 3,1.0,
Colston Loveland,CHI,NYJ,TE,NYJ@CHI,last_td,0.04156580738705738,2306,0.0,0.19925,C,-,tgt_sh 14.2%; team att 29.1; opp DvP 0.86; RZ tgt 3,1.0,
Colston Loveland,CHI,NYJ,TE,NYJ@CHI,2plus_td,0.0164,5998,0.0,0.19925,C,-,tgt_sh 14.2%; team att 29.1; opp DvP 0.86; RZ tgt 3,1.0,
Kyle Monangai,CHI,NYJ,RB,NYJ@CHI,anytime_td,0.33155,202,0.321,0.07605,B,-,tgt_sh 4.9%; team att 29.1; opp DvP 0.99; RZ tgt 1; car_sh 25.6%; team rush 30.1; opp d_ypc 1.00; inside-10 car 4,1.0,
Kyle Monangai,CHI,NYJ,RB,NYJ@CHI,first_td,0.08366888944388944,1095,0.321,0.07605,B,-,tgt_sh 4.9%; team att 29.1; opp DvP 0.99; RZ tgt 1; car_sh 25.6%; team rush 30.1; opp d_ypc 1.00; inside-10 car 4,1.0,
Kyle Monangai,CHI,NYJ,RB,NYJ@CHI,last_td,0.08366888944388944,1095,0.321,0.07605,B,-,tgt_sh 4.9%; team att 29.1; opp DvP 0.99; RZ tgt 1; car_sh 25.6%; team rush 30.1; opp d_ypc 1.00; inside-10 car 4,1.0,
Kyle Monangai,CHI,NYJ,RB,NYJ@CHI,2plus_td,0.05755,1638,0.321,0.07605,B,-,tgt_sh 4.9%; team att 29.1; opp DvP 0.99; RZ tgt 1; car_sh 25.6%; team rush 30.1; opp d_ypc 1.00; inside-10 car 4,1.0,
Rome Odunze,CHI,NYJ,WR,NYJ@CHI,anytime_td,0.20825,380,0.0,0.23105,B,-,tgt_sh 18.7%; team att 29.1; opp DvP 0.95; RZ tgt 2,1.0,
Rome Odunze,CHI,NYJ,WR,NYJ@CHI,first_td,0.04774891414141414,1994,0.0,0.23105,B,-,tgt_sh 18.7%; team att 29.1; opp DvP 0.95; RZ tgt 2,1.0,
Rome Odunze,CHI,NYJ,WR,NYJ@CHI,last_td,0.04774891414141414,1994,0.0,0.23105,B,-,tgt_sh 18.7%; team att 29.1; opp DvP 0.95; RZ tgt 2,1.0,
Rome Odunze,CHI,NYJ,WR,NYJ@CHI,2plus_td,0.02155,4540,0.0,0.23105,B,-,tgt_sh 18.7%; team att 29.1; opp DvP 0.95; RZ tgt 2,1.0,
Kalif Raymond,CHI,NYJ,WR,NYJ@CHI,anytime_td,0.2059,386,0.0,0.22705,B,-,tgt_sh 16.5%; team att 29.1; opp DvP 0.95; RZ tgt 3,1.0,
Kalif Raymond,CHI,NYJ,WR,NYJ@CHI,first_td,0.04647710497835498,2052,0.0,0.22705,B,-,tgt_sh 16.5%; team att 29.1; opp DvP 0.95; RZ tgt 3,1.0,
Kalif Raymond,CHI,NYJ,WR,NYJ@CHI,last_td,0.04647710497835498,2052,0.0,0.22705,B,-,tgt_sh 16.5%; team att 29.1; opp DvP 0.95; RZ tgt 3,1.0,
Kalif Raymond,CHI,NYJ,WR,NYJ@CHI,2plus_td,0.0196,5002,0.0,0.22705,B,-,tgt_sh 16.5%; team att 29.1; opp DvP 0.95; RZ tgt 3,1.0,
Sam Roush,CHI,NYJ,TE,NYJ@CHI,anytime_td,0.0495,1920,0.0,0.0508,C,-,w_td 0.04; team TD 2.57,1.0,
Sam Roush,CHI,NYJ,TE,NYJ@CHI,first_td,0.010597215007215006,9336,0.0,0.0508,C,-,w_td 0.04; team TD 2.57,1.0,
Sam Roush,CHI,NYJ,TE,NYJ@CHI,last_td,0.010597215007215006,9336,0.0,0.0508,C,-,w_td 0.04; team TD 2.57,1.0,
Sam Roush,CHI,NYJ,TE,NYJ@CHI,2plus_td,0.0013,76823,0.0,0.0508,C,-,w_td 0.04; team TD 2.57,1.0,
D'Andre Swift,CHI,NYJ,RB,NYJ@CHI,anytime_td,0.5225395823470622,-109,0.594340118878544,0.11861553837252117,B,no game designation yet (Full),tgt_sh 9.4%; team att 29.1; opp DvP 0.99; RZ tgt 1; car_sh 46.4%; team rush 30.1; opp d_ypc 1.00; inside-10 car 10,0.9508674235277402,
D'Andre Swift,CHI,NYJ,RB,NYJ@CHI,first_td,0.1489605374724516,571,0.594340118878544,0.11861553837252117,B,no game designation yet (Full),tgt_sh 9.4%; team att 29.1; opp DvP 0.99; RZ tgt 1; car_sh 46.4%; team rush 30.1; opp d_ypc 1.00; inside-10 car 10,0.9508674235277402,
D'Andre Swift,CHI,NYJ,RB,NYJ@CHI,last_td,0.1489605374724516,571,0.594340118878544,0.11861553837252117,B,no game designation yet (Full),tgt_sh 9.4%; team att 29.1; opp DvP 0.99; RZ tgt 1; car_sh 46.4%; team rush 30.1; opp d_ypc 1.00; inside-10 car 10,0.9508674235277402,
D'Andre Swift,CHI,NYJ,RB,NYJ@CHI,2plus_td,0.15922360738519803,528,0.594340118878544,0.11861553837252117,B,no game designation yet (Full),tgt_sh 9.4%; team att 29.1; opp DvP 0.99; RZ tgt 1; car_sh 46.4%; team rush 30.1; opp d_ypc 1.00; inside-10 car 10,0.9508674235277402,
Zavion Thomas,CHI,NYJ,WR,NYJ@CHI,anytime_td,0.01675,5870,0.0,0.0169,C,-,w_td 0.01; team TD 2.57,1.0,
Zavion Thomas,CHI,NYJ,WR,NYJ@CHI,first_td,0.0035010930735930733,28463,0.0,0.0169,C,-,w_td 0.01; team TD 2.57,1.0,
Zavion Thomas,CHI,NYJ,WR,NYJ@CHI,last_td,0.0035010930735930733,28463,0.0,0.0169,C,-,w_td 0.01; team TD 2.57,1.0,
Zavion Thomas,CHI,NYJ,WR,NYJ@CHI,2plus_td,0.00015,666567,0.0,0.0169,C,-,w_td 0.01; team TD 2.57,1.0,
Jahdae Walker,CHI,NYJ,WR,NYJ@CHI,anytime_td,0.0539,1755,0.0,0.05485,C,-,w_td 0.04; team TD 2.57,1.0,
Jahdae Walker,CHI,NYJ,WR,NYJ@CHI,first_td,0.011573221500721499,8541,0.0,0.05485,C,-,w_td 0.04; team TD 2.57,1.0,
Jahdae Walker,CHI,NYJ,WR,NYJ@CHI,last_td,0.011573221500721499,8541,0.0,0.05485,C,-,w_td 0.04; team TD 2.57,1.0,
Jahdae Walker,CHI,NYJ,WR,NYJ@CHI,2plus_td,0.00095,105163,0.0,0.05485,C,-,w_td 0.04; team TD 2.57,1.0,
Trevor Lawrence,JAX,CIN,QB,JAX@CIN,anytime_td,0.07735,1193,0.08015,0.0,B,-,team att 30.1; ypa 7.52; opp d_ypa 1.01; pass rate 52.6%,1.0,
Trevor Lawrence,JAX,CIN,QB,JAX@CIN,first_td,0.014145143051393052,6970,0.08015,0.0,B,-,team att 30.1; ypa 7.52; opp d_ypa 1.01; pass rate 52.6%,1.0,
Trevor Lawrence,JAX,CIN,QB,JAX@CIN,last_td,0.014145143051393052,6970,0.08015,0.0,B,-,team att 30.1; ypa 7.52; opp d_ypa 1.01; pass rate 52.6%,1.0,
Trevor Lawrence,JAX,CIN,QB,JAX@CIN,2plus_td,0.0028,35614,0.08015,0.0,B,-,team att 30.1; ypa 7.52; opp d_ypa 1.01; pass rate 52.6%,1.0,
Ameer Abdullah,JAX,CIN,RB,JAX@CIN,anytime_td,0.1556,543,0.07855,0.0892,C,-,tgt_sh 3.9%; team att 30.1; opp DvP 0.93; RZ tgt 1; car_sh 10.1%; team rush 28.9; opp d_ypc 1.05; inside-10 car 0,1.0,
Ameer Abdullah,JAX,CIN,RB,JAX@CIN,first_td,0.02900979895104895,3347,0.07855,0.0892,C,-,tgt_sh 3.9%; team att 30.1; opp DvP 0.93; RZ tgt 1; car_sh 10.1%; team rush 28.9; opp d_ypc 1.05; inside-10 car 0,1.0,
Ameer Abdullah,JAX,CIN,RB,JAX@CIN,last_td,0.02900979895104895,3347,0.07855,0.0892,C,-,tgt_sh 3.9%; team att 30.1; opp DvP 0.93; RZ tgt 1; car_sh 10.1%; team rush 28.9; opp d_ypc 1.05; inside-10 car 0,1.0,
Ameer Abdullah,JAX,CIN,RB,JAX@CIN,2plus_td,0.01155,8558,0.07855,0.0892,C,-,tgt_sh 3.9%; team att 30.1; opp DvP 0.93; RZ tgt 1; car_sh 10.1%; team rush 28.9; opp d_ypc 1.05; inside-10 car 0,1.0,
LeQuint Allen Jr.,JAX,CIN,RB,JAX@CIN,anytime_td,0.08403276875910941,1090,0.011559531587676534,0.07579032014876615,C,no game designation yet (Limited),w_td 0.05; team TD 2.72,0.9951309141019752,
LeQuint Allen Jr.,JAX,CIN,RB,JAX@CIN,first_td,0.01516746168955045,6493,0.011559531587676534,0.07579032014876615,C,no game designation yet (Limited),w_td 0.05; team TD 2.72,0.9951309141019752,
LeQuint Allen Jr.,JAX,CIN,RB,JAX@CIN,last_td,0.01516746168955045,6493,0.011559531587676534,0.07579032014876615,C,no game designation yet (Limited),w_td 0.05; team TD 2.72,0.9951309141019752,
LeQuint Allen Jr.,JAX,CIN,RB,JAX@CIN,2plus_td,0.0033170829773332662,30047,0.011559531587676534,0.07579032014876615,C,no game designation yet (Limited),w_td 0.05; team TD 2.72,0.9951309141019752,
Nate Boerkircher,JAX,CIN,TE,JAX@CIN,anytime_td,0.06548244692032794,1427,0.0,0.06763716628126971,C,no game designation yet (Full),w_td 0.04; team TD 2.72,0.9479829842591244,
Nate Boerkircher,JAX,CIN,TE,JAX@CIN,first_td,0.011582841019723508,8533,0.0,0.06763716628126971,C,no game designation yet (Full),w_td 0.04; team TD 2.72,0.9479829842591244,
Nate Boerkircher,JAX,CIN,TE,JAX@CIN,last_td,0.011582841019723508,8533,0.0,0.06763716628126971,C,no game designation yet (Full),w_td 0.04; team TD 2.72,0.9479829842591244,
Nate Boerkircher,JAX,CIN,TE,JAX@CIN,2plus_td,0.00215471936094177,46310,0.0,0.06763716628126971,C,no game designation yet (Full),w_td 0.04; team TD 2.72,0.9479829842591244,
Josh Cameron,JAX,CIN,WR,JAX@CIN,anytime_td,0.14035,613,0.0,0.15035,C,-,tgt_sh 5.5%; team att 30.1; opp DvP 0.99; RZ tgt 2,1.0,
Josh Cameron,JAX,CIN,WR,JAX@CIN,first_td,0.02569807650682651,3791,0.0,0.15035,C,-,tgt_sh 5.5%; team att 30.1; opp DvP 0.99; RZ tgt 2,1.0,
Josh Cameron,JAX,CIN,WR,JAX@CIN,last_td,0.02569807650682651,3791,0.0,0.15035,C,-,tgt_sh 5.5%; team att 30.1; opp DvP 0.99; RZ tgt 2,1.0,
Josh Cameron,JAX,CIN,WR,JAX@CIN,2plus_td,0.00945,10482,0.0,0.15035,C,-,tgt_sh 5.5%; team att 30.1; opp DvP 0.99; RZ tgt 2,1.0,
Jakobi Meyers,JAX,CIN,WR,JAX@CIN,anytime_td,0.28757172185081853,248,0.0060009475180291625,0.3267358003895352,C,no game designation yet (Full),tgt_sh 18.4%; team att 30.1; opp DvP 0.99; RZ tgt 2,0.9479829842591244,
Jakobi Meyers,JAX,CIN,WR,JAX@CIN,first_td,0.05668841271436418,1664,0.0060009475180291625,0.3267358003895352,C,no game designation yet (Full),tgt_sh 18.4%; team att 30.1; opp DvP 0.99; RZ tgt 2,0.9479829842591244,
Jakobi Meyers,JAX,CIN,WR,JAX@CIN,last_td,0.05668841271436418,1664,0.0060009475180291625,0.3267358003895352,C,no game designation yet (Full),tgt_sh 18.4%; team att 30.1; opp DvP 0.99; RZ tgt 2,0.9479829842591244,
Jakobi Meyers,JAX,CIN,WR,JAX@CIN,2plus_td,0.041638153392640945,2302,0.0060009475180291625,0.3267358003895352,C,no game designation yet (Full),tgt_sh 18.4%; team att 30.1; opp DvP 0.99; RZ tgt 2,0.9479829842591244,
Quintin Morris,JAX,CIN,TE,JAX@CIN,anytime_td,0.03485,2769,0.0,0.03555,C,-,w_td 0.02; team TD 2.72,1.0,
Quintin Morris,JAX,CIN,TE,JAX@CIN,first_td,0.006092709235209235,16313,0.0,0.03555,C,-,w_td 0.02; team TD 2.72,1.0,
Quintin Morris,JAX,CIN,TE,JAX@CIN,last_td,0.006092709235209235,16313,0.0,0.03555,C,-,w_td 0.02; team TD 2.72,1.0,
Quintin Morris,JAX,CIN,TE,JAX@CIN,2plus_td,0.0007,142757,0.0,0.03555,C,-,w_td 0.02; team TD 2.72,1.0,
Chris Rodriguez Jr.,JAX,CIN,RB,JAX@CIN,anytime_td,0.23835,320,0.2619,0.00685,B,-,car_sh 23.4%; team rush 28.9; opp d_ypc 1.05; inside-10 car 3,1.0,
Chris Rodriguez Jr.,JAX,CIN,RB,JAX@CIN,first_td,0.04685445304695304,2034,0.2619,0.00685,B,-,car_sh 23.4%; team rush 28.9; opp d_ypc 1.05; inside-10 car 3,1.0,
Chris Rodriguez Jr.,JAX,CIN,RB,JAX@CIN,last_td,0.04685445304695304,2034,0.2619,0.00685,B,-,car_sh 23.4%; team rush 28.9; opp d_ypc 1.05; inside-10 car 3,1.0,
Chris Rodriguez Jr.,JAX,CIN,RB,JAX@CIN,2plus_td,0.02825,3440,0.2619,0.00685,B,-,car_sh 23.4%; team rush 28.9; opp d_ypc 1.05; inside-10 car 3,1.0,
Brenton Strange,JAX,CIN,TE,JAX@CIN,anytime_td,0.2334,328,0.0,0.2638,C,-,tgt_sh 15.4%; team att 30.1; opp DvP 0.85; RZ tgt 2,1.0,
Brenton Strange,JAX,CIN,TE,JAX@CIN,first_td,0.04498078046953047,2123,0.0,0.2638,C,-,tgt_sh 15.4%; team att 30.1; opp DvP 0.85; RZ tgt 2,1.0,
Brenton Strange,JAX,CIN,TE,JAX@CIN,last_td,0.04498078046953047,2123,0.0,0.2638,C,-,tgt_sh 15.4%; team att 30.1; opp DvP 0.85; RZ tgt 2,1.0,
Brenton Strange,JAX,CIN,TE,JAX@CIN,2plus_td,0.0287,3384,0.0,0.2638,C,-,tgt_sh 15.4%; team att 30.1; opp DvP 0.85; RZ tgt 2,1.0,
Brian Thomas Jr.,JAX,CIN,WR,JAX@CIN,anytime_td,0.2194,356,0.0,0.2455,C,-,tgt_sh 17.8%; team att 30.1; opp DvP 0.99; RZ tgt 0,1.0,
Brian Thomas Jr.,JAX,CIN,WR,JAX@CIN,first_td,0.042008578227328223,2280,0.0,0.2455,C,-,tgt_sh 17.8%; team att 30.1; opp DvP 0.99; RZ tgt 0,1.0,
Brian Thomas Jr.,JAX,CIN,WR,JAX@CIN,last_td,0.042008578227328223,2280,0.0,0.2455,C,-,tgt_sh 17.8%; team att 30.1; opp DvP 0.99; RZ tgt 0,1.0,
Brian Thomas Jr.,JAX,CIN,WR,JAX@CIN,2plus_td,0.0248,3932,0.0,0.2455,C,-,tgt_sh 17.8%; team att 30.1; opp DvP 0.99; RZ tgt 0,1.0,
Bhayshul Tuten,JAX,CIN,RB,JAX@CIN,anytime_td,0.40365,148,0.3956,0.11,B,-,tgt_sh 5.4%; team att 30.1; opp DvP 0.93; RZ tgt 1; car_sh 43.2%; team rush 28.9; opp d_ypc 1.05; inside-10 car 2,1.0,
Bhayshul Tuten,JAX,CIN,RB,JAX@CIN,first_td,0.08794167776667776,1037,0.3956,0.11,B,-,tgt_sh 5.4%; team att 30.1; opp DvP 0.93; RZ tgt 1; car_sh 43.2%; team rush 28.9; opp d_ypc 1.05; inside-10 car 2,1.0,
Bhayshul Tuten,JAX,CIN,RB,JAX@CIN,last_td,0.08794167776667776,1037,0.3956,0.11,B,-,tgt_sh 5.4%; team att 30.1; opp DvP 0.93; RZ tgt 1; car_sh 43.2%; team rush 28.9; opp d_ypc 1.05; inside-10 car 2,1.0,
Bhayshul Tuten,JAX,CIN,RB,JAX@CIN,2plus_td,0.0882,1034,0.3956,0.11,B,-,tgt_sh 5.4%; team att 30.1; opp DvP 0.93; RZ tgt 1; car_sh 43.2%; team rush 28.9; opp d_ypc 1.05; inside-10 car 2,1.0,
Parker Washington,JAX,CIN,WR,JAX@CIN,anytime_td,0.3634,175,0.0,0.4444,B,-,tgt_sh 23.5%; team att 30.1; opp DvP 0.99; RZ tgt 3,1.0,
Parker Washington,JAX,CIN,WR,JAX@CIN,first_td,0.07569116688866688,1221,0.0,0.4444,B,-,tgt_sh 23.5%; team att 30.1; opp DvP 0.99; RZ tgt 3,1.0,
Parker Washington,JAX,CIN,WR,JAX@CIN,last_td,0.07569116688866688,1221,0.0,0.4444,B,-,tgt_sh 23.5%; team att 30.1; opp DvP 0.99; RZ tgt 3,1.0,
Parker Washington,JAX,CIN,WR,JAX@CIN,2plus_td,0.07215,1286,0.0,0.4444,B,-,tgt_sh 23.5%; team att 30.1; opp DvP 0.99; RZ tgt 3,1.0,
Joe Burrow,CIN,JAX,QB,JAX@CIN,anytime_td,0.04795,1986,0.04895,0.0,B,-,team att 33.2; ypa 7.91; opp d_ypa 1.10; pass rate 59.5%,1.0,
Joe Burrow,CIN,JAX,QB,JAX@CIN,first_td,0.008384964341214341,11826,0.04895,0.0,B,-,team att 33.2; ypa 7.91; opp d_ypa 1.10; pass rate 59.5%,1.0,
Joe Burrow,CIN,JAX,QB,JAX@CIN,last_td,0.008384964341214341,11826,0.04895,0.0,B,-,team att 33.2; ypa 7.91; opp d_ypa 1.10; pass rate 59.5%,1.0,
Joe Burrow,CIN,JAX,QB,JAX@CIN,2plus_td,0.001,99900,0.04895,0.0,B,-,team att 33.2; ypa 7.91; opp d_ypa 1.10; pass rate 59.5%,1.0,
Erick All,CIN,JAX,TE,JAX@CIN,anytime_td,0.03895,2467,0.0,0.03975,C,-,w_td 0.02; team TD 2.83,1.0,
Erick All,CIN,JAX,TE,JAX@CIN,first_td,0.00693587481962482,14318,0.0,0.03975,C,-,w_td 0.02; team TD 2.83,1.0,
Erick All,CIN,JAX,TE,JAX@CIN,last_td,0.00693587481962482,14318,0.0,0.03975,C,-,w_td 0.02; team TD 2.83,1.0,
Erick All,CIN,JAX,TE,JAX@CIN,2plus_td,0.0008,124900,0.0,0.03975,C,-,w_td 0.02; team TD 2.83,1.0,
Tahj Brooks,CIN,JAX,RB,JAX@CIN,anytime_td,0.0262,3717,0.01965,0.0068,C,-,w_td 0.03; team TD 2.83,1.0,
Tahj Brooks,CIN,JAX,RB,JAX@CIN,first_td,0.004634518398268398,21477,0.01965,0.0068,C,-,w_td 0.03; team TD 2.83,1.0,
Tahj Brooks,CIN,JAX,RB,JAX@CIN,last_td,0.004634518398268398,21477,0.01965,0.0068,C,-,w_td 0.03; team TD 2.83,1.0,
Tahj Brooks,CIN,JAX,RB,JAX@CIN,2plus_td,0.00025,399900,0.01965,0.0068,C,-,w_td 0.03; team TD 2.83,1.0,
Chase Brown,CIN,JAX,RB,JAX@CIN,anytime_td,0.5628,-129,0.53125,0.26735,B,-,tgt_sh 12.7%; team att 33.2; opp DvP 0.98; RZ tgt 1; car_sh 64.7%; team rush 24.2; opp d_ypc 0.94; inside-10 car 3,1.0,
Chase Brown,CIN,JAX,RB,JAX@CIN,first_td,0.13940805513930513,617,0.53125,0.26735,B,-,tgt_sh 12.7%; team att 33.2; opp DvP 0.98; RZ tgt 1; car_sh 64.7%; team rush 24.2; opp d_ypc 0.94; inside-10 car 3,1.0,
Chase Brown,CIN,JAX,RB,JAX@CIN,last_td,0.13940805513930513,617,0.53125,0.26735,B,-,tgt_sh 12.7%; team att 33.2; opp DvP 0.98; RZ tgt 1; car_sh 64.7%; team rush 24.2; opp d_ypc 0.94; inside-10 car 3,1.0,
Chase Brown,CIN,JAX,RB,JAX@CIN,2plus_td,0.18805,432,0.53125,0.26735,B,-,tgt_sh 12.7%; team att 33.2; opp DvP 0.98; RZ tgt 1; car_sh 64.7%; team rush 24.2; opp d_ypc 0.94; inside-10 car 3,1.0,
Ja'Marr Chase,CIN,JAX,WR,JAX@CIN,anytime_td,0.49165,103,0.0,0.6478,B,-,tgt_sh 26.5%; team att 33.2; opp DvP 0.98; RZ tgt 4,1.0,
Ja'Marr Chase,CIN,JAX,WR,JAX@CIN,first_td,0.11214815281940282,792,0.0,0.6478,B,-,tgt_sh 26.5%; team att 33.2; opp DvP 0.98; RZ tgt 4,1.0,
Ja'Marr Chase,CIN,JAX,WR,JAX@CIN,last_td,0.11214815281940282,792,0.0,0.6478,B,-,tgt_sh 26.5%; team att 33.2; opp DvP 0.98; RZ tgt 4,1.0,
Ja'Marr Chase,CIN,JAX,WR,JAX@CIN,2plus_td,0.13135,661,0.0,0.6478,B,-,tgt_sh 26.5%; team att 33.2; opp DvP 0.98; RZ tgt 4,1.0,
Mike Gesicki,CIN,JAX,TE,JAX@CIN,anytime_td,0.2711,269,0.0,0.3114,C,-,tgt_sh 11.1%; team att 33.2; opp DvP 1.12; RZ tgt 2,1.0,
Mike Gesicki,CIN,JAX,TE,JAX@CIN,first_td,0.053524119907869906,1768,0.0,0.3114,C,-,tgt_sh 11.1%; team att 33.2; opp DvP 1.12; RZ tgt 2,1.0,
Mike Gesicki,CIN,JAX,TE,JAX@CIN,last_td,0.053524119907869906,1768,0.0,0.3114,C,-,tgt_sh 11.1%; team att 33.2; opp DvP 1.12; RZ tgt 2,1.0,
Mike Gesicki,CIN,JAX,TE,JAX@CIN,2plus_td,0.03735,2577,0.0,0.3114,C,-,tgt_sh 11.1%; team att 33.2; opp DvP 1.12; RZ tgt 2,1.0,
Tee Higgins,CIN,JAX,WR,JAX@CIN,anytime_td,0.31725,215,0.0,0.3784,B,-,tgt_sh 19.0%; team att 33.2; opp DvP 0.98; RZ tgt 1,1.0,
Tee Higgins,CIN,JAX,WR,JAX@CIN,first_td,0.06491792402042401,1440,0.0,0.3784,B,-,tgt_sh 19.0%; team att 33.2; opp DvP 0.98; RZ tgt 1,1.0,
Tee Higgins,CIN,JAX,WR,JAX@CIN,last_td,0.06491792402042401,1440,0.0,0.3784,B,-,tgt_sh 19.0%; team att 33.2; opp DvP 0.98; RZ tgt 1,1.0,
Tee Higgins,CIN,JAX,WR,JAX@CIN,2plus_td,0.0548,1725,0.0,0.3784,B,-,tgt_sh 19.0%; team att 33.2; opp DvP 0.98; RZ tgt 1,1.0,
Tanner Hudson,CIN,JAX,TE,JAX@CIN,anytime_td,0.06555,1426,0.0,0.0673,C,-,tgt_sh 3.7%; team att 33.2; opp DvP 1.12; RZ tgt 0,1.0,
Tanner Hudson,CIN,JAX,TE,JAX@CIN,first_td,0.011351616716616716,8709,0.0,0.0673,C,-,tgt_sh 3.7%; team att 33.2; opp DvP 1.12; RZ tgt 0,1.0,
Tanner Hudson,CIN,JAX,TE,JAX@CIN,last_td,0.011351616716616716,8709,0.0,0.0673,C,-,tgt_sh 3.7%; team att 33.2; opp DvP 1.12; RZ tgt 0,1.0,
Tanner Hudson,CIN,JAX,TE,JAX@CIN,2plus_td,0.00175,57043,0.0,0.0673,C,-,tgt_sh 3.7%; team att 33.2; opp DvP 1.12; RZ tgt 0,1.0,
Dohnte Meyers,CIN,JAX,WR,JAX@CIN,anytime_td,0.0996,904,0.0066,0.09825,C,-,tgt_sh 5.6%; team att 33.2; opp DvP 0.98; RZ tgt 0,1.0,
Dohnte Meyers,CIN,JAX,WR,JAX@CIN,first_td,0.018082050449550448,5430,0.0066,0.09825,C,-,tgt_sh 5.6%; team att 33.2; opp DvP 0.98; RZ tgt 0,1.0,
Dohnte Meyers,CIN,JAX,WR,JAX@CIN,last_td,0.018082050449550448,5430,0.0066,0.09825,C,-,tgt_sh 5.6%; team att 33.2; opp DvP 0.98; RZ tgt 0,1.0,
Dohnte Meyers,CIN,JAX,WR,JAX@CIN,2plus_td,0.00515,19317,0.0066,0.09825,C,-,tgt_sh 5.6%; team att 33.2; opp DvP 0.98; RZ tgt 0,1.0,
Samaje Perine,CIN,JAX,RB,JAX@CIN,anytime_td,0.2401,316,0.1706,0.09875,B,-,tgt_sh 5.7%; team att 33.2; opp DvP 0.98; RZ tgt 0; car_sh 20.6%; team rush 24.2; opp d_ypc 0.94; inside-10 car 1,1.0,
Samaje Perine,CIN,JAX,RB,JAX@CIN,first_td,0.046937373182373184,2030,0.1706,0.09875,B,-,tgt_sh 5.7%; team att 33.2; opp DvP 0.98; RZ tgt 0; car_sh 20.6%; team rush 24.2; opp d_ypc 0.94; inside-10 car 1,1.0,
Samaje Perine,CIN,JAX,RB,JAX@CIN,last_td,0.046937373182373184,2030,0.1706,0.09875,B,-,tgt_sh 5.7%; team att 33.2; opp DvP 0.98; RZ tgt 0; car_sh 20.6%; team rush 24.2; opp d_ypc 0.94; inside-10 car 1,1.0,
Samaje Perine,CIN,JAX,RB,JAX@CIN,2plus_td,0.0273,3563,0.1706,0.09875,B,-,tgt_sh 5.7%; team att 33.2; opp DvP 0.98; RZ tgt 0; car_sh 20.6%; team rush 24.2; opp d_ypc 0.94; inside-10 car 1,1.0,
Drew Sample,CIN,JAX,TE,JAX@CIN,anytime_td,0.1158,764,0.0,0.1225,C,-,tgt_sh 3.7%; team att 33.2; opp DvP 1.12; RZ tgt 1,1.0,
Drew Sample,CIN,JAX,TE,JAX@CIN,first_td,0.020907391636141633,4683,0.0,0.1225,C,-,tgt_sh 3.7%; team att 33.2; opp DvP 1.12; RZ tgt 1,1.0,
Drew Sample,CIN,JAX,TE,JAX@CIN,last_td,0.020907391636141633,4683,0.0,0.1225,C,-,tgt_sh 3.7%; team att 33.2; opp DvP 1.12; RZ tgt 1,1.0,
Drew Sample,CIN,JAX,TE,JAX@CIN,2plus_td,0.0064,15525,0.0,0.1225,C,-,tgt_sh 3.7%; team att 33.2; opp DvP 1.12; RZ tgt 1,1.0,
Dak Prescott,DAL,HOU,QB,DAL@HOU,anytime_td,0.07945,1159,0.08185,0.0,B,-,team att 34.8; ypa 7.53; opp d_ypa 1.06; pass rate 60.2%,1.0,
Dak Prescott,DAL,HOU,QB,DAL@HOU,first_td,0.014852956904206906,6633,0.08185,0.0,B,-,team att 34.8; ypa 7.53; opp d_ypa 1.06; pass rate 60.2%,1.0,
Dak Prescott,DAL,HOU,QB,DAL@HOU,last_td,0.014852956904206906,6633,0.08185,0.0,B,-,team att 34.8; ypa 7.53; opp d_ypa 1.06; pass rate 60.2%,1.0,
Dak Prescott,DAL,HOU,QB,DAL@HOU,2plus_td,0.00235,42453,0.08185,0.0,B,-,team att 34.8; ypa 7.53; opp d_ypa 1.06; pass rate 60.2%,1.0,
Jake Ferguson,DAL,HOU,TE,DAL@HOU,anytime_td,0.2298,335,0.0,0.2584,B,-,tgt_sh 12.9%; team att 34.8; opp DvP 1.08; RZ tgt 4,1.0,
Jake Ferguson,DAL,HOU,TE,DAL@HOU,first_td,0.04668336385836386,2042,0.0,0.2584,B,-,tgt_sh 12.9%; team att 34.8; opp DvP 1.08; RZ tgt 4,1.0,
Jake Ferguson,DAL,HOU,TE,DAL@HOU,last_td,0.04668336385836386,2042,0.0,0.2584,B,-,tgt_sh 12.9%; team att 34.8; opp DvP 1.08; RZ tgt 4,1.0,
Jake Ferguson,DAL,HOU,TE,DAL@HOU,2plus_td,0.0269,3617,0.0,0.2584,B,-,tgt_sh 12.9%; team att 34.8; opp DvP 1.08; RZ tgt 4,1.0,
Ryan Flournoy,DAL,HOU,WR,DAL@HOU,anytime_td,0.23085,333,0.0,0.25805,B,-,tgt_sh 13.7%; team att 34.8; opp DvP 0.97; RZ tgt 4,1.0,
Ryan Flournoy,DAL,HOU,WR,DAL@HOU,first_td,0.04594897227772227,2076,0.0,0.25805,B,-,tgt_sh 13.7%; team att 34.8; opp DvP 0.97; RZ tgt 4,1.0,
Ryan Flournoy,DAL,HOU,WR,DAL@HOU,last_td,0.04594897227772227,2076,0.0,0.25805,B,-,tgt_sh 13.7%; team att 34.8; opp DvP 0.97; RZ tgt 4,1.0,
Ryan Flournoy,DAL,HOU,WR,DAL@HOU,2plus_td,0.0254,3837,0.0,0.25805,B,-,tgt_sh 13.7%; team att 34.8; opp DvP 0.97; RZ tgt 4,1.0,
Tyler Goodson,DAL,HOU,RB,DAL@HOU,anytime_td,0.1175,751,0.1021,0.0224,C,-,car_sh 15.5%; team rush 24.2; opp d_ypc 0.92; inside-10 car 0,1.0,
Tyler Goodson,DAL,HOU,RB,DAL@HOU,first_td,0.022011749639249636,4443,0.1021,0.0224,C,-,car_sh 15.5%; team rush 24.2; opp d_ypc 0.92; inside-10 car 0,1.0,
Tyler Goodson,DAL,HOU,RB,DAL@HOU,last_td,0.022011749639249636,4443,0.1021,0.0224,C,-,car_sh 15.5%; team rush 24.2; opp d_ypc 0.92; inside-10 car 0,1.0,
Tyler Goodson,DAL,HOU,RB,DAL@HOU,2plus_td,0.0069,14393,0.1021,0.0224,C,-,car_sh 15.5%; team rush 24.2; opp d_ypc 0.92; inside-10 car 0,1.0,
CeeDee Lamb,DAL,HOU,WR,DAL@HOU,anytime_td,0.30645,226,0.00695,0.3512,B,-,tgt_sh 23.5%; team att 34.8; opp DvP 0.97; RZ tgt 3,1.0,
CeeDee Lamb,DAL,HOU,WR,DAL@HOU,first_td,0.06415890484515485,1459,0.00695,0.3512,B,-,tgt_sh 23.5%; team att 34.8; opp DvP 0.97; RZ tgt 3,1.0,
CeeDee Lamb,DAL,HOU,WR,DAL@HOU,last_td,0.06415890484515485,1459,0.00695,0.3512,B,-,tgt_sh 23.5%; team att 34.8; opp DvP 0.97; RZ tgt 3,1.0,
CeeDee Lamb,DAL,HOU,WR,DAL@HOU,2plus_td,0.0466,2046,0.00695,0.3512,B,-,tgt_sh 23.5%; team att 34.8; opp DvP 0.97; RZ tgt 3,1.0,
Hunter Luepke,DAL,HOU,RB,DAL@HOU,anytime_td,0.0357,2701,0.02165,0.0145,C,-,w_td 0.04; team TD 2.35,1.0,
Hunter Luepke,DAL,HOU,RB,DAL@HOU,first_td,0.006600472582972583,15050,0.02165,0.0145,C,-,w_td 0.04; team TD 2.35,1.0,
Hunter Luepke,DAL,HOU,RB,DAL@HOU,last_td,0.006600472582972583,15050,0.02165,0.0145,C,-,w_td 0.04; team TD 2.35,1.0,
Hunter Luepke,DAL,HOU,RB,DAL@HOU,2plus_td,0.00045,222122,0.02165,0.0145,C,-,w_td 0.04; team TD 2.35,1.0,
Jonathan Mingo,DAL,HOU,WR,DAL@HOU,anytime_td,0.02155,4540,0.0,0.0217,C,-,w_td 0.02; team TD 2.35,1.0,
Jonathan Mingo,DAL,HOU,WR,DAL@HOU,first_td,0.003860781024531024,25801,0.0,0.0217,C,-,w_td 0.02; team TD 2.35,1.0,
Jonathan Mingo,DAL,HOU,WR,DAL@HOU,last_td,0.003860781024531024,25801,0.0,0.0217,C,-,w_td 0.02; team TD 2.35,1.0,
Jonathan Mingo,DAL,HOU,WR,DAL@HOU,2plus_td,0.00015,666567,0.0,0.0217,C,-,w_td 0.02; team TD 2.35,1.0,
George Pickens,DAL,HOU,WR,DAL@HOU,anytime_td,0.2817,255,0.0,0.32385,B,-,tgt_sh 21.9%; team att 34.8; opp DvP 0.97; RZ tgt 3,1.0,
George Pickens,DAL,HOU,WR,DAL@HOU,first_td,0.058107233322233325,1621,0.0,0.32385,B,-,tgt_sh 21.9%; team att 34.8; opp DvP 0.97; RZ tgt 3,1.0,
George Pickens,DAL,HOU,WR,DAL@HOU,last_td,0.058107233322233325,1621,0.0,0.32385,B,-,tgt_sh 21.9%; team att 34.8; opp DvP 0.97; RZ tgt 3,1.0,
George Pickens,DAL,HOU,WR,DAL@HOU,2plus_td,0.03865,2487,0.0,0.32385,B,-,tgt_sh 21.9%; team att 34.8; opp DvP 0.97; RZ tgt 3,1.0,
Luke Schoonmaker,DAL,HOU,TE,DAL@HOU,anytime_td,0.0315,3075,0.0,0.03195,C,-,w_td 0.02; team TD 2.35,1.0,
Luke Schoonmaker,DAL,HOU,TE,DAL@HOU,first_td,0.0058065259740259735,17122,0.0,0.03195,C,-,w_td 0.02; team TD 2.35,1.0,
Luke Schoonmaker,DAL,HOU,TE,DAL@HOU,last_td,0.0058065259740259735,17122,0.0,0.03195,C,-,w_td 0.02; team TD 2.35,1.0,
Luke Schoonmaker,DAL,HOU,TE,DAL@HOU,2plus_td,0.00045,222122,0.0,0.03195,C,-,w_td 0.02; team TD 2.35,1.0,
Brevyn Spann-Ford,DAL,HOU,TE,DAL@HOU,anytime_td,0.03905,2461,0.0,0.03955,C,-,tgt_sh 3.3%; team att 34.8; opp DvP 1.08; RZ tgt 0,1.0,
Brevyn Spann-Ford,DAL,HOU,TE,DAL@HOU,first_td,0.007169177489177488,13849,0.0,0.03955,C,-,tgt_sh 3.3%; team att 34.8; opp DvP 1.08; RZ tgt 0,1.0,
Brevyn Spann-Ford,DAL,HOU,TE,DAL@HOU,last_td,0.007169177489177488,13849,0.0,0.03955,C,-,tgt_sh 3.3%; team att 34.8; opp DvP 1.08; RZ tgt 0,1.0,
Brevyn Spann-Ford,DAL,HOU,TE,DAL@HOU,2plus_td,0.0005,199900,0.0,0.03955,C,-,tgt_sh 3.3%; team att 34.8; opp DvP 1.08; RZ tgt 0,1.0,
KaVontae Turpin,DAL,HOU,WR,DAL@HOU,anytime_td,0.1015,885,0.02735,0.07925,C,-,tgt_sh 4.8%; team att 34.8; opp DvP 0.97; RZ tgt 1,1.0,
KaVontae Turpin,DAL,HOU,WR,DAL@HOU,first_td,0.01914701465201465,5123,0.02735,0.07925,C,-,tgt_sh 4.8%; team att 34.8; opp DvP 0.97; RZ tgt 1,1.0,
KaVontae Turpin,DAL,HOU,WR,DAL@HOU,last_td,0.01914701465201465,5123,0.02735,0.07925,C,-,tgt_sh 4.8%; team att 34.8; opp DvP 0.97; RZ tgt 1,1.0,
KaVontae Turpin,DAL,HOU,WR,DAL@HOU,2plus_td,0.00475,20953,0.02735,0.07925,C,-,tgt_sh 4.8%; team att 34.8; opp DvP 0.97; RZ tgt 1,1.0,
Javonte Williams,DAL,HOU,RB,DAL@HOU,anytime_td,0.52135,-109,0.4976,0.20725,B,-,tgt_sh 10.4%; team att 34.8; opp DvP 1.06; RZ tgt 3; car_sh 54.2%; team rush 24.2; opp d_ypc 0.92; inside-10 car 7,1.0,
Javonte Williams,DAL,HOU,RB,DAL@HOU,first_td,0.12755714799089798,684,0.4976,0.20725,B,-,tgt_sh 10.4%; team att 34.8; opp DvP 1.06; RZ tgt 3; car_sh 54.2%; team rush 24.2; opp d_ypc 0.92; inside-10 car 7,1.0,
Javonte Williams,DAL,HOU,RB,DAL@HOU,last_td,0.12755714799089798,684,0.4976,0.20725,B,-,tgt_sh 10.4%; team att 34.8; opp DvP 1.06; RZ tgt 3; car_sh 54.2%; team rush 24.2; opp d_ypc 0.92; inside-10 car 7,1.0,
Javonte Williams,DAL,HOU,RB,DAL@HOU,2plus_td,0.15115,562,0.4976,0.20725,B,-,tgt_sh 10.4%; team att 34.8; opp DvP 1.06; RZ tgt 3; car_sh 54.2%; team rush 24.2; opp d_ypc 0.92; inside-10 car 7,1.0,
C.J. Stroud,HOU,DAL,QB,DAL@HOU,anytime_td,0.09055,1004,0.0939,0.0,B,-,team att 36.9; ypa 7.04; opp d_ypa 1.02; pass rate 61.6%,1.0,
C.J. Stroud,HOU,DAL,QB,DAL@HOU,first_td,0.01739687520812521,5648,0.0939,0.0,B,-,team att 36.9; ypa 7.04; opp d_ypa 1.02; pass rate 61.6%,1.0,
C.J. Stroud,HOU,DAL,QB,DAL@HOU,last_td,0.01739687520812521,5648,0.0939,0.0,B,-,team att 36.9; ypa 7.04; opp d_ypa 1.02; pass rate 61.6%,1.0,
C.J. Stroud,HOU,DAL,QB,DAL@HOU,2plus_td,0.0033,30203,0.0939,0.0,B,-,team att 36.9; ypa 7.04; opp d_ypa 1.02; pass rate 61.6%,1.0,
Lewis Bond,HOU,DAL,WR,DAL@HOU,anytime_td,0.02535,3845,0.0,0.0256,C,-,w_td 0.02; team TD 2.92,1.0,
Lewis Bond,HOU,DAL,WR,DAL@HOU,first_td,0.004625589826839827,21519,0.0,0.0256,C,-,w_td 0.02; team TD 2.92,1.0,
Lewis Bond,HOU,DAL,WR,DAL@HOU,last_td,0.004625589826839827,21519,0.0,0.0256,C,-,w_td 0.02; team TD 2.92,1.0,
Lewis Bond,HOU,DAL,WR,DAL@HOU,2plus_td,0.0002,499900,0.0,0.0256,C,-,w_td 0.02; team TD 2.92,1.0,
Kayshon Boutte,HOU,DAL,WR,DAL@HOU,anytime_td,0.1685,493,0.0,0.18345,C,-,tgt_sh 7.4%; team att 36.9; opp DvP 1.09; RZ tgt 2,1.0,
Kayshon Boutte,HOU,DAL,WR,DAL@HOU,first_td,0.03345408660783661,2889,0.0,0.18345,C,-,tgt_sh 7.4%; team att 36.9; opp DvP 1.09; RZ tgt 2,1.0,
Kayshon Boutte,HOU,DAL,WR,DAL@HOU,last_td,0.03345408660783661,2889,0.0,0.18345,C,-,tgt_sh 7.4%; team att 36.9; opp DvP 1.09; RZ tgt 2,1.0,
Kayshon Boutte,HOU,DAL,WR,DAL@HOU,2plus_td,0.0143,6893,0.0,0.18345,C,-,tgt_sh 7.4%; team att 36.9; opp DvP 1.09; RZ tgt 2,1.0,
Nico Collins,HOU,DAL,WR,DAL@HOU,anytime_td,0.33178971741304003,201,0.011050886702099668,0.3866231647634584,C,no game designation yet (Full),tgt_sh 21.8%; team att 36.9; opp DvP 1.09; RZ tgt 2,0.9479829842591244,
Nico Collins,HOU,DAL,WR,DAL@HOU,first_td,0.07242985618636832,1281,0.011050886702099668,0.3866231647634584,C,no game designation yet (Full),tgt_sh 21.8%; team att 36.9; opp DvP 1.09; RZ tgt 2,0.9479829842591244,
Nico Collins,HOU,DAL,WR,DAL@HOU,last_td,0.07242985618636832,1281,0.011050886702099668,0.3866231647634584,C,no game designation yet (Full),tgt_sh 21.8%; team att 36.9; opp DvP 1.09; RZ tgt 2,0.9479829842591244,
Nico Collins,HOU,DAL,WR,DAL@HOU,2plus_td,0.058517076251118245,1609,0.011050886702099668,0.3866231647634584,C,no game designation yet (Full),tgt_sh 21.8%; team att 36.9; opp DvP 1.09; RZ tgt 2,0.9479829842591244,
Xavier Hutchinson,HOU,DAL,WR,DAL@HOU,anytime_td,0.21985,355,0.01645,0.22705,B,-,tgt_sh 12.9%; team att 36.9; opp DvP 1.09; RZ tgt 1,1.0,
Xavier Hutchinson,HOU,DAL,WR,DAL@HOU,first_td,0.044011910034410025,2172,0.01645,0.22705,B,-,tgt_sh 12.9%; team att 36.9; opp DvP 1.09; RZ tgt 1,1.0,
Xavier Hutchinson,HOU,DAL,WR,DAL@HOU,last_td,0.044011910034410025,2172,0.01645,0.22705,B,-,tgt_sh 12.9%; team att 36.9; opp DvP 1.09; RZ tgt 1,1.0,
Xavier Hutchinson,HOU,DAL,WR,DAL@HOU,2plus_td,0.02225,4394,0.01645,0.22705,B,-,tgt_sh 12.9%; team att 36.9; opp DvP 1.09; RZ tgt 1,1.0,
Woody Marks,HOU,DAL,RB,DAL@HOU,anytime_td,0.4089,145,0.37885,0.1345,B,-,tgt_sh 5.2%; team att 36.9; opp DvP 0.84; RZ tgt 2; car_sh 32.5%; team rush 24.3; opp d_ypc 1.11; inside-10 car 2,1.0,
Woody Marks,HOU,DAL,RB,DAL@HOU,first_td,0.09447962454212454,958,0.37885,0.1345,B,-,tgt_sh 5.2%; team att 36.9; opp DvP 0.84; RZ tgt 2; car_sh 32.5%; team rush 24.3; opp d_ypc 1.11; inside-10 car 2,1.0,
Woody Marks,HOU,DAL,RB,DAL@HOU,last_td,0.09447962454212454,958,0.37885,0.1345,B,-,tgt_sh 5.2%; team att 36.9; opp DvP 0.84; RZ tgt 2; car_sh 32.5%; team rush 24.3; opp d_ypc 1.11; inside-10 car 2,1.0,
Woody Marks,HOU,DAL,RB,DAL@HOU,2plus_td,0.092,987,0.37885,0.1345,B,-,tgt_sh 5.2%; team att 36.9; opp DvP 0.84; RZ tgt 2; car_sh 32.5%; team rush 24.3; opp d_ypc 1.11; inside-10 car 2,1.0,
David Montgomery,HOU,DAL,RB,DAL@HOU,anytime_td,0.5051,-102,0.5847,0.09625,B,-,tgt_sh 4.7%; team att 36.9; opp DvP 0.84; RZ tgt 1; car_sh 48.1%; team rush 24.3; opp d_ypc 1.11; inside-10 car 4,1.0,
David Montgomery,HOU,DAL,RB,DAL@HOU,first_td,0.1250230155955156,700,0.5847,0.09625,B,-,tgt_sh 4.7%; team att 36.9; opp DvP 0.84; RZ tgt 1; car_sh 48.1%; team rush 24.3; opp d_ypc 1.11; inside-10 car 4,1.0,
David Montgomery,HOU,DAL,RB,DAL@HOU,last_td,0.1250230155955156,700,0.5847,0.09625,B,-,tgt_sh 4.7%; team att 36.9; opp DvP 0.84; RZ tgt 1; car_sh 48.1%; team rush 24.3; opp d_ypc 1.11; inside-10 car 4,1.0,
David Montgomery,HOU,DAL,RB,DAL@HOU,2plus_td,0.1447,591,0.5847,0.09625,B,-,tgt_sh 4.7%; team att 36.9; opp DvP 0.84; RZ tgt 1; car_sh 48.1%; team rush 24.3; opp d_ypc 1.11; inside-10 car 4,1.0,
Foster Moreau,HOU,DAL,TE,DAL@HOU,anytime_td,0.15965,526,0.0,0.17315,C,-,tgt_sh 6.8%; team att 36.9; opp DvP 1.00; RZ tgt 2,1.0,
Foster Moreau,HOU,DAL,TE,DAL@HOU,first_td,0.031606086413586414,3064,0.0,0.17315,C,-,tgt_sh 6.8%; team att 36.9; opp DvP 1.00; RZ tgt 2,1.0,
Foster Moreau,HOU,DAL,TE,DAL@HOU,last_td,0.031606086413586414,3064,0.0,0.17315,C,-,tgt_sh 6.8%; team att 36.9; opp DvP 1.00; RZ tgt 2,1.0,
Foster Moreau,HOU,DAL,TE,DAL@HOU,2plus_td,0.0126,7837,0.0,0.17315,C,-,tgt_sh 6.8%; team att 36.9; opp DvP 1.00; RZ tgt 2,1.0,
Jaylin Noel,HOU,DAL,WR,DAL@HOU,anytime_td,0.0976,925,0.0162,0.0854,C,-,tgt_sh 5.6%; team att 36.9; opp DvP 1.09; RZ tgt 0,1.0,
Jaylin Noel,HOU,DAL,WR,DAL@HOU,first_td,0.018547810800310798,5291,0.0162,0.0854,C,-,tgt_sh 5.6%; team att 36.9; opp DvP 1.09; RZ tgt 0,1.0,
Jaylin Noel,HOU,DAL,WR,DAL@HOU,last_td,0.018547810800310798,5291,0.0162,0.0854,C,-,tgt_sh 5.6%; team att 36.9; opp DvP 1.09; RZ tgt 0,1.0,
Jaylin Noel,HOU,DAL,WR,DAL@HOU,2plus_td,0.00395,25216,0.0162,0.0854,C,-,tgt_sh 5.6%; team att 36.9; opp DvP 1.09; RZ tgt 0,1.0,
Dalton Schultz,HOU,DAL,TE,DAL@HOU,anytime_td,0.2602568117757595,284,0.0,0.2998225284476459,B,no game designation yet (Limited),tgt_sh 18.8%; team att 36.9; opp DvP 1.00; RZ tgt 1,0.9575230478992892,
Dalton Schultz,HOU,DAL,TE,DAL@HOU,first_td,0.05418215442095805,1746,0.0,0.2998225284476459,B,no game designation yet (Limited),tgt_sh 18.8%; team att 36.9; opp DvP 1.00; RZ tgt 1,0.9575230478992892,
Dalton Schultz,HOU,DAL,TE,DAL@HOU,last_td,0.05418215442095805,1746,0.0,0.2998225284476459,B,no game designation yet (Limited),tgt_sh 18.8%; team att 36.9; opp DvP 1.00; RZ tgt 1,0.9575230478992892,
Dalton Schultz,HOU,DAL,TE,DAL@HOU,2plus_td,0.03622507568639733,2661,0.0,0.2998225284476459,B,no game designation yet (Limited),tgt_sh 18.8%; team att 36.9; opp DvP 1.00; RZ tgt 1,0.9575230478992892,
Cade Stover,HOU,DAL,TE,DAL@HOU,anytime_td,0.0348,2774,0.0,0.0355,C,-,w_td 0.02; team TD 2.92,1.0,
Cade Stover,HOU,DAL,TE,DAL@HOU,first_td,0.006323210678210678,15715,0.0,0.0355,C,-,w_td 0.02; team TD 2.92,1.0,
Cade Stover,HOU,DAL,TE,DAL@HOU,last_td,0.006323210678210678,15715,0.0,0.0355,C,-,w_td 0.02; team TD 2.92,1.0,
Cade Stover,HOU,DAL,TE,DAL@HOU,2plus_td,0.0007,142757,0.0,0.0355,C,-,w_td 0.02; team TD 2.92,1.0,
Jared Wayne,HOU,DAL,WR,DAL@HOU,anytime_td,0.1807,453,0.0,0.19745,C,-,tgt_sh 10.9%; team att 36.9; opp DvP 1.09; RZ tgt 1,1.0,
Jared Wayne,HOU,DAL,WR,DAL@HOU,first_td,0.035788243700743703,2694,0.0,0.19745,C,-,tgt_sh 10.9%; team att 36.9; opp DvP 1.09; RZ tgt 1,1.0,
Jared Wayne,HOU,DAL,WR,DAL@HOU,last_td,0.035788243700743703,2694,0.0,0.19745,C,-,tgt_sh 10.9%; team att 36.9; opp DvP 1.09; RZ tgt 1,1.0,
Jared Wayne,HOU,DAL,WR,DAL@HOU,2plus_td,0.0161,6111,0.0,0.19745,C,-,tgt_sh 10.9%; team att 36.9; opp DvP 1.09; RZ tgt 1,1.0,
Jacoby Brissett,ARI,NYG,QB,ARI@NYG,anytime_td,0.10765,829,0.11405,0.0,B,-,team att 35.2; ypa 6.20; opp d_ypa 0.98; pass rate 59.1%,1.0,
Jacoby Brissett,ARI,NYG,QB,ARI@NYG,first_td,0.024606078643578645,3964,0.11405,0.0,B,-,team att 35.2; ypa 6.20; opp d_ypa 0.98; pass rate 59.1%,1.0,
Jacoby Brissett,ARI,NYG,QB,ARI@NYG,last_td,0.024606078643578645,3964,0.11405,0.0,B,-,team att 35.2; ypa 6.20; opp d_ypa 0.98; pass rate 59.1%,1.0,
Jacoby Brissett,ARI,NYG,QB,ARI@NYG,2plus_td,0.00625,15900,0.11405,0.0,B,-,team att 35.2; ypa 6.20; opp d_ypa 0.98; pass rate 59.1%,1.0,
Tyler Allgeier,ARI,NYG,RB,ARI@NYG,anytime_td,0.2547,293,0.1914,0.0978,B,-,tgt_sh 5.0%; team att 35.2; opp DvP 0.93; RZ tgt 2; car_sh 26.3%; team rush 25.2; opp d_ypc 1.05; inside-10 car 2,1.0,
Tyler Allgeier,ARI,NYG,RB,ARI@NYG,first_td,0.061215438866688864,1534,0.1914,0.0978,B,-,tgt_sh 5.0%; team att 35.2; opp DvP 0.93; RZ tgt 2; car_sh 26.3%; team rush 25.2; opp d_ypc 1.05; inside-10 car 2,1.0,
Tyler Allgeier,ARI,NYG,RB,ARI@NYG,last_td,0.061215438866688864,1534,0.1914,0.0978,B,-,tgt_sh 5.0%; team att 35.2; opp DvP 0.93; RZ tgt 2; car_sh 26.3%; team rush 25.2; opp d_ypc 1.05; inside-10 car 2,1.0,
Tyler Allgeier,ARI,NYG,RB,ARI@NYG,2plus_td,0.03165,3060,0.1914,0.0978,B,-,tgt_sh 5.0%; team att 35.2; opp DvP 0.93; RZ tgt 2; car_sh 26.3%; team rush 25.2; opp d_ypc 1.05; inside-10 car 2,1.0,
Kendrick Bourne,ARI,NYG,WR,ARI@NYG,anytime_td,0.17425,474,0.0,0.18705,C,-,tgt_sh 11.6%; team att 35.2; opp DvP 1.08; RZ tgt 2,1.0,
Kendrick Bourne,ARI,NYG,WR,ARI@NYG,first_td,0.03922186743811744,2450,0.0,0.18705,C,-,tgt_sh 11.6%; team att 35.2; opp DvP 1.08; RZ tgt 2,1.0,
Kendrick Bourne,ARI,NYG,WR,ARI@NYG,last_td,0.03922186743811744,2450,0.0,0.18705,C,-,tgt_sh 11.6%; team att 35.2; opp DvP 1.08; RZ tgt 2,1.0,
Kendrick Bourne,ARI,NYG,WR,ARI@NYG,2plus_td,0.01215,8130,0.0,0.18705,C,-,tgt_sh 11.6%; team att 35.2; opp DvP 1.08; RZ tgt 2,1.0,
Jalen Brooks,ARI,NYG,WR,ARI@NYG,anytime_td,0.02,4900,0.0,0.02025,C,-,w_td 0.02; team TD 2.41,1.0,
Jalen Brooks,ARI,NYG,WR,ARI@NYG,first_td,0.0042808784271284265,23260,0.0,0.02025,C,-,w_td 0.02; team TD 2.41,1.0,
Jalen Brooks,ARI,NYG,WR,ARI@NYG,last_td,0.0042808784271284265,23260,0.0,0.02025,C,-,w_td 0.02; team TD 2.41,1.0,
Jalen Brooks,ARI,NYG,WR,ARI@NYG,2plus_td,0.00025,399900,0.0,0.02025,C,-,w_td 0.02; team TD 2.41,1.0,
Marvin Harrison Jr.,ARI,NYG,WR,ARI@NYG,anytime_td,0.1341,646,0.0,0.1423,C,-,tgt_sh 11.8%; team att 35.2; opp DvP 1.08; RZ tgt 0,1.0,
Marvin Harrison Jr.,ARI,NYG,WR,ARI@NYG,first_td,0.030010370879120875,3232,0.0,0.1423,C,-,tgt_sh 11.8%; team att 35.2; opp DvP 1.08; RZ tgt 0,1.0,
Marvin Harrison Jr.,ARI,NYG,WR,ARI@NYG,last_td,0.030010370879120875,3232,0.0,0.1423,C,-,tgt_sh 11.8%; team att 35.2; opp DvP 1.08; RZ tgt 0,1.0,
Marvin Harrison Jr.,ARI,NYG,WR,ARI@NYG,2plus_td,0.00775,12803,0.0,0.1423,C,-,tgt_sh 11.8%; team att 35.2; opp DvP 1.08; RZ tgt 0,1.0,
Elijah Higgins,ARI,NYG,TE,ARI@NYG,anytime_td,0.04385,2181,0.0,0.04475,C,-,tgt_sh 3.8%; team att 35.2; opp DvP 1.09; RZ tgt 0,1.0,
Elijah Higgins,ARI,NYG,TE,ARI@NYG,first_td,0.00921231240981241,10755,0.0,0.04475,C,-,tgt_sh 3.8%; team att 35.2; opp DvP 1.09; RZ tgt 0,1.0,
Elijah Higgins,ARI,NYG,TE,ARI@NYG,last_td,0.00921231240981241,10755,0.0,0.04475,C,-,tgt_sh 3.8%; team att 35.2; opp DvP 1.09; RZ tgt 0,1.0,
Elijah Higgins,ARI,NYG,TE,ARI@NYG,2plus_td,0.00085,117547,0.0,0.04475,C,-,tgt_sh 3.8%; team att 35.2; opp DvP 1.09; RZ tgt 0,1.0,
Bam Knight,ARI,NYG,RB,ARI@NYG,anytime_td,0.088,1036,0.06095,0.03025,C,-,car_sh 9.8%; team rush 25.2; opp d_ypc 1.05; inside-10 car 0,1.0,
Bam Knight,ARI,NYG,RB,ARI@NYG,first_td,0.019192474747474746,5110,0.06095,0.03025,C,-,car_sh 9.8%; team rush 25.2; opp d_ypc 1.05; inside-10 car 0,1.0,
Bam Knight,ARI,NYG,RB,ARI@NYG,last_td,0.019192474747474746,5110,0.06095,0.03025,C,-,car_sh 9.8%; team rush 25.2; opp d_ypc 1.05; inside-10 car 0,1.0,
Bam Knight,ARI,NYG,RB,ARI@NYG,2plus_td,0.00315,31646,0.06095,0.03025,C,-,car_sh 9.8%; team rush 25.2; opp d_ypc 1.05; inside-10 car 0,1.0,
Hunter Long,ARI,NYG,TE,ARI@NYG,anytime_td,0.0305,3179,0.0,0.0308,C,-,w_td 0.02; team TD 2.41,1.0,
Hunter Long,ARI,NYG,TE,ARI@NYG,first_td,0.00668748556998557,14853,0.0,0.0308,C,-,w_td 0.02; team TD 2.41,1.0,
Hunter Long,ARI,NYG,TE,ARI@NYG,last_td,0.00668748556998557,14853,0.0,0.0308,C,-,w_td 0.02; team TD 2.41,1.0,
Hunter Long,ARI,NYG,TE,ARI@NYG,2plus_td,0.0003,333233,0.0,0.0308,C,-,w_td 0.02; team TD 2.41,1.0,
Jeremiyah Love,ARI,NYG,RB,ARI@NYG,anytime_td,0.43055,132,0.3655,0.1836,B,-,tgt_sh 9.8%; team att 35.2; opp DvP 0.93; RZ tgt 3; car_sh 50.2%; team rush 25.2; opp d_ypc 1.05; inside-10 car 4,1.0,
Jeremiyah Love,ARI,NYG,RB,ARI@NYG,first_td,0.11662959457209456,757,0.3655,0.1836,B,-,tgt_sh 9.8%; team att 35.2; opp DvP 0.93; RZ tgt 3; car_sh 50.2%; team rush 25.2; opp d_ypc 1.05; inside-10 car 4,1.0,
Jeremiyah Love,ARI,NYG,RB,ARI@NYG,last_td,0.11662959457209456,757,0.3655,0.1836,B,-,tgt_sh 9.8%; team att 35.2; opp DvP 0.93; RZ tgt 3; car_sh 50.2%; team rush 25.2; opp d_ypc 1.05; inside-10 car 4,1.0,
Jeremiyah Love,ARI,NYG,RB,ARI@NYG,2plus_td,0.10185,882,0.3655,0.1836,B,-,tgt_sh 9.8%; team att 35.2; opp DvP 0.93; RZ tgt 3; car_sh 50.2%; team rush 25.2; opp d_ypc 1.05; inside-10 car 4,1.0,
Trey McBride,ARI,NYG,TE,ARI@NYG,anytime_td,0.42715,134,0.0,0.5418,B,-,tgt_sh 28.3%; team att 35.2; opp DvP 1.09; RZ tgt 8,1.0,
Trey McBride,ARI,NYG,TE,ARI@NYG,first_td,0.11372378898878899,779,0.0,0.5418,B,-,tgt_sh 28.3%; team att 35.2; opp DvP 1.09; RZ tgt 8,1.0,
Trey McBride,ARI,NYG,TE,ARI@NYG,last_td,0.11372378898878899,779,0.0,0.5418,B,-,tgt_sh 28.3%; team att 35.2; opp DvP 1.09; RZ tgt 8,1.0,
Trey McBride,ARI,NYG,TE,ARI@NYG,2plus_td,0.09835,917,0.0,0.5418,B,-,tgt_sh 28.3%; team att 35.2; opp DvP 1.09; RZ tgt 8,1.0,
Michael Wilson,ARI,NYG,WR,ARI@NYG,anytime_td,0.31195,221,0.0,0.36545,B,-,tgt_sh 20.3%; team att 35.2; opp DvP 1.08; RZ tgt 5,1.0,
Michael Wilson,ARI,NYG,WR,ARI@NYG,first_td,0.0763616785991786,1210,0.0,0.36545,B,-,tgt_sh 20.3%; team att 35.2; opp DvP 1.08; RZ tgt 5,1.0,
Michael Wilson,ARI,NYG,WR,ARI@NYG,last_td,0.0763616785991786,1210,0.0,0.36545,B,-,tgt_sh 20.3%; team att 35.2; opp DvP 1.08; RZ tgt 5,1.0,
Michael Wilson,ARI,NYG,WR,ARI@NYG,2plus_td,0.04845,1964,0.0,0.36545,B,-,tgt_sh 20.3%; team att 35.2; opp DvP 1.08; RZ tgt 5,1.0,
Jameis Winston,NYG,ARI,QB,ARI@NYG,anytime_td,0.02975,3261,0.0303,0.0,C,-,team att 29.5; ypa 7.34; opp d_ypa 1.13; pass rate 52.5%,1.0,
Jameis Winston,NYG,ARI,QB,ARI@NYG,first_td,0.0062449837662337665,15913,0.0303,0.0,C,-,team att 29.5; ypa 7.34; opp d_ypa 1.13; pass rate 52.5%,1.0,
Jameis Winston,NYG,ARI,QB,ARI@NYG,last_td,0.0062449837662337665,15913,0.0303,0.0,C,-,team att 29.5; ypa 7.34; opp d_ypa 1.13; pass rate 52.5%,1.0,
Jameis Winston,NYG,ARI,QB,ARI@NYG,2plus_td,0.0005,199900,0.0303,0.0,C,-,team att 29.5; ypa 7.34; opp d_ypa 1.13; pass rate 52.5%,1.0,
Malachi Fields,NYG,ARI,WR,ARI@NYG,anytime_td,0.1714,483,0.0,0.1864,C,-,tgt_sh 13.8%; team att 29.5; opp DvP 1.04; RZ tgt 0,1.0,
Malachi Fields,NYG,ARI,WR,ARI@NYG,first_td,0.03864297619047619,2488,0.0,0.1864,C,-,tgt_sh 13.8%; team att 29.5; opp DvP 1.04; RZ tgt 0,1.0,
Malachi Fields,NYG,ARI,WR,ARI@NYG,last_td,0.03864297619047619,2488,0.0,0.1864,C,-,tgt_sh 13.8%; team att 29.5; opp DvP 1.04; RZ tgt 0,1.0,
Malachi Fields,NYG,ARI,WR,ARI@NYG,2plus_td,0.01435,6869,0.0,0.1864,C,-,tgt_sh 13.8%; team att 29.5; opp DvP 1.04; RZ tgt 0,1.0,
Najee Harris,NYG,ARI,RB,ARI@NYG,anytime_td,0.1502,566,0.1527,0.0084,C,-,car_sh 19.8%; team rush 28.5; opp d_ypc 1.04; inside-10 car 2,1.0,
Najee Harris,NYG,ARI,RB,ARI@NYG,first_td,0.034026806665556665,2839,0.1527,0.0084,C,-,car_sh 19.8%; team rush 28.5; opp d_ypc 1.04; inside-10 car 2,1.0,
Najee Harris,NYG,ARI,RB,ARI@NYG,last_td,0.034026806665556665,2839,0.1527,0.0084,C,-,car_sh 19.8%; team rush 28.5; opp d_ypc 1.04; inside-10 car 2,1.0,
Najee Harris,NYG,ARI,RB,ARI@NYG,2plus_td,0.01035,9562,0.1527,0.0084,C,-,car_sh 19.8%; team rush 28.5; opp d_ypc 1.04; inside-10 car 2,1.0,
Theo Johnson,NYG,ARI,TE,ARI@NYG,anytime_td,0.1066,838,0.0,0.11235,C,-,tgt_sh 8.6%; team att 29.5; opp DvP 0.97; RZ tgt 0,1.0,
Theo Johnson,NYG,ARI,TE,ARI@NYG,first_td,0.023386162726162726,4176,0.0,0.11235,C,-,tgt_sh 8.6%; team att 29.5; opp DvP 0.97; RZ tgt 0,1.0,
Theo Johnson,NYG,ARI,TE,ARI@NYG,last_td,0.023386162726162726,4176,0.0,0.11235,C,-,tgt_sh 8.6%; team att 29.5; opp DvP 0.97; RZ tgt 0,1.0,
Theo Johnson,NYG,ARI,TE,ARI@NYG,2plus_td,0.00545,18249,0.0,0.11235,C,-,tgt_sh 8.6%; team att 29.5; opp DvP 0.97; RZ tgt 0,1.0,
Isaiah Likely,NYG,ARI,TE,ARI@NYG,anytime_td,0.3504,185,0.0,0.42275,B,-,tgt_sh 21.2%; team att 29.5; opp DvP 0.97; RZ tgt 4,1.0,
Isaiah Likely,NYG,ARI,TE,ARI@NYG,first_td,0.08782371558996559,1039,0.0,0.42275,B,-,tgt_sh 21.2%; team att 29.5; opp DvP 0.97; RZ tgt 4,1.0,
Isaiah Likely,NYG,ARI,TE,ARI@NYG,last_td,0.08782371558996559,1039,0.0,0.42275,B,-,tgt_sh 21.2%; team att 29.5; opp DvP 0.97; RZ tgt 4,1.0,
Isaiah Likely,NYG,ARI,TE,ARI@NYG,2plus_td,0.0639,1465,0.0,0.42275,B,-,tgt_sh 21.2%; team att 29.5; opp DvP 0.97; RZ tgt 4,1.0,
Darnell Mooney,NYG,ARI,WR,ARI@NYG,anytime_td,0.14115,608,0.00385,0.14705,C,-,tgt_sh 11.2%; team att 29.5; opp DvP 1.04; RZ tgt 0,1.0,
Darnell Mooney,NYG,ARI,WR,ARI@NYG,first_td,0.0315959181096681,3065,0.00385,0.14705,C,-,tgt_sh 11.2%; team att 29.5; opp DvP 1.04; RZ tgt 0,1.0,
Darnell Mooney,NYG,ARI,WR,ARI@NYG,last_td,0.0315959181096681,3065,0.00385,0.14705,C,-,tgt_sh 11.2%; team att 29.5; opp DvP 1.04; RZ tgt 0,1.0,
Darnell Mooney,NYG,ARI,WR,ARI@NYG,2plus_td,0.0093,10653,0.00385,0.14705,C,-,tgt_sh 11.2%; team att 29.5; opp DvP 1.04; RZ tgt 0,1.0,
Malik Nabers,NYG,ARI,WR,ARI@NYG,anytime_td,0.3169,216,0.0,0.37375,B,-,tgt_sh 19.2%; team att 29.5; opp DvP 1.04; RZ tgt 3,1.0,
Malik Nabers,NYG,ARI,WR,ARI@NYG,first_td,0.0773346194083694,1193,0.0,0.37375,B,-,tgt_sh 19.2%; team att 29.5; opp DvP 1.04; RZ tgt 3,1.0,
Malik Nabers,NYG,ARI,WR,ARI@NYG,last_td,0.0773346194083694,1193,0.0,0.37375,B,-,tgt_sh 19.2%; team att 29.5; opp DvP 1.04; RZ tgt 3,1.0,
Malik Nabers,NYG,ARI,WR,ARI@NYG,2plus_td,0.05135,1847,0.0,0.37375,B,-,tgt_sh 19.2%; team att 29.5; opp DvP 1.04; RZ tgt 3,1.0,
Cam Skattebo,NYG,ARI,RB,ARI@NYG,anytime_td,0.39005,156,0.3411,0.14155,B,-,tgt_sh 10.7%; team att 29.5; opp DvP 1.01; RZ tgt 0; car_sh 40.9%; team rush 28.5; opp d_ypc 1.04; inside-10 car 5,1.0,
Cam Skattebo,NYG,ARI,RB,ARI@NYG,first_td,0.10071029317904318,893,0.3411,0.14155,B,-,tgt_sh 10.7%; team att 29.5; opp DvP 1.01; RZ tgt 0; car_sh 40.9%; team rush 28.5; opp d_ypc 1.04; inside-10 car 5,1.0,
Cam Skattebo,NYG,ARI,RB,ARI@NYG,last_td,0.10071029317904318,893,0.3411,0.14155,B,-,tgt_sh 10.7%; team att 29.5; opp DvP 1.01; RZ tgt 0; car_sh 40.9%; team rush 28.5; opp d_ypc 1.04; inside-10 car 5,1.0,
Cam Skattebo,NYG,ARI,RB,ARI@NYG,2plus_td,0.08255,1111,0.3411,0.14155,B,-,tgt_sh 10.7%; team att 29.5; opp DvP 1.01; RZ tgt 0; car_sh 40.9%; team rush 28.5; opp d_ypc 1.04; inside-10 car 5,1.0,
Tyrone Tracy Jr.,NYG,ARI,RB,ARI@NYG,anytime_td,0.08418621739358631,1088,0.03343305516191676,0.05369233191623366,C,no game designation yet (Full),tgt_sh 3.9%; team att 29.5; opp DvP 1.01; RZ tgt 0,0.9508674235277402,
Tyrone Tracy Jr.,NYG,ARI,RB,ARI@NYG,first_td,0.018610534190757776,5273,0.03343305516191676,0.05369233191623366,C,no game designation yet (Full),tgt_sh 3.9%; team att 29.5; opp DvP 1.01; RZ tgt 0,0.9508674235277402,
Tyrone Tracy Jr.,NYG,ARI,RB,ARI@NYG,last_td,0.018610534190757776,5273,0.03343305516191676,0.05369233191623366,C,no game designation yet (Full),tgt_sh 3.9%; team att 29.5; opp DvP 1.01; RZ tgt 0,0.9508674235277402,
Tyrone Tracy Jr.,NYG,ARI,RB,ARI@NYG,2plus_td,0.002886684511625466,34542,0.03343305516191676,0.05369233191623366,C,no game designation yet (Full),tgt_sh 3.9%; team att 29.5; opp DvP 1.01; RZ tgt 0,0.9508674235277402,
Matthew Stafford,LA,PHI,QB,LA@PHI,anytime_td,0.06635,1407,0.0678,0.0,B,-,team att 35.0; ypa 7.35; opp d_ypa 0.98; pass rate 58.0%,1.0,
Matthew Stafford,LA,PHI,QB,LA@PHI,first_td,0.014324113109113109,6881,0.0678,0.0,B,-,team att 35.0; ypa 7.35; opp d_ypa 0.98; pass rate 58.0%,1.0,
Matthew Stafford,LA,PHI,QB,LA@PHI,last_td,0.014324113109113109,6881,0.0678,0.0,B,-,team att 35.0; ypa 7.35; opp d_ypa 0.98; pass rate 58.0%,1.0,
Matthew Stafford,LA,PHI,QB,LA@PHI,2plus_td,0.00145,68866,0.0678,0.0,B,-,team att 35.0; ypa 7.35; opp d_ypa 0.98; pass rate 58.0%,1.0,
Davante Adams,LA,PHI,WR,LA@PHI,anytime_td,0.37145582701786,169,0.0,0.4557740208808098,B,no game designation yet (Full),tgt_sh 20.5%; team att 35.0; opp DvP 0.98; RZ tgt 2,0.9479829842591244,
Davante Adams,LA,PHI,WR,LA@PHI,first_td,0.09296510000972347,976,0.0,0.4557740208808098,B,no game designation yet (Full),tgt_sh 20.5%; team att 35.0; opp DvP 0.98; RZ tgt 2,0.9479829842591244,
Davante Adams,LA,PHI,WR,LA@PHI,last_td,0.09296510000972347,976,0.0,0.4557740208808098,B,no game designation yet (Full),tgt_sh 20.5%; team att 35.0; opp DvP 0.98; RZ tgt 2,0.9479829842591244,
Davante Adams,LA,PHI,WR,LA@PHI,2plus_td,0.07281784938258519,1273,0.0,0.4557740208808098,B,no game designation yet (Full),tgt_sh 20.5%; team att 35.0; opp DvP 0.98; RZ tgt 2,0.9479829842591244,
Davis Allen,LA,PHI,TE,LA@PHI,anytime_td,0.0584,1612,0.0,0.0599,C,-,tgt_sh 3.6%; team att 35.0; opp DvP 0.84; RZ tgt 0,1.0,
Davis Allen,LA,PHI,TE,LA@PHI,first_td,0.012317008685758685,8019,0.0,0.0599,C,-,tgt_sh 3.6%; team att 35.0; opp DvP 0.84; RZ tgt 0,1.0,
Davis Allen,LA,PHI,TE,LA@PHI,last_td,0.012317008685758685,8019,0.0,0.0599,C,-,tgt_sh 3.6%; team att 35.0; opp DvP 0.84; RZ tgt 0,1.0,
Davis Allen,LA,PHI,TE,LA@PHI,2plus_td,0.00135,73974,0.0,0.0599,C,-,tgt_sh 3.6%; team att 35.0; opp DvP 0.84; RZ tgt 0,1.0,
Tutu Atwell,LA,PHI,WR,LA@PHI,anytime_td,0.0647,1446,0.0,0.06695,C,-,tgt_sh 3.6%; team att 35.0; opp DvP 0.98; RZ tgt 0,1.0,
Tutu Atwell,LA,PHI,WR,LA@PHI,first_td,0.013596750194250194,7255,0.0,0.06695,C,-,tgt_sh 3.6%; team att 35.0; opp DvP 0.98; RZ tgt 0,1.0,
Tutu Atwell,LA,PHI,WR,LA@PHI,last_td,0.013596750194250194,7255,0.0,0.06695,C,-,tgt_sh 3.6%; team att 35.0; opp DvP 0.98; RZ tgt 0,1.0,
Tutu Atwell,LA,PHI,WR,LA@PHI,2plus_td,0.00225,44344,0.0,0.06695,C,-,tgt_sh 3.6%; team att 35.0; opp DvP 0.98; RZ tgt 0,1.0,
Dean Connors,LA,PHI,RB,LA@PHI,anytime_td,0.0156,6310,0.0082,0.0075,C,-,w_td 0.01; team TD 2.51,1.0,
Dean Connors,LA,PHI,RB,LA@PHI,first_td,0.003136749639249639,31780,0.0082,0.0075,C,-,w_td 0.01; team TD 2.51,1.0,
Dean Connors,LA,PHI,RB,LA@PHI,last_td,0.003136749639249639,31780,0.0082,0.0075,C,-,w_td 0.01; team TD 2.51,1.0,
Dean Connors,LA,PHI,RB,LA@PHI,2plus_td,0.0001,999900,0.0082,0.0075,C,-,w_td 0.01; team TD 2.51,1.0,
Blake Corum,LA,PHI,RB,LA@PHI,anytime_td,0.25825,287,0.2061,0.0868,B,-,car_sh 28.2%; team rush 26.3; opp d_ypc 0.97; inside-10 car 0,1.0,
Blake Corum,LA,PHI,RB,LA@PHI,first_td,0.06056823107448106,1551,0.2061,0.0868,B,-,car_sh 28.2%; team rush 26.3; opp d_ypc 0.97; inside-10 car 0,1.0,
Blake Corum,LA,PHI,RB,LA@PHI,last_td,0.06056823107448106,1551,0.2061,0.0868,B,-,car_sh 28.2%; team rush 26.3; opp d_ypc 0.97; inside-10 car 0,1.0,
Blake Corum,LA,PHI,RB,LA@PHI,2plus_td,0.03215,3010,0.2061,0.0868,B,-,car_sh 28.2%; team rush 26.3; opp d_ypc 0.97; inside-10 car 0,1.0,
Tyler Higbee,LA,PHI,TE,LA@PHI,anytime_td,0.21065030066331908,375,0.0,0.23395945694625256,C,no game designation yet (DNP),tgt_sh 9.1%; team att 35.0; opp DvP 0.84; RZ tgt 2,0.8055616699684496,
Tyler Higbee,LA,PHI,TE,LA@PHI,first_td,0.04790518255740499,1987,0.0,0.23395945694625256,C,no game designation yet (DNP),tgt_sh 9.1%; team att 35.0; opp DvP 0.84; RZ tgt 2,0.8055616699684496,
Tyler Higbee,LA,PHI,TE,LA@PHI,last_td,0.04790518255740499,1987,0.0,0.23395945694625256,C,no game designation yet (DNP),tgt_sh 9.1%; team att 35.0; opp DvP 0.84; RZ tgt 2,0.8055616699684496,
Tyler Higbee,LA,PHI,TE,LA@PHI,2plus_td,0.021697352922943402,4509,0.0,0.23395945694625256,C,no game designation yet (DNP),tgt_sh 9.1%; team att 35.0; opp DvP 0.84; RZ tgt 2,0.8055616699684496,
Konata Mumpfield,LA,PHI,WR,LA@PHI,anytime_td,0.12595,694,0.0,0.1337,C,-,tgt_sh 4.9%; team att 35.0; opp DvP 0.98; RZ tgt 1,1.0,
Konata Mumpfield,LA,PHI,WR,LA@PHI,first_td,0.027299157647907645,3563,0.0,0.1337,C,-,tgt_sh 4.9%; team att 35.0; opp DvP 0.98; RZ tgt 1,1.0,
Konata Mumpfield,LA,PHI,WR,LA@PHI,last_td,0.027299157647907645,3563,0.0,0.1337,C,-,tgt_sh 4.9%; team att 35.0; opp DvP 0.98; RZ tgt 1,1.0,
Konata Mumpfield,LA,PHI,WR,LA@PHI,2plus_td,0.00755,13145,0.0,0.1337,C,-,tgt_sh 4.9%; team att 35.0; opp DvP 0.98; RZ tgt 1,1.0,
Puka Nacua,LA,PHI,WR,LA@PHI,anytime_td,0.381188641401879,162,0.0,0.4719201942362504,C,no game designation yet (Full),tgt_sh 24.2%; team att 35.0; opp DvP 0.98; RZ tgt 1,0.9479829842591244,
Puka Nacua,LA,PHI,WR,LA@PHI,first_td,0.0956104977982947,946,0.0,0.4719201942362504,C,no game designation yet (Full),tgt_sh 24.2%; team att 35.0; opp DvP 0.98; RZ tgt 1,0.9479829842591244,
Puka Nacua,LA,PHI,WR,LA@PHI,last_td,0.0956104977982947,946,0.0,0.4719201942362504,C,no game designation yet (Full),tgt_sh 24.2%; team att 35.0; opp DvP 0.98; RZ tgt 1,0.9479829842591244,
Puka Nacua,LA,PHI,WR,LA@PHI,2plus_td,0.08022801646785602,1146,0.0,0.4719201942362504,C,no game designation yet (Full),tgt_sh 24.2%; team att 35.0; opp DvP 0.98; RZ tgt 1,0.9479829842591244,
Colby Parkinson,LA,PHI,TE,LA@PHI,anytime_td,0.15387693846923461,550,0.0,0.1667833916958479,C,Questionable (DNP),w_td 0.08; team TD 2.51,0.4981574884199691,
Colby Parkinson,LA,PHI,TE,LA@PHI,first_td,0.0346579372492329,2785,0.0,0.1667833916958479,C,Questionable (DNP),w_td 0.08; team TD 2.51,0.4981574884199691,
Colby Parkinson,LA,PHI,TE,LA@PHI,last_td,0.0346579372492329,2785,0.0,0.1667833916958479,C,Questionable (DNP),w_td 0.08; team TD 2.51,0.4981574884199691,
Colby Parkinson,LA,PHI,TE,LA@PHI,2plus_td,0.012306153076538269,8026,0.0,0.1667833916958479,C,Questionable (DNP),w_td 0.08; team TD 2.51,0.4981574884199691,
Jordan Whittington,LA,PHI,WR,LA@PHI,anytime_td,0.0511,1857,0.0,0.0523,C,-,w_td 0.02; team TD 2.51,1.0,
Jordan Whittington,LA,PHI,WR,LA@PHI,first_td,0.010773071789321789,9182,0.0,0.0523,C,-,w_td 0.02; team TD 2.51,1.0,
Jordan Whittington,LA,PHI,WR,LA@PHI,last_td,0.010773071789321789,9182,0.0,0.0523,C,-,w_td 0.02; team TD 2.51,1.0,
Jordan Whittington,LA,PHI,WR,LA@PHI,2plus_td,0.0012,83233,0.0,0.0523,C,-,w_td 0.02; team TD 2.51,1.0,
Kyren Williams,LA,PHI,RB,LA@PHI,anytime_td,0.47145,112,0.4407,0.1814,B,-,tgt_sh 8.0%; team att 35.0; opp DvP 0.93; RZ tgt 1; car_sh 46.6%; team rush 26.3; opp d_ypc 0.97; inside-10 car 4,1.0,
Kyren Williams,LA,PHI,RB,LA@PHI,first_td,0.12817064726939725,680,0.4407,0.1814,B,-,tgt_sh 8.0%; team att 35.0; opp DvP 0.93; RZ tgt 1; car_sh 46.6%; team rush 26.3; opp d_ypc 0.97; inside-10 car 4,1.0,
Kyren Williams,LA,PHI,RB,LA@PHI,last_td,0.12817064726939725,680,0.4407,0.1814,B,-,tgt_sh 8.0%; team att 35.0; opp DvP 0.93; RZ tgt 1; car_sh 46.6%; team rush 26.3; opp d_ypc 0.97; inside-10 car 4,1.0,
Kyren Williams,LA,PHI,RB,LA@PHI,2plus_td,0.1262,692,0.4407,0.1814,B,-,tgt_sh 8.0%; team att 35.0; opp DvP 0.93; RZ tgt 1; car_sh 46.6%; team rush 26.3; opp d_ypc 0.97; inside-10 car 4,1.0,
Jalen Hurts,PHI,LA,QB,LA@PHI,anytime_td,0.1447,591,0.15495,0.0,B,-,team att 32.1; ypa 6.37; opp d_ypa 0.87; pass rate 56.8%,1.0,
Jalen Hurts,PHI,LA,QB,LA@PHI,first_td,0.031247756549006543,3100,0.15495,0.0,B,-,team att 32.1; ypa 6.37; opp d_ypa 0.87; pass rate 56.8%,1.0,
Jalen Hurts,PHI,LA,QB,LA@PHI,last_td,0.031247756549006543,3100,0.15495,0.0,B,-,team att 32.1; ypa 6.37; opp d_ypa 0.87; pass rate 56.8%,1.0,
Jalen Hurts,PHI,LA,QB,LA@PHI,2plus_td,0.0096,10317,0.15495,0.0,B,-,team att 32.1; ypa 6.37; opp d_ypa 0.87; pass rate 56.8%,1.0,
Saquon Barkley,PHI,LA,RB,LA@PHI,anytime_td,0.37855,164,0.31295,0.14695,B,-,tgt_sh 7.3%; team att 32.1; opp DvP 0.92; RZ tgt 0; car_sh 50.7%; team rush 26.0; opp d_ypc 0.98; inside-10 car 2,1.0,
Saquon Barkley,PHI,LA,RB,LA@PHI,first_td,0.09410696414696414,963,0.31295,0.14695,B,-,tgt_sh 7.3%; team att 32.1; opp DvP 0.92; RZ tgt 0; car_sh 50.7%; team rush 26.0; opp d_ypc 0.98; inside-10 car 2,1.0,
Saquon Barkley,PHI,LA,RB,LA@PHI,last_td,0.09410696414696414,963,0.31295,0.14695,B,-,tgt_sh 7.3%; team att 32.1; opp DvP 0.92; RZ tgt 0; car_sh 50.7%; team rush 26.0; opp d_ypc 0.98; inside-10 car 2,1.0,
Saquon Barkley,PHI,LA,RB,LA@PHI,2plus_td,0.07165,1296,0.31295,0.14695,B,-,tgt_sh 7.3%; team att 32.1; opp DvP 0.92; RZ tgt 0; car_sh 50.7%; team rush 26.0; opp d_ypc 0.98; inside-10 car 2,1.0,
Tank Bigsby,PHI,LA,RB,LA@PHI,anytime_td,0.13677153716216217,631,0.10304054054054054,0.043338260135135136,B,no game designation yet (Full),car_sh 15.2%; team rush 26.0; opp d_ypc 0.98; inside-10 car 1,0.9508674235277402,
Tank Bigsby,PHI,LA,RB,LA@PHI,first_td,0.030120016936423185,3220,0.10304054054054054,0.043338260135135136,B,no game designation yet (Full),car_sh 15.2%; team rush 26.0; opp d_ypc 0.98; inside-10 car 1,0.9508674235277402,
Tank Bigsby,PHI,LA,RB,LA@PHI,last_td,0.030120016936423185,3220,0.10304054054054054,0.043338260135135136,B,no game designation yet (Full),car_sh 15.2%; team rush 26.0; opp d_ypc 0.98; inside-10 car 1,0.9508674235277402,
Tank Bigsby,PHI,LA,RB,LA@PHI,2plus_td,0.009237753378378379,10725,0.10304054054054054,0.043338260135135136,B,no game designation yet (Full),car_sh 15.2%; team rush 26.0; opp d_ypc 0.98; inside-10 car 1,0.9508674235277402,
Darius Cooper,PHI,LA,WR,LA@PHI,anytime_td,0.10452022204599525,857,0.0,0.10933121860956913,C,no game designation yet (Full),w_td 0.04; team TD 2.14,0.9479829842591244,
Darius Cooper,PHI,LA,WR,LA@PHI,first_td,0.02219210342921683,4406,0.0,0.10933121860956913,C,no game designation yet (Full),w_td 0.04; team TD 2.14,0.9479829842591244,
Darius Cooper,PHI,LA,WR,LA@PHI,last_td,0.02219210342921683,4406,0.0,0.10933121860956913,C,no game designation yet (Full),w_td 0.04; team TD 2.14,0.9479829842591244,
Darius Cooper,PHI,LA,WR,LA@PHI,2plus_td,0.004652392281258261,21394,0.0,0.10933121860956913,C,no game designation yet (Full),w_td 0.04; team TD 2.14,0.9479829842591244,
Zach Ertz,PHI,LA,TE,LA@PHI,anytime_td,0.2453,308,0.0,0.27865,C,-,tgt_sh 11.9%; team att 32.1; opp DvP 0.82; RZ tgt 1,1.0,
Zach Ertz,PHI,LA,TE,LA@PHI,first_td,0.055790569153069146,1692,0.0,0.27865,C,-,tgt_sh 11.9%; team att 32.1; opp DvP 0.82; RZ tgt 1,1.0,
Zach Ertz,PHI,LA,TE,LA@PHI,last_td,0.055790569153069146,1692,0.0,0.27865,C,-,tgt_sh 11.9%; team att 32.1; opp DvP 0.82; RZ tgt 1,1.0,
Zach Ertz,PHI,LA,TE,LA@PHI,2plus_td,0.03115,3110,0.0,0.27865,C,-,tgt_sh 11.9%; team att 32.1; opp DvP 0.82; RZ tgt 1,1.0,
Makai Lemon,PHI,LA,WR,LA@PHI,anytime_td,0.2099,376,0.00465,0.22865,C,-,tgt_sh 10.6%; team att 32.1; opp DvP 1.03; RZ tgt 0,1.0,
Makai Lemon,PHI,LA,WR,LA@PHI,first_td,0.04738350468975469,2010,0.00465,0.22865,C,-,tgt_sh 10.6%; team att 32.1; opp DvP 1.03; RZ tgt 0,1.0,
Makai Lemon,PHI,LA,WR,LA@PHI,last_td,0.04738350468975469,2010,0.00465,0.22865,C,-,tgt_sh 10.6%; team att 32.1; opp DvP 1.03; RZ tgt 0,1.0,
Makai Lemon,PHI,LA,WR,LA@PHI,2plus_td,0.02175,4498,0.00465,0.22865,C,-,tgt_sh 10.6%; team att 32.1; opp DvP 1.03; RZ tgt 0,1.0,
Johnny Mundt,PHI,LA,TE,LA@PHI,anytime_td,0.0598,1572,0.0,0.06115,C,-,tgt_sh 3.2%; team att 32.1; opp DvP 0.82; RZ tgt 0,1.0,
Johnny Mundt,PHI,LA,TE,LA@PHI,first_td,0.012450438311688312,7932,0.0,0.06115,C,-,tgt_sh 3.2%; team att 32.1; opp DvP 0.82; RZ tgt 0,1.0,
Johnny Mundt,PHI,LA,TE,LA@PHI,last_td,0.012450438311688312,7932,0.0,0.06115,C,-,tgt_sh 3.2%; team att 32.1; opp DvP 0.82; RZ tgt 0,1.0,
Johnny Mundt,PHI,LA,TE,LA@PHI,2plus_td,0.00135,73974,0.0,0.06115,C,-,tgt_sh 3.2%; team att 32.1; opp DvP 0.82; RZ tgt 0,1.0,
Will Shipley,PHI,LA,RB,LA@PHI,anytime_td,0.12036403808722185,731,0.049029407122941765,0.07833131674469988,C,no game designation yet (Full),tgt_sh 3.7%; team att 32.1; opp DvP 0.92; RZ tgt 0,0.9508674235277402,
Will Shipley,PHI,LA,RB,LA@PHI,first_td,0.02532858593408859,3848,0.049029407122941765,0.07833131674469988,C,no game designation yet (Full),tgt_sh 3.7%; team att 32.1; opp DvP 0.92; RZ tgt 0,0.9508674235277402,
Will Shipley,PHI,LA,RB,LA@PHI,last_td,0.02532858593408859,3848,0.049029407122941765,0.07833131674469988,C,no game designation yet (Full),tgt_sh 3.7%; team att 32.1; opp DvP 0.92; RZ tgt 0,0.9508674235277402,
Will Shipley,PHI,LA,RB,LA@PHI,2plus_td,0.006838865800410332,14522,0.049029407122941765,0.07833131674469988,C,no game designation yet (Full),tgt_sh 3.7%; team att 32.1; opp DvP 0.92; RZ tgt 0,0.9508674235277402,
Dontayvion Wicks,PHI,LA,WR,LA@PHI,anytime_td,0.4298,133,0.0,0.5444,B,-,tgt_sh 13.5%; team att 32.1; opp DvP 1.03; RZ tgt 4,1.0,
Dontayvion Wicks,PHI,LA,WR,LA@PHI,first_td,0.11063562506937505,804,0.0,0.5444,B,-,tgt_sh 13.5%; team att 32.1; opp DvP 1.03; RZ tgt 4,1.0,
Dontayvion Wicks,PHI,LA,WR,LA@PHI,last_td,0.11063562506937505,804,0.0,0.5444,B,-,tgt_sh 13.5%; team att 32.1; opp DvP 1.03; RZ tgt 4,1.0,
Dontayvion Wicks,PHI,LA,WR,LA@PHI,2plus_td,0.0996,904,0.0,0.5444,B,-,tgt_sh 13.5%; team att 32.1; opp DvP 1.03; RZ tgt 4,1.0,
Jordan Love,GB,TB,QB,GB@TB,anytime_td,0.02705,3597,0.0275,0.0,B,-,team att 37.7; ypa 6.93; opp d_ypa 0.99; pass rate 67.1%,1.0,
Jordan Love,GB,TB,QB,GB@TB,first_td,0.007148591269841269,13889,0.0275,0.0,B,-,team att 37.7; ypa 6.93; opp d_ypa 0.99; pass rate 67.1%,1.0,
Jordan Love,GB,TB,QB,GB@TB,last_td,0.007148591269841269,13889,0.0275,0.0,B,-,team att 37.7; ypa 6.93; opp d_ypa 0.99; pass rate 67.1%,1.0,
Jordan Love,GB,TB,QB,GB@TB,2plus_td,0.00045,222122,0.0275,0.0,B,-,team att 37.7; ypa 6.93; opp d_ypa 0.99; pass rate 67.1%,1.0,
Chris Brooks,GB,TB,RB,GB@TB,anytime_td,0.1341,646,0.0941,0.04855,B,-,tgt_sh 3.5%; team att 37.7; opp DvP 1.17; RZ tgt 0; car_sh 15.9%; team rush 19.9; opp d_ypc 0.89; inside-10 car 2,1.0,
Chris Brooks,GB,TB,RB,GB@TB,first_td,0.0371696645021645,2590,0.0941,0.04855,B,-,tgt_sh 3.5%; team att 37.7; opp DvP 1.17; RZ tgt 0; car_sh 15.9%; team rush 19.9; opp d_ypc 0.89; inside-10 car 2,1.0,
Chris Brooks,GB,TB,RB,GB@TB,last_td,0.0371696645021645,2590,0.0941,0.04855,B,-,tgt_sh 3.5%; team att 37.7; opp DvP 1.17; RZ tgt 0; car_sh 15.9%; team rush 19.9; opp d_ypc 0.89; inside-10 car 2,1.0,
Chris Brooks,GB,TB,RB,GB@TB,2plus_td,0.00825,12021,0.0941,0.04855,B,-,tgt_sh 3.5%; team att 37.7; opp DvP 1.17; RZ tgt 0; car_sh 15.9%; team rush 19.9; opp d_ypc 0.89; inside-10 car 2,1.0,
Matthew Golden,GB,TB,WR,GB@TB,anytime_td,0.30495,228,0.0,0.35745,B,-,tgt_sh 17.9%; team att 37.7; opp DvP 1.05; RZ tgt 4,1.0,
Matthew Golden,GB,TB,WR,GB@TB,first_td,0.09285788336663336,977,0.0,0.35745,B,-,tgt_sh 17.9%; team att 37.7; opp DvP 1.05; RZ tgt 4,1.0,
Matthew Golden,GB,TB,WR,GB@TB,last_td,0.09285788336663336,977,0.0,0.35745,B,-,tgt_sh 17.9%; team att 37.7; opp DvP 1.05; RZ tgt 4,1.0,
Matthew Golden,GB,TB,WR,GB@TB,2plus_td,0.0479,1988,0.0,0.35745,B,-,tgt_sh 17.9%; team att 37.7; opp DvP 1.05; RZ tgt 4,1.0,
Kaleb Johnson,GB,TB,RB,GB@TB,anytime_td,0.1117,795,0.0971,0.02015,B,-,car_sh 24.1%; team rush 19.9; opp d_ypc 0.89; inside-10 car 0,1.0,
Kaleb Johnson,GB,TB,RB,GB@TB,first_td,0.030729861111111107,3154,0.0971,0.02015,B,-,car_sh 24.1%; team rush 19.9; opp d_ypc 0.89; inside-10 car 0,1.0,
Kaleb Johnson,GB,TB,RB,GB@TB,last_td,0.030729861111111107,3154,0.0971,0.02015,B,-,car_sh 24.1%; team rush 19.9; opp d_ypc 0.89; inside-10 car 0,1.0,
Kaleb Johnson,GB,TB,RB,GB@TB,2plus_td,0.00545,18249,0.0971,0.02015,B,-,car_sh 24.1%; team rush 19.9; opp d_ypc 0.89; inside-10 car 0,1.0,
Tucker Kraft,GB,TB,TE,GB@TB,anytime_td,0.2278,339,0.0,0.25345,C,-,tgt_sh 17.9%; team att 37.7; opp DvP 0.94; RZ tgt 1,1.0,
Tucker Kraft,GB,TB,TE,GB@TB,first_td,0.06596247474747474,1416,0.0,0.25345,C,-,tgt_sh 17.9%; team att 37.7; opp DvP 0.94; RZ tgt 1,1.0,
Tucker Kraft,GB,TB,TE,GB@TB,last_td,0.06596247474747474,1416,0.0,0.25345,C,-,tgt_sh 17.9%; team att 37.7; opp DvP 0.94; RZ tgt 1,1.0,
Tucker Kraft,GB,TB,TE,GB@TB,2plus_td,0.0241,4049,0.0,0.25345,C,-,tgt_sh 17.9%; team att 37.7; opp DvP 0.94; RZ tgt 1,1.0,
MarShawn Lloyd,GB,TB,RB,GB@TB,anytime_td,0.3187,214,0.2479,0.1274,B,-,tgt_sh 4.7%; team att 37.7; opp DvP 1.17; RZ tgt 2; car_sh 49.1%; team rush 19.9; opp d_ypc 0.89; inside-10 car 3,1.0,
MarShawn Lloyd,GB,TB,RB,GB@TB,first_td,0.09813211635586636,919,0.2479,0.1274,B,-,tgt_sh 4.7%; team att 37.7; opp DvP 1.17; RZ tgt 2; car_sh 49.1%; team rush 19.9; opp d_ypc 0.89; inside-10 car 3,1.0,
MarShawn Lloyd,GB,TB,RB,GB@TB,last_td,0.09813211635586636,919,0.2479,0.1274,B,-,tgt_sh 4.7%; team att 37.7; opp DvP 1.17; RZ tgt 2; car_sh 49.1%; team rush 19.9; opp d_ypc 0.89; inside-10 car 3,1.0,
MarShawn Lloyd,GB,TB,RB,GB@TB,2plus_td,0.05095,1863,0.2479,0.1274,B,-,tgt_sh 4.7%; team att 37.7; opp DvP 1.17; RZ tgt 2; car_sh 49.1%; team rush 19.9; opp d_ypc 0.89; inside-10 car 3,1.0,
Bo Melton,GB,TB,WR,GB@TB,anytime_td,0.041,2339,0.0,0.0419,C,-,w_td 0.03; team TD 2.12,1.0,
Bo Melton,GB,TB,WR,GB@TB,first_td,0.010924305555555555,9054,0.0,0.0419,C,-,w_td 0.03; team TD 2.12,1.0,
Bo Melton,GB,TB,WR,GB@TB,last_td,0.010924305555555555,9054,0.0,0.0419,C,-,w_td 0.03; team TD 2.12,1.0,
Bo Melton,GB,TB,WR,GB@TB,2plus_td,0.0009,111011,0.0,0.0419,C,-,w_td 0.03; team TD 2.12,1.0,
J. Michael Sturdivant,GB,TB,WR,GB@TB,anytime_td,0.03495,2761,0.0,0.03555,C,-,w_td 0.02; team TD 2.12,1.0,
J. Michael Sturdivant,GB,TB,WR,GB@TB,first_td,0.009318851010101012,10631,0.0,0.03555,C,-,w_td 0.02; team TD 2.12,1.0,
J. Michael Sturdivant,GB,TB,WR,GB@TB,last_td,0.009318851010101012,10631,0.0,0.03555,C,-,w_td 0.02; team TD 2.12,1.0,
J. Michael Sturdivant,GB,TB,WR,GB@TB,2plus_td,0.0006,166567,0.0,0.03555,C,-,w_td 0.02; team TD 2.12,1.0,
Skyy Moore,GB,TB,WR,GB@TB,anytime_td,0.1604,523,0.0,0.17325,C,-,tgt_sh 6.9%; team att 37.7; opp DvP 1.05; RZ tgt 3,1.0,
Skyy Moore,GB,TB,WR,GB@TB,first_td,0.045322640692640685,2106,0.0,0.17325,C,-,tgt_sh 6.9%; team att 37.7; opp DvP 1.05; RZ tgt 3,1.0,
Skyy Moore,GB,TB,WR,GB@TB,last_td,0.045322640692640685,2106,0.0,0.17325,C,-,tgt_sh 6.9%; team att 37.7; opp DvP 1.05; RZ tgt 3,1.0,
Skyy Moore,GB,TB,WR,GB@TB,2plus_td,0.0124,7965,0.0,0.17325,C,-,tgt_sh 6.9%; team att 37.7; opp DvP 1.05; RZ tgt 3,1.0,
Jonnu Smith,GB,TB,TE,GB@TB,anytime_td,0.104,862,0.0,0.10915,C,-,tgt_sh 6.5%; team att 37.7; opp DvP 0.94; RZ tgt 1,1.0,
Jonnu Smith,GB,TB,TE,GB@TB,first_td,0.02784867604617605,3491,0.0,0.10915,C,-,tgt_sh 6.5%; team att 37.7; opp DvP 0.94; RZ tgt 1,1.0,
Jonnu Smith,GB,TB,TE,GB@TB,last_td,0.02784867604617605,3491,0.0,0.10915,C,-,tgt_sh 6.5%; team att 37.7; opp DvP 0.94; RZ tgt 1,1.0,
Jonnu Smith,GB,TB,TE,GB@TB,2plus_td,0.0051,19508,0.0,0.10915,C,-,tgt_sh 6.5%; team att 37.7; opp DvP 0.94; RZ tgt 1,1.0,
Christian Watson,GB,TB,WR,GB@TB,anytime_td,0.3864,159,0.0,0.4784,B,-,tgt_sh 22.9%; team att 37.7; opp DvP 1.05; RZ tgt 6,1.0,
Christian Watson,GB,TB,WR,GB@TB,first_td,0.12468779151404151,702,0.0,0.4784,B,-,tgt_sh 22.9%; team att 37.7; opp DvP 1.05; RZ tgt 6,1.0,
Christian Watson,GB,TB,WR,GB@TB,last_td,0.12468779151404151,702,0.0,0.4784,B,-,tgt_sh 22.9%; team att 37.7; opp DvP 1.05; RZ tgt 6,1.0,
Christian Watson,GB,TB,WR,GB@TB,2plus_td,0.08025,1146,0.0,0.4784,B,-,tgt_sh 22.9%; team att 37.7; opp DvP 1.05; RZ tgt 6,1.0,
Jalon Daniels,TB,GB,QB,GB@TB,anytime_td,0.09055,1004,0.09465,0.0,C,-,team att 34.2; ypa 6.84; opp d_ypa 1.01; pass rate 61.4%,1.0,
Jalon Daniels,TB,GB,QB,GB@TB,first_td,0.024310459956709957,4013,0.09465,0.0,C,-,team att 34.2; ypa 6.84; opp d_ypa 1.01; pass rate 61.4%,1.0,
Jalon Daniels,TB,GB,QB,GB@TB,last_td,0.024310459956709957,4013,0.09465,0.0,C,-,team att 34.2; ypa 6.84; opp d_ypa 1.01; pass rate 61.4%,1.0,
Jalon Daniels,TB,GB,QB,GB@TB,2plus_td,0.0041,24290,0.09465,0.0,C,-,team att 34.2; ypa 6.84; opp d_ypa 1.01; pass rate 61.4%,1.0,
Emeka Egbuka,TB,GB,WR,GB@TB,anytime_td,0.1654,505,0.00585,0.1735,B,-,tgt_sh 21.0%; team att 34.2; opp DvP 0.92; RZ tgt 2,1.0,
Emeka Egbuka,TB,GB,WR,GB@TB,first_td,0.046046872849372845,2072,0.00585,0.1735,B,-,tgt_sh 21.0%; team att 34.2; opp DvP 0.92; RZ tgt 2,1.0,
Emeka Egbuka,TB,GB,WR,GB@TB,last_td,0.046046872849372845,2072,0.00585,0.1735,B,-,tgt_sh 21.0%; team att 34.2; opp DvP 0.92; RZ tgt 2,1.0,
Emeka Egbuka,TB,GB,WR,GB@TB,2plus_td,0.01295,7622,0.00585,0.1735,B,-,tgt_sh 21.0%; team att 34.2; opp DvP 0.92; RZ tgt 2,1.0,
Kenny Gainwell,TB,GB,RB,GB@TB,anytime_td,0.18675,435,0.1132,0.0945,B,-,tgt_sh 9.4%; team att 34.2; opp DvP 0.94; RZ tgt 2; car_sh 18.4%; team rush 23.9; opp d_ypc 0.99; inside-10 car 0,1.0,
Kenny Gainwell,TB,GB,RB,GB@TB,first_td,0.05313840423465424,1782,0.1132,0.0945,B,-,tgt_sh 9.4%; team att 34.2; opp DvP 0.94; RZ tgt 2; car_sh 18.4%; team rush 23.9; opp d_ypc 0.99; inside-10 car 0,1.0,
Kenny Gainwell,TB,GB,RB,GB@TB,last_td,0.05313840423465424,1782,0.1132,0.0945,B,-,tgt_sh 9.4%; team att 34.2; opp DvP 0.94; RZ tgt 2; car_sh 18.4%; team rush 23.9; opp d_ypc 0.99; inside-10 car 0,1.0,
Kenny Gainwell,TB,GB,RB,GB@TB,2plus_td,0.0195,5028,0.1132,0.0945,B,-,tgt_sh 9.4%; team att 34.2; opp DvP 0.94; RZ tgt 2; car_sh 18.4%; team rush 23.9; opp d_ypc 0.99; inside-10 car 0,1.0,
Chris Godwin Jr.,TB,GB,WR,GB@TB,anytime_td,0.0930367402878077,975,0.010015286489905646,0.08671129618891993,C,no game designation yet (Full),tgt_sh 13.3%; team att 34.2; opp DvP 0.92; RZ tgt 0,0.9479829842591244,
Chris Godwin Jr.,TB,GB,WR,GB@TB,first_td,0.025036522494484646,3894,0.010015286489905646,0.08671129618891993,C,no game designation yet (Full),tgt_sh 13.3%; team att 34.2; opp DvP 0.92; RZ tgt 0,0.9479829842591244,
Chris Godwin Jr.,TB,GB,WR,GB@TB,last_td,0.025036522494484646,3894,0.010015286489905646,0.08671129618891993,C,no game designation yet (Full),tgt_sh 13.3%; team att 34.2; opp DvP 0.92; RZ tgt 0,0.9479829842591244,
Chris Godwin Jr.,TB,GB,WR,GB@TB,2plus_td,0.0035844183227030733,27799,0.010015286489905646,0.08671129618891993,C,no game designation yet (Full),tgt_sh 13.3%; team att 34.2; opp DvP 0.92; RZ tgt 0,0.9479829842591244,
Ted Hurst III,TB,GB,WR,GB@TB,anytime_td,0.1086,821,0.0,0.1143,C,-,tgt_sh 12.3%; team att 34.2; opp DvP 0.92; RZ tgt 2,1.0,
Ted Hurst III,TB,GB,WR,GB@TB,first_td,0.02881599442224442,3370,0.0,0.1143,C,-,tgt_sh 12.3%; team att 34.2; opp DvP 0.92; RZ tgt 2,1.0,
Ted Hurst III,TB,GB,WR,GB@TB,last_td,0.02881599442224442,3370,0.0,0.1143,C,-,tgt_sh 12.3%; team att 34.2; opp DvP 0.92; RZ tgt 2,1.0,
Ted Hurst III,TB,GB,WR,GB@TB,2plus_td,0.0056,17757,0.0,0.1143,C,-,tgt_sh 12.3%; team att 34.2; opp DvP 0.92; RZ tgt 2,1.0,
Bucky Irving,TB,GB,RB,GB@TB,anytime_td,0.3934391756913048,154,0.34207759436442015,0.14325517821469877,B,no game designation yet (Full),tgt_sh 12.7%; team att 34.2; opp DvP 0.94; RZ tgt 4; car_sh 56.4%; team rush 23.9; opp d_ypc 0.99; inside-10 car 1,0.9508674235277402,
Bucky Irving,TB,GB,RB,GB@TB,first_td,0.12508909521184783,699,0.34207759436442015,0.14325517821469877,B,no game designation yet (Full),tgt_sh 12.7%; team att 34.2; opp DvP 0.94; RZ tgt 4; car_sh 56.4%; team rush 23.9; opp d_ypc 0.99; inside-10 car 1,0.9508674235277402,
Bucky Irving,TB,GB,RB,GB@TB,last_td,0.12508909521184783,699,0.34207759436442015,0.14325517821469877,B,no game designation yet (Full),tgt_sh 12.7%; team att 34.2; opp DvP 0.94; RZ tgt 4; car_sh 56.4%; team rush 23.9; opp d_ypc 0.99; inside-10 car 1,0.9508674235277402,
Bucky Irving,TB,GB,RB,GB@TB,2plus_td,0.08069603616864683,1139,0.34207759436442015,0.14325517821469877,B,no game designation yet (Full),tgt_sh 12.7%; team att 34.2; opp DvP 0.94; RZ tgt 4; car_sh 56.4%; team rush 23.9; opp d_ypc 0.99; inside-10 car 1,0.9508674235277402,
Tez Johnson,TB,GB,WR,GB@TB,anytime_td,0.0785,1174,0.00545,0.0757,C,-,tgt_sh 6.8%; team att 34.2; opp DvP 0.92; RZ tgt 2,1.0,
Tez Johnson,TB,GB,WR,GB@TB,first_td,0.020474886363636365,4784,0.00545,0.0757,C,-,tgt_sh 6.8%; team att 34.2; opp DvP 0.92; RZ tgt 2,1.0,
Tez Johnson,TB,GB,WR,GB@TB,last_td,0.020474886363636365,4784,0.00545,0.0757,C,-,tgt_sh 6.8%; team att 34.2; opp DvP 0.92; RZ tgt 2,1.0,
Tez Johnson,TB,GB,WR,GB@TB,2plus_td,0.00265,37636,0.00545,0.0757,C,-,tgt_sh 6.8%; team att 34.2; opp DvP 0.92; RZ tgt 2,1.0,
Cade Otton,TB,GB,TE,GB@TB,anytime_td,0.1494,569,0.0,0.16,B,-,tgt_sh 17.8%; team att 34.2; opp DvP 1.04; RZ tgt 2,1.0,
Cade Otton,TB,GB,TE,GB@TB,first_td,0.040580263347763344,2364,0.0,0.16,B,-,tgt_sh 17.8%; team att 34.2; opp DvP 1.04; RZ tgt 2,1.0,
Cade Otton,TB,GB,TE,GB@TB,last_td,0.040580263347763344,2364,0.0,0.16,B,-,tgt_sh 17.8%; team att 34.2; opp DvP 1.04; RZ tgt 2,1.0,
Cade Otton,TB,GB,TE,GB@TB,2plus_td,0.0101,9801,0.0,0.16,B,-,tgt_sh 17.8%; team att 34.2; opp DvP 1.04; RZ tgt 2,1.0,
Malik Willis,MIA,MIN,QB,MIA@MIN,anytime_td,0.11125,799,0.1179,0.0,B,-,team att 31.8; ypa 7.26; opp d_ypa 0.99; pass rate 57.6%,1.0,
Malik Willis,MIA,MIN,QB,MIA@MIN,first_td,0.028731946248196243,3380,0.1179,0.0,B,-,team att 31.8; ypa 7.26; opp d_ypa 0.99; pass rate 57.6%,1.0,
Malik Willis,MIA,MIN,QB,MIA@MIN,last_td,0.028731946248196243,3380,0.1179,0.0,B,-,team att 31.8; ypa 7.26; opp d_ypa 0.99; pass rate 57.6%,1.0,
Malik Willis,MIA,MIN,QB,MIA@MIN,2plus_td,0.00645,15404,0.1179,0.0,B,-,team att 31.8; ypa 7.26; opp d_ypa 0.99; pass rate 57.6%,1.0,
Chris Bell,MIA,MIN,WR,MIA@MIN,anytime_td,0.09176631723120687,990,0.0,0.09613865037138493,C,no game designation yet (Full),tgt_sh 10.1%; team att 31.8; opp DvP 0.91; RZ tgt 0,0.9479829842591244,
Chris Bell,MIA,MIN,WR,MIA@MIN,first_td,0.02310070246645077,4229,0.0,0.09613865037138493,C,no game designation yet (Full),tgt_sh 10.1%; team att 31.8; opp DvP 0.91; RZ tgt 0,0.9479829842591244,
Chris Bell,MIA,MIN,WR,MIA@MIN,last_td,0.02310070246645077,4229,0.0,0.09613865037138493,C,no game designation yet (Full),tgt_sh 10.1%; team att 31.8; opp DvP 0.91; RZ tgt 0,0.9479829842591244,
Chris Bell,MIA,MIN,WR,MIA@MIN,2plus_td,0.004214297002581257,23629,0.0,0.09613865037138493,C,no game designation yet (Full),tgt_sh 10.1%; team att 31.8; opp DvP 0.91; RZ tgt 0,0.9479829842591244,
Kevin Coleman Jr.,MIA,MIN,WR,MIA@MIN,anytime_td,0.05605,1684,0.0,0.0572,C,-,tgt_sh 5.8%; team att 31.8; opp DvP 0.91; RZ tgt 0,1.0,
Kevin Coleman Jr.,MIA,MIN,WR,MIA@MIN,first_td,0.01383823593073593,7126,0.0,0.0572,C,-,tgt_sh 5.8%; team att 31.8; opp DvP 0.91; RZ tgt 0,1.0,
Kevin Coleman Jr.,MIA,MIN,WR,MIA@MIN,last_td,0.01383823593073593,7126,0.0,0.0572,C,-,tgt_sh 5.8%; team att 31.8; opp DvP 0.91; RZ tgt 0,1.0,
Kevin Coleman Jr.,MIA,MIN,WR,MIA@MIN,2plus_td,0.00115,86857,0.0,0.0572,C,-,tgt_sh 5.8%; team att 31.8; opp DvP 0.91; RZ tgt 0,1.0,
Greg Dulcich,MIA,MIN,TE,MIA@MIN,anytime_td,0.2113,373,0.0,0.235,B,-,tgt_sh 14.9%; team att 31.8; opp DvP 1.05; RZ tgt 2,1.0,
Greg Dulcich,MIA,MIN,TE,MIA@MIN,first_td,0.05746066378066378,1640,0.0,0.235,B,-,tgt_sh 14.9%; team att 31.8; opp DvP 1.05; RZ tgt 2,1.0,
Greg Dulcich,MIA,MIN,TE,MIA@MIN,last_td,0.05746066378066378,1640,0.0,0.235,B,-,tgt_sh 14.9%; team att 31.8; opp DvP 1.05; RZ tgt 2,1.0,
Greg Dulcich,MIA,MIN,TE,MIA@MIN,2plus_td,0.02195,4456,0.0,0.235,B,-,tgt_sh 14.9%; team att 31.8; opp DvP 1.05; RZ tgt 2,1.0,
Ollie Gordon II,MIA,MIN,RB,MIA@MIN,anytime_td,0.1867,436,0.17625,0.02855,B,-,tgt_sh 2.4%; team att 31.8; opp DvP 1.20; RZ tgt 0; car_sh 18.7%; team rush 26.2; opp d_ypc 0.93; inside-10 car 1,1.0,
Ollie Gordon II,MIA,MIN,RB,MIA@MIN,first_td,0.0504761093073593,1881,0.17625,0.02855,B,-,tgt_sh 2.4%; team att 31.8; opp DvP 1.20; RZ tgt 0; car_sh 18.7%; team rush 26.2; opp d_ypc 0.93; inside-10 car 1,1.0,
Ollie Gordon II,MIA,MIN,RB,MIA@MIN,last_td,0.0504761093073593,1881,0.17625,0.02855,B,-,tgt_sh 2.4%; team att 31.8; opp DvP 1.20; RZ tgt 0; car_sh 18.7%; team rush 26.2; opp d_ypc 0.93; inside-10 car 1,1.0,
Ollie Gordon II,MIA,MIN,RB,MIA@MIN,2plus_td,0.0169,5817,0.17625,0.02855,B,-,tgt_sh 2.4%; team att 31.8; opp DvP 1.20; RZ tgt 0; car_sh 18.7%; team rush 26.2; opp d_ypc 0.93; inside-10 car 1,1.0,
DJ Herman,MIA,MIN,RB,MIA@MIN,anytime_td,0.0488,1949,0.00565,0.04415,C,-,tgt_sh 3.8%; team att 31.8; opp DvP 1.20; RZ tgt 0,1.0,
DJ Herman,MIA,MIN,RB,MIA@MIN,first_td,0.012685535714285715,7783,0.00565,0.04415,C,-,tgt_sh 3.8%; team att 31.8; opp DvP 1.20; RZ tgt 0,1.0,
DJ Herman,MIA,MIN,RB,MIA@MIN,last_td,0.012685535714285715,7783,0.00565,0.04415,C,-,tgt_sh 3.8%; team att 31.8; opp DvP 1.20; RZ tgt 0,1.0,
DJ Herman,MIA,MIN,RB,MIA@MIN,2plus_td,0.001,99900,0.00565,0.04415,C,-,tgt_sh 3.8%; team att 31.8; opp DvP 1.20; RZ tgt 0,1.0,
Will Kacmarek,MIA,MIN,TE,MIA@MIN,anytime_td,0.02135,4584,0.0,0.0216,C,-,w_td 0.02; team TD 1.20,1.0,
Will Kacmarek,MIA,MIN,TE,MIA@MIN,first_td,0.005130001803751803,19393,0.0,0.0216,C,-,w_td 0.02; team TD 1.20,1.0,
Will Kacmarek,MIA,MIN,TE,MIA@MIN,last_td,0.005130001803751803,19393,0.0,0.0216,C,-,w_td 0.02; team TD 1.20,1.0,
Will Kacmarek,MIA,MIN,TE,MIA@MIN,2plus_td,0.00025,399900,0.0,0.0216,C,-,w_td 0.02; team TD 1.20,1.0,
Ryan Miller,MIA,MIN,WR,MIA@MIN,anytime_td,0.0276,3523,0.0,0.028,C,-,w_td 0.03; team TD 1.20,1.0,
Ryan Miller,MIA,MIN,WR,MIA@MIN,first_td,0.007034603174603174,14115,0.0,0.028,C,-,w_td 0.03; team TD 1.20,1.0,
Ryan Miller,MIA,MIN,WR,MIA@MIN,last_td,0.007034603174603174,14115,0.0,0.028,C,-,w_td 0.03; team TD 1.20,1.0,
Ryan Miller,MIA,MIN,WR,MIA@MIN,2plus_td,0.0004,249900,0.0,0.028,C,-,w_td 0.03; team TD 1.20,1.0,
Malik Washington,MIA,MIN,WR,MIA@MIN,anytime_td,0.22925,336,0.01395,0.2419,B,-,tgt_sh 20.6%; team att 31.8; opp DvP 0.91; RZ tgt 1,1.0,
Malik Washington,MIA,MIN,WR,MIA@MIN,first_td,0.062108347763347754,1510,0.01395,0.2419,B,-,tgt_sh 20.6%; team att 31.8; opp DvP 0.91; RZ tgt 1,1.0,
Malik Washington,MIA,MIN,WR,MIA@MIN,last_td,0.062108347763347754,1510,0.01395,0.2419,B,-,tgt_sh 20.6%; team att 31.8; opp DvP 0.91; RZ tgt 1,1.0,
Malik Washington,MIA,MIN,WR,MIA@MIN,2plus_td,0.02435,4007,0.01395,0.2419,B,-,tgt_sh 20.6%; team att 31.8; opp DvP 0.91; RZ tgt 1,1.0,
Jaylen Wright,MIA,MIN,RB,MIA@MIN,anytime_td,0.11559661924510473,765,0.10346999842511417,0.01937109559556932,C,no game designation yet (Full),car_sh 10.0%; team rush 26.2; opp d_ypc 0.93; inside-10 car 1,0.9508674235277402,
Jaylen Wright,MIA,MIN,RB,MIA@MIN,first_td,0.030733175253885,3154,0.10346999842511417,0.01937109559556932,C,no game designation yet (Full),car_sh 10.0%; team rush 26.2; opp d_ypc 0.93; inside-10 car 1,0.9508674235277402,
Jaylen Wright,MIA,MIN,RB,MIA@MIN,last_td,0.030733175253885,3154,0.10346999842511417,0.01937109559556932,C,no game designation yet (Full),car_sh 10.0%; team rush 26.2; opp d_ypc 0.93; inside-10 car 1,0.9508674235277402,
Jaylen Wright,MIA,MIN,RB,MIA@MIN,2plus_td,0.007191978581552837,13804,0.10346999842511417,0.01937109559556932,C,no game designation yet (Full),car_sh 10.0%; team rush 26.2; opp d_ypc 0.93; inside-10 car 1,0.9508674235277402,
Kyler Murray,MIN,MIA,QB,MIA@MIN,anytime_td,0.0707,1314,0.0727,0.0,C,-,team att 27.6; ypa 7.63; opp d_ypa 1.11; pass rate 49.6%,1.0,
Kyler Murray,MIN,MIA,QB,MIA@MIN,first_td,0.018310160533910533,5361,0.0727,0.0,C,-,team att 27.6; ypa 7.63; opp d_ypa 1.11; pass rate 49.6%,1.0,
Kyler Murray,MIN,MIA,QB,MIA@MIN,last_td,0.018310160533910533,5361,0.0727,0.0,C,-,team att 27.6; ypa 7.63; opp d_ypa 1.11; pass rate 49.6%,1.0,
Kyler Murray,MIN,MIA,QB,MIA@MIN,2plus_td,0.00195,51182,0.0727,0.0,C,-,team att 27.6; ypa 7.63; opp d_ypa 1.11; pass rate 49.6%,1.0,
Jordan Addison,MIN,MIA,WR,MIA@MIN,anytime_td,0.3961,152,0.0,0.49175,B,-,tgt_sh 18.2%; team att 27.6; opp DvP 1.04; RZ tgt 1,1.0,
Jordan Addison,MIN,MIA,WR,MIA@MIN,first_td,0.12415434704184702,705,0.0,0.49175,B,-,tgt_sh 18.2%; team att 27.6; opp DvP 1.04; RZ tgt 1,1.0,
Jordan Addison,MIN,MIA,WR,MIA@MIN,last_td,0.12415434704184702,705,0.0,0.49175,B,-,tgt_sh 18.2%; team att 27.6; opp DvP 1.04; RZ tgt 1,1.0,
Jordan Addison,MIN,MIA,WR,MIA@MIN,2plus_td,0.08375,1094,0.0,0.49175,B,-,tgt_sh 18.2%; team att 27.6; opp DvP 1.04; RZ tgt 1,1.0,
Max Bredeson,MIN,MIA,RB,MIA@MIN,anytime_td,0.0233,4192,0.0109,0.01245,C,-,w_td 0.01; team TD 2.51,1.0,
Max Bredeson,MIN,MIA,RB,MIA@MIN,first_td,0.005938492063492063,16739,0.0109,0.01245,C,-,w_td 0.01; team TD 2.51,1.0,
Max Bredeson,MIN,MIA,RB,MIA@MIN,last_td,0.005938492063492063,16739,0.0109,0.01245,C,-,w_td 0.01; team TD 2.51,1.0,
Max Bredeson,MIN,MIA,RB,MIA@MIN,2plus_td,5e-05,999900,0.0109,0.01245,C,-,w_td 0.01; team TD 2.51,1.0,
Demond Claiborne,MIN,MIA,RB,MIA@MIN,anytime_td,0.0873,1045,0.05215,0.03875,C,-,w_td 0.05; team TD 2.51,1.0,
Demond Claiborne,MIN,MIA,RB,MIA@MIN,first_td,0.023191217532467532,4212,0.05215,0.03875,C,-,w_td 0.05; team TD 2.51,1.0,
Demond Claiborne,MIN,MIA,RB,MIA@MIN,last_td,0.023191217532467532,4212,0.05215,0.03875,C,-,w_td 0.05; team TD 2.51,1.0,
Demond Claiborne,MIN,MIA,RB,MIA@MIN,2plus_td,0.0036,27678,0.05215,0.03875,C,-,w_td 0.05; team TD 2.51,1.0,
DeeJay Dallas,MIN,MIA,RB,MIA@MIN,anytime_td,0.0915,993,0.0393,0.0568,C,-,tgt_sh 2.9%; team att 27.6; opp DvP 0.86; RZ tgt 0,1.0,
DeeJay Dallas,MIN,MIA,RB,MIA@MIN,first_td,0.02413839466089466,4043,0.0393,0.0568,C,-,tgt_sh 2.9%; team att 27.6; opp DvP 0.86; RZ tgt 0,1.0,
DeeJay Dallas,MIN,MIA,RB,MIA@MIN,last_td,0.02413839466089466,4043,0.0393,0.0568,C,-,tgt_sh 2.9%; team att 27.6; opp DvP 0.86; RZ tgt 0,1.0,
DeeJay Dallas,MIN,MIA,RB,MIA@MIN,2plus_td,0.00445,22372,0.0393,0.0568,C,-,tgt_sh 2.9%; team att 27.6; opp DvP 0.86; RZ tgt 0,1.0,
Tai Felton,MIN,MIA,WR,MIA@MIN,anytime_td,0.0512,1853,0.0,0.0522,C,-,w_td 0.02; team TD 2.51,1.0,
Tai Felton,MIN,MIA,WR,MIA@MIN,first_td,0.01317626984126984,7489,0.0,0.0522,C,-,w_td 0.02; team TD 2.51,1.0,
Tai Felton,MIN,MIA,WR,MIA@MIN,last_td,0.01317626984126984,7489,0.0,0.0522,C,-,w_td 0.02; team TD 2.51,1.0,
Tai Felton,MIN,MIA,WR,MIA@MIN,2plus_td,0.001,99900,0.0,0.0522,C,-,w_td 0.02; team TD 2.51,1.0,
T.J. Hockenson,MIN,MIA,TE,MIA@MIN,anytime_td,0.39975,150,0.0,0.49735,B,-,tgt_sh 17.4%; team att 27.6; opp DvP 0.89; RZ tgt 2,1.0,
T.J. Hockenson,MIN,MIA,TE,MIA@MIN,first_td,0.12612940115440116,693,0.0,0.49735,B,-,tgt_sh 17.4%; team att 27.6; opp DvP 0.89; RZ tgt 2,1.0,
T.J. Hockenson,MIN,MIA,TE,MIA@MIN,last_td,0.12612940115440116,693,0.0,0.49735,B,-,tgt_sh 17.4%; team att 27.6; opp DvP 0.89; RZ tgt 2,1.0,
T.J. Hockenson,MIN,MIA,TE,MIA@MIN,2plus_td,0.08615,1061,0.0,0.49735,B,-,tgt_sh 17.4%; team att 27.6; opp DvP 0.89; RZ tgt 2,1.0,
Jauan Jennings,MIN,MIA,WR,MIA@MIN,anytime_td,0.19985,400,0.0,0.22085,C,-,tgt_sh 9.7%; team att 27.6; opp DvP 1.04; RZ tgt 0,1.0,
Jauan Jennings,MIN,MIA,WR,MIA@MIN,first_td,0.05577171717171716,1693,0.0,0.22085,C,-,tgt_sh 9.7%; team att 27.6; opp DvP 1.04; RZ tgt 0,1.0,
Jauan Jennings,MIN,MIA,WR,MIA@MIN,last_td,0.05577171717171716,1693,0.0,0.22085,C,-,tgt_sh 9.7%; team att 27.6; opp DvP 1.04; RZ tgt 0,1.0,
Jauan Jennings,MIN,MIA,WR,MIA@MIN,2plus_td,0.0197,4976,0.0,0.22085,C,-,tgt_sh 9.7%; team att 27.6; opp DvP 1.04; RZ tgt 0,1.0,
Aaron Jones,MIN,MIA,RB,MIA@MIN,anytime_td,0.5726624485286733,-134,0.6085668374008235,0.20849653510093402,B,no game designation yet (Limited),tgt_sh 10.2%; team att 27.6; opp DvP 0.86; RZ tgt 0; car_sh 47.0%; team rush 29.7; opp d_ypc 0.92; inside-10 car 1,0.9951309141019752,
Aaron Jones,MIN,MIA,RB,MIA@MIN,first_td,0.20799677429686467,381,0.6085668374008235,0.20849653510093402,B,no game designation yet (Limited),tgt_sh 10.2%; team att 27.6; opp DvP 0.86; RZ tgt 0; car_sh 47.0%; team rush 29.7; opp d_ypc 0.92; inside-10 car 1,0.9951309141019752,
Aaron Jones,MIN,MIA,RB,MIA@MIN,last_td,0.20799677429686467,381,0.6085668374008235,0.20849653510093402,B,no game designation yet (Limited),tgt_sh 10.2%; team att 27.6; opp DvP 0.86; RZ tgt 0; car_sh 47.0%; team rush 29.7; opp d_ypc 0.92; inside-10 car 1,0.9951309141019752,
Aaron Jones,MIN,MIA,RB,MIA@MIN,2plus_td,0.1951390981219243,412,0.6085668374008235,0.20849653510093402,B,no game designation yet (Limited),tgt_sh 10.2%; team att 27.6; opp DvP 0.86; RZ tgt 0; car_sh 47.0%; team rush 29.7; opp d_ypc 0.92; inside-10 car 1,0.9951309141019752,
Myles Price,MIN,MIA,WR,MIA@MIN,anytime_td,0.03895,2467,0.0,0.0398,C,-,w_td 0.02; team TD 2.51,1.0,
Myles Price,MIN,MIA,WR,MIA@MIN,first_td,0.009609107142857143,10307,0.0,0.0398,C,-,w_td 0.02; team TD 2.51,1.0,
Myles Price,MIN,MIA,WR,MIA@MIN,last_td,0.009609107142857143,10307,0.0,0.0398,C,-,w_td 0.02; team TD 2.51,1.0,
Myles Price,MIN,MIA,WR,MIA@MIN,2plus_td,0.00085,117547,0.0,0.0398,C,-,w_td 0.02; team TD 2.51,1.0,
Patrick Mahomes,KC,LV,QB,KC@LV,anytime_td,0.10063278220044908,894,0.10558277199428455,0.0,B,no game designation yet (Full),team att 30.8; ypa 7.53; opp d_ypa 0.99; pass rate 52.9%,0.98,
Patrick Mahomes,KC,LV,QB,KC@LV,first_td,0.01983969456412812,4940,0.10558277199428455,0.0,B,no game designation yet (Full),team att 30.8; ypa 7.53; opp d_ypa 0.99; pass rate 52.9%,0.98,
Patrick Mahomes,KC,LV,QB,KC@LV,last_td,0.01983969456412812,4940,0.10558277199428455,0.0,B,no game designation yet (Full),team att 30.8; ypa 7.53; opp d_ypa 0.99; pass rate 52.9%,0.98,
Patrick Mahomes,KC,LV,QB,KC@LV,2plus_td,0.004796897325984895,20747,0.10558277199428455,0.0,B,no game designation yet (Full),team att 30.8; ypa 7.53; opp d_ypa 0.99; pass rate 52.9%,0.98,
Cyrus Allen,KC,LV,WR,KC@LV,anytime_td,0.01925,5095,0.0,0.0195,C,-,w_td 0.01; team TD 2.83,1.0,
Cyrus Allen,KC,LV,WR,KC@LV,first_td,0.003683459595959596,27048,0.0,0.0195,C,-,w_td 0.01; team TD 2.83,1.0,
Cyrus Allen,KC,LV,WR,KC@LV,last_td,0.003683459595959596,27048,0.0,0.0195,C,-,w_td 0.01; team TD 2.83,1.0,
Cyrus Allen,KC,LV,WR,KC@LV,2plus_td,0.00025,399900,0.0,0.0195,C,-,w_td 0.01; team TD 2.83,1.0,
Jake Briningstool,KC,LV,TE,KC@LV,anytime_td,0.03135,3090,0.0,0.0321,C,-,w_td 0.02; team TD 2.83,1.0,
Jake Briningstool,KC,LV,TE,KC@LV,first_td,0.006087148823398823,16328,0.0,0.0321,C,-,w_td 0.02; team TD 2.83,1.0,
Jake Briningstool,KC,LV,TE,KC@LV,last_td,0.006087148823398823,16328,0.0,0.0321,C,-,w_td 0.02; team TD 2.83,1.0,
Jake Briningstool,KC,LV,TE,KC@LV,2plus_td,0.00075,133233,0.0,0.0321,C,-,w_td 0.02; team TD 2.83,1.0,
Noah Gray,KC,LV,TE,KC@LV,anytime_td,0.11615,761,0.0,0.1228,C,-,tgt_sh 6.2%; team att 30.8; opp DvP 1.00; RZ tgt 1,1.0,
Noah Gray,KC,LV,TE,KC@LV,first_td,0.02326805291930292,4198,0.0,0.1228,C,-,tgt_sh 6.2%; team att 30.8; opp DvP 1.00; RZ tgt 1,1.0,
Noah Gray,KC,LV,TE,KC@LV,last_td,0.02326805291930292,4198,0.0,0.1228,C,-,tgt_sh 6.2%; team att 30.8; opp DvP 1.00; RZ tgt 1,1.0,
Noah Gray,KC,LV,TE,KC@LV,2plus_td,0.0064,15525,0.0,0.1228,C,-,tgt_sh 6.2%; team att 30.8; opp DvP 1.00; RZ tgt 1,1.0,
Emmett Johnson,KC,LV,RB,KC@LV,anytime_td,0.192,421,0.16055,0.0517,B,-,tgt_sh 3.6%; team att 30.8; opp DvP 0.96; RZ tgt 0; car_sh 21.9%; team rush 29.3; opp d_ypc 1.03; inside-10 car 0,1.0,
Emmett Johnson,KC,LV,RB,KC@LV,first_td,0.040361081002331003,2378,0.16055,0.0517,B,-,tgt_sh 3.6%; team att 30.8; opp DvP 0.96; RZ tgt 0; car_sh 21.9%; team rush 29.3; opp d_ypc 1.03; inside-10 car 0,1.0,
Emmett Johnson,KC,LV,RB,KC@LV,last_td,0.040361081002331003,2378,0.16055,0.0517,B,-,tgt_sh 3.6%; team att 30.8; opp DvP 0.96; RZ tgt 0; car_sh 21.9%; team rush 29.3; opp d_ypc 1.03; inside-10 car 0,1.0,
Emmett Johnson,KC,LV,RB,KC@LV,2plus_td,0.01915,5122,0.16055,0.0517,B,-,tgt_sh 3.6%; team att 30.8; opp DvP 0.96; RZ tgt 0; car_sh 21.9%; team rush 29.3; opp d_ypc 1.03; inside-10 car 0,1.0,
Travis Kelce,KC,LV,TE,KC@LV,anytime_td,0.29355,241,0.0,0.34155,B,-,tgt_sh 19.2%; team att 30.8; opp DvP 1.00; RZ tgt 2,1.0,
Travis Kelce,KC,LV,TE,KC@LV,first_td,0.06506696706071706,1437,0.0,0.34155,B,-,tgt_sh 19.2%; team att 30.8; opp DvP 1.00; RZ tgt 2,1.0,
Travis Kelce,KC,LV,TE,KC@LV,last_td,0.06506696706071706,1437,0.0,0.34155,B,-,tgt_sh 19.2%; team att 30.8; opp DvP 1.00; RZ tgt 2,1.0,
Travis Kelce,KC,LV,TE,KC@LV,2plus_td,0.04345,2201,0.0,0.34155,B,-,tgt_sh 19.2%; team att 30.8; opp DvP 1.00; RZ tgt 2,1.0,
Rashee Rice,KC,LV,WR,KC@LV,anytime_td,0.36662099494097805,173,0.0,0.44540472175379425,C,no game designation yet (Full),tgt_sh 23.9%; team att 30.8; opp DvP 0.89; RZ tgt 4,0.9479829842591244,
Rashee Rice,KC,LV,WR,KC@LV,first_td,0.08490074910685155,1078,0.0,0.44540472175379425,C,no game designation yet (Full),tgt_sh 23.9%; team att 30.8; opp DvP 0.89; RZ tgt 4,0.9479829842591244,
Rashee Rice,KC,LV,WR,KC@LV,last_td,0.08490074910685155,1078,0.0,0.44540472175379425,C,no game designation yet (Full),tgt_sh 23.9%; team att 30.8; opp DvP 0.89; RZ tgt 4,0.9479829842591244,
Rashee Rice,KC,LV,WR,KC@LV,2plus_td,0.06987774030354131,1331,0.0,0.44540472175379425,C,no game designation yet (Full),tgt_sh 23.9%; team att 30.8; opp DvP 0.89; RZ tgt 4,0.9479829842591244,
Jalen Royals,KC,LV,WR,KC@LV,anytime_td,0.0586,1606,0.0,0.06015,C,-,w_td 0.03; team TD 2.83,1.0,
Jalen Royals,KC,LV,WR,KC@LV,first_td,0.011433066378066379,8647,0.0,0.06015,C,-,w_td 0.03; team TD 2.83,1.0,
Jalen Royals,KC,LV,WR,KC@LV,last_td,0.011433066378066379,8647,0.0,0.06015,C,-,w_td 0.03; team TD 2.83,1.0,
Jalen Royals,KC,LV,WR,KC@LV,2plus_td,0.00155,64416,0.0,0.06015,C,-,w_td 0.03; team TD 2.83,1.0,
Brashard Smith,KC,LV,RB,KC@LV,anytime_td,0.08365,1095,0.0125,0.0753,C,-,w_td 0.05; team TD 2.83,1.0,
Brashard Smith,KC,LV,RB,KC@LV,first_td,0.016425485764235765,5988,0.0125,0.0753,C,-,w_td 0.05; team TD 2.83,1.0,
Brashard Smith,KC,LV,RB,KC@LV,last_td,0.016425485764235765,5988,0.0125,0.0753,C,-,w_td 0.05; team TD 2.83,1.0,
Brashard Smith,KC,LV,RB,KC@LV,2plus_td,0.004,24900,0.0125,0.0753,C,-,w_td 0.05; team TD 2.83,1.0,
Tyquan Thornton,KC,LV,WR,KC@LV,anytime_td,0.09815,919,0.0,0.10245,C,-,tgt_sh 7.6%; team att 30.8; opp DvP 0.89; RZ tgt 0,1.0,
Tyquan Thornton,KC,LV,WR,KC@LV,first_td,0.019460818903318904,5039,0.0,0.10245,C,-,tgt_sh 7.6%; team att 30.8; opp DvP 0.89; RZ tgt 0,1.0,
Tyquan Thornton,KC,LV,WR,KC@LV,last_td,0.019460818903318904,5039,0.0,0.10245,C,-,tgt_sh 7.6%; team att 30.8; opp DvP 0.89; RZ tgt 0,1.0,
Tyquan Thornton,KC,LV,WR,KC@LV,2plus_td,0.0042,23710,0.0,0.10245,C,-,tgt_sh 7.6%; team att 30.8; opp DvP 0.89; RZ tgt 0,1.0,
Kenneth Walker III,KC,LV,RB,KC@LV,anytime_td,0.6407,-178,0.6102,0.3575,B,-,tgt_sh 14.4%; team att 30.8; opp DvP 0.96; RZ tgt 5; car_sh 59.4%; team rush 29.3; opp d_ypc 1.03; inside-10 car 8,1.0,
Kenneth Walker III,KC,LV,RB,KC@LV,first_td,0.18621533258408257,437,0.6102,0.3575,B,-,tgt_sh 14.4%; team att 30.8; opp DvP 0.96; RZ tgt 5; car_sh 59.4%; team rush 29.3; opp d_ypc 1.03; inside-10 car 8,1.0,
Kenneth Walker III,KC,LV,RB,KC@LV,last_td,0.18621533258408257,437,0.6102,0.3575,B,-,tgt_sh 14.4%; team att 30.8; opp DvP 0.96; RZ tgt 5; car_sh 59.4%; team rush 29.3; opp d_ypc 1.03; inside-10 car 8,1.0,
Kenneth Walker III,KC,LV,RB,KC@LV,2plus_td,0.24975,300,0.6102,0.3575,B,-,tgt_sh 14.4%; team att 30.8; opp DvP 0.96; RZ tgt 5; car_sh 59.4%; team rush 29.3; opp d_ypc 1.03; inside-10 car 8,1.0,
Xavier Worthy,KC,LV,WR,KC@LV,anytime_td,0.2848,251,0.0,0.33215,B,-,tgt_sh 15.0%; team att 30.8; opp DvP 0.89; RZ tgt 4,1.0,
Xavier Worthy,KC,LV,WR,KC@LV,first_td,0.0630864423076923,1485,0.0,0.33215,B,-,tgt_sh 15.0%; team att 30.8; opp DvP 0.89; RZ tgt 4,1.0,
Xavier Worthy,KC,LV,WR,KC@LV,last_td,0.0630864423076923,1485,0.0,0.33215,B,-,tgt_sh 15.0%; team att 30.8; opp DvP 0.89; RZ tgt 4,1.0,
Xavier Worthy,KC,LV,WR,KC@LV,2plus_td,0.04305,2223,0.0,0.33215,B,-,tgt_sh 15.0%; team att 30.8; opp DvP 0.89; RZ tgt 4,1.0,
Kirk Cousins,LV,KC,QB,KC@LV,anytime_td,0.04115,2330,0.04245,0.0,B,-,team att 31.5; ypa 6.55; opp d_ypa 0.91; pass rate 53.8%,1.0,
Kirk Cousins,LV,KC,QB,KC@LV,first_td,0.008101777250527251,12243,0.04245,0.0,B,-,team att 31.5; ypa 6.55; opp d_ypa 0.91; pass rate 53.8%,1.0,
Kirk Cousins,LV,KC,QB,KC@LV,last_td,0.008101777250527251,12243,0.04245,0.0,B,-,team att 31.5; ypa 6.55; opp d_ypa 0.91; pass rate 53.8%,1.0,
Kirk Cousins,LV,KC,QB,KC@LV,2plus_td,0.0013,76823,0.04245,0.0,B,-,team att 31.5; ypa 6.55; opp d_ypa 0.91; pass rate 53.8%,1.0,
Cody White,LV,KC,WR,KC@LV,anytime_td,0.14648049367221003,583,0.0,0.15756720008367325,C,no game designation yet (Limited),tgt_sh 4.5%; team att 31.5; opp DvP 0.91; RZ tgt 4,0.9575230478992892,
Cody White,LV,KC,WR,KC@LV,first_td,0.029433021655331036,3298,0.0,0.15756720008367325,C,no game designation yet (Limited),tgt_sh 4.5%; team att 31.5; opp DvP 0.91; RZ tgt 4,0.9575230478992892,
Cody White,LV,KC,WR,KC@LV,last_td,0.029433021655331036,3298,0.0,0.15756720008367325,C,no game designation yet (Limited),tgt_sh 4.5%; team att 31.5; opp DvP 0.91; RZ tgt 4,0.9575230478992892,
Cody White,LV,KC,WR,KC@LV,2plus_td,0.010563748561865914,9366,0.0,0.15756720008367325,C,no game designation yet (Limited),tgt_sh 4.5%; team att 31.5; opp DvP 0.91; RZ tgt 4,0.9575230478992892,
Malik Benson,LV,KC,WR,KC@LV,anytime_td,0.0428194297782471,2235,0.00395987328405491,0.0397571277719113,C,no game designation yet (Full),w_td 0.03; team TD 2.19,0.9479829842591244,
Malik Benson,LV,KC,WR,KC@LV,first_td,0.008141284826870886,12183,0.00395987328405491,0.0397571277719113,C,no game designation yet (Full),w_td 0.03; team TD 2.19,0.9479829842591244,
Malik Benson,LV,KC,WR,KC@LV,last_td,0.008141284826870886,12183,0.00395987328405491,0.0397571277719113,C,no game designation yet (Full),w_td 0.03; team TD 2.19,0.9479829842591244,
Malik Benson,LV,KC,WR,KC@LV,2plus_td,0.000897571277719113,111312,0.00395987328405491,0.0397571277719113,C,no game designation yet (Full),w_td 0.03; team TD 2.19,0.9479829842591244,
Brock Bowers,LV,KC,TE,KC@LV,anytime_td,0.3684786574242977,171,0.0,0.4482722676812425,C,no game designation yet (Limited),tgt_sh 25.8%; team att 31.5; opp DvP 1.19; RZ tgt 3,0.9575230478992892,
Brock Bowers,LV,KC,TE,KC@LV,first_td,0.08451740403582796,1083,0.0,0.4482722676812425,C,no game designation yet (Limited),tgt_sh 25.8%; team att 31.5; opp DvP 1.19; RZ tgt 3,0.9575230478992892,
Brock Bowers,LV,KC,TE,KC@LV,last_td,0.08451740403582796,1083,0.0,0.4482722676812425,C,no game designation yet (Limited),tgt_sh 25.8%; team att 31.5; opp DvP 1.19; RZ tgt 3,0.9575230478992892,
Brock Bowers,LV,KC,TE,KC@LV,2plus_td,0.07098556314171053,1309,0.0,0.4482722676812425,C,no game designation yet (Limited),tgt_sh 25.8%; team att 31.5; opp DvP 1.19; RZ tgt 3,0.9575230478992892,
Connor Heyward,LV,KC,RB,KC@LV,anytime_td,0.02835,3427,0.02285,0.00595,C,-,w_td 0.04; team TD 2.19,1.0,
Connor Heyward,LV,KC,RB,KC@LV,first_td,0.0055733297258297254,17843,0.02285,0.00595,C,-,w_td 0.04; team TD 2.19,1.0,
Connor Heyward,LV,KC,RB,KC@LV,last_td,0.0055733297258297254,17843,0.02285,0.00595,C,-,w_td 0.04; team TD 2.19,1.0,
Connor Heyward,LV,KC,RB,KC@LV,2plus_td,0.00045,222122,0.02285,0.00595,C,-,w_td 0.04; team TD 2.19,1.0,
Ashton Jeanty,LV,KC,RB,KC@LV,anytime_td,0.5167527130966179,-107,0.4110209672321146,0.29074913075545256,B,no game designation yet (Full),tgt_sh 14.7%; team att 31.5; opp DvP 0.93; RZ tgt 4; car_sh 61.4%; team rush 28.3; opp d_ypc 0.96; inside-10 car 7,0.9508674235277402,
Ashton Jeanty,LV,KC,RB,KC@LV,first_td,0.13336861221172672,650,0.4110209672321146,0.29074913075545256,B,no game designation yet (Full),tgt_sh 14.7%; team att 31.5; opp DvP 0.93; RZ tgt 4; car_sh 61.4%; team rush 28.3; opp d_ypc 0.96; inside-10 car 7,0.9508674235277402,
Ashton Jeanty,LV,KC,RB,KC@LV,last_td,0.13336861221172672,650,0.4110209672321146,0.29074913075545256,B,no game designation yet (Full),tgt_sh 14.7%; team att 31.5; opp DvP 0.93; RZ tgt 4; car_sh 61.4%; team rush 28.3; opp d_ypc 0.96; inside-10 car 7,0.9508674235277402,
Ashton Jeanty,LV,KC,RB,KC@LV,2plus_td,0.15203877357496576,558,0.4110209672321146,0.29074913075545256,B,no game designation yet (Full),tgt_sh 14.7%; team att 31.5; opp DvP 0.93; RZ tgt 4; car_sh 61.4%; team rush 28.3; opp d_ypc 0.96; inside-10 car 7,0.9508674235277402,
Michael Mayer,LV,KC,TE,KC@LV,anytime_td,0.23025,334,0.0,0.25845,B,-,tgt_sh 14.1%; team att 31.5; opp DvP 1.19; RZ tgt 2,1.0,
Michael Mayer,LV,KC,TE,KC@LV,first_td,0.04806549769674769,1980,0.0,0.25845,B,-,tgt_sh 14.1%; team att 31.5; opp DvP 1.19; RZ tgt 2,1.0,
Michael Mayer,LV,KC,TE,KC@LV,last_td,0.04806549769674769,1980,0.0,0.25845,B,-,tgt_sh 14.1%; team att 31.5; opp DvP 1.19; RZ tgt 2,1.0,
Michael Mayer,LV,KC,TE,KC@LV,2plus_td,0.0264,3688,0.0,0.25845,B,-,tgt_sh 14.1%; team att 31.5; opp DvP 1.19; RZ tgt 2,1.0,
Jalen Nailor,LV,KC,WR,KC@LV,anytime_td,0.1396,616,0.0,0.1489,C,-,tgt_sh 10.2%; team att 31.5; opp DvP 0.91; RZ tgt 1,1.0,
Jalen Nailor,LV,KC,WR,KC@LV,first_td,0.027792469197469194,3498,0.0,0.1489,C,-,tgt_sh 10.2%; team att 31.5; opp DvP 0.91; RZ tgt 1,1.0,
Jalen Nailor,LV,KC,WR,KC@LV,last_td,0.027792469197469194,3498,0.0,0.1489,C,-,tgt_sh 10.2%; team att 31.5; opp DvP 0.91; RZ tgt 1,1.0,
Jalen Nailor,LV,KC,WR,KC@LV,2plus_td,0.0091,10889,0.0,0.1489,C,-,tgt_sh 10.2%; team att 31.5; opp DvP 0.91; RZ tgt 1,1.0,
Ian Thomas,LV,KC,TE,KC@LV,anytime_td,0.0223,4384,0.0,0.0225,C,-,w_td 0.02; team TD 2.19,1.0,
Ian Thomas,LV,KC,TE,KC@LV,first_td,0.004193279775779776,23748,0.0,0.0225,C,-,w_td 0.02; team TD 2.19,1.0,
Ian Thomas,LV,KC,TE,KC@LV,last_td,0.004193279775779776,23748,0.0,0.0225,C,-,w_td 0.02; team TD 2.19,1.0,
Ian Thomas,LV,KC,TE,KC@LV,2plus_td,0.0002,499900,0.0,0.0225,C,-,w_td 0.02; team TD 2.19,1.0,
Tre Tucker,LV,KC,WR,KC@LV,anytime_td,0.2003,399,0.0,0.2212,C,-,tgt_sh 15.8%; team att 31.5; opp DvP 0.91; RZ tgt 1,1.0,
Tre Tucker,LV,KC,WR,KC@LV,first_td,0.04149818944943945,2310,0.0,0.2212,C,-,tgt_sh 15.8%; team att 31.5; opp DvP 0.91; RZ tgt 1,1.0,
Tre Tucker,LV,KC,WR,KC@LV,last_td,0.04149818944943945,2310,0.0,0.2212,C,-,tgt_sh 15.8%; team att 31.5; opp DvP 0.91; RZ tgt 1,1.0,
Tre Tucker,LV,KC,WR,KC@LV,2plus_td,0.0198,4951,0.0,0.2212,C,-,tgt_sh 15.8%; team att 31.5; opp DvP 0.91; RZ tgt 1,1.0,
Mike Washington Jr.,LV,KC,RB,KC@LV,anytime_td,0.13595,636,0.1321,0.01555,B,-,car_sh 21.0%; team rush 28.3; opp d_ypc 0.96; inside-10 car 1,1.0,
Mike Washington Jr.,LV,KC,RB,KC@LV,first_td,0.028130535714285712,3455,0.1321,0.01555,B,-,car_sh 21.0%; team rush 28.3; opp d_ypc 0.96; inside-10 car 1,1.0,
Mike Washington Jr.,LV,KC,RB,KC@LV,last_td,0.028130535714285712,3455,0.1321,0.01555,B,-,car_sh 21.0%; team rush 28.3; opp d_ypc 0.96; inside-10 car 1,1.0,
Mike Washington Jr.,LV,KC,RB,KC@LV,2plus_td,0.0109,9074,0.1321,0.01555,B,-,car_sh 21.0%; team rush 28.3; opp d_ypc 0.96; inside-10 car 1,1.0,
Justin Herbert,LAC,SEA,QB,LAC@SEA,anytime_td,0.09575,944,0.10055,0.0,B,-,team att 31.4; ypa 6.19; opp d_ypa 0.86; pass rate 56.5%,1.0,
Justin Herbert,LAC,SEA,QB,LAC@SEA,first_td,0.020529812964812964,4771,0.10055,0.0,B,-,team att 31.4; ypa 6.19; opp d_ypa 0.86; pass rate 56.5%,1.0,
Justin Herbert,LAC,SEA,QB,LAC@SEA,last_td,0.020529812964812964,4771,0.10055,0.0,B,-,team att 31.4; ypa 6.19; opp d_ypa 0.86; pass rate 56.5%,1.0,
Justin Herbert,LAC,SEA,QB,LAC@SEA,2plus_td,0.00475,20953,0.10055,0.0,B,-,team att 31.4; ypa 6.19; opp d_ypa 0.86; pass rate 56.5%,1.0,
Derius Davis,LAC,SEA,WR,LAC@SEA,anytime_td,0.01855,5291,0.0,0.0186,C,-,w_td 0.01; team TD 1.84,1.0,
Derius Davis,LAC,SEA,WR,LAC@SEA,first_td,0.003805698051948052,26176,0.0,0.0186,C,-,w_td 0.01; team TD 1.84,1.0,
Derius Davis,LAC,SEA,WR,LAC@SEA,last_td,0.003805698051948052,26176,0.0,0.0186,C,-,w_td 0.01; team TD 1.84,1.0,
Derius Davis,LAC,SEA,WR,LAC@SEA,2plus_td,5e-05,999900,0.0,0.0186,C,-,w_td 0.01; team TD 1.84,1.0,
Oronde Gadsden II,LAC,SEA,TE,LAC@SEA,anytime_td,0.1852,440,0.0,0.20395,C,-,tgt_sh 10.3%; team att 31.4; opp DvP 0.97; RZ tgt 2,1.0,
Oronde Gadsden II,LAC,SEA,TE,LAC@SEA,first_td,0.041652218614718614,2301,0.0,0.20395,C,-,tgt_sh 10.3%; team att 31.4; opp DvP 0.97; RZ tgt 2,1.0,
Oronde Gadsden II,LAC,SEA,TE,LAC@SEA,last_td,0.041652218614718614,2301,0.0,0.20395,C,-,tgt_sh 10.3%; team att 31.4; opp DvP 0.97; RZ tgt 2,1.0,
Oronde Gadsden II,LAC,SEA,TE,LAC@SEA,2plus_td,0.0177,5550,0.0,0.20395,C,-,tgt_sh 10.3%; team att 31.4; opp DvP 0.97; RZ tgt 2,1.0,
Omarion Hampton,LAC,SEA,RB,LAC@SEA,anytime_td,0.3304,203,0.3173,0.07725,B,-,tgt_sh 5.8%; team att 31.4; opp DvP 1.01; RZ tgt 0; car_sh 53.0%; team rush 26.3; opp d_ypc 0.90; inside-10 car 5,1.0,
Omarion Hampton,LAC,SEA,RB,LAC@SEA,first_td,0.08062219752469753,1140,0.3173,0.07725,B,-,tgt_sh 5.8%; team att 31.4; opp DvP 1.01; RZ tgt 0; car_sh 53.0%; team rush 26.3; opp d_ypc 0.90; inside-10 car 5,1.0,
Omarion Hampton,LAC,SEA,RB,LAC@SEA,last_td,0.08062219752469753,1140,0.3173,0.07725,B,-,tgt_sh 5.8%; team att 31.4; opp DvP 1.01; RZ tgt 0; car_sh 53.0%; team rush 26.3; opp d_ypc 0.90; inside-10 car 5,1.0,
Omarion Hampton,LAC,SEA,RB,LAC@SEA,2plus_td,0.057,1654,0.3173,0.07725,B,-,tgt_sh 5.8%; team att 31.4; opp DvP 1.01; RZ tgt 0; car_sh 53.0%; team rush 26.3; opp d_ypc 0.90; inside-10 car 5,1.0,
Tre Harris,LAC,SEA,WR,LAC@SEA,anytime_td,0.24655,306,0.0,0.27925,B,-,tgt_sh 12.3%; team att 31.4; opp DvP 1.01; RZ tgt 3,1.0,
Tre Harris,LAC,SEA,WR,LAC@SEA,first_td,0.05711848665223665,1651,0.0,0.27925,B,-,tgt_sh 12.3%; team att 31.4; opp DvP 1.01; RZ tgt 3,1.0,
Tre Harris,LAC,SEA,WR,LAC@SEA,last_td,0.05711848665223665,1651,0.0,0.27925,B,-,tgt_sh 12.3%; team att 31.4; opp DvP 1.01; RZ tgt 3,1.0,
Tre Harris,LAC,SEA,WR,LAC@SEA,2plus_td,0.03055,3173,0.0,0.27925,B,-,tgt_sh 12.3%; team att 31.4; opp DvP 1.01; RZ tgt 3,1.0,
Alec Ingold,LAC,SEA,RB,LAC@SEA,anytime_td,0.07355,1260,0.0019,0.0745,C,-,tgt_sh 2.8%; team att 31.4; opp DvP 1.01; RZ tgt 1,1.0,
Alec Ingold,LAC,SEA,RB,LAC@SEA,first_td,0.015455568736818736,6370,0.0019,0.0745,C,-,tgt_sh 2.8%; team att 31.4; opp DvP 1.01; RZ tgt 1,1.0,
Alec Ingold,LAC,SEA,RB,LAC@SEA,last_td,0.015455568736818736,6370,0.0019,0.0745,C,-,tgt_sh 2.8%; team att 31.4; opp DvP 1.01; RZ tgt 1,1.0,
Alec Ingold,LAC,SEA,RB,LAC@SEA,2plus_td,0.0028,35614,0.0019,0.0745,C,-,tgt_sh 2.8%; team att 31.4; opp DvP 1.01; RZ tgt 1,1.0,
Quentin Johnston,LAC,SEA,WR,LAC@SEA,anytime_td,0.2207,353,0.00335,0.24155,B,-,tgt_sh 17.9%; team att 31.4; opp DvP 1.01; RZ tgt 0,1.0,
Quentin Johnston,LAC,SEA,WR,LAC@SEA,first_td,0.049698042929292925,1912,0.00335,0.24155,B,-,tgt_sh 17.9%; team att 31.4; opp DvP 1.01; RZ tgt 0,1.0,
Quentin Johnston,LAC,SEA,WR,LAC@SEA,last_td,0.049698042929292925,1912,0.00335,0.24155,B,-,tgt_sh 17.9%; team att 31.4; opp DvP 1.01; RZ tgt 0,1.0,
Quentin Johnston,LAC,SEA,WR,LAC@SEA,2plus_td,0.02285,4276,0.00335,0.24155,B,-,tgt_sh 17.9%; team att 31.4; opp DvP 1.01; RZ tgt 0,1.0,
Ladd McConkey,LAC,SEA,WR,LAC@SEA,anytime_td,0.2439042745334136,310,0.0,0.274157134256472,C,Questionable (Limited),tgt_sh 16.9%; team att 31.4; opp DvP 1.01; RZ tgt 2,0.6667342299285288,
Ladd McConkey,LAC,SEA,WR,LAC@SEA,first_td,0.05553795241483382,1701,0.0,0.274157134256472,C,Questionable (Limited),tgt_sh 16.9%; team att 31.4; opp DvP 1.01; RZ tgt 2,0.6667342299285288,
Ladd McConkey,LAC,SEA,WR,LAC@SEA,last_td,0.05553795241483382,1701,0.0,0.274157134256472,C,Questionable (Limited),tgt_sh 16.9%; team att 31.4; opp DvP 1.01; RZ tgt 2,0.6667342299285288,
Ladd McConkey,LAC,SEA,WR,LAC@SEA,2plus_td,0.028296207104154123,3434,0.0,0.274157134256472,C,Questionable (Limited),tgt_sh 16.9%; team att 31.4; opp DvP 1.01; RZ tgt 2,0.6667342299285288,
Keaton Mitchell,LAC,SEA,RB,LAC@SEA,anytime_td,0.17770640269587196,463,0.10672914911541702,0.08708930075821399,B,no game designation yet (Full),tgt_sh 3.4%; team att 31.4; opp DvP 1.01; RZ tgt 1; car_sh 19.3%; team rush 26.3; opp d_ypc 0.90; inside-10 car 1,0.9508674235277402,
Keaton Mitchell,LAC,SEA,RB,LAC@SEA,first_td,0.03985158822853642,2409,0.10672914911541702,0.08708930075821399,B,no game designation yet (Full),tgt_sh 3.4%; team att 31.4; opp DvP 1.01; RZ tgt 1; car_sh 19.3%; team rush 26.3; opp d_ypc 0.90; inside-10 car 1,0.9508674235277402,
Keaton Mitchell,LAC,SEA,RB,LAC@SEA,last_td,0.03985158822853642,2409,0.10672914911541702,0.08708930075821399,B,no game designation yet (Full),tgt_sh 3.4%; team att 31.4; opp DvP 1.01; RZ tgt 1; car_sh 19.3%; team rush 26.3; opp d_ypc 0.90; inside-10 car 1,0.9508674235277402,
Keaton Mitchell,LAC,SEA,RB,LAC@SEA,2plus_td,0.015585509688289806,6316,0.10672914911541702,0.08708930075821399,B,no game designation yet (Full),tgt_sh 3.4%; team att 31.4; opp DvP 1.01; RZ tgt 1; car_sh 19.3%; team rush 26.3; opp d_ypc 0.90; inside-10 car 1,0.9508674235277402,
Marquez Valdes-Scantling,LAC,SEA,WR,LAC@SEA,anytime_td,0.0512,1853,0.0,0.05235,C,-,tgt_sh 3.8%; team att 31.4; opp DvP 1.01; RZ tgt 0,1.0,
Marquez Valdes-Scantling,LAC,SEA,WR,LAC@SEA,first_td,0.010741171189921189,9210,0.0,0.05235,C,-,tgt_sh 3.8%; team att 31.4; opp DvP 1.01; RZ tgt 0,1.0,
Marquez Valdes-Scantling,LAC,SEA,WR,LAC@SEA,last_td,0.010741171189921189,9210,0.0,0.05235,C,-,tgt_sh 3.8%; team att 31.4; opp DvP 1.01; RZ tgt 0,1.0,
Marquez Valdes-Scantling,LAC,SEA,WR,LAC@SEA,2plus_td,0.00115,86857,0.0,0.05235,C,-,tgt_sh 3.8%; team att 31.4; opp DvP 1.01; RZ tgt 0,1.0,
Kimani Vidal,LAC,SEA,RB,LAC@SEA,anytime_td,0.08225,1116,0.03965,0.04585,C,-,tgt_sh 3.3%; team att 31.4; opp DvP 1.01; RZ tgt 0,1.0,
Kimani Vidal,LAC,SEA,RB,LAC@SEA,first_td,0.017775750360750363,5526,0.03965,0.04585,C,-,tgt_sh 3.3%; team att 31.4; opp DvP 1.01; RZ tgt 0,1.0,
Kimani Vidal,LAC,SEA,RB,LAC@SEA,last_td,0.017775750360750363,5526,0.03965,0.04585,C,-,tgt_sh 3.3%; team att 31.4; opp DvP 1.01; RZ tgt 0,1.0,
Kimani Vidal,LAC,SEA,RB,LAC@SEA,2plus_td,0.0032,31150,0.03965,0.04585,C,-,tgt_sh 3.3%; team att 31.4; opp DvP 1.01; RZ tgt 0,1.0,
Sam Darnold,SEA,LAC,QB,LAC@SEA,anytime_td,0.03405,2837,0.03475,0.0,C,-,team att 32.1; ypa 8.36; opp d_ypa 1.05; pass rate 54.2%,1.0,
Sam Darnold,SEA,LAC,QB,LAC@SEA,first_td,0.007169294733044732,13848,0.03475,0.0,C,-,team att 32.1; ypa 8.36; opp d_ypa 1.05; pass rate 54.2%,1.0,
Sam Darnold,SEA,LAC,QB,LAC@SEA,last_td,0.007169294733044732,13848,0.03475,0.0,C,-,team att 32.1; ypa 8.36; opp d_ypa 1.05; pass rate 54.2%,1.0,
Sam Darnold,SEA,LAC,QB,LAC@SEA,2plus_td,0.0007,142757,0.03475,0.0,C,-,team att 32.1; ypa 8.36; opp d_ypa 1.05; pass rate 54.2%,1.0,
Elijah Arroyo,SEA,LAC,TE,LAC@SEA,anytime_td,0.05065,1874,0.0,0.052,C,-,w_td 0.03; team TD 2.76,1.0,
Elijah Arroyo,SEA,LAC,TE,LAC@SEA,first_td,0.010662133838383837,9279,0.0,0.052,C,-,w_td 0.03; team TD 2.76,1.0,
Elijah Arroyo,SEA,LAC,TE,LAC@SEA,last_td,0.010662133838383837,9279,0.0,0.052,C,-,w_td 0.03; team TD 2.76,1.0,
Elijah Arroyo,SEA,LAC,TE,LAC@SEA,2plus_td,0.0013,76823,0.0,0.052,C,-,w_td 0.03; team TD 2.76,1.0,
AJ Barner,SEA,LAC,TE,LAC@SEA,anytime_td,0.30615,227,0.028,0.33075,B,-,tgt_sh 13.2%; team att 32.1; opp DvP 0.93; RZ tgt 4,1.0,
AJ Barner,SEA,LAC,TE,LAC@SEA,first_td,0.07437215728715728,1245,0.028,0.33075,B,-,tgt_sh 13.2%; team att 32.1; opp DvP 0.93; RZ tgt 4,1.0,
AJ Barner,SEA,LAC,TE,LAC@SEA,last_td,0.07437215728715728,1245,0.028,0.33075,B,-,tgt_sh 13.2%; team att 32.1; opp DvP 0.93; RZ tgt 4,1.0,
AJ Barner,SEA,LAC,TE,LAC@SEA,2plus_td,0.0482,1975,0.028,0.33075,B,-,tgt_sh 13.2%; team att 32.1; opp DvP 0.93; RZ tgt 4,1.0,
George Holani,SEA,LAC,RB,LAC@SEA,anytime_td,0.2797547245677523,257,0.21843586650583033,0.10147768395657418,B,no game designation yet (Limited),tgt_sh 4.8%; team att 32.1; opp DvP 0.91; RZ tgt 1; car_sh 18.1%; team rush 28.3; opp d_ypc 0.93; inside-10 car 3,0.9951309141019752,
George Holani,SEA,LAC,RB,LAC@SEA,first_td,0.06720799709717079,1388,0.21843586650583033,0.10147768395657418,B,no game designation yet (Limited),tgt_sh 4.8%; team att 32.1; opp DvP 0.91; RZ tgt 1; car_sh 18.1%; team rush 28.3; opp d_ypc 0.93; inside-10 car 3,0.9951309141019752,
George Holani,SEA,LAC,RB,LAC@SEA,last_td,0.06720799709717079,1388,0.21843586650583033,0.10147768395657418,B,no game designation yet (Limited),tgt_sh 4.8%; team att 32.1; opp DvP 0.91; RZ tgt 1; car_sh 18.1%; team rush 28.3; opp d_ypc 0.93; inside-10 car 3,0.9951309141019752,
George Holani,SEA,LAC,RB,LAC@SEA,2plus_td,0.03714314435062324,2592,0.21843586650583033,0.10147768395657418,B,no game designation yet (Limited),tgt_sh 4.8%; team att 32.1; opp DvP 0.91; RZ tgt 1; car_sh 18.1%; team rush 28.3; opp d_ypc 0.93; inside-10 car 3,0.9951309141019752,
Tory Horton,SEA,LAC,WR,LAC@SEA,anytime_td,0.0893,1020,0.0,0.0928,C,-,tgt_sh 6.4%; team att 32.1; opp DvP 0.90; RZ tgt 0,1.0,
Tory Horton,SEA,LAC,WR,LAC@SEA,first_td,0.01914069139194139,5124,0.0,0.0928,C,-,tgt_sh 6.4%; team att 32.1; opp DvP 0.90; RZ tgt 0,1.0,
Tory Horton,SEA,LAC,WR,LAC@SEA,last_td,0.01914069139194139,5124,0.0,0.0928,C,-,tgt_sh 6.4%; team att 32.1; opp DvP 0.90; RZ tgt 0,1.0,
Tory Horton,SEA,LAC,WR,LAC@SEA,2plus_td,0.00345,28886,0.0,0.0928,C,-,tgt_sh 6.4%; team att 32.1; opp DvP 0.90; RZ tgt 0,1.0,
Cooper Kupp,SEA,LAC,WR,LAC@SEA,anytime_td,0.19395,416,0.0,0.21275,C,-,tgt_sh 11.9%; team att 32.1; opp DvP 0.90; RZ tgt 1,1.0,
Cooper Kupp,SEA,LAC,WR,LAC@SEA,first_td,0.043815373931623935,2182,0.0,0.21275,C,-,tgt_sh 11.9%; team att 32.1; opp DvP 0.90; RZ tgt 1,1.0,
Cooper Kupp,SEA,LAC,WR,LAC@SEA,last_td,0.043815373931623935,2182,0.0,0.21275,C,-,tgt_sh 11.9%; team att 32.1; opp DvP 0.90; RZ tgt 1,1.0,
Cooper Kupp,SEA,LAC,WR,LAC@SEA,2plus_td,0.01715,5731,0.0,0.21275,C,-,tgt_sh 11.9%; team att 32.1; opp DvP 0.90; RZ tgt 1,1.0,
Brady Russell,SEA,LAC,RB,LAC@SEA,anytime_td,0.03065,3163,0.0,0.0312,C,-,w_td 0.02; team TD 2.76,1.0,
Brady Russell,SEA,LAC,RB,LAC@SEA,first_td,0.00647437049062049,15346,0.0,0.0312,C,-,w_td 0.02; team TD 2.76,1.0,
Brady Russell,SEA,LAC,RB,LAC@SEA,last_td,0.00647437049062049,15346,0.0,0.0312,C,-,w_td 0.02; team TD 2.76,1.0,
Brady Russell,SEA,LAC,RB,LAC@SEA,2plus_td,0.00055,181718,0.0,0.0312,C,-,w_td 0.02; team TD 2.76,1.0,
Eric Saubert,SEA,LAC,TE,LAC@SEA,anytime_td,0.0914,994,0.0,0.09665,C,-,w_td 0.05; team TD 2.76,1.0,
Eric Saubert,SEA,LAC,TE,LAC@SEA,first_td,0.020009417388167385,4898,0.0,0.09665,C,-,w_td 0.05; team TD 2.76,1.0,
Eric Saubert,SEA,LAC,TE,LAC@SEA,last_td,0.020009417388167385,4898,0.0,0.09665,C,-,w_td 0.05; team TD 2.76,1.0,
Eric Saubert,SEA,LAC,TE,LAC@SEA,2plus_td,0.00505,19702,0.0,0.09665,C,-,w_td 0.05; team TD 2.76,1.0,
Rashid Shaheed,SEA,LAC,WR,LAC@SEA,anytime_td,0.19408102975311248,415,0.006435956952943659,0.20853555602447774,C,no game designation yet (Full),tgt_sh 14.0%; team att 32.1; opp DvP 0.90; RZ tgt 0,0.9479829842591244,
Rashid Shaheed,SEA,LAC,WR,LAC@SEA,first_td,0.044456348292864434,2149,0.006435956952943659,0.20853555602447774,C,no game designation yet (Full),tgt_sh 14.0%; team att 32.1; opp DvP 0.90; RZ tgt 0,0.9479829842591244,
Rashid Shaheed,SEA,LAC,WR,LAC@SEA,last_td,0.044456348292864434,2149,0.006435956952943659,0.20853555602447774,C,no game designation yet (Full),tgt_sh 14.0%; team att 32.1; opp DvP 0.90; RZ tgt 0,0.9479829842591244,
Rashid Shaheed,SEA,LAC,WR,LAC@SEA,2plus_td,0.02004642329605402,4888,0.006435956952943659,0.20853555602447774,C,no game designation yet (Full),tgt_sh 14.0%; team att 32.1; opp DvP 0.90; RZ tgt 0,0.9479829842591244,
Jaxon Smith-Njigba,SEA,LAC,WR,LAC@SEA,anytime_td,0.55165,-123,0.0,0.76725,B,-,tgt_sh 31.8%; team att 32.1; opp DvP 0.90; RZ tgt 9,1.0,
Jaxon Smith-Njigba,SEA,LAC,WR,LAC@SEA,first_td,0.15925766039516037,528,0.0,0.76725,B,-,tgt_sh 31.8%; team att 32.1; opp DvP 0.90; RZ tgt 9,1.0,
Jaxon Smith-Njigba,SEA,LAC,WR,LAC@SEA,last_td,0.15925766039516037,528,0.0,0.76725,B,-,tgt_sh 31.8%; team att 32.1; opp DvP 0.90; RZ tgt 9,1.0,
Jaxon Smith-Njigba,SEA,LAC,WR,LAC@SEA,2plus_td,0.17505,471,0.0,0.76725,B,-,tgt_sh 31.8%; team att 32.1; opp DvP 0.90; RZ tgt 9,1.0,
Emanuel Wilson,SEA,LAC,RB,LAC@SEA,anytime_td,0.40855,145,0.4559,0.0582,B,-,car_sh 36.3%; team rush 28.3; opp d_ypc 0.93; inside-10 car 7,1.0,
Emanuel Wilson,SEA,LAC,RB,LAC@SEA,first_td,0.10823742840492842,824,0.4559,0.0582,B,-,car_sh 36.3%; team rush 28.3; opp d_ypc 0.93; inside-10 car 7,1.0,
Emanuel Wilson,SEA,LAC,RB,LAC@SEA,last_td,0.10823742840492842,824,0.4559,0.0582,B,-,car_sh 36.3%; team rush 28.3; opp d_ypc 0.93; inside-10 car 7,1.0,
Emanuel Wilson,SEA,LAC,RB,LAC@SEA,2plus_td,0.0919,988,0.4559,0.0582,B,-,car_sh 36.3%; team rush 28.3; opp d_ypc 0.93; inside-10 car 7,1.0,
Bo Nix,DEN,SF,QB,DEN@SF,anytime_td,0.1593,528,0.1734,0.0,B,-,team att 34.0; ypa 6.63; opp d_ypa 0.94; pass rate 58.8%,1.0,
Bo Nix,DEN,SF,QB,DEN@SF,first_td,0.030305034687534687,3200,0.1734,0.0,B,-,team att 34.0; ypa 6.63; opp d_ypa 0.94; pass rate 58.8%,1.0,
Bo Nix,DEN,SF,QB,DEN@SF,last_td,0.030305034687534687,3200,0.1734,0.0,B,-,team att 34.0; ypa 6.63; opp d_ypa 0.94; pass rate 58.8%,1.0,
Bo Nix,DEN,SF,QB,DEN@SF,2plus_td,0.0132,7476,0.1734,0.0,B,-,team att 34.0; ypa 6.63; opp d_ypa 0.94; pass rate 58.8%,1.0,
Nate Adkins,DEN,SF,TE,DEN@SF,anytime_td,0.1314,661,0.00625,0.1327,C,-,tgt_sh 3.6%; team att 34.0; opp DvP 1.02; RZ tgt 3,1.0,
Nate Adkins,DEN,SF,TE,DEN@SF,first_td,0.02401656288156288,4064,0.00625,0.1327,C,-,tgt_sh 3.6%; team att 34.0; opp DvP 1.02; RZ tgt 3,1.0,
Nate Adkins,DEN,SF,TE,DEN@SF,last_td,0.02401656288156288,4064,0.00625,0.1327,C,-,tgt_sh 3.6%; team att 34.0; opp DvP 1.02; RZ tgt 3,1.0,
Nate Adkins,DEN,SF,TE,DEN@SF,2plus_td,0.00745,13323,0.00625,0.1327,C,-,tgt_sh 3.6%; team att 34.0; opp DvP 1.02; RZ tgt 3,1.0,
Tyler Badie,DEN,SF,RB,DEN@SF,anytime_td,0.1433,598,0.03,0.1238,C,-,tgt_sh 4.6%; team att 34.0; opp DvP 1.13; RZ tgt 2,1.0,
Tyler Badie,DEN,SF,RB,DEN@SF,first_td,0.026789033466533465,3633,0.03,0.1238,C,-,tgt_sh 4.6%; team att 34.0; opp DvP 1.13; RZ tgt 2,1.0,
Tyler Badie,DEN,SF,RB,DEN@SF,last_td,0.026789033466533465,3633,0.03,0.1238,C,-,tgt_sh 4.6%; team att 34.0; opp DvP 1.13; RZ tgt 2,1.0,
Tyler Badie,DEN,SF,RB,DEN@SF,2plus_td,0.0101,9801,0.03,0.1238,C,-,tgt_sh 4.6%; team att 34.0; opp DvP 1.13; RZ tgt 2,1.0,
Pat Bryant,DEN,SF,WR,DEN@SF,anytime_td,0.1299,670,0.0073,0.13185,C,-,tgt_sh 8.5%; team att 34.0; opp DvP 0.95; RZ tgt 1,1.0,
Pat Bryant,DEN,SF,WR,DEN@SF,first_td,0.02412880217005217,4044,0.0073,0.13185,C,-,tgt_sh 8.5%; team att 34.0; opp DvP 0.95; RZ tgt 1,1.0,
Pat Bryant,DEN,SF,WR,DEN@SF,last_td,0.02412880217005217,4044,0.0073,0.13185,C,-,tgt_sh 8.5%; team att 34.0; opp DvP 0.95; RZ tgt 1,1.0,
Pat Bryant,DEN,SF,WR,DEN@SF,2plus_td,0.0088,11264,0.0073,0.13185,C,-,tgt_sh 8.5%; team att 34.0; opp DvP 0.95; RZ tgt 1,1.0,
J.K. Dobbins,DEN,SF,RB,DEN@SF,anytime_td,0.4375230372281607,129,0.5304091411721342,0.03127797377705229,B,no game designation yet (Full),car_sh 47.6%; team rush 25.1; opp d_ypc 0.95; inside-10 car 5,0.9508674235277402,
J.K. Dobbins,DEN,SF,RB,DEN@SF,first_td,0.09854541006007489,915,0.5304091411721342,0.03127797377705229,B,no game designation yet (Full),car_sh 47.6%; team rush 25.1; opp d_ypc 0.95; inside-10 car 5,0.9508674235277402,
J.K. Dobbins,DEN,SF,RB,DEN@SF,last_td,0.09854541006007489,915,0.5304091411721342,0.03127797377705229,B,no game designation yet (Full),car_sh 47.6%; team rush 25.1; opp d_ypc 0.95; inside-10 car 5,0.9508674235277402,
J.K. Dobbins,DEN,SF,RB,DEN@SF,2plus_td,0.10752461692380601,830,0.5304091411721342,0.03127797377705229,B,no game designation yet (Full),car_sh 47.6%; team rush 25.1; opp d_ypc 0.95; inside-10 car 5,0.9508674235277402,
Evan Engram,DEN,SF,TE,DEN@SF,anytime_td,0.1425,602,0.0,0.1529,C,-,tgt_sh 9.5%; team att 34.0; opp DvP 1.02; RZ tgt 1,1.0,
Evan Engram,DEN,SF,TE,DEN@SF,first_td,0.02649158105783106,3675,0.0,0.1529,C,-,tgt_sh 9.5%; team att 34.0; opp DvP 1.02; RZ tgt 1,1.0,
Evan Engram,DEN,SF,TE,DEN@SF,last_td,0.02649158105783106,3675,0.0,0.1529,C,-,tgt_sh 9.5%; team att 34.0; opp DvP 1.02; RZ tgt 1,1.0,
Evan Engram,DEN,SF,TE,DEN@SF,2plus_td,0.01,9900,0.0,0.1529,C,-,tgt_sh 9.5%; team att 34.0; opp DvP 1.02; RZ tgt 1,1.0,
Troy Franklin,DEN,SF,WR,DEN@SF,anytime_td,0.1375,627,0.01095,0.13545,C,-,tgt_sh 8.6%; team att 34.0; opp DvP 0.95; RZ tgt 1,1.0,
Troy Franklin,DEN,SF,WR,DEN@SF,first_td,0.02523800740925741,3862,0.01095,0.13545,C,-,tgt_sh 8.6%; team att 34.0; opp DvP 0.95; RZ tgt 1,1.0,
Troy Franklin,DEN,SF,WR,DEN@SF,last_td,0.02523800740925741,3862,0.01095,0.13545,C,-,tgt_sh 8.6%; team att 34.0; opp DvP 0.95; RZ tgt 1,1.0,
Troy Franklin,DEN,SF,WR,DEN@SF,2plus_td,0.00855,11596,0.01095,0.13545,C,-,tgt_sh 8.6%; team att 34.0; opp DvP 0.95; RZ tgt 1,1.0,
RJ Harvey,DEN,SF,RB,DEN@SF,anytime_td,0.29125,243,0.1228,0.21295,C,-,tgt_sh 11.5%; team att 34.0; opp DvP 1.13; RZ tgt 2; car_sh 13.2%; team rush 25.1; opp d_ypc 0.95; inside-10 car 0,1.0,
RJ Harvey,DEN,SF,RB,DEN@SF,first_td,0.058035590936840936,1623,0.1228,0.21295,C,-,tgt_sh 11.5%; team att 34.0; opp DvP 1.13; RZ tgt 2; car_sh 13.2%; team rush 25.1; opp d_ypc 0.95; inside-10 car 0,1.0,
RJ Harvey,DEN,SF,RB,DEN@SF,last_td,0.058035590936840936,1623,0.1228,0.21295,C,-,tgt_sh 11.5%; team att 34.0; opp DvP 1.13; RZ tgt 2; car_sh 13.2%; team rush 25.1; opp d_ypc 0.95; inside-10 car 0,1.0,
RJ Harvey,DEN,SF,RB,DEN@SF,2plus_td,0.0405,2369,0.1228,0.21295,C,-,tgt_sh 11.5%; team att 34.0; opp DvP 1.13; RZ tgt 2; car_sh 13.2%; team rush 25.1; opp d_ypc 0.95; inside-10 car 0,1.0,
Lil'Jordan Humphrey,DEN,SF,WR,DEN@SF,anytime_td,0.05515,1713,0.0,0.0562,C,-,tgt_sh 4.6%; team att 34.0; opp DvP 0.95; RZ tgt 0,1.0,
Lil'Jordan Humphrey,DEN,SF,WR,DEN@SF,first_td,0.00979478465978466,10110,0.0,0.0562,C,-,tgt_sh 4.6%; team att 34.0; opp DvP 0.95; RZ tgt 0,1.0,
Lil'Jordan Humphrey,DEN,SF,WR,DEN@SF,last_td,0.00979478465978466,10110,0.0,0.0562,C,-,tgt_sh 4.6%; team att 34.0; opp DvP 0.95; RZ tgt 0,1.0,
Lil'Jordan Humphrey,DEN,SF,WR,DEN@SF,2plus_td,0.00105,95138,0.0,0.0562,C,-,tgt_sh 4.6%; team att 34.0; opp DvP 0.95; RZ tgt 0,1.0,
Marvin Mims Jr.,DEN,SF,WR,DEN@SF,anytime_td,0.06282030961060918,1492,0.0,0.06503936175833465,C,no game designation yet (Full),tgt_sh 5.1%; team att 34.0; opp DvP 0.95; RZ tgt 0,0.9479829842591244,
Marvin Mims Jr.,DEN,SF,WR,DEN@SF,first_td,0.011212060982230583,8819,0.0,0.06503936175833465,C,no game designation yet (Full),tgt_sh 5.1%; team att 34.0; opp DvP 0.95; RZ tgt 0,0.9479829842591244,
Marvin Mims Jr.,DEN,SF,WR,DEN@SF,last_td,0.011212060982230583,8819,0.0,0.06503936175833465,C,no game designation yet (Full),tgt_sh 5.1%; team att 34.0; opp DvP 0.95; RZ tgt 0,0.9479829842591244,
Marvin Mims Jr.,DEN,SF,WR,DEN@SF,2plus_td,0.0022190521477254716,44964,0.0,0.06503936175833465,C,no game designation yet (Full),tgt_sh 5.1%; team att 34.0; opp DvP 0.95; RZ tgt 0,0.9479829842591244,
Courtland Sutton,DEN,SF,WR,DEN@SF,anytime_td,0.2811,256,0.0,0.3279,B,-,tgt_sh 15.4%; team att 34.0; opp DvP 0.95; RZ tgt 5,1.0,
Courtland Sutton,DEN,SF,WR,DEN@SF,first_td,0.056181330613830606,1680,0.0,0.3279,B,-,tgt_sh 15.4%; team att 34.0; opp DvP 0.95; RZ tgt 5,1.0,
Courtland Sutton,DEN,SF,WR,DEN@SF,last_td,0.056181330613830606,1680,0.0,0.3279,B,-,tgt_sh 15.4%; team att 34.0; opp DvP 0.95; RZ tgt 5,1.0,
Courtland Sutton,DEN,SF,WR,DEN@SF,2plus_td,0.0424,2258,0.0,0.3279,B,-,tgt_sh 15.4%; team att 34.0; opp DvP 0.95; RZ tgt 5,1.0,
Adam Trautman,DEN,SF,TE,DEN@SF,anytime_td,0.03585,2689,0.0,0.03635,C,-,w_td 0.02; team TD 2.55,1.0,
Adam Trautman,DEN,SF,TE,DEN@SF,first_td,0.006332696608946608,15691,0.0,0.03635,C,-,w_td 0.02; team TD 2.55,1.0,
Adam Trautman,DEN,SF,TE,DEN@SF,last_td,0.006332696608946608,15691,0.0,0.03635,C,-,w_td 0.02; team TD 2.55,1.0,
Adam Trautman,DEN,SF,TE,DEN@SF,2plus_td,0.0005,199900,0.0,0.03635,C,-,w_td 0.02; team TD 2.55,1.0,
Jaylen Waddle,DEN,SF,WR,DEN@SF,anytime_td,0.240466269318002,316,0.009335935439632893,0.2621973732791814,B,no game designation yet (Full),tgt_sh 18.7%; team att 34.0; opp DvP 0.95; RZ tgt 1,0.9479829842591244,
Jaylen Waddle,DEN,SF,WR,DEN@SF,first_td,0.047357772010971015,2012,0.009335935439632893,0.2621973732791814,B,no game designation yet (Full),tgt_sh 18.7%; team att 34.0; opp DvP 0.95; RZ tgt 1,0.9479829842591244,
Jaylen Waddle,DEN,SF,WR,DEN@SF,last_td,0.047357772010971015,2012,0.009335935439632893,0.2621973732791814,B,no game designation yet (Full),tgt_sh 18.7%; team att 34.0; opp DvP 0.95; RZ tgt 1,0.9479829842591244,
Jaylen Waddle,DEN,SF,WR,DEN@SF,2plus_td,0.029115459676143256,3335,0.009335935439632893,0.2621973732791814,B,no game designation yet (Full),tgt_sh 18.7%; team att 34.0; opp DvP 0.95; RZ tgt 1,0.9479829842591244,
Brock Purdy,SF,DEN,QB,DEN@SF,anytime_td,0.0976,925,0.10215,0.0,B,-,team att 31.1; ypa 8.02; opp d_ypa 0.98; pass rate 52.3%,1.0,
Brock Purdy,SF,DEN,QB,DEN@SF,first_td,0.017705765345765342,5548,0.10215,0.0,B,-,team att 31.1; ypa 8.02; opp d_ypa 0.98; pass rate 52.3%,1.0,
Brock Purdy,SF,DEN,QB,DEN@SF,last_td,0.017705765345765342,5548,0.10215,0.0,B,-,team att 31.1; ypa 8.02; opp d_ypa 0.98; pass rate 52.3%,1.0,
Brock Purdy,SF,DEN,QB,DEN@SF,2plus_td,0.00455,21878,0.10215,0.0,B,-,team att 31.1; ypa 8.02; opp d_ypa 0.98; pass rate 52.3%,1.0,
Kaelon Black,SF,DEN,RB,DEN@SF,anytime_td,0.2365,323,0.24085,0.02885,B,-,car_sh 24.9%; team rush 29.2; opp d_ypc 1.10; inside-10 car 1,1.0,
Kaelon Black,SF,DEN,RB,DEN@SF,first_td,0.04690550158175158,2032,0.24085,0.02885,B,-,car_sh 24.9%; team rush 29.2; opp d_ypc 1.10; inside-10 car 1,1.0,
Kaelon Black,SF,DEN,RB,DEN@SF,last_td,0.04690550158175158,2032,0.24085,0.02885,B,-,car_sh 24.9%; team rush 29.2; opp d_ypc 1.10; inside-10 car 1,1.0,
Kaelon Black,SF,DEN,RB,DEN@SF,2plus_td,0.02995,3239,0.24085,0.02885,B,-,car_sh 24.9%; team rush 29.2; opp d_ypc 1.10; inside-10 car 1,1.0,
Jacob Cowing,SF,DEN,WR,DEN@SF,anytime_td,0.039,2464,0.0,0.03995,C,-,w_td 0.02; team TD 2.97,1.0,
Jacob Cowing,SF,DEN,WR,DEN@SF,first_td,0.006873593073593073,14448,0.0,0.03995,C,-,w_td 0.02; team TD 2.97,1.0,
Jacob Cowing,SF,DEN,WR,DEN@SF,last_td,0.006873593073593073,14448,0.0,0.03995,C,-,w_td 0.02; team TD 2.97,1.0,
Jacob Cowing,SF,DEN,WR,DEN@SF,2plus_td,0.00095,105163,0.0,0.03995,C,-,w_td 0.02; team TD 2.97,1.0,
Mike Evans,SF,DEN,WR,DEN@SF,anytime_td,0.2950329144225015,239,0.0,0.34186116098144825,C,Questionable (Limited),tgt_sh 17.4%; team att 31.1; opp DvP 0.95; RZ tgt 2,0.6667342299285288,
Mike Evans,SF,DEN,WR,DEN@SF,first_td,0.059319875674229354,1586,0.0,0.34186116098144825,C,Questionable (Limited),tgt_sh 17.4%; team att 31.1; opp DvP 0.95; RZ tgt 2,0.6667342299285288,
Mike Evans,SF,DEN,WR,DEN@SF,last_td,0.059319875674229354,1586,0.0,0.34186116098144825,C,Questionable (Limited),tgt_sh 17.4%; team att 31.1; opp DvP 0.95; RZ tgt 2,0.6667342299285288,
Mike Evans,SF,DEN,WR,DEN@SF,2plus_td,0.042564332734889285,2249,0.0,0.34186116098144825,C,Questionable (Limited),tgt_sh 17.4%; team att 31.1; opp DvP 0.95; RZ tgt 2,0.6667342299285288,
Luke Farrell,SF,DEN,TE,DEN@SF,anytime_td,0.04295,2228,0.0,0.0439,C,-,w_td 0.02; team TD 2.97,1.0,
Luke Farrell,SF,DEN,TE,DEN@SF,first_td,0.007636833721833722,12994,0.0,0.0439,C,-,w_td 0.02; team TD 2.97,1.0,
Luke Farrell,SF,DEN,TE,DEN@SF,last_td,0.007636833721833722,12994,0.0,0.0439,C,-,w_td 0.02; team TD 2.97,1.0,
Luke Farrell,SF,DEN,TE,DEN@SF,2plus_td,0.00095,105163,0.0,0.0439,C,-,w_td 0.02; team TD 2.97,1.0,
Jordan James,SF,DEN,RB,DEN@SF,anytime_td,0.0772,1195,0.06975,0.00995,C,-,w_td 0.07; team TD 2.97,1.0,
Jordan James,SF,DEN,RB,DEN@SF,first_td,0.013841495171495171,7125,0.06975,0.00995,C,-,w_td 0.07; team TD 2.97,1.0,
Jordan James,SF,DEN,RB,DEN@SF,last_td,0.013841495171495171,7125,0.06975,0.00995,C,-,w_td 0.07; team TD 2.97,1.0,
Jordan James,SF,DEN,RB,DEN@SF,2plus_td,0.00245,40716,0.06975,0.00995,C,-,w_td 0.07; team TD 2.97,1.0,
Kyle Juszczyk,SF,DEN,RB,DEN@SF,anytime_td,0.14885,572,0.0,0.1587,C,-,tgt_sh 4.6%; team att 31.1; opp DvP 1.02; RZ tgt 2,1.0,
Kyle Juszczyk,SF,DEN,RB,DEN@SF,first_td,0.02760684496059496,3522,0.0,0.1587,C,-,tgt_sh 4.6%; team att 31.1; opp DvP 1.02; RZ tgt 2,1.0,
Kyle Juszczyk,SF,DEN,RB,DEN@SF,last_td,0.02760684496059496,3522,0.0,0.1587,C,-,tgt_sh 4.6%; team att 31.1; opp DvP 1.02; RZ tgt 2,1.0,
Kyle Juszczyk,SF,DEN,RB,DEN@SF,2plus_td,0.00955,10371,0.0,0.1587,C,-,tgt_sh 4.6%; team att 31.1; opp DvP 1.02; RZ tgt 2,1.0,
George Kittle,SF,DEN,TE,DEN@SF,anytime_td,0.41255,142,0.0,0.5212,B,-,tgt_sh 19.5%; team att 31.1; opp DvP 0.94; RZ tgt 5,1.0,
George Kittle,SF,DEN,TE,DEN@SF,first_td,0.09072177170052169,1002,0.0,0.5212,B,-,tgt_sh 19.5%; team att 31.1; opp DvP 0.94; RZ tgt 5,1.0,
George Kittle,SF,DEN,TE,DEN@SF,last_td,0.09072177170052169,1002,0.0,0.5212,B,-,tgt_sh 19.5%; team att 31.1; opp DvP 0.94; RZ tgt 5,1.0,
George Kittle,SF,DEN,TE,DEN@SF,2plus_td,0.09305,975,0.0,0.5212,B,-,tgt_sh 19.5%; team att 31.1; opp DvP 0.94; RZ tgt 5,1.0,
Christian McCaffrey,SF,DEN,RB,DEN@SF,anytime_td,0.6426844649989489,-180,0.5328463317216733,0.44497582509985284,B,no game designation yet (Full),tgt_sh 19.1%; team att 31.1; opp DvP 1.02; RZ tgt 3; car_sh 44.3%; team rush 29.2; opp d_ypc 1.10; inside-10 car 6,0.9508674235277402,
Christian McCaffrey,SF,DEN,RB,DEN@SF,first_td,0.1708037193519115,485,0.5328463317216733,0.44497582509985284,B,no game designation yet (Full),tgt_sh 19.1%; team att 31.1; opp DvP 1.02; RZ tgt 3; car_sh 44.3%; team rush 29.2; opp d_ypc 1.10; inside-10 car 6,0.9508674235277402,
Christian McCaffrey,SF,DEN,RB,DEN@SF,last_td,0.1708037193519115,485,0.5328463317216733,0.44497582509985284,B,no game designation yet (Full),tgt_sh 19.1%; team att 31.1; opp DvP 1.02; RZ tgt 3; car_sh 44.3%; team rush 29.2; opp d_ypc 1.10; inside-10 car 6,0.9508674235277402,
Christian McCaffrey,SF,DEN,RB,DEN@SF,2plus_td,0.2527853689299979,296,0.5328463317216733,0.44497582509985284,B,no game designation yet (Full),tgt_sh 19.1%; team att 31.1; opp DvP 1.02; RZ tgt 3; car_sh 44.3%; team rush 29.2; opp d_ypc 1.10; inside-10 car 6,0.9508674235277402,
Deebo Samuel Sr.,SF,DEN,WR,DEN@SF,anytime_td,0.3293,204,0.02115,0.37095,B,-,tgt_sh 15.1%; team att 31.1; opp DvP 0.95; RZ tgt 3,1.0,
Deebo Samuel Sr.,SF,DEN,WR,DEN@SF,first_td,0.06817488095238096,1367,0.02115,0.37095,B,-,tgt_sh 15.1%; team att 31.1; opp DvP 0.95; RZ tgt 3,1.0,
Deebo Samuel Sr.,SF,DEN,WR,DEN@SF,last_td,0.06817488095238096,1367,0.02115,0.37095,B,-,tgt_sh 15.1%; team att 31.1; opp DvP 0.95; RZ tgt 3,1.0,
Deebo Samuel Sr.,SF,DEN,WR,DEN@SF,2plus_td,0.0566,1667,0.02115,0.37095,B,-,tgt_sh 15.1%; team att 31.1; opp DvP 0.95; RZ tgt 3,1.0,
Jordan Watkins,SF,DEN,WR,DEN@SF,anytime_td,0.08595,1063,0.0,0.0895,C,-,tgt_sh 5.2%; team att 31.1; opp DvP 0.95; RZ tgt 0,1.0,
Jordan Watkins,SF,DEN,WR,DEN@SF,first_td,0.015561785020535021,6326,0.0,0.0895,C,-,tgt_sh 5.2%; team att 31.1; opp DvP 0.95; RZ tgt 0,1.0,
Jordan Watkins,SF,DEN,WR,DEN@SF,last_td,0.015561785020535021,6326,0.0,0.0895,C,-,tgt_sh 5.2%; team att 31.1; opp DvP 0.95; RZ tgt 0,1.0,
Jordan Watkins,SF,DEN,WR,DEN@SF,2plus_td,0.00325,30669,0.0,0.0895,C,-,tgt_sh 5.2%; team att 31.1; opp DvP 0.95; RZ tgt 0,1.0,
Jared Goff,DET,CAR,QB,DET@CAR,anytime_td,0.0634,1477,0.06535,0.0,B,-,team att 33.9; ypa 6.75; opp d_ypa 0.93; pass rate 57.0%,1.0,
Jared Goff,DET,CAR,QB,DET@CAR,first_td,0.011241159118659118,8796,0.06535,0.0,B,-,team att 33.9; ypa 6.75; opp d_ypa 0.93; pass rate 57.0%,1.0,
Jared Goff,DET,CAR,QB,DET@CAR,last_td,0.011241159118659118,8796,0.06535,0.0,B,-,team att 33.9; ypa 6.75; opp d_ypa 0.93; pass rate 57.0%,1.0,
Jared Goff,DET,CAR,QB,DET@CAR,2plus_td,0.00195,51182,0.06535,0.0,B,-,team att 33.9; ypa 6.75; opp d_ypa 0.93; pass rate 57.0%,1.0,
Jahmyr Gibbs,DET,CAR,RB,DET@CAR,anytime_td,0.77385,-342,1.0394,0.3344,B,-,tgt_sh 17.1%; team att 33.9; opp DvP 0.99; RZ tgt 5; car_sh 73.5%; team rush 27.4; opp d_ypc 1.20; inside-10 car 9,1.0,
Jahmyr Gibbs,DET,CAR,RB,DET@CAR,first_td,0.2330846515984016,329,1.0394,0.3344,B,-,tgt_sh 17.1%; team att 33.9; opp DvP 0.99; RZ tgt 5; car_sh 73.5%; team rush 27.4; opp d_ypc 1.20; inside-10 car 9,1.0,
Jahmyr Gibbs,DET,CAR,RB,DET@CAR,last_td,0.2330846515984016,329,1.0394,0.3344,B,-,tgt_sh 17.1%; team att 33.9; opp DvP 0.99; RZ tgt 5; car_sh 73.5%; team rush 27.4; opp d_ypc 1.20; inside-10 car 9,1.0,
Jahmyr Gibbs,DET,CAR,RB,DET@CAR,2plus_td,0.4071,146,1.0394,0.3344,B,-,tgt_sh 17.1%; team att 33.9; opp DvP 0.99; RZ tgt 5; car_sh 73.5%; team rush 27.4; opp d_ypc 1.20; inside-10 car 9,1.0,
Sam LaPorta,DET,CAR,TE,DET@CAR,anytime_td,0.36405,175,0.0,0.44595,B,-,tgt_sh 18.4%; team att 33.9; opp DvP 1.51; RZ tgt 5,1.0,
Sam LaPorta,DET,CAR,TE,DET@CAR,first_td,0.07506553668553669,1232,0.0,0.44595,B,-,tgt_sh 18.4%; team att 33.9; opp DvP 1.51; RZ tgt 5,1.0,
Sam LaPorta,DET,CAR,TE,DET@CAR,last_td,0.07506553668553669,1232,0.0,0.44595,B,-,tgt_sh 18.4%; team att 33.9; opp DvP 1.51; RZ tgt 5,1.0,
Sam LaPorta,DET,CAR,TE,DET@CAR,2plus_td,0.0723,1283,0.0,0.44595,B,-,tgt_sh 18.4%; team att 33.9; opp DvP 1.51; RZ tgt 5,1.0,
Jackson Meeks,DET,CAR,WR,DET@CAR,anytime_td,0.0303,3200,0.0,0.0307,C,-,w_td 0.02; team TD 3.23,1.0,
Jackson Meeks,DET,CAR,WR,DET@CAR,first_td,0.005240928932178932,18981,0.0,0.0307,C,-,w_td 0.02; team TD 3.23,1.0,
Jackson Meeks,DET,CAR,WR,DET@CAR,last_td,0.005240928932178932,18981,0.0,0.0307,C,-,w_td 0.02; team TD 3.23,1.0,
Jackson Meeks,DET,CAR,WR,DET@CAR,2plus_td,0.0004,249900,0.0,0.0307,C,-,w_td 0.02; team TD 3.23,1.0,
Jacob Saylors,DET,CAR,RB,DET@CAR,anytime_td,0.01825,5379,0.0119,0.00655,C,-,w_td 0.01; team TD 3.23,1.0,
Jacob Saylors,DET,CAR,RB,DET@CAR,first_td,0.0030936091686091685,32225,0.0119,0.00655,C,-,w_td 0.01; team TD 3.23,1.0,
Jacob Saylors,DET,CAR,RB,DET@CAR,last_td,0.0030936091686091685,32225,0.0119,0.00655,C,-,w_td 0.01; team TD 3.23,1.0,
Jacob Saylors,DET,CAR,RB,DET@CAR,2plus_td,0.0002,499900,0.0119,0.00655,C,-,w_td 0.01; team TD 3.23,1.0,
Amon-Ra St. Brown,DET,CAR,WR,DET@CAR,anytime_td,0.4666,114,0.0,0.6138,B,-,tgt_sh 29.3%; team att 33.9; opp DvP 1.09; RZ tgt 9,1.0,
Amon-Ra St. Brown,DET,CAR,WR,DET@CAR,first_td,0.1041417841880342,860,0.0,0.6138,B,-,tgt_sh 29.3%; team att 33.9; opp DvP 1.09; RZ tgt 9,1.0,
Amon-Ra St. Brown,DET,CAR,WR,DET@CAR,last_td,0.1041417841880342,860,0.0,0.6138,B,-,tgt_sh 29.3%; team att 33.9; opp DvP 1.09; RZ tgt 9,1.0,
Amon-Ra St. Brown,DET,CAR,WR,DET@CAR,2plus_td,0.1228,714,0.0,0.6138,B,-,tgt_sh 29.3%; team att 33.9; opp DvP 1.09; RZ tgt 9,1.0,
Isaac TeSlaa,DET,CAR,WR,DET@CAR,anytime_td,0.13035,667,0.0,0.1388,C,-,tgt_sh 6.6%; team att 33.9; opp DvP 1.09; RZ tgt 2,1.0,
Isaac TeSlaa,DET,CAR,WR,DET@CAR,first_td,0.02349377442002442,4156,0.0,0.1388,C,-,tgt_sh 6.6%; team att 33.9; opp DvP 1.09; RZ tgt 2,1.0,
Isaac TeSlaa,DET,CAR,WR,DET@CAR,last_td,0.02349377442002442,4156,0.0,0.1388,C,-,tgt_sh 6.6%; team att 33.9; opp DvP 1.09; RZ tgt 2,1.0,
Isaac TeSlaa,DET,CAR,WR,DET@CAR,2plus_td,0.00815,12170,0.0,0.1388,C,-,tgt_sh 6.6%; team att 33.9; opp DvP 1.09; RZ tgt 2,1.0,
Sione Vaki,DET,CAR,RB,DET@CAR,anytime_td,0.177,465,0.15535,0.03735,C,-,car_sh 15.1%; team rush 27.4; opp d_ypc 1.20; inside-10 car 0,1.0,
Sione Vaki,DET,CAR,RB,DET@CAR,first_td,0.033026045204795206,2928,0.15535,0.03735,C,-,car_sh 15.1%; team rush 27.4; opp d_ypc 1.20; inside-10 car 0,1.0,
Sione Vaki,DET,CAR,RB,DET@CAR,last_td,0.033026045204795206,2928,0.15535,0.03735,C,-,car_sh 15.1%; team rush 27.4; opp d_ypc 1.20; inside-10 car 0,1.0,
Sione Vaki,DET,CAR,RB,DET@CAR,2plus_td,0.01505,6545,0.15535,0.03735,C,-,car_sh 15.1%; team rush 27.4; opp d_ypc 1.20; inside-10 car 0,1.0,
Jameson Williams,DET,CAR,WR,DET@CAR,anytime_td,0.21755,360,0.0,0.2398,C,-,tgt_sh 15.9%; team att 33.9; opp DvP 1.09; RZ tgt 1,1.0,
Jameson Williams,DET,CAR,WR,DET@CAR,first_td,0.04046944624819625,2371,0.0,0.2398,C,-,tgt_sh 15.9%; team att 33.9; opp DvP 1.09; RZ tgt 1,1.0,
Jameson Williams,DET,CAR,WR,DET@CAR,last_td,0.04046944624819625,2371,0.0,0.2398,C,-,tgt_sh 15.9%; team att 33.9; opp DvP 1.09; RZ tgt 1,1.0,
Jameson Williams,DET,CAR,WR,DET@CAR,2plus_td,0.0209,4685,0.0,0.2398,C,-,tgt_sh 15.9%; team att 33.9; opp DvP 1.09; RZ tgt 1,1.0,
Brock Wright,DET,CAR,TE,DET@CAR,anytime_td,0.0715,1299,0.0,0.07395,C,-,tgt_sh 4.6%; team att 33.9; opp DvP 1.51; RZ tgt 0,1.0,
Brock Wright,DET,CAR,TE,DET@CAR,first_td,0.012331756715506714,8009,0.0,0.07395,C,-,tgt_sh 4.6%; team att 33.9; opp DvP 1.51; RZ tgt 0,1.0,
Brock Wright,DET,CAR,TE,DET@CAR,last_td,0.012331756715506714,8009,0.0,0.07395,C,-,tgt_sh 4.6%; team att 33.9; opp DvP 1.51; RZ tgt 0,1.0,
Brock Wright,DET,CAR,TE,DET@CAR,2plus_td,0.0024,41567,0.0,0.07395,C,-,tgt_sh 4.6%; team att 33.9; opp DvP 1.51; RZ tgt 0,1.0,
Bryce Young,CAR,DET,QB,DET@CAR,anytime_td,0.0843582546568002,1085,0.08905332993110487,0.0,B,no game designation yet (Full),team att 38.1; ypa 7.75; opp d_ypa 1.06; pass rate 63.7%,0.98,
Bryce Young,CAR,DET,QB,DET@CAR,first_td,0.014835078306627171,6641,0.08905332993110487,0.0,B,no game designation yet (Full),team att 38.1; ypa 7.75; opp d_ypa 1.06; pass rate 63.7%,0.98,
Bryce Young,CAR,DET,QB,DET@CAR,last_td,0.014835078306627171,6641,0.08905332993110487,0.0,B,no game designation yet (Full),team att 38.1; ypa 7.75; opp d_ypa 1.06; pass rate 63.7%,0.98,
Bryce Young,CAR,DET,QB,DET@CAR,2plus_td,0.004644041847410053,21433,0.08905332993110487,0.0,B,no game designation yet (Full),team att 38.1; ypa 7.75; opp d_ypa 1.06; pass rate 63.7%,0.98,
Jalen Coker,CAR,DET,WR,DET@CAR,anytime_td,0.31168927985686595,221,0.0,0.36693007305799913,B,Questionable (Limited),tgt_sh 15.6%; team att 38.1; opp DvP 0.90; RZ tgt 5,0.6667342299285288,
Jalen Coker,CAR,DET,WR,DET@CAR,first_td,0.06104220523111235,1538,0.0,0.36693007305799913,B,Questionable (Limited),tgt_sh 15.6%; team att 38.1; opp DvP 0.90; RZ tgt 5,0.6667342299285288,
Jalen Coker,CAR,DET,WR,DET@CAR,last_td,0.06104220523111235,1538,0.0,0.36693007305799913,B,Questionable (Limited),tgt_sh 15.6%; team att 38.1; opp DvP 0.90; RZ tgt 5,0.6667342299285288,
Jalen Coker,CAR,DET,WR,DET@CAR,2plus_td,0.05046965856567765,1881,0.0,0.36693007305799913,B,Questionable (Limited),tgt_sh 15.6%; team att 38.1; opp DvP 0.90; RZ tgt 5,0.6667342299285288,
AJ Dillon,CAR,DET,RB,DET@CAR,anytime_td,0.1147,772,0.10645,0.0161,C,-,car_sh 13.1%; team rush 23.5; opp d_ypc 1.02; inside-10 car 0,1.0,
AJ Dillon,CAR,DET,RB,DET@CAR,first_td,0.02054385087135087,4768,0.10645,0.0161,C,-,car_sh 13.1%; team rush 23.5; opp d_ypc 1.02; inside-10 car 0,1.0,
AJ Dillon,CAR,DET,RB,DET@CAR,last_td,0.02054385087135087,4768,0.10645,0.0161,C,-,car_sh 13.1%; team rush 23.5; opp d_ypc 1.02; inside-10 car 0,1.0,
AJ Dillon,CAR,DET,RB,DET@CAR,2plus_td,0.0073,13599,0.10645,0.0161,C,-,car_sh 13.1%; team rush 23.5; opp d_ypc 1.02; inside-10 car 0,1.0,
Mitchell Evans,CAR,DET,TE,DET@CAR,anytime_td,0.1255,697,0.0,0.1337,C,-,tgt_sh 4.1%; team att 38.1; opp DvP 1.00; RZ tgt 2,1.0,
Mitchell Evans,CAR,DET,TE,DET@CAR,first_td,0.02209824675324675,4425,0.0,0.1337,C,-,tgt_sh 4.1%; team att 38.1; opp DvP 1.00; RZ tgt 2,1.0,
Mitchell Evans,CAR,DET,TE,DET@CAR,last_td,0.02209824675324675,4425,0.0,0.1337,C,-,tgt_sh 4.1%; team att 38.1; opp DvP 1.00; RZ tgt 2,1.0,
Mitchell Evans,CAR,DET,TE,DET@CAR,2plus_td,0.0078,12721,0.0,0.1337,C,-,tgt_sh 4.1%; team att 38.1; opp DvP 1.00; RZ tgt 2,1.0,
Jimmy Horn Jr.,CAR,DET,WR,DET@CAR,anytime_td,0.0474,2010,0.0,0.0486,C,-,tgt_sh 3.3%; team att 38.1; opp DvP 0.90; RZ tgt 0,1.0,
Jimmy Horn Jr.,CAR,DET,WR,DET@CAR,first_td,0.008153083721833723,12165,0.0,0.0486,C,-,tgt_sh 3.3%; team att 38.1; opp DvP 0.90; RZ tgt 0,1.0,
Jimmy Horn Jr.,CAR,DET,WR,DET@CAR,last_td,0.008153083721833723,12165,0.0,0.0486,C,-,tgt_sh 3.3%; team att 38.1; opp DvP 0.90; RZ tgt 0,1.0,
Jimmy Horn Jr.,CAR,DET,WR,DET@CAR,2plus_td,0.0012,83233,0.0,0.0486,C,-,tgt_sh 3.3%; team att 38.1; opp DvP 0.90; RZ tgt 0,1.0,
Chuba Hubbard,CAR,DET,RB,DET@CAR,anytime_td,0.5097049076850244,-104,0.4953448003787281,0.18983746252169797,B,no game designation yet (Full),tgt_sh 6.9%; team att 38.1; opp DvP 1.18; RZ tgt 2; car_sh 48.0%; team rush 23.5; opp d_ypc 1.02; inside-10 car 5,0.9508674235277402,
Chuba Hubbard,CAR,DET,RB,DET@CAR,first_td,0.11490141632953688,770,0.4953448003787281,0.18983746252169797,B,no game designation yet (Full),tgt_sh 6.9%; team att 38.1; opp DvP 1.18; RZ tgt 2; car_sh 48.0%; team rush 23.5; opp d_ypc 1.02; inside-10 car 5,0.9508674235277402,
Chuba Hubbard,CAR,DET,RB,DET@CAR,last_td,0.11490141632953688,770,0.4953448003787281,0.18983746252169797,B,no game designation yet (Full),tgt_sh 6.9%; team att 38.1; opp DvP 1.18; RZ tgt 2; car_sh 48.0%; team rush 23.5; opp d_ypc 1.02; inside-10 car 5,0.9508674235277402,
Chuba Hubbard,CAR,DET,RB,DET@CAR,2plus_td,0.14559991583819895,587,0.4953448003787281,0.18983746252169797,B,no game designation yet (Full),tgt_sh 6.9%; team att 38.1; opp DvP 1.18; RZ tgt 2; car_sh 48.0%; team rush 23.5; opp d_ypc 1.02; inside-10 car 5,0.9508674235277402,
Tetairoa McMillan,CAR,DET,WR,DET@CAR,anytime_td,0.38025,163,0.0,0.47265,B,-,tgt_sh 20.8%; team att 38.1; opp DvP 0.90; RZ tgt 5,1.0,
Tetairoa McMillan,CAR,DET,WR,DET@CAR,first_td,0.07787193487068486,1184,0.0,0.47265,B,-,tgt_sh 20.8%; team att 38.1; opp DvP 0.90; RZ tgt 5,1.0,
Tetairoa McMillan,CAR,DET,WR,DET@CAR,last_td,0.07787193487068486,1184,0.0,0.47265,B,-,tgt_sh 20.8%; team att 38.1; opp DvP 0.90; RZ tgt 5,1.0,
Tetairoa McMillan,CAR,DET,WR,DET@CAR,2plus_td,0.08055,1141,0.0,0.47265,B,-,tgt_sh 20.8%; team att 38.1; opp DvP 0.90; RZ tgt 5,1.0,
John Metchie III,CAR,DET,WR,DET@CAR,anytime_td,0.11335,782,0.0,0.11975,C,-,tgt_sh 6.0%; team att 38.1; opp DvP 0.90; RZ tgt 1,1.0,
John Metchie III,CAR,DET,WR,DET@CAR,first_td,0.02002755008880009,4893,0.0,0.11975,C,-,tgt_sh 6.0%; team att 38.1; opp DvP 0.90; RZ tgt 1,1.0,
John Metchie III,CAR,DET,WR,DET@CAR,last_td,0.02002755008880009,4893,0.0,0.11975,C,-,tgt_sh 6.0%; team att 38.1; opp DvP 0.90; RZ tgt 1,1.0,
John Metchie III,CAR,DET,WR,DET@CAR,2plus_td,0.0064,15525,0.0,0.11975,C,-,tgt_sh 6.0%; team att 38.1; opp DvP 0.90; RZ tgt 1,1.0,
David Moore,CAR,DET,WR,DET@CAR,anytime_td,0.0391,2458,0.0,0.03965,C,-,w_td 0.02; team TD 2.49,1.0,
David Moore,CAR,DET,WR,DET@CAR,first_td,0.006607540237540238,15034,0.0,0.03965,C,-,w_td 0.02; team TD 2.49,1.0,
David Moore,CAR,DET,WR,DET@CAR,last_td,0.006607540237540238,15034,0.0,0.03965,C,-,w_td 0.02; team TD 2.49,1.0,
David Moore,CAR,DET,WR,DET@CAR,2plus_td,0.00055,181718,0.0,0.03965,C,-,w_td 0.02; team TD 2.49,1.0,
Brycen Tremayne,CAR,DET,WR,DET@CAR,anytime_td,0.05025,1890,0.0,0.0513,C,-,tgt_sh 3.2%; team att 38.1; opp DvP 0.90; RZ tgt 0,1.0,
Brycen Tremayne,CAR,DET,WR,DET@CAR,first_td,0.00862675616050616,11492,0.0,0.0513,C,-,tgt_sh 3.2%; team att 38.1; opp DvP 0.90; RZ tgt 0,1.0,
Brycen Tremayne,CAR,DET,WR,DET@CAR,last_td,0.00862675616050616,11492,0.0,0.0513,C,-,tgt_sh 3.2%; team att 38.1; opp DvP 0.90; RZ tgt 0,1.0,
Brycen Tremayne,CAR,DET,WR,DET@CAR,2plus_td,0.00105,95138,0.0,0.0513,C,-,tgt_sh 3.2%; team att 38.1; opp DvP 0.90; RZ tgt 0,1.0,
Tommy Tremble,CAR,DET,TE,DET@CAR,anytime_td,0.17325,477,0.0,0.18815,C,-,tgt_sh 9.8%; team att 38.1; opp DvP 1.00; RZ tgt 1,1.0,
Tommy Tremble,CAR,DET,TE,DET@CAR,first_td,0.03143603188478188,3081,0.0,0.18815,C,-,tgt_sh 9.8%; team att 38.1; opp DvP 1.00; RZ tgt 1,1.0,
Tommy Tremble,CAR,DET,TE,DET@CAR,last_td,0.03143603188478188,3081,0.0,0.18815,C,-,tgt_sh 9.8%; team att 38.1; opp DvP 1.00; RZ tgt 1,1.0,
Tommy Tremble,CAR,DET,TE,DET@CAR,2plus_td,0.01385,7120,0.0,0.18815,C,-,tgt_sh 9.8%; team att 38.1; opp DvP 1.00; RZ tgt 1,1.0,
Darren Waller,CAR,DET,TE,DET@CAR,anytime_td,0.2452252822623193,308,0.0,0.2785164081460378,C,no game designation yet (Full),tgt_sh 13.3%; team att 38.1; opp DvP 1.00; RZ tgt 2,0.9479829842591244,
Darren Waller,CAR,DET,TE,DET@CAR,first_td,0.04681176411549947,2036,0.0,0.2785164081460378,C,no game designation yet (Full),tgt_sh 13.3%; team att 38.1; opp DvP 1.00; RZ tgt 2,0.9479829842591244,
Darren Waller,CAR,DET,TE,DET@CAR,last_td,0.04681176411549947,2036,0.0,0.2785164081460378,C,no game designation yet (Full),tgt_sh 13.3%; team att 38.1; opp DvP 1.00; RZ tgt 2,0.9479829842591244,
Darren Waller,CAR,DET,TE,DET@CAR,2plus_td,0.030864197530864196,3140,0.0,0.2785164081460378,C,no game designation yet (Full),tgt_sh 13.3%; team att 38.1; opp DvP 1.00; RZ tgt 2,0.9479829842591244,
Michael Penix Jr.,ATL,NO,QB,ATL@NO,anytime_td,0.0487,1953,0.04975,0.0,C,-,team att 28.4; ypa 6.85; opp d_ypa 0.97; pass rate 49.2%,1.0,
Michael Penix Jr.,ATL,NO,QB,ATL@NO,first_td,0.009119779942279941,10865,0.04975,0.0,C,-,team att 28.4; ypa 6.85; opp d_ypa 0.97; pass rate 49.2%,1.0,
Michael Penix Jr.,ATL,NO,QB,ATL@NO,last_td,0.009119779942279941,10865,0.04975,0.0,C,-,team att 28.4; ypa 6.85; opp d_ypa 0.97; pass rate 49.2%,1.0,
Michael Penix Jr.,ATL,NO,QB,ATL@NO,2plus_td,0.00105,95138,0.04975,0.0,C,-,team att 28.4; ypa 6.85; opp d_ypa 0.97; pass rate 49.2%,1.0,
Chris Blair,ATL,NO,WR,ATL@NO,anytime_td,0.04005,2397,0.0,0.04085,C,-,w_td 0.03; team TD 2.46,1.0,
Chris Blair,ATL,NO,WR,ATL@NO,first_td,0.007411405122655122,13393,0.0,0.04085,C,-,w_td 0.03; team TD 2.46,1.0,
Chris Blair,ATL,NO,WR,ATL@NO,last_td,0.007411405122655122,13393,0.0,0.04085,C,-,w_td 0.03; team TD 2.46,1.0,
Chris Blair,ATL,NO,WR,ATL@NO,2plus_td,0.0008,124900,0.0,0.04085,C,-,w_td 0.03; team TD 2.46,1.0,
Zachariah Branch,ATL,NO,WR,ATL@NO,anytime_td,0.0558,1692,0.0,0.05685,C,-,w_td 0.04; team TD 2.46,1.0,
Zachariah Branch,ATL,NO,WR,ATL@NO,first_td,0.010341793484293484,9570,0.0,0.05685,C,-,w_td 0.04; team TD 2.46,1.0,
Zachariah Branch,ATL,NO,WR,ATL@NO,last_td,0.010341793484293484,9570,0.0,0.05685,C,-,w_td 0.04; team TD 2.46,1.0,
Zachariah Branch,ATL,NO,WR,ATL@NO,2plus_td,0.001,99900,0.0,0.05685,C,-,w_td 0.04; team TD 2.46,1.0,
Jahan Dotson,ATL,NO,WR,ATL@NO,anytime_td,0.15295,554,0.0,0.16435,C,-,tgt_sh 11.5%; team att 28.4; opp DvP 1.08; RZ tgt 0,1.0,
Jahan Dotson,ATL,NO,WR,ATL@NO,first_td,0.030200449134199128,3211,0.0,0.16435,C,-,tgt_sh 11.5%; team att 28.4; opp DvP 1.08; RZ tgt 0,1.0,
Jahan Dotson,ATL,NO,WR,ATL@NO,last_td,0.030200449134199128,3211,0.0,0.16435,C,-,tgt_sh 11.5%; team att 28.4; opp DvP 1.08; RZ tgt 0,1.0,
Jahan Dotson,ATL,NO,WR,ATL@NO,2plus_td,0.01095,9032,0.0,0.16435,C,-,tgt_sh 11.5%; team att 28.4; opp DvP 1.08; RZ tgt 0,1.0,
Austin Hooper,ATL,NO,TE,ATL@NO,anytime_td,0.1461,584,0.0,0.1565,C,-,tgt_sh 5.9%; team att 28.4; opp DvP 1.08; RZ tgt 1,1.0,
Austin Hooper,ATL,NO,TE,ATL@NO,first_td,0.02910951048951049,3335,0.0,0.1565,C,-,tgt_sh 5.9%; team att 28.4; opp DvP 1.08; RZ tgt 1,1.0,
Austin Hooper,ATL,NO,TE,ATL@NO,last_td,0.02910951048951049,3335,0.0,0.1565,C,-,tgt_sh 5.9%; team att 28.4; opp DvP 1.08; RZ tgt 1,1.0,
Austin Hooper,ATL,NO,TE,ATL@NO,2plus_td,0.01005,9850,0.0,0.1565,C,-,tgt_sh 5.9%; team att 28.4; opp DvP 1.08; RZ tgt 1,1.0,
Drake London,ATL,NO,WR,ATL@NO,anytime_td,0.31515,217,0.00855,0.3608,B,-,tgt_sh 26.1%; team att 28.4; opp DvP 1.08; RZ tgt 0,1.0,
Drake London,ATL,NO,WR,ATL@NO,first_td,0.06786484362859363,1374,0.00855,0.3608,B,-,tgt_sh 26.1%; team att 28.4; opp DvP 1.08; RZ tgt 0,1.0,
Drake London,ATL,NO,WR,ATL@NO,last_td,0.06786484362859363,1374,0.00855,0.3608,B,-,tgt_sh 26.1%; team att 28.4; opp DvP 1.08; RZ tgt 0,1.0,
Drake London,ATL,NO,WR,ATL@NO,2plus_td,0.0494,1924,0.00855,0.3608,B,-,tgt_sh 26.1%; team att 28.4; opp DvP 1.08; RZ tgt 0,1.0,
Kyle Pitts,ATL,NO,TE,ATL@NO,anytime_td,0.18695,435,0.0,0.2052,C,-,tgt_sh 14.6%; team att 28.4; opp DvP 1.08; RZ tgt 0,1.0,
Kyle Pitts,ATL,NO,TE,ATL@NO,first_td,0.03717741744366745,2590,0.0,0.2052,C,-,tgt_sh 14.6%; team att 28.4; opp DvP 1.08; RZ tgt 0,1.0,
Kyle Pitts,ATL,NO,TE,ATL@NO,last_td,0.03717741744366745,2590,0.0,0.2052,C,-,tgt_sh 14.6%; team att 28.4; opp DvP 1.08; RZ tgt 0,1.0,
Kyle Pitts,ATL,NO,TE,ATL@NO,2plus_td,0.0173,5680,0.0,0.2052,C,-,tgt_sh 14.6%; team att 28.4; opp DvP 1.08; RZ tgt 0,1.0,
Bijan Robinson,ATL,NO,RB,ATL@NO,anytime_td,0.60485,-153,0.63005,0.25515,B,-,tgt_sh 20.3%; team att 28.4; opp DvP 0.86; RZ tgt 0; car_sh 53.1%; team rush 31.7; opp d_ypc 1.06; inside-10 car 7,1.0,
Bijan Robinson,ATL,NO,RB,ATL@NO,first_td,0.16333149295149293,512,0.63005,0.25515,B,-,tgt_sh 20.3%; team att 28.4; opp DvP 0.86; RZ tgt 0; car_sh 53.1%; team rush 31.7; opp d_ypc 1.06; inside-10 car 7,1.0,
Bijan Robinson,ATL,NO,RB,ATL@NO,last_td,0.16333149295149293,512,0.63005,0.25515,B,-,tgt_sh 20.3%; team att 28.4; opp DvP 0.86; RZ tgt 0; car_sh 53.1%; team rush 31.7; opp d_ypc 1.06; inside-10 car 7,1.0,
Bijan Robinson,ATL,NO,RB,ATL@NO,2plus_td,0.2211,352,0.63005,0.25515,B,-,tgt_sh 20.3%; team att 28.4; opp DvP 0.86; RZ tgt 0; car_sh 53.1%; team rush 31.7; opp d_ypc 1.06; inside-10 car 7,1.0,
Brian Robinson,ATL,NO,RB,ATL@NO,anytime_td,0.2203,354,0.2199,0.0261,B,-,car_sh 23.4%; team rush 31.7; opp d_ypc 1.06; inside-10 car 1,1.0,
Brian Robinson,ATL,NO,RB,ATL@NO,first_td,0.04556518509268509,2095,0.2199,0.0261,B,-,car_sh 23.4%; team rush 31.7; opp d_ypc 1.06; inside-10 car 1,1.0,
Brian Robinson,ATL,NO,RB,ATL@NO,last_td,0.04556518509268509,2095,0.2199,0.0261,B,-,car_sh 23.4%; team rush 31.7; opp d_ypc 1.06; inside-10 car 1,1.0,
Brian Robinson,ATL,NO,RB,ATL@NO,2plus_td,0.0238,4102,0.2199,0.0261,B,-,car_sh 23.4%; team rush 31.7; opp d_ypc 1.06; inside-10 car 1,1.0,
Charlie Woerner,ATL,NO,TE,ATL@NO,anytime_td,0.0197,4976,0.0,0.01995,C,-,w_td 0.02; team TD 2.46,1.0,
Charlie Woerner,ATL,NO,TE,ATL@NO,first_td,0.00369210372960373,26985,0.0,0.01995,C,-,w_td 0.02; team TD 2.46,1.0,
Charlie Woerner,ATL,NO,TE,ATL@NO,last_td,0.00369210372960373,26985,0.0,0.01995,C,-,w_td 0.02; team TD 2.46,1.0,
Charlie Woerner,ATL,NO,TE,ATL@NO,2plus_td,0.00025,399900,0.0,0.01995,C,-,w_td 0.02; team TD 2.46,1.0,
Olamide Zaccheaus,ATL,NO,WR,ATL@NO,anytime_td,0.1257,696,0.0,0.1334,C,-,tgt_sh 9.4%; team att 28.4; opp DvP 1.08; RZ tgt 0,1.0,
Olamide Zaccheaus,ATL,NO,WR,ATL@NO,first_td,0.024152061688311688,4040,0.0,0.1334,C,-,tgt_sh 9.4%; team att 28.4; opp DvP 1.08; RZ tgt 0,1.0,
Olamide Zaccheaus,ATL,NO,WR,ATL@NO,last_td,0.024152061688311688,4040,0.0,0.1334,C,-,tgt_sh 9.4%; team att 28.4; opp DvP 1.08; RZ tgt 0,1.0,
Olamide Zaccheaus,ATL,NO,WR,ATL@NO,2plus_td,0.0076,13058,0.0,0.1334,C,-,tgt_sh 9.4%; team att 28.4; opp DvP 1.08; RZ tgt 0,1.0,
Tyler Shough,NO,ATL,QB,ATL@NO,anytime_td,0.1324,655,0.1412,0.0,B,-,team att 37.4; ypa 6.65; opp d_ypa 0.94; pass rate 61.5%,1.0,
Tyler Shough,NO,ATL,QB,ATL@NO,first_td,0.026371195054945052,3692,0.1412,0.0,B,-,team att 37.4; ypa 6.65; opp d_ypa 0.94; pass rate 61.5%,1.0,
Tyler Shough,NO,ATL,QB,ATL@NO,last_td,0.026371195054945052,3692,0.1412,0.0,B,-,team att 37.4; ypa 6.65; opp d_ypa 0.94; pass rate 61.5%,1.0,
Tyler Shough,NO,ATL,QB,ATL@NO,2plus_td,0.0084,11805,0.1412,0.0,B,-,team att 37.4; ypa 6.65; opp d_ypa 0.94; pass rate 61.5%,1.0,
Kevin Austin Jr.,NO,ATL,WR,ATL@NO,anytime_td,0.07235,1282,0.0,0.07455,C,-,tgt_sh 4.4%; team att 37.4; opp DvP 0.96; RZ tgt 0,1.0,
Kevin Austin Jr.,NO,ATL,WR,ATL@NO,first_td,0.013848712676212677,7121,0.0,0.07455,C,-,tgt_sh 4.4%; team att 37.4; opp DvP 0.96; RZ tgt 0,1.0,
Kevin Austin Jr.,NO,ATL,WR,ATL@NO,last_td,0.013848712676212677,7121,0.0,0.07455,C,-,tgt_sh 4.4%; team att 37.4; opp DvP 0.96; RZ tgt 0,1.0,
Kevin Austin Jr.,NO,ATL,WR,ATL@NO,2plus_td,0.0021,47519,0.0,0.07455,C,-,tgt_sh 4.4%; team att 37.4; opp DvP 0.96; RZ tgt 0,1.0,
Barion Brown,NO,ATL,WR,ATL@NO,anytime_td,0.02238100241672796,4368,0.0069349584953241564,0.01581380687191342,C,no game designation yet (Full),w_td 0.01; team TD 2.73,0.9479829842591244,
Barion Brown,NO,ATL,WR,ATL@NO,first_td,0.00426270124047785,23359,0.0069349584953241564,0.01581380687191342,C,no game designation yet (Full),w_td 0.01; team TD 2.73,0.9479829842591244,
Barion Brown,NO,ATL,WR,ATL@NO,last_td,0.00426270124047785,23359,0.0069349584953241564,0.01581380687191342,C,no game designation yet (Full),w_td 0.01; team TD 2.73,0.9479829842591244,
Barion Brown,NO,ATL,WR,ATL@NO,2plus_td,0.00036776295050961437,271814,0.0069349584953241564,0.01581380687191342,C,no game designation yet (Full),w_td 0.01; team TD 2.73,0.9479829842591244,
Oscar Delp,NO,ATL,TE,ATL@NO,anytime_td,0.03005,3228,0.0,0.03085,C,-,w_td 0.02; team TD 2.73,1.0,
Oscar Delp,NO,ATL,TE,ATL@NO,first_td,0.005395195915195914,18435,0.0,0.03085,C,-,w_td 0.02; team TD 2.73,1.0,
Oscar Delp,NO,ATL,TE,ATL@NO,last_td,0.005395195915195914,18435,0.0,0.03085,C,-,w_td 0.02; team TD 2.73,1.0,
Oscar Delp,NO,ATL,TE,ATL@NO,2plus_td,0.0008,124900,0.0,0.03085,C,-,w_td 0.02; team TD 2.73,1.0,
CJ Donaldson,NO,ATL,RB,ATL@NO,anytime_td,0.082,1120,0.06125,0.0236,C,-,w_td 0.07; team TD 2.73,1.0,
CJ Donaldson,NO,ATL,RB,ATL@NO,first_td,0.015843535353535353,6212,0.06125,0.0236,C,-,w_td 0.07; team TD 2.73,1.0,
CJ Donaldson,NO,ATL,RB,ATL@NO,last_td,0.015843535353535353,6212,0.06125,0.0236,C,-,w_td 0.07; team TD 2.73,1.0,
CJ Donaldson,NO,ATL,RB,ATL@NO,2plus_td,0.00265,37636,0.06125,0.0236,C,-,w_td 0.07; team TD 2.73,1.0,
Noah Fant,NO,ATL,TE,ATL@NO,anytime_td,0.20969914683430624,377,0.0,0.23432120939979045,C,Questionable (Limited),tgt_sh 7.1%; team att 37.4; opp DvP 1.19; RZ tgt 3,0.6667342299285288,
Noah Fant,NO,ATL,TE,ATL@NO,first_td,0.04340570101122413,2204,0.0,0.23432120939979045,C,Questionable (Limited),tgt_sh 7.1%; team att 37.4; opp DvP 1.19; RZ tgt 3,0.6667342299285288,
Noah Fant,NO,ATL,TE,ATL@NO,last_td,0.04340570101122413,2204,0.0,0.23432120939979045,C,Questionable (Limited),tgt_sh 7.1%; team att 37.4; opp DvP 1.19; RZ tgt 3,0.6667342299285288,
Noah Fant,NO,ATL,TE,ATL@NO,2plus_td,0.022676246070947464,4310,0.0,0.23432120939979045,C,Questionable (Limited),tgt_sh 7.1%; team att 37.4; opp DvP 1.19; RZ tgt 3,0.6667342299285288,
Juwan Johnson,NO,ATL,TE,ATL@NO,anytime_td,0.42625,135,0.0,0.54,B,-,tgt_sh 17.0%; team att 37.4; opp DvP 1.19; RZ tgt 6,1.0,
Juwan Johnson,NO,ATL,TE,ATL@NO,first_td,0.09909828144078144,909,0.0,0.54,B,-,tgt_sh 17.0%; team att 37.4; opp DvP 1.19; RZ tgt 6,1.0,
Juwan Johnson,NO,ATL,TE,ATL@NO,last_td,0.09909828144078144,909,0.0,0.54,B,-,tgt_sh 17.0%; team att 37.4; opp DvP 1.19; RZ tgt 6,1.0,
Juwan Johnson,NO,ATL,TE,ATL@NO,2plus_td,0.09815,919,0.0,0.54,B,-,tgt_sh 17.0%; team att 37.4; opp DvP 1.19; RZ tgt 6,1.0,
Alvin Kamara,NO,ATL,RB,ATL@NO,anytime_td,0.36475,174,0.22275,0.2188,B,-,tgt_sh 10.3%; team att 37.4; opp DvP 1.11; RZ tgt 1; car_sh 26.3%; team rush 24.8; opp d_ypc 0.87; inside-10 car 0,1.0,
Alvin Kamara,NO,ATL,RB,ATL@NO,first_td,0.08192030344655345,1121,0.22275,0.2188,B,-,tgt_sh 10.3%; team att 37.4; opp DvP 1.11; RZ tgt 1; car_sh 26.3%; team rush 24.8; opp d_ypc 0.87; inside-10 car 0,1.0,
Alvin Kamara,NO,ATL,RB,ATL@NO,last_td,0.08192030344655345,1121,0.22275,0.2188,B,-,tgt_sh 10.3%; team att 37.4; opp DvP 1.11; RZ tgt 1; car_sh 26.3%; team rush 24.8; opp d_ypc 0.87; inside-10 car 0,1.0,
Alvin Kamara,NO,ATL,RB,ATL@NO,2plus_td,0.068,1371,0.22275,0.2188,B,-,tgt_sh 10.3%; team att 37.4; opp DvP 1.11; RZ tgt 1; car_sh 26.3%; team rush 24.8; opp d_ypc 0.87; inside-10 car 0,1.0,
Bryce Lance,NO,ATL,WR,ATL@NO,anytime_td,0.07335,1263,0.0,0.0758,C,-,tgt_sh 4.5%; team att 37.4; opp DvP 0.96; RZ tgt 0,1.0,
Bryce Lance,NO,ATL,WR,ATL@NO,first_td,0.014141971500721502,6971,0.0,0.0758,C,-,tgt_sh 4.5%; team att 37.4; opp DvP 0.96; RZ tgt 0,1.0,
Bryce Lance,NO,ATL,WR,ATL@NO,last_td,0.014141971500721502,6971,0.0,0.0758,C,-,tgt_sh 4.5%; team att 37.4; opp DvP 0.96; RZ tgt 0,1.0,
Bryce Lance,NO,ATL,WR,ATL@NO,2plus_td,0.0024,41567,0.0,0.0758,C,-,tgt_sh 4.5%; team att 37.4; opp DvP 0.96; RZ tgt 0,1.0,
Kendre Miller,NO,ATL,RB,ATL@NO,anytime_td,0.21875,357,0.1993,0.0457,C,-,tgt_sh 2.6%; team att 37.4; opp DvP 1.11; RZ tgt 0; car_sh 17.3%; team rush 24.8; opp d_ypc 0.87; inside-10 car 2,1.0,
Kendre Miller,NO,ATL,RB,ATL@NO,first_td,0.045256938894438895,2110,0.1993,0.0457,C,-,tgt_sh 2.6%; team att 37.4; opp DvP 1.11; RZ tgt 0; car_sh 17.3%; team rush 24.8; opp d_ypc 0.87; inside-10 car 2,1.0,
Kendre Miller,NO,ATL,RB,ATL@NO,last_td,0.045256938894438895,2110,0.1993,0.0457,C,-,tgt_sh 2.6%; team att 37.4; opp DvP 1.11; RZ tgt 0; car_sh 17.3%; team rush 24.8; opp d_ypc 0.87; inside-10 car 2,1.0,
Kendre Miller,NO,ATL,RB,ATL@NO,2plus_td,0.0242,4032,0.1993,0.0457,C,-,tgt_sh 2.6%; team att 37.4; opp DvP 1.11; RZ tgt 0; car_sh 17.3%; team rush 24.8; opp d_ypc 0.87; inside-10 car 2,1.0,
Chris Olave,NO,ATL,WR,ATL@NO,anytime_td,0.44615,124,0.0,0.5747,B,-,tgt_sh 26.6%; team att 37.4; opp DvP 0.96; RZ tgt 4,1.0,
Chris Olave,NO,ATL,WR,ATL@NO,first_td,0.10579368617493619,845,0.0,0.5747,B,-,tgt_sh 26.6%; team att 37.4; opp DvP 0.96; RZ tgt 4,1.0,
Chris Olave,NO,ATL,WR,ATL@NO,last_td,0.10579368617493619,845,0.0,0.5747,B,-,tgt_sh 26.6%; team att 37.4; opp DvP 0.96; RZ tgt 4,1.0,
Chris Olave,NO,ATL,WR,ATL@NO,2plus_td,0.1115,797,0.0,0.5747,B,-,tgt_sh 26.6%; team att 37.4; opp DvP 0.96; RZ tgt 4,1.0,
Devaughn Vele,NO,ATL,WR,ATL@NO,anytime_td,0.27115,269,0.0,0.3118,B,-,tgt_sh 13.0%; team att 37.4; opp DvP 0.96; RZ tgt 3,1.0,
Devaughn Vele,NO,ATL,WR,ATL@NO,first_td,0.05727905649905649,1646,0.0,0.3118,B,-,tgt_sh 13.0%; team att 37.4; opp DvP 0.96; RZ tgt 3,1.0,
Devaughn Vele,NO,ATL,WR,ATL@NO,last_td,0.05727905649905649,1646,0.0,0.3118,B,-,tgt_sh 13.0%; team att 37.4; opp DvP 0.96; RZ tgt 3,1.0,
Devaughn Vele,NO,ATL,WR,ATL@NO,2plus_td,0.0372,2588,0.0,0.3118,B,-,tgt_sh 13.0%; team att 37.4; opp DvP 0.96; RZ tgt 3,1.0,
